영업장주변구분명,건물소유구분명,사업장명,업태구분명,폐업일자,좌표X,좌표Y,데이터갱신시점,데이터갱신구분,상세영업상태코드,상세영업상태명,시설총규모,공장사무직직원수,공장생산직직원수,공장판매직직원수,여성종사자수,등급구분명,보증액,본사직원수,홈페이지,최종수정시점,인허가일자,소재지면적,소재지우편번호,지번주소,다중이용업소여부,남성종사자수,관리번호,월세액,개방자치단체코드,도로명주소,도로명우편번호,영업상태구분코드,영업상태명,위생업태명,소재지전화번호,전통업소지정번호,전통업소주된음식,급수시설구분명
,,(주)아워홈 GS건설종로점,위탁급식영업,2025-12-30,198286.311784052,452091.444332546,2026-05-06 22:43:40,I,02,폐업,2256.2,,,,,,,,,2025-12-30 12:01:41,2013-12-31,"2,256.20",110-130,서울특별시 종로구 청진동 92 GS그랑서울 지하2층,N,,3000000-120-2013-00015,,3000000,"서울특별시 종로구 종로 33, 지하2층 (청진동, GS그랑서울)",03159,03,폐업,위탁급식영업,02-728-1022,,,
,,(주)동원홈푸드 보령,위탁급식영업,2025-12-26,199749.709303956,452471.681673191,2026-05-06 22:43:41,I,02,폐업,474.61,,,,,,,,,2025-12-26 15:01:19,2014-10-02,474.61,110-450,서울특별시 종로구 원남동 66-21,N,,3000000-120-2014-00007,,3000000,"서울특별시 종로구 창경궁로 136, 지하2층 (원남동)",03127,03,폐업,위탁급식영업,02-589-6200,,,
,,도반한방병원 씨제이프레시웨이,위탁급식영업,2026-01-23,197539.970819724,452504.064126045,2026-05-06 22:43:44,I,02,폐업,469.79,,,,,,,,,2026-01-27 13:39:15,2022-12-15,469.79,110-053,서울특별시 종로구 내자동 219 포레스트 빌딩,N,,3000000-120-2022-00011,,3000000,"서울특별시 종로구 새문안로5가길 33, 포레스트 빌딩 13,14층 (내자동)",03170,03,폐업,위탁급식영업,,,,
,,(주)한울에프앤에스 서울지방국세청,위탁급식영업,2025-12-31,198152.261728844,452419.865978696,2026-05-06 22:43:44,I,02,폐업,729.98,,,,,,,,,2025-12-31 15:46:44,2023-01-02,729.98,110-705,서울특별시 종로구 수송동 104 서울지방국세청,N,,3000000-120-2023-00001,,3000000,"서울특별시 종로구 종로5길 86, 서울지방국세청 15층 (수송동)",03151,03,폐업,위탁급식영업,,,,
,,휴먼푸드서비스 나인트리호텔인사점,위탁급식영업,2025-12-31,198498.918632911,452473.403750001,2026-05-06 22:43:45,I,02,폐업,130.35,,,,,,,,,2025-12-31 11:27:15,2023-12-13,130.35,110-300,서울특별시 종로구 관훈동 155-2,N,,3000000-120-2023-00010,,3000000,"서울특별시 종로구 인사동길 49, 지하2층 (관훈동)",03145,03,폐업,위탁급식영업,031-281-6086,,,
,,주)마르페푸드,위탁급식영업,2025-12-29,197686.443524187,449839.909004623,2026-05-06 22:43:40,I,02,폐업,3.3,,,,,,,,,2025-12-29 09:27:51,2020-01-16,3.30,140-820,서울특별시 용산구 동자동 19-47,N,,3020000-120-2020-00001,,3020000,"서울특별시 용산구 한강대로104길 41-8, 지1층 (동자동)",04324,03,폐업,위탁급식영업,02-798-9073,,,상수도전용
,,주식회사 정오아카데미,위탁급식영업,,197789.947428932,449316.159721137,2026-05-06 22:43:43,I,01,영업,834.7,,,,,,,,,2026-03-30 16:43:26,2026-03-30,834.70,140-900,서울특별시 용산구 후암동 168,N,,3020000-120-2026-00004,,3020000,"서울특별시 용산구 두텁바위로 27, 지하1층 (후암동)",04335,01,영업/정상,위탁급식영업,,,,상수도전용
,,(주)풀무원푸드앤컬처 한전아트센터,위탁급식영업,,202406.470363348,442611.972829952,2026-05-06 22:35:06,I,01,영업,1085,,,,,,,,,2026-04-24 16:06:08,2026-04-24,"1,085.00",137-862,서울특별시 서초구 서초동 1355 한전아트센터 1층,N,,3210000-120-2026-00004,,3210000,"서울특별시 서초구 효령로72길 60, 한전아트센터 1층 (서초동)",06732,01,영업/정상,위탁급식영업,,,,
,,해비치호텔앤드리조트 현대기아차본사지점,위탁급식영업,,203705.426304066,440222.152896766,2026-05-06 22:35:06,I,01,영업,2370.5,,,,,,,,,2026-02-20 17:35:07,2026-02-20,"2,370.50",137-938,서울특별시 서초구 양재동 231 현대기아자동차빌딩,N,,3210000-120-2026-00001,,3210000,"서울특별시 서초구 헌릉로 12, 현대기아자동차빌딩 B1F층 (양재동)",06797,01,영업/정상,위탁급식영업,,,,
,,(주)아워홈 LG전자 양재R&D캠퍼스점,위탁급식영업,,202312.132971726,440889.827977598,2026-05-06 22:35:06,I,01,영업,786.77,,,,,,,,,2026-04-10 10:02:49,2026-04-10,786.77,137-900,서울특별시 서초구 우면동 16 LG전자 양재 R&D 캠퍼스 지하1층,N,,3210000-120-2026-00003,,3210000,"서울특별시 서초구 바우뫼로 38, LG전자 양재 R&D 캠퍼스 지하1층 (우면동)",06763,01,영업/정상,위탁급식영업,,,,
,,(주)휴먼푸드서비스 박명주정형외과의원,위탁급식영업,,170753.264140724,437809.065141609,2026-05-06 22:43:46,I,01,영업,159.87,,,,,,,,,2026-04-02 12:27:02,2026-04-02,74.00,,인천광역시 미추홀구 학익동 240-47 선정빌딩,N,,3510500-120-2026-00002,,3510500,"인천광역시 미추홀구 학익소로 66, 선정빌딩 지하 1층 (학익동)",22221,01,영업/정상,위탁급식영업,,,,상수도전용
,,(주)현대그린푸드 KB골든라이프케어 서초빌리지,위탁급식영업,2026-02-03,201763.704251168,440329.599232677,2026-05-06 22:35:05,I,02,폐업,118,,,,,,,,,2026-02-03 16:35:57,2023-12-29,118.00,137-901,서울특별시 서초구 우면동 700 지하2층,N,,3210000-120-2023-00016,,3210000,"서울특별시 서초구 형촌2길 33, 지하2층 (우면동)",06765,03,폐업,위탁급식영업,02-2135-2676,,,
,,티엔티푸드(주) 에이티움점,위탁급식영업,2025-12-22,201931.035648412,444753.949531403,2026-05-06 22:35:05,I,02,폐업,133.65,,,,,,,,,2025-12-22 15:34:12,2024-05-23,133.65,137-810,서울특별시 서초구 반포동 738-41 2층,N,,3210000-120-2024-00007,,3210000,"서울특별시 서초구 사평대로55길 20, 2층 (반포동)",06541,03,폐업,위탁급식영업,031-796-0819,,,
,,(주)엘아이지홈앤밀LS용산타워점,위탁급식영업,,197099.381481836,447328.548832245,2026-05-06 22:43:43,I,01,영업,678.68,,,,,,,,,2026-02-13 17:04:15,2026-02-13,678.68,140-012,서울특별시 용산구 한강로2가 191 LS용산타워,N,,3020000-120-2026-00001,,3020000,"서울특별시 용산구 한강대로 92, LS용산타워 지하1층 (한강로2가)",04386,01,영업/정상,위탁급식영업,,,,상수도전용
,,(주)아워홈 우면점,위탁급식영업,2026-01-26,202312.132971726,440889.827977598,2026-05-06 22:34:47,I,02,폐업,36,,,,0,,,,,2026-01-26 14:09:15,2003-10-17,36.00,137-900,서울특별시 서초구 우면동 16 지하 1층,N,0,3210000-120-2003-00043,,3210000,"서울특별시 서초구 바우뫼로 38, 지하 1층 (우면동)",06763,03,폐업,위탁급식영업,080-234-7575,,,상수도전용
,,한울경영,위탁급식영업,2025-12-18,201094.177003593,443922.437062807,2026-05-06 22:34:57,I,02,폐업,40,,,,,,,,,2025-12-18 17:08:52,2011-02-18,40.00,137-882,서울특별시 서초구 서초동 1685-10 한울빌딩 지하1층,N,,3210000-120-2011-00004,,3210000,"서울특별시 서초구 서초중앙로 176, 지하1층 (서초동, 한울빌딩)",06600,03,폐업,위탁급식영업,02-532-9871,,,
,,제이제이케터링(주)YISS점,위탁급식영업,,199994.019557907,448682.715248587,2026-05-06 22:43:35,I,01,영업,704.27,,,,0,,,,,2015-11-13 17:48:43,2006-09-28,704.27,140-210,서울특별시 용산구 한남동 산 10-213 (지상3층),N,0,3020000-120-2006-00008,,3020000,"서울특별시 용산구 이태원로 285 (한남동,(지상3층))",04347,01,영업/정상,위탁급식영업,02-792-0855,,,
,,(주)아워홈 에이치제이중공업 용산점,위탁급식영업,,197512.145807847,448691.859755338,2026-05-06 22:43:35,I,01,영업,1112.69,,,,,,,,,2025-06-09 14:51:58,2008-06-04,"1,112.69",140-807,"서울특별시 용산구 갈월동 103-17 (지상3층,지상5층)",N,,3020000-120-2008-00005,,3020000,"서울특별시 용산구 한강대로71길 4 (갈월동,(지상3층,지상5층))",04322,01,영업/정상,위탁급식영업,02-2175-4114,,,
,,미가케이터링컴퍼니 제이씨현시스템(주),위탁급식영업,,196937.379804972,448016.235502535,2026-05-06 22:43:36,I,01,영업,94.05,,,,3,,,,,2011-07-19 16:42:56,2011-07-19,94.05,140-090,서울특별시 용산구 신계동 6-1 제이씨현빌딩(지상6층),N,,3020000-120-2011-00009,,3020000,"서울특별시 용산구 새창로45길 74 (신계동,제이씨현빌딩(지상6층))",04370,01,영업/정상,위탁급식영업,02-811-3870,,,
,,삼성웰스토리(주)제일기획,위탁급식영업,,199827.290294906,448078.558292846,2026-05-06 22:43:37,I,01,영업,801.03,,,,,,,,,2026-01-14 11:44:09,2012-02-02,801.03,140-739,서울특별시 용산구 한남동 736-1 제일기획 지하1층,N,,3020000-120-2012-00001,,3020000,"서울특별시 용산구 이태원로 222 (한남동, 736-1 제일기획 지하1층)",04404,01,영업/정상,위탁급식영업,02-3780-2114,,,
,,(주)아워홈LS용산타워점(직원식당),위탁급식영업,2026-02-13,197099.381481836,447328.548832245,2026-05-06 22:43:37,I,02,폐업,678.5,,,,,,,,,2026-02-13 15:54:03,2012-02-14,678.50,140-012,서울특별시 용산구 한강로2가 191 지하1층,N,,3020000-120-2012-00002,,3020000,"서울특별시 용산구 한강대로 92 (한강로2가, 191 지하1층)",04386,03,폐업,위탁급식영업,070-4008-6006,,,
,,(주)원미에프앤에스-하이원,위탁급식영업,,197479.1244603,447637.347182074,2026-05-06 22:43:37,I,01,영업,106,,,,,,,,,2025-07-18 10:11:24,2013-03-08,106.00,140-872,서울특별시 용산구 한강로2가 55,N,,3020000-120-2013-00003,,3020000,"서울특별시 용산구 한강대로40가길 24 (한강로2가, 55 지하1층)",04382,01,영업/정상,위탁급식영업,063-855-0045,,,
,,본우리집밥 한은숙소점,위탁급식영업,,198050.470401263,449491.153524325,2026-05-06 22:43:37,I,01,영업,214.33,,,,,,,,,2020-06-22 16:49:51,2013-04-29,214.33,140-902,"서울특별시 용산구 후암동 247-57 외10필지 후암생활관 한국은행, 지상2층",N,,3020000-120-2013-00005,,3020000,"서울특별시 용산구 후암로16가길 7 (후암동, 247-57 외10필지 후암생활관 한국은행, 지상2층)",04331,01,영업/정상,위탁급식영업,02-578-6100,,,
기타,,제이제이케터링(주) 헤럴드,위탁급식영업,,198065.246633719,449385.004852507,2026-05-06 22:43:38,I,01,영업,375.31,,,,,,,,,2015-11-13 17:43:10,2014-10-22,375.31,140-190,서울특별시 용산구 후암동 255-9,N,,3020000-120-2014-00004,,3020000,"서울특별시 용산구 후암로4길 10, 지하2층 (후암동)",04336,01,영업/정상,위탁급식영업,02-518-0854,,,상수도전용
기타,,씨제이프레시웨이(주)순천향대서울병원점,위탁급식영업,,200310.979917902,447939.994985364,2026-05-06 22:43:38,I,01,영업,829.8,,,,,,,,,2024-07-29 16:40:02,2015-03-04,829.80,140-887,서울특별시 용산구 한남동 657-58,N,,3020000-120-2015-00002,,3020000,서울특별시 용산구 대사관로 59 (한남동),04401,01,영업/정상,위탁급식영업,,,,상수도전용
기타,,(주)아워홈유플러스용산점,위탁급식영업,,196701.958402155,446837.982163744,2026-05-06 22:43:38,I,01,영업,1892,,,,,,,,,2025-05-28 17:03:36,2015-03-26,"1,892.00",140-883,서울특별시 용산구 한강로3가 65-228 지하1층,N,,3020000-120-2015-00003,,3020000,"서울특별시 용산구 한강대로 32, 지하1층 (한강로3가, 엘지유플러스용산사옥)",04389,01,영업/정상,위탁급식영업,,,,상수도전용
기타,,IBK기업은행한남동고객센터구내식당자치운영위원회,위탁급식영업,,200550.113887155,448091.764762517,2026-05-06 22:43:38,I,01,영업,929.19,,,,,,,,,2023-10-06 14:07:01,2015-04-10,929.19,140-894,서울특별시 용산구 한남동 707-18 지상11층,N,,3020000-120-2015-00004,,3020000,"서울특별시 용산구 한남대로 72, 지상11층 (한남동, IBK기업은행고객센터)",04419,01,영업/정상,위탁급식영업,02-3425-4924,,,상수도전용
기타,,포포인츠호텔직원식당,위탁급식영업,,197525.407310462,449844.319841559,2026-05-06 22:43:38,I,01,영업,125,,,,,,,,,2025-12-12 16:57:35,2015-04-22,125.00,140-170,서울특별시 용산구 동자동 56 지하1층,N,,3020000-120-2015-00005,,3020000,"서울특별시 용산구 한강대로 366, 지하1층 (동자동, 트윈시티남산)",04323,01,영업/정상,위탁급식영업,02-317-0954,,,상수도전용
기타,,(주)현대그린푸드 아이파크몰,위탁급식영업,,196762.077394917,447480.039577359,2026-05-06 22:43:38,I,01,영업,1147.62,,,,,,,,,2023-03-17 17:30:53,2015-12-10,"1,147.62",140-780,서울특별시 용산구 한강로3가 40-999 지상9층,N,,3020000-120-2015-00007,,3020000,"서울특별시 용산구 한강대로23길 55, 지상9층 (한강로3가, 아이파크몰 패션점)",04377,01,영업/정상,위탁급식영업,02-2012-3991,,,상수도전용
,,에코푸드 협동조합,위탁급식영업,,197542.687282146,448325.294355232,2026-05-06 22:43:38,I,01,영업,104.29,,,,,,,,,2016-03-08 17:20:25,2016-03-08,104.29,140-011,서울특별시 용산구 한강로1가 64 102동 1504호,N,,3020000-120-2016-00004,,3020000,"서울특별시 용산구 한강대로 211, 102동 1504호 (한강로1가)",04322,01,영업/정상,위탁급식영업,,,,
,,주식회사 이레정,위탁급식영업,,199867.123,448063.919333333,2026-05-06 22:43:38,I,01,영업,50,,,,,,,,,2016-04-29 11:32:55,2016-04-29,50.00,140-893,서울특별시 용산구 한남동 736-2,N,,3020000-120-2016-00006,,3020000,"서울특별시 용산구 이태원로36길 7, 지하1층 (한남동)",,01,영업/정상,위탁급식영업,,,,
,,보광지점,위탁급식영업,,199909.406701554,446925.923870883,2026-05-06 22:43:38,I,01,영업,158,,,,,,,,,2023-02-06 15:09:43,2016-06-10,158.00,140-823,서울특별시 용산구 보광동 168-4 기숙사동,N,,3020000-120-2016-00008,,3020000,"서울특별시 용산구 보광로7길 17, 기숙사동 1층 (보광동)",04396,01,영업/정상,위탁급식영업,02-4172-6341,,,
,,이레케이터링,위탁급식영업,,197237.3556698,447530.940728502,2026-05-06 22:43:39,I,01,영업,110,,,,,,,,,2016-08-10 16:15:55,2016-08-10,110.00,140-872,서울특별시 용산구 한강로2가 142 지하1층,N,,3020000-120-2016-00010,,3020000,"서울특별시 용산구 한강대로 118, 지하1층 (한강로2가)",04386,01,영업/정상,위탁급식영업,,,,
,,행복도시락사회적협동조합,위탁급식영업,,199588.180400963,447128.792445076,2026-05-06 22:43:39,I,01,영업,55.92,,,,,,,,,2025-07-14 15:58:34,2017-03-09,55.92,140-809,서울특별시 용산구 동빙고동 1-102,N,,3020000-120-2017-00004,,3020000,"서울특별시 용산구 장문로 60, 1층 (동빙고동)",04393,01,영업/정상,위탁급식영업,02-6010-6101,,,
,,(주)찬스푸드농업회사법인,위탁급식영업,,197097.990255997,450012.796232665,2026-05-06 22:43:39,I,01,영업,69.85,,,,,,,,,2019-03-29 12:01:59,2019-03-29,69.85,140-827,서울특별시 용산구 서계동 33-56,N,,3020000-120-2019-00005,,3020000,"서울특별시 용산구 청파로85가길 6, 지1층 (서계동)",,01,영업/정상,위탁급식영업,,,,상수도전용
,,(주)브라운에프엔비 NH농협은행용산별관,위탁급식영업,,196813.258497258,447881.970772064,2026-05-06 22:43:40,I,01,영업,660,,,,5,,,,,2025-06-11 14:11:53,2019-05-02,660.00,140-873,서울특별시 용산구 한강로2가 15-19 농협(농산물백화점),Y,,3020000-120-2019-00006,,3020000,"서울특별시 용산구 청파로 122, 농협(농산물백화점) 7층 (한강로2가)",04371,01,영업/정상,위탁급식영업,,,,상수도전용
,,아라마크(주)한국마사회장학관지점,위탁급식영업,2026-03-31,196147.046126753,447779.858291805,2026-05-06 22:43:40,I,02,폐업,266,,,,6,,,,,2026-03-31 14:25:53,2019-05-02,266.00,140-879,서울특별시 용산구 한강로3가 16-48,Y,,3020000-120-2019-00007,,3020000,"서울특별시 용산구 청파로 52, 10층 (한강로3가)",04373,03,폐업,위탁급식영업,,,,상수도전용
,,(주)엘에스씨푸드 용산구청,위탁급식영업,,199062.254914329,447812.90979317,2026-05-06 22:43:40,I,01,영업,1105.97,,,,,,,,,2023-06-08 14:26:58,2019-06-07,"1,105.97",140-863,서울특별시 용산구 이태원동 34-87 용산구종합행정타운,N,,3020000-120-2019-00009,,3020000,"서울특별시 용산구 녹사평대로 150, 용산구종합행정타운 10층 (이태원동)",04390,01,영업/정상,위탁급식영업,02-3392-0455,,,상수도전용
,,(주)아워홈그랜드하얏트용산점,위탁급식영업,,199737.097413554,448587.753314794,2026-05-06 22:43:40,I,01,영업,289.6,,,,,,,,,2025-05-30 14:05:39,2020-06-01,289.60,140-738,서울특별시 용산구 한남동 747-7 하얏트호텔,N,,3020000-120-2020-00003,,3020000,"서울특별시 용산구 소월로 322, 하얏트호텔 지1층 (한남동)",04347,01,영업/정상,위탁급식영업,,,,상수도전용
,,(주)동원홈푸드 중부기술교육원,위탁급식영업,,200358.6724039,448657.143586243,2026-05-06 22:43:41,I,01,영업,339.3,,,,,,,,,2021-05-03 11:41:31,2021-05-03,339.30,140-893,서울특별시 용산구 한남동 726-366 서울특별시중부기술교육원,N,,3020000-120-2021-00004,,3020000,"서울특별시 용산구 한남대로 136, 서울특별시중부기술교육원 나눔관 지하1층 (한남동)",04417,01,영업/정상,위탁급식영업,02-589-3641,,,상수도전용
,,네이처델리 갑을상사점,위탁급식영업,,197484.456801451,449711.539621321,2026-05-06 22:43:41,I,01,영업,247.5,,,,,,,,,2022-04-27 15:24:32,2021-07-07,247.50,140-800,서울특별시 용산구 갈월동 2-5,N,,3020000-120-2021-00005,,3020000,"서울특별시 용산구 한강대로 350, 지하1층 (갈월동)",04334,01,영업/정상,위탁급식영업,,,,상수도전용
,,씨제이프레시웨이(주) 현대자동차원효로사옥직원식당,위탁급식영업,,195670.19398129,447749.370372602,2026-05-06 22:43:41,I,01,영업,445.79,,,,,,,,,2024-07-19 15:34:07,2021-10-05,445.79,140-850,서울특별시 용산구 원효로4가 114-38 현대자동차원효로사옥 직원식당,N,,3020000-120-2021-00006,,3020000,"서울특별시 용산구 원효로 74, 현대자동차원효로사옥 10층 (원효로4가)",04365,01,영업/정상,위탁급식영업,02-2149-6619,,,
,,삼성웰스토리(주) 아모레본사어린이집,위탁급식영업,,197158.923647874,447399.964398158,2026-05-06 22:43:41,I,01,영업,296,,,,,,,,,2026-01-14 11:31:04,2021-12-30,296.00,140-777,서울특별시 용산구 한강로2가 424 아모레퍼시픽,N,,3020000-120-2021-00007,,3020000,"서울특별시 용산구 한강대로 100, 아모레퍼시픽 2층 (한강로2가)",04386,01,영업/정상,위탁급식영업,,,,상수도전용
,,삼성웰스토리(주) 아모레본사,위탁급식영업,,197158.923647874,447399.964398158,2026-05-06 22:43:41,I,01,영업,2847,,,,20,,,,,2026-01-14 11:37:12,2021-12-30,"2,847.00",140-777,서울특별시 용산구 한강로2가 424 아모레퍼시픽,N,20,3020000-120-2021-00008,,3020000,"서울특별시 용산구 한강대로 100, 아모레퍼시픽 4,5층 (한강로2가)",04386,01,영업/정상,위탁급식영업,,,,상수도전용
,,(주)명진이엔지 GKL 직원식당,위탁급식영업,,196610.663839509,447742.348636253,2026-05-06 22:43:41,I,01,영업,115.48,,,,,,,,,2025-03-10 11:14:52,2023-01-03,115.48,140-877,서울특별시 용산구 한강로3가 40-969 서울드래곤시티,N,,3020000-120-2023-00001,,3020000,"서울특별시 용산구 청파로20길 95, 서울드래곤시티 2층 (한강로3가)",04372,01,영업/정상,위탁급식영업,,,,
,,본우리집밥 숙명여대점,위탁급식영업,,196831.461759469,449320.370380461,2026-05-06 22:43:41,I,01,영업,922.97,,,,,,,,,2023-02-17 16:28:24,2023-02-17,922.97,140-742,서울특별시 용산구 청파동2가 53-12 숙명여자대학교,N,,3020000-120-2023-00002,,3020000,"서울특별시 용산구 청파로47길 100, 숙명여자대학교 순헌관 지하1층 (청파동2가)",04310,01,영업/정상,위탁급식영업,,,,상수도전용
,,풀무원푸드앤컬처 하이브,위탁급식영업,,196768.132356945,446931.975248096,2026-05-06 22:43:42,I,01,영업,2518,,,,,,,,,2023-12-01 17:01:53,2023-04-03,"2,518.00",140-883,서울특별시 용산구 한강로3가 65-9 HYBE,N,,3020000-120-2023-00006,,3020000,"서울특별시 용산구 한강대로 42, HYBE 17-18, B1층 (한강로3가)",04389,01,영업/정상,위탁급식영업,,,,상수도전용
,,엄마손수제비,위탁급식영업,,196941.643702185,446491.618834731,2026-05-06 22:43:42,I,01,영업,343.86,,,,,,,,,2025-05-21 16:34:11,2023-05-11,343.86,140-854,서울특별시 용산구 이촌동 302-75,N,,3020000-120-2023-00007,,3020000,"서울특별시 용산구 이촌로46길 37, 5층 (이촌동)",04427,01,영업/정상,위탁급식영업,,,,상수도전용
,,(주)후레쉬케터링 용산역점,위탁급식영업,,196762.077394917,447480.039577359,2026-05-06 22:43:42,I,01,영업,190,,,,,,,,,2023-06-01 15:23:51,2023-06-01,190.00,140-780,서울특별시 용산구 한강로3가 40-999 용산역,N,,3020000-120-2023-00008,,3020000,"서울특별시 용산구 한강대로23길 55, 용산역 5층 (한강로3가)",04377,01,영업/정상,위탁급식영업,,,,상수도전용
,,(주)후레쉬케터링 서울역점,위탁급식영업,,197373.839856311,450014.537949042,2026-05-06 22:43:42,I,01,영업,145.2,,,,,,,,,2023-06-01 15:38:13,2023-06-01,145.20,140-821,서울특별시 용산구 동자동 43-205 한국철도공사,N,,3020000-120-2023-00009,,3020000,"서울특별시 용산구 청파로 378, 서울역 4층 (동자동)",04301,01,영업/정상,위탁급식영업,,,,상수도전용
,,유한책임회사 맥시멈케터링,위탁급식영업,,200977.746562332,448332.300521676,2026-05-06 22:43:42,I,01,영업,68.6,,,,,,,,,2023-06-30 14:07:54,2023-06-30,68.60,140-884,서울특별시 용산구 한남동 4-13 서울독일학교,N,,3020000-120-2023-00010,,3020000,"서울특별시 용산구 독서당로 123-6, 서울독일학교 1층 (한남동)",04419,01,영업/정상,위탁급식영업,,,,상수도전용
,,(주)동원홈푸드 서울드래곤시티,위탁급식영업,,196610.663839509,447742.348636253,2026-05-06 22:43:42,I,01,영업,836.55,,,,,,,,,2026-01-20 14:06:18,2023-07-14,836.55,140-877,서울특별시 용산구 한강로3가 40-969 서울드래곤시티,N,,3020000-120-2023-00011,,3020000,"서울특별시 용산구 청파로20길 95, 서울드래곤시티 지하1층 (한강로3가)",04372,01,영업/정상,위탁급식영업,,,,상수도전용
,,(주)엘에스씨푸드이마트용산점,위탁급식영업,,196762.077394917,447480.039577359,2026-05-06 22:43:42,I,01,영업,305.19,,,,,,,,,2023-12-15 14:06:23,2023-12-15,305.19,140-780,서울특별시 용산구 한강로3가 40-999 용산역,N,,3020000-120-2023-00012,,3020000,"서울특별시 용산구 한강대로23길 55, 이마트 지하2층 (한강로3가)",04377,01,영업/정상,위탁급식영업,,,,상수도전용
,,주식회사 비케이푸드,위탁급식영업,,199305.125668168,447556.568722769,2026-05-06 22:43:42,I,01,영업,303.2,,,,,,,,,2026-01-05 09:44:39,2024-02-27,303.20,140-860,서울특별시 용산구 이태원동 22-34,N,,3020000-120-2024-00001,,3020000,"서울특별시 용산구 장문로 9, 1층 (이태원동)",04392,01,영업/정상,위탁급식영업,,,,상수도전용
,,세종에프앤에스(주) 중경고,위탁급식영업,,197761.410710916,446131.334535482,2026-05-06 22:43:42,I,01,영업,1087,,,,,,,,,2024-03-11 10:46:11,2024-03-11,"1,087.00",140-853,서울특별시 용산구 이촌동 300-302 중경고등학교,N,,3020000-120-2024-00003,,3020000,"서울특별시 용산구 이촌로84길 34, 중경고등학교 1층 (이촌동)",04426,01,영업/정상,위탁급식영업,02-793-2040,,,상수도전용
,,삼성웰스토리(주)용산센트럴파크,위탁급식영업,,197056.728931087,447077.126289262,2026-05-06 22:43:42,I,01,영업,344.58,,,,,,,,,2026-01-14 11:41:47,2024-03-11,344.58,140-013,서울특별시 용산구 한강로3가 98,N,,3020000-120-2024-00004,,3020000,"서울특별시 용산구 서빙고로 17, 101동 3층 (한강로3가)",04387,01,영업/정상,위탁급식영업,,,,상수도전용
,,(주)동원홈푸드 나인트리호텔 용산,위탁급식영업,,196785.404801941,447267.982864433,2026-05-06 22:43:42,I,01,영업,140.2,,,,,,,,,2024-03-12 10:04:04,2024-03-12,140.20,140-881,서울특별시 용산구 한강로3가 40-708,N,,3020000-120-2024-00005,,3020000,"서울특별시 용산구 한강대로23길 25, 지하2층 (한강로3가)",04378,01,영업/정상,위탁급식영업,,,,상수도전용
,,프로뱅크 천우모터스점,위탁급식영업,,198818.5884879,448180.770439618,2026-05-06 22:43:42,I,01,영업,105.18,,,,,,,,,2024-05-02 16:02:32,2024-05-02,105.18,140-861,서울특별시 용산구 이태원동 427,N,,3020000-120-2024-00006,,3020000,"서울특별시 용산구 녹사평대로40길 1, 1층 (이태원동)",04345,01,영업/정상,위탁급식영업,,,,상수도전용
,,주식회사 새해오름 우태하한승경피부과,위탁급식영업,,197478.770349994,449308.544293884,2026-05-06 22:43:42,I,01,영업,49.5,,,,,,,,,2024-05-14 15:12:11,2024-05-14,49.50,140-801,서울특별시 용산구 갈월동 15-3,N,,3020000-120-2024-00007,,3020000,"서울특별시 용산구 한강대로 312, 5층 (갈월동)",04334,01,영업/정상,위탁급식영업,,,,상수도전용
,,(주)진주랑 해태제과 본사 직원식당,위탁급식영업,,197606.428915897,448718.610876089,2026-05-06 22:43:42,I,01,영업,195.65,,,,,,,,,2024-05-23 10:24:42,2024-05-23,195.65,140-708,서울특별시 용산구 남영동 131-1 해태제과,N,,3020000-120-2024-00008,,3020000,"서울특별시 용산구 한강대로72길 3, 해태제과 지하1층 (남영동)",04352,01,영업/정상,위탁급식영업,031-739-5580,,,상수도전용
,,본우리집밥 티와이엠 본사점,위탁급식영업,,199546.557409556,447175.598309143,2026-05-06 22:43:42,I,01,영업,574.36,,,,,,,,,2024-07-29 16:28:30,2024-07-29,574.36,140-809,서울특별시 용산구 동빙고동 1-83,N,,3020000-120-2024-00009,,3020000,"서울특별시 용산구 장문로 52, 지하1층 (동빙고동)",04393,01,영업/정상,위탁급식영업,,,,상수도전용
,,종근당건강(주),위탁급식영업,,197160.917789776,450168.3235982,2026-05-06 22:43:42,I,01,영업,101.38,,,,,,,,,2024-08-23 11:47:16,2024-08-23,101.38,140-829,서울특별시 용산구 서계동 224-32 종근당건강빌딩,N,,3020000-120-2024-00010,,3020000,"서울특별시 용산구 청파로 383, 종근당건강빌딩 지하1층 (서계동)",04300,01,영업/정상,위탁급식영업,,,,상수도전용
,,(주)아워홈 오리온본사점,위탁급식영업,,197281.234879335,448209.537440606,2026-05-06 22:43:43,I,01,영업,372,,,,,,,,,2025-05-30 14:37:40,2024-12-31,372.00,140-715,서울특별시 용산구 문배동 30-10 오리온,N,,3020000-120-2024-00011,,3020000,"서울특별시 용산구 백범로90다길 13, 오리온 4층 (문배동)",04369,01,영업/정상,위탁급식영업,,,,상수도전용
,,서울교통공사 한강진역,위탁급식영업,,200117.822901432,448645.241360434,2026-05-06 22:43:43,I,01,영업,228.9,,,,,,,,,2025-01-03 13:14:43,2025-01-03,228.90,140-893,서울특별시 용산구 한남동 728-1 서울교통공사 한강진별관,N,,3020000-120-2025-00001,,3020000,"서울특별시 용산구 이태원로 286, 서울교통공사 한강진별관 B3층 (한남동)",04399,01,영업/정상,위탁급식영업,02-3019-2273,,,상수도전용
,,(주)엘에스씨푸드 선린인터넷고등학교,위탁급식영업,,196976.297582585,448913.670830434,2026-05-06 22:43:43,I,01,영업,790.5,,,,,,,,,2025-02-26 11:46:01,2025-02-26,790.50,140-133,"서울특별시 용산구 청파동3가 131-2 선린중학교,선린인터넷고등학교",N,,3020000-120-2025-00002,,3020000,"서울특별시 용산구 원효로97길 33-4, 선린인터넷고등학교 1층 (청파동3가)",04314,01,영업/정상,위탁급식영업,,,,상수도전용
,,제이제이케터링(주),위탁급식영업,2026-02-19,198168.762047391,449206.873601966,2026-05-06 22:43:43,I,02,폐업,796.4,,,,,,,,,2026-02-19 13:22:04,2025-03-04,796.40,140-833,서울특별시 용산구 용산동2가 1 용산고등학교,N,,3020000-120-2025-00003,,3020000,"서울특별시 용산구 두텁바위로 60, 용산고등학교 1층 (용산동2가)",04353,03,폐업,위탁급식영업,,,,상수도전용
,,(주)이유에프에스 용산철도고점,위탁급식영업,2026-02-27,197007.922668946,446929.732199319,2026-05-06 22:43:43,I,02,폐업,592,,,,,,,,,2026-02-27 09:59:17,2025-03-05,592.00,140-883,서울특별시 용산구 한강로3가 65-209 용산철도고등학교,N,,3020000-120-2025-00004,,3020000,"서울특별시 용산구 서빙고로 24, 용산철도고등학교 지하1층 (한강로3가)",04388,03,폐업,위탁급식영업,,,,상수도전용
,,(주)진주랑 한국석유공업 직원식당,위탁급식영업,,196885.500802799,446573.556869158,2026-05-06 22:43:43,I,01,영업,115,,,,,,,,,2025-04-03 15:51:36,2025-04-03,115.00,140-854,서울특별시 용산구 이촌동 302-79 한석빌딩,N,,3020000-120-2025-00005,,3020000,"서울특별시 용산구 이촌로 166, 한석빌딩 지하1층 (이촌동)",04427,01,영업/정상,위탁급식영업,,,,상수도전용
,,(주)에스피씨지에프에스 몬드리안 서울 이태원 직원식당,위탁급식영업,,199337.628628981,447413.487156381,2026-05-06 22:43:43,I,01,영업,181,,,,,,,,,2026-04-06 15:10:04,2025-07-04,181.00,140-860,서울특별시 용산구 이태원동 22-76 몬드리안 서울 이태원,N,,3020000-120-2025-00006,,3020000,"서울특별시 용산구 장문로 23, 몬드리안 서울 이태원 b2층 (이태원동)",04392,01,영업/정상,위탁급식영업,,,,
,,(주)현대그린푸드 현대건설본사지점,위탁급식영업,,198817.289034611,452901.786745273,2026-05-06 22:43:23,I,01,영업,3148.56,,,,,,,,,2023-03-14 16:46:54,2003-08-27,"3,148.56",110-801,서울특별시 종로구 계동 140-2 지하2층,N,,3000000-120-2003-00005,,3000000,"서울특별시 종로구 율곡로 75 (계동,지하2층)",03058,01,영업/정상,위탁급식영업,02-746-2380,,,
,,(주)풀무원푸드앤컬처 정부서울청사별관,위탁급식영업,,197724.826479909,452368.246343379,2026-05-06 22:43:23,I,01,영업,919.05,,,,,,,,,2023-07-28 13:55:10,2003-10-01,919.05,110-051,서울특별시 종로구 도렴동 95-1 정부중앙청사 별관 지상1층,N,,3000000-120-2003-00008,,3000000,"서울특별시 종로구 사직로8길 60 (도렴동,정부중앙청사 별관 지상1층)",03172,01,영업/정상,위탁급식영업,02-7234-4737,,,
,,(주)풀무원푸드앤컬처정부서울청사(본관),위탁급식영업,,197759.173462514,452506.21248055,2026-05-06 22:43:23,I,01,영업,1023,,,,,,,,,2023-07-28 13:51:24,2003-10-01,"1,023.00",110-760,서울특별시 종로구 세종로 77-6,N,,3000000-120-2003-00009,,3000000,서울특별시 종로구 세종대로 209 (세종로),03171,01,영업/정상,위탁급식영업,02-723-4737,,,
,,(재)케이티그룹희망나눔재단 혜화,위탁급식영업,,200056.469625632,452761.766997056,2026-05-06 22:43:33,I,01,영업,0,,,,,,,,,2023-12-26 16:34:53,2003-10-20,,110-460,서울특별시 종로구 연건동 128-9,N,,3000000-120-2003-00049,,3000000,,,01,영업/정상,위탁급식영업,02-3676-4146,,,
,,(주)후니드 SK(주)본사점,위탁급식영업,,198195.965392583,451925.63111828,2026-05-06 22:43:35,I,01,영업,1481,,,,,,,,,2022-01-14 16:45:36,2005-02-15,"1,481.00",110-110,서울특별시 종로구 서린동 99,N,,3000000-120-2005-00002,,3000000,서울특별시 종로구 종로 26 (서린동),03188,01,영업/정상,위탁급식영업,02-3434-8022,,,
,,(주)현대그린푸드현대엘리베이터점,위탁급식영업,,199976.765493088,452526.527263312,2026-05-06 22:43:36,I,01,영업,1573.32,,,,,,,,,2023-03-14 16:51:16,2005-07-06,"1,573.32",110-470,서울특별시 종로구 연지동 1-7,N,,3000000-120-2005-00010,,3000000,서울특별시 종로구 율곡로 194 (연지동),03127,01,영업/정상,위탁급식영업,37066441,,,
,,(주)풀무원푸드앤컬처 법고을,위탁급식영업,,199242.8370807,454009.5047516,2026-05-06 22:43:36,I,01,영업,187,,,,,,,,,2025-03-05 11:10:01,2006-08-31,187.00,110-745,서울특별시 종로구 명륜3가 53-21 성균관대학교 법학관 지하2층 일부,N,,3000000-120-2006-00008,,3000000,"서울특별시 종로구 성균관로 25-2, 성균관대학교 법학관 지하2층 일부 (명륜3가)",03063,01,영업/정상,위탁급식영업,02-740-1927,,,
,,(주)풀무원푸드앤컬처 금잔디식당,위탁급식영업,,199242.8370807,454009.5047516,2026-05-06 22:43:36,I,01,영업,0,,,,,,,,,2025-03-05 11:14:07,2006-08-31,,110-745,서울특별시 종로구 명륜3가 53-21 성균관대학교 경영관 지하2층 일부,N,,3000000-120-2006-00009,,3000000,"서울특별시 종로구 성균관로 25-2, 성균관대학교 경영관 지하2층 일부 (명륜3가)",03063,01,영업/정상,위탁급식영업,02-740-1927,,,
,,본우리집밥 삼표점,위탁급식영업,,198076.878950513,452402.195269511,2026-05-06 22:43:37,I,01,영업,0,,,,,,,,,2020-06-19 16:32:09,2007-03-06,,110-140,서울특별시 종로구 수송동 146-1,N,,3000000-120-2007-00002,,3000000,서울특별시 종로구 종로1길 42 (수송동),03152,01,영업/정상,위탁급식영업,02-460-7057,,,
,,현대씨앤알(주),위탁급식영업,,197815.116027181,452076.153842267,2026-05-06 22:43:37,I,01,영업,0,,,,,,,,,2026-01-15 15:02:27,2007-06-29,,110-822,서울특별시 종로구 세종로 178 지상17층,N,,3000000-120-2007-00004,,3000000,"서울특별시 종로구 세종대로 163 (세종로,지상17층)",03183,01,영업/정상,위탁급식영업,02-3701-3851,,,
기타,,한가람,위탁급식영업,,196790.827942668,452379.070248971,2026-05-06 22:43:37,I,01,영업,134.04,,,,,기타,,,,2026-03-19 10:40:58,2008-09-03,134.04,110-054,서울특별시 종로구 사직동 304-28 한국사회과학자료원,N,,3000000-120-2008-00004,,3000000,"서울특별시 종로구 인왕산로1길 25, 한국사회과학자료원 1층 (사직동)",03028,01,영업/정상,위탁급식영업,,,,상수도전용
,,서울대 치대식당(상아식당),위탁급식영업,,199824.095974723,452984.360451452,2026-05-06 22:43:37,I,01,영업,72.51,,,,,,,,,2020-03-18 16:22:16,2009-04-14,72.51,110-460,서울특별시 종로구 연건동 28-21 서울대학교 치대,N,,3000000-120-2009-00004,,3000000,"서울특별시 종로구 대학로 101, 서울대학교 치대 (연건동)",03080,01,영업/정상,위탁급식영업,,,,
,,(주)아워홈 LX광화문빌딩점,위탁급식영업,,197413.260397461,451896.027279239,2026-05-06 22:43:38,I,01,영업,788.7,,,,,,,,,2026-02-13 14:30:51,2010-09-17,788.70,110-062,서울특별시 종로구 신문로2가 92 LX광화문빌딩 지하2층,N,,3000000-120-2010-00004,,3000000,"서울특별시 종로구 새문안로 58, LX광화문빌딩 지하2층 (신문로2가)",03184,01,영업/정상,위탁급식영업,080-234-7575,,,
,,씨제이프레시웨이(주) SC은행본점,위탁급식영업,,198375.290383028,452091.983666703,2026-05-06 22:43:39,I,01,영업,427.2,,,,,,,,,2024-07-18 17:48:23,2012-11-15,427.20,110-160,서울특별시 종로구 공평동 100,N,,3000000-120-2012-00005,,3000000,서울특별시 종로구 종로 지하 47 (공평동),,01,영업/정상,위탁급식영업,02-3702-3802,,,
,,(주)에이치케이푸드 종로세무서점,위탁급식영업,,198954.765862362,452396.7525189,2026-05-06 22:43:39,I,01,영업,0,,,,,,,,,2013-05-21 17:12:03,2013-05-21,.00,110-320,서울특별시 종로구 낙원동 58-8,N,,3000000-120-2013-00001,,3000000,"서울특별시 종로구 삼일대로30길 26, 8층 (낙원동)",,01,영업/정상,위탁급식영업,,,,
,,유진인재개발원,위탁급식영업,,196883.070492995,453956.705048105,2026-05-06 22:43:39,I,01,영업,0,,,,,,,,,2026-02-02 10:54:48,2013-08-09,,110-030,서울특별시 종로구 청운동 산 9-4,N,,3000000-120-2013-00003,,3000000,"서울특별시 종로구 자하문로33다길 36-4, 1층 (청운동)",03031,01,영업/정상,위탁급식영업,02-3218-9207,,,
,,삼성웰스토리(주)연합뉴스,위탁급식영업,,198207.000041476,452455.833165185,2026-05-06 22:43:40,I,01,영업,458.7,,,,,,,,,2026-01-12 11:18:26,2013-12-24,458.70,110-140,서울특별시 종로구 수송동 110 연합뉴스빌딩,N,,3000000-120-2013-00011,,3000000,"서울특별시 종로구 율곡로2길 25, 연합뉴스빌딩 17층 (수송동)",03143,01,영업/정상,위탁급식영업,02-753-2955,,,
,,삼성웰스토리(주)강북삼성병원,위탁급식영업,,197111.969637621,451776.44366444,2026-05-06 22:43:40,I,01,영업,601.5,,,,,,,,,2026-01-12 11:16:41,2013-12-27,601.50,110-102,서울특별시 종로구 평동 108-1 지상 10층,N,,3000000-120-2013-00012,,3000000,"서울특별시 종로구 새문안로 29, 지상 10층 (평동)",03181,01,영업/정상,위탁급식영업,02-2001-2731,,,
,,삼성웰스토리(주)성대은행골,위탁급식영업,,199554.074424085,453721.462706742,2026-05-06 22:43:40,I,01,영업,1002.2,,,,,,,,,2026-01-12 11:13:26,2013-12-27,"1,002.20",110-812,서울특별시 종로구 명륜3가 53 지하1층,N,,3000000-120-2013-00013,,3000000,"서울특별시 종로구 성균관로 31, 지하1층 (명륜3가, 600주년기념관 )",03063,01,영업/정상,위탁급식영업,02-740-1926,,,
,,삼성웰스토리(주)성대옥류천,위탁급식영업,,199554.074424085,453721.462706742,2026-05-06 22:43:40,I,01,영업,784.2,,,,,,,,,2026-01-12 11:20:12,2013-12-27,784.20,110-812,서울특별시 종로구 명륜3가 53 지상1층,N,,3000000-120-2013-00014,,3000000,"서울특별시 종로구 성균관로 31, 지상1층 (명륜3가, 교수회관)",03063,01,영업/정상,위탁급식영업,02-740-1923,,,
기타,,(주)서울아카데미 서울시교육청점,위탁급식영업,2026-04-28,197051.16550323,451959.819865892,2026-05-06 22:43:40,I,02,폐업,424.21,,,,,우수,,,,2026-04-28 16:19:58,2014-02-10,424.21,,,N,,3000000-120-2014-00002,,3000000,"서울특별시 종로구 송월길 48, 지상11층 (신문로2가)",03178,03,폐업,위탁급식영업,02-999-7691,,,상수도전용
,,(재)케이티그룹희망나눔재단 광화문 이스트(east),위탁급식영업,,198063.052570633,452190.605539196,2026-05-06 22:43:41,I,01,영업,1914.19,,,,,,,,,2023-12-26 15:45:50,2015-01-27,"1,914.19",110-130,서울특별시 종로구 청진동 244 케이티광화물빌딩 이스트 지하2층,N,,3000000-120-2015-00001,,3000000,"서울특별시 종로구 종로3길 33, 지하2층 (청진동, kt 광화문빌딩 이스트 )",03155,01,영업/정상,위탁급식영업,02-3414-2077,,,
,,(주)후니드 SK건설 수송점,위탁급식영업,,198279.787364709,452430.699653992,2026-05-06 22:43:42,I,01,영업,1849,,,,,,,,,2022-01-14 16:37:46,2017-04-12,"1,849.00",110-140,서울특별시 종로구 수송동 83-1 지하1,N,,3000000-120-2017-00005,,3000000,"서울특별시 종로구 율곡로2길 19, 지하1층 (수송동)",03143,01,영업/정상,위탁급식영업,02-3434-8022,,,상수도전용
,,삼성웰스토리(주) 강북삼성병원직원식당,위탁급식영업,,197111.969637621,451776.44366444,2026-05-06 22:43:42,I,01,영업,671,,,,,,,,,2026-01-12 11:15:12,2018-01-23,671.00,110-746,서울특별시 종로구 평동 108-1 강북삼성병원,N,,3000000-120-2018-00001,,3000000,"서울특별시 종로구 새문안로 29, 강북삼성병원 지상1~2층 (평동)",03181,01,영업/정상,위탁급식영업,02-2001-2723,,,
,,티엔티푸드(주)중앙고등학교,위탁급식영업,,198770.323681919,453532.54882969,2026-05-06 22:43:42,I,01,영업,282.28,,,,,,,,,2021-09-13 10:19:00,2018-03-09,282.28,110-800,"서울특별시 종로구 계동 1 중앙고등학교,중앙중학교",N,,3000000-120-2018-00005,,3000000,"서울특별시 종로구 창덕궁길 164, 중앙고등학교,중앙중학교 지하1층 (계동)",03051,01,영업/정상,위탁급식영업,02-741-3709,,,
,,정독도서관,위탁급식영업,,198432.409833361,453164.581832531,2026-05-06 22:43:42,I,01,영업,123.2,,,,,,,,,2018-06-15 16:34:09,2018-06-15,123.20,110-210,서울특별시 종로구 화동 2,N,,3000000-120-2018-00006,,3000000,"서울특별시 종로구 북촌로5길 48, 지상1층 (화동)",03055,01,영업/정상,위탁급식영업,02-2011-5723,,,
,,주식회사 사나푸드 배화여대점,위탁급식영업,,197002.668255774,452893.430637392,2026-05-06 22:43:42,I,01,영업,662,,,,,,,,,2018-12-31 11:14:32,2018-12-31,662.00,110-044,"서울특별시 종로구 필운동 산 1-34 배화여자대학교,배화여자중,고등학교",N,,3000000-120-2018-00008,,3000000,"서울특별시 종로구 필운대로1길 34, 배화여자대학교,배화여자중,고등학교 (필운동)",03039,01,영업/정상,위탁급식영업,,,,
,,(주)정우푸드 이비스 앰배서더 인사동점,위탁급식영업,,198999.525786224,452458.391334878,2026-05-06 22:43:42,I,01,영업,124.64,,,,,,,,,2019-01-16 16:48:25,2019-01-16,124.64,110-340,서울특별시 종로구 익선동 34-3,N,,3000000-120-2019-00001,,3000000,서울특별시 종로구 삼일대로30길 31 (익선동),03132,01,영업/정상,위탁급식영업,02-581-4095,,,
,,건강식당,위탁급식영업,,197214.599879748,453280.072118191,2026-05-06 22:43:43,I,01,영업,63,,,,,,,,,2020-01-16 16:40:29,2019-05-08,63.00,110-035,"서울특별시 종로구 옥인동 45-30 종로구보건소, 청운효자동자치회관",N,,3000000-120-2019-00006,,3000000,"서울특별시 종로구 자하문로19길 36, 종로구보건소, 청운효자동자치회관 지층 (옥인동)",03035,01,영업/정상,위탁급식영업,02-2148-3571,,,
,,제이제이케터링(주) 서울대학교 치과병원,위탁급식영업,2026-02-27,199824.095974723,452984.360451452,2026-05-06 22:43:43,I,02,폐업,485.74,,,,,,,,,2026-02-27 10:33:22,2019-08-30,485.74,110-768,서울특별시 종로구 연건동 28-21 서울대학교 치과병원,N,,3000000-120-2019-00008,,3000000,"서울특별시 종로구 대학로 101, 서울대학교 치과병원 (연건동)",03080,03,폐업,위탁급식영업,02-518-0855,,,상수도전용
,,그린장수푸드,위탁급식영업,,196900.258232378,456471.02212561,2026-05-06 22:43:43,I,01,영업,55,,,,,자율,,,,2019-12-30 10:55:41,2019-12-30,55.00,110-849,서울특별시 종로구 평창동 553-5,N,,3000000-120-2019-00011,,3000000,서울특별시 종로구 평창15길 10 (평창동),03006,01,영업/정상,위탁급식영업,,,,상수도전용
,,(주)정오아카데미 상명대점,위탁급식영업,,195960.546025512,455612.122672739,2026-05-06 22:43:43,I,01,영업,903.84,,,,,,,,,2020-09-01 14:56:13,2020-09-01,903.84,110-743,서울특별시 종로구 홍지동 7-1 상명대학교,N,,3000000-120-2020-00007,,3000000,"서울특별시 종로구 홍지문2길 20, 상명대학교 미래백년관동 5층 (홍지동)",03016,01,영업/정상,위탁급식영업,02-996-7691,,,
,,이든푸드서비스 서울역사박물관점,위탁급식영업,,197177.065087584,452052.417209337,2026-05-06 22:43:43,I,01,영업,155,,,,,,,,,2025-09-03 11:35:54,2021-01-06,155.00,110-062,서울특별시 종로구 신문로2가 2-1 서울역사박물관,N,,3000000-120-2021-00002,,3000000,"서울특별시 종로구 새문안로 55, 서울역사박물관 1층 (신문로2가)",03177,01,영업/정상,위탁급식영업,02-928-9250,,,
,,세종에프앤에스(주)-덕성여고,위탁급식영업,,198420.356655986,452855.287138129,2026-05-06 22:43:43,I,01,영업,613.4,,,,,,,,,2021-02-26 16:27:50,2021-02-26,613.40,110-240,서울특별시 종로구 안국동 37-1 덕성여자고등학교,N,,3000000-120-2021-00004,,3000000,"서울특별시 종로구 율곡로3길 50, 덕성여자고등학교 1층 (안국동)",03061,01,영업/정상,위탁급식영업,02-2027-6871,,,
,,본우리집밥 재능교육본사점,위탁급식영업,,200124.347961716,453950.689566551,2026-05-06 22:43:44,I,01,영업,311.3,,,,,,,,,2021-04-01 15:11:37,2021-04-01,311.30,110-530,서울특별시 종로구 혜화동 22-65,N,,3000000-120-2021-00006,,3000000,"서울특별시 종로구 창경궁로35길 45, 지하1층 (혜화동)",03076,01,영업/정상,위탁급식영업,02-3019-2273,,,
,,서울중부교육청,위탁급식영업,,200183.678462425,452179.39933775,2026-05-06 22:43:44,I,01,영업,31.01,,,,,,,,,2022-01-04 17:04:33,2022-01-04,31.01,110-851,서울특별시 종로구 효제동 255-22 중부교육청,N,,3000000-120-2022-00001,,3000000,"서울특별시 종로구 대학로 10, 중부교육청 (효제동)",03126,01,영업/정상,위탁급식영업,02-3392-0455,,,
,,(주)아워홈 KB국민카드종로점,위탁급식영업,,197567.93800572,452276.454633376,2026-05-06 22:43:44,I,01,영업,722.86,,,,,,,,,2025-06-05 10:16:02,2022-01-07,722.86,110-719,서울특별시 종로구 내수동 167 대우빌딩 지하1층,N,,3000000-120-2022-00002,,3000000,"서울특별시 종로구 새문안로3길 30, 대우빌딩 지하1층 (내수동)",03173,01,영업/정상,위탁급식영업,080-234-7575,,,상수도전용
,,본우리집밥 종로산업정보학교점,위탁급식영업,2026-02-23,201468.856591382,452233.238856968,2026-05-06 22:43:44,I,02,폐업,776,,,,,,,,,2026-02-23 16:20:33,2022-03-02,776.00,110-826,서울특별시 종로구 숭인동 242-36 종로산업정보학교,N,,3000000-120-2022-00004,,3000000,"서울특별시 종로구 종로58길 28, 종로산업정보학교 (숭인동)",03114,03,폐업,위탁급식영업,02-3019-2273,,,상수도전용
,,(주)정오아카데미 가톨릭대학교점,위탁급식영업,,200306.394323174,453747.650814956,2026-05-06 22:43:44,I,01,영업,0,,,,,,,,,2022-03-07 11:32:23,2022-03-07,,110-530,서울특별시 종로구 혜화동 90-1 카톨릭대학교,N,,3000000-120-2022-00005,,3000000,"서울특별시 종로구 창경궁로 296-12, 카톨릭대학교 (혜화동)",03083,01,영업/정상,위탁급식영업,02-996-7691,,,
,,마이다스에셋자산운용,위탁급식영업,,197409.611304686,452180.715601273,2026-05-06 22:43:44,I,01,영업,115.7,,,,,,,,,2022-06-13 14:20:06,2022-06-13,115.70,110-062,서울특별시 종로구 신문로2가 1-160 마이다스에셋자산운용,N,,3000000-120-2022-00006,,3000000,"서울특별시 종로구 경희궁길 20, 마이다스에셋자산운용 7층 (신문로2가)",03175,01,영업/정상,위탁급식영업,02-3787-3500,,,
,,본우리집밥 종로구청점,위탁급식영업,,198101.593328721,452496.362099822,2026-05-06 22:43:44,I,01,영업,633.2,,,,,,,,,2026-01-16 17:48:23,2022-07-04,383.80,110-150,서울특별시 종로구 중학동 19 더케이트윈타워 지하1층 B동,N,,3000000-120-2022-00007,,3000000,"서울특별시 종로구 종로1길 50, 더케이트윈타워 B동 지하1층 (중학동)",03142,01,영업/정상,위탁급식영업,02-3019-2273,,,상수도전용
,,(주)세중여행사,위탁급식영업,,199679.470126039,452552.332812055,2026-05-06 22:43:44,I,01,영업,210,,,,,,,,,2022-10-21 16:43:25,2022-10-21,210.00,110-450,서울특별시 종로구 원남동 187 세중타워,N,,3000000-120-2022-00009,,3000000,"서울특별시 종로구 창경궁로 143, 세중타워 4~6층 (원남동)",03136,01,영업/정상,위탁급식영업,,,,
,,제이제이케터링서울대병원점,위탁급식영업,,199824.095974723,452984.360451452,2026-05-06 22:43:44,I,01,영업,1542.18,,,,,,,,,2023-05-10 13:13:06,2022-11-01,"1,542.18",110-744,서울특별시 종로구 연건동 28-21 서울대학교병원,N,,3000000-120-2022-00010,,3000000,"서울특별시 종로구 대학로 101, 서울대학교병원 (연건동)",03080,01,영업/정상,위탁급식영업,02-2072-2189,,,
,,참푸드시스템 경복고점,위탁급식영업,,197404.720132225,453840.758796726,2026-05-06 22:43:44,I,01,영업,991,,,,,,,,,2023-02-28 15:47:36,2023-02-28,991.00,110-030,서울특별시 종로구 청운동 89-9 경복고등학교,N,,3000000-120-2023-00004,,3000000,"서울특별시 종로구 자하문로28가길 9, 경복고등학교 (청운동)",03047,01,영업/정상,위탁급식영업,,,,
,,SK온 온기,위탁급식영업,,198550.794581565,452315.522758616,2026-05-06 22:43:44,I,01,영업,1079.39,,,,,,,,,2025-12-23 16:46:50,2023-07-20,"1,079.39",110-300,"서울특별시 종로구 관훈동 192-18 SK건설빌딩, 지하1층",N,,3000000-120-2023-00007,,3000000,"서울특별시 종로구 인사동7길 32, SK건설빌딩, 지하1층 (관훈동)",03149,01,영업/정상,위탁급식영업,02-3397-6000,,,상수도전용
,,주식회사 제이엠푸드,위탁급식영업,,197681.281072882,456441.606296067,2026-05-06 22:43:44,I,01,영업,62.78,,,,,,,,,2023-08-04 14:28:41,2023-08-04,62.78,110-846,서울특별시 종로구 평창동 101-1,N,,3000000-120-2023-00008,,3000000,"서울특별시 종로구 평창25길 8, 1층 (평창동)",03004,01,영업/정상,위탁급식영업,031-528-1238,,,상수도전용
,,삼성웰스토리(주)동아일보광화문,위탁급식영업,,197993.004036028,451917.062537808,2026-05-06 22:43:45,I,01,영업,454.59,,,,,,,,,2026-01-12 11:21:39,2023-08-17,454.59,110-110,서울특별시 종로구 서린동 159-1 동아미디어센터,N,,3000000-120-2023-00009,,3000000,"서울특별시 종로구 청계천로 1, 동아미디어센터 지하1층 (서린동)",03187,01,영업/정상,위탁급식영업,02-202-0010,,,상수도전용
학교정화(절대),,경기상업고등학교,위탁급식영업,2026-02-25,197265.267794545,454032.298913757,2026-05-06 22:43:45,I,02,폐업,163.84,,,,,,,,,2026-02-25 13:08:37,2024-02-27,163.84,110-030,서울특별시 종로구 청운동 89-3 경기상업고등학교,N,,3000000-120-2024-00001,,3000000,"서울특별시 종로구 자하문로 136, 경기상업고등학교 1-3층 (청운동)",03047,03,폐업,위탁급식영업,02-737-6490,,,상수도전용
,,하비에르 국제학교,위탁급식영업,,196051.340889352,456495.179178678,2026-05-06 22:43:45,I,01,영업,337,,,,,,,,,2024-08-06 13:24:15,2024-08-06,337.00,110-804,서울특별시 종로구 구기동 151 하비에르 국제학교,N,,3000000-120-2024-00005,,3000000,"서울특별시 종로구 비봉길 23, 하비에르 국제학교 (구기동)",03000,01,영업/정상,위탁급식영업,02-518-0855,,,
,,대신고점,위탁급식영업,,196559.568468364,452332.353866495,2026-05-06 22:43:45,I,01,영업,574,,,,,,,,,2024-09-02 12:04:13,2024-09-02,574.00,110-091,서울특별시 종로구 행촌동 171-1 대신중고등학교,N,,3000000-120-2024-00006,,3000000,"서울특별시 종로구 사직로 9, 대신중고등학교 (행촌동)",03029,01,영업/정상,위탁급식영업,02-736-0317,,,
,,직원식당,위탁급식영업,,198271.843790307,452533.899674194,2026-05-06 22:43:45,I,01,영업,132,,,,,,,,,2024-09-27 10:12:51,2024-09-27,132.00,110-885,서울특별시 종로구 수송동 85 서머셋팰리스서울 지하2층,N,,3000000-120-2024-00007,,3000000,"서울특별시 종로구 율곡로2길 7, 서머셋팰리스서울 지하2층 (수송동)",03143,01,영업/정상,위탁급식영업,02-6730-8074,,,
,,엘에스씨푸드 새문안교회 구내식당,위탁급식영업,,,,2026-05-06 22:43:45,I,01,영업,246.13,,,,,,,,,2025-01-14 17:32:50,2025-01-02,246.13,110-061,서울특별시 종로구 신문로1가 42 새문안교회 지하2층,N,,3000000-120-2025-00001,,3000000,"서울특별시 종로구 새문안로 79, 새문안교회 지하2층 (신문로1가)",03182,01,영업/정상,위탁급식영업,02-707-7000,,,
,,그랑서울 주식회사 지씨에스,위탁급식영업,,198286.311784052,452091.444332546,2026-05-06 22:43:46,I,01,영업,1694.05,,,,,,,,,2025-01-15 11:27:07,2025-01-06,"1,694.05",110-130,서울특별시 종로구 청진동 70 그랑서울 지하2층,N,,3000000-120-2025-00002,,3000000,"서울특별시 종로구 종로 33, 그랑서울 지하2층 (청진동)",03159,01,영업/정상,위탁급식영업,,,,
기타,,현대그린푸드 삼양본사점,위탁급식영업,,200029.656712659,452241.852291232,2026-05-06 22:43:46,I,01,영업,460.5,,,,,,,,,2025-02-03 15:55:33,2025-02-03,460.50,110-725,서울특별시 종로구 연지동 263 삼양사 사옥 5층,N,,3000000-120-2025-00003,,3000000,"서울특별시 종로구 종로33길 31, 삼양사 사옥 5층 (연지동)",03129,01,영업/정상,위탁급식영업,031-2489-1556,,,
,,가람푸드써비스(유) SGI 서울보증지점,위탁급식영업,,199998.556147267,452379.49778015,2026-05-06 22:43:46,I,01,영업,901.9,,,,,,,,,2025-02-26 14:49:07,2025-02-26,901.90,110-470,서울특별시 종로구 연지동 136-74 서울보증보험,N,,3000000-120-2025-00004,,3000000,"서울특별시 종로구 김상옥로 29, 서울보증보험 (연지동)",03128,01,영업/정상,위탁급식영업,02-573-8215,,,
,,가람푸드써비스(유) 서울국제고지점,위탁급식영업,2026-02-25,199588.717714716,454326.388544235,2026-05-06 22:43:46,I,02,폐업,231,,,,,,,,,2026-02-25 16:29:07,2025-02-26,231.00,110-521,서울특별시 종로구 명륜1가 1-27 서울국제고등학교,N,,3000000-120-2025-00005,,3000000,"서울특별시 종로구 성균관로13길 40, 서울국제고등학교 (명륜1가)",03066,03,폐업,위탁급식영업,02-573-8215,,,
,,(주)정오아카데미 서울예술고등학교점,위탁급식영업,2026-02-26,197227.339832775,455915.250190079,2026-05-06 22:43:46,I,02,폐업,862,,,,,,,,,2026-02-26 14:37:20,2025-02-27,862.00,110-847,서울특별시 종로구 평창동 217 서울예술고등학교,N,,3000000-120-2025-00006,,3000000,"서울특별시 종로구 평창문화로 70, 서울예술고등학교 (평창동)",03011,03,폐업,위탁급식영업,02-996-7691,,,
,,참푸드시스템 배화여자고등학교,위탁급식영업,,197002.668255774,452893.430637392,2026-05-06 22:43:46,I,01,영업,797,,,,,,,,,2025-02-27 15:21:27,2025-02-27,797.00,110-735,"서울특별시 종로구 필운동 12 배화여자대학교,배화여자중,고등학교",N,,3000000-120-2025-00007,,3000000,"서울특별시 종로구 필운대로1길 34, 배화여자대학교,배화여자중,고등학교 (필운동)",03039,01,영업/정상,위탁급식영업,02-724-0305,,,
,,참푸드시스템 대동세무고등학교,위탁급식영업,,198860.718011375,453291.560895364,2026-05-06 22:43:46,I,01,영업,681.75,,,,,,,,,2025-02-27 15:31:05,2025-02-27,681.75,110-800,서울특별시 종로구 계동 35 대동세무고등학교,N,,3000000-120-2025-00008,,3000000,"서울특별시 종로구 계동길 84-10, 대동세무고등학교 (계동)",03057,01,영업/정상,위탁급식영업,02-763-9742,,,
,,사조 푸디스트(주) 한국금융연수원점,위탁급식영업,,198400.394546533,453750.817319944,2026-05-06 22:43:46,I,01,영업,714.4,,,,,,,,,2026-04-22 14:39:44,2025-02-28,714.40,110-230,서울특별시 종로구 삼청동 28-1 한국금융연수원 2층,N,,3000000-120-2025-00009,,3000000,"서울특별시 종로구 삼청로 118, 한국금융연수원 2층 (삼청동)",03053,01,영업/정상,위탁급식영업,02-1811-9696,,,
,,(주) 기운찬 이북5도청,위탁급식영업,,196041.839277471,456849.290514941,2026-05-06 22:43:46,I,01,영업,222,,,,,,,,,2025-04-23 10:02:58,2025-04-23,222.00,110-804,서울특별시 종로구 구기동 139 이북5도청,N,,3000000-120-2025-00011,,3000000,"서울특별시 종로구 비봉길 64, 이북5도청 (구기동)",03001,01,영업/정상,위탁급식영업,070-8288-4104,,,
,,(주)한울에프앤에스 광화문우체국,위탁급식영업,,197995.218793409,451945.047247204,2026-05-06 22:43:46,I,01,영업,684.47,,,,,,,,,2025-08-01 17:48:15,2025-08-01,684.47,110-110,서울특별시 종로구 서린동 154-1 광화문우체국,N,,3000000-120-2025-00012,,3000000,"서울특별시 종로구 종로 6, 광화문우체국 10층 (서린동)",03187,01,영업/정상,위탁급식영업,,,,상수도전용
,,사조푸디스트 현대계동빌딩점,위탁급식영업,,198817.289034611,452901.786745273,2026-05-06 22:43:46,I,01,영업,778.95,,,,,,,,,2026-04-23 16:39:57,2025-12-04,756.09,110-793,서울특별시 종로구 계동 140-2 현대빌딩 지하2층,N,,3000000-120-2025-00013,,3000000,"서울특별시 종로구 율곡로 75, 현대빌딩 지하2층 (계동)",03058,01,영업/정상,위탁급식영업,02-2134-7894,,,
,,(주)고메드갤러리아 포시즌스호텔서울,위탁급식영업,,197758.993026787,452053.420838552,2026-05-06 22:43:46,I,01,영업,201.77,,,,,,,,,2025-12-10 15:32:23,2025-12-10,201.77,110-071,서울특별시 종로구 당주동 30 지하3층,N,,3000000-120-2025-00014,,3000000,"서울특별시 종로구 새문안로 97, 지하3층 (당주동)",03183,01,영업/정상,위탁급식영업,080-850-0482,,,
,,(주)아워홈 한화토탈에너지스 종로점,위탁급식영업,,198952.501606235,452729.319337378,2026-05-06 22:43:46,I,01,영업,463.83,,,,3,,,,,2025-12-24 10:22:49,2025-12-24,463.83,110-350,서울특별시 종로구 운니동 98-5 INNO88 TOWER 3층,N,3,3000000-120-2025-00015,,3000000,"서울특별시 종로구 율곡로 88, INNO88 TOWER 3층 (운니동)",03131,01,영업/정상,위탁급식영업,,,,상수도전용
,,본우리집밥 보령본사점,위탁급식영업,,199749.709303956,452471.681673191,2026-05-06 22:43:46,I,01,영업,522.14,,,,,,,,,2026-01-05 13:33:57,2025-12-29,522.14,110-750,서울특별시 종로구 원남동 66-21 보령빌딩 지하2층,N,,3000000-120-2025-00016,,3000000,"서울특별시 종로구 창경궁로 136, 보령빌딩 지하2층 (원남동)",03127,01,영업/정상,위탁급식영업,02-3019-2273,,,
,,그랑서울2 주식회사 지씨에스,위탁급식영업,,198286.311784052,452091.444332546,2026-05-06 22:43:46,I,01,영업,2226.19,,,,,,,,,2025-12-31 10:47:05,2025-12-31,"2,226.19",110-130,서울특별시 종로구 청진동 70 그랑서울 지하2층,N,,3000000-120-2025-00017,,3000000,"서울특별시 종로구 종로 33, 그랑서울 지하2층 (청진동)",03159,01,영업/정상,위탁급식영업,,,,
,,대한에프에쓰에쓰(주) 나인트리 바이 파르나스 인사동,위탁급식영업,,198498.918632911,452473.403750001,2026-05-06 22:43:46,I,01,영업,137.5,,,,,,,,,2025-12-31 11:31:15,2025-12-31,137.50,110-300,서울특별시 종로구 관훈동 155-2 지하2층,N,,3000000-120-2025-00018,,3000000,"서울특별시 종로구 인사동길 49, 지하2층 (관훈동)",03145,01,영업/정상,위탁급식영업,02-2141-0207,,,
,,사조푸디스트 NH농협타워점,위탁급식영업,,,,2026-05-06 22:43:46,I,01,영업,2812.6,,,,,,,,,2026-04-22 17:58:33,2025-12-31,"2,812.60",110-102,서울특별시 종로구 평동 222 NH농협타워 지하2층,N,,3000000-120-2025-00019,,3000000,"서울특별시 종로구 통일로 134, NH농협타워 지하2층 (평동)",03181,01,영업/정상,위탁급식영업,,,,
,,본우리집밥 서울지방국세청점,위탁급식영업,,198152.261728844,452419.865978696,2026-05-06 22:43:46,I,01,영업,729.98,,,,,,,,,2026-01-02 15:58:50,2026-01-02,729.98,110-705,서울특별시 종로구 수송동 104 서울지방국세청,N,,3000000-120-2026-00001,,3000000,"서울특별시 종로구 종로5길 86, 서울지방국세청 15층 (수송동)",03151,01,영업/정상,위탁급식영업,02-3019-2273,,,
,,(주)아워홈 메이플자이서초점,위탁급식영업,,201024.481364815,445492.334204608,2026-05-06 22:35:05,I,01,영업,1017.4,,,,,,,,,2025-09-03 13:50:46,2025-09-03,"1,017.40",137-907,서울특별시 서초구 잠원동 60-3 메이플 자이 2단지 202동 지하1층,N,,3210000-120-2025-00009,,3210000,"서울특별시 서초구 신반포로 253, 202동 지하1층 (잠원동, 메이플 자이 2단지)",06523,01,영업/정상,위탁급식영업,080-234-7575,,,
,,CJ프레시웨이 래미안원베일리점,위탁급식영업,,,,2026-05-06 22:35:05,I,01,영업,581.62,,,,,,,,,2025-09-26 15:21:51,2025-09-26,581.62,137-800,서울특별시 서초구 반포동 1 래미안 원베일리,N,,3210000-120-2025-00010,,3210000,"서울특별시 서초구 반포대로 333, B3층 (반포동, 래미안 원베일리)",06506,01,영업/정상,위탁급식영업,,,,
,,(주)풀무원푸드앤컬처 삼성전자서울R&D캠퍼스1식당,위탁급식영업,,201988.069805894,440329.694574605,2026-05-06 22:35:05,I,01,영업,7157,,,,,,,,,2025-09-26 15:27:10,2025-09-26,"7,157.00",137-901,서울특별시 서초구 우면동 689 (주)삼성전자 서울R&D캠퍼스 지하1층,N,,3210000-120-2025-00011,,3210000,서울특별시 서초구 성촌길 33 (주)삼성전자 서울R&D캠퍼스 지하1층 (우면동),06765,01,영업/정상,위탁급식영업,02-3400-7795,,,
,,(주)빌텍서울지방조달청점,위탁급식영업,,200194.426588429,444128.805256091,2026-05-06 22:35:05,I,01,영업,1128,,,,,,,,,2025-12-04 10:56:10,2025-12-04,"1,128.00",137-807,서울특별시 서초구 반포동 520-3 1층,N,,3210000-120-2025-00012,,3210000,"서울특별시 서초구 반포대로 217, 1층 (반포동)",06578,01,영업/정상,위탁급식영업,,,,
,,CJ프레시웨이래미안원펜타스점,위탁급식영업,,199367.291009454,444618.275228343,2026-05-06 22:35:06,I,01,영업,595,,,,,,,,,2025-12-12 13:16:19,2025-12-12,595.00,137-800,서울특별시 서초구 반포동 12 래미안 원펜타스 커뮤니티 B1 카페테리아,N,,3210000-120-2025-00013,,3210000,"서울특별시 서초구 신반포로15길 1, B1층 (반포동, 래미안 원펜타스)",06503,01,영업/정상,위탁급식영업,,,,
,,(주)현대그린푸드 케이씨씨건설,위탁급식영업,,201643.645893671,445764.161880369,2026-05-06 22:34:43,I,01,영업,463,,,,0,,,,,2023-03-15 16:43:19,2003-05-31,463.00,137-903,서울특별시 서초구 잠원동 27-8 9층,N,0,3210000-120-2003-00002,,3210000,"서울특별시 서초구 강남대로 587 (잠원동,9층)",06526,01,영업/정상,위탁급식영업,,,,
,,아라마크 주식회사 KEB하나은행지점,위탁급식영업,,199426.370808508,442619.495004961,2026-05-06 22:34:46,I,01,영업,19.8,,,,0,,,,,2024-04-18 14:55:23,2003-10-14,19.80,137-844,서울특별시 서초구 방배동 935-34 외환카드빌딩 B1,N,0,3210000-120-2003-00033,,3210000,"서울특별시 서초구 방배로 131 (방배동,외환카드빌딩 B1)",06672,01,영업/정상,위탁급식영업,02-524-9734,,,상수도전용
,,(주)현대그린푸드 현대기아차본사지점,위탁급식영업,,203705.426304066,440222.152896766,2026-05-06 22:34:47,I,01,영업,4233,,,,0,,,,,2026-03-10 09:49:21,2003-10-16,"4,233.00",137-938,서울특별시 서초구 양재동 231 현대기아자동차빌딩,N,0,3210000-120-2003-00042,,3210000,"서울특별시 서초구 헌릉로 12, 현대기아자동차빌딩 B1F층 (양재동)",06797,01,영업/정상,위탁급식영업,02-3464-4901,,,상수도전용
,,(주)고메드갤러리아 백화점강남점 구내식당,위탁급식영업,,200250.447804795,444683.220506107,2026-05-06 22:34:47,I,01,영업,470.45,,,,0,,,,,2025-12-11 14:09:42,2003-10-17,470.45,137-713,서울특별시 서초구 반포동 19-3 지하 2층,N,0,3210000-120-2003-00044,,3210000,"서울특별시 서초구 신반포로 176, 지하 2층 (반포동)",06546,01,영업/정상,위탁급식영업,02-3479-1195,,,상수도전용
,,디씨에프(주),위탁급식영업,,203470.789468659,442244.467062181,2026-05-06 22:34:50,I,01,영업,93.64,,,,0,,,,,2015-12-31 13:56:31,2003-11-28,93.64,137-888,서울특별시 서초구 양재동 18-5 성영빌라트 2층 201호,N,0,3210000-120-2003-00070,,3210000,"서울특별시 서초구 강남대로30길 52, 2층 201호 (양재동, 성영빌라트)",06745,01,영업/정상,위탁급식영업,,,,상수도전용
,,(주)씨엔푸드꽃동산지점,위탁급식영업,,,,2026-05-06 22:34:51,I,01,영업,29.7,,,,0,,,,,2004-03-09 00:00:00,2004-03-09,29.70,137-040,서울특별시 서초구 반포동 20-6 (1층),N,0,3210000-120-2004-00006,,3210000,,,01,영업/정상,위탁급식영업,02-591-3178,,,상수도전용
,,(주)아워홈 서울시어린이병원,위탁급식영업,,206059.856619754,439252.151463844,2026-05-06 22:34:52,I,01,영업,387,,,,14,,,,,2025-05-29 09:47:39,2006-02-01,387.00,137-180,서울특별시 서초구 내곡동 6-7 지층,N,1,3210000-120-2006-00002,,3210000,"서울특별시 서초구 헌릉로 260, 지층 (내곡동)",06801,01,영업/정상,위탁급식영업,080-234-7575,,,상수도전용
,,삼성웰스토리(주) 레포츠식당,위탁급식영업,,201836.199766856,443284.171448529,2026-05-06 22:34:53,I,01,영업,213.75,,,,5,,,,,2026-01-09 10:48:29,2006-06-30,213.75,137-880,서울특별시 서초구 서초동 1645,N,2,3210000-120-2006-00008,,3210000,서울특별시 서초구 서초대로64길 76-21 (서초동),06636,01,영업/정상,위탁급식영업,02-3463-1802,,,
,,(주)현대그린푸드 KCC본사,위탁급식영업,,201737.068585815,444519.267486166,2026-05-06 22:34:54,I,01,영업,746,,,,,,,,,2023-03-15 16:41:40,2008-03-12,746.00,137-855,서울특별시 서초구 서초동 1301-4 서초사옥 지하1층,N,,3210000-120-2008-00003,,3210000,"서울특별시 서초구 사평대로 344 (서초동,서초사옥 지하1층)",06608,01,영업/정상,위탁급식영업,02-3480-5598,,,상수도전용
,,사조푸디스트 주식회사 삼광의료재단점,위탁급식영업,,203512.608253645,442322.761195191,2026-05-06 22:34:55,I,01,영업,117.35,,,,,,,,,2026-04-23 17:01:25,2008-03-31,117.35,137-886,서울특별시 서초구 양재동 7-41 지하1층,N,,3210000-120-2008-00007,,3210000,"서울특별시 서초구 바우뫼로41길 58, 지하1층 (양재동)",06741,01,영업/정상,위탁급식영업,,,,
,,삼성웰스토리(주) 생명서초,위탁급식영업,,202305.084677949,443831.909375165,2026-05-06 22:34:55,I,01,영업,4711,,,,,,,,,2026-01-09 10:55:04,2008-11-06,"4,711.00",137-857,서울특별시 서초구 서초동 1320-10 삼성전자 서초사옥 지하2층,N,,3210000-120-2008-00012,,3210000,"서울특별시 서초구 서초대로74길 11, 지하2층 (서초동, 삼성전자 서초사옥)",06620,01,영업/정상,위탁급식영업,,,,
,,(주)아워홈 LG전자서초점사원식당,위탁급식영업,,202986.506956552,439872.490917827,2026-05-06 22:34:55,I,01,영업,4224,,,,,,,,,2025-05-29 09:56:39,2009-01-28,"4,224.00",137-893,서울특별시 서초구 양재동 221,N,,3210000-120-2009-00002,,3210000,서울특별시 서초구 양재대로11길 19 (양재동),06772,01,영업/정상,위탁급식영업,080-234-7575,,,
,,서울성모병원환자급식,위탁급식영업,,200394.225955905,444207.694481581,2026-05-06 22:34:55,I,01,영업,1197.24,,,,,,,,,2023-03-16 11:27:32,2009-03-10,"1,197.24",137-807,서울특별시 서초구 반포동 505 서울성모병원,N,,3210000-120-2009-00003,,3210000,"서울특별시 서초구 반포대로 222, 서울성모병원 (반포동)",06591,01,영업/정상,위탁급식영업,02-2258-6401,,,
,,한나푸드피아,위탁급식영업,,199307.054188364,443513.127466343,2026-05-06 22:34:57,I,01,영업,24.12,,,,,,,,,2021-03-05 13:24:48,2010-12-22,24.12,137-830,서울특별시 서초구 방배동 797-18 4층,N,,3210000-120-2010-00014,,3210000,"서울특별시 서초구 동광로 95-2, 4층 (방배동)",06584,01,영업/정상,위탁급식영업,,,,
,,씨제이프레시웨이(주) 씨제이이엔엠 커머스부문점,위탁급식영업,,198836.324746887,440753.993971457,2026-05-06 22:34:45,I,01,영업,928.89,,,,0,,,,,2024-07-24 10:46:46,2003-10-10,928.89,137-853,서울특별시 서초구 방배동 2724-0 지하1층,N,0,3210000-120-2003-00029,,3210000,"서울특별시 서초구 과천대로 870-13, 지하1층 (방배동)",06761,01,영업/정상,위탁급식영업,02-2107-0118,,,상수도전용
,,메가스터티(주)메가푸드 덕원지점,위탁급식영업,,201621.441195967,442661.56881241,2026-05-06 22:34:58,I,01,영업,738,,,,,,,,,2020-04-09 14:53:52,2011-04-01,738.00,137-877,서울특별시 서초구 서초동 1603-54 덕원빌딩 지하 1층,N,,3210000-120-2011-00013,,3210000,"서울특별시 서초구 효령로 321, 지하 1층 (서초동, 덕원빌딩)",06643,01,영업/정상,위탁급식영업,,,,
,,메이플 푸드(급식소:고도일병원),위탁급식영업,,201863.660437469,445051.582957908,2026-05-06 22:34:58,I,01,영업,156.43,,,,,,,,,2016-03-22 09:08:29,2011-10-31,156.43,137-809,서울특별시 서초구 반포동 724-27,N,,3210000-120-2011-00024,,3210000,서울특별시 서초구 사평대로57길 81 (반포동),06536,01,영업/정상,위탁급식영업,02-2666-2022,,,
,,(주)부길,위탁급식영업,,201943.524337491,444978.789098921,2026-05-06 22:34:58,I,01,영업,15,,,,,,,,,2022-04-14 14:04:33,2011-11-04,15.00,137-810,서울특별시 서초구 반포동 736-9 9층,N,,3210000-120-2011-00025,,3210000,"서울특별시 서초구 강남대로 505, 9층 (반포동)",06536,01,영업/정상,위탁급식영업,,,,
,,(주)동원홈푸드 GS건설 서초타워점,위탁급식영업,,201803.380443919,442337.458957919,2026-05-06 22:34:59,I,01,영업,472,,,,,,,,,2023-10-19 17:23:16,2012-06-07,472.00,137-864,서울특별시 서초구 서초동 1424-2 지하2층,N,,3210000-120-2012-00008,,3210000,"서울특별시 서초구 남부순환로 2477, 지하2층 (서초동)",06725,01,영업/정상,위탁급식영업,,,,
,,후레시푸드,위탁급식영업,,201306.275742835,442909.692373918,2026-05-06 22:34:59,I,01,영업,20,,,,,,,,,2012-06-28 14:47:18,2012-06-28,20.00,137-878,서울특별시 서초구 서초동 1625-1 2층,N,,3210000-120-2012-00010,,3210000,"서울특별시 서초구 사임당로 50, 2층 (서초동)",06640,01,영업/정상,위탁급식영업,02-6013-4843,,,
,,아라마크(주) 한신공영지점,위탁급식영업,,200628.43767533,445580.594039349,2026-05-06 22:34:59,I,01,영업,449.36,,,,,,,,,2024-04-19 10:03:08,2012-07-09,449.36,137-907,서울특별시 서초구 잠원동 65-32,N,,3210000-120-2012-00013,,3210000,서울특별시 서초구 잠원로 94 (잠원동),06520,01,영업/정상,위탁급식영업,,,,
,,(주)쿼드라,위탁급식영업,,199525.426404428,444661.964008125,2026-05-06 22:34:59,I,01,영업,495,,,,,,,,,2019-10-31 10:16:50,2012-08-21,495.00,137-800,서울특별시 서초구 반포동 5-1 덜위치칼리지서울내,N,,3210000-120-2012-00014,,3210000,"서울특별시 서초구 신반포로15길 6 (반포동, 덜위치칼리지서울내)",06504,01,영업/정상,위탁급식영업,,,,
,,씨제이프레시웨이(주),위탁급식영업,,199746.802225334,443751.560159668,2026-05-06 22:35:00,I,01,영업,327.94,,,,,,,,,2024-07-15 14:21:26,2013-11-12,327.94,137-040,"서울특별시 서초구 반포동 98-2 ,3호 지하 1층",N,,3210000-120-2013-00010,,3210000,"서울특별시 서초구 서래로 7, 지하 1층 (반포동)",06581,01,영업/정상,위탁급식영업,02-2149-6202,,,
,,야미찬,위탁급식영업,,201107.634736928,443999.067092566,2026-05-06 22:35:00,I,01,영업,29.7,,,,,,,,,2019-03-13 15:12:41,2013-12-04,29.70,137-882,서울특별시 서초구 서초동 1685-3 아크로비스타 제지하에이 지하3층 B334호,N,,3210000-120-2013-00011,,3210000,"서울특별시 서초구 서초중앙로 188, B334호 (서초동, 아크로비스타 제지하에이 지하3층)",06600,01,영업/정상,위탁급식영업,,,,
,,주식회사 장덕바이오,위탁급식영업,,201353.74049169,442618.447987766,2026-05-06 22:35:00,I,01,영업,176.96,,,,,,,,,2020-03-26 16:40:04,2014-05-30,176.96,137-877,서울특별시 서초구 서초동 1603-1 블루핀타워 501호,N,,3210000-120-2014-00005,,3210000,"서울특별시 서초구 서초중앙로 42, 블루핀타워 5층 501호 (서초동)",06643,01,영업/정상,위탁급식영업,02-593-0052,,,
,,씨제이프레시웨이(주) CJ빌딩 방배점,위탁급식영업,,199971.14619007,441431.482365654,2026-05-06 22:35:00,I,01,영업,199.4,,,,,,,,,2024-07-26 13:25:26,2014-07-10,199.40,137-851,서울특별시 서초구 방배동 1026-25 외 2필지 방배CJ빌딩 지하1 층,N,,3210000-120-2014-00006,,3210000,"서울특별시 서초구 남부순환로 2271, 지하1 층 (방배동, 방배CJ빌딩)",06703,01,영업/정상,위탁급식영업,02-2017-1181,,,
,,(주)아워홈 21세기병원 서초점,위탁급식영업,,201322.30487951,442566.64109412,2026-05-06 22:35:00,I,01,영업,126.5,,,,,,,,,2025-05-29 09:49:09,2014-11-25,126.50,137-953,서울특별시 서초구 서초동 1602-8 21세기병원 12층,N,,3210000-120-2014-00010,,3210000,"서울특별시 서초구 서초중앙로 39, 12층 (서초동, 21세기병원)",06654,01,영업/정상,위탁급식영업,080-234-7575,,,
,,푸드앤컬처 참포도나무병원,위탁급식영업,,203350.547009323,441971.940635973,2026-05-06 22:35:01,I,01,영업,100,,,,,,,,,2023-07-19 15:50:54,2015-09-01,100.00,137-888,서울특별시 서초구 양재동 20-7 7층 샤론의꽃빌딩,N,,3210000-120-2015-00008,,3210000,"서울특별시 서초구 바우뫼로35길 32, 7층 (양재동, 샤론의꽃빌딩)",06744,01,영업/정상,위탁급식영업,02-3400-7661,,,
,,삼성웰스토리(주) 서울R&D캠퍼스2,위탁급식영업,,201955.71797629,440481.666297089,2026-05-06 22:35:01,I,01,영업,12794.28,,,,,,,,,2026-01-14 13:56:10,2015-11-04,"12,794.28",137-901,서울특별시 서초구 우면동 678 지하1층,N,,3210000-120-2015-00009,,3210000,"서울특별시 서초구 성촌길 56, 지하1층 (우면동)",06765,01,영업/정상,위탁급식영업,031-279-0485,,,
,,삼성웰스토리(주) 서울R&D캠퍼스1단지 외빈,위탁급식영업,,201988.069805894,440329.694574605,2026-05-06 22:35:01,I,01,영업,215,,,,,,,,,2026-01-14 14:00:18,2015-12-30,215.00,137-901,서울특별시 서초구 우면동 689 우면R&D센터(연구2부지)ABC동 3층,N,,3210000-120-2015-00011,,3210000,"서울특별시 서초구 성촌길 33, ABC동 3층 (우면동, 우면R&D센터(연구2부지))",06765,01,영업/정상,위탁급식영업,,,,
,,(주)푸드파인 강남뉴코아점,위탁급식영업,,200576.608647619,445241.8984183,2026-05-06 22:35:01,I,01,영업,50,,,,,,,,,2016-04-01 17:24:22,2016-04-01,50.00,137-908,서울특별시 서초구 잠원동 70-2 뉴코아백화점 지하2층,Y,,3210000-120-2016-00006,,3210000,"서울특별시 서초구 잠원로 51, 지하2층 (잠원동, 뉴코아백화점)",06511,01,영업/정상,위탁급식영업,,,,
,,롯데칠성신협 서초분점,위탁급식영업,,201954.551,443786.7605,2026-05-06 22:35:01,I,01,영업,82.5,,,,,,,,,2022-03-21 14:29:06,2016-06-30,82.50,137-857,서울특별시 서초구 서초동 1322 2층 롯데칠성,Y,,3210000-120-2016-00010,,3210000,"서울특별시 서초구 서초대로70길 15, 2층 (서초동)",06618,01,영업/정상,위탁급식영업,02-3474-9549,,,
,,(주)위드씨엠에스(서초 SLP 어학원),위탁급식영업,,200735.529540077,444629.80563119,2026-05-06 22:35:01,I,01,영업,14,,,,2,,,,,2016-07-13 17:45:29,2016-07-13,14.00,137-803,서울특별시 서초구 반포동 59-6,N,,3210000-120-2016-00012,,3210000,"서울특별시 서초구 고무래로 6-10, 4층 (반포동, 교통신문빌딩)",06593,01,영업/정상,위탁급식영업,,,,
,,(재)케이티그룹희망나눔재단 방배,위탁급식영업,,200214.828933969,442206.118999192,2026-05-06 22:35:02,I,01,영업,308.78,,,,,,,,,2023-12-26 16:12:20,2017-01-02,308.78,137-850,서울특별시 서초구 방배동 1001-1 KT방배빌딩 5층,N,,3210000-120-2017-00003,,3210000,"서울특별시 서초구 효령로 174, 5층 (방배동, KT방배빌딩 )",06707,01,영업/정상,위탁급식영업,,,,
,,마음식당&카페형매점,위탁급식영업,,203747.849806806,441192.958631143,2026-05-06 22:35:02,I,01,영업,50,,,,,,,,,2026-01-15 14:11:16,2017-02-01,50.00,137-896,서울특별시 서초구 양재동 309 언남문화체육센터 지하1층,N,,3210000-120-2017-00006,,3210000,"서울특별시 서초구 동산로13길 35, 지하1층 (양재동, 언남문화체육센터)",06780,01,영업/정상,위탁급식영업,,,,
,,(주)에이치케이푸드 반포세무서,위탁급식영업,,199302.164461532,442870.774714973,2026-05-06 22:35:02,I,01,영업,330,,,,,,,,,2017-06-12 10:37:29,2017-06-12,330.00,137-708,서울특별시 서초구 방배동 874-4 반포세무서 6층,N,,3210000-120-2017-00012,,3210000,"서울특별시 서초구 방배로 163, 6층 (방배동, 반포세무서)",06573,01,영업/정상,위탁급식영업,,,,
,,(주)리앤이엠지엠,위탁급식영업,,202511.405143886,442532.881759045,2026-05-06 22:35:02,I,01,영업,40.58,,,,,,,,,2017-07-28 16:54:07,2017-07-28,40.58,137-862,"서울특별시 서초구 서초동 1355-17 9층, 서초대우디오빌 915호",N,,3210000-120-2017-00020,,3210000,"서울특별시 서초구 서운로 11, 9층 915호 (서초동, 서초대우디오빌)",06733,01,영업/정상,위탁급식영업,02-963-7785,,,
,,다온푸드 365MC점,위탁급식영업,,201178.653260998,443421.176493515,2026-05-06 22:35:02,I,01,영업,58,,,,,,,,,2023-04-26 15:35:14,2017-08-01,58.00,137-881,서울특별시 서초구 서초동 1657-1 6층,N,,3210000-120-2017-00021,,3210000,"서울특별시 서초구 서초중앙로 126, 6층 (서초동)",06634,01,영업/정상,위탁급식영업,,,,
,,메이플런치카페,위탁급식영업,,201352.259662482,442187.637570667,2026-05-06 22:35:02,I,01,영업,232.61,,,,,,,,,2018-01-09 12:16:59,2017-08-22,232.61,137-867,"서울특별시 서초구 서초동 1449-9 지하1층, 케이탑리츠 서초빌딩",N,,3210000-120-2017-00022,,3210000,"서울특별시 서초구 반포대로4길 58, 지하1층 (서초동, 케이탑리츠 서초빌딩)",06719,01,영업/정상,위탁급식영업,,,,
,,주식회사 장덕바이오,위탁급식영업,,201501.672660443,442505.573142545,2026-05-06 22:35:02,I,01,영업,42.14,,,,,,,,,2017-09-13 16:35:39,2017-09-13,42.14,137-728,"서울특별시 서초구 서초동 1445-3 12층, 국제전자센터",N,,3210000-120-2017-00023,,3210000,"서울특별시 서초구 효령로 304, 12층 (서초동, 국제전자센터)",06720,01,영업/정상,위탁급식영업,,,,
,,(주)고메드갤러리아 신세계강남본사점,위탁급식영업,,200554.74395758,444811.364826199,2026-05-06 22:35:02,I,01,영업,610.5,,,,,,,,,2025-12-10 14:55:14,2017-09-14,610.50,137-713,서울특별시 서초구 반포동 19-4 서울고속터미널 본관동 5층,N,,3210000-120-2017-00024,,3210000,"서울특별시 서초구 신반포로 194, 5층 (반포동, 서울고속터미널 본관동)",06545,01,영업/정상,위탁급식영업,,,,
,,(주)원푸드코리아,위탁급식영업,,202014.206600227,444556.487126756,2026-05-06 22:35:02,I,01,영업,45.14,,,,,,,,,2017-12-21 18:09:18,2017-12-21,45.14,137-855,"서울특별시 서초구 서초동 1303-10 312호, 313호",N,,3210000-120-2017-00026,,3210000,"서울특별시 서초구 사평대로56길 7, 312호, 313호 (서초동, 서초한일유앤아이주상복합)",06611,01,영업/정상,위탁급식영업,,,,
,,델리도로교통공단서울점,위탁급식영업,,203853.910379812,440405.05864823,2026-05-06 22:35:03,I,01,영업,409,,,,,,,,,2018-04-02 15:34:48,2018-04-02,409.00,137-170,서울특별시 서초구 염곡동 300-11 도로교통공단서울특별시지부9층,N,,3210000-120-2018-00008,,3210000,"서울특별시 서초구 양재대로 242, 도로교통공단서울특별시지부 9층 (염곡동)",06792,01,영업/정상,위탁급식영업,02-3453-0823,,,
,,(주)아워홈 올바로병원서초점,위탁급식영업,,200324.626408302,442669.649678322,2026-05-06 22:35:03,I,01,영업,59.3,,,,,,,,,2025-05-29 09:39:08,2018-06-15,59.30,137-871,서울특별시 서초구 서초동 1515-4 지하1층,N,,3210000-120-2018-00009,,3210000,"서울특별시 서초구 명달로 102, 서원빌딩 지하1층 (서초동)",06668,01,영업/정상,위탁급식영업,080-234-7575,,,
,,(주)한결푸드서비스 상문고등학교 학생식당,위탁급식영업,,200309.027220146,441944.691522563,2026-05-06 22:35:03,I,01,영업,200,,,,,,,,,2026-03-05 13:23:48,2018-07-24,200.00,137-849,서울특별시 서초구 방배동 1000-1 상문고등학교,N,,3210000-120-2018-00012,,3210000,"서울특별시 서초구 명달로 45, 상문고등학교 (방배동)",06707,01,영업/정상,위탁급식영업,,,,
,,삼성금융캠퍼스,위탁급식영업,,201730.78273369,443305.502426124,2026-05-06 22:35:03,I,01,영업,1276.03,,,,,,,,,2024-07-17 16:16:29,2018-08-31,"1,276.03",137-926,서울특별시 서초구 서초동 1641-10 서초 금융 캠퍼스,N,,3210000-120-2018-00013,,3210000,"서울특별시 서초구 사임당로23길 27, 서초금융캠퍼스 구내식당 지하2층 (서초동)",06635,01,영업/정상,위탁급식영업,,,,
,,오렌지 푸드 플러스 누리플렉스 구내식당,위탁급식영업,,198701.89443902,444014.247273547,2026-05-06 22:35:03,I,01,영업,150,,,,,,,,,2023-09-06 15:33:03,2018-10-08,150.00,137-828,서울특별시 서초구 방배동 750-14 누리빌딩,N,,3210000-120-2018-00015,,3210000,"서울특별시 서초구 사평대로 16, 누리빌딩 지하1층 (방배동)",06552,01,영업/정상,위탁급식영업,,,,
,,라미찬,위탁급식영업,,198464.569551277,441678.090311513,2026-05-06 22:35:03,I,01,영업,15.3,,,,,,,,,2019-03-13 15:47:06,2019-03-13,15.30,137-818,서울특별시 서초구 방배동 450-17 웅지빌딩 643호,N,,3210000-120-2019-00005,,3210000,"서울특별시 서초구 방배천로2길 7, 웅지빌딩 6층 643호 (방배동)",06693,01,영업/정상,위탁급식영업,,,,
,,라미찬,위탁급식영업,,201310.903586376,444037.347883392,2026-05-06 22:35:03,I,01,영업,70,,,,2,,,,,2019-04-16 17:52:39,2019-03-13,70.00,137-779,서울특별시 서초구 서초동 1685 삼풍아파트 1층 여나유치원,N,,3210000-120-2019-00006,,3210000,"서울특별시 서초구 서초중앙로 200, 1층 (서초동, 삼풍아파트)",06601,01,영업/정상,위탁급식영업,,,,
,,씨에스푸드 서초점,위탁급식영업,,202503.485056887,442457.349985651,2026-05-06 22:35:03,I,01,영업,528.83,,,,,,,,,2022-08-23 14:00:42,2019-06-28,528.83,137-861,서울특별시 서초구 서초동 1354-3 지하1,N,,3210000-120-2019-00009,,3210000,"서울특별시 서초구 남부순환로 2547, 지하1층 (서초동)",06733,01,영업/정상,위탁급식영업,,,,
,,(주)엘에스씨푸드 아리랑티비,위탁급식영업,,200642.013992918,441879.687320882,2026-05-06 22:35:03,I,01,영업,346.99,,,,,,,,,2019-08-02 14:27:57,2019-08-02,346.99,137-868,서울특별시 서초구 서초동 1467-80 1층,N,,3210000-120-2019-00011,,3210000,"서울특별시 서초구 남부순환로 2351, 1층 (서초동)",06713,01,영업/정상,위탁급식영업,02-3392-0455,,,
,,(주)정오아카데미 백석예술대학교,위탁급식영업,,199634.913082354,442063.81483497,2026-05-06 22:35:03,I,01,영업,960.6,,,,,,,,,2019-08-06 10:26:00,2019-08-06,960.60,137-848,서울특별시 서초구 방배동 981-10 지하2층(건축물 지하4층),N,,3210000-120-2019-00012,,3210000,"서울특별시 서초구 효령로 114, 지하2층 (방배동)",06695,01,영업/정상,위탁급식영업,02-996-7691,,,
,,씨제이프레시웨이(주)송암빌딩점 식당,위탁급식영업,,203908.342097327,440422.094963963,2026-05-06 22:35:03,I,01,영업,617.4,,,,,,,,,2024-07-25 16:08:41,2019-09-30,617.40,137-170,서울특별시 서초구 염곡동 300-4 지하1층,N,,3210000-120-2019-00013,,3210000,"서울특별시 서초구 양재대로 246, 지하1층 (염곡동)",06792,01,영업/정상,위탁급식영업,,,,
,,티엔티푸드(주) 서울서초우체국점,위탁급식영업,,203592.454310735,440878.155313163,2026-05-06 22:35:03,I,01,영업,210,,,,,,,,,2019-11-01 17:18:50,2019-11-01,210.00,137-132,서울특별시 서초구 양재동 324-2 서울서초우체국 6층,N,,3210000-120-2019-00014,,3210000,"서울특별시 서초구 동산로 19, 서울서초우체국 6층 (양재동)",06779,01,영업/정상,위탁급식영업,02-477-0819,,,
,,(주)아워홈 대검찰청서초점,위탁급식영업,,200351.965571084,443490.358949882,2026-05-06 22:35:03,I,01,영업,2673.84,,,,,,,,,2025-06-05 12:02:10,2019-12-31,"2,673.84",137-070,"서울특별시 서초구 서초동 1730-1 별관2층,3층",N,,3210000-120-2019-00015,,3210000,"서울특별시 서초구 반포대로 157, 별관 2층,3층 (서초동)",06590,01,영업/정상,위탁급식영업,02-6966-9274,,,
,,본우리집밥 서울검찰청사점,위탁급식영업,,200660.852136343,443653.791242069,2026-05-06 22:35:03,I,01,영업,1376,,,,,,,,,2020-06-23 14:57:44,2020-01-02,"1,376.00",137-740,서울특별시 서초구 서초동 1724 서울중앙지방검찰청.서울고등검찰청,N,,3210000-120-2020-00001,,3210000,"서울특별시 서초구 반포대로 158, 서울중앙지방검찰청.서울고등검찰청 2층 (서초동)",06594,01,영업/정상,위탁급식영업,,,,
,,씨제이프레시웨이(주)씨제이이엔엠 커머스부문 키즈빌점,위탁급식영업,,199027.434808639,440389.288796722,2026-05-06 22:35:03,I,01,영업,43.43,,,,,,,,,2024-07-22 17:25:05,2020-03-02,43.43,137-853,서울특별시 서초구 방배동 2760 1층,N,,3210000-120-2020-00004,,3210000,"서울특별시 서초구 전원말4길 7, 1층 (방배동)",06761,01,영업/정상,위탁급식영업,,,,
,,주식회사 아이비푸드,위탁급식영업,,198534.748228783,442574.185986436,2026-05-06 22:35:04,I,01,영업,167.2,,,,,,,,,2020-03-31 17:12:20,2020-03-31,167.20,137-845,서울특별시 서초구 방배동 952-4 루컴즈빌딩 지하1층,N,,3210000-120-2020-00005,,3210000,"서울특별시 서초구 서초대로 16, 루컴즈빌딩 지하1층 (방배동)",06675,01,영업/정상,위탁급식영업,,,,
,,비오비푸드,위탁급식영업,,198663.885909374,443176.909676299,2026-05-06 22:35:04,I,01,영업,149.76,,,,,,,,,2020-06-30 16:45:33,2020-06-30,149.76,137-833,서울특별시 서초구 방배동 823-1 지하1층,N,,3210000-120-2020-00006,,3210000,"서울특별시 서초구 동광로8길 1, 지하1층 (방배동)",06565,01,영업/정상,위탁급식영업,,,,
,,쿠킹플레이스,위탁급식영업,,201523.81737501,442288.685384896,2026-05-06 22:35:04,I,01,영업,132,,,,,,,,,2024-06-14 15:50:19,2020-09-01,132.00,137-864,서울특별시 서초구 서초동 1426-1 기쁨병원 빌딩 지하1층,N,,3210000-120-2020-00007,,3210000,"서울특별시 서초구 서초중앙로 4, 기쁨병원 빌딩 지하1층 (서초동)",06725,01,영업/정상,위탁급식영업,02-570-1487,,,
,,본우리집밥 국립외교원점,위탁급식영업,,202641.479903564,442355.002431156,2026-05-06 22:35:04,I,01,영업,656,,,,,,,,,2020-10-08 11:49:10,2020-10-08,656.00,137-863,서울특별시 서초구 서초동 1376-2,N,,3210000-120-2020-00008,,3210000,"서울특별시 서초구 남부순환로 2572, 지하1층 (서초동)",06750,01,영업/정상,위탁급식영업,02-3019-2273,,,상수도전용
,,호반파크2관 구내식당,위탁급식영업,,202002.065142555,439726.499941891,2026-05-06 22:35:04,I,01,영업,2007.45,,,,,,,,,2021-09-27 13:53:36,2021-03-26,"2,007.45",137-140,서울특별시 서초구 우면동 786 호반 파크 2관 3층,N,,3210000-120-2021-00004,,3210000,"서울특별시 서초구 양재대로2길 18, 호반 파크 2관 3층 (우면동)",06768,01,영업/정상,위탁급식영업,02-6177-5941,,,
,,프라미스인,위탁급식영업,,201213.653404672,443265.664377177,2026-05-06 22:35:04,I,01,영업,106.8,,,,,,,,,2023-07-20 16:31:05,2021-05-28,106.80,137-881,서울특별시 서초구 서초동 1656-4 서초동롯데캐슬메디치 1층 106호,N,,3210000-120-2021-00006,,3210000,"서울특별시 서초구 서초중앙로 110, 1층 106호 (서초동, 서초동롯데캐슬메디치)",06634,01,영업/정상,위탁급식영업,031-398-9461,,,
,,아라마크(주)롯데마트 서초점,위탁급식영업,,200440.010811975,443124.671418408,2026-05-06 22:35:04,I,01,영업,204.56,,,,,,,,,2024-04-18 15:02:28,2021-10-01,204.56,137-870,"서울특별시 서초구 서초동 1498-5 마제스타시티, 힐스테이트 서리풀 지하2층",N,,3210000-120-2021-00007,,3210000,"서울특별시 서초구 서초대로38길 12, 지하2층 (서초동, 마제스타시티, 힐스테이트 서리풀)",06655,01,영업/정상,위탁급식영업,02-3278-8000,,,
,,윤스F&C,위탁급식영업,,200631.284770954,443519.989620769,2026-05-06 22:35:04,I,01,영업,416.93,,,,,,,,,2021-10-29 09:26:24,2021-10-29,416.93,137-884,서울특별시 서초구 서초동 1708-2 5층,N,,3210000-120-2021-00008,,3210000,"서울특별시 서초구 법원로3길 20-7, 5층 (서초동)",06595,01,영업/정상,위탁급식영업,02-2105-0024,,,
,,(주)아워홈 대동서초점,위탁급식영업,,201955.422558493,442362.812354328,2026-05-06 22:35:04,I,01,영업,177.3,,,,,,,,,2025-05-29 10:02:34,2022-02-18,177.30,137-864,서울특별시 서초구 서초동 1422-1 5층,N,,3210000-120-2022-00001,,3210000,"서울특별시 서초구 남부순환로 2493, 5층 (서초동)",06724,01,영업/정상,위탁급식영업,02-6966-9278,,,
,,(주)명성에프엠씨,위탁급식영업,,199215.033287117,443038.055992861,2026-05-06 22:35:04,I,01,영업,339,,,,,,,,,2022-06-20 09:34:00,2022-06-20,339.00,137-837,서울특별시 서초구 방배동 852-22 단우빌딩9층,N,,3210000-120-2022-00006,,3210000,"서울특별시 서초구 방배로 181, 단우빌딩 9층 (방배동)",06572,01,영업/정상,위탁급식영업,031-295-1550,,,
,,(주)에프엔에스케터링서비스,위탁급식영업,,203150.723261827,440215.751657504,2026-05-06 22:35:04,I,01,영업,533.75,,,,,,,,,2022-06-27 11:34:57,2022-06-27,533.75,137-130,서울특별시 서초구 양재동 214 NH디지털혁신캠퍼스 6층,N,,3210000-120-2022-00007,,3210000,"서울특별시 서초구 매헌로 24, NH디지털혁신캠퍼스 6층 (양재동)",06771,01,영업/정상,위탁급식영업,,,,
,,주식회사 에이치피아이,위탁급식영업,,201670.703381588,445666.908243581,2026-05-06 22:35:04,I,01,영업,442.8,,,,,,,,,2023-06-16 16:46:33,2022-06-28,442.80,137-904,서울특별시 서초구 잠원동 28-10 14층,N,,3210000-120-2022-00008,,3210000,"서울특별시 서초구 강남대로 577, 14층 (잠원동)",06530,01,영업/정상,위탁급식영업,,,,
,,본우리집밥한국콜마종합기술원점,위탁급식영업,,205574.72552838,439200.976773083,2026-05-06 22:35:04,I,01,영업,628.3,,,,,,,,,2022-08-05 14:53:44,2022-08-05,628.30,137-180,서울특별시 서초구 내곡동 399 한국콜마 종합기술원,N,,3210000-120-2022-00009,,3210000,"서울특별시 서초구 헌릉로8길 61, 한국콜마 종합기술원 지하2층 (내곡동)",06800,01,영업/정상,위탁급식영업,02-3019-2273,,,
,,아라마크(주)아주산업,위탁급식영업,,202485.75,443550.69,2026-05-06 22:35:04,I,01,영업,181.8,,,,,,,,,2024-04-17 16:02:16,2023-01-02,181.80,137-858,서울특별시 서초구 서초동 1329-2 청남빌딩,N,,3210000-120-2023-00001,,3210000,"서울특별시 서초구 강남대로 351, 청남빌딩 지하1층 (서초동)",06626,01,영업/정상,위탁급식영업,02-3278-8000,,,
,,(주)금강푸드 우신운수 구내식당,위탁급식영업,,198922.658858898,440090.858662287,2026-05-06 22:35:04,I,01,영업,26.24,,,,,,,,,2023-01-27 11:29:39,2023-01-27,26.24,137-060,서울특별시 서초구 방배동 2922 우신운수,N,,3210000-120-2023-00002,,3210000,"서울특별시 서초구 과천대로 796, 1층 (방배동)",06761,01,영업/정상,위탁급식영업,,,,
,,가람푸드써비스(유)이수화학지점,위탁급식영업,,199371.371382654,443987.021242832,2026-05-06 22:35:04,I,01,영업,370,,,,,,,,,2025-02-26 13:07:16,2023-04-28,370.00,137-714,서울특별시 서초구 반포동 112-4 이수화학빌딩,N,,3210000-120-2023-00006,,3210000,"서울특별시 서초구 사평대로 84, 이수화학본사 지하1층 (반포동)",06575,01,영업/정상,위탁급식영업,02-573-8215,,,
,,(주)한울에프앤에스 대법원,위탁급식영업,,200403.913823457,443343.497359744,2026-05-06 22:35:04,I,01,영업,1607.79,,,,,,,,,2024-02-22 14:28:16,2023-06-28,"1,607.79",137-750,"서울특별시 서초구 서초동 967 대법원 청사 서관 2, 3층",N,,3210000-120-2023-00008,,3210000,"서울특별시 서초구 서초대로 219, 대법원 청사 서관 2, 3층 (서초동)",06590,01,영업/정상,위탁급식영업,,,,
,,서리풀데이케어,위탁급식영업,,199763.149482781,442915.645821794,2026-05-06 22:35:04,I,01,영업,30,,,,,,,,,2023-08-02 16:52:51,2023-08-02,30.00,137-841,서울특별시 서초구 방배동 893-6 유노피스 빌딩,N,,3210000-120-2023-00010,,3210000,"서울특별시 서초구 서초대로34길 18, 1층 (방배동)",06661,01,영업/정상,위탁급식영업,,,,
,,(주)에스피씨지에프에스 SSI Art&Design 국제학교 구내식당,위탁급식영업,,200533.346406877,443203.935143962,2026-05-06 22:35:05,I,01,영업,555,,,,,,,,,2026-04-02 16:28:06,2023-08-23,555.00,137-952,서울특별시 서초구 서초동 1500-1,N,,3210000-120-2023-00011,,3210000,"서울특별시 서초구 서초대로 224, 1층 (서초동)",06655,01,영업/정상,위탁급식영업,,,,
,,코네스트 카페테리아,위탁급식영업,,202677.564387925,442497.656361025,2026-05-06 22:35:05,I,01,영업,272.93,,,,,,,,,2023-09-11 15:56:09,2023-09-11,272.93,137-863,서울특별시 서초구 서초동 1365-8 22층,N,,3210000-120-2023-00012,,3210000,"서울특별시 서초구 남부순환로 2567, 22층 (서초동)",06734,01,영업/정상,위탁급식영업,,,,
,,본우리집밥 코스트코양재점,위탁급식영업,,203123.870437513,439984.847528537,2026-05-06 22:35:05,I,01,영업,359,,,,,,,,,2023-10-23 14:11:38,2023-10-23,359.00,137-893,서울특별시 서초구 양재동 217-6,N,,3210000-120-2023-00013,,3210000,서울특별시 서초구 양재대로 159 (양재동),06772,01,영업/정상,위탁급식영업,02-3019-2273,,,
,,본우리집밥 서울교통공사사당별관점,위탁급식영업,,198644.624561,441588.632814611,2026-05-06 22:35:05,I,01,영업,445,,,,,,,,,2023-10-27 14:45:16,2023-10-27,445.00,137-818,서울특별시 서초구 방배동 447-7 서울교통공사 사당별관,N,,3210000-120-2023-00014,,3210000,"서울특별시 서초구 효령로 5, 서울교통공사 사당별관 지하1층 (방배동)",06693,01,영업/정상,위탁급식영업,02-3019-2273,,,
,,(주)엘에스씨푸드이마트양재점,위탁급식영업,,203204.755637424,440136.781183797,2026-05-06 22:35:05,I,01,영업,370,,,,,,,,,2023-11-24 10:36:12,2023-11-24,370.00,137-924,서울특별시 서초구 양재동 215 하이브랜드,N,,3210000-120-2023-00015,,3210000,"서울특별시 서초구 매헌로 16, 하이브랜드 지하1층 (양재동)",06771,01,영업/정상,위탁급식영업,,,,
,,참푸드시스템 서초고점,위탁급식영업,,200465.500681267,443011.048180232,2026-05-06 22:35:05,I,01,영업,116.4,,,,,,,,,2024-02-29 16:34:02,2024-02-29,116.40,137-952,서울특별시 서초구 서초동 1504,N,,3210000-120-2024-00002,,3210000,서울특별시 서초구 반포대로27길 29 (서초동),06656,01,영업/정상,위탁급식영업,02-584-2841,,,
,,참푸드시스템 양재고점,위탁급식영업,,202826.387370795,442300.779998552,2026-05-06 22:35:05,I,01,영업,129.6,,,,,,,,,2024-02-29 16:48:48,2024-02-29,129.60,137-863,서울특별시 서초구 서초동 1376-4,N,,3210000-120-2024-00003,,3210000,서울특별시 서초구 남부순환로346길 9 (서초동),06750,01,영업/정상,위탁급식영업,02-571-4457,,,
,,(주)정오아카데미 서초문화예술정보학교점,위탁급식영업,,202561.93564492,442832.653693993,2026-05-06 22:35:05,I,01,영업,565,,,,,,,,,2024-03-05 11:17:31,2024-03-05,565.00,137-862,서울특별시 서초구 서초동 1356-1 서초문화예술정보학교 3층,N,,3210000-120-2024-00004,,3210000,"서울특별시 서초구 남부순환로347길 69, 서초문화예술정보학교 3층 (서초동)",06728,01,영업/정상,위탁급식영업,,,,
,,씨제이프레시웨이 서울안강병원,위탁급식영업,,201728.60256238,442694.699054996,2026-05-06 22:35:05,I,01,영업,197.5,,,,,,,,,2024-07-30 09:11:09,2024-04-23,197.50,137-877,서울특별시 서초구 서초동 1604-20 8층,N,,3210000-120-2024-00005,,3210000,"서울특별시 서초구 효령로 331, 8층 (서초동)",06643,01,영업/정상,위탁급식영업,,,,
,,한전아트센터,위탁급식영업,2026-04-24,202406.470363348,442611.972829952,2026-05-06 22:35:05,I,02,폐업,1085,,,,,,,,,2026-04-24 11:05:13,2024-04-29,"1,085.00",137-862,서울특별시 서초구 서초동 1355 1층,N,,3210000-120-2024-00006,,3210000,"서울특별시 서초구 효령로72길 60, 1층 (서초동)",06732,03,폐업,위탁급식영업,02-2105-8133,,,
,,티엔티푸드(주) 리엔장성형외과의원점,위탁급식영업,,202249.059734667,444042.044283805,2026-05-06 22:35:05,I,01,영업,166.42,,,,,,,,,2024-05-24 14:36:42,2024-05-24,166.42,137-856,서울특별시 서초구 서초동 1317-11 강남 누드죤빌딩 5층 502호,N,,3210000-120-2024-00008,,3210000,"서울특별시 서초구 서초대로77길 9, 강남 누드죤빌딩 5층 502호 (서초동)",06615,01,영업/정상,위탁급식영업,,,,
,,(주) 현송 Kotra 지점,위탁급식영업,,203881.968015816,440338.979311081,2026-05-06 22:35:05,I,01,영업,362,,,,,,,,,2024-06-28 15:31:43,2024-06-28,362.00,137-749,서울특별시 서초구 염곡동 300-9 대한무역투자진흥공사(코트라) 11층,N,,3210000-120-2024-00009,,3210000,"서울특별시 서초구 헌릉로 13, 대한무역투자진흥공사(코트라) 11층 (염곡동)",06792,01,영업/정상,위탁급식영업,031-8016-0032,,,
,,아라마크(주)일동제약본사,위탁급식영업,,203215.475744007,441707.758092644,2026-05-06 22:35:05,I,01,영업,164.68,,,,,,,,,2024-08-07 17:25:24,2024-08-07,164.68,137-889,서울특별시 서초구 양재동 60 지하1층,N,,3210000-120-2024-00011,,3210000,"서울특별시 서초구 바우뫼로27길 2, 지하1층 (양재동)",06752,01,영업/정상,위탁급식영업,02-3278-8080,,,
,,동원산업,위탁급식영업,,203825.862435034,441733.620009246,2026-05-06 22:35:05,I,01,영업,1116.16,,,,,,,,,2024-09-27 17:17:03,2024-09-27,"1,116.16",137-717,서울특별시 서초구 양재동 275 동원산업빌딩 20층,N,,3210000-120-2024-00013,,3210000,"서울특별시 서초구 마방로 68, 동원산업빌딩 20층 (양재동)",06775,01,영업/정상,위탁급식영업,,,,
,,세니아 식당,위탁급식영업,,202098.994161081,444367.053790261,2026-05-06 22:35:05,I,01,영업,102,,,,,,,,,2024-11-15 15:21:29,2024-11-15,102.00,137-856,서울특별시 서초구 서초동 1308-2 지하1층,N,,3210000-120-2024-00014,,3210000,"서울특별시 서초구 서초대로75길 45, 지하1층 (서초동)",06612,01,영업/정상,위탁급식영업,031-261-9394,,,
,,씨제이프레시웨이(주) 서울시인재개발원점,위탁급식영업,,201754.046058565,442005.576285919,2026-05-06 22:35:05,I,01,영업,811,,,,,,,,,2024-12-31 15:09:01,2024-12-31,811.00,137-070,서울특별시 서초구 서초동 391 다솜관 1층,N,,3210000-120-2024-00015,,3210000,"서울특별시 서초구 남부순환로340길 58, 다솜관 1층 (서초동)",06756,01,영업/정상,위탁급식영업,,,,
,,이조케터링서비스 중앙지방법원등기국,위탁급식영업,,200689.958967986,443498.80021218,2026-05-06 22:35:05,I,01,영업,215.88,,,,,,,,,2025-02-04 15:03:57,2025-02-04,215.88,137-884,서울특별시 서초구 서초동 1707-4 서울중앙지방법원 등기국,N,,3210000-120-2025-00001,,3210000,"서울특별시 서초구 법원로3길 14, 서울중앙지방법원 등기국 지하1층 (서초동)",06595,01,영업/정상,위탁급식영업,02-718-5151,,,
,,남양주티엠에스,위탁급식영업,,199540.058557374,444026.800198634,2026-05-06 22:35:05,I,01,영업,1135.84,,,,,,,,,2025-02-25 17:38:45,2025-02-25,"1,135.84",137-806,"서울특별시 서초구 반포동 107-45 3,4,5층",N,,3210000-120-2025-00002,,3210000,"서울특별시 서초구 사평대로18길 10, 3,4,5층 (반포동)",06575,01,영업/정상,위탁급식영업,,,,
,,가람푸드써비스(유)서울고지점,위탁급식영업,,200437.778720876,442422.597748231,2026-05-06 22:35:05,I,01,영업,323.85,,,,,,,,,2025-02-26 13:22:38,2025-02-26,323.85,137-871,서울특별시 서초구 서초동 1526-1 서울고등학교,N,,3210000-120-2025-00003,,3210000,"서울특별시 서초구 효령로 197, 서울고등학교 (서초동)",06669,01,영업/정상,위탁급식영업,02-573-8215,,,
,,세종에프앤에스(주)-반포고,위탁급식영업,,201395.851786408,444417.909508038,2026-05-06 22:35:05,I,01,영업,253,,,,,,,,,2025-02-28 13:56:39,2025-02-28,253.00,137-801,서울특별시 서초구 반포동 30-19 반포고등학교,N,,3210000-120-2025-00004,,3210000,"서울특별시 서초구 고무래로 71, 반포고등학교 (반포동)",06598,01,영업/정상,위탁급식영업,02-2258-4300,,,
,,세종에프앤에스(주)-언남고,위탁급식영업,,203747.849806806,441192.958631143,2026-05-06 22:35:05,I,01,영업,231,,,,,,,,,2025-02-28 14:05:14,2025-02-28,231.00,137-896,서울특별시 서초구 양재동 309 언남고등학교,N,,3210000-120-2025-00005,,3210000,"서울특별시 서초구 동산로13길 35, 언남고등학교 (양재동)",06780,01,영업/정상,위탁급식영업,02-575-2680,,,
,,(주)고메드갤러리아 KT우면연구센터,위탁급식영업,,202497.519150037,441019.955686197,2026-05-06 22:35:05,I,01,영업,989.33,,,,,,,,,2026-01-12 17:03:01,2025-06-27,989.33,137-900,서울특별시 서초구 우면동 17 한국통신연구개발본부 1층,N,,3210000-120-2025-00007,,3210000,"서울특별시 서초구 태봉로 151, 한국통신연구개발본부 1층 (우면동)",06763,01,영업/정상,위탁급식영업,,,,
,,씨제이프레시웨이 래미안리더스원점,위탁급식영업,,202435.530279532,443148.83951752,2026-05-06 22:35:05,I,01,영업,364.56,,,,,,,,,2025-08-11 16:02:49,2025-08-11,364.56,137-070,서울특별시 서초구 서초동 1755 래미안 리더스원110동 B1층 커뮤니티라운지,N,,3210000-120-2025-00008,,3210000,"서울특별시 서초구 서운로 62, 110동 B1층 (서초동, 래미안 리더스원)",06629,01,영업/정상,위탁급식영업,02-2149-6114,,,
,,(주)씨제이프레시웨이 인천세종병원점,위탁급식영업,2025-12-31,176669.268230728,447792.256189904,2026-05-06 23:09:33,I,02,폐업,746.65,,,,,,,,,2025-12-31 10:29:15,2019-11-04,746.65,407-825,인천광역시 계양구 작전동 909 인천세종병원 지하2층 일부호,N,,3550000-120-2019-00009,,3550000,"인천광역시 계양구 계양문화로 20, 인천세종병원 지하2층 일부호 (작전동)",21080,03,폐업,위탁급식영업,,,,
,,아라마크 홈플러스계산점,위탁급식영업,2026-02-02,176616.682613356,448616.432509265,2026-05-06 23:09:33,I,02,폐업,176,,,,,,,,,2026-02-02 13:55:06,2025-01-02,176.00,407-813,인천광역시 계양구 계산동 1061 홈플러스계산점,N,,3550000-120-2025-00001,,3550000,"인천광역시 계양구 오조산공원로 14, 홈플러스계산점 1층 일부호 (계산동)",21060,03,폐업,위탁급식영업,,,,
,,천사의집 노인요양원,위탁급식영업,2025-12-31,171803.896430952,437190.08960098,2026-05-06 22:43:42,I,02,폐업,107.64,,,,,,,,,2025-12-31 09:48:05,2018-08-02,107.64,,인천광역시 미추홀구 문학동 371-11 천사의집,N,,3510500-120-2018-00004,,3510500,"인천광역시 미추홀구 소성로318번길 30, 천사의집 (문학동)",22238,03,폐업,위탁급식영업,1588-8161,,,상수도전용
기타,,(주)현대그린푸드 기아차인천AS점,위탁급식영업,,171193.878111274,439848.976432927,2026-05-06 22:43:33,I,01,영업,275.5,,,,0,,,,,2023-03-14 15:45:16,2003-10-20,275.50,,"인천광역시 미추홀구 도화동 378-15 , 4층",N,0,3510500-120-2003-00043,,3510500,"인천광역시 미추홀구 경인로 309, 4층 (도화동)",22139,01,영업/정상,위탁급식영업,032-540-8413,,,
,,CJ프레시웨이 한영넉스점,위탁급식영업,,171516.905283971,441240.131144237,2026-05-06 22:43:35,I,01,영업,643,,,,0,,,,,2024-07-25 16:30:16,2006-06-13,643.00,,인천광역시 미추홀구 주안동 1381-3,N,0,3510500-120-2006-00005,,3510500,인천광역시 미추홀구 길파로71번길 28 (주안동),22121,01,영업/정상,위탁급식영업,032-875-7004,,,
,,삼성푸드시스템(경인지방식약청),위탁급식영업,,172069.623392448,440269.559739602,2026-05-06 22:43:37,I,01,영업,30.9,,,,,,,,,2008-10-01 09:33:50,2008-05-14,30.90,,인천광역시 미추홀구 주안동 120,N,,3510500-120-2008-00006,,3510500,인천광역시 미추홀구 주안로 137 (주안동),22133,01,영업/정상,위탁급식영업,,,,
,,(주)리앤이라마띠네 인하공업전문대학식당,위탁급식영업,,169266.705328666,438699.027984623,2026-05-06 22:43:38,I,01,영업,434.76,,,,,,,,,2022-08-26 10:40:05,2010-05-19,434.76,,인천광역시 미추홀구 용현동 253,N,,3510500-120-2010-00002,,3510500,"인천광역시 미추홀구 인하로 100 (용현동, 인하전문대학3호관 53동)",22212,01,영업/정상,위탁급식영업,,,,상수도전용
,,삼성에프에스 한국특수잉크공업점,위탁급식영업,,171217.793038298,441391.282340207,2026-05-06 22:43:38,I,01,영업,166.8,,,,,,,,,2020-06-23 15:14:01,2011-01-10,166.80,,인천광역시 미추홀구 주안동 1385-7,N,,3510500-120-2011-00001,,3510500,,,01,영업/정상,위탁급식영업,032-462-1722,,,상수도전용
,,롯데웰푸드(주) 알미늄인천점,위탁급식영업,,171493.603366741,441094.495829813,2026-05-06 22:43:39,I,01,영업,10,,,,,,,,,2026-04-22 14:44:58,2013-08-05,10.00,,인천광역시 미추홀구 주안동 1400,N,,3510500-120-2013-00006,,3510500,"인천광역시 미추홀구 염전로333번길 8 (주안동, 수출공단 6단지 롯데알미늄(주) 구내식당)",22121,01,영업/정상,위탁급식영업,,,,
,,(주)명성에프엠씨 타이거일렉점,위탁급식영업,,170169.544809185,441864.281500418,2026-05-06 22:43:39,I,01,영업,223.54,,,,,,,,,2024-12-30 10:51:06,2014-01-28,223.54,,인천광역시 미추홀구 도화동 818-7 (주)타이거일렉,N,,3510500-120-2014-00001,,3510500,인천광역시 미추홀구 염전로187번길 33 (주)타이거일렉 3층 (도화동),22108,01,영업/정상,위탁급식영업,,,,
,,삼일유통 (주) 케이피 일렉트릭점,위탁급식영업,,171526.113351627,441337.922781472,2026-05-06 22:43:40,I,01,영업,144.7,,,,,,,,,2020-06-23 15:35:37,2014-04-28,144.70,,인천광역시 미추홀구 주안동 1381,N,,3510500-120-2014-00003,,3510500,인천광역시 미추홀구 방축로 328 (주안동),22121,01,영업/정상,위탁급식영업,032-521-7133,,,상수도전용
,,사조푸디스트(주)인하대학교 제1생활관점,위탁급식영업,,169297.500249683,438335.714275661,2026-05-06 22:43:40,I,01,영업,697.5,,,,,,,,,2026-04-22 15:00:54,2015-02-02,697.50,,인천광역시 미추홀구 학익동 400-1,N,,3510500-120-2015-00003,,3510500,인천광역시 미추홀구 소성로 40 (학익동),22201,01,영업/정상,위탁급식영업,,,,
,,사조푸디스트(주)인하대학교 학생식당점,위탁급식영업,,169266.705328666,438699.027984623,2026-05-06 22:43:40,I,01,영업,1481.77,,,,,,,,,2026-04-22 15:02:24,2015-02-02,"1,481.77",,인천광역시 미추홀구 용현동 253,N,,3510500-120-2015-00004,,3510500,"인천광역시 미추홀구 인하로 100 (용현동, 인하대학교 학생회관 2층)",22212,01,영업/정상,위탁급식영업,,,,
,,사조푸디스트(주)인하대학교 제2생활관점,위탁급식영업,,169819.480144701,438435.72003517,2026-05-06 22:43:40,I,01,영업,845.99,,,,,,,,,2026-04-22 14:59:20,2015-02-02,845.99,,인천광역시 미추홀구 학익동 336-3,N,,3510500-120-2015-00005,,3510500,인천광역시 미추홀구 소성로 71 (학익동),,01,영업/정상,위탁급식영업,,,,
,,푸디스트(주) 선수숙소식당,위탁급식영업,,169819.480144701,438435.72003517,2026-05-06 22:43:40,I,01,영업,198.8,,,,,,,,,2026-04-23 17:32:20,2015-02-02,198.80,,인천광역시 미추홀구 학익동 336-3,N,,3510500-120-2015-00006,,3510500,인천광역시 미추홀구 소성로 71 (학익동),,01,영업/정상,위탁급식영업,,,,
,,사조푸디스트(주)인하대학교 교직원식당점,위탁급식영업,,169266.705328666,438699.027984623,2026-05-06 22:43:41,I,01,영업,1078.1,,,,,,,,,2026-04-22 14:57:31,2015-02-13,"1,078.10",,인천광역시 미추홀구 용현동 253,N,,3510500-120-2015-00008,,3510500,인천광역시 미추홀구 인하로 100 (용현동),22212,01,영업/정상,위탁급식영업,,,,
,,삼주외식산업(주)인천가정법원점,위탁급식영업,,172396.993819888,439974.915147731,2026-05-06 22:43:41,I,01,영업,366.5,,,,,,,,,2020-06-23 15:25:14,2016-05-16,366.50,,인천광역시 미추홀구 주안동 983,N,,3510500-120-2016-00004,,3510500,"인천광역시 미추홀구 경원대로 881 (주안동, 인천가정법원)",22134,01,영업/정상,위탁급식영업,032-547-5700,,,상수도전용
,,인천동구지역자활센터(인천테크노파크 구내식당),위탁급식영업,,170560.798827806,440325.53291132,2026-05-06 22:43:41,I,01,영업,288.6,,,,,,,,,2025-02-20 18:08:14,2016-06-02,288.60,,인천광역시 미추홀구 도화동 592-5,N,,3510500-120-2016-00005,,3510500,"인천광역시 미추홀구 경인로 229, 지하1층 (도화동)",22106,01,영업/정상,위탁급식영업,032-761-0766,,,상수도전용
,,영현구내매점(제이팩주식회사),위탁급식영업,,169965.931098068,441901.820706948,2026-05-06 22:43:42,I,01,영업,149,,,,,,,,,2022-06-30 15:29:36,2016-08-19,149.00,,인천광역시 미추홀구 도화동 831-10,N,,3510500-120-2016-00010,,3510500,인천광역시 미추홀구 송림로307번길 117 (도화동),22108,01,영업/정상,위탁급식영업,032-872-3369,,,상수도전용
,,씨제이프레시웨이 이건창호점,위탁급식영업,,169607.172917683,442340.205228903,2026-05-06 22:43:43,I,01,영업,535,,,,,,,,,2024-07-22 16:44:00,2019-01-02,535.00,,인천광역시 미추홀구 도화동 967 이건창호,N,,3510500-120-2019-00001,,3510500,"인천광역시 미추홀구 염전로 91, 이건창호 (도화동)",22107,01,영업/정상,위탁급식영업,,,,
,,씨제이프레시웨이 이건산업점,위탁급식영업,,170029.046676477,442012.958136897,2026-05-06 22:43:43,I,01,영업,585.75,,,,,,,,,2024-07-22 16:46:26,2019-01-02,585.75,,인천광역시 미추홀구 도화동 824 이건산업,N,,3510500-120-2019-00002,,3510500,"인천광역시 미추홀구 송림로307번길 132, 이건산업 (도화동)",22108,01,영업/정상,위탁급식영업,,,,
,,(주)밥앤스토리 백송전자지점,위탁급식영업,,170870.853653033,441348.775030237,2026-05-06 22:43:43,I,01,영업,0,,,,,,,,,2022-07-11 12:01:38,2019-02-13,.00,,인천광역시 미추홀구 도화동 718 백송전자(주),N,,3510500-120-2019-00006,,3510500,"인천광역시 미추홀구 염전로261번길 26-45, 백송전자(주) 5층 (도화동)",22112,01,영업/정상,위탁급식영업,032-865-3600,,,
,,엘림맛집,위탁급식영업,,169451.980952078,442005.729860964,2026-05-06 22:43:43,I,01,영업,311,,,,,,,,,2021-12-03 16:01:03,2019-04-26,311.00,,인천광역시 미추홀구 도화동 952,N,,3510500-120-2019-00010,,3510500,인천광역시 미추홀구 염전로 114 (도화동),22110,01,영업/정상,위탁급식영업,032-525-8770,,,
,,(주)그린푸드 주안시범공단점,위탁급식영업,,172033.709215932,441000.600552552,2026-05-06 22:43:43,I,01,영업,345.84,,,,,,,,,2024-09-30 14:21:30,2019-05-03,345.84,,인천광역시 미추홀구 주안동 17-1 주안시범공단,N,,3510500-120-2019-00011,,3510500,"인천광역시 미추홀구 주염로 58, 주안시범공단 2층 201호 (주안동)",22123,01,영업/정상,위탁급식영업,02-589-3641,,,상수도전용
,,도호세미텍 구내식당,위탁급식영업,,171922.004006571,441134.491873975,2026-05-06 22:43:43,I,01,영업,153,,,,,,,,,2019-06-28 17:18:52,2019-06-07,153.00,,인천광역시 미추홀구 주안동 3-33 (주)도호세미텍,N,,3510500-120-2019-00013,,3510500,인천광역시 미추홀구 주염로73번길 24 (주)도호세미텍 A동 1층 (주안동),22122,01,영업/정상,위탁급식영업,,,,
,,사이참한식부페 (미래이엔지점),위탁급식영업,,169774.893746299,441945.848735936,2026-05-06 22:43:43,I,01,영업,185.37,,,,,,,,,2023-09-19 15:29:43,2019-07-04,185.37,,인천광역시 미추홀구 도화동 831-4 (주)미래이엔지,N,,3510500-120-2019-00015,,3510500,인천광역시 미추홀구 염전로 143 (주)미래이엔지 (도화동),22108,01,영업/정상,위탁급식영업,032-862-9162,,,상수도전용
,,본우리집밥 인천지방합동청사점,위탁급식영업,,170018.827415076,440811.200155921,2026-05-06 22:43:43,I,01,영업,0,,,,,,,,,2024-12-13 09:22:56,2019-08-06,.00,,인천광역시 미추홀구 도화동 1001 정부인천지방합동청사,N,,3510500-120-2019-00017,,3510500,"인천광역시 미추홀구 석정로 239, 정부인천지방합동청사 14층 (도화동)",22101,01,영업/정상,위탁급식영업,02-3019-2283,,,
,,조은푸드,위탁급식영업,,170996.996467333,439794.066348297,2026-05-06 22:43:43,I,01,영업,65.6,,,,,,,,,2020-06-23 16:21:14,2019-12-31,65.60,,인천광역시 미추홀구 도화동 429-1 롯데오피스텔,N,,3510500-120-2019-00020,,3510500,"인천광역시 미추홀구 한나루로 604, 롯데오피스텔 10층 (도화동)",22138,01,영업/정상,위탁급식영업,032-422-5162,,,
,,인천그린푸드랑 프린피아점,위탁급식영업,,171188.877270614,441243.897827663,2026-05-06 22:43:44,I,01,영업,368,,,,,,,,,2020-01-17 10:37:21,2020-01-17,368.00,,인천광역시 미추홀구 주안동 1389 (주)프린피아,N,,3510500-120-2020-00001,,3510500,인천광역시 미추홀구 길파로71번길 97 (주)프린피아 3층 (주안동),22121,01,영업/정상,위탁급식영업,032-584-7151,,,상수도전용
,,인천지검점,위탁급식영업,,170667.639649584,437943.1462155,2026-05-06 22:43:44,I,01,영업,379.93,,,,,,,,,2024-03-08 16:30:39,2020-02-27,379.93,,인천광역시 미추홀구 학익동 278-1 인천지방검찰청,N,,3510500-120-2020-00003,,3510500,"인천광역시 미추홀구 소성로163번길 49, 인천지방검찰청 (학익동)",22220,01,영업/정상,위탁급식영업,02-3019-2255,,,상수도전용
,,(주)앤푸드 도화점,위탁급식영업,,169728.312930718,441805.53077974,2026-05-06 22:43:44,I,01,영업,435.9,,,,,,,,,2020-07-02 15:30:38,2020-02-28,435.90,,인천광역시 미추홀구 도화동 985-1 도화물류센터,N,,3510500-120-2020-00004,,3510500,"인천광역시 미추홀구 염전로144번길 25, 도화물류센터 9층 (도화동)",22110,01,영업/정상,위탁급식영업,,,,상수도전용
,,더드림,위탁급식영업,,171915.261345429,441052.986480266,2026-05-06 22:43:44,I,01,영업,254.66,,,,,,,,,2021-09-16 10:10:45,2021-09-16,254.66,,인천광역시 미추홀구 주안동 1402-7 강운공업 1층,N,,3510500-120-2021-00005,,3510500,"인천광역시 미추홀구 주염로73번길 17, 강운공업 1층 (주안동)",22122,01,영업/정상,위탁급식영업,,,,상수도전용
,,제일요양원,위탁급식영업,,170639.096338695,438202.366391544,2026-05-06 22:43:44,I,01,영업,110,,,,,,,,,2021-10-28 15:56:37,2021-10-28,110.00,,인천광역시 미추홀구 학익동 25 한림법조타운,N,,3510500-120-2021-00006,,3510500,"인천광역시 미추홀구 학익소로 19, 한림법조타운 지하1,5,6,7층 (학익동)",22218,01,영업/정상,위탁급식영업,,,,상수도전용
,,세종에프엔비(인천지방법원),위탁급식영업,,170491.80732601,437925.262931324,2026-05-06 22:43:44,I,01,영업,51,,,,,,,,,2022-12-28 14:06:02,2021-12-03,51.00,,인천광역시 미추홀구 학익동 278-2 인천지방법원,N,,3510500-120-2021-00007,,3510500,"인천광역시 미추홀구 소성로163번길 17, 인천지방법원 2층 (학익동)",22220,01,영업/정상,위탁급식영업,1599-7555,,,상수도전용
,,송가네따밥 신한일F.A,위탁급식영업,,170769.701792782,441565.010812072,2026-05-06 22:43:44,I,01,영업,123.16,,,,,,,,,2021-12-27 10:08:48,2021-12-16,123.16,,인천광역시 미추홀구 도화동 736 신한일 F.A 공장 1층,N,,3510500-120-2021-00008,,3510500,"인천광역시 미추홀구 장고개로92번길 5, 신한일 F.A 공장 1층 (도화동)",22112,01,영업/정상,위탁급식영업,,,,상수도전용
,,씨제이프레시웨이(주) W여성병원점,위탁급식영업,,171690.387974304,438809.96779308,2026-05-06 22:43:44,I,01,영업,286.5,,,,,,,,,2024-07-23 09:59:37,2021-12-31,286.50,,인천광역시 미추홀구 주안동 1468-5 W여성병원,N,,3510500-120-2021-00010,,3510500,"인천광역시 미추홀구 인주대로 400, W여성병원 8층 (주안동)",22227,01,영업/정상,위탁급식영업,032-451-0000,,,
,,(주)한성케터링 미추홀구청점,위탁급식영업,2026-02-27,168989.590413153,440216.703313987,2026-05-06 22:43:44,I,02,폐업,467.38,,,,,,,,,2026-02-27 14:44:14,2022-03-02,467.38,,인천광역시 미추홀구 숭의동 131-1 미추홀구청,N,,3510500-120-2022-00003,,3510500,"인천광역시 미추홀구 독정이로 95, 미추홀구청 3층 (숭의동)",22169,03,폐업,위탁급식영업,,,,
,,온정식당,위탁급식영업,,169776.985780318,442022.655019191,2026-05-06 22:43:44,I,01,영업,229,,,,,,,,,2026-04-27 15:42:57,2022-06-02,229.00,,인천광역시 미추홀구 도화동 956-1 1층,N,,3510500-120-2022-00004,,3510500,"인천광역시 미추홀구 염전로143번길 17, 1층 (도화동)",22108,01,영업/정상,위탁급식영업,,,,
,,(주)동원홈푸드 서울이왕병원점,위탁급식영업,,171677.632217808,439803.634728024,2026-05-06 22:43:44,I,01,영업,135.3,,,,,,,,,2026-01-19 14:57:19,2022-09-29,135.30,,인천광역시 미추홀구 주안동 175-3 효광빌딩,N,,3510500-120-2022-00005,,3510500,"인천광역시 미추홀구 미추홀대로 702, 효광빌딩 7층 (주안동)",22140,01,영업/정상,위탁급식영업,032-269-3699,,,상수도전용
,,밥줄래홈푸드(주),위탁급식영업,,171609.286724347,441067.61038251,2026-05-06 22:43:45,I,01,영업,224,,,,,,,,,2023-01-05 13:59:32,2023-01-05,224.00,,인천광역시 미추홀구 주안동 1400-1 (주)동화상협,N,,3510500-120-2023-00001,,3510500,인천광역시 미추홀구 길파로 53 (주)동화상협 2층 (주안동),22121,01,영업/정상,위탁급식영업,,,,상수도전용
,,자매식당,위탁급식영업,,170865.820993963,441024.899441651,2026-05-06 22:43:45,I,01,영업,306.07,,,,,,,,,2023-01-25 16:37:05,2023-01-25,306.07,,인천광역시 미추홀구 도화동 693-1 도화동 연우 2공장,N,,3510500-120-2023-00002,,3510500,"인천광역시 미추홀구 염전로 286, 디엔텍 3층 (도화동)",22117,01,영업/정상,위탁급식영업,,,,상수도전용
,,인천동구지역자활센터(청운대학교학생식당),위탁급식영업,,169898.811380646,441238.332257857,2026-05-06 22:43:45,I,01,영업,418.88,,,,,,,,,2025-02-20 18:06:44,2023-02-23,418.88,,인천광역시 미추홀구 도화동 36-1 청운대학교 인천캠퍼스,N,,3510500-120-2023-00003,,3510500,"인천광역시 미추홀구 숙골로 113, 청운대학교 인천캠퍼스 (도화동)",22100,01,영업/정상,위탁급식영업,,,,
,,롯데백화점 인천점 직원식당,위탁급식영업,,173499.267314606,437739.32138498,2026-05-06 22:43:45,I,01,영업,462,,,,,,,,,2026-04-23 17:26:27,2023-02-28,462.00,,"인천광역시 미추홀구 관교동 15 인천종합터미널,롯데백화점",N,,3510500-120-2023-00004,,3510500,"인천광역시 미추홀구 연남로 35, 인천종합터미널,롯데백화점 5층 (관교동)",22242,01,영업/정상,위탁급식영업,,,,상수도전용
,,참푸드시스템 인하대학교사법대학부속고등학교점,위탁급식영업,,170057.1736399,438308.327164006,2026-05-06 22:43:45,I,01,영업,1115.66,,,,,,,,,2023-04-11 18:09:48,2023-04-11,"1,115.66",,인천광역시 미추홀구 학익동 306-30 인하사범대부속중고등학교,N,,3510500-120-2023-00005,,3510500,"인천광역시 미추홀구 재넘이길123번길 29, 인하사범대부속중고등학교 급식동 1~2층 (학익동)",22211,01,영업/정상,위탁급식영업,032-453-9400,,,상수도전용
,,참푸드시스템 정성항공과학고등학교점,위탁급식영업,,169266.705328666,438699.027984623,2026-05-06 22:43:45,I,01,영업,886,,,,,,,,,2023-04-11 18:11:41,2023-04-11,886.00,,"인천광역시 미추홀구 용현동 253 인하대,인하공전,정석항공고",N,,3510500-120-2023-00006,,3510500,"인천광역시 미추홀구 인하로 100, 정석항공과학고등학교 급식동 1~2층 (용현동)",22212,01,영업/정상,위탁급식영업,032-720-6503,,,상수도전용
,,인천시상수도사업본부,위탁급식영업,,169890.91483087,440775.975490242,2026-05-06 22:43:45,I,01,영업,298.58,,,,,,,,,2023-06-01 12:59:04,2023-06-01,298.58,,인천광역시 미추홀구 도화동 1000 행정타운및JST,N,,3510500-120-2023-00007,,3510500,"인천광역시 미추홀구 석정로 225, 행정타운및JST 6층 (도화동)",22101,01,영업/정상,위탁급식영업,02-702-4848,,,상수도전용
,,수림재활요양원,위탁급식영업,,171264.330237459,439728.990132005,2026-05-06 22:43:46,I,01,영업,94.38,,,,,,,,,2023-09-06 17:45:55,2023-09-06,94.38,,인천광역시 미추홀구 도화동 377-5 수림빌딩,N,,3510500-120-2023-00010,,3510500,"인천광역시 미추홀구 경인로 321, 수림재활요양원 5층 (도화동)",22139,01,영업/정상,위탁급식영업,031-224-7324,,,상수도전용
,,인천수봉요양원,위탁급식영업,,170142.444647091,440166.407919871,2026-05-06 22:43:46,I,01,영업,86.88,,,,,,,,,2024-12-11 17:05:30,2023-10-20,86.88,,인천광역시 미추홀구 도화동 624-353,N,,3510500-120-2023-00011,,3510500,"인천광역시 미추홀구 수봉북로 28, 지하1층 (도화동)",22167,01,영업/정상,위탁급식영업,,,,상수도전용
,,우리푸드,위탁급식영업,,172064.700920057,436973.273104626,2026-05-06 22:43:46,I,01,영업,167,,,,,,,,,2024-10-10 16:09:22,2024-01-24,167.00,,인천광역시 미추홀구 문학동 400-1 인천성서신학원,N,,3510500-120-2024-00001,,3510500,"인천광역시 미추홀구 문학길 136, 인천성서신학원 지하1층 (문학동)",22238,01,영업/정상,위탁급식영업,,,,상수도전용
,,세중식당,위탁급식영업,,170146.963715894,441776.880867593,2026-05-06 22:43:46,I,01,영업,96,,,,,,,,,2024-05-08 12:00:45,2024-05-08,96.00,,인천광역시 미추홀구 도화동 808-4 세중전자,N,,3510500-120-2024-00002,,3510500,"인천광역시 미추홀구 염전로187번길 17, 세중전자 1층 일부호 (도화동)",22108,01,영업/정상,위탁급식영업,,,,상수도전용
,,(주)더채움 지안요양원지점,위탁급식영업,,171707.660975698,440610.303961037,2026-05-06 22:43:46,I,01,영업,145.62,,,,,,,,,2024-10-18 14:52:23,2024-10-18,145.62,,인천광역시 미추홀구 주안동 15-41 동아프라자,N,,3510500-120-2024-00006,,3510500,"인천광역시 미추홀구 석정로 409, 동아프라자 3,4,5,6층 (주안동)",22125,01,영업/정상,위탁급식영업,032-873-9988,,,상수도전용
,,아라마크 주식회사 홈플러스 숭의점,위탁급식영업,,,,2026-05-06 22:43:46,I,01,영업,98,,,,,,,,,2025-01-03 10:44:10,2025-01-03,98.00,,"인천광역시 미추홀구 숭의동 180-6 컨벤션,홈플러스",N,,3510500-120-2025-00001,,3510500,"인천광역시 미추홀구 석정로 51, 컨벤션,홈플러스 지하 3층 (숭의동)",22160,01,영업/정상,위탁급식영업,,,,상수도전용
,,아라마크 주식회사 홈플러스인하점,위탁급식영업,,169028.062637712,438450.444079289,2026-05-06 22:43:46,I,01,영업,195.1,,,,,,,,,2025-01-03 10:53:59,2025-01-03,195.10,,인천광역시 미추홀구 용현동 648 홈플러스,N,,3510500-120-2025-00002,,3510500,"인천광역시 미추홀구 소성로 6, 홈플러스 2층 (용현동)",,01,영업/정상,위탁급식영업,,,,상수도전용
,,(주)서울엔지니어링점,위탁급식영업,,171637.731284749,441297.559624762,2026-05-06 22:43:46,I,01,영업,300,,,,,,,,,2025-02-18 15:39:41,2025-02-10,300.00,,인천광역시 미추홀구 주안동 1381-1 서울 엔지니어링 주안공장,N,,3510500-120-2025-00003,,3510500,"인천광역시 미추홀구 방축로 332, 서울 엔지니어링 주안공장 3층 (주안동)",22121,01,영업/정상,위탁급식영업,,,,상수도전용
,,굿모닝푸드시스템,위탁급식영업,,172189.559683408,440193.168126933,2026-05-06 22:43:46,I,01,영업,332.55,,,,,,,,,2025-03-04 09:37:19,2025-03-04,332.55,,인천광역시 미추홀구 주안동 50-4 온유한요양원,N,,3510500-120-2025-00004,,3510500,"인천광역시 미추홀구 주안로 150, 온유한요양원 지하 2층 (주안동)",22134,01,영업/정상,위탁급식영업,,,,상수도전용
,,CJ프레시웨이 인천사랑병원,위탁급식영업,,171680.617897735,440045.861100889,2026-05-06 22:43:46,I,01,영업,414,,,,,,,,,2025-04-03 17:54:06,2025-03-31,414.00,,인천광역시 미추홀구 주안동 144-2 인천사랑병원,N,,3510500-120-2025-00005,,3510500,"인천광역시 미추홀구 미추홀대로 726, 인천사랑병원 13층일부,14층일부 (주안동)",22135,01,영업/정상,위탁급식영업,,,,상수도전용
,,(주)코주부프레쉬쿡 아인산후조리원 인천점,위탁급식영업,,,,2026-05-06 22:43:46,I,01,영업,515.62,,,,,,,,,2025-09-30 17:21:00,2025-09-30,515.62,,인천광역시 미추홀구 주안동 0 포레나 미추홀,N,,3510500-120-2025-00006,,3510500,"인천광역시 미추홀구 경인로 372, 5층 (주안동, 포레나 미추홀)",22148,01,영업/정상,위탁급식영업,,,,
,,(주)코주부프레쉬쿡 아인병원인천점,위탁급식영업,,,,2026-05-06 22:43:46,I,01,영업,732.05,,,,,,,,,2025-09-30 17:23:09,2025-09-30,732.05,,인천광역시 미추홀구 주안동 0 포레나 미추홀,N,,3510500-120-2025-00007,,3510500,"인천광역시 미추홀구 경인로 372, 6층 (주안동, 포레나 미추홀)",22148,01,영업/정상,위탁급식영업,,,,
,,두손푸드앤서비스,위탁급식영업,,168238.491383711,440057.8292756,2026-05-06 22:43:46,I,01,영업,61.54,,,,,,,,,2025-10-16 14:06:20,2025-10-16,61.54,,인천광역시 미추홀구 숭의동 343-1 정산빌딩,N,,3510500-120-2025-00008,,3510500,"인천광역시 미추홀구 인중로 5, 정산빌딩 1,2,4층 (숭의동)",22174,01,영업/정상,위탁급식영업,,,,상수도전용
,,롯데웰푸드(주) 나우테크,위탁급식영업,,171840.408032201,441180.92689229,2026-05-06 22:43:46,I,01,영업,148,,,,,,,,,2026-04-22 14:42:18,2025-11-03,148.00,,인천광역시 미추홀구 주안동 3-23 (주)나우테크,N,,3510500-120-2025-00009,,3510500,인천광역시 미추홀구 주염로73번길 38 (주)나우테크 1층 (주안동),22122,01,영업/정상,위탁급식영업,1522-0071,,,
,,천사의집 노인요양원,위탁급식영업,,171803.896430952,437190.08960098,2026-05-06 22:43:46,I,01,영업,107.64,,,,,,,,,2025-12-31 15:35:18,2025-12-31,107.64,,인천광역시 미추홀구 문학동 371-11 천사의집,N,,3510500-120-2025-00010,,3510500,"인천광역시 미추홀구 소성로318번길 30, 천사의집 1층 (문학동)",22238,01,영업/정상,위탁급식영업,,,,
,,가람푸드써비스(유) 글로벌숙련기술진흥원지점,위탁급식영업,2025-12-31,178155.375218712,442038.258431872,2026-05-06 22:43:46,I,02,폐업,514.68,,,,,,,,,2025-12-31 15:48:22,2021-03-10,514.68,403-120,인천광역시 부평구 구산동 34-1,N,,3540000-120-2021-00002,,3540000,"인천광역시 부평구 무네미로448번길 77, 4층 일부호 (구산동)",21417,03,폐업,위탁급식영업,02-573-8215,,,
,,(주)동원홈푸드 부평에스엘피점,위탁급식영업,,176312.37779868,445042.959140817,2026-05-06 22:43:33,I,01,영업,0,,,,,,,,,2021-05-11 11:37:27,2003-06-18,,403-866,인천광역시 부평구 삼산동 464-1 삼산메디캐슬 7층,N,,3540000-120-2003-00025,,3540000,"인천광역시 부평구 길주로 633, 삼산메디캐슬 7층층 (삼산동)",21344,01,영업/정상,위탁급식영업,032-503-9058,,,
,,씨엔비푸드,위탁급식영업,,174487.243823539,446264.909546649,2026-05-06 22:43:36,I,01,영업,198,,,,0,,,,,2017-10-13 16:26:57,2004-04-23,198.00,403-858,인천광역시 부평구 청천동 422-1,N,0,3540000-120-2004-00005,,3540000,인천광역시 부평구 평천로199번길 25 (청천동),21314,01,영업/정상,위탁급식영업,032-508-0483,,,
,,아라마크(주)롯데마트부평역점,위탁급식영업,,175405.11373693,443089.591009306,2026-05-06 22:43:37,I,01,영업,165,,,,0,,,,,2024-04-16 15:06:09,2005-01-21,165.00,403-825,인천광역시 부평구 부평동 738-21,N,0,3540000-120-2005-00003,,3540000,인천광역시 부평구 광장로 16 (부평동),21404,01,영업/정상,위탁급식영업,032-454-2618,,,
,,씨제이프레시웨이(주) 동서식품부평공장점,위탁급식영업,,174694.038218975,446684.651944807,2026-05-06 22:43:37,I,01,영업,0,,,,0,,,,,2024-07-26 15:15:39,2005-12-27,,403-858,인천광역시 부평구 청천동 411-1,N,0,3540000-120-2005-00012,,3540000,인천광역시 부평구 새벌로 55 (청천동),21314,01,영업/정상,위탁급식영업,02-3397-6000,,,
,,삼성F/S 삼익전자공업(주),위탁급식영업,,174755.217938605,446323.896468415,2026-05-06 22:43:37,I,01,영업,0,,,,,,,,,2006-03-21 00:00:00,2006-03-21,,403-858,인천광역시 부평구 청천동 419-3,N,,3540000-120-2006-00003,,3540000,인천광역시 부평구 새벌로 17 (청천동),21314,01,영업/정상,위탁급식영업,032-500-5000,,,
,,아라마크(주)선광인천,위탁급식영업,,175268.537761467,446468.389947679,2026-05-06 22:43:38,I,01,영업,0,,,,0,,,,,2024-04-19 13:42:36,2006-04-24,,403-858,인천광역시 부평구 청천동 427-12,N,0,3540000-120-2006-00005,,3540000,인천광역시 부평구 부평대로313번길 14 (청천동),21315,01,영업/정상,위탁급식영업,,,,
,,두레(이천일아울렛부평점),위탁급식영업,,174296.583284585,443196.9838165,2026-05-06 22:43:38,I,01,영업,145.98,,,,0,,,,,2021-01-12 11:33:24,2006-09-07,145.98,403-839,인천광역시 부평구 산곡동 311-151,N,0,3540000-120-2006-00008,,3540000,인천광역시 부평구 경원대로 1277 (산곡동),21384,01,영업/정상,위탁급식영업,032-519-2001,,,상수도전용
,,제이제이케터링(주),위탁급식영업,,176238.624820895,445107.924835985,2026-05-06 22:43:39,I,01,영업,247.67,,,,,,,,,2015-11-16 14:58:28,2007-12-24,247.67,403-866,인천광역시 부평구 삼산동 465-1 롯데마트 삼산점,N,,3540000-120-2007-00020,,3540000,"인천광역시 부평구 길주로 623 (삼산동,롯데마트 삼산점)",21344,01,영업/정상,위탁급식영업,02-518-0855,,,
,,(주)동원홈푸드 사조씨피케이 부평공장,위탁급식영업,,172426.14632773,441584.521183823,2026-05-06 22:43:40,I,01,영업,224.1,,,,,,,,,2024-02-26 11:11:21,2009-04-08,224.10,403-844,인천광역시 부평구 십정동 237 C동 2층,N,,3540000-120-2009-00004,,3540000,"인천광역시 부평구 백범로 584, C동 2층 (십정동)",21448,01,영업/정상,위탁급식영업,032-580-0504,,,
,,(주)아워홈 한국지엠 인천부평3식당점,위탁급식영업,,174705.091321259,445382.076502945,2026-05-06 22:43:40,I,01,영업,2813.38,,,,,,,,,2025-06-05 09:56:37,2009-12-30,"2,813.38",403-857,인천광역시 부평구 청천동 199 외 9필지 한국지엠주식회사 562동,N,,3540000-120-2009-00011,,3540000,"인천광역시 부평구 부평대로 233, 1~2층 (청천동, 한국지엠주식회사 562동)",21334,01,영업/정상,위탁급식영업,070-4008-6006,,,상수도전용
,,펌텍구내식당,위탁급식영업,,175075.78500103,446631.182865865,2026-05-06 22:43:41,I,01,영업,514.47,,,,,,,,,2021-12-30 10:48:21,2010-07-13,514.47,403-858,인천광역시 부평구 청천동 427-7 펌텍코리아(주)주건축물 제가동 4층일부,N,,3540000-120-2010-00005,,3540000,"인천광역시 부평구 부평대로329번길 46 (청천동, 펌텍코리아(주)주건축물 제가동 4층일부)",21315,01,영업/정상,위탁급식영업,070-4821-5953,,,
,,송도푸드시스템(주),위탁급식영업,,175962.991438766,445076.937908962,2026-05-06 22:43:41,I,01,영업,0,,,,,,,,,2021-12-27 16:34:53,2010-10-19,,403-805,인천광역시 부평구 갈산동 396 부평농협하나로마트,N,,3540000-120-2010-00010,,3540000,"인천광역시 부평구 길주로 597 (갈산동,부평농협하나로마트)",21337,01,영업/정상,위탁급식영업,032-500-2528,,,
,,델리근로복지공단 인천점,위탁급식영업,,178160.812854333,441588.947019173,2026-05-06 22:43:41,I,01,영업,378,,,,,,,,,2024-07-11 14:43:27,2011-01-25,378.00,403-712,인천광역시 부평구 구산동 47-3 근로복지공단인천중앙병원,N,,3540000-120-2011-00001,,3540000,"인천광역시 부평구 무네미로 446, 근로복지공단인천중앙병원 지하층 (구산동)",21417,01,영업/정상,위탁급식영업,070-4651-5763,,,
,,아라마크(주)GM인천서비스센터지점,위탁급식영업,2026-02-13,174705.091321259,445382.076502945,2026-05-06 22:43:43,I,02,폐업,215,,,,,,,,,2026-02-13 17:19:09,2013-06-11,215.00,403-857,인천광역시 부평구 청천동 199-1,N,,3540000-120-2013-00005,,3540000,인천광역시 부평구 부평대로 233 (청천동),21334,03,폐업,위탁급식영업,032-520-2177,,,상수도전용
,,둘로스구내식당,위탁급식영업,,174411.438487144,446334.266926299,2026-05-06 22:43:43,I,01,영업,236.4,,,,2,,,,,2019-07-18 15:25:08,2013-07-16,236.40,403-858,인천광역시 부평구 청천동 418-4,N,,3540000-120-2013-00006,,3540000,인천광역시 부평구 안남로402번길 15 (청천동),21314,01,영업/정상,위탁급식영업,,,,상수도전용
,,씨제이프레시웨이(주)인천성모병원점,위탁급식영업,,175622.257385639,442491.782160183,2026-05-06 22:43:43,I,01,영업,1213.27,,,,,,,,,2024-07-15 16:09:57,2014-12-26,"1,213.27",403-828,인천광역시 부평구 부평동 665-8 가톨릭대학교성모병원 10동 지하2층,N,,3540000-120-2014-00007,,3540000,"인천광역시 부평구 동수로 56, 10동 지하2층 (부평동, 가톨릭대학교성모병원)",21431,01,영업/정상,위탁급식영업,032-280-5292,,,
,,(주)푸디스엘엔에프피코그램,위탁급식영업,,173966.575429654,446688.991865744,2026-05-06 22:43:43,I,01,영업,270.18,,,,,,,,,2017-10-19 15:09:00,2014-09-04,270.18,403-858,"인천광역시 부평구 청천동 391-19 외 1필지, 피코그램 업무근생동 5층 일부",N,,3540000-120-2014-00008,,3540000,"인천광역시 부평구 부평북로 118 (청천동, 피코그램 업무근생동 5층 일부)",21310,01,영업/정상,위탁급식영업,02-545-9730,,,
,,삼송쌀보리식당,위탁급식영업,,174861.52962941,446151.675853957,2026-05-06 22:43:44,I,01,영업,772.66,,,,,,,,,2024-02-26 11:42:03,2015-10-01,772.66,403-858,인천광역시 부평구 청천동 424 지하1층,N,,3540000-120-2015-00008,,3540000,"인천광역시 부평구 새벌로 4, 지하1층 (청천동)",21315,01,영업/정상,위탁급식영업,032-710-1812,,,
,,삼성웰스토리(주)코스맥스네오,위탁급식영업,,173491.51805699,446629.772483453,2026-05-06 22:43:44,I,01,영업,454.15,,,,,,,,,2026-01-14 14:52:24,2016-05-09,454.15,403-858,인천광역시 부평구 청천동 384-4 1동 4층 일부,N,,3540000-120-2016-00003,,3540000,"인천광역시 부평구 평천로73번길 14, 1동 4층 (청천동, 4층 일부)",21302,01,영업/정상,위탁급식영업,,,,
,,삼송쌀보리식당,위탁급식영업,,174699.379163365,446403.436888464,2026-05-06 22:43:44,I,01,영업,272.05,,,,,,,,,2024-02-26 11:39:57,2016-10-12,272.05,403-858,인천광역시 부평구 청천동 419-6 나동 지하1층,N,,3540000-120-2016-00007,,3540000,"인천광역시 부평구 안남로418번길 74, 나동 지하1층 (청천동)",21314,01,영업/정상,위탁급식영업,032-527-2150,,,
,,포도나무식당,위탁급식영업,,175069.388546949,446501.664165817,2026-05-06 22:43:44,I,01,영업,311.57,,,,,,,,,2018-06-25 10:16:46,2016-12-15,311.57,403-858,인천광역시 부평구 청천동 416-5 펌텍코리아(주) 5층 일부,N,,3540000-120-2016-00010,,3540000,"인천광역시 부평구 부평북로236번길 48 (청천동, 펌텍코리아(주) 5층 일부)",21315,01,영업/정상,위탁급식영업,032-511-6953,,,
,,예다움협동조합,위탁급식영업,,176370.746408975,445038.347412109,2026-05-06 22:43:44,I,01,영업,57.15,,,,,,,,,2017-01-10 13:08:29,2016-12-30,57.15,403-866,인천광역시 부평구 삼산동 464-3 현대아이프라자 701호일부,N,,3540000-120-2016-00011,,3540000,"인천광역시 부평구 길주로 639 (삼산동, 현대아이프라자 701호 일부)",21344,01,영업/정상,위탁급식영업,032-328-1852,,,
,,안양대학교구내식당,위탁급식영업,2026-02-25,150993.994642674,467841.49359816,2026-05-06 22:43:21,I,02,폐업,487.68,,,,,,,,,2026-02-25 14:38:10,2008-04-15,487.68,417-833,인천광역시 강화군 불은면 삼성리 809-170 외 41필지,N,,3570000-120-2008-00001,,3570000,인천광역시 강화군 불은면 중앙로 602-14,23038,03,폐업,위탁급식영업,,,,상수도전용
기타,,(주)아워홈 SSG랜더스 강화점,위탁급식영업,,155739.823989933,459605.425143165,2026-05-06 22:43:22,I,01,영업,247.5,,,,3,,,,,2025-05-29 15:02:17,2015-01-14,247.50,417-843,인천광역시 강화군 길상면 장흥리 산 34-1 외 25필지,N,1,3570000-120-2015-00002,,3570000,인천광역시 강화군 길상면 길상로 242-30,23049,01,영업/정상,위탁급식영업,02-6966-9272,,,상수도전용
,,(주)한성세종푸드,위탁급식영업,,155263.381061281,473564.420640079,2026-05-06 22:43:22,I,01,영업,206.2,,,,,,,,,2017-07-13 16:23:51,2017-07-13,206.20,417-944,인천광역시 강화군 강화읍 월곳리 755-2,N,,3570000-120-2017-00001,,3570000,"인천광역시 강화군 강화읍 강화산단로 231, 1동 3층 ((주)서울금속)",23021,01,영업/정상,위탁급식영업,02-501-0186,,,상수도전용
,,(주)이유에프에스 가천대 강화캠퍼스점,위탁급식영업,,155340.808514186,455935.425795433,2026-05-06 22:43:22,I,01,영업,528.9,,,,,,,,,2024-05-24 11:54:23,2019-03-22,528.90,417-843,인천광역시 강화군 길상면 선두리 989,N,,3570000-120-2019-00001,,3570000,인천광역시 강화군 길상면 해안남로 646-1,23051,01,영업/정상,위탁급식영업,032-930-5175,,,
,,HJ푸드,위탁급식영업,,153866.255774606,463755.948517004,2026-05-06 22:43:22,I,01,영업,63.9,,,,,,,,,2020-07-22 17:06:16,2020-07-22,63.90,417-832,인천광역시 강화군 불은면 두운리 342-4 호세요양원,N,,3570000-120-2020-00001,,3570000,"인천광역시 강화군 불은면 고려왕릉로 376, 호세요양원 A동동 지하1층",23046,01,영업/정상,위탁급식영업,032-937-3164,,,지하수전용
,,씨제이프레시웨이 풍산점,위탁급식영업,,155656.334592135,473443.910704812,2026-05-06 22:43:22,I,01,영업,389.91,,,,,,,,,2024-07-23 15:17:54,2020-08-20,389.91,417-806,인천광역시 강화군 강화읍 옥림리 1234-4,N,,3570000-120-2020-00002,,3570000,인천광역시 강화군 강화읍 강화산단로 274,23022,01,영업/정상,위탁급식영업,,,,상수도전용
,,(주)푸드런 온누리씨앤엠지점,위탁급식영업,,151407.150450313,477868.758346062,2026-05-06 22:43:22,I,01,영업,99.12,,,,,,,,,2025-08-14 10:44:06,2021-02-18,99.12,417-815,인천광역시 강화군 송해면 당산리 721,N,,3570000-120-2021-00001,,3570000,"인천광역시 강화군 송해면 전망대로423번길 84-15, 2층",23013,01,영업/정상,위탁급식영업,,,,상수도전용
,,해오름 강화병원지점,위탁급식영업,,155454.735468708,471326.723986966,2026-05-06 22:43:22,I,01,영업,298.27,,,,,,,,,2023-05-15 14:43:57,2021-07-01,298.27,417-941,인천광역시 강화군 강화읍 갑곳리 173-1 강화병원,N,,3570000-120-2021-00002,,3570000,"인천광역시 강화군 강화읍 강화대로312번길 11, 강화병원",23025,01,영업/정상,위탁급식영업,031-739-5580,,,상수도전용
,,하나,위탁급식영업,,174783.105999749,446498.192912496,2026-05-06 22:43:44,I,01,영업,411.29,,,,,,,,,2025-07-04 14:41:36,2017-09-19,411.29,403-858,인천광역시 부평구 청천동 415-1,N,,3540000-120-2017-00007,,3540000,"인천광역시 부평구 새벌로 39, 3층 (청천동)",21314,01,영업/정상,위탁급식영업,032-571-4851,,,
,,한국전력공사 인천지역본부,위탁급식영업,,175841.286955049,446098.785910114,2026-05-06 22:43:44,I,01,영업,0,,,,,,,,,2019-06-26 11:12:50,2017-11-09,,403-862,인천광역시 부평구 갈산동 90 한국전력인천지역본부,N,,3540000-120-2017-00008,,3540000,"인천광역시 부평구 주부토로 246, 7층 (갈산동, 한국전력인천지역본부)",21330,01,영업/정상,위탁급식영업,02-430-9593,,,
,,델리 부평구청점,위탁급식영업,,175343.0672624,444995.55301005,2026-05-06 22:43:45,I,01,영업,680.5,,,,,,,,,2023-01-02 09:45:11,2018-01-02,680.50,403-701,인천광역시 부평구 부평동 879 부평구청,N,,3540000-120-2018-00001,,3540000,"인천광역시 부평구 부평대로 168, 부평구청 7층 (부평동)",21354,01,영업/정상,위탁급식영업,02-578-6100,,,
,,롯데마트 부평점,위탁급식영업,,173767.426219215,444794.439991356,2026-05-06 22:43:45,I,01,영업,264.83,,,,,,,,,2024-12-17 16:28:52,2018-01-10,264.83,403-836,인천광역시 부평구 산곡동 159-52 롯데마트 부평점,N,,3540000-120-2018-00002,,3540000,"인천광역시 부평구 마장로 296, 롯데마트 부평점 지하 1층 일부호 (산곡동)",21362,01,영업/정상,위탁급식영업,,,,
,,새빛식당,위탁급식영업,,174382.124411149,446437.817943213,2026-05-06 22:43:45,I,01,영업,210.2,,,,,,,,,2020-08-04 14:45:53,2018-05-02,210.20,403-858,인천광역시 부평구 청천동 418-8,N,,3540000-120-2018-00004,,3540000,"인천광역시 부평구 안남로418번길 10, 1층 일부호 (청천동)",21314,01,영업/정상,위탁급식영업,,,,
,,대일식당,위탁급식영업,,174857.60330292,446402.084918054,2026-05-06 22:43:45,I,01,영업,367.08,,,,,,,,,2021-12-01 09:56:21,2019-02-19,367.08,403-858,인천광역시 부평구 청천동 420 1동 지하1층 일부,N,,3540000-120-2019-00001,,3540000,"인천광역시 부평구 새벌로 28, 1동 지하1층 일부호 (청천동)",21315,01,영업/정상,위탁급식영업,,,,
,,(주)아워홈 근로복지공단 인천병원점,위탁급식영업,2026-03-12,178160.812854333,441588.947019173,2026-05-06 22:43:45,I,02,폐업,572,,,,,,,,,2026-03-12 10:35:59,2019-02-28,572.00,403-120,인천광역시 부평구 구산동 47-3 근로복지공단 인천병원 1동 지하1층 일부,N,,3540000-120-2019-00002,,3540000,"인천광역시 부평구 무네미로 446, 근로복지공단 인천병원 1동 지하1층 일부호 (구산동)",21417,03,폐업,위탁급식영업,,,,
,,(주)동원홈푸드심팩(부평),위탁급식영업,,174200.044341971,446806.2437131,2026-05-06 22:43:46,I,01,영업,616.42,,,,,,,,,2021-01-19 13:32:34,2019-04-30,616.42,403-858,"인천광역시 부평구 청천동 394 외2필지,  (주)심팩공장 1동 6층",N,,3540000-120-2019-00004,,3540000,인천광역시 부평구 부평북로 141 (주)심팩공장 1동 6층 (청천동),21310,01,영업/정상,위탁급식영업,,,,
,,(주)예스영푸드 린나이코리아인천점(2공장),위탁급식영업,,172242.258893895,441293.304090135,2026-05-06 22:43:46,I,01,영업,780.03,,,,,,,,,2025-02-27 09:58:35,2019-11-29,780.03,403-847,인천광역시 부평구 십정동 560-2,N,,3540000-120-2019-00009,,3540000,"인천광역시 부평구 백범로577번길 48, 2동 3층 (십정동)",21449,01,영업/정상,위탁급식영업,,,,
,,건강한밥상,위탁급식영업,,175248.470210493,446793.285247064,2026-05-06 22:43:46,I,01,영업,154.07,,,,,,,,,2026-03-25 15:20:51,2020-02-11,154.07,403-858,인천광역시 부평구 청천동 437-12,N,,3540000-120-2020-00002,,3540000,"인천광역시 부평구 부평북로 247, 1층 (청천동)",21315,01,영업/정상,위탁급식영업,,,,
,,행복후레쉬푸드(본점),위탁급식영업,,172554.122339271,446374.49013591,2026-05-06 22:43:46,I,01,영업,299.09,,,,,,,,,2020-07-24 16:37:48,2020-07-24,299.09,403-855,인천광역시 부평구 청천동 68 와이지 원,N,,3540000-120-2020-00005,,3540000,"인천광역시 부평구 세월천로 211, 와이지 원 A동 3층 일부호 (청천동)",21300,01,영업/정상,위탁급식영업,,,,
,,행복후레쉬푸드(부평점),위탁급식영업,,174496.160132677,446594.780069785,2026-05-06 22:43:46,I,01,영업,319.19,,,,,,,,,2020-07-24 16:39:55,2020-07-24,319.19,403-858,인천광역시 부평구 청천동 414-1,N,,3540000-120-2020-00006,,3540000,"인천광역시 부평구 부평북로178번길 26, 5층 일부호 (청천동)",21314,01,영업/정상,위탁급식영업,,,,
,,디지에프오토모티브,위탁급식영업,,175024.126773726,446293.852637465,2026-05-06 22:43:46,I,01,영업,335.08,,,,,,,,,2023-12-13 10:29:25,2021-02-02,335.08,403-858,인천광역시 부평구 청천동 420-4,N,,3540000-120-2021-00001,,3540000,"인천광역시 부평구 부평대로297번길 58, 지하1층 일부호 (청천동)",21315,01,영업/정상,위탁급식영업,,,,
,,제이에스오토모티브 구내식당,위탁급식영업,,173394.974554373,446688.930099254,2026-05-06 22:43:47,I,01,영업,115,,,,,,,,,2024-11-04 13:17:35,2021-03-12,115.00,403-858,인천광역시 부평구 청천동 380-5 3층 일부 B동,N,,3540000-120-2021-00010,,3540000,"인천광역시 부평구 평천로73번길 19, B동 3층 일부호 (청천동)",21302,01,영업/정상,위탁급식영업,,,,상수도전용
,,(주)햇살드림푸드서비스,위탁급식영업,,173581.042446445,446814.592649001,2026-05-06 22:43:47,I,01,영업,361.87,,,,,,,,,2023-01-25 19:44:22,2022-12-01,361.87,403-858,인천광역시 부평구 청천동 383-1 (주)에스엠알효상 A동(공장동) 4층 일부,N,,3540000-120-2022-00002,,3540000,인천광역시 부평구 청천마차로 102 (주)에스엠알효상 A동(공장동) 4층 일부호 (청천동),21302,01,영업/정상,위탁급식영업,,,,상수도전용
,,케이티 구내식당 부평지사,위탁급식영업,,174382.047981039,444723.404865548,2026-05-06 22:43:47,I,01,영업,249.15,,,,,,,,,2026-03-27 16:32:20,2023-02-03,249.15,403-838,인천광역시 부평구 산곡동 410 KT부평지사 4층 일부,N,,3540000-120-2023-00001,,3540000,"인천광역시 부평구 원적로 399, KT부평지사 4층 일부호 (산곡동)",21363,01,영업/정상,위탁급식영업,,,,
,,더채움(사랑의 요양원 3호점),위탁급식영업,,175929.307895686,443327.505114847,2026-05-06 22:43:47,I,01,영업,113.94,,,,,,,,,2023-03-20 10:42:13,2023-03-20,113.94,403-824,인천광역시 부평구 부평동 563-1 10층 일부호,N,,3540000-120-2023-00002,,3540000,"인천광역시 부평구 대정로 92, 10층 일부호 (부평동)",21395,01,영업/정상,위탁급식영업,,,,
,,신우몰드위탁급식소,위탁급식영업,,174737.335006396,446238.984657018,2026-05-06 22:43:47,I,01,영업,136.59,,,,,,,,,2023-04-17 15:50:56,2023-04-17,136.59,403-858,인천광역시 부평구 청천동 423-12 2동 2호,N,,3540000-120-2023-00003,,3540000,"인천광역시 부평구 안남로402번길 84, 2동 2층 (청천동)",21314,01,영업/정상,위탁급식영업,,,,
,,사조푸디스트 비에스종합병원점,위탁급식영업,,154557.560860602,470612.853982941,2026-05-06 22:43:22,I,01,영업,497,,,,,,,,,2026-04-23 15:02:01,2021-08-31,497.00,417-805,인천광역시 강화군 강화읍 남산리 292,N,,3570000-120-2021-00003,,3570000,"인천광역시 강화군 강화읍 충렬사로 31, 지하1층",23037,01,영업/정상,위탁급식영업,02-2174-2653,,,
,,(주)제이엘푸드컨설팅 성안나의집지점,위탁급식영업,,155037.395765243,459500.728859409,2026-05-06 22:43:22,I,01,영업,406,,,,,,,,,2021-12-07 12:11:30,2021-12-07,406.00,417-841,인천광역시 강화군 길상면 온수리 619-28,N,,3570000-120-2021-00004,,3570000,인천광역시 강화군 길상면 전등사로 79,23050,01,영업/정상,위탁급식영업,031-8028-2244,,,
,,(주)이레푸드(아름다운실버타운),위탁급식영업,,157466.295406852,460893.267435022,2026-05-06 22:43:23,I,01,영업,71.28,,,,,,,,,2023-01-03 16:29:54,2023-01-03,71.28,417-831,인천광역시 강화군 불은면 덕성리 481,N,,3570000-120-2023-00001,,3570000,인천광역시 강화군 불은면 해안동로283번길 17,23047,01,영업/정상,위탁급식영업,031-943-6935,,,
,,(주)토브푸드 성산수련원점,위탁급식영업,,152326.848489004,470176.357866761,2026-05-06 22:43:23,I,01,영업,1006.25,,,,,,,,,2024-04-01 17:17:48,2024-04-01,"1,006.25",417-822,인천광역시 강화군 선원면 선행리 77,N,,3570000-120-2024-00001,,3570000,"인천광역시 강화군 선원면 충렬사로178번길 116, 가동 (B)지하1층",23039,01,영업/정상,위탁급식영업,,,,
,,디케이푸드 강화휴먼점,위탁급식영업,,155051.891030848,471458.806640104,2026-05-06 22:43:23,I,01,영업,15.12,,,,,,,,,2025-02-25 13:44:30,2025-02-25,15.12,417-802,인천광역시 강화군 강화읍 관청리 96-6,N,,3570000-120-2025-00001,,3570000,"인천광역시 강화군 강화읍 강화대로 352, 5층",23036,01,영업/정상,위탁급식영업,,,,상수도전용
,,케이푸드에스 주식회사 진남요양원점,위탁급식영업,,152112.534543533,462246.841039092,2026-05-06 22:43:23,I,01,영업,120,,,,,,,,,2025-05-30 11:30:51,2025-05-30,120.00,417-852,인천광역시 강화군 양도면 도장리 100-3,N,,3570000-120-2025-00002,,3570000,인천광역시 강화군 양도면 고려왕릉로139번길 10-11,23058,01,영업/정상,위탁급식영업,,,,
,,(주)토브푸드 인천교육청학생교육원점,위탁급식영업,,149074.811052843,456153.146333501,2026-05-06 22:43:23,I,01,영업,705.3,,,,,,,,,2025-07-11 15:45:50,2025-07-11,705.30,417-863,인천광역시 강화군 화도면 흥왕리 361,N,,3570000-120-2025-00003,,3570000,인천광역시 강화군 화도면 해안남로 1854,23062,01,영업/정상,위탁급식영업,,,,
,,(주)터치마인드 호세요양원점,위탁급식영업,,153866.255774606,463755.948517004,2026-05-06 22:43:23,I,01,영업,162,,,,,,,,,2025-12-03 12:05:39,2025-12-03,162.00,417-832,인천광역시 강화군 불은면 두운리 342-4 호세요양원,N,,3570000-120-2025-00004,,3570000,"인천광역시 강화군 불은면 고려왕릉로 376, 호세요양원",23046,01,영업/정상,위탁급식영업,,,,
,,한국남동발전(주)영흥발전본부,위탁급식영업,,150103.616522664,415479.749399485,2026-05-06 22:43:31,I,01,영업,706.77,,,,,,,,,2026-04-29 14:48:26,2025-11-17,706.77,409-871,인천광역시 옹진군 영흥면 외리 1344,N,,3580000-120-2025-00001,,3580000,"인천광역시 옹진군 영흥면 영흥남로293번길 75, 1층",23120,01,영업/정상,위탁급식영업,032-584-7150,,,
,,더채움(사랑의 요양원 본점),위탁급식영업,,175992.053875944,444002.246218805,2026-05-06 22:43:47,I,01,영업,124.7,,,,,,,,,2023-05-31 11:47:49,2023-05-17,124.70,403-820,인천광역시 부평구 부평동 217-2 LS빌딩 7층 일부호,N,,3540000-120-2023-00004,,3540000,"인천광역시 부평구 부흥로 336, LS빌딩 7층 일부호 (부평동)",21391,01,영업/정상,위탁급식영업,,,,
,,맛있는정원,위탁급식영업,,175134.692245939,446605.311079885,2026-05-06 22:43:47,I,01,영업,159.64,,,,,,,,,2023-06-21 16:18:13,2023-06-21,159.64,403-858,인천광역시 부평구 청천동 426-6 (주)인산씨앤씨 1층 일부호,N,,3540000-120-2023-00005,,3540000,인천광역시 부평구 부평대로329번길 42 (주)인산씨앤씨 1층 일부호 (청천동),21315,01,영업/정상,위탁급식영업,,,,
,,송도푸드시스템(주),위탁급식영업,,175957.452971666,445949.012423177,2026-05-06 22:43:47,I,01,영업,240,,,,,,,,,2024-08-09 13:44:43,2023-08-29,240.00,403-862,인천광역시 부평구 갈산동 90-1 1층 일부,N,,3540000-120-2023-00006,,3540000,"인천광역시 부평구 주부토로 238, 인천전력설비관리동(본관) 일부 1층 (갈산동)",21330,01,영업/정상,위탁급식영업,,,,
,,본우리집밥 인천노동복지합동청사점,위탁급식영업,,178014.108530225,441814.452365588,2026-05-06 22:43:47,I,01,영업,654.25,,,,,,,,,2023-12-29 16:53:34,2023-12-29,654.25,403-120,인천광역시 부평구 구산동 34-4 F동 일부호,N,,3540000-120-2023-00007,,3540000,"인천광역시 부평구 무네미로 478, F동 지하1층 일부호 (구산동)",21417,01,영업/정상,위탁급식영업,,,,
,,행복한위탁급식,위탁급식영업,,172691.210673763,442318.574621949,2026-05-06 22:43:47,I,01,영업,33.2,,,,,,,,,2024-05-14 10:13:47,2024-05-14,33.20,403-843,인천광역시 부평구 십정동 63-2 1층 일부,N,,3540000-120-2024-00002,,3540000,"인천광역시 부평구 여우재로26번길 39-1, 1층 일부호 (십정동)",21447,01,영업/정상,위탁급식영업,,,,
,,에스와이푸드,위탁급식영업,,176729.96105118,442237.327489504,2026-05-06 22:43:47,I,01,영업,67.91,,,,,,,,,2026-01-30 13:55:54,2024-11-13,67.91,403-811,인천광역시 부평구 부개동 405-2 주건축물 제1동 지하1층 일부 제1동,N,,3540000-120-2024-00003,,3540000,"인천광역시 부평구 항동로 42, 주건축물 제1동 지하1층 일부호 (부개동)",21423,01,영업/정상,위탁급식영업,,,,
,,부평우체국 구내식당,위탁급식영업,,174146.952941913,445282.304729206,2026-05-06 22:43:47,I,01,영업,271.3,,,,,,,,,2025-06-02 17:15:32,2025-06-02,271.30,403-858,인천광역시 부평구 청천동 327 부평우체국 3층 일부,N,,3540000-120-2025-00001,,3540000,"인천광역시 부평구 길주로 415, 부평우체국 3층 일부호 (청천동)",21313,01,영업/정상,위탁급식영업,,,,
,,인천삼산경찰서구내식당,위탁급식영업,,176277.524106644,445440.455615763,2026-05-06 22:43:47,I,01,영업,188.18,,,,,,,,,2025-09-11 14:39:45,2025-09-11,188.18,403-912,인천광역시 부평구 삼산동 441-1 인천삼산경찰서 별관 1층 일부,N,,3540000-120-2025-00002,,3540000,"인천광역시 부평구 굴포로 104, 인천삼산경찰서 별관 1층 일부 (삼산동)",21339,01,영업/정상,위탁급식영업,,,,
,,인천프라임요양원 구내식당,위탁급식영업,,177374.488393283,446351.356759914,2026-05-06 22:43:47,I,01,영업,45.66,,,,,,,,,2025-11-27 11:54:19,2025-11-27,45.66,403-862,인천광역시 부평구 삼산동 117-5 지하1층 일부호,N,,3540000-120-2025-00003,,3540000,"인천광역시 부평구 영성중로 31, 지하1층 일부호 (삼산동)",21321,01,영업/정상,위탁급식영업,,,,
,,펌텍4공장구내식당,위탁급식영업,,175070.616160473,446710.10242635,2026-05-06 22:43:47,I,01,영업,0,,,,,,,,,2025-12-24 10:08:05,2025-12-23,638.55,403-858,"인천광역시 부평구 청천동 427-4 가동 3층 일부, 펌텍코리아(주) 제4공장",N,,3540000-120-2025-00004,,3540000,"인천광역시 부평구 부평북로236번길 10, 가동 3층 일부, 펌텍코리아(주) 제4공장 (청천동)",21315,01,영업/정상,위탁급식영업,,,,
,,이조케터링서비스(주),위탁급식영업,,178155.375218712,442038.258431872,2026-05-06 22:43:47,I,01,영업,0,,,,,,,,,2026-01-05 15:22:15,2026-01-05,,403-120,인천광역시 부평구 구산동 34-1 글로벌숙련기술진흥센터 본관동 4층 일부호,N,,3540000-120-2026-00001,,3540000,"인천광역시 부평구 무네미로448번길 77, 글로벌숙련기술진흥센터 본관동 4층 일부호 (구산동)",21417,01,영업/정상,위탁급식영업,,,,
,,롯데마트 계양점,위탁급식영업,,176599.816295302,448767.427225648,2026-05-06 23:09:32,I,01,영업,255,,,,,,,,,2015-11-12 15:41:16,2012-08-30,255.00,407-813,인천광역시 계양구 계산동 1059-1 롯데마트 지하2층,N,,3550000-120-2012-00001,,3550000,"인천광역시 계양구 장제로 822, 2층 (계산동, 롯데마트 지하)",,01,영업/정상,위탁급식영업,02-518-0855,,,
,,욜로쿡,위탁급식영업,,173781.978226908,447157.211745106,2026-05-06 23:09:32,I,01,영업,180.5,,,,,,,,,2024-10-31 15:50:15,2012-10-29,180.50,407-832,인천광역시 계양구 효성동 514-1 4층,N,,3550000-120-2012-00002,,3550000,"인천광역시 계양구 마장로 537, 4층 (효성동)",21104,01,영업/정상,위탁급식영업,,,,
,자가,하나식당,위탁급식영업,,175082.997928085,446927.28189517,2026-05-06 23:09:32,I,01,영업,166.79,,,,,,,,,2023-07-12 16:06:42,2013-03-19,166.79,407-830,인천광역시 계양구 효성동 208-1,N,,3550000-120-2013-00002,,3550000,"인천광역시 계양구 아나지로248번길 12, 1층 일부호 (효성동)",21114,01,영업/정상,위탁급식영업,032-578-3304,,,
,,계양우체국식당,위탁급식영업,,176628.012573692,448388.066854941,2026-05-06 23:09:32,I,01,영업,191,,,,,,,,,2013-11-07 13:10:45,2013-11-07,191.00,407-813,인천광역시 계양구 계산동 1078-2 계양우체국 내,N,,3550000-120-2013-00005,,3550000,"인천광역시 계양구 계산새로 76 (계산동, 지하1층 일부)",21066,01,영업/정상,위탁급식영업,,,,
,,주식회사 에스피다이닝,위탁급식영업,,176755.146075493,447009.328684459,2026-05-06 23:09:32,I,01,영업,366,,,,,,,,,2020-06-15 14:25:49,2014-12-01,366.00,407-821,인천광역시 계양구 작전동 681-1 동광기연,N,,3550000-120-2014-00004,,3550000,"인천광역시 계양구 아나지로 412, 동광기연 2층 일부호 (작전동)",21129,01,영업/정상,위탁급식영업,,,,
,,앰코테크놀로지코리아(주) 아라마크(주),위탁급식영업,,173826.050234875,446997.544713455,2026-05-06 23:09:33,I,01,영업,483,,,,,,,,,2024-04-17 14:45:50,2017-03-20,483.00,407-832,인천광역시 계양구 효성동 516-1 엠코테크놀로지코리아,N,,3550000-120-2017-00002,,3550000,"인천광역시 계양구 아나지로 110, 6층 일부호 (효성동, 엠코테크놀로지코리아)",21107,01,영업/정상,위탁급식영업,,,,
,,더채움(위탁급식),위탁급식영업,,176607.326609066,448516.12033842,2026-05-06 23:09:33,I,01,영업,56.98,,,,,,,,,2018-09-13 14:06:16,2018-09-03,56.98,407-784,인천광역시 계양구 계산동 1062 하이베라스빌딩 D동 8층 일부호,N,,3550000-120-2018-00003,,3550000,"인천광역시 계양구 계산새로 71, 하이베라스빌딩 D동 8층 일부호 (계산동)",21060,01,영업/정상,위탁급식영업,,,,
,,더채움(노인요양시설한결),위탁급식영업,,177071.61320964,449723.359356115,2026-05-06 23:09:33,I,01,영업,56.5,,,,,,,,,2022-08-24 17:39:18,2018-09-03,56.50,407-480,인천광역시 계양구 방축동 119 병방프라자,N,,3550000-120-2018-00004,,3550000,"인천광역시 계양구 장제로927번길 4, 병방프라자 3층 일부호 (방축동)",21026,01,영업/정상,위탁급식영업,,,,
,,헬스앤케어 부평티엠에스,위탁급식영업,,175455.759847678,448732.92758347,2026-05-06 23:09:33,I,01,영업,34,,,,,,,,,2019-04-16 17:24:54,2019-04-16,34.00,407-807,인천광역시 계양구 계산동 956-7 대덕노바체,N,,3550000-120-2019-00002,,3550000,"인천광역시 계양구 계양대로 188, 대덕노바체 1층 115호 (계산동)",21053,01,영업/정상,위탁급식영업,032-549-8049,,,
,,헬스엔케어부천티엠에스,위탁급식영업,,176168.95625442,452978.264745386,2026-05-06 23:09:33,I,01,영업,39.92,,,,,,,,,2019-04-22 16:46:00,2019-04-22,39.92,407-470,인천광역시 계양구 장기동 131-8 원욱그린타운,N,,3550000-120-2019-00003,,3550000,"인천광역시 계양구 황어로 89-1, 1층 101호 (장기동, 원욱그린타운)",21007,01,영업/정상,위탁급식영업,,,,
,,(주)휴먼푸드서비스(성일기공),위탁급식영업,,178108.401893155,447874.705574824,2026-05-06 23:09:33,I,01,영업,185,,,,,,,,,2026-02-09 17:49:24,2019-08-27,185.00,407-070,인천광역시 계양구 서운동 114-4,N,,3550000-120-2019-00007,,3550000,"인천광역시 계양구 서운산단로1길 25, 3층 (서운동)",21072,01,영업/정상,위탁급식영업,031-281-6085,,,
,,(주)동원홈푸드 동아베스텍,위탁급식영업,,178277.451519282,448120.382261216,2026-05-06 23:09:33,I,01,영업,790.4,,,,,,,,,2021-12-03 10:30:09,2019-06-04,790.40,407-070,인천광역시 계양구 서운동 212-2 동아베스텍(주),N,,3550000-120-2019-00010,,3550000,"인천광역시 계양구 서운산단로5길 6, 동아베스텍(주) 1동 4층 일부호 (서운동)",21072,01,영업/정상,위탁급식영업,,,,
,,(주)에스피씨지에프에스 경인교대 인천캠퍼스 식당,위탁급식영업,,174878.267920824,448482.08154146,2026-05-06 23:09:33,I,01,영업,610.39,,,,,,,,,2026-04-02 16:43:07,2020-10-15,610.39,407-753,인천광역시 계양구 계산동 857-87 경인교육대학교,N,,3550000-120-2020-00002,,3550000,"인천광역시 계양구 계산로 62, 경인교육대학교 1층 학생회관호 (계산동)",21044,01,영업/정상,위탁급식영업,042-825-9682,,,상수도전용
,,더베스트유원,위탁급식영업,,180348.887300536,453151.82144408,2026-05-06 23:09:33,I,01,영업,50.69,,,,,,,,,2023-04-04 16:08:02,2020-04-22,50.69,407-390,인천광역시 계양구 상야동 12-3,N,,3550000-120-2020-00005,,3550000,"인천광역시 계양구 벌말로573번길 14, 나동 1층 일부호 (상야동)",21009,01,영업/정상,위탁급식영업,,,,
,,지엔비,위탁급식영업,,178623.640989807,447979.780600009,2026-05-06 23:09:33,I,01,영업,323.52,,,,,,,,,2024-12-26 15:25:22,2021-03-08,323.52,407-070,인천광역시 계양구 서운동 220-4 5층일부호,N,,3550000-120-2021-00003,,3550000,"인천광역시 계양구 서운산단로2길 36, 5층 일부호 (서운동)",21072,01,영업/정상,위탁급식영업,,,,
,,풀무원푸드앤컬처,위탁급식영업,,178428.364524802,447784.817793827,2026-05-06 23:09:33,I,01,영업,539.49,,,,,,,,,2023-07-19 14:38:56,2021-07-30,539.49,407-070,인천광역시 계양구 서운동 219,N,,3550000-120-2021-00004,,3550000,"인천광역시 계양구 서운산단로2길 6, 5층 일부호 (서운동)",21072,01,영업/정상,위탁급식영업,,,,
,,행복후레쉬푸드,위탁급식영업,,178260.914315885,447775.574758603,2026-05-06 23:09:33,I,01,영업,647.02,,,,,,,,,2021-11-17 17:54:35,2021-11-05,647.02,407-070,인천광역시 계양구 서운동 218,N,,3550000-120-2021-00005,,3550000,"인천광역시 계양구 서운산단로1길 11, 1동 5층 일부호 (서운동)",21072,01,영업/정상,위탁급식영업,,,,
,,아라마크씨에스아이엔테크,위탁급식영업,,178398.228334679,447657.332619059,2026-05-06 23:09:33,I,01,영업,436,,,,,,,,,2024-04-19 14:44:53,2022-06-10,436.00,407-070,인천광역시 계양구 서운동 221,N,,3550000-120-2022-00001,,3550000,"인천광역시 계양구 서운산업로 61, 1층 일부호 (서운동)",21075,01,영업/정상,위탁급식영업,02-3278-8009,,,
,,더채움(가족요양원),위탁급식영업,,175238.532778984,447026.954808982,2026-05-06 23:09:33,I,01,영업,68.2,,,,,,,,,2024-12-10 13:21:35,2023-03-15,68.20,407-816,인천광역시 계양구 작전동 473-7,N,,3550000-120-2023-00001,,3550000,"인천광역시 계양구 아나지로 258, 7층 일부호 (작전동)",21114,01,영업/정상,위탁급식영업,,,,
,,(주)봄스수라상서울요양원점,위탁급식영업,,176400.85233119,448158.634091871,2026-05-06 23:09:33,I,01,영업,37.8,,,,,,,,,2023-09-11 15:14:41,2023-09-11,37.80,407-809,인천광역시 계양구 계산동 1071-2,N,,3550000-120-2023-00003,,3550000,"인천광역시 계양구 장제로 755, 6층 일부호 (계산동)",21083,01,영업/정상,위탁급식영업,,,,
기타,,(주)풀무원푸드앤컬처흥아기연점,위탁급식영업,,178018.342138358,448341.812165156,2026-05-06 23:09:33,I,01,영업,690.6,,,,2,,,,,2023-07-25 14:21:09,2015-02-02,690.60,407-070,인천광역시 계양구 서운동 208-1,N,2,3550000-120-2015-00003,,3550000,"인천광역시 계양구 서운산단로1길 65, 3층 일부호 (서운동)",21072,01,영업/정상,위탁급식영업,02-3400-7500,,,상수도전용
,,본우리집밥이마트계양점,위탁급식영업,,176674.935225112,447677.795056986,2026-05-06 23:09:33,I,01,영업,206.36,,,,,,,,,2023-10-27 14:39:03,2023-10-27,206.36,407-825,인천광역시 계양구 작전동 911-1 (주)이마트,N,,3550000-120-2023-00004,,3550000,인천광역시 계양구 봉오대로 785 (주)이마트 지하3층 일부호 (작전동),21080,01,영업/정상,위탁급식영업,,,,
,,휴먼푸드서비스 더드림병원인천점,위탁급식영업,,175381.027365819,448131.664251626,2026-05-06 23:09:33,I,01,영업,47.6,,,,,,,,,2026-02-09 17:49:47,2024-04-02,47.60,407-822,인천광역시 계양구 작전동 852-40 더드림병원,N,,3550000-120-2024-00001,,3550000,"인천광역시 계양구 계양대로 123, 더드림병원 7층 (작전동)",21045,01,영업/정상,위탁급식영업,031-281-6085,,,
,,식가네,위탁급식영업,,178543.662423225,448264.889701693,2026-05-06 23:09:33,I,01,영업,267.45,,,,,,,,,2024-05-17 09:22:04,2024-05-02,267.45,407-070,인천광역시 계양구 서운동 211-2 (주)이노디스,N,,3550000-120-2024-00002,,3550000,인천광역시 계양구 서운산단로2길 73 (주)이노디스 3층 일부호 (서운동),21072,01,영업/정상,위탁급식영업,032-710-5933,,,
,,아라마크 홈플러스작전점,위탁급식영업,,175291.982296046,447141.041163927,2026-05-06 23:09:33,I,01,영업,372.9,,,,,,,,,2025-01-02 17:36:17,2025-01-02,372.90,407-816,인천광역시 계양구 작전동 448-7 HOME PLUS 작전점,N,,3550000-120-2025-00002,,3550000,"인천광역시 계양구 계양대로 27, HOME PLUS 작전점 2층 일부호 (작전동)",21111,01,영업/정상,위탁급식영업,,,,
,,(주)웰스프레쉬 귤현차량기지사업소,위탁급식영업,,177185.892378319,451971.445938126,2026-05-06 23:09:33,I,01,영업,354,,,,,,,,,2025-01-20 16:41:24,2025-01-20,354.00,407-350,인천광역시 계양구 귤현동 365,N,,3550000-120-2025-00003,,3550000,"인천광역시 계양구 만봉길 65, 1동 6층 일부호 (귤현동)",21016,01,영업/정상,위탁급식영업,,,,
,,허니푸드 경인여대점,위탁급식영업,,175423.776151954,449624.208461353,2026-05-06 23:09:33,I,01,영업,796,,,,,,,,,2025-12-16 09:40:45,2025-04-30,796.00,407-740,인천광역시 계양구 계산동 548-4 경인여자대학교 B동 지층 일부호,N,,3550000-120-2025-00004,,3550000,"인천광역시 계양구 계양산로 63, 경인여자대학교 B동 지하1층 일부호 (계산동)",21041,01,영업/정상,위탁급식영업,,,,
,,(주)더채움 강남요양원지점,위탁급식영업,,176710.723522342,448198.017666271,2026-05-06 23:09:33,I,01,영업,76.42,,,,,,,,,2025-09-07 12:26:51,2025-08-28,76.42,407-813,인천광역시 계양구 계산동 1081-2 강남모던빌 3층 일부호,N,,3550000-120-2025-00005,,3550000,"인천광역시 계양구 오조산로57번길 11-1, 강남모던빌 3층 일부호 (계산동)",21069,01,영업/정상,위탁급식영업,,,,
,,인천계양경찰서 구내식당,위탁급식영업,,176541.150239593,448405.843698474,2026-05-06 23:09:33,I,01,영업,130.68,,,,,,,,,2025-10-04 09:34:57,2025-09-25,130.68,407-703,인천광역시 계양구 계산동 1078-1 인천계양경찰서,N,,3550000-120-2025-00006,,3550000,"인천광역시 계양구 계산새로 68, 인천계양경찰서 7동 5층 일부호 (계산동)",21066,01,영업/정상,위탁급식영업,032-584-7150,,,상수도전용
,,삼성웰스토리(주) 인천세종병원,위탁급식영업,,176669.268230728,447792.256189904,2026-05-06 23:09:33,I,01,영업,746.65,,,,,,,,,2026-01-14 15:22:52,2025-12-31,746.65,407-825,인천광역시 계양구 작전동 909 인천세종병원,N,,3550000-120-2025-00007,,3550000,"인천광역시 계양구 계양문화로 20, 인천세종병원 지하2층 (작전동)",21080,01,영업/정상,위탁급식영업,1544-8272,,,
,,(주)정오아카데미 청담고등학교점,위탁급식영업,,200370.155639824,445419.009996221,2026-05-06 22:35:06,I,01,영업,524.24,,,,,,,,,2026-02-26 12:15:06,2026-02-26,524.24,137-909,서울특별시 서초구 잠원동 71-10 청담고등학교,N,,3210000-120-2026-00002,,3210000,"서울특별시 서초구 신반포로23길 66, 청담고등학교 1층 (잠원동)",06510,01,영업/정상,위탁급식영업,,,,
,,참푸드서울국제고점,위탁급식영업,,199588.717714716,454326.388544235,2026-05-06 22:43:46,I,01,영업,636,,,,,,,,,2026-02-27 13:53:32,2026-02-27,636.00,110-521,서울특별시 종로구 명륜1가 1-27 서울국제고등학교,N,,3000000-120-2026-00002,,3000000,"서울특별시 종로구 성균관로13길 40, 서울국제고등학교 1층 (명륜1가)",03066,01,영업/정상,위탁급식영업,,,,
,,참푸드경기상고점,위탁급식영업,,197265.267794545,454032.298913757,2026-05-06 22:43:46,I,01,영업,1111,,,,,,,,,2026-02-27 13:55:46,2026-02-27,"1,111.00",110-030,서울특별시 종로구 청운동 89-3 경기상업고등학교,N,,3000000-120-2026-00003,,3000000,"서울특별시 종로구 자하문로 136, 경기상업고등학교 (청운동)",03047,01,영업/정상,위탁급식영업,,,,
,,가람푸드써비스(유) 서울예술고지점,위탁급식영업,,197227.339832775,455915.250190079,2026-05-06 22:43:46,I,01,영업,218,,,,,,,,,2026-02-27 14:44:30,2026-02-27,218.00,110-847,서울특별시 종로구 평창동 217 서울예술고등학교,N,,3000000-120-2026-00004,,3000000,"서울특별시 종로구 평창문화로 70, 서울예술고등학교 (평창동)",03011,01,영업/정상,위탁급식영업,02-2287-0500,,,
,,본우리집밥 서울대학교치과병원점,위탁급식영업,,199824.095974723,452984.360451452,2026-05-06 22:43:47,I,01,영업,540.21,,,,,,,,,2026-02-27 15:42:48,2026-02-27,540.21,110-460,서울특별시 종로구 연건동 28-21,N,,3000000-120-2026-00005,,3000000,"서울특별시 종로구 대학로 101, 진료지원동 지하1층 (연건동)",03080,01,영업/정상,위탁급식영업,02-3019-2273,,,
,,세종에프앤에스(주)-용산철도고,위탁급식영업,,197007.922668946,446929.732199319,2026-05-06 22:43:43,I,01,영업,592,,,,,,,,,2026-02-27 15:10:47,2026-02-27,592.00,140-883,서울특별시 용산구 한강로3가 65-209 용산철도고등학교,N,,3020000-120-2026-00003,,3020000,"서울특별시 용산구 서빙고로 24, 용산철도고등학교 지하1층 (한강로3가)",04388,01,영업/정상,위탁급식영업,,,,상수도전용
,,(주)그린푸드 미추홀구청점,위탁급식영업,,168989.590413153,440216.703313987,2026-05-06 22:43:46,I,01,영업,467.38,,,,,,,,,2026-02-27 15:40:14,2026-02-27,467.38,,인천광역시 미추홀구 숭의동 131-1 미추홀구청,N,,3510500-120-2026-00001,,3510500,"인천광역시 미추홀구 독정이로 95, 미추홀구청 3층 (숭의동)",22169,01,영업/정상,위탁급식영업,032-814-0277,,,상수도전용
,,(주)엘에스씨푸드 종로산업정보학교,위탁급식영업,,201468.856591382,452233.238856968,2026-05-06 22:43:47,I,01,영업,476,,,,,,,,,2026-03-03 13:17:18,2026-03-03,476.00,110-826,"서울특별시 종로구 숭인동 242-36 종로산업정보학교 1,2층",N,,3000000-120-2026-00006,,3000000,"서울특별시 종로구 종로58길 28, 종로산업정보학교 1,2층 (숭인동)",03114,01,영업/정상,위탁급식영업,02-2237-0465,,,
