건물지상층수,건물소유구분명,건물지하층수,사업장명,업태구분명,폐업일자,조건부허가시작일자,조건부허가신고사유,조건부허가종료일자,좌표X,좌표Y,데이터갱신시점,데이터갱신구분,상세영업상태코드,상세영업상태명,여성종사자수,최종수정시점,인허가일자,소재지면적,소재지우편번호,지번주소,다중이용업소여부,남성종사자수,관리번호,개방자치단체코드,도로명주소,도로명우편번호,회수건조기수,영업상태구분코드,영업상태명,위생업태명,소재지전화번호,사용시작지상층,사용시작지하층,사용끝지상층,사용끝지하층,세탁기수
0,,0,프라자,일반세탁업,2025-12-26,,,,202326.503044305,450625.58422744,2026-05-06 22:36:22,I,02,폐업,,2025-12-26 17:46:54,2003-02-18,15.21,133-070,서울특별시 성동구 행당동 347 대림리빙프라자351호,N,,3030000-205-2003-00062,3030000,"서울특별시 성동구 행당로 87, 351호 (행당동)",04713,1,03,폐업,일반세탁업,02-2294-4600,3,0,3,0,1
,,,한영전자크리닝,일반세탁업,2026-01-22,,,,195296.294478141,450404.74532085,2026-05-06 22:43:54,I,02,폐업,,2026-01-22 17:23:50,1989-04-18,14.60,121-870,서울특별시 마포구 염리동 9-95,N,,3130000-205-1989-01764,3130000,서울특별시 마포구 숭문16길 19 (염리동),04113,,03,폐업,일반세탁업,02-715-6301,,,,,
2,임대,1,삼성,일반세탁업,,,,,202333.493742153,449750.627981772,2026-05-06 22:36:22,I,01,영업,,2020-03-27 15:33:55,2004-08-09,20.00,133-801,서울특별시 성동구 금호동1가 1500-1 금호삼성래미안@상가동201호,N,,3030000-205-2004-00003,3030000,"서울특별시 성동구 독서당로55길 17 (금호동1가,금호삼성래미안@상가동201호)",04718,,01,영업/정상,일반세탁업,02-2297-4545,2,,2,,
3,자가,1,금호세탁소,일반세탁업,,,,,202214.822851418,451012.019920603,2026-05-06 22:36:22,I,01,영업,,2010-03-15 10:26:05,2004-08-16,18.00,133-859,서울특별시 성동구 하왕십리동 1052 금호베스트빌@상가 304호,N,,3030000-205-2004-00004,3030000,"서울특별시 성동구 난계로 114-31 (하왕십리동,금호베스트빌@상가 304호)",04711,0,01,영업/정상,일반세탁업,02-2299-3942,3,0,3,0,0
3,임대,1,세림사,일반세탁업,,,,,203922.289928058,451446.838500516,2026-05-06 22:36:22,I,01,영업,,2020-03-27 15:35:53,2004-09-01,36.00,133-816,서울특별시 성동구 마장동 784 세림@상가205호,N,,3030000-205-2004-00006,3030000,"서울특별시 성동구 마장로42길 14, 상가 205호 (마장동)",04757,,01,영업/정상,일반세탁업,02-2294-4266,2,,2,,
1,,0,무지개세탁소,일반세탁업,,,,,202326.503044305,450625.58422744,2026-05-06 22:36:21,I,01,영업,,2010-03-15 10:58:44,2005-05-12,33.07,133-070,서울특별시 성동구 행당동 347 백합상가 80동 102호,N,,3030000-205-2005-00002,3030000,,,0,01,영업/정상,일반세탁업,02-2296-5002,0,0,0,0,3
,,,오렌지크리닝,일반세탁업,,,,,202734.997323217,449705.116696286,2026-05-06 22:36:43,I,01,영업,,2020-06-15 15:41:17,2005-05-27,68.76,133-852,서울특별시 성동구 응봉동 193-111,N,,3030000-205-2005-00004,3030000,"서울특별시 성동구 독서당로62길 10, 1층 (응봉동)",04742,,01,영업/정상,일반세탁업,02-2296-4888,1,,1,,
,,,이화세탁,일반세탁업,,,,,203513.445323742,451068.126669867,2026-05-06 22:36:22,I,01,영업,,2005-06-09 00:00:00,2005-06-09,37.26,133-871,서울특별시 성동구 행당동 1-76,N,,3030000-205-2005-00005,3030000,서울특별시 성동구 마조로11길 8 (행당동),04759,,01,영업/정상,일반세탁업,,1,,1,,
,,,월풀빨래방,일반세탁업,,,,,201814.441162898,449912.705589854,2026-05-06 22:36:22,I,01,영업,,2012-06-21 15:56:11,2005-06-14,25.60,133-807,서울특별시 성동구 금호동3가 1117,N,,3030000-205-2005-00006,3030000,서울특별시 성동구 무수막길 61 (금호동3가),04726,,01,영업/정상,일반세탁업,02-2252-1790,1,,1,,
0,,0,재영사,일반세탁업,,,,,204649.382346418,451418.498928016,2026-05-06 22:36:22,I,01,영업,,2014-07-09 10:44:33,2005-07-14,19.80,133-848,서울특별시 성동구 용답동 65-2,N,,3030000-205-2005-00007,3030000,서울특별시 성동구 용답29길 30-1 (용답동),04804,0,01,영업/정상,일반세탁업,02-2242-0162,0,0,0,0,3
,임대,,롯데,일반세탁업,,,,,204902.706096918,449373.167929482,2026-05-06 22:36:21,I,01,영업,,2005-09-30 00:00:00,2005-09-30,29.00,133-835,서울특별시 성동구 성수동2가 835-1 롯데캐슬(아)상가 204호,N,,3030000-205-2005-00011,3030000,"서울특별시 성동구 성수일로12길 52 (성수동2가,롯데캐슬(아)상가 204호)",04794,,01,영업/정상,일반세탁업,02-466-6122,2,,2,,
,,,한진세탁,일반세탁업,,,,,203933.697716773,448762.825899457,2026-05-06 22:36:21,I,01,영업,,2020-03-27 15:41:02,2005-09-30,29.00,133-923,서울특별시 성동구 성수동1가 704 한진(아)상가 208호,N,,3030000-205-2005-00013,3030000,"서울특별시 성동구 뚝섬로 312, 상가 208호 (성수동1가)",04773,,01,영업/정상,일반세탁업,02-467-4966,2,,2,,
,,,샤르망,일반세탁업,,,,,203182.593906872,451405.183612375,2026-05-06 22:36:21,I,01,영업,,2006-08-17 00:00:00,2006-04-07,23.10,133-866,서울특별시 성동구 행당동 192-29 성동샤르망108호,N,,3030000-205-2006-00004,3030000,"서울특별시 성동구 고산자로 284 (행당동,성동샤르망108호)",04750,,01,영업/정상,일반세탁업,,,,,,
3,,1,월풀빨래터,일반세탁업,,,,,205095.121462787,448246.945107715,2026-05-06 22:36:21,I,01,영업,,2006-06-13 00:00:00,2006-06-13,12.90,133-826,서울특별시 성동구 성수동2가 219-29 (지상1층),N,,3030000-205-2006-00006,3030000,"서울특별시 성동구 성덕정길 136 (성수동2가,(지상1층))",04777,,01,영업/정상,일반세탁업,02-462-9606,1,,1,,1
6,,0,현대프로세탁,일반세탁업,,,,,202326.470897024,449954.683065141,2026-05-06 22:36:21,I,01,영업,,2023-09-27 13:49:37,2006-12-14,33.00,133-801,서울특별시 성동구 금호동1가 633,N,,3030000-205-2006-00014,3030000,"서울특별시 성동구 금호로 102, 516-1호 (금호동1가, 벽산아파트상가동)",04718,0,01,영업/정상,일반세탁업,02-2299-5144,5,0,5,0,3
5,,1,명품세탁소,일반세탁업,,,,,205968.25643879,450003.09309754,2026-05-06 22:36:38,I,01,영업,,2020-03-27 15:43:03,2008-03-11,32.40,133-837,서울특별시 성동구 송정동 73-420 지상1층,N,,3030000-205-2008-00004,3030000,"서울특별시 성동구 송정18길 12 (송정동,지상1층)",04801,0,01,영업/정상,일반세탁업,02-462-5671,1,0,1,0,1
0,,0,주식회사 대진씨앤아이,일반세탁업,,,,,202249.750078276,449668.572421314,2026-05-06 22:36:39,I,01,영업,,2020-03-27 15:44:20,2009-07-21,461.34,133-801,서울특별시 성동구 금호동1가 1797-1 (지하1층),N,,3030000-205-2009-00006,3030000,"서울특별시 성동구 금호로 66 (금호동1가,(지하1층))",04718,0,01,영업/정상,일반세탁업,02-2282-0237,0,1,0,1,1
0,,0,두산세탁,일반세탁업,,,,,201383.023709556,449744.280482389,2026-05-06 22:36:38,I,01,영업,,2020-03-27 15:47:00,2009-11-26,30.24,133-807,서울특별시 성동구 금호동3가 1331 두산@상가 504호(지상5층),N,,3030000-205-2009-00009,3030000,"서울특별시 성동구 동호로 102, 상가동 504호 (금호동3가)",04724,1,01,영업/정상,일반세탁업,02-2233-7742,5,0,5,0,1
0,,0,버블하우스,일반세탁업,,,,,204729.334007574,448164.46627115,2026-05-06 22:36:41,I,01,영업,,2015-01-08 15:51:32,2009-05-29,126.73,133-830,서울특별시 성동구 성수동2가 748-1,N,,3030000-205-2009-00010,3030000,"서울특별시 성동구 성수이로2길 7, 지상2층 (성수동2가)",04776,1,01,영업/정상,일반세탁업,02-458-7773,2,,2,,1
0,,0,중앙세탁소,일반세탁업,,,,,201366.036667659,448641.165627602,2026-05-06 22:36:20,I,01,영업,,2014-04-24 15:35:05,2010-07-12,27.90,133-838,서울특별시 성동구 옥수동 100 중앙하이츠상가 지상2층 204호,N,,3030000-205-2010-00003,3030000,"서울특별시 성동구 한림말길 48, 2층 204호 (옥수동)",04736,1,01,영업/정상,일반세탁업,02-2292-0855,2,,2,,1
0,,0,한신세탁,일반세탁업,,,,,203133.802372323,450318.174459546,2026-05-06 22:36:40,I,01,영업,,2012-03-02 15:27:06,2012-03-02,44.55,133-070,서울특별시 성동구 행당동 349 한신휴상가  B01호,N,,3030000-205-2012-00001,3030000,"서울특별시 성동구 고산자로2길 지하 35, B01호 (행당동, 한신휴상가 B01호)",,1,01,영업/정상,일반세탁업,02-2296-7894,,1,,1,2
0,,0,전진사,일반세탁업,,,,,,,2026-05-06 22:36:31,I,01,영업,,2020-03-26 14:00:23,1987-10-12,104.18,133-805,서울특별시 성동구 금호동3가 453-0,N,,3030000-205-1987-01534,3030000,,,,01,영업/정상,일반세탁업,02-2234-9597,0,0,,,
0,,0,희망사,일반세탁업,,,,,202696.077591993,450868.126284181,2026-05-06 22:36:22,I,01,영업,,2020-03-26 14:03:09,1987-10-12,21.00,133-872,서울특별시 성동구 행당동 299-10,N,,3030000-205-1987-01548,3030000,서울특별시 성동구 왕십리로21라길 2 (행당동),04714,,01,영업/정상,일반세탁업,02-292-6592,0,0,,,
0,,0,청수하이츠,일반세탁업,,,,,201181.598996876,448609.588125745,2026-05-06 22:36:41,I,01,영업,,2016-06-17 16:44:02,1987-06-26,25.00,133-839,서울특별시 성동구 옥수동 220-1,N,,3030000-205-1987-01553,3030000,"서울특별시 성동구 독서당로 160, 상가동 115호 (옥수동, 한남하이츠아파트)",04736,,01,영업/정상,일반세탁업,02-253-0713,0,0,,,
0,,0,만부사,일반세탁업,,,,,204802.374891148,449515.862983835,2026-05-06 22:36:31,I,01,영업,,2020-03-26 14:05:55,1987-07-14,21.80,133-833,서울특별시 성동구 성수동2가 299-200,N,,3030000-205-1987-01556,3030000,서울특별시 성동구 아차산로7길 29 (성수동2가),04792,,01,영업/정상,일반세탁업,02-463-1959,0,0,,,
0,,0,황제사,일반세탁업,,,,,205765.686591751,449639.843767203,2026-05-06 22:36:31,I,01,영업,,2013-10-17 13:30:04,1987-07-14,11.24,133-836,서울특별시 성동구 송정동 66-45,N,,3030000-205-1987-01560,3030000,서울특별시 성동구 광나루로11길 12 (송정동),04801,,01,영업/정상,일반세탁업,02-466-9538,0,0,,,
0,,0,백합사,일반세탁업,,,,,205923.21288354,449869.045789004,2026-05-06 22:36:31,I,01,영업,,2020-03-26 16:58:06,1987-07-14,18.20,133-837,서울특별시 성동구 송정동 73-621,N,,3030000-205-1987-01561,3030000,서울특별시 성동구 송정14길 14 (송정동),04801,,01,영업/정상,일반세탁업,02-466-3179,0,0,,,
0,,0,백양사,일반세탁업,,,,,202732.968302732,450889.439120835,2026-05-06 22:36:28,I,01,영업,,2001-09-25 00:00:00,1987-10-12,11.55,133-872,서울특별시 성동구 행당동 299-7,N,,3030000-205-1987-01614,3030000,서울특별시 성동구 왕십리로21길 30 (행당동),04714,,01,영업/정상,일반세탁업,02-294-3893,0,0,,,
0,,0,명성사,일반세탁업,,,,,202768.4027961,451073.199178155,2026-05-06 22:36:27,I,01,영업,,2020-03-26 17:05:01,1987-07-15,144.60,133-858,서울특별시 성동구 하왕십리동 966-43,N,,3030000-205-1987-01646,3030000,서울특별시 성동구 무학봉26길 2 (하왕십리동),04714,,01,영업/정상,일반세탁업,02-2292-9223,0,0,,,
0,,0,성수사,일반세탁업,,,,,204509.046016475,448426.58704768,2026-05-06 22:36:33,I,01,영업,,2020-03-26 17:08:49,1987-10-24,15.00,133-828,서울특별시 성동구 성수동2가 345-9,N,,3030000-205-1987-01704,3030000,서울특별시 성동구 성덕정길 75 (성수동2가),04775,,01,영업/정상,일반세탁업,02-467-2599,0,0,,,
0,,0,백은사,일반세탁업,,,,,201587.661910789,449514.79195531,2026-05-06 22:36:33,I,01,영업,,2016-09-23 14:59:15,1987-10-12,19.80,133-809,서울특별시 성동구 금호동4가 1219,N,,3030000-205-1987-01716,3030000,"서울특별시 성동구 동호로2길 26, 1층 (금호동4가)",04725,,01,영업/정상,일반세탁업,02-232-1051,0,0,,,
0,,0,삼일사,일반세탁업,,,,,204967.919715106,448360.298740477,2026-05-06 22:36:31,I,01,영업,,2025-09-18 13:30:25,1987-10-24,14.40,133-829,서울특별시 성동구 성수동2가 572-1,N,,3030000-205-1987-01821,3030000,서울특별시 성동구 성덕정19길 16 (성수동2가),04777,,01,영업/정상,일반세탁업,02-465-1536,0,0,,,
0,,0,경일사,일반세탁업,,,,,204119.042438502,448605.612706456,2026-05-06 22:36:32,I,01,영업,,2001-09-25 00:00:00,1987-10-24,14.00,133-823,서울특별시 성동구 성수동1가 656-244,N,,3030000-205-1987-01833,3030000,서울특별시 성동구 성덕정3길 7-1 (성수동1가),04774,,01,영업/정상,일반세탁업,02-467-0484,0,0,,,
0,,0,백광사,일반세탁업,,,,,203056.514104723,451627.413501739,2026-05-06 22:36:32,I,01,영업,,2020-05-29 16:13:06,1987-10-24,38.94,133-814,서울특별시 성동구 마장동 565,N,,3030000-205-1987-01837,3030000,"서울특별시 성동구 청계천로12길 39, 1층 (마장동)",04705,,01,영업/정상,일반세탁업,02-292-7891,0,0,,,
0,,0,성일사,일반세탁업,,,,,202726.74830217,451038.510866178,2026-05-06 22:36:34,I,01,영업,,2020-03-26 17:21:26,1988-02-04,10.60,133-858,서울특별시 성동구 하왕십리동 970-68,N,,3030000-205-1988-01785,3030000,서울특별시 성동구 무학봉길 84 (하왕십리동),04714,,01,영업/정상,일반세탁업,02-2294-5069,0,0,,,
0,,0,대성사,일반세탁업,,,,,203855.977378268,451770.779724639,2026-05-06 22:36:34,I,01,영업,,2001-09-25 00:00:00,1988-02-16,17.20,133-815,서울특별시 성동구 마장동 767-6,N,,3030000-205-1988-01788,3030000,서울특별시 성동구 마장로39나길 13 (마장동),04756,,01,영업/정상,일반세탁업,02-293-6660,0,0,,,
0,,0,동아세탁소,일반세탁업,,,,,203991.150028597,449125.271545534,2026-05-06 22:36:34,I,01,영업,,2019-12-17 15:38:19,1988-04-21,13.00,133-823,서울특별시 성동구 성수동1가 656-320 지상2층 상가동 2호,N,,3030000-205-1988-01789,3030000,"서울특별시 성동구 왕십리로 80-1, 지상2층 6호 (성수동1가, 상가동 )",04778,,01,영업/정상,일반세탁업,02-464-5538,0,0,,,
0,,0,백양사,일반세탁업,,,,,203572.778686327,451314.940772002,2026-05-06 22:36:34,I,01,영업,,2020-03-26 17:32:49,1988-04-21,14.80,133-816,서울특별시 성동구 마장동 815-1,N,,3030000-205-1988-01794,3030000,서울특별시 성동구 마조로15가길 10 (마장동),04759,0,01,영업/정상,일반세탁업,02-2294-1832,0,0,0,0,0
0,,0,팔팔사,일반세탁업,,,,,202087.87629383,450167.427252343,2026-05-06 22:36:34,I,01,영업,,2001-09-25 00:00:00,1988-01-12,14.00,133-800,서울특별시 성동구 금호동1가 179-59,N,,3030000-205-1988-01802,3030000,서울특별시 성동구 난계로 17 (금호동1가),04727,,01,영업/정상,일반세탁업,02-233-5782,0,0,,,
0,,0,백조사,일반세탁업,,,,,204573.921484905,448377.628733904,2026-05-06 22:36:32,I,01,영업,,2014-04-28 18:18:10,1988-01-06,18.20,133-828,서울특별시 성동구 성수동2가 502-1,N,,3030000-205-1988-01808,3030000,서울특별시 성동구 성수이로3길 22 (성수동2가),04775,,01,영업/정상,일반세탁업,02-462-4019,0,0,,,
0,,0,백양사,일반세탁업,,,,,202927.858725841,451360.00360008,2026-05-06 22:36:35,I,01,영업,,2001-09-25 00:00:00,1989-01-19,18.00,133-882,서울특별시 성동구 도선동 185-22,N,,3030000-205-1989-01768,3030000,서울특별시 성동구 무학로4길 28 (도선동),04708,,01,영업/정상,일반세탁업,02-293-2890,0,0,,,
0,,0,리라사,일반세탁업,,,,,202639.313437806,451442.978424056,2026-05-06 22:36:35,I,01,영업,,2001-09-25 00:00:00,1989-01-19,19.24,133-883,서울특별시 성동구 도선동 416-0,N,,3030000-205-1989-01799,3030000,서울특별시 성동구 무학로6길 6 (도선동),04707,,01,영업/정상,일반세탁업,02-292-4168,0,0,,,
,,,현대사,일반세탁업,,,,,201598.632393769,449038.549265678,2026-05-06 22:36:30,I,01,영업,,2003-02-21 00:00:00,1991-05-24,16.79,133-838,서울특별시 성동구 옥수동 4-0 현대아파트상가 8호,N,,3030000-205-1991-01608,3030000,"서울특별시 성동구 독서당로40길 25 (옥수동,현대아파트상가 8호)",04739,,01,영업/정상,일반세탁업,02-2298-7159,,,,,
,,,한수사,일반세탁업,,,,,204685.972021575,448284.070227546,2026-05-06 22:36:36,I,01,영업,,2025-09-18 13:35:34,1992-12-22,25.73,133-828,서울특별시 성동구 성수동2가 531,N,,3030000-205-1992-01750,3030000,"서울특별시 성동구 성수이로 17, 1층 (성수동2가)",04775,,01,영업/정상,일반세탁업,02-2293-2590,,,,,
0,,0,영동사,일반세탁업,,,,,205018.932660614,448495.014780987,2026-05-06 22:36:26,I,01,영업,,2020-03-27 11:12:31,1993-09-06,21.12,133-826,서울특별시 성동구 성수동2가 269-33,N,,3030000-205-1993-01653,3030000,서울특별시 성동구 뚝섬로13길 5 (성수동2가),04784,,01,영업/정상,일반세탁업,02-463-2804,0,0,,,
0,,0,보라매,일반세탁업,,,,,204081.50948643,448415.759354119,2026-05-06 22:36:33,I,01,영업,,2001-09-25 00:00:00,1994-04-07,17.10,133-820,서울특별시 성동구 성수동1가 161-2,N,,3030000-205-1994-01690,3030000,서울특별시 성동구 둘레3길 10 (성수동1가),04774,,01,영업/정상,일반세탁업,02-497-6288,0,0,,,
0,,0,그린사세탁,일반세탁업,,,,,204551.484985595,451160.546681738,2026-05-06 22:36:36,I,01,영업,,2010-03-15 10:36:14,1994-08-19,21.78,133-848,서울특별시 성동구 용답동 47-14,N,,3030000-205-1994-01761,3030000,서울특별시 성동구 용답25길 26-1 (용답동),04805,0,01,영업/정상,일반세탁업,02-244-5775,0,0,0,0,0
0,,0,동화세탁,일반세탁업,,,,,204154.942833145,451033.146499732,2026-05-06 22:36:36,I,01,영업,,2020-03-27 13:04:41,1994-09-12,15.17,133-817,서울특별시 성동구 사근동 215-1,N,,3030000-205-1994-01762,3030000,서울특별시 성동구 사근동11가길 3 (사근동),04761,,01,영업/정상,일반세탁업,02-2293-6638,0,0,,,
0,,0,현대명품세탁,일반세탁업,,,,,202665.642323691,449864.878502796,2026-05-06 22:36:43,I,01,영업,,2024-02-28 15:20:09,1995-06-02,40.00,133-852,서울특별시 성동구 응봉동 98-0,N,,3030000-205-1995-01734,3030000,서울특별시 성동구 독서당로 381 (응봉동),04720,0,01,영업/정상,일반세탁업,02-2295-7564,0,0,0,0,0
0,,0,한미세탁소,일반세탁업,,,,,204193.938764471,450943.049851672,2026-05-06 22:36:26,I,01,영업,,2017-05-24 15:20:04,1996-08-22,49.81,133-817,서울특별시 성동구 사근동 181-17,N,,3030000-205-1996-01658,3030000,서울특별시 성동구 사근동12길 6-2 (사근동),04762,,01,영업/정상,일반세탁업,02-295-4416,0,0,,,
0,,0,그린세탁소,일반세탁업,,,,,201546.862473609,448303.86485916,2026-05-06 22:36:32,I,01,영업,,2010-03-15 10:29:20,1996-11-29,18.80,133-100,서울특별시 성동구 옥수동 486-0 극동그린아파트상가 402호,N,,3030000-205-1996-01709,3030000,,,0,01,영업/정상,일반세탁업,02-2291-1157,0,0,0,0,0
0,,0,신동아세탁소,일반세탁업,,,,,202537.310223594,449776.624196577,2026-05-06 22:36:32,I,01,영업,,2020-03-27 13:15:30,1996-12-09,22.84,133-853,서울특별시 성동구 응봉동 275-0 신동아(아) 상가동 301호,N,,3030000-205-1996-01711,3030000,"서울특별시 성동구 독서당로 375, 상가동 301호 (응봉동,신동아(아))",04720,,01,영업/정상,일반세탁업,02-2295-1101,0,0,,,
0,,0,유미사,일반세탁업,,,,,201165.950245642,449003.759041038,2026-05-06 22:36:31,I,01,영업,,2014-01-20 15:14:42,1997-09-29,16.72,133-839,서울특별시 성동구 옥수동 284-2 유미사,N,,3030000-205-1997-01584,3030000,"서울특별시 성동구 독서당로 208 (옥수동,유미사)",04734,,01,영업/정상,일반세탁업,02-297-4365,0,0,,,
0,,0,쌍용크리닝,일반세탁업,,,,,204093.39625466,449695.084129637,2026-05-06 22:36:30,I,01,영업,,2020-03-27 13:19:45,1997-07-30,36.24,133-923,서울특별시 성동구 성수동1가 706-0 쌍용(아) 상가동 204호,N,,3030000-205-1997-01605,3030000,"서울특별시 성동구 상원길 59, 204호 (성수동1가)",04788,0,01,영업/정상,일반세탁업,02-468-0570,0,0,0,0,0
0,,0,유일세탁소,일반세탁업,,,,,203475.537204123,451542.747433692,2026-05-06 22:36:28,I,01,영업,,2020-03-27 13:46:35,1997-06-24,33.84,133-816,서울특별시 성동구 마장동 817-0,N,,3030000-205-1997-01610,3030000,서울특별시 성동구 마장로 273 (마장동),04755,,01,영업/정상,일반세탁업,02-2295-1431,0,0,,,
0,,0,엄마손빨래방,일반세탁업,,,,,202830.941868927,451387.596976658,2026-05-06 22:36:31,I,01,영업,,2010-09-08 15:31:01,1998-02-27,20.00,133-883,서울특별시 성동구 도선동 324-2,N,,3030000-205-1998-01588,3030000,서울특별시 성동구 무학로4길 19 (도선동),04707,1,01,영업/정상,일반세탁업,02-2282-2970,0,0,,,
0,,0,무지개 빨래방,일반세탁업,,,,,202766.518011338,451696.551283291,2026-05-06 22:36:43,I,01,영업,,2024-08-07 14:07:46,1999-06-28,27.32,133-880,서울특별시 성동구 홍익동 30 뉴센트빌6차 101호,N,,3030000-205-1999-01846,3030000,"서울특별시 성동구 마장로23길 11, 1층 101호 (홍익동, 뉴센트빌6차)",04706,,01,영업/정상,일반세탁업,02-2291-0266,0,0,,,
,,,매직세탁소,일반세탁업,,,,,204472.654968378,451411.620022789,2026-05-06 22:36:32,I,01,영업,,2020-03-27 14:55:34,2000-09-21,24.68,133-849,서울특별시 성동구 용답동 83-8,N,,3030000-205-2000-01848,3030000,서울특별시 성동구 용답중앙길 45-2 (용답동),04804,,01,영업/정상,일반세탁업,02-2212-1611,,,,,
,,,벽산,일반세탁업,,,,,,,2026-05-06 22:36:32,I,01,영업,,2020-03-27 14:57:00,2001-04-16,.00,133-778,서울특별시 성동구 금호동1가 1080-0 벽산아파트상가 606-2호,N,,3030000-205-2001-01855,3030000,,,,01,영업/정상,일반세탁업,02-2298-6675,,,,,
,,,백광세탁소,일반세탁업,,,,,202803.926659244,450069.931557897,2026-05-06 22:36:42,I,01,영업,,2022-02-21 15:36:14,2001-05-30,26.52,133-852,서울특별시 성동구 응봉동 97 대림2차아파트,N,,3030000-205-2001-01856,3030000,"서울특별시 성동구 독서당로 431, 상가동 1층 102호 (응봉동, 대림2차아파트)",04720,,01,영업/정상,일반세탁업,02-2294-1556,,,,,
,,,제일사,일반세탁업,,,,,205816.95617796,449701.639220885,2026-05-06 22:36:24,I,01,영업,,2011-06-15 14:32:33,2003-02-18,16.50,133-837,서울특별시 성동구 송정동 73-580,N,,3030000-205-2003-00012,3030000,서울특별시 성동구 송정12길 13 (송정동),04801,,01,영업/정상,일반세탁업,02-0467-0439,,,,,
,,,경일사,일반세탁업,,,,,204848.299601913,449551.236385759,2026-05-06 22:36:24,I,01,영업,,2026-02-24 13:59:35,2003-02-18,50.76,133-834,서울특별시 성동구 성수동2가 289-39,N,,3030000-205-2003-00013,3030000,"서울특별시 성동구 아차산로7길 36, 1층 1-1(가)호 (성수동2가)",04795,,01,영업/정상,일반세탁업,02-0464-3630,,,,,
0,,0,한진세탁소,일반세탁업,,,,,204237.511930925,449788.753855345,2026-05-06 22:36:24,I,01,영업,,2010-03-15 10:31:01,2003-02-18,31.97,133-822,서울특별시 성동구 성수동1가 13-54,N,,3030000-205-2003-00021,3030000,서울특별시 성동구 상원12길 10 (성수동1가),04791,0,01,영업/정상,일반세탁업,02-0463-6738,0,0,0,0,0
,,,벽산세탁,일반세탁업,,,,,202727.770917428,451824.598496233,2026-05-06 22:36:24,I,01,영업,,2020-03-27 15:08:35,2003-02-18,24.00,133-854,서울특별시 성동구 하왕십리동 258 벽산상가 121동 114호 지상1층,N,,3030000-205-2003-00026,3030000,"서울특별시 성동구 청계천로 494, 121동 지상1층 114호 (하왕십리동, 벽산상가)",04703,,01,영업/정상,일반세탁업,02-2296-9831,,,,,
,,,광은,일반세탁업,,,,,204972.411436114,448267.248469241,2026-05-06 22:36:25,I,01,영업,,2003-02-19 00:00:00,2003-02-18,19.00,133-829,서울특별시 성동구 성수동2가 574-2,N,,3030000-205-2003-00037,3030000,서울특별시 성동구 성덕정길 124 (성수동2가),04776,,01,영업/정상,일반세탁업,02-0467-5447,,,,,
,,,금호,일반세탁업,,,,,205007.207114026,448058.89494688,2026-05-06 22:36:25,I,01,영업,,2013-10-07 12:34:56,2003-02-18,32.00,133-829,서울특별시 성동구 성수동2가 610-3,N,,3030000-205-2003-00038,3030000,서울특별시 성동구 둘레19길 3 (성수동2가),04776,,01,영업/정상,일반세탁업,02-0467-0648,,,,,
0,,0,아영사,일반세탁업,,,,,203127.347442434,451635.599888815,2026-05-06 22:36:22,I,01,영업,,2020-03-27 15:20:17,2003-02-18,20.00,133-814,서울특별시 성동구 마장동 573-2,N,,3030000-205-2003-00052,3030000,서울특별시 성동구 마장로29길 14 (마장동),04705,0,01,영업/정상,일반세탁업,02-2299-2313,0,0,0,0,0
0,,0,한신사,일반세탁업,,,,,202395.135992927,451321.863509768,2026-05-06 22:36:22,I,01,영업,,2022-03-14 10:31:17,2003-02-18,32.56,133-857,서울특별시 성동구 하왕십리동 891-45 삼성디지털프라자,N,,3030000-205-2003-00059,3030000,"서울특별시 성동구 왕십리로31길 6, 2층 (하왕십리동)",04710,0,01,영업/정상,일반세탁업,02-2292-5459,0,0,0,0,0
,,,백천사,일반세탁업,,,,,202350.000692329,450894.995672337,2026-05-06 22:36:22,I,01,영업,,2003-02-19 00:00:00,2003-02-18,36.00,133-859,서울특별시 성동구 하왕십리동 1015-9,N,,3030000-205-2003-00060,3030000,서울특별시 성동구 무학봉길 42 (하왕십리동),04714,,01,영업/정상,일반세탁업,02-2299-1192,,,,,
0,,0,한미사,일반세탁업,,,,,202511.142930696,450401.303715561,2026-05-06 22:36:23,I,01,영업,,2020-03-27 15:26:51,2003-02-18,13.20,133-070,서울특별시 성동구 행당동 346 한진종합상가 B107호,N,,3030000-205-2003-00064,3030000,"서울특별시 성동구 행당로 84, B107호 (행당동)",04717,0,01,영업/정상,일반세탁업,02-2282-6530,0,1,0,1,0
2,,0,싱글벙글사,일반세탁업,,,,,202085.227336884,450582.933382694,2026-05-06 22:36:23,I,01,영업,,2021-01-20 14:38:06,2003-02-18,39.15,133-800,서울특별시 성동구 금호동1가 132-13,N,,3030000-205-2003-00070,3030000,"서울특별시 성동구 행당로1길 21-10, 1층 101,102호 (금호동1가)",04721,0,01,영업/정상,일반세탁업,02-2292-6788,1,0,2,0,1
2,임대,1,현대세탁,일반세탁업,,,,,204933.085786921,449461.978828746,2026-05-06 22:36:40,I,01,영업,,2020-03-27 15:32:32,2004-05-04,36.88,133-835,서울특별시 성동구 성수동2가 834,N,,3030000-205-2004-00001,3030000,"서울특별시 성동구 성수이로 137, 상가동 1층 104호 (성수동2가, 성수동아이파크)",04795,0,01,영업/정상,일반세탁업,02-468-1152,2,0,2,0,0
0,,0,세탁나라,일반세탁업,,,,,202098.97937718,449891.972244601,2026-05-06 22:36:40,I,01,영업,,2012-05-30 10:10:19,2012-05-29,38.00,133-804,서울특별시 성동구 금호동2가 1217 지하1층108호,N,,3030000-205-2012-00002,3030000,"서울특별시 성동구 금호로 105, 지하1층 108호 (금호동2가, 1217 금호래미안 하이리버 단지상가)",04728,1,01,영업/정상,일반세탁업,02-2233-8284,,4,,4,3
0,,0,다올세탁소,일반세탁업,,,,,201863.939386714,449784.619712627,2026-05-06 22:36:40,I,01,영업,,2016-08-22 10:20:09,2012-10-31,32.32,133-805,서울특별시 성동구 금호동3가 700,N,,3030000-205-2012-00005,3030000,"서울특별시 성동구 금호산8길 13, 금호자이2차 상가동 102호 (금호동3가, 700)",04729,1,01,영업/정상,일반세탁업,,,,,,1
,,,푸르지오 세탁,일반세탁업,,,,,201669.803556903,449301.451523245,2026-05-06 22:36:43,I,01,영업,,2022-02-28 13:21:33,2012-03-19,31.87,133-781,서울특별시 성동구 금호동4가 800 금호동 대우아파트,N,,3030000-205-2012-00006,3030000,"서울특별시 성동구 독서당로 270, 금호동 대우아파트 상가동 4층 411호 (금호동4가)",04738,,01,영업/정상,일반세탁업,02-897-3735,,,,,
1,,0,아름다운 세탁소,일반세탁업,,,,,203088.567169633,450129.509086036,2026-05-06 22:36:43,I,01,영업,,2020-12-03 13:57:03,2013-10-18,36.00,133-769,서울특별시 성동구 응봉동 15 대림 강변 타운,N,,3030000-205-2013-00005,3030000,"서울특별시 성동구 고산자로 160, 상가A동 2층 201호 (응봉동, 대림 강변 타운)",04747,1,01,영업/정상,일반세탁업,,,,,,2
0,임대,0,백영 호텔식크리닝,일반세탁업,,,,,202098.97937718,449891.972244601,2026-05-06 22:36:41,I,01,영업,1,2024-11-18 15:34:41,2015-04-10,80.00,133-804,서울특별시 성동구 금호동2가 1217,N,1,3030000-205-2015-00003,3030000,"서울특별시 성동구 금호로 105, 상가동 지하1층 B103호 (금호동2가, 금호래미안하이리버)",04728,1,01,영업/정상,일반세탁업,02-547-0358,,1,,1,2
0,,0,텐즈힐명품탑크리닝,일반세탁업,,,,,202113.869605464,451897.581865192,2026-05-06 22:36:41,I,01,영업,1,2016-10-14 17:34:21,2015-04-13,40.94,133-010,서울특별시 성동구 상왕십리동 12-37,N,0,3030000-205-2015-00004,3030000,"서울특별시 성동구 마장로 137, 403동 지상2층 220호 (상왕십리동)",04700,0,01,영업/정상,일반세탁업,,2,,2,,3
0,임대,0,대림세탁소,일반세탁업,2026-03-16,,,,203935.622255101,448867.811390539,2026-05-06 22:36:41,I,02,폐업,0,2026-03-16 08:32:49,2015-08-13,12.80,133-823,서울특별시 성동구 성수동1가 656-234,N,0,3030000-205-2015-00006,3030000,"서울특별시 성동구 뚝섬로1길 4, 104동상가동 1층 104호 (성수동1가, 대림로즈빌아파트)",04779,1,03,폐업,일반세탁업,02-498-8988,1,,1,,1
0,,0,프리원크린,일반세탁업,,,,,202372.912023599,451536.680876573,2026-05-06 22:36:42,I,01,영업,0,2021-11-23 15:59:45,2015-03-30,61.76,133-020,서울특별시 성동구 하왕십리동 1070 센트라스,N,1,3030000-205-2015-00008,3030000,"서울특별시 성동구 왕십리로 410, L동 1층 113호 (하왕십리동, 센트라스)",04701,1,01,영업/정상,일반세탁업,02-2297-2555,2,,2,,3
0,,0,서울숲명품세탁,일반세탁업,,,,,201914.924810197,449166.444351709,2026-05-06 22:36:41,I,01,영업,0,2019-01-31 15:51:06,2016-07-08,21.60,133-808,서울특별시 성동구 금호동4가 340 서울숲푸르지오아파트,N,0,3030000-205-2016-00005,3030000,"서울특별시 성동구 금호로 15, 107호 (금호동4가, 서울숲푸르지오아파트)",04740,1,01,영업/정상,일반세탁업,,,,,,1
0,,0,크린킹명품세탁,일반세탁업,,,,,201961.299187512,450253.007279651,2026-05-06 22:36:41,I,01,영업,0,2020-08-31 11:19:19,2016-11-14,29.60,133-091,서울특별시 성동구 금호동1가 1823 이편한세상금호파크힐스,N,0,3030000-205-2016-00008,3030000,"서울특별시 성동구 금호로 140, 상가B동 지하1층 B103호 (금호동1가, 이편한세상금호파크힐스)",04727,1,01,영업/정상,일반세탁업,,,,,,1
0,,0,옥수파크세탁,일반세탁업,,,,,201157.877298502,449563.280012747,2026-05-06 22:36:41,I,01,영업,0,2016-11-17 16:04:55,2016-11-17,41.32,133-845,서울특별시 성동구 옥수동 528,N,0,3030000-205-2016-00009,3030000,"서울특별시 성동구 매봉길 50, 상가동 1층 110호 (옥수동, 옥수파크힐스)",04731,0,01,영업/정상,일반세탁업,,,,,,2
0,,0,리빙호텔세탁,일반세탁업,,,,,202326.503044305,450625.58422744,2026-05-06 22:36:40,I,01,영업,0,2017-07-31 14:53:39,2017-03-17,33.43,133-070,서울특별시 성동구 행당동 347 대림리빙프리자동 304호,N,0,3030000-205-2017-00002,3030000,"서울특별시 성동구 행당로 87, 대림리빙프라자동 3층 304호 (행당동)",04713,1,01,영업/정상,일반세탁업,02-2299-9876,3,,3,,1
0,임대,0,백광컴퓨터크리닝,일반세탁업,,,,,203599.888893523,451209.874112747,2026-05-06 22:36:41,I,01,영업,0,2020-03-26 17:16:55,2017-05-29,36.00,133-811,서울특별시 성동구 마장동 336-7 1층,N,0,3030000-205-2017-00003,3030000,"서울특별시 성동구 마조로 59, 1층 (마장동)",04759,1,01,영업/정상,일반세탁업,02-2292-8310,1,,1,,1
0,,0,탑명품크리닝,일반세탁업,,,,,204131.986280338,448450.74443999,2026-05-06 22:36:42,I,01,영업,0,2018-04-17 14:05:29,2018-04-17,34.18,133-820,서울특별시 성동구 성수동1가 178,N,0,3030000-205-2018-00004,3030000,"서울특별시 성동구 둘레3나길 5-11, 트리마제상가 204호 (성수동1가)",04774,1,01,영업/정상,일반세탁업,,,,,,2
0,,0,리버뷰자이명품세탁,일반세탁업,,,,,203317.927472762,450325.762102452,2026-05-06 22:36:42,I,01,영업,0,2018-06-27 14:30:51,2018-06-27,42.92,133-863,서울특별시 성동구 행당동 100-2,N,0,3030000-205-2018-00005,3030000,"서울특별시 성동구 고산자로2길 67, 서울숲리버뷰자이 상가동 2층 (행당동)",04745,2,01,영업/정상,일반세탁업,02-2282-2421,,,,,2
0,,0,햇님세탁소,일반세탁업,,,,,201976.110497505,449510.685074794,2026-05-06 22:36:42,I,01,영업,0,2018-08-13 16:49:40,2018-08-13,32.23,133-809,서울특별시 성동구 금호동4가 531,N,1,3030000-205-2018-00007,3030000,"서울특별시 성동구 독서당로46길 35, 1층 (금호동4가)",04737,1,01,영업/정상,일반세탁업,02-2297-1663,,,,,2
0,,0,하얀세탁,일반세탁업,,,,,202113.869605464,451897.581865192,2026-05-06 22:36:42,I,01,영업,0,2018-10-04 12:03:57,2018-10-04,26.00,133-010,서울특별시 성동구 상왕십리동 811 텐즈힐,N,2,3030000-205-2018-00008,3030000,"서울특별시 성동구 마장로 137, 401동 104호 (상왕십리동, 텐즈힐)",04700,1,01,영업/정상,일반세탁업,,,,,,1
0,,0,명품크리닝,일반세탁업,,,,,203684.281166499,449280.97521227,2026-05-06 22:36:42,I,01,영업,0,2018-10-15 09:29:59,2018-10-15,34.17,133-825,서울특별시 성동구 성수동1가 685-696 갤러리아 포레,N,1,3030000-205-2018-00009,3030000,"서울특별시 성동구 서울숲2길 32-14, 1층 101-1호 (성수동1가, 갤러리아 포레)",04769,1,01,영업/정상,일반세탁업,,,,,,3
0,,0,신동아세탁,일반세탁업,,,,,202831.905687785,450233.87834092,2026-05-06 22:36:42,I,01,영업,1,2025-07-04 10:10:43,2018-11-27,19.32,133-776,서울특별시 성동구 행당동 344 신동아아파트,N,2,3030000-205-2018-00010,3030000,"서울특별시 성동구 독서당로59길 84, 신동아아파트 상가동 1층 109호 (행당동)",04716,1,01,영업/정상,일반세탁업,,,,,,2
0,,0,마마 운동화 빨래방,운동화전문세탁업,,,,,204712.725854884,448385.85950411,2026-05-06 22:36:42,I,01,영업,0,2018-12-11 10:39:15,2018-12-11,18.71,133-828,서울특별시 성동구 성수동2가 335-153,N,0,3030000-205-2018-00011,3030000,"서울특별시 성동구 성덕정길 95-4, 1층 (성수동2가)",04775,0,01,영업/정상,운동화전문세탁업,02-464-8482,,,,,1
0,,0,그린어스,일반세탁업,2026-04-06,,,,201153.981577199,449188.97052419,2026-05-06 22:36:42,I,02,폐업,0,2026-04-06 16:07:45,2019-03-11,71.85,133-100,서울특별시 성동구 옥수동 561 래미안 옥수 리버젠 상가,N,0,3030000-205-2019-00001,3030000,"서울특별시 성동구 독서당로 223, 래미안 옥수 리버젠 상가 상가동 제지1층 제109-1호 (옥수동)",04733,1,03,폐업,일반세탁업,02-2294-7789,,,,,1
0,,0,풍림세탁소,일반세탁업,,,,,202364.81452688,450914.957492675,2026-05-06 22:36:42,I,01,영업,0,2022-03-18 15:03:00,2019-04-01,20.58,133-858,서울특별시 성동구 하왕십리동 995-2,N,0,3030000-205-2019-00004,3030000,"서울특별시 성동구 무학봉길 43, 1층 (하왕십리동)",04711,1,01,영업/정상,일반세탁업,,,,,,1
0,,0,그린세탁소,일반세탁업,,,,,206209.280864162,450341.48856641,2026-05-06 22:36:42,I,01,영업,0,2019-05-24 15:30:51,2019-05-24,28.00,133-757,서울특별시 성동구 송정동 90-7 건영아파트상가,N,0,3030000-205-2019-00005,3030000,"서울특별시 성동구 동일로 265, 2층 205호 (송정동)",04800,0,01,영업/정상,일반세탁업,02-468-7435,,,,,3
0,,0,텐즈힐 세탁소,일반세탁업,,,,,202113.869605464,451897.581865192,2026-05-06 22:36:42,I,01,영업,0,2019-09-02 09:52:52,2019-09-02,32.77,133-010,서울특별시 성동구 상왕십리동 811 텐즈힐,N,0,3030000-205-2019-00007,3030000,"서울특별시 성동구 마장로 137, 221동 2층 2152호 (상왕십리동, 텐즈힐)",04700,0,01,영업/정상,일반세탁업,02-2299-4620,,,,,1
0,임대,0,화이트 토탈 크리닝,일반세탁업,,,,,204059.651514777,448537.445668637,2026-05-06 22:36:43,I,01,영업,0,2020-03-30 15:38:30,2019-04-05,20.00,133-820,서울특별시 성동구 성수동1가 130-2 서울숲치과,N,0,3030000-205-2019-00010,3030000,"서울특별시 성동구 성덕정길 28, 1층 (성수동1가)",04774,0,01,영업/정상,일반세탁업,02-488-8284,1,,,,3
0,,0,조양사,일반세탁업,,,,,203077.597083022,451319.717525175,2026-05-06 22:36:43,I,01,영업,0,2022-04-05 14:52:57,2022-04-05,36.49,133-882,서울특별시 성동구 도선동 10,N,0,3030000-205-2022-00002,3030000,"서울특별시 성동구 왕십리로20길 28, 1층 (도선동)",04709,0,01,영업/정상,일반세탁업,02-763-8501,,,,,2
0,임대,0,자이세탁소,일반세탁업,,,,,203317.927472762,450325.762102452,2026-05-06 22:36:43,I,01,영업,0,2023-07-20 10:10:28,2023-05-09,49.16,133-070,서울특별시 성동구 행당동 380 서울숲리버뷰자이(상가1동),N,0,3030000-205-2023-00001,3030000,"서울특별시 성동구 고산자로2길 67, 서울숲리버뷰자이(상가1동) 1층 1101호, 1102호 (행당동)",04745,0,01,영업/정상,일반세탁업,,,,,,2
0,,0,금호세탁소,일반세탁업,,,,,202039.247058411,450402.775146398,2026-05-06 22:36:43,I,01,영업,0,2024-01-26 16:09:17,2024-01-26,27.00,133-800,서울특별시 성동구 금호동1가 167-1,N,0,3030000-205-2024-00001,3030000,"서울특별시 성동구 행당로1길 4, 1층 1-3호 (금호동1가)",04721,1,01,영업/정상,일반세탁업,,,,,,1
0,임대,0,119 세탁소,일반세탁업,,,,,201222.07429303,448765.977811344,2026-05-06 22:36:43,I,01,영업,0,2024-05-09 14:06:29,2024-05-09,20.32,133-839,서울특별시 성동구 옥수동 250-7 옥수삼성아파트 상가,N,0,3030000-205-2024-00002,3030000,"서울특별시 성동구 한림말길 31, 옥수삼성아파트 상가동 1층 126호,127호 (옥수동)",04735,0,01,영업/정상,일반세탁업,02-2282-7710,,,,,2
0,,0,서울숲 I파크리버포레 명품세탁,일반세탁업,,,,,203736.544177839,449814.63930672,2026-05-06 22:36:43,I,01,영업,0,2025-01-03 09:53:06,2025-01-03,35.94,133-824,서울특별시 성동구 성수동1가 670-27 서울숲아이파크리버포레,N,0,3030000-205-2025-00001,3030000,"서울특별시 성동구 왕십리로 137, 1층 B119호 (성수동1가, 서울숲아이파크리버포레)",04766,2,01,영업/정상,일반세탁업,,,,,,1
0,,0,한진세탁,일반세탁업,,,,,202511.142930696,450401.303715561,2026-05-06 22:36:43,I,01,영업,0,2026-02-06 11:22:43,2025-01-06,21.58,133-070,서울특별시 성동구 행당동 346 행당 한진타운 종합상가,N,0,3030000-205-2025-00002,3030000,"서울특별시 성동구 행당로 84, 행당 한진타운 종합상가 종합상가동 지하1층 B125-2호 (행당동)",04717,0,01,영업/정상,일반세탁업,,,,,,1
0,,0,한일사,일반세탁업,,,,,192714.655618363,450771.981547111,2026-05-06 22:43:49,I,01,영업,,2018-01-17 17:09:36,1987-06-26,25.89,121-868,서울특별시 마포구 연남동 487-137 1층,N,,3130000-205-1987-01635,3130000,"서울특별시 마포구 동교로23길 84, 1층 (연남동)",03986,,01,영업/정상,일반세탁업,02-337-5983,0,0,,,
0,,0,백조사,일반세탁업,,,,,196494.111399632,450624.377984758,2026-05-06 22:43:24,I,01,영업,,2018-06-26 14:07:26,1987-06-26,33.00,121-010,서울특별시 마포구 아현동 699-1 1층,N,,3130000-205-1987-01645,3130000,"서울특별시 마포구 손기정로3길 5-1, 1층 (아현동)",04198,,01,영업/정상,일반세탁업,02-392-2896,0,0,,,
0,,0,지원사,일반세탁업,,,,,196089.02385762,449459.878063849,2026-05-06 22:43:49,I,01,영업,,2014-09-03 15:06:28,1987-06-26,17.80,121-851,서울특별시 마포구 신공덕동 4-13,N,,3130000-205-1987-01653,3130000,서울특별시 마포구 만리재옛길 40 (신공덕동),04209,1,01,영업/정상,일반세탁업,02-719-5540,0,0,0,0,0
0,,0,대우사,일반세탁업,,,,,195726.960614517,448758.151593018,2026-05-06 22:43:50,I,01,영업,,2021-06-16 11:01:32,1987-06-26,19.12,121-812,서울특별시 마포구 도화동 185-12 1층,N,,3130000-205-1987-01655,3130000,"서울특별시 마포구 새창로4나길 20, 1층 (도화동)",04169,1,01,영업/정상,일반세탁업,02-718-5441,1,0,1,0,0
0,,0,낙원사,일반세탁업,,,,,191029.592582978,450384.799730155,2026-05-06 22:43:51,I,01,영업,,2009-10-22 15:50:25,1987-06-26,17.64,121-889,서울특별시 마포구 망원동 454-15,N,,3130000-205-1987-01657,3130000,서울특별시 마포구 희우정로 129 (망원동),04006,1,01,영업/정상,일반세탁업,02-3141-0951,0,0,0,0,0
2,,1,서강사,일반세탁업,,,,,194429.771279144,449677.713132991,2026-05-06 22:43:46,I,01,영업,,2021-06-30 14:26:21,1987-06-26,12.42,121-854,서울특별시 마포구 신수동 88-33 1층,N,,3130000-205-1987-01678,3130000,"서울특별시 마포구 광성로4길 11-6, 1층 (신수동)",04096,0,01,영업/정상,일반세탁업,02-716-5566,1,0,1,0,0
4,,0,신미사,일반세탁업,,,,,195584.662477292,448517.164980011,2026-05-06 22:43:46,I,01,영업,,2024-09-22 09:33:56,1987-06-26,29.70,121-812,서울특별시 마포구 도화동 6-41 사랑빌딩 1층 일부(102호),N,,3130000-205-1987-01681,3130000,"서울특별시 마포구 도화4길 80, 사랑빌딩 1층 102호 (도화동)",04171,0,01,영업/정상,일반세탁업,02-714-1442,1,0,1,0,1
0,,0,현대사,일반세탁업,,,,,194764.991538329,450293.024811191,2026-05-06 22:43:46,I,01,영업,,2014-09-03 15:14:30,1987-06-26,14.74,121-806,서울특별시 마포구 노고산동 19-32,N,,3130000-205-1987-01682,3130000,서울특별시 마포구 고산길 85 (노고산동),04103,,01,영업/정상,일반세탁업,02-715-5775,0,0,,,
,,,부흥사,일반세탁업,,,,,192424.236075728,451478.953461323,2026-05-06 22:43:46,I,01,영업,,2014-09-03 15:16:33,1987-06-30,20.64,121-843,서울특별시 마포구 성산동 23-9,N,,3130000-205-1987-01685,3130000,서울특별시 마포구 월드컵북로12길 102 (성산동),03973,,01,영업/정상,일반세탁업,02-324-0721,,,,,
0,,0,삼우사,일반세탁업,,,,,196452.038067974,449542.333272304,2026-05-06 22:43:46,I,01,영업,,2023-05-31 15:14:28,1987-08-03,12.00,121-801,서울특별시 마포구 공덕동 107-9,N,,3130000-205-1987-01692,3130000,서울특별시 마포구 효창목5길 9 (공덕동),04185,1,01,영업/정상,일반세탁업,02-714-6015,0,0,0,0,0
0,,0,코오롱 그린세탁,일반세탁업,,,,,192899.605749281,451360.660991625,2026-05-06 22:43:36,I,01,영업,,2020-10-21 09:49:01,1987-08-20,.00,121-869,서울특별시 마포구 연남동 573 코오롱하늘채아파트,N,,3130000-205-1987-01711,3130000,"서울특별시 마포구 연남로 52, 상가비동 (연남동, 코오롱하늘채아파트)",03976,1,01,영업/정상,일반세탁업,,0,0,0,0,0
,,,스카이 명품크리닝,일반세탁업,,,,,191553.569740362,450885.799057399,2026-05-06 22:43:58,I,01,영업,,2023-05-31 15:14:57,1987-09-02,47.05,121-826,서울특별시 마포구 망원동 476-3 스카이캐슬아파트 1층 101호,N,,3130000-205-1987-01716,3130000,"서울특별시 마포구 월드컵로29길 14, 1층 101호 (망원동, 스카이캐슬아파트)",03964,,01,영업/정상,일반세탁업,02-323-5751,,,,,
,,,청자사,일반세탁업,,,,,192617.265226389,450646.318229736,2026-05-06 22:43:47,I,01,영업,,2009-08-12 14:26:47,1987-09-29,16.60,121-841,서울특별시 마포구 서교동 449-1,N,,3130000-205-1987-01724,3130000,서울특별시 마포구 월드컵북로7길 11 (서교동),04000,,01,영업/정상,일반세탁업,02-0333-0692,,,,,
,,,대흥사,일반세탁업,,,,,196452.731332916,449816.701220774,2026-05-06 22:43:58,I,01,영업,,2023-05-31 15:15:18,1987-09-01,47.19,121-800,서울특별시 마포구 공덕동 31-7 (1층),N,,3130000-205-1987-01735,3130000,"서울특별시 마포구 만리재옛길 92-1 (공덕동, 1층)",04208,,01,영업/정상,일반세탁업,02-392-1012,,,,,
0,,0,현대사,일반세탁업,,,,,191260.41718728,450155.21378062,2026-05-06 22:43:53,I,01,영업,,2014-09-03 15:15:18,1988-01-27,19.20,121-889,서울특별시 마포구 망원동 457-58,N,,3130000-205-1988-01737,3130000,서울특별시 마포구 희우정로15길 5 (망원동),04016,1,01,영업/정상,일반세탁업,02-337-4739,0,0,0,0,0
0,,0,우리사,일반세탁업,,,,,190727.41048952,452649.962814424,2026-05-06 22:43:53,I,01,영업,,2023-07-04 17:26:27,1988-03-04,20.67,121-830,서울특별시 마포구 상암동 33-4,N,,3130000-205-1988-01739,3130000,서울특별시 마포구 월드컵북로44길 25 (상암동),03930,0,01,영업/정상,일반세탁업,02-304-6884,0,0,0,0,0
0,,0,한강사,일반세탁업,,,,,191370.940421496,450040.734518526,2026-05-06 22:43:58,I,01,영업,,2019-01-15 15:22:29,1988-06-24,27.69,121-230,서울특별시 마포구 망원동 521 마포한강아이파크 112호 일부 상가동,N,,3130000-205-1988-01749,3130000,"서울특별시 마포구 희우정로 77, 상가동 112호 일부호 (망원동, 마포한강아이파크)",04016,1,01,영업/정상,일반세탁업,02-332-5053,0,0,0,0,0
0,,0,형제사,일반세탁업,,,,,196057.949965838,449897.213071289,2026-05-06 22:43:53,I,01,영업,,2014-09-03 15:33:47,1988-08-30,17.26,121-861,서울특별시 마포구 아현동 437-3 고려아카데미텔 지하9-1,N,,3130000-205-1988-01754,3130000,"서울특별시 마포구 마포대로 196 (아현동,고려아카데미텔 지하9-1)",04206,1,01,영업/정상,일반세탁업,02-392-0471,0,0,0,0,0
,,,리빙사,일반세탁업,,,,,195878.984839529,450454.332760795,2026-05-06 22:43:54,I,01,영업,,2024-12-07 08:35:59,1989-10-16,16.38,121-891,서울특별시 마포구 아현동 570-5,N,,3130000-205-1989-01767,3130000,서울특별시 마포구 굴레방로7길 24 (아현동),04115,,01,영업/정상,일반세탁업,02-313-1631,,,,,
,,,명동사,일반세탁업,,,,,200697.482832695,460096.585105823,2026-05-06 22:34:32,I,01,영업,,2025-01-09 09:57:25,1992-08-17,37.56,142-887,서울특별시 강북구 수유동 540-52,N,,3080000-205-1992-01849,3080000,서울특별시 강북구 인수봉로79길 57 (수유동),01020,,01,영업/정상,일반세탁업,02-997-2861,,,,,
,,,번동세탁소,일반세탁업,,,,,203553.42498418,458325.996779397,2026-05-06 22:34:33,I,01,영업,,2024-07-09 10:57:29,1992-12-02,20.35,142-861,서울특별시 강북구 번동 169-1 일신빌딩 1층,N,,3080000-205-1992-01950,3080000,"서울특별시 강북구 한천로109길 59, 일신빌딩 1층 (번동)",01227,,01,영업/정상,일반세탁업,02-985-6479,,,,,
,,,서울사,일반세탁업,,,,,201059.512022313,460191.88891789,2026-05-06 22:34:33,I,01,영업,,2025-01-09 10:06:10,1992-03-18,16.00,142-882,서울특별시 강북구 수유동 303-2,N,,3080000-205-1992-01963,3080000,서울특별시 강북구 인수봉로76길 38 (수유동),01031,,01,영업/정상,일반세탁업,02-0992-3851,,,,,
,,,서울세탁,일반세탁업,,,,,204157.843492258,457906.255584766,2026-05-06 22:34:33,I,01,영업,,2024-12-19 17:23:37,1992-06-23,28.00,142-060,서울특별시 강북구 번동 242-5 주공1단지 복합상가 202호,N,,3080000-205-1992-01964,3080000,"서울특별시 강북구 월계로 225, 202호 (번동, 주공1단지 복합상가)",01230,,01,영업/정상,일반세탁업,02-989-7077,,,,,
,,,제천세탁,일반세탁업,,,,,202316.39116364,458163.39503141,2026-05-06 22:34:34,I,01,영업,,2024-12-19 17:06:41,1992-08-24,22.00,142-807,서울특별시 강북구 미아동 121-25,N,,3080000-205-1992-02073,3080000,서울특별시 강북구 솔매로50길 14 (미아동),01157,,01,영업/정상,일반세탁업,02-0981-8010,,,,,
,,,동양세탁소,일반세탁업,,,,,201748.597599952,458524.675399736,2026-05-06 22:34:34,I,01,영업,,2024-12-19 10:47:08,1993-06-17,11.00,142-813,서울특별시 강북구 미아동 795-28,N,,3080000-205-1993-01790,3080000,서울특별시 강북구 도봉로67길 76 (미아동),01120,,01,영업/정상,일반세탁업,02-982-1623,,,,,
,,,금성세탁소,일반세탁업,,,,,202466.331124402,457810.76725775,2026-05-06 22:34:36,I,01,영업,,2024-12-19 10:35:26,1993-11-24,49.90,142-809,서울특별시 강북구 미아동 130-88,N,,3080000-205-1993-01960,3080000,서울특별시 강북구 도봉로38길 16 (미아동),01160,,01,영업/정상,일반세탁업,02-980-0716,,,,,
,,,보람세탁,일반세탁업,,,,,202755.138355647,459101.667708704,2026-05-06 22:34:36,I,01,영업,,2024-12-19 10:31:43,1993-06-21,15.00,142-866,서울특별시 강북구 번동 434-29,N,,3080000-205-1993-01966,3080000,서울특별시 강북구 덕릉로42길 21 (번동),01135,,01,영업/정상,일반세탁업,02-0989-3898,,,,,
,,,백양세탁소,일반세탁업,,,,,200878.96920547,459864.046225934,2026-05-06 22:34:36,I,01,영업,,2025-01-09 10:07:29,1993-11-24,40.50,142-883,서울특별시 강북구 수유동 527-35,N,,3080000-205-1993-02007,3080000,서울특별시 강북구 인수봉로 251-1 (수유동),01021,,01,영업/정상,일반세탁업,02-997-9390,,,,,
0,,0,현대세탁소,일반세탁업,,,,,202207.298690472,458714.538497673,2026-05-06 22:34:36,I,01,영업,,2025-01-16 10:57:48,1993-01-27,,142-803,서울특별시 강북구 미아동 190-2,N,,3080000-205-1993-02043,3080000,서울특별시 강북구 도봉로68길 22 (미아동),01132,,01,영업/정상,일반세탁업,02-0945-5885,,,,,0
3,,,효성사,일반세탁업,,,,,202291.358076779,457492.009077425,2026-05-06 22:34:36,I,01,영업,,2024-12-19 10:34:26,1993-08-06,33.38,142-815,서울특별시 강북구 미아동 326-18,N,,3080000-205-1993-02075,3080000,"서울특별시 강북구 도봉로27길 31, 1층 (미아동)",01177,,01,영업/정상,일반세탁업,02-0983-4557,1,,1,,
,,,유창사,일반세탁업,,,,,201913.36863588,457932.693707607,2026-05-06 22:34:36,I,01,영업,,2024-12-19 16:59:59,1994-07-23,18.00,142-814,서울특별시 강북구 미아동 300-5,N,,3080000-205-1994-01767,3080000,서울특별시 강북구 솔매로36길 32 (미아동),01168,,01,영업/정상,일반세탁업,02-955-9297,,,,,
,,,미광세탁소,일반세탁업,,,,,202094.242914803,458098.799726629,2026-05-06 22:34:37,I,01,영업,,2024-01-23 11:06:58,1994-01-22,15.00,142-812,서울특별시 강북구 미아동 302-29,N,,3080000-205-1994-01800,3080000,서울특별시 강북구 솔매로44길 12 (미아동),01169,,01,영업/정상,일반세탁업,02-0985-2187,,,,,
,,,은하세탁소,일반세탁업,,,,,201493.233774298,457708.113970426,2026-05-06 22:34:37,I,01,영업,,2024-12-19 11:02:24,1994-12-09,22.00,142-821,서울특별시 강북구 미아동 791-2125,N,,3080000-205-1994-01810,3080000,서울특별시 강북구 삼양로41길 41 (미아동),01188,,01,영업/정상,일반세탁업,02-0980-6196,,,,,
,,,한진크리닝,일반세탁업,,,,,202875.727289249,456629.812299466,2026-05-06 22:34:38,I,01,영업,,2024-12-19 17:26:48,1995-01-28,16.42,142-804,서울특별시 강북구 미아동 52-24,N,,3080000-205-1995-01777,3080000,서울특별시 강북구 월계로7길 39 (미아동),01222,,01,영업/정상,일반세탁업,,,,,,
,,,아벨세탁소,일반세탁업,,,,,202012.124616753,458073.670342472,2026-05-06 22:34:38,I,01,영업,,2024-12-19 17:00:25,1995-04-03,15.66,142-812,서울특별시 강북구 미아동 302-38,N,,3080000-205-1995-01841,3080000,서울특별시 강북구 솔매로40길 11 (미아동),01169,,01,영업/정상,일반세탁업,02-980-0650,,,,,
0,,0,광명사,일반세탁업,,,,,201991.988873983,458417.86292578,2026-05-06 22:34:39,I,01,영업,,2024-12-19 17:00:56,1995-05-01,18.45,142-810,서울특별시 강북구 미아동 222-57,N,,3080000-205-1995-01847,3080000,서울특별시 강북구 솔매로43길 53 (미아동),01125,0,01,영업/정상,일반세탁업,02-986-2264,0,0,0,0,0
,,,인수사,일반세탁업,,,,,200665.844382263,460066.904599913,2026-05-06 22:34:39,I,01,영업,,2017-03-09 13:25:00,1995-04-28,18.60,142-887,서울특별시 강북구 수유동 530-54,N,,3080000-205-1995-01848,3080000,서울특별시 강북구 인수봉로73가길 23 (수유동),01020,,01,영업/정상,일반세탁업,02-993-1044,,,,,
,,,백광세탁소,일반세탁업,,,,,201341.871988196,458707.482382316,2026-05-06 22:34:40,I,01,영업,,2024-12-19 11:03:07,1995-05-23,15.96,142-875,서울특별시 강북구 수유동 475-83,N,,3080000-205-1995-01937,3080000,서울특별시 강북구 삼양로79길 31 (수유동),01102,,01,영업/정상,일반세탁업,02-987-6681,,,,,
,,,백양사,일반세탁업,,,,,201606.445832012,460001.632075829,2026-05-06 22:34:40,I,01,영업,,2024-12-02 17:46:01,1995-06-01,18.00,142-877,서울특별시 강북구 수유동 205 벽산A상가 115호,N,,3080000-205-1995-01939,3080000,"서울특별시 강북구 삼각산로 143-1, 115호 (수유동, 벽산A상가)",01042,,01,영업/정상,일반세탁업,02-0905-3281,,,,,
0,,0,백양사,일반세탁업,,,,,194627.586570518,449148.702060904,2026-05-06 22:43:57,I,01,영업,,2023-07-04 17:26:56,1989-10-25,39.66,121-811,서울특별시 마포구 대흥동 801-57 1층 102호,N,,3130000-205-1989-01769,3130000,"서울특별시 마포구 토정로25길 35, 1층 102호 (대흥동)",04159,0,01,영업/정상,일반세탁업,02-717-1843,0,0,0,0,0
,,,삼성,일반세탁업,,,,,195032.084501045,448378.810132396,2026-05-06 22:43:43,I,01,영업,,2023-05-31 15:33:54,1992-02-07,18.20,121-050,서울특별시 마포구 마포동 305-8,N,,3130000-205-1992-01802,3130000,서울특별시 마포구 마포대로4가길 43 (마포동),04176,,01,영업/정상,일반세탁업,02-713-4103,,,,,
0,,0,일광컴퓨터크리닝,일반세탁업,,,,,191324.134342321,452389.878652918,2026-05-06 22:43:22,I,01,영업,,2023-05-31 15:34:17,1992-09-18,26.25,121-877,서울특별시 마포구 중동 81-21 지층,N,,3130000-205-1992-01816,3130000,"서울특별시 마포구 성암로11길 8 (중동,지층)",03933,,01,영업/정상,일반세탁업,02-308-0545,0,0,,,
0,,0,재건사,일반세탁업,,,,,194721.696249568,449340.538766039,2026-05-06 22:43:43,I,01,영업,,2018-12-20 18:00:18,1992-09-25,26.40,121-810,서울특별시 마포구 대흥동 328-31 103호,N,,3130000-205-1992-01818,3130000,"서울특별시 마포구 독막로 248-1, 103호 (대흥동)",04150,,01,영업/정상,일반세탁업,02-711-7951,0,0,,,
0,,0,로얄세탁소,일반세탁업,,,,,195310.825031788,448677.797932004,2026-05-06 22:43:44,I,01,영업,,2009-08-12 15:54:20,1992-11-27,22.36,121-812,서울특별시 마포구 도화동 36-0 고려아카데미텔2 지20,N,,3130000-205-1992-01824,3130000,"서울특별시 마포구 마포대로 52 (도화동,고려아카데미텔2 지20)",04168,1,01,영업/정상,일반세탁업,02-701-5363,0,0,0,0,0
0,,0,대우전자크리닝,일반세탁업,,,,,192700.299414258,449375.767497506,2026-05-06 22:43:52,I,01,영업,,2023-07-04 17:27:21,1993-12-13,40.18,121-883,서울특별시 마포구 합정동 358-12,N,,3130000-205-1993-01847,3130000,서울특별시 마포구 어울마당로1길 19 (합정동),04073,0,01,영업/정상,일반세탁업,02-338-1554,0,0,0,0,0
,,,토탈크리닝,일반세탁업,,,,,193957.456280254,450155.42223974,2026-05-06 22:43:34,I,01,영업,,2009-08-12 16:00:04,1994-02-19,23.74,121-880,서울특별시 마포구 창전동 2-45,N,,3130000-205-1994-01851,3130000,서울특별시 마포구 서강로11길 21 (창전동),04061,,01,영업/정상,일반세탁업,02-333-2873,,,,,
,,,화이트,일반세탁업,,,,,192424.114666831,449954.708456764,2026-05-06 22:43:39,I,01,영업,,2023-05-31 15:34:55,1994-08-10,75.25,121-839,서울특별시 마포구 서교동 391-12 우정빌딩,N,,3130000-205-1994-01859,3130000,"서울특별시 마포구 양화로7안길 6, 우정빌딩 1층 (서교동)",04037,,01,영업/정상,일반세탁업,02-336-2312,,,,,
0,,0,금성세탁소,일반세탁업,,,,,192037.723699917,451313.103476622,2026-05-06 22:43:39,I,01,영업,,2009-08-12 16:02:46,1994-09-08,23.94,121-844,서울특별시 마포구 성산동 82-0,N,,3130000-205-1994-01862,3130000,서울특별시 마포구 성산로6길 20 (성산동),03966,,01,영업/정상,일반세탁업,02-0337-4314,0,0,0,0,3
0,,0,대성크리닝,일반세탁업,,,,,191403.384376746,450352.546736479,2026-05-06 22:43:59,I,01,영업,,2024-07-31 11:19:00,1995-03-08,29.00,121-822,서울특별시 마포구 망원동 409-62 (1층),N,,3130000-205-1995-01873,3130000,"서울특별시 마포구 포은로5길 26 (망원동, (1층))",04008,0,01,영업/정상,일반세탁업,02-324-3189,0,0,0,0,0
0,,0,미광사,일반세탁업,,,,,191782.5850753,450377.186675752,2026-05-06 22:43:41,I,01,영업,,2009-08-12 09:45:33,1996-02-01,20.69,121-820,서울특별시 마포구 망원동 57-131,N,,3130000-205-1996-01893,3130000,서울특별시 마포구 월드컵로19길 41 (망원동),04012,1,01,영업/정상,일반세탁업,02-336-0997,0,0,0,0,0
,,,대림세탁소,일반세탁업,,,,,191824.223833875,451899.333639704,2026-05-06 22:43:34,I,01,영업,,2020-10-21 09:39:33,1997-02-03,20.98,121-849,서울특별시 마포구 성산동 601 성산월드타운대림아파트,N,,3130000-205-1997-01907,3130000,"서울특별시 마포구 월드컵북로30길 9-22, 상가동 204호 (성산동, 성산월드타운대림아파트)",03945,,01,영업/정상,일반세탁업,02-304-5258,,,,,
0,,0,매직크리닝,일반세탁업,,,,,191896.858234691,449678.803243825,2026-05-06 22:43:36,I,01,영업,,2010-10-15 10:43:25,1997-09-04,19.80,121-886,서울특별시 마포구 합정동 396-1 1층,N,,3130000-205-1997-01918,3130000,"서울특별시 마포구 포은로 13 (합정동,1층)",04020,1,01,영업/정상,일반세탁업,02-336-7492,0,0,0,0,0
0,,0,현대사,일반세탁업,,,,,194360.808986768,448982.671515068,2026-05-06 22:43:37,I,01,영업,,2024-09-27 06:42:39,1997-10-24,23.85,121-856,서울특별시 마포구 신수동 445-5 지상1층,N,,3130000-205-1997-01920,3130000,"서울특별시 마포구 토정로 240, 신수현대아파트 1층 (신수동)",04091,,01,영업/정상,일반세탁업,02-704-7557,0,0,,,
0,,0,제일세탁소,일반세탁업,,,,,194251.792528349,449284.567092481,2026-05-06 22:43:37,I,01,영업,,2009-08-12 10:29:50,1997-10-24,21.18,121-856,서울특별시 마포구 신수동 300,N,,3130000-205-1997-01922,3130000,서울특별시 마포구 토정로17길 25 (신수동),04088,,01,영업/정상,일반세탁업,02-3211-4498,0,0,,,
,,,상록자이언트,일반세탁업,,,,,195355.327536814,449921.685010144,2026-05-06 22:43:37,I,01,영업,,2021-05-27 18:28:40,1997-11-27,29.52,121-768,서울특별시 마포구 염리동 515-1 상록아파트 상가(구매생활시설) 2층 201호 전체,N,,3130000-205-1997-01923,3130000,"서울특별시 마포구 숭문길 106, 상가동 2층 201호 (염리동, 상록아파트)",04127,,01,영업/정상,일반세탁업,02-715-7468,2,,2,,
0,,0,그린세탁소,일반세탁업,,,,,195287.685790859,450447.982874163,2026-05-06 22:43:55,I,01,영업,,2012-09-25 09:15:56,1998-03-02,33.75,121-870,서울특별시 마포구 염리동 9-79,N,,3130000-205-1998-01925,3130000,서울특별시 마포구 대흥로30길 26 (염리동),04113,,01,영업/정상,일반세탁업,02-327-1559,0,0,,,
,,,효성세탁,일반세탁업,,,,,191430.362388135,450337.345589231,2026-05-06 22:43:55,I,01,영업,,2024-09-27 06:35:18,1998-04-23,87.54,121-822,서울특별시 마포구 망원동 404-32,N,,3130000-205-1998-01927,3130000,서울특별시 마포구 망원로6길 37 (망원동),04009,,01,영업/정상,일반세탁업,02-324-3341,,,,,
,,,신광그린세탁소,일반세탁업,,,,,192642.095179211,451203.033608639,2026-05-06 22:43:37,I,01,영업,,2013-06-03 11:33:34,1998-04-23,45.49,121-868,서울특별시 마포구 연남동 487-62 (1층),N,,3130000-205-1998-01928,3130000,"서울특별시 마포구 월드컵북로16길 58 (연남동, 1층)",03977,,01,영업/정상,일반세탁업,02-338-8463,,,,,
,,,창문사,일반세탁업,,,,,203297.056941693,456881.178971363,2026-05-06 22:34:40,I,01,영업,,2022-12-12 18:05:45,1995-02-22,20.25,142-802,서울특별시 강북구 미아동 8-137,N,,3080000-205-1995-02038,3080000,서울특별시 강북구 월계로21길 18 (미아동),01236,,01,영업/정상,일반세탁업,02-980-1885,,,,,
,,,경일사,일반세탁업,,,,,201710.898710643,459619.342536997,2026-05-06 22:34:40,I,01,영업,,2024-12-19 10:25:51,1996-07-20,17.58,142-872,서울특별시 강북구 수유동 29-74,N,,3080000-205-1996-01890,3080000,서울특별시 강북구 노해로11길 42-1 (수유동),01076,,01,영업/정상,일반세탁업,02-904-9069,,,,,
,,,현대세탁소,일반세탁업,,,,,201445.817297801,458078.233361276,2026-05-06 22:34:42,I,01,영업,,2012-05-07 14:52:15,1996-01-15,21.30,142-816,서울특별시 강북구 미아동 867-115,N,,3080000-205-1996-01921,3080000,서울특별시 강북구 솔매로22길 8 (미아동),01180,,01,영업/정상,일반세탁업,02-985-8185,,,,,
,,,성일사,일반세탁업,,,,,201935.467261408,457764.383923916,2026-05-06 22:34:42,I,01,영업,,2024-12-19 10:35:53,1996-02-27,16.20,142-814,서울특별시 강북구 미아동 313-34,N,,3080000-205-1996-01922,3080000,서울특별시 강북구 도봉로41길 83 (미아동),01173,,01,영업/정상,일반세탁업,02-981-9571,,,,,
0,,0,형제워싱,빨래방업,,,,,201455.711095409,459688.285875988,2026-05-06 22:34:42,I,01,영업,,2025-09-16 17:01:33,1996-04-25,165.00,142-884,서울특별시 강북구 수유동 392-32,N,,3080000-205-1996-01924,3080000,서울특별시 강북구 삼양로100길 20 (수유동),01075,0,01,영업/정상,빨래방업,02-983-1289,0,0,0,0,0
,,,현대세탁소,일반세탁업,,,,,201554.668599601,458733.084857989,2026-05-06 22:34:42,I,01,영업,,2022-10-17 15:22:32,1996-06-24,19.13,142-874,서울특별시 강북구 수유동 57-109,N,,3080000-205-1996-01928,3080000,서울특별시 강북구 삼양로80길 11 (수유동),01112,,01,영업/정상,일반세탁업,,,,,,
,,,은혜컴퓨터크리닝,일반세탁업,,,,,203184.515019975,458786.495592724,2026-05-06 22:34:42,I,01,영업,,2024-12-19 17:21:02,1997-07-02,20.25,142-862,서울특별시 강북구 번동 330-1,N,,3080000-205-1997-01874,3080000,서울특별시 강북구 오현로31길 75 (번동),01144,,01,영업/정상,일반세탁업,02-980-3797,,,,,
,,,금성사,일반세탁업,,,,,201725.343966622,458935.121672957,2026-05-06 22:34:43,I,01,영업,,2024-12-19 10:30:44,1997-12-29,19.75,142-874,서울특별시 강북구 수유동 52-5,N,,3080000-205-1997-01882,3080000,서울특별시 강북구 덕릉로24길 53 (수유동),01115,,01,영업/정상,일반세탁업,02-980-4507,,,,,
,,,강북사,일반세탁업,,,,,201698.616879468,457980.310035711,2026-05-06 22:34:44,I,01,영업,,2024-12-19 16:59:23,1997-03-06,33.44,142-823,서울특별시 강북구 미아동 762-112,N,,3080000-205-1997-01903,3080000,서울특별시 강북구 솔매로28길 15 (미아동),01168,,01,영업/정상,일반세탁업,02-981-6015,,,,,
,,,삼양사,일반세탁업,,,,,202845.198543674,458141.358603368,2026-05-06 22:34:45,I,01,영업,,2016-02-29 11:06:28,1998-09-04,29.76,142-860,서울특별시 강북구 번동 148-323,N,,3080000-205-1998-01863,3080000,서울특별시 강북구 오현로25다길 91 (번동),01149,,01,영업/정상,일반세탁업,02-989-0450,,,,,
0,,0,쌍용세탁소,일반세탁업,,,,,202777.40317781,459496.221144452,2026-05-06 22:34:45,I,01,영업,,2025-06-24 09:58:19,1998-09-11,39.00,142-865,서울특별시 강북구 번동 459-110,N,,3080000-205-1998-01864,3080000,서울특별시 강북구 한천로124나길 10 (번동),01059,0,01,영업/정상,일반세탁업,02-998-4747,0,0,0,0,0
,,,승훈사세탁소,일반세탁업,,,,,201801.21630148,458977.171109715,2026-05-06 22:34:47,I,01,영업,,2024-12-19 10:30:11,1999-08-04,16.11,142-873,서울특별시 강북구 수유동 49-6,N,,3080000-205-1999-02089,3080000,서울특별시 강북구 덕릉로24길 38 (수유동),01115,,01,영업/정상,일반세탁업,02-987-9215,,,,,
,,,미미세탁소,일반세탁업,,,,,201798.676768869,457648.292326525,2026-05-06 22:34:47,I,01,영업,,2022-12-12 18:03:38,1999-08-09,15.01,142-816,서울특별시 강북구 미아동 734-185,N,,3080000-205-1999-02090,3080000,서울특별시 강북구 삼양로38길 9 (미아동),01173,,01,영업/정상,일반세탁업,02-983-9002,,,,,
,,,귀빈세탁소,일반세탁업,,,,,201025.288929385,461558.065576472,2026-05-06 22:34:48,I,01,영업,,2024-12-19 10:59:14,2000-10-25,33.00,142-892,서울특별시 강북구 우이동 56-28,N,,3080000-205-2000-02095,3080000,"서울특별시 강북구 삼양로155길 18 (우이동, 지상1층)",01005,,01,영업/정상,일반세탁업,02-904-7148,,,,,
0,,0,드라이21,일반세탁업,,,,,202476.110255401,459681.591023679,2026-05-06 22:34:49,I,01,영업,,2025-01-09 10:00:51,2002-03-22,68.00,142-868,서울특별시 강북구 번동 461-79,N,,3080000-205-2002-00003,3080000,서울특별시 강북구 한천로132길 12 (번동),01058,,01,영업/정상,일반세탁업,02-994-0735,0,0,0,0,0
,,,신진사,일반세탁업,,,,,201688.164144323,460691.022756191,2026-05-06 22:34:50,I,01,영업,,2024-12-19 10:29:00,2002-04-15,30.00,142-888,서울특별시 강북구 수유동 705-3,N,,3080000-205-2002-00020,3080000,서울특별시 강북구 노해로35길 111-4 (수유동),01045,,01,영업/정상,일반세탁업,02-993-1713,,,,,
,,,현대사,일반세탁업,,,,,202251.774751369,459067.967952989,2026-05-06 22:34:50,I,01,영업,,2024-12-19 10:48:47,2002-05-08,36.00,142-803,서울특별시 강북구 미아동 158-12,N,,3080000-205-2002-00021,3080000,서울특별시 강북구 도봉로78길 51 (미아동),01129,,01,영업/정상,일반세탁업,02-0988-0276,,,,,
0,,0,동양세탁,일반세탁업,,,,,200921.855251696,457533.770785984,2026-05-06 22:34:51,I,01,영업,,2025-06-24 09:58:30,2003-05-21,.00,142-822,서울특별시 강북구 미아동 837 벽산상가 1동 107호,N,,3080000-205-2003-00004,3080000,"서울특별시 강북구 솔샘로 167, 1동 107호 (미아동, 벽산상가 )",01191,0,01,영업/정상,일반세탁업,02-900-0733,0,0,0,0,0
,,,명지사,일반세탁업,,,,,203932.991517795,458247.431674005,2026-05-06 22:34:51,I,01,영업,,2025-01-09 09:58:07,2003-05-27,.00,142-863,서울특별시 강북구 번동 241,N,,3080000-205-2003-00005,3080000,서울특별시 강북구 한천로105길 24 (번동),01229,,01,영업/정상,일반세탁업,02-989-8768,,,,,
0,,0,수유세탁,일반세탁업,,,,,202362.251030144,459939.449932231,2026-05-06 22:34:52,I,01,영업,,2025-09-16 17:00:42,2003-07-22,,142-876,서울특별시 강북구 수유동 172-228,N,,3080000-205-2003-00010,3080000,서울특별시 강북구 도봉로95길 26 (수유동),01054,,01,영업/정상,일반세탁업,02-992-6273,0,0,0,0,0
0,,0,합정세탁소,일반세탁업,,,,,192024.878077827,449773.256537625,2026-05-06 22:43:37,I,01,영업,,2023-07-04 17:27:51,1998-05-07,33.00,121-885,서울특별시 마포구 합정동 388-28,N,,3130000-205-1998-01930,3130000,"서울특별시 마포구 월드컵로3길 39, 1층 (합정동)",04025,0,01,영업/정상,일반세탁업,02-336-6480,0,0,0,0,0
0,,0,임광컴퓨터크리닝,일반세탁업,,,,,193383.874190961,451251.55743485,2026-05-06 22:43:39,I,01,영업,,2021-12-24 10:25:01,2000-03-16,21.40,121-865,서울특별시 마포구 연남동 224-36,N,,3130000-205-2000-01951,3130000,서울특별시 마포구 동교로 270 (연남동),03981,,01,영업/정상,일반세탁업,02-324-9676,0,0,,,
,,,성은세탁소,일반세탁업,,,,,191086.380135203,450581.87781332,2026-05-06 22:43:39,I,01,영업,,2014-12-23 10:43:37,2000-05-09,25.00,121-825,서울특별시 마포구 망원동 429-24,N,,3130000-205-2000-01956,3130000,서울특별시 마포구 망원로1길 24 (망원동),03957,,01,영업/정상,일반세탁업,02-333-7365,,,,,
0,,0,광장사,일반세탁업,,,,,195125.000346677,448318.358910522,2026-05-06 22:43:22,I,01,영업,,2020-10-14 17:58:06,2001-01-10,139.24,121-050,서울특별시 마포구 마포동 253 마포쌍용황금아파트,N,,3130000-205-2001-01948,3130000,"서울특별시 마포구 마포대로4라길 30, 마포쌍용황금아파트 상가동 101호 (마포동, 마포쌍용황금아파트)",04178,1,01,영업/정상,일반세탁업,02-717-1783,0,0,0,0,0
0,,0,유명사,일반세탁업,,,,,193446.6396726,450213.974224342,2026-05-06 22:43:38,I,01,영업,,2022-06-14 14:52:21,2001-05-31,28.90,121-837,서울특별시 마포구 서교동 339-18,N,,3130000-205-2001-01950,3130000,서울특별시 마포구 와우산로29가길 54-10 (서교동),04054,1,01,영업/정상,일반세탁업,02-3142-4771,1,0,1,0,0
0,,0,삼성사,일반세탁업,,,,,193824.338955745,449880.653018992,2026-05-06 22:43:36,I,01,영업,,2024-09-27 06:44:12,2002-11-13,.00,121-778,서울특별시 마포구 창전동 437 창전동삼성아파트,N,,3130000-205-2002-00004,3130000,"서울특별시 마포구 서강로 95, 상가동 205호 (창전동, 창전동삼성아파트)",04064,1,01,영업/정상,일반세탁업,02-3143-0097,0,0,0,0,0
0,,0,일진세탁소,일반세탁업,,,,,196586.08796477,450484.088600061,2026-05-06 22:43:36,I,01,영업,,2020-10-21 10:34:33,2002-11-21,.00,121-010,서울특별시 마포구 아현동 703-14 평강빌라,N,,3130000-205-2002-00005,3130000,"서울특별시 마포구 손기정로 41, 1층 (아현동, 평강빌라)",04198,,01,영업/정상,일반세탁업,02-312-4806,0,0,,,
0,,0,중앙세탁소,일반세탁업,,,,,195852.524254164,448575.779442887,2026-05-06 22:43:26,I,01,영업,,2023-07-04 17:28:55,2003-02-20,.00,121-814,서울특별시 마포구 도화동 357 현대종합상가 203호,N,,3130000-205-2003-00017,3130000,"서울특별시 마포구 새창로 52 (도화동, 현대종합상가 203호)",04182,1,01,영업/정상,일반세탁업,02-716-8974,0,0,0,0,0
0,,0,현대,일반세탁업,,,,,195669.217619713,448393.658663222,2026-05-06 22:43:27,I,01,영업,,2022-01-19 15:34:00,2003-02-17,.00,121-814,서울특별시 마포구 도화동 353 현대2차아파트,N,,3130000-205-2003-00018,3130000,"서울특별시 마포구 새창로8길 72, 상가동 203호 (도화동, 현대2차아파트)",04180,1,01,영업/정상,일반세탁업,02-717-5233,0,0,0,0,0
,,,벙글세탁소,일반세탁업,,,,,193931.183307249,450284.904724998,2026-05-06 22:43:28,I,01,영업,,2003-03-17 00:00:00,2003-02-18,.00,121-899,서울특별시 마포구 동교동 188-20,N,,3130000-205-2003-00023,3130000,서울특별시 마포구 와우산로32길 35 (동교동),04057,,01,영업/정상,일반세탁업,02-332-1656,,,,,
0,,0,홍남세탁소,일반세탁업,,,,,196319.583339595,449532.560088965,2026-05-06 22:43:29,I,01,영업,,2009-06-05 10:58:55,2003-02-20,.00,121-801,서울특별시 마포구 공덕동 111-276,N,,3130000-205-2003-00026,3130000,서울특별시 마포구 만리재로 86-1 (공덕동),04185,1,01,영업/정상,일반세탁업,02-714-4399,0,0,0,0,0
,,,월풀,빨래방업,,,,,195283.191806807,450404.678593977,2026-05-06 22:43:30,I,01,영업,,2010-12-27 10:25:21,2003-02-18,.00,121-870,서울특별시 마포구 염리동 9-100,N,,3130000-205-2003-00030,3130000,서울특별시 마포구 숭문16길 15 (염리동),04113,,01,영업/정상,빨래방업,02-704-3880,,,,,
0,,0,현대항균세탁소,일반세탁업,,,,,191704.369027609,452098.678876016,2026-05-06 22:43:33,I,01,영업,,2017-12-19 10:53:53,2003-02-17,.00,121-879,서울특별시 마포구 중동 392 현대아파트 상가동 202호,N,,3130000-205-2003-00040,3130000,"서울특별시 마포구 월드컵북로38나길 9, 상가동 202호 (중동, 현대아파트)",03943,1,01,영업/정상,일반세탁업,02-302-0088,0,0,0,0,0
0,,0,한미사,일반세탁업,,,,,195217.208488883,450333.806598093,2026-05-06 22:43:34,I,01,영업,,2009-06-05 11:28:39,2003-02-14,.00,121-870,서울특별시 마포구 염리동 10-118,N,,3130000-205-2003-00047,3130000,서울특별시 마포구 숭문길 200 (염리동),04122,1,01,영업/정상,일반세탁업,02-716-6282,0,0,0,0,0
3,임대,1,태영세탁,일반세탁업,,,,,193831.413314099,450124.601237097,2026-05-06 22:43:50,I,01,영업,,2024-09-27 06:40:49,2004-01-19,32.67,121-882,서울특별시 마포구 창전동 439 태영상가 202호,N,,3130000-205-2004-00002,3130000,"서울특별시 마포구 서강로9길 49, 202호 (창전동, 태영상가)",04059,,01,영업/정상,일반세탁업,02-332-2995,2,,2,,
2,,0,태영세탁,일반세탁업,,,,,194855.132261445,449165.068261658,2026-05-06 22:43:50,I,01,영업,,2020-10-14 17:48:57,2004-06-08,38.00,121-764,서울특별시 마포구 대흥동 660 대흥동태영아파트,N,,3130000-205-2004-00006,3130000,"서울특별시 마포구 독막로 266, 남상가동 105호 (대흥동, 대흥동태영아파트)",04153,1,01,영업/정상,일반세탁업,02-717-8877,2,0,2,0,0
7,임대,1,미도세탁,일반세탁업,,,,,194420.477283099,448941.861164151,2026-05-06 22:43:50,I,01,영업,,2023-07-04 14:55:22,2004-07-09,98.18,121-876,서울특별시 마포구 용강동 494-8 외 2필지  두영(아) 1층,N,,3130000-205-2004-00009,3130000,"서울특별시 마포구 대흥로 20 (용강동,외 2필지  두영(아) 1층)",04162,,01,영업/정상,일반세탁업,02-797-3883,1,,1,,
3,임대,1,레미안세탁소,일반세탁업,,,,,194740.657763987,449014.692581692,2026-05-06 22:43:50,I,01,영업,,2020-10-21 10:24:38,2004-09-10,36.30,121-876,서울특별시 마포구 용강동 380 래미안아파트,N,,3130000-205-2004-00010,3130000,"서울특별시 마포구 큰우물로 26, 래미안아파트 상가동 지1층 (용강동)",04160,1,01,영업/정상,일반세탁업,02-707-2477,0,1,0,1,0
5,,,코인워시24만리동점,빨래방업,,,,,196509.385278709,450078.745081601,2026-05-06 22:43:55,I,01,영업,,2022-06-14 14:47:56,2004-10-07,37.76,121-010,서울특별시 마포구 아현동 751-3,N,,3130000-205-2004-00012,3130000,"서울특별시 마포구 환일길 60, 1층 (아현동)",04203,,01,영업/정상,빨래방업,02-362-4563,1,,1,,
3,임대,1,제일사,일반세탁업,,,,,202072.743461105,459083.630551791,2026-05-06 22:34:52,I,01,영업,,2024-12-19 10:31:13,2003-05-24,29.00,142-803,서울특별시 강북구 미아동 159-48,N,,3080000-205-2003-00021,3080000,"서울특별시 강북구 덕릉로28길 11, 1층 (미아동)",01129,1,01,영업/정상,일반세탁업,02-957-0790,,,2,,
2,,,대명세탁소,일반세탁업,,,,,202688.1404361,457405.484266439,2026-05-06 22:34:52,I,01,영업,,2024-12-19 10:34:00,2004-06-25,14.00,142-809,서울특별시 강북구 미아동 137-65,N,,3080000-205-2004-00004,3080000,서울특별시 강북구 도봉로18길 47 (미아동),01164,,01,영업/정상,일반세탁업,,1,,1,,
4,,1,미광조이너스크리닝,일반세탁업,,,,,201043.690776927,458072.573362264,2026-05-06 22:34:53,I,01,영업,,2024-12-02 17:46:50,2005-07-20,26.40,142-823,서울특별시 강북구 미아동 791-3449,N,,3080000-205-2005-00006,3080000,서울특별시 강북구 솔매로 2 (미아동),01180,,01,영업/정상,일반세탁업,02-983-0206,1,,1,,
0,,0,경남세탁소,일반세탁업,,,,,203083.468974539,456988.612676639,2026-05-06 22:34:53,I,01,영업,,2022-02-14 15:54:25,2005-07-27,48.96,142-100,서울특별시 강북구 미아동 1356 경남아너스빌,N,,3080000-205-2005-00008,3080000,"서울특별시 강북구 오패산로30길 30, 상가동 101,102호 (미아동, 경남아너스빌)",01234,0,01,영업/정상,일반세탁업,02-986-3469,1,0,1,0,0
4,,,크린세탁,일반세탁업,,,,,203042.681606177,457094.462869631,2026-05-06 22:34:53,I,01,영업,,2005-08-22 00:00:00,2005-08-22,34.60,142-802,서울특별시 강북구 미아동 5-23,N,,3080000-205-2005-00011,3080000,서울특별시 강북구 오패산로30길 68 (미아동),01234,,01,영업/정상,일반세탁업,,1,,1,,
,,,아이원세탁,일반세탁업,,,,,201467.070851848,457085.224329758,2026-05-06 22:34:53,I,01,영업,,2022-12-12 18:02:46,2005-09-02,27.00,142-100,서울특별시 강북구 미아동 1357-4 401동 상가 101호,N,,3080000-205-2005-00012,3080000,"서울특별시 강북구 삼양로19길 109 (미아동,401동 상가 101호)",01198,,01,영업/정상,일반세탁업,02-981-0155,2,,2,,
4,,1,중앙세탁,일반세탁업,,,,,201085.595093037,460786.765035171,2026-05-06 22:34:53,I,01,영업,,2021-03-02 10:51:25,2005-09-06,16.20,142-892,서울특별시 강북구 우이동 72-154,N,,3080000-205-2005-00013,3080000,서울특별시 강북구 삼양로139가길 2 (우이동),01010,,01,영업/정상,일반세탁업,02-900-9726,1,,1,,
4,,0,새로나세탁,일반세탁업,,,,,202567.355602159,457368.453124798,2026-05-06 22:34:54,I,01,영업,,2011-11-25 10:43:57,2005-11-16,39.60,142-809,서울특별시 강북구 미아동 137-20,N,,3080000-205-2005-00018,3080000,서울특별시 강북구 도봉로20길 7 (미아동),01164,,01,영업/정상,일반세탁업,02-989-7794,1,,1,,0
4,,,그린세탁소,일반세탁업,,,,,202446.066623742,459290.31996067,2026-05-06 22:34:54,I,01,영업,,2024-12-02 17:47:25,2006-01-12,32.00,142-864,서울특별시 강북구 번동 414-35 1층,N,,3080000-205-2006-00001,3080000,"서울특별시 강북구 한천로123길 64 (번동,1층)",01066,,01,영업/정상,일반세탁업,02-999-2114,1,,1,,
4,,1,크린토피아수유지사,일반세탁업,,,,,201734.029298986,459261.606829021,2026-05-06 22:34:54,I,01,영업,,2025-08-04 16:18:27,2006-03-17,129.96,142-891,서울특별시 강북구 수유동 46-20 태영빌딩,N,,3080000-205-2006-00003,3080000,"서울특별시 강북구 수유로 62, 태영빌딩 1층 (수유동)",01081,,01,영업/정상,일반세탁업,02-904-1991,1,,1,,
,,,풍림세탁,일반세탁업,,,,,201617.336643593,457122.142646519,2026-05-06 22:34:54,I,01,영업,,2024-12-19 11:01:58,2006-03-21,.00,142-100,서울특별시 강북구 미아동 1357-3 삼각산아이원(아) 402동 206호,N,,3080000-205-2006-00005,3080000,"서울특별시 강북구 삼양로19길 74, 402동 206호 (미아동, 삼각산아이원(아))",01196,,01,영업/정상,일반세탁업,02-988-5826,,,,,
3,임대,1,매일새옷,일반세탁업,,,,,201121.567297322,459378.785298933,2026-05-06 22:34:54,I,01,영업,,2023-12-08 15:20:57,2006-11-10,49.00,142-870,서울특별시 강북구 수유동 422-2,N,,3080000-205-2006-00008,3080000,"서울특별시 강북구 인수봉로56길 9-1, 1층 (수유동)",01089,,01,영업/정상,일반세탁업,02-907-3349,1,,1,,
5,임대,1,스마일,일반세탁업,,,,,202973.127176547,458955.176048982,2026-05-06 22:34:55,I,01,영업,,2024-12-19 17:14:28,2007-07-06,27.52,142-866,서울특별시 강북구 번동 510-35 1층,N,,3080000-205-2007-00002,3080000,"서울특별시 강북구 오현로31길 129, 1층 (번동)",01144,,01,영업/정상,일반세탁업,02-986-1285,1,0,1,0,2
3,,1,세탁하는사람들,일반세탁업,,,,,201105.525165379,459255.981672294,2026-05-06 22:34:55,I,01,영업,,2024-07-01 13:23:06,2007-10-12,92.32,142-885,서울특별시 강북구 수유동 440-35,N,,3080000-205-2007-00003,3080000,서울특별시 강북구 인수봉로 178-1 (수유동),01092,,01,영업/정상,일반세탁업,02-999-8814,1,0,1,0,3
2,임대,1,삼성세탁,일반세탁업,,,,,201524.718069664,460260.14134764,2026-05-06 22:34:55,I,01,영업,,2022-12-12 18:06:44,2008-01-09,41.20,142-070,서울특별시 강북구 수유동 730 삼성아파트상가동 지층 B6호 (4.19길 87),N,,3080000-205-2008-00001,3080000,"서울특별시 강북구 한천로 1121, 지층 B6호 (수유동, 삼성아파트상가동)",01040,,01,영업/정상,일반세탁업,02-996-5162,0,1,0,1,2
2,,0,한일세탁,일반세탁업,,,,,203160.153576134,456943.819705953,2026-05-06 22:34:55,I,01,영업,,2017-06-15 14:10:51,2008-08-04,28.40,142-100,서울특별시 강북구 미아동 1355 한일유앤아이상가 102호,N,,3080000-205-2008-00003,3080000,"서울특별시 강북구 월계로21가길 41, 102호 (미아동, 한일유앤아이상가)",01236,,01,영업/정상,일반세탁업,02-982-9606,1,,1,,1
4,임대,0,백옥사,일반세탁업,,,,,202339.199018219,459261.633732557,2026-05-06 22:34:55,I,01,영업,,2024-12-19 17:13:25,2008-08-13,33.00,142-867,서울특별시 강북구 번동 443-12 1층,N,,3080000-205-2008-00004,3080000,"서울특별시 강북구 오패산로67길 15, 1층 (번동)",01069,,01,영업/정상,일반세탁업,02-900-6793,1,,1,,1
0,,0,세탁마트,일반세탁업,,,,,201184.733634134,457454.766386757,2026-05-06 22:34:55,I,01,영업,,2021-04-01 17:28:57,2009-01-28,21.50,142-100,서울특별시 강북구 미아동 1353-1 sk주상가 지하2층 204호,N,,3080000-205-2009-00001,3080000,"서울특별시 강북구 솔샘로 174, 지하2층 204호 (미아동, SK주상가 )",01192,,01,영업/정상,일반세탁업,02-982-0577,,,,,0
0,,0,보람세탁소,일반세탁업,,,,,201085.705191129,458261.650930174,2026-05-06 22:34:55,I,01,영업,,2025-01-09 10:00:22,2009-04-20,33.00,142-823,서울특별시 강북구 미아동 791-2974,N,,3080000-205-2009-00003,3080000,서울특별시 강북구 인수봉로20나길 14 (미아동),01107,0,01,영업/정상,일반세탁업,02-985-4599,,,,,0
0,임대,0,삼창크리닝사,일반세탁업,,,,,195324.793653981,448885.430093289,2026-05-06 22:43:55,I,01,영업,,2024-11-26 15:45:16,2004-11-26,33.75,121-812,서울특별시 마포구 도화동 173 삼창프라자 빌딩 지하1층 71호,N,,3130000-205-2004-00014,3130000,"서울특별시 마포구 마포대로 63-8 (도화동,삼창프라자 빌딩 지하1층 71호)",04157,1,01,영업/정상,일반세탁업,02-719-6761,0,1,0,1,0
3,,,삼성푸른세탁소,일반세탁업,,,,,195719.825155115,449431.796490662,2026-05-06 22:43:55,I,01,영업,,2011-06-03 12:51:05,2005-02-05,43.70,121-805,서울특별시 마포구 공덕동 459 래미안공덕3차아파트 상가동 203,N,,3130000-205-2005-00001,3130000,"서울특별시 마포구 마포대로7길 12 (공덕동,래미안공덕3차아파트 상가동 203)",04142,,01,영업/정상,일반세탁업,,2,,2,,
0,임대,0,한화세탁,일반세탁업,,,,,195111.088138936,448644.311298762,2026-05-06 22:43:24,I,01,영업,,2022-06-21 11:52:04,2005-03-22,79.38,121-779,서울특별시 마포구 도화동 555 한화오벨리스크 상가 지층 127호,N,,3130000-205-2005-00003,3130000,"서울특별시 마포구 마포대로 33 (도화동,한화오벨리스크 상가 지층 127호)",04167,1,01,영업/정상,일반세탁업,02-706-6604,0,1,0,1,0
,,,현대세탁소,일반세탁업,,,,,194327.466173083,450136.37367892,2026-05-06 22:43:23,I,01,영업,,2011-03-29 14:52:23,2005-07-28,29.92,121-807,서울특별시 마포구 노고산동 107-88 1층,N,,3130000-205-2005-00008,3130000,"서울특별시 마포구 서강로20길 21 (노고산동,1층)",04100,,01,영업/정상,일반세탁업,02-715-8941,1,,1,,
6,,1,월드컵파크세탁소,일반세탁업,,,,,189706.400187964,453064.248567444,2026-05-06 22:43:56,I,01,영업,,2020-10-14 18:10:38,2005-09-22,22.30,121-904,서울특별시 마포구 상암동 1689 상암월드컵파크 6단지,N,,3130000-205-2005-00011,3130000,"서울특별시 마포구 상암산로1길 55, 상암월드컵파크 6단지 상가동 103호 (상암동)",03905,1,01,영업/정상,일반세탁업,02-375-6601,0,1,0,1,0
2,임대,,백양세탁소,일반세탁업,,,,,191263.451931121,452207.500653521,2026-05-06 22:43:22,I,01,영업,,2020-10-21 09:45:31,2005-10-06,74.80,121-850,서울특별시 마포구 성산동 446 성산시영아파트,N,,3130000-205-2005-00012,3130000,"서울특별시 마포구 월드컵북로 233, 제1상가동 209호 (성산동, 성산시영아파트)",03936,,01,영업/정상,일반세탁업,02-303-6962,2,,2,,
3,,1,래미안세탁,일반세탁업,,,,,195693.831953039,449677.209497438,2026-05-06 22:43:22,I,01,영업,,2012-08-20 13:36:38,2005-12-02,27.24,121-802,서울특별시 마포구 공덕동 175-181,N,,3130000-205-2005-00013,3130000,서울특별시 마포구 마포대로11길 44-5 (공덕동),04132,1,01,영업/정상,일반세탁업,02-701-2688,1,0,1,0,0
30,,8,롯데명품대우세탁소,일반세탁업,,,,,195764.944565229,449028.002731859,2026-05-06 22:43:22,I,01,영업,,2010-11-23 09:42:17,2006-02-17,33.00,121-030,서울특별시 마포구 신공덕동 167 대우메트로디오빌 (지하 114호),N,,3130000-205-2006-00001,3130000,"서울특별시 마포구 백범로 199 (신공덕동,대우메트로디오빌 (지하 114호))",04195,1,01,영업/정상,일반세탁업,02-716-4522,1,0,1,0,0
4,임대,,성미세탁,일반세탁업,,,,,191809.501375949,450828.676494599,2026-05-06 22:43:22,I,01,영업,,2006-12-11 00:00:00,2006-05-25,20.90,121-847,서울특별시 마포구 성산동 254-34,N,,3130000-205-2006-00003,3130000,서울특별시 마포구 월드컵로28길 16 (성산동),03971,,01,영업/정상,일반세탁업,31417684,1,,1,,
2,,0,서문세탁,일반세탁업,,,,,190505.532501112,452561.593702231,2026-05-06 22:43:23,I,01,영업,,2023-07-04 14:57:15,2006-10-30,24.48,121-904,서울특별시 마포구 상암동 1634 상암월드컵아파트 1단지,N,,3130000-205-2006-00012,3130000,"서울특별시 마포구 월드컵북로47길 8, 상가동 207호 (상암동, 상암월드컵아파트 1단지)",03913,1,01,영업/정상,일반세탁업,02-308-4001,2,0,2,0,0
3,,0,명품세탁소,일반세탁업,,,,,196533.7600638,449661.994660335,2026-05-06 22:43:23,I,01,영업,,2018-12-20 17:58:48,2007-05-10,27.56,121-800,서울특별시 마포구 공덕동 11-34,N,,3130000-205-2007-00004,3130000,서울특별시 마포구 만리재로12나길 10 (공덕동),04184,1,01,영업/정상,일반세탁업,02-702-0768,1,0,1,0,0
0,,0,현진세탁소,일반세탁업,,,,,195669.217619713,448393.658663222,2026-05-06 22:43:55,I,01,영업,,2015-03-11 16:23:22,2007-07-11,30.38,121-814,서울특별시 마포구 도화동 353 현대2차 상가,N,,3130000-205-2007-00007,3130000,"서울특별시 마포구 도화4길 73, 205호 (도화동, 현대홈타운 상가)",04180,1,01,영업/정상,일반세탁업,02-701-8998,0,0,0,0,0
0,,1,효성세탁,일반세탁업,,,,,196116.359505276,450027.068949628,2026-05-06 22:43:55,I,01,영업,,2014-09-03 15:56:09,2007-08-23,20.16,121-010,서울특별시 마포구 아현동 733-0 효성인텔리안 지층 112호,N,,3130000-205-2007-00008,3130000,"서울특별시 마포구 마포대로 208 (아현동,효성인텔리안 지층 112호)",04206,1,01,영업/정상,일반세탁업,02-313-1686,0,0,0,0,0
0,,0,쌍용세탁,일반세탁업,,,,,193694.991688366,449568.977982811,2026-05-06 22:43:55,I,01,영업,,2023-05-31 15:36:21,2008-01-23,50.50,121-892,서울특별시 마포구 창전동 444 서강쌍용예가,N,,3130000-205-2008-00001,3130000,"서울특별시 마포구 서강로 53, 상가1단지동 205호 (창전동, 서강쌍용예가)",04069,1,01,영업/정상,일반세탁업,02-333-2022,2,0,2,0,3
0,,0,새한사,일반세탁업,,,,,192119.537146639,451260.737522,2026-05-06 22:43:55,I,01,영업,,2017-02-15 17:41:27,2008-02-04,114.00,121-844,서울특별시 마포구 성산동 68-3,N,,3130000-205-2008-00002,3130000,서울특별시 마포구 월드컵북로15길 45-2 (성산동),03966,,01,영업/정상,일반세탁업,02-333-9333,,,,,0
32,임대,3,이안세탁,일반세탁업,,,,,190268.350708409,452810.742674992,2026-05-06 22:43:56,I,01,영업,,2014-09-03 15:57:56,2008-05-22,41.84,121-904,서울특별시 마포구 상암동 1654 DMC 이안상암1단지 204호,N,,3130000-205-2008-00004,3130000,"서울특별시 마포구 월드컵북로 375 (상암동,DMC 이안상암1단지 204호)",03908,1,01,영업/정상,일반세탁업,02-6393-6424,2,0,2,0,3
0,,0,미키세탁소,일반세탁업,,,,,201522.485382725,460521.130014926,2026-05-06 22:34:56,I,01,영업,,2010-07-12 13:53:59,2010-07-12,36.00,142-879,서울특별시 강북구 수유동 269-24,N,,3080000-205-2010-00002,3080000,서울특별시 강북구 노해로23길 107 (수유동),01047,0,01,영업/정상,일반세탁업,02-904-8527,,,,,0
0,,0,래미안세탁,일반세탁업,,,,,201760.433753367,456845.373829971,2026-05-06 22:34:56,I,01,영업,,2024-12-19 11:01:31,2010-10-21,30.28,142-100,서울특별시 강북구 미아동 813,N,,3080000-205-2010-00004,3080000,"서울특별시 강북구 삼양로19길 25, 105동 7호 (미아동, 래미안트리베라)",01200,0,01,영업/정상,일반세탁업,02-2249-3068,,,,,0
1,,0,동아세탁소,일반세탁업,,,,,202770.877661687,456936.396436397,2026-05-06 22:34:56,I,01,영업,,2011-07-04 15:33:51,2011-07-04,19.80,142-804,서울특별시 강북구 미아동 75-95,N,,3080000-205-2011-00004,3080000,서울특별시 강북구 도봉로10다길 24 (미아동),01219,0,01,영업/정상,일반세탁업,02-987-1661,,,,,3
0,,0,깨끗한 나라,빨래방업,,,,,200992.227244729,458225.232587832,2026-05-06 22:34:56,I,01,영업,,2012-05-24 16:27:21,2012-05-24,78.67,142-875,서울특별시 강북구 수유동 486-1270,N,,3080000-205-2012-00001,3080000,"서울특별시 강북구 인수봉로19길 25, 지하1층 (수유동)",01096,0,01,영업/정상,빨래방업,,,1,,1,1
0,,0,유성세탁소,일반세탁업,,,,,202672.901538892,459690.910438225,2026-05-06 22:34:57,I,01,영업,,2021-11-08 14:20:25,2013-06-10,39.15,142-868,서울특별시 강북구 번동 469-77,N,,3080000-205-2013-00006,3080000,"서울특별시 강북구 한천로130가길 13, 1층 (번동)",01057,1,01,영업/정상,일반세탁업,,1,,1,,2
0,,0,대동세탁,세탁업 기타,,,,,202244.823422998,457884.659523299,2026-05-06 22:34:57,I,01,영업,,2025-09-03 14:37:40,2014-06-02,110.96,142-814,서울특별시 강북구 미아동 310-28,N,,3080000-205-2014-00002,3080000,서울특별시 강북구 솔샘로67길 141 (미아동),01171,0,01,영업/정상,세탁업 기타,02-907-7748,1,0,1,0,2
0,,0,컴퓨터세탁,일반세탁업,,,,,201512.747860029,458226.238221918,2026-05-06 22:34:57,I,01,영업,0,2022-10-26 16:02:10,2015-01-06,15.00,142-824,서울특별시 강북구 미아동 791-947,N,0,3080000-205-2015-00001,3080000,서울특별시 강북구 삼양로57길 3 (미아동),01110,0,01,영업/정상,일반세탁업,,1,,1,,2
0,,0,크린토피아코인워시수유역점,빨래방업,,,,,202417.019755233,459999.34344237,2026-05-06 22:34:57,I,01,영업,0,2024-12-19 17:12:16,2015-05-01,48.97,142-876,"서울특별시 강북구 수유동 169-5 101,102,103호",N,0,3080000-205-2015-00003,3080000,"서울특별시 강북구 도봉로97길 26, 101,102,103호 (수유동)",01055,0,01,영업/정상,빨래방업,02-6448-3536,1,,1,,3
0,,0,엄마맘세탁,일반세탁업,,,,,201208.931369175,457553.736478082,2026-05-06 22:34:57,I,01,영업,0,2025-06-24 09:58:47,2015-05-11,69.00,142-821,서울특별시 강북구 미아동 839-466,N,0,3080000-205-2015-00004,3080000,"서울특별시 강북구 솔샘로 197, 1층 (미아동)",01187,0,01,영업/정상,일반세탁업,,0,0,0,0,4
1,,0,백옥세탁소,일반세탁업,2026-04-24,,,,201764.381486234,460336.466046088,2026-05-06 22:34:58,I,02,폐업,0,2026-04-24 11:10:34,2017-02-14,30.00,142-879,서울특별시 강북구 수유동 252-31,N,0,3080000-205-2017-00006,3080000,"서울특별시 강북구 노해로23길 48, 1층 좌측호 (수유동)",01048,1,03,폐업,일반세탁업,02-997-8312,,,,,1
0,,0,백선사,일반세탁업,,,,,202151.156805564,459955.764719906,2026-05-06 22:34:58,I,01,영업,0,2024-01-16 11:16:08,2018-12-04,25.00,142-876,서울특별시 강북구 수유동 178-40 1층,N,0,3080000-205-2018-00003,3080000,"서울특별시 강북구 한천로148길 12-22, 1층 (수유동)",01053,1,01,영업/정상,일반세탁업,02-900-5531,,,,,1
0,,0,우리신발세탁소,운동화전문세탁업,2026-03-06,,,,201783.625174481,460510.614097619,2026-05-06 22:34:59,I,02,폐업,0,2026-03-06 15:06:23,2020-05-06,21.69,142-888,서울특별시 강북구 수유동 726-2 1층,N,0,3080000-205-2020-00001,3080000,"서울특별시 강북구 노해로27길 66, 1층 (수유동)",01045,1,03,폐업,운동화전문세탁업,,0,0,0,0,0
0,,0,충남세탁,일반세탁업,,,,,202141.211010238,460108.378141808,2026-05-06 22:34:59,I,01,영업,0,2025-05-26 15:55:37,2020-10-22,25.00,142-876,서울특별시 강북구 수유동 180-14,N,0,3080000-205-2020-00002,3080000,"서울특별시 강북구 한천로148길 32, 1층 (수유동)",01053,1,01,영업/정상,일반세탁업,,,,,,2
0,,0,웰빙세탁,일반세탁업,,,,,204083.177112537,458197.61919645,2026-05-06 22:34:59,I,01,영업,,2025-03-21 13:12:00,2021-02-17,.00,142-060,서울특별시 강북구 번동 242-4,N,,3080000-205-2021-00001,3080000,"서울특별시 강북구 한천로105길 7, 번동1단지주공아파트상가 205호 (번동)",01230,1,01,영업/정상,일반세탁업,02-945-5557,2,0,2,0,1
0,,0,주식회사 호미아,세탁업 기타,,,,,200914.734028965,460099.328199056,2026-05-06 22:34:59,I,01,영업,0,2024-08-22 11:07:49,2022-07-21,42.09,142-883,서울특별시 강북구 수유동 554-93,N,1,3080000-205-2022-00001,3080000,"서울특별시 강북구 인수봉로 274-1, 1층 (수유동)",01031,0,01,영업/정상,세탁업 기타,02-1800-0184,1,0,1,0,5
0,,0,유모차카시트세탁뽀송강북점,세탁업 기타,,,,,201028.204061244,459423.354761201,2026-05-06 22:34:59,I,01,영업,0,2025-04-24 09:38:07,2023-07-06,65.36,142-885,서울특별시 강북구 수유동 434-10 1층 101호,N,0,3080000-205-2023-00001,3080000,"서울특별시 강북구 인수봉로57길 7, 1층 101호 (수유동)",01023,1,01,영업/정상,세탁업 기타,,,,,,2
0,,0,하얀사,일반세탁업,,,,,202022.430958864,458041.360353398,2026-05-06 22:34:59,I,01,영업,0,2023-08-25 11:03:42,2023-08-25,30.00,142-812,서울특별시 강북구 미아동 302-35 1층,N,0,3080000-205-2023-00002,3080000,"서울특별시 강북구 도봉로49길 50, 1층 (미아동)",01169,1,01,영업/정상,일반세탁업,,,,,,2
0,,0,조광세탁소,일반세탁업,,,,,202551.565409436,457634.010974108,2026-05-06 22:34:59,I,01,영업,0,2024-03-28 11:59:54,2024-03-28,33.00,142-809,서울특별시 강북구 미아동 134-47 1층,N,0,3080000-205-2024-00002,3080000,"서울특별시 강북구 도봉로30길 22, 1층 (미아동)",01161,1,01,영업/정상,일반세탁업,,,,,,2
0,,0,코리아워싱,일반세탁업,,,,,202473.34364432,460146.775073956,2026-05-06 22:34:59,I,01,영업,0,2025-03-14 13:21:16,2025-03-14,82.08,142-876,서울특별시 강북구 수유동 167-75,N,0,3080000-205-2025-00001,3080000,"서울특별시 강북구 도봉로101길 35, 1층 (수유동)",01055,0,01,영업/정상,일반세탁업,,,,,,2
0,,0,우리사세탁소,일반세탁업,,,,,196565.462472428,449746.928318953,2026-05-06 22:43:55,I,01,영업,,2014-09-03 15:59:19,2008-10-09,36.44,121-805,서울특별시 마포구 공덕동 468 두영이지안 B02,N,,3130000-205-2008-00008,3130000,"서울특별시 마포구 만리재로14길 27 (공덕동,두영이지안 B02)",04183,1,01,영업/정상,일반세탁업,02-363-1821,1,0,1,0,3
1,임대,1,크린토피아마포성산지사,일반세탁업,,,,,191019.274464113,450317.529337819,2026-05-06 22:43:56,I,01,영업,,2024-11-07 14:56:09,2008-11-11,171.54,121-889,서울특별시 마포구 망원동 454-4 1층,N,,3130000-205-2008-00012,3130000,"서울특별시 마포구 동교로3길 104 (망원동,1층)",04006,1,01,영업/정상,일반세탁업,02-338-1993,1,0,1,0,3
3,,1,하늘세탁소,일반세탁업,,,,,191589.552929087,449908.695922793,2026-05-06 22:43:56,I,01,영업,,2017-03-31 14:20:55,2009-08-07,42.90,121-888,서울특별시 마포구 합정동 443-5 1층,N,,3130000-205-2009-00003,3130000,"서울특별시 마포구 희우정로 53-1, 1층 (합정동)",04019,1,01,영업/정상,일반세탁업,02-322-5687,1,,1,,1
0,,0,금메달세탁소,일반세탁업,,,,,190975.112602392,450643.168625825,2026-05-06 22:43:57,I,01,영업,,2024-09-27 06:36:20,2009-10-21,35.45,121-825,서울특별시 마포구 망원동 430-24 (1층),N,,3130000-205-2009-00009,3130000,"서울특별시 마포구 방울내로 24 (망원동,(1층))",03957,0,01,영업/정상,일반세탁업,,1,,1,,1
0,,0,동원세탁소,일반세탁업,,,,,195661.222780646,448690.315807025,2026-05-06 22:43:57,I,01,영업,,2017-05-23 13:55:31,2009-11-11,13.00,121-813,서울특별시 마포구 도화동 200-10 1층,N,,3130000-205-2009-00010,3130000,"서울특별시 마포구 도화4길 35, 1층 (도화동)",04169,0,01,영업/정상,일반세탁업,02-711-6831,1,,1,,2
0,,0,미영사,일반세탁업,,,,,192508.796598403,450322.734454602,2026-05-06 22:43:57,I,01,영업,,2020-11-16 11:41:16,2009-12-15,39.60,121-842,서울특별시 마포구 서교동 459-7 (1층),N,,3130000-205-2009-00011,3130000,"서울특별시 마포구 동교로 125 (서교동,(1층))",04002,1,01,영업/정상,일반세탁업,02-336-3444,1,,1,,2
0,,0,그린컴퓨터크리닝,일반세탁업,,,,,191855.569080768,452020.913645038,2026-05-06 22:43:57,I,01,영업,,2017-12-19 11:02:13,2010-01-26,28.00,121-877,서울특별시 마포구 중동 40-12 성산2차현대아파트 상가 104호,N,,3130000-205-2010-00001,3130000,"서울특별시 마포구 성암로 79, 상가동 104호 (중동, 성산2차현대아파트)",03944,1,01,영업/정상,일반세탁업,02-308-6981,1,0,1,0,0
0,,0,펜트라우스명품세탁,일반세탁업,,,,,195874.639172861,449015.903404686,2026-05-06 22:43:57,I,01,영업,,2017-09-25 09:57:49,2011-07-14,46.00,121-030,서울특별시 마포구 신공덕동 172 펜트라우스상가 B2층22호,N,,3130000-205-2011-00005,3130000,"서울특별시 마포구 백범로 205 (신공덕동,펜트라우스상가 B2층22호)",04194,1,01,영업/정상,일반세탁업,02-702-3222,,2,,2,0
0,,0,스카이세탁,일반세탁업,,,,,190352.555252104,452510.91383579,2026-05-06 22:43:57,I,01,영업,,2012-09-13 09:36:04,2011-12-23,47.11,121-904,서울특별시 마포구 상암동 1637 월드컵파크2단지 상가103호,N,,3130000-205-2011-00007,3130000,서울특별시 마포구 월드컵북로47길 46 (상암동),03912,1,01,영업/정상,일반세탁업,,1,,1,,0
0,,0,광천세탁소,일반세탁업,,,,,196457.172432241,450334.589836963,2026-05-06 22:43:57,I,01,영업,,2018-12-20 18:04:39,2012-01-09,14.20,121-010,서울특별시 마포구 아현동 764-2 (1층),N,,3130000-205-2012-00001,3130000,서울특별시 마포구 환일길 34 (아현동),04199,1,01,영업/정상,일반세탁업,,1,,1,,0
0,,0,매직크린,일반세탁업,,,,,191498.022323609,452219.185859685,2026-05-06 22:43:58,I,01,영업,,2017-11-24 10:21:51,2012-11-23,33.00,121-877,서울특별시 마포구 중동 48-21 1층,N,,3130000-205-2012-00009,3130000,"서울특별시 마포구 월드컵북로38길 45, 1층 (중동)",03942,0,01,영업/정상,일반세탁업,02-302-4852,1,,,,3
0,,0,밤섬 명품세탁소,일반세탁업,,,,,193498.962562579,449378.132789147,2026-05-06 22:43:58,I,01,영업,0,2024-09-27 06:41:20,2014-11-27,30.94,121-829,서울특별시 마포구 상수동 398,N,0,3130000-205-2014-00004,3130000,"서울특별시 마포구 독막로20나길 21, 108호 (상수동)",04077,0,01,영업/정상,일반세탁업,02-323-3990,,,,,0
0,,0,백양명품세탁,일반세탁업,,,,,191406.718345685,451465.793127329,2026-05-06 22:43:58,I,01,영업,0,2014-12-10 13:11:06,2014-12-10,21.48,121-850,서울특별시 마포구 성산동 590-5,N,0,3130000-205-2014-00005,3130000,"서울특별시 마포구 월드컵로34길 13, 104-1호 (성산동, 상암월드시티)",03938,0,01,영업/정상,일반세탁업,,,,,,0
0,,0,명품자이세탁소,일반세탁업,,,,,,,2026-05-06 22:43:58,I,01,영업,1,2019-10-01 16:42:50,2015-05-01,37.80,121-010,서울특별시 마포구 아현동 801 공덕자이아파트 상가 106호,N,1,3130000-205-2015-00001,3130000,"서울특별시 마포구 마포대로24길 4, 공덕자이아파트 상가 106호 (아현동)",04202,2,01,영업/정상,일반세탁업,02-393-0101,,,,,2
0,,0,굿모닝세탁소,일반세탁업,,,,,191077.271980762,450858.170719132,2026-05-06 22:43:56,I,01,영업,0,2015-07-07 11:37:05,2015-07-07,26.00,121-824,서울특별시 마포구 망원동 466-8,N,0,3130000-205-2015-00002,3130000,"서울특별시 마포구 방울내로3길 26, 비동 101호 (망원동)",03955,1,01,영업/정상,일반세탁업,02-719-9570,,,,,1
,,,대우세탁,일반세탁업,,,,,192577.990805265,450569.670545853,2026-05-06 22:43:58,I,01,영업,,2019-10-28 16:50:25,2015-08-24,52.00,121-841,서울특별시 마포구 서교동 487 서교동 대우미래사랑 1층 111호,N,,3130000-205-2015-00003,3130000,"서울특별시 마포구 월드컵북로5나길 18, 1층 111호 (서교동, 서교동 대우미래사랑)",04002,,01,영업/정상,일반세탁업,02-333-0802,,,,,
0,임대,0,타워크린월드,일반세탁업,,,,,195251.653529577,448236.655548283,2026-05-06 22:43:58,I,01,영업,1,2022-09-15 12:32:15,2015-11-11,22.00,121-812,서울특별시 마포구 도화동 82 도화3지구우성아파트 A동 203호,N,0,3130000-205-2015-00005,3130000,"서울특별시 마포구 삼개로 38, A동 203호 (도화동, 도화3지구우성아파트)",04179,1,01,영업/정상,일반세탁업,02-706-9929,2,0,2,0,2
0,,0,GS세탁,일반세탁업,,,,,193841.224094019,449082.136782289,2026-05-06 22:43:58,I,01,영업,0,2016-06-03 14:49:43,2016-06-03,52.80,121-140,서울특별시 마포구 신정동 30,N,0,3130000-205-2016-00002,3130000,"서울특별시 마포구 토정로14길 38, 2층 201호 (신정동)",04093,0,01,영업/정상,일반세탁업,02-717-1582,,,,,0
0,,0,혁신크린,일반세탁업,,,,,201734.029298986,459261.606829021,2026-05-06 22:34:59,I,01,영업,0,2025-08-05 16:08:45,2025-08-05,99.70,142-891,서울특별시 강북구 수유동 46-20 태영빌딩,N,0,3080000-205-2025-00002,3080000,"서울특별시 강북구 수유로 62, 태영빌딩 지하1층, 3층 일부호 (수유동)",01081,0,01,영업/정상,일반세탁업,,3,1,3,1,3
0,임대,0,"킨더클리닝 강북성북점 유모차세탁,카시트세탁",세탁업 기타,,,,,202889.109338319,457166.783822083,2026-05-06 22:34:59,I,01,영업,0,2025-11-10 11:55:38,2025-11-10,103.80,142-801,서울특별시 강북구 미아동 3-863,N,0,3080000-205-2025-00003,3080000,"서울특별시 강북구 오패산로 168, 1층 (미아동)",01156,0,01,영업/정상,세탁업 기타,,,,,,1
0,,0,슈즈크리닝,운동화전문세탁업,,,,,191019.274464113,450317.529337819,2026-05-06 22:43:58,I,01,영업,0,2024-11-07 14:55:44,2016-06-20,45.00,121-889,서울특별시 마포구 망원동 454-4,N,0,3130000-205-2016-00003,3130000,"서울특별시 마포구 동교로3길 104, B동 (망원동)",04006,0,01,영업/정상,운동화전문세탁업,,0,0,0,0,0
0,,0,그린어스,일반세탁업,,,,,192142.27136309,449868.964586499,2026-05-06 22:43:58,I,01,영업,0,2018-01-18 14:03:48,2017-03-17,33.06,121-888,서울특별시 마포구 합정동 473 마포 한강 2차 푸르지오 상가 2층 222호,N,0,3130000-205-2017-00001,3130000,"서울특별시 마포구 월드컵로3길 14, 마포 한강 2차 푸르지오 상가동 2층 222호 (합정동)",04024,0,01,영업/정상,일반세탁업,02-377-2323,,,,,1
0,,0,마마운동화 이불빨래방,일반세탁업,,,,,194235.290808574,449139.522444126,2026-05-06 22:43:58,I,01,영업,1,2024-09-27 06:38:59,2017-06-02,23.00,121-856,서울특별시 마포구 신수동 448-23 1층 5호,N,0,3130000-205-2017-00002,3130000,"서울특별시 마포구 토정로 224, 1층 5호 (신수동)",04091,0,01,영업/정상,일반세탁업,02-711-8482,1,,1,,3
0,,0,운동화 세탁,운동화전문세탁업,,,,,195215.901635896,450313.678389264,2026-05-06 22:43:58,I,01,영업,0,2017-08-10 11:04:03,2017-08-10,23.00,121-870,서울특별시 마포구 염리동 10-122 1층,N,1,3130000-205-2017-00003,3130000,"서울특별시 마포구 숭문길 196, 1층 (염리동)",04122,0,01,영업/정상,운동화전문세탁업,02-718-8285,1,,1,,2
0,,0,월드컵명품세탁소,일반세탁업,,,,,190186.074762743,452282.784860958,2026-05-06 22:43:58,I,01,영업,0,2017-08-16 13:28:53,2017-08-16,28.86,121-904,서울특별시 마포구 상암동 1643 상암월드컵파크3단지 상가동 203호,N,0,3130000-205-2017-00005,3130000,"서울특별시 마포구 월드컵로 338, 상가동동 203호 (상암동, 상암월드컵파크3단지)",03911,0,01,영업/정상,일반세탁업,02-308-1113,2,,2,,2
0,임대,0,크린토피아 코인워시 합정역점,세탁업 기타,,,,,192248.367259313,449365.725555308,2026-05-06 22:43:58,I,01,영업,1,2018-02-09 09:47:09,2018-02-09,61.95,121-897,서울특별시 마포구 합정동 370-26 1층 101호,N,0,3130000-205-2018-00001,3130000,"서울특별시 마포구 성지길 49, 1층 101호 (합정동)",04083,0,01,영업/정상,세탁업 기타,02-336-1998,1,,1,,7
0,임대,0,워시엔조이 셀프빨래방 마포연남점,빨래방업,,,,,192853.412532218,450979.087270176,2026-05-06 22:43:58,I,01,영업,1,2024-09-27 06:37:37,2018-05-02,50.00,121-869,서울특별시 마포구 연남동 562-23 1층 101호,Y,0,3130000-205-2018-00005,3130000,"서울특별시 마포구 연남로5길 43, 1층 101호 (연남동)",03987,0,01,영업/정상,빨래방업,,1,,,,7
0,임대,0,현대크리닝,일반세탁업,,,,,194099.619415814,449074.568654973,2026-05-06 22:43:58,I,01,영업,0,2018-06-15 10:18:04,2018-06-15,37.31,121-120,서울특별시 마포구 현석동 44 1층,N,1,3130000-205-2018-00007,3130000,"서울특별시 마포구 신수로 25, 1층 (현석동)",04092,0,01,영업/정상,일반세탁업,02-713-7005,1,,1,,3
0,임대,0,하루세탁,빨래방업,,,,,194711.550282994,449256.966048063,2026-05-06 22:43:59,I,01,영업,1,2025-01-20 10:55:32,2018-10-05,27.09,121-810,서울특별시 마포구 대흥동 330-2 드림빌딩 106호,N,0,3130000-205-2018-00008,3130000,"서울특별시 마포구 독막로38길 22, 드림빌딩 1층 106호 (대흥동)",04150,0,01,영업/정상,빨래방업,02-719-1991,1,,1,,3
0,,0,크린토피아,일반세탁업,,,,,194711.550282994,449256.966048063,2026-05-06 22:43:58,I,01,영업,0,2025-12-02 14:00:54,2019-01-31,27.09,121-810,서울특별시 마포구 대흥동 330-2 드림빌딩 107호,N,0,3130000-205-2019-00001,3130000,"서울특별시 마포구 독막로38길 22, 드림빌딩 107호 (대흥동)",04150,0,01,영업/정상,일반세탁업,,0,0,0,0,0
0,,0,상암명품세탁소,일반세탁업,,,,,190097.791838986,452827.150591544,2026-05-06 22:43:58,I,01,영업,0,2019-04-02 15:56:17,2019-04-02,33.32,121-904,서울특별시 마포구 상암동 1655 상암 월드컵파크 4단지 상가 206호,N,0,3130000-205-2019-00002,3130000,"서울특별시 마포구 월드컵북로 381, 상가동 206호 (상암동, 상암 월드컵파크 4단지)",03907,0,01,영업/정상,일반세탁업,02-309-5588,1,,1,,0
0,,0,신촌숲 탑 크리닝,일반세탁업,,,,,194134.552742402,449869.274982304,2026-05-06 22:43:59,I,01,영업,0,2019-09-27 14:47:25,2019-09-27,50.40,121-854,서울특별시 마포구 신수동 93-102 신촌숲아이파크 301동 지하1층 129호,N,0,3130000-205-2019-00004,3130000,"서울특별시 마포구 광성로 17, 301동 지하1층 129호 (신수동, 신촌숲아이파크)",04094,1,01,영업/정상,일반세탁업,02-706-1130,,1,,1,2
0,,0,신성드라이크리닝,일반세탁업,,,,,194229.892091743,449894.090010439,2026-05-06 22:43:58,I,01,영업,0,2024-09-27 06:39:55,2019-10-28,33.21,121-766,서울특별시 마포구 신수동 450 신촌삼익아파트,N,0,3130000-205-2019-00005,3130000,"서울특별시 마포구 신수로 107, 상가동 1층 104호 (신수동, 신촌삼익아파트)",04095,1,01,영업/정상,일반세탁업,02-362-7371,,,,,1
1,자가,0,양지세탁 얼룩빼기 전문점,일반세탁업,,,,,192012.45649531,450784.40039352,2026-05-06 22:43:59,I,01,영업,0,2020-03-10 11:41:46,2020-01-28,25.20,121-847,서울특별시 마포구 성산동 250-3 시티하임Ⅱ 101호,N,0,3130000-205-2020-00001,3130000,"서울특별시 마포구 월드컵로26길 48, 1층 101호 (성산동, 시티하임Ⅱ)",03971,0,01,영업/정상,일반세탁업,,,,,,0
1,임대,0,그랑자이 세탁소,일반세탁업,,,,,195024.767399686,450346.134756933,2026-05-06 22:43:58,I,01,영업,0,2020-04-14 13:50:29,2020-04-14,35.20,121-808,서울특별시 마포구 대흥동 17-5 신촌그랑자이,N,0,3130000-205-2020-00003,3130000,"서울특별시 마포구 대흥로 175, 4동 1층 103호 (대흥동, 신촌그랑자이)",04105,1,01,영업/정상,일반세탁업,,,,,,2
0,임대,0,삼성세탁,일반세탁업,,,,,195228.918161534,449634.74859808,2026-05-06 22:43:59,I,01,영업,0,2021-10-21 12:56:06,2021-10-21,24.86,121-874,서울특별시 마포구 염리동 520 염리삼성래미안 상가동 2층 206호 전체,N,0,3130000-205-2021-00001,3130000,"서울특별시 마포구 숭문길 58, 염리삼성래미안 상가동 2층 206호 (염리동)",04139,1,01,영업/정상,일반세탁업,02-703-8285,2,,2,,2
2,임대,1,현대세탁사,일반세탁업,,,,,191867.91753962,451584.096440656,2026-05-06 22:43:58,I,01,영업,0,2021-12-03 12:08:04,2021-12-03,33.00,121-845,서울특별시 마포구 성산동 200-258 1층 일부,N,0,3130000-205-2021-00003,3130000,"서울특별시 마포구 월드컵북로27길 23, 1층 (성산동)",03948,1,01,영업/정상,일반세탁업,02-303-7414,1,,1,,2
18,임대,2,기름이 맑은세탁,일반세탁업,,,,,194974.587674037,448229.063825491,2026-05-06 22:43:59,I,01,영업,0,2022-07-04 15:43:04,2022-07-04,23.00,121-703,서울특별시 마포구 마포동 350 강변한신코아빌딩 1층 106호 일부,N,0,3130000-205-2022-00001,3130000,"서울특별시 마포구 마포대로4다길 18, 강변한신코아빌딩 1층 106호 (마포동)",04177,0,01,영업/정상,일반세탁업,02-2678-9883,1,,1,,1
4,임대,1,꽃길,세탁업 기타,,,,,194214.6595073,450052.404643884,2026-05-06 22:43:59,I,01,영업,0,2022-07-12 11:40:42,2022-07-12,60.62,121-807,서울특별시 마포구 노고산동 109-135 1층 일부(우측),N,0,3130000-205-2022-00002,3130000,"서울특별시 마포구 서강로16길 21, 1층 (노고산동)",04109,15,01,영업/정상,세탁업 기타,02-1599-1041,1,,1,,15
0,임대,0,마마운동화이불빨래방,운동화전문세탁업,,,,,191518.882707322,450764.795740471,2026-05-06 22:43:58,I,01,영업,0,2022-11-25 11:48:12,2022-11-25,24.00,121-827,서울특별시 마포구 망원동 425-48 1층 북서측호,N,0,3130000-205-2022-00003,3130000,"서울특별시 마포구 망원로7길 39, 1층 북서측호 (망원동)",03964,0,01,영업/정상,운동화전문세탁업,02-322-8482,1,,1,,2
0,임대,0,백성세탁소,일반세탁업,,,,,192099.740228282,451838.173564093,2026-05-06 22:43:58,I,01,영업,0,2023-01-06 11:36:00,2023-01-06,79.23,121-878,서울특별시 마포구 중동 325 1층 102호,N,0,3130000-205-2023-00001,3130000,"서울특별시 마포구 성암로3길 19, 1층 102호 (중동)",03951,1,01,영업/정상,일반세탁업,,1,,1,,2
0,,0,은혜세탁소,일반세탁업,,,,,193678.781655765,450168.882607852,2026-05-06 22:43:58,I,01,영업,0,2024-09-27 06:41:51,2023-03-03,67.73,121-880,서울특별시 마포구 창전동 6-42 1층 104호,N,0,3130000-205-2023-00002,3130000,"서울특별시 마포구 와우산로 140, 1층 104호 (창전동)",04059,3,01,영업/정상,일반세탁업,,,,,,3
0,,0,명품세탁소,일반세탁업,,,,,189520.465145926,453685.460423342,2026-05-06 22:43:58,I,01,영업,0,2023-07-31 11:48:22,2023-07-31,67.52,121-270,서울특별시 마포구 상암동 1736 상암월드컵파크10단지 205호,N,0,3130000-205-2023-00003,3130000,"서울특별시 마포구 월드컵북로 502-36, 2층 205호 (상암동, 상암월드컵파크10단지)",03918,0,01,영업/정상,일반세탁업,,,,,,2
0,임대,0,삼성,일반세탁업,,,,,195614.865103655,449366.926256986,2026-05-06 22:43:59,I,01,영업,0,2023-12-28 09:24:18,2023-12-28,22.61,121-804,서울특별시 마포구 공덕동 371 공덕삼성아파트 상가동 318호,N,0,3130000-205-2023-00004,3130000,"서울특별시 마포구 마포대로 115-8, 상가동 3층 318호 (공덕동, 공덕삼성아파트)",04145,1,01,영업/정상,일반세탁업,,3,,3,,3
5,임대,1,이지 런드리(EZ Laundry),일반세탁업,,,,,191795.708367195,451701.082834729,2026-05-06 22:43:58,I,01,영업,0,2025-03-26 17:37:08,2025-03-26,196.78,121-845,"서울특별시 마포구 성산동 200-67 한영빌딩, 지층",N,0,3130000-205-2025-00001,3130000,"서울특별시 마포구 새터산16길 8, 한영빌딩 지층 (성산동)",03947,0,01,영업/정상,일반세탁업,,0,1,0,1,3
,,,현대사,일반세탁업,,,,,202266.448738483,457691.802407444,2026-05-06 22:34:18,I,01,영업,,2024-12-19 10:34:57,1987-07-08,26.00,142-815,서울특별시 강북구 미아동 318-5 성북프라자 107호,N,,3080000-205-1987-01775,3080000,"서울특별시 강북구 도봉로33길 18, 107호 (미아동, 성북프라자)",01175,,01,영업/정상,일반세탁업,02-980-4683,,,,,
,,,신성사,일반세탁업,,,,,202453.551682827,457039.326759067,2026-05-06 22:34:18,I,01,영업,,2024-12-19 17:08:20,1987-07-15,23.00,142-805,서울특별시 강북구 미아동 460-57,N,,3080000-205-1987-01782,3080000,서울특별시 강북구 솔샘로64길 39 (미아동),01205,,01,영업/정상,일반세탁업,02-988-6923,,,,,
,,,슬기사,일반세탁업,,,,,202071.42685795,458500.2544658,2026-05-06 22:34:18,I,01,영업,,2024-12-19 10:43:31,1987-12-05,11.00,142-810,서울특별시 강북구 미아동 215-12,N,,3080000-205-1987-01791,3080000,서울특별시 강북구 도봉로61길 12 (미아동),01118,,01,영업/정상,일반세탁업,02-945-2975,,,,,
,,,백양사,일반세탁업,,,,,202141.887427099,458005.036801345,2026-05-06 22:34:18,I,01,영업,,2024-12-19 17:02:09,1987-09-07,71.41,142-812,서울특별시 강북구 미아동 305-21,N,,3080000-205-1987-01794,3080000,서울특별시 강북구 솔매로44길 33 (미아동),01170,,01,영업/정상,일반세탁업,02-0980-7407,,,,,
,,,태창사,일반세탁업,,,,,202273.97210289,457894.11022289,2026-05-06 22:34:19,I,01,영업,,2024-12-19 17:10:49,1987-07-08,14.00,142-814,서울특별시 강북구 미아동 310-42,N,,3080000-205-1987-01799,3080000,서울특별시 강북구 솔샘로67길 142 (미아동),01171,,01,영업/정상,일반세탁업,02-0982-1281,,,,,
,,,정학사,일반세탁업,,,,,201572.983515913,457576.362841212,2026-05-06 22:34:25,I,01,영업,,2024-12-19 17:07:28,1987-07-08,16.00,142-821,서울특별시 강북구 미아동 791-2338,N,,3080000-205-1987-01835,3080000,서울특별시 강북구 솔샘로47나길 4 (미아동),01189,,01,영업/정상,일반세탁업,02-0983-1937,,,,,
,,,새서울사,일반세탁업,,,,,202706.794305086,459346.085823713,2026-05-06 22:34:25,I,01,영업,,2019-08-13 10:48:07,1987-06-04,12.00,142-864,서울특별시 강북구 번동 412-55,N,,3080000-205-1987-01851,3080000,서울특별시 강북구 한천로123길 8 (번동),01066,,01,영업/정상,일반세탁업,02-0903-6347,,,,,
0,,0,백조세탁소,일반세탁업,,,,,202109.957698736,460446.928861391,2026-05-06 22:34:26,I,01,영업,,2024-12-19 10:25:23,1987-09-23,29.25,142-888,서울특별시 강북구 수유동 723-13,N,,3080000-205-1987-01884,3080000,서울특별시 강북구 노해로 125 (수유동),01050,,01,영업/정상,일반세탁업,02-905-2964,,,,,0
0,,0,이화사,일반세탁업,,,,,202384.563039036,459537.60905181,2026-05-06 22:34:26,I,01,영업,,2017-06-28 11:19:18,1987-07-09,15.63,142-864,서울특별시 강북구 번동 416-95,N,,3080000-205-1987-01904,3080000,서울특별시 강북구 덕릉로41길 93 (번동),01064,,01,영업/정상,일반세탁업,02-902-9125,0,0,0,0,0
,,,김치수뷰티크리닝,일반세탁업,,,,,201369.089229443,459276.271474037,2026-05-06 22:34:26,I,01,영업,,2024-12-19 11:06:42,1987-06-27,15.00,142-870,서울특별시 강북구 수유동 413-31,N,,3080000-205-1987-01974,3080000,서울특별시 강북구 삼양로89길 17 (수유동),01090,,01,영업/정상,일반세탁업,02-903-4396,,,,,
,,,백운사,일반세탁업,,,,,200914.263533482,459364.824511527,2026-05-06 22:34:26,I,01,영업,,2025-01-09 10:05:28,1987-12-05,26.80,142-885,서울특별시 강북구 수유동 518-36,N,,3080000-205-1987-01984,3080000,서울특별시 강북구 인수봉로55길 29 (수유동),01024,,01,영업/정상,일반세탁업,02-907-2269,,,,,
,,,백조사,일반세탁업,,,,,201096.94350712,460847.85580713,2026-05-06 22:34:27,I,01,영업,,2007-01-11 00:00:00,1987-07-18,38.18,142-892,서울특별시 강북구 우이동 72-147,N,,3080000-205-1987-01988,3080000,서울특별시 강북구 삼양로 529 (우이동),01010,,01,영업/정상,일반세탁업,02-0993-1208,,,,,
,,,삼원사,일반세탁업,,,,,201281.087086447,459789.979184212,2026-05-06 22:34:28,I,01,영업,,2024-12-19 10:57:07,1987-07-18,13.00,142-884,서울특별시 강북구 수유동 391-137,N,,3080000-205-1987-02004,3080000,서울특별시 강북구 삼각산로 100 (수유동),01083,,01,영업/정상,일반세탁업,02-0906-2754,,,,,
,,,현대세탁소,일반세탁업,,,,,201342.736325686,459055.708432556,2026-05-06 22:34:28,I,01,영업,,2024-12-19 10:29:30,1987-07-18,28.93,142-886,서울특별시 강북구 수유동 472-57,N,,3080000-205-1987-02013,3080000,서울특별시 강북구 덕릉로 22 (수유동),01098,,01,영업/정상,일반세탁업,02-0983-5360,,,,,
,,,쌍문사,일반세탁업,,,,,201978.74520033,460444.109581359,2026-05-06 22:34:28,I,01,영업,,2024-12-19 10:27:40,1987-09-08,21.00,142-888,서울특별시 강북구 수유동 721-4,N,,3080000-205-1987-02016,3080000,서울특별시 강북구 노해로33길 24 (수유동),01050,,01,영업/정상,일반세탁업,02-902-4833,,,,,
,,,대성사,일반세탁업,,,,,201050.350915051,461538.019857051,2026-05-06 22:34:28,I,01,영업,,2024-12-19 10:57:42,1987-07-25,20.00,142-892,서울특별시 강북구 우이동 56-48,N,,3080000-205-1987-02035,3080000,서울특별시 강북구 삼양로155길 10 (우이동),01005,,01,영업/정상,일반세탁업,02-904-0296,,,,,
0,,0,경일사,일반세탁업,,,,,191391.958443981,450779.821526907,2026-05-06 22:43:51,I,01,영업,,2009-08-12 11:26:20,1987-06-10,18.06,121-826,서울특별시 마포구 망원동 475-35,N,,3130000-205-1987-01566,3130000,서울특별시 마포구 포은로 140 (망원동),03964,,01,영업/정상,일반세탁업,02-324-6049,0,0,,,
0,,0,수경사,일반세탁업,,,,,191805.276942783,450725.838513949,2026-05-06 22:43:51,I,01,영업,,2023-05-31 15:10:53,1987-06-10,16.83,121-847,서울특별시 마포구 성산동 252-30,N,,3130000-205-1987-01574,3130000,서울특별시 마포구 월드컵로26길 2 (성산동),03971,1,01,영업/정상,일반세탁업,02-335-4846,0,0,0,0,0
,,,성산사,일반세탁업,,,,,192310.210603883,451254.119204811,2026-05-06 22:43:52,I,01,영업,,2023-05-31 15:11:18,1987-06-10,14.80,121-844,서울특별시 마포구 성산동 108-1,N,,3130000-205-1987-01584,3130000,서울특별시 마포구 월드컵북로 114 (성산동),03973,,01,영업/정상,일반세탁업,02-336-0354,,,,,
0,임대,0,모범사,일반세탁업,,,,,191214.186730917,450898.093933699,2026-05-06 22:43:35,I,01,영업,,2024-10-03 07:08:52,1987-06-10,25.89,121-824,서울특별시 마포구 망원동 436-29 1층 일부,N,,3130000-205-1987-01585,3130000,"서울특별시 마포구 월드컵로31길 67, 1층 (망원동)",03960,0,01,영업/정상,일반세탁업,02-333-1958,1,0,1,0,0
0,,0,신생사,일반세탁업,,,,,195039.728135079,450118.77203714,2026-05-06 22:43:52,I,01,영업,,2018-12-20 17:59:45,1987-06-26,15.84,121-809,서울특별시 마포구 대흥동 20-24,N,,3130000-205-1987-01587,3130000,서울특별시 마포구 대흥로21길 19 (대흥동),04106,,01,영업/정상,일반세탁업,02-718-9680,0,0,,,
0,,0,도화사,일반세탁업,,,,,195417.22247371,448617.406236022,2026-05-06 22:43:48,I,01,영업,,2023-05-31 15:11:55,1987-06-26,12.02,121-812,서울특별시 마포구 도화동 7-5,N,,3130000-205-1987-01612,3130000,서울특별시 마포구 도화2안길 5 (도화동),04171,1,01,영업/정상,일반세탁업,02-719-9909,0,0,0,0,0
0,,0,진주사,일반세탁업,,,,,194995.732422339,448929.725317861,2026-05-06 22:43:48,I,01,영업,,2023-05-31 15:12:22,1987-06-26,21.15,121-874,서울특별시 마포구 염리동 174-18 엘지상가,N,,3130000-205-1987-01614,3130000,"서울특별시 마포구 큰우물로 49, 엘지상가 (염리동)",04154,1,01,영업/정상,일반세탁업,02-716-1905,0,0,0,0,0
0,,0,대한사,일반세탁업,,,,,195055.732330352,449721.316262321,2026-05-06 22:43:48,I,01,영업,,2023-05-31 15:12:51,1987-06-26,42.66,121-809,서울특별시 마포구 대흥동 35 1층,N,,3130000-205-1987-01615,3130000,"서울특별시 마포구 대흥로20안길 18, 1층 (대흥동)",04136,,01,영업/정상,일반세탁업,02-712-2664,0,0,,,
,,,친절사,일반세탁업,,,,,192347.299690671,449375.733074278,2026-05-06 22:43:49,I,01,영업,,2023-05-31 15:13:57,1987-06-26,13.44,121-897,서울특별시 마포구 합정동 370-4,N,,3130000-205-1987-01626,3130000,서울특별시 마포구 성지3길 22 (합정동),04083,,01,영업/정상,일반세탁업,02-324-3019,,,,,
2,,0,제일사,일반세탁업,,,,,192442.318140428,450610.833473119,2026-05-06 22:43:49,I,01,영업,,2021-05-14 09:31:32,1987-06-26,23.10,121-841,서울특별시 마포구 서교동 455-17 1층 일부,N,,3130000-205-1987-01630,3130000,"서울특별시 마포구 월드컵북로7길 52, 1층 (서교동)",03998,1,01,영업/정상,일반세탁업,02-333-6161,1,0,1,0,0
,,,삼보사,일반세탁업,,,,,201633.702508115,459617.036419484,2026-05-06 22:34:29,I,01,영업,,2024-12-19 16:58:29,1987-09-07,15.00,142-872,서울특별시 강북구 수유동 28-13,N,,3080000-205-1987-02055,3080000,서울특별시 강북구 삼양로98길 37 (수유동),01076,,01,영업/정상,일반세탁업,02-903-6579,,,,,
,,,형제사,일반세탁업,,,,,202202.091675514,459248.468952434,2026-05-06 22:34:29,I,01,영업,,2024-12-19 17:14:01,1987-09-08,13.50,142-867,서울특별시 강북구 번동 443-4,N,,3080000-205-1987-02061,3080000,서울특별시 강북구 오패산로67길 43 (번동),01069,,01,영업/정상,일반세탁업,02-0902-1318,,,,,
,,,백양사,일반세탁업,,,,,202496.150377654,460013.944322334,2026-05-06 22:34:29,I,01,영업,,2022-10-17 15:44:16,1987-07-15,26.00,142-876,서울특별시 강북구 수유동 169-1,N,,3080000-205-1987-02064,3080000,서울특별시 강북구 한천로140길 67 (수유동),01055,,01,영업/정상,일반세탁업,02-905-0715,,,,,
,,,백설사,일반세탁업,,,,,202417.40229901,458144.909217687,2026-05-06 22:34:29,I,01,영업,,2024-12-19 10:36:18,1987-10-24,28.00,142-807,서울특별시 강북구 미아동 124-22,N,,3080000-205-1987-02070,3080000,서울특별시 강북구 도봉로50길 28 (미아동),01157,,01,영업/정상,일반세탁업,02-982-9032,,,,,
,,,백광사,일반세탁업,,,,,202645.794114487,457295.827482221,2026-05-06 22:34:29,I,01,영업,,2024-12-19 10:33:39,1987-08-06,22.00,142-809,서울특별시 강북구 미아동 138-26,N,,3080000-205-1987-02077,3080000,서울특별시 강북구 도봉로18길 19 (미아동),01165,,01,영업/정상,일반세탁업,02-987-3175,,,,,
,,,대영사,일반세탁업,,,,,202316.02131855,457105.490373588,2026-05-06 22:34:29,I,01,영업,,2024-12-19 10:33:07,1988-03-18,18.00,142-805,서울특별시 강북구 미아동 449-22,N,,3080000-205-1988-01751,3080000,서울특별시 강북구 도봉로13나길 28 (미아동),01206,,01,영업/정상,일반세탁업,02-0981-7918,,,,,
,,,으뜸세탁,일반세탁업,,,,,201283.689572512,458514.844440864,2026-05-06 22:34:30,I,01,영업,,2025-01-09 10:04:12,1988-09-15,18.94,142-875,서울특별시 강북구 수유동 486-222 102호,N,,3080000-205-1988-02008,3080000,"서울특별시 강북구 인수봉로28길 39, 102호 (수유동)",01101,,01,영업/정상,일반세탁업,02-0989-3417,,,,,
,,,우주사,일반세탁업,,,,,202801.116330909,459555.867666908,2026-05-06 22:34:30,I,01,영업,,2024-12-19 10:52:22,1988-02-10,19.00,142-865,서울특별시 강북구 번동 459-20,N,,3080000-205-1988-02027,3080000,서울특별시 강북구 도봉로96길 86-1 (번동),01059,,01,영업/정상,일반세탁업,02-0905-0977,,,,,
,,,대영사,일반세탁업,,,,,201101.005051824,461795.889637783,2026-05-06 22:34:30,I,01,영업,,2022-12-12 18:02:15,1988-10-26,24.00,142-892,서울특별시 강북구 우이동 45-2,N,,3080000-205-1988-02058,3080000,서울특별시 강북구 삼양로163길 7 (우이동),01005,,01,영업/정상,일반세탁업,02-906-6030,,,,,
,,,명동사,일반세탁업,,,,,201803.847839867,460503.315658379,2026-05-06 22:34:30,I,01,영업,,2024-12-19 10:28:17,1989-12-23,33.00,142-888,서울특별시 강북구 수유동 726-4 지상1층,N,,3080000-205-1989-01967,3080000,"서울특별시 강북구 노해로33길 61 (수유동,지상1층)",01045,,01,영업/정상,일반세탁업,02-994-2811,,,,,
,,,백조사,일반세탁업,,,,,202574.567101889,459742.824375479,2026-05-06 22:34:30,I,01,영업,,2024-12-19 10:51:58,1989-11-25,23.00,142-868,서울특별시 강북구 번동 462-106,N,,3080000-205-1989-02018,3080000,서울특별시 강북구 도봉로96길 26 (번동),01058,,01,영업/정상,일반세탁업,02-0907-5415,,,,,
,,,백광사,일반세탁업,,,,,201730.306272828,460538.183728397,2026-05-06 22:34:30,I,01,영업,,2024-12-19 10:27:05,1989-07-24,22.00,142-888,서울특별시 강북구 수유동 703-16,N,,3080000-205-1989-02032,3080000,서울특별시 강북구 노해로27길 78 (수유동),01045,,01,영업/정상,일반세탁업,02-900-5262,,,,,
,,,백양사,일반세탁업,,,,,202062.776522983,457230.005132972,2026-05-06 22:34:30,I,01,영업,,2024-12-19 17:07:56,1990-06-22,15.00,142-817,서울특별시 강북구 미아동 403-105,N,,3080000-205-1990-01750,3080000,서울특별시 강북구 솔샘로60길 25 (미아동),01203,,01,영업/정상,일반세탁업,02-980-3448,,,,,
,,,국제사,일반세탁업,,,,,202104.073531337,456949.497196173,2026-05-06 22:34:30,I,01,영업,,2012-08-03 09:50:14,1990-08-17,26.40,142-805,서울특별시 강북구 미아동 439-206,N,,3080000-205-1990-01756,3080000,"서울특별시 강북구 삼양로20길 45, 1층 (미아동)",01208,,01,영업/정상,일반세탁업,02-980-4902,,,,,
0,,0,세탁하기좋은날,일반세탁업,,,,,201159.489416578,458798.824924799,2026-05-06 22:34:31,I,01,영업,,2025-06-24 09:59:02,1990-12-17,120.00,142-886,서울특별시 강북구 수유동 468-40,N,,3080000-205-1990-02012,3080000,"서울특별시 강북구 인수봉로 132, 지하층 (수유동)",01100,0,01,영업/정상,일반세탁업,02-986-2045,0,1,0,1,0
,,,광명세탁,일반세탁업,,,,,202540.482433932,459309.732479977,2026-05-06 22:34:31,I,01,영업,,2025-01-09 10:01:43,1990-12-13,13.00,142-864,서울특별시 강북구 번동 414-15,N,,3080000-205-1990-02019,3080000,서울특별시 강북구 한천로123가길 5 (번동),01066,,01,영업/정상,일반세탁업,02-902-4098,,,,,
,,,우리사,일반세탁업,,,,,201718.165455625,459747.079151235,2026-05-06 22:34:31,I,01,영업,,2024-12-19 10:26:27,1990-06-29,26.00,142-872,서울특별시 강북구 수유동 32-36,N,,3080000-205-1990-02053,3080000,"서울특별시 강북구 노해로15길 40, 1층 (수유동)",01076,,01,영업/정상,일반세탁업,02-0907-0992,,,,,
,,,장미사,일반세탁업,,,,,203012.577023871,458251.981225612,2026-05-06 22:34:31,I,01,영업,,2024-12-02 17:45:02,1992-08-24,18.00,142-860,서울특별시 강북구 번동 148-194,N,,3080000-205-1992-01763,3080000,서울특별시 강북구 오현로25다길 51 (번동),01150,,01,영업/정상,일반세탁업,02-0981-8424,,,,,
,,,백영사,일반세탁업,,,,,201980.276652086,458532.407116646,2026-05-06 22:34:32,I,01,영업,,2024-12-19 10:45:40,1992-10-13,26.40,142-810,서울특별시 강북구 미아동 217-91,N,,3080000-205-1992-01786,3080000,서울특별시 강북구 도봉로63길 18 (미아동),01118,,01,영업/정상,일반세탁업,02-981-6974,,,,,
0,,0,백마사,일반세탁업,,,,,201045.611312321,457292.961457264,2026-05-06 22:34:32,I,01,영업,,2024-12-19 11:00:34,1992-08-24,28.00,142-100,서울특별시 강북구 미아동 1353 SK(아)단지내 부상가 206호,N,,3080000-205-1992-01830,3080000,"서울특별시 강북구 삼양로19길 157, 206호 (미아동, SK(아) 부상가)",01192,0,01,영업/정상,일반세탁업,02-945-9803,0,0,0,0,0
,,,한양세탁,일반세탁업,2025-12-29,,,,210114.813592851,444339.513905272,2026-05-06 22:34:26,I,02,폐업,,2025-12-29 16:37:03,2005-07-08,25.00,138-854,서울특별시 송파구 송파동 180 지상1층,N,,3230000-205-2005-00015,3230000,"서울특별시 송파구 송파대로36길 32, 지상1층 (송파동)",05678,,03,폐업,일반세탁업,02-443-1979,2,,2,,2
,,,대흥사,일반세탁업,,,,,208407.37371852,444806.128722949,2026-05-06 22:35:01,I,01,영업,,2005-07-20 00:00:00,2003-02-27,.00,138-840,서울특별시 송파구 삼전동 126-0,N,,3230000-205-1987-02705,3230000,서울특별시 송파구 백제고분로31길 32 (삼전동),05602,,01,영업/정상,일반세탁업,02-0417-3726,,,,,
,,,뉴 월드사,일반세탁업,,,,,208083.24370318,444920.505076547,2026-05-06 22:35:17,I,01,영업,,2011-06-17 13:47:58,2003-02-27,.00,138-837,서울특별시 송파구 삼전동 26-18,N,,3230000-205-1987-02758,3230000,서울특별시 송파구 백제고분로23길 30 (삼전동),05600,,01,영업/정상,일반세탁업,02-0422-0153,,,,,
,,,명동사,일반세탁업,,,,,209665.067950896,445646.679759104,2026-05-06 22:35:03,I,01,영업,,2005-07-20 00:00:00,2003-02-27,.00,138-829,서울특별시 송파구 방이동 71-9,N,,3230000-205-1987-02780,3230000,서울특별시 송파구 올림픽로32길 36 (방이동),05549,,01,영업/정상,일반세탁업,02-416-7726,,,,,
,,,장미사,일반세탁업,,,,,208707.089897534,446299.352775446,2026-05-06 22:35:06,I,01,영업,,2013-12-23 13:31:12,2003-02-27,21.35,138-934,서울특별시 송파구 신천동 7-0 장미A상가 2동 214호,N,,3230000-205-1987-02797,3230000,"서울특별시 송파구 올림픽로35길 124 (신천동, 장미아파트 A상가2동214호)",05504,,01,영업/정상,일반세탁업,02-423-9945,,,,,
,,,백곰사,일반세탁업,,,,,209329.256114624,444375.009457575,2026-05-06 22:35:06,I,01,영업,,2022-05-17 11:34:27,2003-02-27,24.00,138-846,서울특별시 송파구 석촌동 272-1,N,,3230000-205-1987-02818,3230000,"서울특별시 송파구 가락로15길 7-1, 1층 103호 (석촌동)",05688,,01,영업/정상,일반세탁업,02-0423-9914,,,,,
,,,은혜사,일반세탁업,,,,,209814.185978717,444992.22203177,2026-05-06 22:35:04,I,01,영업,,2005-09-14 00:00:00,2003-02-27,.00,138-851,서울특별시 송파구 송파동 117-0,N,,3230000-205-1987-02841,3230000,서울특별시 송파구 백제고분로44길 12 (송파동),05669,,01,영업/정상,일반세탁업,02-0413-9884,,,,,
,,,백양세탁,일반세탁업,,,,,209865.363176414,445147.899854318,2026-05-06 22:35:04,I,01,영업,,2005-07-21 00:00:00,2003-02-27,.00,138-852,서울특별시 송파구 송파동 137-8,N,,3230000-205-1987-02843,3230000,서울특별시 송파구 백제고분로46길 9 (송파동),05662,,01,영업/정상,일반세탁업,02-0414-2969,,,,,
,,,퍼펙트 크리닝,일반세탁업,,,,,210407.537549406,448533.609644264,2026-05-06 22:35:10,I,01,영업,,2007-07-19 09:16:56,2003-02-27,.00,138-872,서울특별시 송파구 풍납동 88-15,N,,3230000-205-1987-02848,3230000,서울특별시 송파구 바람드리5길 16 (풍납동),05513,,01,영업/정상,일반세탁업,02-0474-8560,,,,,
,,,현대 세탁소,일반세탁업,,,,,207733.269329991,444896.657859935,2026-05-06 22:34:27,I,01,영업,,2005-07-21 00:00:00,2003-02-27,.00,138-864,서울특별시 송파구 잠실동 246-4 1층,N,,3230000-205-1987-02853,3230000,"서울특별시 송파구 삼전로9길 9 (잠실동,1층)",05567,,01,영업/정상,일반세탁업,02-0414-5115,,,,,
,,,현대사,일반세탁업,,,,,208652.935686673,444356.869739848,2026-05-06 22:35:05,I,01,영업,,2005-07-21 00:00:00,2003-02-27,.00,138-845,서울특별시 송파구 석촌동 212-5,N,,3230000-205-1987-02855,3230000,서울특별시 송파구 백제고분로34길 14 (석촌동),05679,,01,영업/정상,일반세탁업,02-417-3468,,,,,
,,,잠실명품크리닝,일반세탁업,,,,,207135.295103874,445023.359991844,2026-05-06 22:35:15,I,01,영업,,2011-12-15 10:11:28,2003-02-27,33.00,138-863,서울특별시 송파구 잠실동 224-7 101호,N,,3230000-205-1987-02876,3230000,"서울특별시 송파구 올림픽로10길 48-1, 101호 (잠실동)",05570,,01,영업/정상,일반세탁업,02-0412-3685,,,,,
,,,제일사,일반세탁업,,,,,210264.563981294,447459.242238036,2026-05-06 22:35:04,I,01,영업,,2020-05-11 12:26:58,2003-02-27,42.90,138-879,서울특별시 송파구 풍납동 405-2,N,,3230000-205-1987-02879,3230000,서울특별시 송파구 토성로15길 3-3 (풍납동),05531,,01,영업/정상,일반세탁업,02-487-2182,,,,,
0,,0,파크호텔세탁소,일반세탁업,,,,,212609.377447603,441586.029967716,2026-05-06 22:35:20,I,01,영업,,2019-12-31 15:59:32,1987-05-12,33.80,138-926,서울특별시 송파구 장지동 895,N,,3230000-205-1987-03094,3230000,"서울특별시 송파구 위례광장로 270, 그린생활시설y동 1층 119호 (장지동, 송파와이즈더샵)",05852,,01,영업/정상,일반세탁업,031-745-7447,0,0,,,
,,,새서울세탁소,일반세탁업,,,,,211531.753173381,443847.708199267,2026-05-06 22:35:19,I,01,영업,,2023-06-05 11:04:42,1987-06-19,39.60,138-810,서울특별시 송파구 가락동 164-5,N,,3230000-205-1987-03095,3230000,"서울특별시 송파구 동남로17길 11, 1층 (가락동)",05820,,01,영업/정상,일반세탁업,02-814-8194,1,,1,,1
,,,유미사,일반세탁업,,,,,211900.023246443,443803.126494202,2026-05-06 22:35:02,I,01,영업,,2014-09-04 15:25:52,2003-02-27,26.00,138-811,서울특별시 송파구 가락동 174-8 지상1층,N,,3230000-205-1988-02703,3230000,"서울특별시 송파구 오금로44길 11, 1층 (가락동)",05769,,01,영업/정상,일반세탁업,02-0408-6375,,,,,
,,,수진사,일반세탁업,,,,,208575.519070141,444699.95835484,2026-05-06 22:35:02,I,01,영업,,2005-07-21 00:00:00,2003-02-27,.00,138-842,서울특별시 송파구 석촌동 6-5,N,,3230000-205-1988-02704,3230000,서울특별시 송파구 삼학사로18길 5 (석촌동),05612,,01,영업/정상,일반세탁업,02-0403-5620,,,,,
,,,라운드리,일반세탁업,,,,,208589.363343145,445455.90405262,2026-05-06 22:35:01,I,01,영업,,2025-02-11 15:32:51,2003-02-27,.00,138-915,서울특별시 송파구 잠실동 40-1 지하3층,N,,3230000-205-1988-02710,3230000,"서울특별시 송파구 올림픽로 240, 지하3층 (잠실동)",05554,,01,영업/정상,일반세탁업,02-0419-7000,,,,,
,,,동백세탁소,일반세탁업,,,,,209754.929421747,445771.34572749,2026-05-06 22:34:52,I,01,영업,,2005-07-21 00:00:00,2003-02-27,83.16,138-829,서울특별시 송파구 방이동 98,N,,3230000-205-1988-02718,3230000,서울특별시 송파구 올림픽로32길 19-36 (방이동),05547,,01,영업/정상,일반세탁업,02-0420-6993,,,,,
,,,백양세탁,일반세탁업,,,,,209568.816317316,444307.032127093,2026-05-06 22:35:19,I,01,영업,,2024-03-14 12:52:43,2003-02-27,43.20,138-847,서울특별시 송파구 석촌동 297-39 지상1층,N,,3230000-205-1988-02747,3230000,"서울특별시 송파구 송파대로37길 30, 지상1층 (석촌동)",05697,,01,영업/정상,일반세탁업,02-400-6040,,,,,
,,,석촌사,일반세탁업,,,,,208945.414338133,444218.739630623,2026-05-06 22:35:07,I,01,영업,,2016-06-28 10:46:46,2003-02-27,.00,138-845,서울특별시 송파구 석촌동 242-4,N,,3230000-205-1989-02660,3230000,서울특별시 송파구 가락로5길 7 (석촌동),05691,,01,영업/정상,일반세탁업,02-0412-6332,,,,,
,,,신우사,일반세탁업,,,,,210591.355843488,448176.432092651,2026-05-06 22:35:02,I,01,영업,,2010-12-22 15:20:44,2003-02-27,.00,138-873,서울특별시 송파구 풍납동 152-76,N,,3230000-205-1989-02676,3230000,서울특별시 송파구 풍성로25다길 3 (풍납동),05521,,01,영업/정상,일반세탁업,02-0478-4362,,,,,
,,,칠성사,일반세탁업,,,,,213036.723954419,443294.751928921,2026-05-06 22:35:02,I,01,영업,,2005-07-21 00:00:00,2003-02-27,.00,138-815,서울특별시 송파구 거여동 548,N,,3230000-205-1989-02677,3230000,서울특별시 송파구 오금로64나길 10 (거여동),05777,,01,영업/정상,일반세탁업,02-406-0068,,,,,
,,,라이프세탁,일반세탁업,,,,,208707.089897534,446299.352775446,2026-05-06 22:35:02,I,01,영업,,2013-12-23 13:36:50,2003-02-27,.00,138-934,서울특별시 송파구 신천동 7 장미 B상가 211호,N,,3230000-205-1989-02683,3230000,"서울특별시 송파구 올림픽로35길 112 (신천동, 장미아파트B상가211호)",05504,,01,영업/정상,일반세탁업,02-0423-5259,,,,,
,,,한국세탁,일반세탁업,,,,,210160.56239438,444201.504023806,2026-05-06 22:35:02,I,01,영업,,2014-09-05 13:34:35,2003-02-27,30.00,138-854,서울특별시 송파구 송파동 183-8 지상1층,N,,3230000-205-1989-02685,3230000,"서울특별시 송파구 송파대로36가길 17, 지상1층 (송파동)",05678,,01,영업/정상,일반세탁업,02-0402-5778,,,,,
,,,한일사,일반세탁업,,,,,210042.050016062,445036.28060846,2026-05-06 22:35:02,I,01,영업,,2005-09-14 00:00:00,2003-02-27,.00,138-852,서울특별시 송파구 송파동 144-3,N,,3230000-205-1989-02690,3230000,서울특별시 송파구 백제고분로46길 31 (송파동),05663,,01,영업/정상,일반세탁업,02-0420-2395,,,,,
,,,백성사,일반세탁업,,,,,211141.896944214,443411.561959657,2026-05-06 22:34:58,I,01,영업,,2005-07-21 00:00:00,2003-02-27,16.50,138-807,서울특별시 송파구 가락동 133-10,N,,3230000-205-1990-02586,3230000,서울특별시 송파구 동남로11길 20 (가락동),05827,,01,영업/정상,일반세탁업,02-407-7103,,,,,
,,,백성사,일반세탁업,,,,,211290.596153282,445226.867048882,2026-05-06 22:34:58,I,01,영업,,2012-12-17 14:22:09,2003-02-27,9.99,138-855,서울특별시 송파구 오금동 20-1 지상1층,N,,3230000-205-1990-02588,3230000,"서울특별시 송파구 양재대로72길 16, 지상1층 (오금동)",05656,,01,영업/정상,일반세탁업,02-402-0414,,,,,
,,,은혜사,일반세탁업,,,,,210492.711926541,445643.889981483,2026-05-06 22:34:59,I,01,영업,,2005-07-21 00:00:00,2003-02-27,15.12,138-830,서울특별시 송파구 방이동 168-17,N,,3230000-205-1990-02591,3230000,서울특별시 송파구 백제고분로50길 43 (방이동),05628,,01,영업/정상,일반세탁업,02-416-9157,,,,,
,,,지명사,일반세탁업,,,,,212134.827534762,444193.481289172,2026-05-06 22:34:56,I,01,영업,,2010-04-16 10:31:47,2003-02-27,126.18,138-860,서울특별시 송파구 오금동 154-15,N,,3230000-205-1990-02600,3230000,서울특별시 송파구 성내천로14길 11 (오금동),05740,,01,영업/정상,일반세탁업,02-0404-6590,,,,,
,,,현대세탁,일반세탁업,,,,,209726.884002074,445333.11700143,2026-05-06 22:35:08,I,01,영업,,2005-07-20 00:00:00,2003-02-27,165.68,138-849,서울특별시 송파구 송파동 50-9,N,,3230000-205-1990-02621,3230000,서울특별시 송파구 오금로18길 5 (송파동),05620,,01,영업/정상,일반세탁업,02-412-3064,,,,,
,,,삼전세탁,일반세탁업,,,,,208019.709604953,444267.803579515,2026-05-06 22:35:08,I,01,영업,,2016-01-07 16:00:45,2003-02-27,11.77,138-838,서울특별시 송파구 삼전동 65-9,N,,3230000-205-1990-02624,3230000,서울특별시 송파구 백제고분로28길 27 (삼전동),05590,,01,영업/정상,일반세탁업,02-0419-0064,,,,,
,,,단골사,일반세탁업,,,,,211778.735699452,443541.606406414,2026-05-06 22:35:08,I,01,영업,,2005-07-21 00:00:00,2003-02-27,99.30,138-812,서울특별시 송파구 가락동 187-9,N,,3230000-205-1990-02630,3230000,서울특별시 송파구 문정로11길 20 (가락동),05782,,01,영업/정상,일반세탁업,02-0448-5847,,,,,
,,,은혜세탁,일반세탁업,,,,,212491.405364999,444014.60527602,2026-05-06 22:35:08,I,01,영업,,2006-02-14 00:00:00,2003-02-27,23.10,138-813,서울특별시 송파구 거여동 5-16,N,,3230000-205-1990-02631,3230000,서울특별시 송파구 성내천로18길 12-1 (거여동),05736,,01,영업/정상,일반세탁업,02-0448-7667,,,,,
,,,공주사,일반세탁업,,,,,210629.180661576,448038.291539748,2026-05-06 22:35:08,I,01,영업,,2005-07-21 00:00:00,2003-02-27,77.19,138-873,서울특별시 송파구 풍납동 491-1,N,,3230000-205-1990-02632,3230000,서울특별시 송파구 올림픽로57길 7 (풍납동),05520,,01,영업/정상,일반세탁업,02-0474-9345,,,,,
0,,0,백조사,일반세탁업,,,,,210045.748264305,442930.687284628,2026-05-06 22:35:07,I,01,영업,,2013-07-19 16:03:38,2003-02-27,23.10,138-885,서울특별시 송파구 문정동 150 호돌이상가 지상1층 103호,N,,3230000-205-1990-02635,3230000,"서울특별시 송파구 중대로 24, 지상1층 103호 (문정동, 호돌이상가)",05834,0,01,영업/정상,일반세탁업,02-404-5363,1,0,1,0,1
,,,선경사,일반세탁업,,,,,210774.395304083,442920.761946994,2026-05-06 22:35:08,I,01,영업,,2005-07-21 00:00:00,2003-02-27,.00,138-825,서울특별시 송파구 문정동 44-9,N,,3230000-205-1990-02645,3230000,서울특별시 송파구 동남로2길 9 (문정동),05805,,01,영업/정상,일반세탁업,02-408-8871,,,,,
,,,혜민사,일반세탁업,,,,,210952.627222126,442559.407557274,2026-05-06 22:35:08,I,01,영업,,2015-06-08 16:55:28,2003-02-27,115.83,138-826,서울특별시 송파구 문정동 60-6,N,,3230000-205-1990-02647,3230000,서울특별시 송파구 송파대로18길 7-1 (문정동),05807,,01,영업/정상,일반세탁업,02-401-0832,,,,,
,,,하얀사,일반세탁업,,,,,210711.224768987,443936.646397027,2026-05-06 22:35:07,I,01,영업,,2005-09-14 00:00:00,2003-02-27,.00,138-802,서울특별시 송파구 가락동 52-7,N,,3230000-205-1990-02670,3230000,서울특별시 송파구 송이로19길 5 (가락동),05714,,01,영업/정상,일반세탁업,02-0400-7870,,,,,
,,,은하사,일반세탁업,,,,,213795.835875629,443318.249008627,2026-05-06 22:34:59,I,01,영업,,2005-07-20 00:00:00,2003-02-27,35.10,138-821,서울특별시 송파구 마천동 329-30 (1층),N,,3230000-205-1990-03074,3230000,"서울특별시 송파구 성내천로 325 (마천동,(1층))",05762,,01,영업/정상,일반세탁업,02-448-0260,,,,,
,,,현대사,일반세탁업,,,,,213010.753370845,444078.664823955,2026-05-06 22:34:54,I,01,영업,,2005-07-21 00:00:00,2003-02-27,.00,138-818,서울특별시 송파구 마천동 120-5,N,,3230000-205-1991-03021,3230000,서울특별시 송파구 마천로39길 16 (마천동),05755,,01,영업/정상,일반세탁업,02-404-6198,,,,,
,,,한강사,일반세탁업,,,,,211266.598802933,444959.891111782,2026-05-06 22:34:54,I,01,영업,,2005-07-21 00:00:00,2003-02-27,.00,138-856,서울특별시 송파구 오금동 41-9,N,,3230000-205-1991-03024,3230000,서울특별시 송파구 마천로8길 19 (오금동),05659,,01,영업/정상,일반세탁업,02-0404-6700,,,,,
,,,한강세탁소,일반세탁업,,,,,212650.418028885,443013.887195707,2026-05-06 22:34:18,I,01,영업,,2005-09-22 00:00:00,2003-02-27,.00,138-110,서울특별시 송파구 거여동 293 거여4단지 아파트 406동상가  103호,N,,3230000-205-1991-03048,3230000,"서울특별시 송파구 양산로4길 8 (거여동,거여4단지 아파트 406동상가  103호)",05787,,01,영업/정상,일반세탁업,02-400-5330,,,,,
,,,효성세탁소,일반세탁업,,,,,210068.709244252,445895.515259907,2026-05-06 22:34:29,I,01,영업,,2013-12-23 13:45:30,2003-02-27,19.40,138-828,서울특별시 송파구 방이동 51-02 지하상가 B1  119호,N,,3230000-205-1991-03049,3230000,"서울특별시 송파구 백제고분로 501 (방이동, 지하상가B1 119호)",05545,,01,영업/정상,일반세탁업,02-0422-1416,,,,,
,,,백영사,일반세탁업,,,,,208187.623477261,445589.718583334,2026-05-06 22:34:53,I,01,영업,,2005-07-21 00:00:00,2003-02-27,.00,138-916,서울특별시 송파구 잠실동 27-6 5단지상가 3층동 319호,N,,3230000-205-1991-03055,3230000,"서울특별시 송파구 올림픽로 203, 3층동 319호 (잠실동,5단지상가)",05503,,01,영업/정상,일반세탁업,02-414-3939,,,,,
,,,현대사,일반세탁업,,,,,212713.286760893,444007.190288148,2026-05-06 22:35:00,I,01,영업,,2013-05-24 17:26:49,2003-02-27,.00,138-813,서울특별시 송파구 거여동 128-15 지상1층,N,,3230000-205-1991-03060,3230000,"서울특별시 송파구 오금로53길 50, 지상1층 (거여동)",05735,,01,영업/정상,일반세탁업,02-0431-2823,,,,,
,,,한양세탁,일반세탁업,,,,,208153.865301632,444642.452937264,2026-05-06 22:34:59,I,01,영업,,2023-12-28 11:50:10,2003-02-27,19.80,138-839,서울특별시 송파구 삼전동 103-8,N,,3230000-205-1991-03086,3230000,"서울특별시 송파구 백제고분로27길 10, 1층 (삼전동)",05604,,01,영업/정상,일반세탁업,02-417-6821,,,,,
,,,래미안 명품세탁,일반세탁업,,,,,211611.3536395,444006.154467815,2026-05-06 22:35:19,I,01,영업,,2020-12-16 10:57:15,2003-02-27,30.00,138-810,서울특별시 송파구 가락동 165 래미안파크팰리스 상가,N,,3230000-205-1991-03087,3230000,"서울특별시 송파구 동남로 227, 래미안파크팰리스 상가 1층 114호 (가락동)",05820,,01,영업/정상,일반세탁업,02-449-0391,,,,,
,,,백성 명품 크리닝,일반세탁업,,,,,209953.199606404,448113.567155547,2026-05-06 22:35:21,I,01,영업,,2019-08-06 15:49:42,2003-02-27,23.10,138-877,서울특별시 송파구 풍납동 203-19,N,,3230000-205-1992-02961,3230000,"서울특별시 송파구 풍성로 6, 1층 (풍납동)",05525,,01,영업/정상,일반세탁업,02-422-3383,,,,,
,,,SKY명품세탁,일반세탁업,2026-04-30,,,,207053.654109318,445132.409819111,2026-05-06 22:35:11,I,02,폐업,,2026-04-30 15:53:09,2003-02-27,29.70,138-862,서울특별시 송파구 잠실동 198-4 (1층),N,,3230000-205-1992-02973,3230000,"서울특별시 송파구 석촌호수로12길 52 (잠실동,(1층))",05562,,03,폐업,일반세탁업,02-417-2081,,,,,
,,,백성세탁,일반세탁업,,,,,208674.454997649,444118.833842654,2026-05-06 22:35:09,I,01,영업,,2013-06-13 15:28:04,2003-02-27,19.70,138-845,서울특별시 송파구 석촌동 227 지상1층,N,,3230000-205-1992-02980,3230000,"서울특별시 송파구 백제고분로34길 35, 지상1층 (석촌동)",05691,,01,영업/정상,일반세탁업,02-412-1823,,,,,
,,,대우세탁,일반세탁업,,,,,211233.250878951,442809.167803478,2026-05-06 22:34:33,I,01,영업,,2005-07-21 00:00:00,2003-02-27,.00,138-824,서울특별시 송파구 문정동 14-5,N,,3230000-205-1992-02993,3230000,서울특별시 송파구 문정로5길 17-19 (문정동),05797,,01,영업/정상,일반세탁업,02-443-4453,,,,,
0,임대,0,현대 세탁소,일반세탁업,,,,,207765.345117075,444230.811991104,2026-05-06 22:35:22,I,01,영업,0,2022-10-12 15:28:29,2020-05-21,24.91,138-838,서울특별시 송파구 삼전동 39 현대아파트,N,0,3230000-205-2020-00006,3230000,"서울특별시 송파구 백제고분로22길 37, 현대아파트 1층 103호 (삼전동)",05595,1,01,영업/정상,일반세탁업,,1,,1,,1
0,임대,0,거여 파워 명품세탁,일반세탁업,,,,,212899.338951049,442943.338506955,2026-05-06 22:35:19,I,01,영업,0,2020-12-24 13:52:36,2020-12-24,39.00,138-110,서울특별시 송파구 거여동 295 거여6단지아파트,N,0,3230000-205-2020-00011,3230000,"서울특별시 송파구 양산로2길 38, 상가 101-2호 (거여동, 거여6단지아파트)",05789,1,01,영업/정상,일반세탁업,,1,,1,,1
0,임대,0,구두수선.운동화빨래방,운동화전문세탁업,,,,,207738.684481531,444299.035916761,2026-05-06 22:35:19,I,01,영업,0,2021-02-15 09:19:47,2021-02-15,25.00,138-838,서울특별시 송파구 삼전동 40,N,0,3230000-205-2021-00002,3230000,"서울특별시 송파구 백제고분로22길 33, 1층 (삼전동)",05595,1,01,영업/정상,운동화전문세탁업,,1,,1,,1
0,임대,0,현대세탁소,일반세탁업,,,,,209699.732038203,444731.118589596,2026-05-06 22:35:19,I,01,영업,0,2021-06-16 14:15:32,2021-06-16,31.85,138-850,서울특별시 송파구 송파동 91-17,N,0,3230000-205-2021-00003,3230000,"서울특별시 송파구 가락로21길 31, 1층 102호 (송파동)",05667,0,01,영업/정상,일반세탁업,,1,,1,,1
0,,0,운동화 이불 빠는 날,운동화전문세탁업,,,,,213523.631762485,443884.077303995,2026-05-06 22:35:19,I,01,영업,0,2021-12-08 15:11:20,2021-12-08,33.00,138-820,서울특별시 송파구 마천동 190-27,N,0,3230000-205-2021-00005,3230000,"서울특별시 송파구 마천로51길 40, 1층 2호 (마천동)",05758,1,01,영업/정상,운동화전문세탁업,,,,,,1
0,임대,0,크린홈,일반세탁업,,,,,208648.435932928,444561.035152708,2026-05-06 22:35:19,I,01,영업,0,2021-12-10 16:24:55,2021-12-10,69.75,138-842,서울특별시 송파구 석촌동 13-13,N,0,3230000-205-2021-00006,3230000,"서울특별시 송파구 삼학사로14길 14-1, 101호,102호 (석촌동)",05613,2,01,영업/정상,일반세탁업,,1,,1,,3
0,,0,럭키 세탁소,일반세탁업,,,,,208853.600352589,444458.036691859,2026-05-06 22:35:19,I,01,영업,0,2022-08-22 10:02:32,2022-08-22,23.10,138-845,서울특별시 송파구 석촌동 245-4,N,0,3230000-205-2022-00002,3230000,"서울특별시 송파구 가락로5길 33, 1층 101호 (석촌동)",05680,1,01,영업/정상,일반세탁업,,1,,1,,1
0,,0,헬리오 명품세탁소,일반세탁업,,,,,209412.197809542,443928.783342251,2026-05-06 22:35:19,I,01,영업,0,2022-08-26 11:13:54,2022-08-26,28.26,138-160,서울특별시 송파구 가락동 913 헬리오시티,N,0,3230000-205-2022-00003,3230000,"서울특별시 송파구 송파대로 345, 그린생활시설 1B동 지하1층 155호 (가락동, 헬리오시티)",05698,1,01,영업/정상,일반세탁업,,,1,,1,2
0,,0,현대세탁소,일반세탁업,,,,,212403.643733203,443417.837902915,2026-05-06 22:35:19,I,01,영업,0,2022-12-05 14:03:55,2022-12-05,16.65,138-816,서울특별시 송파구 거여동 362 현대아파트,N,0,3230000-205-2022-00004,3230000,"서울특별시 송파구 오금로54길 10, 103, 104호 (거여동, 현대아파트)",05771,1,01,영업/정상,일반세탁업,,,,,,1
0,,0,현대 명품 세탁,일반세탁업,,,,,211908.776682936,443163.745015781,2026-05-06 22:35:19,I,01,영업,0,2024-01-17 16:37:24,2024-01-17,.00,138-200,서울특별시 송파구 문정동 145 문정시영아파트상가,N,0,3230000-205-2024-00001,3230000,"서울특별시 송파구 송이로31길 52, 문정시영아파트상가 1층 107호 (문정동)",05786,1,01,영업/정상,일반세탁업,,,,,,2
0,,0,송파시니어클럽 버블세탁소,일반세탁업,,,,,209636.916608671,444858.989436237,2026-05-06 22:35:19,I,01,영업,0,2024-01-22 14:49:10,2024-01-17,82.00,138-851,서울특별시 송파구 송파동 113-2 송파여성문화회관,N,0,3230000-205-2024-00002,3230000,"서울특별시 송파구 백제고분로42길 5, 송파여성문화회관 4층 (송파동)",05666,4,01,영업/정상,일반세탁업,02-424-1255,,,,,4
0,,0,파인항균세탁,일반세탁업,,,,,211474.833458827,441716.229439967,2026-05-06 22:35:19,I,01,영업,0,2024-04-01 13:08:51,2024-04-01,34.56,138-925,서울특별시 송파구 장지동 856 송파파인타운10단지,N,0,3230000-205-2024-00003,3230000,"서울특별시 송파구 송파대로8길 20, 202호 (장지동, 송파파인타운10단지)",05813,1,01,영업/정상,일반세탁업,,,,,,2
0,,0,한양세탁소,일반세탁업,,,,,208317.419891103,445894.98085039,2026-05-06 22:35:19,I,01,영업,0,2025-01-09 17:41:38,2025-01-09,40.07,138-916,서울특별시 송파구 잠실동 27 잠실주공아파트,N,0,3230000-205-2025-00001,3230000,"서울특별시 송파구 송파대로 567, 2층 제201-가호내 제2층호 (잠실동, 잠실주공아파트)",05503,1,01,영업/정상,일반세탁업,,,,,,1
0,,0,키즈리턴 세탁,일반세탁업,,,,,212563.050500552,441406.981434166,2026-05-06 22:35:19,I,01,영업,0,2025-04-16 10:47:19,2025-04-16,50.80,138-926,서울특별시 송파구 장지동 896 위례중앙푸르지오2단지,N,0,3230000-205-2025-00002,3230000,"서울특별시 송파구 위례광장로 290, 상가동 1층 132호 (장지동, 위례중앙푸르지오2단지)",05852,2,01,영업/정상,일반세탁업,,1,,,,2
0,,0,모아사,일반세탁업,,,,,210340.826709555,447840.280039071,2026-05-06 22:35:19,I,01,영업,0,2025-06-16 14:27:52,2025-06-16,28.00,138-874,서울특별시 송파구 풍납동 231-21,N,0,3230000-205-2025-00003,3230000,"서울특별시 송파구 올림픽로51길 31, 1층 (풍납동)",05532,1,01,영업/정상,일반세탁업,,,,,,2
0,,0,서울송파지역자활센터(따뜻한 빨래터),일반세탁업,,,,,212721.851392853,443595.751962782,2026-05-06 22:35:19,I,01,영업,0,2025-06-20 16:01:02,2025-06-20,90.00,138-813,서울특별시 송파구 거여동 174-4 대화빌딩,N,0,3230000-205-2025-00004,3230000,"서울특별시 송파구 거마로 13, 1층 (거여동)",05744,2,01,영업/정상,일반세탁업,,,,,,2
0,,0,코인워시 송파삼전호수점,빨래방업,,,,,208378.058421945,444811.316666732,2026-05-06 22:35:19,I,01,영업,0,2025-07-14 10:02:57,2025-07-14,46.24,138-840,서울특별시 송파구 삼전동 113-8,N,0,3230000-205-2025-00005,3230000,"서울특별시 송파구 백제고분로31길 31, 104호 (삼전동)",05601,3,01,영업/정상,빨래방업,,,,,,3
0,,0,파워 명품 세탁소,일반세탁업,2026-04-24,,,,,,2026-05-06 22:35:19,I,02,폐업,0,2026-04-24 15:26:22,2025-12-11,50.22,138-888,서울특별시 송파구 문정동 639-5 힐스테이트에코송파,N,0,3230000-205-2025-00006,3230000,"서울특별시 송파구 정의로7길 13, 힐스테이트에코송파 1층 130호 (문정동)",05835,1,03,폐업,일반세탁업,,,,,,1
0,,0,EVERYDAY 새신발세탁소,운동화전문세탁업,2025-12-29,,,,208194.202952444,446000.543751385,2026-05-06 22:35:19,I,02,폐업,0,2025-12-29 13:36:00,2021-01-13,25.05,138-916,서울특별시 송파구 잠실동 27-2 주공아파트,N,0,3230000-205-2021-00001,3230000,"서울특별시 송파구 잠실로 15, 1층 2호 (잠실동)",05503,1,03,폐업,운동화전문세탁업,,,,,,2
,,,제일세탁,일반세탁업,,,,,210045.748264305,442930.687284628,2026-05-06 22:34:30,I,01,영업,,2005-07-21 00:00:00,2003-02-27,.00,138-885,서울특별시 송파구 문정동 150 훼밀리(아) 호순이상가 204호,N,,3230000-205-2003-00064,3230000,"서울특별시 송파구 중대로 24 (문정동,훼밀리(아) 호순이상가 204호)",05834,,01,영업/정상,일반세탁업,02-401-7573,,,,,
,,,백양사,일반세탁업,,,,,208548.19135796,444260.08022155,2026-05-06 22:34:29,I,01,영업,,2005-07-21 00:00:00,2003-02-27,.00,138-845,서울특별시 송파구 석촌동 215-9,N,,3230000-205-2003-00066,3230000,서울특별시 송파구 삼학사로10길 5 (석촌동),05679,,01,영업/정상,일반세탁업,02-414-7663,,,,,
,,,아남세탁,일반세탁업,,,,,212780.755745814,444261.78281416,2026-05-06 22:34:29,I,01,영업,,2009-08-14 17:14:38,2003-02-27,.00,138-817,서울특별시 송파구 마천동 20-6,N,,3230000-205-2003-00070,3230000,서울특별시 송파구 마천로35길 13 (마천동),05733,,01,영업/정상,일반세탁업,02-443-4715,,,,,
,,,백합사,일반세탁업,,,,,210282.478607038,445741.888861314,2026-05-06 22:34:29,I,01,영업,,2005-07-21 00:00:00,2003-02-27,.00,138-830,서울특별시 송파구 방이동 175-7,N,,3230000-205-2003-00071,3230000,서울특별시 송파구 백제고분로50길 19 (방이동),05627,,01,영업/정상,일반세탁업,02-418-4473,,,,,
,,,삼성세탁,일반세탁업,,,,,208707.089897534,446299.352775446,2026-05-06 22:34:33,I,01,영업,,2013-12-23 14:06:58,2003-02-27,.00,138-934,서울특별시 송파구 신천동 7 장미B상가 219호,N,,3230000-205-2003-00077,3230000,"서울특별시 송파구 올림픽로35길 112 (신천동, 장미아파트B상가219호)",05504,,01,영업/정상,일반세탁업,02-422-3426,,,,,
,,,백광세탁,일반세탁업,,,,,210422.574505583,443987.754829695,2026-05-06 22:34:34,I,01,영업,,2008-12-03 16:38:02,2003-02-27,.00,138-804,서울특별시 송파구 가락동 91-10,N,,3230000-205-2003-00091,3230000,서울특별시 송파구 양재대로62길 18 (가락동),05711,,01,영업/정상,일반세탁업,02-402-8995,,,,,
,,,캠브리지세탁,일반세탁업,,,,,210821.88195506,445490.718810581,2026-05-06 22:34:34,I,01,영업,,2005-07-21 00:00:00,2003-02-27,.00,138-834,서울특별시 송파구 방이동 193-31,N,,3230000-205-2003-00092,3230000,서울특별시 송파구 양재대로71길 36 (방이동),05637,,01,영업/정상,일반세탁업,02-422-9242,,,,,
,,,큐,일반세탁업,,,,,211105.493085487,443095.853323074,2026-05-06 22:34:28,I,01,영업,,2005-07-21 00:00:00,2003-06-02,.00,138-824,서울특별시 송파구 문정동 7,N,,3230000-205-2003-00102,3230000,서울특별시 송파구 송이로28길 9 (문정동),05796,,01,영업/정상,일반세탁업,02-448-2353,,,,,
,,,레이크팰리스 세탁소,일반세탁업,,,,,208105.938904596,445043.97737109,2026-05-06 22:35:20,I,01,영업,,2016-10-04 15:41:53,2003-02-27,28.00,138-915,서울특별시 송파구 잠실동 44-3,N,,3230000-205-2003-00105,3230000,"서울특별시 송파구 석촌호수로 135, 209,210호 (잠실동, 레이크팰리스 상가)",05607,,01,영업/정상,일반세탁업,02-414-6617,,,,,
,,,쌍용 세탁,일반세탁업,,,,,210334.58191272,447229.829463482,2026-05-06 22:35:20,I,01,영업,,2016-01-20 13:16:13,2003-02-27,33.00,138-879,서울특별시 송파구 풍납동 401-1,N,,3230000-205-2003-00111,3230000,"서울특별시 송파구 올림픽로47길 9, 9호 (풍납동)",05538,,01,영업/정상,일반세탁업,02-486-7881,,,,,
,,,현대세탁,일반세탁업,,,,,210440.282511104,447466.879214999,2026-05-06 22:34:28,I,01,영업,,2005-07-21 00:00:00,2003-02-27,.00,138-879,서울특별시 송파구 풍납동 413-1 현대(아)상가,N,,3230000-205-2003-00116,3230000,"서울특별시 송파구 올림픽로 525 (풍납동,현대(아)상가)",05530,,01,영업/정상,일반세탁업,02-472-4604,,,,,
,,,국제세탁,일반세탁업,,,,,211834.079335928,443488.453242124,2026-05-06 22:34:29,I,01,영업,,2005-07-20 00:00:00,2003-02-27,.00,138-812,서울특별시 송파구 가락동 185-5,N,,3230000-205-2003-00117,3230000,서울특별시 송파구 문정로11길 12 (가락동),05782,,01,영업/정상,일반세탁업,02-409-1914,,,,,
,,,현대세탁,일반세탁업,,,,,210247.704064266,445407.250335161,2026-05-06 22:34:29,I,01,영업,,2013-06-07 15:01:49,2003-02-27,30.00,138-832,서울특별시 송파구 방이동 141-6 지상1층,N,,3230000-205-2003-00119,3230000,"서울특별시 송파구 오금로23길 25, 지상1층 (방이동)",05633,,01,영업/정상,일반세탁업,02-413-6486,,,,,
,,,이태리세탁,일반세탁업,,,,,210645.909994655,445563.528704879,2026-05-06 22:34:29,I,01,영업,,2007-03-22 00:00:00,2003-02-27,.00,138-833,서울특별시 송파구 방이동 166-18,N,,3230000-205-2003-00121,3230000,서울특별시 송파구 가락로42길 13 (방이동),05636,,01,영업/정상,일반세탁업,02-424-2959,,,,,
,,,수경사,일반세탁업,,,,,207754.944944432,444423.821030541,2026-05-06 22:34:28,I,01,영업,,2005-07-21 00:00:00,2003-02-27,.00,138-838,서울특별시 송파구 삼전동 34-4,N,,3230000-205-2003-00123,3230000,서울특별시 송파구 백제고분로22길 22 (삼전동),05593,,01,영업/정상,일반세탁업,02-417-6566,,,,,
,,,그린세탁,일반세탁업,,,,,211986.297245596,446156.529775445,2026-05-06 22:34:29,I,01,영업,,2005-07-21 00:00:00,2003-02-27,.00,138-829,서울특별시 송파구 방이동 89 올림픽(아) F상가 102호,N,,3230000-205-2003-00128,3230000,"서울특별시 송파구 양재대로 1218 (방이동,올림픽(아) F상가 102호)",05649,,01,영업/정상,일반세탁업,02-449-0065,,,,,
,,,프라자세탁,일반세탁업,,,,,211986.297245596,446156.529775445,2026-05-06 22:34:29,I,01,영업,,2005-07-21 00:00:00,2003-02-27,.00,138-829,서울특별시 송파구 방이동 89 올림픽(아) 프라자상가 3층2호,N,,3230000-205-2003-00129,3230000,"서울특별시 송파구 양재대로 1218 (방이동,올림픽(아) 프라자상가 3층2호)",05649,,01,영업/정상,일반세탁업,02-401-5666,,,,,
,,,유림사,일반세탁업,,,,,210194.323888361,447906.297359597,2026-05-06 22:34:28,I,01,영업,,2005-07-21 00:00:00,2003-07-18,.00,138-874,서울특별시 송파구 풍납동 228-4,N,,3230000-205-2003-00134,3230000,서울특별시 송파구 풍성로14길 14 (풍납동),05526,,01,영업/정상,일반세탁업,02-474-3278,,,,,
5,임대,,삼양세탁,일반세탁업,,,,,206397.34797252,444963.233863255,2026-05-06 22:34:27,I,01,영업,,2013-12-23 14:24:23,2003-09-03,67.00,138-892,서울특별시 송파구 잠실동 101-1 우성상가 311호,N,,3230000-205-2003-00140,3230000,"서울특별시 송파구 올림픽로4길 48 (잠실동, 우성아파트 프리마상가311호)",05571,,01,영업/정상,일반세탁업,02-422-2134,3,,3,,
4,,,미래,일반세탁업,,,,,211259.909777857,443711.702922024,2026-05-06 22:34:27,I,01,영업,,2013-12-23 14:26:06,2003-10-30,25.00,138-808,서울특별시 송파구 가락동 140 쌍용(아)27동 202호,N,,3230000-205-2003-00143,3230000,"서울특별시 송파구 동남로 189 (가락동, 가락쌍용아파트27동202호)",05823,,01,영업/정상,일반세탁업,02-406-2341,2,,2,,
0,임대,0,자연과 사람을 위한 세탁,일반세탁업,,,,,209140.885315651,446042.592367722,2026-05-06 22:35:20,I,01,영업,,2015-09-18 17:42:12,2008-07-14,38.55,138-934,서울특별시 송파구 신천동 11-9 한신오피스텔 지상1층 136호,N,,3230000-205-2008-00019,3230000,"서울특별시 송파구 올림픽로35가길 11 (신천동, 한신오피스텔지상1층136호)",05510,,01,영업/정상,일반세탁업,02-416-8511,1,,1,,2
0,임대,0,포스코명품세탁소,일반세탁업,,,,,209160.342515348,446201.867636819,2026-05-06 22:35:11,I,01,영업,,2017-04-03 15:17:43,2008-07-22,53.98,138-934,서울특별시 송파구 신천동 11-8 더샵스타리버B-1  127호,N,,3230000-205-2008-00020,3230000,"서울특별시 송파구 올림픽로35길 93 (신천동,더샵스타리버B-1  127호)",05510,,01,영업/정상,일반세탁업,02-413-3600,,1,,1,2
1,임대,0,새로나세탁소,일반세탁업,,,,,210939.779013793,443013.216501314,2026-05-06 22:35:10,I,01,영업,,2020-01-15 14:43:11,2008-08-20,20.00,138-825,서울특별시 송파구 문정동 29,N,,3230000-205-2008-00021,3230000,"서울특별시 송파구 동남로6길 12, 1층 3호 (문정동)",05804,,01,영업/정상,일반세탁업,,,,,,1
0,임대,0,그린세탁소,일반세탁업,,,,,212782.077867109,442975.231990698,2026-05-06 22:35:11,I,01,영업,,2008-08-26 16:28:35,2008-08-26,21.60,138-110,서울특별시 송파구 거여동 294 거여5단지상가 지상1층101호,N,,3230000-205-2008-00022,3230000,"서울특별시 송파구 양산로4길 16 (거여동,거여5단지상가 지상1층101호)",05788,,01,영업/정상,일반세탁업,02-407-0906,1,,1,,2
0,임대,0,유미,일반세탁업,,,,,207076.817630991,444821.065944761,2026-05-06 22:35:11,I,01,영업,,2017-01-17 13:47:23,2008-09-16,26.40,138-865,서울특별시 송파구 잠실동 295-5,N,,3230000-205-2008-00023,3230000,"서울특별시 송파구 백제고분로12길 8, 104호 (잠실동)",05574,,01,영업/정상,일반세탁업,02-419-0983,1,,1,,1
0,임대,0,서울세탁소,일반세탁업,,,,,211358.758041198,445248.724359252,2026-05-06 22:35:11,I,01,영업,,2019-01-03 16:05:48,2008-09-25,33.12,138-855,서울특별시 송파구 오금동 11 현대백조아파트,N,,3230000-205-2008-00024,3230000,"서울특별시 송파구 양재대로72길 15, 현대백조아파트 2동 1층 103호 (오금동)",05652,,01,영업/정상,일반세탁업,,1,,1,,1
0,임대,0,크린토피아잠실지사,일반세탁업,,,,,208920.64415948,444699.745659167,2026-05-06 22:35:11,I,01,영업,,2009-01-14 13:13:26,2009-01-14,148.00,138-842,서울특별시 송파구 석촌동 58-24 지상1층,N,,3230000-205-2009-00002,3230000,"서울특별시 송파구 백제고분로36가길 15 (석촌동,지상1층)",05614,,01,영업/정상,일반세탁업,02-2202-2020,1,,1,,2
0,임대,0,신동아명품세탁소,일반세탁업,,,,,209708.127928039,445937.543455637,2026-05-06 22:35:11,I,01,영업,,2014-12-14 12:24:15,2009-02-02,23.85,138-827,서울특별시 송파구 방이동 39-2 신동아타워 지상1층 105호,N,,3230000-205-2009-00005,3230000,"서울특별시 송파구 오금로11길 33, 지상1층 105호 (방이동, 신동아타워)",05543,,01,영업/정상,일반세탁업,02-420-8982,1,,1,,1
0,임대,0,파인애플세탁소,일반세탁업,,,,,207373.50021477,445545.656024061,2026-05-06 22:35:11,I,01,영업,,2009-02-11 14:03:23,2009-02-11,26.00,138-908,"서울특별시 송파구 잠실동 19-9 잠실파인애플상가 지하1층 A60,A61호",N,,3230000-205-2009-00006,3230000,"서울특별시 송파구 올림픽로 119 (잠실동,잠실파인애플상가 지하1층 A60,A61호)",05501,1,01,영업/정상,일반세탁업,02-412-3022,,1,,1,2
,임대,,명품세탁소,일반세탁업,,,,,209151.713940169,446519.612162961,2026-05-06 22:35:12,I,01,영업,,2014-12-14 11:57:45,2009-04-01,51.88,138-240,"서울특별시 송파구 신천동 17-4 파크리오상가A동 지하115,116호",N,,3230000-205-2009-00012,3230000,"서울특별시 송파구 올림픽로 435 (신천동,파크리오상가A동 지하115,116호)",05507,1,01,영업/정상,일반세탁업,02-424-1150,1,,1,,1
0,임대,0,백양드라이크리닝,일반세탁업,,,,,208898.516315598,444831.618104023,2026-05-06 22:35:18,I,01,영업,,2020-03-03 10:59:38,2009-07-02,34.00,138-843,서울특별시 송파구 석촌동 155-2 지상1층,N,,3230000-205-2009-00015,3230000,"서울특별시 송파구 석촌호수로18길 15, 지상1층 (석촌동)",05610,1,01,영업/정상,일반세탁업,02-415-3150,,,,,1
0,임대,0,노블레스 명품세탁,일반세탁업,,,,,209933.823276344,446455.526715924,2026-05-06 22:35:19,I,01,영업,,2022-02-25 09:45:56,2009-07-27,54.07,138-240,서울특별시 송파구 신천동 20-6 파크리오,N,,3230000-205-2009-00017,3230000,"서울특별시 송파구 올림픽로35길 10, 상가B동 지하 118,145,146호 (신천동, 파크리오)",05507,1,01,영업/정상,일반세탁업,02-419-0470,,,,,2
1,,0,(주)송파오금크린토피아,일반세탁업,,,,,211826.68000214,444929.825011576,2026-05-06 22:35:19,I,01,영업,,2021-06-18 11:38:20,2009-10-26,202.00,138-858,서울특별시 송파구 오금동 87-10,N,,3230000-205-2009-00019,3230000,"서울특별시 송파구 중대로38길 18, 지하1층 (오금동)",05724,4,01,영업/정상,일반세탁업,02-6326-5341,,,,,2
0,,0,참 좋은 세탁,일반세탁업,,,,,209884.335708781,447565.432250402,2026-05-06 22:35:21,I,01,영업,,2020-03-27 13:12:00,2009-01-22,115.50,138-874,서울특별시 송파구 풍납동 269-10,N,,3230000-205-2009-00023,3230000,"서울특별시 송파구 토성로6길 8, 1층 (풍납동)",05535,,01,영업/정상,일반세탁업,02-427-9884,,,,,1
0,임대,0,벧엘 세탁,일반세탁업,,,,,212333.678772284,444120.516033919,2026-05-06 22:35:11,I,01,영업,,2024-04-01 14:46:20,2010-03-29,46.00,138-859,서울특별시 송파구 오금동 146-5 지상 1층,N,,3230000-205-2010-00002,3230000,"서울특별시 송파구 문정로19길 9 (오금동,지상 1층)",05742,2,01,영업/정상,일반세탁업,,1,0,1,0,2
0,임대,0,호텔명품세탁소,일반세탁업,,,,,207373.50021477,445545.656024061,2026-05-06 22:35:12,I,01,영업,,2014-12-12 18:03:22,2010-05-14,41.53,138-908,서울특별시 송파구 잠실동 19-9 파인애풀상가 2층,N,,3230000-205-2010-00004,3230000,"서울특별시 송파구 올림픽로 119 (잠실동,파인애풀상가 2층)",05501,1,01,영업/정상,일반세탁업,02-417-2788,2,,2,,1
0,,0,거성세탁소,일반세탁업,,,,,213152.75570926,444160.193027127,2026-05-06 22:35:12,I,01,영업,,2017-09-28 11:53:05,2010-07-09,89.00,138-818,서울특별시 송파구 마천동 87-17,N,,3230000-205-2010-00008,3230000,"서울특별시 송파구 마천로51가길 43-6, 1층 (마천동)",05753,1,01,영업/정상,일반세탁업,02-407-3370,,,,,1
,,,잉꼬세탁,일반세탁업,,,,,211388.548494162,442311.350677044,2026-05-06 22:34:55,I,01,영업,,2014-12-12 17:50:50,2003-02-27,585.65,138-200,서울특별시 송파구 문정동 98-3,N,,3230000-205-1992-02998,3230000,서울특별시 송파구 새말로6길 42 (문정동),05799,,01,영업/정상,일반세탁업,02-403-9133,,,,,
,,,그린사,일반세탁업,,,,,207988.824731905,444167.799859011,2026-05-06 22:34:31,I,01,영업,,2005-08-18 00:00:00,2003-02-27,.00,138-838,서울특별시 송파구 삼전동 68-19,N,,3230000-205-1992-03001,3230000,서울특별시 송파구 백제고분로28길 37 (삼전동),05597,,01,영업/정상,일반세탁업,02-417-2683,,,,,
,,,삼일사,일반세탁업,,,,,210278.638277202,444220.702974348,2026-05-06 22:34:55,I,01,영업,,2016-02-11 15:23:58,2003-02-27,121.80,138-854,서울특별시 송파구 송파동 171,N,,3230000-205-1992-03005,3230000,"서울특별시 송파구 송이로12길 17, 지상1층 105호 (송파동, 성지상가)",05678,,01,영업/정상,일반세탁업,02-412-8590,,,,,
,,,우성세탁,일반세탁업,,,,,208380.71845702,444602.428173057,2026-05-06 22:34:55,I,01,영업,,2005-07-21 00:00:00,2003-02-27,33.00,138-840,서울특별시 송파구 삼전동 121,N,,3230000-205-1992-03007,3230000,서울특별시 송파구 백제고분로31길 12 (삼전동),05603,,01,영업/정상,일반세탁업,02-0414-8527,,,,,
,,,혁신종합세탁,일반세탁업,,,,,208335.118279566,444242.997339459,2026-05-06 22:35:08,I,01,영업,,2010-11-01 15:20:49,2003-02-27,131.89,138-841,서울특별시 송파구 삼전동 175-0,N,,3230000-205-1992-03009,3230000,서울특별시 송파구 백제고분로32길 23 (삼전동),05587,,01,영업/정상,일반세탁업,02-413-7238,,,,,
,,,일광사,일반세탁업,,,,,209724.343287306,444543.378733294,2026-05-06 22:34:38,I,01,영업,,2005-07-21 00:00:00,2003-02-27,23.50,138-850,서울특별시 송파구 송파동 95-19,N,,3230000-205-1994-02541,3230000,서울특별시 송파구 가락로19길 9 (송파동),05668,,01,영업/정상,일반세탁업,02-0425-3256,,,,,
,,,한양세탁소,일반세탁업,,,,,209663.792470281,444768.479053968,2026-05-06 22:34:18,I,01,영업,,2021-06-30 16:03:27,2003-02-27,23.40,138-850,서울특별시 송파구 송파동 88-0,N,,3230000-205-1994-02542,3230000,서울특별시 송파구 백제고분로42길 16 (송파동),05667,,01,영업/정상,일반세탁업,02-420-5933,,,,,
,,,현대컴퓨터세탁,일반세탁업,,,,,210256.141192751,447933.58825307,2026-05-06 22:34:40,I,01,영업,,2005-07-22 00:00:00,2003-02-27,21.76,138-874,서울특별시 송파구 풍납동 229-7,N,,3230000-205-1995-02517,3230000,서울특별시 송파구 풍성로16길 8-1 (풍납동),05528,,01,영업/정상,일반세탁업,02-488-8375,,,,,
,,,수지세탁,일반세탁업,,,,,209344.465747481,444346.512002985,2026-05-06 22:34:38,I,01,영업,,2005-07-20 00:00:00,2003-02-27,16.56,138-846,서울특별시 송파구 석촌동 272-18,N,,3230000-205-1995-02545,3230000,서울특별시 송파구 가락로15길 3 (석촌동),05688,,01,영업/정상,일반세탁업,02-0414-8268,,,,,
,,,효성세탁,일반세탁업,,,,,213455.869154313,444070.893749145,2026-05-06 22:34:39,I,01,영업,,2005-07-21 00:00:00,2003-02-27,32.40,138-819,서울특별시 송파구 마천동 167-6 1층동,N,,3230000-205-1995-02547,3230000,"서울특별시 송파구 성내천로34가길 3, 1층동 (마천동)",05750,,01,영업/정상,일반세탁업,02-402-5111,,,,,
,,,퍼펙트세탁소,일반세탁업,,,,,211049.287447183,442171.661862666,2026-05-06 22:34:39,I,01,영업,,2013-12-23 13:48:37,2003-02-27,24.82,138-200,서울특별시 송파구 문정동 72-3,N,,3230000-205-1995-02553,3230000,"서울특별시 송파구 새말로8길 14 (문정동, 건영아파트)",05817,,01,영업/정상,일반세탁업,02-448-6533,,,,,
,,,학사컴퓨터세탁소,일반세탁업,,,,,207053.964667229,444674.651721443,2026-05-06 22:34:49,I,01,영업,,2005-07-21 00:00:00,2003-02-27,18.80,138-865,서울특별시 송파구 잠실동 307-0,N,,3230000-205-1996-02509,3230000,서울특별시 송파구 백제고분로12길 21 (잠실동),05575,,01,영업/정상,일반세탁업,02-423-7821,,,,,
,,,VIP대형 세탁소,일반세탁업,,,,,212862.73508821,443134.847566929,2026-05-06 22:34:25,I,01,영업,,2014-12-12 17:54:40,2003-02-27,39.60,138-110,서울특별시 송파구 거여동 291,N,,3230000-205-1997-02450,3230000,"서울특별시 송파구 양산로8길 18 (거여동, 거여2단지아파트)",05778,,01,영업/정상,일반세탁업,02-400-5255,,,,,
,,,동남세탁,일반세탁업,,,,,211211.107086635,442238.066971295,2026-05-06 22:34:51,I,01,영업,,2005-07-21 00:00:00,2003-02-27,17.60,138-200,서울특별시 송파구 문정동 81-5 (1층),N,,3230000-205-1997-02451,3230000,"서울특별시 송파구 새말로10길 7 (문정동,(1층))",05810,,01,영업/정상,일반세탁업,02-401-5403,,,,,
,,,한강세탁소,일반세탁업,2026-02-13,,,,211059.519718976,443678.555678945,2026-05-06 22:35:15,I,02,폐업,,2026-02-13 10:01:16,1997-05-24,33.00,138-808,서울특별시 송파구 가락동 144-8 1층,N,,3230000-205-1997-02490,3230000,"서울특별시 송파구 중대로16길 20, 1층 (가락동)",05825,,03,폐업,일반세탁업,02-2635-7705,,,,,
,,,백양사,일반세탁업,,,,,207223.253818941,445143.771529554,2026-05-06 22:35:10,I,01,영업,,2005-07-20 00:00:00,2003-02-27,96.00,138-863,서울특별시 송파구 잠실동 218-17 (1층),N,,3230000-205-1998-02422,3230000,"서울특별시 송파구 석촌호수로12길 35-1 (잠실동,(1층))",05563,,01,영업/정상,일반세탁업,02-419-5979,,,,,
,,,으뜸세탁소,일반세탁업,,,,,213653.354731827,443872.953450959,2026-05-06 22:35:10,I,01,영업,,2019-11-22 13:49:44,2003-02-27,.00,138-821,서울특별시 송파구 마천동 356-16,N,,3230000-205-1998-02423,3230000,서울특별시 송파구 성내천로41길 10 (마천동),05749,,01,영업/정상,일반세탁업,02-0443-5680,,,,,
,,,뉴스타세탁소,일반세탁업,,,,,208868.915206729,444835.662848076,2026-05-06 22:34:34,I,01,영업,,2015-12-01 15:45:00,2003-02-27,33.30,138-842,서울특별시 송파구 석촌동 55-14 지상1층,N,,3230000-205-1998-02427,3230000,"서울특별시 송파구 석촌호수로18길 14, 지상1층 (석촌동)",05611,,01,영업/정상,일반세탁업,02-414-0350,,,,,
,,,월드세탁소,일반세탁업,,,,,208194.202952444,446000.543751385,2026-05-06 22:34:34,I,01,영업,,2005-08-04 00:00:00,2003-02-27,37.80,138-916,서울특별시 송파구 잠실동 27-2 상가2층,N,,3230000-205-1998-02429,3230000,"서울특별시 송파구 잠실로 15 (잠실동,상가2층)",05503,,01,영업/정상,일반세탁업,02-418-4205,,,,,
,,,코오롱사,일반세탁업,,,,,210749.224970991,445161.258714865,2026-05-06 22:34:35,I,01,영업,,2005-07-21 00:00:00,2003-02-27,23.84,138-772,서울특별시 송파구 방이동 212-8 코오롱아파트B상가 203호,N,,3230000-205-1998-02434,3230000,"서울특별시 송파구 오금로31길 27 (방이동,코오롱아파트B상가 203호)",05646,,01,영업/정상,일반세탁업,02-417-2959,,,,,
2,,,상아세탁소,일반세탁업,,,,,212020.879871583,443978.656400094,2026-05-06 22:34:24,I,01,영업,,2005-07-20 00:00:00,2004-08-02,49.50,138-738,서울특별시 송파구 오금동 165 상아아파트 상가2층202호,N,,3230000-205-2004-00011,3230000,"서울특별시 송파구 오금로 407 (오금동,상아아파트 상가2층202호)",05741,,01,영업/정상,일반세탁업,,2,,2,,
3,,,서울세탁소,일반세탁업,,,,,206397.34797252,444963.233863255,2026-05-06 22:34:25,I,01,영업,,2013-12-23 14:29:15,2004-08-06,52.80,138-892,서울특별시 송파구 잠실동 101-1 우성(아) B상가 3층,N,,3230000-205-2004-00012,3230000,"서울특별시 송파구 올림픽로4길 40 (잠실동, 우성아파트B상가3층)",05571,,01,영업/정상,일반세탁업,,3,,3,,
1,,,백곰세탁소,일반세탁업,,,,,210137.108317369,445396.999230578,2026-05-06 22:34:25,I,01,영업,,2014-12-30 12:14:39,2004-09-03,39.60,138-830,서울특별시 송파구 방이동 119-12 지상1층,N,,3230000-205-2004-00015,3230000,"서울특별시 송파구 백제고분로48나길 3, 지상1층 (방이동)",05642,,01,영업/정상,일반세탁업,02-415-8096,1,,1,,
2,,,현대세탁소,일반세탁업,,,,,206726.499021996,445188.639267934,2026-05-06 22:34:25,I,01,영업,,2014-12-14 11:49:08,2004-09-07,59.40,138-892,"서울특별시 송파구 잠실동 85 아시아선수촌상가 263,264,270호",N,,3230000-205-2004-00016,3230000,"서울특별시 송파구 올림픽로4길 17 (잠실동,아시아선수촌상가 263,264,270호)",05572,,01,영업/정상,일반세탁업,02-416-6462,2,,2,,
3,,,학사세탁소,일반세탁업,,,,,206726.499021996,445188.639267934,2026-05-06 22:34:25,I,01,영업,,2017-01-11 14:37:37,2004-09-08,52.80,138-892,"서울특별시 송파구 잠실동 85 아시아선수촌상가 236,237,238호",N,,3230000-205-2004-00017,3230000,"서울특별시 송파구 올림픽로4길 17 (잠실동,아시아선수촌상가 236,237,238호)",05572,,01,영업/정상,일반세탁업,02-423-9946,2,,2,,
4,,,극동세탁,일반세탁업,,,,,210377.461670244,448601.324644324,2026-05-06 22:34:23,I,01,영업,,2014-06-26 13:53:03,2004-10-13,49.50,138-040,서울특별시 송파구 풍납동 509 CT상가 205호,N,,3230000-205-2004-00019,3230000,"서울특별시 송파구 한가람로 478 (풍납동,CT상가 205호)",05514,,01,영업/정상,일반세탁업,,2,,2,,
1,,,New 궁전,일반세탁업,,,,,210347.070743819,443830.404153393,2026-05-06 22:35:22,I,01,영업,,2018-04-20 16:23:28,2004-11-02,51.30,138-753,서울특별시 송파구 가락동 96-1 가락우성아파트,N,,3230000-205-2004-00021,3230000,"서울특별시 송파구 송파대로32길 8, 1층 16호, 17호 (가락동, 가락우성아파트)",05711,,01,영업/정상,일반세탁업,02-475-3337,1,,1,,
6,,,황제세탁,일반세탁업,,,,,209331.085732361,445156.584105605,2026-05-06 22:34:25,I,01,영업,,2017-03-22 14:18:05,2004-11-29,39.00,138-848,서울특별시 송파구 송파동 10-7,N,,3230000-205-2004-00023,3230000,"서울특별시 송파구 백제고분로41길 33, 1층 (송파동)",05624,,01,영업/정상,일반세탁업,02-421-8982,1,,1,,
1,,,한솔세탁,일반세탁업,,,,,209183.020364809,444605.102413775,2026-05-06 22:34:25,I,01,영업,,2013-12-23 14:34:08,2004-12-07,34.56,138-847,서울특별시 송파구 석촌동 285 한솔(아)상가102호,N,,3230000-205-2004-00024,3230000,"서울특별시 송파구 가락로11길 36 (석촌동, 잠실한솔아파트상가102호)",05684,,01,영업/정상,일반세탁업,02-420-7779,1,,1,,
46,임대,5,갤러리아 항균세탁,일반세탁업,,,,,208233.926974585,445435.257647797,2026-05-06 22:34:17,I,01,영업,,2017-07-03 17:43:38,2005-02-24,59.05,138-915,서울특별시 송파구 잠실동 40,N,,3230000-205-2005-00002,3230000,"서울특별시 송파구 올림픽로 212, 지하1층 120호 (잠실동, 갤러리아팰리스)",05553,,01,영업/정상,일반세탁업,02-2145-4441,,1,,1,
3,임대,1,모아모아세탁,일반세탁업,,,,,210223.218491189,444582.734842114,2026-05-06 22:34:20,I,01,영업,,2005-07-21 00:00:00,2005-05-09,49.50,138-853,서울특별시 송파구 송파동 163-1 1층,N,,3230000-205-2005-00008,3230000,"서울특별시 송파구 송이로 19 (송파동,1층)",05672,,01,영업/정상,일반세탁업,02-419-1242,1,,1,,3
,,,올림픽세탁소,일반세탁업,,,,,211749.697770638,445385.082559283,2026-05-06 22:34:26,I,01,영업,,2024-11-04 16:12:50,2005-07-01,18.20,138-829,서울특별시 송파구 방이동 89-18 올림픽아파트 디상가 104호,N,,3230000-205-2005-00014,3230000,"서울특별시 송파구 양재대로 1218 (방이동,올림픽아파트 디상가 104호)",05649,,01,영업/정상,일반세탁업,02-406-8000,1,,1,,2
,,,성은사,일반세탁업,,,,,208233.926974585,445435.257647797,2026-05-06 22:34:26,I,01,영업,,2008-01-02 10:42:08,2005-07-26,25.15,138-791,서울특별시 송파구 잠실동 40 갤러리아팰리스 2층 15호,N,,3230000-205-2005-00016,3230000,"서울특별시 송파구 올림픽로 212 (잠실동,갤러리아팰리스 2층 15호)",05553,,01,영업/정상,일반세탁업,02-2145-4886,2,,2,,1
5,,1,프로세탁,일반세탁업,,,,,210729.788797009,444138.294943841,2026-05-06 22:34:26,I,01,영업,,2005-07-26 00:00:00,2005-07-26,49.50,138-801,서울특별시 송파구 가락동 46,N,,3230000-205-2005-00017,3230000,서울특별시 송파구 오금로34길 51 (가락동),05706,,01,영업/정상,일반세탁업,02-404-9667,1,,1,,1
4,,1,화이트 세탁,일반세탁업,,,,,208200.609210951,444774.538216289,2026-05-06 22:35:19,I,01,영업,,2022-03-16 13:27:55,2005-07-29,26.40,138-840,서울특별시 송파구 삼전동 106,N,,3230000-205-2005-00018,3230000,서울특별시 송파구 백제고분로27길 24 (삼전동),05601,,01,영업/정상,일반세탁업,02-413-1820,1,,1,,
4,임대,1,에덴세탁소,일반세탁업,,,,,212645.771257875,443931.028648751,2026-05-06 22:34:26,I,01,영업,,2005-12-08 00:00:00,2005-08-01,46.20,138-813,서울특별시 송파구 거여동 135-8,N,,3230000-205-2005-00019,3230000,서울특별시 송파구 오금로53길 38 (거여동),05735,,01,영업/정상,일반세탁업,02-409-1158,1,,1,,2
4,임대,1,팔팔세탁소,일반세탁업,,,,,210546.9652719,445449.051716058,2026-05-06 22:34:19,I,01,영업,,2010-09-16 11:25:45,2005-10-04,33.00,138-833,서울특별시 송파구 방이동 161-5,N,,3230000-205-2005-00025,3230000,서울특별시 송파구 가락로40길 9 (방이동),05635,,01,영업/정상,일반세탁업,02-406-8088,1,,1,,1
,임대,,대림세탁,일반세탁업,,,,,211294.712229733,445114.439867921,2026-05-06 22:34:26,I,01,영업,,2016-01-21 11:09:58,2005-12-12,16.36,138-737,서울특별시 송파구 오금동 19 대림아파트B상가 101호,N,,3230000-205-2005-00039,3230000,"서울특별시 송파구 마천로7길 6, 101호 (오금동, 대림아파트B상가)",05656,,01,영업/정상,일반세탁업,02-431-3989,1,,1,,
4,임대,1,백옥세탁소,일반세탁업,,,,,210914.755,444513.935,2026-05-06 22:34:26,I,01,영업,,2017-01-11 16:22:49,2006-01-05,30.00,138-800,서울특별시 송파구 가락동 5-16,N,,3230000-205-2006-00001,3230000,"서울특별시 송파구 오금로34길 12-8, 1층 (가락동)",05700,,01,영업/정상,일반세탁업,02-407-6613,1,,1,,2
0,,0,파크리오세탁,일반세탁업,,,,,209151.713940169,446519.612162961,2026-05-06 22:35:13,I,01,영업,,2017-01-06 15:44:50,2010-10-07,33.00,138-240,서울특별시 송파구 신천동 17-4,N,,3230000-205-2010-00012,3230000,"서울특별시 송파구 올림픽로37길 130, 219호 (신천동, 파크리오 A상가)",05507,0,01,영업/정상,일반세탁업,02-419-2379,,,,,0
0,,0,나나세탁,일반세탁업,,,,,208214.746411273,444892.067049241,2026-05-06 22:35:12,I,01,영업,,2010-11-24 15:04:28,2010-11-24,35.24,138-839,서울특별시 송파구 삼전동 91-11 /101호,N,,3230000-205-2010-00016,3230000,"서울특별시 송파구 삼학사로19길 29 (삼전동,/101호)",05600,1,01,영업/정상,일반세탁업,02-3431-1948,1,,1,,1
0,,0,아주세탁,일반세탁업,,,,,210474.753103022,444865.156674134,2026-05-06 22:35:12,I,01,영업,,2013-12-23 14:44:35,2010-12-28,14.80,138-853,서울특별시 송파구 송파동 161 /1층 5호,N,,3230000-205-2010-00017,3230000,"서울특별시 송파구 오금로24길 13 (송파동, 미성상가1층5호)",05672,0,01,영업/정상,일반세탁업,02-420-0235,1,,1,,1
0,,0,스타세탁소,일반세탁업,,,,,212109.389196219,444576.702750499,2026-05-06 22:35:12,I,01,영업,,2011-06-22 15:44:39,2011-04-21,89.76,138-859,서울특별시 송파구 오금동 126-6 / 1층,N,,3230000-205-2011-00003,3230000,"서울특별시 송파구 동남로 309-6 (오금동,/ 1층)",05729,2,01,영업/정상,일반세탁업,,1,,1,,2
1,,0,파크세탁,일반세탁업,,,,,213999.956783491,444094.808111947,2026-05-06 22:35:16,I,01,영업,,2011-06-01 10:31:22,2011-06-01,34.93,138-120,서울특별시 송파구 마천동 582 송파파크데일1단지상가101호,N,,3230000-205-2011-00007,3230000,"서울특별시 송파구 성내천로37길 37 (마천동,송파파크데일1단지상가101호)",05748,1,01,영업/정상,일반세탁업,,,,,,1
0,,0,그린카페트 소파세탁,일반세탁업,,,,,207412.996560787,445073.714453779,2026-05-06 22:35:20,I,01,영업,,2016-04-11 14:33:31,2011-06-22,20.00,138-863,서울특별시 송파구 잠실동 212-15,N,,3230000-205-2011-00008,3230000,"서울특별시 송파구 삼전로13길 52, 101호 (잠실동)",05564,1,01,영업/정상,일반세탁업,,,,,,2
0,임대,0,현대세탁,일반세탁업,,,,,211262.754658782,443270.546001431,2026-05-06 22:35:17,I,01,영업,,2014-12-12 17:42:37,2011-09-05,77.50,138-824,서울특별시 송파구 문정동 3 현대상가 2층 205호,N,,3230000-205-2011-00010,3230000,"서울특별시 송파구 송이로 199 (문정동, 현대아파트상가2층205호)",05795,1,01,영업/정상,일반세탁업,02-400-4908,2,,2,,1
0,,0,한양 명품세탁,일반세탁업,,,,,210929.436228543,442428.00220931,2026-05-06 22:35:15,I,01,영업,,2014-10-02 15:20:08,2012-03-16,25.44,138-826,서울특별시 송파구 문정동 58-16 1층 102호,N,,3230000-205-2012-00002,3230000,"서울특별시 송파구 새말로5길 16, 1층 102호 (문정동)",05807,1,01,영업/정상,일반세탁업,02-401-0031,1,,1,,1
0,,0,래미안 명품세탁소,일반세탁업,,,,,210541.58005606,444502.583662659,2026-05-06 22:35:19,I,01,영업,,2014-12-14 12:12:45,2012-10-02,38.44,138-170,서울특별시 송파구 송파동 243 래미안파인탑상가 202호,N,,3230000-205-2012-00009,3230000,"서울특별시 송파구 오금로32길 31, 지상2층 202호 (송파동, 래미안파인탑상가)",05673,1,01,영업/정상,일반세탁업,02-414-8430,2,,2,,1
0,,0,크린토피아 코인워시(송파마천공원점),일반세탁업,,,,,212720.51573851,444332.923370661,2026-05-06 22:35:18,I,01,영업,,2014-12-12 18:00:04,2013-08-07,68.44,138-817,서울특별시 송파구 마천동 19-14 지상1층,N,,3230000-205-2013-00006,3230000,"서울특별시 송파구 마천로33길 11-14, 지상1층 (마천동)",05733,3,01,영업/정상,일반세탁업,02-430-1430,1,,1,,3
0,,0,그린어스,일반세탁업,,,,,210516.191915095,441996.227705236,2026-05-06 22:35:21,I,01,영업,,2019-02-26 13:43:16,2013-08-29,33.07,138-888,서울특별시 송파구 문정동 622 송파한화오벨리스크 지상1층 105호,N,,3230000-205-2013-00008,3230000,"서울특별시 송파구 충민로 5, 지상1층 105호 (문정동, 송파한화오벨리스크)",05841,1,01,영업/정상,일반세탁업,02-400-3339,1,,1,,1
0,,0,푸르지오 탑크린,일반세탁업,,,,,209087.122362019,446139.152554604,2026-05-06 22:35:18,I,01,영업,,2015-11-23 15:11:16,2013-09-06,36.80,138-934,서울특별시 송파구 신천동 11-4 푸르지오월드마크 상가 지하1층 B105호,N,,3230000-205-2013-00010,3230000,"서울특별시 송파구 올림픽로35가길 9, 지하1층 B105호 (신천동, 푸르지오월드마크 상가)",05510,1,01,영업/정상,일반세탁업,02-416-0844,2,,2,,2
0,,0,크린토피아 잠실잠전초교점,세탁업 기타,,,,,207622.1073088,444918.899622572,2026-05-06 22:35:18,I,01,영업,,2025-06-30 14:47:21,2013-11-06,70.00,138-864,서울특별시 송파구 잠실동 238-19 청암빌딩,N,,3230000-205-2013-00014,3230000,"서울특별시 송파구 백제고분로19길 17, 청암빌딩 1층 101,102호 (잠실동)",05565,4,01,영업/정상,세탁업 기타,02-420-8353,1,0,1,0,3
0,,0,드라이하우스,일반세탁업,,,,,210654.50616628,442070.575741668,2026-05-06 22:35:18,I,01,영업,,2014-12-12 17:45:35,2013-12-05,67.58,138-888,서울특별시 송파구 문정동 620 송파푸르지오상가 지상1층 155호,N,,3230000-205-2013-00015,3230000,"서울특별시 송파구 새말로 62, 155호 (문정동, 송파푸르지오상가)",05841,2,01,영업/정상,일반세탁업,02-408-7887,1,,1,,2
16,,6,문정세탁,일반세탁업,,,,,,,2026-05-06 22:35:21,I,01,영업,,2019-01-03 13:08:50,2013-12-04,41.16,138-888,서울특별시 송파구 문정동 652-2 문정 오벨리스크,N,,3230000-205-2013-00016,3230000,"서울특별시 송파구 송파대로 145, 문정 오벨리스크 1층 123호 (문정동)",05855,1,01,영업/정상,일반세탁업,031-704-4482,1,0,1,0,1
0,,0,쌍용세탁소,일반세탁업,,,,,210837.742075584,444382.793829797,2026-05-06 22:35:22,I,01,영업,,2014-12-14 12:05:21,2014-05-08,29.00,138-800,서울특별시 송파구 가락동 20-11 지상1층,N,,3230000-205-2014-00002,3230000,"서울특별시 송파구 송이로15길 42, 지상1층 (가락동)",05700,1,01,영업/정상,일반세탁업,02-404-0355,1,,1,,1
1,,1,런드리 코인 세탁,일반세탁업,,,,,212626.299677786,443563.194734071,2026-05-06 22:35:19,I,01,영업,,2023-08-02 16:04:27,2014-03-14,40.08,138-813,서울특별시 송파구 거여동 22-4 SP센트리움시티,N,,3230000-205-2014-00009,3230000,"서울특별시 송파구 거마로3길 7, 105호 (거여동, SP센트리움시티)",05744,1,01,영업/정상,일반세탁업,031-968-8285,1,0,1,0,2
0,,0,백양세탁소,일반세탁업,,,,,209430.450574499,445913.088912404,2026-05-06 22:35:12,I,01,영업,0,2015-01-12 13:43:20,2015-01-12,49.94,138-827,서울특별시 송파구 방이동 22 대우유토피아오피스텔 B07호,N,0,3230000-205-2015-00001,3230000,"서울특별시 송파구 올림픽로 336, B07호 (방이동, 대우유토피아오피스텔)",05542,1,01,영업/정상,일반세탁업,,,1,,1,1
,,,미래 명품세탁,일반세탁업,,,,,207263.474567538,444514.794473568,2026-05-06 22:35:20,I,01,영업,,2017-03-09 12:10:35,2003-02-27,27.00,138-867,서울특별시 송파구 잠실동 320,N,,3230000-205-1999-03094,3230000,"서울특별시 송파구 백제고분로18길 26, 106호 (잠실동)",05580,,01,영업/정상,일반세탁업,02-416-4007,,,,,
,,,백조사,일반세탁업,,,,,209167.198359654,444882.107789953,2026-05-06 22:35:10,I,01,영업,,2005-07-21 00:00:00,2003-02-27,.00,138-844,서울특별시 송파구 석촌동 178-5,N,,3230000-205-1999-03096,3230000,서울특별시 송파구 송파대로45길 12 (석촌동),05609,,01,영업/정상,일반세탁업,02-415-2129,,,,,
,,,백양,일반세탁업,,,,,207472.755895569,445068.181049008,2026-05-06 22:35:10,I,01,영업,,2005-07-20 00:00:00,2003-02-27,181.80,138-864,서울특별시 송파구 잠실동 232-3,N,,3230000-205-1999-03098,3230000,서울특별시 송파구 삼전로13길 47 (잠실동),05565,,01,영업/정상,일반세탁업,02-416-1220,,,,,
,,,연화사,일반세탁업,,,,,209427.61782299,445082.870644486,2026-05-06 22:35:10,I,01,영업,,2013-05-10 16:07:37,2003-02-27,29.70,138-848,서울특별시 송파구 송파동 25-3 지상1층,N,,3230000-205-1999-03100,3230000,"서울특별시 송파구 백제고분로41길 22, 지상1층 (송파동)",05622,,01,영업/정상,일반세탁업,02-415-5625,,,,,
,,,종합사,일반세탁업,,,,,213342.485537232,444282.290263364,2026-05-06 22:34:32,I,01,영업,,2005-07-21 00:00:00,2003-02-27,.00,138-819,서울특별시 송파구 마천동 156-322,N,,3230000-205-2002-02779,3230000,서울특별시 송파구 성내천로29길 5 (마천동),05745,,01,영업/정상,일반세탁업,02-0431-9430,,,,,
,,,삼양세탁소,일반세탁업,,,,,211741.048550472,443318.264543412,2026-05-06 22:34:32,I,01,영업,,2013-12-23 13:53:49,2003-02-27,.00,138-746,서울특별시 송파구 가락동 199 가락프라자아파트상가 203호,N,,3230000-205-2002-02781,3230000,"서울특별시 송파구 동남로18길 40 (가락동, 프라자아파트상가203호)",05785,,01,영업/정상,일반세탁업,02-402-9733,,,,,
,,,월드컴퓨터세탁,일반세탁업,,,,,208217.080037859,444949.200745641,2026-05-06 22:34:32,I,01,영업,,2005-07-21 00:00:00,2003-02-27,.00,138-837,서울특별시 송파구 삼전동 22-10,N,,3230000-205-2003-00003,3230000,서울특별시 송파구 백제고분로27길 39-6 (삼전동),05600,,01,영업/정상,일반세탁업,02-3431-3838,,,,,
,,,백양사,일반세탁업,,,,,211368.009653058,444867.340750705,2026-05-06 22:34:31,I,01,영업,,2005-07-21 00:00:00,2003-02-27,.00,138-855,서울특별시 송파구 오금동 36-10,N,,3230000-205-2003-00024,3230000,서울특별시 송파구 중대로31가길 3-26 (오금동),05660,,01,영업/정상,일반세탁업,02-430-2502,,,,,
,,,조양사,일반세탁업,,,,,212564.492791849,443417.514476395,2026-05-06 22:34:31,I,01,영업,,2005-07-21 00:00:00,2003-02-27,.00,138-816,서울특별시 송파구 거여동 564-22,N,,3230000-205-2003-00030,3230000,서울특별시 송파구 오금로56길 23 (거여동),05772,,01,영업/정상,일반세탁업,02-443-1467,,,,,
,,,백영사,일반세탁업,,,,,211048.29631737,444742.809208914,2026-05-06 22:34:31,I,01,영업,,2011-08-04 16:02:18,2003-02-27,.00,138-856,서울특별시 송파구 오금동 44 상가 29호,N,,3230000-205-2003-00031,3230000,"서울특별시 송파구 오금로35길 17 (오금동,상가 29호)",05658,,01,영업/정상,일반세탁업,02-408-8855,,,,,
,,,한아름,일반세탁업,,,,,213598.967136548,443856.070927387,2026-05-06 22:34:31,I,01,영업,,2005-07-21 00:00:00,2003-02-27,.00,138-820,서울특별시 송파구 마천동 207-28,N,,3230000-205-2003-00032,3230000,서울특별시 송파구 성내천로41길 4 (마천동),05749,,01,영업/정상,일반세탁업,02-403-6471,,,,,
,,,송파세탁소,일반세탁업,,,,,210111.836077523,445108.430914115,2026-05-06 22:34:32,I,01,영업,,2005-09-14 00:00:00,2003-02-27,.00,138-852,서울특별시 송파구 송파동 142,N,,3230000-205-2003-00034,3230000,서울특별시 송파구 가락로31길 16 (송파동),05663,,01,영업/정상,일반세탁업,02-422-0877,,,,,
,,,백조사,일반세탁업,,,,,210043.411237201,445300.738521598,2026-05-06 22:34:32,I,01,영업,,2020-09-17 14:17:24,2003-02-27,.00,138-830,서울특별시 송파구 방이동 117,N,,3230000-205-2003-00035,3230000,서울특별시 송파구 가락로33길 30 (방이동),05642,,01,영업/정상,일반세탁업,02-413-5422,,,,,
,,,극동세탁,일반세탁업,,,,,211663.023884921,443729.39590421,2026-05-06 22:34:32,I,01,영업,,2013-12-23 14:01:09,2003-02-27,.00,138-812,서울특별시 송파구 가락동 192 극동상가 지하 13호,N,,3230000-205-2003-00038,3230000,"서울특별시 송파구 동남로 208 (가락동, 극동아파트상가지하13호)",05783,,01,영업/정상,일반세탁업,02-400-2616,,,,,
,,,빙그레사,일반세탁업,,,,,210405.512082488,448556.908326858,2026-05-06 22:34:32,I,01,영업,,2005-07-21 00:00:00,2003-02-27,.00,138-872,서울특별시 송파구 풍납동 89-59,N,,3230000-205-2003-00042,3230000,서울특별시 송파구 바람드리5길 17 (풍납동),05514,,01,영업/정상,일반세탁업,02-489-3476,,,,,
,,,노블레스,일반세탁업,,,,,209852.350642305,445557.094917436,2026-05-06 22:35:18,I,01,영업,,2013-12-10 11:50:36,2003-02-27,23.10,138-829,서울특별시 송파구 방이동 105 지상1층,N,,3230000-205-2003-00044,3230000,"서울특별시 송파구 올림픽로32길 56, 지상1층 (방이동)",05550,,01,영업/정상,일반세탁업,02-418-7166,,,,,
,,,백영 세탁소,일반세탁업,,,,,207104.683758568,444947.277651327,2026-05-06 22:35:15,I,01,영업,,2011-12-28 14:29:42,2003-02-27,.00,138-863,서울특별시 송파구 잠실동 222-10,N,,3230000-205-2003-00047,3230000,서울특별시 송파구 올림픽로10길 58 (잠실동),05570,,01,영업/정상,일반세탁업,02-423-2202,,,,,
,,,보화세탁,일반세탁업,,,,,212856.954448818,443465.864791638,2026-05-06 22:34:32,I,01,영업,,2005-07-21 00:00:00,2003-04-10,.00,138-814,서울특별시 송파구 거여동 36-7,N,,3230000-205-2003-00048,3230000,서울특별시 송파구 거마로2길 14 (거여동),05768,,01,영업/정상,일반세탁업,02-402-6048,,,,,
,,,백옥세탁,일반세탁업,,,,,210981.855327495,443724.459189715,2026-05-06 22:34:30,I,01,영업,,2005-07-21 00:00:00,2003-02-27,.00,138-808,서울특별시 송파구 가락동 145,N,,3230000-205-2003-00053,3230000,서울특별시 송파구 송이로23길 16 (가락동),05825,,01,영업/정상,일반세탁업,02-443-0751,,,,,
,,,스타사,일반세탁업,,,,,212254.71716908,444488.822833668,2026-05-06 22:34:30,I,01,영업,,2005-07-21 00:00:00,2003-02-27,.00,138-859,서울특별시 송파구 오금동 131-7,N,,3230000-205-2003-00054,3230000,서울특별시 송파구 마천로26길 3 (오금동),05739,,01,영업/정상,일반세탁업,02-406-9439,,,,,
,,,가나안세탁,일반세탁업,,,,,207595.933395787,444841.213535357,2026-05-06 22:34:30,I,01,영업,,2005-07-21 00:00:00,2003-02-27,.00,138-864,서울특별시 송파구 잠실동 236-20,N,,3230000-205-2003-00058,3230000,서울특별시 송파구 삼전로7길 18 (잠실동),05568,,01,영업/정상,일반세탁업,02-423-2460,,,,,
,임대,,오륜 세탁소,일반세탁업,,,,,210045.748264305,442930.687284628,2026-05-06 22:34:26,I,01,영업,,2006-01-13 00:00:00,2006-01-13,33.00,138-885,서울특별시 송파구 문정동 150 오륜상가 206호,N,,3230000-205-2006-00002,3230000,"서울특별시 송파구 중대로 24 (문정동,오륜상가 206호)",05834,,01,영업/정상,일반세탁업,02-403-6756,2,,2,,1
,임대,,삼성세탁,일반세탁업,,,,,210423.60497199,444729.592842278,2026-05-06 22:34:18,I,01,영업,,2006-02-13 00:00:00,2006-02-13,33.00,138-853,서울특별시 송파구 송파동 162 삼성래미안상가 204호,N,,3230000-205-2006-00005,3230000,"서울특별시 송파구 오금로32길 14 (송파동,삼성래미안상가 204호)",05672,,01,영업/정상,일반세탁업,02-2042-5022,2,,2,,2
4,임대,1,맵시나 명품세탁소,일반세탁업,,,,,211738.925367922,444961.735865156,2026-05-06 22:35:15,I,01,영업,,2012-01-27 17:35:40,2006-04-12,31.82,138-858,서울특별시 송파구 오금동 88-4 1층,N,,3230000-205-2006-00009,3230000,"서울특별시 송파구 중대로36길 5, 1층 (오금동)",05724,,01,영업/정상,일반세탁업,,1,,,,1
,임대,,오벨리스크세탁소,일반세탁업,,,,,210712.567041314,443631.302105101,2026-05-06 22:34:17,I,01,영업,,2022-10-27 14:04:45,2006-04-17,40.00,138-951,서울특별시 송파구 가락동 78-1 한화 오벨리스크1층6호,N,,3230000-205-2006-00010,3230000,"서울특별시 송파구 중대로 127 (가락동,한화 오벨리스크1층6호)",05717,,01,영업/정상,일반세탁업,02-442-8281,1,,1,,2
,,,그린컴퓨터세탁,일반세탁업,,,,,208651.166125665,444442.348010503,2026-05-06 22:34:17,I,01,영업,,2006-07-07 00:00:00,2006-07-07,.00,138-845,서울특별시 송파구 석촌동 210-10,N,,3230000-205-2006-00013,3230000,서울특별시 송파구 백제고분로34길 4 (석촌동),05679,,01,영업/정상,일반세탁업,,,,,,
,자가,,광장세탁소,일반세탁업,,,,,209895.702319556,447471.180557382,2026-05-06 22:34:17,I,01,영업,,2006-07-21 00:00:00,2006-07-21,42.00,138-040,"서울특별시 송파구 풍납동 508 한강극동상가1층106호,106-1호",N,,3230000-205-2006-00014,3230000,"서울특별시 송파구 토성로 38-6 (풍납동,한강극동상가1층106호,106-1호)",05536,,01,영업/정상,일반세탁업,,1,,,,
,임대,,현대향기세탁,일반세탁업,,,,,212876.204732166,443613.17845847,2026-05-06 22:34:18,I,01,영업,,2014-12-12 17:56:58,2006-08-11,36.23,138-814,서울특별시 송파구 거여동 44 외1필지 현대아파트상가(102호),N,,3230000-205-2006-00016,3230000,"서울특별시 송파구 오금로61길 20 (거여동,외1필지 현대아파트상가(102호))",05768,,01,영업/정상,일반세탁업,02-400-6903,1,,,,
,임대,,베니베니,일반세탁업,,,,,212542.823424368,443610.196080623,2026-05-06 22:34:18,I,01,영업,,2024-08-26 10:35:17,2006-08-11,52.80,138-813,서울특별시 송파구 거여동 22,N,,3230000-205-2006-00017,3230000,"서울특별시 송파구 오금로57길 6, 1층 (거여동)",05744,,01,영업/정상,일반세탁업,02-406-4273,1,,,,
3,임대,,훼미리세탁소,일반세탁업,,,,,210045.748264305,442930.687284628,2026-05-06 22:34:18,I,01,영업,,2018-01-11 14:28:50,2006-11-13,43.56,138-885,서울특별시 송파구 문정동 150 올림픽훼밀리타운,N,,3230000-205-2006-00023,3230000,"서울특별시 송파구 중대로 24, 상가1동 지하1층 B106,B107호 (문정동, 올림픽훼밀리타운)",05834,,01,영업/정상,일반세탁업,,3,,3,,
0,,0,서울세탁소,일반세탁업,,,,,210289.311711976,445327.319791703,2026-05-06 22:35:10,I,01,영업,,2023-12-22 10:08:30,2007-10-11,33.00,138-830,서울특별시 송파구 방이동 123-9,N,,3230000-205-2007-00005,3230000,"서울특별시 송파구 위례성대로8길 55, 1층 101호 (방이동)",05643,,01,영업/정상,일반세탁업,02-418-4420,,,,,2
1,임대,0,명품세탁소,일반세탁업,,,,,211501.295184297,441892.362032579,2026-05-06 22:35:10,I,01,영업,,2011-02-11 13:56:35,2008-03-21,26.40,138-888,서울특별시 송파구 장지동 844 파인타운장지지구단재상가2호,N,,3230000-205-2008-00006,3230000,"서울특별시 송파구 충민로4길 19 (장지동,파인타운장지지구단재상가2호)",05812,,01,영업/정상,일반세탁업,02-400-1012,1,,1,,2
3,임대,0,동아세탁,일반세탁업,,,,,210149.26634657,448364.723368836,2026-05-06 22:35:10,I,01,영업,,2013-12-23 14:39:42,2008-03-21,39.95,138-873,서울특별시 송파구 풍납동 506 동아한가람(아)상가 지상2층201호,N,,3230000-205-2008-00007,3230000,"서울특별시 송파구 한가람로16길 7 (풍납동, 동아한가람아파트지상2층201호)",05516,,01,영업/정상,일반세탁업,,2,,2,,2
4,임대,0,오붓크리닝,일반세탁업,2026-04-29,,,,209904.342474669,445178.31268802,2026-05-06 22:35:11,I,02,폐업,,2026-04-29 16:00:59,2008-03-31,36.65,138-852,서울특별시 송파구 송파동 137-5 지상1층,N,,3230000-205-2008-00008,3230000,"서울특별시 송파구 오금로20길 10 (송파동,지상1층)",05662,,03,폐업,일반세탁업,02-713-6794,1,,1,,2
0,임대,0,트리지움세탁,일반세탁업,,,,,207553.918225133,445383.338011122,2026-05-06 22:35:11,I,01,영업,,2014-12-14 11:44:27,2008-03-31,73.71,138-915,서울특별시 송파구 잠실동 35-2 트리지움상가 지하1층 B108호,N,,3230000-205-2008-00009,3230000,"서울특별시 송파구 석촌호수로 61, 지하1층 B108호 (잠실동, 트리지움상가 )",05555,,01,영업/정상,일반세탁업,02-422-9111,,1,,1,1
5,임대,0,레이크명품세탁,일반세탁업,,,,,208105.938904596,445043.97737109,2026-05-06 22:35:10,I,01,영업,,2016-12-20 12:59:51,2008-05-01,36.09,138-915,서울특별시 송파구 잠실동 44-3 상가 지상2층 205호,N,,3230000-205-2008-00012,3230000,"서울특별시 송파구 석촌호수로 135 (잠실동,상가 지상2층 205호)",05607,,01,영업/정상,일반세탁업,02-413-1482,2,,2,,4
1,임대,1,삼전세탁소,일반세탁업,,,,,208120.888038,444909.401003611,2026-05-06 22:35:10,I,01,영업,,2014-12-14 11:52:39,2008-05-15,26.00,138-839,서울특별시 송파구 삼전동 91-5 (102),N,,3230000-205-2008-00013,3230000,"서울특별시 송파구 백제고분로25길 30 (삼전동,(102))",05600,,01,영업/정상,일반세탁업,02-416-1629,1,,1,,1
0,임대,0,성진크리닝,일반세탁업,,,,,210169.670770566,447725.18620098,2026-05-06 22:35:11,I,01,영업,,2008-07-14 10:09:42,2008-07-14,46.00,138-874,서울특별시 송파구 풍납동 250-9 지상1층,N,,3230000-205-2008-00018,3230000,"서울특별시 송파구 풍성로20길 34 (풍납동,지상1층)",05533,,01,영업/정상,일반세탁업,02-477-5477,1,,1,,2
0,,0,한양 명품 세탁소,일반세탁업,,,,,210612.850862974,445576.723548467,2026-05-06 22:35:10,I,01,영업,0,2015-01-26 16:38:09,2015-01-26,30.00,138-833,서울특별시 송파구 방이동 167-7 지상1층,N,0,3230000-205-2015-00002,3230000,"서울특별시 송파구 가락로42길 9, 지상1층 (방이동)",05636,1,01,영업/정상,일반세탁업,02-416-0036,1,,1,,2
0,,0,동양 세탁소,일반세탁업,,,,,211476.863672721,442721.232457485,2026-05-06 22:35:20,I,01,영업,0,2015-08-27 14:55:51,2015-08-27,20.00,138-200,서울특별시 송파구 문정동 108 지상1층,N,0,3230000-205-2015-00009,3230000,"서울특별시 송파구 새말로17길 16, 지상1층 (문정동)",05800,1,01,영업/정상,일반세탁업,02-404-5838,,,,,1
0,,0,크린토피아 삼전 배명점,빨래방업,,,,,208327.173629047,444185.235125681,2026-05-06 22:35:20,I,01,영업,0,2021-06-15 16:54:57,2015-10-14,41.60,138-841,서울특별시 송파구 삼전동 174-5 용선하우스,N,0,3230000-205-2015-00011,3230000,"서울특별시 송파구 백제고분로32길 29, 1층 101호 (삼전동, 용선하우스)",05587,0,01,영업/정상,빨래방업,02-425-1966,1,,1,,3
0,,0,오륜 세탁소,일반세탁업,,,,,210208.243205071,445778.785697749,2026-05-06 22:35:20,I,01,영업,0,2016-06-14 11:43:30,2016-06-14,33.00,138-830,서울특별시 송파구 방이동 178-4,N,0,3230000-205-2016-00004,3230000,"서울특별시 송파구 백제고분로50길 11, 지상1층 (방이동)",05627,0,01,영업/정상,일반세탁업,02-417-4910,1,,1,,1
0,,0,혁진크린,일반세탁업,,,,,211826.68000214,444929.825011576,2026-05-06 22:35:20,I,01,영업,0,2021-06-17 16:05:54,2017-01-04,124.00,138-858,서울특별시 송파구 오금동 87-10,N,0,3230000-205-2017-00002,3230000,"서울특별시 송파구 중대로38길 18, 1층 (오금동)",05724,2,01,영업/정상,일반세탁업,,1,,1,,1
0,,0,시그니엘 서울호텔 라운드리,일반세탁업,,,,,209074.900840074,445657.80932984,2026-05-06 22:35:20,I,01,영업,0,2025-02-17 14:57:33,2017-03-28,235.32,138-934,서울특별시 송파구 신천동 29,N,0,3230000-205-2017-00003,3230000,"서울특별시 송파구 올림픽로 300, 지하2층 (신천동, 롯데월드타워 시그니엘서울호텔)",05551,2,01,영업/정상,일반세탁업,,,2,,2,3
0,,0,운동화 빠는날,운동화전문세탁업,,,,,211869.963565083,443560.228034801,2026-05-06 22:35:21,I,01,영업,0,2023-07-11 11:33:57,2017-07-03,29.00,138-812,서울특별시 송파구 가락동 186-6,N,0,3230000-205-2017-00005,3230000,"서울특별시 송파구 문정로13길 11-8, 1층 (가락동)",05782,1,01,영업/정상,운동화전문세탁업,,1,,1,,2
0,,0,극동 컴퓨터크리닝,일반세탁업,,,,,210061.73145072,447507.493855788,2026-05-06 22:35:21,I,01,영업,0,2017-07-19 11:39:19,2017-07-19,23.00,138-874,서울특별시 송파구 풍납동 265-7,N,0,3230000-205-2017-00007,3230000,"서울특별시 송파구 토성로 40, 1층 (풍납동)",05536,1,01,영업/정상,일반세탁업,,1,,1,,1
0,,0,킴스명품세탁소,일반세탁업,,,,,212711.714410254,443202.356789327,2026-05-06 22:35:22,I,01,영업,0,2018-05-02 09:53:44,2018-05-02,18.00,138-110,서울특별시 송파구 거여동 290 거여1단지아파트,N,0,3230000-205-2018-00003,3230000,"서울특별시 송파구 양산로8길 4, 거여1단지아파트 상가 205호 (거여동)",05779,1,01,영업/정상,일반세탁업,,2,,2,,1
0,,0,운동화빨래방,운동화전문세탁업,,,,,208920.64415948,444699.745659167,2026-05-06 22:35:21,I,01,영업,0,2018-11-26 10:35:55,2018-11-26,60.00,138-842,서울특별시 송파구 석촌동 58-24 미주빌딩,N,0,3230000-205-2018-00008,3230000,"서울특별시 송파구 백제고분로36가길 15, 미주빌딩 지하1층 (석촌동)",05614,1,01,영업/정상,운동화전문세탁업,,,1,,,1
0,,0,삼익 명품세탁,일반세탁업,,,,,210657.024580332,444667.864970738,2026-05-06 22:35:22,I,01,영업,0,2020-04-29 13:09:00,2019-03-29,29.21,138-853,서울특별시 송파구 송파동 166 가락삼익맨숀,N,0,3230000-205-2019-00005,3230000,"서울특별시 송파구 오금로32길 5, 14호 (송파동, 가락삼익맨숀)",05673,1,01,영업/정상,일반세탁업,,,,,,1
0,임대,0,그린어스코리아(유),일반세탁업,,,,,210654.50616628,442070.575741668,2026-05-06 22:35:22,I,01,영업,0,2019-04-05 09:27:14,2019-04-05,80.90,138-888,서울특별시 송파구 문정동 620 송파 푸르지오시티,N,0,3230000-205-2019-00006,3230000,"서울특별시 송파구 새말로 62, 송파 푸르지오시티 지하1층 B101호 (문정동)",05841,2,01,영업/정상,일반세탁업,02-576-0844,,1,,1,1
0,,0,헤리츠 명품크리닝,일반세탁업,,,,,209934.09577329,446031.802965689,2026-05-06 22:35:21,I,01,영업,0,2024-07-08 15:35:04,2019-07-15,35.88,138-828,서울특별시 송파구 방이동 47 새천년잠실헤리츠오피스텔,N,0,3230000-205-2019-00008,3230000,"서울특별시 송파구 위례성대로2길 8, 116호 (방이동)",05544,1,01,영업/정상,일반세탁업,,,,,,2
0,,0,백양세탁,일반세탁업,,,,,210403.825298326,443562.753075246,2026-05-06 22:35:21,I,01,영업,0,2019-10-31 17:14:17,2019-10-31,23.00,138-805,서울특별시 송파구 가락동 98-2 훼밀리오피스텔,N,0,3230000-205-2019-00009,3230000,"서울특별시 송파구 송파대로30길 8, 훼밀리오피스텔 지하1층 B116호 (가락동)",05719,1,01,영업/정상,일반세탁업,,,,,,1
0,임대,0,그린어스,일반세탁업,,,,,209412.197809542,443928.783342251,2026-05-06 22:35:21,I,01,영업,0,2020-12-29 11:47:52,2019-12-20,51.43,138-883,서울특별시 송파구 가락동 479 헬리오시티,N,0,3230000-205-2019-00010,3230000,"서울특별시 송파구 송파대로 345, 5블럭동 지하1층 6호 (가락동, 헬리오시티)",05698,1,01,영업/정상,일반세탁업,,,1,,1,1
0,임대,0,명성세탁소,일반세탁업,,,,,210944.715024077,443566.850011402,2026-05-06 22:35:21,I,01,영업,0,2020-02-26 15:09:26,2020-02-26,59.40,138-807,서울특별시 송파구 가락동 123-19,N,0,3230000-205-2020-00002,3230000,"서울특별시 송파구 동남로13길 48-7, 1층 (가락동)",05828,1,01,영업/정상,일반세탁업,,,,,,1
0,임대,0,롯데월드 세탁소,일반세탁업,,,,,211739.189009889,444488.29921429,2026-05-06 22:35:19,I,01,영업,0,2025-03-17 11:39:30,2020-04-28,33.00,138-857,서울특별시 송파구 오금동 53-15,N,0,3230000-205-2020-00004,3230000,"서울특별시 송파구 동남로23길 33, 1층 (오금동)",05727,1,01,영업/정상,일반세탁업,,1,,1,,3
0,,0,르엘 명품세탁,일반세탁업,,,,,209393.076054654,446147.977949052,2026-05-06 22:35:19,I,01,영업,0,2026-01-29 13:57:31,2026-01-29,44.10,138-240,서울특별시 송파구 신천동 17-6,N,0,3230000-205-2026-00001,3230000,"서울특별시 송파구 올림픽로 329, 르엘 근린생활시설 B107호 (신천동)",05509,1,01,영업/정상,일반세탁업,,,1,,,1
0,임대,0,운동화 빨래방,운동화전문세탁업,2026-01-02,,,,168454.658046789,435811.44754117,2026-05-06 22:44:21,I,02,폐업,,2026-01-02 09:46:18,2004-06-16,13.20,406-838,인천광역시 연수구 옥련동 194-4 IF상가 1층 117호,N,,3520000-205-2004-00017,3520000,"인천광역시 연수구 독배로 35 (옥련동,IF상가 1층 117호)",21958,0,03,폐업,운동화전문세탁업,032-833-0403,1,0,1,0,0
0,,0,지금은 세탁중,일반세탁업,,,,,168337.361201059,433502.28404514,2026-05-06 22:44:32,I,01,영업,0,2017-11-10 09:41:13,2017-10-31,34.00,406-081,인천광역시 연수구 송도동 16-4 더샵 엑스포 1020동 113호,N,0,3520000-205-2017-00006,3520000,"인천광역시 연수구 컨벤시아대로42번길 95, 1020동 113호 (송도동, 더샵 엑스포)",22001,2,01,영업/정상,일반세탁업,032-833-8321,0,0,0,0,2
0,,0,호반명품세탁,일반세탁업,,,,,169488.298300242,430437.57407765,2026-05-06 22:44:32,I,01,영업,0,2018-02-19 09:46:24,2018-02-07,35.70,406-081,인천광역시 연수구 송도동 191-2 호반베르디움 2동 202호,N,0,3520000-205-2018-00001,3520000,"인천광역시 연수구 송도문화로28번길 27, 2동 202호 (송도동, 호반베르디움)",21986,1,01,영업/정상,일반세탁업,032-815-1666,0,0,0,0,2
0,,0,지금은 세탁중,일반세탁업,,,,,168443.962663282,431136.229353702,2026-05-06 22:44:32,I,01,영업,0,2018-02-19 09:47:51,2018-02-08,44.10,406-081,인천광역시 연수구 송도동 9-5 송도 웰카운티 4단지 420동 106호,N,0,3520000-205-2018-00002,3520000,"인천광역시 연수구 해송로30번길 20, 420동 1층 106호 (송도동, 송도 웰카운티 4단지)",22000,1,01,영업/정상,일반세탁업,032-851-8324,0,0,0,0,2
0,,0,하늘세탁,일반세탁업,,,,,167026.143765355,433287.005927092,2026-05-06 22:44:32,I,01,영업,0,2024-09-09 13:41:50,2018-07-18,43.14,406-081,인천광역시 연수구 송도동 30-2 힐스테이트 송도 더스카이 302동 105호,N,0,3520000-205-2018-00004,3520000,"인천광역시 연수구 인천타워대로 365, 302동 105호 (송도동, 힐스테이트 송도 더스카이)",22007,2,01,영업/정상,일반세탁업,,0,0,0,0,1
0,,0,하이크리닝,일반세탁업,,,,,168434.267272069,435813.594650082,2026-05-06 22:44:32,I,01,영업,0,2018-09-06 20:46:09,2018-08-29,52.80,406-838,인천광역시 연수구 옥련동 194-101 한빌딩 1층일부호,N,0,3520000-205-2018-00005,3520000,"인천광역시 연수구 능허대로103번길 44, 한빌딩 1층일부호 (옥련동)",21958,1,01,영업/정상,일반세탁업,032-832-0489,0,0,0,0,3
0,,0,센시티세탁소,일반세탁업,,,,,169035.649519197,430257.877191301,2026-05-06 22:44:32,I,01,영업,0,2018-11-02 17:49:01,2018-10-17,62.70,406-081,"인천광역시 연수구 송도동 190-4 송도 더샵 센트럴시티 231동 116,117호",N,0,3520000-205-2018-00007,3520000,"인천광역시 연수구 송도국제대로 261, 231동 116,117호 (송도동, 송도 더샵 센트럴시티)",21986,2,01,영업/정상,일반세탁업,,0,0,0,0,3
0,,0,더 좋은 세탁,일반세탁업,,,,,170095.830044219,431600.260244087,2026-05-06 22:44:32,I,01,영업,0,2025-07-17 13:47:58,2018-11-27,35.54,406-081,인천광역시 연수구 송도동 155-1 송도아메리칸타운더샵 204-C동 C154호,N,0,3520000-205-2018-00008,3520000,"인천광역시 연수구 송도과학로27번길 27, 204-C동 지상1층 C154호 (송도동, 송도아메리칸타운더샵)",21982,1,01,영업/정상,일반세탁업,032-811-7543,0,0,0,0,2
0,,0,세탁나라,일반세탁업,,,,,,,2026-05-06 22:44:32,I,01,영업,0,2022-07-18 14:56:39,2019-08-27,49.58,406-140,인천광역시 연수구 동춘동 0 송도 파크레인 동일하이빌 상가동 103호,N,0,3520000-205-2019-00002,3520000,"인천광역시 연수구 능허대로 343, 상가동 103호 (동춘동, 송도 파크레인 동일하이빌)",21980,0,01,영업/정상,일반세탁업,032-832-1227,,,,,0
0,,0,동남스포피아 세탁,일반세탁업,,,,,171154.750362469,435799.523267756,2026-05-06 22:44:32,I,01,영업,0,2020-09-14 17:36:58,2020-06-18,42.30,406-813,인천광역시 연수구 연수동 536 동남아파트 상가동동 105호,N,0,3520000-205-2020-00001,3520000,"인천광역시 연수구 새말로 27, 동남아파트 상가동 105호 (연수동)",21920,0,01,영업/정상,일반세탁업,032-812-0191,,,,,3
0,,0,마리나 명품 세탁,일반세탁업,,,,,165548.582600568,434562.750206673,2026-05-06 22:44:32,I,01,영업,0,2020-08-31 15:58:31,2020-08-31,31.20,406-081,인천광역시 연수구 송도동 308-1 더샵 송도 마리나베이 1동 201호,N,0,3520000-205-2020-00002,3520000,"인천광역시 연수구 랜드마크로 160, 1동 201호 (송도동, 더샵 송도 마리나베이)",22017,1,01,영업/정상,일반세탁업,,,,,,1
0,,0,더 세탁,일반세탁업,,,,,167630.519265688,431626.380690232,2026-05-06 22:44:32,I,01,영업,0,2024-09-11 11:31:08,2020-09-11,43.45,406-081,인천광역시 연수구 송도동 102 송도 더샵 퍼스트파크 F15BL,N,0,3520000-205-2020-00003,3520000,"인천광역시 연수구 컨벤시아대로252번길 30, 105호 (송도동, 송도 더샵 퍼스트파크 F15BL)",22009,0,01,영업/정상,일반세탁업,,,,,,1
0,,0,랜드명품세탁,일반세탁업,,,,,166239.007830646,434891.007675792,2026-05-06 22:44:32,I,01,영업,0,2024-03-13 15:23:08,2020-09-16,36.19,406-081,인천광역시 연수구 송도동 311 랜드마크시티센트럴더샵 301동 1층 2호,N,0,3520000-205-2020-00004,3520000,"인천광역시 연수구 랜드마크로 68, 301동 1층 2호 (송도동, 랜드마크시티센트럴더샵)",22018,0,01,영업/정상,일반세탁업,032-831-0022,,,,,1
0,,0,푸르지오세탁,일반세탁업,,,,,169268.772668463,430570.255303601,2026-05-06 22:44:32,I,01,영업,0,2022-09-19 11:32:06,2021-12-29,32.00,406-081,인천광역시 연수구 송도동 190-2 송도글로벌캠퍼스푸르지오 202동 2-118호,N,0,3520000-205-2021-00003,3520000,"인천광역시 연수구 송도문화로28번길 28, 202동 1층 2-118호 (송도동, 송도글로벌캠퍼스푸르지오)",21986,2,01,영업/정상,일반세탁업,032-851-8899,,,,,1
0,임대,0,런더리샵(LAUNDRY SHOP),일반세탁업,,,,,167035.412530301,431531.314309509,2026-05-06 22:44:32,I,01,영업,0,2023-04-10 13:36:22,2023-04-10,39.37,406-081,인천광역시 연수구 송도동 109 더샵 송도프라임뷰 20BL 근린생활시설동 106호,N,0,3520000-205-2023-00001,3520000,"인천광역시 연수구 인천타워대로231번길 97, 근린생활시설동 1층 106호 (송도동, 더샵 송도프라임뷰 20BL)",22009,0,01,영업/정상,일반세탁업,,,,,,4
0,임대,0,송도 명품세탁,일반세탁업,,,,,166738.734521458,434906.225945604,2026-05-06 22:44:32,I,01,영업,0,2023-07-05 17:05:52,2023-07-05,45.60,406-081,인천광역시 연수구 송도동 312-1 호반써밋 송도 111동 148호,N,0,3520000-205-2023-00002,3520000,"인천광역시 연수구 랜드마크로 20, 111동 148호 (송도동, 호반써밋 송도)",22019,1,01,영업/정상,일반세탁업,,,,,,1
0,,0,스퀘어 명품세탁,일반세탁업,,,,,169212.323054607,430029.717613991,2026-05-06 22:44:32,I,01,영업,1,2024-10-02 14:08:19,2024-10-02,30.98,406-081,인천광역시 연수구 송도동 192-1 송도더샵그린스퀘어,N,1,3520000-205-2024-00001,3520000,"인천광역시 연수구 송도문화로28번길 81, 113동 103층 (송도동, 송도더샵그린스퀘어)",21986,1,01,영업/정상,일반세탁업,032-429-0066,0,0,0,0,2
0,,0,더 세탁,일반세탁업,,,,,167901.235128561,432996.395838464,2026-05-06 22:44:32,I,01,영업,0,2024-10-29 09:49:11,2024-10-29,37.60,406-081,인천광역시 연수구 송도동 19-3 송도 더샵 그린워크 3차,N,0,3520000-205-2024-00002,3520000,"인천광역시 연수구 컨벤시아대로130번길 100, 상가동 108호 (송도동, 송도 더샵 그린워크 3차)",22003,0,01,영업/정상,일반세탁업,,,,,,0
2,임대,0,JW 빨래박사,일반세탁업,,,,,167094.933098261,433775.888358481,2026-05-06 22:44:32,I,01,영업,0,2025-02-25 17:17:54,2025-02-01,52.30,406-081,인천광역시 연수구 송도동 29-1 한라 웨스턴파크 송도 209호,N,0,3520000-205-2025-00001,3520000,"인천광역시 연수구 아트센터대로168번길 100, 한라 웨스턴파크 송도 2층 209호 (송도동)",22006,1,01,영업/정상,일반세탁업,1577-0415,,,,,2
2,임대,0,현대퍼크로세탁소,일반세탁업,,,,,171265.157225627,433510.506110427,2026-05-06 22:44:22,I,01,영업,,2024-09-09 15:29:43,1987-05-11,27.00,406-130,인천광역시 연수구 동춘동 928-206,N,,3520000-205-1987-00003,3520000,인천광역시 연수구 원인재로 56 (동춘동),21976,0,01,영업/정상,일반세탁업,032-811-7946,1,0,1,0,0
0,임대,0,안국사,일반세탁업,,,,,172647.480122688,435503.37728533,2026-05-06 22:44:23,I,01,영업,,2014-08-28 16:20:55,1992-12-30,37.95,406-811,인천광역시 연수구 연수동 533,N,,3520000-205-1992-00006,3520000,인천광역시 연수구 원인재로 315 (연수동),21936,1,01,영업/정상,일반세탁업,032-811-1229,2,0,2,0,0
0,,0,선학 세탁,일반세탁업,,,,,173054.912476554,435225.351469276,2026-05-06 22:44:28,I,01,영업,,2023-05-18 11:23:44,1993-07-14,.00,406-090,인천광역시 연수구 선학동 347,N,,3520000-205-1993-00005,3520000,인천광역시 연수구 선학로 14 (선학동),21938,0,01,영업/정상,일반세탁업,032-813-1467,0,0,0,0,0
0,,0,에스케이뷰 세탁,일반세탁업,,,,,166869.670642464,434626.647491509,2026-05-06 22:44:32,I,01,영업,,2024-09-09 15:45:10,1993-09-06,33.16,406-081,인천광역시 연수구 송도동 315-1 송도 SK VIEW 207호,N,,3520000-205-1993-00015,3520000,"인천광역시 연수구 랜드마크로 19, 송도 SK VIEW 207호 (송도동, 송도 SK VIEW)",22020,0,01,영업/정상,일반세탁업,032-813-1416,0,0,0,0,0
2,임대,1,하야네,일반세탁업,,,,,169634.248453876,436132.618986651,2026-05-06 22:44:20,I,01,영업,,2022-05-11 16:32:42,1994-01-26,33.00,406-833,인천광역시 연수구 옥련동 308-20,N,,3520000-205-1994-00001,3520000,인천광역시 연수구 한나루로196번길 13-5 (옥련동),21939,1,01,영업/정상,일반세탁업,032-832-7669,1,0,1,0,0
0,,0,현대세탁소,일반세탁업,,,,,168366.535232079,436278.314153326,2026-05-06 22:44:22,I,01,영업,,2022-07-19 13:46:46,1994-09-26,10.50,406-050,인천광역시 연수구 옥련동 628 현대1차아파트 상가동,N,,3520000-205-1994-00003,3520000,"인천광역시 연수구 옥련로 33, 상가동 (옥련동, 현대1차아파트)",21955,0,01,영업/정상,일반세탁업,032-833-5080,0,0,0,0,0
0,자가,0,충청유천빨래방,일반세탁업,,,,,171987.637026762,435679.910908695,2026-05-06 22:44:27,I,01,영업,,2022-07-19 13:31:21,1994-12-13,18.00,406-760,인천광역시 연수구 연수동 534 연수유천아파트 상가동,N,,3520000-205-1994-00017,3520000,"인천광역시 연수구 먼우금로 302, 상가동 (연수동, 연수유천아파트)",21924,0,01,영업/정상,일반세탁업,032-816-8289,0,0,0,0,0
3,임대,0,유일세탁소,일반세탁업,,,,,170131.578264196,436403.342981075,2026-05-06 22:44:26,I,01,영업,,2024-09-10 09:19:50,1994-12-10,28.80,406-828,인천광역시 연수구 청학동 521-11,N,,3520000-205-1994-00022,3520000,인천광역시 연수구 청학로 23 (청학동),21903,0,01,영업/정상,일반세탁업,032-833-2749,1,0,1,0,0
0,,0,빛나라 세탁소,일반세탁업,,,,,170439.462149283,436267.788602439,2026-05-06 22:44:25,I,01,영업,,2024-09-10 09:20:45,1994-08-06,48.00,406-829,인천광역시 연수구 청학동 540-11 5통4반,N,,3520000-205-1994-00023,3520000,인천광역시 연수구 청학로16번길 61-1 (청학동),21904,0,01,영업/정상,일반세탁업,032-833-5849,0,0,0,0,0
0,,0,임마누엘세탁,일반세탁업,,,,,171027.688979791,433220.055219562,2026-05-06 22:44:24,I,01,영업,,2020-01-02 08:22:35,1994-08-23,28.88,406-130,인천광역시 연수구 동춘동 929,N,,3520000-205-1994-00030,3520000,인천광역시 연수구 경원대로119번길 21 (동춘동),21977,0,01,영업/정상,일반세탁업,032-813-5245,0,0,0,0,0
0,,0,로얄 세탁소,일반세탁업,,,,,170730.904382819,434389.530607612,2026-05-06 22:44:25,I,01,영업,,2024-09-09 15:25:07,1994-10-05,50.44,406-826,인천광역시 연수구 동춘동 921,N,,3520000-205-1994-00033,3520000,인천광역시 연수구 먼우금로 123 (동춘동),21966,1,01,영업/정상,일반세탁업,032-816-7861,0,0,0,0,0
0,,0,옥련 셀프 크리닝,일반세탁업,,,,,169584.820703321,435913.565762871,2026-05-06 22:44:20,I,01,영업,,2024-09-10 09:12:44,1995-10-04,99.00,406-834,인천광역시 연수구 옥련동 344-1,N,,3520000-205-1995-00004,3520000,인천광역시 연수구 한나루로180번길 20 (옥련동),21939,0,01,영업/정상,일반세탁업,032-832-1223,0,0,0,0,0
0,임대,0,대동월드 세탁,일반세탁업,,,,,171827.104381647,434646.893066718,2026-05-06 22:44:27,I,01,영업,,2023-06-15 13:22:36,1995-07-28,20.03,406-818,인천광역시 연수구 연수동 633 대동월드스포츠센터 상가동 143호,N,,3520000-205-1995-00018,3520000,"인천광역시 연수구 용담로 153, 대동월드스포츠센터 상가동 143호 (연수동)",21930,0,01,영업/정상,일반세탁업,032-812-8866,1,0,1,0,0
0,임대,0,용담 세탁,일반세탁업,,,,,170844.142667243,435508.152832982,2026-05-06 22:44:31,I,01,영업,,2021-09-07 14:04:15,1995-07-07,42.90,406-120,인천광역시 연수구 청학동 454,N,,3520000-205-1995-00019,3520000,인천광역시 연수구 용담로 25 (청학동),21916,0,01,영업/정상,일반세탁업,032-816-9917,2,0,2,0,0
4,임대,0,은혜 세탁,일반세탁업,2026-03-30,,,,171696.123190359,435920.947954103,2026-05-06 22:44:28,I,02,폐업,,2026-03-30 09:20:54,1996-01-23,44.00,406-810,인천광역시 연수구 연수동 493-6,N,,3520000-205-1996-00009,3520000,인천광역시 연수구 함박로8번길 40 (연수동),21913,0,03,폐업,일반세탁업,032-818-0209,1,0,1,0,0
1,,0,다듬이 셀프 크리닝,일반세탁업,,,,,171705.945932707,436037.753976486,2026-05-06 22:44:28,I,01,영업,,2022-07-19 13:39:42,1996-01-23,49.50,406-810,인천광역시 연수구 연수동 496-5 (1동),N,,3520000-205-1996-00010,3520000,"인천광역시 연수구 함박안로62번길 42 (연수동,(1동))",21912,0,01,영업/정상,일반세탁업,032-819-2779,0,0,1,0,0
0,,0,서울 세탁소,일반세탁업,,,,,171594.951337587,435989.063728212,2026-05-06 22:44:28,I,01,영업,,2024-09-09 15:47:53,1996-07-25,42.90,406-810,인천광역시 연수구 연수동 488-6 (1동),N,,3520000-205-1996-00015,3520000,"인천광역시 연수구 함박로12번길 17 (연수동,(1동))",21913,0,01,영업/정상,일반세탁업,032-819-1279,0,0,0,0,0
0,,0,대인사,일반세탁업,,,,,171862.501833689,434241.916507531,2026-05-06 22:44:26,I,01,영업,,2022-05-11 16:35:25,1996-03-15,.00,406-819,인천광역시 연수구 연수동 635 우성1차상가 103호(2동) (1층),N,,3520000-205-1996-00021,3520000,"인천광역시 연수구 청능대로 175 (연수동,우성1차상가 103호(2동) (1층))",21931,0,01,영업/정상,일반세탁업,032-819-9157,0,0,0,0,0
0,임대,0,연수 세탁,일반세탁업,,,,,172046.025602008,434468.611547525,2026-05-06 22:44:26,I,01,영업,,2022-05-11 16:22:11,1996-05-06,25.51,406-819,인천광역시 연수구 연수동 634 연수우성2차아파트 상가동 지하 1층 03호,N,,3520000-205-1996-00022,3520000,"인천광역시 연수구 원인재로 180, 상가동 지하 1층 03호 (연수동, 연수우성2차아파트)",21931,0,01,영업/정상,일반세탁업,032-811-6443,2,0,2,0,0
4,임대,1,백양세탁소,일반세탁업,,,,,171140.075533823,435117.83604228,2026-05-06 22:44:26,I,01,영업,,2022-05-11 16:36:02,1996-10-24,48.40,406-831,인천광역시 연수구 청학동 489-1 1층,N,,3520000-205-1996-00026,3520000,"인천광역시 연수구 청명로17번길 9 (청학동,1층)",21917,0,01,영업/정상,일반세탁업,032-818-7721,1,0,1,0,0
0,,0,동춘마을 세탁,일반세탁업,,,,,170730.904382819,434389.530607612,2026-05-06 22:44:26,I,01,영업,,2022-05-11 16:16:34,1996-08-02,23.70,406-752,인천광역시 연수구 동춘동 921 동춘마을아파트상가 103호 지상1층(먼우금길 57),N,,3520000-205-1996-00027,3520000,"인천광역시 연수구 먼우금로 123 (동춘동,동춘마을아파트상가 103호 지상1층(먼우금길 57))",21966,0,01,영업/정상,일반세탁업,032-816-1805,0,0,0,0,0
1,임대,0,삼성세탁소,일반세탁업,,,,,173104.163050479,436363.760087777,2026-05-06 22:44:27,I,01,영업,,2022-05-11 16:37:07,1997-01-21,42.90,406-808,인천광역시 연수구 선학동 394-1 (지상1층),N,,3520000-205-1997-00006,3520000,"인천광역시 연수구 학나래로117번길 25 (선학동,(지상1층))",21909,0,01,영업/정상,일반세탁업,032-819-3623,0,0,1,0,0
4,임대,1,LG세탁소,일반세탁업,,,,,172987.594305052,435755.082377591,2026-05-06 22:44:20,I,01,영업,,2022-05-11 16:17:24,1996-11-29,37.80,406-807,인천광역시 연수구 선학동 367-4 101호,N,,3520000-205-1997-00008,3520000,"인천광역시 연수구 학나래로5번길 19, 선학동 1층 101호 (선학동)",21911,0,01,영업/정상,일반세탁업,032-818-5348,1,0,1,0,0
0,자가,1,그린세탁,일반세탁업,,,,,172046.025602008,434468.611547525,2026-05-06 22:44:22,I,01,영업,,2014-09-11 14:25:14,1997-06-13,26.93,406-819,인천광역시 연수구 연수동 634 우성2차상가 지하6호,N,,3520000-205-1997-00015,3520000,"인천광역시 연수구 원인재로 180 (연수동,우성2차상가 지하6호)",21931,0,01,영업/정상,일반세탁업,032-811-2001,0,1,0,1,0
0,,0,경남 세탁소,일반세탁업,,,,,172919.707499151,435452.457207252,2026-05-06 22:44:26,I,01,영업,,2022-05-11 16:14:55,1997-06-25,42.90,406-811,인천광역시 연수구 연수동 532 경남A상가 2층 5호,N,,3520000-205-1997-00018,3520000,인천광역시 연수구 원인재로 312 (연수동),21937,0,01,영업/정상,일반세탁업,032-813-0513,0,0,0,0,0
0,,0,세탁이랑빨래랑,일반세탁업,,,,,170378.666745677,436234.470095049,2026-05-06 22:44:17,I,01,영업,,2024-09-10 09:20:19,1997-11-14,34.56,406-828,인천광역시 연수구 청학동 535-16,N,,3520000-205-1997-00024,3520000,인천광역시 연수구 청학로12번길 45 (청학동),21904,0,01,영업/정상,일반세탁업,032-833-6686,0,0,0,0,3
0,,0,선호세탁소,일반세탁업,,,,,170159.327060033,435992.07479337,2026-05-06 22:44:25,I,01,영업,,2013-01-02 21:18:04,1997-01-14,42.80,406-830,인천광역시 연수구 청학동 561-6 (1층),N,,3520000-205-1997-00025,3520000,"인천광역시 연수구 솔샘로92번길 3 (청학동,(1층))",21940,0,01,영업/정상,일반세탁업,032-833-6954,0,0,0,0,0
0,,0,현대원흥세탁소,일반세탁업,,,,,168418.335187317,436101.400271346,2026-05-06 22:44:24,I,01,영업,,2024-09-10 09:17:48,1998-03-11,23.22,406-050,인천광역시 연수구 옥련동 635-1 현대3차상가 201호,N,,3520000-205-1998-00011,3520000,"인천광역시 연수구 능허대로79번길 65 (옥련동,현대3차상가 201호)",21956,0,01,영업/정상,일반세탁업,032-833-6887,0,0,0,0,0
0,,0,현대세탁소(바늘과 실),일반세탁업,,,,,169026.565404995,435962.329809244,2026-05-06 22:44:31,I,01,영업,,2022-05-11 16:38:51,1999-07-10,23.80,406-050,인천광역시 연수구 옥련동 637-1 현대4차상가 1층 103호,N,,3520000-205-1999-00003,3520000,"인천광역시 연수구 한나루로105번길 68, 1층 103호 (옥련동, 현대4차상가)",21950,3,01,영업/정상,일반세탁업,032-832-4110,0,0,0,0,3
0,,0,대우 세탁소,일반세탁업,,,,,170501.305940536,434530.760644996,2026-05-06 22:44:26,I,01,영업,,2022-05-11 16:18:11,1999-04-09,25.50,406-826,인천광역시 연수구 동춘동 920-1 대우3차 상가 104호(1동),N,,3520000-205-1999-00010,3520000,"인천광역시 연수구 동곡재로117번길 22 (동춘동,대우3차 상가 104호(1동))",21965,0,01,영업/정상,일반세탁업,032-814-2023,0,0,0,0,0
0,,0,크린메이드,일반세탁업,,,,,170877.077537801,435165.636104188,2026-05-06 22:44:30,I,01,영업,,2020-07-28 10:23:05,2001-01-27,23.12,406-831,인천광역시 연수구 청학동 476-7 지상1층(청담길 56),N,,3520000-205-2001-00004,3520000,"인천광역시 연수구 함박뫼로4번길 7-8 (청학동,지상1층(청담길 56))",21917,0,01,영업/정상,일반세탁업,032-822-3777,1,0,1,0,0
0,,0,21세기 세탁,일반세탁업,2026-04-16,,,,170426.800046075,434354.329236596,2026-05-06 22:44:25,I,02,폐업,,2026-04-16 15:09:44,2001-03-30,25.80,406-803,인천광역시 연수구 동춘동 939 (1동)태평A 상가 105호(1층),N,,3520000-205-2001-00006,3520000,"인천광역시 연수구 앵고개로206번길 10 (동춘동,(1동)태평A 상가 105호(1층))",21969,0,03,폐업,일반세탁업,032-812-1031,0,0,0,0,0
0,자가,0,빨리 셀프 크리닝,일반세탁업,,,,,171022.476403852,434139.008471616,2026-05-06 22:44:25,I,01,영업,,2024-09-09 15:27:23,2001-04-03,67.20,406-130,인천광역시 연수구 동춘동 924 현대.대림(아)상가 108호,N,,3520000-205-2001-00007,3520000,"인천광역시 연수구 먼우금로 126 (동춘동,현대.대림(아)상가 108호)",21968,0,01,영업/정상,일반세탁업,032-819-8484,1,0,1,0,0
0,,0,정광태산대진세탁소,일반세탁업,,,,,173312.566042058,435570.783218321,2026-05-06 22:44:24,I,01,영업,,2023-01-20 13:54:14,2002-10-31,17.00,406-090,인천광역시 연수구 선학동 340 정광상가 105호,N,,3520000-205-2002-00006,3520000,"인천광역시 연수구 선학로 37, 105호 (선학동, 정광상가)",21938,0,01,영업/정상,일반세탁업,032-815-6070,0,0,0,0,0
0,,0,성화세탁소,일반세탁업,,,,,171987.637026762,435679.910908695,2026-05-06 22:44:23,I,01,영업,,2022-07-19 13:32:45,2003-05-07,49.60,406-760,인천광역시 연수구 연수동 534 연수유천아파트 상가동 202호,N,,3520000-205-2003-00009,3520000,"인천광역시 연수구 먼우금로 302, 상가동 2층 202호 (연수동, 연수유천아파트)",21924,0,01,영업/정상,일반세탁업,032-813-6391,0,0,0,0,0
2,임대,0,주공3차세탁소,일반세탁업,,,,,172069.819239767,434956.578456397,2026-05-06 22:44:22,I,01,영업,,2022-05-11 16:27:16,2003-11-25,22.66,406-816,인천광역시 연수구 연수동 578-4 201호,N,,3520000-205-2003-00015,3520000,인천광역시 연수구 새말로 152 (연수동),21928,0,01,영업/정상,일반세탁업,032-812-5334,0,0,2,0,0
0,,0,재창세탁소,일반세탁업,,,,,169592.82426951,436090.784862424,2026-05-06 22:44:22,I,01,영업,,2022-05-11 16:42:35,2003-12-26,35.71,406-833,인천광역시 연수구 옥련동 308-30 1층 (한나루로 194-3),N,,3520000-205-2003-00017,3520000,"인천광역시 연수구 한나루로 194-3 (옥련동,1층 (한나루로 194-3))",21939,0,01,영업/정상,일반세탁업,032-832-9325,0,0,0,0,0
0,,0,대우삼환세탁소,일반세탁업,,,,,171488.410485276,433801.86800575,2026-05-06 22:44:22,I,01,영업,,2024-09-09 15:28:49,2004-01-02,28.25,406-130,인천광역시 연수구 동춘동 925-7 대우삼환분산상가102호(지상1층),N,,3520000-205-2004-00001,3520000,"인천광역시 연수구 원인재로 88 (동춘동,대우삼환분산상가102호(지상1층))",21974,0,01,영업/정상,일반세탁업,032-814-6595,0,0,0,0,0
0,,0,동춘컴퓨터세탁,일반세탁업,,,,,170534.307930734,433300.415507678,2026-05-06 22:44:22,I,01,영업,,2022-05-11 16:43:19,2004-01-12,25.20,406-130,인천광역시 연수구 동춘동 943 동남A상가 111호,N,,3520000-205-2004-00002,3520000,"인천광역시 연수구 먼우금로 19 (동춘동,동남A상가 111호)",21971,0,01,영업/정상,일반세탁업,032-816-7946,0,0,0,0,0
2,,0,우성세탁,일반세탁업,,,,,168696.729913834,435790.382454151,2026-05-06 22:44:22,I,01,영업,,2024-09-10 09:18:24,2004-01-19,20.46,406-050,인천광역시 연수구 옥련동 636-1 우성(아)상가 107호,N,,3520000-205-2004-00003,3520000,"인천광역시 연수구 독배로40번길 48 (옥련동,우성(아)상가 107호)",21951,0,01,영업/정상,일반세탁업,032-831-1484,1,0,1,0,0
0,임대,0,현대세탁소,일반세탁업,,,,,168676.313300343,436262.325307416,2026-05-06 22:44:23,I,01,영업,,2024-09-10 09:12:06,2004-02-10,33.28,406-838,인천광역시 연수구 옥련동 168-1 극동 102호,N,,3520000-205-2004-00005,3520000,"인천광역시 연수구 독배로82번길 27-3 (옥련동,극동 102호)",21947,0,01,영업/정상,일반세탁업,032-831-7447,0,0,0,0,0
0,,0,뉴서울세탁소,일반세탁업,,,,,173383.493477295,435919.616344878,2026-05-06 22:44:22,I,01,영업,,2022-05-11 16:45:26,2004-04-01,24.74,406-090,인천광역시 연수구 선학동 352 뉴서울(아)상가 108호(선학1로17),N,,3520000-205-2004-00010,3520000,"인천광역시 연수구 선학로 101 (선학동,뉴서울(아)상가 108호(선학1로17))",21910,0,01,영업/정상,일반세탁업,032-814-2996,2,0,2,0,0
4,임대,0,정광세탁,일반세탁업,,,,,170792.319507752,435984.325108072,2026-05-06 22:44:22,I,01,영업,,2024-09-09 15:47:11,2004-04-28,61.11,406-809,인천광역시 연수구 연수동 472-11,N,,3520000-205-2004-00013,3520000,인천광역시 연수구 비류대로321번길 2-7 (연수동),21914,0,01,영업/정상,일반세탁업,032-817-1389,1,0,1,0,0
1,임대,0,현대세탁,일반세탁업,,,,,170657.681707531,436177.219334122,2026-05-06 22:44:22,I,01,영업,,2022-05-11 16:13:57,2004-05-17,53.42,406-829,인천광역시 연수구 청학동 551-4 오성상가주택 지상1층 2호(계림로112번길 10),N,,3520000-205-2004-00014,3520000,"인천광역시 연수구 계림로112번길 10 (청학동,오성상가주택 지상1층 2호(계림로112번길 10))",21906,0,01,영업/정상,일반세탁업,032-831-0703,1,0,1,0,0
0,임대,0,지하특수세탁,일반세탁업,,,,,169223.970117397,435938.772093836,2026-05-06 22:44:21,I,01,영업,,2022-11-04 16:04:41,2004-06-07,23.76,406-050,인천광역시 연수구 옥련동 644-1 쌍용아파트,N,,3520000-205-2004-00016,3520000,"인천광역시 연수구 청량로 210, 상가동 지하1층 7,8호 (옥련동, 쌍용아파트)",21953,0,01,영업/정상,일반세탁업,032-832-0222,0,1,0,1,0
0,자가,0,성호세탁소,일반세탁업,,,,,170429.727480175,435692.956289862,2026-05-06 22:44:21,I,01,영업,,2022-05-11 16:48:04,2004-07-01,20.90,406-793,인천광역시 연수구 청학동 449 성호아파트상가 105호,N,,3520000-205-2004-00022,3520000,"인천광역시 연수구 솔샘로43번길 15 (청학동,성호아파트상가 105호)",21943,0,01,영업/정상,일반세탁업,032-0832-7728,0,0,0,0,0
0,임대,0,태평세탁,일반세탁업,,,,,169415.459156718,436055.408747711,2026-05-06 22:44:21,I,01,영업,,2024-09-10 09:19:22,2004-07-07,18.15,406-050,인천광역시 연수구 옥련동 641-1 태평아파트상가 104호,N,,3520000-205-2004-00025,3520000,"인천광역시 연수구 한나루로193번길 16 (옥련동,태평아파트상가 104호)",21954,0,01,영업/정상,일반세탁업,032-833-0588,0,0,0,0,0
0,임대,0,베스트크리닝,일반세탁업,,,,,171779.008587712,434763.130768294,2026-05-06 22:44:21,I,01,영업,,2022-05-11 16:49:53,2004-07-19,57.40,406-818,인천광역시 연수구 연수동 619-5 (샘말1로 25),N,,3520000-205-2004-00026,3520000,"인천광역시 연수구 용담로149번길 43 (연수동,(샘말1로 25))",21929,0,01,영업/정상,일반세탁업,032-816-5047,1,0,1,0,0
0,임대,0,황해세탁소,일반세탁업,,,,,170534.307930734,433300.415507678,2026-05-06 22:44:21,I,01,영업,,2020-05-19 17:37:33,2004-08-03,24.00,406-130,인천광역시 연수구 동춘동 943 동남상가 114호,N,,3520000-205-2004-00029,3520000,"인천광역시 연수구 먼우금로 19 (동춘동,동남상가 114호)",21971,0,01,영업/정상,일반세탁업,032-815-5976,1,0,1,0,0
0,자가,0,동아금호세탁소,일반세탁업,,,,,171251.627855215,434354.931922556,2026-05-06 22:44:21,I,01,영업,,2024-09-09 15:26:28,2004-09-08,45.00,406-826,인천광역시 연수구 동춘동 923 동아금호 상가동 105호,N,,3520000-205-2004-00034,3520000,"인천광역시 연수구 청능대로 124, 105호 (동춘동, 동아금호상가)",21967,0,01,영업/정상,일반세탁업,032-813-0118,2,0,2,0,0
0,임대,0,크린벨 세탁전문점,일반세탁업,,,,,171402.154089526,435381.333893265,2026-05-06 22:44:31,I,01,영업,1,2024-09-09 15:53:43,2004-05-31,127.50,406-814,인천광역시 연수구 연수동 550-7 지상1층,N,2,3520000-205-2004-00041,3520000,"인천광역시 연수구 먼우금로251번길 33, 지상1층 (연수동)",21921,2,01,영업/정상,일반세탁업,032-864-1898,0,0,0,0,4
0,임대,0,풍림세탁소,일반세탁업,,,,,169592.805161004,432413.664564973,2026-05-06 22:44:20,I,01,영업,,2021-12-15 13:47:55,2005-06-22,21.35,406-081,인천광역시 연수구 송도동 2-9 풍림아이원4차상가 110호,N,,3520000-205-2005-00009,3520000,"인천광역시 연수구 신송로82번길 6 (송도동,풍림아이원4차상가 110호)",21994,0,01,영업/정상,일반세탁업,032-851-8899,2,0,2,0,2
0,임대,0,금호세탁,일반세탁업,,,,,169463.159559538,432238.308588467,2026-05-06 22:44:20,I,01,영업,,2015-01-05 16:20:46,2005-08-10,25.80,406-081,인천광역시 연수구 송도동 3-38 송도금호어울림상가 205호,N,,3520000-205-2005-00011,3520000,"인천광역시 연수구 해돋이로84번길 30, 205호 (송도동, 송도금호 어울림 상가)",21996,0,01,영업/정상,일반세탁업,032-851-0567,2,0,2,0,2
0,임대,0,아이파크크리링,일반세탁업,,,,,169705.983155825,431785.696347898,2026-05-06 22:44:20,I,01,영업,,2013-01-02 19:38:10,2005-09-16,20.01,406-081,인천광역시 연수구 송도동 3-46 아이파크송도(아)상가 109호,N,,3520000-205-2005-00013,3520000,"인천광역시 연수구 해돋이로6번길 7 (송도동,아이파크송도(아)상가 109호)",21996,0,01,영업/정상,일반세탁업,032-858-4567,1,0,1,0,2
0,,0,신도시세탁소,일반세탁업,,,,,169107.945098799,432429.543095986,2026-05-06 22:44:21,I,01,영업,,2013-02-28 16:43:15,2005-10-31,35.78,406-081,인천광역시 연수구 송도동 3-10 송도풍림아이원2단지아파트상가동 109호,N,,3520000-205-2005-00015,3520000,"인천광역시 연수구 해돋이로120번길 16, 109호 (송도동, 송도풍림아이원2단지아파트상가동)",21995,0,01,영업/정상,일반세탁업,032-851-1515,1,0,1,0,1
0,임대,0,풍림3블럭세탁소,일반세탁업,,,,,169222.432938339,432273.464557833,2026-05-06 22:44:18,I,01,영업,,2022-05-11 16:50:48,2006-04-10,32.25,406-081,인천광역시 연수구 송도동 3-13 송도풍림아이원3블럭아파트상가동 106호,N,,3520000-205-2006-00001,3520000,"인천광역시 연수구 해돋이로84번길 29 (송도동,송도풍림아이원3블럭아파트상가동 106호)",21996,0,01,영업/정상,일반세탁업,032-858-7788,2,0,2,0,2
0,,0,은하세탁소,일반세탁업,,,,,171658.474407925,435739.171585738,2026-05-06 22:44:19,I,01,영업,,2024-09-09 15:52:31,2006-07-19,23.01,406-813,인천광역시 연수구 연수동 535-2 우주아파트상가  106호,N,,3520000-205-2006-00002,3520000,인천광역시 연수구 함박뫼로 123 (연수동),21922,0,01,영업/정상,일반세탁업,032-811-6866,1,0,1,0,2
0,,0,마스터뷰 세탁소,일반세탁업,,,,,167175.760503378,431399.658870303,2026-05-06 22:44:31,I,01,영업,,2024-09-09 15:32:09,2006-07-24,48.90,406-081,인천광역시 연수구 송도동 110 송도 더샵 마스터뷰 21BL 상가동 7호,N,,3520000-205-2006-00003,3520000,"인천광역시 연수구 컨벤시아대로274번길 55, 상가동 7호 (송도동, 송도 더샵 마스터뷰 21BL)",22009,0,01,영업/정상,일반세탁업,032-851-4569,1,0,1,0,2
0,임대,0,센트럴파크국제세탁소,일반세탁업,,,,,167848.405926729,432799.8628413,2026-05-06 22:44:31,I,01,영업,,2018-12-31 14:24:45,2006-08-08,34.58,406-081,인천광역시 연수구 송도동 23-3 D동 105호,N,,3520000-205-2006-00004,3520000,"인천광역시 연수구 센트럴로 232, D동 1층 105호 (송도동, 센트럴파크)",22003,0,01,영업/정상,일반세탁업,032-831-5519,2,0,2,0,2
0,,0,송도해모로세탁소,일반세탁업,,,,,169834.243515823,431951.369763058,2026-05-06 22:44:19,I,01,영업,,2022-05-11 16:26:03,2006-08-30,25.35,406-081,인천광역시 연수구 송도동 3-44 송도해모로아파트 상가동 207호,N,,3520000-205-2006-00006,3520000,"인천광역시 연수구 해돋이로6번길 33 (송도동,송도해모로아파트 상가동 207호)",21996,0,01,영업/정상,일반세탁업,032-851-5060,2,0,2,0,2
0,임대,0,e-향기로운 세탁,일반세탁업,,,,,171483.06,435303.555,2026-05-06 22:44:19,I,01,영업,,2022-05-11 16:29:57,2007-02-01,34.40,406-814,인천광역시 연수구 연수동 543-13,N,,3520000-205-2007-00001,3520000,인천광역시 연수구 새말로 79 (연수동),21921,0,01,영업/정상,일반세탁업,,1,0,1,0,1
0,,0,한양세탁소,일반세탁업,,,,,171663.445719425,434052.955550005,2026-05-06 22:44:30,I,01,영업,,2024-09-09 15:27:59,2007-03-16,31.68,406-130,인천광역시 연수구 동춘동 925 한앙아파트상가 121호 (원인재로 36),N,,3520000-205-2007-00002,3520000,"인천광역시 연수구 원인재로 124 (동춘동,한앙아파트상가 121호 (원인재로 36))",21974,0,01,영업/정상,일반세탁업,032-821-7778,1,0,1,0,1
0,,0,무지개세탁,일반세탁업,,,,,170809.247702124,433320.632786339,2026-05-06 22:44:19,I,01,영업,,2014-11-25 17:07:06,2007-03-20,37.88,406-130,인천광역시 연수구 동춘동 931 무지개마을(아) 상가 1층 115호,N,,3520000-205-2007-00003,3520000,"인천광역시 연수구 원인재로 14 (동춘동,무지개마을(아) 상가 1층 115호)",21977,0,01,영업/정상,일반세탁업,032-813-3633,1,0,1,0,2
0,임대,1,운동화빠는집,운동화전문세탁업,,,,,170809.247702124,433320.632786339,2026-05-06 22:44:29,I,01,영업,,2024-09-09 15:30:12,2008-08-13,52.47,406-130,인천광역시 연수구 동춘동 931 무지개상가 27~30호,N,,3520000-205-2008-00002,3520000,"인천광역시 연수구 원인재로 14, 1층 27~30호 (동춘동, 무지개@상가)",21977,0,01,영업/정상,운동화전문세탁업,032-822-4009,0,0,0,0,2
2,임대,0,대림세탁,일반세탁업,,,,,172919.707499151,435452.457207252,2026-05-06 22:44:29,I,01,영업,,2024-09-09 15:48:27,2009-01-05,30.87,406-711,인천광역시 연수구 연수동 532 대림아파트 상가동 204호,N,,3520000-205-2009-00001,3520000,"인천광역시 연수구 원인재로 286, 대림아파트 상가동 204호 (연수동)",21937,1,01,영업/정상,일반세탁업,032-813-0496,2,0,2,0,2
0,,0,윤성세탁소,일반세탁업,,,,,172992.309692769,436478.124245547,2026-05-06 22:44:30,I,01,영업,,2013-01-02 20:02:14,2009-03-30,33.50,406-808,인천광역시 연수구 선학동 387 윤성아파트상가동105호(선유봉길 42),N,,3520000-205-2009-00003,3520000,"인천광역시 연수구 넘말로79번길 45 (선학동,윤성아파트상가동105호(선유봉길 42))",21909,1,01,영업/정상,일반세탁업,032-817-1963,0,0,0,0,1
0,,0,더샾세탁소,일반세탁업,,,,,168780.099913799,432168.287166052,2026-05-06 22:44:30,I,01,영업,,2022-05-11 16:15:37,2009-04-21,32.00,406-081,인천광역시 연수구 송도동 4-1 송도더샵퍼스트월드H동 상가24호(해돋이로107),N,,3520000-205-2009-00004,3520000,"인천광역시 연수구 해돋이로 107 (송도동,송도더샵퍼스트월드H동 상가24호(해돋이로107))",21997,1,01,영업/정상,일반세탁업,032-835-7889,0,0,0,0,1
0,,0,세탁은행,일반세탁업,,,,,171690.636306477,435219.786232813,2026-05-06 22:44:30,I,01,영업,,2013-01-02 20:07:45,2010-05-03,73.75,406-814,인천광역시 연수구 연수동 571-2 지상1층(새말로 105),N,,3520000-205-2010-00002,3520000,"인천광역시 연수구 새말로 105 (연수동,지상1층(새말로 105))",21925,1,01,영업/정상,일반세탁업,032-819-5743,1,0,1,0,3
0,,0,현대세탁소,일반세탁업,,,,,168649.958937086,436030.672649058,2026-05-06 22:44:30,I,01,영업,,2013-01-02 19:44:12,2010-07-16,38.00,406-050,인천광역시 연수구 옥련동 633 현대2차APT상가동 105호,N,,3520000-205-2010-00003,3520000,"인천광역시 연수구 독배로 58, 105호 (옥련동,현대2차APT상가동)",21949,1,01,영업/정상,일반세탁업,032-832-3865,0,0,0,0,2
0,,0,크린리더 세탁소,일반세탁업,,,,,172924.944839156,435788.106025664,2026-05-06 22:44:30,I,01,영업,,2013-01-02 20:01:58,2010-09-24,60.00,406-807,인천광역시 연수구 선학동 366 지상1층(비류대로 541번길 14-2),N,,3520000-205-2010-00006,3520000,"인천광역시 연수구 비류대로541번길 14-2 (선학동,지상1층(비류대로 541번길 14-2))",21911,2,01,영업/정상,일반세탁업,032-815-5427,1,0,0,0,1
0,,0,신현대세탁소,일반세탁업,,,,,170614.239120994,436267.320265185,2026-05-06 22:44:30,I,01,영업,,2017-02-20 17:26:11,2010-09-27,41.34,406-829,인천광역시 연수구 청학동 545-3 현대상가동 101호,N,,3520000-205-2010-00007,3520000,"인천광역시 연수구 계림로 95, 101호 (청학동, 현대상가동)",21905,1,01,영업/정상,일반세탁업,032-831-0705,1,0,1,0,2
0,,0,포스코세탁,일반세탁업,,,,,168780.099913799,432168.287166052,2026-05-06 22:44:30,I,01,영업,,2022-05-11 16:12:32,2010-11-22,30.00,406-081,"인천광역시 연수구 송도동 4-1 더샾퍼스트월드상가H동 43,44호1층(해돋이로107)",N,,3520000-205-2010-00008,3520000,"인천광역시 연수구 해돋이로 107 (송도동,더샾퍼스트월드상가H동 43,44호1층(해돋이로107))",21997,2,01,영업/정상,일반세탁업,032-835-6606,1,0,1,0,1
0,임대,0,자이명품세탁,일반세탁업,,,,,168188.576609606,432742.949644095,2026-05-06 22:44:30,I,01,영업,,2014-10-28 13:48:56,2011-01-21,30.00,406-081,인천광역시 연수구 송도동 19-6 송도자이하버뷰1단지 에이동 103호,N,,3520000-205-2011-00001,3520000,"인천광역시 연수구 컨벤시아대로130번길 58, 에이동 103호 (송도동, 송도자이하버뷰1단지)",22003,1,01,영업/정상,일반세탁업,032-831-8182,2,0,2,0,1
0,,0,대우명품세탁,일반세탁업,,,,,168039.593734598,432872.615854403,2026-05-06 22:44:30,I,01,영업,,2024-09-09 15:43:21,2011-05-23,30.53,406-081,인천광역시 연수구 송도동 19-5 대우푸르지오하버뷰 상가동 104호,N,,3520000-205-2011-00002,3520000,"인천광역시 연수구 컨벤시아대로130번길 80 (송도동,대우푸르지오하버뷰 상가동 104호)",22003,1,01,영업/정상,일반세탁업,032-831-3330,2,0,2,0,1
0,,0,쉐라톤세탁소,일반세탁업,,,,,168527.626092719,432075.974453078,2026-05-06 22:44:30,I,01,영업,,2025-12-12 17:28:46,2011-07-20,117.68,406-081,인천광역시 연수구 송도동 6-9 쉐라톤인천호텔내 지상5층,N,,3520000-205-2011-00004,3520000,"인천광역시 연수구 컨벤시아대로 153 (송도동,쉐라톤인천호텔내 지상5층)",21998,1,01,영업/정상,일반세탁업,032-835-1000,5,0,5,0,2
0,,0,더샵하버뷰세탁,일반세탁업,,,,,168616.166613052,432958.21636493,2026-05-06 22:44:30,I,01,영업,,2025-08-29 13:31:21,2011-08-01,25.00,406-081,인천광역시 연수구 송도동 17-5 더샵하버뷰상가동 1층 102호일부(아트센터대로97번길75),N,,3520000-205-2011-00005,3520000,"인천광역시 연수구 아트센터대로97번길 75 (송도동,더샵하버뷰상가동 1층 102호일부(아트센터대로97번길75))",22002,1,01,영업/정상,일반세탁업,032-859-9966,1,0,1,0,1
0,,0,레이크명품세탁,일반세탁업,,,,,166301.552847881,432807.59989079,2026-05-06 22:44:32,I,01,영업,,2024-09-09 15:45:49,2012-04-03,36.00,406-081,인천광역시 연수구 송도동 397-8 힐스테이트 레이크 송도 2차 222동 102호,N,,3520000-205-2012-00002,3520000,"인천광역시 연수구 아카데미로 446, 222동 102호 (송도동, 힐스테이트 레이크 송도 2차)",22022,0,01,영업/정상,일반세탁업,032-833-7772,1,0,1,0,0
0,,0,퍼스트세탁소,일반세탁업,,,,,168780.099913799,432168.287166052,2026-05-06 22:44:31,I,01,영업,,2024-09-09 15:46:35,2012-05-01,38.47,406-081,인천광역시 연수구 송도동 4-1 송도 더샵 퍼스트월드 G동 1층 13호,N,,3520000-205-2012-00003,3520000,"인천광역시 연수구 해돋이로 107, G동 1층 13호 (송도동, 송도 더샵 퍼스트월드)",21997,1,01,영업/정상,일반세탁업,032-835-6666,1,0,1,0,1
0,,0,자이 베스트 세탁소,일반세탁업,,,,,168329.936784112,432626.447054979,2026-05-06 22:44:31,I,01,영업,,2013-08-28 15:28:59,2012-06-28,28.03,406-081,인천광역시 연수구 송도동 19-7 108,N,,3520000-205-2012-00007,3520000,"인천광역시 연수구 컨벤시아대로130번길 32, 1층 108호 (송도동)",22003,1,01,영업/정상,일반세탁업,032-858-8844,0,0,0,0,3
2,,0,하버뷰II세탁소,일반세탁업,,,,,168336.80766905,432912.535863167,2026-05-06 22:44:30,I,01,영업,,2015-07-06 10:50:57,2012-09-21,25.96,406-081,인천광역시 연수구 송도동 18-7 송도더샵하버뷰2상가 지상2층 203호,N,,3520000-205-2012-00010,3520000,"인천광역시 연수구 아트센터대로97번길 56 (송도동,송도더샵하버뷰2상가 지상2층 203호)",22002,1,01,영업/정상,일반세탁업,032-831-5506,0,0,0,0,1
0,,0,롯데캐슬 클리닝(Cleaning),일반세탁업,,,,,170482.230791445,431712.716578323,2026-05-06 22:44:30,I,01,영업,,2017-06-19 15:23:42,2012-11-27,30.60,406-081,인천광역시 연수구 송도동 150 롯데캐슬 단지상가 112동 104호,N,,3520000-205-2012-00012,3520000,"인천광역시 연수구 송도과학로27번길 70, 112동 1층 104호 (송도동, 롯데캐슬 단지상가)",21982,2,01,영업/정상,일반세탁업,,1,,1,,2
0,,0,파크명품세탁,일반세탁업,,,,,168405.695874811,432336.114528429,2026-05-06 22:44:32,I,01,영업,,2018-05-23 16:30:13,2013-04-10,34.03,406-081,인천광역시 연수구 송도동 23-5 송도센트럴파크푸르지오 139호,N,,3520000-205-2013-00002,3520000,"인천광역시 연수구 센트럴로 160, 판매시설동 1층 139호 (송도동, 송도센트럴파크푸르지오)",22003,1,01,영업/정상,일반세탁업,032-831-8155,0,0,0,0,2
0,,0,올댓크린,일반세탁업,,,,,170809.247702124,433320.632786339,2026-05-06 22:44:31,I,01,영업,,2014-05-26 13:24:42,2013-06-04,75.60,406-130,인천광역시 연수구 동춘동 931,N,,3520000-205-2013-00004,3520000,"인천광역시 연수구 원인재로 14 (동춘동, 무지개마을상가 지하1층 14~17호,22~25호)",21977,2,01,영업/정상,일반세탁업,032-814-1241,0,0,0,0,3
0,,0,그린애비뉴세탁소,일반세탁업,,,,,168622.823865119,433249.134190456,2026-05-06 22:44:31,I,01,영업,,2014-01-08 15:07:33,2013-12-23,26.95,406-081,인천광역시 연수구 송도동 16-7 그린애비뉴@상가 817동 109호,N,,3520000-205-2013-00010,3520000,"인천광역시 연수구 컨벤시아대로42번길 61, 817동 1층 109호 (송도동, 그린애비뉴@상가)",22001,1,01,영업/정상,일반세탁업,032-858-2044,0,0,0,0,2
0,,0,그린명품세탁소,일반세탁업,,,,,168186.116897653,433042.02320971,2026-05-06 22:44:31,I,01,영업,,2024-09-09 15:42:03,2014-10-01,40.30,406-081,인천광역시 연수구 송도동 18-6 더샵그린워크1차 상가동 104호,N,,3520000-205-2014-00007,3520000,"인천광역시 연수구 아트센터대로97번길 30, 상가동 104호 (송도동, 더샵그린워크1차)",22002,1,01,영업/정상,일반세탁업,032-832-4800,1,0,1,0,1
0,,0,그린워크 착한세탁소,일반세탁업,,,,,168187.637964712,433328.456693029,2026-05-06 22:44:32,I,01,영업,,2021-05-14 10:59:49,2014-10-31,34.70,406-081,인천광역시 연수구 송도동 17-3 더샵그린워크 2차 1107동 103호,N,,3520000-205-2014-00008,3520000,"인천광역시 연수구 아트센터대로97번길 15, 103호 (송도동, 더샵그린워크2차 1107동)",22002,1,01,영업/정상,일반세탁업,032-832-1388,0,0,0,0,3
0,,0,유니드,일반세탁업,,,,,,,2026-05-06 22:44:31,I,01,영업,0,2019-12-30 13:35:44,2014-11-10,41.07,406-140,인천광역시 연수구 동춘동 0 송도파크자이 상가동 109호,N,0,3520000-205-2014-00009,3520000,"인천광역시 연수구 앵고개로104번길 22, 상가동 109호 (동춘동, 송도파크자이)",21980,1,01,영업/정상,일반세탁업,032-423-3337,0,0,0,0,1
0,,0,한진롯데세탁소,일반세탁업,,,,,171148.738503852,431422.160243464,2026-05-06 22:44:31,I,01,영업,0,2024-09-09 15:41:34,2015-01-09,25.52,406-081,인천광역시 연수구 송도동 161-3 송도캐슬해모로 220동 108호,N,0,3520000-205-2015-00001,3520000,"인천광역시 연수구 송도과학로51번길 136, 108호 (송도동, 송도캐슬해모로)",21982,1,01,영업/정상,일반세탁업,032-821-1588,0,0,0,0,1
0,,0,연수세탁,일반세탁업,,,,,171658.474407925,435739.171585738,2026-05-06 22:44:31,I,01,영업,0,2016-05-31 18:03:24,2016-05-16,38.90,406-813,인천광역시 연수구 연수동 535-2 태경아파트상가 지상1층 115호,N,0,3520000-205-2016-00002,3520000,"인천광역시 연수구 먼우금로 299, 지상1층 115호 (연수동, 태경아파트상가)",21922,0,01,영업/정상,일반세탁업,032-819-0152,,,,,1
0,,0,얼룩빼기이박사,일반세탁업,,,,,170269.035810393,431824.58077657,2026-05-06 22:44:31,I,01,영업,0,2016-07-08 11:13:12,2016-06-27,65.89,406-081,인천광역시 연수구 송도동 149 롯데캐슬캠퍼스타운 301 B-212호,N,0,3520000-205-2016-00004,3520000,"인천광역시 연수구 송도과학로27번길 55, 지상2층 (송도동, 롯데캐슬캠퍼스타운 301 B-212호)",21982,1,01,영업/정상,일반세탁업,032-818-8108,0,0,0,0,1
0,임대,0,민세탁,일반세탁업,,,,,169422.743171571,429839.914714576,2026-05-06 22:44:31,I,01,영업,,2021-12-02 09:42:18,2017-03-29,33.22,406-081,인천광역시 연수구 송도동 192-8 베르디움 더퍼스트 상가2동 201호,N,,3520000-205-2017-00001,3520000,"인천광역시 연수구 송도문화로84번길 84, 상가2동 2층 201호 (송도동, 베르디움 더퍼스트)",21986,0,01,영업/정상,일반세탁업,032-813-0999,0,0,0,0,0
0,,0,달인,일반세탁업,,,,,171539.30991061,434939.735148103,2026-05-06 22:44:32,I,01,영업,0,2017-08-01 15:31:22,2017-08-01,40.98,406-818,인천광역시 연수구 연수동 593-11 이레하이닉스 102동 101호,N,0,3520000-205-2017-00002,3520000,"인천광역시 연수구 먼우금로222번길 35, 102동 101호 (연수동, 이레하이닉스)",21927,1,01,영업/정상,일반세탁업,032-818-1546,,,,,2
0,,0,풍림세탁소,일반세탁업,,,,,172660.710821441,435091.819897435,2026-05-06 22:44:32,I,01,영업,0,2020-07-06 13:53:01,2017-09-05,37.05,406-110,인천광역시 연수구 연수동 582 풍림상가 201호,N,0,3520000-205-2017-00003,3520000,"인천광역시 연수구 함박뫼로 250, 상가동 201호 (연수동, 연수풍림1차아파트)",21934,1,01,영업/정상,일반세탁업,032-811-3377,0,0,0,0,2
