자동환기여부,건물용도명,사업장명,폐업일자,좌표X,좌표Y,문화사업자구분명,문화체육업종명,편의시설여부,데이터갱신시점,데이터갱신구분,상세영업상태코드,상세영업상태명,비상구여부,비상계단여부,기존게임업외업종명,제작취급품목내용,시설면적,소방시설여부,지상층수,청소년실수,청소년실여부,노래방실수,최종수정시점,인허가취소일자,인허가일자,소재지우편번호,지번주소,조명시설유무,조명시설조도,관리번호,개방자치단체코드,통로너비,제공게임물명,지역구분명,도로명주소,도로명우편번호,영업상태구분코드,영업상태명,방음시설여부,음향시설여부,특수조명여부,주변환경명,휴업시작일자,휴업종료일자,소재지전화번호,총게임기수,총층수,지하층수,비디오재생기명
,근린생활시설,엑스트로,2013-03-31,199748.154305755,451005.66662748,유통관련업,노래연습장업,,2026-05-06 22:37:57,I,03,폐업,,,,,0,,0,,,,2014-05-20 14:36:16,,1992-07-11,,서울특별시 중구 충무로5가 85-2 (지하1),,,CDFF3242051992000001,3010000,,,,"서울특별시 중구 서애로 12-4  (충무로5가,(지하1))",,03,폐업,,,,,,,22634244,,0,0,
N,근린생활시설,25시,2007-04-02,197590.218711428,450602.819271123,유통관련업,노래연습장업,,2026-05-06 22:37:57,I,03,폐업,N,N,,,,,,,N,,2007-04-02 14:32:10,,1992-08-03,100-801,서울특별시 중구 남대문로5가 84-3,,,CDFF3242051992000002,3010000,,,,서울특별시 중구 세종대로 10-1  (남대문로5가),,03,폐업,N,,N,,,,,,,,
N,근린생활시설,샘터,2011-05-04,197497.227122784,450603.604333833,유통관련업,노래연습장업,,2026-05-06 22:37:57,I,03,폐업,N,N,,,,,,,,,2011-05-04 15:05:13,,1992-08-19,,서울특별시 중구 남대문로5가 63-9,,,CDFF3242051992000003,3010000,,,,서울특별시 중구 세종대로 3-1  (남대문로5가),,03,폐업,N,,N,,,,,,,,
N,근린생활시설,국제,2007-12-03,198365.141031036,451631.187645921,유통관련업,노래연습장업,,2026-05-06 22:37:57,I,03,폐업,N,N,,,,,,,N,,2007-12-03 11:24:06,,1992-08-19,100-180,서울특별시 중구 다동 111-0,,,CDFF3242051992000004,3010000,,,,서울특별시 중구 남대문로 109  (다동),,03,폐업,N,,N,,,,,,,,
N,근린생활시설,이도령,2002-03-12,,,유통관련업,노래연습장업,,2026-05-06 22:37:57,I,03,폐업,N,N,,,,,,,N,,2003-08-01 15:00:43,,1992-09-04,100-858,서울특별시 중구 중림동 128-20,,,CDFF3242051992000005,3010000,,,,,,03,폐업,N,,N,,,,,,,,
,근린생활시설,비엔나노래방,2003-01-16,197885.418380677,451144.221659626,유통관련업,노래연습장업,,2026-05-06 22:37:57,I,03,폐업,,,,,0,,0,,,,2003-02-11 18:21:03,,1992-09-04,100-864,서울특별시 중구 태평로2가 69-6,,,CDFF3242051992000006,3010000,,,,서울특별시 중구 세종대로 72-1  (태평로2가),,03,폐업,,,,,,,,,0,0,
N,근린생활시설,스타,2006-03-29,197185.873726348,450597.615172744,유통관련업,노래연습장업,,2026-05-06 22:37:57,I,03,폐업,N,N,,,,,,,N,,2006-03-29 14:34:46,,1992-09-07,100-858,서울특별시 중구 중림동 129-35,,,CDFF3242051992000007,3010000,,,,서울특별시 중구 청파로 425-2  (중림동),,03,폐업,N,,N,,,,,,,,
,근린생활시설,신사,2002-09-30,198313.414223281,451644.88450269,유통관련업,노래연습장업,,2026-05-06 22:37:57,I,03,폐업,,,,,0,,0,,,,2003-02-11 18:21:03,,1992-09-22,100-180,서울특별시 중구 다동 121-3,,,CDFF3242051992000008,3010000,,,,서울특별시 중구 을지로3길 22  (다동),,03,폐업,,,,,,,,,0,0,
,근린생활시설,도레미,2002-05-24,199226.682502131,451440.249193917,유통관련업,노래연습장업,,2026-05-06 22:37:58,I,03,폐업,,,,,0,,0,,,,2003-02-11 18:21:03,,1992-10-20,100-846,서울특별시 중구 을지로3가 302-3,,,CDFF3242051992000009,3010000,,,,,,03,폐업,,,,,,,,,0,0,
N,근린생활시설,명동,2018-07-31,198683.763972494,450802.601253044,유통관련업,노래연습장업,,2026-05-06 22:37:58,I,03,폐업,N,N,,,,,,,N,,2018-07-31 11:23:12,,1992-10-30,100-042,서울특별시 중구 남산동2가 14-9,,,CDFF3242051992000010,3010000,,,,서울특별시 중구 퇴계로20길 15  (남산동2가),,03,폐업,N,,N,,,,,,,,
N,근린생활시설,오백량,2024-09-23,200089.378517915,451456.165776841,유통관련업,노래연습장업,,2026-05-06 22:37:58,I,03,폐업,N,N,,,66,,,,,2,2024-09-23 14:33:54,,1992-10-30,,서울특별시 중구 오장동 139-16 지상,,,CDFF3242051992000011,3010000,,,,서울특별시 중구 동호로33길 5 (오장동),04547,03,폐업,N,,N,,,,22679842,,,,
,근린생활시설,풍전,2000-09-06,200599.970871517,451673.28577991,유통관련업,노래연습장업,,2026-05-06 22:37:58,I,03,폐업,,,,,0,,,,,,2003-02-11 18:21:03,,1992-10-30,100-851,서울특별시 중구 을지로6가 18-82,,,CDFF3242051992000012,3010000,,,,서울특별시 중구 장충단로 249-28  (을지로6가),,03,폐업,,,,,,,,,,,
,근린생활시설,뉴스타,2002-06-05,200168.83910333,451476.043044703,유통관련업,노래연습장업,,2026-05-06 22:37:58,I,03,폐업,,,,,0,,0,,,,2003-02-11 18:21:03,,1992-10-30,100-195,서울특별시 중구 을지로5가 275-6,,,CDFF3242051992000013,3010000,,,,서울특별시 중구 동호로 350  (을지로5가),,03,폐업,,,,,,,,,0,0,
N,근린생활시설,수향,2018-01-02,199327.268552357,451427.992439409,유통관련업,노래연습장업,,2026-05-06 22:37:58,I,03,폐업,N,N,,,,,,,,1,2018-01-02 14:28:28,,1992-11-04,,서울특별시 중구 초동 17-2,,,CDFF3242051992000014,3010000,,,,서울특별시 중구 충무로4길 5 (초동),,03,폐업,N,,N,,,,22670928,,,,
N,근린생활시설,앵콜,2000-01-21,,,유통관련업,노래연습장업,,2026-05-06 22:37:58,I,03,폐업,N,N,,,,,,,N,,2003-08-01 15:06:27,,1992-11-06,100-372,서울특별시 중구 만리동2가 281-4,,,CDFF3242051992000015,3010000,,,,,,03,폐업,N,,N,,,,,,,,
,근린생활시설,로저스,2001-05-21,197853.343639727,451355.334644857,유통관련업,노래연습장업,,2026-05-06 22:37:58,I,03,폐업,,,,,0,,,,,,2003-02-11 18:21:03,,1992-11-06,100-102,서울특별시 중구 태평로2가 362-1,,,CDFF3242051992000016,3010000,,,,서울특별시 중구 세종대로 89  (태평로2가),,03,폐업,,,,,,,,,,,
,,오성노래방,2000-07-26,199440.775843514,451139.899233354,유통관련업,노래연습장업,,2026-05-06 22:37:58,I,03,폐업,,,,,0,,0,,,,2003-02-11 18:21:03,,1992-11-11,100-863,서울특별시 중구 충무로4가 15-20,,,CDFF3242051992000017,3010000,,,,,,03,폐업,,,,,,,,,0,0,
,근린생활시설,앵콜,2002-05-20,,,유통관련업,노래연습장업,,2026-05-06 22:37:59,I,03,폐업,,,,,0,,0,,,,2003-02-11 18:21:03,,1992-11-11,100-013,서울특별시 중구 충무로3가 33-4,,,CDFF3242051992000018,3010000,,,,,,03,폐업,,,,,,,,,0,0,
N,근린생활시설,훼미리노래연습장,2004-05-11,200476.212541876,451513.211845104,유통관련업,노래연습장업,,2026-05-06 22:37:59,I,03,폐업,N,N,,,,,,,N,,2004-05-13 09:18:49,,1992-11-11,100-196,서울특별시 중구 을지로6가 23-3,,,CDFF3242051992000019,3010000,,,,서울특별시 중구 을지로44길 6-8  (을지로6가),,03,폐업,N,,N,,,,22770601,,,,
,근린생활시설,왕실,2011-07-18,201984.400543222,451904.582781684,유통관련업,노래연습장업,,2026-05-06 22:37:59,I,03,폐업,,,,,0,,,,,,2011-07-18 16:05:01,,1992-11-12,,서울특별시 중구 황학동 1678,,,CDFF3242051992000020,3010000,,,,서울특별시 중구 난계로 199  (황학동),,03,폐업,,,,,,,,,,,
,근린생활시설,오백냥노래방,2002-08-20,201636.760572383,452008.928365747,유통관련업,노래연습장업,,2026-05-06 22:37:59,I,03,폐업,,,,,0,,0,,,,2003-02-11 18:21:03,,1992-11-12,100-868,서울특별시 중구 황학동 4-0,,,CDFF3242051992000021,3010000,,,,서울특별시 중구 마장로9길 45  (황학동),,03,폐업,,,,,,,,,0,0,
,근린생활시설,멜로디,2002-10-24,201557.139555615,451515.124712694,유통관련업,노래연습장업,,2026-05-06 22:37:59,I,03,폐업,,,,,0,,0,,,,2003-02-11 18:21:03,,1992-11-12,100-869,서울특별시 중구 황학동 740-0,,,CDFF3242051992000022,3010000,,,,,,03,폐업,,,,,,,,,0,0,
,근린생활시설,주희노래연습장,2002-08-19,201237.097980528,451217.38904764,유통관련업,노래연습장업,,2026-05-06 22:38:00,I,03,폐업,,,,,0,,0,,,,2003-02-11 18:21:03,,1992-11-12,100-450,서울특별시 중구 신당동 302-4,,,CDFF3242051992000023,3010000,,,,,,03,폐업,,,,,,,,,0,0,
,근린생활시설,앗싸,1999-11-11,201780.706901894,451627.47879791,유통관련업,노래연습장업,,2026-05-06 22:38:00,I,03,폐업,,,,,0,,,,,,2003-02-11 18:21:03,,1992-11-12,100-869,서울특별시 중구 황학동 583-0,,,CDFF3242051992000027,3010000,,,,서울특별시 중구 퇴계로87길 29-2  (황학동),,03,폐업,,,,,,,,,,,
,근린생활시설,쉬리노래방,2001-04-24,,,유통관련업,노래연습장업,,2026-05-06 22:38:00,I,03,폐업,,,,,0,,0,,,,2003-02-11 18:21:03,,1992-11-20,100-031,서울특별시 중구 저동1가 90-5,,,CDFF3242051992000028,3010000,,,,서울특별시 중구 명동길 93  (저동1가),,03,폐업,,,,,,,,,0,0,
,근린생활시설,충무,2001-11-20,199465.031468831,451099.72660702,유통관련업,노래연습장업,,2026-05-06 22:38:00,I,03,폐업,,,,,0,,,,,,2003-02-11 18:21:03,,1992-11-20,100-862,서울특별시 중구 충무로4가 133-20,,,CDFF3242051992000029,3010000,,,,서울특별시 중구 충무로2길 32-6  (충무로4가),,03,폐업,,,,,,,,,,,
,근린생활시설,정진,2001-05-04,198507.410787923,451209.663028288,유통관련업,노래연습장업,,2026-05-06 22:38:00,I,03,폐업,,,,,0,,,,,,2003-02-11 18:21:03,,1992-11-20,100-810,서울특별시 중구 명동2가 54-12,,,CDFF3242051992000030,3010000,,,,서울특별시 중구 명동8길 8-13  (명동2가),,03,폐업,,,,,,,,,,,
N,근린생활시설,라이브,2005-12-19,,,유통관련업,노래연습장업,,2026-05-06 22:38:00,I,03,폐업,N,N,,,,,,,N,,2005-12-19 09:56:40,,1992-11-20,100-196,서울특별시 중구 을지로6가 21-13,,,CDFF3242051992000031,3010000,,,,,,03,폐업,N,,N,,,,22751323,,,,
,근린생활시설,수정노래방,2001-12-26,198692.530154841,450764.64316498,유통관련업,노래연습장업,,2026-05-06 22:38:00,I,03,폐업,,,,,0,,0,,,,2003-02-11 18:21:03,,1992-11-20,100-042,서울특별시 중구 남산동2가 15-12,,,CDFF3242051992000032,3010000,,,,서울특별시 중구 퇴계로20길 23  (남산동2가),,03,폐업,,,,,,,,,0,0,
,근린생활시설,상일,2001-08-28,197945.375546939,450937.105829865,유통관련업,노래연습장업,,2026-05-06 22:38:15,I,03,폐업,,,,,0,,0,,,,2003-02-11 18:21:03,,1998-09-24,100-094,서울특별시 중구 남대문로4가 3-13,,,CDFF3242051998000014,3010000,,,,서울특별시 중구 남대문로 16  (남대문로4가),,03,폐업,,,,,,,,,0,0,
,근린생활시설,아리랑,2000-01-02,196792.629308816,450805.491060602,유통관련업,노래연습장업,,2026-05-06 22:38:16,I,03,폐업,,,,,0,,,,,,2003-02-11 18:21:03,,1998-09-24,100-859,서울특별시 중구 중림동 610-0,,,CDFF3242051998000015,3010000,,,,서울특별시 중구 서소문로 22  (중림동),,03,폐업,,,,,,,,,,,
,근린생활시설,월드,2001-08-31,198364.631775078,450975.950410804,유통관련업,노래연습장업,,2026-05-06 22:38:17,I,03,폐업,,,,,0,,,,,,2003-02-11 18:21:03,,1998-09-30,100-011,서울특별시 중구 충무로1가 25-8,,,CDFF3242051998000016,3010000,,,,서울특별시 중구 명동8나길 47  (충무로1가),,03,폐업,,,,,,,,,,,
N,근린생활시설,황제노래방,2006-04-10,200513.524528228,451579.099838143,유통관련업,노래연습장업,,2026-05-06 22:38:19,I,03,폐업,N,N,,,,,,,N,,2006-04-10 17:49:36,,1998-10-29,100-851,서울특별시 중구 을지로6가 18-130,,,CDFF3242051998000018,3010000,,,,서울특별시 중구 을지로 255  (을지로6가),,03,폐업,N,,N,,,,,,,,
,근린생활시설,걸어서하늘까지,2001-10-24,201568.050961773,451715.548489524,유통관련업,노래연습장업,,2026-05-06 22:38:19,I,03,폐업,,,,,0,,,,,,2003-02-11 18:21:03,,1998-10-30,100-868,서울특별시 중구 황학동 207-0,,,CDFF3242051998000019,3010000,,,,서울특별시 중구 퇴계로83길 46-4  (황학동),,03,폐업,,,,,,,,,,,
N,근린생활시설,원,2006-01-04,199196.688780377,451192.898035114,유통관련업,노래연습장업,,2026-05-06 22:38:20,I,03,폐업,N,N,,,,,,,N,,2006-01-04 12:03:37,,1998-11-11,100-013,서울특별시 중구 충무로3가 25-3,,,CDFF3242051998000021,3010000,,,,서울특별시 중구 수표로6길 23  (충무로3가),,03,폐업,N,,N,,,,,,,,
,근린생활시설,코러스노래방,2016-01-31,199167.09211882,451211.755399833,유통관련업,노래연습장업,,2026-05-06 22:38:20,I,03,폐업,,,,,0,,0,,,5,2016-02-02 10:46:32,,1998-11-12,,서울특별시 중구 충무로3가 23-3,,,CDFF3242051998000022,3010000,,,,서울특별시 중구 퇴계로27길 42 (충무로3가),,03,폐업,,,,,,,,,0,0,
N,근린생활시설,코러스,2002-03-14,197976.601784333,451071.384462518,유통관련업,노래연습장업,,2026-05-06 22:38:20,I,03,폐업,N,N,,,,,,,N,,2003-08-01 15:33:51,,1998-11-17,100-080,서울특별시 중구 북창동 104-2 연소자실 무,,,CDFF3242051998000023,3010000,,,,"서울특별시 중구 세종대로12길 27  (북창동,연소자실 무)",,03,폐업,N,,N,,,,,,,,
,,팡팡,2002-05-21,198635.542422535,451260.914398931,유통관련업,노래연습장업,,2026-05-06 22:38:20,I,03,폐업,,,,,0,,0,,,,2003-02-11 18:21:03,,1998-11-23,100-809,서울특별시 중구 명동2가 2-2,,,CDFF3242051998000024,3010000,,,,,,03,폐업,,,,,,,,,0,0,
N,근린생활시설,황학,2008-02-04,201993.235429752,451685.79914837,유통관련업,노래연습장업,,2026-05-06 22:38:21,I,03,폐업,N,N,,,,,,,N,,2008-02-04 16:38:30,,1998-11-30,100-870,서울특별시 중구 황학동 1093-0,,,CDFF3242051998000025,3010000,,,,서울특별시 중구 난계로 177  (황학동),,03,폐업,N,,N,,,,22353832,,,,
N,근린생활시설,테마,2015-09-10,,,유통관련업,노래연습장업,,2026-05-06 22:38:21,I,03,폐업,N,N,,,69.3,,,,Y,1,2015-09-10 13:04:54,,1998-12-10,,서울특별시 중구 만리동2가 12-39,,,CDFF3242051998000026,3010000,,,,서울특별시 중구 손기정로 120 (만리동2가),04501,03,폐업,N,,N,,,,,,,,
N,근린생활시설,다정,2016-02-25,201597.33589429,451219.326465499,유통관련업,노래연습장업,,2026-05-06 22:38:21,I,03,폐업,N,N,,,137.25,,,,N,,2016-02-25 14:50:27,,1998-12-16,,서울특별시 중구 신당동 52-19,,,CDFF3242051998000027,3010000,,,,서울특별시 중구 다산로40길 52  (신당동),,03,폐업,N,,N,,,,22360435,,,,
,근린생활시설,일등,2001-11-26,201793.706676985,451714.112812451,유통관련업,노래연습장업,,2026-05-06 22:38:21,I,03,폐업,,,,,0,,,,,,2003-02-11 18:21:03,,1998-12-28,100-870,서울특별시 중구 황학동 1211-0,,,CDFF3242051998000028,3010000,,,,서울특별시 중구 마장로14길 14  (황학동),,03,폐업,,,,,,,,,,,
,근린생활시설,짱,2009-04-06,,,유통관련업,노래연습장업,,2026-05-06 22:38:21,I,03,폐업,,,,,0,,0,,,,2009-04-06 15:37:59,,1999-01-04,100-828,서울특별시 중구 신당동 360-30,,,CDFF3242051999000001,3010000,,,,,,03,폐업,,,,,,,,,0,0,
,근린생활시설,로얄,2000-02-22,200975.980500293,450412.23488649,유통관련업,노래연습장업,,2026-05-06 22:38:21,I,03,폐업,,,,,0,,,,,,2003-02-11 18:21:03,,1999-01-25,100-893,서울특별시 중구 신당동 370-17,,,CDFF3242051999000003,3010000,,,,서울특별시 중구 다산로14길 6  (신당동),,03,폐업,,,,,,,,,,,
N,근린생활시설,신나라노래방,2004-01-06,198264.78394422,451746.92183856,유통관련업,노래연습장업,,2026-05-06 22:38:21,I,03,폐업,N,N,,,,,,,N,,2004-01-06 16:53:09,,1999-01-26,100-180,서울특별시 중구 다동 58-1 지상3층,,,CDFF3242051999000004,3010000,,,,"서울특별시 중구 다동길 33  (다동,지상3층)",,03,폐업,N,,N,,,,,,,,
N,근린생활시설,팡팡노래방,2003-11-07,,,유통관련업,노래연습장업,,2026-05-06 22:38:21,I,03,폐업,N,N,,,,,,,N,,2003-12-11 17:04:43,,1999-01-26,100-872,서울특별시 중구 회현동1가 25-0,,,CDFF3242051999000005,3010000,,,,,,03,폐업,N,,N,,,,,,,,
,,금강노래방,2001-11-07,201601.786168123,451508.736898235,유통관련업,노래연습장업,,2026-05-06 22:38:21,I,03,폐업,,,,,0,,0,,,,2003-02-11 18:21:03,,1999-03-04,100-869,서울특별시 중구 황학동 738-0,,,CDFF3242051999000006,3010000,,,,서울특별시 중구 퇴계로 423-10  (황학동),,03,폐업,,,,,,,,,0,0,
,근린생활시설,25시,2000-03-08,198248.358043017,451273.786693107,유통관련업,노래연습장업,,2026-05-06 22:38:22,I,03,폐업,,,,,0,,,,,,2003-02-11 18:21:03,,1999-04-23,100-070,서울특별시 중구 소공동 24-0,,,CDFF3242051999000007,3010000,,,,서울특별시 중구 남대문로7길 11-4  (소공동),,03,폐업,,,,,,,,,,,
,근린생활시설,회현 노래연습장,2020-03-20,198163.933158159,450720.610503887,유통관련업,노래연습장업,,2026-05-06 22:38:22,I,03,폐업,,,,,59.16,,0,,,4,2020-03-20 18:06:23,,1999-05-06,,서울특별시 중구 회현동1가 95-0,,,CDFF3242051999000008,3010000,,,,서울특별시 중구 퇴계로8길 11 (회현동1가),,03,폐업,,,,,,,,,0,0,
N,,삐삐,2003-12-18,200467.036922422,450862.383776145,유통관련업,노래연습장업,,2026-05-06 22:38:22,I,03,폐업,N,N,,,,,,,N,,2003-12-19 16:13:08,,1999-06-17,100-391,서울특별시 중구 장충동1가 62-23,,,CDFF3242051999000009,3010000,,,,서울특별시 중구 장충단로 170-5  (장충동1가),,03,폐업,N,,N,,,,,,,,
,,사월과오월노래방,2001-12-24,197590.751079069,451204.793161851,유통관련업,노래연습장업,,2026-05-06 22:38:22,I,03,폐업,,,,,0,,0,,,,2003-02-11 18:21:03,,1999-06-17,100-813,서울특별시 중구 서소문동 48-2,,,CDFF3242051999000010,3010000,,,,서울특별시 중구 서소문로 113  (서소문동),,03,폐업,,,,,,,,,0,0,
,,남산골,1999-11-20,,,유통관련업,노래연습장업,,2026-05-06 22:38:22,I,03,폐업,,,,,0,,0,,,,2003-02-11 18:21:03,,1999-06-17,100-272,서울특별시 중구 필동2가 13-2,,,CDFF3242051999000011,3010000,,,,,,03,폐업,,,,,,,,,0,0,
,근린생활시설,노래방,2002-05-20,,,유통관련업,노래연습장업,,2026-05-06 22:38:22,I,03,폐업,,,,,0,,0,,,,2003-02-11 18:21:03,,1999-06-21,100-851,서울특별시 중구 을지로6가 18-105 2층,,,CDFF3242051999000012,3010000,,,,,,03,폐업,,,,,,,,,0,0,
N,,라이브노래방,2007-05-31,,,유통관련업,노래연습장업,,2026-05-06 22:38:22,I,03,폐업,N,N,,,,,,,N,,2007-06-01 09:46:28,,1999-06-26,100-845,서울특별시 중구 을지로2가 148-4,,,CDFF3242051999000013,3010000,,,,,,03,폐업,N,,N,,,,,,,,
,,쉼터노래방,2002-05-08,199341.000164159,451166.066255432,유통관련업,노래연습장업,,2026-05-06 22:38:22,I,03,폐업,,,,,0,,0,,,,2003-02-11 18:21:03,,1999-07-24,100-013,서울특별시 중구 충무로3가 34-7,,,CDFF3242051999000017,3010000,,,,서울특별시 중구 마른내로4길 36  (충무로3가),,03,폐업,,,,,,,,,0,0,
N,,도레미노래연습장,2005-03-16,200501.081144237,451381.522843918,유통관련업,노래연습장업,,2026-05-06 22:38:22,I,03,폐업,N,N,,,,,,,N,,2005-03-16 17:10:08,,1999-08-09,100-411,서울특별시 중구 광희동1가 188-5,,,CDFF3242051999000018,3010000,,,,서울특별시 중구 을지로44길 31  (광희동1가),,03,폐업,N,,N,,,,,,,,
N,,은하수,2017-10-31,200866.432666263,450359.073833068,유통관련업,노래연습장업,,2026-05-06 22:38:22,I,03,폐업,N,N,,,,,,1,Y,6,2017-10-31 13:42:09,,1999-08-18,,서울특별시 중구 신당동 374-16,,,CDFF3242051999000019,3010000,,,,서울특별시 중구 동호로12길 6  (신당동),,03,폐업,N,,N,,,,22343675,,,,
N,,원투쓰리,2012-04-06,199203.727440488,451223.196586402,유통관련업,노래연습장업,,2026-05-06 22:38:23,I,03,폐업,N,N,,,,,,,N,,2012-04-06 17:46:46,,1999-09-17,100-300,서울특별시 중구 초동 53-20 3층,,,CDFF3242051999000022,3010000,,,,"서울특별시 중구 마른내로2길 25-1  (초동,3층)",,03,폐업,N,,N,,,,,,,,
,,엘리트,2002-05-23,198231.803123177,451689.82230863,유통관련업,노래연습장업,,2026-05-06 22:38:23,I,03,폐업,,,,,0,,0,,,,2003-02-11 18:21:03,,1999-09-29,100-180,서울특별시 중구 다동 134-1,,,CDFF3242051999000023,3010000,,,,서울특별시 중구 다동길 24-3  (다동),,03,폐업,,,,,,,,,0,0,
,,오랜지노래방,2018-01-11,201322.313559969,451337.191628788,유통관련업,노래연습장업,,2026-05-06 22:38:23,I,03,폐업,,,,,0,,0,,,5,2018-01-11 15:20:22,,1999-10-12,,서울특별시 중구 무학동 9-1,,,CDFF3242051999000024,3010000,,,,서울특별시 중구 다산로 237 (무학동),,03,폐업,,,,,,,22345323,,0,0,
N,,엘리,2008-05-01,198623.259036893,451217.179214118,유통관련업,노래연습장업,,2026-05-06 22:38:23,I,03,폐업,N,N,,,,,,,N,,2008-05-01 14:57:43,,1999-11-01,100-809,"서울특별시 중구 명동2가 32-1 지상 2,3,4층",,,CDFF3242051999000026,3010000,,,,"서울특별시 중구 명동10길 14  (명동2가,지상 2,3,4층)",,03,폐업,N,,N,,,,,,,,
,,오케이노래방,2002-01-29,198711.004408276,450729.70372038,유통관련업,노래연습장업,,2026-05-06 22:38:23,I,03,폐업,,,,,0,,0,,,,2003-02-11 18:21:03,,1999-11-08,100-042,서울특별시 중구 남산동2가 18-9 지상2층,,,CDFF3242051999000027,3010000,,,,"서울특별시 중구 퇴계로20길 31  (남산동2가,지상2층)",,03,폐업,,,,,,,,,0,0,
N,근린생활시설,다동,2008-10-21,198288.052774664,451619.866104459,유통관련업,노래연습장업,,2026-05-06 22:38:23,I,03,폐업,N,N,,,,,,,N,,2008-10-21 15:12:04,,1999-12-03,100-180,서울특별시 중구 다동 144-0,,,CDFF3242051999000028,3010000,,,,서울특별시 중구 남대문로9길 20  (다동),,03,폐업,N,,N,,,,,,,,
,,보스노래방,2002-03-15,200957.561612896,450419.355696277,유통관련업,노래연습장업,,2026-05-06 22:38:23,I,03,폐업,,,,,0,,0,,,,2003-02-11 18:21:03,,1999-12-10,100-841,서울특별시 중구 신당동 369-76,,,CDFF3242051999000029,3010000,,,,서울특별시 중구 다산로 138  (신당동),,03,폐업,,,,,,,,,0,0,
N,,뉴에스비에스,2010-01-25,201358.65484088,451258.777949759,유통관련업,노래연습장업,,2026-05-06 22:38:23,I,03,폐업,N,N,,,,,,,,,2010-01-25 16:51:49,,1999-12-13,,서울특별시 중구 신당동 102-5,,,CDFF3242051999000030,3010000,,,,서울특별시 중구 다산로 232  (신당동),,03,폐업,N,,N,,,,22332929,,,,
N,,미보라,2017-04-13,201525.161121474,451401.193490914,유통관련업,노래연습장업,,2026-05-06 22:38:23,I,03,폐업,N,N,,,197.7,,,1,Y,6,2017-04-13 17:33:47,,1999-12-22,,서울특별시 중구 신당동 121-1,,,CDFF3242051999000031,3010000,,,,서울특별시 중구 다산로44길 20 (신당동),,03,폐업,N,,N,,,,,,,,
,,뮤지콤노래방,2021-05-11,201136.842435999,451370.452423103,유통관련업,노래연습장업,,2026-05-06 22:38:23,I,03,폐업,,,,,0,,0,,,3,2021-05-11 17:05:42,,1999-12-24,,서울특별시 중구 신당동 305-1,,,CDFF3242051999000032,3010000,,,,서울특별시 중구 다산로33다길 42 (신당동),,03,폐업,,,,,,,,,0,0,
N,,곰,2007-12-26,201262.196640351,451300.416976196,유통관련업,노래연습장업,,2026-05-06 22:38:23,I,03,폐업,N,N,,,,,,,N,,2007-12-26 13:24:03,,1999-12-28,100-420,서울특별시 중구 무학동 41,,,CDFF3242051999000033,3010000,,,,서울특별시 중구 다산로39길 11-9  (무학동),,03,폐업,N,,N,,,,,,,,
N,,한강,2008-10-08,200505.107132432,451510.421498493,유통관련업,노래연습장업,,2026-05-06 22:38:23,I,03,폐업,N,N,,,206.94,,2,,N,,2008-10-08 10:24:59,,2000-01-13,100-196,서울특별시 중구 을지로6가 23-26 지상2층,,,CDFF3242052000000001,3010000,,,,"서울특별시 중구 을지로44길 6  (을지로6가,지상2층)",,03,폐업,N,,N,,,,22693031,,,,
,,칼튼,2000-06-13,199134.917472391,451720.261991441,유통관련업,노래연습장업,,2026-05-06 22:38:23,I,03,폐업,,,,,0,,0,,,,2003-02-11 18:21:03,,2000-01-14,100-854,서울특별시 중구 입정동 263-1,,,CDFF3242052000000002,3010000,,,,서울특별시 중구 을지로11길 30  (입정동),,03,폐업,,,,,,,,,0,0,
,,카네기노래연습장,2000-07-14,199236.802725803,451256.554154233,유통관련업,노래연습장업,,2026-05-06 22:38:23,I,03,폐업,,,,,0,,0,,,,2003-02-11 18:21:03,,2000-02-07,100-300,서울특별시 중구 초동 55-0,,,CDFF3242052000000003,3010000,,,,서울특별시 중구 마른내로2길 17  (초동),,03,폐업,,,,,,,,,0,0,
,,25시노래방,2001-03-13,,,유통관련업,노래연습장업,,2026-05-06 22:38:23,I,03,폐업,,,,,0,,0,,,,2003-02-11 18:21:03,,2000-02-07,100-196,서울특별시 중구 을지로6가 618-35,,,CDFF3242052000000004,3010000,,,,,,03,폐업,,,,,,,,,0,0,
N,,백상노래연습장,2019-09-19,200004.42690254,450989.342540076,유통관련업,노래연습장업,,2026-05-06 22:38:24,I,03,폐업,N,N,,,147.52,,,,Y,,2019-09-19 16:03:55,,2000-04-01,,서울특별시 중구 묵정동 29-32 지하1층,,,CDFF3242052000000005,3010000,,,,"서울특별시 중구 서애로1길 49 (묵정동,지하1층)",,03,폐업,N,,N,,,,22852940,,,,
,,뉴욕뉴욕(1),2002-12-24,199207.364560799,451630.379457488,유통관련업,노래연습장업,,2026-05-06 22:38:24,I,03,폐업,,,,,0,,0,,,,2003-02-11 18:21:03,,2000-05-09,100-846,서울특별시 중구 을지로3가 95-5,,,CDFF3242052000000006,3010000,,,,서울특별시 중구 충무로9길 12  (을지로3가),,03,폐업,,,,,,,,,0,0,
,,뉴욕뉴욕(2),2002-12-24,199207.364560799,451630.379457488,유통관련업,노래연습장업,,2026-05-06 22:38:24,I,03,폐업,,,,,0,,0,,,,2003-02-11 18:21:03,,2000-05-09,100-846,서울특별시 중구 을지로3가 95-5,,,CDFF3242052000000007,3010000,,,,서울특별시 중구 충무로9길 12  (을지로3가),,03,폐업,,,,,,,,,0,0,
,,화원노래방,2002-10-09,200248.483578804,451534.22476882,유통관련업,노래연습장업,,2026-05-06 22:38:24,I,03,폐업,,,,,0,,0,,,,2003-02-11 18:21:03,,2000-05-16,100-195,서울특별시 중구 을지로5가 79-1,,,CDFF3242052000000008,3010000,,,,서울특별시 중구 을지로38길 14  (을지로5가),,03,폐업,,,,,,,,,0,0,
N,,팡팡노래방,2004-10-19,,,유통관련업,노래연습장업,,2026-05-06 22:38:24,I,03,폐업,N,N,,,,,,,N,,2004-10-19 17:51:24,,2000-05-20,100-411,서울특별시 중구 광희동1가 182-3,,,CDFF3242052000000009,3010000,,,,,,03,폐업,N,,N,,,,,,,,
,,칼라,2001-08-09,,,유통관련업,노래연습장업,,2026-05-06 22:38:24,I,03,폐업,,,,,0,,0,,,,2003-02-11 18:21:03,,2000-06-16,100-372,서울특별시 중구 만리동2가 226-1,,,CDFF3242052000000010,3010000,,,,서울특별시 중구 만리재로 143  (만리동2가),,03,폐업,,,,,,,,,0,0,
N,,오디션노래연습장,2014-01-02,198670.8463656,451001.187885886,유통관련업,노래연습장업,,2026-05-06 22:38:24,I,03,폐업,N,N,,,32.9,,,,N,,2014-04-07 11:42:34,,2000-08-05,100-861,서울특별시 중구 충무로2가 65-5 지하1층,,,CDFF3242052000000012,3010000,,,,"서울특별시 중구 명동10길 58  (충무로2가,지하1층)",,03,폐업,N,,N,,,,,,,,
,,오디션,2000-12-21,201608.830135114,451138.904767231,유통관련업,노래연습장업,,2026-05-06 22:38:24,I,03,폐업,,,,,0,,0,,,,2003-02-11 18:21:03,,2000-11-01,100-450,서울특별시 중구 신당동 52-4,,,CDFF3242052000000015,3010000,,,,서울특별시 중구 퇴계로86길 69  (신당동),,03,폐업,,,,,,,,,0,0,
N,,타임,2005-08-12,198074.864366615,450728.991762096,유통관련업,노래연습장업,,2026-05-06 22:38:24,I,03,폐업,N,N,,,,,,,N,,2005-08-12 16:20:14,,2000-12-07,100-874,서울특별시 중구 회현동1가 194-53,,,CDFF3242052000000017,3010000,,,,서울특별시 중구 퇴계로 60  (회현동1가),,03,폐업,N,,N,,,,,,,,
N,,엔젤,2005-02-18,198637.80503544,451230.649870589,유통관련업,노래연습장업,,2026-05-06 22:38:24,I,03,폐업,N,N,,,,,,,N,,2005-02-18 12:46:44,,2001-01-13,100-809,서울특별시 중구 명동2가 3-1,,,CDFF3242052001000001,3010000,,,,,,03,폐업,N,,N,,,,,,,,
N,,자유공간,2003-09-20,198583.645844751,451071.071908407,유통관련업,노래연습장업,,2026-05-06 22:38:24,I,03,폐업,N,N,,,,,,,N,,2003-09-22 17:10:32,,2001-04-16,100-011,서울특별시 중구 충무로1가 23-5,,,CDFF3242052001000002,3010000,,,,서울특별시 중구 명동8길 40  (충무로1가),,03,폐업,N,,N,,,,,,,,
N,,한맥,2004-10-06,199352.432492448,451134.701403015,유통관련업,노래연습장업,,2026-05-06 22:38:24,I,03,폐업,N,N,,,,,,,N,,2004-10-08 13:54:52,,2001-06-15,100-013,서울특별시 중구 충무로3가 35-3,,,CDFF3242052001000003,3010000,,,,서울특별시 중구 충무로2길 6  (충무로3가),,03,폐업,N,,N,,,,,,,,
N,,한맥,2004-10-05,199347.436688883,451135.337272212,유통관련업,노래연습장업,,2026-05-06 22:38:24,I,03,폐업,N,N,,,,,,,N,,2004-10-08 13:56:06,,2001-06-15,100-013,서울특별시 중구 충무로3가 36-1,,,CDFF3242052001000004,3010000,,,,서울특별시 중구 충무로2길 6  (충무로3가),,03,폐업,N,,N,,,,,,,,
N,,티파니,2005-04-25,201122.367456393,451683.273043255,유통관련업,노래연습장업,,2026-05-06 22:38:24,I,03,폐업,N,N,,,,,,,N,,2005-04-25 17:13:48,,2001-06-28,100-822,서울특별시 중구 신당동 199-17,,,CDFF3242052001000005,3010000,,,,서울특별시 중구 퇴계로73길 51  (신당동),,03,폐업,N,,N,,,,,,,,
N,,황궁,2003-10-13,198031.736718493,451030.125641374,유통관련업,노래연습장업,,2026-05-06 22:38:24,I,03,폐업,N,N,,,,,,,N,,2003-12-11 17:10:32,,2001-07-20,100-080,서울특별시 중구 북창동 129-1,,,CDFF3242052001000006,3010000,,,,,,03,폐업,N,,N,,,,,,,,
N,,CNN,2005-11-07,200493.732347829,451481.844673921,유통관련업,노래연습장업,,2026-05-06 22:38:24,I,03,폐업,N,N,,,,,,,N,,2005-11-07 10:19:52,,2001-08-01,100-411,서울특별시 중구 광희동1가 143-2,,,CDFF3242052001000007,3010000,,,,서울특별시 중구 을지로44길 12  (광희동1가),,03,폐업,N,,N,,,,,,,,
N,,BMW,2006-01-23,200540.491293859,451440.614319879,유통관련업,노래연습장업,,2026-05-06 22:38:25,I,03,폐업,N,N,,,,,,,N,,2006-01-23 15:09:33,,2001-08-20,100-411,서울특별시 중구 광희동1가 182-30,,,CDFF3242052001000008,3010000,,,,서울특별시 중구 을지로44길 17-7  (광희동1가),,03,폐업,N,,N,,,,,,,,
,,붐노래연습장,2023-02-23,200953.347598769,450275.91919082,유통관련업,노래연습장업,,2026-05-06 22:38:25,I,03,폐업,,,,,160.5,,0,,,5,2023-02-23 16:10:56,,2001-08-30,,서울특별시 중구 신당동 373-42,,,CDFF3242052001000010,3010000,,,,서울특별시 중구 다산로 128-14 (신당동),,03,폐업,,,,,,,,,0,0,
N,,팡팡,2007-10-30,199430.41777159,451318.964833682,유통관련업,노래연습장업,,2026-05-06 22:38:25,I,03,폐업,N,N,,,,,,,N,,2007-10-30 15:38:12,,2001-09-26,100-281,서울특별시 중구 인현동1가 87-16,,,CDFF3242052001000011,3010000,,,,서울특별시 중구 마른내로 58-1  (인현동1가),,03,폐업,N,,N,,,,,,,,
,,해피,2002-06-03,199090.112337836,451196.211778665,유통관련업,노래연습장업,,2026-05-06 22:38:25,I,03,폐업,,,,,0,,0,,,,2003-02-11 18:21:03,,2001-11-15,100-013,서울특별시 중구 충무로3가 24-16 지하1층,,,CDFF3242052001000014,3010000,,,,"서울특별시 중구 수표로 20-1  (충무로3가,지하1층)",,03,폐업,,,,,,,,,0,0,
N,,수인노래연습장,2008-11-28,,,유통관련업,노래연습장업,,2026-05-06 22:38:26,I,03,폐업,N,N,,,,,,,N,,2008-11-28 16:05:25,,2001-11-23,100-372,서울특별시 중구 만리동2가 24-2,,,CDFF3242052001000015,3010000,,,,서울특별시 중구 만리재로 175-1  (만리동2가),,03,폐업,N,,N,,,,,,,,
,,뮤지컬,2025-06-27,198602.140946192,451208.172893781,유통관련업,노래연습장업,,2026-05-06 22:38:26,I,03,폐업,,,,,118.7,,,,,13,2025-06-27 14:50:25,,2001-12-24,,서울특별시 중구 명동2가 32-8 지상2층,,,CDFF3242052001000016,3010000,,,,"서울특별시 중구 명동8길 11-6 (명동2가,지상2층)",,03,폐업,,,,,,,,,,,
N,,모아,2012-03-05,201716.339036988,451462.290776541,유통관련업,노래연습장업,,2026-05-06 22:38:26,I,03,폐업,N,N,,,83.95,,,,Y,,2012-03-05 09:31:44,,2002-02-15,,서울특별시 중구 신당동 140-9 지상2층,,,CDFF3242052002000001,3010000,,,,"서울특별시 중구 퇴계로 438  (신당동,지상2층)",,03,폐업,N,,N,,,,22520096,,,,
N,,스카이,2008-10-01,198139.289952741,451612.438834321,유통관련업,노래연습장업,,2026-05-06 22:38:26,I,03,폐업,N,N,,,122.25,,,,N,,2008-10-01 10:07:44,,2002-02-25,100-842,서울특별시 중구 을지로1가 37-0 서광빌딩 5층,,,CDFF3242052002000002,3010000,,,,"서울특별시 중구 을지로1길 15  (을지로1가,서광빌딩 5층)",,03,폐업,N,,N,,,,,,,,
N,,강촌,2012-07-23,196873.878042516,450756.352089323,유통관련업,노래연습장업,,2026-05-06 22:38:26,I,03,폐업,N,N,,,162.91,,,,N,,2012-07-24 08:57:43,,2002-03-22,100-859,서울특별시 중구 중림동 156-74 지상2층,,,CDFF3242052002000003,3010000,,,,"서울특별시 중구 중림로 17  (중림동,지상2층)",,03,폐업,N,,N,,,,,,,,
N,근린생활시설,에쏘르,2010-11-11,201165.011713867,451678.964592021,유통관련업,노래연습장업,,2026-05-06 22:38:26,I,03,폐업,N,N,,,371.5,,,,,,2010-11-11 14:05:22,,2002-04-01,,서울특별시 중구 신당동 251-1 지상3층,,,CDFF3242052002000004,3010000,,,,"서울특별시 중구 퇴계로73길 50  (신당동,지상3층)",,03,폐업,N,,N,,,,22371004,,,,
N,,궁전,2002-10-11,199183.834921363,451487.649066169,유통관련업,노래연습장업,,2026-05-06 22:38:26,I,03,폐업,N,N,,,114.71,,,,N,,2004-04-23 09:56:02,,2002-06-21,100-846,서울특별시 중구 을지로3가 302-15 지하1층,,,CDFF3242052002000008,3010000,,,,"서울특별시 중구 충무로7길 19  (을지로3가,지하1층)",,03,폐업,N,,N,,,,22772295,,,,
N,,사이버리아 동국대점,2014-06-30,199746.645312991,451016.950292809,유통관련업,노래연습장업,,2026-05-06 22:38:26,I,03,폐업,N,N,,,160.64,,,2,,3,2014-06-30 13:49:27,,2002-07-05,,서울특별시 중구 충무로5가 84-1 대우빌딩 B동 2층,,,CDFF3242052002000009,3010000,,,,"서울특별시 중구 서애로 10, B2동 2층 (충무로5가, 대우빌딩)",,03,폐업,N,,N,,,,22796468,,,,
N,,락,2005-11-01,200513.43508997,451633.099004875,유통관련업,노래연습장업,,2026-05-06 22:38:26,I,03,폐업,N,N,,,21.71,,,1,N,10,2005-11-01 17:59:45,,2002-07-23,100-851,서울특별시 중구 을지로6가 18-66 임성빌딩 4층,,,CDFF3242052002000010,3010000,,,,"서울특별시 중구 을지로41길 28  (을지로6가,임성빌딩 4층)",,03,폐업,N,,N,,,,22647683,,,,
N,,가자노래크럽,2003-04-08,199111.274344793,451713.70616392,유통관련업,노래연습장업,,2026-05-06 22:38:26,I,03,폐업,N,N,,,69,,,,N,,2004-04-23 09:59:23,,2002-07-24,100-230,서울특별시 중구 수표동 11-3 지하1층,,,CDFF3242052002000011,3010000,,,,"서울특별시 중구 을지로11길 29  (수표동,지하1층)",,03,폐업,N,,N,,,,22726333,,,,
N,,뉴스타,2004-08-17,200168.83910333,451476.043044703,유통관련업,노래연습장업,,2026-05-06 22:38:27,I,03,폐업,N,N,,,25,,,,N,4,2004-08-17 15:04:30,,2002-08-02,100-195,서울특별시 중구 을지로5가 275-6,,,CDFF3242052002000012,3010000,,,,서울특별시 중구 동호로 350  (을지로5가),,03,폐업,N,,N,,,,22795520,,,,
N,,브루쉘,2005-07-11,201541.233775008,451456.296053576,유통관련업,노래연습장업,,2026-05-06 22:38:27,I,03,폐업,N,N,,,143.24,,,,N,7,2005-07-11 17:06:13,,2002-08-20,100-819,서울특별시 중구 신당동 120-5 지하1층,,,CDFF3242052002000013,3010000,,,,"서울특별시 중구 퇴계로 420  (신당동,지하1층)",,03,폐업,N,,N,,,,22370585,,,,
N,,태양노래광장,2003-11-17,201983.407147251,451465.965460141,유통관련업,노래연습장업,,2026-05-06 22:38:27,I,03,폐업,N,N,,,187.24,,,,N,6,2004-04-23 10:00:44,,2002-09-05,100-871,서울특별시 중구 황학동 2494-0 지상2층,,,CDFF3242052002000014,3010000,,,,"서울특별시 중구 퇴계로 463  (황학동,지상2층)",,03,폐업,N,,N,,,,22386785,,,,
N,,뮤직,2006-03-31,199484.502146778,450960.757138743,유통관련업,노래연습장업,,2026-05-06 22:38:27,I,03,폐업,N,N,,,45.85,,,,N,,2006-03-31 17:03:24,,2002-11-26,100-272,서울특별시 중구 필동2가 17-13 지상2층,,,CDFF3242052002000018,3010000,,,,"서울특별시 중구 퇴계로 210-10  (필동2가,지상2층)",,03,폐업,N,,N,,,,22649458,,,,
N,,STAR몰,2016-06-17,198590.414302969,451038.262729925,유통관련업,노래연습장업,,2026-05-06 22:38:27,I,03,폐업,N,N,,,108.66,,,,N,,2016-06-20 13:12:31,,2002-11-29,,서울특별시 중구 충무로1가 23-8 삼성빌딩 4층,,,CDFF3242052002000019,3010000,,,,"서울특별시 중구 명동8나길 2 (충무로1가,삼성빌딩 4층)",,03,폐업,N,,N,,,,,,,,
N,,준,2011-08-02,198685.379305504,450717.172958139,유통관련업,노래연습장업,,2026-05-06 22:38:27,I,03,폐업,N,N,,,324.68,,,5,,10,2011-08-08 10:09:58,,2002-12-05,,서울특별시 중구 남산동2가 27-1,,,CDFF3242052002000020,3010000,,,,서울특별시 중구 퇴계로20길 32  (남산동2가),,03,폐업,N,,N,,,,,,,,
N,,오페라,2007-03-07,198619.32098859,451073.582241557,유통관련업,노래연습장업,,2026-05-06 22:38:27,I,03,폐업,N,N,,,124.86,,,11,N,,2007-03-07 10:11:18,,2002-12-20,100-861,서울특별시 중구 충무로2가 66-1 3층,,,CDFF3242052002000021,3010000,,,,"서울특별시 중구 명동8길 37-4  (충무로2가,3층)",,03,폐업,N,,N,,,,,,,,
N,,제이제이,2006-03-20,200607.349059464,451684.628634882,유통관련업,노래연습장업,,2026-05-06 22:38:27,I,03,폐업,N,N,,,126.61,,,5,Y,9,2006-03-20 10:08:57,,2002-12-30,100-851,서울특별시 중구 을지로6가 18-40 지상3층,,,CDFF3242052002000022,3010000,,,,"서울특별시 중구 장충단로 249-24  (을지로6가,지상3층)",,03,폐업,N,,N,,,,22632329,,,,
N,,W 노래연습장,2017-11-22,200919.2211647,450321.271260732,유통관련업,노래연습장업,,2026-05-06 22:38:27,I,03,폐업,N,N,,,70.81,,,4,,6,2017-11-22 15:59:28,,2003-01-02,,서울특별시 중구 신당동 369-101 지하1층,,,CDFF3242052003000001,3010000,,,,서울특별시 중구 다산로 128-1 (신당동),04590,03,폐업,N,,N,,,,22327118,,,,
N,,티파니,2006-11-06,200687.571671602,451714.166004408,유통관련업,노래연습장업,,2026-05-06 22:38:27,I,03,폐업,N,N,,,73.26,,,4,N,6,2006-11-06 10:08:27,,2003-01-03,100-851,서울특별시 중구 을지로6가 18-19 지상4층,,,CDFF3242052003000003,3010000,,,,"서울특별시 중구 장충단로 259  (을지로6가,지상4층)",,03,폐업,N,,N,,,,22642681,,,,
N,,도미솔,2009-07-21,201601.786168123,451508.736898235,유통관련업,노래연습장업,,2026-05-06 22:38:27,I,03,폐업,N,N,,,116.11,,,,,7,2009-07-21 18:10:19,,2003-01-13,,서울특별시 중구 황학동 738-0 지하1층,,,CDFF3242052003000005,3010000,,,,"서울특별시 중구 퇴계로 423-10  (황학동,지하1층)",,03,폐업,N,,N,,,,22314290,,,,
N,,렛싱,2014-07-01,200614.497822789,451667.793301393,유통관련업,노래연습장업,,2026-05-06 22:38:27,I,03,폐업,N,N,,,150,,,,N,6,2014-07-01 14:16:39,,2003-01-15,100-851,서울특별시 중구 을지로6가 18-137 지상4층,,,CDFF3242052003000006,3010000,,,,"서울특별시 중구 장충단로 249-10  (을지로6가,지상4층)",,03,폐업,N,,N,,,,22682003,,,,
N,,공주,2003-06-27,199900.128120472,451160.609817256,유통관련업,노래연습장업,,2026-05-06 22:38:27,I,03,폐업,N,N,,,81.52,,,,N,5,2004-04-23 09:37:42,,2003-01-23,100-015,서울특별시 중구 충무로5가 20-26 지상2층,,,CDFF3242052003000007,3010000,,,,"서울특별시 중구 퇴계로 251  (충무로5가,지상2층)",,03,폐업,N,,N,,,,22648921,,,,
N,,오디션노래연습장,2021-09-03,201221.797431126,451227.712478943,유통관련업,노래연습장업,,2026-05-06 22:38:27,I,03,폐업,N,N,,,107.95,,,1,Y,7,2021-09-03 11:06:33,,2003-05-03,,서울특별시 중구 신당동 241-27 지하1층,,,CDFF3242052003000008,3010000,,,,"서울특별시 중구 다산로33가길 26 (신당동,지하1층)",,03,폐업,Y,,Y,,,,22539745,,,1,
N,,MBC,2016-02-18,201653.626887432,451240.921057266,유통관련업,노래연습장업,,2026-05-06 22:38:28,I,03,폐업,N,N,,,101.01,,,1,,5,2016-02-18 16:18:40,,2003-12-24,,서울특별시 중구 신당동 145-15 지하1층,,,CDFF3242052003000014,3010000,,,,"서울특별시 중구 퇴계로86길 47 (신당동,지하1층)",,03,폐업,N,,N,,,,02-2234-3364,,,1,
N,,뮤직,2006-03-31,199485.680684948,450966.702255084,유통관련업,노래연습장업,,2026-05-06 22:38:28,I,03,폐업,N,N,,,117.25,,,,N,4,2006-03-31 17:03:53,,2003-12-31,100-272,서울특별시 중구 필동2가 17-1 지상2층,,,CDFF3242052003000015,3010000,,,,"서울특별시 중구 퇴계로 210-10  (필동2가,지상2층)",,03,폐업,N,,N,,,,22649458,,,,
N,,SBS,2011-11-08,198533.062742111,451253.050723954,유통관련업,노래연습장업,,2026-05-06 22:38:28,I,03,폐업,N,N,,,139,,6,9,,9,2011-11-09 17:21:14,,2004-02-14,,서울특별시 중구 명동2가 50-1 지하1층,,,CDFF3242052004000001,3010000,,,,"서울특별시 중구 명동길 32  (명동2가,지하1층)",,03,폐업,N,,N,,,,,,7,1,
N,근린생활시설,쭈꾸미노래연습장,2009-04-13,198439.364665778,450981.549564178,유통관련업,노래연습장업,,2026-05-06 22:38:01,I,03,폐업,N,N,,,,,,,,,2009-04-17 15:47:37,,1992-11-20,100-011,서울특별시 중구 충무로1가 25-32,,,CDFF3242051992000033,3010000,,,,서울특별시 중구 명동2길 52  (충무로1가),,03,폐업,N,,N,,,,,,,,
,근린생활시설,청구,1998-12-31,201185.372056046,450851.223986305,유통관련업,노래연습장업,,2026-05-06 22:38:01,I,03,폐업,,,,,0,,,,,,2003-02-11 18:21:03,,1992-11-21,100-824,서울특별시 중구 신당동 294-19,,,CDFF3242051992000034,3010000,,,,서울특별시 중구 청구로 71  (신당동),,03,폐업,,,,,,,,,,,
N,근린생활시설,코러스노래연습장,2007-06-12,198466.706529239,451399.976723018,유통관련업,노래연습장업,,2026-05-06 22:38:01,I,03,폐업,N,N,,,,,,,N,,2007-06-12 15:03:30,,1992-11-30,100-845,서울특별시 중구 을지로2가 199-1,,,CDFF3242051992000035,3010000,,,,서울특별시 중구 명동3길 27  (을지로2가),,03,폐업,N,,N,,,,,,,,
N,근린생활시설,명동,2015-01-16,198615.51219187,451228.978594124,유통관련업,노래연습장업,,2026-05-06 22:38:01,I,03,폐업,N,N,,,92.5,,,,N,,2015-01-16 15:04:51,,1992-11-30,,서울특별시 중구 명동2가 33-5,,,CDFF3242051992000036,3010000,,,,서울특별시 중구 명동10길 10-1 (명동2가),,03,폐업,N,,N,,,,,,,,
N,근린생활시설,은하,2004-01-05,201742.687156116,451552.40139125,유통관련업,노래연습장업,,2026-05-06 22:38:01,I,03,폐업,N,N,,,,,,,N,,2004-01-05 16:09:33,,1992-12-02,100-869,서울특별시 중구 황학동 632 지상2층,,,CDFF3242051992000039,3010000,,,,"서울특별시 중구 퇴계로87길 15-12  (황학동,지상2층)",,03,폐업,N,,N,,,,,,,,
,근린생활시설,당신의,1999-09-15,201533.027369929,451450.057987788,유통관련업,노래연습장업,,2026-05-06 22:38:01,I,03,폐업,,,,,0,,,,,,2003-02-11 18:21:03,,1992-12-02,100-819,서울특별시 중구 신당동 120-4,,,CDFF3242051992000040,3010000,,,,서울특별시 중구 퇴계로 418-1  (신당동),,03,폐업,,,,,,,,,,,
,근린생활시설,마이마이,2002-02-05,198567.875395188,451312.407055418,유통관련업,노래연습장업,,2026-05-06 22:38:01,I,03,폐업,,,,,0,,0,,,,2003-02-11 18:21:03,,1992-12-03,100-021,서울특별시 중구 명동1가 51-0,,,CDFF3242051992000041,3010000,,,,서울특별시 중구 명동7길 6  (명동1가),,03,폐업,,,,,,,,,0,0,
N,근린생활시설,훼미리,2004-12-31,198696.653111922,451014.630513402,유통관련업,노래연습장업,,2026-05-06 22:38:01,I,03,폐업,N,N,,,,,,,N,,2004-12-31 09:56:56,,1992-12-03,100-861,서울특별시 중구 충무로2가 64-1,,,CDFF3242051992000042,3010000,,,,서울특별시 중구 명동10길 55  (충무로2가),,03,폐업,N,,N,,,,,,,,
N,근린생활시설,비바노래연습장,2003-09-01,198636.2503948,451005.721641592,유통관련업,노래연습장업,,2026-05-06 22:38:01,I,03,폐업,N,N,,,,,,,N,,2003-09-01 11:50:27,,1992-12-03,100-861,서울특별시 중구 충무로2가 65-9,,,CDFF3242051992000043,3010000,,,,서울특별시 중구 퇴계로 123  (충무로2가),,03,폐업,N,,N,,,,,,,,
N,,큐,2005-06-17,198613.516124198,451208.914037881,유통관련업,노래연습장업,,2026-05-06 22:38:01,I,03,폐업,N,N,,,,,,,N,,2005-06-27 09:51:09,,1992-12-09,100-809,서울특별시 중구 명동2가 32-12,,,CDFF3242051992000044,3010000,,,,서울특별시 중구 명동8길 11-8  (명동2가),,03,폐업,N,,N,,,,,,,,
N,근린생활시설,장충노래연습장,2009-08-31,200398.328559846,450947.24714781,유통관련업,노래연습장업,,2026-05-06 22:38:02,I,03,폐업,N,N,,,,,,,,,2009-08-31 14:24:50,,1992-12-09,,서울특별시 중구 장충동2가 24-1,,,CDFF3242051992000045,3010000,,,,서울특별시 중구 동호로24길 35  (장충동2가),,03,폐업,N,,N,,,,22642976,,,,
N,근린생활시설,꾸러기,2007-03-19,198537.072831619,451364.73055023,유통관련업,노래연습장업,,2026-05-06 22:38:02,I,03,폐업,N,N,,,,,,,N,,2007-03-19 10:51:52,,1992-12-17,100-192,서울특별시 중구 을지로2가 200-0,,,CDFF3242051992000047,3010000,,,,서울특별시 중구 명동7길 17  (을지로2가),,03,폐업,N,,N,,,,,,,,
,근린생활시설,상록수,1999-12-30,198675.840407982,450901.237317642,유통관련업,노래연습장업,,2026-05-06 22:38:02,I,03,폐업,,,,,0,,,,,,2003-02-11 18:21:03,,1992-12-30,100-042,서울특별시 중구 남산동2가 6-1,,,CDFF3242051992000052,3010000,,,,서울특별시 중구 퇴계로18길 5  (남산동2가),,03,폐업,,,,,,,,,,,
N,근린생활시설,아리랑,2006-03-27,201409.502783362,451434.934215734,유통관련업,노래연습장업,,2026-05-06 22:38:02,I,03,폐업,N,N,,,,,,,N,,2006-03-27 11:06:40,,1992-12-31,100-450,서울특별시 중구 신당동 100-6,,,CDFF3242051992000053,3010000,,,,서울특별시 중구 퇴계로 406-2  (신당동),,03,폐업,N,,N,,,,,,,,
,근린생활시설,청춘,2001-03-27,,,유통관련업,노래연습장업,,2026-05-06 22:38:02,I,03,폐업,,,,,0,,,,,,2003-02-11 18:21:03,,1993-01-14,100-845,서울특별시 중구 을지로2가 151-4,,,CDFF3242051993000001,3010000,,,,,,03,폐업,,,,,,,,,,,
,근린생활시설,킴,1998-12-31,198764.134727145,451069.853807055,유통관련업,노래연습장업,,2026-05-06 22:38:02,I,03,폐업,,,,,0,,,,,,2003-02-11 18:21:03,,1993-01-19,100-860,서울특별시 중구 충무로2가 12-19,,,CDFF3242051993000002,3010000,,,,서울특별시 중구 명동8가길 31  (충무로2가),,03,폐업,,,,,,,,,,,
,근린생활시설,충무로,1999-10-19,199285.15096367,451172.750769351,유통관련업,노래연습장업,,2026-05-06 22:38:03,I,03,폐업,,,,,0,,,,,,2003-02-11 18:21:03,,1993-02-24,100-013,서울특별시 중구 충무로3가 30-5,,,CDFF3242051993000004,3010000,,,,,,03,폐업,,,,,,,,,,,
,근린생활시설,중부,2003-01-03,200051.004465807,451405.505304791,유통관련업,노래연습장업,,2026-05-06 22:38:03,I,03,폐업,,,,,0,,0,,,,2003-02-11 18:21:03,,1993-03-30,100-310,서울특별시 중구 오장동 148-24,,,CDFF3242051993000005,3010000,,,,서울특별시 중구 을지로32길 35-30  (오장동),,03,폐업,,,,,,,,,0,0,
,근린생활시설,딩동댕,1999-07-23,201747.364406354,451761.257963991,유통관련업,노래연습장업,,2026-05-06 22:38:03,I,03,폐업,,,,,0,,,,,,2003-02-11 18:21:03,,1993-06-02,100-869,서울특별시 중구 황학동 515-0,,,CDFF3242051993000006,3010000,,,,서울특별시 중구 마장로 98  (황학동),,03,폐업,,,,,,,,,,,
,근린생활시설,스타노래연습장,2001-06-16,,,유통관련업,노래연습장업,,2026-05-06 22:38:03,I,03,폐업,,,,,0,,0,,,,2003-02-11 18:21:03,,1993-06-04,100-848,서울특별시 중구 을지로4가 168-2,,,CDFF3242051993000007,3010000,,,,,,03,폐업,,,,,,,,,0,0,
N,근린생활시설,25시,2007-04-02,197593.689313596,450607.504820726,유통관련업,노래연습장업,,2026-05-06 22:38:03,I,03,폐업,N,N,,,,,,,N,,2007-04-02 14:32:43,,1993-06-29,100-801,서울특별시 중구 남대문로5가 84-1,,,CDFF3242051993000008,3010000,,,,서울특별시 중구 세종대로 10-2  (남대문로5가),,03,폐업,N,,N,,,,,,,,
,근린생활시설,영심이,2001-09-24,,,유통관련업,노래연습장업,,2026-05-06 22:38:03,I,03,폐업,,,,,0,,,,,,2003-02-11 18:21:03,,1993-07-08,100-372,서울특별시 중구 만리동2가 24-2 18통1반,,,CDFF3242051993000009,3010000,,,,서울특별시 중구 만리재로 175-1  (만리동2가),,03,폐업,,,,,,,,,,,
,근린생활시설,진양,2002-04-08,199528.479126357,451130.498839091,유통관련업,노래연습장업,,2026-05-06 22:38:03,I,03,폐업,,,,,0,,,,,,2003-02-11 18:21:03,,1993-07-13,100-863,서울특별시 중구 충무로4가 28-3,,,CDFF3242051993000010,3010000,,,,,,03,폐업,,,,,,,,,,,
N,근린생활시설,만리,2003-05-26,196697.116895888,450217.095147509,유통관련업,노래연습장업,,2026-05-06 22:38:03,I,03,폐업,N,N,,,,,,,N,,2003-05-26 14:18:09,,1993-08-19,100-372,서울특별시 중구 만리동2가 110-1,,,CDFF3242051993000011,3010000,,,,서울특별시 중구 만리재로 175  (만리동2가),,03,폐업,N,,N,,,,,,,,
,근린생활시설,서울,2001-05-09,201947.084297972,451473.964192869,유통관련업,노래연습장업,,2026-05-06 22:38:03,I,03,폐업,,,,,0,,,,,,2003-02-11 18:21:03,,1993-08-30,100-871,서울특별시 중구 황학동 2478-0,,,CDFF3242051993000012,3010000,,,,서울특별시 중구 퇴계로 459  (황학동),,03,폐업,,,,,,,,,,,
,근린생활시설,제일,2002-05-01,199780.053397083,451065.831247269,유통관련업,노래연습장업,,2026-05-06 22:38:03,I,03,폐업,,,,,0,,0,,,,2003-02-11 18:21:03,,1993-09-17,100-015,서울특별시 중구 충무로5가 78-1,,,CDFF3242051993000013,3010000,,,,서울특별시 중구 서애로 2  (충무로5가),,03,폐업,,,,,,,,,0,0,
,근린생활시설,코끼리연습장,2001-12-26,199492.981109179,450994.468193414,유통관련업,노래연습장업,,2026-05-06 22:38:03,I,03,폐업,,,,,0,,0,,,,2003-02-11 18:21:03,,1993-09-18,100-272,서울특별시 중구 필동2가 15-2,,,CDFF3242051993000014,3010000,,,,서울특별시 중구 퇴계로 210  (필동2가),,03,폐업,,,,,,,,,0,0,
N,근린생활시설,리듬노래방,2007-05-22,200424.764906908,450943.348674822,유통관련업,노래연습장업,,2026-05-06 22:38:05,I,03,폐업,N,N,,,,,,,N,,2007-05-22 16:43:39,,1993-09-27,100-391,서울특별시 중구 장충동1가 59-4,,,CDFF3242051993000016,3010000,,,,,,03,폐업,N,,N,,,,,,,,
,근린생활시설,L.A,1998-12-31,201780.956663716,451225.087308189,유통관련업,노래연습장업,,2026-05-06 22:38:05,I,03,폐업,,,,,0,,,,,,2003-02-11 18:21:03,,1993-10-13,100-819,서울특별시 중구 신당동 156-1,,,CDFF3242051993000017,3010000,,,,서울특별시 중구 퇴계로88가길 14  (신당동),,03,폐업,,,,,,,,,,,
N,근린생활시설,귀빈,2006-04-13,201049.304234308,450590.317238887,유통관련업,노래연습장업,,2026-05-06 22:38:06,I,03,폐업,N,N,,,,,,,N,,2006-12-08 16:41:58,,1993-11-04,100-826,서울특별시 중구 신당동 340-119,,,CDFF3242051993000018,3010000,,,,서울특별시 중구 다산로22길 6  (신당동),,03,폐업,N,,N,,,,,,,,
N,근린생활시설,깜보,2003-06-03,200893.0430559,449947.401377686,유통관련업,노래연습장업,,2026-05-06 22:38:07,I,03,폐업,N,N,,,,,,,N,,2003-06-03 17:37:23,,1993-11-04,100-840,서울특별시 중구 신당동 372-434,,,CDFF3242051993000019,3010000,,,,서울특별시 중구 동호로7길 45  (신당동),,03,폐업,N,,N,,,,,,,,
,근린생활시설,프라자,1999-12-20,197229.761422932,450418.159244379,유통관련업,노래연습장업,,2026-05-06 22:38:07,I,03,폐업,,,,,0,,,,,,2003-02-11 18:21:03,,1993-11-12,100-162,서울특별시 중구 봉래동2가 122-11,,,CDFF3242051993000020,3010000,,,,서울특별시 중구 한강대로 405  (봉래동2가),,03,폐업,,,,,,,,,,,
,근린생활시설,광희노래방,2001-02-14,200602.543775249,451358.330266861,유통관련업,노래연습장업,,2026-05-06 22:38:07,I,03,폐업,,,,,0,,0,,,,2003-02-11 18:21:03,,1993-11-12,100-412,서울특별시 중구 광희동2가 13-2,,,CDFF3242051993000021,3010000,,,,서울특별시 중구 퇴계로 323  (광희동2가),,03,폐업,,,,,,,,,0,0,
N,근린생활시설,머무는곳 노래하는곳,2004-01-06,199489.179291924,451106.951844227,유통관련업,노래연습장업,,2026-05-06 22:38:07,I,03,폐업,N,N,,,,,,,N,,2004-01-06 16:52:26,,1993-11-12,100-862,서울특별시 중구 충무로4가 130-3,,,CDFF3242051993000022,3010000,,,,서울특별시 중구 충무로2길 34-1  (충무로4가),,03,폐업,N,,N,,,,,,,,
N,근린생활시설,신세대,2019-04-26,200938.446734637,451068.471586455,유통관련업,노래연습장업,,2026-05-06 22:38:07,I,03,폐업,N,N,,,132,,,,,3,2019-04-26 11:27:37,,1993-11-17,,서울특별시 중구 신당동 236-4,,,CDFF3242051993000023,3010000,,,,서울특별시 중구 다산로29길 51 (신당동),,03,폐업,N,,N,,,,,,,,
N,근린생활시설,캉캉,2005-02-18,198493.311043546,451141.404922909,유통관련업,노래연습장업,,2026-05-06 22:38:08,I,03,폐업,N,N,,,,,,,N,,2005-02-18 12:46:16,,1993-11-20,100-810,서울특별시 중구 명동2가 55-16,,,CDFF3242051993000025,3010000,,,,서울특별시 중구 명동4길 26  (명동2가),,03,폐업,N,,N,,,,,,,,
,근린생활시설,톱,2002-03-13,199265.254258393,451044.894239877,유통관련업,노래연습장업,,2026-05-06 22:38:08,I,03,폐업,,,,,0,,,,,,2003-02-11 18:21:03,,1993-11-25,100-866,서울특별시 중구 필동1가 43-3,,,CDFF3242051993000026,3010000,,,,서울특별시 중구 퇴계로31길 10  (필동1가),,03,폐업,,,,,,,,,,,
,근린생활시설,에이.비.씨,2001-08-31,,,유통관련업,노래연습장업,,2026-05-06 22:38:08,I,03,폐업,,,,,0,,,,,,2003-02-11 18:21:03,,1993-11-25,100-200,서울특별시 중구 삼각동 22-3,,,CDFF3242051993000027,3010000,,,,,,03,폐업,,,,,,,,,,,
N,근린생활시설,크로바,2003-10-30,200512.005279865,451422.357337243,유통관련업,노래연습장업,,2026-05-06 22:38:08,I,03,폐업,N,N,,,,,,,N,,2003-12-11 17:01:55,,1993-12-07,100-411,서울특별시 중구 광희동1가 187-9,,,CDFF3242051993000029,3010000,,,,서울특별시 중구 을지로44길 21  (광희동1가),,03,폐업,N,,N,,,,,,,,
N,근린생활시설,현대노래방,2006-01-24,,,유통관련업,노래연습장업,,2026-05-06 22:38:08,I,03,폐업,N,N,,,,,,,N,,2006-01-24 10:47:31,,1993-12-09,100-815,서울특별시 중구 신당동 44-10 지하1층,,,CDFF3242051993000031,3010000,,,,,,03,폐업,N,,N,,,,,,,,
,근린생활시설,신안,2002-02-26,200944.251654409,450086.420660801,유통관련업,노래연습장업,,2026-05-06 22:38:08,I,03,폐업,,,,,0,,,,,,2003-02-11 18:21:03,,1993-12-23,100-840,서울특별시 중구 신당동 372-37,,,CDFF3242051993000033,3010000,,,,서울특별시 중구 다산로10길 26  (신당동),,03,폐업,,,,,,,,,,,
,,아하노래방,2016-06-20,198606.595092806,451266.280823044,유통관련업,노래연습장업,,2026-05-06 22:38:08,I,03,폐업,,,,,0,,0,,,,2016-06-20 16:41:43,,1993-12-30,100-809,서울특별시 중구 명동2가 33-1,,,CDFF3242051993000034,3010000,,,,서울특별시 중구 명동길 48  (명동2가),,03,폐업,,,,,,,,,0,0,
,,스타,2009-09-25,201508.033038745,451026.785607118,유통관련업,노래연습장업,,2026-05-06 22:38:09,I,03,폐업,,,,,0,,0,,,,2009-09-25 13:32:17,,1994-01-14,,서울특별시 중구 신당동 48-1 지상2층,,,CDFF3242051994000001,3010000,,,,"서울특별시 중구 다산로36길 53  (신당동,지상2층)",,03,폐업,,,,,,,,,0,0,
,근린생활시설,버들피리,2009-02-26,201941.970349728,451543.488647905,유통관련업,노래연습장업,,2026-05-06 22:38:09,I,03,폐업,,,,,0,,,,,,2009-02-26 15:41:59,,1994-02-23,100-870,서울특별시 중구 황학동 845-0,,,CDFF3242051994000002,3010000,,,,서울특별시 중구 난계로11길 18  (황학동),,03,폐업,,,,,,,,,,,
N,근린생활시설,청호,2004-04-09,200859.315320474,451115.129160244,유통관련업,노래연습장업,,2026-05-06 22:38:10,I,03,폐업,N,N,,,,,,,N,,2004-04-09 10:40:41,,1994-03-11,100-890,서울특별시 중구 신당동 304-264,,,CDFF3242051994000003,3010000,,,,서울특별시 중구 청구로 118  (신당동),,03,폐업,N,,N,,,,,,,,
,근린생활시설,행복,2001-10-04,199336.368366291,451158.565119594,유통관련업,노래연습장업,,2026-05-06 22:38:10,I,03,폐업,,,,,0,,,,,,2003-02-11 18:21:03,,1994-03-16,100-013,서울특별시 중구 충무로3가 34-9,,,CDFF3242051994000004,3010000,,,,서울특별시 중구 충무로 18  (충무로3가),,03,폐업,,,,,,,,,,,
,근린생활시설,청궁,2023-11-29,199967.240509532,451588.149979501,유통관련업,노래연습장업,,2026-05-06 22:38:10,I,03,폐업,,,,,32.2,,,1,Y,3,2023-11-29 16:46:25,,1994-03-28,,서울특별시 중구 을지로5가 270-18,,,CDFF3242051994000005,3010000,,,,서울특별시 중구 을지로 202 (을지로5가),,03,폐업,,,,,,,,,,,
,근린생활시설,우리노래방,2001-08-27,200975.963872755,450941.6499198,유통관련업,노래연습장업,,2026-05-06 22:38:10,I,03,폐업,,,,,0,,0,,,,2005-05-20 13:36:08,,1994-04-16,100-833,서울특별시 중구 신당동 403-26,,,CDFF3242051994000007,3010000,,,,서울특별시 중구 청구로 93-3  (신당동),,03,폐업,,,,,,,,,0,0,
N,근린생활시설,준노래연습장,2016-08-01,201301.983549716,451284.696607681,유통관련업,노래연습장업,,2026-05-06 22:38:10,I,03,폐업,N,N,,,,,,,,,2016-08-01 18:32:56,,1994-05-13,,서울특별시 중구 무학동 13-0,,,CDFF3242051994000009,3010000,,,,서울특별시 중구 퇴계로76길 29  (무학동),,03,폐업,N,,N,,,,,,,,
N,근린생활시설,25시노래연습장,2005-10-26,199147.240116001,451462.438530525,유통관련업,노래연습장업,,2026-05-06 22:38:11,I,03,폐업,N,N,,,,,,,N,,2005-10-26 18:04:42,,1994-07-06,100-846,서울특별시 중구 을지로3가 320-12,,,CDFF3242051994000011,3010000,,,,서울특별시 중구 을지로12길 17  (을지로3가),,03,폐업,N,,N,,,,,,,,
,근린생활시설,브이아이피,2003-01-08,200893.939428042,450192.730603877,유통관련업,노래연습장업,,2026-05-06 22:38:11,I,03,폐업,,,,,0,,0,,,,2003-02-11 18:21:03,,1994-08-18,100-827,서울특별시 중구 신당동 368-2,,,CDFF3242051994000012,3010000,,,,서울특별시 중구 동호로 177-1  (신당동),,03,폐업,,,,,,,,,0,0,
N,근린생활시설,쿨노래방,2003-12-29,200907.692423101,450306.640017588,유통관련업,노래연습장업,,2026-05-06 22:38:11,I,03,폐업,N,N,,,,,,,N,,2003-12-29 15:08:20,,1994-11-16,100-841,서울특별시 중구 신당동 369-35,,,CDFF3242051994000013,3010000,,,,서울특별시 중구 다산로 128  (신당동),,03,폐업,N,,N,,,,,,,,
,근린생활시설,왕실,2001-12-10,201686.07376784,451520.650686027,유통관련업,노래연습장업,,2026-05-06 22:38:11,I,03,폐업,,,,,0,,,,,,2003-02-11 18:21:03,,1994-12-01,100-869,서울특별시 중구 황학동 720-0,,,CDFF3242051994000014,3010000,,,,,,03,폐업,,,,,,,,,,,
,근린생활시설,로얄,2000-10-31,199279.173644915,451377.789533632,유통관련업,노래연습장업,,2026-05-06 22:38:11,I,03,폐업,,,,,0,,,,,,2003-02-11 18:21:03,,1994-12-23,100-300,서울특별시 중구 초동 19-2,,,CDFF3242051994000016,3010000,,,,,,03,폐업,,,,,,,,,,,
N,근린생활시설,차차차,2024-04-01,201052.072687355,450913.221971283,유통관련업,노래연습장업,,2026-05-06 22:38:11,I,03,폐업,N,N,,,102.3,,,,,1,2024-04-01 17:57:42,,1995-03-03,,서울특별시 중구 신당동 386-7,,,CDFF3242051995000003,3010000,,,,서울특별시 중구 청구로 87 (신당동),,03,폐업,N,,N,,,,22520778,,,,
,근린생활시설,연가,2000-07-04,199861.838986345,451843.1321277,유통관련업,노래연습장업,,2026-05-06 22:38:11,I,03,폐업,,,,,0,,,,,,2003-02-11 18:21:03,,1995-07-04,100-330,서울특별시 중구 주교동 72-1,,,CDFF3242051995000005,3010000,,,,서울특별시 중구 청계천로 194-2  (주교동),,03,폐업,,,,,,,,,,,
N,근린생활시설,도미솔,2003-07-23,201611.753483258,451509.783084025,유통관련업,노래연습장업,,2026-05-06 22:38:11,I,03,폐업,N,N,,,,,,,N,,2003-08-21 11:54:35,,1995-09-13,100-869,서울특별시 중구 황학동 739-0 지상3층,,,CDFF3242051995000006,3010000,,,,,,03,폐업,N,,N,,,,,,,,
N,근린생활시설,킹,2006-05-16,197963.543422563,450607.420231101,유통관련업,노래연습장업,,2026-05-06 22:38:11,I,03,폐업,N,N,,,,,,,N,,2006-05-16 15:14:47,,1995-09-22,100-806,서울특별시 중구 남창동 168-6,,,CDFF3242051995000007,3010000,,,,서울특별시 중구 퇴계로 42-3  (남창동),,03,폐업,N,,N,,,,,,,,
,근린생활시설,진짜,1999-10-26,,,유통관련업,노래연습장업,,2026-05-06 22:38:11,I,03,폐업,,,,,0,,,,,,2003-02-11 18:21:03,,1995-12-06,100-830,서울특별시 중구 신당동 366-100,,,CDFF3242051995000008,3010000,,,,서울특별시 중구 다산로 66-1  (신당동),,03,폐업,,,,,,,,,,,
N,근린생활시설,호수,2007-03-13,,,유통관련업,노래연습장업,,2026-05-06 22:38:11,I,03,폐업,N,N,,,,,,,N,,2007-03-13 14:26:32,,1995-12-28,100-869,서울특별시 중구 황학동 682-0,,,CDFF3242051995000009,3010000,,,,,,03,폐업,N,,N,,,,,,,,
N,근린생활시설,스타노래연습장,2022-02-17,201675.409021013,451958.495584927,유통관련업,노래연습장업,,2026-05-06 22:38:11,I,03,폐업,N,N,,,141.9,,,1,Y,7,2022-02-17 16:27:36,,1996-01-25,,서울특별시 중구 황학동 1781-0,,,CDFF3242051996000001,3010000,,,,서울특별시 중구 마장로9길 34  (황학동),,03,폐업,N,,N,,,,,,,,
,근린생활시설,영미,2000-10-13,201687.633958366,451919.349435294,유통관련업,노래연습장업,,2026-05-06 22:38:12,I,03,폐업,,,,,0,,,,,,2003-02-11 18:21:03,,1996-02-29,100-871,서울특별시 중구 황학동 2081-0,,,CDFF3242051996000002,3010000,,,,서울특별시 중구 마장로9길 28  (황학동),,03,폐업,,,,,,,,,,,
N,근린생활시설,중앙,2003-09-01,197103.362704072,450814.722084611,유통관련업,노래연습장업,,2026-05-06 22:38:12,I,03,폐업,N,N,,,,,,,N,,2003-09-01 11:49:51,,1996-03-14,100-858,서울특별시 중구 중림동 28-1,,,CDFF3242051996000003,3010000,,,,,,03,폐업,N,,N,,,,,,,,
N,근린생활시설,샘,2004-09-06,197934.214408748,450705.799459987,유통관련업,노래연습장업,,2026-05-06 22:38:12,I,03,폐업,N,N,,,,,,,N,,2004-11-16 09:18:14,,1996-04-13,100-804,서울특별시 중구 남창동 48-8,,,CDFF3242051996000005,3010000,,,,서울특별시 중구 남대문시장4길 31-2  (남창동),,03,폐업,N,,N,,,,,,,,
N,근린생활시설,까치,2006-02-24,,,유통관련업,노래연습장업,,2026-05-06 22:38:12,I,03,폐업,N,N,,,,,,,N,,2006-02-24 11:40:47,,1996-04-13,100-372,서울특별시 중구 만리동2가 23-1,,,CDFF3242051996000006,3010000,,,,서울특별시 중구 만리재로31길 2  (만리동2가),,03,폐업,N,,N,,,,,,,,
,,참새,2001-06-30,199598.919267432,451027.764382279,유통관련업,노래연습장업,,2026-05-06 22:38:12,I,03,폐업,,,,,0,,,,,,2003-02-11 18:21:03,,1996-05-30,100-863,서울특별시 중구 충무로4가 116-10,,,CDFF3242051996000007,3010000,,,,서울특별시 중구 퇴계로 220  (충무로4가),,03,폐업,,,,,,,,,,,
N,근린생활시설,3시간음악시간,2006-05-09,200388.202422788,450860.122820721,유통관련업,노래연습장업,,2026-05-06 22:38:12,I,03,폐업,N,N,,,,,,,N,,2006-05-09 10:07:20,,1996-06-07,100-855,서울특별시 중구 장충동2가 188-3,,,CDFF3242051996000009,3010000,,,,서울특별시 중구 동호로24길 19  (장충동2가),,03,폐업,N,,N,,,,,,,,
N,근린생활시설,별,2008-04-24,201501.488617913,451419.199682443,유통관련업,노래연습장업,,2026-05-06 22:38:12,I,03,폐업,N,N,,,,,,,N,,2008-04-25 10:45:10,,1996-06-21,100-819,서울특별시 중구 신당동 110-10 지상 2층,,,CDFF3242051996000011,3010000,,,,"서울특별시 중구 다산로44길 15  (신당동,지상 2층)",,03,폐업,N,,N,,,,,,,,
,근린생활시설,SBS,2001-07-30,198010.67969702,450612.388864445,유통관련업,노래연습장업,,2026-05-06 22:38:13,I,03,폐업,,,,,0,,0,,,,2003-02-11 18:21:03,,1996-11-28,100-806,서울특별시 중구 남창동 167-5,,,CDFF3242051996000014,3010000,,,,서울특별시 중구 퇴계로6길 10  (남창동),,03,폐업,,,,,,,,,0,0,
N,근린생활시설,동양,2005-10-20,197446.325172007,451215.406399929,유통관련업,노래연습장업,,2026-05-06 22:38:13,I,03,폐업,N,N,,,,,,,N,,2005-10-20 11:55:41,,1997-03-05,100-120,서울특별시 중구 정동 34-7,,,CDFF3242051997000001,3010000,,,,서울특별시 중구 서소문로 89-20  (정동),,03,폐업,N,,N,,,,,,,,
,근린생활시설,명보,2002-02-25,199389.257171219,451326.825886905,유통관련업,노래연습장업,,2026-05-06 22:38:13,I,03,폐업,,,,,0,,0,,,,2003-02-11 18:21:03,,1997-03-22,100-281,서울특별시 중구 인현동1가 97-2,,,CDFF3242051997000002,3010000,,,,서울특별시 중구 마른내로 54-1  (인현동1가),,03,폐업,,,,,,,,,0,0,
N,,발리,2020-11-06,200947.32139638,450404.007849838,유통관련업,노래연습장업,,2026-05-06 22:38:13,I,03,폐업,N,N,,,64.35,,,,Y,,2020-11-06 13:53:36,,1997-04-04,,서울특별시 중구 신당동 369-21,,,CDFF3242051997000003,3010000,,,,서울특별시 중구 다산로 136  (신당동),,03,폐업,N,,N,,,,22372985,,,,
N,근린생활시설,라이브콘,2006-06-02,197663.367918935,450691.40424021,유통관련업,노래연습장업,,2026-05-06 22:38:13,I,03,폐업,N,N,,,,,,,N,,2006-06-02 11:15:51,,1997-04-15,100-800,서울특별시 중구 남대문로5가 17-3 3동,,,CDFF3242051997000004,3010000,,,,"서울특별시 중구 세종대로 22, 3동 (남대문로5가)",,03,폐업,N,,N,,,,,,,,
,근린생활시설,신성,2002-06-26,197972.961919099,450992.650878291,유통관련업,노래연습장업,,2026-05-06 22:38:13,I,03,폐업,,,,,0,,0,,,,2003-02-11 18:21:03,,1997-04-24,100-093,서울특별시 중구 남대문로3가 87-3,,,CDFF3242051997000005,3010000,,,,서울특별시 중구 남대문로 19-1  (남대문로3가),,03,폐업,,,,,,,,,0,0,
N,근린생활시설,25시,2006-04-25,197904.508749923,450628.096873687,유통관련업,노래연습장업,,2026-05-06 22:38:13,I,03,폐업,N,N,,,,,,,N,,2006-04-25 16:32:41,,1997-06-11,100-805,서울특별시 중구 남창동 62-4,,,CDFF3242051997000007,3010000,,,,서울특별시 중구 퇴계로 39-2  (남창동),,03,폐업,N,,N,,,,,,,,
N,근린생활시설,다모아,1999-07-23,197905.659155249,451216.395030151,유통관련업,노래연습장업,,2026-05-06 22:38:13,I,03,폐업,N,N,,,,,,,N,,2004-02-23 14:50:25,,1997-09-24,100-864,서울특별시 중구 태평로2가 68-8,,,CDFF3242051997000009,3010000,,,,서울특별시 중구 세종대로 80-1  (태평로2가),,03,폐업,N,,N,,,,,,,,
,근린생활시설,MCR,2009-06-25,201094.409142844,451855.569604419,유통관련업,노래연습장업,,2026-05-06 22:38:13,I,03,폐업,,,,,0,,,,,,2009-06-25 13:15:15,,1997-10-14,,서울특별시 중구 신당동 213-3,,,CDFF3242051997000010,3010000,,,,서울특별시 중구 마장로1가길 11-8  (신당동),,03,폐업,,,,,,,,,,,
N,근린생활시설,섹스폰,2008-11-27,,,유통관련업,노래연습장업,,2026-05-06 22:38:14,I,03,폐업,N,N,,,,,,,N,,2008-11-27 10:06:53,,1997-10-14,100-824,서울특별시 중구 신당동 294-41,,,CDFF3242051997000011,3010000,,,,,,03,폐업,N,,N,,,,,,,,
N,근린생활시설,스타,2007-07-09,199524.530913749,451295.729538067,유통관련업,노래연습장업,,2026-05-06 22:38:14,I,03,폐업,N,N,,,,,,,N,,2007-07-09 13:23:01,,1997-10-30,100-282,서울특별시 중구 인현동2가 192-17,,,CDFF3242051997000013,3010000,,,,서울특별시 중구 퇴계로41길 47  (인현동2가),,03,폐업,N,,N,,,,22644678,,,,
N,근린생활시설,오케이,2007-06-07,,,유통관련업,노래연습장업,,2026-05-06 22:38:14,I,03,폐업,N,N,,,,,,,N,,2007-06-07 18:09:06,,1997-11-06,100-273,서울특별시 중구 필동3가 25-5,,,CDFF3242051997000014,3010000,,,,,,03,폐업,N,,N,,,,,,,,
N,근린생활시설,월드,2019-06-12,201641.363400185,451210.115520834,유통관련업,노래연습장업,,2026-05-06 22:38:14,I,03,폐업,N,N,,,149.13,,,,,6,2019-06-12 16:35:11,,1997-12-24,,서울특별시 중구 신당동 52-11,,,CDFF3242051997000015,3010000,,,,서울특별시 중구 퇴계로88길 63 (신당동),,03,폐업,N,,N,,,,,,,,
N,근린생활시설,오디션,2007-08-09,199466.317788539,451108.71319358,유통관련업,노래연습장업,,2026-05-06 22:38:14,I,03,폐업,N,N,,,,,,,N,,2007-08-09 10:20:56,,1997-12-26,100-862,서울특별시 중구 충무로4가 134-2,,,CDFF3242051997000016,3010000,,,,,,03,폐업,N,,N,,,,22852489,,,,
N,근린생활시설,팀204,2004-06-01,201121.306096947,451706.52701165,유통관련업,노래연습장업,,2026-05-06 22:38:14,I,03,폐업,N,N,,,,,,,N,,2004-06-01 15:55:07,,1998-03-14,100-886,서울특별시 중구 신당동 204-48,,,CDFF3242051998000002,3010000,,,,서울특별시 중구 마장로 30  (신당동),,03,폐업,N,,N,,,,22524242,,,,
N,근린생활시설,씨티노래방,2007-04-03,198065.845616529,450787.39677054,유통관련업,노래연습장업,,2026-05-06 22:38:14,I,03,폐업,N,N,,,,,,,N,,2007-04-03 10:57:47,,1998-04-06,100-804,서울특별시 중구 남창동 9-15,,,CDFF3242051998000004,3010000,,,,서울특별시 중구 퇴계로 61  (남창동),,03,폐업,N,,N,,,,,,,,
N,근린생활시설,앗싸,2009-08-19,201567.192348576,451460.57702689,유통관련업,노래연습장업,,2026-05-06 22:38:14,I,03,폐업,N,N,,,103,,,,,,2009-08-19 10:26:14,,1998-04-08,,서울특별시 중구 신당동 120-9,,,CDFF3242051998000005,3010000,,,,서울특별시 중구 퇴계로 422-1  (신당동),,03,폐업,N,,N,,,,,,,,
,근린생활시설,한일,1999-12-27,,,유통관련업,노래연습장업,,2026-05-06 22:38:14,I,03,폐업,,,,,0,,,,,,2003-02-11 18:21:03,,1998-05-04,100-872,서울특별시 중구 회현동1가 4-1,,,CDFF3242051998000006,3010000,,,,,,03,폐업,,,,,,,,,,,
,근린생활시설,초원,2000-08-05,197491.849792547,450601.839417971,유통관련업,노래연습장업,,2026-05-06 22:38:14,I,03,폐업,,,,,0,,,,,,2003-02-11 18:21:03,,1998-05-08,100-800,서울특별시 중구 남대문로5가 63-23,,,CDFF3242051998000007,3010000,,,,서울특별시 중구 세종대로 3  (남대문로5가),,03,폐업,,,,,,,,,,,
N,근린생활시설,성우,2009-01-09,201586.281698407,451430.970587358,유통관련업,노래연습장업,,2026-05-06 22:38:15,I,03,폐업,N,N,,,54.26,,,,N,,2009-01-09 16:07:31,,1998-05-25,100-819,서울특별시 중구 신당동 120-26,,,CDFF3242051998000009,3010000,,,,서울특별시 중구 다산로44길 33  (신당동),,03,폐업,N,,N,,,,22323707,,,,
N,근린생활시설,월드컵,2006-09-08,201590.358991805,451451.649536726,유통관련업,노래연습장업,,2026-05-06 22:38:15,I,03,폐업,N,N,,,,,,,N,,2006-09-08 15:12:39,,1998-05-29,100-819,서울특별시 중구 신당동 130-10,,,CDFF3242051998000010,3010000,,,,서울특별시 중구 퇴계로84길 5  (신당동),,03,폐업,N,,N,,,,22319040,,,,
,근린생활시설,라이브,1998-12-31,201204.11466592,451408.586453892,유통관련업,노래연습장업,,2026-05-06 22:38:15,I,03,폐업,,,,,0,,,,,,2003-02-11 18:21:03,,1998-06-24,100-823,서울특별시 중구 신당동 247-14,,,CDFF3242051998000011,3010000,,,,서울특별시 중구 퇴계로 386-1  (신당동),,03,폐업,,,,,,,,,,,
N,근린생활시설,전국노래자랑,2004-11-16,197954.086341527,450907.364737357,유통관련업,노래연습장업,,2026-05-06 22:38:15,I,03,폐업,N,N,,,,,,,N,,2004-11-16 09:04:52,,1998-07-01,100-094,서울특별시 중구 남대문로4가 3-4,,,CDFF3242051998000012,3010000,,,,,,03,폐업,N,,N,,,,,,,,
N,근린생활시설,데몰리션노래연습장,2020-04-24,199650.818851282,451009.585158532,유통관련업,노래연습장업,,2026-05-06 22:38:15,I,03,폐업,N,N,,,141,,,,,,2020-04-24 18:00:34,,1998-08-10,,서울특별시 중구 필동2가 55-0,,,CDFF3242051998000013,3010000,,,,서울특별시 중구 퇴계로42길 7  (필동2가),,03,폐업,N,,N,,,,22785953,,,,
N,,타워,2005-09-27,200613.510297669,451817.515366883,유통관련업,노래연습장업,,2026-05-06 22:38:28,I,03,폐업,N,N,,,106.68,,,2,N,7,2005-09-27 15:48:39,,2004-04-01,100-850,서울특별시 중구 을지로6가 17-2 프레야타운 지하1층 S007호,,,CDFF3242052004000002,3010000,,,,"서울특별시 중구 장충단로13길 20  (을지로6가,프레야타운 지하1층 S007호)",,03,폐업,N,,N,,,,22692251,,,1,
N,,에쿠스,2023-05-31,201918.161963316,451514.935561748,유통관련업,노래연습장업,,2026-05-06 22:38:28,I,03,폐업,N,N,,,170.9,,,,,7,2023-05-31 17:28:35,,2004-10-13,,서울특별시 중구 황학동 2519 (지하1층),,,CDFF3242052004000008,3010000,,,,"서울특별시 중구 퇴계로 449-23 (황학동,(지하1층))",,03,폐업,N,,N,,,,,,,,
N,,남산 노래연습장,2021-02-15,198050.130597169,450598.037458553,유통관련업,노래연습장업,,2026-05-06 22:38:28,I,03,폐업,N,N,,,121.81,,,1,Y,5,2022-05-03 15:33:32,,2004-12-17,,서울특별시 중구 회현동1가 176 지하1층,,,CDFF3242052004000010,3010000,,,,"서울특별시 중구 퇴계로4길 25 (회현동1가,지하1층)",,03,폐업,N,,N,,,,,,,,
N,,아쿠아,2005-11-16,200488.771189305,451524.878308043,유통관련업,노래연습장업,,2026-05-06 22:38:28,I,03,폐업,N,N,,,,,,1,N,15,2005-11-16 15:20:51,,2005-04-07,100-196,서울특별시 중구 을지로6가 23 지하1층,,,CDFF3242052005000001,3010000,,,,"서울특별시 중구 을지로 254  (을지로6가,지하1층)",,03,폐업,N,,N,,,,22799999,,,,
N,,황소,2009-06-02,199342.444580223,451137.087964962,유통관련업,노래연습장업,,2026-05-06 22:38:28,I,03,폐업,N,N,,,109.02,,3,,,4,2009-06-02 10:41:48,,2005-09-07,,서울특별시 중구 충무로3가 36-4 지상3층,,,CDFF3242052005000004,3010000,,,,"서울특별시 중구 충무로2길 2  (충무로3가,지상3층)",,03,폐업,N,,N,,,,,,,,
N,,떡볶이,2013-08-28,201216.130815537,451269.358648562,유통관련업,노래연습장업,,2026-05-06 22:38:28,I,03,폐업,N,N,,,172.33,,1,4,N,6,2013-08-29 09:36:52,,2005-11-14,,서울특별시 중구 신당동 241-6,,,CDFF3242052005000005,3010000,,,,서울특별시 중구 다산로35길 19  (신당동),,03,폐업,N,,N,,,,22311104,,,,
N,,황제,2012-09-03,198149.837723773,450736.472534574,유통관련업,노래연습장업,,2026-05-06 22:38:28,I,03,폐업,N,N,,,122.31,,,,N,7,2012-09-03 10:26:25,,2005-12-01,100-874,서울특별시 중구 회현동1가 184,,,CDFF3242052005000006,3010000,,,,서울특별시 중구 퇴계로8길 10  (회현동1가),,03,폐업,N,,N,,,,,,,1,
N,,용비어천가,2011-04-18,200607.349059464,451684.628634882,유통관련업,노래연습장업,,2026-05-06 22:38:28,I,03,폐업,N,N,,,47.84,,3,4,,4,2011-04-18 17:04:50,,2006-04-13,,서울특별시 중구 을지로6가 18-40,,,CDFF3242052006000002,3010000,,,,서울특별시 중구 장충단로 249-24  (을지로6가),,03,폐업,N,,N,,,,,,,,
N,,현대,2008-05-27,,,유통관련업,노래연습장업,,2026-05-06 22:38:28,I,03,폐업,N,N,,,75.67,,,2,N,5,2008-05-27 15:52:09,,2006-04-14,100-815,서울특별시 중구 신당동 44-11 외 7필지,,,CDFF3242052006000003,3010000,,,,,,03,폐업,N,,N,,,,22311593,,,1,
N,,아쿠아,2010-06-09,200488.771189305,451524.878308043,유통관련업,노래연습장업,,2026-05-06 22:38:29,I,03,폐업,N,N,,,92.55,,,,,4,2010-06-09 16:38:32,,2006-07-11,,서울특별시 중구 을지로6가 23 지하2층,,,CDFF3242052006000006,3010000,,,,"서울특별시 중구 을지로 254  (을지로6가,지하2층)",,03,폐업,N,,N,,,,,,,2,
,근린생활시설,채플린,2018-10-11,200513.43508997,451633.099004875,유통관련업,노래연습장업,,2026-05-06 22:38:29,I,03,폐업,,,,,211.71,,,,,7,2018-10-11 16:12:16,,2006-12-07,,서울특별시 중구 을지로6가 18-66 지상 4층,,,CDFF3242052006000008,3010000,,,상업지역,"서울특별시 중구 을지로41길 28 (을지로6가,지상 4층)",,03,폐업,,,,기타,,,02-2264-6383,,,,
,,OK 노래연습장,2020-09-22,201590.358991805,451451.649536726,유통관련업,노래연습장업,,2026-05-06 22:38:29,I,03,폐업,,,,,49.9,,,,,,2020-09-22 15:23:56,,2007-01-09,,서울특별시 중구 신당동 130-10 지하 1층,,,CDFF3242052007000001,3010000,,,상업지역,"서울특별시 중구 퇴계로84길 5  (신당동,지하 1층)",,03,폐업,,,,기타,,,22313382,,,,
,,실로암,2021-05-20,197156.145532304,450606.976833455,유통관련업,노래연습장업,,2026-05-06 22:38:29,I,03,폐업,,,,,30.96,,,,,7,2021-05-20 09:48:05,,2007-06-29,,서울특별시 중구 중림동 128-104 지상 3층,,,CDFF3242052007000002,3010000,,,일반상업지역,"서울특별시 중구 중림로 49 (중림동,지상 3층)",,03,폐업,,,,,,,02-3147-2980,,,,
,근린생활시설,럭셔리,2017-04-14,199994.148286986,451871.658487352,유통관련업,노래연습장업,,2026-05-06 22:38:29,I,03,폐업,,,,,99,,,2,Y,4,2017-04-14 15:22:57,,2007-08-03,,서울특별시 중구 주교동 24-1 지상 3층,,,CDFF3242052007000004,3010000,,,상업지역,"서울특별시 중구 청계천로 208 (주교동,지상 3층)",,03,폐업,,,,기타,,,,,,,
,,큐노래연습장,2021-07-02,200786.965349893,450318.003821582,유통관련업,노래연습장업,,2026-05-06 22:38:29,I,03,폐업,,Y,,,130.9,,,3,Y,6,2021-07-02 15:42:45,,2007-11-23,,서울특별시 중구 신당동 355-15 지하 1층,,,CDFF3242052007000006,3010000,,,일반상업지역,"서울특별시 중구 동호로 193-6 (신당동,지하 1층)",,03,폐업,,,,기타,,,,,,,
,,리듬 노래연습장,2014-07-07,200424.764906908,450943.348674822,유통관련업,노래연습장업,,2026-05-06 22:38:29,I,03,폐업,,,,,73.15,,,,,,2014-07-07 14:19:52,,2007-12-21,,서울특별시 중구 장충동1가 59-4 지상 2층,,,CDFF3242052007000008,3010000,,,,"서울특별시 중구 장충단로 177, 2층 (장충동1가)",,03,폐업,,,,,,,22648279,,,,
,,전국노래자랑 노래연습장,2020-12-03,199408.704733636,450968.796572417,유통관련업,노래연습장업,,2026-05-06 22:38:29,I,03,폐업,,,,,76.03,,,,,5,2020-12-03 14:58:59,,2008-01-02,,서울특별시 중구 필동2가 7-3 지하 1층,,,CDFF3242052008000001,3010000,,,,"서울특별시 중구 퇴계로 200, 지하1층 (필동2가)",04625,03,폐업,,,,,,,,,,,
,,퀸,2012-02-23,201262.196640351,451300.416976196,유통관련업,노래연습장업,,2026-05-06 22:38:29,I,03,폐업,,,,,147.86,,,,,,2012-02-27 11:24:32,,2008-01-18,,서울특별시 중구 무학동 41 지하 1층,,,CDFF3242052008000002,3010000,,,,"서울특별시 중구 다산로39길 11-9  (무학동,지하 1층)",,03,폐업,,,,,,,22317872,,,,
,,물결,2017-06-21,201122.570982746,451623.769078061,유통관련업,노래연습장업,,2026-05-06 22:38:29,I,03,폐업,,,,,199.7,,,,,,2017-06-21 16:03:15,,2008-04-01,,서울특별시 중구 신당동 251-77 지상 2층,,,CDFF3242052008000003,3010000,,,,"서울특별시 중구 퇴계로73가길 34  (신당동,지상 2층)",,03,폐업,,,,,,,,,,,
,,라이브 노래연습장,2010-09-02,198511.414257246,451155.719661173,유통관련업,노래연습장업,,2026-05-06 22:38:29,I,03,폐업,,,,,121.06,,,,,,2010-09-02 13:57:23,,2008-07-23,,서울특별시 중구 명동2가 54-32 지상 2층,,,CDFF3242052008000005,3010000,,,,"서울특별시 중구 명동4길 23  (명동2가,지상 2층)",,03,폐업,,,,,,,,,,,
,,미처날뛸 창2,2020-10-27,199666.235499147,451009.369604318,유통관련업,노래연습장업,,2026-05-06 22:38:29,I,03,폐업,,,,,68.82,,,,,5,2021-08-27 13:25:34,,2008-11-14,,서울특별시 중구 필동2가 58-1 2층,,,CDFF3242052008000006,3010000,,,,"서울특별시 중구 퇴계로44길 8-10 (필동2가,2층)",,03,폐업,,,,,,,,,,,
,,캐슬 노래연습장,2010-03-12,201493.81751023,451443.482518591,유통관련업,노래연습장업,,2026-05-06 22:38:30,I,03,폐업,,,,,,,,,,,2010-03-12 17:23:55,,2008-11-20,,서울특별시 중구 신당동 110-7 지하 1층,,,CDFF3242052008000007,3010000,,,,"서울특별시 중구 퇴계로 414  (신당동,지하 1층)",,03,폐업,,,,,,,,,,,
,근린생활시설,아시아,2009-07-16,199325.013411554,451250.997023543,유통관련업,노래연습장업,,2026-05-06 22:38:30,I,03,폐업,,,,,39.67,,,,,,2009-07-16 16:17:39,,2009-04-02,,서울특별시 중구 초동 40-4 2층,,,CDFF3242052009000003,3010000,,,일반상업지역,"서울특별시 중구 충무로 26-1  (초동,2층)",,03,폐업,,,,,,,22757599,,,,
,근린생활시설,필 노래연습장,2019-03-21,197597.047336082,450595.116844507,유통관련업,노래연습장업,,2026-05-06 22:38:30,I,03,폐업,,,,,83,,,,,,2019-03-21 10:57:11,,2009-04-08,100-801,서울특별시 중구 남대문로5가 84-20 지상 3층,,,CDFF3242052009000004,3010000,,,중심상업지역,"서울특별시 중구 세종대로2길 6  (남대문로5가,지상 3층)",,03,폐업,,,,,,,,,,,
,,M net 노래연습장,2014-01-23,200907.692423101,450306.640017588,유통관련업,노래연습장업,,2026-05-06 22:38:30,I,03,폐업,,,,,132.6,,,,Y,,2014-01-24 16:45:24,,2010-10-25,,서울특별시 중구 신당동 369-35 지하1층,,,CDFF3242052010000004,3010000,,,,"서울특별시 중구 다산로 128  (신당동,지하1층)",,03,폐업,,,,,,,,,,,
,,에이스노래연습장,2011-12-19,200613.510297669,451817.515366883,유통관련업,노래연습장업,,2026-05-06 22:38:30,I,03,폐업,,,,,144,,,,,,2011-12-21 10:14:08,,2011-09-30,,서울특별시 중구 을지로6가 17-2 케레스타 2층,,,CDFF3242052011000003,3010000,,,,"서울특별시 중구 장충단로13길 20  (을지로6가,케레스타 2층)",,03,폐업,,,,,,,22666466,,,,
,,퀸노래연습장,2023-06-14,201262.196640351,451300.416976196,유통관련업,노래연습장업,,2026-05-06 22:38:30,I,03,폐업,,,,,147.86,,,,Y,,2023-06-14 16:41:21,,2012-04-06,,서울특별시 중구 무학동 41,,,CDFF3242052012000002,3010000,,,,서울특별시 중구 다산로39길 11-9 (무학동),04611,03,폐업,,,,,,,22317372,,,,
,,케이팝노래연습장,2016-11-04,200961.609231754,450536.320940394,유통관련업,노래연습장업,,2026-05-06 22:38:30,I,03,폐업,,,,,198.15,,,,Y,,2016-11-04 16:31:20,,2012-08-13,,서울특별시 중구 신당동 370-69,,,CDFF3242052012000004,3010000,,,,서울특별시 중구 다산로 149 (신당동),04607,03,폐업,,,,,,,22322800,,,,
,,엠플러스노래연습장,2017-07-19,198467.126665171,451240.860896184,유통관련업,노래연습장업,,2026-05-06 22:38:31,I,03,폐업,,,,,102.48,,,2,Y,8,2017-07-19 15:46:14,,2013-11-06,,서울특별시 중구 명동2가 55-5 3층,,,CDFF3242052013000001,3010000,,,,"서울특별시 중구 명동4길 2, 3층 (명동2가)",04536,03,폐업,,,,,,,02-3789-6819,,,,
,,탑코인 노래연습장,2023-04-03,200809.411043139,450318.80879106,유통관련업,노래연습장업,,2026-05-06 22:38:31,I,03,폐업,,,,,105.7,,,12,Y,12,2023-04-04 15:07:09,,2015-10-08,,서울특별시 중구 신당동 360-2 지하1층,,,CDFF3242052015000003,3010000,,,,"서울특별시 중구 동호로 193, 지하1층 (신당동)",04598,03,폐업,,,,,,,,,,,
,,이브노래연습장,2020-02-17,200907.692423101,450306.640017588,유통관련업,노래연습장업,,2026-05-06 22:38:31,I,03,폐업,Y,Y,,,132.6,,,1,Y,6,2020-02-17 17:53:13,,2016-12-26,,서울특별시 중구 신당동 369-35 지하1층,,,CDFF3242052016000003,3010000,,,,"서울특별시 중구 다산로 128, 지하1층 (신당동)",04590,03,폐업,,,,,,,,,,1,
,,썬 노래연습장,2018-10-11,201525.161121474,451401.193490914,유통관련업,노래연습장업,,2026-05-06 22:38:31,I,03,폐업,Y,Y,,,130.51,,,,,6,2018-10-11 16:12:42,,2017-04-17,,서울특별시 중구 신당동 121-1,,,CDFF3242052017000001,3010000,,,,서울특별시 중구 다산로44길 20 (신당동),04577,03,폐업,,,,,,,22353373,,,,
,,신내 노래연습장,1999-08-31,208560.759625644,455826.847497291,유통관련업,노래연습장업,,2026-05-06 22:38:04,I,03,폐업,,,,,0,,,,,,2003-04-18 17:03:26,,1994-08-24,131-868,서울특별시 중랑구 신내동 472-1,,,CDFF3242051994000017,3060000,,,,서울특별시 중랑구 봉화산로56길 87  (신내동),,03,폐업,,,,,,,,,,,
,,사계절 노래연습장,2001-04-16,,,유통관련업,노래연습장업,,2026-05-06 22:38:05,I,03,폐업,,,,,0,,,,,,2003-04-18 17:03:26,,1994-09-05,131-827,서울특별시 중랑구 면목동 661-63,,,CDFF3242051994000018,3060000,,,,,,03,폐업,,,,,,,,,,,
,,하모니노래연습장,2002-04-02,206711.097913283,454620.769366564,유통관련업,노래연습장업,,2026-05-06 22:38:05,I,03,폐업,,,,,0,,0,,,,2003-04-18 17:03:26,,1994-09-17,131-861,서울특별시 중랑구 상봉동 129-86,,,CDFF3242051994000019,3060000,,,,서울특별시 중랑구 망우로 216  (상봉동),,03,폐업,,,,,,,,,0,0,
,,만남,2011-04-27,206717.441952751,454325.417156165,유통관련업,노래연습장업,,2026-05-06 22:38:06,I,03,폐업,,,,,0,,0,,,,2011-04-27 16:53:14,,1994-11-28,131-823,서울특별시 중랑구 면목동 182-130,,,CDFF3242051994000021,3060000,,,,서울특별시 중랑구 동일로109길 61  (면목동),,03,폐업,,,,,,,,,0,0,
,,에프원노래연습장,2012-12-26,208608.523141255,455289.134255653,유통관련업,노래연습장업,,2026-05-06 22:38:07,I,03,폐업,,,,,109.16,,0,2,Y,,2012-12-26 15:04:17,,1995-01-12,,서울특별시 중랑구 망우동 488-1,,,CDFF3242051995000001,3060000,,,,서울특별시 중랑구 용마산로117길 41  (망우동),,03,폐업,,,,,,,,,0,0,
,,스타 노래연습장,2001-08-08,206810.711624991,453943.415358175,유통관련업,노래연습장업,,2026-05-06 22:38:07,I,03,폐업,,,,,0,,,,,,2003-04-18 17:03:26,,1995-08-18,131-820,서울특별시 중랑구 면목동 177-15,,,CDFF3242051995000006,3060000,,,,서울특별시 중랑구 동일로99길 33  (면목동),,03,폐업,,,,,,,22075885,,,,
,,열린 노래연습장,1999-07-27,206487.770751779,454468.352322619,유통관련업,노래연습장업,,2026-05-06 22:38:08,I,03,폐업,,,,,0,,,,,,2003-04-18 17:03:26,,1995-10-06,131-861,서울특별시 중랑구 상봉동 136-25,,,CDFF3242051995000007,3060000,,,,서울특별시 중랑구 중랑천로12길 24  (상봉동),,03,폐업,,,,,,,22078812,,,,
N,,별 노래연습장,2003-06-17,206860.00552481,453754.52941695,유통관련업,노래연습장업,,2026-05-06 22:38:08,I,03,폐업,N,N,,,,,,,N,,2003-06-17 17:37:55,,1995-12-09,131-822,서울특별시 중랑구 면목동 175-11 12,,,CDFF3242051995000008,3060000,,,,"서울특별시 중랑구 겸재로10길 3  (면목동,12)",,03,폐업,N,,N,,,,,,,,
,,런던파크 노래연습장,2000-02-14,206871.131075903,455500.499705087,유통관련업,노래연습장업,,2026-05-06 22:38:08,I,03,폐업,,,,,0,,,,,,2003-04-18 17:03:26,,1995-12-14,131-881,서울특별시 중랑구 중화동 305-45,,,CDFF3242051995000009,3060000,,,,서울특별시 중랑구 봉화산로 39  (중화동),,03,폐업,,,,,,,,,,,
,,새서울 노래연습장,1999-11-11,206492.665028692,454382.416306872,유통관련업,노래연습장업,,2026-05-06 22:38:08,I,03,폐업,,,,,0,,0,,,,2003-04-18 17:03:26,,1996-02-22,131-823,서울특별시 중랑구 면목동 186-151,,,CDFF3242051996000001,3060000,,,,서울특별시 중랑구 중랑천로10길 22  (면목동),,03,폐업,,,,,,,,,0,0,
N,,또또노래연습장,2003-07-25,206681.064109756,456873.318730658,유통관련업,노래연습장업,,2026-05-06 22:38:08,I,03,폐업,N,N,,,,,,,N,,2004-01-07 12:02:45,,1996-04-10,131-851,서울특별시 중랑구 묵동 234-52,,,CDFF3242051996000003,3060000,,,,서울특별시 중랑구 동일로 939  (묵동),,03,폐업,N,,N,,,,,,,,
N,,에이스 노래연습장,2018-10-01,206809.094299831,454593.781622318,유통관련업,노래연습장업,,2026-05-06 22:38:08,I,03,폐업,N,N,,,94.05,,2,,,,2018-10-01 14:23:46,,1996-06-27,131-861,서울특별시 중랑구 상봉동 129-26 (2층),,,CDFF3242051996000005,3060000,,,,"서울특별시 중랑구 망우로36길 14  (상봉동,(2층))",,03,폐업,N,,N,,,,,,,,
N,근린생활시설,부라보노래연습장,2007-01-10,206701.081081521,454570.644341917,유통관련업,노래연습장업,,2026-05-06 22:38:08,I,03,폐업,N,N,,,66.11,,2,1,Y,,2007-01-10 14:15:07,,1996-08-20,131-861,서울특별시 중랑구 상봉동 129-66 지상2층,,,CDFF3242051996000006,3060000,,,일반주거지역,"서울특별시 중랑구 망우로32길 11  (상봉동,지상2층)",,03,폐업,N,,N,주택가주변,,,22091964,,3,1,
N,,팡팡노래연습장,2020-01-08,207690.415711104,455276.799243998,유통관련업,노래연습장업,,2026-05-06 22:38:09,I,03,폐업,N,N,,,176.48,,,,,5,2020-01-09 14:53:29,,1996-10-28,,서울특별시 중랑구 상봉동 268-5,,,CDFF3242051996000008,3060000,,,,서울특별시 중랑구 상봉중앙로1길 78 (상봉동),,03,폐업,N,,N,,,,,,,,
,,MT노래방,2020-01-16,208439.530681347,453970.488038893,유통관련업,노래연습장업,,2026-05-06 22:38:10,I,03,폐업,,,,,0,,0,,,,2020-01-16 17:31:23,,1996-12-11,131-811,서울특별시 중랑구 면목동 19-4,,,CDFF3242051996000010,3060000,,,,서울특별시 중랑구 용마산로 410  (면목동),,03,폐업,,,,,,,,,0,0,
,,늘푸른연습장,2000-07-03,208663.451595455,456169.220843508,유통관련업,노래연습장업,,2026-05-06 22:38:10,I,03,폐업,,,,,0,,0,,,,2003-04-18 17:03:26,,1997-02-15,131-866,서울특별시 중랑구 신내동 393-5,,,CDFF3242051997000001,3060000,,,,서울특별시 중랑구 봉화산로 236  (신내동),,03,폐업,,,,,,,22095545,,0,0,
,,팡파레노래연습장,2000-02-29,206917.83316062,457023.152883521,유통관련업,노래연습장업,,2026-05-06 22:38:10,I,03,폐업,,,,,0,,0,,,,2003-04-18 17:03:26,,1997-04-02,131-848,서울특별시 중랑구 묵동 300-1,,,CDFF3242051997000002,3060000,,,,서울특별시 중랑구 공릉로 56  (묵동),,03,폐업,,,,,,,,,0,0,
,,명성노래방,2001-09-18,207463.759438885,452101.45277602,유통관련업,노래연습장업,,2026-05-06 22:38:10,I,03,폐업,,,,,0,,0,,,,2003-04-18 17:03:26,,1997-08-13,131-829,서울특별시 중랑구 면목동 393-51,,,CDFF3242051997000004,3060000,,,,서울특별시 중랑구 답십리로 403  (면목동),,03,폐업,,,,,,,,,0,0,
,,꾸러기 노래연습장,2001-01-31,206815.38898871,454637.619748302,유통관련업,노래연습장업,,2026-05-06 22:38:10,I,03,폐업,,,,,0,,,,,,2003-04-18 17:03:26,,1997-08-26,131-861,서울특별시 중랑구 상봉동 128-44,,,CDFF3242051997000005,3060000,,,,서울특별시 중랑구 망우로36길 11  (상봉동),,03,폐업,,,,,,,,,,,
,,스카이노래연습장,2018-07-02,206833.203493928,455178.793195339,유통관련업,노래연습장업,,2026-05-06 22:38:11,I,03,폐업,,,,,100,,,,,7,2018-07-02 22:33:47,,1997-12-11,,서울특별시 중랑구 중화동 302-75,,,CDFF3242051997000010,3060000,,,,서울특별시 중랑구 중랑역로 62 (중화동),,03,폐업,,,,,,,,,,1,
N,근린생활시설,25시노래연습장,2011-11-07,,,유통관련업,노래연습장업,,2026-05-06 22:38:11,I,03,폐업,N,N,,,153.39,,5,4,N,9,2011-11-08 11:15:13,,1998-01-22,131-803,서울특별시 중랑구 망우동 340-18 지하,,,CDFF3242051998000001,3060000,,,일반주거지역,"서울특별시 중랑구 용마산로118길 14  (망우동,지하)",,03,폐업,N,,N,,,,,,6,1,
,,팡팡 노래연습장,2000-11-16,206448.314200373,454078.749529697,유통관련업,노래연습장업,,2026-05-06 22:38:11,I,03,폐업,,,,,0,,,,,,2003-04-18 17:03:26,,1998-08-20,131-824,서울특별시 중랑구 면목동 192-70,,,CDFF3242051998000004,3060000,,,,서울특별시 중랑구 봉우재로 2  (면목동),,03,폐업,,,,,,,,,,,
N,,엑스포 노래연습장,2005-06-15,206594.751652573,456685.231431413,유통관련업,노래연습장업,,2026-05-06 22:38:11,I,03,폐업,N,N,,,,,,,N,,2005-06-15 18:07:11,,1998-09-24,131-851,서울특별시 중랑구 묵동 237-125,,,CDFF3242051998000005,3060000,,,,서울특별시 중랑구 중랑역로 213-1  (묵동),,03,폐업,N,,N,,,,,,,,
N,,따봉노래연습장,2018-10-19,207562.458844463,454002.437933163,유통관련업,노래연습장업,,2026-05-06 22:38:11,I,03,폐업,N,N,,,66,,,1,Y,4,2018-10-19 13:42:10,,1999-04-16,,서울특별시 중랑구 면목동 120-22 2층,,,CDFF3242051999000004,3060000,,,,서울특별시 중랑구 겸재로 169 (면목동),02146,03,폐업,N,,N,,,,,,,,
,,코러스노래방,2002-03-05,206696.281677722,454585.428040874,유통관련업,노래연습장업,,2026-05-06 22:38:11,I,03,폐업,,,,,0,,0,,,,2003-04-18 17:03:26,,1999-06-08,131-861,서울특별시 중랑구 상봉동 129-11,,,CDFF3242051999000006,3060000,,,,서울특별시 중랑구 망우로32길 7  (상봉동),,03,폐업,,,,,,,,,0,0,
N,,토마토노래연습장,2023-12-07,206931.473752031,455226.87204724,유통관련업,노래연습장업,,2026-05-06 22:38:12,I,03,폐업,N,N,,,100,,,1,Y,4,2023-12-07 11:28:27,,1999-06-14,,서울특별시 중랑구 중화동 301-86,,,CDFF3242051999000007,3060000,,,,서울특별시 중랑구 동일로129길 7 (중화동),,03,폐업,N,,N,,,,,,4,1,
,,우리노래방,2016-04-19,207729.175659582,453342.232542102,유통관련업,노래연습장업,,2026-05-06 22:38:12,I,03,폐업,,,,,0,,0,,,,2016-04-19 17:51:43,,1999-06-21,131-831,서울특별시 중랑구 면목동 497-7,,,CDFF3242051999000008,3060000,,,,서울특별시 중랑구 면목로 341  (면목동),,03,폐업,,,,,,,,,0,0,
,,21C노래방,2002-08-13,206967.40241226,455094.095344492,유통관련업,노래연습장업,,2026-05-06 22:38:12,I,03,폐업,,,,,0,,0,,,,2003-04-18 17:03:26,,1999-07-03,131-880,서울특별시 중랑구 중화동 301-28,,,CDFF3242051999000010,3060000,,,,서울특별시 중랑구 동일로 759  (중화동),,03,폐업,,,,,,,,,0,0,
,,소리노래방,2000-10-04,,,유통관련업,노래연습장업,,2026-05-06 22:38:12,I,03,폐업,,,,,0,,0,,,,2003-04-18 17:03:26,,1999-09-09,131-833,서울특별시 중랑구 면목동 1084-9,,,CDFF3242051999000015,3060000,,,,서울특별시 중랑구 용마산로 320-1  (면목동),,03,폐업,,,,,,,,,0,0,
N,,판테온노래연습장,2003-10-01,206659.973725483,454602.592730634,유통관련업,노래연습장업,,2026-05-06 22:38:13,I,03,폐업,N,N,,,,,,,N,,2003-10-01 18:04:43,,1999-12-30,131-861,서울특별시 중랑구 상봉동 130-0,,,CDFF3242051999000021,3060000,,,,서울특별시 중랑구 망우로 212  (상봉동),,03,폐업,N,,N,,,,22081980,,,,
N,,신아노래연습실,2011-03-28,208295.099818379,456014.999180519,유통관련업,노래연습장업,,2026-05-06 22:38:13,I,03,폐업,N,N,,,191.28,,,,,,2011-03-28 16:28:27,,1999-12-30,,"서울특별시 중랑구 신내동 666 619,620호",,,CDFF3242051999000022,3060000,,,,"서울특별시 중랑구 봉화산로 194  (신내동,619,620호)",,03,폐업,N,,N,,,,34230333,,,,
N,,뮤즈노래방,2004-01-29,209508.281405411,455300.504574835,유통관련업,노래연습장업,,2026-05-06 22:38:13,I,03,폐업,N,N,,,,,,,N,,2004-01-29 09:47:39,,2000-01-13,131-802,서울특별시 중랑구 망우동 573-0,,,CDFF3242052000000001,3060000,,,,,,03,폐업,N,,N,,,,,,,,
,근린생활시설,새천년노래연습장,2019-09-06,206871.131075903,455500.499705087,유통관련업,노래연습장업,,2026-05-06 22:38:13,I,03,폐업,,,,,228.96,,,,,7,2019-09-06 10:41:43,,2000-04-17,,서울특별시 중랑구 중화동 305-45,,,CDFF3242052000000004,3060000,,,,서울특별시 중랑구 봉화산로 39 (중화동),02017,03,폐업,,,,기타,,,,,5,1,
,,무쏘노래연습장,2022-02-04,206607.440064595,454286.635021068,유통관련업,노래연습장업,,2026-05-06 22:38:13,I,03,폐업,,,,,104.44,,0,,,4,2022-02-04 16:11:57,,2000-09-05,,서울특별시 중랑구 면목동 182-35,,,CDFF3242052000000005,3060000,,,,서울특별시 중랑구 동일로109길 83 (면목동),,03,폐업,,,,,,,,,0,0,
N,근린생활시설,한양노래연습장,2020-04-21,206613.241003787,456967.920081592,유통관련업,노래연습장업,,2026-05-06 22:38:14,I,03,폐업,N,N,,,137.31,,4,,N,,2020-04-21 14:25:00,,2001-01-16,131-851,서울특별시 중랑구 묵동 234-15 지하,,,CDFF3242052001000001,3060000,,,일반주거지역,"서울특별시 중랑구 중랑역로 244  (묵동,지하)",,03,폐업,N,,N,기타,,,,,5,1,
,,시네마노래연습장,2002-08-22,207785.163886948,454948.667169479,유통관련업,노래연습장업,,2026-05-06 22:38:14,I,03,폐업,,,,,0,,0,,,,2003-04-18 17:03:26,,2001-04-06,131-858,서울특별시 중랑구 상봉동 92-2 지층 2호,,,CDFF3242052001000004,3060000,,,,"서울특별시 중랑구 망우로 328  (상봉동,지층 2호)",,03,폐업,,,,,,,,,0,0,
N,,테크노 노래연습장,2019-12-30,206699.417508254,454450.179550184,유통관련업,노래연습장업,,2026-05-06 22:38:14,I,03,폐업,N,N,,,79.32,,,,,4,2019-12-30 13:52:14,,2001-06-08,,서울특별시 중랑구 면목동 185-9,,,CDFF3242052001000008,3060000,,,,서울특별시 중랑구 중랑천로10길 66 (면목동),02125,03,폐업,N,,N,,,,,,,1,
,,빵빠레노래연습장,2014-03-19,206718.808214791,456678.191104532,유통관련업,노래연습장업,,2026-05-06 22:38:14,I,03,폐업,,,,,0,,,,,,2014-03-19 11:33:35,,2001-07-02,131-851,서울특별시 중랑구 묵동 238-12,,,CDFF3242052001000011,3060000,,,,서울특별시 중랑구 동일로 917-4  (묵동),,03,폐업,,,,,,,,,,,
N,,아싸노래연습장,2005-07-18,206297.016274369,454775.360554006,유통관련업,노래연습장업,,2026-05-06 22:38:15,I,03,폐업,N,N,,,,,,,N,,2005-07-18 15:44:13,,2001-08-01,131-878,서울특별시 중랑구 중화동 324-9,,,CDFF3242052001000012,3060000,,,,서울특별시 중랑구 중랑천로 111-1  (중화동),,03,폐업,N,,N,,,,22079996,,,,
N,,영노래연습장,2006-03-02,207350.972280361,452734.46922948,유통관련업,노래연습장업,,2026-05-06 22:38:15,I,03,폐업,N,N,,,,,,,N,,2006-03-02 16:31:24,,2001-08-03,131-827,서울특별시 중랑구 면목동 668-60,,,CDFF3242052001000013,3060000,,,,서울특별시 중랑구 사가정로50길 98  (면목동),,03,폐업,N,,N,,,,,,,,
,,MVP노래연습장,2010-01-04,207655.291092379,454993.657588592,유통관련업,노래연습장업,,2026-05-06 22:38:15,I,03,폐업,,,,,0,,0,,,,2010-01-04 17:44:49,,2001-08-20,,서울특별시 중랑구 상봉동 99-10,,,CDFF3242052001000014,3060000,,,,서울특별시 중랑구 망우로 315  (상봉동),,03,폐업,,,,,,,22070830,,0,0,
N,,월드컵노래연습장,2003-10-23,,,유통관련업,노래연습장업,,2026-05-06 22:38:15,I,03,폐업,N,N,,,,,,,N,,2003-10-23 11:49:47,,2001-08-27,131-866,서울특별시 중랑구 신내동 541-2,,,CDFF3242052001000015,3060000,,,,,,03,폐업,N,,N,,,,,,,,
N,,황제노래연습장,2008-02-14,206718.808214791,456678.191104532,유통관련업,노래연습장업,,2026-05-06 22:38:17,I,03,폐업,N,N,,,,,,,N,,2008-02-14 09:55:37,,2001-09-28,131-851,서울특별시 중랑구 묵동 238-12,,,CDFF3242052001000019,3060000,,,,서울특별시 중랑구 동일로 917-4  (묵동),,03,폐업,N,,N,,,,,,,,
N,근린생활시설,명성노래연습장,2004-08-31,207463.759438885,452101.45277602,유통관련업,노래연습장업,,2026-05-06 22:38:19,I,03,폐업,N,N,,,,,,,N,,2004-08-31 19:31:17,,2001-10-23,131-829,서울특별시 중랑구 면목동 393-51,,,CDFF3242052001000023,3060000,,,근린상업지역,서울특별시 중랑구 답십리로 403  (면목동),,03,폐업,N,,N,,,,,,,,
N,,하옥노래연습장,2006-12-01,208281.138263657,453731.807589003,유통관련업,노래연습장업,,2026-05-06 22:38:20,I,03,폐업,N,N,,,,,,,N,,2006-12-01 13:34:00,,2001-10-27,131-814,서울특별시 중랑구 면목동 67-2,,,CDFF3242052001000024,3060000,,전체이용가,,서울특별시 중랑구 용마산로 381  (면목동),,03,폐업,N,,N,,,,22084224,,,,
N,,와와노래연습장,2019-02-25,206678.212185389,456372.652149467,유통관련업,노래연습장업,,2026-05-06 22:38:20,I,03,폐업,N,N,,,97.5,,,0,,4,2019-02-25 17:01:12,,2001-11-07,,서울특별시 중랑구 묵동 244-117,,,CDFF3242052001000027,3060000,,,,서울특별시 중랑구 동일로157길 25 (묵동),,03,폐업,N,,N,,,,,,,,
N,,포인트노래연습장,2007-01-19,208172.817072963,454822.951740457,유통관련업,노래연습장업,,2026-05-06 22:38:21,I,03,폐업,N,N,,,,,,,N,,2007-01-19 09:55:35,,2001-12-11,131-809,서울특별시 중랑구 망우동 506-8,,,CDFF3242052001000033,3060000,,,,서울특별시 중랑구 상봉로 110  (망우동),,03,폐업,N,,N,,,,,,,,
N,근린생활시설,즐거운노래연습장,2018-09-07,206604.835791303,456604.18448646,유통관련업,노래연습장업,,2026-05-06 22:38:21,I,03,폐업,N,N,,,110.1,,,1,Y,5,2018-09-07 09:40:53,,2001-12-12,,서울특별시 중랑구 묵동 240-1 지하,,,CDFF3242052001000034,3060000,,,일반주거지역,"서울특별시 중랑구 중랑역로 205 (묵동,지하)",,03,폐업,N,,N,기타,,,,,6,1,
N,,자기연출노래연습장,2007-04-18,206673.28517937,455876.125311368,유통관련업,노래연습장업,,2026-05-06 22:38:21,I,03,폐업,N,N,,,,,,,N,,2007-04-18 16:13:34,,2001-12-18,131-853,서울특별시 중랑구 묵동 249-104,,,CDFF3242052001000038,3060000,,,,서울특별시 중랑구 동일로143길 38  (묵동),,03,폐업,N,,N,,,,,,,,
,,월드컵노래연습장,2002-10-16,207683.608993998,453071.827543665,유통관련업,노래연습장업,,2026-05-06 22:38:22,I,03,폐업,,,,,0,,0,,,,2003-04-18 17:03:26,,2001-12-31,131-828,서울특별시 중랑구 면목동 634-5,,,CDFF3242052001000040,3060000,,,,서울특별시 중랑구 면목로 311  (면목동),,03,폐업,,,,,,,,,0,0,
N,,두리노래연습장,2005-01-03,207827.820897716,453162.872239929,유통관련업,노래연습장업,,2026-05-06 22:38:22,I,03,폐업,N,N,,,,,,1,Y,7,2010-03-02 09:47:14,,2002-01-18,,서울특별시 중랑구 면목동 472-18,,,CDFF3242052002000001,3060000,,,,서울특별시 중랑구 사가정로 401  (면목동),,03,폐업,N,,N,,,,,,,,
,,미리내노래연습장,2024-07-11,207719.910252035,453466.416715663,유통관련업,노래연습장업,,2026-05-06 22:38:22,I,03,폐업,,,,,0,,,,,5,2024-07-11 11:32:03,,2002-02-05,,서울특별시 중랑구 면목동 498-5,,,CDFF3242052002000004,3060000,,,,서울특별시 중랑구 면목로 353 (면목동),,03,폐업,,,,,,,02-434-3359,,,,
N,근린생활시설,팔도노래연습장,2021-09-10,207723.491871313,453445.631006932,유통관련업,노래연습장업,,2026-05-06 22:38:22,I,03,폐업,N,N,,,176.23,,2,2,Y,9,2021-09-10 11:34:53,,2002-02-19,,서울특별시 중랑구 면목동 498-18 2층,,,CDFF3242052002000006,3060000,,,,"서울특별시 중랑구 면목로 351 (면목동,2층)",,03,폐업,N,,N,,,,,,2,,
N,,킹노래연습장,2007-04-09,207717.514624933,453864.574120806,유통관련업,노래연습장업,,2026-05-06 22:38:22,I,03,폐업,N,N,,,,,,,N,,2007-04-09 16:16:38,,2002-03-12,131-815,서울특별시 중랑구 면목동 359-15,,,CDFF3242052002000008,3060000,,,,서울특별시 중랑구 면목로 394  (면목동),,03,폐업,N,,N,,,,22085682,,,,
N,근린생활시설,엣지노래연습장,2019-08-23,206657.247125169,454460.520169562,유통관련업,노래연습장업,,2026-05-06 22:38:23,I,03,폐업,N,N,,,86.24,,,0,,4,2019-08-23 17:05:43,,2002-03-22,,서울특별시 중랑구 상봉동 130-157,,,CDFF3242052002000014,3060000,,,근린상업지역,서울특별시 중랑구 중랑천로10길 57 (상봉동),,03,폐업,N,,N,기타,,,22096131,,,1,
N,,뉴슈팅노래연습장,2021-08-18,207807.657649212,454906.600906178,유통관련업,노래연습장업,,2026-05-06 22:38:23,I,03,폐업,Y,Y,,,158.63,,2,,,10,2021-08-18 18:00:15,,2002-04-04,,서울특별시 중랑구 상봉동 89-1 지상2층,,,CDFF3242052002000016,3060000,,,,"서울특별시 중랑구 망우로50길 15 (상봉동,지상2층)",,03,폐업,N,,Y,,,,,,,,
,,힐링노래연습장,2025-06-30,207870.434093971,454807.934645678,유통관련업,노래연습장업,,2026-05-06 22:38:23,I,03,폐업,,,,,126.75,,0,,,5,2025-06-30 11:15:25,,2002-05-07,,서울특별시 중랑구 상봉동 88-49,,,CDFF3242052002000026,3060000,,,,서울특별시 중랑구 봉우재로33길 86 (상봉동),02151,03,폐업,,,,,,,,,0,0,
N,,쉼터노래연습장,2006-02-21,206740.907167416,454334.486378883,유통관련업,노래연습장업,,2026-05-06 22:38:24,I,03,폐업,N,N,,,,,,,N,,2006-02-21 17:30:34,,2002-05-22,131-823,서울특별시 중랑구 면목동 182-1,,,CDFF3242052002000031,3060000,,,,서울특별시 중랑구 동일로109길 55  (면목동),,03,폐업,N,,N,,,,22087172,,,,
,,SBS노래연습장,2025-03-31,208753.865760281,454841.528027962,유통관련업,노래연습장업,,2026-05-06 22:38:24,I,03,폐업,,,,,0,,0,,,7,2025-03-31 14:50:44,,2002-06-22,,서울특별시 중랑구 망우동 465-14,,,CDFF3242052002000039,3060000,,,,서울특별시 중랑구 용마산로 501 (망우동),,03,폐업,,,,,,,02-433-0920,,0,0,
N,,드림파크노래연습장,2003-08-11,207775.957125987,454896.851904329,유통관련업,노래연습장업,,2026-05-06 22:38:24,I,03,폐업,N,N,,,,,,3,N,,2003-08-11 18:14:10,,2002-07-16,131-859,서울특별시 중랑구 상봉동 90-1,,,CDFF3242052002000047,3060000,,,,서울특별시 중랑구 망우로50길 18  (상봉동),,03,폐업,N,,N,,,,,,,,
,,작은별노래연습장,2023-01-31,206924.157942024,455259.589126207,유통관련업,노래연습장업,,2026-05-06 22:38:25,I,03,폐업,,,,,0,,0,8,Y,9,2023-01-31 13:46:40,,2002-07-22,,서울특별시 중랑구 중화동 303-18,,,CDFF3242052002000049,3060000,,,,서울특별시 중랑구 동일로129길 10 (중화동),,03,폐업,,,,,,,,,0,1,
N,,즐거운노래연습장,2008-03-19,207573.631574391,452951.544619497,유통관련업,노래연습장업,,2026-05-06 22:38:25,I,03,폐업,N,N,,,,,,,N,,2008-03-19 11:40:25,,2002-07-31,131-828,서울특별시 중랑구 면목동 626-8,,,CDFF3242052002000050,3060000,,,,서울특별시 중랑구 면목로 294  (면목동),,03,폐업,N,,N,,,,22477714,,,,
N,,뉴월드노래연습장,2011-07-21,207737.683296773,454894.914201783,유통관련업,노래연습장업,,2026-05-06 22:38:25,I,03,폐업,N,N,,,,,,,,,2011-07-21 11:40:14,,2002-08-23,,서울특별시 중랑구 상봉동 90-31 지하1층,,,CDFF3242052002000054,3060000,,,,"서울특별시 중랑구 면목로96길 48  (상봉동,지하1층)",,03,폐업,N,,N,,,,,,,,
N,,쎄븐 노래연습장,2016-01-11,208400.589110415,455124.633124068,유통관련업,노래연습장업,,2026-05-06 22:38:26,I,03,폐업,N,N,,,226.74,,,,,7,2016-01-11 17:57:33,,2002-09-03,,"서울특별시 중랑구 망우동 490-3 5,6,32호",,,CDFF3242052002000061,3060000,,,,"서울특별시 중랑구 망우로 390 (망우동,5,6,32호)",,03,폐업,N,,N,,,,,,,1,
,,궁전노래연습장,2011-05-06,206835.946918058,453802.449165095,유통관련업,노래연습장업,,2026-05-06 22:38:26,I,03,폐업,,,,,0,,0,,,,2011-05-06 09:57:13,,2002-09-16,,서울특별시 중랑구 면목동 177-50,,,CDFF3242052002000065,3060000,,,,,,03,폐업,,,,,,,,,0,0,
N,,앵무새노래연습장,2018-07-27,,,유통관련업,노래연습장업,,2026-05-06 22:38:26,I,03,폐업,N,N,,,,,,2,,5,2018-07-27 11:08:17,,2002-09-27,,서울특별시 중랑구 면목동 166-43,,,CDFF3242052002000067,3060000,,,,서울특별시 중랑구 사가정로 335 (면목동),,03,폐업,N,,N,,,,,,,,
,,O.K 노래연습장,2023-03-14,207759.745765074,453611.571364996,유통관련업,노래연습장업,,2026-05-06 22:38:27,I,03,폐업,,,,,198,,0,0,,7,2023-03-14 13:52:06,,2002-10-17,,서울특별시 중랑구 면목동 412-3,,,CDFF3242052002000080,3060000,,,,서울특별시 중랑구 면목로 368 (면목동),,03,폐업,,,,,,,,,0,0,
,,테마노래연습장,2018-06-04,208457.071353064,456153.414908527,유통관련업,노래연습장업,,2026-05-06 22:38:27,I,03,폐업,,,,,0,,0,2,Y,7,2018-06-04 19:06:00,,2002-10-18,,서울특별시 중랑구 신내동 613-10 낙원빌딩,,,CDFF3242052002000081,3060000,,,,"서울특별시 중랑구 봉화산로 215  (신내동,낙원빌딩)",,03,폐업,,,,,,,34217866,,0,0,
,,로타리노래연습장,2023-09-26,206962.753099032,454339.675120425,유통관련업,노래연습장업,,2026-05-06 22:38:27,I,03,폐업,,,,,67,,0,4,Y,4,2023-09-26 17:11:50,,2002-10-24,,서울특별시 중랑구 면목동 183-39,,,CDFF3242052002000083,3060000,,,,서울특별시 중랑구 봉우재로 59 (면목동),,03,폐업,,,,,,,,,0,0,
N,,차차차노래연습장,2007-07-30,206919.109075157,455450.74541337,유통관련업,노래연습장업,,2026-05-06 22:38:27,I,03,폐업,N,N,,,,,,,N,,2007-07-30 15:00:24,,2002-10-25,131-881,서울특별시 중랑구 중화동 303-1,,,CDFF3242052002000084,3060000,,,,서울특별시 중랑구 동일로 795  (중화동),,03,폐업,N,,N,,,,22081835,,,,
N,,로데오노래연습장,2005-08-04,207774.677437173,453273.943220367,유통관련업,노래연습장업,,2026-05-06 22:38:27,I,03,폐업,N,N,,,118,,,,Y,,2005-09-07 09:12:38,,2002-10-29,131-813,서울특별시 중랑구 면목동 459-12,,,CDFF3242052002000086,3060000,,,,서울특별시 중랑구 면목로 334  (면목동),,03,폐업,N,,N,,,,,,,,
,,마돈나노래연습장,2013-11-21,208430.677480744,453944.188797295,유통관련업,노래연습장업,,2026-05-06 22:38:28,I,03,폐업,,,,,181,,0,5,Y,,2013-11-21 09:50:31,,2002-11-15,,서울특별시 중랑구 면목동 51-1,,,CDFF3242052002000095,3060000,,,,서울특별시 중랑구 용마산로 408  (면목동),,03,폐업,,,,,,,,,0,0,
N,근린생활시설,약속노래연습장,2008-04-03,207863.641124297,454696.129429337,유통관련업,노래연습장업,,2026-05-06 22:38:28,I,03,폐업,N,N,,,112.02,,4,,N,,2008-04-03 16:50:52,,2002-12-12,131-859,서울특별시 중랑구 상봉동 87-30 (지하),,,CDFF3242052002000103,3060000,,,준주거지역,"서울특별시 중랑구 봉우재로43길 21  (상봉동,(지하))",,03,폐업,N,,N,기타,,,,,5,1,
,,스카이노래연습장,2023-11-21,208470.998048948,454057.771605911,유통관련업,노래연습장업,,2026-05-06 22:38:28,I,03,폐업,,,,,203.28,,0,2,Y,7,2023-11-21 15:50:28,,2002-12-13,,서울특별시 중랑구 면목동 19-72,,,CDFF3242052002000106,3060000,,,,서울특별시 중랑구 용마산로 418 (면목동),,03,폐업,,,,,,,,,0,0,
N,,악쓰는하마노래연습장,2007-04-04,206688.19700605,454522.710167583,유통관련업,노래연습장업,,2026-05-06 22:38:28,I,03,폐업,N,N,,,,,,,N,,2007-04-04 15:05:10,,2002-12-20,131-861,서울특별시 중랑구 상봉동 130-5,,,CDFF3242052002000108,3060000,,,,서울특별시 중랑구 망우로32길 20  (상봉동),,03,폐업,N,,N,,,,22085399,,,1,
,,로또 노래연습장,2019-07-09,206891.774000756,454397.499830149,유통관련업,노래연습장업,,2026-05-06 22:38:28,I,03,폐업,,,,,125.72,,0,0,,5,2019-07-09 23:32:18,,2002-12-24,,서울특별시 중랑구 면목동 183-100,,,CDFF3242052002000109,3060000,,,,서울특별시 중랑구 동일로109길 21 (면목동),,03,폐업,,,,,,,,,0,0,
N,,스타노래연습장,2019-01-02,208235.327579195,454200.383581749,유통관련업,노래연습장업,,2026-05-06 22:38:28,I,03,폐업,N,N,,,100,,2,1,Y,5,2019-01-02 15:52:11,,2002-12-26,,서울특별시 중랑구 망우동 525-5,,,CDFF3242052002000110,3060000,,,,서울특별시 중랑구 겸재로 237 (망우동),,03,폐업,N,,N,,,,,,,,
N,,팡팡노래연습장,2006-03-09,208491.078951671,453957.066935753,유통관련업,노래연습장업,,2026-05-06 22:38:28,I,03,폐업,N,N,,,,,,,N,,2006-03-09 18:21:36,,2003-01-02,131-811,서울특별시 중랑구 면목동 14-52,,,CDFF3242052003000002,3060000,,,,서울특별시 중랑구 용마산로94가길 29  (면목동),,03,폐업,N,,N,,,,22075647,,,1,
N,,앵콜노래연습장,2025-08-21,207125.647889445,452207.568736101,유통관련업,노래연습장업,,2026-05-06 22:38:29,I,03,폐업,N,N,,,82.5,,,2,,4,2025-09-02 09:14:40,,2003-01-02,,서울특별시 중랑구 면목동 383-14,,,CDFF3242052003000003,3060000,,,,서울특별시 중랑구 답십리로77길 11 (면목동),02246,03,폐업,N,,N,,,,02-2209-8075,,,1,
N,,동네노래연습장,2005-02-18,206845.435021985,456975.612272216,유통관련업,노래연습장업,,2026-05-06 22:38:29,I,03,폐업,N,N,,,,,,,N,,2005-02-23 14:18:04,,2003-01-07,131-848,서울특별시 중랑구 묵동 164-2,,,CDFF3242052003000005,3060000,,,,,,03,폐업,N,,N,,,,,,,,
N,근린생활시설,로또노래연습장,2025-09-16,206777.237166986,455769.21428823,유통관련업,노래연습장업,,2026-05-06 22:38:29,I,03,폐업,N,N,,,129,,5,,,6,2025-09-17 09:19:44,,2003-01-07,,서울특별시 중랑구 중화동 307-63 (지하),,,CDFF3242052003000006,3060000,,,일반주거지역,"서울특별시 중랑구 중랑역로 122 (중화동,(지하))",,03,폐업,N,,N,기타,,,,,6,1,
N,근린생활시설,친구와벗노래연습장,2017-12-08,207069.717144773,454514.390536806,유통관련업,노래연습장업,,2026-05-06 22:38:29,I,03,폐업,N,N,,,89.1,,2,,,4,2017-12-08 17:44:54,,2003-01-09,,서울특별시 중랑구 상봉동 126-0,,,CDFF3242052003000007,3060000,,,,서울특별시 중랑구 동일로114길 10 (상봉동),,03,폐업,N,,N,,,,22080441,,4,1,
,,옥소리노래연습장,2019-07-09,208763.633323278,455001.293579751,유통관련업,노래연습장업,,2026-05-06 22:38:29,I,03,폐업,,,,,179.69,,0,,,7,2019-07-09 23:35:57,,2003-01-20,,서울특별시 중랑구 망우동 465-1,,,CDFF3242052003000008,3060000,,,,서울특별시 중랑구 용마산로 519 (망우동),,03,폐업,,,,,,,,,0,1,
N,근린생활시설,파라솔노래연습장,2023-06-28,207196.812066047,452955.98208017,유통관련업,노래연습장업,,2026-05-06 22:38:29,I,03,폐업,N,N,,,218.5,,1,0,,6,2023-06-28 16:48:39,,2003-01-28,,서울특별시 중랑구 면목동 1522 면목두산아파트,,,CDFF3242052003000009,3060000,,,근린상업지역,"서울특별시 중랑구 사가정로42길 70, 면목두산아파트 상가동 108~115호 (면목동)",02240,03,폐업,N,,N,,,,,,,,
,,타타타 노래연습장,1999-07-27,208264.133937348,455115.821921217,유통관련업,노래연습장업,,2026-05-06 22:37:55,I,03,폐업,,,,,0,,,,,,2003-04-18 17:03:26,,1992-09-16,131-810,서울특별시 중랑구 망우동 563-14,,,CDFF3242051992000001,3060000,,,,서울특별시 중랑구 망우로 378-2  (망우동),,03,폐업,,,,,,,22085263,,,,
N,,코리아노래연습장,2024-02-26,207655.085431385,453188.811207034,유통관련업,노래연습장업,,2026-05-06 22:37:57,I,03,폐업,N,N,,,83.64,,,,,5,2024-02-26 13:27:15,,1992-09-26,,서울특별시 중랑구 면목동 604-29,,,CDFF3242051992000007,3060000,,,,서울특별시 중랑구 사가정로 385 (면목동),,03,폐업,N,,N,,,,22073424,,,,
,,스타노래연습장,2020-02-17,206776.508263484,455498.018941802,유통관련업,노래연습장업,,2026-05-06 22:37:57,I,03,폐업,,,,,0,,0,,,,2020-02-17 11:56:53,,1992-10-08,131-881,서울특별시 중랑구 중화동 311-90,,,CDFF3242051992000009,3060000,,,,서울특별시 중랑구 중랑역로 93  (중화동),,03,폐업,,,,,,,,,0,0,
,,산울림,2002-01-03,206740.95977172,454517.575326381,유통관련업,노래연습장업,,2026-05-06 22:37:57,I,03,폐업,,,,,0,,,,,,2003-04-18 17:03:26,,1992-10-27,131-861,서울특별시 중랑구 상봉동 129-9,,,CDFF3242051992000012,3060000,,,,서울특별시 중랑구 망우로32길 23  (상봉동),,03,폐업,,,,,,,,,,,
,,24시노래연습실,2000-10-19,207872.98605111,454657.418585694,유통관련업,노래연습장업,,2026-05-06 22:37:57,I,03,폐업,,,,,0,,0,,,,2003-04-18 17:03:26,,1992-10-28,131-859,서울특별시 중랑구 상봉동 87-48,,,CDFF3242051992000013,3060000,,,,서울특별시 중랑구 봉우재로43길 13  (상봉동),,03,폐업,,,,,,,,,0,0,
,,스카이노래연습장,2019-02-07,207811.343330712,453172.013153927,유통관련업,노래연습장업,,2026-05-06 22:37:57,I,03,폐업,,,,,0,,0,,,,2019-02-07 15:28:09,,1992-10-28,131-813,서울특별시 중랑구 면목동 472-44,,,CDFF3242051992000014,3060000,,,,서울특별시 중랑구 사가정로 399  (면목동),,03,폐업,,,,,,,22091804,,0,0,
,근린생활시설,동일노래연습장,2002-02-21,206492.087474895,454508.605124002,유통관련업,노래연습장업,,2026-05-06 22:37:58,I,03,폐업,,,,,0,,4,,,,2003-04-18 17:03:26,,1992-10-31,131-861,서울특별시 중랑구 상봉동 136-50 205호,,,CDFF3242051992000015,3060000,,,,"서울특별시 중랑구 망우로30길 8,  205호 (상봉동)",,03,폐업,,,,,,,,,5,1,
N,,라이브노래연습장,2007-08-06,207779.988755763,453126.60202146,유통관련업,노래연습장업,,2026-05-06 22:37:58,I,03,폐업,N,N,,,,,,,N,,2007-08-06 13:26:33,,1992-10-31,131-828,서울특별시 중랑구 면목동 611-2,,,CDFF3242051992000016,3060000,,,,,,03,폐업,N,,N,,,,,,,,
,,럭키,1999-07-27,208089.238735098,454651.568026655,유통관련업,노래연습장업,,2026-05-06 22:37:58,I,03,폐업,,,,,0,,,,,,2003-04-18 17:03:26,,1992-10-31,131-859,서울특별시 중랑구 상봉동 84-28,,,CDFF3242051992000017,3060000,,,,서울특별시 중랑구 봉우재로 175  (상봉동),,03,폐업,,,,,,,,,,,
N,,킹노래연습장,2007-01-29,209177.682798072,455333.044481669,유통관련업,노래연습장업,,2026-05-06 22:37:58,I,03,폐업,N,N,,,,,,,N,,2007-01-29 16:10:25,,1992-11-03,131-802,서울특별시 중랑구 망우동 207-1,,,CDFF3242051992000018,3060000,,,,서울특별시 중랑구 망우로 474  (망우동),,03,폐업,N,,N,,,,22080265,,,,
,,태릉,1999-07-27,206826.69219219,456060.261130323,유통관련업,노래연습장업,,2026-05-06 22:37:58,I,03,폐업,,,,,0,,,,,,2003-04-18 17:03:26,,1992-11-03,131-853,서울특별시 중랑구 묵동 245-8,,,CDFF3242051992000019,3060000,,,,서울특별시 중랑구 동일로 855  (묵동),,03,폐업,,,,,,,,,,,
,,도레미노래연습장,2002-01-25,207418.221668514,454906.592570063,유통관련업,노래연습장업,,2026-05-06 22:37:58,I,03,폐업,,,,,0,,0,,,,2003-04-18 17:03:26,,1992-11-03,131-857,서울특별시 중랑구 상봉동 100-17,,,CDFF3242051992000020,3060000,,,,서울특별시 중랑구 망우로 291  (상봉동),,03,폐업,,,,,,,,,0,0,
,,유피,1999-08-04,207747.046458217,453107.130727702,유통관련업,노래연습장업,,2026-05-06 22:37:58,I,03,폐업,,,,,0,,,,,,2003-04-18 17:03:26,,1992-11-03,131-828,서울특별시 중랑구 면목동 611-3,,,CDFF3242051992000021,3060000,,,,서울특별시 중랑구 면목로 318  (면목동),,03,폐업,,,,,,,,,,,
Y,근린생활시설,우주노래연습장,2007-04-02,208440.664979376,454085.806353608,유통관련업,노래연습장업,,2026-05-06 22:37:59,I,03,폐업,N,N,,,82.24,,5,2,Y,,2007-04-02 13:11:04,,1992-11-14,131-811,서울특별시 중랑구 면목동 20-11 (지상2층),,,CDFF3242051992000023,3060000,1,,일반주거지역,"서울특별시 중랑구 용마산로 419  (면목동,(지상2층))",,03,폐업,N,,Y,주택가주변,,,22091210,,6,1,
,,남산,2000-09-23,206853.677298002,454035.472492011,유통관련업,노래연습장업,,2026-05-06 22:38:00,I,03,폐업,,,,,0,,,,,,2003-04-18 17:03:26,,1993-08-24,131-820,서울특별시 중랑구 면목동 179-80,,,CDFF3242051993000007,3060000,,,,서울특별시 중랑구 겸재로9길 50  (면목동),,03,폐업,,,,,,,,,,,
N,근린생활시설,고래고래노래연습장,2016-01-25,,,유통관련업,노래연습장업,,2026-05-06 22:38:00,I,03,폐업,N,N,,,168.7,,4,,N,,2016-01-26 09:18:12,,1993-08-24,131-822,서울특별시 중랑구 면목동 166-52 지하,,,CDFF3242051993000008,3060000,,,일반주거지역,"서울특별시 중랑구 사가정로 347  (면목동,지하)",,03,폐업,N,,N,주택가주변,,,,,5,1,
,,소리새,1999-08-10,207362.32944733,454827.961318709,유통관련업,노래연습장업,,2026-05-06 22:38:00,I,03,폐업,,,,,0,,,,,,2003-04-18 17:03:26,,1993-08-24,131-860,서울특별시 중랑구 상봉동 115-13,,,CDFF3242051993000009,3060000,,,,서울특별시 중랑구 망우로 284  (상봉동),,03,폐업,,,,,,,,,,,
N,,꾀꼬리,2006-02-17,207862.320930816,454123.272871845,유통관련업,노래연습장업,,2026-05-06 22:38:00,I,03,폐업,N,N,,,,,,,N,,2006-02-17 11:18:15,,1993-08-24,131-816,서울특별시 중랑구 면목동 103-7,,,CDFF3242051993000012,3060000,,,,서울특별시 중랑구 면목로74길 40  (면목동),,03,폐업,N,,N,,,,22081112,,,,
,,갈채 노래연습장,1999-07-27,207806.233968949,453134.735166062,유통관련업,노래연습장업,,2026-05-06 22:38:00,I,03,폐업,,,,,0,,,,,,2003-04-18 17:03:26,,1993-08-25,131-828,서울특별시 중랑구 면목동 612-64,,,CDFF3242051993000013,3060000,,,,서울특별시 중랑구 사가정로 402  (면목동),,03,폐업,,,,,,,,,,,
N,,하하,2004-11-29,208618.751364023,454388.284410787,유통관련업,노래연습장업,,2026-05-06 22:38:01,I,03,폐업,N,N,,,,,,,N,,2004-12-01 15:55:27,,1993-08-26,131-806,서울특별시 중랑구 망우동 444-27,,,CDFF3242051993000015,3060000,,,,서울특별시 중랑구 용마산로 456  (망우동),,03,폐업,N,,N,,,,,,,,
,,가고파,2000-06-23,207526.064490545,452792.493200149,유통관련업,노래연습장업,,2026-05-06 22:38:01,I,03,폐업,,,,,0,,,,,,2003-04-18 17:03:26,,1993-08-26,131-827,서울특별시 중랑구 면목동 354-2,,,CDFF3242051993000017,3060000,,,,서울특별시 중랑구 면목로 276  (면목동),,03,폐업,,,,,,,22082186,,,,
,,쎄븐,2000-01-06,206575.643651164,454964.527384782,유통관련업,노래연습장업,,2026-05-06 22:38:01,I,03,폐업,,,,,0,,,,,,2003-04-18 17:03:26,,1993-08-27,131-880,서울특별시 중랑구 중화동 318-100,,,CDFF3242051993000018,3060000,,,,서울특별시 중랑구 중랑천로30길 62  (중화동),,03,폐업,,,,,,,,,,,
,,빵빠레,1999-10-20,207191.577896212,454571.907360894,유통관련업,노래연습장업,,2026-05-06 22:38:01,I,03,폐업,,,,,0,,,,,,2003-04-18 17:03:26,,1993-11-25,131-860,서울특별시 중랑구 상봉동 122-25,,,CDFF3242051993000021,3060000,,,,서울특별시 중랑구 동일로114길 34  (상봉동),,03,폐업,,,,,,,,,,,
N,,크로바,2007-06-14,207316.853506233,452134.332757901,유통관련업,노래연습장업,,2026-05-06 22:38:01,I,03,폐업,N,N,,,,,,,N,,2007-06-14 17:20:30,,1993-11-25,131-829,서울특별시 중랑구 면목동 392-41,,,CDFF3242051993000022,3060000,,,,서울특별시 중랑구 면목로 206  (면목동),,03,폐업,N,,N,,,,,,,,
,,밴노래방,2020-04-23,208492.128113395,454206.630354098,유통관련업,노래연습장업,,2026-05-06 22:38:01,I,03,폐업,,,,,240,,3,,,5,2020-04-23 13:40:21,,1993-12-10,,서울특별시 중랑구 면목동 22-2,,,CDFF3242051993000024,3060000,,,,서울특별시 중랑구 겸재로 264 (면목동),02200,03,폐업,,,,,,,22077357,,4,1,
N,,킹노래연습장,2007-06-25,,,유통관련업,노래연습장업,,2026-05-06 22:38:02,I,03,폐업,N,N,,,,,,,N,,2007-06-25 13:47:00,,1993-12-17,131-826,서울특별시 중랑구 면목동 639-19,,,CDFF3242051993000026,3060000,,,,,,03,폐업,N,,N,,,,22071466,,,,
N,,와와 노래연습장,2021-12-31,207082.862199779,453583.60335093,유통관련업,노래연습장업,,2026-05-06 22:38:02,I,03,폐업,N,N,,,,,,2,Y,6,2021-12-31 11:48:29,,1993-12-20,,서울특별시 중랑구 면목동 160-1,,,CDFF3242051993000028,3060000,,,,서울특별시 중랑구 동일로96길 20 (면목동),,03,폐업,N,,N,,,,22091006,,,,
,,앵콜,2000-11-16,206432.395921225,454173.81901706,유통관련업,노래연습장업,,2026-05-06 22:38:02,I,03,폐업,,,,,0,,,,,,2003-04-18 17:03:26,,1993-12-20,131-824,서울특별시 중랑구 면목동 191-91,,,CDFF3242051993000030,3060000,,,,서울특별시 중랑구 중랑천로 52  (면목동),,03,폐업,,,,,,,22085486,,,,
,,당신의노래방,2000-10-31,208153.686495999,453249.86064188,유통관련업,노래연습장업,,2026-05-06 22:38:02,I,03,폐업,,,,,0,,0,,,,2003-04-18 17:03:26,,1993-12-20,131-813,서울특별시 중랑구 면목동 468-47,,,CDFF3242051993000031,3060000,,,,서울특별시 중랑구 용마산로 331  (면목동),,03,폐업,,,,,,,,,0,0,
,,스타,2020-04-22,208736.900268573,454786.286739852,유통관련업,노래연습장업,,2026-05-06 22:38:02,I,03,폐업,,,,,0,,,,,6,2020-04-22 14:01:36,,1993-12-20,,서울특별시 중랑구 망우동 458-1,,,CDFF3242051993000032,3060000,,,,서울특별시 중랑구 용마산로 497 (망우동),,03,폐업,,,,,,,,,,,
N,,SBS노래연습장,2020-10-29,206915.388487602,455874.275622052,유통관련업,노래연습장업,,2026-05-06 22:38:02,I,03,폐업,N,N,,,149.91,,,2,Y,6,2020-10-29 17:33:42,,1993-12-29,,서울특별시 중랑구 중화동 283-1 지하1층,,,CDFF3242051993000033,3060000,,,,"서울특별시 중랑구 동일로 836 (중화동,지하1층)",,03,폐업,N,,N,,,,,,,1,
,,가족 노래연습장,2001-01-02,207713.752111203,454553.180642799,유통관련업,노래연습장업,,2026-05-06 22:38:02,I,03,폐업,,,,,0,,,,,,2003-04-18 17:03:26,,1994-01-25,131-859,서울특별시 중랑구 상봉동 106-6,,,CDFF3242051994000001,3060000,,,,서울특별시 중랑구 봉우재로 137  (상봉동),,03,폐업,,,,,,,,,,,
,,만남 노래연습장,1999-08-09,,,유통관련업,노래연습장업,,2026-05-06 22:38:02,I,03,폐업,,,,,0,,,,,,2003-04-18 17:03:26,,1994-02-02,131-848,서울특별시 중랑구 묵동 168-24,,,CDFF3242051994000004,3060000,,,,,,03,폐업,,,,,,,,,,,
N,근린생활시설,필노래연습장,2010-12-27,209442.055533533,455428.524803817,유통관련업,노래연습장업,,2026-05-06 22:38:03,I,03,폐업,N,N,,,84.24,,4,,,,2010-12-27 17:20:57,,1994-02-28,,서울특별시 중랑구 망우동 136-22 (지하),,,CDFF3242051994000005,3060000,,,일반주거지역,"서울특별시 중랑구 용마산로118길 127  (망우동,(지하))",,03,폐업,N,,N,주택가주변,,,,,5,1,
N,,까치노래연습장,2007-05-07,208042.753697441,453914.446102649,유통관련업,노래연습장업,,2026-05-06 22:38:03,I,03,폐업,N,N,,,,,,,N,,2007-05-07 17:28:27,,1994-03-10,131-815,서울특별시 중랑구 면목동 70-140,,,CDFF3242051994000007,3060000,,,,서울특별시 중랑구 겸재로54길 37  (면목동),,03,폐업,N,,N,,,,,,,,
,,세븐스타 노래연습장,2001-11-26,206657.247125169,454460.520169562,유통관련업,노래연습장업,,2026-05-06 22:38:03,I,03,폐업,,,,,0,,,,,,2003-04-18 17:03:26,,1994-03-15,131-861,서울특별시 중랑구 상봉동 130-157,,,CDFF3242051994000008,3060000,,,,서울특별시 중랑구 중랑천로10길 57  (상봉동),,03,폐업,,,,,,,22098966,,,,
,,스타 노래연습장,1999-07-27,,,유통관련업,노래연습장업,,2026-05-06 22:38:03,I,03,폐업,,,,,0,,,,,,2003-04-18 17:03:26,,1994-03-15,131-852,서울특별시 중랑구 묵동 239-52,,,CDFF3242051994000009,3060000,,,,,,03,폐업,,,,,,,,,,,
,,대박 노래연습장,2022-02-21,207800.445017282,453318.113238712,유통관련업,노래연습장업,,2026-05-06 22:38:29,I,03,폐업,,,,,156.64,,0,0,,7,2022-02-21 16:50:35,,2003-02-04,,서울특별시 중랑구 면목동 459-1,,,CDFF3242052003000011,3060000,,,,서울특별시 중랑구 면목로48길 8 (면목동),,03,폐업,,,,,,,22070152,,0,1,
N,,굿데이CD노래연습장,2006-06-02,207683.608993998,453071.827543665,유통관련업,노래연습장업,,2026-05-06 22:38:29,I,03,폐업,N,N,,,,,,,N,,2006-06-02 12:50:29,,2003-02-04,131-828,서울특별시 중랑구 면목동 634-5,,,CDFF3242052003000012,3060000,,,,서울특별시 중랑구 면목로 311  (면목동),,03,폐업,N,,N,,,,,,,,
N,,만석탈렌트 노래연습장,2007-10-15,206926.551563822,457265.672362086,유통관련업,노래연습장업,,2026-05-06 22:38:29,I,03,폐업,N,N,,,,,,,N,,2007-10-15 14:36:50,,2003-02-24,131-847,서울특별시 중랑구 묵동 159-28,,,CDFF3242052003000017,3060000,,,,서울특별시 중랑구 공릉로 82  (묵동),,03,폐업,N,,N,,,,,,,,
N,근린생활시설,로데오음악홀노래연습장,2010-05-12,208146.931864571,454577.533439083,유통관련업,노래연습장업,,2026-05-06 22:38:29,I,03,폐업,N,N,,,118.6,,6,,,5,2010-05-12 15:39:33,,2003-03-05,,서울특별시 중랑구 면목동 89-32 2층,,,CDFF3242052003000018,3060000,,,일반주거지역,"서울특별시 중랑구 상봉로 85  (면목동,2층)",,03,폐업,N,,N,주택가주변,,,,,7,1,
N,,두산노래연습장,2007-05-23,207294.076019995,453011.654286917,유통관련업,노래연습장업,,2026-05-06 22:38:29,I,03,폐업,N,N,,,,,,3,N,,2007-05-23 10:52:57,,2003-03-10,131-827,서울특별시 중랑구 면목동 657-56,,,CDFF3242052003000019,3060000,,,,서울특별시 중랑구 사가정로42길 37  (면목동),,03,폐업,N,,N,,,,,,,,
N,,쟁반노래연습장,2014-08-20,209200.036845418,455420.126983755,유통관련업,노래연습장업,,2026-05-06 22:38:30,I,03,폐업,N,N,,,103.77,,,2,Y,,2014-08-20 10:00:14,,2003-03-12,,서울특별시 중랑구 망우동 147-21 지층 좌측,,,CDFF3242052003000022,3060000,,,,"서울특별시 중랑구 용마산로118길 80  (망우동,지층 좌측)",,03,폐업,N,,N,,,,22076104,,,,
,,신바람노래연습장,2023-03-07,207478.98321109,454664.91573249,유통관련업,노래연습장업,,2026-05-06 22:38:30,I,03,폐업,,,,,0,,0,0,,7,2023-03-07 14:23:53,,2003-03-13,,서울특별시 중랑구 상봉동 108-22,,,CDFF3242052003000023,3060000,,,,서울특별시 중랑구 면목로91길 9 (상봉동),,03,폐업,,,,,,,02-496-9940,,0,0,
,,스피드노래연습장,2018-07-27,207725.114339993,453068.565012116,유통관련업,노래연습장업,,2026-05-06 22:38:30,I,03,폐업,,,,,281,,0,,,11,2018-07-27 18:06:22,,2003-03-20,,서울특별시 중랑구 면목동 617-7,,,CDFF3242052003000026,3060000,,,,서울특별시 중랑구 면목로 314 (면목동),02249,03,폐업,,,,,,,,,0,0,
,,궁전노래연습장,2010-06-22,206823.872242078,456078.392085455,유통관련업,노래연습장업,,2026-05-06 22:38:30,I,03,폐업,,,,,0,,0,,,,2010-06-22 10:08:21,,2003-03-25,,서울특별시 중랑구 묵동 245-7,,,CDFF3242052003000028,3060000,,,,서울특별시 중랑구 동일로 859  (묵동),,03,폐업,,,,,,,,,0,0,
N,근린생활시설,메가노래연습장,2021-06-09,206568.814496717,454488.86852163,유통관련업,노래연습장업,,2026-05-06 22:38:30,I,03,폐업,N,N,,,164.94,,4,0,,5,2021-06-09 15:16:37,,2003-04-07,,서울특별시 중랑구 상봉동 130-72 (지하),,,CDFF3242052003000033,3060000,,,일반주거지역,"서울특별시 중랑구 중랑천로12길 40 (상봉동,(지하))",,03,폐업,N,,N,기타,,,,,5,1,
N,,우리노래연습장,2021-01-18,206806.082717516,457062.242123061,유통관련업,노래연습장업,,2026-05-06 22:38:30,I,03,폐업,N,N,,,,,,,,7,2021-01-19 10:09:49,,2003-04-07,,서울특별시 중랑구 묵동 163-1,,,CDFF3242052003000034,3060000,,,,서울특별시 중랑구 숙선옹주로 3 (묵동),,03,폐업,N,,N,,,,02-973-3242,,,,
N,,아이칸스노래연습장,2003-10-02,208508.136740226,455974.025798176,유통관련업,노래연습장업,,2026-05-06 22:38:30,I,03,폐업,N,N,,,,,1,,N,,2003-10-04 18:10:02,,2003-05-28,131-866,서울특별시 중랑구 신내동 797 동성7차아파트 1층상가 106호,,,CDFF3242052003000040,3060000,,,,"서울특별시 중랑구 신내로14길 21  (신내동,동성7차아파트 1층상가 106호)",,03,폐업,N,,N,,,,34231495,,,,
Y,근린생활시설,스카이노래연습장,2008-10-01,206882.954067277,456658.592752196,유통관련업,노래연습장업,,2026-05-06 22:38:31,I,03,폐업,Y,N,,,175.22,,5,3,Y,7,2008-10-01 15:21:34,,2003-08-16,131-848,서울특별시 중랑구 묵동 173-7 도림빌딩5층,,40,CDFF3242052003000044,3060000,1,,일반주거지역,"서울특별시 중랑구 공릉로2길 13  (묵동,도림빌딩5층)",,03,폐업,Y,,Y,,,,,,5,,
N,근린생활시설,오렌지노래연습장,2022-10-06,207869.976552472,454047.456001865,유통관련업,노래연습장업,,2026-05-06 22:38:31,I,03,폐업,Y,N,,,137.26,,3,1,,6,2022-10-13 16:17:18,,2003-09-16,,서울특별시 중랑구 면목동 105-36 2층,,40,CDFF3242052003000046,3060000,1,,,서울특별시 중랑구 겸재로 200 (면목동),02197,03,폐업,Y,,Y,,,,,,3,,
N,근린생활시설,궁노래연습장,2018-09-11,208269.433219878,457021.162035231,유통관련업,노래연습장업,,2026-05-06 22:38:31,I,03,폐업,N,N,,,323.78,,,1,Y,12,2018-09-11 13:12:58,,2003-12-19,,서울특별시 중랑구 신내동 644 엘리어트하우스 지101호,,,CDFF3242052003000051,3060000,,,,"서울특별시 중랑구 신내로 193 (신내동,엘리어트하우스 지101호)",,03,폐업,N,,N,,,,34230303,,7,1,
N,근린생활시설,송대관네박자 노래연습장,2021-01-25,206769.417237883,455515.127718486,유통관련업,노래연습장업,,2026-05-06 22:38:31,I,03,폐업,N,N,,,339.71,,6,,,10,2021-01-26 13:25:44,,2004-04-28,,서울특별시 중랑구 중화동 311-7,,,CDFF3242052004000008,3060000,,,,서울특별시 중랑구 중랑역로 95 (중화동),,03,폐업,N,,N,,,,,,7,1,
N,근린생활시설,동양 노래연습장,2015-11-09,206862.805885993,457025.523249776,유통관련업,노래연습장업,,2026-05-06 22:38:32,I,03,폐업,Y,N,,,75.04,,2,,,5,2015-11-09 15:19:10,,2004-05-11,,서울특별시 중랑구 묵동 163-29,,,CDFF3242052004000010,3060000,,,,"서울특별시 중랑구 숙선옹주로 11, 2층 (묵동)",02032,03,폐업,N,,N,,,,,,2,0,
N,근린생활시설,엣지코인노래연습장,2018-11-26,207668.271662181,453956.051816986,유통관련업,노래연습장업,,2026-05-06 22:38:32,I,03,폐업,Y,N,,,104.13,,2,16,Y,16,2018-11-26 15:40:01,,2004-05-12,,서울특별시 중랑구 면목동 115-2,,,CDFF3242052004000013,3060000,1,,,서울특별시 중랑구 면목로 403 (면목동),,03,폐업,N,,N,,,,,,3,1,
N,근린생활시설,도레미노래연습장,2020-07-30,207651.224114999,453137.793531482,유통관련업,노래연습장업,,2026-05-06 22:38:32,I,03,폐업,Y,Y,,,104.78,,4,,,6,2020-07-30 11:11:53,,2004-07-09,,서울특별시 중랑구 면목동 636-4,,,CDFF3242052004000021,3060000,1,,,서울특별시 중랑구 사가정로 386 (면목동),,03,폐업,N,,N,,,,,,5,1,
Y,근린생활시설,파티파티 노래연습장,2022-01-05,207770.196158942,453059.327474458,유통관련업,노래연습장업,,2026-05-06 22:38:32,I,03,폐업,Y,Y,,,166.01,,5,1,Y,7,2022-01-06 16:21:19,,2004-08-20,,서울특별시 중랑구 면목동 618-1,,,CDFF3242052004000026,3060000,1,,,서울특별시 중랑구 면목로42길 14 (면목동),,03,폐업,Y,,Y,,,,,,6,1,
Y,근린생활시설,F-1 노래연습장,2007-01-18,208077.816215948,454649.502052657,유통관련업,노래연습장업,,2026-05-06 22:38:33,I,03,폐업,Y,Y,,,85.92,,5,1,Y,5,2007-01-18 11:19:05,,2005-01-06,131-859,서울특별시 중랑구 상봉동 84-29,,,CDFF3242052005000001,3060000,1,,,서울특별시 중랑구 봉우재로 173-1  (상봉동),,03,폐업,Y,,Y,,,,,,6,1,
Y,근린생활시설,SK 노래연습장,2013-07-11,206912.324143881,453824.465075518,유통관련업,노래연습장업,,2026-05-06 22:38:33,I,03,폐업,Y,Y,,,143.54,,3,2,Y,7,2013-07-11 12:11:49,,2005-04-29,,서울특별시 중랑구 면목동 176-68,,40,CDFF3242052005000003,3060000,1,,,서울특별시 중랑구 겸재로13길 3 (면목동),,03,폐업,Y,,Y,,,,,,4,1,
N,,아싸노래연습장,2012-08-24,206297.016274369,454775.360554006,유통관련업,노래연습장업,,2026-05-06 22:38:33,I,03,폐업,Y,Y,,,136.06,,,,N,7,2012-08-24 15:37:35,,2005-09-07,131-878,서울특별시 중랑구 중화동 324-9,,30,CDFF3242052005000010,3060000,1,,,서울특별시 중랑구 중랑천로 111-1  (중화동),,03,폐업,Y,,N,,,,02-2207-9996,,,1,
,근린생활시설,해오름 노래연습장,2009-12-24,208296.869486596,454936.47238558,유통관련업,노래연습장업,,2026-05-06 22:38:33,I,03,폐업,,,,,116.05,,10,,,,2009-12-24 14:12:52,,2005-12-26,,서울특별시 중랑구 망우동 508-11 외3필지,,,CDFF3242052005000018,3060000,,,일반상업지역,"서울특별시 중랑구 봉우재로57길 47  (망우동,외3필지)",,03,폐업,,,,주택가주변,,,,,13,3,
Y,근린생활시설,콘서트 노래연습장,2020-10-29,208486.022686248,453946.462004426,유통관련업,노래연습장업,,2026-05-06 22:38:33,I,03,폐업,Y,Y,,,94.91,,2,1,Y,4,2020-10-29 11:06:32,,2006-04-04,,서울특별시 중랑구 면목동 14-13 (2층),,40,CDFF3242052006000003,3060000,1,,일반주거지역,"서울특별시 중랑구 용마산로94가길 31 (면목동,(2층))",,03,폐업,Y,,Y,주택가주변,,,,,,,
,,사가정노래연습장,2020-11-30,207708.434592968,453190.864383804,유통관련업,노래연습장업,,2026-05-06 22:38:34,I,03,폐업,,,,,180.22,,7,2,Y,4,2020-11-30 14:12:25,,2006-12-11,,서울특별시 중랑구 면목동 496-4 (7층),,,CDFF3242052006000009,3060000,,,,"서울특별시 중랑구 사가정로 389 (면목동,(7층))",,03,폐업,,,,,,,02-434-2661,,,,
N,근린생활시설,소리새노래연습장,2022-08-29,206906.29924387,455263.239395084,유통관련업,노래연습장업,,2026-05-06 22:38:34,I,03,폐업,Y,Y,,,216.48,,3,2,Y,8,2022-08-29 17:17:57,,2007-02-26,,서울특별시 중랑구 중화동 303-19 3층,,,CDFF3242052007000002,3060000,,,,"서울특별시 중랑구 동일로129길 12 (중화동,3층)",,03,폐업,Y,,Y,,,,22085566,,,,
N,근린생활시설,첼시노래연습장,2010-10-27,206704.527158109,454672.471517755,유통관련업,노래연습장업,,2026-05-06 22:38:34,I,03,폐업,N,N,,,127.87,,2,,,5,2010-10-27 14:12:13,,2007-09-07,,서울특별시 중랑구 중화동 208-32 2층,,,CDFF3242052007000007,3060000,,,,"서울특별시 중랑구 망우로 217  (중화동,2층)",,03,폐업,Y,,Y,,,,,,,,
N,근린생활시설,궁전노래연습장,2018-07-02,208827.028317555,455349.143550112,유통관련업,노래연습장업,,2026-05-06 22:38:34,I,03,폐업,Y,Y,,,141.9,,,,,8,2018-07-02 22:48:59,,2007-10-25,,서울특별시 중랑구 망우동 358-6 지하1층,,,CDFF3242052007000008,3060000,,,,"서울특별시 중랑구 용마산로 554 (망우동,지하1층)",,03,폐업,Y,,N,,,,,,,1,
Y,,짱노래연습장,2008-12-18,207856.286801,453154.053892313,유통관련업,노래연습장업,,2026-05-06 22:38:34,I,03,폐업,Y,Y,,,76.96,,,,N,5,2008-12-18 17:13:41,,2007-12-21,131-813,서울특별시 중랑구 면목동 472-55 지하1층,,,CDFF3242052007000009,3060000,1,,,"서울특별시 중랑구 사가정로 405  (면목동,지하1층)",,03,폐업,Y,,Y,,,,,,,1,
N,,훼미리노래연습장,2021-08-19,206745.3156041,454434.614373964,유통관련업,노래연습장업,,2026-05-06 22:38:34,I,03,폐업,Y,N,,,113.08,,,,,5,2021-08-19 10:49:05,,2008-01-16,,서울특별시 중랑구 면목동 184-13 지하1층,,,CDFF3242052008000003,3060000,,,,서울특별시 중랑구 망우로32길 37 (면목동),02124,03,폐업,N,,N,,,,,,,,
N,,미소노래연습장,2023-03-03,206882.379857079,456078.709603397,유통관련업,노래연습장업,,2026-05-06 22:38:34,I,03,폐업,N,N,,,164.69,,,1,,8,2025-04-17 14:21:01,,2008-05-08,,서울특별시 중랑구 묵동 181-8 지하1층,,,CDFF3242052008000009,3060000,,,,"서울특별시 중랑구 동일로 858 (묵동,지하1층)",,03,폐업,N,,N,,,,,,,,
N,,먹고을엠케이노래연습장,2017-07-11,208887.642488452,455735.01396974,유통관련업,노래연습장업,,2026-05-06 22:38:34,I,03,폐업,N,N,,,198.95,,2,1,Y,7,2017-07-11 11:52:37,,2008-05-19,,서울특별시 중랑구 신내동 430-7 지상2층,,,CDFF3242052008000011,3060000,,,,"서울특별시 중랑구 용마산로125길 108-8 (신내동,지상2층)",,03,폐업,N,,N,,,,,,,,
N,,예스노래연습장,2021-10-05,206723.262017513,455124.809250397,유통관련업,노래연습장업,,2026-05-06 22:38:35,I,03,폐업,N,N,,,133.04,,,1,Y,7,2021-10-05 16:24:58,,2008-09-12,,서울특별시 중랑구 중화동 315-10 지상3층,,,CDFF3242052008000018,3060000,,,,"서울특별시 중랑구 중랑역로 51 (중화동,지상3층)",,03,폐업,N,,N,,,,,,,,
,,킴스노래연습장,2024-04-05,209478.477207992,455426.993994292,유통관련업,노래연습장업,,2026-05-06 22:38:35,I,03,폐업,,,,,85.25,,,0,,4,2024-04-05 15:08:53,,2009-06-01,,서울특별시 중랑구 망우동 136-26,,,CDFF3242052009000006,3060000,,,,"서울특별시 중랑구 양원역로 5, 지하1층 (망우동)",02064,03,폐업,,,,,,,,,,,
,유통시설,가고파노래연습장,2012-11-23,207362.32944733,454827.961318709,유통관련업,노래연습장업,,2026-05-06 22:38:35,I,03,폐업,Y,Y,,,105.2,,,1,Y,5,2012-11-23 12:23:54,,2009-09-22,,서울특별시 중랑구 상봉동 115-13 지하1층,,,CDFF3242052009000007,3060000,,,,"서울특별시 중랑구 망우로 284  (상봉동,지하1층)",,03,폐업,,,,,,,,,5,1,
,근린생활시설,썸동전노래연습장,2021-09-27,209083.646196172,455380.068728154,유통관련업,노래연습장업,,2026-05-06 22:38:36,I,03,폐업,,,,,136.45,,,16,Y,18,2021-09-27 16:56:36,,2015-11-25,,서울특별시 중랑구 망우동 209-8,,,CDFF3242052015000005,3060000,,,일반주거지역,"서울특별시 중랑구 망우로 463, 지하1층 (망우동)",02066,03,폐업,,,,,,,,,,,
,근린생활시설,K스타 노래연습장,2021-12-03,207733.920478367,453087.52613467,유통관련업,노래연습장업,,2026-05-06 22:38:36,I,03,폐업,Y,Y,,,164.56,,,20,Y,20,2021-12-03 16:53:34,,2016-06-17,,서울특별시 중랑구 면목동 617-1,,,CDFF3242052016000002,3060000,,,,"서울특별시 중랑구 면목로 316 (면목동, 김현규치과)",02249,03,폐업,Y,,,,,,,,,1,
Y,근린생활시설,골든코인노래연습장,2022-05-10,206688.859729693,454500.088208701,유통관련업,노래연습장업,,2026-05-06 22:38:36,I,03,폐업,Y,Y,,,132,,2,16,Y,16,2022-05-10 16:17:28,,2016-11-21,,서울특별시 중랑구 상봉동 130-7,,40,CDFF3242052016000006,3060000,1,,,서울특별시 중랑구 망우로32길 24 (상봉동),02120,03,폐업,Y,,,,,,,,,,
Y,,룰루랄라 동전노래연습장,2022-07-20,206733.895956499,454624.142022419,유통관련업,노래연습장업,,2026-05-06 22:38:36,I,03,폐업,Y,Y,,,104.4,,1,0,,5,2022-07-20 11:16:16,,2016-12-08,,서울특별시 중랑구 상봉동 129-2 지하1층,,75,CDFF3242052016000007,3060000,2,,,서울특별시 중랑구 망우로 218 (상봉동),02121,03,폐업,Y,,,,,,,,,,
Y,근린생활시설,최가코인노래연습장,2019-11-05,207338.399972592,454873.867196519,유통관련업,노래연습장업,,2026-05-06 22:38:36,I,03,폐업,Y,Y,,,63.21,,1,9,Y,9,2019-11-05 12:57:18,,2017-01-31,,서울특별시 중랑구 상봉동 116-4,,75,CDFF3242052017000002,3060000,1,,,"서울특별시 중랑구 망우로 283 (상봉동, Dice빌딩)",02098,03,폐업,Y,,,기타,,,,,,,
,,탑코인노래연습장,2020-11-05,208434.063037302,455903.470269644,유통관련업,노래연습장업,,2026-05-06 22:38:37,I,03,폐업,,,,,163.81,,3,19,Y,19,2020-11-05 17:30:43,,2017-10-25,,서울특별시 중랑구 신내동 565-9,,,CDFF3242052017000008,3060000,,,일반주거지역,서울특별시 중랑구 봉화산로52길 58 (신내동),02069,03,폐업,,,,,,,,,,,
,,쇼미(SHOW ME)노래연습장,2025-07-31,206672.016694836,454573.869136344,유통관련업,노래연습장업,,2026-05-06 22:38:37,I,03,폐업,,,,,100.13,,2,8,Y,14,2025-07-31 13:26:00,,2017-10-27,,서울특별시 중랑구 상봉동 130-128,,,CDFF3242052017000009,3060000,,,,"서울특별시 중랑구 망우로32길 8, 2층 (상봉동)",02120,03,폐업,,,,,,,,,,,
,,커플노래연습장,2022-04-11,207759.193444531,454943.982853578,유통관련업,노래연습장업,,2026-05-06 22:38:37,I,03,폐업,,,,,122.43,,1,,,7,2022-04-11 17:37:04,,2020-03-17,,서울특별시 중랑구 상봉동 91-1,,,CDFF3242052020000003,3060000,,,,"서울특별시 중랑구 망우로 326, 1층 (상봉동)",02149,03,폐업,,,,,,,02-433-4337,,,,
Y,,미디어스코프 주식회사,2024-09-23,208076.386740844,455017.528646426,유통관련업,노래연습장업,,2026-05-06 22:38:37,I,03,폐업,,,,,,,,,,1,2024-09-23 09:14:50,,2022-09-13,,서울특별시 중랑구 상봉동 501 상봉 듀오트리스,,,CDFF3242052022000005,3060000,,,,"서울특별시 중랑구 상봉로 131, 지하2층 (상봉동, 상봉 듀오트리스)",02150,03,폐업,,,,,,,070-7755-0398,,,,
,,오렌지노래연습장,2023-05-31,207869.976552472,454047.456001865,유통관련업,노래연습장업,,2026-05-06 22:38:37,I,03,폐업,,,,,137.26,,,,,6,2023-05-31 09:29:39,,2022-10-20,,서울특별시 중랑구 면목동 105-36,,,CDFF3242052022000006,3060000,,,,서울특별시 중랑구 겸재로 200 (면목동),02197,03,폐업,,,,,,,,,,,
Y,근린생활시설,야궁 노래연습장,2023-07-04,151866.300891929,418320.683055589,유통관련업,노래연습장업,,2026-05-06 22:38:02,I,03,폐업,Y,Y,,,157.3,,1,0,,6,2023-07-05 10:55:26,,2011-05-30,,인천광역시 옹진군 영흥면 내리 1349-1,,,CDFF3242052011000001,3580000,2,,관리지역,인천광역시 옹진군 영흥면 영흥로 626,23119,03,폐업,Y,,Y,기타,,,032-881-4459,,2,0,
Y,숙박시설,추억노래연습장,2024-08-19,121431.468771595,414015.601364053,유통관련업,노래연습장업,,2026-05-06 22:38:02,I,03,폐업,Y,Y,,,149.82,,1,0,,6,2024-11-11 17:31:58,,2011-09-20,,인천광역시 옹진군 덕적면 서포리 540-17,,,CDFF3242052011000003,3580000,2,,주거지역,인천광역시 옹진군 덕적면 덕적남로625번길 2,23131,03,폐업,Y,,Y,기타,,,,,3,,
,근린생활시설,라이브 노래 한마당 노래연습장,2014-09-29,150128.648613232,447473.196264909,유통관련업,노래연습장업,,2026-05-06 22:38:02,I,03,폐업,,,,,36.92,,2,,,1,2014-09-29 17:06:36,,2013-12-06,,인천광역시 옹진군 북도면 신도리 796 1통1반,,,CDFF3242052013000002,3580000,,,관리지역,인천광역시 옹진군 북도면 신도로 252,,03,폐업,,,,기타,,,,,2,0,
,근린생활시설,해치노래연습장,2025-06-05,154472.926914043,420141.165592322,유통관련업,노래연습장업,,2026-05-06 22:38:02,I,03,폐업,Y,,,,168,,3,0,,6,2025-06-09 09:33:06,,2016-06-27,,인천광역시 옹진군 영흥면 내리 724-132,,,CDFF3242052016000001,3580000,1,,근린상업지역,인천광역시 옹진군 영흥면 영흥북로 374-25 (우성리조트),23118,03,폐업,Y,,,기타,,,,,4,1,
,근린생활시설,산마루노래연습장,2025-05-21,150113.854462615,446552.379930474,유통관련업,노래연습장업,,2026-05-06 22:38:03,I,03,폐업,Y,,,,195.04,,1,0,,6,2025-05-23 11:05:50,,2018-08-28,,"인천광역시 옹진군 북도면 신도리 549 산마루민박,식당",,150,CDFF3242052018000001,3580000,2,,관리지역,"인천광역시 옹진군 북도면 신도로 85, 산마루민박,식당 1층",23115,03,폐업,,,,기타,,,,,1,,
Y,근린생활시설,청담노래연습장,2021-12-24,-5091.18122636446,497795.832902962,유통관련업,노래연습장업,,2026-05-06 22:38:03,I,03,폐업,Y,Y,,,244.12,,1,0,,5,2021-12-29 14:31:50,,2019-07-19,,인천광역시 옹진군 백령면 북포리 498-3,,40,CDFF3242052019000002,3580000,1,,관리지역,"인천광역시 옹진군 백령면 백령로 846-28, 1층",23103,03,폐업,Y,,Y,기타,,,,,2,1,
Y,근린생활시설,소풍노래연습장,2025-02-25,-1982.39012715344,483734.513065336,유통관련업,노래연습장업,,2026-05-06 22:38:03,I,03,폐업,Y,Y,,,197.6,,2,1,Y,6,2025-05-13 10:22:33,,2020-10-27,,인천광역시 옹진군 대청면 대청리 750-4,,40,CDFF3242052020000001,3580000,140,,관리지역,인천광역시 옹진군 대청면 대청로 220,23105,03,폐업,Y,,,기타,,,,,2,0,
Y,근린생활시설,초이스 노래연습장,2025-06-12,85221.4504287594,462462.920531487,유통관련업,노래연습장업,,2026-05-06 22:38:03,I,03,폐업,Y,,,,123.82,,1,,,4,2025-06-18 13:42:12,,2021-05-24,,인천광역시 옹진군 연평면 연평리 499-7,,40,CDFF3242052021000001,3580000,1,,일반주거지역,인천광역시 옹진군 연평면 연평로 803,23108,03,폐업,Y,,,주택가주변,,,,,1,,
,,나도가수다 노래연습장,2025-11-10,138813.270026517,416760.436231985,유통관련업,노래연습장업,,2026-05-06 22:38:03,I,03,폐업,,,,,68.4,,,0,,2,2025-11-11 10:06:37,,2022-12-05,,인천광역시 옹진군 자월면 자월리 1080,,33,CDFF3242052022000001,3580000,,,,인천광역시 옹진군 자월면 자월서로 115,23125,03,폐업,,,,,,,,,,,
N,,BMB 노래연습장,2004-10-28,-395.696301018333,498996.924846124,유통관련업,노래연습장업,,2026-05-06 22:37:55,I,03,폐업,N,N,,,,,,,,,2013-12-24 10:01:24,,1994-03-03,,인천광역시 옹진군 백령면 진촌리 703-4,,,CDFF3242051994000001,3580000,,,,인천광역시 옹진군 백령면 백령로 282-1,,03,폐업,N,,N,,,,,,,,
Y,,앵콜 노래연습장,2013-08-05,,,유통관련업,노래연습장업,,2026-05-06 22:37:55,I,03,폐업,Y,N,,,98.4,,,,,,2013-08-05 14:55:45,,1995-09-21,,인천광역시 옹진군 백령면 북포리 493-21,,,CDFF3242051995000001,3580000,,,,,,03,폐업,Y,,N,,,,,,,,
Y,근린생활시설,등대 노래방,2013-05-27,123942.727454058,414178.675617991,유통관련업,노래연습장업,,2026-05-06 22:37:56,I,03,폐업,Y,N,,,86.4,,1,,,,2013-12-23 09:51:23,,1999-11-30,,인천광역시 옹진군 덕적면 진리 346-3,,,CDFF3242051999000001,3580000,,,관리지역,인천광역시 옹진군 덕적면 덕적북로133번길 34,,03,폐업,Y,,N,기타,,,,,1,,
Y,,선착장 노래방,2009-04-13,150362.846757646,446177.413720713,유통관련업,노래연습장업,,2026-05-06 22:37:57,I,03,폐업,Y,N,,,,,1,,,,2013-12-23 09:53:04,,1999-10-18,,인천광역시 옹진군 북도면 신도리 523-47,,,CDFF3242051999000002,3580000,,,관리지역,인천광역시 옹진군 북도면 신도로 23,,03,폐업,Y,,N,기타,,,,,,,
N,,도레미 노래연습장,2004-05-31,,,유통관련업,노래연습장업,,2026-05-06 22:37:57,I,03,폐업,N,N,,,,,,,N,,2004-06-28 16:50:10,,1999-07-08,409-913,인천광역시 옹진군 백령면 진촌리 1070,,,CDFF3242051999000003,3580000,,,,,,03,폐업,N,,N,,,,,,,,
Y,근린생활시설,돼지 노래방,2012-03-17,-1050.66633389303,482793.886076888,유통관련업,노래연습장업,,2026-05-06 22:37:57,I,03,폐업,Y,Y,,,132,,2,1,Y,6,2013-12-23 09:54:04,,2000-09-02,,인천광역시 옹진군 대청면 대청리 409-1,,,CDFF3242052000000001,3580000,,,관리지역,인천광역시 옹진군 대청면 대청로19번길 7-5,,03,폐업,Y,,N,기타,,,,,2,,
Y,근린생활시설,내동 노래방,2011-01-03,153925.132024716,419726.159624289,유통관련업,노래연습장업,,2026-05-06 22:37:57,I,03,폐업,Y,N,,,74.47,,1,,,5,2013-12-23 09:55:20,,2000-03-21,,인천광역시 옹진군 영흥면 내리 819-3,,,CDFF3242052000000003,3580000,,,관리지역,인천광역시 옹진군 영흥면 영흥북로456번길 2-12,,03,폐업,Y,,N,기타,,,,,,,
Y,근린생활시설,방개골 노래연습장,2006-03-21,154961.839552259,418350.440351168,유통관련업,노래연습장업,,2026-05-06 22:37:58,I,03,폐업,Y,Y,,,207.57,,,,,9,2013-12-23 10:07:25,,2002-09-19,,인천광역시 옹진군 영흥면 내리 170-6,,,CDFF3242052002000002,3580000,,,관리지역,인천광역시 옹진군 영흥면 영흥서로16번길 53-7,,03,폐업,Y,,N,기타,,,,,,1,
Y,,십리포 노래연습장,2008-06-04,153994.859916431,419984.592188234,유통관련업,노래연습장업,,2026-05-06 22:37:58,I,03,폐업,Y,Y,,,109.41,,,,,4,2013-12-23 10:08:02,,2002-07-09,,인천광역시 옹진군 영흥면 내리 729-3,,,CDFF3242052002000003,3580000,,,관리지역,인천광역시 옹진군 영흥면 영흥북로 420-11,,03,폐업,Y,,N,기타,,,,,,1,
Y,근린생활시설,해변 노래방,2017-12-29,151246.448611281,419147.083932592,유통관련업,노래연습장업,,2026-05-06 22:37:58,I,03,폐업,Y,Y,,,197.73,,2,,,9,2017-12-29 15:16:14,,2002-02-20,,인천광역시 옹진군 영흥면 내리 1672-4,,,CDFF3242052002000004,3580000,,,관리지역,인천광역시 옹진군 영흥면 영흥로 752,23117,03,폐업,Y,,N,기타,,,,,,,
Y,콘도미니엄,동양 노래연습장,2007-01-18,137034.476331262,407991.441365862,유통관련업,노래연습장업,,2026-05-06 22:37:58,I,03,폐업,Y,Y,,,144.71,,,,Y,8,2013-12-23 10:08:42,,2002-01-04,,인천광역시 옹진군 자월면 승봉리 784 (동양콘도 내),,,CDFF3242052002000005,3580000,,,관리지역,인천광역시 옹진군 자월면 승봉로29번길 17-41,,03,폐업,Y,,N,기타,,,,,,1,
Y,근린생활시설,언덕너머 노래연습장,2007-10-17,151359.680533535,418902.750941696,유통관련업,노래연습장업,,2026-05-06 22:37:58,I,03,폐업,Y,N,,,256,,1,1,Y,8,2013-12-23 10:09:53,,2002-05-02,,인천광역시 옹진군 영흥면 내리 1649-4,,,CDFF3242052002000006,3580000,,,관리지역,인천광역시 옹진군 영흥면 영흥로685번길 72,,03,폐업,Y,,N,기타,,,032-884-5554,,,,
Y,숙박시설,마리나 노래연습장,2016-03-15,157014.434363393,416836.773093962,유통관련업,노래연습장업,,2026-05-06 22:37:58,I,03,폐업,Y,Y,,,184,,1,,,6,2016-03-21 17:09:52,,2003-11-03,,인천광역시 옹진군 영흥면 선재리 632-2,,,CDFF3242052003000001,3580000,,,관리지역,인천광역시 옹진군 영흥면 선재로 311,23122,03,폐업,Y,,N,기타,,,032-889-4045,,4,,
Y,근린생활시설,비치클럽 노래연습장,2010-12-03,154319.359209798,417008.319059229,유통관련업,노래연습장업,,2026-05-06 22:37:58,I,03,폐업,Y,Y,,,94.4,,,1,Y,4,2013-12-23 10:10:33,,2003-09-09,,인천광역시 옹진군 영흥면 내리 198-8,,,CDFF3242052003000002,3580000,2,,일반주거지역,인천광역시 옹진군 영흥면 영흥로251번길 85-53,,03,폐업,Y,,N,기타,,,,,,1,
Y,,선재 노래연습장,2007-03-28,157257.710911901,416601.244468794,유통관련업,노래연습장업,,2026-05-06 22:37:58,I,03,폐업,Y,Y,,,264,,,1,Y,7,2013-12-23 10:11:31,,2003-09-09,,인천광역시 옹진군 영흥면 선재리 607-4,,,CDFF3242052003000003,3580000,,,,인천광역시 옹진군 영흥면 선재로265번길 51,,03,폐업,Y,,Y,,,,,,,,
Y,,장골 노래연습장,2011-04-08,138979.036397045,416720.780206498,유통관련업,노래연습장업,,2026-05-06 22:37:59,I,03,폐업,Y,Y,,,88.65,,1,2,Y,7,2013-12-23 10:12:07,,2003-08-22,,인천광역시 옹진군 자월면 자월리 1086,,,CDFF3242052003000004,3580000,,,관리지역,인천광역시 옹진군 자월면 자월서로 98,,03,폐업,Y,,Y,기타,,,,,,,
Y,근린생활시설,노래를찾는사람들 노래연습장,2009-10-13,154312.325573055,420032.930842084,유통관련업,노래연습장업,,2026-05-06 22:37:59,I,03,폐업,Y,Y,,,192.85,,,1,Y,8,2013-12-23 10:12:41,,2003-08-04,,인천광역시 옹진군 영흥면 내리 724-127,,,CDFF3242052003000006,3580000,,,관리지역,인천광역시 옹진군 영흥면 영흥북로 389,,03,폐업,Y,,Y,기타,,,,,,1,
Y,근린생활시설,태양 노래연습장,2008-07-22,151360.778660622,415908.027915346,유통관련업,노래연습장업,,2026-05-06 22:37:59,I,03,폐업,Y,Y,,,204.6,,2,,,8,2013-12-23 10:13:34,,2003-06-24,,인천광역시 옹진군 영흥면 외리 909-10,,,CDFF3242052003000008,3580000,,,관리지역,인천광역시 옹진군 영흥면 영흥남로 307,,03,폐업,Y,,Y,기타,,,,,,,
Y,근린생활시설,노도 노래연습장,2013-11-01,156951.297053197,416724.524915076,유통관련업,노래연습장업,,2026-05-06 22:37:59,I,03,폐업,Y,Y,,,180.07,,2,1,Y,6,2013-12-23 10:14:11,,2003-05-14,,인천광역시 옹진군 영흥면 선재리 629-1 나동,,,CDFF3242052003000009,3580000,,,관리지역,인천광역시 옹진군 영흥면 선재로317번길 17,,03,폐업,Y,,N,유흥업소밀집지역,,,,,,,
Y,근린생활시설,아이슬랜드 노래연습장,2013-02-18,-1750.85974257191,483774.057532514,유통관련업,노래연습장업,,2026-05-06 22:38:00,I,03,폐업,Y,N,,,99,,1,,,5,2013-12-23 10:14:45,,2003-02-24,,인천광역시 옹진군 대청면 대청리 443-1,,,CDFF3242052003000010,3580000,,,관리지역,인천광역시 옹진군 대청면 대청로 199,,03,폐업,Y,,N,기타,,,,,,,
Y,근린생활시설,용비치 노래방,2007-07-04,153906.724094534,416244.753588382,유통관련업,노래연습장업,,2026-05-06 22:38:00,I,03,폐업,Y,N,,,154.6,,1,1,Y,5,2013-12-23 10:15:24,,2003-05-28,,인천광역시 옹진군 영흥면 외리 7-5,,,CDFF3242052003000011,3580000,,,자연녹지지역,인천광역시 옹진군 영흥면 영흥남로9번길 143-13,,03,폐업,Y,,N,기타,,,,,,,
,,돼지노래연습장,2011-01-18,-1050.66633389303,482793.886076888,유통관련업,노래연습장업,,2026-05-06 22:38:00,I,03,폐업,,,,,,,,,,,2013-12-23 10:16:34,,2004-05-31,,인천광역시 옹진군 대청면 대청리 409-1,,,CDFF3242052004000002,3580000,,,,인천광역시 옹진군 대청면 대청로19번길 7-5,,03,폐업,,,,,,,,,,,
,,세븐 노래연습장,2012-03-15,-440.971977437465,499081.593242312,유통관련업,노래연습장업,,2026-05-06 22:38:00,I,03,폐업,,,,,,,,,,,2013-12-23 10:17:09,,2004-05-31,,인천광역시 옹진군 백령면 진촌리 732-2,,,CDFF3242052004000003,3580000,,,,인천광역시 옹진군 백령면 백령로280번길 23,,03,폐업,,,,,,,,,,,
Y,근린생활시설,등불노래연습장,2014-10-14,154174.609618384,417871.475613427,유통관련업,노래연습장업,,2026-05-06 22:38:00,I,03,폐업,Y,Y,,,221.53,,3,,,6,2014-10-15 09:41:48,,2004-10-18,,인천광역시 옹진군 영흥면 내리 180-24,,,CDFF3242052004000005,3580000,,,관리지역,인천광역시 옹진군 영흥면 내동로 29,,03,폐업,Y,,Y,기타,,,032-883-8323,,4,1,
Y,근린생활시설,팡팡노래연습장,2020-05-30,-473.456431765883,498972.559295918,유통관련업,노래연습장업,,2026-05-06 22:38:00,I,03,폐업,Y,N,,,115.1,,1,,,5,2020-06-16 11:20:34,,2004-11-19,,인천광역시 옹진군 백령면 진촌리 1129-5,,,CDFF3242052004000006,3580000,,,관리지역,인천광역시 옹진군 백령면 백령로 289,23101,03,폐업,Y,,N,기타,,,032-836-8822,,2,,
Y,근린생활시설,바다노래연습장,2023-03-10,123072.556040204,415008.191028606,유통관련업,노래연습장업,,2026-05-06 22:38:00,I,03,폐업,Y,N,,,88.54,,1,,,5,2023-03-22 15:32:38,,2005-01-29,,인천광역시 옹진군 덕적면 진리 755,,,CDFF3242052005000001,3580000,,,관리지역,인천광역시 옹진군 덕적면 덕적북로 245,23130,03,폐업,Y,,N,기타,,,,,1,,
N,근린생활시설,닐니리노래연습장,2024-05-23,151675.602534282,418488.344983979,유통관련업,노래연습장업,,2026-05-06 22:38:00,I,03,폐업,N,N,,,146.71,,1,,,5,2024-05-24 10:22:18,,2005-07-07,,인천광역시 옹진군 영흥면 내리 1346-12,,,CDFF3242052005000002,3580000,,,관리지역,인천광역시 옹진군 영흥면 영흥로 649,23117,03,폐업,N,,N,기타,,,032-885-9909,,1,,
Y,다가구용 주택(공동주택적용),홍해노래연습장,2006-05-18,151356.168487827,419252.348678113,유통관련업,노래연습장업,,2026-05-06 22:38:01,I,03,폐업,Y,Y,,,122.1,,,,,2,2013-12-23 10:17:53,,2005-07-12,,인천광역시 옹진군 영흥면 내리 1665-1,,,CDFF3242052005000003,3580000,,,관리지역,인천광역시 옹진군 영흥면 영흥서로 531-1,,03,폐업,Y,,N,기타,,,032-885-4780,,2,,
Y,근린생활시설,궁전노래연습장,2022-11-30,158259.578003739,415336.844490264,유통관련업,노래연습장업,,2026-05-06 22:38:01,I,03,폐업,Y,,,,271.91,,,1,Y,8,2023-11-15 15:24:19,,2005-12-06,,인천광역시 옹진군 영흥면 선재리 350-1,,,CDFF3242052005000004,3580000,,,관리지역,인천광역시 옹진군 영흥면 선재로116번길 12,23123,03,폐업,,,,기타,,,032-884-5949,,3,1,
Y,근린생활시설,역마차노래연습장,2008-06-05,151508.577551703,415991.095746542,유통관련업,노래연습장업,,2026-05-06 22:38:01,I,03,폐업,Y,N,,,153.42,,1,,,6,2013-12-23 10:18:24,,2006-02-15,,인천광역시 옹진군 영흥면 외리 594-2,,,CDFF3242052006000001,3580000,,,관리지역,인천광역시 옹진군 영흥면 영흥남로 325,,03,폐업,Y,,Y,기타,,,032-883-5532,,1,,
Y,근린생활시설,가든노래연습장,2013-06-12,154219.897317414,417401.191097064,유통관련업,노래연습장업,,2026-05-06 22:38:01,I,03,폐업,Y,Y,,,158.4,,2,,,6,2013-12-23 10:19:04,,2006-05-29,,인천광역시 옹진군 영흥면 내리 196-6,,,CDFF3242052006000003,3580000,,,관리지역,인천광역시 옹진군 영흥면 영흥로251번길 24,,03,폐업,Y,,Y,기타,,,032-886-3913,,2,,
,근린생활시설,산마루노래연습장,2018-03-21,150113.854462615,446552.379930474,유통관련업,노래연습장업,,2026-05-06 22:38:01,I,03,폐업,,,,,173.26,,1,,,4,2018-03-22 16:27:26,,2008-09-08,,인천광역시 옹진군 북도면 신도리 549,,,CDFF3242052008000003,3580000,,,근린상업지역,인천광역시 옹진군 북도면 신도로 85,23115,03,폐업,,,,기타,,,032-752-2408,,2,,
,다중주택(공동주택적용),태양노래연습장,2012-12-20,151360.778660622,415908.027915346,유통관련업,노래연습장업,,2026-05-06 22:38:01,I,03,폐업,,,,,155.68,,2,,,,2013-12-23 10:19:46,,2009-04-14,,인천광역시 옹진군 영흥면 외리 909-10,,,CDFF3242052009000001,3580000,,,관리지역,인천광역시 옹진군 영흥면 영흥남로 307,,03,폐업,,,,기타,,,032-885-7995,,1,,
,숙박시설,용비치노래연습장,2015-02-03,153906.724094534,416244.753588382,유통관련업,노래연습장업,,2026-05-06 22:38:01,I,03,폐업,,,,,145.5,,,,,4,2015-02-03 14:29:15,,2009-07-01,,인천광역시 옹진군 영흥면 외리 7-5,,,CDFF3242052009000002,3580000,,,관리지역,인천광역시 옹진군 영흥면 영흥남로9번길 143-13,,03,폐업,,,,기타,,,032-886-0911,,3,1,
,근린생활시설,얼씨구절씨구 노래연습장,2013-09-16,155076.957986533,417436.07197181,유통관련업,노래연습장업,,2026-05-06 22:38:01,I,03,폐업,,,,,248.04,,2,,,,2013-12-23 10:20:36,,2009-09-21,,인천광역시 옹진군 영흥면 내리 8-32 영흥프라자 2층,,,CDFF3242052009000003,3580000,,,관리지역,인천광역시 옹진군 영흥면 영흥로 158,,03,폐업,,,,기타,,,032-888-6924,,1,,
,근린생활시설,역마차노래연습장,2016-01-08,151508.577551703,415991.095746542,유통관련업,노래연습장업,,2026-05-06 22:38:02,I,03,폐업,,,,,153.42,,1,,,5,2016-01-08 17:33:41,,2010-03-19,,인천광역시 옹진군 영흥면 외리 594-2,,,CDFF3242052010000002,3580000,,,관리지역,인천광역시 옹진군 영흥면 영흥남로 325,23121,03,폐업,,,,기타,,,,,2,,
N,,와우 노래연습장,2011-06-09,169163.962938222,439918.732131509,유통관련업,노래연습장업,,2026-05-06 22:38:28,I,03,폐업,N,N,,,98.4,,,1,Y,,2011-06-09 13:40:33,,2003-02-06,,인천광역시 미추홀구 숭의동 207-5,,,CDFF3242052003000004,3510500,,,,인천광역시 미추홀구 독정이로 59  (숭의동),,03,폐업,N,,N,,,,,,,,
N,,하하노래연습장,2007-06-07,170468.911079484,438277.985899097,유통관련업,노래연습장업,,2026-05-06 22:38:28,I,03,폐업,N,N,,,,,,,N,,2007-06-07 17:38:50,,2003-01-13,402-867,인천광역시 미추홀구 학익동 288-1,,,CDFF3242052003000006,3510500,,,,인천광역시 미추홀구 한나루로 438  (학익동),,03,폐업,N,,N,,,,,,,,
N,,아이존 노래연습장,2007-12-31,171730.058945786,440449.60356027,유통관련업,노래연습장업,,2026-05-06 22:38:28,I,03,폐업,N,N,,,,,,,N,,2008-01-03 17:55:32,,2003-03-08,402-836,인천광역시 미추홀구 주안동 24-31,,,CDFF3242052003000007,3510500,,,,인천광역시 미추홀구 염창로 65  (주안동),,03,폐업,N,,N,,,,,,,,
N,,우리 노래연습장,2020-11-23,172387.387851346,439600.660690507,유통관련업,노래연습장업,,2026-05-06 22:38:28,I,03,폐업,N,N,,,119.97,,,,Y,5,2020-11-23 16:51:19,,2003-02-11,,인천광역시 미추홀구 주안동 1005-10,,,CDFF3242052003000008,3510500,,,,인천광역시 미추홀구 경인로 437 (주안동),22141,03,폐업,N,,N,,,,,,,,
N,,팡팡 노래연습장,2008-01-15,172397.73909841,439685.350881312,유통관련업,노래연습장업,,2026-05-06 22:38:29,I,03,폐업,N,N,,,,,,,N,,2008-01-15 14:14:17,,2003-02-15,402-848,인천광역시 미추홀구 주안동 1000-12,,,CDFF3242052003000009,3510500,,,,인천광역시 미추홀구 경원대로851번길 10  (주안동),,03,폐업,N,,N,,,,,,,,
N,,우리 노래연습장,2009-02-24,171649.863033069,438583.101371447,유통관련업,노래연습장업,,2026-05-06 22:38:29,I,03,폐업,N,N,,,,,,,N,,2009-02-25 16:52:26,,2003-03-12,402-858,인천광역시 미추홀구 주안동 1465-19,,,CDFF3242052003000010,3510500,,,,인천광역시 미추홀구 미추홀대로578번길 9  (주안동),,03,폐업,N,,N,,,,,,,,
N,,팡팡 노래연습장,2007-12-31,168780.080809138,439951.687274197,유통관련업,노래연습장업,,2026-05-06 22:38:29,I,03,폐업,N,N,,,,,,,N,,2008-01-03 17:36:41,,2003-01-02,402-817,인천광역시 미추홀구 숭의동 187-36,,,CDFF3242052003000011,3510500,,,,인천광역시 미추홀구 미추로 12  (숭의동),,03,폐업,N,,N,,,,,,,,
N,,원투쓰리 노래연습장,2021-03-04,171283.886661058,439631.980757919,유통관련업,노래연습장업,,2026-05-06 22:38:29,I,03,폐업,N,N,,,,,,,,5,2021-03-04 16:46:28,,2003-02-06,,인천광역시 미추홀구 주안동 507-17,,,CDFF3242052003000013,3510500,,,,인천광역시 미추홀구 경인로326번길 3 (주안동),22154,03,폐업,N,,N,,,,,,,,
N,,러브 노래연습장,2007-12-31,,,유통관련업,노래연습장업,,2026-05-06 22:38:29,I,03,폐업,N,N,,,,,,,N,,2008-01-03 17:48:35,,2003-03-10,402-010,"인천광역시 미추홀구 숭의동 82-1,2",,,CDFF3242052003000016,3510500,,,,,,03,폐업,N,,N,,,,,,,,
N,,한일 노래연습장,2017-10-10,170522.698551585,440336.657535152,유통관련업,노래연습장업,,2026-05-06 22:38:29,I,03,폐업,N,N,,,205.92,,,1,Y,,2017-10-10 16:17:15,,2003-02-11,,인천광역시 미추홀구 도화동 594-4,,,CDFF3242052003000017,3510500,,,,인천광역시 미추홀구 경인로 225 (도화동),22106,03,폐업,N,,N,,,,,,,,
N,,방가방가노래연습장,2015-03-17,172713.925592696,439459.318437985,유통관련업,노래연습장업,,2026-05-06 22:38:29,I,03,폐업,Y,Y,,,135.48,,,1,Y,5,2015-03-17 18:09:39,,2003-04-29,,인천광역시 미추홀구 주안동 1580-17,,30,CDFF3242052003000021,3510500,1,,일반주거지역,인천광역시 미추홀구 구월로8번길 24 (주안동),,03,폐업,N,,N,,,,,,,,
N,,GOD노래연습장,2013-02-08,170641.798832083,437802.12159159,유통관련업,노래연습장업,,2026-05-06 22:38:29,I,03,폐업,N,N,,,,,,1,,7,2013-02-08 15:35:17,,2003-03-24,,인천광역시 미추홀구 학익동 244-26,,30,CDFF3242052003000022,3510500,1,,,인천광역시 미추홀구 소성로185번길 17 (학익동),,03,폐업,N,,N,,,,,,,,
Y,,불러 노래연습장,2018-02-05,171748.990303989,440151.035197846,유통관련업,노래연습장업,,2026-05-06 22:38:29,I,03,폐업,Y,Y,,,160.5,,,2,Y,8,2018-02-05 11:40:07,,2003-03-15,,인천광역시 미추홀구 주안동 138-4,,30,CDFF3242052003000023,3510500,1,,,인천광역시 미추홀구 미추홀대로734번길 17 (주안동),22135,03,폐업,Y,,Y,,,,,,,,
,근린생활시설,송이 노래연습장,2014-10-02,168648.665855295,440712.106253583,유통관련업,노래연습장업,,2026-05-06 22:38:30,I,03,폐업,,,,,99.64,,2,,,6,2014-10-02 10:23:23,,2003-06-11,,인천광역시 미추홀구 숭의동 457-3,,,CDFF3242052003000030,3510500,,,근린상업지역,인천광역시 미추홀구 석정로 99 (숭의동),,03,폐업,,,,기타,,,032-762-2599,,3,1,
N,근린생활시설,은날개 노래연습장,2017-07-31,168709.239966121,440485.672647206,유통관련업,노래연습장업,,2026-05-06 22:38:30,I,03,폐업,N,N,,,72.06,,3,,,5,2017-08-04 14:27:53,,2003-10-15,,인천광역시 미추홀구 숭의동 129-17 2층,,,CDFF3242052003000038,3510500,,,준주거지역,"인천광역시 미추홀구 석정로76번길 28, 2층 (숭의동)",22161,03,폐업,N,,N,기타,,,032-884-6700,,4,1,
N,근린생활시설,씰 노래연습장,2022-11-23,171925.66572837,440144.167219497,유통관련업,노래연습장업,,2026-05-06 22:38:30,I,03,폐업,N,N,,,81.72,,,,,5,2022-11-23 15:48:47,,2003-10-29,,인천광역시 미추홀구 주안동 109-9,,40,CDFF3242052003000040,3510500,1,,준주거지역,인천광역시 미추홀구 주안중로50번길 9 (주안동),22135,03,폐업,N,,N,유흥업소밀집지역,,,,,,,
N,근린생활시설,SBS노래연습장,2004-09-21,171832.162128518,440123.761004491,유통관련업,노래연습장업,,2026-05-06 22:38:30,I,03,폐업,N,N,,,,,,,N,,2004-09-21 11:25:00,,2003-12-09,402-835,인천광역시 미추홀구 주안동 147-1,,,CDFF3242052003000042,3510500,,,근린상업지역,인천광역시 미추홀구 미추홀대로734번길 36  (주안동),,03,폐업,N,,N,유흥업소밀집지역,,,,,,,
,근린생활시설,궁전노래연습장,2019-08-07,173092.342931106,439957.957398464,유통관련업,노래연습장업,,2026-05-06 22:38:30,I,03,폐업,,,,,,,,,,12,2019-08-08 10:36:05,,2003-12-23,,인천광역시 미추홀구 주안동 892-1,,,CDFF3242052003000044,3510500,,,주거지역,인천광역시 미추홀구 석산로 42 (주안동),22144,03,폐업,,,,아파트지역,,,,,,,
Y,근린생활시설,엔조이노래연습장,2020-01-03,168889.548168027,439695.950155809,유통관련업,노래연습장업,,2026-05-06 22:38:30,I,03,폐업,Y,Y,,,99,,,1,Y,5,2020-01-03 17:29:06,,2003-09-16,,인천광역시 미추홀구 숭의동 283-12,,42,CDFF3242052003000047,3510500,1,,,인천광역시 미추홀구 독배로 440-1 (숭의동),22178,03,폐업,Y,,Y,,,,,,,,
N,근린생활시설,당신의 노래연습장,2020-04-01,168964.889639938,439493.840383998,유통관련업,노래연습장업,,2026-05-06 22:38:31,I,03,폐업,N,N,,,188.49,,,1,Y,7,2020-04-02 11:51:48,,2004-01-06,,인천광역시 미추홀구 용현동 459-29 지하층,,35,CDFF3242052004000003,3510500,1,,상업지역,"인천광역시 미추홀구 독배로 420, 지하층 (용현동)",22179,03,폐업,N,,N,기타,,,,,,,
N,근린생활시설,뉴월드노래연습장,2022-10-17,170552.658000796,438521.978061047,유통관련업,노래연습장업,,2026-05-06 22:38:31,I,03,폐업,Y,Y,,,255.92,,4,2,Y,9,2022-10-17 15:41:04,,2004-01-15,,인천광역시 미추홀구 주안동 1371-5 2층,,34,CDFF3242052004000004,3510500,1,,준주거지역,"인천광역시 미추홀구 한나루로 464, 2층 (주안동)",22218,03,폐업,N,,N,기타,,,,,5,1,
Y,근린생활시설,나드리노래연습장,2007-12-31,170909.99860936,438518.562931108,유통관련업,노래연습장업,,2026-05-06 22:38:31,I,03,폐업,Y,Y,,,,,3,,N,5,2008-01-03 17:51:17,,2004-02-09,402-845,인천광역시 미추홀구 주안동 832-8,,35,CDFF3242052004000005,3510500,1,,,인천광역시 미추홀구 인하로 216  (주안동),,03,폐업,N,,N,,,,,,4,1,
N,근린생활시설,독도 노래연습장,2013-11-04,171713.5405025,440206.556198418,유통관련업,노래연습장업,,2026-05-06 22:38:31,I,03,폐업,N,N,,,219.02,,4,,,21,2013-11-07 16:04:25,,2004-04-12,,인천광역시 미추홀구 주안동 140-4,,65,CDFF3242052004000011,3510500,2,,,인천광역시 미추홀구 주안로104번길 8 (주안동),,03,폐업,N,,N,,,,032-442-2064,,6,2,
Y,근린생활시설,하모니 노래연습장,2013-06-04,171272.529894943,437405.318392099,유통관련업,노래연습장업,,2026-05-06 22:38:31,I,03,폐업,Y,Y,,,128.94,,4,1,Y,5,2013-06-04 09:28:38,,2004-04-26,,인천광역시 미추홀구 학익동 666-17,,45,CDFF3242052004000012,3510500,1,,주거지역,인천광역시 미추홀구 소성로 257 (학익동),,03,폐업,Y,,N,기타,,,,,5,1,
Y,근린생활시설,태진노래연습장,2007-06-07,171766.704748959,440031.57573784,유통관련업,노래연습장업,,2026-05-06 22:38:31,I,03,폐업,Y,Y,,,37.74,,5,,N,2,2007-06-07 17:38:16,,2004-08-18,402-835,인천광역시 미추홀구 주안동 153-1,,50,CDFF3242052004000019,3510500,1,,상업지역,인천광역시 미추홀구 미추홀대로722번길 21  (주안동),,03,폐업,Y,,Y,기타,,,,,6,1,
N,근린생활시설,FM노래연습장,2012-06-26,167544.501021044,438767.951890395,유통관련업,노래연습장업,,2026-05-06 22:38:32,I,03,폐업,N,N,,,128.41,,3,1,,5,2012-06-29 10:02:29,,2004-12-14,,인천광역시 미추홀구 용현동 627-283 2층,,44,CDFF3242052004000027,3510500,1,,,"인천광역시 미추홀구 낙섬서로10번길 4, 2층 (용현동)",,03,폐업,N,,N,,,,,,3,,
N,근린생활시설,유니티노래연습장,2007-01-14,167424.942949866,438789.341726164,유통관련업,노래연습장업,,2026-05-06 22:38:32,I,03,폐업,N,N,,,533.58,,5,1,N,12,2007-01-16 17:37:44,,2005-01-14,402-834,인천광역시 미추홀구 용현동 627-461 3층,,35,CDFF3242052005000001,3510500,1,,일반상업지역,"인천광역시 미추홀구 매소홀로 55  (용현동,3층)",,03,폐업,N,,N,기타,,,,,5,,
,근린생활시설,어울림 노래연습장,2019-06-05,167517.390179432,438716.512300749,유통관련업,노래연습장업,,2026-05-06 22:38:32,I,03,폐업,,,,,214.69,,,,Y,,2019-06-07 14:58:09,,2005-01-17,,인천광역시 미추홀구 용현동 627-287 3층,,,CDFF3242052005000002,3510500,,,상업지역,"인천광역시 미추홀구 낙섬서로 4, 3층 (용현동)",22190,03,폐업,,,,기타,,,,,,,
N,,테크노노래연습장,2020-06-18,171632.006400818,439024.212171154,유통관련업,노래연습장업,,2026-05-06 22:38:32,I,03,폐업,N,N,,,166.71,,,,Y,6,2020-06-19 10:29:55,,2005-05-23,,인천광역시 미추홀구 주안동 1471-4,,,CDFF3242052005000008,3510500,,,,인천광역시 미추홀구 미추홀대로 624 (주안동),22151,03,폐업,N,,N,,,,,,,,
,기타,MP3노래연습장,2023-10-16,170246.883634257,438008.373682709,유통관련업,노래연습장업,,2026-05-06 22:38:32,I,03,폐업,,,,,107.5,,,,,5,2023-10-16 17:31:38,,2005-06-09,,인천광역시 미추홀구 학익동 260-23,,,CDFF3242052005000009,3510500,,,근린상업지역,인천광역시 미추홀구 한나루로 403-2 (학익동),22210,03,폐업,,,,주택가주변,,,,,3,,
N,,노블레스노래연습장,2007-12-31,170712.712121206,437721.67992754,유통관련업,노래연습장업,,2026-05-06 22:38:32,I,03,폐업,N,N,,,,,,,N,,2008-01-03 17:50:32,,2005-07-05,402-867,인천광역시 미추홀구 학익동 240-22,,,CDFF3242052005000011,3510500,,,근린상업지역,인천광역시 미추홀구 소성로 193-15  (학익동),,03,폐업,N,,N,기타,,,,,,,
N,,동경노래연습장,2007-12-31,171845.213543055,440207.700533061,유통관련업,노래연습장업,,2026-05-06 22:38:33,I,03,폐업,N,N,,,,,,,N,,2008-01-03 17:52:07,,2005-10-05,402-835,인천광역시 미추홀구 주안동 132,,,CDFF3242052005000016,3510500,,,주거지역,,,03,폐업,N,,N,학교정화(상대),,,,,,,
N,근린생활시설,첼로 노래연습장,2023-10-05,171880.401566283,439990.627900837,유통관련업,노래연습장업,,2026-05-06 22:38:33,I,03,폐업,N,N,,,234.74,,,,,6,2023-10-05 13:42:33,,2005-11-03,,인천광역시 미추홀구 주안동 93-3,,,CDFF3242052005000020,3510500,,,상업지역,인천광역시 미추홀구 주안중로 38 (주안동),22135,03,폐업,N,,N,학교정화(상대),,,,,,,
,근린생활시설,신바람노래연습장,2024-01-08,170927.535072101,439752.714120692,유통관련업,노래연습장업,,2026-05-06 22:38:33,I,03,폐업,,,,,124.16,,,,,5,2024-01-08 11:01:09,,2005-11-15,,인천광역시 미추홀구 도화동 441-1 2층,,,CDFF3242052005000021,3510500,,,상업지역,"인천광역시 미추홀구 한나루로 599, 2층 (도화동)",22137,03,폐업,,,,학교정화(상대),,,032-876-2493,,,,
,근린생활시설,티파니 노래연습장,2025-05-13,172427.187399563,439659.147846182,유통관련업,노래연습장업,,2026-05-06 22:38:33,I,03,폐업,,,,,300.84,,5,,,,2025-05-13 14:29:08,,2005-11-24,,인천광역시 미추홀구 주안동 1005-1 2층,,,CDFF3242052005000023,3510500,,,일반상업지역,"인천광역시 미추홀구 경원대로 851, 2층 (주안동)",22141,03,폐업,,,,학교정화(상대),,,032-428-3388,,6,1,
,근린생활시설,플러스 노래연습장,2014-07-09,171564.303388979,438890.956865288,유통관련업,노래연습장업,,2026-05-06 22:38:33,I,03,폐업,,,,,149.79,,,,,5,2014-07-09 10:20:43,,2005-12-23,,인천광역시 미추홀구 주안동 1456-28,,,CDFF3242052005000025,3510500,,,일반상업지역,인천광역시 미추홀구 인주대로 385 (주안동),,03,폐업,,,,학교정화(상대),,,,,,,
,근린생활시설,특급 노래연습장,2006-06-21,171806.092319374,440214.540163614,유통관련업,노래연습장업,,2026-05-06 22:38:33,I,03,폐업,,,,,,,,,,,2013-06-03 17:13:07,,2006-02-02,,인천광역시 미추홀구 주안동 133-3,,,CDFF3242052006000002,3510500,,,상업지역,인천광역시 미추홀구 주안로 112 (주안동),,03,폐업,,,,유흥업소밀집지역,,,,,,,
,근린생활시설,별노래연습장,2022-12-19,167920.17183992,439801.385925689,유통관련업,노래연습장업,,2026-05-06 22:38:33,I,03,폐업,,,,,132.36,,4,,,4,2022-12-19 21:39:54,,2006-03-13,,인천광역시 미추홀구 용현동 686-18,,,CDFF3242052006000005,3510500,,,,인천광역시 미추홀구 능해길 5 (용현동),22175,03,폐업,,,,,,,,,5,1,
,근린생활시설,비창 노래연습장,2016-08-12,169629.926857904,439010.223097148,유통관련업,노래연습장업,,2026-05-06 22:38:33,I,03,폐업,,,,,114.66,,4,1,Y,7,2016-08-13 12:19:13,,2006-03-31,,인천광역시 미추홀구 용현동 195-24 지하층,,,CDFF3242052006000007,3510500,,,일반주거지역,"인천광역시 미추홀구 인하로77번길 35, 지하층 (용현동)",22207,03,폐업,,,,,,,,,5,1,
N,근린생활시설,테마노래연습장,2007-11-27,171695.291037059,440225.226101282,유통관련업,노래연습장업,,2026-05-06 22:38:33,I,03,폐업,N,N,,,,,3,,N,,2007-11-27 12:10:55,,2006-04-12,402-835,인천광역시 미추홀구 주안동 141-9,,,CDFF3242052006000008,3510500,,,,인천광역시 미추홀구 주안로 100-1  (주안동),,03,폐업,N,,N,,,,,,4,1,
N,,유니티투 노래연습장,2013-11-04,167424.942949866,438789.341726164,유통관련업,노래연습장업,,2026-05-06 22:38:33,I,03,폐업,N,N,,,301.21,,,,,,2013-11-04 17:19:11,,2006-08-03,,인천광역시 미추홀구 용현동 627-461 4층,,,CDFF3242052006000012,3510500,,,,"인천광역시 미추홀구 매소홀로 55, 4층 (용현동)",,03,폐업,N,,N,,,,,,,,
Y,근린생활시설,캔디노래연습장,2014-02-03,171709.642500623,439999.118285588,유통관련업,노래연습장업,,2026-05-06 22:38:33,I,03,폐업,Y,N,,,142.15,,6,2,Y,6,2014-02-03 13:39:07,,2006-09-07,,인천광역시 미추홀구 주안동 161-8 한국빌딩 701호,,65,CDFF3242052006000013,3510500,123,,일반상업지역,"인천광역시 미추홀구 미추홀대로722번길 12, 701호 (주안동, 한국빌딩 )",,03,폐업,Y,,Y,,,,032-442-3588,,8,2,
N,,테마 노래연습장,2016-01-22,167619.021777504,438629.596649301,유통관련업,노래연습장업,,2026-05-06 22:38:34,I,03,폐업,N,N,,,194.34,,,2,Y,5,2016-01-25 09:06:57,,2006-11-03,,인천광역시 미추홀구 용현동 627-351 3층,,,CDFF3242052006000015,3510500,,,준주거지역,"인천광역시 미추홀구 매소홀로 81-1, 3층 (용현동)",22190,03,폐업,N,,N,,,,,,,,
N,,슈퍼스타,2012-12-13,169573.743984139,438940.700387916,유통관련업,노래연습장업,,2026-05-06 22:38:34,I,03,폐업,N,N,,,115.56,,,2,Y,6,2012-12-13 10:10:50,,2007-11-19,,인천광역시 미추홀구 용현동 194-1 2층,,42,CDFF3242052007000007,3510500,155,,,인천광역시 미추홀구 경인남길30번길 43-1 (용현동),,03,폐업,N,,N,,,,,,,,
,근린생활시설,차차차 노래연습장,2013-06-18,172592.754080043,438736.336656426,유통관련업,노래연습장업,,2026-05-06 22:38:34,I,03,폐업,,,,,123.04,,,,,,2013-06-18 16:41:43,,2007-12-24,,인천광역시 미추홀구 주안동 1563 지하1층 일부,,,CDFF3242052007000009,3510500,,,,"인천광역시 미추홀구 인주대로 488, 지하1층 (주안동)",,03,폐업,,,,,,,032-424-8877,,,,
Y,,써니 노래연습장,2014-11-21,171951.206897476,440140.881607861,유통관련업,노래연습장업,,2026-05-06 22:38:34,I,03,폐업,Y,Y,,,141.34,,3,,,5,2014-11-21 16:22:23,,2008-09-17,,인천광역시 미추홀구 주안동 111-11 3층,,32,CDFF3242052008000014,3510500,1,,,"인천광역시 미추홀구 주안중로50번길 15, 3층 (주안동)",,03,폐업,Y,,Y,,,,,,,,
Y,,궁 노래연습장,2013-10-31,171736.775567994,440083.94656986,유통관련업,노래연습장업,,2026-05-06 22:38:35,I,03,폐업,Y,Y,,,237.82,,,,,8,2013-10-31 17:07:31,,2008-11-21,,인천광역시 미추홀구 주안동 146-9 3층,,77,CDFF3242052008000020,3510500,1,,,"인천광역시 미추홀구 주안로104번길 29, 3층 (주안동)",,03,폐업,Y,,,,,,,,,,
Y,,연예인노래연습장,2012-06-14,167621.234006614,438896.10820967,유통관련업,노래연습장업,,2026-05-06 22:38:35,I,03,폐업,Y,Y,,,139.24,,,3,Y,6,2012-06-18 16:55:12,,2008-11-26,,인천광역시 미추홀구 용현동 619-12 3층,,60,CDFF3242052008000021,3510500,128,,,"인천광역시 미추홀구 낙섬서로20번길 3, 3층 (용현동)",,03,폐업,Y,,Y,,,,032-8134-1492,,,,
,근린생활시설,리치 노래연습장,2017-02-28,169377.589314102,439470.173175876,유통관련업,노래연습장업,,2026-05-06 22:38:35,I,03,폐업,,,,,232.54,,0,,,,2017-02-28 14:31:18,,2009-03-03,,인천광역시 미추홀구 용현동 490-79 지하2층,,,CDFF3242052009000002,3510500,,,일반상업지역,"인천광역시 미추홀구 독정이로 7, 지하2층 (용현동)",22179,03,폐업,,,,기타,,,032-816-0569,,0,0,
,근린생활시설,친구친구노래연습장,2020-03-10,170660.555492258,437604.327359777,유통관련업,노래연습장업,,2026-05-06 22:38:35,I,03,폐업,,,,,247.77,,,7,Y,,2020-03-16 11:22:02,,2009-03-26,,인천광역시 미추홀구 학익동 659-2 1층-2층,,,CDFF3242052009000003,3510500,,,일반주거지역,"인천광역시 미추홀구 매소홀로 425, 1~2층 (학익동)",22224,03,폐업,,,,기타,,,,,2,,
,근린생활시설,A+노래연습장,2020-03-10,170660.555492258,437604.327359777,유통관련업,노래연습장업,,2026-05-06 22:38:35,I,03,폐업,,,,,137,,,6,Y,6,2020-03-16 10:38:31,,2009-03-26,,인천광역시 미추홀구 학익동 659-2 3층,,,CDFF3242052009000004,3510500,,,일반주거지역,"인천광역시 미추홀구 매소홀로 425, 3층 (학익동)",22224,03,폐업,,,,,,,032-868-7978,,3,,
,근린생활시설,S노래연습장,2009-12-07,171816.67969388,440146.894356642,유통관련업,노래연습장업,,2026-05-06 22:38:35,I,03,폐업,,,,,149.22,,,,,,2009-12-07 09:14:28,,2009-05-04,,인천광역시 미추홀구 주안동 134-4,,,CDFF3242052009000009,3510500,,,상업지역,인천광역시 미추홀구 미추홀대로734번길 31  (주안동),,03,폐업,,,,,,,,,,,
,,진노래연습장,2012-04-04,167688.948269804,439065.226166071,유통관련업,노래연습장업,,2026-05-06 22:38:35,I,03,폐업,,,,,123.48,,2,,Y,,2012-05-25 13:16:33,,2009-05-21,,인천광역시 미추홀구 용현동 629-104 2층,,,CDFF3242052009000010,3510500,,,,"인천광역시 미추홀구 낙섬서로 41, 2층 (용현동)",,03,폐업,,,,,,,,,,,
,,노블레스 노래연습장,2017-08-09,171740.817189631,440097.97305867,유통관련업,노래연습장업,,2026-05-06 22:38:35,I,03,폐업,,,,,176.1,,,,,8,2017-08-09 17:37:45,,2009-09-30,,인천광역시 미추홀구 주안동 146-1 지하1층,,,CDFF3242052009000017,3510500,,,,"인천광역시 미추홀구 주안로104번길 27, 지하1층 (주안동)",22135,03,폐업,,,,,,,,,,,
,근린생활시설,이벤트 노래연습장,2015-04-16,171591.743070079,439925.760250838,유통관련업,노래연습장업,,2026-05-06 22:38:36,I,03,폐업,,,,,181.37,,,1,Y,5,2015-04-16 16:08:31,,2009-12-17,,인천광역시 미추홀구 주안동 211-1 지하1층,,,CDFF3242052009000021,3510500,,,일반상업지역,"인천광역시 미추홀구 석바위로 59-1, 지하1층 (주안동)",,03,폐업,,,,,,,032-876-7667,,,,
,근린생활시설,독도 노래연습장,2016-03-03,171432.172825152,438474.744104507,유통관련업,노래연습장업,,2026-05-06 22:38:36,I,03,폐업,,,,,70.18,,2,1,Y,,2016-03-04 13:50:08,,2010-02-11,,인천광역시 미추홀구 주안동 1318-10 2층,,,CDFF3242052010000002,3510500,,,일반주거지역,"인천광역시 미추홀구 인하로 268, 2층 (주안동)",22216,03,폐업,,,,,,,,,,,
,근린생활시설,조아조아노래연습장,2012-06-26,167585.824634715,438834.458107237,유통관련업,노래연습장업,,2026-05-06 22:38:36,I,03,폐업,,,,,111.46,,2,,,,2012-06-26 15:09:34,,2010-02-16,,인천광역시 미추홀구 용현동 627-198,,,CDFF3242052010000003,3510500,,,준주거지역,인천광역시 미추홀구 낙섬서로 16-1 (용현동),,03,폐업,,,,,,,,,,,
,,명품노래연습장,2022-10-21,172888.811974183,440221.19056717,유통관련업,노래연습장업,,2026-05-06 22:38:36,I,03,폐업,,,,,217.86,,2,,,6,2022-10-21 13:18:43,,2010-04-21,,인천광역시 미추홀구 주안동 46-1 2층,,,CDFF3242052010000009,3510500,,,준주거지역,인천광역시 미추홀구 주안로 219 (주안동),22142,03,폐업,,,,,,,,,,,
,,독도노래연습장,2010-12-23,170576.757176432,437709.645429008,유통관련업,노래연습장업,,2026-05-06 22:38:36,I,03,폐업,,,,,112.28,,3,,,,2010-12-23 14:51:17,,2010-05-13,,인천광역시 미추홀구 학익동 250-8,,,CDFF3242052010000010,3510500,,,일반주거지역,인천광역시 미추홀구 소성로 182  (학익동),,03,폐업,,,,,,,,,,,
,,로얄노래연습장,2012-03-26,172328.888521597,439700.140661711,유통관련업,노래연습장업,,2026-05-06 22:38:36,I,03,폐업,,,,,143.37,,,,Y,,2012-03-27 11:38:52,,2010-08-26,,인천광역시 미추홀구 주안동 1002-2,,,CDFF3242052010000013,3510500,,,,인천광역시 미추홀구 경원대로851번길 24  (주안동),,03,폐업,,,,,,,,,,1,
,,준 노래연습장,2012-06-21,167704.316538629,439091.077807402,유통관련업,노래연습장업,,2026-05-06 22:38:36,I,03,폐업,Y,,,,104.92,,,1,Y,5,2012-06-21 09:31:12,,2010-09-09,,인천광역시 미추홀구 용현동 629-100 2층호,,44,CDFF3242052010000014,3510500,120,,일반상업지역,인천광역시 미추홀구 토금중로 22 (용현동),,03,폐업,Y,,,기타,,,,,2,,
,근린생활시설,어게인 노래연습장,2012-02-29,172439.882878687,439715.277481402,유통관련업,노래연습장업,,2026-05-06 22:38:36,I,03,폐업,,,,,163.1,,,,,,2012-03-07 09:48:14,,2010-11-04,,인천광역시 미추홀구 주안동 1000-7,,,CDFF3242052010000017,3510500,,,근린상업지역,인천광역시 미추홀구 경원대로 853  (주안동),,03,폐업,,,,,,,,,,,
,근린생활시설,보석 노래연습장,2013-10-21,168810.456581833,439755.682405602,유통관련업,노래연습장업,,2026-05-06 22:38:36,I,03,폐업,,,,,145.73,,,,,,2013-10-21 14:59:23,,2011-01-03,,인천광역시 미추홀구 숭의동 294-1,,,CDFF3242052011000001,3510500,,,,인천광역시 미추홀구 독배로 449 (숭의동),,03,폐업,,,,,,,,,,,
,,1박2일 노래연습장,2024-04-02,170378.458014016,437801.917698511,유통관련업,노래연습장업,,2026-05-06 22:38:36,I,03,폐업,,,,,148.49,,,,,5,2024-04-02 10:59:28,,2011-02-07,,인천광역시 미추홀구 학익동 253-13,,,CDFF3242052011000002,3510500,,,,인천광역시 미추홀구 소성로 160 (학익동),22224,03,폐업,,,,,,,032-873-7610,,,,
,근린생활시설,가족 노래연습장,2016-08-16,172309.267451845,439665.334748428,유통관련업,노래연습장업,,2026-05-06 22:38:37,I,03,폐업,,,,,87.01,,,,,3,2016-08-16 16:53:35,,2011-05-04,,인천광역시 미추홀구 주안동 1004-2 2층,,,CDFF3242052011000008,3510500,,,,"인천광역시 미추홀구 경원대로851번길 27, 2층 (주안동)",22141,03,폐업,,,,,,,,,,,
,,스카이 노래연습장,2011-06-14,170483.160132395,438932.284209861,유통관련업,노래연습장업,,2026-05-06 22:38:37,I,03,폐업,,,,,198.27,,,,,,2012-05-10 17:08:57,,2011-05-18,,인천광역시 미추홀구 용현동 2-1 7층,,,CDFF3242052011000009,3510500,,,,인천광역시 미추홀구 한나루로 505 (용현동),,03,폐업,,,,,,,032-431-0714,,,,
,,SKY 노래연습장,2018-12-07,170483.160132395,438932.284209861,유통관련업,노래연습장업,,2026-05-06 22:38:37,I,03,폐업,,,,,198.27,,7,1,Y,6,2018-12-07 17:20:42,,2011-06-17,,인천광역시 미추홀구 용현동 2-1 조흥빌딩 7층,,,CDFF3242052011000012,3510500,,,,"인천광역시 미추홀구 한나루로 505, 7층 (용현동, 조흥빌딩)",22209,03,폐업,,,,,,,032-861-5111,,,,
,근린생활시설,세븐 노래연습장,2012-06-04,167656.74564873,438951.17226371,유통관련업,노래연습장업,,2026-05-06 22:38:37,I,03,폐업,,,,,140.85,,,,,,2012-06-04 09:30:55,,2011-08-22,,인천광역시 미추홀구 용현동 621-27 2층,,,CDFF3242052011000013,3510500,,,,"인천광역시 미추홀구 낙섬서로 30, 2층 (용현동)",,03,폐업,,,,,,,032-889-7422,,,,
,,시크릿 노래연습장,2012-06-12,167470.961743239,439069.386029437,유통관련업,노래연습장업,,2026-05-06 22:38:37,I,03,폐업,,,,,185.01,,,,,,2012-06-13 09:42:40,,2011-09-27,,인천광역시 미추홀구 용현동 629-75 풍성빌딩 지층,,,CDFF3242052011000014,3510500,,,,"인천광역시 미추홀구 아암대로 97, 지하1층 (용현동)",,03,폐업,,,,,,,,,,,
,,밴 노래연습장,2024-06-10,171053.975117271,438552.697041484,유통관련업,노래연습장업,,2026-05-06 22:38:37,I,03,폐업,,,,,247.2,,,3,,8,2024-06-10 17:04:47,,2011-10-20,,인천광역시 미추홀구 주안동 1420-46,,,CDFF3242052011000015,3510500,,,,"인천광역시 미추홀구 인하로 229, 2,3층 (주안동)",22214,03,폐업,,,,,,,,,,,
,,퀸 노래연습장,2013-10-31,172380.086118172,439794.15910332,유통관련업,노래연습장업,,2026-05-06 22:38:37,I,03,폐업,,,,,130.97,,,,,,2013-10-31 17:07:06,,2011-11-16,,인천광역시 미추홀구 주안동 993-12 J빌딩 지하1층,,,CDFF3242052011000016,3510500,,,,"인천광역시 미추홀구 석바위로 141, 지하1층 (주안동, J빌딩)",,03,폐업,,,,,,,,,,,
Y,근린생활시설,스칼렛 노래연습장,2018-10-04,171494.497089141,437552.586410849,유통관련업,노래연습장업,,2026-05-06 22:38:38,I,03,폐업,Y,,,,203.93,,2,0,,6,2018-10-04 11:27:15,,2012-04-26,,인천광역시 미추홀구 문학동 329-6 2층,,41,CDFF3242052012000003,3510500,2,,일반주거지역,"인천광역시 미추홀구 매소홀로 507, 2층 (문학동)",22231,03,폐업,Y,,,주택가주변,,,032-423-6222,,4,,
,근린생활시설,원 노래연습장,2025-04-29,170285.125419095,437940.384335818,유통관련업,노래연습장업,,2026-05-06 22:38:38,I,03,폐업,,,,,82.12,,2,,,3,2025-04-29 14:39:06,,2012-08-28,,인천광역시 미추홀구 학익동 270-3 205호,,,CDFF3242052012000009,3510500,,,일반상업지역,"인천광역시 미추홀구 한나루로 400, 2층 205호 (학익동)",22219,03,폐업,,,,기타,,,,,2,,
,근린생활시설,로즈 노래연습장,2018-08-23,172354.31607046,439796.805216436,유통관련업,노래연습장업,,2026-05-06 22:38:38,I,03,폐업,,,,,167.59,,3,,,5,2018-08-23 13:23:09,,2012-08-31,,인천광역시 미추홀구 주안동 993-10 2층,,,CDFF3242052012000010,3510500,,,상업지역,"인천광역시 미추홀구 석바위로 139, 2층 (주안동)",22134,03,폐업,,,,유흥업소밀집지역,,,,,2,1,
Y,근린생활시설,파낙스 노래연습장,2019-08-22,172688.252194664,439427.466202269,유통관련업,노래연습장업,,2026-05-06 22:38:38,I,03,폐업,Y,Y,,,88.75,,3,2,Y,4,2019-08-22 17:32:43,,2012-12-12,,인천광역시 미추홀구 주안동 1544-3 지하1층,,63,CDFF3242052012000020,3510500,2,,일반주거지역,"인천광역시 미추홀구 구월로8번길 18-22, 지하1층 (주안동)",22146,03,폐업,Y,,,주택가주변,,,,,4,1,
Y,근린생활시설,힐링 노래연습장,2019-08-22,172688.252194664,439427.466202269,유통관련업,노래연습장업,,2026-05-06 22:38:38,I,03,폐업,Y,Y,,,87.5,,3,2,Y,4,2019-08-22 17:32:23,,2012-12-12,,인천광역시 미추홀구 주안동 1544-3 2층,,55,CDFF3242052012000021,3510500,1,,일반주거지역,"인천광역시 미추홀구 구월로8번길 18-22, 2층 (주안동)",22146,03,폐업,Y,,,주택가주변,,,,,4,1,
Y,근린생활시설,스마트 노래연습장,2019-08-22,172688.252194664,439427.466202269,유통관련업,노래연습장업,,2026-05-06 22:38:38,I,03,폐업,Y,Y,,,87.5,,3,2,Y,3,2019-08-22 17:32:34,,2012-12-12,,인천광역시 미추홀구 주안동 1544-3 1층,,67,CDFF3242052012000022,3510500,1,,주거지역,"인천광역시 미추홀구 구월로8번길 18-22, 1층 (주안동)",22146,03,폐업,Y,,,주택가주변,,,,,4,1,
Y,근린생활시설,아인스 노래연습장,2019-08-22,172688.252194664,439427.466202269,유통관련업,노래연습장업,,2026-05-06 22:38:38,I,03,폐업,Y,Y,,,69.15,,3,2,Y,4,2019-08-22 17:32:52,,2012-12-12,,인천광역시 미추홀구 주안동 1544-3 3층,,59,CDFF3242052012000023,3510500,2,,일반주거지역,"인천광역시 미추홀구 구월로8번길 18-22, 3층 (주안동)",22146,03,폐업,Y,,,주택가주변,,,,,4,1,
Y,근린생활시설,스타 노래연습장,2018-05-21,169573.743984139,438940.700387916,유통관련업,노래연습장업,,2026-05-06 22:38:38,I,03,폐업,Y,Y,,,115.56,,3,,,6,2018-05-21 15:53:24,,2013-02-04,,인천광역시 미추홀구 용현동 194-1 2층,,53,CDFF3242052013000001,3510500,1,,일반주거지역,"인천광역시 미추홀구 경인남길30번길 43-1, 2층 (용현동)",22207,03,폐업,Y,,,학교정화(상대),,,070-8272-2705,,5,2,
,근린생활시설,축제 노래연습장,2018-08-10,172293.440318932,439743.904064114,유통관련업,노래연습장업,,2026-05-06 22:38:38,I,03,폐업,Y,Y,,,176.41,,,1,Y,8,2020-04-03 16:44:02,,2013-03-25,,인천광역시 미추홀구 주안동 996-3 지하1층,,51,CDFF3242052013000004,3510500,1,,일반상업지역,"인천광역시 미추홀구 경인로425번길 30, 지하1층 (주안동)",22141,03,폐업,Y,,,학교정화(상대),,,032-438-5900,,4,1,
,근린생활시설,훼미리 노래연습장,2019-07-06,172374.085808489,439662.422756192,유통관련업,노래연습장업,,2026-05-06 22:38:38,I,03,폐업,Y,Y,,,174.57,,2,,,6,2019-07-25 15:22:36,,2013-08-23,,인천광역시 미추홀구 주안동 1004-7 2층,,48,CDFF3242052013000011,3510500,1,,일반상업지역,"인천광역시 미추홀구 경원대로851번길 13, 2층 (주안동)",22141,03,폐업,Y,,,유흥업소밀집지역,,,032-439-5430,,,,
Y,근린생활시설,골든벨 노래연습장,2015-09-02,172214.789417232,439771.929406436,유통관련업,노래연습장업,,2026-05-06 22:38:38,I,03,폐업,Y,Y,,,149.91,,,,,4,2015-09-02 17:45:24,,2013-10-15,,인천광역시 미추홀구 주안동 66-15 지하1층,,31,CDFF3242052013000012,3510500,120,,일반상업지역,"인천광역시 미추홀구 석바위로 126, 지하1층 (주안동)",22141,03,폐업,Y,,,학교정화(상대),,,032-421-0814,,,1,
,근린생활시설,스카이 노래연습장,2019-02-26,172743.930888048,439670.959418261,유통관련업,노래연습장업,,2026-05-06 22:38:39,I,03,폐업,Y,Y,,,105.08,,3,,,6,2019-02-26 14:07:41,,2014-04-17,,인천광역시 미추홀구 주안동 1588-11 지하1층,,34,CDFF3242052014000001,3510500,1,,,"인천광역시 미추홀구 경인로 476, 지하1층 (주안동)",22145,03,폐업,Y,,,유흥업소밀집지역,,,,,3,1,
,,에코 노래연습장,2016-07-04,167544.080654512,439020.232484942,유통관련업,노래연습장업,,2026-05-06 22:38:39,I,03,폐업,Y,Y,,,209.17,,2,,,6,2016-07-05 11:31:33,,2014-05-26,,인천광역시 미추홀구 용현동 629-18 2층,,58,CDFF3242052014000002,3510500,2,,,"인천광역시 미추홀구 토금남로 11, 2층 (용현동)",22186,03,폐업,Y,,,학교정화(상대),,,,,,,
,근린생활시설,향수 노래연습장,2020-05-25,172507.979320819,439705.568883993,유통관련업,노래연습장업,,2026-05-06 22:38:39,I,03,폐업,Y,Y,,,161.04,,4,,,6,2020-05-28 20:37:17,,2014-10-08,,인천광역시 미추홀구 주안동 951-9 2층,,90,CDFF3242052014000006,3510500,1,,상업지역,"인천광역시 미추홀구 경원대로858번길 6, 2층 (주안동)",22144,03,폐업,Y,,,유흥업소밀집지역,,,032-425-3240,,5,1,
,,센스코인 노래연습장,2020-05-13,169591.513301871,438969.745589817,유통관련업,노래연습장업,,2026-05-06 22:38:39,I,03,폐업,,,,,87.72,,,1,Y,10,2020-05-13 18:12:17,,2016-02-26,,인천광역시 미추홀구 용현동 195-12 2층,,,CDFF3242052016000004,3510500,,,,"인천광역시 미추홀구 인하로67번길 24-27, 2층 (용현동)",22207,03,폐업,,,,,,,,,,,
,,수목원 노래연습장,2024-02-07,171782.137284915,440097.646378189,유통관련업,노래연습장업,,2026-05-06 22:38:39,I,03,폐업,,,,,145.6,,,,,5,2024-02-07 10:07:04,,2016-07-21,,인천광역시 미추홀구 주안동 146-4 지하층,,,CDFF3242052016000010,3510500,,,,"인천광역시 미추홀구 주안중로43번길 14-1, 지하층 (주안동)",22135,03,폐업,,,,,,,,,,,
,,석바위역5코인 노래연습장,2017-04-19,172421.972407144,439636.393706906,유통관련업,노래연습장업,,2026-05-06 22:38:39,I,03,폐업,,,,,140.47,,,7,Y,20,2017-04-19 17:44:01,,2016-10-11,,인천광역시 미추홀구 주안동 1005-4 1층 101호,,,CDFF3242052016000014,3510500,,,,"인천광역시 미추홀구 경원대로 847, 1층 101호 (주안동)",22141,03,폐업,,,,,,,,,,,
,,코인싱어 동전노래연습장,2022-03-16,167588.32219377,438638.639099924,유통관련업,노래연습장업,,2026-05-06 22:38:39,I,03,폐업,,,,,119.83,,,2,Y,16,2022-06-22 11:26:04,,2017-02-20,,인천광역시 미추홀구 용현동 627-340 2층,,,CDFF3242052017000002,3510500,,,,"인천광역시 미추홀구 매소홀로 79, 2층 (용현동)",22190,03,폐업,,,,,,,,,,,
,,구디구디 노래연습장,2018-04-24,172328.888521597,439700.140661711,유통관련업,노래연습장업,,2026-05-06 22:38:40,I,03,폐업,,,,,75.07,,,,,2,2018-04-24 14:06:47,,2017-03-14,,인천광역시 미추홀구 주안동 1002-2 2층,,,CDFF3242052017000005,3510500,,,,"인천광역시 미추홀구 경원대로851번길 24, 2층 (주안동)",22141,03,폐업,,,,,,,,,,,
,,착한 노래연습장,2020-08-25,172373.095985698,439645.153608218,유통관련업,노래연습장업,,2026-05-06 22:38:40,I,03,폐업,,,,,75.32,,,,,3,2020-08-25 14:12:47,,2017-06-01,,인천광역시 미추홀구 주안동 1004-12 2층,,,CDFF3242052017000009,3510500,,,,"인천광역시 미추홀구 경인로435번길 11, 2층 (주안동)",22141,03,폐업,,,,,,,,,,,
,,백악관노래연습장,2020-08-25,172170.621204141,439619.561963288,유통관련업,노래연습장업,,2026-05-06 22:38:40,I,03,폐업,,,,,116.76,,,,,4,2020-08-25 14:12:56,,2018-07-13,,인천광역시 미추홀구 주안동 72-6,,,CDFF3242052018000004,3510500,,,,"인천광역시 미추홀구 경인로 415, 1층 (주안동)",22141,03,폐업,,,,,,,,,,,
,,궁전 노래연습장,2024-11-12,170507.836620804,438995.96640948,유통관련업,노래연습장업,,2026-05-06 22:38:40,I,03,폐업,,,,,86.99,,,,,2,2024-11-12 10:20:09,,2019-07-29,,인천광역시 미추홀구 주안동 678-5 현수빌딩,,,CDFF3242052019000003,3510500,,,,"인천광역시 미추홀구 한나루로 511, 지하층 (주안동)",22157,03,폐업,,,,,,,,,,,
N,,월드노래연습장,2004-12-03,170192.544967754,439300.311833471,유통관련업,노래연습장업,,2026-05-06 22:37:57,I,03,폐업,N,N,,,,,,,N,,2004-12-03 08:48:03,,1999-06-11,402-818,인천광역시 미추홀구 용현동 113-2,,,CDFF3242051999000001,3510500,,,,,,03,폐업,N,,N,,,,,,,,
N,,소양강노래연습장,2004-08-06,171613.348347756,438603.178511742,유통관련업,노래연습장업,,2026-05-06 22:37:57,I,03,폐업,N,N,,,,,,,N,,2004-08-07 09:20:38,,1999-06-11,402-858,인천광역시 미추홀구 주안동 1465-2,,,CDFF3242051999000004,3510500,,,,인천광역시 미추홀구 미추홀대로 582  (주안동),,03,폐업,N,,N,,,,,,,,
N,,삐삐노래연습장,2011-12-19,171718.85857089,440187.550924931,유통관련업,노래연습장업,,2026-05-06 22:37:57,I,03,폐업,N,N,,,,,,,,,2011-12-20 08:55:42,,1999-11-16,,인천광역시 미추홀구 주안동 140-7,,,CDFF3242051999000005,3510500,,,,인천광역시 미추홀구 주안로104번길 12  (주안동),,03,폐업,N,,N,,,,,,,,
N,,나의 노래연습장,2023-08-22,171492.944027889,438190.107896265,유통관련업,노래연습장업,,2026-05-06 22:37:58,I,03,폐업,N,N,,,84.77,,,,,4,2023-08-22 16:06:33,,1999-06-15,,인천광역시 미추홀구 주안동 1311-39 지하층,,,CDFF3242051999000006,3510500,,,,"인천광역시 미추홀구 미추홀대로 537, 지하층 (주안동)",22216,03,폐업,N,,N,,,,032-874-9393,,,,
N,,데몰레이션노래연습장,2002-09-11,171711.012761654,440121.406013881,유통관련업,노래연습장업,,2026-05-06 22:37:58,I,03,폐업,N,N,,,,,,,N,,2005-01-21 15:19:03,,1999-12-16,402-835,인천광역시 미추홀구 주안동 143-1,,,CDFF3242051999000007,3510500,,,,인천광역시 미추홀구 주안로104번길 24  (주안동),,03,폐업,N,,N,,,,,,,,
N,,딩동댕노래연습장,2007-07-12,171711.012761654,440121.406013881,유통관련업,노래연습장업,,2026-05-06 22:37:58,I,03,폐업,N,N,,,,,,,N,,2007-10-29 14:33:58,,1999-06-16,402-835,인천광역시 미추홀구 주안동 143-1,,,CDFF3242051999000008,3510500,,,,인천광역시 미추홀구 주안로104번길 24  (주안동),,03,폐업,N,,N,,,,,,,,
N,,63 노래연습장,2012-08-31,171740.817189631,440097.97305867,유통관련업,노래연습장업,,2026-05-06 22:37:58,I,03,폐업,N,N,,,86.39,,,,,,2012-08-31 09:14:55,,1999-06-18,,인천광역시 미추홀구 주안동 146-1,,,CDFF3242051999000010,3510500,,,,인천광역시 미추홀구 주안로104번길 27 (주안동),,03,폐업,N,,N,,,,,,,,
N,,투투 노래연습장,2007-04-13,171748.154642344,440210.508369313,유통관련업,노래연습장업,,2026-05-06 22:37:58,I,03,폐업,N,N,,,,,,,N,,2007-05-25 17:48:38,,1999-06-19,402-835,인천광역시 미추홀구 주안동 139-5,,,CDFF3242051999000011,3510500,,,,인천광역시 미추홀구 주안로104번길 5  (주안동),,03,폐업,N,,N,,,,,,,,
N,,칸노래연습장,2013-10-14,171738.829018516,440121.516696307,유통관련업,노래연습장업,,2026-05-06 22:37:58,I,03,폐업,N,N,,,183.69,,,1,Y,9,2013-10-14 13:37:05,,1999-06-19,,인천광역시 미추홀구 주안동 145-1 지하층,,,CDFF3242051999000012,3510500,,,,"인천광역시 미추홀구 주안로104번길 21, 지하층 (주안동)",,03,폐업,N,,N,,,,,,,,
N,,우리 노래연습장,2020-02-05,171624.81729837,438123.694669257,유통관련업,노래연습장업,,2026-05-06 22:37:59,I,03,폐업,N,N,,,94.04,,,3,Y,6,2020-02-05 17:29:46,,1999-06-25,,인천광역시 미추홀구 주안동 1282-9 지하층,,,CDFF3242051999000016,3510500,,,,"인천광역시 미추홀구 주승로 85-6, 지하층 (주안동)",22230,03,폐업,N,,N,,,,032-441-6218,,,,
N,,SS노래연습장,2025-03-20,172155.542225782,439850.938901796,유통관련업,노래연습장업,,2026-05-06 22:37:59,I,03,폐업,Y,N,,,115.56,,,1,,5,2025-03-20 13:46:33,,1999-06-28,,인천광역시 미추홀구 주안동 61-24 지하,,,CDFF3242051999000017,3510500,,,,"인천광역시 미추홀구 주안동로26번길 4, 지하층 (주안동)",22134,03,폐업,Y,,Y,,,,,,,,
N,,엄지 노래연습장,2006-12-28,171572.992743511,438800.465913218,유통관련업,노래연습장업,,2026-05-06 22:37:59,I,03,폐업,N,N,,,,,,,N,,2007-01-02 15:20:48,,1999-06-28,402-852,인천광역시 미추홀구 주안동 1457-8,,,CDFF3242051999000018,3510500,,,,인천광역시 미추홀구 미추홀대로 599  (주안동),,03,폐업,N,,N,,,,,,,,
N,,신바람 노래연습장,2017-05-15,172620.508038193,439509.963348317,유통관련업,노래연습장업,,2026-05-06 22:37:59,I,03,폐업,N,N,,,,,,,,,2017-05-15 16:58:14,,1999-06-30,,인천광역시 미추홀구 주안동 1543,,,CDFF3242051999000019,3510500,,,,인천광역시 미추홀구 경원대로834번길 27-12 (주안동),22146,03,폐업,N,,N,,,,,,,,
N,,아싸 노래연습장,2019-07-01,169395.074850513,439494.367853941,유통관련업,노래연습장업,,2026-05-06 22:38:00,I,03,폐업,N,N,,,39.2,,,4,Y,,2019-07-02 10:18:55,,1999-07-21,,인천광역시 미추홀구 용현동 490-14,,,CDFF3242051999000020,3510500,,,,인천광역시 미추홀구 독정이로 12 (용현동),22180,03,폐업,N,,N,,,,,,,,
N,,영타운 노래연습장,2003-12-12,171752.372103352,440126.905391132,유통관련업,노래연습장업,,2026-05-06 22:38:00,I,03,폐업,N,N,,,,,,,N,,2003-12-12 15:42:24,,1999-07-05,402-835,인천광역시 미추홀구 주안동 145-5,,,CDFF3242051999000021,3510500,,,,인천광역시 미추홀구 미추홀대로734번길 20  (주안동),,03,폐업,N,,N,,,,,,,,
N,,보너스 노래연습장,2019-12-03,171973.276278814,439582.347221938,유통관련업,노래연습장업,,2026-05-06 22:38:00,I,03,폐업,N,N,,,82.5,,,,Y,4,2019-12-03 17:10:36,,1999-07-12,,인천광역시 미추홀구 주안동 409-7,,,CDFF3242051999000022,3510500,,,,인천광역시 미추홀구 경인로 394 (주안동),22148,03,폐업,N,,N,,,,032-425-1982,,,,
N,,청송 노래연습장,2018-06-15,167506.599126924,438762.162048124,유통관련업,노래연습장업,,2026-05-06 22:38:00,I,03,폐업,N,N,,,163.37,,,1,Y,5,2018-06-15 13:12:51,,1999-11-11,,인천광역시 미추홀구 용현동 627-432 지하층,,,CDFF3242051999000025,3510500,,,,"인천광역시 미추홀구 낙섬서로 7-3, 지하층 (용현동)",22190,03,폐업,N,,N,,,,,,,,
N,,토지 노래연습장,2007-05-25,167650.665010005,438675.434734687,유통관련업,노래연습장업,,2026-05-06 22:38:00,I,03,폐업,N,N,,,,,,,N,,2007-05-25 17:45:57,,1999-11-11,402-834,인천광역시 미추홀구 용현동 627-341,,,CDFF3242051999000026,3510500,,,,인천광역시 미추홀구 낙섬서로10번길 28  (용현동),,03,폐업,N,,N,,,,,,,,
N,,공일오비 노래연습장,2012-06-15,172928.946641855,440200.003916183,유통관련업,노래연습장업,,2026-05-06 22:38:00,I,03,폐업,N,N,,,,,,,,5,2012-06-15 15:10:29,,1999-07-14,,인천광역시 미추홀구 주안동 49-1,,30,CDFF3242051999000027,3510500,1,,,인천광역시 미추홀구 석산로 12 (주안동),,03,폐업,N,,N,,,,,,,,
N,,스타 노래연습장,2006-04-25,168614.480727601,440282.404625016,유통관련업,노래연습장업,,2026-05-06 22:38:00,I,03,폐업,N,N,,,,,,,N,,2006-04-25 18:07:47,,1999-12-22,402-816,인천광역시 미추홀구 숭의동 159-17,,,CDFF3242051999000028,3510500,,,,인천광역시 미추홀구 미추로 47  (숭의동),,03,폐업,N,,N,,,,,,,,
N,,금마차 노래연습장,2012-08-20,168571.670046223,440130.329126292,유통관련업,노래연습장업,,2026-05-06 22:38:00,I,03,폐업,N,N,,,90.91,,,,,,2012-08-22 11:18:33,,1999-07-20,,인천광역시 미추홀구 숭의동 166-17,,,CDFF3242051999000029,3510500,,,,인천광역시 미추홀구 미추로35번길 23 (숭의동),,03,폐업,N,,N,,,,,,,,
N,,코코 노래연습장,2007-11-07,168680.730651849,440115.910695995,유통관련업,노래연습장업,,2026-05-06 22:38:01,I,03,폐업,N,N,,,,,,,N,,2007-11-07 18:14:58,,1999-07-20,402-817,인천광역시 미추홀구 숭의동 165-60,,,CDFF3242051999000030,3510500,,,,인천광역시 미추홀구 미추로 29  (숭의동),,03,폐업,N,,N,,,,,,,,
N,,골든 노래연습장,2023-11-27,168721.388196404,440763.719947425,유통관련업,노래연습장업,,2026-05-06 22:38:01,I,03,폐업,N,N,,,,,,,,7,2023-11-27 13:28:12,,1999-10-13,,인천광역시 미추홀구 숭의동 103-12,,,CDFF3242051999000032,3510500,,,,인천광역시 미추홀구 석정로 107 (숭의동),22104,03,폐업,N,,N,,,,,,,,
N,,환상 노래연습장,2002-03-26,169667.121143904,439191.148676984,유통관련업,노래연습장업,,2026-05-06 22:38:01,I,03,폐업,N,N,,,,,,,N,,2004-07-23 14:24:52,,1999-07-20,402-822,인천광역시 미추홀구 용현동 151-12,,,CDFF3242051999000033,3510500,,,,인천광역시 미추홀구 인주대로198번길 21  (용현동),,03,폐업,N,,N,,,,,,,,
N,,팽고팽고 노래연습장,2012-01-30,168283.459817683,439508.015156895,유통관련업,노래연습장업,,2026-05-06 22:38:01,I,03,폐업,N,N,,,,,,,,,2012-01-30 14:02:50,,1999-07-20,,인천광역시 미추홀구 용현동 557-41,,,CDFF3242051999000035,3510500,,,,인천광역시 미추홀구 낙섬중로 114  (용현동),,03,폐업,N,,N,,,,,,,,
N,,용현 노래연습장,2012-08-22,168842.779423856,439205.184733145,유통관련업,노래연습장업,,2026-05-06 22:38:01,I,03,폐업,N,N,,,,,,,,,2012-08-22 18:00:39,,1999-07-23,,인천광역시 미추홀구 용현동 351-3,,,CDFF3242051999000037,3510500,,,,인천광역시 미추홀구 독배로 387 (용현동),,03,폐업,N,,N,,,,,,,,
N,,오성 노래연습장,2005-01-20,169366.265025676,439489.198414424,유통관련업,노래연습장업,,2026-05-06 22:38:01,I,03,폐업,N,N,,,,,,,N,,2005-01-20 09:44:01,,1999-10-01,402-831,인천광역시 미추홀구 용현동 490-31,,,CDFF3242051999000039,3510500,,,,인천광역시 미추홀구 독정이로 11  (용현동),,03,폐업,N,,N,,,,,,,,
N,,요지경 노래연습장,2005-01-24,169279.430704624,439678.960809414,유통관련업,노래연습장업,,2026-05-06 22:38:01,I,03,폐업,N,N,,,,,,,N,,2005-01-24 16:26:42,,1999-07-20,402-831,인천광역시 미추홀구 용현동 492-9,,,CDFF3242051999000040,3510500,,,,인천광역시 미추홀구 독정이로33번길 3  (용현동),,03,폐업,N,,N,,,,,,,,
N,,나사 노래연습장,2002-03-04,169622.266457107,438988.206205227,유통관련업,노래연습장업,,2026-05-06 22:38:01,I,03,폐업,N,N,,,,,,,N,,2004-07-23 14:35:35,,1999-07-20,402-825,인천광역시 미추홀구 용현동 195-20,,,CDFF3242051999000041,3510500,,,,인천광역시 미추홀구 인하로77번길 29  (용현동),,03,폐업,N,,N,,,,,,,,
N,,대학 노래연습장,2019-11-21,169618.538233991,438973.191027243,유통관련업,노래연습장업,,2026-05-06 22:38:02,I,03,폐업,N,N,,,100,,,,Y,,2019-11-21 17:28:03,,1999-07-20,,인천광역시 미추홀구 용현동 195-15,,,CDFF3242051999000042,3510500,,,,인천광역시 미추홀구 인하로77번길 27 (용현동),22207,03,폐업,N,,N,,,,,,,,
N,,참피온 노래연습장,2021-09-29,170447.641972804,438199.052499446,유통관련업,노래연습장업,,2026-05-06 22:38:02,I,03,폐업,N,N,,,90.09,,,,,4,2021-09-30 10:36:15,,1999-07-20,,인천광역시 미추홀구 학익동 285-2 지하1층,,,CDFF3242051999000045,3510500,,,,"인천광역시 미추홀구 한나루로434번길 8, 지하1층 (학익동)",22219,03,폐업,N,,N,,,,,,,,
N,,또또 노래연습장,2007-05-17,,,유통관련업,노래연습장업,,2026-05-06 22:38:02,I,03,폐업,N,N,,,,,,,N,,2007-05-21 13:11:30,,1999-08-18,402-811,인천광역시 미추홀구 도화동 631-8,,,CDFF3242051999000047,3510500,,,,인천광역시 미추홀구 수봉북로 6  (도화동),,03,폐업,N,,N,,,,,,,,
N,,갈무리 노래연습장,2010-04-05,,,유통관련업,노래연습장업,,2026-05-06 22:38:02,I,03,폐업,N,N,,,,,,,N,,2010-04-05 17:51:21,,1999-08-28,402-806,인천광역시 미추홀구 도화동 74-29,,,CDFF3242051999000048,3510500,,,,인천광역시 미추홀구 석정로 251  (도화동),,03,폐업,N,,N,,,,,,,,
N,,도화 노래연습장,2010-06-15,,,유통관련업,노래연습장업,,2026-05-06 22:38:02,I,03,폐업,N,N,,,,,,,N,,2010-06-15 09:59:35,,1999-08-10,402-806,인천광역시 미추홀구 도화동 74-22,,,CDFF3242051999000049,3510500,,,,인천광역시 미추홀구 석정로 245  (도화동),,03,폐업,N,,N,,,,,,,,
N,,강변 노래연습장,2007-12-31,169685.703270473,440670.835446378,유통관련업,노래연습장업,,2026-05-06 22:38:02,I,03,폐업,N,N,,,,,,,N,,2008-01-03 17:49:16,,1999-10-06,402-806,인천광역시 미추홀구 도화동 89-30,,,CDFF3242051999000050,3510500,,,,인천광역시 미추홀구 석정로 204  (도화동),,03,폐업,N,,N,,,,,,,,
N,,고운소리 노래연습장,2005-01-26,171666.144926737,439900.805372361,유통관련업,노래연습장업,,2026-05-06 22:38:02,I,03,폐업,N,N,,,,,,,N,,2005-01-26 15:46:48,,1999-07-20,402-835,인천광역시 미추홀구 주안동 173-15,,,CDFF3242051999000052,3510500,,,,인천광역시 미추홀구 석바위로 68  (주안동),,03,폐업,N,,N,,,,,,,,
N,,산울림 노래연습장,2018-12-06,171566.197140892,440130.775544239,유통관련업,노래연습장업,,2026-05-06 22:38:03,I,03,폐업,N,N,,,118.56,,,9,Y,9,2018-12-06 17:37:20,,1999-11-18,,인천광역시 미추홀구 주안동 221-1,,,CDFF3242051999000054,3510500,,,,인천광역시 미추홀구 주안로90번길 24 (주안동),22136,03,폐업,N,,N,,,,,,,,
N,,티파니 노래연습장,2002-01-21,171783.739169092,440151.808937565,유통관련업,노래연습장업,,2026-05-06 22:38:03,I,03,폐업,N,N,,,,,,,N,,2005-01-21 15:13:13,,1999-07-20,402-835,인천광역시 미추홀구 주안동 137-4,,,CDFF3242051999000056,3510500,,,,인천광역시 미추홀구 미추홀대로734번길 23  (주안동),,03,폐업,N,,N,,,,,,,,
N,,만남 노래연습장,2018-12-06,171134.578486383,438920.318186737,유통관련업,노래연습장업,,2026-05-06 22:38:03,I,03,폐업,N,N,,,178.2,,,,,,2018-12-06 13:46:59,,1999-10-05,,인천광역시 미추홀구 주안동 1423-30 지하1층,,,CDFF3242051999000057,3510500,,,,"인천광역시 미추홀구 인주대로 341, 지하1층 (주안동)",22159,03,폐업,N,,N,,,,032-873-9334,,,,
N,,25시 노래연습장,2006-12-28,170546.891050579,438548.59270363,유통관련업,노래연습장업,,2026-05-06 22:38:03,I,03,폐업,N,N,,,,,,,N,,2007-01-02 15:19:54,,1999-08-10,402-200,인천광역시 미추홀구 주안동 1371-1,,,CDFF3242051999000061,3510500,,,,인천광역시 미추홀구 한나루로 468  (주안동),,03,폐업,N,,N,,,,,,,,
N,,멜로디 노래연습장,2007-12-31,171971.673870754,439544.590624832,유통관련업,노래연습장업,,2026-05-06 22:38:03,I,03,폐업,N,N,,,,,,,N,,2008-01-03 17:54:22,,1999-08-02,402-843,인천광역시 미추홀구 주안동 409-9,,,CDFF3242051999000062,3510500,,,,인천광역시 미추홀구 동주길135번길 20-12  (주안동),,03,폐업,N,,N,,,,,,,,
N,,앵무새 노래연습장,2007-11-21,172373.09262641,439526.219453307,유통관련업,노래연습장업,,2026-05-06 22:38:04,I,03,폐업,N,N,,,,,,,N,,2007-11-21 17:57:07,,1999-12-03,402-840,인천광역시 미추홀구 주안동 300-16,,,CDFF3242051999000065,3510500,,,,인천광역시 미추홀구 경인로438번길 8  (주안동),,03,폐업,N,,N,,,,,,,,
N,,영프라자,2007-04-04,172664.486557846,438796.071544063,유통관련업,노래연습장업,,2026-05-06 22:38:05,I,03,폐업,N,N,,,115.5,,,,N,,2007-04-04 15:28:55,,1999-07-20,402-859,인천광역시 미추홀구 주안동 1562-13,,,CDFF3242051999000066,3510500,,,,인천광역시 미추홀구 인주대로 495  (주안동),,03,폐업,N,,N,,,,,,,,
N,,딩동댕 노래연습장,2025-06-02,171992.794246711,440547.532171748,유통관련업,노래연습장업,,2026-05-06 22:38:05,I,03,폐업,N,N,,,138.96,,,,,,2025-06-02 14:11:29,,1999-10-26,,인천광역시 미추홀구 주안동 19-23,,,CDFF3242051999000067,3510500,,,,인천광역시 미추홀구 석정로 437 (주안동),22124,03,폐업,N,,N,,,,,,,,
N,,빌보드 노래연습장,2010-09-30,171575.834730522,440469.450301891,유통관련업,노래연습장업,,2026-05-06 22:38:06,I,03,폐업,N,N,,,,,,,N,,2010-09-30 11:18:26,,1999-11-16,402-836,인천광역시 미추홀구 주안동 24-68,,,CDFF3242051999000069,3510500,,,,인천광역시 미추홀구 염창로 49  (주안동),,03,폐업,N,,N,,,,,,,,
N,,봉봉 노래연습장,2023-09-07,172270.911860097,439690.961760896,유통관련업,노래연습장업,,2026-05-06 22:38:07,I,03,폐업,N,N,,,163.2,,,1,Y,5,2023-09-08 09:18:30,,1999-08-23,,인천광역시 미추홀구 주안동 69-24 3층,,,CDFF3242051999000070,3510500,,,,"인천광역시 미추홀구 경인로425번길 19, 3층 (주안동)",22141,03,폐업,N,,N,,,,,,,,
N,,궁 노래연습장,2025-06-24,172847.125445334,440200.492428585,유통관련업,노래연습장업,,2026-05-06 22:38:07,I,03,폐업,N,N,,,181.5,,,2,Y,7,2025-06-24 14:14:11,,1999-07-20,,인천광역시 미추홀구 주안동 49-11 지하층,,,CDFF3242051999000071,3510500,,,,"인천광역시 미추홀구 주안로 215, 지하층 (주안동)",22142,03,폐업,N,,N,,,,032-437-7050,,,,
N,,만남 노래연습장,2007-06-04,172488.723439954,439740.46942945,유통관련업,노래연습장업,,2026-05-06 22:38:07,I,03,폐업,N,N,,,,,,,N,,2007-06-04 11:03:06,,1999-07-20,402-848,인천광역시 미추홀구 주안동 939-38,,,CDFF3242051999000072,3510500,,,,인천광역시 미추홀구 경원대로 858  (주안동),,03,폐업,N,,N,,,,,,,,
N,,미성 노래연습장,2007-12-31,172782.96806557,439787.62517815,유통관련업,노래연습장업,,2026-05-06 22:38:07,I,03,폐업,N,N,,,,,,,N,,2008-01-03 17:54:59,,1999-07-20,402-848,인천광역시 미추홀구 주안동 920-1,,,CDFF3242051999000073,3510500,,,,인천광역시 미추홀구 경인로485번길 7  (주안동),,03,폐업,N,,N,,,,,,,,
N,,브아이피 노래연습장,2007-12-31,168392.856004625,440117.700362139,유통관련업,노래연습장업,,2026-05-06 22:38:08,I,03,폐업,N,N,,,,,,,N,,2008-01-03 17:34:35,,1999-07-20,402-816,인천광역시 미추홀구 숭의동 162-13,,,CDFF3242051999000078,3510500,,,,인천광역시 미추홀구 경인로 1  (숭의동),,03,폐업,N,,N,,,,,,,,
N,,오렌지노래연습장,2016-06-08,169664.292138863,439055.253415619,유통관련업,노래연습장업,,2026-05-06 22:38:08,I,03,폐업,N,N,,,262.01,,,11,Y,11,2016-06-09 17:38:53,,1999-07-20,,인천광역시 미추홀구 용현동 170-2,,,CDFF3242051999000079,3510500,,,,인천광역시 미추홀구 인하로47번길 73 (용현동),22207,03,폐업,N,,N,,,,,,,,
N,,베스트 노래연습장,2009-02-19,169721.164470083,439072.013721966,유통관련업,노래연습장업,,2026-05-06 22:38:08,I,03,폐업,N,N,,,,,,,N,,2009-02-20 12:56:58,,1999-12-03,402-824,인천광역시 미추홀구 용현동 171-1,,,CDFF3242051999000080,3510500,,,,인천광역시 미추홀구 인하로47번길 87  (용현동),,03,폐업,N,,N,,,,,,,,
N,,청솔 노래연습장,2002-07-23,169634.531175591,439021.825295291,유통관련업,노래연습장업,,2026-05-06 22:38:08,I,03,폐업,N,N,,,,,,,N,,2004-07-23 14:35:02,,1999-07-20,402-825,인천광역시 미추홀구 용현동 195-21,,,CDFF3242051999000082,3510500,,,,인천광역시 미추홀구 인하로77번길 37  (용현동),,03,폐업,N,,N,,,,,,,,
N,,우정 노래연습장,2017-03-10,170198.06224669,440448.657431611,유통관련업,노래연습장업,,2026-05-06 22:38:08,I,03,폐업,N,N,,,107.57,,,,,,2017-03-13 11:37:41,,1999-07-20,,인천광역시 미추홀구 도화동 619-5 지하,,,CDFF3242051999000085,3510500,,,,"인천광역시 미추홀구 경인로 191, 지하층 (도화동)",22106,03,폐업,N,,N,,,,,,,,
N,,병팔이 노래연습장,2005-01-26,171512.607487635,439911.057251247,유통관련업,노래연습장업,,2026-05-06 22:38:09,I,03,폐업,N,N,,,,,,,N,,2005-01-26 15:43:37,,1999-07-20,402-835,인천광역시 미추홀구 주안동 216-3,,,CDFF3242051999000086,3510500,,,,인천광역시 미추홀구 석바위로53번길 3  (주안동),,03,폐업,N,,N,,,,,,,,
N,,메아리 노래연습장,2007-12-31,172863.93890664,439408.112525126,유통관련업,노래연습장업,,2026-05-06 22:38:10,I,03,폐업,N,N,,,,,,,N,,2008-01-03 17:52:50,,1999-07-20,402-848,인천광역시 미추홀구 주안동 1581-3,,,CDFF3242051999000088,3510500,,,,인천광역시 미추홀구 문화로169번길 120  (주안동),,03,폐업,N,,N,,,,,,,,
N,,에프엠 노래연습장,2002-10-09,171722.12279724,440221.397276509,유통관련업,노래연습장업,,2026-05-06 22:38:10,I,03,폐업,N,N,,,,,,,N,,2004-07-23 14:34:28,,1999-07-21,402-835,인천광역시 미추홀구 주안동 140-2,,,CDFF3242051999000089,3510500,,,,인천광역시 미추홀구 주안로104번길 4  (주안동),,03,폐업,N,,N,,,,,,,,
N,,쿨 노래연습장,2007-01-12,,,유통관련업,노래연습장업,,2026-05-06 22:38:10,I,03,폐업,N,N,,,,,,,N,,2007-01-12 13:56:45,,1999-12-23,402-200,"인천광역시 미추홀구 주안동 143-2,3",,,CDFF3242051999000093,3510500,,,,,,03,폐업,N,,N,,,,,,,,
N,,브아이피 노래연습장,2002-10-09,171677.632217808,439803.634728024,유통관련업,노래연습장업,,2026-05-06 22:38:10,I,03,폐업,N,N,,,,,,,N,,2004-06-25 09:26:00,,1999-11-11,402-835,인천광역시 미추홀구 주안동 175-3,,,CDFF3242051999000094,3510500,,,,인천광역시 미추홀구 미추홀대로 702  (주안동),,03,폐업,N,,N,,,,,,,,
N,,해피베리 노래연습장,2014-01-28,169605.046151902,438971.606132117,유통관련업,노래연습장업,,2026-05-06 22:38:10,I,03,폐업,N,N,,,178.16,,,3,Y,,2014-01-28 14:25:20,,1999-11-29,,인천광역시 미추홀구 용현동 195-13,,,CDFF3242051999000095,3510500,,,,인천광역시 미추홀구 인하로67번길 24-31 (용현동),,03,폐업,N,,N,,,,,,,,
N,,스카이노래연습장,2001-11-26,171719.477315678,440153.247567016,유통관련업,노래연습장업,,2026-05-06 22:38:11,I,03,폐업,N,N,,,,,,,N,,2004-07-23 20:24:33,,2000-07-26,402-835,인천광역시 미추홀구 주안동 140-10,,,CDFF3242052000000001,3510500,,,,인천광역시 미추홀구 주안로104번길 16  (주안동),,03,폐업,N,,N,,,,,,,,
N,,짱 노래연습장,2007-12-31,171702.354422299,440077.36113104,유통관련업,노래연습장업,,2026-05-06 22:38:11,I,03,폐업,N,N,,,,,,,N,,2008-01-03 17:58:29,,2000-05-08,402-835,인천광역시 미추홀구 주안동 143-8,,,CDFF3242052000000002,3510500,,,,인천광역시 미추홀구 주안로104번길 34  (주안동),,03,폐업,N,,N,,,,,,,,
N,,신바람 노래연습장,2008-02-04,171420.832882703,438470.755643538,유통관련업,노래연습장업,,2026-05-06 22:38:11,I,03,폐업,N,N,,,,,,,N,,2008-02-04 14:10:56,,2000-05-16,402-852,인천광역시 미추홀구 주안동 1318-9,,,CDFF3242052000000003,3510500,,,,인천광역시 미추홀구 인하로266번길 3  (주안동),,03,폐업,N,,N,,,,,,,,
N,,티는아이 노래연습장,2005-02-24,171816.67969388,440146.894356642,유통관련업,노래연습장업,,2026-05-06 22:38:11,I,03,폐업,N,N,,,,,,,N,,2005-02-24 16:56:11,,2000-07-10,402-835,인천광역시 미추홀구 주안동 134-4,,,CDFF3242052000000005,3510500,,,,인천광역시 미추홀구 미추홀대로734번길 31  (주안동),,03,폐업,N,,N,,,,,,,,
N,,짱구 노래연습장,2020-07-03,171627.143723918,440235.66560981,유통관련업,노래연습장업,,2026-05-06 22:38:11,I,03,폐업,N,N,,,102.73,,,3,Y,4,2020-07-06 10:45:49,,2000-07-05,,인천광역시 미추홀구 주안동 228-1 지하1층,,,CDFF3242052000000006,3510500,,,,"인천광역시 미추홀구 주안로 94, 지하1층 (주안동)",22136,03,폐업,N,,N,,,,,,,,
N,,오페라 노래연습장,2007-12-11,171852.186182842,440148.715354249,유통관련업,노래연습장업,,2026-05-06 22:38:11,I,03,폐업,N,N,,,,,,,N,,2008-01-10 14:58:25,,2000-11-03,402-835,인천광역시 미추홀구 주안동 132-4,,,CDFF3242052000000008,3510500,,,,인천광역시 미추홀구 미추홀대로734번길 37  (주안동),,03,폐업,N,,N,,,,,,,,
N,,밍크 노래연습장,2018-06-08,168698.999547048,440691.842981009,유통관련업,노래연습장업,,2026-05-06 22:38:11,I,03,폐업,N,N,,,66.68,,,,,,2018-06-08 17:52:26,,2000-04-08,,인천광역시 미추홀구 숭의동 81-15 2층,,,CDFF3242052000000009,3510500,,,,"인천광역시 미추홀구 석정로 102-1, 2층 (숭의동)",22103,03,폐업,N,,N,,,,,,,,
N,,일번지 노래연습장,2022-11-15,169747.935643473,439284.734630941,유통관련업,노래연습장업,,2026-05-06 22:38:11,I,03,폐업,N,N,,,85.76,,,1,Y,,2022-11-15 18:04:04,,2000-01-27,,인천광역시 미추홀구 용현동 129-6 지하층,,,CDFF3242052000000011,3510500,,,,"인천광역시 미추홀구 인주대로 197, 지하층 (용현동)",22180,03,폐업,N,,N,,,,032-876-3374,,,1,
N,,공룡코딱지 노래연습장,2018-10-29,168871.852354007,439161.727986668,유통관련업,노래연습장업,,2026-05-06 22:38:11,I,03,폐업,N,N,,,,,,,,,2018-10-29 15:33:08,,2000-04-15,,인천광역시 미추홀구 용현동 342-13,,,CDFF3242052000000012,3510500,,,,인천광역시 미추홀구 독배로 384-1 (용현동),22183,03,폐업,N,,N,,,,,,,,
N,,가족 노래연습장,2007-12-31,,,유통관련업,노래연습장업,,2026-05-06 22:38:11,I,03,폐업,N,N,,,,,,,N,,2008-01-03 17:49:56,,2000-05-08,402-865,인천광역시 미추홀구 학익동 503-3,,,CDFF3242052000000013,3510500,,,,,,03,폐업,N,,N,,,,,,,,
N,,원 노래연습장,2012-06-26,170285.125419095,437940.384335818,유통관련업,노래연습장업,,2026-05-06 22:38:11,I,03,폐업,N,N,,,82.12,,,,Y,,2012-06-29 09:55:33,,2000-05-04,,인천광역시 미추홀구 학익동 270-3,,,CDFF3242052000000014,3510500,,,,인천광역시 미추홀구 한나루로 400 (학익동),,03,폐업,N,,N,,,,,,,,
N,,동서 노래연습장,2007-06-04,170780.262943113,438571.567318741,유통관련업,노래연습장업,,2026-05-06 22:38:12,I,03,폐업,N,N,,,,,,,N,,2007-06-04 11:02:36,,2000-06-23,402-845,인천광역시 미추홀구 주안동 736-20,,,CDFF3242052000000017,3510500,,,,인천광역시 미추홀구 인하로 201-3  (주안동),,03,폐업,N,,N,,,,,,,,
N,,궁전 노래연습장,2004-03-25,171848.124302689,440568.896055316,유통관련업,노래연습장업,,2026-05-06 22:38:12,I,03,폐업,N,N,,,,,,,N,,2005-02-16 10:49:48,,2000-10-07,402-836,인천광역시 미추홀구 주안동 18-13,,,CDFF3242052000000018,3510500,,,,인천광역시 미추홀구 석정로423번길 3  (주안동),,03,폐업,N,,N,,,,,,,,
N,,둘리 노래연습장,2002-01-01,172403.878889346,439800.371606185,유통관련업,노래연습장업,,2026-05-06 22:38:12,I,03,폐업,N,N,,,,,,,N,,2004-07-23 14:36:19,,2000-12-08,402-848,인천광역시 미추홀구 주안동 989-4,,,CDFF3242052000000020,3510500,,,,인천광역시 미추홀구 석바위로 143  (주안동),,03,폐업,N,,N,,,,,,,,
N,,용궁 노래연습장,2013-07-23,171309.073082023,438272.995961546,유통관련업,노래연습장업,,2026-05-06 22:38:12,I,03,폐업,N,N,,,94.2,,,3,Y,,2013-07-23 14:26:42,,2000-10-18,,인천광역시 미추홀구 주안동 1343-170 지하층,,,CDFF3242052000000023,3510500,,,,"인천광역시 미추홀구 신기길 42-1, 지하층 (주안동)",,03,폐업,N,,N,,,,,,,1,
N,,희망 노래연습장,2017-03-02,172658.943193149,438669.770214562,유통관련업,노래연습장업,,2026-05-06 22:38:12,I,03,폐업,N,N,,,117.6,,,,,,2017-03-02 17:06:45,,2000-08-22,,인천광역시 미추홀구 주안동 1568-6 지하1층,,,CDFF3242052000000024,3510500,,,,"인천광역시 미추홀구 인주대로496번길 15, 지하1층 (주안동)",22239,03,폐업,N,,N,,,,032-423-9888,,,1,
N,,와와 노래연습장,2007-11-07,171286.276896554,438555.955156517,유통관련업,노래연습장업,,2026-05-06 22:38:13,I,03,폐업,N,N,,,,,,,N,,2007-11-07 18:15:40,,2000-06-26,402-852,인천광역시 미추홀구 주안동 1436-5,,,CDFF3242052000000025,3510500,,,,인천광역시 미추홀구 인하로 253  (주안동),,03,폐업,N,,N,,,,,,,,
N,,캣치 노래연습장,2020-02-07,171273.257110228,439618.028865861,유통관련업,노래연습장업,,2026-05-06 22:38:13,I,03,폐업,N,N,,,132.97,,,1,Y,,2020-02-07 17:15:20,,2000-11-08,,인천광역시 미추홀구 주안동 507-41 지하1층,,,CDFF3242052000000028,3510500,,,,"인천광역시 미추홀구 경인로326번길 7, 지하1층 (주안동)",22154,03,폐업,N,,N,,,,,,,1,
N,,JJ노래연습장,2025-11-26,169625.873434194,439068.599551818,유통관련업,노래연습장업,,2026-05-06 22:38:13,I,03,폐업,N,N,,,177.62,,,9,Y,,2025-11-26 14:28:29,,2000-10-07,,인천광역시 미추홀구 용현동 169-11,,,CDFF3242052000000029,3510500,,,,인천광역시 미추홀구 인하로77번길 49 (용현동),22207,03,폐업,N,,N,,,,,,,,
N,,메사 노래연습장,2005-07-04,169404.802439932,438911.691094917,유통관련업,노래연습장업,,2026-05-06 22:38:13,I,03,폐업,N,N,,,,,,,N,,2005-07-04 16:53:40,,2000-02-25,402-825,인천광역시 미추홀구 용현동 199-18,,,CDFF3242052000000031,3510500,,,,인천광역시 미추홀구 인하로 59  (용현동),,03,폐업,N,,N,,,,,,,,
N,,여기가 노래연습장,2007-12-31,,,유통관련업,노래연습장업,,2026-05-06 22:38:13,I,03,폐업,N,N,,,,,,,N,,2008-01-03 17:56:25,,2000-06-29,402-200,"인천광역시 미추홀구 주안동 139-8,10",,,CDFF3242052000000035,3510500,,,,,,03,폐업,N,,N,,,,,,,,
N,,석궁 노래연습장,2018-02-26,168921.403560181,439368.123796954,유통관련업,노래연습장업,,2026-05-06 22:38:13,I,03,폐업,N,N,,,,,,,,,2018-02-27 08:54:04,,2000-07-04,,인천광역시 미추홀구 용현동 509-16,,,CDFF3242052000000036,3510500,,,,인천광역시 미추홀구 독배로 405 (용현동),22176,03,폐업,N,,N,,,,032-882-5007,,,,
N,,하드코어 노래연습장,2014-04-07,,,유통관련업,노래연습장업,,2026-05-06 22:38:14,I,03,폐업,N,N,,,188.55,,,2,Y,,2014-04-07 17:06:44,,2000-11-04,,"인천광역시 미추홀구 주안동 137-4,5",,,CDFF3242052000000038,3510500,,,,,,03,폐업,N,,N,,,,,,,,
N,,특급노래연습장,2005-02-14,,,유통관련업,노래연습장업,,2026-05-06 22:38:14,I,03,폐업,N,N,,,,,,,N,,2005-02-14 15:13:36,,2001-10-25,402-809,인천광역시 미추홀구 도화동 442-1,,,CDFF3242052001000001,3510500,,,,,,03,폐업,N,,N,,,,,,,,
N,,둥지 노래연습장,2024-07-29,171551.204316464,438198.036719276,유통관련업,노래연습장업,,2026-05-06 22:38:14,I,03,폐업,N,N,,,178.8,,,2,,6,2025-08-28 09:24:26,,2001-02-27,,인천광역시 미추홀구 주안동 1273-3 지하층,,,CDFF3242052001000004,3510500,,,,"인천광역시 미추홀구 미추홀대로540번길 4, 지하층 (주안동)",22230,03,폐업,N,,N,,,,032-435-2614,,,,
N,,공룡 노래연습장,2006-02-06,171774.061275602,440213.743560844,유통관련업,노래연습장업,,2026-05-06 22:38:14,I,03,폐업,N,N,,,,,,,N,,2006-02-06 14:34:23,,2001-01-20,402-835,인천광역시 미추홀구 주안동 136-1,,,CDFF3242052001000008,3510500,,,상업지역,인천광역시 미추홀구 주안로 108  (주안동),,03,폐업,N,,N,기타,,,,,,,
N,,라이온스 노래연습장,2014-09-02,168500.038590225,440077.743571992,유통관련업,노래연습장업,,2026-05-06 22:38:14,I,03,폐업,N,N,,,99,,,,,5,2014-09-02 16:05:06,,2001-07-12,,인천광역시 미추홀구 숭의동 164-10,,,CDFF3242052001000011,3510500,,,,인천광역시 미추홀구 독배로498번길 20-2 (숭의동),,03,폐업,N,,N,,,,,,,,
N,,인기 노래연습장,2025-02-28,169778.792351698,439085.792168281,유통관련업,노래연습장업,,2026-05-06 22:38:14,I,03,폐업,N,N,,,99.24,,,,Y,8,2025-02-28 16:10:19,,2001-04-11,,인천광역시 미추홀구 용현동 172-21,,,CDFF3242052001000012,3510500,,,,인천광역시 미추홀구 인하로47번길 99 (용현동),22207,03,폐업,N,,N,,,,,,,,
N,,진성 노래연습장,2006-07-07,168716.623598978,437098.034316673,유통관련업,노래연습장업,,2026-05-06 22:38:15,I,03,폐업,N,N,,,,,,,N,,2006-07-07 09:19:42,,2001-12-26,402-865,인천광역시 미추홀구 학익동 624-15,,,CDFF3242052001000014,3510500,,,,인천광역시 미추홀구 독배로 167  (학익동),,03,폐업,N,,N,,,,,,,,
N,,로드 노래연습장,2005-02-15,173057.21827509,440017.724989354,유통관련업,노래연습장업,,2026-05-06 22:38:15,I,03,폐업,N,N,,,,,,,N,,2005-02-15 17:21:27,,2001-05-11,402-848,인천광역시 미추홀구 주안동 890-4,,,CDFF3242052001000016,3510500,,,,,,03,폐업,N,,N,,,,,,,,
N,,맹구 노래연습장,2002-10-31,172427.979891671,439605.218504623,유통관련업,노래연습장업,,2026-05-06 22:38:15,I,03,폐업,N,N,,,,,,,N,,2004-07-23 14:27:36,,2001-06-09,402-848,인천광역시 미추홀구 주안동 1005-6,,,CDFF3242052001000019,3510500,,,,인천광역시 미추홀구 경원대로 843  (주안동),,03,폐업,N,,N,,,,,,,,
N,,월드컵 노래연습장,2007-12-31,172175.393238418,439803.092778121,유통관련업,노래연습장업,,2026-05-06 22:38:16,I,03,폐업,N,N,,,,,,,N,,2008-01-03 17:57:57,,2001-02-21,402-837,인천광역시 미추홀구 주안동 64-1,,,CDFF3242052001000020,3510500,,,,인천광역시 미추홀구 석바위로 121  (주안동),,03,폐업,N,,N,,,,,,,,
N,,금성 노래연습장,2016-12-01,171376.704577301,437332.250811526,유통관련업,노래연습장업,,2026-05-06 22:38:19,I,03,폐업,N,N,,,110.69,,,,Y,,2016-12-01 14:00:53,,2001-01-11,,인천광역시 미추홀구 문학동 352-5,,,CDFF3242052001000024,3510500,,,,인천광역시 미추홀구 소성로 271-5 (문학동),22236,03,폐업,N,,N,,,,,,,,
N,,티파니 노래연습장,2007-07-02,169577.275398507,438954.062081782,유통관련업,노래연습장업,,2026-05-06 22:38:19,I,03,폐업,N,N,,,,,,,N,,2007-07-02 13:52:31,,2001-01-20,402-825,인천광역시 미추홀구 용현동 194-2,,,CDFF3242052001000025,3510500,,,,인천광역시 미추홀구 인하로67번길 24-24  (용현동),,03,폐업,N,,N,,,,,,,,
N,,태진 노래연습장,2006-01-25,167939.189080235,439506.952632123,유통관련업,노래연습장업,,2026-05-06 22:38:20,I,03,폐업,N,N,,,,,,,N,,2006-01-25 14:23:31,,2001-07-14,402-833,인천광역시 미추홀구 용현동 574-3,,,CDFF3242052001000029,3510500,,,,,,03,폐업,N,,N,,,,,,,,
N,,연서노래연습장,2014-11-27,171447.603772531,439956.253136024,유통관련업,노래연습장업,,2026-05-06 22:38:21,I,03,폐업,N,N,,,136,,,,,,2014-11-27 17:53:07,,2001-07-28,,인천광역시 미추홀구 주안동 215-8 지하층,,,CDFF3242052001000031,3510500,,,,"인천광역시 미추홀구 주안서로 28-2, 지하층 (주안동)",,03,폐업,N,,N,,,,,,,1,
N,,와우 노래연습장,2015-01-06,170768.154739717,437689.219678785,유통관련업,노래연습장업,,2026-05-06 22:38:21,I,03,폐업,N,N,,,109.01,,,,,5,2015-01-20 09:54:18,,2001-10-11,,인천광역시 미추홀구 학익동 128-37 지하1층,,,CDFF3242052001000033,3510500,,,,"인천광역시 미추홀구 학익소로 76, 지하1층 (학익동)",,03,폐업,N,,N,,,,,,,,
Y,,궁전노래연습장,2020-08-31,169098.744287194,439440.555601836,유통관련업,노래연습장업,,2026-05-06 22:38:21,I,03,폐업,Y,Y,,,98.54,,,,,4,2020-08-31 16:29:51,,2001-06-09,,인천광역시 미추홀구 용현동 459-53 지하층,,35,CDFF3242052001000036,3510500,1,,,"인천광역시 미추홀구 인주대로 129, 지하층 (용현동)",22179,03,폐업,Y,,Y,,,,032-886-3452,,,,
N,,판노래연습장,2007-10-10,171884.542205189,440174.396276047,유통관련업,노래연습장업,,2026-05-06 22:38:21,I,03,폐업,N,N,,,,,,2,N,,2007-10-16 09:44:12,,2001-10-19,402-835,인천광역시 미추홀구 주안동 109-5,,,CDFF3242052001000038,3510500,,,,인천광역시 미추홀구 주안중로 56  (주안동),,03,폐업,N,,N,,,,,,,,
N,,짱가노래연습장,2016-01-22,171713.625206948,440036.390577658,유통관련업,노래연습장업,,2026-05-06 22:38:22,I,03,폐업,N,N,,,125.28,,,,,5,2016-01-25 09:06:43,,2002-12-14,,인천광역시 미추홀구 주안동 144-3,,,CDFF3242052002000001,3510500,,,,인천광역시 미추홀구 주안로104번길 40 (주안동),22135,03,폐업,N,,N,,,,,,,,
N,,도미솔 노래연습장,2007-01-23,170471.777927133,438945.257195538,유통관련업,노래연습장업,,2026-05-06 22:38:22,I,03,폐업,N,N,,,,,,,N,,2007-01-29 11:28:01,,2002-04-19,402-818,인천광역시 미추홀구 용현동 2-3,,,CDFF3242052002000002,3510500,,,,인천광역시 미추홀구 인주대로 278  (용현동),,03,폐업,N,,N,,,,,,,,
N,,지엠 노래연습장,2013-06-24,171762.280093867,440151.726805865,유통관련업,노래연습장업,,2026-05-06 22:38:22,I,03,폐업,N,N,,,,,,,,,2013-06-24 16:43:06,,2002-08-02,,인천광역시 미추홀구 주안동 137-6 지하1층,,,CDFF3242052002000003,3510500,,,,"인천광역시 미추홀구 미추홀대로734번길 19, 지하1층 (주안동)",,03,폐업,N,,N,,,,,,,,
N,,붕붕 노래연습장,2016-08-19,171748.092261878,440166.396545127,유통관련업,노래연습장업,,2026-05-06 22:38:22,I,03,폐업,N,N,,,147.81,,,2,Y,,2016-08-19 11:31:56,,2002-09-11,,인천광역시 미추홀구 주안동 138-2,,,CDFF3242052002000004,3510500,,,,인천광역시 미추홀구 주안로104번길 13 (주안동),22135,03,폐업,N,,N,,,,,,,,
N,,모창 노래연습장,2006-06-27,168006.222543694,439638.78116151,유통관련업,노래연습장업,,2026-05-06 22:38:22,I,03,폐업,N,N,,,,,,,N,,2006-06-27 17:22:55,,2002-03-14,402-833,인천광역시 미추홀구 용현동 572-3,,,CDFF3242052002000005,3510500,,,,,,03,폐업,N,,N,,,,,,,,
N,,AC 8 노래연습장,2009-03-12,171791.968522729,440125.709621968,유통관련업,노래연습장업,,2026-05-06 22:38:22,I,03,폐업,N,N,,,,,,,N,,2009-03-13 11:29:35,,2002-11-05,402-835,인천광역시 미추홀구 주안동 145-9,,,CDFF3242052002000008,3510500,,,,인천광역시 미추홀구 미추홀대로734번길 26  (주안동),,03,폐업,N,,N,,,,,,,,
N,,"타잔(구,둘리) 노래연습장",2006-10-18,171800.977586873,440154.101238132,유통관련업,노래연습장업,,2026-05-06 22:38:22,I,03,폐업,N,N,,,,,,,N,,2006-10-20 09:23:51,,2002-02-08,402-835,인천광역시 미추홀구 주안동 134-5,,,CDFF3242052002000009,3510500,,,,인천광역시 미추홀구 미추홀대로734번길 29  (주안동),,03,폐업,N,,N,,,,,,,,
N,,타타타 노래연습장,2012-04-19,169131.75056898,439985.240319682,유통관련업,노래연습장업,,2026-05-06 22:38:22,I,03,폐업,N,N,,,191.41,,,,Y,,2012-04-19 09:07:59,,2002-03-15,,인천광역시 미추홀구 숭의동 203-16,,,CDFF3242052002000010,3510500,,,,인천광역시 미추홀구 장천로 69 (숭의동),,03,폐업,N,,N,,,,,,,,
N,,청춘 노래연습장,2013-08-28,168691.590788663,440288.623746337,유통관련업,노래연습장업,,2026-05-06 22:38:23,I,03,폐업,N,N,,,141.33,,,,Y,,2013-08-28 17:40:48,,2002-01-02,,인천광역시 미추홀구 숭의동 148-27,,,CDFF3242052002000014,3510500,,,,인천광역시 미추홀구 경인로33번길 6 (숭의동),,03,폐업,N,,N,,,,,,,,
N,,장안 노래연습장,2007-07-12,168532.91736654,440199.115934272,유통관련업,노래연습장업,,2026-05-06 22:38:23,I,03,폐업,N,N,,,81.72,,,,N,,2007-11-15 14:23:18,,2002-04-15,402-816,인천광역시 미추홀구 숭의동 162-1,,,CDFF3242052002000016,3510500,,,,인천광역시 미추홀구 경인로 17  (숭의동),,03,폐업,N,,N,,,,032-439-0311,,,,
N,,숭의 노래연습장,2007-02-09,168687.42606092,440102.24799272,유통관련업,노래연습장업,,2026-05-06 22:38:23,I,03,폐업,N,N,,,,,,,N,,2007-02-21 17:42:17,,2002-03-05,402-817,인천광역시 미추홀구 숭의동 165-16,,,CDFF3242052002000018,3510500,,,,인천광역시 미추홀구 미추로 27  (숭의동),,03,폐업,N,,N,,,,,,,,
N,,또또 노래연습장,2007-06-04,168421.359729024,439847.466813397,유통관련업,노래연습장업,,2026-05-06 22:38:23,I,03,폐업,N,N,,,,,,,N,,2007-06-04 11:01:31,,2002-04-02,402-010,인천광역시 미추홀구 숭의동 303-33,,,CDFF3242052002000019,3510500,,,,인천광역시 미추홀구 인주대로45번길 26  (숭의동),,03,폐업,N,,N,,,,,,,,
N,,달맞이노래연습장,2013-01-08,170460.342374172,438778.923930199,유통관련업,노래연습장업,,2026-05-06 22:38:23,I,03,폐업,N,N,,,,,,,,,2013-01-08 09:28:29,,2002-07-30,,인천광역시 미추홀구 용현동 8-3,,,CDFF3242052002000022,3510500,,,,인천광역시 미추홀구 한나루로 489 (용현동),,03,폐업,N,,N,,,,,,,,
N,,오사마리 노래연습장,2015-11-10,168210.336682513,439433.980971829,유통관련업,노래연습장업,,2026-05-06 22:38:23,I,03,폐업,N,N,,,,,,,,,2015-11-10 18:00:04,,2002-06-07,,인천광역시 미추홀구 용현동 558-11,,,CDFF3242052002000023,3510500,,,,인천광역시 미추홀구 낙섬중로 104 (용현동),22185,03,폐업,N,,N,,,,,,,,
N,,신하(와) 노래연습장,2012-03-28,168825.804531954,439200.514352352,유통관련업,노래연습장업,,2026-05-06 22:38:23,I,03,폐업,N,N,,,,,,,,,2012-04-02 13:46:03,,2002-01-21,,인천광역시 미추홀구 용현동 351-1,,,CDFF3242052002000024,3510500,,,,,,03,폐업,N,,N,,,,,,,,
N,,코러스 노래연습장,2012-12-31,168928.200083001,439604.343166637,유통관련업,노래연습장업,,2026-05-06 22:38:23,I,03,폐업,N,N,,,133.2,,,5,Y,,2012-12-31 17:05:12,,2002-03-29,,인천광역시 미추홀구 용현동 459-1,,,CDFF3242052002000026,3510500,,,,인천광역시 미추홀구 독배로432번길 4 (용현동),,03,폐업,N,,N,,,,,,,,
N,,둘리 노래연습장,2014-03-24,170137.269438218,438615.676786584,유통관련업,노래연습장업,,2026-05-06 22:38:23,I,03,폐업,N,N,,,,,,,,,2014-03-24 15:04:26,,2002-11-19,,인천광역시 미추홀구 용현동 49-16,,,CDFF3242052002000027,3510500,,,,인천광역시 미추홀구 인하로 140 (용현동),,03,폐업,N,,N,,,,,,,,
N,,브이아이피노래연습장,2010-08-10,167680.368423321,439187.329747496,유통관련업,노래연습장업,,2026-05-06 22:38:23,I,03,폐업,N,N,,,151.84,,,,Y,,2010-08-10 16:37:31,,2002-11-25,,인천광역시 미추홀구 용현동 628-30,,,CDFF3242052002000028,3510500,,,,인천광역시 미추홀구 낙섬서로49번길 18  (용현동),,03,폐업,N,,N,,,,,,,,
N,,전국노래자랑 노래연습장,2006-12-26,171159.474280665,439735.65223038,유통관련업,노래연습장업,,2026-05-06 22:38:23,I,03,폐업,N,N,,,,,,,N,,2007-01-02 15:21:38,,2002-10-21,402-809,인천광역시 미추홀구 도화동 437-1,,,CDFF3242052002000031,3510500,,,,인천광역시 미추홀구 경인로 314  (도화동),,03,폐업,N,,N,,,,,,,,
N,,2030 노래연습장,2014-12-10,171755.865639462,440114.461899502,유통관련업,노래연습장업,,2026-05-06 22:38:24,I,03,폐업,N,N,,,143.83,,,,Y,7,2014-12-10 17:11:37,,2002-03-29,,인천광역시 미추홀구 주안동 145-3 지하층,,,CDFF3242052002000035,3510500,,,,"인천광역시 미추홀구 주안로104번길 25, 지하층 (주안동)",,03,폐업,N,,N,,,,,,,,
N,,밀크보이 노래연습장,2006-12-28,171795.44720723,440081.217989508,유통관련업,노래연습장업,,2026-05-06 22:38:24,I,03,폐업,N,N,,,,,,,N,,2007-01-02 15:18:56,,2002-09-05,402-835,인천광역시 미추홀구 주안동 146-12,,,CDFF3242052002000036,3510500,,,,인천광역시 미추홀구 주안중로43번길 14  (주안동),,03,폐업,N,,N,,,,,,,,
N,,미투 노래연습장,2007-06-04,171844.084140504,440173.856338479,유통관련업,노래연습장업,,2026-05-06 22:38:24,I,03,폐업,N,N,,,,,,,N,,2007-06-04 11:02:07,,2002-09-16,402-835,인천광역시 미추홀구 주안동 132-5,,,CDFF3242052002000037,3510500,,,,인천광역시 미추홀구 주안로 116  (주안동),,03,폐업,N,,N,,,,,,,,
N,,노디째클 노래연습장,2011-10-11,171823.721613219,440079.811020285,유통관련업,노래연습장업,,2026-05-06 22:38:24,I,03,폐업,N,N,,,,,,,,,2012-11-29 17:22:30,,2002-03-11,,인천광역시 미추홀구 주안동 147-23,,,CDFF3242052002000038,3510500,,,,인천광역시 미추홀구 주안중로43번길 8  (주안동),,03,폐업,N,,N,,,,,,,,
N,,궁전 노래연습장,2020-05-12,171489.618445726,440241.754161261,유통관련업,노래연습장업,,2026-05-06 22:38:24,I,03,폐업,N,N,,,140.16,,,,,,2020-05-13 18:12:03,,2002-01-31,,인천광역시 미추홀구 주안동 233-1,,,CDFF3242052002000040,3510500,,,,인천광역시 미추홀구 주안로 80 (주안동),22136,03,폐업,N,,N,,,,,,,,
N,,행운 노래연습장,2019-09-30,170659.354605105,439102.612199495,유통관련업,노래연습장업,,2026-05-06 22:38:24,I,03,폐업,N,N,,,128.76,,,,Y,,2019-09-30 16:27:05,,2002-11-25,,인천광역시 미추홀구 주안동 698-10,,,CDFF3242052002000041,3510500,,,,인천광역시 미추홀구 한나루로 528 (주안동),22158,03,폐업,N,,N,,,,,,,,
N,,오리 노래연습장,2018-03-22,171775.151340367,438923.235097117,유통관련업,노래연습장업,,2026-05-06 22:38:24,I,03,폐업,N,N,,,,,,,,,2018-03-22 09:53:13,,2002-11-02,,인천광역시 미추홀구 주안동 1472-13,,,CDFF3242052002000047,3510500,,,,인천광역시 미추홀구 미추홀대로614번길 33 (주안동),22151,03,폐업,N,,N,,,,032-433-0757,,,,
N,,동인 노래연습장,2020-07-31,171741.751049704,440392.248417017,유통관련업,노래연습장업,,2026-05-06 22:38:24,I,03,폐업,N,N,,,96.86,,,5,Y,5,2020-08-03 10:47:43,,2002-03-14,,인천광역시 미추홀구 주안동 30-2 지하층,,,CDFF3242052002000048,3510500,,,,"인천광역시 미추홀구 염창로 68, 지하층 (주안동)",22128,03,폐업,N,,N,,,,,,,,
N,,별밤 노래연습장,2011-03-21,171804.670702515,440512.414430088,유통관련업,노래연습장업,,2026-05-06 22:38:24,I,03,폐업,N,N,,,,,,,,,2011-03-21 16:35:51,,2002-06-07,,인천광역시 미추홀구 주안동 23-1,,,CDFF3242052002000049,3510500,,,,인천광역시 미추홀구 주염로 8  (주안동),,03,폐업,N,,N,,,,,,,,
N,,와우 노래연습장,2018-01-15,,,유통관련업,노래연습장업,,2026-05-06 22:38:24,I,03,폐업,N,N,,,68.08,,,,Y,,2018-01-15 13:27:54,,2002-03-21,,인천광역시 미추홀구 주안동 19-160,,,CDFF3242052002000050,3510500,,,,인천광역시 미추홀구 석정로461번길 25 (주안동),22124,03,폐업,N,,N,,,,,,,,
N,,오케이 노래연습장,2007-12-31,172491.539965634,439704.62217123,유통관련업,노래연습장업,,2026-05-06 22:38:25,I,03,폐업,N,N,,,,,,,N,,2008-01-03 17:57:05,,2002-07-23,402-848,인천광역시 미추홀구 주안동 951-11,,,CDFF3242052002000052,3510500,,,,인천광역시 미추홀구 경원대로 856  (주안동),,03,폐업,N,,N,,,,,,,,
N,,행운 노래연습장,2007-04-13,,,유통관련업,노래연습장업,,2026-05-06 22:38:25,I,03,폐업,N,N,,,,,,,N,,2007-11-15 14:21:57,,2002-03-22,402-848,인천광역시 미추홀구 주안동 919-40,,,CDFF3242052002000054,3510500,,,,,,03,폐업,N,,N,,,,,,,,
N,,스타 노래연습장,2013-06-21,172402.155969998,439754.494183464,유통관련업,노래연습장업,,2026-05-06 22:38:25,I,03,폐업,N,N,,,125.89,,,,,,2013-06-21 15:23:32,,2002-04-17,,인천광역시 미추홀구 주안동 999-13,,,CDFF3242052002000057,3510500,,,,인천광역시 미추홀구 경인로435번길 34 (주안동),,03,폐업,N,,N,,,,,,,,
N,,우리 노래연습장,2020-03-05,168261.329206433,440868.921159809,유통관련업,노래연습장업,,2026-05-06 22:38:26,I,03,폐업,N,N,,,,,,,,,2020-03-06 17:32:03,,2002-01-03,,인천광역시 미추홀구 숭의동 106-21,,,CDFF3242052002000060,3510500,,,,인천광역시 미추홀구 샛골로 74 (숭의동),22104,03,폐업,N,,N,,,,,,,,
N,,중앙 노래연습장,2011-03-07,171196.643256426,439713.707322856,유통관련업,노래연습장업,,2026-05-06 22:38:26,I,03,폐업,N,N,,,,,,,N,,2011-03-07 16:24:17,,2002-07-18,402-809,인천광역시 미추홀구 도화동 437-4,,,CDFF3242052002000061,3510500,,,,인천광역시 미추홀구 경인로 316-1  (도화동),,03,폐업,N,,N,,,,,,,,
N,,휠 노래연습장,2005-02-17,172047.32174604,440194.160099146,유통관련업,노래연습장업,,2026-05-06 22:38:26,I,03,폐업,N,N,,,,,,,N,,2005-02-17 14:09:31,,2002-11-18,402-835,인천광역시 미추홀구 주안동 113-2,,,CDFF3242052002000064,3510500,,,,인천광역시 미추홀구 주안로 136  (주안동),,03,폐업,N,,N,,,,,,,,
N,,주빈 노래연습장,2007-10-04,171219.92013245,439272.723552508,유통관련업,노래연습장업,,2026-05-06 22:38:26,I,03,폐업,N,N,,,,,,,N,,2007-11-15 15:31:04,,2002-05-07,402-844,인천광역시 미추홀구 주안동 556-11,,,CDFF3242052002000066,3510500,,,,인천광역시 미추홀구 한나루로550번길 97  (주안동),,03,폐업,N,,N,,,,,,,,
N,,대림 노래연습장,2025-03-17,167645.786456749,438635.292883599,유통관련업,노래연습장업,,2026-05-06 22:38:27,I,03,폐업,N,N,,,117.4,,,,Y,5,2025-03-17 13:51:44,,2002-03-29,,인천광역시 미추홀구 용현동 627-357,,,CDFF3242052002000070,3510500,,,,"인천광역시 미추홀구 낙섬중로 3, 지하층 1호 (용현동)",22190,03,폐업,N,,N,,,,,,,,
N,,꿈돌이 노래연습장,2010-11-29,,,유통관련업,노래연습장업,,2026-05-06 22:38:27,I,03,폐업,N,N,,,,,,,N,,2010-11-29 09:30:52,,2002-11-02,402-810,인천광역시 미추홀구 도화동 578-8,,,CDFF3242052002000071,3510500,,,,,,03,폐업,N,,N,,,,,,,,
N,,댄스댄스 노래연습장,2007-05-17,169573.743984139,438940.700387916,유통관련업,노래연습장업,,2026-05-06 22:38:27,I,03,폐업,N,N,,,,,,,N,,2007-05-21 13:14:25,,2002-08-31,402-825,인천광역시 미추홀구 용현동 194-1,,,CDFF3242052002000075,3510500,,,,인천광역시 미추홀구 경인남길30번길 43-1  (용현동),,03,폐업,N,,N,,,,,,,,
N,,스카이 노래연습장,2006-03-17,171447.544451077,439803.909741666,유통관련업,노래연습장업,,2026-05-06 22:38:27,I,03,폐업,N,N,,,,,,,N,,2006-04-19 16:48:14,,2002-08-27,402-835,인천광역시 미추홀구 주안동 203-3,,,CDFF3242052002000076,3510500,,,,인천광역시 미추홀구 주안서로 14  (주안동),,03,폐업,N,,N,,,,,,,,
N,,닷컴 노래연습장,2013-01-02,171809.800861449,440124.694262441,유통관련업,노래연습장업,,2026-05-06 22:38:27,I,03,폐업,N,N,,,,,,,,,2013-01-02 11:04:57,,2002-05-17,,인천광역시 미추홀구 주안동 147-6,,,CDFF3242052002000080,3510500,,,,인천광역시 미추홀구 미추홀대로734번길 30 (주안동),,03,폐업,N,,N,,,,,,,,
N,,에스에스 노래연습장,2006-10-23,171283.886661058,439631.980757919,유통관련업,노래연습장업,,2026-05-06 22:38:27,I,03,폐업,N,N,,,,,,,N,,2006-12-26 11:55:50,,2002-08-14,402-844,인천광역시 미추홀구 주안동 507-17,,,CDFF3242052002000081,3510500,,,,인천광역시 미추홀구 경인로326번길 3  (주안동),,03,폐업,N,,N,,,,,,,,
N,,돌비 노래연습장,2017-11-09,171486.760938745,438144.370913757,유통관련업,노래연습장업,,2026-05-06 22:38:27,I,03,폐업,N,N,,,135.05,,,,,,2017-11-09 16:55:48,,2002-10-21,,인천광역시 미추홀구 주안동 1309 지하1층,,,CDFF3242052002000082,3510500,,,,"인천광역시 미추홀구 미추홀대로 533, 지하1층 (주안동)",22216,03,폐업,N,,N,,,,,,,1,
N,,행운 노래연습장,2020-04-24,172421.972407144,439636.393706906,유통관련업,노래연습장업,,2026-05-06 22:38:27,I,03,폐업,N,N,,,265.61,,,,Y,,2020-05-11 16:58:03,,2002-04-03,,인천광역시 미추홀구 주안동 1005-4,,,CDFF3242052002000086,3510500,,,,인천광역시 미추홀구 경원대로 847 (주안동),22141,03,폐업,N,,N,,,,,,,,
N,,나이스 노래연습장,2021-08-25,169564.103062235,438959.504621853,유통관련업,노래연습장업,,2026-05-06 22:38:27,I,03,폐업,N,N,,,146.05,,,1,Y,,2021-08-25 17:45:09,,2002-04-04,,인천광역시 미추홀구 용현동 194-10 지하1층,,81,CDFF3242052002000087,3510500,,,,"인천광역시 미추홀구 인하로67번길 24-20, 지하1층 (용현동)",22207,03,폐업,N,,N,,,,,,,,
N,,스텔라 노래연습장,2018-10-04,171615.914845519,438544.317375748,유통관련업,노래연습장업,,2026-05-06 22:38:27,I,03,폐업,N,N,,,106.69,,,,Y,5,2018-11-16 09:21:18,,2002-04-22,,인천광역시 미추홀구 주안동 1464-58,,,CDFF3242052002000088,3510500,,,,인천광역시 미추홀구 미추홀대로 574 (주안동),22227,03,폐업,N,,N,,,,,,,,
N,,OST 노래연습장,2018-07-27,169631.269306252,439049.000397589,유통관련업,노래연습장업,,2026-05-06 22:38:27,I,03,폐업,N,N,,,319.74,,,9,Y,12,2018-07-27 13:32:04,,2002-05-02,,인천광역시 미추홀구 용현동 169-12 지하1층,,,CDFF3242052002000089,3510500,,,,"인천광역시 미추홀구 인하로47번길 71, 지하1층 (용현동)",22207,03,폐업,N,,N,,,,032-864-5556,,,1,
N,,룸바 노래연습장,2020-04-06,171332.278732001,438196.88511426,유통관련업,노래연습장업,,2026-05-06 22:38:27,I,03,폐업,N,N,,,64.53,,,,,4,2020-04-13 18:00:59,,2002-05-09,,인천광역시 미추홀구 주안동 1350-10 지하1층,,,CDFF3242052002000090,3510500,,,,"인천광역시 미추홀구 신기길 57, 지하1층 (주안동)",22216,03,폐업,N,,N,,,,,,,,
N,근린생활시설,딸기 노래연습장,2013-07-08,171790.126048182,439996.080185883,유통관련업,노래연습장업,,2026-05-06 22:38:28,I,03,폐업,N,N,,,99,,3,1,Y,5,2013-07-08 09:57:46,,2002-12-03,,인천광역시 미추홀구 주안동 157-6 지하1층,,50,CDFF3242052002000095,3510500,1,,상업지역,"인천광역시 미추홀구 미추홀대로722번길 28, 지하1층 (주안동)",,03,폐업,N,,N,유흥업소밀집지역,,,,,4,1,
N,근린생활시설,하모니노래연습장,2008-12-23,170559.05,437567.35,유통관련업,노래연습장업,,2026-05-06 22:38:28,I,03,폐업,N,N,,,591.7,,3,1,N,8,2008-12-23 14:17:32,,2002-12-02,402-040,인천광역시 미추홀구 학익동 683-18,,50,CDFF3242052002000096,3510500,1,,준주거지역,인천광역시 미추홀구 매소홀로 416  (학익동),,03,폐업,N,,N,기타,,,,,4,1,
N,근린생활시설,인하 노래연습장,2017-01-09,169634.531175591,439021.825295291,유통관련업,노래연습장업,,2026-05-06 22:38:28,I,03,폐업,N,N,,,108.54,,3,2,Y,6,2017-01-09 15:55:05,,2002-11-23,,인천광역시 미추홀구 용현동 195-21 2층,,40,CDFF3242052002000097,3510500,1,,준주거지역,"인천광역시 미추홀구 인하로77번길 37, 2층 (용현동)",22207,03,폐업,N,,N,기타,,,032-872-2357,,4,1,
N,근린생활시설,달리는거북이 노래연습장,2015-05-20,171663.696540919,440002.393204349,유통관련업,노래연습장업,,2026-05-06 22:38:28,I,03,폐업,N,N,,,121.98,,4,2,Y,6,2015-05-20 09:52:01,,2002-09-28,,인천광역시 미추홀구 주안동 161-3 지하1층,,50,CDFF3242052002000099,3510500,1,,상업지역,"인천광역시 미추홀구 미추홀대로 722, 지하1층 (주안동)",,03,폐업,N,,N,유흥업소밀집지역,,,,,5,1,
N,근린생활시설,토토노래연습장,2008-11-08,168193.973577309,439458.930562173,유통관련업,노래연습장업,,2026-05-06 22:38:28,I,03,폐업,N,N,,,170.22,,6,2,N,8,2008-12-09 11:45:42,,2002-09-19,402-833,인천광역시 미추홀구 용현동 568-1,,50,CDFF3242052002000100,3510500,1,,준주거지역,인천광역시 미추홀구 낙섬중로 105  (용현동),,03,폐업,N,,N,기타,,,,,6,,
N,근린생활시설,대왕 노래연습장,2016-05-11,168931.203665531,439699.618511705,유통관련업,노래연습장업,,2026-05-06 22:38:28,I,03,폐업,N,N,,,174.8,,3,,,6,2016-05-12 09:18:16,,2002-09-19,,인천광역시 미추홀구 숭의동 210-13 2층,,50,CDFF3242052002000101,3510500,1,,일반주거지역,"인천광역시 미추홀구 독배로436번길 13, 2층 (숭의동)",22178,03,폐업,N,,N,주택가주변,,,032-891-7676,,4,1,
N,근린생활시설,영상노래연습장,2020-01-31,168989.951731863,440417.576961416,유통관련업,노래연습장업,,2026-05-06 22:38:28,I,03,폐업,N,N,,,93.12,,3,1,Y,5,2020-01-31 17:20:53,,2002-08-29,,인천광역시 미추홀구 숭의동 121-43,,50,CDFF3242052002000102,3510500,1,,일반주거지역,인천광역시 미추홀구 경인로 65 (숭의동),22162,03,폐업,N,,N,주택가주변,,,,,4,1,
N,근린생활시설,딩동뎅 노래연습장,2021-04-08,,,유통관련업,노래연습장업,,2026-05-06 22:38:28,I,03,폐업,N,N,,,117.3,,,1,Y,5,2021-04-08 17:15:56,,2002-05-02,,인천광역시 미추홀구 주안동 68-12 지하1층,,30,CDFF3242052002000105,3510500,1,,준주거지역,"인천광역시 미추홀구 석바위로 122, 지하1층 (주안동)",22141,03,폐업,N,,N,주택가주변,,,,,,,
N,,로마노래연습장,2004-11-03,171874.955738941,439780.032268539,유통관련업,노래연습장업,,2026-05-06 22:38:28,I,03,폐업,N,N,,,,,,,N,,2004-11-03 16:19:57,,2002-07-22,402-835,인천광역시 미추홀구 주안동 81-2,,,CDFF3242052002000108,3510500,,,,인천광역시 미추홀구 주안중로 16  (주안동),,03,폐업,N,,N,,,,,,,,
N,,벤츠노래연습장,2014-11-26,172264.949670361,439771.804191301,유통관련업,노래연습장업,,2026-05-06 22:38:28,I,03,폐업,N,N,,,82.5,,,,,,2014-11-26 14:50:27,,2003-03-10,,인천광역시 미추홀구 주안동 66-1,,,CDFF3242052003000001,3510500,,,,인천광역시 미추홀구 경인로425번길 35 (주안동),,03,폐업,N,,N,,,,,,,,
