사업장명,폐업일자,좌표X,좌표Y,데이터갱신시점,데이터갱신구분,상세영업상태코드,상세영업상태명,최종수정시점,인허가취소일자,인허가일자,소재지우편번호,지번주소,관리번호,개방자치단체코드,도로명주소,도로명우편번호,영업상태구분코드,영업상태명,휴업시작일자,휴업종료일자,소재지전화번호,총규모
씨앤아이메디칼,2020-10-25,211914.531656846,449307.598393424,2026-05-06 22:43:03,I,03,폐업,2020-11-04 15:33:55,,2015-01-19,,서울특별시 강동구 천호동 ***번지 **호,PHMG120153240033047000145,3240000,"서울특별시 강동구 구천면로**길 **, *층 (천호동)",05310,03,폐업,,,02-6941-1158,
강동숨수면센터,,212610.24473992,449820.695160539,2026-05-06 22:44:01,I,13,영업중,2022-12-02 09:39:01,,2022-12-01,,서울특별시 강동구 천호동 **-* 숨결TOWER,PHMG120223240033047000320,3240000,"서울특별시 강동구 양재대로 ****, 숨결TOWER ***호 (천호동)",05306,01,영업/정상,,,02-6953-7591,
보광,2020-11-04,211127.470386358,447294.872900215,2026-05-06 22:43:13,I,03,폐업,2020-11-04 16:42:46,,2018-11-23,,서울특별시 강동구 성내동 ***번지 *호 유원빌딩,PHMG120183240033047000100,3240000,"서울특별시 강동구 성내로 **, 유원빌딩 *층 ***호 (성내동)",05399,03,폐업,,,02-6357-3000,23
비에스헬스케어,,189378.332493727,442066.99866487,2026-05-06 22:38:36,I,13,영업중,2023-05-30 15:56:41,,2023-05-30,,,PHMG120233170035047000078,3170000,"서울특별시 금천구 가산디지털*로 ***, 가산 에스케이 브이원 센터 *층 ***호 (가산동)",08503,01,영업/정상,,,,
테라시스메디컬,,211532.353686299,448182.588454494,2026-05-06 22:43:56,I,13,영업중,2022-05-02 09:43:03,,2022-04-29,,서울특별시 강동구 성내동 ***-* 씨제이나인파크,PHMG120223240033047000167,3240000,"서울특별시 강동구 천호대로 ****, *층 ***호 (성내동, 씨제이나인파크)",05380,01,영업/정상,,,,
에치와이 천호점,2025-07-04,211429.962731263,449081.887144178,2026-05-06 22:43:55,I,03,폐업,2025-07-08 11:19:02,,2022-03-24,,서울특별시 강동구 천호동 ***-**,PHMG120223240033047000136,3240000,"서울특별시 강동구 구천면로**길 **, *층 (천호동)",05325,03,폐업,,,,
와이엠,2020-08-12,189055.138252216,441958.334400683,2026-05-06 22:37:44,I,03,폐업,2020-08-12 13:44:54,,2019-12-26,,서울특별시 금천구 가산동 ***번지 *호 대성디폴리스지식산업센터,PHMG120193170035047000186,3170000,"서울특별시 금천구 서부샛길 ***, 대성디폴리스지식산업센터 비동 ****호 (가산동)",08504,03,폐업,,,,
몸빼클럽,2018-12-24,211129.337519126,448341.256980238,2026-05-06 22:43:12,I,03,폐업,2018-12-24 16:15:40,,2018-12-24,,서울특별시 강동구 성내동 *번지 **호 탑 메디칼센타,PHMG120183240033047000052,3240000,"서울특별시 강동구 천호대로 ****, 탑 메디칼센타 *층 ***호 (성내동)",05379,03,폐업,,,,198.58
다판다샵,2025-12-15,211047.878697259,450021.504957301,2026-05-06 22:44:09,I,03,폐업,2025-12-15 16:52:23,,2024-10-28,,서울특별시 강동구 암사동 *** 선사현대아파트,PHMG120243240033047000109,3240000,"서울특별시 강동구 상암로 **, ***동 ****호 (암사동, 선사현대아파트)",05240,03,폐업,,,,
태광의료기상사,2009-11-05,,,2026-05-06 22:41:17,I,03,폐업,2009-11-05 16:35:54,,2008-06-30,134-072,서울특별시 강동구 명일*동 **-** 명일시티코아*층*호,PHMG120083240033047000045,3240000,,,03,폐업,,,,
GS25암사센트럴점,,211638.256808634,449773.975375304,2026-05-06 22:43:50,I,13,영업중,2022-02-07 17:10:47,,2022-02-07,,서울특별시 강동구 암사동 *** 암사동와이씨빌딩,PHMG120223240033047000036,3240000,"서울특별시 강동구 상암로**길 **(암사동, 암사동와이씨빌딩)",05261,01,영업/정상,,,,
추병열보청기 난청센터,,211912.282694478,447248.126116539,2026-05-06 22:44:09,I,13,영업중,2024-12-02 16:38:41,,2024-12-02,,서울특별시 강동구 성내동 ***-* 오스카빌딩,PHMG120243240033047000126,3240000,"서울특별시 강동구 양재대로 ****, 오스카빌딩 *층 ***호 (성내동)",05404,01,영업/정상,,,,80.53
제이에스,2023-08-16,189282.557380259,442417.955057116,2026-05-06 22:38:35,I,03,폐업,2023-08-16 11:42:43,,2023-04-04,,서울특별시 금천구 가산동 ***-* 케이씨씨 웰츠밸리,PHMG120233170035047000052,3170000,"서울특별시 금천구 가산디지털*로 ***, 케이씨씨 웰츠밸리 ***-*호 (가산동)",08501,03,폐업,,,,
대한메디칼,2021-10-01,190089.848501108,441320.86732122,2026-05-06 22:37:49,I,03,폐업,2021-10-01 15:49:18,,2020-09-16,,서울특별시 금천구 가산동 ***-* 에이스 하이엔드타워 클래식 지식산업센터,PHMG120203170035047000155,3170000,"서울특별시 금천구 벚꽃로**길 **, 에이스 하이엔드타워 클래식 지식산업센터 ***호 (가산동)",08517,03,폐업,,,,
천기권 의료기,2014-04-11,191116.445325276,441153.239510693,2026-05-06 22:37:17,I,03,폐업,2014-04-14 09:29:22,,2011-12-26,,,PHMG120113170035047000055,3170000,"서울특별시 금천구 시흥대로***길 **, *층 (독산동)",,03,폐업,,,,
부츠(Boots) 마리오아울렛점,2020-04-22,189759.713050655,441814.115920983,2026-05-06 22:37:34,I,03,폐업,2020-04-22 14:06:47,,2018-04-09,,서울특별시 금천구 가산동 **번지 **호 마리오아울렛*,PHMG120183170035047000033,3170000,"서울특별시 금천구 벚꽃로 ***, 마리오아울렛* *관동 *층 (가산동)",08511,03,폐업,,,,
커스텀아이즈,,189417.678263584,441342.660096623,2026-05-06 22:37:44,I,15,전출,2026-02-02 09:49:31,,2019-11-14,,,PHMG120193170035047000167,3170000,"서울특별시 금천구 가산디지털*로 **, 에이스 하이엔드타워* ****호 (가산동)",08588,05,제외/삭제/전출,,,,
세븐일레븐 독산역본점,,190217.532209117,440365.053994237,2026-05-06 22:38:10,I,13,영업중,2024-02-27 10:07:15,,2021-10-12,,서울특별시 금천구 독산동 **** 씨엘빌딩,PHMG120213170035047000140,3170000,"서울특별시 금천구 벚꽃로 ***, 씨엘빌딩 (독산동)",08601,01,영업/정상,,,,
(주)청아옵티칼,,190232.47138241,440016.250106997,2026-05-06 22:37:32,I,13,영업중,2017-08-09 16:31:48,,2017-08-07,,,PHMG120173170035047000067,3170000,"서울특별시 금천구 벚꽃로 **, 상가동 *층 ***호 (독산동, 금천현대아파트)",08596,01,영업/정상,,,,
(주)엘엔디코퍼레이션,,189855.309927286,441540.894601732,2026-05-06 22:38:30,I,13,영업중,2022-08-12 16:09:15,,2020-03-13,,서울특별시 금천구 가산동 **-** 에이스하이엔드타워*차,PHMG120223170035047000201,3170000,"서울특별시 금천구 벚꽃로 ***, 에이스하이엔드타워*차 ***-*호 (가산동)",08513,01,영업/정상,,,,
에스엠메드,2025-11-28,211966.759282034,448015.084774496,2026-05-06 22:44:00,I,03,폐업,2025-11-28 16:51:10,,2022-09-08,,서울특별시 강동구 성내동 ***-*,PHMG120223240033047000274,3240000,"서울특별시 강동구 천호대로 ****, *층 ***호 (성내동)",05373,03,폐업,,,,
에스엠티아이 아카데미,2019-05-02,212727.784179462,450245.203247775,2026-05-06 22:43:06,I,03,폐업,2019-05-02 16:48:56,,2016-08-05,,,PHMG120163240033047000068,3240000,"서울특별시 강동구 양재대로 ****, *층 **호 (명일동, 삼익그린맨션)",05266,03,폐업,,,,
주식회사 티앤엔바이오사이언스,,210726.755874418,447381.53172133,2026-05-06 22:44:12,I,13,영업중,2025-10-29 09:41:01,,2025-10-28,,서울특별시 강동구 성내동 ***-** 장성글로벌빌딩,PHMG120253240033047000117,3240000,"서울특별시 강동구 성내로*길 **, 장성글로벌빌딩 *층 (성내동)",05398,01,영업/정상,,,,
진메디칼,,211212.517685526,449732.261662885,2026-05-06 22:44:02,I,13,영업중,2023-01-30 09:40:19,,2023-01-27,,서울특별시 강동구 천호동 *** 영림빌딩,PHMG120233240033047000020,3240000,"서울특별시 강동구 올림픽로 ***, 영림빌딩 *층 (천호동)",05318,01,영업/정상,,,,10
문민언니,2025-06-17,211635.424656654,449519.993614102,2026-05-06 22:44:08,I,03,폐업,2025-06-18 11:15:16,,2024-05-22,,서울특별시 강동구 천호동 ***-** 청풍빌딩,PHMG120243240033047000056,3240000,"서울특별시 강동구 상암로 **, 청풍빌딩 ***호 (천호동)",05319,03,폐업,,,,
웃는 언니,,189417.708595762,442309.174987731,2026-05-06 22:37:50,I,15,전출,2021-05-12 15:47:19,,2020-12-14,,서울특별시 금천구 가산동 ***-* 에이스테크노타워**차,PHMG120203170035047000203,3170000,"서울특별시 금천구 가산디지털*로 ***, 에이스테크노타워**차 ****-***호 (가산동)",08502,05,제외/삭제/전출,,,,
(주)와이에스그룹,,211745.13841297,449333.727859364,2026-05-06 22:43:57,I,13,영업중,2022-05-19 10:36:39,,2022-05-16,,서울특별시 강동구 천호동 ***-**,PHMG120223240033047000180,3240000,"서울특별시 강동구 구천면로 ***, *층 (천호동)",05320,01,영업/정상,,,,
메디365,,211909.700334962,447825.904327241,2026-05-06 22:42:14,I,13,영업중,2019-05-28 10:29:56,,2018-07-17,,서울특별시 강동구 성내동 ***번지 **호,PHMG120123240033047000073,3240000,"서울특별시 강동구 양재대로***길 **, ***호 (성내동)",05374,01,영업/정상,,,02-6326-3655,
(주)은성메디텍 서울지점,2020-12-23,189647.046752134,441677.096205358,2026-05-06 22:37:32,I,03,폐업,2020-12-23 17:23:55,,2017-07-19,,서울특별시 금천구 가산동 ***번지 **호 에스티엑스브이타워,PHMG120173170035047000062,3170000,"서울특별시 금천구 가산디지털*로 ***, 에스티엑스브이타워 **층 ****호 (가산동)",08507,03,폐업,,,,
고려수지침,,212003.42259959,447555.957984841,2026-05-06 22:41:00,I,13,영업중,2024-06-21 16:19:33,,2007-01-29,134-843,서울특별시 강동구 성내*동 ***번지 **호   ***호,PHMG120073240033047000008,3240000,서울특별시 강동구 양재대로**길 * (성내동),05376,01,영업/정상,,,02-489-0788,
메디플러스,2011-08-05,191226.287379467,437914.06299827,2026-05-06 22:37:10,I,03,폐업,2011-08-05 13:54:57,,2009-04-01,153-755,서울특별시 금천구 시흥*동 ***번지 시흥유통상가 *동 ***호,PHMG120093170035047000010,3170000,"서울특별시 금천구 시흥대로 **, *동 ***호 (시흥동,시흥유통상가)",,03,폐업,,,,
누리엘 주식회사,,211458.648093395,450316.255472825,2026-05-06 22:44:08,I,13,영업중,2024-05-22 13:08:04,,2020-12-11,,서울특별시 강동구 암사동 ***-** 정산아파트,PHMG120243240033047000055,3240000,"서울특별시 강동구 고덕로 **, ***-***호 (암사동, 정산아파트)",05238,01,영업/정상,,,,
새힘메디텍,,189790.323886715,442017.86745811,2026-05-06 22:37:51,I,15,전출,2026-04-16 09:28:42,,2015-05-15,,서울특별시 금천구 가산동 **-** 백상스타타워*차,PHMG120213170035047000021,3170000,"서울특별시 금천구 디지털로*길 **, 백상스타타워*차 ***호 (가산동)",08511,05,제외/삭제/전출,,,,
GS25성내타운점,,211814.194932072,447970.901930064,2026-05-06 22:43:50,I,13,영업중,2024-06-20 10:43:22,,2022-02-03,,서울특별시 강동구 성내동 ***-**,PHMG120223240033047000023,3240000,서울특별시 강동구 천호대로***길 **(성내동),05373,01,영업/정상,,,,
율메디컬,2016-03-24,189202.600232089,441848.24299943,2026-05-06 22:37:28,I,03,폐업,2016-03-29 16:18:17,,2016-03-24,,,PHMG120163170035047000003,3170000,"서울특별시 금천구 가산디지털*로 ***, ****-**호 (가산동, 월드메르디앙*차)",08505,03,폐업,,,26340619,
지엠에스(GMS),,211966.759282034,448015.084774496,2026-05-06 22:43:21,I,13,영업중,2019-08-22 15:10:48,,2017-01-12,,서울특별시 강동구 성내동 ***번지 *호,PHMG120193240033047000081,3240000,"서울특별시 강동구 천호대로 ****, *층 ****호 (성내동)",05373,01,영업/정상,,,,3.3
(주)지앰씨홀딩스,2017-09-14,189482.748682182,441024.287181831,2026-05-06 22:37:30,I,03,폐업,2017-09-14 10:12:31,,2016-06-08,,,PHMG120163170035047000063,3170000,"서울특별시 금천구 서부샛길 ***, *층 (가산동)",08593,03,폐업,,,,
삼성솔루텍(주),,189055.138252216,441958.334400683,2026-05-06 22:38:34,I,15,전출,2023-12-20 15:38:13,,2023-01-17,,서울특별시 금천구 가산동 ***-* 대성디폴리스지식산업센터,PHMG120233170035047000021,3170000,"서울특별시 금천구 서부샛길 ***, 대성디폴리스지식산업센터 B동 ****-*호 (가산동)",08504,05,제외/삭제/전출,,,02-2039-1134,
엠티에스코리아 (MTS KOREA),,212578.555402293,449648.448300746,2026-05-06 22:44:05,I,13,영업중,2026-01-16 09:56:28,,2021-02-24,,서울특별시 강동구 천호동 **-** 천호동블루빌,PHMG120233240033047000099,3240000,"서울특별시 강동구 양재대로***길 *-*, ***호 (천호동, 천호동블루빌)",05306,01,영업/정상,,,,
(주)메디엠텍,2022-05-16,189778.774504778,441302.111937219,2026-05-06 22:37:46,I,03,폐업,2022-05-12 11:27:54,,2018-03-29,,서울특별시 금천구 가산동 ***번지 **호 IT프리미어타워,PHMG120203170035047000060,3170000,"서울특별시 금천구 가산디지털*로 **, IT프리미어타워 ****-*호 (가산동)",08590,03,폐업,,,031-360-7146,
대성이엔씨,,191033.639426193,440658.033093013,2026-05-06 22:38:45,I,13,영업중,2025-11-14 14:08:25,,2025-11-14,,,PHMG120253170035047000085,3170000,"서울특별시 금천구 시흥대로***길 **, ***호 (독산동, 승리빌리지)",08579,01,영업/정상,,,,
한국디아이,2009-09-01,,,2026-05-06 22:41:14,I,03,폐업,2009-09-02 09:54:19,,2008-04-23,134-033,"서울특별시 강동구 성내*동 ***-**, 덕양빌딩***호",PHMG120083240033047000030,3240000,,,03,폐업,,,02-486-2330,
금빛노을복지용구판매(임대)사업소,2025-04-04,190230.720043589,439076.473191235,2026-05-06 22:38:44,I,03,폐업,2025-04-04 15:35:50,,2025-03-31,,,PHMG120253170035047000026,3170000,"서울특별시 금천구 금하로*라길 **, 지층 (독산동)",08600,03,폐업,,,,
원메딕스,,190694.880295092,440764.426277932,2026-05-06 22:37:26,I,15,전출,2023-01-30 19:56:12,,2015-03-24,,서울특별시 금천구 독산동 ***번지 *호 현대지식산업센터 T***호,PHMG120153170035047000028,3170000,"서울특별시 금천구 두산로 **, 현대지식산업센터 T***호 (독산동)",08584,05,제외/삭제/전출,,,,
웰메디,,212224.982406665,447799.403913642,2026-05-06 22:43:12,I,15,전출,2020-06-25 17:04:46,,2018-07-31,,서울특별시 강동구 둔촌동 ***번지 산호빌딩,PHMG120183240033047000065,3240000,"서울특별시 강동구 양재대로***길 **, 산호빌딩 ***호 (둔촌동)",05363,05,제외/삭제/전출,,,02-484-0815,40
주식회사 네이처스큐어,,189378.332493727,442066.99866487,2026-05-06 22:38:40,I,13,영업중,2024-04-29 20:55:09,,2024-04-01,,서울특별시 금천구 가산동 ***-** 가산 에스케이 브이원 센터,PHMG120243170035047000039,3170000,"서울특별시 금천구 가산디지털*로 ***, 가산 에스케이 브이원 센터 ***-***호 (가산동)",08503,01,영업/정상,,,,
씨유 대륭승리점,,189920.528610917,440521.85524888,2026-05-06 22:38:34,I,13,영업중,2025-08-27 17:06:00,,2023-01-10,,서울특별시 금천구 가산동 *** 대륭테크노타운 **차,PHMG120233170035047000015,3170000,"서울특별시 금천구 가산디지털*로 *, 대륭테크노타운 **차 ***,***호 (가산동)",08594,01,영업/정상,,,,
주식회사 포브스인터내셔날,,189378.332493727,442066.99866487,2026-05-06 22:38:42,I,13,영업중,2024-10-07 14:56:27,,2024-10-07,,서울특별시 금천구 가산동 ***-** 가산 SK V* center,PHMG120243170035047000109,3170000,"서울특별시 금천구 가산디지털*로 ***, 가산 SK V* center ***-*호 (가산동)",08503,01,영업/정상,,,,
탑메디,,211458.648093395,450316.255472825,2026-05-06 22:43:38,I,13,영업중,2020-09-25 17:05:12,,2020-09-24,,서울특별시 강동구 암사동 ***-** 정산아파트,PHMG120203240033047000086,3240000,"서울특별시 강동구 고덕로 **, *층 ***-***호 (암사동, 정산아파트)",05238,01,영업/정상,,,,
(주)디엑스앤브이엑스 지점,,189855.309927286,441540.894601732,2026-05-06 22:37:37,I,13,영업중,2025-11-27 09:20:28,,2018-08-30,,서울특별시 금천구 가산동 **번지 **호 에이스하이엔드타워*차,PHMG120183170035047000097,3170000,"서울특별시 금천구 벚꽃로 ***, 에이스하이엔드타워*차 ***호 (가산동)",08513,01,영업/정상,,,,
태양,,212312.010247116,449790.850029957,2026-05-06 22:43:00,I,15,전출,2016-09-22 13:07:09,,2015-05-06,134-861,서울특별시 강동구 천호동 **번지 **호 *층,PHMG120153240033047000054,3240000,"서울특별시 강동구 구천면로**길 *, *층 (천호동)",05305,05,제외/삭제/전출,,,02-400-6074,226.22
현대치재,2018-06-18,212624.891449347,448937.811380947,2026-05-06 22:42:23,I,24,직권폐업,2018-06-19 09:38:37,,2013-01-30,134-811,서울특별시 강동구 길동 ***번지 *호 ***호,PHMG120133240033047000005,3240000,"서울특별시 강동구 양재대로***길 **, ***호 (길동, 동서울오데뜨)",05303,04,취소/말소/만료/정지/중지,,,,10.58
한미메드,2024-09-03,212965.180856621,447872.025836656,2026-05-06 22:43:12,I,03,폐업,2024-09-03 16:36:13,,2018-07-11,,서울특별시 강동구 둔촌동 ***번지 *호,PHMG120183240033047000058,3240000,"서울특별시 강동구 동남로**길 **-**, *층 (둔촌동)",05366,03,폐업,,,,213.3
헬스어스주식회사,2023-01-02,189202.600232089,441848.24299943,2026-05-06 22:38:02,I,03,폐업,2023-01-02 09:59:59,,2017-11-28,,서울특별시 금천구 가산동 ***-* 월드메르디앙*차,PHMG120213170035047000103,3170000,"서울특별시 금천구 가산디지털*로 ***, 월드메르디앙*차 ****호 (가산동)",08505,03,폐업,,,070-4245-7028,
(주)서현디앤씨,,189647.046752134,441677.096205358,2026-05-06 22:37:37,I,15,전출,2019-09-19 10:44:17,,2015-12-03,,서울특별시 금천구 가산동 ***번지 **호 에스티엑스브이타워,PHMG120183170035047000084,3170000,"서울특별시 금천구 가산디지털*로 ***, 에스티엑스브이타워 ***호 (가산동)",08507,05,제외/삭제/전출,,,070-4406-2252,
새싹,,191031.986587614,439209.588198806,2026-05-06 22:38:35,I,13,영업중,2023-04-17 13:31:30,,2023-04-17,,서울특별시 금천구 시흥동 ***-**,PHMG120233170035047000060,3170000,"서울특별시 금천구 시흥대로**길 **, *층 (시흥동)",08614,01,영업/정상,,,,
월천무니,,210726.520475543,449107.783465768,2026-05-06 22:44:10,I,13,영업중,2025-02-26 09:56:47,,2025-02-25,,서울특별시 강동구 천호동 ***-** 강촌아트빌,PHMG120253240033047000016,3240000,"서울특별시 강동구 천중로*길 **-*, B동 ***호 (천호동, 강촌아트빌)",05245,01,영업/정상,,,,
희망메디칼,2013-05-20,191645.73536667,439554.60523948,2026-05-06 22:37:14,I,03,폐업,2013-05-22 16:07:53,,2010-08-13,153-855,서울특별시 금천구 시흥*동 ***번지 **호,PHMG120103170035047000040,3170000,서울특별시 금천구 독산로**가길 ** (시흥동),,03,폐업,,,,
주식회사 강남전자프라자,,210609.416578206,447533.455445594,2026-05-06 22:43:37,I,13,영업중,2022-09-22 15:11:21,,2020-08-24,,서울특별시 강동구 성내동 ***-** 디지털프라자,PHMG120203240033047000076,3240000,"서울특별시 강동구 올림픽로 ***, 디지털프라자 *층 (성내동)",05398,01,영업/정상,,,02-577-4242,
(주)씨앤엘인터내셔널,2014-12-22,189704.124452441,442268.214645797,2026-05-06 22:37:18,I,24,직권폐업,2014-12-23 15:09:07,,2012-09-05,153-023,서울특별시 금천구 가산동 **번지 *호 *층,PHMG120123170035047000042,3170000,"서울특별시 금천구 벚꽃로**길 ** (가산동,*층)",,04,취소/말소/만료/정지/중지,,,,
㈜케이에이엠아이,2017-05-01,189417.708595762,442309.174987731,2026-05-06 22:37:19,I,03,폐업,2017-05-01 10:07:15,,2012-10-18,153-789,서울특별시 금천구 가산동 ***번지 *호 에이스테크노타워 **차 ***호,PHMG120123170035047000052,3170000,"서울특별시 금천구 가산디지털*로 ***, ***호 (가산동, 에이스테크노타워 **차)",08502,03,폐업,,,,
지더블유바이텍(주),,189829.504142672,441618.071646624,2026-05-06 22:38:43,I,15,전출,2025-10-15 13:44:44,,2018-01-18,,서울특별시 금천구 가산동 **-** 벽산디지털밸리*차,PHMG120243170035047000121,3170000,"서울특별시 금천구 벚꽃로 ***, 벽산디지털밸리*차 ****호 (가산동)",08513,05,제외/삭제/전출,,,,
(주)지씨바이오,,189182.776746982,442382.690694868,2026-05-06 22:37:48,I,13,영업중,2026-04-15 12:59:54,,2020-08-13,,서울특별시 금천구 가산동 ***-*,PHMG120203170035047000137,3170000,"서울특별시 금천구 가산디지털*로 ***-**, ***호 (가산동)",08501,01,영업/정상,,,02-6265-2557,
엘제이메드(LJmed),,211055.949170471,448255.193715985,2026-05-06 22:44:03,I,13,영업중,2023-02-23 09:48:24,,2023-02-22,,서울특별시 강동구 성내동 **-** G라이트빌딩,PHMG120233240033047000030,3240000,"서울특별시 강동구 천호옛길 **, G라이트빌딩 *층 ***호 (성내동)",05379,01,영업/정상,,,,
(주)팀코코리아,,189504.258704224,441390.738560411,2026-05-06 22:37:34,I,13,영업중,2018-04-05 16:26:25,,2018-03-30,,서울특별시 금천구 가산동 ***번지 **호 대륭테크노타운**차,PHMG120183170035047000030,3170000,"서울특별시 금천구 가산디지털*로 **, 대륭테크노타운**차 *층 ***호 (가산동)",08589,01,영업/정상,,,,
솜솜팜,2025-06-25,189497.04098479,441728.27059771,2026-05-06 22:38:33,I,03,폐업,2025-06-25 17:42:55,,2023-01-10,,,PHMG120233170035047000012,3170000,"서울특별시 금천구 가산디지털*로 ***, IT캐슬*차 ****-*호 (가산동)",08506,03,폐업,,,,
스마트씨팝,2015-09-17,210845.844797087,448679.382603258,2026-05-06 22:42:14,I,03,폐업,2015-09-17 12:32:26,,2012-10-02,134-874,서울특별시 강동구 천호동 ***번지 **호,PHMG120123240033047000075,3240000,서울특별시 강동구 올림픽로 *** (천호동),05248,03,폐업,,,070-8699-9802,
세븐일레븐 금천백산점,,191454.010997671,438492.853814448,2026-05-06 22:38:24,I,13,영업중,2022-03-24 09:51:41,,2022-03-24,,,PHMG120223170035047000101,3170000,"서울특별시 금천구 독산로 **, 백운매트로엔 ***호 (시흥동)",08649,01,영업/정상,,,,
(주)메드믹스,2013-07-04,189369.53962474,441629.361414684,2026-05-06 22:37:17,I,03,폐업,2013-07-04 14:17:16,,2012-03-13,,,PHMG120123170035047000009,3170000,"서울특별시 금천구 가산디지털*로 **, *층 *-***호 (가산동, IT캐슬*동)",,03,폐업,,,,
뷰린컴퍼니,,189089.927764903,442569.300676147,2026-05-06 22:37:33,I,15,전출,2025-06-05 09:13:05,,2017-11-09,,,PHMG120173170035047000093,3170000,"서울특별시 금천구 가마산로 **, **층 ****호 (가산동)",08501,05,제외/삭제/전출,,,21630555,
씨유금천조일점,2024-12-24,191226.627185916,441465.46655326,2026-05-06 22:38:20,I,03,폐업,2024-12-24 17:48:37,,2022-02-10,,서울특별시 금천구 독산동 ***-** 조일하이츠맨숀,PHMG120223170035047000039,3170000,"서울특별시 금천구 시흥대로***길 **, ***,***호 (독산동, 조일하이츠맨숀)",08541,03,폐업,,,,
㈜케이엠글로벌 서울사무소,2009-11-18,190887.148804759,441064.093086615,2026-05-06 22:37:09,I,03,폐업,2009-11-18 14:46:13,,2008-10-01,153-011,서울특별시 금천구 독산*동 ***번지 *호 *층,PHMG120083170035047000021,3170000,"서울특별시 금천구 시흥대로 *** (독산동,*층)",,03,폐업,,,32810283,
(주)수메디컬,,211294.537364441,450326.82214742,2026-05-06 22:43:04,I,13,영업중,2022-03-29 14:54:46,,2016-03-28,,서울특별시 강동구 암사동 ***-* 예일빌딩,PHMG120163240033047000019,3240000,"서울특별시 강동구 고덕로*길 *, 예일빌딩 *층 (암사동)",05239,01,영업/정상,,,02-425-5342,162.27
이움바이오,,189459.065518928,441844.960857588,2026-05-06 22:38:28,I,15,전출,2023-01-26 09:34:49,,2022-07-07,,,PHMG120223170035047000162,3170000,"서울특별시 금천구 가산디지털*로 ***, 신한이노플렉스 *층 ***A-**호 (가산동)",08506,05,제외/삭제/전출,,,,10.5
제이엠메디,2022-08-11,189778.774504778,441302.111937219,2026-05-06 22:38:28,I,03,폐업,2022-08-11 14:57:53,,2022-06-23,,서울특별시 금천구 가산동 ***-** IT프리미어타워,PHMG120223170035047000155,3170000,"서울특별시 금천구 가산디지털*로 **, IT프리미어타워 ***호 (가산동)",08590,03,폐업,,,02-6338-5170,
(주)트렌드리더,2020-10-15,189188.74756733,441601.047932709,2026-05-06 22:37:32,I,03,폐업,2020-10-15 17:01:50,,2017-06-14,,,PHMG120173170035047000051,3170000,"서울특별시 금천구 서부샛길 ***, ***호 (가산동, 세계일보)",08505,03,폐업,,,070-4287-4466,
(주)신지,2015-11-30,212563.858261127,448663.093132792,2026-05-06 22:41:35,I,03,폐업,2015-12-02 09:49:20,,2009-05-04,134-812,서울특별시 강동구 길동 ***번지 *호 지하*층,PHMG120093240033047000031,3240000,서울특별시 강동구 천중로**길 ** (길동),05343,03,폐업,,,,
비앤피코리아 주식회사,2017-05-29,211616.551920171,447518.233667973,2026-05-06 22:42:55,I,03,폐업,2017-05-29 13:06:56,,2015-01-27,134-845,서울특별시 강동구 성내동 ***번지 **호,PHMG120153240033047000011,3240000,서울특별시 강동구 풍성로 *** (성내동),05403,03,폐업,,,,
(주)유렌코리아,2022-06-15,189497.04098479,441728.27059771,2026-05-06 22:37:46,I,24,직권폐업,2022-06-14 11:19:07,,2020-04-08,,서울특별시 금천구 가산동 ***번지 **호 IT캐슬*차,PHMG120203170035047000054,3170000,"서울특별시 금천구 가산디지털*로 ***, IT캐슬*차 **층 (가산동)",08506,04,취소/말소/만료/정지/중지,,,,
세니덴,,191391.967280466,438458.097193512,2026-05-06 22:37:51,I,13,영업중,2025-02-21 16:12:32,,2021-01-27,,서울특별시 금천구 시흥동 ***-* 극동빌딩,PHMG120213170035047000020,3170000,"서울특별시 금천구 시흥대로 ***, 극동빌딩 ***호 (시흥동)",08649,01,영업/정상,,,,
GS25암사현대점,,212128.748651197,450405.144983099,2026-05-06 22:43:51,I,13,영업중,2022-02-08 13:31:28,,2022-02-04,,서울특별시 강동구 암사동 ***-* 강동현대홈타운,PHMG120223240033047000041,3240000,"서울특별시 강동구 고덕로**길 **, 강동현대홈타운 ***호 (암사동)",05236,01,영업/정상,,,,
(주)엘앤케이웍스,2017-05-25,210736.936937128,447532.304716974,2026-05-06 22:42:43,I,03,폐업,2017-05-25 16:40:22,,2014-01-06,134-851,서울특별시 강동구 성내동 ***번지 *호,PHMG120143240033047000006,3240000,"서울특별시 강동구 성내로 **, ***호 (성내동)",05398,03,폐업,,,,
(주)썬리치플러스,2013-12-02,189293.917551254,442381.469227679,2026-05-06 22:37:12,I,24,직권폐업,2013-12-02 17:07:43,,2009-06-02,153-704,서울특별시 금천구 가산동 ***번지 *호 벽산디지털밸리*차  ***호,PHMG120093170035047000018,3170000,,,04,취소/말소/만료/정지/중지,,,070-8611-2000,
(주)비오씨이래,2024-11-26,189790.323886715,442017.86745811,2026-05-06 22:37:48,I,24,직권폐업,2024-11-28 17:30:24,,2020-07-15,,서울특별시 금천구 가산동 **-** 백상스타타워*차,PHMG120203170035047000119,3170000,"서울특별시 금천구 디지털로*길 **, 백상스타타워*차 ****호 (가산동)",08511,04,취소/말소/만료/정지/중지,,,02-830-6669,
시몬메디칼,,211650.564418133,447971.158000638,2026-05-06 22:44:11,I,13,영업중,2025-06-23 13:18:40,,2025-06-23,,서울특별시 강동구 성내동 ***-* 블루타워,PHMG120253240033047000080,3240000,"서울특별시 강동구 천호대로***길 **, 블루타워 ***호 (성내동)",05381,01,영업/정상,,,,
원클릭메드,2017-12-05,210970.75707265,448713.31669728,2026-05-06 22:43:01,I,03,폐업,2017-12-05 17:54:52,,2017-12-05,,서울특별시 강동구 천호동 ***번지 *호 ***호,PHMG120153240033047000076,3240000,"서울특별시 강동구 올림픽로 ***, ***호 (천호동, 대우한강베네시티)",05328,03,폐업,,,,11.63
행복의료기,2017-10-27,211174.771171465,448678.909948061,2026-05-06 22:41:47,I,03,폐업,2017-10-27 14:45:39,,2010-07-07,134-873,서울특별시 강동구 천호동 ***번지 *호 *층 *호,PHMG120103240033047000057,3240000,서울특별시 강동구 구천면로 *** (천호동),05329,03,폐업,,,,
지에스(GS)25 올림픽공원북2문점,,211374.342098995,446946.352765049,2026-05-06 22:43:54,I,13,영업중,2026-03-06 09:33:18,,2022-03-11,,서울특별시 강동구 성내동 ***-** 오성우산빌딩,PHMG120223240033047000117,3240000,"서울특별시 강동구 성안로 **, 오성우산빌딩 *층 (성내동)",05407,01,영업/정상,,,,
드림프레젠츠,,212668.229289738,449717.909862916,2026-05-06 22:43:00,I,13,영업중,2020-10-14 11:34:17,,2015-05-08,,서울특별시 강동구 명일동 ***-*,PHMG120153240033047000056,3240000,"서울특별시 강동구 양재대로***길 *, 별관동 SB**호 (명일동)",05295,01,영업/정상,,,02-6449-8813,
CU강동상일로점,2016-12-29,215065.875411417,449648.731360229,2026-05-06 22:43:02,I,03,폐업,2016-12-29 13:28:40,,2015-10-27,,서울특별시 강동구 상일제*동 ***번지 *호 ***호,PHMG120153240033047000110,3240000,"서울특별시 강동구 상일로*길 **, ***호 (상일제*동)",05282,03,폐업,,,,44.06
한국제이엔제이,,211573.770265043,448168.954892944,2026-05-06 22:43:52,I,15,전출,2024-12-17 14:37:51,,2021-04-14,,서울특별시 강동구 성내동 ***-** 경남빌딩,PHMG120223240033047000079,3240000,"서울특별시 강동구 천호대로 ****, 경남빌딩 ***호 (성내동)",05380,05,제외/삭제/전출,,,,
웰킵스(주),,211384.144442129,446973.81658404,2026-05-06 22:43:34,I,15,전출,2020-11-12 18:34:02,,2020-04-17,,서울특별시 강동구 성내동 ***번지 **호 웰킵스 빌딩,PHMG120203240033047000032,3240000,"서울특별시 강동구 성안로 **, 웰킵스 빌딩 *층 (성내동)",05407,05,제외/삭제/전출,,,02-573-7900,251.7
도담컴퍼니,2022-06-15,189055.138252216,441958.334400683,2026-05-06 22:37:39,I,24,직권폐업,2022-06-14 13:24:58,,2019-01-11,,서울특별시 금천구 가산동 ***번지 *호 대성디폴리스지식산업센터,PHMG120193170035047000010,3170000,"서울특별시 금천구 서부샛길 ***, 대성디폴리스지식산업센터 **층 ****-*호 (가산동)",08504,04,취소/말소/만료/정지/중지,,,02-6416-1320,
한국천기권의료기,2012-04-19,191576.394904518,438911.328488764,2026-05-06 22:37:15,I,03,폐업,2012-04-19 14:56:30,,2011-03-02,153-031,서울특별시 금천구 시흥*동 ***번지 *호 *층,PHMG120113170035047000008,3170000,"서울특별시 금천구 금하로 *** (시흥동,*층)",,03,폐업,,,,
주식회사 구운돌산업,2011-01-07,190222.87065142,439297.987905265,2026-05-06 22:37:12,I,03,폐업,2011-01-07 17:35:19,,2009-09-28,153-833,서울특별시 금천구 독산*동 ****번지 케이티 신금천지점 *층,PHMG120093170035047000037,3170000,,,03,폐업,,,,
티에스 메디텍,,189686.475000033,440870.092608694,2026-05-06 22:37:23,I,13,영업중,2014-10-21 09:08:45,,2014-10-16,,,PHMG120143170035047000059,3170000,"서울특별시 금천구 가산디지털*로 **, ***호 (가산동, 대륭테크노타운**차)",08592,01,영업/정상,,,,
힐링바이오,,211553.616060355,448907.112431105,2026-05-06 22:43:07,I,15,전출,2018-04-02 08:38:37,,2017-01-02,,서울특별시 강동구 천호동 ***번지 *호 *층,PHMG120173240033047000003,3240000,"서울특별시 강동구 구천면로**길 *, *층 (천호동, 예일빌딩)",05334,05,제외/삭제/전출,,,,100.05
이랑바이오 강동지사,2019-01-29,211786.285997877,447157.037194288,2026-05-06 22:43:10,I,03,폐업,2019-01-29 13:17:33,,2018-01-12,,서울특별시 강동구 성내동 ***번지 **호,PHMG120183240033047000004,3240000,"서울특별시 강동구 양재대로**길 **, 지층 (성내동)",05405,03,폐업,,,,163.74
씨유 뉴강동미소점,,211933.11988697,449959.952568584,2026-05-06 22:43:51,I,13,영업중,2022-02-08 14:12:05,,2022-02-04,,서울특별시 강동구 암사동 ***-**,PHMG120223240033047000043,3240000,서울특별시 강동구 암사길 **-*(암사동),05259,01,영업/정상,,,,
㈜지엠메딕스,2015-10-08,189364.095969911,441746.981529543,2026-05-06 22:37:20,I,03,폐업,2015-10-13 11:44:21,,2013-01-30,153-702,서울특별시 금천구 가산동 ***번지 *호 뉴티캐슬 ***호,PHMG120133170035047000007,3170000,"서울특별시 금천구 가산디지털*로 ***, ***호 (가산동, 뉴티캐슬)",08506,03,폐업,,,,
(주)아리수에듀,,189917.493331104,442031.656022304,2026-05-06 22:37:27,I,15,전출,2016-04-12 16:37:50,,2015-06-16,,,PHMG120153170035047000063,3170000,"서울특별시 금천구 디지털로*길 **, ***호 (가산동, 코오롱테크노밸리)",08512,05,제외/삭제/전출,,,,
블링업 눈썹&속눈썹,,211721.364195771,447076.69169474,2026-05-06 22:44:12,I,13,영업중,2025-10-29 14:53:51,,2025-10-28,,서울특별시 강동구 성내동 ***-**,PHMG120253240033047000118,3240000,"서울특별시 강동구 양재대로**가길 **, ***호 (성내동)",05405,01,영업/정상,,,,
주식회사 힐링킹,2013-12-23,212679.486469466,449934.899958472,2026-05-06 22:42:39,I,03,폐업,2013-12-23 17:34:26,,2013-08-21,,,PHMG120133240033047000067,3240000,서울특별시 강동구 양재대로 **** (명일동),,03,폐업,,,34268249,
로뎀,2015-11-11,213048.692179757,450124.105734971,2026-05-06 22:42:45,I,03,폐업,2015-11-11 18:04:13,,2014-05-08,134-824,서울특별시 강동구 명일동 **번지,PHMG120143240033047000028,3240000,서울특별시 강동구 명일로 *** (명일동),05267,03,폐업,,,070-8154-4800,
씨유 가산원룸점,2016-12-30,190735.518410604,441673.040113196,2026-05-06 22:37:25,I,03,폐업,2016-12-30 15:48:38,,2014-11-18,,,PHMG120143170035047000091,3170000,서울특별시 금천구 시흥대로***길 ** (가산동),08529,03,폐업,,,,
라온메딕스,2022-07-15,189417.708595762,442309.174987731,2026-05-06 22:37:50,I,03,폐업,2022-07-15 16:33:43,,2019-03-28,,서울특별시 금천구 가산동 ***-* 에이스테크노타워**차,PHMG120203170035047000182,3170000,"서울특별시 금천구 가산디지털*로 ***, 에이스테크노타워**차 ***-*호 (가산동)",08502,03,폐업,,,,
주식회사 큐로직,,189459.065518928,441844.960857588,2026-05-06 22:38:41,I,13,영업중,2024-05-29 13:54:52,,2022-03-29,,서울특별시 금천구 가산동 ***-** 신한이노플렉스,PHMG120243170035047000065,3170000,"서울특별시 금천구 가산디지털*로 ***, 신한이노플렉스 *층 ***호 (가산동)",08506,01,영업/정상,,,02-330-2223,164.05
뷰티에스(S)라인건강한세상,2014-11-20,211719.783405178,447380.2709044,2026-05-06 22:42:48,I,03,폐업,2014-11-20 16:00:24,,2014-08-04,134-845,서울특별시 강동구 성내동 ***번지 **호 ***호,PHMG120143240033047000050,3240000,"서울특별시 강동구 양재대로**길 **, ***호 (성내동)",,03,폐업,,,34740303,
현대헬스케어,2016-07-08,191191.868732053,439144.877856068,2026-05-06 22:37:26,I,03,폐업,2016-07-15 10:26:28,,2014-11-19,,,PHMG120143170035047000098,3170000,서울특별시 금천구 시흥대로 *** (시흥동),08628,03,폐업,,,,
씨유(CU) 강동프라자점,,213032.617501745,448138.110024822,2026-05-06 22:44:12,I,13,영업중,2025-07-14 14:08:24,,2025-07-14,,서울특별시 강동구 둔촌동 *** 프라자상가,PHMG120253240033047000090,3240000,"서울특별시 강동구 천호대로 ****, 프라자상가 ***,***호 (둔촌동)",05359,01,영업/정상,,,,
(주)에이엔에스플러스,2023-10-10,189369.53962474,441629.361414684,2026-05-06 22:37:32,I,03,폐업,2023-10-10 16:01:21,,2014-09-26,,,PHMG120173170035047000050,3170000,"서울특별시 금천구 가산디지털*로 **, *동 ***호 (가산동, IT캐슬)",08506,03,폐업,,,02-323-6552,
신나노의료기,2014-06-09,212667.4883805,449804.059280909,2026-05-06 22:42:03,I,03,폐업,2014-06-09 15:28:35,,2012-01-12,,,PHMG120123240033047000005,3240000,"서울특별시 강동구 양재대로 ****, *층 ***호 (명일동)",,03,폐업,,,,
주식회사 안스인터내셔날,,211966.759282034,448015.084774496,2026-05-06 22:43:47,I,13,영업중,2021-07-06 11:49:14,,2021-07-05,,서울특별시 강동구 성내동 ***-*,PHMG120213240033047000131,3240000,"서울특별시 강동구 천호대로 ****, ***호 (성내동)",05373,01,영업/정상,,,,
귀앤,,212195.109947109,447197.273286818,2026-05-06 22:44:10,I,13,영업중,2025-03-14 10:55:06,,2025-03-14,,서울특별시 강동구 둔촌동 ***-* 포레온스테이션*,PHMG120253240033047000031,3240000,"서울특별시 강동구 양재대로 ****, 포레온스테이션* *층 ****호 (둔촌동)",05409,01,영업/정상,,,,
한국메디컬,2014-02-17,210740.125210724,448044.126218256,2026-05-06 22:41:50,I,03,폐업,2014-02-17 17:34:27,,2010-10-12,134-841,서울특별시 강동구 성내*동 ***번지 **호,PHMG120103240033047000085,3240000,,,03,폐업,,,,
썬플렉스,2014-02-27,212679.486469466,449934.899958472,2026-05-06 22:42:39,I,03,폐업,2014-02-27 10:52:03,,2013-08-21,134-830,서울특별시 강동구 명일*동 ***번지 **호,PHMG120133240033047000066,3240000,서울특별시 강동구 양재대로 **** (명일동),,03,폐업,,,,
탑케어코리아 주식회사,,213636.934120635,450276.848244913,2026-05-06 22:43:59,I,13,영업중,2022-09-13 15:54:50,,2006-06-12,,서울특별시 강동구 명일동 **-* 고덕역 대명벨리온,PHMG120223240033047000242,3240000,"서울특별시 강동구 고덕로 ***, 고덕역 대명벨리온 ***호 (명일동)",05269,01,영업/정상,,,02-558-4512,
씨유 남서울풍림점,2016-12-29,191190.614295546,438410.522111193,2026-05-06 22:37:25,I,03,폐업,2016-12-29 14:47:33,,2014-11-17,,,PHMG120143170035047000085,3170000,서울특별시 금천구 시흥대로 *** (시흥동),08637,03,폐업,,,,
(주)드림웰씨앤에스,,212184.854960121,447599.856564218,2026-05-06 22:41:36,I,15,전출,2024-03-26 09:30:36,,2009-06-30,,서울특별시 강동구 둔촌동 ***-*,PHMG120093240033047000046,3240000,"서울특별시 강동구 양재대로**길 **, ***호 (둔촌동)",05372,05,제외/삭제/전출,,,,
주식회사 이엠메디칼,,212557.77171457,448197.91256132,2026-05-06 22:43:21,I,15,전출,2023-02-15 16:31:28,,2019-07-29,,서울특별시 강동구 길동 ***번지 **호 재성빌딩,PHMG120193240033047000074,3240000,"서울특별시 강동구 천호대로***길 **, 재성빌딩 ***호 (길동)",05350,05,제외/삭제/전출,,,,52.8
국민썬의료기,2008-12-01,211241.194760722,449506.477251105,2026-05-06 22:41:12,I,03,폐업,2015-05-14 13:42:52,,2008-01-14,134-867,서울특별시 강동구 천호동 ***번지 **호,PHMG120083240033047000007,3240000,서울특별시 강동구 올림픽로**길 ** (천호동),,03,폐업,,,02-470-7583,
우진상사,2010-06-01,,,2026-05-06 22:41:01,I,03,폐업,2010-06-01 14:06:42,,2007-02-09,134-062,서울특별시 강동구 둔촌*동 ***-* *층,PHMG120073240033047000014,3240000,,,03,폐업,,,02-481-7436,
씨유 독산제일점,2023-06-22,190963.073598906,440007.045428735,2026-05-06 22:38:22,I,03,폐업,2023-06-22 16:25:51,,2022-02-10,,,PHMG120223170035047000057,3170000,"서울특별시 금천구 시흥대로**길 **, *층 (독산동)",08619,03,폐업,,,,
(주)알투에이치,2020-03-24,210740.125210724,448044.126218256,2026-05-06 22:43:07,I,03,폐업,2020-03-25 16:32:30,,2017-02-10,,,PHMG120173240033047000014,3240000,"서울특별시 강동구 올림픽로 ***, *층 ***호 (성내동)",05385,03,폐업,,,070-8014-4400,
마미약국,2020-08-25,191917.450107657,438699.77460936,2026-05-06 22:37:37,I,03,폐업,2020-08-25 14:07:59,,2018-08-01,,서울특별시 금천구 시흥동 ***번지 **호 에벤에셀프라자,PHMG120183170035047000086,3170000,"서울특별시 금천구 금하로 ***, 에벤에셀프라자 ***호 (시흥동)",08644,03,폐업,,,,
비앤에스,2021-09-29,189979.841396839,439315.464911957,2026-05-06 22:37:22,I,03,폐업,2021-09-29 15:47:08,,2014-05-14,,,PHMG120143170035047000027,3170000,"서울특별시 금천구 한내로 **, *층 (독산동)",08599,03,폐업,,,,
스타메디,,189978.050925581,440363.954453659,2026-05-06 22:37:32,I,13,영업중,2017-06-30 15:07:05,,2017-06-28,,,PHMG120173170035047000056,3170000,"서울특별시 금천구 범안로 **** (가산동, 디지털엠파이어빌딩)",08595,01,영업/정상,,,,5.2
우리홈마트,,191570.712778862,440831.404725719,2026-05-06 22:38:28,I,13,영업중,2022-06-22 16:35:06,,2022-06-22,,서울특별시 금천구 독산동 ***-*,PHMG120223170035047000154,3170000,"서울특별시 금천구 독산로**다길 **, *층 (독산동)",08557,01,영업/정상,,,02-865-6458,
(주)케어플러스,2018-08-02,210907.977123377,447205.540749972,2026-05-06 22:41:14,I,03,폐업,2018-08-02 13:14:56,,2008-04-14,134-848,서울특별시 강동구 성내*동 ***번지 *호,PHMG120083240033047000028,3240000,,,03,폐업,,,02-471-3005,
아름다움,,212230.829557566,448552.183909555,2026-05-06 22:43:46,I,13,영업중,2021-05-21 09:55:58,,2021-05-17,,서울특별시 강동구 길동 ***-* 오륜빌딩,PHMG120213240033047000110,3240000,"서울특별시 강동구 양재대로***길 **, 오륜빌딩 *층 ***호 (길동)",05342,01,영업/정상,,,,
(주)코리아세븐 강동고덕점,2019-10-15,213671.045593053,450099.191717155,2026-05-06 22:42:52,I,03,폐업,2019-10-15 18:04:55,,2014-11-21,,서울특별시 강동구 명일동 **번지 **호,PHMG120143240033047000129,3240000,"서울특별시 강동구 동남로**길 **-** (명일동, 동해빌딩)",05269,03,폐업,,,,
플레이스엠,,189497.04098479,441728.27059771,2026-05-06 22:37:41,I,13,영업중,2024-04-24 10:07:51,,2019-05-08,,서울특별시 금천구 가산동 ***-** IT캐슬*차,PHMG120193170035047000081,3170000,"서울특별시 금천구 가산디지털*로 ***, IT캐슬*차 ****호 (가산동)",08506,01,영업/정상,,,,10
(사)한국장애인케어협회,2016-05-03,190858.649482406,440808.541334678,2026-05-06 22:37:14,I,03,폐업,2016-05-03 15:11:32,,2010-05-20,153-813,서울특별시 금천구 독산*동 ***번지 *호,PHMG120103170035047000024,3170000,"서울특별시 금천구 시흥대로 ***, F-***호 (독산동, 시티렉스)",08584,03,폐업,,,32807755,
제이에스메디칼,2010-05-20,212327.004834836,448388.786259026,2026-05-06 22:41:40,I,03,폐업,2010-05-20 13:21:03,,2009-10-19,134-010,서울특별시 강동구 길동 ***번지 *호,PHMG120093240033047000074,3240000,,,03,폐업,,,,
주식회사 에스지메디텍,,190050.903572929,440523.497478209,2026-05-06 22:38:12,I,13,영업중,2024-07-30 09:09:06,,2019-06-04,,서울특별시 금천구 가산동 *** 우림라이온스밸리*차,PHMG120213170035047000168,3170000,"서울특별시 금천구 가산디지털*로 *, 우림라이온스밸리*차 ***호 (가산동)",08591,01,영업/정상,,,02-2622-8848,139.44
스토리웨이 가산역하행점,2024-10-10,189514.72996753,442253.567254569,2026-05-06 22:38:38,I,03,폐업,2024-10-14 09:23:44,,2023-08-25,,,PHMG120233170035047000122,3170000,"서울특별시 금천구 벚꽃로 ***, 가산디지털단지역 (가산동)",08510,03,폐업,,,070-7092-7193,
썬바이오,2013-03-20,212812.958062523,449385.82250249,2026-05-06 22:41:51,I,24,직권폐업,2015-05-15 08:24:33,,2010-11-30,134-830,서울특별시 강동구 명일동 ***번지 *호 *층,PHMG120103240033047000099,3240000,서울특별시 강동구 상암로 *** (명일동),,04,취소/말소/만료/정지/중지,,,070-7787-7573,
(주)아울렛마트,,191632.275651887,439830.900389113,2026-05-06 22:38:36,I,13,영업중,2023-06-02 14:10:58,,2023-06-02,,서울특별시 금천구 시흥동 ***-*,PHMG120233170035047000082,3170000,"서울특별시 금천구 독산로**길 **, *,*층 (시흥동)",08568,01,영업/정상,,,02-803-4545,985.1
엔도버디,,211294.537364441,450326.82214742,2026-05-06 22:41:06,I,13,영업중,2025-11-12 13:05:53,,2007-06-29,,서울특별시 강동구 암사동 ***번지 *호 예일빌딩,PHMG120073240033047000050,3240000,"서울특별시 강동구 고덕로*길 *, 예일빌딩 지층 (암사동)",05239,01,영업/정상,,,02-478-7747,198
피엔에이코프,,190913.510945549,440415.261802396,2026-05-06 22:37:20,I,15,전출,2017-11-06 13:45:41,,2013-05-07,153-830,서울특별시 금천구 독산동 ****번지 *호 림스빌딩 ***호,PHMG120133170035047000022,3170000,"서울특별시 금천구 시흥대로 ***, ***호 (독산동, 림스빌딩)",08616,05,제외/삭제/전출,,,,
한미 실업,,211766.055560778,446907.632018709,2026-05-06 22:39:14,I,13,영업중,2021-04-13 13:24:11,,1991-07-18,,서울특별시 강동구 성내동 ***-** 이화빌딩 ***호,PHMG119913240033047000002,3240000,"서울특별시 강동구 양재대로**길 **, 이화빌딩 ***호 (성내동)",05408,01,영업/정상,,,02-478-4824,
씨앤씨헬스앤뷰티,,189353.050637528,442493.020182986,2026-05-06 22:38:36,I,13,영업중,2023-05-03 15:08:08,,2023-05-03,,서울특별시 금천구 가산동 ***-** 코오롱디지털타워애스턴,PHMG120233170035047000070,3170000,"서울특별시 금천구 가산디지털*로 ***, 코오롱디지털타워애스턴 ***-**호 (가산동)",08502,01,영업/정상,,,,
(주)송정약품,,189979.841396839,439315.464911957,2026-05-06 22:38:36,I,15,전출,2024-05-09 17:02:49,,2023-05-17,,서울특별시 금천구 독산동 **** KT전화국,PHMG120233170035047000073,3170000,"서울특별시 금천구 한내로 **, KT전화국 *층 (독산동)",08599,05,제외/삭제/전출,,,,
세븐일레븐 강동초교점,,211502.948557835,449333.632712926,2026-05-06 22:44:09,I,13,영업중,2024-10-29 15:49:44,,2024-10-29,,서울특별시 강동구 천호동 ***-**,PHMG120243240033047000111,3240000,"서울특별시 강동구 천중로**길 **, *층 *호 (천호동)",05321,01,영업/정상,,,,
패밀리 덴탈오,2025-07-17,189834.383375802,441938.326056501,2026-05-06 22:38:31,I,03,폐업,2025-07-17 14:17:34,,2018-04-23,,서울특별시 금천구 가산동 **-** 한신IT 타워*차,PHMG120223170035047000221,3170000,"서울특별시 금천구 디지털로*길 **, 한신IT 타워*차 ***-비**호 (가산동)",08511,03,폐업,,,,3.45
메디탑,2011-04-18,191226.287379467,437914.06299827,2026-05-06 22:37:15,I,03,폐업,2011-04-18 09:32:52,,2011-02-10,153-755,서울특별시 금천구 시흥*동 ***번지 시흥유통상가 *동 ***호,PHMG120113170035047000005,3170000,"서울특별시 금천구 시흥대로 ** (시흥동,시흥유통상가 *동 ***호)",,03,폐업,,,,
주식회사 엘더리,2023-08-10,191418.84098059,437663.852858361,2026-05-06 22:38:28,I,03,폐업,2023-08-10 16:04:28,,2022-06-28,,서울특별시 금천구 시흥동 ***-**,PHMG120223170035047000158,3170000,"서울특별시 금천구 시흥대로 **, *층 (시흥동)",08652,03,폐업,,,,
주식회사 코어소프트,,190694.880295092,440764.426277932,2026-05-06 22:38:42,I,13,영업중,2024-09-24 13:33:35,,2024-09-24,,,PHMG120243170035047000108,3170000,"서울특별시 금천구 두산로 **, 현대지식산업센터 에이동 ****호 (독산동)",08584,01,영업/정상,,,02-2169-2361,
비제이메디칼,2016-04-12,210670.952245602,447702.664835505,2026-05-06 22:42:50,I,03,폐업,2016-04-12 15:05:59,,2014-11-03,134-851,서울특별시 강동구 성내동 ***번지 *호,PHMG120143240033047000078,3240000,서울특별시 강동구 천호옛길 ** (성내동),05391,03,폐업,,,,
쉔픽스 성내지점,2002-05-22,211240.048085658,448094.629233685,2026-05-06 22:39:24,I,03,폐업,2015-05-15 09:35:09,,2001-10-24,134-840,서울특별시 강동구 성내동 **번지 *호,PHMG120013240033047000001,3240000,서울특별시 강동구 천호대로***길 ** (성내동),,03,폐업,,,02-484-0334,
크린31,2024-08-26,189055.138252216,441958.334400683,2026-05-06 22:38:26,I,03,폐업,2024-08-26 17:49:32,,2021-08-19,,서울특별시 금천구 가산동 ***-* 대성디폴리스지식산업센터,PHMG120223170035047000120,3170000,"서울특별시 금천구 서부샛길 ***, 대성디폴리스지식산업센터 A**층 B**-*호 (가산동)",08504,03,폐업,,,,
제이더블유메디칼,2015-05-27,211551.548102766,450261.472853429,2026-05-06 22:42:03,I,03,폐업,2015-05-27 13:16:21,,2012-02-24,,,PHMG120123240033047000017,3240000,서울특별시 강동구 고덕로 ** (암사동),,03,폐업,,,,
지에이메디칼,2016-03-09,211551.548102766,450261.472853429,2026-05-06 22:42:45,I,03,폐업,2016-03-09 17:11:41,,2014-03-25,134-858,서울특별시 강동구 암사동 ***번지 **호,PHMG120143240033047000021,3240000,"서울특별시 강동구 고덕로 **, ***호 (암사동)",05252,03,폐업,,,,
루베티,2022-08-03,189497.04098479,441728.27059771,2026-05-06 22:38:13,I,03,폐업,2022-08-03 10:49:50,,2022-01-11,,서울특별시 금천구 가산동 ***-** IT캐슬*차,PHMG120223170035047000003,3170000,"서울특별시 금천구 가산디지털*로 ***, IT캐슬*차 ****-*, 제*호 (가산동)",08506,03,폐업,,,,
세븐일레븐 금천은행나무점,2023-08-30,191853.267992546,438727.034928282,2026-05-06 22:38:25,I,03,폐업,2023-08-30 11:01:02,,2022-03-30,,서울특별시 금천구 시흥동 ***-*,PHMG120223170035047000108,3170000,"서울특별시 금천구 금하로**길 *, *층 (시흥동)",08644,03,폐업,,,,
(주)와이드라인,,189812.421197411,440866.434242768,2026-05-06 22:37:31,I,15,전출,2018-03-14 20:23:45,,2016-10-14,,,PHMG120163170035047000103,3170000,"서울특별시 금천구 가산디지털*로 **, ****호 (가산동, 이앤씨드림타워*차)",08592,05,제외/삭제/전출,,,02-2038-0150,
GS25 천호한신점,,211832.461933579,449351.837040503,2026-05-06 22:43:50,I,13,영업중,2022-02-07 16:24:07,,2022-02-03,,서울특별시 강동구 천호동 ***-*,PHMG120223240033047000032,3240000,"서울특별시 강동구 구천면로**길 *, *층 (천호동)",05310,01,영업/정상,,,,
에스지엠코리아,2019-05-24,190052.47140455,441949.831283111,2026-05-06 22:37:31,I,03,폐업,2019-05-24 15:32:20,,2016-12-08,,,PHMG120163170035047000124,3170000,"서울특별시 금천구 벚꽃로**길 ***, **층 ****호 (가산동, 램킨푸르지오시티)",08512,03,폐업,,,,
(주)리즈앤코,,,,2026-05-06 22:44:11,I,13,영업중,2025-06-12 15:08:12,,2025-06-12,,서울특별시 강동구 성내동 *** 힐스테이트 천호역 젠트리스,PHMG120253240033047000073,3240000,"서울특별시 강동구 천호대로 ****, 힐스테이트 천호역 젠트리스 B동 ***호 (성내동)",05378,01,영업/정상,,,02-427-9936,
(주)더힐링닷컴강동지점,2019-03-12,212897.187813089,449705.580309003,2026-05-06 22:43:10,I,03,폐업,2019-03-12 16:55:18,,2018-07-20,,서울특별시 강동구 명일동 ***번지 *호,PHMG120183240033047000009,3240000,"서울특별시 강동구 양재대로***길 **, *층 ***호 (명일동)",05292,03,폐업,,,,
주식회사 메디파이브,2022-08-26,190858.649482406,440808.541334678,2026-05-06 22:37:51,I,03,폐업,2022-08-26 16:29:11,,2017-08-09,,서울특별시 금천구 독산동 ***-* 시티렉스,PHMG120213170035047000022,3170000,"서울특별시 금천구 시흥대로 ***, 시티렉스 에프 ***호 (독산동)",08584,03,폐업,,,,
한백메디칼,,211734.858141135,447904.663825469,2026-05-06 22:41:52,I,15,전출,2019-10-28 11:11:49,,2011-03-31,134-843,서울특별시 강동구 성내*동 ***번지 *호 *층,PHMG120113240033047000026,3240000,,,05,제외/삭제/전출,,,34368672,
TCC International,2022-11-03,189314.711435401,442585.933234852,2026-05-06 22:37:30,I,03,폐업,2022-11-03 15:55:20,,2016-07-05,,,PHMG120163170035047000068,3170000,"서울특별시 금천구 가산디지털*로 ***, ***호 (가산동, 에이스하이엔드타워*차)",08502,03,폐업,,,,
신신의료기,,191373.87073798,440333.277000272,2026-05-06 22:37:38,I,15,전출,2019-09-06 09:26:46,,2018-10-04,,서울특별시 금천구 독산동 ****번지 **호,PHMG120183170035047000105,3170000,"서울특별시 금천구 독산로**길 **, 신한빌딩 *층 (독산동)",08559,05,제외/삭제/전출,,,,
주열건강과학,2023-09-13,190684.384113411,441786.188996054,2026-05-06 22:38:37,I,03,폐업,2023-09-13 16:01:16,,2023-07-27,,,PHMG120233170035047000103,3170000,"서울특별시 금천구 남부순환로***길 *, *층 (가산동)",08529,03,폐업,,,,
와이티온헬스케어,,211217.301018797,447318.066262183,2026-05-06 22:44:06,I,13,영업중,2023-12-29 14:52:32,,2023-12-29,,서울특별시 강동구 성내동 ***-*,PHMG120233240033047000135,3240000,"서울특별시 강동구 성내로 **, *층 ***호 (성내동)",05396,01,영업/정상,,,,
(주)포엔시스 가산영업소,2014-02-13,189369.53962474,441629.361414684,2026-05-06 22:37:15,I,03,폐업,2014-02-13 17:41:36,,2013-04-02,153-023,서울특별시 금천구 가산동 ***번지 *호 아이티캐슬 ***호,PHMG120113170035047000003,3170000,"서울특별시 금천구 가산디지털*로 **, ***호 (가산동, 아이티캐슬)",,03,폐업,,,26857300,
씨유 시흥대로점,2016-12-29,191075.857097963,439485.637630184,2026-05-06 22:37:25,I,03,폐업,2016-12-29 14:47:59,,2014-11-17,,,PHMG120143170035047000086,3170000,서울특별시 금천구 시흥대로 *** (시흥동),08624,03,폐업,,,,
(주)이마트에브리데이 고덕강일점,2024-06-17,215303.913311463,452189.755118282,2026-05-06 22:43:45,I,03,폐업,2024-06-19 14:16:07,,2021-05-10,,서울특별시 강동구 강일동 **-* 아이메디컬,PHMG120213240033047000096,3240000,"서울특별시 강동구 아리수로**나길 **, 아이메디컬 B***호 (강일동)",05415,03,폐업,,,02-6953-1661,
효원의료기,2023-06-08,210630.209443525,447629.137289394,2026-05-06 22:42:46,I,24,직권폐업,2023-08-17 10:22:37,,2020-04-06,,서울특별시 강동구 성내동 ***번지 **호 홍익빌딩,PHMG120143240033047000044,3240000,"서울특별시 강동구 올림픽로 ***, 홍익빌딩 ***호 (성내동)",05391,04,취소/말소/만료/정지/중지,,,,
(주)리즈텍시스템,,189504.258704224,441390.738560411,2026-05-06 22:37:45,I,13,영업중,2020-02-28 14:16:13,,2020-02-28,,,PHMG120203170035047000029,3170000,"서울특별시 금천구 가산디지털*로 **, 대륭테크노타운**차 ***호 (가산동)",08589,01,영업/정상,,,,
라데코,,210672.690588552,449055.481165743,2026-05-06 22:44:06,I,13,영업중,2023-12-26 11:09:48,,2023-12-24,,서울특별시 강동구 천호동 ***-** 다인,PHMG120233240033047000134,3240000,"서울특별시 강동구 선사로**길 **, ***호 (천호동, 다인)",05246,01,영업/정상,,,,
(주)셀덤,2019-06-11,189920.540900476,439526.232037905,2026-05-06 22:37:33,I,03,폐업,2019-06-12 10:19:39,,2018-01-16,,,PHMG120183170035047000008,3170000,"서울특별시 금천구 한내로 **-**, ****동 ***호 (독산동, 주공**단지아파트)",08598,03,폐업,,,,
롯데씨브이에스711 암사그랜드점,2023-09-19,211596.740903313,449890.775370089,2026-05-06 22:43:58,I,03,폐업,2023-09-20 15:55:51,,2022-06-10,,서울특별시 강동구 암사동 ***-** 중앙하이츠아파트,PHMG120223240033047000195,3240000,"서울특별시 강동구 올림픽로**가길 **, *층 (암사동, 중앙하이츠아파트)",05262,03,폐업,,,,
링크플러스 메디컬,,189834.383375802,441938.326056501,2026-05-06 22:38:31,I,13,영업중,2022-09-30 10:45:34,,2022-09-30,,서울특별시 금천구 가산동 **-** 한신IT 타워*차,PHMG120223170035047000219,3170000,"서울특별시 금천구 디지털로*길 **, 한신IT 타워*차 ***-*(**)호 (가산동)",08511,01,영업/정상,,,,
GS25가산디폴리스점,2024-12-02,189055.138252216,441958.334400683,2026-05-06 22:38:26,I,03,폐업,2024-12-02 15:19:26,,2024-12-02,,서울특별시 금천구 가산동 ***-* 대성디폴리스지식산업센터,PHMG120223170035047000121,3170000,"서울특별시 금천구 서부샛길 ***, 대성디폴리스지식산업센터 ***호 (가산동)",08504,03,폐업,,,,
백퍼다,,190135.156165439,441810.483069063,2026-05-06 22:38:23,I,13,영업중,2022-02-17 09:41:02,,2022-02-17,,서울특별시 금천구 가산동 ***-**,PHMG120223170035047000075,3170000,"서울특별시 금천구 디지털로**길 *, ***호 (가산동)",08515,01,영업/정상,,,,
엠지비서울,2023-08-10,191226.287379467,437914.06299827,2026-05-06 22:37:15,I,03,폐업,2023-08-10 10:47:00,,2011-04-18,,서울특별시 금천구 시흥동 ***번지 시흥유통단지 *동 ***호,PHMG120113170035047000012,3170000,"서울특별시 금천구 시흥대로 **, *동 ***호 (시흥동, 시흥유통상가)",08639,03,폐업,,,61669788,
(주)이미지골프,2020-07-10,190913.510945549,440415.261802396,2026-05-06 22:37:23,I,03,폐업,2020-07-10 12:04:00,,2014-10-02,,,PHMG120143170035047000055,3170000,"서울특별시 금천구 시흥대로 ***, ***,***호 (독산동, 림스빌딩)",08616,03,폐업,,,,
(주)뷰메드,2020-05-27,191226.287379467,437914.06299827,2026-05-06 22:37:31,I,03,폐업,2020-05-27 13:01:53,,2017-03-28,,,PHMG120173170035047000023,3170000,"서울특별시 금천구 시흥대로 **, **동 *층 ***호 (시흥동, 시흥유통상가)",08639,03,폐업,,,070-7627-0278,
e-한나방문요양복지용구,,212681.624988465,449827.101460261,2026-05-06 22:42:49,I,13,영업중,2023-05-17 11:23:37,,2014-09-15,,서울특별시 강동구 명일동 ***-*,PHMG120143240033047000058,3240000,"서울특별시 강동구 양재대로 ****, ***호 (명일동)",05292,01,영업/정상,,,02-449-0405,
싸이너스메디칼,,212706.795162194,449694.965400189,2026-05-06 22:42:03,I,13,영업중,2023-11-09 09:51:38,,2012-02-17,,서울특별시 강동구 명일동 ***-*,PHMG120123240033047000014,3240000,서울특별시 강동구 양재대로***길 ** (명일동),05295,01,영업/정상,,,,
GS25 금천중앙,2019-12-18,190941.875019121,440840.345127303,2026-05-06 22:37:28,I,03,폐업,2019-12-18 17:34:44,,2015-12-09,,,PHMG120153170035047000111,3170000,"서울특별시 금천구 시흥대로 ***, **호 (독산동)",08576,03,폐업,,,,
지에스25 가산한라점,,189419.091886816,441207.655086501,2026-05-06 22:38:30,I,13,영업중,2023-06-09 14:32:52,,2022-07-20,,서울특별시 금천구 가산동 ***-** 한라시그마밸리,PHMG120223170035047000188,3170000,"서울특별시 금천구 가산디지털*로 **, 한라시그마밸리 ***-*호 (가산동)",08588,01,영업/정상,,,,
올스본코리아 암사지점,,211260.202994668,449774.572647567,2026-05-06 22:43:10,I,15,전출,2018-07-12 15:12:44,,2018-01-29,,서울특별시 강동구 암사동 ***번지 *호 암사동양덱스빌,PHMG120183240033047000012,3240000,"서울특별시 강동구 상암로 **, ***호 (암사동, 암사동양덱스빌)",05264,05,제외/삭제/전출,,,,53.23
씨유 금천히어로점,,191384.237468168,439834.222821067,2026-05-06 22:38:14,I,13,영업중,2022-02-03 17:42:04,,2022-02-03,,서울특별시 금천구 시흥동 ***-**,PHMG120223170035047000013,3170000,"서울특별시 금천구 독산로**가길 **, *층 (시흥동)",08621,01,영업/정상,,,,
대광글러벌,2019-07-10,211197.918024115,449517.424659313,2026-05-06 22:43:07,I,24,직권폐업,2019-07-11 17:30:31,,2017-12-12,,서울특별시 강동구 천호동 ***번지 **호,PHMG120163240033047000115,3240000,"서울특별시 강동구 올림픽로**길 **, 지층 (천호동)",05318,04,취소/말소/만료/정지/중지,,,,130
엘(L)7스템셀 뷰티헬스케어,,212618.645848182,448983.948439782,2026-05-06 22:44:00,I,15,전출,2022-11-21 10:16:21,,2022-09-20,,서울특별시 강동구 길동 ***-*,PHMG120223240033047000278,3240000,"서울특별시 강동구 양재대로***길 **, ***호 (길동)",05302,05,제외/삭제/전출,,,,
한빛나노의료기,2019-01-18,211764.117707171,447356.473403852,2026-05-06 22:43:06,I,03,폐업,2019-01-18 15:38:41,,2016-10-11,,서울특별시 강동구 성내동 ***번지 **호 *층,PHMG120163240033047000085,3240000,"서울특별시 강동구 양재대로**길 **, *층 (성내동)",05404,03,폐업,,,02-485-1665,109.5
K&C(케이엔씨),,212181.614153609,447810.134914394,2026-05-06 22:41:44,I,13,영업중,2022-09-23 16:21:54,,2018-03-22,,서울특별시 강동구 둔촌동 ***-* 제이디파크빌,PHMG120103240033047000008,3240000,"서울특별시 강동구 양재대로***길 *, ***호 (둔촌동, 제이디파크빌)",05363,01,영업/정상,,,,34.63
㈜봄메디칼,2014-05-26,,,2026-05-06 22:39:57,I,03,폐업,2014-05-26 15:55:43,,2003-10-17,134-023,서울특별시 강동구 천호*동 ***-***(*층),PHMG120033240033047000073,3240000,,,03,폐업,,,02-477-5916,
한빛나노메디칼(명일지점),2015-08-05,212684.843788992,449490.354018076,2026-05-06 22:41:52,I,24,직권폐업,2015-08-05 17:30:32,,2011-02-14,,서울특별시 강동구 명일동 ***번지 *호,PHMG120113240033047000011,3240000,"서울특별시 강동구 양재대로***길 ** (명일동, 방선빌딩)",05295,04,취소/말소/만료/정지/중지,,,,
(주)해리언,,189662.959175776,442139.514492212,2026-05-06 22:37:46,I,13,영업중,2021-08-23 14:48:24,,2020-04-29,,서울특별시 금천구 가산동 **번지 *호 대륭포스트타워*차,PHMG120203170035047000073,3170000,"서울특별시 금천구 벚꽃로 ***, 대륭포스트타워*차 ***호 (가산동)",08510,01,영업/정상,,,,
아이젠써지칼 주식회사,,189282.642165078,441654.484590816,2026-05-06 22:38:42,I,15,전출,2024-12-06 14:10:59,,2024-08-23,,,PHMG120243170035047000099,3170000,"서울특별시 금천구 가산디지털*로 ***, A동 ***호 (가산동)",08505,05,제외/삭제/전출,,,,
(주)씨에이치메디칼,2020-07-08,189353.050637528,442493.020182986,2026-05-06 22:37:48,I,03,폐업,2020-07-08 12:44:21,,2020-07-07,,서울특별시 금천구 가산동 ***-** 코오롱디지털타워애스턴,PHMG120203170035047000115,3170000,"서울특별시 금천구 가산디지털*로 ***, 코오롱디지털타워애스턴 ***-**호 (가산동)",08502,03,폐업,,,,
렌즈아이메디칼(주),,212162.283762989,448443.070898192,2026-05-06 22:43:14,I,13,영업중,2022-02-07 17:22:42,,2020-02-13,,서울특별시 강동구 길동 ***-* 다성이즈빌,PHMG120193240033047000024,3240000,"서울특별시 강동구 천중로**길 **, B***호 (길동, 다성이즈빌)",05353,01,영업/정상,,,,234.64
디자인공이공육(타투행크),,211086.793677299,448277.401079961,2026-05-06 22:43:48,I,13,영업중,2021-11-09 15:31:23,,2021-11-09,,서울특별시 강동구 성내동 **-*,PHMG120213240033047000168,3240000,"서울특별시 강동구 천호대로***길 **, ***호 (성내동)",05379,01,영업/정상,,,,
듀죤의료기,2014-02-05,212668.229289738,449717.909862916,2026-05-06 22:42:07,I,03,폐업,2014-02-05 16:48:41,,2012-04-23,,,PHMG120123240033047000035,3240000,"서울특별시 강동구 양재대로***길 *, 지하*층 (명일동)",,03,폐업,,,,
루멘드바이오,,210740.125210724,448044.126218256,2026-05-06 22:43:34,I,15,전출,2023-10-25 09:10:10,,2020-04-10,,서울특별시 강동구 성내동 ***번지 **호,PHMG120203240033047000031,3240000,"서울특별시 강동구 올림픽로 ***, ***호 (성내동)",05385,05,제외/삭제/전출,,,,
(주)스타비젼,,210648.497012735,447705.5649737,2026-05-06 22:42:03,I,13,영업중,2024-06-11 16:47:48,,2011-12-27,,서울특별시 강동구 성내동 ***-* 스타비젼 사옥,PHMG120113240033047000133,3240000,"서울특별시 강동구 올림픽로 ***, *** (성내동)",05391,01,영업/정상,,,02-475-0150,
주식회사 아르다,,189497.04098479,441728.27059771,2026-05-06 22:38:44,I,13,영업중,2025-06-12 15:00:02,,2025-05-12,,,PHMG120253170035047000035,3170000,"서울특별시 금천구 가산디지털*로 ***, IT캐슬*차 ****-*-**호 (가산동)",08506,01,영업/정상,,,,5
투민플러스,,190838.324818618,439761.362000391,2026-05-06 22:38:24,I,15,전출,2025-09-30 16:50:48,,2022-03-03,,서울특별시 금천구 독산동 **** 금천롯데캐슬골드파크*차,PHMG120223170035047000088,3170000,"서울특별시 금천구 시흥대로 ***, B*.**호 (독산동, 금천롯데캐슬골드파크*차)",08608,05,제외/삭제/전출,,,,
(주)그린닥터,2017-11-02,211491.544790459,447019.500914858,2026-05-06 22:43:01,I,03,폐업,2017-11-02 13:04:06,,2015-07-29,134-846,서울특별시 강동구 성내동 ***번지 **호 ***호,PHMG120153240033047000081,3240000,"서울특별시 강동구 양재대로**길 **, *층 ***호 (성내동)",05406,03,폐업,,,,91.01
빅토리코리아,2025-12-24,191226.287379467,437914.06299827,2026-05-06 22:38:13,I,24,직권폐업,2025-12-09 17:05:11,,2021-08-23,,서울특별시 금천구 시흥동 *** 시흥유통상가,PHMG120213170035047000175,3170000,"서울특별시 금천구 시흥대로 **, 시흥유통상가 **동 ***호 (시흥동)",08639,04,취소/말소/만료/정지/중지,,,02-567-1612,
주식회사 굿에셈,,191329.099255701,437562.923902083,2026-05-06 22:37:58,I,13,영업중,2022-08-26 09:15:08,,2021-04-26,,,PHMG120213170035047000061,3170000,"서울특별시 금천구 시흥대로 **, ***호 (시흥동)",08640,01,영업/정상,,,,
(주)포인트메디칼,2011-05-27,191226.287379467,437914.06299827,2026-05-06 22:37:15,I,03,폐업,2011-05-27 20:02:33,,2010-12-21,153-863,서울특별시 금천구 시흥*동 ***번지 시흥유통센터 지원상가B동 지하층** 에이호,PHMG120103170035047000055,3170000,"서울특별시 금천구 시흥대로 ** (시흥동,시흥유통센터 지원상가B동 지하층** 에이호)",,03,폐업,,,,
(주)코리아세븐 보훈병원입구점,2025-09-10,212740.429690302,447391.561730402,2026-05-06 22:43:43,I,03,폐업,2025-09-11 15:46:50,,2021-05-04,,서울특별시 강동구 둔촌동 **-**,PHMG120213240033047000064,3240000,서울특별시 강동구 진황도로**길 ** (둔촌동),05369,03,폐업,,,,
미라클메이저원 강동지점,2021-03-16,212981.750589294,448888.357174164,2026-05-06 22:43:09,I,03,폐업,2021-03-16 19:59:21,,2017-07-28,,서울특별시 강동구 길동 **번지 *호 지하*층,PHMG120173240033047000061,3240000,"서울특별시 강동구 명일로 ***, 지하*층 (길동, 예신교회)",05300,03,폐업,,,02-6358-0675,167.4
마켓유니,,211458.648093395,450316.255472825,2026-05-06 22:44:06,I,13,영업중,2023-12-15 09:57:09,,2023-12-14,,서울특별시 강동구 암사동 ***-** 정산아파트,PHMG120233240033047000128,3240000,"서울특별시 강동구 고덕로 **, ***-***호 (암사동, 정산아파트)",05238,01,영업/정상,,,,
엠에스컴퍼니,2025-06-13,211542.314116941,448273.114107211,2026-05-06 22:43:08,I,03,폐업,2025-06-13 15:52:55,,2017-06-30,,서울특별시 강동구 천호동 ***번지 **호 힐탑프라자,PHMG120173240033047000052,3240000,"서울특별시 강동구 천호대로 ****, 힐탑프라자 *층 ***호 (천호동)",05340,03,폐업,,,,20.48
(주)씨엠솔루션,,189877.178943503,442093.648596802,2026-05-06 22:38:34,I,13,영업중,2023-02-01 10:57:05,,2022-02-18,,서울특별시 금천구 가산동 **-* 대륭포스트타워 *차,PHMG120233170035047000027,3170000,"서울특별시 금천구 디지털로*길 **, 대륭포스트타워 *차 *층 ***-***호 (가산동)",08512,01,영업/정상,,,,
케이원파마,2025-11-26,190099.41176063,440416.170972838,2026-05-06 22:38:39,I,03,폐업,2025-11-26 10:55:37,,2024-01-04,,서울특별시 금천구 가산동 *** 하우스디 더 스카이밸리 가산*차,PHMG120243170035047000008,3170000,"서울특별시 금천구 범안로 ****, 하우스디 더 스카이밸리 가산*차 ***호 (가산동)",08595,03,폐업,,,,
(주)아벨코리아,,190099.41176063,440416.170972838,2026-05-06 22:37:43,I,15,전출,2020-03-23 17:09:51,,2019-08-21,,,PHMG120193170035047000135,3170000,"서울특별시 금천구 범안로 ****, 하우스디 더 스카이밸리 가산*차 ****호 (가산동)",08595,05,제외/삭제/전출,,,,
(주)아이메디솔루션,2020-12-31,189202.600232089,441848.24299943,2026-05-06 22:37:28,I,24,직권폐업,2021-01-04 10:33:55,,2015-08-24,,,PHMG120153170035047000082,3170000,"서울특별시 금천구 가산디지털*로 ***, ****-***호 (가산동, 월드메르디앙*차)",08505,04,취소/말소/만료/정지/중지,,,,
경희종로의료기상사,,213710.802454157,450126.998460464,2026-05-06 22:41:51,I,13,영업중,2021-04-13 11:30:38,,2010-12-20,,서울특별시 강동구 명일동 **-**,PHMG120103240033047000105,3240000,"서울특별시 강동구 동남로 ***, *층 ***호 (명일동)",05269,01,영업/정상,,,02-426-7579,
씨유 대륭18차점,2025-09-08,189889.938752675,440609.342128829,2026-05-06 22:38:14,I,03,폐업,2025-09-08 16:03:21,,2022-02-08,,,PHMG120223170035047000023,3170000,"서울특별시 금천구 가산디지털*로 **, 대륭테크노타운**차 ***호 (가산동)",08594,03,폐업,,,,
이엠(EM)사랑,2015-03-09,190518.76553922,441136.718698708,2026-05-06 22:37:26,I,03,폐업,2015-03-09 13:23:40,,2015-01-27,,,PHMG120153170035047000014,3170000,서울특별시 금천구 가산로*길 ** (가산동),,03,폐업,,,,
맥스메디,2012-03-30,,,2026-05-06 22:41:53,I,03,폐업,2012-03-30 16:48:18,,2011-05-06,134-830,서울특별시 강동구 명일*동 ***번지 *호 삼익그린*차(아) 상가 ***호,PHMG120113240033047000035,3240000,,,03,폐업,,,34260199,
코드바이오,2022-09-14,189201.559775268,441568.367322623,2026-05-06 22:38:02,I,03,폐업,2022-09-14 17:11:23,,2021-06-03,,,PHMG120213170035047000102,3170000,"서울특별시 금천구 서부샛길 ***, 미소지움 ***호 (가산동)",08505,03,폐업,,,,
(주)해리텍스타일,,189662.959175776,442139.514492212,2026-05-06 22:37:46,I,13,영업중,2020-04-29 16:39:41,,2020-04-29,,서울특별시 금천구 가산동 **번지 *호 대륭포스트타워*차,PHMG120203170035047000074,3170000,"서울특별시 금천구 벚꽃로 ***, 대륭포스트타워*차 ***호 (가산동)",08510,01,영업/정상,,,,
주식회사 오렌지브릭 가산지점,,189700.026948955,441229.110998601,2026-05-06 22:38:39,I,13,영업중,2024-01-17 17:17:18,,2024-01-17,,,PHMG120243170035047000015,3170000,"서울특별시 금천구 가산디지털*로 **, 파트너스타워 ***-A**호 (가산동)",08589,01,영업/정상,,,,
㈜비앤비헬스케어,2009-04-28,,,2026-05-06 22:41:13,I,03,폐업,2009-04-29 09:32:57,,2008-03-10,134-062,서울특별시 강동구 둔촌동 ***-** 신성둔촌미소지움상가*층***호,PHMG120083240033047000019,3240000,,,03,폐업,,,02-483-8651,
제노메드,,189877.178943503,442093.648596802,2026-05-06 22:38:24,I,13,영업중,2023-09-14 13:06:47,,2022-03-24,,서울특별시 금천구 가산동 **-* 대륭포스트타워 *차,PHMG120223170035047000102,3170000,"서울특별시 금천구 디지털로*길 **, 대륭포스트타워 *차 *층 ***-***호 (가산동)",08512,01,영업/정상,,,,
(주)하이푸코리아,2010-04-13,211336.172451748,448556.794492412,2026-05-06 22:41:31,I,03,폐업,2010-04-13 17:57:23,,2009-01-02,134-871,"서울특별시 강동구 천호*동 ***번지 ***호  현대프라자 *층(**,**,**,***,***,***,***호)",PHMG120093240033047000001,3240000,,,03,폐업,,,,
와이준,2017-06-09,189055.138252216,441958.334400683,2026-05-06 22:37:29,I,03,폐업,2017-10-27 13:46:29,,2016-05-11,,,PHMG120163170035047000049,3170000,"서울특별시 금천구 서부샛길 ***, 비동 **층 ****호 (가산동, 대성디폴리스지식산업센터)",08504,03,폐업,,,,
GS25 명일청솔,2020-07-31,213635.178574167,449979.023511727,2026-05-06 22:43:00,I,03,폐업,2020-08-01 12:14:02,,2015-05-01,134-825,서울특별시 강동구 명일동 **번지 **호,PHMG120153240033047000051,3240000,서울특별시 강동구 동남로**길 ** (명일동),05269,03,폐업,,,02-3426-5944,
(주)케이원파마,,189920.528610917,440521.85524888,2026-05-06 22:38:38,I,13,영업중,2025-10-20 14:39:15,,2023-08-30,,서울특별시 금천구 가산동 *** 대륭테크노타운 **차,PHMG120233170035047000127,3170000,"서울특별시 금천구 가산디지털*로 *, 대륭테크노타운 **차 ****호 (가산동)",08594,01,영업/정상,,,,
주식회사 재이원팜,,189208.487613747,442298.784420302,2026-05-06 22:37:47,I,15,전출,2024-03-19 15:31:20,,2020-06-04,,서울특별시 금천구 가산동 ***-*,PHMG120203170035047000095,3170000,"서울특별시 금천구 가산디지털*로 ***-**, ****, ****호 (가산동)",08503,05,제외/삭제/전출,,,,
JS메디컬,2010-08-11,,,2026-05-06 22:41:17,I,03,폐업,2010-08-11 15:05:33,,2008-06-24,134-082,서울특별시 강동구 길*동 *** 라미빌딩***호,PHMG120083240033047000042,3240000,,,03,폐업,,,02-473-6031,
누가의료기 둔촌점,2012-08-08,211747.356790952,447362.461977692,2026-05-06 22:41:57,I,03,폐업,2012-08-08 20:29:57,,2011-06-01,134-845,서울특별시 강동구 성내*동 ***번지 **호 *층,PHMG120113240033047000050,3240000,,,03,폐업,,,,
제이컴패스,,190694.880295092,440764.426277932,2026-05-06 22:37:33,I,15,전출,2018-10-30 17:03:30,,2017-12-14,,서울특별시 금천구 독산동 ***번지 *호 현대지식산업센터,PHMG120173170035047000104,3170000,"서울특별시 금천구 두산로 **, 현대지식산업센터 A동 ****호 (독산동)",08584,05,제외/삭제/전출,,,,
(주)하이프라자 강동본점,2024-12-03,212187.218413941,448147.408784671,2026-05-06 22:43:37,I,03,폐업,2024-12-03 14:14:31,,2020-06-23,,서울특별시 강동구 길동 ***번지 **호,PHMG120203240033047000063,3240000,"서울특별시 강동구 양재대로 ****, *층 (길동)",05353,03,폐업,,,02-488-0650,
화담메디,,189686.475000033,440870.092608694,2026-05-06 22:38:39,I,13,영업중,2023-11-29 09:15:56,,2023-11-29,,,PHMG120233170035047000152,3170000,"서울특별시 금천구 가산디지털*로 **, 대륭테크노타운**차 ***호 (가산동)",08592,01,영업/정상,,,,
앰아이피테크,2021-12-20,190694.880295092,440764.426277932,2026-05-06 22:37:47,I,03,폐업,2021-12-20 17:05:13,,2020-05-04,,서울특별시 금천구 독산동 ***번지 *호 현대지식산업센터,PHMG120203170035047000075,3170000,"서울특별시 금천구 두산로 **, 현대지식산업센터 B동 ***호 (독산동)",08584,03,폐업,,,02-867-5482,
(주)에스엠메디텍,,211270.593776856,447637.51425188,2026-05-06 22:43:12,I,15,전출,2020-04-01 14:31:48,,2018-09-07,,서울특별시 강동구 성내동 ***번지 *호 한나빌딩,PHMG120183240033047000076,3240000,"서울특별시 강동구 풍성로 ***, 한나빌딩 *층 (성내동)",05394,05,제외/삭제/전출,,,02-6851-5166,
시그니아독일보청기 강동센타,2025-06-18,212129.413122872,447931.317093485,2026-05-06 22:41:38,I,03,폐업,2025-06-18 10:55:15,,2019-12-27,,서울특별시 강동구 성내동 ***번지 **호,PHMG120093240033047000062,3240000,"서울특별시 강동구 양재대로 ****, *층 (성내동)",05373,03,폐업,,,,
삐에로쑈핑 W몰점,2020-02-05,189997.455663258,441687.841171831,2026-05-06 22:37:38,I,03,폐업,2020-02-05 11:46:43,,2018-11-22,,서울특별시 금천구 가산동 **번지 **호 더블유몰,PHMG120183170035047000131,3170000,"서울특별시 금천구 디지털로 ***, 더블유몰 (가산동)",08513,03,폐업,,,,
주식회사 푼크트,,211546.60345507,447396.203158752,2026-05-06 22:43:13,I,15,전출,2019-11-18 08:42:13,,2017-11-01,,서울특별시 강동구 성내동 ***번지,PHMG120183240033047000089,3240000,"서울특별시 강동구 성안로 **, ***호 (성내동)",05403,05,제외/삭제/전출,,,02-473-1778,36.98
펄스온 생명공학,2019-12-10,211614.351155316,449564.794645899,2026-05-06 22:43:11,I,03,폐업,2019-12-10 14:59:39,,2018-04-13,,서울특별시 강동구 암사동 ***번지 **호,PHMG120183240033047000029,3240000,"서울특별시 강동구 상암로 **-*, *층 (암사동)",05265,03,폐업,,,,89.1
주식회사 루베티,2021-09-02,189603.222916543,441801.135064157,2026-05-06 22:37:48,I,03,폐업,2021-09-02 09:43:28,,2020-08-19,,서울특별시 금천구 가산동 ***-** 가산 더스카이밸리 *차,PHMG120203170035047000139,3170000,"서울특별시 금천구 가산디지털*로 ***, 가산 더스카이밸리 *차 ***호 (가산동)",08507,03,폐업,,,,
코코베이비,2015-05-26,210750.209556247,448078.828745215,2026-05-06 22:42:01,I,03,폐업,2015-05-26 17:53:05,,2011-09-16,134-841,서울특별시 강동구 성내*동 ***번지 **호 *층,PHMG120113240033047000099,3240000,,,03,폐업,,,,
누가의료기 명일지점,2021-04-10,212672.159203487,449388.425456064,2026-05-06 22:42:04,I,03,폐업,2021-04-19 17:40:43,,2012-04-09,,서울특별시 강동구 명일동 ***번지 **호 에이플러스 ***호,PHMG120123240033047000030,3240000,"서울특별시 강동구 상암로 ***, 에이플러스 ***호 (명일동)",05295,03,폐업,,,02-470-1497,
제이에이치 컴퍼니,,189504.258704224,441390.738560411,2026-05-06 22:37:50,I,13,영업중,2020-12-07 09:44:28,,2020-12-07,,서울특별시 금천구 가산동 ***-** 대륭테크노타운**차,PHMG120203170035047000201,3170000,"서울특별시 금천구 가산디지털*로 **, 대륭테크노타운**차 ***호 (가산동)",08589,01,영업/정상,,,,
GS25 강동삼성점,2016-08-04,215181.429128744,449666.575864271,2026-05-06 22:43:00,I,03,폐업,2016-08-09 09:28:32,,2015-05-04,134-837,서울특별시 강동구 상일제*동 ***번지 *호,PHMG120153240033047000053,3240000,서울특별시 강동구 상일로*길 * (상일제*동),05282,03,폐업,,,02-427-0626,
(주)홀푸드코리아,2025-11-26,190612.396689527,440843.481313197,2026-05-06 22:37:39,I,03,폐업,2025-11-26 09:17:32,,2017-04-28,,서울특별시 금천구 독산동 ***번지 *호 성화빌딩,PHMG120183170035047000147,3170000,"서울특별시 금천구 두산로**길 *, 성화빌딩 *층 (독산동)",08584,03,폐업,,,070-5030-5860,
원클릭메디칼,2018-12-26,210670.952245602,447702.664835505,2026-05-06 22:43:06,I,03,폐업,2018-12-26 17:38:47,,2018-12-26,,서울특별시 강동구 성내동 ***번지 *호 ***호,PHMG120163240033047000090,3240000,"서울특별시 강동구 천호옛길 **, ***호 (성내동)",05391,03,폐업,,,070-8625-1446,
오리지널스,2025-06-17,210839.864533215,449345.968814181,2026-05-06 22:43:51,I,03,폐업,2025-06-18 11:12:57,,2022-02-04,,서울특별시 강동구 천호동 ***-**,PHMG120223240033047000042,3240000,서울특별시 강동구 천중로 **-**(천호동),05244,03,폐업,,,,
닥터88플러스,,191025.260366089,441144.703754361,2026-05-06 22:38:41,I,13,영업중,2024-07-02 10:11:36,,2024-07-01,,서울특별시 금천구 독산동 ***-**,PHMG120243170035047000080,3170000,"서울특별시 금천구 시흥대로***길 **-*, 지*층 (독산동)",08545,01,영업/정상,,,,41.28
파미헬스넷,,210726.372421992,447514.331250631,2026-05-06 22:43:28,I,15,전출,2021-10-01 09:32:43,,2019-12-03,,서울특별시 강동구 성내동 ***-* 토성빌딩,PHMG120193240033047000106,3240000,"서울특별시 강동구 성내로*길 **-**, 토성빌딩 *층 (성내동)",05398,05,제외/삭제/전출,,,02-6672-3234,85.26
펄스젬 암사지점,2014-03-13,211317.64053059,449871.521384996,2026-05-06 22:42:34,I,03,폐업,2014-03-13 15:38:09,,2013-04-08,134-859,서울특별시 강동구 암사*동 ***번지 **호,PHMG120133240033047000028,3240000,,,03,폐업,,,,
가족오락실,2021-11-03,212114.433403978,447600.696370667,2026-05-06 22:43:36,I,03,폐업,2021-11-03 15:43:29,,2020-06-17,,서울특별시 강동구 둔촌동 ***번지 원천빌딩,PHMG120203240033047000058,3240000,"서울특별시 강동구 양재대로 ****, 원천빌딩 *층 **호 (둔촌동)",05372,03,폐업,,,,39.67
메디라이즈,2014-11-13,211944.802237496,447692.410024376,2026-05-06 22:42:23,I,03,폐업,2015-05-15 09:07:50,,2013-01-14,134-843,서울특별시 강동구 성내*동 ***번지 **호 *층,PHMG120133240033047000001,3240000,"서울특별시 강동구 양재대로**길 **, *층 (성내동)",,03,폐업,,,,
주식회사 빅토리아선인터내셔날,,189262.863257737,442093.310518456,2026-05-06 22:38:38,I,13,영업중,2024-10-25 14:09:04,,2019-06-25,,서울특별시 금천구 가산동 ***-**,PHMG120233170035047000126,3170000,"서울특별시 금천구 가산디지털*로 ***, ****~****호 (가산동)",08503,01,영업/정상,,,,
온누리,2014-11-06,210838.57127781,448111.209844185,2026-05-06 22:42:08,I,03,폐업,2014-11-06 16:47:14,,2012-04-26,,,PHMG120123240033047000036,3240000,"서울특별시 강동구 올림픽로**길 **, ***호 (성내동)",,03,폐업,,,,
이레의료기,2018-07-09,212197.189535434,449731.440169833,2026-05-06 22:42:48,I,03,폐업,2018-07-09 17:05:28,,2014-08-04,134-861,서울특별시 강동구 천호동 **번지 *호 천호우성상가 *층 ***호,PHMG120143240033047000051,3240000,"서울특별시 강동구 구천면로 ***, *층 ***호 (천호동, 천호우성상가)",05305,03,폐업,,,,
도아메드,2013-03-21,,,2026-05-06 22:41:12,I,03,폐업,2013-03-21 18:02:59,,2008-01-14,134-090,서울특별시 강동구 상일동 ***-*(***호),PHMG120083240033047000006,3240000,,,03,폐업,,,02-463-4624,
엔터메디,2009-08-27,,,2026-05-06 22:40:11,I,03,폐업,2009-08-28 08:46:15,,2004-12-16,134-052,서울특별시 강동구 암사*동 ***-** 동경빌딩 *층,PHMG120043240033047000073,3240000,,,03,폐업,,,02-442-1084,
주식회사 씨브이파트너스,,190917.029334959,441578.336428922,2026-05-06 22:38:07,I,13,영업중,2026-02-12 10:48:16,,2021-08-27,,서울특별시 금천구 독산동 ***-* 엘지유플러스 독산사옥,PHMG120213170035047000126,3170000,"서울특별시 금천구 시흥대로 ***, 엘지유플러스 독산사옥 **층 (독산동)",08531,01,영업/정상,,,070-7336-7939,
메디케이드,,211546.60345507,447396.203158752,2026-05-06 22:43:42,I,13,영업중,2021-03-18 18:36:16,,2021-03-17,,서울특별시 강동구 성내동 ***,PHMG120213240033047000033,3240000,"서울특별시 강동구 성안로 **, *층 ***호 (성내동)",05403,01,영업/정상,,,,
네일루카 &레푸스,,211209.896771449,448636.019046393,2026-05-06 22:43:49,I,13,영업중,2021-11-30 10:36:18,,2021-11-26,,서울특별시 강동구 천호동 ***-*,PHMG120213240033047000178,3240000,"서울특별시 강동구 천호대로***길 **, *호 (천호동)",05329,01,영업/정상,,,,
씨유독산AK점,,191486.71157808,440689.088502186,2026-05-06 22:38:19,I,13,영업중,2022-02-10 10:44:37,,2022-02-10,,서울특별시 금천구 독산동 ***-*,PHMG120223170035047000035,3170000,"서울특별시 금천구 독산로**길 **, *층 (독산동)",08558,01,영업/정상,,,,
씨유 가산하이엔드7차점,2016-12-29,189417.678263584,441342.660096623,2026-05-06 22:37:25,I,03,폐업,2016-12-29 14:50:59,,2014-11-18,,,PHMG120143170035047000093,3170000,"서울특별시 금천구 가산디지털*로 **, ***호 (가산동)",08588,03,폐업,,,,
정현몰 JNHMall,2021-09-08,189601.079212177,441193.941914277,2026-05-06 22:37:57,I,03,폐업,2021-09-08 15:51:51,,2020-04-16,,서울특별시 금천구 가산동 ***-** 가산 아이에스비즈타워,PHMG120213170035047000051,3170000,"서울특별시 금천구 가산디지털*로 **-**, 가산 아이에스비즈타워 ****호 (가산동)",08589,03,폐업,,,,
장우양행 주식회사,,189647.046752134,441677.096205358,2026-05-06 22:38:37,I,13,영업중,2024-05-23 11:09:56,,2023-07-13,,서울특별시 금천구 가산동 ***-** 에스티엑스브이타워,PHMG120233170035047000098,3170000,"서울특별시 금천구 가산디지털*로 ***, 에스티엑스브이타워 ****호 (가산동)",08507,01,영업/정상,,,,
웰빙플러스,,191623.918087992,438766.981064195,2026-05-06 22:37:45,I,15,전출,2021-09-23 14:19:44,,2018-12-12,,서울특별시 금천구 시흥동 ***번지 **호 대성빌딩,PHMG120203170035047000017,3170000,"서울특별시 금천구 독산로 **, 대성빌딩 지하*층 (시흥동)",08642,05,제외/삭제/전출,,,,
조이온메드,,212143.778930005,448048.253831401,2026-05-06 22:44:12,I,13,영업중,2025-11-27 10:49:32,,2025-11-26,,서울특별시 강동구 길동 ***-* 강동그린타워,PHMG120253240033047000129,3240000,"서울특별시 강동구 천호대로 ****, 강동그린타워 **층 R****-**호 (길동)",05355,01,영업/정상,,,,
(주)덴탈마켓,,190089.848501108,441320.86732122,2026-05-06 22:38:23,I,13,영업중,2022-02-16 14:10:27,,2022-02-16,,,PHMG120223170035047000068,3170000,"서울특별시 금천구 벚꽃로**길 **, 에이스 하이엔드타워 클래식 지식산업센터 ***호 (가산동)",08517,01,영업/정상,,,,
메르디엔,2024-12-20,211735.074058941,448418.314614241,2026-05-06 22:44:04,I,03,폐업,2024-12-23 13:59:29,,2023-04-04,,서울특별시 강동구 천호동 ***-** 우정에쉐르,PHMG120233240033047000050,3240000,"서울특별시 강동구 진황도로**길 *, ***동 ***호 (천호동, 우정에쉐르)",05338,03,폐업,,,,
CKmeditech,,213671.045593053,450099.191717155,2026-05-06 22:41:12,I,15,전출,2023-12-19 16:45:54,,2008-01-23,134-825,서울특별시 강동구 명일동 **번지 **호,PHMG120083240033047000010,3240000,서울특별시 강동구 동남로**길 **-** (명일동),05269,05,제외/삭제/전출,,,,
구운돌침대길동지점,2013-03-20,212480.531746742,448427.874427656,2026-05-06 22:41:47,I,24,직권폐업,2015-05-14 14:20:14,,2010-06-14,134-880,서울특별시 강동구 길동 ***번지 **호 (***호),PHMG120103240033047000046,3240000,서울특별시 강동구 천호대로***길 ** (길동),,04,취소/말소/만료/정지/중지,,,,
(주)오거스트나인,,189055.138252216,441958.334400683,2026-05-06 22:37:21,I,15,전출,2017-06-05 09:06:21,,2013-12-17,,,PHMG120133170035047000085,3170000,"서울특별시 금천구 서부샛길 ***, B동 ***호 (가산동, 대성디폴리스지식산업센터)",08504,05,제외/삭제/전출,,,070-7731-5010,
제이에이치메디칼,2019-05-17,214951.433254592,450763.023582457,2026-05-06 22:43:14,I,03,폐업,2019-05-17 17:40:10,,2019-02-26,,서울특별시 강동구 고덕동 ***번지,PHMG120193240033047000020,3240000,"서울특별시 강동구 상일로**길 **, ***호 (고덕동)",05222,03,폐업,,,,28.62
대승의료기기(주),,189472.091898625,441483.675018356,2026-05-06 22:37:48,I,13,영업중,2022-11-17 11:32:06,,2020-09-04,,서울특별시 금천구 가산동 ***-** 남성프라자,PHMG120203170035047000148,3170000,"서울특별시 금천구 디지털로 ***, 남성프라자 ***호 (가산동)",08589,01,영업/정상,,,02-2026-1785,
㈜디네트웍스,2015-10-01,190050.903572929,440523.497478209,2026-05-06 22:37:19,I,24,직권폐업,2015-10-03 10:29:03,,2013-01-03,153-776,서울특별시 금천구 가산동 ***번지 우림라이온스밸리*차 ****호,PHMG120133170035047000001,3170000,"서울특별시 금천구 가산디지털*로 *, ****호 (가산동, 우림라이온스밸리*차)",08591,04,취소/말소/만료/정지/중지,,,,
마이위시,2021-04-06,189350.592434703,442143.206055455,2026-05-06 22:37:48,I,03,폐업,2021-04-07 09:35:24,,2020-08-11,,서울특별시 금천구 가산동 ***-*** 가산 더블유센터,PHMG120203170035047000133,3170000,"서울특별시 금천구 가산디지털*로 ***, 가산 더블유센터 **층 ****호 (가산동)",08503,03,폐업,,,,
희망의료기,2010-04-27,,,2026-05-06 22:41:29,I,03,폐업,2010-04-27 14:54:32,,2008-10-31,134-082,서울특별시 강동구 길*동 ***(*층),PHMG120083240033047000071,3240000,,,03,폐업,,,02-6414-2747,
주식회사 에이치엔엘,2021-11-25,210935.038615054,448663.480515858,2026-05-06 22:43:04,I,03,폐업,2021-11-25 15:52:19,,2016-04-15,,서울특별시 강동구 천호동 ***번지 *호 비***호,PHMG120163240033047000030,3240000,"서울특별시 강동구 올림픽로 ***, 비***호 (천호동, 천호엘크루주상복합)",05328,03,폐업,,,02-6279-0093,79.8
디어베이비 시흥점,2015-12-16,191152.432649234,438865.160717275,2026-05-06 22:37:20,I,03,폐업,2015-12-16 13:26:16,,2013-04-05,153-864,서울특별시 금천구 시흥동 ***번지 **호 홈플러스 *층,PHMG120133170035047000015,3170000,"서울특별시 금천구 시흥대로 ***, *층 (시흥동, 홈플러스)",08632,03,폐업,,,,
러블리,2022-04-27,211115.499905641,447695.144303535,2026-05-06 22:43:33,I,03,폐업,2022-04-28 10:00:17,,2020-02-11,,서울특별시 강동구 성내동 ***번지 *호,PHMG120203240033047000013,3240000,"서울특별시 강동구 풍성로 ***, 지층 (성내동)",05393,03,폐업,,,02-473-5328,
(주)진명피앤씨,2021-11-01,190912.168726491,440461.875991112,2026-05-06 22:37:49,I,03,폐업,2021-11-01 13:03:36,,2020-10-12,,서울특별시 금천구 독산동 **** 용구빌딩,PHMG120203170035047000166,3170000,"서울특별시 금천구 시흥대로 ***, 용구빌딩 ***호 (독산동)",08616,03,폐업,,,,
(주)씨앤제이어패럴,2024-03-27,212624.891449347,448937.811380947,2026-05-06 22:43:56,I,03,폐업,2024-03-28 14:02:18,,2022-04-29,,서울특별시 강동구 길동 ***-* 동서울오네뜨,PHMG120223240033047000165,3240000,"서울특별시 강동구 양재대로***길 **, ***호,***호,***호 (길동, 동서울오네뜨)",05303,03,폐업,,,,
은혜 대리점,2019-12-26,211838.35431041,447195.676766748,2026-05-06 22:42:56,I,03,폐업,2019-12-26 14:51:15,,2015-02-25,,"서울특별시 강동구 성내동 ***번지 *호 ***,***호",PHMG120153240033047000027,3240000,"서울특별시 강동구 양재대로**길 **, ***,***호 (성내동, 파크프라자)",05404,03,폐업,,,,16.5
한국천기권의료기,2011-10-05,211089.937769186,449764.86880061,2026-05-06 22:41:50,I,03,폐업,2011-10-05 19:26:26,,2010-10-18,134-877,서울특별시 강동구 암사*동 ***번지 **호,PHMG120103240033047000086,3240000,,,03,폐업,,,,
델타엠에스 수도권 동부사업소,,191226.287379467,437914.06299827,2026-05-06 22:37:26,I,15,전출,2016-05-11 17:49:39,,2014-11-26,153-755,서울특별시 금천구 시흥동 ***번지,PHMG120143170035047000112,3170000,"서울특별시 금천구 시흥대로 **, *동 ***층 (시흥동)",08639,05,제외/삭제/전출,,,,
강동마추미실버케어의료기,2010-04-06,211670.007180071,449201.996731158,2026-05-06 22:41:33,I,03,폐업,2010-04-06 17:58:52,,2009-02-26,134-867,서울특별시 강동구 천호*동 ***번지 *호 *층,PHMG120093240033047000010,3240000,,,03,폐업,,,,
일진메디칼샵,,212494.525396029,448050.505747076,2026-05-06 22:39:31,I,13,영업중,2024-03-28 16:00:58,,2001-09-26,,서울특별시 강동구 길동 ***-*,PHMG120013240033047000061,3240000,"서울특별시 강동구 진황도로**길 **, *층 ***호 (길동)",05356,01,영업/정상,,,02-428-3889,
두손프라임,,212130.656684422,449072.688753461,2026-05-06 22:43:11,I,13,영업중,2018-11-23 10:17:44,,2018-01-08,,서울특별시 강동구 천호동 **번지 **호 천호도전숙,PHMG120183240033047000044,3240000,"서울특별시 강동구 천중로**길 **-*, ***호 (천호동, 천호도전숙)",05312,01,영업/정상,,,,34.24
길메디텍,,191013.682027481,441003.614307903,2026-05-06 22:37:33,I,15,전출,2019-01-07 10:06:49,,2017-12-22,,,PHMG120173170035047000108,3170000,"서울특별시 금천구 가산로 **, 건설오피스 ***호 (독산동)",08576,05,제외/삭제/전출,,,,
아투스,,214844.691529811,450341.891483543,2026-05-06 22:43:59,I,13,영업중,2022-08-09 13:36:56,,2022-08-09,,서울특별시 강동구 상일동 *** 고덕아르테온,PHMG120223240033047000256,3240000,"서울특별시 강동구 고덕로 ***, ***동 ***호 (상일동, 고덕아르테온)",05274,01,영업/정상,,,,
한국제이이에스,2010-04-13,189300.99056996,441593.025663978,2026-05-06 22:37:12,I,03,폐업,2010-04-13 13:15:17,,2009-07-03,153-023,서울특별시 금천구 가산동 ***번지 *호 국민일보빌딩 *층,PHMG120093170035047000026,3170000,"서울특별시 금천구 가산디지털*로 ** (가산동,국민일보빌딩 *층)",,03,폐업,,,,
新나노의료기,2016-02-25,,,2026-05-06 22:39:53,I,03,폐업,2016-02-25 14:01:01,,2003-08-08,134-012,서울특별시 강동구 길동 ***-*,PHMG120033240033047000057,3240000,,,03,폐업,,,02-472-2688,
은메디칼,2014-02-04,212552.627369684,448854.789430534,2026-05-06 22:42:02,I,03,폐업,2014-02-04 17:10:27,,2011-11-11,,,PHMG120113240033047000119,3240000,서울특별시 강동구 천중로**길 ** (길동),,03,폐업,,,,
(주)오클레어,,189419.091886816,441207.655086501,2026-05-06 22:37:13,I,13,영업중,2023-06-15 15:26:32,,2010-01-20,,서울특별시 금천구 가산동 ***-** 한라시그마밸리,PHMG120103170035047000003,3170000,"서울특별시 금천구 가산디지털*로 **, 한라시그마밸리 ****호,B***호,B***호 (가산동)",08588,01,영업/정상,,,,
(주)타임앤플레이스,2016-05-23,189841.076534283,441127.322443807,2026-05-06 22:37:27,I,03,폐업,2016-05-25 11:17:00,,2015-06-02,,,PHMG120153170035047000061,3170000,"서울특별시 금천구 가산디지털*로 **, 가산동 ****호 (가산동, 호서대벤처타워)",08590,03,폐업,,,,
주식회사 엠케이파이브,,214362.756737248,450958.819380196,2026-05-06 22:43:34,I,13,영업중,2023-07-17 13:58:17,,2017-09-22,,서울특별시 강동구 고덕동 ***번지 *호,PHMG120203240033047000025,3240000,"서울특별시 강동구 아리수로**길 **-**, ***호 (고덕동)",05220,01,영업/정상,,,02-420-7490,
케이와이메딕스,,212655.05159549,448764.660042344,2026-05-06 22:44:04,I,13,영업중,2023-04-21 14:22:47,,2014-02-03,,서울특별시 강동구 길동 ***-*,PHMG120233240033047000052,3240000,"서울특별시 강동구 천중로 ***, ***호 (길동)",05303,01,영업/정상,,,,4
청호씨이(ce),2010-10-04,211264.747294933,448747.332957861,2026-05-06 22:41:48,I,03,폐업,2010-10-04 18:07:26,,2010-07-09,134-022,서울특별시 강동구 천호*동 ***번지 *호 먹자빌딩 *층,PHMG120103240033047000059,3240000,,,03,폐업,,,,
바디닥터,2024-11-05,211330.148489184,448364.45842256,2026-05-06 22:44:01,I,03,폐업,2024-11-06 11:10:25,,2022-11-15,,서울특별시 강동구 천호동 *** 이안 강동 컴홈스테이 *차,PHMG120223240033047000306,3240000,"서울특별시 강동구 천호대로 ****, 이안 강동 컴홈스테이 *차 ***호 (천호동)",05336,03,폐업,,,,
굿피플메디,,189834.383375802,441938.326056501,2026-05-06 22:37:51,I,15,전출,2021-07-07 15:09:24,,2020-12-24,,서울특별시 금천구 가산동 **-** 한신IT 타워*차,PHMG120203170035047000207,3170000,"서울특별시 금천구 디지털로*길 **, 한신IT 타워*차 *층 ***-*호 (가산동)",08511,05,제외/삭제/전출,,,,
지에스티,2013-02-04,211236.205691235,447368.727175366,2026-05-06 22:41:46,I,24,직권폐업,2015-05-14 14:13:18,,2010-04-16,134-850,서울특별시 강동구 성내동 ***번지 *호 (*층),PHMG120103240033047000026,3240000,서울특별시 강동구 성안로*길 ** (성내동),,04,취소/말소/만료/정지/중지,,,,
케어블루,2020-08-21,189055.138252216,441958.334400683,2026-05-06 22:37:38,I,03,폐업,2020-08-21 16:48:23,,2018-11-26,,서울특별시 금천구 가산동 ***번지 *호 대성디폴리스지식산업센터,PHMG120183170035047000134,3170000,"서울특별시 금천구 서부샛길 ***, 대성디폴리스지식산업센터 A동 지하*층 ***-**호 (가산동)",08504,03,폐업,,,,
(주)바이더웨이 가톨릭병원점B,2014-12-31,210986.405956836,448919.226364473,2026-05-06 22:42:53,I,03,폐업,2014-12-31 13:57:01,,2014-11-21,134-869,서울특별시 강동구 천호동 ***번지 **호,PHMG120143240033047000132,3240000,서울특별시 강동구 올림픽로 *** (천호동),,03,폐업,,,,
(주)메디스코,,189686.475000033,440870.092608694,2026-05-06 22:37:33,I,13,영업중,2024-03-21 15:10:01,,2018-01-03,,서울특별시 금천구 가산동 ***-** 대륭테크노타운**차,PHMG120183170035047000001,3170000,"서울특별시 금천구 가산디지털*로 **, 대륭테크노타운**차 ***-*호 (가산동)",08592,01,영업/정상,,,,
와이덱스·실버벨청각센터,,210871.293674366,448421.092547965,2026-05-06 22:41:47,I,13,영업중,2015-07-24 16:25:08,,2010-05-28,134-840,서울특별시 강동구 성내동 **번지 **호 브라운스톤B/D ***호,PHMG120103240033047000041,3240000,"서울특별시 강동구 천호대로 ****, ***호 (성내동)",05378,01,영업/정상,,,,92.69
아이럭키즈,,211986.832451435,449930.999145028,2026-05-06 22:44:08,I,13,영업중,2024-08-21 14:33:57,,2024-08-21,,서울특별시 강동구 암사동 ***-** 신주리버빌,PHMG120243240033047000087,3240000,"서울특별시 강동구 암사**길 **, ***호 (암사동, 신주리버빌)",05259,01,영업/정상,,,,
알퐁소,2015-05-29,211055.486155787,448786.697371515,2026-05-06 22:42:46,I,03,폐업,2015-05-29 11:20:59,,2014-06-13,134-873,서울특별시 강동구 천호동 ***번지 이천일아울렛 *층,PHMG120143240033047000037,3240000,"서울특별시 강동구 구천면로 ***, *층 (천호동, 이천일아울렛)",,03,폐업,,,22246566,
렛츠웰,2017-05-26,189943.546219232,441990.817436962,2026-05-06 22:37:29,I,03,폐업,2017-05-26 13:31:16,,2016-04-15,,,PHMG120163170035047000037,3170000,"서울특별시 금천구 디지털로*길 **, ***호 (가산동, 이앤씨드림타워*차)",08512,03,폐업,,,02-868-7775,
설화무역,2024-03-11,189829.504142672,441618.071646624,2026-05-06 22:37:48,I,24,직권폐업,2024-02-29 16:43:51,,2020-07-24,,서울특별시 금천구 가산동 **-** 벽산디지털밸리*차,PHMG120203170035047000124,3170000,"서울특별시 금천구 벚꽃로 ***, 벽산디지털밸리*차 ***호 (가산동)",08513,04,취소/말소/만료/정지/중지,,,,
혜당생활과학 금천지사,2024-06-04,191601.679739953,438973.933342817,2026-05-06 22:38:35,I,03,폐업,2024-06-04 09:22:38,,2023-03-29,,서울특별시 금천구 시흥동 ***-**,PHMG120233170035047000050,3170000,"서울특별시 금천구 독산로 **, *층 (시흥동)",08627,03,폐업,,,,
GS25 천호사랑점,2024-05-09,210877.285016435,448978.61038479,2026-05-06 22:43:55,I,03,폐업,2024-05-10 14:50:43,,2022-03-22,,서울특별시 강동구 천호동 ***-**,PHMG120223240033047000130,3240000,"서울특별시 강동구 구천면로**길 **, *층 (천호동)",05245,03,폐업,,,,
네오웰빙,2014-02-27,210657.072352124,448715.328792634,2026-05-06 22:42:23,I,03,폐업,2014-02-27 10:51:42,,2013-02-27,,,PHMG120133240033047000014,3240000,서울특별시 강동구 구천면로**길 ** (천호동),,03,폐업,,,,
씨유 독산푸르지오,,191877.369882186,442036.01933436,2026-05-06 22:38:29,I,13,영업중,2022-07-12 15:00:36,,2022-07-12,,서울특별시 금천구 독산동 ***-*,PHMG120223170035047000169,3170000,"서울특별시 금천구 남부순환로 ****, A동 ***호 (독산동)",08548,01,영업/정상,,,,
세븐일레븐 천호현대점,,211641.938188247,448531.50082448,2026-05-06 22:43:50,I,13,영업중,2022-02-07 16:15:12,,2022-02-03,,서울특별시 강동구 천호동 ***-***,PHMG120223240033047000029,3240000,"서울특별시 강동구 진황도로**길 **, *층 (천호동)",05337,01,영업/정상,,,,
에스유엠(Sum)개발,2025-06-17,215212.94326834,451495.534517004,2026-05-06 22:43:35,I,03,폐업,2025-06-17 13:44:09,,2020-04-22,,서울특별시 강동구 강일동 ***번지 *호,PHMG120203240033047000035,3240000,"서울특별시 강동구 아리수로**길 **-**, *동 *층 ***호 (강일동)",05211,03,폐업,,,,59.4
주식회사 본비엔,,190718.377249788,439322.42742435,2026-05-06 22:38:43,I,13,영업중,2025-03-13 14:45:51,,2025-03-13,,,PHMG120253170035047000018,3170000,"서울특별시 금천구 시흥대로**길 **, 엠메디컬타워 ****호 (시흥동)",08613,01,영업/정상,,,,
알티하이텍,,211047.953350591,448684.23415758,2026-05-06 22:43:06,I,13,영업중,2016-08-12 19:59:14,,2016-08-12,,서울특별시 강동구 천호동 ***번지 *호 ***호,PHMG120163240033047000073,3240000,"서울특별시 강동구 구천면로 ***, ***호 (천호동, 천호역 한강 푸르지오시티)",05328,01,영업/정상,,,02-477-5335,26.27
국민메디칼,2016-04-12,210704.803064272,447911.573481525,2026-05-06 22:42:49,I,03,폐업,2016-04-12 15:05:43,,2014-10-24,134-841,서울특별시 강동구 성내동 ***번지 *호,PHMG120143240033047000066,3240000,서울특별시 강동구 올림픽로 *** (성내동),05385,03,폐업,,,,
지오메디칼,,191940.52846371,441672.089311358,2026-05-06 22:37:37,I,15,전출,2019-05-29 08:53:07,,2018-01-29,,서울특별시 금천구 독산동 ***번지 **호 문성빌딩,PHMG120183170035047000102,3170000,"서울특별시 금천구 문성로 **, 문성빌딩 *층 (독산동)",08549,05,제외/삭제/전출,,,,48.11
GS25 트윈테크점,,189575.815287955,441503.181731081,2026-05-06 22:38:27,I,13,영업중,2022-05-10 14:12:24,,2022-05-10,,서울특별시 금천구 가산동 ***-* SK트윈테크타워,PHMG120223170035047000133,3170000,"서울특별시 금천구 가산디지털*로 ***, SK트윈테크타워 A동 ***호 (가산동)",08589,01,영업/정상,,,,
365샵(주),,212035.630680809,447639.363266624,2026-05-06 22:44:10,I,13,영업중,2024-12-13 13:41:29,,2023-11-22,,서울특별시 강동구 성내동 ***-* 양지빌딩,PHMG120243240033047000129,3240000,"서울특별시 강동구 양재대로 ****, 양지빌딩 ***,***호 (성내동)",05376,01,영업/정상,,,,
헤온,,192368.43764933,438690.814038292,2026-05-06 22:37:42,I,15,전출,2019-09-26 10:35:26,,2019-01-02,,서울특별시 금천구 시흥동 ****번지 *호 벽산중심상가,PHMG120193170035047000103,3170000,"서울특별시 금천구 금하로 ***, 벽산중심상가 ***호 (시흥동)",08656,05,제외/삭제/전출,,,,
국민썬메디칼,,212540.84854276,448241.926035401,2026-05-06 22:42:57,I,15,전출,2016-10-31 15:45:28,,2015-03-30,,서울특별시 강동구 길동 ***번지 **호 지층,PHMG120153240033047000039,3240000,서울특별시 강동구 양재대로***길 ** (길동),05351,05,제외/삭제/전출,,,,
지에스(GS)25 강일14단지점,2025-12-29,215898.113091143,449933.236825398,2026-05-06 22:44:06,I,03,폐업,2025-12-29 14:31:21,,2023-12-07,,서울특별시 강동구 상일동 ** 강동리엔파크**단지,PHMG120233240033047000124,3240000,"서울특별시 강동구 고덕로**길 ***, 상가동 ***.***호 (상일동, 강동리엔파크**단지)",05286,03,폐업,,,,
혜당메디칼,2014-07-08,212472.028852954,448452.758046295,2026-05-06 22:42:24,I,03,폐업,2014-07-08 15:11:08,,2013-02-26,,,PHMG120133240033047000016,3240000,서울특별시 강동구 양재대로***길 ** (길동),,03,폐업,,,,
리바이브 인터네셔널,2020-04-23,191226.287379467,437914.06299827,2026-05-06 22:37:38,I,03,폐업,2020-04-23 16:54:10,,2018-10-10,,서울특별시 금천구 시흥동 ***번지 시흥유통상가,PHMG120183170035047000108,3170000,"서울특별시 금천구 시흥대로 **, 시흥유통상가 *동 ***호 (시흥동)",08639,03,폐업,,,,
제이디 바이오,2015-02-17,189202.600232089,441848.24299943,2026-05-06 22:37:23,I,03,폐업,2015-02-17 11:24:38,,2014-10-21,,,PHMG120143170035047000060,3170000,"서울특별시 금천구 가산디지털*로 ***, ****-***호 (가산동, 월드메르디앙*차)",,03,폐업,,,,
(주)왓슨스코리아 가산디지털점,2015-10-28,189685.715834343,442026.454121483,2026-05-06 22:37:13,I,03,폐업,2015-10-28 15:42:27,,2009-10-14,153-023,서울특별시 금천구 가산동 **번지 **호 리더스타워 ***호,PHMG120093170035047000038,3170000,"서울특별시 금천구 벚꽃로 *** (가산동,리더스타워 ***호)",,03,폐업,,,,
(주)아성다이소 고덕점,,213676.319090609,450194.855705321,2026-05-06 22:44:02,I,13,영업중,2023-05-24 17:01:02,,2023-01-12,,서울특별시 강동구 명일동 **-* 배재빌딩,PHMG120233240033047000013,3240000,"서울특별시 강동구 동남로**길 **-*, 배재빌딩 B***,***호 (명일동)",05269,01,영업/정상,,,,733.34
이혈건강카페,2018-10-30,191325.486707482,438925.460880425,2026-05-06 22:37:33,I,03,폐업,2018-11-23 16:09:45,,2018-01-15,,,PHMG120183170035047000007,3170000,"서울특별시 금천구 시흥대로**길 **, *층 (시흥동)",08629,03,폐업,,,,
(주)바이오포유,,189459.065518928,441844.960857588,2026-05-06 22:38:39,I,13,영업중,2023-12-18 15:01:14,,2023-12-18,,,PHMG120233170035047000157,3170000,"서울특별시 금천구 가산디지털*로 ***, 신한이노플렉스 *층 ***C-*호 (가산동)",08506,01,영업/정상,,,,
주식회사 유파마디자인,2024-11-26,189748.024164036,442174.424111843,2026-05-06 22:38:27,I,24,직권폐업,2024-11-26 09:51:40,,2022-05-30,,서울특별시 금천구 가산동 **-** 스타밸리,PHMG120223170035047000142,3170000,"서울특별시 금천구 디지털로*길 **, 스타밸리 ****-**호 (가산동)",08510,04,취소/말소/만료/정지/중지,,,,
행복25시,2021-03-12,212526.261260174,448521.837793222,2026-05-06 22:43:08,I,24,직권폐업,2021-03-15 10:35:03,,2017-06-28,,,PHMG120173240033047000051,3240000,서울특별시 강동구 천중로**길 ** (길동),05343,04,취소/말소/만료/정지/중지,,,,146.78
㈜인벤투스,2011-07-05,,,2026-05-06 22:40:33,I,03,폐업,2011-07-05 14:10:16,,2005-10-31,134-023,서울특별시 강동구 천호*동 ***-*(***호),PHMG120053240033047000065,3240000,,,03,폐업,,,02-486-2892,
일양,2015-07-07,211127.470386358,447294.872900215,2026-05-06 22:42:57,I,03,폐업,2015-07-07 15:27:12,,2015-04-06,134-851,서울특별시 강동구 성내동 ***번지 *호,PHMG120153240033047000042,3240000,"서울특별시 강동구 성내로 **, *층 (성내동)",,03,폐업,,,,20
스타일튜닝,2024-12-31,211866.414897844,448966.315266018,2026-05-06 22:43:14,I,03,폐업,2024-12-31 11:25:03,,2019-01-31,,서울특별시 강동구 천호동 ***번지 *호,PHMG120193240033047000013,3240000,"서울특별시 강동구 구천면로**길 **, 지층 (천호동)",05330,03,폐업,,,02-479-3468,94.17
허준의료기,,191298.60704052,438436.109390506,2026-05-06 22:38:44,I,13,영업중,2025-06-26 09:35:23,,2025-06-26,,,PHMG120253170035047000047,3170000,"서울특별시 금천구 시흥대로 ***, 시흥빌딩 ***호 (시흥동)",08638,01,영업/정상,,,,
혜당생활과학금천지사,,191196.941666383,439261.70857801,2026-05-06 22:37:19,I,13,영업중,2026-01-20 17:53:12,,2012-12-10,,,PHMG120123170035047000060,3170000,"서울특별시 금천구 시흥대로**길 *, *층 (시흥동)",08626,01,영업/정상,,,22037552,
주식회사 에스엠메디텍,,210900.827367272,447384.252901545,2026-05-06 22:44:09,I,13,영업중,2025-05-22 11:12:32,,2024-10-24,,서울특별시 강동구 성내동 ***-* 굿모닝빌딩,PHMG120243240033047000106,3240000,"서울특별시 강동구 성내로*길 *-**, 굿모닝빌딩 *층 (성내동)",05399,01,영업/정상,,,,
주식회사 케이씨엘에스,,189016.465808265,442320.784167212,2026-05-06 22:38:39,I,13,영업중,2024-02-02 11:24:15,,2024-02-02,,,PHMG120243170035047000023,3170000,"서울특별시 금천구 가산디지털*로 ***-**, *층 오***-비**호 (가산동)",08500,01,영업/정상,,,,
가정쇼핑,2014-12-12,189920.540900476,439526.232037905,2026-05-06 22:37:02,I,03,폐업,2014-12-12 14:59:20,,2003-12-09,153-751,서울특별시 금천구 독산동 ****번지 *호 ****동 ***호,PHMG120033170035047000005,3170000,"서울특별시 금천구 한내로 **-**, ****동 ***호 (독산동)",,03,폐업,,,,
주식회사 라온메디,,211458.648093395,450316.255472825,2026-05-06 22:44:04,I,13,영업중,2023-04-27 17:00:04,,2023-04-25,,서울특별시 강동구 암사동 ***-** 정산아파트,PHMG120233240033047000055,3240000,"서울특별시 강동구 고덕로 **, *층 ***-**호 (암사동, 정산아파트)",05238,01,영업/정상,,,070-4264-8299,
휴먼앤매직(H&M),2023-03-08,212126.207780604,448915.841600908,2026-05-06 22:43:58,I,03,폐업,2023-03-09 11:48:44,,2022-05-19,,서울특별시 강동구 천호동 **-** 청담빌라,PHMG120223240033047000182,3240000,"서울특별시 강동구 천중로**길 **-**, 에이동 ***호 (천호동, 청담빌라)",05316,03,폐업,,,,
(주)코리아세븐 독산역롯데캐슬점,,190344.613056384,440178.834647149,2026-05-06 22:38:36,I,13,영업중,2024-02-27 10:04:01,,2023-05-23,,,PHMG120233170035047000075,3170000,"서울특별시 금천구 벚꽃로 ***, 상가동 지하*층 *,*호 (독산동, 독산역 롯데캐슬)",08606,01,영업/정상,,,,
세븐일레븐 강동상일여고점,,215166.192744526,449766.710085022,2026-05-06 22:44:00,I,13,영업중,2022-11-07 10:18:59,,2022-11-04,,서울특별시 강동구 상일동 ***,PHMG120223240033047000298,3240000,서울특별시 강동구 상일로*길 *(상일동),05282,01,영업/정상,,,,
이노셀러,,191480.287599757,441050.52619348,2026-05-06 22:37:48,I,13,영업중,2020-08-11 13:36:02,,2020-08-11,,서울특별시 금천구 독산동 ***-** 뜰안채,PHMG120203170035047000134,3170000,"서울특별시 금천구 독산로**길 **, ***호 (독산동, 뜰안채)",08555,01,영업/정상,,,,
"앙팡스(압소바,해피랜드)",2022-12-30,189759.713050655,441814.115920983,2026-05-06 22:37:32,I,03,폐업,2022-12-30 15:07:03,,2017-05-19,,,PHMG120173170035047000041,3170000,"서울특별시 금천구 벚꽃로 ***, *층 (가산동, 마리오아울렛*)",08511,03,폐업,,,,
대화헬스케어,,215505.695374616,451683.180260586,2026-05-06 22:43:53,I,13,영업중,2023-06-27 13:45:59,,2022-02-21,,서울특별시 강동구 강일동 *** 강일리버파크*단지아파트,PHMG120223240033047000098,3240000,"서울특별시 강동구 아리수로**길 **, ***동 ***호 (강일동, 강일리버파크*단지아파트)",05210,01,영업/정상,,,,
신나노의료기 명일지점,2011-09-08,212667.4883805,449804.059280909,2026-05-06 22:41:30,I,03,폐업,2011-09-08 15:28:29,,2008-11-28,134-070,서울특별시 강동구 명일동 ***번지 *호 (*층),PHMG120083240033047000083,3240000,,,03,폐업,,,,
(주)카이론월드,,189369.53962474,441629.361414684,2026-05-06 22:37:27,I,13,영업중,2018-10-08 10:51:11,,2015-04-24,,서울특별시 금천구 가산동 ***번지 *호 IT캐슬,PHMG120153170035047000041,3170000,"서울특별시 금천구 가산디지털*로 **, IT캐슬 *동 ***호 (가산동)",08506,01,영업/정상,,,,
트로피안테크,,210899.058972753,449573.24051031,2026-05-06 22:43:42,I,13,영업중,2021-04-23 17:39:00,,2014-08-28,,서울특별시 강동구 천호동 ***-* 트로피안빌딩,PHMG120213240033047000045,3240000,"서울특별시 강동구 올림픽로**길 **, 트로피안빌딩 *층 ***호 (천호동)",05243,01,영업/정상,,,,
준메디케어,,211220.340952408,446942.269130178,2026-05-06 22:44:00,I,13,영업중,2022-11-02 09:18:38,,2020-12-04,,서울특별시 강동구 성내동 ***-* 남경빌딩,PHMG120223240033047000296,3240000,"서울특별시 강동구 강동대로 ***, 남경빌딩 ***호 (성내동)",05402,01,영업/정상,,,,30.6
웰킨 천호,2018-06-18,210845.844797087,448679.382603258,2026-05-06 22:43:06,I,24,직권폐업,2018-06-19 09:42:54,,2016-10-11,,서울특별시 강동구 천호동 ***번지 **호 ***호,PHMG120163240033047000086,3240000,"서울특별시 강동구 올림픽로 ***, ***호 (천호동, 쌍용플래티넘리버)",05248,04,취소/말소/만료/정지/중지,,,02-483-8020,132.75
봉쥬르홀쇼핑,,191298.60704052,438436.109390506,2026-05-06 22:37:31,I,15,전출,2017-04-13 17:35:54,,2016-12-07,,,PHMG120163170035047000125,3170000,"서울특별시 금천구 시흥대로 ***, *층 ***~***호 (시흥동)",08638,05,제외/삭제/전출,,,,
위더스메디칼,,190085.822382559,440294.810348123,2026-05-06 22:37:26,I,15,전출,2016-09-27 10:42:00,,2014-12-19,,,PHMG120143170035047000117,3170000,"서울특별시 금천구 범안로 ****, ***-*, ***호 (독산동, 독산중앙하이츠빌 상가동)",08596,05,제외/삭제/전출,,,,27.7
신신의료기,,211540.253033462,447716.94884022,2026-05-06 22:43:06,I,15,전출,2018-09-13 11:04:10,,2016-09-12,,서울특별시 강동구 성내동 ***번지 **호 *층,PHMG120163240033047000080,3240000,"서울특별시 강동구 성안로**길 **, *층 (성내동)",05389,05,제외/삭제/전출,,,,151.02
씨에스엘메디(CSL medi),,211563.035762462,449591.936994945,2026-05-06 22:42:22,I,15,전출,2018-04-24 09:53:32,,2012-12-28,134-859,서울특별시 강동구 암사*동 ***번지 **호,PHMG120123240033047000093,3240000,서울특별시 강동구 상암로 **-* (암사동),05261,05,제외/삭제/전출,,,,
씨유 성내중앙점,2016-12-30,211603.733911813,446841.160845582,2026-05-06 22:42:50,I,03,폐업,2016-12-30 16:11:12,,2014-11-04,134-031,서울특별시 강동구 성내동 ***번지,PHMG120143240033047000085,3240000,서울특별시 강동구 강동대로**길 ** (성내동),05408,03,폐업,,,,
선경메디칼,2015-05-29,212355.427890151,448272.607357516,2026-05-06 22:42:03,I,03,폐업,2015-05-29 14:26:50,,2012-01-05,134-010,서울특별시 강동구 길동 ***번지 *호   ***호,PHMG120123240033047000004,3240000,"서울특별시 강동구 양재대로***길 **, ***호 (길동)",,03,폐업,,,,
(주)코리아세븐 금천필승점,2022-06-07,190810.967767815,439263.896873032,2026-05-06 22:38:00,I,03,폐업,2022-06-07 17:40:59,,2021-05-04,,,PHMG120213170035047000078,3170000,"서울특별시 금천구 시흥대로**길 **, ***호 (시흥동)",08613,03,폐업,,,,
미성스포렉스,2015-09-23,,,2026-05-06 22:41:47,I,03,폐업,2015-09-23 14:33:02,,2010-07-01,134-031,서울특별시 강동구 성내*동,PHMG120103240033047000054,3240000,,,03,폐업,,,34271231,
블루헬스,2022-11-22,210830.134427385,448618.9907646,2026-05-06 22:43:20,I,03,폐업,2022-11-22 16:13:59,,2017-07-19,,서울특별시 강동구 천호동 ***-* 예경빌딩,PHMG120193240033047000062,3240000,"서울특별시 강동구 올림픽로 ***, 예경빌딩 *층 ***호 (천호동)",05248,03,폐업,,,02-488-2940,
(주)코리아세븐 암사구천면로점,2025-08-13,212192.105432173,449835.972332782,2026-05-06 22:43:59,I,03,폐업,2025-08-18 10:19:07,,2022-07-14,,서울특별시 강동구 암사동 ***-** 암사 THE Nest,PHMG120223240033047000222,3240000,"서울특별시 강동구 구천면로 ***, 외 *필지 *층 ***호 (암사동, 암사 THE Nest)",05258,03,폐업,,,,
닥터88플러스,,211237.872039484,447883.16282764,2026-05-06 22:44:11,I,13,영업중,2025-04-17 13:28:40,,2025-04-16,,서울특별시 강동구 성내동 ***-* 진빌딩,PHMG120253240033047000051,3240000,"서울특별시 강동구 풍성로**가길 **, 진빌딩 ***호 (성내동)",05383,01,영업/정상,,,,
이(e)메디컬,,211826.599998467,448252.594408225,2026-05-06 22:43:30,I,13,영업중,2025-01-31 11:42:12,,2020-01-09,,서울특별시 강동구 천호동 ***번지 *호,PHMG120203240033047000001,3240000,"서울특별시 강동구 성안로 ***, *층 ***호 (천호동)",05339,01,영업/정상,,,02-474-2875,29
블루메디,2018-11-22,189353.050637528,442493.020182986,2026-05-06 22:37:33,I,03,폐업,2018-11-22 15:19:13,,2017-11-22,,,PHMG120173170035047000096,3170000,"서울특별시 금천구 가산디지털*로 ***, ***-**호 (가산동)",08502,03,폐업,,,,
(주)사운드메이트,,190976.938978625,440262.458085627,2026-05-06 22:38:36,I,15,전출,2025-06-18 16:43:35,,2023-06-01,,,PHMG120233170035047000080,3170000,"서울특별시 금천구 시흥대로***길 **, 한스빌 ***호 (독산동)",08616,05,제외/삭제/전출,,,,
(주)로킷헬스케어,2020-01-15,190119.463375612,441716.684586176,2026-05-06 22:37:45,I,03,폐업,2020-01-15 17:10:38,,2020-01-10,,,PHMG120203170035047000005,3170000,"서울특별시 금천구 디지털로**길 *, 현대시티아울렛 가산점 **층 (가산동)",08514,03,폐업,,,,
더클컴퍼니,2025-12-31,189055.138252216,441958.334400683,2026-05-06 22:38:39,I,03,폐업,2025-12-31 09:30:58,,2024-01-18,,,PHMG120243170035047000016,3170000,"서울특별시 금천구 서부샛길 ***, 대성디폴리스지식산업센터 A****호 (가산동)",08504,03,폐업,,,,
러블랑(Luvlang),2021-10-05,211047.878697259,450021.504957301,2026-05-06 22:43:16,I,03,폐업,2021-10-05 16:37:32,,2019-03-22,,서울특별시 강동구 암사동 ***번지 선사현대아파트,PHMG120193240033047000032,3240000,"서울특별시 강동구 상암로 **, ***동 *층 ***-*호 (암사동, 선사현대아파트)",05240,03,폐업,,,,16.5
(주)더라이프,,189055.138252216,441958.334400683,2026-05-06 22:37:27,I,15,전출,2018-08-06 18:00:02,,2015-04-16,,서울특별시 금천구 가산동 ***번지 *호,PHMG120153170035047000037,3170000,"서울특별시 금천구 서부샛길 ***, 지하*층 B***-**호 (가산동, 대성디폴리스지식산업센터)",08504,05,제외/삭제/전출,,,,3.3
바이오토탈솔루션즈 주식회사,2024-07-30,189353.050637528,442493.020182986,2026-05-06 22:38:01,I,03,폐업,2024-07-30 13:04:24,,2021-05-04,,,PHMG120213170035047000081,3170000,"서울특별시 금천구 가산디지털*로 ***, 코오롱디지털타워애스턴 ***호 (가산동)",08502,03,폐업,,,,
주식회사 셀라메디칼,,189450.60600488,441142.645065053,2026-05-06 22:37:54,I,13,영업중,2025-01-02 13:45:42,,2021-03-11,,서울특별시 금천구 가산동 ***-*,PHMG120213170035047000039,3170000,"서울특별시 금천구 가산디지털*로 **-**, ***호 (가산동)",08588,01,영업/정상,,,,
(주)모션어널리시스코리아 숨,,189016.465808265,442320.784167212,2026-05-06 22:38:27,I,15,전출,2023-03-27 16:52:16,,2022-05-18,,서울특별시 금천구 가산동 ***-**,PHMG120223170035047000137,3170000,"서울특별시 금천구 가산디지털*로 ***-**, 오***호 (가산동)",08500,05,제외/삭제/전출,,,070-4125-1211,
세라젬 현대백화점천호점,,210929.919693661,448537.406728283,2026-05-06 22:44:10,I,13,영업중,2025-03-11 13:41:44,,2025-03-07,,서울특별시 강동구 천호동 *** 현대백화점,PHMG120253240033047000026,3240000,"서울특별시 강동구 천호대로 ****, 현대백화점 **층 (천호동)",05328,01,영업/정상,,,,
주식회사 그로우팩토리,2025-06-02,210830.134427385,448618.9907646,2026-05-06 22:44:10,I,03,폐업,2025-06-02 10:37:21,,2025-02-10,,서울특별시 강동구 천호동 ***-* 예경빌딩,PHMG120253240033047000007,3240000,"서울특별시 강동구 올림픽로 ***, 예경빌딩 *층 *-**호 (천호동)",05248,03,폐업,,,,
세븐일레븐 천호역한강청년주택점,2023-06-26,210747.029242186,448585.11433031,2026-05-06 22:43:54,I,03,폐업,2023-06-28 10:38:35,,2022-02-25,,서울특별시 강동구 천호동 ***-* 천호역 한강 청년주택,PHMG120223240033047000108,3240000,"서울특별시 강동구 천호대로 ***, ***호 (천호동, 천호역 한강 청년주택)",05248,03,폐업,,,,
(주)아몬드헬스케어,2023-07-03,189834.383375802,441938.326056501,2026-05-06 22:38:24,I,03,폐업,2023-07-03 16:45:26,,2022-03-11,,,PHMG120223170035047000091,3170000,"서울특별시 금천구 디지털로*길 **, 한신IT 타워*차 *** 호A**호 (가산동)",08511,03,폐업,,,,
유성메디칼,2019-02-21,211750.534380491,449945.629142981,2026-05-06 22:43:11,I,03,폐업,2019-02-21 14:39:24,,2018-06-12,,서울특별시 강동구 암사동 ***번지 *호,PHMG120183240033047000047,3240000,"서울특별시 강동구 암사길 **, *층 (암사동)",05260,03,폐업,,,,123.56
신신건강드림,2013-12-04,212967.326934145,449677.159165055,2026-05-06 22:42:11,I,03,폐업,2013-12-04 15:09:44,,2012-08-02,,,PHMG120123240033047000059,3240000,"서울특별시 강동구 구천면로 ***, A동 지층 (명일동)",,03,폐업,,,,
(주)코리아세븐 명일삼익점,,212785.236301062,449150.358975252,2026-05-06 22:44:05,I,13,영업중,2024-03-20 16:14:31,,2023-11-10,,서울특별시 강동구 명일동 ***-*,PHMG120233240033047000116,3240000,서울특별시 강동구 양재대로***길 ** (명일동),05296,01,영업/정상,,,,
지에스25 강동개나리점,2019-01-22,211896.331971303,449579.848162688,2026-05-06 22:42:52,I,03,폐업,2019-01-22 15:50:19,,2014-11-18,134-051,서울특별시 강동구 암사동 ***번지 **호,PHMG120143240033047000111,3240000,서울특별시 강동구 구천면로 *** (암사동),05265,03,폐업,,,02-442-0890,
디에스케이글로벌(주),2023-03-20,189350.592434703,442143.206055455,2026-05-06 22:37:38,I,24,직권폐업,2023-03-20 10:02:11,,2017-03-24,,서울특별시 금천구 가산동 ***번지 ***호 가산 더블유센터,PHMG120183170035047000120,3170000,"서울특별시 금천구 가산디지털*로 ***, 가산 더블유센터 ***호 (가산동)",08503,04,취소/말소/만료/정지/중지,,,02-549-5302,
파코메리총판 천호점,2020-07-30,210841.053729982,448640.710294271,2026-05-06 22:43:19,I,03,폐업,2020-07-30 18:47:22,,2019-06-11,,서울특별시 강동구 천호동 ***번지 *호 우장빌딩,PHMG120193240033047000056,3240000,"서울특별시 강동구 올림픽로 ***, 우장빌딩 *층 ***호 (천호동)",05248,03,폐업,,,,55.51
래미안,2025-05-19,212774.210432382,450065.574101322,2026-05-06 22:43:47,I,03,폐업,2025-05-19 15:18:43,,2021-07-26,,서울특별시 강동구 명일동 *** 래미안 솔베뉴,PHMG120213240033047000135,3240000,"서울특별시 강동구 양재대로 ****, ***동 ****호 (명일동, 래미안 솔베뉴)",05266,03,폐업,,,,
엠케이사이언스(주),,211997.374303563,447998.814231451,2026-05-06 22:43:11,I,13,영업중,2018-05-10 13:54:54,,2018-05-10,,서울특별시 강동구 성내동 ***번지 웰빙메디컬빌딩,PHMG120183240033047000035,3240000,"서울특별시 강동구 천호대로 ****, 웰빙메디컬빌딩 ***호 (성내동)",05373,01,영업/정상,,,02-488-3936,147.9
지에스(GS)25성내행복점,,210910.016545262,448080.228401587,2026-05-06 22:43:59,I,13,영업중,2022-11-22 10:38:05,,2022-07-20,,서울특별시 강동구 성내동 ***-*,PHMG120223240033047000240,3240000,"서울특별시 강동구 천호옛길 **, *층 (성내동)",05385,01,영업/정상,,,02-487-2360,
(주)세종아이앤씨,,191226.287379467,437914.06299827,2026-05-06 22:37:29,I,15,전출,2017-04-05 08:57:16,,2016-02-22,,,PHMG120163170035047000014,3170000,"서울특별시 금천구 시흥대로 **, **동 ***호 (시흥동, 시흥유통상가)",08639,05,제외/삭제/전출,,,070-4454-6994,
인토본메디,,211665.460029343,448548.718090068,2026-05-06 22:43:14,I,13,영업중,2019-03-06 15:41:26,,2018-05-15,,서울특별시 강동구 천호동 ***번지 ***호 더존캐슬,PHMG120193240033047000023,3240000,"서울특별시 강동구 진황도로**길 **, *층 ***호 (천호동, 더존캐슬)",05337,01,영업/정상,,,,17.5
주식회사 레이어메드,,211458.648093395,450316.255472825,2026-05-06 22:44:10,I,13,영업중,2025-03-07 14:52:59,,2025-03-06,,서울특별시 강동구 암사동 ***-** 정산아파트,PHMG120253240033047000024,3240000,"서울특별시 강동구 고덕로 **, ***-**호 (암사동, 정산아파트)",05238,01,영업/정상,,,,
이페이스코퍼레이션,2022-09-26,211966.759282034,448015.084774496,2026-05-06 22:43:48,I,03,폐업,2022-09-26 16:45:04,,2021-11-10,,서울특별시 강동구 성내동 ***-*,PHMG120213240033047000171,3240000,"서울특별시 강동구 천호대로 ****, *층 ****호 (성내동)",05373,03,폐업,,,,
소화,,210859.823614182,448319.55261069,2026-05-06 22:44:09,I,13,영업중,2024-11-20 10:07:12,,2024-11-19,,서울특별시 강동구 성내동 **-** 드림피스,PHMG120243240033047000121,3240000,"서울특별시 강동구 올림픽로**길 *-**, ***호 (성내동, 드림피스)",05378,01,영업/정상,,,,
아트디엔터테인먼트,2021-11-11,189459.065518928,441844.960857588,2026-05-06 22:37:46,I,03,폐업,2021-11-11 10:16:41,,2020-04-06,,서울특별시 금천구 가산동 ***번지 **호,PHMG120203170035047000051,3170000,"서울특별시 금천구 가산디지털*로 ***, ***-*호 (가산동)",08506,03,폐업,,,,
무인네츄럴,2013-03-20,211755.680676983,447196.583369409,2026-05-06 22:41:48,I,24,직권폐업,2015-05-14 14:23:34,,2010-08-13,134-890,서울특별시 강동구 성내동 ***번지 **호 월광빌딩 *층,PHMG120103240033047000063,3240000,서울특별시 강동구 양재대로**길 ** (성내동),,04,취소/말소/만료/정지/중지,,,,
(주)오너클랜,,189647.046752134,441677.096205358,2026-05-06 22:37:39,I,15,전출,2022-02-23 15:33:40,,2015-07-06,,서울특별시 금천구 가산동 ***번지 **호 에스티엑스브이타워,PHMG120183170035047000149,3170000,"서울특별시 금천구 가산디지털*로 ***, 에스티엑스브이타워 ***호 (가산동)",08507,05,제외/삭제/전출,,,070-4603-2480,
(주)엘엔케이지,,212418.195674446,449349.408070926,2026-05-06 22:43:10,I,15,전출,2019-02-26 16:49:48,,2018-01-16,,서울특별시 강동구 천호동 **번지 **호 천호동K빌딩,PHMG120183240033047000005,3240000,"서울특별시 강동구 상암로**길 *, 천호동K빌딩 *층 (천호동)",05307,05,제외/삭제/전출,,,02-462-5813,114.41
힐링나라 에스엠홀쇼핑,2014-08-21,192036.660784786,438794.625370761,2026-05-06 22:37:22,I,03,폐업,2014-08-21 13:48:44,,2014-05-14,,,PHMG120143170035047000026,3170000,"서울특별시 금천구 탑골로*길 *, *층 (시흥동)",,03,폐업,,,,
서연,2024-07-17,190050.903572929,440523.497478209,2026-05-06 22:38:28,I,03,폐업,2024-07-17 11:04:19,,2022-06-22,,서울특별시 금천구 가산동 *** 우림라이온스밸리*차,PHMG120223170035047000153,3170000,"서울특별시 금천구 가산디지털*로 *, 우림라이온스밸리*차 ****호 (가산동)",08591,03,폐업,,,,
에코의료기,,191130.182720289,441152.090056906,2026-05-06 22:37:31,I,15,전출,2017-10-11 13:14:41,,2017-03-08,,,PHMG120173170035047000018,3170000,"서울특별시 금천구 시흥대로***길 **, *층 (독산동)",08545,05,제외/삭제/전출,,,,
수안바이오,,189055.138252216,441958.334400683,2026-05-06 22:37:33,I,13,영업중,2019-04-03 17:38:27,,2017-09-06,,서울특별시 금천구 가산동 ***번지 *호 대성디폴리스지식산업센터 A동 ****호,PHMG120173170035047000084,3170000,"서울특별시 금천구 서부샛길 ***, 대성디폴리스지식산업센터 **층 ****호 (가산동)",08504,01,영업/정상,,,,
엘림,,211849.295089466,450049.441799879,2026-05-06 22:43:08,I,13,영업중,2017-03-17 09:12:48,,2017-03-16,,서울특별시 강동구 암사동 ***번지 **호,PHMG120173240033047000024,3240000,"서울특별시 강동구 고덕로**라길 **, *층 (암사동)",05254,01,영업/정상,,,02-426-7665,27
서경통상,,212766.210220028,448509.736881987,2026-05-06 22:44:08,I,13,영업중,2024-08-29 13:19:51,,2024-08-29,,서울특별시 강동구 길동 ***-** 청원파크빌아파트*,PHMG120243240033047000091,3240000,"서울특별시 강동구 명일로**길 **, ***호 (길동, 청원파크빌아파트*)",05344,01,영업/정상,,,,
(주)큐에이치인터내셔널,2023-01-10,189378.332493727,442066.99866487,2026-05-06 22:37:51,I,03,폐업,2023-01-10 13:36:42,,2021-01-07,,서울특별시 금천구 가산동 ***-** 가산 에스케이 브이원 센터,PHMG120213170035047000005,3170000,"서울특별시 금천구 가산디지털*로 ***, 가산 에스케이 브이원 센터 ***호 (가산동)",08503,03,폐업,,,,
(주)바로선백향목,2018-07-13,210859.291225056,448738.302114305,2026-05-06 22:43:04,I,03,폐업,2018-07-13 11:25:16,,2016-03-28,,서울특별시 강동구 천호동 ***번지 **호 *층,PHMG120163240033047000018,3240000,"서울특별시 강동구 천호대로***길 **, *층 (천호동)",05248,03,폐업,,,,214.82
주식회사 테라시스디앤씨,,210536.707584882,448724.015647067,2026-05-06 22:44:01,I,13,영업중,2024-01-18 16:20:17,,2018-09-20,,서울특별시 강동구 천호동 ***-**,PHMG120223240033047000309,3240000,서울특별시 강동구 선사로 **-*(천호동),05247,01,영업/정상,,,02-2293-6667,
아느 스튜디오,,189016.465808265,442320.784167212,2026-05-06 22:38:43,I,13,영업중,2025-01-06 15:47:29,,2025-01-06,,,PHMG120253170035047000001,3170000,"서울특별시 금천구 가산디지털*로 ***-**, 제오***호 (가산동)",08500,01,영업/정상,,,,
건정TECH,2012-04-13,,,2026-05-06 22:42:03,I,03,폐업,2012-04-13 21:30:31,,2012-03-09,,,PHMG120123240033047000020,3240000,"서울특별시 강동구 고덕로**길 **, ***호 (고덕동)",,03,폐업,,,,
테슬러시스템(주),,189202.600232089,441848.24299943,2026-05-06 22:37:34,I,15,전출,2018-08-08 13:38:13,,2018-02-28,,,PHMG120183170035047000024,3170000,"서울특별시 금천구 가산디지털*로 ***, 월드메르디앙*차 ****-***호 (가산동)",08505,05,제외/삭제/전출,,,,
준메디칼,2023-01-03,212047.340188377,447726.819097616,2026-05-06 22:41:47,I,03,폐업,2023-01-04 12:00:06,,2010-05-17,,서울특별시 강동구 성내동 ***-** 혜성빌딩,PHMG120103240033047000035,3240000,"서울특별시 강동구 양재대로**길 *, 혜성빌딩 ***호 (성내동)",05375,03,폐업,,,,
다이소 이마트고덕점,,213847.923700142,451564.469961363,2026-05-06 22:44:12,I,13,영업중,2025-09-22 14:07:07,,2025-09-19,,서울특별시 강동구 고덕동 ***-** 강동 아이파크 더리버,PHMG120253240033047000111,3240000,"서울특별시 강동구 고덕비즈밸리로 **, 강동 아이파크 더리버 B*층 (고덕동)",05203,01,영업/정상,,,02-405-8402,
다람쥐유통,,211302.226270392,450037.189771872,2026-05-06 22:44:12,I,13,영업중,2025-08-13 14:13:10,,2025-08-12,,서울특별시 강동구 암사동 ***-*,PHMG120253240033047000099,3240000,"서울특별시 강동구 올림픽로 ***, *층 ***호 (암사동)",05251,01,영업/정상,,,,
(주)코리아세븐 강일3단지점,2019-10-15,215366.063352066,451618.231227225,2026-05-06 22:42:53,I,03,폐업,2019-10-15 18:43:09,,2014-11-21,134-733,서울특별시 강동구 강일동 ***번지,PHMG120143240033047000135,3240000,서울특별시 강동구 아리수로**길 ** (강일동),05210,03,폐업,,,,
메디그린,,212829.656415681,448999.26424614,2026-05-06 22:42:12,I,13,영업중,2012-08-14 17:23:14,,2012-08-10,,,PHMG120123240033047000063,3240000,"서울특별시 강동구 양재대로***길 **, *층 ***호 (길동)",05301,01,영업/정상,,,,
주식회사 나사희,2025-09-15,215144.766442481,452305.723682264,2026-05-06 22:43:58,I,03,폐업,2025-09-15 15:18:38,,2022-06-02,,서울특별시 강동구 강일동 *** 강동리버스트*단지,PHMG120223240033047000188,3240000,"서울특별시 강동구 아리수로**가길 ***, *층 ***호 (강일동, 강동리버스트*단지)",05414,03,폐업,,,02-943-1942,
헬스빌,2008-12-08,212251.603548884,448345.727351302,2026-05-06 22:41:14,I,03,폐업,2015-05-14 13:45:39,,2008-04-11,134-880,서울특별시 강동구 길동 ***번지 *호,PHMG120083240033047000027,3240000,서울특별시 강동구 양재대로 **** (길동),,03,폐업,,,02-478-7827,
이롬메디칼,,191226.287379467,437914.06299827,2026-05-06 22:37:01,I,15,전출,2022-02-07 18:06:05,,2002-11-25,153-755,서울특별시 금천구 시흥동 ***번지 시흥유통상가 **동 ***호,PHMG120023170035047000003,3170000,"서울특별시 금천구 시흥대로 **, **동 ***호 (시흥동, 시흥유통상가 )",08639,05,제외/삭제/전출,,,,
닥터스 초이스,2025-12-31,189369.53962474,441629.361414684,2026-05-06 22:38:43,I,03,폐업,2025-12-31 09:36:39,,2025-01-07,,,PHMG120253170035047000003,3170000,"서울특별시 금천구 가산디지털*로 **, IT캐슬 *동 ***호 (가산동)",08506,03,폐업,,,,
(주)아투,2023-03-20,189812.421197411,440866.434242768,2026-05-06 22:37:46,I,24,직권폐업,2023-03-20 10:03:33,,2020-04-07,,서울특별시 금천구 가산동 ***번지 **호 이앤씨드림타워*차,PHMG120203170035047000053,3170000,"서울특별시 금천구 가산디지털*로 **, 이앤씨드림타워*차 ***호 (가산동)",08592,04,취소/말소/만료/정지/중지,,,,
(주)미듬코리아,,189202.600232089,441848.24299943,2026-05-06 22:37:40,I,13,영업중,2025-05-21 14:46:57,,2019-03-19,,서울특별시 금천구 가산동 ***-* 월드메르디앙*차,PHMG120193170035047000044,3170000,"서울특별시 금천구 가산디지털*로 ***, 월드메르디앙*차 ****-**호 (가산동)",08505,01,영업/정상,,,,
제이와이케어,2021-12-09,211458.648093395,450316.255472825,2026-05-06 22:43:30,I,03,폐업,2021-12-09 13:37:19,,2019-12-23,,서울특별시 강동구 암사동 ***번지 **호 정산아파트,PHMG120193240033047000114,3240000,"서울특별시 강동구 고덕로 **, ***-**호 (암사동, 정산아파트)",05238,03,폐업,,,,5
(주)코리아세븐 강동고덕점,,213671.045593053,450099.191717155,2026-05-06 22:43:44,I,13,영업중,2024-03-20 16:07:20,,2021-05-04,,서울특별시 강동구 명일동 **-** 동혜빌딩,PHMG120213240033047000070,3240000,"서울특별시 강동구 동남로**길 **-**, 동혜빌딩 *층 (명일동)",05269,01,영업/정상,,,,
(주)에이엠피에스,2021-05-24,212964.062169762,449076.376269888,2026-05-06 22:41:53,I,03,폐업,2021-05-25 18:20:22,,2011-06-01,,서울특별시 강동구 길동 **번지 상가동 *층 *호,PHMG120113240033047000046,3240000,"서울특별시 강동구 양재대로***길 **, 상가동 *층 *호 (길동, 삼익파크)",05298,03,폐업,,,,10
닥터존닥터88강동,,213048.692179757,450124.105734971,2026-05-06 22:44:10,I,13,영업중,2025-03-17 10:42:37,,2025-03-14,,서울특별시 강동구 명일동 ** 삼익그린맨션,PHMG120253240033047000032,3240000,"서울특별시 강동구 명일로 ***, 삼익그린맨션 상가동 *층 **호 (명일동)",05267,01,영업/정상,,,,
건영메디칼,2014-07-22,212824.552741963,449319.609109957,2026-05-06 22:42:03,I,03,폐업,2014-07-22 15:02:47,,2012-01-17,,,PHMG120123240033047000007,3240000,"서울특별시 강동구 양재대로***길 **, *층 (명일동)",,03,폐업,,,,
미즈글로벌,2023-03-20,189920.528610917,440521.85524888,2026-05-06 22:37:41,I,24,직권폐업,2023-03-20 10:04:38,,2019-05-27,,,PHMG120193170035047000089,3170000,"서울특별시 금천구 가산디지털*로 *, 대륭테크노타운 **차 ****호 (가산동)",08594,04,취소/말소/만료/정지/중지,,,,
메이크마인드,2024-10-10,189202.600232089,441848.24299943,2026-05-06 22:37:35,I,03,폐업,2024-10-10 16:28:02,,2018-06-18,,서울특별시 금천구 가산동 ***번지 *호 월드메르디앙*차,PHMG120183170035047000066,3170000,"서울특별시 금천구 가산디지털*로 ***, 월드메르디앙*차 ****호 (가산동)",08505,03,폐업,,,,
㈜고려엠케어,2010-11-19,210694.989265395,447815.986328694,2026-05-06 22:41:09,I,24,직권폐업,2015-05-14 13:34:38,,2007-11-12,134-883,성내동 ***번지,PHMG120073240033047000091,3240000,서울특별시 강동구 올림픽로 *** (성내동),,04,취소/말소/만료/정지/중지,,,02-470-7589,
(주)쿡플레이,,189314.711435401,442585.933234852,2026-05-06 22:38:39,I,13,영업중,2025-06-11 14:47:33,,2024-01-02,,서울특별시 금천구 가산동 ***-** 에이스하이엔드타워*차,PHMG120243170035047000003,3170000,"서울특별시 금천구 가산디지털*로 ***, 에이스하이엔드타워*차 ***호 (가산동)",08502,01,영업/정상,,,,156.95
포커슨,2018-12-10,189202.600232089,441848.24299943,2026-05-06 22:37:32,I,24,직권폐업,2018-12-10 17:23:56,,2017-08-16,,,PHMG120173170035047000071,3170000,"서울특별시 금천구 가산디지털*로 ***, ****-***호 (가산동, 월드메르디앙*차)",08505,04,취소/말소/만료/정지/중지,,,,
켐브릿지,2025-06-12,211393.374131351,450351.502650047,2026-05-06 22:43:35,I,03,폐업,2025-06-13 10:02:39,,2020-04-24,,서울특별시 강동구 암사동 ***번지 한강시티라이프,PHMG120203240033047000039,3240000,"서울특별시 강동구 올림픽로 ***, 한강시티라이프 ***호 (암사동)",05238,03,폐업,,,,
대양메디칼,2012-04-12,,,2026-05-06 22:41:07,I,03,폐업,2012-04-12 13:23:39,,2007-08-22,134-062,서울특별시 강동구 둔촌*동 **-* *층,PHMG120073240033047000065,3240000,,,03,폐업,,,02-482-5752,
웰브레인센터 강일지점,,215438.626317216,452239.132843888,2026-05-06 22:44:09,I,13,영업중,2024-11-08 10:13:48,,2024-11-06,,서울특별시 강동구 강일동 **-*,PHMG120243240033047000118,3240000,"서울특별시 강동구 아리수로**나길 **, *층 ***호 (강일동)",05415,01,영업/정상,,,070-7605-6121,
동서울종합복지센터,,212733.534992441,448187.524231707,2026-05-06 22:43:02,I,13,영업중,2018-05-21 16:36:35,,2015-09-30,,서울특별시 강동구 길동 ***번지,PHMG120153240033047000101,3240000,"서울특별시 강동구 천호대로***길 **, *층 (길동)",05350,01,영업/정상,,,,54
태림메디컬,2009-07-07,,,2026-05-06 22:41:16,I,03,폐업,2009-07-07 17:55:21,,2008-06-05,134-082,서울특별시 강동구 길*동 ***-** 진우빌딩*층,PHMG120083240033047000041,3240000,,,03,폐업,,,02-483-7085,
바이오슬립메드㈜,,189685.715834343,442026.454121483,2026-05-06 22:37:19,I,15,전출,2018-02-07 09:33:41,,2012-12-07,153-790,서울특별시 금천구 가산동 **번지 **호 삼성리더스타워 ***호,PHMG120123170035047000059,3170000,"서울특별시 금천구 벚꽃로 ***, ***호 (가산동, 삼성리더스타워)",08511,05,제외/삭제/전출,,,32811929,
(주)코리아세븐 성내2호점,2019-10-15,211408.519666032,447589.706238873,2026-05-06 22:42:52,I,03,폐업,2019-10-15 18:06:01,,2014-11-21,134-850,서울특별시 강동구 성내동 ***번지,PHMG120143240033047000121,3240000,서울특별시 강동구 풍성로 *** (성내동),05395,03,폐업,,,,
㈜신세계이마트 천호점,2011-05-13,,,2026-05-06 22:39:20,I,03,폐업,2011-05-16 09:41:21,,1999-12-27,134-022,서울특별시 강동구 천호*동 ***-*,PHMG119993240033047000018,3240000,,,03,폐업,,,02-2224-1053,
더블유스퀘어,,189364.095969911,441746.981529543,2026-05-06 22:37:43,I,15,전출,2023-03-06 20:10:12,,2019-07-23,,,PHMG120193170035047000122,3170000,"서울특별시 금천구 가산디지털*로 ***, 뉴티캐슬 ***호 (가산동)",08506,05,제외/삭제/전출,,,,
라온메디케어,,192368.43764933,438690.814038292,2026-05-06 22:37:41,I,15,전출,2021-01-05 17:34:17,,2019-04-23,,,PHMG120193170035047000075,3170000,"서울특별시 금천구 금하로 ***, 벽산중심상가 ***-**호 (시흥동)",08656,05,제외/삭제/전출,,,,
두컴퍼니,2019-07-10,210970.75707265,448713.31669728,2026-05-06 22:43:05,I,24,직권폐업,2019-07-11 17:29:19,,2016-05-12,,서울특별시 강동구 천호동 ***번지 *호 ***호,PHMG120163240033047000041,3240000,"서울특별시 강동구 올림픽로 ***, *층 ***호 (천호동, 대우한강베네시티)",05328,04,취소/말소/만료/정지/중지,,,,11.97
신신의료기 독산동점,2011-03-15,191185.783159464,441144.990264177,2026-05-06 22:37:13,I,03,폐업,2011-03-15 11:24:12,,2010-03-23,153-013,서울특별시 금천구 독산*동 ***번지 *호 *층,PHMG120103170035047000013,3170000,"서울특별시 금천구 독산로**길 ** (독산동,*층)",,03,폐업,,,,
마리엔스 세이타타,2012-02-27,191850.991670713,438700.492292524,2026-05-06 22:37:15,I,03,폐업,2012-02-27 17:48:37,,2011-06-13,153-859,서울특별시 금천구 시흥*동 ***번지 **호,PHMG120113170035047000021,3170000,서울특별시 금천구 금하로**길 ** (시흥동),,03,폐업,,,,
메디세이브(MEDISAVE),,211542.314116941,448273.114107211,2026-05-06 22:43:05,I,13,영업중,2016-06-13 17:28:31,,2016-06-13,,서울특별시 강동구 천호동 ***번지 **호 *층 **-*호,PHMG120163240033047000051,3240000,"서울특별시 강동구 천호대로 ****, *층 **-*호 (천호동, 힐탑프라자)",05340,01,영업/정상,,,,23
루시아 리,,211314.789502725,450264.713132142,2026-05-06 22:43:19,I,15,전출,2024-03-04 17:41:20,,2017-11-21,,서울특별시 강동구 암사동 ***번지 **호 동백빌딩,PHMG120193240033047000048,3240000,"서울특별시 강동구 올림픽로 ***, 동백빌딩 *층 ***호 (암사동)",05241,05,제외/삭제/전출,,,,
더케이플러스,,211809.144914284,448217.053871045,2026-05-06 22:43:51,I,13,영업중,2022-02-09 18:46:26,,2022-02-07,,서울특별시 강동구 천호동 ***-* 청광노블하임,PHMG120223240033047000054,3240000,"서울특별시 강동구 성안로 ***, 청광노블하임 ****호 (천호동)",05339,01,영업/정상,,,,
DE메디칼,2024-02-05,191132.625751785,441825.157273149,2026-05-06 22:37:11,I,03,폐업,2024-02-05 16:33:29,,2009-04-23,153-823,서울특별시 금천구 독산*동 ***번지 삼부르네상스오피스텔 ***호,PHMG120093170035047000015,3170000,"서울특별시 금천구 시흥대로***길 **-**, ***호 (독산동,삼부르네상스오피스텔)",08536,03,폐업,,,63437400,
제네시스,,211279.030241561,448548.819716671,2026-05-06 22:43:01,I,15,전출,2017-09-11 15:28:49,,2015-07-21,134-871,서울특별시 강동구 천호동 ***번지 ***호,PHMG120153240033047000080,3240000,"서울특별시 강동구 진황도로 **, 지*층 ***호 (천호동, 코오롱상가)",05335,05,제외/삭제/전출,,,02-471-5357,41.43
제이앤티메디칼(J&T Medical),,210726.755874418,447381.53172133,2026-05-06 22:43:47,I,13,영업중,2021-06-16 15:38:48,,2021-06-15,,서울특별시 강동구 성내동 ***-** 장성글로벌빌딩,PHMG120213240033047000123,3240000,"서울특별시 강동구 성내로*길 **, 장성글로벌빌딩 *층 ****호 (성내동)",05398,01,영업/정상,,,02-6959-4373,
한국종합상사,2023-07-18,211270.384030019,449196.061144023,2026-05-06 22:43:55,I,03,폐업,2023-07-19 16:19:10,,2022-03-30,,서울특별시 강동구 천호동 ***-**,PHMG120223240033047000145,3240000,"서울특별시 강동구 천중로 **, 지층 (천호동)",05324,03,폐업,,,,
해피랜드,2019-06-12,211055.486155787,448786.697371515,2026-05-06 22:41:58,I,03,폐업,2019-06-12 13:22:40,,2011-06-30,134-873,서울특별시 강동구 천호*동 ***번지 ****아울렛 *층,PHMG120113240033047000061,3240000,,,03,폐업,,,,
(주)코리아세븐 길동제일점,2021-09-13,212726.509093791,448158.06931868,2026-05-06 22:43:43,I,03,폐업,2021-09-13 12:51:40,,2021-05-04,,서울특별시 강동구 길동 ***-*,PHMG120213240033047000058,3240000,서울특별시 강동구 천호대로 **** (길동),05350,03,폐업,,,,
힐링고,,192368.43764933,438690.814038292,2026-05-06 22:38:33,I,15,전출,2024-01-12 10:16:52,,2023-01-04,,서울특별시 금천구 시흥동 ****-* 벽산중심상가,PHMG120233170035047000007,3170000,"서울특별시 금천구 금하로 ***, 벽산중심상가 *층 ***-*호 (시흥동)",08656,05,제외/삭제/전출,,,,
(주)코리아세븐 천호5호점,2019-10-15,212376.206725401,448791.071403727,2026-05-06 22:42:52,I,03,폐업,2019-10-15 18:06:20,,2014-11-21,134-862,서울특별시 강동구 천호동 **번지 *호,PHMG120143240033047000127,3240000,서울특별시 강동구 양재대로 **** (천호동),05316,03,폐업,,,,
(주)경은엠앤에스,,189369.53962474,441629.361414684,2026-05-06 22:38:38,I,13,영업중,2023-09-07 09:41:33,,2022-05-02,,서울특별시 금천구 가산동 ***-* IT캐슬,PHMG120233170035047000131,3170000,"서울특별시 금천구 가산디지털*로 **, IT캐슬 *동 ***호 (가산동)",08506,01,영업/정상,,,,
(주)신우에스티씨,,191226.287379467,437914.06299827,2026-05-06 22:38:26,I,13,영업중,2022-04-11 13:57:11,,2022-04-11,,서울특별시 금천구 시흥동 *** 시흥유통상가,PHMG120223170035047000114,3170000,"서울특별시 금천구 시흥대로 **, 시흥유통상가 **동 ***호 (시흥동)",08639,01,영업/정상,,,,
CU 천호공원점,2016-12-29,211314.656763671,449226.294221849,2026-05-06 22:42:50,I,03,폐업,2016-12-29 13:29:11,,2014-11-03,134-867,서울특별시 강동구 천호동 ***번지 **호,PHMG120143240033047000077,3240000,서울특별시 강동구 천중로 ** (천호동),05322,03,폐업,,,,
㈜해동청,2010-04-27,,,2026-05-06 22:40:53,I,03,폐업,2010-04-27 14:55:41,,2006-08-16,134-090,서울특별시 강동구 성내*동 ***-* 청일베르네 ***호,PHMG120063240033047000054,3240000,,,03,폐업,,,02-488-2601,
케이,2010-01-27,,,2026-05-06 22:41:04,I,03,폐업,2010-01-27 14:20:34,,2007-03-26,134-090,서울특별시 강동구 성내*동 ***-* 청일베르네 ***호,PHMG120073240033047000024,3240000,,,03,폐업,,,02-486-3543,
(주)코리아세븐 명일점,2019-10-15,212646.173191205,450131.624916831,2026-05-06 22:42:53,I,03,폐업,2019-10-15 18:06:11,,2014-11-21,134-830,서울특별시 강동구 명일동 ***번지 *호,PHMG120143240033047000136,3240000,서울특별시 강동구 양재대로 **** (명일동),05257,03,폐업,,,,
와이즈모먼트,,189092.729912585,442262.659278232,2026-05-06 22:38:23,I,15,전출,2023-08-05 13:09:18,,2021-01-25,,서울특별시 금천구 가산동 ***-** 백상스타타워*차,PHMG120223170035047000082,3170000,"서울특별시 금천구 가산디지털*로 ***, 백상스타타워*차 ***-**호 (가산동)",08504,05,제외/삭제/전출,,,,3.3
보훈병원상조회,2024-04-08,212987.201084796,447504.948775288,2026-05-06 22:44:01,I,03,폐업,2024-04-08 16:35:37,,2022-11-29,,서울특별시 강동구 둔촌동 *-* 중앙보훈병원,PHMG120223240033047000317,3240000,"서울특별시 강동구 진황도로**길 **, 중앙보훈병원 (둔촌동)",05368,03,폐업,,,,
주식회사 부경스포츠,2013-11-19,191395.114615449,437394.913802493,2026-05-06 22:37:20,I,03,폐업,2013-11-19 13:52:29,,2013-06-28,153-030,서울특별시 금천구 시흥동 ***번지 *호,PHMG120133170035047000040,3170000,서울특별시 금천구 시흥대로 ** (시흥동),,03,폐업,,,,
CU시흥4동점,2017-06-09,191936.282312791,440019.759536709,2026-05-06 22:37:25,I,03,폐업,2017-06-12 11:49:44,,2014-11-14,153-855,서울특별시 금천구 시흥동,PHMG120143170035047000082,3170000,"서울특별시 금천구 독산로**길 **, B동 ***호 (시흥동)",08565,03,폐업,,,,
(주)엠에스에이치코리아,2024-11-26,189202.600232089,441848.24299943,2026-05-06 22:37:47,I,03,폐업,2024-11-26 09:46:24,,2020-05-12,,서울특별시 금천구 가산동 ***번지 *호 월드메르디앙*차,PHMG120203170035047000081,3170000,"서울특별시 금천구 가산디지털*로 ***, 월드메르디앙*차 ****-***호 (가산동)",08505,03,폐업,,,,
(주)아라웍스,2021-04-21,190089.848501108,441320.86732122,2026-05-06 22:37:45,I,03,폐업,2021-04-21 11:01:35,,2020-01-29,,,PHMG120203170035047000013,3170000,"서울특별시 금천구 벚꽃로**길 **, 에이스 하이엔드타워 클래식 지식산업센터 ***호 (가산동)",08517,03,폐업,,,,
(주)코리아세븐 독산역점,,190057.736482527,440401.86132155,2026-05-06 22:38:42,I,13,영업중,2024-08-29 16:02:05,,2024-08-29,,,PHMG120243170035047000103,3170000,"서울특별시 금천구 범안로 ****, 고려테크온 ***호 (가산동)",08595,01,영업/정상,,,,
(주)가온아이앤씨,,189262.863257737,442093.310518456,2026-05-06 22:38:02,I,13,영업중,2023-09-05 09:40:59,,2021-05-25,,서울특별시 금천구 가산동 ***-**,PHMG120213170035047000099,3170000,"서울특별시 금천구 가산디지털*로 ***, ***호 (가산동)",08503,01,영업/정상,,,,
롯데하이마트(주) 상일IC점,2025-04-16,215101.359476309,449400.640804675,2026-05-06 22:43:34,I,03,폐업,2025-04-28 15:42:56,,2020-03-06,,서울특별시 강동구 상일제*동 ***번지 *호 롯데하이마트,PHMG120203240033047000019,3240000,"서울특별시 강동구 천호대로 ****, 롯데하이마트 (상일제*동)",05283,03,폐업,,,02-2135-6861,1039
(주)래피젠,,189161.545672175,441988.711766202,2026-05-06 22:38:45,I,13,영업중,2025-07-28 15:07:54,,2022-02-23,,서울특별시 금천구 가산동 ***-* 가산 어반워크I,PHMG120253170035047000061,3170000,"서울특별시 금천구 가산디지털*로 ***, 가산 어반워크I ***호 (가산동)",08504,01,영업/정상,,,02-582-7601,36.71
위즈메디텍,2009-11-30,,,2026-05-06 22:41:22,I,03,폐업,2009-12-01 07:40:39,,2008-08-07,134-082,서울특별시 강동구 고덕*동  *** *층,PHMG120083240033047000055,3240000,,,03,폐업,,,02-442-9635,
(주)에스엠티아이(SMTI),,212727.784179462,450245.203247775,2026-05-06 22:43:07,I,15,전출,2019-04-10 08:59:46,,2017-03-13,,,PHMG120173240033047000023,3240000,"서울특별시 강동구 양재대로 ****, ***,***호 (명일동, 삼익그린맨션)",05266,05,제외/삭제/전출,,,,14.94
펄스캠아나프로 명일지점,,212588.131469531,449225.626166119,2026-05-06 22:44:11,I,13,영업중,2025-04-08 16:27:54,,2025-04-08,,서울특별시 강동구 명일동 ***-* 죽애빌딩,PHMG120253240033047000046,3240000,"서울특별시 강동구 양재대로 ****, 죽애빌딩 *층 ***호 (명일동)",05296,01,영업/정상,,,,
윈즈,2025-05-21,191484.061053162,437218.635170307,2026-05-06 22:37:44,I,03,폐업,2025-05-21 13:14:50,,2019-10-17,,서울특별시 금천구 시흥동 ***-*,PHMG120193170035047000158,3170000,"서울특별시 금천구 시흥대로*길 **-**, *층 (시흥동)",08654,03,폐업,,,,
(주)헤모메딕,,212655.05159549,448764.660042344,2026-05-06 22:41:34,I,13,영업중,2022-01-28 10:06:23,,2009-03-09,,서울특별시 강동구 길동 ***-*,PHMG120093240033047000014,3240000,"서울특별시 강동구 천중로 ***, ***호 (길동)",05303,01,영업/정상,,,,
삼성홈플러스 강동점,2012-04-02,,,2026-05-06 22:41:30,I,03,폐업,2012-04-03 10:49:32,,2008-11-07,134-021,서울특별시 강동구  천호*동 **(지하*층),PHMG120083240033047000074,3240000,,,03,폐업,,,02-3400-8180,
위고라이프사이언스,2024-11-06,211458.648093395,450316.255472825,2026-05-06 22:44:07,I,03,폐업,2024-11-06 11:10:45,,2024-03-29,,서울특별시 강동구 암사동 ***-** 정산아파트,PHMG120243240033047000040,3240000,"서울특별시 강동구 고덕로 **, *층 ***-**호 (암사동, 정산아파트)",05238,03,폐업,,,,
㈜대한위재상사,2009-03-27,212933.712395754,448548.796189533,2026-05-06 22:41:05,I,03,폐업,2015-05-14 11:53:14,,2007-04-09,134-809,서울특별시 강동구 길동 ***번지,PHMG120073240033047000030,3240000,서울특별시 강동구 명일로 ***-** (길동),,03,폐업,,,02-432-9311,
(주)홍성파마캠,2016-10-07,211625.437810185,446929.529955121,2026-05-06 22:43:02,I,03,폐업,2016-10-07 11:46:16,,2015-09-11,,서울특별시 강동구 성내동 ***번지 **호,PHMG120153240033047000093,3240000,서울특별시 강동구 강동대로**길 ** (성내동),05408,03,폐업,,,02-443-5838,207.67
주식회사 알토팜,,211819.551215273,448767.066363971,2026-05-06 22:44:06,I,13,영업중,2025-02-05 14:23:33,,2024-01-02,,서울특별시 강동구 천호동 ***-**,PHMG120243240033047000001,3240000,"서울특별시 강동구 성안로**다길 *, *층 (천호동)",05331,01,영업/정상,,,,
(주)연이메디텍,,211551.548102766,450261.472853429,2026-05-06 22:43:01,I,15,전출,2017-01-06 10:50:06,,2015-06-10,134-050,서울특별시 강동구 암사동 ***번지 **호,PHMG120153240033047000068,3240000,서울특별시 강동구 고덕로 ** (암사동),05252,05,제외/삭제/전출,,,,
열린메디팜,2025-06-11,211506.578817887,449586.370109754,2026-05-06 22:43:48,I,03,폐업,2025-06-12 13:41:46,,2021-11-09,,서울특별시 강동구 천호동 ***-*,PHMG120213240033047000170,3240000,"서울특별시 강동구 상암로 **, 지하*층 (천호동)",05319,03,폐업,,,02-483-1377,
더바이,,189601.079212177,441193.941914277,2026-05-06 22:38:35,I,13,영업중,2024-10-24 16:34:33,,2023-03-10,,서울특별시 금천구 가산동 ***-** 가산 아이에스비즈타워,PHMG120233170035047000047,3170000,"서울특별시 금천구 가산디지털*로 **-**, 가산 아이에스비즈타워 **층 ****호 (가산동)",08589,01,영업/정상,,,,
파라다이슨,2025-01-19,211333.659909016,450146.941145682,2026-05-06 22:43:51,I,03,폐업,2025-01-20 10:30:23,,2022-02-07,,서울특별시 강동구 암사동 ***-* 남영빌딩,PHMG120223240033047000048,3240000,"서울특별시 강동구 올림픽로 ***, 남영빌딩 ***호 (암사동)",05251,03,폐업,,,,
엘케미칼,2022-05-24,189778.774504778,441302.111937219,2026-05-06 22:37:32,I,03,폐업,2022-05-24 14:58:13,,2017-08-08,,,PHMG120173170035047000069,3170000,"서울특별시 금천구 가산디지털*로 **, ****-*호 (가산동, IT프리미어타워)",08590,03,폐업,,,02-836-3466,
마인드믹스,2024-08-14,190457.121926192,441496.949606391,2026-05-06 22:38:34,I,03,폐업,2024-08-14 10:18:10,,2023-01-25,,서울특별시 금천구 가산동 ***-* 동보빌딩,PHMG120233170035047000026,3170000,"서울특별시 금천구 가산로 ***, 동보빌딩 ***호 (가산동)",08520,03,폐업,,,,
(주)현대씨앤디,2013-02-04,210845.844797087,448679.382603258,2026-05-06 22:42:02,I,24,직권폐업,2015-05-15 08:31:45,,2011-11-18,134-874,서울특별시 강동구 천호동 ***번지 **호,PHMG120113240033047000122,3240000,서울특별시 강동구 올림픽로 *** (천호동),,04,취소/말소/만료/정지/중지,,,,
(주)에스디쏠루션,,189778.774504778,441302.111937219,2026-05-06 22:38:43,I,13,영업중,2025-01-22 17:30:57,,2024-12-03,,서울특별시 금천구 가산동 ***-** IT프리미어타워,PHMG120253170035047000008,3170000,"서울특별시 금천구 가산디지털*로 **, IT프리미어타워 **층 ****-*호 (가산동)",08590,01,영업/정상,,,,
비바엠에스 주식회사,,189055.138252216,441958.334400683,2026-05-06 22:38:03,I,15,전출,2024-04-29 17:36:57,,2021-07-07,,서울특별시 금천구 가산동 ***-* 대성디폴리스지식산업센터,PHMG120213170035047000107,3170000,"서울특별시 금천구 서부샛길 ***, 대성디폴리스지식산업센터 ***-*호 (가산동)",08504,05,제외/삭제/전출,,,,
(주)경신이앤지,2017-05-26,190197.697215986,440445.495055914,2026-05-06 22:37:20,I,03,폐업,2017-05-26 13:30:35,,2013-05-13,,,PHMG120133170035047000023,3170000,"서울특별시 금천구 벚꽃로 *** (독산동, 인재와이어)",08601,03,폐업,,,,
홈닥터스,,212588.317959994,448994.865229729,2026-05-06 22:43:05,I,15,전출,2020-02-13 14:22:37,,2016-06-08,,서울특별시 강동구 길동 ***번지 *호 보성빌딩,PHMG120163240033047000050,3240000,"서울특별시 강동구 양재대로***길 **, 보성빌딩 *층 ***호 (길동)",05302,05,제외/삭제/전출,,,02-1661-1575,
지에이메디칼 주식회사,,211551.548102766,450261.472853429,2026-05-06 22:43:54,I,13,영업중,2022-03-07 17:34:34,,2022-03-07,,서울특별시 강동구 암사동 ***-**,PHMG120223240033047000113,3240000,"서울특별시 강동구 고덕로 **, 상원빌딩 ***호 (암사동)",05252,01,영업/정상,,,,
(주)에이치엔티메디텍,,190050.903572929,440523.497478209,2026-05-06 22:37:32,I,15,전출,2020-09-21 15:05:18,,2017-06-26,,,PHMG120173170035047000054,3170000,"서울특별시 금천구 가산디지털*로 *, ****호 (가산동, 우림라이온스밸리*차)",08591,05,제외/삭제/전출,,,02-888-3685,
피컴,2024-12-12,189788.849463856,441731.610478567,2026-05-06 22:37:46,I,03,폐업,2024-12-12 16:20:04,,2020-04-29,,서울특별시 금천구 가산동 **번지 **호 월드메르디앙*차,PHMG120203170035047000072,3170000,"서울특별시 금천구 벚꽃로 ***, 월드메르디앙*차 ****호 (가산동)",08511,03,폐업,,,,
CU 성내포레스점,2016-12-30,211546.60345507,447396.203158752,2026-05-06 22:42:49,I,03,폐업,2016-12-30 16:09:56,,2014-11-03,134-030,성내동 ***번지,PHMG120143240033047000073,3240000,서울특별시 강동구 풍성로 ** (성내동),05385,03,폐업,,,,
강동프리미엄아울렛,2023-06-13,212817.808880571,449573.950940002,2026-05-06 22:43:33,I,03,폐업,2023-06-14 17:38:50,,2020-02-07,,서울특별시 강동구 명일동 ***번지 *호,PHMG120203240033047000011,3240000,"서울특별시 강동구 양재대로***길 **, *층 (명일동)",05294,03,폐업,,,02-6338-8253,
명의료기,,191481.675294989,441945.691459493,2026-05-06 22:37:30,I,13,영업중,2016-06-13 10:37:11,,2016-06-08,,,PHMG120163170035047000064,3170000,"서울특별시 금천구 남부순환로 ****, *층 (가산동)",08527,01,영업/정상,,,,
태성메디텍(주),,189202.181652324,442562.722742062,2026-05-06 22:37:40,I,13,영업중,2021-04-13 14:18:57,,2018-03-23,,서울특별시 금천구 가산동 ***-* 에이스 가산 포휴,PHMG120193170035047000062,3170000,"서울특별시 금천구 가산디지털*로 ***, 에이스 가산 포휴 ***호 (가산동)",08501,01,영업/정상,,,02-2668-1211,
한국화장품(주)강동지사,,212791.836503675,448270.656057421,2026-05-06 22:44:07,I,13,영업중,2024-02-23 16:47:59,,2024-02-23,,서울특별시 강동구 길동 ***-** 길성빌딩,PHMG120243240033047000030,3240000,"서울특별시 강동구 명일로 ***, 길성빌딩 *층 ***호 (길동)",05350,01,영업/정상,,,,
(주)코리아세븐 성내본점,2024-10-29,211583.956740628,447395.344536037,2026-05-06 22:43:43,I,03,폐업,2024-10-31 11:26:56,,2021-05-04,,서울특별시 강동구 성내동 ***-** 석영빌딩,PHMG120213240033047000067,3240000,"서울특별시 강동구 양재대로**길 **, 석영빌딩 *층 (성내동)",05403,03,폐업,,,,
살라망카프로젝트,2024-01-11,211387.261448627,447200.708513892,2026-05-06 22:43:48,I,03,폐업,2024-01-11 15:22:48,,2021-11-15,,서울특별시 강동구 성내동 ***-** 광명빌딩,PHMG120213240033047000172,3240000,"서울특별시 강동구 성내로 **, 광명빌딩 ***호 (성내동)",05396,03,폐업,,,,
주식회사 바이탈애드,2025-08-06,214844.691529811,450341.891483543,2026-05-06 22:44:10,I,03,폐업,2025-08-07 11:46:12,,2025-01-24,,서울특별시 강동구 상일동 *** 고덕아르테온,PHMG120253240033047000003,3240000,"서울특별시 강동구 고덕로 ***, ***동 ****호 (상일동, 고덕아르테온)",05274,03,폐업,,,,
(주)지에스리테일 강동고덕점,,215010.763627235,450026.852395313,2026-05-06 22:43:43,I,13,영업중,2025-04-10 10:58:16,,2021-04-30,,서울특별시 강동구 상일제*동 ***,PHMG120213240033047000050,3240000,"서울특별시 강동구 상일로 **, 상가*동 지하*층 ***호 (상일제*동)",05275,01,영업/정상,,,02-3426-4561,
(주)메디픽스,,189417.708595762,442309.174987731,2026-05-06 22:37:55,I,13,영업중,2021-03-24 16:57:44,,2021-03-24,,,PHMG120213170035047000045,3170000,"서울특별시 금천구 가산디지털*로 ***, 에이스테크노타워**차 ***-*호 (가산동)",08502,01,영업/정상,,,02-867-3066,24.79
힐링스토리,,190023.426907798,439379.272866954,2026-05-06 22:37:22,I,13,영업중,2020-04-14 15:00:58,,2014-03-17,,서울특별시 금천구 독산동 ****번지 *호 한신아파트,PHMG120143170035047000011,3170000,"서울특별시 금천구 한내로 **, 상가동 ****호 (독산동, 한신아파트)",08599,01,영업/정상,,,60533615,
리치클릭유통,2017-04-11,189538.020935968,441982.427934953,2026-05-06 22:37:29,I,03,폐업,2017-04-11 10:11:13,,2016-03-29,,,PHMG120163170035047000032,3170000,"서울특별시 금천구 가산디지털*로 ***, A동 ***호 (가산동, 우림라이온스밸리)",08507,03,폐업,,,,
유니메디스,,211458.648093395,450316.255472825,2026-05-06 22:44:03,I,13,영업중,2023-03-07 09:53:43,,2011-06-21,,서울특별시 강동구 암사동 ***-** 정산아파트,PHMG120233240033047000034,3240000,"서울특별시 강동구 고덕로 **, *층 ***-***호 (암사동, 정산아파트)",05238,01,영업/정상,,,,3
아워덴(OurDen),,210726.755874418,447381.53172133,2026-05-06 22:43:47,I,13,영업중,2021-08-23 14:14:39,,2021-08-23,,서울특별시 강동구 성내동 ***-** 장성글로벌빌딩,PHMG120213240033047000142,3240000,"서울특별시 강동구 성내로*길 **, 장성글로벌빌딩 *층 ****호 (성내동)",05398,01,영업/정상,,,,
(주)닥터서플라이,,211594.154839157,446782.812809795,2026-05-06 22:42:03,I,15,전출,2021-05-20 15:02:19,,2012-02-24,,,PHMG120123240033047000015,3240000,"서울특별시 강동구 양재대로**길 **, *층 (성내동)",05408,05,제외/삭제/전출,,,,
씨유 가산더블유몰점,2015-12-18,189997.455663258,441687.841171831,2026-05-06 22:37:25,I,03,폐업,2015-12-18 13:12:58,,2014-11-18,153-801,서울특별시 금천구 가산동 **번지 **호,PHMG120143170035047000096,3170000,"서울특별시 금천구 디지털로 ***, 지*층 (가산동)",08513,03,폐업,,,,
베이직코리아,2012-05-15,191415.30250909,436946.358720615,2026-05-06 22:37:14,I,03,폐업,2012-05-15 18:11:21,,2010-07-14,153-862,서울특별시 금천구 시흥*동 ***번지 *호 *층,PHMG120103170035047000033,3170000,"서울특별시 금천구 시흥대로*길 * (시흥동,*층)",,03,폐업,,,,
주식회사 온코코리아,2018-05-17,211045.990016817,447205.139674886,2026-05-06 22:43:00,I,03,폐업,2018-05-17 14:25:09,,2015-05-29,134-848,서울특별시 강동구 성내동 ***번지 **호,PHMG120153240033047000065,3240000,"서울특별시 강동구 성안로*길 **, *층 (성내동)",05400,03,폐업,,,02-2057-9100,132.62
GS25 천호중앙점,2023-09-07,212342.018719148,449287.956686134,2026-05-06 22:43:50,I,03,폐업,2023-09-08 14:25:52,,2022-02-03,,서울특별시 강동구 천호동 **-**,PHMG120223240033047000034,3240000,"서울특별시 강동구 상암로 ***, *층 (천호동)",05313,03,폐업,,,,
엠코(MCO),2015-07-10,211206.540974151,448438.130467194,2026-05-06 22:41:36,I,03,폐업,2015-07-10 16:04:20,,2009-07-06,134-023,서울특별시 강동구 천호*동 ***번지 **호 풍원빌딩 *층 ***호,PHMG120093240033047000048,3240000,,,03,폐업,,,,
올휴먼바이오(주),2022-06-15,189467.124186925,441780.0053985,2026-05-06 22:37:45,I,24,직권폐업,2022-06-14 11:19:53,,2020-02-05,,,PHMG120203170035047000015,3170000,"서울특별시 금천구 가산디지털*로 ***, 에이스하이엔드타워*차 ****호 (가산동)",08506,04,취소/말소/만료/정지/중지,,,63795757,
백세건강의료기,,213468.248634115,450920.657616077,2026-05-06 22:43:40,I,13,영업중,2021-01-22 10:51:46,,2021-01-21,,서울특별시 강동구 고덕동 ***-*,PHMG120213240033047000009,3240000,"서울특별시 강동구 동남로**길 **, *층 ***호 (고덕동)",05227,01,영업/정상,,,,
지에스(GS)25 성내하이츠점,,211793.74334143,447603.805754659,2026-05-06 22:44:09,I,13,영업중,2024-10-23 10:09:51,,2024-10-22,,서울특별시 강동구 성내동 ***-*,PHMG120243240033047000105,3240000,"서울특별시 강동구 양재대로**길 **, *층 (성내동)",05377,01,영업/정상,,,,
주식회사 휴먼티알에스,2024-10-22,189685.715834343,442026.454121483,2026-05-06 22:37:49,I,03,폐업,2024-10-22 16:46:46,,2020-10-16,,서울특별시 금천구 가산동 **-** 삼성리더스타워,PHMG120203170035047000173,3170000,"서울특별시 금천구 벚꽃로 ***, 삼성리더스타워 ****호 (가산동)",08511,03,폐업,,,,
BCM의료기,2009-07-15,,,2026-05-06 22:41:06,I,03,폐업,2009-07-16 09:16:27,,2007-05-04,134-024,서울특별시 강동구 천호동 ***-* 금강프라자 ***호,PHMG120073240033047000037,3240000,,,03,폐업,,,02-514-7801,
신세계교역,2020-01-15,190927.486574528,441552.048374056,2026-05-06 22:37:38,I,03,폐업,2020-01-15 17:09:38,,2018-10-19,,서울특별시 금천구 독산동 ***번지 **호,PHMG120183170035047000111,3170000,"서울특별시 금천구 시흥대로 ***, 유진빌딩 ***호 (독산동)",08531,03,폐업,,,02-802-0900,
지에스(GS)25 길동삼익점,,212969.636926918,449019.341480048,2026-05-06 22:43:58,I,13,영업중,2025-08-21 09:13:18,,2022-06-13,,서울특별시 강동구 길동 ** 정혜빌딩,PHMG120223240033047000196,3240000,"서울특별시 강동구 명일로 ***, 정혜빌딩 *층 (길동)",05301,01,영업/정상,,,,
뉴톤보청기 강동지사,2024-06-27,211976.269176583,447462.077236492,2026-05-06 22:43:58,I,03,폐업,2024-06-27 15:03:16,,2022-06-14,,서울특별시 강동구 성내동 ***-* 삼원빌딩,PHMG120223240033047000198,3240000,"서울특별시 강동구 양재대로 ****, 삼원빌딩 *층 ***호 (성내동)",05376,03,폐업,,,,
(주)금화케이에이치,2015-10-01,189417.708595762,442309.174987731,2026-05-06 22:37:20,I,24,직권폐업,2015-10-03 10:30:06,,2013-05-28,153-789,서울특별시 금천구 가산동 ***번지 *호 에이스테크노타워**차 ***호,PHMG120133170035047000032,3170000,"서울특별시 금천구 가산디지털*로 ***, ***호 (가산동, 에이스테크노타워**차)",08502,04,취소/말소/만료/정지/중지,,,,
(주)코리아세븐 둔촌2호점,2019-10-15,212115.305079716,447641.394423374,2026-05-06 22:42:52,I,03,폐업,2019-10-15 18:07:50,,2014-11-21,134-850,서울특별시 강동구 둔촌동 ***번지 *호,PHMG120143240033047000116,3240000,서울특별시 강동구 양재대로 **** (둔촌동),05363,03,폐업,,,,
미사유통,,211458.648093395,450316.255472825,2026-05-06 22:43:46,I,13,영업중,2021-06-10 17:37:46,,2021-06-08,,서울특별시 강동구 암사동 ***-** 정산아파트,PHMG120213240033047000119,3240000,"서울특별시 강동구 고덕로 **, *층 ***-***호 (암사동, 정산아파트)",05238,01,영업/정상,,,,
(주)에이엠피에스,,212964.062169762,449076.376269888,2026-05-06 22:43:46,I,13,영업중,2025-09-22 14:51:35,,2021-05-24,,서울특별시 강동구 길동 ** 삼익파크,PHMG120213240033047000113,3240000,"서울특별시 강동구 양재대로***길 **, 삼익파크 *층 *호 (길동)",05298,01,영업/정상,,,02-6071-3049,
한   별,2010-05-10,,,2026-05-06 22:40:10,I,03,폐업,2010-05-10 17:43:46,,2004-07-05,134-012,서울특별시 강동구 길동 ***-* 길산빌딩 ***호,PHMG120043240033047000044,3240000,,,03,폐업,,,02-474-9082,
(주)메덴트프로페셔널,,211961.859461466,447545.308711326,2026-05-06 22:42:02,I,13,영업중,2021-04-13 09:08:58,,2011-10-21,,서울특별시 강동구 성내동 ***-** 삼덕빌딩,PHMG120113240033047000112,3240000,"서울특별시 강동구 풍성로**길 **, 삼덕빌딩 *층 (성내동)",05376,01,영업/정상,,,,
수메디컬,2015-05-28,215153.651510914,449588.964632462,2026-05-06 22:42:01,I,03,폐업,2015-05-28 11:08:50,,2011-09-07,134-837,서울특별시 강동구 상일제*동 ***번지 *호,PHMG120113240033047000095,3240000,서울특별시 강동구 천호대로***다길 *-** (상일제*동),,03,폐업,,,,
(주)코리아세븐 금천보길점,,191180.641522042,440621.121423426,2026-05-06 22:38:42,I,13,영업중,2024-09-09 16:20:42,,2024-09-09,,,PHMG120243170035047000107,3170000,서울특별시 금천구 독산로**길 ** (독산동),08581,01,영업/정상,,,,
엠에이치엔에이,2014-09-30,210811.130899702,448119.261082793,2026-05-06 22:41:13,I,03,폐업,2015-05-14 13:43:58,,2008-03-10,134-840,서울특별시 강동구 성내동 **번지 **호,PHMG120083240033047000020,3240000,서울특별시 강동구 올림픽로**길 ** (성내동),,03,폐업,,,02-476-2324,
스마트씨팝(SMARTCPAP),2012-10-02,212444.232790865,447903.450785283,2026-05-06 22:41:51,I,03,폐업,2012-10-02 16:12:10,,2011-01-24,134-817,서울특별시 강동구 둔촌*동 **번지 **호 *층,PHMG120113240033047000007,3240000,,,03,폐업,,,070-8699-9802,
제이메딕스,,211458.648093395,450316.255472825,2026-05-06 22:44:11,I,13,영업중,2025-07-08 09:39:40,,2025-07-07,,서울특별시 강동구 암사동 ***-** 정산아파트,PHMG120253240033047000086,3240000,"서울특별시 강동구 고덕로 **, *층 ***-***호 (암사동, 정산아파트)",05238,01,영업/정상,,,,
(주)거봉,2021-10-06,188968.189711073,442119.780901928,2026-05-06 22:37:33,I,03,폐업,2021-10-06 13:37:14,,2017-09-28,,,PHMG120173170035047000086,3170000,"서울특별시 금천구 서부샛길 ***, 지하*층 B***호 (가산동, 대륭테크노타운*차)",08504,03,폐업,,,,
(주)하이프라자 천호점,2018-05-16,211228.973206544,448307.486109902,2026-05-06 22:42:23,I,03,폐업,2018-05-16 17:05:59,,2013-02-08,,서울특별시 강동구 성내동 **번지 *호,PHMG120133240033047000008,3240000,"서울특별시 강동구 천호대로 **** (성내동, 성내빌딩)",05379,03,폐업,,,02-471-4211,
에스타상사,2012-04-09,,,2026-05-06 22:39:49,I,03,폐업,2012-04-09 16:59:14,,2003-07-04,134-021,서울특별시 강동구 천호*동 **-**(*층***호),PHMG120033240033047000046,3240000,,,03,폐업,,,02-482-7771,
일양,2018-12-13,211127.470386358,447294.872900215,2026-05-06 22:43:01,I,03,폐업,2018-12-13 17:06:45,,2018-12-13,134-851,서울특별시 강동구 성내동 ***번지 *호 *층,PHMG120153240033047000075,3240000,"서울특별시 강동구 성내로 **, *층 (성내동)",05399,03,폐업,,,02-6357-3000,
현익상사,,212631.80093407,449475.1682321,2026-05-06 22:44:04,I,15,전출,2024-09-04 16:53:35,,2023-07-11,,서울특별시 강동구 명일동 ***-* 수목빌딩,PHMG120233240033047000070,3240000,"서울특별시 강동구 양재대로 ****, 수목빌딩 *층 ***호 (명일동)",05295,05,제외/삭제/전출,,,,
스토리웨이 가산맞이방점,,189514.72996753,442253.567254569,2026-05-06 22:38:38,I,13,영업중,2025-03-27 15:52:34,,2023-08-25,,,PHMG120233170035047000118,3170000,"서울특별시 금천구 벚꽃로 ***, 가산디지털단지역 (가산동)",08510,01,영업/정상,,,070-7092-7193,
소리몰,2024-11-26,192024.601513857,438423.909374917,2026-05-06 22:37:44,I,24,직권폐업,2024-11-26 09:52:37,,2019-11-27,,,PHMG120193170035047000175,3170000,"서울특별시 금천구 금하로**나길 **, ***동 ***호 (시흥동, 관악신도브래뉴)",08647,04,취소/말소/만료/정지/중지,,,,
(주)씨앤알메디칼,2014-03-31,,,2026-05-06 22:41:15,I,03,폐업,2014-03-31 17:52:36,,2008-05-27,134-090,서울특별시 강동구 성내*동 ***-*중앙빌딩***호,PHMG120083240033047000039,3240000,,,03,폐업,,,02-747-4594,
케이제이 인터내셔날,,189055.138252216,441958.334400683,2026-05-06 22:37:31,I,15,전출,2025-02-10 14:40:28,,2016-11-18,,,PHMG120163170035047000117,3170000,"서울특별시 금천구 서부샛길 ***, 지하*층 ***-**호 (가산동, 대성디폴리스지식산업센터)",08504,05,제외/삭제/전출,,,,
씨유금산초교점,2024-06-21,191595.745126858,437818.53216611,2026-05-06 22:38:23,I,03,폐업,2024-06-21 15:13:36,,2022-02-16,,서울특별시 금천구 시흥동 ***-*,PHMG120223170035047000072,3170000,"서울특별시 금천구 시흥대로**길 **, *층 (시흥동)",08651,03,폐업,,,,
주노메디컬,,189092.729912585,442262.659278232,2026-05-06 22:38:31,I,15,전출,2023-01-04 17:49:03,,2018-10-01,,서울특별시 금천구 가산동 ***-** 백상스타타워*차,PHMG120223170035047000227,3170000,"서울특별시 금천구 가산디지털*로 ***, 백상스타타워*차 ****호 (가산동)",08504,05,제외/삭제/전출,,,02-2642-0403,66
케이홈,,189459.065518928,441844.960857588,2026-05-06 22:38:01,I,13,영업중,2022-08-26 09:21:04,,2021-05-10,,,PHMG120213170035047000084,3170000,"서울특별시 금천구 가산디지털*로 ***, *층 ***C-*호 (가산동)",08506,01,영업/정상,,,,
(주)에이치피커뮤니케이션,2013-06-30,,,2026-05-06 22:37:19,I,03,폐업,2013-07-16 15:12:26,,2012-10-16,,,PHMG120123170035047000051,3170000,"서울특별시 금천구 디지털로*길 **, ***호 (가산동, 백상스타타워*차)",,03,폐업,,,,
주식회사 비채온,,212058.101635733,447981.73419896,2026-05-06 22:43:12,I,15,전출,2020-01-02 16:17:24,,2018-06-20,,서울특별시 강동구 성내동 ***번지,PHMG120183240033047000051,3240000,"서울특별시 강동구 천호대로 ****, *층 ***호 (성내동)",05373,05,제외/삭제/전출,,,02-478-7678,96.6
주식회사 베뉴,,189790.323886715,442017.86745811,2026-05-06 22:38:08,I,13,영업중,2021-09-28 10:34:56,,2021-09-28,,서울특별시 금천구 가산동 **-** 백상스타타워*차,PHMG120213170035047000134,3170000,"서울특별시 금천구 디지털로*길 **, 백상스타타워*차 ***호 (가산동)",08511,01,영업/정상,,,,
메디렌,,190858.649482406,440808.541334678,2026-05-06 22:37:27,I,13,영업중,2020-04-13 09:20:25,,2015-05-01,,서울특별시 금천구 독산동 ***번지 *호 시티렉스,PHMG120153170035047000045,3170000,"서울특별시 금천구 시흥대로 ***, 시티렉스 ***호 (독산동)",08584,01,영업/정상,,,,
웰팜,2010-10-28,211327.404716871,447055.923693449,2026-05-06 22:41:48,I,03,폐업,2010-10-28 16:00:09,,2010-08-13,134-031,서울특별시 강동구 성내*동 ***번지 **호 아미스빌딩 *층,PHMG120103240033047000064,3240000,,,03,폐업,,,,
(주)바이오덴,,189575.815287955,441503.181731081,2026-05-06 22:37:42,I,15,전출,2022-02-23 10:19:09,,2019-06-17,,,PHMG120193170035047000102,3170000,"서울특별시 금천구 가산디지털*로 ***, SK트윈테크타워 B***층 (가산동)",08589,05,제외/삭제/전출,,,62922840,
주식회사 인터렉스아이에스,,210908.71905633,447428.323394054,2026-05-06 22:44:07,I,13,영업중,2024-02-07 13:47:00,,2024-02-06,,서울특별시 강동구 성내동 ***-* 예원빌딩,PHMG120243240033047000022,3240000,"서울특별시 강동구 성내로 **, 비*층 (성내동)",05399,01,영업/정상,,,,
(주)엘루어코리아,,189282.557380259,442417.955057116,2026-05-06 22:37:30,I,13,영업중,2016-09-12 09:29:58,,2016-09-08,,,PHMG120163170035047000089,3170000,"서울특별시 금천구 가산디지털*로 ***, ***호 (가산동, 케이씨씨 웰츠밸리)",08501,01,영업/정상,,,,
모티보나인 트레이더스,,211454.365771994,449874.775624352,2026-05-06 22:44:09,I,13,영업중,2024-10-29 13:24:30,,2024-10-28,,서울특별시 강동구 암사동 ***-* 암사동빌딩,PHMG120243240033047000110,3240000,"서울특별시 강동구 암사길 *-*, 암사동빌딩 *층 (암사동)",05263,01,영업/정상,,,,
바이오사이언스그룹,2024-06-11,212351.619626906,448364.433770696,2026-05-06 22:42:46,I,03,폐업,2024-06-12 11:05:53,,2014-07-08,134-880,서울특별시 강동구 길동 ***번지 *호 진윤빌딩 *층,PHMG120143240033047000043,3240000,"서울특별시 강동구 진황도로**길 **, *층 (길동, 진윤빌딩)",05351,03,폐업,,,02-487-7495,
트라이콤 메디칼,,189601.079212177,441193.941914277,2026-05-06 22:38:43,I,13,영업중,2025-09-16 16:06:54,,2014-10-06,,서울특별시 금천구 가산동 ***-** 가산 아이에스비즈타워,PHMG120243170035047000119,3170000,"서울특별시 금천구 가산디지털*로 **-**, 가산 아이에스비즈타워 ****호 (가산동)",08589,01,영업/정상,,,,
(주)디그레이,2022-08-08,189055.138252216,441958.334400683,2026-05-06 22:37:41,I,03,폐업,2022-08-08 13:51:41,,2017-09-28,,서울특별시 금천구 가산동 ***번지 *호 대성디폴리스지식산업센터 A동 ****호,PHMG120193170035047000071,3170000,"서울특별시 금천구 서부샛길 ***, 대성디폴리스지식산업센터 A동 ****호 (가산동)",08504,03,폐업,,,,
(주)코리아세븐 길동4호점,2022-04-05,212844.984848164,448347.71493714,2026-05-06 22:43:44,I,03,폐업,2022-04-06 10:03:07,,2021-05-04,,서울특별시 강동구 길동 ***-* 동인빌딩,PHMG120213240033047000073,3240000,"서울특별시 강동구 명일로 ***, 동인빌딩 *층 (길동)",05349,03,폐업,,,,
(주)코리아세븐 가산한신아이티점,,189834.383375802,441938.326056501,2026-05-06 22:38:27,I,13,영업중,2024-02-27 10:05:38,,2022-04-28,,서울특별시 금천구 가산동 **-** 한신IT 타워*차,PHMG120223170035047000125,3170000,"서울특별시 금천구 디지털로*길 **, 한신IT 타워*차 ***호 (가산동)",08511,01,영업/정상,,,,
아방가이드,,211984.15982295,448338.402448236,2026-05-06 22:43:34,I,15,전출,2022-09-19 15:14:55,,2020-03-23,,서울특별시 강동구 길동 ***번지 **호 한솔브리즈아파트,PHMG120203240033047000024,3240000,"서울특별시 강동구 천호대로***길 **, ***호 (길동, 한솔브리즈아파트)",05354,05,제외/삭제/전출,,,,
주식회사 우승글로벌,2023-03-20,191104.270539805,438995.758911348,2026-05-06 22:37:51,I,24,직권폐업,2023-03-20 10:07:41,,2021-01-11,,서울특별시 금천구 시흥동 ***-** 영광빌딩,PHMG120213170035047000008,3170000,"서울특별시 금천구 시흥대로**길 **, ***호 (시흥동, 영광빌딩)",08632,04,취소/말소/만료/정지/중지,,,02-6322-9624,
CU 명일엘지점,2017-02-02,212881.993299079,449709.999794546,2026-05-06 22:42:51,I,03,폐업,2017-02-03 09:30:45,,2014-11-18,134-830,서울특별시 강동구 명일동 ***번지 *호,PHMG120143240033047000105,3240000,서울특별시 강동구 양재대로***길 ** (명일동),05292,03,폐업,,,,
누가의료기,,212611.870740536,449721.613050615,2026-05-06 22:44:02,I,13,영업중,2023-01-10 10:45:14,,2023-01-09,,서울특별시 강동구 천호동 **-*,PHMG120233240033047000008,3240000,"서울특별시 강동구 양재대로 ****, *층 (천호동)",05306,01,영업/정상,,,,176.96
라디메디,2023-07-05,189378.332493727,442066.99866487,2026-05-06 22:38:08,I,03,폐업,2023-07-05 10:15:23,,2019-10-11,,서울특별시 금천구 가산동 ***-** 가산 에스케이 브이원 센터,PHMG120213170035047000137,3170000,"서울특별시 금천구 가산디지털*로 ***, 가산 에스케이 브이원 센터 ***호 (가산동)",08503,03,폐업,,,,
한방채움,2014-01-10,213552.7799918,449418.904279257,2026-05-06 22:41:53,I,24,직권폐업,2015-05-15 08:26:46,,2011-05-23,134-826,서울특별시 강동구 명일동 ***번지 *호 *층,PHMG120113240033047000043,3240000,서울특별시 강동구 상암로**길 * (명일동),,04,취소/말소/만료/정지/중지,,,63481075,
중앙보훈메디칼,,212977.518442527,447785.17473728,2026-05-06 22:44:08,I,13,영업중,2024-05-10 14:20:43,,2024-05-09,,서울특별시 강동구 둔촌동 **-*,PHMG120243240033047000053,3240000,"서울특별시 강동구 동남로**길 **, *층 (둔촌동)",05366,01,영업/정상,,,,
가족사랑 간호와요양,,191203.852060397,438765.406099377,2026-05-06 22:38:42,I,13,영업중,2024-09-03 16:18:39,,2024-09-03,,,PHMG120243170035047000105,3170000,"서울특별시 금천구 시흥대로 ***, 아람아이씨티타워 *층 ***호 (시흥동)",08635,01,영업/정상,,,,76.5
이레기업,2011-03-15,189686.475000033,440870.092608694,2026-05-06 22:37:12,I,03,폐업,2011-03-15 16:09:55,,2009-07-03,153-778,서울특별시 금천구 가산동 ***번지 **호 대륭테크노타운**차 ***호,PHMG120093170035047000025,3170000,"서울특별시 금천구 가산디지털*로 **, ***호 (가산동,대륭테크노타운**차)",,03,폐업,,,,
삐에로쑈핑 천호점,2020-03-10,211025.924972294,448495.189151526,2026-05-06 22:43:19,I,03,폐업,2020-03-10 13:40:26,,2019-05-02,,서울특별시 강동구 천호동 ***번지 *호 이마트,PHMG120193240033047000043,3240000,"서울특별시 강동구 천호대로 ****, 이마트 지하*층 (천호동)",05328,03,폐업,,,,825
노블메디케어,2024-11-26,188882.169962717,442425.473108218,2026-05-06 22:38:24,I,03,폐업,2024-11-26 09:44:59,,2022-03-18,,서울특별시 금천구 가산동 ***-* G밸리 하우스디 어반,PHMG120223170035047000094,3170000,"서울특별시 금천구 서부샛길 ***, G밸리 하우스디 어반 B동 ****호 (가산동)",08500,03,폐업,,,,
양지의료기,2013-09-03,212844.152284222,447332.475328322,2026-05-06 22:42:32,I,03,폐업,2013-09-03 16:19:33,,2013-04-01,134-818,서울특별시 강동구 둔촌*동 **번지 *호,PHMG120133240033047000023,3240000,"서울특별시 강동구 진황도로**길 **, *층 (둔촌동)",,03,폐업,,,070-8879-5600,
메디필,2017-10-12,191778.019334705,441960.969263558,2026-05-06 22:37:22,I,03,폐업,2017-10-12 13:53:45,,2014-04-23,,,PHMG120143170035047000021,3170000,"서울특별시 금천구 남부순환로***길 **, *층 (독산동)",08548,03,폐업,,,,
(주)큐어테크,,189419.091886816,441207.655086501,2026-05-06 22:37:43,I,13,영업중,2021-10-20 10:16:27,,2019-08-21,,서울특별시 금천구 가산동 ***-** 한라시그마밸리,PHMG120193170035047000134,3170000,"서울특별시 금천구 가산디지털*로 **, 한라시그마밸리 ****호 (가산동)",08588,01,영업/정상,,,,
(주)바이오포톤,,189467.124186925,441780.0053985,2026-05-06 22:37:31,I,13,영업중,2024-08-08 10:50:42,,2017-01-24,,,PHMG120173170035047000004,3170000,"서울특별시 금천구 가산디지털*로 ***, ***호 (가산동, 에이스하이엔드타워*차)",08506,01,영업/정상,,,,
세븐일레븐 금천호정점,2025-05-28,191107.710302267,439893.760903697,2026-05-06 22:38:29,I,03,폐업,2025-05-28 11:32:49,,2022-07-19,,서울특별시 금천구 독산동 **** 호정타워아파트,PHMG120223170035047000185,3170000,"서울특별시 금천구 시흥대로**길 **, ***~***호 (독산동, 호정타워아파트)",08620,03,폐업,,,,
(주)메디포유,,212162.262120416,448157.48577145,2026-05-06 22:42:42,I,15,전출,2019-11-07 16:02:23,,2013-12-09,,서울특별시 강동구 길동 ***번지 **호 ***호,PHMG120133240033047000099,3240000,"서울특별시 강동구 진황도로 ***, ***호 (길동, 도고하임)",05353,05,제외/삭제/전출,,,02-589-4246,24.65
금천의료기,2018-06-07,190251.594879633,439084.057534618,2026-05-06 22:37:12,I,03,폐업,2018-06-07 15:36:37,,2009-09-22,,서울특별시 금천구 독산동 ****번지 *호 *층,PHMG120093170035047000035,3170000,서울특별시 금천구 금하로*라길 ** (독산동),08600,03,폐업,,,,
주식회사 엘제이메디칼,,211542.314116941,448273.114107211,2026-05-06 22:43:47,I,13,영업중,2021-07-27 16:36:27,,2021-07-27,,서울특별시 강동구 천호동 ***-** 힐탑프라자 ***-*호,PHMG120213240033047000134,3240000,"서울특별시 강동구 천호대로 ****, 힐탑프라자 ***-*호 (천호동)",05340,01,영업/정상,,,,
엠제이뷰티,2025-10-17,191383.04553152,439124.056129334,2026-05-06 22:38:39,I,03,폐업,2025-10-17 10:07:51,,2024-01-03,,,PHMG120243170035047000005,3170000,"서울특별시 금천구 금하로**길 *, ***호 (시흥동)",08627,03,폐업,,,,
강동오륜방문요양센터,,213447.791183965,449611.754754073,2026-05-06 22:43:24,I,13,영업중,2019-11-20 16:05:34,,2019-11-19,,서울특별시 강동구 명일동 ***번지,PHMG120193240033047000101,3240000,"서울특별시 강동구 동남로**길 **, *층 (명일동)",05271,01,영업/정상,,,02-428-4860,
인웰(INWELL),,189943.529964101,440455.075991442,2026-05-06 22:38:45,I,13,영업중,2025-10-21 16:43:42,,2025-10-21,,서울특별시 금천구 가산동 ***-* 더루벤스밸리,PHMG120253170035047000080,3170000,"서울특별시 금천구 가산디지털*로 *, 더루벤스밸리 ***호 (가산동)",08594,01,영업/정상,,,,
아이엠뷰티코스메틱,,190818.110808126,440151.854703095,2026-05-06 22:37:34,I,13,영업중,2018-02-27 11:52:14,,2018-02-26,,서울특별시 금천구 독산동 ****번지 **호,PHMG120183170035047000022,3170000,"서울특별시 금천구 시흥대로 ***, *층 (독산동)",08604,01,영업/정상,,,,
씨유 가산 ENC7,2024-02-16,189943.546219232,441990.817436962,2026-05-06 22:38:28,I,03,폐업,2024-02-16 10:40:09,,2022-07-08,,,PHMG120223170035047000164,3170000,"서울특별시 금천구 디지털로*길 **, 이앤씨드림타워*차 ***호 (가산동)",08512,03,폐업,,,,
(주)디알씨헬스케어,,214122.104823333,451532.728746097,2026-05-06 22:44:07,I,13,영업중,2025-07-01 09:08:26,,2020-10-05,,서울특별시 강동구 고덕동 **-**,PHMG120243240033047000047,3240000,"서울특별시 강동구 고덕비즈밸리로*가길 **, *층 (고덕동)",05203,01,영업/정상,,,02-931-9931,
(주)어텀,2024-06-12,210740.125210724,448044.126218256,2026-05-06 22:44:00,I,03,폐업,2024-06-12 13:17:56,,2022-10-11,,서울특별시 강동구 성내동 ***-**,PHMG120223240033047000287,3240000,"서울특별시 강동구 올림픽로 ***, 화랑빌딩 *층 ***호 (성내동)",05385,03,폐업,,,,
제이앤제이(J&J)메디칼,2013-05-03,210740.125210724,448044.126218256,2026-05-06 22:42:17,I,03,폐업,2013-05-03 17:56:10,,2012-10-17,134-841,서울특별시 강동구 성내*동 ***번지 **호 ***호,PHMG120123240033047000077,3240000,"서울특별시 강동구 올림픽로 ***, ***호호 (성내동)",,03,폐업,,,,
미건의료기,2013-06-21,212453.043853584,448999.144898748,2026-05-06 22:42:01,I,03,폐업,2013-06-21 15:41:20,,2011-09-07,134-861,서울특별시 강동구 천호*동 **번지 **호,PHMG120113240033047000093,3240000,,,03,폐업,,,,
바디닥터(세아코리아),2020-08-05,211960.925531589,447983.906817284,2026-05-06 22:43:29,I,03,폐업,2020-08-05 17:56:10,,2019-12-11,,서울특별시 강동구 성내동 ***번지 **호,PHMG120193240033047000111,3240000,"서울특별시 강동구 천호대로***길 **, *층 ***호 (성내동)",05373,03,폐업,,,,43
다비치보청기 명일역점,,212625.418681978,449801.886992692,2026-05-06 22:43:08,I,13,영업중,2017-06-11 13:59:53,,2017-06-09,,서울특별시 강동구 천호동 **번지 *호 *층 일부,PHMG120173240033047000048,3240000,"서울특별시 강동구 양재대로 ****, *층 (천호동)",05306,01,영업/정상,,,02-479-4791,
(주)케이비앤시,2025-10-27,189127.981104583,442460.505542105,2026-05-06 22:38:27,I,03,폐업,2025-10-27 09:32:18,,2022-05-27,,,PHMG120223170035047000141,3170000,"서울특별시 금천구 가산디지털*로 ***, 벽산/경인디지털밸리* ****호 (가산동)",08501,03,폐업,,,1544-5309,
주식회사 글래드얼라이언스,,211220.340952408,446942.269130178,2026-05-06 22:44:07,I,13,영업중,2024-01-26 10:55:24,,2024-01-26,,서울특별시 강동구 성내동 ***-* 남경빌딩,PHMG120243240033047000012,3240000,"서울특별시 강동구 강동대로 ***, 남경빌딩 *층 ***호 (성내동)",05402,01,영업/정상,,,,
진성의료기,,191174.269289232,441477.143064129,2026-05-06 22:37:58,I,15,전출,2022-10-12 16:40:41,,2021-04-14,,서울특별시 금천구 독산동 ***-**,PHMG120213170035047000057,3170000,"서울특별시 금천구 시흥대로***길 **-**, 지하*층 (독산동)",08541,05,제외/삭제/전출,,,,
금천바이오,,191042.420886317,440657.307900987,2026-05-06 22:37:29,I,15,전출,2021-04-28 16:39:45,,2016-05-02,,,PHMG120163170035047000044,3170000,"서울특별시 금천구 시흥대로***길 **, *층 (독산동)",08579,05,제외/삭제/전출,,,,
에버사이트코리아(유),,189417.678263584,441342.660096623,2026-05-06 22:37:33,I,13,영업중,2017-08-25 10:56:02,,2017-08-22,,,PHMG120173170035047000078,3170000,"서울특별시 금천구 가산디지털*로 **, ***호 (가산동, 에이스 하이엔드타워*)",08588,01,영업/정상,,,,
㈜메센츠,,210698.187591033,447325.332830595,2026-05-06 22:41:21,I,13,영업중,2021-04-13 11:45:22,,2008-07-21,,서울특별시 강동구 성내동 ***-* 중앙빌딩,PHMG120083240033047000052,3240000,"서울특별시 강동구 성내로*길 **, 중앙빌딩 ***호 (성내동)",05398,01,영업/정상,,,02-1644-1240,
썬바이오 독산지점,2015-04-24,191116.445325276,441153.239510693,2026-05-06 22:37:22,I,03,폐업,2015-04-24 14:17:30,,2014-05-13,,,PHMG120143170035047000025,3170000,서울특별시 금천구 시흥대로***길 ** (독산동),,03,폐업,,,,
가산해피대리점,2015-01-28,190499.806424625,441677.587917445,2026-05-06 22:37:25,I,03,폐업,2015-01-28 16:18:38,,2014-11-17,,,PHMG120143170035047000084,3170000,서울특별시 금천구 남부순환로***길 ** (가산동),,03,폐업,,,,
에코그린,,212589.271821152,448309.859890034,2026-05-06 22:43:56,I,15,전출,2023-02-13 14:49:32,,2022-05-03,,서울특별시 강동구 길동 ***-*,PHMG120223240033047000169,3240000,"서울특별시 강동구 천호대로***길 **, *층 *호 (길동)",05350,05,제외/삭제/전출,,,,
(주)에이치비생명공학,2017-04-25,189202.600232089,441848.24299943,2026-05-06 22:37:17,I,03,폐업,2017-04-25 10:04:59,,2011-12-07,153-759,서울특별시 금천구 가산동 ***번지 *호 월드메르디앙*차 ***호,PHMG120113170035047000052,3170000,"서울특별시 금천구 가산디지털*로 ***, ***호 (가산동, 월드메르디앙*차 )",08505,03,폐업,,,,
라이프메디칼(주),,191026.637157812,438701.205634976,2026-05-06 22:37:43,I,13,영업중,2019-09-06 11:01:54,,2019-09-06,,,PHMG120193170035047000144,3170000,"서울특별시 금천구 시흥대로**길 **, 상가동 비-*호 (시흥동, 럭키아파트)",08634,01,영업/정상,,,,
태백메디칼,2020-07-28,190694.880295092,440764.426277932,2026-05-06 22:37:32,I,03,폐업,2020-07-28 17:11:18,,2017-06-22,,서울특별시 금천구 독산동 ***번지 *호 현대지식산업센터 T***호,PHMG120173170035047000053,3170000,"서울특별시 금천구 두산로 **, 현대지식산업센터 *층 T***호 (독산동)",08584,03,폐업,,,,
주식회사 그룹티케이,2025-12-17,211387.987127256,450264.131249974,2026-05-06 22:44:04,I,03,폐업,2025-12-18 10:03:38,,2023-03-29,,서울특별시 강동구 암사동 ***-* 다민빌딩,PHMG120233240033047000047,3240000,"서울특별시 강동구 고덕로 **, 다민빌딩 (암사동)",05251,03,폐업,,,,
리앤트리,,192368.43764933,438690.814038292,2026-05-06 22:37:44,I,13,영업중,2019-11-20 10:06:51,,2019-11-20,,,PHMG120193170035047000170,3170000,"서울특별시 금천구 금하로 ***, 벽산중심상가 ***호 (시흥동)",08656,01,영업/정상,,,,
JMJ MEDICAL,,211458.648093395,450316.255472825,2026-05-06 22:43:49,I,13,영업중,2021-11-30 10:23:09,,2021-11-26,,서울특별시 강동구 암사동 ***-** 정산아파트,PHMG120213240033047000177,3240000,"서울특별시 강동구 고덕로 **, *층 ***-***호 (암사동, 정산아파트)",05238,01,영업/정상,,,,
윤해,,191295.010440343,439022.836447817,2026-05-06 22:38:33,I,15,전출,2024-06-12 10:43:53,,2022-12-20,,,PHMG120223170035047000254,3170000,"서울특별시 금천구 시흥대로**길 **, KJ타운 ***호 (시흥동)",08628,05,제외/삭제/전출,,,,
(주)크리스탈나인,2024-08-19,212087.64231438,447873.33362465,2026-05-06 22:44:04,I,03,폐업,2024-08-19 16:31:56,,2022-07-28,,서울특별시 강동구 성내동 ***-** SM엘루이,PHMG120233240033047000081,3240000,"서울특별시 강동구 양재대로 ****, ***호 (성내동, SM엘루이)",05373,03,폐업,,,,
좋은메디컬,2021-06-24,211458.648093395,450316.255472825,2026-05-06 22:43:37,I,03,폐업,2021-06-24 10:34:08,,2020-06-22,,서울특별시 강동구 암사동 ***번지 **호 정산아파트,PHMG120203240033047000061,3240000,"서울특별시 강동구 고덕로 **, *층 ***호 (암사동, 정산아파트)",05238,03,폐업,,,,5
(주)엠디서플라이,2020-08-14,211270.593776856,447637.51425188,2026-05-06 22:43:19,I,03,폐업,2020-08-14 14:07:28,,2019-05-23,,서울특별시 강동구 성내동 ***번지 *호 한나빌딩,PHMG120193240033047000050,3240000,"서울특별시 강동구 풍성로 ***, 한나빌딩 지하*층 (성내동)",05394,03,폐업,,,,252.63
GS25둔촌신성점,2022-08-09,212630.450265239,447314.730725632,2026-05-06 22:43:52,I,03,폐업,2022-08-09 15:58:20,,2022-02-10,,서울특별시 강동구 둔촌동 ***-* 진황빌딩,PHMG120223240033047000071,3240000,"서울특별시 강동구 진황도로 ***, 진황빌딩 *층 (둔촌동)",05370,03,폐업,,,,
스피디,2017-02-08,189202.600232089,441848.24299943,2026-05-06 22:37:29,I,03,폐업,2017-02-08 17:41:44,,2016-02-01,,,PHMG120163170035047000010,3170000,"서울특별시 금천구 가산디지털*로 ***, ****-***호 (가산동, 월드메르디앙*차)",08505,03,폐업,,,,
엔메디칼(천호지점),2019-03-11,211498.302179824,448901.181908355,2026-05-06 22:43:03,I,03,폐업,2019-03-11 15:17:20,,2015-09-09,,서울특별시 강동구 천호동 ***번지 *호 *층,PHMG120153240033047000139,3240000,"서울특별시 강동구 구천면로 ***, *층 (천호동, 광호빌딩)",05326,03,폐업,,,02-475-7585,163.25
GS25 금천제일점,,190429.786806981,441139.017657619,2026-05-06 22:37:26,I,13,영업중,2023-11-23 13:25:49,,2014-11-26,,서울특별시 금천구 가산동 ***-**,PHMG120143170035047000113,3170000,"서울특별시 금천구 가산로*길 **, *층 (가산동)",08521,01,영업/정상,,,,
(주)데카사이트,,189834.383375802,441938.326056501,2026-05-06 22:38:36,I,13,영업중,2025-10-27 14:40:21,,2023-07-06,,서울특별시 금천구 가산동 **-** 한신IT 타워*차,PHMG120233170035047000093,3170000,"서울특별시 금천구 디지털로*길 **, 한신IT 타워*차 ***호 (가산동)",08511,01,영업/정상,,,02-851-1272,
지에스(GS)25 천호하이츠점,2025-05-21,211377.566846736,449530.991540976,2026-05-06 22:44:07,I,03,폐업,2025-05-21 16:55:39,,2024-02-02,,서울특별시 강동구 천호동 ***-**,PHMG120243240033047000018,3240000,"서울특별시 강동구 구천면로**길 **, *층 (천호동)",05322,03,폐업,,,,
(주)에이에스에이피케어,2013-05-27,210740.125210724,448044.126218256,2026-05-06 22:41:33,I,03,폐업,2013-05-27 17:08:38,,2009-02-19,134-841,서울특별시 강동구 성내*동 ***번지 **호,PHMG120093240033047000009,3240000,,,03,폐업,,,,
위즈커뮤니케이션,,211458.648093395,450316.255472825,2026-05-06 22:44:07,I,13,영업중,2024-03-15 13:21:18,,2024-03-13,,서울특별시 강동구 암사동 ***-** 정산아파트,PHMG120243240033047000032,3240000,"서울특별시 강동구 고덕로 **, *층 ***-**호 (암사동, 정산아파트)",05238,01,영업/정상,,,,
씨제이올리브영(주)상일동점,2025-06-04,215314.746342111,449845.751989409,2026-05-06 22:43:11,I,03,폐업,2025-06-05 10:21:40,,2019-11-20,,서울특별시 강동구 상일제*동 ***번지 세종텔레콤 지식산업센터,PHMG120183240033047000037,3240000,"서울특별시 강동구 상일로**길 **, 세종텔레콤 지식산업센터 *층 ***-*,***호 (상일제*동)",05288,03,폐업,,,02-426-8415,145
현대사무기기(주),,189127.981104583,442460.505542105,2026-05-06 22:37:38,I,13,영업중,2018-12-04 16:13:39,,2018-12-04,,서울특별시 금천구 가산동 ***번지 **호 벽산디지털밸리*차,PHMG120183170035047000142,3170000,"서울특별시 금천구 가산디지털*로 ***, 벽산디지털밸리*차 ***-***호 (가산동)",08501,01,영업/정상,,,1670-7863,
36.9도,,191007.389089821,439899.05454975,2026-05-06 22:37:46,I,15,전출,2023-01-02 11:23:07,,2020-04-20,,서울특별시 금천구 독산동 ****번지 **호,PHMG120203170035047000063,3170000,"서울특별시 금천구 시흥대로**길 **, *층 (독산동)",08620,05,제외/삭제/전출,,,,
(주)페이펄유통,,212081.019857419,448209.124823551,2026-05-06 22:43:50,I,13,영업중,2022-02-04 16:54:18,,2022-02-04,,서울특별시 강동구 길동 ***-** 강동한신휴플러스주상복합,PHMG120223240033047000026,3240000,"서울특별시 강동구 진황도로 **, 지하*층 (길동, 강동한신휴플러스주상복합)",05353,01,영업/정상,,,,
세븐일레븐 시흥IC점,2022-07-15,190933.601554233,441662.481512797,2026-05-06 22:37:26,I,03,폐업,2022-07-15 12:06:49,,2014-12-23,,,PHMG120143170035047000123,3170000,"서울특별시 금천구 시흥대로 *** (독산동, 신건빌딩)",08530,03,폐업,,,,
(주)비티와이유닛츠,2019-05-24,189055.138252216,441958.334400683,2026-05-06 22:37:33,I,03,폐업,2019-05-24 17:40:20,,2017-12-13,,,PHMG120173170035047000105,3170000,"서울특별시 금천구 서부샛길 ***, 대성디폴리스지식산업센터 **층 비**호 (가산동)",08504,03,폐업,,,,
태양의료기,2016-06-01,190488.387426164,440819.885062152,2026-05-06 22:37:20,I,03,폐업,2016-06-01 14:16:36,,2013-05-23,,,PHMG120133170035047000030,3170000,서울특별시 금천구 범안로**길 ** (독산동),08583,03,폐업,,,,
주식회사 선영하이테크,2024-11-11,189834.383375802,441938.326056501,2026-05-06 22:38:39,I,03,폐업,2024-11-11 13:29:51,,2021-12-27,,서울특별시 금천구 가산동 **-** 한신IT 타워*차,PHMG120243170035047000011,3170000,"서울특별시 금천구 디지털로*길 **, 한신IT 타워*차 *층 ***-*(**)호 (가산동)",08511,03,폐업,,,02-790-2804,
태인글로벌 천호 미드림,2015-08-28,211264.747294933,448747.332957861,2026-05-06 22:41:37,I,03,폐업,2015-08-28 17:05:27,,2009-07-22,134-022,서울특별시 강동구 천호*동 ***번지 *호 (***호),PHMG120093240033047000054,3240000,"서울특별시 강동구 구천면로 ***, ***호 (천호동)",05326,03,폐업,,,,
세이프큐어,,210726.755874418,447381.53172133,2026-05-06 22:43:47,I,15,전출,2022-07-06 09:51:21,,2021-07-02,,서울특별시 강동구 성내동 ***-** 장성글로벌빌딩,PHMG120213240033047000128,3240000,"서울특별시 강동구 성내로*길 **, 장성글로벌빌딩 *층 ****호 (성내동)",05398,05,제외/삭제/전출,,,,
씨유독산승리점,2025-11-25,190283.053670014,439148.261700921,2026-05-06 22:38:15,I,03,폐업,2025-11-25 15:29:03,,2022-02-10,,서울특별시 금천구 독산동 ****-*,PHMG120223170035047000030,3170000,"서울특별시 금천구 금하로*길 **, *층 (독산동)",08600,03,폐업,,,,
씨제이올리브영(주) 현대아울렛가산점,,190119.463375612,441716.684586176,2026-05-06 22:37:27,I,13,영업중,2025-06-10 17:14:00,,2015-04-28,,,PHMG120153170035047000042,3170000,서울특별시 금천구 디지털로**길 * (가산동),08514,01,영업/정상,,,1577-4887,
씨유 가산원룸점,,190735.518410604,441673.040113196,2026-05-06 22:38:23,I,13,영업중,2025-10-01 16:38:17,,2022-02-16,,,PHMG120223170035047000067,3170000,서울특별시 금천구 시흥대로***길 **(가산동),08529,01,영업/정상,,,,
와이에스텍,2022-09-07,189202.600232089,441848.24299943,2026-05-06 22:37:39,I,03,폐업,2022-09-07 13:20:16,,2018-12-11,,서울특별시 금천구 가산동 ***번지 *호 월드메르디앙*차,PHMG120183170035047000150,3170000,"서울특별시 금천구 가산디지털*로 ***, 월드메르디앙*차 ****-***호 (가산동)",08505,03,폐업,,,,
채솔이네,,210770.113112536,448138.928349551,2026-05-06 22:43:22,I,13,영업중,2019-09-23 14:20:32,,2019-09-20,,서울특별시 강동구 성내동 **번지 **호,PHMG120193240033047000087,3240000,"서울특별시 강동구 올림픽로 ***, *층 (성내동)",05385,01,영업/정상,,,,33
모닝웰,2013-05-07,214919.589806632,450678.970221197,2026-05-06 22:41:47,I,03,폐업,2015-05-15 08:47:46,,2010-06-21,134-801,서울특별시 강동구 고덕*동 ***번지 *호 지하,PHMG120103240033047000050,3240000,"서울특별시 강동구 상일로**길 **, 지하층 (고덕동)",,03,폐업,,,,
주식회사 에이치엠씨네트웍스,2016-07-01,212356.714087024,447861.417437767,2026-05-06 22:42:39,I,03,폐업,2016-07-14 10:10:15,,2013-07-18,,서울특별시 강동구 둔촌동 ***번지 *호 *층,PHMG120133240033047000059,3240000,"서울특별시 강동구 천호대로***길 **, *층 (둔촌동, 신대원타워)",05362,03,폐업,,,69255009,104.98
석산메디칼,2015-02-16,,,2026-05-06 22:40:07,I,03,폐업,2015-02-16 11:31:40,,2004-06-14,134-033,서울특별시 강동구 성내*동 ***번지 ***호,PHMG120043240033047000034,3240000,,,03,폐업,,,02-485-1775,
조은소리보청기,2024-12-31,212205.324163557,448170.096215943,2026-05-06 22:43:09,I,24,직권폐업,2025-01-11 08:09:00,,2017-07-27,,서울특별시 강동구 길동 ***번지 **호 *층 일부,PHMG120173240033047000060,3240000,"서울특별시 강동구 양재대로 ****, *층 (길동, 베스트올)",05353,04,취소/말소/만료/정지/중지,,,02-474-1001,4.68
멕스트(주),,212655.05159549,448764.660042344,2026-05-06 22:44:04,I,15,전출,2024-05-21 15:15:33,,2023-07-12,,서울특별시 강동구 길동 ***-*,PHMG120233240033047000071,3240000,"서울특별시 강동구 천중로 ***, ****호 (길동)",05303,05,제외/삭제/전출,,,,
(주)스템,2022-06-15,190694.880295092,440764.426277932,2026-05-06 22:37:45,I,24,직권폐업,2022-06-14 13:20:22,,2020-02-11,,,PHMG120203170035047000018,3170000,"서울특별시 금천구 두산로 **, 현대지식산업센터 비동 ****호 (독산동)",08584,04,취소/말소/만료/정지/중지,,,070-4447-3118,
젠바디,,214075.140422558,451485.809606277,2026-05-06 22:44:11,I,13,영업중,2025-07-08 16:49:25,,2025-07-03,,서울특별시 강동구 고덕동 ***-* 강동U*센터,PHMG120253240033047000084,3240000,"서울특별시 강동구 고덕비즈밸리로 **, 강동U*센터 에이동 *층 (고덕동)",05203,01,영업/정상,,,,
(주)엠앤씨인터내셔널,,211716.731304948,446924.613699862,2026-05-06 22:44:12,I,13,영업중,2025-09-24 16:07:03,,2025-09-24,,서울특별시 강동구 성내동 ***-** E&J 빌딩,PHMG120253240033047000112,3240000,"서울특별시 강동구 양재대로**길 **, E&J 빌딩 *층 ***호 (성내동)",05408,01,영업/정상,,,,
송암양봉인산,2016-08-24,191111.210746384,439345.418649678,2026-05-06 22:37:10,I,03,폐업,2016-08-30 09:47:24,,2009-03-09,153-031,서울특별시 금천구 시흥*동 ***번지 **호,PHMG120093170035047000006,3170000,"서울특별시 금천구 시흥대로 ***, *층 (시흥동)",08626,03,폐업,,,,
함스케어,2017-12-20,190694.880295092,440764.426277932,2026-05-06 22:37:30,I,03,폐업,2017-12-20 15:15:35,,2016-07-28,,,PHMG120163170035047000078,3170000,"서울특별시 금천구 두산로 **, A동 **층 ****호 (독산동, 현대지식산업센터)",08584,03,폐업,,,,
비바테라(VivaTerra),2023-07-05,210849.867541932,449714.606022368,2026-05-06 22:43:55,I,03,폐업,2023-07-10 10:48:46,,2022-03-25,,서울특별시 강동구 암사동 *** 한솔 솔파크 더 리버,PHMG120223240033047000139,3240000,"서울특별시 강동구 선사로 ***, ***동 ****호 (암사동, 한솔 솔파크 더 리버)",05242,03,폐업,,,,
컴원메드,,189497.04098479,441728.27059771,2026-05-06 22:38:44,I,13,영업중,2025-06-10 09:59:57,,2025-06-10,,,PHMG120253170035047000040,3170000,"서울특별시 금천구 가산디지털*로 ***, IT캐슬*차 ****호 (가산동)",08506,01,영업/정상,,,,
강산메디칼,2015-05-21,191426.775892452,440135.237687036,2026-05-06 22:37:21,I,03,폐업,2015-05-21 15:48:08,,2013-08-16,153-816,서울특별시 금천구 독산동 ***번지 ***호,PHMG120133170035047000048,3170000,서울특별시 금천구 독산로 *** (독산동),,03,폐업,,,,
주식회사 블랙캣,2026-03-20,191013.682027481,441003.614307903,2026-05-06 22:38:30,I,03,폐업,2026-03-20 17:05:53,,2022-08-12,,서울특별시 금천구 독산동 ***-** 건설오피스,PHMG120223170035047000203,3170000,"서울특별시 금천구 가산로 **, 건설오피스 ***호 (독산동)",08576,03,폐업,,,,
씨유 암사중앙점,2016-12-29,211301.791271787,449882.290243396,2026-05-06 22:42:55,I,03,폐업,2016-12-29 15:43:10,,2015-01-06,134-050,서울특별시 강동구 암사동 ***번지 **호,PHMG120153240033047000004,3240000,서울특별시 강동구 올림픽로**길 ** (암사동),05264,03,폐업,,,,
새론메디칼,2013-06-30,191226.287379467,437914.06299827,2026-05-06 22:37:16,I,03,폐업,2013-07-05 15:59:53,,2011-07-18,153-755,서울특별시 금천구 시흥*동 ***번지 시흥유통상가,PHMG120113170035047000034,3170000,"서울특별시 금천구 시흥대로 ** (시흥동,시흥유통상가)",,03,폐업,,,,
(주)엘티에스바이오,,189202.181652324,442562.722742062,2026-05-06 22:37:51,I,13,영업중,2021-01-19 14:29:49,,2015-09-04,,서울특별시 금천구 가산동 ***-* 에이스 가산 포휴(지식산업센터),PHMG120213170035047000015,3170000,"서울특별시 금천구 가산디지털*로 ***, 에이스 가산 포휴(지식산업센터) ***호 (가산동)",08501,01,영업/정상,,,02-334-4545,
DS메디,,189089.927764903,442569.300676147,2026-05-06 22:37:31,I,15,전출,2019-09-16 16:02:38,,2017-03-03,,,PHMG120173170035047000014,3170000,"서울특별시 금천구 가마산로 **, ***호 (가산동, 대륭테크노타운*차)",08501,05,제외/삭제/전출,,,,
가우디움 주식회사,2021-09-10,210859.823614182,448319.55261069,2026-05-06 22:43:37,I,03,폐업,2021-09-30 15:28:56,,2020-08-03,,서울특별시 강동구 성내동 **-** 드림피스,PHMG120203240033047000073,3240000,"서울특별시 강동구 올림픽로**길 *-**, ***호 (성내동, 드림피스)",05378,03,폐업,,,,
뉴텍,,210740.125210724,448044.126218256,2026-05-06 22:42:54,I,15,전출,2026-01-30 15:02:40,,2014-10-13,,서울특별시 강동구 성내동 ***번지 **호,PHMG120143240033047000174,3240000,"서울특별시 강동구 올림픽로 ***, *층 ***호 (성내동)",05385,05,제외/삭제/전출,,,,16.5
세븐일레븐 강동천호점,2025-06-16,212407.479586157,449019.819440341,2026-05-06 22:43:56,I,03,폐업,2025-06-17 16:08:00,,2022-04-21,,서울특별시 강동구 천호동 **-** 오가비,PHMG120223240033047000158,3240000,"서울특별시 강동구 천중로**길 **, *층 (천호동, 오가비)",05315,03,폐업,,,,
제스트메디칼,2020-08-12,212786.051794102,447365.204194099,2026-05-06 22:42:54,I,03,폐업,2020-08-12 21:04:08,,2017-12-04,,서울특별시 강동구 둔촌동 **번지 *호 둔촌동주상복합,PHMG120143240033047000171,3240000,"서울특별시 강동구 진황도로**길 **, ***호 (둔촌동, 둔촌동주상복합)",05369,03,폐업,,,,110.07
코웨이 강동직영점,,212231.321808319,448065.179155968,2026-05-06 22:44:10,I,13,영업중,2025-11-25 13:27:32,,2024-12-13,,서울특별시 강동구 길동 ***,PHMG120243240033047000130,3240000,"서울특별시 강동구 양재대로 ****, *,*층 (길동)",05356,01,영업/정상,,,,
메디건강,2024-05-02,190057.736482527,440401.86132155,2026-05-06 22:38:10,I,03,폐업,2024-05-02 13:18:06,,2021-11-04,,서울특별시 금천구 가산동 *** 고려테크온,PHMG120213170035047000146,3170000,"서울특별시 금천구 범안로 ****, 고려테크온 지하*층 B**, B**-*호 (가산동)",08595,03,폐업,,,,
여우팜,2017-11-24,189055.138252216,441958.334400683,2026-05-06 22:37:30,I,24,직권폐업,2017-11-27 09:27:17,,2016-08-31,,,PHMG120163170035047000083,3170000,"서울특별시 금천구 서부샛길 ***, **층 A****의일부 C**호 (가산동, 대성디폴리스지식산업센터)",08504,04,취소/말소/만료/정지/중지,,,,
뉴콘택트렌즈,2011-05-13,211044.258417008,448451.178167942,2026-05-06 22:39:14,I,03,폐업,2015-05-14 11:12:51,,1990-11-30,134-874,서울특별시 강동구 천호동 ***번지,PHMG119903240033047000001,3240000,서울특별시 강동구 천호대로 **** (천호동),,03,폐업,,,02-486-1001,
힐링하리,2020-08-13,213115.129485478,448395.566574387,2026-05-06 22:43:04,I,03,폐업,2020-08-13 20:01:49,,2016-03-16,,서울특별시 강동구 길동 ***번지 상가동 ***-*호,PHMG120163240033047000016,3240000,"서울특별시 강동구 천호대로***길 **, 상가동 ***-*호 (길동, GS강동자이아파트)",05348,03,폐업,,,070-8233-5256,50
에스케이씨스템,,190829.487527311,440308.231966784,2026-05-06 22:37:13,I,13,영업중,2019-05-16 13:20:48,,2010-01-25,,서울특별시 금천구 독산동 ****번지 **호 류성빌딩,PHMG120103170035047000005,3170000,"서울특별시 금천구 시흥대로 ***, 류성빌딩 ***호 (독산동)",08604,01,영업/정상,,,,
서원유통,2024-03-13,211047.878697259,450021.504957301,2026-05-06 22:43:56,I,03,폐업,2024-03-14 17:27:56,,2022-04-19,,서울특별시 강동구 암사동 *** 선사현대아파트,PHMG120223240033047000156,3240000,"서울특별시 강동구 상암로 **, ***동 B**호 (암사동, 선사현대아파트)",05240,03,폐업,,,,
주식회사 오픈지비,,189161.545672175,441988.711766202,2026-05-06 22:38:43,I,13,영업중,2025-03-04 10:59:40,,2025-03-04,,,PHMG120253170035047000016,3170000,"서울특별시 금천구 가산디지털*로 ***, 가산 어반워크I ***호 (가산동)",08504,01,영업/정상,,,,
(주)비스토스,2026-01-20,190858.649482406,440808.541334678,2026-05-06 22:38:38,I,03,폐업,2026-01-20 14:34:47,,2023-10-12,,,PHMG120233170035047000139,3170000,"서울특별시 금천구 시흥대로 ***, 시티렉스 *층 ***호 (독산동)",08584,03,폐업,,,,
지에스(GS25)금천독산로점,,191681.829135164,439234.409010659,2026-05-06 22:38:34,I,13,영업중,2023-02-03 16:23:38,,2023-02-03,,서울특별시 금천구 시흥동 ***-*,PHMG120233170035047000033,3170000,"서울특별시 금천구 독산로**길 **, *층 (시흥동)",08570,01,영업/정상,,,,
태복유통,2020-12-24,212813.752460253,449347.889402584,2026-05-06 22:43:25,I,03,폐업,2020-12-24 16:26:26,,2019-11-26,,서울특별시 강동구 명일동 ***번지 *호 명일현대종합상가,PHMG120193240033047000103,3240000,"서울특별시 강동구 상암로 ***, 명일현대종합상가 *층 *호 (명일동)",05296,03,폐업,,,,14.96
씨유 금천석수점,2023-07-05,191415.30250909,436946.358720615,2026-05-06 22:38:14,I,03,폐업,2023-07-05 10:15:28,,2022-02-08,,,PHMG120223170035047000018,3170000,"서울특별시 금천구 시흥대로*길 *, 가동 (시흥동)",08654,03,폐업,,,,
유메디,2011-07-29,189202.600232089,441848.24299943,2026-05-06 22:37:15,I,03,폐업,2011-07-29 18:05:29,,2011-06-13,153-023,서울특별시 금천구 가산동 ***번지 *호 월드메르디앙*차  ****호,PHMG120113170035047000022,3170000,"서울특별시 금천구 가산디지털*로 ***, ****호 (가산동,월드메르디앙*차)",,03,폐업,,,,
유기농터오래,,212714.696142279,448035.586198761,2026-05-06 22:43:03,I,15,전출,2016-07-04 09:23:10,,2015-04-29,,서울특별시 강동구 둔촌동 **번지,PHMG120153240033047000135,3240000,"서울특별시 강동구 천호대로 ****, *층 (둔촌동)",05361,05,제외/삭제/전출,,,,
(주)다나크리에이티브이엔티,2024-07-11,189877.178943503,442093.648596802,2026-05-06 22:38:28,I,03,폐업,2024-07-11 15:38:58,,2022-06-30,,서울특별시 금천구 가산동 **-* 대륭포스트타워 *차,PHMG120223170035047000159,3170000,"서울특별시 금천구 디지털로*길 **, 대륭포스트타워 *차 ***-**호 (가산동)",08512,03,폐업,,,070-4667-3601,
유일테크,,213073.502823723,448243.299138198,2026-05-06 22:40:18,I,13,영업중,2017-06-09 10:54:32,,2005-07-21,,서울특별시 강동구 둔촌동 ***번지 *호 지하*층,PHMG120053240033047000043,3240000,"서울특별시 강동구 천호대로 ****, 지하*층 (둔촌동, 정산빌딩)",05359,01,영업/정상,,,02-426-9556,220.28
(주)메도니카,2014-11-21,191015.971142278,440074.911061537,2026-05-06 22:37:21,I,03,폐업,2014-11-21 17:30:20,,2013-10-30,153-832,서울특별시 금천구 독산동 ****번지 **호 *층,PHMG120133170035047000069,3170000,"서울특별시 금천구 시흥대로**길 ** (독산동,*층)",,03,폐업,,,,
세븐일레븐 가산A1타워점,2024-07-08,189208.487613747,442298.784420302,2026-05-06 22:38:27,I,03,폐업,2024-07-08 14:13:53,,2022-04-29,,,PHMG120223170035047000128,3170000,"서울특별시 금천구 가산디지털*로 ***-**, ***,***호 (가산동)",08503,03,폐업,,,,
(주)지오코리아이엔지,2014-12-08,,,2026-05-06 22:37:23,I,03,폐업,2014-12-15 17:26:35,,2014-08-25,,,PHMG120143170035047000049,3170000,"서울특별시 금천구 가산로*길 **, *층 (가산동)",,03,폐업,,,,
(주)바로메디칼,2024-06-20,213646.900696177,450750.547533484,2026-05-06 22:43:14,I,03,폐업,2024-06-21 10:24:08,,2019-03-06,,서울특별시 강동구 고덕동 ***번지 고덕아이파크,PHMG120193240033047000025,3240000,"서울특별시 강동구 동남로**길 **, 상가동 *층 ***호 (고덕동, 고덕아이파크)",05232,03,폐업,,,02-2699-5091,40.4
엠비와이드,,212588.131469531,449225.626166119,2026-05-06 22:44:10,I,13,영업중,2025-03-21 16:53:42,,2025-03-20,,서울특별시 강동구 명일동 ***-* 죽애빌딩,PHMG120253240033047000034,3240000,"서울특별시 강동구 양재대로 ****, 죽애빌딩 *층 a-**호 (명일동)",05296,01,영업/정상,,,,
명성의료기,2015-05-19,213043.393259718,447715.8291201,2026-05-06 22:42:03,I,03,폐업,2015-05-19 16:50:37,,2012-03-07,,,PHMG120123240033047000019,3240000,"서울특별시 강동구 동남로**길 **-**, *층 (둔촌동)",,03,폐업,,,,
타임온,2024-01-31,211047.878697259,450021.504957301,2026-05-06 22:44:07,I,03,폐업,2024-01-31 14:27:58,,2021-08-17,,서울특별시 강동구 암사동 *** 선사현대아파트,PHMG120243240033047000017,3240000,"서울특별시 강동구 상암로 **, ***동 ****호 (암사동, 선사현대아파트)",05240,03,폐업,,,,
(주)신세기인터내셔널,,189863.598209033,441870.90420315,2026-05-06 22:37:31,I,15,전출,2018-08-09 14:14:38,,2017-02-09,,,PHMG120173170035047000008,3170000,"서울특별시 금천구 디지털로*길 **, ***호 (가산동, IT미래TOWER)",08511,05,제외/삭제/전출,,,,
㈜농협유통 하나로마트 성내점,2014-04-08,,,2026-05-06 22:40:41,I,03,폐업,2014-04-08 17:45:28,,2006-04-12,134-090,서울특별시 강동구 성내*동 *** (지하*층),PHMG120063240033047000023,3240000,,,03,폐업,,,02-2224-8974,
케이메디칼,,213128.549900632,448205.384103032,2026-05-06 22:44:08,I,13,영업중,2024-06-26 10:33:41,,2024-06-25,,서울특별시 강동구 둔촌동 ***-*,PHMG120243240033047000063,3240000,"서울특별시 강동구 천호대로***길 **, ***호 (둔촌동)",05359,01,영업/정상,,,,
(주)코리아세븐 천호피렌체점,2019-10-15,210884.375897201,448773.310379796,2026-05-06 22:42:52,I,03,폐업,2019-10-15 18:05:24,,2014-11-21,134-873,서울특별시 강동구 천호동 ***번지 **호,PHMG120143240033047000122,3240000,서울특별시 강동구 올림픽로 *** (천호동),05248,03,폐업,,,,
미스바북스,,212066.615092416,449066.590268888,2026-05-06 22:43:38,I,13,영업중,2021-08-11 15:27:13,,2020-10-12,,서울특별시 강동구 천호동 **-**,PHMG120203240033047000089,3240000,"서울특별시 강동구 구천면로**길 **, *층 (천호동)",05312,01,영업/정상,,,02-426-7005,
한빛신명메디칼,,211721.327526749,447282.745525327,2026-05-06 22:43:07,I,13,영업중,2018-05-31 11:04:11,,2016-07-25,,서울특별시 강동구 성내동 ***번지 **호 *층,PHMG120163240033047000113,3240000,"서울특별시 강동구 풍성로**길 **, *층 (성내동)",05404,01,영업/정상,,,02-6338-1235,103.06
씨유 길동엘리트점,2016-12-30,212774.988224267,448713.336894669,2026-05-06 22:42:53,I,03,폐업,2016-12-30 17:40:11,,2014-11-21,134-812,서울특별시 강동구 길동 ***번지 *호,PHMG120143240033047000150,3240000,서울특별시 강동구 천중로 *** (길동),05344,03,폐업,,,,
(주)가인미가그룹,2026-01-12,189202.600232089,441848.24299943,2026-05-06 22:38:38,I,03,폐업,2026-01-12 15:54:46,,2023-09-07,,,PHMG120233170035047000132,3170000,"서울특별시 금천구 가산디지털*로 ***, 월드메르디앙*차 ***호 (가산동)",08505,03,폐업,,,,
㈜엠펠,2025-02-14,210929.919693661,448537.406728283,2026-05-06 22:41:09,I,03,폐업,2025-02-14 10:36:42,,2007-10-11,134-779,서울특별시 강동구 천호동 ***번지 *호,PHMG120073240033047000081,3240000,서울특별시 강동구 천호대로 **** (천호동),,03,폐업,,,02-2631-9390,
젤리모바일(JELLY),,189497.04098479,441728.27059771,2026-05-06 22:38:13,I,13,영업중,2022-01-10 10:39:37,,2019-04-30,,서울특별시 금천구 가산동 ***-** IT캐슬*차,PHMG120223170035047000002,3170000,"서울특별시 금천구 가산디지털*로 ***, IT캐슬*차 **층 ****호 (가산동)",08506,01,영업/정상,,,,
(주)코리아세븐 천호역한강청년주택점,,210747.029242186,448585.11433031,2026-05-06 22:44:04,I,13,영업중,2024-07-01 16:48:53,,2023-06-26,,서울특별시 강동구 천호동 ***-* 천호역 한강 청년주택,PHMG120233240033047000067,3240000,"서울특별시 강동구 천호대로 ***, ***호 (천호동, 천호역 한강 청년주택)",05248,01,영업/정상,,,,
태맨코리아 주식회사,2022-06-15,190235.134077307,440399.36293021,2026-05-06 22:37:47,I,24,직권폐업,2022-06-14 13:24:23,,2020-06-29,,서울특별시 금천구 독산동 ****-**,PHMG120203170035047000109,3170000,"서울특별시 금천구 벚꽃로**길 *, ***호 (독산동)",08601,04,취소/말소/만료/정지/중지,,,,
일조,,213674.493379728,450160.936702182,2026-05-06 22:43:10,I,15,전출,2018-03-28 14:18:47,,2017-10-31,,서울특별시 강동구 명일동 **번지 **호 성은빌딩,PHMG120173240033047000084,3240000,"서울특별시 강동구 동남로**길 **-**, *층 (명일동)",05269,05,제외/삭제/전출,,,02-427-3931,52.8
(주)한국메디칼사푸라이,,189301.428723625,441891.813990631,2026-05-06 22:37:39,I,13,영업중,2024-07-12 14:30:03,,2019-01-10,,서울특별시 금천구 가산동 ***번지 *호,PHMG120193170035047000009,3170000,"서울특별시 금천구 가산디지털*로 ***, *층 (가산동)",08506,01,영업/정상,,,02-855-5174,
제이피디엠지(JPDMG),2022-03-08,212143.778930005,448048.253831401,2026-05-06 22:43:11,I,03,폐업,2022-03-08 14:45:24,,2013-09-02,,서울특별시 강동구 길동 ***번지 *호 강동그린타워,PHMG120183240033047000031,3240000,"서울특별시 강동구 천호대로 ****, 강동그린타워 **층 R****호 (길동)",05355,03,폐업,,,,
헬스플러스,2013-03-11,213493.90717524,450038.847319845,2026-05-06 22:42:03,I,03,폐업,2013-03-12 10:47:06,,2011-12-23,,,PHMG120113240033047000131,3240000,서울특별시 강동구 고덕로**길 ** (명일동),,03,폐업,,,,
다올메디칼,2025-02-13,211389.755830781,447005.528012764,2026-05-06 22:42:01,I,03,폐업,2025-02-14 10:36:54,,2011-09-14,,서울특별시 강동구 성내동 ***-** 경도빌딩,PHMG120113240033047000096,3240000,"서울특별시 강동구 성안로 **, 경도빌딩 (성내동)",05407,03,폐업,,,02-488-7185,
에이치에스인터렉티브,2026-05-04,,,2026-05-06 03:03:03,U,03,폐업,2026-05-05 09:43:22,,2023-01-17,,서울특별시 강동구 길동 *** 강동 헤리티지 자이,PHMG120233240033047000016,3240000,"서울특별시 강동구 천중로 ***, ***동 ***호 (길동, 강동 헤리티지 자이)",05346,03,폐업,,,,
신한메디칼,2013-05-01,213311.327167841,450979.596394154,2026-05-06 22:41:48,I,03,폐업,2013-05-01 18:03:30,,2010-08-05,134-081,서울특별시 강동구 고덕*동 ***번지 *호 지층,PHMG120103240033047000062,3240000,,,03,폐업,,,,
에이워터,,213029.824500311,447771.676910264,2026-05-06 22:43:58,I,13,영업중,2024-03-11 16:42:45,,2022-06-10,,서울특별시 강동구 둔촌동 **-** 현혜,PHMG120223240033047000193,3240000,"서울특별시 강동구 동남로**길 **, 현혜 *층 *호 (둔촌동)",05368,01,영업/정상,,,,
민성메디칼,,211367.91579687,447225.778131525,2026-05-06 22:41:06,I,15,전출,2026-03-03 09:54:06,,2007-06-26,134-850,서울특별시 강동구 성내동 ***번지 **호 경성빌딩 *층 ***호,PHMG120073240033047000049,3240000,서울특별시 강동구 성내로 ** (성내동),05396,05,제외/삭제/전출,,,02-465-6387,
(주)엘림바이오닉스,2012-12-31,,,2026-05-06 22:37:16,I,24,직권폐업,2013-05-14 15:05:21,,2011-09-20,153-789,서울특별시 금천구 가산동 에이스테크노타워**차,PHMG120113170035047000041,3170000,,,04,취소/말소/만료/정지/중지,,,,
(주)오스티,,190904.470245441,441290.195820219,2026-05-06 22:37:34,I,13,영업중,2018-09-27 17:19:22,,2018-02-26,,서울특별시 금천구 독산동 ***번지 *호 새움병원,PHMG120183170035047000021,3170000,"서울특별시 금천구 시흥대로 ***, 새움병원 *층 (독산동)",08534,01,영업/정상,,,,
파인셈메디컬 금천점,2024-12-06,191181.094057692,439253.985876013,2026-05-06 22:37:33,I,03,폐업,2024-12-06 16:01:18,,2017-11-20,,서울특별시 금천구 시흥동 ***-**,PHMG120173170035047000095,3170000,"서울특별시 금천구 시흥대로**길 *, *층 (시흥동)",08626,03,폐업,,,,
GS25 금천우림점,,189538.020935968,441982.427934953,2026-05-06 22:38:33,I,13,영업중,2025-08-12 16:09:29,,2023-01-10,,,PHMG120233170035047000014,3170000,"서울특별시 금천구 가산디지털*로 ***, 우림라이온스밸리 ***호 (가산동)",08507,01,영업/정상,,,02-2026-4276,
씨유강동프라자점,2025-07-14,213032.617501745,448138.110024822,2026-05-06 22:43:50,I,03,폐업,2025-07-14 11:37:39,,2022-02-07,,서울특별시 강동구 둔촌동 *** 프라자상가,PHMG120223240033047000035,3240000,"서울특별시 강동구 천호대로 ****, 프라자상가 ***,***호 (둔촌동)",05359,03,폐업,,,,
고센재가장기요양센타,2013-10-11,,,2026-05-06 22:41:38,I,03,폐업,2013-10-11 18:25:31,,2009-09-16,134-803,서울특별시 강동구 고덕*동 ***번지 종합상가 *층,PHMG120093240033047000065,3240000,,,03,폐업,,,,
모두마켓,2013-10-29,210899.058972753,449573.24051031,2026-05-06 22:42:06,I,03,폐업,2013-10-29 11:12:11,,2012-04-20,,,PHMG120123240033047000034,3240000,"서울특별시 강동구 올림픽로**길 **, *층 (천호동)",,03,폐업,,,02-3013-3505,
(주)서안메딕스,,211517.521169305,447448.001078738,2026-05-06 22:43:13,I,13,영업중,2018-09-20 12:55:04,,2013-08-21,,서울특별시 강동구 성내동 ***번지 **호 토성빌딩,PHMG120183240033047000082,3240000,"서울특별시 강동구 성안로 **, 토성빌딩 *층 ***호 (성내동)",05395,01,영업/정상,,,02-3394-6480,92
스마일,,210873.981083327,448026.808983475,2026-05-06 22:43:34,I,15,전출,2022-02-16 09:44:59,,2020-03-30,,서울특별시 강동구 성내동 ***번지 **호 연재빌딩,PHMG120203240033047000026,3240000,"서울특별시 강동구 천호옛길 **, 연재빌딩 *층 (성내동)",05385,05,제외/삭제/전출,,,070-8888-1168,
맥스,2014-04-30,189497.04098479,441728.27059771,2026-05-06 22:37:17,I,03,폐업,2014-04-30 14:46:12,,2011-09-21,153-803,서울특별시 금천구 가산동 ***번지 **호,PHMG120113170035047000043,3170000,서울특별시 금천구 가산디지털*로 *** (가산동),,03,폐업,,,,
(유)도연홀딩스,,189417.678263584,441342.660096623,2026-05-06 22:38:29,I,13,영업중,2022-07-12 15:52:40,,2022-07-12,,서울특별시 금천구 가산동 ***-** 에이스 하이엔드타워*,PHMG120223170035047000172,3170000,"서울특별시 금천구 가산디지털*로 **, 에이스 하이엔드타워* ***-*호 (가산동)",08588,01,영업/정상,,,,
제이에이메디칼,,189282.557380259,442417.955057116,2026-05-06 22:37:27,I,13,영업중,2025-06-18 16:01:40,,2015-04-30,,서울특별시 금천구 가산동 ***번지 *호,PHMG120153170035047000043,3170000,"서울특별시 금천구 가산디지털*로 ***, *층 ***호 (가산동, 케이씨씨 웰츠밸리)",08501,01,영업/정상,,,,
건정TECH,2012-03-07,,,2026-05-06 22:40:50,I,03,폐업,2012-03-07 18:11:34,,2006-05-10,134-081,서울특별시 강동구 고덕*동 *** 고덕시영상가 *층,PHMG120063240033047000033,3240000,,,03,폐업,,,02-486-2745,
고릴라파이프,,211254.209872476,448654.570938474,2026-05-06 22:43:52,I,13,영업중,2022-02-11 15:14:58,,2022-02-09,,서울특별시 강동구 천호동 ***-** 민트,PHMG120223240033047000075,3240000,"서울특별시 강동구 진황도로 *-*, 민트 *층 (천호동)",05335,01,영업/정상,,,,
예메딕스,2012-03-27,191448.06406217,437938.827513414,2026-05-06 22:37:15,I,03,폐업,2012-03-27 14:40:53,,2011-06-16,153-861,서울특별시 금천구 시흥*동 ***번지 *호,PHMG120113170035047000023,3170000,서울특별시 금천구 시흥대로 ***-* (시흥동),,03,폐업,,,,
(주)중앙메디칼씨,2014-12-22,190305.350851629,438931.718481793,2026-05-06 22:37:17,I,24,직권폐업,2014-12-23 15:06:45,,2011-12-13,153-833,서울특별시 금천구 독산동 ****번지 *층,PHMG120113170035047000053,3170000,서울특별시 금천구 금하로*라길 * (독산동),,04,취소/말소/만료/정지/중지,,,26373249,
CU 시흥박미점,2025-11-25,191473.678569627,437945.283977421,2026-05-06 22:38:29,I,03,폐업,2025-11-25 15:28:56,,2022-07-15,,서울특별시 금천구 시흥동 ***-**,PHMG120223170035047000182,3170000,"서울특별시 금천구 시흥대로**길 *, *층 (시흥동)",08651,03,폐업,,,,
네츄럴플랜츠코리아,2014-05-23,214990.052555942,449389.135387059,2026-05-06 22:41:36,I,03,폐업,2014-05-23 17:26:58,,2009-07-03,134-090,서울특별시 강동구 상일제*동 ***번지 *호 (*층),PHMG120093240033047000047,3240000,,,03,폐업,,,60816565,
씨유 금천가산점,2017-01-09,190578.336566024,441696.516668361,2026-05-06 22:37:27,I,03,폐업,2017-01-09 09:39:29,,2015-05-28,,,PHMG120153170035047000057,3170000,"서울특별시 금천구 남부순환로***길 **, 가산동 *층 (가산동)",08529,03,폐업,,,,
세븐일레븐 가산K1타워점,2024-07-08,189158.740846154,442283.977342742,2026-05-06 22:38:27,I,03,폐업,2024-07-08 14:13:48,,2022-04-29,,,PHMG120223170035047000127,3170000,"서울특별시 금천구 가산디지털*로 ***, 에이스 K*타워 ***,***호 (가산동)",08503,03,폐업,,,,
비앤에스코리아(B&S KOREA),2011-12-13,189920.540900476,439526.232037905,2026-05-06 22:37:17,I,03,폐업,2011-12-13 17:33:36,,2011-12-05,,,PHMG120113170035047000050,3170000,서울특별시 금천구 한내로 **-** (독산동),,03,폐업,,,,
천사케어,2013-05-10,191919.01270594,440127.175851359,2026-05-06 22:37:17,I,03,폐업,2013-05-10 14:32:25,,2012-03-29,,,PHMG120123170035047000012,3170000,"서울특별시 금천구 독산로**길 **, ***호 (시흥동, 삼익아파트상가동)",,03,폐업,,,,
유니즈온,2021-12-07,211458.648093395,450316.255472825,2026-05-06 22:43:39,I,03,폐업,2021-12-07 13:56:10,,2020-11-03,,서울특별시 강동구 암사동 ***-** 정산아파트,PHMG120203240033047000099,3240000,"서울특별시 강동구 고덕로 **, *층 ***-***호 (암사동, 정산아파트)",05238,03,폐업,,,,
(주)대덕무역상사,2015-07-14,211336.172451748,448556.794492412,2026-05-06 22:42:44,I,03,폐업,2015-07-14 11:39:20,,2014-01-27,134-871,서울특별시 강동구 천호동 ***번지 ***호,PHMG120143240033047000011,3240000,"서울특별시 강동구 진황도로 **, ***~***,***,***~***호 (천호동)",,03,폐업,,,,
벳 사이언스,2020-09-22,213060.530112275,448052.005537109,2026-05-06 22:43:38,I,03,폐업,2020-09-22 18:11:31,,2020-08-28,,서울특별시 강동구 둔촌동 ***-*,PHMG120203240033047000078,3240000,"서울특별시 강동구 천호대로***길 **, ***호 (둔촌동)",05359,03,폐업,,,,
오스템임플란트㈜,,189202.600232089,441848.24299943,2026-05-06 22:37:03,I,15,전출,2020-09-11 16:50:25,,2005-04-14,153-759,서울특별시 금천구 가산동 ***번지 *호 ***호,PHMG120053170035047000005,3170000,"서울특별시 금천구 가산디지털*로 ***, ***,***,***호 (가산동)",08505,05,제외/삭제/전출,,,21257952,
수련산,2020-01-21,191251.866744552,439356.286860216,2026-05-06 22:37:41,I,03,폐업,2020-01-21 10:58:55,,2020-01-21,,,PHMG120193170035047000096,3170000,"서울특별시 금천구 시흥대로**길 **, *층 (시흥동)",08626,03,폐업,,,,
바인커머스,2026-04-02,213565.466072004,449651.659893517,2026-05-06 22:44:09,I,03,폐업,2026-04-03 11:05:10,,2022-04-13,,서울특별시 강동구 명일동 **,PHMG120243240033047000115,3240000,"서울특별시 강동구 구천면로 ***, *층 A***호 (명일동)",05271,03,폐업,,,,
앙스만코리아,,189936.854290909,440349.985884412,2026-05-06 22:37:44,I,15,전출,2021-10-21 09:18:58,,2019-12-12,,,PHMG120193170035047000179,3170000,"서울특별시 금천구 범안로 ****, 대륭**차 ***호 (가산동)",08595,05,제외/삭제/전출,,,,
(주)노비투스,,189378.332493727,442066.99866487,2026-05-06 22:38:41,I,13,영업중,2024-07-03 17:15:39,,2024-07-03,,서울특별시 금천구 가산동 ***-** 가산 SK V* center,PHMG120243170035047000081,3170000,"서울특별시 금천구 가산디지털*로 ***, 가산 SK V* center ***호 (가산동)",08503,01,영업/정상,,,,
세븐일레븐 성내본점,2020-08-26,211583.956740628,447395.344536037,2026-05-06 22:43:02,I,03,폐업,2020-08-26 18:02:01,,2015-09-16,,서울특별시 강동구 성내동 ***번지 **호,PHMG120153240033047000095,3240000,"서울특별시 강동구 양재대로**길 **, *층 (성내동)",05403,03,폐업,,,02-488-6898,45
주식회사디오니헬스케어,,189202.600232089,441848.24299943,2026-05-06 22:38:40,I,13,영업중,2024-03-12 15:31:03,,2023-09-27,,서울특별시 금천구 가산동 ***-* 월드메르디앙*차,PHMG120243170035047000032,3170000,"서울특별시 금천구 가산디지털*로 ***, 월드메르디앙*차 ****호 (가산동)",08505,01,영업/정상,,,,
오십플러스,2014-03-24,191484.323875035,440940.797901958,2026-05-06 22:37:20,I,03,폐업,2014-03-24 18:03:03,,2013-01-30,153-808,서울특별시 금천구 독산동 ***번지 **호,PHMG120133170035047000008,3170000,서울특별시 금천구 독산로**길 ** (독산동),,03,폐업,,,,
(주)에이치와이메디,,211411.31987595,448830.948477309,2026-05-06 22:44:10,I,13,영업중,2025-03-07 14:52:47,,2025-03-07,,서울특별시 강동구 천호동 ***-* 한양메디스퀘어,PHMG120253240033047000023,3240000,"서울특별시 강동구 구천면로 ***, 한양메디스퀘어 지층 B***호 (천호동)",05326,01,영업/정상,,,,
지에스(GS)25 암사미소점,,211010.165038418,449733.629674685,2026-05-06 22:44:06,I,13,영업중,2024-01-03 10:40:47,,2024-01-02,,서울특별시 강동구 암사동 ***-*,PHMG120243240033047000002,3240000,"서울특별시 강동구 올림픽로**길 **, *층 (암사동)",05242,01,영업/정상,,,,
메디플래닛,2021-02-01,189378.332493727,442066.99866487,2026-05-06 22:37:37,I,03,폐업,2021-02-03 10:43:03,,2018-08-13,,서울특별시 금천구 가산동 ***번지 **호 가산 에스케이 브이원 센터,PHMG120183170035047000092,3170000,"서울특별시 금천구 가산디지털*로 ***, 가산 에스케이 브이원 센터 ***-***호 (가산동)",08503,03,폐업,,,,
주식회사 젠어스,,189930.50790426,441616.460710064,2026-05-06 22:37:45,I,13,영업중,2024-03-06 14:48:39,,2015-08-11,,서울특별시 금천구 가산동 **-**,PHMG120203170035047000006,3170000,"서울특별시 금천구 디지털로 ***, B동 ****-****호 (가산동)",08513,01,영업/정상,,,,
주식회사 메디프렌즈,,189089.927764903,442569.300676147,2026-05-06 22:38:35,I,13,영업중,2023-04-12 15:55:30,,2023-04-12,,서울특별시 금천구 가산동 ***-** 대륭테크노타운*차,PHMG120233170035047000058,3170000,"서울특별시 금천구 가마산로 **, 대륭테크노타운*차 ***호 (가산동)",08501,01,영업/정상,,,,
미니스톱 성내명성점,2016-03-31,211616.13336369,447245.285999321,2026-05-06 22:42:51,I,03,폐업,2016-03-31 17:40:44,,2014-11-17,134-890,서울특별시 강동구 성내동 ***번지 **호,PHMG120143240033047000103,3240000,서울특별시 강동구 양재대로**길 ** (성내동),05403,03,폐업,,,,
씨유 금천석수점,2016-12-29,191415.30250909,436946.358720615,2026-05-06 22:37:25,I,03,폐업,2016-12-29 14:50:25,,2014-11-13,,,PHMG120143170035047000077,3170000,서울특별시 금천구 시흥대로*길 * (시흥동),08654,03,폐업,,,,
(주)진메디칼 서울,,189863.598209033,441870.90420315,2026-05-06 22:37:28,I,13,영업중,2018-09-13 10:03:40,,2015-11-09,,,PHMG120153170035047000104,3170000,"서울특별시 금천구 디지털로*길 **, ****호 (가산동, IT미래TOWER)",08511,01,영업/정상,,,,
(주)코리아세븐 암사역점,,211103.943724663,449661.011941643,2026-05-06 22:44:05,I,13,영업중,2024-07-01 16:47:31,,2023-11-10,,서울특별시 강동구 암사동 ***-*,PHMG120233240033047000115,3240000,서울특별시 강동구 올림픽로**길 * (암사동),05242,01,영업/정상,,,,
피씨엘(주),2019-11-20,189202.600232089,441848.24299943,2026-05-06 22:37:32,I,03,폐업,2019-11-22 10:02:27,,2017-08-08,,,PHMG120173170035047000068,3170000,"서울특별시 금천구 가산디지털*로 ***, ****-***호 (가산동, 월드메르디앙*차)",08505,03,폐업,,,070-4673-3433,
모닝클럽,2012-03-09,211374.444250926,449952.244469763,2026-05-06 22:42:01,I,03,폐업,2012-03-12 14:07:19,,2011-10-05,134-859,서울특별시 강동구 암사*동 ***번지 *호 ***호,PHMG120113240033047000107,3240000,,,03,폐업,,,,
미성메디테크,2016-05-12,190694.880295092,440764.426277932,2026-05-06 22:37:23,I,03,폐업,2016-05-12 14:12:05,,2014-11-05,,,PHMG120143170035047000070,3170000,"서울특별시 금천구 두산로 **, A동 ****호 (독산동)",08584,03,폐업,,,,
(주)나눔에이치앤씨,,191728.406645989,438767.871115461,2026-05-06 22:37:20,I,15,전출,2017-06-16 13:16:24,,2013-04-25,,,PHMG120133170035047000020,3170000,서울특별시 금천구 은행나무로 ** (시흥동),08642,05,제외/삭제/전출,,,36677575,
글로리마이티,,189497.04098479,441728.27059771,2026-05-06 22:37:50,I,15,전출,2025-09-19 14:35:19,,2020-11-30,,서울특별시 금천구 가산동 ***-** IT캐슬*차,PHMG120203170035047000196,3170000,"서울특별시 금천구 가산디지털*로 ***, IT캐슬*차 **층 ****호 (가산동)",08506,05,제외/삭제/전출,,,,
에버그린,,211336.172451748,448556.794492412,2026-05-06 22:43:02,I,15,전출,2017-02-09 16:53:48,,2015-03-09,,서울특별시 강동구 천호동 ***번지 ***호,PHMG120153240033047000115,3240000,"서울특별시 강동구 진황도로 ** (천호동, 현대프라자)",05335,05,제외/삭제/전출,,,,
리진케어,2014-10-16,212107.794939678,449468.534346019,2026-05-06 22:42:37,I,03,폐업,2014-10-16 17:55:51,,2013-05-01,134-866,서울특별시 강동구 천호동 ***번지 **호,PHMG120133240033047000038,3240000,서울특별시 강동구 상암로**길 ** (천호동),,03,폐업,,,,
주식회사 메도니카,2013-03-28,190908.767135112,440240.235691234,2026-05-06 22:37:10,I,03,폐업,2013-03-28 17:56:28,,2009-03-30,153-832,서울특별시 금천구 독산*동 ****번지 *호 동하빌딩 ***호,PHMG120093170035047000009,3170000,"서울특별시 금천구 시흥대로 *** (독산동,동하빌딩 ***호)",,03,폐업,,,,
케이앤엘메디텍,2015-05-26,212646.306953499,447955.153191129,2026-05-06 22:42:44,I,03,폐업,2015-05-26 12:54:02,,2014-02-11,134-817,서울특별시 강동구 둔촌동 **번지 *호,PHMG120143240033047000013,3240000,"서울특별시 강동구 명일로**길 **, ***호 (둔촌동)",,03,폐업,,,,
다은메드,,211186.749700436,447490.200863907,2026-05-06 22:43:22,I,13,영업중,2019-10-02 15:44:09,,2019-10-02,,서울특별시 강동구 성내동 ***번지 *호 평화빌딩,PHMG120193240033047000090,3240000,"서울특별시 강동구 성내로**길 **-*, 평화빌딩 *층 ***호 (성내동)",05394,01,영업/정상,,,02-486-8761,50
이오무역,2021-10-08,189055.138252216,441958.334400683,2026-05-06 22:37:49,I,03,폐업,2021-10-08 16:53:08,,2020-09-18,,서울특별시 금천구 가산동 ***-* 대성디폴리스지식산업센터,PHMG120203170035047000156,3170000,"서울특별시 금천구 서부샛길 ***, 대성디폴리스지식산업센터 A**층 B**-*호 (가산동)",08504,03,폐업,,,,
(주)오비아,,190838.324818618,439761.362000391,2026-05-06 22:37:40,I,15,전출,2021-05-28 10:11:45,,2019-02-13,,서울특별시 금천구 독산동 ****번지 금천롯데캐슬골드파크*차 ***동 ***호,PHMG120193170035047000028,3170000,"서울특별시 금천구 시흥대로 ***, ***동 ***호 (독산동, 금천롯데캐슬골드파크*차)",08608,05,제외/삭제/전출,,,,
비겐의료기,,212589.271821152,448309.859890034,2026-05-06 22:43:18,I,15,전출,2023-06-22 16:51:56,,2013-08-19,,서울특별시 강동구 길동 ***-*,PHMG120193240033047000035,3240000,"서울특별시 강동구 천호대로***길 **, *층 *호 (길동)",05350,05,제외/삭제/전출,,,02-442-0475,
엑티메드,2016-04-12,212949.84309757,448741.304120861,2026-05-06 22:43:00,I,03,폐업,2016-04-12 16:08:10,,2015-05-27,134-010,서울특별시 강동구 길동 **번지,PHMG120153240033047000064,3240000,서울특별시 강동구 명일로 *** (길동),05300,03,폐업,,,,
주식회사 알앤디코리아,2018-06-27,212498.569971851,448723.484549238,2026-05-06 22:43:02,I,03,폐업,2018-06-27 16:53:26,,2015-10-28,,서울특별시 강동구 길동 ***번지 *호 ***호,PHMG120153240033047000111,3240000,"서울특별시 강동구 천중로 ***, ***호 (길동, 길동오피스텔)",05343,03,폐업,,,070-4233-7036,29.82
금천해독센터,2018-05-09,191299.134480666,439520.877817034,2026-05-06 22:37:23,I,03,폐업,2018-05-11 14:59:39,,2014-07-24,,,PHMG120143170035047000044,3170000,서울특별시 금천구 시흥대로**길 **-* (시흥동),08622,03,폐업,,,,
주식회사 케이비에이치케어,,189202.181652324,442562.722742062,2026-05-06 22:38:34,I,13,영업중,2025-07-15 10:10:41,,2023-02-01,,서울특별시 금천구 가산동 ***-* 에이스 가산 포휴,PHMG120233170035047000030,3170000,"서울특별시 금천구 가산디지털*로 ***, 에이스 가산 포휴 ****호 (가산동)",08501,01,영업/정상,,,,
가산해피대리점,2016-07-08,190499.806424625,441677.587917445,2026-05-06 22:37:26,I,03,폐업,2016-07-15 10:26:49,,2015-01-29,,,PHMG120153170035047000016,3170000,서울특별시 금천구 남부순환로***길 ** (가산동),08529,03,폐업,,,,
씨유 성내샛별공원점,2022-07-21,211102.767553638,447173.564110178,2026-05-06 22:43:58,I,03,폐업,2022-07-22 14:56:10,,2022-07-14,,서울특별시 강동구 성내동 ***-**,PHMG120223240033047000221,3240000,"서울특별시 강동구 성내로**길 **, *층 (성내동)",05400,03,폐업,,,,
온유메디케어,,189778.774504778,441302.111937219,2026-05-06 22:37:35,I,15,전출,2019-11-07 09:02:35,,2018-05-24,,서울특별시 금천구 가산동 ***번지 **호 IT프리미어타워,PHMG120183170035047000058,3170000,"서울특별시 금천구 가산디지털*로 **, IT프리미어타워 ****-*호 (가산동)",08590,05,제외/삭제/전출,,,02-323-6551,
물오름달,,189078.514338944,441778.636561742,2026-05-06 22:38:45,I,13,영업중,2025-11-26 15:19:22,,2023-03-02,,서울특별시 금천구 가산동 ***-** 몽삐에뜨,PHMG120253170035047000087,3170000,"서울특별시 금천구 서부샛길 ***-*, ***호 (가산동, 몽삐에뜨)",08505,01,영업/정상,,,,
㈜세인메덱스,,215079.278895111,450731.414304691,2026-05-06 22:43:31,I,13,영업중,2020-10-15 17:33:08,,2020-01-09,,서울특별시 강동구 강일동 ***번지 *호 해뜨는주유소,PHMG120203240033047000002,3240000,"서울특별시 강동구 상일로 ***, 해뜨는주유소 ***호 (강일동)",05218,01,영업/정상,,,02-3453-1700,
주식회사 로이스컴퍼니,,190718.377249788,439322.42742435,2026-05-06 22:38:44,I,13,영업중,2025-07-07 11:14:18,,2025-07-07,,,PHMG120253170035047000049,3170000,"서울특별시 금천구 시흥대로**길 **, 엠메디컬타워 **층 ****,****호 (시흥동)",08613,01,영업/정상,,,,
(주)유미주의,2022-10-24,190278.679728809,441481.431441947,2026-05-06 22:37:50,I,03,폐업,2022-10-24 15:06:02,,2020-11-23,,서울특별시 금천구 가산동 ***-*,PHMG120203170035047000192,3170000,"서울특별시 금천구 디지털로**길 **, B동 ***호 (가산동)",08516,03,폐업,,,,
GS25금천은행점,2025-09-09,191623.918087992,438766.981064195,2026-05-06 22:38:21,I,03,폐업,2025-09-09 16:03:17,,2022-02-10,,,PHMG120223170035047000047,3170000,"서울특별시 금천구 독산로 **, 대성빌딩 ***,***호 (시흥동)",08642,03,폐업,,,,
펄스캠생활과학금천지점,2020-03-09,191012.444698634,439155.134354676,2026-05-06 22:37:37,I,03,폐업,2020-03-09 17:39:39,,2018-08-17,,서울특별시 금천구 시흥동 ***번지 *호 금성빌딩,PHMG120183170035047000093,3170000,"서울특별시 금천구 금하로 ***, 금성빌딩 *층 ***호 (시흥동)",08615,03,폐업,,,,
(주)아랑네트웍스,,189202.600232089,441848.24299943,2026-05-06 22:37:36,I,13,영업중,2018-07-20 16:24:41,,2018-07-18,,,PHMG120183170035047000080,3170000,"서울특별시 금천구 가산디지털*로 ***, 월드메르디앙*차 ****-***호 (가산동)",08505,01,영업/정상,,,070-7703-0555,
(주)한미메드라인,2022-08-29,212965.180856621,447872.025836656,2026-05-06 22:43:07,I,03,폐업,2022-08-29 16:58:12,,2016-12-01,,,PHMG120163240033047000100,3240000,서울특별시 강동구 동남로**길 **-** (둔촌동),05366,03,폐업,,,34318040,
더제이에스메디칼,,211411.31987595,448830.948477309,2026-05-06 22:43:47,I,13,영업중,2021-08-06 17:27:44,,2019-05-09,,서울특별시 강동구 천호동 ***-* 한양메디스퀘어,PHMG120213240033047000138,3240000,"서울특별시 강동구 구천면로 ***, 한양메디스퀘어 지층 ***호 (천호동)",05326,01,영업/정상,,,,
㈜아인스메드,,189055.138252216,441958.334400683,2026-05-06 22:37:19,I,13,영업중,2024-07-11 14:51:10,,2012-12-05,153-719,서울특별시 금천구 가산동 ***번지 *호 대성디폴리스 B동 ****호,PHMG120123170035047000058,3170000,"서울특별시 금천구 서부샛길 ***, B동 ****호 (가산동, 대성디폴리스)",08504,01,영업/정상,,,,
지에스25 금천주원점,,190694.009294534,441028.822661274,2026-05-06 22:38:01,I,13,영업중,2022-08-26 09:22:15,,2021-05-12,,,PHMG120213170035047000088,3170000,"서울특별시 금천구 시흥대로***길 **, 주원블레어시티 ***동 ***~***호 (독산동)",08524,01,영업/정상,,,,
엠디케이,,189863.598209033,441870.90420315,2026-05-06 22:37:49,I,15,전출,2022-05-11 09:15:04,,2014-10-15,,서울특별시 금천구 가산동 **-** IT미래TOWER,PHMG120203170035047000180,3170000,"서울특별시 금천구 디지털로*길 **, IT미래TOWER ****호 (가산동)",08511,05,제외/삭제/전출,,,,
누가의료기(강동지사),2010-12-16,211691.508105039,447184.119284399,2026-05-06 22:41:34,I,03,폐업,2010-12-16 17:30:28,,2009-04-02,134-033,서울특별시 강동구 성내*동 ***번지 **호 (*층),PHMG120093240033047000021,3240000,,,03,폐업,,,,
마이다스웰,2011-04-14,211917.803086609,448478.164463201,2026-05-06 22:41:35,I,03,폐업,2011-04-14 17:16:50,,2009-05-25,134-023,서울특별시 강동구 천호*동 ***번지 *호 신구오피스텔 ***호,PHMG120093240033047000037,3240000,,,03,폐업,,,1544-1408,
(주)아성다이소 독산점,,190873.400602454,440849.69904447,2026-05-06 22:37:27,I,13,영업중,2023-05-15 15:06:44,,2015-05-21,,,PHMG120153170035047000050,3170000,"서울특별시 금천구 시흥대로 ***, B*,*,*층 (독산동)",08523,01,영업/정상,,,02-864-6016,
주식회사 사이버메드,,189788.849463856,441731.610478567,2026-05-06 22:38:30,I,13,영업중,2022-08-12 14:08:33,,2022-08-12,,서울특별시 금천구 가산동 **-** 월드메르디앙*차,PHMG120223170035047000204,3170000,"서울특별시 금천구 벚꽃로 ***, 월드메르디앙*차 ***호 (가산동)",08511,01,영업/정상,,,070-5142-1818,
소구메디컴 주식회사,,212286.504152445,448017.863968317,2026-05-06 22:42:46,I,13,영업중,2025-09-05 16:54:53,,2014-07-03,134-010,"서울특별시 강동구 길동 ***번지 소구빌딩 *층, *층",PHMG120143240033047000040,3240000,"서울특별시 강동구 진황도로 ***, *층, *층 (길동, 소구빌딩)",05356,01,영업/정상,,,,
하고맘,2024-01-02,189877.178943503,442093.648596802,2026-05-06 22:38:33,I,03,폐업,2024-01-02 09:55:24,,2022-01-27,,서울특별시 금천구 가산동 **-* 대륭포스트타워 *차,PHMG120233170035047000011,3170000,"서울특별시 금천구 디지털로*길 **, 대륭포스트타워 *차 ***-***호 (가산동)",08512,03,폐업,,,,
주식회사 한미,,212965.180856621,447872.025836656,2026-05-06 22:43:48,I,13,영업중,2021-11-18 13:29:16,,2021-11-18,,서울특별시 강동구 둔촌동 ***-*,PHMG120213240033047000173,3240000,서울특별시 강동구 동남로**길 **-**(둔촌동),05366,01,영업/정상,,,02-3431-8041,
씨유 시흥유통점,2016-12-29,191339.521436397,437653.308606196,2026-05-06 22:37:23,I,03,폐업,2016-12-29 14:46:58,,2014-11-10,,,PHMG120143170035047000072,3170000,서울특별시 금천구 시흥대로 ** (시흥동),08640,03,폐업,,,,
케이티링커스(주)강동지사,2017-12-26,213636.934120635,450276.848244913,2026-05-06 22:43:03,I,03,폐업,2017-12-26 13:08:00,,2016-01-25,,"서울특별시 강동구 명일동 **번지 *호 *,*층",PHMG120163240033047000003,3240000,"서울특별시 강동구 동남로**길 **, *,*층 (명일동, KT고덕지사)",05269,03,폐업,,,02-417-2366,
지에스(GS)25 메가스퀘어점,2022-09-27,214956.131343654,450617.923583608,2026-05-06 22:43:45,I,03,폐업,2022-09-27 15:10:43,,2021-05-07,,서울특별시 강동구 고덕동 ***-* 고덕센트럴푸르지오,PHMG120213240033047000094,3240000,"서울특별시 강동구 고덕로 ***, 제메가스퀘어동 *층 ***호 (고덕동, 고덕센트럴푸르지오)",05222,03,폐업,,,,41.16
주식회사 오션티에스,,211547.34319912,450069.359399706,2026-05-06 22:42:23,I,13,영업중,2015-05-15 09:26:01,,2013-02-07,134-843,서울특별시 강동구 암사동 ***번지 *호 성옥파크 ***호,PHMG120133240033047000007,3240000,"서울특별시 강동구 고덕로**길 **, *층 ***호 (암사동, 성옥파크)",05253,01,영업/정상,,,070-7840-5352,
스카이메디칼,,191226.287379467,437914.06299827,2026-05-06 22:37:26,I,15,전출,2023-07-10 13:03:13,,2015-02-04,,,PHMG120153170035047000017,3170000,"서울특별시 금천구 시흥대로 **, *동 *층 ***호 (시흥동, 시흥산업용재유통센터)",08639,05,제외/삭제/전출,,,,
숯이야기,2014-04-01,212627.317432617,449981.675707773,2026-05-06 22:42:36,I,03,폐업,2014-04-01 15:33:06,,2013-04-10,134-830,서울특별시 강동구 명일*동 ***번지 **호,PHMG120133240033047000033,3240000,,,03,폐업,,,,
스토리웨이 가산역상행점,,189514.72996753,442253.567254569,2026-05-06 22:38:38,I,13,영업중,2025-03-27 16:01:50,,2023-08-25,,,PHMG120233170035047000120,3170000,"서울특별시 금천구 벚꽃로 ***, 가산디지털단지역 (가산동)",08510,01,영업/정상,,,070-7092-7193,
한빛나노의료기 암사역점,,211348.476998922,449858.226064682,2026-05-06 22:42:38,I,13,영업중,2023-11-09 09:50:41,,2013-06-05,,서울특별시 강동구 암사동 ***,PHMG120133240033047000045,3240000,서울특별시 강동구 올림픽로**길 ** (암사동),05264,01,영업/정상,,,02-429-5333,
주식회사 소구,,212286.504152445,448017.863968317,2026-05-06 22:41:46,I,13,영업중,2018-11-30 09:32:47,,2010-05-10,,서울특별시 강동구 길동 ***번지,PHMG120103240033047000029,3240000,"서울특별시 강동구 진황도로 ***, *,*,*층 (길동)",05356,01,영업/정상,,,02-569-0740,649.67
선우인터내셔널,,211542.314116941,448273.114107211,2026-05-06 22:43:08,I,15,전출,2022-07-18 13:48:26,,2017-07-04,,,PHMG120173240033047000053,3240000,"서울특별시 강동구 천호대로 ****, *층 **호 (천호동, 힐탑프라자)",05340,05,제외/삭제/전출,,,,34.72
㈜디에스하이텍,,210636.447352415,447431.654214391,2026-05-06 22:39:17,I,15,전출,2021-06-02 18:10:43,,1998-07-27,,서울특별시 강동구 성내동 *** 진영빌딩,PHMG119983240033047000004,3240000,"서울특별시 강동구 올림픽로**길 **, 진영빌딩 *층 (성내동)",05398,05,제외/삭제/전출,,,02-474-5351,
한우리,2013-12-02,190440.678352821,441379.703746449,2026-05-06 22:37:21,I,03,폐업,2013-12-02 15:29:21,,2013-10-04,153-754,서울특별시 금천구 가산동 ***번지 두산위브아파트상가  지하**호,PHMG120133170035047000061,3170000,"서울특별시 금천구 가산로 **, 지하**호 (가산동,두산위브아파트상가)",,03,폐업,,,,
맥주랑먹태,2025-06-09,215422.746119624,450031.389222568,2026-05-06 22:44:08,I,03,폐업,2025-06-09 16:48:41,,2024-06-27,,서울특별시 강동구 상일동 *** 고덕리엔파크*단지아파트,PHMG120243240033047000064,3240000,"서울특별시 강동구 상일로 **, ***동 ****호 (상일동, 고덕리엔파크*단지아파트)",05287,03,폐업,,,,
에스케이(SK)인스트루먼트,,211458.648093395,450316.255472825,2026-05-06 22:44:09,I,13,영업중,2024-10-31 13:56:40,,2016-07-11,,서울특별시 강동구 암사동 ***-** 정산아파트,PHMG120243240033047000113,3240000,"서울특별시 강동구 고덕로 **, *층 ***-***호 (암사동, 정산아파트)",05238,01,영업/정상,,,,
에이치(H)보청기,,212383.514068572,448570.272031761,2026-05-06 22:43:08,I,13,영업중,2017-12-08 15:45:59,,2017-06-23,,서울특별시 강동구 길동 ***번지 *호 ***호,PHMG120173240033047000049,3240000,"서울특별시 강동구 양재대로 ****, *층 ***호 (길동, 호석빌딩)",05343,01,영업/정상,,,,8.39
제네시스,2020-08-03,213048.692179757,450124.105734971,2026-05-06 22:43:12,I,03,폐업,2020-08-04 10:23:12,,2018-08-24,,서울특별시 강동구 명일동 **번지 삼익그린맨션,PHMG120183240033047000073,3240000,"서울특별시 강동구 명일로 ***, 삼익그린*차상가 *층 **호 (명일동)",05267,03,폐업,,,02-362-9005,18.16
(A+)시니어 복지용구,,211219.520168848,447519.812113669,2026-05-06 22:43:03,I,13,영업중,2015-11-20 13:38:32,,2015-11-19,,서울특별시 강동구 성내동 ***번지 *호 ***호,PHMG120153240033047000118,3240000,서울특별시 강동구 풍성로**길 ** (성내동),05394,01,영업/정상,,,02-476-5075,29.52
케이원파마,2024-01-04,190099.41176063,440416.170972838,2026-05-06 22:38:39,I,03,폐업,2024-01-04 17:24:09,,2024-01-03,,,PHMG120243170035047000006,3170000,"서울특별시 금천구 범안로 ****, 하우스디 더 스카이밸리 가산*차 ***호 (가산동)",08595,03,폐업,,,,
아이스그림눈썹앤탈모커버아카데미 강동본점,,212027.481158905,446598.591776331,2026-05-06 22:44:06,I,13,영업중,2026-04-07 14:56:31,,2024-01-16,,서울특별시 강동구 둔촌동 ***-* 올림픽파크포레온,PHMG120243240033047000004,3240000,"서울특별시 강동구 양재대로 ****, 파크포레온스테이션* B***호 (둔촌동, 올림픽파크포레온)",05410,01,영업/정상,,,,
한빛나노메디칼(둔촌지점),2015-01-27,211804.185343348,447344.070468373,2026-05-06 22:41:41,I,03,폐업,2015-01-27 18:03:51,,2009-11-26,134-845,서울특별시 강동구 성내*동 ***번지 **호 지하*층,PHMG120093240033047000083,3240000,"서울특별시 강동구 양재대로**길 **, 지하층 (성내동)",,03,폐업,,,,
썬바이오,,211764.117707171,447356.473403852,2026-05-06 22:43:48,I,15,전출,2026-03-09 14:15:21,,2021-10-27,,서울특별시 강동구 성내동 ***-**,PHMG120213240033047000162,3240000,"서울특별시 강동구 양재대로**길 **, *층 (성내동)",05404,05,제외/삭제/전출,,,,
원탑바이오,,211458.648093395,450316.255472825,2026-05-06 22:44:09,I,15,전출,2025-11-17 13:11:16,,2024-09-11,,서울특별시 강동구 암사동 ***-** 정산아파트,PHMG120243240033047000097,3240000,"서울특별시 강동구 고덕로 **, *층 ***-***호 (암사동, 정산아파트)",05238,05,제외/삭제/전출,,,,
아성양행(주),2019-02-15,189841.076534283,441127.322443807,2026-05-06 22:37:31,I,03,폐업,2019-02-15 15:51:15,,2017-02-15,,,PHMG120173170035047000012,3170000,"서울특별시 금천구 가산디지털*로 **, ***호 (가산동, 호서대벤처타워)",08590,03,폐업,,,,
(주)코리아세븐 길동6호점,2019-10-15,211994.96973718,448095.346236752,2026-05-06 22:42:52,I,03,폐업,2019-10-15 18:06:28,,2014-11-21,134-814,서울특별시 강동구 길동 ***번지,PHMG120143240033047000123,3240000,서울특별시 강동구 천호대로 **** (길동),05355,03,폐업,,,,
지에스(GS)25 강동펠리스점,2025-05-28,212366.840633987,450251.758832252,2026-05-06 22:44:01,I,03,폐업,2025-05-29 15:03:45,,2022-11-23,,서울특별시 강동구 암사동 ***-* 프라이어팰리스,PHMG120223240033047000315,3240000,"서울특별시 강동구 고덕로 ***, 프라이어팰리스 상가동 *층 (암사동)",05256,03,폐업,,,,
꿈꾸는윌리,2023-12-06,212090.086391317,448980.570748692,2026-05-06 22:44:05,I,03,폐업,2023-12-07 10:50:39,,2023-01-31,,서울특별시 강동구 천호동 **-**,PHMG120233240033047000113,3240000,"서울특별시 강동구 구천면로**길 ***, ***호 (천호동)",05317,03,폐업,,,,
온누리헬스케어 암사센터,2025-10-27,211317.64053059,449871.521384996,2026-05-06 22:43:48,I,03,폐업,2025-10-27 16:59:47,,2021-11-02,,서울특별시 강동구 암사동 ***-**,PHMG120213240033047000165,3240000,"서울특별시 강동구 상암로**길 **, *층 ***호 (암사동)",05264,03,폐업,,,02-6338-3900,
미라클의료기 판매체험장,2016-04-28,212981.750589294,448888.357174164,2026-05-06 22:43:04,I,03,폐업,2016-04-28 17:46:06,,2016-04-11,,서울특별시 강동구 길동 **번지 *호 지하*층,PHMG120163240033047000027,3240000,"서울특별시 강동구 명일로 ***, 지하*층 (길동, 예신교회)",05300,03,폐업,,,,167.4
코젠대리점,2017-06-05,211507.962313996,447833.124796868,2026-05-06 22:42:45,I,03,폐업,2017-06-05 11:24:51,,2014-04-04,134-849,서울특별시 강동구 성내동 ***번지 *호,PHMG120143240033047000025,3240000,"서울특별시 강동구 풍성로**길 **, *층 (성내동)",05382,03,폐업,,,,
이마트24 금천느티나무점,2025-09-04,191646.990306914,439365.351328562,2026-05-06 22:38:34,I,03,폐업,2025-09-04 17:45:29,,2023-02-07,,서울특별시 금천구 시흥동 ***-**,PHMG120233170035047000038,3170000,"서울특별시 금천구 독산로**길 **, *층 (시흥동)",08570,03,폐업,,,,
마리엔스 건강증진관,2013-10-25,211148.199981362,449679.571982382,2026-05-06 22:42:38,I,03,폐업,2015-05-15 09:11:19,,2013-07-15,134-877,서울특별시 강동구 암사*동 ***번지 **호,PHMG120133240033047000056,3240000,"서울특별시 강동구 올림픽로 ***, *층 (암사동)",,03,폐업,,,02-429-7589,
와이티제이컴퍼니,,189208.487613747,442298.784420302,2026-05-06 22:38:38,I,13,영업중,2023-08-21 13:06:45,,2023-08-21,,,PHMG120233170035047000115,3170000,"서울특별시 금천구 가산디지털*로 ***-**, *층 O***호 (가산동)",08503,01,영업/정상,,,,
(주)코리아세븐 가톨릭병원점,2019-10-15,210986.405956836,448919.226364473,2026-05-06 22:42:55,I,03,폐업,2019-10-15 18:04:48,,2015-01-26,134-021,서울특별시 강동구 천호동 ***번지 **호,PHMG120153240033047000010,3240000,서울특별시 강동구 올림픽로 *** (천호동),05327,03,폐업,,,,
세원생활건강,,189055.138252216,441958.334400683,2026-05-06 22:37:28,I,15,전출,2016-10-14 09:27:43,,2016-01-04,,,PHMG120163170035047000001,3170000,"서울특별시 금천구 서부샛길 ***, A동 **층 C**호 (가산동, 대성디폴리스지식산업센터)",08504,05,제외/삭제/전출,,,070-7017-7797,
메디컬포엠,,211047.878697259,450021.504957301,2026-05-06 22:43:15,I,15,전출,2021-04-13 18:52:50,,2019-03-19,,서울특별시 강동구 암사동 ***번지 선사현대아파트,PHMG120193240033047000029,3240000,"서울특별시 강동구 상암로 **, ***동 비**호 (암사동, 선사현대아파트)",05240,05,제외/삭제/전출,,,,8.48
마이피부,,189030.107416961,442085.661457155,2026-05-06 22:37:22,I,13,영업중,2017-10-27 14:05:28,,2014-01-24,,,PHMG120143170035047000004,3170000,"서울특별시 금천구 서부샛길 ***, ****호 (가산동, 대륭테크노타운*차)",08504,01,영업/정상,,,26185393,
두원의료기,2010-04-27,210740.125210724,448044.126218256,2026-05-06 22:41:35,I,03,폐업,2010-04-28 10:51:49,,2009-05-11,134-841,서울특별시 강동구 성내*동 ***번지 **호 ***호,PHMG120093240033047000034,3240000,,,03,폐업,,,,
엠에스(MS)메디칼,2009-12-21,211613.51006798,448414.994690272,2026-05-06 22:41:41,I,03,폐업,2015-05-14 14:09:41,,2009-11-02,134-874,서울특별시 강동구 천호동 ***번지 **호,PHMG120093240033047000079,3240000,서울특별시 강동구 천호대로 ** (천호동),,03,폐업,,,,
라스텍,2016-12-30,212593.400854578,447771.535400882,2026-05-06 22:43:03,I,03,폐업,2016-12-30 15:32:03,,2016-01-19,,서울특별시 강동구 둔촌동 **번지 ***호,PHMG120163240033047000001,3240000,"서울특별시 강동구 명일로 ***-**, ***호 (둔촌동)",05365,03,폐업,,,,19.77
세븐일레븐 암사스타점,,211407.15868612,449840.35938692,2026-05-06 22:43:55,I,13,영업중,2022-04-06 16:07:19,,2022-04-06,,서울특별시 강동구 암사동 ***-**,PHMG120223240033047000149,3240000,"서울특별시 강동구 암사길 *, *층 ***-*호 (암사동)",05263,01,영업/정상,,,,
파비트컴퍼니,2023-05-31,212673.215267333,448333.192761478,2026-05-06 22:43:51,I,03,폐업,2023-06-01 17:10:13,,2022-02-09,,서울특별시 강동구 길동 *** 길동우성아파트,PHMG120223240033047000058,3240000,"서울특별시 강동구 천호대로***길 **, ***동 ***호 (길동, 길동우성아파트)",05350,03,폐업,,,,
비비히어링센타 강동점,,214299.644266879,450637.954760292,2026-05-06 22:43:35,I,13,영업중,2020-05-01 10:19:56,,2020-04-28,,서울특별시 강동구 고덕동 ***번지 고덕그라시움아파트(상가*동),PHMG120203240033047000040,3240000,"서울특별시 강동구 고덕로 ***, 고덕그라시움아파트(상가*동) ***호 (고덕동)",05224,01,영업/정상,,,,
A & E,2002-06-24,212624.891449347,448937.811380947,2026-05-06 22:39:35,I,03,폐업,2015-05-14 11:16:10,,2002-01-09,134-811,서울특별시 강동구 길동 ***번지 *호,PHMG120023240033047000001,3240000,서울특별시 강동구 양재대로***길 ** (길동),,03,폐업,,,02-471-6432,
동서교역,2019-07-01,211596.458297861,447876.079033254,2026-05-06 22:43:03,I,03,폐업,2019-07-01 16:47:22,,2015-11-24,,서울특별시 강동구 성내동 ***번지 *호 ***호,PHMG120153240033047000119,3240000,"서울특별시 강동구 천호대로***길 **-**, ***호 (성내동)",05382,03,폐업,,,02-487-1254,
스톤베드닷컴,2010-09-15,,,2026-05-06 22:40:31,I,03,폐업,2010-09-15 16:44:08,,2005-10-13,134-090,서울특별시 강동구 성내*동 ***-**(***호),PHMG120053240033047000062,3240000,,,03,폐업,,,02-484-3926,
힐스템 건강 강동역점,2021-04-06,211712.429305334,448270.957716209,2026-05-06 22:43:34,I,03,폐업,2021-04-08 11:35:07,,2020-03-31,,서울특별시 강동구 천호동 ***번지 **호 강동 헤르셔,PHMG120203240033047000027,3240000,"서울특별시 강동구 천호대로 ****, 지하*층 ***호 (천호동, 강동 헤르셔)",05339,03,폐업,,,,
에이스메디칼 주식회사,,214103.557154115,451614.026873853,2026-05-06 22:44:10,I,13,영업중,2024-01-15 11:01:18,,2021-08-04,,서울특별시 강동구 고덕동 **-* 에이스메디칼타워,PHMG120243240033187000001,3240000,"서울특별시 강동구 고덕비즈밸리로*길 **, 에이스메디칼타워 지하*층 (고덕동)",05203,01,영업/정상,,,02-920-0066,
메디컬랩,2017-07-18,190694.880295092,440764.426277932,2026-05-06 22:37:31,I,03,폐업,2017-07-18 14:41:20,,2016-11-18,,,PHMG120163170035047000116,3170000,"서울특별시 금천구 두산로 **-*, **층 비****호 (독산동, 현대지식산업센터)",08584,03,폐업,,,,
조이메디칼,2018-06-18,212603.194992637,450135.008703137,2026-05-06 22:42:53,I,24,직권폐업,2018-06-19 09:40:03,,2014-12-03,134-830,서울특별시 강동구 명일동 ***번지 *호,PHMG120143240033047000157,3240000,서울특별시 강동구 양재대로 ****-** (명일동),05257,04,취소/말소/만료/정지/중지,,,,
(주)코리아세븐 가산엠파이어점,,189978.050925581,440363.954453659,2026-05-06 22:38:38,I,13,영업중,2024-04-17 17:02:07,,2023-11-21,,서울특별시 금천구 가산동 *** 디지털엠파이어빌딩,PHMG120233170035047000150,3170000,"서울특별시 금천구 범안로 ****, 디지털엠파이어빌딩 ***호 (가산동)",08595,01,영업/정상,,,,
오륜비젼,,211980.248325806,448111.060277943,2026-05-06 22:43:58,I,13,영업중,2022-07-13 17:39:12,,2022-07-12,,서울특별시 강동구 길동 ***-* 일성하이츠오피스텔,PHMG120223240033047000215,3240000,"서울특별시 강동구 천호대로 ****, 일성하이츠오피스텔 ***호 (길동)",05355,01,영업/정상,,,,
㈜누리텍아이엔씨,2016-07-07,190916.469867215,439603.120857528,2026-05-06 22:37:06,I,03,폐업,2016-07-15 10:27:06,,2007-01-11,153-839,서울특별시 금천구 시흥동 ***번지 **호 새한빌딩 ***호,PHMG120073170035047000001,3170000,"서울특별시 금천구 시흥대로 ***, ***호 (시흥동, 새한빌딩)",08609,03,폐업,,,,
바른보청기 히어링케어,,211573.770265043,448168.954892944,2026-05-06 22:43:11,I,13,영업중,2021-02-23 17:15:05,,2014-07-17,,서울특별시 강동구 성내동 ***번지 **호 경남빌딩,PHMG120183240033047000027,3240000,"서울특별시 강동구 천호대로 ****, 경남빌딩 *층 ***호 (성내동)",05380,01,영업/정상,,,02-3395-9450,97.78
(주)이호테크,2025-06-26,191226.287379467,437914.06299827,2026-05-06 22:38:23,I,03,폐업,2025-06-26 16:05:15,,2022-02-16,,,PHMG120223170035047000070,3170000,"서울특별시 금천구 시흥대로 **, 시흥유통상가 **동 ***호 (시흥동)",08639,03,폐업,,,,
(주)뷰젬 생명공학,2017-04-28,189228.282678816,441767.908595592,2026-05-06 22:37:26,I,03,폐업,2017-04-28 10:08:57,,2015-03-09,,,PHMG120153170035047000023,3170000,"서울특별시 금천구 가산디지털*로 ***, *층 ***호 (가산동)",08505,03,폐업,,,,
(주)코리아세븐 S천호역점,2018-04-27,210987.808774188,448479.488202243,2026-05-06 22:42:53,I,03,폐업,2018-04-27 16:31:28,,2014-11-21,134-874,서울특별시 강동구 천호동 ***번지,PHMG120143240033047000141,3240000,서울특별시 강동구 천호대로 지하 *** (천호동),05248,03,폐업,,,,
주식회사 젬마물산,2019-04-03,211834.949590136,448868.099862647,2026-05-06 22:43:06,I,03,폐업,2019-04-03 17:40:05,,2016-08-08,,서울특별시 강동구 천호동 ***번지 **호 *층 ***호,PHMG120163240033047000070,3240000,"서울특별시 강동구 천중로**길 **, *층 ***호 (천호동)",05331,03,폐업,,,02-428-3682,13
오메가헬스케어,2014-01-09,211109.859251746,447009.221035868,2026-05-06 22:42:35,I,03,폐업,2014-01-10 11:23:55,,2013-04-09,134-848,서울특별시 강동구 성내*동 ***번지 *호,PHMG120133240033047000031,3240000,,,03,폐업,,,,
(주)청암제이에스,,211980.248325806,448111.060277943,2026-05-06 22:44:07,I,13,영업중,2024-03-28 16:50:36,,2024-03-27,,서울특별시 강동구 길동 ***-* 일성하이츠오피스텔,PHMG120243240033047000038,3240000,"서울특별시 강동구 천호대로 ****, 일성하이츠오피스텔 ***호 (길동)",05355,01,영업/정상,,,,
기빙,,211061.484677738,447291.651505325,2026-05-06 22:43:58,I,13,영업중,2025-11-28 11:00:43,,2022-06-10,,서울특별시 강동구 성내동 *** 성내동대경빌딩,PHMG120223240033047000194,3240000,"서울특별시 강동구 성내로**길 *, 성내동대경빌딩 ***호 (성내동)",05399,01,영업/정상,,,,
메디빌,2020-10-31,211517.521169305,447448.001078738,2026-05-06 22:43:11,I,03,폐업,2020-11-19 17:23:29,,2018-05-21,,서울특별시 강동구 성내동 ***번지 **호 토성빌딩,PHMG120183240033047000039,3240000,"서울특별시 강동구 성안로 **, 토성빌딩 ***호 (성내동)",05395,03,폐업,,,,
베이비플러스 금천,2024-10-30,190858.649482406,440808.541334678,2026-05-06 22:38:38,I,03,폐업,2024-10-30 16:06:25,,2023-09-20,,,PHMG120233170035047000137,3170000,"서울특별시 금천구 시흥대로 ***, 시티렉스 *층 ***호 (독산동)",08584,03,폐업,,,,
(주)더마테크,2019-05-27,189202.600232089,441848.24299943,2026-05-06 22:37:35,I,03,폐업,2019-05-27 14:59:34,,2018-04-26,,서울특별시 금천구 가산동 ***번지 *호 월드메르디앙*차,PHMG120183170035047000053,3170000,"서울특별시 금천구 가산디지털*로 ***, 월드메르디앙*차 ****-***호 (가산동)",08505,03,폐업,,,02-3402-7582,
코리아 휴먼케어,2024-07-05,189459.065518928,441844.960857588,2026-05-06 22:37:28,I,03,폐업,2024-07-05 15:32:12,,2016-01-18,,,PHMG120163170035047000004,3170000,"서울특별시 금천구 가산디지털*로 ***, ***호 (가산동, 신한이노플렉스)",08506,03,폐업,,,,
(주)이랜드서비스,2020-08-18,190203.009412484,440519.974092931,2026-05-06 22:37:43,I,03,폐업,2020-08-18 17:43:08,,2019-09-10,,,PHMG120193170035047000145,3170000,"서울특별시 금천구 범안로 ****, 동남빌딩 (독산동)",08587,03,폐업,,,66739991,
주식회사 뉴본플러스,,189877.178943503,442093.648596802,2026-05-06 22:38:44,I,13,영업중,2025-04-02 16:21:10,,2025-04-02,,,PHMG120253170035047000027,3170000,"서울특별시 금천구 디지털로*길 **, 대륭포스트타워 *차 지*층 비***호 (가산동)",08512,01,영업/정상,,,,
제이디,2023-03-08,189855.309927286,441540.894601732,2026-05-06 22:38:30,I,03,폐업,2023-03-08 16:51:07,,2012-08-20,,서울특별시 금천구 가산동 **-** 에이스하이엔드타워*차,PHMG120223170035047000200,3170000,"서울특별시 금천구 벚꽃로 ***, 에이스하이엔드타워*차 ***-*호 (가산동)",08513,03,폐업,,,,
GS25가산태양점,,190535.904870884,441554.623217523,2026-05-06 22:38:21,I,13,영업중,2022-02-10 14:23:51,,2022-02-10,,,PHMG120223170035047000043,3170000,"서울특별시 금천구 시흥대로***길 **, *층 (가산동)",08532,01,영업/정상,,,,
제이치컴퍼니,2020-11-23,189603.222916543,441801.135064157,2026-05-06 22:37:43,I,03,폐업,2020-11-23 14:59:13,,2019-09-30,,,PHMG120193170035047000152,3170000,"서울특별시 금천구 가산디지털*로 ***, 가산 더스카이밸리 *차 ***호 (가산동)",08507,03,폐업,,,,
(주)이즈와이솔루션,,189089.927764903,442569.300676147,2026-05-06 22:37:47,I,13,영업중,2020-06-10 19:33:42,,2016-03-15,,서울특별시 금천구 가산동 ***번지 **호 대륭테크노타운*차,PHMG120203170035047000100,3170000,"서울특별시 금천구 가마산로 **, 대륭테크노타운*차 ***호 (가산동)",08501,01,영업/정상,,,,
(주)코리아세븐 강동구청역점,2017-11-29,210671.132768846,447565.794317198,2026-05-06 22:42:52,I,03,폐업,2017-11-29 16:54:27,,2014-11-21,134-851,서울특별시 강동구 성내동 ***번지 **호,PHMG120143240033047000115,3240000,서울특별시 강동구 성내로 * (성내동),05398,03,폐업,,,,
주식회사 카이젠,,189262.863257737,442093.310518456,2026-05-06 22:38:45,I,13,영업중,2025-11-28 16:08:07,,2025-11-28,,서울특별시 금천구 가산동 ***-**,PHMG120253170035047000091,3170000,"서울특별시 금천구 가산디지털*로 ***, ****,****,****호 (가산동)",08503,01,영업/정상,,,,
㈜아이파마,2013-12-31,190933.601554233,441662.481512797,2026-05-06 22:37:19,I,03,폐업,2014-01-23 17:40:20,,2012-11-06,153-806,서울특별시 금천구 독산동 ***번지 **호,PHMG120123170035047000056,3170000,서울특별시 금천구 시흥대로 *** (독산동),,03,폐업,,,,
(주)현우오토메이션,,189538.020935968,441982.427934953,2026-05-06 22:37:46,I,13,영업중,2020-03-12 16:11:54,,2020-03-11,,서울특별시 금천구 가산동 ***번지 **호 우림라이온스밸리,PHMG120203170035047000037,3170000,"서울특별시 금천구 가산디지털*로 ***, 우림라이온스밸리 B동 B***호 (가산동)",08507,01,영업/정상,,,,
(주)커스터먼트,2018-05-18,189917.493331104,442031.656022304,2026-05-06 22:37:32,I,03,폐업,2018-05-21 14:59:18,,2017-06-27,,,PHMG120173170035047000055,3170000,"서울특별시 금천구 디지털로*길 **, ***호 (가산동, 코오롱테크노밸리)",08512,03,폐업,,,02-6959-2859,
유앤에이치컴퍼니,2023-07-06,189369.53962474,441629.361414684,2026-05-06 22:37:40,I,03,폐업,2023-07-06 14:22:00,,2019-03-26,,서울특별시 금천구 가산동 ***번지 *호 IT캐슬 ***호,PHMG120193170035047000052,3170000,"서울특별시 금천구 가산디지털*로 **, IT캐슬 ***호 (가산동)",08506,03,폐업,,,051-327-3962,
(주)바이오시스템즈코리아,2011-11-11,212759.967288146,448167.320933414,2026-05-06 22:41:41,I,03,폐업,2011-11-11 11:14:08,,2009-10-22,134-815,서울특별시 강동구 길동 ***번지 *호 초우빌딩 *층,PHMG120093240033047000077,3240000,,,03,폐업,,,,
롯데쇼핑(주) 롯데마트 금천점,,190838.324818618,439761.362000391,2026-05-06 22:37:38,I,13,영업중,2026-04-22 14:16:43,,2018-11-13,,서울특별시 금천구 독산동 ****번지,PHMG120183170035047000127,3170000,서울특별시 금천구 시흥대로 *** (독산동),08608,01,영업/정상,,,,
헬스포뷰티,2022-06-27,211458.648093395,450316.255472825,2026-05-06 22:43:37,I,03,폐업,2022-06-28 13:02:28,,2020-08-03,,서울특별시 강동구 암사동 ***-** 정산아파트,PHMG120203240033047000074,3240000,"서울특별시 강동구 고덕로 **, *층 ***-***호 (암사동, 정산아파트)",05238,03,폐업,,,,
(주)커스토먼트,,189778.774504778,441302.111937219,2026-05-06 22:37:47,I,13,영업중,2024-07-15 16:22:56,,2020-06-19,,서울특별시 금천구 가산동 ***번지 **호 IT프리미어타워,PHMG120203170035047000106,3170000,"서울특별시 금천구 가산디지털*로 **, IT프리미어타워 **층 ****, ****호 (가산동)",08590,01,영업/정상,,,02-6959-2859,
(주)인프라웨어,2020-03-09,189889.938752675,440609.342128829,2026-05-06 22:37:44,I,03,폐업,2020-03-09 17:39:24,,2019-12-13,,,PHMG120193170035047000180,3170000,"서울특별시 금천구 가산디지털*로 **, 대륭테크노타운**차 ****-*호 (가산동)",08594,03,폐업,,,,
바디힐(주),2023-11-28,189419.091886816,441207.655086501,2026-05-06 22:37:31,I,03,폐업,2023-11-29 08:58:24,,2016-11-01,,서울특별시 금천구 가산동 ***번지 **호 한라시그마밸리,PHMG120163170035047000109,3170000,"서울특별시 금천구 가산디지털*로 **, 한라시그마밸리 ***-*호 (가산동)",08588,03,폐업,,,,
(주)제니스검퍼니,2019-05-16,189459.065518928,441844.960857588,2026-05-06 22:37:22,I,03,폐업,2019-05-16 17:39:52,,2014-03-24,,,PHMG120143170035047000014,3170000,"서울특별시 금천구 가산디지털*로 ***, ***호 (가산동, 신한이노플렉스)",08506,03,폐업,,,,
GS25 고덕리엔점,,215097.6410784,451002.812265182,2026-05-06 22:43:50,I,13,영업중,2022-02-04 09:48:18,,2022-02-03,,서울특별시 강동구 강일동 *** 고덕리엔파크*단지아파트,PHMG120223240033047000017,3240000,"서울특별시 강동구 상일로 ***, 상가동 ***호 (강일동, 고덕리엔파크*단지아파트)",05218,01,영업/정상,,,,
주식회사 엠디셀,,189410.77946857,442005.26263228,2026-05-06 22:37:40,I,13,영업중,2025-12-03 09:36:03,,2019-03-26,,서울특별시 금천구 가산동 ***-* 가산비지니스센터,PHMG120193170035047000053,3170000,"서울특별시 금천구 가산디지털*로 ***, 가산비지니스센터 ****호 (가산동)",08503,01,영업/정상,,,,
현대베스트샵,,211573.770265043,448168.954892944,2026-05-06 22:43:53,I,15,전출,2023-12-01 09:26:55,,2020-04-29,,서울특별시 강동구 성내동 ***-** 경남빌딩,PHMG120223240033047000103,3240000,"서울특별시 강동구 천호대로 ****, 경남빌딩 지층 ***호~***호 (성내동)",05380,05,제외/삭제/전출,,,,
씨유 금천블르빌점,2025-12-19,191062.084012961,440172.038463022,2026-05-06 22:38:14,I,03,폐업,2025-12-19 16:18:43,,2022-02-08,,,PHMG120223170035047000020,3170000,"서울특별시 금천구 시흥대로**길 **, *층 (독산동)",08619,03,폐업,,,,
잠언의료기 강동지점,,212556.944881878,449079.271975315,2026-05-06 22:43:11,I,13,영업중,2021-01-18 18:26:31,,2018-04-04,,서울특별시 강동구 길동 ***번지 *호,PHMG120183240033047000028,3240000,"서울특별시 강동구 양재대로***가길 **, *층 (길동)",05302,01,영업/정상,,,02-482-7589,171
오른,2025-11-28,189188.74756733,441601.047932709,2026-05-06 22:38:31,I,03,폐업,2025-11-28 14:55:42,,2022-10-17,,서울특별시 금천구 가산동 ***-** 세계일보,PHMG120223170035047000225,3170000,"서울특별시 금천구 서부샛길 ***, 세계일보 ***호 (가산동)",08505,03,폐업,,,,
이이쓰리디덴탈,2020-03-02,190694.880295092,440764.426277932,2026-05-06 22:37:35,I,03,폐업,2020-03-02 16:09:05,,2018-04-27,,서울특별시 금천구 독산동 ***번지 *호 현대지식산업센터,PHMG120183170035047000054,3170000,"서울특별시 금천구 두산로 **, 현대지식산업센터 A동 ****-*호 (독산동)",08584,03,폐업,,,,
주노메디,2020-12-31,189055.138252216,441958.334400683,2026-05-06 22:37:29,I,24,직권폐업,2021-01-04 10:34:40,,2016-04-20,,,PHMG120163170035047000038,3170000,"서울특별시 금천구 서부샛길 ***, 지하*층 B***-**호 (가산동, 대성디폴리스지식산업센터)",08504,04,취소/말소/만료/정지/중지,,,,
독일참소리보청기,2020-01-31,189920.540900476,439526.232037905,2026-05-06 22:37:44,I,03,폐업,2020-01-31 10:21:30,,2019-12-31,,,PHMG120193170035047000174,3170000,"서울특별시 금천구 한내로 **-**, ****동 ***호 (독산동, 주공**단지아파트)",08598,03,폐업,,,,
코어메디솔루션,2025-05-02,189378.332493727,442066.99866487,2026-05-06 22:37:47,I,03,폐업,2025-05-02 10:04:50,,2020-05-21,,서울특별시 금천구 가산동 ***번지 **호 가산 에스케이 브이원 센터,PHMG120203170035047000088,3170000,"서울특별시 금천구 가산디지털*로 ***, 가산 에스케이 브이원 센터 ***호 (가산동)",08503,03,폐업,,,,
주식회사 룩업메디칼,,189603.222916543,441801.135064157,2026-05-06 22:38:45,I,13,영업중,2025-11-11 17:22:09,,2025-11-11,,서울특별시 금천구 가산동 ***-** 가산 더스카이밸리 *차,PHMG120253170035047000084,3170000,"서울특별시 금천구 가산디지털*로 ***, 가산 더스카이밸리 *차 제****호 (가산동)",08507,01,영업/정상,,,,
㈜오씸코리아천호점,2011-07-25,,,2026-05-06 22:41:01,I,03,폐업,2011-07-26 11:44:29,,2007-02-01,134-023,서울특별시 강동구 천호*동 ***-*(**층),PHMG120073240033047000012,3240000,,,03,폐업,,,02-2225-8972,
(주)온샵,2019-07-18,189202.600232089,441848.24299943,2026-05-06 22:37:30,I,03,폐업,2019-07-18 13:35:15,,2016-07-06,,,PHMG120163170035047000069,3170000,"서울특별시 금천구 가산디지털*로 ***, ***호 (가산동, 월드메르디앙*차)",08505,03,폐업,,,,
(주)성산메디텍,2020-07-27,212667.507838476,449611.763021249,2026-05-06 22:42:43,I,03,폐업,2020-07-29 16:50:49,,2018-02-13,,서울특별시 강동구 명일동 ***번지 **호,PHMG120133240033047000103,3240000,"서울특별시 강동구 양재대로***길 *, 지하*층 (명일동)",05295,03,폐업,,,,
뉴멀티샵,,212481.618347928,449133.956765955,2026-05-06 22:43:03,I,15,전출,2017-04-25 09:23:35,,2015-10-12,,,PHMG120153240033047000138,3240000,"서울특별시 강동구 양재대로 ****, ***호 (천호동, 선진빌딩)",05314,05,제외/삭제/전출,,,,29.25
(주)디아이큐브,2015-12-03,189472.091898625,441483.675018356,2026-05-06 22:37:15,I,03,폐업,2015-12-03 17:38:13,,2013-04-15,153-023,서울특별시 금천구 가산동 ***번지 **호 남성프라자 ***호,PHMG120103170035047000056,3170000,"서울특별시 금천구 디지털로 ***, *층 ***호 (가산동)",08589,03,폐업,,,,
비겐의료기 행복독산점,2018-12-31,191316.861370332,440944.037799841,2026-05-06 22:37:35,I,03,폐업,2019-01-08 15:18:22,,2018-05-28,,서울특별시 금천구 독산동 ***번지 *호 신일산업,PHMG120183170035047000060,3170000,"서울특별시 금천구 독산로 ***, 신일산업 *층 ***호 (독산동)",08577,03,폐업,,,,
하나웰니스 주식회사,2026-01-20,211592.37468424,446824.910976521,2026-05-06 22:44:07,I,03,폐업,2026-01-21 16:04:02,,2024-02-15,,서울특별시 강동구 성내동 ***-** 진스빌딩,PHMG120243240033047000026,3240000,"서울특별시 강동구 강동대로**길 **, 진스빌딩 ***,***호 (성내동)",05408,03,폐업,,,,
성진스포랜드,2020-07-08,,,2026-05-06 22:43:07,I,03,폐업,2020-07-08 10:54:55,,2017-01-04,,,PHMG120173240033047000007,3240000,"서울특별시 강동구 진황도로 **, ***호 (천호동, 현대프라자)",05335,03,폐업,,,070-4733-7407,26.42
이메스,2015-04-10,211390.048292094,446989.168787958,2026-05-06 22:41:50,I,03,폐업,2015-04-10 16:13:02,,2010-10-25,134-847,서울특별시 강동구 성내*동 ***번지 **호,PHMG120103240033047000091,3240000,,,03,폐업,,,,
비겐의료기 암사동,2013-03-27,211301.791271787,449882.290243396,2026-05-06 22:41:52,I,03,폐업,2013-03-28 11:04:02,,2011-03-25,134-859,서울특별시 강동구 암사*동 ***번지 **호 *층,PHMG120113240033047000022,3240000,,,03,폐업,,,,
채널세븐,2019-04-16,210664.882366319,447547.014886549,2026-05-06 22:43:09,I,03,폐업,2019-04-16 08:56:58,,2017-07-26,,서울특별시 강동구 성내동 ***번지 **호 *층 일부,PHMG120173240033047000059,3240000,"서울특별시 강동구 성내로 *-*, *층 (성내동)",05398,03,폐업,,,,23
주식회사 큐에이치바이오,,189767.416750179,442063.859932184,2026-05-06 22:38:39,I,13,영업중,2023-12-28 10:48:31,,2021-04-27,,서울특별시 금천구 가산동 **-**,PHMG120233170035047000159,3170000,"서울특별시 금천구 벚꽃로**길 **, ****호 (가산동)",08511,01,영업/정상,,,,6.6
경일의료기(주),2016-05-12,189686.475000033,440870.092608694,2026-05-06 22:37:27,I,03,폐업,2016-05-12 14:11:48,,2015-06-30,,,PHMG120153170035047000067,3170000,"서울특별시 금천구 가산디지털*로 **, ***호 (가산동, 대륭테크노타운**차)",08592,03,폐업,,,,
해피의료기금천센타,2013-05-16,191281.81230691,439133.584094255,2026-05-06 22:37:12,I,03,폐업,2013-05-16 15:24:00,,2009-09-01,153-031,서울특별시 금천구 시흥*동 ***번지 *호 *층,PHMG120093170035047000032,3170000,"서울특별시 금천구 금하로 *** (시흥동,*층)",,03,폐업,,,26346301,
에프와이씨(FYC),,210589.447298199,448975.943374189,2026-05-06 22:43:53,I,15,전출,2023-06-14 09:14:26,,2021-03-02,,서울특별시 강동구 천호동 ***-** 럭키빌딩,PHMG120223240033047000104,3240000,"서울특별시 강동구 선사로 **, 럭키빌딩 ***호 (천호동)",05246,05,제외/삭제/전출,,,,
영광메디칼,2010-09-15,,,2026-05-06 22:41:11,I,03,폐업,2010-09-15 16:43:56,,2008-01-08,134-090,서울특별시 강동구 성내*동  ***-** ***호,PHMG120083240033047000004,3240000,,,03,폐업,,,,
(주)코리아세븐 길동사거리점,2018-10-30,212059.97373057,448068.603629997,2026-05-06 22:42:52,I,03,폐업,2018-10-30 13:36:54,,2014-11-21,134-814,서울특별시 강동구 길동 ***번지 *호,PHMG120143240033047000112,3240000,서울특별시 강동구 천호대로 **** (길동),05355,03,폐업,,,,
참나무 주식회사,,189208.487613747,442298.784420302,2026-05-06 22:38:42,I,13,영업중,2025-05-28 15:50:41,,2024-11-04,,,PHMG120243170035047000118,3170000,"서울특별시 금천구 가산디지털*로 ***-**, 오***-*호 (가산동)",08503,01,영업/정상,,,,
씨유 독산문성점,2024-12-24,191866.834191431,441654.490987833,2026-05-06 22:38:14,I,03,폐업,2024-12-24 17:48:32,,2022-02-07,,서울특별시 금천구 독산동 ***-**,PHMG120223170035047000014,3170000,"서울특별시 금천구 문성로 **, *층 (독산동)",08549,03,폐업,,,,
에이치에스엠(HSM),2014-07-18,212047.340188377,447726.819097616,2026-05-06 22:42:09,I,03,폐업,2014-07-18 17:34:18,,2012-06-07,,,PHMG120123240033047000042,3240000,"서울특별시 강동구 양재대로**길 *, *층 ***호 (성내동)",,03,폐업,,,02-420-7490,
인트라메드,2020-09-15,210970.75707265,448713.31669728,2026-05-06 22:43:04,I,03,폐업,2020-09-15 16:23:03,,2016-04-18,,서울특별시 강동구 천호동 ***번지 *호 대우 한강 베네시티 ***호,PHMG120163240033047000031,3240000,"서울특별시 강동구 올림픽로 ***, *층 ***호 (천호동, 대우 한강 베네시티)",05328,03,폐업,,,070-8625-1446,24.07
(주)코리아세븐 천호공원점,2021-12-28,211038.618368129,449294.659561893,2026-05-06 22:43:43,I,03,폐업,2021-12-28 14:27:31,,2021-05-04,,서울특별시 강동구 천호동 ***-* 현경빌딩,PHMG120213240033047000055,3240000,"서울특별시 강동구 올림픽로 ***, 현경빌딩 ***호 (천호동)",05244,03,폐업,,,,
(주)이로인터내셔날 가산지점,,189372.263026296,441319.717856312,2026-05-06 22:38:11,I,13,영업중,2021-11-29 10:37:13,,2021-11-29,,서울특별시 금천구 가산동 ***-**,PHMG120213170035047000155,3170000,"서울특별시 금천구 서부샛길 ***, A동 *층 (가산동)",08588,01,영업/정상,,,,
주식회사 지비라이프케어 서울사무소,,214075.140422558,451485.809606277,2026-05-06 22:44:10,I,13,영업중,2025-03-12 11:35:04,,2025-03-11,,서울특별시 강동구 고덕동 ***-* 강동U*센터,PHMG120253240033047000028,3240000,"서울특별시 강동구 고덕비즈밸리로 **, 강동U*센터 A동 ***호 (고덕동)",05203,01,영업/정상,,,02-562-1412,
지에스25 가산에이스점,2025-09-15,189065.818334596,442338.144130222,2026-05-06 22:38:25,I,03,폐업,2025-09-15 11:19:42,,2022-03-30,,,PHMG120223170035047000105,3170000,"서울특별시 금천구 가산디지털*로 ***, 에이스 비즈포레 지식산업센터 ***호 (가산동)",08500,03,폐업,,,,
(주)화림무역,2022-06-15,189844.09058809,441902.681311108,2026-05-06 22:37:46,I,24,직권폐업,2022-06-14 13:23:22,,2020-04-08,,서울특별시 금천구 가산동 **번지 **호,PHMG120203170035047000057,3170000,"서울특별시 금천구 디지털로*길 **, ****호 (가산동)",08511,04,취소/말소/만료/정지/중지,,,,
라파의료기,2017-09-26,212981.750589294,448888.357174164,2026-05-06 22:43:04,I,03,폐업,2017-09-26 13:06:11,,2016-04-12,,서울특별시 강동구 길동 **번지 *호 *층 *호,PHMG120163240033047000028,3240000,"서울특별시 강동구 명일로 ***, *층 *호 (길동, 예신교회)",05300,03,폐업,,,,33
(주)베스트마트남문전자백화점,,191349.229613737,441173.464399391,2026-05-06 22:37:30,I,13,영업중,2016-06-20 09:08:31,,2016-06-15,,,PHMG120163170035047000066,3170000,서울특별시 금천구 독산로 *** (독산동),08543,01,영업/정상,,,,
지엔지콘택트렌즈,,191104.270539805,438995.758911348,2026-05-06 22:37:14,I,13,영업중,2015-06-22 14:57:04,,2010-09-15,153-864,서울특별시 금천구 시흥동 ***번지 **호 *층,PHMG120103170035047000045,3170000,"서울특별시 금천구 시흥대로**길 **, *층 (시흥동)",08632,01,영업/정상,,,,
해피강동신둔촌대리점,2016-08-22,212679.584548505,447888.07890526,2026-05-06 22:42:59,I,03,폐업,2016-08-22 14:56:53,,2015-04-28,134-817,서울특별시 강동구 둔촌동 **번지,PHMG120153240033047000048,3240000,"서울특별시 강동구 명일로 ***, *층 (둔촌동)",05361,03,폐업,,,070-4063-5787,45
이우메디텍,2013-10-11,,,2026-05-06 22:41:14,I,03,폐업,2013-10-11 18:26:15,,2008-04-25,134-052,서울특별시 강동구 암사*동 ***-** 명진빌딩 ***,PHMG120083240033047000031,3240000,,,03,폐업,,,02-428-0639,
비이오톡스,2010-11-19,211197.258138184,448508.213073073,2026-05-06 22:40:33,I,24,직권폐업,2015-05-14 11:32:27,,2005-11-17,134-864,서울특별시 강동구 천호동 ***번지 **호,PHMG120053240033047000069,3240000,서울특별시 강동구 천호대로***길 ** (천호동),,04,취소/말소/만료/정지/중지,,,02-474-4766,
메디포스트,2024-06-20,211966.759282034,448015.084774496,2026-05-06 22:43:58,I,03,폐업,2024-06-21 10:23:58,,2022-06-14,,서울특별시 강동구 성내동 ***-*,PHMG120223240033047000197,3240000,"서울특별시 강동구 천호대로 ****, 홍익빌딩 *층 ***호 (성내동)",05373,03,폐업,,,,
(주)에이치디엑스윌,2020-08-25,189282.557380259,442417.955057116,2026-05-06 22:37:26,I,03,폐업,2020-08-25 10:46:12,,2014-12-23,,,PHMG120143170035047000121,3170000,"서울특별시 금천구 가산디지털*로 ***, ***호 (가산동, 케이씨씨웰츠밸리)",08501,03,폐업,,,,
원서비스 주식회사,2021-07-01,211616.551920171,447518.233667973,2026-05-06 22:43:19,I,03,폐업,2021-07-04 18:04:14,,2019-06-19,,서울특별시 강동구 성내동 ***번지 **호,PHMG120193240033047000059,3240000,"서울특별시 강동구 풍성로 ***, *층 (성내동)",05403,03,폐업,,,070-8264-3115,117.81
이마트24 R강동ECT점,2024-09-30,211593.934605677,448339.419070414,2026-05-06 22:43:46,I,03,폐업,2024-10-02 09:48:16,,2021-05-13,,서울특별시 강동구 천호동 *** 래미안강동팰리스,PHMG120213240033047000102,3240000,"서울특별시 강동구 천호대로 ****, 이스트센트럴타워동 *층 (천호동, 래미안강동팰리스)",05340,03,폐업,,,02-6377-8336,
엠제이라드(주),2020-06-23,189282.557380259,442417.955057116,2026-05-06 22:37:44,I,03,폐업,2020-06-23 17:36:57,,2012-04-12,,서울특별시 금천구 가산동 ***번지 *호 케이씨씨 웰츠밸리,PHMG120193170035047000181,3170000,"서울특별시 금천구 가산디지털*로 ***, 케이씨씨 웰츠밸리 ***-*호 (가산동)",08501,03,폐업,,,02-2003-5771,
주식회사 비앤에프뷰티팩토리,2021-10-25,191190.37530257,440465.765059286,2026-05-06 22:37:50,I,03,폐업,2021-10-25 13:38:52,,2020-11-19,,,PHMG120203170035047000190,3170000,"서울특별시 금천구 범안로 ****, *층 (독산동)",08617,03,폐업,,,,
(주)화림메디칼,2013-01-23,189314.711435401,442585.933234852,2026-05-06 22:37:14,I,03,폐업,2013-01-23 17:23:32,,2010-06-17,153-803,서울특별시 금천구 가산동 ***번지 **호 에이스하이엔드타워*차 ****-*호,PHMG120103170035047000030,3170000,"서울특별시 금천구 가산디지털*로 *** (가산동,에이스하이엔드타워*차 ****-*호)",,03,폐업,,,,
주식회사 라헨느마케팅그룹,,210726.372421992,447514.331250631,2026-05-06 22:43:52,I,13,영업중,2022-02-15 11:51:32,,2022-02-11,,서울특별시 강동구 성내동 ***-* 토성빌딩,PHMG120223240033047000083,3240000,"서울특별시 강동구 성내로*길 **-**, 토성빌딩 *층 *호 (성내동)",05398,01,영업/정상,,,070-8666-7907,
리노브,,189603.222916543,441801.135064157,2026-05-06 22:37:51,I,15,전출,2022-01-28 10:03:15,,2021-01-26,,,PHMG120213170035047000018,3170000,"서울특별시 금천구 가산디지털*로 ***, 가산 더스카이밸리 *차 **** 호 (가산동)",08507,05,제외/삭제/전출,,,02-553-4317,
대성유통,2013-08-21,211330.148489184,448364.45842256,2026-05-06 22:42:13,I,03,폐업,2013-08-21 13:57:19,,2012-09-19,134-864,서울특별시 강동구 천호*동 ***번지 A동 *층 ***호,PHMG120123240033047000072,3240000,"서울특별시 강동구 천호대로 ****, A동 *층 ***호 (천호동)",,03,폐업,,,,
자연주의 상일동역점,2023-12-13,214844.691529811,450341.891483543,2026-05-06 22:44:04,I,03,폐업,2023-12-13 15:43:39,,2023-05-17,,서울특별시 강동구 상일동 *** 고덕아르테온(근린생활시설-*),PHMG120233240033047000062,3240000,"서울특별시 강동구 고덕로 ***, 고덕아르테온(근린생활시설-*) *동 ***호 (상일동)",05274,03,폐업,,,02-6949-6411,115.98
한강메디칼,2015-04-30,189686.475000033,440870.092608694,2026-05-06 22:37:23,I,03,폐업,2015-05-06 15:21:46,,2014-10-16,,,PHMG120143170035047000058,3170000,"서울특별시 금천구 가산디지털*로 **, ***호 (가산동, 대륭테크노타운**차)",,03,폐업,,,,
주식회사 더블유제이물산,2019-04-03,211834.949590136,448868.099862647,2026-05-06 22:43:06,I,03,폐업,2019-04-03 17:39:56,,2016-07-05,,서울특별시 강동구 천호동 ***번지 **호 ***-*호,PHMG120163240033047000061,3240000,"서울특별시 강동구 천중로**길 **, *층 ***-*호 (천호동)",05331,03,폐업,,,02-428-3682,13
지에스(GS)25 명일청솔점,2023-12-22,213635.178574167,449979.023511727,2026-05-06 22:43:59,I,03,폐업,2023-12-22 16:40:56,,2022-07-19,,서울특별시 강동구 명일동 **-** 청솔빌딩,PHMG120223240033047000237,3240000,"서울특별시 강동구 동남로**길 **, 청솔빌딩 (명일동)",05269,03,폐업,,,,
바이탈케어 주식회사,,212530.072096786,448771.185573503,2026-05-06 22:43:48,I,13,영업중,2026-03-03 10:46:33,,2021-10-13,,서울특별시 강동구 길동 ***-** 코튼빌딩,PHMG120213240033047000157,3240000,"서울특별시 강동구 천중로 ***, 코튼빌딩 *층 (길동)",05303,01,영업/정상,,,02-6925-3911,
오가닉픽스,,189622.332386295,441057.177316052,2026-05-06 22:38:41,I,13,영업중,2024-06-26 13:45:15,,2024-06-26,,,PHMG120243170035047000076,3170000,"서울특별시 금천구 가산디지털*로 **, *층 ***-*호 (가산동)",08592,01,영업/정상,,,,6
보령메디바이오텍,2016-05-03,210871.293674366,448421.092547965,2026-05-06 22:41:05,I,03,폐업,2016-05-03 16:24:33,,2007-04-11,134-840,서울특별시 강동구 성내*동 **번지 **호 브라운스톤천호 ****호,PHMG120073240033047000031,3240000,"서울특별시 강동구 천호대로 ****, **층 ****호 (성내동, 브라운스톤천호)",05378,03,폐업,,,02-482-3861,
위니아24크린샵암사점,,211221.972893193,450133.052260071,2026-05-06 22:44:03,I,13,영업중,2023-03-14 13:14:56,,2023-03-14,,서울특별시 강동구 암사동 ***-**,PHMG120233240033047000037,3240000,"서울특별시 강동구 상암로*길 **, *층 (암사동)",05241,01,영업/정상,,,,
크로마상사,,192368.43764933,438690.814038292,2026-05-06 22:37:40,I,15,전출,2019-08-07 18:06:14,,2018-07-16,,서울특별시 금천구 시흥동 ****번지 *호 벽산중심상가 ***-(호,PHMG120193170035047000063,3170000,"서울특별시 금천구 금하로 ***, 벽산중심상가 ***-(*)호 (시흥동)",08656,05,제외/삭제/전출,,,,
미건의료기(천호점),,211343.471461799,448630.873450648,2026-05-06 22:42:09,I,15,전출,2016-01-04 14:38:45,,2012-06-08,,,PHMG120123240033047000043,3240000,"서울특별시 강동구 진황도로 **, *층 (천호동)",05334,05,제외/삭제/전출,,,02-486-9001,
(주)퍼플바이오,,214075.140422558,451485.809606277,2026-05-06 22:44:12,I,13,영업중,2025-08-13 13:59:45,,2025-08-12,,서울특별시 강동구 고덕동 ***-* 강동U*센터,PHMG120253240033047000098,3240000,"서울특별시 강동구 고덕비즈밸리로 **, 강동U*센터 비동 *층 ***호 (고덕동)",05203,01,영업/정상,,,,
씨유(CU) 강일풍성점,,215743.278884315,451402.228621793,2026-05-06 22:43:58,I,13,영업중,2022-07-13 10:07:17,,2022-07-13,,서울특별시 강동구 강일동 *** 강일리버파크*단지아파트,PHMG120223240033047000216,3240000,"서울특별시 강동구 아리수로**길 **, 상가 ***호 (강일동, 강일리버파크*단지아파트)",05214,01,영업/정상,,,,
그랜드라인,,191422.799432376,439280.977804904,2026-05-06 22:37:47,I,13,영업중,2021-09-30 09:03:57,,2020-05-25,,서울특별시 금천구 시흥동 ***번지 *호,PHMG120203170035047000089,3170000,"서울특별시 금천구 독산로**길 **, *층 (시흥동)",08625,01,영업/정상,,,,
빌러벡코리아,,211750.89622364,448202.632546787,2026-05-06 22:44:09,I,13,영업중,2024-10-07 10:56:41,,2024-09-30,,서울특별시 강동구 천호동 *** 현대코아아파트,PHMG120243240033047000101,3240000,"서울특별시 강동구 천호대로 ****, *층 ***호 (천호동, 현대코아아파트)",05339,01,영업/정상,,,,
보아스,2013-07-29,212543.991693028,449139.931500058,2026-05-06 22:42:39,I,03,폐업,2013-07-29 17:17:19,,2013-07-23,,,PHMG120133240033047000060,3240000,서울특별시 강동구 양재대로 **** (길동),,03,폐업,,,32170340,
(주)엠엠벤처스,,189748.024164036,442174.424111843,2026-05-06 22:37:40,I,15,전출,2020-06-25 14:16:43,,2018-04-05,,서울특별시 금천구 가산동 **번지 **호 스타밸리 ***호,PHMG120193170035047000025,3170000,"서울특별시 금천구 디지털로*길 **, 스타밸리 ***호 (가산동)",08510,05,제외/삭제/전출,,,02-2027-0130,
엘룩스코리아,,189353.050637528,442493.020182986,2026-05-06 22:37:17,I,13,영업중,2021-09-28 13:18:03,,2011-12-07,,서울특별시 금천구 가산동 ***번지 **호 코오롱디지털타워애스턴,PHMG120113170035047000051,3170000,"서울특별시 금천구 가산디지털*로 ***, 코오롱디지털타워애스턴 ***호 (가산동)",08502,01,영업/정상,,,02-3281-2253,
건일바이오,,212574.407267266,448762.655733412,2026-05-06 22:43:27,I,15,전출,2020-10-29 08:55:46,,2019-03-28,,서울특별시 강동구 길동 ***번지 *호,PHMG120193240033047000104,3240000,"서울특별시 강동구 천중로 ***, *층 (길동)",05303,05,제외/삭제/전출,,,02-2202-4477,152.39
공콘택트렌즈,2021-09-28,211070.71833639,447964.735654156,2026-05-06 22:39:22,I,03,폐업,2021-09-28 14:54:26,,2000-07-01,,서울특별시 강동구 성내동 ***,PHMG120003240033047000020,3240000,"서울특별시 강동구 풍성로**길 **, *층 (성내동)",05387,03,폐업,,,02-480-5000,
(주)요고컴퍼니,,189504.258704224,441390.738560411,2026-05-06 22:37:46,I,15,전출,2021-08-06 17:27:10,,2020-04-22,,,PHMG120203170035047000068,3170000,"서울특별시 금천구 가산디지털*로 **, 대륭테크노타운**차 ****호 (가산동)",08589,05,제외/삭제/전출,,,,
메드그릿,,212143.778930005,448048.253831401,2026-05-06 22:43:34,I,15,전출,2020-11-06 09:50:05,,2020-04-03,,서울특별시 강동구 길동 ***번지 *호 강동그린타워,PHMG120203240033047000028,3240000,"서울특별시 강동구 천호대로 ****, 강동그린타워 **층 ****호 (길동)",05355,05,제외/삭제/전출,,,,
씨제이올리브영(주) 천호현대점,2022-11-28,210970.75707265,448713.31669728,2026-05-06 22:43:03,I,03,폐업,2023-04-28 13:44:04,,2019-11-20,,서울특별시 강동구 천호동 ***번지 *호 ***~***호,PHMG120153240033047000122,3240000,"서울특별시 강동구 올림픽로 ***, ***~***호 (천호동, 대우한강베네시티)",05328,03,폐업,,,02-470-5290,133.6
마하메디케어,2010-12-15,,,2026-05-06 22:41:23,I,03,폐업,2010-12-28 14:46:20,,2008-08-08,134-090,서울특별시 강동구 성내*동 ***-**  ***호,PHMG120083240033047000057,3240000,,,03,폐업,,,02-470-7507,
페이스팜 코리아,,189016.465808265,442320.784167212,2026-05-06 22:38:45,I,13,영업중,2025-12-10 09:40:11,,2025-05-19,,서울특별시 금천구 가산동 ***-**,PHMG120253170035047000093,3170000,"서울특별시 금천구 가산디지털*로 ***-**, *층 오***호-에스**호 (가산동)",08500,01,영업/정상,,,,
(주)제이앤지네트웍스,,190694.880295092,440764.426277932,2026-05-06 22:37:40,I,13,영업중,2019-03-20 10:15:13,,2016-03-17,,서울특별시 금천구 독산동 ***번지 *호 현대지식산업센터 ****호,PHMG120193170035047000045,3170000,"서울특별시 금천구 두산로 **, 현대지식산업센터 A동 **층 ****호 (독산동)",08584,01,영업/정상,,,26720425,
써지에이드,,211546.60345507,447396.203158752,2026-05-06 22:43:49,I,13,영업중,2022-01-17 14:48:35,,2022-01-17,,서울특별시 강동구 성내동 ***,PHMG120223240033047000008,3240000,"서울특별시 강동구 성안로 **, *층 ***호 (성내동)",05403,01,영업/정상,,,,
퀀텀의료기,,211733.085766648,448386.269757677,2026-05-06 22:43:29,I,15,전출,2021-10-27 11:22:37,,2019-12-10,,서울특별시 강동구 천호동 ***번지 *호 금환타워,PHMG120193240033047000110,3240000,"서울특별시 강동구 진황도로 **, 금환타워 *층 (천호동)",05338,05,제외/삭제/전출,,,,
골드하우스,2015-05-18,211945.337917258,447357.590085319,2026-05-06 22:42:10,I,03,폐업,2015-05-18 12:30:15,,2012-06-12,,,PHMG120123240033047000044,3240000,"서울특별시 강동구 양재대로 ****, *층 *호 (성내동)",,03,폐업,,,,
뉴솔팜,,214990.052555942,449389.135387059,2026-05-06 22:41:51,I,13,영업중,2023-11-09 09:53:32,,2010-01-18,,서울특별시 강동구 상일동 ***-*,PHMG120103240033047000106,3240000,"서울특별시 강동구 천호대로***길 **, *층 (상일동)",05283,01,영업/정상,,,,
금천광명메디칼,,190369.727302177,438955.931482201,2026-05-06 22:38:44,I,13,영업중,2025-05-08 16:51:43,,2025-04-29,,서울특별시 금천구 독산동 ****,PHMG120253170035047000033,3170000,"서울특별시 금천구 금하로*나길 *, *층 (독산동)",08600,01,영업/정상,,,,108
(주)크림커머스,2023-07-18,189920.528610917,440521.85524888,2026-05-06 22:37:58,I,03,폐업,2023-07-18 13:13:51,,2020-09-14,,서울특별시 금천구 가산동 *** 대륭테크노타운 **차,PHMG120213170035047000058,3170000,"서울특별시 금천구 가산디지털*로 *, 대륭테크노타운 **차 ****호 (가산동)",08594,03,폐업,,,,
디어베이비,2015-06-01,190809.507840375,440728.382273075,2026-05-06 22:37:21,I,03,폐업,2015-06-01 14:17:20,,2013-07-01,153-813,서울특별시 금천구 독산동 ***번지 *호,PHMG120133170035047000042,3170000,서울특별시 금천구 시흥대로 *** (독산동),,03,폐업,,,,
주원메디텍,,191226.287379467,437914.06299827,2026-05-06 22:37:36,I,13,영업중,2025-06-09 14:35:07,,2012-06-15,,서울특별시 금천구 시흥동 ***번지 시흥유통상가,PHMG120183170035047000076,3170000,"서울특별시 금천구 시흥대로 **, 시흥유통상가 **동 ***호 (시흥동)",08639,01,영업/정상,,,,
(주)한길의료기,,212825.954226492,448251.091956567,2026-05-06 22:39:15,I,13,영업중,2021-04-13 13:22:35,,1992-07-24,,서울특별시 강동구 길동 ***-*** 신영빌딩,PHMG119923240033047000005,3240000,"서울특별시 강동구 명일로 ***, 신영빌딩 (길동)",05349,01,영업/정상,,,02-474-5453,
(주)파노스,,189748.024164036,442174.424111843,2026-05-06 22:37:46,I,13,영업중,2021-10-01 10:10:53,,2020-03-17,,서울특별시 금천구 가산동 **번지 **호 스타밸리,PHMG120203170035047000040,3170000,"서울특별시 금천구 디지털로*길 **, 스타밸리 ****호 (가산동)",08510,01,영업/정상,,,02-2027-1270,
(주)디에이치이비즈,,189647.046752134,441677.096205358,2026-05-06 22:37:37,I,15,전출,2019-09-19 10:44:53,,2018-09-04,,서울특별시 금천구 가산동 ***번지 **호 에스티엑스브이타워,PHMG120183170035047000098,3170000,"서울특별시 금천구 가산디지털*로 ***, 에스티엑스브이타워 ***호 (가산동)",08507,05,제외/삭제/전출,,,1566-6055,
바른정,,211458.648093395,450316.255472825,2026-05-06 22:43:39,I,13,영업중,2025-01-06 15:43:53,,2021-01-04,,서울특별시 강동구 암사동 ***-** 정산아파트,PHMG120213240033047000002,3240000,"서울특별시 강동구 고덕로 **, *층 ***-***호 (암사동, 정산아파트)",05238,01,영업/정상,,,,
지에스25 뉴시흥대로점,,190836.082862874,440285.518277278,2026-05-06 22:38:32,I,13,영업중,2022-11-07 16:40:55,,2022-11-07,,서울특별시 금천구 독산동 ****-**,PHMG120223170035047000235,3170000,"서울특별시 금천구 시흥대로 ***, *층 (독산동)",08604,01,영업/정상,,,,
(주)코리아세븐 천호쌍용점,2019-10-15,210845.844797087,448679.382603258,2026-05-06 22:42:52,I,03,폐업,2019-10-15 18:07:03,,2014-11-21,134-874,서울특별시 강동구 천호동 ***번지 **호,PHMG120143240033047000113,3240000,서울특별시 강동구 올림픽로 *** (천호동),05248,03,폐업,,,,
주식회사 백퍼다,2025-10-27,189369.53962474,441629.361414684,2026-05-06 22:38:31,I,03,폐업,2025-10-27 09:37:29,,2022-08-31,,서울특별시 금천구 가산동 ***-* IT캐슬,PHMG120223170035047000210,3170000,"서울특별시 금천구 가산디지털*로 **, IT캐슬 *-***호 (가산동)",08506,03,폐업,,,,
덴티큐브,2021-10-19,189575.815287955,441503.181731081,2026-05-06 22:37:45,I,03,폐업,2021-10-19 15:58:16,,2020-03-05,,,PHMG120203170035047000034,3170000,"서울특별시 금천구 가산디지털*로 ***, SK트윈테크타워 비동 ***호 (가산동)",08589,03,폐업,,,,
(주)덴피아,2013-12-02,189356.918964987,441815.713741092,2026-05-06 22:37:12,I,24,직권폐업,2013-12-02 17:10:09,,2009-08-21,153-023,서울특별시 금천구 가산동 ***번지 **호 한국전자협동 *** *호,PHMG120093170035047000030,3170000,"서울특별시 금천구 가산디지털*로 *** (가산동,한국전자협동 *** *호)",,04,취소/말소/만료/정지/중지,,,31432885,
마리엔스,2016-09-21,211861.944754974,447300.068024489,2026-05-06 22:43:01,I,15,전출,2016-09-22 13:06:33,,2015-08-13,,서울특별시 강동구 성내동 ***번지 **호 ***호,PHMG120153240033047000087,3240000,"서울특별시 강동구 양재대로**길 **, *층 ***호 (성내동)",05404,05,제외/삭제/전출,,,02-2202-3259,103.43
제이투와이솔루션(주),,192368.43764933,438690.814038292,2026-05-06 22:37:50,I,13,영업중,2021-09-29 11:29:11,,2020-11-05,,서울특별시 금천구 시흥동 ****-* 벽산중심상가,PHMG120203170035047000186,3170000,"서울특별시 금천구 금하로 ***, 벽산중심상가 *층 ***호 (시흥동)",08656,01,영업/정상,,,,
(주)더피플,2022-09-01,189127.981104583,442460.505542105,2026-05-06 22:37:40,I,03,폐업,2022-09-01 16:19:42,,2019-03-14,,,PHMG120193170035047000042,3170000,"서울특별시 금천구 가산디지털*로 ***, 벽산디지털밸리*차 ****호 (가산동)",08501,03,폐업,,,02-837-6600,
필메딕스,2024-05-07,191226.287379467,437914.06299827,2026-05-06 22:38:39,I,03,폐업,2024-05-07 15:55:18,,2024-01-05,,,PHMG120243170035047000010,3170000,"서울특별시 금천구 시흥대로 **, 시흥유통상가 **동 ***호 (시흥동)",08639,03,폐업,,,,
에스엠메디칼,2016-05-02,212444.919830789,449540.806092032,2026-05-06 22:42:43,I,03,폐업,2016-05-02 19:16:12,,2014-01-03,134-861,서울특별시 강동구 천호동 **번지 **호,PHMG120143240033047000004,3240000,"서울특별시 강동구 양재대로***길 **, *층 *호 (천호동)",05306,03,폐업,,,,
(주)코리아세븐 강동성심점,2022-06-22,211809.144914284,448217.053871045,2026-05-06 22:43:44,I,03,폐업,2022-06-22 14:00:55,,2021-05-04,,서울특별시 강동구 천호동 ***-* 청광노블하임,PHMG120213240033047000080,3240000,"서울특별시 강동구 성안로 ***, 청광노블하임 ***호 (천호동)",05339,03,폐업,,,,
(주)코리아세븐 독산점,,190986.165020353,440661.831383228,2026-05-06 22:38:00,I,13,영업중,2024-02-27 10:07:45,,2021-05-04,,,PHMG120213170035047000077,3170000,"서울특별시 금천구 시흥대로***길 *, ***호 (독산동)",08579,01,영업/정상,,,,
(주)백두산천지인,,211138.908544377,449648.920067169,2026-05-06 22:44:08,I,13,영업중,2024-08-19 13:35:40,,2024-08-14,,서울특별시 강동구 암사동 ***-** 대덕빌딩,PHMG120243240033047000080,3240000,"서울특별시 강동구 올림픽로 ***, 대덕빌딩 *층 (암사동)",05242,01,영업/정상,,,,180.45
(주)디에스메드,,190694.880295092,440764.426277932,2026-05-06 22:37:42,I,13,영업중,2022-01-24 16:06:26,,2014-07-15,,서울특별시 금천구 독산동 ***-* 현대지식산업센터,PHMG120193170035047000108,3170000,"서울특별시 금천구 두산로 **, 현대지식산업센터 비-****-*호 (독산동)",08584,01,영업/정상,,,,
주식회사 애니팍스,2014-09-16,212778.616004435,448932.723109246,2026-05-06 22:41:53,I,03,폐업,2014-09-16 14:51:16,,2011-04-27,134-810,서울특별시 강동구 길동 ***번지 **호 지하*층,PHMG120113240033047000034,3240000,,,03,폐업,,,64099452,
더 비앤에이(주),2025-06-19,211734.858141135,447904.663825469,2026-05-06 22:43:52,I,03,폐업,2025-06-20 13:42:31,,2022-02-14,,서울특별시 강동구 성내동 ***-*,PHMG120223240033047000080,3240000,"서울특별시 강동구 성안로 ***, *층 (성내동)",05374,03,폐업,,,,
지에스25 금천햇빛점,,191137.687210463,439664.246872694,2026-05-06 22:38:31,I,13,영업중,2022-09-02 17:10:56,,2022-09-02,,서울특별시 금천구 독산동 ****-**,PHMG120223170035047000211,3170000,"서울특별시 금천구 시흥대로**길 **, *층 (독산동)",08623,01,영업/정상,,,,
(주)파미헬스케어,2020-03-02,189978.050925581,440363.954453659,2026-05-06 22:37:28,I,03,폐업,2020-03-02 13:24:40,,2015-09-24,,,PHMG120153170035047000093,3170000,"서울특별시 금천구 범안로 ****, ***호 (가산동, 디지털엠파이어빌딩)",08595,03,폐업,,,,
도하메드,,215026.052279284,449404.522982169,2026-05-06 22:43:49,I,15,전출,2021-12-24 10:49:35,,2013-10-22,,서울특별시 강동구 상일동 ***-*,PHMG120213240033047000181,3240000,"서울특별시 강동구 천호대로***가길 *, ***호 (상일동)",05283,05,제외/삭제/전출,,,,
(주)에스씨메디컬,,189834.383375802,441938.326056501,2026-05-06 22:38:26,I,15,전출,2024-10-21 16:36:46,,2022-04-20,,서울특별시 금천구 가산동 **-** 한신IT 타워*차,PHMG120223170035047000119,3170000,"서울특별시 금천구 디지털로*길 **, 한신IT 타워*차 ***-에이**호 (가산동)",08511,05,제외/삭제/전출,,,,
인사이드 시스템,2014-07-17,189788.849463856,441731.610478567,2026-05-06 22:37:20,I,03,폐업,2014-07-17 17:45:58,,2013-04-09,153-781,서울특별시 금천구 가산동 **번지 **호 월드메르디앙*차,PHMG120133170035047000016,3170000,"서울특별시 금천구 벚꽃로 ***, ***호 (가산동, 월드메르디앙*차)",,03,폐업,,,,
이마트24 금천대성점,,191791.188443761,438683.504530738,2026-05-06 22:38:42,I,13,영업중,2024-08-22 14:23:19,,2024-08-22,,,PHMG120243170035047000098,3170000,"서울특별시 금천구 독산로**길 **, ***호 (시흥동)",08643,01,영업/정상,,,,
와이티파트너스,,190694.880295092,440764.426277932,2026-05-06 22:37:45,I,13,영업중,2020-04-13 14:56:08,,2019-09-26,,서울특별시 금천구 독산동 ***번지 *호 현대지식산업센터,PHMG120203170035047000007,3170000,"서울특별시 금천구 두산로 **, 현대지식산업센터 A동 ***-*호 (독산동)",08584,01,영업/정상,,,,
한솔제이팜,2015-02-13,190343.351172327,439045.174577815,2026-05-06 22:37:22,I,03,폐업,2015-02-13 13:10:30,,2014-05-02,,,PHMG120143170035047000023,3170000,서울특별시 금천구 금하로*길 ** (독산동),,03,폐업,,,,
GS25 고덕그라시움점,2025-06-16,214299.644266879,450637.954760292,2026-05-06 22:43:51,I,03,폐업,2025-06-17 15:12:58,,2022-02-04,,서울특별시 강동구 고덕동 *** 고덕그라시움(제*상가),PHMG120223240033047000044,3240000,"서울특별시 강동구 고덕로 ***, 고덕그라시움(제*상가) ***-***호 (고덕동)",05224,03,폐업,,,,
(주)한양엠에스엘,,189877.178943503,442093.648596802,2026-05-06 22:37:39,I,13,영업중,2019-01-24 17:25:25,,2019-01-24,,,PHMG120193170035047000016,3170000,"서울특별시 금천구 디지털로*길 **, 대륭포스트타워 *차 b***호 (가산동)",08512,01,영업/정상,,,02-835-3596,
씨유 독산신도점,2021-10-05,191106.044793348,441695.353875235,2026-05-06 22:37:30,I,03,폐업,2021-10-05 10:25:40,,2016-09-22,,,PHMG120163170035047000093,3170000,"서울특별시 금천구 시흥대로***길 **, ***호 (독산동, 신도아파트)",08536,03,폐업,,,02-863-4154,
(주)코리아세븐 천호피렌체점,,210884.375897201,448773.310379796,2026-05-06 22:43:43,I,13,영업중,2024-04-08 15:10:35,,2021-05-04,,서울특별시 강동구 천호동 ***-** 대동피렌체리버,PHMG120213240033047000065,3240000,"서울특별시 강동구 올림픽로 ***, 대동피렌체리버 ***호 (천호동)",05248,01,영업/정상,,,,
현우COSCHEM,,189622.332386295,441057.177316052,2026-05-06 22:38:43,I,13,영업중,2024-12-24 13:49:10,,2024-12-24,,,PHMG120243170035047000134,3170000,"서울특별시 금천구 가산디지털*로 **, ***-*호 (가산동)",08592,01,영업/정상,,,,
굿케어,,190903.983604754,440076.106739843,2026-05-06 22:38:38,I,13,영업중,2023-10-19 13:20:34,,2023-10-19,,,PHMG120233170035047000145,3170000,"서울특별시 금천구 시흥대로 ***, ***호 (독산동)",08619,01,영업/정상,,,,
부자맘의하루,,211543.455335029,447614.047451899,2026-05-06 22:44:03,I,13,영업중,2023-02-02 09:34:10,,2023-02-01,,서울특별시 강동구 성내동 ***-*,PHMG120233240033047000022,3240000,"서울특별시 강동구 천호대로***길 ***, 비**호 (성내동)",05390,01,영업/정상,,,,
(주)코리아세븐 천호본점,2021-12-28,212423.986160212,449453.109217658,2026-05-06 22:43:44,I,03,폐업,2021-12-28 14:30:44,,2021-05-04,,서울특별시 강동구 천호동 **-** 이투에스빌딩,PHMG120213240033047000084,3240000,"서울특별시 강동구 상암로**길 **, 이투에스빌딩 *층 (천호동)",05307,03,폐업,,,,
멕플러스,2022-06-15,191226.287379467,437914.06299827,2026-05-06 22:37:29,I,24,직권폐업,2022-06-14 13:25:30,,2016-04-21,,,PHMG120163170035047000041,3170000,"서울특별시 금천구 시흥대로 **, **동 *층 ***호 (시흥동, 시흥유통상가)",08639,04,취소/말소/만료/정지/중지,,,,22.86
삼성엠이씨,,189202.181652324,442562.722742062,2026-05-06 22:37:51,I,13,영업중,2021-01-15 15:33:37,,2021-01-15,,서울특별시 금천구 가산동 ***-* 에이스 가산 포휴(지식산업센터),PHMG120213170035047000014,3170000,"서울특별시 금천구 가산디지털*로 ***, 에이스 가산 포휴(지식산업센터) ***호 (가산동)",08501,01,영업/정상,,,,
씨유 금천은행나무점,,191459.560348443,438834.149683499,2026-05-06 22:38:15,I,13,영업중,2022-02-08 17:18:46,,2022-02-08,,,PHMG120223170035047000026,3170000,"서울특별시 금천구 독산로**길 **, *층 (시흥동)",08630,01,영업/정상,,,,
세이영메디컬스킨케어,,212689.021382305,449945.065617366,2026-05-06 22:44:12,I,13,영업중,2025-08-19 14:57:06,,2025-08-18,,서울특별시 강동구 명일동 ***-**,PHMG120253240033047000100,3240000,"서울특별시 강동구 양재대로 ****, *층 *호 (명일동)",05266,01,영업/정상,,,,
주식회사 케이엘엠 길동직영점,2015-05-15,212673.215267333,448333.192761478,2026-05-06 22:42:37,I,03,폐업,2015-05-15 16:34:57,,2013-05-30,134-761,서울특별시 강동구 길동 ***번지,PHMG120133240033047000044,3240000,서울특별시 강동구 천호대로***길 ** (길동),,03,폐업,,,,
주식회사 유진홈센터 에이스하드웨어 금천점,,190967.937956291,440753.389796296,2026-05-06 22:37:35,I,13,영업중,2025-06-12 15:34:52,,2018-06-19,,서울특별시 금천구 독산동 ****번지 *호,PHMG120183170035047000067,3170000,서울특별시 금천구 시흥대로 *** (독산동),08579,01,영업/정상,,,02-852-5566,
상상유통,,211745.13841297,449333.727859364,2026-05-06 22:43:57,I,13,영업중,2026-02-03 11:23:18,,2022-05-12,,서울특별시 강동구 천호동 ***-**,PHMG120223240033047000177,3240000,"서울특별시 강동구 구천면로 ***, *층 (천호동)",05320,01,영업/정상,,,070-8064-8322,
씨유금천교차로점,,191075.857097963,439485.637630184,2026-05-06 22:38:41,I,13,영업중,2024-06-14 17:13:12,,2024-06-14,,서울특별시 금천구 시흥동 ***-**,PHMG120243170035047000074,3170000,"서울특별시 금천구 시흥대로 ***, *층 (시흥동)",08624,01,영업/정상,,,,
이지스 메디테크,2013-05-15,189459.065518928,441844.960857588,2026-05-06 22:37:14,I,03,폐업,2013-05-21 14:50:36,,2010-09-01,153-803,서울특별시 금천구 가산동 ***번지 **호 신한이노플렉스 ***호,PHMG120103170035047000042,3170000,"서울특별시 금천구 가산디지털*로 *** (가산동,신한이노플렉스 ***호)",,03,폐업,,,,
(주)코리아세븐 가산롯데IT캐슬점,,189369.53962474,441629.361414684,2026-05-06 22:37:59,I,13,영업중,2024-02-22 10:33:13,,2021-05-04,,,PHMG120213170035047000070,3170000,"서울특별시 금천구 가산디지털*로 **, IT캐슬 *동 ***호 (가산동)",08506,01,영업/정상,,,,
전시몰닷컴 주식회사,,189538.020935968,441982.427934953,2026-05-06 22:38:33,I,15,전출,2023-07-07 13:12:11,,2022-12-22,,서울특별시 금천구 가산동 ***-** 우림라이온스밸리,PHMG120223170035047000257,3170000,"서울특별시 금천구 가산디지털*로 ***, 우림라이온스밸리 A-***호 (가산동)",08507,05,제외/삭제/전출,,,,
보세몰,2018-03-14,210740.125210724,448044.126218256,2026-05-06 22:43:07,I,03,폐업,2018-03-14 15:34:22,,2017-01-03,,,PHMG120173240033047000004,3240000,"서울특별시 강동구 올림픽로 ***, ***호 (성내동)",05385,03,폐업,,,02-6242-1618,
마이헬스,2021-10-28,212050.201710609,448472.715006759,2026-05-06 22:43:36,I,03,폐업,2021-10-28 11:10:34,,2020-06-02,,서울특별시 강동구 길동 ***번지 *호 우성아트빌,PHMG120203240033047000051,3240000,"서울특별시 강동구 양재대로***길 **, *층 **호 (길동, 우성아트빌)",05354,03,폐업,,,,6.6
고려방재산업,2013-02-04,211745.018097971,446699.196101461,2026-05-06 22:41:18,I,03,폐업,2015-05-14 13:47:27,,2008-07-15,134-847,서울특별시 강동구 성내동 ***번지 **호,PHMG120083240033047000048,3240000,서울특별시 강동구 양재대로 **** (성내동),,03,폐업,,,02-481-8860,
덴파트너스(DenPartners),,210726.755874418,447381.53172133,2026-05-06 22:44:04,I,13,영업중,2023-06-16 11:24:25,,2023-06-15,,서울특별시 강동구 성내동 ***-** 장성글로벌빌딩,PHMG120233240033047000065,3240000,"서울특별시 강동구 성내로*길 **, 장성글로벌빌딩 *층 ****호 (성내동)",05398,01,영업/정상,,,,
(주)비투메디케어,2011-10-06,212415.322011153,449821.32436925,2026-05-06 22:41:45,I,03,폐업,2011-10-07 09:43:16,,2010-03-25,134-021,서울특별시 강동구 천호*동 **번지 *호 ***호,PHMG120103240033047000016,3240000,,,03,폐업,,,,
지모닝클럽 길동센타,2012-04-10,212462.49701258,448382.246068961,2026-05-06 22:42:01,I,03,폐업,2012-04-10 17:53:38,,2011-10-18,134-010,서울특별시 강동구 길동 ***번지 *호 내제빌딩 ***호,PHMG120113240033047000109,3240000,,,03,폐업,,,,
세븐일레븐 천호성덕점,,212282.432681366,449713.30728112,2026-05-06 22:43:49,I,13,영업중,2022-01-27 09:20:38,,2022-01-26,,서울특별시 강동구 천호동 **-**,PHMG120223240033047000013,3240000,서울특별시 강동구 구천면로**길 **(천호동),05305,01,영업/정상,,,,
우먼로드,2010-08-19,211165.03474961,449556.520197875,2026-05-06 22:41:46,I,03,폐업,2010-08-19 16:40:56,,2010-03-26,134-022,서울특별시 강동구 천호*동 ***번지 **호 (*층),PHMG120103240033047000021,3240000,,,03,폐업,,,,
영메딕스,2015-07-01,192754.34619252,438827.143732711,2026-05-06 22:37:21,I,03,폐업,2015-07-01 11:29:22,,2013-11-15,153-764,서울특별시 금천구 시흥동 ****번지,PHMG120133170035047000073,3170000,서울특별시 금천구 금하로 *** (시흥동),,03,폐업,,,,
주식회사 굿모닝메디칼,,210900.827367272,447384.252901545,2026-05-06 22:42:54,I,13,영업중,2021-09-15 16:55:33,,2014-12-29,,서울특별시 강동구 성내동 ***번지 *호,PHMG120143240033047000164,3240000,"서울특별시 강동구 성내로*길 *-**, *층 (성내동)",05399,01,영업/정상,,,02-712-5864,
지호메디칼,2019-05-22,189202.600232089,441848.24299943,2026-05-06 22:37:37,I,03,폐업,2019-05-23 10:15:31,,2018-08-21,,서울특별시 금천구 가산동 ***번지 *호 월드메르디앙*차,PHMG120183170035047000094,3170000,"서울특별시 금천구 가산디지털*로 ***, 월드메르디앙*차 ****-***호 (가산동)",08505,03,폐업,,,,
㈜진영헬스케어,2009-05-22,,,2026-05-06 22:41:00,I,03,폐업,2009-05-22 18:06:21,,2006-12-28,134-082,서울특별시 강동구 길*동 ***-** 한솔브리즈 ***호,PHMG120063240033047000086,3240000,,,03,폐업,,,02-470-0051,
지아(ZIA),2015-07-10,210980.498746957,449148.278567004,2026-05-06 22:42:26,I,03,폐업,2015-07-10 09:43:53,,2013-03-11,,,PHMG120133240033047000018,3240000,서울특별시 강동구 올림픽로**길 * (천호동),,03,폐업,,,,
(주)아성다이소 엔터식스천호점,2023-01-26,210987.808774188,448479.488202243,2026-05-06 22:43:13,I,03,폐업,2023-01-26 14:18:25,,2018-09-14,,서울특별시 강동구 천호동 ***번지 천호역,PHMG120183240033047000080,3240000,"서울특별시 강동구 천호대로 지하 ***, 천호역 지하*층 *호 (천호동)",05248,03,폐업,,,02-6484-6120,238.52
씨유 시흥5동점,2016-12-29,191866.547189357,438880.67847308,2026-05-06 22:37:25,I,03,폐업,2016-12-29 14:49:55,,2014-11-14,,,PHMG120143170035047000079,3170000,"서울특별시 금천구 금하로**길 **, *층 (시흥동)",08574,03,폐업,,,,
(주)코리아세븐 천호삼성점,2019-10-15,211887.278139278,448398.110910575,2026-05-06 22:42:52,I,03,폐업,2019-10-15 18:43:39,,2014-11-21,134-864,서울특별시 강동구 천호동 ***번지 *호,PHMG120143240033047000119,3240000,서울특별시 강동구 성안로 *** (천호동),05338,03,폐업,,,,
지에스(GS)25 길동오네뜨점,,212624.891449347,448937.811380947,2026-05-06 22:44:00,I,13,영업중,2022-11-22 10:28:22,,2022-09-27,,서울특별시 강동구 길동 ***-* 동서울오네뜨,PHMG120223240033047000282,3240000,"서울특별시 강동구 양재대로***길 **(길동, 동서울오네뜨)",05303,01,영업/정상,,,02-477-0535,
닥공몰,2021-10-26,215079.694441156,449612.503637604,2026-05-06 22:43:35,I,03,폐업,2021-10-26 16:47:20,,2020-04-17,,서울특별시 강동구 상일제*동 ***번지 *호,PHMG120203240033047000033,3240000,"서울특별시 강동구 상일로*길 **, B***호 (상일제*동)",05283,03,폐업,,,,
씨유(CU) 강동구민회관점,2023-01-16,212469.16185445,449220.513165402,2026-05-06 22:44:00,I,03,폐업,2023-01-16 14:11:28,,2022-09-05,,서울특별시 강동구 천호동 **-**,PHMG120223240033047000272,3240000,"서울특별시 강동구 천중로**길 **, ***호 (천호동)",05314,03,폐업,,,,
에이치에스유통,2018-03-13,212050.201710609,448472.715006759,2026-05-06 22:43:05,I,03,폐업,2018-03-14 15:34:37,,2016-07-01,,서울특별시 강동구 길동 ***번지 *호 *층 *호,PHMG120163240033047000060,3240000,"서울특별시 강동구 양재대로***길 **, *층 *호 (길동, 우성아트빌)",05354,03,폐업,,,,6.6
노벨티코리아,2015-09-08,190506.27989666,441744.015060006,2026-05-06 22:37:27,I,03,폐업,2015-09-10 09:43:16,,2015-04-01,,,PHMG120153170035047000031,3170000,서울특별시 금천구 남부순환로***길 ** (가산동),08528,03,폐업,,,,
(주)윕메니지먼트,2020-07-04,210929.919693661,448537.406728283,2026-05-06 22:43:14,I,03,폐업,2020-07-17 15:37:25,,2019-02-26,,서울특별시 강동구 천호동 ***번지 현대백화점,PHMG120193240033047000021,3240000,"서울특별시 강동구 천호대로 ****, 현대백화점 **층 (천호동)",05328,03,폐업,,,,16.9
제나코리아(주),,213073.502823723,448243.299138198,2026-05-06 22:43:12,I,13,영업중,2018-07-20 16:26:11,,2018-07-20,,서울특별시 강동구 둔촌동 ***번지 *호 정산빌딩,PHMG120183240033047000061,3240000,"서울특별시 강동구 천호대로 ****, 정산빌딩 ***호 (둔촌동)",05359,01,영업/정상,,,070-4337-7091,
씨유 가산DK점,2024-08-06,,,2026-05-06 22:38:38,I,03,폐업,2024-08-06 17:11:52,,2023-08-28,,,PHMG120233170035047000124,3170000,"서울특별시 금천구 가산디지털*로 ***, ***호 (가산동)",08503,03,폐업,,,,
선호생활건강,2013-01-22,,,2026-05-06 22:41:06,I,03,폐업,2013-01-23 10:07:09,,2007-05-31,134-033,서울특별시 강동구 성내*동 ***-* 지하,PHMG120073240033047000041,3240000,,,03,폐업,,,02-487-4808,
씨유가산성지점,2016-12-29,190444.945552506,441579.539684704,2026-05-06 22:37:29,I,03,폐업,2016-12-29 14:48:45,,2016-03-17,,,PHMG120163170035047000026,3170000,"서울특별시 금천구 가산로 ***, *층 (가산동)",08529,03,폐업,,,,
(주)휴먼웰니스,2017-01-31,,,2026-05-06 22:43:07,I,15,전출,2017-02-01 09:07:52,,2016-12-28,,,PHMG120163240033047000108,3240000,"서울특별시 강동구 성내로 **, *층 *호 (성내동, 정일빌딩)",05398,05,제외/삭제/전출,,,,
