영업장주변구분명,건물소유구분명,사업장명,업태구분명,폐업일자,좌표X,좌표Y,데이터갱신시점,데이터갱신구분,상세영업상태코드,상세영업상태명,시설총규모,공장사무직직원수,공장생산직직원수,공장판매직직원수,여성종사자수,등급구분명,보증액,본사직원수,홈페이지,최종수정시점,인허가일자,소재지면적,소재지우편번호,지번주소,다중이용업소여부,남성종사자수,관리번호,월세액,개방자치단체코드,도로명주소,도로명우편번호,영업상태구분코드,영업상태명,위생업태명,소재지전화번호,전통업소지정번호,전통업소주된음식,급수시설구분명
,,현대힐스어린이집,어린이집,2024-05-31,184103.718488054,443851.408941097,2026-05-06 22:32:12,I,02,폐업,40,,,,,,0,0,,2024-07-08 15:34:31,2021-03-12,40.00,152-906,서울특별시 구로구 온수동 155 온수 힐스테이트,N,,3160000-105-2021-00005,0,3160000,"서울특별시 구로구 부일로9길 127, 107동동 (온수동, 온수 힐스테이트)",08259,03,폐업,어린이집,02-6738-1400,,,상수도전용
,,㈜오스테오닉,산업체,,190491.833060361,442477.332680657,2026-05-06 22:32:14,I,01,영업,140,,,,,,0,0,,2026-03-05 15:24:58,2026-03-05,315.42,152-848,서울특별시 구로구 구로동 197-48 에이스테크노타워Ⅲ,N,,3160000-105-2026-00001,0,3160000,"서울특별시 구로구 디지털로29길 38, 에이스테크노타워Ⅲ 301호 (구로동)",08381,01,영업/정상,산업체,02-6902-8400,,,
,자가,강서구립마곡어르신복지관,사회복지시설,,184287.948661856,451626.508051156,2026-05-06 22:37:27,I,01,영업,72.7,,,,,,0,2,,2026-04-06 17:23:08,2026-04-06,234.33,157-210,서울특별시 강서구 마곡동 743-2,N,,3150000-105-2026-00001,0,3150000,"서울특별시 강서구 마곡중앙5로 43, 1층 (마곡동)",07798,01,영업/정상,사회복지시설,,,,
,,구립 스카이포레 어린이집,어린이집,,,,2026-05-06 22:37:27,I,01,영업,16.5,,,,,,0,14,,2026-04-10 15:48:20,2026-04-10,152.30,157-220,서울특별시 강서구 방화동 909 방화 스카이 포레,N,,3150000-105-2026-00002,0,3150000,"서울특별시 강서구 개화동로21길 22, 104동 1층 (방화동, 방화 스카이 포레)",07611,01,영업/정상,어린이집,,,,상수도전용
기타,,대한항공씨앤디서비스 주식회사,산업체,,183007.220061564,450515.642035894,2026-05-06 22:37:03,I,01,영업,254.74,,,,0,기타,,,,2025-07-02 10:06:07,1986-12-18,681.89,157-240,서울특별시 강서구 공항동 1373-5 물류창고,N,0,3150000-105-1986-00012,,3150000,"서울특별시 강서구 하늘길 251, 물류창고(직원식당) 3층 (공항동)",07505,01,영업/정상,산업체,02-2656-5647,,,상수도전용
기타,,한국공항공사직원식당,산업체,,182141.205465089,451078.47991,2026-05-06 22:37:03,I,01,영업,180,,,,0,기타,,0,,2023-02-27 17:20:25,1989-05-09,980.00,157-711,서울특별시 강서구 과해동 676-0 한국공항공사 (지상 3층),N,0,3150000-105-1989-00017,,3150000,"서울특별시 강서구 하늘길 76, 3층 (과해동, 한국공항공사)",07505,01,영업/정상,산업체,02-2660-2298,,,상수도전용
기타,,교남소망의집,사회복지시설,,186895.590839209,449551.014061089,2026-05-06 22:37:05,I,01,영업,81.6,,,,0,기타,,,,2024-07-05 10:09:26,1990-02-19,172.80,157-913,서울특별시 강서구 화곡동 960-22,N,0,3150000-105-1990-00011,,3150000,서울특별시 강서구 까치산로22길 38 (화곡동),07662,01,영업/정상,사회복지시설,02-602-3880,,,상수도전용
기타,,아시아나항공(주),산업체,,182974.850127567,450419.684560487,2026-05-06 22:37:05,I,01,영업,126.8,,,,0,기타,,,,2019-04-08 14:30:38,1991-06-12,552.80,157-240,서울특별시 강서구 공항동 1373-0 아시아나항공격납고 (지하 1층),N,0,3150000-105-1991-00019,,3150000,"서울특별시 강서구 하늘길 176, 지하 1층 (공항동, 아시아나항공격납고)",07505,01,영업/정상,산업체,02-2662-0170,,,상수도전용
기타,,강서구청직원후생관,공공기관,,186645.815384314,449856.896042311,2026-05-06 22:37:05,I,01,영업,366.33,,,,,기타,,3,,2025-12-18 20:23:27,1991-11-05,62.81,157-701,서울특별시 강서구 화곡동 980-16 강서구청 (지하 1층),N,,3150000-105-1991-00078,,3150000,"서울특별시 강서구 화곡로 302, 지하 1층 (화곡동, 6동 강서구청)",07658,01,영업/정상,공공기관,02-2600-5415,,,상수도전용
기타,,김포교통구내식당(주),산업체,,183545.236312748,453136.448166169,2026-05-06 22:37:06,I,01,영업,119.18,,,,0,기타,,0,,2025-02-24 16:25:47,1994-10-11,37.05,157-856,서울특별시 강서구 방화동 820-0,N,0,3150000-105-1994-00028,,3150000,서울특별시 강서구 금낭화로 170 (방화동),07508,01,영업/정상,산업체,02-2665-1459,,,상수도전용
주택가주변,,강서대학교,학교,,187057.844159928,449599.908904971,2026-05-06 22:37:06,I,01,영업,154.21,,,,0,기타,,,,2025-09-23 15:58:36,1996-10-22,311.04,157-911,서울특별시 강서구 화곡동 953-1 케이씨대학교 (지상 1층) 성서관동,N,0,3150000-105-1996-00105,,3150000,"서울특별시 강서구 까치산로24길 47, 성서관동 1층 (화곡동, 6동 케이씨대학교)",07661,01,영업/정상,학교,02-2600-2400,,,상수도전용
기타,,아시아나항공(주),산업체,,182086.388313239,449251.768967194,2026-05-06 22:37:06,I,01,영업,169,,,,0,기타,,0,,2017-07-10 10:37:01,1997-08-27,709.00,157-270,서울특별시 강서구 오쇠동 47-0 (지하 1층),N,0,3150000-105-1997-00040,,3150000,"서울특별시 강서구 오정로 443-83, 지하 1층 (오쇠동, 공항동)",07505,01,영업/정상,산업체,02-2669-5022,,,상수도전용
기타,,한국공항(주),산업체,,182749.273937321,452356.969191781,2026-05-06 22:37:06,I,01,영업,724.46,,,,0,기타,,,,2025-07-30 09:52:05,1997-10-09,795.73,157-849,서울특별시 강서구 방화동 499-1,N,0,3150000-105-1997-00041,,3150000,"서울특별시 강서구 양천로 13, 1층 (방화동)",07516,01,영업/정상,산업체,02-669-7646,,,상수도전용
,,대상(주) 중앙연구소,산업체,,184841.427263918,451941.956254405,2026-05-06 22:37:06,I,01,영업,200,,,,,,,0,,2025-02-21 14:33:14,1997-11-13,440.40,157-210,서울특별시 강서구 마곡동 762-4,N,,3150000-105-1997-00042,,3150000,"서울특별시 강서구 마곡중앙로 178, 2층 (마곡동)",07789,01,영업/정상,산업체,02-2623-9930,,,상수도전용
기타,,"경복비즈니스고,경복여고",학교,,186831.997819418,450647.995065191,2026-05-06 22:37:06,I,01,영업,900,,,,0,기타,,0,,2025-02-12 09:25:55,1998-05-21,197.20,157-030,서울특별시 강서구 등촌동 131-0 (지하 1층),N,0,3150000-105-1998-00042,,3150000,"서울특별시 강서구 화곡로63길 40, 지하 1층 (등촌동, 3동)",07589,01,영업/정상,학교,02-3662-2894,,,상수도전용
기타,,성재중학교,학교,,186302.762397085,451910.357416835,2026-05-06 22:37:06,I,01,영업,108.33,,,,0,기타,,0,,2018-06-18 10:18:11,1998-06-25,31.46,157-806,서울특별시 강서구 가양동 1463-0,N,0,3150000-105-1998-00043,,3150000,서울특별시 강서구 허준로 36 (가양동),07529,01,영업/정상,학교,02-2668-0178,,,상수도전용
기타,,서울등서초등학교,학교,,187112.409318038,449954.074189179,2026-05-06 22:37:06,I,01,영업,0,,,,0,기타,,,,2018-08-27 17:01:57,1999-01-13,.00,157-928,서울특별시 강서구 화곡동 1130-4 (지상 1층),N,0,3150000-105-1999-00045,,3150000,"서울특별시 강서구 화곡로58길 86 (화곡동,(지상 1층))",07656,01,영업/정상,학교,02-695-2490,,,상수도전용
기타,,유석초등학교,학교,,186969.54209529,450829.166265845,2026-05-06 22:37:06,I,01,영업,100,,,,0,기타,,3,,2025-07-28 17:38:08,1999-01-28,148.00,157-030,서울특별시 강서구 등촌동 82-1 유석초등학교,N,0,3150000-105-1999-00046,,3150000,"서울특별시 강서구 화곡로69길 9, 유석초등학교 (등촌동)",07576,01,영업/정상,학교,02-3661-6718,,,상수도전용
기타,,백석중학교,학교,,187476.774416872,449560.626274406,2026-05-06 22:37:07,I,01,영업,192.2,,,,0,기타,,,,2018-03-09 12:54:19,1999-02-06,44.80,157-836,서울특별시 강서구 등촌동 520-5 (지상 1층),N,0,3150000-105-1999-00047,,3150000,"서울특별시 강서구 등촌로51나길 35 (등촌동,(지상 1층))",07669,01,영업/정상,학교,02-2644-2885,,,상수도전용
기타,,화곡고등학교,학교,,185046.808643945,449541.944498584,2026-05-06 22:37:07,I,01,영업,462.33,,,,,기타,,,,2017-07-06 10:51:26,1999-02-26,642.00,157-280,서울특별시 강서구 내발산동 산 48-3 외 6필지 화곡고등학교 (지하 1층) 본관동,N,,3150000-105-1999-00048,,3150000,"서울특별시 강서구 강서로45길 69, 본관동 지하 1층 (내발산동, 1동 화곡고등학교)",07640,01,영업/정상,학교,070-8277-2901,,,상수도전용
기타,,공항고등학교,학교,,,,2026-05-06 22:37:07,I,01,영업,231.8,,,,0,기타,,0,,2026-04-29 17:09:31,1999-03-15,129.60,157-210,서울특별시 강서구 마곡동 733-3 공항고등학교,N,0,3150000-105-1999-00050,,3150000,"서울특별시 강서구 방화대로34길 43, 공항고등학교 (마곡동)",07597,01,영업/정상,학교,02-6309-3968,,,상수도전용
기타,,"덕원여자고등학교(중학교, 예술고등학교)",학교,,184793.871219182,449618.698829196,2026-05-06 22:37:07,I,01,영업,212.95,,,,,기타,,,,2026-04-29 15:30:11,1999-03-15,137.21,157-280,서울특별시 강서구 내발산동 산 59-2,N,,3150000-105-1999-00051,,3150000,서울특별시 강서구 강서로45길 91-44 (내발산동),07640,01,영업/정상,학교,02-2662-5027,,,상수도전용
기타,,마포고등학교,학교,,186969.54209529,450829.166265845,2026-05-06 22:37:07,I,01,영업,173.87,,,,0,기타,,0,,2025-03-20 17:32:47,1999-04-01,140.63,157-030,서울특별시 강서구 등촌동 82-1 (지상 3층),N,0,3150000-105-1999-00052,,3150000,"서울특별시 강서구 화곡로 403, 3층 (등촌동, 마포고등학교)",07576,01,영업/정상,학교,02-3663-0733,,,상수도전용
기타,,신월초등학교,학교,,185712.031843746,448652.569071056,2026-05-06 22:37:08,I,01,영업,0,,,,0,기타,,,,2017-07-07 16:03:13,1999-04-08,,157-925,서울특별시 강서구 화곡동 1080-0,N,0,3150000-105-1999-00053,,3150000,서울특별시 강서구 강서로31길 48 (화곡동),07716,01,영업/정상,학교,02-2699-4705,,,상수도전용
기타,,서울정곡초등학교및병설유치원,어린이집,,183937.959793748,452721.391146285,2026-05-06 22:37:08,I,01,영업,0,,,,0,기타,,,,2017-08-23 18:50:58,1999-04-09,,157-220,서울특별시 강서구 방화동 836-0,N,0,3150000-105-1999-00055,,3150000,서울특별시 강서구 방화대로50길 22 (방화동),07518,01,영업/정상,어린이집,02-2666-6443,,,상수도전용
기타,,서울송정초등학교,학교,,183235.400383478,451139.98856553,2026-05-06 22:37:08,I,01,영업,0,,,,0,기타,,,,2017-07-07 09:14:18,1999-04-09,,157-811,서울특별시 강서구 공항동 22-16,N,0,3150000-105-1999-00056,,3150000,서울특별시 강서구 공항대로3길 18 (공항동),07619,01,영업/정상,학교,02-2662-0016,,,상수도전용
기타,,서울신곡초등학교,학교,,187185.285210551,448512.575912981,2026-05-06 22:37:08,I,01,영업,250.7,,,,0,기타,,,,2017-07-07 09:18:05,1999-04-12,254.00,157-894,서울특별시 강서구 화곡동 476-42 서울신곡초등학교 (지상 1층),N,0,3150000-105-1999-00057,,3150000,"서울특별시 강서구 등촌로13자길 42-14, 1층 (화곡동, 4동 서울신곡초등학교)",07731,01,영업/정상,학교,02-2652-7464,,,상수도전용
기타,,서울백영고등학교,학교,,,,2026-05-06 22:37:08,I,01,영업,151.6,,,,0,기타,,,,2025-03-25 11:07:42,1999-04-16,627.70,157-210,서울특별시 강서구 마곡동 731-253,N,0,3150000-105-1999-00058,,3150000,서울특별시 강서구 방화대로34길 13 (방화동),07597,01,영업/정상,학교,02-2665-5900,,,상수도전용
기타,,서울치현초등학교,학교,,183550.505172819,452608.448591688,2026-05-06 22:37:08,I,01,영업,161.28,,,,0,기타,,,,2017-07-07 09:56:59,1999-04-23,126.72,157-857,서울특별시 강서구 방화동 833-0,N,0,3150000-105-1999-00059,,3150000,서울특별시 강서구 방화대로47길 43 (방화동),07514,01,영업/정상,학교,02-661-6273,,,상수도전용
기타,,서울신정초등학교,학교,,186897.780013709,447842.84920293,2026-05-06 22:37:08,I,01,영업,0,,,,0,기타,,,,2017-07-07 09:33:26,1999-04-23,,157-905,서울특별시 강서구 화곡동 869-42,N,0,3150000-105-1999-00060,,3150000,서울특별시 강서구 곰달래로31가길 27 (화곡동),07746,01,영업/정상,학교,070-4328-3923,,,상수도전용
기타,,서울등촌초등학교,학교,,187399.457787815,449484.467389454,2026-05-06 22:37:08,I,01,영업,166.65,,,,0,기타,,0,,2017-07-07 09:08:37,1999-04-24,123.56,157-836,서울특별시 강서구 등촌동 520-4,N,0,3150000-105-1999-00061,,3150000,서울특별시 강서구 등촌로39길 71 (등촌동),07669,01,영업/정상,학교,02-2642-2754,,,상수도전용
기타,,대일고등학교,학교,,187783.651012554,448556.96543749,2026-05-06 22:37:08,I,01,영업,938.7,,,,0,기타,,0,,2021-03-09 14:40:43,1999-04-28,454.64,157-844,서울특별시 강서구 등촌동 산 88-0 외 1필지 헌신관 지상1층,N,0,3150000-105-1999-00062,,3150000,"서울특별시 강서구 등촌로35길 90 (등촌동,외 1필지 헌신관 지상1층)",07672,01,영업/정상,학교,070-4020-6494,,,상수도전용
기타,,서울염동초등학교,학교,,188643.501087849,450002.972342973,2026-05-06 22:37:08,I,01,영업,180,,,,0,기타,,0,,2017-07-07 09:46:18,1999-04-28,161.50,157-859,서울특별시 강서구 염창동 45-4 염동초등학교 (지상 1층),N,0,3150000-105-1999-00063,,3150000,"서울특별시 강서구 양천로73길 17, 1층 (염창동, 염동초등학교)",07542,01,영업/정상,학교,02-2668-0471,,,상수도전용
기타,,서울월정초등학교,학교,,185460.270196178,448032.782447809,2026-05-06 22:37:08,I,01,영업,0,,,,0,기타,,,,2024-09-19 13:47:57,1999-04-30,.00,157-884,서울특별시 강서구 화곡동 374-1,N,0,3150000-105-1999-00064,,3150000,서울특별시 강서구 월정로 176 (화곡동),07761,01,영업/정상,학교,02-2694-5167,,,상수도전용
,,서울등마초등학교,학교,,187562.662769996,448881.713872391,2026-05-06 22:37:18,I,01,영업,178.01,,,,,,0,0,,2017-07-07 09:06:03,2009-03-09,523.13,157-844,서울특별시 강서구 등촌동 산 86,N,,3150000-105-2009-00007,0,3150000,서울특별시 강서구 등촌로35길 12 (등촌동),07672,01,영업/정상,학교,070-4465-2009,,,상수도전용
,,미래아이산부인과,병원,,187622.448701892,450621.120623654,2026-05-06 22:37:18,I,01,영업,33.6,,,,,,,,,2017-07-06 14:20:45,2009-04-28,33.60,157-839,서울특별시 강서구 등촌동 630-12 강서메이칼센터 5층 501호,N,,3150000-105-2009-00010,,3150000,"서울특별시 강서구 양천로 556 (등촌동,강서메이칼센터 5층 501호)",07550,01,영업/정상,병원,02-3665-2002,,,상수도전용
,,미도유치원,어린이집,,187656.339975717,449808.252534189,2026-05-06 22:37:18,I,01,영업,15.1,,,,,,,,,2017-07-06 14:18:45,2009-06-15,15.10,157-836,서울특별시 강서구 등촌동 533-39,N,,3150000-105-2009-00014,,3150000,서울특별시 강서구 공항대로58가길 39 (등촌동),07665,01,영업/정상,어린이집,02-2651-5079,,,상수도전용
,,"명덕여중,명덕여고,명덕외고,명덕고등학교",학교,,185292.536268918,450229.514064193,2026-05-06 22:37:18,I,01,영업,316.5,,,,,,,,,2026-03-31 16:40:30,2009-07-17,"2,461.20",157-280,서울특별시 강서구 내발산동 166-2 외28필지,N,,3150000-105-2009-00015,,3150000,"서울특별시 강서구 강서로47길 34-10 (내발산동,외28필지)",07633,01,영업/정상,학교,02-2664-8835,,,상수도전용
,,아이파크 예원유치원,어린이집,,185682.405797191,449689.106346042,2026-05-06 22:37:19,I,01,영업,57.4,,,,,,0,0,,2017-07-10 10:42:52,2009-08-07,57.40,157-010,서울특별시 강서구 화곡동 1159 아이파크 예원유치원,N,,3150000-105-2009-00017,0,3150000,"서울특별시 강서구 강서로 266 (화곡동,아이파크 예원유치원)",07691,01,영업/정상,어린이집,02-2695-2940,,,상수도전용
,,미래유치원,어린이집,,182859.059692916,452064.14140293,2026-05-06 22:37:19,I,01,영업,14.25,,,,,,,2,,2020-04-24 16:32:35,2009-08-18,14.25,157-850,서울특별시 강서구 방화동 852 방화12단지내,N,,3150000-105-2009-00019,,3150000,"서울특별시 강서구 양천로6길 28 (방화동,방화12단지내)",07611,01,영업/정상,어린이집,02-2662-1160,,,상수도전용
,자가,유니유치원,어린이집,,187498.790852032,451226.066675277,2026-05-06 22:37:19,I,01,영업,12.15,,,,,,0,6,,2023-03-14 16:20:34,2009-09-03,12.15,157-809,서울특별시 강서구 가양동 1485-0 가양6단지아파트유치원,N,,3150000-105-2009-00020,0,3150000,"서울특별시 강서구 허준로 175 (가양동,가양6단지아파트유치원)",07531,01,영업/정상,어린이집,02-2659-5216,,,상수도전용
,,우현유치원,어린이집,,185813.15048215,450434.088151226,2026-05-06 22:37:19,I,01,영업,15.66,,,,,,,1,,2024-05-23 17:02:11,2009-09-11,15.66,157-280,서울특별시 강서구 내발산동 657-0 우현유치원 2층,N,,3150000-105-2009-00021,,3150000,"서울특별시 강서구 강서로 348 (내발산동,우현유치원 2층)",07651,01,영업/정상,어린이집,02-2271-3700,,,상수도전용
,,서울강서우체국,공공기관,,185884.515789849,451463.792952759,2026-05-06 22:37:19,I,01,영업,57.6,,,,,,0,0,,2025-07-08 17:13:51,2009-11-23,241.61,157-033,서울특별시 강서구 등촌동 681 서울강서우체국,N,,3150000-105-2009-00023,0,3150000,"서울특별시 강서구 강서로 448, 서울강서우체국 지하1층 (등촌동)",07582,01,영업/정상,공공기관,02-2660-8971,,,상수도전용
,임대,서울대효병원,병원,,185417.671117954,449870.265715482,2026-05-06 22:37:19,I,01,영업,47.4,,,,,,0,0,,2019-01-02 16:24:46,2010-03-11,100.20,157-833,서울특별시 강서구 내발산동 701-15 외 1필지 덕산빌딩 (지상 2층),N,,3150000-105-2010-00001,0,3150000,"서울특별시 강서구 강서로47가길 33, 2층 (내발산동, 덕산빌딩)",07639,01,영업/정상,병원,02-2663-1114,,,상수도전용
,,다해영재어린이집,어린이집,,185682.405797191,449689.106346042,2026-05-06 22:37:19,I,01,영업,11.52,,,,,,,2,,2017-07-06 11:17:30,2010-04-06,11.52,157-010,서울특별시 강서구 화곡동 1159-0 우장산아이파크이편한세상복지관 (지상 1층),N,,3150000-105-2010-00003,,3150000,"서울특별시 강서구 강서로 266 (화곡동,우장산아이파크이편한세상복지관 (지상 1층))",07691,01,영업/정상,어린이집,02-2608-0101,,,상수도전용
,자가,동성어린이집,어린이집,,186266.255892306,448721.059306323,2026-05-06 22:37:19,I,01,영업,6.6,,,,,,0,0,,2021-10-20 15:40:27,2010-04-28,255.45,157-871,서울특별시 강서구 화곡동 98-107 3층,N,,3150000-105-2010-00005,0,3150000,"서울특별시 강서구 강서로26길 63, 3층 (화곡동)",07726,01,영업/정상,어린이집,02-2605-4175,,,상수도전용
,,공항제일유치원,어린이집,,183204.36682195,451455.962375454,2026-05-06 22:37:19,I,01,영업,0,,,,,,0,0,,2022-08-25 15:29:19,2010-06-29,.00,157-853,서울특별시 강서구 방화동 614-51 (지상 3층),N,,3150000-105-2010-00007,0,3150000,"서울특별시 강서구 개화동로23길 100, 3층 (방화동, 2동)",07620,01,영업/정상,어린이집,02-2662-3744,,,상수도전용
,,강서힘찬병원,병원,,185851.053632398,450781.441229945,2026-05-06 22:37:19,I,01,영업,97.12,,,,,,,4,,2025-01-07 16:04:29,2010-09-08,139.50,157-930,서울특별시 강서구 등촌동 671-0 (지하 1층),N,,3150000-105-2010-00008,,3150000,"서울특별시 강서구 강서로56길 38, 지하 1층 (등촌동, 3동 강서힘찬병원)",07591,01,영업/정상,병원,02-3660-1191,,,상수도전용
,,주식회사 케이티(가양빌딩),공공기관,,185867.125375858,451392.790294891,2026-05-06 22:37:20,I,01,영업,91.2,,,,,,0,0,,2025-02-24 16:17:05,2011-02-22,423.42,157-930,서울특별시 강서구 등촌동 681-1 지상5층,N,,3150000-105-2011-00003,0,3150000,"서울특별시 강서구 강서로 442 (등촌동,지상5층)",07582,01,영업/정상,공공기관,02-3663-0898,,,상수도전용
,임대,부민병원,병원,,186764.38128991,450518.080943938,2026-05-06 22:37:20,I,01,영업,161.7,,,,,,0,0,,2025-02-24 16:22:32,2011-04-18,450.00,157-930,서울특별시 강서구 등촌동 657-0 강서복합빌딩 (지상 10층),N,,3150000-105-2011-00007,0,3150000,"서울특별시 강서구 공항대로 389, 10층 (등촌동, 3동 강서복합빌딩)",07590,01,영업/정상,병원,02-2620-0103,,,상수도전용
,,새빛요양병원,병원,,186351.227100195,450679.42643207,2026-05-06 22:37:20,I,01,영업,25.85,,,,,,0,0,,2017-07-06 14:56:31,2011-06-03,29.84,157-930,서울특별시 강서구 등촌동 664-11 지상3층,N,,3150000-105-2011-00008,0,3150000,"서울특별시 강서구 화곡로61길 109 (등촌동,지상3층)",07590,01,영업/정상,병원,02-2658-3929,,,상수도전용
,,구립 영서어린이집,어린이집,2026-01-08,190517.426700838,442913.42252907,2026-05-06 22:31:43,I,02,폐업,7.78,,,,,,,0,,2026-01-08 14:48:17,2005-06-30,6.08,152-847,서울특별시 구로구 구로동 166-38,N,,3160000-105-2005-00027,,3160000,서울특별시 구로구 도림로20길 44 (구로동),08371,03,폐업,어린이집,02-852-7790,,,상수도전용
기타,,삼정중학교,학교,,183213.820331746,453232.00882717,2026-05-06 22:37:12,I,01,영업,0,,,,,기타,,,,2017-07-06 14:53:40,2001-03-16,,157-220,서울특별시 강서구 방화동 856-0,N,,3150000-105-2001-00117,,3150000,서울특별시 강서구 금낭화로 210 (방화동),07508,01,영업/정상,학교,02-2666-6096,,,상수도전용
기타,,유광사여성병원,병원,,185695.270517981,449055.885616277,2026-05-06 22:37:12,I,01,영업,0,,,,,기타,,0,,2024-12-13 15:54:23,2001-04-23,,157-921,서울특별시 강서구 화곡동 1031-12 (지상 7층),N,,3150000-105-2001-00118,,3150000,"서울특별시 강서구 강서로 194, 7층 (화곡동, 우장산동)",07698,01,영업/정상,병원,02-2608-1011,,,상수도전용
기타,,강서필병원,병원,,186171.569591143,447873.285103959,2026-05-06 22:37:12,I,01,영업,43.99,,,,,기타,,0,,2025-12-31 15:40:19,2001-06-02,68.09,157-882,서울특별시 강서구 화곡동 349-3,N,,3150000-105-2001-00121,,3150000,"서울특별시 강서구 강서로17길 24, 1층 (화곡동)",07769,01,영업/정상,병원,02-2608-8855,,,상수도전용
,,한국가스공사,공공기관,,186237.636869491,450556.127049871,2026-05-06 22:37:12,I,01,영업,381.5,,,,,,,0,,2017-07-06 11:21:20,2001-11-16,135.00,157-280,서울특별시 강서구 내발산동 119-0 외 2필지 (지상 7층),N,,3150000-105-2001-00122,,3150000,"서울특별시 강서구 공항대로 340, 7층 (내발산동, 1동)",07647,01,영업/정상,공공기관,02-2657-1167,,,상수도전용
,,핑크힐 병원,병원,,188873.308682321,449696.809808019,2026-05-06 22:37:12,I,01,영업,0,,,,,,,,,2024-01-23 18:10:25,2001-12-19,,157-862,서울특별시 강서구 염창동 263-3,N,,3150000-105-2001-00124,,3150000,서울특별시 강서구 양천로 712 (염창동),07556,01,영업/정상,병원,,,,상수도전용
,,참요양병원,병원,,185764.898845811,448963.082543946,2026-05-06 22:37:12,I,01,영업,0,,,,,,,,,2017-07-06 13:47:01,2001-05-12,,157-923,서울특별시 강서구 화곡동 1052-6,N,,3150000-105-2001-00125,,3150000,서울특별시 강서구 강서로 182 (화곡동),07702,01,영업/정상,병원,02-2605-2114,,,상수도전용
,,방화중학교,학교,,182848.234626882,451469.406332403,2026-05-06 22:37:12,I,01,영업,0,,,,,,,,,2025-03-21 16:24:07,2002-02-02,.00,157-853,서울특별시 강서구 방화동 636-1,N,,3150000-105-2002-00003,,3150000,서울특별시 강서구 개화동로27길 9 (방화동),07621,01,영업/정상,학교,02-2662-4452,,,상수도전용
,,방원중학교,학교,,183043.752103489,452626.780855673,2026-05-06 22:37:12,I,01,영업,0,,,,,,,0,,2017-07-06 14:32:38,2002-03-08,,157-856,서울특별시 강서구 방화동 808-0,N,,3150000-105-2002-00004,,3150000,서울특별시 강서구 금낭화로 268 (방화동),07515,01,영업/정상,학교,02-2667-0523,,,상수도전용
,,염창중학교,학교,,188612.115994776,450156.889224352,2026-05-06 22:37:12,I,01,영업,0,,,,,,,,,2017-07-10 10:49:37,2002-03-18,,157-859,서울특별시 강서구 염창동 85-0 염창중학교 (지상 1층),N,,3150000-105-2002-00005,,3150000,"서울특별시 강서구 양천로67가길 83, 1층 (염창동, 염창중학교)",07536,01,영업/정상,학교,070-5067-0869,,,상수도전용
,,대한항공교육원,산업체,,187352.843019055,450261.240348781,2026-05-06 22:37:12,I,01,영업,0,,,,,,,,,2025-12-09 15:45:35,2002-03-19,"1,052.70",157-841,서울특별시 강서구 등촌동 653-25 외 1필지 대한항공등촌교육원 (지하 1층),N,,3150000-105-2002-00006,,3150000,"서울특별시 강서구 공항대로 453, 지하 1층 (등촌동, 1동 대한항공등촌교육원)",07570,01,영업/정상,산업체,02-3660-5197,,,상수도전용
,,화곡보건경영고등학교,학교,,185169.045485946,449619.684215573,2026-05-06 22:37:13,I,01,영업,195.1,,,,,,,,,2017-07-06 10:10:19,2002-04-15,560.00,157-834,서울특별시 강서구 내발산동 715-0 화곡보건경영고 (지하 1층),N,,3150000-105-2002-00007,,3150000,"서울특별시 강서구 강서로45길 70, 지하 1층 (내발산동, 1동 화곡보건경영고)",07638,01,영업/정상,학교,070-8644-6503,,,상수도전용
,,등명중학교,학교,,186080.064836211,450854.818070321,2026-05-06 22:37:13,I,01,영업,162,,,,,,,0,,2017-07-06 13:30:19,2002-05-28,149.25,157-930,서울특별시 강서구 등촌동 690-4,N,,3150000-105-2002-00010,,3150000,서울특별시 강서구 공항대로39길 39 (등촌동),07585,01,영업/정상,학교,02-2658-2732,,,상수도전용
,,메이필드호텔 직원식당,산업체,,183863.692502412,449443.610735042,2026-05-06 22:37:13,I,01,영업,0,,,,,,,,,2025-02-24 16:27:29,2002-07-08,,157-290,서울특별시 강서구 외발산동 426 메이필드호텔 지하 1층,N,,3150000-105-2002-00012,,3150000,"서울특별시 강서구 방화대로 94, 메이필드호텔 지하 1층 (외발산동)",07506,01,영업/정상,산업체,02-2660-9125,,,상수도전용
,,강서송도병원,병원,,186043.311279081,450704.666838076,2026-05-06 22:37:13,I,01,영업,231.08,,,,,,,,,2017-07-06 10:34:53,2003-02-10,88.07,157-930,서울특별시 강서구 등촌동 669-1 (지하3층),N,,3150000-105-2003-00003,,3150000,"서울특별시 강서구 공항대로 315 (등촌동,(지하3층))",07591,01,영업/정상,병원,02-2659-0600,,,상수도전용
,,서울시니어스타워(주)강서본부,산업체,,186043.311279081,450704.666838076,2026-05-06 22:37:13,I,01,영업,431.67,,,,,,,,,2023-09-25 15:17:16,2003-03-26,80.04,157-930,서울특별시 강서구 등촌동 669-1,N,,3150000-105-2003-00005,,3150000,서울특별시 강서구 공항대로 315 (등촌동),07591,01,영업/정상,산업체,02-2659-1100,,,상수도전용
,,공항중학교,학교,,183616.909722477,451162.786903497,2026-05-06 22:37:13,I,01,영업,0,,,,,,,,,2017-07-06 10:49:32,2003-03-28,,157-811,서울특별시 강서구 공항동 12-3,N,,3150000-105-2003-00006,,3150000,서울특별시 강서구 방화대로 241 (공항동),07618,01,영업/정상,학교,02-2662-0472,,,상수도전용
,,등촌중학교,학교,,187509.916867999,450029.071267537,2026-05-06 22:37:13,I,01,영업,170.72,,,,,,,,,2025-04-22 14:26:47,2003-04-08,470.60,157-836,서울특별시 강서구 등촌동 534-9 등촌중학교 (지상 1층),N,,3150000-105-2003-00008,,3150000,"서울특별시 강서구 공항대로 484-12, 1층 (등촌동, 2동 등촌중학교)",07664,01,영업/정상,학교,02-2600-2414,,,상수도전용
,,한광고등학교,학교,,187375.631806696,448518.775461996,2026-05-06 22:37:13,I,01,영업,300,,,,,,,,,2024-09-19 13:35:52,2003-07-07,300.00,157-894,서울특별시 강서구 화곡동 488-2 한광고등학교 (지상 1층),N,,3150000-105-2003-00009,,3150000,"서울특별시 강서구 등촌로13길 110, 1층 (화곡동, 4동 한광고등학교)",07732,01,영업/정상,학교,070-7458-4670,,,상수도전용
,,화곡어린이집,어린이집,,186372.600636803,449094.905682698,2026-05-06 22:37:15,I,01,영업,0,,,,,,,0,,2019-01-04 12:49:37,2005-07-11,,157-866,서울특별시 강서구 화곡동 24-268 화곡교회 (지상 1층) B동,N,,3150000-105-2005-00039,,3150000,"서울특별시 강서구 까치산로 60, 화곡교회 B동 1층 (화곡동)",07677,01,영업/정상,어린이집,02-2697-3105,,,상수도전용
,,혜화어린이집,어린이집,,183439.821678848,452244.255479429,2026-05-06 22:37:15,I,01,영업,0,,,,,,,,,2017-07-06 10:58:32,2005-07-11,,157-846,서울특별시 강서구 방화동 858 삼성꽃마을아파트 상가 2층,N,,3150000-105-2005-00041,,3150000,"서울특별시 강서구 양천로18길 27 (방화동,삼성꽃마을아파트 상가 2층)",07604,01,영업/정상,어린이집,02-2666-3553,,,상수도전용
,,리틀빌리지어린이집,어린이집,,188446.231370566,449744.809894702,2026-05-06 22:37:15,I,01,영업,0,,,,,,,,,2017-07-06 14:01:02,2005-07-12,,157-863,서울특별시 강서구 염창동 276-10,N,,3150000-105-2005-00043,,3150000,서울특별시 강서구 공항대로67길 29-4 (염창동),07560,01,영업/정상,어린이집,02-3663-9533,,,상수도전용
,,그림터어린이집,어린이집,,186163.180222414,449118.946991447,2026-05-06 22:37:15,I,01,영업,0,,,,,,,,,2017-07-06 11:08:12,2005-07-12,,157-871,서울특별시 강서구 화곡동 98-15,N,,3150000-105-2005-00047,,3150000,서울특별시 강서구 초록마을로2길 22 (화곡동),07721,01,영업/정상,어린이집,02-2698-9875,,,상수도전용
,,구립 강변어린이집,어린이집,,187178.737304284,451447.114515225,2026-05-06 22:37:15,I,01,영업,8.05,,,,,,,0,,2019-03-13 17:54:34,2005-07-13,8.05,157-807,서울특별시 강서구 가양동 1475-0 강변아파트내복지관,N,,3150000-105-2005-00049,,3150000,"서울특별시 강서구 허준로 139 (가양동,강변아파트내복지관)",07525,01,영업/정상,어린이집,02-2659-9046,,,상수도전용
,,새암어린이집,어린이집,,185171.031197244,450126.309082,2026-05-06 22:37:15,I,01,영업,0,,,,,,,,,2017-07-06 16:07:40,2005-07-13,,157-829,서울특별시 강서구 내발산동 681-4 새암어린이집 (지상 4층),N,,3150000-105-2005-00050,,3150000,"서울특별시 강서구 공항대로36가길 47, 4층 (내발산동, 1동 새암어린이집)",07633,01,영업/정상,어린이집,02-2661-5181,,,상수도전용
,,상아어린이집,어린이집,,185813.867246668,451100.321374976,2026-05-06 22:37:15,I,01,영업,0,,,,,,,,,2017-07-06 14:55:14,2005-07-14,,157-930,서울특별시 강서구 등촌동 679-5,N,,3150000-105-2005-00052,,3150000,서울특별시 강서구 강서로56가길 55 (등촌동),07583,01,영업/정상,어린이집,02-2658-5522,,,상수도전용
,,명성어린이집,어린이집,,187551.023072841,448280.486196662,2026-05-06 22:37:15,I,01,영업,0,,,,,,,,,2017-07-06 14:17:24,2005-07-18,,157-894,서울특별시 강서구 화곡동 504-40,N,,3150000-105-2005-00055,,3150000,서울특별시 강서구 등촌로13길 76 (화곡동),07733,01,영업/정상,어린이집,02-2643-7800,,,상수도전용
,,로뎀어린이집,어린이집,,183660.165991896,452207.219083481,2026-05-06 22:37:15,I,01,영업,0,,,,,,,,,2025-12-26 17:22:40,2005-07-28,,157-847,서울특별시 강서구 방화동 275-1,N,,3150000-105-2005-00058,,3150000,서울특별시 강서구 양천로24길 31 (방화동),07605,01,영업/정상,어린이집,02-2664-7060,,,상수도전용
,,홈플러스(주),산업체,,187119.948165892,450691.593173724,2026-05-06 22:37:15,I,01,영업,96.7,,,,,,,0,,2024-02-21 16:36:53,2005-08-24,320.70,157-840,서울특별시 강서구 등촌동 639-11 홈플러스강서점앤본사사옥 (지상 4층),N,,3150000-105-2005-00061,,3150000,"서울특별시 강서구 화곡로 398, 4층 (등촌동, 1동 홈플러스강서점앤본사사옥)",07567,01,영업/정상,산업체,02-2660-8018,,,상수도전용
,,서울염경초등학교,학교,,188555.751727754,450292.809032002,2026-05-06 22:37:15,I,01,영업,0,,,,,,,,,2024-03-08 14:34:20,2005-09-01,,157-859,서울특별시 강서구 염창동 79,N,,3150000-105-2005-00062,,3150000,서울특별시 강서구 양천로69길 49 (염창동),07535,01,영업/정상,학교,02-3662-0502,,,상수도전용
,,강서어린이집,어린이집,,186755.087266035,449644.437836263,2026-05-06 22:37:15,I,01,영업,0,,,,,,,0,,2024-05-23 13:45:12,2005-09-07,,157-913,서울특별시 강서구 화곡동 968-16,N,,3150000-105-2005-00063,,3150000,서울특별시 강서구 까치산로 128 (화곡동),07662,01,영업/정상,어린이집,02-2602-2767,,,상수도전용
,,신광어린이집,어린이집,,186730.679014536,450753.614976511,2026-05-06 22:37:15,I,01,영업,48.96,,,,,,,0,,2024-03-08 14:35:27,2005-09-16,18.00,157-930,서울특별시 강서구 등촌동 706-2,N,,3150000-105-2005-00065,,3150000,서울특별시 강서구 화곡로65길 53 (등촌동),07589,01,영업/정상,어린이집,02-3663-2467,,,상수도전용
,자가,세현고등학교,학교,,187894.542477175,450902.064977472,2026-05-06 22:37:16,I,01,영업,177.44,,,,,,0,0,,2025-05-12 15:10:52,2006-02-27,631.30,157-810,서울특별시 강서구 가양동 1491 교사동 5층,N,,3150000-105-2006-00003,0,3150000,"서울특별시 강서구 허준로 227 (가양동,교사동 5층)",07531,01,영업/정상,학교,02-3663-1475,,,상수도전용
,자가,염경중학교,학교,,188508.758139977,450241.641533586,2026-05-06 22:37:16,I,01,영업,0,,,,,,0,0,,2025-02-26 16:02:39,2006-03-03,,157-859,서울특별시 강서구 염창동 79-8 염경중학교,N,,3150000-105-2006-00004,0,3150000,"서울특별시 강서구 양천로69길 35, 염경중학교 (염창동)",07535,01,영업/정상,학교,02-6101-0333,,,상수도전용
,,나나유치원,어린이집,,187323.429228598,448197.575401304,2026-05-06 22:37:16,I,01,영업,0,,,,,,,0,,2026-03-31 16:30:17,2006-06-07,,157-894,서울특별시 강서구 화곡동 471-9,N,,3150000-105-2006-00006,,3150000,서울특별시 강서구 등촌로13바길 46 (화곡동),07735,01,영업/정상,어린이집,,,,상수도전용
,,구립해다미어린이집,어린이집,,186974.415575344,447725.755085697,2026-05-06 22:37:16,I,01,영업,0,,,,,,,,,2024-07-30 13:39:08,2006-07-26,,157-904,서울특별시 강서구 화곡동 871-3,N,,3150000-105-2006-00009,,3150000,서울특별시 강서구 곰달래로35길 13 (화곡동),07750,01,영업/정상,어린이집,02-2607-4001,,,상수도전용
,,강서성모 요양병원,병원,,187160.665637183,450873.017067141,2026-05-06 22:37:16,I,01,영업,19.6,,,,,,,0,,2017-07-06 10:32:49,2006-08-03,77.00,157-838,서울특별시 강서구 등촌동 628-9 (지상 3층),N,,3150000-105-2006-00010,,3150000,"서울특별시 강서구 화곡로 416, 3층 (등촌동, 1동)",07548,01,영업/정상,병원,02-3663-9090,,,상수도전용
,,홈플러스(주)가양점,산업체,,186687.131804431,451342.773451086,2026-05-06 22:37:16,I,01,영업,0,,,,,,,0,,2024-02-21 14:23:35,2007-03-09,,157-800,서울특별시 강서구 가양동 18-24,N,,3150000-105-2007-00001,,3150000,서울특별시 강서구 양천로 431 (가양동),07527,01,영업/정상,산업체,02-2063-2080,,,상수도전용
기타,,서울송화초등학교장,학교,,,,2026-05-06 22:37:08,I,01,영업,165.9,,,,0,기타,,0,,2017-07-07 09:14:50,1999-05-06,131.00,157-210,서울특별시 강서구 마곡동 731-229 서울송화초등학교,N,0,3150000-105-1999-00065,,3150000,"서울특별시 강서구 방화대로34길 2 (방화동, 서울송화초등학교)",07598,01,영업/정상,학교,02-2665-6562,,,상수도전용
기타,,서울개화초등학교,학교,,182700.254108911,452279.2447052,2026-05-06 22:37:08,I,01,영업,2286.92,,,,0,기타,,,,2023-03-14 15:49:28,1999-05-06,161.16,157-849,서울특별시 강서구 방화동 500-17 개화초등학교,N,0,3150000-105-1999-00066,,3150000,"서울특별시 강서구 양천로 11, 개화초등학교 (방화동)",07507,01,영업/정상,학교,02-2662-0491,,,상수도전용
기타,,한서고등학교,학교,,183005.079209806,452488.403250349,2026-05-06 22:37:08,I,01,영업,442.08,,,,0,기타,,0,,2024-08-12 14:47:15,1999-05-14,118.14,157-849,서울특별시 강서구 방화동 478-34 한서고등학교 1층 나동,N,0,3150000-105-1999-00068,,3150000,"서울특별시 강서구 양천로11길 47, 한서고등학교 나동 1층 (방화동)",07507,01,영업/정상,학교,070-4329-0273,,,상수도전용
기타,,서울양천초등학교,학교,,185759.565009024,451983.400901216,2026-05-06 22:37:08,I,01,영업,102.82,,,,0,기타,,,,2025-02-26 14:32:56,1999-05-15,94.76,157-802,서울특별시 강서구 가양동 272-11 양천초등학교,N,0,3150000-105-1999-00069,,3150000,"서울특별시 강서구 양천로 329, 양천초등학교 (가양동)",07523,01,영업/정상,학교,02-3661-8354,,,
기타,,서울내발산초등학교,학교,,185597.323679319,449903.228050511,2026-05-06 22:37:09,I,01,영업,630,,,,0,기타,,,,2018-08-22 16:58:46,1999-05-15,158.35,157-280,서울특별시 강서구 내발산동 707-0,N,0,3150000-105-1999-00070,,3150000,서울특별시 강서구 강서로46길 23 (내발산동),07693,01,영업/정상,학교,02-3664-0209,,,상수도전용
기타,,서울발산초등학교,학교,,185011.180247591,449837.923087048,2026-05-06 22:37:09,I,01,영업,331.55,,,,0,기타,,,,2026-04-29 14:59:04,1999-05-31,303.57,157-703,서울특별시 강서구 내발산동 693-8 서울발산초등학교 (지상 1층),N,0,3150000-105-1999-00072,,3150000,"서울특별시 강서구 강서로45길 113, 1층 (내발산동, 1동 서울발산초등학교)",07640,01,영업/정상,학교,02-2664-7502,,,상수도전용
기타,,서울우장초등학교,학교,,186339.401209849,449641.409732873,2026-05-06 22:37:09,I,01,영업,337,,,,0,기타,,,,2026-04-29 14:49:15,1999-06-02,939.00,157-916,서울특별시 강서구 화곡동 18-5 우장초등학교 (지하 1층),N,0,3150000-105-1999-00073,,3150000,"서울특별시 강서구 화곡로 263, 지하 1층 (화곡동, 우장산동 우장초등학교)",07689,01,영업/정상,학교,02-2602-1891,,,상수도전용
기타,,서울화곡초등학교,학교,,186327.438988956,449007.205694047,2026-05-06 22:37:09,I,01,영업,0,,,,0,기타,,0,,2018-04-27 11:01:51,1999-07-09,,157-866,서울특별시 강서구 화곡동 24-266,N,0,3150000-105-1999-00074,,3150000,서울특별시 강서구 초록마을로 28 (화곡동),07722,01,영업/정상,학교,02-2602-6225,,,상수도전용
기타,,서울가곡초등학교,학교,,,,2026-05-06 22:37:09,I,01,영업,107.5,,,,0,기타,,,,2017-08-30 16:23:16,1999-07-14,98.00,157-280,서울특별시 강서구 내발산동 153-7 (지상 1층),N,0,3150000-105-1999-00076,,3150000,"서울특별시 강서구 공항대로36길 74, 1층 (내발산동, 서울가곡초등학교)",,01,영업/정상,학교,02-2661-7117,,,상수도전용
기타,,서울백석초등학교,학교,,187739.474217995,450118.263333824,2026-05-06 22:37:09,I,01,영업,150.5,,,,0,기타,,,,2018-03-09 12:53:39,1999-07-21,121.90,157-841,서울특별시 강서구 등촌동 650-14,N,0,3150000-105-1999-00077,,3150000,서울특별시 강서구 공항대로 491 (등촌동),07564,01,영업/정상,학교,02-3661-3237,,,상수도전용
기타,,서울탑산초등학교,학교,,186887.94677423,451619.727014571,2026-05-06 22:37:09,I,01,영업,184.08,,,,0,기타,,,,2024-09-19 13:31:01,1999-09-04,143.64,157-807,서울특별시 강서구 가양동 1473-0,N,0,3150000-105-1999-00079,,3150000,서울특별시 강서구 허준로 109 (가양동),07525,01,영업/정상,학교,070-4346-8117,,,상수도전용
기타,,강서공업고등학교,학교,,183661.231667162,452602.703228329,2026-05-06 22:37:09,I,01,영업,469.65,,,,0,기타,,,,2024-01-23 18:08:00,1999-09-10,102.60,157-857,서울특별시 강서구 방화동 834-0 (지상 1층),N,0,3150000-105-1999-00080,,3150000,"서울특별시 강서구 방화대로47길 9 (방화동,(지상 1층))",07514,01,영업/정상,학교,02-2662-2106,,,상수도전용
기타,,동양고등학교,학교,,186458.260228481,451860.814417599,2026-05-06 22:37:09,I,01,영업,262.5,,,,0,기타,,,,2020-06-01 17:20:27,1999-09-17,976.65,157-806,서울특별시 강서구 가양동 1464-0 (지상 5층),N,0,3150000-105-1999-00081,,3150000,"서울특별시 강서구 허준로 50 (가양동,(지상 5층))",07529,01,영업/정상,학교,02-2657-0874,,,상수도전용
기타,,시립강서노인종합복지관,사회복지시설,,186456.196713161,450664.525831236,2026-05-06 22:37:09,I,01,영업,183.6,,,,0,기타,,0,,2024-06-24 14:54:12,1999-10-02,68.40,157-930,서울특별시 강서구 등촌동 661-4,N,0,3150000-105-1999-00082,,3150000,서울특별시 강서구 화곡로61길 85 (등촌동),07590,01,영업/정상,사회복지시설,02-3664-0322,,,상수도전용
기타,,서울가양초등학교,학교,,187475.890929892,451055.405395572,2026-05-06 22:37:09,I,01,영업,0,,,,0,기타,,,,2017-07-06 16:35:49,1999-10-09,.00,157-809,서울특별시 강서구 가양동 1484,N,0,3150000-105-1999-00083,,3150000,서울특별시 강서구 허준로 186 (가양동),07533,01,영업/정상,학교,02-3662-8734,,,상수도전용
기타,,서울방화초등학교,학교,,182877.016128094,451829.705314961,2026-05-06 22:37:09,I,01,영업,160.16,,,,0,기타,,0,,2017-07-07 09:11:07,1999-10-29,119.36,157-850,서울특별시 강서구 방화동 542-2,N,0,3150000-105-1999-00084,,3150000,서울특별시 강서구 양천로6길 92 (방화동),07611,01,영업/정상,학교,02-2663-2421,,,상수도전용
기타,,서울등현초등학교,학교,,186480.329446357,451011.983903346,2026-05-06 22:37:09,I,01,영업,155.33,,,,0,기타,,4,,2018-03-08 10:02:23,1999-11-11,106.53,157-930,서울특별시 강서구 등촌동 702-5 (지상 1층),N,0,3150000-105-1999-00085,,3150000,"서울특별시 강서구 화곡로65길 124 (등촌동,(지상 1층))",07578,01,영업/정상,학교,02-2668-3793,,,상수도전용
기타,,서울신정고등학교,학교,,187316.968580645,448430.010437783,2026-05-06 22:37:09,I,01,영업,368.44,,,,,기타,,,,2024-10-10 16:00:52,1999-10-11,236.25,157-894,서울특별시 강서구 화곡동 477-1,N,,3150000-105-1999-00086,,3150000,서울특별시 강서구 등촌로13아길 20 (화곡동),07736,01,영업/정상,학교,02-2653-9830,,,상수도전용
,,구로푸른요양원,사회복지시설,2026-01-19,187173.725729414,442678.332549373,2026-05-06 22:31:55,I,02,폐업,0,,,,,,0,0,,2026-01-19 11:29:34,2014-04-16,.00,152-815,서울특별시 구로구 개봉동 359-2,N,,3160000-105-2014-00009,0,3160000,서울특별시 구로구 개봉로3길 9 (개봉동),08353,03,폐업,사회복지시설,1544-6572,,,상수도전용
,,마포중학교,학교,,186969.54209529,450829.166265845,2026-05-06 22:37:13,I,01,영업,0,,,,,,,,,2017-07-06 14:12:23,2003-07-10,,157-030,서울특별시 강서구 등촌동 82-1 (지상 3층),N,,3150000-105-2003-00011,,3150000,"서울특별시 강서구 화곡로 403, 3층 (등촌동, 마포중학교)",07576,01,영업/정상,학교,02-3663-2582,,,상수도전용
,,강서세무서,공공기관,,184162.742333043,451107.335534724,2026-05-06 22:37:13,I,01,영업,33,,,,,,,,,2019-01-15 15:30:05,2003-11-28,166.00,157-210,서울특별시 강서구 마곡동 745-1 강서세무서 (지상 6층),N,,3150000-105-2003-00038,,3150000,"서울특별시 강서구 마곡서1로 60, 6층 (마곡동, 공항동 강서세무서)",07799,01,영업/정상,공공기관,02-2630-4623,,,상수도전용
,,강서경찰서직원복지위원회(구내식당),공공기관,,186676.498515946,449900.932788647,2026-05-06 22:37:13,I,01,영업,44.28,,,,,,,,,2024-07-04 11:50:40,2003-02-05,361.33,157-702,서울특별시 강서구 화곡동 980-27 서울강서경찰서,N,,3150000-105-2003-00039,,3150000,"서울특별시 강서구 화곡로 308, 서울강서경찰서 8층 (화곡동)",07658,01,영업/정상,공공기관,02-9602-7721,,,상수도전용
,,웰튼병원,병원,,184496.437996802,451677.575370424,2026-05-06 22:37:13,I,01,영업,47,,,,,,,,,2022-02-14 14:43:41,2004-01-06,113.80,157-210,서울특별시 강서구 마곡동 759-2 12층,N,,3150000-105-2004-00001,,3150000,"서울특별시 강서구 마곡중앙5로 22, 12층 (마곡동)",07788,01,영업/정상,병원,02-2690-2000,,,상수도전용
,,아시아나항공(주),산업체,,182086.388313239,449251.768967194,2026-05-06 22:37:13,I,01,영업,146.52,,,,,,,0,,2017-07-10 10:37:41,2004-02-05,732.60,157-270,서울특별시 강서구 오쇠동 47-0 (지하 1층),N,,3150000-105-2004-00003,,3150000,"서울특별시 강서구 오정로 443-83, 지하 1층 (오쇠동, 공항동)",07505,01,영업/정상,산업체,02-2669-5197,,,상수도전용
,,등촌고등학교,학교,,186219.784163324,451181.20500093,2026-05-06 22:37:13,I,01,영업,179,,,,,,,,,2025-03-04 16:59:52,2004-03-02,876.00,157-930,서울특별시 강서구 등촌동 691-2 지상1층,N,,3150000-105-2004-00004,,3150000,"서울특별시 강서구 공항대로39길 115 (등촌동,지상1층)",07580,01,영업/정상,학교,02-3665-6125,,,상수도전용
,,서울특별시농수산식품공사,공공기관,,184148.571466974,450166.360534543,2026-05-06 22:37:13,I,01,영업,0,,,,,,,,,2017-07-07 09:59:20,2004-03-10,,157-290,서울특별시 강서구 외발산동 427-0 서울시농수산물공사 (지상 2층),N,,3150000-105-2004-00006,,3150000,"서울특별시 강서구 발산로 40, 2층 (외발산동, 농수산물공사)",07644,01,영업/정상,공공기관,02-2640-6088,,,상수도전용
,,지온보육원,사회복지시설,,183312.844933248,453537.694811952,2026-05-06 22:37:13,I,01,영업,226.8,,,,,,,,,2025-04-22 10:42:36,2004-06-21,46.80,157-230,서울특별시 강서구 개화동 325-11,N,,3150000-105-2004-00007,,3150000,서울특별시 강서구 금낭화로26가길 120 (개화동),07501,01,영업/정상,사회복지시설,02-2662-3457,,,상수도전용
,,(의)우리들의료재단우리들병원,병원,,182141.205465089,451078.47991,2026-05-06 22:37:14,I,01,영업,0,,,,,,,,,2018-05-01 16:02:07,2004-06-23,,157-823,서울특별시 강서구 과해동 676-0 외 2필지 우리들병원,N,,3150000-105-2004-00008,,3150000,"서울특별시 강서구 하늘길 70 (과해동, 우리들병원)",07505,01,영업/정상,병원,02-2660-7652,,,상수도전용
,,강서솔병원,병원,,183782.987028949,452237.309625707,2026-05-06 22:37:14,I,01,영업,26.22,,,,,,,,,2018-04-09 18:36:22,2004-07-08,61.00,157-210,서울특별시 강서구 마곡동 1323 (지상 4층),N,,3150000-105-2004-00010,,3150000,"서울특별시 강서구 방화대로 352, 4층 (마곡동)",07592,01,영업/정상,병원,02-2064-7575,,,상수도전용
,,즐거운어린이집,어린이집,,187084.103220523,451262.653397625,2026-05-06 22:37:14,I,01,영업,14.81,,,,,,,,,2024-10-22 13:16:40,2004-07-15,14.81,157-808,서울특별시 강서구 가양동 1481-0 (지상 1층),N,,3150000-105-2004-00011,,3150000,"서울특별시 강서구 양천로57길 36 (가양동,(지상 1층))",07526,01,영업/정상,어린이집,02-2668-7683,,,상수도전용
,,화원중학교,학교,,186002.086286553,448282.548995828,2026-05-06 22:37:14,I,01,영업,0,,,,,,,,,2017-07-06 09:52:09,2004-10-05,,157-882,서울특별시 강서구 화곡동 351-94 (지상 1층),N,,3150000-105-2004-00013,,3150000,"서울특별시 강서구 강서로17나길 86, 1층 (화곡동, 1동)",07764,01,영업/정상,학교,02-2695-8441,,,상수도전용
,,송정중학교,학교,,183621.307020971,450178.734037632,2026-05-06 22:37:14,I,01,영업,171,,,,,,,,,2017-07-07 14:33:36,2005-02-17,145.35,157-818,서울특별시 강서구 공항동 768-1,N,,3150000-105-2005-00001,,3150000,서울특별시 강서구 남부순환로 121 (공항동),07628,01,영업/정상,학교,02-2661-0479,,,상수도전용
,,"서울화일초등학교,서울화일초등학교병설유치원",학교,,186455.446245577,448717.893807318,2026-05-06 22:37:14,I,01,영업,0,,,,,,,0,,2024-05-23 17:17:55,2005-03-22,,157-871,서울특별시 강서구 화곡동 61-184,N,,3150000-105-2005-00002,,3150000,서울특별시 강서구 까치산로10길 70 (화곡동),07725,01,영업/정상,학교,02-2603-6502,,,상수도전용
,,성모어린이집,어린이집,,186826.352532879,450957.956486974,2026-05-06 22:37:14,I,01,영업,0,,,,,,,0,,2020-04-06 13:52:21,2005-07-04,,157-930,서울특별시 강서구 등촌동 707-0 (지상 1층),N,,3150000-105-2005-00004,,3150000,"서울특별시 강서구 공항대로43길 104 (등촌동,(지상 1층))",07576,01,영업/정상,어린이집,02-2658-6524,,,상수도전용
,,푸른어린이집,어린이집,,186644.644066366,451051.267292812,2026-05-06 22:37:14,I,01,영업,0,,,,,,,0,,2026-03-30 13:37:23,2005-07-04,,157-930,서울특별시 강서구 등촌동 704-0,N,,3150000-105-2005-00005,,3150000,서울특별시 강서구 화곡로63가길 92 (등촌동),07577,01,영업/정상,어린이집,02-2658-5513,,,상수도전용
,,새싹어린이집,어린이집,,183446.862791329,452046.660211483,2026-05-06 22:37:14,I,01,영업,0,,,,,,,,,2018-10-25 13:59:01,2005-07-04,,157-847,서울특별시 강서구 방화동 262-13,N,,3150000-105-2005-00007,,3150000,서울특별시 강서구 양천로24가길 73 (방화동),07604,01,영업/정상,어린이집,02-2665-4910,,,상수도전용
,,서울도시가스(주),산업체,,188656.105825512,449475.879613509,2026-05-06 22:37:14,I,01,영업,0,,,,,,,,,2025-04-10 09:52:18,2005-07-05,,157-864,서울특별시 강서구 염창동 281-0 서울도시가스 (지상 8층),N,,3150000-105-2005-00009,,3150000,"서울특별시 강서구 공항대로 607, 8층 (염창동, 서울도시가스)",07558,01,영업/정상,산업체,02-3660-8034,,,상수도전용
,,현대i어린이집,어린이집,,185813.15048215,450434.088151226,2026-05-06 22:37:16,I,01,영업,14,,,,,,,,,2017-07-06 11:01:34,2007-06-21,14.00,157-280,서울특별시 강서구 내발산동 657-0 우장산힐스테이트 관리동1층,N,,3150000-105-2007-00005,,3150000,"서울특별시 강서구 강서로 348 (내발산동,우장산힐스테이트 관리동1층)",07651,01,영업/정상,어린이집,02-2658-0175,,,상수도전용
,자가,주식회사 케이티(강서빌딩),공공기관,,186557.645724474,447487.80045526,2026-05-06 22:37:17,I,01,영업,64.8,,,,,,0,2,,2025-02-24 16:17:36,2007-06-28,393.80,157-908,서울특별시 강서구 화곡동 893-1 주식회사 케이티 (지상 4층),N,,3150000-105-2007-00006,0,3150000,"서울특별시 강서구 강서로5길 64, 4층 (화곡동, 주식회사 케이티, 8동)",07781,01,영업/정상,공공기관,02-2612-0500,,,상수도전용
,,해아띠스쿨 어린이집,어린이집,,186399.517778785,448740.720714289,2026-05-06 22:37:17,I,01,영업,9.9,,,,,,,,,2020-04-14 17:25:47,2007-07-04,9.90,157-871,서울특별시 강서구 화곡동 100-29,N,,3150000-105-2007-00007,,3150000,서울특별시 강서구 초록마을로6길 37-13 (화곡동),07725,01,영업/정상,어린이집,02-2695-5872,,,상수도전용
,,썬에듀스쿨어린이집,어린이집,,185762.743130991,447726.939232705,2026-05-06 22:37:17,I,01,영업,11.4,,,,,,,,,2020-07-06 16:20:31,2007-08-08,11.40,157-891,서울특별시 강서구 화곡동 424-58,N,,3150000-105-2007-00009,,3150000,서울특별시 강서구 곰달래로15길 32 (화곡동),07771,01,영업/정상,어린이집,02-2694-1300,,,상수도전용
,,홍신유치원,어린이집,,185129.521929998,449558.203449772,2026-05-06 22:37:17,I,01,영업,28.35,,,,,,,,,2017-07-06 10:52:42,2007-12-10,28.35,157-834,서울특별시 강서구 내발산동 714-3,N,,3150000-105-2007-00014,,3150000,"서울특별시 강서구 강서로45길 63, 1층 (내발산동, 1동)",07640,01,영업/정상,어린이집,02-2664-6456,,,상수도전용
,,서울시니어스타워(주),산업체,,187494.079333054,450527.699600801,2026-05-06 22:37:17,I,01,영업,405.78,,,,,,,,,2025-01-02 16:12:29,2007-12-17,996.13,157-839,서울특별시 강서구 등촌동 637,N,,3150000-105-2007-00015,,3150000,서울특별시 강서구 화곡로68길 102 (등촌동),07550,01,영업/정상,산업체,02-3397-6282,,,상수도전용
,,서울수명초등학교,학교,,184369.255215169,450055.220912955,2026-05-06 22:37:17,I,01,영업,215.52,,,,,,,,,2017-07-07 09:15:28,2008-03-06,701.05,157-937,서울특별시 강서구 내발산동 752-0 서울수명초등학교,N,,3150000-105-2008-00001,,3150000,서울특별시 강서구 수명로1길 84 (내발산동),07643,01,영업/정상,학교,02-2667-8507,,,상수도전용
,,예일유치원,어린이집,,184837.492719669,450172.37011446,2026-05-06 22:37:17,I,01,영업,85.68,,,,,,,4,,2017-07-10 10:54:27,2008-03-17,85.68,157-280,서울특별시 강서구 내발산동 741-3,N,,3150000-105-2008-00004,,3150000,서울특별시 강서구 강서로47길 126 (내발산동),07634,01,영업/정상,어린이집,02-2667-6767,,,상수도전용
,,선화어린이집,어린이집,,186115.887920435,451264.767153689,2026-05-06 22:37:17,I,01,영업,4.59,,,,,,,1,,2017-07-07 13:30:45,2008-03-25,4.59,157-930,서울특별시 강서구 등촌동 691-3,N,,3150000-105-2008-00006,,3150000,서울특별시 강서구 강서로56나길 110 (등촌동),07580,01,영업/정상,어린이집,,,,상수도전용
,,수명중학교,학교,,184356.284449186,449636.603472527,2026-05-06 22:37:17,I,01,영업,273.37,,,,,,,,,2026-04-28 16:06:55,2008-03-27,825.81,157-280,서울특별시 강서구 내발산동 757 수명중학교,N,,3150000-105-2008-00007,,3150000,"서울특별시 강서구 수명로2길 16, 수명중학교 1층 (내발산동)",07642,01,영업/정상,학교,02-6738-1261,,,상수도전용
,,실로암안과병원,병원,,187731.084393625,449330.107139552,2026-05-06 22:37:17,I,01,영업,0,,,,,,,,,2024-01-23 18:11:52,2008-04-18,,157-836,서울특별시 강서구 등촌동 512-18 외 1필지(512-5) 지하 1층,N,,3150000-105-2008-00008,,3150000,"서울특별시 강서구 등촌로 181 (등촌동,외 1필지(512-5) 지하 1층)",07668,01,영업/정상,병원,02-2650-0700,,,상수도전용
,,우리곰유치원,어린이집,,186236.281118291,452133.277893616,2026-05-06 22:37:17,I,01,영업,24.07,,,,,,,,,2017-07-10 10:57:45,2008-04-23,24.07,157-806,서울특별시 강서구 가양동 1460-0 한강타운 아파트단지내,N,,3150000-105-2008-00009,,3150000,"서울특별시 강서구 허준로 23 (가양동,한강타운 아파트단지내)",07524,01,영업/정상,어린이집,02-2659-3323,,,상수도전용
,,선미유치원,어린이집,,186110.638439153,448573.35595817,2026-05-06 22:37:17,I,01,영업,31.9,,,,,,,,,2024-06-24 09:55:34,2008-04-23,31.90,157-872,서울특별시 강서구 화곡동 105-244,N,,3150000-105-2008-00010,,3150000,서울특별시 강서구 까치산로2길 43 (화곡동),07730,01,영업/정상,어린이집,02-2606-3341,,,상수도전용
,,세화어린이집,어린이집,,186380.065461686,449985.991327314,2026-05-06 22:37:17,I,01,영업,0,,,,,,,,,2017-07-07 14:32:20,2008-06-27,,157-916,서울특별시 강서구 화곡동 994-6 세화어린이집.6동,N,,3150000-105-2008-00011,,3150000,"서울특별시 강서구 화곡로53길 56-14, 1층 (화곡동, 세화어린이집.6동)",07685,01,영업/정상,어린이집,02-2608-2293,,,상수도전용
,,혜시의사과나무 어린이집,어린이집,,185271.094631157,449522.424642303,2026-05-06 22:37:17,I,01,영업,0,,,,,,,,,2024-05-23 16:34:19,2008-07-01,,157-918,서울특별시 강서구 화곡동 1008-17 외 1필지,N,,3150000-105-2008-00012,,3150000,"서울특별시 강서구 강서로45길 37 (화곡동,외 1필지)",07705,01,영업/정상,어린이집,02-2603-2888,,,상수도전용
,,쁘띠아미 에꼴 어린이집,어린이집,2026-02-25,187167.811022234,448281.135346088,2026-05-06 22:37:17,I,02,폐업,8.9,,,,,,,,,2026-02-25 13:27:17,2008-07-01,8.90,157-894,서울특별시 강서구 화곡동 468-13,N,,3150000-105-2008-00013,,3150000,서울특별시 강서구 곰달래로53길 133 (화곡동),07737,03,폐업,어린이집,02-2647-4700,,,상수도전용
,,서울시메트로구호선 주식회사,산업체,,181881.234660314,453174.899157458,2026-05-06 22:37:17,I,01,영업,81.4,,,,,,,,,2020-07-21 11:06:24,2008-09-01,336.80,157-230,서울특별시 강서구 개화동 388-1 외 202필지 (지하1층),N,,3150000-105-2008-00015,,3150000,"서울특별시 강서구 개화동로8길 38, 지하 1층 (개화동, 2동 개화역)",07505,01,영업/정상,산업체,02-2656-0190,,,상수도전용
기타,,더와이즈황병원,병원,,186055.847417953,448886.827025747,2026-05-06 22:37:09,I,01,영업,52.62,,,,0,기타,,6,,2017-08-23 18:50:58,1999-12-20,302.62,157-872,서울특별시 강서구 화곡동 105-68 (7층),N,0,3150000-105-1999-00087,,3150000,"서울특별시 강서구 까치산로 23, 7층 (화곡동, 본동 더와이즈황병원)",07727,01,영업/정상,병원,,,,상수도전용
기타,,등양초등학교,학교,,186206.153652199,451402.543062058,2026-05-06 22:37:09,I,01,영업,0,,,,0,기타,,,,2017-07-06 13:31:33,1999-04-03,.00,157-930,서울특별시 강서구 등촌동 691-0,N,0,3150000-105-1999-00093,,3150000,서울특별시 강서구 강서로56나길 140 (등촌동),07580,01,영업/정상,학교,02-3665-4619,,,상수도전용
기타,,서울공항초등학교,학교,,184171.119322458,451208.450330927,2026-05-06 22:37:09,I,01,영업,290.35,,,,0,기타,,,,2025-07-29 09:56:29,1999-03-18,922.35,157-210,서울특별시 강서구 마곡동 743-5 서울공항초등학교,N,0,3150000-105-1999-00098,,3150000,"서울특별시 강서구 마곡서1로 68, 서울공항초등학교 (마곡동)",07798,01,영업/정상,학교,02-266-4117,,,상수도전용
기타,,서울등원초등학교,학교,,186668.789673507,450920.00884482,2026-05-06 22:37:09,I,01,영업,146.15,,,,0,기타,,,,2017-07-07 09:07:56,1999-07-15,124.95,157-930,서울특별시 강서구 등촌동 704-1,N,0,3150000-105-1999-00099,,3150000,서울특별시 강서구 화곡로65길 90 (등촌동),07577,01,영업/정상,학교,02-3665-4786,,,상수도전용
기타,,서울염창초등학교,학교,,188269.918257372,450086.440836859,2026-05-06 22:37:09,I,01,영업,135,,,,0,기타,,,,2018-03-09 12:50:54,2000-01-17,196.00,157-863,서울특별시 강서구 염창동 269-0,N,0,3150000-105-2000-00088,,3150000,서울특별시 강서구 양천로 646-28 (염창동),07554,01,영업/정상,학교,02-3664-0492,,,상수도전용
기타,,미즈메디병원,병원,,185439.385067186,450008.139145119,2026-05-06 22:37:10,I,01,영업,277.6,,,,0,기타,,0,,2022-02-28 16:27:01,2000-02-10,82.91,157-833,서울특별시 강서구 내발산동 701-4 (지상 8층),N,0,3150000-105-2000-00091,,3150000,"서울특별시 강서구 강서로 295 (내발산동,(지상 8층))",07639,01,영업/정상,병원,02-2007-1822,,,상수도전용
기타,,영등포공업고등학교,학교,,186710.717947877,451888.012892642,2026-05-06 22:37:10,I,01,영업,81,,,,0,기타,,4,,2018-11-30 13:04:55,2000-02-14,641.00,157-807,서울특별시 강서구 가양동 1468-0 영등포공업고등학교 (지상 1층),N,0,3150000-105-2000-00092,,3150000,"서울특별시 강서구 허준로5길 15, 1층 (가양동, 2동 영등포공업고등학교)",07524,01,영업/정상,학교,070-5068-4705,,,상수도전용
기타,,서울등명초등학교,학교,,185995.997695826,450939.357976543,2026-05-06 22:37:10,I,01,영업,200.7,,,,0,기타,,,,2017-07-07 09:06:39,2000-03-02,184.80,157-930,서울특별시 강서구 등촌동 690-2,N,0,3150000-105-2000-00096,,3150000,서울특별시 강서구 강서로56나길 34 (등촌동),07585,01,영업/정상,학교,02-3661-9267,,,상수도전용
기타,,서울영일고등학교,학교,,187712.186936722,449515.724005519,2026-05-06 22:37:10,I,01,영업,227.25,,,,0,기타,,0,,2026-03-27 15:38:51,2000-03-11,227.25,157-836,서울특별시 강서구 등촌동 525-0 외 2필지 영일고등학교 (지하 1층) 본관동,N,0,3150000-105-2000-00097,,3150000,"서울특별시 강서구 등촌로51가길 26, 본관동 지하 1층 (등촌동, 2동 영일고등학교)",07669,01,영업/정상,학교,070-8825-4245,,,상수도전용
기타,,서울삼정초등학교,학교,,183178.100098568,453103.851113513,2026-05-06 22:37:11,I,01,영업,146.02,,,,0,기타,,,,2018-09-19 17:21:34,2000-06-15,127.93,157-855,서울특별시 강서구 방화동 798-0,N,0,3150000-105-2000-00103,,3150000,"서울특별시 강서구 금낭화로 222 (방화동, 3동)",07508,01,영업/정상,학교,02-665-3869,,,상수도전용
기타,,등원중학교,학교,,186807.887437755,450815.252067237,2026-05-06 22:37:11,I,01,영업,324.95,,,,0,기타,,0,,2017-07-06 13:33:57,2000-06-16,310.41,157-930,서울특별시 강서구 등촌동 707-4,N,0,3150000-105-2000-00104,,3150000,서울특별시 강서구 화곡로65길 50 (등촌동),07576,01,영업/정상,학교,02-2658-2702,,,상수도전용
기타,,경서중학교,학교,,187431.807122713,450994.156749304,2026-05-06 22:37:11,I,01,영업,0,,,,0,기타,,,,2025-08-01 15:49:05,2000-08-22,,157-809,서울특별시 강서구 가양동 1483 경서중학교,N,0,3150000-105-2000-00107,,3150000,"서울특별시 강서구 양천로59길 31, 경서중학교 (가양동)",07533,01,영업/정상,학교,02-2668-0303,,,상수도전용
기타,,서울교통공사 방화차량사업소,공공기관,,183062.31202147,453913.477874055,2026-05-06 22:37:12,I,01,영업,0,,,,0,기타,,0,,2024-05-10 11:14:46,2000-09-20,,157-230,서울특별시 강서구 개화동 290-0 서울교통공사 방화차량사업소 (지상 1층),N,0,3150000-105-2000-00110,,3150000,"서울특별시 강서구 금낭화로26가길 152-39, 후생동 1층 (개화동, 개화동 서울교통공사 방화차량사업소)",07501,01,영업/정상,공공기관,02-6311-3306,,,상수도전용
기타,,교남학교,학교,,186895.590839209,449551.014061089,2026-05-06 22:37:12,I,01,영업,58,,,,0,기타,,,,2024-01-23 18:08:25,2000-10-16,189.32,157-913,서울특별시 강서구 화곡동 960-22,N,0,3150000-105-2000-00111,,3150000,서울특별시 강서구 까치산로22길 38 (화곡동),07662,01,영업/정상,학교,02-2607-2456,,,상수도전용
기타,,천사요양원,사회복지시설,,185244.365895753,449395.774375187,2026-05-06 22:37:12,I,01,영업,173.38,,,,0,기타,,,,2020-09-25 11:45:42,2000-11-28,38.64,157-918,서울특별시 강서구 화곡동 1010-0 (지하 1층),N,0,3150000-105-2000-00113,,3150000,"서울특별시 강서구 강서로45다길 30-22, 지하 1층 (화곡동, 3동)",07704,01,영업/정상,사회복지시설,02-2602-2443,,,상수도전용
기타,,서울신기술창업센타,기타 집단급식소,,188023.60012538,450047.730772546,2026-05-06 22:37:12,I,01,영업,371.28,,,,,기타,,0,,2023-04-21 15:10:05,2001-02-06,81.22,157-840,서울특별시 강서구 등촌동 647-26 서울신기술창업센터 (지하 1층),N,,3150000-105-2001-00115,,3150000,"서울특별시 강서구 공항대로61길 29, 서울신기술창업센터 지하 1층 (등촌동)",07563,01,영업/정상,기타 집단급식소,02-657-5722,,,상수도전용
기타,,제주도탐라영재관,산업체,,186920.98482785,451175.097220108,2026-05-06 22:37:12,I,01,영업,0,,,,,기타,,0,,2025-05-09 16:50:08,2001-02-26,,157-807,서울특별시 강서구 가양동 1480-6 탐라영재관 (지하 1층),N,,3150000-105-2001-00116,,3150000,"서울특별시 강서구 양천로57길 10-10, 지하 1층 (가양동, 2동 탐라영재관)",07526,01,영업/정상,산업체,02-2659-0616,,,상수도전용
,,꿈을여는어린이집,어린이집,,187494.142190672,447930.939590756,2026-05-06 22:37:14,I,01,영업,0,,,,,,,,,2019-02-13 17:19:08,2005-07-07,,157-898,서울특별시 강서구 화곡동 811-12,N,,3150000-105-2005-00012,,3150000,서울특별시 강서구 곰달래로53가길 6 (화곡동),07740,01,영업/정상,어린이집,02-2648-2445,,,상수도전용
,,보성어린이집,어린이집,,183937.7403014,452514.491608298,2026-05-06 22:37:14,I,01,영업,0,,,,,,,,,2017-07-06 14:48:25,2005-07-07,,157-220,서울특별시 강서구 방화동 839-0 보성어린이집 (지상 1층),N,,3150000-105-2005-00013,,3150000,"서울특별시 강서구 방화대로48길 40, 1층 (방화동, 보성어린이집)",07519,01,영업/정상,어린이집,02-2662-6665,,,상수도전용
,,유림어린이집,어린이집,,186178.862251647,447403.101838482,2026-05-06 22:37:14,I,01,영업,7.4,,,,,,,,,2025-12-31 16:56:41,2005-07-07,7.40,157-910,서울특별시 강서구 화곡동 914-22 1층,N,,3150000-105-2005-00018,,3150000,"서울특별시 강서구 곰달래로22길 35, 1층 (화곡동)",07777,01,영업/정상,어린이집,02-2697-6472,,,상수도전용
,,가양어린이집,어린이집,,185876.352133691,451968.264815632,2026-05-06 22:37:14,I,01,영업,14.65,,,,,,,0,,2017-07-06 10:09:44,2005-07-08,14.65,157-801,서울특별시 강서구 가양동 187-6,N,,3150000-105-2005-00020,,3150000,서울특별시 강서구 양천로49길 26 (가양동),07523,01,영업/정상,어린이집,36629691,,,상수도전용
,,해솔어린이집,어린이집,,186845.655193795,451427.035216251,2026-05-06 22:37:14,I,01,영업,6.39,,,,,,,0,,2018-04-10 16:05:22,2005-07-08,33.95,157-807,서울특별시 강서구 가양동 1478-0 도시개발4단지,N,,3150000-105-2005-00021,,3150000,"서울특별시 강서구 양천로57길 37 (가양동,도시개발4단지)",07527,01,영업/정상,어린이집,02-2659-1302,,,상수도전용
,,염창어린이집,어린이집,,188399.49618209,449798.808243442,2026-05-06 22:37:14,I,01,영업,0,,,,,,,,,2017-07-10 10:48:53,2005-07-08,,157-863,서울특별시 강서구 염창동 272-24,N,,3150000-105-2005-00022,,3150000,서울특별시 강서구 공항대로65길 43 (염창동),07561,01,영업/정상,어린이집,02-3665-1960,,,상수도전용
,,발산어린이집,어린이집,,185986.106615614,450254.527593738,2026-05-06 22:37:14,I,01,영업,0,,,,,,,,,2017-07-06 14:25:08,2005-07-08,,157-280,서울특별시 강서구 내발산동 661-13,N,,3150000-105-2005-00023,,3150000,서울특별시 강서구 우장산로 45 (내발산동),07647,01,영업/정상,어린이집,02-3661-8894,,,상수도전용
,,구립볏고을어린이집,어린이집,,187212.982267467,449931.796638246,2026-05-06 22:37:14,I,01,영업,0,,,,,,,,,2017-07-06 11:01:20,2005-07-08,,157-928,서울특별시 강서구 화곡동 1129-36,N,,3150000-105-2005-00024,,3150000,서울특별시 강서구 화곡로58길 100 (화곡동),07656,01,영업/정상,어린이집,02-2605-4097,,,상수도전용
,,해바라기어린이집,어린이집,,187189.180967493,448353.005345816,2026-05-06 22:37:14,I,01,영업,0,,,,,,,,,2025-11-13 16:23:34,2005-07-08,,157-894,서울특별시 강서구 화곡동 474-17,N,,3150000-105-2005-00025,,3150000,서울특별시 강서구 등촌로13자길 39-16 (화곡동),07736,01,영업/정상,어린이집,02-2643-7307,,,상수도전용
,,구립초록어린이집,어린이집,,186768.232748386,448753.318834196,2026-05-06 22:37:14,I,01,영업,0,,,,,,,,,2017-07-06 11:04:05,2005-07-08,,157-867,서울특별시 강서구 화곡동 56-63,N,,3150000-105-2005-00026,,3150000,서울특별시 강서구 초록마을로 81 (화곡동),07676,01,영업/정상,어린이집,02-2607-0359,,,상수도전용
,,구립아이솔어린이집,어린이집,,182909.283938984,451364.012052238,2026-05-06 22:37:14,I,01,영업,0,,,,,,,,,2022-07-08 13:25:34,2005-07-08,,157-853,서울특별시 강서구 방화동 616-20,N,,3150000-105-2005-00029,,3150000,서울특별시 강서구 개화동로27길 13 (방화동),07621,01,영업/정상,어린이집,02-2664-9574,,,상수도전용
,,까치산어린이집,어린이집,,186542.028100687,447802.281270984,2026-05-06 22:37:15,I,01,영업,11,,,,,,,11,,2024-07-30 11:29:08,2005-07-08,12.00,157-880,서울특별시 강서구 화곡동 341-11 까치산어린이집 (지상 2층),N,,3150000-105-2005-00030,,3150000,"서울특별시 강서구 강서로12길 29-10, 2층 (화곡동, 8동 까치산어린이집)",07757,01,영업/정상,어린이집,02-2699-2181,,,상수도전용
,,구립공항어린이집,어린이집,,183549.837441708,450545.450335633,2026-05-06 22:37:15,I,01,영업,23.4,,,,,,,,,2024-03-19 17:46:18,2005-07-08,55.20,157-818,서울특별시 강서구 공항동 664-4,N,,3150000-105-2005-00031,,3150000,서울특별시 강서구 남부순환로11길 81 (공항동),07625,01,영업/정상,어린이집,02-2665-1514,,,상수도전용
,,하나영재어린이집,어린이집,,187293.138076042,450951.818187215,2026-05-06 22:37:15,I,01,영업,0,,,,,,,,,2017-07-06 11:27:14,2005-07-11,,157-804,서울특별시 강서구 가양동 448-1 강나루현대아파트단지내,N,,3150000-105-2005-00033,,3150000,"서울특별시 강서구 양천로 507 (가양동,강나루현대아파트단지내)",07534,01,영업/정상,어린이집,02-3663-3088,,,상수도전용
,,한울어린이집,어린이집,,185954.781772539,449568.048652307,2026-05-06 22:37:15,I,01,영업,22.08,,,,,,,2,,2017-07-06 11:11:22,2005-07-11,22.08,157-010,서울특별시 강서구 화곡동 1159-4 지상1층,N,,3150000-105-2005-00034,,3150000,"서울특별시 강서구 우현로 34 (화곡동,지상1층)",07690,01,영업/정상,어린이집,02-2602-3886,,,상수도전용
,,(구립)하늘숲어린이집,어린이집,,185295.98064631,449025.930434664,2026-05-06 22:37:15,I,01,영업,0,,,,,,,,,2024-07-30 13:08:39,2005-07-11,,157-922,서울특별시 강서구 화곡동 1039-17,N,,3150000-105-2005-00035,,3150000,서울특별시 강서구 강서로45다길 102 (화곡동),07710,01,영업/정상,어린이집,02-2699-2220,,,상수도전용
,,은초록어린이집,어린이집,,186087.218292932,451044.098894023,2026-05-06 22:37:15,I,01,영업,0,,,,,,,,,2022-01-11 17:45:43,2005-07-11,,157-930,서울특별시 강서구 등촌동 690 (주공4단지복지관),N,,3150000-105-2005-00036,,3150000,"서울특별시 강서구 공항대로39길 59 (등촌동,(주공4단지복지관))",07585,01,영업/정상,어린이집,02-3662-3339,,,상수도전용
,,가양7어린이집,어린이집,,187710.471574269,451087.687651536,2026-05-06 22:37:15,I,01,영업,0,,,,,,,0,,2017-07-06 10:08:18,2005-07-11,,157-810,서울특별시 강서구 가양동 1486 주공가양(아)7단지,N,,3150000-105-2005-00037,,3150000,"서울특별시 강서구 허준로 209 (가양동,주공가양(아)7단지)",07531,01,영업/정상,어린이집,02-2668-8606,,,상수도전용
,,호선실버센터,사회복지시설,,184726.263125093,449886.41158297,2026-05-06 22:37:17,I,01,영업,35.4,,,,,,,,,2025-07-23 15:01:26,2008-10-15,70.30,157-280,서울특별시 강서구 내발산동 746-0 노인복지시설 (지하 1층),N,,3150000-105-2008-00016,,3150000,"서울특별시 강서구 수명로2길 96, 지하 1층 (내발산동, 1동 노인복지시설)",07636,01,영업/정상,사회복지시설,02-2662-6712,,,상수도전용
,,강서유치원,어린이집,,186679.26282183,449559.8743847,2026-05-06 22:37:17,I,01,영업,7.8,,,,,,,,,2017-07-06 10:37:14,2008-11-12,7.80,157-913,서울특별시 강서구 화곡동 969-10,N,,3150000-105-2008-00018,,3150000,서울특별시 강서구 까치산로 116 (화곡동),07662,01,영업/정상,어린이집,02-2602-5225,,,상수도전용
,,장미유치원,어린이집,,187178.737304284,451447.114515225,2026-05-06 22:37:17,I,01,영업,9.9,,,,,,,,,2017-07-10 11:07:50,2008-11-17,9.90,157-807,서울특별시 강서구 가양동 1475-0 강변아파트 상가동,N,,3150000-105-2008-00020,,3150000,"서울특별시 강서구 허준로 139, 상가동 (가양동,강변아파트)",07525,01,영업/정상,어린이집,02-2648-0614,,,상수도전용
,,강서구청어린이집,어린이집,,186760.91777005,449734.830362325,2026-05-06 22:37:17,I,01,영업,11.04,,,,,,,,,2024-07-30 13:54:35,2008-11-19,11.04,157-701,서울특별시 강서구 화곡동 980-29 강서구청어린이집 (지상 1층),N,,3150000-105-2008-00022,,3150000,"서울특별시 강서구 화곡로44나길 72, 1층 (화곡동, 6동 강서구청어린이집)",07663,01,영업/정상,어린이집,070-8879-0622,,,상수도전용
,,우일유치원,어린이집,,187131.435244335,448114.682651598,2026-05-06 22:37:18,I,01,영업,21.46,,,,,,,,,2024-05-23 17:00:02,2008-11-25,21.46,157-893,"서울특별시 강서구 화곡동 463-5 외2필지(6,17)",N,,3150000-105-2008-00025,,3150000,"서울특별시 강서구 곰달래로47길 88 (화곡동,외2필지(6,17))",07744,01,영업/정상,어린이집,02-2602-4026,,,상수도전용
,,한나유치원,어린이집,,183169.082562086,452783.158197133,2026-05-06 22:37:18,I,01,영업,26.05,,,,,,,,,2017-07-06 11:14:18,2008-11-26,26.05,157-856,서울특별시 강서구 방화동 814,N,,3150000-105-2008-00027,,3150000,서울특별시 강서구 금낭화로 287-19 (방화동),07510,01,영업/정상,어린이집,02-2666-1004,,,상수도전용
,,신세기유치원,어린이집,,186429.327795498,452034.27568352,2026-05-06 22:37:18,I,01,영업,12,,,,,,0,0,,2017-07-07 15:23:15,2008-12-15,12.00,157-806,서울특별시 강서구 가양동 1461,N,,3150000-105-2008-00029,0,3150000,서울특별시 강서구 허준로 47 (가양동),07524,01,영업/정상,어린이집,02-2659-1257,,,상수도전용
,,국제유치원,어린이집,,184290.23546055,452042.530838313,2026-05-06 22:37:18,I,01,영업,0,,,,,,,,,2017-07-06 11:06:24,2008-12-17,,157-210,서울특별시 강서구 마곡동 327-40,N,,3150000-105-2008-00030,,3150000,서울특별시 강서구 양천로30길 4 (마곡동),07595,01,영업/정상,어린이집,02-3662-7404,,,상수도전용
,,아람유치원,어린이집,,183340.03965069,453050.733807442,2026-05-06 22:37:18,I,01,영업,7.02,,,,,,0,0,,2024-03-08 14:38:22,2008-12-17,7.02,157-856,서울특별시 강서구 방화동 817-0 동성아파트내,N,,3150000-105-2008-00031,0,3150000,"서울특별시 강서구 금낭화로23길 8 (방화동,동성아파트내)",07509,01,영업/정상,어린이집,02-2663-0749,,,상수도전용
,,우람유치원,어린이집,,183585.729347519,452506.328501406,2026-05-06 22:37:18,I,01,영업,33.75,,,,,,,,,2025-09-06 10:31:59,2008-12-17,33.75,157-220,서울특별시 강서구 방화동 875 동부센트레빌아파트,N,,3150000-105-2008-00032,,3150000,"서울특별시 강서구 방화대로45길 32 (방화동, 동부센트레빌아파트)",07517,01,영업/정상,어린이집,02-2667-0645,,,상수도전용
,,해리유치원,어린이집,,187872.565001606,450725.186846026,2026-05-06 22:37:18,I,01,영업,0,,,,,,0,0,,2023-03-14 16:21:20,2008-12-19,.00,157-810,서울특별시 강서구 가양동 1490-0 가양9단지아파트,N,,3150000-105-2008-00033,0,3150000,"서울특별시 강서구 허준로 234 (가양동,가양9단지아파트)",07532,01,영업/정상,어린이집,02-2659-3296,,,상수도전용
,,윤서유치원,어린이집,,185034.346957949,449164.972451344,2026-05-06 22:37:18,I,01,영업,7.44,,,,,,,,,2017-07-10 11:03:04,2008-12-29,7.44,157-926,서울특별시 강서구 화곡동 1091-0 대우아파트내,N,,3150000-105-2008-00034,,3150000,"서울특별시 강서구 화곡로13길 107 (화곡동,대우아파트내)",07703,01,영업/정상,어린이집,02-2605-2277,,,상수도전용
,,신영유치원,어린이집,,186604.365776697,447649.531917649,2026-05-06 22:37:18,I,01,영업,9.8,,,,,,,,,2017-07-07 15:24:27,2008-12-30,9.80,157-886,서울특별시 강서구 화곡동 391-48 외 1필지 (지상 2층),N,,3150000-105-2008-00036,,3150000,"서울특별시 강서구 곰달래로25길 4, 2층 (화곡동, 8동 신영유치원)",07759,01,영업/정상,어린이집,02-2692-2729,,,상수도전용
,,보라유치원,어린이집,,186382.066514958,451163.13082016,2026-05-06 22:37:18,I,01,영업,0,,,,,,,,,2017-07-06 14:47:07,2009-01-06,,157-930,서울특별시 강서구 등촌동 694,N,,3150000-105-2009-00001,,3150000,서울특별시 강서구 공항대로39길 100 (등촌동),07579,01,영업/정상,어린이집,02-2658-1154,,,상수도전용
,,방화이화유치원,어린이집,,183455.023332711,452433.939842069,2026-05-06 22:37:18,I,01,영업,0,,,,,,0,0,,2024-05-23 16:52:23,2009-02-04,.00,157-849,서울특별시 강서구 방화동 449-27,N,,3150000-105-2009-00002,0,3150000,서울특별시 강서구 양천로17길 4-55 (방화동),07517,01,영업/정상,어린이집,02-2662-2017,,,상수도전용
,,등현유치원,어린이집,,186548.403925842,451033.123382717,2026-05-06 22:37:18,I,01,영업,10.65,,,,,,,,,2017-07-06 13:49:53,2009-02-12,10.65,157-930,서울특별시 강서구 등촌동 702-4,N,,3150000-105-2009-00004,,3150000,서울특별시 강서구 화곡로63가길 63 (등촌동),07578,01,영업/정상,어린이집,02-3662-2204,,,상수도전용
,,수명고등학교,학교,,184449.543358213,449725.236365918,2026-05-06 22:37:18,I,01,영업,211.29,,,,,,,,,2017-07-07 14:34:10,2009-03-06,645.51,157-280,서울특별시 강서구 내발산동 758-0 수명고등학교 (지상 1층),N,,3150000-105-2009-00006,,3150000,"서울특별시 강서구 수명로2길 15, 1층 (내발산동, 1동 수명고등학교)",07635,01,영업/정상,학교,02-2667-8702,,,상수도전용
기타,,(주)국민은행전산정보그룹,산업체,2026-01-09,188385.790412096,450185.53471656,2026-05-06 22:37:06,I,02,폐업,512,,,,0,기타,,,,2026-01-09 11:32:18,1994-12-07,80.00,157-861,서울특별시 강서구 염창동 244-3 (지상 1층),N,0,3150000-105-1994-00030,,3150000,"서울특별시 강서구 양천로 643, 1층 (염창동)",07544,03,폐업,산업체,02-2073-4140,,,상수도전용
,,강서구보건소,공공기관,2025-12-17,188295.158516659,449716.240275364,2026-05-06 22:37:12,I,02,폐업,0,,,,,,,,,2025-12-17 11:37:42,2001-11-30,,157-863,서울특별시 강서구 염창동 275-12 (지상 4층),N,,3150000-105-2001-00123,,3150000,"서울특별시 강서구 공항대로 561, 4층 (염창동)",07560,03,폐업,공공기관,02-2600-5800,,,상수도전용
,,블루나인 어린이집,어린이집,,187791.523094146,450192.311770905,2026-05-06 22:37:22,I,01,영업,16.5,,,,,,0,0,,2017-07-06 14:51:05,2015-03-09,16.50,157-840,서울특별시 강서구 등촌동 645-24,N,,3150000-105-2015-00009,0,3150000,서울특별시 강서구 화곡로66길 186-4 (등촌동),07564,01,영업/정상,어린이집,02-3665-9295,,,상수도전용
,,마곡5 해맑은어린이집,어린이집,,183839.4827194,451514.34263523,2026-05-06 22:37:22,I,01,영업,19.01,,,,,,0,0,,2017-07-06 14:05:38,2015-03-10,14.25,157-210,서울특별시 강서구 마곡동 740 (지상1층) 상가동,N,,3150000-105-2015-00010,0,3150000,"서울특별시 강서구 마곡서1로 111-11, 상가동 1층 (마곡동, 방화1동 마곡엠밸리5단지)",07599,01,영업/정상,어린이집,02-2666-0008,,,상수도전용
,,서울마곡유치원,어린이집,,183850.294138291,451898.263635123,2026-05-06 22:37:22,I,01,영업,80.22,,,,,,0,0,,2025-03-27 16:44:55,2015-04-29,168.78,157-210,서울특별시 강서구 마곡동 734-4,N,,3150000-105-2015-00013,0,3150000,서울특별시 강서구 마곡서1로 139-13 (마곡동),07598,01,영업/정상,어린이집,02-2666-8071,,,상수도전용
,,강서뇌성마비복지관,사회복지시설,,183373.978338126,452451.984021214,2026-05-06 22:37:22,I,01,영업,30,,,,,,0,2,,2017-07-06 10:25:42,2015-05-06,100.00,157-849,서울특별시 강서구 방화동 452-5 (지상 7층),N,,3150000-105-2015-00014,0,3150000,"서울특별시 강서구 방화대로45길 69, 7층 (방화동, 1동)",07517,01,영업/정상,사회복지시설,02-2662-3491,,,상수도전용
,,그린힐입주자협동조합,산업체,,186899.241516278,451093.022236256,2026-05-06 22:37:22,I,01,영업,100.7,,,,,,0,0,,2020-07-24 16:01:34,2015-05-18,340.70,157-930,서울특별시 강서구 등촌동 717-0 그레이스힐 (지상 1층),N,,3150000-105-2015-00015,0,3150000,"서울특별시 강서구 양천로 470, 1층 (등촌동, 3동 그레이스힐)",07575,01,영업/정상,산업체,02-3660-1520,,,상수도전용
,,구립강서구직업재활센터,사회복지시설,,186837.360122447,451692.39657905,2026-05-06 22:37:22,I,01,영업,30,,,,,,0,0,,2024-03-07 14:59:34,2015-11-05,126.00,157-807,서울특별시 강서구 가양동 1472 (지하 1층),N,,3150000-105-2015-00020,0,3150000,"서울특별시 강서구 허준로 95-9, 지하1층 (가양동, 2동)",07525,01,영업/정상,사회복지시설,02-3661-0326,,,상수도전용
,,KB강서어린이집,어린이집,,188431.745539182,450199.565665122,2026-05-06 22:37:22,I,01,영업,40.44,,,,,,0,0,,2023-06-02 16:20:27,2016-02-02,68.20,157-861,서울특별시 강서구 염창동 244-9 (지상 2층),N,,3150000-105-2016-00002,0,3150000,"서울특별시 강서구 양천로 643, 2층 (염창동)",07544,01,영업/정상,어린이집,02-3665-8101,,,상수도전용
,,홈플러스 주식회사,산업체,,187119.948165892,450691.593173724,2026-05-06 22:37:22,I,01,영업,238.6,,,,,,0,0,,2024-04-09 13:57:37,2016-04-07,"1,238.60",157-840,서울특별시 강서구 등촌동 639-11 (등촌1동),N,,3150000-105-2016-00004,0,3150000,"서울특별시 강서구 화곡로 398 (등촌동, 1동)",07567,01,영업/정상,산업체,02-3459-1760,,,상수도전용
,,이든아이어린이집,어린이집,,186598.543729381,449356.904881354,2026-05-06 22:37:22,I,01,영업,7.48,,,,,,0,0,,2024-01-23 18:15:13,2016-04-21,7.48,157-895,서울특별시 강서구 화곡동 29-187 (화곡본동),N,,3150000-105-2016-00005,0,3150000,"서울특별시 강서구 까치산로18나길 22-1 (화곡동, 화곡본동)",07674,01,영업/정상,어린이집,02-2605-0241,,,상수도전용
,,하나린어린이집,어린이집,,184511.392478937,450198.00500172,2026-05-06 22:37:22,I,01,영업,9.9,,,,,,0,0,,2020-07-17 17:37:12,2016-05-27,9.90,157-280,서울특별시 강서구 내발산동 740-1 (발산1동),N,,3150000-105-2016-00007,0,3150000,"서울특별시 강서구 수명로1길 133 (내발산동, 발산1동)",07630,01,영업/정상,어린이집,02-2665-6300,,,상수도전용
,,주식회사 좋은책신사고,산업체,,185834.505777851,451638.247815644,2026-05-06 22:37:22,I,01,영업,50,,,,,,0,0,,2016-11-18 17:44:58,2016-08-30,331.00,157-210,서울특별시 강서구 마곡동 776-6 (지하1층),N,,3150000-105-2016-00009,0,3150000,"서울특별시 강서구 강서로 463, 지하1층 (마곡동, (주)좋은책신사고마곡제2사옥, 가양1동)",07791,01,영업/정상,산업체,02-3480-4119,,,상수도전용
,,365 강서수 요양병원,병원,,182940.086694869,452319.805032727,2026-05-06 22:37:22,I,01,영업,46.92,,,,,,0,0,,2017-07-06 09:58:01,2016-10-21,56.65,157-849,서울특별시 강서구 방화동 495-26 (방화1동),N,,3150000-105-2016-00011,0,3150000,"서울특별시 강서구 양천로 35, 1층 (방화동, 방화1동)",07516,01,영업/정상,병원,02-2663-0075,,,상수도전용
,,(주)영림원소프트랩,산업체,,187952.560027898,450562.020225978,2026-05-06 22:37:22,I,01,영업,26.2,,,,,,0,0,,2021-04-15 16:42:00,2017-01-10,143.70,157-779,"서울특별시 강서구 염창동 240-21 우림블루나인비즈니스센터, A동 3층 301호",N,,3150000-105-2017-00002,0,3150000,"서울특별시 강서구 양천로 583, 우림블루나인비즈니스센터 A동 3층 301호 (염창동)",07547,01,영업/정상,산업체,02-2093-1195,,,상수도전용
,,마곡11 나무햇살 어린이집,어린이집,,184123.663823162,450801.154255534,2026-05-06 22:37:22,I,01,영업,15.28,,,,,,0,0,,2017-01-18 13:20:10,2017-01-10,15.28,157-210,서울특별시 강서구 마곡동 746 (지상1층),N,,3150000-105-2017-00003,0,3150000,"서울특별시 강서구 공항대로 124, 1103동 1층 (마곡동, 공항동, 마곡엠밸리11단지)",07808,01,영업/정상,어린이집,02-6958-5501,,,상수도전용
,,은도어린이집,어린이집,,185855.031922075,448667.700015574,2026-05-06 22:37:22,I,01,영업,15.77,,,,,,0,0,,2022-02-16 16:41:20,2017-01-11,35.77,157-925,서울특별시 강서구 화곡동 1077-0 은도어린이집 (지상 1층),N,,3150000-105-2017-00004,0,3150000,"서울특별시 강서구 화곡로26길 33, 1층 (화곡동, 1동 은도어린이집)",07715,01,영업/정상,어린이집,02-2693-8840,,,상수도전용
,임대,마곡10별솔어린이집,어린이집,,183968.906835987,450822.830988735,2026-05-06 22:37:22,I,01,영업,22,,,,,,0,0,,2017-01-18 13:21:20,2017-01-11,22.81,157-210,서울특별시 강서구 마곡동 747-0 마곡엠밸리10단지 (지상 1층),N,,3150000-105-2017-00005,0,3150000,"서울특별시 강서구 마곡중앙1로 72, 보육시설동 1층 (마곡동, 공항동 마곡엠밸리10단지)",07629,01,영업/정상,어린이집,02-6964-6630,,,상수도전용
,임대,마곡12온새미어린이집,어린이집,,184285.200468609,450783.326303366,2026-05-06 22:37:22,I,01,영업,10.79,,,,,,0,0,,2017-01-12 14:56:47,2017-01-12,11.79,157-210,서울특별시 강서구 마곡동 746-1 마곡엠밸리12단지 (지상 1층) 어린이집동,N,,3150000-105-2017-00006,0,3150000,"서울특별시 강서구 공항대로 140, 어린이집동 1층 (마곡동, 공항동 마곡엠밸리12단지)",07808,01,영업/정상,어린이집,02-2088-1722,,,상수도전용
,,서울영재어린이집,어린이집,,186502.377649127,443574.270446552,2026-05-06 22:31:52,I,01,영업,10,,,,,,0,0,,2024-10-04 20:16:24,2011-06-27,10.00,152-896,서울특별시 구로구 오류동 142-84,N,,3160000-105-2011-00011,0,3160000,서울특별시 구로구 오류로8길 151-1 (오류동),08340,01,영업/정상,어린이집,02-2613-8926,,,상수도전용
,,꿈나래어린이집,어린이집,,187333.676062479,443142.090003349,2026-05-06 22:31:52,I,01,영업,13.41,,,,,,0,0,,2024-10-04 10:48:27,2011-06-27,13.41,152-810,서울특별시 구로구 개봉동 262-5 (3층),N,,3160000-105-2011-00012,0,3160000,"서울특별시 구로구 개봉로16가길 10-26 (개봉동,(3층))",08332,01,영업/정상,어린이집,02-2060-6610,,,상수도전용
,자가,서울천왕초등학교,학교,,185520.234871046,442152.525372314,2026-05-06 22:31:52,I,01,영업,102.84,,,,,,0,0,,2017-07-18 08:55:28,2011-08-31,706.88,152-130,서울특별시 구로구 천왕동 172-2 서울천왕초등학교,N,,3160000-105-2011-00015,0,3160000,"서울특별시 구로구 천왕로1길 11 (천왕동,서울천왕초등학교)",08364,01,영업/정상,학교,070-4394-2109,,,상수도전용
,,예스병원,병원,,189614.168824038,443289.375602701,2026-05-06 22:31:53,I,01,영업,82.5,,,,,,0,0,,2024-05-16 11:32:36,2011-09-15,82.50,152-870,서울특별시 구로구 구로동 704-10,N,,3160000-105-2011-00016,0,3160000,서울특별시 구로구 구로동로 147 (구로동),08309,01,영업/정상,병원,1577-1680,,,상수도전용
,자가,맑은샘 어린이집,어린이집,,188011.152430509,444476.076151899,2026-05-06 22:31:53,I,01,영업,39.37,,,,,,0,0,,2024-10-24 10:44:43,2011-10-25,39.37,152-824,서울특별시 구로구 고척동 52-32,N,,3160000-105-2011-00017,0,3160000,서울특별시 구로구 경인로47가길 23 (고척동),08222,01,영업/정상,어린이집,02-2662-2847,,,상수도전용
,자가,비룡어린이집,어린이집,,186508.399466107,444700.419715713,2026-05-06 22:31:53,I,01,영업,29.19,,,,,,0,0,,2024-10-24 10:56:58,2011-11-01,29.19,152-833,서울특별시 구로구 고척동 249-106,N,,3160000-105-2011-00019,0,3160000,"서울특별시 구로구 고척로33길 43, 4층 (고척동)",08245,01,영업/정상,어린이집,02-2619-9933,,,상수도전용
,,우신중학교,학교,,184664.090902265,443642.084113544,2026-05-06 22:31:53,I,01,영업,120,,,,,,0,0,,2017-07-19 10:32:09,2012-03-02,672.00,152-883,서울특별시 구로구 궁동 230 우신중학교,N,,3160000-105-2012-00003,0,3160000,"서울특별시 구로구 부일로 917 (궁동, 우신중학교)",08258,01,영업/정상,학교,02-2610-1505,,,상수도전용
,,천왕숲어린이집,어린이집,,185594.191376833,442181.380199019,2026-05-06 22:31:53,I,01,영업,24,,,,,,0,0,,2024-10-04 20:31:00,2012-11-21,24.00,152-130,서울특별시 구로구 천왕동 167-1,N,,3160000-105-2012-00010,0,3160000,서울특별시 구로구 천왕로1길 5 (천왕동),08364,01,영업/정상,어린이집,02-2616-1671,,,상수도전용
,자가,본동어린이집,어린이집,,189665.224954484,443773.869756623,2026-05-06 22:31:53,I,01,영업,13,,,,,,0,0,,2017-07-17 19:49:16,2012-12-21,13.00,152-857,서울특별시 구로구 구로동 459-3,N,,3160000-105-2012-00012,0,3160000,서울특별시 구로구 구로동로40길 21-1 (구로동),08283,01,영업/정상,어린이집,02-3281-6529,,,상수도전용
,,법무부남부 보라미 어린이집,어린이집,,185530.717402739,441675.376027035,2026-05-06 22:31:53,I,01,영업,9.3,,,,,,0,0,,2025-09-02 10:31:23,2013-02-28,9.30,152-130,서울특별시 구로구 천왕동 272 법무부 남부 보라미 어린이집,N,,3160000-105-2013-00005,0,3160000,"서울특별시 구로구 금오로 865 (천왕동, 법무부 남부 보라미 어린이집)",08367,01,영업/정상,어린이집,02-2611-1122,,,상수도전용
,,천왕중학교,학교,,185567.838162631,442273.426332693,2026-05-06 22:31:53,I,01,영업,627.9,,,,,,0,0,,2020-10-19 15:44:58,2013-03-05,627.90,152-130,서울특별시 구로구 천왕동 166-3 천왕중학교,N,,3160000-105-2013-00006,0,3160000,"서울특별시 구로구 천왕로 63 (천왕동, 천왕중학교)",08364,01,영업/정상,학교,02-2618-2853,,,상수도전용
,,푸른동산유치원,어린이집,,185017.056545793,442740.000363638,2026-05-06 22:31:53,I,01,영업,30,,,,,,0,0,,2019-03-14 11:12:33,2013-03-28,30.00,152-903,서울특별시 구로구 오류동 295 숲속나무유치원,N,,3160000-105-2013-00009,0,3160000,"서울특별시 구로구 서해안로 2201 (오류동, 숲속나무유치원)",08358,01,영업/정상,어린이집,02-2613-1303,,,상수도전용
,,구립 새움터어린이집,어린이집,,190666.864354145,442750.016695612,2026-05-06 22:31:54,I,01,영업,11.13,,,,,,0,0,,2024-10-04 19:41:40,2013-10-23,11.13,152-847,서울특별시 구로구 구로동 170-5 우림이비지센터 1차 101호,N,,3160000-105-2013-00017,0,3160000,"서울특별시 구로구 디지털로33길 28 (구로동, 우림이비지센터 1차 101호)",08377,01,영업/정상,어린이집,02-854-0022,,,상수도전용
,,의료법인 어울림의료재단 정성요양병원,병원,,190540.82626688,441868.707510887,2026-05-06 22:31:54,I,01,영업,71.2,,,,,,0,0,,2024-10-04 19:44:56,2013-11-05,71.20,152-801,서울특별시 구로구 가리봉동 137-8 정성요양병원 별관 3층,N,,3160000-105-2013-00018,0,3160000,"서울특별시 구로구 남부순환로 1287, 정성요양병원 별관 3층 (가리봉동)",08395,01,영업/정상,병원,02-863-8636,,,상수도전용
,,아름제일여성병원,병원,,190244.829015482,444811.238193821,2026-05-06 22:31:54,I,01,영업,31.52,,,,,,0,4,,2024-10-23 12:55:42,2013-12-12,65.46,152-838,서울특별시 구로구 구로동 25,N,,3160000-105-2013-00019,0,3160000,"서울특별시 구로구 새말로 94, 9층 (구로동)",08289,01,영업/정상,병원,02-855-9911,,,상수도전용
,,은가람어린이집,어린이집,,189611.920644357,445731.050329548,2026-05-06 22:31:54,I,01,영업,33.18,,,,,,0,0,,2017-07-18 20:13:55,2014-01-08,33.18,152-887,서울특별시 구로구 신도림동 324-4 신도림생활체육관 1층,N,,3160000-105-2014-00001,0,3160000,"서울특별시 구로구 경인로67길 149 (신도림동, 신도림 생활체육관 1층 은가람어린이집)",08200,01,영업/정상,어린이집,02-2635-4967,,,상수도전용
,,구립 연지어린이집,어린이집,,185779.281353619,442790.36513969,2026-05-06 22:31:54,I,01,영업,21,,,,,,0,0,,2024-10-04 20:14:47,2014-02-27,21.00,152-130,서울특별시 구로구 천왕동 14-98 연지타운 1단지 구립연지어린이집 104동 1호,N,,3160000-105-2014-00004,0,3160000,"서울특별시 구로구 오류로 30, 104동 1층 (오류동, 연지타운 1단지 구립연지어린이집)",08350,01,영업/정상,어린이집,02-2682-2822,,,상수도전용
,,구립 온새미어린이집,어린이집,,190404.664802819,444348.095356206,2026-05-06 22:31:55,I,01,영업,24,,,,,,0,0,,2024-10-22 18:03:22,2014-03-17,24.00,152-838,서울특별시 구로구 구로동 50-11 구립온새미어린이집,N,,3160000-105-2014-00006,0,3160000,"서울특별시 구로구 새말로18길 130 (구로동, 구립온새미어린이집)",08297,01,영업/정상,어린이집,02-857-3322,,,상수도전용
,임대,마곡8열린숲어린이집,어린이집,,184002.221367555,451272.78863313,2026-05-06 22:37:23,I,01,영업,28.95,,,,,,0,0,,2017-02-03 09:43:57,2017-01-12,16.31,157-210,서울특별시 강서구 마곡동 741-0 마곡엠밸리8단지 (지상 1층) 어린이집동,N,,3150000-105-2017-00007,0,3150000,"서울특별시 강서구 마곡서1로 81, 어린이집동 1층 (마곡동, 방화 1동 마곡엠밸리8단지)",07599,01,영업/정상,어린이집,02-2039-8301,,,상수도전용
,,면력한방병원,병원,,185590.150482304,450885.185701751,2026-05-06 22:37:23,I,01,영업,38.95,,,,,,0,0,,2024-07-29 11:49:44,2017-01-31,102.38,157-210,서울특별시 강서구 마곡동 795-7 열린프라자,N,,3150000-105-2017-00008,0,3150000,"서울특별시 강서구 마곡중앙6로 93, 열린프라자 10층 (마곡동)",07803,01,영업/정상,병원,070-4401-0693,,,상수도전용
,자가,직원식당,기숙사,,184422.627580237,450813.378045397,2026-05-06 22:37:23,I,01,영업,90,,,,,,0,0,,2026-04-08 14:34:15,2017-03-03,990.00,157-210,서울특별시 강서구 마곡동 798-0 홈앤쇼핑사옥 (지상 11층),N,,3150000-105-2017-00010,0,3150000,"서울특별시 강서구 공항대로 150, 11층 (마곡동, 발산 1동 홈앤쇼핑사옥)",07807,01,영업/정상,기숙사,02-6364-1715,,,상수도전용
,,이솔유치원,어린이집,,186868.748217493,447679.077613899,2026-05-06 22:37:23,I,01,영업,10.56,,,,,,0,0,,2017-07-10 11:06:35,2017-03-14,10.56,157-904,서울특별시 강서구 화곡동 872-10 (지상 5층),N,,3150000-105-2017-00011,0,3150000,"서울특별시 강서구 곰달래로33가길 6, 5층 (화곡동, 2동)",07750,01,영업/정상,어린이집,02-2606-3181,,,상수도전용
,,대통령 경호실 경호안전 교육원,공공기관,,180784.022319515,450733.563755208,2026-05-06 22:37:23,I,01,영업,85,,,,,,0,0,,2019-01-15 15:30:38,2017-03-28,288.10,157-250,서울특별시 강서구 과해동 714-0 경호안전 교육원 (지상 1층),N,,3150000-105-2017-00014,0,3150000,"서울특별시 강서구 개화동로4길 927-45, 1층 (과해동, 경호안전 교육원)",07505,01,영업/정상,공공기관,02-770-5411,,,상수도전용
,자가,튼튼어린이집,어린이집,,187679.786216942,449412.671912102,2026-05-06 22:37:23,I,01,영업,10,,,,,,0,0,,2017-05-31 13:41:16,2017-05-31,12.00,157-836,서울특별시 강서구 등촌동 522-33 튼튼어린이집 (지상 3층),N,,3150000-105-2017-00020,0,3150000,"서울특별시 강서구 등촌로39라길 21, 3층 (등촌동, 2동 튼튼어린이집)",07669,01,영업/정상,어린이집,02-2653-3313,,,상수도전용
,자가,등촌제일유치원,어린이집,,187496.377120173,450366.091406589,2026-05-06 22:37:23,I,01,영업,139.21,,,,,,0,0,,2024-01-23 18:16:06,2017-06-02,86.40,157-840,서울특별시 강서구 등촌동 643-7 등촌제일교회 (지하 1층),N,,3150000-105-2017-00021,0,3150000,"서울특별시 강서구 화곡로66길 118, 지하 1층 (등촌동, 1동 등촌제일교회)",07570,01,영업/정상,어린이집,02-3663-6043,,,상수도전용
,자가,엘지사이언스파크,산업체,,184825.577234469,451201.280251006,2026-05-06 22:37:23,I,01,영업,1100,,,,,,0,0,,2026-04-24 14:08:24,2017-09-20,"7,897.40",157-210,서울특별시 강서구 마곡동 770-0 엘지사이언스파크 (지하 1층) W동,N,,3150000-105-2017-00024,0,3150000,"서울특별시 강서구 마곡중앙10로 10, W동 지하 1층 (마곡동, 가양 1동 엘지사이언스파크)",07796,01,영업/정상,산업체,02-6966-9274,,,상수도전용
,,마곡14아이마당 어린이집,어린이집,,184447.06935811,450544.556251123,2026-05-06 22:37:23,I,01,영업,36.3,,,,,,0,0,,2024-03-07 16:39:33,2017-10-20,27.00,157-210,서울특별시 강서구 마곡동 750-0 1층,N,,3150000-105-2017-00025,0,3150000,"서울특별시 강서구 마곡중앙로 33, 1층 (마곡동, 발산1동)",07630,01,영업/정상,어린이집,02-2661-1477,,,상수도전용
,자가,주식회사 엘지화학,산업체,,185102.925888382,451165.579794021,2026-05-06 22:37:23,I,01,영업,1205.35,,,,,,0,,,2024-01-23 18:17:16,2017-11-14,"7,032.32",157-210,서울특별시 강서구 마곡동 770-1 엘지사이언스파크 (지하 1층),N,,3150000-105-2017-00028,0,3150000,"서울특별시 강서구 마곡중앙10로 30, 지하 1층 (마곡동, 가양 1동 엘지사이언스파크)",07796,01,영업/정상,산업체,02-6987-4507,,,상수도전용
,임대,롯데중앙연구소,산업체,,184700.416137923,452135.496287469,2026-05-06 22:37:23,I,01,영업,307.92,,,,,,0,0,,2026-04-23 16:28:35,2017-11-14,"1,658.51",157-210,서울특별시 강서구 마곡동 756 롯데중앙연구소 (지하 1층),N,,3150000-105-2017-00029,0,3150000,"서울특별시 강서구 마곡중앙로 201, 지층 (마곡동, 가양 1동 롯데중앙연구소)",07594,01,영업/정상,산업체,02-6309-3144,,,상수도전용
,자가,사단법인 한국의약품수출입협회,산업체,,185152.427625777,450661.720004593,2026-05-06 22:37:23,I,01,영업,217.6,,,,,,0,0,,2024-05-03 14:57:44,2017-11-15,479.08,157-210,서울특별시 강서구 마곡동 800-14 한국의약품수출입협회통합회관 (지상 7층),N,,3150000-105-2017-00030,0,3150000,"서울특별시 강서구 마곡동로 33, 7층 (마곡동, 발산 1동 한국의약품수출입협회통합회관)",07806,01,영업/정상,산업체,02-2162-8095,,,상수도전용
,,국립국어원,공공기관,,183483.839585341,452989.003218004,2026-05-06 22:37:23,I,01,영업,120,,,,,,0,2,,2018-02-05 10:21:12,2017-12-08,120.00,157-857,서울특별시 강서구 방화동 827 국립국어원 (지상 7층),N,,3150000-105-2017-00031,0,3150000,"서울특별시 강서구 금낭화로 154, 국립국어원 방화3동 7층 (방화동)",07511,01,영업/정상,공공기관,02-2669-9775,,,상수도전용
,,마곡13하나어린이집,어린이집,,183882.425597545,450626.281037325,2026-05-06 22:37:23,I,01,영업,32.19,,,,,,0,1,,2024-01-23 18:17:43,2017-12-08,32.19,157-210,서울특별시 강서구 마곡동 748 마곡13단지힐스테이트마스터 (지상 1층),N,,3150000-105-2017-00032,0,3150000,"서울특별시 강서구 마곡중앙1로 71, 공항동 1층 (마곡동, 마곡13단지힐스테이트마스터)",07809,01,영업/정상,어린이집,,,,상수도전용
,자가,엘지사이언스파크 ISC 구내식당,산업체,,185102.925888382,451165.579794021,2026-05-06 22:37:23,I,01,영업,218.5,,,,,,0,0,,2026-04-03 17:22:36,2017-12-13,"1,173.03",157-210,서울특별시 강서구 마곡동 770-1 LG사이언스파크,N,,3150000-105-2017-00033,0,3150000,"서울특별시 강서구 마곡중앙10로 30, 엘지사이언스파크 ISC 7층 (마곡동)",07796,01,영업/정상,산업체,02-2033-5251,,,상수도전용
,,국공립 새롬마을어린이집,어린이집,,185941.807399841,443909.326069452,2026-05-06 22:31:55,I,01,영업,25.6,,,,,,0,0,,2024-10-04 19:56:48,2014-04-02,25.60,152-890,서울특별시 구로구 오류동 13-46,N,,3160000-105-2014-00007,0,3160000,서울특별시 구로구 고척로10길 45 (오류동),08268,01,영업/정상,어린이집,02-2689-5588,,,상수도전용
,,아남전자주식회사,산업체,,190420.238036946,442505.166132249,2026-05-06 22:31:55,I,01,영업,154.35,,,,,,0,0,,2024-10-04 17:22:37,2014-04-11,154.35,152-848,서울특별시 구로구 구로동 197-47 아남빌딩,N,,3160000-105-2014-00008,0,3160000,"서울특별시 구로구 디지털로27가길 27 (구로동, 아남빌딩 4층)",08375,01,영업/정상,산업체,02-6424-4700,,,상수도전용
,,삼성미래여성병원,병원,,185818.005782408,443237.927427791,2026-05-06 22:31:55,I,01,영업,17.25,,,,,,0,0,,2025-12-26 10:08:19,2014-05-23,48.57,152-897,서울특별시 구로구 오류동 159 삼성미래여성병원,N,,3160000-105-2014-00012,0,3160000,"서울특별시 구로구 서해안로 2296 (오류동, 삼성미래여성병원)",08342,01,영업/정상,병원,02-2682-2100,,,상수도전용
,,(주)호텔롯데 롯데시티호텔 구로,산업체,,190779.824680954,442527.527966789,2026-05-06 22:31:55,I,01,영업,197,,,,,,0,0,,2025-02-21 15:31:35,2014-07-07,197.00,152-848,서울특별시 구로구 구로동 188-25 롯데시티호텔 지하1층,N,,3160000-105-2014-00014,0,3160000,"서울특별시 구로구 디지털로 300 (구로동, 롯데시티호텔 지하1층)",08379,01,영업/정상,산업체,02-6210-1095,,,상수도전용
,,목동현대웰병원,병원,,187589.446384647,444825.082812753,2026-05-06 22:31:55,I,01,영업,120,,,,,,0,0,,2025-10-01 09:19:48,2014-07-10,120.00,152-831,서울특별시 구로구 고척동 176-3 목동현대요양병원,N,,3160000-105-2014-00015,0,3160000,"서울특별시 구로구 중앙로 91 (고척동, 목동현대요양병원)",08228,01,영업/정상,병원,02-3666-1122,,,상수도전용
,,구립 예다움 보듬이 나눔이 어린이집,어린이집,,187192.762176913,442910.861402369,2026-05-06 22:31:55,I,01,영업,0,,,,,,,,,2026-04-02 10:43:01,2014-09-02,,152-816,서울특별시 구로구 개봉동 403-82,N,,3160000-105-2014-00017,,3160000,서울특별시 구로구 개봉로 29 (개봉동),08348,01,영업/정상,어린이집,02-2689-9760,,,상수도전용
,자가,또래친구 어린이집,어린이집,,184971.009559577,443946.853297052,2026-05-06 22:31:55,I,01,영업,0,,,,,,0,0,,2021-12-21 09:46:15,2014-10-22,.00,152-883,서울특별시 구로구 궁동 183,N,,3160000-105-2014-00019,0,3160000,서울특별시 구로구 오리로20길 39 (궁동),08249,01,영업/정상,어린이집,,,,상수도전용
,,사단법인 지구촌사랑나눔,사회복지시설,,185346.841718351,442973.213960028,2026-05-06 22:31:56,I,01,영업,0,,,,,,,,,2021-09-27 11:39:53,2015-04-02,165.00,152-901,서울특별시 구로구 오류동 223-5 금강프라자,N,,3160000-105-2015-00002,,3160000,"서울특별시 구로구 오리로 1189 (오류동, 금강프라자)",08358,01,영업/정상,사회복지시설,02-6910-1004,,,상수도전용
,,구립 연우 어린이집,어린이집,,,,2026-05-06 22:31:57,I,01,영업,30,,,,,,0,0,,2024-10-04 20:27:48,2015-04-03,30.00,152-130,서울특별시 구로구 천왕동 산 25-8 천왕이펜하우스S,N,,3160000-105-2015-00003,0,3160000,"서울특별시 구로구 천왕로 50 (천왕동, 천왕이펜하우스S)",08365,01,영업/정상,어린이집,02-2612-3378,,,상수도전용
,,은솔어린이집,어린이집,,190057.095814922,445451.214350067,2026-05-06 22:31:57,I,01,영업,13.74,,,,,,0,0,,2017-07-18 20:16:10,2015-04-14,13.74,152-888,서울특별시 구로구 신도림동 693,N,,3160000-105-2015-00004,0,3160000,"서울특별시 구로구 경인로67길 33, 101동 1층 (신도림동, 아이파크아파트)",08208,01,영업/정상,어린이집,02-2678-7728,,,상수도전용
,,사랑별어린이집,어린이집,,189899.160582397,442769.618038732,2026-05-06 22:31:58,I,01,영업,10,,,,,,0,0,,2017-07-17 19:52:19,2015-06-18,10.00,152-872,서울특별시 구로구 구로동 746-8,N,,3160000-105-2015-00006,0,3160000,서울특별시 구로구 구로동로8길 30-1 (구로동),08320,01,영업/정상,어린이집,02-858-8010,,,상수도전용
,,휴림실버요양센터,사회복지시설,,189973.059793737,442493.802438612,2026-05-06 22:31:58,I,01,영업,281,,,,,,0,5,,2024-10-04 17:42:36,2015-09-18,281.00,152-800,서울특별시 구로구 가리봉동 89-156,N,,3160000-105-2015-00008,0,3160000,서울특별시 구로구 디지털로27길 119 (가리봉동),08385,01,영업/정상,사회복지시설,02-855-0066,,,상수도전용
,,의료법인 우리아이들재단 우리아이들병원,병원,,189538.879839832,444449.405034497,2026-05-06 22:31:59,I,01,영업,31,,,,,,0,0,,2024-10-23 11:40:06,2015-10-01,31.00,152-862,서울특별시 구로구 구로동 586-5 삼전솔하임,N,,3160000-105-2015-00009,0,3160000,"서울특별시 구로구 새말로 15, 3층 (구로동, 삼전솔하임)",08291,01,영업/정상,병원,02-858-0100,,,상수도전용
,,IBK 참좋은어린이집,어린이집,,190942.617144908,442426.095800717,2026-05-06 22:31:59,I,01,영업,21.53,,,,,,0,0,,2024-10-04 19:38:47,2015-11-30,21.53,152-878,서울특별시 구로구 구로동 817 기업은행,N,,3160000-105-2015-00010,0,3160000,"서울특별시 구로구 디지털로32길 55, 3층 (구로동, 기업은행)",08379,01,영업/정상,어린이집,02-830-3020,,,상수도전용
,,의료법인 서울효천의료재단 에이치플러스자립병원,병원,,190344.191572332,444414.17086261,2026-05-06 22:31:59,I,01,영업,308,,,,,,0,0,,2023-11-17 17:05:29,2015-12-01,308.00,152-838,서울특별시 구로구 구로동 44-7,N,,3160000-105-2015-00011,0,3160000,서울특별시 구로구 공원로6가길 4 (구로동),08296,01,영업/정상,병원,070-4171-5181,,,상수도전용
,,서울히어로즈구로점,산업체,,188179.523201824,443958.702076139,2026-05-06 22:31:59,I,01,영업,99,,,,,,0,0,,2024-10-15 14:37:12,2016-03-11,99.00,152-826,서울특별시 구로구 고척동 66-2,N,,3160000-105-2016-00002,0,3160000,"서울특별시 구로구 경인로 430 (고척동, 고척스카이돔)",08275,01,영업/정상,산업체,02-3660-1024,,,상수도전용
,,재단법인 천주교서울대교구유지재단 개봉샛별유치원,어린이집,,187269.205918681,443275.619392327,2026-05-06 22:32:02,I,01,영업,14,,,,,,0,0,,2022-02-24 15:42:25,2016-04-18,14.00,152-810,서울특별시 구로구 개봉동 259-3,N,,3160000-105-2016-00006,0,3160000,서울특별시 구로구 개봉로18길 11 (개봉동),08332,01,영업/정상,어린이집,02-2615-8812,,,상수도전용
,,의료법인 어울림의료재단 정성요양병원(본관),병원,,190607.831669399,441932.291734949,2026-05-06 22:32:02,I,01,영업,76,,,,,,0,0,,2024-10-26 15:49:43,2016-05-04,76.00,152-801,서울특별시 구로구 가리봉동 137-14 정성요양병원 본관 지하1층,N,,3160000-105-2016-00007,0,3160000,"서울특별시 구로구 남부순환로107길 22, 지하1층 (가리봉동, 정성요양병원 본관)",08395,01,영업/정상,병원,02-863-8636,,,상수도전용
,자가,주식회사 엘지씨엔에스,산업체,,185352.202911204,451205.410544702,2026-05-06 22:37:23,I,01,영업,437,,,,,,0,0,,2017-12-28 17:38:53,2017-12-28,"4,797.74",157-210,서울특별시 강서구 마곡동 789-0 엘지사이언스파크 (지하 1층),N,,3150000-105-2017-00034,0,3150000,"서울특별시 강서구 마곡중앙10로 70, 엘지사이언스파크 지하 1층 (마곡동)",07795,01,영업/정상,산업체,02-2099-5137,,,상수도전용
,자가,주식회사 엘지유플러스,산업체,,185334.195824579,451069.230072513,2026-05-06 22:37:23,I,01,영업,400,,,,,,0,0,,2020-01-31 15:30:27,2017-12-28,"4,633.57",157-210,서울특별시 강서구 마곡동 789-4 엘지사이언스파크 (지하 1층),N,,3150000-105-2017-00035,0,3150000,"서울특별시 강서구 마곡중앙8로 71, 엘지사이언스파크 지하 1층 (마곡동)",07795,01,영업/정상,산업체,070-4080-6449,,,상수도전용
,,방화2종합사회복지관,사회복지시설,,183937.7403014,452514.491608298,2026-05-06 22:37:23,I,01,영업,22,,,,,,0,0,,2024-09-10 15:05:35,2018-01-30,66.00,157-220,서울특별시 강서구 방화동 839 방화2단지아파트 (지상 3층),N,,3150000-105-2018-00001,0,3150000,"서울특별시 강서구 방화대로48길 40, 3층 (방화동, 방화2단지아파트)",07519,01,영업/정상,사회복지시설,02-2662-6661,,,상수도전용
,자가,(주)디앤오,산업체,,184819.211223996,451653.837448044,2026-05-06 22:37:23,I,01,영업,144,,,,,,0,0,,2026-01-02 16:12:03,2018-02-12,753.39,157-210,서울특별시 강서구 마곡동 766 디앤오 강서사옥 지하1층,N,,3150000-105-2018-00003,0,3150000,"서울특별시 강서구 마곡중앙로 150, 디앤오 강서사옥 지하1층 (마곡동)",07789,01,영업/정상,산업체,02-6966-9274,,,상수도전용
,,사이언스파크 어린이집,어린이집,,185102.925888382,451165.579794021,2026-05-06 22:37:23,I,01,영업,0,,,,,,0,0,,2024-03-15 11:09:58,2018-02-28,.00,157-210,서울특별시 강서구 마곡동 770-1 엘지사이언스파크 1층,N,,3150000-105-2018-00004,0,3150000,"서울특별시 강서구 마곡중앙10로 30, 엘지사이언스파크 1층 (마곡동)",07796,01,영업/정상,어린이집,02-6941-0302,,,
,임대,(주)미래엠(코트야드메리어트호텔),산업체,,,,2026-05-06 22:37:23,I,01,영업,48,,,,,,0,3,,2025-03-26 16:15:49,2018-03-14,128.00,157-210,서울특별시 강서구 마곡동 766-1 메리어트호텔 지하1층,N,,3150000-105-2018-00005,0,3150000,"서울특별시 강서구 마곡중앙12로 10, 메리어트호텔 지하1층 (마곡동)",07789,01,영업/정상,산업체,02-6966-9274,,,상수도전용
,,대유유치원,어린이집,,187698.223500917,447981.919242156,2026-05-06 22:37:23,I,01,영업,10,,,,,,0,0,,2026-03-31 16:37:58,2018-03-19,10.00,157-898,서울특별시 강서구 화곡동 806-4,N,,3150000-105-2018-00006,0,3150000,"서울특별시 강서구 곰달래로57길 39, 1층 (화곡동)",07740,01,영업/정상,어린이집,02-2644-0393,,,상수도전용
,임대,홈플러스어린이집,어린이집,,187119.948165892,450691.593173724,2026-05-06 22:37:23,I,01,영업,26,,,,,,0,2,,2018-03-28 14:48:57,2018-03-28,26.00,157-840,서울특별시 강서구 등촌동 639-11 홈플러스강서점앤본사사옥 (지상 1층),N,,3150000-105-2018-00007,0,3150000,"서울특별시 강서구 화곡로 398, 홈플러스강서점앤본사사옥 1층 (등촌동)",07567,01,영업/정상,어린이집,070-4727-8805,,,상수도전용
,임대,강서한강자이어린이집,어린이집,,186602.649296044,451589.04916703,2026-05-06 22:37:23,I,01,영업,10,,,,,,0,1,,2024-01-23 18:20:30,2018-03-30,13.30,157-200,서울특별시 강서구 가양동 1500 강서한강자이 (지상 1층),N,,3150000-105-2018-00009,0,3150000,"서울특별시 강서구 양천로55길 55, 1층 (가양동, 강서한강자이)",07528,01,영업/정상,어린이집,02-3661-4650,,,상수도전용
,임대,코오롱미래기술원,산업체,,185341.915984592,451383.762809335,2026-05-06 22:37:23,I,01,영업,167.42,,,,,,0,21,,2025-12-17 16:55:01,2018-04-12,"1,330.87",157-210,서울특별시 강서구 마곡동 788-0 (지상 7~8층),N,,3150000-105-2018-00010,0,3150000,"서울특별시 강서구 마곡동로 110, 7~8층 (마곡동)",07793,01,영업/정상,산업체,,,,상수도전용
,자가,H2빌,사회복지시설,,183272.355888291,453577.491322727,2026-05-06 22:37:23,I,01,영업,55.99,,,,,,0,0,,2018-05-29 14:59:25,2018-05-29,132.99,157-230,서울특별시 강서구 개화동 330-0 천주의성요한수도회 (지하 1층),N,,3150000-105-2018-00011,0,3150000,"서울특별시 강서구 금낭화로26가길 130, 천주의성요한수도회 지하 1층 (개화동)",07501,01,영업/정상,사회복지시설,02-6925-2366,,,상수도전용
,자가,서울스타병원,병원,,185458.962703807,450122.621875688,2026-05-06 22:37:24,I,01,영업,34.43,,,,,,0,4,,2026-02-02 14:09:55,2018-05-29,91.15,157-829,서울특별시 강서구 내발산동 678-7 서울스타병원빌딩 (지상 8층),N,,3150000-105-2018-00012,0,3150000,"서울특별시 강서구 강서로 307, 서울스타병원빌딩 8층 (내발산동)",07632,01,영업/정상,병원,02-2604-9300,,,상수도전용
,,한국공항공사 어린이집,어린이집,,182141.205465089,451078.47991,2026-05-06 22:37:24,I,01,영업,27.58,,,,,,0,15,,2024-05-23 16:24:20,2018-05-29,79.36,157-711,서울특별시 강서구 과해동 676-0 한국공항공사 (지상 1층),N,,3150000-105-2018-00013,0,3150000,"서울특별시 강서구 하늘길 78, 한국공항공사 1층 (과해동)",07505,01,영업/정상,어린이집,02-2665-7105,,,상수도전용
,,프란치스코어린이집,어린이집,,183280.33914777,450444.386338762,2026-05-06 22:37:24,I,01,영업,13.53,,,,,,0,4,,2018-06-18 14:44:38,2018-06-01,40.43,157-818,서울특별시 강서구 공항동 687-11 프란치스코어린이집 (지상 2층),N,,3150000-105-2018-00014,0,3150000,"서울특별시 강서구 송정로1길 13, 프란치스코어린이집 2층 (공항동)",07627,01,영업/정상,어린이집,02-2665-7050,,,상수도전용
,,둥근마음 어린이집,어린이집,,186009.19449961,451422.055275775,2026-05-06 22:37:24,I,01,영업,19.14,,,,,,0,2,,2024-05-23 14:53:18,2018-06-01,33.94,157-930,"서울특별시 강서구 등촌동 687-0 등촌주공1,2단지아파트 (지상 1층)",N,,3150000-105-2018-00015,0,3150000,"서울특별시 강서구 강서로68길 36, 1층 (등촌동, 등촌주공1,2단지아파트)",07581,01,영업/정상,어린이집,02-2658-7077,,,상수도전용
,자가,(주)스톰테크,산업체,,187695.455362653,450461.722522117,2026-05-06 22:37:24,I,01,영업,59.9,,,,,,0,0,,2022-06-03 09:05:40,2018-06-01,254.80,157-839,서울특별시 강서구 등촌동 631-4 (주)스톰테크 (지상 7층),N,,3150000-105-2018-00016,0,3150000,서울특별시 강서구 화곡로68길 143 (주)스톰테크 7층 (등촌동),07551,01,영업/정상,산업체,02-2661-7517,,,상수도전용
,,길가온혜명,사회복지시설,,184949.662591434,444197.839069994,2026-05-06 22:32:02,I,01,영업,6.5,,,,,,0,0,,2025-04-08 10:17:36,2016-06-07,66.94,152-883,서울특별시 구로구 궁동 142-2 행운빌라,N,,3160000-105-2016-00008,0,3160000,"서울특별시 구로구 오리로22나길 14 (궁동, 행운빌라)",08249,01,영업/정상,사회복지시설,02-891-5732,,,상수도전용
,,구로노인종합복지관,사회복지시설,,190257.86004262,444789.196062631,2026-05-06 22:32:02,I,01,영업,31.35,,,,,,0,0,,2024-10-23 12:57:21,2016-11-07,31.35,152-838,서울특별시 구로구 구로동 25-1,N,,3160000-105-2016-00013,0,3160000,서울특별시 구로구 새말로16길 7 (구로동),08289,01,영업/정상,사회복지시설,02-838-4600,,,상수도전용
,,서울구로우체국,공공기관,,185956.025909286,442131.515018128,2026-05-06 22:32:02,I,01,영업,0,,,,,,,,,2024-10-26 15:27:38,2017-01-17,134.63,152-130,서울특별시 구로구 천왕동 산 21-1,N,,3160000-105-2017-00001,,3160000,서울특별시 구로구 금오로 931 (천왕동),08365,01,영업/정상,공공기관,02-6950-0500,,,상수도전용
,,구립푸른숲어린이집,어린이집,,189060.294157019,444081.935416894,2026-05-06 22:32:03,I,01,영업,19.2,,,,,,,,,2024-10-04 13:25:41,2017-03-09,19.20,152-868,서울특별시 구로구 구로동 642-63,N,,3160000-105-2017-00004,,3160000,서울특별시 구로구 구일로8길 143 (구로동),08323,01,영업/정상,어린이집,02-830-0161,,,상수도전용
,,영림중학교,학교,,190256.72780494,443943.253423009,2026-05-06 22:32:04,I,01,영업,319,,,,,,0,0,,2017-06-07 09:22:39,2017-03-30,319.00,,영림중학교,N,,3160000-105-2017-00006,0,3160000,서울특별시 구로구 가마산로27길 17 (구로동),08299,01,영업/정상,학교,02-859-0325,,,
,,에델마을,사회복지시설,,185599.529428459,442134.989077829,2026-05-06 22:32:05,I,01,영업,24.03,,,,,,0,0,,2024-10-04 20:26:01,2017-07-25,92.83,152-130,서울특별시 구로구 천왕동 163 에델마을,N,,3160000-105-2017-00010,0,3160000,"서울특별시 구로구 천왕로 47, 1층 (천왕동)",08364,01,영업/정상,사회복지시설,02-2688-6109,,,
,,구립 밝은어린이집,어린이집,,189539.738922936,442694.454718113,2026-05-06 22:32:05,I,01,영업,7.54,,,,,,0,0,,2024-10-04 17:13:33,2017-07-28,7.54,152-800,서울특별시 구로구 가리봉동 2-10,N,,3160000-105-2017-00011,0,3160000,"서울특별시 구로구 구로동로7길 74, 2층 (가리봉동)",08317,01,영업/정상,어린이집,02-3283-3737,,,
,,서울교통공사 대림점,공공기관,,190575.716483294,443476.024858459,2026-05-06 22:32:06,I,01,영업,0,,,,,,0,0,,2024-10-04 17:07:43,2017-12-14,200.45,152-845,서울특별시 구로구 구로동 120-3 서울메트로,N,,3160000-105-2017-00014,0,3160000,"서울특별시 구로구 도림천로 352, 서울메트로 7층 (구로동)",08304,01,영업/정상,공공기관,02-6110-8503,,,
,,온수어르신복지관,사회복지시설,,184300.342554397,443846.675660321,2026-05-06 22:32:06,I,01,영업,0,,,,,,0,0,,2025-03-04 15:09:00,2018-02-20,214.70,152-906,서울특별시 구로구 온수동 155-5 온수 어르신복지회관 ·보훈회관 지하1층,N,,3160000-105-2018-00002,0,3160000,"서울특별시 구로구 부일로9길 111, 온수 어르신복지회관 ·보훈회관 지하1층 (온수동)",08259,01,영업/정상,사회복지시설,02-3666-8750,,,
,,구립오류동행복주택어린이집,어린이집,,186221.261266744,443684.830822234,2026-05-06 22:32:06,I,01,영업,9.7,,,,,,0,0,,2024-10-26 15:19:36,2018-03-29,9.70,152-894,서울특별시 구로구 오류동 66 오류동역사,N,,3160000-105-2018-00004,0,3160000,"서울특별시 구로구 경인로20길 13, 오류동역사 1층 (오류동)",08272,01,영업/정상,어린이집,02-2088-5752,,,
,,제중요양병원,병원,,189911.987102804,444573.762665497,2026-05-06 22:32:06,I,01,영업,340.8,,,,,,0,0,,2025-01-21 16:22:48,2018-05-17,482.00,152-862,서울특별시 구로구 구로동 552-148 제중요양병원,N,,3160000-105-2018-00006,0,3160000,"서울특별시 구로구 새말로 60, 제중요양병원 1층 (구로동)",08290,01,영업/정상,병원,02-837-7111,,,상수도전용
,,궁동종합사회복지관,사회복지시설,,184874.479510795,444112.669240981,2026-05-06 22:32:07,I,01,영업,36,,,,,,0,0,,2018-06-22 16:27:33,2018-06-22,126.88,152-883,서울특별시 구로구 궁동 108-9 궁동종합사회복지관,N,,3160000-105-2018-00009,0,3160000,"서울특별시 구로구 오리로22길 5, 궁동종합사회복지관 1층 (궁동)",08249,01,영업/정상,사회복지시설,02-2613-9367,,,상수도전용
,,더세인트요양병원,병원,,186237.293350949,443794.006000016,2026-05-06 22:32:07,I,01,영업,103.1,,,,,,0,0,,2024-10-26 15:15:43,2018-09-21,262.80,152-894,서울특별시 구로구 오류동 55-30 더세인트빌딩 지하1층,N,,3160000-105-2018-00010,0,3160000,"서울특별시 구로구 경인로 218, 더세인트빌딩 지하1층 (오류동)",08271,01,영업/정상,병원,02-333-1119,,,상수도전용
,,오케이요양병원,병원,,187798.86926511,444629.704821749,2026-05-06 22:32:08,I,01,영업,78,,,,,,0,0,,2024-10-04 10:00:39,2019-02-08,192.00,152-823,서울특별시 구로구 고척동 50-48 고척프라자 나동,N,,3160000-105-2019-00001,0,3160000,"서울특별시 구로구 중앙로 64, 고척프라자 나동 3층 (고척동)",08218,01,영업/정상,병원,02-2616-7755,,,상수도전용
,,서울항동초등학교,학교,,184354.803856747,441623.716958891,2026-05-06 22:32:09,I,01,영업,230,,,,,,0,0,,2020-08-10 10:51:31,2019-03-13,855.50,152-140,서울특별시 구로구 항동 160 항동초등학교,N,,3160000-105-2019-00004,0,3160000,"서울특별시 구로구 연동로 178, 항동초등학교 (항동)",08368,01,영업/정상,학교,02-480-3790,,,상수도전용
,,하늘숲초등학교,학교,,185952.249264164,442551.372448715,2026-05-06 22:32:09,I,01,영업,248,,,,,,0,0,,2025-01-22 09:56:55,2019-03-15,659.00,152-130,서울특별시 구로구 천왕동 280-1,N,,3160000-105-2019-00005,0,3160000,서울특별시 구로구 오리로 1106 (천왕동),08350,01,영업/정상,학교,02-2056-5108,,,상수도전용
,,대건어린이집,어린이집,,188686.896867673,443559.062900476,2026-05-06 22:32:09,I,01,영업,13,,,,,,0,0,,2024-05-16 10:46:23,2019-03-27,13.00,152-868,서울특별시 구로구 구로동 685-202 천주교구로1동성당,N,,3160000-105-2019-00006,0,3160000,서울특별시 구로구 구일로8길 16 (구로동),08324,01,영업/정상,어린이집,02-866-9901,,,상수도전용
,,봄날실버센터,기타 집단급식소,,183273.715883986,451865.513591478,2026-05-06 22:37:24,I,01,영업,20,,,,,,0,0,,2018-10-24 14:15:04,2018-06-27,32.00,157-851,서울특별시 강서구 방화동 592-23 (지하 1층),N,,3150000-105-2018-00018,0,3150000,"서울특별시 강서구 금낭화로 39, 지층 (방화동)",07608,01,영업/정상,기타 집단급식소,02-2665-8057,,,상수도전용
,임대,별빛어린이집,어린이집,,187671.94615959,450204.084542177,2026-05-06 22:37:24,I,01,영업,60,,,,,,0,0,,2024-05-29 09:51:26,2018-07-16,90.00,157-840,서울특별시 강서구 등촌동 645-6 등촌1동어린이집,N,,3150000-105-2018-00019,0,3150000,"서울특별시 강서구 공항대로55길 22, 등촌1동어린이집 1층 (등촌동)",07564,01,영업/정상,어린이집,02-3661-8153,,,상수도전용
,,서울큰나무병원,병원,,185617.497941805,449153.637971735,2026-05-06 22:37:24,I,01,영업,35,,,,,,0,4,,2018-08-13 18:44:52,2018-08-06,68.00,157-919,서울특별시 강서구 화곡동 1026-12 (지상 6층),N,,3150000-105-2018-00020,0,3150000,"서울특별시 강서구 강서로 206, 6층 (화곡동)",07698,01,영업/정상,병원,02-2695-1155,,,상수도전용
,,원봉기술연구소,산업체,,185443.488707095,451011.921352825,2026-05-06 22:37:24,I,01,영업,34.06,,,,,,0,0,,2020-11-16 15:03:38,2018-08-20,143.98,157-210,서울특별시 강서구 마곡동 790-9 (지하 1층),N,,3150000-105-2018-00021,0,3150000,"서울특별시 강서구 마곡중앙8로 77, 지하 1층 (마곡동)",07795,01,영업/정상,산업체,02-6343-5026,,,상수도전용
,자가,마곡코오롱어린이집,어린이집,,185341.915984592,451383.762809335,2026-05-06 22:37:24,I,01,영업,24,,,,,,0,12,,2024-05-23 15:21:36,2018-08-28,36.00,157-210,서울특별시 강서구 마곡동 788-0 외 1필지 코오롱one&only타워 (지상 1층) 사무동,N,,3150000-105-2018-00022,0,3150000,"서울특별시 강서구 마곡동로 110, 코오롱one&only타워 사무동 1층 (마곡동)",07793,01,영업/정상,어린이집,02-2199-1990,,,상수도전용
,,근로복지공단 강서어린이집,어린이집,,185605.477918088,449047.014086419,2026-05-06 22:37:24,I,01,영업,0,,,,,,0,0,,2026-03-05 16:29:24,2019-02-26,.00,157-922,서울특별시 강서구 화곡동 1032-7 1층,N,,3150000-105-2019-00002,0,3150000,"서울특별시 강서구 강서로33가길 42, 1층 (화곡동)",07707,01,영업/정상,어린이집,02-2690-2600,,,상수도전용
,,귀뚜라미 냉난방 기술연구소,산업체,,184723.258088345,451012.743321122,2026-05-06 22:37:25,I,01,영업,88.3,,,,,,0,,,2024-05-17 10:22:37,2019-02-28,306.60,157-210,서울특별시 강서구 마곡동 771-0 (지상 2층),N,,3150000-105-2019-00003,0,3150000,"서울특별시 강서구 마곡중앙로 86, 2층 (마곡동)",07801,01,영업/정상,산업체,02-1588-9000,,,상수도전용
,,넥센타이어 마곡중앙연구소,산업체,,184682.563699505,451984.652657478,2026-05-06 22:37:25,I,01,영업,124,,,,,,0,0,,2025-07-10 14:04:19,2019-04-03,"1,065.00",157-210,서울특별시 강서구 마곡동 756-5 3층,N,,3150000-105-2019-00004,0,3150000,"서울특별시 강서구 마곡중앙로 177, 3층 (마곡동)",07594,01,영업/정상,산업체,02-3480-0532,,,상수도전용
,,공항버스(주),기타 집단급식소,,182162.406429892,452733.565237078,2026-05-06 22:37:25,I,01,영업,52.17,,,,,,0,0,,2025-02-24 16:22:15,2019-04-15,214.08,157-230,서울특별시 강서구 개화동 663-0 (지상 1층),N,,3150000-105-2019-00005,0,3150000,"서울특별시 강서구 개화동로8길 17, 지상 1층 (개화동)",07505,01,영업/정상,기타 집단급식소,02-2662-2592,,,상수도전용
,,구립한빛어린이집,어린이집,,187159.635384618,447587.33729704,2026-05-06 22:37:25,I,01,영업,16,,,,,,0,0,,2024-01-23 18:25:58,2019-04-15,400.00,157-904,서울특별시 강서구 화곡동 851-27 (지상 3층),N,,3150000-105-2019-00006,0,3150000,"서울특별시 강서구 강서로8길 134, 지상 3층 (화곡동)",07783,01,영업/정상,어린이집,02-2697-6711,,,상수도전용
,,강서바른세상병원,병원,,183284.388090473,451554.110365625,2026-05-06 22:37:25,I,01,영업,34.3,,,,,,0,0,,2019-06-26 16:25:17,2019-06-05,87.10,157-851,서울특별시 강서구 방화동 606-36 바른세상병원(지상 7층),N,,3150000-105-2019-00007,0,3150000,"서울특별시 강서구 금낭화로 9, 바른세상병원 7층 (방화동)",07614,01,영업/정상,병원,02-2603-0300,,,상수도전용
,,에스앤유서울병원,병원,,185253.47815088,450811.037605568,2026-05-06 22:37:25,I,01,영업,37.28,,,,,,0,0,,2019-06-19 16:07:53,2019-06-19,98.76,157-210,서울특별시 강서구 마곡동 797 에이스타어 마곡 (지상 6층),N,,3150000-105-2019-00008,0,3150000,"서울특별시 강서구 공항대로 237, 에이스타워마곡 6층 (마곡동)",07803,01,영업/정상,병원,02-333-5151,,,
,,늘푸른나무복지관,사회복지시설,,186779.825025059,451818.955156339,2026-05-06 22:37:25,I,01,영업,50.4,,,,,,0,0,,2024-01-23 18:26:39,2019-07-15,210.46,157-807,서울특별시 강서구 가양동 1470-2 늘푸른나무 복지관 B동 지하1층,N,,3150000-105-2019-00009,0,3150000,"서울특별시 강서구 허준로5길 37, 늘푸른나무 복지관 B동 지하1층 (가양동)",07524,01,영업/정상,사회복지시설,02-3661-3401,,,상수도전용
,,새마을금고중앙회,산업체,,186701.716498879,450468.655920947,2026-05-06 22:37:25,I,01,영업,111.98,,,,,,0,0,,2025-03-21 14:16:52,2019-10-02,565.75,157-010,서울특별시 강서구 화곡동 1135-12 새마을금고아이티센터 9층,N,,3150000-105-2019-00012,0,3150000,"서울특별시 강서구 공항대로 390, 새마을금고아이티센터 9층 (화곡동)",07648,01,영업/정상,산업체,02-6147-1661,,,
,,서울금낭화유치원,어린이집,,183271.979418725,451815.090258677,2026-05-06 22:37:25,I,01,영업,17.71,,,,,,0,1,,2025-03-27 16:52:02,2019-10-11,591.66,157-851,서울특별시 강서구 방화동 596-32,N,,3150000-105-2019-00013,0,3150000,서울특별시 강서구 금낭화로 35 (방화동),07608,01,영업/정상,어린이집,02-6219-0901,,,상수도전용
,,한국폴리텍대학서울강서캠퍼스,학교,,186105.644530902,449804.566604028,2026-05-06 22:37:24,I,01,영업,100,,,,,,0,3,,2025-03-20 16:11:23,2018-06-21,250.00,157-010,서울특별시 강서구 화곡동 산 60-1 한국폴리텍대학서울강서캠퍼스 (지상 1층),N,,3150000-105-2018-00017,0,3150000,"서울특별시 강서구 우장산로10길 112, 한국폴리텍대학서울강서캠퍼스 1층 (화곡동)",07684,01,영업/정상,학교,02-2186-5970,,,상수도전용
,,구립연초롱어린이집,어린이집,,186172.154220849,442315.828908678,2026-05-06 22:32:09,I,01,영업,33,,,,,,0,0,,2024-11-11 10:42:48,2019-03-28,33.00,152-130,서울특별시 구로구 천왕동 7-1 천왕연지타운2단지,N,,3160000-105-2019-00007,0,3160000,"서울특별시 구로구 오리로 1102-10, 209동 1층 (천왕동, 천왕연지타운2단지)",08350,01,영업/정상,어린이집,02-2066-2500,,,상수도전용
,,서울항동유치원,어린이집,,184440.046508432,441663.933040535,2026-05-06 22:32:09,I,01,영업,58.68,,,,,,0,0,,2019-04-19 15:14:59,2019-04-15,214.28,152-140,서울특별시 구로구 항동 159 항동유치원,N,,3160000-105-2019-00008,0,3160000,"서울특별시 구로구 연동로8길 15, 항동유치원 (항동)",08368,01,영업/정상,어린이집,02-6949-4943,,,상수도전용
,,일로한방병원,병원,,185875.875759586,443592.138806549,2026-05-06 22:32:10,I,01,영업,33,,,,,,0,0,,2025-01-09 15:22:53,2019-08-27,58.00,152-894,서울특별시 구로구 오류동 44-10 시티월드,N,,3160000-105-2019-00011,0,3160000,"서울특별시 구로구 경인로 176, 5,6층 (오류동, 시티월드)",08271,01,영업/정상,병원,02-6741-1075,,,상수도전용
,,구립 자연숲어린이집,어린이집,,184209.520493604,442260.345348916,2026-05-06 22:32:10,I,01,영업,20,,,,,,0,0,,2019-09-21 15:57:51,2019-08-27,20.00,152-140,서울특별시 구로구 항동 22-9 하버라인 2단지,N,,3160000-105-2019-00012,0,3160000,"서울특별시 구로구 연동로 234 (항동, 하버라인 2단지)",08362,01,영업/정상,어린이집,02-2688-2611,,,상수도전용
,,구립 꽃망울어린이집,어린이집,,184527.712242127,442134.126283536,2026-05-06 22:32:10,I,01,영업,0,,,,,,0,0,,2024-10-04 09:33:42,2019-09-05,.00,152-140,서울특별시 구로구 항동 84 하버라인 4단지,N,,3160000-105-2019-00013,0,3160000,"서울특별시 구로구 항동로 72, 관리동 (항동, 하버라인 4단지)",08368,01,영업/정상,어린이집,02-2618-1007,,,상수도전용
,,홈플러스(주)신도림점,산업체,,190005.132500398,445250.538868558,2026-05-06 22:32:10,I,01,영업,36,,,,,,0,0,,2025-02-28 15:28:09,2019-12-11,186.00,152-887,서울특별시 구로구 신도림동 337 신도림1차푸르지오,N,,3160000-105-2019-00016,0,3160000,"서울특별시 구로구 경인로 661, 신도림1차푸르지오 지하2층 (신도림동)",08208,01,영업/정상,산업체,02-2618-2080,,,상수도전용
,,(주)제일메디칼코퍼레이션 사내식당,산업체,,191020.264430044,442460.919021593,2026-05-06 22:32:10,I,01,영업,57,,,,,,0,0,,2024-10-26 16:02:35,2019-12-23,228.00,152-728,서울특별시 구로구 구로동 811 코오롱싸이언스밸리2차,N,,3160000-105-2019-00018,0,3160000,"서울특별시 구로구 디지털로34길 55, 코오롱싸이언스밸리2차 B126~127호 (구로동)",08378,01,영업/정상,산업체,,,,상수도전용
,,항동어린이집,어린이집,,184316.943812032,442589.944624648,2026-05-06 22:32:10,I,01,영업,26.4,,,,,,0,0,,2020-01-16 10:21:58,2020-01-10,26.40,152-140,서울특별시 구로구 항동 12-19 항동어린이집,N,,3160000-105-2020-00001,0,3160000,"서울특별시 구로구 연동로 284, 항동어린이집 (항동)",08361,01,영업/정상,어린이집,02-2614-4459,,,상수도전용
,,다향어린이집,어린이집,,185557.827666309,442841.709835625,2026-05-06 22:32:10,I,01,영업,13.77,,,,,,0,0,,2025-09-18 16:42:44,2020-01-14,13.77,152-900,서울특별시 구로구 오류동 213-1,N,,3160000-105-2020-00002,0,3160000,서울특별시 구로구 오리로 1165 (오류동),08363,01,영업/정상,어린이집,,,,상수도전용
,,코레일오류동어린이집,어린이집,,186221.261266744,443684.830822234,2026-05-06 22:32:10,I,01,영업,80,,,,,,0,0,,2024-10-26 15:17:42,2020-02-03,80.00,152-894,서울특별시 구로구 오류동 66 오류동역사,N,,3160000-105-2020-00003,0,3160000,서울특별시 구로구 경인로20길 13 (오류동),08272,01,영업/정상,어린이집,02-2639-3379,,,
,,구로성심병원,병원,,188114.404383349,444166.198422671,2026-05-06 22:32:11,I,01,영업,0,,,,,,0,0,,2024-10-04 09:43:41,2020-02-05,.00,152-826,서울특별시 구로구 고척동 76-189 구로성심병원,N,,3160000-105-2020-00004,0,3160000,"서울특별시 구로구 경인로 427, 구로성심병원 (고척동)",08223,01,영업/정상,병원,02-2067-1671,,,상수도전용
,,항동중학교,학교,,184119.835268961,442313.920256977,2026-05-06 22:32:11,I,01,영업,0,,,,,,0,0,,2023-08-10 09:52:00,2020-02-27,.00,152-140,서울특별시 구로구 항동 22-5 항동중학교,N,,3160000-105-2020-00006,0,3160000,"서울특별시 구로구 연동로 239-2, 항동중학교 1층 (항동)",08362,01,영업/정상,학교,02-2223-0218,,,
,,연세사랑모아여성병원,병원,,187606.693801873,444911.925277155,2026-05-06 22:32:11,I,01,영업,68.13,,,,,,0,0,,2024-10-24 11:29:18,2020-03-05,68.13,152-831,서울특별시 구로구 고척동 191-1 연세사랑모아여성병원,N,,3160000-105-2020-00008,0,3160000,"서울특별시 구로구 중앙로 100, 연세사랑모아여성병원 (고척동)",08218,01,영업/정상,병원,070-7704-9965,,,상수도전용
,,사회복지법인 삼농복지재단 오류마을,사회복지시설,,186200.421784557,443388.521023744,2026-05-06 22:32:11,I,01,영업,50.38,,,,,,0,0,,2026-02-03 12:04:54,2020-03-06,50.38,152-896,서울특별시 구로구 오류동 147 오류마을,N,,3160000-105-2020-00009,0,3160000,"서울특별시 구로구 오류로8길 84, 오류마을 (오류동)",08344,01,영업/정상,사회복지시설,02-2612-6534,,,상수도전용
,,구립 늘사랑어린이집,어린이집,,189087.394963798,444952.763547093,2026-05-06 22:32:11,I,01,영업,15,,,,,,0,0,,2020-03-19 10:52:48,2020-03-19,15.00,152-887,서울특별시 구로구 신도림동 400-6 구로기적의도서관,N,,3160000-105-2020-00010,0,3160000,"서울특별시 구로구 구로중앙로40길 24, 1층 (신도림동)",08206,01,영업/정상,어린이집,02-3667-1235,,,상수도전용
,,꿀벌유치원,어린이집,,190143.062103937,442541.649882986,2026-05-06 22:32:11,I,01,영업,20,,,,,,0,0,,2022-07-14 19:05:11,2020-03-23,20.00,152-875,서울특별시 구로구 구로동 796-1,N,,3160000-105-2020-00011,0,3160000,서울특별시 구로구 디지털로27다길 15 (구로동),08374,01,영업/정상,어린이집,02-857-8545,,,상수도전용
,,메디치피아요양센터,사회복지시설,,188057.414087322,444207.047031996,2026-05-06 22:32:11,I,01,영업,64.57,,,,,,0,0,,2024-10-04 10:06:59,2020-03-25,64.57,152-826,서울특별시 구로구 고척동 76-147 구로성심병원별관,N,,3160000-105-2020-00012,0,3160000,서울특별시 구로구 중앙로 10-15 (고척동),08223,01,영업/정상,사회복지시설,02-2067-1888,,,
,,덕일전자공업고등학교,학교,,185544.681379442,443156.628580581,2026-05-06 22:32:11,I,01,영업,72,,,,,,0,0,,2021-05-13 18:25:41,2020-06-01,724.48,152-899,서울특별시 구로구 오류동 199-1 덕일전자공업고등학교,N,,3160000-105-2020-00013,0,3160000,"서울특별시 구로구 서해안로21길 5-12, 덕일전자공업고등학교 (오류동)",08357,01,영업/정상,학교,02-2613-2761,,,상수도전용
,,에프아이티아이시험연구원,산업체,,185672.485706753,451762.176733508,2026-05-06 22:37:25,I,01,영업,131,,,,,,0,0,,2026-01-12 09:48:05,2019-10-15,317.00,157-210,서울특별시 강서구 마곡동 778 3층,N,,3150000-105-2019-00014,0,3150000,"서울특별시 강서구 마곡중앙8로3길 79, 3층 (마곡동)",07791,01,영업/정상,산업체,02-3299-8000,,,상수도전용
,,서울수명유치원,공공기관,,184288.99130739,450028.194603627,2026-05-06 22:37:25,I,01,영업,200,,,,,,0,0,,2024-01-23 18:27:38,2019-11-07,891.00,157-937,서울특별시 강서구 내발산동 753-2,N,,3150000-105-2019-00015,0,3150000,서울특별시 강서구 수명로1길 76 (내발산동),07643,01,영업/정상,공공기관,02-6213-7979,,,
,,한국도레이R&D센터,산업체,,185620.367303219,451936.335578251,2026-05-06 22:37:25,I,01,영업,186.3,,,,,,0,0,,2024-12-31 15:15:01,2019-11-14,850.42,157-210,서울특별시 강서구 마곡동 775 한국도레이R&D센터 지하1층,N,,3150000-105-2019-00016,0,3150000,"서울특별시 강서구 마곡동로10길 7, 한국도레이R&D센터 지하1층 (마곡동)",07790,01,영업/정상,산업체,02-3279-1128,,,
,,인서울27골프클럽 직원식당,산업체,,181682.433518522,449387.865380491,2026-05-06 22:37:25,I,01,영업,43.1,,,,,,0,0,,2025-02-24 16:35:13,2019-12-13,132.53,157-260,서울특별시 강서구 오곡동 1-6 인서울27골프클럽 1층,N,,3150000-105-2019-00017,0,3150000,"서울특별시 강서구 오정로 443-198, 인서울27골프클럽 1층 (오곡동)",07505,01,영업/정상,산업체,02-6395-8703,,,
,,이대서울병원,병원,,185455.170806691,450604.239360205,2026-05-06 22:37:25,I,01,영업,1693.96,,,,,,0,0,,2020-02-25 14:04:02,2020-02-10,"2,373.50",157-210,서울특별시 강서구 마곡동 808 이화의대부속서울병원 지하2층,N,,3150000-105-2020-00001,0,3150000,"서울특별시 강서구 공항대로 260, 이화의대부속서울병원 지하2층 (마곡동)",07804,01,영업/정상,병원,02-6986-3614,,,상수도전용
,,더서밋요양병원,병원,,188933.762268533,449722.993690775,2026-05-06 22:37:25,I,01,영업,73.95,,,,,,,,,2024-01-25 14:30:00,2020-02-13,154.00,157-862,서울특별시 강서구 염창동 252-14,N,,3150000-105-2020-00002,,3150000,서울특별시 강서구 양천로 715 (염창동),07540,01,영업/정상,병원,02-3663-6786,,,
,,아이편한어린이집,어린이집,,188508.586058998,449646.985358875,2026-05-06 22:37:25,I,01,영업,16,,,,,,0,0,,2024-01-23 18:30:49,2020-03-12,392.00,157-040,서울특별시 강서구 염창동 309 e편한세상,N,,3150000-105-2020-00003,0,3150000,"서울특별시 강서구 공항대로 583, 1층 (염창동, e편한세상)",07560,01,영업/정상,어린이집,02-2662-3401,,,
,,서울서진학교,학교,,186698.47410361,451451.854945692,2026-05-06 22:37:25,I,01,영업,171.19,,,,,,0,0,,2024-01-23 18:31:28,2020-03-13,469.69,157-807,서울특별시 강서구 가양동 1477 서울서진학교,N,,3150000-105-2020-00004,0,3150000,"서울특별시 강서구 양천로55길 22, 서울서진학교 1층 (가양동)",07527,01,영업/정상,학교,02-6981-9000,,,
,,구립 해담어린이집,어린이집,,183176.020558027,451988.099545776,2026-05-06 22:37:25,I,01,영업,24.1,,,,,,0,1,,2024-01-23 18:32:40,2020-03-30,24.10,157-851,서울특별시 강서구 방화동 593-100,N,,3150000-105-2020-00005,0,3150000,서울특별시 강서구 금낭화로11길 36 (방화동),07609,01,영업/정상,어린이집,02-2662-3265,,,상수도전용
,,서울남부출입국외국인사무소,공공기관,,184151.061660332,450994.500264615,2026-05-06 22:37:25,I,01,영업,43.6,,,,,,0,,,2024-01-23 18:33:27,2020-04-01,185.90,157-210,서울특별시 강서구 마곡동 745 서울남부출입국관리사무소 1층,N,,3150000-105-2020-00007,0,3150000,"서울특별시 강서구 마곡서1로 48, 서울남부출입국관리사무소 1층 (마곡동)",07799,01,영업/정상,공공기관,02-6980-4814,,,상수도전용
,,구립 새하늘어린이집,어린이집,,185913.182215497,447907.626417286,2026-05-06 22:37:25,I,01,영업,0,,,,,,,,,2024-07-30 11:34:26,2020-04-13,,157-882,서울특별시 강서구 화곡동 354-146 하람터어린이집(지상 1층),N,,3150000-105-2020-00008,,3150000,"서울특별시 강서구 강서로17다길 15-14, 구립 새하늘어린이집 1층 (화곡동)",07768,01,영업/정상,어린이집,,,,
,,구립 신태양어린이집,어린이집,,186905.747543212,447942.134584991,2026-05-06 22:37:26,I,01,영업,48.01,,,,,,0,0,,2024-01-23 18:34:31,2020-05-19,203.58,157-892,서울특별시 강서구 화곡동 453-16,N,,3150000-105-2020-00009,0,3150000,서울특별시 강서구 곰달래로31다길 25 (화곡동),07745,01,영업/정상,어린이집,02-2699-1921,,,
,,마곡하늬중학교,학교,,184103.324997653,450654.591829276,2026-05-06 22:37:26,I,01,영업,201,,,,,,0,0,,2024-01-23 18:35:41,2020-05-19,631.80,157-210,서울특별시 강서구 마곡동 749 1층,N,,3150000-105-2020-00010,0,3150000,"서울특별시 강서구 마곡서1로 16, 1층 (마곡동)",07810,01,영업/정상,학교,02-6985-5900,,,상수도전용
,,구립 엠밸리 큰나무어린이집,어린이집,,185445.37,451077.86,2026-05-06 22:37:26,I,01,영업,25.6,,,,,,,,,2024-01-23 18:36:19,2020-05-20,134.00,157-210,서울특별시 강서구 마곡동 790-7 구립 엠밸리큰나무어린이집 2층,N,,3150000-105-2020-00011,,3150000,"서울특별시 강서구 마곡중앙8로1길 10, 구립 엠밸리큰나무어린이집 2층 (마곡동)",07795,01,영업/정상,어린이집,02-3663-9599,,,상수도전용
,,주식회사 오토닉스,산업체,,184565.579697208,452046.424612455,2026-05-06 22:37:26,I,01,영업,100.7,,,,,,0,0,,2024-01-03 11:30:59,2020-05-21,470.60,157-210,서울특별시 강서구 마곡동 755-5 1층,N,,3150000-105-2020-00012,0,3150000,"서울특별시 강서구 마곡중앙5로1길 39, 1층 (마곡동)",07594,01,영업/정상,산업체,051-519-3005,,,
,,구립 아이나무어린이집,어린이집,,185222.804955577,448807.981167562,2026-05-06 22:37:26,I,01,영업,10,,,,,,0,0,,2024-10-11 14:28:18,2020-06-02,160.00,157-922,서울특별시 강서구 화곡동 1042-5 (지상 3층),N,,3150000-105-2020-00013,0,3150000,"서울특별시 강서구 화곡로13가길 5, 3층층 (화곡동)",07711,01,영업/정상,어린이집,02-6949-1305,,,
,,신신제약(주) 마곡R&D센타 식당,산업체,,185516.245881929,451550.103348598,2026-05-06 22:37:26,I,01,영업,25.6,,,,,,,,,2024-09-04 15:37:04,2020-07-08,138.80,157-210,서울특별시 강서구 마곡동 781-4 신신제약 마곡 R&D센터,N,,3150000-105-2020-00014,,3150000,"서울특별시 강서구 마곡중앙8로1길 58, 신신제약 마곡 R&D센터 (마곡동)",07793,01,영업/정상,산업체,02-2031-1613,,,상수도전용
,,무척바른한방병원,병원,,185148.900294753,450719.380288227,2026-05-06 22:37:26,I,01,영업,19.52,,,,,,0,0,,2020-10-29 14:49:27,2020-07-17,69.52,157-210,서울특별시 강서구 마곡동 800-5 (지상 4층),N,,3150000-105-2020-00015,0,3150000,"서울특별시 강서구 공항대로 228, 4층 (마곡동)",07806,01,영업/정상,병원,070-4680-6178,,,상수도전용
,,하늘빛어린이집,어린이집,,187318.98724055,444782.332472099,2026-05-06 22:32:11,I,01,영업,10,,,,,,0,0,,2024-10-04 10:12:18,2020-06-23,235.00,152-829,서울특별시 구로구 고척동 156 고척리본타운,N,,3160000-105-2020-00014,0,3160000,"서울특별시 구로구 고척로52나길 25, 1층 (고척동, 고척리본타운)",08228,01,영업/정상,어린이집,02-2685-1324,,,상수도전용
,,희망어린이집,어린이집,,190082.929062305,444879.272777977,2026-05-06 22:32:11,I,01,영업,0,,,,,,0,0,,2024-10-23 12:55:13,2020-07-20,.00,152-050,서울특별시 구로구 구로동 1267 신도림태영타운,N,,3160000-105-2020-00015,0,3160000,"서울특별시 구로구 새말로 93, 2층 (구로동, 신도림태영타운)",08288,01,영업/정상,어린이집,02-853-8853,,,상수도전용
,,항동하랑어린이집,어린이집,,184507.816734841,441773.484823975,2026-05-06 22:32:11,I,01,영업,0,,,,,,0,0,,2024-10-04 09:31:20,2020-07-27,.00,152-140,서울특별시 구로구 항동 153 한양수자인 에듀힐즈,N,,3160000-105-2020-00016,0,3160000,"서울특별시 구로구 항동로 42 (항동, 한양수자인 에듀힐즈)",08368,01,영업/정상,어린이집,02-2612-0081,,,상수도전용
,,예능어린이집,어린이집,,189581.72513651,445430.97917589,2026-05-06 22:32:11,I,01,영업,0,,,,,,0,0,,2020-08-04 11:17:06,2020-08-04,.00,152-888,서울특별시 구로구 신도림동 643 신도림1차동아아파트,N,,3160000-105-2020-00018,0,3160000,"서울특별시 구로구 신도림로 87 (신도림동, 신도림1차동아아파트)",08202,01,영업/정상,어린이집,02-2675-8788,,,상수도전용
,,이랜드리테일NC신구로점,산업체,,189570.360930049,444336.051330144,2026-05-06 22:32:11,I,01,영업,65.3,,,,,,0,0,,2026-04-29 18:05:43,2020-09-01,242.40,152-862,서울특별시 구로구 구로동 573 NC백화점,N,,3160000-105-2020-00019,0,3160000,"서울특별시 구로구 구로중앙로 152, NC백화점 지하1층 (구로동)",08292,01,영업/정상,산업체,02-6923-2011,,,
,,참튼튼병원,병원,,191118.289291823,442223.132052108,2026-05-06 22:32:11,I,01,영업,36.9,,,,,,0,0,,2020-09-01 12:23:31,2020-09-01,60.90,152-880,서울특별시 구로구 구로동 1126-34 금강빌딩,N,,3160000-105-2020-00020,0,3160000,"서울특별시 구로구 시흥대로 547, 금강빌딩 (구로동)",08392,01,영업/정상,병원,070-4268-7259,,,
,,구립 참누리어린이집,어린이집,,187043.96248636,443784.189059717,2026-05-06 22:32:11,I,01,영업,40,,,,,,0,0,,2024-10-24 09:58:43,2020-09-02,40.00,152-809,서울특별시 구로구 개봉동 222 센트레빌 레우스 1단지,N,,3160000-105-2020-00021,0,3160000,"서울특별시 구로구 경인로 302 (개봉동, 센트레빌 레우스 1단지)",08274,01,영업/정상,어린이집,02-2612-2021,,,상수도전용
,,충청남도서울학사관,기숙사,,186068.701735023,443889.219246269,2026-05-06 22:32:11,I,01,영업,90,,,,,,0,0,,2026-02-03 14:54:38,2020-09-14,277.50,152-891,서울특별시 구로구 오류동 25-10,N,,3160000-105-2020-00023,0,3160000,서울특별시 구로구 경인로23길 21 (오류동),08268,01,영업/정상,기숙사,02-6344-7804,,,상수도전용
,,구립 명화어린이집,어린이집,,187117.197302003,443483.835370744,2026-05-06 22:32:11,I,01,영업,0,,,,,,0,0,,2024-10-04 10:49:46,2021-02-15,.00,152-813,서울특별시 구로구 개봉동 303-25 명화어린이집,N,,3160000-105-2021-00001,0,3160000,"서울특별시 구로구 개봉로17다길 6, 명화어린이집 (개봉동)",08337,01,영업/정상,어린이집,02-2612-2552,,,상수도전용
,,구립 별하어린이집,어린이집,,184556.999876158,442058.882044369,2026-05-06 22:32:12,I,01,영업,19,,,,,,0,0,,2021-03-03 14:23:00,2021-03-03,19.00,152-140,서울특별시 구로구 항동 136-1 하버라인 9단지,N,,3160000-105-2021-00002,0,3160000,"서울특별시 구로구 항동로 68 (항동, 하버라인 9단지)",08368,01,영업/정상,어린이집,02-2682-0996,,,상수도전용
,,구로삼성어린이집,어린이집,,189529.208856197,443234.165688241,2026-05-06 22:32:12,I,01,영업,40.5,,,,,,0,0,,2024-05-16 10:51:48,2021-03-10,103.50,152-870,서울특별시 구로구 구로동 705-11 구로삼성어린이집,N,,3160000-105-2021-00003,0,3160000,"서울특별시 구로구 가마산로 174, 구로삼성어린이집 (구로동)",08309,01,영업/정상,어린이집,02-839-0667,,,상수도전용
,,구로구청 사랑채움어린이집,어린이집,,189995.347071014,443682.330615552,2026-05-06 22:32:12,I,01,영업,0,,,,,,0,0,,2021-03-12 10:08:56,2021-03-12,.00,152-701,서울특별시 구로구 구로동 435 구로구청,N,,3160000-105-2021-00004,0,3160000,"서울특별시 구로구 가마산로 245, 구로구청 (구로동)",08284,01,영업/정상,어린이집,02-858-2046,,,상수도전용
,,새빛어린이집,어린이집,,184086.012717196,442101.176790868,2026-05-06 22:32:12,I,01,영업,0,,,,,,0,0,,2021-03-16 11:25:09,2021-03-16,.00,152-140,서울특별시 구로구 항동 100-5 항동중흥에스클래스베르데카운티,N,,3160000-105-2021-00006,0,3160000,"서울특별시 구로구 연동로 233 (항동, 항동중흥에스클래스베르데카운티)",08362,01,영업/정상,어린이집,02-2688-3688,,,상수도전용
,,구로종합사회복지관,사회복지시설,,190271.47408366,442747.776273544,2026-05-06 22:32:12,I,01,영업,33,,,,,,0,0,,2026-03-16 13:31:50,2021-03-19,140.25,152-849,서울특별시 구로구 구로동 256-7 구로종합사회복지관,N,,3160000-105-2021-00007,0,3160000,"서울특별시 구로구 디지털로31길 93, 구로종합사회복지관 (구로동)",08375,01,영업/정상,사회복지시설,02-852-0525,,,상수도전용
,,해바라기어린이집,어린이집,,183997.344298115,441667.273859654,2026-05-06 22:32:12,I,01,영업,0,,,,,,0,0,,2021-03-31 10:10:16,2021-03-31,.00,152-140,서울특별시 구로구 항동 216-1 우남퍼스트빌더센트럴,N,,3160000-105-2021-00008,0,3160000,"서울특별시 구로구 항동로 8 (항동, 우남퍼스트빌더센트럴)",08368,01,영업/정상,어린이집,02-2060-5887,,,상수도전용
,,서울하늘숲유치원,어린이집,,186055.254707975,442554.650616402,2026-05-06 22:32:12,I,01,영업,87.88,,,,,,0,0,,2021-05-14 14:55:54,2021-05-14,207.50,152-130,서울특별시 구로구 천왕동 9-51 서울하늘숲유치원,N,,3160000-105-2021-00009,0,3160000,"서울특별시 구로구 오리로 1102-19, 서울하늘숲유치원 (천왕동)",08350,01,영업/정상,어린이집,02-2625-8003,,,상수도전용
,,구로소방서,공공기관,,188020.385564529,443967.187071928,2026-05-06 22:32:12,I,01,영업,0,,,,,,0,0,,2021-10-19 16:35:53,2021-06-24,.00,152-826,서울특별시 구로구 고척동 63-12 구로소방서,N,,3160000-105-2021-00010,0,3160000,"서울특별시 구로구 경인로 408, 구로소방서 (고척동)",08275,01,영업/정상,공공기관,02-6981-6325,,,
,,오스템임플란트 중앙연구소,산업체,,184850.38689903,451728.204959124,2026-05-06 22:37:26,I,01,영업,289.7,,,,,,0,0,,2024-10-23 16:37:19,2020-07-23,"1,463.56",157-210,서울특별시 강서구 마곡동 765 오스템임플란트 중앙연구소 4층,N,,3150000-105-2020-00016,0,3150000,"서울특별시 강서구 마곡중앙12로 3, 오스템임플란트 중앙연구소 4층 (마곡동)",07789,01,영업/정상,산업체,,,,
,,보금한방병원,병원,,184844.841587036,450680.3656089,2026-05-06 22:37:26,I,01,영업,54.9,,,,,,0,0,,2024-01-23 18:40:24,2020-08-12,147.40,157-210,"서울특별시 강서구 마곡동 799-11 파인스퀘어 3, 4층 B동",N,,3150000-105-2020-00017,0,3150000,"서울특별시 강서구 마곡중앙4로 22, 파인스퀘어 B동 3, 4층 (마곡동)",07631,01,영업/정상,병원,02-6949-0337,,,
,,지니어스어린이집,어린이집,,187494.079333054,450527.699600801,2026-05-06 22:37:26,I,01,영업,7,,,,,,0,0,,2024-01-23 18:40:51,2020-09-15,157.00,157-839,서울특별시 강서구 등촌동 637 서울시니어스가양타워(지상 1층),N,,3150000-105-2020-00018,0,3150000,"서울특별시 강서구 화곡로68길 102, 서울시니어스가양타워 1층 (등촌동)",07550,01,영업/정상,어린이집,02-3663-1004,,,
,,아워홈 마곡식품연구센터,산업체,,185628.236123018,451301.227534449,2026-05-06 22:37:26,I,01,영업,205.82,,,,,,0,0,,2025-06-13 16:01:47,2020-10-29,713.49,157-210,서울특별시 강서구 마곡동 785-2 아워홈 마곡 식품연구센터,N,,3150000-105-2020-00020,0,3150000,"서울특별시 강서구 마곡중앙10로 91, 아워홈 마곡 식품연구센터 지하1층 (마곡동)",07792,01,영업/정상,산업체,02-6966-9275,,,
,,서울고든병원,병원,,187974.228864018,450369.165403996,2026-05-06 22:37:26,I,01,영업,50,,,,,,0,0,,2025-11-04 17:43:17,2020-10-29,193.00,157-839,서울특별시 강서구 등촌동 632-6 파인블루빌딩(지상 10층),N,,3150000-105-2020-00021,0,3150000,"서울특별시 강서구 양천로 600, 파인블루빌딩 10층 (등촌동)",07552,01,영업/정상,병원,1670-0124,,,
,,경희생생한방병원,병원,,186299.74267687,450792.016505679,2026-05-06 22:37:26,I,01,영업,16.77,,,,,,0,0,,2025-11-26 15:07:20,2021-01-07,37.94,157-930,서울특별시 강서구 등촌동 700 플러스존(지상 4층),N,,3150000-105-2021-00001,0,3150000,"서울특별시 강서구 공항대로41길 34, 플러스존 4층 (등촌동)",07587,01,영업/정상,병원,02-6954-6575,,,
,,구립 우장숲 어린이집,어린이집,,186141.571333285,449366.807275291,2026-05-06 22:37:26,I,01,영업,15,,,,,,0,0,,2024-01-23 18:41:45,2021-01-12,60.00,157-870,서울특별시 강서구 화곡동 95-94 4층,N,,3150000-105-2021-00002,0,3150000,"서울특별시 강서구 화곡로41길 19, 4층 (화곡동)",07695,01,영업/정상,어린이집,02-2691-3690,,,
,,서남물재생센터,기타 집단급식소,,185088.881903083,452627.345234198,2026-05-06 22:37:26,I,01,영업,105,,,,,,0,0,,2024-02-01 16:22:08,2021-03-09,448.00,157-210,서울특별시 강서구 마곡동 74 지하1층,N,,3150000-105-2021-00003,0,3150000,"서울특별시 강서구 양천로 201, 관리사무소동 지하1층 (마곡동)",07520,01,영업/정상,기타 집단급식소,02-3660-2108,,,상수도전용
,,구립 라온어린이집,어린이집,,187251.074386272,448210.365487663,2026-05-06 22:37:26,I,01,영업,25,,,,,,0,0,,2024-01-23 18:42:29,2021-03-17,205.00,157-894,서울특별시 강서구 화곡동 470-5,N,,3150000-105-2021-00004,0,3150000,서울특별시 강서구 곰달래로53길 112 (화곡동),07735,01,영업/정상,어린이집,02-2655-0644,,,
,,국공립 마곡9나인 어린이집,어린이집,,,,2026-05-06 22:37:26,I,01,영업,38.77,,,,,,0,15,,2024-01-23 18:43:09,2021-03-24,417.77,157-210,서울특별시 강서구 마곡동 744 마곡엠벨리9단지 902동 1층,N,,3150000-105-2021-00005,0,3150000,"서울특별시 강서구 공항대로 103, 마곡엠벨리9단지 902동 1층 (마곡동)",07600,01,영업/정상,어린이집,02-6956-5573,,,
,,구립 염창별하어린이집,어린이집,,188123.970481821,449841.957612847,2026-05-06 22:37:26,I,01,영업,12.89,,,,,,0,0,,2024-01-23 18:43:46,2021-03-29,173.55,157-040,"서울특별시 강서구 염창동 312 센터스퀘어, 지하1층",N,,3150000-105-2021-00006,0,3150000,"서울특별시 강서구 공항대로 543, 지하1층 (염창동, 센터스퀘어)",07562,01,영업/정상,어린이집,02-3662-7942,,,
,,나무와열매어린이집,어린이집,,183937.7403014,452514.491608298,2026-05-06 22:37:26,I,01,영업,24,,,,,,0,0,,2024-01-23 18:44:21,2021-05-14,209.00,157-220,"서울특별시 강서구 방화동 839 방화2단지아파트, 1~2층",N,,3150000-105-2021-00007,0,3150000,"서울특별시 강서구 방화대로48길 40, 1~2층 (방화동, 방화2단지아파트)",07519,01,영업/정상,어린이집,02-2662-6668,,,
,,강서소방서,공공기관,,187569.817399726,450641.765598055,2026-05-06 22:37:26,I,01,영업,45.9,,,,,,,,,2024-01-23 18:44:44,2021-06-17,180.00,157-839,서울특별시 강서구 등촌동 630-2 강서소방서 3층,N,,3150000-105-2021-00009,,3150000,"서울특별시 강서구 양천로 550, 강서소방서 3층 (등촌동)",07550,01,영업/정상,공공기관,02-6981-5074,,,
,,구립 하늘마음 어린이집,어린이집,,186799.721124656,448538.158063264,2026-05-06 22:37:26,I,01,영업,14,,,,,,0,0,,2024-01-23 18:45:15,2021-08-06,168.00,157-867,서울특별시 강서구 화곡동 56-369 하늘어린이집,N,,3150000-105-2021-00010,0,3150000,"서울특별시 강서구 초록마을로 106, 하늘어린이집 (화곡동)",07724,01,영업/정상,어린이집,02-6959-7736,,,상수도전용
,,근로복지공단 곰달래어린이집,어린이집,,187568.98872463,447936.987440701,2026-05-06 22:37:26,I,01,영업,12.56,,,,,,0,0,,2024-01-23 18:45:51,2021-08-17,249.56,157-898,서울특별시 강서구 화곡동 802-1,N,,3150000-105-2021-00011,0,3150000,서울특별시 강서구 곰달래로53길 30-20 (화곡동),07740,01,영업/정상,어린이집,02-2646-7142,,,
,,강서농업협동조합,산업체,,183335.766091399,452719.691826848,2026-05-06 22:37:26,I,01,영업,30.8,,,,,,0,0,,2025-01-02 14:50:11,2021-08-19,113.60,157-857,서울특별시 강서구 방화동 829-3 강서농협 3층,N,,3150000-105-2021-00012,0,3150000,"서울특별시 강서구 금낭화로 127, 강서농협 3층 (방화동)",07510,01,영업/정상,산업체,02-2669-6114,,,
,자가,디와이피엔에프(주),산업체,,185699.885252651,451360.369824336,2026-05-06 22:37:26,I,01,영업,74.6,,,,,,0,0,,2024-11-08 14:19:01,2021-09-07,541.10,157-210,서울특별시 강서구 마곡동 785-5 지하1층,N,,3150000-105-2021-00013,0,3150000,"서울특별시 강서구 마곡중앙8로7길 39, 지하1층 (마곡동)",07792,01,영업/정상,산업체,02-2106-8031,,,
,,(주)제넥신,산업체,,184833.407931358,451878.452644838,2026-05-06 22:37:26,I,01,영업,166.7,,,,,,0,2,,2024-01-23 18:47:07,2022-01-18,671.30,157-210,서울특별시 강서구 마곡동 762-5 Genexine ProGen Bio Innovation Park 1층,N,,3150000-105-2022-00001,0,3150000,"서울특별시 강서구 마곡중앙로 172, Genexine ProGen Bio Innovation Park 1층 (마곡동)",07789,01,영업/정상,산업체,02-6098-2600,,,
,,남서울요양병원,병원,,190588.908625988,441873.504088439,2026-05-06 22:32:13,I,01,영업,0,,,,,,0,0,,2021-08-17 14:43:43,2021-08-17,.00,152-801,서울특별시 구로구 가리봉동 137-5 영진오피스,N,,3160000-105-2021-00011,0,3160000,"서울특별시 구로구 남부순환로 1291, 영진오피스 B동 5층 (가리봉동)",08395,01,영업/정상,병원,02-863-8999,,,
,,구립 자람터어린이집,어린이집,,190504.7782409,442154.992807483,2026-05-06 22:32:13,I,01,영업,0,,,,,,0,0,,2024-10-26 15:54:27,2021-09-17,.00,152-848,서울특별시 구로구 구로동 235-2 에이스하이엔드타워1차,N,,3160000-105-2021-00012,0,3160000,"서울특별시 구로구 디지털로26길 5, 에이스하이엔드타워1차 201호 (구로동)",08389,01,영업/정상,어린이집,02-6220-2928,,,상수도전용
,,서울VIP요양병원,병원,,186968.262921097,443991.411315809,2026-05-06 22:32:13,I,01,영업,120.38,,,,,,0,0,,2024-10-04 10:33:25,2021-12-01,219.92,152-805,서울특별시 구로구 개봉동 143-1 오류빌딩,N,,3160000-105-2021-00013,0,3160000,"서울특별시 구로구 경인로 297, 오류빌딩 지하1층 (개봉동)",08238,01,영업/정상,병원,02-2611-8883,,,상수도전용
,,희망주야간보호센터,사회복지시설,,187620.633853349,444710.622282315,2026-05-06 22:32:13,I,01,영업,0,,,,,,0,0,,2024-10-04 10:07:52,2022-08-11,.00,152-831,서울특별시 구로구 고척동 172-6 고척교회 2층,N,,3160000-105-2022-00001,0,3160000,"서울특별시 구로구 중앙로 79, 고척교회 (고척동)",08228,01,영업/정상,사회복지시설,02-2681-0692,,,상수도전용
,,코스트코 코리아 고척점,산업체,,187477.579440706,444045.294921843,2026-05-06 22:32:13,I,01,영업,85.6,,,,,,0,0,,2025-01-02 11:08:24,2022-09-07,255.60,152-828,서울특별시 구로구 고척동 100-7,N,,3160000-105-2022-00002,0,3160000,서울특별시 구로구 경인로43길 49 (고척동),08226,01,영업/정상,산업체,,,,상수도전용
,,포그니병원,병원,,187826.698183821,443925.52468616,2026-05-06 22:32:13,I,01,영업,61.2,,,,,,0,0,,2024-10-24 10:40:44,2022-11-04,133.80,152-826,서울특별시 구로구 고척동 73-3 일이삼전자타운,N,,3160000-105-2022-00003,0,3160000,"서울특별시 구로구 경인로 393-7, 일이삼전자타운 6,7층 (고척동)",08227,01,영업/정상,병원,02-2613-7000,,,상수도전용
,,구립달숲어린이집,어린이집,,187496.6615847,444277.066462678,2026-05-06 22:32:13,I,01,영업,22.69,,,,,,0,0,,2024-10-04 10:02:16,2022-12-15,22.69,152-828,서울특별시 구로구 고척동 102-1 고척아이파크,N,,3160000-105-2022-00004,0,3160000,"서울특별시 구로구 중앙로5길 59 (고척동, 고척아이파크)",08225,01,영업/정상,어린이집,,,,상수도전용
,,별숲어린이집,어린이집,,187477.579440706,444045.294921843,2026-05-06 22:32:13,I,01,영업,59.45,,,,,,0,0,,2024-10-04 09:51:26,2022-12-15,135.21,152-828,서울특별시 구로구 고척동 100-7 고척아이파크,N,,3160000-105-2022-00005,0,3160000,"서울특별시 구로구 경인로43길 49 (고척동, 고척아이파크)",08226,01,영업/정상,어린이집,,,,
,,삼농실버마을,사회복지시설,,186200.421784557,443388.521023744,2026-05-06 22:32:13,I,01,영업,48.97,,,,,,0,0,,2024-01-25 15:28:05,2023-01-16,211.94,152-896,서울특별시 구로구 오류동 147 사회복지법인삼농복지재단,N,,3160000-105-2023-00001,0,3160000,"서울특별시 구로구 오류로8길 84, 사회복지법인삼농복지재단 (오류동)",08344,01,영업/정상,사회복지시설,02-2617-9980,,,
,,성프란치스꼬장애인종합복지관,사회복지시설,,190247.027204703,442159.117171849,2026-05-06 22:32:13,I,01,영업,0,,,,,,0,0,,2024-10-26 15:49:00,2023-04-10,.00,152-801,"서울특별시 구로구 가리봉동 131-1 성프란치스코수녀원,성프란치스코복지관",N,,3160000-105-2023-00002,0,3160000,"서울특별시 구로구 남부순환로105라길 25-10, 성프란치스코수녀원,성프란치스코복지관 (가리봉동)",08388,01,영업/정상,사회복지시설,02-865-8174,,,
,,넷마블푸르니어린이집,어린이집,,190583.15508527,441999.892839219,2026-05-06 22:32:13,I,01,영업,48,,,,,,0,0,,2024-04-22 16:06:01,2024-02-28,108.51,152-879,서울특별시 구로구 구로동 844-1,N,,3160000-105-2024-00001,0,3160000,"서울특별시 구로구 남부순환로107길 29, 지상1층 (구로동)",08395,01,영업/정상,어린이집,02-857-1302,,,상수도전용
,,구립느티나무어린이집,어린이집,,184387.109783644,441883.239599718,2026-05-06 22:32:13,I,01,영업,19.8,,,,,,0,0,,2024-10-04 09:31:51,2024-05-30,19.80,152-140,서울특별시 구로구 항동 242 하버라인 3단지,N,,3160000-105-2024-00002,0,3160000,"서울특별시 구로구 항동로 43, 관리동 (항동, 하버라인 3단지)",08368,01,영업/정상,어린이집,,,,상수도전용
,,현대힐스어린이집,어린이집,,184103.718488054,443851.408941097,2026-05-06 22:32:13,I,01,영업,40,,,,,,0,0,,2024-07-10 09:07:52,2024-07-10,40.00,152-906,서울특별시 구로구 온수동 155 온수 힐스테이트,N,,3160000-105-2024-00003,0,3160000,"서울특별시 구로구 부일로9길 127, 107동 1층 (온수동, 온수 힐스테이트)",08259,01,영업/정상,어린이집,02-6738-1400,,,
,,(주)귀뚜라미에너지,산업체,,188084.805143475,443694.42691785,2026-05-06 22:32:13,I,01,영업,36,,,,,,0,0,,2024-12-06 10:20:57,2024-09-30,98.00,152-826,서울특별시 구로구 고척동 66-12,N,,3160000-105-2024-00005,0,3160000,"서울특별시 구로구 경인로46길 51, 3층 (고척동)",08275,01,영업/정상,산업체,,,,상수도전용
,,구립해누리어린이집 (천왕2단지),어린이집,,185651.371605273,442527.560476113,2026-05-06 22:32:13,I,01,영업,9.93,,,,,,0,0,,2024-12-06 10:20:03,2024-10-15,9.93,152-130,서울특별시 구로구 천왕동 279-2 천왕이펜하우스2단지,N,,3160000-105-2024-00006,0,3160000,"서울특별시 구로구 천왕로 92, 203동 1층 (천왕동, 천왕이펜하우스2단지)",08365,01,영업/정상,어린이집,,,,상수도전용
,,혜원유치원,어린이집,,185990.628458152,444140.623271234,2026-05-06 22:32:13,I,01,영업,0,,,,,,,,,2024-12-06 10:18:55,2024-11-28,,152-890,서울특별시 구로구 오류동 18-8 혜원유치원,N,,3160000-105-2024-00007,,3160000,"서울특별시 구로구 고척로 62-11, 혜원유치원 (오류동)",08268,01,영업/정상,어린이집,,,,상수도전용
,,고려대학교 의과대학 부속 구로병원,병원,,189737.563067918,443329.459368413,2026-05-06 22:32:13,I,01,영업,0,,,,,,,,,2024-12-06 09:53:50,2024-11-29,,152-703,서울특별시 구로구 구로동 80 고려대부속구로병원,N,,3160000-105-2024-00008,,3160000,"서울특별시 구로구 구로동로 148, 고려대부속구로병원 직원식당 지하2층 (구로동)",08308,01,영업/정상,병원,,,,
,,근로복지공단 등촌어린이집,어린이집,,186115.887920435,451264.767153689,2026-05-06 22:37:26,I,01,영업,15,,,,,,0,0,,2024-01-23 18:47:43,2022-02-14,109.00,157-930,서울특별시 강서구 등촌동 691-3 1층,N,,3150000-105-2022-00002,0,3150000,"서울특별시 강서구 강서로56나길 128, 1층 (등촌동)",07580,01,영업/정상,어린이집,02-2659-3370,,,
,,(주)동원홈푸드 지앤푸드,산업체,,185540.005974521,450208.308005531,2026-05-06 22:37:26,I,01,영업,35.45,,,,,,0,3,,2025-01-20 11:13:18,2022-03-17,230.12,157-280,서울특별시 강서구 내발산동 677 2층 구내식당,N,,3150000-105-2022-00003,0,3150000,"서울특별시 강서구 강서로 318, 구내식당 2층 (내발산동)",07680,01,영업/정상,산업체,02-2648-2005,,,
,,서울원병원,병원,,185725.161390724,448911.264785071,2026-05-06 22:37:26,I,01,영업,42.59,,,,,,0,0,,2024-01-23 18:48:41,2022-03-18,111.99,157-922,서울특별시 강서구 화곡동 1051-22 10층,N,,3150000-105-2022-00004,0,3150000,"서울특별시 강서구 강서로 179, 10층 (화곡동)",07714,01,영업/정상,병원,1544-5888,,,상수도전용
,,(재)행복에프앤씨,산업체,,185599.611899729,451520.60482172,2026-05-06 22:37:26,I,01,영업,36.98,,,,,,0,0,,2024-01-23 18:49:05,2022-05-10,175.31,157-210,서울특별시 강서구 마곡동 782-4 1층,N,,3150000-105-2022-00005,0,3150000,"서울특별시 강서구 마곡중앙8로5길 53, 1층 (마곡동)",07792,01,영업/정상,산업체,02-6445-5525,,,상수도전용
,,주식회사 코콤,산업체,,185597.279587522,451132.198505403,2026-05-06 22:37:26,I,01,영업,197.5,,,,,,0,0,,2024-01-03 11:33:55,2022-05-30,438.88,157-210,서울특별시 강서구 마곡동 792-2 지하1층,N,,3150000-105-2022-00006,0,3150000,"서울특별시 강서구 마곡중앙8로5길 16, 지하1층 (마곡동)",07794,01,영업/정상,산업체,,,,상수도전용
,,대교뉴이프 데이케어센터 강서센터,사회복지시설,,185063.306904038,450732.147865116,2026-05-06 22:37:26,I,01,영업,27.28,,,,,,0,0,,2025-11-06 14:49:43,2022-06-29,267.00,157-210,서울특별시 강서구 마곡동 800-3 우성에스비타워Ⅱ 3층 307~312호,N,,3150000-105-2022-00007,0,3150000,"서울특별시 강서구 공항대로 220, 우성에스비타워Ⅱ 3층 307~312호 (마곡동)",07806,01,영업/정상,사회복지시설,02-6956-9982,,,상수도전용
,,강서365 한방병원,병원,,187059.703431437,450478.956139831,2026-05-06 22:37:26,I,01,영업,34.86,,,,,,0,5,,2024-01-23 18:49:54,2022-09-01,89.78,157-030,서울특별시 강서구 등촌동 726 가양역 두산위브,N,,3150000-105-2022-00008,0,3150000,"서울특별시 강서구 공항대로45길 15, 7~11층 (등촌동, 가양역 두산위브)",07572,01,영업/정상,병원,,,,
,,일진R&D센터,산업체,,184856.035489839,451811.044646774,2026-05-06 22:37:26,I,01,영업,186.19,,,,,,0,11,,2024-01-24 14:31:46,2022-09-15,682.05,157-210,서울특별시 강서구 마곡동 762-7 지하1층,N,,3150000-105-2022-00009,0,3150000,"서울특별시 강서구 마곡중앙14로 15, 지하1층 (마곡동)",07789,01,영업/정상,산업체,02-3777-8104,,,상수도전용
,,(주)엑셈,산업체,,185636.522721465,451367.960535588,2026-05-06 22:37:26,I,01,영업,131.51,,,,,,0,0,,2024-01-23 18:50:28,2022-12-16,447.31,157-210,서울특별시 강서구 마곡동 785-1 8층,N,,3150000-105-2022-00010,0,3150000,"서울특별시 강서구 마곡중앙8로5길 40, 8층 (마곡동)",07792,01,영업/정상,산업체,02-6203-6300,,,상수도전용
,,구립배다리어린이집,어린이집,,185748.477969814,447681.722999527,2026-05-06 22:37:26,I,01,영업,30,,,,,,0,0,,2025-11-13 16:14:23,2023-02-13,129.07,157-883,서울특별시 강서구 화곡동 355-5 배다리어린이집,N,,3150000-105-2023-00002,0,3150000,"서울특별시 강서구 곰달래로15길 25, 배다리어린이집 지하1층 (화곡동)",07766,01,영업/정상,어린이집,02-2693-9190,,,상수도전용
,,경동운수(주),산업체,,186538.080919407,449633.113671792,2026-05-06 22:37:26,I,01,영업,28.1,,,,,,0,0,,2024-01-23 18:51:28,2023-04-13,170.10,157-915,서울특별시 강서구 화곡동 974-3 경동운수(주),N,,3150000-105-2023-00003,0,3150000,"서울특별시 강서구 까치산로17길 36, 경동운수(주) 1층 (화곡동)",07663,01,영업/정상,산업체,,,,
,,서울필병원,병원,,185569.392871863,450611.074306467,2026-05-06 22:37:26,I,01,영업,89.1,,,,,,0,0,,2024-01-23 18:51:53,2023-04-25,148.83,157-834,서울특별시 강서구 내발산동 654 5층,N,,3150000-105-2023-00004,0,3150000,"서울특별시 강서구 강서로 357, 5층 (내발산동)",07632,01,영업/정상,병원,1600-8205,,,상수도전용
,,구립우장산어린이집,어린이집,,185698.769677645,449217.614468479,2026-05-06 22:37:26,I,01,영업,16,,,,,,0,0,,2024-01-23 18:52:29,2023-07-10,164.00,157-920,서울특별시 강서구 화곡동 1027-50 우장산숲아이파크단지 내,N,,3150000-105-2023-00005,0,3150000,"서울특별시 강서구 화곡로31다길 20, 우장산숲아이파크단지 내 (화곡동)",07697,01,영업/정상,어린이집,02-2697-7333,,,상수도전용
,,늘푸른주야간보호센터,사회복지시설,,184589.971673382,450120.866113567,2026-05-06 22:37:26,I,01,영업,14.2,,,,,,0,0,,2023-08-22 11:48:49,2023-07-28,37.30,157-937,서울특별시 강서구 내발산동 750-1 베스트프라자빌딩 6층,N,,3150000-105-2023-00006,0,3150000,"서울특별시 강서구 수명로 80, 베스트프라자빌딩 6층 (내발산동)",07635,01,영업/정상,사회복지시설,02-2667-5000,,,
,,S-oil(주) TS&D센타 구내식당,산업체,,185393.02417415,451531.147412239,2026-05-06 22:37:26,I,01,영업,120,,,,,,0,0,,2024-01-23 18:52:54,2023-10-12,509.50,157-210,서울특별시 강서구 마곡동 780-2 2층,N,,3150000-105-2023-00007,0,3150000,"서울특별시 강서구 마곡동로 124, 2층 (마곡동)",07793,01,영업/정상,산업체,02-3772-5156,,,상수도전용
,자가,여명학교,학교,,187948.780860384,450980.979960757,2026-05-06 22:37:26,I,01,영업,41.44,,,,,,0,0,,2024-01-23 18:53:25,2023-11-07,97.68,157-200,서울특별시 강서구 가양동 1492 1층,N,,3150000-105-2023-00008,0,3150000,"서울특별시 강서구 허준로 221-22, 1층 (가양동)",07531,01,영업/정상,학교,02-888-1673,,,
,,구립 어울림 어린이집,어린이집,,186775.805203976,449836.663054197,2026-05-06 22:37:26,I,01,영업,30.41,,,,,,0,0,,2024-01-23 18:54:07,2024-01-10,30.41,157-915,서울특별시 강서구 화곡동 980-19,N,,3150000-105-2024-00002,0,3150000,"서울특별시 강서구 화곡로54길 43, 1층 (화곡동)",07659,01,영업/정상,어린이집,02-2699-9118,,,
,임대,비에스코아이비인후과병원,병원,,185487.641769266,450280.85856253,2026-05-06 22:37:26,I,01,영업,0,,,,,,0,0,,2026-03-26 17:18:03,2024-02-07,,157-827,서울특별시 강서구 내발산동 668 8층,N,,3150000-105-2024-00003,0,3150000,"서울특별시 강서구 강서로 323, 8층 (내발산동)",07632,01,영업/정상,병원,,,,
,,구립 개봉푸르지오어린이집,어린이집,,186501.22219755,444255.437772383,2026-05-06 22:32:13,I,01,영업,0,,,,,,,,,2024-12-06 10:17:29,2024-12-04,,152-090,서울특별시 구로구 개봉동 492 개봉푸르지오,N,,3160000-105-2024-00009,,3160000,"서울특별시 구로구 남부순환로 775, 1층 (개봉동, 개봉푸르지오)",08236,01,영업/정상,어린이집,,,,상수도전용
,,철도직원자녀기숙사,기타 집단급식소,,186596.954526915,443839.988176199,2026-05-06 22:32:13,I,01,영업,0,,,,,,0,0,,2025-04-08 16:50:01,2024-12-11,.00,152-892,서울특별시 구로구 오류동 33-179 철도직원자녀기숙사,N,,3160000-105-2024-00010,0,3160000,"서울특별시 구로구 경인로 248-29, 철도직원자녀기숙사 (오류동)",08272,01,영업/정상,기타 집단급식소,02-2681-8508,,,
,,화원종합사회복지관,사회복지시설,,189331.783342497,443910.561688865,2026-05-06 22:32:13,I,01,영업,107,,,,,,0,0,,2025-01-21 13:48:25,2025-01-21,107.00,152-858,서울특별시 구로구 구로동 476-134 화원종합사회복지관,N,,3160000-105-2025-00001,0,3160000,"서울특별시 구로구 벚꽃로 484, 화원종합사회복지관 1층 (구로동)",08281,01,영업/정상,사회복지시설,,,,
,,참튼튼병원,병원,,190988.09025645,442224.898988179,2026-05-06 22:32:14,I,01,영업,0,,,,,,,,,2025-06-26 16:41:15,2025-06-26,,152-880,서울특별시 구로구 구로동 1127-22 티타운빌딩,N,,3160000-105-2025-00002,,3160000,"서울특별시 구로구 디지털로32가길 25, 티타운빌딩 2층 205호 (구로동)",08392,01,영업/정상,병원,,,,
,,갈산데이케어센터,사회복지시설,,187827.628150651,445053.084826682,2026-05-06 22:32:14,I,01,영업,13.54,,,,,,,,,2025-07-31 13:53:07,2025-07-31,13.54,152-823,서울특별시 구로구 고척동 39-6 신성빌딩,N,,3160000-105-2025-00003,,3160000,"서울특별시 구로구 중앙로14길 31, 신성빌딩 2층 (고척동)",08218,01,영업/정상,사회복지시설,,,,
,,제이백합어린이집,어린이집,,187720.94544817,443957.487509932,2026-05-06 22:32:14,I,01,영업,0,,,,,,,,,2025-08-11 14:54:38,2025-08-11,,152-827,서울특별시 구로구 고척동 85-14 고척동봉신교회,N,,3160000-105-2025-00004,,3160000,"서울특별시 구로구 경인로43길 22, 고척동봉신교회 1층 (고척동)",08227,01,영업/정상,어린이집,,,,
,,강서케이병원,병원,,185500.498361103,448361.495133865,2026-05-06 22:37:26,I,01,영업,46.98,,,,,,0,0,,2024-04-22 16:21:47,2024-04-15,100.57,157-884,서울특별시 강서구 화곡동 377-8 나누리강서병원,N,,3150000-105-2024-00004,0,3150000,"서울특별시 강서구 가로공원로 187, 나누리강서병원 7층 (화곡동)",07718,01,영업/정상,병원,,,,
,임대,구립 아리스타 어린이집,어린이집,,,,2026-05-06 22:37:26,I,01,영업,21,,,,,,0,0,,2024-12-17 16:32:22,2024-05-14,21.00,157-030,서울특별시 강서구 등촌동 727-1 구립아리스타어린이집,N,,3150000-105-2024-00005,0,3150000,"서울특별시 강서구 양천로66길 15, 1층 (등촌동, 구립아리스타어린이집)",07553,01,영업/정상,어린이집,,,,
,임대,원탑병원,병원,,187868.192160081,447679.060113622,2026-05-06 22:37:26,I,01,영업,37.68,,,,,,0,0,,2024-06-11 15:12:11,2024-06-11,117.68,157-897,서울특별시 강서구 화곡동 782-1,N,,3150000-105-2024-00006,0,3150000,"서울특별시 강서구 등촌로 15, 6층 (화곡동)",07786,01,영업/정상,병원,02-2644-3690,,,상수도전용
,,디어원 산후조리원,산후조리원,,185359.404290308,450080.084404025,2026-05-06 22:37:26,I,01,영업,89,,,,,,0,0,,2025-06-12 15:35:44,2024-06-25,119.00,157-829,서울특별시 강서구 내발산동 680-12,N,,3150000-105-2024-00007,0,3150000,"서울특별시 강서구 강서로47길 20, 지하1층 (내발산동)",07633,01,영업/정상,산후조리원,,,,
,,(주)아하,산업체,,184911.886316856,450582.19742945,2026-05-06 22:37:26,I,01,영업,54,,,,,,0,0,,2026-04-21 14:14:37,2024-08-16,365.00,157-210,서울특별시 강서구 마곡동 804 지하1층,N,,3150000-105-2024-00008,0,3150000,"서울특별시 강서구 마곡중앙2로 30, 지하1층 (마곡동)",07812,01,영업/정상,산업체,,,,
,자가,해피엔젤 어린이집,어린이집,,186570.911054731,448967.768007741,2026-05-06 22:37:26,I,01,영업,6.6,,,,,,0,0,,2024-10-24 11:28:08,2024-10-24,6.60,157-895,서울특별시 강서구 화곡동 50-3 해피엔젤어린이집,N,,3150000-105-2024-00009,0,3150000,"서울특별시 강서구 까치산로12길 59, 해피엔젤어린이집 1층 (화곡동)",07677,01,영업/정상,어린이집,,,,상수도전용
,,트레이더스 홀세일클럽 마곡점,산업체,,184449.736274095,451015.135227088,2026-05-06 22:37:26,I,01,영업,27.81,,,,,,0,0,,2026-01-05 13:47:48,2024-12-20,80.38,157-210,서울특별시 강서구 마곡동 769,N,,3150000-105-2024-00011,0,3150000,"서울특별시 강서구 공항대로 165, 지하 2층 (마곡동)",07800,01,영업/정상,산업체,,,,상수도전용
,,LG전자마곡 DP2 구내식당,산업체,,184825.577234469,451201.280251006,2026-05-06 22:37:26,I,01,영업,3975.9,,,,,,0,0,,2026-04-24 14:06:35,2025-01-15,"5,816.60",157-210,"서울특별시 강서구 마곡동 770 LG사이언스파크 DP2 W9,W10동 지하1층",N,,3150000-105-2025-00001,0,3150000,"서울특별시 강서구 마곡중앙10로 10, LG사이언스파크 DP2 W9,W10동 지하1층 (마곡동)",07796,01,영업/정상,산업체,,,,상수도전용
,임대,밥짓는 부엌(마곡점),산업체,,185513.489933858,451879.827439352,2026-05-06 22:37:26,I,01,영업,96.7,,,,,,0,0,,2025-03-12 17:21:16,2025-02-03,609.89,157-210,서울특별시 강서구 마곡동 779 보타닉게이트 지식산업센터 지하1층 B031~B043호,N,,3150000-105-2025-00002,0,3150000,"서울특별시 강서구 마곡동로 166, 보타닉게이트 지식산업센터 지하1층 B031~B043호 (마곡동)",07790,01,영업/정상,산업체,,,,상수도전용
,임대,엘지전자 마곡어린이집,어린이집,,184825.577234469,451201.280251006,2026-05-06 22:37:26,I,01,영업,32.57,,,,,,0,0,,2025-02-21 16:36:20,2025-02-21,101.43,157-210,서울특별시 강서구 마곡동 770 LG사이언스파크,N,,3150000-105-2025-00003,0,3150000,"서울특별시 강서구 마곡중앙10로 10, LG사이언스파크 1층 (마곡동)",07796,01,영업/정상,어린이집,02-6956-3151,,,상수도전용
,,기쁜우리복지관,사회복지시설,,186581.795452468,451892.989522696,2026-05-06 22:37:26,I,01,영업,42.75,,,,,,0,4,,2025-02-28 12:09:31,2025-02-28,136.50,157-807,"서울특별시 강서구 가양동 1466 기쁜우리복지관,체육센터",N,,3150000-105-2025-00004,0,3150000,"서울특별시 강서구 허준로 65, 기쁜우리복지관,체육센터 1층 (가양동)",07524,01,영업/정상,사회복지시설,02-3665-3835,,,상수도전용
,임대,나래어린이집,어린이집,,183383.925858822,452513.658606619,2026-05-06 22:37:26,I,01,영업,11,,,,,,0,0,,2025-05-13 17:03:37,2025-05-13,11.00,157-849,서울특별시 강서구 방화동 448-6 방화1동어린이집,N,,3150000-105-2025-00005,0,3150000,"서울특별시 강서구 양천로17길 25, 방화1동어린이집 1층 (방화동)",07517,01,영업/정상,어린이집,02-2664-9831,,,상수도전용
,임대,주식회사 에스엘피에듀,기타 집단급식소,,185770.955892733,450956.362946787,2026-05-06 22:37:27,I,01,영업,24.18,,,,,,0,0,,2025-05-16 14:08:39,2025-05-16,24.18,157-930,서울특별시 강서구 등촌동 678-13,N,,3150000-105-2025-00006,0,3150000,"서울특별시 강서구 강서로 392-11, 5층 (등촌동)",07583,01,영업/정상,기타 집단급식소,02-3661-2030,,,상수도전용
,,현대건설(주) 구내식당(공사장),기타 집단급식소,,186135.229668778,451698.541496906,2026-05-06 22:37:27,I,01,영업,94.5,,,,,,0,0,,2025-11-07 11:09:23,2025-06-05,444.75,157-801,서울특별시 강서구 가양동 100-1 1층,N,,3150000-105-2025-00007,0,3150000,,,01,영업/정상,기타 집단급식소,,,,상수도전용
,임대,오스템임플란트 주식회사,산업체,,184839.851199857,452149.557010102,2026-05-06 22:37:27,I,01,영업,118.3,,,,,,0,5,,2026-03-24 15:52:55,2025-06-19,628.00,157-210,서울특별시 강서구 마곡동 762 오스템글로벌 마곡연구소 7층,N,,3150000-105-2025-00008,0,3150000,"서울특별시 강서구 마곡중앙로 200, 오스템글로벌 마곡연구소 7층 (마곡동)",07789,01,영업/정상,산업체,,,,상수도전용
,임대,구립 힐스토리 어린이집,어린이집,,185794.10884701,449398.802812988,2026-05-06 22:37:27,I,01,영업,18,,,,,,0,0,,2025-06-23 14:26:29,2025-06-23,18.00,157-010,서울특별시 강서구 화곡동 1165 강서힐스테이트,N,,3150000-105-2025-00009,0,3150000,"서울특별시 강서구 우현로 67, 관리동(보육시설)동 1층 (화곡동, 강서힐스테이트)",07694,01,영업/정상,어린이집,,,,상수도전용
,임대,강서푸른꿈성모어린이병원,병원,,186299.74267687,450792.016505679,2026-05-06 22:37:27,I,01,영업,28.22,,,,,,0,0,,2025-06-30 11:25:43,2025-06-30,89.12,157-930,서울특별시 강서구 등촌동 700 플러스존,N,,3150000-105-2025-00010,0,3150000,"서울특별시 강서구 공항대로41길 34, 플러스존 9층 902,903,923호 (등촌동)",07587,01,영업/정상,병원,,,,상수도전용
,,사랑해밥상 뉴브클라우드,산업체,,185602.711828867,451826.62016058,2026-05-06 22:37:27,I,01,영업,132,,,,,,0,0,,2025-08-25 11:28:40,2025-08-01,857.49,157-210,"서울특별시 강서구 마곡동 779-1 뉴브클라우드힐스 지하1층 B117,B118호",N,,3150000-105-2025-00011,0,3150000,"서울특별시 강서구 마곡중앙8로1길 81, 뉴브클라우드힐스 지하1층 B117,B118호 (마곡동)",07790,01,영업/정상,산업체,,,,상수도전용
,임대,디엘이앤씨 주식회사,산업체,,184449.736274095,451015.135227088,2026-05-06 22:37:27,I,01,영업,470.93,,,,,,0,43,,2025-08-20 11:38:49,2025-08-20,"1,996.19",157-210,서울특별시 강서구 마곡동 769,N,,3150000-105-2025-00012,0,3150000,"서울특별시 강서구 공항대로 165, 원그로브 에이동 11층 (마곡동)",07800,01,영업/정상,산업체,,,,상수도전용
,임대,치유본한방병원,병원,,186001.490296079,448899.500159804,2026-05-06 22:37:27,I,01,영업,52.48,,,,,,0,0,,2025-08-20 15:15:02,2025-08-20,72.42,157-874,서울특별시 강서구 화곡동 114-12 FAKER TOWER,N,,3150000-105-2025-00013,0,3150000,"서울특별시 강서구 화곡로 188, FAKER TOWER 4층 (화곡동)",07727,01,영업/정상,병원,,,,
,임대,VL르웨스트,사회복지시설,,184470.62443276,451177.411314042,2026-05-06 22:37:27,I,01,영업,802.2,,,,,,0,6,,2025-10-02 11:51:21,2025-10-02,"2,250.70",157-210,서울특별시 강서구 마곡동 768,N,,3150000-105-2025-00014,0,3150000,"서울특별시 강서구 마곡중앙3로 16, 지하1층 (마곡동)",07800,01,영업/정상,사회복지시설,,,,
,임대,마곡튼튼소아청소년과의원,병원,,184590.09935714,451162.792485243,2026-05-06 22:37:27,I,01,영업,32,,,,,,0,0,,2025-10-14 11:21:31,2025-10-14,70.10,157-210,서울특별시 강서구 마곡동 768-1 케이스퀘어 마곡,N,,3150000-105-2025-00015,0,3150000,"서울특별시 강서구 마곡중앙로 105-7, 케이스퀘어 마곡 A동 2층 (마곡동)",07800,01,영업/정상,병원,,,,상수도전용
,자가,이랜드글로벌R&D센터,산업체,,185431.420609191,451715.712433697,2026-05-06 22:37:27,I,01,영업,256.1,,,,,,0,0,,2025-11-28 15:17:09,2025-11-04,"1,705.58",157-210,서울특별시 강서구 마곡동 780 마곡 이랜드 글로벌 R&D센터,N,,3150000-105-2025-00016,0,3150000,"서울특별시 강서구 마곡동로 146, 마곡 이랜드 글로벌 R&D센터 지상1층, 지하2층 (마곡동)",07793,01,영업/정상,산업체,,,,상수도전용
기타,,구로다나병원,병원,,187263.423644693,443866.789760211,2026-05-06 22:31:04,I,01,영업,0,,,,4,자율,,5,,2024-10-04 10:23:20,1980-04-01,.00,152-815,서울특별시 구로구 개봉동 353-2,N,1,3160000-105-1980-00003,,3160000,서울특별시 구로구 개봉로 126 (개봉동),08277,01,영업/정상,병원,02-2613-8001,,,상수도전용
기타,,신용보증기금,산업체,,185849.006307488,442106.566409247,2026-05-06 22:31:06,I,01,영업,0,,,,0,기타,,0,,2024-10-04 20:32:53,1980-04-01,.00,152-130,서울특별시 구로구 천왕동 30-1 0000동 0000호,N,0,3160000-105-1980-00008,,3160000,"서울특별시 구로구 천왕로2길 45, 0000동 0000호 (천왕동)",08365,01,영업/정상,산업체,02-2067-4109,,,상수도전용
기타,,고려대학교 의료원 구로병원,병원,,189737.563067918,443329.459368413,2026-05-06 22:31:07,I,01,영업,1815.25,,,,0,기타,,0,,2024-12-18 14:06:17,1980-04-01,"1,815.25",152-703,서울특별시 구로구 구로동 80 고려대부속구로병원,N,0,3160000-105-1980-00013,,3160000,"서울특별시 구로구 구로동로 148, 고려대부속구로병원 신관+본관 지하1층(0층) (구로동)",08308,01,영업/정상,병원,02-2626-1641,,,상수도전용
기타,,씨제이제일제당(주),산업체,,188923.906304468,444156.604961623,2026-05-06 22:31:07,I,01,영업,0,,,,0,자율,,,,2026-04-07 15:57:39,1980-04-01,.00,152-866,서울특별시 구로구 구로동 636-1 씨제이 제일제당,N,0,3160000-105-1980-00015,,3160000,서울특별시 구로구 경인로 518 (구로동),08278,01,영업/정상,산업체,02-2629-5008,,,상수도전용
학교정화(절대),,동양미래대학교,학교,,188228.989965737,444267.461511769,2026-05-06 22:31:09,I,01,영업,1018,,,,10,자율,,0,,2024-10-04 09:46:35,1983-06-04,"1,018.00",152-714,서울특별시 구로구 고척동 62-160 동양미래대학교(3호관),N,1,3160000-105-1983-00029,,3160000,"서울특별시 구로구 경인로 445 (고척동, 동양미래대학교(3호관))",08221,01,영업/정상,학교,02-2610-1868,,,상수도전용
기타,,주식회사 유풍,산업체,,189616.991794474,443552.232321604,2026-05-06 22:31:11,I,01,영업,108.8,,,,0,기타,,,,2024-05-16 12:53:16,1991-08-23,333.20,152-855,서울특별시 구로구 구로동 416-1,N,0,3160000-105-1991-00023,,3160000,서울특별시 구로구 구로동로 174 (구로동),08285,01,영업/정상,산업체,02-852-5211,,,상수도전용
기타,,보성운수(주),산업체,,190457.562177984,443072.745599669,2026-05-06 22:31:12,I,01,영업,0,,,,0,기타,,,,2024-10-04 17:46:47,1992-01-11,.00,152-847,서울특별시 구로구 구로동 145-17 보성운수,N,0,3160000-105-1992-00024,,3160000,서울특별시 구로구 도림로 84 (구로동),08369,01,영업/정상,산업체,02-855-1055,,,상수도전용
,,산업기술시험원,공공기관,,190759.362991915,442164.515437478,2026-05-06 22:31:13,I,01,영업,515.6,,,,,,,0,,2024-10-04 17:16:42,1992-03-03,515.60,152-848,서울특별시 구로구 구로동 222-13,N,,3160000-105-1992-00028,,3160000,서울특별시 구로구 디지털로26길 87 (구로동),08389,01,영업/정상,공공기관,02-860-1397,,,상수도전용
기타,,구로구청구내식당,공공기관,,189995.347071014,443682.330615552,2026-05-06 22:31:13,I,01,영업,292,,,,0,기타,,,,2024-05-16 10:52:50,1993-04-01,60.00,152-855,서울특별시 구로구 구로동 435-0 0000동 0000호,N,0,3160000-105-1993-00028,,3160000,"서울특별시 구로구 가마산로 245, 0000동 0000호 (구로동)",08284,01,영업/정상,공공기관,02-860-2464,,,상수도전용
기타,,고산초등학교,학교,,188031.74345485,444110.95228613,2026-05-06 22:31:14,I,01,영업,182.5,,,,5,자율,,,,2017-07-17 14:22:17,1998-12-23,154.70,152-826,서울특별시 구로구 고척동 76-10,N,0,3160000-105-1998-00042,,3160000,서울특별시 구로구 중앙로 6 (고척동),08223,01,영업/정상,학교,02-2687-6550,,,상수도전용
주택가주변,,서울개웅초등학교,학교,,186678.654427522,442920.268445553,2026-05-06 22:31:14,I,01,영업,180,,,,4,자율,,7,,2017-07-17 20:06:00,1999-01-25,115.28,152-090,서울특별시 구로구 개봉동 산 53-25 서울개웅초등학교,N,1,3160000-105-1999-00044,,3160000,서울특별시 구로구 개봉로11길 98 (개봉동),08349,01,영업/정상,학교,02-3666-1291,,,상수도전용
기타,,서울영서초등학교,학교,,190653.926010387,442901.992794011,2026-05-06 22:31:14,I,01,영업,168,,,,1,기타,,,,2022-07-14 18:44:06,1999-02-02,120.14,152-847,서울특별시 구로구 구로동 165-1 서울영서초등학교,N,1,3160000-105-1999-00045,,3160000,"서울특별시 구로구 도림로20길 57 (구로동, 서울영서초등학교)",08370,01,영업/정상,학교,02-838-5214,,,상수도전용
아파트지역,,서울구일초등학교,학교,,188701.181720954,443399.172361314,2026-05-06 22:31:15,I,01,영업,151.56,,,,6,자율,,,,2021-03-10 14:23:03,1999-03-04,127.75,152-868,서울특별시 구로구 구로동 685-221,N,0,3160000-105-1999-00046,,3160000,서울특별시 구로구 구일로 68 (구로동),08324,01,영업/정상,학교,02-869-9101,,,상수도전용
주택가주변,,서울개봉초등학교,학교,,187411.762236337,443035.242589025,2026-05-06 22:31:15,I,01,영업,128.8,,,,6,자율,,0,,2021-09-27 13:51:20,1999-03-06,120.65,152-811,서울특별시 구로구 개봉동 266-0,N,0,3160000-105-1999-00047,,3160000,서울특별시 구로구 개봉로16길 30-11 (개봉동),08333,01,영업/정상,학교,02-2613-2034,,,상수도전용
기타,,서울신구로초등학교,학교,,190142.316279631,444136.717747943,2026-05-06 22:31:15,I,01,영업,175.42,,,,7,자율,,0,,2017-07-18 08:49:53,1999-03-06,143.16,152-842,서울특별시 구로구 구로동 105-0,N,0,3160000-105-1999-00048,,3160000,서울특별시 구로구 가마산로27길 69 (구로동),08299,01,영업/정상,학교,02-862-7192,,,상수도전용
주택가주변,,서울영일초등학교,학교,,189657.273371142,442584.191448236,2026-05-06 22:31:16,I,01,영업,490.81,,,,6,자율,,,,2024-05-13 15:22:49,1999-03-10,186.84,152-800,서울특별시 구로구 가리봉동 17-0,N,1,3160000-105-1999-00049,,3160000,서울특별시 구로구 남부순환로105길 218 (가리봉동),08321,01,영업/정상,학교,02-861-0428,,,상수도전용
기타,,구로초등학교,학교,,189845.361545152,443860.243668245,2026-05-06 22:31:16,I,01,영업,199.49,,,,7,자율,,,,2017-07-17 18:52:34,1999-03-23,152.29,152-857,서울특별시 구로구 구로동 443 구로초등학교,N,0,3160000-105-1999-00051,,3160000,서울특별시 구로구 구로중앙로27나길 21 (구로동),08283,01,영업/정상,학교,02-861-1942,,,상수도전용
주택가주변,,서울개명초등학교,학교,,186724.992959605,442315.576552803,2026-05-06 22:31:17,I,01,영업,256,,,,4,자율,,,,2017-07-17 20:03:55,1999-03-24,234.80,152-815,서울특별시 구로구 개봉동 314-165 서울개명초등학교,N,1,3160000-105-1999-00052,,3160000,"서울특별시 구로구 개봉로1다길 16-9 (개봉동, 서울개명초등학교)",08355,01,영업/정상,학교,02-2684-5117,,,상수도전용
학교정화(절대),,동구로초등학교,학교,,190434.327391979,443636.600147724,2026-05-06 22:31:17,I,01,영업,205.49,,,,6,자율,,,,2017-07-17 19:28:52,1999-03-24,165.12,152-841,서울특별시 구로구 구로동 93,N,1,3160000-105-1999-00053,,3160000,서울특별시 구로구 구로중앙로14길 43 (구로동),08303,01,영업/정상,학교,02-868-2407,,,상수도전용
기타,,덕의초등학교,학교,,187316.497649987,444869.975048169,2026-05-06 22:31:17,I,01,영업,165.87,,,,0,기타,,,,2017-07-17 19:25:56,1999-03-24,133.16,152-831,서울특별시 구로구 고척동 196-21 서울덕의초등학교,N,0,3160000-105-1999-00054,,3160000,"서울특별시 구로구 고척로 213 (고척동, 서울덕의초등학교)",08241,01,영업/정상,학교,070-8673-6081,,,상수도전용
기타,,고척초등학교,학교,,187303.634941734,444291.632926908,2026-05-06 22:31:17,I,01,영업,256.15,,,,0,기타,,0,,2017-07-17 14:31:58,1999-03-24,184.68,152-828,서울특별시 구로구 고척동 129-3 서울고척초등학교,N,0,3160000-105-1999-00055,,3160000,서울특별시 구로구 경서로 31 (고척동),08232,01,영업/정상,학교,,,,상수도전용
기타,,정진학교,학교,,184182.989644417,444010.256507543,2026-05-06 22:31:17,I,01,영업,362.61,,,,0,기타,,,,2017-07-18 20:20:44,1999-03-24,87.63,152-884,서울특별시 구로구 궁동 242-0,N,0,3160000-105-1999-00056,,3160000,서울특별시 구로구 부일로9길 158 (궁동),08259,01,영업/정상,학교,070-4269-1018,,,상수도전용
기타,,성베드로학교,학교,,184514.602462493,442825.73689201,2026-05-06 22:31:17,I,01,영업,208.12,,,,0,기타,,,,2021-07-16 15:06:47,1999-03-24,47.56,152-140,서울특별시 구로구 항동 1-1,N,0,3160000-105-1999-00057,,3160000,서울특별시 구로구 연동로 320 (항동),08359,01,영업/정상,학교,02-2027-7710,,,상수도전용
기타,,오류초등학교,학교,,185962.428525256,443955.886549346,2026-05-06 22:31:17,I,01,영업,532.62,,,,0,기타,,0,,2017-07-18 19:59:20,1999-03-24,150.92,152-890,서울특별시 구로구 오류동 15-0,N,0,3160000-105-1999-00058,,3160000,서울특별시 구로구 경인로19길 39 (오류동),08268,01,영업/정상,학교,02-2612-6120,,,상수도전용
주택가주변,,서울온수초등학교,학교,,184550.753763822,443531.316318901,2026-05-06 22:31:18,I,01,영업,151.2,,,,7,자율,,,,2017-07-18 08:55:01,1999-03-24,116.46,152-905,서울특별시 구로구 온수동 9-34 서울온수초등학교,N,0,3160000-105-1999-00059,,3160000,서울특별시 구로구 부일로 893 (온수동),08260,01,영업/정상,학교,070-4089-8324,,,상수도전용
주택가주변,,우신고등학교,학교,,184664.090902265,443642.084113544,2026-05-06 22:31:18,I,01,영업,80.58,,,,16,자율,,0,,2018-05-10 17:16:14,1999-03-26,80.58,152-883,서울특별시 구로구 궁동 230-0,N,1,3160000-105-1999-00060,,3160000,서울특별시 구로구 부일로 917 (궁동),08258,01,영업/정상,학교,02-2610-1507,,,상수도전용
주택가주변,,서울신도림초등학교,학교,,189577.967973111,445573.854384112,2026-05-06 22:31:19,I,01,영업,143.33,,,,4,지도,,0,,2017-07-18 08:50:36,1999-03-26,106.43,152-886,서울특별시 구로구 신도림동 300-6 서울신도림초등학교,N,1,3160000-105-1999-00061,,3160000,서울특별시 구로구 신도림로19길 44 (신도림동),08201,01,영업/정상,학교,02-2637-5865,,,상수도전용
기타,,세곡초등학교,학교,,186593.746475656,444732.690222942,2026-05-06 22:31:19,I,01,영업,243,,,,1,자율,,0,,2017-07-18 19:30:12,1999-03-29,716.00,152-834,서울특별시 구로구 고척동 253-129,N,1,3160000-105-1999-00062,,3160000,서울특별시 구로구 고척로33길 34 (고척동),08245,01,영업/정상,학교,02-2683-4044,,,상수도전용
학교정화(절대),,구로남초등학교,학교,,190272.330766308,442529.889446924,2026-05-06 22:31:19,I,01,영업,122.9,,,,5,자율,,0,,2022-07-14 19:01:26,1999-03-31,101.01,152-849,서울특별시 구로구 구로동 253 서울구로남초등학교,N,1,3160000-105-1999-00063,,3160000,서울특별시 구로구 디지털로27길 76 (구로동),08375,01,영업/정상,학교,02-859-0504,,,상수도전용
학교정화(절대),,서울오정초등학교,학교,,184571.840685056,443069.532614469,2026-05-06 22:31:20,I,01,영업,173,,,,4,자율,,,,2023-09-05 13:50:10,1999-04-02,136.76,152-895,서울특별시 구로구 오류동 108-28,N,1,3160000-105-1999-00064,,3160000,서울특별시 구로구 경인로2길 10 (오류동),08359,01,영업/정상,학교,02-2687-5465,,,상수도전용
학교정화(절대),,서울오류남초등학교,학교,,185649.776718825,443037.269609702,2026-05-06 22:31:20,I,01,영업,128.7,,,,6,자율,,,,2017-07-18 08:53:41,1999-04-02,102.63,152-899,서울특별시 구로구 오류동 191-1,N,1,3160000-105-1999-00065,,3160000,서울특별시 구로구 서해안로24길 22 (오류동),08342,01,영업/정상,학교,,,,상수도전용
기타,,구로고등학교,학교,,190197.873287224,444041.000449912,2026-05-06 22:31:20,I,01,영업,107.25,,,,6,자율,,0,,2020-03-26 13:44:38,1999-04-02,767.00,152-842,서울특별시 구로구 구로동 105-1,N,0,3160000-105-1999-00066,,3160000,서울특별시 구로구 가마산로27길 45 (구로동),08299,01,영업/정상,학교,02-851-8518,,,상수도전용
학교정화(절대),,서울매봉초등학교,학교,,186185.640722521,444695.799593754,2026-05-06 22:31:21,I,01,영업,141.96,,,,5,자율,,,,2017-07-18 08:48:02,1999-08-13,108.14,152-802,서울특별시 구로구 개봉동 3-0,N,1,3160000-105-1999-00069,,3160000,서울특별시 구로구 고척로21길 55 (개봉동),08251,01,영업/정상,학교,26833382,,,상수도전용
학교정화(절대),,고척고등학교,학교,,186784.201250208,445187.360216525,2026-05-06 22:31:21,I,01,영업,182.7,,,,10,자율,,,,2021-05-14 13:22:43,1999-09-28,148.86,152-832,서울특별시 구로구 고척동 232-0,N,1,3160000-105-1999-00071,,3160000,서울특별시 구로구 중앙로15길 162 (고척동),08239,01,영업/정상,학교,02-2684-1593,,,상수도전용
기타,,서서울생활과학고등학교,학교,,184750.04360644,444626.10525858,2026-05-06 22:31:21,I,01,영업,476.83,,,,0,기타,,0,,2017-07-17 20:03:20,1999-12-03,142.20,152-881,서울특별시 구로구 궁동 35-0,N,0,3160000-105-1999-00073,,3160000,서울특별시 구로구 오리로 1355-10 (궁동),08248,01,영업/정상,학교,02-2611-5669,,,상수도전용
기타,,구일고등학교,학교,,188783.343273124,443531.354052714,2026-05-06 22:31:21,I,01,영업,256.32,,,,0,기타,,0,,2021-03-08 13:41:30,1999-12-03,112.00,152-868,서울특별시 구로구 구로동 685-194,N,0,3160000-105-1999-00074,,3160000,서울특별시 구로구 구일로 90-51 (구로동),08324,01,영업/정상,학교,02-858-2549,,,상수도전용
기타,,서울공연예술고등학교,학교,,185117.161186807,444226.588792692,2026-05-06 22:31:21,I,01,영업,74.43,,,,5,자율,,,,2021-05-14 13:09:13,2000-02-22,74.43,152-883,서울특별시 구로구 궁동 147-1,N,1,3160000-105-2000-00075,,3160000,서울특별시 구로구 오리로22나길 16-26 (궁동),08249,01,영업/정상,학교,02-3281-9766,,,상수도전용
기타,,영서중학교,학교,,190606.050623778,442991.659480334,2026-05-06 22:31:22,I,01,영업,427,,,,7,자율,,0,,2022-07-14 18:41:12,2000-05-16,419.00,152-847,서울특별시 구로구 구로동 145-20,N,0,3160000-105-2000-00077,,3160000,서울특별시 구로구 도림로20길 35 (구로동),08370,01,영업/정상,학교,02-856-9567,,,상수도전용
기타,,유한공업고등학교,학교,,184348.73581946,442888.851978725,2026-05-06 22:31:25,I,01,영업,95.45,,,,,기타,,,,2025-02-28 16:44:20,2001-01-05,34.86,152-140,서울특별시 구로구 항동 1-7,N,,3160000-105-2001-00083,,3160000,서울특별시 구로구 경인로 8 (항동),08360,01,영업/정상,학교,02-2610-0988,,,상수도전용
기타,,궁동어린이집,어린이집,,184807.442390333,443865.64600071,2026-05-06 22:31:25,I,01,영업,341.25,,,,,기타,,,,2017-07-17 19:14:05,2001-01-08,16.97,152-885,서울특별시 구로구 궁동 283-9,N,,3160000-105-2001-00085,,3160000,서울특별시 구로구 오리로17길 48 (궁동),08257,01,영업/정상,어린이집,02-2685-4596,,,상수도전용
기타,,구로구보건소구내식당,공공기관,,190143.246177231,444213.728867842,2026-05-06 22:31:26,I,01,영업,69.48,,,,,기타,,,,2024-10-23 11:27:02,2001-02-02,69.98,152-844,서울특별시 구로구 구로동 109-4,N,,3160000-105-2001-00088,,3160000,서울특별시 구로구 구로중앙로28길 66 (구로동),08299,01,영업/정상,공공기관,02-860-2266,,,상수도전용
기타,,개봉중학교,학교,,185969.441634914,444511.052461721,2026-05-06 22:31:26,I,01,영업,225.56,,,,,기타,,,,2020-08-10 09:25:52,2001-02-12,133.85,152-802,서울특별시 구로구 개봉동 24-2,N,,3160000-105-2001-00089,,3160000,서울특별시 구로구 고척로21나길 68 (개봉동),08250,01,영업/정상,학교,02-3660-2487,,,상수도전용
기타,,신도림중학교,학교,,189791.907257287,445372.670602136,2026-05-06 22:31:27,I,01,영업,314.3,,,,,기타,,,,2017-07-18 19:35:13,2001-02-26,107.80,152-887,서울특별시 구로구 신도림동 311-1,N,,3160000-105-2001-00090,,3160000,서울특별시 구로구 경인로63길 74 (신도림동),08207,01,영업/정상,학교,02-2634-7355,,,상수도전용
기타,,오류고등학교,학교,,184749.717020291,444189.717712887,2026-05-06 22:31:27,I,01,영업,783,,,,,기타,,,,2018-10-02 14:40:12,2001-04-04,122.00,152-883,서울특별시 구로구 궁동 110-1,N,,3160000-105-2001-00092,,3160000,서울특별시 구로구 오리로21길 2 (궁동),08248,01,영업/정상,학교,02-2617-0599,,,상수도전용
기타,,구로경찰서,공공기관,,190232.524534335,444978.682746138,2026-05-06 22:31:27,I,01,영업,198,,,,,기타,,,,2024-07-04 08:47:45,2001-09-13,198.00,152-725,서울특별시 구로구 구로동 3-25 신도림테크노마트 6층,N,,3160000-105-2001-00094,,3160000,"서울특별시 구로구 새말로 97, 신도림테크노마트 6층 (구로동)",08288,01,영업/정상,공공기관,02-855-0144,,,상수도전용
,,오남중학교,학교,,185481.744959181,442801.55136548,2026-05-06 22:31:27,I,01,영업,151.82,,,,,,,0,,2017-07-18 19:52:51,2001-12-14,148.30,152-904,서울특별시 구로구 오류동 산 39-40,N,,3160000-105-2001-00096,,3160000,서울특별시 구로구 오리로9길 25 (오류동),08363,01,영업/정상,학교,02-2615-0028,,,상수도전용
,,구일중학교,학교,,188784.851595489,443635.645431152,2026-05-06 22:31:28,I,01,영업,141.9,,,,,,,,,2017-07-17 19:12:37,2002-01-22,113.85,152-868,서울특별시 구로구 구로동 685-161,N,,3160000-105-2002-00001,,3160000,서울특별시 구로구 구일로 90-133 (구로동),08324,01,영업/정상,학교,02-864-7797,,,상수도전용
,,고척중학교,학교,,187722.974569881,444212.570329884,2026-05-06 22:31:28,I,01,영업,151.67,,,,,,,0,,2017-07-17 14:24:33,2002-02-06,135.00,152-826,서울특별시 구로구 고척동 76-2 고척중학교,N,,3160000-105-2002-00002,,3160000,"서울특별시 구로구 중앙로3길 20 (고척동,고척중학교)",08225,01,영업/정상,학교,02-6917-7194,,,상수도전용
,,오류중학교,학교,,186325.422779879,445047.341776586,2026-05-06 22:31:28,I,01,영업,269.84,,,,,,,0,,2019-01-15 11:44:41,2002-02-20,644.00,152-833,서울특별시 구로구 고척동 243,N,,3160000-105-2002-00003,,3160000,서울특별시 구로구 고척로27바길 19 (고척동),08242,01,영업/정상,학교,02-2612-9517,,,상수도전용
,,경인고등학교급식실,학교,,188062.14527548,443811.274959591,2026-05-06 22:31:28,I,01,영업,999.36,,,,,,,0,,2026-02-26 14:38:06,2002-03-14,159.00,152-826,서울특별시 구로구 고척동 66-28,N,,3160000-105-2002-00004,,3160000,서울특별시 구로구 경인로46길 31 (고척동),08275,01,영업/정상,학교,070-7772-1311,,,상수도전용
,,신미림초등학교,학교,,189278.147927882,444949.601451919,2026-05-06 22:31:29,I,01,영업,191.84,,,,,,,,,2017-08-31 15:34:39,2002-05-16,148.79,152-887,서울특별시 구로구 신도림동 398-28,N,,3160000-105-2002-00006,,3160000,서울특별시 구로구 신도림로 26 (신도림동),08211,01,영업/정상,학교,02-2676-7591,,,상수도전용
,,서울미래초등학교,학교,,190027.698480559,444764.956235402,2026-05-06 22:31:29,I,01,영업,241.8,,,,,,,,,2017-07-18 08:49:29,2002-06-15,190.50,152-838,서울특별시 구로구 구로동 3-13,N,,3160000-105-2002-00007,,3160000,서울특별시 구로구 새말로 73 (구로동),08288,01,영업/정상,학교,02-868-1964,,,상수도전용
,,재단법인한국SGI,산업체,,190260.217436579,444426.421716353,2026-05-06 22:31:30,I,01,영업,95.2,,,,,,,,,2017-07-18 20:20:17,2003-02-10,462.60,152-838,서울특별시 구로구 구로동 45-13 지하1층,N,,3160000-105-2003-00003,,3160000,"서울특별시 구로구 공원로 54 (구로동,지하1층)",08296,01,영업/정상,산업체,02-869-3521,,,상수도전용
,,(주)웰크론,산업체,,190493.215596281,442301.849150765,2026-05-06 22:31:31,I,01,영업,269,,,,,,,,,2024-10-04 17:23:48,2003-04-10,19.00,152-848,서울특별시 구로구 구로동 212-24,N,,3160000-105-2003-00004,,3160000,서울특별시 구로구 디지털로27길 12 (구로동),08381,01,영업/정상,산업체,02-858-0608,,,상수도전용
,,한국철도공사수도권서부지사,공공기관,,189467.907308503,444415.081297934,2026-05-06 22:31:31,I,01,영업,115.7,,,,,,,,,2024-10-23 11:21:15,2003-04-26,42.00,152-862,서울특별시 구로구 구로동 585-5,N,,3160000-105-2003-00006,,3160000,서울특별시 구로구 구로중앙로 174 (구로동),08213,01,영업/정상,공공기관,02-2639-3450,,,상수도전용
,,경인중학교,학교,,187052.241288862,443986.845938201,2026-05-06 22:31:32,I,01,영업,248,,,,,,,,,2025-03-25 09:30:32,2003-10-17,766.00,152-805,서울특별시 구로구 개봉동 143-4 경인중학교,N,,3160000-105-2003-00010,,3160000,"서울특별시 구로구 경인로 301 (개봉동,경인중학교)",08238,01,영업/정상,학교,02-2612-6507,,,상수도전용
,,개웅중학교,학교,,186765.774114594,442799.842835554,2026-05-06 22:31:32,I,01,영업,0,,,,,,,,,2017-07-17 14:19:18,2004-03-02,,152-812,서울특별시 구로구 개봉동 273-15,N,,3160000-105-2004-00002,,3160000,서울특별시 구로구 개봉로11길 81 (개봉동),08351,01,영업/정상,학교,02-2688-0907,,,상수도전용
,,서울고원초등학교,학교,,188057.419447606,443926.358747548,2026-05-06 22:31:32,I,01,영업,0,,,,,,,0,,2017-07-18 08:36:15,2004-04-02,,152-826,서울특별시 구로구 고척동 66-26,N,,3160000-105-2004-00003,,3160000,서울특별시 구로구 경인로46길 13 (고척동),08275,01,영업/정상,학교,02-2684-5595,,,상수도전용
,,구립 샛별어린이집,어린이집,,189770.04272623,444199.055596893,2026-05-06 22:31:33,I,01,영업,21,,,,,,,,,2024-10-23 11:36:46,2004-05-24,21.00,152-862,서울특별시 구로구 구로동 549-8,N,,3160000-105-2004-00005,,3160000,서울특별시 구로구 구로중앙로32가길 18 (구로동),08293,01,영업/정상,어린이집,02-856-3009,,,상수도전용
,,섬기는어린이집,어린이집,,190171.601038246,442304.434729721,2026-05-06 22:31:33,I,01,영업,25.81,,,,,,,,,2024-10-26 15:51:36,2004-06-19,13.23,152-800,서울특별시 구로구 가리봉동 111-1 가리봉1동 복지관,N,,3160000-105-2004-00007,,3160000,서울특별시 구로구 우마1가길 13-9 (가리봉동),08383,01,영업/정상,어린이집,02-865-9111,,,상수도전용
,,연꽃어린이집,어린이집,,190230.403071961,442808.974960797,2026-05-06 22:31:33,I,01,영업,16.71,,,,,,,,,2022-03-29 15:29:22,2004-06-19,16.71,152-875,서울특별시 구로구 구로동 777-22 연꽃어린이집,N,,3160000-105-2004-00008,,3160000,"서울특별시 구로구 디지털로31길 109 (구로동, 연꽃어린이집)",08372,01,영업/정상,어린이집,02-852-5332,,,상수도전용
,,고척어린이집,어린이집,,187601.409308013,444490.834046357,2026-05-06 22:31:33,I,01,영업,23.1,,,,,,,,,2024-10-04 10:03:40,2004-06-19,15.40,152-828,서울특별시 구로구 고척동 141-1,N,,3160000-105-2004-00009,,3160000,서울특별시 구로구 중앙로5길 62 (고척동),08224,01,영업/정상,어린이집,02-2686-9745,,,상수도전용
,,성은어린이집,어린이집,,189608.143314317,443174.578188411,2026-05-06 22:31:34,I,01,영업,51.5,,,,,,,,,2024-10-04 11:34:36,2004-06-19,16.50,152-870,서울특별시 구로구 구로동 705-7,N,,3160000-105-2004-00012,,3160000,서울특별시 구로구 구로동로25길 14 (구로동),08309,01,영업/정상,어린이집,02-864-8114,,,상수도전용
,,구민어린이집,어린이집,,190344.779640463,443623.305443821,2026-05-06 22:31:35,I,01,영업,25,,,,,,,,,2024-10-04 16:58:12,2004-06-19,25.00,152-840,서울특별시 구로구 구로동 90-1,N,,3160000-105-2004-00014,,3160000,서울특별시 구로구 가마산로26길 34 (구로동),08303,01,영업/정상,어린이집,02-853-9260,,,상수도전용
,,반야어린이집,어린이집,,189658.024594089,445703.125761077,2026-05-06 22:31:35,I,01,영업,0,,,,,,,,,2024-10-24 09:09:15,2004-06-19,,152-887,서울특별시 구로구 신도림동 324-13,N,,3160000-105-2004-00017,,3160000,서울특별시 구로구 경인로67길 133 (신도림동),08201,01,영업/정상,어린이집,02-2631-9792,,,상수도전용
,,능곡어린이집,어린이집,,187061.517401765,444563.399027708,2026-05-06 22:31:36,I,01,영업,12.78,,,,,,,,,2024-10-04 10:20:10,2004-06-19,12.78,152-836,서울특별시 구로구 고척동 316 능곡어린이집,N,,3160000-105-2004-00018,,3160000,서울특별시 구로구 고척로52라길 28 (고척동),08229,01,영업/정상,어린이집,02-2685-6787,,,상수도전용
,,만나어린이집,어린이집,2026-03-13,186335.305916174,444781.268659356,2026-05-06 22:31:36,I,02,폐업,15.66,,,,,,,,,2026-03-13 17:20:00,2004-06-19,5.10,152-804,서울특별시 구로구 개봉동 111-7,N,,3160000-105-2004-00019,,3160000,서울특별시 구로구 고척로27길 74 (개봉동),08243,03,폐업,어린이집,02-2612-0284,,,상수도전용
,,온수어린이집,어린이집,,183900.70130692,443509.740080345,2026-05-06 22:31:37,I,01,영업,0,,,,,,,,,2017-07-18 20:00:16,2004-06-19,,152-906,서울특별시 구로구 온수동 120-11,N,,3160000-105-2004-00021,,3160000,서울특별시 구로구 부일로1길 72 (온수동),08261,01,영업/정상,어린이집,02-2684-4745,,,상수도전용
,,덕성어린이집,어린이집,,187037.82828693,444954.505283715,2026-05-06 22:31:37,I,01,영업,11.97,,,,,,,,,2024-10-24 11:27:56,2004-06-19,11.97,152-830,서울특별시 구로구 고척동 166-3,N,,3160000-105-2004-00022,,3160000,서울특별시 구로구 고척로51길 46 (고척동),08241,01,영업/정상,어린이집,02-2612-4788,,,상수도전용
,,남산어린이집,어린이집,,187984.440021646,444525.253408113,2026-05-06 22:31:37,I,01,영업,7.41,,,,,,,,,2017-07-17 19:21:36,2004-06-19,7.41,152-824,서울특별시 구로구 고척동 52-316,N,,3160000-105-2004-00023,,3160000,서울특별시 구로구 경인로47가길 35 (고척동),08222,01,영업/정상,어린이집,02-2612-0289,,,상수도전용
,,지암어린이집,어린이집,,186917.202779021,442792.96329879,2026-05-06 22:31:37,I,01,영업,12.57,,,,,,,,,2024-10-04 10:58:10,2004-06-19,12.57,152-815,서울특별시 구로구 개봉동 354-6 (354-21),N,,3160000-105-2004-00024,,3160000,"서울특별시 구로구 개봉로11길 55-16 (개봉동, (55-14))",08351,01,영업/정상,어린이집,02-2686-4755,,,상수도전용
,,구일어린이집,어린이집,,188821.643568066,443289.909477229,2026-05-06 22:31:38,I,01,영업,14.9,,,,,,,0,,2024-05-16 10:40:53,2004-07-05,9.90,152-868,서울특별시 구로구 구로동 685-219,N,,3160000-105-2004-00028,,3160000,서울특별시 구로구 구일로 62 (구로동),08324,01,영업/정상,어린이집,02-830-4673,,,상수도전용
,,한솔어린이집,어린이집,,186228.585335319,444262.824175066,2026-05-06 22:31:38,I,01,영업,18.75,,,,,,,,,2024-10-04 10:42:33,2004-07-15,8.75,152-803,서울특별시 구로구 개봉동 64-10,N,,3160000-105-2004-00030,,3160000,서울특별시 구로구 고척로18길 9 (개봉동),08266,01,영업/정상,어린이집,02-2687-5011,,,상수도전용
,,미래어린이집,어린이집,,189990.167049705,442884.833126841,2026-05-06 22:31:38,I,01,영업,16.95,,,,,,,,,2024-10-04 17:02:41,2004-07-23,16.95,152-873,서울특별시 구로구 구로동 751-14,N,,3160000-105-2004-00031,,3160000,서울특별시 구로구 구로동로20길 57 (구로동),08314,01,영업/정상,어린이집,02-853-1474,,,상수도전용
,,구립 나래어린이집,어린이집,,185676.384704851,443813.985210291,2026-05-06 22:31:39,I,01,영업,10.56,,,,,,,,,2024-10-04 20:00:20,2005-01-25,10.56,152-889,서울특별시 구로구 오류동 6-126,N,,3160000-105-2005-00002,,3160000,서울특별시 구로구 고척로1길 14-41 (오류동),08254,01,영업/정상,어린이집,02-2615-7978,,,상수도전용
,,이편한어린이집,어린이집,,189372.1910653,444854.451693268,2026-05-06 22:31:40,I,01,영업,25.93,,,,,,,,,2024-10-05 12:59:32,2005-06-22,10.35,152-888,서울특별시 구로구 신도림동 642 외1필지 신도림대림아파트관리동 1층,N,,3160000-105-2005-00008,,3160000,"서울특별시 구로구 신도림로 16 (신도림동,외1필지 신도림대림아파트관리동 1층)",08211,01,영업/정상,어린이집,,,,상수도전용
,,미림유치원,어린이집,,187368.191108378,443194.561758652,2026-05-06 22:31:40,I,01,영업,14,,,,,,,0,,2017-07-17 19:42:40,2005-06-23,10.00,152-810,서울특별시 구로구 개봉동 259-35,N,,3160000-105-2005-00009,,3160000,서울특별시 구로구 개봉로18길 37 (개봉동),08332,01,영업/정상,어린이집,02-2612-1006,,,상수도전용
,,예쁨유치원,어린이집,,183777.397432529,443680.438884434,2026-05-06 22:31:40,I,01,영업,30.24,,,,,,,,,2017-07-18 19:51:55,2005-06-23,30.24,152-906,서울특별시 구로구 온수동 73-1,N,,3160000-105-2005-00011,,3160000,서울특별시 구로구 부일로1길 125 (온수동),08261,01,영업/정상,어린이집,02-2615-3145,,,상수도전용
,,목원유치원,어린이집,,187416.31554783,443329.143116487,2026-05-06 22:31:40,I,01,영업,30,,,,,,,0,,2017-07-17 19:40:32,2005-06-24,18.00,152-090,서울특별시 구로구 개봉동 481,N,,3160000-105-2005-00012,,3160000,서울특별시 구로구 개봉로20길 6 (개봉동),08329,01,영업/정상,어린이집,02-2066-6060,,,상수도전용
,,동정성모유치원,어린이집,,184651.005150699,443082.721759804,2026-05-06 22:31:40,I,01,영업,19.8,,,,,,,,,2025-09-25 14:54:15,2005-06-24,19.80,152-895,서울특별시 구로구 오류동 108-80,N,,3160000-105-2005-00013,,3160000,서울특별시 구로구 경인로2길 11 (오류동),08359,01,영업/정상,어린이집,02-2684-3624,,,상수도전용
,,신도유치원,어린이집,,189102.807598981,443013.905976967,2026-05-06 22:31:41,I,01,영업,0,,,,,,,,,2025-01-09 10:07:21,2005-06-24,,152-869,서울특별시 구로구 구로동 700-55,N,,3160000-105-2005-00016,,3160000,서울특별시 구로구 구일로2길 45 (구로동),08325,01,영업/정상,어린이집,02-853-5423,,,상수도전용
,,새두산유치원,어린이집,,190136.483727803,443021.744198807,2026-05-06 22:31:41,I,01,영업,0,,,,,,,,,2024-05-13 14:23:45,2005-06-24,,152-764,서울특별시 구로구 구로동 1265 두산아파트 단지내,N,,3160000-105-2005-00017,,3160000,"서울특별시 구로구 도림로 59 (구로동,두산아파트 단지내)",08313,01,영업/정상,어린이집,02-854-4133,,,상수도전용
,,세희유치원,어린이집,2026-02-20,190562.311510561,443317.63319506,2026-05-06 22:31:41,I,02,폐업,0,,,,,,,,,2026-02-20 15:51:12,2005-06-24,,152-846,서울특별시 구로구 구로동 1257 럭키아파트 단지내,N,,3160000-105-2005-00018,,3160000,"서울특별시 구로구 도림로 107 (구로동,럭키아파트 단지내)",08305,03,폐업,어린이집,02-854-3309,,,상수도전용
,,정훈유치원,어린이집,,187771.039016092,443682.345373776,2026-05-06 22:31:42,I,01,영업,25.38,,,,,,,14,,2017-07-18 20:21:38,2005-06-24,12.69,152-090,서울특별시 구로구 개봉동 476 한마을아파트,N,,3160000-105-2005-00019,,3160000,"서울특별시 구로구 경인로 382 (개봉동,한마을아파트)",08275,01,영업/정상,어린이집,26836833,,,상수도전용
,,동아유치원,어린이집,,189581.72513651,445430.97917589,2026-05-06 22:31:42,I,01,영업,0,,,,,,,,,2017-07-17 19:30:19,2005-06-24,,152-773,서울특별시 구로구 신도림동 643 동아1차아파트 단지내,N,,3160000-105-2005-00022,,3160000,"서울특별시 구로구 신도림로 87 (신도림동,동아1차아파트 단지내)",08202,01,영업/정상,어린이집,02-2677-7539,,,상수도전용
,,서울남유치원,어린이집,,189485.578500721,442885.502203702,2026-05-06 22:31:43,I,01,영업,22.5,,,,,,,0,,2024-05-13 15:08:37,2005-06-27,14.00,152-871,서울특별시 구로구 구로동 708-25,N,,3160000-105-2005-00024,,3160000,서울특별시 구로구 구로동로17길 37-4 (구로동),08317,01,영업/정상,어린이집,02-865-0137,,,상수도전용
,,사랑유치원,어린이집,,189008.173786261,445020.217206891,2026-05-06 22:31:43,I,01,영업,0,,,,,,,,,2017-07-17 19:52:50,2005-06-27,,152-886,서울특별시 구로구 신도림동 290 사랑유치원,N,,3160000-105-2005-00025,,3160000,서울특별시 구로구 신도림로11가길 36 (신도림동),08205,01,영업/정상,어린이집,02-2634-7918,,,상수도전용
,,현대열린어린이집,어린이집,,187416.31554783,443329.143116487,2026-05-06 22:31:43,I,01,영업,30,,,,,,,0,,2024-10-04 10:52:05,2005-06-30,15.00,152-090,서울특별시 구로구 개봉동 481 현대아파트 1단지내,N,,3160000-105-2005-00028,,3160000,"서울특별시 구로구 개봉로20길 6 (개봉동,현대아파트 1단지내)",08329,01,영업/정상,어린이집,02-6091-1004,,,
,자가,봄날서울요양원,사회복지시설,,183087.143467593,452456.963629957,2026-05-06 22:37:20,I,01,영업,70.76,,,,,,0,0,,2017-07-06 14:49:13,2011-06-30,122.96,157-849,"서울특별시 강서구 방화동 486-6 외 4필지 (7,8,23,41)  지하2층",N,,3150000-105-2011-00012,0,3150000,"서울특별시 강서구 양천로1길 100 (방화동,외 4필지 (7,8,23,41)  지하2층)",07516,01,영업/정상,사회복지시설,02-2661-8600,,,상수도전용
,,성산어린이집,어린이집,2026-04-21,183245.76938629,451462.306874361,2026-05-06 22:37:20,I,02,폐업,36.45,,,,,,0,0,,2026-04-21 15:14:50,2011-07-06,36.45,157-853,서울특별시 강서구 방화동 614-57 가동  지상1층,N,,3150000-105-2011-00013,0,3150000,"서울특별시 강서구 개화동로23길 111 (방화동,가동  지상1층)",07614,03,폐업,어린이집,,,,상수도전용
,임대,엔씨(NC)백화점,산업체,,185824.428508883,450866.252126246,2026-05-06 22:37:20,I,01,영업,99,,,,,,0,0,,2026-04-30 14:54:57,2011-09-15,303.10,157-930,서울특별시 강서구 등촌동 689-0 외 2필지 강서NC백화점 (지하 2층),N,,3150000-105-2011-00015,0,3150000,"서울특별시 강서구 강서로56길 17, 지하 2층 (등촌동, 3동 강서NC백화점)",07584,01,영업/정상,산업체,02-2667-9014,,,상수도전용
,자가,롯데쇼핑(주)김포공항점,산업체,,182443.369126587,452203.431859429,2026-05-06 22:37:20,I,01,영업,138.4,,,,,,0,0,,2026-04-03 15:01:16,2011-12-01,816.50,157-220,"서울특별시 강서구 방화동 882-1 김포공항, 롯데몰, 스카이시티",N,,3150000-105-2011-00019,0,3150000,"서울특별시 강서구 하늘길 38, 김포공항, 롯데몰, 스카이시티 지하3층 (방화동)",07505,01,영업/정상,산업체,070-4008-6006,,,상수도전용
,임대,밀알몬테소리 어린이집,어린이집,,187870.928679132,450361.38653619,2026-05-06 22:37:20,I,01,영업,20,,,,,,0,7,,2017-07-06 14:24:22,2012-04-10,35.00,157-839,서울특별시 강서구 등촌동 632-3 (지상 1층),N,,3150000-105-2012-00002,0,3150000,"서울특별시 강서구 공항대로59길 82, 1층 (등촌동, 1동)",07552,01,영업/정상,어린이집,02-2658-9960,,,상수도전용
,자가,주영 어린이집,어린이집,,187589.269796884,449363.619628413,2026-05-06 22:37:20,I,01,영업,6.6,,,,,,0,8,,2017-07-06 14:06:46,2012-05-17,6.60,157-836,서울특별시 강서구 등촌동 522-23 주영 어린이집 (지상 2층),N,,3150000-105-2012-00004,0,3150000,"서울특별시 강서구 등촌로39길 42, 2층 (등촌동, 2동)",07669,01,영업/정상,어린이집,02-2654-2081,,,상수도전용
,자가,케이씨씨홀딩스,산업체,,189165.464226546,449569.385906655,2026-05-06 22:37:20,I,01,영업,54.21,,,,,,0,0,,2024-01-23 18:13:16,2012-08-29,308.48,157-862,서울특별시 강서구 염창동 260-4 외 2필지 KCC오토타워 (지상 9층),N,,3150000-105-2012-00007,0,3150000,"서울특별시 강서구 공항대로 665, 9층 (염창동, KCC오토타워)",07557,01,영업/정상,산업체,02-6090-7800,,,상수도전용
,,아이큰숲 자연학교 어린이집,어린이집,,186959.887571635,448754.133771804,2026-05-06 22:37:20,I,01,영업,0,,,,,,0,0,,2017-07-10 10:42:03,2012-09-10,.00,157-867,서울특별시 강서구 화곡동 56-286 아이큰숲어린이집 (지상 1층),N,,3150000-105-2012-00008,0,3150000,"서울특별시 강서구 초록마을로21길 37, 1층 (화곡동, 본동 아이큰숲어린이집)",07676,01,영업/정상,어린이집,02-2691-0489,,,상수도전용
,,예은어린이집,어린이집,2026-03-25,183579.083624641,452886.287509939,2026-05-06 22:37:20,I,02,폐업,15.5,,,,,,,,,2026-03-25 15:12:12,2012-10-30,16.50,157-857,서울특별시 강서구 방화동 831-2 예은어린이집 (지상 1층),N,,3150000-105-2012-00010,,3150000,"서울특별시 강서구 방화대로49길 52, 1층 (방화동, 3동 예은어린이집)",07512,03,폐업,어린이집,02-2664-1768,,,상수도전용
,,강서사랑요양병원,병원,,182940.086694869,452319.805032727,2026-05-06 22:37:20,I,01,영업,0,,,,,,0,0,,2017-07-06 10:30:12,2012-12-18,.00,157-849,서울특별시 강서구 방화동 495-26 (지상 1층),N,,3150000-105-2012-00011,0,3150000,"서울특별시 강서구 양천로 35, 1층 (방화동, 1동)",07516,01,영업/정상,병원,02-6091-1248,,,상수도전용
,자가,이레 어린이집,어린이집,,183149.850006451,451930.295533521,2026-05-06 22:37:20,I,01,영업,13,,,,,,0,8,,2017-07-10 11:06:00,2013-06-27,13.20,157-851,서울특별시 강서구 방화동 583-37 이레어린이집 (지상 4층),N,,3150000-105-2013-00005,0,3150000,"서울특별시 강서구 금낭화로11길 48, 4층 (방화동, 2동 이레어린이집)",07609,01,영업/정상,어린이집,02-2665-0011,,,상수도전용
,,등촌9종합사회복지관,사회복지시설,,186644.644066366,451051.267292812,2026-05-06 22:37:21,I,01,영업,0,,,,,,0,0,,2017-07-06 13:37:42,2013-07-01,.00,157-930,서울특별시 강서구 등촌동 704-0 1층,N,,3150000-105-2013-00007,0,3150000,"서울특별시 강서구 화곡로63가길 92, 1층 (등촌동, 3동)",07577,01,영업/정상,사회복지시설,02-2658-4127,,,상수도전용
,,등촌7종합사회복지관,사회복지시설,,186826.352532879,450957.956486974,2026-05-06 22:37:21,I,01,영업,116.29,,,,,,0,0,,2017-07-06 13:36:52,2013-07-03,116.29,157-930,서울특별시 강서구 등촌동 707-0 등촌7종합사회복지관 1층,N,,3150000-105-2013-00008,0,3150000,"서울특별시 강서구 공항대로43길 104, 1층 (등촌동, 3동)",07576,01,영업/정상,사회복지시설,02-2658-6521,,,상수도전용
,임대,등촌4종합사회복지관,사회복지시설,,186087.218292932,451044.098894023,2026-05-06 22:37:21,I,01,영업,10,,,,,,0,0,,2017-07-06 13:35:59,2013-07-03,60.00,157-930,서울특별시 강서구 등촌동 690-0 등촌4단지아파트 사회복지관 1층,N,,3150000-105-2013-00009,0,3150000,"서울특별시 강서구 공항대로39길 59, 1층 (등촌동, 3동 등촌4단지아파트사회복지관)",07585,01,영업/정상,사회복지시설,02-2658-8800,,,상수도전용
,,강서구립봉제산어르신복지센터,사회복지시설,,186788.713353457,448827.488743146,2026-05-06 22:37:21,I,01,영업,122.97,,,,,,0,0,,2018-10-17 09:53:09,2013-07-09,122.97,157-010,서울특별시 강서구 화곡동 산 41-16 지하1층,N,,3150000-105-2013-00010,0,3150000,"서울특별시 강서구 초록마을로15길 12, 지하1층 (화곡동, 본동)",07676,01,영업/정상,사회복지시설,02-2605-1553,,,상수도전용
,,가양4종합사회복지관,사회복지시설,,186845.655193795,451427.035216251,2026-05-06 22:37:21,I,01,영업,80,,,,,,0,0,,2020-09-17 14:32:29,2013-07-11,80.00,157-807,서울특별시 강서구 가양동 1478-0 1층,N,,3150000-105-2013-00011,0,3150000,"서울특별시 강서구 양천로57길 37, 1층 (가양동, 2동)",07527,01,영업/정상,사회복지시설,02-2668-6689,,,상수도전용
,,광진선교어린이집,어린이집,,186835.172300314,442508.979734929,2026-05-06 22:31:43,I,01,영업,0,,,,,,,,,2024-10-04 10:59:22,2005-07-01,,152-090,서울특별시 구로구 개봉동 478 광진선교어린이집,N,,3160000-105-2005-00032,,3160000,"서울특별시 구로구 개봉로3길 87 (개봉동, 광진선교어린이집)",08354,01,영업/정상,어린이집,02-2625-7444,,,상수도전용
,,수잔나어린이집,어린이집,,186880.725167106,444967.630550886,2026-05-06 22:31:44,I,01,영업,0,,,,,,,,,2024-10-04 10:17:38,2005-07-04,,152-832,서울특별시 구로구 고척동 239-2,N,,3160000-105-2005-00036,,3160000,서울특별시 구로구 고척로51길 73 (고척동),08239,01,영업/정상,어린이집,02-2689-1225,,,상수도전용
,,미키몬테소리,어린이집,,187938.545630222,443730.488701354,2026-05-06 22:31:44,I,01,영업,19.82,,,,,,,,,2024-10-04 09:37:23,2005-07-04,6.82,152-784,서울특별시 구로구 고척동 334 벽산블루밍아파트 관리동 1층,N,,3160000-105-2005-00038,,3160000,"서울특별시 구로구 경인로 390 (고척동,벽산블루밍아파트 관리동 1층)",08275,01,영업/정상,어린이집,02-2619-5200,,,상수도전용
,,롯데어린이집,어린이집,,189691.896536436,444593.579268254,2026-05-06 22:31:44,I,01,영업,0,,,,,,,,,2017-07-17 19:33:34,2005-07-04,,152-770,서울특별시 구로구 구로동 1263 롯데아파트 관리동1층,N,,3160000-105-2005-00039,,3160000,"서울특별시 구로구 새말로 31 (구로동,롯데아파트 관리동1층)",08291,01,영업/정상,어린이집,02-838-8456,,,상수도전용
,,한마을어린이집,어린이집,,187771.039016092,443682.345373776,2026-05-06 22:31:44,I,01,영업,0,,,,,,,,,2024-10-04 10:39:17,2005-07-04,,152-090,서울특별시 구로구 개봉동 476 한마을아파트 관리동2층,N,,3160000-105-2005-00040,,3160000,"서울특별시 구로구 경인로 382 (개봉동,한마을아파트 관리동2층)",08275,01,영업/정상,어린이집,02-2689-5123,,,상수도전용
,,은별어린이집,어린이집,,184949.091007844,444171.609991409,2026-05-06 22:31:45,I,01,영업,14.76,,,,,,,0,,2017-07-18 20:14:29,2005-07-05,6.48,152-883,서울특별시 구로구 궁동 142-5,N,,3160000-105-2005-00043,,3160000,서울특별시 구로구 오리로22나길 8-3 (궁동),08249,01,영업/정상,어린이집,02-2684-7053,,,상수도전용
,,바니유치원,어린이집,,189062.851345815,443427.686571608,2026-05-06 22:31:45,I,01,영업,33,,,,,,,,,2017-07-17 19:44:25,2005-07-13,33.00,152-868,서울특별시 구로구 구로동 685-70 현대연예인아파트 단지내,N,,3160000-105-2005-00046,,3160000,"서울특별시 구로구 구일로4길 46 (구로동,현대연예인아파트 단지내)",08325,01,영업/정상,어린이집,02-865-4234,,,상수도전용
,자가,꿈이있는어린이집,어린이집,,189331.783342497,443910.561688865,2026-05-06 22:31:45,I,01,영업,0,,,,,,0,0,,2017-07-17 19:18:48,2006-03-17,,152-858,서울특별시 구로구 구로동 476-134 화원종합사회복지관 부설,N,,3160000-105-2006-00001,0,3160000,"서울특별시 구로구 벚꽃로 484 (구로동,화원종합사회복지관 부설)",08281,01,영업/정상,어린이집,02-863-0106,,,상수도전용
,자가,햇살어린이집,어린이집,,188109.321801032,444557.996323399,2026-05-06 22:31:45,I,01,영업,0,,,,,,0,0,,2024-10-04 09:58:41,2006-06-29,,152-837,서울특별시 구로구 고척동 321 우성꿈동산아파트 우성상가,N,,3160000-105-2006-00003,0,3160000,"서울특별시 구로구 경인로47다길 34-7 (고척동,우성꿈동산아파트 우성상가)",08219,01,영업/정상,어린이집,02-2611-7618,,,상수도전용
,,서울교통공사 천왕차량사업소,공공기관,,186186.044109891,441747.018728828,2026-05-06 22:31:45,I,01,영업,0,,,,,,,,,2024-10-26 15:23:13,2006-07-05,,152-130,서울특별시 구로구 천왕동 70-1,N,,3160000-105-2006-00004,,3160000,서울특별시 구로구 광남로 54 (천왕동),08366,01,영업/정상,공공기관,02-6311-3501,,,상수도전용
,,주식회사 케이티(개봉빌딩),산업체,,187339.306494889,442732.577435562,2026-05-06 22:31:45,I,01,영업,0,,,,,,,0,,2024-10-04 11:20:02,2006-07-11,,152-812,서울특별시 구로구 개봉동 280-7,N,,3160000-105-2006-00005,,3160000,서울특별시 구로구 개봉로6길 12-5 (개봉동),08334,01,영업/정상,산업체,02-2689-0060,,,상수도전용
,자가,케이티텔레캅(주),산업체,,190396.805730622,443910.670769521,2026-05-06 22:31:46,I,01,영업,394.81,,,,,,0,0,,2024-10-23 11:37:35,2006-12-27,394.81,152-842,서울특별시 구로구 구로동 106-6,N,,3160000-105-2006-00008,0,3160000,서울특별시 구로구 가마산로 291 (구로동),08298,01,영업/정상,산업체,02-818-8064,,,상수도전용
,자가,현경어린이집,어린이집,,184864.877771712,443944.852786097,2026-05-06 22:31:46,I,01,영업,0,,,,,,0,1,,2017-07-18 09:21:11,2007-02-08,,152-885,서울특별시 구로구 궁동 282-1,N,,3160000-105-2007-00001,0,3160000,서울특별시 구로구 부일로11길 105 (궁동),08249,01,영업/정상,어린이집,02-2617-4345,,,상수도전용
,자가,구립 하늘샘 어린이집,어린이집,,187284.324045218,443257.17317843,2026-05-06 22:31:46,I,01,영업,10,,,,,,0,0,,2024-10-24 10:19:22,2007-03-23,10.00,152-810,서울특별시 구로구 개봉동 259-33,N,,3160000-105-2007-00005,0,3160000,서울특별시 구로구 개봉로18길 17 (개봉동),08332,01,영업/정상,어린이집,02-2615-8825,,,상수도전용
,자가,한국철도공사 철도교통관제센터,공공기관,,189172.008503081,443666.716615406,2026-05-06 22:31:47,I,01,영업,69.3,,,,,,0,0,,2024-05-16 10:45:26,2007-04-17,"3,150.00",152-868,서울특별시 구로구 구로동 685,N,,3160000-105-2007-00007,0,3160000,서울특별시 구로구 구일로8길 150 (구로동),08323,01,영업/정상,공공기관,02-2027-7335,,,상수도전용
,자가,바우솔어린이집,어린이집,,189486.930043101,443113.9007947,2026-05-06 22:31:47,I,01,영업,9,,,,,,0,0,,2024-10-04 13:18:50,2007-07-26,9.00,152-871,서울특별시 구로구 구로동 707-5,N,,3160000-105-2007-00009,0,3160000,서울특별시 구로구 구로동로25길 33-10 (구로동),08310,01,영업/정상,어린이집,02-866-6353,,,상수도전용
,자가,세라핌 어린이집,어린이집,,186225.37998768,443957.824513633,2026-05-06 22:31:48,I,01,영업,36,,,,,,0,0,,2024-10-04 19:59:02,2007-10-01,24.00,152-892,서울특별시 구로구 오류동 31-1,N,,3160000-105-2007-00012,0,3160000,서울특별시 구로구 고척로18길 92 (오류동),08267,01,영업/정상,어린이집,02-2612-6501,,,상수도전용
,,가양5종합사회복지관,사회복지시설,,187084.103220523,451262.653397625,2026-05-06 22:37:21,I,01,영업,99,,,,,,0,0,,2025-01-10 16:46:40,2013-07-25,99.00,157-808,서울특별시 강서구 가양동 1481-0 2층,N,,3150000-105-2013-00012,0,3150000,"서울특별시 강서구 양천로57길 36, 2층 (가양동, 2동)",07526,01,영업/정상,사회복지시설,02-2668-4603,,,상수도전용
,,가양5종합사회복지관 발산어르신행복센터,사회복지시설,,185112.89035524,450110.112023881,2026-05-06 22:37:21,I,01,영업,138,,,,,,0,0,,2025-01-10 16:52:28,2013-07-25,138.00,157-829,서울특별시 강서구 내발산동 686-7 1층,N,,3150000-105-2013-00013,0,3150000,"서울특별시 강서구 강서로47길 72, 1층 (내발산동, 1동)",07633,01,영업/정상,사회복지시설,02-2668-4603,,,상수도전용
,,등촌1종합사회복지관,사회복지시설,,186009.19449961,451422.055275775,2026-05-06 22:37:21,I,01,영업,33,,,,,,0,0,,2021-03-04 16:34:43,2013-08-02,234.00,157-930,서울특별시 강서구 등촌동 687 (지상 1층),N,,3150000-105-2013-00014,0,3150000,"서울특별시 강서구 강서로68길 36, 1층 (등촌동, 3동)",07581,01,영업/정상,사회복지시설,02-2658-1010,,,상수도전용
,,하늘샘어린이집,어린이집,,185296.624674047,449912.704593843,2026-05-06 22:37:21,I,01,영업,25.46,,,,,,0,0,,2024-01-23 18:14:17,2013-08-29,25.46,157-833,서울특별시 강서구 내발산동 709-8 1층,N,,3150000-105-2013-00015,0,3150000,"서울특별시 강서구 강서로47다길 35, 1층 (내발산동, 1동)",07638,01,영업/정상,어린이집,02-2665-7611,,,상수도전용
,,좋은친구어린이집,어린이집,,185550.449532949,448547.466317183,2026-05-06 22:37:21,I,01,영업,10,,,,,,0,0,,2017-07-10 11:10:13,2013-09-03,10.00,157-925,서울특별시 강서구 화곡동 1084-24 (지상 2층),N,,3150000-105-2013-00016,0,3150000,"서울특별시 강서구 강서로31길 74-7, 2층 (화곡동, 1동)",,01,영업/정상,어린이집,02-2699-0331,,,상수도전용
,자가,에반어린이집,어린이집,,186491.928322765,447774.531796047,2026-05-06 22:37:21,I,01,영업,10,,,,,,0,0,,2024-07-30 11:28:23,2013-09-05,10.00,157-880,서울특별시 강서구 화곡동 341-83 3층,N,,3150000-105-2013-00017,0,3150000,"서울특별시 강서구 강서로12길 23-7, 3층 (화곡동, 8동)",07757,01,영업/정상,어린이집,02-2601-1398,,,상수도전용
,자가,구립 피노키오 어린이집,어린이집,,186769.895057953,447791.709745237,2026-05-06 22:37:21,I,01,영업,7.5,,,,,,0,,,2019-03-13 17:55:02,2013-09-05,8.00,157-876,서울특별시 강서구 화곡동 158-21 피노키오 어린이집 (지상 4층),N,,3150000-105-2013-00018,0,3150000,"서울특별시 강서구 강서로12길 73, 4층 (화곡동, 피노키오 어린이집)",07754,01,영업/정상,어린이집,02-2605-7829,,,상수도전용
,,미래스쿨어린이집,어린이집,,186678.668399551,449531.957479117,2026-05-06 22:37:21,I,01,영업,26,,,,,,0,0,,2017-07-06 14:19:36,2013-09-05,26.00,157-913,서울특별시 강서구 화곡동 969-6 1층,N,,3150000-105-2013-00019,0,3150000,"서울특별시 강서구 까치산로18길 7-13, 1층 (화곡동, 6동)",07662,01,영업/정상,어린이집,02-2691-0917,,,상수도전용
,자가,대은어린이집,어린이집,,185776.882767514,447592.572974202,2026-05-06 22:37:21,I,01,영업,33,,,,,,0,0,,2022-07-01 10:36:58,2013-09-09,33.00,157-891,서울특별시 강서구 화곡동 425-22 (지상 4층),N,,3150000-105-2013-00020,0,3150000,"서울특별시 강서구 곰달래로19가길 45, 4층 (화곡동, 1동)",,01,영업/정상,어린이집,,,,상수도전용
,,가양7종합사회복지관,사회복지시설,,187710.471574269,451087.687651536,2026-05-06 22:37:21,I,01,영업,20,,,,,,,6,,2021-01-14 16:31:50,2013-09-16,90.00,157-810,서울특별시 강서구 가양동 1486-0 가양주공아파트 사회복지관 (지상 2층),N,,3150000-105-2013-00022,,3150000,"서울특별시 강서구 허준로 209, 2층 (가양동, 3동 가양주공아파트 사회복지관)",07531,01,영업/정상,사회복지시설,02-2668-8600,,,상수도전용
,자가,미소담어린이집,어린이집,,185984.310019255,447406.576315414,2026-05-06 22:37:21,I,01,영업,12.2,,,,,,0,8,,2024-07-30 13:14:57,2013-09-16,13.20,157-910,서울특별시 강서구 화곡동 926-4 미소담어린이집 (지상 1층) 101호,N,,3150000-105-2013-00023,0,3150000,"서울특별시 강서구 곰달래로18길 33-13, 1층 101호 (화곡동, 1동 미소담어린이집)",07776,01,영업/정상,어린이집,02-2695-2220,,,상수도전용
,임대,방화6종합사회복지관,사회복지시설,,183235.979670528,452922.98039021,2026-05-06 22:37:21,I,01,영업,9,,,,,,0,10,,2017-07-06 14:35:41,2013-09-17,90.00,157-856,서울특별시 강서구 방화동 816-0 방화6단지복지관 (지상 2층),N,,3150000-105-2013-00024,0,3150000,"서울특별시 강서구 금낭화로23길 25, 2층 (방화동, 3동 방화6단지복지관)",07510,01,영업/정상,사회복지시설,02-2666-6181,,,상수도전용
,,별강서어린이집,어린이집,,186808.309060367,449639.951066389,2026-05-06 22:37:21,I,01,영업,13,,,,,,0,0,,2017-07-06 14:46:21,2013-09-26,13.00,157-913,서울특별시 강서구 화곡동 967-1 3층,N,,3150000-105-2013-00025,0,3150000,"서울특별시 강서구 까치산로22길 10, 3층 (화곡동, 6동)",07662,01,영업/정상,어린이집,02-2065-5151,,,상수도전용
,자가,아이샘어린이집,어린이집,,186419.258596194,449137.598954835,2026-05-06 22:37:21,I,01,영업,15,,,,,,0,0,,2017-07-10 10:41:22,2013-10-01,16.00,157-895,서울특별시 강서구 화곡동 46-228 (지상 1층),N,,3150000-105-2013-00026,0,3150000,"서울특별시 강서구 까치산로12길 8-9, 1층 (화곡동, 본동)",07677,01,영업/정상,어린이집,02-2603-0191,,,상수도전용
,,롯데어린이집,어린이집,,186520.549439619,450383.07946605,2026-05-06 22:37:21,I,01,영업,9.9,,,,,,0,0,,2017-07-06 13:53:16,2013-10-07,9.90,157-010,서울특별시 강서구 화곡동 1145 우장산롯데캐슬A단지내,N,,3150000-105-2013-00027,0,3150000,"서울특별시 강서구 공항대로 382, 1층 (화곡동, 6동, 우장산롯데캐슬A단지내)",07648,01,영업/정상,어린이집,02-2699-1188,,,상수도전용
,임대,서울YMCA방화어린이집,어린이집,,182742.537963411,452003.823555081,2026-05-06 22:37:21,I,01,영업,10,,,,,,0,7,,2021-07-15 11:54:19,2013-10-08,20.00,157-850,서울특별시 강서구 방화동 851-0 도시개발공사아파트 사회복지관 1층,N,,3150000-105-2013-00028,0,3150000,"서울특별시 강서구 개화동로21길 4, 사회복지관동 1층 (방화동, 2동 방화11단지아파트)",07611,01,영업/정상,어린이집,02-2661-0255,,,상수도전용
,자가,한영신학대학교,학교,,186799.3126136,443825.247455609,2026-05-06 22:31:48,I,01,영업,60,,,,,,0,0,,2024-10-04 10:26:22,2007-10-17,300.00,152-819,서울특별시 구로구 개봉동 415-9 (한영대길 20),N,,3160000-105-2007-00014,0,3160000,"서울특별시 구로구 경인로 290-42 (개봉동,(한영대길 20))",08274,01,영업/정상,학교,02-2067-4500,,,상수도전용
,임대,예쁜튼튼어린이집,어린이집,,189962.551455924,444005.718723481,2026-05-06 22:31:48,I,01,영업,20,,,,,,0,0,,2024-10-23 11:21:48,2007-11-12,20.00,152-859,서울특별시 구로구 구로동 532-121 예쁜튼튼어린이집,N,,3160000-105-2007-00016,0,3160000,"서울특별시 구로구 구로중앙로26가길 11-5 (구로동, 예쁜튼튼어린이집)",08300,01,영업/정상,어린이집,02-866-1377,,,상수도전용
,,미소들노인전문병원,병원,,185884.744012457,444536.915882661,2026-05-06 22:31:49,I,01,영업,169.6,,,,,,0,0,,2024-10-04 10:44:11,2008-04-25,344.49,152-802,서울특별시 구로구 개봉동 43-1 지하1층,N,,3160000-105-2008-00004,0,3160000,"서울특별시 구로구 고척로21나길 88-41 (개봉동,지하1층)",08250,01,영업/정상,병원,02-3666-1114,,,상수도전용
,,구현고등학교,학교,,188823.485236009,444450.835175021,2026-05-06 22:31:49,I,01,영업,155.52,,,,,,0,0,,2022-06-10 10:34:18,2008-04-28,625.03,152-865,서울특별시 구로구 구로동 620-30 구현고등학교,N,,3160000-105-2008-00005,0,3160000,서울특별시 구로구 경인로53가길 17 (구로동),08217,01,영업/정상,학교,02-2628-8905,,,상수도전용
,,세종과학고등학교,학교,,184678.119469831,443885.980887552,2026-05-06 22:31:49,I,01,영업,207,,,,,,0,0,,2021-03-27 12:25:46,2008-06-13,575.00,152-883,서울특별시 구로구 궁동 230-1 세종과학고등학교,N,,3160000-105-2008-00006,0,3160000,서울특별시 구로구 오리로21길 79 (궁동),08258,01,영업/정상,학교,02-2060-4133,,,상수도전용
,자가,새연 어린이집,어린이집,,190080.252538205,444320.822108769,2026-05-06 22:31:49,I,01,영업,0,,,,,,0,0,,2026-01-19 11:33:02,2008-08-05,73.08,152-844,서울특별시 구로구 구로동 111-11,N,,3160000-105-2008-00007,0,3160000,서울특별시 구로구 구로중앙로28다길 15 (구로동),08294,01,영업/정상,어린이집,02-852-7171,,,상수도전용
,,신도림고등학교,학교,,189488.810746467,445745.592395016,2026-05-06 22:31:50,I,01,영업,0,,,,,,0,0,,2020-01-29 17:44:17,2009-03-09,.00,152-886,서울특별시 구로구 신도림동 270-2,N,,3160000-105-2009-00002,0,3160000,서울특별시 구로구 경인로67길 159 (신도림동),08200,01,영업/정상,학교,02-2068-7979,,,상수도전용
,자가,아이빌 어린이집,어린이집,,186950.188183832,442982.099863095,2026-05-06 22:31:50,I,01,영업,33,,,,,,0,0,,2024-10-04 10:56:47,2009-04-22,33.00,152-815,서울특별시 구로구 개봉동 342-7,N,,3160000-105-2009-00004,0,3160000,서울특별시 구로구 개봉로11길 46-23 (개봉동),08349,01,영업/정상,어린이집,02-2616-0025,,,상수도전용
,임대,효도로 노인전문요양원,사회복지시설,,187826.698183821,443925.52468616,2026-05-06 22:31:50,I,01,영업,140.49,,,,,,0,0,,2024-10-04 09:38:38,2009-05-07,221.43,152-826,서울특별시 구로구 고척동 73-3,N,,3160000-105-2009-00005,0,3160000,서울특별시 구로구 경인로 393-7 (고척동),08227,01,영업/정상,사회복지시설,02-2066-7799,,,상수도전용
,자가,원진어린이집,어린이집,,187165.240024524,444861.540913438,2026-05-06 22:31:50,I,01,영업,8,,,,,,0,0,,2024-10-04 10:21:53,2009-05-26,8.00,152-830,서울특별시 구로구 고척동 168-1,N,,3160000-105-2009-00006,0,3160000,서울특별시 구로구 고척로55길 21 (고척동),08241,01,영업/정상,어린이집,02-2684-7444,,,상수도전용
,자가,광진어린이집,어린이집,,186555.352074424,444380.550386081,2026-05-06 22:31:50,I,01,영업,8,,,,,,0,0,,2024-10-24 10:16:20,2009-11-25,8.00,152-090,서울특별시 구로구 개봉동 128-18,N,,3160000-105-2009-00008,0,3160000,서울특별시 구로구 고척로30길 18 (개봉동),08235,01,영업/정상,어린이집,02-2611-6229,,,상수도전용
,,와이씨앤티(주),산업체,,190990.955753109,442338.842381042,2026-05-06 22:31:52,I,01,영업,0,,,,,,0,0,,2024-10-26 16:01:09,2010-12-01,.00,152-880,서울특별시 구로구 구로동 1128-1 베스트웨스턴프리미어 구로호텔,N,,3160000-105-2010-00012,0,3160000,서울특별시 구로구 디지털로32길 72 (구로동),08393,01,영업/정상,산업체,02-6905-9522,,,상수도전용
,,구로중학교,학교,,190273.291803866,443580.38460788,2026-05-06 22:31:52,I,01,영업,0,,,,,,0,0,,2017-07-17 18:52:02,2011-03-03,.00,152-840,서울특별시 구로구 구로동 90 구로중학교,N,,3160000-105-2011-00001,0,3160000,"서울특별시 구로구 구로중앙로 48 (구로동,구로중학교)",08303,01,영업/정상,학교,02-890-4588,,,상수도전용
,,가온어린이집,어린이집,,186584.768911453,443547.616966602,2026-05-06 22:31:52,I,01,영업,11.7,,,,,,0,0,,2024-10-04 10:53:33,2011-03-29,11.70,152-814,서울특별시 구로구 개봉동 309-26,N,,3160000-105-2011-00002,0,3160000,서울특별시 구로구 서해안로34가길 33 (개봉동),08339,01,영업/정상,어린이집,02-2681-0090,,,상수도전용
,,예쁜별어린이집,어린이집,,186053.482071834,443368.622118784,2026-05-06 22:31:52,I,01,영업,33,,,,,,0,0,,2024-10-04 20:13:30,2011-04-20,33.00,152-896,서울특별시 구로구 오류동 136-51,N,,3160000-105-2011-00004,0,3160000,서울특별시 구로구 서해안로28길 18 (오류동),08341,01,영업/정상,어린이집,02-2618-6187,,,상수도전용
,,대광어린이집,어린이집,,187138.643002345,442838.479701032,2026-05-06 22:31:52,I,01,영업,30,,,,,,0,0,,2024-10-24 10:21:31,2011-05-12,30.00,152-815,서울특별시 구로구 개봉동 349-5,N,,3160000-105-2011-00006,0,3160000,서울특별시 구로구 개봉로11길 17 (개봉동),08352,01,영업/정상,어린이집,02-308-7891,,,상수도전용
,,(주)이마트 구로점,산업체,,190901.977946718,442466.813410528,2026-05-06 22:31:52,I,01,영업,165,,,,,,0,0,,2024-10-04 19:48:11,2011-05-27,165.00,152-848,서울특별시 구로구 구로동 188-26,N,,3160000-105-2011-00007,0,3160000,서울특별시 구로구 디지털로32길 43 (구로동),08379,01,영업/정상,산업체,02-2009-1196,,,상수도전용
,,(주)이마트 신도림점,산업체,,190232.524534335,444978.682746138,2026-05-06 22:31:52,I,01,영업,103.3,,,,,,0,0,,2024-10-23 12:56:14,2011-05-30,278.20,152-838,서울특별시 구로구 구로동 3-25 지하2층,N,,3160000-105-2011-00008,0,3160000,"서울특별시 구로구 새말로 97 (구로동,지하2층)",08288,01,영업/정상,산업체,02-6715-1052,,,상수도전용
,임대,상록어린이집,어린이집,,183235.979670528,452922.98039021,2026-05-06 22:37:21,I,01,영업,9,,,,,,0,7,,2017-07-06 14:54:18,2013-10-08,10.00,157-856,서울특별시 강서구 방화동 816-0 방화6단지복지관 1층,N,,3150000-105-2013-00029,0,3150000,"서울특별시 강서구 금낭화로23길 25, 복지관동 1층 (방화동, 3동 방화6단지아파트)",07510,01,영업/정상,어린이집,02-2661-4700,,,상수도전용
,,강서라이즈어학원,산업체,,187059.703431437,450478.956139831,2026-05-06 22:37:21,I,01,영업,31.59,,,,,,0,1,,2026-04-22 11:31:48,2013-10-29,75.35,157-030,서울특별시 강서구 등촌동 726 가양역 두산위브,N,,3150000-105-2013-00036,0,3150000,"서울특별시 강서구 공항대로45길 15, 6층 (등촌동, 가양역 두산위브)",07572,01,영업/정상,산업체,02-3662-6000,,,상수도전용
,,아이글로벌리더 아카데미 2학원,산업체,,186253.871813159,448984.862178798,2026-05-06 22:37:21,I,01,영업,18.5,,,,,,0,0,,2025-01-02 17:52:32,2014-03-11,18.50,157-871,서울특별시 강서구 화곡동 61-30 (지상 3층),N,,3150000-105-2014-00001,0,3150000,"서울특별시 강서구 까치산로10길 8, 3층 (화곡동, 본동)",07722,01,영업/정상,산업체,02-2603-5445,,,상수도전용
,,(주)귀뚜라미 구내식당,산업체,,186766.111172409,450409.613616899,2026-05-06 22:37:21,I,01,영업,199.99,,,,,,0,0,,2025-02-24 16:23:33,2014-03-19,519.99,157-927,서울특별시 강서구 화곡동 1094-0 귀뚜라미보일러사옥빌딩 2층,N,,3150000-105-2014-00002,0,3150000,"서울특별시 강서구 공항대로 396, 2층 (화곡동, 귀뚜라미보일러사옥빌딩)",07649,01,영업/정상,산업체,02-2600-9133,,,상수도전용
,임대,새미래요양병원,병원,,187632.708143175,447508.735516282,2026-05-06 22:37:21,I,01,영업,82.42,,,,,,500000000,0,,2018-11-29 17:09:09,2014-04-18,224.92,157-897,서울특별시 강서구 화곡동 786-6 새미래요양병원 (지하 1층),N,,3150000-105-2014-00003,50000000,3150000,"서울특별시 강서구 국회대로 233, 지하 1층 (화곡동, 4동 새미래요양병원)",07786,01,영업/정상,병원,02-2061-5544,,,상수도전용
,,서울YMCA방화11단지종합사회복지관,사회복지시설,,182742.537963411,452003.823555081,2026-05-06 22:37:21,I,01,영업,27.26,,,,,,0,0,,2023-05-24 11:39:19,2014-05-09,159.36,157-850,서울특별시 강서구 방화동 851-0 도시개발공사아파트 (지하 1층) 사회복지관동,N,,3150000-105-2014-00004,0,3150000,"서울특별시 강서구 개화동로21길 4, 지하 1층 (방화동, 2동 도시개발공사아파트)",07611,01,영업/정상,사회복지시설,02-2661-0670,,,상수도전용
,,곰달래어르신복지센터,사회복지시설,,186575.016256065,447433.523553359,2026-05-06 22:37:21,I,01,영업,0,,,,,,0,0,,2017-07-06 10:42:26,2014-08-05,.00,157-908,서울특별시 강서구 화곡동 890-0 3층,N,,3150000-105-2014-00007,0,3150000,"서울특별시 강서구 강서로5길 50, 3층 (화곡동, 8동)",07781,01,영업/정상,사회복지시설,02-2699-8264,,,상수도전용
,자가,서울공진초등학교,학교,,184262.952390422,450632.720119997,2026-05-06 22:37:21,I,01,영업,231,,,,,,0,3,,2017-07-07 09:01:51,2014-08-27,885.00,157-210,서울특별시 강서구 마곡동 1324-0 서울공진초등학교,N,,3150000-105-2014-00008,0,3150000,"서울특별시 강서구 마곡서로 33, 2층 (마곡동, 서울공진초등학교)",07810,01,영업/정상,학교,02-2223-2384,,,상수도전용
,자가,기아(주) 강서서비스센터,산업체,,187497.047595124,450688.351661187,2026-05-06 22:37:21,I,01,영업,307,,,,,,0,2,,2021-04-22 14:25:49,2014-09-15,307.00,157-838,서울특별시 강서구 등촌동 629-9 외 1필지 기아자동차강서서비스센터 5층,N,,3150000-105-2014-00009,0,3150000,"서울특별시 강서구 양천로 542, 5층 (등촌동, 1동 기아자동차강서서비스센터)",07549,01,영업/정상,산업체,02-2605-3355,,,상수도전용
,자가,요안나 요양원,사회복지시설,,186352.550070658,449495.06576488,2026-05-06 22:37:21,I,01,영업,31,,,,,,0,3,,2017-07-10 10:56:33,2014-10-13,39.60,157-869,서울특별시 강서구 화곡동 73-49 요안나 요양원 (지상 6층),N,,3150000-105-2014-00011,0,3150000,"서울특별시 강서구 화곡로 254, 6층 (화곡동, 본동 요안나 요양원)",07678,01,영업/정상,사회복지시설,02-2694-6699,,,상수도전용
,자가,신원어린이집,어린이집,,189022.284939732,449910.433862401,2026-05-06 22:37:21,I,01,영업,18,,,,,,0,14,,2017-07-07 16:02:36,2014-11-26,18.49,157-862,서울특별시 강서구 염창동 255 무학아파트상가동,N,,3150000-105-2014-00014,0,3150000,"서울특별시 강서구 양천로77길 45, 1층 (염창동, 무학아파트상가동)",07538,01,영업/정상,어린이집,02-2659-3697,,,상수도전용
,임대,마곡15누리 어린이집,어린이집,,184743.389113412,450511.287374798,2026-05-06 22:37:22,I,01,영업,15,,,,,,0,13,,2015-11-27 14:41:24,2015-01-12,15.00,157-210,서울특별시 강서구 마곡동 751 발산1동 마곡엠밸리15단지 상가동,N,,3150000-105-2015-00001,0,3150000,"서울특별시 강서구 마곡중앙로 36, 상가동 1층 (마곡동, 발산1동 마곡엠밸리15단지)",07811,01,영업/정상,어린이집,02-2663-0015,,,상수도전용
,,마곡7 미래꿈어린이집,어린이집,,184333.032124285,451471.100985376,2026-05-06 22:37:22,I,01,영업,39.85,,,,,,0,0,,2024-10-11 14:30:41,2015-02-24,25.98,157-210,서울특별시 강서구 마곡동 743-4 1층 707동,N,,3150000-105-2015-00003,0,3150000,"서울특별시 강서구 마곡서로 133, 707동 1층 (마곡동, 방화1동)",07798,01,영업/정상,어린이집,02-2664-0707,,,상수도전용
,,마곡6 마곡숲 어린이집,어린이집,,184095.278346869,451462.486642109,2026-05-06 22:37:22,I,01,영업,41.92,,,,,,,,,2017-12-08 11:46:37,2015-02-26,28.38,157-210,서울특별시 강서구 마곡동 743-0 마곡엠밸리6단지 (지상 1층),N,,3150000-105-2015-00005,,3150000,"서울특별시 강서구 마곡서1로 100, 1층 (마곡동, 마곡엠밸리6단지)",07798,01,영업/정상,어린이집,02-2698-1004,,,상수도전용
,,마곡중학교,학교,,184151.430290645,451751.543327432,2026-05-06 22:37:22,I,01,영업,222.01,,,,,,0,0,,2025-02-26 14:27:50,2015-02-27,746.79,157-210,서울특별시 강서구 마곡동 736-1 마곡중학교,N,,3150000-105-2015-00006,0,3150000,"서울특별시 강서구 마곡중앙5로 58, 마곡중학교 (마곡동)",07598,01,영업/정상,학교,02-2666-8502,,,상수도전용
,,화곡동어린이집,어린이집,,187216.130831645,447945.560419383,2026-05-06 22:37:22,I,01,영업,6.5,,,,,,0,0,,2017-07-06 10:50:08,2015-03-09,16.50,157-905,서울특별시 강서구 화곡동 867-18 지층,N,,3150000-105-2015-00008,0,3150000,"서울특별시 강서구 곰달래로45길 26-1, 지층 (화곡동, 2동)",07748,01,영업/정상,어린이집,02-2695-7668,,,상수도전용
