영업장주변구분명,건물소유구분명,사업장명,업태구분명,폐업일자,좌표X,좌표Y,데이터갱신시점,데이터갱신구분,상세영업상태코드,상세영업상태명,시설총규모,공장사무직직원수,공장생산직직원수,공장판매직직원수,여성종사자수,등급구분명,보증액,본사직원수,홈페이지,최종수정시점,인허가일자,소재지면적,소재지우편번호,지번주소,다중이용업소여부,남성종사자수,관리번호,월세액,개방자치단체코드,도로명주소,도로명우편번호,영업상태구분코드,영업상태명,위생업태명,소재지전화번호,전통업소지정번호,전통업소주된음식,급수시설구분명
기타,,(주)보광,식품자동판매기영업,1996-05-25,210481.077142289,443448.892122874,2026-05-06 22:39:09,I,02,폐업,0,,,,0,기타,,,,2003-08-26 00:00:00,1994-04-20,,138-805,서울특별시 송파구 가락동 99-5,N,0,3230000-112-1994-02650,,3230000,,,03,폐업,식품자동판매기영업,02-595-3691,,,
,임대,곰두리체육센타휴게실,식품자동판매기영업,2024-06-04,211618.842468751,444430.324517026,2026-05-06 22:43:34,I,02,폐업,0,,,,,,,,,2024-06-04 14:34:10,2018-03-13,2.00,138-857,서울특별시 송파구 오금동 51 서울곰두리체육센터,N,,3230000-112-2018-00007,,3230000,"서울특별시 송파구 동남로 271, 서울곰두리체육센터(휴게실) 1층 (오금동)",05725,03,폐업,식품자동판매기영업,,,,
기타,,예지독서실,식품자동판매기영업,1992-11-12,210156.706464028,444965.143769725,2026-05-06 22:38:47,I,02,폐업,0,,,,0,기타,,,,2003-08-13 00:00:00,1991-12-31,,138-852,서울특별시 송파구 송파동 143-6 2층,N,0,3230000-112-1991-01798,,3230000,,,03,폐업,식품자동판매기영업,02-419-2169,,,
기타,,신한은행,식품자동판매기영업,2012-05-24,209328.877055075,444801.540394882,2026-05-06 22:41:45,I,02,폐업,0,,,,0,기타,,,,2011-05-23 17:54:52,1999-10-22,,138-844,서울특별시 송파구 석촌동 174-2 태문B/D,N,0,3230000-112-1999-00566,,3230000,,,03,폐업,식품자동판매기영업,02-412-5611,,,
기타,,천우슈퍼,식품자동판매기영업,2014-09-11,209934.224172696,447614.055401307,2026-05-06 22:41:51,I,02,폐업,0,0,0,0,0,기타,,0,,2003-09-03 00:00:00,2000-06-29,,138-874,서울특별시 송파구 풍납동 259-24,N,0,3230000-112-2000-00660,,3230000,서울특별시 송파구 토성로 23 (풍납동),05533,03,폐업,식품자동판매기영업,02-473-2263,,,
기타,,종점상회,식품자동판매기영업,1999-12-06,209984.800441055,448186.097538245,2026-05-06 22:38:37,I,02,폐업,0,,,,0,기타,,,,2003-08-11 00:00:00,1991-09-06,,138-873,서울특별시 송파구 풍납동 197-0,N,0,3230000-112-1991-01425,,3230000,,,03,폐업,식품자동판매기영업,02-475-4498,,,
기타,,신용정육점,식품자동판매기영업,2010-02-04,208886.028301007,444371.678983679,2026-05-06 22:39:08,I,02,폐업,0,,,,0,기타,,,,2003-08-26 00:00:00,1994-04-15,,138-845,서울특별시 송파구 석촌동 245-27,N,0,3230000-112-1994-02635,,3230000,,,03,폐업,식품자동판매기영업,02-420-3634,,,
기타,,남포교회,식품자동판매기영업,2014-05-22,206731.192156063,445148.824922026,2026-05-06 22:39:38,I,02,폐업,0,,,,0,기타,,,,2003-08-29 00:00:00,1997-05-30,,138-892,서울특별시 송파구 잠실동 85-1 남포교회,N,0,3230000-112-1997-02885,,3230000,"서울특별시 송파구 올림픽로4길 17 (잠실동,남포교회)",05572,03,폐업,식품자동판매기영업,02-415-1323,,,
기타,,-,식품자동판매기영업,1993-09-09,210199.45921923,446539.279382444,2026-05-06 22:38:49,I,02,폐업,0,,,,0,기타,,,,2003-09-09 00:00:00,1992-01-04,,138-829,서울특별시 송파구 방이동 88,N,0,3230000-112-1992-01848,,3230000,,,03,폐업,식품자동판매기영업,02-471-6261,,,
기타,,-,식품자동판매기영업,2000-04-27,209559.670968894,444323.646471154,2026-05-06 22:38:55,I,02,폐업,0,,,,0,기타,,,,2003-09-09 00:00:00,1992-05-28,,138-847,서울특별시 송파구 석촌동 297-1,N,0,3230000-112-1992-02071,,3230000,,,03,폐업,식품자동판매기영업,02-425-1006,,,
기타,,우창뚝배기,식품자동판매기영업,2004-11-17,212090.685323707,444169.045594177,2026-05-06 22:38:50,I,02,폐업,0,,,,0,기타,,,,2003-08-18 00:00:00,1992-01-28,,138-859,서울특별시 송파구 오금동 152-3,N,0,3230000-112-1992-01903,,3230000,,,03,폐업,식품자동판매기영업,02-449-4230,,,
기타,,금성슈퍼,식품자동판매기영업,1997-03-14,210521.677714724,447959.807175262,2026-05-06 22:38:52,I,02,폐업,0,,,,0,기타,,,,2003-08-18 00:00:00,1992-02-10,,138-873,서울특별시 송파구 풍납동 156-2,N,0,3230000-112-1992-01954,,3230000,,,03,폐업,식품자동판매기영업,02-475-4368,,,
기타,,새마을미용실(옥외),식품자동판매기영업,1996-04-30,,,2026-05-06 22:39:24,I,02,폐업,0,,,,0,기타,,,,2003-08-28 00:00:00,1995-01-16,,138-883,서울특별시 송파구 가락동 479-0,N,0,3230000-112-1995-02771,,3230000,,,03,폐업,식품자동판매기영업,02-421-6750,,,
기타,,금강빌딩,식품자동판매기영업,2010-12-15,209107.443183611,444565.611974102,2026-05-06 22:41:47,I,02,폐업,0,,,,0,기타,,,,2003-09-03 00:00:00,1999-11-03,,138-846,서울특별시 송파구 석촌동 265-5 (2층),N,0,3230000-112-1999-00588,,3230000,,,03,폐업,식품자동판매기영업,02-2203-1443,,,
기타,,상업은행전산부,식품자동판매기영업,2002-06-04,209087.122362019,446139.152554604,2026-05-06 22:39:00,I,02,폐업,0,,,,0,기타,,,,2003-08-21 00:00:00,1993-02-08,,138-934,서울특별시 송파구 신천동 11-4,N,0,3230000-112-1993-02293,,3230000,,,03,폐업,식품자동판매기영업,,,,
주택가주변,,아울렛코리아,식품자동판매기영업,2001-06-14,,,2026-05-06 22:40:30,I,02,폐업,0,,,,0,우수,,,,2003-09-02 00:00:00,1999-05-04,,138-820,서울특별시 송파구 마천동 181-2 아울렛코리아2층계단,N,0,3230000-112-1999-00167,,3230000,,,03,폐업,식품자동판매기영업,02-3272-2372,,,
,자가,소나무언덕 잠실본동 작은도서관,식품자동판매기영업,2018-02-02,206904.450630423,444545.905762752,2026-05-06 22:43:13,I,02,폐업,0,,,,,,,,,2018-02-02 11:23:16,2014-05-16,3.30,138-865,서울특별시 송파구 잠실동 306 지상1층,N,,3230000-112-2014-00007,,3230000,"서울특별시 송파구 탄천동로 211, 지상1층 (잠실동)",05573,03,폐업,식품자동판매기영업,,,,
,자가,송파배드민턴체육관,식품자동판매기영업,2016-03-03,212156.683046894,443495.575602761,2026-05-06 22:43:14,I,02,폐업,0,,,,,,,,,2015-04-09 15:56:45,2015-04-09,3.30,138-110,서울특별시 송파구 거여동 산 21-1 송파배드민턴체육관 지상1층,N,,3230000-112-2015-00003,,3230000,"서울특별시 송파구 문정로 176, 지상1층 (거여동, 송파배드민턴체육관)",05781,03,폐업,식품자동판매기영업,,,,
기타,,올림픽파크텔,식품자동판매기영업,1998-09-05,210199.45921923,446539.279382444,2026-05-06 22:39:00,I,02,폐업,0,,,,0,기타,,,,2003-08-21 00:00:00,1993-02-06,,138-829,서울특별시 송파구 방이동 88-0,N,0,3230000-112-1993-02273,,3230000,,,03,폐업,식품자동판매기영업,02-562-4760,,,
기타,,다보라,식품자동판매기영업,2006-04-18,209893.622034457,447594.355412552,2026-05-06 22:38:49,I,02,폐업,0,,,,0,기타,,,,2003-08-18 00:00:00,1992-01-14,,138-874,서울특별시 송파구 풍납동 269-3,N,0,3230000-112-1992-01879,,3230000,,,03,폐업,식품자동판매기영업,02-475-4851,,,
,자가,송파구시설관리공단,식품자동판매기영업,2012-11-13,212562.616359781,443174.22073677,2026-05-06 22:43:03,I,02,폐업,0,0,0,0,,,0,0,,2006-08-29 00:00:00,2005-11-25,,138-816,서울특별시 송파구 거여동 289-0,N,,3230000-112-2005-00040,0,3230000,,,03,폐업,식품자동판매기영업,02-402-3292,,,
기타,,두암빌딩,식품자동판매기영업,2008-11-10,209303.920020842,444767.320778394,2026-05-06 22:41:45,I,02,폐업,0,,,,0,기타,,,,2003-09-03 00:00:00,1999-10-22,,138-844,서울특별시 송파구 석촌동 174-6,N,0,3230000-112-1999-00569,,3230000,,,03,폐업,식품자동판매기영업,02-418-5585,,,
기타,,명신운수(주),식품자동판매기영업,1998-12-26,213706.756346984,443375.281575184,2026-05-06 22:38:57,I,02,폐업,0,,,,0,기타,,,,2003-08-19 00:00:00,1992-07-21,,138-821,서울특별시 송파구 마천동 324-0,N,0,3230000-112-1992-02138,,3230000,,,03,폐업,식품자동판매기영업,02-456-3497,,,
주택가주변,,삼인빌딩,식품자동판매기영업,2004-03-23,206919.478094926,445370.201675122,2026-05-06 22:40:41,I,02,폐업,0,,,,0,우수,,,,2003-09-02 00:00:00,1999-05-10,,138-861,서울특별시 송파구 잠실동 175-0,N,0,3230000-112-1999-00206,,3230000,,,03,폐업,식품자동판매기영업,02-414-6522,,,
기타,,-,식품자동판매기영업,2003-01-29,209328.877055075,444801.540394882,2026-05-06 22:41:41,I,02,폐업,0,,,,0,기타,,,,2003-09-09 00:00:00,1999-10-20,,138-844,서울특별시 송파구 석촌동 174-2,N,0,3230000-112-1999-00544,,3230000,,,03,폐업,식품자동판매기영업,02-416-6019,,,
기타,,거북이빌딩,식품자동판매기영업,2004-11-17,210491.321883503,443569.763243482,2026-05-06 22:38:58,I,02,폐업,0,,,,0,기타,,,,2003-08-20 00:00:00,1992-08-20,,138-805,서울특별시 송파구 가락동 98-7,N,0,3230000-112-1992-02182,,3230000,,,03,폐업,식품자동판매기영업,02-577-1900,,,
기타,,고향설렁탕,식품자동판매기영업,1998-12-26,212947.518523685,444232.761415224,2026-05-06 22:38:57,I,02,폐업,0,,,,0,기타,,,,2003-08-19 00:00:00,1992-07-21,,138-818,서울특별시 송파구 마천동 40-4,N,0,3230000-112-1992-02136,,3230000,,,03,폐업,식품자동판매기영업,02-212-1947,,,
,자가,송파도서관,식품자동판매기영업,2025-05-02,211618.842468751,444430.324517026,2026-05-06 22:43:45,I,02,폐업,0,,,,,,,,,2025-05-02 08:54:59,2024-02-19,8.10,138-857,서울특별시 송파구 오금동 51 송파도서관,N,,3230000-112-2024-00006,,3230000,"서울특별시 송파구 동남로 263, 송파도서관 지상3,4층 (오금동)",05725,03,폐업,식품자동판매기영업,,,,
기타,,해바라기,식품자동판매기영업,2000-02-17,210169.305335644,445400.67135641,2026-05-06 22:39:07,I,02,폐업,0,,,,0,기타,,,,2003-08-25 00:00:00,1994-04-08,,138-830,서울특별시 송파구 방이동 119-1,N,0,3230000-112-1994-02576,,3230000,,,03,폐업,식품자동판매기영업,02-416-6142,,,
기타,,-,식품자동판매기영업,1997-01-17,211244.951193461,445214.179706853,2026-05-06 22:38:57,I,02,폐업,0,,,,0,기타,,,,2003-09-09 00:00:00,1992-08-07,,138-855,서울특별시 송파구 오금동 18-32,N,0,3230000-112-1992-02157,,3230000,,,03,폐업,식품자동판매기영업,02-448-8812,,,
기타,,잠실주유소커피자동판매,식품자동판매기영업,2007-04-18,209359.812553504,444905.450438255,2026-05-06 22:38:09,I,02,폐업,0,,,,1,지도,,,,2003-08-05 00:00:00,1983-03-29,,138-848,서울특별시 송파구 송파동 19-1 잠실주유소내,N,1,3230000-112-1983-01026,,3230000,,,03,폐업,식품자동판매기영업,,,,
기타,,정림인테리어,식품자동판매기영업,2003-10-17,210200.740428144,444938.235905452,2026-05-06 22:39:36,I,02,폐업,0,,,,0,기타,,,,2003-08-29 00:00:00,1997-05-06,,138-854,서울특별시 송파구 송파동 146-4,N,0,3230000-112-1997-02855,,3230000,,,03,폐업,식품자동판매기영업,02-423-6534,,,
기타,,(주)덕은,식품자동판매기영업,2000-01-20,,,2026-05-06 22:39:39,I,02,폐업,0,,,,0,기타,,,,2003-08-29 00:00:00,1997-06-14,,138-110,서울특별시 송파구 거여동 산 71-0,N,0,3230000-112-1997-02908,,3230000,,,03,폐업,식품자동판매기영업,02-419-6789,,,
기타,,-,식품자동판매기영업,1997-07-28,212947.518523685,444232.761415224,2026-05-06 22:39:18,I,02,폐업,0,,,,0,기타,,,,2003-09-09 00:00:00,1994-11-01,,138-818,서울특별시 송파구 마천동 40-4,N,0,3230000-112-1994-02729,,3230000,,,03,폐업,식품자동판매기영업,02-449-6590,,,
기타,,부광전기,식품자동판매기영업,2004-04-30,211175.631035284,442853.653892969,2026-05-06 22:38:49,I,02,폐업,0,,,,0,기타,,,,2003-08-18 00:00:00,1992-01-04,,138-824,서울특별시 송파구 문정동 21-0,N,0,3230000-112-1992-01857,,3230000,,,03,폐업,식품자동판매기영업,02-448-7719,,,
기타,,라이브콘서트노래연습실,식품자동판매기영업,1994-01-07,209671.6547983,444361.190086159,2026-05-06 22:38:59,I,02,폐업,0,,,,0,기타,,,,2003-08-20 00:00:00,1992-09-21,,138-847,서울특별시 송파구 석촌동 296-10,N,0,3230000-112-1992-02222,,3230000,,,03,폐업,식품자동판매기영업,02-413-6432,,,
기타,,서울중앙병원,식품자동판매기영업,2005-11-28,209607.590372037,447120.577229325,2026-05-06 22:38:37,I,02,폐업,0,,,,0,기타,,,,2003-08-13 00:00:00,1991-09-19,,138-878,서울특별시 송파구 풍납동 388-1,N,0,3230000-112-1991-01445,,3230000,,,03,폐업,식품자동판매기영업,02-480-3114,,,
,,커피&아이스크림,식품자동판매기영업,,212525.187847888,443717.611151476,2026-05-06 22:43:48,I,01,영업,0,,,,,,,,,2025-10-27 15:04:51,2025-10-27,9.90,138-813,서울특별시 송파구 거여동 12-1 거여리본타운,N,,3230000-112-2025-00025,,3230000,"서울특별시 송파구 오금로53길 14, 상가 101동 103호 (거여동, 거여리본타운)",05744,01,영업/정상,식품자동판매기영업,,,,
기타,,교통회관,식품자동판매기영업,2013-03-11,209243.169349927,445935.092530909,2026-05-06 22:39:25,I,02,폐업,0,,,,0,기타,,,,2003-08-28 00:00:00,1995-04-14,,138-742,서울특별시 송파구 신천동 11-7 교통회관,N,0,3230000-112-1995-02783,,3230000,,,03,폐업,식품자동판매기영업,02-415-9110,,,
기타,,성원수퍼,식품자동판매기영업,2005-12-28,210239.271487402,444243.879187115,2026-05-06 22:39:37,I,02,폐업,0,,,,0,기타,,,,2003-08-29 00:00:00,1997-05-17,,138-854,서울특별시 송파구 송파동 183-18,N,0,3230000-112-1997-02866,,3230000,,,03,폐업,식품자동판매기영업,02-202-5588,,,
주택가주변,,한양지물포,식품자동판매기영업,2001-06-18,208319.977729508,444144.619367113,2026-05-06 22:40:09,I,02,폐업,0,,,,0,우수,,,,2003-09-01 00:00:00,1999-04-15,,138-841,서울특별시 송파구 삼전동 173-11,N,0,3230000-112-1999-00068,,3230000,,,03,폐업,식품자동판매기영업,02-420-0260,,,
,자가,여의도순복음교회,식품자동판매기영업,2003-11-26,210804.42250407,445333.187498387,2026-05-06 22:42:36,I,02,폐업,0,0,0,0,,,,0,,2002-09-09 00:00:00,2002-09-09,,138-835,서울특별시 송파구 방이동 209-1,N,,3230000-112-2002-02186,,3230000,,,03,폐업,식품자동판매기영업,02-2202-0466,,,
,,굿모닝24시,식품자동판매기영업,2012-06-15,207261.957228607,444891.212506599,2026-05-06 22:42:54,I,02,폐업,0,,,,,,,,,2007-06-22 00:00:00,2003-06-05,,138-863,서울특별시 송파구 잠실동 228-7,N,,3230000-112-2003-00207,,3230000,,,03,폐업,식품자동판매기영업,,,,
기타,,(주)선호유통,식품자동판매기영업,1995-06-26,209790.959909032,443481.212174317,2026-05-06 22:38:19,I,02,폐업,0,,,,0,기타,,,,2003-08-08 00:00:00,1985-06-22,,138-881,서울특별시 송파구 가락동 600,N,0,3230000-112-1985-01262,,3230000,,,03,폐업,식품자동판매기영업,02-407-9733,,,
기타,,최신노래연습장,식품자동판매기영업,1998-08-11,212199.682364025,444599.911564943,2026-05-06 22:39:03,I,02,폐업,0,,,,0,기타,,,,2003-08-22 00:00:00,1993-03-20,,138-858,서울특별시 송파구 오금동 120-6,N,0,3230000-112-1993-02408,,3230000,,,03,폐업,식품자동판매기영업,02-408-0553,,,
기타,,교통회관1층,식품자동판매기영업,2005-02-07,209243.169349927,445935.092530909,2026-05-06 22:38:11,I,02,폐업,0,,,,0,을,,,,2003-08-05 00:00:00,1985-07-30,,138-934,서울특별시 송파구 신천동 11-7 (1층),N,0,3230000-112-1985-01042,,3230000,,,03,폐업,식품자동판매기영업,02-415-9110,,,
기타,,-,식품자동판매기영업,1998-02-04,209583.503893753,445516.621412212,2026-05-06 22:39:04,I,02,폐업,0,,,,0,기타,,,,2003-09-09 00:00:00,1994-03-21,,138-830,서울특별시 송파구 방이동 109-11,N,0,3230000-112-1994-02478,,3230000,,,03,폐업,식품자동판매기영업,02-0000-0000,,,
기타,,금성벤딩(주),식품자동판매기영업,1995-11-13,208589.363343145,445455.90405262,2026-05-06 22:38:53,I,02,폐업,0,,,,0,기타,,,,2003-08-18 00:00:00,1992-02-28,,138-721,서울특별시 송파구 잠실동 40-1 호텔롯데월드,N,0,3230000-112-1992-01988,,3230000,,,03,폐업,식품자동판매기영업,02-562-1191,,,
,자가,핑거커피 가락점,식품자동판매기영업,,210544.064382887,443492.364981682,2026-05-06 22:43:42,I,01,영업,0,,,,,,,,,2023-03-13 10:59:13,2023-03-13,27.00,138-805,서울특별시 송파구 가락동 99-7 가락 ID TOWER,N,,3230000-112-2023-00005,,3230000,"서울특별시 송파구 중대로 105, 가락 ID TOWER 107호 (가락동)",05719,01,영업/정상,식품자동판매기영업,,,,
기타,,오주서림,식품자동판매기영업,1998-01-20,212036.398134535,444125.035765412,2026-05-06 22:38:51,I,02,폐업,0,,,,0,기타,,,,2003-08-18 00:00:00,1992-01-30,,138-860,서울특별시 송파구 오금동 164-0,N,0,3230000-112-1992-01921,,3230000,,,03,폐업,식품자동판매기영업,02-409-2823,,,
,,행운마트,식품자동판매기영업,2010-05-31,211852.909628223,444826.934770168,2026-05-06 22:42:51,I,02,폐업,0,0,0,0,,,,0,,2003-03-06 00:00:00,2003-03-06,,138-858,서울특별시 송파구 오금동 85-8,N,,3230000-112-2003-00126,,3230000,,,03,폐업,식품자동판매기영업,02-400-4317,,,
기타,,앵콜노래연습장,식품자동판매기영업,2004-11-26,210398.86282613,445326.30116641,2026-05-06 22:38:56,I,02,폐업,0,,,,0,기타,,,,2003-08-19 00:00:00,1992-07-02,,138-831,서울특별시 송파구 방이동 135-5 2층,N,0,3230000-112-1992-02124,,3230000,,,03,폐업,식품자동판매기영업,02-424-0023,,,
기타,,많이커식당,식품자동판매기영업,2009-09-11,208064.254846171,444469.472922303,2026-05-06 22:42:03,I,02,폐업,0,,,,,기타,,,,2005-02-04 00:00:00,2001-11-17,,138-838,서울특별시 송파구 삼전동 61-14,N,,3230000-112-2001-00875,,3230000,,,03,폐업,식품자동판매기영업,02-413-8687,,,
기타,,한국체육산업개발(주),식품자동판매기영업,2006-01-27,210199.45921923,446539.279382444,2026-05-06 22:39:02,I,02,폐업,0,0,0,0,0,기타,,0,,2003-08-22 00:00:00,1993-03-02,,138-829,서울특별시 송파구 방이동 88 곰말다리 앞,N,0,3230000-112-1993-02365,,3230000,,,03,폐업,식품자동판매기영업,02-410-1189,,,
기타,,금강벤딩,식품자동판매기영업,2003-01-23,209607.590372037,447120.577229325,2026-05-06 22:41:30,I,02,폐업,0,,,,0,기타,,,,2003-09-02 00:00:00,1999-09-16,,138-878,서울특별시 송파구 풍납동 388-1,N,0,3230000-112-1999-00465,,3230000,,,03,폐업,식품자동판매기영업,02-2224-7886,,,
기타,,콘서트노래연습장,식품자동판매기영업,1998-10-13,207129.271568298,445400.766269547,2026-05-06 22:38:55,I,02,폐업,0,,,,0,기타,,,,2003-08-19 00:00:00,1992-05-26,,138-861,서울특별시 송파구 잠실동 180-2,N,0,3230000-112-1992-02065,,3230000,,,03,폐업,식품자동판매기영업,02-426-5270,,,
기타,,서진상회,식품자동판매기영업,2010-02-09,208707.089897534,446299.352775446,2026-05-06 22:39:20,I,02,폐업,0,,,,0,기타,,,,2005-07-04 00:00:00,1994-11-10,,138-934,서울특별시 송파구 신천동 7-0 장미아파트상가 G31호,N,0,3230000-112-1994-02743,,3230000,,,03,폐업,식품자동판매기영업,02-412-5163,,,
기타,,24시노래휴게실,식품자동판매기영업,1993-06-10,212838.70717441,443952.80324065,2026-05-06 22:38:59,I,02,폐업,0,,,,0,기타,,,,2003-08-20 00:00:00,1992-09-07,,138-813,서울특별시 송파구 거여동 133-12,N,0,3230000-112-1992-02218,,3230000,,,03,폐업,식품자동판매기영업,02-443-0953,,,
기타,,방방노래연습장,식품자동판매기영업,1998-03-27,209581.539386194,445894.909949726,2026-05-06 22:38:56,I,02,폐업,0,,,,0,기타,,,,2003-08-19 00:00:00,1992-06-19,,138-827,서울특별시 송파구 방이동 36-3,N,0,3230000-112-1992-02097,,3230000,,,03,폐업,식품자동판매기영업,02-425-0993,,,
,자가,카페일분송파오금점,식품자동판매기영업,,212120.595519438,444924.229877818,2026-05-06 22:43:42,I,01,영업,0,,,,,,,,,2022-09-08 12:04:58,2022-09-08,30.10,138-130,서울특별시 송파구 오금동 617 송파레미니스2단지,N,,3230000-112-2022-00022,,3230000,"서울특별시 송파구 동남로 341, 상가동 1층 105호 (오금동, 송파레미니스2단지)",05721,01,영업/정상,식품자동판매기영업,,,,
기타,,금강벤딩,식품자동판매기영업,2003-01-23,209607.590372037,447120.577229325,2026-05-06 22:41:24,I,02,폐업,0,,,,0,기타,,,,2003-09-02 00:00:00,1999-09-14,,138-878,서울특별시 송파구 풍납동 388-1,N,0,3230000-112-1999-00454,,3230000,,,03,폐업,식품자동판매기영업,02-2224-7886,,,
기타,,이은빌딩,식품자동판매기영업,2004-12-29,211255.759612505,442338.115571068,2026-05-06 22:41:37,I,02,폐업,0,,,,0,기타,,,,2003-09-03 00:00:00,1999-10-11,,138-200,서울특별시 송파구 문정동 85-0 오은빌딩앞,N,0,3230000-112-1999-00513,,3230000,,,03,폐업,식품자동판매기영업,02-400-0708,,,
기타,,무교낙지,식품자동판매기영업,2002-02-06,209716.190926673,445886.259387207,2026-05-06 22:38:38,I,02,폐업,0,,,,0,기타,,,,2003-08-12 00:00:00,1991-10-22,,138-828,서울특별시 송파구 방이동 58-6,N,0,3230000-112-1991-01465,,3230000,,,03,폐업,식품자동판매기영업,02-416-6688,,,
기타,,뺑드비,식품자동판매기영업,1994-07-18,211834.952125008,443973.7903076,2026-05-06 22:39:07,I,02,폐업,0,,,,0,기타,,,,2003-08-25 00:00:00,1994-04-08,,138-810,서울특별시 송파구 가락동 166-1,N,0,3230000-112-1994-02577,,3230000,,,03,폐업,식품자동판매기영업,02-407-4764,,,
,자가,씨유(CU) 송파고분로점,식품자동판매기영업,2015-11-16,210156.706464028,444965.143769725,2026-05-06 22:43:13,I,02,폐업,0,,,,,,,,,2015-11-06 17:09:26,2015-03-24,3.30,138-852,"서울특별시 송파구 송파동 143-6 지상1층 4,5호",N,,3230000-112-2015-00002,,3230000,"서울특별시 송파구 백제고분로46길 43, 지상1층 4,5호 (송파동)",05663,03,폐업,식품자동판매기영업,02-422-0181,,,
기타,,송파1동우체국,식품자동판매기영업,2001-08-14,209607.232340305,444888.371098733,2026-05-06 22:38:40,I,02,폐업,0,,,,0,기타,,,,2003-08-12 00:00:00,1991-11-09,,138-851,서울특별시 송파구 송파동 113-3,N,0,3230000-112-1991-01509,,3230000,,,03,폐업,식품자동판매기영업,02-422-0004,,,
,자가,이레반찬,식품자동판매기영업,2007-02-13,208311.230157303,444312.020196937,2026-05-06 22:43:02,I,02,폐업,0,0,0,0,,,0,0,,2004-11-04 00:00:00,2004-11-04,,138-841,서울특별시 송파구 삼전동 164-5,N,,3230000-112-2004-00056,0,3230000,,,03,폐업,식품자동판매기영업,02-423-7465,,,
기타,,오즈,식품자동판매기영업,2010-01-27,,,2026-05-06 22:42:36,I,02,폐업,0,,,,,기타,,,,2003-09-08 00:00:00,2002-09-03,,138-855,서울특별시 송파구 오금동 32-1,N,,3230000-112-2002-00993,,3230000,,,03,폐업,식품자동판매기영업,02-407-5170,,,
,자가,5호선올림픽공원삼선,식품자동판매기영업,2010-02-04,211986.297245596,446156.529775445,2026-05-06 22:43:04,I,02,폐업,0,0,0,0,,,0,0,,2006-09-29 00:00:00,2006-09-29,,138-829,서울특별시 송파구 방이동 89 5호선 올림픽공원역 삼선,N,,3230000-112-2006-00027,0,3230000,,,03,폐업,식품자동판매기영업,,,,
기타,,-,식품자동판매기영업,1996-12-31,208758.184068239,444910.190080826,2026-05-06 22:38:43,I,02,폐업,0,,,,0,기타,,,,2003-09-09 00:00:00,1991-12-06,,138-842,서울특별시 송파구 석촌동 24-8,N,0,3230000-112-1991-01605,,3230000,,,03,폐업,식품자동판매기영업,02-679-4762,,,
기타,,서울초이스병원,식품자동판매기영업,2009-11-24,210641.609053069,447960.007314417,2026-05-06 22:41:15,I,02,폐업,0,,,,0,기타,,,,2007-07-13 00:00:00,1999-09-07,,138-873,서울특별시 송파구 풍납동 496-5,N,0,3230000-112-1999-00425,,3230000,,,03,폐업,식품자동판매기영업,02-473-0620,,,
기타,,기아산업,식품자동판매기영업,1998-10-16,210775.40873161,442737.997546208,2026-05-06 22:38:33,I,02,폐업,0,,,,0,기타,,,,2003-08-08 00:00:00,1991-06-11,,138-826,서울특별시 송파구 문정동 55-3 기아산업,N,0,3230000-112-1991-01215,,3230000,,,03,폐업,식품자동판매기영업,,,,
,,통감자탕,식품자동판매기영업,2007-01-25,210754.551270188,448306.430196107,2026-05-06 22:43:02,I,02,폐업,0,,,,,,,,,2005-06-16 00:00:00,2005-06-16,,138-873,서울특별시 송파구 풍납동 474-4 1층,N,,3230000-112-2005-00018,,3230000,,,03,폐업,식품자동판매기영업,,,,
기타,,하트앤하트,식품자동판매기영업,2001-01-18,210167.681538334,444578.380502317,2026-05-06 22:41:11,I,02,폐업,0,,,,0,기타,,,,2003-09-02 00:00:00,1999-08-10,,138-854,서울특별시 송파구 송파동 100-1,N,0,3230000-112-1999-00390,,3230000,,,03,폐업,식품자동판매기영업,02-420-5650,,,
기타,,금성벤딩,식품자동판매기영업,1995-11-13,207204.149903202,445472.81494918,2026-05-06 22:38:45,I,02,폐업,0,,,,0,기타,,,,2003-08-13 00:00:00,1991-12-24,,138-861,서울특별시 송파구 잠실동 181-6 서일빌딩 1충,N,0,3230000-112-1991-01676,,3230000,,,03,폐업,식품자동판매기영업,02-562-1191,,,
기타,,풍년쌀상회,식품자동판매기영업,2005-12-28,207600.101310271,444857.900999886,2026-05-06 22:38:46,I,02,폐업,0,,,,0,기타,,,,2003-08-14 00:00:00,1991-12-27,,138-864,서울특별시 송파구 잠실동 236-16,N,0,3230000-112-1991-01741,,3230000,,,03,폐업,식품자동판매기영업,02-422-3308,,,
기타,,충현독서실,식품자동판매기영업,1998-02-27,209721.402511639,445703.650593506,2026-05-06 22:38:58,I,02,폐업,0,,,,0,기타,,,,2003-08-20 00:00:00,1992-08-13,,138-829,서울특별시 송파구 방이동 98-4 2층,N,0,3230000-112-1992-02172,,3230000,,,03,폐업,식품자동판매기영업,02-421-0837,,,
,자가,석촌슈퍼,식품자동판매기영업,2006-10-19,209841.500909708,445398.100410866,2026-05-06 22:43:00,I,02,폐업,0,0,0,0,,,0,0,,2004-07-16 00:00:00,2004-07-16,,138-830,서울특별시 송파구 방이동 108-16,N,,3230000-112-2004-00031,0,3230000,,,03,폐업,식품자동판매기영업,02-418-6891,,,
기타,,한빛은행신천동지점,식품자동판매기영업,2001-06-26,209087.122362019,446139.152554604,2026-05-06 22:39:00,I,02,폐업,0,,,,0,기타,,,,2003-08-21 00:00:00,1993-02-06,,138-934,서울특별시 송파구 신천동 11-4,N,0,3230000-112-1993-02282,,3230000,,,03,폐업,식품자동판매기영업,02-413-1485,,,
기타,,혜성슈퍼,식품자동판매기영업,2012-12-27,211060.895230477,443441.710614541,2026-05-06 22:39:42,I,02,폐업,0,,,,0,기타,,,,2003-09-01 00:00:00,1998-05-23,,138-807,서울특별시 송파구 가락동 127-20 혜성슈퍼,N,0,3230000-112-1998-00008,,3230000,,,03,폐업,식품자동판매기영업,02-406-5020,,,
기타,,(주)선호유통,식품자동판매기영업,1993-05-18,209790.959909032,443481.212174317,2026-05-06 22:38:23,I,02,폐업,0,,,,0,기타,,,,2003-08-08 00:00:00,1985-06-22,,138-881,서울특별시 송파구 가락동 600-0,N,0,3230000-112-1985-01304,,3230000,,,03,폐업,식품자동판매기영업,02-407-9733,,,
주택가주변,,서문주유소,식품자동판매기영업,2010-01-27,210898.806666333,443665.880577398,2026-05-06 22:40:10,I,02,폐업,0,,,,0,우수,,,,2003-09-01 00:00:00,1999-04-22,,138-807,서울특별시 송파구 가락동 123-4,N,0,3230000-112-1999-00090,,3230000,,,03,폐업,식품자동판매기영업,02-403-5189,,,
,,삼전세탁소,식품자동판매기영업,2008-04-28,208059.618646941,444802.765634914,2026-05-06 22:42:51,I,02,폐업,0,,,,,,,,,2004-11-16 00:00:00,2003-03-07,,138-837,서울특별시 송파구 삼전동 26-21,N,,3230000-112-2003-00129,,3230000,,,03,폐업,식품자동판매기영업,02-416-1625,,,
기타,,-,식품자동판매기영업,1996-09-17,207093.34949759,445365.125589397,2026-05-06 22:38:59,I,02,폐업,0,,,,0,기타,,,,2003-09-09 00:00:00,1992-10-12,,138-862,서울특별시 송파구 잠실동 192-12,N,0,3230000-112-1992-02239,,3230000,,,03,폐업,식품자동판매기영업,02-424-1232,,,
기타,,현대중개인영업소,식품자동판매기영업,2011-02-08,209535.273036377,444703.14104704,2026-05-06 22:39:03,I,02,폐업,0,,,,0,기타,,,,2003-08-22 00:00:00,1994-03-12,,138-850,서울특별시 송파구 송파동 87-18,N,0,3230000-112-1994-02452,,3230000,,,03,폐업,식품자동판매기영업,02-417-9061,,,
기타,,오복상회,식품자동판매기영업,2003-08-14,,,2026-05-06 22:38:36,I,02,폐업,0,,,,0,기타,,,,2003-08-11 00:00:00,1991-08-24,,138-855,서울특별시 송파구 오금동 1-11,N,0,3230000-112-1991-01394,,3230000,,,03,폐업,식품자동판매기영업,02-400-6382,,,
기타,,쌍용,식품자동판매기영업,2008-09-26,210112.318379432,443221.728318359,2026-05-06 22:38:34,I,02,폐업,0,,,,0,기타,,,,2003-08-11 00:00:00,1991-08-09,,138-885,서울특별시 송파구 문정동 150-4 쌍용증권옆,N,0,3230000-112-1991-01362,,3230000,,,03,폐업,식품자동판매기영업,02-443-0643,,,
기타,,스피드PC방,식품자동판매기영업,2009-12-31,208474.024688387,444331.739657129,2026-05-06 22:42:02,I,02,폐업,0,,,,,기타,,,,2003-09-05 00:00:00,2001-09-21,,138-841,서울특별시 송파구 삼전동 181-8,N,,3230000-112-2001-00846,,3230000,,,03,폐업,식품자동판매기영업,02-417-1458,,,
기타,,동부자판기,식품자동판매기영업,2006-09-11,208354.407538621,444390.012452662,2026-05-06 22:41:54,I,02,폐업,0,,,,,기타,,,,2003-01-14 00:00:00,2001-05-07,,138-841,서울특별시 송파구 삼전동 179-5,N,,3230000-112-2001-00717,,3230000,,,03,폐업,식품자동판매기영업,02-414-1174,,,
기타,,현대문구사,식품자동판매기영업,2008-02-18,211256.110885936,445046.983533858,2026-05-06 22:38:46,I,02,폐업,0,,,,0,기타,,,,2003-08-14 00:00:00,1991-12-27,,138-856,서울특별시 송파구 오금동 42-0,N,0,3230000-112-1991-01732,,3230000,,,03,폐업,식품자동판매기영업,02-403-7421,,,
기타,,삼창상사,식품자동판매기영업,1998-09-04,211064.157886316,442583.368967546,2026-05-06 22:39:06,I,02,폐업,0,,,,0,기타,,,,2003-08-25 00:00:00,1994-04-07,,138-826,서울특별시 송파구 문정동 63-8,N,0,3230000-112-1994-02542,,3230000,,,03,폐업,식품자동판매기영업,02-404-3589,,,
,자가,만나농산,식품자동판매기영업,2004-08-04,209915.167989679,445188.020919449,2026-05-06 22:42:51,I,02,폐업,0,0,0,0,,,0,0,,2003-03-13 00:00:00,2003-03-13,,138-852,서울특별시 송파구 송파동 137-9,N,,3230000-112-2003-00137,0,3230000,,,03,폐업,식품자동판매기영업,02-2203-0875,,,
기타,,(주)보광,식품자동판매기영업,1996-05-25,210481.077142289,443448.892122874,2026-05-06 22:39:09,I,02,폐업,0,,,,0,기타,,,,2003-08-26 00:00:00,1994-04-20,,138-805,서울특별시 송파구 가락동 99-5 9층,N,0,3230000-112-1994-02654,,3230000,,,03,폐업,식품자동판매기영업,02-595-3691,,,
기타,,학생나라,식품자동판매기영업,2006-02-27,210579.623036662,444124.386017412,2026-05-06 22:39:03,I,02,폐업,0,,,,0,기타,,,,2003-08-22 00:00:00,1993-03-12,,138-801,서울특별시 송파구 가락동 47-2,N,0,3230000-112-1993-02402,,3230000,,,03,폐업,식품자동판매기영업,02-402-4035,,,
,자가,석쇠와돌쇠,식품자동판매기영업,2006-06-29,209327.382313051,444600.654831303,2026-05-06 22:43:01,I,02,폐업,0,0,0,0,,,0,0,,2004-09-22 00:00:00,2004-09-22,,138-847,서울특별시 송파구 석촌동 283-3,N,,3230000-112-2004-00043,0,3230000,,,03,폐업,식품자동판매기영업,02-423-0406,,,
,자가,GS25 향군타워점,식품자동판매기영업,,208883.088818201,446048.260013091,2026-05-06 22:43:21,I,01,영업,0,,,,,,,,,2016-09-29 11:28:58,2016-09-29,3.30,138-934,서울특별시 송파구 신천동 7-29,N,,3230000-112-2016-00024,,3230000,"서울특별시 송파구 올림픽로35길 123, 지하1층 (신천동)",05510,01,영업/정상,식품자동판매기영업,,,,
기타,,정슈퍼,식품자동판매기영업,2000-12-21,211800.995797771,444782.681254914,2026-05-06 22:39:03,I,02,폐업,0,,,,0,기타,,,,2003-08-22 00:00:00,1993-10-12,,138-858,서울특별시 송파구 오금동 79-9,N,0,3230000-112-1993-02441,,3230000,,,03,폐업,식품자동판매기영업,02-443-5526,,,
기타,,원스탑체인본부,식품자동판매기영업,2003-12-31,207300.028556978,445429.459850149,2026-05-06 22:38:57,I,02,폐업,0,,,,0,기타,,,,2003-08-19 00:00:00,1992-08-04,,138-861,서울특별시 송파구 잠실동 183-1 고려빌딩 1층,N,0,3230000-112-1992-02148,,3230000,,,03,폐업,식품자동판매기영업,,,,
기타,,한국체육산업개발(주),식품자동판매기영업,2006-01-27,210199.45921923,446539.279382444,2026-05-06 22:39:27,I,02,폐업,0,0,0,0,0,기타,,0,,2003-08-22 00:00:00,1996-03-02,,138-829,서울특별시 송파구 방이동 88 경륜경기장 앞,N,0,3230000-112-1996-02361,,3230000,,,03,폐업,식품자동판매기영업,02-410-1189,,,
주택가주변,,나눔카쎈타,식품자동판매기영업,2004-04-19,210103.207451767,445798.035994326,2026-05-06 22:40:13,I,02,폐업,0,,,,0,우수,,,,2003-09-01 00:00:00,1999-04-30,,138-832,서울특별시 송파구 방이동 149-12,N,0,3230000-112-1999-00136,,3230000,,,03,폐업,식품자동판매기영업,02-425-5688,,,
기타,,금성벤딩(주),식품자동판매기영업,1995-11-13,206684.903140953,445341.243103585,2026-05-06 22:38:26,I,02,폐업,0,,,,0,지도,,,,2003-08-05 00:00:00,1988-11-04,,138-892,서울특별시 송파구 잠실동 84-0 송파구청 별관,N,1,3230000-112-1988-01070,,3230000,,,03,폐업,식품자동판매기영업,,,,
기타,,-,식품자동판매기영업,1997-07-09,211797.670699239,444929.052913154,2026-05-06 22:39:03,I,02,폐업,0,,,,0,기타,,,,2003-09-09 00:00:00,1994-03-12,,138-858,서울특별시 송파구 오금동 88-0,N,0,3230000-112-1994-02444,,3230000,,,03,폐업,식품자동판매기영업,02-0000-0000,,,
기타,,한국체육산업개발(주),식품자동판매기영업,2006-01-27,210199.45921923,446539.279382444,2026-05-06 22:39:02,I,02,폐업,0,0,0,0,0,기타,,0,,2003-08-22 00:00:00,1993-03-02,,138-829,서울특별시 송파구 방이동 88-0 안내센터 앞,N,0,3230000-112-1993-02363,,3230000,,,03,폐업,식품자동판매기영업,02-410-1189,,,
기타,,-,식품자동판매기영업,1996-02-15,211259.909777857,443711.702922024,2026-05-06 22:38:48,I,02,폐업,0,,,,0,기타,,,,2003-09-09 00:00:00,1992-01-03,,138-808,서울특별시 송파구 가락동 140-0 3층,N,0,3230000-112-1992-01810,,3230000,,,03,폐업,식품자동판매기영업,,,,
,자가,이마트24 위례중앙점,식품자동판매기영업,2019-05-14,212563.050500552,441406.981434166,2026-05-06 22:43:22,I,02,폐업,0,,,,,,,,,2019-05-14 15:54:15,2017-04-04,.66,138-926,서울특별시 송파구 장지동 896,N,,3230000-112-2017-00013,,3230000,"서울특별시 송파구 위례광장로 290, 1층 130호 (장지동, 위례중앙푸르지오 2단지 내 상가)",05852,03,폐업,식품자동판매기영업,,,,
,,서광슈퍼,식품자동판매기영업,2007-09-18,210665.132695255,445030.340120888,2026-05-06 22:42:44,I,02,폐업,0,,,,,,,,,2003-01-15 00:00:00,2003-01-15,,138-836,서울특별시 송파구 방이동 223-0,N,,3230000-112-2003-00042,,3230000,,,03,폐업,식품자동판매기영업,02-418-5623,,,
기타,,미성문구사,식품자동판매기영업,2001-05-17,,,2026-05-06 22:41:05,I,02,폐업,0,,,,0,기타,,,,2003-09-02 00:00:00,1999-06-23,,138-873,서울특별시 송파구 풍납동 202-30,N,0,3230000-112-1999-00322,,3230000,,,03,폐업,식품자동판매기영업,02-474-3077,,,
기타,,한양슈퍼,식품자동판매기영업,2004-11-17,,,2026-05-06 22:38:50,I,02,폐업,0,,,,0,기타,,,,2003-08-18 00:00:00,1992-01-20,,138-824,서울특별시 송파구 문정동 19-5,N,0,3230000-112-1992-01885,,3230000,,,03,폐업,식품자동판매기영업,02-408-9091,,,
,,미륭슈퍼,식품자동판매기영업,2007-05-08,211211.949571368,443454.008525211,2026-05-06 22:42:54,I,02,폐업,0,,,,,,,,,2003-06-04 00:00:00,2003-06-04,,138-807,서울특별시 송파구 가락동 135-24,N,,3230000-112-2003-00197,,3230000,,,03,폐업,식품자동판매기영업,02-403-2466,,,
기타,,금강벤딩,식품자동판매기영업,2003-01-23,209607.590372037,447120.577229325,2026-05-06 22:41:30,I,02,폐업,0,,,,0,기타,,,,2003-09-02 00:00:00,1999-09-16,,138-878,서울특별시 송파구 풍납동 388-1,N,0,3230000-112-1999-00475,,3230000,,,03,폐업,식품자동판매기영업,02-2224-7886,,,
기타,,-,식품자동판매기영업,2001-03-31,210445.997244477,445294.721112461,2026-05-06 22:38:37,I,02,폐업,0,,,,0,기타,,,,2003-09-09 00:00:00,1991-09-10,,138-831,서울특별시 송파구 방이동 134-6,N,0,3230000-112-1991-01434,,3230000,,,03,폐업,식품자동판매기영업,02-413-3778,,,
기타,,올림픽공원역,식품자동판매기영업,2000-12-16,211986.297245596,446156.529775445,2026-05-06 22:39:28,I,02,폐업,0,,,,0,기타,,,,2003-08-29 00:00:00,1996-04-27,,138-829,서울특별시 송파구 방이동 89-0 올림픽공원,N,0,3230000-112-1996-02815,,3230000,,,03,폐업,식품자동판매기영업,02-451-7433,,,
기타,,올림픽상가,식품자동판매기영업,1993-09-20,211619.368009793,445963.384875409,2026-05-06 22:38:58,I,02,폐업,0,,,,0,기타,,,,2003-08-20 00:00:00,1992-08-20,,138-829,서울특별시 송파구 방이동 89-11,N,0,3230000-112-1992-02192,,3230000,,,03,폐업,식품자동판매기영업,02-577-1900,,,
기타,,국민은행가락동지점,식품자동판매기영업,2000-10-17,210045.748264305,442930.687284628,2026-05-06 22:38:30,I,02,폐업,0,,,,0,지도,,,,2003-08-07 00:00:00,1989-10-30,,138-885,서울특별시 송파구 문정동 150 국민은행 가락동지점,N,0,3230000-112-1989-01144,,3230000,,,03,폐업,식품자동판매기영업,,,,
기타,,럭키복권샵,식품자동판매기영업,2009-01-21,212975.518704035,444110.661786942,2026-05-06 22:39:36,I,02,폐업,0,,,,0,기타,,,,2005-12-08 00:00:00,1997-04-01,,138-818,서울특별시 송파구 마천동 42-2,N,0,3230000-112-1997-02850,,3230000,,,03,폐업,식품자동판매기영업,02-0000-0000,,,
기타,,백야뮤직하우스,식품자동판매기영업,1997-04-01,207086.661959556,445389.837365999,2026-05-06 22:38:54,I,02,폐업,0,,,,0,기타,,,,2003-08-19 00:00:00,1992-05-08,,138-861,서울특별시 송파구 잠실동 179-3,N,0,3230000-112-1992-02048,,3230000,,,03,폐업,식품자동판매기영업,02-414-6410,,,
기타,,멕시칸치킨,식품자동판매기영업,1995-01-18,,,2026-05-06 22:39:05,I,02,폐업,0,,,,0,기타,,,,2003-08-25 00:00:00,1994-04-02,,138-826,서울특별시 송파구 문정동 68-11,N,0,3230000-112-1994-02512,,3230000,,,03,폐업,식품자동판매기영업,02-401-3365,,,
주택가주변,,우촌갈비,식품자동판매기영업,2005-04-12,,,2026-05-06 22:40:31,I,02,폐업,0,,,,0,우수,,,,2003-09-02 00:00:00,1999-05-04,,138-816,서울특별시 송파구 거여동 349-16,N,0,3230000-112-1999-00168,,3230000,,,03,폐업,식품자동판매기영업,02-406-1333,,,
기타,,코리아헬스,식품자동판매기영업,1997-10-01,211249.190302708,443098.142260961,2026-05-06 22:39:07,I,02,폐업,0,,,,0,기타,,,,2003-08-25 00:00:00,1994-04-08,,138-824,서울특별시 송파구 문정동 9-8,N,0,3230000-112-1994-02585,,3230000,,,03,폐업,식품자동판매기영업,02-408-6750,,,
기타,,세모유람선누에나루,식품자동판매기영업,1995-02-02,207125.178244289,445763.360184076,2026-05-06 22:38:54,I,02,폐업,0,,,,0,기타,,,,2003-08-19 00:00:00,1992-04-29,,138-908,서울특별시 송파구 잠실동 19-0,N,0,3230000-112-1992-02044,,3230000,,,03,폐업,식품자동판매기영업,02-416-8611,,,
기타,,-,식품자동판매기영업,1997-01-28,210258.661991322,445358.42487059,2026-05-06 22:38:54,I,02,폐업,0,,,,0,기타,,,,2003-09-09 00:00:00,1992-03-05,,138-830,서울특별시 송파구 방이동 122-0,N,0,3230000-112-1992-02012,,3230000,,,03,폐업,식품자동판매기영업,02-414-0645,,,
,자가,문정크리닉빌딩,식품자동판매기영업,2010-09-29,211089.109299104,443226.264465974,2026-05-06 22:43:05,I,02,폐업,0,,,,,,,,,2007-10-12 10:33:33,2007-10-12,.00,138-824,서울특별시 송파구 문정동 4-5,N,,3230000-112-2007-00019,,3230000,,,03,폐업,식품자동판매기영업,02-407-7677,,,
,,GS25  석촌스카이점,식품자동판매기영업,2023-07-21,208645.765095988,444684.520524453,2026-05-06 22:43:11,I,02,폐업,0,,,,,,,,,2023-07-21 14:42:32,2011-01-28,,138-842,서울특별시 송파구 석촌동 7-3 지상1층,N,,3230000-112-2011-00001,,3230000,"서울특별시 송파구 삼학사로18길 12 (석촌동,지상1층)",05613,03,폐업,식품자동판매기영업,02-412-3294,,,
,,사우공제회올림픽본부,식품자동판매기영업,2006-01-27,210199.45921923,446539.279382444,2026-05-06 22:42:52,I,02,폐업,0,,,,,,,,,2004-03-30 00:00:00,2003-04-08,,138-829,서울특별시 송파구 방이동 88-0 (3대),N,,3230000-112-2003-00157,,3230000,,,03,폐업,식품자동판매기영업,02-410-1592,,,
기타,,동협실업(주),식품자동판매기영업,1993-06-19,210849.897330572,443789.337035202,2026-05-06 22:38:38,I,02,폐업,0,,,,0,기타,,,,2003-08-12 00:00:00,1991-10-25,,138-802,서울특별시 송파구 가락동 58-0 6층,N,0,3230000-112-1991-01488,,3230000,,,03,폐업,식품자동판매기영업,02-429-3244,,,
,자가,5호선 올림픽공원(상)역내,식품자동판매기영업,2013-07-20,211986.297245596,446156.529775445,2026-05-06 22:43:10,I,02,폐업,0,,,,,,,,,2022-12-26 14:20:35,2010-07-08,.00,138-829,서울특별시 송파구 방이동 89 5호선 올림픽공원(상)역내,N,,3230000-112-2010-00028,,3230000,"서울특별시 송파구 양재대로 1218 (방이동,5호선 올림픽공원(상)역내)",05649,03,폐업,식품자동판매기영업,02-6311-5551,,,
기타,,보원,식품자동판매기영업,2000-01-20,,,2026-05-06 22:39:00,I,02,폐업,0,,,,0,기타,,,,2003-08-21 00:00:00,1993-02-08,,138-240,서울특별시 송파구 신천동 0-0 장미상가B-114,N,0,3230000-112-1993-02302,,3230000,,,03,폐업,식품자동판매기영업,02-235-8422,,,
기타,,금성벤딩,식품자동판매기영업,1995-11-13,207181.58,445473.864999999,2026-05-06 22:38:45,I,02,폐업,0,,,,0,기타,,,,2003-08-13 00:00:00,1991-12-24,,138-861,서울특별시 송파구 잠실동 181-5 서일빌딩 10층,N,0,3230000-112-1991-01677,,3230000,,,03,폐업,식품자동판매기영업,02-562-1191,,,
기타,,63베이커리,식품자동판매기영업,2000-07-18,211557.615,443661.07,2026-05-06 22:41:45,I,02,폐업,0,,,,0,기타,,,,2003-09-03 00:00:00,1999-10-25,,138-812,서울특별시 송파구 가락동 193-0,N,0,3230000-112-1999-00572,,3230000,,,03,폐업,식품자동판매기영업,02-402-3363,,,
아파트지역,,신일상사,식품자동판매기영업,2007-11-08,208167.859971312,444786.343304198,2026-05-06 22:40:10,I,02,폐업,0,,,,0,우수,,,,2006-01-04 00:00:00,1999-04-15,,138-839,서울특별시 송파구 삼전동 94-3,N,0,3230000-112-1999-00075,,3230000,,,03,폐업,식품자동판매기영업,02-416-2784,,,
기타,,-,식품자동판매기영업,1997-01-25,,,2026-05-06 22:38:54,I,02,폐업,0,,,,0,기타,,,,2003-09-09 00:00:00,1992-04-17,,138-220,서울특별시 송파구 잠실동 산 184-11,N,0,3230000-112-1992-02034,,3230000,,,03,폐업,식품자동판매기영업,,,,
기타,,잠실복집,식품자동판매기영업,2001-02-01,207053.103832541,445094.181640544,2026-05-06 22:40:50,I,02,폐업,0,,,,0,기타,,,,2003-09-02 00:00:00,1999-05-15,,138-863,서울특별시 송파구 잠실동 221-11,N,0,3230000-112-1999-00236,,3230000,,,03,폐업,식품자동판매기영업,02-2202-7079,,,
기타,,상업은행전산부,식품자동판매기영업,2002-06-04,209087.122362019,446139.152554604,2026-05-06 22:39:00,I,02,폐업,0,,,,0,기타,,,,2003-08-21 00:00:00,1993-02-08,,138-934,서울특별시 송파구 신천동 11-4,N,0,3230000-112-1993-02292,,3230000,,,03,폐업,식품자동판매기영업,,,,
기타,,서울학생체육관직원상조회,식품자동판매기영업,1998-05-06,206597.102072932,445547.19071847,2026-05-06 22:38:53,I,02,폐업,0,,,,0,기타,,,,2003-08-18 00:00:00,1992-02-29,,138-889,서울특별시 송파구 잠실동 10-3,N,0,3230000-112-1992-02006,,3230000,,,03,폐업,식품자동판매기영업,02-422-2285,,,
,자가,GS25 현대시티몰 가든5점,식품자동판매기영업,2018-07-19,210986.460698452,441725.293491662,2026-05-06 22:43:34,I,02,폐업,0,,,,,,,,,2018-07-19 10:32:58,2018-02-14,2.00,138-960,서울특별시 송파구 문정동 634 가든파이브라이프,N,,3230000-112-2018-00003,,3230000,"서울특별시 송파구 충민로 66, 가든파이브라이프 리빙관 1층 (문정동)",05838,03,폐업,식품자동판매기영업,,,,
기타,,데코방,식품자동판매기영업,1997-01-29,212918.130637719,443984.290843588,2026-05-06 22:38:57,I,02,폐업,0,,,,0,기타,,,,2003-08-19 00:00:00,1992-07-25,,138-818,서울특별시 송파구 마천동 113-8,N,0,3230000-112-1992-02144,,3230000,,,03,폐업,식품자동판매기영업,02-403-2378,,,
기타,,글이야기,식품자동판매기영업,2003-01-17,213670.182852289,443545.335634301,2026-05-06 22:42:00,I,02,폐업,0,,,,,기타,,,,2003-09-05 00:00:00,2001-09-11,,138-820,서울특별시 송파구 마천동 287-1,N,,3230000-112-2001-00825,,3230000,,,03,폐업,식품자동판매기영업,02-431-1735,,,
기타,,"보성중,고등학교",식품자동판매기영업,1997-04-04,211827.81134556,446400.440557001,2026-05-06 22:38:31,I,02,폐업,0,,,,0,지도,,,,2003-08-07 00:00:00,1989-11-28,,138-829,"서울특별시 송파구 방이동 89-22 보성중,고등학교 1층 강당입구",N,0,3230000-112-1989-01170,,3230000,,,03,폐업,식품자동판매기영업,02-568-9739,,,
,자가,CU 편의점,식품자동판매기영업,,212732.224573984,443096.786433541,2026-05-06 22:43:29,I,01,영업,0,,,,,,,,,2017-09-05 09:38:16,2017-09-05,3.30,138-110,서울특별시 송파구 거여동 290-3,N,,3230000-112-2017-00048,,3230000,"서울특별시 송파구 양산로4길 13, 1층 (거여동, 편의점 내)",05779,01,영업/정상,식품자동판매기영업,,,,
기타,,한진부동산,식품자동판매기영업,2010-09-30,213712.684087817,443537.073079802,2026-05-06 22:38:37,I,02,폐업,0,,,,0,기타,,,,2003-08-11 00:00:00,1991-09-07,,138-820,서울특별시 송파구 마천동 286-11,N,0,3230000-112-1991-01427,,3230000,,,03,폐업,식품자동판매기영업,02-448-8927,,,
,자가,잠실역8호선내,식품자동판매기영업,2010-01-27,209074.900840074,445657.80932984,2026-05-06 22:43:00,I,02,폐업,0,0,0,0,,,0,0,,2004-07-06 00:00:00,2004-06-30,,138-934,서울특별시 송파구 신천동 29-0 (잠실역8호선내 지하3층),N,,3230000-112-2004-00029,0,3230000,,,03,폐업,식품자동판매기영업,02-412-0483,,,
기타,,서울중앙병원,식품자동판매기영업,2005-11-28,209607.590372037,447120.577229325,2026-05-06 22:38:45,I,02,폐업,0,,,,0,기타,,,,2003-08-13 00:00:00,1991-12-26,,138-736,서울특별시 송파구 풍납동 388-1 서울아산병원 8층,N,0,3230000-112-1991-01693,,3230000,,,03,폐업,식품자동판매기영업,02-480-3114,,,
기타,,훼밀리상가B동,식품자동판매기영업,2005-03-16,210045.748264305,442930.687284628,2026-05-06 22:38:29,I,02,폐업,0,,,,0,기타,,,,2003-08-07 00:00:00,1989-10-16,,138-885,서울특별시 송파구 문정동 150-0 (훼밀리상가B동),N,0,3230000-112-1989-01137,,3230000,,,03,폐업,식품자동판매기영업,02-3401-5770,,,
기타,,-,식품자동판매기영업,2012-07-10,211618.842468751,444430.324517026,2026-05-06 22:39:26,I,02,폐업,0,,,,0,기타,,,,2003-09-09 00:00:00,1995-08-21,,138-857,서울특별시 송파구 오금동 51-0,N,0,3230000-112-1995-02802,,3230000,,,03,폐업,식품자동판매기영업,02-426-4587,,,
,,유성복권,식품자동판매기영업,2007-04-11,210957.926673899,444393.472240381,2026-05-06 22:43:03,I,02,폐업,0,0,0,0,,,,0,,2006-02-10 00:00:00,2006-02-10,,138-800,서울특별시 송파구 가락동 18-15,N,,3230000-112-2006-00005,,3230000,,,03,폐업,식품자동판매기영업,02-403-0646,,,
주택가주변,,비디오코리아,식품자동판매기영업,2002-09-12,207356.830507412,444591.058280885,2026-05-06 22:40:47,I,02,폐업,0,,,,0,우수,,,,2003-09-02 00:00:00,1999-05-12,,138-867,서울특별시 송파구 잠실동 321-14,N,0,3230000-112-1999-00225,,3230000,,,03,폐업,식품자동판매기영업,02-422-0563,,,
기타,,넷피플PC방,식품자동판매기영업,2005-06-13,212951.578621413,443908.198316241,2026-05-06 22:42:02,I,02,폐업,0,0,0,0,,기타,,0,,2004-10-15 00:00:00,2001-09-29,,138-814,서울특별시 송파구 거여동 183-5 (광심빌딩4층),N,,3230000-112-2001-00859,,3230000,,,03,폐업,식품자동판매기영업,02-714-0298,,,
,자가,훼미리마트,식품자동판매기영업,2005-12-28,210750.522195359,444078.437227903,2026-05-06 22:42:54,I,02,폐업,0,0,0,0,,,0,0,,2003-06-02 00:00:00,2003-06-02,,138-802,서울특별시 송파구 가락동 50-6,N,,3230000-112-2003-00190,0,3230000,,,03,폐업,식품자동판매기영업,02-448-0359,,,
기타,,대경합판상사,식품자동판매기영업,1997-07-31,211215.81105012,441474.303929299,2026-05-06 22:38:40,I,02,폐업,0,,,,0,기타,,,,2003-08-12 00:00:00,1991-11-13,,138-871,서울특별시 송파구 장지동 645-13,N,0,3230000-112-1991-01522,,3230000,,,03,폐업,식품자동판매기영업,02-409-2211,,,
기타,,올림픽파크텔,식품자동판매기영업,1996-12-03,210199.45921923,446539.279382444,2026-05-06 22:39:00,I,02,폐업,0,,,,0,기타,,,,2003-08-21 00:00:00,1993-02-06,,138-829,서울특별시 송파구 방이동 88 1층,N,0,3230000-112-1993-02271,,3230000,,,03,폐업,식품자동판매기영업,02-562-4760,,,
기타,,-,식품자동판매기영업,1997-01-23,207554.720928562,444580.158228698,2026-05-06 22:38:45,I,02,폐업,0,,,,0,기타,,,,2003-09-09 00:00:00,1991-12-24,,138-867,서울특별시 송파구 잠실동 339-2,N,0,3230000-112-1991-01680,,3230000,,,03,폐업,식품자동판매기영업,02-422-1618,,,
기타,,성우사,식품자동판매기영업,2004-03-25,209655.019486327,445703.225013799,2026-05-06 22:41:57,I,02,폐업,0,0,0,0,,기타,,0,,2003-09-04 00:00:00,2001-08-28,,138-829,서울특별시 송파구 방이동 70-0 (유성B/D 108),N,,3230000-112-2001-00776,,3230000,,,03,폐업,식품자동판매기영업,02-413-8936,,,
기타,,커피자동판매,식품자동판매기영업,1997-01-28,,,2026-05-06 22:38:08,I,02,폐업,0,,,,1,지도,,,,2003-08-05 00:00:00,1983-03-25,,138-200,서울특별시 송파구 문정동 00 문정상가 1층 115호,N,1,3230000-112-1983-01025,,3230000,,,03,폐업,식품자동판매기영업,,,,
,자가,씨유 가락혜민점,식품자동판매기영업,2026-01-30,210720.810162977,443484.220212259,2026-05-06 22:43:44,I,02,폐업,0,,,,,,,,,2026-01-30 10:11:51,2024-01-11,3.30,138-806,서울특별시 송파구 가락동 111,N,,3230000-112-2024-00001,,3230000,"서울특별시 송파구 중대로10길 5, 1층 (가락동)",05829,03,폐업,식품자동판매기영업,,,,
기타,,반도상가,식품자동판매기영업,2009-12-15,,,2026-05-06 22:39:37,I,02,폐업,0,,,,0,기타,,,,2003-08-29 00:00:00,1997-05-19,,138-853,서울특별시 송파구 송파동 167 반도상가,N,0,3230000-112-1997-02868,,3230000,,,03,폐업,식품자동판매기영업,02-414-1262,,,
주택가주변,,미원상회,식품자동판매기영업,2005-12-28,211243.244115954,444557.206021991,2026-05-06 22:40:08,I,02,폐업,0,,,,0,우수,,,,2003-09-01 00:00:00,1999-04-09,,138-857,서울특별시 송파구 오금동 50-2,N,0,3230000-112-1999-00063,,3230000,,,03,폐업,식품자동판매기영업,02-449-0534,,,
기타,,우행실업(주),식품자동판매기영업,2005-07-04,210183.993621693,445753.027732715,2026-05-06 22:38:10,I,02,폐업,0,,,,1,지도,,,,2003-08-05 00:00:00,1983-03-17,,138-832,서울특별시 송파구 방이동 154,N,1,3230000-112-1983-01033,,3230000,,,03,폐업,식품자동판매기영업,,,,
,,송파구다문화가족지원센터,식품자동판매기영업,2020-11-30,213070.166253022,443869.19021877,2026-05-06 22:43:12,I,02,폐업,0,,,,,,,,,2020-11-30 10:58:40,2013-07-12,3.30,138-819,서울특별시 송파구 마천동 127-1 지상1층,N,,3230000-112-2013-00008,,3230000,"서울특별시 송파구 마천로41길 12, 지상1층 (마천동)",05756,03,폐업,식품자동판매기영업,02-403-3844,,,
,자가,(주)에이블모터스,식품자동판매기영업,2006-05-30,211491.252808136,444941.427799756,2026-05-06 22:42:53,I,02,폐업,0,0,0,0,,,0,0,,2003-04-17 00:00:00,2003-04-10,,138-855,서울특별시 송파구 오금동 25-3,N,,3230000-112-2003-00161,0,3230000,,,03,폐업,식품자동판매기영업,02-408-2172,,,
기타,,송파전화국구내매점,식품자동판매기영업,2010-12-15,209337.104501753,445744.864426145,2026-05-06 22:38:10,I,02,폐업,0,,,,1,지도,,,,2003-08-14 00:00:00,1984-04-02,,138-934,서울특별시 송파구 신천동 29-1,N,1,3230000-112-1984-01034,,3230000,,,03,폐업,식품자동판매기영업,02-420-1499,,,
기타,,돼지상회,식품자동판매기영업,2010-01-14,208652.55489604,444159.068769109,2026-05-06 22:39:07,I,02,폐업,0,,,,0,기타,,,,2003-08-26 00:00:00,1994-04-09,,138-845,서울특별시 송파구 석촌동 219-18,N,0,3230000-112-1994-02610,,3230000,,,03,폐업,식품자동판매기영업,02-420-1366,,,
기타,,홍서방네,식품자동판매기영업,1994-04-21,210694.982468878,443493.668117159,2026-05-06 22:38:42,I,02,폐업,0,,,,0,기타,,,,2003-08-13 00:00:00,1991-12-06,,138-806,서울특별시 송파구 가락동 112-10,N,0,3230000-112-1991-01597,,3230000,,,03,폐업,식품자동판매기영업,02-424-4173,,,
기타,,세화오피스텔지하1층106,식품자동판매기영업,2005-12-28,210562.900849903,443555.864703206,2026-05-06 22:38:54,I,02,폐업,0,,,,0,기타,,,,2003-08-19 00:00:00,1992-05-09,,138-803,서울특별시 송파구 가락동 79-4,N,0,3230000-112-1992-02050,,3230000,,,03,폐업,식품자동판매기영업,,,,
,자가,연세학원매점,식품자동판매기영업,2009-12-31,208058.035544316,444446.357989435,2026-05-06 22:42:58,I,02,폐업,0,0,0,0,,,0,0,,2003-09-26 00:00:00,2003-09-26,,138-838,서울특별시 송파구 삼전동 60-12,N,,3230000-112-2003-00280,0,3230000,,,03,폐업,식품자동판매기영업,02-416-6269,,,
,자가,한국암웨이,식품자동판매기영업,2008-01-30,209033.880318458,446688.936198759,2026-05-06 22:43:02,I,02,폐업,0,0,0,0,,,0,0,,2005-06-23 00:00:00,2005-06-23,,138-240,서울특별시 송파구 신천동 14 1층B동,N,,3230000-112-2005-00023,0,3230000,,,03,폐업,식품자동판매기영업,,,,
,,현대골프장,식품자동판매기영업,,212899.338951049,442943.338506955,2026-05-06 22:42:58,I,01,영업,0,,,,,,,,,2013-06-04 15:43:32,2003-12-16,,138-110,서울특별시 송파구 거여동 295-0 거여6단지상가101호,N,,3230000-112-2003-00300,,3230000,"서울특별시 송파구 양산로2길 38 (거여동,거여6단지상가101호)",05789,01,영업/정상,식품자동판매기영업,,,,
,자가,쓰리엑스라지 커피(3X-LARGE COFFEE),식품자동판매기영업,2025-12-29,209628.037880193,444814.798362574,2026-05-06 22:43:40,I,02,폐업,0,,,,,,,,,2025-12-29 13:20:45,2022-01-14,10.00,138-850,서울특별시 송파구 송파동 86-10,N,,3230000-112-2022-00002,,3230000,"서울특별시 송파구 백제고분로42길 10, 1층 101호 (송파동)",05667,03,폐업,식품자동판매기영업,,,,
,자가,슬기슈퍼,식품자동판매기영업,2004-08-06,213720.833957776,443700.775261571,2026-05-06 22:42:55,I,02,폐업,0,0,0,0,,,0,0,,2003-06-10 00:00:00,2003-06-10,,138-822,서울특별시 송파구 마천동 362-2,N,,3230000-112-2003-00219,0,3230000,,,03,폐업,식품자동판매기영업,02-3401-1906,,,
기타,,한일커텐,식품자동판매기영업,1998-10-30,210268.274789558,448042.092118622,2026-05-06 22:38:41,I,02,폐업,0,,,,0,기타,,,,2003-08-12 00:00:00,1991-11-19,,138-873,서울특별시 송파구 풍납동 222-15,N,0,3230000-112-1991-01537,,3230000,,,03,폐업,식품자동판매기영업,02-482-6710,,,
기타,,대한민국재향군인회,식품자동판매기영업,2007-12-13,208808.460094719,446014.471916419,2026-05-06 22:41:51,I,02,폐업,0,,,,0,기타,,,,2006-07-26 00:00:00,2000-05-30,,138-934,서울특별시 송파구 신천동 7-13 (14대),N,0,3230000-112-2000-00653,,3230000,,,03,폐업,식품자동판매기영업,02-417-1835,,,
기타,,서울놀이마당,식품자동판매기영업,2000-01-07,208788.563714618,445155.954281086,2026-05-06 22:38:54,I,02,폐업,0,,,,0,기타,,,,2003-08-19 00:00:00,1992-03-19,,138-915,서울특별시 송파구 잠실동 47-0,N,0,3230000-112-1992-02019,,3230000,,,03,폐업,식품자동판매기영업,02-414-8456,,,
기타,,마당노래연습장,식품자동판매기영업,1994-04-21,208085.243401227,444974.28798946,2026-05-06 22:38:54,I,02,폐업,0,,,,0,기타,,,,2003-08-19 00:00:00,1992-04-18,,138-837,서울특별시 송파구 삼전동 22-18,N,0,3230000-112-1992-02037,,3230000,,,03,폐업,식품자동판매기영업,02-415-8114,,,
기타,,(주)보광훼미리마트,식품자동판매기영업,1996-05-25,210400.171224239,443511.30566781,2026-05-06 22:39:25,I,02,폐업,0,,,,0,기타,,,,2003-08-28 00:00:00,1995-05-25,,138-805,서울특별시 송파구 가락동 98-4 13층,N,0,3230000-112-1995-02791,,3230000,,,03,폐업,식품자동판매기영업,02-511-1762,,,
,자가,커피에 반하다 위례송파로점,식품자동판매기영업,,212897.627088829,442419.263052752,2026-05-06 22:43:44,I,01,영업,0,,,,,,,,,2023-11-14 13:39:12,2023-11-14,30.00,138-110,서울특별시 송파구 거여동 654 송파 위례 리슈빌,N,,3230000-112-2023-00040,,3230000,"서울특별시 송파구 위례송파로 124, 1층 105호 (거여동, 송파 위례 리슈빌)",05847,01,영업/정상,식품자동판매기영업,,,,
주택가주변,,퀸헤어아트,식품자동판매기영업,2009-12-31,213583.606265151,443901.758450367,2026-05-06 22:40:00,I,02,폐업,0,,,,0,우수,,,,2003-09-01 00:00:00,1999-03-29,,138-820,서울특별시 송파구 마천동 202-9,N,0,3230000-112-1999-00036,,3230000,,,03,폐업,식품자동판매기영업,02-404-6552,,,
기타,,멕켄치킨,식품자동판매기영업,1993-06-08,206877.843547481,444779.767260554,2026-05-06 22:38:45,I,02,폐업,0,,,,0,기타,,,,2003-08-13 00:00:00,1991-12-26,,138-865,서울특별시 송파구 잠실동 304-0,N,0,3230000-112-1991-01703,,3230000,,,03,폐업,식품자동판매기영업,02-416-9992,,,
기타,,비둘기쌀상회,식품자동판매기영업,1998-04-17,212628.955539532,443899.623269319,2026-05-06 22:38:35,I,02,폐업,0,,,,0,기타,,,,2003-08-11 00:00:00,1991-08-14,,138-813,서울특별시 송파구 거여동 135-19,N,0,3230000-112-1991-01372,,3230000,,,03,폐업,식품자동판매기영업,02-400-7915,,,
기타,,-,식품자동판매기영업,2006-09-28,212587.48325656,444278.471040207,2026-05-06 22:39:19,I,02,폐업,0,,,,0,기타,,,,2003-09-09 00:00:00,1994-11-01,,138-817,서울특별시 송파구 마천동 26-11,N,0,3230000-112-1994-02730,,3230000,,,03,폐업,식품자동판매기영업,02-400-3675,,,
기타,,한국체육산업개발(주),식품자동판매기영업,1998-02-17,210199.45921923,446539.279382444,2026-05-06 22:39:01,I,02,폐업,0,,,,0,기타,,,,2003-08-21 00:00:00,1993-03-02,,138-829,서울특별시 송파구 방이동 88-0,N,0,3230000-112-1993-02348,,3230000,,,03,폐업,식품자동판매기영업,02-470-5245,,,
기타,,구스토피자,식품자동판매기영업,2010-11-02,207417.995442272,444717.816607467,2026-05-06 22:39:05,I,02,폐업,0,,,,0,기타,,,,2003-08-25 00:00:00,1994-04-04,,138-866,서울특별시 송파구 잠실동 315-12 구스토피자,N,0,3230000-112-1994-02503,,3230000,,,03,폐업,식품자동판매기영업,02-421-4395,,,
,자가,제2롯데월드점,식품자동판매기영업,2020-12-09,209074.900840074,445657.80932984,2026-05-06 22:43:13,I,02,폐업,0,0,0,0,,,,0,,2020-12-09 14:28:08,2014-10-31,3.30,138-934,서울특별시 송파구 신천동 29,N,,3230000-112-2014-00024,,3230000,서울특별시 송파구 올림픽로 300 (신천동),05551,03,폐업,식품자동판매기영업,02-2621-6599,,,
기타,,아름이용원,식품자동판매기영업,2014-01-21,207776.794721567,444415.90563354,2026-05-06 22:42:10,I,02,폐업,0,,,,,기타,,,,2003-09-08 00:00:00,2002-05-16,,138-838,서울특별시 송파구 삼전동 43,N,,3230000-112-2002-00914,,3230000,서울특별시 송파구 백제고분로22길 21 (삼전동),05592,03,폐업,식품자동판매기영업,02-416-1602,,,
기타,,은하정육점,식품자동판매기영업,2009-12-07,207809.182926761,444578.593997573,2026-05-06 22:41:58,I,02,폐업,0,0,0,0,,기타,,0,,2003-09-05 00:00:00,2001-08-31,,138-837,서울특별시 송파구 삼전동 29-8,N,,3230000-112-2001-00790,,3230000,,,03,폐업,식품자동판매기영업,02-415-4582,,,
기타,,비디오타임즈,식품자동판매기영업,2005-01-18,208895.046596335,444338.165053878,2026-05-06 22:42:35,I,02,폐업,0,,,,,기타,,,,2003-09-08 00:00:00,2002-08-22,,138-845,서울특별시 송파구 석촌동 244-5,N,,3230000-112-2002-00991,,3230000,,,03,폐업,식품자동판매기영업,02-413-7742,,,
기타,,우성문구,식품자동판매기영업,2003-04-10,213405.461617094,443605.930090097,2026-05-06 22:38:31,I,02,폐업,0,,,,0,지도,,,,2003-08-07 00:00:00,1989-11-24,,138-821,서울특별시 송파구 마천동 307-26,N,0,3230000-112-1989-01165,,3230000,,,03,폐업,식품자동판매기영업,02-407-9840,,,
,자가,준서네본감자탕,식품자동판매기영업,2009-04-20,210911.242278472,444399.815204045,2026-05-06 22:43:03,I,02,폐업,0,0,0,0,,,0,0,,2005-11-21 00:00:00,2005-11-21,,138-800,서울특별시 송파구 가락동 19-5,N,,3230000-112-2005-00037,0,3230000,,,03,폐업,식품자동판매기영업,02-408-9997,,,
,자가,현대장식,식품자동판매기영업,2010-12-31,207388.877884424,445204.088717952,2026-05-06 22:42:57,I,02,폐업,0,0,0,0,,,0,0,,2003-07-12 00:00:00,2003-07-12,,138-862,서울특별시 송파구 잠실동 206-5,N,,3230000-112-2003-00247,0,3230000,,,03,폐업,식품자동판매기영업,02-415-4480,,,
,자가,콜렉트드아웃렛팻숀,식품자동판매기영업,2005-12-28,210966.343901891,443144.52185314,2026-05-06 22:42:57,I,02,폐업,0,0,0,0,,,0,0,,2003-06-27 00:00:00,2003-06-27,,138-825,서울특별시 송파구 문정동 29-17,N,,3230000-112-2003-00239,0,3230000,,,03,폐업,식품자동판매기영업,,,,
기타,,-,식품자동판매기영업,1996-12-26,209544.247424243,444317.782048988,2026-05-06 22:38:55,I,02,폐업,0,,,,0,기타,,,,2003-09-09 00:00:00,1992-06-17,,138-847,서울특별시 송파구 석촌동 297-0,N,0,3230000-112-1992-02088,,3230000,,,03,폐업,식품자동판매기영업,02-417-4977,,,
,자가,조박사왕족발,식품자동판매기영업,2010-08-23,211328.305866189,444995.892496827,2026-05-06 22:42:53,I,02,폐업,0,0,0,0,,,0,0,,2003-05-30 00:00:00,2003-05-30,,138-856,서울특별시 송파구 오금동 40-5,N,,3230000-112-2003-00178,0,3230000,,,03,폐업,식품자동판매기영업,02-400-0230,,,
기타,,장미,식품자동판매기영업,1999-02-19,208707.089897534,446299.352775446,2026-05-06 22:38:31,I,02,폐업,0,,,,0,지도,,,,2003-08-07 00:00:00,1989-12-02,,138-934,서울특별시 송파구 신천동 7 장미상가 2층,N,0,3230000-112-1989-01181,,3230000,,,03,폐업,식품자동판매기영업,02-423-1086,,,
기타,,현대세차장,식품자동판매기영업,2010-02-24,209966.835117656,445323.166933109,2026-05-06 22:39:16,I,02,폐업,0,,,,0,기타,,,,2003-08-26 00:00:00,1994-10-20,,138-830,서울특별시 송파구 방이동 114-0,N,0,3230000-112-1994-02705,,3230000,,,03,폐업,식품자동판매기영업,02-419-4048,,,
기타,,다리니패션,식품자동판매기영업,2001-12-31,208682.946639076,444522.26110806,2026-05-06 22:39:06,I,02,폐업,0,,,,0,기타,,,,2003-08-25 00:00:00,1994-04-08,,138-842,서울특별시 송파구 석촌동 15-0,N,0,3230000-112-1994-02564,,3230000,,,03,폐업,식품자동판매기영업,02-414-3129,,,
기타,,대우슈퍼,식품자동판매기영업,2001-04-02,209881.327847441,445574.271079147,2026-05-06 22:41:06,I,02,폐업,0,,,,0,기타,,,,2003-09-02 00:00:00,1999-06-25,,138-829,서울특별시 송파구 방이동 106-19,N,0,3230000-112-1999-00328,,3230000,,,03,폐업,식품자동판매기영업,02-418-4663,,,
기타,,월광이용원,식품자동판매기영업,2005-07-11,207988.824731905,444167.799859011,2026-05-06 22:42:11,I,02,폐업,0,,,,,기타,,,,2003-09-08 00:00:00,2002-07-11,,138-838,서울특별시 송파구 삼전동 68-19,N,,3230000-112-2002-00929,,3230000,,,03,폐업,식품자동판매기영업,02-423-5878,,,
기타,,충남슈퍼,식품자동판매기영업,1999-04-12,212534.259743955,443571.993270087,2026-05-06 22:38:47,I,02,폐업,0,,,,0,기타,,,,2003-08-14 00:00:00,1991-12-30,,138-813,서울특별시 송파구 거여동 21-1,N,0,3230000-112-1991-01779,,3230000,,,03,폐업,식품자동판매기영업,02-409-2349,,,
기타,,코디데코,식품자동판매기영업,1997-10-04,211294.712229733,445114.439867921,2026-05-06 22:38:47,I,02,폐업,0,,,,0,기타,,,,2003-08-14 00:00:00,1991-12-30,,138-855,서울특별시 송파구 오금동 19-0,N,0,3230000-112-1991-01764,,3230000,,,03,폐업,식품자동판매기영업,02-404-4190,,,
,임대,진미떡방,식품자동판매기영업,2005-08-16,209219.191144283,444182.219682377,2026-05-06 22:42:42,I,02,폐업,0,0,0,0,,,,0,,2003-01-11 00:00:00,2003-01-11,,138-846,서울특별시 송파구 석촌동 254-1,N,,3230000-112-2003-00019,,3230000,,,03,폐업,식품자동판매기영업,02-422-3029,,,상수도전용
기타,,드래곤책대여점,식품자동판매기영업,2003-11-28,212493.912261495,443538.76786754,2026-05-06 22:42:14,I,02,폐업,0,,,,,기타,,,,2003-09-08 00:00:00,2002-07-18,,138-816,서울특별시 송파구 거여동 554-3,N,,3230000-112-2002-00940,,3230000,,,03,폐업,식품자동판매기영업,02-448-6536,,,
기타,,-,식품자동판매기영업,2005-12-28,207880.980589508,444978.667534844,2026-05-06 22:38:56,I,02,폐업,0,,,,0,기타,,,,2003-09-09 00:00:00,1992-06-27,,138-864,서울특별시 송파구 잠실동 252-11,N,0,3230000-112-1992-02119,,3230000,,,03,폐업,식품자동판매기영업,02-414-3222,,,
,임대,오금레미니스 2호점,식품자동판매기영업,,212120.595519438,444924.229877818,2026-05-06 22:43:35,I,01,영업,0,,,,,,,,,2018-07-25 16:53:35,2018-07-25,3.30,138-130,서울특별시 송파구 오금동 617 송파레미니스2단지,N,,3230000-112-2018-00019,,3230000,"서울특별시 송파구 동남로 341, 103, 104호 (오금동, 송파레미니스2단지)",05721,01,영업/정상,식품자동판매기영업,,,,
,,프리마쇼핑1층,식품자동판매기영업,2021-12-27,206397.34797252,444963.233863255,2026-05-06 22:43:08,I,02,폐업,0,,,,,,,,,2021-12-27 16:32:55,2009-05-07,,138-892,서울특별시 송파구 잠실동 101-1 프리마쇼핑센터1층,N,,3230000-112-2009-00022,,3230000,서울특별시 송파구 올림픽로4길 48 (잠실동),05571,03,폐업,식품자동판매기영업,,,,
,자가,8호선 잠실(상)역내,식품자동판매기영업,2015-11-03,209074.900840074,445657.80932984,2026-05-06 22:43:10,I,02,폐업,0,,,,,,,,,2014-03-07 10:16:15,2010-07-08,.00,138-934,서울특별시 송파구 신천동 29 8호선 잠실(상)역내,N,,3230000-112-2010-00030,,3230000,,,03,폐업,식품자동판매기영업,02-6311-8141,,,
,자가,GS25석촌역점,식품자동판매기영업,2017-08-23,209269.254160075,444940.562855648,2026-05-06 22:43:21,I,02,폐업,0,,,,,,,,,2017-08-23 13:44:30,2016-12-02,3.30,138-190,서울특별시 송파구 석촌동 209,N,,3230000-112-2016-00033,,3230000,"서울특별시 송파구 송파대로 지하 439, 지층 (석촌동, 8호선 석촌역 )",05616,03,폐업,식품자동판매기영업,02-415-4165,,,
기타,,광운감자국,식품자동판매기영업,2004-11-26,210541.175,443932.015000001,2026-05-06 22:39:05,I,02,폐업,0,,,,0,기타,,,,2003-08-25 00:00:00,1994-04-04,,138-802,서울특별시 송파구 가락동 71-1,N,0,3230000-112-1994-02504,,3230000,,,03,폐업,식품자동판매기영업,02-408-4330,,,
기타,,우암빌딩,식품자동판매기영업,2013-03-04,209952.684307098,444608.640073169,2026-05-06 22:41:55,I,02,폐업,0,0,0,0,,기타,,0,,2003-09-04 00:00:00,2001-06-16,,138-850,서울특별시 송파구 송파동 104-4,N,,3230000-112-2001-00733,,3230000,,,03,폐업,식품자동판매기영업,,,,
,자가,씨유 가락센타점,식품자동판매기영업,2014-07-03,211024.281466516,443795.068668355,2026-05-06 22:43:12,I,02,폐업,0,,,,,,,,,2013-06-18 17:35:49,2013-06-18,3.30,138-808,서울특별시 송파구 가락동 143 지상1층,N,,3230000-112-2013-00004,,3230000,"서울특별시 송파구 중대로16길 6, 지상1층 (가락동)",05825,03,폐업,식품자동판매기영업,02-406-1850,,,
기타,,(주)선호유통,식품자동판매기영업,1993-05-18,209790.959909032,443481.212174317,2026-05-06 22:38:23,I,02,폐업,0,,,,0,기타,,,,2003-08-08 00:00:00,1985-06-22,,138-881,서울특별시 송파구 가락동 600-0,N,0,3230000-112-1985-01297,,3230000,,,03,폐업,식품자동판매기영업,02-407-9733,,,
,자가,C.U 문정대신점,식품자동판매기영업,2023-07-13,211476.863672721,442721.232457485,2026-05-06 22:43:12,I,02,폐업,0,,,,,,,,,2023-07-13 17:44:28,2013-05-30,3.30,138-200,서울특별시 송파구 문정동 108 지상1층,N,,3230000-112-2013-00002,,3230000,"서울특별시 송파구 새말로17길 16, 지상1층 (문정동)",05800,03,폐업,식품자동판매기영업,02-431-3725,,,
기타,,한아름슈퍼,식품자동판매기영업,2005-12-28,209933.359858718,444887.219137802,2026-05-06 22:41:57,I,02,폐업,0,,,,,기타,,,,2003-09-04 00:00:00,2001-08-22,,138-851,서울특별시 송파구 송파동 118-12,N,,3230000-112-2001-00770,,3230000,,,03,폐업,식품자동판매기영업,02-415-3766,,,
기타,,여주쌀상회,식품자동판매기영업,1996-04-27,210101.644829162,448088.481626493,2026-05-06 22:38:48,I,02,폐업,0,,,,0,기타,,,,2003-08-14 00:00:00,1992-01-03,,138-873,서울특별시 송파구 풍납동 220-15,N,0,3230000-112-1992-01823,,3230000,,,03,폐업,식품자동판매기영업,02-416-6416,,,
기타,,대한제당(주)서울사무소,식품자동판매기영업,1998-02-24,209083.899741533,445916.209435271,2026-05-06 22:38:42,I,02,폐업,0,,,,0,기타,,,,2003-08-13 00:00:00,1991-12-05,,138-934,서울특별시 송파구 신천동 7-23 대한제당 14층,N,0,3230000-112-1991-01586,,3230000,,,03,폐업,식품자동판매기영업,02-410-6000,,,
기타,,커피자동판매,식품자동판매기영업,2000-01-27,208233.926974585,445435.257647797,2026-05-06 22:38:08,I,02,폐업,0,,,,1,지도,,,,2003-08-05 00:00:00,1983-03-24,,138-915,서울특별시 송파구 잠실동 40 잠실역 지하,N,1,3230000-112-1983-01016,,3230000,,,03,폐업,식품자동판매기영업,,,,
주택가주변,,임마누엘교회,식품자동판매기영업,2004-12-09,210092.171078031,445993.634666086,2026-05-06 22:39:16,I,02,폐업,0,,,,0,기타,,,,2003-08-26 00:00:00,1994-10-19,,138-828,서울특별시 송파구 방이동 45-5,N,1,3230000-112-1994-02704,,3230000,,,03,폐업,식품자동판매기영업,02-415-3021,,,
기타,,잠실병원,식품자동판매기영업,2001-04-30,207951.155,444646.005,2026-05-06 22:38:39,I,02,폐업,0,,,,0,기타,,,,2003-08-12 00:00:00,1991-10-30,,138-837,서울특별시 송파구 삼전동 9-3,N,0,3230000-112-1991-01492,,3230000,,,03,폐업,식품자동판매기영업,,,,
기타,,칼라터치화장품,식품자동판매기영업,1996-12-31,212542.823424368,443610.196080623,2026-05-06 22:39:03,I,02,폐업,0,,,,0,기타,,,,2003-08-22 00:00:00,1993-05-31,,138-813,서울특별시 송파구 거여동 22-0,N,0,3230000-112-1993-02424,,3230000,,,03,폐업,식품자동판매기영업,02-407-5350,,,
,,한전생활관(내),식품자동판매기영업,2018-03-21,210487.710455325,445201.483768177,2026-05-06 22:43:12,I,02,폐업,0,,,,,,,,,2018-03-21 11:37:47,2012-10-30,3.30,138-831,서울특별시 송파구 방이동 128 한전생활관 지상1층,N,,3230000-112-2012-00030,,3230000,"서울특별시 송파구 오금로27길 29, 지상1층 (방이동)",05644,03,폐업,식품자동판매기영업,,,,
기타,,진선비디오,식품자동판매기영업,1993-05-14,211189.375349997,442236.177915237,2026-05-06 22:38:58,I,02,폐업,0,,,,0,기타,,,,2003-08-20 00:00:00,1992-08-28,,138-200,서울특별시 송파구 문정동 83-2,N,0,3230000-112-1992-02206,,3230000,,,03,폐업,식품자동판매기영업,02-442-8631,,,
,,잠실빌딩,식품자동판매기영업,2008-12-15,,,2026-05-06 22:43:05,I,02,폐업,0,,,,,,,,,2007-07-23 14:15:32,2007-07-23,,138-220,서울특별시 송파구 잠실동 183-2 짐실빌딩1층,N,,3230000-112-2007-00015,,3230000,,,03,폐업,식품자동판매기영업,02-414-8272,,,
기타,,개농지하철역,식품자동판매기영업,2001-03-24,211773.263507672,444061.663092288,2026-05-06 22:39:28,I,02,폐업,0,,,,0,기타,,,,2003-09-09 00:00:00,1996-05-30,,138-860,서울특별시 송파구 오금동 165-1 개농역 상행선,N,0,3230000-112-1996-02821,,3230000,,,03,폐업,식품자동판매기영업,02-0000-0000,,,
기타,,두암빌딩,식품자동판매기영업,2005-11-10,209303.920020842,444767.320778394,2026-05-06 22:41:45,I,02,폐업,0,,,,0,기타,,,,2003-09-03 00:00:00,1999-10-22,,138-844,서울특별시 송파구 석촌동 174-6,N,0,3230000-112-1999-00563,,3230000,,,03,폐업,식품자동판매기영업,02-418-5585,,,
주택가주변,,잠실연세학원,식품자동판매기영업,2010-12-15,207611.893187956,445142.218743059,2026-05-06 22:40:37,I,02,폐업,0,,,,0,우수,,,,2003-09-02 00:00:00,1999-05-07,,138-862,서울특별시 송파구 잠실동 209-5 3층,N,0,3230000-112-1999-00194,,3230000,,,03,폐업,식품자동판매기영업,02-420-7100,,,
기타,,상우회,식품자동판매기영업,2006-07-27,208707.089897534,446299.352775446,2026-05-06 22:39:51,I,02,폐업,0,,,,0,기타,,,,2003-09-01 00:00:00,1998-03-31,,138-934,서울특별시 송파구 신천동 7-0 상우회,N,0,3230000-112-1998-02960,,3230000,,,03,폐업,식품자동판매기영업,02-424-7475,,,
기타,,싸파리스포츠(3대),식품자동판매기영업,2001-11-09,210527.744574834,444984.01536348,2026-05-06 22:41:56,I,02,폐업,0,,,,,기타,,,,2003-09-04 00:00:00,2001-06-27,,138-836,서울특별시 송파구 방이동 227-4,N,,3230000-112-2001-00753,,3230000,,,03,폐업,식품자동판매기영업,02-420-0482,,,
,자가,잠실홈플러스,식품자동판매기영업,2022-12-30,209039.148023482,446007.966801057,2026-05-06 22:43:08,I,02,폐업,0,,,,,,,,,2022-12-30 09:58:20,2009-10-14,.00,138-934,서울특별시 송파구 신천동 7-12 홈플러스,N,,3230000-112-2009-00040,,3230000,"서울특별시 송파구 올림픽로35가길 16 (신천동,홈플러스)",05510,03,폐업,식품자동판매기영업,02-3453-9622,,,
기타,,국민체육진흥공단,식품자동판매기영업,2005-07-04,210199.45921923,446539.279382444,2026-05-06 22:39:01,I,02,폐업,0,,,,0,기타,,,,2003-08-21 00:00:00,1993-02-26,,138-829,서울특별시 송파구 방이동 88-0,N,0,3230000-112-1993-02333,,3230000,,,03,폐업,식품자동판매기영업,02-0000-0000,,,
기타,,국제카센타,식품자동판매기영업,2003-01-24,210966.654257577,444270.974343479,2026-05-06 22:41:58,I,02,폐업,0,,,,,기타,,,,2003-09-05 00:00:00,2001-09-03,,138-800,서울특별시 송파구 가락동 16-20,N,,3230000-112-2001-00801,,3230000,,,03,폐업,식품자동판매기영업,02-406-3838,,,
주택가주변,,비디오배낭여행,식품자동판매기영업,2000-04-01,208196.054815107,444843.855610462,2026-05-06 22:40:17,I,02,폐업,0,,,,0,우수,,,,2003-09-01 00:00:00,1999-05-01,,138-839,서울특별시 송파구 삼전동 92-13,N,0,3230000-112-1999-00147,,3230000,,,03,폐업,식품자동판매기영업,02-423-0559,,,
주택가주변,,상진수퍼오금점,식품자동판매기영업,2003-04-28,211204.528696631,444993.044890959,2026-05-06 22:40:06,I,02,폐업,0,,,,0,우수,,,,2003-09-01 00:00:00,1999-04-08,,138-856,서울특별시 송파구 오금동 42-7,N,0,3230000-112-1999-00059,,3230000,,,03,폐업,식품자동판매기영업,02-406-8310,,,
기타,,코스모셀프세차장문정점,식품자동판매기영업,2003-10-13,211113.091368668,442466.059926184,2026-05-06 22:41:24,I,02,폐업,0,,,,0,기타,,,,2003-09-02 00:00:00,1999-09-14,,138-200,서울특별시 송파구 문정동 89-15,N,0,3230000-112-1999-00450,,3230000,,,03,폐업,식품자동판매기영업,02-3402-3384,,,
기타,,준비디오,식품자동판매기영업,2010-02-04,213381.766454322,443832.324089675,2026-05-06 22:38:50,I,02,폐업,0,,,,0,기타,,,,2003-08-18 00:00:00,1992-01-27,,138-820,서울특별시 송파구 마천동 178-85,N,0,3230000-112-1992-01900,,3230000,,,03,폐업,식품자동판매기영업,02-406-5519,,,
기타,,한양마트,식품자동판매기영업,2010-11-30,208078.440796355,444907.015390278,2026-05-06 22:42:01,I,02,폐업,0,,,,,기타,,,,2003-09-05 00:00:00,2001-09-13,,138-837,서울특별시 송파구 삼전동 26-3,N,,3230000-112-2001-00835,,3230000,,,03,폐업,식품자동판매기영업,02-423-6067,,,
,,현대그린푸드 H24+편의점,식품자동판매기영업,,209607.590372037,447120.577229325,2026-05-06 22:43:12,I,01,영업,0,0,0,0,,,,0,,2023-03-21 14:39:08,2013-06-10,3.30,138-736,서울특별시 송파구 풍납동 388-1 서울아산병원 별관1층 H25+편의점내,N,,3230000-112-2013-00003,,3230000,"서울특별시 송파구 올림픽로43길 88 (풍납동, 서울아산병원 별관1층 H25+편의점내)",05505,01,영업/정상,식품자동판매기영업,,,,
기타,,호남식당,식품자동판매기영업,1997-01-20,210079.592497353,445750.206337916,2026-05-06 22:38:50,I,02,폐업,0,,,,0,기타,,,,2003-08-18 00:00:00,1992-01-29,,138-832,서울특별시 송파구 방이동 149-9,N,0,3230000-112-1992-01912,,3230000,,,03,폐업,식품자동판매기영업,02-412-0426,,,
기타,,시신,식품자동판매기영업,1996-05-01,209191.596893044,446691.34604437,2026-05-06 22:38:54,I,02,폐업,0,,,,0,기타,,,,2003-08-19 00:00:00,1992-05-06,,138-240,서울특별시 송파구 신천동 17-2,N,0,3230000-112-1992-02047,,3230000,,,03,폐업,식품자동판매기영업,02-416-6416,,,
,자가,GS25 석촌한빛,식품자동판매기영업,2022-11-14,208886.028301007,444371.678983679,2026-05-06 22:43:23,I,02,폐업,0,,,,,,,,,2022-11-14 14:46:41,2017-06-12,3.30,138-845,서울특별시 송파구 석촌동 245-27,N,,3230000-112-2017-00028,,3230000,"서울특별시 송파구 가락로5길 25 (석촌동, 편의점내 1층)",05680,03,폐업,식품자동판매기영업,,,,
주택가주변,,24시셀프세차타운,식품자동판매기영업,2000-03-10,211740.142264637,445099.08876219,2026-05-06 22:40:34,I,02,폐업,0,,,,0,우수,,,,2003-09-02 00:00:00,1999-05-04,,138-858,서울특별시 송파구 오금동 95-6,N,0,3230000-112-1999-00178,,3230000,,,03,폐업,식품자동판매기영업,02-408-8498,,,
기타,,중화각(중식),식품자동판매기영업,1997-01-25,209111.376940185,444186.526630913,2026-05-06 22:38:32,I,02,폐업,0,,,,0,을,,,,2003-08-08 00:00:00,1990-12-11,,138-845,서울특별시 송파구 석촌동 252-5,N,0,3230000-112-1990-01205,,3230000,,,03,폐업,식품자동판매기영업,02-413-1748,,,
기타,,우신사,식품자동판매기영업,2005-06-30,209740.48072137,445075.137254042,2026-05-06 22:41:51,I,02,폐업,0,0,0,0,0,기타,,0,,2003-09-03 00:00:00,2000-04-21,,138-851,서울특별시 송파구 송파동 134-3,N,0,3230000-112-2000-00651,,3230000,,,03,폐업,식품자동판매기영업,02-423-3068,,,
기타,,한국체육산업개발(주),식품자동판매기영업,1998-02-17,210199.45921923,446539.279382444,2026-05-06 22:39:01,I,02,폐업,0,,,,0,기타,,,,2003-08-21 00:00:00,1993-03-02,,138-829,서울특별시 송파구 방이동 88-0,N,0,3230000-112-1993-02337,,3230000,,,03,폐업,식품자동판매기영업,02-470-5245,,,
주택가주변,,태광슈퍼,식품자동판매기영업,2011-02-25,212696.586997456,443704.297334897,2026-05-06 22:40:11,I,02,폐업,0,,,,0,우수,,,,2003-09-01 00:00:00,1999-04-29,,138-813,서울특별시 송파구 거여동 178-53,N,0,3230000-112-1999-00121,,3230000,,,03,폐업,식품자동판매기영업,02-400-5858,,,
기타,,한솔마트,식품자동판매기영업,2003-05-29,208463.711299914,444209.486233706,2026-05-06 22:41:38,I,02,폐업,0,,,,0,기타,,,,2003-09-03 00:00:00,1999-10-14,,138-841,서울특별시 송파구 삼전동 182-14,N,0,3230000-112-1999-00522,,3230000,,,03,폐업,식품자동판매기영업,02-414-5523,,,
기타,,풍년슈퍼,식품자동판매기영업,2007-05-15,211855.073605105,444687.648725395,2026-05-06 22:41:33,I,02,폐업,0,,,,0,기타,,,,2003-09-03 00:00:00,1999-09-29,,138-857,서울특별시 송파구 오금동 72-2,N,0,3230000-112-1999-00490,,3230000,,,03,폐업,식품자동판매기영업,02-409-3755,,,
기타,,-,식품자동판매기영업,1996-11-27,209612.862068386,445821.745030656,2026-05-06 22:38:54,I,02,폐업,0,,,,0,기타,,,,2003-09-09 00:00:00,1992-03-05,,138-828,서울특별시 송파구 방이동 59-9,N,0,3230000-112-1992-02013,,3230000,,,03,폐업,식품자동판매기영업,02-413-7046,,,
기타,,서울특별시학생체육관,식품자동판매기영업,1998-05-06,206597.102072932,445547.19071847,2026-05-06 22:39:01,I,02,폐업,0,,,,0,기타,,,,2003-08-21 00:00:00,1993-02-16,,138-889,서울특별시 송파구 잠실동 10-3,N,0,3230000-112-1993-02319,,3230000,,,03,폐업,식품자동판매기영업,,,,
,,순이네식당,식품자동판매기영업,2010-02-04,207583.668955624,444571.436900111,2026-05-06 22:43:05,I,02,폐업,0,,,,,,,,,2007-10-01 16:30:30,2007-10-01,,138-867,서울특별시 송파구 잠실동 340 지상1층,N,,3230000-112-2007-00018,,3230000,,,03,폐업,식품자동판매기영업,02-416-1480,,,
기타,,송파도서관구내매점,식품자동판매기영업,2002-06-28,211618.842468751,444430.324517026,2026-05-06 22:41:34,I,02,폐업,0,,,,0,기타,,,,2003-09-03 00:00:00,1999-10-01,,138-857,서울특별시 송파구 오금동 51-0,N,0,3230000-112-1999-00498,,3230000,,,03,폐업,식품자동판매기영업,02-404-7917,,,
기타,,서경빌딩7층,식품자동판매기영업,1998-06-24,207285.647226547,445469.00224568,2026-05-06 22:38:49,I,02,폐업,0,,,,0,기타,,,,2003-08-18 00:00:00,1992-01-09,,138-861,서울특별시 송파구 잠실동 184 서경빌딩 7층,N,0,3230000-112-1992-01865,,3230000,,,03,폐업,식품자동판매기영업,02-756-5535,,,
기타,,강동슈퍼,식품자동판매기영업,2004-05-19,208378.058421945,444811.316666732,2026-05-06 22:41:57,I,02,폐업,0,0,0,0,,기타,,0,,2003-09-04 00:00:00,2001-08-30,,138-840,서울특별시 송파구 삼전동 113-8,N,,3230000-112-2001-00785,,3230000,,,03,폐업,식품자동판매기영업,02-417-0698,,,
기타,,재향군인회,식품자동판매기영업,2000-05-29,208808.460094719,446014.471916419,2026-05-06 22:41:39,I,02,폐업,0,,,,0,기타,,,,2003-09-03 00:00:00,1999-10-15,,138-934,서울특별시 송파구 신천동 7-13,N,0,3230000-112-1999-00528,,3230000,,,03,폐업,식품자동판매기영업,02-417-1835,,,
기타,,우리고기맛집,식품자동판매기영업,2004-12-02,,,2026-05-06 22:41:24,I,02,폐업,0,,,,0,기타,,,,2003-09-02 00:00:00,1999-09-14,,138-848,서울특별시 송파구 송파동 7-2,N,0,3230000-112-1999-00451,,3230000,,,03,폐업,식품자동판매기영업,02-414-3388,,,
,자가,HM.BIO(에이치엠 바이오),식품자동판매기영업,,210714.053849509,443519.750532142,2026-05-06 22:43:38,I,01,영업,0,,,,,,,,,2020-05-18 11:02:11,2020-05-18,3.30,138-806,서울특별시 송파구 가락동 112-7,N,,3230000-112-2020-00007,,3230000,"서울특별시 송파구 중대로 122, 1층 101호 (가락동)",05829,01,영업/정상,식품자동판매기영업,,,,
기타,,현대슈퍼,식품자동판매기영업,1997-01-30,212852.457271166,443502.583013623,2026-05-06 22:39:21,I,02,폐업,0,,,,0,기타,,,,2003-08-28 00:00:00,1994-11-30,,138-814,서울특별시 송파구 거여동 40-5,N,0,3230000-112-1994-02756,,3230000,,,03,폐업,식품자동판매기영업,02-448-6006,,,
기타,,종합운동장(1-14문),식품자동판매기영업,1998-12-26,206383.829438022,446030.128073052,2026-05-06 22:38:43,I,02,폐업,0,,,,0,기타,,,,2003-08-13 00:00:00,1991-12-19,,138-889,서울특별시 송파구 잠실동 10 종합운동장 1-14문,N,0,3230000-112-1991-01628,,3230000,,,03,폐업,식품자동판매기영업,02-662-4575,,,
기타,,짱가네오락실,식품자동판매기영업,2010-02-04,212951.578621413,443908.198316241,2026-05-06 22:40:59,I,02,폐업,0,,,,0,기타,,,,2003-09-02 00:00:00,1999-06-05,,138-814,서울특별시 송파구 거여동 183-5,N,0,3230000-112-1999-00287,,3230000,,,03,폐업,식품자동판매기영업,02-443-3855,,,
기타,,롯데쇼핑(주)새마을금고잠실점,식품자동판매기영업,2002-06-03,208589.363343145,445455.90405262,2026-05-06 22:38:27,I,02,폐업,0,,,,0,지도,,,,2003-08-06 00:00:00,1989-01-12,,138-915,서울특별시 송파구 잠실동 40-1 새마을금고,N,0,3230000-112-1989-01086,,3230000,,,03,폐업,식품자동판매기영업,,,,
,자가,동네슈퍼,식품자동판매기영업,2008-04-28,212470.97162451,443935.349459079,2026-05-06 22:42:40,I,02,폐업,0,0,0,0,,,0,0,,2002-12-28 00:00:00,2002-12-28,,138-813,서울특별시 송파구 거여동 8-3,N,,3230000-112-2002-02213,0,3230000,,,03,폐업,식품자동판매기영업,02-401-7970,,,
기타,,매일슈퍼,식품자동판매기영업,1996-04-30,,,2026-05-06 22:39:24,I,02,폐업,0,,,,0,기타,,,,2003-08-28 00:00:00,1995-02-17,,138-883,서울특별시 송파구 가락동 479-0,N,0,3230000-112-1995-02774,,3230000,,,03,폐업,식품자동판매기영업,02-421-6750,,,
기타,,주식회사보광,식품자동판매기영업,1996-05-25,210614.299107219,443541.245143681,2026-05-06 22:38:56,I,02,폐업,0,,,,0,기타,,,,2003-08-19 00:00:00,1992-06-27,,138-803,서울특별시 송파구 가락동 79-2,N,0,3230000-112-1992-02110,,3230000,,,03,폐업,식품자동판매기영업,02-595-3691,,,
기타,,옷가게,식품자동판매기영업,1998-04-16,211444.248182477,445043.675384469,2026-05-06 22:39:06,I,02,폐업,0,,,,0,기타,,,,2003-08-25 00:00:00,1994-04-06,,138-855,서울특별시 송파구 오금동 24-1,N,0,3230000-112-1994-02550,,3230000,,,03,폐업,식품자동판매기영업,02-400-0023,,,
기타,,성아,식품자동판매기영업,1994-07-06,210379.971478519,445697.882096716,2026-05-06 22:38:42,I,02,폐업,0,,,,0,기타,,,,2003-08-13 00:00:00,1991-12-04,,138-830,서울특별시 송파구 방이동 172-19,N,0,3230000-112-1991-01585,,3230000,,,03,폐업,식품자동판매기영업,02-417-6173,,,
기타,,모다수영복,식품자동판매기영업,2000-12-09,209138.599007085,444230.950006857,2026-05-06 22:41:46,I,02,폐업,0,,,,0,기타,,,,2003-09-03 00:00:00,1999-10-27,,138-846,서울특별시 송파구 석촌동 256-5,N,0,3230000-112-1999-00578,,3230000,,,03,폐업,식품자동판매기영업,02-412-9573,,,
기타,,믿음슈퍼,식품자동판매기영업,1997-03-22,210210.999724915,444475.750361612,2026-05-06 22:38:50,I,02,폐업,0,,,,0,기타,,,,2003-08-18 00:00:00,1992-01-23,,138-854,서울특별시 송파구 송파동 174-15,N,0,3230000-112-1992-01890,,3230000,,,03,폐업,식품자동판매기영업,02-419-3343,,,
,자가,장지검문소,식품자동판매기영업,2005-05-26,211199.387898742,440933.57908406,2026-05-06 22:42:58,I,02,폐업,0,0,0,0,,,0,0,,2003-11-27 00:00:00,2003-11-27,,138-871,서울특별시 송파구 장지동 600-35,N,,3230000-112-2003-00293,0,3230000,,,03,폐업,식품자동판매기영업,,,,
기타,,금록원,식품자동판매기영업,2004-12-28,,,2026-05-06 22:41:50,I,02,폐업,0,0,0,0,0,기타,,0,,2003-09-03 00:00:00,2000-03-24,,138-858,서울특별시 송파구 오금동 101-4,N,0,3230000-112-2000-00637,,3230000,,,03,폐업,식품자동판매기영업,02-404-2356,,,
기타,,종비디오,식품자동판매기영업,2000-02-08,,,2026-05-06 22:38:45,I,02,폐업,0,,,,0,기타,,,,2003-08-14 00:00:00,1991-12-26,,138-815,서울특별시 송파구 거여동 208-34,N,0,3230000-112-1991-01707,,3230000,,,03,폐업,식품자동판매기영업,02-449-1793,,,
기타,,서울미니슈퍼,식품자동판매기영업,1997-04-19,,,2026-05-06 22:39:06,I,02,폐업,0,,,,0,기타,,,,2003-08-25 00:00:00,1994-04-07,,138-801,서울특별시 송파구 가락동 23-17,N,0,3230000-112-1994-02538,,3230000,,,03,폐업,식품자동판매기영업,02-448-6607,,,
기타,,한국체육산업개발(주),식품자동판매기영업,1998-02-17,210199.45921923,446539.279382444,2026-05-06 22:39:01,I,02,폐업,0,,,,0,기타,,,,2003-08-21 00:00:00,1993-03-02,,138-829,서울특별시 송파구 방이동 88-0,N,0,3230000-112-1993-02344,,3230000,,,03,폐업,식품자동판매기영업,02-470-5245,,,
기타,,아트피피,식품자동판매기영업,1998-07-22,209867.274216837,444283.915570732,2026-05-06 22:38:52,I,02,폐업,0,,,,0,기타,,,,2003-08-18 00:00:00,1992-02-28,,138-854,서울특별시 송파구 송파동 194-0 아트피피,N,0,3230000-112-1992-01979,,3230000,,,03,폐업,식품자동판매기영업,,,,
기타,,경희건강원,식품자동판매기영업,2010-12-31,210098.368252504,445462.849557379,2026-05-06 22:41:52,I,02,폐업,0,0,0,0,0,기타,,0,,2003-09-03 00:00:00,2000-08-26,,138-832,서울특별시 송파구 방이동 147-3,N,0,3230000-112-2000-00671,,3230000,,,03,폐업,식품자동판매기영업,02-422-0681,,,
,,방이동아트문구,식품자동판매기영업,2008-04-28,210785.680232426,445028.954012242,2026-05-06 22:42:44,I,02,폐업,0,,,,,,,,,2003-01-15 00:00:00,2003-01-15,,138-836,서울특별시 송파구 방이동 218-25,N,,3230000-112-2003-00038,,3230000,,,03,폐업,식품자동판매기영업,02-420-2394,,,
기타,,새마을슈퍼,식품자동판매기영업,2005-12-28,213860.362849957,443481.718859894,2026-05-06 22:38:58,I,02,폐업,0,,,,0,기타,,,,2003-08-20 00:00:00,1992-09-07,,138-820,서울특별시 송파구 마천동 281-1,N,0,3230000-112-1992-02216,,3230000,,,03,폐업,식품자동판매기영업,02-408-0916,,,
기타,,-,식품자동판매기영업,2000-10-05,210901.337482882,443474.383769008,2026-05-06 22:41:45,I,02,폐업,0,,,,0,기타,,,,2003-09-09 00:00:00,1999-10-22,,138-806,서울특별시 송파구 가락동 121-11,N,0,3230000-112-1999-00571,,3230000,,,03,폐업,식품자동판매기영업,02-443-3506,,,
기타,,복정역구내,식품자동판매기영업,2000-12-14,,,2026-05-06 22:39:32,I,02,폐업,0,,,,0,기타,,,,2003-08-29 00:00:00,1996-12-03,,138-871,서울특별시 송파구 장지동 600-0 복정역구내,N,0,3230000-112-1996-02835,,3230000,,,03,폐업,식품자동판매기영업,02-226-6114,,,
기타,,보람칼라,식품자동판매기영업,2004-11-26,210775.452144611,444886.92475337,2026-05-06 22:41:08,I,02,폐업,0,,,,0,기타,,,,2003-09-02 00:00:00,1999-07-14,,138-836,서울특별시 송파구 방이동 225-0,N,0,3230000-112-1999-00355,,3230000,,,03,폐업,식품자동판매기영업,02-412-8913,,,
,,신동아타워,식품자동판매기영업,2004-05-24,,,2026-05-06 22:42:46,I,02,폐업,0,,,,,,,,,2003-01-16 00:00:00,2003-01-16,,138-827,서울특별시 송파구 방이동 39-1,N,,3230000-112-2003-00054,,3230000,,,03,폐업,식품자동판매기영업,02-407-0624,,,
,자가,중앙슈퍼,식품자동판매기영업,2007-04-27,210601.822808177,445350.073380273,2026-05-06 22:43:00,I,02,폐업,0,0,0,0,,,0,0,,2005-05-06 00:00:00,2004-06-29,,138-831,서울특별시 송파구 방이동 130-3 1층14호,N,,3230000-112-2004-00028,0,3230000,,,03,폐업,식품자동판매기영업,02-407-9419,,,
기타,,금강벤딩,식품자동판매기영업,2003-01-23,209607.590372037,447120.577229325,2026-05-06 22:41:30,I,02,폐업,0,,,,0,기타,,,,2003-09-02 00:00:00,1999-09-16,,138-878,서울특별시 송파구 풍납동 388-1,N,0,3230000-112-1999-00476,,3230000,,,03,폐업,식품자동판매기영업,02-2224-7886,,,
기타,,황소와암소,식품자동판매기영업,1998-06-23,209933.286185019,445357.24226156,2026-05-06 22:38:59,I,02,폐업,0,,,,0,기타,,,,2003-08-22 00:00:00,1993-05-22,,138-830,서울특별시 송파구 방이동 110-12,N,0,3230000-112-1993-00004,,3230000,,,03,폐업,식품자동판매기영업,02-203-4994,,,
,,청주슈퍼,식품자동판매기영업,2004-02-18,208135.788627095,444942.461021111,2026-05-06 22:42:52,I,02,폐업,0,,,,,,,,,2003-04-03 00:00:00,2003-04-03,,138-837,서울특별시 송파구 삼전동 27-0,N,,3230000-112-2003-00155,,3230000,,,03,폐업,식품자동판매기영업,02-414-5732,,,
,임대,커피에반하다 송파삼전점,식품자동판매기영업,2024-01-04,207815.181028902,444601.691964731,2026-05-06 22:43:43,I,02,폐업,0,,,,,,,,,2024-01-04 16:49:23,2023-06-21,4.00,138-837,서울특별시 송파구 삼전동 28-12 갑리빌딩,N,,3230000-112-2023-00019,,3230000,"서울특별시 송파구 백제고분로22길 4, 갑리빌딩 1층 101호 (삼전동)",05581,03,폐업,식품자동판매기영업,,,,
기타,,국민연금송파,식품자동판매기영업,1997-10-04,209496.859211168,445600.046915876,2026-05-06 22:38:59,I,02,폐업,0,,,,0,기타,,,,2003-08-21 00:00:00,1993-02-05,,138-828,서울특별시 송파구 방이동 66-2,N,0,3230000-112-1993-02263,,3230000,,,03,폐업,식품자동판매기영업,02-421-3291,,,
기타,,청해수산,식품자동판매기영업,2002-02-08,209276.661384383,445281.64560047,2026-05-06 22:41:58,I,02,폐업,0,,,,,기타,,,,2003-09-05 00:00:00,2001-09-03,,138-849,서울특별시 송파구 송파동 32-1 (현대레이크빌1층),N,,3230000-112-2001-00797,,3230000,,,03,폐업,식품자동판매기영업,02-483-5947,,,
기타,,용문학원,식품자동판매기영업,2000-03-16,210491.821694288,445514.139560791,2026-05-06 22:39:59,I,02,폐업,0,,,,0,기타,,,,2003-09-01 00:00:00,1999-03-09,,138-833,서울특별시 송파구 방이동 160-12,N,0,3230000-112-1999-00022,,3230000,,,03,폐업,식품자동판매기영업,02-424-1171,,,
,자가,의류할인매장,식품자동판매기영업,2004-09-09,211751.044284803,443077.366413892,2026-05-06 22:42:39,I,02,폐업,0,0,0,0,,,0,0,,2002-12-18 00:00:00,2002-12-18,,138-200,서울특별시 송파구 문정동 137-23 (1층),N,,3230000-112-2002-02203,0,3230000,,,03,폐업,식품자동판매기영업,02-431-2393,,,
기타,,건아마트,식품자동판매기영업,1999-12-07,,,2026-05-06 22:41:35,I,02,폐업,0,,,,0,기타,,,,2003-09-03 00:00:00,1999-10-05,,138-818,서울특별시 송파구 마천동 573-1,N,0,3230000-112-1999-00506,,3230000,,,03,폐업,식품자동판매기영업,02-408-8364,,,
기타,,-,식품자동판매기영업,2002-09-04,212958.601489888,443362.796227212,2026-05-06 22:39:39,I,02,폐업,0,,,,0,기타,,,,2003-09-09 00:00:00,1997-06-04,,138-814,서울특별시 송파구 거여동 30-19,N,0,3230000-112-1997-02898,,3230000,,,03,폐업,식품자동판매기영업,02-449-6823,,,
기타,,김인순,식품자동판매기영업,1993-09-09,210199.45921923,446539.279382444,2026-05-06 22:38:49,I,02,폐업,0,,,,0,기타,,,,2003-08-14 00:00:00,1992-01-04,,138-829,서울특별시 송파구 방이동 88,N,0,3230000-112-1992-01849,,3230000,,,03,폐업,식품자동판매기영업,02-471-6261,,,
기타,,향군리오커피숍,식품자동판매기영업,1999-09-27,208808.460094719,446014.471916419,2026-05-06 22:38:27,I,02,폐업,0,,,,0,지도,,,,2003-08-06 00:00:00,1989-01-26,,138-934,서울특별시 송파구 신천동 7-13 향군회관 1층,N,1,3230000-112-1989-01094,,3230000,,,03,폐업,식품자동판매기영업,02-416-6416,,,
기타,,-,식품자동판매기영업,2002-07-03,209074.900840074,445657.80932984,2026-05-06 22:41:07,I,02,폐업,0,,,,0,기타,,,,2003-09-09 00:00:00,1999-07-07,,138-934,서울특별시 송파구 신천동 29-0,N,0,3230000-112-1999-00352,,3230000,,,03,폐업,식품자동판매기영업,02-661-4799,,,
기타,,버티녹음노래연습장,식품자동판매기영업,1996-06-29,207300.028556978,445429.459850149,2026-05-06 22:38:55,I,02,폐업,0,,,,0,기타,,,,2003-08-19 00:00:00,1992-06-08,,138-861,서울특별시 송파구 잠실동 183-1,N,0,3230000-112-1992-02082,,3230000,,,03,폐업,식품자동판매기영업,02-423-6688,,,
주택가주변,,척산사우나,식품자동판매기영업,2004-11-26,211225.727825341,444997.028010334,2026-05-06 22:40:10,I,02,폐업,0,,,,0,우수,,,,2003-09-01 00:00:00,1999-04-15,,138-856,서울특별시 송파구 오금동 42-5,N,0,3230000-112-1999-00073,,3230000,,,03,폐업,식품자동판매기영업,02-448-9949,,,
기타,,잠실중앙상가,식품자동판매기영업,2002-04-10,208187.623477261,445589.718583334,2026-05-06 22:39:00,I,02,폐업,0,,,,0,기타,,,,2003-08-21 00:00:00,1993-02-08,,138-916,서울특별시 송파구 잠실동 27-6,N,0,3230000-112-1993-02278,,3230000,,,03,폐업,식품자동판매기영업,02-422-5851,,,
기타,,가락주유소,식품자동판매기영업,2004-11-26,210849.597649751,443569.698450718,2026-05-06 22:39:03,I,02,폐업,0,,,,0,기타,,,,2003-08-22 00:00:00,1994-03-14,,138-806,서울특별시 송파구 가락동 122-1,N,0,3230000-112-1994-02451,,3230000,,,03,폐업,식품자동판매기영업,02-448-6392,,,
기타,,송파족발,식품자동판매기영업,2000-12-21,210908.629235263,444253.412152787,2026-05-06 22:39:10,I,02,폐업,0,,,,0,기타,,,,2003-08-26 00:00:00,1994-04-29,,138-801,서울특별시 송파구 가락동 31-9 송파족발,N,0,3230000-112-1994-02675,,3230000,,,03,폐업,식품자동판매기영업,02-430-1604,,,
기타,,스쿨아이,식품자동판매기영업,2002-01-21,210235.901878763,444417.771928025,2026-05-06 22:41:11,I,02,폐업,0,,,,0,기타,,,,2003-09-02 00:00:00,1999-08-10,,138-854,서울특별시 송파구 송파동 173-9,N,0,3230000-112-1999-00391,,3230000,,,03,폐업,식품자동판매기영업,02-417-1221,,,
기타,,대신증권,식품자동판매기영업,1999-02-19,208707.089897534,446299.352775446,2026-05-06 22:38:31,I,02,폐업,0,,,,0,지도,,,,2003-08-07 00:00:00,1989-12-02,,138-934,서울특별시 송파구 신천동 7 장미상가,N,0,3230000-112-1989-01179,,3230000,,,03,폐업,식품자동판매기영업,02-423-1086,,,
기타,,명동국수,식품자동판매기영업,2004-11-26,210456.932121326,443484.595603431,2026-05-06 22:39:00,I,02,폐업,0,,,,0,기타,,,,2003-08-21 00:00:00,1993-02-06,,138-805,서울특별시 송파구 가락동 99-2,N,0,3230000-112-1993-02268,,3230000,,,03,폐업,식품자동판매기영업,02-419-7448,,,
,자가,서울시택시조합(2대),식품자동판매기영업,2005-12-27,209243.169349927,445935.092530909,2026-05-06 22:42:57,I,02,폐업,0,0,0,0,,,0,0,,2003-07-25 00:00:00,2003-07-25,,138-934,서울특별시 송파구 신천동 11-7,N,,3230000-112-2003-00256,0,3230000,,,03,폐업,식품자동판매기영업,02-420-6110,,,
,자가,화랑헬스운동기구,식품자동판매기영업,2006-02-09,209484.320725356,444751.41436612,2026-05-06 22:43:02,I,02,폐업,0,0,0,0,,,0,0,,2005-06-22 00:00:00,2005-06-22,,138-850,서울특별시 송파구 송파동 84-7 안흥빌딩 1층,N,,3230000-112-2005-00022,0,3230000,,,03,폐업,식품자동판매기영업,,,,
기타,,(주)선호유통,식품자동판매기영업,2005-11-10,209790.959909032,443481.212174317,2026-05-06 22:38:13,I,02,폐업,0,,,,0,기타,,,,2005-11-10 00:00:00,1985-06-22,,138-881,서울특별시 송파구 가락동 600 농수산물쎈타,N,0,3230000-112-1985-01233,,3230000,,,03,폐업,식품자동판매기영업,02-407-9733,,,
기타,,보광종합화장품,식품자동판매기영업,1994-02-08,213314.267531078,443608.995816831,2026-05-06 22:38:54,I,02,폐업,0,,,,0,기타,,,,2003-08-19 00:00:00,1992-04-02,,138-821,서울특별시 송파구 마천동 307-23,N,0,3230000-112-1992-02025,,3230000,,,03,폐업,식품자동판매기영업,02-430-0811,,,
기타,,아카데미하우스,식품자동판매기영업,2001-03-08,206989.715895815,445250.986490841,2026-05-06 22:41:51,I,02,폐업,0,,,,0,기타,,,,2003-01-13 00:00:00,2000-07-15,,138-862,서울특별시 송파구 잠실동 195-7,N,0,3230000-112-2000-00662,,3230000,,,03,폐업,식품자동판매기영업,02-414-3483,,,
기타,,금성벤딩(주),식품자동판매기영업,1995-11-13,207181.58,445473.864999999,2026-05-06 22:38:34,I,02,폐업,0,,,,0,기타,,,,2003-08-11 00:00:00,1991-07-29,,138-861,서울특별시 송파구 잠실동 181-5 서일빌딩 3층,N,0,3230000-112-1991-01349,,3230000,,,03,폐업,식품자동판매기영업,02-562-1191,,,
기타,,-,식품자동판매기영업,1998-01-21,208540.682565978,444731.718443004,2026-05-06 22:39:08,I,02,폐업,0,,,,0,기타,,,,2003-09-09 00:00:00,1994-04-11,,138-842,서울특별시 송파구 석촌동 2-11,N,0,3230000-112-1994-02619,,3230000,,,03,폐업,식품자동판매기영업,02-0000-0000,,,
,임대,CU송파올림픽점,식품자동판매기영업,,211986.297245596,446156.529775445,2026-05-06 22:43:43,I,01,영업,0,,,,,,,,,2023-10-01 21:43:20,2023-05-03,27.00,138-829,서울특별시 송파구 방이동 89 올림픽선수기자촌아파트,N,,3230000-112-2023-00012,,3230000,"서울특별시 송파구 양재대로 1218, F동 106호 (방이동, 올림픽선수기자촌아파트)",05649,01,영업/정상,식품자동판매기영업,,,,
기타,,한국코카콜라보틀링,식품자동판매기영업,2001-12-12,210481.077142289,443448.892122874,2026-05-06 22:41:04,I,02,폐업,0,,,,0,기타,,,,2003-09-02 00:00:00,1999-06-17,,138-805,서울특별시 송파구 가락동 99-5,N,0,3230000-112-1999-00314,,3230000,,,03,폐업,식품자동판매기영업,02-444-2053,,,
,자가,성내역,식품자동판매기영업,2005-12-28,208631.264585784,446586.957057294,2026-05-06 22:42:50,I,02,폐업,0,0,0,0,,,0,0,,2003-02-27 00:00:00,2003-02-27,,138-240,서울특별시 송파구 신천동 1 (성내역내승강장02번),N,,3230000-112-2003-00115,0,3230000,,,03,폐업,식품자동판매기영업,02-412-1050,,,
,임대,이미트24 잠실로얄점,식품자동판매기영업,2019-08-23,206877.843547481,444779.767260554,2026-05-06 22:43:35,I,02,폐업,0,,,,,,,,,2019-08-23 10:36:33,2018-08-09,3.30,138-865,서울특별시 송파구 잠실동 304 유진빌딩,N,,3230000-112-2018-00020,,3230000,"서울특별시 송파구 도곡로64길 6, 1층 102호 (잠실동, 유진빌딩)",05573,03,폐업,식품자동판매기영업,,,,
기타,,두리앙베이커리,식품자동판매기영업,2001-02-26,209731.088789474,445196.663465348,2026-05-06 22:41:50,I,02,폐업,0,,,,0,기타,,,,2003-01-13 00:00:00,2000-03-30,,138-849,서울특별시 송파구 송파동 47-3,N,0,3230000-112-2000-00642,,3230000,,,03,폐업,식품자동판매기영업,02-415-6710,,,
,자가,복권파티,식품자동판매기영업,2010-01-22,212855.365006096,443407.959906011,2026-05-06 22:42:56,I,02,폐업,0,0,0,0,,,0,0,,2003-06-18 00:00:00,2003-06-18,,138-814,서울특별시 송파구 거여동 31-10,N,,3230000-112-2003-00236,0,3230000,,,03,폐업,식품자동판매기영업,02-448-3605,,,
,자가,일성슈퍼,식품자동판매기영업,2004-11-08,211011.953418436,445311.069980881,2026-05-06 22:42:44,I,02,폐업,0,0,0,0,,,0,0,,2003-01-15 00:00:00,2003-01-15,,138-835,서울특별시 송파구 방이동 204-4,N,,3230000-112-2003-00039,0,3230000,,,03,폐업,식품자동판매기영업,02-414-1496,,,
주택가주변,,황금부동산,식품자동판매기영업,2005-09-23,209400.132823567,445079.521978274,2026-05-06 22:39:03,I,02,폐업,0,,,,0,우수,,,,2003-08-22 00:00:00,1994-03-11,,138-848,서울특별시 송파구 송파동 13-18,N,0,3230000-112-1994-02445,,3230000,,,03,폐업,식품자동판매기영업,02-414-2635,,,
기타,,카라파라,식품자동판매기영업,2002-12-31,210878.515429098,443075.872998689,2026-05-06 22:42:23,I,02,폐업,0,,,,,기타,,,,2003-09-08 00:00:00,2002-08-01,,138-825,서울특별시 송파구 문정동 29-24,N,,3230000-112-2002-00968,,3230000,,,03,폐업,식품자동판매기영업,02-431-9044,,,
기타,,경기학원,식품자동판매기영업,2003-03-13,209393.141585965,444350.722020836,2026-05-06 22:39:01,I,02,폐업,0,,,,0,기타,,,,2003-08-21 00:00:00,1993-02-25,,138-846,서울특별시 송파구 석촌동 277-1,N,0,3230000-112-1993-02331,,3230000,,,03,폐업,식품자동판매기영업,02-698-9145,,,
,,동천골,식품자동판매기영업,2005-04-11,213580.571811679,444113.586092963,2026-05-06 22:42:40,I,02,폐업,0,,,,,,,,,2003-09-08 00:00:00,2002-09-05,,138-819,서울특별시 송파구 마천동 199-3,N,,3230000-112-2002-02221,,3230000,,,03,폐업,식품자동판매기영업,02-449-8391,,,
기타,,주식회사보광,식품자동판매기영업,1998-11-27,211083.079854507,444474.489315972,2026-05-06 22:38:58,I,02,폐업,0,,,,0,기타,,,,2003-08-20 00:00:00,1992-08-26,,138-800,서울특별시 송파구 가락동 8-2,N,0,3230000-112-1992-02198,,3230000,,,03,폐업,식품자동판매기영업,02-595-3691,,,
기타,,(주)선호유통,식품자동판매기영업,1993-05-18,209790.959909032,443481.212174317,2026-05-06 22:38:24,I,02,폐업,0,,,,0,기타,,,,2003-08-11 00:00:00,1985-06-22,,138-881,서울특별시 송파구 가락동 600 농수산물센타,N,0,3230000-112-1985-01320,,3230000,,,03,폐업,식품자동판매기영업,02-407-9733,,,
,자가,지에스25 송파마천점,식품자동판매기영업,2021-03-02,213702.120938158,443565.249051177,2026-05-06 22:43:20,I,02,폐업,0,,,,,,,,,2021-03-02 10:17:46,2016-06-08,3.30,138-820,서울특별시 송파구 마천동 286-8,N,,3230000-112-2016-00018,,3230000,"서울특별시 송파구 성내천로 299, 1층 (마천동)",05760,03,폐업,식품자동판매기영업,,,,
,임대,씨유삼전점,식품자동판매기영업,,207765.345117075,444230.811991104,2026-05-06 22:43:34,I,01,영업,0,,,,,,,,,2018-03-02 10:34:49,2018-03-02,3.30,138-838,서울특별시 송파구 삼전동 39 현대아파트,N,,3230000-112-2018-00006,,3230000,"서울특별시 송파구 백제고분로22길 37, 현대아파트 1층 (삼전동)",05595,01,영업/정상,식품자동판매기영업,,,,
기타,,브이아이브이아이,식품자동판매기영업,2005-11-30,211986.297245596,446156.529775445,2026-05-06 22:39:03,I,02,폐업,0,,,,0,기타,,,,2003-08-22 00:00:00,1993-10-07,,138-829,서울특별시 송파구 방이동 89 올림픽프라자상가내 1층,N,0,3230000-112-1993-02438,,3230000,,,03,폐업,식품자동판매기영업,02-404-1827,,,
,,아람약국,식품자동판매기영업,2005-06-10,210005.480231859,445273.495447051,2026-05-06 22:42:44,I,02,폐업,0,0,0,0,,,,0,,2003-01-14 00:00:00,2003-01-14,,138-830,서울특별시 송파구 방이동 114-2,N,,3230000-112-2003-00034,,3230000,,,03,폐업,식품자동판매기영업,02-413-9372,,,
주택가주변,,강동엘피지,식품자동판매기영업,2020-05-25,207621.970399058,444604.740764292,2026-05-06 22:40:04,I,02,폐업,0,,,,0,우수,,,,2020-05-25 17:47:42,1999-04-07,,138-867,서울특별시 송파구 잠실동 336-9 강동엘피지,N,0,3230000-112-1999-00056,,3230000,"서울특별시 송파구 삼전로 47 (잠실동,강동엘피지)",05578,03,폐업,식품자동판매기영업,02-415-3311,,,
기타,,한신코아오피스텔,식품자동판매기영업,1996-12-31,209140.885315651,446042.592367722,2026-05-06 22:38:47,I,02,폐업,0,,,,0,기타,,,,2003-08-14 00:00:00,1991-12-30,,138-934,서울특별시 송파구 신천동 11-9,N,0,3230000-112-1991-01772,,3230000,,,03,폐업,식품자동판매기영업,02-444-3288,,,
기타,,한일슈퍼,식품자동판매기영업,,213795.835875629,443318.249008627,2026-05-06 22:38:57,I,01,영업,0,,,,0,기타,,,,2012-10-11 10:01:26,1992-07-24,,138-821,서울특별시 송파구 마천동 329-30,N,0,3230000-112-1992-02143,,3230000,서울특별시 송파구 성내천로 325 (마천동),05762,01,영업/정상,식품자동판매기영업,02-430-1863,,,
기타,,국민은행마천동지점,식품자동판매기영업,2007-12-27,212643.860107402,444170.320122251,2026-05-06 22:38:28,I,02,폐업,0,,,,0,지도,,,,2003-10-16 00:00:00,1989-05-11,,138-817,서울특별시 송파구 마천동 32-0,N,0,3230000-112-1989-01105,,3230000,,,03,폐업,식품자동판매기영업,02-769-8247,,,
기타,,한국관,식품자동판매기영업,2003-03-13,210491.688890281,443508.221246366,2026-05-06 22:41:52,I,02,폐업,0,,,,0,기타,,,,2003-09-03 00:00:00,2000-10-04,,138-805,서울특별시 송파구 가락동 99-1,N,0,3230000-112-2000-00678,,3230000,,,03,폐업,식품자동판매기영업,02-402-0909,,,
,자가,미성상가1층,식품자동판매기영업,2018-10-08,209393.076054654,446147.977949052,2026-05-06 22:43:02,I,02,폐업,0,0,0,0,,,0,0,,2018-10-08 09:19:42,2004-11-02,,138-240,서울특별시 송파구 신천동 17-6 미성상가,N,,3230000-112-2004-00055,0,3230000,서울특별시 송파구 올림픽로35길 77 (신천동),,03,폐업,식품자동판매기영업,02-413-4600,,,
,자가,이마트24 송파석촌점,식품자동판매기영업,2021-01-25,208555.387696552,444364.65982022,2026-05-06 22:43:23,I,02,폐업,0,,,,,,,,,2021-01-25 08:58:37,2017-05-15,3.30,138-845,서울특별시 송파구 석촌동 212,N,,3230000-112-2017-00024,,3230000,"서울특별시 송파구 삼학사로12길 6, 1층 (석촌동, 편의점 내)",05679,03,폐업,식품자동판매기영업,,,,
기타,,송파구청,식품자동판매기영업,2010-08-30,209309.168083103,445825.652756192,2026-05-06 22:38:59,I,02,폐업,0,,,,0,기타,,,,2006-12-29 00:00:00,1993-01-14,,138-934,서울특별시 송파구 신천동 29-5 Cvkc-5226cd(본관1층),N,0,3230000-112-1993-02255,,3230000,,,03,폐업,식품자동판매기영업,02-0000-0000,,,
기타,,(주)선호유통,식품자동판매기영업,1993-05-18,209790.959909032,443481.212174317,2026-05-06 22:38:24,I,02,폐업,0,,,,0,기타,,,,2003-08-11 00:00:00,1985-06-22,,138-881,서울특별시 송파구 가락동 600-0,N,0,3230000-112-1985-01314,,3230000,,,03,폐업,식품자동판매기영업,02-407-9733,,,
,자가,GS25 마천우방점,식품자동판매기영업,2017-09-06,213374.482750903,444245.235268426,2026-05-06 22:43:24,I,02,폐업,0,,,,,,,,,2017-09-06 12:29:13,2017-06-30,3.30,138-818,서울특별시 송파구 마천동 576,N,,3230000-112-2017-00034,,3230000,"서울특별시 송파구 성내천로 211 (마천동, 편의점 내 1층)",05746,03,폐업,식품자동판매기영업,,,,
기타,,(주)선호유통,식품자동판매기영업,1993-05-18,209790.959909032,443481.212174317,2026-05-06 22:38:22,I,02,폐업,0,,,,0,기타,,,,2003-08-08 00:00:00,1985-06-22,,138-881,서울특별시 송파구 가락동 600,N,0,3230000-112-1985-01279,,3230000,,,03,폐업,식품자동판매기영업,02-407-9733,,,
기타,,나! 닭발이야,식품자동판매기영업,2003-03-13,213702.120938158,443565.249051177,2026-05-06 22:42:01,I,02,폐업,0,,,,,기타,,,,2003-09-05 00:00:00,2001-09-15,,138-820,서울특별시 송파구 마천동 286-8,N,,3230000-112-2001-00839,,3230000,,,03,폐업,식품자동판매기영업,02-449-0320,,,
기타,,-,식품자동판매기영업,2003-07-03,211086.295590483,444584.867106735,2026-05-06 22:39:34,I,02,폐업,0,,,,0,기타,,,,2003-09-09 00:00:00,1997-01-23,,138-856,서울특별시 송파구 오금동 44-2,N,0,3230000-112-1997-02838,,3230000,,,03,폐업,식품자동판매기영업,02-447-8937,,,
기타,,성창빌딩지하,식품자동판매기영업,1993-02-10,209588.877484891,444335.22372979,2026-05-06 22:38:54,I,02,폐업,0,,,,0,기타,,,,2003-08-19 00:00:00,1992-04-02,,138-847,서울특별시 송파구 석촌동 297-2,N,0,3230000-112-1992-02026,,3230000,,,03,폐업,식품자동판매기영업,02-413-2383,,,
기타,,-,식품자동판매기영업,2000-01-20,212368.541769662,444326.718571676,2026-05-06 22:39:20,I,02,폐업,0,,,,0,기타,,,,2003-09-09 00:00:00,1994-11-08,,138-859,서울특별시 송파구 오금동 136-0,N,0,3230000-112-1994-02740,,3230000,,,03,폐업,식품자동판매기영업,02-409-3134,,,
기타,,일등슈퍼,식품자동판매기영업,2024-04-29,208115.272928815,444612.651896276,2026-05-06 22:38:39,I,02,폐업,0,,,,0,기타,,,,2024-04-29 10:23:09,1991-11-06,,138-839,서울특별시 송파구 삼전동 100-5,N,0,3230000-112-1991-01498,,3230000,서울특별시 송파구 백제고분로27길 5 (삼전동),05605,03,폐업,식품자동판매기영업,02-412-8131,,,
기타,,경기학원,식품자동판매기영업,2003-03-13,209393.141585965,444350.722020836,2026-05-06 22:39:01,I,02,폐업,0,,,,0,기타,,,,2003-08-21 00:00:00,1993-02-25,,138-846,서울특별시 송파구 석촌동 277-1,N,0,3230000-112-1993-02329,,3230000,,,03,폐업,식품자동판매기영업,02-698-9145,,,
기타,,-,식품자동판매기영업,2000-06-20,208346.369905314,444548.866601603,2026-05-06 22:39:27,I,02,폐업,0,,,,0,기타,,,,2003-09-09 00:00:00,1995-11-29,,138-840,서울특별시 송파구 삼전동 119-22,N,0,3230000-112-1995-02806,,3230000,,,03,폐업,식품자동판매기영업,02-0000-0000,,,
기타,,(주)보광,식품자동판매기영업,1997-12-26,208067.297169674,444511.809163071,2026-05-06 22:38:27,I,02,폐업,0,,,,0,기타,,,,2003-08-06 00:00:00,1989-04-03,,138-838,서울특별시 송파구 삼전동 49-5 중소기업은행내,N,0,3230000-112-1989-01097,,3230000,,,03,폐업,식품자동판매기영업,02-0000-0000,,,
기타,,삼대양상사,식품자동판매기영업,2004-06-16,211139.42305796,445171.099456501,2026-05-06 22:40:52,I,02,폐업,0,,,,0,기타,,,,2003-09-02 00:00:00,1999-05-26,,138-855,서울특별시 송파구 오금동 17-7,N,0,3230000-112-1999-00254,,3230000,,,03,폐업,식품자동판매기영업,02-443-1616,,,
기타,,가다가노래연습장,식품자동판매기영업,2010-02-04,209351.755742105,444553.900630148,2026-05-06 22:38:59,I,02,폐업,0,,,,0,기타,,,,2003-08-20 00:00:00,1992-09-14,,138-847,서울특별시 송파구 석촌동 282-2,N,0,3230000-112-1992-02220,,3230000,,,03,폐업,식품자동판매기영업,02-423-2232,,,
,자가,CU 방이 드림점,식품자동판매기영업,2020-01-20,209542.709911306,445868.526191867,2026-05-06 22:43:14,I,02,폐업,0,,,,,,,,,2020-01-20 09:14:09,2015-09-10,3.30,138-827,서울특별시 송파구 방이동 34-2 지상1층,N,,3230000-112-2015-00017,,3230000,"서울특별시 송파구 오금로11길 11-8, 지상1층 (방이동)",05542,03,폐업,식품자동판매기영업,02-425-3102,,,
기타,,국제전자,식품자동판매기영업,2004-11-17,210878.101421949,442486.088158457,2026-05-06 22:38:46,I,02,폐업,0,,,,0,기타,,,,2003-08-14 00:00:00,1991-12-27,,138-826,서울특별시 송파구 문정동 57-0,N,0,3230000-112-1991-01736,,3230000,,,03,폐업,식품자동판매기영업,02-588-6580,,,
주택가주변,,에스엠코인,식품자동판매기영업,2001-05-26,208233.926974585,445435.257647797,2026-05-06 22:40:00,I,02,폐업,0,,,,0,우수,,,,2003-09-01 00:00:00,1999-04-02,,138-915,서울특별시 송파구 잠실동 40-0 갤러리아백화점3층,N,0,3230000-112-1999-00041,,3230000,,,03,폐업,식품자동판매기영업,02-929-8400,,,
기타,,한국체육산업개발(주),식품자동판매기영업,2006-01-26,210199.45921923,446539.279382444,2026-05-06 22:39:01,I,02,폐업,0,,,,0,기타,,,,2006-01-26 00:00:00,1993-03-02,,138-829,서울특별시 송파구 방이동 88 수영장,N,0,3230000-112-1993-02351,,3230000,,,03,폐업,식품자동판매기영업,02-410-1189,,,
기타,,고향설렁탕,식품자동판매기영업,1998-12-26,212947.518523685,444232.761415224,2026-05-06 22:38:57,I,02,폐업,0,,,,0,기타,,,,2003-08-19 00:00:00,1992-07-21,,138-818,서울특별시 송파구 마천동 40-4,N,0,3230000-112-1992-02137,,3230000,,,03,폐업,식품자동판매기영업,02-456-3497,,,
기타,,낙원식당,식품자동판매기영업,2002-04-04,211513.377063931,444923.941652365,2026-05-06 22:42:01,I,02,폐업,0,,,,,기타,,,,2003-09-05 00:00:00,2001-09-14,,138-855,서울특별시 송파구 오금동 25-5,N,,3230000-112-2001-00837,,3230000,,,03,폐업,식품자동판매기영업,02-443-0421,,,
,,나인투파이브편의점,식품자동판매기영업,2008-05-21,209509.727369895,444397.004600874,2026-05-06 22:43:02,I,02,폐업,0,,,,,,,,,2005-06-16 00:00:00,2005-06-16,,138-847,서울특별시 송파구 석촌동 295-12 1층,N,,3230000-112-2005-00019,,3230000,,,03,폐업,식품자동판매기영업,,,,
기타,,강남쌀상회,식품자동판매기영업,2003-01-30,207776.794721567,444415.90563354,2026-05-06 22:38:42,I,02,폐업,0,,,,0,기타,,,,2003-08-12 00:00:00,1991-11-28,,138-838,서울특별시 송파구 삼전동 43-0,N,0,3230000-112-1991-01572,,3230000,,,03,폐업,식품자동판매기영업,02-412-3140,,,
기타,,-,식품자동판매기영업,1994-03-28,207215.582981526,445287.388278352,2026-05-06 22:38:42,I,02,폐업,0,,,,0,기타,,,,2003-09-09 00:00:00,1991-12-02,,138-861,서울특별시 송파구 잠실동 189-14,N,0,3230000-112-1991-01580,,3230000,,,03,폐업,식품자동판매기영업,02-414-2624,,,
기타,,-,식품자동판매기영업,2007-01-09,210788.893005123,443570.708833492,2026-05-06 22:38:47,I,02,폐업,0,,,,0,기타,,,,2003-09-09 00:00:00,1991-12-28,,138-806,서울특별시 송파구 가락동 112-1 5층,N,0,3230000-112-1991-01760,,3230000,,,03,폐업,식품자동판매기영업,,,,
기타,,세계산업,식품자동판매기영업,2000-01-25,210199.45921923,446539.279382444,2026-05-06 22:41:00,I,02,폐업,0,,,,0,기타,,,,2003-09-02 00:00:00,1999-06-08,,138-829,서울특별시 송파구 방이동 88-0,N,0,3230000-112-1999-00294,,3230000,,,03,폐업,식품자동판매기영업,02-414-1311,,,
기타,,스타게임랜드,식품자동판매기영업,2006-05-23,212798.579845771,443492.957261536,2026-05-06 22:41:01,I,02,폐업,0,,,,0,기타,,,,2003-09-02 00:00:00,1999-06-10,,138-814,서울특별시 송파구 거여동 40-1,N,0,3230000-112-1999-00305,,3230000,,,03,폐업,식품자동판매기영업,02-3402-2465,,,
기타,,용문학원,식품자동판매기영업,1999-07-24,210547.949914692,445810.404664192,2026-05-06 22:38:34,I,02,폐업,0,,,,0,기타,,,,2003-08-11 00:00:00,1991-07-26,,138-830,서울특별시 송파구 방이동 168-13,N,0,3230000-112-1991-01345,,3230000,,,03,폐업,식품자동판매기영업,02-415-6977,,,
기타,,롯데월드내쇼핑몰,식품자동판매기영업,1999-12-29,208589.363343145,445455.90405262,2026-05-06 22:38:44,I,02,폐업,0,,,,0,기타,,,,2003-08-13 00:00:00,1991-12-21,,138-721,서울특별시 송파구 잠실동 40-1 롯데월드 쇼핑몰,N,0,3230000-112-1991-01668,,3230000,,,03,폐업,식품자동판매기영업,02-562-1191,,,
,,씨유 잠실갤러리아점,식품자동판매기영업,2013-12-24,208233.926974585,445435.257647797,2026-05-06 22:43:11,I,02,폐업,0,,,,,,,,,2012-07-20 14:54:20,2012-02-15,,138-915,서울특별시 송파구 잠실동 40,N,,3230000-112-2012-00001,,3230000,"서울특별시 송파구 올림픽로 212, 109호 (잠실동, 갤러리아팰리스 A동 )",05553,03,폐업,식품자동판매기영업,02-2145-4884,,,
,자가,어당,식품자동판매기영업,2004-11-26,211111.307755587,445365.566611134,2026-05-06 22:42:53,I,02,폐업,0,0,0,0,,,0,0,,2003-05-30 00:00:00,2003-05-30,,138-834,서울특별시 송파구 방이동 185-8,N,,3230000-112-2003-00182,0,3230000,,,03,폐업,식품자동판매기영업,02-419-3565,,,
기타,,24시뼈감탕,식품자동판매기영업,2000-02-19,207593.596884964,444754.777315828,2026-05-06 22:39:04,I,02,폐업,0,,,,0,기타,,,,2003-08-22 00:00:00,1994-03-16,,138-864,서울특별시 송파구 잠실동 250-11 24시뼈감자,N,0,3230000-112-1994-02463,,3230000,,,03,폐업,식품자동판매기영업,02-489-5000,,,
기타,,(주)대우잠실레이크월드,식품자동판매기영업,2002-11-12,209495.573764625,445486.045812961,2026-05-06 22:41:53,I,02,폐업,0,,,,0,기타,,,,2003-09-03 00:00:00,2000-11-07,,138-849,서울특별시 송파구 송파동 58-1,N,0,3230000-112-2000-00698,,3230000,,,03,폐업,식품자동판매기영업,02-247-7079,,,
,,5호선오금역내자판기,식품자동판매기영업,,211086.295590483,444584.867106735,2026-05-06 22:43:10,I,01,영업,0,,,,,,,,,2010-07-13 16:50:15,2010-07-13,,138-856,서울특별시 송파구 오금동 44-2 5호선 오금역내,N,,3230000-112-2010-00034,,3230000,"서울특별시 송파구 오금로 지하 321 (오금동,5호선 오금역내)",05661,01,영업/정상,식품자동판매기영업,,,,
기타,,덕암빌딩,식품자동판매기영업,2008-01-24,210812.74,443104.81,2026-05-06 22:38:50,I,02,폐업,0,,,,0,기타,,,,2003-08-18 00:00:00,1992-01-24,,138-806,서울특별시 송파구 가락동 107-11 덕암빌딩 3층,N,0,3230000-112-1992-01892,,3230000,,,03,폐업,식품자동판매기영업,,,,
,자가,쌍용세탁소,식품자동판매기영업,2004-06-15,210852.178382506,444333.940401454,2026-05-06 22:42:42,I,02,폐업,0,0,0,0,,,0,0,,2003-01-11 00:00:00,2003-01-11,,138-801,서울특별시 송파구 가락동 29-0,N,,3230000-112-2003-00020,0,3230000,,,03,폐업,식품자동판매기영업,02-404-0311,,,
주택가주변,,잠실세무서,식품자동판매기영업,2009-04-28,209496.859211168,445600.046915876,2026-05-06 22:40:36,I,02,폐업,0,,,,0,우수,,,,2003-09-02 00:00:00,1999-05-07,,138-828,서울특별시 송파구 방이동 66-2,N,0,3230000-112-1999-00191,,3230000,,,03,폐업,식품자동판매기영업,02-431-0731,,,
기타,,핑크하트,식품자동판매기영업,2000-02-07,208358.611648909,444430.116226195,2026-05-06 22:38:43,I,02,폐업,0,,,,0,기타,,,,2003-08-13 00:00:00,1991-12-12,,138-841,서울특별시 송파구 삼전동 180-22,N,0,3230000-112-1991-01617,,3230000,,,03,폐업,식품자동판매기영업,02-424-3246,,,
기타,,젬랜드코리아,식품자동판매기영업,2000-08-22,209309.168083103,445825.652756192,2026-05-06 22:39:59,I,02,폐업,0,,,,0,기타,,,,2003-09-01 00:00:00,1999-03-09,,138-934,서울특별시 송파구 신천동 29-5,N,0,3230000-112-1999-00026,,3230000,,,03,폐업,식품자동판매기영업,02-898-8949,,,
기타,,샤론종합화장품,식품자동판매기영업,1996-12-06,,,2026-05-06 22:39:09,I,02,폐업,0,,,,0,기타,,,,2003-08-26 00:00:00,1994-04-22,,138-828,서울특별시 송파구 방이동 53-15,N,0,3230000-112-1994-02667,,3230000,,,03,폐업,식품자동판매기영업,02-408-7839,,,
기타,,하이웨이P.C방,식품자동판매기영업,2006-01-24,207320.712765736,445165.120352166,2026-05-06 22:42:03,I,02,폐업,0,,,,,기타,,,,2003-09-05 00:00:00,2001-11-13,,138-863,서울특별시 송파구 잠실동 213-0 (3층),N,,3230000-112-2001-00870,,3230000,,,03,폐업,식품자동판매기영업,02-422-6524,,,
기타,,챠오,식품자동판매기영업,2003-04-12,210287.714912749,444883.789075427,2026-05-06 22:41:12,I,02,폐업,0,,,,0,기타,,,,2003-09-02 00:00:00,1999-08-14,,138-854,서울특별시 송파구 송파동 149-4,N,0,3230000-112-1999-00398,,3230000,,,03,폐업,식품자동판매기영업,02-3431-2376,,,
기타,,노래연습실,식품자동판매기영업,2010-02-09,212929.521063724,443971.995588238,2026-05-06 22:38:58,I,02,폐업,0,,,,0,기타,,,,2003-08-20 00:00:00,1992-08-20,,138-818,서울특별시 송파구 마천동 116-9,N,0,3230000-112-1992-02186,,3230000,,,03,폐업,식품자동판매기영업,02-577-1900,,,
기타,,문정자동차공업(주),식품자동판매기영업,2004-11-26,211122.292193056,442384.560191336,2026-05-06 22:41:09,I,02,폐업,0,,,,0,기타,,,,2003-09-02 00:00:00,1999-07-27,,138-200,서울특별시 송파구 문정동 89-9,N,0,3230000-112-1999-00367,,3230000,,,03,폐업,식품자동판매기영업,02-408-4415,,,
주택가주변,,세신종합상가내,식품자동판매기영업,2009-04-13,212645.539631084,443127.535494347,2026-05-06 22:40:22,I,02,폐업,0,,,,0,우수,,,,2006-10-25 00:00:00,1999-05-03,,138-110,서울특별시 송파구 거여동 290-1 세신종합상가,N,0,3230000-112-1999-00154,,3230000,,,03,폐업,식품자동판매기영업,02-408-4089,,,
기타,,마천기사식당,식품자동판매기영업,1997-03-29,213005.82357597,444231.375326077,2026-05-06 22:38:37,I,02,폐업,0,,,,0,기타,,,,2003-08-12 00:00:00,1991-09-26,,138-818,서울특별시 송파구 마천동 49-12,N,0,3230000-112-1991-01452,,3230000,,,03,폐업,식품자동판매기영업,02-401-1416,,,
기타,,대우슈퍼,식품자동판매기영업,1999-06-01,209881.327847441,445574.271079147,2026-05-06 22:39:17,I,02,폐업,0,,,,0,기타,,,,2003-08-28 00:00:00,1994-10-31,,138-829,서울특별시 송파구 방이동 106-19,N,0,3230000-112-1994-02724,,3230000,,,03,폐업,식품자동판매기영업,02-418-4663,,,
기타,,한아름슈퍼,식품자동판매기영업,2000-02-01,211780.855110981,444987.563462453,2026-05-06 22:39:07,I,02,폐업,0,,,,0,기타,,,,2003-08-25 00:00:00,1994-04-08,,138-858,서울특별시 송파구 오금동 90-10,N,0,3230000-112-1994-02587,,3230000,,,03,폐업,식품자동판매기영업,02-0404-5637,,,
주택가주변,,프린트하우스,식품자동판매기영업,2000-04-18,207329.79263465,445116.044838746,2026-05-06 22:40:00,I,02,폐업,0,,,,0,자율,,,,2003-09-01 00:00:00,1999-03-17,,138-863,서울특별시 송파구 잠실동 213-6,N,0,3230000-112-1999-00028,,3230000,,,03,폐업,식품자동판매기영업,02-420-8216,,,
기타,,미래공인중개사사무소,식품자동판매기영업,,210645.199029253,445532.817755171,2026-05-06 22:39:04,I,01,영업,0,,,,0,기타,,,,2013-06-04 15:45:22,1994-04-01,,138-833,서울특별시 송파구 방이동 162-7,N,0,3230000-112-1994-02485,,3230000,서울특별시 송파구 가락로42길 16 (방이동),05635,01,영업/정상,식품자동판매기영업,02-417-1151,,,
기타,,롯데쇼핑(주)새마을금고월드점,식품자동판매기영업,2002-06-03,,,2026-05-06 22:38:27,I,02,폐업,0,,,,0,지도,,,,2003-08-06 00:00:00,1989-01-12,,138-220,서울특별시 송파구 잠실동 산 40-1 새마을금고,N,0,3230000-112-1989-01078,,3230000,,,03,폐업,식품자동판매기영업,,,,
기타,,농심슈퍼,식품자동판매기영업,2001-03-19,207663.928799032,445037.105143728,2026-05-06 22:38:44,I,02,폐업,0,,,,0,기타,,,,2003-08-13 00:00:00,1991-12-20,,138-864,서울특별시 송파구 잠실동 241-4,N,0,3230000-112-1991-01641,,3230000,,,03,폐업,식품자동판매기영업,02-418-8259,,,
기타,,수협수산물백화점잠실점,식품자동판매기영업,2010-02-04,209248.202985108,446007.433803699,2026-05-06 22:39:26,I,02,폐업,0,,,,0,기타,,,,2003-08-28 00:00:00,1995-05-31,,138-934,서울특별시 송파구 신천동 11-6 수협1층,N,0,3230000-112-1995-02794,,3230000,,,03,폐업,식품자동판매기영업,02-240-3103,,,
기타,,마사회새마을금고,식품자동판매기영업,2005-12-28,209440.726523187,444369.495694674,2026-05-06 22:39:24,I,02,폐업,0,,,,0,기타,,,,2003-08-28 00:00:00,1995-03-13,,138-846,서울특별시 송파구 석촌동 277-2 한국마사회,N,0,3230000-112-1995-02778,,3230000,,,03,폐업,식품자동판매기영업,02-509-1427,,,
기타,,거림마트,식품자동판매기영업,2005-09-26,208648.850084121,444767.440404014,2026-05-06 22:42:11,I,02,폐업,0,,,,,기타,,,,2003-09-08 00:00:00,2002-07-11,,138-842,서울특별시 송파구 석촌동 5-8,N,,3230000-112-2002-00925,,3230000,,,03,폐업,식품자동판매기영업,02-414-5236,,,
기타,,만남분식,식품자동판매기영업,2007-06-01,213090.446132803,443395.509636603,2026-05-06 22:42:21,I,02,폐업,0,,,,,기타,,,,2003-09-08 00:00:00,2002-07-23,,138-814,서울특별시 송파구 거여동 32-5,N,,3230000-112-2002-00953,,3230000,,,03,폐업,식품자동판매기영업,02-404-8733,,,
기타,,케이투문정점,식품자동판매기영업,2004-09-18,211139.612174594,443371.019641553,2026-05-06 22:41:42,I,02,폐업,0,,,,0,기타,,,,2003-11-19 00:00:00,1999-10-20,,138-807,서울특별시 송파구 가락동 126-2,N,0,3230000-112-1999-00545,,3230000,,,03,폐업,식품자동판매기영업,02-449-3900,,,
기타,,(주)선호유통,식품자동판매기영업,1993-05-18,209790.959909032,443481.212174317,2026-05-06 22:38:24,I,02,폐업,0,,,,0,기타,,,,2003-08-11 00:00:00,1985-06-22,,138-881,서울특별시 송파구 가락동 600-0 농수산물쎈타,N,0,3230000-112-1985-01313,,3230000,,,03,폐업,식품자동판매기영업,02-407-9733,,,
기타,,환경처,식품자동판매기영업,1994-08-11,208851.007809422,445928.490511145,2026-05-06 22:38:45,I,02,폐업,0,,,,0,기타,,,,2003-08-13 00:00:00,1991-12-26,,138-934,서울특별시 송파구 신천동 7-16 6층,N,0,3230000-112-1991-01688,,3230000,,,03,폐업,식품자동판매기영업,02-662-4575,,,
,,롯데마트 송파점,식품자동판매기영업,2020-12-09,210343.699256005,443288.284974717,2026-05-06 22:43:11,I,02,폐업,0,,,,,,,,,2020-12-09 14:28:58,2011-05-25,,138-885,서울특별시 송파구 문정동 150-2,N,,3230000-112-2011-00007,,3230000,서울특별시 송파구 중대로 80 (문정동),05833,03,폐업,식품자동판매기영업,02-2621-6599,,,
기타,,-,식품자동판매기영업,1998-11-05,209790.959909032,443481.212174317,2026-05-06 22:38:49,I,02,폐업,0,,,,0,기타,,,,2003-09-09 00:00:00,1992-01-04,,138-881,서울특별시 송파구 가락동 600-0,N,0,3230000-112-1992-01834,,3230000,,,03,폐업,식품자동판매기영업,,,,
,자가,cafe 써드(Third),식품자동판매기영업,2023-01-13,211086.67,442341.08,2026-05-06 22:43:41,I,02,폐업,0,,,,,,,,,2023-01-13 12:11:46,2022-06-20,3.30,138-826,서울특별시 송파구 문정동 70-8 동명빌딩,N,,3230000-112-2022-00013,,3230000,"서울특별시 송파구 문정로4길 36, 동명빌딩 1층 (문정동)",05808,03,폐업,식품자동판매기영업,,,,
,자가,조이웹피씨(PC)방,식품자동판매기영업,2009-12-18,209201.165775308,444826.774906339,2026-05-06 22:43:00,I,02,폐업,0,0,0,0,,,0,0,,2004-06-16 00:00:00,2004-06-16,,138-844,서울특별시 송파구 석촌동 176,N,,3230000-112-2004-00027,0,3230000,,,03,폐업,식품자동판매기영업,02-417-1423,,,
,임대,잠실상가내 자판기,식품자동판매기영업,2024-12-30,208317.419891103,445894.98085039,2026-05-06 22:43:12,I,02,폐업,0,,,,,,,,,2024-12-30 11:52:24,2012-06-14,1.65,138-916,서울특별시 송파구 잠실동 27 지하상가내 지하1층,N,,3230000-112-2012-00021,,3230000,"서울특별시 송파구 송파대로 567, 지하1층 (잠실동, 지하상가내)",05503,03,폐업,식품자동판매기영업,,,,
기타,,원조돌구이,식품자동판매기영업,1997-01-20,,,2026-05-06 22:38:36,I,02,폐업,0,,,,0,기타,,,,2003-08-11 00:00:00,1991-08-26,,138-830,서울특별시 송파구 방이동 159-18,N,0,3230000-112-1991-01398,,3230000,,,03,폐업,식품자동판매기영업,02-423-4795,,,
기타,,여기란제리,식품자동판매기영업,2011-07-04,211060.959642849,443714.359323134,2026-05-06 22:39:25,I,02,폐업,0,,,,0,기타,,,,2003-08-28 00:00:00,1995-05-06,,138-808,서울특별시 송파구 가락동 143-6,N,0,3230000-112-1995-02785,,3230000,,,03,폐업,식품자동판매기영업,02-400-6448,,,
기타,,(주)선호유통,식품자동판매기영업,1995-06-26,209790.959909032,443481.212174317,2026-05-06 22:38:19,I,02,폐업,0,,,,0,기타,,,,2003-08-08 00:00:00,1985-06-22,,138-881,서울특별시 송파구 가락동 600,N,0,3230000-112-1985-01264,,3230000,,,03,폐업,식품자동판매기영업,02-407-9733,,,
기타,,송파휴게실,식품자동판매기영업,2010-12-31,209490.110751585,444320.588355751,2026-05-06 22:38:54,I,02,폐업,0,,,,0,기타,,,,2003-08-19 00:00:00,1992-03-14,,138-846,서울특별시 송파구 석촌동 276-9,N,0,3230000-112-1992-02014,,3230000,,,03,폐업,식품자동판매기영업,02-400-9246,,,
기타,,-,식품자동판매기영업,2010-02-24,210031.905108466,445458.885088696,2026-05-06 22:39:05,I,02,폐업,0,,,,0,기타,,,,2003-09-09 00:00:00,1994-04-06,,138-830,서울특별시 송파구 방이동 112-0,N,0,3230000-112-1994-02527,,3230000,,,03,폐업,식품자동판매기영업,02-422-8284,,,
기타,,(주)한화유통,식품자동판매기영업,1999-04-23,208233.926974585,445435.257647797,2026-05-06 22:38:40,I,02,폐업,0,,,,0,기타,,,,2003-08-12 00:00:00,1991-11-12,,138-915,서울특별시 송파구 잠실동 40-0 한화유통 지하 1층,N,0,3230000-112-1991-01512,,3230000,,,03,폐업,식품자동판매기영업,02-410-7480,,,
기타,,재향군인회,식품자동판매기영업,2000-05-29,208808.460094719,446014.471916419,2026-05-06 22:41:46,I,02,폐업,0,,,,0,기타,,,,2003-09-03 00:00:00,1999-10-28,,138-934,서울특별시 송파구 신천동 7-13,N,0,3230000-112-1999-00583,,3230000,,,03,폐업,식품자동판매기영업,02-417-1835,,,
,자가,cu 거여공원점,식품자동판매기영업,2018-04-11,212531.40901284,443634.475858695,2026-05-06 22:43:21,I,02,폐업,0,,,,,,,,,2018-04-11 17:10:08,2016-11-01,3.30,138-813,서울특별시 송파구 거여동 17,N,,3230000-112-2016-00026,,3230000,"서울특별시 송파구 거마로3길 21, 1층 (거여동)",05744,03,폐업,식품자동판매기영업,,,,
기타,,25시노래연습실,식품자동판매기영업,2004-11-26,209588.877484891,444335.22372979,2026-05-06 22:39:00,I,02,폐업,0,,,,0,기타,,,,2003-08-21 00:00:00,1993-02-08,,138-847,서울특별시 송파구 석촌동 297-2,N,0,3230000-112-1993-02279,,3230000,,,03,폐업,식품자동판매기영업,02-413-2373,,,
주택가주변,,서울은행잠실본동,식품자동판매기영업,2005-05-23,207611.893187956,445142.218743059,2026-05-06 22:40:35,I,02,폐업,0,,,,0,우수,,,,2003-09-02 00:00:00,1999-05-06,,138-862,서울특별시 송파구 잠실동 209-5 서울은행,N,0,3230000-112-1999-00182,,3230000,,,03,폐업,식품자동판매기영업,02-416-6410,,,
기타,,동남부동산,식품자동판매기영업,2002-03-30,208496.260053809,444695.959466977,2026-05-06 22:38:34,I,02,폐업,0,,,,0,기타,,,,2003-08-11 00:00:00,1991-07-24,,138-840,서울특별시 송파구 삼전동 131-5 (동남부동산),N,0,3230000-112-1991-01343,,3230000,,,03,폐업,식품자동판매기영업,02-422-0038,,,
,,강동주유소,식품자동판매기영업,2006-12-12,210591.692654859,444928.282411984,2026-05-06 22:42:59,I,02,폐업,0,,,,,,,,,2004-02-12 00:00:00,2004-02-12,,138-836,서울특별시 송파구 방이동 226-10,N,,3230000-112-2004-00007,,3230000,,,03,폐업,식품자동판매기영업,02-0412-3354,,,
,자가,농협 가락동지점,식품자동판매기영업,2008-07-29,210555.396352726,443941.695904851,2026-05-06 22:43:03,I,02,폐업,0,0,0,0,,,0,0,,2005-10-26 00:00:00,2005-10-26,,138-802,서울특별시 송파구 가락동 71-0,N,,3230000-112-2005-00034,0,3230000,,,03,폐업,식품자동판매기영업,02-3401-9542,,,
기타,,맛촌,식품자동판매기영업,2003-06-24,208914.529382215,444979.40718331,2026-05-06 22:39:28,I,02,폐업,0,,,,0,기타,,,,2003-08-29 00:00:00,1996-05-20,,138-844,서울특별시 송파구 석촌동 158-11,N,0,3230000-112-1996-02820,,3230000,,,03,폐업,식품자동판매기영업,02-424-4858,,,
기타,,교통연수원,식품자동판매기영업,2013-03-04,209243.169349927,445935.092530909,2026-05-06 22:38:46,I,02,폐업,0,,,,0,기타,,,,2003-08-14 00:00:00,1991-12-28,,138-934,서울특별시 송파구 신천동 11-7,N,0,3230000-112-1991-01746,,3230000,,,03,폐업,식품자동판매기영업,02-414-0897,,,
기타,,한아름슈퍼,식품자동판매기영업,2001-12-04,209933.359858718,444887.219137802,2026-05-06 22:39:05,I,02,폐업,0,,,,0,기타,,,,2003-08-25 00:00:00,1994-04-04,,138-851,서울특별시 송파구 송파동 118-12,N,0,3230000-112-1994-02516,,3230000,,,03,폐업,식품자동판매기영업,02-415-3766,,,
기타,,-,식품자동판매기영업,2000-07-26,209195.467829196,445016.838466855,2026-05-06 22:39:05,I,02,폐업,0,,,,0,기타,,,,2003-09-09 00:00:00,1994-04-02,,138-844,서울특별시 송파구 석촌동 184-4,N,0,3230000-112-1994-02491,,3230000,,,03,폐업,식품자동판매기영업,02-457-5093,,,
,자가,새마을금고,식품자동판매기영업,2005-08-05,213178.608873333,443898.219319932,2026-05-06 22:42:58,I,02,폐업,0,0,0,0,,,0,0,,2003-12-06 00:00:00,2003-12-06,,138-819,서울특별시 송파구 마천동 129-9,N,,3230000-112-2003-00295,0,3230000,,,03,폐업,식품자동판매기영업,02-406-1191,,,
,자가,등촌동샤브샤브칼국수,식품자동판매기영업,2007-02-28,207664.912872888,445106.471270299,2026-05-06 22:43:01,I,02,폐업,0,0,0,0,,,0,0,,2004-09-30 00:00:00,2004-09-30,,138-862,서울특별시 송파구 잠실동 209-9,N,,3230000-112-2004-00047,0,3230000,,,03,폐업,식품자동판매기영업,02-412-8463,,,
기타,,주신상회,식품자동판매기영업,1993-03-18,207004.830567831,445374.574610776,2026-05-06 22:38:50,I,02,폐업,0,,,,0,기타,,,,2003-08-18 00:00:00,1992-01-27,,138-861,서울특별시 송파구 잠실동 177-4,N,0,3230000-112-1992-01898,,3230000,,,03,폐업,식품자동판매기영업,02-418-7606,,,
기타,,(주)스노우아이스,식품자동판매기영업,2008-12-31,208589.363343145,445455.90405262,2026-05-06 22:41:09,I,02,폐업,0,,,,0,기타,,,,2003-09-02 00:00:00,1999-08-06,,138-721,서울특별시 송파구 잠실동 40-1 (롯데월드내),N,0,3230000-112-1999-00377,,3230000,,,03,폐업,식품자동판매기영업,02-404-2161,,,
기타,,한일정형외과,식품자동판매기영업,1997-01-29,,,2026-05-06 22:38:43,I,02,폐업,0,,,,0,기타,,,,2003-08-13 00:00:00,1991-12-12,,138-873,서울특별시 송파구 풍납동 497-1,N,0,3230000-112-1991-01615,,3230000,,,03,폐업,식품자동판매기영업,02-414-1777,,,
기타,,신성교회,식품자동판매기영업,2002-04-10,213488.083352073,443622.103206938,2026-05-06 22:42:03,I,02,폐업,0,,,,,기타,,,,2003-09-08 00:00:00,2001-12-13,,138-821,서울특별시 송파구 마천동 304-0,N,,3230000-112-2001-00887,,3230000,,,03,폐업,식품자동판매기영업,02-407-8302,,,
,자가,cu방이가락로점,식품자동판매기영업,2023-05-09,210625.3542762,445542.627605682,2026-05-06 22:43:21,I,02,폐업,0,,,,,,,,,2023-05-09 15:32:00,2016-11-01,3.30,138-833,서울특별시 송파구 방이동 162,N,,3230000-112-2016-00027,,3230000,"서울특별시 송파구 가락로42길 14, 1층 (방이동)",05635,03,폐업,식품자동판매기영업,,,,
기타,,한아름슈퍼,식품자동판매기영업,,213547.104884445,443921.561030654,2026-05-06 22:38:35,I,01,영업,0,,,,0,기타,,,,2003-08-11 00:00:00,1991-08-14,,138-819,서울특별시 송파구 마천동 203-1,N,0,3230000-112-1991-01371,,3230000,서울특별시 송파구 성내천로 260 (마천동),05750,01,영업/정상,식품자동판매기영업,02-401-1540,,,
기타,,올림픽파크텔,식품자동판매기영업,1997-01-29,210199.45921923,446539.279382444,2026-05-06 22:39:00,I,02,폐업,0,,,,0,기타,,,,2003-09-09 00:00:00,1993-02-10,,138-829,서울특별시 송파구 방이동 88-0,N,0,3230000-112-1993-02307,,3230000,,,03,폐업,식품자동판매기영업,,,,
기타,,청송빌딩(대우전자),식품자동판매기영업,1992-08-04,210786.206165725,443087.063314495,2026-05-06 22:38:42,I,02,폐업,0,,,,0,기타,,,,2003-08-12 00:00:00,1991-11-29,,138-806,서울특별시 송파구 가락동 107-9,N,0,3230000-112-1991-01576,,3230000,,,03,폐업,식품자동판매기영업,02-419-9220,,,
기타,,원호일,식품자동판매기영업,1996-07-24,211498.893381664,443804.282058754,2026-05-06 22:38:30,I,02,폐업,0,,,,0,기타,,,,2003-08-07 00:00:00,1989-11-20,,138-810,서울특별시 송파구 가락동 164-1,N,0,3230000-112-1989-01150,,3230000,,,03,폐업,식품자동판매기영업,02-407-1420,,,
,임대,GS 편의점 (아르페온점),식품자동판매기영업,2019-06-13,,,2026-05-06 22:43:37,I,02,폐업,0,,,,,,,,,2019-06-13 16:50:21,2019-06-12,1.00,138-888,서울특별시 송파구 문정동 640 케이디유타워,N,,3230000-112-2019-00012,,3230000,"서울특별시 송파구 정의로 70, 케이디유타워 103,104호 (문정동)",05836,03,폐업,식품자동판매기영업,,,,
,자가,지에스25 한강잠실 2호,식품자동판매기영업,2020-12-01,207280.548175724,446256.122690837,2026-05-06 22:43:12,I,02,폐업,0,,,,,,,,,2020-12-01 15:24:22,2012-07-24,2.00,138-889,서울특별시 송파구 잠실동 1-1,N,,3230000-112-2012-00025,,3230000,"서울특별시 송파구 백제고분로 2, 지상1층 (잠실동, 잠실트랙구장왼편 잔디밭)",05500,03,폐업,식품자동판매기영업,,,,
,,강남수병원,식품자동판매기영업,2025-06-16,207925.368375732,444940.116996693,2026-05-06 22:43:08,I,02,폐업,0,,,,,,,,,2025-06-17 13:11:31,2009-06-19,,138-837,서울특별시 송파구 삼전동 1-7 강남수병원1층계단앞,N,,3230000-112-2009-00029,,3230000,"서울특별시 송파구 삼전로 94 (삼전동,강남수병원1층계단앞)",05599,03,폐업,식품자동판매기영업,02-421-7100,,,
기타,,-,식품자동판매기영업,2010-01-14,211418.274437969,445200.093101986,2026-05-06 22:39:26,I,02,폐업,0,,,,0,기타,,,,2003-09-09 00:00:00,1995-07-21,,138-855,서울특별시 송파구 오금동 10-0,N,0,3230000-112-1995-02800,,3230000,,,03,폐업,식품자동판매기영업,02-0000-0000,,,
기타,,방이슈퍼,식품자동판매기영업,2023-09-21,210282.478607038,445741.888861314,2026-05-06 22:39:04,I,02,폐업,0,,,,0,기타,,,,2023-09-21 14:49:49,1994-03-19,,138-830,서울특별시 송파구 방이동 175-7 대영슈퍼,N,0,3230000-112-1994-02473,,3230000,"서울특별시 송파구 백제고분로50길 19 (방이동,대영슈퍼)",05627,03,폐업,식품자동판매기영업,02-412-8001,,,
주택가주변,,은혜식품,식품자동판매기영업,2001-06-29,213399.019757576,443989.886025307,2026-05-06 22:39:03,I,02,폐업,0,,,,0,기타,,,,2003-08-28 00:00:00,1994-10-29,,138-819,서울특별시 송파구 마천동 173-19,N,0,3230000-112-1994-00005,,3230000,,,03,폐업,식품자동판매기영업,02-0430-9526,,,
기타,,한국지역사회교육중앙협의회,식품자동판매기영업,1997-03-26,209839.061123831,446046.238583722,2026-05-06 22:39:25,I,02,폐업,0,,,,0,기타,,,,2003-08-28 00:00:00,1995-05-16,,138-827,서울특별시 송파구 방이동 41-3 한국지사회,N,0,3230000-112-1995-02786,,3230000,,,03,폐업,식품자동판매기영업,02-424-8377,,,
,자가,인애가송파한방병원,식품자동판매기영업,2012-05-10,211382.026862476,442795.708066717,2026-05-06 22:43:05,I,02,폐업,0,,,,,,,,,2009-04-17 09:40:54,2007-09-03,.00,138-824,서울특별시 송파구 문정동 17-5,N,,3230000-112-2007-00017,,3230000,,,03,폐업,식품자동판매기영업,02-443-7575,,,
기타,,아몬드제과,식품자동판매기영업,2004-11-26,,,2026-05-06 22:39:22,I,02,폐업,0,,,,0,기타,,,,2003-08-28 00:00:00,1994-12-02,,138-814,서울특별시 송파구 거여동 181-178,N,0,3230000-112-1994-02763,,3230000,,,03,폐업,식품자동판매기영업,02-406-0701,,,
,자가,여의도순복음 송파교회,식품자동판매기영업,2012-05-14,210804.42250407,445333.187498387,2026-05-06 22:43:02,I,02,폐업,0,0,0,0,,,0,0,,2010-11-30 11:25:54,2005-02-17,,138-835,서울특별시 송파구 방이동 209-1,N,,3230000-112-2005-00006,0,3230000,,,03,폐업,식품자동판매기영업,,,,
,자가,제이에스 컴퍼니,식품자동판매기영업,2022-08-16,213083.043647929,442635.289840112,2026-05-06 22:43:41,I,02,폐업,0,,,,,,,,,2022-08-16 12:45:35,2022-06-03,9.90,138-110,서울특별시 송파구 거여동 651 위례포레샤인 17단지,N,,3230000-112-2022-00010,,3230000,"서울특별시 송파구 위례송파로 123, 상가1동 지하1층 B104-2호 (거여동, 위례포레샤인 17단지)",05846,03,폐업,식품자동판매기영업,,,,
기타,,장해회집,식품자동판매기영업,2002-12-10,210124.635105079,447376.618567686,2026-05-06 22:39:04,I,02,폐업,0,,,,0,기타,,,,2003-08-22 00:00:00,1994-03-17,,138-876,서울특별시 송파구 풍납동 330-21 장해회집,N,0,3230000-112-1994-02467,,3230000,,,03,폐업,식품자동판매기영업,02-483-3860,,,
,,민영상사,식품자동판매기영업,2012-12-31,207006.591695429,445317.839419365,2026-05-06 22:43:08,I,02,폐업,0,,,,,,,,,2009-06-23 14:57:34,2009-06-23,,138-862,서울특별시 송파구 잠실동 194 잠실스포츠,N,,3230000-112-2009-00031,,3230000,,,03,폐업,식품자동판매기영업,,,,
기타,,호수치킨,식품자동판매기영업,1999-03-06,209240.579467845,444954.764895918,2026-05-06 22:39:03,I,02,폐업,0,,,,0,기타,,,,2003-08-22 00:00:00,1993-07-09,,138-844,서울특별시 송파구 석촌동 184-7,N,1,3230000-112-1993-02432,,3230000,,,03,폐업,식품자동판매기영업,02-420-1776,,,
기타,,효자공인중개사사무소,식품자동판매기영업,2011-03-07,209435.798366058,445035.177832456,2026-05-06 22:41:13,I,02,폐업,0,,,,0,기타,,,,2003-09-02 00:00:00,1999-08-27,,138-848,서울특별시 송파구 송파동 14-18,N,0,3230000-112-1999-00406,,3230000,,,03,폐업,식품자동판매기영업,02-701-3240,,,
기타,,금성벤딩(주),식품자동판매기영업,1995-11-13,208589.363343145,445455.90405262,2026-05-06 22:38:53,I,02,폐업,0,,,,0,기타,,,,2003-08-18 00:00:00,1992-02-28,,138-721,서울특별시 송파구 잠실동 40-1 호텔롯데월드,N,0,3230000-112-1992-01987,,3230000,,,03,폐업,식품자동판매기영업,02-562-1191,,,
주택가주변,,태평양게임랜드,식품자동판매기영업,2001-03-22,209573.702036723,445919.513434498,2026-05-06 22:40:33,I,02,폐업,0,,,,0,우수,,,,2003-09-02 00:00:00,1999-05-04,,138-827,서울특별시 송파구 방이동 36-16,N,0,3230000-112-1999-00174,,3230000,,,03,폐업,식품자동판매기영업,02-3431-0780,,,
,자가,미니스톱M 신천역점,식품자동판매기영업,2017-12-05,207816.197832607,445484.291507835,2026-05-06 22:43:12,I,02,폐업,0,,,,,,,,,2017-12-05 16:49:53,2012-11-28,28.00,138-915,서울특별시 송파구 잠실동 33 신천역사내,N,,3230000-112-2012-00035,,3230000,"서울특별시 송파구 올림픽로 지하 140 (잠실동, 신천역사내)",05555,03,폐업,식품자동판매기영업,,,,
기타,,한국체육산업개발(주),식품자동판매기영업,2006-01-27,210199.45921923,446539.279382444,2026-05-06 22:39:02,I,02,폐업,0,0,0,0,0,기타,,0,,2003-08-22 00:00:00,1993-03-02,,138-829,서울특별시 송파구 방이동 88-0 경륜경기장,N,0,3230000-112-1993-02380,,3230000,,,03,폐업,식품자동판매기영업,02-410-1189,,,
기타,,-,식품자동판매기영업,1993-09-09,210199.45921923,446539.279382444,2026-05-06 22:38:49,I,02,폐업,0,,,,0,기타,,,,2003-09-09 00:00:00,1992-01-04,,138-829,서울특별시 송파구 방이동 88,N,0,3230000-112-1992-01847,,3230000,,,03,폐업,식품자동판매기영업,02-471-6261,,,
기타,,롯데쇼핑(주)새마을금고,식품자동판매기영업,1993-08-28,208589.363343145,445455.90405262,2026-05-06 22:38:33,I,02,폐업,0,,,,0,기타,,,,2003-08-11 00:00:00,1991-07-19,,138-915,서울특별시 송파구 잠실동 40-1 롯데쇼팡(주) 잠실점 B 3층,N,0,3230000-112-1991-01325,,3230000,,,03,폐업,식품자동판매기영업,02-411-8774,,,
기타,,이서방양념치킨,식품자동판매기영업,2004-10-20,209613.589020931,445277.310200817,2026-05-06 22:39:16,I,02,폐업,0,,,,0,기타,,,,2003-08-28 00:00:00,1994-10-25,,138-849,서울특별시 송파구 송파동 42-1,N,0,3230000-112-1994-02714,,3230000,,,03,폐업,식품자동판매기영업,02-413-2280,,,
기타,,무지개슈퍼,식품자동판매기영업,2004-04-19,207586.810678726,444819.104452984,2026-05-06 22:38:50,I,02,폐업,0,,,,0,기타,,,,2003-08-18 00:00:00,1992-01-27,,138-864,서울특별시 송파구 잠실동 235-11,N,0,3230000-112-1992-01896,,3230000,,,03,폐업,식품자동판매기영업,02-412-5245,,,
기타,,잠실설농탕,식품자동판매기영업,1998-12-31,207008.325963842,444907.436323921,2026-05-06 22:39:04,I,02,폐업,0,,,,0,기타,,,,2003-08-25 00:00:00,1994-03-31,,138-865,서울특별시 송파구 잠실동 294-2,N,0,3230000-112-1994-02483,,3230000,,,03,폐업,식품자동판매기영업,02-417-4314,,,
기타,,-,식품자동판매기영업,2004-10-25,210355.975265913,443622.212240918,2026-05-06 22:41:45,I,02,폐업,0,,,,0,기타,,,,2003-09-09 00:00:00,1999-10-22,,138-804,서울특별시 송파구 가락동 96-2,N,0,3230000-112-1999-00567,,3230000,,,03,폐업,식품자동판매기영업,02-420-5450,,,
기타,,수협중앙회임직원신용협동조합,식품자동판매기영업,1999-02-02,209248.202985108,446007.433803699,2026-05-06 22:39:19,I,02,폐업,0,,,,0,기타,,,,2003-08-28 00:00:00,1994-11-08,,138-934,서울특별시 송파구 신천동 11-6,N,0,3230000-112-1994-02737,,3230000,,,03,폐업,식품자동판매기영업,02-2240-2939,,,
기타,,주택은행,식품자동판매기영업,1992-04-01,208011.39567091,444998.464309311,2026-05-06 22:38:32,I,02,폐업,0,,,,0,을,,,,2003-08-08 00:00:00,1990-07-20,,138-837,서울특별시 송파구 삼전동 1-1 주택은행1층,N,0,3230000-112-1990-01202,,3230000,,,03,폐업,식품자동판매기영업,02-415-4641,,,
기타,,백서방숯불갈비,식품자동판매기영업,2002-10-01,210091.941392644,444327.945088175,2026-05-06 22:41:12,I,02,폐업,0,,,,0,기타,,,,2003-09-02 00:00:00,1999-08-12,,138-854,서울특별시 송파구 송파동 180-2,N,0,3230000-112-1999-00396,,3230000,,,03,폐업,식품자동판매기영업,02-419-0116,,,
,,씨유 송파햇살점,식품자동판매기영업,2013-08-22,209679.633632542,445087.259491297,2026-05-06 22:43:12,I,02,폐업,0,,,,,,,,,2012-10-02 14:35:23,2012-10-02,1.00,138-849,서울특별시 송파구 송파동 47-9 지상1층,N,,3230000-112-2012-00028,,3230000,"서울특별시 송파구 백제고분로 411, 지상1층 (송파동)",05621,03,폐업,식품자동판매기영업,070-8813-2090,,,
,자가,럭키슈퍼,식품자동판매기영업,2005-10-11,211190.875437201,442098.251479541,2026-05-06 22:42:58,I,02,폐업,0,0,0,0,,,0,0,,2003-11-11 00:00:00,2003-11-11,,138-200,서울특별시 송파구 문정동 78,N,,3230000-112-2003-00286,0,3230000,,,03,폐업,식품자동판매기영업,,,,
기타,,영림운수,식품자동판매기영업,2003-08-02,211076.633791215,445297.075368451,2026-05-06 22:41:39,I,02,폐업,0,,,,0,기타,,,,2003-09-03 00:00:00,1999-10-15,,138-835,서울특별시 송파구 방이동 205-6,N,0,3230000-112-1999-00533,,3230000,,,03,폐업,식품자동판매기영업,02-420-9846,,,
기타,,현대아파트상가,식품자동판매기영업,1999-12-23,,,2026-05-06 22:38:45,I,02,폐업,0,,,,0,기타,,,,2003-08-13 00:00:00,1991-12-23,,138-785,서울특별시 송파구 풍납동 340-1 현대아파트상가,N,0,3230000-112-1991-01675,,3230000,,,03,폐업,식품자동판매기영업,02-488-3115,,,
기타,,상업은행,식품자동판매기영업,2002-06-04,209087.122362019,446139.152554604,2026-05-06 22:39:00,I,02,폐업,0,,,,0,기타,,,,2003-08-21 00:00:00,1993-02-08,,138-934,서울특별시 송파구 신천동 11-4,N,0,3230000-112-1993-02289,,3230000,,,03,폐업,식품자동판매기영업,,,,
기타,,으뜸슈퍼,식품자동판매기영업,2008-01-28,211602.0729081,442656.835844772,2026-05-06 22:39:07,I,02,폐업,0,,,,0,기타,,,,2004-02-16 00:00:00,1994-04-08,,138-200,서울특별시 송파구 문정동 111-11,N,0,3230000-112-1994-02578,,3230000,,,03,폐업,식품자동판매기영업,02-448-8801,,,
기타,,조선자판기,식품자동판매기영업,2000-11-10,210002.84810652,446043.04612644,2026-05-06 22:39:15,I,02,폐업,0,,,,0,기타,,,,2003-08-26 00:00:00,1994-08-30,,138-828,서울특별시 송파구 방이동 45-0,N,0,3230000-112-1994-02699,,3230000,,,03,폐업,식품자동판매기영업,02-351-3352,,,
기타,,롯데쇼핑(주)새마을금고,식품자동판매기영업,1997-01-31,208589.363343145,445455.90405262,2026-05-06 22:38:33,I,02,폐업,0,,,,0,기타,,,,2003-08-11 00:00:00,1991-07-19,,138-915,서울특별시 송파구 잠실동 40-1 수퍼점 2층,N,0,3230000-112-1991-01338,,3230000,,,03,폐업,식품자동판매기영업,02-411-8774,,,
기타,,커피자동판매,식품자동판매기영업,1998-01-24,209001.844836661,446426.814182263,2026-05-06 22:38:07,I,02,폐업,0,,,,1,지도,,,,2003-09-02 00:00:00,1983-03-23,,138-934,서울특별시 송파구 신천동 11-0 장미 C상가,N,1,3230000-112-1983-01011,,3230000,,,03,폐업,식품자동판매기영업,,,,
기타,,동원독서실,식품자동판매기영업,2003-07-08,206895.380256076,444855.229222001,2026-05-06 22:39:10,I,02,폐업,0,,,,0,기타,,,,2003-08-26 00:00:00,1994-04-25,,138-865,서울특별시 송파구 잠실동 294-19,N,0,3230000-112-1994-02669,,3230000,,,03,폐업,식품자동판매기영업,02-417-2725,,,
기타,,전국식품,식품자동판매기영업,2002-10-21,209475.938492751,445783.438755874,2026-05-06 22:42:11,I,02,폐업,0,,,,,기타,,,,2003-09-08 00:00:00,2002-07-10,,138-828,서울특별시 송파구 방이동 64-0,N,,3230000-112-2002-00924,,3230000,,,03,폐업,식품자동판매기영업,02-423-5011,,,
기타,,한국체육산업개발(주),식품자동판매기영업,2006-01-27,210199.45921923,446539.279382444,2026-05-06 22:39:02,I,02,폐업,0,,,,0,기타,,,,2003-08-22 00:00:00,1993-03-02,,138-829,서울특별시 송파구 방이동 88-0 경륜경기장,N,0,3230000-112-1993-02391,,3230000,,,03,폐업,식품자동판매기영업,02-410-1189,,,
기타,,복정역자판기,식품자동판매기영업,,211138.650886691,440949.654290777,2026-05-06 22:39:36,I,01,영업,0,,,,0,기타,,,,2025-03-24 16:38:36,1997-05-07,,,,N,0,3230000-112-1997-02856,,3230000,"서울특별시 송파구 송파대로 지하 6 (가락동, 복정역내)",,01,영업/정상,식품자동판매기영업,02-0000-0000,,,
,자가,가락동교회,식품자동판매기영업,2019-02-25,210342.063549814,444036.401145357,2026-05-06 22:43:01,I,02,폐업,0,0,0,0,,,,0,,2019-02-25 11:27:13,2004-09-23,,138-804,서울특별시 송파구 가락동 92-0,N,,3230000-112-2004-00044,,3230000,서울특별시 송파구 송이로14길 15-4 (가락동),05711,03,폐업,식품자동판매기영업,,,,
,,(주)휴다임건축사사무소,식품자동판매기영업,2010-08-10,208596.024749829,444510.670896851,2026-05-06 22:43:05,I,02,폐업,0,,,,,,,,,2009-01-30 10:09:26,2009-01-30,,138-842,서울특별시 송파구 석촌동 14-10 (1층),N,,3230000-112-2009-00002,,3230000,,,03,폐업,식품자동판매기영업,02-6717-6006,,,
,,프로스펙스,식품자동판매기영업,2008-06-23,209733.324912029,444276.304902223,2026-05-06 22:42:54,I,02,폐업,0,0,0,0,,,,0,,2003-06-05 00:00:00,2003-06-05,,138-847,서울특별시 송파구 석촌동 296-15,N,,3230000-112-2003-00206,,3230000,,,03,폐업,식품자동판매기영업,02-423-4390,,,
,자가,잠실병원 (4대),식품자동판매기영업,2010-02-04,207945.585218954,444629.406754126,2026-05-06 22:42:53,I,02,폐업,0,0,0,0,,,,0,,2003-05-16 00:00:00,2003-05-16,,138-837,서울특별시 송파구 삼전동 9-16,N,,3230000-112-2003-00164,,3230000,,,03,폐업,식품자동판매기영업,02-414-7726,,,
기타,,(주)선호유통,식품자동판매기영업,1993-05-18,209790.959909032,443481.212174317,2026-05-06 22:38:23,I,02,폐업,0,,,,0,기타,,,,2003-08-11 00:00:00,1985-06-22,,138-881,서울특별시 송파구 가락동 600 농수산물센타,N,0,3230000-112-1985-01309,,3230000,,,03,폐업,식품자동판매기영업,02-407-9733,,,
기타,,(주)하진무역,식품자동판매기영업,2000-09-08,208808.460094719,446014.471916419,2026-05-06 22:39:42,I,02,폐업,0,,,,0,기타,,,,2003-09-01 00:00:00,1998-06-05,,138-934,서울특별시 송파구 신천동 7-13,N,0,3230000-112-1998-00009,,3230000,,,03,폐업,식품자동판매기영업,02-416-2291,,,
,임대,둘리게임랜드,식품자동판매기영업,2004-03-22,,,2026-05-06 22:42:41,I,02,폐업,0,0,0,0,,,0,0,,2003-01-11 00:00:00,2003-01-11,,138-819,서울특별시 송파구 마천동 128-167,N,,3230000-112-2003-00015,0,3230000,,,03,폐업,식품자동판매기영업,02-400-2672,,,상수도전용
기타,,(주)한화유통,식품자동판매기영업,1999-04-23,208233.926974585,445435.257647797,2026-05-06 22:38:40,I,02,폐업,0,,,,0,기타,,,,2003-08-12 00:00:00,1991-11-12,,138-915,서울특별시 송파구 잠실동 40-0 한화유통 잠실점 지하1층,N,0,3230000-112-1991-01513,,3230000,,,03,폐업,식품자동판매기영업,02-414-0141,,,
,,(주)엠에스엔지,식품자동판매기영업,2012-01-17,,,2026-05-06 22:43:09,I,02,폐업,0,,,,,,,,,2010-03-16 16:00:07,2010-03-16,,138-961,서울특별시 송파구 문정동 289 가든파이브웍스동,N,,3230000-112-2010-00012,,3230000,,,03,폐업,식품자동판매기영업,02-408-7621,,,
기타,,대성슈퍼,식품자동판매기영업,2015-06-04,211397.218826099,442610.143228307,2026-05-06 22:41:34,I,02,폐업,0,,,,0,기타,,,,2003-09-03 00:00:00,1999-10-01,,138-200,서울특별시 송파구 문정동 105-0,N,0,3230000-112-1999-00502,,3230000,서울특별시 송파구 새말로15길 14 (문정동),05801,03,폐업,식품자동판매기영업,02-404-0049,,,
기타,,종점식당,식품자동판매기영업,2001-10-20,211869.297996652,444906.005308117,2026-05-06 22:42:00,I,02,폐업,0,,,,,기타,,,,2003-09-05 00:00:00,2001-09-12,,138-858,서울특별시 송파구 오금동 87-7,N,,3230000-112-2001-00826,,3230000,,,03,폐업,식품자동판매기영업,02-402-5506,,,
기타,,커피자동판매,식품자동판매기영업,1998-04-09,208317.419891103,445894.98085039,2026-05-06 22:38:08,I,02,폐업,0,,,,1,지도,,,,2003-08-05 00:00:00,1983-03-24,,138-916,서울특별시 송파구 잠실동 27 잠실역 지하(신천),N,1,3230000-112-1983-01018,,3230000,,,03,폐업,식품자동판매기영업,,,,
,자가,지에스25 S8 가락시장역점,식품자동판매기영업,2023-09-12,210384.577655162,443418.880649,2026-05-06 22:43:22,I,02,폐업,0,,,,,,,,,2023-09-12 10:04:40,2016-12-05,3.30,138-812,서울특별시 송파구 가락동 184-23,N,,3230000-112-2016-00034,,3230000,"서울특별시 송파구 송파대로 지하 257, 지하1층 (가락동, 가락시장역 8호선 )",05699,03,폐업,식품자동판매기영업,,,,
,자가,호박PC방,식품자동판매기영업,2008-10-22,212698.204186228,444211.404100237,2026-05-06 22:42:40,I,02,폐업,0,0,0,0,,,0,0,,2002-12-27 00:00:00,2002-12-27,,138-817,서울특별시 송파구 마천동 24-1 신동아상가202호,N,,3230000-112-2002-02212,0,3230000,,,03,폐업,식품자동판매기영업,02-448-5840,,,
기타,,(주)선호유통,식품자동판매기영업,2005-11-10,209790.959909032,443481.212174317,2026-05-06 22:38:13,I,02,폐업,0,,,,0,기타,,,,2005-11-10 00:00:00,1985-06-22,,138-881,서울특별시 송파구 가락동 600 농수산물쎈타,N,0,3230000-112-1985-01235,,3230000,,,03,폐업,식품자동판매기영업,02-407-9733,,,
,,한양마트,식품자동판매기영업,2015-01-30,209981.306244873,445356.543008613,2026-05-06 22:43:11,I,02,폐업,0,,,,,,,,,2012-03-29 11:41:44,2012-03-29,,138-830,서울특별시 송파구 방이동 112-18 1층,N,,3230000-112-2012-00012,,3230000,"서울특별시 송파구 오금로19길 6-1, 1층 (방이동)",05641,03,폐업,식품자동판매기영업,02-412-1174,,,
기타,,서울식품,식품자동판매기영업,2003-05-22,210212.90207999,448048.355868034,2026-05-06 22:38:34,I,02,폐업,0,,,,0,기타,,,,2003-08-11 00:00:00,1991-08-05,,138-873,서울특별시 송파구 풍납동 222-37,N,0,3230000-112-1991-01356,,3230000,,,03,폐업,식품자동판매기영업,02-474-3260,,,
,,2호선 잠실역내 자판기,식품자동판매기영업,2014-12-08,208317.419891103,445894.98085039,2026-05-06 22:43:12,I,02,폐업,0,,,,,,,,,2012-11-08 13:10:32,2012-11-08,,138-916,서울특별시 송파구 잠실동 27,N,,3230000-112-2012-00031,,3230000,서울특별시 송파구 송파대로 567 (잠실동),05503,03,폐업,식품자동판매기영업,,,,
기타,,용문학원,식품자동판매기영업,2000-03-16,210547.949914692,445810.404664192,2026-05-06 22:39:59,I,02,폐업,0,,,,0,기타,,,,2003-09-01 00:00:00,1999-03-09,,138-830,서울특별시 송파구 방이동 168-13 5층,N,0,3230000-112-1999-00024,,3230000,,,03,폐업,식품자동판매기영업,02-424-1171,,,
,,남해해물탕,식품자동판매기영업,1996-09-30,207032.06442404,444888.901251213,2026-05-06 22:39:24,I,02,폐업,0,,,,,,,,,2003-08-25 00:00:00,1994-04-08,,138-865,서울특별시 송파구 잠실동 294-3,N,,3230000-112-1994-02781,,3230000,,,03,폐업,식품자동판매기영업,02-424-2627,,,
,,(주)나성텍스타일,식품자동판매기영업,2010-02-04,211656.521070031,442872.145365681,2026-05-06 22:42:49,I,02,폐업,0,0,0,0,,,,0,,2003-01-25 00:00:00,2003-01-25,,138-200,서울특별시 송파구 문정동 121-2,N,,3230000-112-2003-00091,,3230000,,,03,폐업,식품자동판매기영업,02-407-1307,,,
기타,,중앙슈퍼,식품자동판매기영업,2007-05-31,210120.003440044,444219.54743473,2026-05-06 22:40:06,I,02,폐업,0,,,,0,기타,,,,2003-09-01 00:00:00,1999-04-08,,138-854,서울특별시 송파구 송파동 189-10,N,0,3230000-112-1999-00060,,3230000,,,03,폐업,식품자동판매기영업,02-418-9184,,,
기타,,장미슈퍼,식품자동판매기영업,2004-06-16,210035.95563916,447643.026685265,2026-05-06 22:42:04,I,02,폐업,0,0,0,0,,기타,,0,,2003-09-08 00:00:00,2001-12-29,,138-874,서울특별시 송파구 풍납동 257-5,N,,3230000-112-2001-00895,,3230000,,,03,폐업,식품자동판매기영업,02-486-1743,,,
기타,,-,식품자동판매기영업,1997-03-28,209343.527450338,445304.275210319,2026-05-06 22:39:30,I,02,폐업,0,,,,0,기타,,,,2003-09-09 00:00:00,1996-10-01,,138-849,서울특별시 송파구 송파동 30-10,N,0,3230000-112-1996-02826,,3230000,,,03,폐업,식품자동판매기영업,02-413-1779,,,
기타,,두루네옷가게,식품자동판매기영업,1998-02-24,213174.577870849,443987.042180298,2026-05-06 22:38:45,I,02,폐업,0,,,,0,기타,,,,2003-08-14 00:00:00,1991-12-26,,138-819,서울특별시 송파구 마천동 141-7,N,0,3230000-112-1991-01708,,3230000,,,03,폐업,식품자동판매기영업,02-403-4233,,,
기타,,롯데칠성음료(롯데월드),식품자동판매기영업,2023-12-07,208589.363343145,445455.90405262,2026-05-06 22:41:47,I,02,폐업,0,,,,0,기타,,,,2023-12-07 15:39:48,2000-01-28,,138-915,서울특별시 송파구 잠실동 40-1,N,0,3230000-112-2000-00603,,3230000,서울특별시 송파구 올림픽로 240 (잠실동),05554,03,폐업,식품자동판매기영업,02-3472-0333,,,
기타,,오금동교회,식품자동판매기영업,2000-10-13,211422.308244452,445150.380916841,2026-05-06 22:39:54,I,02,폐업,0,,,,0,기타,,,,2003-09-01 00:00:00,1998-07-13,,138-855,서울특별시 송파구 오금동 22-1,N,0,3230000-112-1998-02969,,3230000,,,03,폐업,식품자동판매기영업,,,,
,,농협청과노동조합,식품자동판매기영업,,209790.959909032,443481.212174317,2026-05-06 22:43:07,I,01,영업,0,0,0,0,,,,0,,2012-05-17 16:20:48,2009-03-18,,138-881,서울특별시 송파구 가락동 600 농협공판장 1층,N,,3230000-112-2009-00007,,3230000,"서울특별시 송파구 양재대로 932 (가락동,농협공판장 1층)",05699,01,영업/정상,식품자동판매기영업,02-443-6415,,,
,자가,(주)해종,식품자동판매기영업,2004-02-11,210908.255977673,442691.618230314,2026-05-06 22:42:46,I,02,폐업,0,0,0,0,,,0,0,,2003-01-22 00:00:00,2003-01-22,,138-825,서울특별시 송파구 문정동 51-6,N,,3230000-112-2003-00062,0,3230000,,,03,폐업,식품자동판매기영업,,,,
기타,,즉석기계우동,식품자동판매기영업,2005-12-28,212212.812004652,444653.113687253,2026-05-06 22:40:56,I,02,폐업,0,,,,0,기타,,,,2003-09-02 00:00:00,1999-06-03,,138-858,서울특별시 송파구 오금동 120-17,N,0,3230000-112-1999-00275,,3230000,,,03,폐업,식품자동판매기영업,02-449-3687,,,
,자가,CU 아이파크점,식품자동판매기영업,2022-02-11,212641.295329373,441934.252100339,2026-05-06 22:43:34,I,02,폐업,0,,,,,,,,,2022-02-11 13:58:56,2018-02-02,3.30,138-926,서울특별시 송파구 장지동 884 위례2차아이파크,N,,3230000-112-2018-00002,,3230000,"서울특별시 송파구 위례광장로 230, 상가 A동 105,106호 (장지동, 위례2차아이파크)",05849,03,폐업,식품자동판매기영업,,,,
,,광장식당 내,식품자동판매기영업,2014-08-01,206383.829438022,446030.128073052,2026-05-06 22:43:09,I,02,폐업,0,,,,,,,,,2012-10-11 10:24:17,2010-04-15,,138-889,서울특별시 송파구 잠실동 10,N,,3230000-112-2010-00014,,3230000,서울특별시 송파구 올림픽로 25 (잠실동),05500,03,폐업,식품자동판매기영업,,,,
기타,,종합운동장(야구장당직실),식품자동판매기영업,2010-01-27,206383.829438022,446030.128073052,2026-05-06 22:38:43,I,02,폐업,0,,,,0,기타,,,,2003-08-13 00:00:00,1991-12-19,,138-889,서울특별시 송파구 잠실동 10 종합운동장 야구장 당직실,N,0,3230000-112-1991-01634,,3230000,,,03,폐업,식품자동판매기영업,02-418-8800,,,
기타,,한암독서실,식품자동판매기영업,1989-12-08,207304.662585247,445117.151142612,2026-05-06 22:38:25,I,02,폐업,0,,,,1,지도,,,,2003-08-05 00:00:00,1987-05-04,,138-863,서울특별시 송파구 잠실동 214-18,N,1,3230000-112-1987-01058,,3230000,,,03,폐업,식품자동판매기영업,,,,
,자가,위드미 송파타운점,식품자동판매기영업,2017-03-20,210734.98645676,445535.060389325,2026-05-06 22:43:19,I,02,폐업,0,,,,,,,,,2016-02-17 13:40:53,2016-02-17,3.30,138-834,서울특별시 송파구 방이동 196-10,N,,3230000-112-2016-00004,,3230000,"서울특별시 송파구 위례성대로12길 19, 지상1층 (방이동)",05637,03,폐업,식품자동판매기영업,,,,
,,송파배드민턴체육관,식품자동판매기영업,2014-11-05,212156.683046894,443495.575602761,2026-05-06 22:43:11,I,02,폐업,0,,,,,,,,,2012-03-27 11:45:38,2012-03-27,,138-110,서울특별시 송파구 거여동 산 21-1,N,,3230000-112-2012-00009,,3230000,서울특별시 송파구 문정로 176 (거여동),05781,03,폐업,식품자동판매기영업,02-545-4150,,,
기타,,소산가든,식품자동판매기영업,1998-12-19,211108.28082746,443222.447366901,2026-05-06 22:38:34,I,02,폐업,0,,,,0,기타,,,,2003-08-11 00:00:00,1991-08-03,,138-200,"서울특별시 송파구 문정동 4-4 ,18",N,0,3230000-112-1991-01354,,3230000,,,03,폐업,식품자동판매기영업,02-403-0034,,,
기타,,마성슈퍼,식품자동판매기영업,2024-05-02,212706.742822172,444344.338714693,2026-05-06 22:39:37,I,02,폐업,0,,,,0,기타,,,,2024-05-02 11:48:52,1997-05-23,,138-817,서울특별시 송파구 마천동 17-8,N,0,3230000-112-1997-02875,,3230000,서울특별시 송파구 성내천로23길 21 (마천동),05733,03,폐업,식품자동판매기영업,02-3401-1840,,,
기타,,장안,식품자동판매기영업,2006-03-22,210788.254538324,448453.051938704,2026-05-06 22:41:54,I,02,폐업,0,0,0,0,,기타,,0,,2003-01-13 00:00:00,2001-04-03,,138-873,서울특별시 송파구 풍납동 473-5 풍납 B/D,N,,3230000-112-2001-00710,,3230000,,,03,폐업,식품자동판매기영업,02-473-3283,,,
주택가주변,,세진종합상사,식품자동판매기영업,2001-03-31,212631.968657493,443089.54324724,2026-05-06 22:40:10,I,02,폐업,0,,,,0,우수,,,,2003-09-01 00:00:00,1999-04-20,,138-110,서울특별시 송파구 거여동 293-1,N,0,3230000-112-1999-00079,,3230000,,,03,폐업,식품자동판매기영업,02-3401-4441,,,
기타,,-,식품자동판매기영업,1998-07-28,207093.34949759,445365.125589397,2026-05-06 22:38:59,I,02,폐업,0,,,,0,기타,,,,2003-09-09 00:00:00,1992-10-12,,138-862,서울특별시 송파구 잠실동 192-12,N,0,3230000-112-1992-02240,,3230000,,,03,폐업,식품자동판매기영업,02-424-1232,,,
,,오륜상회,식품자동판매기영업,2013-03-05,211749.697770638,445385.082559283,2026-05-06 22:42:58,I,02,폐업,0,0,0,0,,,,0,,2012-06-28 15:02:08,2003-12-31,,138-829,서울특별시 송파구 방이동 89-18 올림픽D상가102호,N,,3230000-112-2003-00305,,3230000,,,03,폐업,식품자동판매기영업,02-407-3853,,,
,,백금슈퍼,식품자동판매기영업,1994-04-13,209827.8833061,445089.628064503,2026-05-06 22:39:23,I,02,폐업,0,,,,,,,,,2003-08-22 00:00:00,1994-03-14,,138-851,서울특별시 송파구 송파동 132,N,,3230000-112-1994-02773,,3230000,,,03,폐업,식품자동판매기영업,,,,
기타,,짱구노래연습장,식품자동판매기영업,1994-09-15,208702.314542299,444859.352808253,2026-05-06 22:38:56,I,02,폐업,0,,,,0,기타,,,,2003-08-19 00:00:00,1992-07-08,,138-842,서울특별시 송파구 석촌동 23-3,N,0,3230000-112-1992-02126,,3230000,,,03,폐업,식품자동판매기영업,02-416-6418,,,
기타,,알뜰슈퍼,식품자동판매기영업,2000-03-07,210809.447206499,445495.644955961,2026-05-06 22:40:42,I,02,폐업,0,,,,0,기타,,,,2003-09-02 00:00:00,1999-05-11,,138-834,서울특별시 송파구 방이동 193-32,N,0,3230000-112-1999-00211,,3230000,,,03,폐업,식품자동판매기영업,02-418-1104,,,
주택가주변,,충현독서실,식품자동판매기영업,2006-04-04,209721.402511639,445703.650593506,2026-05-06 22:40:35,I,02,폐업,0,,,,0,우수,,,,2003-09-02 00:00:00,1999-05-06,,138-829,서울특별시 송파구 방이동 98-4,N,0,3230000-112-1999-00181,,3230000,,,03,폐업,식품자동판매기영업,02-421-0837,,,
,자가,(주)어라운드더코너,식품자동판매기영업,2024-11-27,209039.148023482,446007.966801057,2026-05-06 22:43:44,I,02,폐업,0,,,,,,,,,2024-11-27 14:20:31,2024-01-26,3.30,138-934,서울특별시 송파구 신천동 7-12 SONGPA FUN STADIUM,N,,3230000-112-2024-00004,,3230000,"서울특별시 송파구 올림픽로35가길 16, 홈플러스 잠실점 3층 (신천동)",05510,03,폐업,식품자동판매기영업,,,,
기타,,-,식품자동판매기영업,1997-06-24,209944.428957113,445377.21429227,2026-05-06 22:39:11,I,02,폐업,0,,,,0,기타,,,,2003-09-09 00:00:00,1994-06-02,,138-830,서울특별시 송파구 방이동 111-11,N,0,3230000-112-1994-02683,,3230000,,,03,폐업,식품자동판매기영업,02-421-0882,,,
기타,,성모병원,식품자동판매기영업,2004-12-03,212953.210261522,444076.558907464,2026-05-06 22:41:04,I,02,폐업,0,,,,0,기타,,,,2003-09-02 00:00:00,1999-06-17,,138-818,서울특별시 송파구 마천동 42-7,N,0,3230000-112-1999-00312,,3230000,,,03,폐업,식품자동판매기영업,02-406-3580,,,
기타,,(주)스노우아이스,식품자동판매기영업,2008-12-31,208589.363343145,445455.90405262,2026-05-06 22:41:10,I,02,폐업,0,,,,0,기타,,,,2003-09-02 00:00:00,1999-08-06,,138-721,서울특별시 송파구 잠실동 40-1 (롯데월드내),N,0,3230000-112-1999-00382,,3230000,,,03,폐업,식품자동판매기영업,02-404-2161,,,
기타,,서울학생체육관직원상조회,식품자동판매기영업,1998-05-06,206597.102072932,445547.19071847,2026-05-06 22:38:53,I,02,폐업,0,,,,0,기타,,,,2003-08-18 00:00:00,1992-02-29,,138-889,서울특별시 송파구 잠실동 10-3,N,0,3230000-112-1992-02002,,3230000,,,03,폐업,식품자동판매기영업,02-422-2285,,,
,,IGA잠실럭키점,식품자동판매기영업,2009-12-29,207442.649052487,445060.204954866,2026-05-06 22:43:08,I,02,폐업,0,,,,,,,,,2009-06-19 16:55:28,2009-06-19,,138-863,서울특별시 송파구 잠실동 231-4,N,,3230000-112-2009-00030,,3230000,,,03,폐업,식품자동판매기영업,,,,
기타,,갈릴리수족관,식품자동판매기영업,2003-04-15,208877.560635939,444127.438938726,2026-05-06 22:39:39,I,02,폐업,0,,,,0,기타,,,,2003-08-29 00:00:00,1997-06-16,,138-845,서울특별시 송파구 석촌동 239-6,N,0,3230000-112-1997-02912,,3230000,,,03,폐업,식품자동판매기영업,02-413-5341,,,
기타,,(주)선호유통,식품자동판매기영업,1993-05-18,209790.959909032,443481.212174317,2026-05-06 22:38:13,I,02,폐업,0,,,,0,기타,,,,2003-08-08 00:00:00,1985-06-22,,138-881,서울특별시 송파구 가락동 600 농수산물센타,N,0,3230000-112-1985-01227,,3230000,,,03,폐업,식품자동판매기영업,02-407-9733,,,
,자가,노브랜드 송파문정점,식품자동판매기영업,2021-11-25,210698.849969654,441971.271264751,2026-05-06 22:43:22,I,02,폐업,0,,,,,,,,,2021-11-25 15:21:40,2017-03-02,3.30,138-888,서울특별시 송파구 문정동 624,N,,3230000-112-2017-00006,,3230000,"서울특별시 송파구 법원로 55, 1층 (문정동, 송파아파크 상가)",05841,03,폐업,식품자동판매기영업,,,,
기타,,향군리오커피숍,식품자동판매기영업,1998-03-31,208808.460094719,446014.471916419,2026-05-06 22:38:27,I,02,폐업,0,,,,0,지도,,,,2003-08-06 00:00:00,1989-01-26,,138-934,서울특별시 송파구 신천동 7-13 향군회관 1층,N,1,3230000-112-1989-01093,,3230000,,,03,폐업,식품자동판매기영업,02-416-6416,,,
기타,,뽀빠이돈까스,식품자동판매기영업,2000-04-04,209502.988374958,444909.24656303,2026-05-06 22:39:05,I,02,폐업,0,,,,0,기타,,,,2003-08-25 00:00:00,1994-04-04,,138-848,서울특별시 송파구 송파동 19-8,N,0,3230000-112-1994-02519,,3230000,,,03,폐업,식품자동판매기영업,02-419-7797,,,
기타,,기업은행잠실점,식품자동판매기영업,2009-05-27,209441.609512221,445760.887832739,2026-05-06 22:41:50,I,02,폐업,0,,,,0,기타,,,,2003-09-03 00:00:00,2000-02-18,,138-828,서울특별시 송파구 방이동 65-0,N,0,3230000-112-2000-00630,,3230000,,,03,폐업,식품자동판매기영업,02-418-4920,,,
기타,,혁신카센타,식품자동판매기영업,1993-06-03,,,2026-05-06 22:38:47,I,02,폐업,0,,,,0,기타,,,,2003-08-14 00:00:00,1991-12-30,,138-819,서울특별시 송파구 마천동 197-1,N,0,3230000-112-1991-01783,,3230000,,,03,폐업,식품자동판매기영업,02-407-9129,,,
,자가,극동마트,식품자동판매기영업,2008-02-25,210377.461670244,448601.324644324,2026-05-06 22:43:02,I,02,폐업,0,0,0,0,,,0,0,,2005-02-14 00:00:00,2005-02-14,,138-040,서울특별시 송파구 풍납동 509-0 씨티극동아파트상가 102호,N,,3230000-112-2005-00005,0,3230000,,,03,폐업,식품자동판매기영업,02-470-8949,,,
기타,,신용식품,식품자동판매기영업,1996-11-28,,,2026-05-06 22:38:37,I,02,폐업,0,,,,0,기타,,,,2003-08-11 00:00:00,1991-09-07,,138-801,서울특별시 송파구 가락동 26-0,N,0,3230000-112-1991-01432,,3230000,,,03,폐업,식품자동판매기영업,02-406-7952,,,
기타,,금강벤딩,식품자동판매기영업,2003-01-23,209607.590372037,447120.577229325,2026-05-06 22:41:30,I,02,폐업,0,,,,0,기타,,,,2003-09-02 00:00:00,1999-09-16,,138-878,서울특별시 송파구 풍납동 388-1,N,0,3230000-112-1999-00474,,3230000,,,03,폐업,식품자동판매기영업,02-2224-7886,,,
기타,,금성자판기,식품자동판매기영업,2007-10-26,,,2026-05-06 22:38:59,I,02,폐업,0,,,,0,기타,,,,2003-08-21 00:00:00,1992-10-01,,138-838,서울특별시 송파구 삼전동 51-5,N,0,3230000-112-1992-02233,,3230000,,,03,폐업,식품자동판매기영업,02-404-8372,,,
기타,,이서방치킨,식품자동판매기영업,2005-12-28,209992.165390191,445033.799016497,2026-05-06 22:39:06,I,02,폐업,0,,,,0,기타,,,,2003-08-25 00:00:00,1994-04-07,,138-851,서울특별시 송파구 송파동 131-25,N,0,3230000-112-1994-02546,,3230000,,,03,폐업,식품자동판매기영업,02-415-3828,,,
,자가,5호선 올림픽공원역 상선,식품자동판매기영업,,211523.425416811,446043.683155958,2026-05-06 22:43:18,I,01,영업,0,,,,,,,,,2015-11-06 10:05:51,2015-11-06,3.60,138-829,서울특별시 송파구 방이동 89-28 지하층,N,,3230000-112-2015-00034,,3230000,"서울특별시 송파구 양재대로 지하 1233, 지하층 (방이동)",05540,01,영업/정상,식품자동판매기영업,02-2212-8399,,,
,자가,씨유 석촌호수점,식품자동판매기영업,,208564.1692188,444841.577521089,2026-05-06 22:43:33,I,01,영업,0,,,,,,,,,2019-09-25 15:59:07,2017-12-06,3.30,138-842,서울특별시 송파구 석촌동 2-1,N,,3230000-112-2017-00065,,3230000,"서울특별시 송파구 송파대로49길 65, 1층 (석촌동)",05612,01,영업/정상,식품자동판매기영업,,,,
기타,,광성교회,식품자동판매기영업,2005-12-28,210759.152627015,448379.894102186,2026-05-06 22:38:30,I,02,폐업,0,,,,0,지도,,,,2003-08-07 00:00:00,1989-11-22,,138-873,서울특별시 송파구 풍납동 474,N,0,3230000-112-1989-01157,,3230000,,,03,폐업,식품자동판매기영업,02-478-2546,,,
기타,,황제빌딩,식품자동판매기영업,2005-12-28,211013.6,443175.55,2026-05-06 22:41:39,I,02,폐업,0,,,,0,기타,,,,2003-09-03 00:00:00,1999-10-15,,138-824,서울특별시 송파구 문정동 4-11 황제빌딩,N,0,3230000-112-1999-00529,,3230000,,,03,폐업,식품자동판매기영업,033-1261-8636,,,
,자가,이마트24 잠실로얄점,식품자동판매기영업,2024-04-26,206877.843547481,444779.767260554,2026-05-06 22:43:39,I,02,폐업,0,,,,,,,,,2024-04-26 17:13:05,2021-08-11,2.00,138-865,서울특별시 송파구 잠실동 304,N,,3230000-112-2021-00017,,3230000,"서울특별시 송파구 도곡로64길 6, 1층 102호 (잠실동)",05573,03,폐업,식품자동판매기영업,,,,
주택가주변,,-,식품자동판매기영업,2004-06-05,207434.102192485,445410.086900393,2026-05-06 22:40:29,I,02,폐업,0,,,,0,우수,,,,2003-09-09 00:00:00,1999-05-04,,138-861,서울특별시 송파구 잠실동 183-8,N,0,3230000-112-1999-00166,,3230000,,,03,폐업,식품자동판매기영업,02-422-4424,,,
,,여우비피씨방 내,식품자동판매기영업,2012-08-30,210326.1290061,445263.825657647,2026-05-06 22:43:09,I,02,폐업,0,,,,,,,,,2010-05-17 16:03:34,2010-05-17,,138-830,서울특별시 송파구 방이동 124-23 지하 1층(1대),N,,3230000-112-2010-00020,,3230000,,,03,폐업,식품자동판매기영업,,,,
,자가,데이롱 카페 위례포레샤인점,식품자동판매기영업,,213378.690584816,442856.938827555,2026-05-06 22:43:46,I,01,영업,0,,,,,,,,,2024-03-07 15:04:29,2024-03-07,41.55,138-110,서울특별시 송파구 거여동 648 위례포레샤인 18단지,N,,3230000-112-2024-00008,,3230000,"서울특별시 송파구 위례북로4길 12, 상가동 1층 104호 (거여동, 위례포레샤인 18단지)",05776,01,영업/정상,식품자동판매기영업,,,,
기타,,캠프,식품자동판매기영업,2009-08-25,208395.278411565,444915.344435517,2026-05-06 22:41:58,I,02,폐업,0,0,0,0,,기타,,0,,2003-09-05 00:00:00,2001-08-31,,138-840,서울특별시 송파구 삼전동 111-7,N,,3230000-112-2001-00793,,3230000,,,03,폐업,식품자동판매기영업,02-415-2220,,,
,,영화공간,식품자동판매기영업,2004-03-25,210909.836894082,443057.431058482,2026-05-06 22:42:50,I,02,폐업,0,,,,,,,,,2003-02-20 00:00:00,2003-02-20,,138-825,서울특별시 송파구 문정동 29-3,N,,3230000-112-2003-00109,,3230000,,,03,폐업,식품자동판매기영업,02-406-2849,,,
기타,,원비디오,식품자동판매기영업,2009-12-11,208309.285370697,444246.328001369,2026-05-06 22:42:13,I,02,폐업,0,,,,,기타,,,,2003-09-08 00:00:00,2002-07-18,,138-841,서울특별시 송파구 삼전동 166-5,N,,3230000-112-2002-00936,,3230000,,,03,폐업,식품자동판매기영업,02-416-9106,,,
기타,,예공방,식품자동판매기영업,2003-03-13,211120.631776592,442398.657540067,2026-05-06 22:39:05,I,02,폐업,0,,,,0,기타,,,,2003-08-25 00:00:00,1994-04-02,,138-200,서울특별시 송파구 문정동 89-10,N,0,3230000-112-1994-02511,,3230000,,,03,폐업,식품자동판매기영업,02-404-5652,,,
기타,,영미용실,식품자동판매기영업,2008-12-10,212664.297951132,444300.974852023,2026-05-06 22:39:08,I,02,폐업,0,,,,0,기타,,,,2003-08-26 00:00:00,1994-04-16,,138-817,서울특별시 송파구 마천동 19-1,N,1,3230000-112-1994-02640,,3230000,,,03,폐업,식품자동판매기영업,02-403-7294,,,
기타,,커피자동판매,식품자동판매기영업,2010-12-31,,,2026-05-06 22:38:03,I,02,폐업,0,,,,1,지도,,,,2003-08-05 00:00:00,1981-09-05,,138-892,서울특별시 송파구 잠실동 53-2 동보당약국내,N,1,3230000-112-1981-01000,,3230000,,,03,폐업,식품자동판매기영업,,,,
,자가,창공사,식품자동판매기영업,2015-07-14,213504.673512111,443389.939467328,2026-05-06 22:42:43,I,02,폐업,0,0,0,0,,,0,0,,2011-06-01 11:04:37,2003-01-14,,138-821,서울특별시 송파구 마천동 323-191,N,,3230000-112-2003-00025,0,3230000,서울특별시 송파구 마천로 353 (마천동),05763,03,폐업,식품자동판매기영업,02-400-5462,,,
기타,,풍성식당,식품자동판매기영업,1998-06-18,211072.612429627,442512.630998197,2026-05-06 22:39:05,I,02,폐업,0,,,,0,기타,,,,2003-08-25 00:00:00,1994-04-04,,138-826,서울특별시 송파구 문정동 64-2 풍성식당,N,0,3230000-112-1994-02520,,3230000,,,03,폐업,식품자동판매기영업,02-400-1799,,,
기타,,(주)덕은,식품자동판매기영업,2000-01-20,,,2026-05-06 22:39:39,I,02,폐업,0,,,,0,기타,,,,2003-08-29 00:00:00,1997-06-14,,138-110,서울특별시 송파구 거여동 산 71-0,N,0,3230000-112-1997-02909,,3230000,,,03,폐업,식품자동판매기영업,02-419-6789,,,
기타,,교통회관사무국,식품자동판매기영업,1997-07-29,209243.169349927,445935.092530909,2026-05-06 22:39:21,I,02,폐업,0,,,,0,기타,,,,2003-08-28 00:00:00,1994-11-28,,138-934,서울특별시 송파구 신천동 11-7,N,0,3230000-112-1994-02752,,3230000,,,03,폐업,식품자동판매기영업,02-414-7461,,,
,자가,동네슈퍼,식품자동판매기영업,2017-03-31,213772.901037354,443726.704233715,2026-05-06 22:42:53,I,02,폐업,0,0,0,0,,,0,0,,2017-03-31 16:41:28,2003-05-30,,138-821,서울특별시 송파구 마천동 360-1,N,,3230000-112-2003-00180,0,3230000,서울특별시 송파구 성내천로43길 16 (마천동),05760,03,폐업,식품자동판매기영업,02-401-3408,,,
기타,,밀라노제과점,식품자동판매기영업,2002-02-27,210434.060213074,443898.395646581,2026-05-06 22:41:46,I,02,폐업,0,,,,0,기타,,,,2003-09-03 00:00:00,1999-10-28,,138-804,서울특별시 송파구 가락동 90-4,N,0,3230000-112-1999-00586,,3230000,,,03,폐업,식품자동판매기영업,02-449-0868,,,
기타,,석촌호수,식품자동판매기영업,2003-01-03,208788.563714618,445155.954281086,2026-05-06 22:38:44,I,02,폐업,0,,,,0,기타,,,,2003-08-13 00:00:00,1991-12-21,,138-915,서울특별시 송파구 잠실동 47-0 (송파나루),N,0,3230000-112-1991-01651,,3230000,,,03,폐업,식품자동판매기영업,02-431-4231,,,
기타,,(주)선호유통,식품자동판매기영업,1995-06-26,209790.959909032,443481.212174317,2026-05-06 22:38:15,I,02,폐업,0,,,,0,기타,,,,2003-08-08 00:00:00,1985-06-22,,138-881,서울특별시 송파구 가락동 600,N,0,3230000-112-1985-01255,,3230000,,,03,폐업,식품자동판매기영업,02-407-9733,,,
,,더리터24 송파역점,식품자동판매기영업,,209864.449512227,444496.871844114,2026-05-06 22:43:47,I,01,영업,0,,,,,,,,,2025-06-24 13:08:52,2025-06-24,33.00,138-854,서울특별시 송파구 송파동 103-11,N,,3230000-112-2025-00014,,3230000,"서울특별시 송파구 가락로 148, 101호 (송파동)",05675,01,영업/정상,식품자동판매기영업,,,,
기타,,제일슈퍼,식품자동판매기영업,2001-03-26,208287.807537775,444061.722286399,2026-05-06 22:39:38,I,02,폐업,0,,,,0,기타,,,,2003-08-29 00:00:00,1997-05-31,,138-841,서울특별시 송파구 삼전동 170-5,N,0,3230000-112-1997-02888,,3230000,,,03,폐업,식품자동판매기영업,02-414-4346,,,
기타,,올림픽공원자건거경기장,식품자동판매기영업,1997-05-09,211073.35603022,446095.113429039,2026-05-06 22:38:31,I,02,폐업,0,,,,0,지도,,,,2003-08-07 00:00:00,1989-12-18,,138-829,서울특별시 송파구 방이동 88-2 올림픽공원 자전거경기장내,N,0,3230000-112-1989-01185,,3230000,,,03,폐업,식품자동판매기영업,02-419-0470,,,
기타,,철물점,식품자동판매기영업,2005-01-05,210532.276251788,448386.498165088,2026-05-06 22:41:05,I,02,폐업,0,,,,0,기타,,,,2003-09-02 00:00:00,1999-06-19,,138-872,서울특별시 송파구 풍납동 82-19,N,0,3230000-112-1999-00321,,3230000,,,03,폐업,식품자동판매기영업,02-483-2401,,,
기타,,롯데월드내구내식당,식품자동판매기영업,1999-12-29,208589.363343145,445455.90405262,2026-05-06 22:38:44,I,02,폐업,0,,,,0,기타,,,,2003-08-13 00:00:00,1991-12-21,,138-721,서울특별시 송파구 잠실동 40-1 롯데월드 구내식당,N,0,3230000-112-1991-01656,,3230000,,,03,폐업,식품자동판매기영업,02-562-1191,,,
,,송파세무서,식품자동판매기영업,2022-02-22,209993.952471355,447157.697879202,2026-05-06 22:43:08,I,02,폐업,0,,,,,,,,,2022-02-22 15:54:00,2009-04-16,,138-878,서울특별시 송파구 풍납동 388-6 지상1층,N,,3230000-112-2009-00019,,3230000,"서울특별시 송파구 강동대로 62, 지상1층 (풍납동)",05506,03,폐업,식품자동판매기영업,,,,
,자가,씨스페이시스 잠실점,식품자동판매기영업,2021-10-18,207072.619774803,444797.208540988,2026-05-06 22:43:24,I,02,폐업,0,,,,,,,,,2021-10-18 12:22:05,2017-06-29,.30,138-865,서울특별시 송파구 잠실동 297-3,N,,3230000-112-2017-00033,,3230000,"서울특별시 송파구 백제고분로12길 10, 1층 (잠실동)",05574,03,폐업,식품자동판매기영업,,,,
기타,,삼광상사,식품자동판매기영업,2004-06-28,208216.655492222,444536.271851596,2026-05-06 22:42:03,I,02,폐업,0,,,,,기타,,,,2003-09-05 00:00:00,2001-11-27,,138-839,서울특별시 송파구 삼전동 101-10,N,,3230000-112-2001-00880,,3230000,,,03,폐업,식품자동판매기영업,02-414-4090,,,
,,가보,식품자동판매기영업,2010-02-04,208675.220300498,444464.450656082,2026-05-06 22:42:48,I,02,폐업,0,0,0,0,,,,0,,2003-09-08 00:00:00,2003-01-23,,138-845,서울특별시 송파구 석촌동 235,N,,3230000-112-2003-00075,,3230000,,,03,폐업,식품자동판매기영업,02-419-8582,,,
기타,,옷수선,식품자동판매기영업,2004-11-26,210318.6433383,447967.680010779,2026-05-06 22:41:33,I,02,폐업,0,,,,0,기타,,,,2003-09-03 00:00:00,1999-09-29,,138-874,서울특별시 송파구 풍납동 231-4,N,0,3230000-112-1999-00491,,3230000,,,03,폐업,식품자동판매기영업,02-477-3023,,,
기타,,영암식당,식품자동판매기영업,2010-02-09,212700.27639909,444374.705917601,2026-05-06 22:38:54,I,02,폐업,0,,,,0,기타,,,,2003-08-19 00:00:00,1992-03-21,,138-817,서울특별시 송파구 마천동 14-19,N,0,3230000-112-1992-02022,,3230000,,,03,폐업,식품자동판매기영업,02-408-7020,,,
기타,,한국체육산업개발(주),식품자동판매기영업,1998-02-17,210199.45921923,446539.279382444,2026-05-06 22:39:01,I,02,폐업,0,,,,0,기타,,,,2003-08-21 00:00:00,1993-03-02,,138-829,서울특별시 송파구 방이동 88-0,N,0,3230000-112-1993-02345,,3230000,,,03,폐업,식품자동판매기영업,02-470-5245,,,
,자가,8호선 가락시장 하선,식품자동판매기영업,2023-02-21,210384.577655162,443418.880649,2026-05-06 22:43:19,I,02,폐업,0,,,,,,,,,2023-02-21 10:00:20,2015-11-06,3.60,138-812,서울특별시 송파구 가락동 184-23 지하층,N,,3230000-112-2015-00036,,3230000,"서울특별시 송파구 송파대로 지하 257, 지하층 (가락동)",05699,03,폐업,식품자동판매기영업,02-2212-8399,,,
기타,,미스터오락실,식품자동판매기영업,1998-05-06,211560.135,444923.32,2026-05-06 22:39:06,I,02,폐업,0,,,,0,기타,,,,2003-08-25 00:00:00,1994-04-07,,138-855,서울특별시 송파구 오금동 31-9,N,0,3230000-112-1994-02551,,3230000,,,03,폐업,식품자동판매기영업,02-431-3567,,,
주택가주변,,금성벤딩(주),식품자동판매기영업,1997-11-15,206684.903140953,445341.243103585,2026-05-06 22:38:26,I,02,폐업,0,,,,1,지도,,,,2003-08-05 00:00:00,1988-11-04,,138-892,서울특별시 송파구 잠실동 84 (송파구청별관 2층복도),N,1,3230000-112-1988-01066,,3230000,,,03,폐업,식품자동판매기영업,,,,
기타,,서울학생체육관직원상조회,식품자동판매기영업,1998-05-06,206597.102072932,445547.19071847,2026-05-06 22:38:53,I,02,폐업,0,,,,0,기타,,,,2003-08-18 00:00:00,1992-02-29,,138-889,서울특별시 송파구 잠실동 10-3,N,0,3230000-112-1992-01997,,3230000,,,03,폐업,식품자동판매기영업,02-422-2285,,,
기타,,중부지방국세청,식품자동판매기영업,1997-04-03,209993.952471355,447157.697879202,2026-05-06 22:38:31,I,02,폐업,0,,,,0,지도,,,,2003-08-07 00:00:00,1989-12-02,,138-706,서울특별시 송파구 풍납동 388-6 송파세무서 3층,N,0,3230000-112-1989-01174,,3230000,,,03,폐업,식품자동판매기영업,02-470-2101,,,
,,올림픽프라자상가(4대),식품자동판매기영업,2008-06-19,211986.297245596,446156.529775445,2026-05-06 22:43:03,I,02,폐업,0,,,,,,,,,2006-01-03 00:00:00,2006-01-03,,138-829,서울특별시 송파구 방이동 89-0 올림픽프라자상가,N,,3230000-112-2006-00001,,3230000,,,03,폐업,식품자동판매기영업,02-6475-7500,,,
,자가,금강,식품자동판매기영업,2009-01-29,209498.022109948,445650.765544378,2026-05-06 22:43:00,I,02,폐업,0,0,0,0,,,0,0,,2004-05-27 00:00:00,2004-05-24,,138-828,서울특별시 송파구 방이동 66-10 덕림빌딩 2층,N,,3230000-112-2004-00022,0,3230000,,,03,폐업,식품자동판매기영업,02-425-3535,,,
기타,,-,식품자동판매기영업,2003-08-05,209337.104501753,445744.864426145,2026-05-06 22:39:21,I,02,폐업,0,,,,0,기타,,,,2003-09-09 00:00:00,1994-12-01,,138-934,서울특별시 송파구 신천동 29-1,N,0,3230000-112-1994-02757,,3230000,,,03,폐업,식품자동판매기영업,02-0415-0032,,,
,,에스테뷰티,식품자동판매기영업,2004-06-10,209685.131117343,444789.39630006,2026-05-06 22:42:41,I,02,폐업,0,,,,,,,,,2003-01-08 00:00:00,2003-01-08,,138-851,서울특별시 송파구 송파동 112-14,N,,3230000-112-2003-00008,,3230000,,,03,폐업,식품자동판매기영업,02-422-3472,,,
기타,,쌍용증권,식품자동판매기영업,1993-01-27,208707.089897534,446299.352775446,2026-05-06 22:38:41,I,02,폐업,0,,,,0,기타,,,,2003-08-12 00:00:00,1991-11-21,,138-934,서울특별시 송파구 신천동 7-0 장미A상가 2층,N,0,3230000-112-1991-01552,,3230000,,,03,폐업,식품자동판매기영업,02-412-4041,,,
,자가,CU 방이 그레너스 2호점,식품자동판매기영업,2020-04-21,209509.155143836,445702.432655116,2026-05-06 22:43:14,I,02,폐업,0,,,,,,,,,2020-04-21 09:26:14,2015-09-10,3.30,138-828,서울특별시 송파구 방이동 62-3 지상1층,N,,3230000-112-2015-00016,,3230000,"서울특별시 송파구 올림픽로32길 22-23, 지상1층 (방이동)",05548,03,폐업,식품자동판매기영업,070-4187-0094,,,
기타,,인터우드멀티PC방,식품자동판매기영업,2004-06-24,209852.350642305,445557.094917436,2026-05-06 22:42:03,I,02,폐업,0,0,0,0,,기타,,0,,2003-09-05 00:00:00,2001-11-07,,138-829,서울특별시 송파구 방이동 105-0,N,,3230000-112-2001-00869,,3230000,,,03,폐업,식품자동판매기영업,02-417-7857,,,
기타,,종합운동장역,식품자동판매기영업,2003-02-12,,,2026-05-06 22:41:49,I,02,폐업,0,,,,0,기타,,,,2003-09-03 00:00:00,2000-02-16,,138-889,서울특별시 송파구 잠실동 1-236,N,0,3230000-112-2000-00627,,3230000,,,03,폐업,식품자동판매기영업,02-2212-8398,,,
,자가,주식회사 퍼니랜드,식품자동판매기영업,,208589.363343145,445455.90405262,2026-05-06 22:43:43,I,01,영업,0,,,,,,,,,2023-07-13 14:38:46,2023-07-13,3.30,138-721,서울특별시 송파구 잠실동 40-1 롯데월드,N,,3230000-112-2023-00022,,3230000,"서울특별시 송파구 올림픽로 240, 롯데월드 지하1층 (잠실동)",05554,01,영업/정상,식품자동판매기영업,032-675-0546,,,
,자가,태영상사,식품자동판매기영업,2009-12-31,207136.774763784,444958.89642708,2026-05-06 22:42:55,I,02,폐업,0,0,0,0,,,0,0,,2003-06-10 00:00:00,2003-06-10,,138-863,서울특별시 송파구 잠실동 225-10,N,,3230000-112-2003-00217,0,3230000,,,03,폐업,식품자동판매기영업,02-2202-7411,,,
기타,,금송빌딩,식품자동판매기영업,1994-08-01,208506.869771742,443944.470666094,2026-05-06 22:38:40,I,02,폐업,0,,,,0,기타,,,,2003-08-12 00:00:00,1991-11-12,,138-845,서울특별시 송파구 석촌동 221-0 1층,N,0,3230000-112-1991-01519,,3230000,,,03,폐업,식품자동판매기영업,02-430-7084,,,
기타,,한국체육산업개발(주),식품자동판매기영업,1998-02-17,210199.45921923,446539.279382444,2026-05-06 22:39:01,I,02,폐업,0,,,,0,기타,,,,2003-08-21 00:00:00,1993-03-02,,138-829,서울특별시 송파구 방이동 88-0,N,0,3230000-112-1993-02340,,3230000,,,03,폐업,식품자동판매기영업,02-470-5245,,,
기타,,이상만,식품자동판매기영업,1999-09-20,,,2026-05-06 22:40:51,I,02,폐업,0,,,,0,기타,,,,2003-09-02 00:00:00,1999-05-26,,138-855,서울특별시 송파구 오금동 17-1 3층,N,0,3230000-112-1999-00253,,3230000,,,03,폐업,식품자동판매기영업,02-948-8253,,,
,,학사부동산,식품자동판매기영업,2004-07-01,,,2026-05-06 22:42:59,I,02,폐업,0,,,,,,,,,2004-04-12 00:00:00,2004-04-12,,138-831,서울특별시 송파구 방이동 135-6,N,,3230000-112-2004-00016,,3230000,,,03,폐업,식품자동판매기영업,02-425-0016,,,
기타,,가락자판기,식품자동판매기영업,2001-10-12,209790.959909032,443481.212174317,2026-05-06 22:38:46,I,02,폐업,0,,,,0,기타,,,,2003-08-14 00:00:00,1991-12-26,,138-881,서울특별시 송파구 가락동 600-0,N,0,3230000-112-1991-01720,,3230000,,,03,폐업,식품자동판매기영업,,,,
,자가,CU 성내역점,식품자동판매기영업,2020-01-21,209001.844836661,446426.814182263,2026-05-06 22:43:35,I,02,폐업,0,,,,,,,,,2020-01-21 10:38:06,2018-06-01,3.30,138-934,서울특별시 송파구 신천동 11 장미3차맨션,N,,3230000-112-2018-00017,,3230000,"서울특별시 송파구 올림픽로35길 94, C상가 110호 (신천동, 장미3차맨션)",05504,03,폐업,식품자동판매기영업,,,,
기타,,대성오락실,식품자동판매기영업,1997-01-24,210216.850821164,448144.61587057,2026-05-06 22:38:51,I,02,폐업,0,,,,0,기타,,,,2003-08-18 00:00:00,1992-01-31,,138-873,서울특별시 송파구 풍납동 222-4,N,0,3230000-112-1992-01935,,3230000,,,03,폐업,식품자동판매기영업,02-472-4290,,,
,,송파파크데일 공인중개사사무소,식품자동판매기영업,,213885.153488894,443673.020406656,2026-05-06 22:43:47,I,01,영업,0,,,,,,,,,2025-06-16 13:41:05,2025-06-16,20.00,138-120,서울특별시 송파구 마천동 602-1 경진빌딩,N,,3230000-112-2025-00011,,3230000,"서울특별시 송파구 성내천로47길 23, 경진빌딩 1층 (마천동)",05748,01,영업/정상,식품자동판매기영업,,,,
기타,,복정로타리주유소,식품자동판매기영업,2005-12-28,211091.303955334,440999.735530566,2026-05-06 22:39:40,I,02,폐업,0,,,,0,기타,,,,2003-08-29 00:00:00,1997-06-24,,138-871,서울특별시 송파구 장지동 608-5 복정로타리,N,0,3230000-112-1997-02923,,3230000,,,03,폐업,식품자동판매기영업,02-3402-2900,,,
주택가주변,,대성주유소,식품자동판매기영업,2013-03-05,212588.217174795,444214.318443934,2026-05-06 22:40:33,I,02,폐업,0,,,,0,우수,,,,2003-09-02 00:00:00,1999-05-04,,138-817,서울특별시 송파구 마천동 31-0,N,0,3230000-112-1999-00173,,3230000,,,03,폐업,식품자동판매기영업,02-431-1991,,,
기타,,캐리어-LG중부빌딩,식품자동판매기영업,2010-03-12,211199.387898742,440933.57908406,2026-05-06 22:41:55,I,02,폐업,0,0,0,0,,기타,,0,,2003-09-04 00:00:00,2001-06-22,,138-871,서울특별시 송파구 장지동 600-35 (장지검문소앞),N,,3230000-112-2001-00747,,3230000,,,03,폐업,식품자동판매기영업,02-766-5909,,,
기타,,서울학생체육관직원상조회,식품자동판매기영업,1998-05-06,206597.102072932,445547.19071847,2026-05-06 22:38:53,I,02,폐업,0,,,,0,기타,,,,2003-08-18 00:00:00,1992-02-29,,138-889,서울특별시 송파구 잠실동 10-3,N,0,3230000-112-1992-01999,,3230000,,,03,폐업,식품자동판매기영업,02-422-2285,,,
,자가,CU잠실레이크점,식품자동판매기영업,2018-05-01,208106.510001185,444988.080002931,2026-05-06 22:43:13,I,02,폐업,0,,,,,,,,,2018-05-01 11:10:26,2013-10-16,3.30,138-837,서울특별시 송파구 삼전동 22-2 잠실레이크타워 지상1층 101호,N,,3230000-112-2013-00013,,3230000,"서울특별시 송파구 석촌호수로 140, 지상1층 101호 (삼전동, 잠실레이크타워)",05600,03,폐업,식품자동판매기영업,,,,
기타,,비디오보이,식품자동판매기영업,2005-12-28,210906.757828941,444116.120399632,2026-05-06 22:41:43,I,02,폐업,0,,,,0,기타,,,,2003-09-03 00:00:00,1999-10-20,,138-801,서울특별시 송파구 가락동 38-8,N,0,3230000-112-1999-00556,,3230000,,,03,폐업,식품자동판매기영업,02-408-9436,,,
,임대,산성슈퍼,식품자동판매기영업,2020-09-22,213836.818937676,443136.78918277,2026-05-06 22:43:36,I,02,폐업,0,,,,,,,,,2020-09-22 09:46:17,2018-12-24,3.30,138-815,서울특별시 송파구 거여동 577,N,,3230000-112-2018-00029,,3230000,"서울특별시 송파구 성내천로63길 6, 1층 (거여동)",05776,03,폐업,식품자동판매기영업,,,,
기타,,태양지물포,식품자동판매기영업,2001-05-16,212981.012010611,443486.577400801,2026-05-06 22:38:36,I,02,폐업,0,,,,0,기타,,,,2003-08-11 00:00:00,1991-08-24,,138-815,서울특별시 송파구 거여동 235,N,0,3230000-112-1991-01395,,3230000,,,03,폐업,식품자동판매기영업,02-407-8763,,,
,자가,CU송파흥아점,식품자동판매기영업,2016-08-24,210895.039234415,442514.776319215,2026-05-06 22:43:19,I,02,폐업,0,,,,,,,,,2016-03-25 14:04:10,2016-03-25,3.30,138-826,서울특별시 송파구 문정동 59,N,,3230000-112-2016-00008,,3230000,"서울특별시 송파구 새말로5길 24, 1층 (문정동)",05807,03,폐업,식품자동판매기영업,02-402-2208,,,
기타,,가락제2동사무소,식품자동판매기영업,2006-07-03,211125.621184311,444063.759825172,2026-05-06 22:41:17,I,02,폐업,0,,,,0,기타,,,,2003-09-02 00:00:00,1999-09-08,,138-809,서울특별시 송파구 가락동 154-0,N,0,3230000-112-1999-00432,,3230000,,,03,폐업,식품자동판매기영업,02-404-3787,,,
기타,,송파구청,식품자동판매기영업,2010-08-30,209309.168083103,445825.652756192,2026-05-06 22:38:59,I,02,폐업,0,0,0,0,0,기타,,0,,2006-12-29 00:00:00,1993-01-14,,138-934,서울특별시 송파구 신천동 29-5 Lvc4716ch(옥외휴게실),N,0,3230000-112-1993-02257,,3230000,,,03,폐업,식품자동판매기영업,02-0000-0000,,,
기타,,커피자동판매,식품자동판매기영업,2000-01-27,207750.499013776,445762.808120998,2026-05-06 22:38:07,I,02,폐업,0,,,,1,지도,,,,2003-08-05 00:00:00,1983-03-24,,138-911,서울특별시 송파구 잠실동 22 신천역 지하,N,1,3230000-112-1983-01014,,3230000,,,03,폐업,식품자동판매기영업,,,,
기타,,장수갈비,식품자동판매기영업,2004-01-29,211884.241263353,444792.433197282,2026-05-06 22:39:07,I,02,폐업,0,,,,0,기타,,,,2003-08-26 00:00:00,1994-04-08,,138-858,서울특별시 송파구 오금동 77-16,N,0,3230000-112-1994-02602,,3230000,,,03,폐업,식품자동판매기영업,02-448-8647,,,
기타,,코끼리슈퍼,식품자동판매기영업,2011-01-19,212258.370863535,444423.099017906,2026-05-06 22:40:59,I,02,폐업,0,,,,0,기타,,,,2003-09-02 00:00:00,1999-06-05,,138-859,서울특별시 송파구 오금동 139-4,N,0,3230000-112-1999-00283,,3230000,,,03,폐업,식품자동판매기영업,02-408-5180,,,
기타,,서울중앙병원,식품자동판매기영업,2005-11-28,209607.590372037,447120.577229325,2026-05-06 22:38:45,I,02,폐업,0,,,,0,기타,,,,2003-08-13 00:00:00,1991-12-26,,138-878,서울특별시 송파구 풍납동 388-1 6층,N,0,3230000-112-1991-01691,,3230000,,,03,폐업,식품자동판매기영업,02-480-3114,,,
기타,,잠실제6동사무소,식품자동판매기영업,2005-08-08,208828.199396893,446212.678441737,2026-05-06 22:41:15,I,02,폐업,0,,,,0,기타,,,,2003-09-02 00:00:00,1999-09-07,,138-934,서울특별시 송파구 신천동 7-6,N,0,3230000-112-1999-00423,,3230000,,,03,폐업,식품자동판매기영업,02-425-3492,,,
기타,,환경처,식품자동판매기영업,1994-08-11,208851.007809422,445928.490511145,2026-05-06 22:38:45,I,02,폐업,0,,,,0,기타,,,,2003-08-13 00:00:00,1991-12-26,,138-934,서울특별시 송파구 신천동 7-16,N,0,3230000-112-1991-01687,,3230000,,,03,폐업,식품자동판매기영업,02-662-4575,,,
기타,,정상회,식품자동판매기영업,2000-06-14,208675.812751826,444446.053485778,2026-05-06 22:39:07,I,02,폐업,0,,,,0,기타,,,,2003-08-26 00:00:00,1994-04-09,,138-845,서울특별시 송파구 석촌동 235-17,N,0,3230000-112-1994-02616,,3230000,,,03,폐업,식품자동판매기영업,02-418-1722,,,
기타,,소망슈퍼,식품자동판매기영업,2016-12-29,210115.021108184,444472.397019492,2026-05-06 22:41:13,I,02,폐업,0,,,,0,기타,,,,2003-09-02 00:00:00,1999-08-16,,138-854,서울특별시 송파구 송파동 176-11,N,0,3230000-112-1999-00401,,3230000,서울특별시 송파구 송이로8길 13 (송파동),05674,03,폐업,식품자동판매기영업,02-417-9048,,,
,,실비장충동왕족발보쌈,식품자동판매기영업,2009-12-31,211776.865793998,444649.236942521,2026-05-06 22:42:58,I,02,폐업,0,,,,,,,,,2003-12-16 00:00:00,2003-12-16,,138-857,서울특별시 송파구 오금동 52-19,N,,3230000-112-2003-00301,,3230000,,,03,폐업,식품자동판매기영업,,,,
,자가,준브라더스케어,식품자동판매기영업,2025-04-11,208589.363343145,445455.90405262,2026-05-06 22:43:42,I,02,폐업,0,,,,,,,,,2025-04-11 11:13:02,2023-04-12,3.30,138-721,서울특별시 송파구 잠실동 40-1 롯데월드,N,,3230000-112-2023-00008,,3230000,"서울특별시 송파구 올림픽로 240, 롯데마트 제타플렉스점 4층 (잠실동)",05554,03,폐업,식품자동판매기영업,,,,
,자가,CU 가락극동점,식품자동판매기영업,2018-05-10,211593.745670259,443624.55527842,2026-05-06 22:43:29,I,02,폐업,0,,,,,,,,,2018-05-10 15:27:21,2017-08-30,1.00,138-812,서울특별시 송파구 가락동 194-2,N,,3230000-112-2017-00046,,3230000,"서울특별시 송파구 동남로18길 14, 1층 (가락동, CU 가락극동점 편의점 내 )",05784,03,폐업,식품자동판매기영업,,,,
주택가주변,,-,식품자동판매기영업,2001-02-22,210586.8485,444077.807,2026-05-06 22:40:36,I,02,폐업,0,,,,0,우수,,,,2003-09-09 00:00:00,1999-05-07,,138-801,서울특별시 송파구 가락동 48-13,N,0,3230000-112-1999-00186,,3230000,,,03,폐업,식품자동판매기영업,02-448-8851,,,
기타,,반도종합상가,식품자동판매기영업,1998-07-10,,,2026-05-06 22:38:11,I,02,폐업,0,,,,1,지도,,,,2003-08-05 00:00:00,1985-01-11,,138-829,서울특별시 송파구 방이동 91,N,1,3230000-112-1985-01038,,3230000,,,03,폐업,식품자동판매기영업,,,,
기타,,베들레햄베이커리,식품자동판매기영업,1995-01-05,210712.875778949,445060.040395124,2026-05-06 22:39:06,I,02,폐업,0,,,,0,기타,,,,2003-08-25 00:00:00,1994-04-08,,138-836,서울특별시 송파구 방이동 219-6,N,0,3230000-112-1994-02569,,3230000,,,03,폐업,식품자동판매기영업,02-0421-0967,,,
,,제로텍 PC방 내,식품자동판매기영업,2013-03-05,207664.912872888,445106.471270299,2026-05-06 22:43:09,I,02,폐업,0,,,,,,,,,2010-04-30 13:19:37,2010-04-30,,138-862,서울특별시 송파구 잠실동 209-9 지하1층 제로텍 PC방 내,N,,3230000-112-2010-00016,,3230000,,,03,폐업,식품자동판매기영업,02-412-2804,,,
기타,,(주)선호유통,식품자동판매기영업,1993-05-18,209790.959909032,443481.212174317,2026-05-06 22:38:24,I,02,폐업,0,,,,0,기타,,,,2003-08-11 00:00:00,1985-06-22,,138-881,서울특별시 송파구 가락동 600-0,N,0,3230000-112-1985-01316,,3230000,,,03,폐업,식품자동판매기영업,02-407-9733,,,
기타,,송파구청,식품자동판매기영업,2010-08-30,209309.168083103,445825.652756192,2026-05-06 22:38:59,I,02,폐업,0,,,,0,기타,,,,2006-12-29 00:00:00,1993-01-14,,138-934,서울특별시 송파구 신천동 29-5 Cvkc-5226cd(본관4층),N,0,3230000-112-1993-02256,,3230000,,,03,폐업,식품자동판매기영업,02-0000-0000,,,
,,바람드리성셀프주차장(2대),식품자동판매기영업,2007-12-18,209834.834484936,447671.288287182,2026-05-06 22:42:59,I,02,폐업,0,,,,,,,,,2004-04-09 00:00:00,2004-04-09,,138-875,서울특별시 송파구 풍납동 306-70,N,,3230000-112-2004-00014,,3230000,,,03,폐업,식품자동판매기영업,02-486-7991,,,
,자가,(8)가락시장역음료수,식품자동판매기영업,2006-12-28,,,2026-05-06 22:43:03,I,02,폐업,0,0,0,0,,,0,0,,2005-10-14 00:00:00,2005-10-14,,138-160,서울특별시 송파구 가락동 298-0 가락시장역내,N,,3230000-112-2005-00030,0,3230000,,,03,폐업,식품자동판매기영업,,,,
기타,,건강의집삼화,식품자동판매기영업,1998-01-19,209646.40689238,444321.519518473,2026-05-06 22:38:45,I,02,폐업,0,,,,0,기타,,,,2003-08-13 00:00:00,1991-12-26,,138-847,서울특별시 송파구 석촌동 297-27,N,0,3230000-112-1991-01699,,3230000,,,03,폐업,식품자동판매기영업,02-412-1089,,,
기타,,동양장식,식품자동판매기영업,2006-05-18,213360.144976512,443840.977241838,2026-05-06 22:41:52,I,02,폐업,0,0,0,0,0,기타,,0,,2003-09-03 00:00:00,2000-10-06,,138-820,서울특별시 송파구 마천동 178-74,N,0,3230000-112-2000-00679,,3230000,,,03,폐업,식품자동판매기영업,02-401-3667,,,
기타,,-,식품자동판매기영업,2010-12-31,212952.322574372,444051.207061054,2026-05-06 22:39:18,I,02,폐업,0,,,,0,기타,,,,2003-09-09 00:00:00,1994-11-01,,138-818,서울특별시 송파구 마천동 119-7,N,0,3230000-112-1994-02728,,3230000,,,03,폐업,식품자동판매기영업,02-401-3458,,,
기타,,동협실업(주),식품자동판매기영업,1993-06-19,210849.897330572,443789.337035202,2026-05-06 22:38:38,I,02,폐업,0,,,,0,기타,,,,2003-08-12 00:00:00,1991-10-25,,138-802,서울특별시 송파구 가락동 58-0 3층,N,0,3230000-112-1991-01472,,3230000,,,03,폐업,식품자동판매기영업,02-429-3244,,,
,자가,소망철물,식품자동판매기영업,2006-02-28,213426.350556118,443531.0209502,2026-05-06 22:42:43,I,02,폐업,0,0,0,0,,,0,0,,2003-01-14 00:00:00,2003-01-14,,138-821,서울특별시 송파구 마천동 307-44,N,,3230000-112-2003-00028,0,3230000,,,03,폐업,식품자동판매기영업,,,,
,,춘천식당,식품자동판매기영업,2004-06-07,213388.098998307,443531.240904473,2026-05-06 22:42:43,I,02,폐업,0,,,,,,,,,2003-01-14 00:00:00,2003-01-14,,138-821,서울특별시 송파구 마천동 307-3,N,,3230000-112-2003-00023,,3230000,,,03,폐업,식품자동판매기영업,02-430-5782,,,
기타,,유덕순,식품자동판매기영업,1994-04-27,212025.321408511,443692.098843009,2026-05-06 22:38:51,I,02,폐업,0,,,,0,기타,,,,2003-08-18 00:00:00,1992-01-30,,138-745,서울특별시 송파구 가락동 176-0 삼환아파트상가 1층,N,0,3230000-112-1992-01934,,3230000,,,03,폐업,식품자동판매기영업,02-402-5294,,,
,,송악산칡냉면,식품자동판매기영업,2005-12-28,209874.323833176,444219.954901304,2026-05-06 22:42:49,I,02,폐업,0,,,,,,,,,2003-01-25 00:00:00,2003-01-25,,138-854,서울특별시 송파구 송파동 195-6,N,,3230000-112-2003-00085,,3230000,,,03,폐업,식품자동판매기영업,02-2202-1117,,,
기타,,밤새지말란말이야,식품자동판매기영업,2002-03-26,210211.065427768,445036.606351982,2026-05-06 22:41:12,I,02,폐업,0,,,,0,기타,,,,2003-09-02 00:00:00,1999-08-14,,138-852,서울특별시 송파구 송파동 142-9,N,0,3230000-112-1999-00400,,3230000,,,03,폐업,식품자동판매기영업,02-416-2064,,,
기타,,신화상사,식품자동판매기영업,1998-05-02,210344.955397158,447632.729919887,2026-05-06 22:39:08,I,02,폐업,0,,,,0,기타,,,,2003-08-26 00:00:00,1994-04-15,,138-874,서울특별시 송파구 풍납동 237-22,N,0,3230000-112-1994-02643,,3230000,,,03,폐업,식품자동판매기영업,02-484-1676,,,
기타,,유성카센타,식품자동판매기영업,2004-10-01,,,2026-05-06 22:38:47,I,02,폐업,0,,,,0,기타,,,,2003-08-14 00:00:00,1991-12-30,,138-886,서울특별시 송파구 문정동 212-2,N,0,3230000-112-1991-01785,,3230000,,,03,폐업,식품자동판매기영업,02-400-4186,,,
기타,,커피자동판매,식품자동판매기영업,1998-07-08,206383.829438022,446030.128073052,2026-05-06 22:38:08,I,02,폐업,0,,,,1,지도,,,,2003-08-05 00:00:00,1983-03-24,,138-889,서울특별시 송파구 잠실동 10 종합운장역 지하A,N,1,3230000-112-1983-01021,,3230000,,,03,폐업,식품자동판매기영업,,,,
기타,,우리상회,식품자동판매기영업,2005-12-28,212639.116872385,443672.515201299,2026-05-06 22:41:51,I,02,폐업,0,0,0,0,0,기타,,0,,2003-09-03 00:00:00,2000-04-19,,138-813,서울특별시 송파구 거여동 178-87,N,0,3230000-112-2000-00649,,3230000,,,03,폐업,식품자동판매기영업,02-402-4454,,,
기타,,서울부동산중개사,식품자동판매기영업,1997-01-31,211619.029419951,445876.306558636,2026-05-06 22:38:32,I,02,폐업,0,,,,0,기타,,,,2003-08-08 00:00:00,1990-04-02,,138-829,서울특별시 송파구 방이동 89-13,N,0,3230000-112-1990-01198,,3230000,,,03,폐업,식품자동판매기영업,,,,
주택가주변,,중앙벤딩,식품자동판매기영업,2000-11-20,208747.966147418,445880.344362008,2026-05-06 22:40:10,I,02,폐업,0,,,,0,우수,,,,2003-09-01 00:00:00,1999-04-23,,138-934,서울특별시 송파구 신천동 7-25,N,0,3230000-112-1999-00094,,3230000,,,03,폐업,식품자동판매기영업,02-426-6160,,,
기타,,지하철5-52공구현장사무실,식품자동판매기영업,1997-02-03,211022.473891535,445097.741606242,2026-05-06 22:38:52,I,02,폐업,0,,,,0,기타,,,,2003-08-18 00:00:00,1992-02-13,,138-836,서울특별시 송파구 방이동 217-2,N,0,3230000-112-1992-01959,,3230000,,,03,폐업,식품자동판매기영업,02-427-4028,,,
기타,,(주)선호유통,식품자동판매기영업,2005-11-10,209790.959909032,443481.212174317,2026-05-06 22:38:13,I,02,폐업,0,,,,0,기타,,,,2005-11-11 00:00:00,1985-06-22,,138-881,서울특별시 송파구 가락동 600,N,0,3230000-112-1985-01236,,3230000,,,03,폐업,식품자동판매기영업,02-407-9733,,,
기타,,옹고집,식품자동판매기영업,1998-10-31,209788.031173099,445151.622967216,2026-05-06 22:38:59,I,02,폐업,0,,,,0,기타,,,,2003-08-21 00:00:00,1992-11-23,,138-851,서울특별시 송파구 송파동 134-0,N,0,3230000-112-1992-02247,,3230000,,,03,폐업,식품자동판매기영업,02-424-9991,,,
기타,,서울슈퍼,식품자동판매기영업,1998-03-26,212539.116504948,444041.139829945,2026-05-06 22:38:35,I,02,폐업,0,,,,0,기타,,,,2003-08-11 00:00:00,1991-08-21,,138-813,서울특별시 송파구 거여동 6-4,N,0,3230000-112-1991-01385,,3230000,,,03,폐업,식품자동판매기영업,02-402-6138,,,
기타,,풍납2동사무소,식품자동판매기영업,1997-12-17,210719.949417284,448432.156952522,2026-05-06 22:38:30,I,02,폐업,0,,,,0,지도,,,,2003-08-07 00:00:00,1989-11-23,,138-873,서울특별시 송파구 풍납동 476 지상2층,N,0,3230000-112-1989-01161,,3230000,,,03,폐업,식품자동판매기영업,02-483-1196,,,
기타,,성내역,식품자동판매기영업,2003-01-28,208631.264585784,446586.957057294,2026-05-06 22:41:49,I,02,폐업,0,,,,0,기타,,,,2003-09-03 00:00:00,2000-02-15,,138-240,서울특별시 송파구 신천동 1-0,N,0,3230000-112-2000-00625,,3230000,,,03,폐업,식품자동판매기영업,02-520-5147,,,
기타,,송파역,식품자동판매기영업,2001-10-23,209460.801929296,444195.498408386,2026-05-06 22:39:31,I,02,폐업,0,,,,0,기타,,,,2003-08-29 00:00:00,1996-11-26,,138-160,서울특별시 송파구 가락동 477-0 송파전철역,N,0,3230000-112-1996-02830,,3230000,,,03,폐업,식품자동판매기영업,02-456-3497,,,
,자가,(주)애니이츠월드,식품자동판매기영업,,,,2026-05-06 22:43:46,I,01,영업,0,,,,,,,,,2025-02-13 13:37:04,2024-08-27,2.00,138-926,서울특별시 송파구 장지동 875 서울복합물류,N,,3230000-112-2024-00027,,3230000,"서울특별시 송파구 송파대로 55, 쿠팡 송파3캠프 D동 5층 Helper 휴게실 일부호 (장지동)",05842,01,영업/정상,식품자동판매기영업,,,,
기타,,랑광유통(주),식품자동판매기영업,2005-12-28,212130.760710042,444416.339319172,2026-05-06 22:38:52,I,02,폐업,0,,,,0,기타,,,,2003-08-18 00:00:00,1992-02-18,,138-859,서울특별시 송파구 오금동 129-5,N,0,3230000-112-1992-01964,,3230000,,,03,폐업,식품자동판매기영업,02-577-1900,,,
,,희원매점,식품자동판매기영업,2010-03-24,209248.063694462,446061.439207259,2026-05-06 22:43:02,I,02,폐업,0,,,,,,,,,2005-05-18 00:00:00,2005-05-18,,138-934,서울특별시 송파구 신천동 11-10 잠실아이스페이스빌딩 1층,N,,3230000-112-2005-00014,,3230000,,,03,폐업,식품자동판매기영업,02-2203-1070,,,
,,힘찬병원,식품자동판매기영업,2012-11-27,209641.102325061,445051.638159851,2026-05-06 22:43:08,I,02,폐업,0,,,,,,,,,2009-09-15 14:53:15,2009-09-15,,138-848,서울특별시 송파구 송파동 20-8,N,,3230000-112-2009-00037,,3230000,,,03,폐업,식품자동판매기영업,,,,
기타,,승태전기냉동,식품자동판매기영업,2004-08-20,208650.830895501,444101.717509741,2026-05-06 22:42:23,I,02,폐업,0,,,,,기타,,,,2003-09-08 00:00:00,2002-07-27,,138-845,서울특별시 송파구 석촌동 220-3,N,,3230000-112-2002-00965,,3230000,,,03,폐업,식품자동판매기영업,02-424-3331,,,
기타,,그린슈퍼,식품자동판매기영업,2010-12-31,210591.451987812,448048.539909983,2026-05-06 22:41:34,I,02,폐업,0,,,,0,기타,,,,2003-09-03 00:00:00,1999-10-04,,138-873,서울특별시 송파구 풍납동 492-0,N,0,3230000-112-1999-00504,,3230000,,,03,폐업,식품자동판매기영업,02-488-5200,,,
기타,,(주)선호유통,식품자동판매기영업,1993-05-18,209790.959909032,443481.212174317,2026-05-06 22:38:24,I,02,폐업,0,,,,0,기타,,,,2003-08-11 00:00:00,1985-06-22,,138-881,서울특별시 송파구 가락동 600-0 농수산물쎈타,N,0,3230000-112-1985-01312,,3230000,,,03,폐업,식품자동판매기영업,02-407-9733,,,
,,수PC방,식품자동판매기영업,2011-06-13,210736.054404032,448323.498359444,2026-05-06 22:43:09,I,02,폐업,0,,,,,,,,,2010-03-12 14:42:26,2010-03-12,,138-873,서울특별시 송파구 풍납동 474-5 지하1층,N,,3230000-112-2010-00007,,3230000,,,03,폐업,식품자동판매기영업,02-475-2357,,,
기타,,대동수퍼,식품자동판매기영업,2023-01-18,210216.850821164,448144.61587057,2026-05-06 22:42:03,I,02,폐업,0,0,0,0,,기타,,0,,2023-01-18 09:53:48,2001-12-28,,138-873,서울특별시 송파구 풍납동 222-4,N,,3230000-112-2001-00890,,3230000,서울특별시 송파구 한가람로14길 26 (풍납동),05523,03,폐업,식품자동판매기영업,02-485-4086,,,
,자가,CU문정역점,식품자동판매기영업,2019-09-23,210951.442461399,442706.682960145,2026-05-06 22:43:12,I,02,폐업,0,,,,,,,,,2019-09-23 10:47:43,2013-07-22,3.30,138-825,서울특별시 송파구 문정동 39-1 미성빌딩 지상1층,N,,3230000-112-2013-00009,,3230000,"서울특별시 송파구 문정로 19, 지상1층 (문정동, 미성빌딩)",05806,03,폐업,식품자동판매기영업,02-406-1955,,,
,,삼전세탁,식품자동판매기영업,2009-07-27,208059.618646941,444802.765634914,2026-05-06 22:43:05,I,02,폐업,0,,,,,,,,,2008-09-08 10:12:31,2008-05-29,,138-837,서울특별시 송파구 삼전동 26-21,N,,3230000-112-2008-00004,,3230000,,,03,폐업,식품자동판매기영업,02-416-1629,,,
기타,,주식회사덕은,식품자동판매기영업,2000-01-27,,,2026-05-06 22:38:28,I,02,폐업,0,,,,0,지도,,,,2003-08-07 00:00:00,1989-05-29,,138-220,서울특별시 송파구 잠실동 0-0,N,0,3230000-112-1989-01106,,3230000,,,03,폐업,식품자동판매기영업,,,,
,자가,개미슈퍼,식품자동판매기영업,2009-10-05,212782.077867109,442975.231990698,2026-05-06 22:42:53,I,02,폐업,0,0,0,0,,,0,0,,2003-05-29 00:00:00,2003-05-29,,138-110,서울특별시 송파구 거여동 294-0 5단지상가,N,,3230000-112-2003-00171,0,3230000,,,03,폐업,식품자동판매기영업,02-409-9860,,,
기타,,-,식품자동판매기영업,2005-12-28,210177.289293975,444963.418268942,2026-05-06 22:41:14,I,02,폐업,0,,,,0,기타,,,,2003-09-09 00:00:00,1999-09-01,,138-852,서울특별시 송파구 송파동 143-3,N,0,3230000-112-1999-00414,,3230000,,,03,폐업,식품자동판매기영업,,,,
기타,,(주)보광훼미리마트,식품자동판매기영업,2000-08-21,210614.299107219,443541.245143681,2026-05-06 22:39:58,I,02,폐업,0,,,,0,기타,,,,2003-09-01 00:00:00,1999-03-02,,138-803,서울특별시 송파구 가락동 79-2 중앙일보가락사옥,N,0,3230000-112-1999-00015,,3230000,,,03,폐업,식품자동판매기영업,02-511-1762,,,
,,제1수영장매점(3대),식품자동판매기영업,2006-01-24,206383.829438022,446030.128073052,2026-05-06 22:42:56,I,02,폐업,0,,,,,,,,,2005-07-05 00:00:00,2003-05-31,,138-889,서울특별시 송파구 잠실동 10-0,N,,3230000-112-2003-00234,,3230000,,,03,폐업,식품자동판매기영업,,,,
,자가,핵심교회,식품자동판매기영업,2009-12-31,212858.407621683,443256.947162244,2026-05-06 22:42:45,I,02,폐업,0,0,0,0,,,0,0,,2003-01-15 00:00:00,2003-01-15,,138-815,서울특별시 송파구 거여동 251-42,N,,3230000-112-2003-00047,0,3230000,,,03,폐업,식품자동판매기영업,,,,
,,2호선 성내(02),식품자동판매기영업,2012-01-05,208631.264585784,446586.957057294,2026-05-06 22:43:06,I,02,폐업,0,,,,,,,,,2009-02-06 13:02:56,2009-02-06,,138-240,서울특별시 송파구 신천동 1 성내역 승강장 2층,N,,3230000-112-2009-00004,,3230000,,,03,폐업,식품자동판매기영업,,,,
기타,,소망서림,식품자동판매기영업,2004-11-08,211195.227672475,444704.643173416,2026-05-06 22:38:37,I,02,폐업,0,,,,0,기타,,,,2003-08-11 00:00:00,1991-09-05,,138-857,서울특별시 송파구 오금동 46-4,N,0,3230000-112-1991-01424,,3230000,,,03,폐업,식품자동판매기영업,02-407-9047,,,
,자가,GS25 송파나누리,식품자동판매기영업,2017-02-23,210871.726574525,445621.752493006,2026-05-06 22:43:20,I,02,폐업,0,,,,,,,,,2016-07-07 09:51:30,2016-07-07,3.30,138-834,서울특별시 송파구 방이동 192-5,N,,3230000-112-2016-00022,,3230000,"서울특별시 송파구 위례성대로14길 3, 101호 (방이동)",05637,03,폐업,식품자동판매기영업,,,,
기타,,동네북(BOOK),식품자동판매기영업,2004-05-11,210440.971497216,445634.051170602,2026-05-06 22:42:22,I,02,폐업,0,,,,,기타,,,,2003-09-08 00:00:00,2002-07-24,,138-830,서울특별시 송파구 방이동 158-0,N,,3230000-112-2002-00957,,3230000,,,03,폐업,식품자동판매기영업,02-2202-8832,,,
,자가,CU 방이역점,식품자동판매기영업,2020-09-18,210948.49213501,445251.52298422,2026-05-06 22:43:23,I,02,폐업,0,,,,,,,,,2020-09-18 09:26:28,2017-04-28,3.30,138-835,서울특별시 송파구 방이동 208-5,N,,3230000-112-2017-00019,,3230000,"서울특별시 송파구 마천로 33, 1층 (방이동, 편의점 내)",05639,03,폐업,식품자동판매기영업,,,,
기타,,우정노래연습장,식품자동판매기영업,2001-04-02,207258.996055878,445350.664459326,2026-05-06 22:38:56,I,02,폐업,0,,,,0,기타,,,,2003-08-19 00:00:00,1992-07-09,,138-861,서울특별시 송파구 잠실동 188-7,N,0,3230000-112-1992-02128,,3230000,,,03,폐업,식품자동판매기영업,,,,
주택가주변,,유한부동산,식품자동판매기영업,2003-05-02,213071.7886997,443962.100946179,2026-05-06 22:41:01,I,02,폐업,0,,,,0,기타,,,,2003-09-02 00:00:00,1999-06-09,,138-818,서울특별시 송파구 마천동 124-12,N,0,3230000-112-1999-00304,,3230000,,,03,폐업,식품자동판매기영업,02-409-8484,,,
기타,,(주)선호유통,식품자동판매기영업,1993-05-18,209790.959909032,443481.212174317,2026-05-06 22:38:24,I,02,폐업,0,,,,0,기타,,,,2003-08-11 00:00:00,1985-06-22,,138-881,서울특별시 송파구 가락동 600-0 농수산물쎈타,N,0,3230000-112-1985-01315,,3230000,,,03,폐업,식품자동판매기영업,02-407-9733,,,
기타,,동양상사,식품자동판매기영업,1998-02-06,210985.841413962,444202.496819819,2026-05-06 22:38:33,I,02,폐업,0,,,,0,기타,,,,2003-08-08 00:00:00,1991-05-13,,138-801,서울특별시 송파구 가락동 35-7,N,0,3230000-112-1991-01212,,3230000,,,03,폐업,식품자동판매기영업,02-841-3121,,,
기타,,종합운동장(보조경기장),식품자동판매기영업,1998-12-26,206383.829438022,446030.128073052,2026-05-06 22:38:43,I,02,폐업,0,,,,0,기타,,,,2003-08-13 00:00:00,1991-12-19,,138-889,서울특별시 송파구 잠실동 10 종합운동장 보조경기장,N,0,3230000-112-1991-01629,,3230000,,,03,폐업,식품자동판매기영업,02-662-4575,,,
기타,,한국체육산업개발(주),식품자동판매기영업,2006-01-27,210199.45921923,446539.279382444,2026-05-06 22:39:02,I,02,폐업,0,0,0,0,0,기타,,0,,2003-08-22 00:00:00,1993-03-02,,138-829,서울특별시 송파구 방이동 88 제1체육관,N,0,3230000-112-1993-02358,,3230000,,,03,폐업,식품자동판매기영업,02-410-1189,,,
,,성내역(2호선),식품자동판매기영업,,208631.264585784,446586.957057294,2026-05-06 22:43:08,I,01,영업,0,,,,,,,,,2009-04-16 17:28:01,2009-04-16,,138-240,서울특별시 송파구 신천동 1 지상2층,N,,3230000-112-2009-00020,,3230000,"서울특별시 송파구 송파대로 624 (신천동,지상2층)",05504,01,영업/정상,식품자동판매기영업,,,,
기타,,강남정육점,식품자동판매기영업,,210332.232483958,447846.072511711,2026-05-06 22:38:36,I,01,영업,0,,,,0,기타,,,,2003-08-11 00:00:00,1991-09-03,,138-874,서울특별시 송파구 풍납동 231-19,N,0,3230000-112-1991-01415,,3230000,서울특별시 송파구 올림픽로51길 33 (풍납동),05532,01,영업/정상,식품자동판매기영업,02-475-3404,,,
기타,,자동판매기,식품자동판매기영업,1996-12-31,208233.926974585,445435.257647797,2026-05-06 22:38:11,I,02,폐업,0,,,,1,지도,,,,2003-08-05 00:00:00,1985-07-02,,138-915,서울특별시 송파구 잠실동 40 새마을체육관내,N,1,3230000-112-1985-01041,,3230000,,,03,폐업,식품자동판매기영업,,,,
,자가,8호선가락시장역,식품자동판매기영업,2010-07-27,,,2026-05-06 22:43:04,I,02,폐업,0,0,0,0,,,0,0,,2007-01-22 00:00:00,2007-01-22,,138-160,서울특별시 송파구 가락동 298 가락시장역내,N,,3230000-112-2007-00004,0,3230000,,,03,폐업,식품자동판매기영업,,,,
기타,,-,식품자동판매기영업,2010-01-27,209450.635196669,444465.63536697,2026-05-06 22:38:55,I,02,폐업,0,,,,0,기타,,,,2003-09-09 00:00:00,1992-05-14,,138-847,서울특별시 송파구 석촌동 293-3,N,0,3230000-112-1992-02053,,3230000,,,03,폐업,식품자동판매기영업,,,,
기타,,옴파로스,식품자동판매기영업,2013-10-31,209751.9855,444250.6205,2026-05-06 22:39:40,I,02,폐업,0,,,,0,기타,,,,2013-10-28 16:06:00,1997-06-27,,138-847,서울특별시 송파구 석촌동 296-17 지상1층,N,0,3230000-112-1997-02925,,3230000,"서울특별시 송파구 송파대로 365, 지상1층 (석촌동)",05697,03,폐업,식품자동판매기영업,02-419-1661,,,
,,갯내음,식품자동판매기영업,2006-11-23,210584.780606498,444984.010298628,2026-05-06 22:42:39,I,02,폐업,0,,,,,,,,,2002-12-03 00:00:00,2002-12-03,,138-836,서울특별시 송파구 방이동 222-5,N,,3230000-112-2002-02198,,3230000,,,03,폐업,식품자동판매기영업,02-2202-3322,,,
,자가,스터디카페 ON24,식품자동판매기영업,2020-09-22,210737.859052539,445040.89309297,2026-05-06 22:43:32,I,02,폐업,0,,,,,,,,,2020-09-22 11:25:56,2017-09-14,1.00,138-836,서울특별시 송파구 방이동 218-34,N,,3230000-112-2017-00053,,3230000,"서울특별시 송파구 오금로31길 20, 2층 (방이동, 방산빌딩)",05646,03,폐업,식품자동판매기영업,,,,
기타,,태양상가,식품자동판매기영업,1995-06-26,210305.222863461,447416.948927605,2026-05-06 22:38:55,I,02,폐업,0,,,,0,기타,,,,2003-08-19 00:00:00,1992-05-21,,138-879,서울특별시 송파구 풍납동 406-1,N,0,3230000-112-1992-02060,,3230000,,,03,폐업,식품자동판매기영업,02-489-3286,,,
주택가주변,,동양매직,식품자동판매기영업,2000-08-04,210861.379563103,445365.50003122,2026-05-06 22:40:09,I,02,폐업,0,,,,0,우수,,,,2003-09-01 00:00:00,1999-04-12,,138-834,서울특별시 송파구 방이동 200-2,N,0,3230000-112-1999-00067,,3230000,,,03,폐업,식품자동판매기영업,02-2203-6987,,,
,자가,MBC아카데미,식품자동판매기영업,2020-01-03,207022.590545895,445203.58676698,2026-05-06 22:43:05,I,02,폐업,0,0,0,0,,,0,0,,2020-01-21 10:35:08,2007-07-12,,138-862,서울특별시 송파구 잠실동 198 MBC아카데미3층,N,,3230000-112-2007-00013,0,3230000,"서울특별시 송파구 백제고분로9길 10 (잠실동,MBC아카데미3층)",05562,03,폐업,식품자동판매기영업,,,,
기타,,마사볼링장,식품자동판매기영업,1995-05-20,210057.912138022,444767.367639796,2026-05-06 22:39:03,I,02,폐업,0,,,,0,기타,,,,2003-08-22 00:00:00,1993-09-16,,138-851,서울특별시 송파구 송파동 121-0 한양스토아,N,0,3230000-112-1993-02435,,3230000,,,03,폐업,식품자동판매기영업,02-420-7826,,,
기타,,월즈노래방,식품자동판매기영업,2003-03-14,209961.600857792,445941.150558426,2026-05-06 22:39:01,I,02,폐업,0,,,,0,기타,,,,2003-08-21 00:00:00,1993-02-16,,138-828,서울특별시 송파구 방이동 48-7,N,0,3230000-112-1993-02320,,3230000,,,03,폐업,식품자동판매기영업,02-202-5553,,,
기타,,원조가든,식품자동판매기영업,2010-02-24,208874.622262085,444931.444359806,2026-05-06 22:41:47,I,02,폐업,0,0,0,0,0,기타,,0,,2003-09-03 00:00:00,1999-11-22,,138-844,서울특별시 송파구 석촌동 157-0,N,0,3230000-112-1999-00591,,3230000,,,03,폐업,식품자동판매기영업,02-419-7287,,,
기타,,개인,식품자동판매기영업,1999-01-07,207300.028556978,445429.459850149,2026-05-06 22:38:29,I,02,폐업,0,,,,0,지도,,,,2003-08-07 00:00:00,1989-08-23,,138-220,"서울특별시 송파구 잠실동 183-1 , 13번지 1층",N,0,3230000-112-1989-01127,,3230000,,,03,폐업,식품자동판매기영업,,,,
,자가,지에스25(복정역점),식품자동판매기영업,,211138.650886691,440949.654290777,2026-05-06 22:43:21,I,01,영업,0,,,,,,,,,2016-12-01 11:30:04,2016-12-01,3.30,138-871,서울특별시 송파구 장지동 596-21,N,,3230000-112-2016-00032,,3230000,"서울특별시 송파구 송파대로 지하 6, 지하1층 (장지동, 복정역 8호선)",05844,01,영업/정상,식품자동판매기영업,,,,
,자가,잠실탁구장,식품자동판매기영업,2009-12-16,206383.829438022,446030.128073052,2026-05-06 22:43:02,I,02,폐업,0,0,0,0,,,,0,,2004-12-13 00:00:00,2004-12-13,,138-889,서울특별시 송파구 잠실동 10-0 종합운동장,N,,3230000-112-2004-00060,,3230000,,,03,폐업,식품자동판매기영업,,,,
,,태진슈퍼,식품자동판매기영업,2012-09-03,211197.295207963,444241.160485724,2026-05-06 22:42:58,I,02,폐업,0,,,,,,,,,2009-02-12 14:07:07,2003-09-27,,138-809,서울특별시 송파구 가락동 157-0,N,,3230000-112-2003-00281,,3230000,,,03,폐업,식품자동판매기영업,02-408-9138,,,
주택가주변,,탐진통상,식품자동판매기영업,2004-12-07,209715.997589337,445449.113805448,2026-05-06 22:40:11,I,02,폐업,0,,,,0,우수,,,,2004-12-06 00:00:00,1999-04-27,,138-830,서울특별시 송파구 방이동 109-8,N,0,3230000-112-1999-00106,,3230000,,,03,폐업,식품자동판매기영업,02-425-0158,,,
기타,,남관빌딩2층,식품자동판매기영업,1996-02-15,207835.267975002,444818.136471765,2026-05-06 22:38:48,I,02,폐업,0,,,,0,기타,,,,2003-08-14 00:00:00,1992-01-03,,138-837,서울특별시 송파구 삼전동 5-3,N,0,3230000-112-1992-01828,,3230000,,,03,폐업,식품자동판매기영업,02-373-7946,,,
,,(주)선호유통,식품자동판매기영업,1993-05-18,209790.959909032,443481.212174317,2026-05-06 22:38:24,I,02,폐업,0,,,,,,,,,2003-08-08 00:00:00,1985-06-22,,138-881,서울특별시 송파구 가락동 600 농수산물쎈타,N,,3230000-112-1985-01322,,3230000,,,03,폐업,식품자동판매기영업,02-407-9733,,,
기타,,(주)보광훼미리마트,식품자동판매기영업,1996-05-25,210400.171224239,443511.30566781,2026-05-06 22:39:25,I,02,폐업,0,,,,0,기타,,,,2003-08-28 00:00:00,1995-05-25,,138-805,서울특별시 송파구 가락동 98-4 (한신빌딩내),N,0,3230000-112-1995-02789,,3230000,,,03,폐업,식품자동판매기영업,02-511-1762,,,
기타,,이용천,식품자동판매기영업,2003-07-02,210226.714860774,447254.48495911,2026-05-06 22:39:04,I,02,폐업,0,,,,0,기타,,,,2003-08-22 00:00:00,1994-03-17,,138-879,서울특별시 송파구 풍납동 400-11,N,0,3230000-112-1994-02468,,3230000,,,03,폐업,식품자동판매기영업,02-485-8530,,,
기타,,참배움터,식품자동판매기영업,2004-11-17,211463.435,445177.12,2026-05-06 22:41:05,I,02,폐업,0,,,,0,기타,,,,2003-09-02 00:00:00,1999-06-23,,138-855,서울특별시 송파구 오금동 10-3 이시돌빌딩2층,N,0,3230000-112-1999-00326,,3230000,,,03,폐업,식품자동판매기영업,02-431-4600,,,
기타,,롯데쇼핑(주)새마을금고월드점,식품자동판매기영업,2002-06-03,208589.363343145,445455.90405262,2026-05-06 22:38:26,I,02,폐업,0,,,,0,기타,,,,2003-08-06 00:00:00,1989-01-12,,138-915,서울특별시 송파구 잠실동 40-1 새마을금고,N,0,3230000-112-1989-01074,,3230000,,,03,폐업,식품자동판매기영업,,,,
,,비.에이치.씨(BHC)방이점,식품자동판매기영업,2003-08-26,210456.529227954,445626.363406429,2026-05-06 22:42:51,I,02,폐업,0,,,,,,,,,2003-03-11 00:00:00,2003-03-11,,138-830,서울특별시 송파구 방이동 158-9,N,,3230000-112-2003-00135,,3230000,,,03,폐업,식품자동판매기영업,02-414-1292,,,
기타,,(주)보광훼미리마트,식품자동판매기영업,1999-12-29,209615.167690993,445014.791980787,2026-05-06 22:39:58,I,02,폐업,0,,,,0,기타,,,,2003-09-01 00:00:00,1999-03-02,,138-848,서울특별시 송파구 송파동 20-6 장학빌딩,N,0,3230000-112-1999-00017,,3230000,,,03,폐업,식품자동판매기영업,02-511-1762,,,
기타,,방이제1동사무소,식품자동판매기영업,2018-07-12,210891.191397234,445422.705914199,2026-05-06 22:41:14,I,02,폐업,0,,,,0,기타,,,,2018-07-12 17:54:08,1999-09-02,,138-834,서울특별시 송파구 방이동 200-0,N,0,3230000-112-1999-00418,,3230000,서울특별시 송파구 위례성대로16길 22 (방이동),05640,03,폐업,식품자동판매기영업,02-425-2871,,,
기타,,럭키슈퍼,식품자동판매기영업,2011-01-03,,,2026-05-06 22:40:55,I,02,폐업,0,,,,0,기타,,,,2003-09-02 00:00:00,1999-06-03,,138-815,서울특별시 송파구 거여동 201-1,N,0,3230000-112-1999-00273,,3230000,,,03,폐업,식품자동판매기영업,02-400-2014,,,
기타,,장지교회,식품자동판매기영업,2001-12-22,,,2026-05-06 22:41:34,I,02,폐업,0,,,,0,기타,,,,2003-09-03 00:00:00,1999-09-30,,138-868,서울특별시 송파구 장지동 75-0,N,0,3230000-112-1999-00495,,3230000,,,03,폐업,식품자동판매기영업,02-400-3990,,,
기타,,럭키슈퍼,식품자동판매기영업,2000-01-14,,,2026-05-06 22:38:51,I,02,폐업,0,,,,0,기타,,,,2003-08-18 00:00:00,1992-01-31,,138-873,서울특별시 송파구 풍납동 203-14,N,0,3230000-112-1992-01937,,3230000,,,03,폐업,식품자동판매기영업,02-482-9136,,,
기타,,수원숯불갈비,식품자동판매기영업,2009-03-02,210003.546472307,445459.664604049,2026-05-06 22:40:11,I,02,폐업,0,,,,0,기타,,,,2003-09-01 00:00:00,1999-04-30,,138-830,서울특별시 송파구 방이동 111-10,N,0,3230000-112-1999-00127,,3230000,,,03,폐업,식품자동판매기영업,02-420-9489,,,
,,명작비디오,식품자동판매기영업,1995-02-09,210169.993333,447970.612053978,2026-05-06 22:39:23,I,02,폐업,0,,,,,,,,,2003-08-25 00:00:00,1994-03-31,,138-874,서울특별시 송파구 풍납동 222-157,N,,3230000-112-1994-02775,,3230000,,,03,폐업,식품자동판매기영업,02-474-2821,,,
기타,,가락2동사무소,식품자동판매기영업,2007-04-16,211125.621184311,444063.759825172,2026-05-06 22:39:15,I,02,폐업,0,,,,0,기타,,,,2003-08-26 00:00:00,1994-10-13,,138-809,서울특별시 송파구 가락동 154-0,N,0,3230000-112-1994-02701,,3230000,,,03,폐업,식품자동판매기영업,02-404-3787,,,
기타,,동민슈퍼,식품자동판매기영업,2001-12-04,213788.971831832,443202.494816071,2026-05-06 22:39:26,I,02,폐업,0,,,,0,기타,,,,2003-08-29 00:00:00,1995-06-14,,138-821,서울특별시 송파구 마천동 327-14 동민슈퍼,N,0,3230000-112-1995-02796,,3230000,,,03,폐업,식품자동판매기영업,02-430-0467,,,
,자가,GS25 방이 오금로,식품자동판매기영업,2016-08-08,209981.306244873,445356.543008613,2026-05-06 22:43:13,I,02,폐업,0,,,,,,,,,2014-08-27 10:47:42,2014-08-27,3.30,138-830,서울특별시 송파구 방이동 112-18 지상1층,N,,3230000-112-2014-00020,,3230000,"서울특별시 송파구 오금로19길 6-1, 지상1층 (방이동)",05641,03,폐업,식품자동판매기영업,,,,
기타,,로체스터피자,식품자동판매기영업,2001-12-19,210845.938442152,443340.230327763,2026-05-06 22:41:41,I,02,폐업,0,,,,0,기타,,,,2003-09-03 00:00:00,1999-10-18,,138-806,서울특별시 송파구 가락동 118-7,N,0,3230000-112-1999-00543,,3230000,,,03,폐업,식품자동판매기영업,02-402-9018,,,
기타,,우행실업(주),식품자동판매기영업,1997-02-19,212953.210261522,444076.558907464,2026-05-06 22:39:03,I,02,폐업,0,,,,0,기타,,,,2003-08-22 00:00:00,1993-02-22,,138-818,서울특별시 송파구 마천동 42-7,N,0,3230000-112-1993-02413,,3230000,,,03,폐업,식품자동판매기영업,,,,
기타,,우행실업주식회사,식품자동판매기영업,2002-12-10,213188.836406278,443860.98931677,2026-05-06 22:38:26,I,02,폐업,0,,,,1,지도,,,,2003-08-05 00:00:00,1988-05-30,,138-820,서울특별시 송파구 마천동 128-5,N,1,3230000-112-1988-01065,,3230000,,,03,폐업,식품자동판매기영업,,,,
기타,,삼원장식,식품자동판매기영업,2011-06-16,208306.47787245,444229.405019125,2026-05-06 22:42:11,I,02,폐업,0,,,,,기타,,,,2003-09-08 00:00:00,2002-07-10,,138-841,서울특별시 송파구 삼전동 166-6 (1층),N,,3230000-112-2002-00922,,3230000,,,03,폐업,식품자동판매기영업,02-421-0240,,,
,자가,사우공제회 올림픽본부(23대),식품자동판매기영업,2007-02-23,210199.45921923,446539.279382444,2026-05-06 22:43:03,I,02,폐업,0,0,0,0,,,0,0,,2006-01-27 00:00:00,2006-01-27,,138-829,서울특별시 송파구 방이동 88-0,N,,3230000-112-2006-00004,0,3230000,,,03,폐업,식품자동판매기영업,02-410-1166,,,
,자가,파크프렌드(올림픽공원),식품자동판매기영업,,210199.45921923,446539.279382444,2026-05-06 22:43:05,I,01,영업,0,0,0,0,,,0,0,,2025-08-11 15:35:51,2007-02-26,,138-829,서울특별시 송파구 방이동 88,N,,3230000-112-2007-00008,0,3230000,서울특별시 송파구 올림픽로 424 (방이동),05540,01,영업/정상,식품자동판매기영업,02-410-1090,,,
기타,,강동중앙의원,식품자동판매기영업,1998-02-05,213101.657757609,443435.858004746,2026-05-06 22:38:51,I,02,폐업,0,,,,0,기타,,,,2003-08-18 00:00:00,1992-01-30,,138-814,서울특별시 송파구 거여동 35-1,N,0,3230000-112-1992-01918,,3230000,,,03,폐업,식품자동판매기영업,02-400-0147,,,
기타,,문정문구,식품자동판매기영업,1996-06-05,210943.111052419,442917.074478724,2026-05-06 22:38:47,I,02,폐업,0,,,,0,기타,,,,2003-08-14 00:00:00,1991-12-30,,138-825,서울특별시 송파구 문정동 40-9,N,0,3230000-112-1991-01784,,3230000,,,03,폐업,식품자동판매기영업,02-407-7292,,,
기타,,잠실견인차량보관소,식품자동판매기영업,1994-03-17,207125.178244289,445763.360184076,2026-05-06 22:38:45,I,02,폐업,0,,,,0,기타,,,,2003-08-14 00:00:00,1991-12-26,,138-908,서울특별시 송파구 잠실동 19-0,N,0,3230000-112-1991-01705,,3230000,,,03,폐업,식품자동판매기영업,02-409-1386,,,
기타,,동일종합카센타,식품자동판매기영업,2002-08-13,210103.207451767,445798.035994326,2026-05-06 22:39:01,I,02,폐업,0,,,,0,기타,,,,2003-08-21 00:00:00,1993-02-18,,138-832,서울특별시 송파구 방이동 149-12,N,0,3230000-112-1993-02322,,3230000,,,03,폐업,식품자동판매기영업,02-415-5788,,,
기타,,치킨콤보,식품자동판매기영업,2012-10-15,212076.486812139,444265.903217737,2026-05-06 22:40:56,I,02,폐업,0,,,,0,기타,,,,2011-10-13 11:25:32,1999-06-03,,138-859,서울특별시 송파구 오금동 151-11 지상1층,N,0,3230000-112-1999-00278,,3230000,,,03,폐업,식품자동판매기영업,02-402-2779,,,
기타,,성원상가,식품자동판매기영업,2003-05-31,,,2026-05-06 22:38:43,I,02,폐업,0,,,,0,기타,,,,2003-08-13 00:00:00,1991-12-12,,138-170,서울특별시 송파구 송파동 371-0,N,0,3230000-112-1991-01618,,3230000,,,03,폐업,식품자동판매기영업,02-676-4762,,,
기타,,용산분식(스넥카),식품자동판매기영업,2009-11-16,208265.829073588,444957.463368081,2026-05-06 22:38:52,I,02,폐업,0,,,,0,기타,,,,2003-08-18 00:00:00,1992-02-24,,138-840,서울특별시 송파구 삼전동 111,N,0,3230000-112-1992-01975,,3230000,,,03,폐업,식품자동판매기영업,02-418-4627,,,
기타,,챔프오락실,식품자동판매기영업,2004-11-17,209589.090547772,444589.730339624,2026-05-06 22:41:59,I,02,폐업,0,0,0,0,,기타,,0,,2003-09-05 00:00:00,2001-09-05,,138-850,서울특별시 송파구 송파동 89-6,N,,3230000-112-2001-00808,,3230000,,,03,폐업,식품자동판매기영업,02-418-0999,,,
기타,,(주)환인제약,식품자동판매기영업,2003-04-12,211176.616001057,442336.518188637,2026-05-06 22:41:09,I,02,폐업,0,,,,0,기타,,,,2003-09-02 00:00:00,1999-07-31,,138-200,서울특별시 송파구 문정동 84-1,N,0,3230000-112-1999-00371,,3230000,,,03,폐업,식품자동판매기영업,02-763-5317,,,
기타,,거북이노래방,식품자동판매기영업,2000-04-21,210512.455445532,443911.686900845,2026-05-06 22:38:58,I,02,폐업,0,,,,0,기타,,,,2003-08-20 00:00:00,1992-09-03,,138-802,서울특별시 송파구 가락동 71-3,N,0,3230000-112-1992-02208,,3230000,,,03,폐업,식품자동판매기영업,02-443-5501,,,
기타,,성하슈퍼,식품자동판매기영업,,213257.367091551,444181.282355643,2026-05-06 22:38:42,I,01,영업,0,,,,0,기타,,,,2003-08-12 00:00:00,1991-11-29,,138-818,서울특별시 송파구 마천동 80-5,N,0,3230000-112-1991-01574,,3230000,서울특별시 송파구 마천로43길 38-1 (마천동),05752,01,영업/정상,식품자동판매기영업,02-403-2206,,,
기타,,-,식품자동판매기영업,2001-09-24,210068.709244252,445895.515259907,2026-05-06 22:41:33,I,02,폐업,0,,,,0,기타,,,,2003-09-09 00:00:00,1999-09-28,,138-828,서울특별시 송파구 방이동 51-2,N,0,3230000-112-1999-00488,,3230000,,,03,폐업,식품자동판매기영업,,,,
기타,,금성벤딩,식품자동판매기영업,1995-11-13,208788.563714618,445155.954281086,2026-05-06 22:38:29,I,02,폐업,0,,,,0,기타,,,,2003-08-13 00:00:00,1989-08-23,,138-915,서울특별시 송파구 잠실동 47 석촌호수 서호내,N,0,3230000-112-1989-01132,,3230000,,,03,폐업,식품자동판매기영업,02-562-1191,,,
기타,,잠실역내,식품자동판매기영업,2000-11-27,209074.900840074,445657.80932984,2026-05-06 22:39:32,I,02,폐업,0,,,,0,기타,,,,2003-08-29 00:00:00,1996-12-03,,138-934,서울특별시 송파구 신천동 29-0 잠실역내,N,0,3230000-112-1996-02834,,3230000,,,03,폐업,식품자동판매기영업,02-993-0867,,,
기타,,광덕빌딩,식품자동판매기영업,2006-05-17,207998.615945248,444610.51909469,2026-05-06 22:39:08,I,02,폐업,0,,,,0,기타,,,,2003-08-26 00:00:00,1994-04-09,,138-837,서울특별시 송파구 삼전동 9-14,N,0,3230000-112-1994-02617,,3230000,,,03,폐업,식품자동판매기영업,02-413-1636,,,
기타,,커피자동판매기,식품자동판매기영업,1997-03-26,209001.844836661,446426.814182263,2026-05-06 22:38:07,I,02,폐업,0,,,,1,지도,,,,2003-08-05 00:00:00,1983-03-23,,138-934,서울특별시 송파구 신천동 11-0 장미상가 3층 복도,N,1,3230000-112-1983-01012,,3230000,,,03,폐업,식품자동판매기영업,,,,
,,미소야,식품자동판매기영업,2004-02-23,211734.001815154,443555.311647511,2026-05-06 22:42:46,I,02,폐업,0,,,,,,,,,2003-01-22 00:00:00,2003-01-22,,138-812,서울특별시 송파구 가락동 189-0,N,,3230000-112-2003-00061,,3230000,,,03,폐업,식품자동판매기영업,,,,
기타,,박현숙,식품자동판매기영업,2005-12-28,207457.120848056,444747.613339232,2026-05-06 22:38:59,I,02,폐업,0,,,,0,기타,,,,2003-08-20 00:00:00,1992-10-01,,138-867,서울특별시 송파구 잠실동 335-0,N,0,3230000-112-1992-02232,,3230000,,,03,폐업,식품자동판매기영업,,,,
,임대,맘스핸즈 송파거여점,식품자동판매기영업,,213267.050604574,443389.586979834,2026-05-06 22:43:41,I,01,영업,0,,,,,,,,,2022-08-18 15:13:36,2022-08-18,9.90,138-814,서울특별시 송파구 거여동 33-6 문성회관,N,,3230000-112-2022-00019,,3230000,"서울특별시 송파구 오금로 558, 문성회관 1층 101호 (거여동)",05774,01,영업/정상,식품자동판매기영업,,,,
,,아방궁,식품자동판매기영업,2017-07-17,210143.885022388,448191.568177323,2026-05-06 22:42:57,I,02,폐업,0,,,,,,,,,2017-07-27 16:33:28,2003-07-24,,138-873,서울특별시 송파구 풍납동 176-6,N,,3230000-112-2003-00255,,3230000,서울특별시 송파구 풍성로5길 11 (풍납동),05516,03,폐업,식품자동판매기영업,02-488-2421,,,
기타,,반도슈퍼,식품자동판매기영업,2009-12-10,,,2026-05-06 22:41:02,I,02,폐업,0,,,,0,기타,,,,2003-09-02 00:00:00,1999-06-10,,138-815,서울특별시 송파구 거여동 208-79,N,0,3230000-112-1999-00306,,3230000,,,03,폐업,식품자동판매기영업,02-406-7907,,,
,자가,다정다감,식품자동판매기영업,2010-10-18,210754.551270188,448306.430196107,2026-05-06 22:43:03,I,02,폐업,0,0,0,0,,,0,0,,2009-04-06 15:36:30,2006-04-14,,138-873,서울특별시 송파구 풍납동 474-4,N,,3230000-112-2006-00009,0,3230000,,,03,폐업,식품자동판매기영업,02-482-1429,,,
,자가,신포우리만두,식품자동판매기영업,2006-08-02,209541.418807954,444357.068661528,2026-05-06 22:43:01,I,02,폐업,0,0,0,0,,,0,0,,2004-09-03 00:00:00,2004-09-03,,138-847,서울특별시 송파구 석촌동 296-2,N,,3230000-112-2004-00037,0,3230000,,,03,폐업,식품자동판매기영업,02-412-4931,,,
기타,,주식회사보광,식품자동판매기영업,1993-09-07,210614.299107219,443541.245143681,2026-05-06 22:38:56,I,02,폐업,0,,,,0,기타,,,,2003-08-19 00:00:00,1992-06-27,,138-803,서울특별시 송파구 가락동 79-2 16층,N,0,3230000-112-1992-02118,,3230000,,,03,폐업,식품자동판매기영업,02-595-3691,,,
기타,,은성회관,식품자동판매기영업,2004-10-07,208570.23058604,444895.883501208,2026-05-06 22:39:40,I,02,폐업,0,,,,0,기타,,,,2003-08-29 00:00:00,1997-06-27,,138-842,서울특별시 송파구 석촌동 1-1 은성회관,N,0,3230000-112-1997-02924,,3230000,,,03,폐업,식품자동판매기영업,02-425-0990,,,
기타,,롯데칠성음료(롯데월드),식품자동판매기영업,2000-02-14,208589.363343145,445455.90405262,2026-05-06 22:41:48,I,02,폐업,0,,,,0,기타,,,,2003-09-03 00:00:00,2000-01-28,,138-915,서울특별시 송파구 잠실동 40-1 (쇼핑몰 B1층),N,0,3230000-112-2000-00618,,3230000,,,03,폐업,식품자동판매기영업,02-3472-0333,,,
,,송파쇼핑몰,식품자동판매기영업,2006-09-06,213279.781081276,443674.682876425,2026-05-06 22:42:52,I,02,폐업,0,0,0,0,,,,0,,2006-01-20 00:00:00,2003-04-02,,138-820,서울특별시 송파구 마천동 181 번지 2층 (1대),N,,3230000-112-2003-00154,,3230000,,,03,폐업,식품자동판매기영업,02-431-0611,,,
기타,,-,식품자동판매기영업,2010-01-27,209450.635196669,444465.63536697,2026-05-06 22:38:55,I,02,폐업,0,,,,0,기타,,,,2003-09-09 00:00:00,1992-05-14,,138-847,서울특별시 송파구 석촌동 293-3,N,0,3230000-112-1992-02052,,3230000,,,03,폐업,식품자동판매기영업,02-414-2444,,,
기타,,-,식품자동판매기영업,2006-10-13,,,2026-05-06 22:42:10,I,02,폐업,0,,,,,기타,,,,2003-09-09 00:00:00,2002-05-10,,138-883,서울특별시 송파구 가락동 479-0 (가락시영A마상가3-302),N,,3230000-112-2002-00913,,3230000,,,03,폐업,식품자동판매기영업,02-404-0331,,,
기타,,가야식품,식품자동판매기영업,2025-05-07,210135.885217878,444982.3758857,2026-05-06 22:41:58,I,02,폐업,0,0,0,0,,기타,,0,,2025-05-07 14:47:57,2001-08-31,,138-852,서울특별시 송파구 송파동 145-7,N,,3230000-112-2001-00789,,3230000,서울특별시 송파구 백제고분로46길 41 (송파동),05663,03,폐업,식품자동판매기영업,02-3431-9671,,,
,자가,씨유 송파하비오 4호점,식품자동판매기영업,2018-12-13,210868.397496689,442053.227933005,2026-05-06 22:43:24,I,02,폐업,0,,,,,,,,,2018-12-13 16:36:58,2017-07-03,3.30,138-888,서울특별시 송파구 문정동 618,N,,3230000-112-2017-00036,,3230000,"서울특별시 송파구 송파대로 111, 하비오길 송파대로 204동 1층 117,118호 (문정동, 파크하비오)",05837,03,폐업,식품자동판매기영업,,,,
기타,,고은백양메리야스,식품자동판매기영업,2022-08-08,210173.958145781,445429.302139268,2026-05-06 22:39:06,I,02,폐업,0,,,,0,기타,,,,2022-08-08 11:36:06,1994-04-08,,138-832,서울특별시 송파구 방이동 146-5,N,0,3230000-112-1994-02568,,3230000,서울특별시 송파구 백제고분로48길 25 (방이동),05632,03,폐업,식품자동판매기영업,02-417-6806,,,
기타,,상록수미용실,식품자동판매기영업,1998-02-09,211237.748902758,445255.776015063,2026-05-06 22:39:05,I,02,폐업,0,,,,0,기타,,,,2003-08-25 00:00:00,1994-04-02,,138-855,서울특별시 송파구 오금동 18-29,N,0,3230000-112-1994-02500,,3230000,,,03,폐업,식품자동판매기영업,02-403-1433,,,
,,으뜸편의점,식품자동판매기영업,2006-07-14,211070.184691361,444174.460137701,2026-05-06 22:42:59,I,02,폐업,0,,,,,,,,,2005-08-18 00:00:00,2004-02-16,,138-800,서울특별시 송파구 가락동 10-13,N,,3230000-112-2004-00008,,3230000,,,03,폐업,식품자동판매기영업,02-0443-2691,,,
기타,,(주)선호유통,식품자동판매기영업,1991-06-14,209790.959909032,443481.212174317,2026-05-06 22:38:11,I,02,폐업,0,,,,1,지도,,,,2003-08-05 00:00:00,1985-06-22,,138-881,서울특별시 송파구 가락동 600-0 농수산물센타,N,1,3230000-112-1985-01062,,3230000,,,03,폐업,식품자동판매기영업,,,,
주택가주변,,X세대노래방,식품자동판매기영업,2000-03-27,207048.393790765,445382.528893932,2026-05-06 22:38:55,I,02,폐업,0,,,,0,기타,,,,2003-08-19 00:00:00,1992-05-23,,138-861,서울특별시 송파구 잠실동 178-4,N,0,3230000-112-1992-02063,,3230000,,,03,폐업,식품자동판매기영업,,,,
기타,,한국코카콜라보틀링,식품자동판매기영업,2001-12-12,210481.077142289,443448.892122874,2026-05-06 22:41:05,I,02,폐업,0,,,,0,기타,,,,2003-09-02 00:00:00,1999-06-17,,138-805,서울특별시 송파구 가락동 99-5,N,0,3230000-112-1999-00317,,3230000,,,03,폐업,식품자동판매기영업,02-448-2053,,,
기타,,대림상조희,식품자동판매기영업,1996-07-08,211348.941754734,445342.617040119,2026-05-06 22:38:30,I,02,폐업,0,,,,0,지도,,,,2003-08-07 00:00:00,1989-11-24,,138-855,서울특별시 송파구 오금동 2 1층,N,0,3230000-112-1989-01163,,3230000,,,03,폐업,식품자동판매기영업,02-406-5809,,,
기타,,-,식품자동판매기영업,1996-12-27,208996.962384976,444089.789215749,2026-05-06 22:39:04,I,02,폐업,0,,,,0,기타,,,,2003-09-09 00:00:00,1994-04-01,,138-845,서울특별시 송파구 석촌동 241-7,N,0,3230000-112-1994-02488,,3230000,,,03,폐업,식품자동판매기영업,02-423-7674,,,
,자가,5호선 마천역내,식품자동판매기영업,2013-07-20,213395.118064291,443623.613565328,2026-05-06 22:43:10,I,02,폐업,0,,,,,,,,,2022-12-26 14:20:56,2010-07-08,.00,138-820,서울특별시 송파구 마천동 183-94 5호선 마천역내,N,,3230000-112-2010-00026,,3230000,"서울특별시 송파구 마천로57길 지하 7 (마천동,5호선 마천역내)",05758,03,폐업,식품자동판매기영업,02-6311-5601,,,
,자가,오금정,식품자동판매기영업,2004-03-27,212289.744423583,444205.86077515,2026-05-06 22:42:40,I,02,폐업,0,0,0,0,,,0,0,,2002-12-30 00:00:00,2002-12-30,,138-859,서울특별시 송파구 오금동 144-0,N,,3230000-112-2002-02219,0,3230000,,,03,폐업,식품자동판매기영업,02-409-0611,,,
기타,,서울석촌가든,식품자동판매기영업,2010-12-31,208914.529382215,444979.40718331,2026-05-06 22:38:59,I,02,폐업,0,,,,0,기타,,,,2003-08-21 00:00:00,1992-10-24,,138-844,서울특별시 송파구 석촌동 158-11,N,0,3230000-112-1992-02243,,3230000,,,03,폐업,식품자동판매기영업,02-424-4857,,,
기타,,한미식당,식품자동판매기영업,2004-05-27,212975.518704035,444110.661786942,2026-05-06 22:38:51,I,02,폐업,0,,,,0,기타,,,,2003-08-18 00:00:00,1992-01-30,,138-818,서울특별시 송파구 마천동 42-2,N,0,3230000-112-1992-01917,,3230000,,,03,폐업,식품자동판매기영업,02-400-4446,,,
,임대,지에스25뉴마천중앙점,식품자동판매기영업,2023-04-20,213138.435425528,443884.165126197,2026-05-06 22:43:36,I,02,폐업,0,,,,,,,,,2023-04-20 13:30:27,2019-04-16,3.30,138-819,서울특별시 송파구 마천동 128-63,N,,3230000-112-2019-00006,,3230000,"서울특별시 송파구 거마로20길 27, 1층 (마천동)",05756,03,폐업,식품자동판매기영업,,,,
기타,,장미독서실,식품자동판매기영업,2011-05-18,208707.089897534,446299.352775446,2026-05-06 22:39:00,I,02,폐업,0,,,,0,기타,,,,2003-08-21 00:00:00,1993-02-06,,138-934,서울특별시 송파구 신천동 7-0,N,0,3230000-112-1993-02283,,3230000,,,03,폐업,식품자동판매기영업,02-423-4866,,,
,자가,강남미용실,식품자동판매기영업,2005-07-06,211814.165016785,443128.998334934,2026-05-06 22:42:52,I,02,폐업,0,0,0,0,,,0,0,,2003-03-13 00:00:00,2003-03-13,,138-200,서울특별시 송파구 문정동 139-15,N,,3230000-112-2003-00138,0,3230000,,,03,폐업,식품자동판매기영업,02-404-5249,,,
기타,,동신빌딩,식품자동판매기영업,2010-01-27,207102.395,445477.545,2026-05-06 22:41:55,I,02,폐업,0,0,0,0,,기타,,0,,2003-09-04 00:00:00,2001-06-16,,138-861,서울특별시 송파구 잠실동 181-0,N,,3230000-112-2001-00731,,3230000,,,03,폐업,식품자동판매기영업,02-780-2783,,,
기타,,뉴마트,식품자동판매기영업,2011-04-25,211133.074592664,443674.428649896,2026-05-06 22:41:53,I,02,폐업,0,0,0,0,0,기타,,0,,2003-09-03 00:00:00,2000-10-19,,138-808,서울특별시 송파구 가락동 141-0,N,0,3230000-112-2000-00686,,3230000,,,03,폐업,식품자동판매기영업,02-3401-5100,,,
주택가주변,,동영카센타,식품자동판매기영업,2007-05-11,,,2026-05-06 22:40:09,I,02,폐업,0,,,,0,우수,,,,2003-09-01 00:00:00,1999-04-15,,138-820,서울특별시 송파구 마천동 202-6,N,0,3230000-112-1999-00070,,3230000,,,03,폐업,식품자동판매기영업,02-409-2288,,,
기타,,신한종합건축사사무실,식품자동판매기영업,1997-06-12,211014.639734795,443853.594561936,2026-05-06 22:38:54,I,02,폐업,0,,,,0,기타,,,,2003-08-19 00:00:00,1992-03-04,,138-808,서울특별시 송파구 가락동 147-9 5층,N,0,3230000-112-1992-02010,,3230000,,,03,폐업,식품자동판매기영업,02-405-8123,,,
기타,,육천칡냉면,식품자동판매기영업,2007-05-03,210516.10392027,447945.453836225,2026-05-06 22:41:36,I,02,폐업,0,,,,0,기타,,,,2003-09-03 00:00:00,1999-10-08,,138-873,서울특별시 송파구 풍납동 156-12,N,0,3230000-112-1999-00509,,3230000,,,03,폐업,식품자동판매기영업,02-484-1474,,,
,자가,동해회세꼬시,식품자동판매기영업,2006-06-30,213681.00725924,443507.687904286,2026-05-06 22:43:02,I,02,폐업,0,0,0,0,,,0,0,,2005-05-03 00:00:00,2005-05-03,,138-820,서울특별시 송파구 마천동 211-45,N,,3230000-112-2005-00010,0,3230000,,,03,폐업,식품자동판매기영업,,,,
기타,,농협중앙회가락시장지점,식품자동판매기영업,2010-02-04,209790.959909032,443481.212174317,2026-05-06 22:39:39,I,02,폐업,0,,,,0,기타,,,,2003-08-29 00:00:00,1997-06-04,,138-881,서울특별시 송파구 가락동 600-0 농협중앙회,N,0,3230000-112-1997-02897,,3230000,,,03,폐업,식품자동판매기영업,02-408-6612,,,
기타,,마사회새마을금고,식품자동판매기영업,2005-12-28,209440.726523187,444369.495694674,2026-05-06 22:39:25,I,02,폐업,0,,,,0,기타,,,,2003-08-28 00:00:00,1995-03-13,,138-846,서울특별시 송파구 석촌동 277-2 한국마사회,N,0,3230000-112-1995-02779,,3230000,,,03,폐업,식품자동판매기영업,02-509-1427,,,
기타,,동해주유소,식품자동판매기영업,1995-02-10,211257.885998731,444371.353756976,2026-05-06 22:38:51,I,02,폐업,0,,,,0,기타,,,,2003-09-09 00:00:00,1992-01-30,,138-809,서울특별시 송파구 가락동 160-5,N,0,3230000-112-1992-01933,,3230000,,,03,폐업,식품자동판매기영업,02-407-9108,,,
기타,,특전사내,식품자동판매기영업,,,,2026-05-06 22:39:34,I,01,영업,0,,,,0,기타,,,,2014-03-07 10:17:27,1997-01-31,,138-814,서울특별시 송파구 거여동 71-0 특전사내,N,0,3230000-112-1997-02841,,3230000,서울특별시 송파구 마천로 354 (거여동),,01,영업/정상,식품자동판매기영업,02-810-6317,,,
,자가,송파여성문화회관,식품자동판매기영업,2012-04-20,209636.916608671,444858.989436237,2026-05-06 22:43:01,I,02,폐업,0,0,0,0,,,0,0,,2004-09-21 00:00:00,2004-09-21,,138-851,서울특별시 송파구 송파동 113-2 (5대),N,,3230000-112-2004-00040,0,3230000,,,03,폐업,식품자동판매기영업,02-2203-3330,,,
기타,,현대부동산,식품자동판매기영업,1998-11-06,212965.109708258,444266.345096405,2026-05-06 22:39:49,I,02,폐업,0,,,,0,기타,,,,2003-09-01 00:00:00,1998-03-21,,138-818,서울특별시 송파구 마천동 40-7 현대부동산,N,0,3230000-112-1998-02951,,3230000,,,03,폐업,식품자동판매기영업,02-404-2006,,,
기타,,한국벤딩,식품자동판매기영업,1997-01-03,210199.45921923,446539.279382444,2026-05-06 22:38:24,I,02,폐업,0,,,,1,지도,,,,2003-08-05 00:00:00,1987-01-05,,138-829,서울특별시 송파구 방이동 88,N,1,3230000-112-1987-01056,,3230000,,,03,폐업,식품자동판매기영업,,,,
주택가주변,,신미주웨딩홀,식품자동판매기영업,2010-02-24,,,2026-05-06 22:40:10,I,02,폐업,0,,,,0,우수,,,,2003-09-01 00:00:00,1999-04-22,,138-934,서울특별시 송파구 신천동 7-8 (장미A상가3층),N,0,3230000-112-1999-00088,,3230000,,,03,폐업,식품자동판매기영업,02-418-9171,,,
기타,,한아름,식품자동판매기영업,2004-06-21,211368.004967004,442285.09070172,2026-05-06 22:41:08,I,02,폐업,0,,,,0,기타,,,,2003-09-02 00:00:00,1999-07-26,,138-200,서울특별시 송파구 문정동 98-0,N,0,3230000-112-1999-00366,,3230000,,,03,폐업,식품자동판매기영업,02-431-0262,,,
,,한국아이스,식품자동판매기영업,2010-11-01,208589.363343145,445455.90405262,2026-05-06 22:43:05,I,02,폐업,0,,,,,,,,,2009-01-02 09:18:50,2009-01-02,,138-721,서울특별시 송파구 잠실동 40-1 롯데월드내,N,,3230000-112-2009-00001,,3230000,,,03,폐업,식품자동판매기영업,,,,
,,송파체육문화회관,식품자동판매기영업,2014-11-05,212562.616359781,443174.22073677,2026-05-06 22:43:11,I,02,폐업,0,,,,,,,,,2012-03-27 12:00:32,2012-03-27,,138-816,서울특별시 송파구 거여동 289,N,,3230000-112-2012-00010,,3230000,서울특별시 송파구 양산로 15 (거여동),05771,03,폐업,식품자동판매기영업,02-545-4151,,,
기타,,주식회사덕은,식품자동판매기영업,2000-01-27,207573.879427706,444867.414517668,2026-05-06 22:38:28,I,02,폐업,0,,,,0,지도,,,,2003-08-07 00:00:00,1989-05-29,,138-864,서울특별시 송파구 잠실동 236 종합운동장역 상A,N,0,3230000-112-1989-01109,,3230000,,,03,폐업,식품자동판매기영업,,,,
기타,,해태슈퍼,식품자동판매기영업,2003-03-12,213171.22704307,443285.203778253,2026-05-06 22:41:55,I,02,폐업,0,,,,,기타,,,,2003-09-04 00:00:00,2001-06-16,,138-815,서울특별시 송파구 거여동 550-26,N,,3230000-112-2001-00729,,3230000,,,03,폐업,식품자동판매기영업,02-404-2011,,,
기타,,참좋은당신자판기,식품자동판매기영업,2019-03-04,208319.678937677,444056.564730662,2026-05-06 22:41:41,I,02,폐업,0,,,,0,기타,,,,2019-03-04 10:32:41,1999-10-18,,138-841,서울특별시 송파구 삼전동 172-2 송파노인종합복지관 지상1층,N,0,3230000-112-1999-00540,,3230000,"서울특별시 송파구 백제고분로32길 41, 지상1층 (삼전동, 송파노인종합복지관)",05598,03,폐업,식품자동판매기영업,02-2203-9400,,,
,,잠실01,식품자동판매기영업,,208317.419891103,445894.98085039,2026-05-06 22:43:05,I,01,영업,0,,,,,,,,,2009-02-05 13:04:32,2009-02-05,,138-916,서울특별시 송파구 잠실동 27 잠실역승강장,N,,3230000-112-2009-00003,,3230000,"서울특별시 송파구 송파대로 567 (잠실동,잠실역승강장)",05503,01,영업/정상,식품자동판매기영업,,,,
기타,,오퍼스,식품자동판매기영업,1998-02-04,210813.51310976,442691.180644406,2026-05-06 22:39:42,I,02,폐업,0,,,,0,기타,,,,2003-09-01 00:00:00,1997-08-26,,138-826,서울특별시 송파구 문정동 55-6 오퍼스,N,0,3230000-112-1997-02936,,3230000,,,03,폐업,식품자동판매기영업,02-448-2966,,,
,,장미상가 A상가 입구,식품자동판매기영업,2016-03-14,208707.089897534,446299.352775446,2026-05-06 22:43:11,I,02,폐업,0,,,,,,,,,2014-03-07 10:27:12,2011-07-05,,138-934,서울특별시 송파구 신천동 7 장미상가 A상가 입구,N,,3230000-112-2011-00010,,3230000,서울특별시 송파구 올림픽로35길 124 (신천동),05504,03,폐업,식품자동판매기영업,,,,
,,2호선 신천역(02),식품자동판매기영업,2018-06-12,206168.604353473,445388.747463893,2026-05-06 22:43:12,I,02,폐업,0,,,,,,,,,2018-06-12 09:53:15,2012-11-15,,138-889,서울특별시 송파구 잠실동 5 2호선 신천역 지하2층 승강장내,N,,3230000-112-2012-00034,,3230000,,,03,폐업,식품자동판매기영업,,,,
,자가,GS25 송파위례2호점,식품자동판매기영업,2016-09-01,212325.39591829,441898.492187301,2026-05-06 22:43:13,I,02,폐업,0,,,,,,,,,2014-07-23 10:57:07,2014-07-23,3.30,138-926,서울특별시 송파구 장지동 879 상가 107호,N,,3230000-112-2014-00013,,3230000,"서울특별시 송파구 위례광장로 163, 상가동 107호 (장지동)",05848,03,폐업,식품자동판매기영업,,,,
기타,,-,식품자동판매기영업,1996-12-31,207738.684481531,444299.035916761,2026-05-06 22:39:06,I,02,폐업,0,,,,0,기타,,,,2003-09-09 00:00:00,1994-04-07,,138-838,서울특별시 송파구 삼전동 40-0,N,0,3230000-112-1994-02533,,3230000,,,03,폐업,식품자동판매기영업,02-420-6514,,,
기타,,동해수산,식품자동판매기영업,2003-02-27,209549.487699621,445346.818994398,2026-05-06 22:42:10,I,02,폐업,0,,,,,기타,,,,2003-09-08 00:00:00,2002-07-08,,138-849,서울특별시 송파구 송파동 55-11,N,,3230000-112-2002-00920,,3230000,,,03,폐업,식품자동판매기영업,02-416-4041,,,
기타,,한양창고,식품자동판매기영업,1997-01-24,,,2026-05-06 22:38:41,I,02,폐업,0,,,,0,기타,,,,2003-08-12 00:00:00,1991-11-21,,138-824,서울특별시 송파구 문정동 19-4,N,0,3230000-112-1991-01553,,3230000,,,03,폐업,식품자동판매기영업,02-401-6666,,,
,자가,현대카센타,식품자동판매기영업,2005-07-12,211970.119582455,443847.821909255,2026-05-06 22:42:38,I,02,폐업,0,0,0,0,,,0,0,,2002-10-31 00:00:00,2002-10-31,,138-811,서울특별시 송파구 가락동 174-16,N,,3230000-112-2002-02195,0,3230000,,,03,폐업,식품자동판매기영업,02-403-9008,,,
기타,,자판기,식품자동판매기영업,2004-09-23,209736.532018548,444690.129131378,2026-05-06 22:41:59,I,02,폐업,0,0,0,0,,기타,,0,,2003-09-05 00:00:00,2001-09-04,,138-850,서울특별시 송파구 송파동 93-2,N,,3230000-112-2001-00807,,3230000,,,03,폐업,식품자동판매기영업,02-431-0879,,,
기타,,배명상회,식품자동판매기영업,1997-10-10,208454.416174563,444143.979884249,2026-05-06 22:39:06,I,02,폐업,0,,,,0,기타,,,,2003-08-25 00:00:00,1994-04-08,,138-841,서울특별시 송파구 삼전동 182-7,N,0,3230000-112-1994-02563,,3230000,,,03,폐업,식품자동판매기영업,02-419-3143,,,
기타,,올림픽상가,식품자동판매기영업,1993-09-20,211619.368009793,445963.384875409,2026-05-06 22:38:58,I,02,폐업,0,,,,0,기타,,,,2003-08-20 00:00:00,1992-08-20,,138-829,서울특별시 송파구 방이동 89-11,N,0,3230000-112-1992-02188,,3230000,,,03,폐업,식품자동판매기영업,02-557-1900,,,
기타,,유래식당,식품자동판매기영업,1996-09-30,207828.298955377,445041.62682009,2026-05-06 22:38:10,I,02,폐업,0,,,,1,지도,,,,2003-08-05 00:00:00,1983-09-17,,138-864,서울특별시 송파구 잠실동 242-6,N,1,3230000-112-1983-01031,,3230000,,,03,폐업,식품자동판매기영업,,,,
기타,,재향군인회,식품자동판매기영업,2000-05-29,208808.460094719,446014.471916419,2026-05-06 22:39:00,I,02,폐업,0,,,,0,기타,,,,2003-08-21 00:00:00,1993-02-08,,138-934,서울특별시 송파구 신천동 7-13,N,0,3230000-112-1993-02301,,3230000,,,03,폐업,식품자동판매기영업,02-417-8086,,,
기타,,(주)선호유통,식품자동판매기영업,1993-05-18,209790.959909032,443481.212174317,2026-05-06 22:38:15,I,02,폐업,0,,,,0,기타,,,,2003-08-08 00:00:00,1985-06-22,,138-881,서울특별시 송파구 가락동 600 농수산물센타,N,0,3230000-112-1985-01253,,3230000,,,03,폐업,식품자동판매기영업,02-407-9733,,,
기타,,한솥도시락,식품자동판매기영업,2013-07-22,207154.999826048,444910.897363304,2026-05-06 22:39:41,I,02,폐업,0,,,,0,기타,,,,2003-08-29 00:00:00,1997-07-29,,138-863,서울특별시 송파구 잠실동 228-10,N,0,3230000-112-1997-02930,,3230000,,,03,폐업,식품자동판매기영업,02-416-8373,,,
기타,,한국체육산업개발(주),식품자동판매기영업,2006-01-27,210199.45921923,446539.279382444,2026-05-06 22:39:02,I,02,폐업,0,0,0,0,0,기타,,0,,2003-08-22 00:00:00,1993-03-02,,138-829,서울특별시 송파구 방이동 88-0 경륜경기장,N,0,3230000-112-1993-02374,,3230000,,,03,폐업,식품자동판매기영업,02-410-1189,,,
기타,,자동판매기,식품자동판매기영업,2001-01-19,211302.671893962,442362.624911748,2026-05-06 22:38:46,I,02,폐업,0,,,,0,기타,,,,2003-08-14 00:00:00,1991-12-27,,138-200,서울특별시 송파구 문정동 85-6,N,0,3230000-112-1991-01737,,3230000,,,03,폐업,식품자동판매기영업,02-407-7297,,,
기타,,쌍용오락실,식품자동판매기영업,1992-10-08,,,2026-05-06 22:38:51,I,02,폐업,0,,,,0,기타,,,,2003-08-18 00:00:00,1992-01-30,,138-826,서울특별시 송파구 문정동 64-3,N,0,3230000-112-1992-01923,,3230000,,,03,폐업,식품자동판매기영업,02-443-7470,,,
기타,,재향군인회,식품자동판매기영업,1999-08-11,208808.460094719,446014.471916419,2026-05-06 22:39:12,I,02,폐업,0,,,,0,기타,,,,2003-08-26 00:00:00,1994-06-22,,138-934,서울특별시 송파구 신천동 7-13 재향군인회,N,0,3230000-112-1994-02686,,3230000,,,03,폐업,식품자동판매기영업,02-417-8086,,,
기타,,(주)선호유통,식품자동판매기영업,1993-05-18,209790.959909032,443481.212174317,2026-05-06 22:38:14,I,02,폐업,0,,,,0,기타,,,,2003-08-08 00:00:00,1985-06-22,,138-881,서울특별시 송파구 가락동 600 농수산물센타,N,0,3230000-112-1985-01247,,3230000,,,03,폐업,식품자동판매기영업,02-407-9733,,,
기타,,한국체육산업개발(주),식품자동판매기영업,2006-01-26,210199.45921923,446539.279382444,2026-05-06 22:39:01,I,02,폐업,0,0,0,0,0,기타,,0,,2003-08-22 00:00:00,1993-03-02,,138-829,서울특별시 송파구 방이동 88-0 수영장,N,0,3230000-112-1993-02352,,3230000,,,03,폐업,식품자동판매기영업,02-410-1189,,,
,자가,지에스25 한강잠실 1호,식품자동판매기영업,2020-12-01,207280.548175724,446256.122690837,2026-05-06 22:43:12,I,02,폐업,0,,,,,,,,,2020-12-01 17:26:06,2012-07-24,2.00,138-889,서울특별시 송파구 잠실동 1-1 신천나들목 지상1층,N,,3230000-112-2012-00026,,3230000,"서울특별시 송파구 백제고분로 2, 지상1층 (잠실동, 신천나들목)",05500,03,폐업,식품자동판매기영업,,,,
기타,,성일철물,식품자동판매기영업,2005-12-05,212976.775237005,443303.754627437,2026-05-06 22:40:56,I,02,폐업,0,,,,0,기타,,,,2003-09-02 00:00:00,1999-06-03,,138-815,서울특별시 송파구 거여동 258-28,N,0,3230000-112-1999-00277,,3230000,,,03,폐업,식품자동판매기영업,02-448-3719,,,
,,은진마트,식품자동판매기영업,2012-05-23,211081.89368586,443953.35043269,2026-05-06 22:42:50,I,02,폐업,0,,,,,,,,,2003-02-20 00:00:00,2003-02-20,,138-809,서울특별시 송파구 가락동 151-20,N,,3230000-112-2003-00107,,3230000,,,03,폐업,식품자동판매기영업,02-3401-8281,,,
,자가,GS 25 방이 중앙점,식품자동판매기영업,,209475.938492751,445783.438755874,2026-05-06 22:43:14,I,01,영업,0,,,,,,,,,2015-10-12 14:24:11,2015-10-12,3.30,138-828,서울특별시 송파구 방이동 64 지상1층,N,,3230000-112-2015-00020,,3230000,"서울특별시 송파구 오금로11길 6, 지상1층 (방이동)",05548,01,영업/정상,식품자동판매기영업,,,,
기타,,용산분식,식품자동판매기영업,2009-11-16,208265.829073588,444957.463368081,2026-05-06 22:39:27,I,02,폐업,0,,,,0,기타,,,,2005-02-04 00:00:00,1996-01-25,,138-840,서울특별시 송파구 삼전동 111-0,N,0,3230000-112-1996-02808,,3230000,,,03,폐업,식품자동판매기영업,02-418-1643,,,
기타,,한국코카콜라보틀링,식품자동판매기영업,2001-12-12,209402.274512653,444723.270577208,2026-05-06 22:41:04,I,02,폐업,0,,,,0,기타,,,,2003-09-02 00:00:00,1999-06-17,,138-847,서울특별시 송파구 석촌동 286-3,N,0,3230000-112-1999-00316,,3230000,,,03,폐업,식품자동판매기영업,02-448-2053,,,
,자가,방이닭집,식품자동판매기영업,2008-04-24,210246.758971545,445389.003732239,2026-05-06 22:42:45,I,02,폐업,0,0,0,0,,,0,0,,2003-01-15 00:00:00,2003-01-15,,138-832,서울특별시 송파구 방이동 141-2,N,,3230000-112-2003-00049,0,3230000,,,03,폐업,식품자동판매기영업,02-412-0748,,,
기타,,-,식품자동판매기영업,1998-03-17,212768.639964757,444059.087175587,2026-05-06 22:38:59,I,02,폐업,0,,,,0,기타,,,,2003-09-09 00:00:00,1992-11-07,,138-813,서울특별시 송파구 거여동 129-73,N,0,3230000-112-1992-02245,,3230000,,,03,폐업,식품자동판매기영업,02-409-8647,,,
주택가주변,,월드치킨,식품자동판매기영업,2010-02-04,207915.931268436,444829.405367387,2026-05-06 22:40:08,I,02,폐업,0,,,,0,우수,,,,2003-09-01 00:00:00,1999-04-09,,138-837,서울특별시 송파구 삼전동 6-7,N,0,3230000-112-1999-00062,,3230000,,,03,폐업,식품자동판매기영업,02-420-0126,,,
기타,,금성부동산,식품자동판매기영업,2010-02-09,213199.647802428,443890.261489347,2026-05-06 22:38:48,I,02,폐업,0,,,,0,기타,,,,2003-08-07 00:00:00,1992-09-07,,138-819,서울특별시 송파구 마천동 135-5 금성부동산앞,N,0,3230000-112-1992-01146,,3230000,,,03,폐업,식품자동판매기영업,,,,
,자가,평화이용원,식품자동판매기영업,,209411.109054329,444475.843957472,2026-05-06 22:43:11,I,01,영업,0,,,,,,,,,2010-12-22 11:34:35,2010-12-22,.00,138-847,서울특별시 송파구 석촌동 280-9 1층,N,,3230000-112-2010-00049,,3230000,"서울특별시 송파구 백제고분로40길 26 (석촌동,1층)",05689,01,영업/정상,식품자동판매기영업,,,,
기타,,-,식품자동판매기영업,2000-03-04,207858.160398451,445016.931518163,2026-05-06 22:38:57,I,02,폐업,0,,,,0,기타,,,,2003-09-09 00:00:00,1992-08-06,,138-864,서울특별시 송파구 잠실동 242-21,N,0,3230000-112-1992-02156,,3230000,,,03,폐업,식품자동판매기영업,,,,
기타,,도래미노래연습실,식품자동판매기영업,2000-03-27,209733.324912029,444276.304902223,2026-05-06 22:38:55,I,02,폐업,0,,,,0,기타,,,,2003-08-19 00:00:00,1992-06-01,,138-847,서울특별시 송파구 석촌동 296-15,N,0,3230000-112-1992-02079,,3230000,,,03,폐업,식품자동판매기영업,02-417-2514,,,
,자가,8호선 복정역 하선,식품자동판매기영업,2023-02-21,211138.650886691,440949.654290777,2026-05-06 22:43:18,I,02,폐업,0,,,,,,,,,2023-02-21 10:03:37,2015-11-06,3.60,138-871,서울특별시 송파구 장지동 596-21 지하층,N,,3230000-112-2015-00030,,3230000,"서울특별시 송파구 송파대로 지하 6, 지하층 (장지동)",05844,03,폐업,식품자동판매기영업,02-6311-8201,,,
,,이마트24 송파오금,식품자동판매기영업,2019-11-27,211855.073605105,444687.648725395,2026-05-06 22:43:35,I,02,폐업,0,,,,,,,,,2019-11-27 10:47:34,2018-08-22,,138-857,서울특별시 송파구 오금동 72-2,N,,3230000-112-2018-00022,,3230000,"서울특별시 송파구 성내천로6길 16-1, 1층 (오금동)",05728,03,폐업,식품자동판매기영업,,,,
기타,,통통마트,식품자동판매기영업,2006-06-23,209509.255875997,445829.07823706,2026-05-06 22:42:33,I,02,폐업,0,,,,,기타,,,,2003-09-08 00:00:00,2002-08-13,,138-827,서울특별시 송파구 방이동 28-7,N,,3230000-112-2002-00983,,3230000,,,03,폐업,식품자동판매기영업,02-420-0757,,,
기타,,김선옥,식품자동판매기영업,2004-11-26,211169.335727186,445207.639442405,2026-05-06 22:39:00,I,02,폐업,0,,,,0,기타,,,,2003-08-21 00:00:00,1993-02-06,,138-855,서울특별시 송파구 오금동 17-13,N,0,3230000-112-1993-02269,,3230000,,,03,폐업,식품자동판매기영업,02-448-1619,,,
기타,,주식회사보광,식품자동판매기영업,1996-05-25,210614.299107219,443541.245143681,2026-05-06 22:38:56,I,02,폐업,0,,,,0,기타,,,,2003-08-19 00:00:00,1992-06-27,,138-803,서울특별시 송파구 가락동 79-2 그린빌딩 5층,N,0,3230000-112-1992-02105,,3230000,,,03,폐업,식품자동판매기영업,02-595-3691,,,
기타,,현대목재,식품자동판매기영업,2004-01-29,210873.50217016,443638.392003997,2026-05-06 22:41:37,I,02,폐업,0,,,,0,기타,,,,2003-09-03 00:00:00,1999-10-14,,138-807,서울특별시 송파구 가락동 123-7,N,0,3230000-112-1999-00514,,3230000,,,03,폐업,식품자동판매기영업,02-401-1021,,,
기타,,복정역,식품자동판매기영업,2003-12-11,,,2026-05-06 22:41:53,I,02,폐업,0,0,0,0,0,기타,,0,,2003-09-03 00:00:00,2000-11-30,,138-871,서울특별시 송파구 장지동 600-0,N,0,3230000-112-2000-00701,,3230000,,,03,폐업,식품자동판매기영업,02-404-8710,,,
기타,,순대국집,식품자동판매기영업,2010-02-24,213535.469728154,443895.645629052,2026-05-06 22:42:04,I,02,폐업,0,,,,,기타,,,,2003-09-03 00:00:00,2001-04-27,,138-820,서울특별시 송파구 마천동 200-37,N,,3230000-112-2001-02979,,3230000,,,03,폐업,식품자동판매기영업,02-407-7993,,,
,자가,카오디오스톰(아우토반자동차),식품자동판매기영업,2007-01-23,209586.469381649,445456.493539735,2026-05-06 22:42:38,I,02,폐업,0,0,0,0,,,,0,,2002-10-09 00:00:00,2002-10-09,,138-849,서울특별시 송파구 송파동 58-7 (1층),N,,3230000-112-2002-02194,,3230000,,,03,폐업,식품자동판매기영업,,,,
기타,,장안빌딩,식품자동판매기영업,2003-04-19,210366.048844814,445259.941538422,2026-05-06 22:41:55,I,02,폐업,0,,,,,기타,,,,2002-11-04 00:00:00,2001-05-09,,138-831,서울특별시 송파구 방이동 126-2,N,,3230000-112-2001-00720,,3230000,,,03,폐업,식품자동판매기영업,02-543-4846,,,
기타,,송파상운,식품자동판매기영업,1997-03-19,,,2026-05-06 22:38:30,I,02,폐업,0,,,,0,지도,,,,2003-08-07 00:00:00,1989-11-22,,138-815,서울특별시 송파구 거여동 223-2 송파상운대기실,N,0,3230000-112-1989-01155,,3230000,,,03,폐업,식품자동판매기영업,,,,
기타,,(주)원광한강관광사업부,식품자동판매기영업,1996-12-31,207125.178244289,445763.360184076,2026-05-06 22:38:28,I,02,폐업,0,,,,0,지도,,,,2003-08-07 00:00:00,1989-06-09,,138-908,서울특별시 송파구 잠실동 19 선상,N,0,3230000-112-1989-01121,,3230000,,,03,폐업,식품자동판매기영업,,,,
기타,,세계산업,식품자동판매기영업,2000-01-25,210199.45921923,446539.279382444,2026-05-06 22:41:00,I,02,폐업,0,,,,0,기타,,,,2003-09-02 00:00:00,1999-06-08,,138-829,서울특별시 송파구 방이동 88-0,N,0,3230000-112-1999-00297,,3230000,,,03,폐업,식품자동판매기영업,02-414-1311,,,
,자가,CU 가락본점,식품자동판매기영업,2022-01-03,210520.455383506,443526.98385116,2026-05-06 22:43:22,I,02,폐업,0,,,,,,,,,2022-01-03 11:54:06,2017-03-21,3.30,138-805,서울특별시 송파구 가락동 99,N,,3230000-112-2017-00007,,3230000,"서울특별시 송파구 송파대로28길 16, 1층 (가락동, 편의점 내)",,03,폐업,식품자동판매기영업,,,,
기타,,우행실업(주),식품자동판매기영업,2001-10-10,,,2026-05-06 22:38:10,I,02,폐업,0,,,,1,지도,,,,2003-08-05 00:00:00,1983-12-08,,138-883,서울특별시 송파구 가락동 486-1 1층,N,1,3230000-112-1983-01032,,3230000,,,03,폐업,식품자동판매기영업,,,,
,자가,참좋은독서실,식품자동판매기영업,2006-04-27,,,2026-05-06 22:42:57,I,02,폐업,0,0,0,0,,,0,0,,2003-07-01 00:00:00,2003-07-01,,138-816,서울특별시 송파구 거여동 349-16 삼송빌딩4층,N,,3230000-112-2003-00242,0,3230000,,,03,폐업,식품자동판매기영업,02-409-1213,,,
기타,,석촌주유소,식품자동판매기영업,1997-11-06,208646.320159665,444516.776444974,2026-05-06 22:39:38,I,02,폐업,0,,,,0,기타,,,,2003-08-29 00:00:00,1997-05-31,,138-842,서울특별시 송파구 석촌동 14-12,N,0,3230000-112-1997-02889,,3230000,,,03,폐업,식품자동판매기영업,02-202-5649,,,
기타,,핑크아트(종합화장품),식품자동판매기영업,2006-03-30,208358.611648909,444430.116226195,2026-05-06 22:42:02,I,02,폐업,0,0,0,0,,기타,,0,,2006-03-29 00:00:00,2001-09-22,,138-841,서울특별시 송파구 삼전동 180-22,N,,3230000-112-2001-00853,,3230000,,,03,폐업,식품자동판매기영업,,,,
기타,,명도문구,식품자동판매기영업,2001-09-10,209771.440569053,445599.846381754,2026-05-06 22:41:55,I,02,폐업,0,,,,,기타,,,,2003-09-04 00:00:00,2001-05-09,,138-829,서울특별시 송파구 방이동 101-0,N,,3230000-112-2001-00719,,3230000,,,03,폐업,식품자동판매기영업,02-412-5744,,,
기타,,한우촌,식품자동판매기영업,2013-04-01,209513.459806705,445195.919814895,2026-05-06 22:41:55,I,02,폐업,0,0,0,0,,기타,,0,,2003-09-04 00:00:00,2001-06-21,,138-849,서울특별시 송파구 송파동 41-3,N,,3230000-112-2001-00745,,3230000,,,03,폐업,식품자동판매기영업,02-424-3980,,,
기타,,예보습학원,식품자동판매기영업,2004-04-26,207069.724198768,444885.543047372,2026-05-06 22:42:02,I,02,폐업,0,0,0,0,,기타,,0,,2003-09-05 00:00:00,2001-10-06,,138-865,서울특별시 송파구 잠실동 294-4 오룡빌딩3층,N,,3230000-112-2001-00861,,3230000,,,03,폐업,식품자동판매기영업,02-414-2861,,,
기타,,클릭길드방이점,식품자동판매기영업,2003-11-06,209490.302318479,445789.880933004,2026-05-06 22:42:03,I,02,폐업,0,,,,,기타,,,,2003-09-05 00:00:00,2001-12-01,,138-828,서울특별시 송파구 방이동 64-11,N,,3230000-112-2001-00882,,3230000,,,03,폐업,식품자동판매기영업,02-423-5473,,,
기타,,(주)선호유통,식품자동판매기영업,1995-06-26,209790.959909032,443481.212174317,2026-05-06 22:38:15,I,02,폐업,0,,,,0,기타,,,,2003-08-08 00:00:00,1985-06-22,,138-881,서울특별시 송파구 가락동 600,N,0,3230000-112-1985-01257,,3230000,,,03,폐업,식품자동판매기영업,02-407-9733,,,
기타,,한국코카콜라보틀링,식품자동판매기영업,2001-12-12,210481.077142289,443448.892122874,2026-05-06 22:41:04,I,02,폐업,0,,,,0,기타,,,,2003-09-02 00:00:00,1999-06-17,,138-805,서울특별시 송파구 가락동 99-5,N,0,3230000-112-1999-00315,,3230000,,,03,폐업,식품자동판매기영업,02-448-2053,,,
기타,,가락자동차공업사,식품자동판매기영업,2004-11-26,210520.455383506,443526.98385116,2026-05-06 22:39:02,I,02,폐업,0,0,0,0,0,기타,,0,,2003-08-22 00:00:00,1993-03-06,,138-805,서울특별시 송파구 가락동 99-0,N,0,3230000-112-1993-02378,,3230000,,,03,폐업,식품자동판매기영업,02-449-8822,,,
,자가,홍문학원,식품자동판매기영업,2007-11-01,207520.01530363,444725.229305998,2026-05-06 22:43:03,I,02,폐업,0,0,0,0,,,0,0,,2006-07-25 00:00:00,2006-07-25,,138-867,서울특별시 송파구 잠실동 335-4 승진빌딩 4층,N,,3230000-112-2006-00018,0,3230000,,,03,폐업,식품자동판매기영업,,,,
,임대,씨스페이스 잠실점,식품자동판매기영업,2017-06-26,207072.619774803,444797.208540988,2026-05-06 22:43:11,I,02,폐업,0,,,,,,,,,2017-06-26 16:00:41,2012-04-09,3.30,138-865,서울특별시 송파구 잠실동 297-3 1층,N,,3230000-112-2012-00016,,3230000,"서울특별시 송파구 백제고분로12길 10, 1층 (잠실동)",05574,03,폐업,식품자동판매기영업,02-413-3986,,,
,자가,현대슈퍼,식품자동판매기영업,2013-03-05,207765.345117075,444230.811991104,2026-05-06 22:42:52,I,02,폐업,0,0,0,0,,,0,0,,2003-04-11 00:00:00,2003-04-11,,138-838,서울특별시 송파구 삼전동 39-0,N,,3230000-112-2003-00159,0,3230000,,,03,폐업,식품자동판매기영업,02-420-2488,,,
기타,,한일은행,식품자동판매기영업,1994-05-17,,,2026-05-06 22:38:46,I,02,폐업,0,,,,0,기타,,,,2003-08-14 00:00:00,1991-12-28,,138-050,서울특별시 송파구 방이동 294 대림(아)상가,N,0,3230000-112-1991-01752,,3230000,,,03,폐업,식품자동판매기영업,,,,
기타,,명동미용실,식품자동판매기영업,2000-12-20,209615.263028217,444324.939639398,2026-05-06 22:39:40,I,02,폐업,0,,,,0,기타,,,,2003-08-29 00:00:00,1997-06-27,,138-847,서울특별시 송파구 석촌동 297-42 명동미용실,N,0,3230000-112-1997-02926,,3230000,,,03,폐업,식품자동판매기영업,02-416-5223,,,
주택가주변,,다원상사,식품자동판매기영업,2002-02-21,210692.833158235,443894.169603909,2026-05-06 22:40:11,I,02,폐업,0,,,,0,우수,,,,2003-09-01 00:00:00,1999-04-29,,138-802,서울특별시 송파구 가락동 57-6,N,0,3230000-112-1999-00120,,3230000,,,03,폐업,식품자동판매기영업,02-3402-1479,,,
기타,,이디아에스프레소,식품자동판매기영업,2002-07-31,206990.073424609,445377.96994293,2026-05-06 22:38:40,I,02,폐업,0,,,,0,기타,,,,2003-08-12 00:00:00,1991-11-14,,138-861,서울특별시 송파구 잠실동 177-3,N,0,3230000-112-1991-01523,,3230000,,,03,폐업,식품자동판매기영업,02-419-4336,,,
,임대,이마트24 송파파인타운점,식품자동판매기영업,2023-04-07,211533.81236831,442434.745714452,2026-05-06 22:43:36,I,02,폐업,0,,,,,,,,,2023-04-07 14:09:56,2019-05-28,3.30,138-888,서울특별시 송파구 장지동 835 송파파인타운2단지,N,,3230000-112-2019-00009,,3230000,"서울특별시 송파구 충민로 151, 상가동 102호 (장지동, 송파파인타운2단지)",05799,03,폐업,식품자동판매기영업,,,,
기타,,동양상사,식품자동판매기영업,2001-07-03,209409.377087526,445882.003512809,2026-05-06 22:38:50,I,02,폐업,0,,,,0,기타,,,,2003-08-18 00:00:00,1992-01-29,,138-827,서울특별시 송파구 방이동 22-3,N,0,3230000-112-1992-01908,,3230000,,,03,폐업,식품자동판매기영업,02-868-3070,,,
기타,,비디오뱅크,식품자동판매기영업,1999-12-07,208106.510001185,444988.080002931,2026-05-06 22:38:46,I,02,폐업,0,,,,0,기타,,,,2003-08-14 00:00:00,1991-12-28,,138-837,서울특별시 송파구 삼전동 22-2,N,0,3230000-112-1991-01751,,3230000,,,03,폐업,식품자동판매기영업,,,,
기타,,한신코아오피스텔,식품자동판매기영업,2009-12-31,209140.885315651,446042.592367722,2026-05-06 22:38:37,I,02,폐업,0,,,,0,기타,,,,2003-08-11 00:00:00,1991-09-05,,138-733,서울특별시 송파구 신천동 11-9 한신코아오피스텔 2층,N,0,3230000-112-1991-01422,,3230000,,,03,폐업,식품자동판매기영업,02-416-8763,,,
,,유림운수 주식회사,식품자동판매기영업,,207552.148294046,444382.105103552,2026-05-06 22:43:44,I,01,영업,0,,,,,,,,,2023-11-03 11:08:13,2023-11-03,1.00,138-838,서울특별시 송파구 삼전동 38-3 유림운수,N,,3230000-112-2023-00038,,3230000,"서울특별시 송파구 삼전로2길 7, 유림운수 1층 (삼전동)",05594,01,영업/정상,식품자동판매기영업,,,,
기타,,예일독서실,식품자동판매기영업,2004-11-17,211853.76,444392.855,2026-05-06 22:38:48,I,02,폐업,0,,,,0,기타,,,,2003-08-14 00:00:00,1992-01-03,,138-857,서울특별시 송파구 오금동 60-3,N,0,3230000-112-1992-01820,,3230000,,,03,폐업,식품자동판매기영업,02-403-7173,,,
기타,,경희화장품,식품자동판매기영업,2003-02-06,210410.507608681,448407.016805195,2026-05-06 22:39:07,I,02,폐업,0,,,,0,기타,,,,2003-08-25 00:00:00,1994-04-08,,138-872,서울특별시 송파구 풍납동 87-5,N,0,3230000-112-1994-02596,,3230000,,,03,폐업,식품자동판매기영업,02-474-6026,,,
기타,,한일전기,식품자동판매기영업,2002-02-08,,,2026-05-06 22:38:46,I,02,폐업,0,,,,0,기타,,,,2003-08-14 00:00:00,1991-12-18,,138-873,서울특별시 송파구 풍납동 199-25,N,0,3230000-112-1991-01748,,3230000,,,03,폐업,식품자동판매기영업,02-486-5556,,,
기타,,형제갈비,식품자동판매기영업,1998-06-20,211658.484921066,445201.063881174,2026-05-06 22:39:05,I,02,폐업,0,,,,0,기타,,,,2003-08-25 00:00:00,1994-04-04,,138-855,서울특별시 송파구 오금동 5-3,N,0,3230000-112-1994-02523,,3230000,,,03,폐업,식품자동판매기영업,02-407-9435,,,
,,잠실실내체육관,식품자동판매기영업,2008-05-02,206383.829438022,446030.128073052,2026-05-06 22:43:02,I,02,폐업,0,0,0,0,,,,0,,2005-05-11 00:00:00,2005-05-11,,138-889,"서울특별시 송파구 잠실동 10 (1,2층)",N,,3230000-112-2005-00011,,3230000,,,03,폐업,식품자동판매기영업,02-416-0276,,,
주택가주변,,체육시설관리사업소,식품자동판매기영업,2011-05-20,206383.829438022,446030.128073052,2026-05-06 22:40:46,I,02,폐업,0,,,,0,우수,,,,2003-09-02 00:00:00,1999-05-12,,138-889,서울특별시 송파구 잠실동 10-0,N,0,3230000-112-1999-00222,,3230000,,,03,폐업,식품자동판매기영업,02-2240-8748,,,
,자가,지에스25마천빌리지점,식품자동판매기영업,,212601.045350884,444396.855247371,2026-05-06 22:43:46,I,01,영업,0,,,,,,,,,2024-03-15 13:20:01,2024-03-15,3.30,138-817,서울특별시 송파구 마천동 17,N,,3230000-112-2024-00009,,3230000,"서울특별시 송파구 마천로31길 14, 1층 (마천동)",05733,01,영업/정상,식품자동판매기영업,,,,
기타,,강남운수,식품자동판매기영업,1996-06-05,213099.356547679,444387.378277809,2026-05-06 22:38:47,I,02,폐업,0,,,,0,기타,,,,2003-08-13 00:00:00,1991-12-30,,138-818,서울특별시 송파구 마천동 50-3,N,0,3230000-112-1991-01794,,3230000,,,03,폐업,식품자동판매기영업,02-448-9100,,,
