사업장명,폐업일자,좌표X,좌표Y,민원종류명,데이터갱신시점,데이터갱신구분,지정일자,상세영업상태코드,상세영업상태명,최종수정시점,인허가취소일자,인허가일자,소재지우편번호,지번주소,관리번호,개방자치단체코드,도로명주소,도로명우편번호,영업상태구분코드,영업상태명,휴업시작일자,휴업종료일자,소재지전화번호
지에스25 뉴양재시장점,2022-09-28,203332.198861026,442178.652528927,제7조의3제2항에따른경우,2026-05-06 22:48:50,I,2016-02-17,2,폐업처리,2022-09-28 13:33:40,,2016-02-17,,서울특별시 서초구 양재동 15-25,2016321015505600009,3210000,"서울특별시 서초구 남부순환로356길 70, 1층 (양재동)",06744,03,폐업,,,02-529-1255
훼미리마트 서초한승점,2007-10-01,200903.9562006,443371.877270712,2009년11월법개정전자료,2026-05-06 22:47:04,I,2006-10-04,2,폐업처리,2007-10-01 17:05:48,,2006-10-04,,서울특별시 서초구 서초동 1554번지 5   호 아스트라 1층 101호,2006321010805600025,3210000,"서울특별시 서초구 서초대로 266 (서초동,아스트라 1층 101호)",,03,폐업,,,02-3472-4115
도리마트,2014-05-16,201199.948183239,443564.14634983,제7조의3제3항에따른경우,2026-05-06 22:48:00,I,2012-05-21,2,폐업처리,2014-05-16 12:37:32,,2012-05-21,,,2012321012205600048,3210000,"서울특별시 서초구 서초대로 301, 지하2층 (서초동, KT 올레캠퍼스)",,03,폐업,,,
미니스톱서초역점,2003-07-03,200734.993726251,442882.199974285,,2026-05-06 22:45:39,I,,2,폐업처리,2008-02-21 00:00:00,,2001-11-20,,서울특별시 서초구 서초동 1538번지 9호,2001321007605600216,3210000,서울특별시 서초구 반포대로 89 (서초동),,03,폐업,2003-01-11,2003-02-11,
파티에존,2012-01-20,198359.032400861,441722.618095083,2009년11월법개정전자료,2026-05-06 22:47:09,I,2007-08-31,2,폐업처리,2012-01-20 15:18:56,,2007-08-31,137-060,서울특별시 서초구 방배동 444번지 3호 파스텔시티 지하B101호,2007321010805600114,3210000,"서울특별시 서초구 방배천로 11 (방배동,파스텔시티 지하B101호)",,03,폐업,,,02-597-1155
본가국시,2007-03-05,202017.956762574,444583.228155623,,2026-05-06 22:47:00,I,,2,폐업처리,2008-02-21 00:00:00,,2006-04-18,,서울특별시 서초구 서초동 1303번지 9호 1층,2006321007605600039,3210000,"서울특별시 서초구 사평대로58길 6 (서초동,1층)",,03,폐업,,,
투나인비디오,2001-08-14,198857.738070619,441591.378617775,,2026-05-06 22:44:54,I,,2,폐업처리,2008-02-21 00:00:00,,1998-10-22,,서울특별시 서초구 방배동 480번지 1호,1989321007605600034,3210000,서울특별시 서초구 효령로4길 24 (방배동),,03,폐업,,,
GS25서초위브,2010-05-11,202814.547442793,442662.268719493,2009년11월법개정전자료,2026-05-06 22:47:13,I,2008-08-28,2,폐업처리,2010-05-12 09:28:37,,2008-08-28,137-072,서울특별시 서초구 서초동 1362번지 두산위브A상가 107-2,2008321012205600120,3210000,"서울특별시 서초구 강남대로39길 5 (서초동,두산위브A상가 107-2)",,03,폐업,,,
(주)이마트에브리데이 무지개점,2017-06-05,202245.377899369,442987.986999742,2009년11월법개정전자료,2026-05-06 22:45:05,I,1998-10-27,2,폐업처리,2017-06-05 16:07:37,,1998-10-27,,서울특별시 서초구 서초동 1335번지 무지개상가지하10,1998321007605600096,3210000,"서울특별시 서초구 효령로 401, 10호 (서초동, 무지개상가)",06630,03,폐업,,,
우리슈퍼,2003-10-08,199149.616575698,442822.181000909,,2026-05-06 22:44:49,I,,2,폐업처리,2008-02-21 00:00:00,,1980-12-26,,서울특별시 서초구 방배동 870번지 32호,1980321007605600025,3210000,서울특별시 서초구 서초대로19길 11 (방배동),,03,폐업,,,
민속촌갈비,2006-07-04,,,,2026-05-06 22:45:09,I,,2,폐업처리,2008-02-21 00:00:00,,1998-11-11,,서울특별시 서초구 서초동 1681호,19983210076056서444,3210000,,,03,폐업,,,02-591-0817
씨유 방배원점,,199372.214875872,442385.60521869,제7조의3제2항에따른경우,2026-05-06 22:49:30,I,2025-08-07,0,정상영업,2025-08-07 11:27:16,,2025-08-07,,서울특별시 서초구 방배동 928-30,2025321019505600028,3210000,"서울특별시 서초구 방배로15길 38, 1층 101호,102호 (방배동)",06681,01,영업/정상,,,
안성슈퍼,2013-04-17,199235.617229272,441781.587250394,제7조의3제2항에따른경우,2026-05-06 22:47:50,I,2011-04-20,2,폐업처리,2013-04-17 12:29:37,,2011-04-20,137-824,서울특별시 서초구 방배3동 541번지 25호 1층,2011321012205600037,3210000,"서울특별시 서초구 효령로18길 30 (방배동,1층)",,03,폐업,,,
동네새참,2023-09-08,198646.235247546,441936.241197959,제7조의3제2항에따른경우,2026-05-06 22:49:07,I,2019-06-20,2,폐업처리,2023-09-08 17:56:02,,2019-06-20,,서울특별시 서초구 방배동 462번지 14호,2019321018405600023,3210000,"서울특별시 서초구 청두곶길 34, 1층 (방배동)",06690,03,폐업,,,
스마일마트,2006-09-19,199993.050993028,443892.635465708,,2026-05-06 22:46:47,I,,2,폐업처리,2008-02-21 00:00:00,,2004-11-22,,서울특별시 서초구 반포동 551번지 32호,2004321007605600213,3210000,서울특별시 서초구 동광로43길 51-13 (반포동),,03,폐업,,,
베스트원,2006-05-24,203458.026048131,441860.86788229,,2026-05-06 22:45:16,I,,2,폐업처리,2008-02-21 00:00:00,,1999-04-09,,서울특별시 서초구 양재동 5번지 21호 후룡빌딩105,19993210076056양153,3210000,"서울특별시 서초구 바우뫼로 183 (양재동,후룡빌딩105)",,03,폐업,,,
미니스톱 양재제일점,2016-08-03,203642.482050635,440794.790176744,제7조의3제2항에따른경우,2026-05-06 22:47:40,I,2010-10-14,2,폐업처리,2016-08-04 15:38:36,,2010-10-14,137-897,서울특별시 서초구 양재2동 332번지 13호,2010321012205600113,3210000,서울특별시 서초구 동산로2길 11 (양재동),,03,폐업,,,
흥부슈퍼,2008-11-04,200767.55837167,443101.577546134,2009년11월법개정전자료,2026-05-06 22:45:58,I,2003-10-27,2,폐업처리,2008-11-04 10:26:29,,2003-10-27,,서울특별시 서초구 서초동 1550번지 2호,2003321007605600173,3210000,서울특별시 서초구 반포대로26길 1 (서초동),,03,폐업,,,
세븐일레븐 방배롯데캐슬점,,198364.994691704,442272.859620849,제7조의3제2항에따른경우,2026-05-06 22:48:39,I,2015-01-19,5,지정취소,2021-05-27 09:59:14,,2015-01-19,137-817,서울특별시 서초구 방배동 439번지 1호,2015321015505600015,3210000,"서울특별시 서초구 동작대로 68, 1층 (방배동)",,04,취소/말소/만료/정지/중지,,,
오성마트,2005-07-26,199050.700187864,441491.630757266,,2026-05-06 22:45:56,I,,2,폐업처리,2008-02-21 00:00:00,,2003-07-14,,서울특별시 서초구 방배동 484번지 1호 로얄비라트101호,2003321007605600119,3210000,"서울특별시 서초구 효령로4길 56-16 (방배동,로얄비라트101호)",,03,폐업,,,
씨유 양재센터점,,203795.214997261,440785.456666923,제7조의3제2항에따른경우,2026-05-06 22:49:30,I,2025-04-24,0,정상영업,2025-04-24 17:14:27,,2025-04-24,,서울특별시 서초구 양재동 340-6,2025321019505600016,3210000,"서울특별시 서초구 강남대로8길 56, 1층 (양재동)",06786,01,영업/정상,,,
티드부동산공인중개사사무소,2020-11-25,200697.680618399,442353.391258682,2009년11월법개정전자료,2026-05-06 22:47:04,I,2006-09-26,2,폐업처리,2020-11-25 12:29:58,,2006-09-26,,서울특별시 서초구 서초동 1486번지 8   호,2006321010805600020,3210000,서울특별시 서초구 효령로 226 (서초동),,03,폐업,,,02-585-6267
나르자,2010-04-02,199547.194595295,444540.23951026,제7조의3제2항에따른경우,2026-05-06 22:47:22,I,2010-02-04,2,폐업처리,2010-04-02 16:29:29,,2010-02-04,137-042,서울특별시 서초구 반포2동 18번지 4호 래미안퍼스티지신반포역상가 115호,2010321012205600018,3210000,"서울특별시 서초구 신반포로 100, 115호 (반포동,래미안퍼스티지신반포역상가)",,03,폐업,,,
강슈퍼,,,,,2026-05-06 22:44:51,I,,3,직권취소,2008-02-21 00:00:00,2001-11-07,1983-06-29,,서울특별시 서초구 서초동 산70번지 2호,1983321007605600089,3210000,,,04,취소/말소/만료/정지/중지,,,
씨유 방배공원점,,198815.365647457,442234.838662118,제7조의3제2항에따른경우,2026-05-06 22:48:39,I,2015-01-16,0,정상영업,2015-01-16 08:50:14,,2015-01-16,137-846,서울특별시 서초구 방배동 970번지 19호,2015321015505600010,3210000,"서울특별시 서초구 도구로 63, 1층 (방배동)",,01,영업/정상,,,02-581-0944
노르데코,2005-02-19,199092.434170729,443193.746197598,,2026-05-06 22:46:48,I,,2,폐업처리,2008-02-21 00:00:00,,2004-12-27,,서울특별시 서초구 방배동 815번지 31호 지상1층101호,2004321007605600230,3210000,"서울특별시 서초구 서초대로23길 83 (방배동,지상1층101호)",,03,폐업,,,
시애헤어미용실,2013-12-04,199298.89656786,443929.838595002,2009년11월법개정전자료,2026-05-06 22:47:13,I,2008-11-06,2,폐업처리,2013-12-04 14:23:30,,2008-11-06,137-044,서울특별시 서초구 반포동 612번지 57호 1층,2008321012205600154,3210000,"서울특별시 서초구 서래로5길 97 (반포동,1층)",,03,폐업,,,02-534-4350
다니엘 코리아,2019-07-08,202122.980021099,444254.241685558,제7조의3제2항에따른경우,2026-05-06 22:48:36,I,2014-10-27,2,폐업처리,2019-07-08 12:34:58,,2014-10-27,137-856,서울특별시 서초구 서초동 1308번지 16호,2014321012205600100,3210000,"서울특별시 서초구 강남대로65길 12, 101호 (서초동, 한서그린빌리지 오피스텔)",,03,폐업,,,
이마트24R 양재잔디점,,203071.839948775,440364.391561676,제7조의3제2항에따른경우,2026-05-06 22:49:27,I,2024-04-02,0,정상영업,2024-05-27 14:28:18,,2024-04-02,,서울특별시 서초구 양재동 206-6 모젠하우스,2024321019505600010,3210000,"서울특별시 서초구 매헌로6길 36-9, 1층 (양재동, 모젠하우스)",06770,01,영업/정상,,,
천지마트,2008-08-14,199356.032509102,442668.072357731,2009년11월법개정전자료,2026-05-06 22:47:04,I,2006-10-11,2,폐업처리,2008-08-14 11:55:54,,2006-10-11,,서울특별시 서초구 방배동 935번지 3   호,2006321010805600028,3210000,서울특별시 서초구 방배로23길 13 (방배동),,03,폐업,2008-07-28,2008-08-27,
미래꽃나라,2010-01-22,200943.601705262,442519.128472729,2009년11월법개정전자료,2026-05-06 22:46:50,I,2005-02-14,2,폐업처리,2010-01-22 15:16:02,,2005-02-14,,서울특별시 서초구 서초동 1584번지 2호 미관빌딩1층,2005321007605600026,3210000,"서울특별시 서초구 반포대로14길 4 (서초동,미관빌딩1층)",,03,폐업,,,
베스트문구센터,2008-09-04,200794.715,443391.694999999,2009년11월법개정전자료,2026-05-06 22:45:08,I,1998-08-29,2,폐업처리,2008-09-04 15:03:34,,1998-08-29,,서울특별시 서초구 서초동 1717번지 10  호,19983210076056서314,3210000,서울특별시 서초구 서초대로 255 (서초동),,03,폐업,,,02-595-0477
gs25 방배홈타운점,2019-09-18,198539.123953821,443301.997702229,제7조의3제2항에따른경우,2026-05-06 22:49:01,I,2017-09-28,2,폐업처리,2019-09-18 16:07:41,,2017-09-28,,서울특별시 서초구 방배동 787번지 1호,2017321015505600256,3210000,"서울특별시 서초구 동광로3길 21, 1층 (방배동)",06560,03,폐업,,,
씨유 서초서래마을점,2024-01-10,199836.00777967,444059.386774059,제7조의3제2항에따른경우,2026-05-06 22:49:24,I,2023-01-10,2,폐업처리,2024-01-10 13:22:38,,2023-01-10,,서울특별시 서초구 반포동 92-10,2023321019505600001,3210000,"서울특별시 서초구 서래로8길 7, 1층 (반포동)",06577,03,폐업,,,
훼미리마트 삼풍점,2005-09-05,201278.925516144,443607.585233396,,2026-05-06 22:45:06,I,,2,폐업처리,2008-02-21 00:00:00,,1998-10-21,,서울특별시 서초구 서초동 1692번지 6호,1998321007605698080,3210000,서울특별시 서초구 서초중앙로24길 16 (서초동),,03,폐업,,,
버스카드판매소19호,,202566.850388377,443356.964526096,2009년11월법개정전자료,2026-05-06 22:45:40,I,2001-02-12,3,직권취소,2025-02-06 12:51:20,2025-02-06,2001-02-12,,서울특별시 서초구 서초동 1337번지 31  호,2001321007605601-28,3210000,서울특별시 서초구 강남대로 329 (서초동),,04,취소/말소/만료/정지/중지,,,02-3474-2208
세븐일레븐 교대역사거리점,,201166.587542663,443558.801274562,제7조의3제3항에따른경우,2026-05-06 22:48:53,I,2016-05-14,0,정상영업,2016-05-16 08:26:20,,2016-05-14,,서울특별시 서초구 서초동 1693번지 3호,2016321015505600046,3210000,"서울특별시 서초구 서초중앙로 138, 1층 (서초동, 우림빌딩)",06606,01,영업/정상,,,
세븐일레븐 서초엠코점,2017-05-12,,,제7조의3제2항에따른경우,2026-05-06 22:48:40,I,2015-04-02,2,폐업처리,2017-05-12 16:53:42,,2015-04-02,137-160,서울특별시 서초구 신원동 412번지 5호,2015321015505600033,3210000,"서울특별시 서초구 헌릉로8길 지하 10-12, 지1층 5호 (신원동)",,03,폐업,,,
(주)코리아세븐 양재근린공원점,2022-07-27,203616.585358934,441181.048341694,제7조의3제2항에따른경우,2026-05-06 22:48:58,I,2016-10-19,2,폐업처리,2022-07-27 14:58:43,,2016-10-19,,서울특별시 서초구 양재동 250번지 6호 윤공순빌딩 102호,2016321015505600122,3210000,"서울특별시 서초구 언남길 35, 102호 (양재동, 윤공순빌딩)",06778,03,폐업,,,
서울교육대학교후생복지조합,2016-08-12,201365.993970578,443108.405379513,제7조의3제3항에따른경우,2026-05-06 22:44:52,I,1987-05-30,2,폐업처리,2016-08-12 11:17:10,,1987-05-30,,서울특별시 서초구 서초동 1650호,1987321007605600012,3210000,서울특별시 서초구 서초중앙로 96 (서초동),,03,폐업,,,02-3475-2576
나리슈퍼,2008-12-30,207858.539092723,439714.367646355,2009년11월법개정전자료,2026-05-06 22:45:20,I,2000-04-29,2,폐업처리,2008-12-30 13:55:07,,2000-04-29,,서울특별시 서초구 내곡동 374번지 36  호,2000321007605600044,3210000,서울특별시 서초구 헌릉로468길 45 (내곡동),,03,폐업,,,
신광비디오,2003-11-06,202245.377899369,442987.986999742,,2026-05-06 22:45:05,I,,2,폐업처리,2008-02-21 00:00:00,,1998-11-11,,서울특별시 서초구 서초동 1335호 무지개상가 104호,1998321007605600073,3210000,,,03,폐업,,,
GS25 양재현대점,2007-06-15,203515.938526942,441983.705306441,,2026-05-06 22:46:11,I,,2,폐업처리,2008-02-21 00:00:00,,2004-05-20,,서울특별시 서초구 양재동 5번지 8호 1층,2004321007605600098,3210000,"서울특별시 서초구 논현로31길 63 (양재동,1층)",,03,폐업,,,02-579-7602
가야슈퍼,2002-05-15,199177.0452218,443168.320380936,,2026-05-06 22:45:25,I,,2,폐업처리,2008-02-21 00:00:00,,2000-08-10,,서울특별시 서초구 방배동 836번지 3호,2000321007605600115,3210000,서울특별시 서초구 방배로 195 (방배동),,03,폐업,,,34818488
GS25 방배천로점,2019-01-10,198547.901601652,441891.307240641,제7조의3제2항에따른경우,2026-05-06 22:48:49,I,2015-12-07,2,폐업처리,2019-01-10 14:23:55,,2015-12-07,,서울특별시 서초구 방배동 467번지 10호 1층,2015321015505600135,3210000,"서울특별시 서초구 방배천로6길 32-2, 1층 (방배동)",06692,03,폐업,,,
훼미리마트 방배제일점,2004-05-17,199228.876460206,442445.304746056,,2026-05-06 22:45:54,I,,2,폐업처리,2008-02-21 00:00:00,,2003-05-28,,서울특별시 서초구 방배동 929번지 1호 1층,2003321007605600088,3210000,"서울특별시 서초구 효령로23길 90 (방배동,1층)",,03,폐업,,,02-588-8232
(주)코리아세븐,2018-01-23,200127.827157674,442261.582777482,2009년11월법개정전자료,2026-05-06 22:45:10,I,1999-05-25,2,폐업처리,2018-01-24 09:43:47,,1999-05-25,,서울특별시 서초구 서초동 1490번지 49  호,1999321007605600007,3210000,서울특별시 서초구 효령로 165 (서초동),,03,폐업,,,
지에스25 서초프랜드,,201871.931061593,442758.453375394,제7조의3제2항에따른경우,2026-05-06 22:48:00,I,2012-03-21,0,정상영업,2012-03-21 09:41:30,,2012-03-21,137-877,서울특별시 서초구 서초1동 1605번지 4호  1층,2012321012205600033,3210000,"서울특별시 서초구 효령로 349-5, 1층 (서초동)",,01,영업/정상,,,
호연매점,2011-10-25,202508.646065919,442625.413940559,제7조의3제3항에따른경우,2026-05-06 22:47:47,I,2011-02-10,2,폐업처리,2011-10-30 14:25:10,,2011-02-10,137-862,서울특별시 서초구 서초2동 1355번지 3호 지하1층 비21호,2011321012205600014,3210000,서울특별시  서운로 19 (지하1층 비21호),,03,폐업,,,
GS25 서초프렌드점,2005-04-14,201871.931061593,442758.453375394,,2026-05-06 22:45:50,I,,2,폐업처리,2008-02-21 00:00:00,,2003-01-03,,서울특별시 서초구 서초동 1605번지 4호,2003321007605600002,3210000,서울특별시 서초구 효령로 349-5 (서초동),,03,폐업,,,
365플러스 서초우면점,2016-07-20,202255.556462439,440756.342035595,제7조의3제2항에따른경우,2026-05-06 22:48:45,I,2015-08-18,2,폐업처리,2016-07-20 13:50:28,,2015-08-18,,서울특별시 서초구 우면동 6번지 7호 1층,2015321015505600086,3210000,"서울특별시 서초구 바우뫼로6길 32-6, 1층 (우면동)",06763,03,폐업,,,
대림상회,2014-02-17,200958.810528572,445792.191399183,2009년11월법개정전자료,2026-05-06 22:47:12,I,2008-07-02,2,폐업처리,2014-02-17 11:18:16,,2008-07-02,137-030,서울특별시 서초구 잠원동 57번지 대림상가 1층 121호,2008321012205600089,3210000,"서울특별시 서초구 잠원로8길 25, 121호 (잠원동,대림상가 1층)",,03,폐업,,,02-594-0246
선진식품,2016-10-31,198615.713239592,443203.394652737,2009년11월법개정전자료,2026-05-06 22:44:52,I,1986-08-25,2,폐업처리,2016-10-31 14:04:08,,1986-08-25,,서울특별시 서초구 방배동 788번지 59호,1986321007605600030,3210000,서울특별시 서초구 동광로 19 (방배동),,03,폐업,2003-04-30,2003-11-30,
지에스25 서초대림점,2011-03-08,200606.009435765,442017.133455062,2009년11월법개정전자료,2026-05-06 22:47:10,I,2007-12-18,2,폐업처리,2011-03-08 11:23:34,,2007-12-18,137-070,서울특별시 서초구 서초동 1467번지 65호 1층,2007321012205600160,3210000,"서울특별시 서초구 명달로4길 32 (서초동,1층)",,03,폐업,,,02-3471-8928
동양슈퍼,2010-12-15,200586.53942146,442225.31058208,2009년11월법개정전자료,2026-05-06 22:45:03,I,1997-03-07,2,폐업처리,2010-12-15 13:11:15,,1997-03-07,,서울특별시 서초구 서초동 1479번지 1   호,19973210076056서320,3210000,서울특별시 서초구 남부순환로315길 84 (서초동),,03,폐업,,,02-584-2186
별미감자탕,2009-09-16,202109.500209654,444403.320252288,2009년11월법개정전자료,2026-05-06 22:47:04,I,2006-10-13,2,폐업처리,2009-09-16 15:35:19,,2006-10-13,,서울특별시 서초구 서초동 1309번지 8호 1층,2006321010805600029,3210000,"서울특별시 서초구 강남대로69길 8 (서초동,1층)",,03,폐업,,,
씨유 서초신원점,2023-10-20,198847.192402455,442674.825267108,제7조의3제2항에따른경우,2026-05-06 22:48:33,I,2014-10-17,2,폐업처리,2023-10-20 14:09:40,,2014-10-17,,서울특별시 서초구 방배동 867-35 금성빌딩,2014321012205600090,3210000,"서울특별시 서초구 서초대로 49, 금성빌딩 지층 (방배동)",06570,03,폐업,,,
오피스디포 양재코트라점,,203817.645288426,440372.135898289,제7조의3제3항에따른경우,2026-05-06 22:49:27,I,2024-06-20,0,정상영업,2024-11-22 14:23:05,,2024-06-20,,서울특별시 서초구 염곡동 300-6 외국기업창업지원연구센터,2024321019505600025,3210000,"서울특별시 서초구 헌릉로 7, 외국기업창업지원연구센터 지하1층 (염곡동)",06792,01,영업/정상,,,
서초공인중개사무소,2004-02-12,,,,2026-05-06 22:45:39,I,,2,폐업처리,2008-02-21 00:00:00,,2001-12-08,,서울특별시 강서구 화곡동 404번지 1호 해풍연립C동302호,2001321007605600233,3210000,,,03,폐업,,,
장미플라워,2024-05-13,201123.234498578,443432.174000124,2009년11월법개정전자료,2026-05-06 22:47:13,I,2008-11-14,2,폐업처리,2024-05-13 14:44:13,,2008-11-14,137-073,서울특별시 서초구 서초동 1573번지 10호 로이어즈타워 106호,2008321012205600156,3210000,"서울특별시 서초구 서초중앙로 125, 106호 (서초동,로이어즈타워)",,03,폐업,,,02-6424-3773
동네슈퍼,2004-04-08,198787.701562761,442119.420431824,,2026-05-06 22:45:53,I,,2,폐업처리,2008-02-21 00:00:00,,2003-04-10,,서울특별시 서초구 방배동 459번지 10호 1층,2003321007605600068,3210000,"서울특별시 서초구 청두곶8길 42 (방배동,1층)",,03,폐업,,,
열린할인마트,2015-12-03,201886.571952822,439608.961888787,제7조의3제2항에따른경우,2026-05-06 22:48:30,I,2014-08-12,2,폐업처리,2015-12-03 14:47:15,,2014-08-12,137-140,서울특별시 서초구 우면동 784번지,2014321012205600060,3210000,"서울특별시 서초구 양재대로2길 34, 1층 102, 103호 (우면동, LH서초3단지 상가동)",,03,폐업,,,02-529-9988
LG25 서초반포점,2003-06-07,200922.886137239,444254.984557647,,2026-05-06 22:45:42,I,,2,폐업처리,2008-02-21 00:00:00,,2002-06-08,,서울특별시 서초구 반포동 50번지 10호 샹제리빌딩 1층,2002321007605600089,3210000,"서울특별시 서초구 서초중앙로31길 6-9 (반포동,샹제리빌딩 1층)",,03,폐업,,,
이마트24R서울웨이브점,,200569.275438657,446229.81000994,제7조의3제2항에따른경우,2026-05-06 22:49:24,I,2023-04-05,0,정상영업,2023-04-05 15:23:53,,2023-04-05,,서울특별시 서초구 잠원동 149-2,2023321019505600022,3210000,"서울특별시 서초구 잠원로 145-35, 1층 (잠원동)",06513,01,영업/정상,,,
훼미리마트메인타워점,2006-06-13,202760.817264669,442855.503519563,,2026-05-06 22:46:12,I,,2,폐업처리,2008-02-21 00:00:00,,2004-05-24,,서울특별시 서초구 서초동 1357번지 66호 강남메인타워 지상1층 102호,2004321007605600101,3210000,"서울특별시 서초구 강남대로 275 (서초동,강남메인타워 지상1층 102호)",,03,폐업,,,02-3487-3373
제일문화사,2006-09-01,200697.680618399,442353.391258682,,2026-05-06 22:46:55,I,,2,폐업처리,2008-02-21 00:00:00,,2005-07-15,,서울특별시 서초구 서초동 1486번지 8호 1층,2005321007605600107,3210000,"서울특별시 서초구 효령로 226 (서초동,1층)",,03,폐업,,,
지에스25 반포주흥점,2019-05-16,201566.03412566,445128.973849682,제7조의3제2항에따른경우,2026-05-06 22:48:52,I,2016-03-09,2,폐업처리,2019-05-16 12:49:39,,2016-03-09,,서울특별시 서초구 반포동 717번지,2016321015505600020,3210000,"서울특별시 서초구 주흥13길 17, 1층 (반포동)",06538,03,폐업,,,02-515-8775
씨유 방배아이파크점,2021-06-25,198632.536205406,443205.097016372,제7조의3제2항에따른경우,2026-05-06 22:48:59,I,2016-11-11,2,폐업처리,2021-06-25 17:41:11,,2016-11-11,,서울특별시 서초구 방배동 788번지 58호,2016321015505600134,3210000,"서울특별시 서초구 동광로 21, 1층 (방배동)",06560,03,폐업,,,
씨유서초법조타운점,2019-03-19,201070.990440494,443660.314911679,제7조의3제2항에따른경우,2026-05-06 22:48:54,I,2016-07-28,2,폐업처리,2019-03-19 11:27:46,,2016-07-28,,서울특별시 서초구 서초동 1714번지 5호 1층,2016321015505600070,3210000,"서울특별시 서초구 서초중앙로 151, 1층 (서초동, 정암빌딩)",06596,03,폐업,,,
참사랑유통,2011-04-18,203566.537019546,441241.528300708,2009년11월법개정전자료,2026-05-06 22:47:11,I,2008-04-23,2,폐업처리,2011-04-18 13:23:56,,2008-04-23,137-132,서울특별시 서초구 양재동 250번지 1호 1층,2008321012205600049,3210000,"서울특별시 서초구 마방로4길 22 (양재동,1층)",,03,폐업,,,02-572-6025
만물사,,,,2009년11월법개정전자료,2026-05-06 22:46:46,I,2004-10-29,3,직권취소,2011-02-22 16:50:20,2011-02-21,2004-10-29,,서울특별시 서초구 양재동 27번지 2호 양재역구내 제332-01호,2004321007605600199,3210000,,,04,취소/말소/만료/정지/중지,,,34625407
한국미니스톱 서초반포점,2013-08-01,201940.60506679,444909.079335079,2009년11월법개정전자료,2026-05-06 22:47:13,I,2008-10-14,2,폐업처리,2013-08-01 09:53:58,,2008-10-14,137-041,서울특별시 서초구 반포동 737번지,2008321012205600143,3210000,서울특별시 서초구 사평대로57길 44 (반포동),,03,폐업,,,02-3442-2457
바이더웨이,2003-08-05,201418.04594646,442706.262027419,,2026-05-06 22:45:40,I,,2,폐업처리,2008-02-21 00:00:00,,2002-01-29,,서울특별시 서초구 서초동 1621번지 17호 1층,2002321007605600016,3210000,"서울특별시 서초구 서초중앙로6길 21 (서초동,1층)",,03,폐업,,,34734255
양재동슈퍼잡화,,203622.874466851,442171.315212771,2009년11월법개정전자료,2026-05-06 22:45:54,I,2003-05-20,3,직권취소,2007-07-31 17:04:45,2006-06-13,2003-05-20,,서울특별시 서초구 양재동 6번지 21  호,2003321007605600084,3210000,서울특별시 서초구 논현로31길 22 (양재동),,04,취소/말소/만료/정지/중지,,,
GS25 서초반포점,2019-11-18,200922.886137239,444254.984557647,제7조의3제2항에따른경우,2026-05-06 22:49:02,I,2017-11-17,2,폐업처리,2019-11-18 12:04:12,,2017-11-17,,서울특별시 서초구 반포동 50번지 10호,2017321015505600267,3210000,"서울특별시 서초구 서초중앙로31길 6-9, 1층 (반포동)",06593,03,폐업,,,
신영약국,2002-10-09,202503.871647418,443326.129565179,,2026-05-06 22:45:04,I,,2,폐업처리,2008-02-21 00:00:00,,1998-11-03,,서울특별시 서초구 서초동 1337번지 14호 서천상가 101호,1998321007605600047,3210000,"서울특별시 서초구 사임당로 178 (서초동,서천상가 101호)",,03,폐업,,,34739396
중앙슈퍼,2003-07-15,203830.723321642,441321.62991586,,2026-05-06 22:45:42,I,,2,폐업처리,2008-02-21 00:00:00,,2002-06-18,,서울특별시 서초구 양재동 306번지 13호,2002321007605600101,3210000,서울특별시 서초구 언남길 62 (양재동),,03,폐업,,,
(주)코리아세븐 서초17호점,,200927.686610151,443329.558292307,2009년11월법개정전자료,2026-05-06 22:45:21,I,2000-05-25,0,정상영업,2012-10-12 16:52:52,,2000-05-25,,서울특별시 서초구 서초동 1555번지 18  호,2000321007605600062,3210000,서울특별시 서초구 반포대로30길 48 (서초동),,01,영업/정상,,,
오성슈퍼,2002-06-26,199245.612982979,442948.46747473,,2026-05-06 22:45:41,I,,2,폐업처리,2008-02-21 00:00:00,,2002-06-12,,서울특별시 서초구 방배동 852번지 15호,2002321007605600034,3210000,서울특별시 서초구 방배로25길 12 (방배동),,03,폐업,,,
영마트,2022-05-12,201565.049278189,445281.757823715,2009년11월법개정전자료,2026-05-06 22:47:17,I,2009-08-19,2,폐업처리,2022-05-12 15:12:52,,2009-08-19,137-808,서울특별시 서초구 반포1동 703번지 5호 1층,2009321012205600100,3210000,"서울특별시 서초구 신반포로42길 12 (반포동,1층)",,03,폐업,,,
GS25 방배효령점,2017-08-10,199052.193690866,441831.105806626,제7조의3제2항에따른경우,2026-05-06 22:48:16,I,2013-11-22,2,폐업처리,2017-08-10 15:02:14,,2013-11-22,137-824,서울특별시 서초구 방배3동 537번지 10호 B1층,2013321012205600077,3210000,"서울특별시 서초구 효령로 50, B1층 (방배동)",,03,폐업,,,02-588-0843
인복슈퍼,,198552.242082702,442524.14359802,,2026-05-06 22:44:50,I,,3,직권취소,2008-02-21 00:00:00,2001-11-07,1998-10-26,,서울특별시 서초구 방배동 422번지 6호,1983321007605600010,3210000,서울특별시 서초구 방배천로24길 17 (방배동),,04,취소/말소/만료/정지/중지,,,
대한문구센타,2006-03-10,200961.285921939,444290.367052389,,2026-05-06 22:44:57,I,,2,폐업처리,2008-02-21 00:00:00,,1992-03-09,,서울특별시 서초구 반포동 51번지 12호,1992321007605609246,3210000,서울특별시 서초구 서초중앙로 215 (반포동),,03,폐업,,,
양재 할인마트(임춘실),2004-05-13,203496.74736379,442481.412148983,,2026-05-06 22:46:02,I,,2,폐업처리,2008-02-21 00:00:00,,2004-01-16,,서울특별시 서초구 양재동 2번지 18호,2004321007605600014,3210000,서울특별시 서초구 남부순환로358길 55 (양재동),,03,폐업,,,02-576-7868
씨유 서초오피스점,2016-09-19,201714.607943348,442380.190156585,제7조의3제2항에따른경우,2026-05-06 22:47:56,I,2011-07-19,2,폐업처리,2016-09-19 16:10:19,,2011-07-19,137-071,서울특별시 서초구 서초1동 1428번지 13호 1층,2011321012205600085,3210000,서울특별시 서초구 남부순환로333길 15-4 (서초동),,03,폐업,,,
그린마트,2014-09-01,201648.514021987,445084.627505619,2009년11월법개정전자료,2026-05-06 22:46:58,I,2005-12-15,2,폐업처리,2014-09-01 13:53:45,,2005-12-15,,서울특별시 서초구 반포동 716번지 16호,2005321007605600194,3210000,서울특별시 서초구 주흥길 59 (반포동),,03,폐업,,,
서초부동산,2001-11-12,201229.105262122,443500.99834207,,2026-05-06 22:44:49,I,,2,폐업처리,2008-02-21 00:00:00,,1998-10-23,,서울특별시 서초구 서초동 1673번지 1호,1978321007605600001,3210000,서울특별시 서초구 서초대로 302 (서초동),,03,폐업,,,
금만종합공사,,199325.701623361,442519.252403022,제7조의3제2항에따른경우,2026-05-06 22:48:11,I,2013-05-16,0,정상영업,2013-05-16 08:29:04,,2013-05-16,137-844,서울특별시 서초구 방배1동 934번지 29호   101호,2013321012205600032,3210000,"서울특별시 서초구 방배로19길 36-2, 1층 101호 (방배동)",,01,영업/정상,,,02-525-2523
한민수가마솥죽,2011-03-14,201341.265514725,442716.419738134,2009년11월법개정전자료,2026-05-06 22:47:13,I,2008-08-06,2,폐업처리,2011-03-14 16:22:03,,2008-08-06,137-071,서울특별시 서초구 서초동 1623번지 9호 지하1층,2008321012205600113,3210000,"서울특별시 서초구 서초중앙로8길 9 (서초동,지하1층)",,03,폐업,,,
훼미리마트 서초캐슬점,2008-02-28,202054.944426537,444385.527992329,2009년11월법개정전자료,2026-05-06 22:47:09,I,2007-08-08,2,폐업처리,2008-02-28 13:42:28,,2007-08-08,137-070,서울특별시 서초구 서초동 1309번지 5호 대원빌딩 1층,2007321010805600107,3210000,"서울특별시 서초구 서초대로73길 50 (서초동,대원빌딩 1층)",,03,폐업,,,
주영세탁,2016-06-08,202345.105478333,440743.388496514,제7조의3제2항에따른경우,2026-05-06 22:48:54,I,2016-06-02,2,폐업처리,2016-06-08 16:56:15,,2016-06-02,,서울특별시 서초구 우면동 8번지 4호,2016321015505600049,3210000,"서울특별시 서초구 바우뫼로6길 46, 1층 (우면동, 동우빌딩)",06763,03,폐업,,,02-571-6446
세븐일레븐방배8호점,2021-02-04,198653.00393214,443704.995689763,2009년11월법개정전자료,2026-05-06 22:45:29,I,2000-01-21,2,폐업처리,2021-02-04 16:01:14,,2000-01-21,,서울특별시 서초구 방배동 761번지 7   호,20003210076056방본1,3210000,서울특별시 서초구 방배중앙로 185 (방배동),,03,폐업,,,02-599-2210
엘지25시,2017-10-24,201038.268003936,442863.486446246,2009년11월법개정전자료,2026-05-06 22:45:00,I,1995-12-14,2,폐업처리,2017-10-24 18:00:16,,1995-12-14,,서울특별시 서초구 서초동 1580번지 6   호,1995321007605600098,3210000,서울특별시 서초구 사임당로 21 (서초동),,03,폐업,,,
해원문방구,,,,2009년11월법개정전자료,2026-05-06 22:44:50,I,1981-08-25,5,지정취소,2013-07-22 10:57:32,2013-02-05,1981-08-25,,서울특별시 서초구 반포동 187번지 1   호,1981321012205600024,3210000,,,04,취소/말소/만료/정지/중지,,,02-532-1912
지에스(GS) 25 잠원아이비점,2023-04-06,201390.331457478,445461.638939453,제7조의3제2항에따른경우,2026-05-06 22:49:21,I,2021-08-30,2,폐업처리,2023-04-06 14:13:38,,2021-08-30,,서울특별시 서초구 잠원동 44-1 우정빌딩,2021321019505600038,3210000,"서울특별시 서초구 신반포로41길 32, 우정빌딩 1층 (잠원동)",06529,03,폐업,,,
자이언트 바바 양재직영점,2016-09-13,203431.893916775,441830.851790542,제7조의3제2항에따른경우,2026-05-06 22:48:39,I,2015-01-12,2,폐업처리,2016-09-13 14:14:55,,2015-01-12,137-888,서울특별시 서초구 양재동 20번지 33호,2015321015505600005,3210000,"서울특별시 서초구 바우뫼로 179, 1층 101호 (양재동)",,03,폐업,,,
씨유 방배디오빌점,2016-08-11,198532.940717328,442650.053868097,2009년11월법개정전자료,2026-05-06 22:47:12,I,2008-07-21,2,폐업처리,2016-08-11 14:59:23,,2008-07-21,137-064,서울특별시 서초구 방배동 866번지 20호 방배디오빌상가 115호,2008321012205600100,3210000,"서울특별시 서초구 서초대로 17, 115호 (방배동, 방배디오빌상가)",,03,폐업,,,
(주)코리아세븐 서초하이빌점,2013-03-18,200667.104434599,443263.221961308,2009년11월법개정전자료,2026-05-06 22:47:14,I,2009-02-03,2,폐업처리,2013-03-18 15:02:44,,2009-02-03,137-070,서울특별시 서초구 서초동 1542번지 1호 동일하이빌 109호,2009321012205600016,3210000,"서울특별시 서초구 서초대로 240, 109호 (서초동, 동일하이빌)",,03,폐업,,,02-521-4480
두꺼비슈퍼,,200562.34405029,442181.94570643,제7조의3제2항에따른경우,2026-05-06 22:47:46,I,2010-12-31,3,직권취소,2013-08-19 21:03:23,2013-08-19,2010-12-31,137-869,서울특별시 서초구 서초3동 1487번지 61호 101호,2010321012205600145,3210000,"서울특별시 서초구 남부순환로315길 77-3 (서초동,101호)",,04,취소/말소/만료/정지/중지,,,
농협방배할인마트,2016-10-14,198606.95635628,441856.771005997,2009년11월법개정전자료,2026-05-06 22:45:30,I,2001-02-07,2,폐업처리,2016-10-14 17:18:26,,2001-02-07,,서울특별시 서초구 방배동 467번지 24  호,2001321007605600020,3210000,서울특별시 서초구 청두곶길 23 (방배동),,03,폐업,,,
지에스25 내곡플라자,2025-11-25,205231.176713429,439394.770401846,제7조의3제2항에따른경우,2026-05-06 22:49:27,I,2024-02-15,2,폐업처리,2025-11-25 09:45:30,,2024-02-15,,서울특별시 서초구 내곡동 378 내곡플라자,2024321019505600004,3210000,"서울특별시 서초구 헌릉로8길 9-8, 내곡플라자 102~103호 (내곡동)",06800,03,폐업,,,
GS25 S 매헌역점,2012-10-19,203309.736956384,440791.278769809,제7조의3제3항에따른경우,2026-05-06 22:47:58,I,2011-11-01,2,폐업처리,2012-10-19 14:32:09,,2011-11-01,137-893,서울특별시 서초구 양재2동 233번지 신분당선 양재시민의숲(매헌)역 B1-2호,2011321012205600124,3210000,,,03,폐업,,,
GS25 서초금호,2012-06-21,201490.930808264,443662.43962162,제7조의3제2항에따른경우,2026-05-06 22:47:51,I,2011-05-03,2,폐업처리,2012-06-21 11:16:29,,2011-05-03,137-882,서울특별시 서초구 서초4동 1689번지 1호 1층,2011321012205600043,3210000,"서울특별시 서초구 서초대로 331 (서초동,1층)",,03,폐업,,,
한신슈퍼마켓,2017-11-24,200628.43767533,445580.594039349,2009년11월법개정전자료,2026-05-06 22:45:13,I,1999-03-26,2,폐업처리,2017-11-24 11:32:22,,1999-03-26,,서울특별시 서초구 잠원동 65번지 32  호,199932100760560잠49,3210000,,,03,폐업,,,02-537-0625
방배슈퍼,2002-01-09,198787.758021915,442700.289375269,,2026-05-06 22:45:33,I,,2,폐업처리,2008-02-21 00:00:00,,2001-04-23,,서울특별시 서초구 방배동 867번지 8호,2001321007605600075,3210000,서울특별시 서초구 서초대로7길 9 (방배동),,03,폐업,,,34776750
우리농축산물판매장,2007-09-03,199769.13043823,444033.567493388,2009년11월법개정전자료,2026-05-06 22:45:58,I,2003-10-08,2,폐업처리,2007-09-03 16:14:13,,2003-10-08,,서울특별시 서초구 반포동 95번지 4호,2003321007605600160,3210000,서울특별시 서초구 서래로 39 (반포동),,03,폐업,,,
우성슈퍼,2019-11-18,198389.022273532,441358.650490197,2009년11월법개정전자료,2026-05-06 22:45:35,I,2001-06-22,2,폐업처리,2019-11-18 18:29:58,,2001-06-22,,서울특별시 서초구 방배동 2525호 우성상가지하16호,2001321007605600119,3210000,,,03,폐업,,,
아이지에이마트 대성1호점,2009-10-07,199313.947739737,441359.988805397,2009년11월법개정전자료,2026-05-06 22:47:16,I,2009-06-15,2,폐업처리,2009-10-07 14:30:00,,2009-06-15,137-822,서울특별시 서초구 방배3동 488번지 3호,2009321012205600066,3210000,서울특별시 서초구 남부순환로295길 8 (방배동),,03,폐업,,,
(주)코리아세븐 반포서래마을점,,199296.134997582,443950.236796833,제7조의3제2항에따른경우,2026-05-06 22:49:24,I,2023-03-31,0,정상영업,2023-03-31 11:15:58,,2023-03-31,,서울특별시 서초구 반포동 612-55,2023321019505600020,3210000,"서울특별시 서초구 서래로5길 96, 1층 (반포동)",06575,01,영업/정상,,,1577-0711
교통카드,2012-02-03,201899.912376006,445099.036388609,제7조의3제2항에따른경우,2026-05-06 22:47:21,I,2009-12-29,2,폐업처리,2012-02-03 12:55:53,,2009-12-29,137-809,서울특별시 서초구 반포1동 723번지 13호 가로판매대,2009321012205600167,3210000,"서울특별시 서초구 강남대로 517 (반포동,가로판매대)",,03,폐업,,,
건영사,2007-04-04,198861.691629097,441615.622510379,,2026-05-06 22:46:08,I,,2,폐업처리,2008-02-21 00:00:00,,2004-05-13,,서울특별시 서초구 방배동 476번지 38호,2004321007605600088,3210000,서울특별시 서초구 남부순환로287길 26 (방배동),,03,폐업,,,
복권천국,2005-05-02,199203.963236019,442796.220072608,,2026-05-06 22:45:49,I,,2,폐업처리,2008-02-21 00:00:00,,2002-11-04,,서울특별시 서초구 방배동 872번지 4호,2002321007605600183,3210000,서울특별시 서초구 서초대로 87 (방배동),,03,폐업,,,
우성그린마트,2019-07-05,202570.833134395,441646.594354282,2009년11월법개정전자료,2026-05-06 22:45:42,I,2002-05-21,2,폐업처리,2019-07-05 15:41:28,,2002-05-21,,서울특별시 서초구 양재동 153호 성보프라자1층,2002321007605600070,3210000,"서울특별시 서초구 바우뫼로 91 (양재동,성보프라자1층)",,03,폐업,,,
영신슈퍼,2010-04-13,198815.365647457,442234.838662118,2009년11월법개정전자료,2026-05-06 22:46:48,I,2005-01-06,2,폐업처리,2010-04-13 13:04:59,,2005-01-06,,서울특별시 서초구 방배동 970번지 19호,2005321007605600002,3210000,서울특별시 서초구 도구로 63 (방배동),,03,폐업,,,
베스트올,2007-08-06,201796.954582592,445368.284306742,2009년11월법개정전자료,2026-05-06 22:46:02,I,2004-01-26,2,폐업처리,2007-08-06 16:52:19,,2004-01-26,,서울특별시 서초구 반포동 706번지 10호,2004321007605600017,3210000,서울특별시 서초구 강남대로 545-4 (반포동),,03,폐업,,,02-547-7135
친환경슈퍼마켓,2008-08-26,198520.208416444,441893.817230299,2009년11월법개정전자료,2026-05-06 22:47:11,I,2008-04-25,2,폐업처리,2008-08-26 13:44:02,,2008-04-25,137-062,서울특별시 서초구 방배동 467번지 1호,2008321012205600051,3210000,서울특별시 서초구 방배천로2안길 50 (방배동),,03,폐업,,,
코리아슈퍼문구,2011-01-31,202623.297219041,443154.964346798,2009년11월법개정전자료,2026-05-06 22:45:32,I,2001-03-24,2,폐업처리,2011-01-31 17:10:57,,2001-03-24,,서울특별시 서초구 서초동 1338번지 21  호,2001321007605600058,3210000,서울특별시 서초구 강남대로 309 (서초동),,03,폐업,,,34873657
평화상사,,201024.481364815,445492.334204608,제7조의3제3항에따른경우,2026-05-06 22:48:40,I,2015-01-29,5,지정취소,2025-05-15 16:21:10,,2015-01-29,137-907,서울특별시 서초구 잠원동 60번지 3호,2015321015505600020,3210000,"서울특별시 서초구 잠원로4길 54, 지하층 25호 (잠원동, 매일종합상가)",,04,취소/말소/만료/정지/중지,,,02-593-6688
세븐일레븐 양재구룡점,,204158.349624217,441292.453930502,제7조의3제2항에따른경우,2026-05-06 22:48:48,I,2015-10-19,0,정상영업,2015-10-19 14:20:49,,2015-10-19,,서울특별시 서초구 양재동 287번지 5호,2015321015505600116,3210000,"서울특별시 서초구 논현로11길 10, 1층 (양재동, 재성빌딩)",06782,01,영업/정상,,,
5163부대후생관,2010-03-17,,,2009년11월법개정전자료,2026-05-06 22:45:01,I,1996-01-20,2,폐업처리,2010-03-17 11:09:59,,1996-01-20,,서울특별시 서초구 내곡동 산13호,199632100760560내20,3210000,,,03,폐업,,,
(주)엘에스씨푸드,2015-01-28,202406.470363348,442611.972829952,제7조의3제3항에따른경우,2026-05-06 22:47:47,I,2011-01-18,2,폐업처리,2015-01-29 09:34:23,,2011-01-18,137-862,서울특별시 서초구 서초2동 1355번지 한전아트센터 1층,2011321012205600007,3210000,"서울특별시 서초구 효령로72길 60 (서초동,한전아트센터 1층)",,03,폐업,,,32961094
내방식품,2007-01-16,199197.706849598,443089.529236716,,2026-05-06 22:45:27,I,,2,폐업처리,2008-02-21 00:00:00,,2000-11-01,,서울특별시 서초구 방배동 836번지 9호,2000321007605600159,3210000,서울특별시 서초구 방배로27길 6 (방배동),,03,폐업,,,
덕산마트,,203082.511286922,441484.645147107,,2026-05-06 22:46:48,I,,3,직권취소,2008-02-21 00:00:00,,2004-12-16,,서울특별시 서초구 양재동 114호 덕산빌딩 1층 101호,2004321007605600223,3210000,"서울특별시 서초구 강남대로25길 59 (양재동,덕산빌딩 1층 101호)",,04,취소/말소/만료/정지/중지,,,02-576-3319
(주)지에스리테일 GS25 방배서래점,2011-05-26,199238.058555507,443453.070279827,제7조의3제2항에따른경우,2026-05-06 22:47:31,I,2010-05-04,2,폐업처리,2011-05-26 14:56:55,,2010-05-04,137-831,서울특별시 서초구 방배4동 807번지 2호 부운빌딩 1층,2010321012205600047,3210000,"서울특별시 서초구 동광로 88 (방배동,부운빌딩 1층)",,03,폐업,,,
마포돼지삼겹살,2008-09-24,203164.284778622,442323.818400629,2009년11월법개정전자료,2026-05-06 22:47:13,I,2008-09-18,2,폐업처리,2008-09-24 13:52:56,,2008-09-18,137-131,서울특별시 서초구 양재동 13번지 14호 1층,2008321012205600132,3210000,"서울특별시 서초구 남부순환로350길 40 (양재동,1층)",,03,폐업,,,
GS25 서초팰리스점,2009-12-30,,,2009년11월법개정전자료,2026-05-06 22:47:10,I,2008-01-15,2,폐업처리,2009-12-30 14:30:27,,2008-01-15,137-070,"서울특별시 서초구 서초동 1344-13,14 지하1층 상가7호",2008321012205600004,3210000,,,03,폐업,,,
다복매점,2003-08-23,203815.668827003,441633.343952614,,2026-05-06 22:45:27,I,,2,폐업처리,2008-02-21 00:00:00,,2000-10-24,,서울특별시 서초구 양재동 275번지 4호,2000321007605600153,3210000,서울특별시 서초구 마방로10길 15 (양재동),,03,폐업,,,
지에스(GS)25서초여신점,2025-10-01,202427.025843099,443561.16260823,제7조의3제2항에따른경우,2026-05-06 22:47:16,I,2009-06-04,2,폐업처리,2025-10-01 11:16:20,,2009-06-04,137-858,서울특별시 서초구 서초2동 1330번지 20호 강남애니타워 103호,2009321012205600062,3210000,"서울특별시 서초구 강남대로53길 7, 103호 (서초동, 강남애니타워)",,03,폐업,,,02-585-4901
해태유통잠원점,2001-07-13,200126.805375737,445334.308692995,,2026-05-06 22:44:59,I,,2,폐업처리,2008-02-21 00:00:00,,1994-08-19,,서울특별시 서초구 잠원동 73호 잠원상가지하,1994321007605600078,3210000,"서울특별시 서초구 신반포로23길 41 (잠원동,잠원상가지하)",,03,폐업,,,
GS25 반포행운점,2023-02-06,201835.320788679,444685.477149529,제7조의3제2항에따른경우,2026-05-06 22:48:54,I,2016-07-19,2,폐업처리,2023-02-06 11:10:58,,2016-07-19,,서울특별시 서초구 반포동 740번지 17호 1층,2016321015505600064,3210000,"서울특별시 서초구 강남대로79길 48, 1층 (반포동)",06542,03,폐업,,,
미니스톱 서초역점,2008-04-03,200734.993726251,442882.199974285,2009년11월법개정전자료,2026-05-06 22:46:58,I,2005-12-21,2,폐업처리,2008-04-03 16:28:53,,2005-12-21,,서울특별시 서초구 서초동 1538번지 9호,2005321007605600195,3210000,서울특별시 서초구 반포대로 89 (서초동),,03,폐업,,,
하얀집,2009-10-27,203702.312859573,440555.042221183,2009년11월법개정전자료,2026-05-06 22:47:14,I,2008-12-19,2,폐업처리,2009-10-27 14:27:39,,2008-12-19,137-132,서울특별시 서초구 양재동 351번지 10호,2008321012205600170,3210000,서울특별시 서초구 강남대로6길 24 (양재동),,03,폐업,,,02-2057-2305
가로판매점,2020-08-05,201899.912376006,445099.036388609,제7조의3제2항에따른경우,2026-05-06 22:47:59,I,2012-02-20,2,폐업처리,2020-08-05 10:48:13,,2012-02-20,,서울특별시 서초구 반포동 723번지 13호 형제빌딩,2012321012205600023,3210000,서울특별시 서초구 강남대로 517 (반포동),06536,03,폐업,,,
홍성마트,2006-04-26,201624.527918858,445816.60469444,,2026-05-06 22:46:29,I,,2,폐업처리,2008-02-21 00:00:00,,2004-07-20,,서울특별시 서초구 잠원동 27번지 1호 1층,2004321007605600138,3210000,"서울특별시 서초구 강남대로97길 9 (잠원동,1층)",,03,폐업,,,
이마트에브리데이 양재역점,,203342.695983882,442297.080663687,2009년11월법개정전자료,2026-05-06 22:45:09,I,1998-11-16,0,정상영업,2026-03-10 10:09:27,,1998-11-16,,서울특별시 서초구 양재동 9호,19983210076056양162,3210000,서울특별시 서초구 남부순환로356길 49 (양재동),,01,영업/정상,,,02-529-1400
훼미리마트서초상운,2003-06-04,,,,2026-05-06 22:45:04,I,,2,폐업처리,2008-02-21 00:00:00,,1998-11-11,,서울특별시 서초구 서초동 1488번지 7호 서진상가1층,1998321007605600052,3210000,,,03,폐업,,,
(주)지에스리테일 지에스25 서초현대점,2009-06-23,201082.733009014,442599.516095211,2009년11월법개정전자료,2026-05-06 22:47:13,I,2008-10-30,2,폐업처리,2009-06-23 16:57:47,,2008-10-30,137-073,"서울특별시 서초구 서초동 1589번지 7호 현대전원오피스텔 1층 101, 102호",2008321012205600150,3210000,"서울특별시 서초구 반포대로14길 36 (서초동,현대전원오피스텔 1층 101, 102호)",,03,폐업,,,02-597-0980
롯데식당,,201383.30193718,446439.134713956,2009년11월법개정전자료,2026-05-06 22:45:32,I,2001-03-09,3,직권취소,2007-10-08 15:25:09,2007-10-04,2001-03-09,,서울특별시 서초구 잠원동 50번지,2001321007605600046,3210000,서울특별시 서초구 잠원로14길 3 (잠원동),,04,취소/말소/만료/정지/중지,,,031-709-4784
국제하이퍼,2006-02-07,,,,2026-05-06 22:45:27,I,,2,폐업처리,2008-02-21 00:00:00,,2000-10-18,,서울특별시 서초구 서초동 1445호 국제전자빌딩 B 15,2000321007605600148,3210000,,,03,폐업,,,34651031
미도마트,2020-05-04,200706.565400409,444349.181060423,제7조의3제2항에따른경우,2026-05-06 22:48:41,I,2015-04-09,2,폐업처리,2020-05-04 10:24:30,,2015-04-09,137-769,서울특별시 서초구 반포동 60번지 4호,2015321015505600036,3210000,"서울특별시 서초구 서초중앙로29길 지하 28, 지1층 18,19호 (반포동, 반포미도상가)",,03,폐업,,,02-535-8752
승수미니스토아,2007-05-07,203660.944842968,442232.521222181,,2026-05-06 22:45:32,I,,2,폐업처리,2008-02-21 00:00:00,,2001-03-08,,서울특별시 서초구 양재동 3번지 18호,2001321007605600045,3210000,서울특별시 서초구 바우뫼로43길 18 (양재동),,03,폐업,,,
(주)바이더웨이양재중앙점,2006-11-01,203562.10366417,442091.579951425,,2026-05-06 22:45:49,I,,2,폐업처리,2008-02-21 00:00:00,,2002-10-26,,서울특별시 서초구 양재동 19번지 13호,2002321007605600177,3210000,서울특별시 서초구 논현로31길 44 (양재동),,03,폐업,,,02-2671-8411
신도약국,2013-02-26,,,2009년11월법개정전자료,2026-05-06 22:44:55,I,1990-11-19,2,폐업처리,2013-02-26 13:45:42,,1990-11-19,,서울특별시 서초구 서초동 34번지 1   호 삼호상가 133,199032100760560서41,3210000,,,03,폐업,,,02-3481-1079
가로판매대,,203064.660745241,442385.644757291,2009년11월법개정전자료,2026-05-06 22:47:15,I,2009-04-17,0,정상영업,2009-04-17 13:01:34,,2009-04-17,137-888,서울특별시 서초구 양재1동 13번지 1호 앞,2009321012205600048,3210000,"서울특별시 서초구 강남대로 220 (양재동,앞)",,01,영업/정상,,,
LG25방배우성점,2004-06-12,198389.022273532,441358.650490197,,2026-05-06 22:45:50,I,,2,폐업처리,2008-02-21 00:00:00,,2002-12-31,,서울특별시 서초구 방배동 2525호 방배우성상가 1층,2002321007605600205,3210000,,,03,폐업,,,
구산타워5층매점,2007-08-31,198399.608674928,442515.768041937,2009년11월법개정전자료,2026-05-06 22:46:59,I,2006-02-20,2,폐업처리,2007-08-31 13:58:24,,2006-02-20,,서울특별시 서초구 방배동 3250호 구산타워5층매점,2006321007605600018,3210000,"서울특별시 서초구 방배천로 91 (방배동,구산타워5층매점)",,03,폐업,,,
가로가판점60-49호,,202524.096001449,443449.99298641,,2026-05-06 22:45:37,I,,0,정상영업,2008-02-21 00:00:00,,2001-09-18,,서울특별시 서초구 서초동 1329번지 8   호,2001321007605600173,3210000,서울특별시 서초구 강남대로 341 (서초동),,01,영업/정상,,,34712562
이마트24서초위브점,,202814.547442793,442662.268719493,제7조의3제2항에따른경우,2026-05-06 22:49:05,I,2018-11-29,0,정상영업,2018-11-30 11:30:36,,2018-11-29,,서울특별시 서초구 서초동 1362번지 서초동두산위브,2018321018405600038,3210000,"서울특별시 서초구 강남대로39길 5, 1층 107-2호 (서초동, 서초동두산위브)",06735,01,영업/정상,,,
GS25 잠원강남,2014-01-14,201522.560007556,445851.288045136,제7조의3제2항에따른경우,2026-05-06 22:48:09,I,2013-02-26,2,폐업처리,2014-01-14 15:07:19,,2013-02-26,,,2013321012205600015,3210000,"서울특별시 서초구 강남대로99길 27, 1층 (잠원동)",,03,폐업,,,
씨유 서초석탑점,2017-11-08,201162.55241589,442589.558473708,제7조의3제2항에따른경우,2026-05-06 22:47:56,I,2011-08-04,2,폐업처리,2017-11-08 15:42:16,,2011-08-04,137-876,서울특별시 서초구 서초3동 1588번지 7호 석탑오피스텔 110호~113호,2011321012205600090,3210000,"서울특별시 서초구 효령로53길 18 (서초동, 석탑오피스텔 110호~113호)",,03,폐업,,,
강남부동산,2005-06-10,202071.043928261,444356.623366891,,2026-05-06 22:46:16,I,,2,폐업처리,2008-02-21 00:00:00,,2004-06-18,,서울특별시 서초구 서초동 1308호 삼미빌딩1층116호,2004321007605600113,3210000,"서울특별시 서초구 강남대로69길 11 (서초동,삼미빌딩1층116호)",,03,폐업,,,
지에스25(GS25) 잠원아이비점,2024-03-15,201390.331457478,445461.638939453,제7조의3제2항에따른경우,2026-05-06 22:49:25,I,2023-04-25,2,폐업처리,2024-03-15 13:33:48,,2023-04-25,,서울특별시 서초구 잠원동 44-1 우정빌딩,2023321019505600026,3210000,"서울특별시 서초구 신반포로41길 32, 1층 (잠원동)",06529,03,폐업,,,
(주)바이더웨이 서초양재점,2014-04-22,204091.110243462,441375.931314063,제7조의3제2항에따른경우,2026-05-06 22:47:50,I,2011-03-08,2,폐업처리,2014-04-22 17:06:14,,2011-03-08,137-895,서울특별시 서초구 양재2동 285번지 3호 1층,2011321012205600025,3210000,"서울특별시 서초구 논현로11길 6-23 (양재동,1층)",,03,폐업,,,26711188
GS25서초코날점,2021-06-03,202580.12152321,442504.857274177,제7조의3제2항에따른경우,2026-05-06 22:48:09,I,2013-02-12,2,폐업처리,2021-06-03 09:32:49,,2013-02-12,,서울특별시 서초구 서초동 1364번지 11호 코날빌딩,2013321012205600011,3210000,"서울특별시 서초구 서운로 6, 1층 102호 (서초동)",06734,03,폐업,,,
훼미리마트 서초유앤아이점,2008-09-05,202014.206600227,444556.487126756,2009년11월법개정전자료,2026-05-06 22:47:09,I,2007-09-18,2,폐업처리,2008-09-05 14:31:10,,2007-09-18,137-070,서울특별시 서초구 서초동 1303번지 10호 한일유앤아이 상가 116,2007321010805600127,3210000,"서울특별시 서초구 사평대로56길 7 (서초동,한일유앤아이 상가 116)",,03,폐업,,,
GS25방배홈타운점,2011-08-31,198539.123953821,443301.997702229,제7조의3제2항에따른경우,2026-05-06 22:47:46,I,2010-12-29,2,폐업처리,2011-08-31 10:30:25,,2010-12-29,137-830,서울특별시 서초구 방배본동 787번지 1호 1층,2010321012205600141,3210000,"서울특별시 서초구 동광로3길 21 (방배동,1층)",,03,폐업,,,
(주)바이더웨이 내방행복점,2009-02-27,199436.880914374,442886.69436844,2009년11월법개정전자료,2026-05-06 22:47:13,I,2008-09-30,2,폐업처리,2009-02-27 16:45:47,,2008-09-30,137-064,서울특별시 서초구 방배동 876번지 21호,2008321012205600138,3210000,서울특별시 서초구 서초대로 111 (방배동),,03,폐업,,,
메르시,2022-05-13,200848.164103274,443179.038775911,제7조의3제2항에따른경우,2026-05-06 22:48:54,I,2016-07-19,2,폐업처리,2022-05-13 14:58:24,,2016-07-19,,서울특별시 서초구 서초동 1550번지 11호 센트라빌딩,2016321015505600063,3210000,"서울특별시 서초구 서초대로46길 38, 1층 (서초동, 센트라빌딩)",06648,03,폐업,,,
우리식품,2003-07-28,201341.265514725,442716.419738134,,2026-05-06 22:45:44,I,,2,폐업처리,2008-02-21 00:00:00,,2002-07-23,,서울특별시 서초구 서초동 1623번지 9호,2002321007605600125,3210000,서울특별시 서초구 서초중앙로8길 9 (서초동),,03,폐업,,,
방일야채,2001-11-06,199606.455922018,442638.823304723,,2026-05-06 22:45:19,I,,2,폐업처리,2008-02-21 00:00:00,,2000-03-21,,서울특별시 서초구 방배동 902번지 28호,2000321007605600019,3210000,서울특별시 서초구 방배로18길 23-11 (방배동),,03,폐업,,,02-3471-6441
대성슈퍼,2002-10-02,198953.824333736,442938.639556478,,2026-05-06 22:45:02,I,,2,폐업처리,2008-02-21 00:00:00,,1997-10-30,,서울특별시 서초구 방배동 857번지 42호,1997321007605600042,3210000,서울특별시 서초구 서초대로15길 47 (방배동),,03,폐업,,,
사법연수원,,,,,2026-05-06 22:45:15,I,,3,직권취소,2008-02-21 00:00:00,2007-10-04,1999-01-19,,서울특별시 서초구 서초동 1700번지 1   호,19993210076056서312,3210000,,,04,취소/말소/만료/정지/중지,,,02-530-2824
광일문기,2023-11-06,201505.867572503,442604.471763741,2009년11월법개정전자료,2026-05-06 22:47:17,I,2009-07-30,2,폐업처리,2023-11-06 12:00:40,,2009-07-30,137-877,서울특별시 서초구 서초1동 1603번지 69호 부속12동상가 101호,2009321012205600087,3210000,"서울특별시 서초구 효령로 307, 101호 (서초동,부속12동상가)",,03,폐업,,,02-583-1466
(주)보광훼미리마트 서초유앤아이점,2009-08-13,202014.206600227,444556.487126756,2009년11월법개정전자료,2026-05-06 22:47:13,I,2008-09-23,2,폐업처리,2009-08-13 14:19:52,,2008-09-23,137-074,서울특별시 서초구 서초동 1303번지 10호 한일유앤아이상가 116호,2008321012205600135,3210000,"서울특별시 서초구 사평대로56길 7 (서초동,한일유앤아이상가 116호)",,03,폐업,,,
마트사랑,2009-10-09,199113.670383055,442996.490349791,2009년11월법개정전자료,2026-05-06 22:47:13,I,2008-11-27,2,폐업처리,2009-10-09 16:58:22,,2008-11-27,137-064,"서울특별시 서초구 방배동 854번지 24호 ,25호 1층",2008321012205600163,3210000,"서울특별시 서초구 동광로18길 60 (방배동,,25호 1층)",,03,폐업,,,02-537-1082
지에스(GS)25 S9구반포역점,2023-07-06,198709.424984305,444381.011606431,제7조의3제3항에따른경우,2026-05-06 22:49:22,I,2022-04-13,2,폐업처리,2023-07-06 14:19:45,,2022-04-13,,서울특별시 서초구 반포동 817 구반포역,2022321019505600011,3210000,"서울특별시 서초구 신반포로 지하17, 구반포역 (반포동)",06501,03,폐업,,,
선식품,2012-07-27,201000.906638181,443064.902843626,2009년11월법개정전자료,2026-05-06 22:45:08,I,1998-05-13,2,폐업처리,2012-07-27 18:01:54,,1998-05-13,,서울특별시 서초구 서초동 1561번지 3   호,19983210076056서141,3210000,서울특별시 서초구 사임당로1길 57 (서초동),,03,폐업,,,02-583-9871
지에스(GS)25 방배아트힐점,,200382.677670522,441721.278243893,제7조의3제2항에따른경우,2026-05-06 22:49:04,I,2018-09-18,0,정상영업,2018-09-18 09:03:45,,2018-09-18,,서울특별시 서초구 방배동 1008번지 2호 래미안방배아트힐 상가동 103호,2018321018405600028,3210000,"서울특별시 서초구 남부순환로 2311-12, 상가동 1층 103호 (방배동, 래미안방배아트힐)",06714,01,영업/정상,,,
지에스25 방배내방점,,199560.518796905,442865.174132956,제7조의3제2항에따른경우,2026-05-06 22:49:28,I,2024-10-02,0,정상영업,2024-11-22 15:00:26,,2024-10-02,,서울특별시 서초구 방배동 895-16 효찬빌딩,2024321019505600050,3210000,"서울특별시 서초구 서초대로 122, 효찬빌딩 1층 (방배동)",06664,01,영업/정상,,,
화일식품,2002-05-22,201343.798737649,442938.460990116,,2026-05-06 22:45:00,I,,2,폐업처리,2008-02-21 00:00:00,,1999-05-17,,서울특별시 서초구 서초동 1626번지 1호,1995321007605600020,3210000,서울특별시 서초구 사임당로10길 1 (서초동),,03,폐업,,,
지에스(GS)25 S9신반포역점,2021-04-23,199651.963765033,444612.778032093,제7조의3제3항에따른경우,2026-05-06 22:49:08,I,2019-09-17,2,폐업처리,2021-04-23 10:09:57,,2019-09-17,,서울특별시 서초구 반포동 128번지 1호 신반포역,2019321018405600041,3210000,"서울특별시 서초구 신반포로 지하 105, 신반포역 (반포동)",06504,03,폐업,,,
이마트24 서초승리점,2023-02-09,202459.370530969,443476.657703851,제7조의3제2항에따른경우,2026-05-06 22:49:19,I,2021-04-21,2,폐업처리,2023-02-09 11:20:04,,2021-04-21,,서울특별시 서초구 서초동 1330-14 송림빌딩,2021321019505600012,3210000,"서울특별시 서초구 서초대로78길 48, 송림빌딩 102호 (서초동)",06626,03,폐업,,,
비비커피샌드위치,2011-01-20,201087.396087854,443535.15055587,2009년11월법개정전자료,2026-05-06 22:47:18,I,2009-10-29,2,폐업처리,2011-01-20 11:11:14,,2009-10-29,137-885,서울특별시 서초구 서초3동 1715번지 4호 1층,2009321012205600142,3210000,"서울특별시 서초구 서초대로 289 (서초동,1층)",,03,폐업,2010-05-12,2010-06-11,02-533-3042
그린식품,,200873.213267717,442041.073031724,2009년11월법개정전자료,2026-05-06 22:45:49,I,2002-11-04,5,지정취소,2024-02-20 10:43:13,2024-02-20,2002-11-04,,서울특별시 서초구 서초동 1473번지 8   호,2002321007605600182,3210000,서울특별시 서초구 남부순환로317길 18-5 (서초동),,04,취소/말소/만료/정지/중지,,,34748289
아름다운마트,2019-10-14,203791.295879652,441327.580679655,제7조의3제2항에따른경우,2026-05-06 22:47:38,I,2010-08-10,2,폐업처리,2019-10-14 10:43:29,,2010-08-10,137-894,서울특별시 서초구 양재2동 265번지 17호 1층,2010321012205600092,3210000,"서울특별시 서초구 언남길 59 (양재동,1층)",,03,폐업,,,
그린약국,2002-12-03,202310.237266626,442849.568744266,,2026-05-06 22:45:11,I,,2,폐업처리,2008-02-21 00:00:00,,1999-10-06,,서울특별시 서초구 서초동 1342호,1999321007605600069,3210000,서울특별시 서초구 효령로 394 (서초동),,03,폐업,,,
주식회사 제이케이스퀘어 교대역점,2014-08-11,201136.231801352,443651.537438838,제7조의3제2항에따른경우,2026-05-06 22:48:22,I,2014-03-03,2,폐업처리,2014-08-11 16:35:24,,2014-03-03,137-883,서울특별시 서초구 서초동 1694번지 10호,2014321012205600018,3210000,서울특별시 서초구 서초중앙로 지하 148 (서초동),,03,폐업,,,
미니스톱 서초우신점,2014-09-30,202163.802234786,444420.91400537,제7조의3제2항에따른경우,2026-05-06 22:47:47,I,2011-01-20,2,폐업처리,2014-09-30 17:44:02,,2011-01-20,137-855,서울특별시 서초구 서초4동 1304번지 5호 우신빌딩 102호,2011321012205600008,3210000,"서울특별시 서초구 강남대로 445 (서초동,우신빌딩 102호)",,03,폐업,,,
지에스25 에스매헌역점,2013-12-06,203309.736956384,440791.278769809,제7조의3제3항에따른경우,2026-05-06 22:48:06,I,2012-11-05,2,폐업처리,2013-12-06 14:55:21,,2012-11-05,137-130,서울특별시 서초구 양재동 233번지 매헌역내 매장 2호,2012321012205600106,3210000,,,03,폐업,,,
고려식품,2006-09-22,199356.032509102,442668.072357731,,2026-05-06 22:44:49,I,,2,폐업처리,2008-02-21 00:00:00,,1977-09-01,,서울특별시 서초구 방배동 935번지 3호,19773210076056방120,3210000,서울특별시 서초구 방배로23길 13 (방배동),,03,폐업,,,02-583-0539
CU 서초클래식점,2024-02-21,201033.209038769,442119.546873602,제7조의3제2항에따른경우,2026-05-06 22:49:02,I,2017-11-29,2,폐업처리,2024-02-21 14:26:05,,2017-11-29,,서울특별시 서초구 서초동 1463번지 18호,2017321015505600270,3210000,"서울특별시 서초구 반포대로 7, 1층 (서초동)",06711,03,폐업,,,
GS25 방배제일점,,199427.02505238,442540.946286849,제7조의3제2항에따른경우,2026-05-06 22:47:51,I,2011-05-18,0,정상영업,2011-05-18 17:38:01,,2011-05-18,137-843,서울특별시 서초구 방배1동 926번지 5호,2011321012205600051,3210000,서울특별시 서초구 방배로19길 13 (방배동),,01,영업/정상,,,
행복마트,2018-04-30,198861.691629097,441615.622510379,2009년11월법개정전자료,2026-05-06 22:47:10,I,2008-03-14,2,폐업처리,2018-05-10 17:36:33,,2008-03-14,137-063,서울특별시 서초구 방배동 476번지 38호 제이에스빌 1층,2008321012205600029,3210000,"서울특별시 서초구 남부순환로287길 26 (방배동,제이에스빌 1층)",,03,폐업,,,
씨유 방배롯데캐슬,2013-03-07,198518.59038847,443800.116284627,제7조의3제2항에따른경우,2026-05-06 22:47:51,I,2011-05-09,2,폐업처리,2013-03-07 14:12:33,,2011-05-09,137-828,서울특별시 서초구 방배본동 763번지 1호 102호,2011321012205600044,3210000,"서울특별시 서초구 방배중앙로29길 25, 102호 (방배동)",,03,폐업,,,
남강빌딩 매점,2007-09-12,202703.720954632,443000.01820438,2009년11월법개정전자료,2026-05-06 22:47:08,I,2007-06-19,2,폐업처리,2007-09-12 13:57:35,,2007-06-19,,서울특별시 서초구 서초동 1340번지 6   호 남강빌딩 지하1층,2007321010805600084,3210000,"서울특별시 서초구 강남대로 291 (서초동,남강빌딩 지하1층)",,03,폐업,,,02-3415-2100
연경매점,2003-01-28,203853.910379812,440405.05864823,,2026-05-06 22:45:40,I,,2,폐업처리,2008-02-21 00:00:00,,2002-01-12,,서울특별시 서초구 염곡동 300번지 11호 도로교통안전관리공단(내) 구내매점,2002321007605600008,3210000,"서울특별시 서초구 양재대로 242 (염곡동,도로교통안전관리공단(내) 구내매점)",,03,폐업,,,34982097
여명기획인쇄,2009-11-20,201895.876288106,444586.145759409,2009년11월법개정전자료,2026-05-06 22:47:13,I,2008-10-14,2,폐업처리,2009-11-20 11:11:00,,2008-10-14,137-074,서울특별시 서초구 서초동 1302번지 23호 대경빌딩 106호,2008321012205600144,3210000,"서울특별시 서초구 사평대로52길 1, 106호 (서초동,대경빌딩)",,03,폐업,,,02-572-1220
거산슈퍼,2002-09-27,200606.009435765,442017.133455062,,2026-05-06 22:45:04,I,,2,폐업처리,2008-02-21 00:00:00,,1998-10-31,,서울특별시 서초구 서초동 1467번지 65호,1998321007605600062,3210000,서울특별시 서초구 명달로4길 32 (서초동),,03,폐업,,,34626616
바이더웨이 방배대림점,2015-11-20,199634.68907156,442406.461256188,2009년11월법개정전자료,2026-05-06 22:47:16,I,2009-06-30,2,폐업처리,2015-11-20 11:21:23,,2009-06-30,137-842,서울특별시 서초구 방배1동 907번지 7호 1층,2009321012205600070,3210000,"서울특별시 서초구 효령로33길 59 (방배동,1층)",,03,폐업,,,
자연과사람들,2005-07-08,200731.713426038,442318.996005455,,2026-05-06 22:46:50,I,,2,폐업처리,2008-02-21 00:00:00,,2005-02-25,,서울특별시 서초구 서초동 1485번지 19호,2005321007605600029,3210000,서울특별시 서초구 반포대로9길 46 (서초동),,03,폐업,,,
세븐일레븐 서초바로세움점,,202111.924804655,444427.636068272,제7조의3제2항에따른경우,2026-05-06 22:47:51,I,2011-05-03,0,정상영업,2011-05-03 14:31:05,,2011-05-03,137-856,서울특별시 서초구 서초4동 1309번지 9호 1층 102호,2011321012205600042,3210000,"서울특별시 서초구 서초대로77길 55 (서초동,1층 102호)",,01,영업/정상,,,
삼양슈퍼,2022-01-27,198894.158788973,444582.929318909,2009년11월법개정전자료,2026-05-06 22:45:58,I,2003-10-30,2,폐업처리,2022-01-27 11:17:45,,2003-10-30,,서울특별시 서초구 반포동 809번지 반포상가1블럭 19-1호,2003321007605600176,3210000,"서울특별시 서초구 신반포로 45, 19-1호 (반포동, 반포아파트)",06502,03,폐업,,,
유경슈퍼,2003-08-30,202710.537401632,442503.420867542,,2026-05-06 22:45:38,I,,2,폐업처리,2008-02-21 00:00:00,,2001-10-15,,서울특별시 서초구 서초동 1365번지 10호,2001321007605600193,3210000,서울특별시 서초구 남부순환로 2567 (서초동),,03,폐업,,,
황금공인중개사사무소,,204964.487244211,438491.712309438,제7조의3제2항에따른경우,2026-05-06 22:48:39,I,2015-01-08,5,지정취소,2020-05-28 17:43:06,2020-05-28,2015-01-08,,서울특별시 서초구 신원동 266번지 서초포레스타7단지,2015321015505600003,3210000,"서울특별시 서초구 청계산로11길 7-12, 102호 (신원동, 서초포레스타7단지)",06802,04,취소/말소/만료/정지/중지,,,
리치공인중개사사무소,2019-02-22,201523.203563325,442995.810741654,제7조의3제2항에따른경우,2026-05-06 22:47:59,I,2012-02-07,2,폐업처리,2019-02-22 13:40:04,,2012-02-07,,서울특별시 서초구 서초동 1628번지 20호 삼광빌딩,2012321012205600017,3210000,"서울특별시 서초구 사임당로 74, 1층 (서초동)",06641,03,폐업,,,34626767
미니스톱메리어트점,2002-07-26,200514.002958761,444644.771176041,,2026-05-06 22:45:24,I,,2,폐업처리,2008-02-21 00:00:00,,2000-08-02,,서울특별시 서초구 반포동 118번지 3호 센트럴시티 B94-2,2000321007605600103,3210000,"서울특별시 서초구 사평대로 205 (반포동,센트럴시티 B94-2)",,03,폐업,,,62822404
신흥슈퍼,2003-07-26,201112.252261862,443386.327358469,,2026-05-06 22:45:52,I,,2,폐업처리,2008-02-21 00:00:00,,2003-03-19,,서울특별시 서초구 서초동 1574번지 11호 우진빌딩101호,2003321007605600049,3210000,"서울특별시 서초구 반포대로30길 90 (서초동,우진빌딩101호)",,03,폐업,,,
위드미 서초중앙점,2010-06-08,201493.614232555,442372.299422909,2009년11월법개정전자료,2026-05-06 22:47:02,I,2006-05-24,2,폐업처리,2010-06-08 10:18:21,,2006-05-24,,서울특별시 서초구 서초동 1445번지 14호 더샾서초 102동 101호,2006321007605600055,3210000,,,03,폐업,,,
강남할인마트 양재점,2011-02-01,204106.051432322,441216.131468236,2009년11월법개정전자료,2026-05-06 22:47:09,I,2007-10-10,2,폐업처리,2011-02-01 17:54:38,,2007-10-10,137-130,서울특별시 서초구 양재동 290번지 4호 백산빌딩 1층,2007321012205600134,3210000,"서울특별시 서초구 동산로19길 5 (양재동,백산빌딩 1층)",,03,폐업,,,
미니스톱서초역점,2005-12-08,200734.993726251,442882.199974285,,2026-05-06 22:46:00,I,,2,폐업처리,2008-02-21 00:00:00,,2003-12-12,,서울특별시 서초구 서초동 1538번지 9호 1층,2003321007605600220,3210000,"서울특별시 서초구 반포대로 89 (서초동,1층)",,03,폐업,,,21039500
씨유 서초염곡점,2023-05-10,204552.570221049,439986.942772461,제7조의3제2항에따른경우,2026-05-06 22:48:12,I,2013-05-28,2,폐업처리,2023-05-10 12:48:00,,2013-05-28,137-170,서울특별시 서초구 염곡동 106번지 7호 1층,2013321012205600035,3210000,"서울특별시 서초구 염곡말길 19, 1층 (염곡동)",,03,폐업,,,
GS25 양재구룡점,2010-12-06,204256.069226149,441106.036357691,제7조의3제2항에따른경우,2026-05-06 22:47:19,I,2009-11-30,2,폐업처리,2010-12-06 12:09:49,,2009-11-30,137-899,서울특별시 서초구 양재2동 395번지 6호 1층,2009321012205600154,3210000,"서울특별시 서초구 논현로5길 18 (양재동,1층)",,03,폐업,,,
(주)코리아세븐 국립중앙도서관점,2023-06-22,200229.951772899,443909.523667116,제7조의3제2항에따른경우,2026-05-06 22:49:20,I,2021-05-20,2,폐업처리,2023-06-22 14:55:58,,2021-05-20,,서울특별시 서초구 반포동 산 60-1 국립중앙도서관,2021321019505600019,3210000,"서울특별시 서초구 반포대로 201, 국립중앙도서관 사서연수관 1층 (반포동)",06579,03,폐업,,,
행복한세상,2002-07-19,198731.044660898,442849.391058745,,2026-05-06 22:45:33,I,,2,폐업처리,2008-02-21 00:00:00,,2001-05-10,,서울특별시 서초구 방배동 828번지 32호,2001321007605600091,3210000,서울특별시 서초구 방배중앙로15길 36 (방배동),,03,폐업,,,
중앙부동산,2004-10-02,200785.091503092,442752.41815167,,2026-05-06 22:46:39,I,,2,폐업처리,2008-02-21 00:00:00,,2004-09-13,,서울특별시 서초구 서초동 1537번지 6호,2004321007605600170,3210000,서울특별시 서초구 반포대로 75 (서초동),,03,폐업,,,
씨유서초신사점,2019-04-29,200834.255782545,442949.353412005,제7조의3제2항에따른경우,2026-05-06 22:48:14,I,2013-08-30,2,폐업처리,2019-04-29 10:57:23,,2013-08-30,137-872,서울특별시 서초구 서초3동 1547번지 5호   101호,2013321012205600060,3210000,"서울특별시 서초구 반포대로22길 14-4, 101호 (서초동)",,03,폐업,,,
이마트에브리데이 우면점,,202151.207983366,440152.039102831,제7조의3제3항에따른경우,2026-05-06 22:49:28,I,2024-07-26,0,정상영업,2024-11-22 14:44:05,,2024-07-26,,서울특별시 서초구 우면동 728 황금빌딩,2024321019505600040,3210000,"서울특별시 서초구 태봉로 60, 황금빌딩 1층 (우면동)",06764,01,영업/정상,,,02-577-0100
현대식품,2012-03-05,203608.225587569,442389.071879097,2009년11월법개정전자료,2026-05-06 22:45:09,I,1998-10-23,2,폐업처리,2012-03-05 17:19:50,,1998-10-23,,서울특별시 서초구 양재동 3번지 6   호,19983210076056양180,3210000,서울특별시 서초구 논현로 157-6 (양재동),,03,폐업,,,02-574-9046
코끼리슈퍼,2015-07-23,203496.569382828,441101.722668397,2009년11월법개정전자료,2026-05-06 22:47:03,I,2006-06-09,2,폐업처리,2015-07-23 09:30:08,,2006-06-09,,서울특별시 서초구 양재동 244번지 6호,2006321007605600066,3210000,서울특별시 서초구 강남대로18길 25 (양재동),,03,폐업,,,
지에스(GS25)서초포레스타점,2022-10-05,205145.303454593,439181.825257587,제7조의3제2항에따른경우,2026-05-06 22:49:08,I,2019-09-24,2,폐업처리,2022-10-05 15:22:40,,2019-09-24,,서울특별시 서초구 신원동 408번지 서초포레스타3단지,2019321018405600044,3210000,"서울특별시 서초구 헌릉로8길 22, 103호 (신원동, 서초포레스타3단지)",06798,03,폐업,,,
(주)한드림이십사 반포공원1호점,2009-10-05,200081.011802296,445654.355815342,2009년11월법개정전자료,2026-05-06 22:47:16,I,2009-05-07,2,폐업처리,2009-10-05 14:35:01,,2009-05-07,137-030,서울특별시 서초구 잠원동 122번지 1호,2009321012205600052,3210000,,,03,폐업,,,02-6403-7731
은봉상회,2018-04-02,198414.811048893,441794.353073883,2009년11월법개정전자료,2026-05-06 22:45:50,I,2003-01-10,2,폐업처리,2018-04-02 11:13:00,,2003-01-10,,서울특별시 서초구 방배동 452번지 6   호,2003321007605600006,3210000,서울특별시 서초구 방배천로4길 1 (방배동),,03,폐업,2017-04-01,2017-04-30,
로그인마트 사평점,2016-07-06,201835.320788679,444685.477149529,제7조의3제2항에따른경우,2026-05-06 22:48:22,I,2014-02-27,2,폐업처리,2016-07-06 14:00:26,,2014-02-27,137-810,서울특별시 서초구 반포동 740번지 17호,2014321012205600017,3210000,서울특별시 서초구 강남대로79길 48 (반포동),,03,폐업,,,
미니스톱센트럴3점,2002-05-16,200250.447804795,444683.220506107,,2026-05-06 22:45:41,I,,2,폐업처리,2008-02-21 00:00:00,,2002-04-03,,서울특별시 서초구 반포동 19번지 3호 B-305호,2002321007605600041,3210000,"서울특별시 서초구 신반포로 176 (반포동,B-305호)",,03,폐업,,,62072207
해피타임 24시,2015-11-11,201666.252436555,444628.212304727,제7조의3제2항에따른경우,2026-05-06 22:48:31,I,2014-09-30,2,폐업처리,2015-11-12 12:51:33,,2014-09-30,137-041,서울특별시 서초구 반포동 742번지 6호,2014321012205600080,3210000,"서울특별시 서초구 주흥1길 22, 1층 (반포동)",,03,폐업,,,
GS25 방배 고려점,2017-10-11,198824.369992673,443011.4715961,제7조의3제2항에따른경우,2026-05-06 22:48:20,I,2014-02-04,2,폐업처리,2017-10-11 13:19:31,,2014-02-04,137-834,서울특별시 서초구 방배동 830번지 3호 101호,2014321012205600014,3210000,"서울특별시 서초구 방배천로 160, 1층 101호 (방배동)",,03,폐업,,,
(주)이씨엠디 서울지하철공사,,199382.417965651,442736.540746171,2009년11월법개정전자료,2026-05-06 22:45:51,I,2003-01-20,5,지정취소,2017-11-28 14:59:36,2017-11-28,2003-01-20,,서울특별시 서초구 방배동 936번지 10  호,2003321007605600016,3210000,서울특별시 서초구 방배로 147 (방배동),,04,취소/말소/만료/정지/중지,,,
탑농산물할인마트,2006-09-25,198854.077799476,442883.635793886,,2026-05-06 22:47:00,I,,2,폐업처리,2008-02-21 00:00:00,,2006-04-13,,서울특별시 서초구 방배동 858번지 1호,2006321007605600037,3210000,서울특별시 서초구 방배천로34길 27 (방배동),,03,폐업,,,34772955
지에스25 서초삼성타운점,,202210.515558775,443837.761530409,제7조의3제3항에따른경우,2026-05-06 22:49:24,I,2022-11-25,0,정상영업,2022-11-25 16:14:38,,2022-11-25,,서울특별시 서초구 서초동 1321-15 삼성생명서초타워,2022321019505600042,3210000,"서울특별시 서초구 서초대로74길 4, 삼성생명서초타워 B1층 (서초동)",06620,01,영업/정상,,,
영진슈퍼,2004-01-28,202465.22421124,443462.352227891,,2026-05-06 22:45:11,I,,2,폐업처리,2008-02-21 00:00:00,,1999-07-24,,서울특별시 서초구 서초동 1330번지 13호,1999321007605600055,3210000,서울특별시 서초구 서초대로78길 50 (서초동),,03,폐업,,,
지에스25 서초역점,,200656.82063895,443087.924351739,제7조의3제2항에따른경우,2026-05-06 22:49:29,I,2025-04-10,0,정상영업,2025-04-11 10:43:40,,2025-04-10,,서울특별시 서초구 서초동 1540-11 보광빌딩,2025321019505600013,3210000,"서울특별시 서초구 반포대로 111, 보광빌딩 1층 (서초동)",06656,01,영업/정상,,,
훼미리마트삼풍중앙점,2003-06-26,200631.07028638,442878.594903411,,2026-05-06 22:45:31,I,,2,폐업처리,2008-02-21 00:00:00,,2001-02-23,,서울특별시 서초구 서초동 1509번지 1호,2001321007605600037,3210000,서울특별시 서초구 서초대로40길 72 (서초동),,03,폐업,,,
한신마트,2019-04-18,200628.43767533,445580.594039349,제7조의3제2항에따른경우,2026-05-06 22:49:02,I,2017-11-14,2,폐업처리,2019-04-18 12:33:24,,2017-11-14,,서울특별시 서초구 잠원동 65번지 32호 한신빌딩,2017321015505600263,3210000,"서울특별시 서초구 잠원로 94, 지하1층 (잠원동, 한신빌딩)",06520,03,폐업,,,
GS25방배서래점,2019-07-12,199238.058555507,443453.070279827,제7조의3제2항에따른경우,2026-05-06 22:48:45,I,2015-09-03,2,폐업처리,2019-07-12 17:22:14,,2015-09-03,,서울특별시 서초구 방배동 807번지 2호,2015321015505600094,3210000,"서울특별시 서초구 동광로 88, 1층 101호 (방배동, 부운빌딩)",06585,03,폐업,,,
(주)현송대한무역투자진흥공사점,,203881.968015816,440338.979311081,제7조의3제3항에따른경우,2026-05-06 22:49:27,I,2024-07-16,0,정상영업,2024-11-22 14:26:25,,2024-07-16,,서울특별시 서초구 염곡동 300-9 대한무역투자진흥공사(코트라),2024321019505600030,3210000,"서울특별시 서초구 헌릉로 13, 대한무역투자진흥공사(코트라) 지하1층 (염곡동)",06792,01,영업/정상,,,031-8016-0032
염곡슈퍼,2015-04-24,204592.821818717,440034.07317171,2009년11월법개정전자료,2026-05-06 22:45:01,I,1996-04-10,2,폐업처리,2015-04-24 09:39:35,,1996-04-10,,서울특별시 서초구 염곡동 124번지 3   호,199632100760560내21,3210000,서울특별시 서초구 염곡말길 25 (염곡동),,03,폐업,,,02-572-3391
비르빌매점,2004-10-07,202369.159275137,443601.224582709,,2026-05-06 22:45:11,I,,2,폐업처리,2008-02-21 00:00:00,,1999-06-03,,서울특별시 서초구 서초동 1327번지 33호,1999321007605600045,3210000,서울특별시 서초구 서초대로74길 33 (서초동),,03,폐업,,,
지하식품,2015-04-23,200367.588604211,444873.437818732,제7조의3제3항에따른경우,2026-05-06 22:48:12,I,2013-06-17,2,폐업처리,2015-04-23 16:24:38,,2013-06-17,137-044,서울특별시 서초구 반포4동 128번지 4호 강남터미널지하쇼핑몰 G17호,2013321012205600042,3210000,"서울특별시 서초구 신반포로 지하 200, G17호 (반포동, 강남터미널지하쇼핑몰)",,03,폐업,,,02-545-6281
동원상회,2017-02-14,199299.997690232,442165.404369247,2009년11월법개정전자료,2026-05-06 22:44:51,I,1983-05-12,2,폐업처리,2017-02-14 15:15:15,,1983-05-12,,서울특별시 서초구 방배동 918번지 1   호,19833210076056방117,3210000,서울특별시 서초구 방배중앙로 18 (방배동),,03,폐업,,,02-584-2587
지에스25 잠원개나리점,2020-02-25,200643.268518597,446312.955196265,제7조의3제2항에따른경우,2026-05-06 22:49:01,I,2017-05-31,2,폐업처리,2020-02-25 15:32:35,,2017-05-31,,서울특별시 서초구 잠원동 121번지 9호,2017321015505600230,3210000,,,03,폐업,,,
씨앤디마트 강남역점,2010-10-11,202059.397382668,443969.750562859,제7조의3제2항에따른경우,2026-05-06 22:47:19,I,2009-11-18,2,폐업처리,2010-10-11 09:18:16,,2009-11-18,137-856,서울특별시 서초구 서초4동 1316번지 3호 성원빌딩  102호,2009321012205600150,3210000,"서울특별시 서초구 서운로 162, 102호 (서초동,성원빌딩)",,03,폐업,,,
한화호텔앤드리조트 (주)대검찰청점,2019-12-31,200351.965571084,443490.358949882,제7조의3제3항에따른경우,2026-05-06 22:48:51,I,2016-03-04,2,폐업처리,2019-12-31 15:28:11,,2016-03-04,,서울특별시 서초구 서초동 1730번지 1호,2016321015505600016,3210000,"서울특별시 서초구 반포대로 157, 부속건물 2층 (서초동, 대검찰청)",06590,03,폐업,,,02-3480-2667
씨유 서초방배로점,,199197.96726261,443239.653970188,제7조의3제2항에따른경우,2026-05-06 22:48:47,I,2015-10-16,3,직권취소,2023-05-04 15:19:45,2023-05-04,2015-10-16,,서울특별시 서초구 방배동 811번지 16호,2015321015505600113,3210000,"서울특별시 서초구 방배로 200, 101호 (방배동)",06585,04,취소/말소/만료/정지/중지,,,
바이더웨이 신사2점,2004-02-18,201453.155875725,445881.581774331,,2026-05-06 22:45:13,I,,2,폐업처리,2008-02-21 00:00:00,,1999-05-13,,서울특별시 서초구 잠원동 18번지 18호,1999321007605699-41,3210000,서울특별시 서초구 나루터로 66 (잠원동),,03,폐업,,,21647414
(주)오피스디포코리아 교대점,2009-05-12,201094.337058042,442884.74443174,2009년11월법개정전자료,2026-05-06 22:47:09,I,2007-07-24,2,폐업처리,2009-05-12 10:11:51,,2007-07-24,137-070,서울특별시 서초구 서초동 1579번지 6호 평환빌딩 1층,2007321010805600099,3210000,"서울특별시 서초구 사임당로 27 (서초동,평환빌딩 1층)",,03,폐업,,,02-586-0083
스마일슈퍼,2003-04-29,201470.074559353,445449.96270865,,2026-05-06 22:45:05,I,,2,폐업처리,2008-02-21 00:00:00,,1998-10-19,,서울특별시 서초구 잠원동 44번지 21호 1층,1998321007605600068,3210000,"서울특별시 서초구 신반포로43길 23-4 (잠원동,1층)",,03,폐업,,,
(주)축협유통,2004-08-04,199473.803725689,442563.055458356,,2026-05-06 22:45:13,I,,2,폐업처리,2008-02-21 00:00:00,,1999-12-15,,서울특별시 서초구 방배동 925번지 3호,1999321007605699-80,3210000,서울특별시 서초구 방배로 127 (방배동),,03,폐업,,,
신영마트,2004-07-12,203560.122147153,441893.756690421,,2026-05-06 22:45:48,I,,2,폐업처리,2008-02-21 00:00:00,,2002-10-14,,서울특별시 서초구 양재동 82번지 13호,2002321007605600167,3210000,서울특별시 서초구 논현로27길 58 (양재동),,03,폐업,,,
신세기마트,2011-05-23,198791.828233967,443667.105204328,2009년11월법개정전자료,2026-05-06 22:47:14,I,2009-01-05,2,폐업처리,2011-05-23 09:59:02,,2009-01-05,137-069,서울특별시 서초구 방배동 770번지 1호 외4필지 1층,2009321012205600001,3210000,"서울특별시 서초구 방배로43길 21 (방배동,외4필지 1층)",,03,폐업,,,
GS25 방배청두점,2018-01-08,198625.088894022,442018.530552481,제7조의3제2항에따른경우,2026-05-06 22:48:50,I,2015-12-23,2,폐업처리,2018-01-08 15:14:04,,2015-12-23,,서울특별시 서초구 방배동 464번지 31호 1층,2015321015505600145,3210000,"서울특별시 서초구 청두곶길 41, 1층 (방배동, 대륙빌딩)",06691,03,폐업,,,02-522-7260
보람마트,2003-04-01,199075.558310181,443139.681087749,,2026-05-06 22:45:01,I,,2,폐업처리,2008-02-21 00:00:00,,1996-09-11,,서울특별시 서초구 방배동 835번지 1호,1996321007605600099,3210000,서울특별시 서초구 동광로18길 31 (방배동),,03,폐업,,,
양재역가판점,2023-04-25,203064.01566184,442479.415843246,2009년11월법개정전자료,2026-05-06 22:44:56,I,1990-02-27,2,폐업처리,2023-04-25 15:06:23,,1990-02-27,,서울특별시 서초구 양재동 11번지 1   호,19903210076056양132,3210000,서울특별시 서초구 남부순환로 2604 (양재동),,03,폐업,,,02-575-5927
럭키슈퍼,2007-04-24,202503.871647418,443326.129565179,,2026-05-06 22:47:06,I,,2,폐업처리,2008-02-21 00:00:00,,2007-02-12,,"서울특별시 서초구 서초동 1337번지 14호 ,15 이즈타워 115호",2007321010805600019,3210000,"서울특별시 서초구 사임당로 178 (서초동,,15 이즈타워 115호)",,03,폐업,,,
GS25양재현대점,2011-05-17,203515.938526942,441983.705306441,2009년11월법개정전자료,2026-05-06 22:47:15,I,2009-05-01,2,폐업처리,2011-05-17 10:34:13,,2009-05-01,137-886,서울특별시 서초구 양재1동 5번지 8호 1층,2009321012205600051,3210000,"서울특별시 서초구 논현로31길 63 (양재동,1층)",,03,폐업,,,02-579-7602
(주)코리아세븐 서초포레스타점,2024-10-10,205145.303454593,439181.825257587,제7조의3제2항에따른경우,2026-05-06 22:49:26,I,2023-11-17,2,폐업처리,2024-10-10 15:24:10,,2023-11-17,,서울특별시 서초구 신원동 568 서초포레스타3단지,2023321019505600060,3210000,"서울특별시 서초구 헌릉로8길 22, 상가동 1층 103호 (신원동, 서초포레스타3단지)",06798,03,폐업,,,1577-0711
씨유 교대법원점,2012-09-28,201151.260061328,443595.943549419,2009년11월법개정전자료,2026-05-06 22:47:18,I,2009-10-16,2,폐업처리,2012-09-28 15:28:08,,2009-10-16,137-883,서울특별시 서초구 서초4동 1694번지 25호   B102호,2009321012205600135,3210000,"서울특별시 서초구 서초중앙로 142 (서초동, B102호)",,03,폐업,,,
한신로얄식품,2018-02-05,200753.638703338,445706.12537466,2009년11월법개정전자료,2026-05-06 22:44:58,I,1993-01-08,2,폐업처리,2018-02-05 11:05:15,,1993-01-08,,서울특별시 서초구 잠원동 63번지 34호,1993321007605600081,3210000,,,03,폐업,,,02-532-3572
GS25 방배내방점,,199366.933399675,443149.915155087,2009년11월법개정전자료,2026-05-06 22:46:59,I,2005-12-05,5,지정취소,2019-11-19 17:57:15,2019-11-20,2005-12-05,,서울특별시 서초구 방배동 87번지 73호,2005321007605691049,3210000,서울특별시 서초구 서초대로27길 56 (방배동),,04,취소/말소/만료/정지/중지,,,
풍년슈퍼,,201896.79543602,442443.044169434,2009년11월법개정전자료,2026-05-06 22:44:56,I,1991-04-10,5,지정취소,2018-07-25 19:32:20,2018-07-10,1991-04-10,,서울특별시 서초구 서초동 1432번지 24  호,1991321007605600023,3210000,서울특별시 서초구 남부순환로339길 25 (서초동),,04,취소/말소/만료/정지/중지,,,
원타임,2012-01-11,203650.674371643,442301.22830936,제7조의3제2항에따른경우,2026-05-06 22:47:35,I,2010-07-02,2,폐업처리,2012-01-11 17:27:33,,2010-07-02,137-886,서울특별시 서초구 양재1동 3번지 14호 도곡이스타빌B102호,2010321012205600078,3210000,"서울특별시 서초구 논현로 151 (양재동,도곡이스타빌B102호)",,03,폐업,,,
씨유 양재오피스점,,203208.513564924,441571.047589012,제7조의3제2항에따른경우,2026-05-06 22:49:29,I,2024-12-04,0,정상영업,2024-12-04 18:01:11,,2024-12-04,,서울특별시 서초구 양재동 110-18,2024321019505600061,3210000,"서울특별시 서초구 양재천로17길 26, 1층 (양재동)",06753,01,영업/정상,,,
지에스25(GS25) 서초포레점,,205329.561120927,439241.118196373,제7조의3제2항에따른경우,2026-05-06 22:49:25,I,2023-05-09,0,정상영업,2023-05-09 14:06:40,,2023-05-09,,서울특별시 서초구 내곡동 384 서초포레스타2단지,2023321019505600029,3210000,"서울특별시 서초구 헌릉로8길 45, 상가동 1층 105호,106호 (내곡동, 서초포레스타2단지)",06800,01,영업/정상,,,
씨유 삼풍중앙점,,201196.372595517,443842.273375452,2009년11월법개정전자료,2026-05-06 22:45:55,I,2003-07-03,0,정상영업,2012-07-20 18:26:52,,2003-07-03,,서울특별시 서초구 서초동 1697번지 1   호,2003321007605600112,3210000,서울특별시 서초구 서초중앙로28길 10 (서초동),,01,영업/정상,,,
채널큐 우면주공점,,202072.94919822,440890.331828961,제7조의3제2항에따른경우,2026-05-06 22:46:59,I,2006-03-07,5,지정취소,2020-06-02 10:24:39,2020-06-02,2006-03-07,,서울특별시 서초구 우면동 63호 우면주공(아)상가101,2006321007605600021,3210000,"서울특별시 서초구 바우뫼로7길 11 (우면동,우면주공(아)상가101)",,04,취소/말소/만료/정지/중지,,,
지에스넥스테이션(주) 남서울주유소,2008-07-01,201602.463881297,445992.245772604,2009년11월법개정전자료,2026-05-06 22:47:10,I,2008-03-11,2,폐업처리,2008-07-01 16:27:37,,2008-03-11,137-030,서울특별시 서초구 잠원동 13번지 6호,2008321012205600022,3210000,서울특별시 서초구 나루터로 83 (잠원동),,03,폐업,,,02-2105-8821
GS25 방배고려점,,198824.369992673,443011.4715961,제7조의3제2항에따른경우,2026-05-06 22:49:01,I,2017-10-23,0,정상영업,2017-10-24 08:52:45,,2017-10-23,,서울특별시 서초구 방배동 830번지 3호,2017321015505600260,3210000,"서울특별시 서초구 방배천로 160, 1층 101호 (방배동, 고려빌딩)",06564,01,영업/정상,,,
남강빌딩 매점,2007-06-05,202703.720954632,443000.01820438,,2026-05-06 22:47:04,I,,2,폐업처리,2008-02-21 00:00:00,,2006-10-27,,"서울특별시 서초구 서초동 1340번지 6호 ,7,8 남강빌딩 지하1층",2006321010805600036,3210000,"서울특별시 서초구 강남대로 291 (서초동,,7,8 남강빌딩 지하1층)",,03,폐업,,,02-3415-2100
대우공인중개사,2006-07-14,202115.410729601,444034.039603754,,2026-05-06 22:46:04,I,,2,폐업처리,2008-02-21 00:00:00,,2004-02-24,,서울특별시 서초구 서초동 1316번지 17호,2004321007605600041,3210000,서울특별시 서초구 강남대로61길 19 (서초동),,03,폐업,,,34828955
서초슈퍼마켓,2013-12-20,201446.483320265,442736.127358219,2009년11월법개정전자료,2026-05-06 22:45:52,I,2003-03-10,2,폐업처리,2013-12-20 15:15:44,,2003-03-10,,서울특별시 서초구 서초동 1621번지 15  호 1층,2003321007605600045,3210000,"서울특별시 서초구 서초중앙로6길 31 (서초동,1층)",,03,폐업,,,
현대슈퍼,2021-04-15,204021.6,441316.29,제7조의3제2항에따른경우,2026-05-06 22:47:40,I,2010-10-06,2,폐업처리,2021-04-15 16:41:23,,2010-10-06,137-896,서울특별시 서초구 양재2동 300번지 1층,2010321012205600108,3210000,"서울특별시 서초구 동산로19길 35-1 (양재동,1층)",,03,폐업,,,
세븐일레븐 강남대승점,2020-03-02,202273.129089526,444106.32473027,제7조의3제2항에따른경우,2026-05-06 22:48:44,I,2015-08-04,2,폐업처리,2020-03-02 16:21:14,,2015-08-04,,서울특별시 서초구 서초동 1318번지 102호,2015321015505600080,3210000,"서울특별시 서초구 강남대로61길 3, 102호 (서초동, 대승빌딩)",06615,03,폐업,,,
서초경찰서 상조회(구내매점),2017-09-05,200402.433669711,443695.866339881,2009년11월법개정전자료,2026-05-06 22:47:18,I,2009-09-16,2,폐업처리,2017-09-05 14:35:58,,2009-09-16,137-705,서울특별시 서초구 서초3동 1726번지 1호 서울서초경찰서 구내매점,2009321012205600115,3210000,"서울특별시 서초구 반포대로 179 (서초동,서울서초경찰서 구내매점)",,03,폐업,,,02-533-4660
성우식품,2003-06-25,201803.380443919,442337.458957919,,2026-05-06 22:45:03,I,,2,폐업처리,2008-02-21 00:00:00,,1998-12-28,,서울특별시 서초구 서초동 1424번지 2호,1998321007605600005,3210000,서울특별시 서초구 남부순환로 2477 (서초동),,03,폐업,,,
림스치킨,2002-10-21,198845.657797775,443825.9650708,,2026-05-06 22:45:27,I,,2,폐업처리,2008-02-21 00:00:00,,2000-11-09,,서울특별시 서초구 방배동 758번지 2호 삼호상가 115호,2000321007605600164,3210000,"서울특별시 서초구 방배로 269 (방배동,삼호상가 115호)",,03,폐업,,,
지에스25 서초스타힐스점,,201529.037866706,439470.889363188,제7조의3제2항에따른경우,2026-05-06 22:49:27,I,2024-07-05,0,정상영업,2024-11-22 14:24:45,,2024-07-05,,"서울특별시 서초구 우면동 773 서초힐스 상가동 105,6호",2024321019505600027,3210000,"서울특별시 서초구 양재대로2길 90, 상가동 105~106호 (우면동, 서초힐스)",06767,01,영업/정상,,,
(주)넷소프트서초지사,,202710.537401632,442503.420867542,2009년11월법개정전자료,2026-05-06 22:45:22,I,2000-06-05,3,직권취소,2011-05-18 13:09:49,2011-05-13,2000-06-05,,서울특별시 서초구 서초동 1365번지 10호,2000321007605600070,3210000,서울특별시 서초구 남부순환로 2567 (서초동),,04,취소/말소/만료/정지/중지,,,
세븐일레븐방배13호점,2004-08-25,198854.077799476,442883.635793886,,2026-05-06 22:45:31,I,,2,폐업처리,2008-02-21 00:00:00,,2001-02-16,,서울특별시 서초구 방배동 858번지 1호,2001321007605600031,3210000,서울특별시 서초구 방배천로34길 27 (방배동),,03,폐업,,,21275801
굿타임24 서초점,2013-12-20,201213.927033328,442658.693997006,2009년11월법개정전자료,2026-05-06 22:47:03,I,2006-08-16,2,폐업처리,2013-12-20 13:52:35,,2006-08-16,,서울특별시 서초구 서초동 1601번지 1   호 1층 104호,2006321010805600006,3210000,"서울특별시 서초구 효령로55길 28 (서초동,1층 104호)",,03,폐업,,,02521300
지에스(GS)25 강남센타점,,202058.674687128,444618.16731522,제7조의3제3항에따른경우,2026-05-06 22:49:23,I,2022-06-16,0,정상영업,2022-06-17 15:42:42,,2022-06-16,,서울특별시 서초구 서초동 1303-22 교보생명보험(주) 서초사옥,2022321019505600018,3210000,"서울특별시 서초구 강남대로 465, 교보생명보험(주) 서초사옥 (서초동)",06611,01,영업/정상,,,
GS25 서초진흥점,2014-12-03,202059.397382668,443969.750562859,제7조의3제2항에따른경우,2026-05-06 22:47:41,I,2010-10-29,2,폐업처리,2014-12-03 17:37:11,,2010-10-29,137-856,서울특별시 서초구 서초4동 1316번지 3호 성원빌딩 102,2010321012205600122,3210000,"서울특별시 서초구 서운로 162 (서초동,성원빌딩 102)",,03,폐업,,,
크린에이드 방배점,2016-02-25,199990.132103182,441709.213943398,제7조의3제2항에따른경우,2026-05-06 22:47:50,I,2011-04-01,2,폐업처리,2016-02-25 12:22:15,,2011-04-01,137-851,서울특별시 서초구 방배3동 1024번지 4호 덕산빌딩 102호,2011321012205600032,3210000,"서울특별시 서초구 방배로 28 (방배동,덕산빌딩 102호)",,03,폐업,,,
시가모아,,202427.025843099,443561.16260823,제7조의3제3항에따른경우,2026-05-06 22:49:00,I,2017-02-09,0,정상영업,2017-02-09 09:04:36,,2017-02-09,,서울특별시 서초구 서초동 1330번지 20호 강남애니타워 B105호,2017321015505600009,3210000,"서울특별시 서초구 강남대로53길 7, 지1층 B105호 (서초동, 강남애니타워)",06626,01,영업/정상,,,02-522-7910
만나분식,2001-09-17,200844.434391962,442221.229187478,,2026-05-06 22:44:56,I,,2,폐업처리,2008-02-21 00:00:00,,1998-10-26,,서울특별시 서초구 서초동 1482번지 10호,1991321007605600046,3210000,서울특별시 서초구 반포대로7길 32 (서초동),,03,폐업,,,
한솔마트,,199848.409437198,444956.349717008,2009년11월법개정전자료,2026-05-06 22:47:11,I,2008-05-01,5,지정취소,2019-03-08 09:18:34,,2008-05-01,137-042,서울특별시 서초구 반포동 1번지 8호 경남쇼핑센타 지하층 슈퍼마켓호,2008321012205600055,3210000,,,04,취소/말소/만료/정지/중지,,,02-594-0372
뉴강남부동산공인중개사사무소,2018-09-03,200726.902246622,445073.738988559,제7조의3제2항에따른경우,2026-05-06 22:49:01,I,2017-08-08,2,폐업처리,2018-09-03 11:10:43,,2017-08-08,,서울특별시 서초구 잠원동 68번지,2017321015505600250,3210000,"서울특별시 서초구 잠원로 36, 1층 (잠원동, 해돋는집)",06521,03,폐업,,,
한마음공동체 방배점,2023-03-31,198895.122278655,443442.43352296,제7조의3제2항에따른경우,2026-05-06 22:47:34,I,2010-06-10,2,폐업처리,2023-03-31 11:08:08,,2010-06-10,137-830,서울특별시 서초구 방배본동 794번지 15호 1층,2010321012205600069,3210000,"서울특별시 서초구 방배로37길 27 (방배동,1층)",,03,폐업,,,
서울법원종합청사 후생시설위원회,,200939.262819649,443867.172593905,제7조의3제3항에따른경우,2026-05-06 22:48:52,I,2016-03-22,0,정상영업,2016-03-23 10:58:25,,2016-03-22,,서울특별시 서초구 서초동 1701번지 1호,2016321015505600026,3210000,"서울특별시 서초구 서초중앙로 157 (서초동, 서울법원종합청사 1층 구내매점)",06594,01,영업/정상,,,02-530-2877
여주쌀상회,2001-07-20,,,,2026-05-06 22:44:53,I,,2,폐업처리,2008-02-21 00:00:00,,1989-03-21,,서울특별시 서초구 방배동 2650호,1989321007605600027,3210000,,,03,폐업,,,
(주)이마트에브리데이 남부터미널점,2024-07-04,201776.50244889,442610.131697178,제7조의3제2항에따른경우,2026-05-06 22:48:54,I,2016-07-15,2,폐업처리,2024-07-04 15:13:47,,2016-07-15,,서울특별시 서초구 서초동 1443-17 한진택배,2016321015505600061,3210000,"서울특별시 서초구 효령로68길 74, 한진택배 (서초동)",06721,03,폐업,,,
상신문화산업,,201137.110517568,442911.819287115,2009년11월법개정전자료,2026-05-06 22:47:11,I,2008-05-22,0,정상영업,2008-05-22 20:52:19,,2008-05-22,137-073,서울특별시 서초구 서초동 1579번지 9호 1층 1호,2008321012205600059,3210000,"서울특별시 서초구 사임당로 33 (서초동,1층 1호)",,01,영업/정상,,,02-585-8520
썬마트,2020-03-24,,,2009년11월법개정전자료,2026-05-06 22:46:51,I,2005-03-07,2,폐업처리,2020-03-24 15:37:35,,2005-03-07,,서울특별시 서초구 우면동 231번지 11호,2005321007605600032,3210000,,,03,폐업,,,
즐거운마트,2006-03-10,199052.193690866,441831.105806626,,2026-05-06 22:46:58,I,,2,폐업처리,2008-02-21 00:00:00,,2005-11-17,,서울특별시 서초구 방배동 537번지 10호 B01호,2005321007605600177,3210000,"서울특별시 서초구 효령로 50 (방배동,B01호)",,03,폐업,,,
서울의류,,,,,2026-05-06 22:47:02,I,,0,정상영업,2008-02-21 00:00:00,,2006-05-19,,서울특별시 서초구 방배동 874호 지하철내방역사지하1층,2006321007605600050,3210000,,,01,영업/정상,,,
현대상회,2022-10-25,201054.363548303,446247.719636035,2009년11월법개정전자료,2026-05-06 22:46:31,I,2004-08-06,2,폐업처리,2022-10-25 12:24:12,,2004-08-06,,서울특별시 서초구 잠원동 53호 현대상가 6호,2004321007605600153,3210000,,,03,폐업,,,
씨앤비 강남,2010-07-02,202374.665,443842.38,2009년11월법개정전자료,2026-05-06 22:46:39,I,2004-09-08,2,폐업처리,2010-07-02 13:59:41,,2004-09-08,,서울특별시 서초구 서초동 1319번지 11호 두산베어스텔 지하1층,2004321007605600167,3210000,"서울특별시 서초구 강남대로 381 (서초동,두산베어스텔 지하1층)",,03,폐업,,,
씨유 풍림플러스점,2024-11-29,202557.594794033,443135.423711097,2009년11월법개정전자료,2026-05-06 22:47:10,I,2007-11-28,2,폐업처리,2024-11-29 10:43:53,,2007-11-28,137-070,"서울특별시 서초구 서초동 1338번지 1호 풍림아이원플러스 1층 101, 102호",2007321012205600155,3210000,"서울특별시 서초구 효령로77길 14 (서초동, 풍림아이원플러스1층101,102호)",,03,폐업,,,02-532-2167
13月,,198640.460578057,443944.728069802,제7조의3제2항에따른경우,2026-05-06 22:47:28,I,2010-04-01,3,직권취소,2017-02-27 11:34:21,2017-02-27,2010-04-01,137-828,서울특별시 서초구 방배본동 751번지 4호 삼양빌딩 1층 103호,2010321012205600037,3210000,"서울특별시 서초구 방배중앙로 208, 103호 (방배동,삼양빌딩 1층)",,04,취소/말소/만료/정지/중지,,,02-534-2925
창원설비,2003-07-22,198625.088894022,442018.530552481,,2026-05-06 22:45:37,I,,2,폐업처리,2008-02-21 00:00:00,,2001-09-01,,서울특별시 서초구 방배동 464번지 31호,2001321007605600161,3210000,서울특별시 서초구 청두곶길 41 (방배동),,03,폐업,,,
풍년슈퍼,2005-07-28,201273.837643133,444491.749793958,,2026-05-06 22:45:41,I,,2,폐업처리,2008-02-21 00:00:00,,2002-05-01,,서울특별시 서초구 반포동 30번지 8호,2002321007605600058,3210000,서울특별시 서초구 고무래로 63 (반포동),,03,폐업,,,
온누리 공인중개사,,198653.105199585,442652.763562162,제7조의3제2항에따른경우,2026-05-06 22:48:40,I,2015-03-30,5,지정취소,2018-03-29 11:03:55,2018-03-29,2015-03-30,137-838,서울특별시 서초구 방배동 864번지 19호,2015321015505600032,3210000,"서울특별시 서초구 서초대로 29, 1층 103호 (방배동)",,04,취소/말소/만료/정지/중지,,,02-533-5303
미니슈퍼,2025-07-17,199448.513021585,444800.550772527,제7조의3제3항에따른경우,2026-05-06 22:49:13,I,2020-08-20,2,폐업처리,2025-07-17 16:53:41,,2020-08-20,,서울특별시 서초구 반포동 2-8 신반포상가,2020321018405600049,3210000,"서울특별시 서초구 신반포로15길 29, 신반포상가 1층 110호 (반포동)",06503,03,폐업,,,
전주식당,2017-01-16,202619.466325492,443038.616227532,2009년11월법개정전자료,2026-05-06 22:45:08,I,1998-10-29,2,폐업처리,2017-01-16 13:32:53,,1998-10-29,,서울특별시 서초구 서초동 1339번지 4   호,19983210076056서237,3210000,서울특별시 서초구 효령로 429 (서초동),,03,폐업,,,02-3473-7017
오피스테이션,2012-05-24,202478.1048837,443306.064904505,2009년11월법개정전자료,2026-05-06 22:45:33,I,2001-05-07,2,폐업처리,2012-05-24 15:15:32,,2001-05-07,,서울특별시 서초구 서초동 1337번지 2   호 B/108,2001321007605600083,3210000,"서울특별시 서초구 효령로77길 34 (서초동,B/108)",,03,폐업,,,62477800
씨유 양재강남점,,204057.974884412,441176.12601532,제7조의3제2항에따른경우,2026-05-06 22:48:11,I,2021-06-14,0,정상영업,2021-06-14 14:44:36,,2021-06-14,,서울특별시 서초구 양재동 290,2013321012205600029,3210000,서울특별시 서초구 동산로15길 6 (양재동),06781,01,영업/정상,,,
미니스톱신사역점,2005-04-25,201602.526853992,445912.16106061,,2026-05-06 22:45:41,I,,2,폐업처리,2008-02-21 00:00:00,,2002-04-19,,서울특별시 서초구 잠원동 20번지 8호,2002321007605600052,3210000,서울특별시 서초구 강남대로99길 10 (잠원동),,03,폐업,,,
동네슈퍼,2005-03-07,198787.701562761,442119.420431824,,2026-05-06 22:46:05,I,,2,폐업처리,2008-02-21 00:00:00,,2004-04-14,,서울특별시 서초구 방배동 459번지 10호,2004321007605600070,3210000,서울특별시 서초구 청두곶8길 42 (방배동),,03,폐업,,,
동일매점,2003-03-05,202201.773190028,444295.6648432,,2026-05-06 22:45:04,I,,2,폐업처리,2008-02-21 00:00:00,,1998-11-07,,서울특별시 서초구 서초동 1305번지 7호,1998321007605600044,3210000,서울특별시 서초구 강남대로 429 (서초동),,03,폐업,,,34815580
(주)아워홈이수화학서초점,2017-12-14,199371.371382654,443987.021242832,2009년11월법개정전자료,2026-05-06 22:45:59,I,2003-11-06,2,폐업처리,2017-12-14 17:05:08,,2003-11-06,,서울특별시 서초구 반포동 112번지 4호 (주)이수화학내,2003321007605600179,3210000,"서울특별시 서초구 사평대로 84 (반포동,(주)이수화학내)",,03,폐업,,,
로얄마트,2022-06-14,202487.353097929,443422.36773877,2009년11월법개정전자료,2026-05-06 22:45:14,I,1999-01-09,2,폐업처리,2022-06-14 17:07:06,,1999-01-09,,서울특별시 서초구 서초동 1330번지 11  호,19993210076056서217,3210000,서울특별시 서초구 서초대로78길 56 (서초동),,03,폐업,,,02-3473-8540
(주)제주교역 서초동직판장,,202018.974056954,443610.098656763,2009년11월법개정전자료,2026-05-06 22:46:02,I,2004-01-30,3,직권취소,2007-10-08 15:23:21,2007-10-04,2004-01-30,,서울특별시 서초구 서초동 1325번지,2004321007605600022,3210000,서울특별시 서초구 서초대로70길 19 (서초동),,04,취소/말소/만료/정지/중지,,,
씨유 교대법원점,,201151.260061328,443595.943549419,제7조의3제2항에따른경우,2026-05-06 22:48:28,I,2014-06-03,0,정상영업,2014-06-03 08:21:03,,2014-06-03,137-883,서울특별시 서초구 서초동 1694번지 25호,2014321012205600040,3210000,"서울특별시 서초구 서초중앙로 142, 102호 (서초동)",,01,영업/정상,,,
GS25서초영남점,2015-12-30,201434.03210615,443506.579876212,제7조의3제2항에따른경우,2026-05-06 22:48:06,I,2012-10-19,2,폐업처리,2015-12-30 11:12:54,,2012-10-19,137-881,서울특별시 서초구 서초1동 1670번지 15호   103호,2012321012205600099,3210000,"서울특별시 서초구 서초대로56길 18, 103호 (서초동)",,03,폐업,,,
우성슈퍼,,201270.012577683,442622.709265401,2009년11월법개정전자료,2026-05-06 22:47:03,I,2006-07-07,0,정상영업,2011-04-25 17:39:11,,2006-07-07,,서울특별시 서초구 서초동 1600번지 9호 우성쁘띠오피스텔1층6호,2006321007605600075,3210000,"서울특별시 서초구 서초중앙로5길 10-8 (서초동,우성쁘띠오피스텔1층6호)",,01,영업/정상,2011-01-18,2011-03-17,
반포11호점,2018-12-19,198754.470070447,443399.458795075,2009년11월법개정전자료,2026-05-06 22:45:09,I,1998-01-21,2,폐업처리,2018-12-19 14:22:54,,1998-01-21,137-060,서울특별시 서초구 방배동 777번지 21호,1998321010805600007,3210000,서울특별시 서초구 방배중앙로 154 (방배동),,03,폐업,,,02-3477-8504
LG25 방배효령점,2010-09-30,199017.112646014,441814.486017933,2009년11월법개정전자료,2026-05-06 22:46:09,I,2004-05-14,2,폐업처리,2010-09-30 13:53:12,,2004-05-14,,서울특별시 서초구 방배동 537번지 8호 대진빌딩,2004321007605600092,3210000,"서울특별시 서초구 효령로 46 (방배동,대진빌딩)",,03,폐업,,,
프레쉬마트,2015-04-02,201096.166530262,442769.552530239,제7조의3제2항에따른경우,2026-05-06 22:47:44,I,2010-12-14,2,폐업처리,2015-04-02 10:53:20,,2010-12-14,137-873,서울특별시 서초구 서초3동 1595번지 1호 정훈오피스텔 1층,2010321012205600136,3210000,"서울특별시 서초구 효령로53길 54 (서초동,정훈오피스텔 1층)",,03,폐업,,,
화훼문구,2005-03-03,203392.793460583,440676.379919661,,2026-05-06 22:44:56,I,,2,폐업처리,2008-02-21 00:00:00,,1991-07-15,,서울특별시 서초구 양재동 232호,1991321007605691-49,3210000,서울특별시 서초구 강남대로 27 (양재동),,03,폐업,,,
지에스25 서초삼풍점,2020-09-07,201235.615803746,443756.35264556,제7조의3제2항에따른경우,2026-05-06 22:47:57,I,2011-09-19,2,폐업처리,2020-09-07 13:21:08,,2011-09-19,137-883,서울특별시 서초구 서초4동 1697번지 14호 1층,2011321012205600106,3210000,"서울특별시 서초구 서초대로53길 20-4 (서초동,1층)",,03,폐업,,,
세븐일레븐서초18호점,2004-02-02,201279.501895302,442904.854377968,,2026-05-06 22:45:26,I,,2,폐업처리,2008-02-21 00:00:00,,2000-08-31,,서울특별시 서초구 서초동 1624번지 3호,2000321007605600130,3210000,서울특별시 서초구 사임당로8길 4 (서초동),,03,폐업,,,21275801
굿스터프,2008-08-27,200739.611805276,442060.567905176,2009년11월법개정전자료,2026-05-06 22:47:09,I,2007-09-18,2,폐업처리,2008-08-27 10:58:13,,2007-09-18,137-070,서울특별시 서초구 서초동 1466번지 1호 1층,2007321010805600125,3210000,"서울특별시 서초구 명달로4길 62 (서초동,1층)",,03,폐업,,,02-6082-7428
홍시스템,2024-09-30,200706.565400409,444349.181060423,2009년11월법개정전자료,2026-05-06 22:45:50,I,2002-03-25,2,폐업처리,2024-09-30 15:33:36,,2002-03-25,,서울특별시 서초구 반포동 60번지 4   호 미도상가1층,2002321007605600234,3210000,"서울특별시 서초구 서초중앙로29길 28 (반포동,미도상가1층)",,03,폐업,,,02-3482-2375
풍년슈퍼,2009-09-24,201167.259393328,444273.082321941,2009년11월법개정전자료,2026-05-06 22:46:56,I,2005-08-16,2,폐업처리,2009-09-24 16:31:16,,2005-08-16,,서울특별시 서초구 반포동 32번지 8호 삼호가든3차상가103,2005321007605600132,3210000,"서울특별시 서초구 서초중앙로 206 (반포동,삼호가든3차상가103)",,03,폐업,,,
초우매점,2003-07-16,,,,2026-05-06 22:44:53,I,,2,폐업처리,2008-02-21 00:00:00,,1987-10-13,,서울특별시 서초구 서초동 1500호 서초역 구내224-2,1987321007605600065,3210000,,,03,폐업,,,
씨유 자이중앙점,,200800.417027918,444989.874340522,2009년11월법개정전자료,2026-05-06 22:47:17,I,2009-09-01,0,정상영업,2012-07-18 16:18:19,,2009-09-01,137-041,서울특별시 서초구 반포1동 20번지 45호 반포자이주구중심상가 1동 116호,2009321012205600105,3210000,"서울특별시 서초구 잠원로 24, 116호 (반포동, 반포자이프라자)",,01,영업/정상,,,02-537-3055
충남상회,2003-09-23,203172.412230317,442476.415043286,,2026-05-06 22:45:28,I,,2,폐업처리,2008-02-21 00:00:00,,2000-07-31,,서울특별시 서초구 양재동 11번지 17호,2000321007605600200,3210000,서울특별시 서초구 남부순환로 2614 (양재동),,03,폐업,,,02-111-1111
25시 현대슈퍼,2011-06-03,202619.466325492,443038.616227532,2009년11월법개정전자료,2026-05-06 22:45:03,I,2011-06-03,2,폐업처리,2011-06-03 15:45:59,,2011-06-03,137-860,서울특별시 서초구 서초2동 1339번지 4호 104호,1997321012205600093,3210000,"서울특별시 서초구 효령로 429 (서초동,104호)",,03,폐업,,,
성가약국,2013-03-25,201230.693449214,445992.459343379,2009년11월법개정전자료,2026-05-06 22:45:13,I,1999-09-09,2,폐업처리,2013-03-25 13:31:57,,1999-09-09,,서울특별시 서초구 잠원동 50번지 5   호,199932100760560잠27,3210000,,,03,폐업,,,02-591-3249
GS25 서초예촌점,2011-07-29,200731.713426038,442318.996005455,제7조의3제2항에따른경우,2026-05-06 22:47:34,I,2010-06-04,2,폐업처리,2011-07-29 14:47:36,,2010-06-04,137-869,서울특별시 서초구 서초3동 1485번지 19호,2010321012205600063,3210000,서울특별시 서초구 반포대로9길 46 (서초동),,03,폐업,,,
GS25 서초예당점,2023-06-20,200931.454643672,442855.255744183,제7조의3제2항에따른경우,2026-05-06 22:49:01,I,2017-10-20,2,폐업처리,2023-06-20 14:12:07,,2017-10-20,,서울특별시 서초구 서초동 1580번지 1호,2017321015505600258,3210000,"서울특별시 서초구 사임당로1길 10, 1층 (서초동, 바우빌딩)",06649,03,폐업,,,
지에스(GS)25 잠원하나,2014-07-25,201584.328212166,445441.379593727,제7조의3제2항에따른경우,2026-05-06 22:47:52,I,2011-06-09,2,폐업처리,2014-07-25 11:22:41,,2011-06-09,137-906,서울특별시 서초구 잠원동 42번지 10호 101,2011321012205600065,3210000,"서울특별시 서초구 신반포로45길 9-4 (잠원동,101)",,03,폐업,,,
씨브이에스휴,2010-06-30,201612.156774885,445178.257715775,2009년11월법개정전자료,2026-05-06 22:47:17,I,2009-07-31,2,폐업처리,2010-06-30 17:56:30,,2009-07-31,137-809,서울특별시 서초구 반포1동 717번지 11호   101호,2009321012205600088,3210000,"서울특별시 서초구 주흥길 69, 101호 (반포동)",,03,폐업,,,
우리가게,,200367.588604211,444873.437818732,제7조의3제3항에따른경우,2026-05-06 22:48:46,I,2015-09-18,0,정상영업,2015-09-21 09:06:50,,2015-09-18,,서울특별시 서초구 반포동 128번지 4호,2015321015505600099,3210000,"서울특별시 서초구 신반포로 지하 200, T-36호 (반포동, 강남터미널지하쇼핑몰)",06545,01,영업/정상,,,
(주)바이더웨이 서초진흥점,2016-09-27,201930.014907812,443904.461723691,제7조의3제2항에따른경우,2026-05-06 22:45:11,I,1999-09-01,2,폐업처리,2016-09-27 17:41:47,,1999-09-01,,서울특별시 서초구 서초동 1315호 진흥상가 113호,1999321007605600060,3210000,,,03,폐업,,,
이마트24 서초포레스타점,,204964.487244211,438491.712309438,제7조의3제2항에따른경우,2026-05-06 22:49:22,I,2022-02-08,0,정상영업,2022-02-09 11:04:45,,2022-02-08,,서울특별시 서초구 신원동 615 서초포레스타7단지,2022321019505600005,3210000,"서울특별시 서초구 청계산로11길 7-12, 상가동 1층 105호 (신원동, 서초포레스타7단지)",06802,01,영업/정상,,,
이조FooDck,2001-08-25,202470.473875627,440382.696169392,,2026-05-06 22:44:58,I,,2,폐업처리,2008-02-21 00:00:00,,1999-11-11,,서울특별시 서초구 우면동 142호,1993321007605600016,3210000,,,03,폐업,,,
미니스톱서초2호점,2003-06-16,200858.026812403,443222.461087817,,2026-05-06 22:45:33,I,,2,폐업처리,2008-02-21 00:00:00,,2001-04-10,,서울특별시 서초구 서초동 1556번지 9호,2001321007605600067,3210000,서울특별시 서초구 반포대로28길 39 (서초동),,03,폐업,,,
(주)아워홈 대검찰청서초점,,200351.965571084,443490.358949882,제7조의3제3항에따른경우,2026-05-06 22:49:09,I,2020-01-14,0,정상영업,2025-06-17 09:48:54,,2020-01-14,,서울특별시 서초구 서초동 1730번지 1호 대검찰청,2020321018405600005,3210000,"서울특별시 서초구 반포대로 157, 대검찰청 별관2층 (서초동)",06590,01,영업/정상,,,69669274
(주)비지에프휴먼넷 서초중앙로점,2016-04-04,201446.483320265,442736.127358219,제7조의3제2항에따른경우,2026-05-06 22:48:46,I,2015-10-05,2,폐업처리,2016-04-04 13:58:08,,2015-10-05,,서울특별시 서초구 서초동 1621번지 15호,2015321015505600105,3210000,"서울특별시 서초구 서초중앙로6길 31, 1층 (서초동, 수정빌)",06643,03,폐업,,,02-535-6103
방배역편의점,2018-10-16,,,2009년11월법개정전자료,2026-05-06 22:45:44,I,2002-07-24,2,폐업처리,2018-10-16 16:47:12,,2002-07-24,,서울특별시 서초구 방배동 225호 서울지하철공사방배역지하5호,2002321007605600127,3210000,,,03,폐업,,,
싱싱할인마트,2015-05-22,202126.872592762,440039.132834615,제7조의3제2항에따른경우,2026-05-06 22:48:40,I,2015-03-03,2,폐업처리,2015-05-22 15:01:04,,2015-03-03,137-140,서울특별시 서초구 우면동 730번지,2015321015505600025,3210000,"서울특별시 서초구 태봉로2길 5, 106호 (우면동, 서초네이처힐5단지 상가동)",,03,폐업,,,
(주)코리아세븐 방배센터점,,200003.52421343,441764.284983411,제7조의3제2항에따른경우,2026-05-06 22:49:24,I,2023-03-03,0,정상영업,2023-03-03 16:36:54,,2023-03-03,,서울특별시 서초구 방배동 1019-1 우신빌딩,2023321019505600014,3210000,"서울특별시 서초구 방배로4길 10-3, 우신빌딩 1층 (방배동)",06715,01,영업/정상,,,1577-0711
씨유(CU) 서초교대점,,201430.47661735,442950.471520545,제7조의3제2항에따른경우,2026-05-06 22:49:27,I,2024-07-11,0,정상영업,2024-11-22 14:25:14,,2024-07-11,,서울특별시 서초구 서초동 1627-1 교대벤처타워 101호,2024321019505600028,3210000,"서울특별시 서초구 사임당로 64, 교대벤처타워 1층 101호 (서초동)",06640,01,영업/정상,,,
복지,2014-09-15,202771.40666547,441438.293101641,제7조의3제2항에따른경우,2026-05-06 22:47:50,I,2011-04-29,2,폐업처리,2014-09-15 12:45:47,,2011-04-29,137-892,서울특별시 서초구 양재1동 138번지 4호 경인프라자 101,2011321012205600039,3210000,"서울특별시 서초구 바우뫼로 101 (양재동,경인프라자 101)",,03,폐업,,,
베스트공인중개사무소,2009-06-24,199499.224107347,442734.275681174,2009년11월법개정전자료,2026-05-06 22:47:13,I,2008-11-12,2,폐업처리,2009-06-24 16:23:36,,2008-11-12,137-061,서울특별시 서초구 방배동 899번지 16호 브라운스톤방배상가 101호,2008321012205600155,3210000,"서울특별시 서초구 서초대로26길 19, 101호 (방배동,브라운스톤방배상가)",,03,폐업,,,02-3474-4985
국제매점,,,,2009년11월법개정전자료,2026-05-06 22:45:04,I,1998-02-02,5,지정취소,2016-05-09 20:29:26,2003-10-09,1998-02-02,,서울특별시 서초구 서초동 1445호 국제전자센타 B1. 1,1998321007605600009,3210000,,,04,취소/말소/만료/정지/중지,,,
합동,2015-10-21,,,2009년11월법개정전자료,2026-05-06 22:47:13,I,2008-10-15,2,폐업처리,2015-10-22 09:30:24,,2008-10-15,137-041,서울특별시 서초구 반포동 30번지 2호 삼호가든상가 107-1호,2008321012205600145,3210000,,,03,폐업,,,
알파문구센터,2021-07-21,201579.68396047,442574.81304631,2009년11월법개정전자료,2026-05-06 22:44:57,I,1992-12-12,2,폐업처리,2021-07-21 15:32:42,,1992-12-12,,서울특별시 서초구 서초동 1443번지 2   호,1992321007605600041,3210000,서울특별시 서초구 효령로 314 (서초동),,03,폐업,,,
제일식품,2007-11-02,203824.534734419,441260.716693233,2009년11월법개정전자료,2026-05-06 22:46:58,I,2005-12-21,2,폐업처리,2007-11-02 12:32:42,,2005-12-21,,서울특별시 서초구 양재동 307번지 8호,2005321007605600196,3210000,서울특별시 서초구 동산로13길 42 (양재동),,03,폐업,,,
지에스25내곡포레스타,2016-12-21,204984.537386457,438840.103774693,제7조의3제2항에따른경우,2026-05-06 22:48:33,I,2014-10-20,2,폐업처리,2016-12-21 10:27:13,,2014-10-20,137-160,서울특별시 서초구 신원동 374번지,2014321012205600092,3210000,"서울특별시 서초구 청계산로7길 43, 101호 (신원동, 서초포레스타5단지제상가동)",,03,폐업,,,
(주)신세계이마트 에브리데이 서초동점,2011-05-11,201862.357603246,444462.626124882,2009년11월법개정전자료,2026-05-06 22:47:16,I,2009-07-21,2,폐업처리,2011-05-11 14:53:41,,2009-07-21,137-855,서울특별시 서초구 서초4동 1302번지 4호 1층,2009321012205600083,3210000,"서울특별시 서초구 서운로 216 (서초동,1층)",,03,폐업,,,02-380-9616
고향마루,,201235.238904253,442284.298910103,,2026-05-06 22:45:11,I,,3,직권취소,2008-02-21 00:00:00,2001-11-07,1999-08-13,,서울특별시 서초구 서초동 1454번지 3호,1999321007605600057,3210000,서울특별시 서초구 남부순환로323길 38-17 (서초동),,04,취소/말소/만료/정지/중지,,,
크린에코서초,,199990.132103182,441709.213943398,제7조의3제2항에따른경우,2026-05-06 22:48:52,I,2016-03-09,5,지정취소,2024-11-20 09:43:40,2024-11-20,2016-03-09,,서울특별시 서초구 방배동 1024번지 4호 102호,2016321015505600018,3210000,"서울특별시 서초구 방배로 28, 102호 (방배동, 덕산빌딩)",06715,04,취소/말소/만료/정지/중지,,,
미니스톱영동3점,,201706.111065673,445359.548908557,,2026-05-06 22:45:44,I,,3,직권취소,2008-02-21 00:00:00,,2002-07-12,,서울특별시 서초구 반포동 706호 1층,2002321007605600120,3210000,"서울특별시 서초구 신반포로 332 (반포동,1층)",,04,취소/말소/만료/정지/중지,,,
에스에이지마트,2009-07-01,203059.646700644,439960.533113874,2009년11월법개정전자료,2026-05-06 22:45:58,I,2003-10-13,2,폐업처리,2009-07-01 12:34:50,,2003-10-13,,서울특별시 서초구 양재동 217호 서울오토갤러리 은관 B101호,2003321007605600164,3210000,"서울특별시 서초구 양재대로11길 36 (양재동,서울오토갤러리 은관 B101호)",,03,폐업,,,20598900
세븐일레븐 서초가야점,,201023.097444958,443180.106059476,제7조의3제2항에따른경우,2026-05-06 22:49:10,I,2020-03-12,0,정상영업,2023-08-02 15:54:34,,2020-03-12,,서울특별시 서초구 서초동 1569번지 3호,2020321018405600018,3210000,서울특별시 서초구 반포대로22길 73 (서초동),06645,01,영업/정상,,,
훼미리마트 서초골드로즈점,2005-07-08,202429.934281815,443439.264963001,,2026-05-06 22:46:05,I,,2,폐업처리,2008-02-21 00:00:00,,2004-03-27,,서울특별시 서초구 서초동 1330번지 6호 롯데골드로즈점103,2004321007605600058,3210000,"서울특별시 서초구 서초대로74길 51 (서초동,롯데골드로즈점103)",,03,폐업,,,
현대슈퍼,2010-09-20,204021.6,441316.29,2009년11월법개정전자료,2026-05-06 22:45:09,I,1998-10-23,2,폐업처리,2010-09-20 16:16:22,,1998-10-23,,서울특별시 서초구 양재동 300호,19983210076056양103,3210000,서울특별시 서초구 동산로19길 35-1 (양재동),,03,폐업,,,02-573-1711
지에스25(GS25)서초반포점,2025-06-17,200922.886137239,444254.984557647,제7조의3제2항에따른경우,2026-05-06 22:49:26,I,2023-11-10,2,폐업처리,2025-06-17 11:24:44,,2023-11-10,,서울특별시 서초구 반포동 50-10,2023321019505600058,3210000,"서울특별시 서초구 서초중앙로31길 6-9, 1층 (반포동)",06593,03,폐업,,,02-591-6796
뉴그린마트,2022-06-03,202135.497880912,440947.792706267,2009년11월법개정전자료,2026-05-06 22:47:08,I,2007-06-21,2,폐업처리,2022-06-03 11:02:44,,2007-06-21,,서울특별시 서초구 우면동 64호 대성빌딩 지층,2007321010805600086,3210000,"서울특별시 서초구 바우뫼로7길 7 (우면동,대성빌딩 지층)",,03,폐업,,,
씨유 방배삼호점,,198845.657797775,443825.9650708,제7조의3제2항에따른경우,2026-05-06 22:49:28,I,2024-09-23,0,정상영업,2024-11-22 14:59:50,,2024-09-23,,서울특별시 서초구 방배동 758-2 삼호상가 112호,2024321019505600049,3210000,"서울특별시 서초구 방배로 269, 삼호상가 1층 112호 (방배동)",06553,01,영업/정상,,,
우리식품,2007-11-09,201341.265514725,442716.419738134,2009년11월법개정전자료,2026-05-06 22:46:54,I,2005-06-03,2,폐업처리,2007-11-09 13:37:00,,2005-06-03,,서울특별시 서초구 서초동 1623번지 9   호,2005321007605600086,3210000,서울특별시 서초구 서초중앙로8길 9 (서초동),,03,폐업,,,02-582-8948
성우식당,2004-06-25,,,,2026-05-06 22:44:50,I,,2,폐업처리,2008-02-21 00:00:00,,1981-11-19,,서울특별시 서초구 방배동 201번지 1호,1981321007605681-방,3210000,,,03,폐업,,,
(주)늘푸른이십사,2008-08-28,201803.263928501,445099.581299493,2009년11월법개정전자료,2026-05-06 22:47:07,I,2007-04-12,2,폐업처리,2008-08-28 15:12:02,,2007-04-12,,서울특별시 서초구 반포동 724번지 11  호 1층,2007321010805600048,3210000,"서울특별시 서초구 사평대로55길 94 (반포동,1층)",,03,폐업,,,
진흥슈퍼,2005-03-22,198845.02390588,443058.52435941,,2026-05-06 22:45:49,I,,2,폐업처리,2008-02-21 00:00:00,,2002-10-30,,서울특별시 서초구 방배동 820번지 28호,2002321007605600180,3210000,서울특별시 서초구 방배중앙로 116 (방배동),,03,폐업,,,
후레쉬마트,2004-12-21,204091.110243462,441375.931314063,,2026-05-06 22:45:58,I,,2,폐업처리,2008-02-21 00:00:00,,2003-10-08,,서울특별시 서초구 양재동 285번지 3호,2003321007605600159,3210000,서울특별시 서초구 논현로11길 6-23 (양재동),,03,폐업,,,
해피타임 교대역점,2012-08-13,201513.21956369,443609.105458048,2009년11월법개정전자료,2026-05-06 22:47:13,I,2008-10-13,2,폐업처리,2012-08-13 17:57:14,,2008-10-13,137-071,서울특별시 서초구 서초동 1676번지 1호 1층,2008321012205600142,3210000,"서울특별시 서초구 서초대로 332 (서초동, 1층)",,03,폐업,,,02-584-0858
(주)보광훼미리마트 서초한승점,2009-03-11,200903.9562006,443371.877270712,2009년11월법개정전자료,2026-05-06 22:47:09,I,2007-10-16,2,폐업처리,2009-03-12 10:17:41,,2007-10-16,137-070,서울특별시 서초구 서초동 1554번지 5호 아스트라빌딩 1층 101호,2007321012205600135,3210000,"서울특별시 서초구 서초대로 266, 101호 (서초동,아스트라빌딩 1층)",,03,폐업,,,02-583-0237
웰빙할인마트,2018-11-19,200959.623842525,442238.393037914,제7조의3제2항에따른경우,2026-05-06 22:48:10,I,2013-04-12,2,폐업처리,2018-11-19 17:24:21,,2013-04-12,137-867,서울특별시 서초구 서초3동 1462번지 1호 지하2층,2013321012205600025,3210000,"서울특별시 서초구 반포대로7길 7, 지하2층 (서초동)",,03,폐업,,,
이레정,,201858.569771922,438478.035563493,2009년11월법개정전자료,2026-05-06 22:45:39,I,2001-11-20,5,지정취소,2016-05-09 20:14:08,2003-10-09,2001-11-20,,경기도 과천시 주암동 416호,2001321007605600219,3210000,경기도 과천시 삼부골로 7 (주암동),,04,취소/말소/만료/정지/중지,,,
폭스(매점),2008-02-20,202161.886768738,443298.26937,2009년11월법개정전자료,2026-05-06 22:45:46,I,2002-09-25,2,폐업처리,2008-02-20 10:32:40,,2002-09-25,,서울특별시 서초구 서초동 1332번지 4   호,2002321007605600153,3210000,서울특별시 서초구 사임당로 143 (서초동),,03,폐업,,,
GS방배서래점,2015-08-20,199238.058555507,443453.070279827,제7조의3제2항에따른경우,2026-05-06 22:48:01,I,2012-07-10,2,폐업처리,2015-08-20 09:55:26,,2012-07-10,137-831,서울특별시 서초구 방배4동 807번지 2호 1층 101호,2012321012205600062,3210000,"서울특별시 서초구 동광로 88, 1층 101호 (방배동)",,03,폐업,2015-09-01,2015-10-31,34821793
코끼리슈퍼,2011-10-21,198727.29995142,443895.673557711,2009년11월법개정전자료,2026-05-06 22:45:08,I,1998-12-22,2,폐업처리,2011-10-21 14:09:25,,1998-12-22,,서울특별시 서초구 방배동 756번지 5   호,19983210076056방본5,3210000,서울특별시 서초구 동광로19길 119 (방배동),,03,폐업,,,02-535-6522
로베르토리찌,,202790.343090689,442762.844590299,제7조의3제2항에따른경우,2026-05-06 22:48:41,I,2015-05-01,0,정상영업,2015-05-01 18:17:49,,2015-05-01,137-863,서울특별시 서초구 서초동 1361번지 3호 1층,2015321015505600045,3210000,"서울특별시 서초구 강남대로 265, 1층 (서초동)",,01,영업/정상,,,
세븐일레븐양재6호,,203920.034593062,440754.50919179,,2026-05-06 22:45:32,I,,0,정상영업,2008-02-21 00:00:00,,2001-03-22,,서울특별시 서초구 양재동 361번지 11  호,2001321007605600056,3210000,서울특별시 서초구 강남대로6길 84 (양재동),,01,영업/정상,,,34626816
무지개 삼성부동산,,202245.377899369,442987.986999742,2009년11월법개정전자료,2026-05-06 22:46:06,I,2004-04-14,5,지정취소,2015-05-11 14:05:53,2015-04-29,2004-04-14,,서울특별시 서초구 서초동 1335호 무지개상가 104호,2004321007605600072,3210000,,,04,취소/말소/만료/정지/중지,,,
행복마트,2009-08-17,198615.032604905,443349.708288874,2009년11월법개정전자료,2026-05-06 22:47:10,I,2008-01-31,2,폐업처리,2009-08-17 16:07:04,,2008-01-31,137-060,서울특별시 서초구 방배동 786번지 3호,2008321012205600010,3210000,서울특별시 서초구 방배중앙로21길 26 (방배동),,03,폐업,,,
영광,2025-03-13,198492.797210723,442199.268340209,제7조의3제3항에따른경우,2026-05-06 22:49:26,I,2023-12-12,2,폐업처리,2025-03-13 14:27:41,,2023-12-12,,서울특별시 서초구 방배동 456-1 방배종합시장,2023321019505600066,3210000,"서울특별시 서초구 방배천로16길 18, 방배종합시장 113호 (방배동)",06677,03,폐업,,,
바이더웨이편의점,2002-05-15,,,,2026-05-06 22:45:01,I,,2,폐업처리,2008-02-21 00:00:00,,1996-06-10,,서울특별시 서초구 방배동 907번지 12호,1996321007605600055,3210000,,,03,폐업,,,
서울유통할인매장,2007-12-17,204168.196730036,440999.285811259,2009년11월법개정전자료,2026-05-06 22:47:04,I,2006-09-26,2,폐업처리,2007-12-17 16:57:24,,2006-09-26,,서울특별시 서초구 양재동 386번지 17  호 일산빌딩 1층,2006321010805600021,3210000,"서울특별시 서초구 동산로16길 34 (양재동,일산빌딩 1층)",,03,폐업,,,02-575-3954
그린서적,2002-01-09,199319.308866763,441373.348019311,,2026-05-06 22:44:54,I,,2,폐업처리,2008-02-21 00:00:00,,1989-12-29,,서울특별시 서초구 방배동 488번지 1호,1989321007605600179,3210000,서울특별시 서초구 효령로2길 128 (방배동),,03,폐업,,,34749449
씨유교대법원점,2014-05-15,201151.260061328,443595.943549419,제7조의3제2항에따른경우,2026-05-06 22:48:05,I,2012-10-18,2,폐업처리,2014-05-15 12:45:26,,2012-10-18,137-883,서울특별시 서초구 서초4동 1694번지 25호   지하102호,2012321012205600097,3210000,"서울특별시 서초구 서초중앙로 142, 지하102호 (서초동)",,03,폐업,,,02-535-6775
내방 홈마트,2014-02-21,199410.881389269,442807.588410592,제7조의3제3항에따른경우,2026-05-06 22:48:00,I,2012-03-20,2,폐업처리,2014-02-21 15:18:49,,2012-03-20,137-841,서울특별시 서초구 방배1동 898번지 3호 지하1층,2012321012205600030,3210000,"서울특별시 서초구 서초대로 108, 지하1층 (방배동)",,03,폐업,,,02-586-4090
제니스팟,,198938.432053277,441769.625257149,제7조의3제2항에따른경우,2026-05-06 22:49:22,I,2022-02-15,0,정상영업,2022-02-15 17:13:14,,2022-02-15,,서울특별시 서초구 방배동 537-3 세중빌딩 103호,2022321019505600007,3210000,"서울특별시 서초구 효령로 36, 세중빌딩 103호 (방배동)",06698,01,영업/정상,,,
동남약국,2001-10-22,199863.640575162,444524.211587165,,2026-05-06 22:45:30,I,,2,폐업처리,2008-02-21 00:00:00,,2001-02-07,,"서울특별시 서초구 반포동 18번지 1호 1,2번지 107호",2001321007605600019,3210000,"서울특별시 서초구 반포대로 275 (반포동,1,2번지 107호)",,03,폐업,,,
(주)현슬인터내셔날,2006-11-06,199547.194595295,444540.23951026,,2026-05-06 22:46:01,I,,2,폐업처리,2008-02-21 00:00:00,,2003-12-29,,서울특별시 서초구 반포동 18번지 4호,2003321007605600227,3210000,서울특별시 서초구 신반포로 100 (반포동),,03,폐업,,,
금산농산물,2011-07-01,203955.234091775,440967.953749073,제7조의3제2항에따른경우,2026-05-06 22:47:22,I,2010-02-09,2,폐업처리,2011-07-01 14:36:20,,2010-02-09,137-898,서울특별시 서초구 양재2동 375번지 1층 101호,2010321012205600020,3210000,"서울특별시 서초구 강남대로8길 106 (양재동,1층 101호)",,03,폐업,,,
(주)코리아세븐 강남제일점,,202131.735676371,444353.725230997,제7조의3제2항에따른경우,2026-05-06 22:48:55,I,2016-08-29,0,정상영업,2016-08-29 19:24:31,,2016-08-29,,서울특별시 서초구 서초동 1308번지 5호 경원빌딩,2016321015505600080,3210000,"서울특별시 서초구 서초대로77길 43, 1층 (서초동, 경원빌딩)",06612,01,영업/정상,,,
태평선식,2002-09-04,201995.833244144,444186.479514716,,2026-05-06 22:45:11,I,,2,폐업처리,2008-02-21 00:00:00,,1999-02-04,,서울특별시 서초구 서초동 1310번지 5호 영동프라자,1999321007605600028,3210000,"서울특별시 서초구 서운로 184 (서초동,영동프라자)",,03,폐업,,,031-258-1117
포그하우스,,201047.018138199,443495.384060537,제7조의3제2항에따른경우,2026-05-06 22:49:30,I,2025-07-11,0,정상영업,2025-07-11 17:00:08,,2025-07-11,,서울특별시 서초구 서초동 1715-10 남촌빌딩,2025321019505600026,3210000,"서울특별시 서초구 서초대로 283, 남촌빌딩 1층 (서초동)",06596,01,영업/정상,,,
정숙상회,,204998.194539324,439516.69069209,2009년11월법개정전자료,2026-05-06 22:45:01,I,1996-08-14,3,직권취소,2017-03-08 18:31:01,2017-03-08,1996-08-14,,서울특별시 서초구 염곡동 213호,1996321007605695-56,3210000,서울특별시 서초구 탑성말길 15 (염곡동),,04,취소/말소/만료/정지/중지,,,
우리마트,2007-03-09,201622.115436188,445038.529980906,,2026-05-06 22:46:09,I,,2,폐업처리,2008-02-21 00:00:00,,2004-05-18,,서울특별시 서초구 반포동 716번지 3호,2004321007605600094,3210000,서울특별시 서초구 주흥9길 14-18 (반포동),,03,폐업,,,02-512-7774
열린공인중개사무소,2012-03-20,201293.26005564,446179.309516814,제7조의3제2항에따른경우,2026-05-06 22:47:42,I,2010-11-17,2,폐업처리,2012-03-20 14:48:22,,2010-11-17,137-906,서울특별시 서초구 잠원동 50번지 2호 설악복지센타 110호,2010321012205600126,3210000,"서울특별시 서초구 잠원로14길 29 (잠원동,설악복지센타 110호)",,03,폐업,,,
(주)이마트에브리데이 방배효령점,2024-07-04,200247.455779224,442401.21158798,제7조의3제2항에따른경우,2026-05-06 22:48:39,I,2014-12-24,2,폐업처리,2024-07-04 14:34:32,,2014-12-24,,서울특별시 서초구 서초동 1491-6,2014321012205600125,3210000,"서울특별시 서초구 명달로 73, 1층 (서초동)",06667,03,폐업,,,02-380-5013
꽃마을매점,2003-03-12,,,,2026-05-06 22:45:03,I,,2,폐업처리,2008-02-21 00:00:00,,1997-12-31,,서울특별시 서초구 서초동 1656번지 5호,1997321007605600171,3210000,,,03,폐업,,,62177890
서울상회,,202655.662353134,442808.256020351,제7조의3제2항에따른경우,2026-05-06 22:48:29,I,2014-06-17,5,지정취소,2023-05-30 09:40:02,2023-05-30,2014-06-17,137-862,서울특별시 서초구 서초동 1357번지 55호,2014321012205600044,3210000,"서울특별시 서초구 강남대로43길 26, 1층 3호 (서초동)",,04,취소/말소/만료/정지/중지,,,
연구원매점,2003-08-30,201754.046058565,442005.576285919,,2026-05-06 22:45:51,I,,2,폐업처리,2008-02-21 00:00:00,,2003-02-20,,서울특별시 서초구 서초동 391호 서울시 시정개발연구원매점,2003321007605600032,3210000,,,03,폐업,,,21491374
우리미니슈퍼,2008-09-04,,,2009년11월법개정전자료,2026-05-06 22:45:06,I,1998-10-30,2,폐업처리,2008-09-04 14:08:08,,1998-10-30,,서울특별시 서초구 방배동 428번지 8   호,19983210076056방220,3210000,,,03,폐업,,,02-587-4916
지에스25(GS25) 서초아이파크점,2021-07-01,202038.69416884,442514.169336566,제7조의3제2항에따른경우,2026-05-06 22:49:10,I,2020-03-12,2,폐업처리,2021-07-01 12:51:09,,2020-03-12,,서울특별시 서초구 서초동 1435번지 1호,2020321018405600019,3210000,"서울특별시 서초구 효령로70길 36-27, 1층 (서초동)",06723,03,폐업,,,
씨엘공인중개사사무소,2024-08-22,198405.322905974,442545.145003771,제7조의3제2항에따른경우,2026-05-06 22:48:39,I,2015-01-19,2,폐업처리,2024-08-29 10:43:20,,2015-01-19,137-852,서울특별시 서초구 방배동 1715번지,2015321015505600013,3210000,"서울특별시 서초구 동작대로 98, 1층 (방배동)",,03,폐업,,,
백광슈퍼,2007-05-17,202100.548018749,444515.155344243,,2026-05-06 22:47:03,I,,2,폐업처리,2008-02-21 00:00:00,,2006-05-29,,서울특별시 서초구 서초동 1303번지 35호 태영데시앙루브 지하122호,2006321007605600058,3210000,"서울특별시 서초구 강남대로 455 (서초동,태영데시앙루브 지하122호)",,03,폐업,,,
복권방,,200975.310832194,445119.999988057,2009년11월법개정전자료,2026-05-06 22:47:13,I,2008-09-09,0,정상영업,2008-09-12 13:36:32,,2008-09-09,137-030,서울특별시 서초구 잠원동 103번지 반포역 지하1층45호,2008321012205600127,3210000,"서울특별시 서초구 신반포로 지하 241 (잠원동,반포역 지하1층45호)",,01,영업/정상,,,02-593-5338
미니스톱 엔터식스강남점,2018-08-02,200361.368180707,444737.116217031,제7조의3제3항에따른경우,2026-05-06 22:49:00,I,2017-02-03,2,폐업처리,2018-08-02 16:34:25,,2017-02-03,,"서울특별시 서초구 반포동 19번지 11호 강남고속터미널역, 엔터식스 001호",2017321015505600008,3210000,"서울특별시 서초구 신반포로 지하 188 (반포동, 강남고속터미널역 엔터식스)",06545,03,폐업,,,
만재마트,,199410.881389269,442807.588410592,제7조의3제3항에따른경우,2026-05-06 22:48:30,I,2014-09-01,3,직권취소,2015-08-12 12:19:39,2015-06-05,2014-09-01,137-060,서울특별시 서초구 방배동 898번지 3호,2014321012205600069,3210000,"서울특별시 서초구 서초대로 108, 지하1층 제1호 (방배동)",,04,취소/말소/만료/정지/중지,,,
세븐일레븐 서초법원점,2016-05-23,201086.778264491,443626.535141939,2009년11월법개정전자료,2026-05-06 22:47:08,I,2007-05-01,2,폐업처리,2016-05-24 09:44:35,,2007-05-01,,서울특별시 서초구 서초동 1714번지 21  호 101,2007321010805600060,3210000,"서울특별시 서초구 서초중앙로 147 (서초동,101)",,03,폐업,,,
스마일마트,2010-04-15,199993.050993028,443892.635465708,2009년11월법개정전자료,2026-05-06 22:47:11,I,2008-04-29,2,폐업처리,2010-04-15 15:13:12,,2008-04-29,137-044,서울특별시 서초구 반포동 551번지 32호 지하1층,2008321012205600052,3210000,"서울특별시 서초구 동광로43길 51-13 (반포동,지하1층)",,03,폐업,,,02-536-8863
한양식품,,203030.48541748,440125.988508969,,2026-05-06 22:44:58,I,,5,지정취소,2008-02-21 00:00:00,,1992-01-14,,서울특별시 서초구 양재동 218번지 1   호,19923210076056양264,3210000,서울특별시 서초구 매헌로 25 (양재동),,04,취소/말소/만료/정지/중지,,,02-578-4626
동서슈퍼,2011-04-20,199912.491188912,442005.166506708,2009년11월법개정전자료,2026-05-06 22:45:38,I,2001-10-15,2,폐업처리,2011-04-20 15:41:07,,2001-10-15,,서울특별시 서초구 방배동 983번지 25  호,2001321007605600194,3210000,서울특별시 서초구 효령로34길 30 (방배동),,03,폐업,,,
토큰판매소,2004-12-30,,,,2026-05-06 22:45:03,I,,2,폐업처리,2008-02-21 00:00:00,,1997-09-09,,서울특별시 서초구 방배동 752번지 33호,1997321007605697-13,3210000,,,03,폐업,,,
솔드아웃 양재점,2008-11-13,204091.110243462,441375.931314063,2009년11월법개정전자료,2026-05-06 22:47:04,I,2006-10-20,2,폐업처리,2008-11-13 15:32:55,,2006-10-20,,서울특별시 서초구 양재동 285번지 3   호 1층,2006321010805600032,3210000,"서울특별시 서초구 논현로11길 6-23 (양재동,1층)",,03,폐업,,,02-574-9034
늘푸른마트,2008-07-23,198692.865865338,443379.492827847,2009년11월법개정전자료,2026-05-06 22:46:14,I,2004-06-07,2,폐업처리,2008-07-23 15:16:47,,2004-06-07,,서울특별시 서초구 방배동 778번지 30  호 지상1층,2004321007605600107,3210000,"서울특별시 서초구 방배중앙로21길 10 (방배동,지상1층)",,03,폐업,,,02-596-9222
대우슈퍼,2009-02-19,199390.558094651,441930.413285718,2009년11월법개정전자료,2026-05-06 22:45:38,I,2001-10-04,2,폐업처리,2009-02-19 16:15:35,,2001-10-04,,서울특별시 서초구 방배동 1038호 대우프라자3층5호,2001321007605600185,3210000,,,03,폐업,,,
동원슈퍼,2016-08-19,201030.529819644,442942.69462664,2009년11월법개정전자료,2026-05-06 22:45:05,I,1998-10-02,2,폐업처리,2016-08-19 16:03:43,,1998-10-02,,서울특별시 서초구 서초동 1564번지 1   호,1998321007605600072,3210000,서울특별시 서초구 서초대로48길 101 (서초동),,03,폐업,,,
365마트,2011-06-28,200129.975791086,444839.430160373,2009년11월법개정전자료,2026-05-06 22:44:59,I,1999-07-02,2,폐업처리,2011-06-28 11:17:52,,1999-07-02,,서울특별시 서초구 잠원동 75번지 14호 반포쇼핑2동지하24호,1994321007605600069,3210000,"서울특별시 서초구 신반포로 165 (잠원동,반포쇼핑2동지하24호)",,03,폐업,,,
느티나무슈퍼,2018-05-08,198512.866027886,443538.696011529,2009년11월법개정전자료,2026-05-06 22:47:13,I,2008-08-12,2,폐업처리,2018-05-08 17:31:09,,2008-08-12,137-069,서울특별시 서초구 방배동 766번지 34호 1층,2008321012205600114,3210000,"서울특별시 서초구 방배중앙로25길 38 (방배동,1층)",,03,폐업,,,02-591-0218
씨유서울백석대점,2016-07-15,199559.177291643,442051.22135244,제7조의3제2항에따른경우,2026-05-06 22:48:52,I,2016-03-22,2,폐업처리,2016-07-15 11:06:37,,2016-03-22,,서울특별시 서초구 방배동 981번지 1호 1층,2016321015505600024,3210000,"서울특별시 서초구 효령로28길 3, 1층 (방배동, RNC빌딩)",06695,03,폐업,,,
GS25방배청두,2015-12-07,198625.088894022,442018.530552481,제7조의3제2항에따른경우,2026-05-06 22:47:58,I,2011-12-26,2,폐업처리,2015-12-07 13:49:19,,2011-12-26,137-819,서울특별시 서초구 방배동 464번지 31호,2011321012205600143,3210000,서울특별시 서초구 청두곶길 41 (방배동),,03,폐업,,,02-585-7053
왕성당구장,2003-07-07,200986.786972818,443529.690722573,,2026-05-06 22:45:31,I,,2,폐업처리,2008-02-21 00:00:00,,2001-02-22,,서울특별시 서초구 서초동 1712번지 5호,2001321007605600033,3210000,서울특별시 서초구 서초대로49길 7 (서초동),,03,폐업,,,
애플24양재 (Apple24 양재),2013-01-31,203754.094505035,441523.01516435,제7조의3제2항에따른경우,2026-05-06 22:47:51,I,2011-04-29,2,폐업처리,2013-01-31 12:45:51,,2011-04-29,137-895,서울특별시 서초구 양재2동 267번지 2호 1층 101호,2011321012205600040,3210000,"서울특별시 서초구 마방로10길 18-15 (양재동,1층 101호)",,03,폐업,,,
강남수선,2010-09-13,201831.173297431,445162.999820417,2009년11월법개정전자료,2026-05-06 22:47:09,I,2007-09-10,2,폐업처리,2010-09-13 14:39:31,,2007-09-10,137-040,서울특별시 서초구 반포동 722번지 26호,2007321010805600120,3210000,서울특별시 서초구 사평대로57길 104 (반포동),,03,폐업,,,02-546-7924
코사마트,2007-07-16,200708.194896058,442920.529041767,2009년11월법개정전자료,2026-05-06 22:45:52,I,2003-03-10,2,폐업처리,2007-07-16 13:46:33,,2003-03-10,,서울특별시 서초구 서초동 1539번지 10  호 지하,2003321007605600043,3210000,"서울특별시 서초구 반포대로 93 (서초동,지하)",,03,폐업,,,
알리 (ALLEY),2014-10-28,201730.357646157,445461.867285084,제7조의3제3항에따른경우,2026-05-06 22:48:06,I,2012-12-05,2,폐업처리,2014-10-28 12:58:40,,2012-12-05,,,2012321012205600118,3210000,"서울특별시 서초구 신반포로 339, 지하1층 10호 (잠원동)",,03,폐업,,,
제일컨설팅,2005-07-06,200697.680618399,442353.391258682,,2026-05-06 22:46:40,I,,2,폐업처리,2008-02-21 00:00:00,,2004-09-20,,서울특별시 서초구 서초동 1486번지 8호 1층,2004321007605600176,3210000,"서울특별시 서초구 효령로 226 (서초동,1층)",,03,폐업,,,
가로가판점60-17호,,,,,2026-05-06 22:45:38,I,,0,정상영업,2008-02-21 00:00:00,,2001-10-10,,서울특별시 서초구 서초동 1446번지 3   호 남부터미널앞,2001321007605600191,3210000,,,01,영업/정상,,,
서초마트,2011-04-04,203754.094505035,441523.01516435,제7조의3제2항에따른경우,2026-05-06 22:47:32,I,2010-05-19,2,폐업처리,2011-04-04 13:58:53,,2010-05-19,137-895,서울특별시 서초구 양재2동 267번지 2호 1층,2010321012205600052,3210000,"서울특별시 서초구 마방로10길 18-15 (양재동,1층)",,03,폐업,,,
대원사,2011-01-21,201040.977485342,443517.263031779,2009년11월법개정전자료,2026-05-06 22:45:08,I,1998-10-28,2,폐업처리,2011-01-21 10:19:15,,1998-10-28,,서울특별시 서초구 서초동 1715번지 2   호,19983210076056서363,3210000,서울특별시 서초구 법원로2길 14 (서초동),,03,폐업,,,02-594-3066
지에스(GS25) 서초스타힐스점,2022-03-15,201529.037866706,439470.889363188,제7조의3제2항에따른경우,2026-05-06 22:49:19,I,2021-04-05,2,폐업처리,2022-03-21 12:20:59,,2021-04-05,,서울특별시 서초구 우면동 773 서초힐스,2021321019505600011,3210000,"서울특별시 서초구 양재대로2길 90, 제상가동 2동 105,106호 (우면동, 서초힐스)",06767,03,폐업,,,
씨유 잠원새롬점,,201378.04163052,445847.849544031,제7조의3제2항에따른경우,2026-05-06 22:47:39,I,2010-09-20,0,정상영업,2012-07-18 17:31:42,,2010-09-20,137-903,서울특별시 서초구 잠원동 18번지 1호  새롬빌딩 1층 102호,2010321012205600104,3210000,"서울특별시 서초구 나루터로10길 3, 102호 (잠원동, 새롬빌딩1층)",,01,영업/정상,,,
(주)코리아세븐 서초가락점,,202141.101012615,443966.419414952,2009년11월법개정전자료,2026-05-06 22:47:12,I,2008-07-15,0,정상영업,2008-07-15 10:03:06,,2008-07-15,137-074,서울특별시 서초구 서초동 1316번지 19호 가락빌딩 1층,2008321012205600093,3210000,"서울특별시 서초구 서초대로 405 (서초동,가락빌딩 1층)",,01,영업/정상,,,
(주)비지에프리테일 923고속터미널역점,2015-04-21,,,2009년11월법개정전자료,2026-05-06 22:47:17,I,2009-08-11,2,폐업처리,2015-04-21 15:25:06,,2009-08-11,137-804,서울특별시 서초구 반포4동 75번지 일대 9호선 고속터미널역 B2층,2009321012205600095,3210000,,,03,폐업,,,02-528-7130
세탁 편의점,2013-11-20,198787.701562761,442119.420431824,제7조의3제2항에따른경우,2026-05-06 22:47:58,I,2011-10-18,2,폐업처리,2013-11-20 11:14:17,,2011-10-18,137-819,서울특별시 서초구 방배2동 459번지 10호 지층,2011321012205600118,3210000,"서울특별시 서초구 청두곶8길 42 (방배동,지층)",,03,폐업,,,
씨유 서초어벤져스점,,202459.370530969,443476.657703851,제7조의3제2항에따른경우,2026-05-06 22:49:24,I,2023-02-28,0,정상영업,2023-02-28 09:29:31,,2023-02-28,,서울특별시 서초구 서초동 1330-14 송림빌딩,2023321019505600012,3210000,"서울특별시 서초구 서초대로78길 48, 송림빌딩 1층 102호 (서초동)",06626,01,영업/정상,,,
금성문구사,2002-04-29,201711.438277496,443758.65671969,,2026-05-06 22:45:18,I,,2,폐업처리,2008-02-21 00:00:00,,2000-03-07,,서울특별시 서초구 서초동 1688번지 6호 경복빌딩 103,2000321007605600006,3210000,,,03,폐업,,,02-537-0612
코코토,2006-10-31,198430.71216933,442028.713345516,,2026-05-06 22:46:59,I,,2,폐업처리,2008-02-21 00:00:00,,2006-03-08,,서울특별시 서초구 방배동 453번지 11호,2006321007605600023,3210000,서울특별시 서초구 방배천로8길 8 (방배동),,03,폐업,,,
(주)코리아세븐 서초힐스테이트점,2021-06-25,204997.162846243,439329.169504467,제7조의3제2항에따른경우,2026-05-06 22:49:01,I,2017-06-07,2,폐업처리,2021-07-23 09:36:04,,2017-06-07,,서울특별시 서초구 신원동 412번지 5호 힐스테이트서초젠트리스,2017321015505600232,3210000,"서울특별시 서초구 헌릉로8길 10-12, 지1층 5호 (신원동, 힐스테이트서초젠트리스)",06798,03,폐업,,,
GS25이수역점,,198606.526771058,442592.727055948,제7조의3제2항에따른경우,2026-05-06 22:47:59,I,2011-12-30,0,정상영업,2017-11-22 15:30:37,,2011-12-30,,서울특별시 서초구 방배동 951번지 1호 세한빌라,2011321012205600146,3210000,"서울특별시 서초구 서초대로 24, 1층 (방배동)",06675,01,영업/정상,,,02-525-1745
(주)코리아세븐 서초방배점,2025-04-03,198953.824333736,442938.639556478,제7조의3제2항에따른경우,2026-05-06 22:49:01,I,2017-07-18,2,폐업처리,2025-04-03 14:54:32,,2017-07-18,,서울특별시 서초구 방배동 857번지 42호,2017321015505600243,3210000,"서울특별시 서초구 서초대로15길 47, 1층 (방배동)",06571,03,폐업,,,
원투투서초점,2010-01-15,201560.321518226,443896.428918783,2009년11월법개정전자료,2026-05-06 22:46:00,I,2003-12-09,2,폐업처리,2010-01-15 12:04:33,,2003-12-09,,서울특별시 서초구 서초동 1686번지 2호 대광빌딩 101,2003321007605600218,3210000,"서울특별시 서초구 서초대로65길 13-18 (서초동,대광빌딩 101)",,03,폐업,,,
훼미리마트 잠원새롬점,2008-10-31,201378.04163052,445847.849544031,2009년11월법개정전자료,2026-05-06 22:47:09,I,2007-08-08,2,폐업처리,2008-10-31 13:47:35,,2007-08-08,137-030,서울특별시 서초구 잠원동 18번지 1호 새롬빌딩  102호,2007321010805600105,3210000,"서울특별시 서초구 나루터로10길 3, 102호 (잠원동,새롬빌딩)",,03,폐업,,,
삼성문구서적,2014-05-27,202676.838721267,442787.662735445,2009년11월법개정전자료,2026-05-06 22:44:50,I,1982-12-24,2,폐업처리,2014-05-27 15:43:56,,1982-12-24,,서울특별시 서초구 서초동 1358번지 1   호,19823210076056서261,3210000,서울특별시 서초구 강남대로43길 23 (서초동),,03,폐업,,,02-3474-5239
소방학교매점,2001-10-29,201804.497830997,441902.290653313,,2026-05-06 22:45:22,I,,2,폐업처리,2008-02-21 00:00:00,,2000-06-10,,서울특별시 서초구 서초동 393번지 1호,2000321007605600072,3210000,서울특별시 서초구 남부순환로340길 49 (서초동),,03,폐업,,,
25시편의점,2015-10-02,204158.349624217,441292.453930502,2009년11월법개정전자료,2026-05-06 22:47:15,I,2009-04-07,2,폐업처리,2015-10-02 16:14:58,,2009-04-07,137-895,서울특별시 서초구 양재2동 287번지 5호 1층,2009321012205600045,3210000,"서울특별시 서초구 논현로11길 10 (양재동,1층)",,03,폐업,,,
영동마트,2005-05-07,201751.135625743,445484.585761133,,2026-05-06 22:46:43,I,,2,폐업처리,2008-02-21 00:00:00,,2004-10-02,,서울특별시 서초구 잠원동 37번지 7호,2004321007605600183,3210000,서울특별시 서초구 강남대로 557 (잠원동),,03,폐업,,,
금강사,2010-06-07,202109.500209654,444403.320252288,2009년11월법개정전자료,2026-05-06 22:47:18,I,2009-10-01,2,폐업처리,2010-06-07 17:45:18,,2009-10-01,137-856,서울특별시 서초구 서초4동 1309번지 8호 1층,2009321012205600122,3210000,"서울특별시 서초구 강남대로69길 8 (서초동,1층)",,03,폐업,,,
중앙슈퍼,2009-09-14,198975.218703523,442731.02826259,2009년11월법개정전자료,2026-05-06 22:47:09,I,2007-09-28,2,폐업처리,2009-09-14 16:13:29,,2007-09-28,137-060,서울특별시 서초구 방배동 868번지 28호,2007321010805600130,3210000,서울특별시 서초구 방배중앙로 81 (방배동),,03,폐업,,,02-596-3191
미니스톱방배신동아점,,199948.96842002,442056.221693976,,2026-05-06 22:46:01,I,,0,정상영업,2008-02-21 00:00:00,,2003-12-20,,서울특별시 서초구 방배동 987번지 2호,2003321007605600224,3210000,서울특별시 서초구 효령로36길 22 (방배동),,01,영업/정상,,,21039500
훼미리마트서초영동점,2004-09-01,202676.289360432,442753.591338365,,2026-05-06 22:46:14,I,,2,폐업처리,2008-02-21 00:00:00,,2004-06-02,,서울특별시 서초구 서초동 1358번지 17호 수암빌딩 지상1층,2004321007605600105,3210000,"서울특별시 서초구 남부순환로347길 60 (서초동,수암빌딩 지상1층)",,03,폐업,,,02-3474-8648
교육문화회관편의점,2011-01-11,202833.261653939,440511.561175378,2009년11월법개정전자료,2026-05-06 22:46:49,I,2005-01-31,2,폐업처리,2011-01-11 15:59:04,,2005-01-31,,서울특별시 서초구 양재동 202호 서울교육문화회관1층편의점,2005321007605600019,3210000,"서울특별시 서초구 바우뫼로12길 70 (양재동,서울교육문화회관1층편의점)",,03,폐업,,,
GS25방배캐슬점,2022-07-25,199407.319403883,443010.722991491,2009년11월법개정전자료,2026-05-06 22:47:14,I,2009-02-03,2,폐업처리,2022-07-25 15:26:35,,2009-02-03,137-840,서울특별시 서초구 방배4동 876번지 41호 1층,2009321012205600017,3210000,"서울특별시 서초구 방배로26길 22 (방배동,1층)",,03,폐업,,,
대명슈퍼,2002-03-14,199026.276264861,441500.255657151,,2026-05-06 22:45:00,I,,2,폐업처리,2008-02-21 00:00:00,,1995-05-20,,서울특별시 서초구 방배동 483번지 6호,1995321007605600079,3210000,서울특별시 서초구 효령로2길 61 (방배동),,03,폐업,,,
미니스톱서초슈퍼빌점,2007-04-04,201347.665918617,442312.725051308,,2026-05-06 22:45:59,I,,2,폐업처리,2008-02-21 00:00:00,,2003-11-05,,서울특별시 서초구 서초동 1446번지 11호,2003321007605600178,3210000,서울특별시 서초구 서초중앙로 15 (서초동),,03,폐업,,,
LG25 방배점,2005-03-31,198389.022273532,441358.650490197,,2026-05-06 22:46:16,I,,2,폐업처리,2008-02-21 00:00:00,,2004-06-18,,서울특별시 서초구 방배동 2525호,2004321007605600112,3210000,,,03,폐업,,,
루엔코리아,2010-02-09,198528.151733712,442687.91327038,2009년11월법개정전자료,2026-05-06 22:47:17,I,2009-08-28,2,폐업처리,2010-02-09 12:26:27,,2009-08-28,137-838,서울특별시 서초구 방배4동 865번지 34호   101호,2009321012205600103,3210000,"서울특별시 서초구 방배천로 114, 101호 (방배동)",,03,폐업,,,
GS25 S 양재역2호점,2012-10-11,203010.909171627,442461.461068592,제7조의3제3항에따른경우,2026-05-06 22:47:58,I,2011-11-01,2,폐업처리,2012-10-11 17:13:57,,2011-11-01,137-887,서울특별시 서초구 양재1동 12번지 1호 신분당선 양재역내 B3-41호,2011321012205600126,3210000,"서울특별시 서초구 남부순환로 지하 2585 (양재동,신분당선 양재역내 B3-41호)",,03,폐업,,,
코사마트,2002-05-22,,,,2026-05-06 22:45:42,I,,2,폐업처리,2008-02-21 00:00:00,,2002-05-21,,서울특별시 서초구 방배동 907번지 12호 1층,2002321007605600072,3210000,,,03,폐업,,,
(주)바이더웨이 서초빌라점,2015-09-25,200310.566854662,442645.044587662,제7조의3제2항에따른경우,2026-05-06 22:45:04,I,1998-10-23,2,폐업처리,2015-09-25 15:03:20,,1998-10-23,,서울특별시 서초구 서초동 1516번지 1   호,1998321007605600051,3210000,서울특별시 서초구 명달로 98 (서초동),,03,폐업,,,
서초전자담배,2024-08-23,200440.010811975,443124.671418408,제7조의3제2항에따른경우,2026-05-06 22:49:21,I,2021-09-09,2,폐업처리,2024-08-23 13:36:32,,2021-09-09,,"서울특별시 서초구 서초동 1498-5 마제스타시티, 힐스테이트 서리풀",2021321019505600043,3210000,"서울특별시 서초구 서초대로38길 12, 비119호 (서초동, 마제스타시티, 힐스테이트 서리풀)",06655,03,폐업,,,
반포하우스,,201015.009715991,446493.163455058,2009년11월법개정전자료,2026-05-06 22:46:54,I,2005-06-01,3,직권취소,2007-08-08 15:12:40,2007-08-08,2005-06-01,,서울특별시 서초구 잠원동 121번지 8   호,2005321007605600083,3210000,서울특별시 서초구 잠원로 221-124 (잠원동),,04,취소/말소/만료/정지/중지,,,
경부선하차장 로또방,,200554.74395758,444811.364826199,2009년11월법개정전자료,2026-05-06 22:45:13,I,1999-03-26,0,정상영업,2020-02-11 15:10:09,,1999-03-26,,서울특별시 서초구 반포동 19번지 4   호,199932100760560반41,3210000,서울특별시 서초구 신반포로 194 (반포동),,01,영업/정상,,,02-593-1945
GS25 오퓨런스점,2019-11-19,200781.80987415,443312.56737328,제7조의3제2항에따른경우,2026-05-06 22:48:09,I,2013-02-08,2,폐업처리,2019-11-19 13:39:49,,2013-02-08,,서울특별시 서초구 서초동 1553번지 5호 오퓨런스,2013321012205600009,3210000,"서울특별시 서초구 서초대로 254, B1층 104호 (서초동)",06647,03,폐업,,,62503260
도 가,2003-01-08,200844.434391962,442221.229187478,,2026-05-06 22:45:37,I,,2,폐업처리,2008-02-21 00:00:00,,2001-09-21,,서울특별시 서초구 서초동 1482번지 10호,2001321007605600177,3210000,서울특별시 서초구 반포대로7길 32 (서초동),,03,폐업,,,
GS25 방배홈타운,2017-09-08,198539.123953821,443301.997702229,제7조의3제2항에따른경우,2026-05-06 22:47:57,I,2011-09-19,2,폐업처리,2017-09-08 12:38:46,,2011-09-19,137-830,서울특별시 서초구 방배본동 787번지 1호 1층,2011321012205600107,3210000,"서울특별시 서초구 동광로3길 21 (방배동,1층)",,03,폐업,,,
현대식품,2011-08-31,204142.151524554,441246.626837706,2009년11월법개정전자료,2026-05-06 22:45:09,I,1998-11-26,2,폐업처리,2011-08-31 13:55:45,,1998-11-26,,서울특별시 서초구 양재동 289번지 1   호,19983210076056양286,3210000,서울특별시 서초구 논현로11길 17 (양재동),,03,폐업,,,02-571-1246
동네슈퍼,2001-07-30,198787.701562761,442119.420431824,,2026-05-06 22:44:49,I,,2,폐업처리,2008-02-21 00:00:00,,1999-09-11,,서울특별시 서초구 방배동 459번지 10호,1974321007605600001,3210000,서울특별시 서초구 청두곶8길 42 (방배동),,03,폐업,,,34863219
김밥천국,2009-09-17,199177.0452218,443168.320380936,2009년11월법개정전자료,2026-05-06 22:47:10,I,2008-02-20,2,폐업처리,2009-09-17 15:46:17,,2008-02-20,137-060,서울특별시 서초구 방배동 836번지 3호 1층 108호,2008321012205600019,3210000,"서울특별시 서초구 방배로 195, 108호 (방배동,1층)",,03,폐업,,,02-3477-2500
르네상스,2022-12-26,201184.994931613,442857.184989612,2009년11월법개정전자료,2026-05-06 22:45:08,I,1998-10-29,2,폐업처리,2022-12-26 16:51:08,,1998-10-29,,서울특별시 서초구 서초동 1598번지 3   호,19983210076056서396,3210000,서울특별시 서초구 서초중앙로 69 (서초동),,03,폐업,,,02-521-1246
구내매점,2020-10-27,203171.974508939,439620.265870293,제7조의3제2항에따른경우,2026-05-06 22:48:37,I,2014-12-04,2,폐업처리,2020-10-27 09:21:05,,2014-12-04,137-893,서울특별시 서초구 양재동 223번지,2014321012205600116,3210000,서울특별시 서초구 양재대로12길 36 (양재동),,03,폐업,,,02-573-1481
공룡마트,2008-04-08,203566.537019546,441241.528300708,2009년11월법개정전자료,2026-05-06 22:45:49,I,2002-11-04,2,폐업처리,2008-04-08 15:12:02,,2002-11-04,,서울특별시 서초구 양재동 250번지 1   호,2002321007605600184,3210000,서울특별시 서초구 마방로4길 22 (양재동),,03,폐업,,,
(주)바이더웨이 강남2점,2016-07-11,202249.059734667,444042.044283805,제7조의3제2항에따른경우,2026-05-06 22:45:02,I,1997-12-30,2,폐업처리,2016-07-12 10:19:39,,1997-12-30,137-856,서울특별시 서초구 서초4동 1317번지 11호 누드존상가 1층 101호,1997321007605600097,3210000,"서울특별시 서초구 서초대로77길 9 (서초동,누드존상가 1층 101호)",,03,폐업,,,26374797
(주)아워홈 서울메트로본사서초점,2007-07-13,198644.624561,441588.632814611,,2026-05-06 22:47:07,I,,2,폐업처리,2008-02-21 00:00:00,,2007-03-19,,서울특별시 서초구 방배동 447번지 7호 서울메트로본사 1층,2007321010805600041,3210000,"서울특별시 서초구 효령로 5 (방배동,서울메트로본사 1층)",,03,폐업,,,02-529-0498
금강슈퍼,,201804.823726755,444620.66839464,2009년11월법개정전자료,2026-05-06 22:45:52,I,2003-02-22,3,직권취소,2007-10-08 15:23:50,2007-10-04,2003-02-22,,서울특별시 서초구 반포동 746번지 9   호,2003321007605600036,3210000,서울특별시 서초구 사평대로 349 (반포동),,04,취소/말소/만료/정지/중지,,,
훼미리마트 서초도시점,2011-12-15,201770.147977717,443669.939456811,제7조의3제2항에따른경우,2026-05-06 22:47:35,I,2010-06-30,2,폐업처리,2011-12-16 09:34:29,,2010-06-30,137-881,서울특별시 서초구 서초1동 1679번지 5호 나동 1층,2010321012205600076,3210000,"서울특별시 서초구 서초대로64길 9 (서초동,나동 1층)",,03,폐업,,,
백악관식당,2006-04-05,202017.956762574,444583.228155623,,2026-05-06 22:46:49,I,,2,폐업처리,2008-02-21 00:00:00,,2005-01-20,,서울특별시 서초구 서초동 1303번지 9호 1층,2005321007605600012,3210000,"서울특별시 서초구 사평대로58길 6 (서초동,1층)",,03,폐업,,,
고인돌슈퍼,2011-05-11,203278.729512115,441647.520317014,2009년11월법개정전자료,2026-05-06 22:45:16,I,1999-04-09,2,폐업처리,2011-05-11 15:16:56,,1999-04-09,,서울특별시 서초구 양재동 110번지 10  호,19993210076056양156,3210000,서울특별시 서초구 강남대로23길 12 (양재동),,03,폐업,,,02-529-8216
(주)코리아세븐 잠원본점,2025-01-14,200863.149718262,445458.817735441,제7조의3제2항에따른경우,2026-05-06 22:48:59,I,2016-11-21,2,폐업처리,2025-01-14 16:33:06,,2016-11-21,,서울특별시 서초구 잠원동 60번지 6호 거목상가 104호,2016321015505600136,3210000,"서울특별시 서초구 잠원로4길 34-4, 1층 104호 (잠원동, 거목상가)",06522,03,폐업,2020-12-21,2024-06-30,
씨유 양재언남점,,203962.132622996,441463.262464002,제7조의3제2항에따른경우,2026-05-06 22:49:24,I,2023-02-08,0,정상영업,2023-02-08 16:42:52,,2023-02-08,,서울특별시 서초구 양재동 279-6 동원빌딩,2023321019505600008,3210000,"서울특별시 서초구 언남길 79, 동원빌딩 1층 (양재동)",06775,01,영업/정상,,,
위드미 방배효령점,2019-08-02,199507.07363963,442430.480431004,제7조의3제2항에따른경우,2026-05-06 22:48:40,I,2015-01-30,2,폐업처리,2019-08-02 15:03:48,,2015-01-30,137-843,서울특별시 서초구 방배동 924번지 1호,2015321015505600021,3210000,"서울특별시 서초구 효령로31길 68, 1층 (방배동)",,03,폐업,,,
훼미리마트 서초서울점,2017-12-19,200724.572700127,442410.750140602,2009년11월법개정전자료,2026-05-06 22:46:46,I,2004-11-06,2,폐업처리,2017-12-19 17:18:56,,2004-11-06,,서울특별시 서초구 서초동 1532번지 7호 서울빌딩1층,2004321007605600203,3210000,"서울특별시 서초구 효령로 229 (서초동,서울빌딩1층)",,03,폐업,,,
정곡식품,2009-10-23,200803.625435792,443548.794336163,2009년11월법개정전자료,2026-05-06 22:44:56,I,1991-09-30,2,폐업처리,2009-10-23 14:50:06,,1991-09-30,,서울특별시 서초구 서초동 1705호,19913210076056서349,3210000,서울특별시 서초구 법원로 15 (서초동),,03,폐업,,,02-591-8535
CVSHUE 방배중앙점,2011-10-11,198975.218703523,442731.02826259,2009년11월법개정전자료,2026-05-06 22:47:18,I,2009-10-09,2,폐업처리,2011-10-11 14:29:46,,2009-10-09,137-838,서울특별시 서초구 방배4동 868번지 28호 1층 우측 점포,2009321012205600128,3210000,"서울특별시 서초구 방배중앙로 81 (방배동,1층 우측 점포)",,03,폐업,,,02-591-2495
코사마트,,201501.672660443,442505.573142545,2009년11월법개정전자료,2026-05-06 22:47:10,I,2008-03-24,5,지정취소,2024-05-08 14:40:36,2024-05-08,2008-03-24,137-071,서울특별시 서초구 서초동 1445번지 3호 국제전자센터 제지1층 1015호,2008321012205600033,3210000,"서울특별시 서초구 효령로 304, 지층 1015호 (서초동, 국제전자센터)",,04,취소/말소/만료/정지/중지,,,02-3465-1031
그랜드마트 서초점,2011-06-08,201472.668856726,444193.267014675,2009년11월법개정전자료,2026-05-06 22:47:12,I,2008-07-01,2,폐업처리,2011-06-08 13:41:25,,2008-07-01,137-074,"서울특별시 서초구 서초동 1684번지 1호 서초쇼핑센타 지층3,4호",2008321012205600088,3210000,"서울특별시 서초구 고무래로 90-7 (서초동,서초쇼핑센타 지층3,4호)",,03,폐업,,,
(주)미래사랑하우징,2008-03-13,202037.793623981,444724.806885599,2009년11월법개정전자료,2026-05-06 22:46:51,I,2005-03-21,2,폐업처리,2008-03-13 13:43:38,,2005-03-21,,서울특별시 서초구 반포동 748번지 12호 지상1층,2005321007605600040,3210000,"서울특별시 서초구 강남대로 475 (반포동,지상1층)",,03,폐업,,,
육군복지근무지원단,,,,,2026-05-06 22:45:42,I,,0,정상영업,2008-02-21 00:00:00,,2002-06-10,,서울특별시 서초구 내곡동 산11번지 428 호 (211연대 영외/211연대위탁),2002321007605600094,3210000,,,01,영업/정상,,,
바이더훼이,2008-06-11,202245.881047238,443890.054350781,2009년11월법개정전자료,2026-05-06 22:45:35,I,2001-07-24,2,폐업처리,2008-06-11 15:40:45,,2001-07-24,,서울특별시 서초구 서초동 1320호 윤빌딩1층,2001321007605600130,3210000,"서울특별시 서초구 서초대로74길 3 (서초동,윤빌딩1층)",,03,폐업,,,
GS25서초프랜드,2007-04-30,201871.931061593,442758.453375394,,2026-05-06 22:46:54,I,,2,폐업처리,2008-02-21 00:00:00,,2005-06-09,,서울특별시 서초구 서초동 1605번지 4호 지상1층,2005321007605600088,3210000,"서울특별시 서초구 효령로 349-5 (서초동,지상1층)",,03,폐업,,,02-581-3354
동성유리,2007-12-10,203824.534734419,441260.716693233,2009년11월법개정전자료,2026-05-06 22:47:10,I,2007-11-16,2,폐업처리,2007-12-10 12:42:57,,2007-11-16,137-130,서울특별시 서초구 양재동 307번지 8호 부전빌딩 1층 점포,2007321012205600149,3210000,"서울특별시 서초구 동산로13길 42 (양재동,부전빌딩 1층 점포)",,03,폐업,,,02-573-9810
언남마트,,203871.900249774,441271.848323503,2009년11월법개정전자료,2026-05-06 22:46:04,I,2004-02-27,3,직권취소,2007-07-31 17:05:28,2006-06-13,2004-02-27,,서울특별시 서초구 양재동 306번지 9호,2004321007605600044,3210000,서울특별시 서초구 언남10길 15 (양재동),,04,취소/말소/만료/정지/중지,,,20577685
홈플러스익스프레스 방배2점,2019-06-26,199645.759974517,442380.031392012,제7조의3제3항에따른경우,2026-05-06 22:48:59,I,2016-12-19,2,폐업처리,2019-06-26 14:03:14,,2016-12-19,,서울특별시 서초구 방배동 907번지 10호 외1필지,2016321015505600138,3210000,"서울특별시 서초구 효령로33길 55, 지하1층 (방배동)",06665,03,폐업,,,34749605
태흥식품,2019-08-26,203172.507877767,441495.797565318,2009년11월법개정전자료,2026-05-06 22:46:02,I,2004-01-16,2,폐업처리,2019-08-26 09:59:49,,2004-01-16,,서울특별시 서초구 양재동 121번지 15호,2004321007605600012,3210000,서울특별시 서초구 양재천로13길 18 (양재동),,03,폐업,,,02-573-9763
아로마트,2017-02-17,202481.661169413,442563.269271521,제7조의3제3항에따른경우,2026-05-06 22:48:48,I,2015-10-22,2,폐업처리,2017-02-17 15:02:40,,2015-10-22,,서울특별시 서초구 서초동 1355번지 8호 지하층 113호,2015321015505600119,3210000,"서울특별시 서초구 서운로 13, 지1층 113호 (서초동, 중앙로얄오피스텔)",06732,03,폐업,,,
지에스(GS) 25 서초캐슬,2014-01-08,202647.320791436,442628.258844927,제7조의3제2항에따른경우,2026-05-06 22:47:59,I,2012-01-27,2,폐업처리,2014-01-08 15:57:12,,2012-01-27,,,2012321012205600012,3210000,"서울특별시 서초구 서운로6길 21-2, 1층 (서초동)",,03,폐업,,,
동천,2009-08-27,198806.664107736,443002.669236696,2009년11월법개정전자료,2026-05-06 22:47:05,I,2006-12-18,2,폐업처리,2009-08-27 15:44:52,,2006-12-18,,서울특별시 서초구 방배동 830번지 2   호 1층,2006321010805600059,3210000,"서울특별시 서초구 방배천로 158 (방배동,1층)",,03,폐업,,,02-594-8900
오마트방배점,2005-10-10,199231.978211599,442910.387298105,,2026-05-06 22:45:59,I,,2,폐업처리,2008-02-21 00:00:00,,2003-11-17,,서울특별시 서초구 방배동 873번지 20호 정방빌딩 105,2003321007605600195,3210000,"서울특별시 서초구 서초대로23길 21 (방배동,정방빌딩 105)",,03,폐업,,,
신양철물건재,2009-11-04,202059.397382668,443969.750562859,2009년11월법개정전자료,2026-05-06 22:46:00,I,2003-12-16,2,폐업처리,2009-11-04 15:21:15,,2003-12-16,,서울특별시 서초구 서초동 1316번지 3호 성원빌딩 102,2003321007605600221,3210000,"서울특별시 서초구 서운로 162 (서초동,성원빌딩 102)",,03,폐업,,,
서초마트,2009-03-20,,,2009년11월법개정전자료,2026-05-06 22:46:46,I,2004-11-01,2,폐업처리,2009-03-20 14:32:49,,2004-11-01,,서울특별시 서초구 방배동 429번지 1호,2004321007605600200,3210000,,,03,폐업,,,
소망슈퍼,2004-04-14,203789.826750206,441432.858745633,,2026-05-06 22:45:25,I,,2,폐업처리,2008-02-21 00:00:00,,2000-10-30,,서울특별시 서초구 양재동 270호,2000321007605600110,3210000,서울특별시 서초구 언남11길 18 (양재동),,03,폐업,,,
미니스톱서초남부점,2002-06-14,201235.238904253,442284.298910103,,2026-05-06 22:45:42,I,,2,폐업처리,2008-02-21 00:00:00,,2002-05-21,,서울특별시 서초구 서초동 1454번지 3호,2002321007605600073,3210000,서울특별시 서초구 남부순환로323길 38-17 (서초동),,03,폐업,,,34735357
한화리조트(주)서울벤처정보대학 홍원기,2008-01-03,201621.441195967,442661.56881241,2009년11월법개정전자료,2026-05-06 22:46:56,I,2005-08-09,2,폐업처리,2008-01-03 17:34:19,,2005-08-09,,서울특별시 서초구 서초동 1603번지 54호 지하1층,2005321007605600127,3210000,"서울특별시 서초구 효령로 321 (서초동,지하1층)",,03,폐업,,,
(주)코리아세븐 양재공원길점,2014-11-11,204012.672488694,441124.909188211,제7조의3제2항에따른경우,2026-05-06 22:45:37,I,2001-08-29,2,폐업처리,2014-11-11 12:43:58,,2001-08-29,137-896,서울특별시 서초구 양재2동 291번지 17호 1층,2001321007605600159,3210000,"서울특별시 서초구 동산로 69 (양재동,1층)",,03,폐업,,,
지에스25 삼성알앤디점,,201912.899709028,440406.90213567,제7조의3제2항에따른경우,2026-05-06 22:48:49,I,2015-10-29,0,정상영업,2015-10-29 08:50:07,,2015-10-29,,서울특별시 서초구 우면동 687번지 2호 1층,2015321015505600122,3210000,"서울특별시 서초구 성촌1길 6, 1층 (우면동)",06765,01,영업/정상,,,
씨유 서초블레어점,2023-04-04,201993.98358484,442833.256494495,제7조의3제2항에따른경우,2026-05-06 22:49:23,I,2022-06-14,2,폐업처리,2023-04-04 15:27:42,,2022-06-14,,서울특별시 서초구 서초동 1616-6 블레어가든,2022321019505600019,3210000,"서울특별시 서초구 서초중앙로8길 143, 블레어가든 1층 (서초동)",06642,03,폐업,,,
아크로장식,2019-07-12,199513.040528302,442328.58100894,2009년11월법개정전자료,2026-05-06 22:47:09,I,2007-10-26,2,폐업처리,2019-07-12 13:20:06,,2007-10-26,137-060,서울특별시 서초구 방배동 923번지 6호 방배아크로타워 1층 127호,2007321012205600139,3210000,"서울특별시 서초구 방배로13길 18, 127호 (방배동,방배아크로타워 1층)",,03,폐업,,,
늘푸른과일야채,,203923.05754457,440898.466396956,2009년11월법개정전자료,2026-05-06 22:46:29,I,2004-07-12,5,지정취소,2020-01-10 10:12:59,2020-01-10,2004-07-12,,서울특별시 서초구 양재동 369번지 5호 1층4호,2004321007605600135,3210000,"서울특별시 서초구 강남대로8길 90 (양재동,1층4호)",,04,취소/말소/만료/정지/중지,,,
하이웨이마트 반포점,2015-11-03,200990.250327999,444448.965951032,제7조의3제2항에따른경우,2026-05-06 22:48:06,I,2012-11-26,2,폐업처리,2015-11-03 12:26:11,,2012-11-26,,,2012321012205600114,3210000,"서울특별시 서초중앙로 230, 지하1층",,03,폐업,,,02-536-5949
훼미리마트 서래마을점,2010-06-11,199723.837728992,444145.50494104,2009년11월법개정전자료,2026-05-06 22:46:20,I,2004-07-02,2,폐업처리,2010-06-11 09:06:39,,2004-07-02,,서울특별시 서초구 반포동 94번지 1호 1층101,2004321007605600123,3210000,"서울특별시 서초구 사평대로 120 (반포동,1층101)",,03,폐업,,,34726220
그린슈퍼,2006-11-13,199140.497764368,441713.616988838,,2026-05-06 22:46:51,I,,2,폐업처리,2008-02-21 00:00:00,,2005-03-07,,서울특별시 서초구 방배동 541번지 115호,2005321007605600033,3210000,서울특별시 서초구 효령로14길 33 (방배동),,03,폐업,,,
GS25서초캐슬점,2010-12-10,202647.320791436,442628.258844927,제7조의3제2항에따른경우,2026-05-06 22:47:21,I,2009-12-15,2,폐업처리,2010-12-10 13:43:42,,2009-12-15,137-863,서울특별시 서초구 서초2동 1359번지 15호,2009321012205600162,3210000,서울특별시 서초구 서운로6길 21-2 (서초동),,03,폐업,,,
LG25 반포1점,2005-01-27,200836.484603059,444418.23261792,,2026-05-06 22:46:03,I,,2,폐업처리,2008-02-21 00:00:00,,2004-02-06,,서울특별시 서초구 반포동 54번지 3호 정환빌딩,2004321007605600030,3210000,"서울특별시 서초구 고무래로8길 9 (반포동,정환빌딩)",,03,폐업,,,
케이티연구개발센타 구내휴게실,2007-07-05,202497.519150037,441019.955686197,,2026-05-06 22:46:04,I,,2,폐업처리,2008-02-21 00:00:00,,2004-03-11,,서울특별시 서초구 우면동 17호 케이티연구개발센타 1층,2004321007605600050,3210000,"서울특별시 서초구 태봉로 151 (우면동,케이티연구개발센타 1층)",,03,폐업,,,
씨유 강남애비뉴점,,202389.26,443804.065,2009년11월법개정전자료,2026-05-06 22:47:16,I,2009-07-07,5,지정취소,2018-10-23 13:58:54,2018-10-23,2009-07-07,137-857,서울특별시 서초구 서초2동 1319번지 13호 외1필지 서초현대타워 103호,2009321012205600076,3210000,"서울특별시 서초구 강남대로 375, 103호 (서초동, 외1필지  서초현대타워 1층)",,04,취소/말소/만료/정지/중지,,,
중앙슈퍼,2002-10-24,198730.861451101,441807.207692005,,2026-05-06 22:45:25,I,,2,폐업처리,2008-02-21 00:00:00,,2000-01-18,,서울특별시 서초구 방배동 471번지 16호,2000321007605600117,3210000,서울특별시 서초구 청두곶2길 22 (방배동),,03,폐업,,,
리츠공인중개사사무소,2012-05-14,198845.657797775,443825.9650708,제7조의3제2항에따른경우,2026-05-06 22:47:59,I,2012-02-06,2,폐업처리,2012-05-14 13:41:35,,2012-02-06,,,2012321012205600016,3210000,"서울특별시 서초구 방배로 269, 111호 (방배동, 삼호상가 )",,03,폐업,,,
정훈슈퍼마켓,2015-01-12,201024.481364815,445492.334204608,2009년11월법개정전자료,2026-05-06 22:45:38,I,2001-10-10,2,폐업처리,2015-01-12 13:49:43,,2001-10-10,137-907,서울특별시 서초구 잠원동 60번지 3호 매일종합상가 지층 15호,2001321007605600188,3210000,,,03,폐업,,,
대박통신 이수점,2018-08-17,198425.818981763,443162.129487578,제7조의3제2항에따른경우,2026-05-06 22:48:39,I,2015-01-16,2,폐업처리,2018-08-17 15:28:24,,2015-01-16,137-852,서울특별시 서초구 방배동 2253번지,2015321015505600007,3210000,"서울특별시 서초구 동작대로 160, 1층 (방배동)",,03,폐업,,,02-535-5115
위드미 방배경찰서점,2023-11-16,198410.876785104,442208.225545224,제7조의3제2항에따른경우,2026-05-06 22:48:49,I,2015-11-02,2,폐업처리,2023-11-16 15:06:21,,2015-11-02,,서울특별시 서초구 방배동 455번지 1호,2015321015505600124,3210000,"서울특별시 서초구 방배천로 62, 1층 (방배동)",06677,03,폐업,,,
GS25잠원하나점,2016-10-14,201584.328212166,445441.379593727,제7조의3제2항에따른경우,2026-05-06 22:48:36,I,2014-11-06,2,폐업처리,2016-10-14 14:24:34,,2014-11-06,137-906,서울특별시 서초구 잠원동 42번지 10호,2014321012205600107,3210000,서울특별시 서초구 신반포로45길 9-4 (잠원동),,03,폐업,,,02-541-6384
위드미 반포서래,2011-11-08,199713.06707338,443976.011483331,2009년11월법개정전자료,2026-05-06 22:45:40,I,2002-01-02,2,폐업처리,2011-11-08 15:06:49,,2002-01-02,,서울특별시 서초구 반포동 105번지 10호 1층,2002321007605600001,3210000,"서울특별시 서초구 사평대로22길 36 (반포동,1층)",,03,폐업,,,
클레,2018-06-19,203789.826750206,441432.858745633,제7조의3제2항에따른경우,2026-05-06 22:48:54,I,2016-07-15,2,폐업처리,2018-06-19 12:19:03,,2016-07-15,,서울특별시 서초구 양재동 270번지 외1필지,2016321015505600062,3210000,"서울특별시 서초구 언남11길 20, 1층 101호 (양재동, 노블레스)",06776,03,폐업,,,
위드미 파미에파크점,,200514.002958761,444644.771176041,제7조의3제2항에따른경우,2026-05-06 22:48:16,I,2013-10-24,0,정상영업,2018-08-17 13:34:55,,2013-10-24,137-044,서울특별시 서초구 반포4동 118번지 3호 파미에파크 BPC 120-8호,2013321012205600070,3210000,"서울특별시 서초구 사평대로 205, 102-8호 (반포동, 파미에파크BPC)",,01,영업/정상,,,
우신식품,2003-09-30,198894.158788973,444582.929318909,,2026-05-06 22:44:49,I,,2,폐업처리,2008-02-21 00:00:00,,1980-01-25,,서울특별시 서초구 반포동 809호 반포상가1블럭 22호,1980321007605600011,3210000,"서울특별시 서초구 신반포로 45 (반포동,반포상가1블럭 22호)",,03,폐업,,,
연수센타매점,2003-07-23,203947.149900476,440237.221463641,,2026-05-06 22:45:10,I,,2,폐업처리,2008-02-21 00:00:00,,1999-03-23,,서울특별시 서초구 염곡동 304호 한국국제협력단연수센타,1999321007605600017,3210000,,,03,폐업,,,34605868
전자담배양재,2012-09-25,203687.68479438,442178.693233981,제7조의3제2항에따른경우,2026-05-06 22:47:57,I,2011-09-06,2,폐업처리,2012-09-25 17:52:03,,2011-09-06,137-886,서울특별시 서초구 양재1동 4번지 4호 1층,2011321012205600101,3210000,"서울특별시 서초구 바우뫼로 225 (양재동,1층)",,03,폐업,,,
(주)코리아세븐 방배효령점,,200127.827157674,442261.582777482,2009년11월법개정전자료,2026-05-06 22:47:10,I,2007-11-14,0,정상영업,2012-12-21 15:04:07,,2007-11-14,137-070,서울특별시 서초구 서초동 1490번지 49호 1층,2007321012205600148,3210000,"서울특별시 서초구 효령로 165, 1층 (서초동)",,01,영업/정상,,,02-2127-5962
훼미리마트 몽마르뜨점,2005-12-29,199927.598492842,443610.734685944,,2026-05-06 22:46:06,I,,2,폐업처리,2008-02-21 00:00:00,,2004-04-16,,서울특별시 서초구 반포동 577번지 20호,2004321007605600074,3210000,서울특별시 서초구 동광로 164 (반포동),,03,폐업,,,
이수슈퍼,2020-05-28,199181.687727542,442105.477029315,2009년11월법개정전자료,2026-05-06 22:44:50,I,1981-11-18,2,폐업처리,2020-05-28 14:53:59,,1981-11-18,,서울특별시 서초구 방배동 979번지 28  호,19813210076056방263,3210000,서울특별시 서초구 효령로19길 32 (방배동),,03,폐업,,,02-585-3807
성지마을가게,,,,,2026-05-06 22:46:56,I,,0,정상영업,2008-02-21 00:00:00,,2005-08-30,,서울특별시 서초구 방배동 569호,2005321007605600141,3210000,,,01,영업/정상,,,
스타베이프,,199251.746910082,442996.824166239,제7조의3제2항에따른경우,2026-05-06 22:49:02,I,2017-11-14,0,정상영업,2023-05-04 16:23:20,,2017-11-14,,서울특별시 서초구 방배동 852-19 동성빌딩,2017321015505600264,3210000,"서울특별시 서초구 방배로 175, 동성빌딩 1층 101호 (방배동)",06572,01,영업/정상,,,
7호선 고속터미널 하선 매점,,200250.447804795,444683.220506107,제7조의3제3항에따른경우,2026-05-06 22:47:38,I,2010-08-13,0,정상영업,2010-08-13 15:02:45,,2010-08-13,137-713,서울특별시 서초구 반포4동 19번지 3호 7호선고속터미널역하선,2010321012205600094,3210000,"서울특별시 서초구 신반포로 176 (반포동,7호선고속터미널역하선)",,01,영업/정상,,,
청계산 로또판매점,,204444.418396759,439045.596025645,제7조의3제2항에따른경우,2026-05-06 22:49:26,I,2023-12-21,0,정상영업,2023-12-29 10:40:02,,2023-12-21,,서울특별시 서초구 신원동 485-2,2023321019505600071,3210000,"서울특별시 서초구 청계산로 120, 1층 (신원동)",06799,01,영업/정상,,,
GS25 서초강남점,2005-11-07,202349.122501179,443736.168681565,,2026-05-06 22:45:59,I,,2,폐업처리,2008-02-21 00:00:00,,2003-11-14,,서울특별시 서초구 서초동 1327번지 1호 1층,2003321007605600188,3210000,"서울특별시 서초구 서초대로78길 22 (서초동,1층)",,03,폐업,,,
지에스25 방배아트힐,2018-09-04,200382.677670522,441721.278243893,2009년11월법개정전자료,2026-05-06 22:47:18,I,2009-09-21,2,폐업처리,2018-09-04 13:23:59,,2009-09-21,137-850,서울특별시 서초구 방배3동 1008번지 2호 래미안방배아트힐 상가 103호,2009321012205600116,3210000,"서울특별시 서초구 남부순환로 2311-12, 103호 (방배동,래미안방배아트힐 상가)",,03,폐업,,,
에스엠코인,2013-04-19,200854.339746219,441718.211042903,2009년11월법개정전자료,2026-05-06 22:46:57,I,2005-10-18,2,폐업처리,2013-04-19 15:39:23,,2005-10-18,,서울특별시 서초구 서초동 1753호 한국예술종합학교,2005321007605600160,3210000,"서울특별시 서초구 남부순환로 2374 (서초동,한국예술종합학교)",,03,폐업,,,
트라이베카클레식,2005-02-23,201577.653343873,443623.599964173,,2026-05-06 22:46:46,I,,2,폐업처리,2008-02-21 00:00:00,,2004-11-04,,서울특별시 서초구 서초동 1677번지 8호,2004321007605600201,3210000,서울특별시 서초구 서초대로 338 (서초동),,03,폐업,,,
황금공인중개사사무소,2010-03-12,201822.699827481,445232.994222545,2009년11월법개정전자료,2026-05-06 22:47:16,I,2009-06-15,2,폐업처리,2010-03-12 16:29:01,,2009-06-15,137-809,서울특별시 서초구 반포1동 722번지 1호   101호,2009321012205600065,3210000,"서울특별시 서초구 강남대로89길 7, 101호 (반포동)",,03,폐업,,,
한국미니스톱 양재으뜸점,2004-12-29,203311.510959821,442373.928309843,,2026-05-06 22:46:03,I,,2,폐업처리,2008-02-21 00:00:00,,2004-02-11,,서울특별시 서초구 양재동 8번지 71호,2004321007605600033,3210000,서울특별시 서초구 남부순환로356길 33 (양재동),,03,폐업,,,
세븐일레븐양재4호점,2011-01-10,202976.029807417,440281.405998565,2009년11월법개정전자료,2026-05-06 22:45:27,I,2000-11-14,2,폐업처리,2011-01-10 14:58:27,,2000-11-14,,서울특별시 서초구 양재동 209번지 5   호,2000321007605600166,3210000,서울특별시 서초구 매헌로 42 (양재동),,03,폐업,,,
GS25 서초포레스타,2019-09-09,205145.303454593,439181.825257587,제7조의3제2항에따른경우,2026-05-06 22:48:30,I,2014-08-20,2,폐업처리,2019-09-09 13:45:55,,2014-08-20,137-160,서울특별시 서초구 신원동 408번지,2014321012205600063,3210000,"서울특별시 서초구 헌릉로8길 22, 1층 103호 (신원동, 서초포레스타3단지 상가동)",,03,폐업,,,
연경매점,2004-05-03,203853.910379812,440405.05864823,,2026-05-06 22:45:51,I,,2,폐업처리,2008-02-21 00:00:00,,2003-02-05,,서울특별시 서초구 염곡동 300번지 11호,2003321007605600022,3210000,서울특별시 서초구 양재대로 242 (염곡동),,03,폐업,,,34982097
씨유 양재은행점,2019-07-18,203562.10366417,442091.579951425,제7조의3제2항에따른경우,2026-05-06 22:49:00,I,2017-04-27,2,폐업처리,2019-07-18 15:34:20,,2017-04-27,,서울특별시 서초구 양재동 19번지 13호 혜인빌딩,2017321015505600225,3210000,"서울특별시 서초구 논현로31길 44, 1층 (양재동, 혜인빌딩)",06745,03,폐업,,,
신라명과,2005-11-07,202535.840179252,441604.113261939,,2026-05-06 22:45:54,I,,2,폐업처리,2008-02-21 00:00:00,,2003-04-23,,서울특별시 서초구 양재동 154번지 2호 우성상가1층7호,2003321007605600071,3210000,"서울특별시 서초구 바우뫼로 91 (양재동,우성상가1층7호)",,03,폐업,,,
씨유 잠원한신공영점,2023-02-20,200628.43767533,445580.594039349,제7조의3제2항에따른경우,2026-05-06 22:49:18,I,2021-03-12,2,폐업처리,2023-02-20 16:30:39,,2021-03-12,,서울특별시 서초구 잠원동 65-32 한신빌딩,2021321019505600006,3210000,"서울특별시 서초구 잠원로 94, 지하1층 9호 (잠원동, 한신빌딩)",06520,03,폐업,,,
씨유 서초신사점,2024-05-03,200834.255782545,442949.353412005,제7조의3제2항에따른경우,2026-05-06 22:49:06,I,2019-05-13,2,폐업처리,2024-05-03 11:33:22,,2019-05-13,,서울특별시 서초구 서초동 1547번지 5호 Y&K 101호호,2019321018405600014,3210000,"서울특별시 서초구 반포대로22길 14-4, Y&K 1층 101호호 (서초동)",06649,03,폐업,,,
전문분식점,,201680.718422076,445282.979129911,2009년11월법개정전자료,2026-05-06 22:46:56,I,2005-08-09,3,직권취소,2015-08-12 12:22:26,2015-06-05,2005-08-09,,서울특별시 서초구 반포동 705번지 8호 1층 점포,2005321007605600126,3210000,"서울특별시 서초구 주흥16길 23 (반포동,1층 점포)",,04,취소/말소/만료/정지/중지,,,
바이더웨이 내방역점,2008-02-26,199382.417965651,442736.540746171,2009년11월법개정전자료,2026-05-06 22:45:51,I,2003-01-20,2,폐업처리,2008-02-26 09:29:48,,2003-01-20,,서울특별시 서초구 방배동 936번지 10  호,2003321007605600014,3210000,서울특별시 서초구 방배로 147 (방배동),,03,폐업,,,
주)코리아세븐양재우성점,2005-04-28,202846.005800189,441386.072993587,,2026-05-06 22:45:52,I,,2,폐업처리,2008-02-21 00:00:00,,2003-02-22,,서울특별시 서초구 양재동 103호 1층,2003321007605600037,3210000,"서울특별시 서초구 바우뫼로 106 (양재동,1층)",,03,폐업,,,
서문사,2017-11-24,,,2009년11월법개정전자료,2026-05-06 22:44:59,I,1993-07-06,2,폐업처리,2017-11-24 17:13:59,,1993-07-06,,서울특별시 서초구 서초동 1332번지 1   호,1993321015505600265,3210000,,,03,폐업,,,02-582-9283
덕산마트,2007-09-10,203060.78618075,441464.393822918,2009년11월법개정전자료,2026-05-06 22:46:55,I,2005-07-19,2,폐업처리,2007-09-10 16:14:54,,2005-07-19,,서울특별시 서초구 양재동 115호 셀라빌딩지상1층,2005321007605600114,3210000,"서울특별시 서초구 강남대로25길 65 (양재동,셀라빌딩지상1층)",,03,폐업,,,
호연매점,2009-03-17,202508.646065919,442625.413940559,2009년11월법개정전자료,2026-05-06 22:47:06,I,2007-02-13,2,폐업처리,2009-03-17 13:49:27,,2007-02-13,,서울특별시 서초구 서초동 1355번지 3   호 서초월드오피스텔 지하1층  21,2007321010805600020,3210000,"서울특별시 서초구 서운로 19, 21호 (서초동,서초월드오피스텔 지하1층)",,03,폐업,,,02-3472-8586
365마트,2009-06-16,199634.68907156,442406.461256188,2009년11월법개정전자료,2026-05-06 22:45:42,I,2002-05-28,2,폐업처리,2009-06-16 13:17:25,,2002-05-28,137-060,서울특별시 서초구 방배동 907번지 7호 대안빌딩 1층,2002321007605600077,3210000,"서울특별시 서초구 효령로33길 59 (방배동,대안빌딩 1층)",,03,폐업,2007-03-30,2009-02-05,34719100
훼미리마트 방배명성점,2008-08-25,,,2009년11월법개정전자료,2026-05-06 22:47:03,I,2006-07-12,2,폐업처리,2008-08-25 11:50:14,,2006-07-12,,서울특별시 서초구 방배동 454-10호 1층,2006321007605600077,3210000,,,03,폐업,,,
지에스(GS) 25 방배서래,2012-06-25,199238.058555507,443453.070279827,제7조의3제2항에따른경우,2026-05-06 22:47:53,I,2011-06-12,2,폐업처리,2012-06-25 12:22:31,,2011-06-12,137-831,서울특별시 서초구 방배4동 807번지 2호 부운빌딩 1층 101호,2011321012205600066,3210000,"서울특별시 서초구 동광로 88 (방배동,부운빌딩 1층 101호)",,03,폐업,,,
교대주점,2002-06-04,201361.269397446,443450.666112467,,2026-05-06 22:45:00,I,,2,폐업처리,2008-02-21 00:00:00,,1995-04-01,,서울특별시 서초구 서초동 1669번지 1호,1995321007605600024,3210000,서울특별시 서초구 서초중앙로22길 40 (서초동),,03,폐업,,,
주공약국,,,,2009년11월법개정전자료,2026-05-06 22:45:17,I,1999-01-22,5,지정취소,2013-07-22 10:13:33,2013-02-06,1999-01-22,,서울특별시 서초구 반포동 18번지 21  호 주공상가101호,1999321012205600007,3210000,,,04,취소/말소/만료/정지/중지,,,02-593-0815
반포식품,,201150.010140411,446468.203584104,제7조의3제2항에따른경우,2026-05-06 22:47:26,I,2010-03-29,0,정상영업,2010-03-29 11:40:56,,2010-03-29,137-906,서울특별시 서초구 잠원동 49번지 14호 1층,2010321012205600033,3210000,"서울특별시 서초구 잠원로 213-28 (잠원동,1층)",,01,영업/정상,,,02-532-9574
지에스25 서초교대역점,2017-11-17,201199.948183239,443564.14634983,제7조의3제2항에따른경우,2026-05-06 22:48:42,I,2015-06-04,2,폐업처리,2017-11-17 14:06:37,,2015-06-04,137-882,서울특별시 서초구 서초동 1692번지 1호 103호,2015321015505600059,3210000,"서울특별시 서초구 서초대로 301, 1층 103호 (서초동)",,03,폐업,,,
(주)코리아세븐 서초퍼스트점,,202319.138936711,442756.03845203,제7조의3제2항에따른경우,2026-05-06 22:48:56,I,2016-09-26,0,정상영업,2016-09-26 14:10:32,,2016-09-26,,서울특별시 서초구 서초동 1344번지 29호,2016321015505600095,3210000,"서울특별시 서초구 효령로72길 33 (서초동, 정동빌딩)",06727,01,영업/정상,,,
교통카드충전소,2009-11-26,198959.592107775,444419.355874127,2009년11월법개정전자료,2026-05-06 22:47:12,I,2008-07-18,2,폐업처리,2009-11-26 14:37:33,,2008-07-18,137-049,서울특별시 서초구 반포동 1189번지,2008321012205600098,3210000,서울특별시 서초구 신반포로 41 (반포동),,03,폐업,,,
대성석유(주)연일주유소,,201567.617337315,442266.381982546,2009년11월법개정전자료,2026-05-06 22:45:32,I,2001-03-16,0,정상영업,2019-09-05 17:52:54,,2001-03-16,,서울특별시 서초구 서초동 1426번지 13  호,2001321007605600051,3210000,서울특별시 서초구 남부순환로 2451 (서초동),,01,영업/정상,,,34715157
(주) 코리아세븐 강남시너스점,2014-06-17,202276.917171991,443970.967951703,제7조의3제3항에따른경우,2026-05-06 22:47:59,I,2012-01-09,2,폐업처리,2014-06-17 16:11:19,,2012-01-09,,,2012321012205600003,3210000,"서울특별시 서초구 서초대로77길 3, 1층 101,4,5,6호 (서초동, 아라타워)",,03,폐업,,,1577-0711
LG25 강남센타,2022-06-02,202058.674687128,444618.16731522,2009년11월법개정전자료,2026-05-06 22:45:55,I,2003-07-01,2,폐업처리,2022-06-02 13:30:26,,2003-07-01,,서울특별시 서초구 서초동 1303번지 22  호 교보강남타워지하2층,2003321007605600106,3210000,"서울특별시 서초구 강남대로 465 (서초동,교보강남타워지하2층)",,03,폐업,,,
지에스25(GS25)S9 구반포역점,2022-04-01,198709.424984305,444381.011606431,제7조의3제3항에따른경우,2026-05-06 22:49:19,I,2021-04-01,2,폐업처리,2022-04-01 13:13:11,,2021-04-01,,서울특별시 서초구 반포동 817 구반포역,2021321019505600009,3210000,"서울특별시 서초구 신반포로 지하 17, 구반포역 (반포동)",06501,03,폐업,,,
유일슈퍼,2006-11-21,203789.826750206,441432.858745633,,2026-05-06 22:46:06,I,,2,폐업처리,2008-02-21 00:00:00,,2004-04-21,,서울특별시 서초구 양재동 270호,2004321007605600076,3210000,서울특별시 서초구 언남11길 18 (양재동),,03,폐업,,,
한아름마트,2001-08-28,203607.207033901,441326.805298454,,2026-05-06 22:45:24,I,,2,폐업처리,2008-02-21 00:00:00,,2000-07-24,,서울특별시 서초구 양재동 259번지 3호,2000321007605600098,3210000,서울특별시 서초구 마방로6길 8-53 (양재동),,03,폐업,,,34626446
지에스(GS25)S 매헌역점,2025-09-02,203320.727224936,440866.843240761,제7조의3제3항에따른경우,2026-05-06 22:49:25,I,2023-05-01,2,폐업처리,2025-09-02 10:01:48,,2023-05-01,,서울특별시 서초구 양재동 233-2 양재시민의숲역(매헌역),2023321019505600027,3210000,"서울특별시 서초구 매헌로 지하116, 양재시민의숲역(매헌역) 지하층 매장2호 (양재동)",06774,03,폐업,,,
미니스톱양재점,2016-04-29,203808.940239441,441572.948918088,2009년11월법개정전자료,2026-05-06 22:45:35,I,2001-07-26,2,폐업처리,2016-04-29 13:32:28,,2001-07-26,,서울특별시 서초구 양재동 274번지 1   호,2001321007605600132,3210000,서울특별시 서초구 마방로10길 22 (양재동),,03,폐업,,,
방배분식,2009-06-24,198787.758021915,442700.289375269,2009년11월법개정전자료,2026-05-06 22:46:55,I,2005-08-04,2,폐업처리,2009-06-24 13:21:47,,2005-08-04,,서울특별시 서초구 방배동 867번지 8호,2005321007605600121,3210000,서울특별시 서초구 서초대로7길 9 (방배동),,03,폐업,,,
튜브스터코리아 주식회사,2021-12-28,199348.735823795,445528.873603686,제7조의3제2항에따른경우,2026-05-06 22:48:58,I,2016-10-25,2,폐업처리,2021-12-28 14:49:52,,2016-10-25,,서울특별시 서초구 반포동 650번지 채빛섬 1층,2016321015505600127,3210000,"서울특별시 서초구 올림픽대로 683, 1층 (반포동, 채빛섬 )",06500,03,폐업,,,02-713-1362
프레쉬마트,2016-02-18,201096.166530262,442769.552530239,제7조의3제2항에따른경우,2026-05-06 22:48:41,I,2015-04-21,2,폐업처리,2016-02-18 13:43:01,,2015-04-21,137-876,서울특별시 서초구 서초동 1595번지 1호 1층 2호,2015321015505600040,3210000,"서울특별시 서초구 효령로53길 54, 1층 2호 (서초동)",,03,폐업,,,
미니스톱신사역점,2002-04-15,201602.526853992,445912.16106061,,2026-05-06 22:45:36,I,,2,폐업처리,2008-02-21 00:00:00,,2001-08-23,,서울특별시 서초구 잠원동 20번지 8호,2001321007605600153,3210000,서울특별시 서초구 강남대로99길 10 (잠원동),,03,폐업,,,
화이트하우스,,204835.415725756,437907.054302796,,2026-05-06 22:46:01,I,,3,직권취소,2008-02-21 00:00:00,,2004-01-03,,서울특별시 서초구 원지동 419번지 1호,2004321007605600003,3210000,서울특별시 서초구 원터6길 5 (원지동),,04,취소/말소/만료/정지/중지,,,
고향촌,2001-12-03,201814.312481263,442719.001051492,,2026-05-06 22:45:20,I,,2,폐업처리,2008-02-21 00:00:00,,2000-05-12,,서울특별시 서초구 서초동 1605번지 9호,2000321007605600052,3210000,서울특별시 서초구 효령로 341 (서초동),,03,폐업,,,34719617
좋은날포장,,200576.608647619,445241.8984183,,2026-05-06 22:45:46,I,,0,정상영업,2008-02-21 00:00:00,,2002-09-09,,서울특별시 서초구 잠원동 70번지 2   호 뉴코아백화점 신관1층,2002321007605600151,3210000,,,01,영업/정상,,,
교통카드판매소,2017-12-13,200089.229873125,444711.830556143,2009년11월법개정전자료,2026-05-06 22:45:35,I,2001-08-07,2,폐업처리,2017-12-13 16:06:41,,2001-08-07,,서울특별시 서초구 반포동 19번지 2   호 호남선터미널앞,2001321007605600137,3210000,"서울특별시 서초구 반포대로 284 (반포동,호남선터미널앞)",,03,폐업,,,34775750
(주)이마트 양재점,,203204.755637424,440136.781183797,제7조의3제3항에따른경우,2026-05-06 22:47:52,I,2011-05-26,0,정상영업,2014-07-30 17:30:55,,2011-05-26,137-924,서울특별시 서초구 양재2동 215번지 하이브랜드 패션관 지하1층 201호,2011321012205600055,3210000,"서울특별시 서초구 매헌로 16 (양재동,하이브랜드 패션관 지하1층 201호)",,01,영업/정상,,,21551234
GS25 서초아남점,2006-11-21,201837.357470136,443456.746654561,,2026-05-06 22:45:54,I,,2,폐업처리,2008-02-21 00:00:00,,2003-05-07,,서울특별시 서초구 서초동 1635번지 6호 1층,2003321007605600080,3210000,"서울특별시 서초구 서초대로64길 55 (서초동,1층)",,03,폐업,,,20062469
오마트,2006-07-10,199231.978211599,442910.387298105,,2026-05-06 22:46:57,I,,2,폐업처리,2008-02-21 00:00:00,,2005-10-24,,서울특별시 서초구 방배동 873번지 20호 정방빌딩105,2005321007605600163,3210000,"서울특별시 서초구 서초대로23길 21 (방배동,정방빌딩105)",,03,폐업,,,
팝스토어 양재점,2021-01-28,203962.132622996,441463.262464002,제7조의3제2항에따른경우,2026-05-06 22:45:34,I,2001-05-23,2,폐업처리,2021-01-28 17:08:24,,2001-05-23,137-895,서울특별시 서초구 양재2동 279번지 6호,2001321007605600099,3210000,서울특별시 서초구 언남길 79 (양재동),,03,폐업,,,
열린마트,2013-06-14,202126.872592762,440039.132834615,제7조의3제2항에따른경우,2026-05-06 22:47:59,I,2012-02-17,2,폐업처리,2013-06-14 17:55:37,,2012-02-17,,,2012321012205600022,3210000,"서울특별시 서초구 태봉로2길 5, 상가동 1층 105호 (우면동, 서초네이처힐5단지)",,03,폐업,,,02-529-9988
365플러스 서초내방점,2016-03-18,199231.978211599,442910.387298105,제7조의3제2항에따른경우,2026-05-06 22:48:30,I,2014-08-07,2,폐업처리,2016-03-18 10:01:00,,2014-08-07,137-839,서울특별시 서초구 방배동 873번지 20호 105호,2014321012205600058,3210000,"서울특별시 서초구 서초대로23길 21, 1층 105호 (방배동)",,03,폐업,,,
방배슈퍼,2004-03-30,198787.758021915,442700.289375269,,2026-05-06 22:45:51,I,,2,폐업처리,2008-02-21 00:00:00,,2003-01-24,,서울특별시 서초구 방배동 867번지 8호,2003321007605600017,3210000,서울특별시 서초구 서초대로7길 9 (방배동),,03,폐업,,,
지에스25(GS25) 반포래미안점,,201100.600979283,444376.532945802,제7조의3제2항에따른경우,2026-05-06 22:49:18,I,2021-03-04,0,정상영업,2021-03-05 09:15:28,,2021-03-04,,서울특별시 서초구 반포동 1341,2021321019505600005,3210000,"서울특별시 서초구 서초중앙로 224, 1층 132,133,134호 (반포동)",06599,01,영업/정상,,,
주식회사 피앤디비즈,2011-12-23,199186.948492445,443261.760772037,제7조의3제2항에따른경우,2026-05-06 22:47:51,I,2011-05-20,2,폐업처리,2011-12-23 12:05:34,,2011-05-20,137-831,서울특별시 서초구 방배4동 811번지 15호 2층,2011321012205600052,3210000,"서울특별시 서초구 방배로 202 (방배동,2층)",,03,폐업,,,070-7733-5413
현대바트,2005-12-09,203824.534734419,441260.716693233,,2026-05-06 22:45:06,I,,2,폐업처리,2008-02-21 00:00:00,,1998-03-27,,서울특별시 서초구 양재동 307번지 8호,1998321007605698-36,3210000,서울특별시 서초구 동산로13길 42 (양재동),,03,폐업,,,
GS25 서울팔래스,2018-02-28,200148.908812958,444359.607819267,제7조의3제3항에따른경우,2026-05-06 22:47:48,I,2011-02-15,2,폐업처리,2018-02-28 14:51:50,,2011-02-15,137-804,서울특별시 서초구 반포4동 63번지 1호 팔래스호텔주차동 B-102,2011321012205600017,3210000,"서울특별시 서초구 사평대로 160 (반포동,팔래스호텔주차동 B-102)",,03,폐업,,,
GS잠원강남,2015-11-20,201522.560007556,445851.288045136,제7조의3제2항에따른경우,2026-05-06 22:48:19,I,2014-01-29,2,폐업처리,2015-11-20 14:43:08,,2014-01-29,137-903,서울특별시 서초구 잠원동 22번지 7호,2014321012205600012,3210000,"서울특별시 서초구 강남대로99길 27, 1층 (잠원동)",,03,폐업,,,
강남슈퍼,2005-06-03,200463.138591904,442250.6392673,,2026-05-06 22:45:40,I,,2,폐업처리,2008-02-21 00:00:00,,2002-01-30,,서울특별시 서초구 서초동 1487번지 18호,2002321007605600018,3210000,서울특별시 서초구 효령로40길 11 (서초동),,03,폐업,,,
박애약국,2007-06-18,198787.177400681,442565.54556112,,2026-05-06 22:44:50,I,,2,폐업처리,2008-02-21 00:00:00,,1981-01-02,,서울특별시 서초구 방배동 950번지 26호,1981321010805600001,3210000,서울특별시 서초구 방배중앙로11길 52 (방배동),,03,폐업,,,02-583-3852
훼미리마트방배지인점,2003-08-29,198726.6869648,443677.130376294,,2026-05-06 22:45:00,I,,2,폐업처리,2008-02-21 00:00:00,,1995-05-01,,서울특별시 서초구 방배동 769번지 2호,1995321007605600100,3210000,서울특별시 서초구 방배로43길 37 (방배동),,03,폐업,,,02-528-7172
대박,2014-12-24,201520.254586175,445960.835289042,2009년11월법개정전자료,2026-05-06 22:46:45,I,2004-10-26,2,폐업처리,2014-12-24 15:15:29,,2004-10-26,,서울특별시 서초구 잠원동 14번지 16호 금산빌딩2층,2004321007605600197,3210000,"서울특별시 서초구 나루터로 75 (잠원동,금산빌딩2층)",,03,폐업,,,
이마트24 드림명화점,2020-05-18,202605.525331034,443189.699750908,제7조의3제3항에따른경우,2026-05-06 22:49:02,I,2018-02-01,2,폐업처리,2020-05-18 16:32:01,,2018-02-01,,서울특별시 서초구 서초동 1338번지 12호 한화생명보험빌딩,2018321018405600003,3210000,"서울특별시 서초구 강남대로 311, 한화생명보험빌딩 지하1층 (서초동)",06628,03,폐업,,,
카페라온,,203891.041008756,441636.969240722,제7조의3제3항에따른경우,2026-05-06 22:48:49,I,2015-11-26,0,정상영업,2015-11-26 11:14:13,,2015-11-26,,서울특별시 서초구 양재동 275번지 2호 B140호,2015321015505600130,3210000,"서울특별시 서초구 논현로 79, 지1층 B140호 (양재동, 윈드스톤오피스텔)",06775,01,영업/정상,,,02-571-4567
방배슈퍼,2001-07-27,199103.595315614,441666.663184089,,2026-05-06 22:45:11,I,,2,폐업처리,2008-02-21 00:00:00,,1999-06-04,,서울특별시 서초구 방배동 541번지 140호,1999321007605600044,3210000,서울특별시 서초구 효령로14바길 11-1 (방배동),,03,폐업,,,
GS25 방배내방점,2011-08-16,,,제7조의3제2항에따른경우,2026-05-06 22:47:46,I,2011-01-05,2,폐업처리,2011-08-16 13:33:39,,2011-01-05,137-841,"서울특별시 서초구 방배1동 895번지 16,17호 1층",2011321012205600001,3210000,,,03,폐업,,,
씨유 서초골드로즈점,,202429.934281815,443439.264963001,2009년11월법개정전자료,2026-05-06 22:46:56,I,2005-08-24,0,정상영업,2012-07-27 09:23:49,,2005-08-24,,서울특별시 서초구 서초동 1330번지 6호 롯데골드로즈103호,2005321007605600138,3210000,"서울특별시 서초구 서초대로74길 51, 103호 (서초동, 롯데골드로즈)",,01,영업/정상,,,
아임프리,2008-08-13,201612.748824471,443077.280484615,2009년11월법개정전자료,2026-05-06 22:46:03,I,2004-02-11,2,폐업처리,2008-08-13 15:01:23,,2004-02-11,,서울특별시 서초구 서초동 1649번지 16호 롯데빌딩  103,2004321007605600032,3210000,"서울특별시 서초구 사임당로 85, 103호 (서초동,롯데빌딩)",,03,폐업,,,34744568
해피투게더,2003-01-24,198964.87983429,443362.049011627,,2026-05-06 22:45:37,I,,2,폐업처리,2008-02-21 00:00:00,,2001-09-13,,서울특별시 서초구 방배동 793번지 13호,2001321007605600166,3210000,서울특별시 서초구 동광로 59 (방배동),,03,폐업,,,63370808
터미널센터,2004-04-08,203298.881290574,439881.740443559,,2026-05-06 22:45:49,I,,2,폐업처리,2008-02-21 00:00:00,,2002-11-12,,서울특별시 서초구 양재동 226호 한국트럭터미널 본관,2002321007605600189,3210000,"서울특별시 서초구 양재대로12길 25 (양재동,한국트럭터미널 본관)",,03,폐업,,,
프라자,,198776.113460442,444432.325191038,,2026-05-06 22:46:03,I,,0,정상영업,2008-02-21 00:00:00,,2004-02-05,,서울특별시 서초구 반포동 1313호   169,2004321007605600029,3210000,"서울특별시 서초구 신반포로3길 8, 169호 (반포동)",,01,영업/정상,,,
서광수퍼,2009-05-28,200763.865727671,443262.991931146,2009년11월법개정전자료,2026-05-06 22:47:09,I,2007-10-09,2,폐업처리,2009-05-28 15:08:58,,2007-10-09,137-070,서울특별시 서초구 서초동 1552번지 15호,2007321012205600133,3210000,서울특별시 서초구 반포대로30길 12-3 (서초동),,03,폐업,,,02-3486-4405
(주)피에르,2006-03-31,200250.447804795,444683.220506107,,2026-05-06 22:46:05,I,,2,폐업처리,2008-02-21 00:00:00,,2004-04-10,,서울특별시 서초구 반포동 19번지 3호 JS 메리어트호텔 2층,2004321007605600067,3210000,"서울특별시 서초구 신반포로 176 (반포동,JS 메리어트호텔 2층)",,03,폐업,,,
씨유 신반포역점,2012-10-18,199547.194595295,444540.23951026,제7조의3제2항에따른경우,2026-05-06 22:47:38,I,2010-08-03,2,폐업처리,2012-10-18 16:57:40,,2010-08-03,137-042,서울특별시 서초구 반포2동 18번지 4호  신반포역상가 102호,2010321012205600090,3210000,"서울특별시 서초구 신반포로 100, 102호 (반포동, 신반포역상가)",,03,폐업,,,
씨유 양재단성점,,203348.776027825,442475.718217737,제7조의3제2항에따른경우,2026-05-06 22:48:16,I,2013-11-27,0,정상영업,2013-11-27 17:25:19,,2013-11-27,137-886,서울특별시 서초구 양재1동 1번지 23호  단성오피스텔 1층,2013321012205600078,3210000,"서울특별시 서초구 남부순환로 2634-8, 1층 (양재동, 단성오피스텔)",,01,영업/정상,,,
(주)코리아세븐 방배점,,199624.929068646,442262.095416342,제7조의3제2항에따른경우,2026-05-06 22:49:11,I,2020-06-16,0,정상영업,2020-06-26 10:01:51,,2020-06-16,,서울특별시 서초구 방배동 910번지 12호 보령빌딩,2020321018405600035,3210000,"서울특별시 서초구 방배로 93, 보령빌딩 1층 (방배동)",06686,01,영업/정상,,,
프리마트,2012-07-17,200727.162672148,442346.430471291,2009년11월법개정전자료,2026-05-06 22:47:11,I,2008-05-08,2,폐업처리,2012-07-17 10:30:39,,2008-05-08,137-073,서울특별시 서초구 서초동 1485번지 1호 구진빌딩 지하1층,2008321012205600056,3210000,"서울특별시 서초구 효령로46길 5 (서초동,구진빌딩 지하1층)",,03,폐업,,,02-3487-4107
방배슈퍼,2008-06-11,199132.169499876,442425.370583118,2009년11월법개정전자료,2026-05-06 22:45:33,I,2001-05-02,2,폐업처리,2008-06-11 09:11:53,,2001-05-02,,서울특별시 서초구 방배동 963번지 15  호,2001321007605600080,3210000,서울특별시 서초구 방배중앙로 47 (방배동),,03,폐업,,,
지에스25 서초리치점,,203982.973731284,440836.878316905,제7조의3제2항에따른경우,2026-05-06 22:48:45,I,2015-08-27,0,정상영업,2015-09-08 09:09:10,,2015-08-27,,서울특별시 서초구 양재동 365번지 1층,2015321015505600089,3210000,"서울특별시 서초구 강남대로6길 108-4, 1층 (양재동)",06789,01,영업/정상,,,
미니스톱 방배역점,2012-12-18,199591.880863223,442122.929037977,2009년11월법개정전자료,2026-05-06 22:45:55,I,2003-07-03,2,폐업처리,2012-12-18 10:51:33,,2003-07-03,,서울특별시 서초구 방배동 912번지 5   호,2003321007605600111,3210000,서울특별시 서초구 효령로 111 (방배동),,03,폐업,,,
루디아슈퍼,2009-10-16,200876.644345995,442117.411358924,2009년11월법개정전자료,2026-05-06 22:47:08,I,2007-05-25,2,폐업처리,2009-10-16 12:40:51,,2007-05-25,,서울특별시 서초구 서초동 1473번지 1   호,2007321010805600072,3210000,서울특별시 서초구 반포대로3길 31 (서초동),,03,폐업,,,02-582-3285
우리마트,2009-12-04,199165.364856427,441790.213551533,2009년11월법개정전자료,2026-05-06 22:47:10,I,2008-03-17,2,폐업처리,2009-12-04 13:52:33,,2008-03-17,137-063,서울특별시 서초구 방배동 537번지 32호 지하,2008321012205600030,3210000,"서울특별시 서초구 효령로16길 24 (방배동,지하)",,03,폐업,,,02-583-2336
씨유 서초우면점,,201850.658662353,440070.962569507,제7조의3제2항에따른경우,2026-05-06 22:49:28,I,2024-08-08,0,정상영업,2024-11-22 14:47:51,,2024-08-08,,서울특별시 서초구 우면동 712 서초네이처힐2단지 상가동 104호,2024321019505600044,3210000,"서울특별시 서초구 형촌길 15, 상가동 104호 (우면동, 서초네이처힐2단지)",06765,01,영업/정상,,,
공인중개사,2004-04-20,198410.846961,442268.362731057,,2026-05-06 22:45:06,I,,2,폐업처리,2008-02-21 00:00:00,,1998-11-11,,서울특별시 서초구 방배동 437번지 1호,19983210076056080-9,3210000,서울특별시 서초구 방배천로 68 (방배동),,03,폐업,,,
구구치킨,2005-11-22,203854.867445133,441017.928150207,,2026-05-06 22:45:16,I,,2,폐업처리,2008-02-21 00:00:00,,1999-10-21,,서울특별시 서초구 양재동 373호,19993210076056양2-2,3210000,서울특별시 서초구 동산로 48 (양재동),,03,폐업,,,
바투강남,2024-01-11,202044.926541949,442642.000687576,제7조의3제2항에따른경우,2026-05-06 22:48:56,I,2016-09-21,2,폐업처리,2024-01-11 13:43:36,,2016-09-21,,서울특별시 서초구 서초동 1436번지 1호 외 1필지 현대상가동(동쪽단지)  201호,2016321015505600091,3210000,"서울특별시 서초구 효령로72길 2, 2층 201호 (서초동, 현대상가)",06726,03,폐업,,,
GS25 서초예전점,,201023.856936308,442375.121390127,,2026-05-06 22:47:07,I,,0,정상영업,2008-02-21 00:00:00,,2007-02-16,,서울특별시 서초구 서초동 1451번지 7호,2007321010805600023,3210000,서울특별시 서초구 반포대로8길 5-10 (서초동),,01,영업/정상,,,02-525-0593
롯데쇼핑(주)롯데슈퍼 잠원점,,201104.26895551,445266.678558749,제7조의3제3항에따른경우,2026-05-06 22:46:56,I,2005-08-26,0,정상영업,2026-04-27 11:09:43,,2005-08-26,,서울특별시 서초구 잠원동 58번지 24호 뉴타운빌딩지하1층,2005321007605600140,3210000,"서울특별시 서초구 신반포로 257, 지하1층 (잠원동)",,01,영업/정상,,,02-599-5624
평화매점,,201055.049081675,442298.468220422,2009년11월법개정전자료,2026-05-06 22:47:13,I,2008-12-09,0,정상영업,2008-12-09 15:59:47,,2008-12-09,137-073,서울특별시 서초구 서초동 1451번지 34호 평화빌딩 지하1층,2008321012205600167,3210000,"서울특별시 서초구 반포대로 22 (서초동,평화빌딩 지하1층)",,01,영업/정상,,,
씨유 신반포역점,,199547.194595295,444540.23951026,제7조의3제2항에따른경우,2026-05-06 22:49:29,I,2025-02-21,0,정상영업,2025-02-21 10:41:44,,2025-02-21,,서울특별시 서초구 반포동 18-4 래미안 퍼스티지 신반포역상가,2025321019505600006,3210000,"서울특별시 서초구 신반포로 100, 래미안 퍼스티지 신반포역상가 1층 102호 (반포동)",06547,01,영업/정상,,,
코끼리마트,2011-07-01,199251.468576388,442284.794224674,제7조의3제2항에따른경우,2026-05-06 22:47:37,I,2010-07-16,2,폐업처리,2011-07-04 10:40:33,,2010-07-16,137-843,서울특별시 서초구 방배1동 919번지 1호 지호빌딩 1층,2010321012205600083,3210000,"서울특별시 서초구 방배중앙로 30 (방배동,지호빌딩 1층)",,03,폐업,,,
라이트안경,2015-06-10,201369.445938815,442584.63649791,제7조의3제2항에따른경우,2026-05-06 22:47:50,I,2011-03-29,2,폐업처리,2015-06-10 14:28:07,,2011-03-29,137-953,서울특별시 서초구 서초3동 1603번지 20호 정원빌딩 1층,2011321012205600031,3210000,"서울특별시 서초구 서초중앙로 38 (서초동,정원빌딩 1층)",,03,폐업,,,
미니스톱 서초가야점,2020-02-28,201023.097444958,443180.106059476,제7조의3제2항에따른경우,2026-05-06 22:48:53,I,2016-05-11,2,폐업처리,2020-02-28 10:37:00,,2016-05-11,,서울특별시 서초구 서초동 1569번지 3호,2016321015505600042,3210000,"서울특별시 서초구 반포대로22길 73, 1층 (서초동)",06645,03,폐업,,,
뉴동신마트,2009-03-02,200708.194896058,442920.529041767,2009년11월법개정전자료,2026-05-06 22:47:14,I,2009-01-05,2,폐업처리,2009-03-02 14:22:27,,2009-01-05,137-073,서울특별시 서초구 서초동 1539번지 10호 지하,2009321012205600002,3210000,"서울특별시 서초구 반포대로 93 (서초동,지하)",,03,폐업,,,
슈퍼청과,2006-07-12,198509.373605434,443169.079603719,,2026-05-06 22:45:14,I,,2,폐업처리,2008-02-21 00:00:00,,1999-10-05,,서울특별시 서초구 방배동 2123호,19993210076056방471,3210000,서울특별시 서초구 동광로 10-1 (방배동),,03,폐업,,,02-535-0459
감미옥,2019-11-08,200246.255070605,445174.193878077,2009년11월법개정전자료,2026-05-06 22:46:34,I,2004-08-12,2,폐업처리,2019-11-08 12:31:19,,2004-08-12,,서울특별시 서초구 잠원동 72번지 2호 반원상가115,2004321007605600156,3210000,"서울특별시 서초구 신반포로23길 30 (잠원동,반원상가115)",,03,폐업,,,
산수정,2005-07-14,206761.589469844,439079.184879581,,2026-05-06 22:45:59,I,,2,폐업처리,2008-02-21 00:00:00,,2003-11-12,,서울특별시 서초구 내곡동 1번지 406호,2003321007605600183,3210000,서울특별시 서초구 신흥안길 40-41 (내곡동),,03,폐업,,,34121028
진흥슈퍼,2008-10-07,201930.014907812,443904.461723691,2009년11월법개정전자료,2026-05-06 22:45:09,I,1998-02-12,2,폐업처리,2008-10-07 13:43:12,,1998-02-12,,서울특별시 서초구 서초동 1315호,19983210076056서451,3210000,,,03,폐업,,,02-3481-9794
렌탈맨(주),2024-01-26,203817.645288426,440372.135898289,2009년11월법개정전자료,2026-05-06 22:47:10,I,2008-02-20,2,폐업처리,2024-01-26 11:57:05,,2008-02-20,137-170,서울특별시 서초구 염곡동 300번지 6호 코트라빌딩 아이케이피 지하1,2008321012205600016,3210000,"서울특별시 서초구 헌릉로 7 (염곡동,코트라빌딩 아이케이피 지하1)",,03,폐업,,,02-3463-0310
원지미니슈퍼,,205039.122669497,438092.114640553,2009년11월법개정전자료,2026-05-06 22:47:03,I,2006-07-04,5,지정취소,2020-05-28 17:42:31,2020-05-28,2006-07-04,,서울특별시 서초구 원지동 383번지 1호,2006321007605600074,3210000,서울특별시 서초구 청계산로 231 (원지동),,04,취소/말소/만료/정지/중지,,,
케이더블유비(KWB),2021-04-06,198394.433265008,442651.55894894,제7조의3제3항에따른경우,2026-05-06 22:48:30,I,2014-07-30,2,폐업처리,2021-04-06 12:04:08,,2014-07-30,137-974,서울특별시 서초구 방배동 3001번지 1호,2014321012205600056,3210000,"서울특별시 서초구 동작대로 108, B2층 F14호 (방배동, 디오슈페리움2차)",,03,폐업,,,
럭키슈퍼,,,,2009년11월법개정전자료,2026-05-06 22:45:19,I,2000-04-01,3,직권취소,2007-07-31 16:57:30,2006-06-13,2000-04-01,,서울특별시 서초구 서초동 1421번지 3   호,2000321007605600028,3210000,,,04,취소/말소/만료/정지/중지,,,
GS25서초샘마을점,,206222.68463863,439514.19119965,제7조의3제2항에따른경우,2026-05-06 22:49:01,I,2017-07-14,0,정상영업,2017-07-26 10:56:13,,2017-07-14,,서울특별시 서초구 내곡동 1번지 175호,2017321015505600242,3210000,"서울특별시 서초구 샘마을길 3-2, 1층 (내곡동)",06794,01,영업/정상,,,
조아식품,2003-05-09,203442.313544118,441266.410852102,,2026-05-06 22:45:49,I,,2,폐업처리,2008-02-21 00:00:00,,2002-10-25,,서울특별시 서초구 양재동 249번지 1호,2002321007605600175,3210000,서울특별시 서초구 마방로 6 (양재동),,03,폐업,,,
탑농산물유통,2006-04-03,198854.077799476,442883.635793886,,2026-05-06 22:46:58,I,,2,폐업처리,2008-02-21 00:00:00,,2005-12-06,,서울특별시 서초구 방배동 858번지 1호,2005321007605600190,3210000,서울특별시 서초구 방배천로34길 27 (방배동),,03,폐업,,,
리빙마트,2013-08-05,198468.076641337,441248.720166519,2009년11월법개정전자료,2026-05-06 22:47:13,I,2008-08-04,2,폐업처리,2013-08-05 17:03:43,,2008-08-04,137-062,서울특별시 서초구 방배동 2626번지 1호 방배래미안상가 101호,2008321012205600110,3210000,"서울특별시 서초구 방배선행길 8 (방배동,방배래미안상가 101호)",,03,폐업,,,
SK네트웍스(주) 반포주유소,2020-05-29,198652.239589719,444035.575228539,제7조의3제2항에따른경우,2026-05-06 22:45:30,I,2001-01-09,2,폐업처리,2020-05-29 13:26:36,,2001-01-09,,서울특별시 서초구 방배동 750번지 20  호,2001321007605600005,3210000,서울특별시 서초구 사평대로 12 (방배동),,03,폐업,,,
현도공사,2003-02-18,201765.042541746,444619.143016388,,2026-05-06 22:45:32,I,,2,폐업처리,2008-02-21 00:00:00,,2001-03-09,,서울특별시 서초구 반포동 745번지 6호,2001321007605600047,3210000,서울특별시 서초구 주흥길 3 (반포동),,03,폐업,,,
지에스(GS)25 서초포레점,2023-04-21,205329.561120927,439241.118196373,제7조의3제2항에따른경우,2026-05-06 22:49:07,I,2019-05-15,2,폐업처리,2023-04-21 14:42:24,,2019-05-15,,서울특별시 서초구 내곡동 143번지 서초 포레스타 2단지 상가동 105호,2019321018405600016,3210000,"서울특별시 서초구 헌릉로8길 45, 상가동 1층 105, 106호 (내곡동, 서초 포레스타 2단지)",06800,03,폐업,,,
뉴건우공인중개사사무소,2013-02-28,200579.434155089,445728.243918949,제7조의3제2항에따른경우,2026-05-06 22:48:09,I,2013-01-18,2,폐업처리,2013-02-28 15:59:09,,2013-01-18,,,2013321012205600004,3210000,"서울특별시 서초구 잠원로 112, 1층 101호 (잠원동)",,03,폐업,,,
신양철물,2003-12-09,202059.397382668,443969.750562859,,2026-05-06 22:45:34,I,,2,폐업처리,2008-02-21 00:00:00,,2001-06-08,,서울특별시 서초구 서초동 1316번지 3호 성월빌딩1층102,2001321007605600108,3210000,"서울특별시 서초구 서운로 162 (서초동,성월빌딩1층102)",,03,폐업,,,34745544
대하마트,2005-04-08,198857.635568287,442436.658410488,,2026-05-06 22:46:43,I,,2,폐업처리,2008-02-21 00:00:00,,2004-10-08,,서울특별시 서초구 방배동 948번지 35호,2004321007605600186,3210000,서울특별시 서초구 방배중앙로9길 50 (방배동),,03,폐업,,,34711938
하이웨이산업(주),2005-05-10,201104.26895551,445266.678558749,,2026-05-06 22:45:06,I,,2,폐업처리,2008-02-21 00:00:00,,1998-11-17,,서울특별시 서초구 잠원동 58번지 24호,1998321007605682007,3210000,,,03,폐업,,,
GS25 반포미도점,2005-06-24,200802.012147961,444616.351633551,,2026-05-06 22:45:24,I,,2,폐업처리,2008-02-21 00:00:00,,2000-07-10,,서울특별시 서초구 반포동 58번지 7호,2000321007605600093,3210000,서울특별시 서초구 고무래로 6-3 (반포동),,03,폐업,,,
중앙슈퍼,2014-03-14,200200.748489075,444875.156924023,제7조의3제2항에따른경우,2026-05-06 22:48:14,I,2013-09-13,2,폐업처리,2014-03-14 14:14:12,,2013-09-13,137-909,서울특별시 서초구 잠원동 75번지 17호 반포쇼핑타운 3동 1층 25호,2013321012205600064,3210000,"서울특별시 서초구 신반포로 177, 1층 25호 (잠원동, 반포쇼핑타운 3동)",,03,폐업,,,
GS25 서초캐슬점,2012-01-06,202647.320791436,442628.258844927,제7조의3제2항에따른경우,2026-05-06 22:47:46,I,2010-12-24,2,폐업처리,2012-01-06 11:32:10,,2010-12-24,137-863,서울특별시 서초구 서초2동 1359번지 15호 1층,2010321012205600140,3210000,"서울특별시 서초구 서운로6길 21-2 (서초동,1층)",,03,폐업,,,
(주)에이치앤디이 서울만남의광장휴게소,,203660.974632401,439769.465908071,2009년11월법개정전자료,2026-05-06 22:44:53,I,1988-06-27,0,정상영업,2011-09-09 14:57:18,,1988-06-27,,서울특별시 서초구 원지동 10번지 16  호,19883210076056양212,3210000,서울특별시 서초구 양재대로12길 73-71 (원지동),,01,영업/정상,,,02-578-3372
(주) 코리아세븐 서초사당역점,,198344.761390706,441768.78484151,제7조의3제2항에따른경우,2026-05-06 22:47:46,I,2010-12-29,0,정상영업,2012-12-21 15:01:09,,2010-12-29,137-818,서울특별시 서초구 방배2동 444번지 16호 1층,2010321012205600142,3210000,"서울특별시 서초구 동작대로 18, 1층 (방배동)",,01,영업/정상,,,
놀이터식품,2011-02-15,203491.88167866,440816.352130183,2009년11월법개정전자료,2026-05-06 22:45:39,I,2001-11-23,2,폐업처리,2011-02-15 11:33:56,,2001-11-23,137-897,서울특별시 서초구 양재2동 326번지 3호,2001321007605600225,3210000,서울특별시 서초구 동산로 9-9 (양재동),,03,폐업,,,
훼미리마트 메인타워점,2009-07-01,202760.817264669,442855.503519563,2009년11월법개정전자료,2026-05-06 22:47:09,I,2007-07-24,2,폐업처리,2009-07-01 12:56:01,,2007-07-24,137-070,서울특별시 서초구 서초동 1357번지 66호 1층 102호,2007321010805600098,3210000,"서울특별시 서초구 강남대로 275, 102호 (서초동,1층)",,03,폐업,,,02-3487-3373
GS25 방배중앙점,2006-08-31,198632.4436136,443654.396110558,,2026-05-06 22:45:46,I,,2,폐업처리,2008-02-21 00:00:00,,2002-08-30,,서울특별시 서초구 방배동 768번지 1호,2002321007605600145,3210000,서울특별시 서초구 방배중앙로27길 9 (방배동),,03,폐업,2006-08-27,2006-09-23,
롯데쇼핑(주)롯데Market999방배1동점,2019-02-21,199608.78194237,442434.716931667,제7조의3제2항에따른경우,2026-05-06 22:48:29,I,2014-07-10,2,폐업처리,2019-02-21 14:49:11,,2014-07-10,137-842,서울특별시 서초구 방배동 907번지 4호,2014321012205600046,3210000,서울특별시 서초구 방배로 110 (방배동),,03,폐업,,,
씨유 방배중앙로점,,199299.997690232,442165.404369247,제7조의3제2항에따른경우,2026-05-06 22:49:27,I,2024-04-18,0,정상영업,2024-05-27 14:41:04,,2024-04-18,,서울특별시 서초구 방배동 918-1 하나빌,2024321019505600014,3210000,"서울특별시 서초구 방배중앙로 18, 하나빌 1층 (방배동)",06687,01,영업/정상,,,
GS25 반포2점,,201763.942610923,444699.089834247,제7조의3제2항에따른경우,2026-05-06 22:49:24,I,2023-02-16,0,정상영업,2023-02-16 09:39:25,,2023-02-16,,서울특별시 서초구 반포동 741,2023321019505600011,3210000,서울특별시 서초구 주흥길 12(반포동),06542,01,영업/정상,,,
지에스 (GS) 25 서초영동,2021-10-12,202614.651351192,442916.167601953,제7조의3제2항에따른경우,2026-05-06 22:48:01,I,2012-06-29,2,폐업처리,2021-10-12 17:18:34,,2012-06-29,137-862,서울특별시 서초구 서초2동 1357번지 1층,2012321012205600059,3210000,"서울특별시 서초구 강남대로47길 25, 1층 (서초동)",,03,폐업,,,
양재타원점,2002-06-21,203446.675140157,442412.045813754,,2026-05-06 22:44:55,I,,2,폐업처리,2008-02-21 00:00:00,,1990-03-02,,서울특별시 서초구 양재동 8번지 31호,1990321007605600021,3210000,서울특별시 서초구 바우뫼로41길 77 (양재동),,03,폐업,,,
현대스토아,2002-11-29,202225.961330686,443324.848590806,,2026-05-06 22:45:42,I,,2,폐업처리,2008-02-21 00:00:00,,2002-06-03,,서울특별시 서초구 서초동 1332번지 3호 무지개쇼핑지하,2002321007605600084,3210000,"서울특별시 서초구 사임당로 151 (서초동,무지개쇼핑지하)",,03,폐업,,,
돼지식품,2002-11-01,203698.977161953,442049.991045635,,2026-05-06 22:45:05,I,,2,폐업처리,2008-02-21 00:00:00,,1998-10-30,,서울특별시 서초구 양재동 85호,1998321007605600162,3210000,서울특별시 서초구 논현로27길 15 (양재동),,03,폐업,,,
신원방앗간,2013-05-27,204396.720473658,439164.246545495,2009년11월법개정전자료,2026-05-06 22:45:06,I,1998-11-03,2,폐업처리,2013-05-27 14:55:08,,1998-11-03,,서울특별시 서초구 신원동 497번지 22  호,199832100760560내16,3210000,,,03,폐업,,,02-574-2089
강포낙시,2004-04-07,203852.797274091,440957.33813952,,2026-05-06 22:45:42,I,,2,폐업처리,2008-02-21 00:00:00,,2002-06-04,,서울특별시 서초구 양재동 371번지 5호,2002321007605600086,3210000,서울특별시 서초구 동산로6길 17-13 (양재동),,03,폐업,,,
강남가판점,,202542.11949249,443487.48032918,제7조의3제2항에따른경우,2026-05-06 22:49:10,I,2020-03-17,0,정상영업,2020-03-17 16:41:46,,2020-03-17,,서울특별시 서초구 서초동 1374번지 가로판매대,2020321018405600020,3210000,서울특별시 서초구 강남대로 379-2 (서초동),06620,01,영업/정상,,,34719957
리빙농축산마트,2005-11-28,198515.596259397,441169.305316893,,2026-05-06 22:46:00,I,,2,폐업처리,2008-02-21 00:00:00,,2003-12-18,,서울특별시 서초구 방배동 2626호 래미안방배1차단지내상가1층 101,2003321007605600222,3210000,"서울특별시 서초구 방배선행길 2 (방배동,래미안방배1차단지내상가1층 101)",,03,폐업,,,
지에스25 반포사랑점,2022-12-30,201627.319435053,444802.789623366,제7조의3제2항에따른경우,2026-05-06 22:48:54,I,2016-06-27,2,폐업처리,2022-12-30 09:51:46,,2016-06-27,,서울특별시 서초구 반포동 728번지 30호,2016321015505600057,3210000,"서울특별시 서초구 주흥길 27, 1층 (반포동)",06539,03,폐업,,,
GS25 방배카페거리점,2014-11-07,198640.460578057,443944.728069802,제7조의3제2항에따른경우,2026-05-06 22:48:16,I,2013-11-12,2,폐업처리,2014-11-07 14:03:31,,2013-11-12,137-828,서울특별시 서초구 방배본동 751번지 4호   101호,2013321012205600072,3210000,"서울특별시 서초구 방배중앙로 208, 101호 (방배동)",,03,폐업,,,
훼미리마트서초영동점,2002-02-18,202676.289360432,442753.591338365,,2026-05-06 22:45:18,I,,2,폐업처리,2008-02-21 00:00:00,,2000-03-21,,서울특별시 서초구 서초동 1358번지 17호,2000321007605600016,3210000,서울특별시 서초구 남부순환로347길 60 (서초동),,03,폐업,,,02-3474-8648
진로할인마트,2006-08-07,199410.881389269,442807.588410592,,2026-05-06 22:46:56,I,,2,폐업처리,2008-02-21 00:00:00,,2005-08-04,,서울특별시 서초구 방배동 898번지 3호 지하1층,2005321007605600123,3210000,"서울특별시 서초구 서초대로 108 (방배동,지하1층)",,03,폐업,,,
트윈기획,2017-04-20,203848.094015013,441601.513809347,2009년11월법개정전자료,2026-05-06 22:47:14,I,2009-01-23,2,폐업처리,2017-04-20 16:24:08,,2009-01-23,137-944,서울특별시 서초구 양재2동 275번지 3호 트윈타워 제에이동 제지하1층 제5호,2009321012205600010,3210000,"서울특별시 서초구 마방로10길 25 (양재동, 트윈타워 제에이동 제지하1층 제5호)",,03,폐업,,,02-571-6544
금성매점,2003-09-30,200026.042318021,444882.738380211,,2026-05-06 22:45:41,I,,2,폐업처리,2008-02-21 00:00:00,,2002-04-01,,서울특별시 서초구 잠원동 76번지 5호,2002321007605600040,3210000,서울특별시 서초구 반포대로 304 (잠원동),,03,폐업,,,
백광,2006-05-18,202100.548018749,444515.155344243,,2026-05-06 22:46:56,I,,2,폐업처리,2008-02-21 00:00:00,,2005-08-04,,서울특별시 서초구 서초동 1303번지 35호 태영데시앙루브상가 지하1층122호,2005321007605600124,3210000,"서울특별시 서초구 강남대로 455 (서초동,태영데시앙루브상가 지하1층122호)",,03,폐업,,,
거인유통,,201057.071356283,442208.336497229,,2026-05-06 22:45:18,I,,3,직권취소,2008-02-21 00:00:00,2001-11-07,2000-03-14,,서울특별시 서초구 서초동 1451번지 52호,2000321007605600008,3210000,서울특별시 서초구 반포대로 16 (서초동),,04,취소/말소/만료/정지/중지,,,02-3472-4552
온리원,2019-10-10,200861.78070156,442724.012196825,제7조의3제2항에따른경우,2026-05-06 22:47:59,I,2012-02-07,2,폐업처리,2019-10-10 14:31:33,,2012-02-07,137-875,서울특별시 서초구 서초3동 1582번지 12호 1층,2012321012205600018,3210000,"서울특별시 서초구 반포대로 70, 1층 (서초동)",,03,폐업,,,
양지마트,2008-04-23,199863.640575162,444524.211587165,2009년11월법개정전자료,2026-05-06 22:46:53,I,2005-05-02,2,폐업처리,2008-04-23 15:19:08,,2005-05-02,,서울특별시 서초구 반포동 18번지 1호 동남상가103,2005321007605600065,3210000,"서울특별시 서초구 반포대로 275 (반포동,동남상가103)",,03,폐업,,,
수정,2003-12-20,200148.908812958,444359.607819267,,2026-05-06 22:44:50,I,,2,폐업처리,2008-02-21 00:00:00,,1983-10-31,,서울특별시 서초구 반포동 63번지 1호,1983321007605600026,3210000,서울특별시 서초구 사평대로 160 (반포동),,03,폐업,,,
탑농산물유통,2005-11-25,198854.077799476,442883.635793886,,2026-05-06 22:46:04,I,,2,폐업처리,2008-02-21 00:00:00,,2004-03-08,,서울특별시 서초구 방배동 858번지 1호,2004321007605600046,3210000,서울특별시 서초구 방배천로34길 27 (방배동),,03,폐업,,,34772955
굿모닝공인중개사사무소,2015-06-01,199565.887853213,442935.42763521,제7조의3제2항에따른경우,2026-05-06 22:48:09,I,2013-02-26,2,폐업처리,2015-06-01 17:10:17,,2013-02-26,,,2013321012205600016,3210000,"서울특별시 서초구 서초대로 125, 1층 (방배동)",,03,폐업,,,
프레쉬마트,2022-05-13,201096.166530262,442769.552530239,제7조의3제2항에따른경우,2026-05-06 22:48:51,I,2016-03-03,2,폐업처리,2022-05-13 16:56:30,,2016-03-03,,서울특별시 서초구 서초동 1595번지 1호,2016321015505600014,3210000,"서울특별시 서초구 효령로53길 54, 1층 2호 (서초동, 정훈오피스텔)",06651,03,폐업,,,02-587-5542
미니상회,2004-01-06,201047.486641159,439524.792743725,,2026-05-06 22:45:12,I,,2,폐업처리,2008-02-21 00:00:00,,1999-09-20,,서울특별시 서초구 우면동 610번지 13호,1999321007605600300,3210000,서울특별시 서초구 식유촌길 51-8 (우면동),,03,폐업,,,
예술화랑,2010-12-10,201501.672660443,442505.573142545,2009년11월법개정전자료,2026-05-06 22:45:24,I,2000-07-10,2,폐업처리,2010-12-10 11:34:45,,2000-07-10,,서울특별시 서초구 서초동 1445번지 3   호 명산품상가 아크리스 지하1,2000321007605600091,3210000,"서울특별시 서초구 효령로 304 (서초동,명산품상가 아크리스 지하1)",,03,폐업,,,
고려산업개발구내식당,2006-10-24,,,,2026-05-06 22:45:06,I,,2,폐업처리,2008-02-21 00:00:00,,1998-12-12,,서울특별시 서초구 반포동 2726호,19983210076056방264,3210000,,,03,폐업,,,02-585-6295
에이스마트,2015-04-06,200048.447495521,441596.030413492,2009년11월법개정전자료,2026-05-06 22:45:44,I,2002-07-25,2,폐업처리,2015-04-06 18:15:43,,2002-07-25,,서울특별시 서초구 방배동 1015번지 1호,2002321007605600128,3210000,,,03,폐업,,,
GS25 서초사임당점,2013-11-29,201688.580461001,443104.511417027,제7조의3제2항에따른경우,2026-05-06 22:47:47,I,2011-01-26,2,폐업처리,2013-11-29 10:35:56,,2011-01-26,137-880,서울특별시 서초구 서초1동 1648번지 10호,2011321012205600012,3210000,서울특별시 서초구 사임당로 91 (서초동),,03,폐업,,,
이마트24 방배레드점,2021-04-15,199551.87976782,442595.801474015,제7조의3제2항에따른경우,2026-05-06 22:48:50,I,2016-02-01,2,폐업처리,2021-04-15 15:26:22,,2016-02-01,,서울특별시 서초구 방배동 902번지 22호,2016321015505600005,3210000,"서울특별시 서초구 방배로20길 8-3, 1층 (방배동, 진흥펠리체)",06664,03,폐업,,,02-517-1888
GS25  서초LG점,2018-11-30,202986.506956552,439872.490917827,제7조의3제3항에따른경우,2026-05-06 22:48:52,I,2016-04-12,2,폐업처리,2018-11-30 10:31:11,,2016-04-12,,서울특별시 서초구 양재동 221번지,2016321015505600030,3210000,"서울특별시 서초구 양재대로11길 19 (양재동, LG전자 서초연구단지)",06772,03,폐업,,,02-3462-2907
지에스25(GS25) 양재한양점,,203689.978330107,440742.60495127,제7조의3제2항에따른경우,2026-05-06 22:49:26,I,2023-12-13,0,정상영업,2024-12-31 17:04:47,,2023-12-13,,서울특별시 서초구 양재동 332-8,2023321019505600070,3210000,서울특별시 서초구 동산로2길 25 (양재동),06785,01,영업/정상,,,
남강매점,2010-12-21,202703.720954632,443000.01820438,2009년11월법개정전자료,2026-05-06 22:47:09,I,2007-10-02,2,폐업처리,2010-12-21 14:51:44,,2007-10-02,137-070,서울특별시 서초구 서초동 1340번지 6호,2007321010805600131,3210000,서울특별시 서초구 강남대로 291 (서초동),,03,폐업,,,
한영슈퍼,2011-04-28,203418.196843008,441220.319516383,2009년11월법개정전자료,2026-05-06 22:45:09,I,1998-10-26,2,폐업처리,2011-04-28 17:09:20,,1998-10-26,,서울특별시 서초구 양재동 249번지 13  호,19983210076056양274,3210000,서울특별시 서초구 마방로2길 15-5 (양재동),,03,폐업,,,02-571-0705
한일설비,,201047.814485821,443253.501503658,2009년11월법개정전자료,2026-05-06 22:46:59,I,2006-02-28,3,직권취소,2011-04-29 18:11:08,2011-04-29,2006-02-28,,서울특별시 서초구 서초동 1570번지 8호 혜성빌딩1층,2006321007605600019,3210000,"서울특별시 서초구 반포대로28길 76-10 (서초동,혜성빌딩1층)",,04,취소/말소/만료/정지/중지,,,34727661
이마트24 파미에파크2호점,2020-11-03,200493.722915197,444651.30211124,제7조의3제3항에따른경우,2026-05-06 22:49:01,I,2017-05-31,2,폐업처리,2020-11-03 15:44:30,,2017-05-31,,서울특별시 서초구 반포동 118번지 2호 CENTRALCITY반포천 복개주차장 BP1-3호,2017321015505600231,3210000,"서울특별시 서초구 사평대로 205, 1층 BP1-3호 (반포동, CENTRALCITY반포천 복개주차장)",06545,03,폐업,,,02-6916-1500
나우시스템,2011-01-20,201688.298288094,442743.087659213,제7조의3제2항에따른경우,2026-05-06 22:47:21,I,2009-12-22,2,폐업처리,2011-01-20 10:30:41,,2009-12-22,137-877,서울특별시 서초구 서초1동 1604번지 7호 동림빌딩 104호,2009321012205600166,3210000,"서울특별시 서초구 서초중앙로8길 82, 104호 (서초동,동림빌딩)",,03,폐업,,,
미니스톱서초반포점,2008-09-26,201940.60506679,444909.079335079,2009년11월법개정전자료,2026-05-06 22:46:57,I,2005-11-03,2,폐업처리,2008-09-26 15:39:40,,2005-11-03,,서울특별시 서초구 반포동 737호,2005321007605600167,3210000,서울특별시 서초구 사평대로57길 44 (반포동),,03,폐업,,,
세븐일레븐 양재12호점,,203885,441573.885,,2026-05-06 22:45:44,I,,0,정상영업,2008-02-21 00:00:00,,2002-07-23,,서울특별시 서초구 양재동 276번지 2   호 양재빌딩1층,2002321007605600124,3210000,"서울특별시 서초구 논현로19길 15 (양재동,양재빌딩1층)",,01,영업/정상,,,
미니스톱 삼성타운점,2012-12-12,202326.145704288,443714.177835024,2009년11월법개정전자료,2026-05-06 22:47:12,I,2008-06-30,2,폐업처리,2012-12-12 09:38:26,,2008-06-30,137-072,서울특별시 서초구 서초동 1327번지 서초트라팰리스∥ 1층 11호,2008321012205600086,3210000,"서울특별시 서초구 서초대로74길 23 (서초동,서초트라팰리스∥ 1층 11호)",,03,폐업,,,
세븐일레븐온누리점,2018-03-19,203281.256681643,441879.983749282,2009년11월법개정전자료,2026-05-06 22:45:25,I,2000-08-31,2,폐업처리,2018-03-19 10:48:51,,2000-08-31,,서울특별시 서초구 양재동 67번지 1호,2000321007605600126,3210000,서울특별시 서초구 강남대로 163 (양재동),,03,폐업,,,21275801
코사마트,2015-11-16,198547.901601652,441891.307240641,제7조의3제2항에따른경우,2026-05-06 22:48:45,I,2015-08-28,2,폐업처리,2015-11-16 09:25:39,,2015-08-28,,서울특별시 서초구 방배동 467번지 10호 1층,2015321015505600091,3210000,"서울특별시 서초구 방배천로6길 32-2, 1층 (방배동)",06692,03,폐업,,,
쭈쭈비디오,2001-12-05,203851.54374044,441256.393416555,,2026-05-06 22:45:33,I,,2,폐업처리,2008-02-21 00:00:00,,2001-05-02,,서울특별시 서초구 양재동 307번지 4호,2001321007605600079,3210000,서울특별시 서초구 언남10길 14 (양재동),,03,폐업,,,
포르쉐커피전문점,2002-06-17,203762.112124282,441652.086259927,,2026-05-06 22:45:12,I,,2,폐업처리,2008-02-21 00:00:00,,1999-07-20,,서울특별시 서초구 양재동 275번지 5호,1999321007605600102,3210000,서울특별시 서초구 마방로10길 5 (양재동),,03,폐업,,,
GS25잠원하나점,2024-09-30,201584.328212166,445441.379593727,제7조의3제2항에따른경우,2026-05-06 22:48:58,I,2016-10-27,2,폐업처리,2024-09-30 13:25:36,,2016-10-27,,서울특별시 서초구 잠원동 42번지 10호 더원빌딩 101호,2016321015505600131,3210000,"서울특별시 서초구 신반포로45길 9-4, 101호 (잠원동, 더원빌딩)",06532,03,폐업,,,
지에스25 방배브라운,,199434.170146945,442749.863044118,제7조의3제2항에따른경우,2026-05-06 22:49:00,I,2017-02-15,0,정상영업,2017-02-15 18:14:19,,2017-02-15,,서울특별시 서초구 방배동 898번지 6호,2017321015505600010,3210000,"서울특별시 서초구 방배로 146, 1층 (방배동)",06664,01,영업/정상,,,
GS25 서초동일점,2010-11-08,201114.63812877,443158.117487543,제7조의3제2항에따른경우,2026-05-06 22:47:21,I,2010-01-12,2,폐업처리,2010-11-08 16:11:36,,2010-01-12,137-874,서울특별시 서초구 서초3동 1568번지 5호 1층,2010321012205600003,3210000,"서울특별시 서초구 서초대로50길 62-4 (서초동,1층)",,03,폐업,,,
강남슈퍼,2003-04-01,203684.320210996,440865.298328258,,2026-05-06 22:44:53,I,,2,폐업처리,2008-02-21 00:00:00,,1988-06-27,,서울특별시 서초구 양재동 333번지 15호,1988321007605600018,3210000,서울특별시 서초구 강남대로10길 65 (양재동),,03,폐업,,,
하나로주유소,2019-12-20,204030.526870421,439994.091039677,2009년11월법개정전자료,2026-05-06 22:45:02,I,1996-08-14,2,폐업처리,2019-12-23 09:07:30,,1996-08-14,,서울특별시 서초구 양재동 229호,19963210076056양101,3210000,,,03,폐업,,,02-578-5292
황금당,2006-10-18,201024.481364815,445492.334204608,,2026-05-06 22:45:06,I,,2,폐업처리,2008-02-21 00:00:00,,1998-10-29,,서울특별시 서초구 잠원동 60번지 3호,199832100760560잠18,3210000,,,03,폐업,,,02-592-0280
리더스매점,2005-07-21,201208.493843332,442790.939502082,,2026-05-06 22:45:57,I,,2,폐업처리,2008-02-21 00:00:00,,2003-09-01,,서울특별시 서초구 서초동 1599번지 11호 리더스빌딩지하 104,2003321007605600142,3210000,"서울특별시 서초구 서초중앙로 63 (서초동,리더스빌딩지하 104)",,03,폐업,,,
국군제9965부대,2013-10-31,200311.320367645,442986.422092271,2009년11월법개정전자료,2026-05-06 22:45:00,I,1995-02-06,2,폐업처리,2013-10-31 14:04:21,,1995-02-06,,서울특별시 서초구 서초동 1497번지 1호 국군제9965부대간부휴게실,1995321007605600008,3210000,"서울특별시 서초구 서초대로 202 (서초동,국군제9965부대간부휴게실)",,03,폐업,,,
국제협력연수센타내 매점,2012-01-03,203947.149900476,440237.221463641,2009년11월법개정전자료,2026-05-06 22:45:56,I,2003-08-06,2,폐업처리,2012-01-03 15:28:27,,2003-08-06,,서울특별시 서초구 염곡동 304호,2003321007605600130,3210000,,,03,폐업,,,34605868
위드미사당역점,2009-03-31,198484.945811067,441665.723327628,2009년11월법개정전자료,2026-05-06 22:45:59,I,2003-11-06,2,폐업처리,2009-03-31 14:52:24,,2003-11-06,,서울특별시 서초구 방배동 450번지 27호 오륜빌딩 1층,2003321007605600180,3210000,"서울특별시 서초구 방배천로2길 15 (방배동,오륜빌딩 1층)",,03,폐업,,,
(주)바이더웨이 서초테마점,2016-02-18,202751.245091717,442569.053798837,제7조의3제2항에따른경우,2026-05-06 22:46:14,I,2004-06-02,2,폐업처리,2016-02-19 09:27:06,,2004-06-02,,서울특별시 서초구 서초동 1363번지 3   호 테마빌딩 지상1층,2004321007605600103,3210000,"서울특별시 서초구 남부순환로347길 20 (서초동,테마빌딩 지상1층)",,03,폐업,,,
화성,2016-09-19,198629.74751607,442148.550182497,2009년11월법개정전자료,2026-05-06 22:46:48,I,2005-01-06,2,폐업처리,2016-09-19 12:19:17,,2005-01-06,,서울특별시 서초구 방배동 457번지 8호 지상1층,2005321007605600005,3210000,"서울특별시 서초구 청두곶13길 3 (방배동,지상1층)",,03,폐업,,,
원일상회,2008-06-16,201863.098233724,445218.186992485,2009년11월법개정전자료,2026-05-06 22:46:53,I,2005-05-04,2,폐업처리,2008-06-16 17:46:18,,2005-05-04,,서울특별시 서초구 반포동 722번지 4   호 교통카드판매대,2005321007605600066,3210000,"서울특별시 서초구 강남대로 527 (반포동,교통카드판매대)",,03,폐업,,,02-3444-4687
(주)파인 양재역상가지점,,202882.878990174,442509.972957846,제7조의3제3항에따른경우,2026-05-06 22:49:05,I,2018-11-14,5,지정취소,2023-01-17 15:06:09,2023-01-17,2018-11-14,,서울특별시 서초구 서초동 1366번지 9호 양재역,2018321018405600034,3210000,"서울특별시 서초구 남부순환로 지하 2585, 양재역 332-108호 (서초동)",06735,04,취소/말소/만료/정지/중지,,,
지에스(GS)25 뉴잠원하나점,,201515.404548545,445406.694057386,제7조의3제2항에따른경우,2026-05-06 22:49:28,I,2024-10-17,0,정상영업,2024-11-22 15:17:05,,2024-10-17,,서울특별시 서초구 잠원동 42-2 은정빌딩 102호,2024321019505600051,3210000,"서울특별시 서초구 신반포로45길 9-26, 은정빌딩 1층 102호 (잠원동)",06532,01,영업/정상,,,
디딤돌,,201965.492302676,441184.231697986,,2026-05-06 22:45:04,I,,3,직권취소,2008-02-21 00:00:00,2001-11-07,1998-04-03,,서울특별시 서초구 우면동 57호 대림상가102호,1998321007605600040,3210000,,,04,취소/말소/만료/정지/중지,,,
창인공인중개사무소,,200440.579029943,442942.272338877,2009년11월법개정전자료,2026-05-06 22:45:00,I,1995-08-19,3,직권취소,2017-02-27 11:31:33,2017-02-27,1995-08-19,,서울특별시 서초구 서초동 1506번지 12  호,1995321007605600073,3210000,서울특별시 서초구 반포대로23길 51-4 (서초동),,04,취소/말소/만료/정지/중지,,,
GS25서초무지개점,2012-11-19,202312.225876695,442826.882671178,2009년11월법개정전자료,2026-05-06 22:45:50,I,2002-12-06,2,폐업처리,2012-11-19 15:23:52,,2002-12-06,,서울특별시 서초구 서초동 1342번지 13  호 1층,2002321007605600197,3210000,"서울특별시 서초구 서운로11길 28 (서초동,1층)",,03,폐업,,,34731603
지에스25 서리풀방배역점,,199626.199878331,442376.394258865,제7조의3제2항에따른경우,2026-05-06 22:49:31,I,2025-10-21,0,정상영업,2025-11-10 09:15:43,,2025-10-21,,서울특별시 서초구 방배동 907-9 안혜빌딩,2025321019505600041,3210000,"서울특별시 서초구 방배로 104, 안혜빌딩 106,107호 (방배동)",06665,01,영업/정상,,,
몬스터즈 베이프샵,,202100.548018749,444515.155344243,제7조의3제3항에따른경우,2026-05-06 22:49:06,I,2019-03-25,0,정상영업,2019-03-25 08:50:14,,2019-03-25,,서울특별시 서초구 서초동 1303번지 35호 강남태영데시앙루브,2019321018405600006,3210000,"서울특별시 서초구 강남대로 455, 지하1층 B102호 (서초동, 강남태영데시앙루브)",06611,01,영업/정상,,,
선화식품,,198518.59038847,443800.116284627,,2026-05-06 22:44:59,I,,3,직권취소,2008-02-21 00:00:00,2001-10-10,1993-11-22,,서울특별시 서초구 방배동 763번지 1호,1993321007605600125,3210000,서울특별시 서초구 방배중앙로29길 25 (방배동),,04,취소/말소/만료/정지/중지,,,
리더스공인중개사사무소,2019-07-04,201188.921252954,442592.594826449,제7조의3제2항에따른경우,2026-05-06 22:48:48,I,2015-10-21,2,폐업처리,2019-07-04 11:53:34,,2015-10-21,,서울특별시 서초구 서초동 1588번지 8호 101호,2015321015505600118,3210000,"서울특별시 서초구 효령로55길 15, 101호 (서초동, 벨타워비지니스텔)",06654,03,폐업,,,
동대문식품,2019-04-04,198798.611235915,444320.555818579,제7조의3제2항에따른경우,2026-05-06 22:48:53,I,2016-05-02,2,폐업처리,2019-04-12 10:54:42,,2016-05-02,,서울특별시 서초구 반포동 1053번지 에이치동 1호,2016321015505600040,3210000,"서울특별시 서초구 신반포로 22, 에이치동 1호 (반포동, 구반포상가)",06548,03,폐업,,,02-599-4440
보광훼미리마트 방배디오빌점,2008-07-01,198532.940717328,442650.053868097,2009년11월법개정전자료,2026-05-06 22:46:56,I,2005-08-11,2,폐업처리,2008-07-01 14:26:44,,2005-08-11,,서울특별시 서초구 방배동 866번지 20호 방배디오빌115,2005321007605600131,3210000,"서울특별시 서초구 서초대로 17 (방배동,방배디오빌115)",,03,폐업,,,
아주약국,2016-06-22,198798.611235915,444320.555818579,2009년11월법개정전자료,2026-05-06 22:45:06,I,1998-11-16,2,폐업처리,2016-06-22 10:59:08,,1998-11-16,,서울특별시 서초구 반포동 1053호 반포상가 H-33,199832100760560본11,3210000,,,03,폐업,,,02-599-0303
씨유 서초신사점,,200834.255782545,442949.353412005,제7조의3제2항에따른경우,2026-05-06 22:49:27,I,2024-05-22,0,정상영업,2024-05-27 14:47:28,,2024-05-22,,서울특별시 서초구 서초동 1547-5 Y&K,2024321019505600024,3210000,"서울특별시 서초구 반포대로22길 14-4, Y&K 1층 (서초동)",06649,01,영업/정상,,,
동궁마트,,200114.564167281,444242.850367545,,2026-05-06 22:45:13,I,,0,정상영업,2008-02-21 00:00:00,,1999-02-10,,서울특별시 서초구 반포동 64번지 5   호,19993210076056반475,3210000,서울특별시 서초구 사평대로 154 (반포동),,01,영업/정상,,,02-532-1551
씨유양재엘타워,2025-07-28,203028.520902327,442302.889340581,제7조의3제2항에따른경우,2026-05-06 22:49:12,I,2020-08-05,2,폐업처리,2025-07-28 17:14:33,,2020-08-05,,서울특별시 서초구 양재동 24 스포타임 엘타워,2020321018405600045,3210000,"서울특별시 서초구 강남대로 213, 스포타임 엘타워 1층 (양재동)",06749,03,폐업,,,
나라슈퍼,2002-12-17,203798.505878475,441520.552940109,,2026-05-06 22:45:40,I,,2,폐업처리,2008-02-21 00:00:00,,2002-01-03,,서울특별시 서초구 양재동 268번지 4호,2002321007605600006,3210000,서울특별시 서초구 언남11길 34-14 (양재동),,03,폐업,,,
현대식품,2013-02-06,201522.560007556,445851.288045136,2009년11월법개정전자료,2026-05-06 22:45:27,I,2000-10-18,2,폐업처리,2013-02-06 09:43:14,,2000-10-18,,서울특별시 서초구 잠원동 22번지 7   호,2000321007605600149,3210000,서울특별시 서초구 강남대로99길 27 (잠원동),,03,폐업,,,
제이마트,2018-10-31,202833.261653939,440511.561175378,제7조의3제3항에따른경우,2026-05-06 22:48:51,I,2016-03-03,2,폐업처리,2018-10-31 15:29:10,,2016-03-03,,서울특별시 서초구 양재동 202번지,2016321015505600013,3210000,"서울특별시 서초구 바우뫼로12길 70, 2층 (양재동, 더케이서울호텔)",06769,03,폐업,,,
경부선터미널1층6호,2005-04-27,200554.74395758,444811.364826199,,2026-05-06 22:45:37,I,,2,폐업처리,2008-02-21 00:00:00,,2001-09-17,,서울특별시 서초구 반포동 19번지 4호,2001321007605600169,3210000,서울특별시 서초구 신반포로 194 (반포동),,03,폐업,,,
아남슈퍼,2002-11-22,201837.357470136,443456.746654561,,2026-05-06 22:45:44,I,,2,폐업처리,2008-02-21 00:00:00,,2002-07-29,,서울특별시 서초구 서초동 1635번지 6호,2002321007605600131,3210000,서울특별시 서초구 서초대로64길 55 (서초동),,03,폐업,,,
세정상사,2009-04-28,201126.224187419,443413.434839401,2009년11월법개정전자료,2026-05-06 22:47:11,I,2008-03-28,2,폐업처리,2009-04-28 11:53:33,,2008-03-28,137-073,서울특별시 서초구 서초동 1573번지 11호 교대역 지하철 구판장,2008321012205600037,3210000,,,03,폐업,,,02-3473-4944
서초마트,2004-04-03,201343.750589633,443498.680399123,,2026-05-06 22:45:26,I,,2,폐업처리,2008-02-21 00:00:00,,2000-09-23,,서울특별시 서초구 서초동 1670번지 1호,2000321007605600140,3210000,서울특별시 서초구 서초대로54길 11 (서초동),,03,폐업,,,
태희마트,2003-06-17,199201.071583671,441750.285498329,,2026-05-06 22:45:39,I,,2,폐업처리,2008-02-21 00:00:00,,2001-12-03,,서울특별시 서초구 방배동 541번지 43호 태희마트,2001321007605600229,3210000,"서울특별시 서초구 효령로14마길 17 (방배동,태희마트)",,03,폐업,,,
GS25 S매헌역점,2017-12-15,203320.727224936,440866.843240761,제7조의3제3항에따른경우,2026-05-06 22:48:49,I,2015-11-03,2,폐업처리,2017-12-15 17:23:23,,2015-11-03,,서울특별시 서초구 양재동 233번지 2호 지하층 매장2호,2015321015505600125,3210000,"서울특별시 서초구 매헌로 지하 116, 지층 매장2호 (양재동, 양재시민의숲역(매헌역))",06774,03,폐업,,,
현대슈퍼,2004-12-21,198650.329020286,442145.531044882,,2026-05-06 22:45:01,I,,2,폐업처리,2008-02-21 00:00:00,,1996-02-07,,서울특별시 서초구 방배동 458번지 1호,19963210076056방247,3210000,서울특별시 서초구 청두곶14길 2 (방배동),,03,폐업,,,
트윈마트,2017-03-24,203815.668827003,441633.343952614,제7조의3제3항에따른경우,2026-05-06 22:48:53,I,2016-05-24,2,폐업처리,2017-03-24 17:57:09,,2016-05-24,,서울특별시 서초구 양재동 275번지 4호,2016321015505600047,3210000,"서울특별시 서초구 마방로10길 15, B동 1층 103호 (양재동, 트윈타워)",06775,03,폐업,,,
지에스25 뉴서초지웰점,2025-05-15,201670.705515449,443670.718064454,제7조의3제2항에따른경우,2026-05-06 22:47:41,I,2010-10-14,2,폐업처리,2025-05-15 11:53:59,,2010-10-14,,서울특별시 서초구 서초동 1678-2 서초동동아빌라트 101호,2010321012205600115,3210000,"서울특별시 서초구 서초대로 350, 101-1호 (서초동, 서초동동아빌라트)",06631,03,폐업,,,
씨유 잔디마을점,2018-09-10,203071.839948775,440364.391561676,제7조의3제2항에따른경우,2026-05-06 22:48:09,I,2013-02-28,2,폐업처리,2018-09-10 10:49:55,,2013-02-28,,서울특별시 서초구 양재동 206번지 6호 모젠하우스,2013321012205600018,3210000,"서울특별시 서초구 매헌로6길 36-9, 1층 (양재동, 모젠하우스)",06770,03,폐업,,,
매점담배,2016-02-29,202508.646065919,442625.413940559,제7조의3제3항에따른경우,2026-05-06 22:47:58,I,2011-11-08,2,폐업처리,2016-03-02 09:23:30,,2011-11-08,137-862,서울특별시 서초구 서초2동 1355번지 3호 지하1층 21호,2011321012205600130,3210000,"서울특별시 서초구 서운로 19, 지하1층 21호 (서초동)",,03,폐업,,,
창람매점,2003-10-14,204400.333433217,443483.209967215,,2026-05-06 22:44:55,I,,2,폐업처리,2008-02-21 00:00:00,,1990-03-15,,서울특별시 강남구 도곡동 527호 도록아파트 64 506,1990321007605600028,3210000,"서울특별시 강남구 선릉로 221, 64동 506호 (도곡동,도록아파트)",,03,폐업,,,34811469
GS25 서초중앙점,2007-04-17,201038.268003936,442863.486446246,,2026-05-06 22:47:04,I,,2,폐업처리,2008-02-21 00:00:00,,2006-10-20,,서울특별시 서초구 서초동 1580번지 6호,2006321010805600031,3210000,서울특별시 서초구 사임당로 21 (서초동),,03,폐업,,,02-3473-4807
농어민팔도유통,2007-03-05,201714.607943348,442380.190156585,,2026-05-06 22:45:54,I,,2,폐업처리,2008-02-21 00:00:00,,2003-05-12,,서울특별시 서초구 서초동 1428번지 13호,2003321007605600081,3210000,서울특별시 서초구 남부순환로333길 15-4 (서초동),,03,폐업,,,60824642
미니슈퍼,2001-12-27,199670.985704684,443953.3567657,,2026-05-06 22:45:37,I,,2,폐업처리,2008-02-21 00:00:00,,2001-09-24,,서울특별시 서초구 반포동 104번지 1호,2001321007605600179,3210000,서울특별시 서초구 서래로5길 19 (반포동),,03,폐업,,,
부민상회,2003-11-27,199349.811974026,443138.792489021,,2026-05-06 22:45:58,I,,2,폐업처리,2008-02-21 00:00:00,,2003-09-15,,서울특별시 서초구 방배동 850번지 3호,2003321007605600152,3210000,서울특별시 서초구 서초대로27길 57 (방배동),,03,폐업,,,02-593-2218
성창종합공사,2009-06-23,201624.527918858,445816.60469444,2009년11월법개정전자료,2026-05-06 22:47:02,I,2006-05-10,2,폐업처리,2009-06-23 17:42:51,,2006-05-10,,서울특별시 서초구 잠원동 27번지 1호,2006321007605600046,3210000,서울특별시 서초구 강남대로97길 9 (잠원동),,03,폐업,,,
세븐일레븐 서초반포점,2016-06-09,201838.768743657,444994.153138539,제7조의3제2항에따른경우,2026-05-06 22:48:05,I,2012-10-05,2,폐업처리,2016-06-09 13:42:52,,2012-10-05,137-810,서울특별시 서초구 반포1동 735번지 1층,2012321012205600095,3210000,"서울특별시 서초구 사평대로55길 72, 1층 (반포동)",,03,폐업,,,
(주)이마트에브리데이 래미안리더스원점,2024-07-04,202332.852930998,443293.183512728,제7조의3제3항에따른경우,2026-05-06 22:49:21,I,2021-09-30,2,폐업처리,2024-07-04 16:20:24,,2021-09-30,,서울특별시 서초구 서초동 1755-1 리더스원 상가 B144호,2021321019505600045,3210000,"서울특별시 서초구 사임당로 158, 리더스원 상가 (서초동)",06629,03,폐업,,,02-380-5042
농축산하나로마트,2004-10-07,203514.564482167,442230.148527391,,2026-05-06 22:46:06,I,,2,폐업처리,2008-02-21 00:00:00,,2004-04-22,,서울특별시 서초구 양재동 18번지 9호 1층,2004321007605600079,3210000,"서울특별시 서초구 바우뫼로41길 39 (양재동,1층)",,03,폐업,,,
학생문구슈퍼,2018-07-12,198931.325477509,442292.471030054,2009년11월법개정전자료,2026-05-06 22:46:59,I,2005-12-21,2,폐업처리,2018-07-12 11:34:54,,2005-12-21,,서울특별시 서초구 방배동 968번지 28호,2005321007605600199,3210000,서울특별시 서초구 서초대로8길 74 (방배동),,03,폐업,,,
GS25 이수역점,2009-01-16,,,2009년11월법개정전자료,2026-05-06 22:47:06,I,2007-01-31,2,폐업처리,2009-01-16 14:55:31,,2007-01-31,,"서울특별시 서초구 방배동 951호 1,2호",2007321010805600013,3210000,,,03,폐업,,,02-525-6480
(주)완주직판장,,201036.630404098,444477.956755302,2009년11월법개정전자료,2026-05-06 22:45:59,I,2003-11-17,3,직권취소,2015-08-11 20:59:03,2015-06-05,2003-11-17,,서울특별시 서초구 반포동 32번지 13호 1층,2003321007605600192,3210000,"서울특별시 서초구 고무래로 34 (반포동,1층)",,04,취소/말소/만료/정지/중지,,,34776336
웰매점,2012-03-02,201136.231801352,443651.537438838,2009년11월법개정전자료,2026-05-06 22:47:10,I,2008-03-20,2,폐업처리,2012-03-02 18:05:44,,2008-03-20,137-074,서울특별시 서초구 서초동 1694번지 10호 지하1층,2008321012205600031,3210000,"서울특별시 서초구 서초중앙로 148 (서초동,지하1층)",,03,폐업,,,02-591-7375
서초중앙마트,2008-09-16,201125.516628452,443087.049015724,2009년11월법개정전자료,2026-05-06 22:45:58,I,2003-10-27,2,폐업처리,2008-09-16 13:33:01,,2003-10-27,,서울특별시 서초구 서초동 1566번지 5호,2003321007605600172,3210000,서울특별시 서초구 서초대로46길 100 (서초동),,03,폐업,,,
세븐일레븐 예술의전당점,2018-08-10,200957.581471524,442468.988682588,제7조의3제2항에따른경우,2026-05-06 22:48:46,I,2015-10-06,2,폐업처리,2018-08-10 14:12:40,,2015-10-06,,서울특별시 서초구 서초동 1585번지 7호 1층,2015321015505600106,3210000,"서울특별시 서초구 반포대로 42, 1층 (서초동, 서문빌딩)",06653,03,폐업,,,
금강유통,2001-09-04,202175.011113176,440963.759050916,,2026-05-06 22:45:33,I,,2,폐업처리,2008-02-21 00:00:00,,2001-04-17,,서울특별시 서초구 우면동 66번지 2호 세신종합상가 지하126호,2001321007605600071,3210000,"서울특별시 서초구 바우뫼로7길 8 (우면동,세신종합상가 지하126호)",,03,폐업,,,
미니스톱센트럴3점,2016-01-05,200250.447804795,444683.220506107,2009년11월법개정전자료,2026-05-06 22:46:09,I,2004-05-18,2,폐업처리,2016-01-05 12:31:27,,2004-05-18,,서울특별시 서초구 반포동 19번지 3   호 센트럴시티 B-305,2004321007605600095,3210000,"서울특별시 서초구 신반포로 176 (반포동,센트럴시티 B-305)",,03,폐업,,,
미니스톱 반포1호점,2019-03-27,200081.011802296,445654.355815342,제7조의3제2항에따른경우,2026-05-06 22:47:40,I,2010-10-11,2,폐업처리,2019-03-27 17:47:52,,2010-10-11,137-030,서울특별시 서초구 잠원동 122번지 1호,2010321012205600111,3210000,,,03,폐업,,,
엘지스타삼방점,2003-04-01,201988.721987784,444617.361134592,,2026-05-06 22:45:04,I,,2,폐업처리,2008-02-21 00:00:00,,1998-11-13,,서울특별시 서초구 서초동 1303번지 1호,1998321007605600054,3210000,서울특별시 서초구 사평대로 364 (서초동),,03,폐업,,,20056428
세인에프앤씨,2018-01-29,200127.827157674,442261.582777482,2009년11월법개정전자료,2026-05-06 22:46:50,I,2005-01-31,2,폐업처리,2018-01-29 17:36:32,,2005-01-31,,서울특별시 서초구 서초동 1490번지 49호 한진빌딩1층,2005321007605600020,3210000,"서울특별시 서초구 효령로 165 (서초동,한진빌딩1층)",,03,폐업,,,
미니스톱양재제일점,2005-11-07,203642.482050635,440794.790176744,,2026-05-06 22:45:34,I,,2,폐업처리,2008-02-21 00:00:00,,2001-05-23,,서울특별시 서초구 양재동 332번지 13호,2001321007605600095,3210000,서울특별시 서초구 동산로2길 11 (양재동),,03,폐업,,,02-2103-9500
종합식품,2015-04-06,202723.642118398,442634.209493286,2009년11월법개정전자료,2026-05-06 22:45:02,I,1997-07-04,2,폐업처리,2015-04-06 20:07:16,,1997-07-04,,서울특별시 서초구 서초동 1360번지 53호,1997321007605600015,3210000,서울특별시 서초구 강남대로39길 26-1 (서초동),,03,폐업,2003-06-02,2004-06-30,
강일,2010-01-27,199502.54514153,442621.229786217,2009년11월법개정전자료,2026-05-06 22:45:24,I,2000-07-21,2,폐업처리,2010-01-27 14:47:19,,2000-07-21,,서울특별시 서초구 방배동 901번지 2   호,2000321007605600096,3210000,서울특별시 서초구 방배로 130 (방배동),,03,폐업,,,
강서오피스,2008-03-10,200886.032544788,442481.68257248,2009년11월법개정전자료,2026-05-06 22:44:52,I,1986-06-23,2,폐업처리,2008-03-10 14:07:12,,1986-06-23,,서울특별시 서초구 서초동 1534번지 2   호,19863210076056서334,3210000,서울특별시 서초구 반포대로 45 (서초동),,03,폐업,,,02-582-0075
GS25 서초코날점,2013-01-25,202580.12152321,442504.857274177,제7조의3제2항에따른경우,2026-05-06 22:47:20,I,2009-12-04,2,폐업처리,2013-01-25 15:35:56,,2009-12-04,137-863,서울특별시 서초구 서초2동 1364번지 11호 1층 102호,2009321012205600158,3210000,"서울특별시 서초구 서운로 6 (서초동,1층 102호)",,03,폐업,,,02-3487-8989
(주)이마트 에브리데이 서초동점,2012-04-02,201862.357603246,444462.626124882,제7조의3제3항에따른경우,2026-05-06 22:47:52,I,2011-05-26,2,폐업처리,2012-04-02 15:51:22,,2011-05-26,137-855,서울특별시 서초구 서초4동 1302번지 4호,2011321012205600056,3210000,서울특별시 서초구 서운로 216 (서초동),,03,폐업,,,
성우상회,,199453.746112557,441054.63452744,,2026-05-06 22:44:49,I,,3,직권취소,2008-02-21 00:00:00,2001-11-07,1978-07-01,,서울특별시 서초구 방배동 613호,1978321007605600071,3210000,서울특별시 서초구 남부순환로296가길 10-4 (방배동),,04,취소/말소/만료/정지/중지,,,
비글 전자담배 방배점,,198563.408140308,443952.664143167,제7조의3제2항에따른경우,2026-05-06 22:49:15,I,2020-09-04,0,정상영업,2020-09-10 16:53:19,,2020-09-04,,서울특별시 서초구 방배동 752-36 아크로리버,2020321018405600054,3210000,"서울특별시 서초구 방배중앙로 207-10, 1층 102호 (방배동, 아크로리버)",06551,01,영업/정상,,,
JW메리어트호텔서울,2004-04-01,200250.447804795,444683.220506107,,2026-05-06 22:45:24,I,,2,폐업처리,2008-02-21 00:00:00,,2000-08-03,,서울특별시 서초구 반포동 19번지 3호 2층,2000321007605600106,3210000,"서울특별시 서초구 신반포로 176 (반포동,2층)",,03,폐업,,,62826262
세븐일레븐 서초대로점,2016-06-23,202402.876250587,443657.68661699,제7조의3제2항에따른경우,2026-05-06 22:47:57,I,2011-09-16,2,폐업처리,2016-06-23 09:16:58,,2011-09-16,137-858,서울특별시 서초구 서초2동 1327번지 10호 1층 1호,2011321012205600104,3210000,"서울특별시 서초구 서초대로78길 30 (서초동,1층 1호)",,03,폐업,,,
두꺼비슈퍼,2004-06-15,203812.719879169,441368.503459138,,2026-05-06 22:45:58,I,,2,폐업처리,2008-02-21 00:00:00,,2003-10-08,,서울특별시 서초구 양재동 265번지 13호 대원빌딩 101,2003321007605600161,3210000,"서울특별시 서초구 언남11길 7-3 (양재동,대원빌딩 101)",,03,폐업,,,
지에스 늘봄 스토어 (서초한우리점),,202129.928922792,442217.156154505,제7조의3제2항에따른경우,2026-05-06 22:49:05,I,2018-12-28,0,정상영업,2018-12-28 09:02:43,,2018-12-28,,서울특별시 서초구 서초동 380번지 서초구립한우리정보문화센터,2018321018405600042,3210000,"서울특별시 서초구 남부순환로340길 15, 서초구립한우리정보문화센터 (서초동)",06756,01,영업/정상,,,
훼미리마트양재루비점,,203200.674497462,441736.008135539,2009년11월법개정전자료,2026-05-06 22:45:50,I,2002-12-30,3,직권취소,2017-02-27 11:32:56,2017-02-27,2002-12-30,,서울특별시 서초구 양재동 69번지 4   호 1층,2002321007605600204,3210000,"서울특별시 서초구 바우뫼로33길 7-12 (양재동,1층)",,04,취소/말소/만료/정지/중지,,,
호산나슈퍼,2025-03-04,201130.353720476,443249.874693147,2009년11월법개정전자료,2026-05-06 22:45:04,I,1998-10-14,2,폐업처리,2025-03-04 15:33:58,,1998-10-14,,서울특별시 서초구 서초동 1575번지 10호,1998321007605600025,3210000,서울특별시 서초구 서초대로50길 41 (서초동),,03,폐업,2003-01-18,2003-10-18,
미니분식,2017-01-04,205057.538942631,438210.851646871,제7조의3제2항에따른경우,2026-05-06 22:48:11,I,2013-05-16,2,폐업처리,2017-01-04 15:56:17,,2013-05-16,137-160,서울특별시 서초구 신원동 215번지 3호 1층,2013321012205600033,3210000,"서울특별시 서초구 청룡마을길 7, 1층 (신원동)",,03,폐업,,,02-577-2394
(주)비지에프리테일 921 구반포역점,2015-04-21,198798.611235915,444320.555818579,2009년11월법개정전자료,2026-05-06 22:47:17,I,2009-08-11,2,폐업처리,2015-04-21 15:00:40,,2009-08-11,137-049,서울특별시 서초구 반포본동 1053번지 9호선 구반포역 B1층,2009321012205600093,3210000,,,03,폐업,,,02-528-7130
(주)코리아세븐 서초강남점,,201930.014907812,443904.461723691,제7조의3제2항에따른경우,2026-05-06 22:48:57,I,2016-10-12,0,정상영업,2017-12-29 13:27:45,,2016-10-12,,서울특별시 서초구 서초동 1315번지 진흥상가,2016321015505600111,3210000,"서울특별시 서초구 서초대로 389, 진흥상가 107,108호 (서초동)",06617,01,영업/정상,,,
세븐일레븐 서초퍼스트점,2016-09-06,202319.138936711,442756.03845203,제7조의3제2항에따른경우,2026-05-06 22:47:25,I,2010-03-24,2,폐업처리,2016-09-06 17:33:13,,2010-03-24,137-861,서울특별시 서초구 서초2동 1344번지 29호 정동빌딩 1층,2010321012205600032,3210000,"서울특별시 서초구 효령로72길 33, 1층 (서초동, 정동빌딩 )",,03,폐업,,,02-522-0388
서울전북장학숙 구내매점,,200213.426279742,441858.454026558,,2026-05-06 22:46:06,I,,0,정상영업,2008-02-21 00:00:00,,2004-04-16,,서울특별시 서초구 방배동 996번지 3호,2004321007605600073,3210000,서울특별시 서초구 명달로9길 117-17 (방배동),,01,영업/정상,,,
영마트,2001-10-25,198519.293781644,443204.919995955,,2026-05-06 22:45:30,I,,2,폐업처리,2008-02-21 00:00:00,,2001-01-15,,서울특별시 서초구 방배동 2133호,2001321007605600012,3210000,서울특별시 서초구 동광로 9 (방배동),,03,폐업,,,
GS25 S 반포역점,2014-01-14,200975.310832194,445119.999988057,제7조의3제3항에따른경우,2026-05-06 22:47:23,I,2010-02-25,2,폐업처리,2014-01-14 14:02:26,,2010-02-25,137-030,"서울특별시 서초구 잠원동 103번지 7호선 반포역내 B1,X30-32",2010321012205600025,3210000,"서울특별시 서초구 신반포로 지하 241 (잠원동,7호선 반포역내 B1,X30-32)",,03,폐업,,,02-6212-5806
태희마트,2005-11-07,199101.476723561,441781.287428595,,2026-05-06 22:45:55,I,,2,폐업처리,2008-02-21 00:00:00,,2003-06-23,,서울특별시 서초구 방배동 541번지 2호 1층,2003321007605600103,3210000,"서울특별시 서초구 효령로14다길 6 (방배동,1층)",,03,폐업,,,
우리농축산물판매장,2009-04-21,200610.970604113,442688.461770526,2009년11월법개정전자료,2026-05-06 22:47:09,I,2007-09-17,2,폐업처리,2009-04-21 16:27:00,,2007-09-17,137-070,서울특별시 서초구 서초동 1521번지 2호 서초타운 1층,2007321010805600123,3210000,"서울특별시 서초구 명달로20길 60 (서초동,서초타운 1층)",,03,폐업,,,02-582-4338
베네스타,2022-02-08,204863.495588112,438950.326676957,제7조의3제2항에따른경우,2026-05-06 22:49:11,I,2020-06-05,2,폐업처리,2022-02-08 11:39:31,,2020-06-05,,서울특별시 서초구 신원동 366번지 4호,2020321018405600032,3210000,서울특별시 서초구 본마을길 59 (신원동),06798,03,폐업,,,
중앙슈퍼,2003-11-26,202481.661169413,442563.269271521,,2026-05-06 22:45:41,I,,2,폐업처리,2008-02-21 00:00:00,,2002-02-25,,서울특별시 서초구 서초동 1355번지 8호,2002321007605600025,3210000,서울특별시 서초구 서운로 13 (서초동),,03,폐업,,,
다인마트,2022-10-12,202175.011113176,440963.759050916,2009년11월법개정전자료,2026-05-06 22:45:41,I,2002-05-07,2,폐업처리,2022-10-12 14:09:55,,2002-05-07,,서울특별시 서초구 우면동 66번지 2   호 세신빌딩지층105호,2002321007605600064,3210000,"서울특별시 서초구 바우뫼로7길 8 (우면동,세신빌딩지층105호)",,03,폐업,,,
엘지25서초방배점,2003-03-05,199543.531099183,442555.454145568,,2026-05-06 22:45:04,I,,2,폐업처리,2008-02-21 00:00:00,,1998-09-30,,서울특별시 서초구 방배동 902번지 5호,1998321007605600006,3210000,서울특별시 서초구 방배로18길 5 (방배동),,03,폐업,,,
세븐일레븐 방배캐슬점,2012-11-29,,,2009년11월법개정전자료,2026-05-06 22:47:06,I,2006-12-29,2,폐업처리,2012-11-29 17:51:06,,2006-12-29,,"서울특별시 서초구 방배동 754호 1,2호 방배캐슬헤론 상가 1층 106호",2006321010805600068,3210000,,,03,폐업,2011-03-15,2011-05-14,02-535-6972
순정,2006-08-16,199341.767713169,442949.707274734,,2026-05-06 22:46:54,I,,2,폐업처리,2008-02-21 00:00:00,,2005-06-01,,서울특별시 서초구 방배동 875번지 2호 한승빌딩 102호,2005321007605600082,3210000,"서울특별시 서초구 방배로 166 (방배동,한승빌딩 102호)",,03,폐업,,,
세븐일레븐 양재제일점,2018-01-18,203278.729512115,441647.520317014,제7조의3제2항에따른경우,2026-05-06 22:47:52,I,2011-05-30,2,폐업처리,2018-01-18 17:52:39,,2011-05-30,137-891,서울특별시 서초구 양재1동 110번지 10호 1층 101,2011321012205600058,3210000,"서울특별시 서초구 강남대로23길 12 (양재동,1층 101)",,03,폐업,,,
하모니마트,2009-10-21,198660.616347373,443855.573402136,2009년11월법개정전자료,2026-05-06 22:47:13,I,2008-10-27,2,폐업처리,2009-10-21 15:13:46,,2008-10-27,137-069,서울특별시 서초구 방배동 755번지 5호 1층,2008321012205600147,3210000,"서울특별시 서초구 방배중앙로 198 (방배동,1층)",,03,폐업,,,02-594-5245
현대슈퍼,2012-10-25,203740.943627685,440880.612251556,2009년11월법개정전자료,2026-05-06 22:47:14,I,2008-12-11,2,폐업처리,2012-10-25 13:08:06,,2008-12-11,137-132,서울특별시 서초구 양재동 335번지 11호 1층,2008321012205600169,3210000,"서울특별시 서초구 강남대로10길 74-1 (양재동,1층)",,03,폐업,,,
편의점 사랑 서초점,2011-10-18,202623.297219041,443154.964346798,제7조의3제3항에따른경우,2026-05-06 22:47:48,I,2011-02-17,2,폐업처리,2011-10-18 16:44:31,,2011-02-17,137-860,서울특별시 서초구 서초2동 1338번지 21호 코리아비즈니스센타 103호,2011321012205600019,3210000,"서울특별시 서초구 강남대로 309 (서초동,코리아비즈니스센타 103호)",,03,폐업,,,
GS25 서래제일,2011-01-28,199659.543953095,444083.847856524,2009년11월법개정전자료,2026-05-06 22:47:14,I,2009-01-28,2,폐업처리,2011-01-28 15:55:48,,2009-01-28,137-044,서울특별시 서초구 반포동 107번지 18호 1층,2009321012205600011,3210000,"서울특별시 서초구 사평대로20길 12 (반포동,1층)",,03,폐업,,,
(주)미주코리안저널,,199367.291009454,444618.275228343,2009년11월법개정전자료,2026-05-06 22:45:19,I,2000-04-06,3,직권취소,2015-08-12 12:51:16,2015-06-05,2000-04-06,,서울특별시 서초구 반포동 12호,2000321007605600032,3210000,,,04,취소/말소/만료/정지/중지,,,02-533-6303
국군복지단211연대마트,,,,2009년11월법개정전자료,2026-05-06 22:45:42,I,2002-06-10,0,정상영업,2013-11-01 11:31:48,,2002-06-10,,서울특별시 서초구 내곡동 산11번지 428 호 (211연대본부/211연대분점,2002321007605600092,3210000,,,01,영업/정상,,,
씨유 서초써밋점,,201848.84806058,444363.963061623,제7조의3제2항에따른경우,2026-05-06 22:49:27,I,2024-05-13,0,정상영업,2024-05-27 14:44:28,,2024-05-13,,서울특별시 서초구 서초동 1311-7 삼호종합상가,2024321019505600019,3210000,"서울특별시 서초구 서운로 207, 삼호종합상가 1층 101호 (서초동)",06608,01,영업/정상,,,
가로가판점60-51호,,202308.931298914,444033.382112508,제7조의3제2항에따른경우,2026-05-06 22:45:38,I,2001-09-24,0,정상영업,2016-05-27 14:02:32,,2001-09-24,,서울특별시 서초구 서초동 1318번지 5   호,2001321007605600183,3210000,서울특별시 서초구 강남대로 403 (서초동),,01,영업/정상,,,34813867
GS25 서초점,,202128.626956395,443285.681199166,제7조의3제2항에따른경우,2026-05-06 22:49:25,I,2023-08-10,0,정상영업,2023-11-23 09:40:15,,2023-08-10,,서울특별시 서초구 서초동 1332-7,2023321019505600046,3210000,"서울특별시 서초구 사임당로 139, 101호 (서초동)",06624,01,영업/정상,,,02-587-2555
엘지25양재구룡점,2007-10-16,204256.069226149,441106.036357691,2009년11월법개정전자료,2026-05-06 22:45:52,I,2003-02-28,2,폐업처리,2007-10-16 14:18:43,,2003-02-28,,서울특별시 서초구 양재동 395번지 6   호 1층,2003321007605600038,3210000,"서울특별시 서초구 논현로5길 18 (양재동,1층)",,03,폐업,,,
GS25 내곡포레스타점,2019-08-08,204984.537386457,438840.103774693,제7조의3제2항에따른경우,2026-05-06 22:48:59,I,2017-01-03,2,폐업처리,2019-08-08 13:40:40,,2017-01-03,,서울특별시 서초구 신원동 374번지 서초포레스타5단지 상가동 101호,2017321015505600002,3210000,"서울특별시 서초구 청계산로7길 43, 1층 101호 (신원동, 서초포레스타5단지)",06798,03,폐업,,,
씨유 서초염곡점,,204552.570221049,439986.942772461,제7조의3제2항에따른경우,2026-05-06 22:49:25,I,2023-05-26,0,정상영업,2023-05-26 11:28:02,,2023-05-26,,서울특별시 서초구 염곡동 106-7,2023321019505600034,3210000,"서울특별시 서초구 염곡말길 19, 1층 (염곡동)",06793,01,영업/정상,,,
(주)티오비상사,2007-08-27,200761.684380026,442350.466365049,2009년11월법개정전자료,2026-05-06 22:45:33,I,2001-04-13,2,폐업처리,2007-08-27 13:45:38,,2001-04-13,,서울특별시 서초구 서초동 1485번지 3   호,2001321007605600069,3210000,서울특별시 서초구 효령로 230 (서초동),,03,폐업,,,
저스트포그전자담배 강남대로점,2014-07-31,201820.319391429,445297.995131437,제7조의3제2항에따른경우,2026-05-06 22:47:42,I,2010-11-17,2,폐업처리,2014-07-31 17:56:58,,2010-11-17,137-808,서울특별시 서초구 반포1동 707번지 5호 삼전빌딩 S-102호,2010321012205600125,3210000,,,03,폐업,,,
가로가판점60-19호,,,,제7조의3제2항에따른경우,2026-05-06 22:45:37,I,2001-09-17,0,정상영업,2010-12-03 16:00:17,,2001-09-17,137-881,"서울특별시 서초구 서초1동 1656번지 2,3호",2001321007605600170,3210000,,,01,영업/정상,,,34725602
해피마트,2004-12-10,198506.458385404,442915.881978231,,2026-05-06 22:45:20,I,,2,폐업처리,2008-02-21 00:00:00,,2000-05-08,,서울특별시 서초구 방배동 1344호 현대상가B-107,2000321007605600047,3210000,"서울특별시 서초구 서초대로1길 30 (방배동,현대상가B-107)",,03,폐업,,,
뉴강남부동산공인중개사사무소,2017-07-24,200726.902246622,445073.738988559,제7조의3제2항에따른경우,2026-05-06 22:49:01,I,2017-07-06,2,폐업처리,2017-07-24 16:17:52,,2017-07-06,,서울특별시 서초구 잠원동 68번지 해돋는집,2017321015505600237,3210000,"서울특별시 서초구 잠원로 36, 1층 (잠원동, 해돋는집)",06521,03,폐업,,,
부산승차장1호,2014-09-29,200554.74395758,444811.364826199,2009년11월법개정전자료,2026-05-06 22:45:52,I,2003-03-03,2,폐업처리,2014-09-29 16:36:54,,2003-03-03,,서울특별시 서초구 반포동 19번지 4   호,2003321007605600040,3210000,서울특별시 서초구 신반포로 194 (반포동),,03,폐업,,,
무지개할인마트,2016-06-17,201627.319435053,444802.789623366,제7조의3제2항에따른경우,2026-05-06 22:47:58,I,2011-09-27,2,폐업처리,2016-06-17 11:03:44,,2011-09-27,137-041,서울특별시 서초구 반포1동 728번지 30호 1층,2011321012205600111,3210000,"서울특별시 서초구 주흥길 27 (반포동,1층)",,03,폐업,,,
오마트,2014-07-23,199231.978211599,442910.387298105,2009년11월법개정전자료,2026-05-06 22:47:03,I,2006-07-21,2,폐업처리,2014-07-23 14:47:23,,2006-07-21,,서울특별시 서초구 방배동 873번지 20  호 정발빌딩1층,2006321007605600084,3210000,"서울특별시 서초구 서초대로23길 21 (방배동,정발빌딩1층)",,03,폐업,,,02-591-5730
가로매점,2010-07-27,200554.74395758,444811.364826199,제7조의3제2항에따른경우,2026-05-06 22:47:33,I,2010-05-26,2,폐업처리,2010-07-27 13:48:33,,2010-05-26,137-713,서울특별시 서초구 반포4동 19번지 4호,2010321012205600056,3210000,서울특별시 서초구 신반포로 194 (반포동),,03,폐업,,,
MOOKO,2015-10-05,201227.346130439,442619.91710587,제7조의3제2항에따른경우,2026-05-06 22:48:33,I,2014-10-20,2,폐업처리,2015-10-05 14:44:40,,2014-10-20,137-953,서울특별시 서초구 서초동 1601번지 2호,2014321012205600093,3210000,"서울특별시 서초구 효령로55길 22, 101호 (서초동, 그린빌오피스텔)",,03,폐업,,,
대영공인중개사사무소,2014-12-17,200724.572700127,442410.750140602,제7조의3제2항에따른경우,2026-05-06 22:48:37,I,2014-11-25,2,폐업처리,2014-12-17 10:44:57,,2014-11-25,137-073,서울특별시 서초구 서초동 1532번지 7호 서울빌딩 109호,2014321012205600113,3210000,"서울특별시 서초구 효령로 229, 1층 109호 (서초동, 서울빌딩)",,03,폐업,,,02-588-4310
또순비디오,2001-05-31,203560.122147153,441893.756690421,,2026-05-06 22:45:11,I,,2,폐업처리,2008-02-21 00:00:00,,1999-07-01,,서울특별시 서초구 양재동 82번지 13호,1999321007605600052,3210000,서울특별시 서초구 논현로27길 58 (양재동),,03,폐업,,,34617923
세븐일레븐서초4호점,2015-11-12,,,2009년11월법개정전자료,2026-05-06 22:45:13,I,1999-05-25,2,폐업처리,2015-11-13 09:11:52,,1999-05-25,,서울특별시 서초구 반포동 32번지 5   호,19993210076056반142,3210000,,,03,폐업,,,02-532-6175
매일상회,2001-10-04,201024.481364815,445492.334204608,,2026-05-06 22:45:25,I,,2,폐업처리,2008-02-21 00:00:00,,2000-08-31,,서울특별시 서초구 잠원동 60번지 3호 매일종합상가 지하21호,2000321007605600128,3210000,,,03,폐업,,,
(주)코리아세븐 서초아이파크점,2025-10-15,200958.146177387,442749.959049103,제7조의3제2항에따른경우,2026-05-06 22:49:16,I,2020-10-20,2,폐업처리,2025-10-15 16:02:45,,2020-10-20,,서울특별시 서초구 서초동 1582-3 서초센트럴IPARK,2020321018405600060,3210000,"서울특별시 서초구 반포대로18길 36, 1층 102호 (서초동, 서초센트럴IPARK)",06652,03,폐업,,,
중앙미니슈퍼,2003-10-21,201125.516628452,443087.049015724,,2026-05-06 22:44:53,I,,2,폐업처리,2008-02-21 00:00:00,,1988-09-16,,서울특별시 서초구 서초동 1566번지 5호,1988321007605600001,3210000,서울특별시 서초구 서초대로46길 100 (서초동),,03,폐업,,,
홈마트,2015-02-02,200708.194896058,442920.529041767,제7조의3제3항에따른경우,2026-05-06 22:48:31,I,2014-09-19,2,폐업처리,2015-02-02 17:50:37,,2014-09-19,137-872,서울특별시 서초구 서초동 1539번지 10호,2014321012205600078,3210000,"서울특별시 서초구 반포대로 93, 지하1층 (서초동)",,03,폐업,,,
GS25 반포중앙점,,201878.439558617,444829.694576227,2009년11월법개정전자료,2026-05-06 22:46:53,I,2005-05-06,5,지정취소,2022-07-04 15:19:10,2022-07-04,2005-05-06,,서울특별시 서초구 반포동 739번지 35호 1층,2005321007605600067,3210000,"서울특별시 서초구 사평대로55길 37 (반포동,1층)",,04,취소/말소/만료/정지/중지,,,
오샤레,,201924.719538761,443065.331446409,2009년11월법개정전자료,2026-05-06 22:46:30,I,2004-08-03,5,지정취소,2014-03-10 17:00:28,2014-03-10,2004-08-03,,서울특별시 서초구 서초동 1610번지 16호 101,2004321007605600150,3210000,"서울특별시 서초구 효령로67길 57-4 (서초동,101)",,04,취소/말소/만료/정지/중지,,,
GS25,,198513.33078735,442267.326128184,제7조의3제2항에따른경우,2026-05-06 22:48:01,I,2012-06-22,0,정상영업,2012-08-03 14:03:43,,2012-06-22,137-817,서울특별시 서초구 방배2동 437번지 15호 1층,2012321012205600055,3210000,"서울특별시 서초구 방배천로2안길 125, 1층 (방배동)",,01,영업/정상,,,
현장식당,,202220.646356586,443600.223000417,2009년11월법개정전자료,2026-05-06 22:45:12,I,1999-05-03,5,지정취소,2015-05-11 14:19:50,2015-04-29,1999-05-03,,서울특별시 서초구 서초동 1326호,1999321007605600135,3210000,서울특별시 서초구 서운로 122 (서초동),,04,취소/말소/만료/정지/중지,,,
지에스(GS)25 에스 양재역 소매점,,202882.878990174,442509.972957846,제7조의3제3항에따른경우,2026-05-06 22:49:24,I,2023-02-01,0,정상영업,2023-02-13 14:48:42,,2023-02-01,,서울특별시 서초구 서초동 1366-9 양재역,2023321019505600007,3210000,"서울특별시 서초구 남부순환로 지하2585, 양재역 (서초동)",06735,01,영업/정상,,,
위드미 서초양재점,2016-08-31,203458.026048131,441860.86788229,제7조의3제2항에따른경우,2026-05-06 22:48:49,I,2015-11-26,2,폐업처리,2016-08-31 13:39:47,,2015-11-26,,서울특별시 서초구 양재동 5번지 21호 105호,2015321015505600131,3210000,"서울특별시 서초구 바우뫼로 183, 105호 (양재동, 후룡빌딩)",06744,03,폐업,,,
형제종합공사,2002-04-17,199253.656846539,442875.906804173,,2026-05-06 22:45:02,I,,2,폐업처리,2008-02-21 00:00:00,,1999-12-27,,서울특별시 서초구 방배동 873번지 18호,1997321007605600089,3210000,서울특별시 서초구 서초대로19길 10-21 (방배동),,03,폐업,,,
서광,2007-06-08,200763.865727671,443262.991931146,,2026-05-06 22:46:59,I,,2,폐업처리,2008-02-21 00:00:00,,2005-12-28,,서울특별시 서초구 서초동 1552번지 15호,2005321007605600200,3210000,서울특별시 서초구 반포대로30길 12-3 (서초동),,03,폐업,,,34864405
바이더웨이 서초스카이뷰점,2010-10-29,202548.495909922,443154.816480127,2009년11월법개정전자료,2026-05-06 22:47:02,I,2006-05-10,2,폐업처리,2010-11-01 17:53:50,,2006-05-10,,서울특별시 서초구 서초동 1338번지 25호,2006321007605600047,3210000,서울특별시 서초구 효령로77길 18 (서초동),,03,폐업,,,
우성하이퍼마켓,2012-06-01,202535.840179252,441604.113261939,2009년11월법개정전자료,2026-05-06 22:47:14,I,2009-01-06,2,폐업처리,2012-06-01 13:43:24,,2009-01-06,137-131,서울특별시 서초구 양재동 154번지 2호 우성아파트 지하상가 1호,2009321012205600003,3210000,"서울특별시 서초구 바우뫼로 91, 1호 (양재동,우성아파트 지하상가)",,03,폐업,,,02-572-3872
유림숯불생등심,2003-01-23,206203.268522037,439505.461452997,,2026-05-06 22:45:05,I,,2,폐업처리,2008-02-21 00:00:00,,1998-10-27,,서울특별시 서초구 내곡동 1번지 2036호,1998321007605600094,3210000,서울특별시 서초구 샘마을길 3-4 (내곡동),,03,폐업,,,
(주)바이더웨이 사당2점,2010-12-10,198344.761390706,441768.78484151,제7조의3제2항에따른경우,2026-05-06 22:45:03,I,1997-09-09,2,폐업처리,2010-12-10 17:37:26,,1997-09-09,,서울특별시 서초구 방배동 444번지 16  호,1997321012205600054,3210000,서울특별시 서초구 동작대로 18 (방배동),,03,폐업,,,
대한사,2011-09-05,200886.530045881,443585.92895458,2009년11월법개정전자료,2026-05-06 22:45:30,I,2001-01-15,2,폐업처리,2011-09-05 10:34:23,,2001-01-15,,서울특별시 서초구 서초동 1704번지 1   호,2001321007605600010,3210000,서울특별시 서초구 법원로 16 (서초동),,03,폐업,,,
GS25 방배우성점,2012-11-30,198389.022273532,441358.650490197,2009년11월법개정전자료,2026-05-06 22:47:07,I,2007-04-18,2,폐업처리,2012-11-30 16:25:09,,2007-04-18,,서울특별시 서초구 방배동 2525호 방배우성(아) 상가1층,2007321010805600051,3210000,,,03,폐업,,,02-3472-2596
아름다운마트,2010-07-22,203791.295879652,441327.580679655,2009년11월법개정전자료,2026-05-06 22:47:07,I,2007-04-20,2,폐업처리,2010-07-22 17:58:39,,2007-04-20,,서울특별시 서초구 양재동 265번지 17  호 1층,2007321010805600054,3210000,"서울특별시 서초구 언남길 59 (양재동,1층)",,03,폐업,,,02-6414-8288
씨유 서초삼풍점,2013-04-01,201278.925516144,443607.585233396,2009년11월법개정전자료,2026-05-06 22:47:10,I,2008-02-18,2,폐업처리,2013-04-01 11:30:22,,2008-02-18,137-070,서울특별시 서초구 서초동 1692번지 6호 1층,2008321012205600015,3210000,"서울특별시 서초구 서초중앙로24길 16 (서초동, 1층)",,03,폐업,,,02-599-6474
GS25 양재구룡점,2020-10-29,204256.069226149,441106.036357691,제7조의3제2항에따른경우,2026-05-06 22:48:59,I,2016-11-15,2,폐업처리,2020-10-29 15:50:31,,2016-11-15,,서울특별시 서초구 양재동 395번지 6호,2016321015505600135,3210000,"서울특별시 서초구 논현로5길 18, 1층 (양재동, 쌍용빌딩)",06783,03,폐업,,,
GS25 서초프라자점,2009-07-08,202183.509841993,444119.505393165,2009년11월법개정전자료,2026-05-06 22:47:08,I,2007-05-22,2,폐업처리,2009-07-08 13:46:56,,2007-05-22,,서울특별시 서초구 서초동 1307번지 7   호,2007321010805600070,3210000,서울특별시 서초구 강남대로61길 10 (서초동),,03,폐업,2009-06-24,2009-07-20,
양지종합,2008-05-20,199300.09457237,442778.033942044,2009년11월법개정전자료,2026-05-06 22:45:22,I,2000-06-10,2,폐업처리,2008-05-20 11:36:57,,2000-06-10,,서울특별시 서초구 방배동 937번지 22  호,2000321007605600071,3210000,서울특별시 서초구 서초대로 96 (방배동),,03,폐업,,,
GS25 방배e푸른점,2020-01-06,199349.811974026,443138.792489021,2009년11월법개정전자료,2026-05-06 22:47:12,I,2008-07-07,2,폐업처리,2020-01-06 17:01:02,,2008-07-07,137-064,서울특별시 서초구 방배동 850번지 3호 1층 102,2008321012205600091,3210000,"서울특별시 서초구 서초대로27길 57 (방배동,1층 102)",,03,폐업,,,02-593-2218
희망상회,2005-08-02,207409.528119388,440183.390463298,,2026-05-06 22:46:01,I,,2,폐업처리,2008-02-21 00:00:00,,2003-12-20,,서울특별시 서초구 내곡동 1번지 1589호,2003321007605600225,3210000,서울특별시 서초구 헌인릉1길 35 (내곡동),,03,폐업,,,
참죽,2012-02-29,199245.439853629,443009.301109201,2009년11월법개정전자료,2026-05-06 22:47:06,I,2007-01-15,2,폐업처리,2012-02-29 17:35:06,,2007-01-15,,서울특별시 서초구 방배동 852번지 20  호 레마빌딩 1층,2007321010805600005,3210000,"서울특별시 서초구 방배로 177 (방배동,레마빌딩 1층)",,03,폐업,,,
이마트24 반포가온,2025-12-05,201795.309488665,444930.570933769,제7조의3제2항에따른경우,2026-05-06 22:48:49,I,2015-11-04,2,폐업처리,2025-12-05 14:19:08,,2015-11-04,,서울특별시 서초구 반포동 734번지,2015321015505600126,3210000,"서울특별시 서초구 사평대로55길 65-11, 1층 (반포동)",06540,03,폐업,,,
썬마트,,198740.157882997,441570.644238991,2009년11월법개정전자료,2026-05-06 22:46:58,I,2005-12-02,5,지정취소,2022-07-25 13:55:10,2022-07-25,2005-12-02,,서울특별시 서초구 방배동 479번지 1호 송암빌딩,2005321007605600186,3210000,"서울특별시 서초구 효령로2길 4 (방배동,송암빌딩)",,04,취소/말소/만료/정지/중지,,,34738892
(주)유디아씨앤씨,,199518.897918989,442629.55322153,2009년11월법개정전자료,2026-05-06 22:47:02,I,2006-05-23,5,지정취소,2018-09-20 20:13:41,2018-09-20,2006-05-23,,서울특별시 서초구 방배동 901번지 3호,2006321007605600052,3210000,서울특별시 서초구 방배로20길 5 (방배동),,04,취소/말소/만료/정지/중지,,,1588-5489
세븐일레븐 방배무지개점,2024-07-25,198838.219246959,441538.281652103,2009년11월법개정전자료,2026-05-06 22:47:07,I,2007-03-12,2,폐업처리,2024-07-25 10:15:19,,2007-03-12,,서울특별시 서초구 방배동 481번지 1   호,2007321010805600034,3210000,서울특별시 서초구 효령로2길 26 (방배동),,03,폐업,,,02-598-9941
싱싱할인마트,2015-02-11,202126.872592762,440039.132834615,제7조의3제2항에따른경우,2026-05-06 22:48:13,I,2013-07-04,2,폐업처리,2015-02-11 15:36:58,,2013-07-04,137-140,서울특별시 서초구 우면동 730번지 서초네이처힐 5단지 상가동 106호,2013321012205600045,3210000,"서울특별시 서초구 태봉로2길 5, 106호 (우면동, 서초네이처힐5단지상가동)",,03,폐업,,,02-578-7881
7호선고속터미널(상)통합매점,2017-12-21,200250.447804795,444683.220506107,제7조의3제3항에따른경우,2026-05-06 22:47:42,I,2010-11-02,2,폐업처리,2017-12-21 13:49:35,,2010-11-02,137-713,서울특별시 서초구 반포4동 19번지 3호,2010321012205600123,3210000,서울특별시 서초구 신반포로 176 (반포동),,03,폐업,,,
데캉서초점,2012-12-13,198900.915167162,442874.989121877,제7조의3제2항에따른경우,2026-05-06 22:47:44,I,2010-12-14,2,폐업처리,2012-12-13 16:10:41,,2010-12-14,137-838,서울특별시 서초구 방배4동 858번지 38호 1층,2010321012205600135,3210000,"서울특별시 서초구 방배중앙로 97-1 (방배동,1층)",,03,폐업,,,
(주)순호할인마트,2008-01-21,199426.230233863,442815.667094508,2009년11월법개정전자료,2026-05-06 22:47:06,I,2007-02-05,2,폐업처리,2008-01-21 15:31:47,,2007-02-05,,"서울특별시 서초구 방배동 898번지 1   호 외 4필지(2,3,4,17) 지하1호",2007321010805600016,3210000,"서울특별시 서초구 서초대로 108 (방배동,외 4필지(2,3,4,17) 지하1호)",,03,폐업,,,02-586-4090
동남유통,2007-06-08,202549.861208121,442669.006757277,,2026-05-06 22:45:52,I,,2,폐업처리,2008-02-21 00:00:00,,2003-03-17,,서울특별시 서초구 서초동 1359번지 28호 1충,2003321007605600046,3210000,"서울특별시 서초구 서운로 24 (서초동,1충)",,03,폐업,,,34725061
우성하이퍼마켓,2008-12-23,202535.840179252,441604.113261939,2009년11월법개정전자료,2026-05-06 22:47:03,I,2006-07-12,2,폐업처리,2008-12-23 15:44:43,,2006-07-12,,서울특별시 서초구 양재동 154번지 2호 우성상가지하1호,2006321007605600078,3210000,"서울특별시 서초구 바우뫼로 91 (양재동,우성상가지하1호)",,03,폐업,,,
마트 INSTORE,2015-09-23,,,제7조의3제2항에따른경우,2026-05-06 22:47:59,I,2012-02-08,2,폐업처리,2015-09-23 15:17:54,,2012-02-08,,,2012321012205600019,3210000,"서울특별시 서초구 방배로 102-6, 1층 (방배동)",,03,폐업,,,02-521-8949
동양부동산,2005-12-08,202649.989683494,442822.865814838,,2026-05-06 22:46:58,I,,2,폐업처리,2008-02-21 00:00:00,,2005-11-21,,서울특별시 서초구 서초동 1357번지 54호 1층,2005321007605600178,3210000,"서울특별시 서초구 남부순환로347길 74 (서초동,1층)",,03,폐업,,,
황금당,2020-10-22,201024.481364815,445492.334204608,2009년11월법개정전자료,2026-05-06 22:47:04,I,2006-11-02,2,폐업처리,2020-10-22 14:41:29,,2006-11-02,,서울특별시 서초구 잠원동 60번지 3   호 매일종합상가 1층  106,2006321010805600038,3210000,,,03,폐업,,,02-592-0280
말죽거리,2009-09-09,,,2009년11월법개정전자료,2026-05-06 22:46:38,I,2004-08-30,2,폐업처리,2009-12-03 17:16:59,,2004-08-30,,서울특별시 서초구 양재동 11번지 26호,2004321007605600163,3210000,,,03,폐업,,,
이마트24 서초교대점,2022-10-17,201011.433700435,443097.992715995,제7조의3제2항에따른경우,2026-05-06 22:49:08,I,2019-09-24,2,폐업처리,2022-10-17 10:44:04,,2019-09-24,,서울특별시 서초구 서초동 1559번지 12호 고엽제 회관,2019321018405600043,3210000,"서울특별시 서초구 서초대로46길 77, 고엽제 회관 (서초동)",06649,03,폐업,,,
더카페36.5,2015-03-17,201766.11139144,445445.185697219,제7조의3제3항에따른경우,2026-05-06 22:48:37,I,2014-12-01,2,폐업처리,2015-03-17 13:37:41,,2014-12-01,137-743,서울특별시 서초구 잠원동 37번지 12호,2014321012205600115,3210000,서울특별시 서초구 신반포로 339 (잠원동),,03,폐업,,,
CU방배효점,2022-10-31,199070.782850292,443299.634490097,제7조의3제2항에따른경우,2026-05-06 22:49:01,I,2017-10-20,2,폐업처리,2022-10-31 13:00:47,,2017-10-20,,서울특별시 서초구 방배동 812번지 1호 The h herren,2017321015505600259,3210000,"서울특별시 서초구 서초대로23길 106, 101,103호 (방배동)",06562,03,폐업,,,
하나마트,2001-12-04,199586.250558041,442495.552452865,,2026-05-06 22:44:52,I,,2,폐업처리,2008-02-21 00:00:00,,1999-05-18,,서울특별시 서초구 방배동 905번지 5호,1987321007605600011,3210000,서울특별시 서초구 방배로16길 5 (방배동),,03,폐업,,,
반포담배,2010-07-05,201615.653318235,445307.257583771,2009년11월법개정전자료,2026-05-06 22:45:54,I,2003-05-01,2,폐업처리,2010-07-05 14:28:05,,2003-05-01,,서울특별시 서초구 반포동 704번지 3   호,2003321007605600074,3210000,서울특별시 서초구 신반포로 320-5 (반포동),,03,폐업,,,
세븐일레븐 양재한영점,2018-10-19,203418.196843008,441220.319516383,제7조의3제2항에따른경우,2026-05-06 22:47:52,I,2011-05-30,2,폐업처리,2018-10-19 11:48:49,,2011-05-30,137-894,서울특별시 서초구 양재2동 249번지 13호,2011321012205600059,3210000,서울특별시 서초구 마방로2길 15-5 (양재동),,03,폐업,,,
대경슈퍼,2021-11-04,199281.345721856,441929.825711809,2009년11월법개정전자료,2026-05-06 22:45:03,I,1997-03-03,2,폐업처리,2021-11-04 14:35:11,,1997-03-03,,서울특별시 서초구 방배동 539번지 41  호,19973210076056방326,3210000,서울특별시 서초구 효령로20길 5 (방배동),,03,폐업,,,02-584-1134
씨유 청계산입구역점,,205003.018420224,438236.778345968,제7조의3제2항에따른경우,2026-05-06 22:48:53,I,2016-04-29,0,정상영업,2026-01-22 15:14:21,,2016-04-29,,서울특별시 서초구 신원동 662,2016321015505600039,3210000,"서울특별시 서초구 청계산로 217, 1층 106-2호 (신원동)",06802,01,영업/정상,,,
나이스데이(Nice Day),2015-11-12,199990.866044547,443916.099469469,제7조의3제2항에따른경우,2026-05-06 22:48:17,I,2013-12-06,2,폐업처리,2015-11-12 14:36:24,,2013-12-06,137-807,서울특별시 서초구 반포4동 551번지 14호   102호,2013321012205600082,3210000,"서울특별시 서초구 반포대로39길 78, 102호 (반포동)",,03,폐업,,,
헤어공감,2023-11-29,203804.651168048,440878.84133886,제7조의3제2항에따른경우,2026-05-06 22:48:58,I,2016-10-20,2,폐업처리,2023-11-29 11:17:45,,2016-10-20,,서울특별시 서초구 양재동 334번지 3호,2016321015505600126,3210000,"서울특별시 서초구 동산로6길 20, 1층 (양재동)",06785,03,폐업,,,
플러스마트,2013-08-23,201566.03412566,445128.973849682,2009년11월법개정전자료,2026-05-06 22:47:10,I,2007-12-26,2,폐업처리,2013-08-23 14:38:17,,2007-12-26,137-040,서울특별시 서초구 반포동 717번지 1층,2007321012205600162,3210000,"서울특별시 서초구 주흥13길 17 (반포동,1층)",,03,폐업,,,02-515-8775
씨티스토어,2008-12-17,200746.801472819,443405.561043408,2009년11월법개정전자료,2026-05-06 22:47:10,I,2008-01-14,2,폐업처리,2008-12-17 14:06:56,,2008-01-14,137-070,서울특별시 서초구 서초동 1718번지 4호 금구빌딩  109호,2008321012205600002,3210000,"서울특별시 서초구 법원로1길 11, 109호 (서초동,금구빌딩)",,03,폐업,,,02-532-3151
지에스25 서초영동점,,202614.651351192,442916.167601953,제7조의3제2항에따른경우,2026-05-06 22:49:21,I,2021-10-28,0,정상영업,2021-10-28 15:57:22,,2021-10-28,,서울특별시 서초구 서초동 1357 KS빌딩,2021321019505600047,3210000,"서울특별시 서초구 강남대로47길 25, KS빌딩 1층 (서초동)",06729,01,영업/정상,,,
씨유 양재행복점,,203341.610122047,442391.464048567,제7조의3제2항에따른경우,2026-05-06 22:49:31,I,2025-09-30,0,정상영업,2025-10-01 10:01:52,,2025-09-30,,서울특별시 서초구 양재동 8-54,2025321019505600040,3210000,"서울특별시 서초구 강남대로34길 46-3, 1층 (양재동)",06742,01,영업/정상,,,
성일슈퍼,,202048.951990225,442526.32311144,2009년11월법개정전자료,2026-05-06 22:45:25,I,2000-08-10,5,지정취소,2016-05-09 09:32:43,2003-10-09,2000-08-10,,서울특별시 서초구 서초동 1435번지 6호,2000321007605600113,3210000,서울특별시 서초구 효령로70길 36-25 (서초동),06723,04,취소/말소/만료/정지/중지,,,34718628
GS25 서래제일점,2013-02-18,199659.543953095,444083.847856524,제7조의3제2항에따른경우,2026-05-06 22:47:48,I,2011-02-17,2,폐업처리,2013-02-18 15:06:10,,2011-02-17,137-806,서울특별시 서초구 반포4동 107번지 18호 1층,2011321012205600018,3210000,"서울특별시 서초구 사평대로20길 12 (반포동,1층)",,03,폐업,,,
지에스25 반포주흥점,,201566.03412566,445128.973849682,제7조의3제2항에따른경우,2026-05-06 22:49:29,I,2024-12-03,0,정상영업,2024-12-04 09:25:09,,2024-12-03,,서울특별시 서초구 반포동 717,2024321019505600059,3210000,"서울특별시 서초구 주흥13길 17, 1층 (반포동)",06538,01,영업/정상,,,
일석슈퍼,2001-06-09,198857.635568287,442436.658410488,,2026-05-06 22:45:05,I,,2,폐업처리,2008-02-21 00:00:00,,1998-12-15,,서울특별시 서초구 방배동 948번지 35호,1998321007605600136,3210000,서울특별시 서초구 방배중앙로9길 50 (방배동),,03,폐업,,,
장미슈퍼,2009-05-15,199077.647965113,442211.51372819,2009년11월법개정전자료,2026-05-06 22:46:30,I,2004-07-31,2,폐업처리,2009-05-15 14:45:19,,2004-07-31,,서울특별시 서초구 방배동 975번지 2호,2004321007605600144,3210000,서울특별시 서초구 방배중앙로5길 29-4 (방배동),,03,폐업,,,34722937
GS25 방배래미안,,199050.700187864,441491.630757266,제7조의3제2항에따른경우,2026-05-06 22:48:49,I,2015-12-07,0,정상영업,2015-12-07 08:53:51,,2015-12-07,,서울특별시 서초구 방배동 484번지 1호 1층 101호,2015321015505600134,3210000,"서울특별시 서초구 효령로4길 56-16, 1층 101호 (방배동, 로얄그린빌라트)",06701,01,영업/정상,,,
정마트,2009-08-07,201565.049278189,445281.757823715,2009년11월법개정전자료,2026-05-06 22:47:14,I,2009-02-17,2,폐업처리,2009-08-07 10:38:44,,2009-02-17,137-040,서울특별시 서초구 반포동 703번지 5호,2009321012205600023,3210000,서울특별시 서초구 신반포로42길 12 (반포동),,03,폐업,,,02-546-8118
더시스템,,200815.744057608,443337.919372604,2009년11월법개정전자료,2026-05-06 22:46:59,I,2006-01-10,5,지정취소,2019-08-08 20:51:05,2019-08-09,2006-01-10,,서울특별시 서초구 서초동 1554번지 1호 경중빌딩1층101,2006321007605600004,3210000,"서울특별시 서초구 서초대로46길 3 (서초동,경중빌딩1층101)",,04,취소/말소/만료/정지/중지,,,34740545
