사업장명,업태구분명,폐업일자,좌표X,좌표Y,데이터갱신시점,데이터갱신구분,상세영업상태코드,상세영업상태명,최종수정시점,인허가취소일자,인허가일자,소재지면적,지번주소,관리번호,개방자치단체코드,도로명주소,도로명우편번호,재개업일자,영업상태구분코드,영업상태명,휴업시작일자,휴업종료일자,소재지전화번호
오기입력,특수판매소,,,,2026-05-06 22:50:21,I,03,폐지,2008-04-29 12:54:34,,2000-12-01,1000,서울특별시 강남구 역삼동 727-9,2000450008501500030,4500000,,,,03,폐업,,,
오기입력,특수판매소,,202655.386153671,447491.028995399,2026-05-06 22:50:23,I,03,폐지,2008-04-29 15:25:13,,2001-01-04,2395,서울특별시 강남구 압구정동 458 현대(아) 83동 1201호,2001450008501500001,4500000,,,,03,폐업,,,
오기입력,특수판매소,,203184.108901561,444431.873863292,2026-05-06 22:50:23,I,03,폐지,2008-04-29 12:59:23,,2001-02-03,3773,서울특별시 강남구 역삼동 679,2001450008501500006,4500000,서울특별시 강남구 논현로 508  (역삼동),,,03,폐업,,,
고객만족주유소,주유소,,,,2026-05-06 22:50:31,I,03,폐지,2009-01-29 17:44:29,,2006-10-18,1494,경기도 수원시 권선구 평동 4,2006467011201500005,4671000,,,,03,폐업,,,
대양주유소,주유소,,207426.656238965,454478.85268601,2026-05-06 22:50:10,I,06,휴지사업재개,2023-11-02 15:06:16,,1992-04-24,754.75,서울특별시 중랑구 상봉동 109-45,1992306007501500001,3060000,서울특별시 중랑구 봉우재로 105 (상봉동),,2021-07-18,01,영업/정상,,,02-437-5457
주식회사한화미 구도일주유소동천,주유소,,207256.682638517,453800.522217889,2026-05-06 22:50:10,I,06,휴지사업재개,2026-03-10 10:42:55,,1993-12-30,797.45,서울특별시 중랑구 면목동 155-57,1993306007501500001,3060000,서울특별시 중랑구 동일로 654 (면목동),,2018-11-26,01,영업/정상,2018-10-10,2018-11-25,02-495-0081
면목self주유소,주유소,,206960.007724943,453785.620566456,2026-05-06 22:50:11,I,06,휴지사업재개,2024-10-04 08:51:56,,1994-01-27,955,서울특별시 중랑구 면목동 175-1,1994306007501500001,3060000,서울특별시 중랑구 동일로 627 (면목동),,2019-06-03,01,영업/정상,2019-06-01,2019-06-03,02-437-4072
(주)태영 구도일주유소 한인,주유소,,206281.11993204,454463.857272011,2026-05-06 22:50:11,I,06,휴지사업재개,2023-11-02 15:06:42,,1999-09-21,1258.75,서울특별시 중랑구 상봉동 137-8,1999306007501500001,3060000,서울특별시 중랑구 망우로 170 (상봉동),,2011-10-31,01,영업/정상,2011-08-22,2011-10-31,02-438-5151
(주)자연에너지 대창주유소,주유소,,207015.436990915,453880.794227773,2026-05-06 22:50:11,I,01,신규등록,2023-06-29 14:21:01,,2007-05-17,336.5,서울특별시 중랑구 면목동 146-72,2000306007501500002,3060000,서울특별시 중랑구 동일로 636 (면목동),,,01,영업/정상,,,02-434-1448
㈜기지에너지,주유소,,208911.485111164,456909.700598556,2026-05-06 22:50:11,I,07,영업개시,2026-03-23 18:06:08,,2001-02-09,1301,서울특별시 중랑구 신내동 345-4,2001306007501500001,3060000,서울특별시 중랑구 용마산로 712 (신내동),02056,,01,영업/정상,,,22079419
OK에너지,일반판매소,,206922.223631069,453960.354949615,2026-05-06 22:50:13,I,01,신규등록,2022-08-31 13:33:24,,2007-07-30,,서울특별시 중랑구 면목동 179-37,2002306007501200005,3060000,서울특별시 중랑구 동일로99길 12 (면목동),,,01,영업/정상,,,02-435-5195
동부석유,일반판매소,,206799.803684961,454577.218987322,2026-05-06 22:50:14,I,01,신규등록,2016-04-07 16:27:03,,2005-11-07,,서울특별시 중랑구 상봉동 129-35,2002306007501200017,3060000,서울특별시 중랑구 중랑천로12길 88 (상봉동),,,01,영업/정상,,,02-492-8229
깨끗한에너지,일반판매소,,206377.995331013,454925.007646142,2026-05-06 22:50:14,I,01,신규등록,2026-02-05 17:54:07,,2007-04-18,,서울특별시 중랑구 중화동 322-1,2002306007501200019,3060000,서울특별시 중랑구 중랑천로20길 20 (중화동),,,01,영업/정상,,,
등대에너지,일반판매소,,207228.607036559,455326.495942439,2026-05-06 22:50:14,I,01,신규등록,2025-05-14 10:25:37,,2006-07-11,,서울특별시 중랑구 중화동 290-28,2002306007501200021,3060000,서울특별시 중랑구 동일로130길 49 (중화동),,,01,영업/정상,,,02-496-1110
대신석유,일반판매소,,206487.403526021,455290.45664139,2026-05-06 22:50:14,I,01,신규등록,2024-05-02 13:09:59,,2002-02-28,,서울특별시 중랑구 중화동 330-60,2002306007501200025,3060000,서울특별시 중랑구 동일로123길 120 (중화동),,,01,영업/정상,,,02-421-3280
명화에너지,일반판매소,,206817.704551959,455778.555965735,2026-05-06 22:50:14,I,01,신규등록,2016-04-07 14:46:13,,2002-02-28,,서울특별시 중랑구 중화동 307-25,2002306007501200026,3060000,서울특별시 중랑구 동일로139가길 19 (중화동),,,01,영업/정상,,,02-432-0617
용마로주유소,주유소,,208073.001645036,453068.290387442,2026-05-06 22:50:15,I,01,신규등록,2023-11-02 15:05:46,,2002-08-05,473,서울특별시 중랑구 면목동 528 19통4반,2002306007501500002,3060000,서울특별시 중랑구 용마산로 309 (면목동),,,01,영업/정상,,,02-439-3038
신내주유소,주유소,,208848.343319635,456872.358630437,2026-05-06 22:50:15,I,07,영업개시,2026-04-02 10:33:31,,2006-08-01,933,서울특별시 중랑구 신내동 352,2002306007501500003,3060000,서울특별시 중랑구 용마산로 705 (신내동),,,01,영업/정상,,,02-2207-0523
대원주유소,주유소,,207006.122480012,453528.548106528,2026-05-06 22:50:15,I,06,휴지사업재개,2023-11-02 15:09:44,,2003-10-01,1392,서울특별시 중랑구 면목동 161-17,2003306007501500002,3060000,서울특별시 중랑구 동일로 600 (면목동),,2010-12-12,01,영업/정상,2010-11-01,2010-12-25,02-438-6111
오천만주유소,주유소,,206937.932562759,452983.43736388,2026-05-06 22:50:15,I,06,휴지사업재개,2025-09-15 08:57:44,,2007-01-31,554.8,서울특별시 중랑구 면목동 169-0003,2004306007501500024,3060000,서울특별시 중랑구 동일로 547 (면목동),,2012-09-11,01,영업/정상,2014-11-19,2014-11-23,02-2209-5132
경동에너지 판매,일반판매소,,207375.431284156,454422.111811383,2026-05-06 22:50:16,I,01,신규등록,2016-04-07 16:28:57,,2005-04-19,,서울특별시 중랑구 면목동 132-21,2005306007501200001,3060000,서울특별시 중랑구 봉우재로 100 (면목동),,,01,영업/정상,,,22097775
우림주유소,주유소,,208702.907738068,454708.36394533,2026-05-06 22:50:16,I,06,휴지사업재개,2025-07-10 09:06:15,,2006-04-20,576.2,서울특별시 중랑구 망우동 458-6,2005306007501500001,3060000,서울특별시 중랑구 용마산로 487 (망우동),,2019-07-01,01,영업/정상,2019-06-25,2019-06-30,02-433-9990
범아주유소,주유소,,206788.712362047,456333.948394976,2026-05-06 22:50:16,I,06,휴지사업재개,2023-11-02 15:07:09,,1993-12-08,679.4,서울특별시 중랑구 묵동 244-151,2005306007501500002,3060000,서울특별시 중랑구 동일로 881 (묵동),,,01,영업/정상,,,02-974-8356
금호티엔씨,용제판매소,,207180.865372091,455899.403891159,2026-05-06 22:50:16,I,01,신규등록,2013-12-26 15:36:55,,2008-10-16,0,서울특별시 중랑구 중화동 275-14 2통5반 3층,2008306009501500001,3060000,서울특별시 중랑구 동일로144가길 28-7 (중화동),,,01,영업/정상,,,
신일주유소,주유소,,208215.309352704,454296.43536491,2026-05-06 22:50:16,I,07,영업개시,2023-11-02 15:07:46,,2017-08-24,930.8,서울특별시 중랑구 망우동 523-4,2017306014501500001,3060000,서울특별시 중랑구 상봉로 58 (망우동),,,01,영업/정상,,,02-436-3651
평창광유,일반판매소,,196860.893154849,455863.128343879,2026-05-06 22:50:13,I,02,등록취소,2015-12-02 09:53:40,,1969-04-18,,서울특별시 종로구 평창동 300-1,1969300007601200001,3000000,서울특별시 종로구 세검정로 317 (평창동),,,04,취소/말소/만료/정지/중지,,,02-379-2228
자문석유,일반판매소,,196725.221696687,454871.130949303,2026-05-06 22:50:13,I,01,신규등록,2017-01-06 17:46:58,,1969-01-15,,서울특별시 종로구 부암동 162-1 6통6반,1969300007601200002,3000000,서울특별시 종로구 자하문로 245 (부암동),,,01,영업/정상,,,02-379-2352
인의석유,일반판매소,,199732.922358931,452435.513921974,2026-05-06 22:50:13,I,01,신규등록,2017-01-06 17:45:43,,1970-11-24,,서울특별시 종로구 인의동 2,1970300007601200004,3000000,서울특별시 종로구 창경궁로 134-2 (인의동),,,01,영업/정상,,,02-766-4446
주식회사 대양씨앤씨,주유소,,196980.50632047,452468.722637167,2026-05-06 22:50:13,I,01,신규등록,2020-02-18 15:30:36,,1973-12-28,603.29,서울특별시 종로구 사직동 262-85,1973300007601500001,3000000,서울특별시 종로구 사직로 65 (사직동),,,01,영업/정상,,,02-735-4858
(주)중앙에너비스혜화지점,주유소,,200024.77602584,453753.206651936,2026-05-06 22:50:14,I,06,휴지사업재개,2024-04-08 13:47:23,,1975-12-19,624,서울특별시 종로구 혜화동 102-2,1975300007601500001,3000000,서울특별시 종로구 창경궁로35길 1 (혜화동),,2024-04-03,01,영업/정상,,,070-8707-4563
대성석유,일반판매소,,,,2026-05-06 22:50:14,I,01,신규등록,2001-05-23 00:00:00,,1976-06-25,,서울특별시 종로구 명륜2가 71-2,1976300007601200006,3000000,,,,01,영업/정상,,,02-762-3365
다원,일반판매소,,200322.341016105,453141.774016418,2026-05-06 22:50:14,I,01,신규등록,2026-03-17 15:14:10,,1976-06-25,,서울특별시 종로구 동숭동 130-65,1976300007601200007,3000000,서울특별시 종로구 동숭길 52 (동숭동),,,01,영업/정상,,,
북악주유소 주식회사,주유소,,197714.057733244,456392.885561665,2026-05-06 22:50:15,I,01,신규등록,2025-01-21 09:44:17,,1993-07-03,432,서울특별시 종로구 평창동 103-1,1993300007601500001,3000000,서울특별시 종로구 평창문화로 137 (평창동),,,01,영업/정상,,,02-395-6500
안풍주유소,주유소,,196322.52833049,455210.552274216,2026-05-06 22:50:15,I,01,신규등록,2025-04-29 10:50:26,,1993-08-07,512.12,서울특별시 종로구 홍지동 126-1,1993300007601500002,3000000,서울특별시 종로구 자하문로 303 (홍지동),,,01,영업/정상,,,02-396-5055
자하문주유소,주유소,,196777.054251507,454890.467554923,2026-05-06 22:50:15,I,06,휴지사업재개,2024-05-17 17:23:11,,1993-08-07,1561,서울특별시 종로구 부암동 155-3,1993300007601500003,3000000,서울특별시 종로구 자하문로 248 (부암동),,2018-06-15,01,영업/정상,2018-04-10,2018-05-20,02-396-5252
(주)지에스이앤알 평창주유소,주유소,,197680.037565853,456378.639524349,2026-05-06 22:50:15,I,01,신규등록,2026-02-19 15:09:23,,1994-02-24,746.72,서울특별시 종로구 평창동 80-1,1994300007601500001,3000000,서울특별시 종로구 평창문화로 135 (평창동),,,01,영업/정상,,,070-8874-0602
(주)한화미 구도일주유소 특종,주유소,,197378.465556883,456040.720889756,2026-05-06 22:50:15,I,06,휴지사업재개,2025-11-05 16:56:03,,1996-04-25,714,서울특별시 종로구 평창동 198-1,1996300007601500001,3000000,서울특별시 종로구 평창문화로 90 (평창동),,2017-12-26,01,영업/정상,2017-12-06,2018-01-15,02-379-6524
재동석유상사(주),일반판매소,,198994.379758971,452565.80399988,2026-05-06 22:50:15,I,01,신규등록,2017-01-06 17:40:37,,1999-11-16,,서울특별시 종로구 익선동 21,1999300007601200001,3000000,서울특별시 종로구 돈화문로11나길 66 (익선동),,,01,영업/정상,,,02-739-6283
(주)진세상사,항공유판매소,,198624.006469032,452310.752960617,2026-05-06 22:50:16,I,01,신규등록,2021-02-19 16:48:35,,2015-11-25,,서울특별시 종로구 관훈동 197-28 백상빌딩 별관동 1102호,2015300017001200001,3000000,"서울특별시 종로구 인사동7길 12, 백상빌딩 별관동 11층 1102호 (관훈동)",03149,,01,영업/정상,,,02-543-0394
현대종합상사(주),항공유판매소,,198207.000041476,452455.833165185,2026-05-06 22:50:16,I,01,신규등록,2018-08-10 11:34:32,,2018-08-08,,서울특별시 종로구 수송동 110,2018300017001200001,3000000,서울특별시 종로구 율곡로2길 25 (수송동),03143,,01,영업/정상,,,02-390-1718
(주)영원에너지 풍기주유소 (대표자:박종영),주유소,,196633.605454881,448152.68589887,2026-05-06 22:50:10,I,01,신규등록,2025-11-19 10:40:59,,1976-05-26,595,서울특별시 용산구 원효로2가 70-2,1976302007401500005,3020000,서울특별시 용산구 원효로 178 (원효로2가),,,01,영업/정상,,,02-719-2202
한국석유공업(주) 한석주유소,주유소,,196885.500802799,446573.556869158,2026-05-06 22:50:10,I,01,신규등록,2025-11-19 10:43:20,,1976-05-17,1019,서울특별시 용산구 이촌동 302-79 SK주유소,1976302007401500007,3020000,"서울특별시 용산구 이촌로 164, SK주유소 (이촌동)",04427,,01,영업/정상,,,02-790-1020
주식회사 중앙에너비스 에너비스,주유소,,200471.903312912,448199.065849486,2026-05-06 22:50:10,I,01,신규등록,2025-11-19 10:44:32,,1976-05-26,882,서울특별시 용산구 한남동 707-14,1976302007401500010,3020000,서울특별시 용산구 한남대로 82 (한남동),,,01,영업/정상,,,02-795-8484
(주)남경주유소,주유소,,199330.560093609,446670.60098533,2026-05-06 22:50:10,I,01,신규등록,2025-11-27 10:46:34,,1976-05-24,1821,서울특별시 용산구 서빙고동 37,1976302007401500011,3020000,서울특별시 용산구 녹사평대로11길 24 (서빙고동),,,01,영업/정상,,,02-793-2954
대성석유,일반판매소,,196760.433383755,450045.800889568,2026-05-06 22:50:10,I,06,휴지사업재개,2024-04-22 20:47:36,,1979-05-25,,서울특별시 용산구 서계동 243-29,1979302007401200008,3020000,서울특별시 용산구 만리재로 154 (서계동),,2024-04-23,01,영업/정상,,,02-716-2231
주식회사 금호에너지,일반판매소,,199680.420722944,447095.537114027,2026-05-06 22:50:11,I,01,신규등록,2022-12-27 14:56:26,,1988-11-14,,서울특별시 용산구 보광동 387-1,1988302007401200001,3020000,서울특별시 용산구 장문로17길 1 (보광동),,,01,영업/정상,,,02-554-5352
에이치디현대오일뱅크(주)직영 소월길주유소,주유소,,197964.424093521,450238.200889239,2026-05-06 22:50:12,I,01,신규등록,2025-11-19 10:38:28,,1995-12-15,386,서울특별시 용산구 후암동 448-103,1993302007401500001,3020000,서울특별시 용산구 소월로 66 (후암동),,,01,영업/정상,,,02-318-3314
(주)신태성주유소,주유소,,196326.996964933,448040.140460283,2026-05-06 22:50:12,I,01,신규등록,2025-11-19 10:41:34,,1993-12-15,910,서울특별시 용산구 원효로3가 43-3,1993302007401500002,3020000,서울특별시 용산구 원효로 147 (원효로3가),,,01,영업/정상,,,02-701-9446
한남석유,일반판매소,,200646.877707817,447630.977273015,2026-05-06 22:50:13,I,01,신규등록,2016-01-13 10:40:25,,1995-10-11,,서울특별시 용산구 한남동 116-7,1995302007401200001,3020000,서울특별시 용산구 독서당로8길 7 (한남동),,,01,영업/정상,,,02-797-5495
한국에너지,일반판매소,,198307.672723222,449309.747889456,2026-05-06 22:50:13,I,02,등록취소,2009-09-30 17:33:33,,1997-01-23,,서울특별시 용산구 용산동2가 1-454,1997302007401200001,3020000,서울특별시 용산구 신흥로 143-1  (용산동2가),,,04,취소/말소/만료/정지/중지,,,02-757-6431
쌍용석유,일반판매소,2026-04-13,196200.099737911,447987.019176963,2026-05-06 22:50:13,I,03,폐지,2026-04-13 17:40:42,,2000-05-26,,서울특별시 용산구 원효로3가 99,2000302007401200001,3020000,서울특별시 용산구 원효로 133 (원효로3가),04363,,03,폐업,,,02-712-5500
선익상사(주) 동자동주유소,주유소,,197480.045243754,449769.124271782,2026-05-06 22:50:14,I,01,신규등록,2025-11-19 10:39:18,,1976-04-30,748.98,서울특별시 용산구 동자동 14-125,2001302007401500003,3020000,서울특별시 용산구 한강대로104길 6 (동자동),,,01,영업/정상,,,02-754-6667
대양석유,일반판매소,,197640.442240921,448830.361786818,2026-05-06 22:50:14,I,01,신규등록,2016-01-11 14:18:27,,2003-12-11,,서울특별시 용산구 남영동 101-3,2003302007401200014,3020000,서울특별시 용산구 한강대로76길 17 (남영동),,,01,영업/정상,,,02-712-7600
에이치디현대오일뱅크(주)직영 한강셀프주유소,주유소,,195122.135399337,448056.057888821,2026-05-06 22:50:14,I,01,신규등록,2025-11-19 10:42:10,,1976-04-30,157.2,서울특별시 용산구 청암동 168-22,2003302007401500001,3020000,서울특별시 용산구 원효로 9 (청암동),,,01,영업/정상,,,02-712-7124
에이치디현대오일뱅크(주)직영 갈월동주유소,주유소,,197476.794419389,449419.918621066,2026-05-06 22:50:14,I,01,신규등록,2025-11-19 10:39:54,,1976-04-30,1020,서울특별시 용산구 갈월동 11-34 sk갈월동주유소,2003302007401500002,3020000,"서울특별시 용산구 한강대로 322, 갈월동주유소 (갈월동)",04334,,01,영업/정상,,,02-754-5217
(주)중앙에너비스 한남지점,주유소,,200469.015383985,448053.840358266,2026-05-06 22:50:14,I,01,신규등록,2025-11-19 10:43:48,,1976-05-24,482,서울특별시 용산구 한남동 704-14,2003302007401500007,3020000,서울특별시 용산구 한남대로21길 4 (한남동),,,01,영업/정상,2012-05-21,2012-08-10,02-795-5688
(주)하나유화,용제판매소,2013-06-30,197231.546341055,447661.066844491,2026-05-06 22:50:15,I,03,폐지,2026-02-19 18:04:48,,2004-03-24,,서울특별시 용산구 한강로2가 244-1,2004302007401500001,3020000,서울특별시 용산구 한강대로 127-2 (한강로2가),,,03,폐업,,,02-790-5736
지에스칼텍스㈜서계주유소,주유소,,197186.302871541,450007.264946026,2026-05-06 22:50:15,I,01,신규등록,2025-04-14 15:55:05,,1976-05-04,749.4,서울특별시 용산구 서계동 47-15,2005302007401509188,3020000,서울특별시 용산구 청파로 367 (서계동),,,01,영업/정상,,,02-706-6485
(주)에이치아이씨,용제판매소,2013-04-10,195956.83241222,447651.530984522,2026-05-06 22:50:15,I,03,폐지,2026-02-19 18:04:06,,2007-05-02,,서울특별시 용산구 한강로3가 16-91 한강그랜드오피스텔 711호,2007302009501500002,3020000,서울특별시 용산구 이촌로 5 (한강로3가),,,03,폐업,,,02-795-0757
용산에너지,일반판매소,,197570.006193384,447953.578982142,2026-05-06 22:50:15,I,01,신규등록,2020-09-24 18:12:04,,2018-11-22,30,서울특별시 용산구 한강로1가 231-23,2018302015601200001,3020000,서울특별시 용산구 한강대로62길 18 (한강로1가),04382,,01,영업/정상,,,
대성주유소,주유소,,194213.321386135,455751.04468794,2026-05-06 22:50:14,I,06,휴지사업재개,2023-10-25 17:56:09,,1976-05-11,1944,서울특별시 은평구 녹번동 19-38 대성주유소,1976311008801500002,3110000,"서울특별시 은평구 통일로 642, 대성주유소 (녹번동)",03372,2019-06-12,01,영업/정상,2018-09-11,2019-09-09,02-355-3434
박석고개2주유소,주유소,,192903.807627485,458108.670512967,2026-05-06 22:50:14,I,01,신규등록,2025-03-31 08:56:04,,1976-04-25,661,서울특별시 은평구 불광동 493,1976311008801500005,3110000,서울특별시 은평구 통일로 924 (불광동),,,01,영업/정상,,,02-355-0349
서울석유(주) 박석고개주유소,주유소,,192804.221953207,458338.073870238,2026-05-06 22:50:15,I,06,휴지사업재개,2023-10-25 17:55:44,,1976-05-21,1962,서울특별시 은평구 갈현동 1-6,1976311008801500006,3110000,서울특별시 은평구 통일로 945 (갈현동),,2011-01-24,01,영업/정상,2010-07-24,2010-11-30,02-388-0477
지에스칼텍스(주)서부주유소,주유소,2026-03-10,192655.097595262,454273.720831963,2026-05-06 22:50:15,I,03,폐지,2026-03-10 16:53:29,,1976-04-30,1132,서울특별시 은평구 응암동 576-39,1976311008801500010,3110000,서울특별시 은평구 응암로 210 (응암동),,,03,폐업,,,02-302-6041
수색훼미리주유소,주유소,,190894.797096724,453204.452946997,2026-05-06 22:50:15,I,06,휴지사업재개,2023-10-25 17:55:15,,1978-05-28,964,서울특별시 은평구 수색동 154-5,1978311008801500013,3110000,서울특별시 은평구 수색로 236 (수색동),,2015-06-08,01,영업/정상,2014-09-17,2014-12-25,02-374-8770
지에스칼텍스(주)수색뉴타운 주유소,주유소,,189997.518475283,453879.981354996,2026-05-06 22:50:15,I,01,신규등록,2024-03-22 12:28:13,,1980-03-19,886,서울특별시 은평구 수색동 314-1,1980311008801500014,3110000,서울특별시 은평구 수색로 350 (수색동),,,01,영업/정상,,,02-302-8583
대림석유,일반판매소,,192388.978591747,453941.469868713,2026-05-06 22:50:16,I,07,영업개시,2018-08-22 10:43:15,,1990-10-31,,서울특별시 은평구 응암동 592-34,1990311008801200033,3110000,서울특별시 은평구 응암로9길 18 (응암동),,,01,영업/정상,2018-04-17,2019-04-16,02-305-6688
서오릉주유소,주유소,,191621.368791388,457311.896317658,2026-05-06 22:50:16,I,02,등록취소,2015-10-13 11:40:00,2015-07-06,1990-11-03,1925,서울특별시 은평구 구산동 304-1,1990311008801500017,3110000,서울특별시 은평구 서오릉로 269 (구산동),,,04,취소/말소/만료/정지/중지,,,02-353-3225
불광주유소,주유소,,193565.328017192,457884.061589947,2026-05-06 22:50:16,I,01,신규등록,2023-10-25 17:50:15,,1992-05-09,502,서울특별시 은평구 불광동 105-118,1992311008801500018,3110000,서울특별시 은평구 연서로 314 (불광동),,,01,영업/정상,,,02-382-5189
주식회사 오일닷컴 다회주유소,주유소,,192379.358456908,454817.316199086,2026-05-06 22:50:17,I,01,신규등록,2023-10-25 17:49:41,,1992-05-09,495,서울특별시 은평구 신사동 34-37,1992311008801500019,3110000,서울특별시 은평구 증산로 441 (신사동),,,01,영업/정상,,,02-375-5156
삼융주유소,주유소,,190321.180293801,453524.39376453,2026-05-06 22:50:17,I,05,사업휴지,2026-01-14 10:35:56,,1992-05-09,495,서울특별시 은평구 수색동 379-8,1992311008801500021,3110000,서울특별시 은평구 수색로 299 (수색동),,,02,휴업,2020-06-01,2023-12-31,02-307-3314
대명석유,일반판매소,,192470.662276857,455632.88253264,2026-05-06 22:50:19,I,01,신규등록,2026-04-17 09:31:22,,1998-01-15,,서울특별시 은평구 역촌동 63-21,1998311008801200056,3110000,서울특별시 은평구 연서로 41-1 (역촌동),,,01,영업/정상,,,02-382-6666
동일에너지,일반판매소,,193129.908974117,455059.150999591,2026-05-06 22:50:19,I,01,신규등록,2025-05-12 10:01:42,,2003-07-15,,서울특별시 은평구 응암동 101-78,2003311009901200060,3110000,서울특별시 은평구 응암로34길 17 (응암동),,,01,영업/정상,,,02-383-7426
지에스칼텍스(주) 직영점,주유소,,194308.278385233,455358.024937487,2026-05-06 22:50:19,I,02,등록취소,2021-01-05 15:49:30,2019-04-22,1976-05-27,657,서울특별시 은평구 녹번동 59-1,2006311011101542101,3110000,서울특별시 은평구 통일로 600 (녹번동),,,04,취소/말소/만료/정지/중지,,,02-385-5001
서정주유소,주유소,,192830.222863779,458550.572564312,2026-05-06 22:50:19,I,01,신규등록,2025-11-26 17:05:29,,2009-10-01,745.4,서울특별시 은평구 진관동 240-27,2009311012601500001,3110000,서울특별시 은평구 통일로 968 (진관동),,,01,영업/정상,,,
주식회사 디오티디 은평유니콘주유소,주유소,,,,2026-05-06 22:50:19,I,01,신규등록,2023-10-25 17:44:38,,2010-05-31,707.1,서울특별시 은평구 진관동 73-22,2010311012601500001,3110000,서울특별시 은평구 통일로 1151 (진관동),,,01,영업/정상,,,02-354-5182
(주)한화미 구파발주유소,주유소,,,,2026-05-06 22:50:19,I,07,영업개시,2024-08-12 10:47:27,,2017-02-08,800,,2017311012601500001,3110000,서울특별시 은평구 통일로 1031 (진관동),,,01,영업/정상,,,
동일석유,일반판매소,,193930.707919201,457489.780069315,2026-05-06 22:50:17,I,01,신규등록,2020-11-26 16:49:06,,1993-04-21,,서울특별시 은평구 불광동 217-3,1993311008801200009,3110000,서울특별시 은평구 불광로 147 (불광동),,,01,영업/정상,,,02-358-8856
서울서부고속주유소,주유소,,192506.482557087,453830.420282827,2026-05-06 22:50:17,I,01,신규등록,2024-06-17 14:49:36,,1993-06-23,390,서울특별시 은평구 응암동 594-1,1993311008801500024,3110000,서울특별시 은평구 응암로 163 (응암동),,,01,영업/정상,,,02-308-9264
코끼리주유소,주유소,,193233.784776026,455803.126126447,2026-05-06 22:50:18,I,01,신규등록,2023-10-25 17:48:16,,1993-12-13,665,서울특별시 은평구 녹번동 154-1,1993311008801500032,3110000,서울특별시 은평구 서오릉로 41 (녹번동),,2014-09-10,01,영업/정상,,,02-384-4000
타이거주유소,주유소,,191274.744550127,452910.079476527,2026-05-06 22:50:18,I,01,신규등록,2023-10-25 17:47:17,,1994-02-22,1643.4,서울특별시 은평구 증산동 222-6,1994311008801500034,3110000,서울특별시 은평구 수색로 188 (증산동),,,01,영업/정상,,,02-309-9145
제2한강주유소,주유소,,190911.17578689,448147.790559991,2026-05-06 22:57:58,I,01,신규등록,2023-03-13 10:48:33,,2005-09-26,491,서울특별시 영등포구 양평동4가 28,1976318007601500004,3180000,서울특별시 영등포구 선유로 260 (양평동4가),,,01,영업/정상,,,02-2633-2716
지에스칼텍스(주)신길주유소,주유소,,191859.74533489,444097.693174928,2026-05-06 22:57:59,I,01,신규등록,2024-04-03 15:56:03,,1976-05-18,414,서울특별시 영등포구 신길동 3632-2,1976318007601500005,3180000,서울특별시 영등포구 신길로 74 (신길동),,,01,영업/정상,2011-12-16,2012-04-30,02-833-1113
씨앤에스유통(주) 한성주유소,주유소,,193113.625600646,445001.039326144,2026-05-06 22:58:05,I,05,사업휴지,2024-05-31 09:51:29,,1976-05-24,995,서울특별시 영등포구 신길동 1155,1976318007601500014,3180000,서울특별시 영등포구 여의대방로 227 (신길동),,,02,휴업,2024-04-02,2024-05-31,02-836-4310
성원에너지,일반판매소,,192009.371597304,445480.730862783,2026-05-06 22:58:11,I,01,신규등록,2020-12-30 16:33:55,,1989-03-17,,서울특별시 영등포구 신길동 220-56,1989318007601500001,3180000,서울특별시 영등포구 신길로52길 1 (신길동),07313,,01,영업/정상,,,02-844-8465
GS칼텍스(주)한양주유소,주유소,,191808.957465525,447031.432915014,2026-05-06 22:58:11,I,01,신규등록,2025-07-18 13:26:30,,2005-09-26,404,서울특별시 영등포구 영등포동7가 94-160,1992318007601500002,3180000,서울특별시 영등포구 국회대로 665 (영등포동7가),,,01,영업/정상,,,02-2635-7781
(주)엠에스오일,주유소,,190861.061164981,444352.348551523,2026-05-06 22:58:12,I,01,신규등록,2025-11-28 09:57:39,,1992-05-01,683.2,서울특별시 영등포구 대림동 664-18,1992318007601500004,3180000,서울특별시 영등포구 대림로 230 (대림동),,,01,영업/정상,2010-10-23,2011-03-23,02-849-5577
에이치디현대오일뱅크(주)직영 대일셀프주유소,주유소,,191095.569363633,446478.0863859,2026-05-06 22:58:14,I,06,휴지사업재개,2025-05-02 15:53:55,,1993-06-02,318,"서울특별시 영등포구 당산동1가 5-3,4,5,6",1993318007601500003,3180000,서울특별시 영등포구 영등포로 168 (당산동1가),,2021-07-14,01,영업/정상,,,02-2630-7300
도림주유소,주유소,,191109.444526468,445065.062201183,2026-05-06 22:58:15,I,06,휴지사업재개,2024-04-29 16:11:01,,1993-07-02,141,서울특별시 영등포구 도림동 243-2,1993318007601500004,3180000,서울특별시 영등포구 도림로 343 (도림동),,2024-04-26,01,영업/정상,,,02-835-8881
행촌주유소,주유소,,191640.075994113,445159.446247431,2026-05-06 22:58:16,I,01,신규등록,2019-06-12 16:52:08,,1993-08-24,605,서울특별시 영등포구 신길동 298-34,1993318007601500005,3180000,서울특별시 영등포구 도신로 130 (신길동),,,01,영업/정상,,,02-832-7264
(주)이아이디 네오시티주유소 지점,주유소,,193099.332836113,445704.136257393,2026-05-06 22:58:19,I,06,휴지사업재개,2026-05-04 09:51:41,,1994-01-13,1265,서울특별시 영등포구 신길동 70-1,1994318007601500008,3180000,서울특별시 영등포구 영등포로 399 (신길동),,2026-02-10,01,영업/정상,,,02-842-1155
버드나룻길주유소,주유소,,191786.727629467,447312.65513159,2026-05-06 22:58:21,I,01,신규등록,2023-10-25 11:23:36,,1994-01-13,780,서울특별시 영등포구 당산동 121-106,1994318007601500019,3180000,서울특별시 영등포구 버드나루로 111 (당산동),,,01,영업/정상,,,02-676-5151
선유도주유소,주유소,,190404.823135379,448470.995118249,2026-05-06 22:58:21,I,01,신규등록,2023-10-25 11:15:09,,1996-02-08,,서울특별시 영등포구 양평동5가 37,1996318007601500001,3180000,서울특별시 영등포구 양평로 141 (양평동5가),,,01,영업/정상,,,02-2671-5223
민기석유,일반판매소,,192411.985865192,445410.856217421,2026-05-06 22:58:23,I,01,신규등록,2024-10-25 09:27:09,,2004-08-09,,서울특별시 영등포구 신길동 158-6,1996318019001200056,3180000,서울특별시 영등포구 도신로54길 7 (신길동),,,01,영업/정상,,,
한경석유(주)경덕주유소,주유소,,192837.758872576,444023.386588526,2026-05-06 22:58:26,I,01,신규등록,2021-11-05 09:41:08,,1999-09-16,785,서울특별시 영등포구 신길동 4214,1999318007601500002,3180000,서울특별시 영등포구 여의대방로23길 2 (신길동),07433,,01,영업/정상,,,02-833-1333
주식회사성일유화,용제판매소,,,,2026-05-06 22:58:27,I,02,등록취소,2001-04-23 00:00:00,,2001-04-18,,서울특별시 영등포구 당산동6가 121-73,2001318007601500003,3180000,,,,04,취소/말소/만료/정지/중지,,,
(주)세전인터내쇼날,용제판매소,,190365.157302806,446477.869158807,2026-05-06 22:58:27,I,01,신규등록,2024-10-30 14:25:04,,2001-04-23,,서울특별시 영등포구 문래동3가 82-9 3E 타워,2001318007601500006,3180000,"서울특별시 영등포구 문래북로 60, 3E 타워 2층 (문래동3가)",07294,,01,영업/정상,,,02-841-9051
모든이주유소,주유소,,191163.996933784,445841.442864865,2026-05-06 22:58:28,I,01,신규등록,2025-11-10 16:53:53,,2001-06-26,,서울특별시 영등포구 문래동3가 8-17,2001318007601500009,3180000,서울특별시 영등포구 경인로 789 (문래동3가),,,01,영업/정상,,,26377788
KH에너지(주) 직영 KH여의도주유소,주유소,,192893.607786708,447619.813593085,2026-05-06 22:58:31,I,01,신규등록,2025-02-05 10:10:42,,1994-01-13,1024,서울특별시 영등포구 여의도동 13-11,2002318007601500007,3180000,서울특별시 영등포구 국회대로 794 (여의도동),,,01,영업/정상,2015-09-01,2015-12-31,02-761-0085
국회대로주유소,주유소,,192508.913834937,447309.297040882,2026-05-06 22:58:35,I,01,신규등록,2024-08-06 10:02:16,,1994-01-13,1440,서울특별시 영등포구 여의도동 17-2,2003318007601500006,3180000,서울특별시 영등포구 국회대로 746 (여의도동),,,01,영업/정상,,,02-782-9694
주식회사 강서오일,주유소,,191817.199365771,445315.304547129,2026-05-06 22:58:36,I,06,휴지사업재개,2023-11-01 13:08:03,,2003-06-04,,서울특별시 영등포구 도림동 71,2003318007601500007,3180000,서울특별시 영등포구 도신로 151 (도림동),,2023-10-28,01,영업/정상,,,02-832-1700
SK에너지(주) 기린주유소,주유소,,190992.043169641,448226.051690401,2026-05-06 22:58:37,I,01,신규등록,2024-11-25 14:21:53,,1994-04-23,680,서울특별시 영등포구 양평동4가 159-1,2003318007601500008,3180000,서울특별시 영등포구 선유로 270 (양평동4가),,,01,영업/정상,,,02-2068-7800
SK에너지(주)양평주유소,주유소,,190508.813348814,447654.257090667,2026-05-06 22:58:40,I,01,신규등록,2024-11-25 14:22:34,,2003-10-01,2757.5,서울특별시 영등포구 양평동3가 80-2,2003318007601500013,3180000,서울특별시 영등포구 선유로 195 (양평동3가),,,01,영업/정상,,,02-2633-1013
(주)대경유업 영등포제일셀프,주유소,,191043.985319082,444464.348794306,2026-05-06 22:58:41,I,01,신규등록,2021-02-25 09:05:50,,2003-10-01,757.2,서울특별시 영등포구 대림동 667-9,2003318007601500014,3180000,서울특별시 영등포구 가마산로 379 (대림동),,,01,영업/정상,,,02-843-0481
SK에너지(주)신길동주유소,주유소,,192593.404916499,445902.768408138,2026-05-06 22:58:42,I,01,신규등록,2024-11-25 14:21:13,,2003-10-01,,서울특별시 영등포구 신길동 50-8,2003318007601500016,3180000,서울특별시 영등포구 영등포로 348 (신길동),,,01,영업/정상,,,02-843-0481
정다운주유소,주유소,,190987.57887496,444381.741668931,2026-05-06 22:58:44,I,02,등록취소,2017-06-15 10:55:38,2015-07-01,2006-05-09,756.9,서울특별시 영등포구 대림동 667-13,2003318007601500023,3180000,서울특별시 영등포구 가마산로 367 (대림동),,2011-05-04,04,취소/말소/만료/정지/중지,2011-03-30,2011-06-30,
(주)정수에너지 직영 성락주유소,주유소,,191341.783222286,444628.002467771,2026-05-06 22:58:44,I,06,휴지사업재개,2022-11-08 09:52:41,,2003-12-01,853,서울특별시 영등포구 신길동 355-545,2003318007601500024,3180000,서울특별시 영등포구 가마산로 414 (신길동),,,01,영업/정상,,,02-844-8465
한미에너지,일반판매소,,192519.582052938,445339.090852632,2026-05-06 22:58:44,I,01,신규등록,2025-10-23 09:03:43,,2003-11-26,,서울특별시 영등포구 신길동 150-6,2003318011701200001,3180000,서울특별시 영등포구 도신로56가길 4-2 (신길동),,,01,영업/정상,,,
가나유류상사,일반판매소,,190791.103819063,445493.964205589,2026-05-06 22:58:44,I,01,신규등록,2024-10-25 16:27:55,,2003-09-30,,서울특별시 영등포구 문래동1가 47-1,2003318019001200015,3180000,서울특별시 영등포구 경인로82길 14 (문래동1가),,,01,영업/정상,,,
대광석유 얼음,일반판매소,,191924.873709086,445003.432894911,2026-05-06 22:58:44,I,01,신규등록,2018-11-12 09:37:07,,2003-02-28,,서울특별시 영등포구 신길동 256-4,2003318019001200042,3180000,서울특별시 영등포구 가마산로71길 13-1 (신길동),,,01,영업/정상,,,
씨앤에스유통(주) 한일주유소,주유소,,190189.555837124,446087.483409005,2026-05-06 22:58:44,I,06,휴지사업재개,2024-01-31 13:43:46,,2004-01-02,492.7,서울특별시 영등포구 문래동3가 76-3,2004318007601500001,3180000,서울특별시 영등포구 도림로 486 (문래동3가),,,01,영업/정상,,,02-2679-1794
에스제이오일(주)여의도주유소,주유소,,193352.144918442,447573.426413342,2026-05-06 22:58:46,I,01,신규등록,2025-02-21 10:37:39,,2004-07-26,1709,서울특별시 영등포구 여의도동 10-1,2004318007601500007,3180000,서울특별시 영등포구 은행로 64 (여의도동),,,01,영업/정상,,,02-782-6777
유성석유,일반판매소,,190896.440776379,447235.144577236,2026-05-06 22:58:49,I,01,신규등록,2022-06-16 16:55:20,,2004-08-02,,서울특별시 영등포구 당산동3가 142,2004318011701200009,3180000,서울특별시 영등포구 국회대로 574-2 (당산동3가),,,01,영업/정상,,,02-2676-3773
(주)동일세기,용제판매소,,190324.815986464,448295.820806256,2026-05-06 22:58:49,I,01,신규등록,2023-01-31 15:42:31,,2005-01-17,,서울특별시 영등포구 양평동5가 6-4,2005318007601500001,3180000,서울특별시 영등포구 양평로27길 31-1 (양평동5가),,,01,영업/정상,,,02-2633-8504
지에스칼텍스(주)화일주유소,주유소,,190778.917141877,445674.766463938,2026-05-06 22:58:49,I,06,휴지사업재개,2024-03-28 09:45:05,,2005-09-26,732.2,서울특별시 영등포구 문래동2가 1,2005318007601500005,3180000,서울특별시 영등포구 도림로 415 (문래동2가),,2022-05-01,01,영업/정상,,,02-2633-5546
동산화학(주),용제판매소,,191144.678297319,443578.565673887,2026-05-06 22:58:49,I,02,등록취소,2016-09-20 17:50:14,2015-08-28,2006-04-25,,서울특별시 영등포구 대림동 700-3,2006318007601500001,3180000,서울특별시 영등포구 대림로 148 (대림동),,,04,취소/말소/만료/정지/중지,2014-07-15,2015-07-14,02-843-9460
삼화석유,일반판매소,,191312.794309692,446550.647317328,2026-05-06 22:58:50,I,01,신규등록,2017-05-23 13:31:02,,2008-05-26,,서울특별시 영등포구 영등포동6가 104-5,2008318011701200001,3180000,서울특별시 영등포구 영등포로33길 7-1 (영등포동6가),,,01,영업/정상,,,02-2633-0414
(주)대청에너지,주유소,,190712.446581534,444042.912673113,2026-05-06 22:58:52,I,01,신규등록,2024-08-06 09:58:29,,1994-04-11,500,서울특별시 영등포구 대림동 776-3,2010318011701500058,3180000,서울특별시 영등포구 가마산로 328 (대림동),,,01,영업/정상,,,
유림에너지,일반판매소,,191237.251842677,445726.768981469,2026-05-06 22:58:52,I,01,신규등록,2025-01-02 10:39:35,,2002-06-05,,서울특별시 영등포구 문래동1가 17-8,2014318019001200001,3180000,서울특별시 영등포구 경인로90길 9-13 (문래동1가),,,01,영업/정상,,,02-2678-9140
(주)홍화인터내셔널,용제판매소,,190957.078657698,446940.090772176,2026-05-06 22:58:52,I,02,등록취소,2017-04-17 13:52:42,2017-03-07,2014-11-24,,서울특별시 영등포구 당산동3가 72-1,2014318019001500001,3180000,서울특별시 영등포구 양산로25길 9 (당산동3가),,,04,취소/말소/만료/정지/중지,,,20680311
남서울고속주유소,주유소,,190987.57887496,444381.741668931,2026-05-06 22:58:52,I,01,신규등록,2022-04-06 13:02:17,,2018-02-20,756.9,서울특별시 영등포구 대림동 667-13,2017318022101500001,3180000,서울특별시 영등포구 가마산로 367 (대림동),,,01,영업/정상,,,02-843-5151
노스폴,용제판매소,,198076.878950513,452402.195269511,2026-05-06 22:50:15,I,03,폐지,2004-02-05 00:00:00,,2000-03-17,,서울특별시 종로구 수송동 146-1 이마빌딩 8층 400-21,2000300007601500001,3000000,"서울특별시 종로구 종로1길 42  (수송동,이마빌딩 8층 400-21)",,,03,폐업,,,02-743-5123
(주)BizMRO,용제판매소,,197539.970819724,452504.064126045,2026-05-06 22:50:16,I,03,폐지,2002-08-14 00:00:00,,2002-06-07,,서울특별시 종로구 내자동 219 한누리빌딩 8층,2002300007601500001,3000000,"서울특별시 종로구 새문안로5가길 33  (내자동,한누리빌딩 8층)",,,03,폐업,,,02-3702-0900
(주)현산케미칼,용제판매소,,199855.110473367,452477.854659566,2026-05-06 22:50:16,I,03,폐지,2005-12-21 00:00:00,,2004-01-13,,서울특별시 종로구 연지동 30 삼원빌딩 202호,2004300007601500001,3000000,"서울특별시 종로구 창경궁로16길 29,  202호 (연지동,삼원빌딩)",,,03,폐업,,,02-756-3387
제물포주유소,주유소,,,,2026-05-06 22:50:14,I,01,신규등록,2000-09-23 00:00:00,,1965-11-18,794.88,인천광역시 부평구 부평동 650,1965354004701500019,3540000,,,,01,영업/정상,,,032-512-6978
(주)소모 동양7주유소,주유소,,177414.381643278,442549.029262867,2026-05-06 22:50:14,I,07,영업개시,2023-10-30 10:49:16,,2006-08-29,2271.7,인천광역시 부평구 일신동 109-12,1969354004701500018,3540000,인천광역시 부평구 경인로 1130 (일신동),,,01,영업/정상,,,032-502-9111
공단하이웨이주유소,주유소,,175327.182871591,445886.986613253,2026-05-06 22:50:14,I,06,휴지사업재개,2024-08-02 15:24:03,,1976-05-15,1826.9,인천광역시 부평구 갈산동 181-8,1976354004701500001,3540000,인천광역시 부평구 부평대로 262 (갈산동),,2023-06-08,01,영업/정상,,,032-502-1006
서울석유(주) 부일주유소,주유소,,175385.575871773,444238.665745154,2026-05-06 22:50:14,I,07,영업개시,2023-10-30 11:15:08,,1976-05-24,1380.8,인천광역시 부평구 부평동 440-7,1976354004701500003,3540000,인천광역시 부평구 부평대로 96 (부평동),,,01,영업/정상,,,032-502-1773
동양산업(주)효성주유소,주유소,,174312.314206921,446720.632607174,2026-05-06 22:50:15,I,06,휴지사업재개,2024-06-18 10:01:27,,1976-05-24,932.5,인천광역시 부평구 청천동 395-30,1976354004701500004,3540000,인천광역시 부평구 부평북로 154 (청천동),,,01,영업/정상,,,032-505-5189
명성석유,일반판매소,,176202.542804683,443605.153902937,2026-05-06 22:50:15,I,01,신규등록,2014-02-26 18:19:10,,1982-03-12,,인천광역시 부평구 부평동 364-7,1982354004701200000,3540000,인천광역시 부평구 장제로102번길 26 (부평동),,,01,영업/정상,,,032-511-7024
명성석유,일반판매소,,176202.542804683,443605.153902937,2026-05-06 22:50:15,I,01,신규등록,2014-02-26 18:20:07,,1982-03-12,,인천광역시 부평구 부평동 364-7,1982354004701200017,3540000,인천광역시 부평구 장제로102번길 26 (부평동),,,01,영업/정상,,,032-511-7024
부개주유소,주유소,,176634.410315488,442741.283692418,2026-05-06 22:50:15,I,01,신규등록,2023-10-30 11:15:59,,1982-10-15,697,인천광역시 부평구 부개동 269-4,1982354004701500006,3540000,인천광역시 부평구 경인로 1050 (부개동),,,01,영업/정상,,,032-514-1863
산곡하이웨이주유소,주유소,,174529.34191741,444679.991604216,2026-05-06 22:50:15,I,06,휴지사업재개,2024-07-26 16:29:40,,1984-06-21,1291.9,인천광역시 부평구 산곡동 411-16,1984354004701500008,3540000,인천광역시 부평구 원적로 417 (산곡동),21363,2018-04-26,01,영업/정상,,,032-524-5151
(주)백마에너지 백마장주유소,주유소,,173873.114590152,445149.928731099,2026-05-06 22:50:15,I,01,신규등록,2023-10-30 11:16:55,,1985-10-25,648.72,인천광역시 부평구 산곡동 101-4,1985354004701500009,3540000,인천광역시 부평구 길주로 390 (산곡동),,,01,영업/정상,,,032-516-5151
동서에너지,일반판매소,,176550.956948155,446950.332481756,2026-05-06 22:50:15,I,06,휴지사업재개,2023-10-30 15:26:19,,1986-12-27,,인천광역시 계양구 작전동 707-26 성주빌라 2동 201호,1986354004701200012,3540000,인천광역시 부평구 경인로667번길 48 (십정동),,2009-10-09,01,영업/정상,2009-02-11,2009-11-11,032-523-5878
백조석유,일반판매소,,,,2026-05-06 22:50:16,I,01,신규등록,2000-09-23 00:00:00,,1989-10-01,,인천광역시 부평구 부평동 127-20,1989354004701200018,3540000,,,,01,영업/정상,,,032-522-7586
조은석유사,일반판매소,,176071.363585268,444817.112115492,2026-05-06 22:50:16,I,01,신규등록,2023-10-30 15:29:06,,1989-05-24,,인천광역시 부평구 부평동 10-584,1989354004701200027,3540000,인천광역시 부평구 길주남로77번길 21 (부평동),,,01,영업/정상,,,032-502-5002
백운석유,일반판매소,,174226.121281799,442371.663007791,2026-05-06 22:50:16,I,01,신규등록,2014-02-27 10:34:28,,1989-07-06,,인천광역시 부평구 십정동 182-63,1989354004701200028,3540000,인천광역시 부평구 마장로36번길 22 (십정동),,,01,영업/정상,,,032-522-3203
(주)정도인더스트리,일반판매소,,176951.17408153,442571.834181353,2026-05-06 22:50:16,I,01,신규등록,2023-10-30 15:34:54,,1990-11-07,,인천광역시 부평구 부개동 383-40,1990354004701200040,3540000,인천광역시 부평구 경인로1092번길 30 (부개동),,,01,영업/정상,,,032-267-5189
현대석유상사,일반판매소,,173821.330460697,443657.004239645,2026-05-06 22:50:16,I,01,신규등록,2014-02-27 10:33:42,,1990-12-03,,인천광역시 부평구 산곡동 316-2,1990354004701200041,3540000,인천광역시 부평구 마장로180번길 21 (산곡동),,,01,영업/정상,,,032-525-1462
팔도셀프주유소,주유소,,173635.078713862,443735.936304554,2026-05-06 22:50:16,I,01,신규등록,2023-10-30 11:19:12,,1990-08-28,566.9,인천광역시 부평구 산곡동 362-20,1990354004701500011,3540000,인천광역시 부평구 마장로 199 (산곡동),,,01,영업/정상,,,032-511-6137
장동석유,일반판매소,,173928.304539043,446204.005132994,2026-05-06 22:50:16,I,01,신규등록,2012-06-25 17:43:20,,1991-08-31,,인천광역시 부평구 청천동 11-12,1991354004701200010,3540000,인천광역시 부평구 평천로142번길 50 (청천동),,,01,영업/정상,,,032-518-6396
엘지석유,일반판매소,,173175.291247465,441023.048091142,2026-05-06 22:50:16,I,01,신규등록,2014-02-27 10:55:08,,1991-01-31,,인천광역시 부평구 십정동 317-20,1991354004701200019,3540000,인천광역시 부평구 백범로506번길 33 (십정동),,,01,영업/정상,,,032-422-8043
금강에너지,일반판매소,,176370.650777633,444649.946044321,2026-05-06 22:50:16,I,01,신규등록,2009-12-23 10:38:15,,1991-10-21,,인천광역시 부평구 부평동 10-43,1991354004701200022,3540000,인천광역시 부평구 길주남로 112-13  (부평동),,,01,영업/정상,,,032-502-3615
소망석유,일반판매소,,175747.149402801,442779.464778299,2026-05-06 22:50:16,I,07,영업개시,2023-10-30 15:31:22,,1991-02-07,,인천광역시 부평구 부평동 642-6,1991354004701200032,3540000,인천광역시 부평구 육동로18번길 27 (부평동),,,01,영업/정상,2009-02-02,2009-08-02,032-512-5335
충남석유,일반판매소,,175555.922196549,442495.322332581,2026-05-06 22:50:16,I,01,신규등록,2014-02-26 18:25:33,,1991-02-11,,인천광역시 부평구 부평동 665-132,1991354004701200043,3540000,인천광역시 부평구 동수로52번길 19 (부평동),,,01,영업/정상,,,032-528-2933
(주)신화석유,일반판매소,,,,2026-05-06 22:50:17,I,01,신규등록,2000-09-23 00:00:00,,1991-09-06,,인천광역시 부평구 갈산동 50-11,1991354004701200046,3540000,,,,01,영업/정상,,,032-517-2824
대한에너지,일반판매소,,177080.969574863,443291.558361722,2026-05-06 22:50:17,I,01,신규등록,2024-06-19 09:27:03,,1991-10-22,,인천광역시 부평구 부개동 491-10,1991354004701200048,3540000,인천광역시 부평구 부일로113번길 29-10 (부개동),,,01,영업/정상,,,032-518-0010
충남석유사,일반판매소,,173515.28856238,441618.40989587,2026-05-06 22:50:17,I,01,신규등록,2014-02-27 10:52:02,,1991-10-22,,인천광역시 부평구 십정동 427-6,1991354004701200049,3540000,인천광역시 부평구 이규보로 34-11 (십정동),,,01,영업/정상,,,032-425-3934
동신석유,일반판매소,,176485.552666667,443424.743666666,2026-05-06 22:50:17,I,01,신규등록,2014-02-27 10:40:46,,1991-12-06,,인천광역시 부평구 부개동 141-1,1991354004701200052,3540000,인천광역시 부평구 충선로46번길 16 (부개동),,,01,영업/정상,,,032-503-8979
부일석유,일반판매소,,176175.325991994,442899.697432935,2026-05-06 22:50:17,I,01,신규등록,2014-02-27 10:48:48,,1991-12-09,,인천광역시 부평구 부평동 614-20,1991354004701200055,3540000,인천광역시 부평구 장제로28번길 35-5 (부평동),,,01,영업/정상,,,032-514-0522
인동석유,일반판매소,,174924.518387764,442721.797885434,2026-05-06 22:50:17,I,01,신규등록,2014-02-27 10:38:58,,1991-12-20,,인천광역시 부평구 부평동 760-363,1991354004701200059,3540000,인천광역시 부평구 경인로879번길 26 (부평동),,,01,영업/정상,,,032-524-1220
명마주유소,주유소,,173357.980558783,442144.427521601,2026-05-06 22:50:17,I,01,신규등록,2015-01-02 17:28:51,,1991-12-02,1038,인천광역시 부평구 십정동 168-29,1991354004701500012,3540000,인천광역시 부평구 경원대로 1132 (십정동),,,01,영업/정상,,,032-529-8585
유항주유소,주유소,,175808.599625295,446391.516089737,2026-05-06 22:50:17,I,01,신규등록,2025-11-13 14:19:42,,1991-12-01,1676.03,인천광역시 부평구 갈산동 108-10,1991354004701500013,3540000,인천광역시 부평구 주부토로 273 (갈산동),21316,,01,영업/정상,,,032-501-5151
동암주유소,주유소,,173464.066659014,440943.362962218,2026-05-06 22:50:17,I,01,신규등록,2023-11-24 10:34:11,,1991-12-11,1335.9,인천광역시 부평구 십정동 419-3,1991354004701500014,3540000,인천광역시 부평구 열우물로 19 (십정동),,,01,영업/정상,,,032-424-9717
에스케이글로벌주식회사 제일주유소,주유소,,176063.540687037,444114.76707477,2026-05-06 22:50:17,I,01,신규등록,2014-02-27 10:47:46,,1991-12-12,1635,인천광역시 부평구 부평동 378-2,1991354004701500015,3540000,인천광역시 부평구 장제로 151 (부평동),,,01,영업/정상,,,032-501-5001
제일주유소,주유소,,176063.540687037,444114.76707477,2026-05-06 22:50:18,I,01,신규등록,2024-06-18 13:20:53,,1991-12-12,2125,인천광역시 부평구 부평동 378-2,1991354006101588888,3540000,인천광역시 부평구 장제로 151 (부평동),,,01,영업/정상,,,032-501-5001
협진석유,일반판매소,,175012.633599288,442659.612337549,2026-05-06 22:50:18,I,01,신규등록,2014-02-27 10:50:27,,1992-08-10,,인천광역시 부평구 부평동 754-124,1992354004701200003,3540000,인천광역시 부평구 부영로 4 (부평동),,,01,영업/정상,,,032-518-5625
대인유류사,일반판매소,,173779.160275887,446407.057047775,2026-05-06 22:50:18,I,01,신규등록,2014-02-27 10:45:19,,1992-10-15,,인천광역시 부평구 청천동 14-9,1992354004701200005,3540000,인천광역시 부평구 마장로 461-1 (청천동),,,01,영업/정상,,,032-501-1820
(주)대한유업,일반판매소,,173631.443335032,445994.477213692,2026-05-06 22:50:18,I,01,신규등록,2001-07-28 00:00:00,,1992-01-15,,인천광역시 부평구 청천동 100-2,1992354004701200009,3540000,인천광역시 부평구 마장로429번길 32  (청천동),,,01,영업/정상,,,032-523-7925
현성오일,일반판매소,,177105.596930348,438143.380517436,2026-05-06 22:50:18,I,04,사업정지,2021-06-25 17:32:37,,1992-04-28,,인천광역시 남동구 만수동 1035-6,1992354004701200013,3540000,인천광역시 부평구 부흥로376번길 11 (부개동),,,04,취소/말소/만료/정지/중지,,,
대흥석유,일반판매소,,173236.452653046,441729.546071218,2026-05-06 22:50:18,I,01,신규등록,2014-02-27 10:43:18,,1992-11-10,,인천광역시 부평구 십정동 216-148,1992354004701200026,3540000,인천광역시 부평구 열우물로126번길 73-4 (십정동),,,01,영업/정상,,,032-427-8965
삼산석유,일반판매소,,,,2026-05-06 22:50:18,I,01,신규등록,2000-09-23 00:00:00,,1992-10-29,,인천광역시 부평구 삼산동 237-23,1992354004701200056,3540000,,,,01,영업/정상,,,032-501-4874
대성상사,일반판매소,,-1824.30595192962,483744.59310855,2026-05-06 22:50:13,I,01,신규등록,2018-11-08 09:24:12,,1989-09-26,,인천광역시 옹진군 대청면 대청리 765,1989358000701200005,3580000,인천광역시 옹진군 대청면 대청로 207,,,01,영업/정상,,,032-836-2319
백령주유소,주유소,,29.7723236137188,498561.162429271,2026-05-06 22:50:13,I,07,영업개시,2018-06-04 09:48:35,,1992-06-08,783,인천광역시 옹진군 백령면 진촌리 315-3,1992358000701500002,3580000,인천광역시 옹진군 백령면 백령로 221,,,01,영업/정상,,,032-836-0233
옹진주유소,주유소,,-922.927751380114,499220.664310985,2026-05-06 22:50:14,I,07,영업개시,2023-09-21 11:02:30,,1993-06-02,1500,인천광역시 옹진군 백령면 진촌리 1027-4 옹진주유소,1993358000701500003,3580000,"인천광역시 옹진군 백령면 백령로 342, 옹진주유소",23101,,01,영업/정상,,,032-836-0058
내리주유소,주유소,,154215.130429851,417451.557537944,2026-05-06 22:50:14,I,07,영업개시,2018-08-21 15:37:17,,1993-08-23,886,인천광역시 옹진군 영흥면 내리 196-2 3통1반,1993358000701500004,3580000,인천광역시 옹진군 영흥면 영흥로251번길 18,,,01,영업/정상,,,032-886-5090
선재주유소,주유소,,158167.277543155,415425.141740939,2026-05-06 22:50:14,I,07,영업개시,2018-08-21 15:38:25,,2003-05-17,994,인천광역시 옹진군 영흥면 선재리 344 GS선재주유소,2003358000701500001,3580000,"인천광역시 옹진군 영흥면 선재로 123, GS선재주유소",23123,,01,영업/정상,,,032-888-5185
덕적주유소,주유소,,124578.418729154,414325.979126046,2026-05-06 22:50:14,I,07,영업개시,2023-10-30 14:02:50,,2004-09-20,517,인천광역시 옹진군 덕적면 진리 26 외 2필지,2004358000701500001,3580000,인천광역시 옹진군 덕적면 덕적북로 66,,,01,영업/정상,,,032-832-3884
장봉에너지,주유소,,142049.258003041,447928.870799493,2026-05-06 22:50:14,I,01,신규등록,2018-03-02 16:33:28,,2004-10-26,317,인천광역시 옹진군 북도면 장봉리 191,2004358000701500002,3580000,인천광역시 옹진군 북도면 장봉로 467,,,01,영업/정상,,,
영흥주유소,주유소,,157365.630486899,416660.390606772,2026-05-06 22:50:14,I,01,신규등록,2023-10-30 14:05:34,,2006-09-22,904,인천광역시 옹진군 영흥면 선재리 603-9,2006358000701500002,3580000,인천광역시 옹진군 영흥면 선재로 273,,,01,영업/정상,,,032-888-5189
연평주유소,주유소,,84690.0156720163,462322.432968501,2026-05-06 22:50:14,I,07,영업개시,2020-01-13 15:01:29,,2009-06-08,761,인천광역시 옹진군 연평면 연평리 527,2008358003801500001,3580000,인천광역시 옹진군 연평면 연평로 715,,,01,영업/정상,,,032-831-3363
북포주유소,주유소,,,,2026-05-06 22:50:14,I,07,영업개시,2020-01-20 14:41:14,,2014-03-17,,인천광역시 옹진군 백령면 북포리,2014358003801500001,3580000,인천광역시 옹진군 백령면 백령로 859,23103,,01,영업/정상,,,032-836-5144
대청주유소,주유소,,-1977.57417853502,483710.566753177,2026-05-06 22:50:14,I,07,영업개시,2023-10-30 14:06:27,,2017-11-03,660,인천광역시 옹진군 대청면 대청리 750,2017358003801500001,3580000,인천광역시 옹진군 대청면 대청로 222,23105,,01,영업/정상,,,032-836-1111
자월주유소,주유소,,139540.506135228,416339.488888532,2026-05-06 22:50:14,I,07,영업개시,2023-10-29 15:13:50,,2019-01-09,,인천광역시 옹진군 자월면 자월리 308,2019358010201500001,3580000,인천광역시 옹진군 자월면 자월동로 38,23126,,01,영업/정상,,,032-435-5399
형제석유,일반판매소,,173367.626278994,441451.777230115,2026-05-06 22:50:18,I,01,신규등록,2014-02-27 10:42:15,,1992-03-08,,인천광역시 부평구 십정동 375-17,1992354004701200060,3540000,인천광역시 부평구 이규보로 11-16 (십정동),,,01,영업/정상,,,032-439-1578
태양석유상사,일반판매소,,,,2026-05-06 22:50:18,I,01,신규등록,2000-09-23 00:00:00,,1992-04-23,,인천광역시 부평구 삼산동 121-21,1992354004701200061,3540000,,,,01,영업/정상,,,032-513-1734
해동석유,일반판매소,,,,2026-05-06 22:50:18,I,01,신규등록,2000-09-23 00:00:00,,1992-07-30,,인천광역시 부평구 십정동 584-27,1992354004701200063,3540000,,,,01,영업/정상,,,032-437-4202
애영석유,일반판매소,,176373.817735108,443539.392024819,2026-05-06 22:50:18,I,01,신규등록,2014-02-27 10:46:46,,1992-10-05,,인천광역시 부평구 부개동 139-5,1992354004701200065,3540000,인천광역시 부평구 부평문화로 156 (부개동),,,01,영업/정상,,,032-511-5177
부평석유사,일반판매소,,176301.129226892,444222.347513387,2026-05-06 22:50:19,I,01,신규등록,2014-02-27 10:53:23,,1992-12-10,,인천광역시 부평구 부평동 112-32,1992354004701200066,3540000,인천광역시 부평구 부흥북로96번길 23 (부평동),,,01,영업/정상,,,032-529-8301
장미석유,일반판매소,,173900.776274611,441168.215444627,2026-05-06 22:50:19,I,01,신규등록,2014-02-27 10:58:59,,1992-12-29,,인천광역시 부평구 십정동 493-38,1992354004701200067,3540000,인천광역시 부평구 경인로701번길 50 (십정동),,,01,영업/정상,,,032-425-5294
산곡현대주유소,주유소,,,,2026-05-06 22:50:19,I,01,신규등록,2000-09-20 00:00:00,,1992-01-04,1536,인천광역시 부평구 부평동 274-21,1992354004701500016,3540000,,,,01,영업/정상,,,032-524-4761
BK봉황주유소,주유소,,173878.231348162,443245.769194646,2026-05-06 22:50:19,I,01,신규등록,2025-11-10 11:06:32,,1992-01-04,731.06,인천광역시 부평구 산곡동 369-305,1992354004701500017,3540000,인천광역시 부평구 마장로 144 (산곡동),21382,,01,영업/정상,,,032-521-3939
고개마루주유소,주유소,,173315.278662627,444731.644482509,2026-05-06 22:50:19,I,01,신규등록,2023-10-30 11:22:07,,1992-06-27,328,인천광역시 부평구 산곡동 180-381,1992354004701500021,3540000,인천광역시 부평구 원적로 294 (산곡동),,,01,영업/정상,,,032-525-9695
구산주유소,주유소,,178115.638527851,441460.495168273,2026-05-06 22:50:19,I,07,영업개시,2011-11-22 10:06:18,,1992-08-24,625,인천광역시 부평구 구산동 62-1,1992354004701500022,3540000,인천광역시 부평구 무네미로 431  (구산동),,,01,영업/정상,2010-11-15,2010-12-05,032-501-9351
대영석유,일반판매소,,176373.817735108,443539.392024819,2026-05-06 22:50:19,I,01,신규등록,2005-06-23 00:00:00,,1992-10-05,,인천광역시 부평구 부개동 139-5,1992354006101200001,3540000,인천광역시 부평구 부평문화로 156  (부개동),,,01,영업/정상,,,032-519-8342
하나석유,일반판매소,,,,2026-05-06 22:50:19,I,01,신규등록,2000-09-23 00:00:00,,1993-07-05,,인천광역시 부평구 삼산동 192-10,1993354004701200029,3540000,,,,01,영업/정상,,,032-528-0049
(주)가정상사,일반판매소,,173188.954600979,440730.514229326,2026-05-06 22:50:19,I,01,신규등록,2014-02-27 10:51:15,,1993-05-13,,인천광역시 부평구 십정동 450-24,1993354004701200042,3540000,인천광역시 부평구 백범로477번길 14 (십정동),,,01,영업/정상,,,032-426-7444
영진에너지주식회사,일반판매소,,173522.151817699,442959.629323523,2026-05-06 22:50:19,I,01,신규등록,2014-02-27 11:07:33,,1993-10-16,,인천광역시 부평구 산곡동 산 47-33,1993354004701200057,3540000,인천광역시 부평구 화랑로59번길 25 (산곡동),,,01,영업/정상,,,032-516-5324
제일석유,일반판매소,,173768.830053812,441153.186899336,2026-05-06 22:50:19,I,01,신규등록,2014-02-27 11:00:39,,1993-01-14,,인천광역시 부평구 십정동 479-22,1993354004701200068,3540000,인천광역시 부평구 아트센터로44번길 17 (십정동),,,01,영업/정상,,,032-430-7320
제일에너지,일반판매소,,175991.255275374,444787.687633863,2026-05-06 22:50:20,I,01,신규등록,2021-10-28 16:52:10,,1993-04-21,,인천광역시 부평구 부평동 10-619,1993354004701200071,3540000,인천광역시 부평구 길주남로65번길 12-7 (부평동),,,01,영업/정상,,,032-515-4732
경ㄱ 삭우,일반판매소,,172393.728992734,443507.762682573,2026-05-06 22:50:20,I,01,신규등록,2000-09-23 00:00:00,,1993-06-08,,인천광역시 서구 가좌동 306 코스모스아파트  3동 210호,1993354004701200072,3540000,"인천광역시 서구 장고개로 354, 3동 210호 (가좌동,코스모스아파트 )",,,01,영업/정상,,,032-425-9413
쌍용석유,일반판매소,,,,2026-05-06 22:50:20,I,01,신규등록,2000-09-23 00:00:00,,1993-10-08,,인천광역시 부평구 청천동 48-102,1993354004701200074,3540000,,,,01,영업/정상,,,032-529-5524
주식회사한중산업,일반판매소,,173345.120693893,441518.680648224,2026-05-06 22:50:20,I,01,신규등록,2014-02-27 11:01:22,,1993-10-29,,인천광역시 부평구 십정동 375-7,1993354004701200076,3540000,인천광역시 부평구 이규보로27번길 23-1 (십정동),,,01,영업/정상,,,032-434-6800
동진석유,일반판매소,,,,2026-05-06 22:50:20,I,01,신규등록,2000-09-23 00:00:00,,1993-11-19,,인천광역시 부평구 십정동 251-252,1993354004701200079,3540000,,,,01,영업/정상,,,032-577-7020
오성상사(주),일반판매소,,,,2026-05-06 22:50:20,I,01,신규등록,2000-09-23 00:00:00,,1993-12-04,,"인천광역시 부평구 십정동 362-34,36",1993354004701200080,3540000,,,,01,영업/정상,,,032-421-0651
뚱보석유사,일반판매소,,175960.317980687,444899.698710192,2026-05-06 22:50:20,I,01,신규등록,2023-10-30 15:38:45,,1993-12-15,,인천광역시 부평구 부평동 895-1,1993354004701200081,3540000,인천광역시 부평구 길주로602번길 20 (부평동),,,01,영업/정상,,,032-512-2977
굿데이self주유소,주유소,,176217.678568897,445951.793751667,2026-05-06 22:50:20,I,06,휴지사업재개,2023-10-30 11:09:43,,1993-03-10,481,인천광역시 부평구 삼산동 275-11 276-3,1993354004701500024,3540000,인천광역시 부평구 장제로 335 (삼산동),,,01,영업/정상,2016-02-11,2016-07-01,032-528-0362
용산뉴타운주유소,주유소,,196779.97932232,446986.163348884,2026-05-06 22:50:10,I,03,폐지,2021-04-08 10:05:58,,1976-05-17,664,서울특별시 용산구 한강로3가 65-155,1976302007401500006,3020000,서울특별시 용산구 한강대로 48 (한강로3가),,,03,폐업,,,02-795-0204
남영사,일반판매소,,197584.699531636,448947.066902909,2026-05-06 22:50:10,I,03,폐지,2006-06-12 00:00:00,,1979-05-25,,서울특별시 용산구 남영동 80-1,1979302007401200001,3020000,서울특별시 용산구 한강대로80길 11-3  (남영동),,,03,폐업,,,02-797-1243
용남석유,일반판매소,,196668.467438571,448483.434616577,2026-05-06 22:50:10,I,03,폐지,2016-01-11 14:08:50,,1979-05-25,,서울특별시 용산구 용문동 5-52,1979302007401200003,3020000,서울특별시 용산구 백범로 308 (용문동),,,03,폐업,,,02-713-3369
나정석유,일반판매소,,197151.536913052,447589.439100611,2026-05-06 22:50:11,I,03,폐지,2005-09-30 00:00:00,,1986-10-23,,서울특별시 용산구 한강로2가 311-1,1986302007401200001,3020000,서울특별시 용산구 한강대로39길 5  (한강로2가),,,03,폐업,,,02-777-4745
경남주유소,주유소,,174241.539153818,446172.178555833,2026-05-06 22:50:20,I,01,신규등록,2014-02-27 10:40:03,,1993-11-18,,인천광역시 부평구 청천동 3-1,1993354004701500027,3540000,인천광역시 부평구 청중로 109 (청천동),,,01,영업/정상,,,032-522-5454
(주)정현주유소,주유소,,176248.280480127,446392.973018074,2026-05-06 22:50:21,I,01,신규등록,2024-06-26 15:02:10,,1993-12-01,1396,인천광역시 부평구 삼산동 225-6,1993354004701500028,3540000,인천광역시 부평구 장제로 379 (삼산동),,,01,영업/정상,,,032-523-6586
이안스타에너지 이안주유소,주유소,,177603.661456824,442569.693625419,2026-05-06 22:50:21,I,06,휴지사업재개,2025-11-19 14:27:14,,1993-12-01,1426,인천광역시 부평구 일신동 68-1,1993354004701500029,3540000,인천광역시 부평구 경인로 1151 (일신동),,2024-04-11,01,영업/정상,,,032-502-4683
벧엘주유소,주유소,,,,2026-05-06 22:50:21,I,01,신규등록,2000-10-05 00:00:00,,1993-12-01,970.3,"인천광역시 부평구 삼산동 270-6,8",1993354004701500031,3540000,,,,01,영업/정상,,,032-526-5189
주식회사진양에너지,주유소,,178231.432753744,442312.459736479,2026-05-06 22:50:22,I,01,신규등록,2000-11-30 00:00:00,,1993-12-04,727,인천광역시 부평구 구산동 7-3,1993354004701500033,3540000,인천광역시 부평구 경인로 1216  (구산동),,,01,영업/정상,,,032-515-0077
동진주유소,주유소,,174364.219441786,442084.329044256,2026-05-06 22:50:22,I,01,신규등록,2001-12-03 00:00:00,,1993-12-15,936.5,인천광역시 부평구 십정동 571-3,1993354004701500034,3540000,인천광역시 부평구 경인로 795  (십정동),,,01,영업/정상,,,032-513-6655
대한석유상사,일반판매소,,,,2026-05-06 22:50:22,I,01,신규등록,2000-09-23 00:00:00,,1994-09-23,,인천광역시 부평구 부평동 33-34,1994354004701200070,3540000,,,,01,영업/정상,,,032-519-0736
신촌석유사,일반판매소,,174331.740317814,442861.77462053,2026-05-06 22:50:22,I,01,신규등록,2023-10-30 15:40:37,,1994-08-17,,인천광역시 부평구 부평동 283-71,1994354004701200083,3540000,인천광역시 부평구 신촌로 47-1 (부평동),,,01,영업/정상,,,032-523-0647
쌍용석유,일반판매소,,173099.788570862,440748.168889992,2026-05-06 22:50:22,I,01,신규등록,2014-02-26 15:08:19,,1994-08-24,,인천광역시 부평구 십정동 460-39,1994354004701200084,3540000,인천광역시 부평구 백범로487번길 22 (십정동),,,01,영업/정상,,,032-421-2032
호남석유,일반판매소,,174853.323894667,442784.864153545,2026-05-06 22:50:22,I,01,신규등록,2014-02-26 15:04:10,,1994-09-07,,인천광역시 부평구 부평동 759-31,1994354004701200085,3540000,인천광역시 부평구 안남로16번길 25 (부평동),,,01,영업/정상,,,032-522-0524
경인석유,일반판매소,,173927.288038636,442330.377437044,2026-05-06 22:50:22,I,01,신규등록,2014-02-26 15:00:24,,1994-11-08,,인천광역시 부평구 십정동 186-396,1994354004701200086,3540000,인천광역시 부평구 이규보로 119 (십정동),,,01,영업/정상,,,032-525-4967
갈산셀프주유소,주유소,,176302.247983554,446253.518988761,2026-05-06 22:50:23,I,07,영업개시,2024-10-11 11:18:33,,1994-03-02,1610,"인천광역시 부평구 갈산동 45-1 ,9",1994354004701500035,3540000,인천광역시 부평구 장제로 362 (갈산동),21318,2015-10-27,01,영업/정상,,,032-519-5656
유정주유소,주유소,,172993.855593569,441930.846409498,2026-05-06 22:50:23,I,01,신규등록,2014-02-26 14:58:54,,1994-03-02,662,인천광역시 부평구 십정동 134-2,1994354004701500036,3540000,인천광역시 부평구 경원대로 1091 (십정동),,,01,영업/정상,,,032-431-4081
주식회사 나비파크주유소,주유소,,172710.744952442,446735.487813849,2026-05-06 22:50:23,I,07,영업개시,2024-12-02 10:01:19,,1994-03-02,660,인천광역시 부평구 청천동 67-96,1994354004701500037,3540000,인천광역시 부평구 서달로 338 (청천동),,,01,영업/정상,,,032-529-1125
동산주유소,주유소,,173063.840466883,440949.669468183,2026-05-06 22:50:23,I,01,신규등록,2014-02-26 14:57:52,,1994-04-07,818,인천광역시 부평구 십정동 316-49,1994354004701500038,3540000,인천광역시 부평구 백범로 502 (십정동),,,01,영업/정상,,,032-431-2188
형제주유소,주유소,,176027.097824645,443606.69659846,2026-05-06 22:50:23,I,01,신규등록,2014-02-26 14:56:11,,1994-07-19,732.5,인천광역시 부평구 부평동 519-9,1994354004701500041,3540000,인천광역시 부평구 장제로 99 (부평동),,,01,영업/정상,,,032-521-5151
에스케이글로벌주식회사 상덕주유소,주유소,,175327.182871591,445886.986613253,2026-05-06 22:50:23,I,01,신규등록,2014-02-26 15:03:16,,1994-07-22,1178.2,인천광역시 부평구 갈산동 181-8,1994354004701500043,3540000,인천광역시 부평구 부평대로 262 (갈산동),,,01,영업/정상,,,032-425-1205
한화주유소,주유소,,172381.855993188,446738.602089597,2026-05-06 22:50:23,I,01,신규등록,2014-02-26 14:53:44,,1994-10-10,916,인천광역시 부평구 청천동 58-69,1994354004701500044,3540000,인천광역시 부평구 서달로 308 (청천동),,,01,영업/정상,,,032-502-5149
동양석유,일반판매소,,172685.682176834,441496.748747646,2026-05-06 22:50:23,I,01,신규등록,2014-02-26 14:52:41,,1995-12-13,,인천광역시 부평구 십정동 251,1995354004701200025,3540000,인천광역시 부평구 경원대로 1037 (십정동),,,01,영업/정상,,,032-432-4123
성화석유,일반판매소,,173216.302083583,440950.186099035,2026-05-06 22:50:23,I,01,신규등록,2014-02-26 14:51:19,,1995-12-12,,인천광역시 부평구 십정동 447-39,1995354004701200030,3540000,인천광역시 부평구 백범로488번길 19 (십정동),,,01,영업/정상,,,032-435-0315
동신석유,일반판매소,,173018.255914271,441359.112440246,2026-05-06 22:50:23,I,01,신규등록,2024-06-19 09:19:40,,1995-09-29,,인천광역시 부평구 십정동 322-19,1995354004701200038,3540000,인천광역시 부평구 배곶로69번길 3 (십정동),,,01,영업/정상,,,032-432-6460
오성석유,일반판매소,,173579.891546913,445801.926530189,2026-05-06 22:50:23,I,01,신규등록,2014-02-26 14:48:29,,1995-06-20,,인천광역시 부평구 산곡동 46-6,1995354004701200089,3540000,인천광역시 부평구 산청로 58-1 (산곡동),,,01,영업/정상,,,032-504-5858
삼산우리석유,일반판매소,,,,2026-05-06 22:50:23,I,01,신규등록,2000-09-23 00:00:00,,1995-08-01,,인천광역시 부평구 삼산동 80-7,1995354004701200091,3540000,,,,01,영업/정상,,,032-527-7005
성일석유,일반판매소,,172825.381334885,441324.273396851,2026-05-06 22:50:23,I,01,신규등록,2014-02-26 14:46:16,,1995-08-24,,인천광역시 부평구 십정동 328-3,1995354004701200092,3540000,인천광역시 부평구 백범로542번길 8-21 (십정동),,,01,영업/정상,,,032-437-5035
(주)서부티엔디,주유소,,196610.663839509,447742.348636253,2026-05-06 22:50:11,I,03,폐지,2014-04-25 17:15:30,,1989-07-07,1086,서울특별시 용산구 한강로3가 40-969,1989302007401500001,3020000,서울특별시 용산구 청파로20길 83 (한강로3가),,,03,폐업,,,02-703-8118
동성석유,일반판매소,,192559.994725361,452852.020155302,2026-05-06 22:50:11,I,03,폐지,2016-01-11 14:16:08,,1990-12-06,,서울특별시 서대문구 남가좌동 377 3통1반 남가좌삼성아파트 101동 201호,1990302007401200016,3020000,"서울특별시 서대문구 증가로 191, 101동 201호 (남가좌동,남가좌삼성아파트)",,,03,폐업,,,
중앙석유,일반판매소,,199943.016460781,447386.725571553,2026-05-06 22:50:11,I,03,폐지,2016-01-11 14:17:33,,1990-09-03,,서울특별시 용산구 보광동 264-69,1990302007401200017,3020000,서울특별시 용산구 보광로14길 48 (보광동),,,03,폐업,,,02-797-0072
부영주유소,주유소,,195886.024469289,447573.941467913,2026-05-06 22:50:13,I,03,폐지,2015-02-24 18:03:52,,1993-12-15,1910,서울특별시 용산구 이촌동 212-1,1993302007401500005,3020000,서울특별시 용산구 이촌로 16 (이촌동),,,03,폐업,,,02-706-5000
오대석유,일반판매소,,196465.424151876,448032.083838496,2026-05-06 22:50:13,I,03,폐지,2017-04-17 15:31:58,,1995-07-10,,서울특별시 용산구 원효로2가 92-10,1995302007401200002,3020000,서울특별시 용산구 원효로48길 9 (원효로2가),,,03,폐업,,,02-716-2121
세방석유상사,일반판매소,,198621.568771382,449215.327711063,2026-05-06 22:50:13,I,03,폐지,2016-01-11 14:05:47,,2001-05-07,,서울특별시 용산구 용산동2가 1-48,2001302007401200002,3020000,서울특별시 용산구 소월로20길 30  (용산동2가),,,03,폐업,,,02-775-4532
동양연료,일반판매소,,199902.25812814,447753.685996193,2026-05-06 22:50:13,I,03,폐지,2001-05-07 00:00:00,,2001-05-07,,서울특별시 용산구 보광동 265-961,2001302007401200011,3020000,서울특별시 용산구 우사단로10길 80  (보광동),,,03,폐업,,,02-793-8898
이태원석유,일반판매소,,198844.701739064,448046.692564344,2026-05-06 22:50:13,I,03,폐지,2001-04-09 00:00:00,,2001-04-07,,서울특별시 용산구 이태원동 552,2001302007401200013,3020000,서울특별시 용산구 녹사평대로40길 33  (이태원동),,,03,폐업,,,02-794-1380
쌍용석유,일반판매소,,196200.099737911,447987.019176963,2026-05-06 22:50:13,I,03,폐지,2017-06-19 11:21:08,,2001-01-29,,서울특별시 용산구 원효로3가 99,2001302007401200017,3020000,서울특별시 용산구 원효로41가길 3 (원효로3가),,,03,폐업,,,02-712-5500
세정석유(주),일반판매소,,199354.469018798,447943.138508679,2026-05-06 22:50:14,I,03,폐지,2016-01-11 14:02:13,,2001-05-31,,서울특별시 용산구 이태원동 130-8 4통6반,2001302007401200018,3020000,서울특별시 용산구 이태원로26길 17 (이태원동),,,03,폐업,,,02-793-5138
경기석유,일반판매소,,198511.640616644,449438.219426092,2026-05-06 22:50:14,I,03,폐지,2001-05-16 00:00:00,,2001-05-15,,서울특별시 용산구 후암동 406-58,2001302007401200022,3020000,서울특별시 용산구 신흥로20길 37  (후암동),,,03,폐업,,,02-754-3095
신아석유,일반판매소,,198468.102034555,449150.559157033,2026-05-06 22:50:14,I,03,폐지,2001-03-24 00:00:00,,2001-03-06,,서울특별시 용산구 용산동2가 5-1161,2001302007401200023,3020000,서울특별시 용산구 신흥로 111  (용산동2가),,,03,폐업,,,02-771-1780
중앙석유(주) 남창주유소,일반판매소,,200471.903312912,448199.065849486,2026-05-06 22:50:14,I,03,폐지,2016-01-11 13:53:07,,2001-02-05,,서울특별시 용산구 한남동 707-14,2001302007401500014,3020000,서울특별시 용산구 한남대로 82 (한남동),,,03,폐업,,,02-795-8484
현대자동차(주) 원효로주유소,주유소,,195770.709246897,447765.809442454,2026-05-06 22:50:14,I,03,폐지,2009-11-27 13:58:04,,2001-01-19,669.2,서울특별시 용산구 원효로4가 114-36,2001302007401500025,3020000,서울특별시 용산구 원효로 86  (원효로4가),,,03,폐업,,,02-7127-7495
서울상사,일반판매소,,195996.987059253,447116.532297206,2026-05-06 22:50:14,I,03,폐지,2016-01-11 13:46:19,,2002-11-25,,서울특별시 용산구 이촌동 203-17,2002302007401200002,3020000,서울특별시 용산구 이촌로18길 5 (이촌동),,,03,폐업,,,02-712-2900
서울상사,일반판매소,,195996.987059253,447116.532297206,2026-05-06 22:50:14,I,03,폐지,2016-01-11 13:45:31,,2002-11-25,,서울특별시 용산구 이촌동 203-17,2002302007401200003,3020000,서울특별시 용산구 이촌로18길 5 (이촌동),,,03,폐업,,,02-712-2900
(주)정원EDS 망우주유소,주유소,,,,2026-05-06 22:50:11,I,03,폐지,2021-04-07 10:10:03,,2005-05-09,900.1,"서울특별시 중랑구 상봉동 100, 160-6",2000306007501500001,3060000,서울특별시 중랑구 망우로 311 (상봉동),,,03,폐업,,,02-432-5145
서울석유,일반판매소,,207719.850156727,453676.29392157,2026-05-06 22:50:11,I,03,폐지,2013-10-25 13:30:39,,2002-02-27,,서울특별시 중랑구 면목동 502-2,2002306007501200001,3060000,,,,03,폐업,,,02-434-1949
현대정유(주)제3대지주유소,일반판매소,,206970.931160172,454293.539072489,2026-05-06 22:50:12,I,03,폐지,2005-04-19 00:00:00,,1997-05-19,,서울특별시 중랑구 면목동 180-1,2002306007501200002,3060000,,,,03,폐업,,,02-434-5141
대림에너지,일반판매소,,207375.431284156,454422.111811383,2026-05-06 22:50:12,I,03,폐지,2013-10-25 13:30:03,,2002-02-27,,서울특별시 중랑구 면목동 132-21,2002306007501200003,3060000,,,,03,폐업,,,
서부석유,일반판매소,,,,2026-05-06 22:50:14,I,03,폐지,2005-07-01 00:00:00,,1968-11-21,,서울특별시 은평구 녹번동 55-9,1968311008801200001,3110000,서울특별시 은평구 통일로 606  (녹번동),,,03,폐업,,,02-384-6963
보람석유,일반판매소,,173109.742617301,441617.472792455,2026-05-06 22:50:23,I,01,신규등록,2014-02-27 10:31:22,,1995-12-13,,인천광역시 부평구 십정동 305-42,1995354004701200093,3540000,인천광역시 부평구 열우물로118번길 40 (십정동),,,01,영업/정상,,,032-434-8620
(주)성신에너지,일반판매소,,173041.007111621,441112.823367445,2026-05-06 22:50:24,I,01,신규등록,2014-02-26 14:44:44,,1995-12-18,,인천광역시 부평구 십정동 318-2,1995354004701200094,3540000,인천광역시 부평구 배곶남로6번길 25 (십정동),,,01,영업/정상,,,032-423-2371
현대정유주식회사 싸이클주유소,주유소,,178037.148937995,442464.692824916,2026-05-06 22:50:24,I,01,신규등록,2014-02-26 14:43:49,,1995-05-29,3173,인천광역시 부평구 구산동 2-6,1995354004701500045,3540000,인천광역시 부평구 경인로 1195 (구산동),,,01,영업/정상,,,032-502-7771
구도일주유소,주유소,,176317.330096496,442760.698898736,2026-05-06 22:50:24,I,07,영업개시,2023-10-30 14:24:56,,1995-10-09,1133.36,인천광역시 부평구 부개동 232-3,1995354004701500047,3540000,인천광역시 부평구 경인로 1020 (부개동),,,01,영업/정상,2012-04-25,2012-10-24,032-514-8072
심복석유,일반판매소,,176292.134376893,444635.527856973,2026-05-06 22:50:24,I,01,신규등록,2014-02-26 14:41:58,,1996-01-15,,인천광역시 부평구 부평동 10-129,1996354004701200009,3540000,인천광역시 부평구 길주남로102번길 12-8 (부평동),,,01,영업/정상,,,032-5173-3512
신세계석유,일반판매소,,173388.937111936,445008.473517134,2026-05-06 22:50:24,I,01,신규등록,2014-02-26 14:41:08,,1996-01-04,,인천광역시 부평구 산곡동 87-155,1996354004701200095,3540000,인천광역시 부평구 산곡로 26 (산곡동),,,01,영업/정상,,,032-511-1577
쌍용석유,일반판매소,,176177.887834744,443447.862915306,2026-05-06 22:50:24,I,01,신규등록,2023-10-30 15:41:31,,1996-01-15,,인천광역시 부평구 부평동 450-6,1996354004701200097,3540000,인천광역시 부평구 장제로84번길 23 (부평동),,,01,영업/정상,,,032-504-4996
칭득석유,일반판매소,,176791.293010031,443531.612335039,2026-05-06 22:50:24,I,01,신규등록,2014-02-26 14:39:33,,1996-08-21,,인천광역시 부평구 부개동 120-161,1996354004701200098,3540000,인천광역시 부평구 부평문화로 197 (부개동),,,01,영업/정상,,,032-503-3633
효성석유(주) 보보프라자주유소,주유소,,189691.819100824,445265.191940304,2026-05-06 22:50:24,I,01,신규등록,2006-08-14 00:00:00,,1996-07-27,1821,서울특별시 구로구 신도림동 645 신도림3차@ 301동 1702호,1996354004701500046,3540000,"서울특별시 구로구 신도림로 78, 301동 1702호 (신도림동,신도림3차@)",,,01,영업/정상,,,032-502-8562
에스케이글로벌주식회사 이학주유소,주유소,,172721.599866452,441611.414953304,2026-05-06 22:50:24,I,01,신규등록,2000-10-02 00:00:00,,1996-07-26,1095.5,인천광역시 부평구 십정동 246,1996354004701500049,3540000,인천광역시 부평구 경원대로 1049  (십정동),,,01,영업/정상,,,032-578-5882
성주주유소,주유소,,173486.898583667,440874.070374875,2026-05-06 22:50:24,I,01,신규등록,2014-02-26 14:36:27,,1996-08-16,1100.3,인천광역시 부평구 십정동 408-48 19통2반,1996354004701500050,3540000,인천광역시 부평구 열우물로 18 (십정동),,,01,영업/정상,,,032-433-8317
이천석유,일반판매소,,173952.465177772,441162.587627332,2026-05-06 22:50:24,I,01,신규등록,2014-02-26 14:34:44,,1997-10-09,,인천광역시 부평구 십정동 493-42,1997354004701200103,3540000,인천광역시 부평구 경인로701번길 40 (십정동),,,01,영업/정상,,,032-435-1450
삼성석유,일반판매소,,175848.658336272,444657.843895369,2026-05-06 22:50:24,I,01,신규등록,2014-02-26 14:33:36,,1997-10-31,,인천광역시 부평구 부평동 10-270,1997354004701200104,3540000,인천광역시 부평구 장제로199번길 56 (부평동),,,01,영업/정상,,,032-522-2189
강원에너지(주),일반판매소,,172661.199755439,441400.814525567,2026-05-06 22:50:25,I,01,신규등록,2014-02-26 14:31:39,,1998-08-22,,인천광역시 부평구 십정동 264-1,1998354004701200106,3540000,인천광역시 부평구 경원대로 1025 (십정동),,,01,영업/정상,,,032-576-8538
(주)호연지티,용제판매소,,172586.470610659,446517.52465039,2026-05-06 22:50:25,I,01,신규등록,2014-02-26 14:30:38,,1998-11-13,,인천광역시 부평구 청천동 67-11,1998354004701500004,3540000,인천광역시 부평구 청농로 23 (청천동),,,01,영업/정상,,,032-502-9420
지에스칼텍스(주) 부흥로주유소,주유소,,176174.82511281,444621.92217942,2026-05-06 22:50:25,I,06,휴지사업재개,2023-10-30 14:36:27,,1998-01-08,1213,"인천광역시 부평구 부평동 10-865 ,869",1998354004701500052,3540000,인천광역시 부평구 장제로 200 (부평동),21352,2012-08-01,01,영업/정상,2011-11-24,2012-12-24,032-523-5133
주식회사 진주크린텍,용제판매소,,176227.157686153,442826.567994946,2026-05-06 22:50:25,I,01,신규등록,2014-10-16 17:15:47,,1998-07-06,,인천광역시 부평구 부평동 621-40,1998354006101500001,3540000,인천광역시 부평구 경인로 1009 (부평동),,,01,영업/정상,,,032-504-4567
한화석유,일반판매소,,173728.113720801,441228.722751812,2026-05-06 22:50:25,I,01,신규등록,2014-02-26 14:29:19,,1999-06-18,,인천광역시 부평구 십정동 479-13 26통2반 삼인빌라 다동 301호,1999354004701200107,3540000,"인천광역시 부평구 아트센터로60번길 10-3, 다동 301호 (십정동,삼인빌라)",,,01,영업/정상,,,032-423-5104
금강석유,일반판매소,,173263.123407955,445631.919170024,2026-05-06 22:50:25,I,01,신규등록,2014-02-26 14:28:40,,1999-09-24,,인천광역시 부평구 산곡동 63-78 21통6반 산곡그린빌라트 102동 101호,1999354004701200108,3540000,"인천광역시 부평구 마곡로 28, 102동 101호 (산곡동,산곡그린빌라트)",,,01,영업/정상,,,032-516-8663
현대석유상사,일반판매소,,173826.684919381,443442.192355527,2026-05-06 22:50:25,I,01,신규등록,2001-11-27 00:00:00,,2001-11-27,,인천광역시 부평구 산곡동 369-35 3통1반,2001354004701200003,3540000,인천광역시 부평구 마장로 160-5  (산곡동),,,01,영업/정상,,,032-525-1462
대현주유소,주유소,,176096.197618644,443613.245818972,2026-05-06 22:50:25,I,01,신규등록,2014-02-26 14:27:28,,2001-03-20,1050.9,인천광역시 부평구 부평동 518-2,2001354004701500001,3540000,인천광역시 부평구 장제로 100 (부평동),,,01,영업/정상,,,02-2298-5816
(주)한진중공업 남영동주유소,주유소,,,,2026-05-06 22:50:14,I,03,폐지,2009-12-03 15:15:40,,2002-08-07,,서울특별시 용산구 갈월동 103-17,2002302007401500001,3020000,,,,03,폐업,,,02-795-0204
SK네트웍스(주)남산주유소,주유소,,199993.699495652,448367.664079287,2026-05-06 22:50:14,I,03,폐지,2015-12-22 17:43:31,,2003-09-25,595,서울특별시 용산구 한남동 739-11,2003302007401500015,3020000,서울특별시 용산구 이태원로 255 (한남동),,,03,폐업,,,02-794-7665
SK네트웍스(주) 청파주유소,주유소,,197271.499019437,449468.730248023,2026-05-06 22:50:15,I,03,폐지,2018-03-26 17:14:06,,1976-06-30,610,서울특별시 용산구 청파동1가 180,2003302007401500018,3020000,서울특별시 용산구 청파로 311 (청파동1가),,,03,폐업,,,02-701-9130
(주)에치아이씨,용제판매소,,195956.83241222,447651.530984522,2026-05-06 22:50:15,I,03,폐지,2013-04-10 14:17:19,,2007-05-02,,서울특별시 용산구 한강로3가 16-91 한강그랜드 오피스텔711호,2007302009501500001,3020000,"서울특별시 용산구 이촌로 5  (한강로3가,한강그랜드 오피스텔711호)",,,03,폐업,,,02-795-0757
은형석유,일반판매소,,,,2026-05-06 22:50:14,I,03,폐지,2004-01-19 00:00:00,,2003-06-25,,서울특별시 은평구 응암동 626-24,1969311008801200029,3110000,서울특별시 은평구 응암로20길 35-14  (응암동),,,03,폐업,,,02-375-0058
경남석유,일반판매소,,193257.493502017,457395.676818005,2026-05-06 22:50:14,I,03,폐지,2005-06-14 00:00:00,,1970-12-03,,서울특별시 은평구 불광동 328-1,1970311008801200011,3110000,서울특별시 은평구 연서로32길 19  (불광동),,,03,폐업,,,02-387-2231
고려석유,일반판매소,,193268.571497298,457638.979493811,2026-05-06 22:50:14,I,03,폐지,2002-09-03 00:00:00,,1970-10-27,,서울특별시 은평구 불광동 366-5,1970311008801200013,3110000,서울특별시 은평구 연서로33길 3-1  (불광동),,,03,폐업,,,02-355-2947
삼호에너지,일반판매소,,192344.712166608,455708.076387572,2026-05-06 22:50:14,I,03,폐지,2005-07-01 00:00:00,,1970-07-10,,서울특별시 은평구 역촌동 64-53,1970311008801200038,3110000,서울특별시 은평구 연서로3가길 15-10  (역촌동),,,03,폐업,,,02-352-3246
미륭석유주,일반판매소,,192705.72783697,456086.030643417,2026-05-06 22:50:14,I,03,폐지,2007-06-29 00:00:00,,1975-02-26,,서울특별시 은평구 역촌동 13-25,1975311008801200036,3110000,서울특별시 은평구 역말로7길 10  (역촌동),,,03,폐업,,,02-373-4466
화신석유,일반판매소,,190832.436789018,453243.714746405,2026-05-06 22:50:15,I,03,폐지,2002-09-03 00:00:00,,1979-07-23,,서울특별시 은평구 수색동 154-11,1979311008801200048,3110000,서울특별시 은평구 수색로 242  (수색동),,,03,폐업,,,02-373-0111
호남석유,일반판매소,,193683.3491809,457690.018361344,2026-05-06 22:50:15,I,03,폐지,2005-07-20 00:00:00,,1980-07-10,,서울특별시 은평구 불광동 208,1980311008801200010,3110000,서울특별시 은평구 연서로34길 28  (불광동),,,03,폐업,,,02-357-6685
형제석유,일반판매소,,192380.148047365,457127.815710633,2026-05-06 22:50:15,I,03,폐지,2002-09-03 00:00:00,,1982-07-20,,서울특별시 은평구 갈현동 494-15,1982311008801200017,3110000,서울특별시 은평구 갈현로 216  (갈현동),,,03,폐업,,,02-385-9988
한일석유,일반판매소,,,,2026-05-06 22:50:16,I,03,폐지,2002-09-03 00:00:00,,1983-07-25,,서울특별시 은평구 응암동 625-1,1983311008801200030,3110000,서울특별시 은평구 백련산로 63  (응암동),,,03,폐업,,,02-307-5511
부흥에너지,일반판매소,,,,2026-05-06 22:50:16,I,03,폐지,2007-04-30 00:00:00,,1983-01-06,,서울특별시 은평구 구파발동 89-5,1983311008801200049,3110000,,,,03,폐업,,,02-384-3013
이원유업,일반판매소,,192581.572431324,457633.479606825,2026-05-06 22:50:16,I,03,폐지,2006-08-11 00:00:00,,1986-12-09,,서울특별시 은평구 갈현동 428-4,1986311008801200015,3110000,서울특별시 은평구 갈현로 270  (갈현동),,,03,폐업,,,02-386-2944
경향에너지,일반판매소,,192488.877352373,455435.883562514,2026-05-06 22:50:16,I,03,폐지,2007-06-29 00:00:00,,1987-07-23,,서울특별시 은평구 역촌동 83-27,1987311008801200039,3110000,서울특별시 은평구 연서로 23  (역촌동),,,03,폐업,,,02-355-1511
대창석유,일반판매소,,192090.280667818,457806.746448487,2026-05-06 22:50:16,I,03,폐지,2002-09-03 00:00:00,,1990-02-22,,서울특별시 은평구 갈현동 267-56,1990311008801200018,3110000,서울특별시 은평구 갈현로29길 55  (갈현동),,,03,폐업,,,02-355-4800
일성석유,일반판매소,,192415.240514033,457253.433984129,2026-05-06 22:50:16,I,03,폐지,2007-07-13 00:00:00,,1990-03-02,,서울특별시 은평구 갈현동 504-62,1990311008801200019,3110000,서울특별시 은평구 갈현로 229  (갈현동),,,03,폐업,,,02-357-1002
동신석유,일반판매소,,192733.808860068,456651.074419849,2026-05-06 22:50:16,I,03,폐지,2002-09-03 00:00:00,,1990-09-13,,서울특별시 은평구 대조동 225-9,1990311008801200024,3110000,서울특별시 은평구 연서로18길 10  (대조동),,,03,폐업,,,02-385-3225
경인석유,일반판매소,,190047.240096367,458415.693340704,2026-05-06 22:50:16,I,03,폐지,2005-06-13 00:00:00,,1991-01-04,,경기도 고양시 덕양구 용두동 432-185,1991311008801200005,3110000,경기도 고양시 덕양구 서오릉로 474  (용두동),,,03,폐업,,,02-354-1919
서부이동에너지,일반판매소,,193584.244557623,457744.349223725,2026-05-06 22:50:16,I,03,폐지,2002-10-08 00:00:00,,1991-01-04,,서울특별시 은평구 불광동 116,1991311008801200012,3110000,서울특별시 은평구 연서로38길 11  (불광동),,,03,폐업,,,02-382-3184
동성에너지주유소,주유소,,175281.184900029,445471.103681137,2026-05-06 22:50:25,I,06,휴지사업재개,2024-09-13 09:43:00,,2001-07-09,1395.4,인천광역시 부평구 갈산동 185-8 18통6반,2001354004701500002,3540000,인천광역시 부평구 부평대로 222 (갈산동),,2024-09-11,01,영업/정상,,,032-508-3023
공단석유,일반판매소,,,,2026-05-06 22:50:25,I,01,신규등록,2002-09-05 00:00:00,,2002-09-05,,인천광역시 부평구 산곡동 257 14통6반 한양아파트 44동 202호,2002354004701200002,3540000,,,,01,영업/정상,,,032-439-1300
동일석유(주)보보프라자주유소,주유소,,177896.641345905,441825.566167832,2026-05-06 22:50:25,I,01,신규등록,2002-02-18 00:00:00,,2002-02-18,,인천광역시 부평구 구산동 93-1,2002354004701500001,3540000,인천광역시 부평구 무네미로 471  (구산동),,,01,영업/정상,,,032-502-8562
친절주유소,주유소,,173063.840466883,440949.669468183,2026-05-06 22:50:25,I,01,신규등록,2014-02-26 14:15:46,,2002-04-19,,인천광역시 부평구 십정동 316-49 4통3반,2002354004701500002,3540000,인천광역시 부평구 백범로 502 (십정동),,,01,영업/정상,,,032-431-2148
장수self주유소,주유소,,173063.840466883,440949.669468183,2026-05-06 22:50:25,I,06,휴지사업재개,2024-09-23 10:33:51,,1994-04-07,,인천광역시 부평구 십정동 316-49 4통3반,2002354004701500003,3540000,인천광역시 부평구 백범로 502 (십정동),,2024-09-23,01,영업/정상,,,032-431-2188
새현에너지(주),주유소,,178231.432753744,442312.459736479,2026-05-06 22:50:26,I,01,신규등록,2014-02-26 14:10:14,,2003-01-25,1462,인천광역시 부평구 구산동 7-3,2003354006101500001,3540000,인천광역시 부평구 경인로 1216 (구산동),,,01,영업/정상,,,032-515-0077
SK에너지(주) 보보프라자주유소,주유소,,177896.641345905,441825.566167832,2026-05-06 22:50:26,I,06,휴지사업재개,2024-11-25 11:23:47,,1995-08-09,,"인천광역시 부평구 구산동 93-1 ,95-9",2003354006101500002,3540000,인천광역시 부평구 무네미로 471 (구산동),21457,2013-05-30,01,영업/정상,2013-03-25,2013-05-31,032-502-8562
동진주유소,주유소,,174364.219441786,442084.329044256,2026-05-06 22:50:26,I,01,신규등록,2003-03-13 00:00:00,,2003-03-13,,인천광역시 부평구 십정동 571-3 17통4반,2003354006101500004,3540000,인천광역시 부평구 경인로 795  (십정동),,,01,영업/정상,,,032-513-6655
대양주유소,주유소,,210202.765952769,444769.72274723,2026-05-06 22:50:26,I,01,신규등록,2006-07-12 00:00:00,,2003-03-18,1920.4,서울특별시 송파구 송파동 151 한양APT 26-903,2003354006101500005,3540000,"서울특별시 송파구 가락로 192  (송파동,한양APT 26-903)",,,01,영업/정상,,,
우리주유소,주유소,,172381.855993188,446738.602089597,2026-05-06 22:50:26,I,01,신규등록,2023-10-30 13:55:09,,1994-10-10,1134,"인천광역시 부평구 청천동 58-69 22통6반 58-1(31),58-117(92),58-151(103)",2003354006101500006,3540000,"인천광역시 부평구 서달로 308 (청천동,58-1(31),58-117(92),58-151(103))",,,01,영업/정상,,,032-508-5188
새현에너지(주),주유소,,178231.432753744,442312.459736479,2026-05-06 22:50:26,I,07,영업개시,2023-11-24 10:39:58,,1993-12-04,886,인천광역시 부평구 구산동 7-3,2003354006101500007,3540000,인천광역시 부평구 경인로 1216 (구산동),21417,,01,영업/정상,,,032-515-0077
동암주유소,주유소,,174560.458080471,444998.436777672,2026-05-06 22:50:26,I,01,신규등록,2003-05-28 00:00:00,,2003-05-28,1335,인천광역시 부평구 청천동 200 16통2반 금호타운 101동 706호,2003354006101500008,3540000,"인천광역시 부평구 안남로 272, 101동 706호 (청천동,금호타운)",,,01,영업/정상,,,032-424-9717
경동석유산업(주)광장주유소,주유소,,176441.146964031,447674.402593998,2026-05-06 22:50:26,I,01,신규등록,2003-06-09 00:00:00,,2003-06-09,,인천광역시 계양구 작전동 901-4,2003354006101500009,3540000,인천광역시 계양구 장제로 708  (작전동),,,01,영업/정상,,,032-521-5189
에스케이글로벌주식회사 인보주유소,주유소,,210944.265804032,434819.140697972,2026-05-06 22:50:26,I,01,신규등록,2003-07-16 00:00:00,,2003-07-16,,경기도 성남시 분당구 야탑동 330 15통4반 장미마을 128동 501호,2003354006101500010,3540000,"경기도 성남시 분당구 장미로 55, 128동 501호 (야탑동,장미마을)",,,01,영업/정상,,,032-522-3000
에슼 이글로벌주식회사 인보주유소,주유소,,210944.265804032,434819.140697972,2026-05-06 22:50:26,I,01,신규등록,2003-07-16 00:00:00,,2003-07-16,,경기도 성남시 분당구 야탑동 330 15통4반 장미마을 128동 501호,2003354006101500011,3540000,"경기도 성남시 분당구 장미로 55, 128동 501호 (야탑동,장미마을)",,,01,영업/정상,,,032-502-1006
에스케이글로벌주식회사,주유소,,210944.265804032,434819.140697972,2026-05-06 22:50:26,I,01,신규등록,2003-07-16 00:00:00,,2003-07-16,,경기도 성남시 분당구 야탑동 330 15통4반 장미마을 128동 501호,2003354006101500012,3540000,"경기도 성남시 분당구 장미로 55, 128동 501호 (야탑동,장미마을)",,,01,영업/정상,,,032-514-8072
에스케이글로벌주식회사 태양주유소,주유소,,210944.265804032,434819.140697972,2026-05-06 22:50:26,I,01,신규등록,2003-07-16 00:00:00,,2003-07-16,,경기도 성남시 분당구 야탑동 330 15통4반 장미마을 128동 501호,2003354006101500013,3540000,"경기도 성남시 분당구 장미로 55, 128동 501호 (야탑동,장미마을)",,,01,영업/정상,,,032-502-4683
(주)서울에너지,주유소,,172721.599866452,441611.414953304,2026-05-06 22:50:26,I,06,휴지사업재개,2025-03-17 17:37:49,,1996-07-26,1096,인천광역시 부평구 십정동 246,2003354006101500014,3540000,인천광역시 부평구 경원대로 1049 (십정동),21448,2023-04-17,01,영업/정상,,,032-578-5882
에스케이글로벌주식회사 부평주유소,주유소,,210944.265804032,434819.140697972,2026-05-06 22:50:26,I,01,신규등록,2003-07-16 00:00:00,,2003-07-16,,경기도 성남시 분당구 야탑동 330 15통4반 장미마을 128동 501호,2003354006101500015,3540000,"경기도 성남시 분당구 장미로 55, 128동 501호 (야탑동,장미마을)",,,01,영업/정상,,,032-524-5151
그린주유소,주유소,,177874.521398145,442378.029156768,2026-05-06 22:50:26,I,01,신규등록,2014-02-26 14:07:13,,2003-09-22,1449,"인천광역시 부평구 일신동 3-4 73-3,75-1",2003354006101500016,3540000,인천광역시 부평구 경인로 1182 (일신동),,,01,영업/정상,,,032-527-7330
(주)플러스켐,용제판매소,,173442.703490933,445491.851635123,2026-05-06 22:50:26,I,01,신규등록,2014-02-26 14:05:34,,2003-10-30,,인천광역시 부평구 산곡동 28-45,2003354006101500017,3540000,인천광역시 부평구 산청로25번길 19 (산곡동),,,01,영업/정상,,,032-525-6412
(주)인에너지,주유소,,172993.855593569,441930.846409498,2026-05-06 22:50:26,I,01,신규등록,2023-11-24 10:42:28,,1994-03-02,,인천광역시 부평구 십정동 134-2,2004354006101500001,3540000,인천광역시 부평구 경원대로 1091 (십정동),,,01,영업/정상,,,
풍년석유,일반판매소,,,,2026-05-06 22:50:12,I,03,폐지,2006-11-21 00:00:00,,2005-11-28,,서울특별시 중랑구 면목동 546-65,2002306007501200004,3060000,,,,03,폐업,,,02-492-2501
엘지연합석유,일반판매소,,206784.408940498,453738.952571757,2026-05-06 22:50:13,I,03,폐지,2007-02-09 00:00:00,,2006-04-19,,서울특별시 중랑구 면목동 174-95,2002306007501200008,3060000,,,,03,폐업,,,02-491-2121
엘지중앙석유,일반판매소,,206953.271926874,454107.289919254,2026-05-06 22:50:13,I,03,폐지,2013-10-25 13:29:25,,2002-02-27,,서울특별시 중랑구 면목동 180-105,2002306007501200009,3060000,,,,03,폐업,,,02-435-2186
엘지석유,일반판매소,,207756.613713652,453950.154234339,2026-05-06 22:50:13,I,03,폐지,2013-10-23 20:07:16,,2002-04-09,,서울특별시 중랑구 면목동 1204-2,2002306007501200010,3060000,,,,03,폐업,,,02-432-3478
강원석유,일반판매소,,208051.864935298,454025.638670131,2026-05-06 22:50:13,I,03,폐지,2013-10-25 13:23:56,,2002-02-27,,서울특별시 중랑구 면목동 70-70,2002306007501200011,3060000,,,,03,폐업,,,02-434-8503
영일석유,일반판매소,,207745.472075047,453077.280518337,2026-05-06 22:50:13,I,03,폐지,2013-10-25 13:23:22,,2002-02-27,,서울특별시 중랑구 면목동 617-4,2002306007501200012,3060000,,,,03,폐업,,,02-432-0417
동아석유,일반판매소,,207261.117881274,452707.501850576,2026-05-06 22:50:13,I,03,폐지,2013-10-25 13:22:46,,2002-02-27,,서울특별시 중랑구 면목동 341-44,2002306007501200013,3060000,,,,03,폐업,,,02-432-5261
동부석유판매소,일반판매소,,206799.803684961,454577.218987322,2026-05-06 22:50:13,I,03,폐지,2013-10-25 13:21:56,,2002-02-27,,서울특별시 중랑구 상봉동 129-35,2002306007501200014,3060000,,,,03,폐업,,,02-433-6973
대륭석유,일반판매소,,209681.341682251,456376.312217128,2026-05-06 22:50:13,I,03,폐지,2007-05-14 00:00:00,,2002-02-27,,서울특별시 중랑구 망우동 23-5,2002306007501200015,3060000,,,,03,폐업,,,02-436-3061
쌍용석유,일반판매소,,,,2026-05-06 22:50:14,I,03,폐지,2013-10-25 13:20:14,,2002-02-27,,서울특별시 중랑구 상봉동 91-3,2002306007501200018,3060000,,,,03,폐업,,,02432999
등대에너지,일반판매소,,207703.766037705,454234.190055604,2026-05-06 22:50:14,I,03,폐지,2006-07-10 00:00:00,,2002-02-27,,서울특별시 중랑구 면목동 97-39,2002306007501200020,3060000,,,,03,폐업,,,02-432-8001
부흥에너지,일반판매소,,192136.749691783,456592.369175951,2026-05-06 22:50:16,I,03,폐지,2015-06-03 09:38:26,,1991-01-04,,서울특별시 은평구 구산동 12-4,1991311008801200021,3110000,서울특별시 은평구 갈현로 154-3 (구산동),,,03,폐업,2013-12-10,2014-05-10,02-383-4252
(주)온유유업,일반판매소,,208692.777244976,454559.965249431,2026-05-06 22:50:17,I,03,폐지,2004-12-13 00:00:00,,1993-12-23,,서울특별시 중랑구 망우동 411-8 본점,1993311008801200042,3110000,"서울특별시 중랑구 용마산로 474  (망우동,본점)",,,03,폐업,,,02-386-9444
형제석유,일반판매소,,,,2026-05-06 22:50:18,I,03,폐지,2002-09-03 00:00:00,,1995-10-13,,서울특별시 은평구 신사동 293-79,1995311008801200053,3110000,,,,03,폐업,,,02-354-7329
조광석유,일반판매소,,190932.82036614,453557.472194429,2026-05-06 22:50:18,I,03,폐지,2003-04-08 00:00:00,,1996-07-09,,서울특별시 은평구 수색동 179-17,1996311008801200055,3110000,서울특별시 은평구 은평터널로 34  (수색동),,,03,폐업,,,02-373-4255
제일석유,일반판매소,,,,2026-05-06 22:50:18,I,03,폐지,2005-07-20 00:00:00,,1997-01-27,,서울특별시 은평구 진관내동 390-1,1997311008801200057,3110000,,,,03,폐업,,,02-385-4957
은평이동판매,일반판매소,,191731.186634706,454373.691787904,2026-05-06 22:50:19,I,03,폐지,2002-09-03 00:00:00,,1999-09-18,,서울특별시 은평구 신사동 169-2,1999311008801200068,3110000,서울특별시 은평구 증산로17길 55  (신사동),,,03,폐업,,,02-359-4315
동일에너지,일반판매소,,,,2026-05-06 22:50:19,I,03,폐지,2007-06-29 00:00:00,,2003-07-15,,서울특별시 은평구 진관내동 319-2 21통1반,2003311009901200001,3110000,,,,03,폐업,,,02-383-7426
에이치디 현대오일뱅크(주) 직영 싸이클셀프주유소,주유소,,178037.148937995,442464.692824916,2026-05-06 22:50:26,I,01,신규등록,2025-04-22 14:24:15,,1995-05-29,3173,인천광역시 부평구 구산동 2-6,2004354006101500002,3540000,인천광역시 부평구 경인로 1195 (구산동),,,01,영업/정상,,,032-502-7771
씨앤에스유통(주) 청중로주유소,주유소,,174241.539153818,446172.178555833,2026-05-06 22:50:26,I,06,휴지사업재개,2023-11-24 10:39:14,,1993-11-18,737.8,인천광역시 부평구 청천동 3-1 3통7반,2004354006101500003,3540000,인천광역시 부평구 청중로 109 (청천동),,2018-06-28,01,영업/정상,2018-05-01,2019-04-30,032-522-5454
(주)한국주유소,주유소,,174364.219441786,442084.329044256,2026-05-06 22:50:27,I,07,영업개시,2023-10-30 13:29:20,,1993-12-15,1105.9,"인천광역시 부평구 십정동 571-3 -4,-29",2004354006101500005,3540000,"인천광역시 부평구 경인로 795 (십정동,-4,-29)",,,01,영업/정상,,,032-513-6655
반도상사,용제판매소,,172841.311765527,441242.271035925,2026-05-06 22:50:27,I,01,신규등록,2014-02-26 14:00:12,,2004-11-17,,인천광역시 부평구 십정동 352-14 3통2반,2004354006101500006,3540000,인천광역시 부평구 배곶남로9번길 40 (십정동),,,01,영업/정상,,,032-522-9112
청루제2주유소,주유소,,176247.53626325,446326.43941244,2026-05-06 22:50:27,I,01,신규등록,2014-02-26 13:57:28,,2004-11-22,699,인천광역시 부평구 갈산동 32-2,2004354006101500007,3540000,인천광역시 부평구 장제로373번길 1 (갈산동),,,01,영업/정상,,,032-511-8611
SK네트웍스(주)SK삼산주유소,주유소,,176225.101852085,446066.65754471,2026-05-06 22:50:27,I,01,신규등록,2005-12-23 00:00:00,,2005-12-23,1309,"인천광역시 부평구 삼산동 270-4 270-5,270-16,271-1,271-2",2004354006101500008,3540000,"인천광역시 부평구 장제로 347  (삼산동,270-5,270-16,271-1,271-2)",,,01,영업/정상,,,032-518-8333
그린주유소,주유소,,,,2026-05-06 22:50:27,I,01,신규등록,2005-09-27 00:00:00,,2005-09-27,1449,인천광역시 부평구 일신동 75-1 외 2필지,2005354006101500004,3540000,,,,01,영업/정상,,,
SK에너지(주) 삼산주유소,주유소,,176225.101852085,446066.65754471,2026-05-06 22:50:27,I,01,신규등록,2024-11-25 11:25:29,,2006-01-23,1309,"인천광역시 부평구 삼산동 270-4 270-5,270-16,271-1,271-2",2006354006101500001,3540000,"인천광역시 부평구 장제로 347 (삼산동,270-5,270-16,271-1,271-2)",,,01,영업/정상,,,032-518-8333
부평사랑주유소,주유소,,173717.141290012,443520.835996237,2026-05-06 22:50:27,I,01,신규등록,2006-12-26 00:00:00,,2006-03-02,800,인천광역시 부평구 산곡동 369-146 외 2필지,2006354006101500002,3540000,"인천광역시 부평구 마장로 173  (산곡동,외 2필지)",,,01,영업/정상,,,
(주)플러스켐,용제판매소,,179498.712836042,462926.776784912,2026-05-06 22:50:27,I,01,신규등록,2014-02-26 13:50:55,,2006-04-19,,경기도 고양시 일산서구 주엽동 60 23통6반 강선마을 103동 103호,2006354006101500003,3540000,경기도 고양시 일산서구 강성로 58 (주엽동),,,01,영업/정상,,,032-525-7004
삼성주유소,주유소,,177943.578788396,446010.231930614,2026-05-06 22:50:27,I,01,신규등록,2006-06-26 00:00:00,,2006-06-26,1409,"인천광역시 부평구 삼산동 106-38 ,106-213,106-215",2006354006101500007,3540000,"인천광역시 부평구 평천로 546  (삼산동,,106-213,106-215)",,,01,영업/정상,,,031-419-4540
대양self주유소,주유소,,177911.58367938,446077.437519423,2026-05-06 22:50:27,I,07,영업개시,2025-07-29 09:50:31,,2003-03-18,1920.4,인천광역시 부평구 삼산동 106-37,2006354006101500008,3540000,인천광역시 부평구 평천로 545 (삼산동),21322,,01,영업/정상,,,032-517-5151
백운하이웨이주유소,주유소,,173717.141290012,443520.835996237,2026-05-06 22:50:27,I,07,영업개시,2024-06-18 16:38:45,,2007-01-03,800,인천광역시 부평구 산곡동 369-146 외 2필지,2007354006101500001,3540000,"인천광역시 부평구 마장로 173 (산곡동,외 2필지)",,,01,영업/정상,,,032-502-5189
삼성self주유소,주유소,,177943.578788396,446010.231930614,2026-05-06 22:50:27,I,06,휴지사업재개,2025-07-29 09:50:48,,2007-03-02,2143,인천광역시 부평구 삼산동 106-38 106-206,2007354006101500003,3540000,"인천광역시 부평구 평천로 546 (삼산동,106-206)",,2023-04-28,01,영업/정상,,,032-330-5155
십정주유소,주유소,,172685.682176834,441496.748747646,2026-05-06 22:50:28,I,07,영업개시,2023-11-24 10:49:51,,2009-08-10,813.2,인천광역시 부평구 십정동 251,2008354006101500002,3540000,인천광역시 부평구 경원대로 1037 (십정동),,,01,영업/정상,,,032-575-7071
신흥에너지(주),일반판매소,,175315.179682262,444900.119459368,2026-05-06 22:50:28,I,01,신규등록,2017-09-06 15:40:40,,2009-03-19,,인천광역시 부평구 부평동 417-10,2009354006101200001,3540000,인천광역시 부평구 부평대로 164 (부평동),,,01,영업/정상,,,
(주)세인에너지,일반판매소,,173249.102290722,444570.485801317,2026-05-06 22:50:28,I,01,신규등록,2023-10-30 15:45:46,,2009-12-02,,인천광역시 부평구 산곡동 180-375,2009354006101200002,3540000,인천광역시 부평구 마장로269번길 83 (산곡동),,,01,영업/정상,,,
부평IC주유소,주유소,,175229.716133119,446797.676700586,2026-05-06 22:50:28,I,02,등록취소,2010-10-13 16:38:19,2010-10-01,2009-02-23,1312,인천광역시 부평구 청천동 437-2,2009354006101500001,3540000,,,,04,취소/말소/만료/정지/중지,,,
청정이앤지,일반판매소,,172661.199755439,441400.814525567,2026-05-06 22:50:28,I,02,등록취소,2018-10-10 11:25:24,2018-03-19,2012-11-21,,인천광역시 부평구 십정동 264-1,2012354012701200001,3540000,인천광역시 부평구 경원대로 1025 (십정동),,,04,취소/말소/만료/정지/중지,,,
송내IC주유소,주유소,,177898.733990605,442412.504809663,2026-05-06 22:50:28,I,07,영업개시,2023-10-30 15:13:22,,2012-09-06,1025,인천광역시 부평구 일신동 3-17,2012354012701500001,3540000,인천광역시 부평구 경인로 1182-1 (일신동),,,01,영업/정상,,,032-502-1171
주식회사파텍상사,용제판매소,,172570.890455225,446549.183457362,2026-05-06 22:50:28,I,07,영업개시,2015-10-15 15:45:52,,2015-07-06,1755,인천광역시 부평구 청천동 67-38,2015354012701500001,3540000,인천광역시 부평구 청농로 21 (청천동),,,01,영업/정상,,,02-3142-4121
유카스에너지 열우물주유소,주유소,,173357.980558783,442144.427521601,2026-05-06 22:50:28,I,07,영업개시,2024-06-18 16:44:09,,2018-04-23,1143,인천광역시 부평구 십정동 168-29,2018354012701500001,3540000,인천광역시 부평구 경원대로 1132 (십정동),21442,,01,영업/정상,,,032-466-7506
주식회사 태리힐링스 아크로셀프주유소,주유소,,178115.638527851,441460.495168273,2026-05-06 22:50:28,I,07,영업개시,2025-05-08 16:25:33,,2019-01-21,625,인천광역시 부평구 구산동 62-1,2018354012701500002,3540000,인천광역시 부평구 무네미로 431 (구산동),21457,,01,영업/정상,,,032-503-1113
동양바이오케미칼,용제판매소,,174320.541897781,446759.327664951,2026-05-06 22:50:28,I,07,영업개시,2020-01-28 16:54:02,,2020-01-17,,인천광역시 부평구 청천동 394-17,2020354016501500001,3540000,인천광역시 부평구 부평북로 155 (청천동),21310,,01,영업/정상,,,032-502-0079
경동석유산업(주)부평SELF주유소,주유소,,172505.161349763,441360.16133267,2026-05-06 22:50:28,I,07,영업개시,2025-10-31 16:12:47,,2025-05-29,1487.2,인천광역시 부평구 십정동 557-6,2025354016501500001,3540000,인천광역시 부평구 백범로 567 (십정동),21449,,01,영업/정상,,,032-566-9469
산호에너지,일반판매소,,177369.403382715,449417.152751259,2026-05-06 22:50:10,I,01,신규등록,2003-09-29 00:00:00,,2003-09-29,,인천광역시 계양구 병방동 162-1 27통2반,00074,3550000,인천광역시 계양구 장제로920번길 35  (병방동),,,01,영업/정상,,,
미담주유소,주유소,,175441.693327285,447959.190475362,2026-05-06 22:50:11,I,07,영업개시,2024-09-19 10:11:15,,1981-06-30,1198,인천광역시 계양구 작전동 854-3,1981355005901500001,3550000,인천광역시 계양구 계양대로 108 (작전동),,,01,영업/정상,2007-09-30,2007-11-30,032-556-5182
(주)자연에너지 계양주유소,주유소,,176123.980972404,447018.536240192,2026-05-06 22:50:11,I,06,휴지사업재개,2024-08-13 17:36:44,,1982-01-23,2865.4,인천광역시 계양구 작전동 739-3,1982355001201500001,3550000,인천광역시 계양구 아나지로 344 (작전동),21123,2023-02-01,01,영업/정상,,,032-542-1558
동일석유(주)임학주유소,주유소,,176612.744905557,449027.140438765,2026-05-06 22:50:11,I,01,신규등록,2024-04-24 10:07:47,,1982-11-13,1200,인천광역시 계양구 임학동 73-8,1982355001201500002,3550000,인천광역시 계양구 경명대로 1161 (임학동),,,01,영업/정상,,,032-548-5189
에이치디현대오일뱅크(주)직영유화셀프주유소,주유소,,175065.597806503,447028.825604504,2026-05-06 22:50:11,I,07,영업개시,2025-11-18 14:11:31,,1985-03-07,1745,인천광역시 계양구 효성동 206-9,1985355001201500001,3550000,인천광역시 계양구 아나지로 240 (효성동),,,01,영업/정상,,,032-553-5189
계양농업협동조합,일반판매소,,175967.919540739,453178.001860888,2026-05-06 22:50:11,I,01,신규등록,2021-11-30 12:51:16,,1990-04-11,,인천광역시 계양구 오류동 78-8,1990355001201200001,3550000,인천광역시 계양구 장제로 1352 (오류동),,,01,영업/정상,,,032-515-1611
박촌주유소,주유소,,,,2026-05-06 22:50:12,I,01,신규등록,2023-11-06 09:27:39,,1990-09-01,1296,인천광역시 계양구 박촌동 23-4,1990355001201500001,3550000,인천광역시 계양구 장제로 1021 (박촌동),,,01,영업/정상,,,032-519-9922
티와이에너지,일반판매소,,174223.068238968,447912.272392453,2026-05-06 22:50:13,I,06,휴지사업재개,2021-01-20 11:27:36,,1991-02-05,,인천광역시 계양구 효성동 48-2,1991355001201200001,3550000,인천광역시 계양구 안남로565번길 9 (효성동),,2021-01-20,01,영업/정상,,,032-548-2695
계양산업주유소,주유소,,176563.120884097,452791.48204992,2026-05-06 22:50:13,I,06,휴지사업재개,2025-03-04 13:52:11,,1991-12-27,365,"인천광역시 계양구 장기동 136-6 136-7, 136-9",1991355001201500002,3550000,인천광역시 계양구 장기로 7 (장기동),,2025-03-01,01,영업/정상,,,032-563-6161
케이에이치에너지(주) 직영 KH작전주유소,주유소,,176895.561163322,447047.628746069,2026-05-06 22:50:13,I,06,휴지사업재개,2025-10-31 10:21:22,,1992-01-18,1173,인천광역시 계양구 작전동 616-1,1992355001201500003,3550000,인천광역시 계양구 아나지로 426 (작전동),21129,,01,영업/정상,2015-10-01,2015-12-15,032-544-5151
㈜오일리오(인천지점),주유소,,177174.656837815,449736.482095074,2026-05-06 22:50:13,I,06,휴지사업재개,2024-05-28 15:25:51,,1992-01-09,2109,인천광역시 계양구 병방동 109-10,1992355001201500009,3550000,인천광역시 계양구 장제로 936 (병방동),21028,2024-05-27,01,영업/정상,,,032-542-3154
경인에너지,일반판매소,,175625.419682788,447883.718130324,2026-05-06 22:50:14,I,01,신규등록,2015-12-23 11:33:08,,1993-09-03,,인천광역시 계양구 작전동 856-122,1993355001201200001,3550000,인천광역시 계양구 작전시장로19번길 4 (작전동),,,01,영업/정상,,,032-542-4236
금강석유,일반판매소,,206242.545350094,454872.82886794,2026-05-06 22:50:14,I,03,폐지,2012-02-02 10:54:07,,2002-02-28,,서울특별시 중랑구 중화동 325-9,2002306007501200022,3060000,,,,03,폐업,,,02-496-4472
신우석유,일반판매소,,206541.228349765,455222.413000284,2026-05-06 22:50:14,I,03,폐지,2012-02-02 10:52:45,,2002-02-28,,서울특별시 중랑구 중화동 327-101,2002306007501200023,3060000,,,,03,폐업,,,02-491-9081
중화석유,일반판매소,,206377.995331013,454925.007646142,2026-05-06 22:50:14,I,03,폐지,2012-02-02 10:51:52,,2002-02-28,,서울특별시 중랑구 중화동 322-1,2002306007501200024,3060000,,,,03,폐업,,,02-433-7284
한국석유,일반판매소,,206883.481470279,457101.541834183,2026-05-06 22:50:14,I,03,폐지,2006-02-06 00:00:00,,2002-02-28,,서울특별시 중랑구 묵동 162-17,2002306007501200027,3060000,,,,03,폐업,,,02-973-3432
중랑석유,일반판매소,,206488.879061508,456551.808608125,2026-05-06 22:50:14,I,03,폐지,2007-03-07 00:00:00,,2002-02-28,,서울특별시 중랑구 묵동 240-158,2002306007501200028,3060000,,,,03,폐업,,,02-948-7755
쌍용석유,일반판매소,,,,2026-05-06 22:50:14,I,03,폐지,2012-02-02 10:47:01,,2002-02-28,,서울특별시 중랑구 묵동 240-219,2002306007501200030,3060000,,,,03,폐업,,,02-975-9667
엘지걸프석유,일반판매소,,209273.867955187,455174.161441817,2026-05-06 22:50:14,I,03,폐지,2012-02-02 10:45:49,,2002-02-28,,서울특별시 중랑구 망우동 149-46,2002306007501200031,3060000,,,,03,폐업,,,02-432-5353
엘지상일석유,일반판매소,,209200.036845418,455420.126983755,2026-05-06 22:50:14,I,03,폐지,2006-07-13 00:00:00,,2002-02-28,,서울특별시 중랑구 망우동 147-21,2002306007501200032,3060000,,,,03,폐업,,,02-436-2626
지에스칼텍스㈜ 소망주유소,주유소,,209193.107720988,455400.244073494,2026-05-06 22:50:15,I,03,폐지,2022-01-25 09:20:55,,2002-06-11,810,서울특별시 중랑구 망우동 147-23,2002306007501500001,3060000,서울특별시 중랑구 망우로 475 (망우동),,,03,폐업,,,02-494-0400
(주)영부에너지,주유소,,174150.276820413,447023.920208571,2026-05-06 22:50:14,I,07,영업개시,2023-11-06 09:30:37,,1993-12-09,1328,"인천광역시 계양구 효성동 331-19 ,20,27",1993355001201500003,3550000,"인천광역시 계양구 아나지로 148 (효성동,,20,27)",,,01,영업/정상,,,032-548-5501
동일석유(주)동일주유소,주유소,,175479.653645594,447089.867145933,2026-05-06 22:50:14,I,01,신규등록,2023-11-06 09:31:20,,1993-12-23,1021.3,"인천광역시 계양구 작전동 427-6, 429-1 일부(348.7㎡)",1993355001201500004,3550000,"인천광역시 계양구 아나지로 283 (작전동, 아나지로 279 일부포함)",,,01,영업/정상,,,032-542-0052
원천제2주유소,주유소,,179529.4866233,450602.65676715,2026-05-06 22:50:14,I,06,휴지사업재개,2024-10-29 09:34:52,,1994-04-08,660,인천광역시 계양구 동양동 83-3,1994355001201500001,3550000,인천광역시 계양구 벌말로 295 (동양동),,2024-10-29,01,영업/정상,,,032-542-4372
KH에너지(주) 직영 에이원주유소,주유소,,180520.69818081,453135.855566689,2026-05-06 22:50:14,I,01,신규등록,2025-01-31 13:38:52,,1994-04-01,1132,인천광역시 계양구 하야동 34-5,1994355001201500006,3550000,인천광역시 계양구 벌말로 583 (하야동),,,01,영업/정상,,,032-543-9022
럭키주유소,주유소,,180631.578459632,453391.043246781,2026-05-06 22:50:14,I,02,등록취소,2023-07-24 10:31:51,2023-02-20,1994-04-01,662,"인천광역시 계양구 하야동 38-26 외2필지(27,38)",1994355001201500007,3550000,인천광역시 계양구 벌말로 614 (하야동),,,04,취소/말소/만료/정지/중지,,,032-544-0558
동양동주유소,주유소,,179607.450964404,450915.640263951,2026-05-06 22:50:15,I,06,휴지사업재개,2024-07-04 13:10:11,,1994-04-01,661,인천광역시 계양구 동양동 56-10,1994355001201500008,3550000,인천광역시 계양구 벌말로 328 (동양동),,2016-09-07,01,영업/정상,2016-03-02,2016-06-30,032-511-0578
서일석유(주)갈현주유소,주유소,,175077.415846028,452750.07810482,2026-05-06 22:50:15,I,07,영업개시,2023-11-06 09:34:20,,1994-04-04,940,인천광역시 계양구 갈현동 134-6,1994355001201500009,3550000,인천광역시 계양구 드림로 764 (갈현동),,,01,영업/정상,,,032-513-8903
토마토주유소(오류점),주유소,,,,2026-05-06 22:50:15,I,06,휴지사업재개,2025-09-30 14:32:37,,1994-04-04,660,인천광역시 계양구 오류동 145-9외1,1994355001201500010,3550000,인천광역시 계양구 장제로 1456 (오류동),,2013-04-05,01,영업/정상,2013-03-01,2013-04-30,032-501-5155
계현주유소,주유소,,176554.673885226,452701.431591017,2026-05-06 22:50:15,I,01,신규등록,2023-11-06 09:35:14,,1994-04-04,1400,인천광역시 계양구 장기동 115-248 계현주유소,1994355001201500011,3550000,인천광역시 계양구 장제로 1263 (장기동),21007,,01,영업/정상,,,032-514-5141
정운석유,일반판매소,,175498.732366979,448732.693835903,2026-05-06 22:50:15,I,01,신규등록,2023-02-04 14:21:31,,1995-11-17,,인천광역시 계양구 계산동 955-14,1995355001201200001,3550000,인천광역시 계양구 계산천동로7번길 18 (계산동),21053,,01,영업/정상,,,032-541-7249
광명석유,일반판매소,,175540.807666137,448296.309879008,2026-05-06 22:50:15,I,01,신규등록,2021-12-29 13:30:59,,1996-02-07,,인천광역시 계양구 계산동 988-42,1996355001201200007,3550000,인천광역시 계양구 계산로108번길 10 (계산동),21086,,01,영업/정상,,,032-543-3554
태양석유,일반판매소,,177348.204162238,449419.210737104,2026-05-06 22:50:15,I,01,신규등록,2024-05-21 09:27:31,,1996-10-25,,인천광역시 계양구 병방동 165-1 27통3반,1996355001201200008,3550000,인천광역시 계양구 장제로920번길 33,21028,,01,영업/정상,,,032-546-9349
SK에너지㈜행복날개주유소,주유소,,175375.226660799,447806.35333323,2026-05-06 22:50:15,I,01,신규등록,2024-12-12 11:17:21,,1996-11-26,1280.3,인천광역시 계양구 작전동 864-8,1996355001201500002,3550000,인천광역시 계양구 계양대로 93 (작전동),,,01,영업/정상,,,032-542-9601
서울석유㈜태경주유소,주유소,,178194.640765211,447041.627289697,2026-05-06 22:50:16,I,07,영업개시,2023-11-06 09:36:01,,1997-04-23,933,인천광역시 계양구 서운동 144-2,1997355001201500002,3550000,인천광역시 계양구 아나지로 554 (서운동),,,01,영업/정상,,,032-555-5189
(주)신진에너지 양정셀프주유소,주유소,,178621.197324109,447104.206332876,2026-05-06 22:50:16,I,06,휴지사업재개,2023-11-06 09:36:34,,1997-05-09,1077,인천광역시 계양구 서운동 147-20,1997355001201500003,3550000,인천광역시 계양구 아나지로 597 (서운동),,2023-10-13,01,영업/정상,,,032-555-4749
(주)자연에너지 리플주유소,주유소,,178194.587360643,447093.955636999,2026-05-06 22:50:16,I,01,신규등록,2025-01-17 16:50:58,,1997-07-21,769,인천광역시 계양구 서운동 142-36 37통7반,1997355001201500004,3550000,인천광역시 계양구 아나지로 553 (서운동),,,01,영업/정상,,,032-554-5189
거보주유소,주유소,,173948.483075182,447025.166898998,2026-05-06 22:50:16,I,01,신규등록,2024-04-26 17:10:16,,2007-06-15,1796,인천광역시 계양구 효성동 412-7,1999355001201500001,3550000,인천광역시 계양구 아나지로 130 (효성동),21106,,01,영업/정상,,,032-545-5145
믿음주유소,주유소,,178229.261130812,447095.337489414,2026-05-06 22:50:16,I,06,휴지사업재개,2024-05-23 17:30:11,,1999-06-22,922.64,인천광역시 계양구 서운동 142-24,1999355001201500002,3550000,인천광역시 계양구 아나지로 557 (서운동),,2012-09-10,01,영업/정상,2012-07-26,2012-10-30,032-553-2525
세이브 유화,용제판매소,,208112.860200669,457113.638411288,2026-05-06 22:50:15,I,03,폐지,2006-11-29 00:00:00,,2003-08-07,,서울특별시 중랑구 신내동 646 금강리빙스텔 329호,2003306007501500001,3060000,,,,03,폐업,,,02-437-1108
광진주유소,주유소,,206374.83138996,454233.591630595,2026-05-06 22:50:15,I,03,폐지,2013-08-13 09:01:29,,2003-10-01,537.4,서울특별시 중랑구 면목동 198-56,2003306007501500005,3060000,서울특별시 중랑구 중랑천로 57 (면목동),,2013-03-21,03,폐업,2012-06-22,2013-06-30,02-2207-5151
지에스칼텍스(주) 계산신도시주유소,주유소,,178187.411746696,447621.184582481,2026-05-06 22:50:16,I,06,휴지사업재개,2024-03-25 10:45:02,,2007-06-25,1947,인천광역시 계양구 서운동 149-11 외1필지,2001355001201500001,3550000,인천광역시 계양구 봉오대로 942 (서운동),,2008-08-01,01,영업/정상,2008-05-07,2008-07-31,032-543-8951
삼미상사(주) 북인천주유소,주유소,,175808.757172614,449006.457712882,2026-05-06 22:50:16,I,07,영업개시,2026-01-27 09:04:40,,1994-03-15,1685,인천광역시 계양구 계산동 946,2003355001201500023,3550000,인천광역시 계양구 경명대로 1082 (계산동),,,01,영업/정상,2010-03-04,2010-12-31,032-545-8657
순흥석유,일반판매소,,,,2026-05-06 22:50:13,I,03,폐지,2004-10-05 00:00:00,,1968-09-13,,서울특별시 종로구 사직동 65-1,1968300007601200002,3000000,,,,03,폐업,,,02-733-1130
경일주유소,주유소,,201960.951300031,452506.178595954,2026-05-06 22:50:13,I,03,폐지,2004-01-13 00:00:00,,1970-06-01,642,서울특별시 종로구 숭인동 1367,1970300007601500001,3000000,서울특별시 종로구 난계로 259  (숭인동),,,03,폐업,,,02-2234-7940
동원석유,일반판매소,,200908.39788121,452461.289796222,2026-05-06 22:50:13,I,03,폐지,2006-04-17 00:00:00,,1971-06-23,,서울특별시 종로구 창신동 583-2,1971300007601200001,3000000,,,,03,폐업,,,02-765-3614
미래석유(주) 미래주유소,주유소,,174640.502322926,449112.959161225,2026-05-06 22:50:17,I,01,신규등록,2024-03-14 17:15:24,,2006-04-27,1854,인천광역시 계양구 계산동 728-6 7,2006355001201500001,3550000,"인천광역시 계양구 경명대로 966 (계산동,7)",,,01,영업/정상,,,032-553-0001
명품주유소,주유소,,174720.929093184,449159.424219624,2026-05-06 22:50:17,I,06,휴지사업재개,2023-11-06 09:45:18,,2006-05-24,1217,인천광역시 계양구 계산동 728-4,2006355001201500002,3550000,인천광역시 계양구 경명대로 971 (계산동),,2021-07-23,01,영업/정상,,,032-546-0777
한국석유,일반판매소,,197052.674990435,452500.13557172,2026-05-06 22:50:13,I,03,폐지,2015-12-02 09:54:28,,1974-04-16,,서울특별시 종로구 사직동 228,1974300007601200001,3000000,서울특별시 종로구 사직로 73 (사직동),,,03,폐업,,,02-736-3580
삼미상사㈜하늘빛셀프주유소,주유소,,180270.97692447,452812.879750271,2026-05-06 22:50:18,I,07,영업개시,2026-01-28 09:23:13,,2007-05-18,1495,"인천광역시 계양구 상야동 39-9 ,40-1번지",2007355005901500001,3550000,"인천광역시 계양구 벌말로 545 (상야동, 상야동 40-1)",,,01,영업/정상,,,032-543-5104
상야주유소,주유소,,180529.487301303,453120.675713449,2026-05-06 22:50:18,I,07,영업개시,2023-11-06 09:46:49,,2008-04-14,1187,"인천광역시 계양구 상야동 10-3 , 하야동 34-5",2007355005901500002,3550000,인천광역시 계양구 벌말로584번길 1 (상야동),,,01,영업/정상,,,032-544-5185
영진주유소,주유소,,,,2026-05-06 22:50:18,I,02,등록취소,2012-02-29 14:07:26,2010-07-27,2009-07-23,1322,"인천광역시 계양구 하야동 38-21,42,47,48",2009355005901500002,3550000,,,,04,취소/말소/만료/정지/중지,,,
한국등유상사,일반판매소,,201064.814220878,452652.462919112,2026-05-06 22:50:14,I,03,폐지,2015-12-02 09:52:59,,1975-08-19,,서울특별시 종로구 창신동 23-409,1975300007601200001,3000000,서울특별시 종로구 창신6가길 50 (창신동),,,03,폐업,,,02-763-8729
씨앤에스유통(주) 구도일주유소 신도시,주유소,,172810.605832801,446986.607430314,2026-05-06 22:50:18,I,07,영업개시,2023-11-06 09:50:38,,2014-02-26,995,인천광역시 계양구 효성동 655-171 외 3필지,2012355005901500002,3550000,인천광역시 계양구 봉오대로 391 (효성동),,,01,영업/정상,,,032-554-2994
성풍화학주식회사,용제판매소,,175608.142278013,446927.674802145,2026-05-06 22:50:18,I,07,영업개시,2025-01-21 16:17:38,,2025-01-17,21.53,인천광역시 계양구 작전동 408-3,2025355012701500001,3550000,인천광역시 계양구 계양대로16번길 25 (작전동),21121,,01,영업/정상,,,
이케이에너지(주) 금성주유소,주유소,,180631.578459632,453391.043246781,2026-05-06 22:50:18,I,07,영업개시,2025-08-29 14:40:37,,2025-05-28,661,인천광역시 계양구 하야동 38-26,2025355012701500002,3550000,인천광역시 계양구 벌말로 614 (하야동),21009,,01,영업/정상,,,
세왕상사,일반판매소,,201888.008721996,452733.718210794,2026-05-06 22:50:14,I,03,폐지,2004-10-05 00:00:00,,1975-01-07,,서울특별시 종로구 숭인동 1104,1975300007601200002,3000000,서울특별시 종로구 숭인동길 44  (숭인동),,,03,폐업,,,02-923-6720
제일석유,일반판매소,,198329.471699612,453112.110795379,2026-05-06 22:50:14,I,03,폐지,2006-08-24 00:00:00,,1976-06-23,,서울특별시 종로구 소격동 109,1976300007601200001,3000000,서울특별시 종로구 북촌로5가길 17  (소격동),,,03,폐업,,,02-733-2746
명삼석유,일반판매소,,199450.788386081,454079.21337851,2026-05-06 22:50:14,I,03,폐지,2003-03-12 00:00:00,,1976-06-23,,서울특별시 종로구 명륜3가 1-26,1976300007601200002,3000000,서울특별시 종로구 명륜3길 4  (명륜3가),,,03,폐업,,,02-764-0287
신신사,일반판매소,,,,2026-05-06 22:50:14,I,03,폐지,2004-10-05 00:00:00,,1976-06-24,,서울특별시 종로구 청진동 283-1,1976300007601200003,3000000,,,,03,폐업,,,02-732-4027
원일석유,일반판매소,,199834.367616082,452350.692231287,2026-05-06 22:50:14,I,03,폐지,2003-07-31 00:00:00,,1976-06-23,,서울특별시 종로구 연지동 157-3,1976300007601200004,3000000,서울특별시 종로구 김상옥로 11  (연지동),,,03,폐업,,,02-742-5712
(주)미륭상사동대문주유소,주유소,,201350.473375538,452279.7442603,2026-05-06 22:50:14,I,03,폐지,2002-03-28 00:00:00,,1976-04-22,875,서울특별시 종로구 숭인동 310,1976300007601500001,3000000,서울특별시 종로구 종로 344  (숭인동),,,03,폐업,,,02-2238-3895
필운주유소,주유소,,,,2026-05-06 22:50:14,I,03,폐지,2003-05-09 00:00:00,,1976-04-30,550.2,서울특별시 종로구 필운동 246,1976300007601500003,3000000,,,,03,폐업,,,02-736-8160
창신석유,일반판매소,,200786.135746351,452731.441681774,2026-05-06 22:50:14,I,03,폐지,2008-06-26 17:40:12,,1982-09-03,,서울특별시 종로구 창신동 629-3,1982300007601200001,3000000,서울특별시 종로구 창신길 125  (창신동),,,03,폐업,,,02-743-1165
기능석유,일반판매소,,200421.926842776,452693.241917881,2026-05-06 22:50:14,I,03,폐지,2015-10-06 13:55:34,,1988-02-27,,서울특별시 종로구 이화동 13-2,1988300007601200001,3000000,,,,03,폐업,,,02-762-2779
동해석유,일반판매소,,197337.798317095,456035.380951779,2026-05-06 22:50:15,I,03,폐지,2015-10-06 13:54:48,,1989-03-30,,서울특별시 종로구 평창동 195-1,1989300007601200001,3000000,,,,03,폐업,,,02-379-8820
동남석유,일반판매소,,201666.244566776,452283.710424382,2026-05-06 22:50:15,I,03,폐지,2005-04-25 00:00:00,,1989-08-01,,서울특별시 종로구 숭인동 217-16,1989300007601200002,3000000,서울특별시 종로구 종로62길 23  (숭인동),,,03,폐업,,,02-2234-5082
충남석유,일반판매소,,200615.750419465,452719.474159051,2026-05-06 22:50:15,I,03,폐지,2003-11-03 00:00:00,,1994-03-25,,서울특별시 종로구 이화동 9-333,1994300007601200001,3000000,,,,03,폐업,,,02-763-9592
종로주유소,주유소,,,,2026-05-06 22:50:15,I,03,폐지,2013-12-31 14:44:54,,1994-04-27,1138.06,서울특별시 종로구 관철동 155-8,1994300007601500002,3000000,,,,03,폐업,,,02-722-0333
효자석유,일반판매소,,197186.436038837,453106.393727858,2026-05-06 22:50:15,I,03,폐지,2001-05-28 00:00:00,,1995-08-01,,서울특별시 종로구 누하동 20,1995300007601200001,3000000,서울특별시 종로구 자하문로7길 69  (누하동),,,03,폐업,,,02-735-4445
SK글로벌(주)남부주우소,주유소,2017-06-15,,,2026-05-06 22:58:01,I,03,폐지,2017-06-15 10:46:04,,1976-05-29,814,서울특별시 영등포구 영등포동 426-57,1976318007601500009,3180000,,,,03,폐업,,,02-678-0503
(주)안국에너지 동신주유소,주유소,2014-03-13,,,2026-05-06 22:58:02,I,03,폐지,2014-03-13 14:38:28,,1976-05-12,1302,서울특별시 영등포구 대림동 994-1,1976318007601500010,3180000,,,,03,폐업,2014-01-01,2014-06-30,02-832-0049
SK 글로벌(주) 당산주유소,주유소,2012-07-31,191570.320715779,447700.075321248,2026-05-06 22:58:02,I,03,폐지,2016-03-11 14:19:58,,1976-05-24,792,서울특별시 영등포구 영등포동8가 86,1976318007601500011,3180000,서울특별시 영등포구 영중로 169 (영등포동8가),,,03,폐업,,,02-677-0609
대방주유소,주유소,2016-07-01,192887.789114176,444303.407621955,2026-05-06 22:58:03,I,03,폐지,2016-07-01 16:54:29,,1976-05-24,480,서울특별시 영등포구 신길동 623-5,1976318007601500012,3180000,서울특별시 영등포구 여의대방로 153 (신길동),,,03,폐업,2016-04-15,2016-10-15,
LG 칼렉스정유(주)여의도주유소,주유소,2017-06-15,,,2026-05-06 22:58:06,I,03,폐지,2017-06-15 10:43:03,,1976-09-02,1709,서울특별시 영등포구 여의도동 10-1,1976318007601500015,3180000,,,,03,폐업,,,
대지주유소,주유소,2019-01-10,190608.89204533,446623.444809523,2026-05-06 22:58:07,I,03,폐지,2020-01-30 16:55:32,,1977-07-04,845,서울특별시 영등포구 당산동2가 45,1977318007601500001,3180000,서울특별시 영등포구 영등포로 115 (당산동2가),,,03,폐업,2018-08-13,2019-08-12,02-2633-3545
상진공업주식회사,용제판매소,2011-11-04,,,2026-05-06 22:58:09,I,03,폐지,2016-03-11 14:41:18,,2001-01-29,,서울특별시 영등포구 여의도동 25-4-503,1978318007601500001,3180000,,,,03,폐업,,,02-783-9243
선익개발(주)영등포주유소,주유소,2019-03-06,192272.904616504,446249.367565507,2026-05-06 22:58:10,I,03,폐지,2019-03-06 18:00:09,,1978-03-22,237,서울특별시 영등포구 영등포동1가 92-2,1978318007601500002,3180000,서울특별시 영등포구 경인로114길 2 (영등포동1가),,,03,폐업,,,02-678-1322
대광석유,일반판매소,2013-10-04,,,2026-05-06 22:58:11,I,03,폐지,2013-10-04 17:26:48,,1984-03-28,,서울특별시 영등포구 영등포동7가 81-2,1984318019001200055,3180000,서울특별시 영등포구 국회대로52길 8-1 (영등포동7가),,,03,폐업,,,02-2677-2700
삼우유업,용제판매소,2007-08-29,192490.293975175,443878.085293436,2026-05-06 22:58:11,I,03,폐지,2007-08-29 15:04:11,,1994-01-11,,서울특별시 영등포구 신길동 4435,1985318011701500006,3180000,서울특별시 영등포구 여의대방로 81-2  (신길동),,,03,폐업,,,
SK글로벌(주)여의도주유소,주유소,2017-06-15,193220.852226066,446743.134358836,2026-05-06 22:58:11,I,03,폐지,2017-06-15 10:48:44,,1989-03-17,3243,서울특별시 영등포구 여의도동 26,1989318007601500002,3180000,서울특별시 영등포구 국제금융로2길 37 (여의도동),,,03,폐업,,,02-784-3246
(주)범아에너지,주유소,2017-06-15,,,2026-05-06 22:58:11,I,03,폐지,2017-06-15 10:41:20,,1989-03-17,589,서울특별시 영등포구 신길동 355-628,1989318007601500003,3180000,,,,03,폐업,,,02-844-8465
대한통운(주)서울지점(대한통운주유소),주유소,2007-04-13,,,2026-05-06 22:58:11,I,03,폐지,2015-10-01 09:16:49,,1992-05-01,572,서울특별시 영등포구 당산동4가 1-200,1992318007601500001,3180000,,,,03,폐업,,,02-753-0362
세화주유소,주유소,2014-08-11,,,2026-05-06 22:58:11,I,03,폐지,2017-06-15 10:51:12,,2007-06-27,356,서울특별시 영등포구 신길동 252-9,1992318007601500003,3180000,,,,03,폐업,,,02-834-4111
신대림주유소,주유소,2012-05-02,,,2026-05-06 22:58:12,I,03,폐지,2018-11-27 16:47:13,,1992-11-18,,서울특별시 영등포구 대림동 1082-20.21.23,1992318007601500005,3180000,,,,03,폐업,,,02-834-8161
대림주유소,주유소,2013-11-14,,,2026-05-06 22:58:13,I,03,폐지,2013-11-14 13:21:29,,1992-05-01,866,서울특별시 영등포구 대림동 710-12,1992318007601500006,3180000,,,,03,폐업,2013-09-15,2013-12-15,02-844-1551
삼오사석유,일반판매소,2018-02-05,191392.588511307,448061.28282499,2026-05-06 22:58:13,I,03,폐지,2018-02-07 17:26:23,,1992-10-12,,서울특별시 영등포구 당산동6가 293-1,1992318019001200001,3180000,서울특별시 영등포구 당산로48길 11 (당산동6가),,,03,폐업,,,02-2634-3540
여명주유소,주유소,2021-02-16,192538.090993034,447271.881673217,2026-05-06 22:58:13,I,03,폐지,2021-02-16 16:40:48,,1993-05-29,793,서울특별시 영등포구 여의도동 17-4,1993318007601500001,3180000,서울특별시 영등포구 국회대로62길 7 (여의도동),,,03,폐업,,,02-782-5111
청룡주유소,주유소,2015-03-23,192821.717906848,447564.911086117,2026-05-06 22:58:13,I,03,폐지,2015-03-23 10:43:04,,1993-05-25,133,서울특별시 영등포구 여의도동 14,1993318007601500002,3180000,서울특별시 영등포구 국회대로 786 (여의도동),,,03,폐업,,,02-728-8515
대영주유소,주유소,2017-12-11,191711.319229969,443582.203546963,2026-05-06 22:58:17,I,03,폐지,2017-12-14 17:04:11,,1994-01-13,647,서울특별시 영등포구 대림동 912-10,1994318007601500002,3180000,서울특별시 영등포구 신길로 29 (대림동),,,03,폐업,,,02-843-6520
우성주유소,주유소,2011-06-27,192772.12892079,443970.704247293,2026-05-06 22:58:17,I,03,폐지,2016-03-11 14:35:25,,2006-01-16,1073,서울특별시 영등포구 신길동 4268,1994318007601500004,3180000,서울특별시 영등포구 여의대방로 113 (신길동),,,03,폐업,,,02-835-0928
우성주유소,주유소,2011-06-27,192772.12892079,443970.704247293,2026-05-06 22:58:19,I,03,폐지,2011-06-27 13:15:29,,1994-01-13,1073,서울특별시 영등포구 신길동 4268,1994318007601500009,3180000,서울특별시 영등포구 여의대방로 113  (신길동),,,03,폐업,,,02-835-0928
강서주유소,주유소,,191817.199365771,445315.304547129,2026-05-06 22:58:30,I,03,폐지,2016-12-14 15:00:08,,2002-02-01,,서울특별시 영등포구 도림동 71,2002318007601500002,3180000,서울특별시 영등포구 도신로 151 (도림동),,,03,폐업,,,02-832-1700
SK글로벌(주)대청주유소,주유소,,190712.446581534,444042.912673113,2026-05-06 22:58:30,I,03,폐지,2016-02-22 10:41:13,,2002-03-25,1331.1,서울특별시 영등포구 대림동 776-3,2002318007601500004,3180000,서울특별시 영등포구 가마산로 328 (대림동),,,03,폐업,,,02-841-8780
SK 대방주유소,주유소,,192887.789114176,444303.407621955,2026-05-06 22:58:30,I,03,폐지,2016-04-11 11:42:47,,2002-04-12,,서울특별시 영등포구 신길동 623-5,2002318007601500005,3180000,서울특별시 영등포구 여의대방로 153 (신길동),,,03,폐업,2011-04-13,2013-01-31,02-833-2776
대청주유소,주유소,,190712.446581534,444042.912673113,2026-05-06 22:58:31,I,03,폐지,2016-02-22 10:40:11,,2002-07-02,,서울특별시 영등포구 대림동 776-3,2002318007601500008,3180000,서울특별시 영등포구 가마산로 328 (대림동),,,03,폐업,,,02-841-8780
강서주유소,주유소,,191817.199365771,445315.304547129,2026-05-06 22:58:31,I,03,폐지,2016-12-14 14:59:09,,2002-07-23,,서울특별시 영등포구 도림동 71 6통6반,2002318007601500009,3180000,서울특별시 영등포구 도신로 151 (도림동),,,03,폐업,,,02-832-1700
(주)유진,용제판매소,,190968.380569652,444038.137157911,2026-05-06 22:58:32,I,03,폐지,2006-01-04 00:00:00,,2002-08-26,,서울특별시 영등포구 대림동 689-1,2002318007601500010,3180000,서울특별시 영등포구 대림로 198  (대림동),,,03,폐업,,,02-847-9779
(주)백두에너지성락주유소,주유소,,191341.783222286,444628.002467771,2026-05-06 22:58:32,I,03,폐지,2016-12-14 14:31:58,,2002-12-16,589,서울특별시 영등포구 신길동 355-545,2002318007601500012,3180000,서울특별시 영등포구 가마산로 414 (신길동),,,03,폐업,,,02-844-8465
(주)티씨에스켐,용제판매소,,190642.462875524,448377.913463728,2026-05-06 22:58:32,I,03,폐지,2016-09-20 17:46:19,,2003-01-03,,서울특별시 영등포구 양평동4가 119 201,2003318007601500001,3180000,"서울특별시 영등포구 양평로 116 (양평동4가,201)",,,03,폐업,,,02-2678-3661
(주)커맥스,용제판매소,,193282.654266684,447611.552045596,2026-05-06 22:58:32,I,03,폐지,2016-09-20 17:40:20,,2003-01-15,,서울특별시 영등포구 여의도동 11-11,2003318007601500002,3180000,서울특별시 영등포구 여의서로 43 (여의도동),,,03,폐업,,,02-3775-4474
신평화주유소,주유소,2016-12-02,,,2026-05-06 22:58:20,I,03,폐지,2016-12-02 14:54:13,,1994-02-02,430,서울특별시 영등포구 신길동 1821,1994318007601500012,3180000,서울특별시 영등포구 가마산로 554 (신길동),,,03,폐업,,,02-833-6003
동아주유소,주유소,2017-06-15,,,2026-05-06 22:58:20,I,03,폐지,2017-06-15 10:39:46,,1994-04-11,661,서울특별시 영등포구 대림동 778-44,1994318007601500013,3180000,,,,03,폐업,,,02-844-5180
하나주유소,주유소,2019-01-07,191559.314199522,444100.290856919,2026-05-06 22:58:20,I,03,폐지,2019-01-11 17:20:17,,1994-03-31,1692,서울특별시 영등포구 신길동 433-75,1994318007601500015,3180000,서울특별시 영등포구 도림로 236 (신길동),,,03,폐업,2018-01-01,2018-12-31,02-833-5151
미림주유소,주유소,2015-03-25,192857.928262332,444236.200769671,2026-05-06 22:58:21,I,03,폐지,2017-06-15 10:36:42,,1994-04-26,1318,서울특별시 영등포구 신길동 505,1994318007601500017,3180000,서울특별시 영등포구 여의대방로 147 (신길동),,,03,폐업,,,02-833-0892
꿈에그린주유소,주유소,2014-08-12,191979.400222071,444714.564320971,2026-05-06 22:58:21,I,03,폐지,2014-08-12 14:04:54,,1994-05-14,756,서울특별시 영등포구 신길동 252-9,1994318007601500018,3180000,서울특별시 영등포구 신길로 137 (신길동),,,03,폐업,,,02-849-9998
매봉주유소,주유소,2024-03-29,192710.17438851,445654.814463049,2026-05-06 22:58:22,I,03,폐지,2024-04-26 14:35:33,,1998-02-25,,서울특별시 영등포구 신길동 100-10,1996318007601500002,3180000,서울특별시 영등포구 도신로 248 (신길동),,,03,폐업,,,02-836-8851
현대오일뱅크(주)직영 여의도현대주유소,주유소,2022-01-14,193518.151346866,446163.916435239,2026-05-06 22:58:24,I,03,폐지,2022-01-25 09:43:14,,1997-07-15,715,서울특별시 영등포구 여의도동 48-1,1997318007601500001,3180000,서울특별시 영등포구 의사당대로 154 (여의도동),,,03,폐업,,,02-780-3466
대한석유,일반판매소,2014-12-17,,,2026-05-06 22:58:25,I,03,폐지,2016-03-11 11:50:05,,1997-11-22,,서울특별시 영등포구 영등포동1가 105-1,1997318011701200001,3180000,,,,03,폐업,,,02-2634-9841
금성석유,일반판매소,2012-07-26,,,2026-05-06 22:58:25,I,03,폐지,2012-07-26 10:40:33,,1998-12-16,,서울특별시 영등포구 신길동 2136,1998318007601200001,3180000,,,,03,폐업,,,02-832-0754
금성주유소,주유소,2017-06-15,193785.813402517,446328.36052151,2026-05-06 22:58:26,I,03,폐지,2017-06-15 10:33:57,,1999-09-17,1176,서울특별시 영등포구 여의도동 44-36,1999318007601500001,3180000,,,,03,폐업,,,02-761-0084
대명석유,일반판매소,2011-05-02,,,2026-05-06 22:58:27,I,03,폐지,2011-05-02 13:24:56,,2006-08-21,,서울특별시 영등포구 도림동 159-13,1999318011701200030,3180000,,,,03,폐업,,,02-843-4339
상진공업주식회시,용제판매소,2011-04-01,,,2026-05-06 22:58:27,I,03,폐지,2011-04-01 14:50:55,,2001-01-27,,서울특별시 영등포구 여의도동 25-4-503,2001318007601500002,3180000,,,,03,폐업,,,02-783-9243
동아주유소,주유소,2017-06-15,,,2026-05-06 22:58:28,I,03,폐지,2017-06-15 10:32:18,,2001-05-02,,서울특별시 구로구 개봉동 0 삼환 105동 206호,2001318007601500007,3180000,,,,03,폐업,,,02-844-5180
미림주유소,주유소,2015-03-25,192857.928262332,444236.200769671,2026-05-06 22:58:28,I,03,폐지,2017-06-15 10:31:05,,2001-08-28,,서울특별시 영등포구 신길동 505,2001318007601500012,3180000,서울특별시 영등포구 여의대방로 147 (신길동),,,03,폐업,,,
대방주유소,주유소,2017-06-15,192887.789114176,444303.407621955,2026-05-06 22:58:28,I,03,폐지,2017-06-15 10:35:46,,2001-08-28,,서울특별시 영등포구 신길동 623-5,2001318007601500013,3180000,서울특별시 영등포구 여의대방로 153 (신길동),,,03,폐업,,,
대방주유소,주유소,2016-07-01,192887.789114176,444303.407621955,2026-05-06 22:58:29,I,03,폐지,2017-06-15 10:53:57,,2001-09-14,,서울특별시 영등포구 신길동 623-5,2001318007601500015,3180000,,,,03,폐업,,,02-833-2776
(주)이진화학,용제판매소,,190642.462875524,448377.913463728,2026-05-06 22:58:33,I,03,폐지,2016-09-20 17:37:22,,2003-03-04,,서울특별시 영등포구 양평동4가 119,2003318007601500004,3180000,서울특별시 영등포구 양평로 116 (양평동4가),,,03,폐업,,,02-2678-3661
(주)케맥스,용제판매소,,193282.654266684,447611.552045596,2026-05-06 22:58:34,I,03,폐지,2016-09-20 17:38:24,,2003-03-31,,서울특별시 영등포구 여의도동 11-11,2003318007601500005,3180000,서울특별시 영등포구 여의서로 43 (여의도동),,,03,폐업,,,02-3775-4474
(주)태백케미칼,용제판매소,,190642.462875524,448377.913463728,2026-05-06 22:58:39,I,03,폐지,2016-09-20 17:39:29,,2003-07-25,,서울특별시 영등포구 양평동4가 119,2003318007601500010,3180000,서울특별시 영등포구 양평로 116 (양평동4가),,,03,폐업,,,02-2678-3661
SK네트웍스(주)남부주유소,주유소,,,,2026-05-06 22:58:42,I,03,폐지,2017-02-14 10:02:55,,2003-10-01,814.1,서울특별시 영등포구 여의도동 426-57,2003318007601500015,3180000,,,,03,폐업,,,02-2678-0503
SK네트웍스(주)여의도주유소,주유소,,193257.274552201,446769.302781359,2026-05-06 22:58:43,I,03,폐지,2006-06-05 00:00:00,,2003-10-01,3243,서울특별시 영등포구 여의도동 26-1,2003318007601500018,3180000,서울특별시 영등포구 국제금융로2길 37  (여의도동),,,03,폐업,,,02-784-3246
성락주유소,주유소,,191341.783222286,444628.002467771,2026-05-06 22:58:43,I,03,폐지,2016-12-14 14:31:20,,2005-12-28,589,서울특별시 영등포구 신길동 355-545,2003318007601500022,3180000,서울특별시 영등포구 가마산로 414 (신길동),,,03,폐업,,,02-844-8465
정원캠(주),용제판매소,,,,2026-05-06 22:58:44,I,03,폐지,2006-01-04 00:00:00,,2004-02-16,,서울특별시 영등포구 당산동 16-2 대우메종상가225호,2004318007601500003,3180000,,,,03,폐업,,,02-2632-2692
(주)성보화학,용제판매소,,190447.043353169,446340.277665325,2026-05-06 22:58:46,I,03,폐지,2006-07-07 00:00:00,,2004-06-17,,서울특별시 영등포구 문래동3가 77-8,2004318007601500006,3180000,서울특별시 영등포구 문래로 98  (문래동3가),,,03,폐업,,,02-2675-3911
협성화학상사,용제판매소,,,,2026-05-06 22:58:48,I,03,폐지,2010-08-17 18:21:02,,2004-10-19,,서울특별시 영등포구 당산동6가 121-144,2004318007601500009,3180000,,,,03,폐업,,,02-2632-9473
주-대호케미칼,용제판매소,,191534.741985211,446872.388174474,2026-05-06 22:58:48,I,03,폐지,2006-07-06 00:00:00,,2004-11-18,,서울특별시 영등포구 영등포동7가 48-1,2004318007601500010,3180000,서울특별시 영등포구 영중로 85  (영등포동7가),,,03,폐업,,,26346641
인산케미컬,용제판매소,,206490.247358174,460830.615360327,2026-05-06 22:58:49,I,03,폐지,2006-01-04 00:00:00,,2005-01-28,,서울특별시 노원구 중계동 360-2 8통7반 청구아파트 105동 1304호,2005318007601500002,3180000,,,,03,폐업,,,02-831-8868
월드앤미-주,용제판매소,,190968.380569652,444038.137157911,2026-05-06 22:58:49,I,03,폐지,2007-06-21 00:00:00,,2005-04-14,,서울특별시 영등포구 대림동 689-1 대경빌딩 3층 303호,2005318007601500003,3180000,"서울특별시 영등포구 대림로 198,  303호 (대림동,대경빌딩 3층)",,,03,폐업,,,02-842-6979
(주)비케이씨오알피,용제판매소,,191244.784879947,447609.250771827,2026-05-06 22:58:49,I,03,폐지,2006-04-27 00:00:00,,2005-05-11,,서울특별시 영등포구 당산동5가 12 효성아파트 104동 1006호,2005318007601500004,3180000,"서울특별시 영등포구 당산로42길 13, 104동 1006호 (당산동5가,효성아파트)",,,03,폐업,,,02-2630-1330
(주)케이씨뱅크,용제판매소,,189955.804848895,447066.843038077,2026-05-06 22:58:49,I,03,폐지,2007-01-18 00:00:00,,2005-06-02,,서울특별시 영등포구 양평동3가 17-1 우림보보카운터 1003호,2005318007601500006,3180000,"서울특별시 영등포구 양산로7길 3,  1003호 (양평동3가,우림보보카운터)",,,03,폐업,,,02-2677-2716
(주)남영케미칼,용제판매소,2011-04-25,191685.071704135,446999.611413679,2026-05-06 22:58:29,I,03,폐지,2011-04-25 15:58:39,,2001-11-02,,서울특별시 영등포구 영등포동7가 103 수복빌딩2층,2001318007601500018,3180000,"서울특별시 영등포구 국회대로 654  (영등포동7가,수복빌딩2층)",,,03,폐업,,,
대천석유,일반판매소,2020-04-22,190071.217978305,446947.799167687,2026-05-06 22:58:29,I,03,폐지,2020-04-27 16:26:58,,2002-11-14,,서울특별시 영등포구 양평동1가 219-4,2002318007601200003,3180000,서울특별시 영등포구 선유서로30길 22 (양평동1가),,,03,폐업,,,02-672-2069
남영상사,용제판매소,2011-04-25,,,2026-05-06 22:58:30,I,03,폐지,2011-04-25 17:52:47,,2002-01-18,,서울특별시 영등포구 영등포동7가 l103,2002318007601500001,3180000,,,,03,폐업,,,02-672-5425
동아주유소,주유소,2017-06-15,190704.899743608,444125.681691771,2026-05-06 22:58:30,I,03,폐지,2017-06-15 10:29:29,,2002-03-07,661.8,서울특별시 영등포구 대림동 778-14,2002318007601500003,3180000,서울특별시 영등포구 가마산로 331-10 (대림동),,,03,폐업,,,02-844-5180
