침대수,건물지상층수,건물소유구분명,건물지하층수,사업장명,업태구분명,의자수,폐업일자,조건부허가시작일자,조건부허가신고사유,조건부허가종료일자,좌표X,좌표Y,데이터갱신시점,데이터갱신구분,상세영업상태코드,상세영업상태명,여성종사자수,최종수정시점,인허가일자,소재지면적,소재지우편번호,지번주소,다중이용업소여부,남성종사자수,관리번호,개방자치단체코드,도로명주소,도로명우편번호,영업상태구분코드,영업상태명,위생업태명,소재지전화번호,사용시작지상층,사용시작지하층,사용끝지상층,사용끝지하층
,,,,M.R 바리깡,일반미용업,,2005-05-18,,,,208677.117364248,444316.655669254,2026-05-01 22:32:58,I,02,폐업,,2003-06-13 00:00:00,2002-02-27,.00,138-845,서울특별시 송파구 석촌동 232-6,N,,3230000-204-2003-00204,3230000,,,03,폐업,미용업,02-416-7170,,,,
0,0,,0,헤어앤슈,일반미용업,3,2017-05-30,,,,209132.736357942,444431.696699367,2026-05-01 22:36:14,I,02,폐업,0,2017-05-30 16:00:52,2016-07-27,27.33,138-846,서울특별시 송파구 석촌동 261-17,N,0,3230000-220-2016-00001,3230000,서울특별시 송파구 가락로11길 19 (석촌동),05683,03,폐업,"일반미용업, 화장ㆍ분장 미용업",,,,,
,,,,케이머리병원,일반미용업,,2010-01-12,,,,207274.228249777,445273.319882195,2026-05-01 22:32:58,I,02,폐업,,2005-07-14 00:00:00,2003-02-27,.00,138-862,서울특별시 송파구 잠실동 204-10,N,,3230000-204-2003-00242,3230000,,,03,폐업,미용업,,,,,
0,0,,0,라미헤어,일반미용업,3,2024-12-31,,,,198186.214614366,442300.376437558,2026-05-01 22:32:07,I,02,폐업,1,2024-12-31 13:55:25,2021-11-25,24.56,156-824,서울특별시 동작구 사당동 1005-42,N,0,3190000-211-2021-00034,3190000,"서울특별시 동작구 동작대로17길 14-1, 102호 (사당동)",07013,03,폐업,일반미용업,,1,,1,
4,0,임대,0,선바디라인,피부미용업,0,2016-04-28,,,,208233.926974585,445435.257647797,2026-05-01 22:34:38,I,02,폐업,,2013-08-20 11:11:59,2009-03-24,47.70,138-791,서울특별시 송파구 잠실동 40 갤러리아팰리스 지하1층 136-25호,N,,3230000-212-2009-00004,3230000,"서울특별시 송파구 올림픽로 212, 136-25호 (잠실동, 갤러리아팰리스 지하1층)",05553,03,폐업,피부미용업,02-2145-4313,,1,,1
,,,,지수헤어죤,일반미용업,3,2015-08-05,,,,210610.833095744,448117.547644246,2026-05-01 22:33:18,I,02,폐업,,2015-08-07 19:07:45,2003-02-27,33.94,138-873,서울특별시 송파구 풍납동 486-4,N,,3230000-211-1994-00009,3230000,서울특별시 송파구 풍성로25길 22 (풍납동),05520,03,폐업,일반미용업,02-472-4973,,,,
0,5,,0,오샤레헤어살롱,일반미용업,10,2016-10-11,,,,194577.605686927,444884.868008068,2026-05-01 22:31:51,I,02,폐업,,2009-11-09 14:20:53,2005-08-08,156.23,156-806,"서울특별시 동작구 노량진동 311-29 1층,2층",N,,3190000-211-2005-00002,3190000,"서울특별시 동작구 장승배기로 95 (노량진동,1층,2층)",,03,폐업,일반미용업,,1,0,1,0
0,0,,0,salon J(살롱 제이),일반미용업,3,2021-10-05,,,,208385.271022924,444851.818558175,2026-05-01 22:34:12,I,02,폐업,0,2021-10-05 15:41:26,2015-12-16,33.10,138-840,서울특별시 송파구 삼전동 112-10,N,0,3230000-211-2015-00109,3230000,"서울특별시 송파구 삼학사로19길 13, 지상1층 1호 (삼전동)",05601,03,폐업,일반미용업,02-412-6358,1,,1,
,3,,1,미가본헤어탑,일반미용업,3,2008-03-04,,,,194109.683291459,444556.60709408,2026-05-01 22:31:37,I,02,폐업,,2006-01-20 00:00:00,2005-11-21,24.51,156-832,서울특별시 동작구 상도동 361-109,N,,3190000-204-2005-00050,3190000,,,03,폐업,미용업,,1,,1,
0,0,,0,에센지 뷰티 스테이,일반미용업,4,2025-04-21,,,,211052.897939721,443762.541163203,2026-05-01 22:35:35,I,02,폐업,0,2025-04-21 16:31:03,2017-12-12,33.00,138-808,서울특별시 송파구 가락동 143-3 102호,N,0,3230000-213-2017-00008,3230000,"서울특별시 송파구 중대로16길 12, 1층 102호 (가락동)",05825,03,폐업,종합미용업,070-4110-0445,1,,1,
1,0,,0,앙네일,네일아트업,7,2025-12-04,,,,212224.253058781,444349.042748425,2026-05-01 22:35:35,I,02,폐업,0,2025-12-04 17:18:35,2018-03-12,52.80,138-859,서울특별시 송파구 오금동 138-6 몬테소리오렌지유치원,N,0,3230000-213-2018-00004,3230000,"서울특별시 송파구 성내천로 85, 몬테소리오렌지유치원 3층 301호 (오금동)",05738,03,폐업,종합미용업,,1,,1,
1,0,,0,스타네일,네일아트업,2,2020-05-21,,,,209673.418120792,444831.878876776,2026-05-01 22:35:53,I,02,폐업,0,2020-05-21 10:37:16,2016-10-05,31.00,138-851,서울특별시 송파구 송파동 111-28,N,0,3230000-215-2016-00039,3230000,"서울특별시 송파구 송파대로42길 22, 1층 (송파동)",05666,03,폐업,네일미용업,02-421-1909,1,,1,
,0,,0,국제미용실,일반미용업,0,2001-06-20,,,,,,2026-05-01 22:30:48,I,02,폐업,,2001-07-24 00:00:00,1990-08-08,.00,156-877,서울특별시 동작구 흑석동 10-204,N,,3190000-204-1990-00877,3190000,,,03,폐업,미용업,02-0821-3587,0,0,0,0
0,0,,0,라이룸헤어,일반미용업,1,,,,,197475.257521056,442393.504759141,2026-05-01 22:32:08,I,01,영업,0,2023-11-14 15:12:20,2023-02-17,61.66,156-821,서울특별시 동작구 사당동 267-28,N,0,3190000-211-2023-00037,3190000,"서울특별시 동작구 사당로14길 3, 2층 (사당동)",07010,01,영업/정상,일반미용업,02-536-5337,,,,
0,0,,0,더벨스헤어,일반미용업,3,2013-02-05,,,,211852.955831773,442744.786973048,2026-05-01 22:33:55,I,02,폐업,,2011-09-20 15:30:19,2011-09-20,24.31,138-888,서울특별시 송파구 장지동 833 1단지상가 102호,N,,3230000-211-2011-00017,3230000,,,03,폐업,일반미용업,,1,,1,
,,,,박순애미용실,일반미용업,4,2008-05-01,,,,206726.499021996,445188.639267934,2026-05-01 22:32:10,I,02,폐업,,2005-06-09 00:00:00,2003-02-27,19.53,138-892,서울특별시 송파구 잠실동 85-0 아시아선수촌A중심상가 C동 258호,N,,3230000-204-1988-01765,3230000,,,03,폐업,미용업,02-418-6425,,,,
,3,,,아우토반,일반미용업,3,2005-04-04,,,,213424.921043844,443458.121068917,2026-05-01 22:33:03,I,02,폐업,,2005-04-07 00:00:00,2004-12-21,33.00,138-821,서울특별시 송파구 마천동 308-4,N,,3230000-204-2004-00152,3230000,,,03,폐업,미용업,02-431-4038,1,,1,
,,,,이섭헤어,일반미용업,7,2005-04-03,,,,210662.318857116,448311.722554126,2026-05-01 22:32:44,I,02,폐업,,2003-06-11 00:00:00,2003-02-27,63.63,138-873,서울특별시 송파구 풍납동 152-28 (3층),N,,3230000-204-1999-02131,3230000,,,03,폐업,미용업,02-475-2696,,,,
,2,,0,라파헤어,일반미용업,2,2022-12-29,,,,193118.11718234,444662.939353103,2026-05-01 22:31:54,I,02,폐업,,2022-12-29 15:26:06,2009-05-07,16.50,156-810,서울특별시 동작구 대방동 386-27,N,,3190000-211-2009-00045,3190000,서울특별시 동작구 대방동23길 44 (대방동),06945,03,폐업,일반미용업,02-815-2632,1,,,
,10,,3,올림픽 헤어뉴스,일반미용업,2,2015-07-21,,,,210068.709244252,445895.515259907,2026-05-01 22:33:23,I,02,폐업,,2014-09-30 14:09:27,2003-07-24,12.00,138-828,서울특별시 송파구 방이동 51-2,N,,3230000-211-2003-00082,3230000,서울특별시 송파구 백제고분로 501 (방이동),05545,03,폐업,일반미용업,,,2,,2
,1,,,김인숙머리바다,일반미용업,3,2005-08-15,,,,207134.007440747,445148.49513527,2026-05-01 22:33:02,I,02,폐업,,2004-12-16 00:00:00,2004-09-06,33.00,138-862,서울특별시 송파구 잠실동 200-3,N,,3230000-204-2004-00106,3230000,,,03,폐업,미용업,,1,,1,
,,,,몰리미용실,일반미용업,,2006-05-17,,,,213038.947850628,444107.669839255,2026-05-01 22:32:55,I,02,폐업,,2005-06-10 00:00:00,2003-02-27,.00,138-818,서울특별시 송파구 마천동 95-22,N,,3230000-204-2003-00060,3230000,,,03,폐업,미용업,02-443-8103,,,,
,,,,클로,일반미용업,,2003-02-26,,,,207183.09660682,445752.864433122,2026-05-01 22:32:54,I,02,폐업,,2003-03-17 00:00:00,2002-09-23,.00,138-908,서울특별시 송파구 잠실동 19-3 종합상가 20-15호,N,,3230000-204-2002-02455,3230000,,,03,폐업,미용업,,,,,
2,0,,0,아유담,피부미용업,0,2012-06-27,,,,211453.050926808,443165.755655708,2026-05-01 22:34:43,I,02,폐업,,2010-08-13 11:33:14,2010-08-13,20.00,138-823,서울특별시 송파구 문정동 1 삼성래미안상가204호,N,,3230000-212-2010-00063,3230000,,,03,폐업,피부미용업,02-400-3028,,,,
1,0,,0,The 예뻐지기,피부미용업,1,2017-07-06,,,,212762.16464554,443493.874754739,2026-05-01 22:35:12,I,02,폐업,0,2017-07-06 11:06:37,2017-07-05,12.00,138-814,서울특별시 송파구 거여동 42-9,N,0,3230000-212-2017-00020,3230000,"서울특별시 송파구 거마로2길 3, 1층 (거여동)",05768,03,폐업,피부미용업,,1,,1,
,4,임대,0,(시나브로) 뷰티&헬스,피부미용업,0,,,,,191691.678396263,442818.113681285,2026-05-01 22:32:11,I,01,영업,,2021-12-21 17:25:57,2009-12-02,86.10,156-010,서울특별시 동작구 신대방동 719 동작상떼빌아파트,N,,3190000-212-2009-00032,3190000,"서울특별시 동작구 신대방1가길 38, 106동 305호 (신대방동, 동작상떼빌아파트)",07072,01,영업/정상,피부미용업,,2,,2,
,,,,헤어리제,일반미용업,4,,,,,197540.250838087,441569.058208929,2026-05-01 22:31:48,I,01,영업,,2020-11-13 08:28:58,1996-12-27,49.75,156-827,서울특별시 동작구 사당동 1049-4,N,,3190000-211-1996-00006,3190000,"서울특별시 동작구 남부순환로 2019, 1층 102호 (사당동)",07023,01,영업/정상,일반미용업,02-521-9439,,,,
0,0,,0,레드켄,일반미용업,3,2013-11-11,,,,193674.90454598,444067.242999477,2026-05-01 22:32:24,I,02,폐업,,2012-03-23 13:39:00,2011-10-31,232.00,156-030,서울특별시 동작구 상도동 323-17,N,,3190000-213-2011-00046,3190000,서울특별시 동작구 국사봉1길 12 (상도동),07042,03,폐업,종합미용업,,0,0,0,0
,0,,0,벨라헤어라인,일반미용업,0,2001-01-20,,,,210629.304702902,444957.58458775,2026-05-01 22:32:50,I,02,폐업,,2003-01-27 00:00:00,2000-05-13,.00,138-836,서울특별시 송파구 방이동 223-6,N,,3230000-204-2000-02277,3230000,,,03,폐업,미용업,02-2203-2137,0,0,,
,,,,제니미용실,일반미용업,7,2004-07-02,,,,211670.331589456,445863.643636261,2026-05-01 22:32:13,I,02,폐업,,2003-06-13 00:00:00,2003-02-27,44.61,138-829,서울특별시 송파구 방이동 89-14 기자촌아파트상가A상가 201동 5호,N,,3230000-204-1990-01015,3230000,,,03,폐업,미용업,02-409-9376,,,,
6,0,,0,쉼타이,피부미용업,0,2017-03-21,,,,210580.683290918,443657.71204579,2026-05-01 22:34:55,I,02,폐업,,2017-03-21 14:34:52,2014-03-31,90.43,138-803,서울특별시 송파구 가락동 80 성원상데빌 101동 225호,N,,3230000-212-2014-00009,3230000,"서울특별시 송파구 송파대로28길 27, 101동 225호 (가락동, 성원상데빌)",05718,03,폐업,피부미용업,,2,,2,
0,0,,0,숲칼프 장승배기점,피부미용업,0,,,,,194379.87591249,444728.897111438,2026-05-01 22:32:14,I,01,영업,0,2022-06-30 14:02:37,2015-01-05,74.96,156-832,서울특별시 동작구 상도동 364-9,N,0,3190000-212-2015-00001,3190000,"서울특별시 동작구 등용로 7, 2층 (상도동)",06949,01,영업/정상,피부미용업,,,,,
0,0,,0,헤어물들이다,일반미용업,3,,,,,212617.339496289,444250.096512094,2026-05-01 22:34:33,I,01,영업,0,2022-01-11 09:20:27,2022-01-11,20.00,138-817,서울특별시 송파구 마천동 25-6 삼정주택,N,0,3230000-211-2022-00002,3230000,"서울특별시 송파구 마천로 229, 1층 101호 (마천동, 삼정주택)",05733,01,영업/정상,일반미용업,,1,,1,
0,0,,0,노블레스 헤어,일반미용업,2,,,,,213141.812795644,444077.272685671,2026-05-01 22:34:34,I,01,영업,0,2023-11-30 14:14:21,2023-11-30,43.89,138-818,서울특별시 송파구 마천동 124-16,N,0,3230000-211-2023-00038,3230000,"서울특별시 송파구 마천로43길 23-1, 1층 2호 (마천동)",05753,01,영업/정상,일반미용업,,,,,
,4,,,스킨케어5000,피부미용업,,2011-07-08,,,,194722.170191629,444750.397555085,2026-05-01 22:32:11,I,02,폐업,,2009-06-18 16:42:40,2009-06-08,.00,156-831,서울특별시 동작구 상도동 170-2 3층,N,,3190000-212-2009-00009,3190000,,,03,폐업,피부미용업,02-824-0844,3,,,
,,,,네일미우,네일아트업,,,,,,209773.41179469,445995.411613587,2026-05-01 22:35:58,I,01,영업,,2023-08-04 16:47:51,2023-08-04,31.26,138-827,서울특별시 송파구 방이동 42,N,,3230000-215-2023-00017,3230000,"서울특별시 송파구 올림픽로34길 5-14, 잠실역 웰리지 더테라스 207호 (방이동)",05544,01,영업/정상,네일미용업,,,,,
,5,임대,1,헤어2030,일반미용업,5,2010-07-12,,,,195326.189841968,444465.209652975,2026-05-01 22:31:37,I,02,폐업,,2008-12-26 13:16:21,2006-03-03,63.14,156-871,서울특별시 동작구 상도1동 742-1 2층,N,,3190000-204-2006-00009,3190000,,,03,폐업,미용업,,2,,2,
0,0,,0,지&지 헤어샵,일반미용업,11,2014-11-28,,,,211173.34842584,445135.155630318,2026-05-01 22:33:58,I,02,폐업,,2014-07-29 17:27:12,2012-04-16,150.41,138-130,"서울특별시 송파구 오금동 18-9 ,10 203호",N,,3230000-211-2012-00020,3230000,"서울특별시 송파구 마천로 57, 203호 (오금동)",05657,03,폐업,일반미용업,02-430-3308,2,,2,
,0,,0,스칼렛,일반미용업,7,1998-04-20,,,,,,2026-05-01 22:32:17,I,02,폐업,,2002-09-04 00:00:00,1992-07-31,41.59,138-210,서울특별시 송파구 장지동 산 190-4,N,,3230000-204-1992-00725,3230000,,,03,폐업,미용업,02-448-4725,0,0,,
0,0,임대,0,hair salon헤윰,일반미용업,4,2018-05-10,,,,210210.999724915,444475.750361612,2026-05-01 22:33:51,I,02,폐업,,2018-05-10 17:17:51,2010-03-05,30.00,138-854,서울특별시 송파구 송파동 174-15 1층,N,,3230000-211-2010-00028,3230000,"서울특별시 송파구 송이로10길 4, 1층 (송파동)",05674,03,폐업,일반미용업,02-423-1189,1,,1,
0,0,임대,0,NIWNIW(니우니우),일반미용업,6,,,,,209429.250400612,444272.158471121,2026-05-01 22:34:32,I,01,영업,0,2021-06-17 13:27:01,2021-06-17,63.00,138-846,서울특별시 송파구 석촌동 275-15,N,0,3230000-211-2021-00030,3230000,"서울특별시 송파구 가락로16길 2-21, 3층 (석촌동)",05696,01,영업/정상,일반미용업,,3,,3,
,3,,,머리하기 좋은날,일반미용업,3,2005-09-27,,,,,,2026-05-01 22:33:02,I,02,폐업,,2004-11-18 00:00:00,2004-06-25,26.40,138-120,서울특별시 송파구 마천동 128-120,N,,3230000-204-2004-00084,3230000,,,03,폐업,미용업,,1,,1,
0,1,,0,수왕미용실,일반미용업,3,,,,,207908.639060569,444430.196356344,2026-05-01 22:34:27,I,01,영업,0,2026-04-03 10:32:12,2018-12-05,27.46,138-838,서울특별시 송파구 삼전동 50-17,N,0,3230000-211-2018-00093,3230000,"서울특별시 송파구 백제고분로24길 17, 지하층 02호 (삼전동)",05583,01,영업/정상,일반미용업,,,,,
,,,,옥성미용실,일반미용업,3,2007-12-24,,,,197176.251560219,444834.480294715,2026-05-01 22:30:48,I,02,폐업,,2005-06-09 00:00:00,1990-08-08,17.50,156-863,서울특별시 동작구 흑석동 268-2,N,,3190000-204-1990-00841,3190000,,,03,폐업,미용업,02-0822-1416,,,,
0,3,,0,미랑컬헤어 대림점,일반미용업,9,2013-03-20,,,,191963.162407762,443343.723576129,2026-05-01 22:32:25,I,02,폐업,,2012-12-18 15:25:29,2012-12-18,99.00,156-852,서울특별시 동작구 신대방동 565-22 205호,N,,3190000-213-2012-00057,3190000,서울특별시 동작구 여의대방로 2 (신대방동),07065,03,폐업,종합미용업,,,,,
1,0,,0,클럽밸런스5 송파점,메이크업업,1,2017-12-13,,,,209929.741480444,444542.920562106,2026-05-01 22:36:15,I,02,폐업,0,2017-12-13 16:58:41,2017-06-15,3.30,138-854,서울특별시 송파구 송파동 103-31,N,0,3230000-221-2017-00002,3230000,"서울특별시 송파구 가락로 156, 2층 202호 (송파동, 예빌딩)",05675,03,폐업,"피부미용업, 화장ㆍ분장 미용업",,2,,2,
0,,임대,1,명작W헤어,일반미용업,3,2020-08-24,,,,207373.50021477,445545.656024061,2026-05-01 22:34:01,I,02,폐업,,2020-08-24 10:13:07,2012-11-16,56.10,138-908,서울특별시 송파구 잠실동 19-9 잠실파인애플상가,N,,3230000-211-2012-00090,3230000,"서울특별시 송파구 올림픽로 119, 잠실파인애플상가 지하1층 B16호 (잠실동)",05501,03,폐업,일반미용업,,,,,
,2,임대,1,윤비헤어,일반미용업,3,,,,,193220.484846335,443923.762534848,2026-05-01 22:31:51,I,01,영업,,2012-08-31 14:16:11,2004-10-19,18.10,156-848,서울특별시 동작구 신대방동 360-29,N,,3190000-211-2004-00001,3190000,서울특별시 동작구 여의대방로22아길 2 (신대방동),07058,01,영업/정상,일반미용업,02-824-2033,1,,1,
,3,,,헤어더 현,일반미용업,8,2013-02-15,,,,195923.350160086,443698.626011971,2026-05-01 22:31:52,I,02,폐업,,2008-10-27 11:41:46,2008-10-09,36.00,156-030,서울특별시 동작구 상도동 501-12,N,,3190000-211-2008-00001,3190000,서울특별시 동작구 사당로 2 (상도동),07027,03,폐업,일반미용업,02-823-3377,1,,,
4,0,,0,휴(休)자세교정,피부미용업,2,,,,,207373.50021477,445545.656024061,2026-05-01 22:35:25,I,01,영업,0,2022-04-25 16:13:09,2022-04-25,42.00,138-908,서울특별시 송파구 잠실동 19-9 잠실파인애플상가,N,0,3230000-212-2022-00020,3230000,"서울특별시 송파구 올림픽로 119, 잠실파인애플상가 2층 2A01호 (잠실동)",05501,01,영업/정상,피부미용업,,,,,
,,,,서희정헤어보그,일반미용업,,2004-01-28,,,,210437.623747652,443074.735764188,2026-05-01 22:32:58,I,02,폐업,,2003-06-19 00:00:00,2003-06-19,.00,138-885,서울특별시 송파구 문정동 150-1 훼미리상가 130호,N,,3230000-204-2003-00250,3230000,,,03,폐업,미용업,02-459-3064,,,,
,3,임대,1,크라크라헤어,일반미용업,4,2007-10-24,,,,209149.961196695,444392.194498593,2026-05-01 22:33:06,I,02,폐업,,2007-10-31 16:18:36,2005-11-29,30.00,138-846,서울특별시 송파구 석촌동 260-8 (1층),N,,3230000-204-2005-00142,3230000,,,03,폐업,미용업,02-415-5626,1,,1,
2,0,,0,와이키키 헤드스파,피부미용업,2,,,,,,,2026-05-01 22:35:28,I,01,영업,0,2024-05-27 13:31:06,2024-05-27,23.10,138-888,서울특별시 송파구 문정동 642-3 문정역SKV1,N,0,3230000-212-2024-00018,3230000,"서울특별시 송파구 법원로 128, 문정역SKV1 B동 1층 120호 (문정동)",05854,01,영업/정상,피부미용업,,,,,
,0,임대,0,몸사랑 에스테틱,피부미용업,3,,,,,192170.155815215,443599.41901313,2026-05-01 22:32:12,I,01,영업,,2025-05-30 11:37:31,2010-11-22,28.68,156-855,서울특별시 동작구 신대방동 707 현대상가,N,,3190000-212-2010-00026,3190000,"서울특별시 동작구 여의대방로 30, 현대상가 112동 b201호 (신대방동)",07064,01,영업/정상,피부미용업,02-832-9969,2,,2,
0,0,,0,러블리,네일아트업,4,2013-11-29,,,,195235.166582615,445127.560344294,2026-05-01 22:31:42,I,02,폐업,,2012-01-02 14:28:35,2012-01-02,23.25,156-802,서울특별시 동작구 노량진동 217-29,N,,3190000-204-2012-00001,3190000,"서울특별시 동작구 만양로 47-1, 1층 (노량진동)",06926,03,폐업,미용업,02-824-9001,,,,
0,0,,0,모인뷰티왁싱,피부미용업,0,,,,,187822.906666898,447060.377699409,2026-05-01 03:03:03,U,01,영업,0,2026-04-30 10:18:10,2025-10-14,66.51,158-860,서울특별시 양천구 신정동 992-1 보성팰리스,N,0,3140000-212-2025-00016,3140000,"서울특별시 양천구 오목로 232, 308호 (신정동, 보성팰리스)",08022,01,영업/정상,피부미용업,,3,,3,
,0,,0,미가람,일반미용업,2,2003-02-26,,,,195480.472177679,444629.919168775,2026-05-01 22:30:44,I,02,폐업,,2003-02-26 00:00:00,1985-11-22,"1,023.00",156-830,서울특별시 동작구 상도1동 629-0,N,,3190000-204-1985-00949,3190000,,,03,폐업,미용업,02-0812-7351,0,0,0,0
0,0,,0,리안헤어,일반미용업,4,2019-08-08,,,,193056.569289539,444674.870776798,2026-05-01 22:31:56,I,02,폐업,,2019-08-08 13:22:51,2013-06-26,68.00,156-810,서울특별시 동작구 대방동 385-24 2층,N,,3190000-211-2013-00022,3190000,"서울특별시 동작구 여의대방로 194, 2층 (대방동)",06945,03,폐업,일반미용업,,2,,,
5,0,,0,루베아 에스테틱,피부미용업,5,,,,,211158.144644977,445184.778371712,2026-05-01 22:35:47,I,01,영업,0,2025-07-31 13:36:55,2025-07-31,131.10,138-855,서울특별시 송파구 오금동 17-11 명현빌딩,N,0,3230000-213-2025-00040,3230000,"서울특별시 송파구 위례성대로20길 32, 명현빌딩 2층 (오금동)",05657,01,영업/정상,종합미용업,,,,,
0,0,,0,이시스헤어,일반미용업,10,2018-05-17,,,,194657.391323495,445150.743087466,2026-05-01 22:32:01,I,02,폐업,0,2018-05-17 10:48:40,2017-10-10,129.15,156-803,서울특별시 동작구 노량진동 231-111 1층,N,0,3190000-211-2017-00051,3190000,"서울특별시 동작구 장승배기로 124, 1층 (노량진동)",06924,03,폐업,일반미용업,,1,,,
,0,,0,종로미용실,일반미용업,3,2001-06-20,,,,194477.925665468,444726.157074208,2026-05-01 22:30:59,I,02,폐업,,2001-07-24 00:00:00,1999-04-14,21.58,156-030,"서울특별시 동작구 상도동 365-1 ,10",N,,3190000-204-1999-01411,3190000,,,03,폐업,미용업,02-825-9511,0,0,0,0
,0,,0,준,일반미용업,4,1997-09-01,,,,,,2026-05-01 22:32:09,I,02,폐업,,2002-09-04 00:00:00,1988-04-01,38.90,138-210,서울특별시 송파구 장지동 산 206-19,N,,3230000-204-1988-01408,3230000,,,03,폐업,미용업,02-415-6223,0,0,,
,0,,0,세종미용실,일반미용업,5,1997-08-16,,,,,,2026-05-01 22:32:38,I,02,폐업,,2002-09-04 00:00:00,1997-05-22,29.00,138-210,서울특별시 송파구 장지동 산 149-10,N,,3230000-204-1997-01866,3230000,,,03,폐업,미용업,02-443-3026,0,0,,
,5,임대,1,경은헤어,일반미용업,4,2006-01-06,,,,210282.789610054,447913.317955034,2026-05-01 22:33:04,I,02,폐업,,2005-07-14 00:00:00,2005-04-07,33.00,138-874,서울특별시 송파구 풍납동 230-25 동명빌딩 1층,N,,3230000-204-2005-00033,3230000,,,03,폐업,미용업,,1,,1,
0,2,,0,머리하는 고양이,일반미용업,2,2024-04-18,,,,195463.528823655,444363.244818812,2026-05-01 22:32:02,I,02,폐업,0,2024-04-18 08:38:21,2018-03-21,43.00,156-836,서울특별시 동작구 상도1동 390,N,0,3190000-211-2018-00009,3190000,"서울특별시 동작구 상도로 295, 2층 202호 (상도1동)",06970,03,폐업,일반미용업,,0,0,0,0
,0,,0,오픈헤어팀,일반미용업,3,1998-09-03,,,,,,2026-05-01 22:32:34,I,02,폐업,,2002-09-04 00:00:00,1997-08-13,27.28,138-210,서울특별시 송파구 장지동 산 112-3,N,,3230000-204-1997-00793,3230000,,,03,폐업,미용업,02-416-6215,0,0,,
0,0,,0,이레헤어염색방,일반미용업,3,2015-02-24,,,,,,2026-05-01 22:34:05,I,02,폐업,0,2014-10-14 12:47:27,2014-10-14,16.50,138-814,서울특별시 송파구 거여동 181-180 지상1층,N,0,3230000-211-2014-00070,3230000,"서울특별시 송파구 마천로44길 24, 지상1층 (거여동)",,03,폐업,일반미용업,,1,,1,
0,0,,0,골드로이뷰티,메이크업업,0,,,,,207373.50021477,445545.656024061,2026-05-01 22:35:47,I,01,영업,0,2025-08-27 13:45:57,2025-08-27,16.87,138-908,서울특별시 송파구 잠실동 19-9 잠실파인애플상가,N,0,3230000-213-2025-00053,3230000,"서울특별시 송파구 올림픽로 119, 잠실파인애플상가 지하1층 A169호 (잠실동)",05501,01,영업/정상,종합미용업,,,,,
0,0,,0,커트클럽,일반미용업,3,2021-10-18,,,,211341.747854916,444947.572159861,2026-05-01 22:34:02,I,02,폐업,,2021-10-18 09:42:34,2013-07-25,30.59,138-856,서울특별시 송파구 오금동 40-10 지상1층,N,,3230000-211-2013-00048,3230000,"서울특별시 송파구 오금로35길 43-4, 지상1층 (오금동)",05659,03,폐업,일반미용업,,1,,1,
0,0,,0,스튜디오 반하다,일반미용업,4,2015-12-31,,,,211248.327401876,443048.799923289,2026-05-01 22:33:54,I,02,폐업,,2014-03-10 17:29:35,2011-05-09,25.00,138-824,서울특별시 송파구 문정동 11-14 지상1층,N,,3230000-211-2011-00005,3230000,"서울특별시 송파구 송이로32길 6, 지상1층 (문정동)",05796,03,폐업,일반미용업,,,,,
2,0,,0,더 이쁨 속눈썹,기타,0,,,,,197024.680847894,442655.772158248,2026-05-01 22:32:17,I,01,영업,0,2019-10-16 11:14:10,2018-01-04,10.00,156-879,서울특별시 동작구 사당동 215-10 1층 102호,N,0,3190000-212-2018-00001,3190000,"서울특별시 동작구 사당로2차길 64, 1층 102호 (사당동)",07030,01,영업/정상,피부미용업,,1,,,
,0,,0,헤어디자이너클럽,일반미용업,10,2000-02-01,,,,198303.527071078,442742.422887932,2026-05-01 22:30:56,I,02,폐업,,2001-08-31 00:00:00,1997-12-30,74.95,156-816,서울특별시 동작구 사당동 136-1 태평백화점 6층호,N,,3190000-204-1997-00310,3190000,,,03,폐업,미용업,02-3478-0124,0,0,0,0
0,3,임대,1,미 헤어클럽,일반미용업,2,2023-05-01,,,,192434.845419468,443710.445366967,2026-05-01 22:31:55,I,02,폐업,,2023-05-01 12:44:28,2012-08-16,19.44,156-850,서울특별시 동작구 신대방동 470-8 한성아파트 상가동 201호,N,,3190000-211-2012-00016,3190000,"서울특별시 동작구 여의대방로10길 13, 상가동 201호 (신대방동, 한성아파트)",07063,03,폐업,일반미용업,02-832-3015,,,,
,3,임대,1,비즈헤어,일반미용업,3,2008-09-24,,,,194625.122879028,445440.650664966,2026-05-01 22:31:35,I,02,폐업,,2007-06-19 00:00:00,2005-07-18,19.14,156-803,서울특별시 동작구 노량진동 240-27,N,,3190000-204-2005-00030,3190000,,,03,폐업,미용업,,1,,1,
,,,,최정임헤어팝,일반미용업,3,2005-04-20,,,,210444.699443,443810.487702017,2026-05-01 22:32:47,I,02,폐업,,2005-04-20 00:00:00,2003-02-27,17.65,138-803,서울특별시 송파구 가락동 83-12 1층,N,,3230000-204-1999-02181,3230000,,,03,폐업,미용업,02-3401-9580,,,,
0,3,,0,루미가넷,네일아트업,0,2020-04-02,,,,208589.363343145,445455.90405262,2026-05-01 22:35:55,I,02,폐업,0,2020-04-02 09:17:06,2019-01-03,19.80,138-721,서울특별시 송파구 잠실동 40-1 롯데월드,N,0,3230000-215-2019-00001,3230000,"서울특별시 송파구 올림픽로 240, 롯데백화점 3층 (잠실동)",05554,03,폐업,네일미용업,,,,,
0,0,,0,레몽,일반미용업,2,,,,,211217.670720993,445018.690131823,2026-05-01 22:35:42,I,01,영업,0,2022-11-21 15:24:43,2022-11-21,29.70,138-856,서울특별시 송파구 오금동 42-9 진성빌딩,N,0,3230000-213-2022-00061,3230000,"서울특별시 송파구 마천로8길 5, 진성빌딩 1층 101호 (오금동)",05659,01,영업/정상,종합미용업,,,,,
0,0,,0,블링블링 헤어,일반미용업,3,2025-05-07,,,,195630.52650964,444187.476901089,2026-05-01 22:31:49,I,02,폐업,,2025-05-07 13:13:26,1999-12-20,26.44,156-836,서울특별시 동작구 상도1동 356-4 1층 102호,N,,3190000-211-1999-00013,3190000,"서울특별시 동작구 상도로47길 7, 1층 102호 (상도1동)",06970,03,폐업,일반미용업,02-813-3872,0,0,0,0
,0,,0,휄포츠미용실,일반미용업,0,1993-11-24,,,,,,2026-05-01 22:30:49,I,02,폐업,,2001-09-29 00:00:00,1991-04-15,.00,156-031,서울특별시 동작구 상도1동 113-1,N,,3190000-204-1991-00693,3190000,,,03,폐업,미용업,02-0817-1780,0,0,0,0
1,0,,0,르 쁘랭땅,일반미용업,2,2024-04-02,,,,208187.623477261,445589.718583334,2026-05-01 22:34:10,I,02,폐업,0,2024-04-02 13:26:19,2015-04-07,13.00,138-916,서울특별시 송파구 잠실동 27-6 지상2층 219호,N,0,3230000-211-2015-00033,3230000,"서울특별시 송파구 올림픽로 203 (잠실동, 지상2층 219호)",05503,03,폐업,일반미용업,,,,,
2,0,,0,코버헤어,기타,3,,,,,207947.706405094,444879.712995408,2026-05-01 22:35:43,I,01,영업,0,2023-07-28 17:25:54,2023-07-28,67.69,138-837,서울특별시 송파구 삼전동 4-3,N,0,3230000-213-2023-00049,3230000,"서울특별시 송파구 백제고분로21길 25, 102호 (삼전동)",05599,01,영업/정상,종합미용업,,,,,
,,,,단발의집,일반미용업,,,,,,210456.529227954,445626.363406429,2026-05-01 22:33:21,I,01,영업,,2005-06-07 00:00:00,2003-02-27,.00,138-830,서울특별시 송파구 방이동 158-9,N,,3230000-211-2003-00017,3230000,서울특별시 송파구 백제고분로50길 42 (방이동),05629,01,영업/정상,일반미용업,02-418-8885,,,,
0,0,,0,40-1,일반미용업,5,2020-06-09,,,,211355.711317276,444995.957357953,2026-05-01 22:36:18,I,02,폐업,,2020-06-09 14:02:07,2012-08-29,51.88,138-856,서울특별시 송파구 오금동 40-1 지상1층,N,,3230000-225-2012-00001,3230000,"서울특별시 송파구 마천로 82, 지상1층 (오금동)",05659,03,폐업,"일반미용업, 네일미용업, 화장ㆍ분장 미용업",02-443-0706,1,,1,
0,1,,0,에이더헤어(AIDER HAIR),일반미용업,2,,,,,207899.153882008,444837.150261655,2026-05-01 22:34:28,I,01,영업,0,2024-02-16 15:20:50,2019-03-25,26.64,138-837,서울특별시 송파구 삼전동 6 대성빌딩,N,0,3230000-211-2019-00024,3230000,"서울특별시 송파구 삼전로10길 6, 대성빌딩 1층 101호 (삼전동)",05606,01,영업/정상,일반미용업,,,,,
,,,,최봉관프로헤어,일반미용업,13,2010-11-12,,,,208589.363343145,445455.90405262,2026-05-01 22:32:30,I,02,폐업,,2005-06-09 00:00:00,2003-02-27,113.16,138-915,서울특별시 송파구 잠실동 40-1 롯데쇼핑몰 2층동 2A-3호,N,,3230000-204-1997-00711,3230000,,,03,폐업,미용업,02-416-2683,,,,
0,0,,0,공간네일 잠실점,네일아트업,6,,,,,207285.647226547,445469.00224568,2026-05-01 22:35:57,I,01,영업,0,2021-11-22 16:29:13,2021-11-22,119.00,138-861,서울특별시 송파구 잠실동 184 서경빌딩,N,0,3230000-215-2021-00027,3230000,"서울특별시 송파구 올림픽로 114, 서경빌딩 3층 (잠실동)",05558,01,영업/정상,네일미용업,,3,,3,
1,0,,0,이플,네일아트업,2,,,,,191691.678396263,442818.113681285,2026-05-01 22:32:44,I,01,영업,1,2023-03-27 15:31:33,2023-03-27,15.39,156-759,서울특별시 동작구 신대방동 719 동작상떼빌아파트 106동 123호,N,0,3190000-218-2023-00001,3190000,"서울특별시 동작구 신대방1가길 38, 106동 123호 (신대방동, 동작상떼빌아파트)",07072,01,영업/정상,"피부미용업, 네일미용업",,,,,
,,,,S 헤어 #,일반미용업,,,,,,208129.908277278,444650.982470867,2026-05-01 22:33:21,I,01,영업,,2018-03-06 09:52:52,2002-02-27,26.40,138-839,서울특별시 송파구 삼전동 99-14 지상1층,N,,3230000-211-2003-00022,3230000,"서울특별시 송파구 백제고분로27길 9, 지상1층 (삼전동)",05605,01,영업/정상,일반미용업,02-417-2004,,,,
,6,임대,1,헤어퍼플,일반미용업,3,2004-03-18,,,,193085.027831371,444746.127625344,2026-05-01 22:31:26,I,02,폐업,,2003-10-29 00:00:00,2003-10-29,17.27,156-810,서울특별시 동작구 대방동 385-22 (101호),N,,3190000-204-2003-00097,3190000,,,03,폐업,미용업,02-817-3173,1,,1,
,0,,0,외출준비미용실,일반미용업,3,2001-06-20,,,,,,2026-05-01 22:30:50,I,02,폐업,,2001-07-26 00:00:00,1992-06-17,15.68,156-817,서울특별시 동작구 사당동 167-4,N,,3190000-204-1992-00633,3190000,,,03,폐업,미용업,02-0532-8447,0,0,0,0
0,0,,0,지아피아(ziapia),일반미용업,2,2022-09-23,,,,196587.030630143,444939.455414947,2026-05-01 22:32:06,I,02,폐업,0,2022-09-23 11:35:24,2021-07-28,19.88,156-070,서울특별시 동작구 흑석동 332 이랜드해가든,N,0,3190000-211-2021-00020,3190000,"서울특별시 동작구 서달로 150, 119호 (흑석동, 이랜드해가든)",06980,03,폐업,일반미용업,,1,,1,
,,,,강복순미용실,일반미용업,6,2007-12-18,,,,208364.261167962,444670.739013547,2026-05-01 22:32:25,I,02,폐업,,2005-08-23 00:00:00,2002-02-27,38.53,138-840,서울특별시 송파구 삼전동 116-12,N,,3230000-204-1995-01720,3230000,,,03,폐업,미용업,02-419-7664,,,,
0,0,임대,0,더 헤어샾(#),일반미용업,2,,,,,195598.808240417,444269.898213021,2026-05-01 22:32:10,I,01,영업,0,2025-09-01 14:02:58,2025-09-01,152.95,156-836,서울특별시 동작구 상도1동 361-1,N,0,3190000-211-2025-00018,3190000,"서울특별시 동작구 상도로45길 13, 지하1층 (상도1동)",06970,01,영업/정상,일반미용업,,,,,
,,,,남정임미용실,일반미용업,4,2003-02-26,,,,,,2026-05-01 22:32:19,I,02,폐업,,2003-03-14 00:00:00,1993-04-03,27.95,138-883,서울특별시 송파구 가락동 479 가락시영상가(라)101호,N,,3230000-204-1993-01246,3230000,,,03,폐업,미용업,02-400-6243,,,,
,,,,정일미용실,일반미용업,3,1997-11-15,,,,,,2026-05-01 22:32:17,I,02,폐업,,2003-02-20 00:00:00,1992-04-21,16.67,138-160,서울특별시 송파구 가락동 000000,N,,3230000-204-1992-00728,3230000,,,03,폐업,미용업,,,,,
0,0,,0,남성컷트,일반미용업,3,,,,,211397.05887319,442378.10381928,2026-05-01 22:34:04,I,01,영업,,2016-03-22 10:38:01,2014-06-27,23.25,138-200,서울특별시 송파구 문정동 97-4 지상1층,N,,3230000-211-2014-00028,3230000,"서울특별시 송파구 새말로 142, 지상1층 (문정동)",05799,01,영업/정상,일반미용업,02-408-1949,1,,1,
0,0,,0,지노헤어 숭실대2호점,일반미용업,8,2024-08-01,,,,195768.273941111,443827.067688907,2026-05-01 22:31:58,I,02,폐업,0,2024-08-01 09:10:22,2016-08-11,102.47,156-030,서울특별시 동작구 상도동 475-8,N,0,3190000-211-2016-00039,3190000,"서울특별시 동작구 상도로 358, 2층 (상도동)",07040,03,폐업,일반미용업,02-812-3493,2,,,
,0,,0,아씨미용실,일반미용업,3,2000-05-23,,,,,,2026-05-01 22:30:47,I,02,폐업,,2000-05-23 00:00:00,1990-09-17,14.85,156-818,서울특별시 동작구 사당동 170-3,N,,3190000-204-1990-00696,3190000,,,03,폐업,미용업,02-0594-9684,0,0,0,0
1,2,,0,엠케이컨디셔닝,피부미용업,1,,,,,211015.043196014,445263.409696985,2026-05-01 22:35:38,I,01,영업,0,2021-05-24 10:05:20,2021-05-24,91.36,138-835,서울특별시 송파구 방이동 206-8 에벤에셀빌딩,N,0,3230000-213-2021-00014,3230000,"서울특별시 송파구 위례성대로18길 31-7, 에벤에셀빌딩 2층 (방이동)",05639,01,영업/정상,종합미용업,,,,,
0,0,,0,네일빈,네일아트업,9,,,,,209711.332736287,444539.164533027,2026-05-01 22:35:42,I,01,영업,0,2023-03-10 11:38:13,2023-03-10,36.09,138-850,서울특별시 송파구 송파동 95-61,N,0,3230000-213-2023-00015,3230000,"서울특별시 송파구 가락로19길 9-5, 1층 101호 (송파동)",05668,01,영업/정상,종합미용업,,,,,
,4,,0,예랑헤어샵,일반미용업,3,2016-10-12,,,,195173.416930025,445112.842985141,2026-05-01 22:31:54,I,02,폐업,,2009-06-18 17:08:22,2009-01-08,34.02,156-813,서울특별시 동작구 노량진동 325-4 신동아리버파크빌 1동 203호,N,,3190000-211-2009-00035,3190000,"서울특별시 동작구 만양로3길 20, 1동 203호 (노량진동,신동아리버파크빌)",06926,03,폐업,일반미용업,02-814-0926,2,,,
0,0,,0,무무 헤어샵,일반미용업,3,,,,,209910.022072737,445119.874831394,2026-05-01 22:34:04,I,01,영업,,2018-03-07 16:12:56,2014-04-17,33.00,138-852,서울특별시 송파구 송파동 138-6 지상1층,N,,3230000-211-2014-00012,3230000,"서울특별시 송파구 백제고분로46길 13, 지상1층 (송파동)",05663,01,영업/정상,일반미용업,02-412-5211,1,,1,
,,,,메인헤어,일반미용업,,2005-08-19,,,,209734.985458156,444734.984512174,2026-05-01 22:32:52,I,02,폐업,,2004-11-18 00:00:00,2003-02-27,.00,138-851,서울특별시 송파구 송파동 108-0 (1층),N,,3230000-204-2000-02341,3230000,,,03,폐업,미용업,02-415-9021,,,,
0,0,,0,앙블리네일,네일아트업,5,2023-03-29,,,,210432.104381789,445272.70186461,2026-05-01 22:35:57,I,02,폐업,0,2023-03-29 14:22:54,2022-05-10,33.00,138-831,서울특별시 송파구 방이동 129-2 시스니빌딩,N,0,3230000-215-2022-00018,3230000,"서울특별시 송파구 가락로36길 8, 시스니빌딩 1층 (방이동)",05644,03,폐업,네일미용업,,,,,
0,1,,0,예가 미장,일반미용업,5,,,,,210758.209466321,445079.956885611,2026-05-01 22:33:57,I,01,영업,,2022-06-02 09:23:16,2011-05-17,72.50,138-836,서울특별시 송파구 방이동 218-36 지상1층,N,,3230000-211-2011-00093,3230000,"서울특별시 송파구 오금로31길 24, 지상1층 (방이동)",05646,01,영업/정상,일반미용업,02-487-7795,,,,
,,,,장민정 헤어 갤러리,일반미용업,8,2009-04-21,,,,209486.793951821,444895.395901482,2026-05-01 22:33:09,I,02,폐업,,2007-04-30 00:00:00,2007-04-30,132.00,138-848,서울특별시 송파구 송파동 19-7 2층,N,,3230000-204-2007-00044,3230000,,,03,폐업,미용업,02-422-4347,2,,2,
,,,,정양희 피부체형관리실,피부미용업,,,,,,194948.721804764,443979.016787126,2026-05-01 22:32:11,I,01,영업,,2022-08-12 13:52:50,2009-06-04,46.74,156-841,서울특별시 동작구 상도동 210-20,N,,3190000-212-2009-00008,3190000,"서울특별시 동작구 양녕로 188, 2층 (상도동)",07037,01,영업/정상,피부미용업,02-815-9893,,,,
0,0,,0,김진헤어라인,일반미용업,6,2010-10-15,,,,194963.274671696,444866.845573417,2026-05-01 22:31:54,I,02,폐업,,2010-06-21 15:53:45,2010-06-21,46.21,156-030,서울특별시 동작구 상도동 527 브라운스톤 상가동 B202호,N,,3190000-211-2010-00006,3190000,,,03,폐업,일반미용업,02-823-7688,2,,,
0,1,,0,개성연출,일반미용업,4,,,,,210443.715454354,443923.223178749,2026-05-01 22:33:56,I,01,영업,,2014-09-03 17:16:10,2011-04-07,42.90,138-804,서울특별시 송파구 가락동 91-3 101호,N,,3230000-211-2011-00066,3230000,"서울특별시 송파구 중대로9길 45-6, 101호 (가락동)",05711,01,영업/정상,일반미용업,02-449-1145,,,,
5,0,임대,0,웰빙피부,피부미용업,6,,,,,207326.323413542,445288.959242287,2026-05-01 22:35:22,I,01,영업,0,2021-08-12 17:29:12,2020-04-23,95.95,138-862,서울특별시 송파구 잠실동 205-12,N,0,3230000-212-2020-00009,3230000,"서울특별시 송파구 백제고분로9길 42, 3층 (잠실동)",05559,01,영업/정상,피부미용업,,3,,3,
0,0,,0,지은샵(#),일반미용업,2,2023-11-24,,,,193770.503752673,444274.42823733,2026-05-01 22:32:01,I,02,폐업,0,2023-11-24 10:07:05,2017-10-12,12.41,156-839,서울특별시 동작구 상도동 333-2 1층,N,0,3190000-211-2017-00052,3190000,"서울특별시 동작구 상도로13길 7, 1층 (상도동)",06953,03,폐업,일반미용업,,1,,,
,4,,,헤어보그,일반미용업,8,2012-06-08,,,,207278.407031715,445252.269552012,2026-05-01 22:33:01,I,02,폐업,,2009-02-13 14:48:00,2004-01-28,59.40,138-862,서울특별시 송파구 잠실동 204-12,N,,3230000-204-2004-00010,3230000,,,03,폐업,미용업,02-2203-3883,1,,1,
,,,,월드신세대미용실,일반미용업,6,,,,,208187.623477261,445589.718583334,2026-05-01 22:33:27,I,01,영업,,2016-08-24 09:40:41,2005-08-23,33.00,138-916,서울특별시 송파구 잠실동 27-6,N,,3230000-211-2005-00017,3230000,"서울특별시 송파구 올림픽로 203, 218호 (잠실동, 중앙상가)",05503,01,영업/정상,일반미용업,02-412-3324,,,,
0,0,임대,0,미인미장,일반미용업,4,2026-04-30,,,,208465.708194437,425532.414218227,2026-05-01 03:03:03,U,02,폐업,,2026-04-30 15:19:40,2005-05-10,33.75,448-552,경기도 용인시 수지구 풍덕천동 664 풍림상가(분산) -동 5호,N,,5640000-211-2005-00013,4050000,"경기도 용인시 수지구 문인로 59 (풍덕천동, 풍림상가(분산) 5호)",16830,03,폐업,일반미용업,031-265-8223,1,0,1,0
,,,,파브릴 헤어,일반미용업,,2022-02-11,,,,209326.063497765,444305.283667235,2026-05-01 22:36:06,I,02,폐업,,2022-02-11 14:12:10,2002-02-27,49.50,138-846,서울특별시 송파구 석촌동 272-11 1층,N,,3230000-217-2002-00001,3230000,"서울특별시 송파구 가락로 91 (석촌동,1층)",05688,03,폐업,"일반미용업, 네일미용업",02-3431-5025,,,,
0,0,,0,뷰티크리스탈,일반미용업,2,2016-10-13,,,,208057.918833864,444979.321291429,2026-05-01 22:34:01,I,02,폐업,,2014-09-04 14:23:28,2012-09-25,44.20,138-837,서울특별시 송파구 삼전동 22-19 지상2층 35~37호,N,,3230000-211-2012-00070,3230000,"서울특별시 송파구 석촌호수로 134, 지상2층 35~37호 (삼전동)",05600,03,폐업,일반미용업,02-415-8778,2,,2,
,,,,에스더피부삽,일반미용업,,2005-10-10,,,,208914.341427133,444793.551068457,2026-05-01 22:32:55,I,02,폐업,,2003-06-13 00:00:00,2002-02-27,.00,138-843,서울특별시 송파구 석촌동 154-5,N,,3230000-204-2003-00025,3230000,,,03,폐업,미용업,02-2202-9661,,,,
,0,,0,깍세헤어팀,일반미용업,6,2000-11-12,,,,,,2026-05-01 22:30:56,I,02,폐업,,2000-11-15 00:00:00,1997-06-11,59.50,156-030,서울특별시 동작구 상도동 산 112-10,N,,3190000-204-1997-00347,3190000,,,03,폐업,미용업,02-536-3252,0,0,0,0
0,0,,0,헤어정원,일반미용업,2,2018-11-23,,,,197646.807752519,441621.408468674,2026-05-01 22:31:58,I,02,폐업,0,2018-11-23 10:15:18,2016-11-17,17.00,156-827,서울특별시 동작구 사당동 1049-19,N,0,3190000-211-2016-00054,3190000,"서울특별시 동작구 남부순환로259가길 32, 1층 102호 (사당동)",07023,03,폐업,일반미용업,,1,,,
,,,,뉴스킨미용실,일반미용업,4,,,,,213434.207884909,443637.312391987,2026-05-01 22:33:18,I,01,영업,,2014-07-28 15:32:53,2003-02-27,26.55,138-820,서울특별시 송파구 마천동 183-48,N,,3230000-211-1994-00004,3230000,서울특별시 송파구 마천로57길 12-1 (마천동),05759,01,영업/정상,일반미용업,02-3401-5725,,,,
1,0,임대,0,리브레,일반미용업,4,,,,,212923.58984334,443444.653125726,2026-05-01 22:36:19,I,01,영업,0,2023-07-07 09:49:07,2020-05-20,70.41,138-814,서울특별시 송파구 거여동 36-2,N,0,3230000-225-2020-00009,3230000,"서울특별시 송파구 오금로 523, 1층 (거여동)",05768,01,영업/정상,"일반미용업, 네일미용업, 화장ㆍ분장 미용업",,1,,1,
2,0,,0,김미 더 스킨,피부미용업,0,2020-09-23,,,,195245.74708161,444617.606218894,2026-05-01 22:32:14,I,02,폐업,,2020-09-23 11:22:04,2014-05-12,24.86,156-831,서울특별시 동작구 상도동 34-31,N,,3190000-212-2014-00010,3190000,"서울특별시 동작구 상도로 262-1, 2층 (상도동)",06965,03,폐업,피부미용업,,1,,1,
1,0,,0,라인409,피부미용업,1,,,,,207370.752606056,445426.25322676,2026-05-01 22:35:28,I,01,영업,0,2025-01-09 16:08:03,2025-01-08,23.32,138-861,서울특별시 송파구 잠실동 183-4,N,0,3230000-212-2025-00001,3230000,"서울특별시 송파구 백제고분로7길 49, 409호 (잠실동)",05558,01,영업/정상,피부미용업,,,,,
2,0,,0,니즈뷰티스튜디오,메이크업업,2,,,,,193394.538706062,444040.843567772,2026-05-01 22:32:28,I,01,영업,0,2022-10-19 15:28:42,2022-10-19,19.40,156-855,서울특별시 동작구 신대방동 724 보라매자이 더 포레스트,N,0,3190000-213-2022-00008,3190000,"서울특별시 동작구 여의대방로22길 121, 상가 1층 1435호 (신대방동, 보라매자이 더 포레스트)",07056,01,영업/정상,종합미용업,,,,,
0,7,임대,2,네일앤제이,네일아트업,3,,,,,198000.205121977,442005.005582981,2026-05-01 22:32:38,I,01,영업,0,2021-04-30 13:14:10,2019-06-18,22.51,156-825,서울특별시 동작구 사당동 1026-5 에벤에셀,N,0,3190000-215-2019-00017,3190000,"서울특별시 동작구 사당로26길 81, 에벤에셀 1층 101호 (사당동)",07015,01,영업/정상,네일미용업,,2,,2,
2,0,임대,0,엘라뷰티,피부미용업,4,,,,,212609.377447603,441586.029967716,2026-05-01 22:36:05,I,01,영업,0,2022-12-12 12:58:48,2021-06-08,27.46,138-926,서울특별시 송파구 장지동 895 송파와이즈더샵,N,0,3230000-216-2021-00002,3230000,"서울특별시 송파구 위례광장로 270, 2층 G226호 (장지동, 송파와이즈더샵)",05852,01,영업/정상,"일반미용업, 피부미용업",,2,,2,
7,0,,0,연화 내츄럴 휴,피부미용업,7,2015-09-16,,,,191691.678396263,442818.113681285,2026-05-01 22:32:13,I,02,폐업,,2014-09-26 09:33:48,2011-11-16,38.60,156-759,서울특별시 동작구 신대방동 719 동작상떼빌 105동 204호,N,,3190000-212-2011-00018,3190000,"서울특별시 동작구 신대방1가길 38 (신대방동, 동작상떼빌 105동 204호)",07072,03,폐업,피부미용업,02-862-7377,,1,,
7,0,,0,퍼플 테라피,피부미용업,7,,,,,209187.033753851,444846.40967291,2026-05-01 22:35:24,I,01,영업,0,2023-03-15 15:18:11,2021-08-12,129.00,138-844,서울특별시 송파구 석촌동 177-6 석촌빌딩,N,0,3230000-212-2021-00020,3230000,"서울특별시 송파구 백제고분로39길 16, 석촌빌딩 지하1층 (석촌동)",05616,01,영업/정상,피부미용업,,,1,,1
,0,,0,진주,일반미용업,0,1996-08-07,,,,192091.00859875,442853.884809596,2026-05-01 22:30:44,I,02,폐업,,2001-09-29 00:00:00,1986-04-26,.00,156-854,서울특별시 동작구 신대방동 691-31,N,,3190000-204-1986-01028,3190000,,,03,폐업,미용업,02-842-4544,0,0,0,0
,,,,얼큰공주헤어,일반미용업,7,2013-08-21,,,,211259.909777857,443711.702922024,2026-05-01 22:32:36,I,02,폐업,,2012-11-23 14:25:04,2003-02-27,53.71,138-808,서울특별시 송파구 가락동 140 쌍용프라자 303호,N,,3230000-204-1997-00879,3230000,"서울특별시 송파구 동남로 189, 지상3층 303호 (가락동, 쌍용프라자)",05823,03,폐업,미용업,02-403-4655,,,,
2,0,임대,0,미드림,피부미용업,2,2021-10-08,,,,209682.95251841,445227.268612888,2026-05-01 22:35:19,I,02,폐업,0,2021-10-08 14:01:52,2019-10-29,16.00,138-849,서울특별시 송파구 송파동 45-5,N,0,3230000-212-2019-00036,3230000,"서울특별시 송파구 백제고분로45길 7, 2층 201호 (송파동)",05621,03,폐업,피부미용업,,,,,
,5,,1,미스터준,일반미용업,4,2006-10-17,,,,198290.855270233,443180.119099334,2026-05-01 22:31:29,I,02,폐업,,2004-12-08 00:00:00,2004-08-05,26.57,156-814,서울특별시 동작구 사당동 72-14,N,,3190000-204-2004-00036,3190000,,,03,폐업,미용업,,1,,1,
,0,,0,이화,일반미용업,3,2000-07-15,,,,,,2026-05-01 22:32:04,I,02,폐업,,2000-08-09 00:00:00,1984-12-06,20.16,138-210,서울특별시 송파구 장지동 산 22-20,N,,3230000-204-1984-01727,3230000,,,03,폐업,미용업,02-0417-1284,0,0,,
,,,,샤벨헤어라인,일반미용업,3,2010-07-16,,,,212545.216105,443430.671258211,2026-05-01 22:32:16,I,02,폐업,,2005-06-10 00:00:00,2003-02-27,19.52,138-816,서울특별시 송파구 거여동 561-8,N,,3230000-204-1991-01576,3230000,,,03,폐업,미용업,02-443-4408,,,,
0,3,,0,헤어매니아,일반미용업,3,2019-08-27,,,,193492.703065773,443669.166229788,2026-05-01 22:31:54,I,02,폐업,,2019-08-27 13:23:47,2010-05-11,39.57,156-847,서울특별시 동작구 신대방동 344-41,N,,3190000-211-2010-00013,3190000,서울특별시 동작구 보라매로 65 (신대방동),07061,03,폐업,일반미용업,02-813-9161,1,,,
0,0,,0,아름다운 여신,일반미용업,2,2020-04-03,,,,197891.763935322,442287.915036513,2026-05-01 22:32:04,I,02,폐업,0,2020-04-03 15:16:42,2019-07-29,36.54,156-824,서울특별시 동작구 사당동 1012-1 대성빌딩,N,0,3190000-211-2019-00032,3190000,"서울특별시 동작구 사당로22길 15, 대성빌딩 101호 (사당동)",07012,03,폐업,일반미용업,,,,,
,,,,영미용실,일반미용업,3,2007-04-03,,,,194535.229116555,445214.576848555,2026-05-01 22:30:56,I,02,폐업,,2004-12-07 00:00:00,1996-04-25,17.92,156-806,서울특별시 동작구 노량진동 305-7,N,,3190000-204-1996-01441,3190000,,,03,폐업,미용업,02-817-4496,,,,
,0,,0,롯데에스테틱싸롱,일반미용업,15,2002-02-26,,,,,,2026-05-01 22:32:08,I,02,폐업,,2002-03-09 00:00:00,1988-11-11,267.19,138-210,서울특별시 송파구 장지동 산 40-1,N,,3230000-204-1988-01101,3230000,,,03,폐업,미용업,02-411-6951,0,0,,
3,0,,0,STC코스메틱,피부미용업,0,2018-12-06,,,,191831.580904689,443027.437353308,2026-05-01 22:32:13,I,02,폐업,,2018-12-06 13:30:34,2012-05-21,31.24,156-855,서울특별시 동작구 신대방동 712 경남아너스빌 상가동 101호,N,,3190000-212-2012-00010,3190000,"서울특별시 동작구 신대방길 85, 101호 (신대방동, 경남아너스빌)",07069,03,폐업,피부미용업,070-7755-9885,1,,1,
0,0,임대,0,테일러맨즈헤어,일반미용업,3,2025-07-25,,,,198193.017181384,442578.255531679,2026-05-01 22:31:54,I,02,폐업,,2025-07-25 13:17:36,2010-11-29,49.25,156-816,서울특별시 동작구 사당동 144-14 이수빌딩,N,,3190000-211-2010-00036,3190000,"서울특별시 동작구 동작대로25길 39, 이수빌딩 2층 (사당동)",07008,03,폐업,일반미용업,031-225-9252,2,,2,
0,0,,0,뷰티에스(Beauty S),네일아트업,3,2024-12-31,,,,193810.01277159,445610.160717686,2026-05-01 22:32:39,I,02,폐업,1,2024-12-31 13:21:40,2022-01-14,46.45,156-811,서울특별시 동작구 대방동 502 대방동현대아파트현대종합상가,N,0,3190000-215-2022-00002,3190000,"서울특별시 동작구 노량진로 48, 대방동현대아파트현대종합상가 나동 203호 (대방동)",06940,03,폐업,네일미용업,,2,,2,
0,0,,0,에스(S)에비뉴,일반미용업,2,,,,,198161.292479758,443614.335996111,2026-05-01 22:31:58,I,01,영업,0,2020-07-16 14:26:54,2016-06-13,24.00,156-080,서울특별시 동작구 동작동 333,N,0,3190000-211-2016-00032,3190000,"서울특별시 동작구 동작대로39길 22, 1층 109호 (동작동)",06993,01,영업/정상,일반미용업,,,,,
0,0,,0,윤헤어샵,일반미용업,2,,,,,192118.051293046,442842.620127431,2026-05-01 22:32:03,I,01,영업,0,2018-05-31 13:28:07,2018-05-31,26.40,156-854,서울특별시 동작구 신대방동 692-49,N,0,3190000-211-2018-00025,3190000,"서울특별시 동작구 신대방3길 3, 1층 101호 (신대방동)",07070,01,영업/정상,일반미용업,,,,,
0,0,,0,봄 헤어,일반미용업,6,,,,,207553.918225133,445383.338011122,2026-05-01 22:34:28,I,01,영업,0,2020-10-12 15:27:46,2019-04-01,36.85,138-915,서울특별시 송파구 잠실동 35-2 트리지움,N,0,3230000-211-2019-00025,3230000,"서울특별시 송파구 석촌호수로 61, 트리지움 지하1층 106호 (잠실동)",05555,01,영업/정상,일반미용업,,,,,
0,0,,0,네일 더 기쁨,일반미용업,4,2018-07-31,,,,210516.191915095,441996.227705236,2026-05-01 22:35:33,I,02,폐업,0,2018-07-31 14:12:57,2014-12-12,29.99,138-888,서울특별시 송파구 문정동 622 한화오벨리스크 A동 지상2층 235호,N,0,3230000-213-2014-00007,3230000,"서울특별시 송파구 충민로 5 (문정동, 한화오벨리스크 A동 지상2층 235호)",05841,03,폐업,종합미용업,02-403-4142,,,,
,0,,0,이정은미용실,일반미용업,3,2000-10-24,,,,198336.0155892,443155.132990847,2026-05-01 22:30:42,I,02,폐업,,2000-10-24 00:00:00,1982-10-25,.00,156-815,서울특별시 동작구 사당동 79-22,N,,3190000-204-1982-00970,3190000,,,03,폐업,미용업,02-533-9471,0,0,0,0
7,0,,0,라보아(LABOA),피부미용업,7,,,,,211802.518980374,443982.241438404,2026-05-01 22:35:03,I,01,영업,0,2025-06-05 09:36:02,2015-07-23,140.47,138-810,"서울특별시 송파구 가락동 166-2 지상2층 202,203,204호",N,0,3230000-212-2015-00035,3230000,"서울특별시 송파구 오금로 396 (가락동, 지상2층 202,203,204호)",05769,01,영업/정상,피부미용업,02-407-1580,2,,2,
,0,,0,영미용실,일반미용업,10,2001-06-20,,,,194617.377723203,444699.538959083,2026-05-01 22:30:46,I,02,폐업,,2001-07-24 00:00:00,1988-09-10,84.66,156-832,서울특별시 동작구 상도동 179-15,N,,3190000-204-1988-00849,3190000,,,03,폐업,미용업,02-0812-2622,0,0,0,0
1,0,,0,스튜디오 준,메이크업업,1,2025-09-26,,,,,,2026-05-01 22:36:11,I,02,폐업,0,2025-09-26 17:11:31,2021-02-08,30.00,138-888,서울특별시 송파구 문정동 652-2 문정 오벨리스크,N,0,3230000-219-2021-00002,3230000,"서울특별시 송파구 송파대로 145, 문정 오벨리스크 상가 3층 321호 (문정동)",05855,03,폐업,화장ㆍ분장 미용업,,,,,
,,,,리안,일반미용업,4,,,,,195016.467793069,445570.518332206,2026-05-01 22:31:49,I,01,영업,,2020-11-08 12:08:57,1997-11-03,146.22,156-801,서울특별시 동작구 노량진동 118-5,N,,3190000-211-1997-00008,3190000,"서울특별시 동작구 만양로 100, 2층 1호 (노량진동)",06913,01,영업/정상,일반미용업,02-814-7744,,,,
,,,,평강공주,일반미용업,2,2021-01-22,,,,191883.069816087,443085.276981134,2026-05-01 22:31:50,I,02,폐업,,2021-01-22 16:04:27,2003-01-14,15.00,156-852,서울특별시 동작구 신대방동 591-10,N,,3190000-211-2003-00009,3190000,서울특별시 동작구 신대방길 98 (신대방동),07068,03,폐업,일반미용업,02-833-8990,,,,
,0,,0,글라라헤어라인,일반미용업,3,2003-02-26,,,,191934.916129397,443095.997321896,2026-05-01 22:30:49,I,02,폐업,,2003-02-26 00:00:00,1991-07-13,"1,505.00",156-852,서울특별시 동작구 신대방동 591-31,N,,3190000-204-1991-01406,3190000,,,03,폐업,미용업,02-843-7029,0,0,0,0
0,0,,0,헤어마들,일반미용업,3,,,,,210575.643898867,448183.173253413,2026-05-01 22:34:01,I,01,영업,,2018-03-09 10:48:46,2013-05-21,30.00,138-873,서울특별시 송파구 풍납동 152-59 지상1층 102호,N,,3230000-211-2013-00011,3230000,"서울특별시 송파구 풍성로25다길 5, 지상1층 (풍납동)",05521,01,영업/정상,일반미용업,02-476-5518,1,,1,
0,0,,0,리즈헤어,일반미용업,4,2020-01-28,,,,210360.134332556,448415.993688122,2026-05-01 22:33:56,I,02,폐업,,2020-01-28 12:22:32,2011-04-06,29.70,138-872,서울특별시 송파구 풍납동 88-53 지상1층,N,,3230000-211-2011-00065,3230000,"서울특별시 송파구 바람드리길 19, 지상1층 (풍납동)",05513,03,폐업,일반미용업,02-485-2919,,,,
,0,,0,최,일반미용업,0,1999-03-25,,,,197979.370068669,442049.343302044,2026-05-01 22:30:50,I,02,폐업,,1999-03-27 00:00:00,1992-07-11,.00,156-825,서울특별시 동작구 사당동 1025-3,N,,3190000-204-1992-00608,3190000,,,03,폐업,미용업,02-0523-3810,0,0,0,0
,,,,웨딩의전당 그랜드홀.부페 미용실,일반미용업,3,2014-04-30,,,,198289.039514074,442211.512440311,2026-05-01 22:30:56,I,02,폐업,,2009-04-27 10:49:14,1996-04-04,43.61,156-824,서울특별시 동작구 사당동 1008-22,N,,3190000-204-1996-00424,3190000,서울특별시 동작구 동작대로 59 (사당동),07014,03,폐업,미용업,02-525-3388,,,,
3,0,,0,미인 피부샵,피부미용업,2,,,,,210774.49,443511.305,2026-05-01 22:35:03,I,01,영업,0,2015-11-17 14:16:59,2015-11-17,45.00,138-806,서울특별시 송파구 가락동 113-5 103호,N,0,3230000-212-2015-00052,3230000,"서울특별시 송파구 중대로10길 5-18, 103호 (가락동)",05829,01,영업/정상,피부미용업,,,,,
4,0,,0,민에스테틱,피부미용업,0,,,,,193279.599095483,443230.418234155,2026-05-01 22:32:19,I,01,영업,1,2022-05-09 16:36:07,2022-05-09,43.00,156-855,서울특별시 동작구 신대방동 708 해태보라매타워,N,0,3190000-212-2022-00013,3190000,"서울특별시 동작구 보라매로3길 29, 3층 5호 (신대방동, 해태보라매타워)",07071,01,영업/정상,피부미용업,,,,,
2,0,,0,다솜 피부관리,피부미용업,1,,,,,212711.714410254,443202.356789327,2026-05-01 22:34:56,I,01,영업,,2018-03-07 14:45:06,2014-07-18,20.44,138-110,서울특별시 송파구 거여동 290 미주상가 211-2호,N,,3230000-212-2014-00027,3230000,"서울특별시 송파구 양산로8길 4, 211-2호 (거여동, 미주상가)",05779,01,영업/정상,피부미용업,,2,,2,
,,,,박미영헤어시티,일반미용업,3,2011-11-17,,,,194238.380301983,445491.703604627,2026-05-01 22:31:10,I,02,폐업,,2004-10-25 00:00:00,2001-12-21,18.38,156-804,서울특별시 동작구 노량진동 274-4,N,,3190000-204-2001-01593,3190000,,,03,폐업,미용업,02-825-9968,1,,1,
0,0,,0,오땡큐,일반미용업,2,,,,,210713.139578491,443957.067017918,2026-05-01 22:34:22,I,01,영업,0,2018-03-06 17:28:12,2017-08-02,19.80,138-802,서울특별시 송파구 가락동 52-5,N,0,3230000-211-2017-00062,3230000,"서울특별시 송파구 송이로21길 33-25, 1층 (가락동)",05714,01,영업/정상,일반미용업,,1,,1,
2,0,,0,눈썹;꽃피우다(Blooming brow),메이크업업,6,2023-08-08,,,,209297.749673147,444831.474443658,2026-05-01 22:36:16,I,02,폐업,0,2023-08-08 13:59:39,2022-11-07,37.35,138-844,서울특별시 송파구 석촌동 175-12,N,0,3230000-221-2022-00003,3230000,"서울특별시 송파구 백제고분로39길 10-20, 2층 202호 (석촌동)",05616,03,폐업,"피부미용업, 화장ㆍ분장 미용업",,,,,
,,,,짤라조,일반미용업,,2006-07-20,,,,207292.259649296,445180.430154254,2026-05-01 22:32:58,I,02,폐업,,2003-06-12 00:00:00,2003-02-27,.00,138-862,서울특별시 송파구 잠실동 204-6,N,,3230000-204-2003-00208,3230000,,,03,폐업,미용업,02-420-7485,,,,
0,0,,0,별빛오름,일반미용업,6,,,,,194657.391323495,445150.743087466,2026-05-01 22:32:03,I,01,영업,0,2020-01-13 11:47:29,2018-06-14,129.15,156-803,서울특별시 동작구 노량진동 231-111,N,0,3190000-211-2018-00027,3190000,"서울특별시 동작구 장승배기로 124, 1층 (노량진동)",06924,01,영업/정상,일반미용업,02-813-0926,,,,
,0,,0,정림,일반미용업,3,2000-11-03,,,,211177.345056779,443385.431698612,2026-05-01 22:32:11,I,02,폐업,,2003-01-16 00:00:00,1989-12-12,19.11,138-807,서울특별시 송파구 가락동 136-8,N,,3230000-204-1989-01159,3230000,,,03,폐업,미용업,,0,0,,
,0,,0,우리,일반미용업,3,1998-06-26,,,,,,2026-05-01 22:32:05,I,02,폐업,,2002-09-04 00:00:00,1985-10-08,18.63,138-210,서울특별시 송파구 장지동 산 9-20,N,,3230000-204-1985-01630,3230000,,,03,폐업,미용업,02-0000-0000,0,0,,
,4,임대,1,전미경 헤어터치,일반미용업,3,2008-06-23,,,,211182.7,442385.99,2026-05-01 22:33:07,I,02,폐업,,2006-01-25 00:00:00,2006-01-24,27.00,138-200,서울특별시 송파구 문정동 88-7,N,,3230000-204-2006-00011,3230000,,,03,폐업,미용업,02-3401-3327,1,,1,
0,0,,0,미남미녀헤어,일반미용업,3,,,,,213345.694092254,443852.432838869,2026-05-01 22:34:02,I,01,영업,,2016-04-25 15:45:02,2013-03-12,33.00,138-820,서울특별시 송파구 마천동 178-76,N,,3230000-211-2013-00025,3230000,"서울특별시 송파구 거마로22길 48, 지상1층 (마천동)",05757,01,영업/정상,일반미용업,070-8151-9818,1,,1,
,,임대,,찰리헤어락,일반미용업,5,2008-05-09,,,,211572.761908099,443645.7257281,2026-05-01 22:33:09,I,02,폐업,,2007-01-08 00:00:00,2007-01-08,34.00,138-812,서울특별시 송파구 가락동 194 외1필지,N,,3230000-204-2007-00001,3230000,,,03,폐업,미용업,02-448-8277,1,,1,
0,0,,1,감성네일,네일아트업,4,2021-12-13,,,,207314.672180818,445065.918306327,2026-05-01 22:35:57,I,02,폐업,0,2021-12-13 10:56:31,2021-06-28,21.00,138-863,서울특별시 송파구 잠실동 214-14,N,0,3230000-215-2021-00018,3230000,"서울특별시 송파구 올림픽로12길 42-1, 1층 (잠실동)",05569,03,폐업,네일미용업,,,,,
0,0,,0,바비헤어,일반미용업,3,,,,,193394.538706062,444040.843567772,2026-05-01 22:32:07,I,01,영업,1,2022-07-25 11:55:08,2022-07-25,33.00,156-855,서울특별시 동작구 신대방동 724 보라매자이 더 포레스트,N,0,3190000-211-2022-00018,3190000,"서울특별시 동작구 여의대방로22길 121, 제상가동 제1층 제1456호 (신대방동, 보라매자이 더 포레스트)",07056,01,영업/정상,일반미용업,,,,,
,,,,까끄리헤어클럽,일반미용업,,2003-02-26,,,,,,2026-05-01 22:32:50,I,02,폐업,,2003-03-17 00:00:00,2000-06-26,.00,138-210,서울특별시 송파구 장지동 산 11-9 한신코아142호,N,,3230000-204-2000-02260,3230000,,,03,폐업,미용업,02-412-6033,,,,
,0,,0,새바람헤어뉴스,일반미용업,6,2000-08-31,,,,,,2026-05-01 22:32:28,I,02,폐업,,2000-10-11 00:00:00,1996-12-11,33.61,138-210,서울특별시 송파구 장지동 산 89-7,N,,3230000-204-1996-01378,3230000,,,03,폐업,미용업,02-423-5943,0,0,,
,3,,,에이바헤어 흑석역점,일반미용업,4,,,,,196962.276794553,444958.017661821,2026-05-01 22:31:51,I,01,영업,,2023-06-22 10:51:01,2004-05-03,101.68,156-857,서울특별시 동작구 흑석동 43-4,N,,3190000-211-2004-00013,3190000,"서울특별시 동작구 현충로 118, 1층 (흑석동)",06979,01,영업/정상,일반미용업,02-817-9070,3,,3,
,,,,21세기미용실,일반미용업,5,,,,,197006.752409975,445072.723413572,2026-05-01 22:31:47,I,01,영업,,2020-06-05 13:42:30,1989-05-16,25.92,156-877,서울특별시 동작구 흑석동 10-0,N,,3190000-211-1989-00007,3190000,"서울특별시 동작구 현충로 105, 상가A동 1층 8호 (흑석동, 명수대상가)",06904,01,영업/정상,일반미용업,02-0816-7033,,,,
1,0,,0,현테라피,피부미용업,0,2023-07-06,,,,197567.779459877,442485.243393125,2026-05-01 22:32:19,I,02,폐업,1,2023-07-06 10:02:08,2022-01-20,45.64,156-819,서울특별시 동작구 사당동 256,N,0,3190000-212-2022-00001,3190000,"서울특별시 동작구 사당로17다길 5, 2층 201호 (사당동)",07004,03,폐업,피부미용업,,2,,2,
0,0,임대,0,보경 미장원,일반미용업,3,,,,,211912.869232269,443738.240513833,2026-05-01 22:33:52,I,01,영업,,2020-07-13 14:16:56,2010-06-11,33.00,138-811,서울특별시 송파구 가락동 175-4,N,,3230000-211-2010-00048,3230000,서울특별시 송파구 오금로46길 17 (가락동),05770,01,영업/정상,일반미용업,070-8162-5431,1,,1,
2,0,,0,DT.JK 코스메틱,피부미용업,2,2022-09-07,,,,210657.024580332,444667.864970738,2026-05-01 22:35:25,I,02,폐업,0,2022-09-07 11:30:59,2022-06-09,28.91,138-853,서울특별시 송파구 송파동 166 가락삼익맨숀,N,0,3230000-212-2022-00026,3230000,"서울특별시 송파구 오금로32길 5, 상가동 207호 (송파동, 가락삼익맨숀)",05673,03,폐업,피부미용업,,,,,
1,0,,0,하늘 스킨 앤 바디,피부미용업,1,2023-04-12,,,,211619.368009793,445963.384875409,2026-05-01 22:35:13,I,02,폐업,0,2023-04-12 10:43:36,2017-11-08,20.00,138-829,서울특별시 송파구 방이동 89-11 올림픽프라자,N,0,3230000-212-2017-00044,3230000,"서울특별시 송파구 양재대로 1222, 2층 13호 (방이동, 올림픽선수기자촌아파트 중심상가)",05648,03,폐업,피부미용업,,2,,2,
4,0,임대,0,비타민 피부,피부미용업,4,2010-12-06,,,,210473.897556514,443684.623119847,2026-05-01 22:34:44,I,02,폐업,,2010-10-14 09:57:32,2010-10-14,82.00,138-803,서울특별시 송파구 가락동 82-3,N,,3230000-212-2010-00075,3230000,,,03,폐업,피부미용업,,3,,3,
2,0,,0,스마일앤,피부미용업,4,2026-04-21,,,,212731.989988641,443337.388985282,2026-05-01 22:35:42,I,02,폐업,0,2026-04-21 15:07:24,2023-01-20,62.56,138-815,서울특별시 송파구 거여동 566-5,N,0,3230000-213-2023-00002,3230000,"서울특별시 송파구 양산로 38-11, 1동 201호 (거여동)",05773,03,폐업,종합미용업,,0,0,0,0
,,,,우리미용실,일반미용업,3,,,,,193873.645459566,443758.058949829,2026-05-01 22:31:49,I,01,영업,,2020-07-16 14:47:29,1999-03-10,24.42,156-844,서울특별시 동작구 상도동 294-51,N,,3190000-211-1999-00005,3190000,서울특별시 동작구 국사봉길 91 (상도동),07043,01,영업/정상,일반미용업,02-815-9659,,,,
,4,임대,,헤라헤어,일반미용업,8,2018-10-31,,,,193081.588981634,444669.447925795,2026-05-01 22:32:52,I,02,폐업,,2018-10-31 13:08:59,2000-10-27,73.98,156-810,서울특별시 동작구 대방동 385-12,N,,3190000-225-2000-00001,3190000,서울특별시 동작구 여의대방로36길 5 (대방동),06945,03,폐업,"일반미용업, 네일미용업, 화장ㆍ분장 미용업",02-825-5940,1,,1,
,0,,0,오은미용실,일반미용업,4,2000-08-31,,,,211892.92632743,443372.162498357,2026-05-01 22:32:43,I,02,폐업,,2003-01-24 00:00:00,1999-03-22,27.30,138-812,서울특별시 송파구 가락동 180-11 1층,N,,3230000-204-1999-02120,3230000,,,03,폐업,미용업,02-431-9141,0,0,,
3,4,임대,0,아이뽀 피부,피부미용업,3,2023-09-27,,,,211926.298440607,443727.836678816,2026-05-01 22:35:07,I,02,폐업,1,2023-09-27 16:43:31,2016-02-18,35.28,138-811,서울특별시 송파구 가락동 175-24,N,0,3230000-212-2016-00065,3230000,"서울특별시 송파구 오금로48길 18, 1층 101호 (가락동)",05770,03,폐업,피부미용업,031-766-3696,1,,,
,0,,0,원헤어라인,일반미용업,3,2001-10-23,,,,,,2026-05-01 22:30:56,I,02,폐업,,2001-10-31 00:00:00,1996-04-23,18.64,156-868,서울특별시 동작구 상도동 362-4,N,,3190000-204-1996-00428,3190000,,,03,폐업,미용업,02-824-2906,0,0,0,0
,,,,리즈헤어,일반미용업,,2020-12-24,,,,210142.71106049,445778.995354803,2026-05-01 22:33:58,I,02,폐업,,2020-12-24 10:31:48,2012-03-16,.00,138-832,서울특별시 송파구 방이동 151 1층,N,,3230000-211-2012-00007,3230000,"서울특별시 송파구 백제고분로50길 6, 1층 (방이동)",05630,03,폐업,일반미용업,,,,,
2,0,,0,예술인 미용실,일반미용업,3,2020-01-14,,,,197794.427238357,441616.77006268,2026-05-01 22:32:42,I,02,폐업,0,2020-01-14 13:37:21,2019-09-09,88.94,156-827,서울특별시 동작구 사당동 1047-31,N,0,3190000-216-2019-00002,3190000,"서울특별시 동작구 남부순환로 2043, 2층 (사당동)",07024,03,폐업,"일반미용업, 피부미용업",02-598-1118,,,,
,0,,0,신세대미용실,일반미용업,3,1997-03-31,,,,,,2026-05-01 22:32:23,I,02,폐업,,2002-09-04 00:00:00,1995-07-29,16.60,138-210,서울특별시 송파구 장지동 산 15-9,N,,3230000-204-1995-00361,3230000,,,03,폐업,미용업,02-459-4197,0,0,,
7,0,임대,0,스파에이르,피부미용업,14,,,,,209074.900840074,445657.80932984,2026-05-01 22:35:24,I,01,영업,0,2023-02-17 14:45:48,2021-06-22,202.60,138-934,서울특별시 송파구 신천동 29 롯데월드타워앤드롯데월드몰,N,0,3230000-212-2021-00012,3230000,"서울특별시 송파구 올림픽로 300, 롯데월드몰 6층 (신천동)",05551,01,영업/정상,피부미용업,,6,,6,
,,,,헤어프랑스,일반미용업,3,2010-10-15,,,,195464.868092127,444392.513229824,2026-05-01 22:30:48,I,02,폐업,,2004-12-08 00:00:00,1990-12-04,22.45,156-830,서울특별시 동작구 상도1동 792,N,,3190000-204-1990-00866,3190000,,,03,폐업,미용업,02-816-2510,,,,
,0,,0,신생미용실,일반미용업,2,1999-12-01,,,,,,2026-05-01 22:30:39,I,02,폐업,,1999-12-03 00:00:00,1976-11-11,11.49,156-851,서울특별시 동작구 신대방동 492-257,N,,3190000-204-1976-00768,3190000,,,03,폐업,미용업,02-0000-0000,0,0,0,0
0,0,임대,0,사라헤어 팜므,일반미용업,5,2018-04-13,,,,211619.368009793,445963.384875409,2026-05-01 22:33:50,I,02,폐업,,2018-04-13 13:44:33,2009-10-30,33.12,138-829,서울특별시 송파구 방이동 89-11 올림픽중심상가174호,N,,3230000-211-2009-00066,3230000,"서울특별시 송파구 양재대로 1222 (방이동,올림픽중심상가174호)",05648,03,폐업,일반미용업,02-401-4636,1,,1,
10,0,,0,크리스틴 발미스파,피부미용업,0,2017-03-21,,,,207373.50021477,445545.656024061,2026-05-01 22:34:46,I,02,폐업,,2017-03-21 14:21:10,2011-08-31,196.95,138-908,"서울특별시 송파구 잠실동 19-9 파인애플상가 308,309호",N,,3230000-212-2011-00048,3230000,"서울특별시 송파구 올림픽로 119, 지상3층 308,309호 (잠실동, 파인애플상가)",05501,03,폐업,피부미용업,02-412-4333,3,,3,
,3,,,김키키헤어,일반미용업,4,,,,,208381.041193786,444585.995299817,2026-05-01 22:33:24,I,01,영업,,2015-10-30 13:47:42,2004-04-24,45.81,138-840,"서울특별시 송파구 삼전동 121-3 지상1층 102,103호",N,,3230000-211-2004-00014,3230000,"서울특별시 송파구 삼학사로13길 14, 지상1층 102,103호 (삼전동)",05603,01,영업/정상,일반미용업,02-419-7664,1,,1,
0,7,임대,1,스타일20000,일반미용업,6,2014-09-15,,,,193772.64693055,444071.83872321,2026-05-01 22:31:55,I,02,폐업,,2014-04-11 13:08:24,2012-08-14,141.90,156-030,서울특별시 동작구 상도동 322-19 2층,N,,3190000-211-2012-00011,3190000,"서울특별시 동작구 국사봉1길 32, 2층 (상도동)",07042,03,폐업,일반미용업,02-822-1253,2,,2,
,0,,0,작품하나미용실,일반미용업,3,1998-04-25,,,,,,2026-05-01 22:32:22,I,02,폐업,,2002-09-04 00:00:00,1994-11-12,18.19,138-210,서울특별시 송파구 장지동 산 108-10,N,,3230000-204-1994-01366,3230000,,,03,폐업,미용업,02-417-3832,0,0,,
0,1,,0,민헤어샵,일반미용업,3,2015-08-25,,,,195816.079560799,443422.505016893,2026-05-01 22:31:57,I,02,폐업,,2014-04-21 10:58:48,2014-02-26,15.40,156-030,서울특별시 동작구 상도동 411 대림아파트상가 1층 102호,N,,3190000-211-2014-00010,3190000,"서울특별시 동작구 상도로60길 20 (상도동, 대림아파트상가 1층 102호)",07040,03,폐업,일반미용업,02-3280-6024,,,,
0,1,,0,앙포레 모리노헤어,일반미용업,3,2018-12-26,,,,191691.678396263,442818.113681285,2026-05-01 22:31:58,I,02,폐업,0,2018-12-26 09:37:50,2016-03-09,43.05,156-010,서울특별시 동작구 신대방동 719,N,0,3190000-211-2016-00006,3190000,"서울특별시 동작구 신대방1가길 38, 106동 104호 (신대방동)",07072,03,폐업,일반미용업,,,,,
,,,,헤어스투디오 엔(N),일반미용업,5,2019-12-04,,,,193350.622041291,445242.968886465,2026-05-01 22:32:49,I,02,폐업,,2019-12-04 10:57:42,1994-01-21,45.78,156-762,"서울특별시 동작구 대방동 500-0 성원아파트 상가동 202,2호",N,,3190000-220-1994-00001,3190000,"서울특별시 동작구 여의대방로 256, 상가동 202,203호 (대방동, 성원아파트)",06941,03,폐업,"일반미용업, 화장ㆍ분장 미용업",02-0826-2020,,,,
3,4,,0,드윤 에스테틱,피부미용업,0,2018-11-09,,,,194197.375552663,445565.344204428,2026-05-01 22:32:11,I,02,폐업,,2018-11-09 16:11:55,2010-03-08,50.00,156-804,서울특별시 동작구 노량진동 270,N,,3190000-212-2010-00005,3190000,서울특별시 동작구 등용로14길 66 (노량진동),06931,03,폐업,피부미용업,02-817-1331,1,,,
0,0,,0,네일까페,네일아트업,3,2025-10-20,,,,213191.289707498,444103.235091062,2026-05-01 22:35:55,I,02,폐업,0,2025-10-20 13:19:34,2018-10-12,49.50,138-819,서울특별시 송파구 마천동 140-1,N,0,3230000-215-2018-00027,3230000,"서울특별시 송파구 마천로43길 30, 마천시장내 네일까페 (마천동)",05752,03,폐업,네일미용업,,1,,1,
3,0,,0,도매화장품,피부미용업,0,2016-10-12,,,,198240.692006371,442895.230035951,2026-05-01 22:32:23,I,02,폐업,,2011-04-13 15:35:42,2011-04-13,13.60,156-815,서울특별시 동작구 사당동 89-69,N,,3190000-213-2011-00013,3190000,서울특별시 동작구 동작대로29길 18 (사당동),06997,03,폐업,종합미용업,02-595-0388,1,,,
2,0,,0,보니아트,네일아트업,3,2017-02-28,,,,210580.683290918,443657.71204579,2026-05-01 22:35:51,I,02,폐업,0,2015-04-24 11:58:50,2015-04-24,37.04,138-803,서울특별시 송파구 가락동 80 성원쌍떼빌 212호,N,0,3230000-215-2015-00008,3230000,"서울특별시 송파구 송파대로28길 27, 101동 212호 (가락동, 성원쌍떼빌)",05718,03,폐업,네일미용업,,2,,2,
,4,임대,0,컬리헤어,일반미용업,4,,,,,208378.058421945,444811.316666732,2026-05-01 22:33:41,I,01,영업,,2018-03-06 09:59:21,2008-05-01,66.00,138-840,서울특별시 송파구 삼전동 113-8 지상1층,N,,3230000-211-2008-00015,3230000,"서울특별시 송파구 백제고분로31길 31 (삼전동,지상1층)",05601,01,영업/정상,일반미용업,02-2202-9784,1,,1,
1,0,,0,헤나 앤 네일,네일아트업,4,2017-06-29,,,,,,2026-05-01 22:36:17,I,02,폐업,0,2017-06-29 17:15:46,2017-04-11,55.51,138-888,서울특별시 송파구 문정동 643-1,N,0,3230000-222-2017-00003,3230000,"서울특별시 송파구 법원로 114, E동 지하2층 B204호 (문정동, 엠스테이트)",05854,03,폐업,"네일미용업, 화장ㆍ분장 미용업",,,2,,2
0,2,임대,0,디저트 뷰티바(네일),네일아트업,4,2022-09-23,,,,,,2026-05-01 22:35:55,I,02,폐업,0,2022-09-23 09:47:46,2019-03-15,21.00,138-888,서울특별시 송파구 문정동 652 송파법조타운푸르지오,N,0,3230000-215-2019-00013,3230000,"서울특별시 송파구 법원로4길 5, 송파법조타운푸르지오 2층 205호 (문정동)",05855,03,폐업,네일미용업,,,,,
,0,,0,새론헤어센스,일반미용업,3,1998-11-26,,,,210387.973612288,445526.719982199,2026-05-01 22:32:10,I,02,폐업,,2003-01-16 00:00:00,1989-09-20,24.01,138-830,서울특별시 송파구 방이동 158-17,N,,3230000-204-1989-01032,3230000,,,03,폐업,미용업,02-413-1788,0,0,,
2,0,,0,유니비욘드(Yunibeyond),메이크업업,2,2025-07-30,,,,,,2026-05-01 22:36:10,I,02,폐업,0,2025-07-30 13:38:49,2017-08-16,30.40,138-888,서울특별시 송파구 문정동 652 송파법조타운푸르지오시티,N,0,3230000-219-2017-00004,3230000,"서울특별시 송파구 법원로4길 5, 송파법조타운푸르지오시티 2층 211호 (문정동)",05855,03,폐업,화장ㆍ분장 미용업,,2,,2,
0,0,,0,사월의 양 삼전점,일반미용업,0,,,,,208346.369905314,444548.866601603,2026-05-01 22:34:11,I,01,영업,0,2018-03-06 09:28:42,2015-08-11,70.00,138-840,서울특별시 송파구 삼전동 119-22 지상2층 201호,N,0,3230000-211-2015-00072,3230000,"서울특별시 송파구 백제고분로31길 5, 지상2층 201호 (삼전동)",05604,01,영업/정상,일반미용업,,2,,2,
,0,,0,진헤어센스,일반미용업,4,2001-12-19,,,,210456.529227954,445626.363406429,2026-05-01 22:32:19,I,02,폐업,,2003-01-20 00:00:00,1993-02-23,19.37,138-830,서울특별시 송파구 방이동 158-9,N,,3230000-204-1993-00957,3230000,,,03,폐업,미용업,02-419-3539,0,0,,
0,0,,0,모이트네일(moight nail),네일아트업,3,2024-12-03,,,,207369.14433586,444604.989852773,2026-05-01 22:35:43,I,02,폐업,0,2024-12-03 13:51:36,2023-05-25,26.40,138-867,서울특별시 송파구 잠실동 321-10,N,0,3230000-213-2023-00036,3230000,"서울특별시 송파구 백제고분로18길 18, 1층 104호 (잠실동)",05576,03,폐업,종합미용업,,,,,
0,0,,0,몽당머리,일반미용업,2,2017-11-10,,,,208676.731567406,444104.060638914,2026-05-01 22:34:12,I,02,폐업,0,2017-11-10 14:17:27,2015-10-02,25.30,138-845,서울특별시 송파구 석촌동 227-21 지상1층 101호,N,0,3230000-211-2015-00089,3230000,"서울특별시 송파구 백제고분로34길 37, 지상1층 101호 (석촌동)",05691,03,폐업,일반미용업,070-8272-2785,1,,1,
,,,,박성희헤어샾,일반미용업,3,2005-06-03,,,,195882.384647141,445527.229145641,2026-05-01 22:31:15,I,02,폐업,,2005-06-03 00:00:00,2002-04-22,21.46,156-060,서울특별시 동작구 본동 126-13,N,,3190000-204-2002-00011,3190000,,,03,폐업,미용업,02-824-8740,1,,1,
0,0,,0,다다 헤어,일반미용업,5,2011-02-09,,,,210883.300666671,445244.105426301,2026-05-01 22:33:12,I,02,폐업,,2010-08-18 09:30:00,2009-12-10,77.00,138-835,서울특별시 송파구 방이동 213-3 2층,N,,3230000-204-2009-00095,3230000,,,03,폐업,미용업,02-412-9624,1,,,
,,,,파인헤어아트,일반미용업,5,,,,,210541.58005606,444502.583662659,2026-05-01 22:33:16,I,01,영업,,2012-02-24 10:44:35,2003-02-27,37.82,138-170,서울특별시 송파구 송파동 243 송파파인탑상가 205호,N,,3230000-211-1986-00005,3230000,"서울특별시 송파구 오금로32길 31, 205호 (송파동, 송파파인탑상가)",05673,01,영업/정상,일반미용업,02-423-5934,,,,
,0,,0,헤어모델,일반미용업,4,2000-04-06,,,,,,2026-05-01 22:32:44,I,02,폐업,,2000-04-06 00:00:00,1999-04-19,18.27,138-210,서울특별시 송파구 장지동 산 164-9 (1층),N,,3230000-204-1999-02135,3230000,,,03,폐업,미용업,02-416-9856,0,0,,
,0,,0,김윤희미용실,일반미용업,3,2000-07-11,,,,,,2026-05-01 22:32:02,I,02,폐업,,2000-08-09 00:00:00,1980-10-21,40.12,138-210,서울특별시 송파구 장지동 산 7-0 장미상가 213호,N,,3230000-204-1980-01490,3230000,,,03,폐업,미용업,02-423-2963,0,0,,
,,,,사틴헤어살롱,일반미용업,8,2015-08-18,,,,208233.926974585,445435.257647797,2026-05-01 22:33:40,I,02,폐업,,2015-08-23 14:18:40,2007-06-29,102.00,138-915,서울특별시 송파구 잠실동 40 갤러리아펠리스 125호,N,,3230000-211-2007-00051,3230000,"서울특별시 송파구 올림픽로 212 (잠실동,갤러리아펠리스 125호)",05553,03,폐업,일반미용업,02-2145-4034,,,,
,,,,연지미용실,일반미용업,3,,,,,193579.372943205,443900.496733741,2026-05-01 22:31:47,I,01,영업,,2020-11-19 21:26:17,1990-09-03,15.90,156-847,서울특별시 동작구 신대방동 345-14,N,,3190000-211-1990-00005,3190000,서울특별시 동작구 보라매로 90 (신대방동),07053,01,영업/정상,일반미용업,02-841-0173,,,,
0,0,임대,0,씨엠헤어살롱,일반미용업,4,,,,,211301.583464149,443517.724335192,2026-05-01 22:33:50,I,01,영업,,2015-03-18 14:12:16,2009-11-19,37.92,138-744,서울특별시 송파구 가락동 138 미륭아파트상가 103호,N,,3230000-211-2009-00070,3230000,"서울특별시 송파구 동남로 169 (가락동, 미륭아파트상가 103호)",05826,01,영업/정상,일반미용업,02-423-9791,2,,2,
,,,,머리삔 & 드림라인,일반미용업,6,2024-04-05,,,,210632.391175015,444908.653893049,2026-05-01 22:33:19,I,02,폐업,,2024-04-05 15:13:56,2003-02-27,75.00,138-836,서울특별시 송파구 방이동 226-7 연안빌딩202호,N,,3230000-211-1998-00008,3230000,"서울특별시 송파구 오금로 247 (방이동,연안빌딩202호)",05645,03,폐업,일반미용업,02-419-3620,,,,
,,,,조미애 헤어,일반미용업,,2008-04-10,,,,210293.938886456,443641.287574872,2026-05-01 22:32:54,I,02,폐업,,2005-06-09 00:00:00,2003-02-27,.00,138-804,서울특별시 송파구 가락동 96-12,N,,3230000-204-2003-00001,3230000,,,03,폐업,미용업,02-400-7594,,,,
,3,,1,지나미용실,일반미용업,3,2023-03-22,,,,196560.603769022,444860.48187766,2026-05-01 22:31:49,I,02,폐업,,2023-03-22 11:49:24,1996-09-03,18.61,156-859,서울특별시 동작구 흑석동 93-196,N,,3190000-211-1996-00010,3190000,서울특별시 동작구 서달로8가길 1 (흑석동),,03,폐업,일반미용업,02-823-6222,1,,1,
0,0,,0,9 hair(나인헤어),일반미용업,6,2021-08-02,,,,209611.763255132,445313.700611838,2026-05-01 22:34:05,I,02,폐업,,2021-08-02 09:55:06,2014-03-13,41.00,138-849,서울특별시 송파구 송파동 53-10 신광빌딩 지상1층 101호,N,,3230000-211-2014-00051,3230000,"서울특별시 송파구 백제고분로45길 20, 지상1층 101호 (송파동, 신광빌딩)",05619,03,폐업,일반미용업,02-413-3336,1,,1,
,1,,,THE STYLE,일반미용업,5,2005-11-01,,,,210063.359184783,445485.278647912,2026-05-01 22:33:02,I,02,폐업,,2005-07-14 00:00:00,2004-06-16,49.50,138-832,서울특별시 송파구 방이동 145-2 1층,N,,3230000-204-2004-00077,3230000,,,03,폐업,미용업,,1,,1,
0,0,,0,채리준미용실,일반미용업,6,2014-04-30,,,,211259.909777857,443711.702922024,2026-05-01 22:33:12,I,02,폐업,,2013-12-20 15:27:12,2009-06-05,75.71,138-808,"서울특별시 송파구 가락동 140 쌍용프라자 3층 5,6,7호",N,,3230000-204-2009-00052,3230000,"서울특별시 송파구 동남로 189 (가락동, 가락쌍용아파트 쌍용프라자3층5.6.7호)",05823,03,폐업,미용업,02-431-7772,,,,
0,0,,0,꽃들에게,네일아트업,3,2026-01-08,,,,210045.748264305,442930.687284628,2026-05-01 22:35:51,I,02,폐업,0,2026-01-08 15:20:11,2016-01-04,15.00,138-885,서울특별시 송파구 문정동 150,N,0,3230000-215-2016-00001,3230000,"서울특별시 송파구 중대로 24, B167호 (문정동, 훼미리종합상가)",05834,03,폐업,네일미용업,02-407-3280,,1,,1
,0,,0,정미용실,일반미용업,3,2002-10-07,,,,194964.092769575,445575.555229369,2026-05-01 22:30:49,I,02,폐업,,2002-10-07 00:00:00,1991-06-21,"2,158.00",156-800,서울특별시 동작구 노량진동 89-2,N,,3190000-204-1991-01393,3190000,,,03,폐업,미용업,02-813-6951,0,0,0,0
1,0,,0,비쥬네일,일반미용업,1,2024-08-21,,,,207849.576769863,445299.913591118,2026-05-01 22:36:21,I,02,폐업,0,2024-08-21 11:02:27,2022-12-14,6.60,138-915,서울특별시 송파구 잠실동 35 트리지움,N,0,3230000-225-2022-00021,3230000,"서울특별시 송파구 잠실로 62, 지하층 B101호 (잠실동, 트리지움)",05555,03,폐업,"일반미용업, 네일미용업, 화장ㆍ분장 미용업",,,,,
0,0,,0,Vanity & co hair(베니티헤어),일반미용업,5,2025-07-11,,,,212452.558599859,441411.906445707,2026-05-01 22:34:22,I,02,폐업,0,2025-07-11 13:59:12,2017-07-21,60.00,138-926,서울특별시 송파구 장지동 897,N,0,3230000-211-2017-00055,3230000,"서울특별시 송파구 위례광장로 120, 108호 (장지동, 위례중앙푸르지오1단지 상가)",05852,03,폐업,일반미용업,02-430-3286,1,,1,
,4,임대,1,문헤어시티,일반미용업,3,2011-07-15,,,,211187.411462811,443098.741186923,2026-05-01 22:33:07,I,02,폐업,,2006-02-01 00:00:00,2006-02-01,24.00,138-824,서울특별시 송파구 문정동 8-23,N,,3230000-204-2006-00014,3230000,,,03,폐업,미용업,02-408-0605,1,,1,
0,0,,0,연헤어,일반미용업,3,2021-06-09,,,,207214.815745714,445162.435032687,2026-05-01 22:34:03,I,02,폐업,,2021-06-09 11:44:17,2013-03-22,25.00,138-862,서울특별시 송파구 잠실동 202-5 리치빌,N,,3230000-211-2013-00090,3230000,"서울특별시 송파구 석촌호수로12길 38, 1층 103호 (잠실동)",05563,03,폐업,일반미용업,02-420-6504,1,,1,
0,0,,0,J에스테틱,피부미용업,3,,,,,208707.089897534,446299.352775446,2026-05-01 22:34:52,I,01,영업,,2018-12-26 10:03:25,2012-11-20,44.08,138-934,서울특별시 송파구 신천동 7 장미아파트 비상가,N,,3230000-212-2012-00043,3230000,"서울특별시 송파구 올림픽로35길 112, 장미아파트 비상가 5층 506호 (신천동)",05504,01,영업/정상,피부미용업,02-2203-2232,2,,2,
,0,,0,김신자헤어타운,일반미용업,3,1996-10-24,,,,,,2026-05-01 22:32:17,I,02,폐업,,2002-09-04 00:00:00,1992-06-24,16.36,138-210,서울특별시 송파구 장지동 산 123-0,N,,3230000-204-1992-00709,3230000,,,03,폐업,미용업,,0,0,,
,,,,미림,일반미용업,4,2019-04-12,,,,197031.582054787,444685.293913201,2026-05-01 22:31:43,I,02,폐업,,2019-04-12 12:57:48,1974-08-23,20.04,156-863,서울특별시 동작구 흑석동 289-3,N,,3190000-211-1974-00001,3190000,서울특별시 동작구 현충로12길 49 (흑석동),,03,폐업,일반미용업,02-0814-7594,,,,
,,,,리안헤어(대방점),일반미용업,,2013-03-07,,,,193056.569289539,444674.870776798,2026-05-01 22:32:26,I,02,폐업,,2013-03-07 10:39:48,2013-03-07,.00,156-810,서울특별시 동작구 대방동 385-24,N,,3190000-213-2013-00015,3190000,서울특별시 동작구 여의대방로 194 (대방동),06945,03,폐업,종합미용업,,,,,
,0,,0,오숙현미용실,일반미용업,3,2007-10-16,,,,194158.199314856,443918.120735918,2026-05-01 22:30:53,I,02,폐업,,2007-10-16 17:11:52,1994-06-01,19.80,156-843,서울특별시 동작구 상도동 261-11,N,,3190000-204-1994-01434,3190000,,,03,폐업,미용업,02-0812-2833,,,,
0,4,임대,0,미남헤어,일반미용업,4,2014-11-12,,,,192088.210106787,442892.439437849,2026-05-01 22:31:41,I,02,폐업,,2012-02-02 18:09:03,2008-11-17,.00,156-853,서울특별시 동작구 신대방동 617-12,N,,3190000-204-2008-00031,3190000,서울특별시 동작구 신대방길 24 (신대방동),07067,03,폐업,미용업,02-843-2107,1,0,0,0
,,,,블루클럽,일반미용업,5,2007-07-02,,,,196517.769859964,445113.53227295,2026-05-01 22:30:58,I,02,폐업,,2005-09-14 00:00:00,1998-11-13,41.57,156-861,서울특별시 동작구 흑석동 182-14,N,,3190000-204-1998-00308,3190000,,,03,폐업,미용업,02-812-0312,,,,
0,0,,0,"헤어,루아",일반미용업,3,,,,,212494.327675839,441590.062253247,2026-05-01 22:36:18,I,01,영업,0,2022-11-16 11:29:39,2022-11-16,43.00,138-926,서울특별시 송파구 장지동 894 위례아이파크,N,0,3230000-224-2022-00003,3230000,"서울특별시 송파구 위례광장로 136, 상가3동 2층 C203호 (장지동, 위례아이파크)",05852,01,영업/정상,"일반미용업, 피부미용업, 화장ㆍ분장 미용업",,,,,
,6,,,지노. 송헤어,일반미용업,6,2005-11-11,,,,211223.375976478,445260.107612454,2026-05-01 22:33:03,I,02,폐업,,2005-04-07 00:00:00,2004-12-30,82.50,138-855,서울특별시 송파구 오금동 18 (2층),N,,3230000-204-2004-00154,3230000,,,03,폐업,미용업,02-407-4701,2,,2,
,0,,0,오픈헤어,일반미용업,0,1993-09-23,,,,198011.848625778,442463.763983751,2026-05-01 22:30:50,I,02,폐업,,2001-09-29 00:00:00,1992-09-30,.00,156-817,서울특별시 동작구 사당동 154-17,N,,3190000-204-1992-00598,3190000,,,03,폐업,미용업,02-0594-6172,0,0,0,0
,,,,heewoni 가위소리,일반미용업,,,,,,212840.036047399,443492.159945437,2026-05-01 22:33:20,I,01,영업,,2015-01-14 16:44:45,2003-02-27,39.60,138-814,서울특별시 송파구 거여동 40-4,N,,3230000-211-2000-00017,3230000,서울특별시 송파구 오금로61길 5 (거여동),05768,01,영업/정상,일반미용업,02-406-2352,,,,
5,0,,0,낮잠굿잠 테라피,피부미용업,5,,,,,207258.724900738,445274.267842118,2026-05-01 22:35:29,I,01,영업,0,2025-10-20 13:39:42,2025-10-02,117.38,138-862,서울특별시 송파구 잠실동 204,N,0,3230000-212-2025-00036,3230000,"서울특별시 송파구 백제고분로9길 36, 3층 (잠실동)",05563,01,영업/정상,피부미용업,,,,,
0,0,임대,0,나노네일,네일아트업,1,2024-12-09,,,,207967.785535603,444416.63278384,2026-05-01 22:35:56,I,02,폐업,0,2024-12-09 16:30:44,2020-06-24,19.06,138-838,서울특별시 송파구 삼전동 59-3,N,0,3230000-215-2020-00020,3230000,"서울특별시 송파구 백제고분로28길 16-18, 1층 101호 (삼전동)",05591,03,폐업,네일미용업,,1,,1,
,0,,0,사가헤어타운,일반미용업,3,2000-11-07,,,,,,2026-05-01 22:32:06,I,02,폐업,,2000-12-22 00:00:00,1987-08-08,19.32,138-210,서울특별시 송파구 장지동 산 7-0 장미b상가 지하동,N,,3230000-204-1987-00886,3230000,,,03,폐업,미용업,02-418-6686,0,0,,
,0,임대,0,유니트헤어,일반미용업,4,2010-05-18,,,,211643.343768654,443574.144898766,2026-05-01 22:33:41,I,02,폐업,,2009-07-01 13:49:13,2008-07-25,33.00,138-812,서울특별시 송파구 가락동 194-7 지상1층,N,,3230000-211-2008-00002,3230000,,,03,폐업,일반미용업,,4,,4,
0,0,,0,포레스트S헤어 송파점,일반미용업,0,,,,,209756.076693304,445947.907683148,2026-05-01 22:34:37,I,01,영업,0,2025-12-10 09:26:34,2025-12-10,59.40,138-827,서울특별시 송파구 방이동 43 대명벨리온,N,0,3230000-211-2025-00041,3230000,"서울특별시 송파구 오금로11길 37, 대명벨리온 2층 203호 (방이동)",05544,01,영업/정상,일반미용업,,,,,
0,0,,0,라비에벨 Hair,일반미용업,4,2019-05-03,,,,210305.222863461,447416.948927605,2026-05-01 22:33:59,I,02,폐업,,2019-05-03 17:29:29,2012-07-13,25.20,138-879,서울특별시 송파구 풍납동 406-1 태양상가 지상1층 109호,N,,3230000-211-2012-00035,3230000,"서울특별시 송파구 토성로 65, 지상1층 109호 (풍납동, 태양상가)",05531,03,폐업,일반미용업,02-479-4860,1,,1,
2,0,,0,백제인삼싸우나내 피부미용,피부미용업,2,2019-10-24,,,,208682.946639076,444522.26110806,2026-05-01 22:35:15,I,02,폐업,0,2019-10-24 16:05:24,2018-07-30,29.70,138-842,서울특별시 송파구 석촌동 15 제우빌딩,N,0,3230000-212-2018-00029,3230000,"서울특별시 송파구 백제고분로 293, 제우빌딩 지하1층 (석촌동)",05614,03,폐업,피부미용업,,,1,,1
0,0,,0,헤어도로시,일반미용업,3,2019-06-14,,,,197211.510873726,442506.008175348,2026-05-01 22:31:57,I,02,폐업,0,2019-06-14 10:51:29,2014-11-25,24.57,156-883,서울특별시 동작구 사당동 246-15,N,0,3190000-211-2014-00068,3190000,서울특별시 동작구 사당로8길 12 (사당동),07009,03,폐업,일반미용업,,,,,
0,2,,0,살롱에이 송파가락점(Salon A),일반미용업,10,,,,,210865.22173942,443139.963928696,2026-05-01 22:35:38,I,01,영업,0,2023-12-08 09:35:04,2021-07-01,153.27,138-806,서울특별시 송파구 가락동 107-15,N,0,3230000-213-2021-00023,3230000,"서울특별시 송파구 동남로 113, 2층 (가락동)",05831,01,영업/정상,종합미용업,,,,,
2,0,,0,바이윤 래쉬앤 브로우,피부미용업,0,,,,,210227.044813177,445537.010145723,2026-05-01 22:36:23,I,01,영업,0,2022-11-14 16:13:51,2022-11-14,40.00,138-832,서울특별시 송파구 방이동 144-10 두레빌딩,N,0,3230000-226-2022-00004,3230000,"서울특별시 송파구 위례성대로6길 40, 두레빌딩 2층 201호 (방이동)",05632,01,영업/정상,"피부미용업, 네일미용업, 화장ㆍ분장 미용업",,,,,
,3,,1,조은정헤어크리닉,일반미용업,20,2015-08-18,,,,209665.067950896,445646.679759104,2026-05-01 22:33:19,I,02,폐업,,2015-08-23 14:00:01,2003-02-27,299.95,138-829,"서울특별시 송파구 방이동 71-9 지상1층,지하1층",N,,3230000-211-1997-00015,3230000,"서울특별시 송파구 올림픽로32길 36 (방이동,지상1층,지하1층)",05549,03,폐업,일반미용업,02-424-5539,1,1,1,1
0,0,임대,0,엘 피부미용,피부미용업,4,2012-06-08,,,,212631.968657493,443089.54324724,2026-05-01 22:34:42,I,02,폐업,,2010-04-28 18:20:17,2010-04-28,38.40,138-110,서울특별시 송파구 거여동 293-1 세신훼밀리타운 406,N,,3230000-212-2010-00038,3230000,,,03,폐업,피부미용업,,4,,4,
,,,,헤어팰리스,일반미용업,7,2010-02-24,,,,195918.604140413,443622.521801972,2026-05-01 22:31:01,I,02,폐업,,2009-08-17 16:04:30,1999-07-21,63.39,156-030,서울특별시 동작구 상도동 495-5,N,,3190000-204-1999-01471,3190000,,,03,폐업,미용업,02-826-2244,,,,
2,0,,0,이안에스테틱,피부미용업,2,2015-10-23,,,,209803.615732978,444408.66570451,2026-05-01 22:34:56,I,02,폐업,,2014-04-22 14:11:29,2014-04-22,33.00,138-854,서울특별시 송파구 송파동 98-29 지상1층 101호,N,,3230000-212-2014-00016,3230000,"서울특별시 송파구 가락로18길 9, 지상1층 101호 (송파동)",05676,03,폐업,피부미용업,,1,,1,
0,0,,0,살롱드 에릭,일반미용업,2,,,,,198262.751238329,443131.932422401,2026-05-01 22:32:21,I,01,영업,,2020-07-16 13:34:14,2003-02-20,38.55,156-814,서울특별시 동작구 사당동 73-23 프라임빌,N,,3190000-213-2003-00002,3190000,"서울특별시 동작구 동작대로33다길 12-3, 1층 (사당동, 프라임빌)",06996,01,영업/정상,종합미용업,02-3487-8245,1,0,1,0
0,0,,0,헤어팡,일반미용업,4,,,,,212632.426680503,443827.90497048,2026-05-01 22:33:55,I,01,영업,,2014-07-29 16:10:26,2011-09-27,43.00,138-813,서울특별시 송파구 거여동 136 삼호APT상가 101호,N,,3230000-211-2011-00019,3230000,"서울특별시 송파구 거마로9길 19, 101호 (거여동,삼호APT상가)",05735,01,영업/정상,일반미용업,,1,,1,
0,0,,1,패밀리헤어,일반미용업,3,2017-02-28,,,,196267.514996498,444443.755756289,2026-05-01 22:31:58,I,02,폐업,1,2015-04-07 14:15:54,2015-04-07,31.05,156-070,서울특별시 동작구 흑석동 339 한강센트레빌 2차 상가 지하 104-1호,N,0,3190000-211-2015-00007,3190000,"서울특별시 동작구 서달로 91, 상가동 지층 104-1호 (흑석동, 한강센트레빌2차 )",06975,03,폐업,일반미용업,,,,,
,,,,허밍미용실,일반미용업,3,2003-02-25,,,,198237.936769014,443145.587449557,2026-05-01 22:30:47,I,02,폐업,,2003-03-22 00:00:00,1989-09-07,16.80,156-814,서울특별시 동작구 사당동 73-14,N,,3190000-204-1989-01402,3190000,,,03,폐업,미용업,02-0536-3905,,,,
0,0,,0,리소헤어,일반미용업,12,2025-07-01,,,,207341.895967209,445466.38383798,2026-05-01 22:34:15,I,02,폐업,0,2025-07-01 09:29:57,2016-04-06,131.86,138-861,서울특별시 송파구 잠실동 184-3,N,0,3230000-211-2016-00040,3230000,"서울특별시 송파구 올림픽로 118, 2층 2호 (잠실동)",05558,03,폐업,일반미용업,02-416-2425,,,,
2,0,,0,마젠타 뷰티,메이크업업,2,,,,,209906.842029799,444565.624094215,2026-05-01 22:35:42,I,01,영업,0,2023-08-09 09:22:14,2022-11-16,26.44,138-850,서울특별시 송파구 송파동 106-15 영진빌딩,N,0,3230000-213-2022-00060,3230000,"서울특별시 송파구 가락로 155, 영진빌딩 3층 303호 (송파동)",05669,01,영업/정상,종합미용업,,,,,
4,0,,0,박승철헤어스투디오 잠실홈플러스점,일반미용업,12,,,,,209039.148023482,446007.966801057,2026-05-01 22:34:32,I,01,영업,0,2021-12-10 14:38:28,2021-12-10,138.80,138-934,서울특별시 송파구 신천동 7-12 SONGPA FUN STADIUM,N,0,3230000-211-2021-00049,3230000,"서울특별시 송파구 올림픽로35가길 16, SONGPA FUN STADIUM(홈플러스 잠실점) 4층 X5,YB호 (신천동)",05510,01,영업/정상,일반미용업,,,,,
,2,,1,행운,일반미용업,3,2015-05-08,,,,193249.294536842,444500.165540876,2026-05-01 22:31:38,I,02,폐업,,2014-04-24 14:49:35,2006-07-12,24.51,156-810,서울특별시 동작구 대방동 391-85,N,,3190000-204-2006-00032,3190000,서울특별시 동작구 대방동15길 9 (대방동),,03,폐업,미용업,02-826-9723,1,,1,
,0,,0,풍천미용,일반미용업,4,1996-05-09,,,,,,2026-05-01 22:32:02,I,02,폐업,,2002-09-04 00:00:00,1980-12-20,23.40,138-210,서울특별시 송파구 장지동 산 85-4,N,,3230000-204-1980-00917,3230000,,,03,폐업,미용업,02-449-2486,0,0,,
0,0,,0,하슈네일 2호점,네일아트업,7,2023-09-18,,,,,,2026-05-01 22:35:58,I,02,폐업,0,2023-09-18 13:31:00,2023-06-12,36.10,138-888,서울특별시 송파구 문정동 643-1 엠스테이트,N,0,3230000-215-2023-00012,3230000,"서울특별시 송파구 법원로 114, 엠스테이트 A동 1층 A118호 (문정동)",05854,03,폐업,네일미용업,,,,,
,6,임대,1,아름다운 미용실,일반미용업,4,2013-02-04,,,,210985.841413962,444202.496819819,2026-05-01 22:33:04,I,02,폐업,,2005-11-10 00:00:00,2005-03-24,10.00,138-801,서울특별시 송파구 가락동 35-7,N,,3230000-204-2005-00026,3230000,,,03,폐업,미용업,,1,,1,
2,4,,0,원 체인지(one change),피부미용업,2,,,,,207325.511224847,445415.042869266,2026-05-01 22:35:24,I,01,영업,0,2021-07-08 14:08:38,2021-07-08,38.08,138-861,서울특별시 송파구 잠실동 183-12 NS파인트리,N,0,3230000-212-2021-00014,3230000,"서울특별시 송파구 백제고분로7길 41, 4층 405호 (잠실동, NS파인트리)",05558,01,영업/정상,피부미용업,,,,,
0,0,,0,CAC(씨에이씨)피부관리샵,일반미용업,2,,,,,210045.748264305,442930.687284628,2026-05-01 22:36:18,I,01,영업,,2019-06-05 12:11:20,2013-09-03,24.58,138-885,서울특별시 송파구 문정동 150 올림픽훼밀리타운,N,,3230000-223-2013-00001,3230000,"서울특별시 송파구 중대로 24, 지하1층 B144호 (문정동, 올림픽훼밀리타운)",05834,01,영업/정상,"일반미용업, 피부미용업, 네일미용업",02-401-4045,,1,,1
0,0,임대,0,제오헤어 잠실나루역점,일반미용업,5,,,,,209151.713940169,446519.612162961,2026-05-01 22:33:50,I,01,영업,,2025-03-06 14:42:03,2009-06-17,56.12,138-240,서울특별시 송파구 신천동 17-4 파크리오,N,,3230000-211-2009-00059,3230000,"서울특별시 송파구 올림픽로37길 130, 파크리오 상가A동 2층 204호 (신천동)",05507,01,영업/정상,일반미용업,02-423-3022,2,,2,
,,,,머리하는날,일반미용업,3,,,,,194429.458239369,443738.090983133,2026-05-01 22:31:50,I,01,영업,,2020-07-16 11:07:35,2003-02-25,36.00,156-845,서울특별시 동작구 상도동 279-36 1층 103호,N,,3190000-211-2003-00012,3190000,"서울특별시 동작구 양녕로23길 98 (상도동, 1층 103호)",07045,01,영업/정상,일반미용업,02-822-2797,,,,
1,0,,0,고운일상,일반미용업,2,,,,,209675.810376882,444313.89021434,2026-05-01 22:36:21,I,01,영업,0,2025-09-18 13:27:37,2023-09-22,89.00,138-847,서울특별시 송파구 석촌동 297-7,N,0,3230000-225-2023-00017,3230000,"서울특별시 송파구 송파대로37길 4-25, 1층 1호 (석촌동)",05697,01,영업/정상,"일반미용업, 네일미용업, 화장ㆍ분장 미용업",,,,,
,3,,,귀빈미용실,일반미용업,3,,,,,197405.603350171,442365.558363072,2026-05-01 22:31:52,I,01,영업,,2021-03-15 16:48:13,2007-04-11,17.49,156-821,서울특별시 동작구 사당동 268-14,N,,3190000-211-2007-00009,3190000,서울특별시 동작구 사당로16가길 38 (사당동),07010,01,영업/정상,일반미용업,,1,,1,
,0,,0,코림미용실,일반미용업,3,2003-02-26,,,,192091.00859875,442853.884809596,2026-05-01 22:30:58,I,02,폐업,,2003-02-26 00:00:00,1998-06-02,174.00,156-854,서울특별시 동작구 신대방동 691-31,N,,3190000-204-1998-00295,3190000,,,03,폐업,미용업,02-831-3922,0,0,0,0
1,0,,0,NAILJOA#  네일조아#,네일아트업,8,2025-09-17,,,,,,2026-05-01 22:35:55,I,02,폐업,0,2025-09-17 17:26:00,2019-02-25,49.14,138-888,서울특별시 송파구 문정동 651-6,N,0,3230000-215-2019-00009,3230000,"서울특별시 송파구 법원로8길 13, 문정해리움 2층 203호 (문정동)",05855,03,폐업,네일미용업,,,,,
0,0,,0,하놀,일반미용업,5,2023-07-10,,,,207624.424720682,445533.439634339,2026-05-01 22:34:26,I,02,폐업,0,2023-07-10 14:18:54,2018-09-05,55.34,138-911,서울특별시 송파구 잠실동 22-6 리센츠,N,0,3230000-211-2018-00067,3230000,"서울특별시 송파구 올림픽로 145, 리센츠 3층 에이17호 (잠실동)",05502,03,폐업,일반미용업,,3,,3,
,,,,김정섭헤어코디,일반미용업,3,2006-02-22,,,,207340.748130353,445059.426846925,2026-05-01 22:32:10,I,02,폐업,,2003-06-12 00:00:00,2003-02-27,13.68,138-863,서울특별시 송파구 잠실동 213-13,N,,3230000-204-1988-01890,3230000,,,03,폐업,미용업,02-0414-3850,,,,
1,0,,0,더유스뷰티(The.Youth),피부미용업,3,2024-09-02,,,,198190.65051046,441874.555568089,2026-05-01 22:32:20,I,02,폐업,0,2024-09-02 13:32:46,2023-03-02,20.00,156-090,"서울특별시 동작구 사당동 1032-14 , 1층",N,0,3190000-212-2023-00005,3190000,"서울특별시 동작구 동작대로5길 20, 1층 (사당동)",07015,03,폐업,피부미용업,,0,0,0,0
,,,,코코헤어,일반미용업,3,2009-04-20,,,,,,2026-05-01 22:31:16,I,02,폐업,,2007-04-05 00:00:00,2002-07-15,26.40,156-813,서울특별시 동작구 본동 394-15,N,,3190000-204-2002-00026,3190000,,,03,폐업,미용업,02-816-6961,,,,
,,,,3030헤어아카데미,일반미용업,,2004-08-24,,,,212572.011678039,443565.589971891,2026-05-01 22:32:53,I,02,폐업,,2003-06-11 00:00:00,2003-02-27,.00,138-813,서울특별시 송파구 거여동 21-14,N,,3230000-204-2001-02395,3230000,,,03,폐업,미용업,02-443-3636,,,,
5,0,임대,0,휴 에스테틱,피부미용업,0,2011-07-20,,,,211328.909810036,444882.723326614,2026-05-01 22:34:38,I,02,폐업,,2009-04-06 09:33:31,2009-04-06,89.10,138-855,서울특별시 송파구 오금동 39-4 2층,N,,3230000-212-2009-00005,3230000,,,03,폐업,피부미용업,02-406-1880,2,,2,
,0,,0,정하헤어샵,일반미용업,3,2004-12-09,,,,,,2026-05-01 22:30:41,I,02,폐업,,2000-09-19 00:00:00,1979-09-17,19.68,156-831,서울특별시 동작구 상도동 171-28,N,,3190000-204-1979-01398,3190000,,,03,폐업,미용업,02-0814-3777,0,0,0,0
,,,,ENAVE(엔아베)뷰티살롱,일반미용업,,,,,,210757.340107581,443003.898285042,2026-05-01 22:33:20,I,01,영업,,2008-02-29 17:39:10,2003-02-27,.00,138-825,서울특별시 송파구 문정동 42-9 대호빌딩2층,N,,3230000-211-2001-00003,3230000,"서울특별시 송파구 동남로 98 (문정동,대호빌딩2층)",05805,01,영업/정상,일반미용업,02-407-4199,,,,
0,0,,0,이훈 신나는미용실,일반미용업,8,,,,,193187.101832138,444164.541145633,2026-05-01 22:32:09,I,01,영업,2,2024-12-30 16:06:52,2024-12-30,80.98,156-811,서울특별시 동작구 대방동 402-25,N,0,3190000-211-2024-00026,3190000,"서울특별시 동작구 상도로 28-1, 101호 (대방동)",07055,01,영업/정상,일반미용업,02-825-5277,,,,
,,,,샤넬헤어샵,일반미용업,,2007-06-25,,,,,,2026-05-01 22:32:56,I,02,폐업,,2005-06-09 00:00:00,2003-02-27,.00,138-883,서울특별시 송파구 가락동 479 가상가 118호,N,,3230000-204-2003-00101,3230000,,,03,폐업,미용업,02-448-9436,,,,
2,0,,0,H.Salon,메이크업업,0,2024-12-12,,,,195546.826543405,444281.473528504,2026-05-01 22:32:45,I,02,폐업,0,2024-12-12 09:42:39,2017-12-11,19.44,156-836,서울특별시 동작구 상도1동 371-2 1층,N,0,3190000-219-2017-00002,3190000,"서울특별시 동작구 상도로37길 36, 1층 (상도1동)",06970,03,폐업,화장ㆍ분장 미용업,,1,,,
,0,,0,777미용실,일반미용업,3,2004-05-24,,,,197973.349821265,441730.552563045,2026-05-01 22:30:39,I,02,폐업,,1999-06-02 00:00:00,1976-12-16,15.43,156-826,서울특별시 동작구 사당동 1037-15,N,,3190000-204-1976-01388,3190000,,,03,폐업,미용업,02-0582-0313,0,0,0,0
,,,,버르장머리,일반미용업,3,2007-08-29,,,,193254.33416334,443783.41896758,2026-05-01 22:31:18,I,02,폐업,,2006-07-28 00:00:00,2003-02-25,.00,156-848,서울특별시 동작구 신대방동 366-69,N,,3190000-204-2003-00027,3190000,,,03,폐업,미용업,02-826-6149,,,,
,,,,세미헤어까끼,일반미용업,,2008-05-02,,,,210545.26445938,443890.289281203,2026-05-01 22:32:57,I,02,폐업,,2003-06-11 00:00:00,2003-02-27,.00,138-803,서울특별시 송파구 가락동 75-8 1층,N,,3230000-204-2003-00181,3230000,,,03,폐업,미용업,02-443-4670,,,,
1,0,,0,썬네일(Sun nail),네일아트업,2,2023-01-06,,,,213617.880246032,443564.387096793,2026-05-01 22:35:51,I,02,폐업,0,2023-01-06 11:43:27,2015-03-23,25.00,138-821,서울특별시 송파구 마천동 315-12 지상1층,N,0,3230000-215-2015-00006,3230000,"서울특별시 송파구 마천로61길 23, 지상1층 (마천동)",05759,03,폐업,네일미용업,,1,,1,
0,0,,0,롯드헤어,일반미용업,3,,,,,209351.420219193,444379.928730587,2026-05-01 22:34:05,I,01,영업,,2018-01-23 15:23:55,2014-03-18,28.00,138-846,서울특별시 송파구 석촌동 278 지상1층,N,,3230000-211-2014-00054,3230000,"서울특별시 송파구 가락로15길 8, 지상1층 (석촌동)",05688,01,영업/정상,일반미용업,02-424-1949,1,,1,
1,0,,0,아띠 헤어&스파 위례점,일반미용업,2,,,,,212530.183908899,442594.787881412,2026-05-01 22:35:43,I,01,영업,0,2023-09-13 14:36:51,2023-09-11,33.84,138-110,서울특별시 송파구 거여동 605-4,N,0,3230000-213-2023-00053,3230000,"서울특별시 송파구 위례송파로 77, 1층 103호 (거여동)",05790,01,영업/정상,종합미용업,,,,,
,0,,0,박권머리카락,일반미용업,3,1997-11-29,,,,,,2026-05-01 22:32:21,I,02,폐업,,2002-09-04 00:00:00,1994-01-27,19.20,138-210,서울특별시 송파구 장지동 산 151-10,N,,3230000-204-1994-01184,3230000,,,03,폐업,미용업,02-449-2460,0,0,,
0,1,,0,루비헤어,일반미용업,4,,,,,195464.868092127,444392.513229824,2026-05-01 22:32:03,I,01,영업,0,2018-10-16 15:26:56,2018-08-13,30.00,156-830,서울특별시 동작구 상도1동 792 딩동댕노래방,N,0,3190000-211-2018-00038,3190000,"서울특별시 동작구 상도로41길 7, 딩동댕노래방 1층 (상도1동)",06968,01,영업/정상,일반미용업,02-855-2200,,,,
0,0,,0,유행머리,일반미용업,3,2022-05-11,,,,193869.281681224,443966.351626269,2026-05-01 22:31:59,I,02,폐업,0,2022-05-11 11:04:42,2017-04-03,28.50,156-844,서울특별시 동작구 상도동 308-9,N,0,3190000-211-2017-00011,3190000,"서울특별시 동작구 국사봉5길 24, 1층 (상도동)",07043,03,폐업,일반미용업,02-822-6781,1,,,
0,4,,1,케이 헤어살롱(K hair salon),일반미용업,4,2013-01-07,,,,198072.080567863,441741.333883127,2026-05-01 22:32:24,I,02,폐업,,2012-03-29 13:44:04,2012-03-29,44.52,156-827,서울특별시 동작구 사당동 1039-29,N,,3190000-213-2012-00012,3190000,"서울특별시 동작구 남부순환로271가길 17, 1층 (사당동)",07025,03,폐업,종합미용업,,1,,1,
0,0,,0,넘버원 남성컷트전문점,일반미용업,0,2017-06-02,,,,193990.099001302,444099.631091074,2026-05-01 22:31:58,I,02,폐업,0,2017-06-02 16:37:23,2016-03-28,24.57,156-030,서울특별시 동작구 상도동 312-5,N,0,3190000-211-2016-00012,3190000,서울특별시 동작구 성대로6길 6 (상도동),07042,03,폐업,일반미용업,,,,,
,0,,0,미즈최,일반미용업,6,1991-09-12,,,,,,2026-05-01 22:32:05,I,02,폐업,,2002-09-04 00:00:00,1985-01-24,59.40,138-210,서울특별시 송파구 장지동 산 146-4,N,,3230000-204-1985-01687,3230000,,,03,폐업,미용업,02-0417-3680,0,0,,
2,0,,0,모네드라인,메이크업업,4,,,,,193394.538706062,444040.843567772,2026-05-01 22:32:46,I,01,영업,0,2022-08-24 11:18:34,2022-08-24,32.00,156-855,서울특별시 동작구 신대방동 724 보라매자이 더 포레스트,N,0,3190000-219-2022-00003,3190000,"서울특별시 동작구 여의대방로22길 121, 제상가동 1층 1414호 (신대방동, 보라매자이 더 포레스트)",07056,01,영업/정상,화장ㆍ분장 미용업,,,,,
0,0,,0,수네일,네일아트업,4,,,,,208187.623477261,445589.718583334,2026-05-01 22:35:57,I,01,영업,0,2022-03-30 11:56:00,2021-09-15,9.00,138-916,서울특별시 송파구 잠실동 27-6 잠실주공아파트,N,0,3230000-215-2021-00023,3230000,"서울특별시 송파구 올림픽로 203, 잠실주공아파트 2층 248호 (잠실동)",05503,01,영업/정상,네일미용업,,,,,
,0,,0,고은미용실,일반미용업,4,1993-11-09,,,,,,2026-05-01 22:32:07,I,02,폐업,,2002-09-04 00:00:00,1987-12-03,19.46,138-210,서울특별시 송파구 장지동 산 98-9,N,,3230000-204-1987-01486,3230000,,,03,폐업,미용업,02-0415-7111,0,0,,
1,0,,0,칩꾸아프,일반미용업,4,2019-05-03,,,,212563.050500552,441406.981434166,2026-05-01 22:34:22,I,02,폐업,0,2019-05-03 16:25:04,2017-08-11,58.80,138-926,서울특별시 송파구 장지동 896,N,0,3230000-211-2017-00064,3230000,"서울특별시 송파구 위례광장로 290, 상가동 1층 110호 (장지동, 위례중앙푸르지오2단지)",05852,03,폐업,일반미용업,02-743-2221,1,,1,
,,,,헤어스토리Ⅱ,일반미용업,3,2006-07-04,,,,194264.458231923,445364.873404527,2026-05-01 22:31:01,I,02,폐업,,2005-06-02 00:00:00,1999-11-01,20.59,156-805,서울특별시 동작구 노량진동 287-3,N,,3190000-204-1999-01475,3190000,,,03,폐업,미용업,02-823-3933,1,,1,
,4,임대,1,수헤어모드,일반미용업,3,2007-05-30,,,,193896.978079949,443829.812521952,2026-05-01 22:31:30,I,02,폐업,,2005-01-10 00:00:00,2004-11-18,19.04,156-844,서울특별시 동작구 상도동 294-5,N,,3190000-204-2004-00054,3190000,,,03,폐업,미용업,02-822-1707,1,,1,
,0,,0,연경미용실,일반미용업,2,2003-02-26,,,,,,2026-05-01 22:30:44,I,02,폐업,,2003-02-26 00:00:00,1987-09-30,"1,056.00",156-818,서울특별시 동작구 사당동 173-14,N,,3190000-204-1987-00712,3190000,,,03,폐업,미용업,02-0593-8466,0,0,0,0
,0,,0,모아미용실,일반미용업,3,1999-07-31,,,,,,2026-05-01 22:30:53,I,02,폐업,,1999-08-05 00:00:00,1994-03-04,15.13,156-837,서울특별시 동작구 상도동 159-193,N,,3190000-204-1994-01433,3190000,,,03,폐업,미용업,02-0817-0290,0,0,0,0
0,0,임대,0,히로미 네일2,네일아트업,7,,,,,,,2026-05-01 22:35:56,I,01,영업,0,2019-10-17 11:50:24,2019-10-17,46.17,138-888,서울특별시 송파구 문정동 652-4 힐스테이트에코문정,N,0,3230000-215-2019-00043,3230000,"서울특별시 송파구 법원로4길 10, 힐스테이트에코문정 3층 328호 (문정동)",05855,01,영업/정상,네일미용업,,3,,3,
1,0,,0,꾸밈,메이크업업,3,2019-10-31,,,,210658.051559152,443620.612078283,2026-05-01 22:36:16,I,02,폐업,0,2019-10-31 12:09:00,2018-09-21,6.96,138-803,서울특별시 송파구 가락동 79-7 올림피아오피스텔,N,0,3230000-221-2018-00003,3230000,"서울특별시 송파구 송파대로28길 32, 올림피아오피스텔 7층 710호 (가락동)",05718,03,폐업,"피부미용업, 화장ㆍ분장 미용업",,,,,
,0,,0,헤어뱅크,일반미용업,3,2001-01-05,,,,208376.512218991,444561.037865116,2026-05-01 22:32:20,I,02,폐업,,2003-01-20 00:00:00,1993-06-15,15.64,138-840,서울특별시 송파구 삼전동 120,N,,3230000-204-1993-01832,3230000,,,03,폐업,미용업,02-403-5106,0,0,,
0,0,,0,Nail Rin,네일아트업,0,,,,,207108.843411657,444827.891853951,2026-05-01 22:35:54,I,01,영업,0,2018-02-01 14:28:59,2018-02-01,24.13,138-865,서울특별시 송파구 잠실동 312,N,0,3230000-215-2018-00004,3230000,"서울특별시 송파구 백제고분로12길 5, 1층 102호 (잠실동)",05575,01,영업/정상,네일미용업,,1,,1,
,0,,0,이신헤러켈러리,일반미용업,3,1999-04-27,,,,,,2026-05-01 22:30:59,I,02,폐업,,1999-05-11 00:00:00,1998-03-30,21.68,156-860,서울특별시 동작구 흑석동 130-1,N,,3190000-204-1998-00323,3190000,,,03,폐업,미용업,02-823-5290,0,0,0,0
,,,,진,일반미용업,3,2007-07-05,,,,,,2026-05-01 22:30:38,I,02,폐업,,2004-12-03 00:00:00,1974-12-04,19.52,156-857,서울특별시 동작구 흑석동 49-21,N,,3190000-204-1974-01081,3190000,,,03,폐업,미용업,02-0813-7938,,,,
0,0,,0,착한 미용실,일반미용업,4,,,,,212524.306739955,442109.564102077,2026-05-01 22:34:08,I,01,영업,0,2022-01-27 15:05:14,2015-01-23,37.00,138-926,서울특별시 송파구 장지동 881 아이온스퀘어,N,0,3230000-211-2015-00006,3230000,"서울특별시 송파구 위례광장로 188, 아이온스퀘어 3층 308호 (장지동)",05849,01,영업/정상,일반미용업,,2,,2,
3,0,,0,무드영헤어,일반미용업,8,,,,,207553.918225133,445383.338011122,2026-05-01 22:34:37,I,01,영업,0,2025-10-14 10:35:08,2025-10-14,76.55,138-915,서울특별시 송파구 잠실동 35-2 트리지움,N,0,3230000-211-2025-00033,3230000,"서울특별시 송파구 석촌호수로 61, 트리지움 제지1층 B153호 (잠실동)",05555,01,영업/정상,일반미용업,,,,,
1,0,,0,미노이 헤어,일반미용업,4,,,,,208548.307561824,444217.102222883,2026-05-01 22:36:21,I,01,영업,0,2023-04-06 11:20:27,2023-04-06,54.12,138-845,서울특별시 송파구 석촌동 216-8,N,0,3230000-225-2023-00007,3230000,"서울특별시 송파구 삼학사로8길 5, 101호, 102호 (석촌동)",05679,01,영업/정상,"일반미용업, 네일미용업, 화장ㆍ분장 미용업",,,,,
0,0,,0,로드헤어샵,일반미용업,8,2018-12-07,,,,,,2026-05-01 22:34:25,I,02,폐업,0,2018-12-07 14:16:05,2018-01-19,65.40,138-888,서울특별시 송파구 문정동 652-5 문정아이파크,N,0,3230000-211-2018-00004,3230000,"서울특별시 송파구 법원로4길 6, 문정아이파크 3층 316~317호 (문정동)",05855,03,폐업,일반미용업,02-400-9421,3,,3,
0,2,,0,황금파 건강관리,피부미용업,7,2015-04-08,,,,193582.97379671,443921.190735193,2026-05-01 22:32:12,I,02,폐업,,2014-07-08 11:26:22,2010-09-06,72.96,156-847,서울특별시 동작구 신대방동 345-1,N,,3190000-212-2010-00025,3190000,서울특별시 동작구 보라매로 92 (신대방동),07053,03,폐업,피부미용업,02-3285-0544,1,0,0,0
0,0,,0,루츠 스파,피부미용업,0,,,,,,,2026-05-01 22:35:48,I,01,영업,0,2025-09-24 13:56:55,2025-09-24,33.31,138-888,서울특별시 송파구 문정동 652-2 문정 오벨리스크,N,0,3230000-213-2025-00066,3230000,"서울특별시 송파구 송파대로 145, 문정 오벨리스크 1층 127호 (문정동)",05855,01,영업/정상,종합미용업,,,,,
2,4,,0,SuGi,피부미용업,0,2013-12-11,,,,198080.785523972,441921.05049795,2026-05-01 22:32:11,I,02,폐업,,2013-12-04 10:19:41,2010-01-04,85.00,156-826,서울특별시 동작구 사당동 1034-40,N,,3190000-212-2010-00002,3190000,서울특별시 동작구 동작대로9가길 19 (사당동),07015,03,폐업,피부미용업,,1,0,0,0
,0,,0,쎄다찌 미용실,일반미용업,8,2009-02-23,,,,212908.235234429,443937.105368707,2026-05-01 22:33:10,I,02,폐업,,2007-09-10 09:14:07,2007-09-10,85.00,138-814,서울특별시 송파구 거여동 183-8 2층,N,,3230000-204-2007-00080,3230000,,,03,폐업,미용업,02-449-8559,,,,
,,,,윤경미용실,일반미용업,3,2004-07-12,,,,209132.445061357,444145.989557921,2026-05-01 22:32:07,I,02,폐업,,2003-06-13 00:00:00,2002-02-27,28.38,138-845,서울특별시 송파구 석촌동 252-8,N,,3230000-204-1987-01462,3230000,,,03,폐업,미용업,02-412-1489,,,,
,3,임대,1,빨강댕기,일반미용업,4,2026-03-16,,,,209965.7816642,447564.637044326,2026-05-01 22:33:30,I,02,폐업,,2026-03-16 13:34:04,2006-02-14,39.00,138-874,서울특별시 송파구 풍납동 257-96,N,,3230000-211-2006-00005,3230000,서울특별시 송파구 토성로 30 (풍납동),05536,03,폐업,일반미용업,02-486-8270,1,,1,
0,0,,0,Y Hair,일반미용업,4,2018-11-16,,,,193592.513357265,444026.353200119,2026-05-01 22:31:56,I,02,폐업,,2018-11-16 10:27:42,2013-05-31,32.89,156-847,서울특별시 동작구 신대방동 348-3 2층,N,,3190000-211-2013-00014,3190000,"서울특별시 동작구 보라매로 104, 2층 (신대방동)",07053,03,폐업,일반미용업,02-822-0045,,,,
,,,,지누헤어포인트,일반미용업,3,,,,,191752.104261121,442678.965431301,2026-05-01 22:31:48,I,01,영업,,2023-08-29 10:59:34,1992-02-07,13.20,156-854,서울특별시 동작구 신대방동 697-34,N,,3190000-211-1992-00005,3190000,"서울특별시 동작구 신대방1나길 29, 1층 (신대방동)",07074,01,영업/정상,일반미용업,02-833-2111,,,,
0,0,,0,머리염색 체험방,일반미용업,2,2019-05-07,,,,209172.359,444263.168,2026-05-01 22:34:03,I,02,폐업,,2019-05-07 17:16:34,2013-11-11,19.80,138-846,서울특별시 송파구 석촌동 256-6 지상1층 102호,N,,3230000-211-2013-00069,3230000,"서울특별시 송파구 가락로11길 5-7, 지상1층 102호 (석촌동)",05690,03,폐업,일반미용업,02-415-1883,1,,1,
,0,,0,킴스헤어라인,일반미용업,4,2001-10-09,,,,,,2026-05-01 22:32:37,I,02,폐업,,2001-10-10 00:00:00,1997-02-04,28.62,138-210,서울특별시 송파구 장지동 산 52-17 쌍용프라자,N,,3230000-204-1997-01282,3230000,,,03,폐업,미용업,02-404-1995,0,0,,
0,0,,0,서후헤어,일반미용업,2,,,,,210399.44325115,445455.190367333,2026-05-01 22:34:32,I,01,영업,0,2021-04-23 10:19:56,2021-04-23,43.17,138-830,서울특별시 송파구 방이동 136,N,0,3230000-211-2021-00018,3230000,"서울특별시 송파구 가락로37길 3, 1층 102호 (방이동)",05633,01,영업/정상,일반미용업,,,,,
0,0,,0,아멜리에,네일아트업,3,,,,,206397.34797252,444963.233863255,2026-05-01 22:35:50,I,01,영업,,2014-09-06 15:25:16,2012-08-07,23.15,138-892,서울특별시 송파구 잠실동 101-1 프리마상가 지상2층 213호,N,,3230000-215-2012-00001,3230000,"서울특별시 송파구 올림픽로4길 48 (잠실동, 우성아파트프리마상가2층213호)",05571,01,영업/정상,네일미용업,02-422-1254,2,,2,
,,,,강남미용실,일반미용업,4,2005-07-06,,,,211814.165016785,443128.998334934,2026-05-01 22:32:10,I,02,폐업,,2004-12-15 00:00:00,2003-02-27,37.05,138-200,서울특별시 송파구 문정동 139-15,N,,3230000-204-1989-01056,3230000,,,03,폐업,미용업,02-404-5249,,,,
6,0,,0,얼짱 몸짱,피부미용업,6,2017-12-01,,,,207269.240524201,445296.122365438,2026-05-01 22:35:07,I,02,폐업,0,2017-12-01 10:02:50,2016-11-29,87.00,138-861,서울특별시 송파구 잠실동 188-12,N,0,3230000-212-2016-00062,3230000,"서울특별시 송파구 백제고분로9길 35, 2층 (잠실동)",05560,03,폐업,피부미용업,,2,,2,
,,,,미즈미용실,일반미용업,4,,,,,194122.385578253,444015.9473901,2026-05-01 22:31:47,I,01,영업,,2021-01-14 09:05:09,1988-01-28,29.75,156-844,서울특별시 동작구 상도동 259-1,N,,3190000-211-1988-00002,3190000,"서울특별시 동작구 성대로 59, 1층 (상도동)",06960,01,영업/정상,일반미용업,02-821-8375,,,,
,0,,0,함옥란미용실,일반미용업,4,2000-07-11,,,,,,2026-05-01 22:32:18,I,02,폐업,,2000-08-09 00:00:00,1992-01-17,27.50,138-210,서울특별시 송파구 장지동 산 98-7,N,,3230000-204-1992-01232,3230000,,,03,폐업,미용업,02-430-7870,0,0,,
0,0,,0,힐링헤어,일반미용업,4,,,,,210303.31,443628.355,2026-05-01 22:34:02,I,01,영업,,2017-06-28 14:20:08,2013-04-11,29.00,138-804,서울특별시 송파구 가락동 96-13 지상1층,N,,3230000-211-2013-00031,3230000,"서울특별시 송파구 송파대로 284, 지상1층 (가락동)",05711,01,영업/정상,일반미용업,,1,,1,
,0,,0,웰빙멀티헤어샾,일반미용업,5,2007-12-14,,,,196718.840499133,443084.522475321,2026-05-01 22:31:40,I,02,폐업,,2007-08-02 17:06:14,2007-08-02,70.43,156-878,서울특별시 동작구 사당동 185-21,N,,3190000-204-2007-00034,3190000,,,03,폐업,미용업,02-581-9787,,,,
,3,,1,헤어플래닛 오다,일반미용업,5,2023-05-08,,,,196147.389253733,443795.142708592,2026-05-01 22:31:51,I,02,폐업,,2023-05-08 14:38:29,2005-09-09,60.90,156-030,서울특별시 동작구 상도동 511 숭실대학교,N,,3190000-211-2005-00016,3190000,"서울특별시 동작구 상도로 369, 숭실대학교 학생회관 408호 (상도동)",06978,03,폐업,일반미용업,,2,,2,
2,0,,1,for u brow(포유브로우),메이크업업,1,2025-11-03,,,,207373.50021477,445545.656024061,2026-05-01 22:36:11,I,02,폐업,0,2025-11-03 09:14:33,2021-07-14,24.96,138-908,서울특별시 송파구 잠실동 19-9 잠실파인애플상가,N,0,3230000-219-2021-00008,3230000,"서울특별시 송파구 올림픽로 119, 잠실파인애플상가 지하1층 제비10호 (잠실동)",05501,03,폐업,화장ㆍ분장 미용업,,,,,
1,0,,0,네일멜로디,네일아트업,3,,,,,191980.085287727,442883.5263429,2026-05-01 22:32:38,I,01,영업,0,2020-08-24 11:10:34,2020-08-24,27.45,156-854,서울특별시 동작구 신대방동 689-41,N,0,3190000-215-2020-00006,3190000,"서울특별시 동작구 신대방길 45, 1층 (신대방동)",07070,01,영업/정상,네일미용업,,1,,1,
0,0,임대,0,네일리고,네일아트업,4,,,,,210758.119119654,443662.956402309,2026-05-01 22:35:38,I,01,영업,0,2022-09-01 12:03:09,2020-01-06,35.82,138-803,서울특별시 송파구 가락동 78 아이티벤처타워,N,0,3230000-213-2020-00065,3230000,"서울특별시 송파구 중대로 135, 아이티벤처타워 B1층 117호 (가락동)",05717,01,영업/정상,종합미용업,,,,,
0,1,,0,소그노,일반미용업,3,,,,,195585.914045797,443690.595413251,2026-05-01 22:31:57,I,01,영업,,2014-10-01 14:02:12,2014-06-05,27.70,156-030,서울특별시 동작구 상도동 531 상도엠코타운센트럴파크 제상가3동 106호,N,,3190000-211-2014-00040,3190000,"서울특별시 동작구 상도로 346-1 (상도동, 상도엠코타운센트럴파크 제상가3동 106호)",07039,01,영업/정상,일반미용업,02-817-8486,,,,
1,0,,0,시크릿강현,일반미용업,4,2025-12-03,,,,208707.089897534,446299.352775446,2026-05-01 22:34:06,I,02,폐업,0,2025-12-03 15:04:06,2014-10-17,23.63,138-934,"서울특별시 송파구 신천동 7 장미비상가 2동 3층 25-1,25-2호",N,0,3230000-211-2014-00074,3230000,"서울특별시 송파구 올림픽로35길 112 (신천동, 장미비상가 2동 3층 25-1,25-2호)",05504,03,폐업,일반미용업,,3,,3,
1,0,,0,#휘,메이크업업,2,,,,,197982.852257439,442080.823854193,2026-05-01 22:32:51,I,01,영업,0,2019-03-15 17:13:58,2019-03-15,23.10,156-825,서울특별시 동작구 사당동 1022-44,N,0,3190000-222-2019-00002,3190000,"서울특별시 동작구 사당로26길 66, 1층 (사당동)",07016,01,영업/정상,"네일미용업, 화장ㆍ분장 미용업",,1,0,1,0
,0,,0,비바미용실,일반미용업,3,2000-01-08,,,,,,2026-05-01 22:32:18,I,02,폐업,,2000-01-15 00:00:00,1992-08-10,22.04,138-210,서울특별시 송파구 장지동 산 146-3,N,,3230000-204-1992-01402,3230000,,,03,폐업,미용업,02-421-8598,0,0,,
0,0,,0,앨리스,일반미용업,5,2022-08-31,,,,210748.378629444,445302.954476478,2026-05-01 22:34:10,I,02,폐업,0,2022-08-31 09:38:24,2015-04-28,42.00,138-835,서울특별시 송파구 방이동 211 지상1층,N,0,3230000-211-2015-00042,3230000,"서울특별시 송파구 마천로 14, 지상1층 (방이동)",05645,03,폐업,일반미용업,02-415-0097,1,,1,
0,0,,0,헤어 아뜰리에,일반미용업,3,,,,,212631.968657493,443089.54324724,2026-05-01 22:34:36,I,01,영업,0,2025-06-02 11:38:12,2025-06-02,38.40,138-110,서울특별시 송파구 거여동 293-1 세신거여훼미리타운,N,0,3230000-211-2025-00021,3230000,"서울특별시 송파구 양산로 12, 세신거여훼미리타운 2층 206호 (거여동)",05787,01,영업/정상,일반미용업,,,,,
0,0,임대,0,복언니손톱방,네일아트업,2,,,,,208026.929017481,444948.172018216,2026-05-01 22:36:22,I,01,영업,0,2018-11-12 15:38:32,2018-01-04,21.45,138-837,서울특별시 송파구 삼전동 17-4,N,0,3230000-226-2018-00004,3230000,"서울특별시 송파구 백제고분로21길 36, 104호 (삼전동)",05600,01,영업/정상,"피부미용업, 네일미용업, 화장ㆍ분장 미용업",,1,,1,
,4,,,헤어 프로포즈,일반미용업,4,2006-08-16,,,,212956.749189002,443330.087604434,2026-05-01 22:33:05,I,02,폐업,,2005-11-10 00:00:00,2005-09-20,67.00,138-814,서울특별시 송파구 거여동 30-16,N,,3230000-204-2005-00107,3230000,,,03,폐업,미용업,02-404-4135,1,,1,
,,,,조은미용실,일반미용업,3,2007-09-18,,,,196587.27601108,444749.846711681,2026-05-01 22:30:46,I,02,폐업,,2004-12-04 00:00:00,1989-07-28,14.04,156-859,서울특별시 동작구 흑석동 90-6,N,,3190000-204-1989-00867,3190000,,,03,폐업,미용업,02-0817-5993,,,,
,,,,에스더머리방,일반미용업,3,2003-02-26,,,,,,2026-05-01 22:32:12,I,02,폐업,,2003-03-17 00:00:00,1990-08-09,19.84,138-210,서울특별시 송파구 장지동 산 358-17,N,,3230000-204-1990-00834,3230000,,,03,폐업,미용업,02-408-1508,,,,
,,,,카이로프락틱,일반미용업,,2004-12-03,,,,209484.320725356,444751.41436612,2026-05-01 22:32:59,I,02,폐업,,2003-06-21 00:00:00,2003-06-21,.00,138-850,서울특별시 송파구 송파동 84-7 안흥빌딩 207호,N,,3230000-204-2003-00253,3230000,,,03,폐업,미용업,02-422-2696,,,,
0,0,,0,밈므네일스튜디오,네일아트업,4,,,,,209807.003938308,444459.489228146,2026-05-01 22:35:58,I,01,영업,0,2024-02-07 17:06:42,2024-02-07,21.00,138-854,서울특별시 송파구 송파동 98-3,N,0,3230000-215-2024-00004,3230000,"서울특별시 송파구 가락로 142, 1층 일부호 (송파동)",05676,01,영업/정상,네일미용업,,,,,
2,0,,0,씨크 앤 코지,네일아트업,5,2025-12-29,,,,207624.424720682,445533.439634339,2026-05-01 22:35:51,I,02,폐업,0,2025-12-29 13:46:28,2015-09-16,27.36,138-911,서울특별시 송파구 잠실동 22-6 리센츠상가 2층 제2에이39호,N,0,3230000-215-2015-00014,3230000,"서울특별시 송파구 올림픽로 145, 2층 제2에이39호 (잠실동, 리센츠상가)",05502,03,폐업,네일미용업,,2,,2,
2,0,,0,"마녀,날개를 달다",피부미용업,0,2018-12-05,,,,196867.099650809,445014.561640655,2026-05-01 22:32:13,I,02,폐업,,2018-12-05 16:27:51,2013-07-04,24.88,156-877,서울특별시 동작구 흑석동 9-73 2층 2호,N,,3190000-212-2013-00007,3190000,"서울특별시 동작구 현충로 108, 2층 2호 (흑석동)",06979,03,폐업,피부미용업,,2,,2,
0,0,,0,네일희야,네일아트업,3,2025-12-12,,,,211155.768583012,442911.954226727,2026-05-01 22:35:59,I,02,폐업,0,2025-12-12 13:42:28,2024-11-15,12.21,138-824,서울특별시 송파구 문정동 22-1 성현하우스,N,0,3230000-215-2024-00019,3230000,"서울특별시 송파구 동남로8길 30-12, 1층 101호 (문정동, 성현하우스)",05803,03,폐업,네일미용업,,,,,
,2,임대,1,블루클럽마천점,일반미용업,4,,,,,213032.020864518,443911.966488301,2026-05-01 22:33:27,I,01,영업,,2015-08-21 10:49:11,2005-03-24,39.66,138-818,서울특별시 송파구 마천동 126-4 1층,N,,3230000-211-2005-00003,3230000,"서울특별시 송파구 마천로41길 5, 1층 (마천동)",05756,01,영업/정상,일반미용업,02-431-1310,1,,1,
0,0,,0,모즈 토리(잠실새내역점),일반미용업,16,,,,,207204.149903202,445472.81494918,2026-05-01 22:35:37,I,01,영업,0,2025-06-26 14:20:26,2020-04-02,173.88,138-861,서울특별시 송파구 잠실동 181-6 동성빌딩,N,0,3230000-213-2020-00024,3230000,"서울특별시 송파구 올림픽로 104, 동성빌딩 2층 2호3호 (잠실동)",05557,01,영업/정상,종합미용업,,,,,
,4,,1,킴스헤어,일반미용업,3,2008-04-21,,,,194483.474409099,445094.191820121,2026-05-01 22:31:39,I,02,폐업,,2015-12-11 09:48:32,2007-03-20,16.00,156-806,서울특별시 동작구 노량진동 313-54,N,,3190000-204-2007-00008,3190000,,,03,폐업,미용업,60528552,1,0,1,0
0,0,,0,여우손톱,네일아트업,2,,,,,210263.547478862,445562.826943047,2026-05-01 22:35:57,I,01,영업,0,2021-11-26 11:54:58,2021-11-26,33.00,138-832,서울특별시 송파구 방이동 143,N,0,3230000-215-2021-00029,3230000,"서울특별시 송파구 가락로39길 21, 1층 (방이동)",05633,01,영업/정상,네일미용업,,,,,
,4,임대,1,유림미용실,일반미용업,3,2007-02-21,,,,210734.146856026,443122.024016568,2026-05-01 22:33:06,I,02,폐업,,2006-01-20 00:00:00,2005-12-14,30.00,138-806,서울특별시 송파구 가락동 102-20,N,,3230000-204-2005-00145,3230000,,,03,폐업,미용업,,1,,1,
0,0,,0,사라헤어,일반미용업,2,,,,,195789.551448186,443733.330194891,2026-05-01 22:32:10,I,01,영업,0,2025-09-24 10:07:21,2025-09-24,22.62,156-030,서울특별시 동작구 상도동 492-12 에이레네,N,0,3190000-211-2025-00023,3190000,"서울특별시 동작구 상도로58길 3, 1층 상가 101호 (상도동, 에이레네)",07040,01,영업/정상,일반미용업,,,,,
,4,임대,0,이해경 헤어,일반미용업,4,,,,,210764.723365293,444995.853154271,2026-05-01 22:33:41,I,01,영업,,2016-02-19 12:08:37,2008-03-11,33.00,138-836,서울특별시 송파구 방이동 224-3 지상1층,N,,3230000-211-2008-00010,3230000,"서울특별시 송파구 오금로31가길 13, 지상1층 (방이동)",05646,01,영업/정상,일반미용업,02-423-0034,1,,1,
,,,,미소뷰티샾,피부미용업,2,2023-01-11,,,,191817.18932617,443121.565478407,2026-05-01 22:32:21,I,02,폐업,,2023-01-11 10:07:29,1990-10-11,26.00,156-853,서울특별시 동작구 신대방동 607-58 1층,N,,3190000-213-1990-00001,3190000,"서울특별시 동작구 신대방길 113 (신대방동, 1층)",07069,03,폐업,종합미용업,02-831-2266,,,,
0,0,,0,네일#,네일아트업,5,2014-07-01,,,,193763.119312416,444141.345270519,2026-05-01 22:31:56,I,02,폐업,,2013-06-25 11:21:03,2013-06-25,23.42,156-839,서울특별시 동작구 상도동 324-45 1층,N,,3190000-211-2013-00020,3190000,"서울특별시 동작구 상도로12길 1 (상도동, 1층)",07041,03,폐업,일반미용업,02-0825-8263,,,,
0,0,,0,블루클럽 문정법조타운점,일반미용업,3,2022-01-03,,,,,,2026-05-01 22:35:35,I,02,폐업,0,2022-01-03 09:37:18,2018-03-28,34.40,138-888,서울특별시 송파구 문정동 642 송파 테라타워2,N,0,3230000-213-2018-00007,3230000,"서울특별시 송파구 송파대로 201, 송파 테라타워2 1층 B-121호 (문정동)",05854,03,폐업,종합미용업,,1,,1,
2,0,,0,서영 스킨앤바디케어(Skin & Body care),피부미용업,2,2016-07-18,,,,210045.748264305,442930.687284628,2026-05-01 22:35:00,I,02,폐업,0,2014-12-10 16:33:15,2014-12-10,35.51,138-885,서울특별시 송파구 문정동 150 훼밀리상가 1동 B192호,N,0,3230000-212-2014-00055,3230000,"서울특별시 송파구 중대로 24, 1동 B192호 (문정동, 훼밀리상가)",05834,03,폐업,피부미용업,,,1,,1
4,0,임대,0,아베끄마린스파,피부미용업,0,2011-03-04,,,,210300.364167237,443667.491168483,2026-05-01 22:34:43,I,02,폐업,,2010-06-17 11:07:12,2010-06-17,66.00,138-804,서울특별시 송파구 가락동 96-4 3층,N,,3230000-212-2010-00053,3230000,,,03,폐업,피부미용업,02-406-4662,3,,3,
,0,,0,하나헤어패션,일반미용업,3,1996-11-13,,,,,,2026-05-01 22:32:19,I,02,폐업,,2002-09-04 00:00:00,1993-07-13,20.13,138-210,서울특별시 송파구 장지동 산 154-3,N,,3230000-204-1993-00798,3230000,,,03,폐업,미용업,,0,0,,
,,,,정현미용실,일반미용업,2,2003-04-01,,,,207750.499013776,445762.808120998,2026-05-01 22:32:29,I,02,폐업,,2003-04-01 00:00:00,1996-07-05,15.44,138-911,서울특별시 송파구 잠실동 22-0 주공2단지 223동 지하호,N,,3230000-204-1996-01686,3230000,,,03,폐업,미용업,02-416-4907,,,,
0,0,,0,왓츠 유어 네일(WHAT'S YOUR NAIL),네일아트업,2,,,,,210273.022666226,444955.198182694,2026-05-01 22:35:58,I,01,영업,0,2024-01-31 15:43:25,2024-01-31,37.92,138-854,서울특별시 송파구 송파동 150-5,N,0,3230000-215-2024-00002,3230000,"서울특별시 송파구 가락로28길 7-11, 다동 101호 (송파동)",05671,01,영업/정상,네일미용업,,,,,
0,0,,0,봄뷰티 아카데미,일반미용업,2,2025-12-02,,,,193218.36400997,443239.581054145,2026-05-01 22:32:09,I,02,폐업,3,2025-12-02 14:32:04,2024-11-21,10.70,156-713,서울특별시 동작구 신대방동 395-69 보라매아카데미타워,N,0,3190000-211-2024-00022,3190000,"서울특별시 동작구 보라매로5가길 16, 제4층 제406호 (신대방동, 보라매아카데미타워)",07071,03,폐업,일반미용업,,,,,
2,0,,0,솔미인 뷰티바,일반미용업,3,2020-02-28,,,,209640.808434801,444797.172914242,2026-05-01 22:36:07,I,02,폐업,0,2020-02-28 15:56:48,2015-11-11,41.00,138-850,서울특별시 송파구 송파동 87-20,N,0,3230000-217-2015-00003,3230000,"서울특별시 송파구 송파대로42길 20, 201호 (송파동)",05667,03,폐업,"일반미용업, 네일미용업",02-415-6480,2,,2,
0,0,,0,45K,네일아트업,9,2019-11-14,,,,209452.341133051,444866.77298564,2026-05-01 22:35:55,I,02,폐업,0,2019-11-14 09:04:27,2019-04-26,31.02,138-848,서울특별시 송파구 송파동 19-5 남경빌딩,N,0,3230000-215-2019-00024,3230000,"서울특별시 송파구 백제고분로 379, 남경빌딩 202호 (송파동)",05626,03,폐업,네일미용업,,,,,
0,0,,0,더 샤링 헤어,일반미용업,3,,,,,194028.639907457,444301.343900875,2026-05-01 22:32:08,I,01,영업,0,2023-09-22 10:56:37,2023-09-22,27.00,156-839,서울특별시 동작구 상도동 347-3,N,0,3190000-211-2023-00031,3190000,"서울특별시 동작구 성대로1길 11, 1층 105호 (상도동)",06959,01,영업/정상,일반미용업,,,,,
,,,,영헤어라인,일반미용업,7,,,,,210303.832386719,447899.829118804,2026-05-01 22:33:16,I,01,영업,,2014-04-22 14:27:56,2003-02-27,36.00,138-874,서울특별시 송파구 풍납동 231-47 지상1층,N,,3230000-211-1988-00014,3230000,"서울특별시 송파구 풍성로20길 9, 지상1층 (풍납동)",05528,01,영업/정상,일반미용업,02-483-8319,,,,
1,0,,0,맨하탄 왁싱,피부미용업,3,,,,,,,2026-05-01 22:35:46,I,01,영업,0,2025-03-04 17:03:33,2025-03-04,20.00,138-888,서울특별시 송파구 문정동 645-2 에이치비즈니스파크,N,0,3230000-213-2025-00010,3230000,"서울특별시 송파구 법원로9길 26, 에이치비즈니스파크 C동 1층 119호 (문정동)",05836,01,영업/정상,종합미용업,,,,,
,0,,0,건강미용실,일반미용업,0,2000-08-31,,,,197008.579805045,442667.435480625,2026-05-01 22:31:04,I,02,폐업,,2000-09-02 00:00:00,2000-02-23,.00,156-879,서울특별시 동작구 사당동 215-11,N,,3190000-204-2000-01499,3190000,,,03,폐업,미용업,02-523-1426,0,0,0,0
,4,임대,1,헤어2000,일반미용업,4,2007-05-11,,,,212034.225867965,444245.420744453,2026-05-01 22:33:05,I,02,폐업,,2005-09-14 00:00:00,2005-06-14,33.00,138-859,서울특별시 송파구 오금동 151-3 제삼빌딩 1층 106호,N,,3230000-204-2005-00068,3230000,,,03,폐업,미용업,02-431-7253,1,,1,
1,0,,0,도브뷰티,기타,3,,,,,210807.679324958,443570.402039526,2026-05-01 22:36:09,I,01,영업,0,2023-07-21 17:11:32,2023-07-21,9.90,138-806,서울특별시 송파구 가락동 112-19,N,0,3230000-218-2023-00006,3230000,"서울특별시 송파구 중대로12길 4, 1층 (가락동)",05829,01,영업/정상,"피부미용업, 네일미용업",,,,,
2,0,임대,0,올가드림뷰티,피부미용업,2,2022-03-07,,,,210196.110874533,447259.015828899,2026-05-01 22:35:18,I,02,폐업,0,2022-03-07 12:25:23,2019-10-08,10.00,138-878,서울특별시 송파구 풍납동 399-19,N,0,3230000-212-2019-00034,3230000,"서울특별시 송파구 강동대로9길 9, 1층 103호 (풍납동)",05537,03,폐업,피부미용업,,1,,1,
,2,임대,1,예린헤어,일반미용업,4,2012-05-31,,,,197006.752409975,445072.723413572,2026-05-01 22:31:27,I,02,폐업,,2004-05-27 00:00:00,2004-02-02,24.85,156-877,서울특별시 동작구 흑석동 10 명수대현대(아)상가A동102호,N,,3190000-204-2004-00004,3190000,,,03,폐업,미용업,02-815-0609,1,,1,
6,0,,0,세레니끄 잠실,피부미용업,7,2020-11-02,,,,207624.424720682,445533.439634339,2026-05-01 22:35:11,I,02,폐업,0,2020-11-02 10:59:53,2017-04-19,102.00,138-911,서울특별시 송파구 잠실동 22-6,N,0,3230000-212-2017-00013,3230000,"서울특별시 송파구 올림픽로 145, 3층 A03,A04호 (잠실동, 리센츠상가)",05502,03,폐업,피부미용업,02-422-1580,3,,3,
,0,,0,헤어스케치,일반미용업,4,1997-05-01,,,,,,2026-05-01 22:32:08,I,02,폐업,,2002-09-04 00:00:00,1988-06-29,38.80,138-210,서울특별시 송파구 장지동 산 191-7,N,,3230000-204-1988-01362,3230000,,,03,폐업,미용업,02-408-7193,0,0,,
,,,,귀거래미용실,일반미용업,3,2005-10-11,,,,193978.193655711,444143.280007029,2026-05-01 22:30:44,I,02,폐업,,2004-12-03 00:00:00,1985-06-04,32.91,156-030,서울특별시 동작구 상도동 314-13,N,,3190000-204-1985-01395,3190000,,,03,폐업,미용업,02-0822-9588,,,,
,0,,0,선화미용실,일반미용업,0,1998-01-09,,,,,,2026-05-01 22:30:48,I,02,폐업,,2001-09-29 00:00:00,1990-06-07,.00,156-859,서울특별시 동작구 흑석동 95-211,N,,3190000-204-1990-01020,3190000,,,03,폐업,미용업,02-812-4319,0,0,0,0
,0,,0,새나라구내미용,일반미용업,4,1995-01-18,,,,,,2026-05-01 22:32:08,I,02,폐업,,2002-09-04 00:00:00,1988-11-30,21.20,138-210,서울특별시 송파구 장지동 산 40-1,N,,3230000-204-1988-01310,3230000,,,03,폐업,미용업,02-0000-0000,0,0,,
0,0,,0,단발머리미용실,일반미용업,3,2017-10-24,,,,195777.313526022,444389.731729585,2026-05-01 22:31:55,I,02,폐업,,2017-10-24 09:53:06,2011-11-09,33.00,156-834,서울특별시 동작구 상도1동 333-2,N,,3190000-211-2011-00026,3190000,서울특별시 동작구 상도로45길 57 (상도1동),06970,03,폐업,일반미용업,070-8965-8022,,,,
,3,,,사랑새미용실,일반미용업,3,,,,,195590.586035564,444218.427504374,2026-05-01 22:31:47,I,01,영업,,2020-11-08 12:50:51,1988-01-29,18.62,156-031,서울특별시 동작구 상도1동 264-1 1층,N,,3190000-211-1988-00005,3190000,"서울특별시 동작구 상도로37길 40 (상도1동, 1층)",06970,01,영업/정상,일반미용업,02-0814-1082,1,,,
2,0,,0,에이치바이엠(HbyM) 송파점,일반미용업,6,,,,,209908.012438227,444526.97316112,2026-05-01 22:36:21,I,01,영업,0,2023-11-10 12:42:43,2023-09-14,98.00,138-854,서울특별시 송파구 송파동 103-33,N,0,3230000-225-2023-00016,3230000,"서울특별시 송파구 가락로 154, 2층 (송파동)",05675,01,영업/정상,"일반미용업, 네일미용업, 화장ㆍ분장 미용업",02-4012-2021,,,,
,4,,,예쁜걸,일반미용업,4,2005-11-01,,,,211756.727027593,442913.651142972,2026-05-01 22:32:59,I,02,폐업,,2004-11-17 00:00:00,2003-08-06,24.00,138-200,서울특별시 송파구 문정동 126-13,N,,3230000-204-2003-00277,3230000,,,03,폐업,미용업,,1,,1,
1,0,임대,0,Mion hair(미온헤어),일반미용업,4,,,,,210864.747947143,444324.518612264,2026-05-01 22:34:33,I,01,영업,0,2022-03-22 10:47:12,2022-03-22,39.60,138-801,서울특별시 송파구 가락동 29-14,N,0,3230000-211-2022-00009,3230000,"서울특별시 송파구 양재대로66길 22, 1층 103호 (가락동)",05705,01,영업/정상,일반미용업,02-406-8899,1,,1,
0,0,,0,꼼네일,네일아트업,3,,,,,208222.120048351,444836.153787423,2026-05-01 22:35:52,I,01,영업,0,2021-05-21 09:46:21,2016-04-07,25.00,138-840,서울특별시 송파구 삼전동 108-7,N,0,3230000-215-2016-00015,3230000,"서울특별시 송파구 백제고분로27길 30, 1층 (삼전동)",05601,01,영업/정상,네일미용업,070-8163-2312,1,,1,
,,,,헤어스케치,일반미용업,,2003-09-08,,,,194623.506241481,444947.524960019,2026-05-01 22:31:09,I,02,폐업,,2003-09-08 00:00:00,2001-09-19,.00,156-806,서울특별시 동작구 노량진동 310-164,N,,3190000-204-2001-01581,3190000,,,03,폐업,미용업,02-823-5372,,,,
0,0,,0,오늘헤어,일반미용업,2,,,,,193810.01277159,445610.160717686,2026-05-01 22:32:10,I,01,영업,0,2025-06-24 13:47:44,2025-06-24,20.64,156-811,서울특별시 동작구 대방동 502 대방동현대아파트현대종합상가,N,0,3190000-211-2025-00015,3190000,"서울특별시 동작구 노량진로 48, 대방동현대아파트현대종합상가 나동 지상105호 (대방동)",06940,01,영업/정상,일반미용업,02-817-9989,,,,
,,,,머리나라헤어라인,일반미용업,3,2003-02-26,,,,,,2026-05-01 22:32:46,I,02,폐업,,2003-03-17 00:00:00,1999-06-12,13.60,138-210,서울특별시 송파구 장지동 산 102-0 한신아파트상가 101호,N,,3230000-204-1999-02171,3230000,,,03,폐업,미용업,02-3401-6456,,,,
,0,,0,에벤에셀헤어미용실,일반미용업,0,1995-03-03,,,,,,2026-05-01 22:30:51,I,02,폐업,,2001-09-29 00:00:00,1993-04-22,.00,156-847,서울특별시 동작구 신대방동 355-8,N,,3190000-204-1993-00559,3190000,,,03,폐업,미용업,02-825-8754,0,0,0,0
0,0,임대,0,제니스뷰티,일반미용업,3,2012-01-12,,,,207326.792144276,445131.77973392,2026-05-01 22:33:12,I,02,폐업,,2009-10-08 10:21:51,2009-10-08,58.27,138-863,서울특별시 송파구 잠실동 213-4 1층,N,,3230000-204-2009-00077,3230000,,,03,폐업,미용업,02-422-0851,1,,1,
,0,,0,소정,일반미용업,2,2002-02-22,,,,,,2026-05-01 22:32:02,I,02,폐업,,2002-03-09 00:00:00,1979-12-03,12.92,138-210,서울특별시 송파구 장지동 산 126-179,N,,3230000-204-1979-01660,3230000,,,03,폐업,미용업,02-0478-6977,0,0,,
,0,,0,헤어샵씨엔씨,일반미용업,4,2003-02-26,,,,197897.7803172,441754.010172867,2026-05-01 22:30:55,I,02,폐업,,2003-02-26 00:00:00,1996-09-04,"2,544.00",156-827,서울특별시 동작구 사당동 419-146,N,,3190000-204-1996-00410,3190000,,,03,폐업,미용업,02-598-3558,0,0,0,0
,0,,0,오지영,일반미용업,3,1997-06-09,,,,,,2026-05-01 22:32:04,I,02,폐업,,2002-09-04 00:00:00,1984-06-27,14.24,138-210,서울특별시 송파구 장지동 산 312-18,N,,3230000-204-1984-01706,3230000,,,03,폐업,미용업,02-412-5521,0,0,,
2,0,,0,로드28 송파위례점,일반미용업,5,,,,,212539.95883993,442180.770198789,2026-05-01 22:36:22,I,01,영업,0,2024-10-23 12:32:32,2024-10-23,51.60,138-926,서울특별시 송파구 장지동 880-1 성희프라자,N,0,3230000-225-2024-00014,3230000,"서울특별시 송파구 위례광장로 199, 성희프라자 2층 202-1호 (장지동)",05849,01,영업/정상,"일반미용업, 네일미용업, 화장ㆍ분장 미용업",,,,,
,0,,0,예지미용실,일반미용업,0,1996-01-27,,,,,,2026-05-01 22:30:46,I,02,폐업,,2001-09-29 00:00:00,1988-03-23,.00,156-031,서울특별시 동작구 상도1동 110-54,N,,3190000-204-1988-00817,3190000,,,03,폐업,미용업,02-816-7393,0,0,0,0
,0,,0,탤런드미용실,일반미용업,3,1997-02-21,,,,,,2026-05-01 22:32:26,I,02,폐업,,2002-09-04 00:00:00,1996-01-18,19.38,138-210,서울특별시 송파구 장지동 산 41-0,N,,3230000-204-1996-00368,3230000,,,03,폐업,미용업,02-3431-0777,0,0,,
0,0,,0,칩꾸아프,일반미용업,6,2018-08-21,,,,209730.584742929,444433.557667811,2026-05-01 22:34:14,I,02,폐업,0,2018-08-21 15:27:39,2016-03-08,145.90,138-854,서울특별시 송파구 송파동 97-1,N,0,3230000-211-2016-00024,3230000,"서울특별시 송파구 가락로 134, 지상2층 (송파동)",05676,03,폐업,일반미용업,02-423-8544,,,,
,,,,오다헤어,일반미용업,7,2017-05-16,,,,207553.918225133,445383.338011122,2026-05-01 22:33:38,I,02,폐업,,2017-05-16 13:53:34,2007-04-19,66.00,138-915,서울특별시 송파구 잠실동 35-2 트리지움 상가2층 236호,N,,3230000-211-2007-00007,3230000,"서울특별시 송파구 석촌호수로 61, 지상2층 236호 (잠실동, 트리지움상가)",05555,03,폐업,일반미용업,02-422-3788,,,,
5,0,,0,에스테틱 라인,피부미용업,2,2019-05-30,,,,208037.869945906,444531.509173348,2026-05-01 22:35:12,I,02,폐업,0,2019-05-30 14:01:06,2017-10-12,80.00,138-838,서울특별시 송파구 삼전동 49-3,N,0,3230000-212-2017-00035,3230000,"서울특별시 송파구 백제고분로 228, 2층 203호 (삼전동)",,03,폐업,피부미용업,,2,,2,
0,0,,0,루미네일,네일아트업,5,2023-02-28,,,,210986.460698452,441725.293491662,2026-05-01 22:35:57,I,02,폐업,0,2023-02-28 09:25:32,2021-11-29,11.56,138-960,서울특별시 송파구 문정동 634 가든파이브라이프,N,0,3230000-215-2021-00030,3230000,"서울특별시 송파구 충민로 66, 가든파이브라이프 2층 T2113호 (문정동)",05838,03,폐업,네일미용업,,,,,
0,0,,0,메이드인헤어(MADE 人 HAIR),일반미용업,2,,,,,196587.030630143,444939.455414947,2026-05-01 22:32:01,I,01,영업,0,2022-09-14 09:55:50,2017-09-27,24.08,156-070,서울특별시 동작구 흑석동 332 이랜드해가든,N,0,3190000-211-2017-00050,3190000,"서울특별시 동작구 서달로 150, 1층 153호 (흑석동, 이랜드해가든)",06980,01,영업/정상,일반미용업,,1,,,
,,,,현대,일반미용업,6,,,,,207591.935792101,445173.382920733,2026-05-01 22:33:15,I,01,영업,,2018-03-02 10:24:09,2003-02-27,33.50,138-862,서울특별시 송파구 잠실동 209-2,N,,3230000-211-1979-00004,3230000,서울특별시 송파구 석촌호수로 84 (잠실동),05564,01,영업/정상,일반미용업,02-412-5090,,,,
2,0,,0,Queen's(퀸즈),피부미용업,0,2019-06-24,,,,191831.580904689,443027.437353308,2026-05-01 22:32:18,I,02,폐업,0,2019-06-24 13:55:42,2018-12-19,31.59,156-727,서울특별시 동작구 신대방동 712 경남아파트 상가,N,0,3190000-212-2018-00029,3190000,"서울특별시 동작구 신대방길 85, 101호 (신대방동, 경남아파트)",07069,03,폐업,피부미용업,,,,,
,,,,현이네,일반미용업,2,,,,,210488.232400284,448339.007746536,2026-05-01 22:33:16,I,01,영업,,2014-07-23 13:54:10,2003-02-27,11.55,138-872,서울특별시 송파구 풍납동 142-13,N,,3230000-211-1988-00013,3230000,서울특별시 송파구 바람드리16길 6 (풍납동),05518,01,영업/정상,일반미용업,02-470-8546,,,,
0,0,,0,Art gallery 2017,네일아트업,6,2019-03-04,,,,209722.209844997,444753.882966806,2026-05-01 22:35:53,I,02,폐업,0,2019-03-04 16:29:56,2017-02-09,32.34,138-851,서울특별시 송파구 송파동 111-10,N,0,3230000-215-2017-00004,3230000,서울특별시 송파구 가락로21길 33 (송파동),05666,03,폐업,네일미용업,02-6104-6766,,,,
0,0,,0,세레니끄잠실,피부미용업,6,2017-02-28,,,,207624.424720682,445533.439634339,2026-05-01 22:34:46,I,02,폐업,,2017-02-28 16:40:14,2011-10-17,103.10,138-911,"서울특별시 송파구 잠실동 22-6 리센츠상가 3층 3A3, 3A4호",N,,3230000-212-2011-00057,3230000,"서울특별시 송파구 올림픽로 145, 지상3층  3A3, 3A4호 (잠실동, 리센츠상가)",05502,03,폐업,피부미용업,02-422-1580,3,,3,
0,2,,0,오마이여신 헤어쇼,일반미용업,4,2025-10-22,,,,211223.721692078,443120.458084294,2026-05-01 22:34:08,I,02,폐업,0,2025-10-22 13:43:52,2014-10-02,53.62,138-824,서울특별시 송파구 문정동 9-10,N,0,3230000-211-2014-00103,3230000,"서울특별시 송파구 송이로 198, 1층 (문정동)",05796,03,폐업,일반미용업,,,,,
,,,,은화헤어크리닉,일반미용업,4,2002-10-09,,,,211714.676816511,445627.242943824,2026-05-01 22:32:16,I,02,폐업,,2003-03-13 00:00:00,1991-10-09,25.20,138-829,서울특별시 송파구 방이동 89-17 상가2동,N,,3230000-204-1991-01336,3230000,,,03,폐업,미용업,02-449-8119,,,,
1,0,,0,ELYON(엘리온),메이크업업,1,2024-01-24,,,,209640.808434801,444797.172914242,2026-05-01 22:35:41,I,02,폐업,0,2024-01-24 16:01:51,2022-08-26,10.00,138-850,서울특별시 송파구 송파동 87-20 승운빌딩,N,0,3230000-213-2022-00042,3230000,"서울특별시 송파구 송파대로42길 20, 승운빌딩 2층 201(일부)호 (송파동)",05667,03,폐업,종합미용업,,,,,
0,0,,0,one six hair(원식스 헤어),일반미용업,3,,,,,209803.615732978,444408.66570451,2026-05-01 22:34:25,I,01,영업,0,2018-02-13 09:48:52,2018-02-13,44.41,138-854,서울특별시 송파구 송파동 98-29,N,0,3230000-211-2018-00009,3230000,"서울특별시 송파구 가락로18길 9, 1층 (송파동)",05676,01,영업/정상,일반미용업,,1,,1,
1,0,,0,엘프라인,일반미용업,6,2016-12-19,,,,207334.292827174,445092.452293179,2026-05-01 22:34:14,I,02,폐업,0,2016-03-07 16:58:25,2016-03-07,18.00,138-863,서울특별시 송파구 잠실동 213-9,N,0,3230000-211-2016-00023,3230000,"서울특별시 송파구 올림픽로12길 39-1, 지상1층 (잠실동)",05564,03,폐업,일반미용업,,1,,1,
1,0,,0,모아레스튜디오 잠실속눈썹,메이크업업,3,,,,,207241.193120751,445244.515103368,2026-05-01 22:35:42,I,01,영업,0,2024-09-23 10:09:35,2022-09-27,55.33,138-862,서울특별시 송파구 잠실동 203-9 새한빌,N,0,3230000-213-2022-00050,3230000,"서울특별시 송파구 백제고분로7길 32-32, 101호 (잠실동, 새한빌)",05563,01,영업/정상,종합미용업,,4,,4,
,,,,꾸미지오,일반미용업,6,2015-09-02,,,,194998.423773035,445464.767769028,2026-05-01 22:31:50,I,02,폐업,,2006-10-26 00:00:00,2001-04-02,23.38,156-801,서울특별시 동작구 노량진동 119-75,N,,3190000-211-2001-00002,3190000,서울특별시 동작구 만양로 89 (노량진동),06923,03,폐업,일반미용업,02-826-0345,1,,1,
0,0,,0,이진헤어,일반미용업,13,2019-06-25,,,,198202.472533419,442471.241038085,2026-05-01 22:32:01,I,02,폐업,0,2019-06-25 13:00:13,2017-10-17,134.79,156-816,"서울특별시 동작구 사당동 147-29 223호, 224호",N,0,3190000-211-2017-00053,3190000,"서울특별시 동작구 사당로 300 (사당동, 223호, 224호)",07013,03,폐업,일반미용업,,2,,,
,3,임대,0,박영식헤어스튜디오,일반미용업,5,2011-04-26,,,,210142.71106049,445778.995354803,2026-05-01 22:33:10,I,02,폐업,,2008-06-17 17:48:32,2008-05-28,59.40,138-832,서울특별시 송파구 방이동 151 지상1층,N,,3230000-204-2008-00049,3230000,,,03,폐업,미용업,,1,0,1,0
0,0,임대,0,골드스킨앤바디,피부미용업,5,2009-10-05,,,,211619.368009793,445963.384875409,2026-05-01 22:34:39,I,02,폐업,,2009-07-22 16:29:40,2009-07-22,54.90,138-829,서울특별시 송파구 방이동 89-11 올림픽선수촌@중심상가 2층 05호,N,,3230000-212-2009-00029,3230000,,,03,폐업,피부미용업,02-401-5130,2,,2,
7,0,임대,0,수수뷰티,피부미용업,7,,,,,209376.434134421,444944.293762175,2026-05-01 22:36:16,I,01,영업,0,2021-06-07 15:23:37,2021-04-20,95.00,138-848,서울특별시 송파구 송파동 16-14 레이크프라자,N,0,3230000-221-2021-00003,3230000,"서울특별시 송파구 송파대로44길 6, 3층 (송파동)",05626,01,영업/정상,"피부미용업, 화장ㆍ분장 미용업",,3,,3,
0,0,임대,0,MOON 헤어,일반미용업,3,,,,,210849.469580245,445236.59160193,2026-05-01 22:33:53,I,01,영업,,2017-07-14 14:25:01,2010-10-08,33.00,138-835,서울특별시 송파구 방이동 213-7,N,,3230000-211-2010-00087,3230000,"서울특별시 송파구 오금로31길 42-4, 1층 (방이동)",05646,01,영업/정상,일반미용업,02-431-2918,1,,1,
2,0,임대,0,두눈속으로,메이크업업,0,2024-05-01,,,,209966.476881714,445234.668950773,2026-05-01 22:35:41,I,02,폐업,0,2024-05-01 13:36:08,2022-08-08,45.00,138-852,서울특별시 송파구 송파동 141 동서빌딩,N,0,3230000-213-2022-00040,3230000,"서울특별시 송파구 오금로 172, 301호 (송파동)",05663,03,폐업,종합미용업,,,,,
,0,,0,이화진,일반미용업,2,1992-05-14,,,,,,2026-05-01 22:32:07,I,02,폐업,,2002-09-04 00:00:00,1987-05-14,15.50,138-210,서울특별시 송파구 장지동 산 326-1,N,,3230000-204-1987-01511,3230000,,,03,폐업,미용업,02-0407-8078,0,0,,
3,0,임대,0,클라라 에스테틱,피부미용업,3,2022-10-11,,,,207283.657150807,444952.316113356,2026-05-01 22:34:45,I,02,폐업,,2022-10-11 17:54:29,2011-01-20,24.00,138-863,서울특별시 송파구 잠실동 226-5 대영빌딩,N,,3230000-212-2011-00004,3230000,"서울특별시 송파구 올림픽로12길 54, 가호 102호 (잠실동, 대영빌딩)",05569,03,폐업,피부미용업,,1,,1,
6,0,,0,[N:]스킨 에스테틱,피부미용업,6,2020-11-19,,,,210188.20617917,447491.32548589,2026-05-01 22:34:47,I,02,폐업,,2020-11-19 14:02:34,2011-12-16,100.00,138-879,서울특별시 송파구 풍납동 404 3층,N,,3230000-212-2011-00063,3230000,"서울특별시 송파구 풍성로26길 56, 3층 (풍납동)",,03,폐업,피부미용업,02-471-6555,3,,3,
0,0,,0,밀리오레,일반미용업,8,,,,,198158.481444597,441888.141114889,2026-05-01 22:31:46,I,01,영업,,2020-11-08 12:25:39,1987-02-03,47.69,156-826,서울특별시 동작구 사당동 1033-22,N,,3190000-211-1987-00011,3190000,서울특별시 동작구 동작대로7길 36 (사당동),07015,01,영업/정상,일반미용업,02-0584-2032,1,0,1,0
,0,,0,리즈,일반미용업,3,1999-04-07,,,,,,2026-05-01 22:32:17,I,02,폐업,,2002-09-04 00:00:00,1992-08-22,19.96,138-210,서울특별시 송파구 장지동 산 7-0 장미 B 상가동 318호,N,,3230000-204-1992-00889,3230000,,,03,폐업,미용업,02-413-5478,0,0,,
1,0,,0,오빠네일 위례본점,네일아트업,6,2026-01-30,,,,212452.558599859,441411.906445707,2026-05-01 22:36:09,I,02,폐업,0,2026-01-30 10:49:48,2023-02-20,51.20,138-926,서울특별시 송파구 장지동 897 위례중앙푸르지오1단지,N,0,3230000-218-2023-00003,3230000,"서울특별시 송파구 위례광장로 120, 상가동 204호 (장지동, 위례중앙푸르지오1단지)",05852,03,폐업,"피부미용업, 네일미용업",,,,,
,0,,0,박,일반미용업,5,1992-05-14,,,,,,2026-05-01 22:32:05,I,02,폐업,,2002-09-04 00:00:00,1984-05-10,34.40,138-210,서울특별시 송파구 장지동 산 128-113,N,,3230000-204-1984-01739,3230000,,,03,폐업,미용업,02-0400-9553,0,0,,
,,,,정연,일반미용업,5,1998-06-26,,,,,,2026-05-01 22:32:04,I,02,폐업,,2003-02-20 00:00:00,1983-09-05,24.08,138-160,서울특별시 송파구 가락동 0000,N,,3230000-204-1983-01749,3230000,,,03,폐업,미용업,,,,,
,0,,0,아가네,일반미용업,3,1991-10-25,,,,,,2026-05-01 22:32:09,I,02,폐업,,2002-09-04 00:00:00,1988-05-31,.00,138-210,서울특별시 송파구 장지동 산 214-17,N,,3230000-204-1988-01385,3230000,,,03,폐업,미용업,02-0417-2564,0,0,,
,3,,1,신은아 머리나라,일반미용업,3,2012-09-10,,,,193536.444322814,443946.554411617,2026-05-01 22:31:38,I,02,폐업,,2006-10-20 00:00:00,2006-08-18,23.20,156-847,서울특별시 동작구 신대방동 345-3,N,,3190000-204-2006-00034,3190000,서울특별시 동작구 보라매로 93 (신대방동),07060,03,폐업,미용업,,1,,1,
0,0,,0,헤어바이서연,일반미용업,3,,,,,210868.866131196,443002.581507968,2026-05-01 22:36:22,I,01,영업,0,2025-11-28 17:06:52,2025-11-28,45.00,138-825,서울특별시 송파구 문정동 41-7 현진빌딩,N,0,3230000-225-2025-00014,3230000,"서울특별시 송파구 문정로1길 34, 현진빌딩 1층 102호 (문정동)",05805,01,영업/정상,"일반미용업, 네일미용업, 화장ㆍ분장 미용업",,,,,
,4,임대,,이경민헤어샵,일반미용업,5,2006-02-20,,,,193660.307833336,445537.869850621,2026-05-01 22:31:36,I,02,폐업,,2006-01-20 00:00:00,2005-10-13,36.28,156-020,서울특별시 동작구 대방동 508 대방1차 e편한세상 상가동 202호,N,,3190000-204-2005-00042,3190000,,,03,폐업,미용업,,2,,2,
3,0,,0,bm spa(비엠스파),피부미용업,3,2017-02-28,,,,209151.713940169,446519.612162961,2026-05-01 22:34:56,I,02,폐업,,2017-02-28 17:03:54,2014-07-31,56.12,138-240,서울특별시 송파구 신천동 17-4 파크리오상가 A동 211호,N,,3230000-212-2014-00028,3230000,"서울특별시 송파구 올림픽로 435, A동 211호 (신천동, 파크리오상가)",05507,03,폐업,피부미용업,,2,,2,
,,,,코디헤어라인,일반미용업,,2003-10-31,,,,207104.04788914,444811.382438764,2026-05-01 22:32:52,I,02,폐업,,2003-06-12 00:00:00,2003-02-27,.00,138-865,서울특별시 송파구 잠실동 312-18 (1층),N,,3230000-204-2000-02343,3230000,,,03,폐업,미용업,02-412-5521,,,,
,,,,이혜숙헤어센스,일반미용업,3,1997-10-30,,,,,,2026-05-01 22:32:11,I,02,폐업,,2003-02-20 00:00:00,1989-07-10,29.88,138-160,서울특별시 송파구 가락동 00,N,,3230000-204-1989-01196,3230000,,,03,폐업,미용업,,,,,
,0,,0,허브,일반미용업,0,2003-02-26,,,,198125.296399464,442537.541476364,2026-05-01 22:31:06,I,02,폐업,,2003-02-26 00:00:00,2000-05-02,.00,156-824,서울특별시 동작구 사당동 708-988,N,,3190000-204-2000-01513,3190000,,,03,폐업,미용업,02-532-2523,0,0,0,0
0,0,,0,더끌림헤어,일반미용업,4,,,,,210908.863646584,443425.926372111,2026-05-01 22:34:04,I,01,영업,,2022-05-30 09:56:55,2014-06-10,30.50,138-806,서울특별시 송파구 가락동 117-21 용유,N,,3230000-211-2014-00023,3230000,"서울특별시 송파구 중대로12길 22, 1층 102호 (가락동, 용유)",05829,01,영업/정상,일반미용업,031-751-6713,1,,1,
5,0,,0,HAN스킨케어,피부미용업,5,2016-11-14,,,,206397.34797252,444963.233863255,2026-05-01 22:35:00,I,02,폐업,0,2014-11-19 14:25:27,2014-11-19,60.04,138-798,서울특별시 송파구 잠실동 101-1 우성아파트상가(프리마쇼핑) 1동,N,0,3230000-212-2014-00048,3230000,"서울특별시 송파구 올림픽로4길 48, 1동 303호 (잠실동, 프리마쇼핑)",05571,03,폐업,피부미용업,02-421-7009,3,,3,
0,0,임대,0,모리네일,네일아트업,2,,,,,,,2026-05-01 22:35:56,I,01,영업,0,2024-12-05 15:22:24,2020-01-03,65.42,138-888,서울특별시 송파구 문정동 652-5 문정 아이파크,N,0,3230000-215-2020-00001,3230000,"서울특별시 송파구 법원로4길 6, 문정 아이파크 3층 304호 (문정동)",05855,01,영업/정상,네일미용업,,1,,1,
0,1,,0,한헤어,일반미용업,3,,,,,193873.693784755,443954.207710408,2026-05-01 22:32:03,I,01,영업,0,2022-03-02 13:24:35,2018-08-20,41.30,156-844,서울특별시 동작구 상도동 308-12,N,0,3190000-211-2018-00039,3190000,"서울특별시 동작구 국사봉1길 82, 1층 좌측호 (상도동)",07043,01,영업/정상,일반미용업,,0,0,0,0
0,0,임대,0,신세계헤어칼라,일반미용업,3,2015-09-09,,,,211385.525093633,444886.43780348,2026-05-01 22:33:53,I,02,폐업,,2015-09-11 16:44:13,2010-07-22,33.00,138-855,서울특별시 송파구 오금동 36-13,N,,3230000-211-2010-00091,3230000,서울특별시 송파구 중대로31가길 21 (오금동),05660,03,폐업,일반미용업,,1,,1,
4,0,,0,진주피부관리실,피부미용업,0,2023-04-12,,,,209662.543604355,446416.477732371,2026-05-01 22:34:45,I,02,폐업,,2023-04-12 10:27:03,2011-04-11,48.69,138-240,서울특별시 송파구 신천동 20-1 (진주상가304호),N,,3230000-212-2011-00031,3230000,서울특별시 송파구 올림픽로 399 (신천동),,03,폐업,피부미용업,02-417-2973,,,,
1,0,,0,태후사랑(삼전점),일반미용업,3,,,,,208166.392960429,444681.553541939,2026-05-01 22:35:31,I,01,영업,,2018-03-06 10:36:05,2011-09-19,31.00,138-840,서울특별시 송파구 삼전동 104-6,N,,3230000-213-2011-00003,3230000,"서울특별시 송파구 백제고분로27길 14, 지상1층 (삼전동)",05604,01,영업/정상,종합미용업,,1,,1,
,,,,오투헤어비젼,일반미용업,,2003-02-26,,,,,,2026-05-01 22:32:48,I,02,폐업,,2003-03-17 00:00:00,2000-09-29,.00,138-210,서울특별시 송파구 장지동 산 7-69,N,,3230000-204-2000-02209,3230000,,,03,폐업,미용업,02-421-5133,,,,
0,0,임대,0,비앤채,일반미용업,6,2019-09-17,,,,208233.926974585,445435.257647797,2026-05-01 22:33:52,I,02,폐업,,2019-09-17 15:18:22,2010-06-09,81.43,138-791,서울특별시 송파구 잠실동 40 갤러리아팰리스 지하1층 B121호,N,,3230000-211-2010-00047,3230000,"서울특별시 송파구 올림픽로 212, B121호 (잠실동, 갤러리아팰리스 )",05553,03,폐업,일반미용업,02-2144-6664,1,,1,
0,0,,0,박람(Park ram),일반미용업,0,2019-12-17,,,,210863.706902681,442704.979810951,2026-05-01 22:33:54,I,02,폐업,,2019-12-17 14:01:03,2010-10-12,41.38,138-825,서울특별시 송파구 문정동 51,N,,3230000-211-2010-00093,3230000,"서울특별시 송파구 동남로2길 33, 지상1층 (문정동)",05806,03,폐업,일반미용업,02-430-7173,,,,
6,0,,0,한스 테라피,피부미용업,6,2023-10-18,,,,,,2026-05-01 22:35:25,I,02,폐업,0,2023-10-18 10:27:17,2022-06-20,93.15,138-888,서울특별시 송파구 문정동 651-14 송파유탑테크밸리,N,0,3230000-212-2022-00028,3230000,"서울특별시 송파구 법원로6길 7, 송파유탑테크밸리 2층 204호 (문정동)",05855,03,폐업,피부미용업,,2,,2,
0,0,,0,김종례미용장의집,일반미용업,7,2012-07-30,,,,211003.772025915,443146.954971398,2026-05-01 22:35:32,I,02,폐업,,2012-01-06 11:39:44,2012-01-06,14.70,138-825,서울특별시 송파구 문정동 29-14 1층,N,,3230000-213-2012-00003,3230000,"서울특별시 송파구 동남로8길 4, 1층 (문정동)",05804,03,폐업,종합미용업,02-3401-8796,1,,1,
,,,,은혜,일반미용업,3,2012-03-06,,,,209393.076054654,446147.977949052,2026-05-01 22:32:12,I,02,폐업,,2005-06-09 00:00:00,2003-02-27,44.88,138-240,서울특별시 송파구 신천동 17-6 미성상가내제 지하층14호,N,,3230000-204-1989-01508,3230000,,,03,폐업,미용업,,,,,
,0,,0,김승수미용실,일반미용업,10,2001-08-25,,,,211259.909777857,443711.702922024,2026-05-01 22:32:37,I,02,폐업,,2003-01-23 00:00:00,1997-02-05,81.10,138-808,서울특별시 송파구 가락동 140 쌍용프라자5층10호,N,,3230000-204-1997-01228,3230000,,,03,폐업,미용업,02-401-7688,0,0,,
,0,,0,진선미,일반미용업,3,1992-05-14,,,,,,2026-05-01 22:32:05,I,02,폐업,,2002-09-04 00:00:00,1985-04-24,17.80,138-210,서울특별시 송파구 장지동 산 240-7,N,,3230000-204-1985-01677,3230000,,,03,폐업,미용업,02-0000-0000,0,0,,
,,,,김혜수헤어아티스트,일반미용업,3,2003-10-20,,,,210024.27472268,445312.512534982,2026-05-01 22:32:10,I,02,폐업,,2003-06-13 00:00:00,2003-02-27,22.04,138-830,서울특별시 송파구 방이동 114-11,N,,3230000-204-1989-00980,3230000,,,03,폐업,미용업,02-419-5592,,,,
,25,,,머리家,일반미용업,4,2012-02-15,,,,191691.678396263,442818.113681285,2026-05-01 22:31:39,I,02,폐업,,2006-11-15 00:00:00,2006-11-09,64.74,156-759,서울특별시 동작구 신대방동 719 동작상떼빌 106동 211호,N,,3190000-204-2006-00046,3190000,,,03,폐업,미용업,,2,,2,
,,,,문정미용타운,일반미용업,2,,,,,211017.12267272,442909.040247177,2026-05-01 22:33:17,I,01,영업,,2005-06-09 00:00:00,2003-02-27,11.04,138-825,서울특별시 송파구 문정동 32,N,,3230000-211-1989-00002,3230000,서울특별시 송파구 동남로6길 23 (문정동),05804,01,영업/정상,일반미용업,02-401-1974,,,,
6,0,,0,본 스킨 앤 바디,피부미용업,6,2015-04-06,,,,209519.467010224,444307.446231655,2026-05-01 22:35:01,I,02,폐업,0,2015-01-23 12:54:14,2015-01-23,80.00,138-846,서울특별시 송파구 석촌동 275-9 지상2층,N,0,3230000-212-2015-00006,3230000,"서울특별시 송파구 가락로16길 4, 지상2층 (석촌동)",05696,03,폐업,피부미용업,,2,,2,
2,0,임대,0,VANHANskin(반한피부),피부미용업,0,,,,,210147.792621496,445442.061062451,2026-05-01 22:34:52,I,01,영업,,2018-03-21 14:56:20,2012-05-21,39.60,138-832,서울특별시 송파구 방이동 146-7,N,,3230000-212-2012-00051,3230000,"서울특별시 송파구 백제고분로48길 21, 501호 (방이동)",05632,01,영업/정상,피부미용업,,2,,2,
,,,,샬롬미용아카데미,일반미용업,2,1997-12-17,,,,,,2026-05-01 22:32:09,I,02,폐업,,2003-02-20 00:00:00,1988-03-08,12.00,138-160,서울특별시 송파구 가락동 00,N,,3230000-204-1988-01439,3230000,,,03,폐업,미용업,02-0400-9866,,,,
1,0,,0,러빈래쉬,메이크업업,2,2025-01-16,,,,198257.220175412,443140.728154472,2026-05-01 22:32:48,I,02,폐업,0,2025-01-16 16:57:50,2024-08-27,6.60,156-814,서울특별시 동작구 사당동 73-1,N,0,3190000-219-2024-00003,3190000,"서울특별시 동작구 동작대로33다길 12, 1층 (사당동)",06996,03,폐업,화장ㆍ분장 미용업,,,,,
,0,,0,임현숙헤어,일반미용업,3,2000-06-14,,,,211032.014458184,443483.901063078,2026-05-01 22:32:18,I,02,폐업,,2003-01-20 00:00:00,1992-09-24,15.53,138-807,서울특별시 송파구 가락동 127-23,N,,3230000-204-1992-01245,3230000,,,03,폐업,미용업,02-449-2347,0,0,,
3,0,,0,알엔 바디 & 스킨,피부미용업,3,2017-04-21,,,,209001.844836661,446426.814182263,2026-05-01 22:35:02,I,02,폐업,0,2017-04-21 16:09:06,2015-05-07,59.80,138-934,"서울특별시 송파구 신천동 11 장미 C상가 지상3층 307,308호",N,0,3230000-212-2015-00022,3230000,"서울특별시 송파구 올림픽로35길 104 (신천동, 장미 C상가 지상3층 307,308호)",05504,03,폐업,피부미용업,02-423-5175,3,,3,
0,0,,0,네일망드 (nail mangde),네일아트업,2,,,,,207690.64312097,444532.423613976,2026-05-01 22:35:58,I,01,영업,0,2023-11-13 14:44:50,2023-11-13,23.00,138-837,서울특별시 송파구 삼전동 31,N,0,3230000-215-2023-00024,3230000,"서울특별시 송파구 삼전로6길 6, 1층 102호 (삼전동)",05593,01,영업/정상,네일미용업,,,,,
0,0,,0,뉴월드헤어,일반미용업,4,2017-04-13,,,,211761.250766,443580.407386644,2026-05-01 22:33:58,I,02,폐업,,2017-04-13 14:45:21,2012-03-20,42.00,138-812,서울특별시 송파구 가락동 188-9 1층,N,,3230000-211-2012-00008,3230000,"서울특별시 송파구 오금로46길 39, 1층 (가락동)",05782,03,폐업,일반미용업,02-407-4615,1,,1,
0,0,,0,아티스틱,일반미용업,9,,,,,211063.634962259,443209.06668119,2026-05-01 22:34:34,I,01,영업,0,2023-06-15 17:47:18,2023-06-15,118.86,138-824,서울특별시 송파구 문정동 4-7 명노빌딩,N,0,3230000-211-2023-00020,3230000,"서울특별시 송파구 동남로 134, 명노빌딩 2층 (문정동)",05796,01,영업/정상,일반미용업,02-3402-0814,,,,
,,,,헤어스케치,일반미용업,,2020-07-07,,,,208337.495749295,444266.776426572,2026-05-01 22:33:16,I,02,폐업,,2020-07-07 17:27:00,2002-02-27,.00,138-841,서울특별시 송파구 삼전동 176-6,N,,3230000-211-1985-00009,3230000,서울특별시 송파구 백제고분로32길 21 (삼전동),05586,03,폐업,일반미용업,02-414-2650,,,,
,0,,0,신연화미용실,일반미용업,0,1993-05-21,,,,,,2026-05-01 22:30:46,I,02,폐업,,2001-09-29 00:00:00,1988-07-08,.00,156-060,서울특별시 동작구 본동 126-161,N,,3190000-204-1988-01005,3190000,,,03,폐업,미용업,02-0823-9629,0,0,0,0
,,,,헤어21 미용실,일반미용업,,2006-07-27,,,,207945.966036515,444821.70674634,2026-05-01 22:32:58,I,02,폐업,,2005-07-14 00:00:00,2002-02-27,.00,138-837,서울특별시 송파구 삼전동 13,N,,3230000-204-2003-00203,3230000,,,03,폐업,미용업,02-425-2337,,,,
0,1,,0,놀멘헤어,일반미용업,4,2010-03-11,,,,210409.325326776,444010.094766362,2026-05-01 22:33:48,I,02,폐업,,2009-10-01 13:22:46,2009-10-01,30.00,138-804,서울특별시 송파구 가락동 91-11 1층,N,,3230000-211-2009-00030,3230000,,,03,폐업,일반미용업,,,,,
1,0,,0,HALEINE(알렌느),일반미용업,4,2018-04-17,,,,207937.700793355,444869.561836506,2026-05-01 22:34:10,I,02,폐업,0,2018-04-17 14:57:45,2015-04-17,26.80,138-837,서울특별시 송파구 삼전동 4-6,N,0,3230000-211-2015-00039,3230000,"서울특별시 송파구 백제고분로21길 23, 1층 (삼전동)",05599,03,폐업,일반미용업,02-425-3579,1,,1,
0,0,,0,헤이네일,네일아트업,4,,,,,209412.197809542,443928.783342251,2026-05-01 22:35:53,I,01,영업,0,2021-05-03 17:07:15,2016-08-12,29.97,138-160,서울특별시 송파구 가락동 913 헬리오시티,N,0,3230000-215-2016-00057,3230000,"서울특별시 송파구 송파대로 345, 1B동 지하1층 162호 (가락동, 헬리오시티)",05698,01,영업/정상,네일미용업,070-7012-9432,2,,2,
,4,임대,1,진아헤어,일반미용업,3,2010-07-05,,,,210424.849430693,445506.510119538,2026-05-01 22:33:05,I,02,폐업,,2010-05-26 13:55:33,2005-06-14,23.00,138-830,서울특별시 송파구 방이동 159-4 (1층),N,,3230000-204-2005-00069,3230000,,,03,폐업,미용업,02-413-9619,1,,1,
0,1,,0,유애순 헤어샾,일반미용업,1,2019-05-28,,,,211453.050926808,443165.755655708,2026-05-01 22:34:29,I,02,폐업,0,2019-05-28 13:02:30,2019-05-10,16.20,138-823,서울특별시 송파구 문정동 1 문정래미안아파트,N,0,3230000-211-2019-00040,3230000,"서울특별시 송파구 문정로 83, 1층 120호 (문정동, 문정래미안아파트)",05794,03,폐업,일반미용업,,,,,
,,,,미스토리,피부미용업,,2016-06-29,,,,196539.849135968,445127.404416819,2026-05-01 22:32:12,I,02,폐업,,2013-08-08 13:37:49,2010-11-26,.00,156-861,서울특별시 동작구 흑석동 182-5 중앙타워빌 402호,N,,3190000-212-2010-00018,3190000,"서울특별시 동작구 흑석로 112 (흑석동,중앙타워빌 402호)",06972,03,폐업,피부미용업,,,,,
1,0,,0,이든(EDEN),피부미용업,0,,,,,209552.709541901,445721.159766519,2026-05-01 22:35:25,I,01,영업,0,2021-12-08 17:13:51,2021-04-30,59.50,138-828,서울특별시 송파구 방이동 62-12,N,1,3230000-212-2021-00038,3230000,"서울특별시 송파구 올림픽로32길 22-13, 3층 302호 (방이동)",05548,01,영업/정상,피부미용업,,1,,1,
5,0,임대,0,피부관리쉴,피부미용업,0,,,,,207624.424720682,445533.439634339,2026-05-01 22:35:32,I,01,영업,,2022-07-15 15:23:58,2011-06-28,"24,643.00",138-911,서울특별시 송파구 잠실동 22-6 리센츠,N,,3230000-213-2011-00009,3230000,"서울특별시 송파구 올림픽로 145, 리센츠 상가 지하1층 C11호 (잠실동)",05502,01,영업/정상,종합미용업,,2,,2,
,,,,갤러리미용실,일반미용업,,2005-02-03,,,,212662.164428353,443948.371538823,2026-05-01 22:32:54,I,02,폐업,,2003-06-11 00:00:00,2003-02-27,.00,138-813,서울특별시 송파구 거여동 135-7,N,,3230000-204-2002-02464,3230000,,,03,폐업,미용업,02-400-6182,,,,
,0,,0,머리은행,일반미용업,3,1995-08-19,,,,,,2026-05-01 22:32:08,I,02,폐업,,2002-09-04 00:00:00,1988-10-05,14.96,138-210,서울특별시 송파구 장지동 산 237-6,N,,3230000-204-1988-01347,3230000,,,03,폐업,미용업,,0,0,,
,,,,마샬미용실,일반미용업,,2003-10-30,,,,210195.173292204,443247.666313186,2026-05-01 22:32:56,I,02,폐업,,2003-07-03 00:00:00,2003-07-03,.00,138-885,서울특별시 송파구 문정동 150-24 평산빌딩 201호,N,,3230000-204-2003-00084,3230000,,,03,폐업,미용업,02-430-2673,,,,
,,,,당당헤어리폼,일반미용업,,2004-05-17,,,,208106.510001185,444988.080002931,2026-05-01 22:32:56,I,02,폐업,,2003-06-13 00:00:00,2002-02-27,.00,138-837,서울특별시 송파구 삼전동 22-2,N,,3230000-204-2003-00087,3230000,,,03,폐업,미용업,02-414-5705,,,,
1,0,,0,아이썸래쉬 프라이빗 1인 관리샵,메이크업업,0,,,,,198190.65051046,441874.555568089,2026-05-01 22:32:46,I,01,영업,0,2024-09-02 15:40:17,2021-05-06,19.80,156-826,서울특별시 동작구 사당동 1032-14,N,0,3190000-219-2021-00001,3190000,"서울특별시 동작구 동작대로5길 20, 1층 (사당동)",07015,01,영업/정상,화장ㆍ분장 미용업,,1,,1,
7,0,,0,약손,피부미용업,10,,,,,209528.931551692,444981.698723883,2026-05-01 22:35:28,I,01,영업,0,2024-04-09 17:05:16,2024-04-09,245.53,138-848,서울특별시 송파구 송파동 21 송파빌딩,N,0,3230000-212-2024-00011,3230000,"서울특별시 송파구 백제고분로41길 8, 송파빌딩 2층 (송파동)",05621,01,영업/정상,피부미용업,,,,,
0,0,,0,예작,일반미용업,3,,,,,210451.236004775,448408.626216441,2026-05-01 22:35:32,I,01,영업,,2018-03-09 13:19:00,2012-03-13,24.75,138-872,서울특별시 송파구 풍납동 87-4 1층,N,,3230000-213-2012-00014,3230000,"서울특별시 송파구 바람드리길 27-1, 1층 (풍납동)",05512,01,영업/정상,종합미용업,02-475-6097,1,,1,
0,0,,0,레인보우 염색전문점,일반미용업,2,,,,,210474.753103022,444865.156674134,2026-05-01 22:36:20,I,01,영업,0,2022-03-02 13:42:50,2022-03-02,10.80,138-853,서울특별시 송파구 송파동 161 미성상가,N,0,3230000-225-2022-00002,3230000,"서울특별시 송파구 오금로24길 13, 미성상가 지상동 1층 8호 (송파동)",05672,01,영업/정상,"일반미용업, 네일미용업, 화장ㆍ분장 미용업",,,,,
,0,,0,신아,일반미용업,3,1992-05-14,,,,,,2026-05-01 22:32:09,I,02,폐업,,2002-09-04 00:00:00,1988-02-09,16.28,138-210,서울특별시 송파구 장지동 산 241-1,N,,3230000-204-1988-01428,3230000,,,03,폐업,미용업,02-0412-6927,0,0,,
,,,,정,일반미용업,3,1997-12-17,,,,,,2026-05-01 22:32:13,I,02,폐업,,2003-02-20 00:00:00,1990-10-23,22.12,138-160,서울특별시 송파구 가락동 00000,N,,3230000-204-1990-00953,3230000,,,03,폐업,미용업,02-448-1766,,,,
5,0,,3,르비반트 잠실롯데월드점,일반미용업,10,2025-08-12,,,,208589.363343145,445455.90405262,2026-05-01 22:35:44,I,02,폐업,0,2025-08-12 12:04:04,2024-04-19,196.62,138-721,서울특별시 송파구 잠실동 40-1 롯데월드,N,0,3230000-213-2024-00019,3230000,"서울특별시 송파구 올림픽로 240, 롯데월드 어드벤처동 지하3층 아이스가든 IG-B3F-09호 (잠실동)",05554,03,폐업,종합미용업,,,,,
,,임대,,영헤어칼라,일반미용업,3,2006-10-20,,,,212679.6971572,443719.636750252,2026-05-01 22:33:07,I,02,폐업,,2006-05-01 00:00:00,2006-05-01,33.00,138-813,서울특별시 송파구 거여동 178-25 외1필지,N,,3230000-204-2006-00048,3230000,,,03,폐업,미용업,,1,,,
,0,,0,쟈스민 스킨케어,피부미용업,0,2017-02-28,,,,210580.683290918,443657.71204579,2026-05-01 22:34:40,I,02,폐업,,2017-02-28 15:51:50,2009-10-12,60.00,138-803,서울특별시 송파구 가락동 80 성원상떼빌 101-223 2층,N,,3230000-212-2009-00039,3230000,"서울특별시 송파구 송파대로28길 27 (가락동,성원상떼빌 101-223 2층)",05718,03,폐업,피부미용업,,2,,2,
2,0,,0,끌리메,피부미용업,0,,,,,195548.009955104,444687.491603312,2026-05-01 22:32:13,I,01,영업,,2020-05-13 14:42:45,2012-09-10,135.00,156-830,서울특별시 동작구 상도1동 638-2 구암빌딩,N,,3190000-212-2012-00014,3190000,"서울특별시 동작구 양녕로 282-1, 구암빌딩 3층 (상도1동)",06969,01,영업/정상,피부미용업,02-822-2782,3,0,0,0
0,0,,0,골드뷰티,메이크업업,2,2021-04-28,,,,,,2026-05-01 22:36:10,I,02,폐업,0,2021-04-28 11:52:43,2019-05-14,23.94,138-888,서울특별시 송파구 문정동 652-4 힐스테이트에코문정,N,0,3230000-219-2019-00006,3230000,"서울특별시 송파구 법원로4길 10, 힐스테이트에코문정 2층 226호 (문정동)",05855,03,폐업,화장ㆍ분장 미용업,,,,,
0,0,,0,ON헤어,일반미용업,2,2026-04-20,,,,198155.2385547,442300.956884592,2026-05-01 22:32:04,I,02,폐업,0,2026-04-20 13:15:49,2019-06-20,18.00,156-824,서울특별시 동작구 사당동 1005-35,N,0,3190000-211-2019-00022,3190000,"서울특별시 동작구 동작대로17길 16-1, 1층 우측호 (사당동)",07013,03,폐업,일반미용업,,,,,
,,임대,,뚜마헤어샵,일반미용업,3,2007-02-22,,,,211141.770295824,442186.551620522,2026-05-01 22:33:08,I,02,폐업,,2006-07-14 00:00:00,2006-07-14,33.00,138-200,서울특별시 송파구 문정동 77-7,N,,3230000-204-2006-00082,3230000,,,03,폐업,미용업,,1,,,
0,0,,0,크리스기헤어,일반미용업,9,2015-08-12,,,,191963.162407762,443343.723576129,2026-05-01 22:31:57,I,02,폐업,,2014-07-07 13:12:01,2014-04-17,115.00,156-852,서울특별시 동작구 신대방동 565-22 우성스포닉센타 2층 205호,N,,3190000-211-2014-00022,3190000,"서울특별시 동작구 여의대방로 2 (신대방동, 우성스포닉센타 2층 205호)",07065,03,폐업,일반미용업,,,,,
,,,,까리마미용실,일반미용업,4,2016-07-08,,,,212688.919785073,443980.488659565,2026-05-01 22:33:18,I,02,폐업,,2014-07-28 14:45:16,2003-02-27,25.69,138-813,서울특별시 송파구 거여동 130-3,N,,3230000-211-1997-00002,3230000,서울특별시 송파구 오금로53길 46 (거여동),05735,03,폐업,일반미용업,,,,,
,0,,0,유림,일반미용업,3,1999-03-15,,,,,,2026-05-01 22:32:19,I,02,폐업,,2002-09-04 00:00:00,1993-11-29,21.76,138-210,서울특별시 송파구 장지동 산 18-28,N,,3230000-204-1993-01182,3230000,,,03,폐업,미용업,02-402-9952,0,0,,
0,0,,0,마크툽헤어(Mak toob hair),일반미용업,5,2018-05-23,,,,210791.97624797,445039.89438009,2026-05-01 22:34:04,I,02,폐업,,2018-05-23 12:39:01,2014-06-24,50.00,138-836,서울특별시 송파구 방이동 218-24 지상1층,N,,3230000-211-2014-00027,3230000,"서울특별시 송파구 오금로31가길 19, 지상1층 (방이동)",05646,03,폐업,일반미용업,02-418-8079,1,,1,
,0,,0,셀라미용실,일반미용업,0,1994-12-27,,,,,,2026-05-01 22:30:45,I,02,폐업,,2001-09-29 00:00:00,1987-10-15,.00,156-801,서울특별시 동작구 노량진동 123-0,N,,3190000-204-1987-00991,3190000,,,03,폐업,미용업,02-0128-2120,0,0,0,0
,,,,황금실헤어모드,일반미용업,4,2015-12-07,,,,192170.155815215,443599.41901313,2026-05-01 22:31:49,I,02,폐업,,2014-05-02 15:25:18,1996-03-29,21.43,156-855,서울특별시 동작구 신대방동 707 현대상가A동 201호,N,,3190000-211-1996-00011,3190000,서울특별시 동작구 여의대방로 28 (신대방동),07064,03,폐업,일반미용업,02-835-0124,,,,
0,0,,0,채움네일,네일아트업,2,,,,,222033.601461456,461471.553575094,2026-05-01 03:03:03,U,01,영업,0,2026-04-30 15:49:30,2025-10-28,19.48,472-120,경기도 남양주시 호평동 668 호평마을금강아파트 분산상가동 101호,N,0,3990000-215-2025-00024,3990000,"경기도 남양주시 호평로 90, 호평마을금강아파트 분산상가동 101호 (호평동)",12151,01,영업/정상,네일미용업,,,,,
0,0,,0,헤어브루노,일반미용업,5,,,,,211259.909777857,443711.702922024,2026-05-01 22:34:10,I,01,영업,0,2018-03-06 17:15:35,2015-03-31,57.49,138-808,"서울특별시 송파구 가락동 140 쌍용프라자상가 303,304호 26동",N,0,3230000-211-2015-00029,3230000,"서울특별시 송파구 동남로 189, 26동 303,304호 (가락동, 쌍용프라자상가)",05823,01,영업/정상,일반미용업,,3,,3,
,,,,준헤어아트,일반미용업,4,2008-09-16,,,,210680.326724581,448356.357871225,2026-05-01 22:32:29,I,02,폐업,,2005-06-09 00:00:00,2003-02-27,21.12,138-873,서울특별시 송파구 풍납동 476-15,N,,3230000-204-1996-01632,3230000,,,03,폐업,미용업,02-488-5630,,,,
,,,,에덴,일반미용업,3,,,,,208016.609735619,444330.569392392,2026-05-01 22:33:17,I,01,영업,,2005-06-08 00:00:00,2002-02-27,20.80,138-838,서울특별시 송파구 삼전동 57-15,N,,3230000-211-1990-00013,3230000,서울특별시 송파구 백제고분로28길 22 (삼전동),05591,01,영업/정상,일반미용업,02-413-4613,,,,
1,0,,0,URTHE,기타,6,2025-03-01,,,,,,2026-05-01 22:35:43,I,02,폐업,0,2025-03-04 09:14:03,2023-07-19,32.70,138-888,서울특별시 송파구 문정동 652-5 문정아이파크,N,0,3230000-213-2023-00045,3230000,"서울특별시 송파구 법원로4길 6, 문정아이파크 3층 318호 (문정동)",05855,03,폐업,종합미용업,,,,,
,,,,로즈헤어클럽,일반미용업,4,,,,,193507.67959312,444257.080886736,2026-05-01 22:31:48,I,01,영업,,2020-07-15 17:59:16,1992-02-11,40.32,156-810,서울특별시 동작구 대방동 391-585,N,,3190000-211-1992-00007,3190000,서울특별시 동작구 대방동길 9 (대방동),06954,01,영업/정상,일반미용업,02-813-2526,,,,
2,0,,0,순수뷰티스튜디오 속눈썹,메이크업업,1,,,,,207653.896362442,444924.745905635,2026-05-01 22:36:14,I,01,영업,0,2025-04-01 13:02:49,2025-04-01,30.00,138-864,서울특별시 송파구 잠실동 246 거북이빌딩,N,0,3230000-219-2025-00005,3230000,"서울특별시 송파구 삼전로9길 19, 거북이빌딩 302호 (잠실동)",05567,01,영업/정상,화장ㆍ분장 미용업,,3,,,
0,0,,0,네일수아,네일아트업,4,2020-11-06,,,,208233.926974585,445435.257647797,2026-05-01 22:35:52,I,02,폐업,0,2020-11-06 17:13:48,2016-03-31,51.00,138-915,서울특별시 송파구 잠실동 40,N,0,3230000-215-2016-00014,3230000,"서울특별시 송파구 올림픽로 212, 지하1층 36-20호 (잠실동, 갤러리아팰리스)",05553,03,폐업,네일미용업,,,1,,1
,,,,강훈 헤어매직,일반미용업,,2005-09-29,,,,208148.485061002,444706.097593049,2026-05-01 22:32:58,I,02,폐업,,2005-06-08 00:00:00,2002-02-27,.00,138-839,서울특별시 송파구 삼전동 98-9,N,,3230000-204-2003-00197,3230000,,,03,폐업,미용업,02-2203-0945,,,,
,0,,0,진미용실,일반미용업,5,2001-06-20,,,,195072.155149274,445546.09177351,2026-05-01 22:30:56,I,02,폐업,,2001-07-24 00:00:00,1997-06-19,28.22,156-801,서울특별시 동작구 노량진동 118-3,N,,3190000-204-1997-00348,3190000,,,03,폐업,미용업,02-822-5177,0,0,0,0
,0,,0,류혜경헤어라인,일반미용업,3,2000-04-12,,,,,,2026-05-01 22:32:40,I,02,폐업,,2000-04-24 00:00:00,1998-07-15,19.20,138-210,서울특별시 송파구 장지동 산 229-5,N,,3230000-204-1998-00637,3230000,,,03,폐업,미용업,02-416-8064,0,0,,
8,0,,0,피부톡톡(스킨앤바디),피부미용업,4,2020-09-07,,,,,,2026-05-01 22:35:12,I,02,폐업,0,2020-09-07 09:19:38,2017-09-07,93.12,138-888,서울특별시 송파구 문정동 651,N,0,3230000-212-2017-00030,3230000,"서울특별시 송파구 송파대로 167, A동 A215호 (문정동, 문정역테라타워)",05855,03,폐업,피부미용업,02-3012-1277,2,,2,
0,0,,0,헤어터치,일반미용업,3,2019-10-29,,,,194795.507354844,443678.547714503,2026-05-01 22:31:56,I,02,폐업,,2019-10-29 14:01:16,2012-11-06,50.00,156-030,서울특별시 동작구 상도동 445-0 경향렉스빌상가 1층동,N,,3190000-211-2012-00052,3190000,서울특별시 동작구 양녕로23길 9 (상도동),07049,03,폐업,일반미용업,02-822-7282,,,,
,20,임대,,스벤슨헤어센터,일반미용업,14,2008-05-27,,,,208747.966147418,445880.344362008,2026-05-01 22:33:03,I,02,폐업,,2007-10-08 16:46:40,2005-01-31,146.43,138-934,서울특별시 송파구 신천동 7-25 월드타워 301호,N,,3230000-204-2005-00005,3230000,,,03,폐업,미용업,02-423-2324,3,,3,
,3,,,김선형미용실,일반미용업,4,2006-03-07,,,,210420.287779806,443817.143302158,2026-05-01 22:33:02,I,02,폐업,,2004-11-18 00:00:00,2004-08-30,59.40,138-803,서울특별시 송파구 가락동 83-9,N,,3230000-204-2004-00103,3230000,,,03,폐업,미용업,,2,,2,
6,5,,3,스파에이르 잠실롯데월드몰,피부미용업,6,2019-11-28,,,,209074.900840074,445657.80932984,2026-05-01 22:35:01,I,02,폐업,,2019-11-28 09:06:47,2014-04-10,202.60,138-934,서울특별시 송파구 신천동 29 롯데월드타워앤드롯데월드몰,N,,3230000-212-2014-00064,3230000,"서울특별시 송파구 올림픽로 300, 롯데월드타워앤드롯데월드몰 6층 (신천동)",05551,03,폐업,피부미용업,031-932-7200,2,,2,
,,,,헤어코코,일반미용업,3,,,,,211068.732729102,443458.347451161,2026-05-01 22:33:17,I,01,영업,,2014-07-28 13:56:25,2003-02-27,15.00,138-807,서울특별시 송파구 가락동 127-7,N,,3230000-211-1990-00006,3230000,서울특별시 송파구 송이로27길 10 (가락동),05827,01,영업/정상,일반미용업,02-443-6171,,,,
0,0,,0,삼전미용실,일반미용업,3,,,,,208324.115201384,444161.498128841,2026-05-01 22:36:15,I,01,영업,0,2025-03-25 13:47:16,2025-03-25,22.65,138-841,서울특별시 송파구 삼전동 173,N,0,3230000-220-2025-00001,3230000,"서울특별시 송파구 백제고분로32길 29-2, 103호 (삼전동)",05587,01,영업/정상,"일반미용업, 화장ㆍ분장 미용업",,1,,,
0,0,,0,J.내추럴헤나,일반미용업,2,2013-12-05,,,,210988.263053123,442926.380560308,2026-05-01 22:33:58,I,02,폐업,,2012-02-07 11:19:23,2012-02-07,66.00,138-825,서울특별시 송파구 문정동 30-13 1층,N,,3230000-211-2012-00001,3230000,"서울특별시 송파구 동남로6길 22, 1층 (문정동)",05804,03,폐업,일반미용업,02-402-3607,1,,1,
0,0,,0,3030헤어아카데미,일반미용업,3,2019-10-28,,,,211159.274356922,441999.819956018,2026-05-01 22:33:59,I,02,폐업,,2019-10-28 17:16:52,2012-10-30,24.00,138-200,서울특별시 송파구 문정동 76 지상1층,N,,3230000-211-2012-00047,3230000,"서울특별시 송파구 새말로8길 29, 지상1층 (문정동)",05810,03,폐업,일반미용업,070-8154-3082,1,,1,
,0,,0,보브,일반미용업,2,1999-04-09,,,,,,2026-05-01 22:32:06,I,02,폐업,,2002-09-04 00:00:00,1986-09-01,15.30,138-210,서울특별시 송파구 장지동 산 318-1,N,,3230000-204-1986-01779,3230000,,,03,폐업,미용업,02-0415-5547,0,0,,
,4,임대,1,예원헤어겔러리,일반미용업,6,2023-10-04,,,,197522.248626126,442374.177961922,2026-05-01 22:31:50,I,02,폐업,,2023-10-04 16:37:28,2000-10-30,64.96,156-821,서울특별시 동작구 사당동 265-33 2층,N,,3190000-211-2000-00007,3190000,"서울특별시 동작구 사당로 226 (사당동,2층)",07010,03,폐업,일반미용업,02-597-7465,2,,2,
0,0,,0,요기헤어,일반미용업,4,2021-02-18,,,,210413.194501406,445439.810176902,2026-05-01 22:33:59,I,02,폐업,,2021-02-18 17:19:44,2012-05-25,50.56,138-830,"서울특별시 송파구 방이동 136-13 금성상가 101,102호",N,,3230000-211-2012-00059,3230000,"서울특별시 송파구 가락로 259 (방이동, 금성상가 101,102호)",05633,03,폐업,일반미용업,02-403-0195,,,,
4,3,임대,0,스킨포엠,피부미용업,4,2017-02-28,,,,211619.368009793,445963.384875409,2026-05-01 22:34:39,I,02,폐업,,2017-02-28 15:46:02,2009-07-07,31.74,138-829,서울특별시 송파구 방이동 89-11 3층 35호,N,,3230000-212-2009-00027,3230000,"서울특별시 송파구 양재대로 1222 (방이동,3층 35호)",05648,03,폐업,피부미용업,02-400-8477,,,,
0,0,,0,안젤라 헤어,일반미용업,3,,,,,196731.165886973,443089.674659394,2026-05-01 22:31:56,I,01,영업,,2018-11-29 13:30:14,2013-12-13,16.20,156-878,서울특별시 동작구 사당동 185-17,N,,3190000-211-2013-00071,3190000,"서울특별시 동작구 사당로2아길 14, 1층 (사당동)",07029,01,영업/정상,일반미용업,02-6391-4347,1,,,
,5,임대,1,아카&춤추는 헤어그룹,일반미용업,3,2006-06-09,,,,210117.811965554,448086.480594405,2026-05-01 22:33:04,I,02,폐업,,2005-07-14 00:00:00,2005-05-13,26.40,138-873,서울특별시 송파구 풍납동 221-31,N,,3230000-204-2005-00050,3230000,,,03,폐업,미용업,,,,,
,,,,주희,일반미용업,2,2007-01-10,,,,208651.372477077,444288.495443129,2026-05-01 22:32:04,I,02,폐업,,2006-09-20 00:00:00,2002-02-27,13.65,138-845,서울특별시 송파구 석촌동 215-14,N,,3230000-204-1983-00954,3230000,,,03,폐업,미용업,02-0419-3310,,,,
0,0,임대,0,미대살롱,네일아트업,2,2025-08-11,,,,209756.076693304,445947.907683148,2026-05-01 22:35:55,I,02,폐업,0,2025-08-11 09:22:20,2019-06-14,33.45,138-827,서울특별시 송파구 방이동 43,N,0,3230000-215-2019-00030,3230000,"서울특별시 송파구 오금로11길 37, 2층 201호 (방이동)",05544,03,폐업,네일미용업,02-419-0999,2,,2,
,,,,우리들머리방,일반미용업,,,,,,209167.198359654,444882.107789953,2026-05-01 22:33:21,I,01,영업,,2005-06-09 00:00:00,2002-02-27,.00,138-844,서울특별시 송파구 석촌동 178-5,N,,3230000-211-2003-00013,3230000,서울특별시 송파구 송파대로45길 12 (석촌동),05609,01,영업/정상,일반미용업,02-423-7161,,,,
,,,,현대미용타운,일반미용업,6,,,,,211048.29631737,444742.809208914,2026-05-01 22:33:16,I,01,영업,,2005-06-08 00:00:00,2003-02-27,42.80,138-856,서울특별시 송파구 오금동 44-0 현대A상가 지하동 1호호,N,,3230000-211-1988-00005,3230000,"서울특별시 송파구 오금로35길 17, 지하동 1호호 (오금동,현대A상가)",05658,01,영업/정상,일반미용업,02-406-7114,,,,
,0,,0,아름미용실,일반미용업,0,1997-06-28,,,,196219.352572596,444974.191673984,2026-05-01 22:30:50,I,02,폐업,,2001-09-29 00:00:00,1992-08-28,.00,156-861,서울특별시 동작구 흑석동 205-6,N,,3190000-204-1992-00603,3190000,,,03,폐업,미용업,02-822-5998,0,0,0,0
0,0,,0,엄지네일,네일아트업,3,2025-08-06,,,,193091.152703137,444134.019949808,2026-05-01 22:32:35,I,02,폐업,0,2025-08-06 16:46:59,2016-11-21,17.94,156-811,서울특별시 동작구 대방동 402-7,N,0,3190000-215-2016-00026,3190000,"서울특별시 동작구 여의대방로24라길 32, 1층 (대방동)",07055,03,폐업,네일미용업,,1,,,
,2,임대,1,마샬미용실,일반미용업,3,2007-11-27,,,,197467.5655497,442047.217854067,2026-05-01 22:31:28,I,02,폐업,,2005-08-30 00:00:00,2004-04-24,27.36,156-821,서울특별시 동작구 사당동 309-28,N,,3190000-204-2004-00016,3190000,,,03,폐업,미용업,02-815-5745,1,,1,
,,,,새치와꺼먹머리,일반미용업,6,2005-01-24,,,,211252.625291644,443898.286081079,2026-05-01 22:32:31,I,02,폐업,,2003-06-11 00:00:00,2003-02-27,93.27,138-809,서울특별시 송파구 가락동 153-8 9통,N,,3230000-204-1997-00740,3230000,,,03,폐업,미용업,02-431-1737,,,,
3,0,,0,수피아,피부미용업,3,,,,,207052.003017469,444741.842247947,2026-05-01 22:35:42,I,01,영업,0,2022-12-16 16:00:07,2022-12-16,87.46,138-865,서울특별시 송파구 잠실동 298-10 로얄빌딩,N,0,3230000-213-2022-00064,3230000,"서울특별시 송파구 도곡로64길 23, 로얄빌딩 2층 (잠실동)",05574,01,영업/정상,종합미용업,,,,,
,4,임대,1,희망미용실,일반미용업,3,2005-10-31,,,,208674.454997649,444118.833842654,2026-05-01 22:33:04,I,02,폐업,,2005-07-14 00:00:00,2005-04-14,33.00,138-845,서울특별시 송파구 석촌동 227,N,,3230000-204-2005-00039,3230000,,,03,폐업,미용업,02-412-1208,1,,1,
,,,,란 헤어샾,일반미용업,2,,,,,196648.14629579,444985.169529333,2026-05-01 22:31:49,I,01,영업,,2021-05-07 10:42:43,2000-03-20,12.54,156-857,서울특별시 동작구 흑석동 54-156,N,,3190000-211-2000-00005,3190000,"서울특별시 동작구 서달로14가길 19, 1층 4호 (흑석동)",06979,01,영업/정상,일반미용업,02-814-5447,1,,1,
0,0,,0,어도어헤어,일반미용업,3,,,,,197703.367363101,442276.004966981,2026-05-01 22:32:01,I,01,영업,0,2020-10-22 15:48:24,2017-10-30,33.00,156-823,서울특별시 동작구 사당동 318-20 1층,N,0,3190000-211-2017-00056,3190000,"서울특별시 동작구 동작대로15길 123, 1층 (사당동)",07011,01,영업/정상,일반미용업,02-584-1231,1,,,
0,1,,0,라인헤어,일반미용업,2,2022-10-19,,,,210144.840251427,444219.134434477,2026-05-01 22:34:28,I,02,폐업,0,2022-10-19 13:26:05,2019-01-02,23.00,138-854,서울특별시 송파구 송파동 182-8,N,0,3230000-211-2019-00001,3230000,"서울특별시 송파구 송파대로36가길 15, 1층 102호 (송파동)",05678,03,폐업,일반미용업,,,,,
0,2,,0,E.J 헤어,일반미용업,3,2019-03-27,,,,194359.149553647,444474.397603076,2026-05-01 22:31:54,I,02,폐업,,2019-03-27 15:12:42,2010-03-26,33.00,156-838,서울특별시 동작구 상도동 196-74,N,,3190000-211-2010-00028,3190000,서울특별시 동작구 상도로22길 19 (상도동),,03,폐업,일반미용업,070-4028-6398,1,,,
2,0,,0,아로마드레스 스킨앤바디,피부미용업,1,2023-04-20,,,,207624.424720682,445533.439634339,2026-05-01 22:34:57,I,02,폐업,,2023-04-20 16:04:02,2014-08-28,25.94,138-911,서울특별시 송파구 잠실동 22-6 리센츠,N,,3230000-212-2014-00033,3230000,"서울특별시 송파구 올림픽로 145, 리센츠 2층 2A54호 (잠실동)",05502,03,폐업,피부미용업,02-416-7002,2,,2,
,,,,명동미용실,일반미용업,2,2007-09-28,,,,194539.077047268,445137.811748553,2026-05-01 22:30:45,I,02,폐업,,2006-06-26 00:00:00,1987-12-09,13.62,156-806,서울특별시 동작구 노량진동 306-8,N,,3190000-204-1987-00714,3190000,,,03,폐업,미용업,02-0823-6875,,,,
0,1,,0,스타헤어,일반미용업,3,2010-02-04,,,,210149.766318849,444423.891268926,2026-05-01 22:33:49,I,02,폐업,,2009-11-19 16:01:15,2009-11-19,33.00,138-854,서울특별시 송파구 송파동 176-6 102호,N,,3230000-211-2009-00034,3230000,,,03,폐업,일반미용업,,,,,
2,0,,0,천지사우나내 피부관리,피부미용업,0,2011-04-29,,,,193218.36400997,443239.581054145,2026-05-01 22:32:11,I,02,폐업,,2009-07-23 09:26:03,2009-07-23,23.10,156-713,서울특별시 동작구 신대방동 395-69 보라매아카데미타워(지하2층),N,,3190000-212-2009-00018,3190000,,,03,폐업,피부미용업,02-842-5720,,,,
,0,,0,오주연미용실,일반미용업,0,1997-12-31,,,,198024.667870158,442473.6243628,2026-05-01 22:30:47,I,02,폐업,,2001-09-29 00:00:00,1990-10-11,.00,156-817,서울특별시 동작구 사당동 152-2,N,,3190000-204-1990-00705,3190000,,,03,폐업,미용업,02-534-7074,0,0,0,0
,,,,백경미용실,일반미용업,3,2018-07-09,,,,208333.04611013,444225.948824596,2026-05-01 22:33:18,I,02,폐업,,2018-07-09 14:31:26,2002-02-27,43.50,138-841,서울특별시 송파구 삼전동 175-3 101호,N,,3230000-211-1995-00004,3230000,"서울특별시 송파구 백제고분로32길 25, 101호 (삼전동)",05587,03,폐업,일반미용업,02-421-2625,,,,
,1,,,이슈헤어클럽,일반미용업,3,2007-01-25,,,,210644.42555868,444952.275338368,2026-05-01 22:33:02,I,02,폐업,,2005-06-08 00:00:00,2004-08-03,16.50,138-836,서울특별시 송파구 방이동 223-7,N,,3230000-204-2004-00093,3230000,,,03,폐업,미용업,,1,,1,
0,0,,0,수니 헤어,일반미용업,3,,,,,211175.631035284,442853.653892969,2026-05-01 22:34:35,I,01,영업,0,2024-04-29 13:23:01,2024-04-29,26.45,138-824,서울특별시 송파구 문정동 21,N,0,3230000-211-2024-00008,3230000,"서울특별시 송파구 송이로32길 26, 102호 (문정동)",05803,01,영업/정상,일반미용업,,,,,
0,0,,0,아로드(AROD),일반미용업,3,,,,,191691.678396263,442818.113681285,2026-05-01 22:32:09,I,01,영업,0,2024-04-11 11:13:08,2024-04-11,39.81,156-010,서울특별시 동작구 신대방동 719 동작상떼빌아파트,N,0,3190000-211-2024-00007,3190000,"서울특별시 동작구 신대방1가길 38, 106동 101호 (신대방동, 동작상떼빌아파트)",07072,01,영업/정상,일반미용업,,,,,
,1,,,은화헤어코디,일반미용업,3,2010-01-25,,,,211135.049054221,442791.173998704,2026-05-01 22:33:09,I,02,폐업,,2009-06-29 13:08:08,2007-04-11,24.00,138-824,서울특별시 송파구 문정동 20-11 2호,N,,3230000-204-2007-00034,3230000,,,03,폐업,미용업,,,,,
0,1,,0,순이미용실,일반미용업,3,2018-05-24,,,,197405.603350171,442365.558363072,2026-05-01 22:31:57,I,02,폐업,,2018-05-24 13:20:38,2014-08-26,17.49,156-821,서울특별시 동작구 사당동 268-14 1층,N,,3190000-211-2014-00048,3190000,"서울특별시 동작구 사당로16가길 38 (사당동, 1층)",07010,03,폐업,일반미용업,02-3481-4221,,,,
5,2,,0,위(We) 헤어,일반미용업,7,2022-01-20,,,,198076.300562561,441694.750273462,2026-05-01 22:31:58,I,02,폐업,0,2022-01-20 11:04:05,2016-05-26,116.38,156-827,서울특별시 동작구 사당동 1039-23 2층,N,0,3190000-211-2016-00028,3190000,서울특별시 동작구 동작대로1길 42 (사당동),07025,03,폐업,일반미용업,02-598-7870,,,,
0,0,,0,네일컨테이너(NailContainer),네일아트업,4,,,,,209708.127928039,445937.543455637,2026-05-01 22:35:58,I,01,영업,0,2022-10-20 16:30:49,2022-10-20,16.49,138-827,서울특별시 송파구 방이동 39-2 신동아타워,N,0,3230000-215-2022-00027,3230000,"서울특별시 송파구 오금로11길 33, 107호 (방이동, 신동아타워)",05543,01,영업/정상,네일미용업,,,,,
,,,,조희머리하는 곳,일반미용업,3,2013-07-04,,,,195816.079560799,443422.505016893,2026-05-01 22:31:17,I,02,폐업,,2004-12-08 00:00:00,2003-02-25,.00,156-030,서울특별시 동작구 상도동 411 대림아파트 상가동 102호,N,,3190000-204-2003-00015,3190000,"서울특별시 동작구 상도로60길 20 (상도동,대림아파트 상가동 102호)",07040,03,폐업,미용업,02-817-6915,,,,
,,,,평화미용실,일반미용업,3,2005-06-08,,,,209327.420759601,444232.76525207,2026-05-01 22:32:27,I,02,폐업,,2005-07-05 00:00:00,2002-02-27,19.53,138-846,서울특별시 송파구 석촌동 274-3,N,,3230000-204-1996-00869,3230000,,,03,폐업,미용업,02-417-0296,,,,
0,0,,0,월화수살롱,피부미용업,4,,,,,210398.86282613,445326.30116641,2026-05-01 22:35:39,I,01,영업,0,2021-10-27 12:02:56,2021-10-27,41.25,138-831,서울특별시 송파구 방이동 135-5 에스엠 빌딩,N,0,3230000-213-2021-00053,3230000,"서울특별시 송파구 가락로 248, 에스엠 빌딩 1층 5호 (방이동)",05634,01,영업/정상,종합미용업,,,,,
0,0,임대,0,러블리 헤어,일반미용업,4,,,,,209207.42373324,444322.671172647,2026-05-01 22:33:51,I,01,영업,,2015-01-16 14:20:23,2010-02-11,39.60,138-846,서울특별시 송파구 석촌동 271 지상1층,N,,3230000-211-2010-00025,3230000,"서울특별시 송파구 가락로11길 8, 지상1층 (석촌동)",05688,01,영업/정상,일반미용업,02-424-9005,1,,1,
0,0,,0,희가조,일반미용업,3,,,,,211476.863672721,442721.232457485,2026-05-01 22:33:51,I,01,영업,,2020-10-05 13:26:12,2010-02-01,33.00,138-200,서울특별시 송파구 문정동 108 1층,N,,3230000-211-2010-00024,3230000,"서울특별시 송파구 새말로17길 16 (문정동,1층)",05800,01,영업/정상,일반미용업,02-403-6229,1,,1,
,,,,이가자미용실,일반미용업,,2008-09-16,,,,210343.699256005,443288.284974717,2026-05-01 22:32:49,I,02,폐업,,2005-06-09 00:00:00,2003-02-27,.00,138-885,서울특별시 송파구 문정동 150-2,N,,3230000-204-2000-02233,3230000,,,03,폐업,미용업,02-449-0533,,,,
0,0,,0,수 헤어스튜디오,일반미용업,5,2025-02-10,,,,209193.108473913,444988.225306136,2026-05-01 22:34:11,I,02,폐업,0,2025-02-10 12:58:56,2015-06-11,40.00,138-844,서울특별시 송파구 석촌동 180-6 대명빌딩 101호,N,0,3230000-211-2015-00054,3230000,"서울특별시 송파구 백제고분로39길 26-17, 101호 (석촌동, 대명빌딩)",05609,03,폐업,일반미용업,02-413-1255,1,,1,
0,1,,0,마마헤어샾,일반미용업,3,2013-10-10,,,,197769.41577894,442307.983129151,2026-05-01 22:31:53,I,02,폐업,,2012-02-16 10:20:01,2009-09-30,20.00,156-823,서울특별시 동작구 사당동 321-57,N,,3190000-211-2009-00011,3190000,서울특별시 동작구 사당로20길 6 (사당동),,03,폐업,일반미용업,02-588-1584,,,,
2,0,,0,레드아이래쉬,피부미용업,4,2019-01-17,,,,210045.748264305,442930.687284628,2026-05-01 22:36:15,I,02,폐업,0,2019-01-17 11:14:37,2017-03-17,28.00,138-885,서울특별시 송파구 문정동 150,N,0,3230000-221-2017-00001,3230000,"서울특별시 송파구 중대로 24, 1동 지하1층 190호 (문정동, 올림픽훼미리타운 상가)",05834,03,폐업,"피부미용업, 화장ㆍ분장 미용업",,,1,,1
,,,,미N끼미용실,일반미용업,3,2004-12-15,,,,194258.672818344,444840.987090452,2026-05-01 22:31:17,I,02,폐업,,2004-03-24 00:00:00,2003-01-22,33.00,156-832,서울특별시 동작구 상도동 363-199,N,,3190000-204-2003-00008,3190000,,,03,폐업,미용업,,,,,
,0,,0,전애경헤어콜렉션,일반미용업,4,1997-04-25,,,,,,2026-05-01 22:32:06,I,02,폐업,,2002-09-04 00:00:00,1986-11-12,43.50,138-210,서울특별시 송파구 장지동 산 146-3,N,,3230000-204-1986-01574,3230000,,,03,폐업,미용업,02-414-0629,0,0,,
,,,,히즈모,일반미용업,,2003-07-03,,,,207776.016533105,444485.143398067,2026-05-01 22:32:54,I,02,폐업,,2003-06-13 00:00:00,2002-02-27,.00,138-837,서울특별시 송파구 삼전동 31-4,N,,3230000-204-2002-02449,3230000,,,03,폐업,미용업,02-419-0903,,,,
0,0,,0,네일와이,네일아트업,5,,,,,198161.292479758,443614.335996111,2026-05-01 22:32:52,I,01,영업,0,2023-09-07 13:42:51,2023-09-07,21.56,156-080,서울특별시 동작구 동작동 333 이수힐스테이트,N,0,3190000-222-2023-00003,3190000,"서울특별시 동작구 동작대로39길 22, 209동 1층 105호 (동작동, 이수힐스테이트)",06993,01,영업/정상,"네일미용업, 화장ㆍ분장 미용업",,,,,
2,0,,0,모 에스테틱,피부미용업,3,,,,,212662.164428353,443948.371538823,2026-05-01 22:35:13,I,01,영업,0,2019-07-08 12:45:09,2017-11-01,25.00,138-813,서울특별시 송파구 거여동 135-7,N,0,3230000-212-2017-00042,3230000,"서울특별시 송파구 오금로53길 42, 103호 (거여동)",05735,01,영업/정상,피부미용업,,1,0,1,0
,,,,데미안칼라컷펌,일반미용업,4,2005-01-28,,,,195489.423430508,444995.675592494,2026-05-01 22:31:11,I,02,폐업,,2004-10-25 00:00:00,2001-12-21,33.00,156-030,서울특별시 동작구 상도동 414 건영(아)상가,N,,3190000-204-2001-01597,3190000,,,03,폐업,미용업,02-814-7311,,,,
0,0,,0,봄헤어,일반미용업,2,,,,,209335.657488322,444218.364379524,2026-05-01 22:36:15,I,01,영업,0,2025-03-18 14:44:29,2021-08-23,29.80,138-846,서울특별시 송파구 석촌동 274-9,N,0,3230000-220-2021-00004,3230000,"서울특별시 송파구 송파대로37길 54, 1층 (석촌동)",05696,01,영업/정상,"일반미용업, 화장ㆍ분장 미용업",,1,,1,
,0,,0,헤어꼭또,일반미용업,4,2000-03-13,,,,,,2026-05-01 22:32:28,I,02,폐업,,2000-03-13 00:00:00,1996-01-31,23.29,138-210,서울특별시 송파구 장지동 산 484-13,N,,3230000-204-1996-01148,3230000,,,03,폐업,미용업,02-475-2606,0,0,,
0,0,,0,원샵헤어(ONE SHOP HAIR),일반미용업,2,2022-01-17,,,,209497.515975763,444437.843554476,2026-05-01 22:34:25,I,02,폐업,0,2022-01-17 15:05:18,2018-01-23,23.40,138-847,서울특별시 송파구 석촌동 294-4,N,0,3230000-211-2018-00005,3230000,"서울특별시 송파구 백제고분로40길 29-8, 1층 (석촌동)",05687,03,폐업,일반미용업,,1,,1,
,4,임대,1,마리헤어샵(Mari hairshop),일반미용업,3,2009-09-07,,,,197549.222455671,442225.935951866,2026-05-01 22:31:41,I,02,폐업,,2008-04-29 08:09:01,2008-04-29,17.85,156-823,서울특별시 동작구 사당동 316-1 (지상 1층),N,,3190000-204-2008-00013,3190000,,,03,폐업,미용업,02-0521-7470,1,,1,
0,0,,0,자미뷰티,피부미용업,3,2012-06-27,,,,208105.938904596,445043.97737109,2026-05-01 22:34:42,I,02,폐업,,2010-04-08 15:04:20,2010-04-08,66.00,138-915,서울특별시 송파구 잠실동 44-3 423호,N,,3230000-212-2010-00031,3230000,,,03,폐업,피부미용업,,4,,4,
1,0,임대,0,훅트아이래쉬,메이크업업,1,,,,,208347.634564101,444348.323862005,2026-05-01 22:36:17,I,01,영업,0,2023-12-01 17:20:16,2020-03-23,57.79,138-841,서울특별시 송파구 삼전동 178-10,N,0,3230000-222-2020-00003,3230000,"서울특별시 송파구 백제고분로32길 11, 2층 201호 (삼전동)",05586,01,영업/정상,"네일미용업, 화장ㆍ분장 미용업",,1,,1,
,0,,0,이즈헤어,일반미용업,0,2001-12-04,,,,,,2026-05-01 22:32:53,I,02,폐업,,2001-12-18 00:00:00,2001-05-08,.00,138-210,서울특별시 송파구 장지동 산 184-17,N,,3230000-204-2001-02397,3230000,,,03,폐업,미용업,02-2203-6645,0,0,,
0,0,임대,0,나나 헤어(나나 hair),일반미용업,3,2021-12-20,,,,209433.533001032,444485.572509323,2026-05-01 22:36:19,I,02,폐업,0,2021-12-20 12:28:17,2019-11-29,33.00,138-847,서울특별시 송파구 석촌동 292-6,N,0,3230000-225-2019-00013,3230000,"서울특별시 송파구 백제고분로40길 25, 1층 103호 (석촌동)",05686,03,폐업,"일반미용업, 네일미용업, 화장ㆍ분장 미용업",,1,,1,
4,0,,0,제이디에스테틱,피부미용업,4,,,,,206932.357872339,445301.060651942,2026-05-01 22:35:45,I,01,영업,0,2024-07-04 13:20:35,2024-07-04,82.80,138-759,서울특별시 송파구 잠실동 196 올림피아,N,0,3230000-213-2024-00039,3230000,"서울특별시 송파구 백제고분로 75, 올림피아 지하1층 101-1호 (잠실동)",05561,01,영업/정상,종합미용업,,,,,
,5,임대,1,진헤어샵,일반미용업,4,2012-04-09,,,,211037.925785024,444433.598229675,2026-05-01 22:33:07,I,02,폐업,,2006-04-05 00:00:00,2006-04-05,40.00,138-800,서울특별시 송파구 가락동 11-20,N,,3230000-204-2006-00038,3230000,,,03,폐업,미용업,,1,,1,
,0,,0,요요미용실,일반미용업,5,2001-06-20,,,,197550.00209092,442477.330561751,2026-05-01 22:30:47,I,02,폐업,,2001-07-26 00:00:00,1990-11-21,28.97,156-819,서울특별시 동작구 사당동 257-15,N,,3190000-204-1990-00709,3190000,,,03,폐업,미용업,,0,0,0,0
,,,,미스터,일반미용업,3,2017-04-28,,,,194933.318585224,444071.248329148,2026-05-01 22:31:49,I,02,폐업,,2017-04-28 14:38:01,1998-10-29,21.35,156-841,서울특별시 동작구 상도동 208-33,N,,3190000-211-1998-00011,3190000,서울특별시 동작구 양녕로27길 6 (상도동),07047,03,폐업,일반미용업,02-821-3190,,,,
0,0,,0,기분좋은 네일,네일아트업,5,,,,,194768.783460018,444680.421232768,2026-05-01 22:32:41,I,01,영업,1,2024-03-07 15:24:00,2024-03-07,30.00,156-831,서울특별시 동작구 상도동 171-1 서현빌딩,N,0,3190000-215-2024-00001,3190000,"서울특별시 동작구 장승배기로10길 49, 서현빌딩 3층 302호 (상도동)",06964,01,영업/정상,네일미용업,,,,,
6,0,,0,뷰앤스킨케어,피부미용업,6,,,,,208011.39567091,444998.464309311,2026-05-01 22:34:57,I,01,영업,,2020-08-31 09:20:50,2014-08-29,105.01,138-837,서울특별시 송파구 삼전동 1-1 신원빌딩,N,,3230000-212-2014-00035,3230000,"서울특별시 송파구 석촌호수로 130, 신원빌딩 2층 207호 (삼전동)",05599,01,영업/정상,피부미용업,02-412-0842,2,,2,
,,,,스타미용실,일반미용업,3,2007-06-12,,,,197309.227502171,443198.189495609,2026-05-01 22:30:42,I,02,폐업,,2007-05-11 00:00:00,1983-03-14,15.79,156-818,서울특별시 동작구 사당동 175-1,N,,3190000-204-1983-00801,3190000,,,03,폐업,미용업,02-0534-7968,,,,
,0,,0,수향(손의향기),일반미용업,5,2013-08-30,,,,209151.713940169,446519.612162961,2026-05-01 22:35:31,I,02,폐업,,2011-04-20 13:21:27,2011-04-20,26.65,138-240,서울특별시 송파구 신천동 17-4 파크리오 A상가 314호,N,,3230000-213-2011-00002,3230000,,,03,폐업,종합미용업,02-414-8169,3,,3,
0,0,,0,엘라,네일아트업,4,,,,,207373.50021477,445545.656024061,2026-05-01 22:35:53,I,01,영업,0,2016-11-08 11:46:27,2016-11-08,23.79,138-908,서울특별시 송파구 잠실동 19-9,N,0,3230000-215-2016-00043,3230000,"서울특별시 송파구 올림픽로 119, 2층 2A62호 (잠실동, 파인애플상가)",05501,01,영업/정상,네일미용업,,,,,
,4,,1,머리못하는 집,일반미용업,6,2010-04-01,,,,197545.985381694,442685.886949892,2026-05-01 22:31:26,I,02,폐업,,2009-06-18 17:55:12,2003-12-15,54.72,156-775,서울특별시 동작구 사당동 169-8 대림아파트상가A동 3층301호,N,,3190000-204-2003-00104,3190000,,,03,폐업,미용업,,3,,,
0,0,,0,구피샵 상도점,일반미용업,4,2021-03-16,,,,195630.52650964,444187.476901089,2026-05-01 22:31:58,I,02,폐업,0,2021-03-16 08:59:37,2016-02-12,26.44,156-836,서울특별시 동작구 상도1동 356-4 1층,N,0,3190000-211-2016-00005,3190000,서울특별시 동작구 상도로47길 7 (상도1동),06970,03,폐업,일반미용업,02-822-4112,,,,
,,,,박승철헤어스투디오,일반미용업,14,2003-02-26,,,,210846.37710983,443062.097766108,2026-05-01 22:32:33,I,02,폐업,,2003-05-14 00:00:00,1997-09-29,202.74,138-825,서울특별시 송파구 문정동 42-2 3통지상4층,N,,3230000-204-1997-00776,3230000,,,03,폐업,미용업,02-401-1595,,,,
0,0,,0,청춘,일반미용업,5,2020-06-17,,,,195017.048341695,445368.524110262,2026-05-01 22:32:42,I,02,폐업,0,2020-06-17 15:08:02,2016-08-09,20.00,156-801,서울특별시 동작구 노량진동 122-2,N,0,3190000-216-2016-00001,3190000,"서울특별시 동작구 만양로13길 4, 1층 (노량진동)",06926,03,폐업,"일반미용업, 피부미용업",02-825-0414,1,,,
0,0,,0,뷰티야,피부미용업,2,2014-02-25,,,,209639.36755345,445290.388725683,2026-05-01 22:33:12,I,02,폐업,,2014-07-29 13:23:30,2010-06-18,33.00,138-849,서울특별시 송파구 송파동 52-17 지상1층,N,,3230000-204-2010-00070,3230000,"서울특별시 송파구 백제고분로45길 16, 지상1층 (송파동)",05619,03,폐업,미용업,02-423-1031,,,,
,0,,0,김미용실,일반미용업,0,1996-12-02,,,,198261.938633463,442267.018758587,2026-05-01 22:30:51,I,02,폐업,,2001-09-29 00:00:00,1992-04-02,.00,156-824,서울특별시 동작구 사당동 1008-1,N,,3190000-204-1992-00648,3190000,,,03,폐업,미용업,02-523-1734,0,0,0,0
0,0,,0,위즈네일,네일아트업,2,2024-09-03,,,,193594.886430012,443782.79775497,2026-05-01 22:32:43,I,02,폐업,1,2024-09-03 13:34:25,2016-07-08,35.00,156-847,서울특별시 동작구 신대방동 342-36 1층,N,0,3190000-218-2016-00008,3190000,"서울특별시 동작구 국사봉2길 54, 1층 (신대방동)",07053,03,폐업,"피부미용업, 네일미용업",,4,,,
2,0,,0,라플레 뷰티,피부미용업,6,,,,,209850.618241973,445123.932892811,2026-05-01 22:35:47,I,01,영업,0,2025-04-09 16:23:44,2025-04-09,33.06,138-851,서울특별시 송파구 송파동 131,N,0,3230000-213-2025-00023,3230000,"서울특별시 송파구 백제고분로46길 10, 102호 (송파동)",05665,01,영업/정상,종합미용업,,1,,,
,,,,제제헤어,일반미용업,2,,,,,206900.84547168,444796.930767052,2026-05-01 22:33:16,I,01,영업,,2024-10-18 09:09:03,2003-02-27,21.00,138-865,서울특별시 송파구 잠실동 296-5 우신빌딩,N,,3230000-211-1986-00002,3230000,"서울특별시 송파구 도곡로64길 7, 1층 106호 (잠실동)",05574,01,영업/정상,일반미용업,02-473-2125,,,,
0,0,,0,헤어바이순정(Hair by 순정),일반미용업,10,2015-04-24,,,,211173.34842584,445135.155630318,2026-05-01 22:34:06,I,02,폐업,0,2014-12-01 13:29:18,2014-12-01,150.41,138-855,서울특별시 송파구 오금동 18-9 203호,N,0,3230000-211-2014-00085,3230000,"서울특별시 송파구 마천로 57, 2층 203호 (오금동)",05657,03,폐업,일반미용업,,2,,2,
,,,,최다승미용실,일반미용업,,2003-09-01,,,,207125.178244289,445763.360184076,2026-05-01 22:32:57,I,02,폐업,,2003-06-12 00:00:00,2003-02-27,.00,138-908,서울특별시 송파구 잠실동 19 1단지 상가,N,,3230000-204-2003-00161,3230000,,,03,폐업,미용업,02-413-0204,,,,
,0,,0,핑크헤어,일반미용업,4,1995-07-01,,,,,,2026-05-01 22:32:17,I,02,폐업,,2002-09-04 00:00:00,1992-05-14,22.44,138-210,서울특별시 송파구 장지동 산 269-2,N,,3230000-204-1992-00735,3230000,,,03,폐업,미용업,02-487-9599,0,0,,
0,0,,0,모티브왁싱 잠실점,피부미용업,0,2025-11-19,,,,207296.246452135,445324.959410252,2026-05-01 22:35:28,I,02,폐업,0,2025-11-19 12:59:34,2025-03-11,18.99,138-861,서울특별시 송파구 잠실동 187-3,N,0,3230000-212-2025-00008,3230000,"서울특별시 송파구 올림픽로12길 17, 5층 (잠실동)",05559,03,폐업,피부미용업,,,,,
,7,,0,L&B 뷰티겔러리,피부미용업,3,2015-08-03,,,,208586.262081658,444869.728434013,2026-05-01 22:34:47,I,02,폐업,,2014-09-30 16:04:41,2011-05-04,53.95,138-842,서울특별시 송파구 석촌동 1-6 (두경레이크캐슬702호),N,,3230000-212-2011-00072,3230000,"서울특별시 송파구 송파대로49길 64 (석촌동,(두경레이크캐슬702호))",05612,03,폐업,피부미용업,,,,,
0,1,,0,티나네일,네일아트업,7,2019-06-03,,,,193311.831569946,443352.67250352,2026-05-01 22:32:33,I,02,폐업,0,2019-06-03 14:52:04,2016-02-26,23.48,156-855,서울특별시 동작구 신대방동 706,N,0,3190000-215-2016-00006,3190000,"서울특별시 동작구 보라매로5길 5, 1층 (신대방동)",07071,03,폐업,네일미용업,,,,,
0,0,임대,0,몸매 잡이,피부미용업,0,2021-06-29,,,,208994.017991356,445826.545566831,2026-05-01 22:35:37,I,02,폐업,0,2021-06-29 11:38:41,2020-06-05,289.25,138-934,서울특별시 송파구 신천동 7-19 잠실시그마타워,N,0,3230000-213-2020-00042,3230000,"서울특별시 송파구 올림픽로 289, 잠실시그마타워 지하2층 (신천동)",05510,03,폐업,종합미용업,,,2,,2
,0,,0,샤포헤어,일반미용업,6,2000-02-22,,,,197932.705115187,442444.633414719,2026-05-01 22:30:55,I,02,폐업,,2000-02-22 00:00:00,1996-10-07,97.99,156-820,서울특별시 동작구 사당동 155-2,N,,3190000-204-1996-00414,3190000,,,03,폐업,미용업,02-596-4431,0,0,0,0
,0,,0,헤어모드,일반미용업,5,2001-06-20,,,,194089.19752349,444516.268278411,2026-05-01 22:30:51,I,02,폐업,,2001-07-24 00:00:00,1993-11-26,27.72,156-832,서울특별시 동작구 상도동 356-4,N,,3190000-204-1993-00531,3190000,,,03,폐업,미용업,02-824-2906,0,0,0,0
,0,임대,0,이화헤어,일반미용업,3,,,,,208963.180361534,444179.980721848,2026-05-01 22:33:42,I,01,영업,,2015-01-16 13:40:09,2008-05-23,19.80,138-845,서울특별시 송파구 석촌동 239-21 지상1층,N,,3230000-211-2008-00019,3230000,"서울특별시 송파구 가락로5길 3 (석촌동,지상1층)",05691,01,영업/정상,일반미용업,,1,0,1,0
5,0,임대,0,더힐링샵,피부미용업,0,2018-12-28,,,,194232.186220756,444634.663433452,2026-05-01 22:32:16,I,02,폐업,0,2018-12-28 17:39:01,2015-06-03,53.69,156-832,서울특별시 동작구 상도동 358-12 201호,N,0,3190000-212-2015-00020,3190000,"서울특별시 동작구 상도로15길 82, 2층 201호 (상도동)",06950,03,폐업,피부미용업,,,,,
,,,,김영숙헤어,일반미용업,,2020-10-14,,,,211233.250878951,442809.167803478,2026-05-01 22:33:24,I,02,폐업,,2020-10-14 09:54:49,2002-02-27,58.50,138-824,서울특별시 송파구 문정동 14-5 지상1층,N,,3230000-211-2003-00092,3230000,"서울특별시 송파구 문정로5길 17-19, 지상1층 (문정동)",05797,03,폐업,일반미용업,02-421-4153,,,,
,0,,0,마리나헤어샵,일반미용업,0,2003-02-27,,,,,,2026-05-01 22:32:54,I,02,폐업,,2003-02-03 00:00:00,2002-12-20,.00,138-160,서울특별시 송파구 가락동 283-45,N,,3230000-204-2002-02447,3230000,,,03,폐업,미용업,02-403-2624,0,0,,
,4,,,머리잘하는집,일반미용업,2,2009-11-26,,,,194170.380984951,445291.071631155,2026-05-01 22:31:39,I,02,폐업,,2008-09-26 14:30:37,2007-02-05,21.90,156-807,서울특별시 동작구 대방동 44-124,N,,3190000-204-2007-00004,3190000,,,03,폐업,미용업,,1,,1,
0,0,,1,초콜릿,메이크업업,4,,,,,209412.197809542,443928.783342251,2026-05-01 22:36:17,I,01,영업,0,2019-06-03 14:11:25,2019-06-03,14.50,138-883,서울특별시 송파구 가락동 479 헬리오시티,N,0,3230000-222-2019-00004,3230000,"서울특별시 송파구 송파대로 345, 상가001B동 지하1층 B192호 (가락동, 헬리오시티)",05698,01,영업/정상,"네일미용업, 화장ㆍ분장 미용업",,,,,
0,0,,0,29,일반미용업,3,2017-02-10,,,,209933.823276344,446455.526715924,2026-05-01 22:33:59,I,02,폐업,,2014-09-04 14:11:59,2012-07-23,16.22,138-240,서울특별시 송파구 신천동 20-6,N,,3230000-211-2012-00063,3230000,"서울특별시 송파구 올림픽로 435, 제B동 지상1층 129호 (신천동, 파크리오상가)",05507,03,폐업,일반미용업,02-415-2919,,,,
0,0,,0,모아드헤어,일반미용업,0,,,,,207884.887613587,444694.637993134,2026-05-01 22:34:35,I,01,영업,0,2024-10-21 09:56:34,2024-10-21,31.24,138-837,서울특별시 송파구 삼전동 10-3 제이에이치팰리스,N,0,3230000-211-2024-00029,3230000,"서울특별시 송파구 백제고분로21길 6-3, 1층 101-2호 (삼전동, 제이에이치팰리스)",05605,01,영업/정상,일반미용업,02-425-0604,,,,
,,,,미스터빠마,일반미용업,,2003-06-24,,,,194425.964501872,444621.202908272,2026-05-01 22:31:15,I,02,폐업,,2003-06-24 00:00:00,2002-03-29,125.40,156-838,서울특별시 동작구 상도동 183-17,N,,3190000-204-2002-00008,3190000,,,03,폐업,미용업,,,,,
0,0,,0,네일샵이다,네일아트업,2,2021-11-03,,,,207172.883886819,445291.489828428,2026-05-01 22:35:57,I,02,폐업,0,2021-11-03 14:01:34,2021-11-02,9.98,138-861,서울특별시 송파구 잠실동 190-5,N,0,3230000-215-2021-00025,3230000,"서울특별시 송파구 백제고분로7길 24-19, 2층 (잠실동)",05560,03,폐업,네일미용업,,,,,
,,임대,,바비,일반미용업,3,2007-03-29,,,,211127.751992418,442939.382498138,2026-05-01 22:33:08,I,02,폐업,,2006-07-07 00:00:00,2006-07-07,33.00,138-824,서울특별시 송파구 문정동 23,N,,3230000-204-2006-00077,3230000,,,03,폐업,미용업,,1,,,
0,1,,0,펌앤컷,일반미용업,4,2021-04-05,,,,210864.747947143,444324.518612264,2026-05-01 22:34:27,I,02,폐업,0,2021-04-05 15:20:31,2018-11-07,40.00,138-801,서울특별시 송파구 가락동 29-14,N,0,3230000-211-2018-00087,3230000,"서울특별시 송파구 양재대로66길 22, 1층 103호 (가락동)",05705,03,폐업,일반미용업,,,,,
,,,,다모아 미용실,일반미용업,,,,,,209351.755742105,444553.900630148,2026-05-01 22:33:19,I,01,영업,,2016-04-28 12:18:04,2002-02-27,.00,138-847,서울특별시 송파구 석촌동 282-2,N,,3230000-211-2000-00008,3230000,서울특별시 송파구 백제고분로40길 16 (석촌동),05689,01,영업/정상,일반미용업,02-424-9796,,,,
0,0,,0,럭스헤어 신대방점,일반미용업,4,,,,,191691.678396263,442818.113681285,2026-05-01 22:32:01,I,01,영업,0,2021-10-25 09:42:55,2017-09-08,34.03,156-010,서울특별시 동작구 신대방동 719,N,0,3190000-211-2017-00045,3190000,"서울특별시 동작구 신대방1가길 38, 106동 115호 (신대방동)",07072,01,영업/정상,일반미용업,02-6673-3320,1,,,
0,0,,0,사틴헤어,일반미용업,2,2020-12-29,,,,211611.3536395,444006.154467815,2026-05-01 22:34:31,I,02,폐업,0,2020-12-29 17:03:04,2020-08-25,33.00,138-810,서울특별시 송파구 가락동 165 래미안파크팰리스,N,0,3230000-211-2020-00022,3230000,"서울특별시 송파구 동남로 225, 상가동 2층 (가락동, 래미안파크팰리스)",05820,03,폐업,일반미용업,,,,,
,6,임대,1,다노헤어,일반미용업,8,2006-05-01,,,,195758.085769311,443972.002869352,2026-05-01 22:31:32,I,02,폐업,,2005-03-16 00:00:00,2005-01-11,52.32,156-030,서울특별시 동작구 상도동 477-17,N,,3190000-204-2005-00002,3190000,,,03,폐업,미용업,,3,,3,
,0,,0,헤어코디,일반미용업,0,2001-11-13,,,,,,2026-05-01 22:32:53,I,02,폐업,,2001-12-18 00:00:00,2001-05-30,.00,138-210,서울특별시 송파구 장지동 산 200-37,N,,3230000-204-2001-02401,3230000,,,03,폐업,미용업,02-430-8654,0,0,,
,,,,나나헤어라인,일반미용업,3,2003-04-30,,,,,,2026-05-01 22:31:00,I,02,폐업,,2003-05-23 00:00:00,1999-05-17,23.80,156-862,서울특별시 동작구 흑석동 248-25,N,,3190000-204-1999-01450,3190000,,,03,폐업,미용업,02-815-6943,,,,
5,0,,0,박준뷰티랩 송파헬리오포레점,일반미용업,10,,,,,209412.197809542,443928.783342251,2026-05-01 22:35:47,I,01,영업,0,2025-04-01 16:48:43,2025-04-01,139.40,138-160,서울특별시 송파구 가락동 913 헬리오시티,N,0,3230000-213-2025-00020,3230000,"서울특별시 송파구 송파대로 345, 근린생활시설 1A동 2층 2012,2013,2014호 (가락동, 헬리오시티)",05698,01,영업/정상,종합미용업,,,,,
0,0,임대,0,살롱드엔,일반미용업,3,,,,,213361.048643515,444163.146523473,2026-05-01 22:34:31,I,01,영업,0,2021-03-22 13:55:46,2021-03-22,24.00,138-819,서울특별시 송파구 마천동 154-2,N,0,3230000-211-2021-00009,3230000,"서울특별시 송파구 성내천로 220, 1층 (마천동)",05752,01,영업/정상,일반미용업,,1,,1,
2,0,,0,라온 에스테틱,피부미용업,2,,,,,209429.250400612,444272.158471121,2026-05-01 22:35:28,I,01,영업,0,2025-02-24 10:35:56,2025-02-24,76.12,138-846,서울특별시 송파구 석촌동 275-15,N,0,3230000-212-2025-00004,3230000,"서울특별시 송파구 가락로16길 2-21, 4층 (석촌동)",05696,01,영업/정상,피부미용업,,,,,
0,0,,0,더 프리메라 미용실,일반미용업,3,,,,,196312.152969333,445030.164307664,2026-05-01 22:32:02,I,01,영업,1,2020-06-08 17:06:29,2017-12-04,29.75,156-861,서울특별시 동작구 흑석동 190-22,N,0,3190000-211-2017-00060,3190000,"서울특별시 동작구 흑석로13마길 65-3, 1층 2호 (흑석동)",06910,01,영업/정상,일반미용업,02-817-9717,1,0,1,0
,4,,,이슈헤어,일반미용업,3,2020-06-19,,,,209100.722320971,444280.176745087,2026-05-01 22:33:25,I,02,폐업,,2020-06-19 13:37:40,2004-09-21,19.80,138-846,서울특별시 송파구 석촌동 257 1층,N,,3230000-211-2004-00029,3230000,"서울특별시 송파구 가락로9길 8 (석촌동,1층)",05690,03,폐업,일반미용업,,1,,1,
,0,,0,유니크헤어,일반미용업,3,1998-06-09,,,,211085.096063496,443595.584608012,2026-05-01 22:32:37,I,02,폐업,,2003-01-23 00:00:00,1997-03-03,20.40,138-808,서울특별시 송파구 가락동 141-23,N,,3230000-204-1997-01229,3230000,,,03,폐업,미용업,02-407-0116,0,0,,
,,,,도로시헤어,일반미용업,2,2009-08-19,,,,194943.213578252,443965.444540344,2026-05-01 22:32:21,I,02,폐업,,2008-08-07 16:40:37,1979-11-12,12.32,156-841,서울특별시 동작구 상도동 210-299,N,,3190000-213-1979-00001,3190000,,,03,폐업,종합미용업,,,,,
0,5,,0,PREPPY by 남호,일반미용업,3,2015-04-23,2011-07-08,임시사용승인기간,2012-03-25,196849.978897702,444842.440226542,2026-05-01 22:31:55,I,02,폐업,,2014-01-02 13:45:23,2011-07-08,47.02,156-857,서울특별시 동작구 흑석동 45-1 101호,N,,3190000-211-2011-00022,3190000,서울특별시 동작구 흑석한강로 12 (흑석동),06981,03,폐업,일반미용업,02-812-0463,1,,,
0,0,임대,0,주에스테틱,피부미용업,4,,,,,209495.573764625,445486.045812961,2026-05-01 22:36:07,I,01,영업,,2022-09-20 14:53:28,2010-07-15,52.87,138-849,서울특별시 송파구 송파동 58-1 대우레이크월드 상가 205호,N,,3230000-218-2010-00002,3230000,"서울특별시 송파구 석촌호수로 298, 205호 (송파동, 대우레이크월드 상가)",05618,01,영업/정상,"피부미용업, 네일미용업",02-412-4560,4,0,4,0
,0,,0,숙,일반미용업,2,1998-09-29,,,,194397.649742849,444381.873413059,2026-05-01 22:30:42,I,02,폐업,,2001-09-29 00:00:00,1983-05-25,13.20,156-840,서울특별시 동작구 상도동 197-1,N,,3190000-204-1983-00840,3190000,,,03,폐업,미용업,02-845-9597,0,0,0,0
0,0,,0,미소헤어,일반미용업,2,,,,,193349.974571919,444535.124860132,2026-05-01 22:32:28,I,01,영업,0,2022-02-24 09:56:07,2022-02-24,33.46,156-809,서울특별시 동작구 대방동 375-74,N,0,3190000-213-2022-00001,3190000,"서울특별시 동작구 대방동길 56, 지층 (대방동)",06946,01,영업/정상,종합미용업,,,,,
0,0,임대,0,빠마닷컴,일반미용업,4,2013-10-29,,,,209929.741480444,444542.920562106,2026-05-01 22:33:11,I,02,폐업,,2009-04-27 10:19:53,2009-04-27,34.44,138-854,서울특별시 송파구 송파동 103-31 1층,N,,3230000-204-2009-00032,3230000,"서울특별시 송파구 가락로 156 (송파동,1층)",05675,03,폐업,미용업,02-424-7075,1,,1,
2,0,,0,드로아 뷰티-XNAL 헬리오시티점,피부미용업,5,,,,,209412.197809542,443928.783342251,2026-05-01 22:35:45,I,01,영업,0,2024-09-05 15:23:02,2024-09-05,25.92,138-160,서울특별시 송파구 가락동 913 헬리오시티,N,0,3230000-213-2024-00057,3230000,"서울특별시 송파구 송파대로 345, A동 지하1층 B50~51호 (가락동, 헬리오시티)",05698,01,영업/정상,종합미용업,,,,,
0,0,,0,비비드제이,일반미용업,6,,,,,193081.588981634,444669.447925795,2026-05-01 22:32:04,I,01,영업,0,2019-10-16 15:42:55,2019-02-07,82.00,156-810,서울특별시 동작구 대방동 385-12 김정기정형외과의원,N,0,3190000-211-2019-00003,3190000,"서울특별시 동작구 여의대방로36길 5, 김정기정형외과의원 1층 (대방동)",06945,01,영업/정상,일반미용업,02-825-6096,1,,1,
0,0,,0,The 스타일,일반미용업,4,2012-03-23,,,,196369.193733224,445039.619464055,2026-05-01 22:32:22,I,02,폐업,,2009-06-24 10:50:35,2009-06-24,33.00,156-861,서울특별시 동작구 흑석동 190-35,N,,3190000-213-2009-00029,3190000,,,03,폐업,종합미용업,,1,,,
0,0,,0,아비쥬,네일아트업,7,2022-02-08,,,,207102.395,445477.545,2026-05-01 22:35:52,I,02,폐업,0,2022-02-08 13:49:48,2016-06-03,33.00,138-861,서울특별시 송파구 잠실동 181,N,0,3230000-215-2016-00024,3230000,"서울특별시 송파구 올림픽로 96, 지상6층 (잠실동)",05557,03,폐업,네일미용업,,6,,6,
0,0,임대,0,김지효 헤어,일반미용업,3,2021-12-23,,,,210552.84729837,445579.920607077,2026-05-01 22:33:46,I,02,폐업,,2021-12-23 13:49:10,2009-07-10,33.00,138-833,서울특별시 송파구 방이동 160-9 1층,N,,3230000-211-2009-00009,3230000,"서울특별시 송파구 가락로42길 6 (방이동,1층)",05635,03,폐업,일반미용업,02-423-5400,1,,1,
0,0,임대,0,르미와르,피부미용업,2,2010-10-22,,,,209795.149374536,444492.099260967,2026-05-01 22:34:41,I,02,폐업,,2010-01-06 10:44:28,2010-01-06,66.00,138-850,서울특별시 송파구 송파동 95-54 3층,N,,3230000-212-2010-00002,3230000,,,03,폐업,피부미용업,,3,,3,
0,1,,0,브러쉬헤어(BRUSH HAIR),일반미용업,2,2026-02-27,,,,212494.327675839,441590.062253247,2026-05-01 22:36:22,I,02,폐업,0,2026-02-27 15:00:17,2025-03-14,47.16,138-926,서울특별시 송파구 장지동 894 위례아이파크,N,0,3230000-225-2025-00001,3230000,"서울특별시 송파구 위례광장로 136, 상가 C동 136호 (장지동, 위례아이파크)",05852,03,폐업,"일반미용업, 네일미용업, 화장ㆍ분장 미용업",,,,,
4,0,,0,본에스떼와이,피부미용업,4,,,,,207373.50021477,445545.656024061,2026-05-01 22:35:25,I,01,영업,0,2022-06-30 16:53:54,2022-06-30,61.81,138-908,서울특별시 송파구 잠실동 19-9 잠실파인애플상가,N,0,3230000-212-2022-00030,3230000,"서울특별시 송파구 올림픽로 119, 잠실파인애플상가 4층 비08호 (잠실동)",05501,01,영업/정상,피부미용업,,,,,
2,0,,0,뷰티다룸(BEAUTY DARUM) 잠실갤러리아팰리스점,피부미용업,5,2025-05-29,,,,208233.926974585,445435.257647797,2026-05-01 22:35:44,I,02,폐업,0,2025-05-29 17:33:06,2024-03-05,31.78,138-791,서울특별시 송파구 잠실동 40 갤러리아팰리스,N,0,3230000-213-2024-00010,3230000,"서울특별시 송파구 올림픽로 212, 2층 225호 (잠실동, 갤러리아팰리스)",05553,03,폐업,종합미용업,,,,,
0,0,,0,승희머리꾼,일반미용업,3,2019-02-25,,,,210676.35302427,448130.126787672,2026-05-01 22:33:55,I,02,폐업,,2019-02-25 12:57:22,2011-09-26,59.55,138-873,서울특별시 송파구 풍납동 482-9 1층,N,,3230000-211-2011-00018,3230000,"서울특별시 송파구 바람드리26길 19 (풍납동,1층)",05519,03,폐업,일반미용업,02-6015-5924,1,,1,
,2,임대,0,호연헤어샾,일반미용업,3,2008-05-29,,,,,,2026-05-01 22:33:10,I,02,폐업,,2008-03-21 10:40:11,2008-03-21,40.26,138-883,"서울특별시 송파구 가락동 479 가락시영(아)나동상가106호,107호",N,,3230000-204-2008-00020,3230000,,,03,폐업,미용업,,1,,1,
0,0,,0,캔디네일,네일아트업,4,2018-10-12,,,,212690.415203105,444277.031045752,2026-05-01 22:35:53,I,02,폐업,0,2018-10-12 09:45:48,2017-06-05,6.50,138-817,서울특별시 송파구 마천동 19-24,N,0,3230000-215-2017-00018,3230000,"서울특별시 송파구 성내천로21길 16, 1층 101호 (마천동, 그랜드빌)",05733,03,폐업,네일미용업,,,,,
3,0,,0,루트에스테틱,피부미용업,3,2021-11-29,,,,206958.784771636,445321.825195742,2026-05-01 22:35:16,I,02,폐업,0,2021-11-29 13:07:17,2019-01-08,66.00,138-862,서울특별시 송파구 잠실동 195-1 남미빌딩,N,0,3230000-212-2019-00003,3230000,"서울특별시 송파구 백제고분로7길 6-5, 202호 (잠실동)",05561,03,폐업,피부미용업,,2,,2,
0,0,임대,0,강민헤어,일반미용업,3,,,,,193311.831569946,443352.67250352,2026-05-01 22:31:57,I,01,영업,,2021-12-20 16:22:42,2013-04-01,19.74,156-855,서울특별시 동작구 신대방동 706-116 1층,N,,3190000-211-2013-00077,3190000,서울특별시 동작구 보라매로5길 5 (신대방동),07071,01,영업/정상,일반미용업,02-833-2909,,1,,
,,,,SALON DE RI(살롱드리),일반미용업,,,,,,210197.719510919,447855.177758717,2026-05-01 22:34:27,I,01,영업,,2018-11-05 16:22:07,2018-11-05,.00,138-874,서울특별시 송파구 풍납동 252-3,N,,3230000-211-2018-00086,3230000,"서울특별시 송파구 풍성로14길 17, 1층 (풍납동)",05533,01,영업/정상,일반미용업,,,,,
,,,,대림미용실,일반미용업,3,1996-06-14,,,,,,2026-05-01 22:32:10,I,02,폐업,,2003-02-20 00:00:00,1989-12-16,15.75,138-160,서울특별시 송파구 가락동 00,N,,3230000-204-1989-01111,3230000,,,03,폐업,미용업,02-406-0272,,,,
,,,,퀸,일반미용업,3,,,,,210011.758346708,445476.55828818,2026-05-01 22:33:16,I,01,영업,,2005-06-07 00:00:00,2003-02-27,20.16,138-830,서울특별시 송파구 방이동 111-14,N,,3230000-211-1987-00001,3230000,서울특별시 송파구 백제고분로48길 8 (방이동),05641,01,영업/정상,일반미용업,02-412-8386,,,,
,2,임대,,FOX헤어,일반미용업,4,2007-06-11,,,,193982.460421658,444353.580106176,2026-05-01 22:31:25,I,02,폐업,,2006-08-28 00:00:00,2003-08-12,23.10,156-839,서울특별시 동작구 상도동 350-62,N,,3190000-204-2003-00079,3190000,,,03,폐업,미용업,02-823-9360,1,,1,
0,0,,0,웅스헤어(woong's hair),일반미용업,3,2018-12-04,,,,211547.440743934,443821.570942825,2026-05-01 22:34:06,I,02,폐업,0,2018-12-04 13:33:50,2014-11-25,30.00,138-810,서울특별시 송파구 가락동 164-21 지상1층,N,0,3230000-211-2014-00082,3230000,"서울특별시 송파구 동남로 213, 지상1층 (가락동)",05820,03,폐업,일반미용업,,1,,1,
,,,,빛과결,일반미용업,4,2006-05-23,,,,209522.43324123,444926.099764329,2026-05-01 22:32:22,I,02,폐업,,2005-09-14 00:00:00,2003-02-27,20.06,138-848,서울특별시 송파구 송파동 19-9,N,,3230000-204-1994-01329,3230000,,,03,폐업,미용업,02-419-7751,,,,
,,,,헤어아티스트 민혁,일반미용업,,2016-05-24,2011-07-04,임시사용,2012-03-25,196849.978897702,444842.440226542,2026-05-01 22:32:23,I,02,폐업,,2014-09-30 14:46:58,2011-07-04,36.00,156-070,서울특별시 동작구 흑석동 335 1층 109호,N,,3190000-213-2011-00030,3190000,"서울특별시 동작구 흑석한강로 12 (흑석동, 1층 109호)",06981,03,폐업,종합미용업,02-825-3459,,,,
,5,임대,,Hair # (헤어 샵),일반미용업,4,2011-04-25,,,,208653.057600659,444418.123432696,2026-05-01 22:33:05,I,02,폐업,,2009-03-02 14:03:10,2005-06-18,33.00,138-845,서울특별시 송파구 석촌동 211-4,N,,3230000-204-2005-00071,3230000,,,03,폐업,미용업,,1,,1,
1,0,,0,S네일,네일아트업,8,2021-04-02,,,,208919.81147492,444769.219958737,2026-05-01 22:35:52,I,02,폐업,0,2021-04-02 10:46:06,2016-05-02,19.50,138-843,서울특별시 송파구 석촌동 153,N,0,3230000-215-2016-00018,3230000,"서울특별시 송파구 석촌호수로18길 21, 1층 (석촌동)",05615,03,폐업,네일미용업,,1,,1,
0,0,,0,퀸즈헤나,일반미용업,2,2019-03-07,,,,210045.748264305,442930.687284628,2026-05-01 22:34:26,I,02,폐업,0,2019-03-07 12:21:37,2018-07-25,23.90,138-885,서울특별시 송파구 문정동 150 올림픽훼밀리타운,N,0,3230000-211-2018-00046,3230000,"서울특별시 송파구 중대로 24, 2동 지하2호 (문정동, 올림픽훼밀리타운)",05834,03,폐업,일반미용업,,,1,,1
0,0,,0,진헤어룩,일반미용업,3,,,,,198170.018747935,442929.099539407,2026-05-01 22:32:02,I,01,영업,0,2020-11-02 08:52:43,2018-03-12,46.00,156-815,서울특별시 동작구 사당동 91-160,N,0,3190000-211-2018-00007,3190000,"서울특별시 동작구 동작대로29다길 7-2, 1층 (사당동)",06997,01,영업/정상,일반미용업,02-591-1828,,,,
0,0,임대,0,라본헤어 천호,일반미용업,2,,,,,210754.551270188,448306.430196107,2026-05-01 22:34:36,I,01,영업,0,2025-11-10 11:01:05,2024-08-20,3.00,138-873,서울특별시 송파구 풍납동 474-4,N,0,3230000-211-2024-00042,3230000,"서울특별시 송파구 바람드리길 59, 2층 2호 (풍납동)",05511,01,영업/정상,일반미용업,,,1,,1
5,4,,0,지나 스킨케어,피부미용업,0,2013-03-08,,,,194722.170191629,444750.397555085,2026-05-01 22:32:12,I,02,폐업,,2011-07-08 10:56:32,2011-07-08,70.00,156-831,서울특별시 동작구 상도동 170-2 3층,N,,3190000-212-2011-00006,3190000,,,03,폐업,피부미용업,02-824-0844,3,,,
2,0,,1,수연에스떼,피부미용업,2,,,,,208330.26222488,444202.235611349,2026-05-01 22:35:17,I,01,영업,0,2019-03-22 12:58:51,2019-03-22,30.60,138-841,서울특별시 송파구 삼전동 174,N,0,3230000-212-2019-00014,3230000,"서울특별시 송파구 백제고분로32길 27, 1층 102호 (삼전동)",05587,01,영업/정상,피부미용업,,,,,
3,0,,0,래쉬포인트,피부미용업,4,2019-12-16,,,,207322.309128195,445155.313150394,2026-05-01 22:36:16,I,02,폐업,0,2019-12-16 14:49:04,2019-01-28,65.00,138-863,서울특별시 송파구 잠실동 213-1,N,0,3230000-221-2019-00004,3230000,"서울특별시 송파구 올림픽로12길 31, 지층 (잠실동)",05564,03,폐업,"피부미용업, 화장ㆍ분장 미용업",,,,,
,0,,0,준헤어플러스,일반미용업,3,2004-12-18,,,,194209.545824789,445564.338506524,2026-05-01 22:30:58,I,02,폐업,,1999-05-11 00:00:00,1998-02-25,33.14,156-804,서울특별시 동작구 노량진동 271-13,N,,3190000-204-1998-00313,3190000,,,03,폐업,미용업,02-814-6021,0,0,0,0
,0,,0,조은방,일반미용업,4,2000-03-07,,,,,,2026-05-01 22:32:14,I,02,폐업,,2003-01-20 00:00:00,1990-03-10,18.48,138-814,서울특별시 송파구 거여동 35-9,N,,3230000-204-1990-01610,3230000,,,03,폐업,미용업,02-404-2817,0,0,,
,5,,1,이소희헤어갤러리,일반미용업,,2019-01-11,,,,210878.515429098,443075.872998689,2026-05-01 22:33:27,I,02,폐업,,2019-01-11 18:03:10,2005-07-26,66.00,138-825,서울특별시 송파구 문정동 29-24 (2층),N,,3230000-211-2005-00015,3230000,"서울특별시 송파구 동남로 110 (문정동,(2층))",05804,03,폐업,일반미용업,02-401-5041,2,,2,
,,,,토토헤어클럽,일반미용업,,2003-04-30,,,,197480.815334066,442680.06604379,2026-05-01 22:31:08,I,02,폐업,,2003-05-23 00:00:00,2001-08-08,.00,156-824,서울특별시 동작구 사당동 708-817,N,,3190000-204-2001-01574,3190000,,,03,폐업,미용업,02-3476-4330,,,,
,2,임대,1,여우머리,일반미용업,4,2013-05-21,,,,210498.600410227,448391.797075099,2026-05-01 22:33:04,I,02,폐업,,2005-09-06 00:00:00,2005-02-24,27.00,138-872,서울특별시 송파구 풍납동 82-26,N,,3230000-204-2005-00018,3230000,,,03,폐업,미용업,02-476-2545,1,,1,
,,임대,,최쌤,일반미용업,,2017-01-04,,,,207108.843411657,444827.891853951,2026-05-01 22:33:30,I,02,폐업,,2014-09-02 16:03:23,2006-05-03,21.45,138-865,서울특별시 송파구 잠실동 312,N,,3230000-211-2006-00016,3230000,서울특별시 송파구 백제고분로12길 5 (잠실동),05575,03,폐업,일반미용업,02-424-7559,1,,,
,,,,정화미용실,일반미용업,3,2015-05-26,,,,198409.210165239,443929.279434303,2026-05-01 22:31:43,I,02,폐업,,2015-05-26 14:36:13,1975-01-15,.00,156-080,서울특별시 동작구 동작동 97-9,N,,3190000-211-1975-00001,3190000,서울특별시 동작구 동작대로29길 24 (동작동),,03,폐업,일반미용업,,,,,
0,0,,0,라뷰티 네일,네일아트업,0,,,,,209151.713940169,446519.612162961,2026-05-01 22:36:09,I,01,영업,0,2023-05-04 15:38:19,2023-05-04,14.00,138-240,서울특별시 송파구 신천동 17-4 파크리오,N,0,3230000-218-2023-00004,3230000,"서울특별시 송파구 올림픽로37길 130, 파크리오 510호 (신천동)",05507,01,영업/정상,"피부미용업, 네일미용업",,,,,
2,0,,0,헤렌뷰티,피부미용업,2,2021-03-18,,,,208312.220404996,444948.902590642,2026-05-01 22:35:15,I,02,폐업,0,2021-03-18 16:28:09,2018-08-24,.00,138-840,서울특별시 송파구 삼전동 111-3 수연빌딩,N,0,3230000-212-2018-00031,3230000,"서울특별시 송파구 석촌호수로 160, 수연빌딩 4층 (삼전동)",05601,03,폐업,피부미용업,,4,,4,
,1,,,아가페미용실,일반미용업,3,2021-03-15,,,,207558.350459007,445108.93049236,2026-05-01 22:33:40,I,02,폐업,,2021-03-15 16:26:10,2007-04-06,33.00,138-862,서울특별시 송파구 잠실동 210-43,N,,3230000-211-2007-00041,3230000,서울특별시 송파구 삼전로13길 36 (잠실동),05564,03,폐업,일반미용업,02-415-4656,,,,
,0,,0,디엔에이스킨케어,피부미용업,3,2014-01-13,,,,211611.3536395,444006.154467815,2026-05-01 22:34:38,I,02,폐업,,2013-12-20 16:05:52,2008-12-26,28.23,138-810,서울특별시 송파구 가락동 165 싱가동 지상1층113호,N,,3230000-212-2008-00001,3230000,"서울특별시 송파구 동남로 227 (가락동, 래미안파크팰리스상가113호)",05820,03,폐업,피부미용업,,1,,1,
,,,,뷰티엔,피부미용업,,2019-04-17,,,,193312.282106543,445337.475840158,2026-05-01 22:32:26,I,02,폐업,,2019-04-17 16:46:22,2014-03-07,54.75,,,N,,3190000-213-2014-00001,3190000,"서울특별시 동작구 알마타길 6 (대방동, 신동아파밀리에 하늘마루상가내 111호)",06941,03,폐업,종합미용업,02-823-2729,,,,
2,0,,0,뷰티 여성공감,일반미용업,2,2022-08-16,,,,210112.095847264,445960.615515654,2026-05-01 22:36:05,I,02,폐업,0,2022-08-16 13:23:41,2016-03-18,147.38,138-828,서울특별시 송파구 방이동 51-11,N,0,3230000-216-2016-00002,3230000,"서울특별시 송파구 백제고분로 509, 지하2층 (방이동)",05545,03,폐업,"일반미용업, 피부미용업",02-2042-8861,,2,,2
4,0,,0,잠실롯데 설화수스파,피부미용업,4,2017-02-28,,,,208589.363343145,445455.90405262,2026-05-01 22:34:53,I,02,폐업,,2017-02-28 16:53:31,2013-07-02,187.62,138-915,서울특별시 송파구 잠실동 40-1 롯데백화점 잠실점 4층 설화수 스파코너,N,,3230000-212-2013-00013,3230000,"서울특별시 송파구 올림픽로 240, 지상4층 (잠실동, 롯데백화점 잠실점)",05554,03,폐업,피부미용업,,4,,4,
,3,,,까리헤어,일반미용업,10,2013-02-18,,,,212661.500155419,443487.847772714,2026-05-01 22:33:02,I,02,폐업,,2011-02-11 16:31:20,2004-04-08,145.20,138-813,서울특별시 송파구 거여동 26-3,N,,3230000-204-2004-00042,3230000,,,03,폐업,미용업,,3,,3,
,,,,밀레니엄,일반미용업,,2005-06-16,,,,210575.643898867,448183.173253413,2026-05-01 22:32:50,I,02,폐업,,2003-06-11 00:00:00,2003-02-27,.00,138-873,서울특별시 송파구 풍납동 152-59,N,,3230000-204-2000-02245,3230000,,,03,폐업,미용업,02-487-0668,,,,
,,,,박승철헤어스투디오,일반미용업,,2017-02-28,,,,207204.149903202,445472.81494918,2026-05-01 22:33:24,I,02,폐업,,2017-02-28 15:08:16,2003-02-27,.00,138-861,서울특별시 송파구 잠실동 181-6 2층,N,,3230000-211-2003-00087,3230000,"서울특별시 송파구 올림픽로 104 (잠실동,2층)",05557,03,폐업,일반미용업,02-424-0061,,,,
,,,,셰르(CHER),일반미용업,4,,,,,196685.300669121,445056.498649663,2026-05-01 22:31:50,I,01,영업,,2020-11-08 13:26:36,2003-02-25,57.31,156-857,서울특별시 동작구 흑석동 52-1,N,,3190000-211-2003-00025,3190000,서울특별시 동작구 서달로14가길 1 (흑석동),06979,01,영업/정상,일반미용업,02-817-7727,1,,1,
,12,,,펠리아,일반미용업,25,2007-06-04,,,,208589.363343145,445455.90405262,2026-05-01 22:32:59,I,02,폐업,,2007-03-22 00:00:00,2003-08-28,430.00,138-915,서울특별시 송파구 잠실동 40-1 롯데백화점 9층,N,,3230000-204-2003-00288,3230000,,,03,폐업,미용업,02-2143-7035,9,,9,
0,0,,0,에이바헤어 석촌고분역점,일반미용업,2,,,,,208476.444961122,444406.381866722,2026-05-01 22:34:31,I,01,영업,0,2025-02-17 13:54:08,2020-07-01,115.00,138-841,서울특별시 송파구 삼전동 180-28 미진빌딩,N,0,3230000-211-2020-00039,3230000,"서울특별시 송파구 삼학사로 51, 미진빌딩 2층 (삼전동)",05585,01,영업/정상,일반미용업,,2,0,2,0
,,,,아림,일반미용업,2,,,,,192128.963892222,442847.133984306,2026-05-01 22:31:44,I,01,영업,,2021-10-07 17:25:47,1980-03-28,11.93,156-854,서울특별시 동작구 신대방동 692-50,N,,3190000-211-1980-00002,3190000,서울특별시 동작구 신대방3길 1 (신대방동),07070,01,영업/정상,일반미용업,02-0843-4660,,,,
6,0,,0,부르힐에스테틱 이수점,피부미용업,0,2017-03-02,,,,198281.738818729,442805.90976965,2026-05-01 22:32:16,I,02,폐업,0,2017-02-01 14:56:52,2017-02-01,121.51,156-816,서울특별시 동작구 사당동 139-66 3층,N,0,3190000-212-2017-00004,3190000,"서울특별시 동작구 동작대로27길 9, 3층 (사당동)",07008,03,폐업,피부미용업,,3,,,
,,,,송지현미용실,일반미용업,,2003-02-26,,,,,,2026-05-01 22:32:52,I,02,폐업,,2003-03-17 00:00:00,2000-11-17,.00,138-210,서울특별시 송파구 장지동 산 42-0,N,,3230000-204-2000-02347,3230000,,,03,폐업,미용업,02-414-9581,,,,
,1,,,개성시대 헤어샵,일반미용업,5,2015-07-23,,,,213033.707041986,443549.218296294,2026-05-01 22:33:23,I,02,폐업,,2014-09-25 17:05:04,2003-10-21,56.00,138-814,서울특별시 송파구 거여동 198-25,N,,3230000-211-2003-00078,3230000,서울특별시 송파구 거마로10길 27 (거여동),,03,폐업,일반미용업,02-449-7390,1,,1,
0,0,,0,주영미장,일반미용업,4,2018-11-30,,,,210909.836894082,443057.431058482,2026-05-01 22:34:14,I,02,폐업,0,2018-11-30 10:02:51,2016-03-11,33.00,138-825,서울특별시 송파구 문정동 29-3,N,0,3230000-211-2016-00027,3230000,"서울특별시 송파구 동남로6길 6, 지상1층 (문정동)",05804,03,폐업,일반미용업,02-402-2767,1,,1,
0,0,임대,0,크림뷰티,일반미용업,3,2017-10-31,,,,209884.394194443,444563.647610657,2026-05-01 22:34:07,I,02,폐업,,2017-10-31 15:14:43,2014-06-09,39.00,138-850,서울특별시 송파구 송파동 106-14 지상1층 3호,N,,3230000-211-2014-00098,3230000,"서울특별시 송파구 가락로 153, 1층 3호 (송파동)",05669,03,폐업,일반미용업,,3,,3,
,0,,0,수연,일반미용업,2,1997-12-17,,,,,,2026-05-01 22:32:03,I,02,폐업,,2002-09-04 00:00:00,1982-07-26,10.36,138-210,서울특별시 송파구 장지동 산 162-6,N,,3230000-204-1982-01822,3230000,,,03,폐업,미용업,02-402-6283,0,0,,
0,0,임대,0,민헤어,일반미용업,2,,,,,195821.72598572,443860.596515691,2026-05-01 22:31:56,I,01,영업,1,2014-04-18 10:14:05,2013-09-27,8.30,156-030,서울특별시 동작구 상도동 488 상가 97호,N,,3190000-211-2013-00054,3190000,"서울특별시 동작구 상도로 357, 상가동 97호 (상도동)",06978,01,영업/정상,일반미용업,02-817-0833,2,0,0,0
,,,,복음미용실,일반미용업,,2020-03-23,,,,209394.77090428,444892.172744733,2026-05-01 22:33:21,I,02,폐업,,2020-03-23 13:20:13,2003-02-27,.00,138-848,서울특별시 송파구 송파동 17-17,N,,3230000-211-2003-00011,3230000,서울특별시 송파구 백제고분로41길 7-28 (송파동),05626,03,폐업,일반미용업,02-425-0081,,,,
,,,,머리마루,일반미용업,4,2006-11-13,,,,195024.75111008,445468.633360422,2026-05-01 22:30:53,I,02,폐업,,2005-06-22 00:00:00,1995-11-07,30.03,156-801,서울특별시 동작구 노량진동 119-178,N,,3190000-204-1995-00439,3190000,,,03,폐업,미용업,02-815-4201,,,,
0,0,,0,묘운네일,네일아트업,5,2025-12-03,,,,197755.776191262,442366.062887843,2026-05-01 22:32:41,I,02,폐업,0,2025-12-03 15:16:06,2023-06-12,27.75,156-820,서울특별시 동작구 사당동 323-15,N,0,3190000-215-2023-00010,3190000,서울특별시 동작구 사당로 249 (사당동),07005,03,폐업,네일미용업,,,,,
,3,,1,참좋은당신 헤어샵,일반미용업,5,2008-03-21,,,,198160.280631563,442830.423098052,2026-05-01 22:31:39,I,02,폐업,,2007-04-25 00:00:00,2007-04-13,43.64,156-815,서울특별시 동작구 사당동 129-11,N,,3190000-204-2007-00015,3190000,,,03,폐업,미용업,,1,,1,
,,,,헤어탑팀,일반미용업,,2021-02-23,,,,198306.921421964,443069.206283816,2026-05-01 22:31:54,I,02,폐업,,2021-02-23 13:10:37,2010-12-07,52.80,156-815,서울특별시 동작구 사당동 83-2 외 1필지,N,,3190000-211-2010-00019,3190000,"서울특별시 동작구 동작대로33가길 5 (사당동,외 1필지)",06996,03,폐업,일반미용업,02-532-4443,,,,
6,0,임대,0,소율,피부미용업,6,2017-02-28,,,,208233.926974585,445435.257647797,2026-05-01 22:34:44,I,02,폐업,,2017-02-28 16:26:09,2010-10-19,68.28,138-791,서울특별시 송파구 잠실동 40 갤러리아팰리스 지상2층 224호,N,,3230000-212-2010-00077,3230000,"서울특별시 송파구 올림픽로 212, 지상2층 224호 (잠실동, 갤러리아팰리스)",05553,03,폐업,피부미용업,02-423-6655,2,,2,
,0,,0,개미미용실,일반미용업,3,2003-02-26,,,,197336.504547662,443134.042763685,2026-05-01 22:30:48,I,02,폐업,,2003-02-26 00:00:00,1990-02-09,15.00,156-818,서울특별시 동작구 사당동 175-24,N,,3190000-204-1990-00883,3190000,,,03,폐업,미용업,02-0533-7022,0,0,0,0
,0,,0,선인미용실,일반미용업,3,1996-11-07,,,,,,2026-05-01 22:30:52,I,02,폐업,,2001-09-29 00:00:00,1994-11-11,30.30,156-090,서울특별시 동작구 사당동 산 187-0,N,,3190000-204-1994-00495,3190000,,,03,폐업,미용업,02-521-4369,0,0,0,0
,,,,고은,일반미용업,3,2003-07-08,,,,213528.861341861,443370.01840721,2026-05-01 22:32:07,I,02,폐업,,2003-06-11 00:00:00,2003-02-27,14.60,138-821,서울특별시 송파구 마천동 323-20,N,,3230000-204-1987-01571,3230000,,,03,폐업,미용업,02-0000-0000,,,,
5,0,,0,가인미가 잠실새내역점,피부미용업,5,,,,,207324.395552683,445467.199097014,2026-05-01 22:35:12,I,01,영업,0,2025-08-11 12:01:56,2017-10-10,143.46,138-861,서울특별시 송파구 잠실동 184-2 신원빌딩,N,0,3230000-212-2017-00034,3230000,"서울특별시 송파구 올림픽로 116-1, 신원빌딩 8층 (잠실동)",05558,01,영업/정상,피부미용업,,3,,3,
0,1,,0,상미헤어,일반미용업,2,2017-09-21,,,,195093.00115542,444493.201772182,2026-05-01 22:31:59,I,02,폐업,0,2017-09-21 14:18:31,2017-02-08,23.00,156-837,서울특별시 동작구 상도동 159-301,N,0,3190000-211-2017-00005,3190000,"서울특별시 동작구 상도로34길 53, 1층 102호 (상도동)",06965,03,폐업,일반미용업,02-826-3789,,,,
0,0,,0,예쁜여우,일반미용업,4,2014-06-26,,,,213296.311829204,443860.452991128,2026-05-01 22:33:12,I,02,폐업,,2014-07-28 15:27:01,2009-10-27,26.40,138-820,서울특별시 송파구 마천동 178-55,N,,3230000-204-2009-00082,3230000,서울특별시 송파구 마천로41길 34 (마천동),05757,03,폐업,미용업,02-5314-1653,1,,1,
0,0,,0,바실리아 헤어,일반미용업,3,2022-11-15,,,,196587.030630143,444939.455414947,2026-05-01 22:31:57,I,02,폐업,0,2022-11-15 09:46:06,2014-12-18,25.38,156-070,서울특별시 동작구 흑석동 332 이랜드해가든 1층116호,N,0,3190000-211-2014-00073,3190000,"서울특별시 동작구 서달로 150 (흑석동, 이랜드해가든 1층116호)",06980,03,폐업,일반미용업,,1,,,
5,0,,0,선에스테스파 위례점,피부미용업,5,,,,,212524.306739955,442109.564102077,2026-05-01 22:35:42,I,01,영업,0,2025-07-21 10:56:43,2022-09-14,134.41,138-926,서울특별시 송파구 장지동 881 아이온스퀘어,N,0,3230000-213-2022-00047,3230000,"서울특별시 송파구 위례광장로 188, 아이온스퀘어 10층 1013호 (장지동)",05849,01,영업/정상,종합미용업,,10,,10,
0,0,,0,버르장머리,일반미용업,5,2018-03-09,,,,197455.832771692,442394.17368797,2026-05-01 22:31:54,I,02,폐업,,2018-03-09 15:22:42,2009-09-03,48.53,156-821,서울특별시 동작구 사당동 267-27,N,,3190000-211-2009-00031,3190000,서울특별시 동작구 사당로14길 6 (사당동),07010,03,폐업,일반미용업,02-581-9787,1,,,
,0,,0,신나는 가이소리미용실,일반미용업,5,2001-03-07,,,,209487.604085998,444414.327716275,2026-05-01 22:32:14,I,02,폐업,,2003-01-20 00:00:00,1990-12-07,53.22,138-847,서울특별시 송파구 석촌동 294-6,N,,3230000-204-1990-01441,3230000,,,03,폐업,미용업,02-3431-5315,0,0,,
0,0,임대,0,BOO 헤어,일반미용업,4,2014-06-02,,,,211225.184189572,442377.592319591,2026-05-01 22:33:13,I,02,폐업,,2010-08-09 14:29:38,2010-08-09,25.00,138-200,서울특별시 송파구 문정동 87-9,N,,3230000-204-2010-00087,3230000,서울특별시 송파구 송이로36길 58 (문정동),05809,03,폐업,미용업,,1,,1,
4,0,,0,애프터유 눈썹&속눈썹,피부미용업,8,,,,,185371.298773738,450793.771245265,2026-05-01 03:03:03,U,01,영업,0,2026-04-30 16:35:48,2019-12-31,35.80,157-210,서울특별시 강서구 마곡동 797-1 퀸즈파크나인 340호,N,0,3150000-221-2019-00009,3150000,"서울특별시 강서구 공항대로 247, 퀸즈파크나인 340호 (마곡동)",07803,01,영업/정상,"피부미용업, 화장ㆍ분장 미용업",,3,,,
,0,,0,여영혜 헤어클럽,일반미용업,2,2000-09-14,,,,197006.752409975,445072.723413572,2026-05-01 22:30:56,I,02,폐업,,2002-08-16 00:00:00,1997-12-29,16.43,156-877,서울특별시 동작구 흑석동 10-0 명수대상가 B/204,N,,3190000-204-1997-00343,3190000,,,03,폐업,미용업,02-821-3587,0,0,0,0
0,0,임대,0,큐사랑,일반미용업,3,2021-04-14,,,,207696.671505985,445042.177286421,2026-05-01 22:35:36,I,02,폐업,0,2021-04-14 09:09:46,2019-12-26,30.00,138-864,서울특별시 송파구 잠실동 243,N,0,3230000-213-2019-00058,3230000,"서울특별시 송파구 삼전로13길 21, 1층 104호 (잠실동)",05566,03,폐업,종합미용업,,,,,
,2,임대,1,이현남헤어모드,일반미용업,3,,,,,198236.217848206,443045.937324161,2026-05-01 22:31:49,I,01,영업,,2020-11-11 18:01:36,2000-12-04,22.94,156-815,서울특별시 동작구 사당동 77-66,N,,3190000-211-2000-00006,3190000,서울특별시 동작구 동작대로29나길 34 (사당동),06997,01,영업/정상,일반미용업,02-591-3611,1,,1,
0,0,임대,0,미진헤어,일반미용업,4,2025-11-24,,,,212146.673619895,444242.604752963,2026-05-01 22:33:52,I,02,폐업,,2025-11-24 11:27:39,2010-04-19,33.00,138-859,서울특별시 송파구 오금동 149-7 1층,N,,3230000-211-2010-00034,3230000,"서울특별시 송파구 동남로26길 11 (오금동,1층)",05740,03,폐업,일반미용업,02-408-0072,1,,1,
2,0,,0,SECRET MOMO(시크릿 모모),피부미용업,1,2016-11-11,,,,210188.159842131,448026.731148332,2026-05-01 22:35:04,I,02,폐업,0,2016-04-07 09:58:46,2016-04-07,22.00,138-874,서울특별시 송파구 풍납동 222-109,N,0,3230000-212-2016-00015,3230000,"서울특별시 송파구 풍성로 32-1, 지상1층 (풍납동)",05527,03,폐업,피부미용업,,1,,1,
,,,,김지혜헤어스토리,일반미용업,6,2003-05-02,,,,207919.784796807,444521.066856019,2026-05-01 22:32:10,I,02,폐업,,2003-05-02 00:00:00,1989-09-28,29.76,138-838,서울특별시 송파구 삼전동 47-19,N,,3230000-204-1989-00932,3230000,,,03,폐업,미용업,02-413-6248,,,,
0,1,,0,벨라헤어,일반미용업,3,2020-08-31,,,,194955.650064392,444139.771589718,2026-05-01 22:31:57,I,02,폐업,,2020-08-31 15:36:45,2014-08-22,31.80,156-841,서울특별시 동작구 상도동 207-3 1층,N,,3190000-211-2014-00046,3190000,"서울특별시 동작구 장승배기로 6 (상도동, 1층)",06967,03,폐업,일반미용업,070-4388-6039,,,,
,0,,0,뉴마샬미용실,일반미용업,4,1998-05-26,,,,,,2026-05-01 22:32:11,I,02,폐업,,2002-09-04 00:00:00,1989-06-21,24.14,138-210,서울특별시 송파구 장지동 산 103-2,N,,3230000-204-1989-01186,3230000,,,03,폐업,미용업,02-418-0190,0,0,,
,0,,0,샴프보이,일반미용업,8,2000-05-04,,,,211778.061431008,443485.39501421,2026-05-01 22:32:22,I,02,폐업,,2003-01-20 00:00:00,1994-05-11,88.46,138-812,서울특별시 송파구 가락동 189-27,N,,3230000-204-1994-01251,3230000,,,03,폐업,미용업,02-430-7131,0,0,,
,0,,0,머리하는날,일반미용업,3,1996-01-29,,,,,,2026-05-01 22:30:53,I,02,폐업,,2001-09-29 00:00:00,1995-07-07,18.03,156-080,서울특별시 동작구 동작동 91-184,N,,3190000-204-1995-00463,3190000,,,03,폐업,미용업,02-537-7515,0,0,0,0
,23,,,아네스리헤어,일반미용업,3,2012-01-04,,,,208165.719357919,444743.352543048,2026-05-01 22:33:01,I,02,폐업,,2005-06-15 00:00:00,2004-01-14,21.37,138-839,서울특별시 송파구 삼전동 97-6,N,,3230000-204-2004-00006,3230000,,,03,폐업,미용업,02-415-2276,1,,1,
3,0,임대,0,플로트테라피 코리아,피부미용업,3,2022-11-22,,,,210763.214977124,443068.010049428,2026-05-01 22:35:23,I,02,폐업,0,2022-11-22 11:09:35,2020-07-02,93.07,138-806,서울특별시 송파구 가락동 102-24 용현빌딩,N,0,3230000-212-2020-00017,3230000,"서울특별시 송파구 동남로 99, 202호 (가락동)",05831,03,폐업,피부미용업,,2,,2,
,0,,0,선영미용실,일반미용업,3,2000-04-08,,,,,,2026-05-01 22:32:33,I,02,폐업,,2000-04-24 00:00:00,1997-11-29,12.04,138-210,서울특별시 송파구 장지동 산 96-1 우성상가 1층동 8호호,N,,3230000-204-1997-00765,3230000,,,03,폐업,미용업,02-448-1239,0,0,,
1,0,,0,모아 헤어샵,일반미용업,2,,,,,210424.849430693,445506.510119538,2026-05-01 22:34:32,I,01,영업,0,2021-07-06 10:58:36,2021-07-06,26.40,138-830,서울특별시 송파구 방이동 159-4 동성빌딩,N,0,3230000-211-2021-00033,3230000,"서울특별시 송파구 가락로39길 4, 동성빌딩 1층 101호 (방이동)",05629,01,영업/정상,일반미용업,,1,,1,
0,2,,0,에코레비 헤어앤두피,일반미용업,3,2022-04-13,,,,192170.155815215,443599.41901313,2026-05-01 22:31:54,I,02,폐업,,2022-04-13 14:39:04,2010-08-16,23.10,156-855,서울특별시 동작구 신대방동 707,N,,3190000-211-2010-00035,3190000,서울특별시 동작구 여의대방로 28 (신대방동),07064,03,폐업,일반미용업,02-844-9675,1,,,
1,0,,0,안나뷰띠끄 송파점,기타,1,,,,,210144.443183822,444576.697391509,2026-05-01 22:35:43,I,01,영업,0,2026-01-26 12:41:11,2023-08-01,33.00,138-854,서울특별시 송파구 송파동 100-12 토성하우스,N,0,3230000-213-2023-00050,3230000,"서울특별시 송파구 송이로6길 3, 1층 101-2호 (송파동, 토성하우스)",05675,01,영업/정상,종합미용업,,,,,
,0,,0,차밍미용실,일반미용업,3,2003-02-26,,,,194250.14609817,445658.555936412,2026-05-01 22:30:36,I,02,폐업,,2003-02-26 00:00:00,1970-07-05,"1,619.00",156-800,서울특별시 동작구 노량진동 28-2,N,,3190000-204-1970-00806,3190000,,,03,폐업,미용업,02-0815-9665,0,0,0,0
0,0,임대,0,금자네 미용실,일반미용업,3,2022-05-16,,,,213052.251461893,443925.864500017,2026-05-01 22:34:29,I,02,폐업,0,2022-05-16 15:24:10,2019-10-23,25.68,138-818,서울특별시 송파구 마천동 125-23,N,0,3230000-211-2019-00064,3230000,"서울특별시 송파구 거마로20길 18, 1층 103호 (마천동)",05756,03,폐업,일반미용업,,,,,
,,,,조은숙해피케어,피부미용업,,2010-10-12,,,,198218.498107614,441907.060633045,2026-05-01 22:31:41,I,02,폐업,,2010-08-26 15:49:03,2010-08-26,.00,156-826,서울특별시 동작구 사당동 1032-5 (2층),N,,3190000-204-2010-00002,3190000,,,03,폐업,미용업,02-598-8887,,,,
0,0,,0,영스파 피부실,피부미용업,2,2012-09-13,,,,198243.208842536,442610.757969452,2026-05-01 22:31:41,I,02,폐업,,2010-10-05 10:12:47,2010-10-05,19.80,156-816,서울특별시 동작구 사당동 147-81,N,,3190000-204-2010-00006,3190000,서울특별시 동작구 동작대로27가길 44 (사당동),07008,03,폐업,미용업,,,1,,
,4,임대,,이선주헤어피부관리,일반미용업,4,2009-01-30,,,,207700.121837393,444268.84201931,2026-05-01 22:33:08,I,02,폐업,,2006-11-20 00:00:00,2006-11-20,38.00,138-838,서울특별시 송파구 삼전동 38-14 1층,N,,3230000-204-2006-00116,3230000,,,03,폐업,미용업,02-424-2026,1,,1,
0,0,임대,0,꾸밈뷰티,네일아트업,4,,,,,212609.377447603,441586.029967716,2026-05-01 22:35:36,I,01,영업,0,2023-12-01 14:44:50,2019-01-03,42.81,138-926,서울특별시 송파구 장지동 895 송파와이즈더샵,N,0,3230000-213-2019-00059,3230000,"서울특별시 송파구 위례광장로 270, 근린생활시설 2층 G222호 (장지동, 송파와이즈더샵)",05852,01,영업/정상,종합미용업,,2,,,
0,0,,0,네일피크,네일아트업,3,2025-04-03,,,,207442.649052487,445060.204954866,2026-05-01 22:35:57,I,02,폐업,0,2025-04-03 15:21:21,2022-05-24,10.00,138-863,서울특별시 송파구 잠실동 231-4,N,0,3230000-215-2022-00021,3230000,"서울특별시 송파구 삼전로13길 49, 2층 201호 (잠실동)",05565,03,폐업,네일미용업,,,,,
,0,,0,정스킨케어,피부미용업,2,2013-02-25,,,,210859.943333797,443494.276356844,2026-05-01 22:34:42,I,02,폐업,,2010-03-23 10:45:58,2010-03-19,21.68,138-806,서울특별시 송파구 가락동 115 26동 상가,N,,3230000-212-2010-00023,3230000,,,03,폐업,피부미용업,,1,,1,
0,0,,0,써니헤어,일반미용업,2,,,,,193394.538706062,444040.843567772,2026-05-01 22:32:07,I,01,영업,3,2021-11-09 10:20:44,2021-11-09,27.84,156-847,서울특별시 동작구 신대방동 355-30 보라매자이 더 포레스트,N,0,3190000-211-2021-00033,3190000,"서울특별시 동작구 여의대방로22길 121, 1127호 (신대방동, 보라매자이 더 포레스트)",07056,01,영업/정상,일반미용업,,,,,
0,0,임대,0,서희미용실,일반미용업,3,2022-01-26,,,,211501.295184297,441892.362032579,2026-05-01 22:33:56,I,02,폐업,,2022-01-26 11:01:06,2011-02-09,22.00,138-888,서울특별시 송파구 장지동 844 파인타운7단지상가 102호,N,,3230000-211-2011-00048,3230000,"서울특별시 송파구 충민로4길 19 (장지동,파인타운7단지상가 102호)",05812,03,폐업,일반미용업,02-400-8839,1,,1,
3,0,,0,행복마사지,피부미용업,3,2018-02-07,,,,209427.61782299,445082.870644486,2026-05-01 22:35:06,I,02,폐업,0,2018-02-07 11:03:41,2016-08-01,40.00,138-848,서울특별시 송파구 송파동 25-3,N,0,3230000-212-2016-00041,3230000,"서울특별시 송파구 백제고분로41길 22, 2층 201호 (송파동)",05622,03,폐업,피부미용업,,,,,
0,2,,0,베르니케 헤어,일반미용업,5,2018-03-16,,,,198161.292479758,443614.335996111,2026-05-01 22:32:25,I,02,폐업,,2018-03-16 14:57:43,2013-02-20,61.76,156-080,서울특별시 동작구 동작동 58-1 이수힐스테이트 단지내상가 S동 208호,N,,3190000-213-2013-00010,3190000,서울특별시 동작구 동작대로39길 22 (동작동),06993,03,폐업,종합미용업,02-3477-8325,,,,
0,0,,0,위드네일 잠실,네일아트업,4,2023-05-02,,,,207403.794024601,445379.416213629,2026-05-01 22:36:17,I,02,폐업,0,2023-05-02 13:44:26,2019-03-04,90.00,138-861,서울특별시 송파구 잠실동 185,N,0,3230000-222-2019-00009,3230000,"서울특별시 송파구 백제고분로7길 50-1, 2층 202호 (잠실동)",05559,03,폐업,"네일미용업, 화장ㆍ분장 미용업",,,,,
,,,,미스터김미용타운,일반미용업,3,1997-12-17,,,,,,2026-05-01 22:32:17,I,02,폐업,,2003-02-20 00:00:00,1992-07-31,31.16,138-160,서울특별시 송파구 가락동 00000,N,,3230000-204-1992-00723,3230000,,,03,폐업,미용업,02-430-3538,,,,
,0,,0,헤어 피터팬,일반미용업,0,2003-02-26,,,,193669.380177991,443992.20425955,2026-05-01 22:31:04,I,02,폐업,,2003-02-26 00:00:00,2000-04-08,.00,156-847,서울특별시 동작구 신대방동 338-19,N,,3190000-204-2000-01507,3190000,,,03,폐업,미용업,02-817-5558,0,0,0,0
0,0,,0,머리에 반하다,일반미용업,3,2024-11-15,,,,196608.871745259,442945.068602335,2026-05-01 22:31:59,I,02,폐업,0,2024-11-15 16:15:58,2017-03-03,32.50,156-090,서울특별시 동작구 사당동 1139,N,0,3190000-211-2017-00007,3190000,"서울특별시 동작구 사당로2가길 102, 208호 (사당동)",07028,03,폐업,일반미용업,02-582-0455,2,,,
,,,,오랜지헤어로,일반미용업,3,2004-07-09,,,,210220.248083252,443801.403399783,2026-05-01 22:32:04,I,02,폐업,,2003-09-29 00:00:00,2003-02-27,14.50,138-804,서울특별시 송파구 가락동 95-1 204호,N,,3230000-204-1983-01841,3230000,,,03,폐업,미용업,02-414-9156,,,,
2,0,,0,우디헤어,일반미용업,4,,,,,,,2026-05-01 22:35:44,I,01,영업,0,2023-12-04 10:44:53,2023-12-04,55.12,138-888,서울특별시 송파구 문정동 652-4 힐스테이트에코문정,N,0,3230000-213-2023-00071,3230000,"서울특별시 송파구 법원로4길 10, 힐스테이트에코문정 2층 220호 (문정동)",05855,01,영업/정상,종합미용업,,,,,
3,0,,0,리엔미 피부샾,피부미용업,2,2013-06-28,,,,211254.397289421,443071.971504487,2026-05-01 22:34:52,I,02,폐업,,2013-02-05 11:54:50,2013-02-05,27.20,138-824,서울특별시 송파구 문정동 9-6 지상1층 5호,N,,3230000-212-2013-00005,3230000,"서울특별시 송파구 송이로32길 4, 지상1층 (문정동)",05796,03,폐업,피부미용업,,1,,1,
,0,,0,새샘미용실,일반미용업,3,2001-06-20,,,,197776.785498573,441984.081104876,2026-05-01 22:30:51,I,02,폐업,,2001-07-26 00:00:00,1992-11-06,18.30,156-825,서울특별시 동작구 사당동 432-33,N,,3190000-204-1992-00682,3190000,,,03,폐업,미용업,02-0587-6952,0,0,0,0
,0,,0,정지윤헤어애드,일반미용업,6,1998-02-28,,,,,,2026-05-01 22:32:21,I,02,폐업,,2002-09-04 00:00:00,1994-01-14,46.74,138-210,서울특별시 송파구 장지동 산 83-9,N,,3230000-204-1994-00599,3230000,,,03,폐업,미용업,,0,0,,
0,2,,0,파란헤어(Palah hair),일반미용업,10,2015-07-02,,,,193790.430863531,444153.872590858,2026-05-01 22:31:57,I,02,폐업,,2014-09-25 11:25:38,2014-07-01,132.00,156-839,서울특별시 동작구 상도동 324-2 2층,N,,3190000-211-2014-00043,3190000,"서울특별시 동작구 상도로 88 (상도동, 2층)",07041,03,폐업,일반미용업,,,,,
,4,임대,1,미진헤어,일반미용업,3,2010-04-12,,,,212146.673619895,444242.604752963,2026-05-01 22:33:07,I,02,폐업,,2006-03-29 00:00:00,2006-03-29,33.00,138-859,서울특별시 송파구 오금동 149-7,N,,3230000-204-2006-00036,3230000,,,03,폐업,미용업,,1,,1,
0,0,,0,쎄븐헤어월드 2호점,일반미용업,14,,,,,211741.980474587,443948.57600694,2026-05-01 22:34:25,I,01,영업,0,2018-05-01 16:18:15,2018-05-01,309.40,138-810,서울특별시 송파구 가락동 166-8,N,0,3230000-211-2018-00029,3230000,"서울특별시 송파구 동남로 238, 2층 (가락동)",05769,01,영업/정상,일반미용업,,2,,2,
,,,,에덴미용실,일반미용업,8,2005-01-24,,,,210366.048844814,445259.941538422,2026-05-01 22:32:08,I,02,폐업,,2003-06-13 00:00:00,2003-02-27,80.33,138-831,서울특별시 송파구 방이동 126-2,N,,3230000-204-1988-01020,3230000,,,03,폐업,미용업,02-412-7898,,,,
,,임대,,마리헤어,일반미용업,3,,,,,209348.945516827,445173.845128449,2026-05-01 22:33:28,I,01,영업,,2014-09-02 15:25:36,2005-10-17,33.00,138-848,서울특별시 송파구 송파동 28-14,N,,3230000-211-2005-00024,3230000,서울특별시 송파구 백제고분로41길 32 (송파동),05622,01,영업/정상,일반미용업,02-412-4330,1,,1,
,0,,0,이금옥,일반미용업,3,1996-10-24,,,,,,2026-05-01 22:32:09,I,02,폐업,,2002-09-04 00:00:00,1988-02-11,14.62,138-210,서울특별시 송파구 장지동 산 244-12,N,,3230000-204-1988-01430,3230000,,,03,폐업,미용업,02-412-4725,0,0,,
3,0,,0,보떼 피부관리실,피부미용업,1,,,,,193056.569289539,444674.870776798,2026-05-01 22:32:14,I,01,영업,,2021-12-15 09:17:19,2014-09-15,34.00,156-810,서울특별시 동작구 대방동 385-24 3층,N,,3190000-212-2014-00019,3190000,"서울특별시 동작구 여의대방로 194 (대방동, 3층)",06945,01,영업/정상,피부미용업,02-825-3077,3,,,
2,0,,0,혜라,메이크업업,0,2021-05-06,,,,191691.678396263,442818.113681285,2026-05-01 22:32:45,I,02,폐업,0,2021-05-06 14:17:24,2018-03-26,15.39,156-759,서울특별시 동작구 신대방동 719 동작상떼빌아파트 105동 123호,N,0,3190000-219-2018-00001,3190000,"서울특별시 동작구 신대방1가길 38, 105동 123호 (신대방동, 동작상떼빌아파트)",07072,03,폐업,화장ㆍ분장 미용업,,,,,
3,0,,0,리아이왁싱 아리뷰티,피부미용업,3,,,,,209412.197809542,443928.783342251,2026-05-01 22:35:26,I,01,영업,0,2025-06-09 15:30:02,2022-05-13,21.36,138-160,서울특별시 송파구 가락동 913 헬리오시티,N,0,3230000-212-2022-00061,3230000,"서울특별시 송파구 송파대로 345, 근린생활시설 1 A동 지하1층 B054호 (가락동, 헬리오시티)",05698,01,영업/정상,피부미용업,,2,,2,
0,0,,0,작품하나,일반미용업,3,,,,,197802.436613024,443049.214038897,2026-05-01 22:31:54,I,01,영업,,2020-11-08 12:35:29,2010-10-13,26.00,156-815,"서울특별시 동작구 사당동 105 사당우성아파트상가 3단지215호,216호,217호",N,,3190000-211-2010-00032,3190000,"서울특별시 동작구 동작대로29길 115 (사당동, 사당우성아파트상가 3단지215호,216호,217호)",06990,01,영업/정상,일반미용업,02-592-4931,2,,,
,,,,희목미용실,일반미용업,,2004-01-29,,,,,,2026-05-01 22:32:58,I,02,폐업,,2004-01-29 00:00:00,2003-06-05,.00,138-814,서울특별시 송파구 거여동 185-45,N,,3230000-204-2003-00235,3230000,,,03,폐업,미용업,02-400-1179,,,,
3,0,,0,부연피부샵,피부미용업,0,2011-03-22,,,,,,2026-05-01 22:32:11,I,02,폐업,,2009-07-09 11:06:24,2009-07-09,21.40,156-838,서울특별시 동작구 상도동 175 영도시장 상가 1동 3호,N,,3190000-212-2009-00015,3190000,,,03,폐업,피부미용업,,1,,,
,4,,,W 헤어,일반미용업,3,2020-05-25,,,,210872.887504961,444150.707801941,2026-05-01 22:33:25,I,02,폐업,,2020-05-25 09:16:22,2004-07-01,33.00,138-801,서울특별시 송파구 가락동 39-6 1층,N,,3230000-211-2004-00035,3230000,"서울특별시 송파구 양재대로64길 34, 1층 (가락동)",05715,03,폐업,일반미용업,,1,,1,
,,,,TILL(틸),일반미용업,,2013-03-19,,,,209813.895913516,444644.321680676,2026-05-01 22:32:58,I,02,폐업,,2008-07-22 14:50:47,2003-02-27,.00,138-851,서울특별시 송파구 송파동 108-10,N,,3230000-204-2003-00201,3230000,,,03,폐업,미용업,02-414-1832,,,,
0,0,임대,0,엘레나네일,네일아트업,3,2023-12-04,,,,210423.60497199,444729.592842278,2026-05-01 22:35:36,I,02,폐업,0,2023-12-04 17:57:45,2019-10-10,13.71,138-853,서울특별시 송파구 송파동 162 송파삼성래미안아파트,N,0,3230000-213-2019-00039,3230000,"서울특별시 송파구 오금로32길 14, 101동 1층 115호 (송파동, 송파삼성래미안아파트)",05672,03,폐업,종합미용업,,,,,
0,0,임대,0,이가자헤어비스 롯데마트 잠실점,일반미용업,14,,,,,208589.363343145,445455.90405262,2026-05-01 22:35:38,I,01,영업,0,2021-06-21 15:18:11,2021-06-21,195.00,138-721,서울특별시 송파구 잠실동 40-1 롯데월드,N,0,3230000-213-2021-00019,3230000,"서울특별시 송파구 올림픽로 240, 롯데마트 잠실점 6층 (잠실동)",05554,01,영업/정상,종합미용업,,6,,6,
,0,,0,꽃미용실,일반미용업,2,1998-07-13,,,,198026.06639262,442049.626655548,2026-05-01 22:30:53,I,02,폐업,,2001-09-29 00:00:00,1995-06-30,15.51,156-825,서울특별시 동작구 사당동 1026-13,N,,3190000-204-1995-00461,3190000,,,03,폐업,미용업,02-597-2654,0,0,0,0
0,0,,0,머리이야기,일반미용업,3,,,,,198263.652341622,442957.079931516,2026-05-01 22:31:58,I,01,영업,1,2023-09-12 10:39:24,2015-12-15,47.45,156-815,서울특별시 동작구 사당동 89-56,N,0,3190000-211-2015-00045,3190000,"서울특별시 동작구 동작대로31길 21, 1층 (사당동)",06997,01,영업/정상,일반미용업,,1,,1,
0,0,,0,태후사랑,일반미용업,2,,,,,211168.648883303,443398.419867279,2026-05-01 22:34:29,I,01,영업,0,2019-08-02 12:42:41,2019-08-02,27.00,138-807,서울특별시 송파구 가락동 136-7,N,0,3230000-211-2019-00059,3230000,"서울특별시 송파구 동남로11길 17-1, 105호 (가락동)",05826,01,영업/정상,일반미용업,,,,,
6,0,,0,스파코지 잠실점,피부미용업,6,2015-04-14,,,,208707.089897534,446299.352775446,2026-05-01 22:35:02,I,02,폐업,0,2015-03-20 13:56:02,2015-03-20,109.40,138-934,"서울특별시 송파구 신천동 7 장미A상가 1동 지상3층 303,304,305호",N,0,3230000-212-2015-00016,3230000,"서울특별시 송파구 올림픽로35길 124 (신천동, 장미A상가 1동 지상3층 303,304,305호)",05504,03,폐업,피부미용업,,3,,3,
0,0,,0,수 헤어,일반미용업,2,,,,,207083.380287561,444749.967884142,2026-05-01 22:36:15,I,01,영업,0,2025-04-09 12:06:45,2025-03-28,39.00,138-865,서울특별시 송파구 잠실동 310 환우빌딩,N,0,3230000-220-2025-00002,3230000,"서울특별시 송파구 백제고분로12길 13, 환우빌딩 1층 101호 (잠실동)",05575,01,영업/정상,"일반미용업, 화장ㆍ분장 미용업",,1,,,
0,0,,0,루미가넷 월드몰점,네일아트업,5,2017-05-24,,,,209074.900840074,445657.80932984,2026-05-01 22:35:52,I,02,폐업,0,2017-05-24 10:26:34,2016-04-26,51.70,138-934,서울특별시 송파구 신천동 29,N,0,3230000-215-2016-00017,3230000,"서울특별시 송파구 올림픽로 300, 지상6층 (신천동, 롯데월드몰)",05551,03,폐업,네일미용업,070-7012-9263,6,0,6,0
2,0,,0,미쓰리스튜디오,메이크업업,2,,,,,,,2026-05-01 22:36:13,I,01,영업,0,2026-03-06 16:45:14,2024-06-18,21.23,138-888,서울특별시 송파구 문정동 652-4 힐스테이트에코문정,N,0,3230000-219-2024-00007,3230000,"서울특별시 송파구 법원로4길 10, 힐스테이트에코문정 지하1층 B119호 (문정동)",05855,01,영업/정상,화장ㆍ분장 미용업,,,,,
,,,,블루클럽 오금점,일반미용업,,2003-07-31,,,,211005.302324733,444601.789927777,2026-05-01 22:32:57,I,02,폐업,,2003-06-11 00:00:00,2003-02-27,.00,138-800,서울특별시 송파구 가락동 2-5 재정빌딩 1층,N,,3230000-204-2003-00182,3230000,,,03,폐업,미용업,02-448-0339,,,,
,4,,,쉬즈헤어뱅크,일반미용업,6,2006-11-17,,,,207669.33548877,444541.880251003,2026-05-01 22:33:02,I,02,폐업,,2005-07-14 00:00:00,2004-06-05,33.00,138-838,서울특별시 송파구 삼전동 33-4,N,,3230000-204-2004-00075,3230000,,,03,폐업,미용업,,1,,1,
0,0,임대,0,네일 샵,네일아트업,6,2010-10-18,,,,207553.918225133,445383.338011122,2026-05-01 22:33:12,I,02,폐업,,2010-06-28 13:32:14,2010-06-28,14.00,138-915,서울특별시 송파구 잠실동 35-2 트리지움상가 S-138,N,,3230000-204-2010-00073,3230000,,,03,폐업,미용업,02-424-4341,1,,1,
,0,,0,헤어컴미용실,일반미용업,0,1999-01-21,,,,198032.516809375,441661.732003124,2026-05-01 22:30:52,I,02,폐업,,1999-01-28 00:00:00,1994-04-27,.00,156-827,서울특별시 동작구 사당동 1044-1,N,,3190000-204-1994-00508,3190000,,,03,폐업,미용업,02-0584-4866,0,0,0,0
,0,,0,미스타김,일반미용업,3,1998-05-26,,,,,,2026-05-01 22:32:26,I,02,폐업,,2002-09-04 00:00:00,1996-02-29,19.33,138-210,서울특별시 송파구 장지동 산 91-5,N,,3230000-204-1996-00336,3230000,,,03,폐업,미용업,02-203-8949,0,0,,
,0,,0,샴프보이,일반미용업,0,2001-03-05,,,,211778.061431008,443485.39501421,2026-05-01 22:32:50,I,02,폐업,,2003-01-27 00:00:00,2000-05-12,.00,138-812,서울특별시 송파구 가락동 189-27 물산빌딩2층,N,,3230000-204-2000-02278,3230000,,,03,폐업,미용업,02-430-7131,0,0,,
0,1,,0,헤어 포인트,일반미용업,5,2012-03-28,,,,210782.074119929,444109.453199948,2026-05-01 22:33:15,I,02,폐업,,2011-07-26 15:50:41,2011-07-26,33.00,138-801,서울특별시 송파구 가락동 40-8 (1층105호),N,,3230000-204-2011-00086,3230000,,,03,폐업,미용업,070-4095-6212,,,,
,,,,뽁고깍가,일반미용업,3,2015-07-31,,,,211594.166673494,442783.53474117,2026-05-01 22:33:18,I,02,폐업,,2014-10-31 15:52:42,2003-02-27,18.60,138-200,서울특별시 송파구 문정동 115-1,N,,3230000-211-1995-00005,3230000,서울특별시 송파구 새말로19길 10 (문정동),05800,03,폐업,일반미용업,02-431-9004,,,,
,0,,0,성실미용실,일반미용업,0,1994-03-16,,,,198024.080637222,442065.250603413,2026-05-01 22:30:44,I,02,폐업,,2001-09-29 00:00:00,1987-08-27,.00,156-825,서울특별시 동작구 사당동 1021-7,N,,3190000-204-1987-00711,3190000,,,03,폐업,미용업,02-0000-0000,0,0,0,0
0,0,,0,인경 헤어,일반미용업,2,,,,,211341.747854916,444947.572159861,2026-05-01 22:34:36,I,01,영업,0,2025-01-02 14:42:38,2025-01-02,30.59,138-856,서울특별시 송파구 오금동 40-10,N,0,3230000-211-2025-00001,3230000,"서울특별시 송파구 오금로35길 43-4, 103호 (오금동)",05659,01,영업/정상,일반미용업,,,,,
0,0,,0,The공간,일반미용업,1,,,,,211344.072688914,444582.513424071,2026-05-01 22:34:09,I,01,영업,0,2020-03-17 09:29:18,2015-03-04,21.00,138-857,서울특별시 송파구 오금동 49-4,N,0,3230000-211-2015-00019,3230000,"서울특별시 송파구 중대로 245, 1층 102호 (오금동)",05661,01,영업/정상,일반미용업,,1,,1,
,0,,0,백설공주,일반미용업,0,1998-02-05,,,,,,2026-05-01 22:32:06,I,02,폐업,,2002-09-04 00:00:00,1986-01-10,.00,138-210,서울특별시 송파구 장지동 산 233-11,N,,3230000-204-1986-01451,3230000,,,03,폐업,미용업,02-417-1573,0,0,,
1,0,,0,"오늘, 네일",네일아트업,4,,,,,195101.912518387,444372.575023292,2026-05-01 22:32:39,I,01,영업,0,2021-06-02 17:19:29,2021-06-02,50.00,156-837,서울특별시 동작구 상도동 159-23 아네트빌,N,0,3190000-215-2021-00006,3190000,"서울특별시 동작구 양녕로 229, 아네트빌 101호 (상도동)",06965,01,영업/정상,네일미용업,,1,,1,
,3,,1,신주꾸미용실,일반미용업,4,2016-04-18,,,,194166.91633856,443966.39545906,2026-05-01 22:31:51,I,02,폐업,,2010-05-31 14:19:02,2006-09-01,26.44,156-843,서울특별시 동작구 상도동 261-1,N,,3190000-211-2006-00005,3190000,서울특별시 동작구 성대로 75 (상도동),06960,03,폐업,일반미용업,,2,,2,
0,0,,0,마샬미용실,일반미용업,7,,,,,198161.292479758,443614.335996111,2026-05-01 22:32:21,I,01,영업,,2025-12-29 11:21:21,1974-04-20,23.92,156-080,서울특별시 동작구 동작동 333 이수힐스테이트,N,,3190000-213-1974-00001,3190000,"서울특별시 동작구 동작대로39길 22, 209동 124호 (동작동, 이수힐스테이트)",06993,01,영업/정상,종합미용업,02-599-2678,0,0,0,0
,6,,,시오장헤어,일반미용업,6,2010-02-09,,,,210046.514040733,445490.442371807,2026-05-01 22:33:03,I,02,폐업,,2005-04-07 00:00:00,2004-11-10,148.00,138-832,서울특별시 송파구 방이동 145-35,N,,3230000-204-2004-00142,3230000,,,03,폐업,미용업,02-414-6679,2,,2,
,0,,0,헤어클리닉,일반미용업,1,1999-11-16,,,,198248.790076014,442037.467684818,2026-05-01 22:30:58,I,02,폐업,,1999-12-03 00:00:00,1998-06-08,29.58,156-826,서울특별시 동작구 사당동 1030-2,N,,3190000-204-1998-00296,3190000,,,03,폐업,미용업,02-581-0888,0,0,0,0
,,,,아까르마,일반미용업,5,2004-06-15,,,,194622.421708611,445392.918595844,2026-05-01 22:31:06,I,02,폐업,,2004-03-22 00:00:00,2000-07-06,.00,156-803,서울특별시 동작구 노량진동 232-234,N,,3190000-204-2000-01529,3190000,,,03,폐업,미용업,02-817-4001,,,,
2,0,,0,라라앨르,메이크업업,2,,,,,207779.297710016,444688.652760358,2026-05-01 22:35:46,I,01,영업,0,2025-03-10 16:17:51,2025-03-10,49.50,138-837,서울특별시 송파구 삼전동 7-7 양지빌딩,N,0,3230000-213-2025-00012,3230000,"서울특별시 송파구 백제고분로 197, 양지빌딩 지하1층 1호 (삼전동)",05606,01,영업/정상,종합미용업,,,,,
,0,,0,하이김헤어센스,일반미용업,2,1997-11-28,,,,212671.561060388,443612.595009064,2026-05-01 22:32:37,I,02,폐업,,2003-01-23 00:00:00,1997-03-28,12.94,138-813,서울특별시 송파구 거여동 173-17,N,,3230000-204-1997-01593,3230000,,,03,폐업,미용업,02-430-6315,0,0,,
,,,,더헤어,일반미용업,3,2004-03-02,,,,208645.765095988,444684.520524453,2026-05-01 22:32:24,I,02,폐업,,2003-06-13 00:00:00,2002-02-27,48.10,138-842,서울특별시 송파구 석촌동 7-3,N,,3230000-204-1995-01312,3230000,,,03,폐업,미용업,02-420-1272,,,,
0,0,,0,네일미쁘다,네일아트업,4,2019-05-27,,,,197497.453522637,442192.61563916,2026-05-01 22:32:33,I,02,폐업,1,2019-05-28 08:08:07,2015-10-29,20.00,156-821,서울특별시 동작구 사당동 275-34,N,0,3190000-215-2015-00004,3190000,"서울특별시 동작구 사당로16길 40, 1층 (사당동)",07018,03,폐업,네일미용업,02-6014-3377,1,,1,
0,0,,0,Traum(트라움),일반미용업,2,2017-06-08,,,,210654.50616628,442070.575741668,2026-05-01 22:34:15,I,02,폐업,0,2017-06-08 16:38:18,2016-04-12,27.00,138-888,서울특별시 송파구 문정동 620,N,0,3230000-211-2016-00041,3230000,"서울특별시 송파구 새말로 62, 115호 (문정동, 푸르지오시티)",05841,03,폐업,일반미용업,,1,,1,
0,0,,0,헤어두,일반미용업,3,2023-05-31,,,,198181.18170957,442615.05921955,2026-05-01 22:32:02,I,02,폐업,0,2023-05-31 13:11:34,2018-05-02,73.44,156-816,서울특별시 동작구 사당동 142-17,N,0,3190000-211-2018-00019,3190000,"서울특별시 동작구 동작대로27다길 42, 2층 (사당동)",07008,03,폐업,일반미용업,,,,,
,,,,정헤어샵,일반미용업,2,,,,,208978.189498547,444212.15843439,2026-05-01 22:33:38,I,01,영업,,2022-03-21 13:21:12,2007-05-30,49.81,138-845,서울특별시 송파구 석촌동 250-7 THE HELIO 2507,N,,3230000-211-2007-00013,3230000,"서울특별시 송파구 가락로5길 6, 1층 102호 (석촌동, THE HELIO 2507)",05690,01,영업/정상,일반미용업,02-423-6323,,,,
0,0,,0,바리튠,피부미용업,4,2021-11-09,,,,207786.293948913,445052.176136847,2026-05-01 22:34:49,I,02,폐업,,2021-11-09 14:45:00,2012-04-05,104.24,138-864,서울특별시 송파구 잠실동 242-4 지하1층,N,,3230000-212-2012-00014,3230000,"서울특별시 송파구 석촌호수로 108, 지하1층 (잠실동)",05566,03,폐업,피부미용업,070-8882-3857,,1,,1
6,0,,0,디어림,피부미용업,6,,,,,211623.045047708,443594.829337606,2026-05-01 22:35:26,I,01,영업,0,2024-03-20 10:13:00,2023-03-06,94.88,138-812,서울특별시 송파구 가락동 194-5,N,0,3230000-212-2023-00009,3230000,"서울특별시 송파구 동남로18길 18, 2층 (가락동)",05784,01,영업/정상,피부미용업,,,,,
,0,,0,부티나,일반미용업,4,1998-04-25,,,,211663.023884921,443729.39590421,2026-05-01 22:32:33,I,02,폐업,,2003-01-23 00:00:00,1997-09-20,28.27,138-743,서울특별시 송파구 가락동 192 극동아파트상가지층7호,N,,3230000-204-1997-00771,3230000,,,03,폐업,미용업,02-400-2079,0,0,,
,,,,박지연헤어월드,일반미용업,,2003-02-26,,,,211259.909777857,443711.702922024,2026-05-01 22:32:53,I,02,폐업,,2003-03-17 00:00:00,2001-01-19,.00,138-747,서울특별시 송파구 가락동 140 쌍용아파트27동상가,N,,3230000-204-2001-02388,3230000,,,03,폐업,미용업,02-407-3165,,,,
0,0,,0,벨라지오,일반미용업,4,,,,,197413.504922551,442032.773203182,2026-05-01 22:31:58,I,01,영업,0,2019-10-16 11:06:13,2016-05-02,27.00,156-822,서울특별시 동작구 사당동 300-78,N,0,3190000-211-2016-00021,3190000,"서울특별시 동작구 사당로16길 76, 1층 101호 (사당동)",07020,01,영업/정상,일반미용업,02-525-5008,1,,,
,,,,헤어타임,일반미용업,2,,,,,210650.492398461,448276.580577065,2026-05-01 22:33:15,I,01,영업,,2021-08-10 14:23:51,2003-02-27,40.00,138-873,서울특별시 송파구 풍납동 153-14,N,,3230000-211-1984-00002,3230000,"서울특별시 송파구 풍성로25길 37, 1층 (풍납동)",05518,01,영업/정상,일반미용업,02-485-8671,,,,
,5,,,가위소리,일반미용업,4,2012-05-02,,,,211900.64273002,444728.130027629,2026-05-01 22:33:02,I,02,폐업,,2005-06-08 00:00:00,2004-04-30,23.10,138-858,서울특별시 송파구 오금동 74-6,N,,3230000-204-2004-00054,3230000,,,03,폐업,미용업,,1,,1,
2,0,,0,글로리,피부미용업,2,2023-10-18,,,,211388.548494162,442311.350677044,2026-05-01 22:35:16,I,02,폐업,0,2023-10-18 10:12:15,2019-02-01,27.09,138-200,서울특별시 송파구 문정동 98-3,N,0,3230000-212-2019-00007,3230000,"서울특별시 송파구 새말로6길 42, 1층 (문정동)",05799,03,폐업,피부미용업,,1,,1,
,0,,0,수지미용실,일반미용업,3,2002-05-30,,,,,,2026-05-01 22:32:19,I,02,폐업,,2002-06-11 00:00:00,1993-07-30,.00,138-210,서울특별시 송파구 장지동 산 5-0,N,,3230000-204-1993-01352,3230000,,,03,폐업,미용업,02-0400-6509,0,0,,
0,0,,0,옥 피부,피부미용업,0,2024-04-16,,,,213577.583827273,443846.407056646,2026-05-01 22:35:27,I,02,폐업,0,2024-04-16 10:58:15,2023-06-19,9.90,138-820,서울특별시 송파구 마천동 207-2 구룡목욕탕,N,0,3230000-212-2023-00021,3230000,"서울특별시 송파구 성내천로 265, 구룡목욕탕 지층 (마천동)",05749,03,폐업,피부미용업,,,,,
2,0,,0,B&B 피부관리,피부미용업,5,2019-09-06,,,,212631.968657493,443089.54324724,2026-05-01 22:35:14,I,02,폐업,0,2019-09-06 15:49:53,2018-04-13,16.97,138-110,서울특별시 송파구 거여동 293-1 세신거여훼미리타운,N,0,3230000-212-2018-00015,3230000,"서울특별시 송파구 양산로 12, 세신거여훼미리타운 112호 (거여동)",05787,03,폐업,피부미용업,,1,,1,
,0,,0,준오헤어,일반미용업,0,,,,,207978.271517453,444995.335847375,2026-05-01 22:33:51,I,01,영업,,2018-03-06 09:59:49,2010-05-10,65.00,138-837,서울특별시 송파구 삼전동 1-2,N,,3230000-211-2010-00005,3230000,서울특별시 송파구 삼전로 102 (삼전동),05599,01,영업/정상,일반미용업,02-422-8605,,,,
0,0,,0,감성네일 잠실,네일아트업,2,,,,,207314.672180818,445065.918306327,2026-05-01 22:35:57,I,01,영업,0,2026-02-26 13:42:30,2021-12-13,21.00,138-863,서울특별시 송파구 잠실동 214-14,N,0,3230000-215-2021-00031,3230000,"서울특별시 송파구 올림픽로12길 42-1, 1층 102호 (잠실동)",05569,01,영업/정상,네일미용업,,,,,
0,0,,0,아티스트 지호,일반미용업,8,2014-10-28,,,,198178.761818592,442801.643316495,2026-05-01 22:31:55,I,02,폐업,,2011-12-06 12:59:13,2011-12-06,60.45,156-816,서울특별시 동작구 사당동 139-22,N,,3190000-211-2011-00024,3190000,"서울특별시 동작구 동작대로27길 31, 2층 (사당동)",07008,03,폐업,일반미용업,,,,,
,3,임대,1,머리나라,일반미용업,3,,,,,193902.349237397,443886.000333343,2026-05-01 22:31:51,I,01,영업,,2020-11-08 13:05:42,2005-04-26,19.89,156-844,서울특별시 동작구 상도동 256-88,N,,3190000-211-2005-00001,3190000,"서울특별시 동작구 국사봉1길 99, 지1층 (상도동)",07043,01,영업/정상,일반미용업,,1,,1,
2,0,임대,0,늘솜래쉬,메이크업업,1,2024-07-03,,,,207967.785535603,444416.63278384,2026-05-01 22:36:10,I,02,폐업,0,2024-07-03 15:05:26,2020-06-24,19.06,138-838,서울특별시 송파구 삼전동 59-3,N,0,3230000-219-2020-00002,3230000,"서울특별시 송파구 백제고분로28길 16-18, 1층 101호 (삼전동)",05591,03,폐업,화장ㆍ분장 미용업,,1,,1,
,,,,변신하는날미용실,일반미용업,3,,,,,198221.486615478,442037.886575441,2026-05-01 22:31:48,I,01,영업,,2020-07-16 11:28:04,1996-06-11,15.81,156-825,서울특별시 동작구 사당동 1029-37,N,,3190000-211-1996-00004,3190000,서울특별시 동작구 사당로30길 96 (사당동),07015,01,영업/정상,일반미용업,02-588-1038,,,,
0,0,임대,0,롯데미용실,일반미용업,3,,,,,208187.623477261,445589.718583334,2026-05-01 22:33:53,I,01,영업,,2014-09-03 16:24:16,2010-12-01,8.72,138-916,서울특별시 송파구 잠실동 27-6 중앙상가 2층 208호,N,,3230000-211-2010-00075,3230000,"서울특별시 송파구 올림픽로 203 (잠실동,중앙상가 2층 208호)",05503,01,영업/정상,일반미용업,02-3432-1007,2,,2,
,,,,롯데월드구내미용실,일반미용업,6,2012-01-05,,,,208589.363343145,445455.90405262,2026-05-01 22:32:02,I,02,폐업,,2005-06-09 00:00:00,2003-02-27,31.24,138-721,서울특별시 송파구 잠실동 40-1 롯데월드 지하동 3층호,N,,3230000-204-1980-01105,3230000,,,03,폐업,미용업,02-411-5667,,,,
,0,임대,0,시오장헤어,일반미용업,4,2009-07-20,,,,207341.895967209,445466.38383798,2026-05-01 22:33:11,I,02,폐업,,2008-12-29 17:40:50,2008-12-29,131.86,138-861,서울특별시 송파구 잠실동 184-3 지상2층,N,,3230000-204-2008-00100,3230000,,,03,폐업,미용업,,2,,2,
0,0,,0,웰킨송파문정점,일반미용업,6,,,,,,,2026-05-01 22:34:27,I,01,영업,0,2018-12-07 16:02:09,2018-12-07,104.40,138-888,서울특별시 송파구 문정동 642-3 문정에스케이브이원지엘메트로시티,N,0,3230000-211-2018-00096,3230000,"서울특별시 송파구 법원로 128, 문정에스케이브이원지엘메트로시티 B동 221호 (문정동)",05854,01,영업/정상,일반미용업,,2,,2,
,,,,폴미첼,일반미용업,,2003-02-26,,,,,,2026-05-01 22:32:50,I,02,폐업,,2003-03-17 00:00:00,2000-05-25,.00,138-210,서울특별시 송파구 장지동 산 218-8,N,,3230000-204-2000-02276,3230000,,,03,폐업,미용업,02-413-8821,,,,
,,,,러블리 헤어,일반미용업,3,2023-02-28,,,,208676.687790052,444186.99675197,2026-05-01 22:33:35,I,02,폐업,,2023-02-28 11:16:06,2006-03-03,24.00,138-845,서울특별시 송파구 석촌동 229-5 1층 102호,N,,3230000-211-2006-00038,3230000,"서울특별시 송파구 삼학사로6길 17, 1층 102호 (석촌동)",05691,03,폐업,일반미용업,02-470-2814,1,,1,
0,0,임대,0,김보라 미용실,일반미용업,4,2010-12-16,,,,209699.732038203,444731.118589596,2026-05-01 22:33:12,I,02,폐업,,2010-07-19 17:41:00,2010-07-19,33.00,138-850,서울특별시 송파구 송파동 91-17,N,,3230000-204-2010-00079,3230000,,,03,폐업,미용업,,1,,1,
,1,,0,헤어커플,일반미용업,4,2010-02-17,,,,213399.543912345,444146.143927518,2026-05-01 22:33:10,I,02,폐업,,2008-11-03 15:52:22,2008-01-21,36.30,138-819,서울특별시 송파구 마천동 162-5 1층,N,,3230000-204-2008-00004,3230000,,,03,폐업,미용업,,,,,
0,0,,0,손수 붙임머리,일반미용업,1,,,,,207237.358943449,445264.478269735,2026-05-01 22:34:35,I,01,영업,0,2024-03-28 15:46:35,2024-03-28,33.00,138-862,서울특별시 송파구 잠실동 203-7,N,0,3230000-211-2024-00004,3230000,"서울특별시 송파구 백제고분로9길 34, 4층 406호 (잠실동)",05563,01,영업/정상,일반미용업,,,,,
,5,,1,이레헤어,일반미용업,3,2019-05-23,,,,,,2026-05-01 22:33:23,I,02,폐업,,2019-05-23 12:27:21,2003-08-18,40.00,138-864,서울특별시 송파구 잠실동 247-103,N,,3230000-211-2003-00061,3230000,"서울특별시 송파구 올림픽로 16 (잠실동, 103호)",,03,폐업,일반미용업,02-2203-0757,1,,1,
5,0,,0,신손케어,피부미용업,0,,,,,198332.497687081,442863.050171779,2026-05-01 22:32:17,I,01,영업,0,2020-11-01 20:21:50,2018-04-13,75.00,156-816,서울특별시 동작구 사당동 134-2 광주약국,N,0,3190000-212-2018-00007,3190000,"서울특별시 동작구 동작대로 127, 3층 (사당동)",07008,01,영업/정상,피부미용업,02-595-8810,,,,
0,3,,1,에덴헤어,일반미용업,3,,,,,195652.943152466,445515.240783046,2026-05-01 22:31:55,I,01,영업,,2014-05-23 16:19:43,2012-05-16,20.00,156-060,서울특별시 동작구 본동 190-8,N,,3190000-211-2012-00017,3190000,"서울특별시 동작구 매봉로 165, 1층 (본동)",06916,01,영업/정상,일반미용업,02-822-9763,1,,1,
,4,임대,,오보레 헤어,일반미용업,3,2008-05-02,,,,210956.948353786,444207.090856333,2026-05-01 22:33:07,I,02,폐업,,2006-02-23 00:00:00,2006-02-23,33.00,138-801,서울특별시 송파구 가락동 31-4,N,,3230000-204-2006-00024,3230000,,,03,폐업,미용업,02-443-7266,1,,1,
0,0,,0,무코(mukko),일반미용업,0,,,,,197175.269671437,442419.270894777,2026-05-01 22:32:06,I,01,영업,0,2021-03-22 14:06:27,2021-03-22,23.25,156-883,서울특별시 동작구 사당동 233-3,N,0,3190000-211-2021-00007,3190000,"서울특별시 동작구 사당로8길 29, 102호 (사당동)",07019,01,영업/정상,일반미용업,,1,,,
,0,,0,왕실,일반미용업,3,1991-03-09,,,,,,2026-05-01 22:32:05,I,02,폐업,,2002-09-04 00:00:00,1985-08-05,14.44,138-210,서울특별시 송파구 장지동 산 257-25,N,,3230000-204-1985-01618,3230000,,,03,폐업,미용업,02-0486-3884,0,0,,
2,0,,0,자연치유에스테틱,피부미용업,2,,,,,195839.31531785,443709.976708499,2026-05-01 22:32:21,I,01,영업,0,2025-12-11 10:32:24,2025-12-01,47.53,156-030,서울특별시 동작구 상도동 489-14,N,0,3190000-212-2025-00008,3190000,"서울특별시 동작구 상도로 372-4, 2층 (상도동)",07040,01,영업/정상,피부미용업,,,,,
0,0,,0,마이더스,피부미용업,5,2014-05-13,,,,192191.889868563,442860.328598856,2026-05-01 22:32:13,I,02,폐업,,2014-04-24 16:43:08,2013-05-07,89.00,156-853,서울특별시 동작구 신대방동 618-16 301호,N,,3190000-212-2013-00002,3190000,서울특별시 동작구 신대방길 2 (신대방동),07067,03,폐업,피부미용업,070-4145-0080,,,,
2,0,,0,샤인스킨케어,피부미용업,0,2015-05-15,,,,198024.667870158,442473.6243628,2026-05-01 22:32:14,I,02,폐업,,2013-11-20 16:41:37,2013-11-20,20.00,156-817,서울특별시 동작구 사당동 152-2 301호,N,,3190000-212-2013-00015,3190000,"서울특별시 동작구 사당로 279, 301호 (사당동)",07006,03,폐업,피부미용업,,,,,
,0,,0,샬롬헤어라인,일반미용업,4,2000-06-02,,,,,,2026-05-01 22:32:40,I,02,폐업,,2000-06-05 00:00:00,1998-10-20,30.00,138-210,서울특별시 송파구 장지동 산 200-10,N,,3230000-204-1998-00618,3230000,,,03,폐업,미용업,02-424-0772,0,0,,
,,,,유혜지헤어스튜디오,일반미용업,5,,,,,211206.955976391,445194.92676439,2026-05-01 22:33:19,I,01,영업,,2011-02-09 13:43:22,2003-02-27,56.00,138-855,서울특별시 송파구 오금동 18-21 /1층,N,,3230000-211-1999-00006,3230000,"서울특별시 송파구 마천로7가길 5 (오금동,/1층)",05657,01,영업/정상,일반미용업,02-431-0629,,,,
0,0,,0,TOP3HAIR SYSTEM,일반미용업,4,,,,,193630.623995348,443968.962489879,2026-05-01 22:31:56,I,01,영업,,2020-11-02 12:42:22,2013-12-12,56.57,156-847,서울특별시 동작구 신대방동 339-8 101호,N,,3190000-211-2013-00070,3190000,"서울특별시 동작구 국사봉2길 13, 1층 (신대방동)",07053,01,영업/정상,일반미용업,02-822-0733,1,,,
0,5,,0,루다헤어,일반미용업,4,,,,,193248.734782896,443842.627313159,2026-05-01 22:31:52,I,01,영업,,2023-03-31 11:16:08,2006-07-06,33.00,156-848,서울특별시 동작구 신대방동 360-66 1층,N,,3190000-211-2006-00022,3190000,"서울특별시 동작구 여의대방로22아길 17, 1층 (신대방동)",07059,01,영업/정상,일반미용업,02-823-4046,1,0,1,0
0,0,임대,0,맨스테이션,일반미용업,3,,,,,209661.605795441,444817.823795694,2026-05-01 22:34:35,I,01,영업,0,2025-10-16 16:41:56,2023-03-13,125.82,138-851,서울특별시 송파구 송파동 111-19,N,0,3230000-211-2023-00044,3230000,"서울특별시 송파구 백제고분로42길 11, 3층 (송파동)",05666,01,영업/정상,일반미용업,,1,,1,
,3,임대,1,영스헤어,일반미용업,3,2010-03-15,,,,193902.905184613,443859.171111236,2026-05-01 22:31:40,I,02,폐업,,2008-03-11 14:00:51,2008-03-11,19.80,156-844,서울특별시 동작구 상도동 296-12,N,,3190000-204-2008-00004,3190000,,,03,폐업,미용업,,1,,1,
,0,,2,라파핸즈 코스메틱,일반미용업,3,2013-11-01,,,,208682.946639076,444522.26110806,2026-05-01 22:33:14,I,02,폐업,,2010-12-28 14:27:02,2010-01-29,29.70,138-842,서울특별시 송파구 석촌동 15 제우빌딩내 지하2층,N,,3230000-204-2010-00150,3230000,,,03,폐업,미용업,,,,,
0,0,,0,주희 NAIL&amp;SKIN,피부미용업,7,2017-02-28,,,,211259.909777857,443711.702922024,2026-05-01 22:34:42,I,02,폐업,,2017-02-28 16:06:19,2010-03-15,33.00,138-808,서울특별시 송파구 가락동 140 쌍용프라자 2층 206호,N,,3230000-212-2010-00021,3230000,"서울특별시 송파구 동남로 189, 2층 206호 (가락동, 쌍용프라자)",05823,03,폐업,피부미용업,02-417-7000,2,,2,
,2,임대,1,헤어204 미용실,일반미용업,3,,,,,208832.124625042,444075.615336907,2026-05-01 22:33:29,I,01,영업,,2024-06-11 09:26:27,2005-07-18,20.00,138-845,서울특별시 송파구 석촌동 240 영흥빌딩,N,,3230000-211-2005-00042,3230000,"서울특별시 송파구 가락로 38, 영흥빌딩 3층 302호 (석촌동)",05694,01,영업/정상,일반미용업,02-409-0342,1,,1,
1,0,,0,윰`S 네일,네일아트업,5,2021-05-14,,,,211475.048350026,442543.450255959,2026-05-01 22:35:35,I,02,폐업,0,2021-05-14 10:44:25,2018-05-02,29.30,138-200,서울특별시 송파구 문정동 102-9 현대아트빌라,N,0,3230000-213-2018-00015,3230000,"서울특별시 송파구 송이로36길 25, 1층 (문정동, 현대아트빌라)",05801,03,폐업,종합미용업,,1,,1,
0,0,,0,다온네일,네일아트업,1,2025-09-18,,,,209509.48842344,444378.263636111,2026-05-01 22:35:56,I,02,폐업,0,2025-09-18 10:40:33,2020-06-29,6.60,138-847,서울특별시 송파구 석촌동 295-11 영보빌딩,N,0,3230000-215-2020-00021,3230000,"서울특별시 송파구 가락로 111, 영보빌딩 2층 (석촌동)",05687,03,폐업,네일미용업,,,,,
2,0,,0,화이트스킨케어,피부미용업,2,,,,,198264.499574198,442629.962323045,2026-05-01 22:32:16,I,01,영업,1,2015-12-08 16:43:12,2015-12-08,18.00,156-816,서울특별시 동작구 사당동 147-69,N,0,3190000-212-2015-00017,3190000,"서울특별시 동작구 동작대로27가길 39, 2층 (사당동)",07008,01,영업/정상,피부미용업,,2,,2,
,,임대,,서영주 프로헤어,일반미용업,5,2007-01-15,,,,211453.050926808,443165.755655708,2026-05-01 22:33:07,I,02,폐업,,2006-02-14 00:00:00,2006-02-14,16.54,138-823,서울특별시 송파구 문정동 1 문정삼성래미안 상가 2층 206호,N,,3230000-204-2006-00020,3230000,,,03,폐업,미용업,,2,,2,
,0,,0,박에스테틱,일반미용업,2,1998-04-08,,,,,,2026-05-01 22:32:36,I,02,폐업,,2002-09-04 00:00:00,1997-07-05,31.20,138-210,서울특별시 송파구 장지동 산 474-2,N,,3230000-204-1997-00840,3230000,,,03,폐업,미용업,02-470-0362,0,0,,
5,0,,0,벨라스킨 & 바디,피부미용업,4,2020-06-11,,,,211591.053808857,442873.351740073,2026-05-01 22:35:11,I,02,폐업,0,2020-06-11 11:35:58,2017-02-02,74.00,138-200,서울특별시 송파구 문정동 116-4,N,0,3230000-212-2017-00006,3230000,"서울특별시 송파구 송이로 239, 2층 (문정동)",05798,03,폐업,피부미용업,02-408-3399,2,,2,
0,0,,0,씨엠 헤어살롱,일반미용업,4,,,,,211072.612429627,442512.630998197,2026-05-01 22:34:10,I,01,영업,0,2018-03-13 17:34:51,2015-04-09,35.00,138-826,서울특별시 송파구 문정동 64-2 지상1층,N,0,3230000-211-2015-00034,3230000,"서울특별시 송파구 문정로4길 18, 지상1층 (문정동)",05807,01,영업/정상,일반미용업,02-423-9791,1,,1,
,,,,유나헤어컬렉션,일반미용업,,2014-04-08,,,,197545.985381694,442685.886949892,2026-05-01 22:32:22,I,02,폐업,,2013-12-27 15:17:19,2010-04-08,.00,156-818,서울특별시 동작구 사당동 169-8 대림아파트 상가A동 301호,N,,3190000-213-2010-00012,3190000,"서울특별시 동작구 사당로17길 8, 상가A동 301호 (사당동)",07005,03,폐업,종합미용업,02-596-3519,,,,
,,,,소연클럽,일반미용업,,2005-03-03,,,,207958.916616305,444896.046586975,2026-05-01 22:32:55,I,02,폐업,,2003-06-13 00:00:00,2002-02-27,.00,138-837,서울특별시 송파구 삼전동 4-2 1층,N,,3230000-204-2003-00050,3230000,,,03,폐업,미용업,02-2664-5886,,,,
,0,,0,포라미용실,일반미용업,0,1996-08-30,,,,,,2026-05-01 22:30:51,I,02,폐업,,2001-09-29 00:00:00,1992-02-11,.00,156-847,서울특별시 동작구 신대방동 341-95,N,,3190000-204-1992-00827,3190000,,,03,폐업,미용업,02-821-6309,0,0,0,0
2,0,,0,뷰티폼스킨케어,피부미용업,2,,,,,210045.748264305,442930.687284628,2026-05-01 22:35:29,I,01,영업,0,2025-07-21 15:48:00,2025-07-21,24.58,138-885,서울특별시 송파구 문정동 150 올림픽훼밀리타운,N,0,3230000-212-2025-00026,3230000,"서울특별시 송파구 중대로 24, 상가1동 지하1층 B145호 (문정동, 올림픽훼밀리타운)",05834,01,영업/정상,피부미용업,,,,,
0,0,임대,0,어반트랜드 잠실새내역점,일반미용업,8,,,,,206992.601347447,445439.560720995,2026-05-01 22:34:30,I,01,영업,0,2025-01-02 10:52:58,2019-10-10,150.36,138-861,서울특별시 송파구 잠실동 177-7,N,0,3230000-211-2019-00074,3230000,"서울특별시 송파구 올림픽로8길 6, 3층 (잠실동)",05556,01,영업/정상,일반미용업,,,,,
,,,,장미미용실,일반미용업,2,2020-04-14,,,,210496.826612813,447641.377482801,2026-05-01 22:33:17,I,02,폐업,,2020-04-14 09:06:27,2003-02-27,39.96,138-879,서울특별시 송파구 풍납동 505-1 지하1층,N,,3230000-211-1990-00012,3230000,"서울특별시 송파구 올림픽로 537-23, 지하1층 (풍납동)",05530,03,폐업,일반미용업,02-489-4934,,,,
0,0,,0,블루클럽 문정법조타운점,일반미용업,3,2023-06-30,,,,,,2026-05-01 22:34:33,I,02,폐업,0,2023-06-30 10:01:20,2022-01-03,34.40,138-888,서울특별시 송파구 문정동 642 송파 테라타워2,N,0,3230000-211-2022-00001,3230000,"서울특별시 송파구 송파대로 201, 송파 테라타워2 1층 B-121호 (문정동)",05854,03,폐업,일반미용업,,,,,
,,,,정미용실,일반미용업,3,,,,,195973.926158486,443627.582814921,2026-05-01 22:31:44,I,01,영업,,2023-04-05 14:48:51,1981-04-28,29.70,156-030,서울특별시 동작구 상도동 500-18 1층 2호,N,,3190000-211-1981-00003,3190000,"서울특별시 동작구 상도로 385, 1층 2호 (상도동)",07027,01,영업/정상,일반미용업,02-813-2605,,,,
0,0,,0,스윗 파리,일반미용업,4,2018-12-11,,,,194185.237527704,445508.715955848,2026-05-01 22:31:58,I,02,폐업,0,2018-12-11 11:14:21,2015-03-03,33.00,156-804,서울특별시 동작구 노량진동 270-3,N,0,3190000-211-2015-00048,3190000,"서울특별시 동작구 등용로4길 148, 1층 (노량진동)",06931,03,폐업,일반미용업,,,,,
0,0,,0,오디크헤어,일반미용업,8,,,,,,,2026-05-01 22:35:45,I,01,영업,0,2024-10-28 15:25:59,2024-10-28,72.08,138-888,서울특별시 송파구 문정동 651-6 문정헤리움써밋타워,N,0,3230000-213-2024-00066,3230000,"서울특별시 송파구 법원로8길 13, 문정헤리움써밋타워 1층 114호 (문정동)",05855,01,영업/정상,종합미용업,,,,,
,,,,까까뽀까헤어샵,일반미용업,3,2018-11-15,,,,194876.739919168,444168.607719395,2026-05-01 22:31:47,I,02,폐업,,2018-11-15 12:02:30,1989-04-07,19.30,156-841,서울특별시 동작구 상도동 203-36,N,,3190000-211-1989-00012,3190000,서울특별시 동작구 장승배기로 13 (상도동),07047,03,폐업,일반미용업,02-814-6947,,,,
,2,임대,1,최정희 헤어샵,일반미용업,3,,,,,211908.776682936,443163.745015781,2026-05-01 22:33:27,I,01,영업,,2014-09-02 15:05:36,2005-06-28,19.80,138-200,서울특별시 송파구 문정동 145 문정시영아파트상가1층106호,N,,3230000-211-2005-00012,3230000,"서울특별시 송파구 송이로31길 52 (문정동, 문정시영아파트상가1층 106호)",05786,01,영업/정상,일반미용업,02-406-9733,1,,1,
,0,,0,김미자헤어테크,일반미용업,4,2002-01-25,,,,210366.048844814,445259.941538422,2026-05-01 22:32:18,I,02,폐업,,2003-01-20 00:00:00,1992-01-31,30.80,138-831,서울특별시 송파구 방이동 126-2,N,,3230000-204-1992-01339,3230000,,,03,폐업,미용업,02-422-0740,0,0,,
,1,,1,수헤어샵,일반미용업,4,2014-08-19,,,,193165.596874373,444637.359368057,2026-05-01 22:31:52,I,02,폐업,,2013-06-21 17:32:38,2007-07-02,59.50,156-810,서울특별시 동작구 대방동 387-1 한성빌딩 1층 105호,N,,3190000-211-2007-00004,3190000,"서울특별시 동작구 대방동15가길 23 (대방동, 한성빌딩 1층 105호)",06945,03,폐업,일반미용업,02-835-4161,1,,1,
0,0,,0,88미용실,일반미용업,1,2022-08-16,,,,193140.052317678,443178.674686446,2026-05-01 22:32:06,I,02,폐업,0,2023-03-24 14:42:39,2020-11-18,12.00,156-849,서울특별시 동작구 신대방동 395-67 롯데타워,N,0,3190000-211-2020-00034,3190000,"서울특별시 동작구 보라매로5길 51, 롯데타워 지층 116호 (신대방동, 롯데타워)",07071,03,폐업,일반미용업,02-833-8649,,1,,1
,3,임대,1,진헤어샾,일반미용업,3,2006-04-24,,,,194397.649742849,444381.873413059,2026-05-01 22:31:24,I,02,폐업,,2004-12-03 00:00:00,2003-05-15,15.24,156-840,서울특별시 동작구 상도동 197-1,N,,3190000-204-2003-00068,3190000,,,03,폐업,미용업,02-816-0772,1,,1,
,,,,선일미용실,일반미용업,,2015-09-09,,,,210676.00358279,448278.81403543,2026-05-01 22:33:24,I,02,폐업,,2015-09-11 11:03:59,2003-02-27,.00,138-873,서울특별시 송파구 풍납동 477-4,N,,3230000-211-2003-00089,3230000,서울특별시 송파구 풍성로25길 38 (풍납동),05519,03,폐업,일반미용업,02-471-3450,,,,
2,0,임대,0,맥스헤어(maxhair),일반미용업,10,,,,,211046.297863378,444565.558982422,2026-05-01 22:34:32,I,01,영업,0,2021-05-27 13:19:58,2021-05-27,99.00,138-800,서울특별시 송파구 가락동 2-9 김해빌딩,N,0,3230000-211-2021-00024,3230000,"서울특별시 송파구 오금로 300, 김해빌딩 201호 (가락동)",05700,01,영업/정상,일반미용업,,2,,2,
0,0,임대,0,김하경 헤어스튜디오,일반미용업,8,2011-10-17,,,,210046.514040733,445490.442371807,2026-05-01 22:33:12,I,02,폐업,,2011-03-11 13:18:28,2010-04-06,165.00,138-832,서울특별시 송파구 방이동 145-35,N,,3230000-204-2010-00031,3230000,,,03,폐업,미용업,,2,,2,
0,0,,0,미니헤어,일반미용업,3,,,,,198217.244875774,443070.83461838,2026-05-01 22:31:55,I,01,영업,,2014-04-16 13:31:41,2011-05-03,29.90,156-815,서울특별시 동작구 사당동 77-34,N,,3190000-211-2011-00021,3190000,서울특별시 동작구 동작대로29나길 39 (사당동),06997,01,영업/정상,일반미용업,02-532-7954,3,,1,
2,0,,0,Orga dream beauty(올가드림뷰티),피부미용업,2,2024-05-01,,,,210347.634335685,447859.3845567,2026-05-01 22:35:36,I,02,폐업,0,2024-05-01 13:32:57,2019-08-22,27.00,138-874,서울특별시 송파구 풍납동 231-15,N,0,3230000-213-2019-00025,3230000,"서울특별시 송파구 올림픽로51길 32, 1층 101호 (풍납동)",05528,03,폐업,종합미용업,,,,,
0,0,임대,0,문헤어,일반미용업,10,2023-04-26,,,,193790.430863531,444153.872590858,2026-05-01 22:32:04,I,02,폐업,0,2023-04-26 16:21:13,2018-07-23,132.00,156-839,서울특별시 동작구 상도동 324-2,N,0,3190000-211-2018-00057,3190000,"서울특별시 동작구 상도로 88, 202호 (상도동)",07041,03,폐업,일반미용업,02-529-2472,,,,
,,,,머리하기 좋은날,일반미용업,,2004-03-15,,,,213273.963816714,443809.879256829,2026-05-01 22:32:55,I,02,폐업,,2003-06-13 00:00:00,2003-02-27,.00,138-820,서울특별시 송파구 마천동 128-120,N,,3230000-204-2003-00010,3230000,,,03,폐업,미용업,02-406-2050,,,,
,,,,로얄,일반미용업,2,2007-04-06,,,,194259.898705437,445516.745815619,2026-05-01 22:30:48,I,02,폐업,,2006-04-04 00:00:00,1990-01-03,16.00,156-804,서울특별시 동작구 노량진동 275-5,N,,3190000-204-1990-00830,3190000,,,03,폐업,미용업,02-813-8206,,,,
0,0,,0,Hair Heal(헤어 힐),일반미용업,7,2016-01-05,,,,206958.784771636,445321.825195742,2026-05-01 22:34:12,I,02,폐업,0,2015-10-19 11:20:09,2015-10-19,70.00,138-862,서울특별시 송파구 잠실동 195-1 지상2층,N,0,3230000-211-2015-00091,3230000,"서울특별시 송파구 백제고분로7길 6-5, 지상2층 (잠실동)",05561,03,폐업,일반미용업,02-2203-7776,2,,2,
0,3,,0,(주)루미가넷 네일스파,네일아트업,3,2017-11-15,,,,208589.363343145,445455.90405262,2026-05-01 22:35:53,I,02,폐업,0,2017-11-15 13:32:08,2017-01-23,62.80,138-915,서울특별시 송파구 잠실동 40-1,N,0,3230000-215-2017-00016,3230000,"서울특별시 송파구 올림픽로 240, 3층 (잠실동, 롯데백화점 잠실점)",05554,03,폐업,네일미용업,,,,,
0,1,,0,나이스가이노량진점,일반미용업,3,2019-07-01,,,,195018.562855975,445402.33110714,2026-05-01 22:31:57,I,02,폐업,,2019-07-01 10:57:25,2014-03-31,30.00,156-801,서울특별시 동작구 노량진동 120-6 1층,N,,3190000-211-2014-00019,3190000,"서울특별시 동작구 만양로 81 (노량진동, 1층)",06923,03,폐업,일반미용업,02-594-6011,,,,
0,0,,0,헤어W,일반미용업,4,,,,,211813.951757951,443748.67150773,2026-05-01 22:33:51,I,01,영업,,2014-07-29 16:00:34,2010-06-01,7.00,138-810,서울특별시 송파구 가락동 173-18,N,,3230000-211-2010-00007,3230000,서울특별시 송파구 오금로44길 22 (가락동),05769,01,영업/정상,일반미용업,02-404-1968,,,,
0,0,,0,강'S 헤어,일반미용업,4,2021-09-30,,,,209490.167721568,445352.630331812,2026-05-01 22:34:14,I,02,폐업,0,2021-09-30 10:36:22,2016-03-14,33.00,138-849,서울특별시 송파구 송파동 37-11,N,0,3230000-211-2016-00031,3230000,"서울특별시 송파구 백제고분로45길 31, 지상1층 (송파동)",05622,03,폐업,일반미용업,02-420-1801,1,,1,
,,,,연리지미용실,일반미용업,,2008-01-09,,,,208808.460094719,446014.471916419,2026-05-01 22:32:58,I,02,폐업,,2007-07-23 14:51:35,2003-02-27,.00,138-934,서울특별시 송파구 신천동 7-13 향군회관별관,N,,3230000-204-2003-00248,3230000,,,03,폐업,미용업,02-424-0313,,,,
0,0,,0,BS헤어,일반미용업,2,2014-11-26,,,,209971.395559643,445531.059937332,2026-05-01 22:34:01,I,02,폐업,,2015-01-14 15:38:15,2012-05-30,18.00,138-832,서울특별시 송파구 방이동 149 2층,N,,3230000-211-2012-00083,3230000,"서울특별시 송파구 백제고분로 466, 2층 (방이동)",05631,03,폐업,일반미용업,,2,,2,
,,,,이훈올30000미용실,일반미용업,,,,,,191960.577708888,442888.6882543,2026-05-01 22:31:57,I,01,영업,,2014-06-23 13:16:48,2014-06-23,25.00,156-854,서울특별시 동작구 신대방동 689-39,N,,3190000-211-2014-00042,3190000,"서울특별시 동작구 신대방길 49, 1층 (신대방동)",07070,01,영업/정상,일반미용업,02-832-7741,,,,
8,0,,0,스파머시,피부미용업,6,2016-05-24,,,,207167.21,445474.534999999,2026-05-01 22:36:05,I,02,폐업,0,2015-01-05 09:50:16,2015-01-05,86.59,138-861,서울특별시 송파구 잠실동 181-4 지상2층,N,0,3230000-216-2015-00001,3230000,"서울특별시 송파구 올림픽로 102, 지상2층 (잠실동)",05557,03,폐업,"일반미용업, 피부미용업",,,,,
,,,,루비오19000미용실,일반미용업,3,2025-07-25,,,,191927.950095308,443029.130044582,2026-05-01 22:31:48,I,02,폐업,,2025-07-25 15:42:00,1992-11-17,17.37,156-853,서울특별시 동작구 신대방동 607-86,N,,3190000-211-1992-00004,3190000,서울특별시 동작구 신대방길 81 (신대방동),,03,폐업,일반미용업,02-834-9045,,,,
,4,,,헤어클레식,일반미용업,5,2005-07-06,,,,210024.27472268,445312.512534982,2026-05-01 22:33:03,I,02,폐업,,2004-09-24 00:00:00,2004-09-24,39.60,138-830,서울특별시 송파구 방이동 114-11,N,,3230000-204-2004-00122,3230000,,,03,폐업,미용업,,1,,1,
0,0,,0,네일스토리,네일아트업,5,,,,,207553.918225133,445383.338011122,2026-05-01 22:35:52,I,01,영업,0,2016-09-20 16:10:02,2016-09-20,16.81,138-915,서울특별시 송파구 잠실동 35-2,N,0,3230000-215-2016-00037,3230000,"서울특별시 송파구 석촌호수로 61, 2층 215호 (잠실동)",05555,01,영업/정상,네일미용업,,,,,
3,0,,0,"M,art Beauty(엠아트뷰티)",피부미용업,6,2018-02-07,,,,207463.346184922,445410.093878716,2026-05-01 22:36:18,I,02,폐업,0,2018-02-07 13:24:43,2016-05-09,33.00,138-861,서울특별시 송파구 잠실동 184-12,N,0,3230000-223-2016-00001,3230000,"서울특별시 송파구 백제고분로7길 57, 902호 (잠실동)",05558,03,폐업,"일반미용업, 피부미용업, 네일미용업",02-6204-4512,1,,1,
4,0,,0,위드네일잠실,네일아트업,12,2025-06-19,,,,207403.794024601,445379.416213629,2026-05-01 22:35:43,I,02,폐업,0,2025-06-19 14:28:34,2023-05-03,82.00,138-861,서울특별시 송파구 잠실동 185,N,0,3230000-213-2023-00035,3230000,"서울특별시 송파구 백제고분로7길 50-1, 2층 202호 (잠실동)",05559,03,폐업,종합미용업,,,,,
,,,,블루클럽미용실,일반미용업,3,2013-11-01,,,,198226.093516035,442622.989084106,2026-05-01 22:31:49,I,02,폐업,,2011-04-13 12:03:08,1998-12-19,33.10,156-816,서울특별시 동작구 사당동 145-16,N,,3190000-211-1998-00004,3190000,서울특별시 동작구 동작대로25길 27 (사당동),07008,03,폐업,일반미용업,02-594-6011,,,,
,3,임대,1,다미헤어,일반미용업,,2010-09-06,,,,211863.228749423,444844.393787964,2026-05-01 22:33:07,I,02,폐업,,2006-02-13 00:00:00,2006-02-13,30.00,138-858,서울특별시 송파구 오금동 86-9,N,,3230000-204-2006-00017,3230000,,,03,폐업,미용업,02-430-1178,1,,1,
,2,,,샤넬헤어샵,일반미용업,3,2005-11-22,,,,207662.367551732,444499.83567179,2026-05-01 22:33:01,I,02,폐업,,2003-12-12 00:00:00,2003-12-12,33.00,138-838,서울특별시 송파구 삼전동 32,N,,3230000-204-2003-00337,3230000,,,03,폐업,미용업,02-413-9409,1,,1,
,0,,0,뉴헤어뉴스,일반미용업,3,2000-04-04,,,,,,2026-05-01 22:32:05,I,02,폐업,,2000-04-06 00:00:00,1985-06-18,25.56,138-210,서울특별시 송파구 장지동 산 53-9,N,,3230000-204-1985-01328,3230000,,,03,폐업,미용업,,0,0,,
,0,,0,도도헤어팜,일반미용업,0,2001-11-14,,,,,,2026-05-01 22:32:52,I,02,폐업,,2001-12-18 00:00:00,2000-01-28,.00,138-210,서울특별시 송파구 장지동 산 287-5,N,,3230000-204-2000-02336,3230000,,,03,폐업,미용업,02-423-7588,0,0,,
,,,,쏠로미용실,일반미용업,4,2002-09-04,,,,,,2026-05-01 22:32:14,I,02,폐업,,2003-03-13 00:00:00,1991-06-18,24.05,138-210,서울특별시 송파구 장지동 산 178-76,N,,3230000-204-1991-00679,3230000,,,03,폐업,미용업,02-448-5938,,,,
,0,,0,신순애헤어포인트,일반미용업,4,2002-07-31,,,,,,2026-05-01 22:32:19,I,02,폐업,,2003-01-20 00:00:00,1993-08-12,27.65,138-772,서울특별시 송파구 방이동 12-8 코오롱아파트상가A동205호,N,,3230000-204-1993-01286,3230000,,,03,폐업,미용업,02-422-1356,0,0,,
3,3,,1,로즈마리,피부미용업,0,,,,,195287.696131977,444519.746461332,2026-05-01 22:32:13,I,01,영업,,2019-12-04 16:27:06,2012-05-30,75.90,156-871,서울특별시 동작구 상도1동 747-3 3층,N,,3190000-212-2012-00011,3190000,"서울특별시 동작구 상도로 274, 3층 (상도1동)",07032,01,영업/정상,피부미용업,02-823-1415,2,,2,
0,0,,0,진헤어,일반미용업,3,,,,,194416.073330086,445111.940135028,2026-05-01 22:31:55,I,01,영업,,2019-03-19 13:17:25,2012-06-19,33.00,156-806,서울특별시 동작구 노량진동 302-173,N,,3190000-211-2012-00018,3190000,서울특별시 동작구 장승배기로19길 42 (노량진동),06935,01,영업/정상,일반미용업,,1,,,
1,0,,0,데이원,메이크업업,1,2024-08-12,,,,210720.810162977,443484.220212259,2026-05-01 22:36:16,I,02,폐업,0,2024-08-12 16:24:46,2023-11-07,9.90,138-806,서울특별시 송파구 가락동 111,N,0,3230000-221-2023-00003,3230000,"서울특별시 송파구 중대로10길 5, 2층 203호 (가락동)",05829,03,폐업,"피부미용업, 화장ㆍ분장 미용업",,,,,
,0,,0,유림미용실,일반미용업,0,1995-05-26,,,,194621.625900849,444127.992689042,2026-05-01 22:30:47,I,02,폐업,,2001-09-29 00:00:00,1989-10-25,.00,156-840,서울특별시 동작구 상도동 202-254,N,,3190000-204-1989-00955,3190000,,,03,폐업,미용업,02-849-8976,0,0,0,0
0,0,,0,찰랑헤어,일반미용업,3,,,,,197470.684253207,442103.255844239,2026-05-01 22:32:06,I,01,영업,0,2021-04-12 18:09:17,2021-04-12,30.00,156-821,서울특별시 동작구 사당동 312-7,N,0,3190000-211-2021-00011,3190000,"서울특별시 동작구 사당로16길 57, 1층 (사당동)",07011,01,영업/정상,일반미용업,,1,,1,
2,0,,0,베누스Venus 에스테틱,피부미용업,2,2022-12-07,,,,209725.556146719,446039.346355569,2026-05-01 22:35:05,I,02,폐업,0,2022-12-07 11:32:32,2016-07-29,7.00,138-827,서울특별시 송파구 방이동 40 파라다이스빌잠실,N,0,3230000-212-2016-00038,3230000,"서울특별시 송파구 올림픽로 366, 3층 304호 (방이동, 파라다이스빌잠실)",05544,03,폐업,피부미용업,,,,,
,,,,명동미장,일반미용업,3,,,,,194650.705736924,445110.561250476,2026-05-01 22:31:47,I,01,영업,,2021-10-25 15:50:26,1988-10-31,23.00,156-806,서울특별시 동작구 노량진동 309-39,N,,3190000-211-1988-00007,3190000,"서울특별시 동작구 장승배기로 120, 1층 (노량진동)",06925,01,영업/정상,일반미용업,02-0816-1496,,,,
,,,,문형옥헤어,일반미용업,4,2004-02-06,,,,209944.031422201,444899.58363533,2026-05-01 22:32:24,I,02,폐업,,2003-06-13 00:00:00,2003-02-27,21.78,138-851,서울특별시 송파구 송파동 118-11,N,,3230000-204-1995-01372,3230000,,,03,폐업,미용업,02-425-4046,,,,
,,,,박 헤어샵,일반미용업,,2006-07-11,,,,210951.983622552,444504.618556392,2026-05-01 22:32:56,I,02,폐업,,2005-06-09 00:00:00,2003-04-08,.00,138-800,서울특별시 송파구 가락동 5,N,,3230000-204-2003-00124,3230000,,,03,폐업,미용업,,,,,
,,,,우리미용실,일반미용업,8,2009-12-29,,,,198147.827073803,442881.022417329,2026-05-01 22:30:59,I,02,폐업,,2005-11-01 00:00:00,1999-04-01,47.60,156-815,서울특별시 동작구 사당동 128-46,N,,3190000-204-1999-01390,3190000,,,03,폐업,미용업,,,,,
,6,임대,,신데렐라헤어샵,일반미용업,3,,,,,193790.522909976,443823.890954949,2026-05-01 22:31:51,I,01,영업,,2025-03-21 14:38:56,2003-02-25,45.00,156-846,서울특별시 동작구 상도동 299-58,N,,3190000-211-2003-00039,3190000,"서울특별시 동작구 국사봉길 74, 1층 (상도동)",07052,01,영업/정상,일반미용업,02-812-3328,1,,1,
2,0,,0,브로우래시피,메이크업업,2,,,,,206958.784771636,445321.825195742,2026-05-01 22:35:45,I,01,영업,0,2024-12-17 16:34:08,2024-12-17,42.97,138-862,서울특별시 송파구 잠실동 195-1 남미빌딩,N,0,3230000-213-2024-00076,3230000,"서울특별시 송파구 백제고분로7길 6-5, 남미빌딩 303호 (잠실동)",05561,01,영업/정상,종합미용업,,,,,
,,,,블루클럽 가락점,일반미용업,,2005-05-13,,,,210403.825298326,443562.753075246,2026-05-01 22:32:58,I,02,폐업,,2003-06-09 00:00:00,2003-06-09,.00,138-805,서울특별시 송파구 가락동 98-2,N,,3230000-204-2003-00239,3230000,,,03,폐업,미용업,02-448-1264,,,,
,,,,정혜선헤어필,일반미용업,5,,,,,210045.748264305,442930.687284628,2026-05-01 22:33:18,I,01,영업,,2014-10-02 13:48:05,2003-02-27,47.84,138-885,"서울특별시 송파구 문정동 150 올림픽훼밀리 제2동 오륜상가 지상1층 105,106호",N,,3230000-211-1991-00011,3230000,"서울특별시 송파구 중대로 24, 제2동 지상1층 105,106호 (문정동, 올림픽훼밀리 오륜상가)",05834,01,영업/정상,일반미용업,02-403-0604,,,,
1,0,,0,테크닉바이 티나스타일 속눈썹&펌 잠실,메이크업업,1,2023-11-02,,,,209773.41179469,445995.411613587,2026-05-01 22:36:13,I,02,폐업,0,2023-11-02 16:17:41,2023-08-10,7.00,138-827,서울특별시 송파구 방이동 42,N,0,3230000-219-2023-00011,3230000,"서울특별시 송파구 올림픽로34길 5-14, 웰리지 더테라스 2층 205-2호 (방이동)",05544,03,폐업,화장ㆍ분장 미용업,,,,,
,,,,머리사랑,일반미용업,,2005-09-16,,,,212036.398134535,444125.035765412,2026-05-01 22:32:58,I,02,폐업,,2005-06-08 00:00:00,2003-05-24,.00,138-860,서울특별시 송파구 오금동 164 우성상가 1층 3-1호,N,,3230000-204-2003-00221,3230000,,,03,폐업,미용업,02-408-8257,,,,
0,0,,0,더프로헤어,일반미용업,6,2017-03-06,,,,210220.248083252,443801.403399783,2026-05-01 22:34:20,I,02,폐업,0,2017-01-05 11:43:21,2017-01-05,81.00,138-804,서울특별시 송파구 가락동 95-1,N,0,3230000-211-2017-00004,3230000,"서울특별시 송파구 송파대로32길 15, 206호 (가락동)",05710,03,폐업,일반미용업,,2,,2,
,0,,0,쥬덴미용실,일반미용업,3,2003-02-26,,,,191965.84810339,442959.356413366,2026-05-01 22:30:44,I,02,폐업,,2003-02-26 00:00:00,1986-08-14,153.00,156-853,서울특별시 동작구 신대방동 604-9,N,,3190000-204-1986-00733,3190000,,,03,폐업,미용업,02-0848-9701,0,0,0,0
1,2,,0,정찬희 바디힐링,피부미용업,0,,,,,194615.850193499,445089.477247243,2026-05-01 22:32:19,I,01,영업,1,2022-02-04 09:47:28,2022-02-04,38.00,156-806,서울특별시 동작구 노량진동 309-4,N,0,3190000-212-2022-00002,3190000,"서울특별시 동작구 장승배기로 117, 201호 (노량진동)",06936,01,영업/정상,피부미용업,,,,,
,3,임대,1,헤어아트,일반미용업,3,,,,,195518.8461654,444321.422923398,2026-05-01 22:31:51,I,01,영업,,2020-11-08 12:50:34,2004-07-16,21.82,156-836,서울특별시 동작구 상도1동 395-1,N,,3190000-211-2004-00015,3190000,서울특별시 동작구 상도로37길 30 (상도1동),06970,01,영업/정상,일반미용업,02-823-8221,1,,1,
,,,,퀸즈헤어,일반미용업,,2020-12-29,,,,210165.724273185,448065.259271494,2026-05-01 22:35:31,I,02,폐업,,2020-12-29 15:38:52,2003-02-27,30.70,138-873,서울특별시 송파구 풍납동 222-70 1층,N,,3230000-213-2001-00001,3230000,"서울특별시 송파구 풍성로 27-1, 1층 (풍납동)",05523,03,폐업,종합미용업,070-8269-2717,,,,
0,0,,0,별빛헤어,일반미용업,2,,,,,193684.047832383,443970.846692422,2026-05-01 22:32:06,I,01,영업,0,2021-08-09 14:23:21,2021-08-09,30.00,156-847,서울특별시 동작구 신대방동 338-17,N,0,3190000-211-2021-00021,3190000,"서울특별시 동작구 국사봉길 30, 1층 (신대방동)",07053,01,영업/정상,일반미용업,,1,,1,
0,0,,0,룰루미용실,일반미용업,3,2017-08-16,,,,211012.665999407,443580.244765417,2026-05-01 22:34:03,I,02,폐업,,2017-08-16 18:06:11,2013-10-14,40.00,138-807,서울특별시 송파구 가락동 129,N,,3230000-211-2013-00062,3230000,"서울특별시 송파구 동남로13길 44, 지상1층 103호 (가락동)",05828,03,폐업,일반미용업,,1,,1,
,0,임대,0,프리마,피부미용업,8,2010-08-03,,,,209685.314069737,445902.332992924,2026-05-01 22:33:12,I,02,폐업,,2009-09-03 10:36:06,2009-09-02,143.00,138-827,서울특별시 송파구 방이동 38-3 4층,N,,3230000-204-2009-00073,3230000,,,03,폐업,미용업,,4,,4,
,,,,댕기타운,일반미용업,3,2003-05-02,,,,194415.3853018,444379.606365221,2026-05-01 22:30:53,I,02,폐업,,2003-05-07 00:00:00,1994-08-03,27.20,156-840,서울특별시 동작구 상도동 197-2,N,,3190000-204-1994-01423,3190000,,,03,폐업,미용업,02-0821-7717,,,,
,3,,,현지헤어,일반미용업,3,,,,,212520.975140009,443506.959254059,2026-05-01 22:33:24,I,01,영업,,2015-01-14 17:15:08,2004-01-14,26.40,138-816,서울특별시 송파구 거여동 554-6,N,,3230000-211-2004-00003,3230000,서울특별시 송파구 오금로54길 19-2 (거여동),05772,01,영업/정상,일반미용업,,1,,1,
,0,,0,미주,일반미용업,6,1997-04-18,,,,,,2026-05-01 22:32:04,I,02,폐업,,2002-09-04 00:00:00,1983-03-11,163.72,138-210,서울특별시 송파구 장지동 산 7-8,N,,3230000-204-1983-01806,3230000,,,03,폐업,미용업,,0,0,,
,0,,0,조이미용실,일반미용업,0,1996-05-30,,,,194521.531506782,445256.096980089,2026-05-01 22:30:48,I,02,폐업,,2001-09-29 00:00:00,1991-11-19,.00,156-803,서울특별시 동작구 노량진동 231-24,N,,3190000-204-1991-00634,3190000,,,03,폐업,미용업,02-813-1422,0,0,0,0
,,,,유림미용타운,일반미용업,4,2015-08-18,,,,209892.780829348,444554.242570232,2026-05-01 22:33:17,I,02,폐업,,2015-08-23 14:36:56,2003-02-27,23.04,138-850,서울특별시 송파구 송파동 106-22,N,,3230000-211-1990-00009,3230000,서울특별시 송파구 가락로 153 (송파동),05669,03,폐업,일반미용업,02-0420-2574,,,,
0,0,임대,0,이다헤어,일반미용업,3,,,,,210496.168950006,445607.523577649,2026-05-01 22:33:54,I,01,영업,,2025-08-21 16:49:17,2011-08-24,33.00,138-830,서울특별시 송파구 방이동 159-6,N,,3230000-211-2011-00008,3230000,"서울특별시 송파구 가락로 277, 1층 (방이동)",05629,01,영업/정상,일반미용업,02-417-1722,1,,1,
0,0,,0,U.희영 hair#,일반미용업,3,,,,,208648.435932928,444561.035152708,2026-05-01 22:34:31,I,01,영업,0,2020-10-14 15:07:09,2020-09-03,35.34,138-842,서울특별시 송파구 석촌동 13-13,N,0,3230000-211-2020-00025,3230000,"서울특별시 송파구 삼학사로14길 14-1, 1층 103호 (석촌동)",05613,01,영업/정상,일반미용업,,0,0,0,0
2,0,,0,모티브(MOTIVE),네일아트업,5,,,,,207296.246452135,445324.959410252,2026-05-01 22:35:45,I,01,영업,0,2024-12-17 12:12:39,2024-08-23,100.21,138-861,서울특별시 송파구 잠실동 187-3,N,0,3230000-213-2024-00051,3230000,"서울특별시 송파구 올림픽로12길 17, 5층 (잠실동)",05559,01,영업/정상,종합미용업,,,,,
,,,,희,일반미용업,3,2003-09-25,,,,208581.630194393,444593.574601893,2026-05-01 22:32:10,I,02,폐업,,2003-06-13 00:00:00,2002-02-27,20.40,138-842,서울특별시 송파구 석촌동 12-1,N,,3230000-204-1989-00986,3230000,,,03,폐업,미용업,02-0417-5762,,,,
,4,,1,민선영헤어샾,일반미용업,3,,,,,195223.084394589,445173.686051053,2026-05-01 22:31:51,I,01,영업,,2020-07-16 11:24:08,2004-04-23,22.08,156-802,서울특별시 동작구 노량진동 215-191,N,,3190000-211-2004-00010,3190000,서울특별시 동작구 만양로 54 (노량진동),06917,01,영업/정상,일반미용업,02-822-3387,1,,1,
2,0,,0,어뮤즈,메이크업업,0,,,,,209917.802399092,445997.984099895,2026-05-01 22:36:13,I,01,영업,0,2025-07-30 16:48:00,2024-06-03,41.71,138-828,서울특별시 송파구 방이동 47-2 에비뉴잠실,N,0,3230000-219-2024-00011,3230000,"서울특별시 송파구 오금로11길 47-16, 201호 (방이동, 에비뉴잠실)",05544,01,영업/정상,화장ㆍ분장 미용업,,2,,2,
,2,,0,금은주헤어,일반미용업,3,,,,,211474.833458827,441716.229439967,2026-05-01 22:33:40,I,01,영업,,2014-10-02 15:16:27,2007-12-05,32.04,138-925,서울특별시 송파구 장지동 856 송파파인타운10단지 상가2층 204호,N,,3230000-211-2007-00048,3230000,"서울특별시 송파구 송파대로8길 20 (장지동,송파파인타운10단지 상가2층 204호)",05813,01,영업/정상,일반미용업,02-400-1733,,,,
5,0,,0,힐링진,피부미용업,3,2024-10-17,,,,210334.58191272,447229.829463482,2026-05-01 22:35:01,I,02,폐업,0,2024-10-17 15:37:34,2014-10-01,15.40,138-879,서울특별시 송파구 풍납동 401-1 쌍용아파트,N,0,3230000-212-2014-00059,3230000,"서울특별시 송파구 올림픽로47길 9, 제상가동 제1층 제4호 (풍납동, 쌍용아파트)",05538,03,폐업,피부미용업,,4,,4,
,0,,0,정미영,일반미용업,0,1998-05-19,,,,,,2026-05-01 22:32:05,I,02,폐업,,2003-01-13 00:00:00,1985-04-08,27.40,138-200,서울특별시 송파구 문정동 000 문정아파트 종합상가209,N,,3230000-204-1985-01833,3230000,,,03,폐업,미용업,02-403-9311,0,0,,
0,3,,0,모이모이 헤어샵,일반미용업,11,2016-09-06,,,,193664.213108016,444152.219591072,2026-05-01 22:31:55,I,02,폐업,,2014-03-25 13:35:10,2011-08-08,121.05,156-808,서울특별시 동작구 대방동 336-12,N,,3190000-211-2011-00032,3190000,서울특별시 동작구 상도로 78 (대방동),07041,03,폐업,일반미용업,02-816-1357,2,,,
,0,,0,상일미용실,일반미용업,2,2003-02-26,,,,,,2026-05-01 22:30:41,I,02,폐업,,2003-02-26 00:00:00,1980-12-29,"1,215.00",156-834,서울특별시 동작구 상도1동 78-14,N,,3190000-204-1980-01378,3190000,,,03,폐업,미용업,02-0815-5465,0,0,0,0
0,0,,0,살롱드엘,일반미용업,2,,,,,207553.918225133,445383.338011122,2026-05-01 22:34:29,I,01,영업,0,2019-07-01 12:50:20,2019-07-01,22.50,138-915,서울특별시 송파구 잠실동 35-2 트리지움,N,0,3230000-211-2019-00054,3230000,"서울특별시 송파구 석촌호수로 61, 트리지움상가 2층 234호 (잠실동)",05555,01,영업/정상,일반미용업,,,,,
4,1,,0,제이엘뷰티,피부미용업,5,,,,,208340.659370942,444283.764274575,2026-05-01 03:03:03,U,01,영업,0,2026-04-30 09:33:38,2018-02-13,9.90,138-841,서울특별시 송파구 삼전동 176 우진빌딩,N,0,3230000-212-2018-00008,3230000,"서울특별시 송파구 백제고분로32길 17, 우진빌딩 2층 (삼전동)",05586,01,영업/정상,피부미용업,,,,,
0,0,,0,Good nail Good day(굿네일굿데이),네일아트업,7,2020-05-20,,,,212529.597827948,441939.837915418,2026-05-01 22:35:53,I,02,폐업,0,2020-05-20 12:39:38,2016-10-20,24.00,138-926,서울특별시 송파구 장지동 883,N,0,3230000-215-2016-00042,3230000,"서울특별시 송파구 위례광장로 170, A동 106호 (장지동, 위례송파힐스테이트)",05849,03,폐업,네일미용업,02-409-2406,1,,1,
,,,,이브헤어샵,일반미용업,,2005-10-31,,,,210948.304730113,443038.906640211,2026-05-01 22:32:56,I,02,폐업,,2005-11-10 00:00:00,2003-02-27,.00,138-825,서울특별시 송파구 문정동 28-23,N,,3230000-204-2003-00082,3230000,,,03,폐업,미용업,02-449-4975,,,,
0,0,임대,0,미솜,메이크업업,3,,,,,,,2026-05-01 22:35:37,I,01,영업,0,2020-01-31 14:14:23,2020-01-31,20.00,138-888,서울특별시 송파구 문정동 651-4 화엄타워,N,0,3230000-213-2020-00006,3230000,"서울특별시 송파구 법원로8길 7, 화엄타워 3층 302호 (문정동)",05855,01,영업/정상,종합미용업,,3,,3,
3,0,,0,김명진에스테틱,피부미용업,0,2013-11-29,,,,210749.224970991,445161.258714865,2026-05-01 22:34:41,I,02,폐업,,2010-01-28 16:28:07,2010-01-28,33.00,138-835,서울특별시 송파구 방이동 212-8 코오롱아)상가 A동 205호,N,,3230000-212-2010-00011,3230000,"서울특별시 송파구 오금로31길 27, A동 205호 (방이동,코오롱아)상가)",05646,03,폐업,피부미용업,02-413-5550,,,,
0,0,,0,헤어 스트릿,일반미용업,4,,,,,,,2026-05-01 22:36:21,I,01,영업,0,2023-04-11 12:16:04,2023-04-11,.00,138-888,서울특별시 송파구 문정동 652-5 문정아이파크,N,0,3230000-225-2023-00008,3230000,"서울특별시 송파구 법원로4길 6, 문정아이파크 1층 136호 (문정동)",05855,01,영업/정상,"일반미용업, 네일미용업, 화장ㆍ분장 미용업",,,,,
,,,,백운미용실,일반미용업,3,2014-11-14,,,,195609.62922841,444182.607227552,2026-05-01 22:31:43,I,02,폐업,,2011-08-18 10:40:17,1968-11-29,27.00,156-031,서울특별시 동작구 상도1동 267-1,N,,3190000-211-1968-00001,3190000,서울특별시 동작구 상도로37길 46 (상도1동),06970,03,폐업,일반미용업,02-0814-1253,,,,
4,5,,0,예지 피부미용 학술원,피부미용업,0,2014-01-27,,,,198234.761506186,442633.156688147,2026-05-01 22:32:23,I,02,폐업,,2012-10-08 09:54:24,2011-05-23,66.00,156-816,서울특별시 동작구 사당동 145-14,N,,3190000-213-2011-00022,3190000,서울특별시 동작구 동작대로25길 25 (사당동),07008,03,폐업,종합미용업,02-588-9641,2,,,
,3,임대,,연미용실,일반미용업,3,2007-03-21,,,,210144.840251427,444219.134434477,2026-05-01 22:33:08,I,02,폐업,,2006-06-01 00:00:00,2006-06-01,22.00,138-854,서울특별시 송파구 송파동 182-8,N,,3230000-204-2006-00059,3230000,,,03,폐업,미용업,,1,,,
0,0,,0,블루클럽,일반미용업,3,2021-12-01,,,,207373.50021477,445545.656024061,2026-05-01 22:35:39,I,02,폐업,0,2021-12-01 14:11:53,2021-09-15,69.00,138-908,서울특별시 송파구 잠실동 19-9 잠실파인애플상가,N,0,3230000-213-2021-00043,3230000,"서울특별시 송파구 올림픽로 119, 잠실파인애플상가 지하1층 06호 (잠실동)",05501,03,폐업,종합미용업,,,,,
,,,,란,일반미용업,3,2013-12-31,,,,210263.547478862,445562.826943047,2026-05-01 22:32:16,I,02,폐업,,2014-07-24 15:55:17,2003-02-27,15.05,138-832,서울특별시 송파구 방이동 143,N,,3230000-204-1991-01001,3230000,서울특별시 송파구 가락로39길 21 (방이동),05633,03,폐업,미용업,02-412-2129,,,,
0,1,,0,오늘의 살롱,일반미용업,3,,,,,211162.007627093,442033.492856368,2026-05-01 22:34:28,I,01,영업,0,2024-11-15 12:07:50,2019-03-04,33.00,138-200,서울특별시 송파구 문정동 76-2,N,1,3230000-211-2019-00016,3230000,"서울특별시 송파구 새말로8길 25, 1층 101호 (문정동)",05810,01,영업/정상,일반미용업,,,,,
0,0,임대,0,서희에스테틱,피부미용업,4,2015-12-28,,,,211286.21681485,443423.838214327,2026-05-01 22:34:42,I,02,폐업,,2014-07-23 16:15:06,2010-03-24,82.50,138-807,서울특별시 송파구 가락동 137-1 3층,N,,3230000-212-2010-00025,3230000,"서울특별시 송파구 동남로 165 (가락동,3층)",05826,03,폐업,피부미용업,02-400-2588,3,,3,
0,0,,0,시원브로우,피부미용업,1,2022-10-17,,,,194179.727949512,443933.885764863,2026-05-01 22:32:19,I,02,폐업,0,2022-10-17 17:26:24,2022-02-21,6.93,156-843,서울특별시 동작구 상도동 261-35,N,0,3190000-212-2022-00004,3190000,서울특별시 동작구 성대로 80 (상도동),07045,03,폐업,피부미용업,,,,,
,22,자가,4,보라매헤어샾,일반미용업,3,2006-05-25,,,,193311.831569946,443352.67250352,2026-05-01 22:31:26,I,02,폐업,,2004-12-03 00:00:00,2003-09-17,23.84,156-855,"서울특별시 동작구 신대방동 706 보라매우성상가 121, 122호",N,,3190000-204-2003-00088,3190000,,,03,폐업,미용업,02-835-2636,1,,1,
,,,,서연 머리방,일반미용업,,2003-12-17,,,,191964.072033492,443035.385825483,2026-05-01 22:31:04,I,02,폐업,,2003-09-28 00:00:00,2000-02-01,.00,156-853,서울특별시 동작구 신대방동 601-26,N,,3190000-204-2000-01496,3190000,,,03,폐업,미용업,,,,,
2,0,자가,0,나레스트 피부샾 송파가든파이브점,피부미용업,2,2019-12-31,,,,210986.460698452,441725.293491662,2026-05-01 22:34:44,I,02,폐업,,2019-12-31 11:25:28,2010-12-31,22.73,138-960,서울특별시 송파구 문정동 516 가든파이브라이프 F8017,N,,3230000-212-2010-00093,3230000,"서울특별시 송파구 충민로 66 (문정동, 가든파이브라이프F8017)",05838,03,폐업,피부미용업,02-2157-8017,8,,8,
0,0,,0,헤이로 잠실롯데월드점,일반미용업,0,,,,,208589.363343145,445455.90405262,2026-05-01 22:35:47,I,01,영업,0,2025-10-29 15:06:12,2025-08-21,196.62,138-721,서울특별시 송파구 잠실동 40-1 롯데월드,N,0,3230000-213-2025-00049,3230000,"서울특별시 송파구 올림픽로 240, 롯데월드 어드벤처동 지하3층 아이스가든 IG-B3F-09호 (잠실동)",05554,01,영업/정상,종합미용업,,,,,
,2,,,김동옥헤어클럽,일반미용업,5,2006-07-07,,,,207395.840158434,444663.985642443,2026-05-01 22:33:02,I,02,폐업,,2005-06-09 00:00:00,2004-05-21,40.00,138-866,서울특별시 송파구 잠실동 316-15,N,,3230000-204-2004-00061,3230000,,,03,폐업,미용업,,1,,1,
,0,,0,S 헤어 #,일반미용업,4,2014-01-22,,,,208180.274457128,444720.120286369,2026-05-01 22:33:12,I,02,폐업,,2009-06-25 09:57:54,2009-06-19,26.40,138-840,서울특별시 송파구 삼전동 105-12 1층,N,,3230000-204-2009-00059,3230000,"서울특별시 송파구 백제고분로27길 18 (삼전동,1층)",05604,03,폐업,미용업,,1,,1,
2,0,,0,유채연 피부&헤나염색,피부미용업,2,2015-08-31,,,,207428.513333456,445085.582101046,2026-05-01 22:34:53,I,02,폐업,,2015-07-15 10:31:05,2013-10-02,35.33,138-863,서울특별시 송파구 잠실동 212-44 101호,N,,3230000-212-2013-00021,3230000,"서울특별시 송파구 삼전로13길 50-1, 101호 (잠실동)",05564,03,폐업,피부미용업,,1,,1,
0,0,,0,"원,하다 헤어(hair)",일반미용업,6,,,,,198067.167154201,442500.530552296,2026-05-01 22:32:06,I,01,영업,2,2021-07-21 14:43:36,2021-07-21,81.65,156-817,서울특별시 동작구 사당동 150-9,N,0,3190000-211-2021-00018,3190000,"서울특별시 동작구 사당로29길 1, 2층 (사당동)",07006,01,영업/정상,일반미용업,,2,,2,
0,0,,0,최가을 헤어 드레서,일반미용업,9,2018-07-19,,,,207859.413756915,444604.373646971,2026-05-01 22:34:21,I,02,폐업,0,2018-07-19 15:04:52,2017-04-12,149.33,138-838,서울특별시 송파구 삼전동 48-12,N,0,3230000-211-2017-00035,3230000,"서울특별시 송파구 백제고분로 208, 2층 (삼전동)",05582,03,폐업,일반미용업,02-422-7876,2,,2,
,0,,0,보라미용실,일반미용업,0,1995-06-26,,,,194984.392039194,443851.698848548,2026-05-01 22:30:40,I,02,폐업,,2001-09-29 00:00:00,1979-02-07,.00,156-842,서울특별시 동작구 상도동 214-291,N,,3190000-204-1979-00763,3190000,,,03,폐업,미용업,02-842-7419,0,0,0,0
0,0,,0,오블리크 네일,네일아트업,13,,,,,209987.058647913,447553.520433224,2026-05-01 22:35:54,I,01,영업,0,2018-03-12 16:25:06,2017-12-11,32.73,138-874,서울특별시 송파구 풍납동 257-94 102호,N,0,3230000-215-2017-00034,3230000,"서울특별시 송파구 토성로 32, 102호 (풍납동)",05536,01,영업/정상,네일미용업,,1,,1,
,10,,3,블루클럽 가락점,일반미용업,4,2007-09-10,,,,210403.825298326,443562.753075246,2026-05-01 22:33:04,I,02,폐업,,2005-07-14 00:00:00,2005-05-18,26.40,138-805,서울특별시 송파구 가락동 98-2,N,,3230000-204-2005-00052,3230000,,,03,폐업,미용업,02-448-1264,1,,1,
0,0,,0,살롱해옴,일반미용업,2,,,,,210654.50616628,442070.575741668,2026-05-01 22:34:35,I,01,영업,0,2024-10-16 09:53:25,2024-06-21,26.04,138-888,서울특별시 송파구 문정동 620 송파 푸르지오시티,N,0,3230000-211-2024-00016,3230000,"서울특별시 송파구 새말로 62, 송파 푸르지오시티 상가동 1층 103-1호 (문정동)",05841,01,영업/정상,일반미용업,,,,,
,,,,한강미용실,일반미용업,3,,,,,196587.030630143,444939.455414947,2026-05-01 22:31:48,I,01,영업,,2022-10-21 15:10:56,1991-06-18,14.52,156-070,서울특별시 동작구 흑석동 332 이랜드해가든,N,,3190000-211-1991-00010,3190000,"서울특별시 동작구 서달로 150, 128호 (흑석동, 이랜드해가든)",06980,01,영업/정상,일반미용업,02-0825-6134,,,,
,,,,헤어팜팜,일반미용업,4,2003-02-26,,,,,,2026-05-01 22:32:04,I,02,폐업,,2003-03-12 00:00:00,1984-03-28,32.24,138-210,서울특별시 송파구 장지동 산 22-8,N,,3230000-204-1984-00748,3230000,,,03,폐업,미용업,02-0422-9119,,,,
2,0,,0,힐렌,피부미용업,2,,,,,211021.346394385,442853.966726456,2026-05-01 22:36:16,I,01,영업,0,2024-07-25 11:45:43,2024-07-25,20.13,138-825,서울특별시 송파구 문정동 33-19,N,0,3230000-221-2024-00003,3230000,"서울특별시 송파구 동남로6길 29, 1층 101호 (문정동)",05803,01,영업/정상,"피부미용업, 화장ㆍ분장 미용업",,,,,
1,0,,0,어반헤어,일반미용업,4,,,,,207662.075903479,444950.047087984,2026-05-01 22:35:48,I,01,영업,0,2025-10-30 13:49:14,2025-10-30,33.00,138-864,서울특별시 송파구 잠실동 245-9,N,0,3230000-213-2025-00075,3230000,"서울특별시 송파구 삼전로9길 20, 1층 101호 (잠실동)",05566,01,영업/정상,종합미용업,,1,,,
0,0,,0,봄헤어샵,일반미용업,3,,,,,211422.549311765,444898.774856966,2026-05-01 22:34:03,I,01,영업,,2020-05-18 10:41:42,2013-10-31,25.15,138-855,서울특별시 송파구 오금동 37-9 지상1층 101호,N,,3230000-211-2013-00064,3230000,"서울특별시 송파구 중대로33길 15, 지상1층 101호 (오금동)",05660,01,영업/정상,일반미용업,02-407-8078,1,,1,
0,0,,0,라비쌍뜨 헤어 송파점,일반미용업,8,2019-02-01,,,,209611.731873484,444557.635797077,2026-05-01 22:34:26,I,02,폐업,0,2019-02-01 13:27:26,2018-08-09,64.20,138-850,서울특별시 송파구 송파동 89-9,N,0,3230000-211-2018-00053,3230000,"서울특별시 송파구 송파대로 400, 1층 (송파동)",05667,03,폐업,일반미용업,,1,,1,
0,0,,0,봄,일반미용업,2,,,,,197765.603369597,442240.690173414,2026-05-01 22:32:04,I,01,영업,0,2020-06-16 16:28:33,2018-11-08,17.00,156-823,서울특별시 동작구 사당동 321-108,N,0,3190000-211-2018-00049,3190000,"서울특별시 동작구 사당로20길 18, 1층 우측호 (사당동)",07011,01,영업/정상,일반미용업,02-525-1006,2,,,
2,3,,0,커스텀 아카데미,메이크업업,3,,,,,208512.83514313,444266.739783037,2026-05-01 22:35:47,I,01,영업,0,2025-03-13 09:43:31,2025-03-13,60.00,138-845,서울특별시 송파구 석촌동 213-6 성진빌딩,N,0,3230000-213-2025-00014,3230000,"서울특별시 송파구 삼학사로 38, 성진빌딩 3층 301호 (석촌동)",05679,01,영업/정상,종합미용업,,,,,
0,2,임대,0,ZS 헤어살롱,일반미용업,12,2018-10-12,,,,207135.25,445476.02,2026-05-01 22:33:49,I,02,폐업,,2018-10-12 14:46:14,2009-04-13,185.74,138-861,서울특별시 송파구 잠실동 181-2 2층,N,,3230000-211-2009-00049,3230000,"서울특별시 송파구 올림픽로 98 (잠실동,2층)",05557,03,폐업,일반미용업,02-2203-6788,0,0,0,0
2,0,,0,White Rose(화이트 로제),일반미용업,7,2024-05-01,,,,209879.174643529,446088.51074896,2026-05-01 22:35:33,I,02,폐업,0,2024-05-01 13:35:13,2014-10-06,93.34,138-827,서울특별시 송파구 방이동 44-1,N,0,3230000-213-2014-00010,3230000,"서울특별시 송파구 백제고분로51길 30, 3층 (방이동)",05544,03,폐업,종합미용업,02-412-1932,4,0,4,0
,24,,5,최희정헤어스타,일반미용업,4,2009-08-14,,,,191691.678396263,442818.113681285,2026-05-01 22:31:38,I,02,폐업,,2006-10-20 00:00:00,2006-09-22,36.52,156-759,서울특별시 동작구 신대방동 719 동작상떼빌 105동 204호,N,,3190000-204-2006-00040,3190000,,,03,폐업,미용업,,2,,2,
0,0,,0,더 이알 The er hair shop creativo,일반미용업,3,,,,,207553.918225133,445383.338011122,2026-05-01 22:35:45,I,01,영업,0,2024-08-06 15:06:26,2024-08-06,36.10,138-915,서울특별시 송파구 잠실동 35-2 트리지움,N,0,3230000-213-2024-00044,3230000,"서울특별시 송파구 석촌호수로 61, 트리지움 1층 157호 (잠실동)",05555,01,영업/정상,종합미용업,,,,,
,0,,0,코코,일반미용업,2,2000-03-27,,,,194188.24115353,445342.41836066,2026-05-01 22:30:41,I,02,폐업,,2000-03-27 00:00:00,1980-06-27,13.38,156-805,서울특별시 동작구 노량진동 294-246,N,,3190000-204-1980-00843,3190000,,,03,폐업,미용업,02-824-7794,0,0,0,0
3,0,,0,제이유 뷰티,메이크업업,3,,,,,209991.067524339,445068.208299557,2026-05-01 22:36:16,I,01,영업,0,2022-05-11 16:45:03,2022-05-11,39.67,138-852,서울특별시 송파구 송파동 138-5,N,0,3230000-221-2022-00001,3230000,"서울특별시 송파구 백제고분로46길 25, 2층 202호 (송파동)",05663,01,영업/정상,"피부미용업, 화장ㆍ분장 미용업",,,,,
,,,,율리아나헤어포인트,일반미용업,4,,,,,206726.499021996,445188.639267934,2026-05-01 22:33:18,I,01,영업,,2025-09-23 16:35:36,2003-02-27,24.00,138-797,서울특별시 송파구 잠실동 85 아시아선수촌아파트,N,,3230000-211-1993-00005,3230000,"서울특별시 송파구 올림픽로4길 17, 아시아선수촌아파트 중심상가 2동 250호 (잠실동)",05572,01,영업/정상,일반미용업,02-417-2199,,,,
,0,,0,양주연헤어파트너,일반미용업,0,1998-01-10,,,,,,2026-05-01 22:30:51,I,02,폐업,,2001-09-29 00:00:00,1993-11-20,.00,156-090,서울특별시 동작구 사당동 산 217-2,N,,3190000-204-1993-00530,3190000,,,03,폐업,미용업,02-584-7252,0,0,0,0
0,0,임대,0,살롱59,일반미용업,3,,,,,211298.029252726,443431.518778366,2026-05-01 22:35:39,I,01,영업,0,2021-08-30 11:15:40,2021-08-30,27.47,138-807,서울특별시 송파구 가락동 137 태신빌딩,N,0,3230000-213-2021-00037,3230000,"서울특별시 송파구 동남로 167, 태신빌딩 1층 101호 (가락동)",05826,01,영업/정상,종합미용업,,1,,1,
0,0,,0,더컬러앤헤어,일반미용업,3,2019-02-07,,,,195802.816013121,443907.359154007,2026-05-01 22:31:58,I,02,폐업,0,2019-02-07 15:08:11,2016-04-26,27.00,156-030,서울특별시 동작구 상도동 486-8,N,0,3190000-211-2016-00019,3190000,"서울특별시 동작구 상도로37길 80, 1층 (상도동)",06977,03,폐업,일반미용업,,1,,,
,,,,샤론미용실,일반미용업,3,2025-10-29,,,,211877.221130743,443589.600444358,2026-05-01 22:33:16,I,02,폐업,,2025-10-29 16:06:38,2003-02-27,28.00,138-812,서울특별시 송파구 가락동 186-9 지상1층,N,,3230000-211-1987-00007,3230000,"서울특별시 송파구 문정로13길 15, 지상1층 (가락동)",05782,03,폐업,일반미용업,02-406-5513,,,,
,0,임대,0,뷰티벨,피부미용업,5,2015-07-24,,,,210297.309147953,445205.520233388,2026-05-01 22:34:41,I,02,폐업,,2014-09-30 15:57:06,2009-05-25,79.75,138-830,서울특별시 송파구 방이동 124-25 지상4층 401호,N,,3230000-212-2009-00063,3230000,"서울특별시 송파구 가락로 231 (방이동,지상4층 401호)",05643,03,폐업,피부미용업,02-2202-5525,4,,4,
0,0,,0,아라,일반미용업,0,2015-09-22,,,,209577.269062015,445441.584929364,2026-05-01 22:33:49,I,02,폐업,,2015-09-23 16:35:48,2009-11-26,66.00,138-849,서울특별시 송파구 송파동 58-8 2층,N,,3230000-211-2009-00036,3230000,"서울특별시 송파구 오금로16길 4 (송파동,2층)",05618,03,폐업,일반미용업,070-8871-1366,,,,
,0,,0,지훈헤어카락,일반미용업,0,2002-04-23,,,,195173.416930025,445112.842985141,2026-05-01 22:31:15,I,02,폐업,,2002-04-23 00:00:00,2002-03-28,33.00,156-813,서울특별시 동작구 노량진동 325-4 신동아(아)상가 B-303호,N,,3190000-204-2002-00007,3190000,,,03,폐업,미용업,,0,0,0,0
3,0,,0,소울헤어,일반미용업,10,,,,,209227.814781101,444285.071773283,2026-05-01 22:34:35,I,01,영업,0,2024-04-29 12:02:18,2024-04-29,132.24,138-846,서울특별시 송파구 석촌동 272-6,N,0,3230000-211-2024-00007,3230000,"서울특별시 송파구 가락로 79, 2층 201호 (석촌동)",05688,01,영업/정상,일반미용업,,0,0,0,0
,0,,0,백제,일반미용업,3,1991-04-04,,,,,,2026-05-01 22:32:07,I,02,폐업,,2002-09-04 00:00:00,1987-11-28,15.18,138-210,서울특별시 송파구 장지동 산 476-15,N,,3230000-204-1987-01483,3230000,,,03,폐업,미용업,02-0483-6691,0,0,,
1,0,,0,차오름 브로우,메이크업업,1,,,,,210920.010332441,445542.467401629,2026-05-01 22:36:13,I,01,영업,0,2024-05-24 11:23:24,2024-05-24,27.23,138-834,서울특별시 송파구 방이동 193-1,N,0,3230000-219-2024-00006,3230000,"서울특별시 송파구 양재대로71길 28-35, 1층 101호 (방이동)",05637,01,영업/정상,화장ㆍ분장 미용업,,,,,
6,0,,0,수앤샾,피부미용업,0,2014-10-31,,,,210438.793358537,444015.265458927,2026-05-01 22:34:46,I,02,폐업,,2011-08-12 15:33:36,2011-08-12,80.00,138-802,서울특별시 송파구 가락동 70-14 대원빌딩 202호,N,,3230000-212-2011-00043,3230000,"서울특별시 송파구 양재대로62길 17 (가락동,대원빌딩 202호)",05707,03,폐업,피부미용업,02-431-8688,,,,
1,0,,0,예슬브로우,메이크업업,1,,,,,211703.993309801,442854.422558018,2026-05-01 22:36:11,I,01,영업,0,2021-12-27 12:34:42,2021-12-10,8.74,138-200,서울특별시 송파구 문정동 118-19 포레스트,N,0,3230000-219-2021-00010,3230000,"서울특별시 송파구 송이로33길 8, 1층 101호 (문정동, 포레스트)",05798,01,영업/정상,화장ㆍ분장 미용업,,,,,
0,0,,0,헤어 그곳,일반미용업,3,,,,,212493.912261495,443538.76786754,2026-05-01 22:35:42,I,01,영업,0,2023-01-31 14:38:34,2023-01-31,25.00,138-816,서울특별시 송파구 거여동 554-3 이화빌딩,N,0,3230000-213-2023-00004,3230000,"서울특별시 송파구 오금로 478, 이화빌딩 1층 105호 (거여동)",05772,01,영업/정상,종합미용업,,,,,
,0,,0,아프로디테,일반미용업,10,2002-03-26,,,,,,2026-05-01 22:32:36,I,02,폐업,,2002-04-01 00:00:00,1997-02-05,110.59,138-210,서울특별시 송파구 장지동 산 83-6,N,,3230000-204-1997-01227,3230000,,,03,폐업,미용업,02-402-5939,0,0,,
,2,임대,1,미스터 헤어컷,일반미용업,4,,,,,193931.138252733,444165.548483223,2026-05-01 22:31:50,I,01,영업,,2013-10-08 10:32:03,2003-06-16,24.21,156-030,서울특별시 동작구 상도동 316-5,N,,3190000-211-2003-00006,3190000,서울특별시 동작구 성대로2길 3 (상도동),07042,01,영업/정상,일반미용업,02-817-6282,1,,1,
,4,자가,2,김지은 미용실,일반미용업,3,2008-07-04,,,,209393.076054654,446147.977949052,2026-05-01 22:33:07,I,02,폐업,,2006-07-20 00:00:00,2006-02-01,16.26,138-240,서울특별시 송파구 신천동 17-6 1층  11-1-2호,N,,3230000-204-2006-00012,3230000,,,03,폐업,미용업,02-422-0346,1,,1,
0,0,,0,린다살롱,일반미용업,5,2024-09-19,,,,193432.106226813,444157.120934346,2026-05-01 22:31:59,I,02,폐업,0,2024-09-19 10:48:50,2017-05-23,97.44,156-811,서울특별시 동작구 대방동 404-1,N,0,3190000-211-2017-00024,3190000,"서울특별시 동작구 상도로 56, 2층 (대방동)",07055,03,폐업,일반미용업,02-812-5353,2,,,
,,,,밍크,일반미용업,,2006-03-30,,,,209535.293856198,444388.263142818,2026-05-01 22:32:55,I,02,폐업,,2005-06-09 00:00:00,2002-02-27,.00,138-847,서울특별시 송파구 석촌동 295-10,N,,3230000-204-2003-00059,3230000,,,03,폐업,미용업,02-414-1533,,,,
,0,,0,최미용타운,일반미용업,2,2000-03-13,,,,,,2026-05-01 22:32:04,I,02,폐업,,2000-03-13 00:00:00,1983-10-20,12.19,138-210,서울특별시 송파구 장지동 산 242-11,N,,3230000-204-1983-01788,3230000,,,03,폐업,미용업,02-0414-2411,0,0,,
,,,,아가페,일반미용업,2,2007-06-05,,,,198181.641541468,443119.328133155,2026-05-01 22:30:41,I,02,폐업,,2004-12-01 00:00:00,1980-05-27,13.60,156-814,서울특별시 동작구 사당동 64-250,N,,3190000-204-1980-00935,3190000,,,03,폐업,미용업,02-0532-7265,,,,
2,0,임대,0,뷰티바이즌(beauty by zeun),네일아트업,5,,,,,209412.197809542,443928.783342251,2026-05-01 22:36:17,I,01,영업,0,2019-10-22 17:23:45,2019-10-22,25.20,138-883,서울특별시 송파구 가락동 479 헬리오시티,N,0,3230000-222-2019-00008,3230000,"서울특별시 송파구 송파대로 345, 001B동 2층 2074호 (가락동, 헬리오시티)",05698,01,영업/정상,"네일미용업, 화장ㆍ분장 미용업",,,,,
,0,,0,화이트미용실,일반미용업,0,2003-02-26,,,,,,2026-05-01 22:30:48,I,02,폐업,,2003-02-26 00:00:00,1990-12-15,.00,156-861,서울특별시 동작구 흑석동 231-49,N,,3190000-204-1990-00901,3190000,,,03,폐업,미용업,02-0812-5669,0,0,0,0
0,7,,1,헤어 더 희수,일반미용업,3,2014-03-27,,,,197486.50162645,442493.781452129,2026-05-01 22:31:56,I,02,폐업,,2012-03-30 13:27:55,2012-03-30,39.68,156-819,서울특별시 동작구 사당동 252-17 서림빌당 114호,N,,3190000-211-2012-00050,3190000,"서울특별시 동작구 사당로 215, 1층 114호 (사당동, 서림빌딩)",07004,03,폐업,일반미용업,,1,,1,
0,0,,0,더 예쁜머리,일반미용업,5,2018-12-10,,,,209304.419519001,445186.371092446,2026-05-01 22:34:21,I,02,폐업,0,2018-12-10 16:31:30,2017-04-10,75.00,138-848,서울특별시 송파구 송파동 9-10,N,0,3230000-211-2017-00034,3230000,"서울특별시 송파구 백제고분로41길 37, 1층 (송파동)",05624,03,폐업,일반미용업,02-415-5852,1,,1,
0,0,,0,리헤어,일반미용업,3,,,,,209221.599996683,444980.881998025,2026-05-01 22:34:02,I,01,영업,,2018-09-28 14:11:33,2013-03-25,40.00,138-844,서울특별시 송파구 석촌동 184-6,N,,3230000-211-2013-00028,3230000,"서울특별시 송파구 송파대로 455, 3층 (석촌동)",05609,01,영업/정상,일반미용업,02-335-3466,1,,1,
0,0,임대,0,박승철헤어스튜디오,일반미용업,9,2012-02-27,,,,211802.518980374,443982.241438404,2026-05-01 22:33:14,I,02,폐업,,2011-03-09 10:47:17,2011-03-09,158.00,138-810,서울특별시 송파구 가락동 166-2 SK허브파크 206호,N,,3230000-204-2011-00030,3230000,,,03,폐업,미용업,,2,,2,
0,0,,0,리본헤어(reborn hair),일반미용업,2,,,,,210447.026500317,445265.412562843,2026-05-01 22:34:35,I,01,영업,0,2025-10-13 11:29:19,2024-12-02,26.44,138-831,서울특별시 송파구 방이동 129-3,N,0,3230000-211-2024-00035,3230000,"서울특별시 송파구 가락로36길 10, 102호 (방이동)",05644,01,영업/정상,일반미용업,,,,,
0,0,,0,리네일,네일아트업,2,,,,,209412.197809542,443928.783342251,2026-05-01 22:35:56,I,01,영업,0,2021-02-08 16:35:23,2021-02-08,21.36,138-160,서울특별시 송파구 가락동 913 헬리오시티,N,0,3230000-215-2021-00005,3230000,"서울특별시 송파구 송파대로 345, 1블록A동 B1층 61호 (가락동, 헬리오시티)",05698,01,영업/정상,네일미용업,,,,,
0,0,,0,여름엔 컷 겨울엔 펌,일반미용업,2,2025-08-13,,,,207174.107577796,445012.960957837,2026-05-01 22:34:30,I,02,폐업,0,2025-08-13 12:13:12,2019-12-19,30.00,138-863,서울특별시 송파구 잠실동 225-1,N,0,3230000-211-2019-00070,3230000,"서울특별시 송파구 백제고분로13길 7, 103호 (잠실동)",05569,03,폐업,일반미용업,,,,,
,1,,0,황지선 미용실,일반미용업,3,2008-05-22,,,,212731.847416877,444363.020402651,2026-05-01 22:33:10,I,02,폐업,,2007-10-10 09:58:02,2007-10-10,26.40,138-817,서울특별시 송파구 마천동 13-7,N,,3230000-204-2007-00086,3230000,,,03,폐업,미용업,,,,,
,0,,0,뉴헤어센스,일반미용업,0,2001-05-03,,,,,,2026-05-01 22:32:52,I,02,폐업,,2001-05-04 00:00:00,2000-12-01,.00,138-210,서울특별시 송파구 장지동 산 401-1 쌍용아파트상가103호,N,,3230000-204-2000-02355,3230000,,,03,폐업,미용업,02-488-6724,0,0,,
,,,,이쁜머리방,일반미용업,3,2014-10-02,,,,210809.447206499,445495.644955961,2026-05-01 22:33:17,I,02,폐업,,2013-06-20 13:24:47,2003-02-27,18.58,138-834,서울특별시 송파구 방이동 193-32 지상1층,N,,3230000-211-1989-00001,3230000,"서울특별시 송파구 양재대로71길 38, 지상1층 (방이동)",05637,03,폐업,일반미용업,02-414-5516,,,,
0,0,,0,아리따움방이시장,피부미용업,0,2015-04-01,,,,210182.734939902,445394.039901695,2026-05-01 22:34:42,I,02,폐업,,2010-04-09 17:17:36,2010-04-09,15.00,138-830,서울특별시 송파구 방이동 119-21,N,,3230000-212-2010-00032,3230000,서울특별시 송파구 백제고분로48길 26-1 (방이동),05642,03,폐업,피부미용업,02-414-8988,,,,
,0,,0,건영미용타운,일반미용업,4,1996-04-26,,,,,,2026-05-01 22:32:17,I,02,폐업,,2002-09-04 00:00:00,1992-04-21,23.48,138-210,서울특별시 송파구 장지동 산 77-2,N,,3230000-204-1992-00747,3230000,,,03,폐업,미용업,,0,0,,
0,0,,0,네일드블룸,네일아트업,4,,,,,211144.928718657,442158.289969603,2026-05-01 22:35:57,I,01,영업,0,2022-04-07 16:04:01,2022-04-07,22.40,138-200,서울특별시 송파구 문정동 77-5,N,0,3230000-215-2022-00012,3230000,"서울특별시 송파구 새말로8길 13, 1층 102호 (문정동)",05810,01,영업/정상,네일미용업,,,,,
0,0,,0,순헤어보그,일반미용업,3,2013-06-03,,,,193827.324860123,443776.360741299,2026-05-01 22:32:23,I,02,폐업,,2011-05-30 09:42:11,2011-05-30,30.38,156-846,서울특별시 동작구 상도동 299-72,N,,3190000-213-2011-00024,3190000,서울특별시 동작구 국사봉길 86 (상도동),07052,03,폐업,종합미용업,02-814-2234,1,,,
1,0,,0,속눈썹&네일,메이크업업,2,,,,,209663.792470281,444768.479053968,2026-05-01 22:36:22,I,01,영업,0,2025-05-09 12:03:14,2025-05-09,27.00,138-850,서울특별시 송파구 송파동 88,N,0,3230000-225-2025-00005,3230000,"서울특별시 송파구 백제고분로42길 16, 1층 (송파동)",05667,01,영업/정상,"일반미용업, 네일미용업, 화장ㆍ분장 미용업",,,,,
0,0,,0,아이덴 메이크업헤어(IDEN Makeup Hair),일반미용업,9,,,,,207258.996055878,445350.664459326,2026-05-01 22:36:15,I,01,영업,0,2022-07-01 14:05:16,2022-07-01,99.00,138-861,서울특별시 송파구 잠실동 188-7,N,0,3230000-220-2022-00002,3230000,"서울특별시 송파구 올림픽로12길 14, 2층 (잠실동)",05560,01,영업/정상,"일반미용업, 화장ㆍ분장 미용업",,,,,
,0,,0,피네,일반미용업,2,1990-12-11,,,,,,2026-05-01 22:32:04,I,02,폐업,,2002-09-04 00:00:00,1984-01-09,.00,138-210,서울특별시 송파구 장지동 산 264-2,N,,3230000-204-1984-01724,3230000,,,03,폐업,미용업,02-0484-2437,0,0,,
,0,,0,하나헤어숍,일반미용업,4,1999-10-20,,,,212775.796583888,443563.976192796,2026-05-01 22:32:40,I,02,폐업,,2003-01-23 00:00:00,1998-10-14,36.59,138-814,서울특별시 송파구 거여동 42-3 지상1층,N,,3230000-204-1998-00615,3230000,,,03,폐업,미용업,02-407-3265,0,0,,
,1,,,나이스가이,일반미용업,3,2005-01-27,,,,210423.60497199,444729.592842278,2026-05-01 22:33:03,I,02,폐업,,2005-04-07 00:00:00,2004-10-08,33.00,138-853,서울특별시 송파구 송파동 162 삼성래미안(아)101동 상가107호,N,,3230000-204-2004-00126,3230000,,,03,폐업,미용업,,1,,,
0,0,,0,비앤비네일,네일아트업,0,,,,,191691.678396263,442818.113681285,2026-05-01 22:31:56,I,01,영업,,2021-08-04 14:48:51,2013-05-21,15.39,156-010,서울특별시 동작구 신대방동 719 동작상떼빌 105-122호,N,,3190000-211-2013-00010,3190000,"서울특별시 동작구 신대방1가길 38 (신대방동, 동작상떼빌 105-122호)",07072,01,영업/정상,일반미용업,,,,,
,0,,0,가락,일반미용업,3,1995-05-12,,,,,,2026-05-01 22:32:07,I,02,폐업,,2002-09-04 00:00:00,1987-08-22,14.96,138-210,서울특별시 송파구 장지동 산 256-5,N,,3230000-204-1987-01502,3230000,,,03,폐업,미용업,02-423-0210,0,0,,
,0,,0,샤론미용실,일반미용업,0,2001-04-27,,,,210878.872974848,445465.514723618,2026-05-01 22:32:52,I,02,폐업,,2003-01-27 00:00:00,2001-03-26,.00,138-834,서울특별시 송파구 방이동 193-16,N,,3230000-204-2001-02369,3230000,,,03,폐업,미용업,02-2203-2649,0,0,,
,,,,다모아미용실,일반미용업,,,,,,207796.38695485,444539.600122977,2026-05-01 22:33:21,I,01,영업,,2025-11-27 10:02:31,2002-02-27,33.48,138-837,서울특별시 송파구 삼전동 30-1,N,,3230000-211-2003-00021,3230000,"서울특별시 송파구 백제고분로22길 10, 1층 103호 (삼전동)",05581,01,영업/정상,일반미용업,02-415-3507,,,,
0,0,,0,선영뷰티헤어,일반미용업,4,2016-03-14,,,,209490.167721568,445352.630331812,2026-05-01 22:33:59,I,02,폐업,,2014-07-29 17:16:19,2012-06-29,33.00,138-849,서울특별시 송파구 송파동 37-11 지상1층,N,,3230000-211-2012-00034,3230000,"서울특별시 송파구 백제고분로45길 31, 지상1층 (송파동)",05622,03,폐업,일반미용업,02-424-0693,1,,1,
2,0,임대,0,유니 에스테틱,피부미용업,2,2011-08-31,,,,211501.100033916,443653.933826778,2026-05-01 22:34:45,I,02,폐업,,2011-03-15 11:32:21,2011-03-15,82.50,138-812,서울특별시 송파구 가락동 193-6 서울빌딩 201호,N,,3230000-212-2011-00023,3230000,,,03,폐업,피부미용업,02-430-3222,2,,2,
,0,,0,유성,일반미용업,2,1999-05-18,,,,,,2026-05-01 22:30:36,I,02,폐업,,1999-06-02 00:00:00,1972-09-18,13.50,156-030,서울특별시 동작구 상도동 산 126-95,N,,3190000-204-1972-00758,3190000,,,03,폐업,미용업,02-813-9151,0,0,0,0
0,0,,0,박승철헤어스투디오 위례신도시점,일반미용업,6,,,,,212494.327675839,441590.062253247,2026-05-01 22:34:17,I,01,영업,0,2018-03-02 15:08:10,2016-11-03,88.58,138-926,서울특별시 송파구 장지동 894,N,0,3230000-211-2016-00088,3230000,"서울특별시 송파구 위례광장로 136, 4동 D202~203호 (장지동, 위례아이파크상가)",05852,01,영업/정상,일반미용업,02-448-3336,,,,
8,0,,0,얼짱몸짱 잠실점,피부미용업,8,2022-05-31,,,,209430.450574499,445913.088912404,2026-05-01 22:34:51,I,02,폐업,,2022-05-31 14:21:59,2012-07-26,96.12,138-827,서울특별시 송파구 방이동 22,N,,3230000-212-2012-00027,3230000,"서울특별시 송파구 올림픽로 336, 201호 (방이동, 대우유토피아오피스텔)",05542,03,폐업,피부미용업,02-6412-1000,2,,2,
,0,,0,뉴헤어센스,일반미용업,3,1999-11-19,,,,212965.152944737,443280.898341807,2026-05-01 22:32:43,I,02,폐업,,2003-01-24 00:00:00,1999-02-05,19.98,138-815,서울특별시 송파구 거여동 258-115,N,,3230000-204-1999-02095,3230000,,,03,폐업,미용업,02-430-9063,0,0,,
,2,임대,1,수정미용실,일반미용업,1,2012-11-29,,,,194011.225415887,443716.9277156,2026-05-01 22:31:40,I,02,폐업,,2008-03-12 14:04:07,2008-03-12,18.60,156-844,서울특별시 동작구 상도동 291-3,N,,3190000-204-2008-00005,3190000,서울특별시 동작구 국사봉1길 144 (상도동),07050,03,폐업,미용업,,,1,,1
0,0,,0,봉구네 손톱가게,네일아트업,4,,,,,209790.974425403,444449.730487498,2026-05-01 22:36:18,I,01,영업,,2018-05-10 10:22:39,2014-03-05,23.10,138-854,서울특별시 송파구 송파동 98-4 지상1층,N,,3230000-225-2014-00001,3230000,"서울특별시 송파구 가락로 140, 지상1층 (송파동)",05676,01,영업/정상,"일반미용업, 네일미용업, 화장ㆍ분장 미용업",02-3476-5353,1,,1,
2,0,,0,수스킨케어,피부미용업,1,,,,,208064.628654276,444995.650998844,2026-05-01 22:35:30,I,01,영업,0,2026-01-07 13:43:53,2025-12-10,38.42,138-837,서울특별시 송파구 삼전동 22,N,0,3230000-212-2025-00047,3230000,"서울특별시 송파구 석촌호수로 134, 2층 3,4,7호 (삼전동)",05600,01,영업/정상,피부미용업,,,,,
0,0,,0,포레스타,일반미용업,7,2025-01-02,,,,212609.377447603,441586.029967716,2026-05-01 22:35:34,I,02,폐업,0,2025-01-02 13:29:21,2016-11-28,99.70,138-926,서울특별시 송파구 장지동 895,N,0,3230000-213-2016-00012,3230000,"서울특별시 송파구 위례광장로 270, 1층 Y215,216호 (장지동, 송파와이즈더샵)",05852,03,폐업,종합미용업,02-430-2252,,,,
,,,,에덴미용실,일반미용업,3,2006-02-28,,,,211861.245228603,443605.35712029,2026-05-01 22:32:14,I,02,폐업,,2005-06-09 00:00:00,2003-02-27,17.05,138-812,서울특별시 송파구 가락동 187,N,,3230000-204-1990-01279,3230000,,,03,폐업,미용업,02-400-3270,,,,
0,0,,0,루미가넷 네일스파,네일아트업,4,2019-07-18,,,,209074.900840074,445657.80932984,2026-05-01 22:35:53,I,02,폐업,0,2019-07-18 15:31:33,2017-05-24,51.70,138-934,서울특별시 송파구 신천동 29,N,0,3230000-215-2017-00017,3230000,"서울특별시 송파구 올림픽로 300, 6층 (신천동, 롯데월드몰)",05551,03,폐업,네일미용업,,6,,6,
0,0,,0,"유이그, yuig",일반미용업,1,,,,,210262.166882249,444976.547850737,2026-05-01 22:35:43,I,01,영업,0,2025-08-20 10:06:28,2023-04-19,18.00,138-854,서울특별시 송파구 송파동 150 뜨라네,N,0,3230000-213-2023-00029,3230000,"서울특별시 송파구 가락로28길 3-16, 가동 101호 (송파동, 뜨라네)",05671,01,영업/정상,종합미용업,,,,,
,,,,팬다박,일반미용업,8,2005-05-20,,,,208707.089897534,446299.352775446,2026-05-01 22:32:41,I,02,폐업,,2003-06-12 00:00:00,2003-02-27,114.91,138-934,서울특별시 송파구 신천동 7-0 장미A상가 218동 1.2호,N,,3230000-204-1998-00653,3230000,,,03,폐업,미용업,02-412-4041,,,,
0,1,임대,0,아템홀렌(Atem Holen),일반미용업,6,2020-11-05,,,,208648.821104835,444601.289897704,2026-05-01 22:34:26,I,02,폐업,0,2020-11-05 09:33:48,2018-08-03,33.00,138-842,서울특별시 송파구 석촌동 12-6,N,0,3230000-211-2018-00048,3230000,"서울특별시 송파구 백제고분로33길 9, 1층 (석촌동)",05613,03,폐업,일반미용업,,,,,
0,0,임대,0,엘라헤어,일반미용업,2,,,,,212702.924098189,444298.837240597,2026-05-01 22:33:45,I,01,영업,,2019-02-11 10:27:38,2009-07-09,32.70,138-817,서울특별시 송파구 마천동 19-11 천우빌라트,N,,3230000-211-2009-00007,3230000,"서울특별시 송파구 마천로33길 11-5, 1층 101호 (마천동, 천우빌라트)",05733,01,영업/정상,일반미용업,02-403-7339,1,,1,
0,0,,0,수 미용실,일반미용업,3,2019-06-18,,,,209669.651640231,445274.728077189,2026-05-01 22:34:04,I,02,폐업,,2019-06-18 16:13:39,2014-07-28,25.00,138-849,서울특별시 송파구 송파동 51-10 지상1층,N,,3230000-211-2014-00033,3230000,"서울특별시 송파구 백제고분로45길 12, 지상1층 (송파동)",05619,03,폐업,일반미용업,02-8976-9986,1,,1,
0,0,임대,0,차은 arte,일반미용업,4,2023-08-11,,,,,,2026-05-01 22:35:37,I,02,폐업,0,2023-08-11 17:51:21,2020-06-16,49.52,138-888,서울특별시 송파구 문정동 651-15 파트너스2,N,0,3230000-213-2020-00043,3230000,"서울특별시 송파구 법원로 90, 파트너스2 107호 (문정동)",05855,03,폐업,종합미용업,,1,,1,
,0,,0,갤러리아헤어모드,일반미용업,7,1994-12-28,,,,,,2026-05-01 22:32:09,I,02,폐업,,2002-09-04 00:00:00,1988-04-30,47.60,138-210,서울특별시 송파구 장지동 산 189-25,N,,3230000-204-1988-01418,3230000,,,03,폐업,미용업,02-406-9697,0,0,,
,0,,0,에버그린헤어,일반미용업,4,1996-11-15,,,,,,2026-05-01 22:32:23,I,02,폐업,,2002-09-04 00:00:00,1995-08-01,20.46,138-210,서울특별시 송파구 장지동 산 237-6,N,,3230000-204-1995-00362,3230000,,,03,폐업,미용업,02-424-0048,0,0,,
1,0,,0,원네일,네일아트업,3,2023-03-03,,,,211207.386328242,441633.255096118,2026-05-01 22:35:53,I,02,폐업,0,2023-03-02 18:41:54,2017-03-13,26.00,138-888,서울특별시 송파구 장지동 841-6 1층 104호,N,0,3230000-215-2017-00010,3230000,"서울특별시 송파구 충민로2길 34, 1층 104호 (장지동)",05816,03,폐업,네일미용업,02-431-1219,1,,1,
0,0,,0,쉔부른헤어살롱,일반미용업,4,,,,,208233.926974585,445435.257647797,2026-05-01 22:34:02,I,01,영업,,2016-08-01 14:43:41,2013-06-05,56.18,138-791,서울특별시 송파구 잠실동 40 갤러리아팰리스 지하1층 124호,N,,3230000-211-2013-00040,3230000,"서울특별시 송파구 올림픽로 212, 지하1층 124호 (잠실동, 갤러리아팰리스 )",05553,01,영업/정상,일반미용업,02-2145-4037,,1,,1
,,,,이혜련뷰티퀸,일반미용업,,,,,,193853.259695334,444265.546400966,2026-05-01 22:32:49,I,01,영업,,2020-11-08 13:06:46,2010-10-13,30.00,156-839,서울특별시 동작구 상도동 337-13 1층,N,,3190000-220-2010-00002,3190000,"서울특별시 동작구 상도로 99-10, 1층 (상도동)",06952,01,영업/정상,"일반미용업, 화장ㆍ분장 미용업",02-845-3847,,,,
,,,,머리하는날,일반미용업,3,2025-06-24,,,,193948.061838193,445231.911913368,2026-05-01 22:31:50,I,02,폐업,,2025-06-24 13:21:26,2002-05-10,10.00,156-807,서울특별시 동작구 대방동 17-18,N,,3190000-211-2002-00012,3190000,서울특별시 동작구 등용로 92 (대방동),06933,03,폐업,일반미용업,02-817-9989,,,,
0,0,,0,오하이요,일반미용업,2,,,,,209394.77090428,444892.172744733,2026-05-01 22:36:20,I,01,영업,0,2024-04-29 09:11:36,2021-10-15,33.00,138-848,서울특별시 송파구 송파동 17-17,N,0,3230000-225-2021-00019,3230000,"서울특별시 송파구 백제고분로41길 7-28, 102호 (송파동)",05626,01,영업/정상,"일반미용업, 네일미용업, 화장ㆍ분장 미용업",,1,,1,
,0,,0,기분전환미용실,일반미용업,3,1996-07-23,,,,198264.538218364,441983.947882572,2026-05-01 22:30:56,I,02,폐업,,2001-09-29 00:00:00,1996-04-19,17.28,156-826,서울특별시 동작구 사당동 1030-12,N,,3190000-204-1996-00426,3190000,,,03,폐업,미용업,02-3471-9134,0,0,0,0
,,,,이지오헤어컷,일반미용업,,2005-09-29,,,,211244.951193461,445214.179706853,2026-05-01 22:32:58,I,02,폐업,,2005-09-05 00:00:00,2003-06-30,.00,138-855,서울특별시 송파구 오금동 18-32,N,,3230000-204-2003-00207,3230000,,,03,폐업,미용업,02-402-8381,,,,
1,0,,0,네일은,기타,3,,,,,213294.987102715,444211.531090457,2026-05-01 22:36:09,I,01,영업,0,2019-03-20 15:31:25,2019-03-20,40.60,138-818,서울특별시 송파구 마천동 75-7 삼정빌딩,N,0,3230000-218-2019-00002,3230000,"서울특별시 송파구 성내천로 212, 삼정빌딩 1층 103호 (마천동)",05752,01,영업/정상,"피부미용업, 네일미용업",,,,,
0,0,,0,Red&Black 레드앤블랙,일반미용업,3,,,,,209783.028259599,444679.487505345,2026-05-01 22:34:33,I,01,영업,0,2022-08-09 16:58:18,2022-08-09,26.73,138-851,서울특별시 송파구 송파동 108-19,N,0,3230000-211-2022-00020,3230000,"서울특별시 송파구 백제고분로42길 29-1, 1층 103호 (송파동)",05669,01,영업/정상,일반미용업,,1,,1,
5,2,,0,금파건강관리,피부미용업,0,2011-09-09,,,,193582.97379671,443921.190735193,2026-05-01 22:32:23,I,02,폐업,,2010-09-06 11:33:43,2010-09-06,72.96,156-847,서울특별시 동작구 신대방동 345-1 2층,N,,3190000-213-2010-00029,3190000,,,03,폐업,종합미용업,02-814-2735,1,,,
,,,,마샬,일반미용업,2,2007-07-26,,,,193165.410533158,443929.870154243,2026-05-01 22:30:45,I,02,폐업,,2007-07-27 11:57:44,1987-04-03,13.53,156-848,서울특별시 동작구 신대방동 360-211,N,,3190000-204-1987-01418,3190000,,,03,폐업,미용업,02-0822-0528,,,,
4,0,임대,0,비채아로마에스테틱,피부미용업,0,,,,,198187.510249598,442431.99253657,2026-05-01 22:32:16,I,01,영업,0,2018-12-19 17:28:35,2015-03-12,25.00,156-824,서울특별시 동작구 사당동 1006-7 2층,N,0,3190000-212-2015-00018,3190000,"서울특별시 동작구 동작대로23길 25, 2층 (사당동)",07013,01,영업/정상,피부미용업,02-593-6512,3,,3,
3,0,,0,프리미엄 숲칼프,피부미용업,3,2023-12-27,,,,197839.456557373,442396.914528222,2026-05-01 22:32:52,I,02,폐업,1,2023-12-27 17:07:16,2022-04-04,33.00,156-820,서울특별시 동작구 사당동 324-4,N,0,3190000-224-2022-00001,3190000,"서울특별시 동작구 사당로 259, 201호 일부호 (사당동)",07005,03,폐업,"일반미용업, 피부미용업, 화장ㆍ분장 미용업",,,,,
0,0,,0,썸네일 2,네일아트업,10,,,,,210986.460698452,441725.293491662,2026-05-01 22:35:53,I,01,영업,0,2019-02-26 11:41:34,2017-05-15,19.80,138-960,서울특별시 송파구 문정동 634 가든파이브라이프,N,0,3230000-215-2017-00014,3230000,"서울특별시 송파구 충민로 66, 가든파이브라이프 3층 Y-3032호 (문정동)",05838,01,영업/정상,네일미용업,02-2157-3488,5,,5,
,0,,0,수지미용실,일반미용업,3,1997-09-09,,,,,,2026-05-01 22:32:19,I,02,폐업,,2002-09-04 00:00:00,1993-07-06,15.18,138-210,서울특별시 송파구 장지동 산 224-3,N,,3230000-204-1993-00909,3230000,,,03,폐업,미용업,02-417-4590,0,0,,
1,0,,0,은 뷰티,피부미용업,1,2020-10-20,,,,210068.709244252,445895.515259907,2026-05-01 22:35:05,I,02,폐업,0,2020-10-20 12:42:44,2016-07-25,22.00,138-828,서울특별시 송파구 방이동 51-2,N,0,3230000-212-2016-00037,3230000,"서울특별시 송파구 백제고분로 501, B109호 (방이동, 청호빌딩)",05545,03,폐업,피부미용업,,,1,,1
0,0,,0,we헤어,일반미용업,4,2021-12-09,,,,197486.50162645,442493.781452129,2026-05-01 22:32:05,I,02,폐업,0,2021-12-08 17:54:42,2019-11-25,36.95,156-819,서울특별시 동작구 사당동 252-17 서림빌딩,N,0,3190000-211-2019-00045,3190000,"서울특별시 동작구 사당로 215, 서림빌딩 109호 (사당동)",07004,03,폐업,일반미용업,,0,0,0,0
0,0,임대,0,스칼렛,일반미용업,3,2012-07-30,,,,207624.424720682,445533.439634339,2026-05-01 22:33:55,I,02,폐업,,2011-10-12 14:04:33,2011-10-12,24.64,138-911,"서울특별시 송파구 잠실동 22-6 리센츠상가 지하1층 A70-1, 2호",N,,3230000-211-2011-00024,3230000,,,03,폐업,일반미용업,,,1,,1
,0,,0,최윤,일반미용업,3,1999-03-20,,,,211572.214739057,441051.421222923,2026-05-01 22:32:05,I,02,폐업,,1999-06-15 00:00:00,1986-12-22,14.04,138-210,서울특별시 송파구 장지동 산 35-0,N,,3230000-204-1986-01095,3230000,,,03,폐업,미용업,02-419-5710,0,0,,
,0,,0,헤어월드,일반미용업,0,2002-03-26,,,,,,2026-05-01 22:32:52,I,02,폐업,,2002-04-01 00:00:00,2000-12-13,.00,138-210,서울특별시 송파구 장지동 산 129-5,N,,3230000-204-2000-02360,3230000,,,03,폐업,미용업,02-423-8227,0,0,,
2,0,임대,0,셀라 스킨앤두피,피부미용업,2,,,,,209412.197809542,443928.783342251,2026-05-01 22:35:37,I,01,영업,0,2020-02-10 10:25:47,2020-02-05,30.60,138-883,서울특별시 송파구 가락동 479 헬리오시티,N,0,3230000-213-2020-00009,3230000,"서울특별시 송파구 송파대로 345, 001B동 2층 2087호 (가락동, 헬리오시티)",05698,01,영업/정상,종합미용업,,2,,2,
,0,,0,명미용실,일반미용업,0,2003-02-27,,,,213475.324909114,444246.625046043,2026-05-01 22:32:54,I,02,폐업,,2003-02-03 00:00:00,2002-12-03,.00,138-819,서울특별시 송파구 마천동 349-10,N,,3230000-204-2002-02444,3230000,,,03,폐업,미용업,02-403-7294,0,0,,
2,2,임대,0,가인 에스테틱,피부미용업,2,2020-05-20,,,,197805.543945321,441622.478200576,2026-05-01 22:32:18,I,02,폐업,1,2020-05-20 16:24:05,2019-03-14,49.50,156-827,서울특별시 동작구 사당동 1047-32 동진빌딩,N,0,3190000-212-2019-00005,3190000,"서울특별시 동작구 남부순환로 2045, 동진빌딩 2층 (사당동)",07024,03,폐업,피부미용업,02-582-7515,,,,
,0,,0,엄지은미용타운,일반미용업,3,2003-02-26,,,,,,2026-05-01 22:30:49,I,02,폐업,,2003-02-26 00:00:00,1992-11-12,"1,528.00",156-818,서울특별시 동작구 사당동 171-49,N,,3190000-204-1992-00575,3190000,,,03,폐업,미용업,02-0535-2979,0,0,0,0
,,,,오경헤어연출,일반미용업,3,2005-12-14,,,,211064.913387746,443788.550361003,2026-05-01 22:32:11,I,02,폐업,,2005-06-09 00:00:00,2003-02-27,17.36,138-808,서울특별시 송파구 가락동 148-3,N,,3230000-204-1989-01348,3230000,,,03,폐업,미용업,02-403-7301,,,,
0,0,,0,미소미용실,일반미용업,2,,,,,212752.013597517,443863.14929391,2026-05-01 22:34:06,I,01,영업,0,2018-03-07 10:38:05,2014-12-11,25.00,138-813,서울특별시 송파구 거여동 46,N,0,3230000-211-2014-00090,3230000,"서울특별시 송파구 거마로 43, 109호 (거여동, 현대3차아파트상가)",05735,01,영업/정상,일반미용업,02-449-9491,1,,1,
,0,임대,0,스파휴리재,피부미용업,8,2014-12-22,,,,208589.363343145,445455.90405262,2026-05-01 22:34:45,I,02,폐업,,2014-07-24 13:46:49,2011-01-17,151.50,138-915,서울특별시 송파구 잠실동 40-1 자생웰리스 1층,N,,3230000-212-2011-00003,3230000,"서울특별시 송파구 올림픽로 240 (잠실동,자생웰리스 1층)",05554,03,폐업,피부미용업,02-2143-1433,1,,1,
0,0,임대,0,허브스 피부관리,피부미용업,5,2014-01-14,,,,209519.467010224,444307.446231655,2026-05-01 22:34:43,I,02,폐업,,2010-08-31 17:20:58,2010-08-31,82.00,138-846,서울특별시 송파구 석촌동 275-9,N,,3230000-212-2010-00065,3230000,서울특별시 송파구 가락로16길 4 (석촌동),05696,03,폐업,피부미용업,,2,,2,
,,,,정자희헤어모드,일반미용업,,2003-02-26,,,,,,2026-05-01 22:32:50,I,02,폐업,,2003-03-17 00:00:00,2000-07-11,.00,138-210,서울특별시 송파구 장지동 산 222-95,N,,3230000-204-2000-02247,3230000,,,03,폐업,미용업,02-473-8536,,,,
0,0,,0,WINE&NAIL(와인앤네일),네일아트업,6,2019-12-02,,,,210057.912138022,444767.367639796,2026-05-01 22:35:56,I,02,폐업,0,2019-12-02 13:04:22,2019-08-07,17.00,138-851,서울특별시 송파구 송파동 121 한양아파트상가,N,0,3230000-215-2019-00040,3230000,"서울특별시 송파구 가락로 183, 한양아파트상가 1층 104호 (송파동)",05664,03,폐업,네일미용업,,0,0,0,0
0,1,,0,청담살롱,일반미용업,3,,,,,,,2026-05-01 22:34:32,I,01,영업,0,2021-07-05 13:34:35,2021-07-05,39.73,138-888,서울특별시 송파구 문정동 652-4 힐스테이트에코문정,N,0,3230000-211-2021-00032,3230000,"서울특별시 송파구 법원로4길 10, 힐스테이트에코문정 107호 (문정동)",05855,01,영업/정상,일반미용업,,,,,
0,0,,0,Salon de Belleza,일반미용업,4,,,,,192909.136654618,443928.586528003,2026-05-01 22:32:00,I,01,영업,0,2021-12-21 17:23:05,2017-08-11,75.12,156-848,서울특별시 동작구 신대방동 375-45,N,0,3190000-211-2017-00042,3190000,"서울특별시 동작구 여의대방로22길 14, 1층 (신대방동)",07057,01,영업/정상,일반미용업,02-821-2892,1,,,
0,0,,0,꼬리별네일,네일아트업,4,2025-12-01,,,,211486.552963759,443782.104713621,2026-05-01 22:35:58,I,02,폐업,0,2025-12-01 13:04:48,2023-11-22,29.00,138-810,서울특별시 송파구 가락동 164-17,N,0,3230000-215-2023-00025,3230000,"서울특별시 송파구 중대로20길 51, 1층 102호 (가락동)",05820,03,폐업,네일미용업,,,,,
0,0,,0,m2헤어,일반미용업,0,2013-08-19,,,,194628.193343358,444746.691740814,2026-05-01 22:31:56,I,02,폐업,,2013-04-01 17:59:11,2013-04-01,70.54,156-832,서울특별시 동작구 상도동 372-4 3층,N,,3190000-211-2013-00006,3190000,"서울특별시 동작구 상도로 190-7, 3층 (상도동)",06963,03,폐업,일반미용업,,,,,
2,1,,0,박민 에스테틱,피부미용업,4,2018-06-04,,,,196587.030630143,444939.455414947,2026-05-01 22:32:13,I,02,폐업,,2018-06-04 09:41:29,2012-11-22,19.11,156-070,서울특별시 동작구 흑석동 332 해가든상가 138호,N,,3190000-212-2012-00017,3190000,서울특별시 동작구 서달로 150 (흑석동),06980,03,폐업,피부미용업,02-822-6999,,,,
3,0,,0,레베카 윤,피부미용업,3,,,,,211501.100033916,443653.933826778,2026-05-01 22:35:12,I,01,영업,0,2023-03-20 14:10:59,2017-06-23,64.00,138-812,서울특별시 송파구 가락동 193-6,N,0,3230000-212-2017-00017,3230000,"서울특별시 송파구 동남로 198, 2층 201호 (가락동)",05784,01,영업/정상,피부미용업,02-5642-6252,3,,3,
,,,,모드니헤어샵,일반미용업,,2003-11-11,,,,210657.024580332,444667.864970738,2026-05-01 22:32:53,I,02,폐업,,2003-06-13 00:00:00,2003-02-27,.00,138-853,서울특별시 송파구 송파동 166-0 삼익상가 3층301호,N,,3230000-204-2001-02375,3230000,,,03,폐업,미용업,02-415-4064,,,,
0,0,,0,opyou헤어,일반미용업,5,,,,,198202.817041396,441807.510340827,2026-05-01 22:32:07,I,01,영업,1,2022-02-07 13:20:56,2022-02-07,82.32,156-826,서울특별시 동작구 사당동 1032-32,N,0,3190000-211-2022-00007,3190000,"서울특별시 동작구 동작대로3길 16, 2층 (사당동)",07015,01,영업/정상,일반미용업,,,,,
,0,,0,두리,일반미용업,0,1994-03-02,,,,195107.878190773,445495.618756887,2026-05-01 22:30:46,I,02,폐업,,2001-09-29 00:00:00,1988-04-30,.00,156-802,서울특별시 동작구 노량진동 211-47,N,,3190000-204-1988-01009,3190000,,,03,폐업,미용업,02-0816-6454,0,0,0,0
1,0,,0,Jy 단장,피부미용업,9,,,,,213444.966554645,443547.981289805,2026-05-01 22:35:40,I,01,영업,0,2022-04-28 10:48:28,2022-04-28,27.00,138-821,서울특별시 송파구 마천동 309-44,N,0,3230000-213-2022-00016,3230000,"서울특별시 송파구 마천로61다길 10, 1층 (마천동)",05759,01,영업/정상,종합미용업,,,,,
3,0,,0,쥬아나 에스테틱,피부미용업,3,2020-06-24,,,,207677.897099004,445075.689190034,2026-05-01 22:34:51,I,02,폐업,,2020-06-24 12:15:23,2012-08-29,74.60,138-862,서울특별시 송파구 잠실동 209-11 지상2층,N,,3230000-212-2012-00032,3230000,"서울특별시 송파구 백제고분로19길 35, 지상2층 (잠실동)",05564,03,폐업,피부미용업,02-417-9947,2,,2,
,0,,0,화이트헤어,일반미용업,0,2003-02-26,,,,191945.746792654,443006.08622423,2026-05-01 22:31:07,I,02,폐업,,2003-02-26 00:00:00,2000-10-10,.00,156-853,서울특별시 동작구 신대방동 605-10,N,,3190000-204-2000-01547,3190000,,,03,폐업,미용업,02-835-4505,0,0,0,0
,0,,0,박창민헤어코디,일반미용업,5,2001-09-25,,,,,,2026-05-01 22:32:39,I,02,폐업,,2001-09-26 00:00:00,1998-11-26,51.66,138-210,서울특별시 송파구 장지동 산 204-6 (지상2층),N,,3230000-204-1998-00584,3230000,,,03,폐업,미용업,02-420-7485,0,0,,
3,4,,0,테라피하우스,피부미용업,0,2014-03-05,,,,194423.375806829,444716.932543623,2026-05-01 22:32:12,I,02,폐업,,2010-09-27 13:11:18,2010-09-27,33.00,156-832,서울특별시 동작구 상도동 365-6 2층,N,,3190000-212-2010-00014,3190000,"서울특별시 동작구 상도로15길 126 (상도동,2층)",06937,03,폐업,피부미용업,02-826-9070,2,,,
1,0,,0,하석헤어,일반미용업,3,,,,,,,2026-05-01 22:34:36,I,01,영업,0,2024-12-16 14:43:29,2024-12-16,29.88,138-888,서울특별시 송파구 문정동 652-2 문정 오벨리스크,N,0,3230000-211-2024-00038,3230000,"서울특별시 송파구 송파대로 145, 1층 120호 (문정동)",05855,01,영업/정상,일반미용업,,,,,
,,,,헤어매니아,일반미용업,8,2007-08-23,,,,193492.703065773,443669.166229788,2026-05-01 22:31:18,I,02,폐업,,2004-12-03 00:00:00,2003-02-25,.00,156-847,서울특별시 동작구 신대방동 344-41,N,,3190000-204-2003-00033,3190000,,,03,폐업,미용업,02-813-9161,,,,
2,0,임대,0,장세은 에스테틱,피부미용업,2,2016-03-10,,,,209549.864184816,444844.574391216,2026-05-01 22:34:44,I,02,폐업,,2010-11-18 17:24:58,2010-11-18,36.00,138-850,서울특별시 송파구 송파동 84-2,N,,3230000-212-2010-00089,3230000,서울특별시 송파구 백제고분로 384 (송파동),05667,03,폐업,피부미용업,02-3431-8575,2,,2,
,,,,제이(J)헤어,일반미용업,3,,,,,193847.725077963,444081.340085597,2026-05-01 22:31:56,I,01,영업,,2020-11-13 08:34:58,2012-11-08,17.27,156-030,서울특별시 동작구 상도동 317-19,N,,3190000-211-2012-00051,3190000,서울특별시 동작구 국사봉1길 56 (상도동),07042,01,영업/정상,일반미용업,070-8747-2198,,,,
0,5,,1,비비헤어,일반미용업,4,,,,,196533.807287673,444998.845099186,2026-05-01 22:31:55,I,01,영업,,2020-07-16 11:39:52,2012-05-21,33.00,156-861,서울특별시 동작구 흑석동 225-26,N,,3190000-211-2012-00031,3190000,"서울특별시 동작구 서달로 153, 1층 (흑석동)",06973,01,영업/정상,일반미용업,02-812-0791,1,,1,
,0,,0,헤어팜스,일반미용업,6,1999-02-06,,,,,,2026-05-01 22:32:39,I,02,폐업,,2002-09-04 00:00:00,1998-12-11,.00,138-210,서울특별시 송파구 장지동 산 252-2,N,,3230000-204-1998-00592,3230000,,,03,폐업,미용업,02-3431-7475,0,0,,
0,0,,0,네일의 온도,네일아트업,4,,,,,208848.225147073,444471.081503602,2026-05-01 22:35:53,I,01,영업,0,2021-07-13 17:06:18,2017-06-07,32.26,138-845,서울특별시 송파구 석촌동 245-3,N,0,3230000-215-2017-00019,3230000,"서울특별시 송파구 가락로5길 35, 1층 101호 (석촌동)",05680,01,영업/정상,네일미용업,,1,,1,
2,0,,0,아나덴 슈가링왁싱 잠실역점,피부미용업,2,,,,,209906.961485974,446035.154945848,2026-05-01 22:35:28,I,01,영업,0,2024-04-25 14:20:55,2024-04-25,53.14,138-828,서울특별시 송파구 방이동 46-6 잠실 에스뜨레야90,N,0,3230000-212-2024-00015,3230000,"서울특별시 송파구 백제고분로51길 23, 잠실 에스뜨레야90 2층 201호 (방이동)",05544,01,영업/정상,피부미용업,,,,,
0,1,,0,태후사랑,일반미용업,3,2023-06-02,,,,210600.664177763,448099.173318975,2026-05-01 22:34:26,I,02,폐업,0,2023-06-02 09:37:38,2018-08-29,16.50,138-873,서울특별시 송파구 풍납동 487-8,N,0,3230000-211-2018-00064,3230000,"서울특별시 송파구 풍성로25길 20, 1층 (풍납동)",05520,03,폐업,일반미용업,,,,,
0,1,,0,미첼헤어,일반미용업,4,2016-10-16,,,,195634.200150959,444147.145654118,2026-05-01 22:31:57,I,02,폐업,,2014-10-01 13:43:20,2014-06-03,27.53,156-030,서울특별시 동작구 상도동 463-2 1층,N,,3190000-211-2014-00039,3190000,"서울특별시 동작구 상도로47길 4 (상도동, 1층)",06971,03,폐업,일반미용업,02-825-9996,,,,
0,0,,0,리안헤어,일반미용업,8,2014-03-31,,,,210391.461980814,443796.02703891,2026-05-01 22:33:59,I,02,폐업,,2014-07-29 16:04:10,2012-06-27,105.60,138-803,서울특별시 송파구 가락동 88-2 지상2층,N,,3230000-211-2012-00033,3230000,"서울특별시 송파구 중대로9길 35, 지상2층 (가락동)",05711,03,폐업,일반미용업,02-403-6887,2,,2,
0,0,임대,0,해바네일,네일아트업,3,2012-10-24,,,,208707.089897534,446299.352775446,2026-05-01 22:33:12,I,02,폐업,,2010-07-23 10:36:18,2010-07-23,19.34,138-934,서울특별시 송파구 신천동 7 장미비상가249호,N,,3230000-204-2010-00083,3230000,,,03,폐업,미용업,02-413-4142,2,,2,
,5,,,지누헤어,일반미용업,6,2017-02-28,,,,210149.26634657,448364.723368836,2026-05-01 22:33:23,I,02,폐업,,2014-07-23 14:59:20,2003-11-03,34.70,138-873,서울특별시 송파구 풍납동 506 동아한가람상가 101호,N,,3230000-211-2003-00066,3230000,"서울특별시 송파구 한가람로16길 7, 상가동 지상1층 101호 (풍납동, 동아한가람아파트)",05516,03,폐업,일반미용업,02-482-2591,2,,2,
0,0,,0,mod. 210 (모드 210),일반미용업,3,2019-09-30,,,,194979.183433692,443982.898298607,2026-05-01 22:31:58,I,02,폐업,0,2019-09-30 15:37:29,2015-07-21,80.64,156-841,서울특별시 동작구 상도동 210-16 (2층),N,0,3190000-211-2015-00022,3190000,"서울특별시 동작구 양녕로26길 6, 2층 (상도동)",07037,03,폐업,일반미용업,02-3280-6955,2,,2,
,0,,0,김자선,일반미용업,5,1999-10-14,,,,211223.955000425,442354.450065888,2026-05-01 22:32:10,I,02,폐업,,2003-01-16 00:00:00,1989-12-11,14.74,138-200,서울특별시 송파구 문정동 85-12,N,,3230000-204-1989-01057,3230000,,,03,폐업,미용업,02-401-0644,0,0,,
,,,,조앤장미용실,일반미용업,4,2004-11-15,,,,198299.206898579,442860.241983179,2026-05-01 22:30:59,I,02,폐업,,2003-09-28 00:00:00,1999-02-08,39.09,156-816,서울특별시 동작구 사당동 131-2,N,,3190000-204-1999-01314,3190000,,,03,폐업,미용업,02-591-7586,,,,
0,0,,0,지싸롱,일반미용업,3,2018-11-20,,,,196647.334305429,443018.984493145,2026-05-01 22:31:58,I,02,폐업,0,2018-11-20 10:23:30,2015-11-20,45.59,156-879,서울특별시 동작구 사당동 190-199 1층,N,1,3190000-211-2015-00044,3190000,"서울특별시 동작구 사당로2가길 105, 1층 (사당동)",07028,03,폐업,일반미용업,,1,,1,
3,0,,0,헤어갤러리,일반미용업,5,2016-10-19,,,,207409.138769417,445353.645786111,2026-05-01 22:35:32,I,02,폐업,,2016-10-19 11:28:14,2011-11-07,110.00,138-861,서울특별시 송파구 잠실동 185-1 2층,N,,3230000-213-2011-00005,3230000,"서울특별시 송파구 백제고분로15길 58, 2층 (잠실동)",05559,03,폐업,종합미용업,,2,,2,
,0,,0,마리벨미용실,일반미용업,0,1993-10-25,,,,198247.685,442196.350000001,2026-05-01 22:30:49,I,02,폐업,,2001-09-29 00:00:00,1992-12-14,.00,156-824,서울특별시 동작구 사당동 1008-6,N,,3190000-204-1992-00578,3190000,,,03,폐업,미용업,02-0521-6153,0,0,0,0
1,0,,0,바바네일,네일아트업,4,2026-04-30,,,,205780.917070034,424924.166586693,2026-05-01 03:03:03,U,02,폐업,0,2026-04-30 15:31:44,2017-02-28,28.60,448-150,경기도 용인시 수지구 신봉동 985 신봉마을3단지 동일하이빌 상가동 103-1호,N,0,5640000-226-2017-00001,4050000,"경기도 용인시 수지구 신봉3로 23 (신봉동, 신봉마을3단지 동일하이빌 상가동 103-1호)",16808,03,폐업,"피부미용업, 네일미용업, 화장ㆍ분장 미용업",031-261-0666,,,,
,0,,0,박준하헤어칼라,일반미용업,4,2001-11-20,,,,,,2026-05-01 22:32:18,I,02,폐업,,2001-12-18 00:00:00,1992-10-20,27.00,138-210,서울특별시 송파구 장지동 산 407-7,N,,3230000-204-1992-01644,3230000,,,03,폐업,미용업,,0,0,,
,3,임대,1,제니헤어샵,일반미용업,3,2005-02-17,,,,198094.022270931,442046.686460094,2026-05-01 22:31:28,I,02,폐업,,2004-12-08 00:00:00,2004-06-01,21.35,156-825,서울특별시 동작구 사당동 1026-37,N,,3190000-204-2004-00024,3190000,,,03,폐업,미용업,02-585-7608,1,,1,
0,0,,0,이정연 헤어살롱,일반미용업,4,2025-06-05,,,,210654.50616628,442070.575741668,2026-05-01 22:34:26,I,02,폐업,0,2025-06-05 09:32:48,2018-05-23,52.40,138-888,서울특별시 송파구 문정동 620 송파 푸르지오시티,N,0,3230000-211-2018-00036,3230000,"서울특별시 송파구 새말로 62, 송파 푸르지오시티 상가215호 (문정동)",05841,03,폐업,일반미용업,,2,,2,
,,,,우리들헤어샵,일반미용업,3,2008-02-20,,,,198202.266608408,442968.90840515,2026-05-01 22:30:42,I,02,폐업,,2007-10-22 16:28:56,1983-03-22,14.76,156-815,서울특별시 동작구 사당동 91-164,N,,3190000-204-1983-00938,3190000,,,03,폐업,미용업,02-0589-4167,,,,
1,0,,0,끌로드뷰티,피부미용업,1,,,,,209475.938492751,445783.438755874,2026-05-01 22:35:40,I,01,영업,0,2022-04-12 12:56:47,2022-04-12,19.83,138-828,서울특별시 송파구 방이동 64,N,0,3230000-213-2022-00010,3230000,"서울특별시 송파구 오금로11길 6, 3층 302호 (방이동)",05548,01,영업/정상,종합미용업,,3,,3,
9,0,,0,천지빛깔,피부미용업,0,2021-01-15,,,,198275.378711558,441839.878978481,2026-05-01 22:32:18,I,02,폐업,0,2021-01-15 14:15:18,2018-12-19,262.40,156-826,서울특별시 동작구 사당동 1031-28,N,0,3190000-212-2018-00030,3190000,"서울특별시 동작구 동작대로 25, 사임당화장품 2층 (사당동)",07015,03,폐업,피부미용업,02-586-7861,,,,
,,,,개성시대,일반미용업,,,,,,210050.536720239,447989.257910734,2026-05-01 22:33:22,I,01,영업,,2017-04-11 13:30:30,2003-02-27,30.00,138-874,서울특별시 송파구 풍납동 220-20,N,,3230000-211-2003-00051,3230000,"서울특별시 송파구 풍성로6길 9, 1층 102호 (풍납동)",05526,01,영업/정상,일반미용업,02-477-2939,,,,
0,0,,0,수헤어,일반미용업,4,,,,,198031.239991017,442525.305050225,2026-05-01 22:32:04,I,01,영업,0,2019-01-28 10:24:05,2019-01-28,40.00,156-817,서울특별시 동작구 사당동 150-12 수머리방,N,0,3190000-211-2019-00002,3190000,"서울특별시 동작구 사당로27길 15, 수머리방 1층 (사당동)",07006,01,영업/정상,일반미용업,02-534-3850,1,,1,
0,0,,0,박철 헤어드레서,일반미용업,5,2024-07-09,,,,211135.090917267,443636.498157218,2026-05-01 22:35:42,I,02,폐업,0,2024-07-09 10:44:37,2023-02-06,75.66,138-808,서울특별시 송파구 가락동 141-3,N,0,3230000-213-2023-00005,3230000,"서울특별시 송파구 동남로9길 31, 1층 101호 (가락동)",05825,03,폐업,종합미용업,,,,,
,4,,1,휴헤어스토리,일반미용업,3,2009-12-30,,,,194707.372924079,445351.671965712,2026-05-01 22:31:40,I,02,폐업,,2010-01-04 11:47:55,2007-06-13,25.08,156-803,서울특별시 동작구 노량진동 232-165 B01호,N,,3190000-204-2007-00029,3190000,,,03,폐업,미용업,02-826-5537,,1,,1
4,0,,0,이가자 헤어비스,일반미용업,10,,,,,212609.377447603,441586.029967716,2026-05-01 22:34:15,I,01,영업,0,2019-01-28 15:02:53,2016-05-16,105.91,138-926,서울특별시 송파구 장지동 895 송파와이즈더샵,N,0,3230000-211-2016-00051,3230000,"서울특별시 송파구 위례광장로 270, 2층 214, 215, 216호 (장지동, 송파와이즈더샵)",05852,01,영업/정상,일반미용업,,1,,1,
,0,,0,퀸미용실,일반미용업,3,2002-03-15,,,,,,2026-05-01 22:32:20,I,02,폐업,,2002-04-01 00:00:00,1993-01-30,23.40,138-210,서울특별시 송파구 장지동 산 202-9,N,,3230000-204-1993-01552,3230000,,,03,폐업,미용업,02-403-0516,0,0,,
3,0,,0,뮤즈스킨&꽈샤,피부미용업,0,2022-08-29,,,,193851.352956461,444137.430360632,2026-05-01 22:32:14,I,02,폐업,,2022-08-29 15:35:58,2013-11-13,28.10,156-839,서울특별시 동작구 상도동 324-7 101호,N,,3190000-212-2013-00013,3190000,"서울특별시 동작구 성대로2길 12, 101호 (상도동)",07041,03,폐업,피부미용업,02-824-3615,1,,,
0,0,,0,마끼에 잠실롯데백화점,일반미용업,14,,,,,208589.363343145,445455.90405262,2026-05-01 22:34:09,I,01,영업,0,2022-06-23 09:41:41,2015-02-24,184.46,138-915,서울특별시 송파구 잠실동 40-1 롯데백화점 지상9층,N,0,3230000-211-2015-00016,3230000,"서울특별시 송파구 올림픽로 240 (잠실동, 롯데백화점 지상9층)",05554,01,영업/정상,일반미용업,070-7012-9443,9,,9,
2,0,,0,위드(with),피부미용업,0,2024-05-01,,,,210274.69,445578.585,2026-05-01 22:35:04,I,02,폐업,0,2024-05-01 13:45:12,2016-04-22,45.00,138-832,서울특별시 송파구 방이동 155-11,N,0,3230000-212-2016-00021,3230000,"서울특별시 송파구 가락로39길 20, 1층 101호 (방이동)",05629,03,폐업,피부미용업,02-420-2535,,,,
3,0,,0,썬키스,피부미용업,0,2019-11-19,,,,211619.368009793,445963.384875409,2026-05-01 22:35:04,I,02,폐업,0,2019-11-19 15:56:03,2016-03-02,86.50,138-829,서울특별시 송파구 방이동 89-11,N,0,3230000-212-2016-00011,3230000,"서울특별시 송파구 양재대로 1222, 311호 (방이동, 프라자 중심상가)",05648,03,폐업,피부미용업,02-449-9724,3,,3,
1,0,,0,제제 헤어룸,일반미용업,2,,,,,209335.27109937,444327.761864648,2026-05-01 22:35:47,I,01,영업,0,2025-07-01 11:09:51,2025-07-01,33.00,138-846,서울특별시 송파구 석촌동 272-22,N,0,3230000-213-2025-00033,3230000,"서울특별시 송파구 가락로13길 2, 1층 103호 (석촌동)",05688,01,영업/정상,종합미용업,,1,,,
,,,,신세대머리방,일반미용업,,2015-08-18,,,,212249.501704103,444163.817714181,2026-05-01 22:33:20,I,02,폐업,,2015-08-23 13:39:25,2003-02-27,.00,138-859,서울특별시 송파구 오금동 147-7,N,,3230000-211-2000-00023,3230000,서울특별시 송파구 동남로26길 23 (오금동),05742,03,폐업,일반미용업,02-402-7211,,,,
,0,,0,여원,일반미용업,2,1997-03-27,,,,212554.329768033,444091.806967955,2026-05-01 22:32:07,I,02,폐업,,2003-01-13 00:00:00,1987-05-16,11.90,138-813,서울특별시 송파구 거여동 4 프라자상가2층 205호,N,,3230000-204-1987-01513,3230000,,,03,폐업,미용업,02-414-4187,0,0,,
,1,,0,BOY&MAN,일반미용업,4,2022-01-28,,,,210580.683290918,443657.71204579,2026-05-01 22:33:39,I,02,폐업,,2022-01-28 09:19:05,2007-11-19,36.30,138-803,서울특별시 송파구 가락동 80 성원상떼빌101-113호,N,,3230000-211-2007-00029,3230000,"서울특별시 송파구 송파대로28길 27 (가락동,성원상떼빌101-113호)",05718,03,폐업,일반미용업,02-406-9990,,,,
0,0,,0,휴브헤어스튜디오,일반미용업,0,,,,,209692.759242946,445989.705972005,2026-05-01 22:34:37,I,01,영업,0,2025-11-24 10:49:16,2025-11-24,47.44,138-827,서울특별시 송파구 방이동 39 잠실 제니알,N,0,3230000-211-2025-00040,3230000,"서울특별시 송파구 올림픽로34길 6, 잠실 제니알 203호 (방이동)",05543,01,영업/정상,일반미용업,,,,,
0,0,,0,화이트클럽,피부미용업,3,2019-08-30,,,,208236.684764313,444868.696531214,2026-05-01 22:34:42,I,02,폐업,,2019-08-30 12:15:21,2010-03-30,29.70,138-840,서울특별시 송파구 삼전동 109-5,N,,3230000-212-2010-00028,3230000,서울특별시 송파구 백제고분로27길 34 (삼전동),05601,03,폐업,피부미용업,,,,,
1,,,,소울테라피,피부미용업,,,,,,193464.195124021,444505.518773032,2026-05-01 22:32:13,I,01,영업,,2020-11-19 21:28:02,2012-11-23,23.26,156-811,서울특별시 동작구 대방동 392-19 B01,N,,3190000-212-2012-00018,3190000,서울특별시 동작구 대방동2길 43 (대방동),06953,01,영업/정상,피부미용업,02-822-2890,,1,,
4,0,임대,0,스킨포엠,피부미용업,4,2017-02-28,,,,210045.748264305,442930.687284628,2026-05-01 22:34:43,I,02,폐업,,2017-02-28 16:24:29,2010-09-14,31.71,138-885,서울특별시 송파구 문정동 150 올림픽훼미리타운상가 1동212호,N,,3230000-212-2010-00070,3230000,"서울특별시 송파구 중대로 24 (문정동,올림픽훼미리타운상가 1동212호)",05834,03,폐업,피부미용업,02-407-4630,2,,2,
3,0,,0,마이다스의손 박병준,피부미용업,3,2016-04-22,,,,209747.713797559,444361.116977881,2026-05-01 22:34:53,I,02,폐업,,2013-08-21 11:04:17,2013-08-21,82.00,138-854,서울특별시 송파구 송파동 97-17 정우빌딩 5층,N,,3230000-212-2013-00016,3230000,"서울특별시 송파구 송파대로 376, 5층 (송파동, 정우빌딩)",05676,03,폐업,피부미용업,02-415-7988,5,,5,
0,0,,0,꽃순이네 미장원,일반미용업,3,,,,,213365.86016939,443821.292288663,2026-05-01 22:34:28,I,01,영업,0,2023-01-03 17:33:09,2019-02-14,29.00,138-820,서울특별시 송파구 마천동 184-45,N,0,3230000-211-2019-00011,3230000,"서울특별시 송파구 마천로51길 20, 1층 3호 (마천동)",05758,01,영업/정상,일반미용업,,,,,
0,0,,0,헬로우컷 삼전점,일반미용업,3,2021-04-12,,,,208216.394766315,444812.482584158,2026-05-01 22:34:28,I,02,폐업,0,2021-04-12 12:28:59,2019-04-18,33.00,138-840,서울특별시 송파구 삼전동 107,N,0,3230000-211-2019-00031,3230000,"서울특별시 송파구 백제고분로27길 28, 1층 102호 (삼전동)",05601,03,폐업,일반미용업,,,,,
,0,,0,헤어고레스,일반미용업,3,2026-04-14,,,,196231.041840447,443637.480065684,2026-05-01 22:31:53,I,02,폐업,,2026-04-14 16:21:37,2008-12-04,27.50,156-030,서울특별시 동작구 상도동 506-2,N,,3190000-211-2008-00019,3190000,서울특별시 동작구 사당로 34 (상도동),07027,03,폐업,일반미용업,02-824-4624,1,0,1,0
,3,,,오재경헤어클리닉,일반미용업,3,2004-06-30,,,,210045.748264305,442930.687284628,2026-05-01 22:33:02,I,02,폐업,,2004-05-31 00:00:00,2004-05-31,17.28,138-885,서울특별시 송파구 문정동 150 훼미리상가 105호,N,,3230000-204-2004-00071,3230000,,,03,폐업,미용업,,1,,1,
,,,,헤어플러스,일반미용업,,2015-07-27,,,,210301.051912444,447467.564413507,2026-05-01 22:33:20,I,02,폐업,,2014-09-30 15:41:20,2003-02-27,.00,138-879,서울특별시 송파구 풍납동 408-18,N,,3230000-211-2002-00004,3230000,서울특별시 송파구 토성로15길 6 (풍납동),05531,03,폐업,일반미용업,,,,,
0,0,,0,팅커벨,일반미용업,2,2014-01-15,,,,194689.174788011,444373.162899395,2026-05-01 22:32:23,I,02,폐업,,2013-12-26 09:42:44,2011-03-29,33.00,156-838,서울특별시 동작구 상도동 204-45,N,,3190000-213-2011-00009,3190000,서울특별시 동작구 장승배기로 41 (상도동),06958,03,폐업,종합미용업,,5,,1,
0,0,,0,보이앤맨(BOY&MAN),일반미용업,3,,,,,210752.983106079,442794.403048247,2026-05-01 22:35:45,I,01,영업,0,2024-10-02 15:44:51,2024-10-02,50.00,138-826,서울특별시 송파구 문정동 55 해성빌딩,N,0,3230000-213-2024-00060,3230000,"서울특별시 송파구 송파대로22길 4, 해성빌딩 지하1층 (문정동)",05806,01,영업/정상,종합미용업,,,,,
3,0,,0,미스킨앤바디,피부미용업,3,,,,,211255.63504431,445007.927281501,2026-05-01 22:35:01,I,01,영업,0,2018-03-02 16:56:44,2015-02-24,36.00,138-856,서울특별시 송파구 오금동 41-15 지상1층,N,0,3230000-212-2015-00010,3230000,"서울특별시 송파구 마천로 70-9, 지상1층 (오금동)",05659,01,영업/정상,피부미용업,02-6349-7786,1,,1,
0,0,임대,0,진 스킨앤바디,피부미용업,2,2011-10-18,,,,208187.623477261,445589.718583334,2026-05-01 22:34:43,I,02,폐업,,2010-05-11 13:48:10,2010-05-11,33.00,138-916,서울특별시 송파구 잠실동 27-6 지하5-2호,N,,3230000-212-2010-00040,3230000,,,03,폐업,피부미용업,02-412-7839,,1,,1
0,0,임대,0,본로고스,피부미용업,5,,,,,208233.926974585,445435.257647797,2026-05-01 22:34:39,I,01,영업,,2019-11-01 14:47:01,2009-07-24,89.10,138-915,서울특별시 송파구 잠실동 40 갤러리아 펠리스A동 상가 218호,N,,3230000-212-2009-00030,3230000,"서울특별시 송파구 올림픽로 212, 갤러리아 펠리스A동  218호 (잠실동)",05553,01,영업/정상,피부미용업,02-2144-6890,2,,2,
,,임대,,시그마미용실,일반미용업,3,2005-09-28,,,,208994.017991356,445826.545566831,2026-05-01 22:33:04,I,02,폐업,,2005-06-09 00:00:00,2005-03-24,33.00,138-934,서울특별시 송파구 신천동 7-19 잠실시그마타워 지하2층,N,,3230000-204-2005-00023,3230000,,,03,폐업,미용업,02-424-6151,,2,,2
,0,,0,보라코스메틱,일반미용업,0,1996-04-04,,,,194544.574482093,445119.694756254,2026-05-01 22:30:51,I,02,폐업,,2001-09-29 00:00:00,1993-06-04,.00,156-806,서울특별시 동작구 노량진동 306-10,N,,3190000-204-1993-00567,3190000,,,03,폐업,미용업,02-812-3144,0,0,0,0
4,3,,0,휴&미,피부미용업,0,2011-12-02,,,,193910.628369741,444143.826124278,2026-05-01 22:32:12,I,02,폐업,,2010-08-20 14:21:30,2010-08-20,107.00,156-030,서울특별시 동작구 상도동 315-5 3층,N,,3190000-212-2010-00012,3190000,,,03,폐업,피부미용업,,3,,,
0,0,,0,KJ헤어(케이제이헤어),일반미용업,2,,,,,193204.782207917,443168.51356024,2026-05-01 22:32:08,I,01,영업,0,2025-01-13 13:47:07,2023-04-26,22.05,156-710,서울특별시 동작구 신대방동 395-68 보라매나산스위트,N,0,3190000-211-2023-00039,3190000,"서울특별시 동작구 보라매로5가길 24, 지하1층 16호 (신대방동, 보라매나산스위트)",07071,01,영업/정상,일반미용업,,,,,
,,,,보다나토탈헤어센스,일반미용업,3,2003-02-26,,,,,,2026-05-01 22:32:18,I,02,폐업,,2003-03-14 00:00:00,1992-06-25,27.74,138-210,서울특별시 송파구 장지동 산 27-1,N,,3230000-204-1992-01777,3230000,,,03,폐업,미용업,02-423-2801,,,,
,4,임대,0,헤어모드,일반미용업,3,2008-07-14,,,,207427.827614876,445257.605592538,2026-05-01 22:33:10,I,02,폐업,,2008-02-25 17:40:06,2008-02-25,33.00,138-862,서울특별시 송파구 잠실동 207-2 지상1층,N,,3230000-204-2008-00013,3230000,,,03,폐업,미용업,,1,,1,
0,0,임대,0,펌앤펌,일반미용업,3,2011-01-21,,,,211894.384811423,443630.533944966,2026-05-01 22:33:14,I,02,폐업,,2010-09-03 15:35:13,2010-09-03,76.00,138-812,서울특별시 송파구 가락동 181-10,N,,3230000-204-2010-00095,3230000,,,03,폐업,미용업,02-448-8490,1,,1,
,,,,건강나라,피부미용업,,2013-01-11,,,,198291.471956676,443002.284956024,2026-05-01 22:32:11,I,02,폐업,,2012-07-02 14:53:52,2010-05-12,.00,156-815,서울특별시 동작구 사당동 89-20 2층,N,,3190000-212-2010-00008,3190000,"서울특별시 동작구 동작대로29가길 27, 2층 (사당동)",06997,03,폐업,피부미용업,02-537-5080,,,,
2,0,임대,0,금파 다경 건강관리,피부미용업,1,,,,,198143.46838056,442300.439092173,2026-05-01 22:32:42,I,01,영업,0,2023-03-14 14:05:41,2022-04-06,53.00,156-824,서울특별시 동작구 사당동 1005-30,N,0,3190000-216-2022-00002,3190000,"서울특별시 동작구 동작대로17길 18, 2층 (사당동)",07013,01,영업/정상,"일반미용업, 피부미용업",,2,,2,
0,0,,0,9' 블리 nail(구블리네일),네일아트업,3,2023-05-04,,,,208485.595840591,444529.216861236,2026-05-01 22:35:54,I,02,폐업,0,2023-05-04 09:35:05,2018-05-11,.00,138-840,서울특별시 송파구 삼전동 133-12 태클베리,N,0,3230000-215-2018-00011,3230000,"서울특별시 송파구 삼학사로 63, 태클베리 3층 (삼전동)",05603,03,폐업,네일미용업,,3,,3,
0,0,,0,한지윤 헤어스타일,일반미용업,6,2014-09-15,,,,198113.383426654,441853.785415773,2026-05-01 22:31:55,I,02,폐업,,2011-08-02 11:36:13,2011-08-02,82.50,156-826,서울특별시 동작구 사당동 1033-10,N,,3190000-211-2011-00011,3190000,서울특별시 동작구 동작대로7길 48 (사당동),07015,03,폐업,일반미용업,,1,,,
0,0,,0,수헤어,일반미용업,3,,,,,207624.424720682,445533.439634339,2026-05-01 22:34:24,I,01,영업,0,2018-03-15 11:29:44,2017-12-20,24.64,138-911,서울특별시 송파구 잠실동 22-6 리센츠 상가 지하1층 A80호,N,0,3230000-211-2017-00095,3230000,"서울특별시 송파구 올림픽로 145, 리센츠 상가  지하1층 A80호 (잠실동)",05502,01,영업/정상,일반미용업,02-417-2680,,1,,1
2,0,,0,폴라리스 에스테틱,피부미용업,2,,,,,207373.50021477,445545.656024061,2026-05-01 22:35:26,I,01,영업,0,2023-01-02 12:02:01,2023-01-02,49.92,138-908,서울특별시 송파구 잠실동 19-9 잠실파인애플상가,N,0,3230000-212-2023-00001,3230000,"서울특별시 송파구 올림픽로 119, 잠실파인애플상가 지하1층 B11,12호 (잠실동)",05501,01,영업/정상,피부미용업,,,,,
,,,,대지영헤어스케치,일반미용업,,2003-02-26,,,,,,2026-05-01 22:32:51,I,02,폐업,,2003-03-17 00:00:00,2000-03-09,.00,138-210,서울특별시 송파구 장지동 산 176-22 2층,N,,3230000-204-2000-02323,3230000,,,03,폐업,미용업,02-3401-3642,,,,
0,0,,0,현희미용실,일반미용업,2,2023-06-28,,,,196613.791163631,444729.971222294,2026-05-01 22:31:47,I,02,폐업,,2023-06-28 11:32:14,1989-06-08,12.78,156-859,서울특별시 동작구 흑석동 92-3,N,,3190000-211-1989-00001,3190000,서울특별시 동작구 서달로10길 46 (흑석동),,03,폐업,일반미용업,02-825-9808,0,0,0,0
0,0,,0,퀸헤어살롱,일반미용업,3,2014-05-12,,,,195598.808240417,444269.898213021,2026-05-01 22:31:56,I,02,폐업,,2014-04-23 15:14:26,2013-08-20,25.00,156-836,서울특별시 동작구 상도1동 361-1 1층102호,N,,3190000-211-2013-00043,3190000,"서울특별시 동작구 상도로45길 13, 1층 102호 (상도1동)",06970,03,폐업,일반미용업,,1,,,
0,0,,0,버르장머리,일반미용업,4,,,,,207292.259649296,445180.430154254,2026-05-01 22:34:01,I,01,영업,,2024-09-10 13:12:03,2013-05-20,105.00,138-862,서울특별시 송파구 잠실동 204-6,N,,3230000-211-2013-00010,3230000,"서울특별시 송파구 석촌호수로12길 28, 202호 (잠실동)",05563,01,영업/정상,일반미용업,02-422-6148,1,,1,
1,0,,0,예쁜 EYE(아이),메이크업업,3,2019-11-06,,,,207373.50021477,445545.656024061,2026-05-01 22:36:10,I,02,폐업,0,2019-11-06 15:11:20,2017-11-09,11.89,138-908,서울특별시 송파구 잠실동 19-9 잠실파인애플상가,N,0,3230000-219-2017-00005,3230000,"서울특별시 송파구 올림픽로 119, 지하1층 A68호 (잠실동, 잠실파인애플상가)",05501,03,폐업,화장ㆍ분장 미용업,,,1,,1
,,임대,,켈리헤어샵,일반미용업,3,2015-06-29,,,,210304.9828559,445733.233164401,2026-05-01 22:33:40,I,02,폐업,,2014-10-31 16:08:21,2007-03-05,24.00,138-830,서울특별시 송파구 방이동 174-14 104호,N,,3230000-211-2007-00049,3230000,"서울특별시 송파구 백제고분로50길 21 (방이동,104호)",05627,03,폐업,일반미용업,,1,,1,
0,0,,0,고은영헤어,일반미용업,5,2012-02-17,,,,196629.060084473,445093.674876317,2026-05-01 22:32:23,I,02,폐업,,2011-03-25 16:56:56,2011-03-25,75.90,156-860,서울특별시 동작구 흑석동 102-130,N,,3190000-213-2011-00008,3190000,,,03,폐업,종합미용업,02-811-0645,2,,2,
,0,,0,미다몽헤어,일반미용업,4,2000-01-13,,,,,,2026-05-01 22:32:38,I,02,폐업,,2000-01-15 00:00:00,1997-05-08,38.43,138-210,서울특별시 송파구 장지동 산 408-18,N,,3230000-204-1997-01886,3230000,,,03,폐업,미용업,02-473-6750,0,0,,
,11,임대,1,세마헤어,일반미용업,9,2013-05-02,,,,207309.958050889,445467.870918803,2026-05-01 22:33:04,I,02,폐업,,2012-02-14 11:41:09,2005-04-01,148.50,138-861,서울특별시 송파구 잠실동 184-1 3층,N,,3230000-204-2005-00032,3230000,"서울특별시 송파구 올림픽로 116, 3층 (잠실동)",05558,03,폐업,미용업,02-418-6670,3,0,3,0
,,,,은아,일반미용업,3,2014-11-06,,,,197876.638186022,443284.040152882,2026-05-01 22:30:44,I,02,폐업,,2014-10-02 10:37:11,1985-08-03,17.15,156-814,서울특별시 동작구 사당동 64-41,N,,3190000-204-1985-00994,3190000,서울특별시 동작구 동작대로33길 109 (사당동),06991,03,폐업,미용업,02-0593-0345,,,,
,0,,0,마샬,일반미용업,3,2000-07-13,,,,,,2026-05-01 22:32:40,I,02,폐업,,2000-08-09 00:00:00,1998-06-10,16.24,138-210,서울특별시 송파구 장지동 산 222-166,N,,3230000-204-1998-00629,3230000,,,03,폐업,미용업,02-478-0067,0,0,,
,0,,0,김복수머리장터,일반미용업,3,1997-05-13,,,,,,2026-05-01 22:32:14,I,02,폐업,,2002-09-04 00:00:00,1991-11-11,17.60,138-210,서울특별시 송파구 장지동 산 311-80,N,,3230000-204-1991-00794,3230000,,,03,폐업,미용업,,0,0,,
0,1,,0,씨엘 네일,네일아트업,3,2020-11-10,,,,193556.22254697,444246.364147406,2026-05-01 22:32:36,I,02,폐업,0,2020-11-10 13:05:47,2017-06-13,11.55,156-811,서울특별시 동작구 대방동 393-62,N,0,3190000-215-2017-00007,3190000,"서울특별시 동작구 대방동길 6, 1층 102호 (대방동)",06953,03,폐업,네일미용업,,0,0,0,0
,0,,0,김자경뷰티라인,일반미용업,5,1998-05-30,,,,,,2026-05-01 22:32:06,I,02,폐업,,2002-09-04 00:00:00,1986-03-13,32.70,138-210,서울특별시 송파구 장지동 산 254-1,N,,3230000-204-1986-01455,3230000,,,03,폐업,미용업,02-416-5277,0,0,,
0,0,,0,헤어붐,일반미용업,3,,,,,193897.265054004,443871.91801515,2026-05-01 22:31:59,I,01,영업,0,2021-04-20 13:37:33,2017-03-31,21.12,156-844,서울특별시 동작구 상도동 296-1,N,0,3190000-211-2017-00010,3190000,"서울특별시 동작구 국사봉1길 101, 1층 (상도동)",07043,01,영업/정상,일반미용업,02-822-5554,1,,,
0,0,,0,에이바헤어 숭실대점,일반미용업,5,2024-04-01,,,,196034.308192045,443674.616938887,2026-05-01 22:31:58,I,02,폐업,1,2024-04-01 11:27:20,2015-11-09,88.16,156-030,서울특별시 동작구 상도동 502-6 동운빌딩,N,1,3190000-211-2015-00041,3190000,"서울특별시 동작구 사당로 14, 동운빌딩 2층 (상도동)",07027,03,폐업,일반미용업,02-3280-3277,,1,,
1,0,,0,라나왁싱,피부미용업,1,,,,,209496.980520591,445866.328718442,2026-05-01 22:35:28,I,01,영업,0,2024-05-01 14:09:09,2024-05-01,18.00,138-827,서울특별시 송파구 방이동 28-2 엘루이시티,N,0,3230000-212-2024-00016,3230000,"서울특별시 송파구 올림픽로30길 9, 엘루이시티 2층 204호 미소뷰티 내 원룸호 (방이동)",05542,01,영업/정상,피부미용업,,,,,
0,0,임대,0,美 by 성아,일반미용업,2,,,,,207163.22705481,445132.435339638,2026-05-01 22:35:37,I,01,영업,0,2020-04-27 14:11:17,2020-04-27,13.20,138-863,서울특별시 송파구 잠실동 218,N,0,3230000-213-2020-00027,3230000,"서울특별시 송파구 석촌호수로12길 43, 1층 (잠실동)",05563,01,영업/정상,종합미용업,,1,,1,
,,,,양미용실,일반미용업,3,,,,,207388.877884424,445204.088717952,2026-05-01 22:33:19,I,01,영업,,2005-07-14 00:00:00,2003-02-27,17.67,138-862,서울특별시 송파구 잠실동 206-5 1층,N,,3230000-211-1999-00004,3230000,"서울특별시 송파구 석촌호수로12길 18 (잠실동,1층)",05559,01,영업/정상,일반미용업,02-3431-7726,,,,
,,,,최정숙,일반미용업,4,1994-12-28,,,,,,2026-05-01 22:32:05,I,02,폐업,,2003-02-20 00:00:00,1985-02-02,50.16,138-160,서울특별시 송파구 가락동 000000,N,,3230000-204-1985-01689,3230000,,,03,폐업,미용업,02-414-2255,,,,
0,0,,0,샤샤네일,네일아트업,0,2019-11-06,,,,209430.450574499,445913.088912404,2026-05-01 22:35:53,I,02,폐업,0,2019-11-06 12:39:43,2016-02-16,23.00,138-827,서울특별시 송파구 방이동 22 대우유토피아오피스텔,N,0,3230000-215-2016-00056,3230000,"서울특별시 송파구 올림픽로 336, 대우유토피아  지하상가 B02호 (방이동)",05542,03,폐업,네일미용업,031-878-0823,1,,1,
2,0,임대,0,연두,네일아트업,4,2018-05-10,,,,210492.711926541,445643.889981483,2026-05-01 22:36:07,I,02,폐업,,2018-05-10 11:09:08,2011-01-20,33.00,138-830,서울특별시 송파구 방이동 168-17 지상1층,N,,3230000-218-2011-00001,3230000,"서울특별시 송파구 백제고분로50길 43, 지상1층 (방이동)",05628,03,폐업,"피부미용업, 네일미용업",02-421-8440,1,0,1,0
,,,,한혜준 헤어라인,일반미용업,3,2015-09-15,,,,192534.587323145,443841.068844236,2026-05-01 22:31:47,I,02,폐업,,2014-05-02 15:49:47,1988-08-03,20.16,156-851,서울특별시 동작구 신대방동 498-9,N,,3190000-211-1988-00008,3190000,서울특별시 동작구 여의대방로 86-1 (신대방동),07063,03,폐업,일반미용업,02-836-8014,,,,
,3,임대,1,오승빈헤어샵,일반미용업,3,2016-02-11,,,,197226.62489849,442521.20307911,2026-05-01 22:31:50,I,02,폐업,,2007-05-10 00:00:00,2003-04-01,16.17,156-883,서울특별시 동작구 사당동 246-13,N,,3190000-211-2003-00018,3190000,서울특별시 동작구 사당로8길 8 (사당동),07009,03,폐업,일반미용업,02-3486-3224,1,,1,
0,0,,0,기분전환,네일아트업,3,2017-11-08,,,,198161.292479758,443614.335996111,2026-05-01 22:32:33,I,02,폐업,1,2017-11-08 09:16:34,2016-01-13,21.56,156-080,서울특별시 동작구 동작동 333 이수힐스테이트 단지내 상가 209동 102호,N,0,3190000-215-2016-00003,3190000,"서울특별시 동작구 동작대로39길 22, 209동 102호 (동작동, 이수힐스테이트 단지내 상가)",06993,03,폐업,네일미용업,02-537-2978,1,,1,
,3,,0,필로소피헤어살롱,일반미용업,8,2014-07-16,,,,207849.576769863,445299.913591118,2026-05-01 22:33:10,I,02,폐업,,2014-07-22 17:23:23,2007-12-10,99.00,138-915,서울특별시 송파구 잠실동 35 트리지움단지내상가3층 313호,N,,3230000-204-2007-00113,3230000,"서울특별시 송파구 잠실로 62 (잠실동,트리지움단지내상가3층 313호)",05555,03,폐업,미용업,02-416-1397,,,,
,2,임대,,김애니헤어플러스,일반미용업,,2010-06-30,,,,210149.26634657,448364.723368836,2026-05-01 22:33:09,I,02,폐업,,2007-02-20 00:00:00,2007-02-20,23.00,138-873,서울특별시 송파구 풍납동 506 동아한가람(아)상가 101호,N,,3230000-204-2007-00017,3230000,,,03,폐업,미용업,02-488-3721,1,,1,
0,0,,0,스칼렛,일반미용업,3,,,,,207624.424720682,445533.439634339,2026-05-01 22:34:01,I,01,영업,,2019-02-14 10:46:36,2012-07-30,24.64,138-911,서울특별시 송파구 잠실동 22-6,N,,3230000-211-2012-00086,3230000,"서울특별시 송파구 올림픽로 145, 지하1층 A70-1,70-2호 (잠실동, 리센츠상가)",05502,01,영업/정상,일반미용업,02-412-9200,,1,,1
,,,,라벨르,일반미용업,4,2011-03-17,,,,211859.098333302,443429.624997271,2026-05-01 22:33:09,I,02,폐업,,2007-06-14 00:00:00,2007-06-14,52.80,138-812,서울특별시 송파구 가락동 189-13,N,,3230000-204-2007-00061,3230000,,,03,폐업,미용업,,,,,
1,0,,0,와와뷰티,피부미용업,4,,,,,,,2026-05-01 22:35:27,I,01,영업,0,2023-07-14 13:13:34,2023-07-14,25.02,138-888,서울특별시 송파구 문정동 652 송파법조타운푸르지오시티,N,0,3230000-212-2023-00025,3230000,"서울특별시 송파구 법원로4길 5, 송파법조타운푸르지오시티 3층 331호 (문정동)",05855,01,영업/정상,피부미용업,,,,,
7,0,임대,0,아이뽀 스파,피부미용업,7,2023-03-22,,,,211136.459181377,443596.237872251,2026-05-01 22:35:16,I,02,폐업,0,2023-03-22 12:09:51,2018-03-12,60.00,138-808,서울특별시 송파구 가락동 141-6,N,0,3230000-212-2018-00053,3230000,"서울특별시 송파구 동남로13길 30, 1층 101호 (가락동)",05825,03,폐업,피부미용업,02-3442-0111,,1,,1
0,0,,0,캣틱네일,일반미용업,4,2018-03-02,,,,197267.513868619,442526.629721158,2026-05-01 22:31:56,I,02,폐업,,2018-03-02 16:58:34,2013-10-07,54.74,156-883,서울특별시 동작구 사당동 248-5 거묵프리미엄 상가106호,N,,3190000-211-2013-00056,3190000,"서울특별시 동작구 사당로 196, 상가동 106호 (사당동)",07009,03,폐업,일반미용업,02-582-7280,1,,,
,,,,제니헤어클럽,일반미용업,3,2012-01-17,,,,197540.250838087,441569.058208929,2026-05-01 22:30:58,I,02,폐업,,2004-11-30 00:00:00,1998-03-13,19.77,156-827,서울특별시 동작구 사당동 1049-4,N,,3190000-204-1998-00315,3190000,,,03,폐업,미용업,02-525-5979,,,,
,3,임대,1,CM헤어,일반미용업,8,2009-05-26,,,,210487.141556962,443887.039075593,2026-05-01 22:33:06,I,02,폐업,,2008-07-30 10:31:58,2005-11-29,66.00,138-803,서울특별시 송파구 가락동 87 지상1층,N,,3230000-204-2005-00141,3230000,,,03,폐업,미용업,02-417-9791,1,,1,
,0,,0,이경은미용실,일반미용업,0,1999-02-08,,,,197143.029725269,442594.809396648,2026-05-01 22:30:48,I,02,폐업,,1999-02-22 00:00:00,1991-11-23,.00,156-879,서울특별시 동작구 사당동 224-26,N,,3190000-204-1991-00636,3190000,,,03,폐업,미용업,02-0523-5988,0,0,0,0
0,0,,0,헬로우컷 헬리오시티점,일반미용업,4,2021-03-04,,,,209412.197809542,443928.783342251,2026-05-01 22:34:28,I,02,폐업,0,2021-03-04 13:03:52,2019-02-28,33.60,138-883,서울특별시 송파구 가락동 479 헬리오시티,N,0,3230000-211-2019-00015,3230000,"서울특별시 송파구 송파대로 345, 001B동 B150호 (가락동, 헬리오시티)",05698,03,폐업,일반미용업,,,,,
,0,,0,명동미용실,일반미용업,2,2001-06-20,,,,,,2026-05-01 22:30:49,I,02,폐업,,2001-07-26 00:00:00,1991-11-06,15.88,156-818,서울특별시 동작구 사당동 168-29,N,,3190000-204-1991-00662,3190000,,,03,폐업,미용업,02-537-8988,0,0,0,0
,,,,아마빌레,일반미용업,,,,,,210434.060213074,443898.395646581,2026-05-01 22:33:20,I,01,영업,,2025-07-01 16:41:32,2003-02-27,.00,138-804,서울특별시 송파구 가락동 90-4,N,,3230000-211-2001-00002,3230000,서울특별시 송파구 중대로9길 45 (가락동),05711,01,영업/정상,일반미용업,02-409-2798,,,,
0,0,임대,0,그리다,네일아트업,2,2020-05-01,,,,209542.026723295,444970.887317989,2026-05-01 22:35:56,I,02,폐업,0,2020-05-01 12:42:06,2019-08-05,12.40,138-848,서울특별시 송파구 송파동 21-5 연빌딩,N,0,3230000-215-2019-00038,3230000,"서울특별시 송파구 백제고분로41길 6-5, 연빌딩 2층 201호 (송파동)",05621,03,폐업,네일미용업,,2,,2,
,,,,텔렌트,일반미용업,4,,,,,209393.712875487,444254.289486886,2026-05-01 22:33:15,I,01,영업,,2014-10-02 14:33:41,2002-02-27,19.80,138-846,서울특별시 송파구 석촌동 273-14,N,,3230000-211-1982-00002,3230000,서울특별시 송파구 가락로 94-10 (석촌동),05696,01,영업/정상,일반미용업,,,,,
0,0,임대,0,BRUSH 미용실,일반미용업,3,2025-02-28,,,,211102.925208227,442243.036327777,2026-05-01 22:34:32,I,02,폐업,0,2025-02-28 09:55:58,2021-04-15,42.90,138-200,서울특별시 송파구 문정동 71-2 광덕빌딩,N,0,3230000-211-2021-00016,3230000,"서울특별시 송파구 새말로8길 6, 광덕빌딩 1층 103호 (문정동)",05817,03,폐업,일반미용업,,1,,1,
,0,,0,엘에이,일반미용업,7,1998-04-20,,,,,,2026-05-01 22:32:04,I,02,폐업,,2002-09-04 00:00:00,1984-07-23,59.76,138-210,서울특별시 송파구 장지동 산 203-4,N,,3230000-204-1984-01710,3230000,,,03,폐업,미용업,02-0418-3722,0,0,,
0,0,,0,에스(S)컷앤펌,일반미용업,0,,,,,213696.755231712,443586.465553909,2026-05-01 22:34:37,I,01,영업,0,2025-10-21 11:47:29,2025-10-21,30.00,138-822,서울특별시 송파구 마천동 364-2,N,0,3230000-211-2025-00034,3230000,"서울특별시 송파구 성내천로 297, 2층 (마천동)",05760,01,영업/정상,일반미용업,,,,,
,3,,,헤어라인,일반미용업,3,2004-09-22,,,,208581.630194393,444593.574601893,2026-05-01 22:32:59,I,02,폐업,,2003-09-26 00:00:00,2003-09-26,25.00,138-842,서울특별시 송파구 석촌동 12-1,N,,3230000-204-2003-00299,3230000,,,03,폐업,미용업,02-418-7049,1,,1,
,2,임대,0,피오르떼,일반미용업,6,2015-09-09,,,,208570.23058604,444895.883501208,2026-05-01 22:33:44,I,02,폐업,,2015-09-11 12:51:02,2008-05-09,76.14,138-842,서울특별시 송파구 석촌동 1-1 신동아로잔뷰 지하1층 B208호,N,,3230000-211-2008-00050,3230000,"서울특별시 송파구 석촌호수로 188 (석촌동,신동아로잔뷰 지하1층 B208호)",05612,03,폐업,일반미용업,,1,,1,
,,,,레벨 엎,일반미용업,3,2007-03-06,,,,196177.608230897,443604.792897889,2026-05-01 22:31:05,I,02,폐업,,2007-03-12 00:00:00,2000-04-11,.00,156-030,서울특별시 동작구 상도동 504,N,,3190000-204-2000-01509,3190000,,,03,폐업,미용업,,,,,
5,0,,0,황실 피부미용,피부미용업,5,2023-10-16,,,,209201.165775308,444826.774906339,2026-05-01 22:35:25,I,02,폐업,0,2023-10-16 09:54:36,2022-03-23,104.97,138-844,서울특별시 송파구 석촌동 176 동훈빌딩,N,0,3230000-212-2022-00014,3230000,"서울특별시 송파구 백제고분로39길 14, 동훈빌딩 3층 (석촌동)",05616,03,폐업,피부미용업,,3,,3,
2,0,,0,최경숙피부관리실,피부미용업,2,2023-05-31,,,,208682.946639076,444522.26110806,2026-05-01 22:35:19,I,02,폐업,0,2023-05-31 11:46:22,2019-10-30,29.70,138-842,서울특별시 송파구 석촌동 15 제우빌딩,N,0,3230000-212-2019-00038,3230000,"서울특별시 송파구 백제고분로 293, 백제인삼사우나 지하1층 (석촌동)",05614,03,폐업,피부미용업,,,,,
0,0,,0,피넛네일(PINAT NAIL),네일아트업,2,,,,,193394.538706062,444040.843567772,2026-05-01 22:32:39,I,01,영업,1,2022-06-24 11:15:48,2022-06-24,21.00,156-855,서울특별시 동작구 신대방동 724 보라매자이 더 포레스트,N,0,3190000-215-2022-00008,3190000,"서울특별시 동작구 여의대방로22길 121, 상가동 1426호 (신대방동, 보라매자이 더 포레스트)",07056,01,영업/정상,네일미용업,,,,,
,0,,0,현대미용실,일반미용업,0,1999-11-20,,,,,,2026-05-01 22:30:40,I,02,폐업,,1999-12-03 00:00:00,1979-09-29,.00,156-031,서울특별시 동작구 상도1동 210-1,N,,3190000-204-1979-00854,3190000,,,03,폐업,미용업,02-0842-1591,0,0,0,0
0,0,,0,쏘아 뷰티샵,일반미용업,3,2020-08-14,,,,194178.850571032,444852.441799154,2026-05-01 22:32:49,I,02,폐업,,2020-08-14 14:52:18,2011-11-18,34.53,156-030,서울특별시 동작구 상도동 456 상도래미안1차아파트 상가동 104호,N,,3190000-220-2011-00001,3190000,"서울특별시 동작구 등용로 38, 상가동 104호 (상도동, 상도래미안1차아파트 )",06937,03,폐업,"일반미용업, 화장ㆍ분장 미용업",,,,,
1,0,,0,포유 에스테틱,피부미용업,4,2026-03-13,,,,209895.702319556,447471.180557382,2026-05-01 22:35:29,I,02,폐업,0,2026-03-13 15:48:00,2025-09-02,21.00,138-040,서울특별시 송파구 풍납동 508 한강극동아파트,N,0,3230000-212-2025-00030,3230000,"서울특별시 송파구 토성로 38-6, 상가동 1층 101-1호 (풍납동, 한강극동아파트)",05536,03,폐업,피부미용업,,,,,
,1,,0,이오 헤어클럽,일반미용업,3,2025-10-13,,,,210644.42555868,444952.275338368,2026-05-01 22:33:41,I,02,폐업,,2025-10-14 09:15:38,2008-02-15,37.00,138-836,서울특별시 송파구 방이동 223-7,N,,3230000-211-2008-00008,3230000,"서울특별시 송파구 오금로25길 27, 1층 (방이동)",05645,03,폐업,일반미용업,02-425-5337,,,,
4,0,,0,라라뷰티샾,피부미용업,4,2017-02-28,,,,209711.097792777,444306.899881165,2026-05-01 22:34:53,I,02,폐업,,2017-02-28 16:51:58,2013-04-23,100.00,138-847,서울특별시 송파구 석촌동 296-13 2층 202호,N,,3230000-212-2013-00010,3230000,"서울특별시 송파구 송파대로 373, 2층 202호 (석촌동)",05697,03,폐업,피부미용업,02-415-1533,2,,2,
0,0,,0,최수지헤어,일반미용업,5,2026-03-25,,,,212631.968657493,443089.54324724,2026-05-01 22:34:05,I,02,폐업,,2026-03-25 13:06:57,2014-01-27,32.00,138-110,서울특별시 송파구 거여동 293-1 세신훼밀리상가 지상2층 205호,N,,3230000-211-2014-00063,3230000,"서울특별시 송파구 양산로 12, 205호 (거여동, 세신훼밀리상가 )",05787,03,폐업,일반미용업,02-617-1983,2,,2,
0,0,,0,블루클럽 잠실새내점,일반미용업,3,,,,,207373.50021477,445545.656024061,2026-05-01 22:36:20,I,01,영업,0,2022-05-27 12:58:19,2022-05-27,33.28,138-908,서울특별시 송파구 잠실동 19-9 잠실파인애플상가,N,0,3230000-225-2022-00004,3230000,"서울특별시 송파구 올림픽로 119, 잠실파인애플상가 지하1층 06호 (잠실동)",05501,01,영업/정상,"일반미용업, 네일미용업, 화장ㆍ분장 미용업",,,1,,1
,0,,0,머시프로헤어,일반미용업,5,2001-06-20,,,,,,2026-05-01 22:30:56,I,02,폐업,,2001-07-24 00:00:00,1997-10-14,45.75,156-831,서울특별시 동작구 상도동 16-1 건영A상가3층 303호,N,,3190000-204-1997-00333,3190000,,,03,폐업,미용업,02-826-7635,0,0,0,0
,3,임대,1,우성아트헤어샾,일반미용업,4,,,,,192113.200600983,443344.373525343,2026-05-01 22:31:50,I,01,영업,,2020-07-16 14:48:24,2003-04-10,24.68,156-852,서울특별시 동작구 신대방동 565-0 우성상가 102호,N,,3190000-211-2003-00029,3190000,"서울특별시 동작구 여의대방로 22 (신대방동,우성상가 102호)",07065,01,영업/정상,일반미용업,02-834-7167,1,,1,
2,0,,0,예스쁘아 헤어뱅킹,일반미용업,2,2015-12-31,,,,212631.968657493,443089.54324724,2026-05-01 22:34:06,I,02,폐업,0,2015-11-04 09:17:36,2014-11-26,19.60,138-110,서울특별시 송파구 거여동 293-1 지상2층 213호,N,0,3230000-211-2014-00083,3230000,"서울특별시 송파구 양산로 12, 지상2층 213호 (거여동)",05787,03,폐업,일반미용업,,2,,2,
0,0,,0,루비나 B&C,일반미용업,8,,,,,193647.355446669,444093.130477082,2026-05-01 22:32:23,I,01,영업,,2014-05-08 09:00:43,2011-04-25,122.10,156-808,서울특별시 동작구 대방동 337-4 대영빌딩2층,N,,3190000-213-2011-00015,3190000,"서울특별시 동작구 국사봉1길 7 (대방동,대영빌딩2층)",07041,01,영업/정상,종합미용업,02-825-0002,,,,
0,0,,0,더(The)헤어,일반미용업,1,2020-08-10,,,,209001.844836661,446426.814182263,2026-05-01 22:34:01,I,02,폐업,,2020-08-10 17:35:57,2012-10-02,23.20,138-934,서울특별시 송파구 신천동 11 장미C상가 2층 204-1호,N,,3230000-211-2012-00088,3230000,"서울특별시 송파구 올림픽로35길 104, 장미C상가동 지상2층 204-1호 (신천동)",05504,03,폐업,일반미용업,02-413-6373,2,,2,
0,0,,0,수니헤어,일반미용업,3,2024-04-29,,,,210992.805062852,443339.734938818,2026-05-01 22:34:11,I,02,폐업,0,2024-04-29 13:17:26,2015-08-26,21.00,138-806,서울특별시 송파구 가락동 120-16 지상1층,N,0,3230000-211-2015-00076,3230000,"서울특별시 송파구 중대로12길 33, 지상1층 (가락동)",05832,03,폐업,일반미용업,02-3401-1339,1,,1,
3,0,,0,우디스 아로마 테라피,피부미용업,3,,,,,211144.632069249,444932.833553441,2026-05-01 22:35:02,I,01,영업,0,2015-06-03 16:13:17,2015-06-03,45.00,138-856,서울특별시 송파구 오금동 43 현대상가 A동 지하1층 10호,N,0,3230000-212-2015-00030,3230000,"서울특별시 송파구 오금로35길 17 (오금동, 현대상가 A동 지하1층 10호)",05658,01,영업/정상,피부미용업,02-400-4327,,,,
0,0,,0,와드 잠실점,일반미용업,0,,,,,209310.575810118,445304.185217596,2026-05-01 22:34:37,I,01,영업,0,2025-09-15 14:23:43,2025-09-15,208.80,138-849,서울특별시 송파구 송파동 32-3,N,0,3230000-211-2025-00031,3230000,"서울특별시 송파구 백제고분로41길 42-11, 2층 (송파동)",05623,01,영업/정상,일반미용업,,,,,
0,0,,0,깜비오,일반미용업,9,2018-12-19,,,,209643.820111077,445645.311153873,2026-05-01 22:34:24,I,02,폐업,0,2018-12-19 13:32:28,2017-11-03,132.00,138-829,서울특별시 송파구 방이동 71 호수빌딩,N,0,3230000-211-2017-00078,3230000,"서울특별시 송파구 오금로15길 16, 2층 (방이동)",05549,03,폐업,일반미용업,02-424-0830,2,,2,
,0,,0,휠라헤어필,일반미용업,4,2003-02-26,,,,,,2026-05-01 22:30:59,I,02,폐업,,2003-02-26 00:00:00,1998-02-25,21.00,156-030,서울특별시 동작구 상도동 759-0,N,,3190000-204-1998-01447,3190000,,,03,폐업,미용업,02-823-9378,0,0,0,0
0,2,,0,리안헤어 방이역점,일반미용업,6,2020-06-22,,,,211042.295147166,445201.044729283,2026-05-01 22:33:57,I,02,폐업,,2020-06-22 17:50:55,2011-08-05,132.00,138-835,서울특별시 송파구 방이동 207-11 칠보빌딩 2층,N,,3230000-211-2011-00082,3230000,"서울특별시 송파구 마천로 43, 2층 (방이동, 칠보빌딩)",05639,03,폐업,일반미용업,02-422-0444,0,0,0,0
,1,,1,salon de 5k,일반미용업,3,,,,,195527.364569207,444653.696745527,2026-05-01 22:31:52,I,01,영업,,2021-12-21 17:18:27,2006-04-25,27.54,156-830,서울특별시 동작구 상도1동 633-1,N,,3190000-211-2006-00020,3190000,서울특별시 동작구 상도로41가길 21-1 (상도1동),06968,01,영업/정상,일반미용업,02-813-7585,1,,1,
0,0,,0,단아한 작업실,일반미용업,3,,,,,207627.85634933,444935.058965888,2026-05-01 22:35:48,I,01,영업,0,2025-09-22 12:44:10,2025-09-22,36.35,138-864,서울특별시 송파구 잠실동 238-18 한빛빌딩,N,0,3230000-213-2025-00064,3230000,"서울특별시 송파구 삼전로9길 21, 한빛빌딩 1층 102호 (잠실동)",05565,01,영업/정상,종합미용업,,,,,
,0,,0,용봉미용실,일반미용업,3,2001-06-20,,,,195893.237100994,445479.461674629,2026-05-01 22:30:38,I,02,폐업,,2001-07-24 00:00:00,1974-10-08,22.95,156-060,서울특별시 동작구 본동 50-20,N,,3190000-204-1974-01031,3190000,,,03,폐업,미용업,02-0814-8190,0,0,0,0
2,0,,0,퀸네일,네일아트업,8,2021-07-21,,,,198295.843258378,442507.699069196,2026-05-01 22:32:51,I,02,폐업,1,2021-07-21 15:07:57,2016-02-04,40.44,156-816,서울특별시 동작구 사당동 147-53 골든시네마타워,N,0,3190000-222-2016-00003,3190000,"서울특별시 동작구 동작대로 89, 골든시네마타워 S-5호 (사당동)",07013,03,폐업,"네일미용업, 화장ㆍ분장 미용업",02-525-7413,2,,,
,2,,1,김연희헤어체크,일반미용업,3,2009-02-06,,,,195587.160077225,444262.465928196,2026-05-01 22:31:38,I,02,폐업,,2009-02-11 10:33:14,2006-10-20,19.50,156-836,서울특별시 동작구 상도1동 361-3,N,,3190000-204-2006-00044,3190000,,,03,폐업,미용업,,1,,1,
,,임대,,프로포즈헤어,일반미용업,4,2016-08-31,,,,212956.749189002,443330.087604434,2026-05-01 22:33:33,I,02,폐업,,2014-09-02 16:26:34,2006-09-05,26.40,138-814,서울특별시 송파구 거여동 30-16 (1층),N,,3230000-211-2006-00028,3230000,"서울특별시 송파구 오금로64길 10 (거여동,(1층))",05773,03,폐업,일반미용업,02-404-4135,1,,,
,1,,,네페르,일반미용업,3,2007-05-03,,,,209276.661384383,445281.64560047,2026-05-01 22:33:09,I,02,폐업,,2007-04-05 00:00:00,2007-04-05,30.54,138-849,서울특별시 송파구 송파동 32-1 1층108호,N,,3230000-204-2007-00032,3230000,,,03,폐업,미용업,,,,,
,,,,명동헤어숍,일반미용업,4,2019-08-13,,,,197312.163606412,442881.414377891,2026-05-01 22:31:48,I,02,폐업,,2019-08-13 09:38:22,1991-10-31,20.44,156-818,서울특별시 동작구 사당동 169-32,N,,3190000-211-1991-00009,3190000,서울특별시 동작구 사당로13길 86 (사당동),07003,03,폐업,일반미용업,,,,,
1,0,자가,0,수라인,메이크업업,3,,,,,207553.918225133,445383.338011122,2026-05-01 22:35:37,I,01,영업,0,2020-05-04 10:13:40,2020-05-04,20.20,138-915,서울특별시 송파구 잠실동 35-2 트리지움,N,0,3230000-213-2020-00031,3230000,"서울특별시 송파구 석촌호수로 61, 트리지움상가 209호 (잠실동)",05555,01,영업/정상,종합미용업,,2,,2,
3,0,,0,솔미인 뷰티바,피부미용업,2,2017-01-19,,,,209640.808434801,444797.172914242,2026-05-01 22:35:05,I,02,폐업,0,2016-05-31 16:53:03,2016-05-31,41.00,138-850,서울특별시 송파구 송파동 87-20,N,0,3230000-212-2016-00031,3230000,"서울특별시 송파구 송파대로42길 20, 201호 (송파동)",05667,03,폐업,피부미용업,02-415-6480,2,,2,
0,2,,0,칼라피플,일반미용업,4,2020-05-28,,,,193989.784465803,444270.475663847,2026-05-01 22:31:53,I,02,폐업,,2020-05-28 14:21:20,2009-12-10,33.00,156-839,서울특별시 동작구 상도동 346-15 1층,N,,3190000-211-2009-00016,3190000,"서울특별시 동작구 성대로1길 5, 1층 (상도동)",06959,03,폐업,일반미용업,,1,,,
0,0,,0,벨르 하우스,피부미용업,4,2017-12-26,,,,207173.976385328,445156.455796039,2026-05-01 22:35:01,I,02,폐업,,2017-12-26 17:56:38,2014-05-09,29.70,138-862,서울특별시 송파구 잠실동 201-13 지상1층,N,,3230000-212-2014-00061,3230000,"서울특별시 송파구 석촌호수로12길 42, 지상1층 (잠실동)",05563,03,폐업,피부미용업,,1,,1,
1,0,,0,가인 속눈썹,일반미용업,1,2020-06-23,,,,207624.424720682,445533.439634339,2026-05-01 22:35:33,I,02,폐업,0,2020-06-23 09:55:38,2015-02-10,24.64,138-911,서울특별시 송파구 잠실동 22-6 리센츠,N,0,3230000-213-2015-00001,3230000,"서울특별시 송파구 올림픽로 145, 리센츠 상가 지하1층 C11호 (잠실동)",05502,03,폐업,종합미용업,02-2203-5689,,,,
0,0,임대,0,네일로운,네일아트업,3,2025-06-27,,,,209219.191144283,444182.219682377,2026-05-01 22:35:56,I,02,폐업,0,2025-06-27 16:30:41,2020-11-06,19.14,138-846,서울특별시 송파구 석촌동 254-1 파크팰리스,N,0,3230000-215-2020-00027,3230000,"서울특별시 송파구 가락로12길 4, 1층 110호 (석촌동, 파크팰리스)",05695,03,폐업,네일미용업,,1,,1,
,,임대,,여성시대,일반미용업,3,2010-12-13,,,,211101.67104835,443382.119202427,2026-05-01 22:33:09,I,02,폐업,,2007-03-08 00:00:00,2007-03-08,30.00,138-807,서울특별시 송파구 가락동 127-14 1층,N,,3230000-204-2007-00025,3230000,,,03,폐업,미용업,,1,,1,
0,0,,0,인투셀 두피탈모 케어 솔루션,일반미용업,3,2023-11-14,,,,212641.295329373,441934.252100339,2026-05-01 22:34:33,I,02,폐업,0,2023-11-14 13:11:44,2022-04-11,109.86,138-926,서울특별시 송파구 장지동 884 위례2차아이파크,N,0,3230000-211-2022-00012,3230000,"서울특별시 송파구 위례광장로 230, 상가-1동 2층 A212호 (장지동, 위례2차아이파크)",05849,03,폐업,일반미용업,,2,,2,
1,0,,0,브로우영,피부미용업,1,2024-03-28,,,,207370.752606056,445426.25322676,2026-05-01 22:35:42,I,02,폐업,0,2024-03-28 14:36:08,2022-12-26,24.10,138-861,서울특별시 송파구 잠실동 183-4,N,0,3230000-213-2022-00066,3230000,"서울특별시 송파구 백제고분로7길 49, 3층 303호 (잠실동)",05558,03,폐업,종합미용업,,,,,
,,,,전영선헤어타운,일반미용업,3,2010-05-01,,,,194518.281659565,445095.162744585,2026-05-01 22:30:44,I,02,폐업,,2004-11-25 00:00:00,1986-09-10,26.84,156-806,서울특별시 동작구 노량진동 313-91,N,,3190000-204-1986-00989,3190000,,,03,폐업,미용업,02-815-2121,,,,
1,0,임대,0,퀸 레드스킨,피부미용업,3,,,,,210045.748264305,442930.687284628,2026-05-01 22:35:22,I,01,영업,0,2020-03-20 15:43:16,2020-03-20,28.35,138-885,서울특별시 송파구 문정동 150 올림픽훼밀리타운,N,0,3230000-212-2020-00007,3230000,"서울특별시 송파구 중대로 24, 상가1동 137호 (문정동, 올림픽훼밀리타운)",05834,01,영업/정상,피부미용업,02-408-1171,1,,1,
0,0,임대,0,아르떼 헤어,일반미용업,3,2019-05-22,,,,213030.20852974,443404.076071301,2026-05-01 22:33:56,I,02,폐업,,2019-05-22 11:24:11,2011-02-28,26.40,138-814,서울특별시 송파구 거여동 32-2 지상1층 102호,N,,3230000-211-2011-00055,3230000,"서울특별시 송파구 오금로 534, 지상1층 102호 (거여동)",05774,03,폐업,일반미용업,02-443-2344,1,,1,
,,,,소영헤어샵,일반미용업,,,,,,195091.301871261,444629.254771013,2026-05-01 22:31:58,I,01,영업,,2019-02-26 21:09:07,2016-04-12,16.00,156-831,서울특별시 동작구 상도동 156-40 101호,N,,3190000-211-2016-00016,3190000,서울특별시 동작구 상도로30길 82 (상도동),06965,01,영업/정상,일반미용업,,,,,
2,0,임대,0,눈썹에 반하다,메이크업업,2,,,,,211814.82710746,443471.705810971,2026-05-01 22:35:37,I,01,영업,0,2020-02-05 14:30:05,2020-02-05,82.07,138-812,서울특별시 송파구 가락동 189-8,N,0,3230000-213-2020-00008,3230000,"서울특별시 송파구 동남로18길 39, 2층 (가락동)",05782,01,영업/정상,종합미용업,,2,,2,
,0,,0,호선미용실,일반미용업,6,1996-05-17,,,,,,2026-05-01 22:32:26,I,02,폐업,,2002-09-04 00:00:00,1996-02-07,41.51,138-210,서울특별시 송파구 장지동 산 126-2,N,,3230000-204-1996-00335,3230000,,,03,폐업,미용업,02-400-7511,0,0,,
,0,,0,사랑미용실,일반미용업,0,1993-04-06,,,,196463.797988977,445066.819245821,2026-05-01 22:30:41,I,02,폐업,,2001-09-29 00:00:00,1979-03-15,.00,156-861,서울특별시 동작구 흑석동 183-42,N,,3190000-204-1979-01000,3190000,,,03,폐업,미용업,02-0813-1475,0,0,0,0
1,0,,0,힐링디톡스족욕,피부미용업,1,2020-12-22,,,,192170.155815215,443599.41901313,2026-05-01 22:32:18,I,02,폐업,1,2020-12-22 15:19:10,2020-08-04,22.80,156-855,서울특별시 동작구 신대방동 707 현대상가,N,0,3190000-212-2020-00004,3190000,"서울특별시 동작구 여의대방로 30, 현대상가 현대상가A동 지하층 102호 (신대방동)",07064,03,폐업,피부미용업,,,,,
0,0,,0,로이드밤 잠실송파점,일반미용업,10,,,,,209676.418724217,444469.52835088,2026-05-01 22:36:21,I,01,영업,0,2024-08-27 16:49:33,2023-05-02,38.00,138-850,서울특별시 송파구 송파동 96-6 창영빌딩,N,0,3230000-225-2023-00009,3230000,"서울특별시 송파구 송파대로 388, 창영빌딩 3층 (송파동)",05668,01,영업/정상,"일반미용업, 네일미용업, 화장ㆍ분장 미용업",,,,,
,0,,0,다정,일반미용업,5,1999-12-09,,,,,,2026-05-01 22:32:12,I,02,폐업,,2000-01-03 00:00:00,1989-12-28,24.18,138-210,서울특별시 송파구 장지동 산 100-17,N,,3230000-204-1989-01837,3230000,,,03,폐업,미용업,02-412-3057,0,0,,
,0,임대,0,두바치헤어,일반미용업,4,,,,,211120.631776592,442398.657540067,2026-05-01 22:33:42,I,01,영업,,2014-09-25 17:47:33,2008-05-15,36.20,138-200,서울특별시 송파구 문정동 89-10 지상1층,N,,3230000-211-2008-00037,3230000,"서울특별시 송파구 문정로4길 29, 지상1층 (문정동)",05809,01,영업/정상,일반미용업,02-3401-2339,1,,1,
0,0,,0,그녀들의 시선,네일아트업,2,2021-11-11,,,,192170.155815215,443599.41901313,2026-05-01 22:32:37,I,02,폐업,0,2021-11-10 17:00:52,2019-01-15,21.00,156-855,서울특별시 동작구 신대방동 707 현대상가,N,0,3190000-215-2019-00002,3190000,"서울특별시 동작구 여의대방로 30, 현대상가 112동 A306호 (신대방동)",07064,03,폐업,네일미용업,,3,,3,
2,0,,0,스파리프레쉬,피부미용업,2,,,,,212501.788582267,442688.895777729,2026-05-01 22:35:25,I,01,영업,0,2022-04-13 16:46:54,2022-04-13,50.44,138-110,서울특별시 송파구 거여동 604-2,N,0,3230000-212-2022-00018,3230000,"서울특별시 송파구 위례서로 244, 2층 204호 (거여동)",05790,01,영업/정상,피부미용업,,2,,2,
,,,,히즈모 석촌호수점,일반미용업,,2005-10-10,,,,209356.762587528,445125.674907709,2026-05-01 22:32:53,I,02,폐업,,2003-06-13 00:00:00,2003-02-27,.00,138-848,서울특별시 송파구 송파동 11-2,N,,3230000-204-2002-02414,3230000,,,03,폐업,미용업,02-2203-5358,,,,
0,0,,0,머리채미용실,일반미용업,2,2017-06-19,,,,192095.363410035,442866.183394208,2026-05-01 22:31:59,I,02,폐업,0,2017-06-19 13:48:17,2017-04-26,20.00,156-854,서울특별시 동작구 신대방동 691-34,N,0,3190000-211-2017-00018,3190000,"서울특별시 동작구 신대방길 21, 1층 (신대방동)",07070,03,폐업,일반미용업,,1,,,
,3,임대,,프로헤어,일반미용업,6,,,,,211453.050926808,443165.755655708,2026-05-01 22:33:37,I,01,영업,,2014-09-02 16:49:05,2007-01-19,45.00,138-823,서울특별시 송파구 문정동 1 문정삼성래미안상가 2층 206호,N,,3230000-211-2007-00004,3230000,"서울특별시 송파구 문정로 83 (문정동,문정삼성래미안상가 2층 206호)",05794,01,영업/정상,일반미용업,02-402-3413,2,,2,
,,,,멀티헤어,일반미용업,,2004-05-01,,,,,,2026-05-01 22:32:58,I,02,폐업,,2003-05-06 00:00:00,2003-05-06,.00,138-815,서울특별시 송파구 거여동 216-5,N,,3230000-204-2003-00190,3230000,,,03,폐업,미용업,02-409-4328,,,,
,,,,영헤어코코,일반미용업,,2024-05-20,,,,210304.9828559,445733.233164401,2026-05-01 22:33:21,I,02,폐업,,2024-05-20 15:24:33,2003-02-27,33.00,138-830,서울특별시 송파구 방이동 174-14,N,,3230000-211-2003-00016,3230000,"서울특별시 송파구 백제고분로50길 21, 1층 105호 (방이동)",05627,03,폐업,일반미용업,02-422-5760,,,,
,0,임대,0,템테이션,일반미용업,8,2013-11-08,,,,210347.896261833,445223.302609891,2026-05-01 22:33:11,I,02,폐업,,2009-02-10 09:25:54,2009-02-10,62.00,138-831,서울특별시 송파구 방이동 126-3 지상1층,N,,3230000-204-2009-00011,3230000,,,03,폐업,미용업,,1,,1,
0,0,,0,나예 미용실,일반미용업,3,,,,,209545.124492017,444691.754825123,2026-05-01 22:34:31,I,01,영업,0,2021-01-28 10:25:51,2021-01-28,26.00,138-850,서울특별시 송파구 송파동 87-6 장안빌딩,N,0,3230000-211-2021-00005,3230000,"서울특별시 송파구 송파대로40길 1-32, 장안빌딩 1층 103호 (송파동)",05667,01,영업/정상,일반미용업,,,,,
0,0,임대,0,조희헤어샾,일반미용업,4,2025-12-30,,,,207733.630219003,444544.620389496,2026-05-01 22:35:37,I,02,폐업,0,2025-12-30 15:09:32,2020-04-27,40.00,138-837,서울특별시 송파구 삼전동 30-9,N,0,3230000-213-2020-00028,3230000,"서울특별시 송파구 삼전로6길 9, 1층 (삼전동)",05581,03,폐업,종합미용업,,1,,1,
,5,,0,리헤어,일반미용업,3,2012-03-22,,,,198161.19947378,441932.780172188,2026-05-01 22:32:22,I,02,폐업,,2010-03-30 11:06:07,2010-03-30,.00,156-826,서울특별시 동작구 사당동 1033-32,N,,3190000-213-2010-00011,3190000,,,03,폐업,종합미용업,02-521-7202,1,,,
0,0,임대,0,Kira's 헤어스타일,일반미용업,4,2017-05-11,,,,207937.700793355,444869.561836506,2026-05-01 22:33:54,I,02,폐업,,2017-05-11 16:54:29,2010-07-16,39.60,138-837,서울특별시 송파구 삼전동 4-6 1층,N,,3230000-211-2010-00096,3230000,"서울특별시 송파구 백제고분로21길 23, 1층 (삼전동)",05599,03,폐업,일반미용업,070-4530-9660,1,,1,
,0,,0,다모아미용실,일반미용업,0,1998-09-07,,,,,,2026-05-01 22:30:48,I,02,폐업,,2001-09-29 00:00:00,1990-08-04,.00,156-818,서울특별시 동작구 사당동 168-64,N,,3190000-204-1990-00884,3190000,,,03,폐업,미용업,02-599-8026,0,0,0,0
,,,,스칼렛헤어패션,일반미용업,5,2006-09-14,,,,209001.844836661,446426.814182263,2026-05-01 22:32:04,I,02,폐업,,2005-06-09 00:00:00,2003-02-27,24.94,138-934,서울특별시 송파구 신천동 11-0 장미C상가 207동,N,,3230000-204-1983-01498,3230000,,,03,폐업,미용업,,,,,
4,0,,0,심쿵,피부미용업,14,2021-09-10,,,,207204.149903202,445472.81494918,2026-05-01 22:36:08,I,02,폐업,0,2021-09-10 14:51:45,2017-02-03,33.06,138-861,서울특별시 송파구 잠실동 181-6 동성빌딩,N,0,3230000-218-2017-00001,3230000,"서울특별시 송파구 올림픽로 104, 3층 1호 (잠실동)",05557,03,폐업,"피부미용업, 네일미용업",,0,1,0,1
1,0,임대,0,요니크 래쉬,메이크업업,1,2023-01-02,,,,210932.203710521,442938.860265415,2026-05-01 22:36:10,I,02,폐업,0,2023-01-02 18:22:39,2019-09-04,14.80,138-825,서울특별시 송파구 문정동 41,N,0,3230000-219-2019-00010,3230000,"서울특별시 송파구 동남로4길 18, 1층 103호 (문정동)",05805,03,폐업,화장ㆍ분장 미용업,,,,,
0,0,,0,체리쉬,일반미용업,4,2023-11-30,,,,207624.424720682,445533.439634339,2026-05-01 22:33:55,I,02,폐업,,2023-11-30 12:54:13,2011-12-08,24.64,138-911,서울특별시 송파구 잠실동 22-6 리센츠상가 지하1층 A83호,N,,3230000-211-2011-00043,3230000,"서울특별시 송파구 올림픽로 145, 지하1층 A83호 (잠실동)",05502,03,폐업,일반미용업,02-2203-8883,,1,,1
,,,,극동,일반미용업,3,2009-07-30,,,,211663.023884921,443729.39590421,2026-05-01 22:32:05,I,02,폐업,,2009-04-03 10:41:27,2003-02-27,16.10,138-743,서울특별시 송파구 가락동 192 극동아파트 지하상가10호,N,,3230000-204-1986-00685,3230000,,,03,폐업,미용업,02-435-6691,,,,
4,0,,0,단비 에스테틱,피부미용업,4,2019-12-19,,,,209111.376940185,444186.526630913,2026-05-01 22:34:51,I,02,폐업,,2019-12-19 15:30:37,2012-10-17,33.00,138-845,서울특별시 송파구 석촌동 252-5 지상2층202호,N,,3230000-212-2012-00036,3230000,"서울특별시 송파구 가락로 68, 지상2층 202호 (석촌동)",05695,03,폐업,피부미용업,02-422-1025,2,,2,
0,0,,0,기분좋은변화,일반미용업,4,,,,,193900.079248072,444277.015716434,2026-05-01 22:32:23,I,01,영업,,2014-05-13 09:23:01,2011-04-01,69.30,156-839,서울특별시 동작구 상도동 343-1 2층,N,,3190000-213-2011-00011,3190000,"서울특별시 동작구 상도로 103 (상도동,2층)",06952,01,영업/정상,종합미용업,02-821-2872,2,,2,
,,,,삼미헤어샵,일반미용업,3,2020-05-04,,,,197932.090452738,442574.616109209,2026-05-01 22:31:49,I,02,폐업,,2020-05-04 09:29:01,1999-07-08,19.66,156-817,서울특별시 동작구 사당동 159-11,N,,3190000-211-1999-00001,3190000,서울특별시 동작구 사당로27길 35 (사당동),,03,폐업,일반미용업,02-534-0825,,,,
2,0,,0,올망졸망네일,네일아트업,8,2023-02-28,,,,,,2026-05-01 22:36:23,I,02,폐업,0,2023-02-28 14:23:19,2022-09-27,41.20,138-888,서울특별시 송파구 문정동 652 송파법조타운푸르지오시티,N,0,3230000-226-2022-00002,3230000,"서울특별시 송파구 법원로4길 5, 송파법조타운푸르지오시티상가 2층 205호 (문정동)",05855,03,폐업,"피부미용업, 네일미용업, 화장ㆍ분장 미용업",,,,,
0,0,,0,상해미용실,일반미용업,3,2011-06-01,,,,194413.404713108,445538.601143672,2026-05-01 22:31:41,I,02,폐업,,2010-09-15 16:21:13,2010-09-15,.00,156-804,서울특별시 동작구 노량진동 256-50 (1층),N,,3190000-204-2010-00004,3190000,,,03,폐업,미용업,,,,,
0,0,임대,0,헤어 라비,일반미용업,4,,,,,213216.505756784,443524.643007413,2026-05-01 22:34:32,I,01,영업,0,2021-06-15 14:00:51,2021-06-15,43.93,138-815,서울특별시 송파구 거여동 234 e편한세상 송파 파크센트럴,N,0,3230000-211-2021-00029,3230000,"서울특별시 송파구 오금로 551, 208동 상가 209호 (거여동, e편한세상 송파 파크센트럴)",05764,01,영업/정상,일반미용업,,2,,2,
0,0,임대,0,수미용실,일반미용업,3,2012-10-12,,,,210929.436228543,442428.00220931,2026-05-01 22:33:14,I,02,폐업,,2010-12-23 16:29:40,2010-12-23,36.00,138-826,서울특별시 송파구 문정동 58-16,N,,3230000-204-2010-00148,3230000,,,03,폐업,미용업,,,1,,1
0,0,,0,이링,일반미용업,4,2023-06-02,,,,208371.886823607,444728.408643031,2026-05-01 22:34:22,I,02,폐업,0,2023-06-02 14:45:44,2017-07-14,25.00,138-840,서울특별시 송파구 삼전동 115-12,N,0,3230000-211-2017-00052,3230000,"서울특별시 송파구 백제고분로31길 23, 1층 (삼전동)",05601,03,폐업,일반미용업,02-6402-0126,1,,1,
0,1,,0,B.relieve(비릴리브),네일아트업,5,2021-05-31,,,,,,2026-05-01 22:35:56,I,02,폐업,0,2021-05-31 11:05:33,2020-08-07,38.78,138-888,서울특별시 송파구 문정동 652-5 문정아이파크,N,0,3230000-215-2020-00022,3230000,"서울특별시 송파구 법원로4길 6, 문정아이파크 1동 1층 132-1호 (문정동)",05855,03,폐업,네일미용업,,,,,
0,0,임대,0,청담피부관리,피부미용업,1,,,,,209535.293856198,444388.263142818,2026-05-01 22:35:22,I,01,영업,0,2020-02-12 15:55:04,2020-02-12,9.90,138-847,서울특별시 송파구 석촌동 295-10 금도빌딩,N,0,3230000-212-2020-00005,3230000,"서울특별시 송파구 가락로 113, 2층 202호 (석촌동)",05687,01,영업/정상,피부미용업,,2,,2,
,,,,연리지,일반미용업,,2003-04-12,,,,208808.460094719,446014.471916419,2026-05-01 22:32:55,I,02,폐업,,2003-04-12 00:00:00,2003-01-04,.00,138-934,서울특별시 송파구 신천동 7-13 향군회관 별관,N,,3230000-204-2003-00007,3230000,,,03,폐업,미용업,02-424-0313,,,,
4,0,,0,몸편한세상,피부미용업,4,2020-02-24,,,,209502.988374958,444909.24656303,2026-05-01 22:35:12,I,02,폐업,0,2020-02-24 11:39:29,2017-08-16,99.17,138-848,서울특별시 송파구 송파동 19-8,N,0,3230000-212-2017-00025,3230000,"서울특별시 송파구 백제고분로 385, 2층 (송파동)",05626,03,폐업,피부미용업,02-423-1727,,,,
,0,,0,선정미용실,일반미용업,0,1996-01-24,,,,195043.238818431,444577.880458396,2026-05-01 22:30:46,I,02,폐업,,2001-09-29 00:00:00,1989-12-20,.00,156-831,서울특별시 동작구 상도동 156-11,N,,3190000-204-1989-00782,3190000,,,03,폐업,미용업,02-812-6717,0,0,0,0
0,0,임대,0,샤인헤어,일반미용업,3,2024-07-17,,,,208187.623477261,445589.718583334,2026-05-01 22:35:37,I,02,폐업,0,2024-07-17 12:05:37,2020-02-06,21.00,138-916,서울특별시 송파구 잠실동 27-6 잠실주공아파트,N,0,3230000-213-2020-00010,3230000,"서울특별시 송파구 올림픽로 203, 잠실주공아파트 상가동 2층 245호의 일부호 (잠실동)",05503,03,폐업,종합미용업,02-421-2198,2,,2,
,,,,헤어쿠데타,일반미용업,,2012-11-09,,,,194689.174788011,444373.162899395,2026-05-01 22:32:25,I,02,폐업,,2012-10-31 11:23:39,2012-10-31,.00,156-838,서울특별시 동작구 상도동 204-45,N,,3190000-213-2012-00048,3190000,서울특별시 동작구 장승배기로 41 (상도동),06958,03,폐업,종합미용업,02-821-0120,,,,
2,0,임대,0,제이엠커브,피부미용업,2,,,,,212569.252309346,442123.304850852,2026-05-01 22:35:17,I,01,영업,0,2019-04-04 11:59:09,2019-04-04,92.76,138-926,서울특별시 송파구 장지동 881-5 에스비트램스퀘어,N,0,3230000-212-2019-00018,3230000,"서울특별시 송파구 위례광장로 200, 에스비트램스퀘어 5층 504호 (장지동)",05849,01,영업/정상,피부미용업,1522-9087,5,,5,
9,0,,0,시카고뷰티랩 월드타워점,피부미용업,10,2023-03-15,,,,209074.900840074,445657.80932984,2026-05-01 22:35:23,I,02,폐업,0,2023-03-15 09:10:06,2020-08-03,534.50,138-934,서울특별시 송파구 신천동 29 롯데월드타워앤드롯데월드몰,N,0,3230000-212-2020-00022,3230000,"서울특별시 송파구 올림픽로 300, 롯데월드몰 지하1층 (신천동)",05551,03,폐업,피부미용업,,,,,
,,,,헤어스케치,일반미용업,4,2008-09-16,,,,195018.222482012,445502.784731271,2026-05-01 22:31:36,I,02,폐업,,2007-03-20 00:00:00,2005-10-17,24.75,156-801,서울특별시 동작구 노량진동 119-157,N,,3190000-204-2005-00044,3190000,,,03,폐업,미용업,,1,,1,
0,0,,0,전혜영미용실,일반미용업,2,,,,,209895.702319556,447471.180557382,2026-05-01 22:33:58,I,01,영업,,2018-03-09 10:47:42,2012-05-21,21.00,138-040,서울특별시 송파구 풍납동 508,N,,3230000-211-2012-00027,3230000,"서울특별시 송파구 토성로 38-6, 1층 103-1호 (풍납동, 한강극동아파트 상가)",05536,01,영업/정상,일반미용업,02-471-2932,1,,1,
,,,,쵸이토탈미용실,일반미용업,3,2003-02-26,,,,,,2026-05-01 22:32:05,I,02,폐업,,2003-03-17 00:00:00,1985-09-07,15.94,138-210,서울특별시 송파구 장지동 산 44-0 현대아케이드11,N,,3230000-204-1985-01122,3230000,,,03,폐업,미용업,02-402-7737,,,,
0,0,,0,리리네일,네일아트업,3,,,,,193790.522909976,443823.890954949,2026-05-01 22:32:42,I,01,영업,0,2025-10-31 14:14:00,2025-10-31,20.00,156-846,서울특별시 동작구 상도동 299-58,N,0,3190000-215-2025-00012,3190000,"서울특별시 동작구 국사봉길 74, 1층 (상도동)",07052,01,영업/정상,네일미용업,,,,,
,,,,쟈끄데상쥬(문정로데오점),일반미용업,,2007-10-01,,,,210891.781964665,443157.6312964,2026-05-01 22:32:58,I,02,폐업,,2005-12-07 00:00:00,2003-02-27,.00,138-806,서울특별시 송파구 가락동 107-17 2층,N,,3230000-204-2003-00228,3230000,,,03,폐업,미용업,02-3401-6226,,,,
,4,임대,1,가위소리,일반미용업,3,2013-02-07,,,,193449.526856212,443677.492507752,2026-05-01 22:31:32,I,02,폐업,,2007-02-09 00:00:00,2005-01-13,21.74,156-847,서울특별시 동작구 신대방동 344-62,N,,3190000-204-2005-00003,3190000,서울특별시 동작구 보라매로11길 7 (신대방동),07061,03,폐업,미용업,,1,,1,
,0,임대,0,엠엔제이 애비뉴,일반미용업,5,2011-02-28,,,,210167.681538334,444578.380502317,2026-05-01 22:33:11,I,02,폐업,,2010-05-10 14:59:14,2008-11-18,55.79,138-854,서울특별시 송파구 송파동 100-1 지상1층,N,,3230000-204-2008-00090,3230000,,,03,폐업,미용업,,1,,1,
2,0,임대,0,DORE#(도레샵),일반미용업,2,2020-09-07,,,,212524.306739955,442109.564102077,2026-05-01 22:35:36,I,02,폐업,0,2020-09-07 13:31:11,2019-11-26,43.65,138-926,서울특별시 송파구 장지동 881 아이온스퀘어,N,0,3230000-213-2019-00050,3230000,"서울특별시 송파구 위례광장로 188, 아이온스퀘어 1층 132호 (장지동)",05849,03,폐업,종합미용업,,1,,1,
,0,,0,예지,일반미용업,3,2003-02-26,,,,197407.876600943,441967.227232765,2026-05-01 22:30:49,I,02,폐업,,2003-02-26 00:00:00,1991-04-17,.00,156-821,서울특별시 동작구 사당동 306-15,N,,3190000-204-1991-00664,3190000,,,03,폐업,미용업,02-0522-0111,0,0,0,0
0,0,,0,박승철헤어스투디오잠실홈플러스점,일반미용업,16,2021-12-08,,,,209039.148023482,446007.966801057,2026-05-01 22:33:55,I,02,폐업,,2021-12-08 10:10:47,2011-10-20,138.80,138-934,서울특별시 송파구 신천동 7-12 잠실홈플러스 4층,N,,3230000-211-2011-00028,3230000,"서울특별시 송파구 올림픽로35가길 16 (신천동,잠실홈플러스 4층)",05510,03,폐업,일반미용업,02-423-3325,4,,4,
1,0,임대,0,쉬즈네일,네일아트업,3,,,,,210045.748264305,442930.687284628,2026-05-01 22:35:56,I,01,영업,0,2019-11-07 16:29:24,2019-11-07,13.20,138-885,서울특별시 송파구 문정동 150 올림픽훼밀리타운,N,0,3230000-215-2019-00044,3230000,"서울특별시 송파구 중대로 24, 상가동 1층 112호 (문정동, 올림픽훼밀리타운)",05834,01,영업/정상,네일미용업,,,,,
,0,,0,고해숙,일반미용업,4,1992-11-24,,,,,,2026-05-01 22:32:05,I,02,폐업,,2002-09-04 00:00:00,1985-03-20,28.98,138-210,서울특별시 송파구 장지동 산 142-1,N,,3230000-204-1985-01663,3230000,,,03,폐업,미용업,02-0418-4157,0,0,,
0,0,임대,0,쎄씨벨,일반미용업,5,,,,,211619.368009793,445963.384875409,2026-05-01 22:33:52,I,01,영업,,2025-07-01 09:15:13,2010-04-19,20.50,138-829,서울특별시 송파구 방이동 89-11 올림픽프라자,N,,3230000-211-2010-00035,3230000,"서울특별시 송파구 양재대로 1222, 올림픽프라자 중심상가 1층 179호 (방이동)",05648,01,영업/정상,일반미용업,02-409-0106,3,,3,
0,0,,0,에셀나무,일반미용업,3,2019-03-20,,,,210387.973612288,445526.719982199,2026-05-01 22:35:35,I,02,폐업,0,2019-03-20 14:48:26,2018-03-30,23.00,138-830,서울특별시 송파구 방이동 158-17,N,0,3230000-213-2018-00009,3230000,"서울특별시 송파구 가락로39길 8, 1층 (방이동)",05629,03,폐업,종합미용업,,1,,1,
,1,,0,현 헤어아트,일반미용업,3,2018-08-20,,,,212587.952595962,443623.645512747,2026-05-01 22:33:40,I,02,폐업,,2018-08-20 11:07:26,2007-08-29,36.00,138-813,서울특별시 송파구 거여동 23-8 1층,N,,3230000-211-2007-00044,3230000,"서울특별시 송파구 거마로3길 16 (거여동,1층)",05744,03,폐업,일반미용업,02-3012-9959,,,,
,,임대,,샹스,일반미용업,3,2012-03-02,,,,207696.671505985,445042.177286421,2026-05-01 22:33:06,I,02,폐업,,2005-12-07 00:00:00,2005-11-15,30.00,138-864,서울특별시 송파구 잠실동 243,N,,3230000-204-2005-00131,3230000,,,03,폐업,미용업,02-414-1266,2,,2,
0,0,,0,르엘네일,네일아트업,3,,,,,209930.508954029,445922.323908115,2026-05-01 22:35:45,I,01,영업,0,2024-11-28 17:37:02,2024-11-28,7.00,138-828,서울특별시 송파구 방이동 48-5 현대주상복합빌딩,N,0,3230000-213-2024-00071,3230000,"서울특별시 송파구 오금로11길 55, 2층 213-32호 (방이동, 현대주상복합빌딩)",05545,01,영업/정상,종합미용업,,,,,
0,0,,0,네일젤라지오골드점,네일아트업,4,2021-03-29,,,,,,2026-05-01 22:35:55,I,02,폐업,0,2021-03-29 12:13:32,2019-02-01,30.00,138-888,서울특별시 송파구 문정동 642 송파 테라타워2,N,0,3230000-215-2019-00006,3230000,"서울특별시 송파구 송파대로 201, 송파 테라타워2 A동 209호 (문정동)",05854,03,폐업,네일미용업,,,,,
2,0,,0,리플리(ripply lash),피부미용업,2,2019-02-11,,,,208707.089897534,446299.352775446,2026-05-01 22:36:07,I,02,폐업,,2019-02-11 09:08:29,2014-06-20,28.76,138-934,서울특별시 송파구 신천동 7 장미B상가 1동 221호,N,,3230000-218-2014-00002,3230000,"서울특별시 송파구 올림픽로35길 112, 1동 221호 (신천동, 장미B상가 )",05504,03,폐업,"피부미용업, 네일미용업",02-422-0056,2,,2,
,0,,0,하나,일반미용업,2,1997-12-17,,,,,,2026-05-01 22:32:06,I,02,폐업,,2002-09-04 00:00:00,1986-09-30,11.52,138-210,서울특별시 송파구 장지동 산 141-17,N,,3230000-204-1986-01559,3230000,,,03,폐업,미용업,02-400-5303,0,0,,
0,0,,0,유앤아이,네일아트업,2,2019-09-30,,,,194140.089560522,443988.786438545,2026-05-01 22:32:51,I,02,폐업,0,2019-09-30 15:44:48,2017-05-11,19.00,156-844,서울특별시 동작구 상도동 259-83,N,0,3190000-222-2017-00002,3190000,"서울특별시 동작구 성대로 65, 1층 (상도동)",,03,폐업,"네일미용업, 화장ㆍ분장 미용업",,1,,,
0,0,,0,루시르 헤어,일반미용업,4,2020-11-30,,,,192066.829417081,442798.55293599,2026-05-01 22:31:58,I,02,폐업,1,2020-11-30 16:07:25,2015-11-04,46.20,156-854,서울특별시 동작구 신대방동 692-26 101호,N,0,3190000-211-2015-00040,3190000,"서울특별시 동작구 대림로 20, 1층 101호 (신대방동)",07070,03,폐업,일반미용업,02-832-4822,1,,1,
0,0,,0,스타일헤어나인,일반미용업,5,2014-09-18,,,,195811.433761297,443765.595463032,2026-05-01 22:31:56,I,02,폐업,,2013-11-28 13:07:23,2013-11-28,76.81,156-030,서울특별시 동작구 상도동 489-5 2층,N,,3190000-211-2013-00067,3190000,"서울특별시 동작구 상도로 364-1, 2층 (상도동)",07040,03,폐업,일반미용업,,2,,,
,0,,0,까끄레쁘끄레,일반미용업,0,2001-06-20,,,,195250.201612981,444827.594135301,2026-05-01 22:30:59,I,02,폐업,,2001-07-24 00:00:00,1998-10-01,.00,156-831,서울특별시 동작구 상도동 20-12,N,,3190000-204-1998-01426,3190000,,,03,폐업,미용업,02-821-5091,0,0,0,0
0,0,,0,11월 헤어,일반미용업,4,2023-05-25,,,,210414.919309988,444081.432070039,2026-05-01 22:35:41,I,02,폐업,0,2023-05-25 11:44:46,2022-06-03,52.64,138-802,서울특별시 송파구 가락동 70-9 이수빌딩,N,0,3230000-213-2022-00020,3230000,"서울특별시 송파구 송이로14길 9, 이수빌딩 1층 (가락동)",05707,03,폐업,종합미용업,,1,,1,
0,0,,0,88미용실,일반미용업,1,2025-08-20,,,,193279.599095483,443230.418234155,2026-05-01 22:32:08,I,02,폐업,0,2025-08-20 13:07:55,2023-03-24,33.46,156-855,서울특별시 동작구 신대방동 708 해태보라매타워,N,0,3190000-211-2023-00008,3190000,"서울특별시 동작구 보라매로3길 29, 지하층 33호 (신대방동, 해태보라매타워)",07071,03,폐업,일반미용업,,,,,
,,,,CJ헤어박스,일반미용업,,2016-02-22,,,,213294.987102715,444211.531090457,2026-05-01 22:33:22,I,02,폐업,,2014-07-28 16:08:49,2003-04-28,.00,138-818,서울특별시 송파구 마천동 75-7 삼정빌딩 1층 104호,N,,3230000-211-2003-00038,3230000,"서울특별시 송파구 성내천로 212 (마천동,삼정빌딩 1층 104호)",05752,03,폐업,일반미용업,02-409-1334,,,,
0,0,임대,0,제오헤어(신천역점),일반미용업,4,2024-03-29,,,,207373.50021477,445545.656024061,2026-05-01 22:33:53,I,02,폐업,,2024-03-29 16:59:50,2010-10-25,62.40,138-908,서울특별시 송파구 잠실동 19-9 잠실엘스 파인애플상가 2층,N,,3230000-211-2010-00066,3230000,"서울특별시 송파구 올림픽로 119 (잠실동,잠실엘스 파인애플상가 2층)",05501,03,폐업,일반미용업,02-414-0250,2,,2,
2,1,,0,Beauty 90 Day,피부미용업,2,2020-11-13,,,,193886.870110482,443929.641995885,2026-05-01 22:32:14,I,02,폐업,1,2020-11-13 13:11:01,2015-07-06,11.40,156-844,서울특별시 동작구 상도동 306-3,N,0,3190000-212-2015-00006,3190000,"서울특별시 동작구 국사봉1길 90, 1층 102호 (상도동)",07043,03,폐업,피부미용업,,,,,
1,0,,0,레푸스 가락점,네일아트업,2,,,,,211052.117198292,444498.424511663,2026-05-01 22:36:09,I,01,영업,0,2026-04-23 16:08:53,2023-01-30,28.38,138-800,서울특별시 송파구 가락동 8-1 가락동우정에쉐르,N,0,3230000-218-2023-00001,3230000,"서울특별시 송파구 중대로23길 20, 1층 102호 (가락동, 가락동우정에쉐르)",05701,01,영업/정상,"피부미용업, 네일미용업",,,,,
0,0,,0,강민헤어,일반미용업,3,2013-03-20,,,,193176.63667583,443379.17134595,2026-05-01 22:31:41,I,02,폐업,,2010-10-13 16:47:22,2010-10-13,22.00,156-849,서울특별시 동작구 신대방동 395-62 삼성옴니타워 지하 109호,N,,3190000-204-2010-00008,3190000,"서울특별시 동작구 보라매로5길 23 (신대방동,삼성옴니타워 지하 109호)",,03,폐업,미용업,,,1,,
,,,,포브헤어,일반미용업,,2007-12-03,,,,211749.697770638,445385.082559283,2026-05-01 22:32:57,I,02,폐업,,2006-03-21 00:00:00,2003-04-23,.00,138-829,서울특별시 송파구 방이동 89-18 선수촌상가 D동,N,,3230000-204-2003-00142,3230000,,,03,폐업,미용업,02-2236-1404,,,,
,,,,초원,일반미용업,4,2003-02-27,,,,207750.499013776,445762.808120998,2026-05-01 22:32:02,I,02,폐업,,2003-03-12 00:00:00,1979-11-13,22.87,138-911,서울특별시 송파구 잠실동 22-0 주공2단지 상가동 3층호,N,,3230000-204-1979-01097,3230000,,,03,폐업,미용업,02-423-3049,,,,
0,0,,0,머리 염색 전문점,일반미용업,2,,,,,197485.084381608,442333.818196055,2026-05-01 22:31:58,I,01,영업,1,2023-06-15 13:14:10,2015-08-21,15.00,156-821,서울특별시 동작구 사당동 267-3,N,0,3190000-211-2015-00025,3190000,"서울특별시 동작구 사당로16가길 20, 1층 (사당동)",07010,01,영업/정상,일반미용업,,1,,1,
,,,,야한여자,일반미용업,6,2009-08-13,,,,193957.459378301,444171.134311213,2026-05-01 22:30:50,I,02,폐업,,2006-02-15 00:00:00,1992-06-17,46.03,156-030,서울특별시 동작구 상도동 315-17,N,,3190000-204-1992-00632,3190000,,,03,폐업,미용업,02-0822-0240,,,,
0,0,,0,헤어톡스 바이 써니,일반미용업,4,,,,,211619.368009793,445963.384875409,2026-05-01 22:34:05,I,01,영업,,2014-09-04 16:31:36,2014-01-27,25.20,138-829,서울특별시 송파구 방이동 89-11 올림픽선수촌 중심상가 2층 11호,N,,3230000-211-2014-00043,3230000,"서울특별시 송파구 양재대로 1222, 2층 11호 (방이동, 올림픽선수촌 중심상가)",05648,01,영업/정상,일반미용업,,2,,2,
,0,,0,경도미용실,일반미용업,0,1997-07-24,,,,194008.49090536,444860.969403525,2026-05-01 22:30:43,I,02,폐업,,2001-09-29 00:00:00,1984-11-02,.00,156-807,서울특별시 동작구 대방동 5-24,N,,3190000-204-1984-00880,3190000,,,03,폐업,미용업,,0,0,0,0
,0,,0,신신,일반미용업,2,2002-05-03,,,,,,2026-05-01 22:32:02,I,02,폐업,,2002-05-03 00:00:00,1980-05-29,16.80,138-210,서울특별시 송파구 장지동 산 13-7,N,,3230000-204-1980-01596,3230000,,,03,폐업,미용업,02-406-6588,0,0,,
,,,,당당헤어리폼,일반미용업,,2003-02-26,,,,,,2026-05-01 22:32:50,I,02,폐업,,2003-03-17 00:00:00,2000-05-25,.00,138-210,서울특별시 송파구 장지동 산 22-2,N,,3230000-204-2000-02275,3230000,,,03,폐업,미용업,02-418-0159,,,,
,,,,엘림미용실,일반미용업,,2007-09-07,,,,207771.700380784,444399.68283867,2026-05-01 22:32:56,I,02,폐업,,2005-07-14 00:00:00,2003-03-20,.00,138-838,서울특별시 송파구 삼전동 43-7 1층,N,,3230000-204-2003-00077,3230000,,,03,폐업,미용업,02-423-1678,,,,
,0,,0,정선미용실,일반미용업,2,2003-02-26,,,,198443.841171167,444004.728906589,2026-05-01 22:30:43,I,02,폐업,,2003-02-26 00:00:00,1985-07-09,"1,653.00",156-080,서울특별시 동작구 동작동 89-18,N,,3190000-204-1985-00871,3190000,,,03,폐업,미용업,02-0593-7858,0,0,0,0
,0,,0,탈렌트미용실,일반미용업,3,2003-02-26,,,,193959.382786539,443620.480973604,2026-05-01 22:30:58,I,02,폐업,,2003-02-26 00:00:00,1998-02-02,"2,068.00",156-846,서울특별시 동작구 상도동 299-226,N,,3190000-204-1998-00312,3190000,,,03,폐업,미용업,02-821-2454,0,0,0,0
,1,,1,에스테틱 터치미,피부미용업,0,2023-06-30,,,,210232.008249482,447323.95172243,2026-05-01 22:34:45,I,02,폐업,,2023-06-30 14:22:38,2011-03-17,90.68,138-878,서울특별시 송파구 풍납동 399-11 하선,N,,3230000-212-2011-00025,3230000,"서울특별시 송파구 강동대로9길 17-1, 2층 201호 (풍납동, 하선)",05537,03,폐업,피부미용업,02-6478-1234,,,,
5,0,,0,에클라트,메이크업업,5,,,,,,,2026-05-01 22:36:17,I,01,영업,0,2024-03-14 09:46:30,2020-09-02,38.22,138-888,서울특별시 송파구 문정동 643-1 엠스테이트,N,0,3230000-222-2020-00005,3230000,"서울특별시 송파구 법원로 114, 엠스테이트 E동 지하2층 EB202호 (문정동)",05854,01,영업/정상,"네일미용업, 화장ㆍ분장 미용업",,,,,
0,0,,0,은혜미용실,일반미용업,2,2014-10-14,,,,213744.602496815,443712.43376832,2026-05-01 22:34:02,I,02,폐업,,2014-09-04 15:12:53,2013-05-08,23.10,138-822,서울특별시 송파구 마천동 361-2 지상1층,N,,3230000-211-2013-00035,3230000,"서울특별시 송파구 성내천로43길 12-1, 지상1층 (마천동)",05760,03,폐업,일반미용업,,1,,1,
1,0,,0,쑥향 & 순수미,피부미용업,1,2014-06-13,,,,211522.187830574,443693.193640948,2026-05-01 22:34:54,I,02,폐업,,2013-12-06 11:05:48,2013-12-06,9.90,138-812,서울특별시 송파구 가락동 193-3 지상2층 201호,N,,3230000-212-2013-00034,3230000,"서울특별시 송파구 동남로 202, 201호 (가락동)",05784,03,폐업,피부미용업,02-431-3939,2,,2,
2,4,,0,끌레르마망,피부미용업,2,2016-11-25,,,,193218.36400997,443239.581054145,2026-05-01 22:32:16,I,02,폐업,0,2016-05-31 13:13:13,2016-05-31,33.00,156-849,서울특별시 동작구 신대방동 395-69,N,0,3190000-212-2016-00013,3190000,서울특별시 동작구 보라매로5가길 16 (신대방동),07071,03,폐업,피부미용업,,,,,
3,0,,0,곽지연 맞춤형 체형관리센터,일반미용업,2,2020-03-23,,,,207108.647981485,445284.180388657,2026-05-01 22:35:33,I,02,폐업,0,2020-03-23 14:22:10,2015-06-29,114.66,138-862,서울특별시 송파구 잠실동 192-7,N,0,3230000-213-2015-00005,3230000,"서울특별시 송파구 올림픽로10길 22, 2층 (잠실동)",05561,03,폐업,종합미용업,02-2202-2277,2,,2,
,0,,0,서희 에스테틱,일반미용업,4,2010-03-24,,,,211286.21681485,443423.838214327,2026-05-01 22:33:12,I,02,폐업,,2010-03-24 13:52:28,2010-03-23,82.50,138-807,서울특별시 송파구 가락동 137-1 3층,N,,3230000-204-2010-00027,3230000,,,03,폐업,미용업,,3,,3,
,3,,,오컷헤어샬롱,일반미용업,5,2006-05-15,,,,211453.050926808,443165.755655708,2026-05-01 22:33:03,I,02,폐업,,2005-09-05 00:00:00,2004-12-10,54.55,138-823,서울특별시 송파구 문정동 1 문정삼성래미안상가2층209호,N,,3230000-204-2004-00150,3230000,,,03,폐업,미용업,,2,,2,
1,0,,0,유오브미 바디 에너지케어 잠실점,피부미용업,1,2025-02-12,,,,209773.41179469,445995.411613587,2026-05-01 22:36:06,I,02,폐업,0,2025-02-12 16:42:16,2024-02-26,6.60,138-827,서울특별시 송파구 방이동 42 잠실역 웰리지 더테라스,N,0,3230000-216-2024-00001,3230000,"서울특별시 송파구 올림픽로34길 5-14, 잠실역 웰리지 더테라스 2층 205-1호 (방이동)",05544,03,폐업,"일반미용업, 피부미용업",,,,,
,0,,0,그레이스미용실,일반미용업,4,2000-02-01,,,,211982.223732634,443096.129167331,2026-05-01 22:32:48,I,02,폐업,,2000-03-02 00:00:00,1999-08-05,35.89,138-210,서울특별시 송파구 장지동 산 11-0 (현대백조A상가 105호),N,,3230000-204-1999-02199,3230000,,,03,폐업,미용업,02-3448-5025,0,0,,
,,,,지나펌,일반미용업,,,,,,207301.494494407,445260.354411786,2026-05-01 22:36:06,I,01,영업,,2018-03-05 13:42:10,2003-02-27,.00,138-862,서울특별시 송파구 잠실동 205-1,N,,3230000-217-2003-00002,3230000,서울특별시 송파구 올림픽로12길 23 (잠실동),05559,01,영업/정상,"일반미용업, 네일미용업",02-419-8891,,,,
,,,,한양 미인미장,일반미용업,,2003-07-03,,,,210746.854863755,444957.101160473,2026-05-01 22:32:56,I,02,폐업,,2003-04-07 00:00:00,2003-04-07,.00,138-836,서울특별시 송파구 방이동 224-17,N,,3230000-204-2003-00122,3230000,,,03,폐업,미용업,02-424-7808,,,,
,4,,0,블롱헤어,일반미용업,3,2011-12-27,,,,197535.029139225,442490.843474928,2026-05-01 22:32:23,I,02,폐업,,2010-10-14 17:20:04,2010-10-14,25.00,156-819,서울특별시 동작구 사당동 257-12,N,,3190000-213-2010-00034,3190000,,,03,폐업,종합미용업,,1,,,
,,,,스타헤어랜드,일반미용업,,,,,,211830.409966213,444418.685030022,2026-05-01 22:33:22,I,01,영업,,2025-08-06 09:07:14,2003-02-27,32.00,138-857,서울특별시 송파구 오금동 63-9 은상빌딩,N,,3230000-211-2003-00032,3230000,"서울특별시 송파구 동남로23길 24, 은상빌딩 1층 2호 (오금동)",05728,01,영업/정상,일반미용업,02-401-3071,,,,
,,,,수정,일반미용업,2,2003-02-26,,,,,,2026-05-01 22:32:14,I,02,폐업,,2003-03-13 00:00:00,1990-03-22,10.92,138-210,서울특별시 송파구 장지동 산 484-18,N,,3230000-204-1990-01651,3230000,,,03,폐업,미용업,02-0000-0000,,,,
,0,,0,예쁜미용실,일반미용업,3,1997-07-19,,,,,,2026-05-01 22:32:18,I,02,폐업,,2002-09-04 00:00:00,1993-10-06,24.00,138-210,서울특별시 송파구 장지동 산 283-19,N,,3230000-204-1993-00594,3230000,,,03,폐업,미용업,02-449-3471,0,0,,
,,,,벨에프즈헤어,일반미용업,2,2015-08-18,,,,210199.45921923,446539.279382444,2026-05-01 22:33:19,I,02,폐업,,2015-08-23 14:24:39,2003-02-27,26.76,138-829,서울특별시 송파구 방이동 88 올림픽 지하1층,N,,3230000-211-1997-00011,3230000,"서울특별시 송파구 올림픽로 424 (방이동, 지하1층)",05540,03,폐업,일반미용업,02-412-7271,,,,
2,0,,0,유어래쉬,메이크업업,2,,,,,193812.437196567,444235.262112705,2026-05-01 22:32:49,I,01,영업,0,2025-04-17 09:22:32,2025-04-17,33.00,156-839,서울특별시 동작구 상도동 328-15 림전빌딩,N,0,3190000-219-2025-00003,3190000,"서울특별시 동작구 상도로13가길 4, 2층 201호 (상도동, 림전빌딩)",06952,01,영업/정상,화장ㆍ분장 미용업,,,,,
,0,,0,본주미용실,일반미용업,6,1998-04-08,,,,,,2026-05-01 22:32:26,I,02,폐업,,2002-09-04 00:00:00,1996-09-30,65.17,138-210,서울특별시 송파구 장지동 산 28-0 오금프라자 지하동 1층호,N,,3230000-204-1996-00341,3230000,,,03,폐업,미용업,02-3401-2888,0,0,,
2,0,,0,안은자 샵(피부),피부미용업,2,,,,,191883.069816087,443085.276981134,2026-05-01 22:32:29,I,01,영업,0,2023-07-19 11:41:59,2023-07-19,28.00,156-852,서울특별시 동작구 신대방동 591-10,N,0,3190000-213-2023-00005,3190000,"서울특별시 동작구 신대방길 98, 1층 101호 (신대방동)",07068,01,영업/정상,종합미용업,,,,,
,0,,0,강남예식장미용실,일반미용업,3,1999-05-04,,,,194443.209845242,444754.236227234,2026-05-01 22:30:44,I,02,폐업,,1999-05-08 00:00:00,1986-05-01,42.96,156-832,서울특별시 동작구 상도동 363-164,N,,3190000-204-1986-00930,3190000,,,03,폐업,미용업,02-813-5322,0,0,0,0
,3,자가,1,손 미용실,일반미용업,6,2009-01-02,,,,209817.233834418,445144.314365297,2026-05-01 22:33:06,I,02,폐업,,2005-12-23 00:00:00,2005-12-23,50.00,138-851,서울특별시 송파구 송파동 133,N,,3230000-204-2005-00148,3230000,,,03,폐업,미용업,02-420-3142,1,,1,
,2,,1,헤어스토리,일반미용업,3,2005-11-11,,,,213342.485537232,444282.290263364,2026-05-01 22:33:04,I,02,폐업,,2005-07-14 00:00:00,2005-04-13,37.77,138-819,서울특별시 송파구 마천동 156-322,N,,3230000-204-2005-00036,3230000,,,03,폐업,미용업,,,,,
,0,,0,씨&제니 헤어샾,일반미용업,4,2021-05-06,,,,195004.996090862,445443.182976506,2026-05-01 22:32:23,I,02,폐업,,2021-05-06 13:30:49,2011-04-06,45.44,156-801,서울특별시 동작구 노량진동 120-21,N,,3190000-213-2011-00012,3190000,서울특별시 동작구 만양로 87 (노량진동),06923,03,폐업,종합미용업,02-821-0614,2,,,
0,0,,0,프래니네일,네일아트업,2,2025-12-04,,,,197557.864487635,441606.177364885,2026-05-01 22:32:52,I,02,폐업,11,2025-12-04 16:42:12,2023-03-28,26.00,156-827,서울특별시 동작구 사당동 1050-21 102호,N,0,3190000-222-2023-00001,3190000,"서울특별시 동작구 남부순환로259가길 13, 102호 (사당동)",07023,03,폐업,"네일미용업, 화장ㆍ분장 미용업",,,,,
0,3,임대,0,헤어살롱메이,일반미용업,3,,,,,197621.883075241,442400.050621285,2026-05-01 22:32:06,I,01,영업,0,2020-10-30 16:31:41,2020-10-30,26.40,156-824,서울특별시 동작구 사당동 708-406,N,0,3190000-211-2020-00030,3190000,"서울특별시 동작구 사당로17가길 1, 1층 (사당동)",07004,01,영업/정상,일반미용업,,1,,1,
4,0,,0,더스파,피부미용업,4,2021-03-26,,,,208469.342953834,444838.003180819,2026-05-01 22:34:52,I,02,폐업,,2021-03-26 09:34:09,2013-02-14,50.00,138-840,서울특별시 송파구 삼전동 128-8,N,,3230000-212-2013-00006,3230000,"서울특별시 송파구 삼학사로19길 3, 5층 (삼전동)",05602,03,폐업,피부미용업,02-423-6515,1,,1,
,,,,이연재머리방,일반미용업,3,2008-01-18,,,,,,2026-05-01 22:30:57,I,02,폐업,,2004-12-02 00:00:00,1997-03-19,24.96,156-831,서울특별시 동작구 상도동 169-113,N,,3190000-204-1997-00367,3190000,,,03,폐업,미용업,02-826-6787,,,,
2,1,,4,본디 미인,피부미용업,0,2020-06-11,,,,211139.669112592,443144.306805704,2026-05-01 22:34:43,I,02,폐업,,2020-06-11 17:50:01,2010-09-15,28.00,138-824,서울특별시 송파구 문정동 6-15 1층,N,,3230000-212-2010-00071,3230000,"서울특별시 송파구 송이로28길 6 (문정동,1층)",05796,03,폐업,피부미용업,02-401-3540,1,,,
0,6,,1,진헤어아트,일반미용업,5,2026-04-30,,,,204289.591123236,445625.096676629,2026-05-01 03:03:03,U,02,폐업,,2026-04-30 17:14:25,1994-03-30,75.90,135-868,서울특별시 강남구 삼성동 47-31,N,,3220000-204-1994-01336,3220000,서울특별시 강남구 선릉로112길 71 (삼성동),06096,03,폐업,미용업,02-546-4399,0,0,1,0
0,4,,0,네일캣,네일아트업,2,2014-06-09,,,,198101.705486852,441843.110624812,2026-05-01 22:32:22,I,02,폐업,,2012-07-30 14:54:49,2009-06-15,19.24,156-826,서울특별시 동작구 사당동 1033-3,N,,3190000-213-2009-00028,3190000,서울특별시 동작구 동작대로3길 40 (사당동),07015,03,폐업,종합미용업,,1,,,
,0,,0,샬롬,일반미용업,3,1997-08-07,,,,,,2026-05-01 22:32:18,I,02,폐업,,2002-09-04 00:00:00,1992-04-17,15.21,138-210,서울특별시 송파구 장지동 산 393-0,N,,3230000-204-1992-01642,3230000,,,03,폐업,미용업,02-476-9464,0,0,,
0,0,,0,for your manicure&pedicure,네일아트업,5,,,,,195093.020849549,445144.243514759,2026-05-01 22:32:37,I,01,영업,0,2019-05-27 13:24:50,2019-05-27,60.00,156-802,서울특별시 동작구 노량진동 218-7,N,0,3190000-215-2019-00006,3190000,"서울특별시 동작구 만양로3길 30, 201호 (노량진동)",06926,01,영업/정상,네일미용업,02-813-3459,,,,
1,0,,0,모니크에스테틱,피부미용업,1,,,,,207413.779599258,445331.951804616,2026-05-01 22:35:17,I,01,영업,0,2025-07-01 14:23:36,2019-04-02,130.00,138-861,서울특별시 송파구 잠실동 185-2,N,0,3230000-212-2019-00015,3230000,"서울특별시 송파구 백제고분로15길 56, 3층 (잠실동)",05559,01,영업/정상,피부미용업,,,,,
0,1,,0,프리미엄 헤어살롱 보니또,일반미용업,3,,,,,195580.736177946,445764.45259219,2026-05-01 22:31:57,I,01,영업,,2014-09-30 15:49:41,2014-05-27,41.00,156-060,서울특별시 동작구 본동 494 래미안트윈파크 상가동 103호,N,,3190000-211-2014-00035,3190000,"서울특별시 동작구 노량진로23가길 23 (본동, 래미안트윈파크 상가동 103호)",06902,01,영업/정상,일반미용업,02-813-5827,,,,
0,0,,0,쎈네일(SSEN NAIL),네일아트업,6,2019-07-04,,,,209814.185978717,444992.22203177,2026-05-01 22:36:17,I,02,폐업,0,2019-07-04 10:19:34,2017-02-09,24.00,138-851,서울특별시 송파구 송파동 117,N,0,3230000-222-2017-00007,3230000,"서울특별시 송파구 백제고분로44길 12, 1층 (송파동)",05669,03,폐업,"네일미용업, 화장ㆍ분장 미용업",,,,,
,5,,1,르꼬 미용실,일반미용업,4,2008-03-26,,,,210753.060040423,443964.961093433,2026-05-01 22:33:06,I,02,폐업,,2006-01-13 00:00:00,2005-11-11,33.00,138-802,서울특별시 송파구 가락동 52-11,N,,3230000-204-2005-00128,3230000,,,03,폐업,미용업,02-448-3377,1,,1,
4,0,,0,우드 프라이빗 미용실 잠실석촌역점,일반미용업,9,,,,,209555.7495,444635.6145,2026-05-01 22:34:28,I,01,영업,0,2025-10-22 15:42:22,2019-01-23,129.57,138-850,서울특별시 송파구 송파동 89-3,N,0,3230000-211-2019-00006,3230000,"서울특별시 송파구 송파대로 410-1, 2층 (송파동)",05667,01,영업/정상,일반미용업,02-6402-1112,,,,
,4,,,한올,일반미용업,3,2005-06-07,,,,210424.849430693,445506.510119538,2026-05-01 22:33:01,I,02,폐업,,2004-01-08 00:00:00,2004-01-08,23.10,138-830,서울특별시 송파구 방이동 159-4,N,,3230000-204-2004-00003,3230000,,,03,폐업,미용업,02-413-8969,1,,1,
,,,,두발자유,일반미용업,4,2011-06-21,,,,195252.407449087,444873.299684458,2026-05-01 22:31:16,I,02,폐업,,2009-06-18 17:42:01,2002-07-08,18.00,156-831,서울특별시 동작구 상도동 20-3 외 1필지 (2층),N,,3190000-204-2002-00024,3190000,,,03,폐업,미용업,02-866-4044,,,,
5,0,,0,포시즌,피부미용업,0,2020-08-21,,,,192929.646582958,444167.621806758,2026-05-01 22:32:17,I,02,폐업,0,2020-08-21 11:57:21,2018-04-18,110.00,156-811,서울특별시 동작구 대방동 400-5,N,0,3190000-212-2018-00008,3190000,"서울특별시 동작구 여의대방로24가길 31, 3층 (대방동)",07055,03,폐업,피부미용업,02-815-5188,,,,
,0,임대,0,루디아헤어갤러리,일반미용업,4,,,,,208707.089897534,446299.352775446,2026-05-01 22:35:31,I,01,영업,,2019-03-15 16:44:27,2008-07-09,38.64,138-934,서울특별시 송파구 신천동 7 장미아파트 비상가,N,,3230000-213-2008-00002,3230000,"서울특별시 송파구 올림픽로35길 112, 장미아파트 비상가 2층 222호 (신천동)",05504,01,영업/정상,종합미용업,02-422-0346,1,,1,
,0,,0,셀테이션,일반미용업,0,2003-02-26,,,,196385.023561631,445037.925356102,2026-05-01 22:31:15,I,02,폐업,,2003-02-26 00:00:00,2002-05-24,.00,156-861,서울특별시 동작구 흑석동 190-59,N,,3190000-204-2002-00018,3190000,,,03,폐업,미용업,02-817-9388,0,0,0,0
1,0,,0,스프레이 헤어,일반미용업,16,2023-07-24,,,,207498.11645136,445353.512239994,2026-05-01 22:36:05,I,02,폐업,0,2023-07-24 10:35:53,2018-05-11,218.30,138-862,서울특별시 송파구 잠실동 208-15 동남빌딩,N,0,3230000-216-2018-00001,3230000,"서울특별시 송파구 석촌호수로 66, 동남빌딩 (잠실동)",05559,03,폐업,"일반미용업, 피부미용업",,2,0,2,0
,,,,올가뷰티,피부미용업,,2024-06-05,,,,213455.440500932,443416.855280348,2026-05-01 22:35:23,I,02,폐업,,2024-06-05 16:07:50,2021-01-20,26.62,138-821,서울특별시 송파구 마천동 308-40,N,,3230000-212-2021-00001,3230000,"서울특별시 송파구 마천로 347, 1층 (마천동)",05763,03,폐업,피부미용업,,,,,
1,0,,0,오브엔헤어,일반미용업,3,,,,,207421.468044557,444741.859734786,2026-05-01 22:36:15,I,01,영업,0,2024-08-21 11:09:13,2024-08-21,27.36,138-866,서울특별시 송파구 잠실동 314-14,N,0,3230000-220-2024-00001,3230000,"서울특별시 송파구 백제고분로18길 4, 1층 102호 (잠실동)",05576,01,영업/정상,"일반미용업, 화장ㆍ분장 미용업",,,,,
,,,,명동헤어센스,일반미용업,,2024-08-08,,,,209318.351936848,444998.779422993,2026-05-01 22:33:22,I,02,폐업,,2024-08-08 12:30:53,2003-02-27,.00,138-848,서울특별시 송파구 송파동 13,N,,3230000-211-2003-00039,3230000,서울특별시 송파구 백제고분로41길 21-25 (송파동),05625,03,폐업,일반미용업,02-420-1161,,,,
0,0,,0,리안헤어,일반미용업,10,2013-05-20,,,,197486.50162645,442493.781452129,2026-05-01 22:31:41,I,02,폐업,,2011-02-18 14:49:07,2011-02-18,82.50,156-819,서울특별시 동작구 사당동 252-17 서림빌딩 202호,N,,3190000-204-2011-00003,3190000,"서울특별시 동작구 사당로 215, 202호 (사당동,서림빌딩)",07004,03,폐업,미용업,02-591-3656,7,,2,
1,0,,0,빛이나 왁싱,피부미용업,0,2024-10-17,,,,207370.752606056,445426.25322676,2026-05-01 22:35:44,I,02,폐업,0,2024-10-17 14:37:20,2023-11-07,23.32,138-861,서울특별시 송파구 잠실동 183-4,N,0,3230000-213-2023-00068,3230000,"서울특별시 송파구 백제고분로7길 49, 4층 409호 (잠실동)",05558,03,폐업,종합미용업,,,,,
,,,,오고파,일반미용업,3,1997-12-17,,,,,,2026-05-01 22:32:11,I,02,폐업,,2003-02-20 00:00:00,1989-08-17,17.28,138-160,서울특별시 송파구 가락동 00,N,,3230000-204-1989-01169,3230000,,,03,폐업,미용업,,,,,
,3,,,버르짱머리,일반미용업,6,,,,,196867.099650809,445014.561640655,2026-05-01 22:31:52,I,01,영업,,2014-05-02 15:44:31,2006-06-26,54.18,156-877,서울특별시 동작구 흑석동 9-73,N,,3190000-211-2006-00011,3190000,서울특별시 동작구 현충로 108 (흑석동),06979,01,영업/정상,일반미용업,02-813-5138,3,,3,
0,1,,0,벨라헤어,일반미용업,4,2023-05-08,,,,208357.233777334,444630.306239319,2026-05-01 22:35:38,I,02,폐업,0,2023-05-08 15:34:11,2021-06-28,20.40,138-840,서울특별시 송파구 삼전동 117-12,N,0,3230000-213-2021-00021,3230000,"서울특별시 송파구 백제고분로31길 13, 1층 102호 (삼전동)",05604,03,폐업,종합미용업,,,,,
0,0,,0,정상헤어,일반미용업,3,2020-11-16,,,,194933.318585224,444071.248329148,2026-05-01 22:31:59,I,02,폐업,0,2020-11-16 15:37:36,2017-04-28,16.50,156-841,서울특별시 동작구 상도동 208-33,N,0,3190000-211-2017-00020,3190000,"서울특별시 동작구 양녕로27길 6 (상도동, 1층)",07047,03,폐업,일반미용업,02-821-8899,,,,
,,,,엄영희미용타운,일반미용업,3,,,,,197756.031789761,442165.738981184,2026-05-01 22:31:47,I,01,영업,,2022-07-12 09:36:45,1989-11-28,14.44,156-823,서울특별시 동작구 사당동 319-22,N,,3190000-211-1989-00017,3190000,서울특별시 동작구 사당로20나길 4 (사당동),07011,01,영업/정상,일반미용업,02-581-6634,,,,
0,4,,0,진헤어룩,일반미용업,5,2018-03-12,,,,198203.734728525,442548.118674801,2026-05-01 22:31:53,I,02,폐업,,2018-03-12 14:21:43,2009-06-15,66.00,156-816,서울특별시 동작구 사당동 144-11,N,,3190000-211-2009-00012,3190000,서울특별시 동작구 사당로 297 (사당동),07008,03,폐업,일반미용업,02-591-1828,2,,,
,0,,0,김경애,일반미용업,8,1995-01-19,,,,,,2026-05-01 22:32:04,I,02,폐업,,2002-09-04 00:00:00,1984-11-27,64.25,138-210,서울특별시 송파구 장지동 산 274-14,N,,3230000-204-1984-01696,3230000,,,03,폐업,미용업,02-0415-4474,0,0,,
2,0,,0,아름답다 에스테틱(피부관리실),피부미용업,1,,,,,211035.129591264,445228.002907872,2026-05-01 22:35:47,I,01,영업,0,2025-04-16 14:59:04,2025-04-16,24.00,138-835,서울특별시 송파구 방이동 207-1 한송빌딩,N,0,3230000-213-2025-00024,3230000,"서울특별시 송파구 위례성대로18길 31-14, 한송빌딩 2층 2-2호 (방이동)",05639,01,영업/정상,종합미용업,,2,,,
0,1,,0,까르망미용실,일반미용업,4,2011-03-21,,,,209207.42373324,444322.671172647,2026-05-01 22:33:48,I,02,폐업,,2010-10-20 16:44:48,2009-09-24,49.50,138-846,서울특별시 송파구 석촌동 271-0 1층,N,,3230000-211-2009-00027,3230000,,,03,폐업,일반미용업,,,,,
0,0,,0,코코샤네일,네일아트업,0,2023-11-06,,,,207007.373016073,445062.828495311,2026-05-01 22:36:19,I,02,폐업,0,2023-11-06 14:08:44,2020-07-01,39.13,138-863,서울특별시 송파구 잠실동 223 삼풍빌딩,N,0,3230000-225-2020-00018,3230000,"서울특별시 송파구 백제고분로11길 6, 삼풍빌딩 1층 103호 (잠실동)",05570,03,폐업,"일반미용업, 네일미용업, 화장ㆍ분장 미용업",,1,,1,
2,0,,0,나이스가이,일반미용업,3,,,,,207373.50021477,445545.656024061,2026-05-01 22:34:34,I,01,영업,0,2023-06-01 16:03:02,2023-06-01,19.43,138-908,서울특별시 송파구 잠실동 19-9 잠실파인애플상가,N,0,3230000-211-2023-00017,3230000,"서울특별시 송파구 올림픽로 119, 잠실파인애플상가 2층 2A 03호 (잠실동)",05501,01,영업/정상,일반미용업,02-418-1144,,,,
,,,,신세대헤어샵,일반미용업,3,2016-10-19,,,,210178.507252679,444450.244658891,2026-05-01 22:33:17,I,02,폐업,,2016-10-19 11:24:02,2003-02-27,15.18,138-854,서울특별시 송파구 송파동 175-6,N,,3230000-211-1990-00014,3230000,서울특별시 송파구 송이로10길 8-1 (송파동),05674,03,폐업,일반미용업,02-421-0803,,,,
,,,,머리코디,일반미용업,4,2016-11-01,,,,198269.544576881,442857.68219027,2026-05-01 22:31:50,I,02,폐업,,2015-02-02 14:20:44,2002-12-05,20.00,156-816,서울특별시 동작구 사당동 131-11,N,,3190000-211-2002-00014,3190000,서울특별시 동작구 동작대로29길 13 (사당동),07008,03,폐업,일반미용업,02-592-1748,,,,
0,0,,0,썸네일,네일아트업,1,2020-11-12,,,,195046.556732336,445344.520037991,2026-05-01 22:32:51,I,02,폐업,0,2020-11-12 08:40:43,2017-03-31,8.00,156-802,서울특별시 동작구 노량진동 224-10,N,0,3190000-222-2017-00001,3190000,서울특별시 동작구 만양로 75-3 (노량진동),06926,03,폐업,"네일미용업, 화장ㆍ분장 미용업",02-815-4141,1,,,
3,0,,0,라인스킨 & 바디,피부미용업,3,2019-02-14,,,,210657.024580332,444667.864970738,2026-05-01 22:34:53,I,02,폐업,,2019-02-14 17:09:01,2013-10-08,49.27,138-853,서울특별시 송파구 송파동 166 가락삼익상가 3층 1-2호,N,,3230000-212-2013-00023,3230000,"서울특별시 송파구 오금로 252, 3층 1-2호 (송파동, 가락삼익상가)",05673,03,폐업,피부미용업,02-423-1188,3,,3,
0,0,자가,0,미스앤미세스,피부미용업,4,2011-05-25,,,,210580.683290918,443657.71204579,2026-05-01 22:34:41,I,02,폐업,,2010-01-18 09:46:38,2010-01-18,66.00,138-803,서울특별시 송파구 가락동 80 성원상떼빌 102동209호,N,,3230000-212-2010-00006,3230000,,,03,폐업,피부미용업,,2,,2,
,,,,한혜선,일반미용업,3,,,,,194006.203600533,444253.392664139,2026-05-01 22:31:46,I,01,영업,,2021-04-01 18:51:48,1987-12-08,18.00,156-843,서울특별시 동작구 상도동 248-27,N,,3190000-211-1987-00003,3190000,서울특별시 동작구 성대로1길 8 (상도동),06959,01,영업/정상,일반미용업,02-822-8546,,,,
0,0,,0,헤나,일반미용업,3,2017-05-11,,,,196587.030630143,444939.455414947,2026-05-01 22:31:59,I,02,폐업,0,2017-05-11 14:11:03,2017-04-04,20.25,156-070,서울특별시 동작구 흑석동 332,N,0,3190000-211-2017-00012,3190000,"서울특별시 동작구 서달로 150, 1층 104호 (흑석동, 이랜드해가든)",06980,03,폐업,일반미용업,,1,,,
0,0,,0,영수와미용실,일반미용업,4,2017-01-18,,,,209824.625217628,444466.47808876,2026-05-01 22:33:51,I,02,폐업,,2014-07-29 17:11:26,2010-08-13,30.00,138-854,서울특별시 송파구 송파동 98-33,N,,3230000-211-2010-00013,3230000,서울특별시 송파구 가락로 144 (송파동),05676,03,폐업,일반미용업,02-414-9111,,,,
,,,,뉴헤어샵,일반미용업,2,2003-02-25,,,,193770.257839095,443884.349038836,2026-05-01 22:30:56,I,02,폐업,,2003-03-22 00:00:00,1997-12-15,13.26,156-846,서울특별시 동작구 상도동 299-48,N,,3190000-204-1997-00341,3190000,,,03,폐업,미용업,02-822-8233,,,,
,5,,1,거리의멋쟁이,일반미용업,5,2020-10-21,,,,198217.275056369,442185.69520758,2026-05-01 22:31:51,I,02,폐업,,2020-10-21 11:28:42,2005-05-30,41.12,156-824,서울특별시 동작구 사당동 1010-29,N,,3190000-211-2005-00023,3190000,서울특별시 동작구 동작대로13길 10 (사당동),07014,03,폐업,일반미용업,,1,,1,
0,1,임대,0,헤어 프렌즈,일반미용업,4,,,,,198086.566388915,441754.798383908,2026-05-01 22:32:05,I,01,영업,0,2024-09-04 12:45:42,2019-10-02,20.00,156-827,서울특별시 동작구 사당동 1040-4,N,0,3190000-211-2019-00054,3190000,"서울특별시 동작구 동작대로7길 65, 1층 101호 (사당동)",07025,01,영업/정상,일반미용업,,,,,
,0,,0,중앙미용그룹,일반미용업,8,1997-08-01,,,,210322.468829359,445910.045233573,2026-05-01 22:32:23,I,02,폐업,,2003-01-22 00:00:00,1995-11-13,90.25,138-830,서울특별시 송파구 방이동 177-3 2층,N,,3230000-204-1995-00977,3230000,,,03,폐업,미용업,02-413-2552,0,0,,
0,0,,0,JJ스타일#,일반미용업,5,2025-02-04,,,,210341.780338649,445714.114899262,2026-05-01 22:34:31,I,02,폐업,0,2025-02-04 16:31:04,2020-08-28,138.70,138-830,서울특별시 송파구 방이동 173-10 경일빌딩,N,0,3230000-211-2020-00024,3230000,"서울특별시 송파구 백제고분로50길 27, 경일빌딩 1층 (방이동)",05628,03,폐업,일반미용업,,,,,
2,3,,0,써니의 향기뜰 스킨케어,피부미용업,0,2011-01-28,,,,197502.220207285,442539.197745389,2026-05-01 22:32:11,I,02,폐업,,2010-01-04 11:49:04,2010-01-04,165.00,156-819,서울특별시 동작구 사당동 252-1,N,,3190000-212-2010-00001,3190000,,,03,폐업,피부미용업,02-536-9310,1,,,
,0,,0,이승은뷰티샵,일반미용업,3,1999-05-17,,,,,,2026-05-01 22:32:39,I,02,폐업,,2002-09-04 00:00:00,1998-08-05,33.53,138-210,서울특별시 송파구 장지동 산 8-0,N,,3230000-204-1998-00602,3230000,,,03,폐업,미용업,02-413-2086,0,0,,
,3,,,이미지,일반미용업,3,2005-11-10,,,,211922.359213342,444457.758139396,2026-05-01 22:33:03,I,02,폐업,,2005-07-14 00:00:00,2004-10-28,33.00,138-857,서울특별시 송파구 오금동 62-6,N,,3230000-204-2004-00133,3230000,,,03,폐업,미용업,,1,,1,
1,0,,0,오브연 뷰티(ofyeon beauty),메이크업업,1,,,,,198158.082178822,442190.75434186,2026-05-01 22:32:50,I,01,영업,0,2025-03-10 11:31:55,2025-03-10,23.21,156-824,서울특별시 동작구 사당동 1010-13,N,0,3190000-221-2025-00001,3190000,"서울특별시 동작구 동작대로13길 16, 제1층 제101호 (사당동)",07014,01,영업/정상,"피부미용업, 화장ㆍ분장 미용업",,,,,
,,,,남미란 헤어팰리스,일반미용업,,2004-05-17,,,,207395.840158434,444663.985642443,2026-05-01 22:32:56,I,02,폐업,,2003-03-28 00:00:00,2003-03-25,.00,138-866,서울특별시 송파구 잠실동 316-15,N,,3230000-204-2003-00112,3230000,,,03,폐업,미용업,02-416-2920,,,,
,0,,0,까꼬뽀꼬미용실,일반미용업,4,1997-07-25,,,,197739.219938553,442315.377836515,2026-05-01 22:30:53,I,02,폐업,,2001-09-29 00:00:00,1995-05-27,36.04,156-823,서울특별시 동작구 사당동 318-5,N,,3190000-204-1995-00456,3190000,,,03,폐업,미용업,02-597-9796,0,0,0,0
0,0,,0,문헤어,일반미용업,10,2020-04-13,,,,193790.430863531,444153.872590858,2026-05-01 22:32:04,I,02,폐업,0,2020-04-13 17:10:14,2019-07-12,132.00,156-839,서울특별시 동작구 상도동 324-2,N,0,3190000-211-2019-00027,3190000,"서울특별시 동작구 상도로 88, 202호 (상도동)",07041,03,폐업,일반미용업,02-6445-9890,,,,
,0,,0,클라라미용실,일반미용업,4,1998-04-20,,,,,,2026-05-01 22:32:10,I,02,폐업,,2002-09-04 00:00:00,1989-12-28,19.20,138-210,서울특별시 송파구 장지동 산 102-2,N,,3230000-204-1989-01085,3230000,,,03,폐업,미용업,02-416-4829,0,0,,
0,0,,0,라비쌍뜨 헤어,일반미용업,8,2018-08-09,,,,209611.731873484,444557.635797077,2026-05-01 22:34:18,I,02,폐업,0,2018-08-09 15:42:05,2016-12-05,84.00,138-850,서울특별시 송파구 송파동 89-9,N,0,3230000-211-2016-00096,3230000,"서울특별시 송파구 송파대로 400, 1층 (송파동)",05667,03,폐업,일반미용업,02-424-2025,1,,1,
0,0,임대,0,스킨포미,피부미용업,2,2010-09-13,,,,209717.853692551,444883.096558986,2026-05-01 22:34:40,I,02,폐업,,2009-08-05 09:15:11,2009-08-05,33.00,138-851,서울특별시 송파구 송파동 111-31 1층,N,,3230000-212-2009-00032,3230000,,,03,폐업,피부미용업,,1,,1,
,0,,0,새로나,일반미용업,0,1997-03-14,,,,195202.895706039,445197.924741319,2026-05-01 22:30:50,I,02,폐업,,2001-09-29 00:00:00,1992-08-24,.00,156-802,서울특별시 동작구 노량진동 215-186,N,,3190000-204-1992-00618,3190000,,,03,폐업,미용업,02-822-9953,0,0,0,0
3,0,임대,0,아르.美,피부미용업,0,2017-12-13,,,,210859.047182072,442977.873547683,2026-05-01 22:34:38,I,02,폐업,,2017-12-13 15:49:02,2009-04-24,115.50,138-825,서울특별시 송파구 문정동 44-17 2층,N,,3230000-212-2009-00007,3230000,"서울특별시 송파구 문정로1길 31 (문정동,2층)",05805,03,폐업,피부미용업,02-400-5736,,,,
0,0,,0,헤어펠리스,일반미용업,0,2017-04-04,,,,210930.581315713,443026.961943812,2026-05-01 22:33:53,I,02,폐업,,2017-04-04 11:05:50,2010-10-27,49.50,138-825,서울특별시 송파구 문정동 29-1 지상1층,N,,3230000-211-2010-00067,3230000,"서울특별시 송파구 동남로6길 10, 지상1층 (문정동)",05804,03,폐업,일반미용업,02-402-4843,,,,
4,0,,0,닥터봉바디(Dr봉바디),피부미용업,10,2025-07-02,,,,198239.645964319,442433.492290184,2026-05-01 22:32:20,I,02,폐업,0,2025-07-02 14:08:18,2023-10-10,127.49,156-824,서울특별시 동작구 사당동 1006-11 미광빌딩,N,0,3190000-212-2023-00014,3190000,"서울특별시 동작구 동작대로23길 15, 미광빌딩 2층 (사당동)",07013,03,폐업,피부미용업,,,,,
,0,,0,삼화미용실,일반미용업,3,1999-06-16,,,,198136.990789237,442771.558805837,2026-05-01 22:30:53,I,02,폐업,,1999-08-11 00:00:00,1994-03-26,15.91,156-816,서울특별시 동작구 사당동 141-177,N,,3190000-204-1994-00525,3190000,,,03,폐업,미용업,02-0532-9848,0,0,0,0
,0,,0,머리하는날,일반미용업,4,1999-07-15,,,,198171.198074483,442823.887273625,2026-05-01 22:30:50,I,02,폐업,,1999-07-21 00:00:00,1992-07-21,28.18,156-816,서울특별시 동작구 사당동 130-22,N,,3190000-204-1992-00609,3190000,,,03,폐업,미용업,02-532-8670,0,0,0,0
1,0,,0,아이니 네일,네일아트업,7,2026-03-03,,,,207305.804899618,445238.655800636,2026-05-01 22:36:03,I,02,폐업,0,2026-03-03 11:44:54,2025-12-05,35.00,138-862,서울특별시 송파구 잠실동 205-2,N,0,3230000-215-2025-00025,3230000,"서울특별시 송파구 올림픽로12길 25, 1층 101호 (잠실동)",05559,03,폐업,네일미용업,,1,,,
,,,,박지연헤어,일반미용업,3,2003-02-26,,,,,,2026-05-01 22:32:34,I,02,폐업,,2003-03-14 00:00:00,1997-08-18,32.40,138-160,서울특별시 송파구 가락동 00000,N,,3230000-204-1997-00797,3230000,,,03,폐업,미용업,02-408-6292,,,,
,,,,드레스룸 네일,네일아트업,,2017-02-28,,,,208233.926974585,445435.257647797,2026-05-01 22:35:51,I,02,폐업,,2017-02-28 17:14:57,2015-07-27,51.36,138-791,서울특별시 송파구 잠실동 40 갤러리아팰리스 B1층 136호,N,,3230000-215-2015-00011,3230000,"서울특별시 송파구 올림픽로 212, B1층 136-20호 (잠실동, 갤러리아팰리스)",05553,03,폐업,네일미용업,,,,,
0,0,,0,kim salon(김쌀롱),일반미용업,3,2021-10-08,,,,209946.207903855,445196.538904922,2026-05-01 22:34:23,I,02,폐업,0,2021-10-08 14:39:14,2017-10-10,49.58,138-852,서울특별시 송파구 송파동 141-26,N,0,3230000-211-2017-00073,3230000,"서울특별시 송파구 오금로20길 7, 1층 (송파동)",05663,03,폐업,일반미용업,02-6338-4461,1,,1,
1,0,,0,무이아뷰티,메이크업업,1,,,,,195777.313526022,444389.731729585,2026-05-01 22:32:28,I,01,영업,1,2022-10-14 15:56:59,2022-10-14,32.50,156-834,서울특별시 동작구 상도1동 333-2 1층,N,0,3190000-213-2022-00007,3190000,"서울특별시 동작구 상도로45길 57, 1층 (상도1동)",06970,01,영업/정상,종합미용업,,,,,
1,0,,0,초이'스 살롱 (Choi's Salon),일반미용업,1,2025-12-30,,,,211558.493977328,442727.491185231,2026-05-01 22:35:40,I,02,폐업,0,2025-12-30 15:33:41,2021-11-23,33.90,138-200,서울특별시 송파구 문정동 109-14,N,0,3230000-213-2021-00062,3230000,"서울특별시 송파구 송이로34길 10-1, 1층 102호 (문정동)",05800,03,폐업,종합미용업,,1,,1,
6,0,,0,휴피#,피부미용업,0,2021-04-27,,,,195519.17813322,444676.009820758,2026-05-01 22:32:18,I,02,폐업,0,2021-04-27 09:17:42,2018-08-28,132.31,156-830,서울특별시 동작구 상도1동 635 태현빌딩,N,0,3190000-212-2018-00023,3190000,"서울특별시 동작구 양녕로 280-1, 태현빌딩 2층 201호 (상도1동)",06968,03,폐업,피부미용업,02-823-2500,,,,
2,0,,0,정체원,피부미용업,0,2018-04-16,,,,198064.002849883,441673.103634257,2026-05-01 22:32:16,I,02,폐업,0,2018-04-16 16:53:41,2016-05-09,56.42,156-827,서울특별시 동작구 사당동 1044-10,N,0,3190000-212-2016-00009,3190000,"서울특별시 동작구 동작대로1길 43-1, 2층 (사당동)",07025,03,폐업,피부미용업,02-532-5376,2,,,
5,0,,0,오데뜨 에스테틱,피부미용업,0,2016-01-25,,,,207373.50021477,445545.656024061,2026-05-01 22:34:46,I,02,폐업,,2011-10-11 12:26:51,2011-09-19,61.81,138-908,서울특별시 송파구 잠실동 19-9 잠실파인애플상가 4층 4B08호,N,,3230000-212-2011-00051,3230000,"서울특별시 송파구 올림픽로 119 (잠실동,잠실파인애플상가 4층 4B08호)",05501,03,폐업,피부미용업,02-423-1012,4,,4,
,4,임대,1,김경희미용실,일반미용업,3,2008-05-06,,,,195506.245550149,444394.305185003,2026-05-01 22:31:26,I,02,폐업,,2004-12-02 00:00:00,2003-10-31,21.09,156-836,서울특별시 동작구 상도1동 401-2,N,,3190000-204-2003-00098,3190000,,,03,폐업,미용업,02-813-5512,1,,1,
,0,,0,헤어,일반미용업,3,1995-07-21,,,,,,2026-05-01 22:32:08,I,02,폐업,,2002-09-04 00:00:00,1988-10-22,15.91,138-210,서울특별시 송파구 장지동 산 204-10,N,,3230000-204-1988-01331,3230000,,,03,폐업,미용업,02-423-0962,0,0,,
,0,,0,고운,일반미용업,3,2001-12-27,,,,192003.048062796,442820.126684446,2026-05-01 22:30:44,I,02,폐업,,2001-12-28 00:00:00,1986-08-20,18.87,156-854,서울특별시 동작구 신대방동 692-6,N,,3190000-204-1986-01036,3190000,,,03,폐업,미용업,02-0832-4109,0,0,0,0
2,0,,0,피부본연 잠실점,피부미용업,2,,,,,207553.918225133,445383.338011122,2026-05-01 22:35:42,I,01,영업,0,2022-11-04 11:20:08,2022-11-04,21.50,138-915,서울특별시 송파구 잠실동 35-2 트리지움,N,0,3230000-213-2022-00055,3230000,"서울특별시 송파구 석촌호수로 61, 트리지움 지하 1층 145호 (잠실동)",05555,01,영업/정상,종합미용업,,,,,
,3,임대,1,푸르나미용실,일반미용업,3,2020-12-07,,,,,,2026-05-01 22:31:47,I,02,폐업,,2020-12-07 11:22:21,1991-04-27,24.40,156-832,서울특별시 동작구 상도동 176,N,,3190000-211-1991-00005,3190000,서울특별시 동작구 장승배기로10길 26 (상도동),,03,폐업,일반미용업,02-816-1150,1,,1,
0,0,,0,요술가위 미용실,일반미용업,2,2022-03-08,,,,193279.599095483,443230.418234155,2026-05-01 22:32:02,I,02,폐업,0,2022-03-08 13:49:42,2017-11-27,25.04,156-855,서울특별시 동작구 신대방동 708 2층 4호,N,0,3190000-211-2017-00059,3190000,"서울특별시 동작구 보라매로3길 29, 2층 4호 (신대방동, 해태보라매타워)",07071,03,폐업,일반미용업,02-879-0089,2,,,
2,0,,0,올리브,피부미용업,0,2023-03-15,,,,193589.553343906,445579.943064749,2026-05-01 22:32:17,I,02,폐업,0,2023-03-15 15:46:00,2018-08-08,33.00,156-808,서울특별시 동작구 대방동 340-11,N,0,3190000-212-2018-00017,3190000,"서울특별시 동작구 여의대방로54길 27, 103호 (대방동)",06938,03,폐업,피부미용업,,,,,
0,0,,0,지노20000헤어,일반미용업,12,2016-05-03,,,,193957.459378301,444171.134311213,2026-05-01 22:31:57,I,02,폐업,,2016-02-25 14:24:09,2013-02-28,25.80,156-030,서울특별시 동작구 상도동 315-17,N,,3190000-211-2013-00079,3190000,"서울특별시 동작구 성대로 16, 2층 (상도동)",07042,03,폐업,일반미용업,02-816-2656,3,0,3,0
0,0,,0,헤어24시,일반미용업,2,2022-02-08,,,,194245.408262674,445427.688200622,2026-05-01 22:32:04,I,02,폐업,,2022-02-08 11:45:49,2019-03-20,30.00,156-804,서울특별시 동작구 노량진동 274-15,N,,3190000-211-2019-00030,3190000,"서울특별시 동작구 노량진로6길 44, 1층 (노량진동)",06931,03,폐업,일반미용업,,1,0,1,0
,0,,0,샤로미용실,일반미용업,5,1998-10-12,,,,,,2026-05-01 22:30:58,I,02,폐업,,2001-09-29 00:00:00,1998-08-04,41.58,156-861,서울특별시 동작구 흑석동 190-32,N,,3190000-204-1998-00300,3190000,,,03,폐업,미용업,02-817-2061,0,0,0,0
,0,,0,머리삔미용실,일반미용업,0,2002-04-15,,,,197869.378619042,442243.143219369,2026-05-01 22:31:09,I,02,폐업,,2003-02-10 00:00:00,2001-10-22,49.50,156-824,서울특별시 동작구 사당동 1014-23,N,,3190000-204-2001-01585,3190000,,,03,폐업,미용업,02-0887-7131,0,0,0,0
0,0,임대,0,헤어로드,일반미용업,2,,,,,208676.689040129,444230.196315018,2026-05-01 22:34:31,I,01,영업,0,2021-03-03 13:54:25,2021-03-03,33.95,138-845,서울특별시 송파구 석촌동 230-3,N,0,3230000-211-2021-00006,3230000,"서울특별시 송파구 백제고분로34길 23, 1층 (석촌동)",05680,01,영업/정상,일반미용업,,1,,1,
0,0,,0,제이바비(J.Barbie),일반미용업,2,2022-11-16,,,,196669.877642975,445213.759767114,2026-05-01 22:32:04,I,02,폐업,1,2022-11-16 14:12:13,2019-06-10,325.56,156-860,서울특별시 동작구 흑석동 111-1,N,0,3190000-211-2019-00017,3190000,"서울특별시 동작구 현충로 80, 2,3층 (흑석동)",06972,03,폐업,일반미용업,,,,,
0,0,,0,핀포인트(Pin Point),일반미용업,2,2016-12-22,,,,,,2026-05-01 22:32:24,I,02,폐업,,2016-12-22 16:38:38,2012-03-19,47.52,156-861,서울특별시 동작구 흑석동 235-6 1층,N,,3190000-213-2012-00004,3190000,"서울특별시 동작구 흑석로10가길 3, 1층 (흑석동)",,03,폐업,종합미용업,02-814-7585,1,,1,
,0,,0,예림미용실,일반미용업,3,1999-02-09,,,,197675.209847055,442244.854649245,2026-05-01 22:30:57,I,02,폐업,,1999-02-22 00:00:00,1997-03-26,26.04,156-823,서울특별시 동작구 사당동 318-16,N,,3190000-204-1997-00369,3190000,,,03,폐업,미용업,02-582-0824,0,0,0,0
0,1,,0,센스헤어,일반미용업,3,,,,,194618.621660163,445206.883000134,2026-05-01 22:31:54,I,01,영업,,2014-09-30 14:52:04,2010-04-26,27.90,156-803,서울특별시 동작구 노량진동 231-75,N,,3190000-211-2010-00003,3190000,서울특별시 동작구 장승배기로 129 (노량진동),06935,01,영업/정상,일반미용업,02-812-5955,1,,,
,0,,0,시온미용실,일반미용업,0,1995-02-17,,,,197094.960741081,442619.512691113,2026-05-01 22:30:48,I,02,폐업,,2001-09-29 00:00:00,1990-03-10,.00,156-879,서울특별시 동작구 사당동 227-24,N,,3190000-204-1990-01040,3190000,,,03,폐업,미용업,02-0586-0801,0,0,0,0
2,0,,0,코코 엘리스 네일(COCO Alice Nails),네일아트업,3,,,,,210220.248083252,443801.403399783,2026-05-01 22:35:44,I,01,영업,0,2024-02-20 11:20:17,2024-02-20,40.00,138-751,서울특별시 송파구 가락동 95-1 가락금호아파트,N,0,3230000-213-2024-00008,3230000,"서울특별시 송파구 송파대로32길 15, 상가동 2층 203호 (가락동, 가락금호아파트)",05710,01,영업/정상,종합미용업,,,,,
,1,,1,이동은헤어컬렉션,일반미용업,4,,,,,194863.800728448,444283.935454635,2026-05-01 22:31:51,I,01,영업,,2021-06-29 11:41:40,2005-09-01,37.26,156-030,서울특별시 동작구 상도동 416 현대아이파크상가 104호,N,,3190000-211-2005-00003,3190000,"서울특별시 동작구 장승배기로 26 (상도동,현대아이파크상가 104호)",06967,01,영업/정상,일반미용업,,1,,1,
,,,,장발장,일반미용업,4,2004-03-29,,,,195055.894843968,445458.711850659,2026-05-01 22:31:08,I,02,폐업,,2004-03-22 00:00:00,2001-06-07,.00,156-801,서울특별시 동작구 노량진동 123-8,N,,3190000-204-2001-01567,3190000,,,03,폐업,미용업,02-814-8958,,,,
0,0,,0,Ae:hai(애하이),일반미용업,2,,,,,208649.149072344,444708.885433492,2026-05-01 22:36:18,I,01,영업,0,2022-08-03 15:32:44,2022-08-03,26.00,138-842,서울특별시 송파구 석촌동 6-14,N,0,3230000-224-2022-00002,3230000,"서울특별시 송파구 삼학사로18길 13, 1층 101호 (석촌동)",05612,01,영업/정상,"일반미용업, 피부미용업, 화장ㆍ분장 미용업",,,,,
0,0,,0,산들헤어,일반미용업,2,,,,,213275.173493646,444082.022845129,2026-05-01 22:34:18,I,01,영업,0,2024-10-11 13:47:32,2016-12-14,45.00,138-818,서울특별시 송파구 마천동 83-15,N,0,3230000-211-2016-00098,3230000,"서울특별시 송파구 마천로51가길 32, 1층 (마천동)",05752,01,영업/정상,일반미용업,,1,,1,
,0,,0,지지헤어월드,일반미용업,8,2001-06-20,,,,,,2026-05-01 22:30:56,I,02,폐업,,2001-07-25 00:00:00,1997-12-01,56.08,156-080,서울특별시 동작구 동작동 128-12,N,,3190000-204-1997-00339,3190000,,,03,폐업,미용업,02-591-4363,0,0,0,0
2,0,,0,이광희 피부발관리샵,피부미용업,2,,,,,209808.965604456,444501.106604788,2026-05-01 22:35:46,I,01,영업,0,2025-02-28 13:51:55,2025-02-28,98.39,138-850,서울특별시 송파구 송파동 95-62 승진빌딩,N,0,3230000-213-2025-00009,3230000,"서울특별시 송파구 가락로 145, 승진빌딩 3층 (송파동)",05668,01,영업/정상,종합미용업,,,,,
,0,,0,이경헤어클럽,일반미용업,3,2001-06-20,,,,194035.240221416,444870.92743902,2026-05-01 22:30:57,I,02,폐업,,2001-07-27 00:00:00,1997-07-31,17.15,156-807,서울특별시 동작구 대방동 5-0,N,,3190000-204-1997-00358,3190000,,,03,폐업,미용업,02-822-7721,0,0,0,0
,0,,0,댕기머리,일반미용업,4,1998-07-27,,,,,,2026-05-01 22:30:55,I,02,폐업,,2001-09-29 00:00:00,1996-09-17,24.32,156-030,서울특별시 동작구 상도동 391-0,N,,3190000-204-1996-00412,3190000,,,03,폐업,미용업,02-816-0063,0,0,0,0
,2,임대,1,헤어매니아,일반미용업,6,2009-10-16,,,,193484.30100054,443626.354281942,2026-05-01 22:31:39,I,02,폐업,,2007-12-14 13:59:47,2007-03-30,60.60,156-847,서울특별시 동작구 신대방동 344-96,N,,3190000-204-2007-00011,3190000,,,03,폐업,미용업,,1,,1,
0,0,,0,B.B,네일아트업,2,2018-11-05,,,,194243.759387483,445540.880579251,2026-05-01 22:32:34,I,02,폐업,0,2018-11-05 11:10:40,2016-06-09,19.83,156-804,서울특별시 동작구 노량진동 271-16,N,0,3190000-215-2016-00014,3190000,"서울특별시 동작구 노량진로6길 22, 1층 (노량진동)",06931,03,폐업,네일미용업,,1,,,
0,0,,0,네일헤이디(Nail Hey :D),네일아트업,2,,,,,210951.672926155,442964.554203774,2026-05-01 22:35:57,I,01,영업,0,2022-05-04 11:15:23,2022-05-04,25.55,138-825,서울특별시 송파구 문정동 30-2,N,0,3230000-215-2022-00016,3230000,"서울특별시 송파구 동남로4길 15-1, 1층 (문정동)",05804,01,영업/정상,네일미용업,,1,,1,
,2,임대,,멋쟁이미용실,일반미용업,2,2004-12-21,,,,196385.023561631,445037.925356102,2026-05-01 22:31:23,I,02,폐업,,2003-09-08 00:00:00,2003-05-09,15.24,156-861,서울특별시 동작구 흑석동 190-59,N,,3190000-204-2003-00064,3190000,,,03,폐업,미용업,02-812-0566,2,,2,
0,0,,0,탑스칼프 사당,일반미용업,5,,,,,198273.300504339,442080.422598669,2026-05-01 22:32:10,I,01,영업,1,2025-07-08 10:34:54,2025-07-08,88.50,156-825,서울특별시 동작구 사당동 1019-20 오사빌딩,N,0,3190000-211-2025-00016,3190000,"서울특별시 동작구 동작대로 47, 오사빌딩 301호 (사당동)",07014,01,영업/정상,일반미용업,02-584-7066,,,,
1,0,임대,0,아임뷰티,메이크업업,2,,,,,,,2026-05-01 22:35:40,I,01,영업,0,2021-12-03 17:25:10,2021-06-10,39.55,138-888,서울특별시 송파구 문정동 652-4 힐스테이트에코문정,N,0,3230000-213-2021-00067,3230000,"서울특별시 송파구 법원로4길 10, 힐스테이트에코문정 132호 (문정동)",05855,01,영업/정상,종합미용업,,1,,1,
,,,,미가람미용실,일반미용업,1,2006-11-16,,,,196598.04833644,445014.002982422,2026-05-01 22:30:55,I,02,폐업,,2004-12-04 00:00:00,1996-11-01,16.68,156-859,서울특별시 동작구 흑석동 97-2 명수대상가 205호,N,,3190000-204-1996-00381,3190000,,,03,폐업,미용업,02-812-5909,,,,
,0,,0,비너스헤어살롱,일반미용업,3,1998-03-07,,,,210883.300666671,445244.105426301,2026-05-01 22:32:17,I,02,폐업,,2003-01-20 00:00:00,1992-08-22,34.70,138-835,서울특별시 송파구 방이동 213-3,N,,3230000-204-1992-00918,3230000,,,03,폐업,미용업,02-423-1872,0,0,,
,,,,밤골,일반미용업,3,,,,,195053.591623199,444453.974047111,2026-05-01 22:31:50,I,01,영업,,2020-07-16 11:26:43,2003-02-25,.00,156-837,서울특별시 동작구 상도동 161-22,N,,3190000-211-2003-00002,3190000,서울특별시 동작구 장승배기로10길 127 (상도동),06965,01,영업/정상,일반미용업,02-813-6909,,,,
,0,,0,헤이인미용실,일반미용업,2,1996-11-14,,,,,,2026-05-01 22:32:13,I,02,폐업,,2002-09-04 00:00:00,1990-03-19,12.70,138-210,서울특별시 송파구 장지동 산 94-20,N,,3230000-204-1990-01045,3230000,,,03,폐업,미용업,02-485-4522,0,0,,
,4,임대,0,수나헤어,일반미용업,3,,,,,197890.973872693,442236.809508538,2026-05-01 22:32:49,I,01,영업,,2021-03-12 10:36:49,2008-06-03,23.00,156-824,서울특별시 동작구 사당동 1015-1,N,,3190000-220-2008-00002,3190000,"서울특별시 동작구 사당로22길 25, 101호 (사당동)",07012,01,영업/정상,"일반미용업, 화장ㆍ분장 미용업",02-523-6139,1,,1,
,,,,모던센스,일반미용업,3,,,,,210681.442131764,445546.974766818,2026-05-01 22:33:17,I,01,영업,,2014-10-02 14:06:16,2003-02-27,25.55,138-833,서울특별시 송파구 방이동 164-18,N,,3230000-211-1989-00025,3230000,서울특별시 송파구 가락로42길 17 (방이동),05636,01,영업/정상,일반미용업,,,,,
1,1,,1,데이지네일,네일아트업,4,,,,,196867.099650809,445014.561640655,2026-05-01 22:32:26,I,01,영업,,2014-09-30 15:49:04,2014-03-12,16.80,156-877,서울특별시 동작구 흑석동 9-73 1층,N,,3190000-213-2014-00002,3190000,"서울특별시 동작구 현충로 108 (흑석동, 1층)",06979,01,영업/정상,종합미용업,02-812-2582,,,,
0,0,,0,더헤어,일반미용업,3,,,,,208970.774947415,444870.091702398,2026-05-01 22:35:47,I,01,영업,0,2025-03-18 14:29:38,2025-03-18,49.36,138-843,서울특별시 송파구 석촌동 155-16,N,0,3230000-213-2025-00016,3230000,"서울특별시 송파구 석촌호수로20길 16, 1층 101호 (석촌동)",05610,01,영업/정상,종합미용업,,1,,,
,0,임대,0,서정화 헤어살롱,일반미용업,4,2011-10-31,,,,209234.420308008,444733.771274061,2026-05-01 22:33:11,I,02,폐업,,2010-09-20 10:05:56,2008-12-04,83.00,138-844,서울특별시 송파구 석촌동 173-6 지상2층,N,,3230000-204-2008-00095,3230000,,,03,폐업,미용업,02-403-6649,2,,2,
5,0,,0,Moon Spa&에스테틱,피부미용업,5,2024-04-15,,,,211209.325,442289.5,2026-05-01 22:35:25,I,02,폐업,0,2024-04-15 16:50:28,2022-06-07,184.73,138-200,서울특별시 송파구 문정동 82-12,N,0,3230000-212-2022-00025,3230000,"서울특별시 송파구 새말로 120, 6층 (문정동)",05810,03,폐업,피부미용업,,6,,6,
0,0,,0,동그라미네일,네일아트업,6,2023-12-20,,,,209412.197809542,443928.783342251,2026-05-01 22:35:57,I,02,폐업,0,2023-12-20 14:15:25,2022-02-21,28.32,138-160,서울특별시 송파구 가락동 913 헬리오시티,N,0,3230000-215-2022-00006,3230000,"서울특별시 송파구 송파대로 345, 근린생활시설2 비동 제지1층 제1018호 (가락동, 헬리오시티)",05698,03,폐업,네일미용업,,,,,
5,0,임대,0,아로마로즈스파,피부미용업,0,2017-09-29,,,,209151.713940169,446519.612162961,2026-05-01 22:34:38,I,02,폐업,,2017-09-29 10:42:55,2009-06-05,75.00,138-240,서울특별시 송파구 신천동 17-4 파크리오 A상가 3층 307호,N,,3230000-212-2009-00019,3230000,"서울특별시 송파구 올림픽로 435 (신천동,파크리오 A상가 3층 307호)",05507,03,폐업,피부미용업,02-420-3710,,,,
,3,임대,0,김양희미용실,일반미용업,4,,,,,210868.204402076,443482.182070755,2026-05-01 22:33:41,I,01,영업,,2021-11-01 14:22:27,2008-05-23,33.00,138-806,서울특별시 송파구 가락동 115-17 (102호),N,,3230000-211-2008-00018,3230000,"서울특별시 송파구 중대로12길 16 (가락동,(102호))",05829,01,영업/정상,일반미용업,02-3012-2001,1,0,1,0
0,0,임대,0,더스타일헤어,일반미용업,5,2012-12-04,,,,211135.090917267,443636.498157218,2026-05-01 22:33:14,I,02,폐업,,2011-02-16 16:42:13,2011-02-16,82.50,138-808,서울특별시 송파구 가락동 141-3 1층,N,,3230000-204-2011-00011,3230000,,,03,폐업,미용업,02-3402-1566,1,,1,
0,0,임대,0,모모피부미용,피부미용업,5,2017-03-21,,,,209595.57571932,444378.542780322,2026-05-01 22:34:40,I,02,폐업,,2017-03-21 13:52:44,2009-11-09,149.85,138-847,서울특별시 송파구 석촌동 296-4 2층201호,N,,3230000-212-2009-00046,3230000,"서울특별시 송파구 가락로 120 (석촌동,2층201호)",05697,03,폐업,피부미용업,,2,,2,
0,0,,0,또 헤어,일반미용업,3,2025-02-14,,,,207373.50021477,445545.656024061,2026-05-01 22:34:18,I,02,폐업,0,2025-02-14 10:50:05,2016-12-06,20.54,138-908,서울특별시 송파구 잠실동 19-9,N,0,3230000-211-2016-00097,3230000,"서울특별시 송파구 올림픽로 119, A57,A58호 (잠실동, 잠실파인애플상가)",05501,03,폐업,일반미용업,,1,,1,
,,,,몽블랑헤어샵,일반미용업,,2011-04-06,,,,210360.134332556,448415.993688122,2026-05-01 22:32:58,I,02,폐업,,2005-06-09 00:00:00,2003-05-26,.00,138-872,서울특별시 송파구 풍납동 88-53,N,,3230000-204-2003-00226,3230000,,,03,폐업,미용업,,,,,
,4,자가,1,내츄럴 스킨케어,일반미용업,4,2018-05-24,,,,212979.509614653,444039.494223618,2026-05-01 22:36:05,I,02,폐업,,2018-05-24 15:36:13,2005-12-15,33.00,138-818,서울특별시 송파구 마천동 120-12,N,,3230000-216-2005-00002,3230000,서울특별시 송파구 마천로39길 10 (마천동),05755,03,폐업,"일반미용업, 피부미용업",,1,,1,
,,,,여성시대미용실,일반미용업,,2003-03-26,,,,211572.214739057,441051.421222923,2026-05-01 22:32:52,I,02,폐업,,2003-03-17 00:00:00,2000-02-05,.00,138-210,서울특별시 송파구 장지동 산 35-0 종합상가5호,N,,3230000-204-2000-02331,3230000,,,03,폐업,미용업,02-414-9760,,,,
,0,임대,0,샤르망헤어,일반미용업,4,2014-06-02,,,,207417.995442272,444717.816607467,2026-05-01 22:33:11,I,02,폐업,,2014-07-29 15:18:07,2008-07-25,28.86,138-866,서울특별시 송파구 잠실동 315-12 1층,N,,3230000-204-2008-00062,3230000,"서울특별시 송파구 백제고분로18길 6, 1층 (잠실동)",05576,03,폐업,미용업,,1,,1,
1,0,,0,헤어4U,일반미용업,4,2020-05-22,,,,207796.38695485,444539.600122977,2026-05-01 22:34:14,I,02,폐업,0,2020-05-22 17:26:37,2016-03-29,21.60,138-837,서울특별시 송파구 삼전동 30-1,N,0,3230000-211-2016-00036,3230000,"서울특별시 송파구 백제고분로22길 10, 지상1층 (삼전동)",05581,03,폐업,일반미용업,02-416-1045,1,,1,
,2,임대,,Mr.컬링헤어,일반미용업,3,2016-10-24,,,,208164.320431227,445991.501043396,2026-05-01 22:33:38,I,02,폐업,,2014-09-02 16:52:09,2007-03-08,30.00,138-916,"서울특별시 송파구 잠실동 27-1 병원부지상가 201호 ""나""",N,,3230000-211-2007-00006,3230000,"서울특별시 송파구 송파대로 567 (잠실동,병원부지상가 201호 ""나"")",05503,03,폐업,일반미용업,02-417-8485,2,,2,
0,0,,0,Hair Gallery(헤어 갤러리),일반미용업,3,2018-03-15,,,,211482.512397194,442473.138814874,2026-05-01 22:34:01,I,02,폐업,,2018-03-15 11:08:17,2012-11-15,23.00,138-200,서울특별시 송파구 문정동 99-7 지상1층,N,,3230000-211-2012-00087,3230000,"서울특별시 송파구 새말로 154, 지상1층 (문정동)",05799,03,폐업,일반미용업,02-3401-8729,1,,1,
4,0,,0,리얼엔젤플러스,피부미용업,0,2022-04-07,,,,197089.735964746,444960.907792011,2026-05-01 22:32:18,I,02,폐업,0,2022-04-07 10:22:48,2020-12-31,51.00,156-857,서울특별시 동작구 흑석동 26-2 블루스톤스포츠,N,0,3190000-212-2020-00007,3190000,"서울특별시 동작구 현충로 131, 블루스톤스포츠 지하3층 (흑석동)",06904,03,폐업,피부미용업,,,3,,3
0,0,,0,이프(if),일반미용업,5,,,,,195488.123282369,444412.717104866,2026-05-01 22:32:09,I,01,영업,0,2025-01-07 11:24:06,2025-01-07,42.75,156-830,서울특별시 동작구 상도1동 455-6 다원하우스,N,0,3190000-211-2025-00001,3190000,"서울특별시 동작구 상도로41길 13, 101호 (상도1동, 다원하우스)",06968,01,영업/정상,일반미용업,,,,,
3,0,,0,타워건강관리,피부미용업,0,2012-12-26,,,,191803.524952767,443132.741584701,2026-05-01 22:32:24,I,02,폐업,,2012-03-20 11:37:08,2012-03-20,99.00,156-853,서울특별시 동작구 신대방동 607-5 4층,N,,3190000-213-2012-00005,3190000,"서울특별시 동작구 시흥대로 658, 4층 (신대방동)",07069,03,폐업,종합미용업,,4,,4,
0,0,,0,황헤어샵,일반미용업,2,,,,,210775.452144611,444886.92475337,2026-05-01 22:34:16,I,01,영업,0,2021-06-08 13:54:58,2016-10-12,21.00,138-836,서울특별시 송파구 방이동 225,N,0,3230000-211-2016-00081,3230000,"서울특별시 송파구 오금로 251, 1층 112호 (방이동, 한양상가)",05647,01,영업/정상,일반미용업,02-415-9847,,,,
,1,,0,헤어필헤어,일반미용업,6,,,,,209824.625217628,444466.47808876,2026-05-01 22:33:39,I,01,영업,,2017-01-31 11:42:18,2007-11-19,49.58,138-854,서울특별시 송파구 송파동 98-33,N,,3230000-211-2007-00030,3230000,"서울특별시 송파구 가락로 144, 1층 (송파동)",05676,01,영업/정상,일반미용업,02-412-6634,,,,
,0,,0,까망머리방,일반미용업,3,2003-02-26,,,,197827.016760894,442682.544248195,2026-05-01 22:30:51,I,02,폐업,,2003-02-26 00:00:00,1993-07-20,"1,655.00",156-817,서울특별시 동작구 사당동 162-84,N,,3190000-204-1993-00546,3190000,,,03,폐업,미용업,02-0595-3737,0,0,0,0
0,0,임대,0,Ariel Nail#(아리엘네일#),네일아트업,2,,,,,210972.580431202,443004.120442814,2026-05-01 22:36:17,I,01,영업,0,2021-10-14 11:57:11,2020-01-15,23.00,138-825,서울특별시 송파구 문정동 27,N,0,3230000-222-2020-00001,3230000,"서울특별시 송파구 동남로6길 13, 1층 (문정동)",05804,01,영업/정상,"네일미용업, 화장ㆍ분장 미용업",,2,0,2,0
,0,,0,세영미용실,일반미용업,0,1995-02-17,,,,194324.514420513,444330.435446353,2026-05-01 22:30:46,I,02,폐업,,2001-09-29 00:00:00,1989-07-19,.00,156-840,서울특별시 동작구 상도동 239-60,N,,3190000-204-1989-00795,3190000,,,03,폐업,미용업,02-0842-1095,0,0,0,0
,,,,하이얀,일반미용업,3,2005-03-14,,,,194328.440074827,445275.310401641,2026-05-01 22:30:48,I,02,폐업,,2004-11-25 00:00:00,1990-08-06,"1,575.00",156-805,서울특별시 동작구 노량진동 292-7,N,,3190000-204-1990-00852,3190000,,,03,폐업,미용업,,,,,
,,,,앙상블헤어코디,일반미용업,3,2004-04-02,,,,194618.621660163,445206.883000134,2026-05-01 22:31:08,I,02,폐업,,2004-03-22 00:00:00,2001-08-08,.00,156-803,서울특별시 동작구 노량진동 231-75,N,,3190000-204-2001-01575,3190000,,,03,폐업,미용업,02-815-7321,,,,
,,,,가이헤어,일반미용업,,2005-08-01,,,,209636.916608671,444858.989436237,2026-05-01 22:32:55,I,02,폐업,,2005-07-14 00:00:00,2003-02-27,.00,138-851,서울특별시 송파구 송파동 113-2 송파여성문화회관 지하2층,N,,3230000-204-2003-00054,3230000,,,03,폐업,미용업,02-425-5884,,,,
0,0,임대,0,마이더스헤어,일반미용업,4,2021-04-16,,,,212818.222910901,444071.644124643,2026-05-01 22:36:06,I,02,폐업,,2021-04-16 11:52:40,2010-06-03,92.50,138-818,서울특별시 송파구 마천동 34-9,N,,3230000-217-2010-00002,3230000,서울특별시 송파구 마천로 255 (마천동),05734,03,폐업,"일반미용업, 네일미용업",,1,,1,
0,2,,0,체사레1story,일반미용업,5,2012-12-31,,,,198241.889846864,442863.668186619,2026-05-01 22:32:22,I,02,폐업,,2011-11-08 13:36:27,2009-09-30,20.00,156-816,서울특별시 동작구 사당동 130-14,N,,3190000-213-2009-00044,3190000,서울특별시 동작구 동작대로29길 17 (사당동),07008,03,폐업,종합미용업,,,,,
,,,,영동미용실,일반미용업,3,2003-08-06,,,,207553.918225133,445383.338011122,2026-05-01 22:32:14,I,02,폐업,,2003-06-25 00:00:00,2003-02-27,16.17,138-915,서울특별시 송파구 잠실동 35-2 주공3단지354동지하상가6호,N,,3230000-204-1990-01784,3230000,,,03,폐업,미용업,02-423-6949,,,,
2,0,,0,나인헤어 2호점,일반미용업,6,2023-07-27,,,,208675.499407557,444795.122243824,2026-05-01 22:34:30,I,02,폐업,0,2023-07-27 10:29:23,2020-05-11,30.21,138-842,서울특별시 송파구 석촌동 22-3,N,0,3230000-211-2020-00006,3230000,"서울특별시 송파구 백제고분로33길 30, 1층 (석촌동)",05611,03,폐업,일반미용업,,,,,
,0,,0,카샤,일반미용업,4,1996-05-20,,,,,,2026-05-01 22:32:15,I,02,폐업,,2002-09-04 00:00:00,1991-08-02,20.16,138-210,서울특별시 송파구 장지동 산 50-8,N,,3230000-204-1991-00841,3230000,,,03,폐업,미용업,02-400-1615,0,0,,
0,0,임대,0,준 코스메틱,피부미용업,5,2016-12-02,,,,210785.680232426,445028.954012242,2026-05-01 22:34:43,I,02,폐업,,2010-06-04 13:27:03,2010-06-04,66.00,138-836,서울특별시 송파구 방이동 218-25,N,,3230000-212-2010-00048,3230000,서울특별시 송파구 오금로31가길 17 (방이동),05646,03,폐업,피부미용업,,2,,2,
0,0,,0,우리 한증막피부실,피부미용업,3,2012-03-26,,,,212811.975075042,443458.225003327,2026-05-01 22:33:15,I,02,폐업,,2011-07-18 11:05:19,2011-07-18,21.00,138-814,서울특별시 송파구 거여동 37-1 (지하1층),N,,3230000-204-2011-00083,3230000,,,03,폐업,미용업,,,,,
0,0,,0,하이어 헤어,일반미용업,3,,,,,212563.467295777,442692.700075122,2026-05-01 22:36:21,I,01,영업,0,2023-08-24 16:00:47,2023-08-24,63.00,138-110,서울특별시 송파구 거여동 605 휴먼빌 시티,N,0,3230000-225-2023-00014,3230000,"서울특별시 송파구 위례송파로3길 12, 휴먼빌 시티 1동 216호 (거여동)",05790,01,영업/정상,"일반미용업, 네일미용업, 화장ㆍ분장 미용업",,,,,
,0,,0,황동순미용실,일반미용업,0,1998-01-14,,,,198237.687229878,443057.494636651,2026-05-01 22:30:50,I,02,폐업,,2001-09-29 00:00:00,1992-04-20,.00,156-815,서울특별시 동작구 사당동 77-65,N,,3190000-204-1992-00623,3190000,,,03,폐업,미용업,02-535-6841,0,0,0,0
,2,임대,1,정화미용실,일반미용업,5,2006-07-05,,,,210045.748264305,442930.687284628,2026-05-01 22:33:04,I,02,폐업,,2005-06-09 00:00:00,2005-05-03,46.53,138-885,서울특별시 송파구 문정동 150 훼미리아파트 오륜상가 2층 209호,N,,3230000-204-2005-00046,3230000,,,03,폐업,미용업,02-406-5349,2,,2,
,,,,빗과가위소리,일반미용업,,2005-02-22,,,,210053.802513945,444673.058428655,2026-05-01 22:32:55,I,02,폐업,,2003-06-13 00:00:00,2003-02-27,.00,138-854,서울특별시 송파구 송파동 103 201호,N,,3230000-204-2003-00052,3230000,,,03,폐업,미용업,02-422-2439,,,,
0,0,,0,살롱 드 마벨(salon de mabel),일반미용업,5,,,,,211591.053808857,442873.351740073,2026-05-01 22:34:06,I,01,영업,0,2018-03-02 13:38:45,2014-12-03,59.40,138-200,서울특별시 송파구 문정동 116-4 지상2층,N,0,3230000-211-2014-00087,3230000,"서울특별시 송파구 송이로 239, 지상2층 (문정동)",05798,01,영업/정상,일반미용업,02-403-1389,2,,2,
0,0,,0,휴헤어,일반미용업,4,2016-08-01,,,,191691.678396263,442818.113681285,2026-05-01 22:31:54,I,02,폐업,,2014-05-02 15:31:13,2010-11-26,34.03,156-010,서울특별시 동작구 신대방동 719 동작상떼빌상가 106동 115호,N,,3190000-211-2010-00018,3190000,"서울특별시 동작구 신대방1가길 38, 106동 115호 (신대방동,동작상떼빌상가)",07072,03,폐업,일반미용업,,1,,,
0,0,임대,0,미하루헤어,일반미용업,3,2014-05-29,,,,198181.18170957,442615.05921955,2026-05-01 22:31:56,I,02,폐업,,2013-06-20 17:27:51,2013-06-20,73.00,156-816,서울특별시 동작구 사당동 142-17 2층,N,,3190000-211-2013-00018,3190000,"서울특별시 동작구 동작대로27다길 42, 2층 (사당동)",07008,03,폐업,일반미용업,,2,,,
,0,임대,0,금빛헤어,일반미용업,4,2012-07-02,,,,196165.736155288,443481.625968515,2026-05-01 22:32:21,I,02,폐업,,2008-08-07 17:20:11,2008-08-07,24.96,156-030,서울특별시 동작구 상도동 408 삼호아파트 상가2동 103호,N,,3190000-213-2008-00004,3190000,,,03,폐업,종합미용업,070-8100-8961,1,,1,
7,4,,0,한피부야 바디야,피부미용업,0,2011-12-21,,,,195234.609572989,444855.902072871,2026-05-01 22:32:12,I,02,폐업,,2010-10-11 13:25:19,2010-10-11,108.84,156-831,서울특별시 동작구 상도동 22-1,N,,3190000-212-2010-00015,3190000,,,03,폐업,피부미용업,,4,,,
1,0,,0,피카,일반미용업,3,,,,,210021.864640649,445902.95034078,2026-05-01 22:35:44,I,01,영업,0,2024-02-15 13:10:15,2024-02-15,29.75,138-828,서울특별시 송파구 방이동 50-3 잠실 리버리치,N,0,3230000-213-2024-00005,3230000,"서울특별시 송파구 오금로11길 65, 잠실 리버리치 1층 104호 (방이동)",05545,01,영업/정상,종합미용업,,,,,
,,,,일등미용실,일반미용업,3,2009-04-14,,,,193556.22254697,444246.364147406,2026-05-01 22:30:40,I,02,폐업,,2004-11-25 00:00:00,1977-12-13,16.28,156-811,서울특별시 동작구 대방동 393-62,N,,3190000-204-1977-00845,3190000,,,03,폐업,미용업,02-0000-0000,,,,
,0,,0,지원투,일반미용업,0,1993-11-08,,,,194122.385578253,444015.9473901,2026-05-01 22:30:44,I,02,폐업,,2001-09-29 00:00:00,1985-12-12,.00,156-844,서울특별시 동작구 상도동 259-1,N,,3190000-204-1985-01014,3190000,,,03,폐업,미용업,02-0844-1146,0,0,0,0
2,0,,0,프롬라인,피부미용업,2,2024-12-31,,,,197855.481340043,442140.551269828,2026-05-01 22:32:18,I,02,폐업,0,2024-12-31 09:07:57,2020-12-31,37.18,156-824,서울특별시 동작구 사당동 1014-7,N,0,3190000-212-2020-00008,3190000,"서울특별시 동작구 동작대로11길 90, 102호 (사당동)",07012,03,폐업,피부미용업,,1,,1,
0,0,임대,0,에또알네일 잠실새내점,네일아트업,3,,,,,207325.511224847,445415.042869266,2026-05-01 22:35:57,I,01,영업,0,2024-10-23 14:27:25,2021-06-22,30.91,138-861,서울특별시 송파구 잠실동 183-12 NS파인트리,N,0,3230000-215-2021-00017,3230000,"서울특별시 송파구 백제고분로7길 41, 304호 (잠실동, NS파인트리)",05558,01,영업/정상,네일미용업,,3,,3,
0,0,,0,야민 네일(Yamin Nail),네일아트업,3,,,,,,,2026-05-01 22:35:59,I,01,영업,0,2024-05-31 17:27:45,2024-05-31,9.90,138-888,서울특별시 송파구 문정동 642-3 문정역SKV1,N,0,3230000-215-2024-00012,3230000,"서울특별시 송파구 법원로 128, 문정역SKV1 1층 B120호 (문정동)",05854,01,영업/정상,네일미용업,,,,,
0,0,,0,루미가넷 네일죤,네일아트업,9,2017-10-31,,,,210343.699256005,443288.284974717,2026-05-01 22:35:54,I,02,폐업,0,2017-10-31 15:14:27,2017-07-13,30.00,138-885,서울특별시 송파구 문정동 150-2,N,0,3230000-215-2017-00024,3230000,"서울특별시 송파구 중대로 80 (문정동, 롯데마트 2층)",05833,03,폐업,네일미용업,,2,,2,
0,0,,0,"네일봐, 쑴",네일아트업,4,,,,,197565.240124213,442120.529508799,2026-05-01 22:32:53,I,01,영업,0,2023-03-17 13:30:05,2023-03-17,33.90,156-090,"서울특별시 동작구 사당동 314-8 , 1층",N,0,3190000-226-2023-00001,3190000,"서울특별시 동작구 사당로20나길 52, 1층 (사당동)",07011,01,영업/정상,"피부미용업, 네일미용업, 화장ㆍ분장 미용업",,,,,
3,4,,1,이정서 스킨 & 바디,피부미용업,0,,,,,207631.364216385,444969.869622321,2026-05-01 22:35:01,I,01,영업,,2017-05-29 15:55:25,2014-05-29,33.30,138-864,서울특별시 송파구 잠실동 239-6,N,,3230000-212-2014-00062,3230000,"서울특별시 송파구 백제고분로19길 23, 1층 108-1호 (잠실동, 해시안상가)",05565,01,영업/정상,피부미용업,031-705-1371,1,0,1,0
0,3,,0,로즈헤어샾,일반미용업,3,,,,,193223.961257787,443874.947409176,2026-05-01 22:31:53,I,01,영업,,2020-11-08 13:21:27,2009-09-23,33.00,156-848,서울특별시 동작구 신대방동 360-25,N,,3190000-211-2009-00009,3190000,서울특별시 동작구 여의대방로22아길 12 (신대방동),07058,01,영업/정상,일반미용업,02-814-1902,1,,,
1,0,,0,쥬오브룸,메이크업업,1,,,,,207370.752606056,445426.25322676,2026-05-01 22:36:21,I,01,영업,0,2025-04-22 15:36:06,2024-07-01,23.33,138-861,서울특별시 송파구 잠실동 183-4,N,0,3230000-225-2024-00010,3230000,"서울특별시 송파구 백제고분로7길 49, 4층 406호 (잠실동)",05558,01,영업/정상,"일반미용업, 네일미용업, 화장ㆍ분장 미용업",,,,,
1,0,,0,byemomo(바이모모),피부미용업,1,2022-04-29,,,,210749.224970991,445161.258714865,2026-05-01 22:35:12,I,02,폐업,0,2022-04-29 13:41:45,2017-06-20,13.36,138-835,서울특별시 송파구 방이동 212-8,N,0,3230000-212-2017-00016,3230000,"서울특별시 송파구 오금로31길 27, B동 113,114호 (방이동, 코오롱아파트 상가)",05646,03,폐업,피부미용업,,1,,1,
4,0,,0,끌레르,피부미용업,3,,,,,212020.879871583,443978.656400094,2026-05-01 22:35:05,I,01,영업,0,2018-03-02 16:50:50,2016-05-03,39.00,138-860,서울특별시 송파구 오금동 165,N,0,3230000-212-2016-00024,3230000,"서울특별시 송파구 오금로 407, 2층 205호 (오금동, 상아아파트상가)",05741,01,영업/정상,피부미용업,02-404-7773,2,,2,
,,,,우영선헤어,일반미용업,4,2007-05-21,,,,210245.93401154,445575.944863677,2026-05-01 22:32:23,I,02,폐업,,2005-06-08 00:00:00,2003-02-27,19.20,138-832,서울특별시 송파구 방이동 144-6,N,,3230000-204-1995-00868,3230000,,,03,폐업,미용업,02-423-0469,,,,
,,,,M&S헤어클럽,일반미용업,3,,,,,194389.943305415,444358.631740587,2026-05-01 22:31:48,I,01,영업,,2020-07-15 17:04:42,1992-05-13,20.16,156-840,서울특별시 동작구 상도동 197-22,N,,3190000-211-1992-00003,3190000,서울특별시 동작구 성대로31길 71 (상도동),06961,01,영업/정상,일반미용업,02-823-1666,,,,
,0,,0,좋은느낌,일반미용업,3,1995-12-06,,,,,,2026-05-01 22:32:23,I,02,폐업,,2002-09-04 00:00:00,1995-05-31,19.27,138-210,서울특별시 송파구 장지동 산 109-5,N,,3230000-204-1995-00356,3230000,,,03,폐업,미용업,02-419-6278,0,0,,
,0,,0,수지,일반미용업,3,2001-10-29,,,,,,2026-05-01 22:32:08,I,02,폐업,,2001-11-15 00:00:00,1988-06-21,22.70,138-210,서울특별시 송파구 장지동 산 73-0,N,,3230000-204-1988-01204,3230000,,,03,폐업,미용업,02-3401-1115,0,0,,
4,2,,0,뷰티는 도도하다,피부미용업,0,,,,,197545.985381694,442685.886949892,2026-05-01 22:32:17,I,01,영업,0,2024-05-28 10:16:16,2017-04-14,8.81,156-775,서울특별시 동작구 사당동 169-8 대림아파트,N,0,3190000-212-2017-00009,3190000,"서울특별시 동작구 사당로17길 8, 대림아파트 상가A동 1층 151-2호 (사당동)",07005,01,영업/정상,피부미용업,,,1,,
5,0,,0,라라뷰티,피부미용업,0,2013-04-22,,,,209711.097792777,444306.899881165,2026-05-01 22:34:46,I,02,폐업,,2011-08-22 14:50:51,2011-08-22,50.00,138-847,서울특별시 송파구 석촌동 296-13 (2층),N,,3230000-212-2011-00044,3230000,,,03,폐업,피부미용업,02-415-1533,,,,
,0,,0,리,일반미용업,3,1998-05-26,,,,,,2026-05-01 22:32:18,I,02,폐업,,2002-09-04 00:00:00,1993-01-29,17.60,138-210,서울특별시 송파구 장지동 산 182-16,N,,3230000-204-1993-00645,3230000,,,03,폐업,미용업,02-423-6491,0,0,,
,0,,0,목화,일반미용업,3,1995-12-01,,,,,,2026-05-01 22:32:15,I,02,폐업,,2002-09-04 00:00:00,1991-06-21,15.75,138-210,서울특별시 송파구 장지동 산 54-4,N,,3230000-204-1991-00865,3230000,,,03,폐업,미용업,,0,0,,
,,,,촤리헤어,일반미용업,,2004-04-02,,,,212661.500155419,443487.847772714,2026-05-01 22:32:58,I,02,폐업,,2003-05-24 00:00:00,2003-05-24,.00,138-813,서울특별시 송파구 거여동 26-3,N,,3230000-204-2003-00223,3230000,,,03,폐업,미용업,02-3401-2580,,,,
0,0,,0,marge(마르제),일반미용업,4,,,,,207871.472705898,445031.713404435,2026-05-01 22:34:02,I,01,영업,,2014-09-04 15:09:49,2013-04-30,113.09,138-864,서울특별시 송파구 잠실동 242-9 지하1층,N,,3230000-211-2013-00033,3230000,"서울특별시 송파구 석촌호수로 118, 지하1층 (잠실동)",05566,01,영업/정상,일반미용업,02-425-1223,1,,1,
,,,,아름다운그녀,일반미용업,5,,,,,207677.897099004,445075.689190034,2026-05-01 22:33:18,I,01,영업,,2020-12-29 15:01:18,2003-02-27,18.00,138-862,서울특별시 송파구 잠실동 209-11,N,,3230000-211-1991-00010,3230000,"서울특별시 송파구 백제고분로19길 35, 1층 (잠실동)",05564,01,영업/정상,일반미용업,02-421-7797,,,,
,0,,0,숙헤어라인,일반미용업,3,1998-10-30,,,,,,2026-05-01 22:32:41,I,02,폐업,,2002-09-04 00:00:00,1998-04-28,19.72,138-210,서울특별시 송파구 장지동 산 89-25,N,,3230000-204-1998-00654,3230000,,,03,폐업,미용업,02-485-8276,0,0,,
0,0,,0,원 미용실,일반미용업,1,2017-07-31,,,,213052.359381874,443353.699240628,2026-05-01 22:34:14,I,02,폐업,0,2017-07-31 15:37:38,2016-03-11,33.00,138-815,서울특별시 송파구 거여동 545-6,N,0,3230000-211-2016-00028,3230000,"서울특별시 송파구 오금로64가길 9-1, 지상1층 (거여동)",05774,03,폐업,일반미용업,,1,,1,
0,0,,0,라운드앤라운드,일반미용업,4,,,,,209791.598268277,445430.093832857,2026-05-01 22:36:20,I,01,영업,0,2025-04-30 15:07:58,2022-06-13,82.70,138-830,서울특별시 송파구 방이동 108-6 예인빌딩,N,0,3230000-225-2022-00006,3230000,"서울특별시 송파구 오금로17길 4, 예인빌딩 1층 102호 (방이동)",05550,01,영업/정상,"일반미용업, 네일미용업, 화장ㆍ분장 미용업",,,,,
5,0,,0,본앤영에스테틱,피부미용업,5,,,,,207373.50021477,445545.656024061,2026-05-01 22:35:17,I,01,영업,0,2019-06-05 12:44:44,2019-06-05,99.60,138-908,서울특별시 송파구 잠실동 19-9 잠실파인애플상가,N,0,3230000-212-2019-00024,3230000,"서울특별시 송파구 올림픽로 119, 잠실파인애플상가 5층 B14호 (잠실동)",05501,01,영업/정상,피부미용업,,,,,
,,,,까미헤어,일반미용업,,,,,,210272.978145428,447889.528202978,2026-05-01 22:33:20,I,01,영업,,2014-07-23 14:12:53,2003-02-27,.00,138-874,서울특별시 송파구 풍납동 230-17,N,,3230000-211-2001-00008,3230000,서울특별시 송파구 풍성로20길 12 (풍납동),05533,01,영업/정상,일반미용업,02-470-2655,,,,
1,0,,0,오 땡큐 방이2호점,일반미용업,2,,,,,211257.174450518,445234.291715928,2026-05-01 22:34:35,I,01,영업,0,2024-02-21 11:38:50,2024-02-21,19.80,138-855,서울특별시 송파구 오금동 18-31,N,0,3230000-211-2024-00001,3230000,"서울특별시 송파구 마천로7길 13, 1층 1호 (오금동)",05657,01,영업/정상,일반미용업,,,,,
0,1,임대,0,퀸즈네일&뷰티,네일아트업,1,,,,,210192.99537513,447978.376332192,2026-05-01 22:35:36,I,01,영업,0,2019-11-06 09:53:17,2019-11-06,26.00,138-874,서울특별시 송파구 풍납동 222-122,N,0,3230000-213-2019-00044,3230000,"서울특별시 송파구 풍성로10길 5, 1층 103호 (풍납동)",05527,01,영업/정상,종합미용업,,,,,
,0,,0,사비나,일반미용업,0,1993-11-24,,,,193984.793790941,444137.095546855,2026-05-01 22:30:44,I,02,폐업,,2001-09-29 00:00:00,1985-11-12,.00,156-030,서울특별시 동작구 상도동 313-13,N,,3190000-204-1985-01047,3190000,,,03,폐업,미용업,02-0842-6373,0,0,0,0
,0,,0,꽃,일반미용업,0,1994-05-19,,,,197872.631377362,442261.615794127,2026-05-01 22:30:45,I,02,폐업,,2001-09-29 00:00:00,1987-11-03,.00,156-824,서울특별시 동작구 사당동 1013-19,N,,3190000-204-1987-00904,3190000,,,03,폐업,미용업,02-0585-0656,0,0,0,0
,4,임대,,헬로펌,일반미용업,4,2012-03-12,,,,193660.307833336,445537.869850621,2026-05-01 22:31:39,I,02,폐업,,2008-03-25 15:11:36,2007-05-15,34.70,156-020,서울특별시 동작구 대방동 508 대방1차 e편한세상 상가동 202호,N,,3190000-204-2007-00021,3190000,,,03,폐업,미용업,,1,,1,
3,0,임대,0,"뷰티, 나애",피부미용업,3,,,,,207285.647226547,445469.00224568,2026-05-01 22:35:19,I,01,영업,0,2019-11-15 16:55:45,2019-11-15,49.58,138-861,서울특별시 송파구 잠실동 184 서경빌딩,N,0,3230000-212-2019-00041,3230000,"서울특별시 송파구 올림픽로 114, 서경빌딩 8층 803호 (잠실동)",05558,01,영업/정상,피부미용업,,8,,8,
0,0,,0,Salon de 5k,일반미용업,4,2023-06-26,,,,194443.209845242,444754.236227234,2026-05-01 22:32:03,I,02,폐업,0,2023-06-26 13:07:44,2018-06-21,34.04,156-832,서울특별시 동작구 상도동 363-164 상도 휴엔하임,N,0,3190000-211-2018-00030,3190000,"서울특별시 동작구 상도로15길 131, 상도 휴엔하임 B층 105호 (상도동)",06937,03,폐업,일반미용업,02-812-5588,,,,
,4,임대,1,유연경헤어,일반미용업,3,2021-09-06,,,,194464.280768247,445094.350809654,2026-05-01 22:31:53,I,02,폐업,,2021-09-06 14:55:13,2008-07-02,24.75,156-806,서울특별시 동작구 노량진동 313-65 1층,N,,3190000-211-2008-00015,3190000,"서울특별시 동작구 장승배기로19길 31, 1층 (노량진동)",,03,폐업,일반미용업,070-8844-9179,1,,1,
5,0,,0,환희,피부미용업,5,2026-03-19,,,,206958.784771636,445321.825195742,2026-05-01 22:35:16,I,02,폐업,0,2026-03-19 15:42:15,2019-02-01,122.31,138-862,서울특별시 송파구 잠실동 195-1 남미빌딩,N,0,3230000-212-2019-00008,3230000,"서울특별시 송파구 백제고분로7길 6-5, 남미빌딩 2층 201호 (잠실동)",05561,03,폐업,피부미용업,,,,,
,0,,0,한일미용실,일반미용업,0,1996-01-22,,,,197685.697747792,441919.307574571,2026-05-01 22:30:49,I,02,폐업,,2001-09-29 00:00:00,1992-11-16,.00,156-825,서울특별시 동작구 사당동 435-18,N,,3190000-204-1992-00576,3190000,,,03,폐업,미용업,02-523-9301,0,0,0,0
,0,,0,정경화헤어샵,일반미용업,4,1999-06-01,,,,,,2026-05-01 22:30:56,I,02,폐업,,1999-06-05 00:00:00,1997-09-19,30.72,156-080,서울특별시 동작구 동작동 91-175,N,,3190000-204-1997-00329,3190000,,,03,폐업,미용업,,0,0,0,0
,2,임대,1,신준헤어,일반미용업,3,2009-02-23,,,,197338.712873113,442403.986710346,2026-05-01 22:31:37,I,02,폐업,,2006-03-03 00:00:00,2006-03-03,20.70,156-821,서울특별시 동작구 사당동 269-2,N,,3190000-204-2006-00010,3190000,,,03,폐업,미용업,,1,,1,
0,0,,0,위즈네일,네일아트업,5,,,,,197990.22770755,441805.256439066,2026-05-01 22:32:41,I,01,영업,0,2024-04-25 16:34:51,2024-04-25,21.00,156-826,서울특별시 동작구 사당동 1038-9,N,0,3190000-215-2024-00003,3190000,"서울특별시 동작구 사당로26길 121, 1층 101호 (사당동)",07025,01,영업/정상,네일미용업,,,,,
3,0,,0,스킨핏헤드스파&에스테틱 서울본점,피부미용업,3,,,,,194870.38438442,444631.112679216,2026-05-01 22:32:18,I,01,영업,1,2026-03-19 11:38:58,2019-04-10,30.90,156-030,서울특별시 동작구 상도동 535 상도2차두산위브트레지움아파트,N,0,3190000-212-2019-00007,3190000,"서울특별시 동작구 상도로30길 40, 2층 211호 (상도동, 상도2차두산위브트레지움아파트)",06964,01,영업/정상,피부미용업,,,,,
,0,,0,강도경머리사랑,일반미용업,3,2003-02-26,,,,195157.609329271,445544.919143003,2026-05-01 22:30:48,I,02,폐업,,2003-02-26 00:00:00,1990-10-13,"1,575.00",156-802,서울특별시 동작구 노량진동 207-3,N,,3190000-204-1990-00967,3190000,,,03,폐업,미용업,02-821-6817,0,0,0,0
0,1,,0,잭슨 김 헤어,일반미용업,3,2024-02-29,,,,191831.580904689,443027.437353308,2026-05-01 22:32:06,I,02,폐업,0,2024-02-29 11:19:05,2021-01-21,31.59,156-727,서울특별시 동작구 신대방동 712 경남아파트,N,0,3190000-211-2021-00005,3190000,"서울특별시 동작구 신대방길 85, 상가동 104호 (신대방동, 경남아파트)",07069,03,폐업,일반미용업,,,,,
2,0,,0,하얀 에스테틱,피부미용업,3,,,,,212631.968657493,443089.54324724,2026-05-01 22:35:36,I,01,영업,0,2019-09-09 11:43:24,2019-09-09,16.97,138-110,서울특별시 송파구 거여동 293-1 세신거여훼미리타운,N,0,3230000-213-2019-00030,3230000,"서울특별시 송파구 양산로 12, 세신거여훼미리타운 1층 111호,112호 (거여동)",05787,01,영업/정상,종합미용업,,,,,
0,0,,0,온 뷰티 바이 미,메이크업업,0,,,,,,,2026-05-01 22:35:47,I,01,영업,0,2025-07-03 13:04:26,2025-07-03,29.79,138-888,서울특별시 송파구 문정동 652 송파법조타운푸르지오시티,N,0,3230000-213-2025-00036,3230000,"서울특별시 송파구 법원로4길 5, 송파법조타운푸르지오시티 3층 328호 (문정동)",05855,01,영업/정상,종합미용업,,,,,
,6,,,보떼헤어샵,일반미용업,5,,,,,211611.3536395,444006.154467815,2026-05-01 22:33:25,I,01,영업,,2015-05-27 14:45:41,2004-06-16,30.38,138-810,서울특별시 송파구 가락동 165 래미안파크팰리스 상가 지상1층 107호,N,,3230000-211-2004-00023,3230000,"서울특별시 송파구 동남로 227 (가락동, 래미안파크팰리스 상가 지상1층 107호)",05820,01,영업/정상,일반미용업,02-400-3887,3,,3,
,,,,빗과가위소리,일반미용업,,,,,,211289.650568089,445252.207546322,2026-05-01 22:33:22,I,01,영업,,2005-06-08 00:00:00,2003-02-27,.00,138-855,서울특별시 송파구 오금동 16-6,N,,3230000-211-2003-00043,3230000,서울특별시 송파구 마천로7길 18 (오금동),05652,01,영업/정상,일반미용업,02-449-1483,,,,
,0,,0,까까머리,일반미용업,8,1999-02-06,,,,198147.827073803,442881.022417329,2026-05-01 22:30:53,I,02,폐업,,1999-02-22 00:00:00,1995-05-24,98.93,156-815,서울특별시 동작구 사당동 128-46,N,,3190000-204-1995-00453,3190000,,,03,폐업,미용업,02-532-6927,0,0,0,0
2,0,임대,0,비키's 피부미인,피부미용업,0,2016-01-19,,,,197802.436613024,443049.214038897,2026-05-01 22:32:13,I,02,폐업,,2012-07-27 12:17:38,2012-01-31,27.00,156-815,서울특별시 동작구 사당동 105 사당우성종합단지 상가동 218호,N,,3190000-212-2012-00002,3190000,"서울특별시 동작구 동작대로29길 91, 상가동 2층 218호 (사당동, 사당우성종합단지)",06999,03,폐업,피부미용업,02-536-2686,,,,
0,0,,0,벨라 Bella,네일아트업,0,,,,,208589.363343145,445455.90405262,2026-05-01 22:35:54,I,01,영업,0,2018-06-04 12:36:13,2018-06-01,33.06,138-721,서울특별시 송파구 잠실동 40-1 롯데월드,N,0,3230000-215-2018-00013,3230000,"서울특별시 송파구 올림픽로 240, 롯데호텔 2층 (잠실동)",05554,01,영업/정상,네일미용업,,2,,2,
0,0,,0,름흠(LmhM),네일아트업,2,,,,,209292.781943405,444219.005576488,2026-05-01 22:36:00,I,01,영업,0,2025-06-23 17:37:49,2025-06-23,23.10,138-846,서울특별시 송파구 석촌동 274-2,N,0,3230000-215-2025-00015,3230000,"서울특별시 송파구 가락로12길 5-12, 1층 101호 (석촌동)",05696,01,영업/정상,네일미용업,,1,,,
,,,,김단헤어클럽,일반미용업,4,2007-04-11,,,,,,2026-05-01 22:30:52,I,02,폐업,,2004-12-03 00:00:00,1994-04-19,31.08,156-030,서울특별시 동작구 상도동 121-1 삼호A상가3층3호,N,,3190000-204-1994-00505,3190000,,,03,폐업,미용업,02-0824-2076,,,,
2,3,,1,오스파 체험케어,피부미용업,0,2016-06-28,,,,197187.594584267,442528.982699091,2026-05-01 22:32:13,I,02,폐업,,2012-10-22 15:03:55,2012-04-20,30.50,156-879,서울특별시 동작구 사당동 223-21 우측호,N,,3190000-212-2012-00008,3190000,"서울특별시 동작구 사당로16가길 92, 1층 우측호 (사당동)",07009,03,폐업,피부미용업,,1,,1,
1,2,,0,뉘앙스(NUANCE),메이크업업,3,,,,,212958.601489888,443362.796227212,2026-05-01 22:36:14,I,01,영업,0,2024-11-01 17:25:50,2024-11-01,13.20,138-814,서울특별시 송파구 거여동 30-19 유태상가주택,N,0,3230000-219-2024-00014,3230000,"서울특별시 송파구 오금로64길 6, 유태상가주택 2층 (거여동)",05773,01,영업/정상,화장ㆍ분장 미용업,,,,,
0,3,임대,1,에스뷔래쉬,메이크업업,2,2023-01-30,,,,193140.052317678,443178.674686446,2026-05-01 22:32:27,I,02,폐업,0,2023-01-30 13:42:18,2018-08-31,18.90,156-849,서울특별시 동작구 신대방동 395-67 롯데타워,N,0,3190000-213-2018-00002,3190000,"서울특별시 동작구 보라매로5길 51, 지하1층 130호 (신대방동, 롯데타워)",07071,03,폐업,종합미용업,,0,1,0,1
,5,임대,1,헤어까미,일반미용업,4,,,,,210957.926673899,444393.472240381,2026-05-01 22:33:27,I,01,영업,,2014-09-02 14:59:17,2005-05-24,33.00,138-800,서울특별시 송파구 가락동 18-15,N,,3230000-211-2005-00008,3230000,서울특별시 송파구 오금로36길 21 (가락동),05702,01,영업/정상,일반미용업,02-2043-4054,1,,1,
0,0,임대,0,연아 미장원,일반미용업,3,2022-06-03,,,,207373.50021477,445545.656024061,2026-05-01 22:34:33,I,02,폐업,0,2022-06-03 16:47:49,2022-03-02,16.64,138-908,서울특별시 송파구 잠실동 19-9 잠실파인애플상가,N,0,3230000-211-2022-00006,3230000,"서울특별시 송파구 올림픽로 119, 잠실파인애플상가 지하1층 A166호 (잠실동)",05501,03,폐업,일반미용업,,,1,,1
,0,임대,0,골드스킨,피부미용업,3,2017-07-18,,,,211259.909777857,443711.702922024,2026-05-01 22:34:38,I,02,폐업,,2017-07-18 14:39:07,2009-04-07,38.44,138-808,서울특별시 송파구 가락동 140 쌍용프라자상가 26동 SF 508호,N,,3230000-212-2009-00006,3230000,"서울특별시 송파구 동남로 189 (가락동, 가락쌍용아파트프라자상가26동sf508호)",05823,03,폐업,피부미용업,02-401-0117,5,0,5,0
,1,임대,,이즈헤어커커,일반미용업,5,,,,,191973.227932758,442998.503494328,2026-05-01 22:31:51,I,01,영업,,2020-11-08 13:17:03,2004-12-10,45.32,156-853,서울특별시 동작구 신대방동 604-5,N,,3190000-211-2004-00009,3190000,서울특별시 동작구 신대방길 74 (신대방동),07067,01,영업/정상,일반미용업,02-842-3187,1,,1,
0,0,,0,살롱드피움,일반미용업,2,2023-06-02,,,,210294.324494802,444040.693740523,2026-05-01 22:36:15,I,02,폐업,0,2023-06-02 16:49:48,2022-04-06,31.92,138-804,서울특별시 송파구 가락동 93-4 그랜드아파트,N,0,3230000-220-2022-00001,3230000,"서울특별시 송파구 송이로14길 24, 1층 102호 (가락동, 그랜드아파트)",05708,03,폐업,"일반미용업, 화장ㆍ분장 미용업",,1,,1,
0,2,,0,바바헤어(baba hair),일반미용업,6,2015-10-27,,,,195034.769890089,445366.193607324,2026-05-01 22:31:57,I,02,폐업,,2014-02-18 15:27:33,2014-02-18,57.78,156-802,서울특별시 동작구 노량진동 224-1 2층,N,,3190000-211-2014-00008,3190000,"서울특별시 동작구 만양로 79 (노량진동, 2층)",06926,03,폐업,일반미용업,,,,,
0,0,,0,아리조 헤어메이크업,일반미용업,7,2024-05-02,,,,196874.591319262,444555.900566914,2026-05-01 22:32:42,I,02,폐업,0,2024-05-02 10:55:26,2019-09-02,39.31,156-070,서울특별시 동작구 흑석동 336 흑석한강푸르지오 상가D동 B307호,N,0,3190000-216-2019-00001,3190000,"서울특별시 동작구 흑석한강로 27, 상가D동 B307호 (흑석동, 흑석한강푸르지오)",06981,03,폐업,"일반미용업, 피부미용업",,,2,,2
,,,,곽선생피부공방,피부미용업,,2021-07-27,,,,207373.50021477,445545.656024061,2026-05-01 22:34:44,I,02,폐업,,2021-07-27 13:53:31,2010-08-13,16.87,138-908,서울특별시 송파구 잠실동 19-9 잠실파인애플상가,N,,3230000-212-2010-00106,3230000,"서울특별시 송파구 올림픽로 119, 잠실파인애플상가 제지1층 제에이169호 (잠실동)",05501,03,폐업,피부미용업,032-511-2232,,,,
,,,,에바성현아미용실,일반미용업,15,2001-02-02,,,,,,2026-05-01 22:32:25,I,02,폐업,,2003-02-20 00:00:00,1995-11-30,102.10,138-160,서울특별시 송파구 가락동 000000,N,,3230000-204-1995-01754,3230000,,,03,폐업,미용업,02-418-8147,,,,
6,0,,0,수 테라피,피부미용업,5,2024-04-30,,,,209446.97500778,444417.195040282,2026-05-01 22:35:13,I,02,폐업,0,2024-04-30 13:47:44,2017-10-25,105.60,138-846,서울특별시 송파구 석촌동 278-8,N,0,3230000-212-2017-00039,3230000,"서울특별시 송파구 백제고분로40길 32, 3층 (석촌동)",05688,03,폐업,피부미용업,02-421-2030,3,,3,
,0,,0,효,일반미용업,3,1993-11-19,,,,,,2026-05-01 22:32:04,I,02,폐업,,2002-09-04 00:00:00,1983-10-07,14.70,138-210,서울특별시 송파구 장지동 산 176-5,N,,3230000-204-1983-01755,3230000,,,03,폐업,미용업,02-472-4973,0,0,,
,,,,이정란헤어아트,일반미용업,,2016-12-28,,,,212721.322451722,444090.327645873,2026-05-01 22:33:21,I,02,폐업,,2010-05-31 14:45:03,2003-02-27,.00,138-813,서울특별시 송파구 거여동 1-1 세림빌딩 1층,N,,3230000-211-2003-00014,3230000,"서울특별시 송파구 마천로 250 (거여동,세림빌딩 1층)",05736,03,폐업,일반미용업,02-449-7220,,,,
0,0,,0,루미가넷네일존(LumiGarnet Nail ZONE),네일아트업,4,2026-04-30,,,,196762.077394917,447480.039577359,2026-05-01 03:03:03,U,02,폐업,0,2026-04-30 11:14:50,2025-09-16,20.42,140-780,서울특별시 용산구 한강로3가 40-999 용산역,N,0,3020000-215-2025-00011,3020000,"서울특별시 용산구 한강대로23길 55, 이마트용산점 지하2층 B2400호 (한강로3가)",04377,03,폐업,네일미용업,070-7012-9470,0,0,0,0
,,,,인성미헤어,일반미용업,,2008-01-10,,,,,,2026-05-01 22:33:08,I,02,폐업,,2006-08-23 00:00:00,2006-08-23,.00,138-110,서울특별시 송파구 거여동 293-18 거여3단지아)B상가,N,,3230000-204-2006-00091,3230000,,,03,폐업,미용업,,,,,
,3,임대,1,평화미용실,일반미용업,3,2005-12-08,,,,209327.420759601,444232.76525207,2026-05-01 22:33:05,I,02,폐업,,2005-07-14 00:00:00,2005-06-14,33.00,138-846,서울특별시 송파구 석촌동 274-3,N,,3230000-204-2005-00070,3230000,,,03,폐업,미용업,02-417-0296,1,,1,
,,,,헤어365,일반미용업,7,,,,,197802.436613024,443049.214038897,2026-05-01 22:31:52,I,01,영업,,2021-01-01 15:03:47,2007-04-18,50.40,156-815,서울특별시 동작구 사당동 105,N,,3190000-211-2007-00010,3190000,"서울특별시 동작구 동작대로29길 91, 302호 (사당동)",06999,01,영업/정상,일반미용업,02-3476-5955,3,,3,
,,,,조은방 헤어아트,일반미용업,,2004-06-02,,,,,,2026-05-01 22:32:51,I,02,폐업,,2004-06-03 00:00:00,2003-02-27,.00,138-814,서울특별시 송파구 거여동 35-9,N,,3230000-204-2000-02321,3230000,,,03,폐업,미용업,02-404-2817,,,,
0,0,,0,더숨네일,네일아트업,2,,,,,196008.63283018,443676.411192577,2026-05-01 22:32:39,I,01,영업,1,2021-11-26 13:58:08,2021-11-26,22.22,156-030,서울특별시 동작구 상도동 502-8 서정힐탑,N,0,3190000-215-2021-00010,3190000,"서울특별시 동작구 사당로 12, 101호 (상도동, 서정힐탑)",07027,01,영업/정상,네일미용업,,1,,1,
0,0,임대,0,차심 잠실,일반미용업,2,2025-12-24,,,,207363.396086384,445465.379464155,2026-05-01 22:35:38,I,02,폐업,0,2025-12-24 11:39:28,2020-07-29,6.00,138-861,서울특별시 송파구 잠실동 184-4,N,0,3230000-213-2020-00056,3230000,"서울특별시 송파구 올림픽로 120, 2층 (잠실동)",05558,03,폐업,종합미용업,,2,,2,
0,0,,0,네일두나,네일아트업,4,,,,,207373.50021477,445545.656024061,2026-05-01 22:35:38,I,01,영업,0,2024-02-19 14:47:12,2020-11-27,16.64,138-908,서울특별시 송파구 잠실동 19-9 잠실파인애플상가,N,0,3230000-213-2020-00067,3230000,"서울특별시 송파구 올림픽로 119, 잠실파인애플상가 지하1층 A158호 (잠실동)",05501,01,영업/정상,종합미용업,,,,,
,2,,,헤어토크,일반미용업,,2015-07-28,,,,213281.926331265,443835.894277981,2026-05-01 22:33:26,I,02,폐업,,2014-10-31 15:43:33,2004-09-20,26.40,138-820,서울특별시 송파구 마천동 183-36,N,,3230000-211-2004-00044,3230000,서울특별시 송파구 마천로51길 9-16 (마천동),05757,03,폐업,일반미용업,,1,,1,
0,0,임대,0,미용실 and 한아,일반미용업,4,,,,,,,2026-05-01 22:35:37,I,01,영업,0,2020-02-18 16:49:25,2020-02-18,38.27,138-888,서울특별시 송파구 문정동 651 문정역테라타워,N,0,3230000-213-2020-00016,3230000,"서울특별시 송파구 송파대로 167, 문정역테라타워 지하1층 G141-1호 (문정동)",05855,01,영업/정상,종합미용업,,,1,,1
,0,임대,0,오정애헤어샵,일반미용업,3,2009-12-28,,,,211476.863672721,442721.232457485,2026-05-01 22:33:11,I,02,폐업,,2008-12-24 14:38:27,2008-12-24,29.70,138-200,서울특별시 송파구 문정동 108 지상1층,N,,3230000-204-2008-00099,3230000,,,03,폐업,미용업,02-443-0120,1,,1,
1,0,,0,탠브라운 TEN BROWN,피부미용업,0,2025-04-29,,,,209544.247424243,444317.782048988,2026-05-01 22:35:27,I,02,폐업,0,2025-04-29 13:15:42,2024-01-26,33.05,138-847,서울특별시 송파구 석촌동 297,N,0,3230000-212-2024-00001,3230000,"서울특별시 송파구 가락로16길 3-4, 2층 (석촌동)",05697,03,폐업,피부미용업,,,,,
0,0,,0,하이디,일반미용업,0,,,,,209817.233834418,445144.314365297,2026-05-01 22:34:36,I,01,영업,0,2025-03-26 14:00:08,2025-03-26,147.56,138-851,서울특별시 송파구 송파동 133,N,0,3230000-211-2025-00014,3230000,"서울특별시 송파구 백제고분로46길 4, 2층 (송파동)",05665,01,영업/정상,일반미용업,,,,,
,0,,0,진주,일반미용업,2,1997-12-17,,,,,,2026-05-01 22:32:09,I,02,폐업,,2002-09-04 00:00:00,1988-02-24,11.56,138-210,서울특별시 송파구 장지동 산 307-52,N,,3230000-204-1988-01433,3230000,,,03,폐업,미용업,02-0400-5837,0,0,,
0,0,,0,다온헤어,일반미용업,3,,,,,197869.291519207,442193.728732195,2026-05-01 22:32:05,I,01,영업,0,2020-01-02 17:19:45,2020-01-02,51.48,156-824,서울특별시 동작구 사당동 1014-28,N,0,3190000-211-2020-00002,3190000,"서울특별시 동작구 사당로22길 32, 1층 (사당동)",07012,01,영업/정상,일반미용업,02-585-2852,,,,
0,0,임대,0,강남순헤어,일반미용업,3,,,,,209773.41179469,445995.411613587,2026-05-01 22:34:13,I,01,영업,0,2023-07-13 13:14:51,2015-05-12,44.77,138-827,서울특별시 송파구 방이동 42,N,0,3230000-211-2015-00115,3230000,"서울특별시 송파구 올림픽로34길 5-14, 3층 307호 (방이동)",05544,01,영업/정상,일반미용업,02-930-8254,1,0,1,0
0,0,,0,제인헤어,일반미용업,2,2018-01-19,,,,194757.7406248,444725.954486739,2026-05-01 22:31:58,I,02,폐업,0,2018-01-19 13:15:03,2016-08-16,20.00,156-831,서울특별시 동작구 상도동 169-145,N,0,3190000-211-2016-00041,3190000,"서울특별시 동작구 상도로30길 14, 1층 101호 (상도동)",06964,03,폐업,일반미용업,,1,,,
0,0,,0,헤어 마니아,일반미용업,3,,,,,211922.359213342,444457.758139396,2026-05-01 22:34:15,I,01,영업,0,2018-03-02 16:27:33,2016-05-16,24.00,138-857,서울특별시 송파구 오금동 62-6,N,0,3230000-211-2016-00049,3230000,"서울특별시 송파구 성내천로8길 7, 지상1층 (오금동)",05728,01,영업/정상,일반미용업,070-4007-8566,1,,1,
0,0,,0,카르테리 헤어,일반미용업,5,,,,,207415.570107904,445224.360100432,2026-05-01 22:34:12,I,01,영업,0,2021-04-13 11:18:45,2015-09-23,47.39,138-862,서울특별시 송파구 잠실동 206-17 고려시티빌,N,0,3230000-211-2015-00085,3230000,"서울특별시 송파구 백제고분로15길 43, 1층 101호 (잠실동, 고려시티빌)",05559,01,영업/정상,일반미용업,,,,,
,,,,비헤어드레싱,일반미용업,5,,,,,207800.323098925,444476.499466172,2026-05-01 22:33:19,I,01,영업,,2025-03-18 14:38:13,2002-02-27,24.57,138-838,서울특별시 송파구 삼전동 45-9,N,,3230000-211-1999-00008,3230000,"서울특별시 송파구 백제고분로22길 15, 1층 102호 (삼전동)",05592,01,영업/정상,일반미용업,02-417-9767,,,,
,,,,헤어매니아,일반미용업,4,2007-11-29,,,,195573.304039615,445868.076456773,2026-05-01 22:31:16,I,02,폐업,,2004-11-29 00:00:00,2002-12-05,24.00,156-813,서울특별시 동작구 본동 482 삼훈빌딩 1층 103호,N,,3190000-204-2002-00048,3190000,,,03,폐업,미용업,02-822-2220,,,,
,4,임대,1,리안헤어,일반미용업,8,2016-09-19,,,,196268.803587815,444983.671753575,2026-05-01 22:31:50,I,02,폐업,,2013-08-23 10:06:33,2003-11-27,74.93,156-861,서울특별시 동작구 흑석동 195-17,N,,3190000-211-2003-00014,3190000,서울특별시 동작구 흑석로 81 (흑석동),06910,03,폐업,일반미용업,02-823-9618,2,,2,
,0,,0,쎄븐 미용실,일반미용업,0,2001-06-20,,,,196700.670519363,444486.367438587,2026-05-01 22:31:06,I,02,폐업,,2001-07-24 00:00:00,2000-05-02,.00,156-858,서울특별시 동작구 흑석동 69-108,N,,3190000-204-2000-01511,3190000,,,03,폐업,미용업,,0,0,0,0
,0,,0,이화,일반미용업,0,1993-09-15,,,,195463.528823655,444363.244818812,2026-05-01 22:30:45,I,02,폐업,,2001-09-29 00:00:00,1987-03-04,.00,156-836,서울특별시 동작구 상도1동 390-0,N,,3190000-204-1987-01026,3190000,,,03,폐업,미용업,02-0000-0000,0,0,0,0
1,0,,0,나를 새롭게 만들다,피부미용업,6,,,,,197486.50162645,442493.781452129,2026-05-01 22:32:30,I,01,영업,0,2024-07-29 13:36:00,2024-07-29,64.57,156-819,서울특별시 동작구 사당동 252-17 서림빌딩,N,0,3190000-213-2024-00005,3190000,"서울특별시 동작구 사당로 215, 서림빌딩 제3층 제305호 (사당동)",07004,01,영업/정상,종합미용업,,,,,
,,,,김선자미용실,일반미용업,,,,,,210192.635936162,445786.494358626,2026-05-01 22:33:22,I,01,영업,,2015-01-14 17:03:01,2003-02-27,.00,138-830,서울특별시 송파구 방이동 178-3,N,,3230000-211-2003-00042,3230000,서울특별시 송파구 백제고분로50길 9 (방이동),05627,01,영업/정상,일반미용업,02-417-5709,,,,
,,,,정옥주미용실,일반미용업,3,2018-07-19,,,,208675.378766973,444359.502656193,2026-05-01 22:33:18,I,02,폐업,,2018-07-19 14:19:05,2002-02-27,18.56,138-845,서울특별시 송파구 석촌동 233-7,N,,3230000-211-1993-00004,3230000,서울특별시 송파구 백제고분로34길 11 (석촌동),05680,03,폐업,일반미용업,02-2202-6860,,,,
0,0,,0,미소네일,네일아트업,3,2015-01-26,,,,207373.50021477,445545.656024061,2026-05-01 22:35:50,I,02,폐업,,2014-09-06 15:29:52,2013-06-13,9.36,138-908,서울특별시 송파구 잠실동 19-9 잠실파인애플상가 지하1층 A96호,N,,3230000-215-2013-00003,3230000,"서울특별시 송파구 올림픽로 119, 지하1층 A96호 (잠실동, 잠실파인애플상가)",05501,03,폐업,네일미용업,02-412-4288,,1,,1
0,0,임대,0,블루클럽 잠실파크리오점,일반미용업,4,2017-01-03,,,,209151.713940169,446519.612162961,2026-05-01 22:33:46,I,02,폐업,,2011-04-14 10:41:04,2009-08-07,48.28,138-240,서울특별시 송파구 신천동 17-4 파크리오 쇼핑몰A동1층 120호,N,,3230000-211-2009-00013,3230000,"서울특별시 송파구 올림픽로 435 (신천동,파크리오 쇼핑몰A동1층 120호)",05507,03,폐업,일반미용업,02-417-1566,1,,1,
0,0,임대,0,비앤채,일반미용업,6,2025-04-09,,,,208233.926974585,445435.257647797,2026-05-01 22:35:36,I,02,폐업,0,2025-04-09 16:36:19,2019-09-18,81.43,138-791,서울특별시 송파구 잠실동 40 갤러리아팰리스,N,0,3230000-213-2019-00032,3230000,"서울특별시 송파구 올림픽로 212, 지하층 121호 (잠실동, 갤러리아팰리스)",05553,03,폐업,종합미용업,,,,,
0,0,,0,가위든 남자,일반미용업,2,2019-12-09,,,,209998.76654007,447578.727336253,2026-05-01 22:34:29,I,02,폐업,0,2019-12-09 13:16:45,2019-08-21,29.75,138-874,서울특별시 송파구 풍납동 257-77,N,0,3230000-211-2019-00062,3230000,"서울특별시 송파구 토성로 31, 103호 (풍납동)",05533,03,폐업,일반미용업,,,,,
0,0,,0,오키나와힐링센타,피부미용업,3,2013-05-31,,,,207630.54750292,445065.871322118,2026-05-01 22:34:50,I,02,폐업,,2012-05-23 13:29:44,2012-05-23,100.28,138-864,서울특별시 송파구 잠실동 241-11 지상2층,N,,3230000-212-2012-00018,3230000,"서울특별시 송파구 삼전로13길 29, 지상2층 (잠실동)",05565,03,폐업,피부미용업,,2,,2,
0,0,,0,실디미용실,일반미용업,4,,,,,198236.514850357,443210.558676598,2026-05-01 22:31:56,I,01,영업,,2020-11-02 08:51:27,2013-08-07,27.00,156-814,서울특별시 동작구 사당동 71-2 1층,N,,3190000-211-2013-00039,3190000,"서울특별시 동작구 동작대로35길 25, 1층 (사당동)",06996,01,영업/정상,일반미용업,02-593-5823,1,,,
6,0,,0,세레니끄,피부미용업,0,2023-04-12,,,,210986.460698452,441725.293491662,2026-05-01 22:35:04,I,02,폐업,0,2023-04-12 10:37:15,2015-12-15,101.50,138-888,서울특별시 송파구 문정동 634,N,0,3230000-212-2015-00055,3230000,"서울특별시 송파구 충민로 66, 지상7층 7023,7024,7025,7026호 (문정동, 가든파이브라이프 엔씨백화점 패션관)",05838,03,폐업,피부미용업,02-2157-5353,7,,7,
0,0,,0,센스티브토탈뷰티,피부미용업,8,2014-07-11,,,,207624.424720682,445533.439634339,2026-05-01 22:35:32,I,02,폐업,,2012-07-10 15:30:17,2012-07-10,50.90,138-911,"서울특별시 송파구 잠실동 22-6 리센츠상가 지하1층 A87,88호",N,,3230000-213-2012-00020,3230000,"서울특별시 송파구 올림픽로 145, 제지하1층 층 제에이87,88호 (잠실동, 리센츠상가)",05502,03,폐업,종합미용업,,,1,,1
4,0,,0,미소뷰티,피부미용업,4,2021-12-03,,,,209475.938492751,445783.438755874,2026-05-01 22:34:54,I,02,폐업,,2021-12-03 11:32:09,2014-01-03,33.05,138-828,서울특별시 송파구 방이동 64 3층 305호,N,,3230000-212-2014-00001,3230000,"서울특별시 송파구 오금로11길 6, 3층 305호 (방이동)",05548,03,폐업,피부미용업,02-2202-0777,3,,3,
,,,,MVG에스테틱,일반미용업,,2009-10-27,,,,207789.673247305,444844.613730666,2026-05-01 22:32:55,I,02,폐업,,2005-07-14 00:00:00,2003-02-27,.00,138-864,"서울특별시 송파구 잠실동 251-9 동명하이텔 301,302호",N,,3230000-204-2003-00020,3230000,,,03,폐업,미용업,02-421-5358,,,,
0,0,,0,MUI 송파점,일반미용업,18,,,,,209743.745711711,444261.963038636,2026-05-01 22:34:29,I,01,영업,0,2023-03-27 14:13:39,2019-06-27,197.82,138-847,서울특별시 송파구 석촌동 296-16,N,0,3230000-211-2019-00053,3230000,"서울특별시 송파구 송파대로 367, 2,3층 (석촌동)",05697,01,영업/정상,일반미용업,,,,,
0,0,,0,진(JEIN)헤어,일반미용업,2,,,,,194757.7406248,444725.954486739,2026-05-01 22:32:02,I,01,영업,0,2020-11-02 08:44:42,2018-04-04,20.00,156-831,서울특별시 동작구 상도동 169-145,N,0,3190000-211-2018-00013,3190000,"서울특별시 동작구 상도로30길 14, 1층 101호 (상도동)",06964,01,영업/정상,일반미용업,,,,,
0,0,,0,블루클럽,일반미용업,4,2023-11-20,,,,209151.713940169,446519.612162961,2026-05-01 22:34:20,I,02,폐업,0,2023-11-20 10:23:28,2017-01-03,21.00,138-240,서울특별시 송파구 신천동 17-4,N,0,3230000-211-2017-00002,3230000,"서울특별시 송파구 올림픽로37길 130, A동 120호 (신천동, 파크리오상가)",05507,03,폐업,일반미용업,,1,,1,
,,,,올림픽헤어뉴스,일반미용업,3,1997-06-19,,,,,,2026-05-01 22:32:23,I,02,폐업,,2003-02-20 00:00:00,1995-09-04,23.10,138-160,서울특별시 송파구 가락동 000000,N,,3230000-204-1995-00363,3230000,,,03,폐업,미용업,02-424-9829,,,,
0,0,,0,블레스헤어,일반미용업,3,,,,,209834.279034681,444615.497788788,2026-05-01 22:34:25,I,01,영업,0,2018-03-02 15:43:09,2018-03-02,.00,138-850,서울특별시 송파구 송파동 106-8,N,0,3230000-211-2018-00011,3230000,"서울특별시 송파구 백제고분로42길 39, 1층 (송파동)",05669,01,영업/정상,일반미용업,,,,,
0,0,,0,엔젤뷰티샵,일반미용업,0,,,,,194220.628103811,444410.988276315,2026-05-01 22:31:57,I,01,영업,,2014-05-02 09:38:34,2014-02-07,32.62,156-840,서울특별시 동작구 상도동 192-17,N,,3190000-211-2014-00005,3190000,서울특별시 동작구 상도로20길 18 (상도동),06959,01,영업/정상,일반미용업,02-3280-7780,,,,
4,0,,0,순수뷰티 스튜디오,피부미용업,3,,,,,207653.896362442,444924.745905635,2026-05-01 22:35:25,I,01,영업,0,2022-01-28 13:09:20,2022-01-28,50.00,138-864,서울특별시 송파구 잠실동 246 거북이빌딩,N,0,3230000-212-2022-00009,3230000,"서울특별시 송파구 삼전로9길 19, 거북이빌딩 3층 302호 (잠실동)",05567,01,영업/정상,피부미용업,,3,,3,
,,,,블루클럽노량진수산시장점,일반미용업,4,2006-02-20,,,,194450.938572637,445665.826651026,2026-05-01 22:31:08,I,02,폐업,,2004-12-08 00:00:00,2001-06-15,34.48,156-800,서울특별시 동작구 노량진동 41-5,N,,3190000-204-2001-01571,3190000,,,03,폐업,미용업,02-813-3312,1,,1,
,0,,0,금잔듸,일반미용업,2,1995-05-24,,,,,,2026-05-01 22:32:05,I,02,폐업,,2002-09-04 00:00:00,1985-04-24,11.77,138-210,서울특별시 송파구 장지동 산 315-12,N,,3230000-204-1985-01675,3230000,,,03,폐업,미용업,,0,0,,
0,0,임대,0,은화은 헤어매직,일반미용업,3,2010-07-23,,,,213424.921043844,443458.121068917,2026-05-01 22:33:12,I,02,폐업,,2010-05-31 11:30:20,2010-05-31,33.00,138-821,서울특별시 송파구 마천동 308-4,N,,3230000-204-2010-00056,3230000,,,03,폐업,미용업,,1,,1,
0,1,,0,스킨S바디,피부미용업,3,2012-05-24,,,,210915.959818124,442749.272108877,2026-05-01 22:33:15,I,02,폐업,,2011-08-05 11:05:38,2011-08-05,24.00,138-825,서울특별시 송파구 문정동 50-5 (102호),N,,3230000-204-2011-00090,3230000,,,03,폐업,미용업,,,,,
,,,,썬미용실,일반미용업,,2003-12-11,,,,207750.499013776,445762.808120998,2026-05-01 22:32:56,I,02,폐업,,2003-06-12 00:00:00,2003-02-27,.00,138-911,서울특별시 송파구 잠실동 22 상가 3층,N,,3230000-204-2003-00103,3230000,,,03,폐업,미용업,02-422-6744,,,,
,0,,0,머리나라헤어라인,일반미용업,3,1999-04-12,,,,,,2026-05-01 22:32:30,I,02,폐업,,2002-09-04 00:00:00,1997-12-30,12.92,138-210,서울특별시 송파구 장지동 산 102-0 한신A상가 1층동 105호,N,,3230000-204-1997-00712,3230000,,,03,폐업,미용업,02-3401-6456,0,0,,
10,0,,0,sv에스테틱,피부미용업,10,2017-01-19,,,,210369.648130525,443593.30524839,2026-05-01 22:34:50,I,02,폐업,,2014-07-23 15:26:22,2012-07-03,70.70,138-804,서울특별시 송파구 가락동 96-19 지상2층,N,,3230000-212-2012-00024,3230000,"서울특별시 송파구 송파대로30길 5, 지상2층 (가락동)",05711,03,폐업,피부미용업,02-407-7240,2,,2,
1,0,,0,뷰티풀,피부미용업,1,2022-05-09,,,,208401.243206636,444512.866698716,2026-05-01 22:36:09,I,02,폐업,0,2022-05-09 16:58:37,2020-04-27,45.00,138-840,서울특별시 송파구 삼전동 133-6,N,0,3230000-218-2020-00004,3230000,"서울특별시 송파구 백제고분로 263, 5층 501호 (삼전동)",05603,03,폐업,"피부미용업, 네일미용업",,,,,
4,0,임대,0,오르비스 뷰티,피부미용업,2,2023-04-10,,,,209686.300415566,445873.739828432,2026-05-01 22:35:23,I,02,폐업,0,2023-04-10 14:45:58,2020-06-10,45.00,138-828,서울특별시 송파구 방이동 59-3 전원빌딩,N,0,3230000-212-2020-00015,3230000,"서울특별시 송파구 오금로11길 30, 전원빌딩 401호 (방이동)",05547,03,폐업,피부미용업,,3,,3,
0,0,임대,0,손미라헤어갤러리,일반미용업,5,2014-04-17,,,,210678.486133839,443915.26753206,2026-05-01 22:33:14,I,02,폐업,,2011-06-09 11:15:46,2010-11-19,48.51,138-801,서울특별시 송파구 가락동 49-6 (1층),N,,3230000-204-2010-00131,3230000,"서울특별시 송파구 송이로 101 (가락동,(1층))",05714,03,폐업,미용업,02-409-9110,1,,1,
,,,,샴푸보이,일반미용업,,2016-03-16,,,,209408.736404864,444522.048676206,2026-05-01 22:36:06,I,02,폐업,,2014-09-06 15:02:40,2002-02-27,.00,138-847,서울특별시 송파구 석촌동 291-5,N,,3230000-217-2000-00001,3230000,서울특별시 송파구 백제고분로40길 21 (석촌동),05686,03,폐업,"일반미용업, 네일미용업",,,,,
,,,,윤숙자미용실,일반미용업,5,2007-07-30,,,,210749.224970991,445161.258714865,2026-05-01 22:32:16,I,02,폐업,,2005-07-14 00:00:00,2003-02-27,39.20,138-772,서울특별시 송파구 방이동 212-8 코오롱아파트상가205호,N,,3230000-204-1991-01338,3230000,,,03,폐업,미용업,02-421-1555,,,,
0,0,,0,킨즈헤나,일반미용업,2,,,,,208187.623477261,445589.718583334,2026-05-01 22:34:16,I,01,영업,0,2018-03-12 16:45:42,2016-11-01,61.50,138-916,서울특별시 송파구 잠실동 27-6,N,0,3230000-211-2016-00086,3230000,"서울특별시 송파구 올림픽로 203, 2층 201-1호 (잠실동, 잠실중앙상가)",05503,01,영업/정상,일반미용업,,,,,
0,0,,0,헤나,일반미용업,2,2019-02-01,,,,210986.460698452,441725.293491662,2026-05-01 22:34:09,I,02,폐업,0,2019-02-01 10:20:59,2015-02-10,45.36,138-960,"서울특별시 송파구 문정동 634 가든파이브라이프 지하1층 F-B1042,1043호",N,0,3230000-211-2015-00010,3230000,"서울특별시 송파구 충민로 66 (문정동, 가든파이브라이프 지하1층 F-B1042,1043호)",05838,03,폐업,일반미용업,,,,,
5,2,,0,르비반트 헤어 잠실레이크점,일반미용업,14,2023-01-30,,,,208088.558210131,444991.490732515,2026-05-01 22:36:20,I,02,폐업,0,2023-01-30 10:36:44,2021-06-03,230.68,138-837,서울특별시 송파구 삼전동 22-1 유시에셋,N,0,3230000-225-2021-00010,3230000,"서울특별시 송파구 석촌호수로 138, 유시에셋 2층 201호 (삼전동)",05600,03,폐업,"일반미용업, 네일미용업, 화장ㆍ분장 미용업",,,,,
2,0,,0,린에스테틱&헤드스파,피부미용업,2,,,,,,,2026-05-01 22:35:43,I,01,영업,0,2024-03-27 09:49:37,2023-03-29,52.72,138-888,서울특별시 송파구 문정동 652 송파법조타운푸르지오시티,N,0,3230000-213-2023-00023,3230000,"서울특별시 송파구 법원로4길 5, 송파법조타운푸르지오시티 2층 209호 (문정동)",05855,01,영업/정상,종합미용업,,,,,
,,임대,,컷팅클럽,일반미용업,3,2007-03-28,,,,209140.885315651,446042.592367722,2026-05-01 22:33:08,I,02,폐업,,2006-06-15 00:00:00,2006-06-15,36.00,138-733,서울특별시 송파구 신천동 11-9 한신코아오피스텔143호,N,,3230000-204-2006-00065,3230000,,,03,폐업,미용업,,1,,1,
3,2,,0,미애코스메틱,피부미용업,0,,,,,191913.027374521,443314.894908969,2026-05-01 22:32:14,I,01,영업,1,2015-07-03 13:24:50,2015-07-03,66.00,156-852,서울특별시 동작구 신대방동 584-13,N,0,3190000-212-2015-00005,3190000,"서울특별시 동작구 신대방16다길 30, 2층 (신대방동)",07068,01,영업/정상,피부미용업,02-832-4672,,,,
,,,,뉴-국제미용실,일반미용업,,2017-03-21,,,,207901.308017173,445010.07306849,2026-05-01 22:33:21,I,02,폐업,,2017-03-21 13:30:21,2003-02-27,26.40,138-864,서울특별시 송파구 잠실동 242-17,N,,3230000-211-2003-00023,3230000,서울특별시 송파구 삼전로 99 (잠실동),05566,03,폐업,일반미용업,02-422-8680,,,,
2,0,,0,셀비오,일반미용업,4,2013-09-12,,,,208233.926974585,445435.257647797,2026-05-01 22:35:33,I,02,폐업,,2013-05-22 10:04:20,2013-05-22,100.00,138-791,서울특별시 송파구 잠실동 40 갤러리아팰리스 A동 209호,N,,3230000-213-2013-00002,3230000,"서울특별시 송파구 올림픽로 212, A동 209호 (잠실동, 갤러리아팰리스)",05553,03,폐업,종합미용업,02-2144-6334,2,,2,
0,0,,0,감이조아,일반미용업,3,2020-12-01,,,,211741.048550472,443318.264543412,2026-05-01 22:34:20,I,02,폐업,0,2020-12-01 13:11:41,2017-02-08,14.00,138-812,서울특별시 송파구 가락동 199,N,0,3230000-211-2017-00013,3230000,"서울특별시 송파구 동남로18길 40, 115호 (가락동)",05785,03,폐업,일반미용업,,,,,
0,0,,0,김지은 미용실,일반미용업,5,2020-04-27,,,,209393.076054654,446147.977949052,2026-05-01 22:34:26,I,02,폐업,0,2020-04-27 13:38:25,2018-08-08,24.90,138-240,서울특별시 송파구 신천동 17-6 미성상가,N,0,3230000-211-2018-00052,3230000,"서울특별시 송파구 올림픽로35길 77, 미성상가 내1층 11호1-2호 (신천동)",,03,폐업,일반미용업,,1,,1,
,0,,0,고은,일반미용업,2,1995-03-23,,,,,,2026-05-01 22:32:13,I,02,폐업,,2002-09-04 00:00:00,1990-03-22,15.66,138-210,서울특별시 송파구 장지동 산 479-8,N,,3230000-204-1990-01016,3230000,,,03,폐업,미용업,,0,0,,
,0,,0,부림헤어뱅크,일반미용업,4,1998-02-28,,,,,,2026-05-01 22:32:04,I,02,폐업,,2002-09-04 00:00:00,1983-11-11,24.69,138-210,서울특별시 송파구 장지동 산 293-4,N,,3230000-204-1983-00985,3230000,,,03,폐업,미용업,02-414-6216,0,0,,
,0,,0,롯데,일반미용업,3,1996-09-25,,,,,,2026-05-01 22:32:08,I,02,폐업,,2002-09-04 00:00:00,1988-07-11,22.30,138-210,서울특별시 송파구 장지동 산 154-2,N,,3230000-204-1988-01369,3230000,,,03,폐업,미용업,02-402-6819,0,0,,
,2,,0,수미헤어샵,일반미용업,3,,,,,193165.410533158,443929.870154243,2026-05-01 22:31:52,I,01,영업,,2014-05-02 15:45:26,2007-08-13,23.05,156-848,서울특별시 동작구 신대방동 360-211,N,,3190000-211-2007-00014,3190000,서울특별시 동작구 여의대방로22바길 62 (신대방동),07058,01,영업/정상,일반미용업,02-862-3877,1,0,1,0
,,,,수경,일반미용업,3,1997-01-17,,,,,,2026-05-01 22:32:11,I,02,폐업,,2003-02-20 00:00:00,1989-03-20,16.39,138-160,서울특별시 송파구 가락동 00,N,,3230000-204-1989-01249,3230000,,,03,폐업,미용업,02-443-8626,,,,
,,,,아름,일반미용업,3,1997-01-28,,,,,,2026-05-01 22:32:09,I,02,폐업,,2003-02-20 00:00:00,1988-01-14,23.15,138-160,서울특별시 송파구 가락동 00,N,,3230000-204-1988-01458,3230000,,,03,폐업,미용업,02-412-2329,,,,
,0,,0,이예진헤어샵,일반미용업,4,2000-07-25,,,,,,2026-05-01 22:32:14,I,02,폐업,,2000-08-09 00:00:00,1990-01-23,28.51,138-210,서울특별시 송파구 장지동 산 47-0,N,,3230000-204-1990-01715,3230000,,,03,폐업,미용업,02-414-9920,0,0,,
2,0,,0,스킨포에버,피부미용업,6,,,,,211663.023884921,443729.39590421,2026-05-01 22:35:41,I,01,영업,0,2022-07-28 14:50:02,2022-07-28,37.20,138-743,서울특별시 송파구 가락동 192 극동아파트,N,0,3230000-213-2022-00038,3230000,"서울특별시 송파구 동남로 208, 극동아파트 상가동 지층 7호 (가락동)",05783,01,영업/정상,종합미용업,,,1,,1
1,0,,0,민낯살롱 상도점,메이크업업,2,,,,,195574.460138352,444203.274405267,2026-05-01 22:32:45,I,01,영업,0,2023-10-19 15:43:54,2018-04-17,116.21,156-031,서울특별시 동작구 상도1동 261 상정빌딩,N,0,3190000-219-2018-00002,3190000,"서울특별시 동작구 상도로 315, 상정빌딩 5층 (상도1동)",06970,01,영업/정상,화장ㆍ분장 미용업,,,,,
2,2,,0,나나뷰티(Na Na Beauty),피부미용업,0,,,,,198174.096165767,442762.872088797,2026-05-01 22:32:19,I,01,영업,0,2022-11-01 14:03:37,2021-04-27,20.10,156-816,서울특별시 동작구 사당동 140-14,N,0,3190000-212-2021-00006,3190000,"서울특별시 동작구 동작대로27다길 10-6, 1층 (사당동)",07008,01,영업/정상,피부미용업,,1,,1,
0,0,,0,샤론,일반미용업,3,2019-11-21,,,,194666.990712724,444685.350908143,2026-05-01 22:32:03,I,02,폐업,0,2019-11-21 16:07:10,2018-06-15,33.00,156-832,서울특별시 동작구 상도동 176-1 영도시장,N,0,3190000-211-2018-00028,3190000,"서울특별시 동작구 장승배기로10길 26, 영도시장 1층 (상도동)",,03,폐업,일반미용업,02-825-2450,,,,
,0,,0,미엔미헤어커커,일반미용업,5,2003-02-26,,,,195160.59754087,445336.42539826,2026-05-01 22:30:55,I,02,폐업,,2003-02-26 00:00:00,1996-07-01,37.00,156-802,서울특별시 동작구 노량진동 222-15,N,,3190000-204-1996-00399,3190000,,,03,폐업,미용업,02-813-8512,0,0,0,0
,0,,0,수지미용실,일반미용업,0,1997-12-12,,,,197919.336428811,442052.884170152,2026-05-01 22:30:45,I,02,폐업,,2001-09-29 00:00:00,1987-04-10,.00,156-825,서울특별시 동작구 사당동 1024-26,N,,3190000-204-1987-00896,3190000,,,03,폐업,미용업,02-585-0911,0,0,0,0
,,,,도화미용실,일반미용업,2,2020-03-13,,,,197766.203245747,442774.311198451,2026-05-01 22:31:47,I,02,폐업,,2020-03-13 11:00:58,1989-09-05,34.41,156-817,서울특별시 동작구 사당동 162-78 101호,N,,3190000-211-1989-00014,3190000,"서울특별시 동작구 사당로27길 88, 1층 101호 (사당동)",07007,03,폐업,일반미용업,02-0532-9127,,,,
,4,임대,1,성빈미용실,일반미용업,3,2007-01-08,,,,198112.156520635,443321.073636631,2026-05-01 22:31:31,I,02,폐업,,2005-02-11 00:00:00,2004-12-17,22.99,156-814,서울특별시 동작구 사당동 66-22,N,,3190000-204-2004-00063,3190000,,,03,폐업,미용업,02-592-3945,1,,1,
,2,임대,,조수현헤어라인,일반미용업,3,2021-12-14,,,,193810.01277159,445610.160717686,2026-05-01 22:31:48,I,02,폐업,,2021-12-14 15:32:50,1994-12-03,16.33,156-811,서울특별시 동작구 대방동 502 현대종합상가 나동 102호,N,,3190000-211-1994-00004,3190000,서울특별시 동작구 등용로 127 (대방동),06940,03,폐업,일반미용업,02-0826-1255,1,,1,
0,0,,0,손톱깍기,네일아트업,7,2019-05-07,,,,198249.933958292,442702.743915699,2026-05-01 22:32:51,I,02,폐업,0,2019-05-07 08:57:00,2018-10-01,25.00,156-816,서울특별시 동작구 사당동 137-12 남향보석,N,0,3190000-222-2018-00001,3190000,"서울특별시 동작구 동작대로27가길 24, 남향보석 1층 (사당동)",07008,03,폐업,"네일미용업, 화장ㆍ분장 미용업",02-596-4501,,,,
0,5,,0,카라미용실,일반미용업,4,2015-04-17,,,,192170.155815215,443599.41901313,2026-05-01 22:31:54,I,02,폐업,,2013-12-27 15:04:34,2010-09-10,39.60,156-855,서울특별시 동작구 신대방동 707,N,,3190000-211-2010-00009,3190000,서울특별시 동작구 여의대방로 28 (신대방동),07064,03,폐업,일반미용업,02-878-2365,3,,,
0,1,,0,머리하는날,일반미용업,3,2014-12-30,,,,194764.786281859,445221.427105944,2026-05-01 22:31:56,I,02,폐업,,2014-05-02 09:40:12,2013-09-04,18.00,156-803,서울특별시 동작구 노량진동 225-5 1층,N,,3190000-211-2013-00048,3190000,"서울특별시 동작구 장승배기로20길 32, 1층 (노량진동)",06925,03,폐업,일반미용업,02-814-6266,,,,
0,0,,0,헤일룸,일반미용업,3,,,,,193622.07405002,443951.883893571,2026-05-01 22:32:09,I,01,영업,0,2024-11-01 13:31:23,2024-11-01,42.43,156-847,서울특별시 동작구 신대방동 339-15 귀 애가,N,0,3190000-211-2024-00020,3190000,"서울특별시 동작구 국사봉2길 19, 귀 애가 1층 101호 (신대방동)",07053,01,영업/정상,일반미용업,,,,,
0,0,,0,나이스 가이,일반미용업,4,,,,,208231.074784774,444964.474082936,2026-05-01 22:34:02,I,01,영업,,2018-09-27 10:22:36,2013-08-12,40.54,138-837,서울특별시 송파구 삼전동 22-9 지상1층 3호,N,,3230000-211-2013-00052,3230000,"서울특별시 송파구 석촌호수로 152, 지상1층 3호 (삼전동)",05600,01,영업/정상,일반미용업,02-422-6287,1,,1,
0,0,,0,제이씨오(JCO),일반미용업,3,2014-03-24,,,,191691.678396263,442818.113681285,2026-05-01 22:31:56,I,02,폐업,,2013-07-10 13:18:38,2013-06-12,38.60,156-010,서울특별시 동작구 신대방동 719 동작상떼빌 105동 204호,N,,3190000-211-2013-00015,3190000,"서울특별시 동작구 신대방1가길 38 (신대방동, 동작상떼빌 105동 204호)",07072,03,폐업,일반미용업,,,,,
,0,,0,아가사 헤어,일반미용업,4,2003-02-26,,,,,,2026-05-01 22:31:00,I,02,폐업,,2003-02-26 00:00:00,1999-06-15,"2,291.00",156-847,서울특별시 동작구 신대방동 341-121,N,,3190000-204-1999-01460,3190000,,,03,폐업,미용업,02-822-0049,0,0,0,0
,0,,0,경원,일반미용업,0,1992-12-21,,,,197580.429824825,442401.456496301,2026-05-01 22:30:45,I,02,폐업,,2001-09-29 00:00:00,1987-02-25,.00,156-824,서울특별시 동작구 사당동 708-366,N,,3190000-204-1987-00796,3190000,,,03,폐업,미용업,02-0000-0000,0,0,0,0
,1,임대,,다보미용실,일반미용업,3,2006-11-28,,,,,,2026-05-01 22:31:26,I,02,폐업,,2004-12-02 00:00:00,2003-10-02,13.53,156-817,서울특별시 동작구 사당동 167-26,N,,3190000-204-2003-00092,3190000,,,03,폐업,미용업,02-593-5073,1,,1,
0,0,,0,nail.A(네일에이),네일아트업,2,,,,,197450.304905213,442115.646114053,2026-05-01 22:32:37,I,01,영업,0,2018-08-30 11:03:07,2018-08-30,14.89,156-821,서울특별시 동작구 사당동 297-18 창조교회,N,0,3190000-215-2018-00009,3190000,"서울특별시 동작구 사당로16길 58, 창조교회 1층 103호 (사당동)",07018,01,영업/정상,네일미용업,,,,,
,0,,0,바비헤어샵,일반미용업,3,2014-12-01,,,,209663.792470281,444768.479053968,2026-05-01 22:33:39,I,02,폐업,,2014-09-02 17:24:28,2007-11-01,26.40,138-850,서울특별시 송파구 송파동 88 1층,N,,3230000-211-2007-00025,3230000,"서울특별시 송파구 백제고분로42길 16 (송파동,1층)",05667,03,폐업,일반미용업,02-3432-8868,,,,
,3,,0,나리미용실,일반미용업,6,2009-08-20,,,,211875.831001572,443388.282272091,2026-05-01 22:33:10,I,02,폐업,,2008-05-28 11:06:48,2007-12-12,152.90,138-812,서울특별시 송파구 가락동 189-17 3층,N,,3230000-204-2007-00114,3230000,,,03,폐업,미용업,,,,,
,,,,헤어체크,일반미용업,3,1997-05-01,,,,,,2026-05-01 22:32:22,I,02,폐업,,2003-02-20 00:00:00,1995-05-04,26.22,138-160,서울특별시 송파구 가락동 000000,N,,3230000-204-1995-00354,3230000,,,03,폐업,미용업,02-400-1452,,,,
,0,,0,가락미용실,일반미용업,3,1996-10-04,,,,,,2026-05-01 22:32:20,I,02,폐업,,2002-09-04 00:00:00,1994-03-23,15.12,138-210,서울특별시 송파구 장지동 산 163-17,N,,3230000-204-1994-00376,3230000,,,03,폐업,미용업,02-414-8877,0,0,,
,,,,행운미용실,일반미용업,3,2008-12-19,,,,211844.435143884,443777.313499427,2026-05-01 22:32:13,I,02,폐업,,2005-06-09 00:00:00,2003-02-27,17.71,138-810,서울특별시 송파구 가락동 168-6,N,,3230000-204-1990-01270,3230000,,,03,폐업,미용업,,,,,
,,,,자매미용실,일반미용업,3,2005-10-05,,,,207750.499013776,445762.808120998,2026-05-01 22:32:40,I,02,폐업,,2003-06-12 00:00:00,2003-02-27,15.66,138-911,서울특별시 송파구 잠실동 22-0 223동지하 점포동 1-4호,N,,3230000-204-1998-00635,3230000,,,03,폐업,미용업,02-425-2996,,,,
,0,,0,유머리방2,일반미용업,3,2000-03-24,,,,210929.639404726,442905.885678355,2026-05-01 22:32:32,I,02,폐업,,2003-01-23 00:00:00,1997-11-18,19.84,138-825,서울특별시 송파구 문정동 40-10,N,,3230000-204-1997-00757,3230000,,,03,폐업,미용업,02-448-1776,0,0,,
0,0,임대,0,디어쉐르모(D.chermo),일반미용업,3,,,,,193279.599095483,443230.418234155,2026-05-01 22:32:06,I,01,영업,0,2020-11-05 13:55:29,2020-11-05,38.16,156-855,서울특별시 동작구 신대방동 708 해태보라매타워,N,0,3190000-211-2020-00031,3190000,"서울특별시 동작구 보라매로3길 29, 2층 43호 (신대방동, 해태보라매타워)",07071,01,영업/정상,일반미용업,,2,,2,
,,,,조희헤어,일반미용업,,2005-07-14,,,,,,2026-05-01 22:32:58,I,02,폐업,,2004-12-16 00:00:00,2003-05-16,.00,138-883,서울특별시 송파구 가락동 479 라상가 1층,N,,3230000-204-2003-00211,3230000,,,03,폐업,미용업,02-402-3657,,,,
0,0,,0,블루헤어,일반미용업,3,,,,,210398.86282613,445326.30116641,2026-05-01 22:34:36,I,01,영업,0,2025-06-02 13:28:39,2025-06-02,41.25,138-831,서울특별시 송파구 방이동 135-5 에스엠 빌딩,N,0,3230000-211-2025-00022,3230000,"서울특별시 송파구 가락로 248, 에스엠 빌딩 1층 3호 (방이동)",05634,01,영업/정상,일반미용업,,,,,
,,,,클레오미용실,일반미용업,,2003-02-27,,,,207785.835633792,444438.167344918,2026-05-01 22:32:57,I,02,폐업,,2003-04-23 00:00:00,2003-02-26,.00,138-838,서울특별시 송파구 삼전동 44-8,N,,3230000-204-2003-00144,3230000,,,03,폐업,미용업,02-420-8154,,,,
1,0,,0,엘린뷰티,피부미용업,3,,,,,210986.460698452,441725.293491662,2026-05-01 22:35:27,I,01,영업,0,2023-06-26 11:40:59,2023-06-26,11.34,138-960,서울특별시 송파구 문정동 634 가든파이브라이프,N,0,3230000-212-2023-00022,3230000,"서울특별시 송파구 충민로 66, 가든파이브라이프 9층 Y-9015호 (문정동)",05838,01,영업/정상,피부미용업,,,,,
,,,,라파에스테틱,일반미용업,2,2008-08-25,,,,209720.290631496,446244.350393389,2026-05-01 22:32:06,I,02,폐업,,2005-07-14 00:00:00,2003-02-27,15.20,138-240,서울특별시 송파구 신천동 20-4 진주A상가 3층동 4호호,N,,3230000-204-1986-01506,3230000,,,03,폐업,미용업,02-417-2973,,,,
0,0,,0,헤어퀸,일반미용업,3,2014-09-24,,,,211169.433837629,443924.112252542,2026-05-01 22:33:14,I,02,폐업,,2011-05-18 15:35:40,2011-05-18,24.00,138-809,서울특별시 송파구 가락동 152-15,N,,3230000-204-2011-00061,3230000,서울특별시 송파구 송이로23길 46-24 (가락동),05822,03,폐업,미용업,,,,,
2,0,,0,COSMOS 301 피부관리,피부미용업,2,2023-04-12,,,,211182.039440114,445171.927200021,2026-05-01 22:35:03,I,02,폐업,0,2023-04-12 10:34:26,2015-09-09,56.00,138-855,서울특별시 송파구 오금동 18-38 지상3층 301호,N,0,3230000-212-2015-00039,3230000,"서울특별시 송파구 위례성대로20길 31, 지상3층 301호 (오금동)",05657,03,폐업,피부미용업,02-400-0102,3,,3,
,,,,현주,일반미용업,2,2008-08-26,,,,197457.665732859,442179.361146387,2026-05-01 22:30:43,I,02,폐업,,2006-06-08 00:00:00,1984-08-09,14.45,156-821,서울특별시 동작구 사당동 277-30,N,,3190000-204-1984-00923,3190000,,,03,폐업,미용업,02-0582-0757,,,,
,0,,0,조원미용실,일반미용업,0,1994-12-14,,,,198168.888042807,441897.090624601,2026-05-01 22:30:46,I,02,폐업,,2001-09-29 00:00:00,1988-12-08,.00,156-826,서울특별시 동작구 사당동 1033-23,N,,3190000-204-1988-00858,3190000,,,03,폐업,미용업,02-0582-1319,0,0,0,0
0,0,임대,0,로즈엘네일,네일아트업,4,2022-08-24,,,,207325.511224847,445415.042869266,2026-05-01 22:35:57,I,02,폐업,0,2022-08-24 13:55:21,2021-06-02,4.95,138-861,서울특별시 송파구 잠실동 183-12 NS파인트리,N,0,3230000-215-2021-00015,3230000,"서울특별시 송파구 백제고분로7길 41, 404호 (잠실동, NS파인트리)",05558,03,폐업,네일미용업,,4,,4,
4,0,,0,에스테틱 아가,피부미용업,0,2017-03-21,,,,211187.3656731,445185.745720345,2026-05-01 22:34:46,I,02,폐업,,2017-03-21 14:19:27,2011-08-24,129.40,138-855,서울특별시 송파구 오금동 18-5 2층,N,,3230000-212-2011-00047,3230000,"서울특별시 송파구 위례성대로20길 29 (오금동,2층)",05657,03,폐업,피부미용업,,2,,2,
,0,,0,헤어팝스,일반미용업,6,1998-11-09,,,,,,2026-05-01 22:32:39,I,02,폐업,,2002-09-04 00:00:00,1998-09-19,39.48,138-210,서울특별시 송파구 장지동 산 252-0,N,,3230000-204-1998-00606,3230000,,,03,폐업,미용업,02-3431-7475,0,0,,
0,0,,0,The nail of 려,네일아트업,5,2019-12-12,,,,198067.297006416,442432.740570037,2026-05-01 22:32:34,I,02,폐업,0,2019-12-12 17:28:49,2016-06-20,28.51,156-824,서울특별시 동작구 사당동 1003-7,N,0,3190000-215-2016-00017,3190000,"서울특별시 동작구 사당로 282, 1층 (사당동)",07013,03,폐업,네일미용업,02-585-4141,1,,,
,,,,하이크라스,일반미용업,4,2006-12-19,,,,192113.200600983,443344.373525343,2026-05-01 22:31:14,I,02,폐업,,2004-12-03 00:00:00,2001-02-06,16.50,156-852,서울특별시 동작구 신대방동 565 우성상가,N,,3190000-204-2001-01603,3190000,,,03,폐업,미용업,02-843-1309,,,,
6,0,,0,에이치플레이스 송파 헬리오시티 해누리점,일반미용업,13,,,,,209412.197809542,443928.783342251,2026-05-01 22:35:47,I,01,영업,0,2025-08-19 15:32:22,2025-08-19,191.12,138-160,서울특별시 송파구 가락동 913 헬리오시티,N,0,3230000-213-2025-00047,3230000,"서울특별시 송파구 송파대로 345, 근린생활시설 3에이동 제지1층 1022호 (가락동, 헬리오시티)",05698,01,영업/정상,종합미용업,,,1,,
0,0,임대,0,자연미인피부,피부미용업,2,,,,,210635.171882434,444969.792229995,2026-05-01 22:34:42,I,01,영업,,2026-01-21 19:00:51,2010-04-05,27.80,138-836,서울특별시 송파구 방이동 223-5,N,,3230000-212-2010-00029,3230000,"서울특별시 송파구 오금로29길 2, 1층 (방이동)",05645,01,영업/정상,피부미용업,02-423-6867,1,0,1,0
6,0,,0,"언제나,힐링",피부미용업,6,,,,,211059.894229739,445280.895282115,2026-05-01 22:35:45,I,01,영업,0,2024-12-27 13:58:17,2024-12-27,49.50,138-835,서울특별시 송파구 방이동 205-4 인수빌딩,N,0,3230000-213-2024-00077,3230000,"서울특별시 송파구 양재대로71길 1-14, 지하1층 (방이동)",05639,01,영업/정상,종합미용업,,,,,
,0,,0,에덴미용실,일반미용업,0,1993-11-16,,,,,,2026-05-01 22:30:47,I,02,폐업,,2001-09-29 00:00:00,1990-12-04,.00,156-847,서울특별시 동작구 신대방동 341-61,N,,3190000-204-1990-00704,3190000,,,03,폐업,미용업,02-0821-5988,0,0,0,0
1,0,,0,쏭다네일+,네일아트업,6,,,,,,,2026-05-01 22:35:45,I,01,영업,0,2024-10-10 13:28:07,2024-10-10,19.76,138-888,서울특별시 송파구 문정동 642-3 문정역SKV1,N,0,3230000-213-2024-00063,3230000,"서울특별시 송파구 법원로 128, 문정역SKV1 지하1층 CG123-1호 (문정동)",05854,01,영업/정상,종합미용업,,,,,
0,0,,0,세븐헤어,일반미용업,3,2020-08-06,,,,211175.631035284,442853.653892969,2026-05-01 22:34:02,I,02,폐업,,2020-08-06 14:11:56,2013-09-25,29.29,138-824,서울특별시 송파구 문정동 21 지상1층,N,,3230000-211-2013-00058,3230000,"서울특별시 송파구 송이로32길 26, 지상1층 (문정동)",05803,03,폐업,일반미용업,02-576-7776,1,,1,
,,,,월드미용타운,일반미용업,4,2003-02-26,,,,,,2026-05-01 22:32:17,I,02,폐업,,2003-03-13 00:00:00,1992-08-27,22.58,138-210,서울특별시 송파구 장지동 산 140-6,N,,3230000-204-1992-00963,3230000,,,03,폐업,미용업,02-430-8916,,,,
4,0,,0,샤론,피부미용업,0,,,,,210707.748426381,448302.139820708,2026-05-01 22:34:43,I,01,영업,,2012-09-13 12:35:44,2010-09-13,50.00,138-873,서울특별시 송파구 풍납동 478 지상2층,N,,3230000-212-2010-00069,3230000,"서울특별시 송파구 바람드리길 56, 지상2층 (풍납동, 지상2층)",05519,01,영업/정상,피부미용업,02-479-4399,,,,
0,0,,0,헤어라푼젤,일반미용업,3,2024-05-01,,,,213617.880246032,443564.387096793,2026-05-01 22:34:03,I,02,폐업,,2024-05-01 13:59:11,2013-07-16,33.00,138-821,서울특별시 송파구 마천동 315-12 지상1층,N,,3230000-211-2013-00080,3230000,"서울특별시 송파구 마천로61길 23, 지상1층 (마천동)",05759,03,폐업,일반미용업,,1,,1,
2,0,,0,피부미인,피부미용업,2,,,,,210621.339046957,448130.036241726,2026-05-01 22:35:25,I,01,영업,0,2022-01-25 14:48:09,2022-01-25,33.00,138-873,서울특별시 송파구 풍납동 484-12,N,0,3230000-212-2022-00008,3230000,"서울특별시 송파구 풍성로25길 22-1, 1층 (풍납동)",05519,01,영업/정상,피부미용업,,1,,1,
,,,,꺼먹머리,일반미용업,4,2012-09-04,,,,,,2026-05-01 22:33:09,I,02,폐업,,2007-04-19 00:00:00,2007-04-19,24.00,138-873,서울특별시 송파구 풍납동 485-102,N,,3230000-204-2007-00036,3230000,,,03,폐업,미용업,,,,,
2,0,,1,뷰티라인,피부미용업,2,2018-02-22,,,,207373.50021477,445545.656024061,2026-05-01 22:35:04,I,02,폐업,0,2018-02-22 15:08:58,2016-02-25,9.36,138-908,서울특별시 송파구 잠실동 19-9,N,0,3230000-212-2016-00010,3230000,"서울특별시 송파구 올림픽로 119, 지하1층 97호 (잠실동, 파인애플상가)",05501,03,폐업,피부미용업,,,,,
4,0,,0,벨라앤제이,피부미용업,2,2019-02-28,,,,209720.290631496,446244.350393389,2026-05-01 22:35:06,I,02,폐업,0,2019-02-28 11:39:04,2016-08-02,36.00,138-240,서울특별시 송파구 신천동 20-4,N,0,3230000-212-2016-00042,3230000,"서울특별시 송파구 올림픽로 397, 207호 (신천동)",,03,폐업,피부미용업,02-420-8926,2,,2,
0,0,,0,헤어 바이 어텀(hair by autumn),일반미용업,4,,,,,209419.462951846,444888.76026351,2026-05-01 22:36:21,I,01,영업,0,2026-01-06 11:33:01,2024-01-05,87.78,138-848,서울특별시 송파구 송파동 18 건원빌딩,N,0,3230000-225-2024-00002,3230000,"서울특별시 송파구 백제고분로41길 7-23, 건원빌딩 2층 (송파동)",05626,01,영업/정상,"일반미용업, 네일미용업, 화장ㆍ분장 미용업",,0,0,0,0
,,,,대광 남녀 피부미용,일반미용업,,2003-08-07,,,,210303.31,443628.355,2026-05-01 22:32:55,I,02,폐업,,2003-06-11 00:00:00,2003-02-27,.00,138-804,서울특별시 송파구 가락동 96-13 지하 1층,N,,3230000-204-2003-00012,3230000,,,03,폐업,미용업,02-408-0925,,,,
2,0,,0,TMR 코스메틱,피부미용업,1,2013-04-11,,,,208364.261167962,444670.739013547,2026-05-01 22:34:51,I,02,폐업,,2012-10-22 10:47:36,2012-10-22,19.60,138-840,서울특별시 송파구 삼전동 116-12 지상1층,N,,3230000-212-2012-00038,3230000,"서울특별시 송파구 백제고분로31길 17, 지상1층 (삼전동)",05604,03,폐업,피부미용업,,1,,1,
2,0,,0,은 에스테틱,피부미용업,4,2018-04-26,,,,210749.224970991,445161.258714865,2026-05-01 22:35:06,I,02,폐업,0,2018-04-26 10:27:09,2016-08-03,49.00,138-835,서울특별시 송파구 방이동 212-8,N,0,3230000-212-2016-00043,3230000,"서울특별시 송파구 마천로 30, 2층 (방이동)",05646,03,폐업,피부미용업,02-6449-9150,2,,2,
3,0,,0,채움 에스테틱,피부미용업,0,,,,,195079.265528912,445413.288375132,2026-05-01 22:32:18,I,01,영업,0,2019-10-04 11:30:51,2019-10-04,40.90,156-813,서울특별시 동작구 노량진동 330 삼익주상복합아파트,N,0,3190000-212-2019-00017,3190000,"서울특별시 동작구 만양로 84, 159,160호 (노량진동, 삼익주상복합아파트)",06914,01,영업/정상,피부미용업,,,,,
,,,,신현주미용실,일반미용업,3,2003-02-26,,,,212862.73508821,443134.847566929,2026-05-01 22:32:42,I,02,폐업,,2003-03-14 00:00:00,1998-03-11,24.83,138-110,서울특별시 송파구 거여동 291 거여2단지 효성동아아파트 상가동6호201호,N,,3230000-204-1998-00691,3230000,,,03,폐업,미용업,02-407-8775,,,,
0,0,,0,엘헤어(Aile Hair),일반미용업,3,2016-12-08,,,,213275.173493646,444082.022845129,2026-05-01 22:34:05,I,02,폐업,1,2016-10-13 15:19:35,2014-10-08,45.00,138-818,서울특별시 송파구 마천동 83-15 지상1층,N,0,3230000-211-2014-00068,3230000,"서울특별시 송파구 마천로51가길 32, 1층 (마천동)",05752,03,폐업,일반미용업,02-407-9705,1,,1,
0,0,,0,단미,일반미용업,2,,,,,207377.56006102,444775.935182282,2026-05-01 22:35:45,I,01,영업,0,2024-08-20 17:03:37,2024-08-20,66.11,138-866,서울특별시 송파구 잠실동 314-5,N,0,3230000-213-2024-00049,3230000,"서울특별시 송파구 백제고분로 158, 2층 202호 (잠실동)",05576,01,영업/정상,종합미용업,,,,,
0,0,,0,리소헤어,일반미용업,10,,,,,198324.792421368,442835.25813918,2026-05-01 22:31:58,I,01,영업,0,2019-10-16 11:20:25,2016-06-08,168.00,156-816,서울특별시 동작구 사당동 134-3,N,0,3190000-211-2016-00030,3190000,"서울특별시 동작구 동작대로 123, 2층 (사당동)",07008,01,영업/정상,일반미용업,02-534-2454,2,,,
0,0,,0,예쁨,네일아트업,0,2020-02-10,,,,197211.510873726,442506.008175348,2026-05-01 22:32:37,I,02,폐업,0,2020-02-10 09:38:16,2019-07-05,3.30,156-883,서울특별시 동작구 사당동 246-15,N,0,3190000-215-2019-00008,3190000,"서울특별시 동작구 사당로8길 12, 1층 (사당동)",07009,03,폐업,네일미용업,02-522-0706,,,,
0,0,,0,주리헤어,일반미용업,3,2019-12-02,,,,193252.363079304,443795.411539787,2026-05-01 22:31:57,I,02,폐업,1,2019-12-02 13:04:43,2015-03-10,33.00,156-848,서울특별시 동작구 신대방동 360-75 2층,N,0,3190000-211-2015-00004,3190000,"서울특별시 동작구 여의대방로22아길 27, 2층 (신대방동)",07059,03,폐업,일반미용업,02-812-6565,1,,,
,,,,김영에스테틱,일반미용업,2,2014-10-15,,,,193273.484014052,445011.250115029,2026-05-01 22:30:46,I,02,폐업,,2013-12-31 14:25:12,1988-11-30,34.56,156-811,서울특별시 동작구 대방동 501 대림쇼핑센터 227호,N,,3190000-204-1988-00943,3190000,서울특별시 동작구 여의대방로36길 29 (대방동),06943,03,폐업,미용업,02-0823-2053,,,,
,,,,조은미용실,일반미용업,7,2004-06-11,,,,196556.62206426,444901.913743643,2026-05-01 22:31:13,I,02,폐업,,2004-03-24 00:00:00,2001-12-21,66.00,156-859,서울특별시 동작구 흑석동 95-21,N,,3190000-204-2001-01600,3190000,,,03,폐업,미용업,02-826-3667,,,,
,4,임대,0,이지오헤어컷,일반미용업,4,,,,,211244.951193461,445214.179706853,2026-05-01 22:33:43,I,01,영업,,2014-10-02 14:52:02,2008-02-20,16.50,138-855,서울특별시 송파구 오금동 18-32 지상1층,N,,3230000-211-2008-00046,3230000,"서울특별시 송파구 마천로7가길 10 (오금동,지상1층)",05657,01,영업/정상,일반미용업,02-402-8381,1,,1,
0,0,,0,불루미용실,일반미용업,3,2011-11-22,,,,191862.596977184,442948.280887271,2026-05-01 22:31:41,I,02,폐업,,2011-01-26 13:45:18,2011-01-26,23.00,156-853,서울특별시 동작구 신대방동 605-41,N,,3190000-204-2011-00002,3190000,,,03,폐업,미용업,,2,,1,
0,0,,0,S.NAIL#,네일아트업,2,2022-06-20,,,,197996.381794257,442918.664628817,2026-05-01 22:32:37,I,02,폐업,0,2022-06-20 10:00:42,2018-10-01,27.74,156-815,서울특별시 동작구 사당동 120-1 금강산보석불가마사우나,N,0,3190000-215-2018-00010,3190000,"서울특별시 동작구 동작대로29길 69, 금강산보석불가마사우나 1층 103호 (사당동)",06999,03,폐업,네일미용업,02-532-0611,1,,,
0,1,,0,퀸즈헤어,일반미용업,3,2019-09-18,,,,193955.457347926,445041.0819547,2026-05-01 22:31:57,I,02,폐업,,2019-09-18 13:20:58,2014-03-07,50.00,156-807,서울특별시 동작구 대방동 11-51 1층,N,,3190000-211-2014-00012,3190000,"서울특별시 동작구 등용로 72 (대방동, 1층)",06933,03,폐업,일반미용업,02-814-8827,,,,
3,0,,0,오드리,피부미용업,0,2015-05-18,,,,193140.052317678,443178.674686446,2026-05-01 22:32:11,I,02,폐업,,2015-05-18 14:10:55,2009-07-23,80.00,156-849,서울특별시 동작구 신대방동 395-67 롯데관악타워(지하) 134호,N,,3190000-212-2009-00019,3190000,"서울특별시 동작구 보라매로5길 51, 134호 (신대방동,롯데관악타워(지하))",,03,폐업,피부미용업,02-835-8878,,1,,
,0,,0,머리마을미용실,일반미용업,7,2003-02-26,,,,197479.482775906,442506.256011297,2026-05-01 22:30:45,I,02,폐업,,2003-02-26 00:00:00,1988-05-06,"4,714.00",156-819,서울특별시 동작구 사당동 252-16,N,,3190000-204-1988-00719,3190000,,,03,폐업,미용업,02-0593-2504,0,0,0,0
1,2,,0,윤스헤어,일반미용업,3,2022-12-05,,,,197758.829241542,442013.308881544,2026-05-01 22:32:23,I,02,폐업,,2022-12-05 08:50:28,2010-11-08,20.12,156-825,서울특별시 동작구 사당동 431-8,N,,3190000-213-2010-00036,3190000,"서울특별시 동작구 사당로20길 64, 1층 (사당동)",07017,03,폐업,종합미용업,02-790-3033,,,,
,0,,0,김미경헤어라인,일반미용업,3,1996-12-02,,,,,,2026-05-01 22:32:15,I,02,폐업,,2002-09-04 00:00:00,1991-07-04,16.32,138-210,서울특별시 송파구 장지동 산 95-0,N,,3230000-204-1991-00832,3230000,,,03,폐업,미용업,02-413-5708,0,0,,
,,,,백합,일반미용업,2,2013-10-10,,,,196618.388367461,444767.776055725,2026-05-01 22:31:44,I,02,폐업,,2004-12-04 00:00:00,1979-11-26,12.92,156-859,서울특별시 동작구 흑석동 93-128,N,,3190000-211-1979-00001,3190000,서울특별시 동작구 서달로12가길 40 (흑석동),,03,폐업,일반미용업,02-814-7449,,,,
0,0,,0,리빙헤어,일반미용업,3,2011-08-17,,,,,,2026-05-01 22:33:51,I,02,폐업,,2010-07-12 11:22:25,2010-07-12,21.00,138-960,서울특별시 송파구 문정동 526 가든파이브라이프관 L-6119호,N,,3230000-211-2010-00011,3230000,,,03,폐업,일반미용업,,,,,
,6,임대,1,헤어터치,일반미용업,4,2006-06-19,,,,208801.311949276,444097.398036767,2026-05-01 22:33:04,I,02,폐업,,2005-04-13 00:00:00,2005-02-14,39.60,138-845,서울특별시 송파구 석촌동 226-5 1층,N,,3230000-204-2005-00011,3230000,,,03,폐업,미용업,02-424-7297,1,,1,
,2,,,머리빗기,일반미용업,4,2005-05-16,,,,209977.277971364,445076.813106158,2026-05-01 22:33:01,I,02,폐업,,2004-07-16 00:00:00,2004-02-04,32.00,138-852,서울특별시 송파구 송파동 138-15,N,,3230000-204-2004-00014,3230000,,,03,폐업,미용업,,1,,1,
0,2,,0,피부바디관리금결,피부미용업,3,2013-06-12,,,,210353.902844227,447453.625137238,2026-05-01 22:33:14,I,02,폐업,,2011-07-01 11:53:54,2011-06-15,89.00,138-879,서울특별시 송파구 풍납동 407-8 (풍납빌딩201호),N,,3230000-204-2011-00073,3230000,,,03,폐업,미용업,,,,,
,,,,헤어J,일반미용업,6,,,,,198154.716189923,442752.116738993,2026-05-01 22:31:50,I,01,영업,,2020-07-16 15:47:30,2001-12-21,19.00,156-816,서울특별시 동작구 사당동 141-227,N,,3190000-211-2001-00004,3190000,"서울특별시 동작구 사당로29가길 46, 2층 205호 (사당동)",07008,01,영업/정상,일반미용업,02-599-9300,,,,
,0,임대,0,캣츠,네일아트업,4,2025-12-16,,,,207274.228249777,445273.319882195,2026-05-01 22:35:49,I,02,폐업,,2025-12-16 09:09:03,2008-08-28,24.90,138-862,서울특별시 송파구 잠실동 204-10 지상1층,N,,3230000-215-2008-00002,3230000,"서울특별시 송파구 올림픽로12길 22 (잠실동,지상1층)",05563,03,폐업,네일미용업,02-413-4350,1,,1,
1,0,,0,237 네일,네일아트업,7,2018-10-31,,,,207624.424720682,445533.439634339,2026-05-01 22:36:22,I,02,폐업,0,2018-10-31 11:49:03,2018-01-05,18.24,138-911,서울특별시 송파구 잠실동 22-6 리센츠,N,0,3230000-226-2018-00001,3230000,"서울특별시 송파구 올림픽로 145, 리센츠 상가 1층 1C05호 (잠실동)",05502,03,폐업,"피부미용업, 네일미용업, 화장ㆍ분장 미용업",02-425-0237,1,,1,
,0,,0,유진,일반미용업,2,1998-06-26,,,,,,2026-05-01 22:32:05,I,02,폐업,,2002-09-04 00:00:00,1984-04-20,11.10,138-210,서울특별시 송파구 장지동 산 187-10,N,,3230000-204-1984-01737,3230000,,,03,폐업,미용업,02-0000-0000,0,0,,
,0,,0,롯데,일반미용업,3,1994-09-26,,,,,,2026-05-01 22:32:09,I,02,폐업,,2002-09-04 00:00:00,1988-02-05,16.04,138-210,서울특별시 송파구 장지동 산 8-8,N,,3230000-204-1988-01425,3230000,,,03,폐업,미용업,02-0413-5378,0,0,,
,0,,0,샤론미용실,일반미용업,0,1994-02-21,,,,198247.5751802,442681.816492266,2026-05-01 22:30:49,I,02,폐업,,2001-09-29 00:00:00,1991-04-19,.00,156-824,서울특별시 동작구 사당동 708-435,N,,3190000-204-1991-00665,3190000,,,03,폐업,미용업,02-0535-9258,0,0,0,0
0,0,,0,에이컨셉 지원,일반미용업,2,2022-04-30,,,,198313.263455469,442622.637150701,2026-05-01 22:32:07,I,02,폐업,1,2022-05-13 10:37:31,2022-01-04,40.00,156-816,서울특별시 동작구 사당동 147-100,N,0,3190000-211-2022-00002,3190000,"서울특별시 동작구 동작대로 103, 3층 (사당동)",07008,03,폐업,일반미용업,,3,,3,
,,,,가르마,일반미용업,,2004-06-24,,,,208650.627824673,444644.281298018,2026-05-01 22:32:51,I,02,폐업,,2004-06-24 00:00:00,2002-02-27,.00,138-842,서울특별시 송파구 석촌동 11-12,N,,3230000-204-2000-02314,3230000,,,03,폐업,미용업,02-421-7152,,,,
,,,,두리헤어숍,일반미용업,4,2003-12-15,,,,195098.886028696,445485.505843497,2026-05-01 22:30:53,I,02,폐업,,2003-12-15 00:00:00,1995-10-12,17.71,156-802,서울특별시 동작구 노량진동 211-44,N,,3190000-204-1995-00467,3190000,,,03,폐업,미용업,02-824-7140,,,,
,5,임대,1,이수인헤어,일반미용업,3,2019-05-01,,,,197581.583358195,442170.084598313,2026-05-01 22:31:53,I,02,폐업,,2019-05-01 09:51:36,2008-09-08,35.36,156-823,서울특별시 동작구 사당동 316-18,N,,3190000-211-2008-00008,3190000,서울특별시 동작구 사당로20나길 40 (사당동),07011,03,폐업,일반미용업,02-522-6691,1,,1,
0,0,,0,헤어디자인하우's,일반미용업,3,2018-06-11,,,,193624.175934611,444034.976010088,2026-05-01 22:31:56,I,02,폐업,,2018-06-11 09:50:42,2013-05-27,40.20,156-847,서울특별시 동작구 신대방동 347-2 103호,N,,3190000-211-2013-00011,3190000,"서울특별시 동작구 국사봉길 12, 103호 (신대방동)",07053,03,폐업,일반미용업,02-3280-7074,,,,
1,0,,0,Twink Nail(트윙크네일),네일아트업,5,2020-08-20,,,,212609.377447603,441586.029967716,2026-05-01 22:35:52,I,02,폐업,0,2020-08-20 11:37:03,2016-05-18,44.00,138-926,서울특별시 송파구 장지동 895,N,0,3230000-215-2016-00022,3230000,"서울특별시 송파구 위례광장로 270, G229호 (장지동)",05852,03,폐업,네일미용업,02-401-4867,2,,2,
0,0,,0,기분 좋은날 천연염색 전문점,일반미용업,2,2022-07-06,,,,211142.582755882,442992.119976502,2026-05-01 22:34:10,I,02,폐업,0,2022-07-06 10:58:34,2015-04-13,23.00,138-824,서울특별시 송파구 문정동 8-8 지상1층,N,0,3230000-211-2015-00035,3230000,"서울특별시 송파구 동남로8길 25, 지상1층 (문정동)",05796,03,폐업,일반미용업,070-4530-7710,1,,1,
,,,,머리이야기,일반미용업,,2006-01-31,,,,213521.631897031,443379.607400665,2026-05-01 22:32:58,I,02,폐업,,2005-06-10 00:00:00,2003-05-24,.00,138-821,서울특별시 송파구 마천동 323-192,N,,3230000-204-2003-00219,3230000,,,03,폐업,미용업,02-409-8914,,,,
,,,,미오미장,일반미용업,3,2013-08-22,,,,193359.010737792,443960.766260418,2026-05-01 22:31:01,I,02,폐업,,2004-12-03 00:00:00,1999-11-19,66.00,156-848,서울특별시 동작구 신대방동 357-33,N,,3190000-204-1999-01477,3190000,서울특별시 동작구 여의대방로22길 102 (신대방동),07059,03,폐업,미용업,,,,,
,0,,0,파마공장,일반미용업,0,2002-03-11,,,,,,2026-05-01 22:32:49,I,02,폐업,,2003-01-24 00:00:00,2000-08-04,.00,138-815,서울특별시 송파구 거여동 202-17,N,,3230000-204-2000-02231,3230000,,,03,폐업,미용업,02-449-5132,0,0,,
,,,,미르헤어샵,일반미용업,3,2009-09-14,,,,210599.381411669,445555.190068068,2026-05-01 22:32:10,I,02,폐업,,2005-09-14 00:00:00,2003-02-27,15.19,138-833,서울특별시 송파구 방이동 161-3,N,,3230000-204-1989-00817,3230000,,,03,폐업,미용업,02-0000-0000,,,,
2,0,임대,0,네일 하비오,네일아트업,3,,,,,210868.397496689,442053.227933005,2026-05-01 22:35:56,I,01,영업,0,2021-01-12 09:58:37,2021-01-12,40.99,138-888,서울특별시 송파구 문정동 618 파크하비오,N,0,3230000-215-2021-00001,3230000,"서울특별시 송파구 송파대로 111, 하비오길동 1층 중앙로108동 107호 (문정동, 파크하비오)",05837,01,영업/정상,네일미용업,,1,,1,
0,2,,0,끌레르,피부미용업,2,2016-05-03,,,,212020.879871583,443978.656400094,2026-05-01 22:34:47,I,02,폐업,,2015-01-14 13:51:49,2011-07-18,39.00,138-860,서울특별시 송파구 오금동 165 (상아A205호),N,,3230000-212-2011-00068,3230000,"서울특별시 송파구 오금로 407 (오금동,(상아A205호))",05741,03,폐업,피부미용업,02-404-7773,,,,
0,0,임대,0,로즈스킨케어,피부미용업,5,2012-03-05,,,,211947.929383351,443898.058152889,2026-05-01 22:34:42,I,02,폐업,,2010-03-02 16:49:21,2010-03-02,66.00,138-810,서울특별시 송파구 가락동 167-5 3층,N,,3230000-212-2010-00019,3230000,,,03,폐업,피부미용업,02-448-8879,3,,3,
0,0,,0,탐스헤어,일반미용업,3,,,,,209151.713940169,446519.612162961,2026-05-01 22:34:12,I,01,영업,0,2015-09-30 15:26:52,2015-09-30,22.22,138-240,서울특별시 송파구 신천동 17-4 파크리오A상가 에이동 1층130호,N,0,3230000-211-2015-00087,3230000,"서울특별시 송파구 올림픽로 435, 에이동 1층 130호 (신천동, 파크리오A상가)",05507,01,영업/정상,일반미용업,02-417-1020,,,,
,,,,열린헤어샵,일반미용업,3,2024-03-21,,,,196587.161298279,444803.787702037,2026-05-01 22:31:49,I,02,폐업,,2024-03-21 10:01:04,1997-08-01,19.45,156-859,서울특별시 동작구 흑석동 93-121,N,,3190000-211-1997-00006,3190000,서울특별시 동작구 서달로10길 29-1 (흑석동),,03,폐업,일반미용업,02-825-4850,1,,1,
0,0,,0,네일#,네일아트업,0,2017-11-16,,,,193763.119312416,444141.345270519,2026-05-01 22:32:32,I,02,폐업,,2017-11-16 11:08:19,2014-07-02,28.00,156-839,서울특별시 동작구 상도동 324-45,N,,3190000-215-2014-00001,3190000,서울특별시 동작구 상도로12길 1 (상도동),07041,03,폐업,네일미용업,02-825-8263,,,,
,,,,백합,일반미용업,3,1992-05-14,,,,,,2026-05-01 22:32:09,I,02,폐업,,2003-02-20 00:00:00,1988-04-11,22.60,138-160,서울특별시 송파구 가락동 00,N,,3230000-204-1988-01411,3230000,,,03,폐업,미용업,02-0000-0000,,,,
0,0,,0,빗&가위,일반미용업,3,2025-09-03,,,,212940.560889026,443262.827661663,2026-05-01 22:34:02,I,02,폐업,,2025-09-03 10:11:42,2013-08-01,42.00,138-815,서울특별시 송파구 거여동 258-141,N,,3230000-211-2013-00049,3230000,"서울특별시 송파구 오금로64길 17, 1층 (거여동)",05777,03,폐업,일반미용업,070-8292-4650,1,,1,
0,0,,0,헤어가 있는 풍경,일반미용업,3,2014-04-07,,,,212738.811162468,444041.834776787,2026-05-01 22:33:59,I,02,폐업,,2014-07-29 16:09:16,2012-11-20,24.57,138-813,서울특별시 송파구 거여동 128-6 지상1층,N,,3230000-211-2012-00050,3230000,"서울특별시 송파구 오금로53길 54, 지상1층 (거여동)",05735,03,폐업,일반미용업,,1,,1,
0,0,,0,나이스가이(문정 법조타운점),일반미용업,3,,,,,,,2026-05-01 22:34:21,I,01,영업,0,2022-09-30 10:50:14,2017-02-22,35.00,138-888,서울특별시 송파구 문정동 651,N,0,3230000-211-2017-00019,3230000,"서울특별시 송파구 송파대로 167, A동 G144호 (문정동, 문정역 테라타워)",05855,01,영업/정상,일반미용업,02-2054-3766,,1,,1
,,,,태성,일반미용업,2,,,,,212999.013155447,444101.234521538,2026-05-01 22:33:15,I,01,영업,,2005-06-10 00:00:00,2003-02-27,14.96,138-818,서울특별시 송파구 마천동 42-4,N,,3230000-211-1979-00001,3230000,서울특별시 송파구 마천로39길 15-1 (마천동),05755,01,영업/정상,일반미용업,02-406-8457,,,,
3,0,,0,물느,일반미용업,8,,,,,210021.864640649,445902.95034078,2026-05-01 22:36:21,I,01,영업,0,2023-09-27 12:15:59,2023-09-27,97.61,138-828,서울특별시 송파구 방이동 50-3 잠실 리버리치,N,0,3230000-225-2023-00018,3230000,"서울특별시 송파구 오금로11길 65, 잠실 리버리치 201,202호 (방이동)",05545,01,영업/정상,"일반미용업, 네일미용업, 화장ㆍ분장 미용업",02-425-1011,,,,
,0,,0,이준헤어아트,일반미용업,3,1996-05-17,,,,,,2026-05-01 22:32:21,I,02,폐업,,2002-09-04 00:00:00,1994-08-11,20.70,138-210,서울특별시 송파구 장지동 산 164-0,N,,3230000-204-1994-00387,3230000,,,03,폐업,미용업,02-443-5311,0,0,,
0,0,,0,리오떼 네일,네일아트업,10,,,,,209692.759242946,445989.705972005,2026-05-01 22:36:18,I,01,영업,0,2022-03-14 15:17:29,2022-03-14,72.24,138-827,서울특별시 송파구 방이동 39 잠실 제니알,N,0,3230000-222-2022-00004,3230000,"서울특별시 송파구 올림픽로34길 6, 잠실 제니알 2층 201호 (방이동)",05543,01,영업/정상,"네일미용업, 화장ㆍ분장 미용업",,,,,
,0,,0,롯데,일반미용업,3,2002-06-25,,,,,,2026-05-01 22:32:08,I,02,폐업,,2002-06-27 00:00:00,1988-08-22,17.00,138-210,서울특별시 송파구 장지동 산 234-0,N,,3230000-204-1988-01197,3230000,,,03,폐업,미용업,,0,0,,
,0,,0,헤어리더,일반미용업,0,2000-07-25,,,,211859.098333302,443429.624997271,2026-05-01 22:32:51,I,02,폐업,,2003-01-27 00:00:00,2000-05-01,.00,138-812,서울특별시 송파구 가락동 189-13,N,,3230000-204-2000-02286,3230000,,,03,폐업,미용업,02-400-2113,0,0,,
,0,,0,휠링헤어숍,일반미용업,3,2001-06-20,,,,194273.020838631,445404.441208327,2026-05-01 22:30:55,I,02,폐업,,2001-07-26 00:00:00,1996-07-02,25.48,156-805,서울특별시 동작구 노량진동 283-3,N,,3190000-204-1996-00402,3190000,,,03,폐업,미용업,02-522-0916,0,0,0,0
0,0,임대,0,한스파네일,네일아트업,4,2024-05-07,,,,212609.377447603,441586.029967716,2026-05-01 22:35:56,I,02,폐업,0,2024-05-07 13:43:13,2020-05-18,11.12,138-926,서울특별시 송파구 장지동 895 송파와이즈더샵,N,0,3230000-215-2020-00016,3230000,"서울특별시 송파구 위례광장로 270, G동 1층 117호 (장지동, 송파와이즈더샵)",05852,03,폐업,네일미용업,02-431-0701,1,,1,
,0,,0,헤어쇼킹,일반미용업,4,1998-09-14,,,,211663.023884921,443729.39590421,2026-05-01 22:32:40,I,02,폐업,,2003-01-23 00:00:00,1998-06-05,28.27,138-743,서울특별시 송파구 가락동 192 극동아파트지층7호,N,,3230000-204-1998-00627,3230000,,,03,폐업,미용업,02-403-5669,0,0,,
,0,,0,로코토탈미용실,일반미용업,6,1998-03-05,,,,211619.368009793,445963.384875409,2026-05-01 22:32:36,I,02,폐업,,2003-01-23 00:00:00,1997-04-10,56.62,138-829,서울특별시 송파구 방이동 89-11 올림픽선수기자촌아파트301호,N,,3230000-204-1997-00979,3230000,,,03,폐업,미용업,02-402-2407,0,0,,
0,0,임대,0,라이언메이크업,메이크업업,1,,,,,193596.980242202,445718.683478288,2026-05-01 22:32:47,I,01,영업,0,2024-02-05 11:48:28,2022-12-05,44.64,156-808,서울특별시 동작구 대방동 101-10,N,0,3190000-219-2022-00005,3190000,"서울특별시 동작구 여의대방로62길 18-7, 지하1층 (대방동)",06900,01,영업/정상,화장ㆍ분장 미용업,,4,,4,
0,0,,0,라온헤어살롱,일반미용업,6,,,,,192863.847951935,443929.91080414,2026-05-01 22:32:05,I,01,영업,0,2023-12-29 11:57:34,2019-11-29,98.10,156-848,서울특별시 동작구 신대방동 375-15 동일빌딩,N,0,3190000-211-2019-00046,3190000,"서울특별시 동작구 여의대방로22길 4, 동일빌딩 3층 (신대방동)",07057,01,영업/정상,일반미용업,02-831-8366,,,,
0,0,,0,라뷰티폼,일반미용업,9,2020-03-16,,,,209206.004334565,445212.552681821,2026-05-01 22:34:01,I,02,폐업,,2020-03-16 13:22:19,2013-01-25,75.59,138-848,서울특별시 송파구 송파동 7-1 지상1층 102호,N,,3230000-211-2013-00004,3230000,"서울특별시 송파구 석촌호수로 258, 지상1층 102호 (송파동)",05624,03,폐업,일반미용업,02-421-0113,1,,1,
0,1,임대,0,살롱드90' (Salon de 90'),일반미용업,3,2018-03-27,,,,194331.743407764,444348.558168254,2026-05-01 22:31:58,I,02,폐업,0,2018-03-27 11:53:04,2016-01-21,33.00,156-840,서울특별시 동작구 상도동 193-97 1층,N,0,3190000-211-2016-00004,3190000,"서울특별시 동작구 성대로29길 82, 1층 (상도동)",06959,03,폐업,일반미용업,02-826-1990,,,,
,,,,수경 머리방,일반미용업,3,2006-03-29,,,,191791.472492392,442912.765160564,2026-05-01 22:31:00,I,02,폐업,,2004-12-03 00:00:00,1999-05-25,22.04,156-854,서울특별시 동작구 신대방동 687-2,N,,3190000-204-1999-01454,3190000,,,03,폐업,미용업,02-847-5823,,,,
7,0,,0,SS에스테틱,피부미용업,0,2021-06-01,,,,193218.36400997,443239.581054145,2026-05-01 22:32:18,I,02,폐업,0,2021-06-01 15:43:15,2019-05-31,33.00,156-713,서울특별시 동작구 신대방동 395-69 보라매아카데미타워,N,0,3190000-212-2019-00011,3190000,"서울특별시 동작구 보라매로5가길 16, 513호 (신대방동, 보라매아카데미타워)",07071,03,폐업,피부미용업,02-846-8887,,,,
,0,,0,란미용실,일반미용업,0,1993-12-07,,,,,,2026-05-01 22:30:50,I,02,폐업,,2001-09-29 00:00:00,1992-07-22,.00,156-090,서울특별시 동작구 사당동 39-17,N,,3190000-204-1992-00610,3190000,,,03,폐업,미용업,02-0817-1056,0,0,0,0
,0,,0,은희미용실,일반미용업,0,1995-03-03,,,,194091.789986244,444445.99408858,2026-05-01 22:30:53,I,02,폐업,,2001-09-29 00:00:00,1994-03-28,.00,156-839,서울특별시 동작구 상도동 354-3,N,,3190000-204-1994-00526,3190000,,,03,폐업,미용업,02-823-4867,0,0,0,0
,0,,0,헤어센스,일반미용업,4,2012-03-27,,,,193254.33416334,443783.41896758,2026-05-01 22:31:40,I,02,폐업,,2010-10-26 13:01:52,2007-09-06,28.80,156-848,서울특별시 동작구 신대방동 366-69,N,,3190000-204-2007-00040,3190000,,,03,폐업,미용업,02-826-6149,1,0,1,0
0,0,임대,0,로코코헤어,일반미용업,10,2021-07-01,,,,210865.22173942,443139.963928696,2026-05-01 22:34:29,I,02,폐업,0,2021-07-01 15:59:37,2019-05-02,.00,138-806,서울특별시 송파구 가락동 107-15,N,0,3230000-211-2019-00037,3230000,"서울특별시 송파구 동남로 113, 2층 (가락동)",05831,03,폐업,일반미용업,02-407-0350,2,,2,
14,0,,0,오주 바디라인,피부미용업,10,2017-09-14,,,,206916.75835,445485.4447736,2026-05-01 22:34:53,I,02,폐업,,2017-09-14 17:20:51,2013-05-21,197.00,138-861,서울특별시 송파구 잠실동 175-6 J타워 5층 501호,N,,3230000-212-2013-00012,3230000,"서울특별시 송파구 올림픽로 76, 5층 501호 (잠실동, J타워)",05556,03,폐업,피부미용업,02-417-6766,5,,5,
,0,임대,0,고건영헤어,일반미용업,4,2009-05-11,,,,207190.255,445137.615,2026-05-01 22:33:11,I,02,폐업,,2008-12-18 15:54:15,2008-12-18,42.98,138-863,서울특별시 송파구 잠실동 218-14 지상1층,N,,3230000-204-2008-00098,3230000,,,03,폐업,미용업,02-415-2994,1,,1,
,3,임대,1,지엔미,일반미용업,3,2004-12-09,,,,194008.49090536,444860.969403525,2026-05-01 22:31:26,I,02,폐업,,2003-11-11 00:00:00,2003-11-11,22.40,156-807,서울특별시 동작구 대방동 5-24,N,,3190000-204-2003-00099,3190000,,,03,폐업,미용업,02-812-8771,1,,1,
1,0,,0,네일이즈유,네일아트업,6,,,,,197577.738456652,442238.8960911,2026-05-01 22:32:52,I,01,영업,0,2024-05-07 10:04:50,2024-05-07,19.80,156-823,서울특별시 동작구 사당동 317-6 행복이가득한집,N,0,3190000-222-2024-00003,3190000,"서울특별시 동작구 사당로20가길 39, 1층 101호 (사당동, 행복이가득한집)",07011,01,영업/정상,"네일미용업, 화장ㆍ분장 미용업",,,,,
,,,,머리에무슨일이생겼나,일반미용업,4,2010-11-04,,,,,,2026-05-01 22:30:55,I,02,폐업,,2004-12-02 00:00:00,1996-07-19,23.04,156-817,서울특별시 동작구 사당동 167-67,N,,3190000-204-1996-00406,3190000,,,03,폐업,미용업,02-521-9792,,,,
,,,,이봉주미용타운,일반미용업,4,1994-12-12,,,,,,2026-05-01 22:32:11,I,02,폐업,,2003-02-20 00:00:00,1989-06-23,22.60,138-160,서울특별시 송파구 가락동 00,N,,3230000-204-1989-01188,3230000,,,03,폐업,미용업,02-0408-0771,,,,
0,0,,0,체인지,피부미용업,2,2013-07-15,,,,,,2026-05-01 22:34:46,I,02,폐업,,2011-08-23 10:49:50,2011-05-04,23.02,138-960,서울특별시 송파구 문정동 516 (가든파이브라이프)T3059,N,,3230000-212-2011-00045,3230000,,,03,폐업,피부미용업,21577588,,,,
,,,,샬롬헤어뱅크,일반미용업,3,2006-06-30,,,,208122.94,444924.93,2026-05-01 22:32:14,I,02,폐업,,2005-06-08 00:00:00,2002-02-27,17.30,138-839,서울특별시 송파구 삼전동 91-0,N,,3230000-204-1990-01718,3230000,,,03,폐업,미용업,02-419-8966,,,,
,0,,0,작품내기미용실,일반미용업,4,2001-06-20,,,,194951.285324859,444100.916041176,2026-05-01 22:30:58,I,02,폐업,,2001-07-24 00:00:00,1998-05-29,33.54,156-841,서울특별시 동작구 상도동 208-17,N,,3190000-204-1998-00294,3190000,,,03,폐업,미용업,02-821-6524,0,0,0,0
,,,,옥,일반미용업,3,2015-09-22,,,,213791.304800814,443551.951928035,2026-05-01 22:33:16,I,02,폐업,,2015-09-23 16:58:05,2003-02-27,16.36,138-822,서울특별시 송파구 마천동 366-9,N,,3230000-211-1984-00003,3230000,서울특별시 송파구 성내천로43라길 20 (마천동),05760,03,폐업,일반미용업,02-400-8230,,,,
6,0,,0,피부&체형관리,피부미용업,0,2018-04-18,,,,192929.646582958,444167.621806758,2026-05-01 22:32:17,I,02,폐업,0,2018-04-18 15:44:34,2017-08-07,110.00,156-811,서울특별시 동작구 대방동 400-5,N,0,3190000-212-2017-00019,3190000,"서울특별시 동작구 여의대방로24가길 31, 3층 (대방동)",07055,03,폐업,피부미용업,070-8101-1798,3,,,
1,0,임대,0,에피누(EPINU),피부미용업,1,2023-04-14,,,,209799.930468785,445966.751048884,2026-05-01 22:35:37,I,02,폐업,0,2023-04-14 16:38:20,2020-05-14,32.40,138-827,서울특별시 송파구 방이동 43-2 잠실 트리움,N,0,3230000-213-2020-00034,3230000,"서울특별시 송파구 오금로11길 43, 잠실 트리움 2층 206호 (방이동)",05544,03,폐업,종합미용업,,,1,,1
,,,,헤어시티,일반미용업,4,2018-10-10,,,,213269.482688636,443926.371494588,2026-05-01 22:33:17,I,02,폐업,,2018-10-10 17:16:55,2003-02-27,20.90,138-819,서울특별시 송파구 마천동 137-2,N,,3230000-211-1989-00003,3230000,서울특별시 송파구 거마로22길 37 (마천동),05751,03,폐업,일반미용업,02-407-4746,,,,
,,,,노윤서헤어컬렉션,일반미용업,,2017-02-28,,,,211108.458491981,444321.800112132,2026-05-01 22:33:22,I,02,폐업,,2017-02-28 15:06:24,2003-02-27,.00,138-800,서울특별시 송파구 가락동 12-10,N,,3230000-211-2003-00047,3230000,서울특별시 송파구 송이로17길 54-27 (가락동),05702,03,폐업,일반미용업,02-403-4123,,,,
,2,,,백설공주미용실,일반미용업,3,2015-03-16,,,,212711.714410254,443202.356789327,2026-05-01 22:33:25,I,02,폐업,,2015-01-14 17:19:25,2004-11-10,16.50,138-110,서울특별시 송파구 거여동 290 거여아파트 상가 2층1호,N,,3230000-211-2004-00030,3230000,"서울특별시 송파구 양산로8길 4 (거여동, 거여1단지아파트상가2층1호)",05779,03,폐업,일반미용업,02-3402-2629,2,,2,
0,0,임대,0,미용피부관리실,피부미용업,5,2017-02-28,,,,210390.244592978,443822.712651136,2026-05-01 22:34:39,I,02,폐업,,2017-02-28 15:47:56,2009-08-03,82.50,138-803,서울특별시 송파구 가락동 88-3 4층,N,,3230000-212-2009-00031,3230000,"서울특별시 송파구 중대로9길 39, 4층 (가락동)",05711,03,폐업,피부미용업,,4,,4,
0,0,,0,박정 뷰티샵,일반미용업,2,2015-11-27,,,,207374.311053474,444516.820067288,2026-05-01 22:34:05,I,02,폐업,,2015-11-30 10:13:41,2014-03-03,35.00,138-867,서울특별시 송파구 잠실동 329 지상1층 104호,N,,3230000-211-2014-00048,3230000,"서울특별시 송파구 백제고분로18길 25, 지상1층 104호 (잠실동)",05578,03,폐업,일반미용업,,1,,1,
1,2,,0,뷰티엔헤어,일반미용업,3,2015-01-23,,,,197641.442450547,442389.049485471,2026-05-01 22:32:26,I,02,폐업,,2014-05-08 14:19:35,2014-05-08,68.20,156-824,서울특별시 동작구 사당동 708-397 2층,N,,3190000-213-2014-00004,3190000,"서울특별시 동작구 사당로17길 9 (사당동, 2층)",07004,03,폐업,종합미용업,,,,,
0,0,임대,0,시작,피부미용업,1,2012-05-02,,,,207066.328194512,445114.452318341,2026-05-01 22:33:12,I,02,폐업,,2009-09-01 08:55:32,2009-09-01,33.00,138-863,서울특별시 송파구 잠실동 221-3 3층 2호,N,,3230000-204-2009-00072,3230000,,,03,폐업,미용업,,3,,3,
0,0,,0,뷰티크리닉로벤테라피,일반미용업,3,2015-08-05,,,,208589.363343145,445455.90405262,2026-05-01 22:35:31,I,02,폐업,,2015-08-07 19:16:20,2010-06-23,115.50,138-915,서울특별시 송파구 잠실동 40-1 롯데쇼핑몰2층34호,N,,3230000-213-2010-00003,3230000,"서울특별시 송파구 올림픽로 240 (잠실동,롯데쇼핑몰2층34호)",05554,03,폐업,종합미용업,02-417-7544,,,,
8,0,임대,0,얼짱몸짱잠실점,피부미용업,8,2012-07-26,,,,209430.450574499,445913.088912404,2026-05-01 22:34:45,I,02,폐업,,2011-01-27 14:57:25,2011-01-27,108.90,138-827,서울특별시 송파구 방이동 22 대우유토피아 201호,N,,3230000-212-2011-00011,3230000,,,03,폐업,피부미용업,02-6412-1000,2,,2,
0,0,,0,리치미용실,일반미용업,3,2018-12-06,,,,196398.649404904,444198.796806026,2026-05-01 22:31:50,I,02,폐업,,2018-12-06 14:49:56,2002-07-31,26.00,156-862,서울특별시 동작구 흑석동 257-47,N,,3190000-211-2002-00015,3190000,서울특별시 동작구 서달로1길 18 (흑석동),,03,폐업,일반미용업,02-817-0988,0,0,0,0
,,,,이오,일반미용업,4,2015-02-13,,,,193745.218191972,445280.608447551,2026-05-01 22:31:50,I,02,폐업,,2004-11-29 00:00:00,2003-02-25,.00,156-811,서울특별시 동작구 대방동 503 주공(아)상가 2층,N,,3190000-211-2003-00023,3190000,"서울특별시 동작구 여의대방로44길 47 (대방동,주공(아)상가 2층)",06942,03,폐업,일반미용업,02-813-9232,,,,
,,,,헤어갤러리,일반미용업,4,2007-10-01,,,,197412.142988297,442311.082283565,2026-05-01 22:30:58,I,02,폐업,,2004-12-02 00:00:00,1998-04-16,38.64,156-821,서울특별시 동작구 사당동 272-2,N,,3190000-204-1998-00290,3190000,,,03,폐업,미용업,02-3471-7177,,,,
,0,,0,귀빈,일반미용업,3,1998-05-09,,,,211836.590537986,443953.792128831,2026-05-01 22:32:08,I,02,폐업,,2003-01-13 00:00:00,1988-12-02,28.60,138-810,서울특별시 송파구 가락동 166-27,N,,3230000-204-1988-01346,3230000,,,03,폐업,미용업,02-407-8484,0,0,,
,,,,글로리아,일반미용업,3,2003-10-27,,,,208231.361412589,444571.166095657,2026-05-01 22:32:17,I,02,폐업,,2003-06-13 00:00:00,2002-02-27,15.54,138-839,서울특별시 송파구 삼전동 102-15,N,,3230000-204-1991-01691,3230000,,,03,폐업,미용업,02-418-2569,,,,
,4,,,남미라뷰티뱅크,일반미용업,4,2005-07-12,,,,207342.950468252,444769.685311816,2026-05-01 22:33:02,I,02,폐업,,2005-06-09 00:00:00,2004-09-08,33.00,138-866,서울특별시 송파구 잠실동 314-1 (관련지번:314-8),N,,3230000-204-2004-00109,3230000,,,03,폐업,미용업,,1,,1,
,0,,0,찬미용실,일반미용업,4,1998-06-26,,,,,,2026-05-01 22:32:11,I,02,폐업,,2002-09-04 00:00:00,1989-05-17,22.10,138-210,서울특별시 송파구 장지동 산 485-4,N,,3230000-204-1989-01208,3230000,,,03,폐업,미용업,02-0473-9234,0,0,,
2,0,,0,힐링,피부미용업,2,2019-04-16,,,,210185.598338404,447414.523518115,2026-05-01 22:35:01,I,02,폐업,0,2019-04-16 15:15:45,2015-03-12,18.00,138-879,서울특별시 송파구 풍납동 403-2 도원빌딩 지하1층,N,0,3230000-212-2015-00013,3230000,"서울특별시 송파구 토성로 58 (풍납동, 도원빌딩 지하1층)",05537,03,폐업,피부미용업,,,,,
0,0,,0,이끌림헤어,일반미용업,2,,,,,212631.968657493,443089.54324724,2026-05-01 22:34:20,I,01,영업,0,2018-12-04 15:30:14,2017-01-11,17.00,138-110,서울특별시 송파구 거여동 293-1,N,0,3230000-211-2017-00005,3230000,"서울특별시 송파구 양산로 12, 213호 (거여동, 세신거여훼밀리타운)",05787,01,영업/정상,일반미용업,02-401-2344,2,,2,
,,,,양지헤어쎈스,일반미용업,3,,,,,210563.39593419,448344.835204233,2026-05-01 22:33:18,I,01,영업,,2018-12-13 10:20:20,2003-02-27,33.50,138-872,서울특별시 송파구 풍납동 148-1,N,,3230000-211-1993-00011,3230000,"서울특별시 송파구 바람드리길 42, 1층 1호 (풍납동)",05518,01,영업/정상,일반미용업,02-474-6364,,,,
3,2,임대,0,프리티 스킨케어,피부미용업,0,,,,,210719.741329313,448294.869037663,2026-05-01 22:34:40,I,01,영업,,2015-10-08 10:28:25,2009-08-24,63.00,138-873,서울특별시 송파구 풍납동 479-8 2층,N,,3230000-212-2009-00034,3230000,"서울특별시 송파구 바람드리길 58, 2층 (풍납동)",05519,01,영업/정상,피부미용업,02-470-1505,0,0,0,0
2,1,,0,눈썹 달,메이크업업,2,,,,,209997.289920459,445212.210203515,2026-05-01 22:35:43,I,01,영업,1,2023-09-19 13:42:39,2023-09-19,33.00,138-852,서울특별시 송파구 송파동 141-7 지인빌딩,N,0,3230000-213-2023-00055,3230000,"서울특별시 송파구 오금로 176, 지인빌딩 1층 102호 (송파동)",05663,01,영업/정상,종합미용업,,,,,
0,0,임대,0,WT메소드 송파점,일반미용업,5,,,,,,,2026-05-01 22:34:32,I,01,영업,0,2021-05-27 15:52:17,2021-05-27,84.00,138-888,서울특별시 송파구 문정동 642 송파 테라타워2,N,0,3230000-211-2021-00025,3230000,"서울특별시 송파구 송파대로 201, 송파 테라타워2 B동 215호 (문정동)",05854,01,영업/정상,일반미용업,,2,,2,
1,0,,0,숲칼프 아카데미(가락센터),피부미용업,6,2026-03-23,,,,210872.887504961,444150.707801941,2026-05-01 22:36:18,I,02,폐업,0,2026-03-23 17:16:19,2015-07-22,28.00,138-801,서울특별시 송파구 가락동 39-6 한양빌딩,N,0,3230000-223-2015-00001,3230000,"서울특별시 송파구 양재대로64길 34, 한양빌딩 1층 3호 (가락동)",05715,03,폐업,"일반미용업, 피부미용업, 네일미용업",,,,,
4,0,,2,가꾸는 동안 피부 두피,피부미용업,4,,,,,,,2026-05-01 22:35:23,I,01,영업,0,2020-11-16 12:48:00,2020-11-16,54.85,138-888,서울특별시 송파구 문정동 643-1 엠스테이트,N,0,3230000-212-2020-00036,3230000,"서울특별시 송파구 법원로 114, 엠스테이트 B동 2층 209호 (문정동)",05854,01,영업/정상,피부미용업,,,,,
0,0,,0,윤채 헤어,일반미용업,4,,,,,211225.184189572,442377.592319591,2026-05-01 22:34:20,I,01,영업,0,2018-03-02 13:37:12,2017-02-21,42.00,138-200,서울특별시 송파구 문정동 87-9,N,0,3230000-211-2017-00018,3230000,"서울특별시 송파구 송이로36길 58, 1층 (문정동)",05809,01,영업/정상,일반미용업,02-407-9631,1,,1,
3,0,임대,0,영 에이스 테라피,피부미용업,4,,,,,207945.966036515,444821.70674634,2026-05-01 22:35:24,I,01,영업,0,2021-06-25 15:24:10,2021-06-25,54.83,138-837,서울특별시 송파구 삼전동 13,N,0,3230000-212-2021-00013,3230000,"서울특별시 송파구 백제고분로21길 20, 2층 2호 (삼전동)",05605,01,영업/정상,피부미용업,,2,,2,
,5,임대,0,G헤어갤러리,일반미용업,7,2012-04-16,,,,191946.135275517,443066.393005717,2026-05-01 22:31:41,I,02,폐업,,2008-11-03 09:31:35,2008-09-26,47.84,156-853,서울특별시 동작구 신대방동 602-15,N,,3190000-204-2008-00029,3190000,,,03,폐업,미용업,,1,,,
1,0,,0,선하다,메이크업업,3,2025-02-03,,,,197814.965353406,441638.132325662,2026-05-01 22:32:47,I,02,폐업,0,2025-02-03 14:52:58,2023-02-20,21.00,156-827,서울특별시 동작구 사당동 1047-36 106호,N,0,3190000-219-2023-00002,3190000,"서울특별시 동작구 남부순환로 2047-3, 106호 (사당동)",07024,03,폐업,화장ㆍ분장 미용업,,,,,
0,0,,0,H스타일 노량진점,일반미용업,14,2018-06-27,,,,195018.222482012,445502.784731271,2026-05-01 22:31:56,I,02,폐업,,2018-06-27 13:17:49,2013-11-28,114.05,156-801,서울특별시 동작구 노량진동 119-157 2층,N,,3190000-211-2013-00066,3190000,"서울특별시 동작구 만양로 94, 2층 (노량진동)",06913,03,폐업,일반미용업,02-832-9619,2,,,
0,0,,0,러블리하우스,일반미용업,6,2019-08-02,,,,197233.712966754,442552.718035589,2026-05-01 22:31:59,I,02,폐업,0,2019-08-02 08:55:25,2017-01-11,82.19,156-883,서울특별시 동작구 사당동 246-7 2층,N,0,3190000-211-2017-00001,3190000,"서울특별시 동작구 사당로 192, 2층 (사당동)",07009,03,폐업,일반미용업,02-588-5336,2,,,
,,,,서인경헤어클릭,일반미용업,4,2006-10-17,,,,192088.210106787,442892.439437849,2026-05-01 22:31:16,I,02,폐업,,2004-12-03 00:00:00,2002-09-09,30.97,156-853,서울특별시 동작구 신대방동 617-12,N,,3190000-204-2002-00033,3190000,,,03,폐업,미용업,,1,,1,
0,0,,0,기분좋은날(hair),일반미용업,3,2015-10-14,,,,196815.214996967,444962.059980768,2026-05-01 22:31:55,I,02,폐업,,2011-12-26 12:59:41,2011-11-07,19.80,156-857,서울특별시 동작구 흑석동 43-46,N,,3190000-211-2011-00028,3190000,"서울특별시 동작구 서달로14라길 29, 1층 (흑석동)",06979,03,폐업,일반미용업,,,,,
,,,,밀리오레 헤어클럽,일반미용업,3,,,,,194172.933765391,444589.511650762,2026-05-01 22:31:49,I,01,영업,,2020-11-13 08:34:27,1999-12-03,33.00,156-832,서울특별시 동작구 상도동 361-25,N,,3190000-211-1999-00017,3190000,서울특별시 동작구 상도로15길 67 (상도동),06950,01,영업/정상,일반미용업,02-813-1870,,,,
0,0,,0,원 헤어살롱,일반미용업,4,2023-03-06,,,,198306.921421964,443069.206283816,2026-05-01 22:32:06,I,02,폐업,0,2023-03-06 13:36:33,2021-02-23,70.76,156-815,서울특별시 동작구 사당동 83-2 삼정빌딩,N,0,3190000-211-2021-00006,3190000,"서울특별시 동작구 동작대로33가길 5, 삼정빌딩 1층 102호 (사당동)",06996,03,폐업,일반미용업,,,,,
,0,,0,장영애미용실,일반미용업,6,1997-12-10,,,,194888.846866476,445688.821452573,2026-05-01 22:30:57,I,02,폐업,,2001-09-29 00:00:00,1997-02-05,48.10,156-800,서울특별시 동작구 노량진동 73-1,N,,3190000-204-1997-00364,3190000,,,03,폐업,미용업,02-812-4700,0,0,0,0
0,0,,0,헤어핀,일반미용업,8,2022-09-28,,,,198308.848894783,442608.256844515,2026-05-01 22:31:55,I,02,폐업,,2022-09-28 10:48:12,2012-10-18,88.48,156-816,서울특별시 동작구 사당동 147-101,N,,3190000-211-2012-00040,3190000,서울특별시 동작구 동작대로 101 (사당동),07008,03,폐업,일반미용업,02-536-0054,,,,
0,0,,0,네일젠픽,네일아트업,6,,,,,,,2026-05-01 22:35:58,I,01,영업,0,2022-10-31 11:18:27,2022-10-31,42.40,138-888,서울특별시 송파구 문정동 652-5 문정아이파크,N,0,3230000-215-2022-00030,3230000,"서울특별시 송파구 법원로4길 6, 문정아이파크 B114호 (문정동)",05855,01,영업/정상,네일미용업,,,,,
4,0,,0,어다드,일반미용업,9,,,,,209160.873317823,445064.437128246,2026-05-01 22:34:34,I,01,영업,0,2023-05-16 15:06:57,2023-05-16,180.56,138-844,서울특별시 송파구 석촌동 184-1 대성빌딩,N,0,3230000-211-2023-00012,3230000,"서울특별시 송파구 송파대로 467, 대성빌딩 2층 (석촌동)",05609,01,영업/정상,일반미용업,,,,,
,,임대,,컷트이야기,일반미용업,4,,,,,210494.082619505,443942.516227487,2026-05-01 22:33:30,I,01,영업,,2015-01-14 17:33:50,2006-03-30,36.00,138-802,서울특별시 송파구 가락동 70,N,,3230000-211-2006-00010,3230000,서울특별시 송파구 중대로9길 53 (가락동),05707,01,영업/정상,일반미용업,02-401-6362,1,,1,
2,0,,0,아름다운 얼굴,피부미용업,1,,,,,209509.727369895,444397.004600874,2026-05-01 22:35:14,I,01,영업,0,2018-04-17 09:58:19,2018-04-17,60.00,138-847,서울특별시 송파구 석촌동 295-12 대천,N,0,3230000-212-2018-00018,3230000,"서울특별시 송파구 백제고분로40길 37, 2층 (석촌동)",05687,01,영업/정상,피부미용업,,2,,2,
0,0,,0,JHAIR (제이헤어),일반미용업,5,,,,,211033.453596395,443436.281476727,2026-05-01 22:34:26,I,01,영업,0,2018-07-26 11:27:34,2018-07-26,39.00,138-807,서울특별시 송파구 가락동 124-20 유원빌딩,N,0,3230000-211-2018-00047,3230000,"서울특별시 송파구 송이로27길 4, 유원빌딩 102호 (가락동)",05827,01,영업/정상,일반미용업,,1,,1,
0,0,,0,노브헤어,일반미용업,5,,,,,209799.930468785,445966.751048884,2026-05-01 22:35:43,I,01,영업,0,2023-04-13 15:27:42,2023-04-13,66.64,138-827,서울특별시 송파구 방이동 43-2 잠실 트리움,N,0,3230000-213-2023-00026,3230000,"서울특별시 송파구 오금로11길 43, 잠실 트리움 207호 (방이동)",05544,01,영업/정상,종합미용업,,,,,
3,6,,1,슈리첸,피부미용업,0,2013-05-28,,,,193529.44906245,443890.384258381,2026-05-01 22:32:13,I,02,폐업,,2012-11-26 11:49:18,2012-03-28,46.20,156-847,서울특별시 동작구 신대방동 344-4,N,,3190000-212-2012-00007,3190000,"서울특별시 동작구 보라매로 87, 1층 (신대방동)",07060,03,폐업,피부미용업,02-824-8233,,,,
0,0,,0,미라클 마일,일반미용업,4,,,,,211487.470218865,442532.061657082,2026-05-01 22:34:01,I,01,영업,,2023-08-01 10:21:35,2012-11-05,30.00,138-200,서울특별시 송파구 문정동 102-6 대보빌딩,N,,3230000-211-2012-00091,3230000,"서울특별시 송파구 새말로 157, 대보빌딩 1층 101호 (문정동)",05801,01,영업/정상,일반미용업,02-6349-0819,1,,1,
,,,,루아에스테틱 바이 클로레,피부미용업,,,,,,209160.873317823,445064.437128246,2026-05-01 22:35:24,I,01,영업,,2021-08-27 10:55:26,2021-08-27,.00,138-844,서울특별시 송파구 석촌동 184-1 대성빌딩,N,,3230000-212-2021-00022,3230000,"서울특별시 송파구 송파대로 467, 대성빌딩 3층 (석촌동)",05609,01,영업/정상,피부미용업,,,,,
0,2,,0,미르헤어,일반미용업,4,,,,,195766.388348198,444020.397472042,2026-05-01 22:31:54,I,01,영업,,2021-12-14 11:20:39,2010-05-13,33.30,156-030,서울특별시 동작구 상도동 436 래미안상도3차아파트,N,,3190000-211-2010-00010,3190000,"서울특별시 동작구 상도로53길 13, 래미안상도3차아파트 상가동 105호 (상도동)",06971,01,영업/정상,일반미용업,02-812-6552,,,,
4,0,,0,샤넬 에스테틱,피부미용업,0,2011-09-30,,,,195252.407449087,444873.299684458,2026-05-01 22:32:11,I,02,폐업,,2009-07-16 15:50:58,2009-07-16,.00,156-831,서울특별시 동작구 상도동 20-3 현진빌딩 3층,N,,3190000-212-2009-00017,3190000,,,03,폐업,피부미용업,,3,,,
0,2,,0,신데렐라 미용실,일반미용업,3,,,,,191882.052202649,443070.459253007,2026-05-01 22:31:54,I,01,영업,,2020-11-08 13:17:25,2009-06-02,17.00,156-853,서울특별시 동작구 신대방동 607-24,N,,3190000-211-2009-00024,3190000,서울특별시 동작구 신대방길 95 (신대방동),07069,01,영업/정상,일반미용업,02-846-7165,1,,,
5,3,,0,정현스킨&바디,피부미용업,0,2014-02-07,,,,198115.200793085,441809.573984209,2026-05-01 22:32:11,I,02,폐업,,2009-12-30 15:16:45,2009-12-30,.00,156-827,서울특별시 동작구 사당동 1040-1,N,,3190000-212-2009-00031,3190000,서울특별시 동작구 동작대로3길 35 (사당동),07025,03,폐업,피부미용업,,2,,,
0,1,,0,에뜨왈,일반미용업,4,2018-04-13,,,,191691.678396263,442818.113681285,2026-05-01 22:31:59,I,02,폐업,0,2018-04-13 13:01:55,2016-11-29,34.03,156-010,서울특별시 동작구 신대방동 719 106동 115호,N,0,3190000-211-2016-00058,3190000,서울특별시 동작구 신대방1가길 38 (신대방동),07072,03,폐업,일반미용업,,,,,
,1,,0,김정실 헤어샵,일반미용업,3,2020-04-13,,,,213198.669395382,443746.477605499,2026-05-01 22:36:05,I,02,폐업,,2020-04-13 14:29:20,2008-02-11,33.00,138-820,서울특별시 송파구 마천동 128-9 1층,N,,3230000-216-2008-00002,3230000,"서울특별시 송파구 마천로 305 (마천동,1층)",05757,03,폐업,"일반미용업, 피부미용업",02-406-4674,,,,
,0,,0,러블리헤어타운,일반미용업,5,1999-03-04,,,,,,2026-05-01 22:32:37,I,02,폐업,,2002-09-04 00:00:00,1997-04-15,28.33,138-210,서울특별시 송파구 장지동 산 214-8,N,,3230000-204-1997-01759,3230000,,,03,폐업,미용업,02-3431-7494,0,0,,
4,0,임대,0,펠리체 에스테틱,피부미용업,0,2014-10-14,,,,211199.509258022,441680.580139573,2026-05-01 22:34:43,I,02,폐업,,2014-07-23 16:43:02,2010-08-04,21.84,138-888,서울특별시 송파구 장지동 841-4 대진플라자 4층,N,,3230000-212-2010-00061,3230000,"서울특별시 송파구 충민로2길 28 (장지동,대진플라자 4층)",05816,03,폐업,피부미용업,02-448-5656,4,,4,
,0,,0,대림미용실,일반미용업,2,2003-02-26,,,,191742.193945326,443042.73539818,2026-05-01 22:30:43,I,02,폐업,,2003-02-26 00:00:00,1985-04-15,"1,327.00",156-853,서울특별시 동작구 신대방동 607-28,N,,3190000-204-1985-00747,3190000,,,03,폐업,미용업,02-0000-0000,0,0,0,0
,5,,,더 헤어,일반미용업,5,2014-12-24,,,,197435.845185529,442080.634252657,2026-05-01 22:31:52,I,02,폐업,,2011-02-28 16:51:33,2006-01-13,31.82,156-822,서울특별시 동작구 사당동 300-70,N,,3190000-211-2006-00016,3190000,서울특별시 동작구 사당로16길 66 (사당동),07018,03,폐업,일반미용업,,1,,1,
0,0,,0,엠와이헤어매니아,일반미용업,3,2018-06-11,,,,196598.04833644,445014.002982422,2026-05-01 22:31:54,I,02,폐업,,2018-06-11 14:12:15,2010-05-10,23.10,156-859,서울특별시 동작구 흑석동 97-2 명수대상가1층,N,,3190000-211-2010-00031,3190000,"서울특별시 동작구 서달로 158 (흑석동,명수대상가1층)",06979,03,폐업,일반미용업,070-4137-7080,1,,,
,,,,네일포에버,네일아트업,,2010-03-29,,,,210758.119119654,443662.956402309,2026-05-01 22:33:51,I,02,폐업,,2010-03-30 08:48:01,2010-03-02,,138-803,서울특별시 송파구 가락동 78,N,,3230000-211-2010-00003,3230000,,,03,폐업,일반미용업,,,,,
0,0,,0,퀸즈 헤어,일반미용업,4,2018-07-19,,,,208356.730535926,444406.050862427,2026-05-01 22:34:11,I,02,폐업,0,2018-07-19 15:38:21,2015-09-07,36.50,138-841,서울특별시 송파구 삼전동 179 지상1층,N,0,3230000-211-2015-00081,3230000,"서울특별시 송파구 백제고분로32길 5, 지상1층 (삼전동)",05585,03,폐업,일반미용업,,1,,1,
2,0,,0,에이바헤어 송파역점,일반미용업,6,,,,,209522.717154954,444289.410448905,2026-05-01 22:36:20,I,01,영업,0,2025-10-20 12:02:47,2022-02-24,60.00,138-846,서울특별시 송파구 석촌동 275-14,N,0,3230000-225-2022-00001,3230000,"서울특별시 송파구 송파대로37길 32, 지상1층 (석촌동)",05696,01,영업/정상,"일반미용업, 네일미용업, 화장ㆍ분장 미용업",,,,,
0,0,,0,러쉬네일 문정점,네일아트업,2,,,,,210986.460698452,441725.293491662,2026-05-01 22:36:03,I,01,영업,0,2025-12-04 16:36:34,2025-12-04,22.68,138-960,서울특별시 송파구 문정동 634 가든파이브라이프,N,0,3230000-215-2025-00024,3230000,"서울특별시 송파구 충민로 66, 가든파이브라이프 패션관 제지1층 F-B1045호 (문정동)",05838,01,영업/정상,네일미용업,,,,,
,0,,0,N스킨N네일,피부미용업,5,2014-01-14,,,,198277.137574688,441882.758312132,2026-05-01 22:32:12,I,02,폐업,,2013-12-04 10:25:46,2010-12-15,79.20,156-826,서울특별시 동작구 사당동 1031-30,N,,3190000-212-2010-00019,3190000,서울특별시 동작구 동작대로 29 (사당동),07015,03,폐업,피부미용업,070-8711-8449,2,,2,
4,0,임대,0,뷰티갤러리,피부미용업,4,2017-02-28,,,,208233.926974585,445435.257647797,2026-05-01 22:34:44,I,02,폐업,,2017-02-28 16:29:20,2010-11-01,79.20,138-791,서울특별시 송파구 잠실동 40 갤러리아팰리스 A-204호,N,,3230000-212-2010-00085,3230000,"서울특별시 송파구 올림픽로 212 (잠실동,갤러리아팰리스 A-204호)",05553,03,폐업,피부미용업,02-420-0223,2,,2,
,0,,0,조일,일반미용업,0,1992-11-21,,,,196487.736066722,444601.136597901,2026-05-01 22:30:43,I,02,폐업,,2001-09-29 00:00:00,1983-11-29,.00,156-859,서울특별시 동작구 흑석동 86-3,N,,3190000-204-1983-00979,3190000,,,03,폐업,미용업,02-0815-7560,0,0,0,0
0,0,,0,살롱드 픽스,일반미용업,6,2021-11-08,,,,209903.516455846,445560.445860873,2026-05-01 22:34:28,I,02,폐업,0,2021-11-08 12:55:16,2019-01-10,123.52,138-830,서울특별시 송파구 방이동 107-3 도곡빌딩,N,0,3230000-211-2019-00003,3230000,"서울특별시 송파구 올림픽로32길 59, 도곡빌딩 2층 (방이동)",05546,03,폐업,일반미용업,,,,,
2,0,,0,줄리아뷰티,메이크업업,1,2025-11-06,,,,210986.460698452,441725.293491662,2026-05-01 22:35:46,I,02,폐업,0,2025-11-06 13:13:13,2025-02-27,12.94,138-960,서울특별시 송파구 문정동 634 가든파이브라이프,N,0,3230000-213-2025-00008,3230000,"서울특별시 송파구 충민로 66, 가든파이브라이프 7층 T-7115호 (문정동)",05838,03,폐업,종합미용업,,,,,
5,0,,0,힐링더하기,피부미용업,5,2023-03-20,,,,210544.426411895,443874.124219908,2026-05-01 22:35:14,I,02,폐업,0,2023-03-20 12:37:43,2018-03-09,185.74,138-803,서울특별시 송파구 가락동 75-7 다우빌딩,N,0,3230000-212-2018-00010,3230000,"서울특별시 송파구 양재대로62길 35, 다우빌딩 3층 (가락동)",05713,03,폐업,피부미용업,,3,,3,
0,0,,0,헤어아티스트엠,일반미용업,6,2019-08-23,,,,208131.297119724,444974.445083967,2026-05-01 22:34:16,I,02,폐업,0,2019-08-23 13:29:04,2016-07-07,94.47,138-837,서울특별시 송파구 삼전동 22-4,N,0,3230000-211-2016-00064,3230000,"서울특별시 송파구 석촌호수로 142, 2층 (삼전동)",05600,03,폐업,일반미용업,,,,,
1,0,,0,47ST 네일,네일아트업,4,2026-01-14,,,,209799.930468785,445966.751048884,2026-05-01 22:36:22,I,02,폐업,0,2026-01-14 11:50:22,2018-12-17,35.00,138-827,서울특별시 송파구 방이동 43-2 잠실 트리움,N,0,3230000-226-2018-00005,3230000,"서울특별시 송파구 오금로11길 43, 잠실 트리움 201호 (방이동)",05544,03,폐업,"피부미용업, 네일미용업, 화장ㆍ분장 미용업",,1,,1,
0,0,,0,살롱두와,일반미용업,3,2024-11-01,,,,193622.07405002,443951.883893571,2026-05-01 22:32:07,I,02,폐업,0,2024-11-01 13:24:41,2022-11-28,42.43,156-847,서울특별시 동작구 신대방동 339-15 귀 애가 1층 101호,N,0,3190000-211-2022-00027,3190000,"서울특별시 동작구 국사봉2길 19, 귀 애가 1층 101호 (신대방동)",07053,03,폐업,일반미용업,,,,,
,0,,0,사랑미용실,일반미용업,0,1993-11-16,,,,193086.485193475,443935.429551823,2026-05-01 22:30:46,I,02,폐업,,2001-09-29 00:00:00,1989-06-01,.00,156-848,서울특별시 동작구 신대방동 363-0,N,,3190000-204-1989-00895,3190000,,,03,폐업,미용업,02-0847-4548,0,0,0,0
,,,,숙미용실,일반미용업,,2003-02-25,,,,195017.048341695,445368.524110262,2026-05-01 22:30:40,I,02,폐업,,2003-04-01 00:00:00,1979-09-07,.00,156-801,서울특별시 동작구 노량진동 122-2,N,,3190000-204-1979-00783,3190000,,,03,폐업,미용업,02-0813-7611,,,,
,0,,0,정미용실,일반미용업,0,1997-06-27,,,,193770.257839095,443884.349038836,2026-05-01 22:30:41,I,02,폐업,,2001-09-29 00:00:00,1979-05-16,.00,156-846,서울특별시 동작구 상도동 299-48,N,,3190000-204-1979-00865,3190000,,,03,폐업,미용업,02-844-6809,0,0,0,0
0,0,,0,드림 미용학원,일반미용업,4,2018-12-05,,,,210518.562333151,445568.206528113,2026-05-01 22:34:12,I,02,폐업,0,2018-12-05 14:36:09,2015-12-01,49.64,138-833,서울특별시 송파구 방이동 160-1,N,0,3230000-211-2015-00106,3230000,"서울특별시 송파구 가락로 274, 지상1층 (방이동)",05635,03,폐업,일반미용업,02-418-2130,,,,
0,0,,0,명품 헤나 미용실,일반미용업,2,2018-02-07,,,,210655.495851857,448299.18801552,2026-05-01 22:36:07,I,02,폐업,0,2018-02-07 16:39:01,2017-07-17,107.87,138-873,서울특별시 송파구 풍납동 153-22,N,0,3230000-217-2017-00003,3230000,"서울특별시 송파구 풍성로25길 39, 2층 (풍납동)",05518,03,폐업,"일반미용업, 네일미용업",,2,,2,
,,,,이모사치,네일아트업,,2020-07-31,,,,209651.7746643,445422.988281706,2026-05-01 22:35:51,I,02,폐업,,2020-07-31 13:51:22,2015-12-28,121.87,138-849,서울특별시 송파구 송파동 59-8 청양빌딩,N,,3230000-215-2015-00019,3230000,"서울특별시 송파구 오금로 136, 2층 (송파동)",05619,03,폐업,네일미용업,,,,,
0,0,,0,수놓은 염색,일반미용업,2,2019-01-28,,,,193863.26874578,443993.746694964,2026-05-01 22:31:57,I,02,폐업,,2019-01-28 11:25:23,2014-09-16,19.00,156-844,서울특별시 동작구 상도동 308-5 지하1층,N,,3190000-211-2014-00052,3190000,"서울특별시 동작구 국사봉1길 74 (상도동, 지하1층)",07043,03,폐업,일반미용업,,,1,,
,0,,0,미나미용실,일반미용업,0,1996-04-10,,,,198040.291782677,442066.314433654,2026-05-01 22:30:52,I,02,폐업,,2001-09-29 00:00:00,1994-04-11,.00,156-825,서울특별시 동작구 사당동 1021-11,N,,3190000-204-1994-00501,3190000,,,03,폐업,미용업,02-587-0000,0,0,0,0
0,0,,0,박준뷰티랩 송파역 헬리오시티점,일반미용업,8,2025-03-31,,,,209412.197809542,443928.783342251,2026-05-01 22:34:28,I,02,폐업,0,2025-04-01 16:47:50,2019-04-17,93.00,138-883,서울특별시 송파구 가락동 479 헬리오시티,N,0,3230000-211-2019-00030,3230000,"서울특별시 송파구 송파대로 345, 상가001A동 2층 2013, 2014호 (가락동, 헬리오시티)",05698,03,폐업,일반미용업,,,,,
0,0,,0,스넬라 네일,네일아트업,3,2015-09-25,,,,207553.918225133,445383.338011122,2026-05-01 22:35:51,I,02,폐업,0,2015-04-01 16:31:47,2015-04-01,13.50,138-915,서울특별시 송파구 잠실동 35-2 트리지움상가 지상1층 119호,N,0,3230000-215-2015-00007,3230000,"서울특별시 송파구 석촌호수로 61 (잠실동, 트리지움상가 지상1층 119호)",05555,03,폐업,네일미용업,,,,,
,0,,0,염지연헤어월드,일반미용업,4,1996-10-01,,,,,,2026-05-01 22:32:17,I,02,폐업,,2002-09-04 00:00:00,1992-11-25,23.52,138-210,서울특별시 송파구 장지동 산 202-28,N,,3230000-204-1992-00669,3230000,,,03,폐업,미용업,02-474-3907,0,0,,
2,0,임대,0,이엔스튜디오,메이크업업,3,2025-02-03,,,,207325.511224847,445415.042869266,2026-05-01 22:36:23,I,02,폐업,0,2025-02-03 17:52:09,2021-04-02,29.17,138-861,서울특별시 송파구 잠실동 183-12 NS파인트리,N,0,3230000-226-2021-00001,3230000,"서울특별시 송파구 백제고분로7길 41, 404호 (잠실동, NS파인트리)",05558,03,폐업,"피부미용업, 네일미용업, 화장ㆍ분장 미용업",,4,,4,
,4,임대,1,수 헤어,일반미용업,5,2011-08-08,,,,209952.684307098,444608.640073169,2026-05-01 22:33:06,I,02,폐업,,2010-04-19 14:36:08,2005-11-04,22.00,138-850,서울특별시 송파구 송파동 104-4,N,,3230000-204-2005-00123,3230000,,,03,폐업,미용업,02-418-0099,1,,1,
2,0,,0,LJK 바디 테라피,피부미용업,0,2017-06-05,,,,207368.08755832,444501.010452152,2026-05-01 22:35:02,I,02,폐업,0,2017-06-05 15:57:33,2015-05-27,82.00,138-867,서울특별시 송파구 잠실동 329-7 지상4층,N,0,3230000-212-2015-00028,3230000,"서울특별시 송파구 백제고분로18길 27, 지상4층 (잠실동)",05578,03,폐업,피부미용업,,4,,4,
,4,,1,정민헤어,일반미용업,4,2020-02-03,,,,195303.122640042,444597.558515412,2026-05-01 22:31:51,I,02,폐업,,2020-02-03 09:55:50,2005-12-14,77.00,156-871,서울특별시 동작구 상도1동 701-3,N,,3190000-211-2005-00007,3190000,서울특별시 동작구 상도로 267 (상도1동),06919,03,폐업,일반미용업,,1,,1,
0,4,,0,미용고수클럽,일반미용업,4,,,,,197545.985381694,442685.886949892,2026-05-01 22:32:23,I,01,영업,,2016-01-04 11:35:58,2011-02-14,75.37,156-818,서울특별시 동작구 사당동 169-8 대림상가 A동 404-1호,N,,3190000-213-2011-00002,3190000,"서울특별시 동작구 사당로17길 8, A동 404-1호 (사당동, 대림상가)",07005,01,영업/정상,종합미용업,02-523-6781,,,,
,0,,0,하포스트헤어샵,일반미용업,8,2000-03-31,,,,,,2026-05-01 22:32:37,I,02,폐업,,2000-03-31 00:00:00,1997-06-09,60.23,138-210,서울특별시 송파구 장지동 산 89-3,N,,3230000-204-1997-01812,3230000,,,03,폐업,미용업,02-3432-0505,0,0,,
2,0,,0,아멜 스튜디오,메이크업업,2,2024-04-09,,,,209429.216803581,444897.503171186,2026-05-01 22:36:12,I,02,폐업,0,2024-04-09 12:19:00,2022-07-20,.00,138-848,서울특별시 송파구 송파동 18-1 백경빌딩,N,0,3230000-219-2022-00006,3230000,"서울특별시 송파구 백제고분로41길 7-21, 백경빌딩 1층 101호 (송파동)",05626,03,폐업,화장ㆍ분장 미용업,,,,,
,,,,Q(큐사랑),기타,2,2015-03-10,,,,198217.976559695,443083.584620971,2026-05-01 22:31:46,I,02,폐업,,2015-01-15 15:03:06,1983-11-08,12.50,156-815,서울특별시 동작구 사당동 77-10,N,,3190000-211-1983-00010,3190000,서울특별시 동작구 동작대로33길 29 (사당동),06997,03,폐업,일반미용업,02-0532-1482,,,,
0,0,임대,0,J헤어,일반미용업,3,2012-09-13,,,,193847.725077963,444081.340085597,2026-05-01 22:32:22,I,02,폐업,,2010-01-22 14:28:14,2010-01-22,17.00,156-030,서울특별시 동작구 상도동 317-19,N,,3190000-213-2010-00001,3190000,서울특별시 동작구 국사봉1길 56 (상도동),07042,03,폐업,종합미용업,,1,,,
,0,,0,이영숙,일반미용업,3,1997-12-17,,,,,,2026-05-01 22:32:14,I,02,폐업,,2002-09-04 00:00:00,1991-09-18,16.43,138-210,서울특별시 송파구 장지동 산 6110-0,N,,3230000-204-1991-00819,3230000,,,03,폐업,미용업,02-430-4881,0,0,,
0,0,,0,벨르헤어,일반미용업,4,,,,,211453.050926808,443165.755655708,2026-05-01 22:34:03,I,01,영업,,2024-08-19 16:57:54,2013-10-21,43.21,138-823,서울특별시 송파구 문정동 1 삼성래미안상가 지상2층 212호,N,,3230000-211-2013-00081,3230000,"서울특별시 송파구 문정로 83, 지상2층 212호 (문정동, 삼성래미안상가)",05794,01,영업/정상,일반미용업,02-406-0099,2,,2,
3,0,,0,랑피부관리실,피부미용업,0,2011-11-11,,,,209699.18856801,445614.288098816,2026-05-01 22:34:44,I,02,폐업,,2010-11-16 14:05:36,2010-11-16,74.42,138-829,서울특별시 송파구 방이동 93-7 1층,N,,3230000-212-2010-00088,3230000,,,03,폐업,피부미용업,02-413-2232,1,,1,
18,0,,0,마이아로마,피부미용업,11,2019-04-08,,,,207440.918247307,445340.044133273,2026-05-01 22:35:07,I,02,폐업,0,2019-04-08 16:19:24,2016-11-30,150.00,138-861,서울특별시 송파구 잠실동 185-9,N,0,3230000-212-2016-00063,3230000,"서울특별시 송파구 백제고분로9길 53, 2층 (잠실동)",05559,03,폐업,피부미용업,,2,,2,
0,0,,0,사월의양 잠실파크리오점,일반미용업,7,,,,,209933.823276344,446455.526715924,2026-05-01 22:35:41,I,01,영업,0,2022-08-26 11:51:27,2022-08-26,93.95,138-240,서울특별시 송파구 신천동 20-6 파크리오,N,0,3230000-213-2022-00043,3230000,"서울특별시 송파구 올림픽로35길 10, B상가 410호 (신천동, 파크리오)",05507,01,영업/정상,종합미용업,,4,,4,
,,,,나래헤어커커,일반미용업,3,,,,,197316.373661726,442394.123759734,2026-05-01 22:31:49,I,01,영업,,2020-06-09 14:32:16,1998-08-31,15.18,156-821,서울특별시 동작구 사당동 269-5,N,,3190000-211-1998-00007,3190000,서울특별시 동작구 사당로12길 23 (사당동),07010,01,영업/정상,일반미용업,02-584-4130,,,,
0,1,,0,블루 컷,일반미용업,3,2013-06-20,,,,211753.703474149,443623.792976588,2026-05-01 22:33:14,I,02,폐업,,2011-06-28 12:00:24,2011-06-28,30.30,138-812,서울특별시 송파구 가락동 190 (1층),N,,3230000-204-2011-00076,3230000,,,03,폐업,미용업,,,,,
0,0,,0,사랑방미용실,일반미용업,2,2016-07-11,,,,211130.855643989,442017.346612303,2026-05-01 22:33:56,I,02,폐업,,2011-12-26 14:18:57,2011-12-26,11.50,138-200,서울특별시 송파구 문정동 75-8 지하1층,N,,3230000-211-2011-00046,3230000,"서울특별시 송파구 새말로8길 28, 지하1층 (문정동)",05817,03,폐업,일반미용업,02-431-3479,,1,,1
,,,,구스 헤어,일반미용업,,2016-12-15,,,,211245.238738493,444981.954075125,2026-05-01 22:33:57,I,02,폐업,,2016-09-09 15:04:53,2011-04-29,33.00,138-856,서울특별시 송파구 오금동 41-17 1층 102호,N,,3230000-211-2011-00069,3230000,"서울특별시 송파구 마천로8길 15, 지상1층 102호 (오금동)",05659,03,폐업,일반미용업,02-409-3390,,,,
,,,,사라미용실,일반미용업,,2015-09-09,,,,,,2026-05-01 22:33:21,I,02,폐업,,2015-09-14 14:14:40,2003-02-27,.00,138-883,서울특별시 송파구 가락동 479 가락시영(아) 라상가 101호,N,,3230000-211-2002-00006,3230000,"서울특별시 송파구 송파대로 359 (가락동, 가락시영아파트(라)상가101호)",,03,폐업,일반미용업,02-400-6243,,,,
,,,,THE MAN(더 맨),일반미용업,,2009-07-28,,,,210582.757656309,448343.70955053,2026-05-01 22:32:54,I,02,폐업,,2005-07-14 00:00:00,2003-02-27,.00,138-872,서울특별시 송파구 풍납동 148-15,N,,3230000-204-2002-02448,3230000,,,03,폐업,미용업,02-486-8710,,,,
1,0,,0,밸르래쉬,메이크업업,2,2025-12-29,,,,198257.220175412,443140.728154472,2026-05-01 22:32:49,I,02,폐업,0,2025-12-29 16:54:47,2025-03-06,11.00,156-814,서울특별시 동작구 사당동 73-1,N,0,3190000-219-2025-00002,3190000,"서울특별시 동작구 동작대로33다길 12, 102호 (사당동)",06996,03,폐업,화장ㆍ분장 미용업,,,,,
0,0,,0,살롱 에이(Salon A) 잠실르엘점,일반미용업,6,,,,,209393.076054654,446147.977949052,2026-05-01 22:35:43,I,01,영업,0,2026-03-16 17:26:04,2023-07-27,70.08,138-240,서울특별시 송파구 신천동 17-6,N,0,3230000-213-2023-00048,3230000,"서울특별시 송파구 올림픽로 329, 잠실르엘상가 B115,B116호 (신천동)",05509,01,영업/정상,종합미용업,02-3432-3336,,,,
,,,,팜팜헤어칼라,일반미용업,3,2003-02-26,,,,,,2026-05-01 22:32:47,I,02,폐업,,2003-03-17 00:00:00,1999-07-27,21.00,138-210,서울특별시 송파구 장지동 산 154-2 (1층),N,,3230000-204-1999-02195,3230000,,,03,폐업,미용업,02-443-7445,,,,
,,,,라뷰티 헤어,일반미용업,,2025-06-10,,,,209075.640930083,444575.878659399,2026-05-01 22:36:18,I,02,폐업,,2025-06-10 11:59:05,2002-02-27,27.65,138-845,서울특별시 송파구 석촌동 246-13 지상1층,N,,3230000-225-1993-00001,3230000,"서울특별시 송파구 가락로11길 35, 지상1층 (석촌동)",05683,03,폐업,"일반미용업, 네일미용업, 화장ㆍ분장 미용업",,,,,
,3,,1,박선영헤어빌리지,일반미용업,3,2013-12-27,,,,198244.86425662,443235.481340551,2026-05-01 22:31:52,I,02,폐업,,2013-11-05 11:38:57,2006-06-29,30.78,156-090,서울특별시 동작구 사당동 40-5,N,,3190000-211-2006-00014,3190000,서울특별시 동작구 동작대로37길 28 (사당동),,03,폐업,일반미용업,,1,,1,
0,0,,0,에르제이,피부미용업,1,,,,,191548.535775618,442684.531353122,2026-05-01 22:32:20,I,01,영업,0,2025-12-23 14:09:30,2024-02-02,76.10,156-854,서울특별시 동작구 신대방동 686-48 동작 협성휴포레 시그니처,N,0,3190000-212-2024-00002,3190000,"서울특별시 동작구 시흥대로 606, 판매시설동 149, 150호 (신대방동, 동작 협성휴포레 시그니처)",07074,01,영업/정상,피부미용업,,,,,
,4,,0,O2 헤어 플러스,일반미용업,10,2014-03-26,,,,209039.148023482,446007.966801057,2026-05-01 22:33:10,I,02,폐업,,2007-08-30 10:25:43,2007-08-30,132.00,138-934,서울특별시 송파구 신천동 7-12 삼성홈플러스 4층,N,,3230000-204-2007-00079,3230000,"서울특별시 송파구 올림픽로35가길 16 (신천동,삼성홈플러스 4층)",05510,03,폐업,미용업,,,,,
0,0,임대,0,B.헤어,일반미용업,4,2010-12-17,,,,210409.325326776,444010.094766362,2026-05-01 22:33:12,I,02,폐업,,2010-03-11 15:50:56,2010-03-11,30.00,138-804,서울특별시 송파구 가락동 91-11 1층,N,,3230000-204-2010-00019,3230000,,,03,폐업,미용업,02-406-5355,1,,1,
,0,,0,파라오미장,일반미용업,4,2000-07-03,,,,,,2026-05-01 22:32:28,I,02,폐업,,2000-08-09 00:00:00,1996-02-01,16.17,138-210,서울특별시 송파구 장지동 산 241-4,N,,3230000-204-1996-01477,3230000,,,03,폐업,미용업,02-422-9728,0,0,,
1,0,,0,PROPRE(프로프르),피부미용업,0,2024-02-13,,,,209946.207903855,445196.538904922,2026-05-01 22:35:25,I,02,폐업,0,2024-02-13 09:15:15,2022-07-04,28.60,138-852,서울특별시 송파구 송파동 141-26,N,0,3230000-212-2022-00031,3230000,"서울특별시 송파구 오금로20길 7, 지층 B01호 (송파동)",05663,03,폐업,피부미용업,,,,,
0,1,,0,미라클,일반미용업,2,2019-02-15,,,,197866.971343013,441668.907887159,2026-05-01 22:31:59,I,02,폐업,0,2019-02-15 14:03:08,2017-05-29,16.52,156-827,서울특별시 동작구 사당동 1047-50,N,0,3190000-211-2017-00026,3190000,"서울특별시 동작구 남부순환로267길 7, 1층 (사당동)",07024,03,폐업,일반미용업,02-598-1118,,,,
,,,,이주헤어커커,일반미용업,,2003-02-26,,,,194685.24642576,444786.001051571,2026-05-01 22:31:10,I,02,폐업,,2003-03-22 00:00:00,2001-12-21,33.00,156-832,서울특별시 동작구 상도동 373-86,N,,3190000-204-2001-01591,3190000,,,03,폐업,미용업,02-824-1331,,,,
5,0,,0,스파 더 잠실,피부미용업,2,2024-08-13,,,,209542.709911306,445868.526191867,2026-05-01 22:35:27,I,02,폐업,0,2024-08-13 10:59:17,2023-10-31,30.00,138-827,서울특별시 송파구 방이동 34-2 현대드림밸리,N,0,3230000-212-2023-00037,3230000,"서울특별시 송파구 오금로11길 11-8, 현대드림밸리 405호 (방이동)",05542,03,폐업,피부미용업,,,,,
2,0,임대,0,Bluroom 블루룸,메이크업업,2,2021-03-22,,,,209542.026723295,444970.887317989,2026-05-01 22:36:10,I,02,폐업,0,2021-03-22 17:20:57,2019-11-28,36.48,138-848,서울특별시 송파구 송파동 21-5 연빌딩,N,0,3230000-219-2019-00014,3230000,"서울특별시 송파구 백제고분로41길 6-5, 4층 503호 (송파동)",05621,03,폐업,화장ㆍ분장 미용업,,,,,
0,0,,0,리안헤어 남성역점,일반미용업,8,2019-07-03,,,,197513.718579653,442441.949746996,2026-05-01 22:31:57,I,02,폐업,,2019-07-03 08:51:00,2014-07-01,81.38,156-819,서울특별시 동작구 사당동 252-15 2층,N,,3190000-211-2014-00044,3190000,"서울특별시 동작구 사당로 219 (사당동, 2층)",07004,03,폐업,일반미용업,02-533-8861,,,,
,0,,0,진초록머리방,일반미용업,3,1999-02-25,,,,,,2026-05-01 22:32:07,I,02,폐업,,2002-09-04 00:00:00,1987-05-14,14.50,138-210,서울특별시 송파구 장지동 산 307-47,N,,3230000-204-1987-01570,3230000,,,03,폐업,미용업,02-403-8871,0,0,,
,4,임대,1,준헤어,일반미용업,4,2010-09-13,,,,206955.954038363,445337.711123943,2026-05-01 22:33:04,I,02,폐업,,2005-07-14 00:00:00,2005-02-14,23.10,138-862,서울특별시 송파구 잠실동 195,N,,3230000-204-2005-00016,3230000,,,03,폐업,미용업,02-422-1325,1,,1,
0,0,,0,모티브왁싱 잠실점,피부미용업,0,,,,,207296.246452135,445324.959410252,2026-05-01 22:35:30,I,01,영업,0,2025-11-19 13:04:10,2025-11-19,18.99,138-861,서울특별시 송파구 잠실동 187-3,N,0,3230000-212-2025-00042,3230000,"서울특별시 송파구 올림픽로12길 17, 5층 (잠실동)",05559,01,영업/정상,피부미용업,,,,,
,,,,화수,일반미용업,2,2020-12-02,,,,207198.168860778,445251.160519294,2026-05-01 22:33:16,I,02,폐업,,2020-12-02 13:18:23,2003-02-27,13.90,138-862,서울특별시 송파구 잠실동 202-8,N,,3230000-211-1986-00010,3230000,서울특별시 송파구 백제고분로9길 28 (잠실동),05563,03,폐업,일반미용업,02-423-9907,,,,
0,0,,0,컷트삽,일반미용업,2,2016-01-14,,,,213006.337229034,444001.453458673,2026-05-01 22:34:10,I,02,폐업,0,2015-04-15 12:15:27,2015-04-15,27.14,138-818,서울특별시 송파구 마천동 118-34 지상1층,N,0,3230000-211-2015-00037,3230000,"서울특별시 송파구 거마로20길 9-1, 지상1층 (마천동)",05755,03,폐업,일반미용업,,1,,1,
,0,,0,조미애헤어클럽,일반미용업,4,2002-07-08,,,,,,2026-05-01 22:32:38,I,02,폐업,,2002-07-10 00:00:00,1998-11-11,27.84,138-210,서울특별시 송파구 장지동 산 257-91,N,,3230000-204-1998-00582,3230000,,,03,폐업,미용업,02-472-3144,0,0,,
0,1,,0,미즈헤어샵(美's hair shop),일반미용업,2,,,,,194980.888972638,443948.629258564,2026-05-01 22:32:07,I,01,영업,1,2022-08-02 10:11:33,2022-08-02,19.80,156-841,서울특별시 동작구 상도동 210-34,N,0,3190000-211-2022-00020,3190000,"서울특별시 동작구 양녕로26길 20, 1층 (상도동)",07037,01,영업/정상,일반미용업,,,,,
,0,,0,나그랑,일반미용업,3,1990-11-14,,,,,,2026-05-01 22:32:08,I,02,폐업,,2002-09-04 00:00:00,1988-08-22,16.12,138-210,서울특별시 송파구 장지동 산 245-33,N,,3230000-204-1988-01355,3230000,,,03,폐업,미용업,02-0000-0000,0,0,,
1,0,,0,소빈아트,네일아트업,1,2022-12-30,,,,194521.322225302,444751.731383791,2026-05-01 22:32:37,I,02,폐업,0,2022-12-30 14:06:41,2019-01-08,26.40,156-832,서울특별시 동작구 상도동 370-2,N,0,3190000-215-2019-00001,3190000,"서울특별시 동작구 상도로 181, 2층 (상도동)",06937,03,폐업,네일미용업,,2,,2,
,0,,0,제일헤어샵,일반미용업,0,2001-10-06,,,,,,2026-05-01 22:32:49,I,02,폐업,,2001-10-09 00:00:00,2000-08-09,.00,138-210,서울특별시 송파구 장지동 산 176-11,N,,3230000-204-2000-02230,3230000,,,03,폐업,미용업,02-419-5752,0,0,,
2,0,임대,0,환의 피부샵,피부미용업,2,2011-11-15,,,,209592.719431173,444659.045657081,2026-05-01 22:34:43,I,02,폐업,,2010-05-20 10:29:51,2010-05-20,18.00,138-850,서울특별시 송파구 송파동 90-18,N,,3230000-212-2010-00045,3230000,,,03,폐업,피부미용업,02-412-6869,1,,1,
1,0,,0,다이아 네일,네일아트업,2,2025-08-28,,,,195598.808240417,444269.898213021,2026-05-01 22:32:43,I,02,폐업,0,2025-08-28 15:11:14,2018-05-18,24.00,156-836,서울특별시 동작구 상도1동 361-1,N,0,3190000-218-2018-00002,3190000,"서울특별시 동작구 상도로45길 13, 1층 103호 (상도1동)",06970,03,폐업,"피부미용업, 네일미용업",02-2038-7374,,,,
,,임대,,원칼라헤어,일반미용업,,2007-02-07,,,,209313.680682709,444266.741437401,2026-05-01 22:33:08,I,02,폐업,,2007-02-07 00:00:00,2006-09-08,70.00,138-846,서울특별시 송파구 석촌동 273-3 (2층),N,,3230000-204-2006-00102,3230000,,,03,폐업,미용업,,2,,,
,4,임대,,마샬헤어겔러리,일반미용업,5,2006-01-09,,,,213579.184720291,443884.811361178,2026-05-01 22:33:04,I,02,폐업,,2005-06-10 00:00:00,2005-04-14,59.40,138-821,서울특별시 송파구 마천동 354-3,N,,3230000-204-2005-00034,3230000,,,03,폐업,미용업,02-400-3731,1,,1,
3,0,,0,쵸이스뷰티,피부미용업,3,2017-02-28,,,,208682.946639076,444522.26110806,2026-05-01 22:34:53,I,02,폐업,,2017-02-28 16:56:25,2013-11-06,22.00,138-842,서울특별시 송파구 석촌동 15 백제불한증막인삼사우나내 지하2층,N,,3230000-212-2013-00029,3230000,"서울특별시 송파구 백제고분로 293, 지하2층 (석촌동, 백제불한증막인삼사우나내)",05614,03,폐업,피부미용업,02-554-8988,,2,,2
,3,임대,2,헤어닷컴,일반미용업,4,2009-02-06,,,,197802.436613024,443049.214038897,2026-05-01 22:31:25,I,02,폐업,,2009-02-11 10:32:22,2003-08-20,23.78,156-815,서울특별시 동작구 사당동 105 우성종합상가3단지 203호,N,,3190000-204-2003-00083,3190000,,,03,폐업,미용업,02-534-7277,2,,2,
,1,임대,0,벨라돈나,일반미용업,5,2009-03-30,,,,211073.35603022,446095.113429039,2026-05-01 22:33:10,I,02,폐업,,2008-02-25 17:41:28,2008-02-25,112.20,138-829,서울특별시 송파구 방이동 88-2 올림픽공원수영장(내),N,,3230000-204-2008-00014,3230000,,,03,폐업,미용업,02-541-3744,1,,1,
0,0,임대,0,iane(이아네),일반미용업,4,2022-07-01,,,,,,2026-05-01 22:34:29,I,02,폐업,0,2022-07-01 15:26:05,2019-05-07,58.50,138-888,서울특별시 송파구 문정동 642-3 문정에스케이브이원지엘메트로시티,N,0,3230000-211-2019-00038,3230000,"서울특별시 송파구 법원로 128, 문정에스케이브이원지엘메트로시티 C동 1층 106호 (문정동)",05854,03,폐업,일반미용업,,1,,1,
2,0,,0,아이즈올,메이크업업,3,,,,,208707.089897534,446299.352775446,2026-05-01 22:36:13,I,01,영업,0,2023-02-07 12:34:13,2023-02-07,55.72,138-934,서울특별시 송파구 신천동 7 장미아파트,N,0,3230000-219-2023-00002,3230000,"서울특별시 송파구 올림픽로35길 104, 비상가 1동 5층 507-1호 (신천동, 장미아파트)",05504,01,영업/정상,화장ㆍ분장 미용업,,,,,
0,0,,0,림스네일아트,네일아트업,2,,,,,208165.719357919,444743.352543048,2026-05-01 22:35:54,I,01,영업,0,2018-03-14 11:30:53,2018-01-12,30.00,138-839,서울특별시 송파구 삼전동 97-6 103호,N,0,3230000-215-2018-00001,3230000,"서울특별시 송파구 백제고분로27길 19, 1층 103호 (삼전동)",05605,01,영업/정상,네일미용업,,1,,1,
4,0,,0,바비준,피부미용업,4,2015-03-23,,,,207373.50021477,445545.656024061,2026-05-01 22:34:56,I,02,폐업,,2014-07-24 13:30:37,2014-07-10,66.56,138-908,"서울특별시 송파구 잠실동 19-9 파인애플상가 지하1층 제에이156,157,158,159호",N,,3230000-212-2014-00026,3230000,"서울특별시 송파구 올림픽로 119, 지하1층 에이156,157,158,159호 (잠실동, 파인애플상가)",05501,03,폐업,피부미용업,02-423-3700,,1,,1
,,,,Ennismore Hair(에니스모어 헤어),일반미용업,,,,,,198067.297006416,442432.740570037,2026-05-01 22:31:59,I,01,영업,,2020-11-06 20:27:03,2017-08-02,.00,156-824,서울특별시 동작구 사당동 1003-7,N,,3190000-211-2017-00040,3190000,"서울특별시 동작구 사당로 282, 2층 (사당동)",07013,01,영업/정상,일반미용업,,,,,
,,,,태양,일반미용업,3,2004-09-03,,,,210214.006232139,447291.389168928,2026-05-01 22:32:05,I,02,폐업,,2003-06-10 00:00:00,2003-02-27,26.46,138-878,서울특별시 송파구 풍납동 399-14,N,,3230000-204-1985-01664,3230000,,,03,폐업,미용업,02-485-8009,,,,
0,0,,0,그루브헤어,일반미용업,6,,,,,209502.988374958,444909.24656303,2026-05-01 22:35:33,I,01,영업,,2022-03-25 16:51:01,2013-08-05,128.52,138-848,서울특별시 송파구 송파동 19-8 지상2층,N,,3230000-213-2013-00007,3230000,"서울특별시 송파구 백제고분로 385, 지상2층 (송파동)",05626,01,영업/정상,종합미용업,02-416-1090,2,,2,
,0,,0,고은,일반미용업,0,1997-10-23,,,,196648.455072447,444648.188179959,2026-05-01 22:30:45,I,02,폐업,,2001-09-29 00:00:00,1987-11-16,.00,156-859,서울특별시 동작구 흑석동 84-1,N,,3190000-204-1987-00980,3190000,,,03,폐업,미용업,02-812-3236,0,0,0,0
3,0,,0,유라퓨어 에스테틱,피부미용업,0,2024-08-30,,,,193394.538706062,444040.843567772,2026-05-01 22:32:20,I,02,폐업,0,2024-08-30 17:04:25,2023-10-20,53.64,156-855,서울특별시 동작구 신대방동 724 보라매자이 더 포레스트,N,0,3190000-212-2023-00015,3190000,"서울특별시 동작구 여의대방로22길 121, 상가동 2413호 (신대방동, 보라매자이 더 포레스트)",07056,03,폐업,피부미용업,,,,,
,3,,,폭탄머리,일반미용업,4,2006-06-19,,,,213187.106280014,444131.809234073,2026-05-01 22:33:03,I,02,폐업,,2005-04-13 00:00:00,2004-12-21,33.00,138-818,서울특별시 송파구 마천동 85-19,N,,3230000-204-2004-00151,3230000,,,03,폐업,미용업,,1,,1,
3,0,,0,김세연 에스테틱,피부미용업,3,2025-12-03,,,,209549.864184816,444844.574391216,2026-05-01 22:35:04,I,02,폐업,0,2025-12-03 16:10:10,2016-03-11,33.00,138-850,서울특별시 송파구 송파동 84-2,N,0,3230000-212-2016-00013,3230000,"서울특별시 송파구 백제고분로 384, 202호 (송파동)",05667,03,폐업,피부미용업,,2,,2,
2,0,,0,글리터링,네일아트업,8,2023-03-03,,,,208647.132582054,444039.429208739,2026-05-01 22:35:54,I,02,폐업,0,2023-03-02 18:47:17,2017-06-29,102.00,138-845,서울특별시 송파구 석촌동 220-13,N,0,3230000-215-2017-00023,3230000,"서울특별시 송파구 가락로 19, 4층 (석촌동)",05692,03,폐업,네일미용업,,4,,4,
0,0,,0,염색나라 마천점,일반미용업,4,,,,,213135.914319938,443852.572663206,2026-05-01 22:34:25,I,01,영업,0,2022-02-03 09:40:39,2018-04-04,53.00,138-819,서울특별시 송파구 마천동 128-113,N,0,3230000-211-2018-00022,3230000,"서울특별시 송파구 마천로45길 7, 103호 (마천동)",05756,01,영업/정상,일반미용업,,1,,1,
,,,,김숙빈스킨케어,일반미용업,3,2005-11-01,,,,210045.748264305,442930.687284628,2026-05-01 22:32:21,I,02,폐업,,2003-06-11 00:00:00,2003-02-27,47.50,138-885,서울특별시 송파구 문정동 150 훼미리 상가 2층206호,N,,3230000-204-1994-00926,3230000,,,03,폐업,미용업,02-400-9651,,,,
,4,,,정유정헤어코디,일반미용업,3,2006-08-04,,,,212572.011678039,443565.589971891,2026-05-01 22:33:03,I,02,폐업,,2005-07-14 00:00:00,2004-09-24,29.70,138-813,서울특별시 송파구 거여동 21-14,N,,3230000-204-2004-00124,3230000,,,03,폐업,미용업,,1,,1,
,,,,안민선코스메틱,일반미용업,2,2003-02-26,,,,,,2026-05-01 22:32:30,I,02,폐업,,2003-03-14 00:00:00,1996-07-08,20.41,138-210,서울특별시 송파구 장지동 산 328-5,N,,3230000-204-1996-01744,3230000,,,03,폐업,미용업,02-418-2940,,,,
,,,,영수와미용실,일반미용업,,2009-06-25,,,,210909.836894082,443057.431058482,2026-05-01 22:32:53,I,02,폐업,,2005-07-14 00:00:00,2003-02-27,.00,138-825,서울특별시 송파구 문정동 29-3,N,,3230000-204-2001-02411,3230000,,,03,폐업,미용업,02-402-2767,,,,
,1,,0,헤어모델,일반미용업,3,2008-06-26,,,,211855.016558904,443546.050430193,2026-05-01 22:33:10,I,02,폐업,,2007-12-10 09:17:27,2007-12-10,24.75,138-812,서울특별시 송파구 가락동 186-4 1층102호,N,,3230000-204-2007-00112,3230000,,,03,폐업,미용업,,,,,
0,0,,0,큐사랑 헤어샾,일반미용업,2,2021-04-30,,,,213148.581914117,443911.486816811,2026-05-01 22:36:18,I,02,폐업,0,2021-04-30 10:37:43,2016-06-08,18.00,138-819,서울특별시 송파구 마천동 129-1,N,0,3230000-225-2016-00001,3230000,"서울특별시 송파구 마천로41길 15, 1층 8호 (마천동)",05756,03,폐업,"일반미용업, 네일미용업, 화장ㆍ분장 미용업",,,,,
2,0,임대,0,루네아&쟈민뷰티,피부미용업,0,,,,,188771.320871109,446551.856851391,2026-05-01 03:03:03,U,01,영업,0,2026-04-30 10:19:42,2023-06-29,61.47,158-849,서울특별시 양천구 신정동 89-29 신통빌딩,N,0,3140000-213-2023-00003,3140000,"서울특별시 양천구 신목로 70-1, 신통빌딩 5층 (신정동)",08015,01,영업/정상,종합미용업,,,,,
,0,,0,김경자미용실,일반미용업,0,1993-11-24,,,,193823.755396051,444166.347632411,2026-05-01 22:30:45,I,02,폐업,,2001-09-29 00:00:00,1987-05-02,.00,156-839,서울특별시 동작구 상도동 325-8,N,,3190000-204-1987-00792,3190000,,,03,폐업,미용업,02-0846-0602,0,0,0,0
,,,,세실미용실,일반미용업,2,,,,,211922.802038225,444478.100759857,2026-05-01 22:33:17,I,01,영업,,2015-01-14 15:14:49,2003-02-27,13.95,138-857,서울특별시 송파구 오금동 65-7,N,,3230000-211-1989-00009,3230000,서울특별시 송파구 성내천로8길 8 (오금동),05728,01,영업/정상,일반미용업,02-403-8373,,,,
0,0,,0,네일드벨(Nail de Bell),네일아트업,1,,,,,,,2026-05-01 22:35:58,I,01,영업,0,2025-01-31 14:44:16,2022-08-24,107.20,138-888,서울특별시 송파구 문정동 642 송파 테라타워2,N,0,3230000-215-2022-00025,3230000,"서울특별시 송파구 송파대로 201, 송파 테라타워2 A동 지하1층 G-125호 (문정동)",05854,01,영업/정상,네일미용업,,4,,4,
3,0,,0,에드뷰티,피부미용업,3,2015-12-01,,,,195035.951816494,444642.103717506,2026-05-01 22:32:15,I,02,폐업,1,2015-10-21 10:08:02,2015-10-21,33.00,156-831,서울특별시 동작구 상도동 28-26 1층,N,0,3190000-212-2015-00013,3190000,"서울특별시 동작구 상도로30길 71, 1층 (상도동)",06964,03,폐업,피부미용업,,1,,1,
,0,,0,준 헤어필,일반미용업,0,2002-09-10,,,,194553.678318572,444641.743173612,2026-05-01 22:31:03,I,02,폐업,,2002-09-12 00:00:00,1999-11-20,.00,156-838,서울특별시 동작구 상도동 180-2,N,,3190000-204-1999-01484,3190000,,,03,폐업,미용업,,0,0,0,0
,0,,0,빗과결사이,일반미용업,4,2003-02-26,,,,,,2026-05-01 22:30:59,I,02,폐업,,2003-02-26 00:00:00,1999-03-04,263.00,156-801,서울특별시 동작구 노량진동 123-1,N,,3190000-204-1999-01325,3190000,,,03,폐업,미용업,02-826-3003,0,0,0,0
1,0,,0,바니앤루나&퍼펙트왁싱,네일아트업,5,,,,,207373.50021477,445545.656024061,2026-05-01 22:36:10,I,01,영업,0,2025-09-22 14:38:50,2025-05-26,17.69,138-908,서울특별시 송파구 잠실동 19-9 잠실파인애플상가,N,0,3230000-218-2025-00001,3230000,"서울특별시 송파구 올림픽로 119, 잠실파인애플상가 지하1층 B-19호 (잠실동)",05501,01,영업/정상,"피부미용업, 네일미용업",,,1,,
2,0,,0,가인,메이크업업,2,,,,,207553.918225133,445383.338011122,2026-05-01 22:36:19,I,01,영업,0,2021-10-13 10:16:06,2020-06-23,30.78,138-915,서울특별시 송파구 잠실동 35-2 트리지움,N,0,3230000-225-2020-00013,3230000,"서울특별시 송파구 석촌호수로 61, 트리지움 상가 1층 151호 (잠실동)",05555,01,영업/정상,"일반미용업, 네일미용업, 화장ㆍ분장 미용업",,,,,
1,0,,0,빈벨네일,네일아트업,4,,,,,194919.05941562,444714.631338264,2026-05-01 22:32:53,I,01,영업,0,2021-03-26 14:25:04,2021-03-26,27.24,156-030,서울특별시 동작구 상도동 529 상도두산위브아파트,N,0,3190000-226-2021-00001,3190000,"서울특별시 동작구 상도로30길 39, 상도두산위브 120동 1층 105-1호 (상도동, 상도두산위브아파트)",06964,01,영업/정상,"피부미용업, 네일미용업, 화장ㆍ분장 미용업",,,,,
0,0,,0,살롱드루체,일반미용업,3,,,,,207706.450820636,444527.252560764,2026-05-01 22:35:43,I,01,영업,0,2023-06-07 11:55:14,2023-04-27,65.00,138-837,서울특별시 송파구 삼전동 31-9,N,0,3230000-213-2023-00031,3230000,"서울특별시 송파구 삼전로6길 8, 1층 101호 (삼전동)",05593,01,영업/정상,종합미용업,,,,,
4,0,,0,미소스킨케어,피부미용업,4,,,,,209650.514518919,445837.846319555,2026-05-01 22:35:15,I,01,영업,0,2018-08-31 17:16:33,2018-08-31,63.00,138-828,서울특별시 송파구 방이동 59-12,N,0,3230000-212-2018-00033,3230000,"서울특별시 송파구 올림픽로32길 19-11, 2층 202호 (방이동)",05547,01,영업/정상,피부미용업,,,,,
0,0,자가,0,컷앤펌 헤어,일반미용업,4,,,,,212899.338951049,442943.338506955,2026-05-01 22:35:37,I,01,영업,0,2020-02-26 10:17:12,2020-02-26,60.00,138-110,서울특별시 송파구 거여동 295 거여6단지아파트,N,0,3230000-213-2020-00018,3230000,"서울특별시 송파구 양산로2길 38, 상가동 304호 (거여동, 거여6단지아파트)",05789,01,영업/정상,종합미용업,,,,,
0,0,,0,보떼헤어,일반미용업,4,,,,,211243.286485991,443033.711904396,2026-05-01 22:34:13,I,01,영업,0,2018-03-02 13:34:11,2016-01-08,49.60,138-824,서울특별시 송파구 문정동 11-13 태광빌딩 101호,N,0,3230000-211-2016-00005,3230000,"서울특별시 송파구 송이로32길 6, 101호 (문정동, 태광빌딩)",05796,01,영업/정상,일반미용업,02-6339-1304,,,,
2,0,,0,박지영 수정테라피,피부미용업,0,,,,,196557.679209202,445181.954993298,2026-05-01 22:32:17,I,01,영업,0,2020-07-16 11:25:36,2017-06-27,42.95,156-860,서울특별시 동작구 흑석동 163-7,N,0,3190000-212-2017-00014,3190000,"서울특별시 동작구 흑석로 118, 2층 (흑석동)",06972,01,영업/정상,피부미용업,02-827-0207,2,,,
0,0,임대,0,플로라,네일아트업,3,,,,,211619.368009793,445963.384875409,2026-05-01 22:35:53,I,01,영업,0,2019-06-03 11:33:22,2016-04-15,20.00,138-829,서울특별시 송파구 방이동 89-11 올림픽프라자,N,0,3230000-215-2016-00058,3230000,"서울특별시 송파구 양재대로 1222, 올림픽프라자 2층 13호의 서쪽호 (방이동)",05648,01,영업/정상,네일미용업,02-478-8133,2,0,2,0
2,0,,0,나만의헤어샵,일반미용업,6,,,,,211020.396382269,443455.397711692,2026-05-01 22:36:22,I,01,영업,0,2024-09-25 16:11:55,2024-09-25,49.00,138-807,서울특별시 송파구 가락동 124-21 가윤웨딩뷔페,N,0,3230000-225-2024-00013,3230000,"서울특별시 송파구 송이로 157, 가윤웨딩뷔페 1층 (가락동)",05827,01,영업/정상,"일반미용업, 네일미용업, 화장ㆍ분장 미용업",,,,,
,0,,0,귀빈미용실,일반미용업,3,1999-05-24,,,,194325.883329196,444492.260161136,2026-05-01 22:30:43,I,02,폐업,,1999-06-02 00:00:00,1984-05-03,17.61,156-838,서울특별시 동작구 상도동 195-35,N,,3190000-204-1984-00754,3190000,,,03,폐업,미용업,02-0842-6788,0,0,0,0
,1,임대,1,뉴앙상블헤어코디,일반미용업,4,2005-05-27,,,,194618.621660163,445206.883000134,2026-05-01 22:31:28,I,02,폐업,,2004-05-07 00:00:00,2004-05-07,21.87,156-803,서울특별시 동작구 노량진동 231-75,N,,3190000-204-2004-00021,3190000,,,03,폐업,미용업,02-815-7321,1,,1,
,0,,0,지미용실,일반미용업,0,1999-02-18,,,,198136.834235077,443297.128450326,2026-05-01 22:30:49,I,02,폐업,,1999-02-22 00:00:00,1991-08-01,.00,156-814,서울특별시 동작구 사당동 68-1,N,,3190000-204-1991-00674,3190000,,,03,폐업,미용업,02-0595-3423,0,0,0,0
1,0,,0,빛나눈,피부미용업,0,2025-04-17,,,,193026.631879921,444552.339772267,2026-05-01 22:32:17,I,02,폐업,0,2025-04-17 13:10:24,2017-04-25,23.80,156-810,서울특별시 동작구 대방동 389-23,N,0,3190000-212-2017-00010,3190000,"서울특별시 동작구 여의대방로 182-1, 1층 (대방동)",06945,03,폐업,피부미용업,070-8851-1092,1,,,
0,0,,0,아이엘살롱네일,네일아트업,2,,,,,195240.143845863,444585.601461545,2026-05-01 22:32:40,I,01,영업,0,2024-10-07 15:30:14,2022-11-30,16.53,156-871,서울특별시 동작구 상도1동 703-2 1층,N,0,3190000-215-2022-00014,3190000,"서울특별시 동작구 상도로36길 5, 1층 (상도1동)",06965,01,영업/정상,네일미용업,,,,,
,0,,0,내가본미용실,일반미용업,0,1993-10-19,,,,193337.521095732,444092.591308228,2026-05-01 22:30:47,I,02,폐업,,2001-09-29 00:00:00,1989-12-09,.00,156-811,서울특별시 동작구 대방동 407-43,N,,3190000-204-1989-00916,3190000,,,03,폐업,미용업,02-0846-9698,0,0,0,0
0,0,,0,네일하이,네일아트업,2,,,,,193026.631879921,444552.339772267,2026-05-01 22:32:31,I,01,영업,0,2025-09-03 11:55:29,2025-09-03,16.50,156-810,서울특별시 동작구 대방동 389-23 시저스타운,N,0,3190000-213-2025-00010,3190000,"서울특별시 동작구 여의대방로 182-1, 시저스타운 1층 (대방동)",06945,01,영업/정상,종합미용업,,,,,
,0,,0,리나헤어,일반미용업,0,2018-05-04,,,,211582.661512533,443635.684049739,2026-05-01 22:33:42,I,02,폐업,,2018-05-04 11:56:42,2008-05-23,.00,138-812,서울특별시 송파구 가락동 194-1 지상1층,N,,3230000-211-2008-00035,3230000,"서울특별시 송파구 동남로18길 12 (가락동,지상1층)",05784,03,폐업,일반미용업,02-448-8277,0,0,0,0
,,,,아람헤어샵,일반미용업,,2007-01-17,,,,212430.26239637,443684.871305788,2026-05-01 22:32:56,I,02,폐업,,2005-07-14 00:00:00,2003-04-08,.00,138-813,서울특별시 송파구 거여동 17-10,N,,3230000-204-2003-00125,3230000,,,03,폐업,미용업,02-409-9179,,,,
,0,,0,황진희,일반미용업,3,1993-07-21,,,,,,2026-05-01 22:32:07,I,02,폐업,,2002-09-04 00:00:00,1987-09-09,29.85,138-210,서울특별시 송파구 장지동 산 129-7,N,,3230000-204-1987-01505,3230000,,,03,폐업,미용업,02-423-1539,0,0,,
,2,임대,1,머리쟁이,일반미용업,4,2019-08-19,,,,194361.658584619,444462.378147816,2026-05-01 22:31:49,I,02,폐업,,2019-08-19 14:46:39,2000-11-13,21.56,156-838,서울특별시 동작구 상도동 196-82,N,,3190000-211-2000-00004,3190000,서울특별시 동작구 상도로22길 21 (상도동),,03,폐업,일반미용업,02-826-5631,1,,1,
,0,임대,0,헤어 아티스트 엠,일반미용업,6,,,,,196582.895996386,445065.168672696,2026-05-01 22:32:21,I,01,영업,,2020-05-29 13:49:10,2008-01-15,33.00,156-860,서울특별시 동작구 흑석동 102-70,N,,3190000-213-2008-00022,3190000,"서울특별시 동작구 서달로 161, 1층 (흑석동)",06972,01,영업/정상,종합미용업,02-6403-3459,,,,
0,0,,0,헤어갤러리 윤빛가람,일반미용업,3,2023-05-04,,,,209412.197809542,443928.783342251,2026-05-01 22:33:55,I,02,폐업,,2023-05-04 13:00:17,2011-11-04,8.85,138-883,서울특별시 송파구 가락동 479 헬리오시티,N,,3230000-211-2011-00035,3230000,"서울특별시 송파구 송파대로 345, A동 B70호 (가락동, 헬리오시티)",05698,03,폐업,일반미용업,02-422-2112,,1,,1
,0,,0,이승주미용실,일반미용업,3,1997-12-17,,,,,,2026-05-01 22:32:23,I,02,폐업,,2002-09-04 00:00:00,1995-11-18,19.04,138-210,서울특별시 송파구 장지동 산 35-6,N,,3230000-204-1995-00366,3230000,,,03,폐업,미용업,02-448-2770,0,0,,
,,,,로코코헤어라인,일반미용업,3,2008-11-03,,,,195116.312074653,444669.16653779,2026-05-01 22:30:58,I,02,폐업,,2005-02-11 00:00:00,1998-03-18,18.66,156-831,서울특별시 동작구 상도동 29-35,N,,3190000-204-1998-00318,3190000,,,03,폐업,미용업,,,,,
