자동환기여부,건물용도명,사업장명,폐업일자,좌표X,좌표Y,문화사업자구분명,문화체육업종명,편의시설여부,데이터갱신시점,데이터갱신구분,상세영업상태코드,상세영업상태명,비상구여부,비상계단여부,기타내역2,기존게임업외업종명,제작취급품목내용,시설면적,소방시설여부,지상층수,청소년실수,청소년실여부,노래방실수,최종수정시점,인허가취소일자,인허가일자,소재지우편번호,지번주소,조명시설유무,조명시설조도,관리번호,개방자치단체코드,통로너비,제공게임물명,지역구분명,도로명주소,도로명우편번호,영업상태구분코드,영업상태명,방음시설여부,음향시설여부,특수조명여부,주변환경명,휴업시작일자,휴업종료일자,소재지전화번호,총게임기수,총층수,지하층수,비디오재생기명
,근린생활시설,여우 PC,2015-08-03,174812.692413394,436663.754651056,유통관련업,인터넷컴퓨터게임시설제공업,,2026-05-01 22:36:45,I,03,폐업,,,,,,48.94,,3,,,,2015-10-15 09:21:56,,2013-04-15,,인천광역시 남동구 남촌동 330-30 202호,,,CDFF2241022013000011,3530000,,,일반주거지역,"인천광역시 남동구 남촌동로3번길 32, 202호 (남촌동)",21625,03,폐업,,,,,,,,7,3,,
,,골드 PC,2016-07-05,174430.433869164,440312.643931864,유통관련업,인터넷컴퓨터게임시설제공업,,2026-05-01 22:36:45,I,03,폐업,,,,,,37,,3,,,,2016-07-06 09:38:18,,2013-04-19,,인천광역시 남동구 간석동 170-12 1층우측호,,,CDFF2241022013000012,3530000,,,,"인천광역시 남동구 용천로153번길 56, 1층 우측호 (간석동)",21544,03,폐업,,,,,,,,7,4,1,
,,놀토PC방,2014-03-18,173812.486437926,440312.331819086,유통관련업,인터넷컴퓨터게임시설제공업,,2026-05-01 22:36:45,I,03,폐업,,,,,,59.74,,4,,,,2014-03-18 16:36:53,,2013-05-10,,인천광역시 남동구 간석동 320-10 1층좌측호,,,CDFF2241022013000014,3530000,,,일반주거지역,"인천광역시 남동구 경인로 602, 1층 좌측호 (간석동)",,03,폐업,,,,,,,,7,5,1,
,,대박 PC,2013-06-11,176559.861235792,433113.310207242,유통관련업,인터넷컴퓨터게임시설제공업,,2026-05-01 22:36:45,I,03,폐업,,,,,,106.06,,8,,,,2013-06-11 18:51:20,,2013-05-23,,인천광역시 남동구 논현동 678-1 조은프라자 205호,,,CDFF2241022013000017,3530000,,,일반상업지역,"인천광역시 남동구 소래역로 28, 205호 (논현동, 조은프라자)",,03,폐업,,,,,,,,30,11,3,
,,번개PC방,2017-10-25,175394.581992242,439249.352560103,유통관련업,인터넷컴퓨터게임시설제공업,,2026-05-01 22:36:45,I,03,폐업,,,,,,85.7,,3,,,,2017-10-26 09:56:28,,2013-06-19,,인천광역시 남동구 구월동 1257 1층좌측호,,,CDFF2241022013000018,3530000,,,일반주거지역,"인천광역시 남동구 복개서로89번길 10, 1층 좌측호 (구월동)",21534,03,폐업,,,,,,,,23,4,1,
,,물텀벙 PC방,2013-09-06,174487.38687347,440280.322842599,유통관련업,인터넷컴퓨터게임시설제공업,,2026-05-01 22:36:45,I,03,폐업,,,,,,142.76,,5,,,,2013-09-06 17:02:58,,2013-07-30,,"인천광역시 남동구 간석동 123-11 101,2호",,,CDFF2241022013000020,3530000,,,일반상업지역,"인천광역시 남동구 용천로153번길 44, 101,102호 (간석동)",,03,폐업,,,,,,,,36,6,1,
,,스피드 PC방,2021-08-06,173218.738023733,438431.323599419,유통관련업,인터넷컴퓨터게임시설제공업,,2026-05-01 22:36:45,I,03,폐업,,,,,,33.15,,3,,,,2021-08-06 10:40:02,,2013-08-09,,인천광역시 남동구 구월동 1365-8 1층좌측호,,,CDFF2241022013000021,3530000,,,일반주거지역,"인천광역시 남동구 문화서로28번길 33-2, 1층 좌측호 (구월동)",21569,03,폐업,,,,주택가주변,,,,10,4,1,
,,VIP PC,2017-06-28,172867.729918474,438517.581897264,유통관련업,인터넷컴퓨터게임시설제공업,,2026-05-01 22:36:45,I,03,폐업,,,,,,33.12,,3,,,,2017-06-28 15:42:05,,2013-09-02,,인천광역시 남동구 구월동 1382-9 1층우측호,,,CDFF2241022013000022,3530000,,,준주거지역,"인천광역시 남동구 문화서로23번길 41, 1층 우측호 (구월동)",21567,03,폐업,,,,,,,,7,4,1,
,,유성PC랜드,2014-01-08,174301.986887929,440315.261942453,유통관련업,인터넷컴퓨터게임시설제공업,,2026-05-01 22:36:45,I,03,폐업,,,,,,127.78,,6,,,,2014-01-08 16:15:57,,2013-09-17,,"인천광역시 남동구 간석동 176-1 크리스탈빌딩 104,5호",,,CDFF2241022013000023,3530000,,,,"인천광역시 남동구 남동대로922번길 36, 104,105호 (간석동, 크리스탈빌딩)",,03,폐업,,,,,,,,30,8,2,
,,샹떼PC방(호구포점),2016-08-10,174345.744164753,433375.043521099,유통관련업,인터넷컴퓨터게임시설제공업,,2026-05-01 22:36:45,I,03,폐업,,,,,,287.79,,8,,,,2016-08-11 09:45:20,,2013-09-17,,"인천광역시 남동구 논현동 636-1 제일프라자 401,2호",,,CDFF2241022013000024,3530000,,,일반상업지역,"인천광역시 남동구 논현로 42, 401,402호 (논현동, 제일프라자)",21655,03,폐업,,,,,,,,90,10,2,
,근린생활시설,로얄PC,2018-04-06,175190.776059885,438947.083458626,유통관련업,인터넷컴퓨터게임시설제공업,,2026-05-01 22:36:45,I,03,폐업,,,,,온라인게임,40.18,,2,,,,2018-04-06 16:52:33,,2013-11-27,,인천광역시 남동구 구월동 1271-11 1층,,50,CDFF2241022013000026,3530000,,전체이용가,일반주거지역,"인천광역시 남동구 구월남로 275-1, 1층 (구월동)",21534,03,폐업,,,,기타,,,,7,2,,
,근린생활시설,퍼펙트PC,2014-11-04,173313.780266695,438507.521046049,유통관련업,인터넷컴퓨터게임시설제공업,,2026-05-01 22:36:45,I,03,폐업,,,,,온라인게임,59.89,,,,,,2014-11-04 18:00:04,,2013-12-10,,인천광역시 남동구 구월동 1347-18 103호,,,CDFF2241022013000027,3530000,,전체이용가,준주거지역,"인천광역시 남동구 문화로 103, 103호 (구월동)",,03,폐업,,,,,,,,6,,,
,근린생활시설,간석 PC,2016-07-29,173842.026236596,440389.748388941,유통관련업,인터넷컴퓨터게임시설제공업,,2026-05-01 22:36:45,I,03,폐업,,,,,온라인게임,134.25,,,,,,2016-07-29 10:10:43,,2013-12-30,,인천광역시 남동구 간석동 250-3 101호,,,CDFF2241022013000028,3530000,,전체이용가,상업지역,"인천광역시 남동구 경인로 607, 101호 (간석동)",21507,03,폐업,,,,,,,,40,,,
,근린생활시설,제노PC방,2018-05-24,175582.780381232,439276.400420895,유통관련업,인터넷컴퓨터게임시설제공업,,2026-05-01 22:36:46,I,03,폐업,,,,,온라인게임,263.74,,,,,,2018-05-24 13:06:36,,2014-04-07,,인천광역시 남동구 만수동 910-4 2층,,,CDFF2241022014000004,3530000,,전체이용가,준주거지역,"인천광역시 남동구 구월로 308, 2층 (만수동)",21535,03,폐업,,,,,,,,112,,,
,근린생활시설,진PC방,2018-03-01,177756.290036904,435809.186707765,유통관련업,인터넷컴퓨터게임시설제공업,,2026-05-01 22:36:46,I,03,폐업,,,,,온라인 게임,341.42,,,,,,2019-01-24 15:59:33,,2014-04-23,,"인천광역시 남동구 서창동 633-4 705,706호",,,CDFF2241022014000005,3530000,,전체이용가,,"인천광역시 남동구 서창남순환로 222, 705,706호 (서창동)",21617,03,폐업,,,,,,,,130,,,
,근린생활시설,골드PC방,2016-03-22,175296.243496786,439723.214636142,유통관련업,인터넷컴퓨터게임시설제공업,,2026-05-01 22:36:46,I,03,폐업,,,,,온라인게임,29.7,,,,,,2016-03-23 09:46:19,,2014-05-01,,인천광역시 남동구 구월동 1253-3 1층,,,CDFF2241022014000006,3530000,,전체이용가,일반주거지역,"인천광역시 남동구 호구포로866번길 26, 1층 (구월동)",21542,03,폐업,,,,,,,,,,,
,근린생활시설,스피드PC존,2023-07-19,175130.159603566,439084.125195519,유통관련업,인터넷컴퓨터게임시설제공업,,2026-05-01 22:36:46,I,03,폐업,,,,,,234.38,,,,,,2023-07-20 10:55:45,,2014-06-03,,인천광역시 남동구 구월동 1265-1 지층,,,CDFF2241022014000008,3530000,,전체이용가,준주거지역,"인천광역시 남동구 호구포로800번길 8, 지층 (구월동)",21534,03,폐업,,,,,,,,102,,,
,근린생활시설,고스트캐슬 PC방(인천구월점),2018-02-02,173531.877886023,438053.223476239,유통관련업,인터넷컴퓨터게임시설제공업,,2026-05-01 22:36:46,I,03,폐업,,,,,온라인게임,246.46,,6,,,,2018-02-02 14:19:39,,2014-09-04,,인천광역시 남동구 구월동 1467-1 501호,,,CDFF2241022014000014,3530000,,전체이용가,일반상업지역,"인천광역시 남동구 인하로 497-15, 501호 (구월동)",21574,03,폐업,,,,,,,,71,7,1,
,근린생활시설,UB PC방,2008-02-27,174637.468784257,440479.71388901,유통관련업,인터넷컴퓨터게임시설제공업,,2026-05-01 22:36:36,I,03,폐업,,,,,,173.82,,2,,,,2008-04-16 11:58:42,,2007-10-15,405-800,인천광역시 남동구 간석동 52-2 (2층),,40,CDFF2241022007000021,3530000,,,,"인천광역시 남동구 용천로 185  (간석동,(2층))",,03,폐업,,,,,,,,40,,,
,근린생활시설,SOUL PC방,2017-06-29,174007.883504593,438447.779631562,유통관련업,인터넷컴퓨터게임시설제공업,,2026-05-01 22:36:36,I,03,폐업,,,,,,184.41,,2,,,,2017-06-29 15:01:44,,2007-10-17,,인천광역시 남동구 구월동 1155 (2층),,40,CDFF2241022007000022,3530000,,,,"인천광역시 남동구 남동대로733번길 3  (구월동,(2층))",,03,폐업,,,,,,,,53,,,
,근린생활시설,시즌아이 PC방(도림동점),2014-03-20,175852.827337648,435129.197196521,유통관련업,인터넷컴퓨터게임시설제공업,,2026-05-01 22:36:36,I,03,폐업,,,,,,154.61,,3,,,,2014-03-20 14:03:05,,2007-10-17,,인천광역시 남동구 도림동 672-4 3층호,,40,CDFF2241022007000023,3530000,,,,"인천광역시 남동구 논고개로 309, 3층 (도림동)",,03,폐업,,,,,,,,50,,,
,근린생활시설,유비쿼터스 PC방,2010-12-13,174637.468784257,440479.71388901,유통관련업,인터넷컴퓨터게임시설제공업,,2026-05-01 22:36:36,I,03,폐업,,,,,,173.82,,4,,,,2010-12-13 13:16:53,,2007-10-19,405-800,인천광역시 남동구 간석동 52-2 (4층),,40,CDFF2241022007000025,3530000,,,,"인천광역시 남동구 용천로 185  (간석동,(4층))",,03,폐업,,,,,,,,50,,,
,근린생활시설,BLUE BOX PC방,2010-08-02,176645.425432868,433785.323360969,유통관련업,인터넷컴퓨터게임시설제공업,,2026-05-01 22:36:36,I,03,폐업,,,,,,156.68,,2,,,,2010-08-02 09:37:46,,2007-10-22,405-847,인천광역시 남동구 논현동 66 (2층),,40,CDFF2241022007000026,3530000,,,,"인천광역시 남동구 청능대로718번길 17  (논현동,(2층))",,03,폐업,,,,,,,,55,,,
,근린생활시설,아이템인슈어 PC존,2010-03-19,174562.618033398,440264.383336644,유통관련업,인터넷컴퓨터게임시설제공업,,2026-05-01 22:36:36,I,03,폐업,,,,,,198.64,,3,,,,2010-03-19 14:21:13,,2007-10-30,,인천광역시 남동구 간석동 123-2 302호,,40,CDFF2241022007000027,3530000,,,,"인천광역시 남동구 백범로 333,  302호 (간석동)",,03,폐업,,,,,,,,53,,,
,근린생활시설,아이칸스,2010-12-13,174884.286309994,436635.138386263,유통관련업,인터넷컴퓨터게임시설제공업,,2026-05-01 22:36:36,I,03,폐업,,,,,,188.84,,2,,,,2010-12-13 16:39:15,,2007-10-31,405-844,인천광역시 남동구 남촌동 330-7 (2층),,40,CDFF2241022007000030,3530000,,,,"인천광역시 남동구 남촌동로15번길 12  (남촌동,(2층))",,03,폐업,,,,,,,,47,,,
,근린생활시설,레이드 PC방,2019-11-20,175125.282057908,439745.912831592,유통관련업,인터넷컴퓨터게임시설제공업,,2026-05-01 22:36:36,I,03,폐업,,,,,,196.38,,2,,,,2019-11-20 17:50:45,,2007-10-31,,"인천광역시 남동구 구월동 1248-49 ,50(2층)",,40,CDFF2241022007000031,3530000,,,,"인천광역시 남동구 호구포로 863-1 (구월동,,50(2층))",,03,폐업,,,,,,,,61,,,
,근린생활시설,NOLL PC방(구월본점),2019-06-03,172808.413537787,438779.604919128,유통관련업,인터넷컴퓨터게임시설제공업,,2026-05-01 22:36:36,I,03,폐업,,,,,,172,,3,,,,2019-06-03 18:31:30,,2007-11-02,,인천광역시 남동구 구월동 1119-2 (3층),,40,CDFF2241022007000032,3530000,,,,"인천광역시 남동구 인주대로 511 (구월동,(3층))",,03,폐업,,,,,,,,50,,,
,근린생활시설,인터세븐 PC방,2012-06-04,173750.390635558,438911.57492191,유통관련업,인터넷컴퓨터게임시설제공업,,2026-05-01 22:36:36,I,03,폐업,,,,,,135.81,,2,,,,2012-06-05 11:05:31,,2007-11-06,405-835,인천광역시 남동구 구월동 1129-17 (2층),,40,CDFF2241022007000034,3530000,,,,"인천광역시 남동구 미래로 21  (구월동,(2층))",,03,폐업,,,,,,,,45,,,
,근린생활시설,띵스 PC방,2023-02-07,174873.997963171,436677.891741257,유통관련업,인터넷컴퓨터게임시설제공업,,2026-05-01 22:36:36,I,03,폐업,,,,,,208.96,,3,,,,2023-02-07 13:11:32,,2007-11-08,,인천광역시 남동구 남촌동 329-4 (3층),,40,CDFF2241022007000035,3530000,,,,"인천광역시 남동구 남촌동로 17 (남촌동,(3층))",,03,폐업,,,,,,,,76,6,,
,근린생활시설,아트 PC,2025-03-27,177019.109074707,437857.448421272,유통관련업,인터넷컴퓨터게임시설제공업,,2026-05-01 22:36:36,I,03,폐업,,,,,,229.77,,2,,,,2025-03-27 17:43:23,,2007-11-08,,인천광역시 남동구 만수동 1037 (현대아파트상가동 204.205.206),,40,CDFF2241022007000036,3530000,,,,"인천광역시 남동구 장승남로 70-11, 204,205,206호 (만수동, 현대아파트상가동)",21597,03,폐업,,,,,,,,80,,,
,근린생활시설,스카이넷 PC방,2008-12-16,173342.003589684,438863.397057235,유통관련업,인터넷컴퓨터게임시설제공업,,2026-05-01 22:36:36,I,03,폐업,,,,,,202.5,,2,,,,2008-12-16 10:08:17,,2007-11-08,405-824,인천광역시 남동구 구월동 1111-2 (2층),,40,CDFF2241022007000037,3530000,,,,"인천광역시 남동구 문화로 139  (구월동,(2층))",,03,폐업,,,,,,,,47,,,
,근린생활시설,유니넷 PC존(구월1동점),2008-12-17,173938.390451679,438364.918995437,유통관련업,인터넷컴퓨터게임시설제공업,,2026-05-01 22:36:36,I,03,폐업,,,,,,131.3,,2,,,,2008-12-17 16:35:25,,2007-11-08,405-835,인천광역시 남동구 구월동 1157-2 (2층),,40,CDFF2241022007000038,3530000,,,,"인천광역시 남동구 남동대로725번길 13  (구월동,(2층))",,03,폐업,,,,,,,,45,,,
,근린생활시설,겔러리아 PC방,2008-12-24,173772.586204808,440296.06418668,유통관련업,인터넷컴퓨터게임시설제공업,,2026-05-01 22:36:36,I,03,폐업,,,,,,241.16,,2,,,,2008-12-24 10:06:27,,2007-11-08,405-809,인천광역시 남동구 간석동 432-1 (2층),,40,CDFF2241022007000039,3530000,,,,"인천광역시 남동구 경인로 598  (간석동,(2층))",,03,폐업,,,,,,,,68,,,
,근린생활시설,사이버넷 PC방,2011-10-12,173075.4998017,438669.182261218,유통관련업,인터넷컴퓨터게임시설제공업,,2026-05-01 22:36:36,I,03,폐업,,,,,,144.91,,1,,,,2011-10-12 09:20:53,,2007-11-09,,인천광역시 남동구 구월동 1122-1 (2층),,40,CDFF2241022007000040,3530000,,,,"인천광역시 남동구 문화로115번길 52  (구월동,(2층))",,03,폐업,,,,,,,,45,,,
,근린생활시설,인디언 PC방,2010-01-27,173730.699574586,440342.004281126,유통관련업,인터넷컴퓨터게임시설제공업,,2026-05-01 22:36:36,I,03,폐업,,,,,,130.6,,,,,,2010-01-27 14:55:24,,2007-11-12,,인천광역시 남동구 간석동 269-4 (지층1호),,40,CDFF2241022007000042,3530000,,,,"인천광역시 남동구 경인로 595  (간석동,(지층1호))",,03,폐업,,,,,,,,39,,1,
,근린생활시설,아이비스 PC방,2014-11-10,176155.94998861,439214.494967964,유통관련업,인터넷컴퓨터게임시설제공업,,2026-05-01 22:36:36,I,03,폐업,,,,,,179.4,,2,,,,2015-09-15 11:18:06,,2007-11-13,,인천광역시 남동구 만수동 948-3 (2층),,40,CDFF2241022007000044,3530000,,,,"인천광역시 남동구 구월로 366 (만수동,(2층))",,03,폐업,,,,,,,,58,,,
,근린생활시설,맥스 PC방,2011-11-08,175205.424410633,440322.99776017,유통관련업,인터넷컴퓨터게임시설제공업,,2026-05-01 22:36:36,I,03,폐업,,,,,,106.4,,2,,,,2011-11-08 18:25:48,,2007-11-13,,인천광역시 남동구 간석동 225-24 (2층),,40,CDFF2241022007000045,3530000,,,,"인천광역시 남동구 호구포로 921  (간석동,(2층))",,03,폐업,,,,,,,,46,6,,
,근린생활시설,샹떼PC방(논현1동점),2016-04-15,176483.192542691,432890.195906959,유통관련업,인터넷컴퓨터게임시설제공업,,2026-05-01 22:36:46,I,03,폐업,,,,,온라인게임,225.65,,7,,,,2016-04-18 09:48:51,,2014-09-18,,"인천광역시 남동구 논현동 754-1 301,302호",,,CDFF2241022014000015,3530000,,전체이용가,준주거지역,"인천광역시 남동구 소래역남로 12, 301,302호 (논현동)",21674,03,폐업,,,,,,,,83,9,2,
,근린생활시설,애플PC,2016-10-13,173911.524418907,438997.918881533,유통관련업,인터넷컴퓨터게임시설제공업,,2026-05-01 22:36:46,I,03,폐업,,,,,온라인게임,21.84,,14,,,,2016-10-14 11:33:36,,2014-09-26,,인천광역시 남동구 구월동 1142-20 1층,,,CDFF2241022014000016,3530000,,전체이용가,일반상업지역,"인천광역시 남동구 구월남로 148, 1층 (구월동)",21556,03,폐업,,,,,,,,6,16,2,
,근린생활시설,신한PC방,2014-11-30,174541.500347773,438656.032887852,유통관련업,인터넷컴퓨터게임시설제공업,,2026-05-01 22:36:46,I,03,폐업,,,,,온라인게임,112.72,,5,,,,2014-12-10 17:26:22,,2014-09-29,,인천광역시 남동구 구월동 1220-1 201호,,,CDFF2241022014000018,3530000,,전체이용가,일반주거지역,"인천광역시 남동구 인주대로 683, 201호 (구월동)",,03,폐업,,,,,,,,10,6,1,
,근린생활시설,하늘다리 PC,2021-03-31,174344.526420759,438594.415543151,유통관련업,인터넷컴퓨터게임시설제공업,,2026-05-01 22:36:46,I,03,폐업,,,,,온라인게임,569.98,,5,,,,2021-04-06 09:54:16,,2014-10-10,,인천광역시 남동구 구월동 279-3 401호,,,CDFF2241022014000019,3530000,,전체이용가,일반주거지역,"인천광역시 남동구 인주대로 664, 401호 (구월동)",21578,03,폐업,,,,,,,,204,6,1,
,근린생활시설,몽키 PC,2014-12-17,174301.986887929,440315.261942453,유통관련업,인터넷컴퓨터게임시설제공업,,2026-05-01 22:36:46,I,03,폐업,,,,,태블릿PC 게임,127.78,,6,,,,2014-12-17 15:36:11,,2014-11-13,,"인천광역시 남동구 간석동 176-1 104,105호",,,CDFF2241022014000020,3530000,,전체이용가,일반상업지역,"인천광역시 남동구 남동대로922번길 36, 104,105호 (간석동, 크리스탈빌딩)",,03,폐업,,,,유흥업소밀집지역,,,,40,8,2,
,근린생활시설,소래PC랜드,2014-12-10,176598.084097114,433129.540059781,유통관련업,인터넷컴퓨터게임시설제공업,,2026-05-01 22:36:46,I,03,폐업,,,,,온라인게임,60.8,,8,,,,2015-01-06 14:12:45,,2014-11-19,,인천광역시 남동구 논현동 678-2 109호,,,CDFF2241022014000021,3530000,,전체이용가,일반상업지역,"인천광역시 남동구 소래역로30번길 18, 1층 109호 (논현동)",,03,폐업,,,,,,,,40,10,2,
,근린생활시설,간석PC,2015-06-01,174008.180393915,440360.824174068,유통관련업,인터넷컴퓨터게임시설제공업,,2026-05-01 22:36:46,I,03,폐업,,,,,온라인게임,88.68,,3,,,,2015-06-02 09:29:25,,2014-11-25,,인천광역시 남동구 간석동 317-1 1층,,,CDFF2241022014000023,3530000,,전체이용가,일반상업지역,"인천광역시 남동구 경인로626번길 16, 1층 (간석동)",,03,폐업,,,,유흥업소밀집지역,,,,39,4,1,
,근린생활시설,바다PC랜드,2014-12-18,174141.543025619,440345.810210316,유통관련업,인터넷컴퓨터게임시설제공업,,2026-05-01 22:36:46,I,03,폐업,,,,,태블릿 PC,123.17,,1,,,,2014-12-18 17:39:09,,2014-11-28,,인천광역시 남동구 간석동 213-8 1층 11호,,,CDFF2241022014000024,3530000,,전체이용가,일반상업지역,"인천광역시 남동구 남동대로 924, 1층 11호 (간석동)",,03,폐업,,,,,,,,40,,,
,근린생활시설,에이스 PC,2015-09-02,176920.5,438059.185000001,유통관련업,인터넷컴퓨터게임시설제공업,,2026-05-01 22:36:46,I,03,폐업,,,,,온라인게임,104.16,,3,,,,2015-09-02 09:53:06,,2014-12-04,,인천광역시 남동구 만수동 1029-6 1층,,,CDFF2241022014000025,3530000,,전체이용가,일반주거지역,"인천광역시 남동구 장승남로69번길 19, 1층 (만수동)",21593,03,폐업,,,,주택가주변,,,,8,4,1,
,근린생활시설,짱 PC,2015-05-28,176034.168584243,439209.70766471,유통관련업,인터넷컴퓨터게임시설제공업,,2026-05-01 22:36:46,I,03,폐업,,,,,온라인게임,75.35,,3,,,,2015-05-29 14:22:24,,2014-12-22,,인천광역시 남동구 만수동 947-8 2층,,,CDFF2241022014000028,3530000,,전체이용가,일반주거지역,"인천광역시 남동구 하촌서로 67, 2층 (만수동)",,03,폐업,,,,주택가주변,,,,10,4,1,
,근린생활시설,놀토 PC방,2015-10-20,175411.593577176,433323.533492479,유통관련업,인터넷컴퓨터게임시설제공업,,2026-05-01 22:36:46,I,03,폐업,,,,,온라인게임,93.6,,12,,,,2015-10-28 09:24:09,,2014-12-29,,인천광역시 남동구 논현동 632-2 210호,,,CDFF2241022014000029,3530000,,전체이용가,일반상업지역,"인천광역시 남동구 논고개로123번길 17, 210호 (논현동)",21653,03,폐업,,,,기타,,,,7,15,3,
,근린생활시설,월드 PC,2016-10-24,173910.687537925,438164.359492963,유통관련업,인터넷컴퓨터게임시설제공업,,2026-05-01 22:36:46,I,03,폐업,,,,,온라인게임,39.6,,1,,,,2016-10-25 09:45:48,,2015-01-05,,인천광역시 남동구 구월동 1164-16 1층,,,CDFF2241022015000001,3530000,,전체이용가,일반주거지역,"인천광역시 남동구 성말로 47, 1층 (구월동)",21572,03,폐업,,,,주택가주변,,,,6,1,,
,근린생활시설,로데오 PC,2019-12-02,173535.392681349,438084.200516431,유통관련업,인터넷컴퓨터게임시설제공업,,2026-05-01 22:36:46,I,03,폐업,,,,,온라인게임,355.5,,7,,,,2019-12-03 10:13:22,,2015-01-16,,인천광역시 남동구 구월동 1466-1 601호,,,CDFF2241022015000002,3530000,,전체이용가,일반상업지역,"인천광역시 남동구 인하로 497-23, 601호 (구월동)",21574,03,폐업,,,,,,,,108,8,1,
,근린생활시설,신한PC,2015-02-11,174541.500347773,438656.032887852,유통관련업,인터넷컴퓨터게임시설제공업,,2026-05-01 22:36:46,I,03,폐업,,,,,온라인게임,112.73,,5,,,,2015-02-11 17:26:03,,2015-01-23,,인천광역시 남동구 구월동 1220-1 201호,,,CDFF2241022015000003,3530000,,전체이용가,일반주거지역,"인천광역시 남동구 인주대로 683, 201호 (구월동)",,03,폐업,,,,주택가주변,,,,40,6,1,
,판매시설,월드PC방,2015-10-30,174310.03548616,440246.445285417,유통관련업,인터넷컴퓨터게임시설제공업,,2026-05-01 22:36:46,I,03,폐업,,,,,온라인게임,188.02,,3,,,,2016-02-18 15:57:39,,2015-02-11,,인천광역시 남동구 간석동 179-2 2층,,,CDFF2241022015000004,3530000,,전체이용가,일반상업지역,"인천광역시 남동구 남동대로916번길 39, 2층 (간석동)",21544,03,폐업,,,,유흥업소밀집지역,,,,50,4,1,
,근린생활시설,클릭존PC,2018-05-04,173772.586204808,440296.06418668,유통관련업,인터넷컴퓨터게임시설제공업,,2026-05-01 22:36:46,I,03,폐업,,,,,온라인게임,241.16,,7,,,,2018-12-24 15:52:53,,2015-02-25,,인천광역시 남동구 간석동 432-1 2층,,,CDFF2241022015000005,3530000,,전체이용가,일반주거지역,"인천광역시 남동구 경인로 598, 2층 (간석동)",21550,03,폐업,,,,주택가주변,,,,68,8,1,
,판매시설,블록버스터 PC,2020-11-12,174258.050192347,433361.210147264,유통관련업,인터넷컴퓨터게임시설제공업,,2026-05-01 22:36:46,I,03,폐업,,,,,청소년이용가능 PC,374.98,,10,,,,2020-11-12 17:56:50,,2015-04-23,,인천광역시 남동구 논현동 636-5 301호,,,CDFF2241022015000006,3530000,,전체이용가,일반상업지역,"인천광역시 남동구 호구포로 214, 301호 (논현동)",21655,03,폐업,,,,아파트지역,,,,160,13,3,
,근린생활시설,엔조이 PC방,2011-09-20,174707.564175176,440299.117872892,유통관련업,인터넷컴퓨터게임시설제공업,,2026-05-01 22:36:36,I,03,폐업,,,,,,197.97,,,,,,2011-09-20 19:52:15,,2007-11-13,,인천광역시 남동구 간석동 43-4 (지하1층),,40,CDFF2241022007000046,3530000,,,,"인천광역시 남동구 용천로168번길 9  (간석동,(지하1층))",,03,폐업,,,,,,,,65,,1,
,근린생활시설,엑스피드,2014-07-21,173531.877886023,438053.223476239,유통관련업,인터넷컴퓨터게임시설제공업,,2026-05-01 22:36:36,I,03,폐업,,,,,,297.24,,5,,,,2014-07-22 10:50:59,,2007-11-13,,인천광역시 남동구 구월동 1467-1 (501호),,40,CDFF2241022007000047,3530000,,,,"인천광역시 남동구 인하로 497-15  (구월동,(501호))",,03,폐업,,,,,,,,93,,,
,근린생활시설,사이버 메카,2014-05-13,174791.01810742,436630.662017076,유통관련업,인터넷컴퓨터게임시설제공업,,2026-05-01 22:36:36,I,03,폐업,,,,,,162.01,,2,,,,2014-05-13 09:29:17,,2007-11-13,,인천광역시 남동구 남촌동 333-8 (2층),,40,CDFF2241022007000048,3530000,,,,"인천광역시 남동구 남촌동로3번길 36  (남촌동,(2층))",,03,폐업,,,,,,,,54,6,,
,근린생활시설,G-ZONE PC방,2008-11-12,175493.85168486,439337.172423255,유통관련업,인터넷컴퓨터게임시설제공업,,2026-05-01 22:36:37,I,03,폐업,,,,,,243.24,,,,,,2008-11-12 17:34:31,,2007-11-14,405-862,인천광역시 남동구 만수동 908-26 (1층),,40,CDFF2241022007000049,3530000,,,,"인천광역시 남동구 구월로 297  (만수동,(1층))",,03,폐업,,,,,,,,100,,,
,근린생활시설,샤이니 PC,2020-06-02,175635.915469895,439865.346688571,유통관련업,인터넷컴퓨터게임시설제공업,,2026-05-01 22:36:37,I,03,폐업,,,,,,299.65,,3,,,,2020-06-02 14:04:48,,2007-11-14,,인천광역시 남동구 만수동 858-10 (3층),,40,CDFF2241022007000050,3530000,,,,"인천광역시 남동구 백범로214번길 7, 3층 (만수동)",21519,03,폐업,,,,,,,,111,3,,
,근린생활시설,인터클릭 PC,2012-12-05,173245.277252946,439881.965121009,유통관련업,인터넷컴퓨터게임시설제공업,,2026-05-01 22:36:37,I,03,폐업,,,,,,133.3,,2,,,,2012-12-05 10:09:01,,2007-11-14,,인천광역시 남동구 간석동 518-30 (2층),,40,CDFF2241022007000051,3530000,,,,"인천광역시 남동구 석산로 58  (간석동,(2층))",,03,폐업,,,,,,,,40,,,
,근린생활시설,이치 PC방,2012-11-21,173169.774412159,438093.002842628,유통관련업,인터넷컴퓨터게임시설제공업,,2026-05-01 22:36:37,I,03,폐업,,,,,,123.5,,2,,,,2012-11-21 17:10:48,,2007-11-14,,인천광역시 남동구 구월동 1407-8 (2층),,40,CDFF2241022007000052,3530000,,,,"인천광역시 남동구 문화서로4번길 50  (구월동,(2층))",,03,폐업,,,,,,,,38,,,
,근린생활시설,인터캐슬 PC방,2013-01-14,174156.122440517,438747.720298408,유통관련업,인터넷컴퓨터게임시설제공업,,2026-05-01 22:36:37,I,03,폐업,,,,,,290.12,,2,,,,2013-01-14 14:07:43,,2007-11-15,,인천광역시 남동구 구월동 1196-7 201호,,40,CDFF2241022007000055,3530000,,,,"인천광역시 남동구 독점로3번길 38-8,  201호 (구월동)",,03,폐업,,,,,,,,61,,,
,근린생활시설,3POP PC방,2023-04-20,176336.726847021,439294.840253487,유통관련업,인터넷컴퓨터게임시설제공업,,2026-05-01 22:36:37,I,03,폐업,,,,,,258.22,,2,,,,2023-04-21 09:26:15,,2007-11-16,,"인천광역시 남동구 만수동 40 주공상가 나동 206,207호",,40,CDFF2241022007000057,3530000,,,,"인천광역시 남동구 백범로124번길 7, 나동 206,207호 (만수동,주공상가)",,03,폐업,,,,,,,,120,,,
,근린생활시설,노블존 PC방,2019-12-31,173116.102802189,439522.19467442,유통관련업,인터넷컴퓨터게임시설제공업,,2026-05-01 22:36:37,I,03,폐업,,,,,,241.69,,,,,,2019-12-31 14:36:54,,2007-11-19,,인천광역시 남동구 간석동 900-34 (지하1층),,40,CDFF2241022007000059,3530000,,,,"인천광역시 남동구 구월로 59 (간석동,(지하1층))",,03,폐업,,,,,,,,67,,1,
,,PS-ZONE(피에스존),2008-01-28,173551.730121674,439035.481355914,유통관련업,인터넷컴퓨터게임시설제공업,,2026-05-01 22:36:37,I,03,폐업,,,,,,138.6,,,,,,2008-02-11 18:00:07,,2007-11-22,405-835,인천광역시 남동구 구월동 1131 202호,,400,CDFF2241022007000061,3530000,,,,"인천광역시 남동구 구월남로 112  (구월동,202호)",,03,폐업,,,,,,,032-425-0070,23,,,
,근린생활시설,G-ZONE 만수본점,2010-01-18,176246.984172641,439204.59253977,유통관련업,인터넷컴퓨터게임시설제공업,,2026-05-01 22:36:37,I,03,폐업,,,,,,271.64,,,,,,2010-01-18 17:32:32,,2007-11-22,,인천광역시 남동구 만수동 956 501호,,40,CDFF2241022007000062,3530000,,,,"인천광역시 남동구 구월로 376,  501호 (만수동)",,03,폐업,,,,,,,032-469-1147,83,,,
,근린생활시설,와우PC방,2010-11-18,175521.406594145,439209.224389788,유통관련업,인터넷컴퓨터게임시설제공업,,2026-05-01 22:36:37,I,03,폐업,,,,,,194.94,,3,,,,2010-11-18 13:59:35,,2007-11-28,,인천광역시 남동구 만수동 912 2층호,,40,CDFF2241022007000064,3530000,,,,"인천광역시 남동구 복개동로 82,  2층호 (만수동)",,03,폐업,,,,,,,,59,4,1,
,사무실,비발디PC cafe,2017-03-23,177798.597454183,438741.579948815,유통관련업,인터넷컴퓨터게임시설제공업,,2026-05-01 22:36:37,I,03,폐업,,,,,,221.06,,4,,,,2017-03-23 09:59:11,,2007-11-29,,인천광역시 남동구 장수동 783-10 2층호,,40,CDFF2241022007000065,3530000,,,,"인천광역시 남동구 장자로 1,  2층호 (장수동)",,03,폐업,,,,,,,,60,4,,
,근린생활시설,마루 PC방,2013-02-08,174701.296073575,440244.643343281,유통관련업,인터넷컴퓨터게임시설제공업,,2026-05-01 22:36:37,I,03,폐업,,,,,,175.54,,2,,,,2013-02-08 11:52:47,,2007-12-04,,인천광역시 남동구 간석동 42-2 2층호,,40,CDFF2241022007000066,3530000,,,,"인천광역시 남동구 백범로 320,  2층호 (간석동)",,03,폐업,,,,,,,,60,3,1,
,근린생활시설,로션 PC방,2008-12-22,173842.026236596,440389.748388941,유통관련업,인터넷컴퓨터게임시설제공업,,2026-05-01 22:36:37,I,03,폐업,,,,,,72,,4,,,,2008-12-22 16:38:58,,2007-12-11,405-806,인천광역시 남동구 간석동 250-3 1층동 3.4호,,54,CDFF2241022007000067,3530000,,,,"인천광역시 남동구 경인로 607, 1층동 3.4호 (간석동)",,03,폐업,,,,,,,,20,5,1,
,근린생활시설,원앤존,2010-11-26,174523.385597546,438592.751857505,유통관련업,인터넷컴퓨터게임시설제공업,,2026-05-01 22:36:37,I,03,폐업,,,,,,189.6,,2,,,,2010-11-26 14:38:37,,2007-12-13,,인천광역시 남동구 구월동 285-9 2층동,,40,CDFF2241022007000068,3530000,,,,"인천광역시 남동구 인주대로 684, 2층동 (구월동)",,03,폐업,,,,,,,,49,6,,
,근린생활시설,하늘다리 PC방,2016-04-19,174372.486159867,438980.358224838,유통관련업,인터넷컴퓨터게임시설제공업,,2026-05-01 22:36:37,I,03,폐업,,,,,,216.83,,5,,,,2016-04-20 09:59:41,,2007-12-13,,인천광역시 남동구 구월동 1214 4층호,,40,CDFF2241022007000069,3530000,,,,"인천광역시 남동구 구월남로 194, 4층호 (구월동)",,03,폐업,,,,,,,,75,6,1,
,사무실,라네이즈 PC방(주안점),2016-09-06,172241.604355654,440509.473334223,유통관련업,인터넷컴퓨터게임시설제공업,,2026-05-01 22:36:37,I,03,폐업,,,,,,140.05,,2,,,,2016-09-07 09:13:44,,2007-12-18,,인천광역시 남동구 간석동 616-98 2층호,,40,CDFF2241022007000070,3530000,,,,"인천광역시 남동구 석정로 461, 2층호 (간석동)",,03,폐업,,,,,,,,53,4,,
,다세대주택,아이리스 PC방,2010-04-27,175296.243496786,439723.214636142,유통관련업,인터넷컴퓨터게임시설제공업,,2026-05-01 22:36:37,I,03,폐업,,,,,,135.07,,3,,,,2010-04-27 09:18:06,,2007-12-18,,인천광역시 남동구 구월동 1253-3 2층호,,40,CDFF2241022007000071,3530000,,,,"인천광역시 남동구 호구포로866번길 26,  2층호 (구월동)",,03,폐업,,,,,,,,,4,1,
,사무실,엔스타 PC방,2011-03-30,174285.313809357,439887.09777342,유통관련업,인터넷컴퓨터게임시설제공업,,2026-05-01 22:36:37,I,03,폐업,,,,,,283.26,,3,,,,2011-03-30 17:46:51,,2007-12-20,,인천광역시 남동구 간석동 194-3 3층호,,40,CDFF2241022007000072,3530000,,,,"인천광역시 남동구 석산로 161,  3층호 (간석동)",,03,폐업,,,,,,,,120,4,1,
,근린생활시설,더존플러스피시방,2012-12-26,174285.313809357,439887.09777342,유통관련업,인터넷컴퓨터게임시설제공업,,2026-05-01 22:36:37,I,03,폐업,,,,,,221.78,,,,,,2012-12-26 17:05:33,,2007-12-20,,인천광역시 남동구 간석동 194-3 지하1층호,,40,CDFF2241022007000073,3530000,,,,"인천광역시 남동구 석산로 161,  지하1층호 (간석동)",,03,폐업,,,,,,,032-427-8764,80,,,
,근린생활시설,샹떼 PC,2012-12-11,173519.187464408,438158.450723747,유통관련업,인터넷컴퓨터게임시설제공업,,2026-05-01 22:36:37,I,03,폐업,,,,,,258,,7,,,,2012-12-11 13:58:17,,2007-12-28,,인천광역시 남동구 구월동 1463 효명프라자 408.409호,,40,CDFF2241022007000074,3530000,,,,"인천광역시 남동구 성말로 10,  408.409호 (구월동,효명프라자)",,03,폐업,,,,,,,,103,9,2,
,근린생활시설,스카이월드21 PC방,2011-11-08,173326.061765758,440566.600214571,유통관련업,인터넷컴퓨터게임시설제공업,,2026-05-01 22:36:37,I,03,폐업,,,,,,123.29,,2,,,,2012-05-09 10:54:11,,2007-12-31,,인천광역시 남동구 간석동 580-3 2층호,,40,CDFF2241022007000075,3530000,,,,"인천광역시 남동구 석정로 574,  2층호 (간석동)",,03,폐업,,,,,,,,40,5,,
,근린생활시설,아크로폴리스 PC방,2010-10-14,173825.635686917,440316.469979316,유통관련업,인터넷컴퓨터게임시설제공업,,2026-05-01 22:36:37,I,03,폐업,,,,,,142.88,,4,,,,2010-10-14 16:18:47,,2008-01-03,,인천광역시 남동구 간석동 320-9 지하호,,40,CDFF2241022008000001,3530000,,,,"인천광역시 남동구 남동대로915번길 53,  지하호 (간석동)",,03,폐업,,,,,,,,40,5,1,
,,행복한 PC방,2013-12-23,173802.154555599,440227.392036535,유통관련업,인터넷컴퓨터게임시설제공업,,2026-05-01 22:36:37,I,03,폐업,,,,,,148.3,,3,,,,2014-12-01 13:32:37,,2008-01-24,,"인천광역시 남동구 간석동 324-11 1층,지하1호",,40,CDFF2241022008000003,3530000,,,,"인천광역시 남동구 경인로600번길 17,  1층,지하1호 (간석동)",,03,폐업,,,,,,,032-439-2323,50,4,1,
,,에이스 PC방,2009-05-08,174245.531124664,440268.055176863,유통관련업,인터넷컴퓨터게임시설제공업,,2026-05-01 22:36:37,I,03,폐업,,,,,,85.79,,9,,,,2009-05-08 13:24:26,,2008-01-25,,인천광역시 남동구 간석동 179-3 106호,,40,CDFF2241022008000004,3530000,,,,"인천광역시 남동구 남동대로916번길 23,  106호 (간석동)",,03,폐업,,,,,,,,12,13,4,
,근린생활시설,인디 PC방,2015-01-14,175972.708153515,439234.539845463,유통관련업,인터넷컴퓨터게임시설제공업,,2026-05-01 22:36:37,I,03,폐업,,,,,,198.57,,5,,,,2015-01-15 09:08:06,,2008-01-28,,인천광역시 남동구 만수동 947-5 201호,,40,CDFF2241022008000005,3530000,,,,"인천광역시 남동구 구월로 348,  201호 (만수동)",,03,폐업,,,,,,,,50,6,1,
,근린생활시설,블루PC방,2008-06-03,173738.184211157,437951.097677487,유통관련업,인터넷컴퓨터게임시설제공업,,2026-05-01 22:36:37,I,03,폐업,,,,,,94.3,,2,,,,2008-06-03 10:05:01,,2008-02-05,405-835,인천광역시 남동구 구월동 1174-12 1층일부호,,,CDFF2241022008000006,3530000,,,,"인천광역시 남동구 인하로 515,  1층일부호 (구월동)",,03,폐업,,,,,,,,,3,1,
,근린생활시설,남동PC방,2008-05-14,172937.577216559,434208.033824157,유통관련업,인터넷컴퓨터게임시설제공업,,2026-05-01 22:36:37,I,03,폐업,,,,,,79.9,,6,,,,2008-05-14 10:18:14,,2008-02-12,405-849,인천광역시 남동구 논현동 448 107호,,,CDFF2241022008000007,3530000,,,,"인천광역시 남동구 남동서로236번길 30,  107호 (논현동)",,03,폐업,,,,,,,,,8,2,
,근린생활시설,메카 PC방,2009-03-30,173842.026236596,440389.748388941,유통관련업,인터넷컴퓨터게임시설제공업,,2026-05-01 22:36:37,I,03,폐업,,,,,,130.87,,4,,,,2009-03-30 15:39:48,,2008-02-14,405-806,인천광역시 남동구 간석동 250-3 102호,,148,CDFF2241022008000008,3530000,,전체이용가,,"인천광역시 남동구 경인로 607,  102호 (간석동)",,03,폐업,,,,,,,,30,5,1,
,근린생활시설,네오 PC방,2017-01-13,177662.615169825,437414.279353608,유통관련업,인터넷컴퓨터게임시설제공업,,2026-05-01 22:36:37,I,03,폐업,,,,,,144.22,,5,,,,2017-01-13 13:03:56,,2008-02-14,,인천광역시 남동구 서창동 548-11 2층호,,40,CDFF2241022008000009,3530000,,,,"인천광역시 남동구 매소홀로 1129, 2층 (서창동)",21602,03,폐업,,,,,,,,55,6,1,
,근린생활시설,사이버파크 PC방,2013-12-31,173972.700742351,440654.114408608,유통관련업,인터넷컴퓨터게임시설제공업,,2026-05-01 22:36:37,I,03,폐업,,,,,,197.1,,15,,,,2013-12-31 18:00:35,,2008-02-18,405-804,인천광역시 남동구 간석동 216-11 208.209호,,100,CDFF2241022008000010,3530000,,전체이용가,일반상업지역,"인천광역시 남동구 백범로 404,  208.209호 (간석동)",,03,폐업,,,,,,,,70,18,3,
,근린생활시설,겜조아 PC방,2009-08-06,175277.306013131,439300.125334928,유통관련업,인터넷컴퓨터게임시설제공업,,2026-05-01 22:36:37,I,03,폐업,,,,,,119.22,,3,,,,2009-08-06 10:42:56,,2008-02-27,,인천광역시 남동구 구월동 1255 (3층),,40,CDFF2241022008000012,3530000,,,,"인천광역시 남동구 구월로 278  (구월동,(3층))",,03,폐업,,,,,,,,10,5,,
,근린생활시설,샹떼 PC방,2014-04-25,174314.196926239,438672.467342719,유통관련업,인터넷컴퓨터게임시설제공업,,2026-05-01 22:36:37,I,03,폐업,,,,,,149.94,,6,,,,2014-04-25 15:38:50,,2008-02-29,,인천광역시 남동구 구월동 1205-3 3층호,,43,CDFF2241022008000013,3530000,,,,"인천광역시 남동구 인주대로 661,  3층호 (구월동)",,03,폐업,,,,,,,,56,7,1,
,근린생활시설,BEST FRIENDS PC ROOM,2008-07-22,173237.408711597,438391.358469863,유통관련업,인터넷컴퓨터게임시설제공업,,2026-05-01 22:36:37,I,03,폐업,,,,,,113.75,,3,,,,2008-07-22 11:23:37,,2008-03-04,405-840,인천광역시 남동구 구월동 1368-5 2층호,,80,CDFF2241022008000014,3530000,,,,"인천광역시 남동구 문화로89번길 14,  2층호 (구월동)",,03,폐업,,,,,,,,24,4,1,
,근린생활시설,둥글둥글 PC방,2009-02-20,175658.556647312,439042.614621913,유통관련업,인터넷컴퓨터게임시설제공업,,2026-05-01 22:36:37,I,03,폐업,,,,,,113.25,,4,,,,2009-02-20 14:54:58,,2008-03-04,405-862,인천광역시 남동구 만수동 921-6 2층호,,40,CDFF2241022008000015,3530000,,,,"인천광역시 남동구 복개동로 62,  2층호 (만수동)",,03,폐업,,,,,,,,30,5,1,
,근린생활시설,개구리 PC방,2014-11-28,172995.048121043,438446.811659346,유통관련업,인터넷컴퓨터게임시설제공업,,2026-05-01 22:36:37,I,03,폐업,,,,,,145.5,,3,,,,2014-11-28 14:47:55,,2008-03-11,,인천광역시 남동구 구월동 1359-16 2층호,,77,CDFF2241022008000018,3530000,,,,"인천광역시 남동구 문화서로23번길 12,  2층호 (구월동)",,03,폐업,,,,,,,,40,4,1,
,근린생활시설,은비PC,2016-10-25,173133.387642895,438147.756020342,유통관련업,인터넷컴퓨터게임시설제공업,,2026-05-01 22:36:46,I,03,폐업,,,,,아케이드게임(PC게임),40,,3,,,,2016-10-25 13:57:50,,2015-05-29,,인천광역시 남동구 구월동 1402-10 오른쪽상가호,,,CDFF2241022015000008,3530000,,전체이용가,일반주거지역,"인천광역시 남동구 문화서로4번길 41-5, 1층 오른쪽상가호 (구월동)",21568,03,폐업,,,,주택가주변,,,,8,4,1,
,근린생활시설,소래PC랜드,2015-09-13,176598.084097114,433129.540059781,유통관련업,인터넷컴퓨터게임시설제공업,,2026-05-01 22:36:46,I,03,폐업,,,,,,60.8,,8,,,,2015-09-23 16:20:54,,2015-07-07,,인천광역시 남동구 논현동 678-2 109호,,,CDFF2241022015000011,3530000,,전체이용가,일반상업지역,"인천광역시 남동구 소래역로30번길 18, 109호 (논현동)",21673,03,폐업,,,,유흥업소밀집지역,,,,40,10,2,
,근린생활시설,콜 PC,2018-02-14,173131.316052139,438354.297117576,유통관련업,인터넷컴퓨터게임시설제공업,,2026-05-01 22:36:46,I,03,폐업,,,,,아케이드 게임,49.5,,2,,,,2018-02-14 11:32:55,,2015-09-04,,인천광역시 남동구 구월동 1370-12 1층일부호,,,CDFF2241022015000013,3530000,,전체이용가,일반주거지역,"인천광역시 남동구 문화서로18번길 19, 1층 1층일부호 (구월동)",21568,03,폐업,,,,주택가주변,,,,7,3,1,
,판매시설,Benz PC,2016-12-01,176559.861235792,433113.310207242,유통관련업,인터넷컴퓨터게임시설제공업,,2026-05-01 22:36:46,I,03,폐업,,,,,,47.2,,,,,,2016-12-01 16:21:17,,2015-12-03,,인천광역시 남동구 논현동 678-1 102호,,,CDFF2241022015000016,3530000,,전체이용가,일반상업지역,"인천광역시 남동구 소래역로 28, 102호 (논현동, 조은프라자)",21673,03,폐업,,,,유흥업소밀집지역,,,,8,,,
,근린생활시설,친구네 PC,2020-06-10,173041.01281009,438566.462137623,유통관련업,인터넷컴퓨터게임시설제공업,,2026-05-01 22:36:46,I,03,폐업,,,,,PC (기타게임물),33.05,,2,,,,2020-06-10 17:29:30,,2015-12-18,,인천광역시 남동구 구월동 1354-6 1층 일부호,,,CDFF2241022015000018,3530000,,전체이용가,일반주거지역,"인천광역시 남동구 문화서로 39, 1층 일부호 (구월동)",21566,03,폐업,,,,주택가주변,,,,,3,1,
,근린생활시설,대박 PC,2020-06-24,176598.084097114,433129.540059781,유통관련업,인터넷컴퓨터게임시설제공업,,2026-05-01 22:36:47,I,03,폐업,,,,,기타게임물,50.8,,,,,,2020-06-24 18:51:56,,2015-12-18,,인천광역시 남동구 논현동 678-2 103호,,,CDFF2241022015000019,3530000,,전체이용가,일반상업지역,"인천광역시 남동구 소래역로30번길 18, 103호 (논현동, 제일타워)",21673,03,폐업,,,,유흥업소밀집지역,,,,8,,,
,근린생활시설,탑스타 PC방,2021-12-29,173504.368168278,438087.614175387,유통관련업,인터넷컴퓨터게임시설제공업,,2026-05-01 22:36:51,I,03,폐업,,,,,,336.75,,9,,,,2021-12-29 10:02:35,,2015-12-23,,인천광역시 남동구 구월동 1466 601호,,,CDFF2241022015000021,3530000,,전체이용가,일반상업지역,"인천광역시 남동구 인하로489번길 22, 601호 (구월동, 동남빌딩)",21574,03,폐업,,,,유흥업소밀집지역,,,,100,12,3,
,근린생활시설,큐브 PC,2019-04-02,177669.745122055,437439.184037405,유통관련업,인터넷컴퓨터게임시설제공업,,2026-05-01 22:36:51,I,03,폐업,,,,,PC(아케이드게임),226.5,,4,,,,2019-04-02 17:34:37,,2015-12-30,,인천광역시 남동구 서창동 548-3 2층호,,,CDFF2241022015000022,3530000,,전체이용가,일반주거지역,"인천광역시 남동구 장아산로 134-13, 2층호 (서창동)",21602,03,폐업,,,,아파트지역,,,,83,4,,
,근린생활시설,시즌아이 PC방(인천논현점),2018-12-31,175601.963557102,432975.191629733,유통관련업,인터넷컴퓨터게임시설제공업,,2026-05-01 22:36:51,I,03,폐업,,,,,PC,213.28,,7,,,,2019-01-07 14:51:05,,2016-01-08,,인천광역시 남동구 논현동 744-2 302호,,,CDFF2241022016000001,3530000,,전체이용가,준주거지역,"인천광역시 남동구 앵고개로847번길 56, 302호 (논현동, 미르프라자)",21679,03,폐업,,,,아파트지역,,,,87,9,2,
,근린생활시설,아이센스 PC,2019-08-08,177719.200065376,437438.480439065,유통관련업,인터넷컴퓨터게임시설제공업,,2026-05-01 22:36:51,I,03,폐업,,,,,PC,172.2,,4,,,,2019-08-08 12:40:47,,2016-01-13,,인천광역시 남동구 서창동 548-6 3층호,,,CDFF2241022016000002,3530000,,전체이용가,일반주거지역,"인천광역시 남동구 장아산로 134-3, 3층호 (서창동)",21602,03,폐업,,,,아파트지역,,,,53,4,0,
,근린생활시설,샹떼 PC방(인천논현역점),2018-03-19,175626.74097574,432953.288400717,유통관련업,인터넷컴퓨터게임시설제공업,,2026-05-01 22:36:51,I,03,폐업,,,,,아케이드게임(PC게임),137.7,,6,,,,2018-03-20 09:20:57,,2016-02-03,,인천광역시 남동구 논현동 744-3 301호,,,CDFF2241022016000003,3530000,,전체이용가,준주거지역,"인천광역시 남동구 앵고개로847번길 50, 3층 301호 (논현동, Tov Tower)",21679,03,폐업,,,,아파트지역,,,,61,8,2,
,근린생활시설,삼성 PC,2016-07-05,176563.935242504,433165.659128108,유통관련업,인터넷컴퓨터게임시설제공업,,2026-05-01 22:36:51,I,03,폐업,,,,,아케이드게임,118.57,,8,,,,2016-07-06 09:28:37,,2016-03-10,,인천광역시 남동구 논현동 676-7 301호,,,CDFF2241022016000004,3530000,,전체이용가,일반상업지역,"인천광역시 남동구 앵고개로934번길 51, 301호 (논현동, 흥인빌딩)",21673,03,폐업,,,,유흥업소밀집지역,,,,31,10,2,
,근린생활시설,칠공주 PC,2018-12-10,172851.698811286,438532.544959282,유통관련업,인터넷컴퓨터게임시설제공업,,2026-05-01 22:36:51,I,03,폐업,,,,,아케이드 게임,48.96,,3,,,,2018-12-10 09:48:14,,2016-04-12,,인천광역시 남동구 구월동 1382-7,,,CDFF2241022016000005,3530000,,전체이용가,일반주거지역,"인천광역시 남동구 문화서로23번길 45, 1층 일부호 (구월동)",21567,03,폐업,,,,주택가주변,,,,7,4,1,
,근린생활시설,짱 PC,2021-10-27,173034.25860124,438492.146314477,유통관련업,인터넷컴퓨터게임시설제공업,,2026-05-01 22:36:51,I,03,폐업,,,,,아케이드 게임(PC),40,,3,,,,2021-10-27 15:16:18,,2016-04-28,,인천광역시 남동구 구월동 1354-18 1층일부호,,,CDFF2241022016000006,3530000,,전체이용가,일반주거지역,"인천광역시 남동구 문화서로 33, 1층일부호 (구월동)",21566,03,폐업,,,,주택가주변,,,,6,4,1,
,근린생활시설,여우 PC,2017-06-09,174812.692413394,436663.754651056,유통관련업,인터넷컴퓨터게임시설제공업,,2026-05-01 22:36:51,I,03,폐업,,,,,PC 아케이드 게임,44.64,,3,,,,2017-06-09 16:47:55,,2016-05-04,,인천광역시 남동구 남촌동 330-30 202호,,,CDFF2241022016000007,3530000,,전체이용가,일반주거지역,"인천광역시 남동구 남촌동로 23-1, 202호 (남촌동)",21625,03,폐업,,,,주택가주변,,,,6,3,0,
,근린생활시설,시즌아이 PC(소래포구역점),2021-09-09,176483.192542691,432890.195906959,유통관련업,인터넷컴퓨터게임시설제공업,,2026-05-01 22:36:51,I,03,폐업,,,,,PC(아케이드게임),225.65,,7,,,,2021-09-09 17:11:44,,2016-05-10,,"인천광역시 남동구 논현동 754-1 301,2호",,,CDFF2241022016000008,3530000,,전체이용가,준주거지역,"인천광역시 남동구 소래역남로 12, 3층 301, 302호 (논현동, 거목프라자)",21674,03,폐업,,,,아파트지역,,,,79,9,2,
,근린생활시설,유토피아 PC방,2010-05-14,173269.237643012,438114.389666521,유통관련업,인터넷컴퓨터게임시설제공업,,2026-05-01 22:36:37,I,03,폐업,,,,,,109.93,,3,,,,2010-05-14 19:10:33,,2008-03-11,,인천광역시 남동구 구월동 1406-12 2층호,,76,CDFF2241022008000019,3530000,,,,"인천광역시 남동구 문화로 63,  2층호 (구월동)",,03,폐업,,,,,,,,44,4,1,
,근린생활시설,엠비 PC방,2008-12-19,175465.574630475,439286.087579669,유통관련업,인터넷컴퓨터게임시설제공업,,2026-05-01 22:36:37,I,03,폐업,,,,,,72.69,,4,,,,2008-12-19 13:57:42,,2008-03-25,405-862,인천광역시 남동구 만수동 910 2층호,,40,CDFF2241022008000022,3530000,,,,"인천광역시 남동구 구월로 296,  2층호 (만수동)",,03,폐업,,,,,,,,12,5,1,
,근린생활시설,CVS PC방,2013-06-04,175274.72532491,440370.134814418,유통관련업,인터넷컴퓨터게임시설제공업,,2026-05-01 22:36:37,I,03,폐업,,,,,,157.44,,6,,,,2013-06-04 14:05:44,,2008-04-02,,인천광역시 남동구 간석동 225-324 202호,,54,CDFF2241022008000023,3530000,,,,"인천광역시 남동구 호구포로928번길 7,  202호 (간석동)",,03,폐업,,,,,,,,73,7,1,
,근린생활시설,노블 PC방,2013-12-16,175549.093876894,438882.191516335,유통관련업,인터넷컴퓨터게임시설제공업,,2026-05-01 22:36:38,I,03,폐업,,,,,,203.65,,5,,,,2013-12-16 16:23:25,,2008-04-03,,인천광역시 남동구 구월동 1302-41 4층호,,56,CDFF2241022008000025,3530000,,전체이용가,,"인천광역시 남동구 구월말로 31,  4층호 (구월동)",,03,폐업,,,,,,,,61,5,,
,근린생활시설,한게임 PC방,2008-04-28,173595.426994485,439088.208323986,유통관련업,인터넷컴퓨터게임시설제공업,,2026-05-01 22:36:38,I,03,폐업,,,,,,99.06,,3,,,,2008-04-28 16:07:12,,2008-04-04,405-835,인천광역시 남동구 구월동 1134-3 102호,,109,CDFF2241022008000026,3530000,,,,"인천광역시 남동구 구월남로 115,  102호 (구월동)",,03,폐업,,,,,,,,20,4,1,
,근린생활시설,테마 겔러리아 PC방,2010-03-11,175345.606566606,439349.544164885,유통관련업,인터넷컴퓨터게임시설제공업,,2026-05-01 22:36:38,I,03,폐업,,,,,,176.4,,4,,,,2010-03-11 09:48:20,,2008-04-14,,인천광역시 남동구 만수동 906-3 2층호,,1,CDFF2241022008000027,3530000,,,,"인천광역시 남동구 구월로 283,  2층호 (만수동)",,03,폐업,,,,,,,,55,5,1,
,근린생활시설,퍼니퍼니 PC방,2009-06-12,173267.584971739,438099.894645865,유통관련업,인터넷컴퓨터게임시설제공업,,2026-05-01 22:36:38,I,03,폐업,,,,,,146.06,,3,,,,2009-06-12 18:56:27,,2008-04-16,,인천광역시 남동구 구월동 1406-13 2층호,,49,CDFF2241022008000028,3530000,,전체이용가,,"인천광역시 남동구 문화로 61-1,  2층호 (구월동)",,03,폐업,,,,,,,,50,4,1,
,근린생활시설,메종드 PC방,2023-02-28,173988.467922753,438276.011243274,유통관련업,인터넷컴퓨터게임시설제공업,,2026-05-01 22:36:38,I,03,폐업,,,,,,194.98,,6,,,,2023-03-24 11:38:53,,2008-04-17,,인천광역시 남동구 구월동 1156-4 2층호,,103,CDFF2241022008000029,3530000,,,,"인천광역시 남동구 남동대로 715, 2층호 (구월동)",,03,폐업,,,,,,,,82,6,,
,근린생활시설,인천패밀리 PC존,2020-06-01,172689.067731482,440461.129965425,유통관련업,인터넷컴퓨터게임시설제공업,,2026-05-01 22:36:38,I,03,폐업,,,,,,126.02,,4,,,,2020-06-01 14:41:30,,2008-04-17,,인천광역시 남동구 간석동 617-40 2층호,,59,CDFF2241022008000030,3530000,,,,"인천광역시 남동구 석정로 507, 2층호 (간석동)",,03,폐업,,,,,,,,47,5,1,
,근린생활시설,유비쿼터스 PC방,2014-01-01,175225.081643791,438895.60293171,유통관련업,인터넷컴퓨터게임시설제공업,,2026-05-01 22:36:38,I,03,폐업,,,,,,188.26,,4,,,,2014-12-01 13:36:52,,2008-04-23,,인천광역시 남동구 구월동 1273-9 301.302호,,98,CDFF2241022008000031,3530000,,,,"인천광역시 남동구 구월남로 280  (구월동,301.302호)",,03,폐업,,,,,,,,55,5,1,
,근린생활시설,PC게임존,2009-10-07,172474.200380368,440495.74021929,유통관련업,인터넷컴퓨터게임시설제공업,,2026-05-01 22:36:38,I,03,폐업,,,,,,196.32,,5,,,,2009-10-07 11:48:29,,2008-05-06,,인천광역시 남동구 간석동 616-27 1층,,59,CDFF2241022008000032,3530000,,,,"인천광역시 남동구 석정로 485  (간석동,1층)",,03,폐업,,,,,,,,40,6,1,
,근린생활시설,아이에스 PC방,2017-01-05,174138.491062183,440305.649432691,유통관련업,인터넷컴퓨터게임시설제공업,,2026-05-01 22:36:38,I,03,폐업,,,,,,279.65,,13,,,,2017-01-05 17:15:35,,2008-05-06,,인천광역시 남동구 간석동 211-2 2층,,57,CDFF2241022008000033,3530000,,,,"인천광역시 남동구 남동대로 920 (간석동,2층)",,03,폐업,,,,,,,,65,15,2,
,근린생활시설,아지트 PC방,2010-01-20,175693.878116941,439265.004431935,유통관련업,인터넷컴퓨터게임시설제공업,,2026-05-01 22:36:38,I,03,폐업,,,,,,204.36,,6,,,,2010-01-20 16:49:36,,2008-05-08,,인천광역시 남동구 만수동 916-5 웰빙프라자 2층,,50,CDFF2241022008000036,3530000,,,,"인천광역시 남동구 구월로 320  (만수동,웰빙프라자 2층)",,03,폐업,,,,,,,,53,6,,
,근린생활시설,스타게이트 PC클럽,2011-06-13,174006.161233685,438429.719811513,유통관련업,인터넷컴퓨터게임시설제공업,,2026-05-01 22:36:38,I,03,폐업,,,,,,183.65,,4,,,,2011-06-13 14:21:09,,2008-05-13,,인천광역시 남동구 구월동 1155-1 2층,,40,CDFF2241022008000038,3530000,,,,"인천광역시 남동구 남동대로 731  (구월동,2층)",,03,폐업,,,,,,,,52,5,1,
,근린생활시설,아지트 PC방,2009-01-15,175280.652767018,438938.918257756,유통관련업,인터넷컴퓨터게임시설제공업,,2026-05-01 22:36:38,I,03,폐업,,,,,,144.7,,2,,,,2009-01-15 11:21:39,,2008-05-15,405-839,인천광역시 남동구 구월동 1270-9 지층,,53,CDFF2241022008000039,3530000,,,,"인천광역시 남동구 구월남로 285  (구월동,지층)",,03,폐업,,,,,,,,44,3,1,
,근린생활시설,카이트 PC방,2010-11-29,174590.216465829,440247.413625409,유통관련업,인터넷컴퓨터게임시설제공업,,2026-05-01 22:36:38,I,03,폐업,,,,,,205.18,,4,,,,2010-11-29 10:15:10,,2008-05-15,405-801,인천광역시 남동구 간석동 122-12,,40,CDFF2241022008000040,3530000,,,,인천광역시 남동구 백범로 329  (간석동),,03,폐업,,,,,,,,51,5,1,
,근린생활시설,이플레이 PC방,2013-01-17,172998.88119624,440195.295106322,유통관련업,인터넷컴퓨터게임시설제공업,,2026-05-01 22:36:38,I,03,폐업,,,,,,270.84,,5,,,,2013-01-17 18:12:44,,2008-05-16,,인천광역시 남동구 간석동 395-2 3층,,40,CDFF2241022008000041,3530000,,,,"인천광역시 남동구 주안로 231  (간석동,3층)",,03,폐업,,,,,,,,74,6,1,
,근린생활시설,아이러브 PC방,2016-10-17,176751.275490769,438857.419746014,유통관련업,인터넷컴퓨터게임시설제공업,,2026-05-01 22:36:38,I,03,폐업,,,,,,146.45,,2,,,,2016-10-17 17:10:59,,2008-05-16,,인천광역시 남동구 만수동 423-3 202호,,48,CDFF2241022008000042,3530000,,,,"인천광역시 남동구 백범로 67, 202호 (만수동)",,03,폐업,,,,,,,,48,12,,
,근린생활시설,롯데사우나 PC방,2010-07-21,173543.197780644,438277.423455367,유통관련업,인터넷컴퓨터게임시설제공업,,2026-05-01 22:36:38,I,03,폐업,,,,,,33,,,,,,2010-07-21 17:34:51,,2008-05-19,405-841,인천광역시 남동구 구월동 1457-1 5층,,195,CDFF2241022008000043,3530000,,전체이용가,,"인천광역시 남동구 성말로13번길 15  (구월동,5층)",,03,폐업,,,,,,,,14,,,
,근린생활시설,샹떼 PC방(인천서창점),2017-09-14,177831.601914143,435705.010412854,유통관련업,인터넷컴퓨터게임시설제공업,,2026-05-01 22:36:51,I,03,폐업,,,,,PC(기타 아케이드게임),159.9,,2,,,,2017-09-14 17:13:13,,2016-05-19,,인천광역시 남동구 서창동 708-1 202호,,,CDFF2241022016000009,3530000,,전체이용가,일반상업지역,"인천광역시 남동구 서창남로 41, 2층 202호 (서창동)",21617,03,폐업,,,,아파트지역,,,,59,3,1,
,근린생활시설,짱지 PC,2017-07-05,173042.320624333,439530.387051512,유통관련업,인터넷컴퓨터게임시설제공업,,2026-05-01 22:36:51,I,03,폐업,,,,,PC (기타 아케이드),25.74,,1,,,,2017-07-06 09:22:10,,2016-05-27,,인천광역시 남동구 간석동 900-73 1층 우측호,,,CDFF2241022016000010,3530000,,전체이용가,일반주거지역,"인천광역시 남동구 구월로51번길 4, 1층 우측일부호 (간석동)",21552,03,폐업,,,,주택가주변,,,,4,2,1,
,근린생활시설,착 PC,2020-08-10,175219.627412415,439304.726307211,유통관련업,인터넷컴퓨터게임시설제공업,,2026-05-01 22:36:51,I,03,폐업,,,,,PC(기타게임물),268.93,,5,,,,2020-08-11 09:28:39,,2016-05-30,,인천광역시 남동구 구월동 1264-75 지하1층호,,,CDFF2241022016000011,3530000,,전체이용가,준주거지역,"인천광역시 남동구 구월로 272, 지하1층호 (구월동, 파크빌딩)",21534,03,폐업,,,,주택가주변,,,,,6,1,
,근린생활시설,탑 PC,2023-10-05,175777.551945017,439394.886558857,유통관련업,인터넷컴퓨터게임시설제공업,,2026-05-01 22:36:51,I,03,폐업,,,,,,33.2,,1,,,,2023-10-05 09:56:52,,2016-06-15,,인천광역시 남동구 만수동 890-45 103호,,,CDFF2241022016000012,3530000,,전체이용가,일반주거지역,"인천광역시 남동구 만경로 11, 1층 103호 (만수동, 진양빌딩)",21543,03,폐업,,,,주택가주변,,,,6,5,4,
,근린생활시설,레드 PC방,2020-03-09,174477.222264388,438575.087684823,유통관련업,인터넷컴퓨터게임시설제공업,,2026-05-01 22:36:51,I,03,폐업,,,,,PC 아케이드 게임,187.41,,5,,,,2020-03-09 17:08:08,,2016-07-01,,인천광역시 남동구 구월동 285-10 3층호호,,,CDFF2241022016000013,3530000,,전체이용가,일반주거지역,"인천광역시 남동구 인주대로676번길 7, 3층호 (구월동, 대광빌딩)",21579,03,폐업,,,,아파트지역,,,,64,5,,
,근린생활시설,샹떼 PC방(호구포점),2018-06-04,174206.143295766,433411.388868037,유통관련업,인터넷컴퓨터게임시설제공업,,2026-05-01 22:36:51,I,03,폐업,,,,,아케이드 PC게임,249.39,,9,,,,2018-08-28 10:13:32,,2016-07-28,,인천광역시 남동구 논현동 647-3 4층호,,,CDFF2241022016000017,3530000,,전체이용가,일반상업지역,"인천광역시 남동구 호구포로 217, 4층 4층호 (논현동, HTower)",21641,03,폐업,,,,유흥업소밀집지역,,,,80,10,1,
,근린생활시설,해피로 PC(인천서창점),2022-07-13,177749.373569846,435740.833962803,유통관련업,인터넷컴퓨터게임시설제공업,,2026-05-01 22:36:51,I,03,폐업,,,,,PC(아케이드게임),155.52,,4,,,,2022-07-13 13:17:04,,2016-08-05,,인천광역시 남동구 서창동 705,,,CDFF2241022016000019,3530000,,전체이용가,일반상업지역,"인천광역시 남동구 서창남순환로216번길 17, 2층 201호 (서창동, 스카이플러스)",21617,03,폐업,,,,유흥업소밀집지역,,,,70,5,1,
,근린생활시설,아이센스 PC방(모래내점),2018-06-25,175359.123828779,439198.146364041,유통관련업,인터넷컴퓨터게임시설제공업,,2026-05-01 22:36:51,I,03,폐업,,,,,아케이드게임(PC),150.8,,4,,,,2018-06-26 11:14:06,,2016-09-02,,인천광역시 남동구 구월동 1262-10 201호,,,CDFF2241022016000021,3530000,,전체이용가,일반주거지역,"인천광역시 남동구 호구포로810번길 53, 2층 201호 (구월동, 엘림빌딩)",21534,03,폐업,,,,기타,,,,60,5,1,
,근린생활시설,5 STAR PC cafe,2023-04-04,173652.676842359,438895.109777603,유통관련업,인터넷컴퓨터게임시설제공업,,2026-05-01 22:36:51,I,03,폐업,,,,,PC(아케이드 게임),324.54,,14,,,,2023-04-04 14:13:10,,2016-09-23,,"인천광역시 남동구 구월동 1129-1 201,2호",,,CDFF2241022016000022,3530000,,전체이용가,일반상업지역,"인천광역시 남동구 인주대로591번길 38, 2층 201, 202호 (구월동, 룩소르구월3빌딩)",21558,03,폐업,,,,유흥업소밀집지역,,,,122,17,3,
,근린생활시설,크로스 PC방,2017-11-28,172937.577216559,434208.033824157,유통관련업,인터넷컴퓨터게임시설제공업,,2026-05-01 22:36:51,I,03,폐업,,,,,아케이드게임(PC),178.02,,20,,,,2017-11-28 11:23:21,,2016-10-21,,"인천광역시 남동구 논현동 448 216,7호",,,CDFF2241022016000024,3530000,,전체이용가,일반상업지역,"인천광역시 남동구 남동서로236번길 30, 2층 216, 217호 (논현동, 논현2차푸르지오시티)",21632,03,폐업,,,,기타,,,,70,27,7,
,근린생활시설,아이비스 PC방(인천논현점),2020-07-21,175609.344867606,433033.008882179,유통관련업,인터넷컴퓨터게임시설제공업,,2026-05-01 22:36:51,I,03,폐업,,,,,아케이드 게임(PC게임),189.1,,8,,,,2020-07-21 16:26:44,,2016-11-01,,"인천광역시 남동구 논현동 746-1 505,6호",,,CDFF2241022016000025,3530000,,전체이용가,일반상업지역,"인천광역시 남동구 논고개로 87, 505,506호 (논현동, 논현메디스타워)",21679,03,폐업,,,,유흥업소밀집지역,,,,74,10,2,
,근린생활시설,T.O.P PC방,2023-11-27,176751.275490769,438857.419746014,유통관련업,인터넷컴퓨터게임시설제공업,,2026-05-01 22:36:51,I,03,폐업,,,,,아케이드게임물(PC게임),224.06,,11,,,,2023-11-28 15:47:08,,2016-11-03,,"인천광역시 남동구 만수동 423-3 B01,2호",,,CDFF2241022016000026,3530000,,전체이용가,일반주거지역,"인천광역시 남동구 백범로 67, B01, B02호 (만수동, 장수아파트)",21541,03,폐업,,,,주택가주변,,,,104,12,1,
,근린생활시설,우리 PC방,2019-11-06,173006.809517828,438391.39434067,유통관련업,인터넷컴퓨터게임시설제공업,,2026-05-01 22:36:51,I,03,폐업,,,,,아케이드 게임(PC게임),100.5,,4,,,,2019-11-06 17:02:42,,2016-11-04,,인천광역시 남동구 구월동 1380-5 지1층호,,,CDFF2241022016000028,3530000,,전체이용가,준주거지역,"인천광역시 남동구 문화서로23번길 3, 지하1층(일부)호 (구월동)",21567,03,폐업,,,,유흥업소밀집지역,,,,10,5,1,
,근린생활시설,탑 PC,2017-04-24,173186.379943376,438323.134419913,유통관련업,인터넷컴퓨터게임시설제공업,,2026-05-01 22:36:51,I,03,폐업,,,,,아케이드 게임(PC),40,,3,,,,2017-04-25 10:31:36,,2016-11-04,,인천광역시 남동구 구월동 1375-1 1층일부호,,,CDFF2241022016000029,3530000,,전체이용가,준주거지역,"인천광역시 남동구 문화서로4번길 47-41, 1층(일부)호 (구월동)",21568,03,폐업,,,,유흥업소밀집지역,,,,4,4,1,
,근린생활시설,골드 PC,2019-06-04,176464.978588644,433227.021346624,유통관련업,인터넷컴퓨터게임시설제공업,,2026-05-01 22:36:51,I,03,폐업,,,,,아케이드 게임(PC),58.37,,,,,,2019-06-07 11:34:53,,2016-11-15,,인천광역시 남동구 논현동 677-4 101호,,,CDFF2241022016000031,3530000,,전체이용가,일반상업지역,"인천광역시 남동구 소래역로 42, 101호 (논현동, 소래타워)",21673,03,폐업,,,,유흥업소밀집지역,,,,7,,,
,위험물저장시설,PC N.JOY PC방,2012-11-21,174809.091814355,436679.391710569,유통관련업,인터넷컴퓨터게임시설제공업,,2026-05-01 22:36:38,I,03,폐업,,,,,,161.85,,5,,,,2012-11-21 17:59:14,,2008-05-19,405-844,인천광역시 남동구 남촌동 330-5 2층,,40,CDFF2241022008000044,3530000,,,,"인천광역시 남동구 남촌동로 23  (남촌동,2층)",,03,폐업,,,,,,,,40,6,1,
,근린생활시설,만수게임랜드 PC방,2008-08-26,175482.419322873,439406.365468569,유통관련업,인터넷컴퓨터게임시설제공업,,2026-05-01 22:36:38,I,03,폐업,,,,,,172.75,,4,,,,2008-08-26 09:57:21,,2008-05-19,405-862,인천광역시 남동구 만수동 907-1 (1층),,189,CDFF2241022008000045,3530000,,,,"인천광역시 남동구 백범로227번길 83  (만수동,(1층))",,03,폐업,,,,,,,,30,5,1,
,근린생활시설,블루 PC방,2010-12-13,174889.868942133,440345.574618571,유통관련업,인터넷컴퓨터게임시설제공업,,2026-05-01 22:36:38,I,03,폐업,,,,,,101.2,,4,,,,2010-12-13 13:33:43,,2008-05-19,405-800,인천광역시 남동구 간석동 37-129 (2층),,90,CDFF2241022008000046,3530000,,,,"인천광역시 남동구 용천로176번길 50  (간석동,(2층))",,03,폐업,,,,,,,,35,5,1,
,근린생활시설,잇츠 PC클럽,2009-01-13,177791.914950157,438672.103591173,유통관련업,인터넷컴퓨터게임시설제공업,,2026-05-01 22:36:38,I,03,폐업,,,,,,120.41,,3,,,,2009-01-13 10:17:39,,2008-05-19,405-250,인천광역시 남동구 장수동 785-5 (2층),,51,CDFF2241022008000047,3530000,,,,"인천광역시 남동구 장수로 6  (장수동,(2층))",,03,폐업,,,,,,,,43,3,,
,근린생활시설,TTL PC존,2016-12-12,173294.430063242,438335.649990057,유통관련업,인터넷컴퓨터게임시설제공업,,2026-05-01 22:36:38,I,03,폐업,,,,,,147.15,,3,,,,2016-12-12 17:47:23,,2008-05-19,,인천광역시 남동구 구월동 1371-20 (3층),,52,CDFF2241022008000048,3530000,,,,인천광역시 남동구 문화로 85 (구월동),21568,03,폐업,,,,,,,,55,4,1,
,근린생활시설,스피드 PC방,2008-12-26,175106.577298068,439082.974209786,유통관련업,인터넷컴퓨터게임시설제공업,,2026-05-01 22:36:38,I,03,폐업,,,,,,163.1,,4,,,,2008-12-26 17:26:42,,2008-05-19,405-839,인천광역시 남동구 구월동 1265 (3층),,122,CDFF2241022008000049,3530000,,,,"인천광역시 남동구 호구포로 798  (구월동,(3층))",,03,폐업,,,,,,,,49,5,1,
,근린생활시설,블랙큐 PC방,2010-07-12,172281.845926129,440514.330159355,유통관련업,인터넷컴퓨터게임시설제공업,,2026-05-01 22:36:38,I,03,폐업,,,,,,287.4,,5,,,,2010-07-12 16:07:34,,2008-05-19,405-810,인천광역시 남동구 간석동 616-75 (3층),,87,CDFF2241022008000050,3530000,,,,"인천광역시 남동구 석정로 465  (간석동,(3층))",,03,폐업,,,,,,,,60,6,1,
,근린생활시설,쿨게임스 PC방,2008-07-23,175332.25243192,439345.547779798,유통관련업,인터넷컴퓨터게임시설제공업,,2026-05-01 22:36:38,I,03,폐업,,,,,,157.32,,3,,,,2008-07-23 09:03:19,,2008-05-19,405-862,인천광역시 남동구 만수동 906-2 (2층),,40,CDFF2241022008000052,3530000,,,,"인천광역시 남동구 구월로 281  (만수동,(2층))",,03,폐업,,,,,,,,52,4,1,
,근린생활시설,오션스테이션 PC클럽,2009-11-06,173032.761635942,438477.406537522,유통관련업,인터넷컴퓨터게임시설제공업,,2026-05-01 22:36:38,I,03,폐업,,,,,,102.35,,3,,,,2009-11-06 09:26:05,,2008-05-19,,인천광역시 남동구 구월동 1354-19 (2층),,40,CDFF2241022008000053,3530000,,,,"인천광역시 남동구 문화서로 31  (구월동,(2층))",,03,폐업,,,,,,,,40,4,1,
,근린생활시설,블랙존 PC방,2011-09-01,173285.72326572,438907.600200216,유통관련업,인터넷컴퓨터게임시설제공업,,2026-05-01 22:36:38,I,03,폐업,,,,,,143.66,,6,,,,2011-09-01 10:29:09,,2008-05-19,,인천광역시 남동구 구월동 1110 (4층),,96,CDFF2241022008000054,3530000,,,,"인천광역시 남동구 문화로145번길 15  (구월동,(4층))",,03,폐업,,,,,,,,47,6,,
,근린생활시설,더블엑스 PC방,2012-02-07,175183.809967413,439307.694917601,유통관련업,인터넷컴퓨터게임시설제공업,,2026-05-01 22:36:38,I,03,폐업,,,,,,356.89,,,,,,2012-02-07 15:36:18,,2008-05-19,,인천광역시 남동구 구월동 1264-73 (2층),,40,CDFF2241022008000055,3530000,,,,"인천광역시 남동구 구월로 268  (구월동,(2층))",,03,폐업,,,,,,,,89,,,
,근린생활시설,레드 PC방,2010-11-26,173621.121566418,440141.461337957,유통관련업,인터넷컴퓨터게임시설제공업,,2026-05-01 22:36:38,I,03,폐업,,,,,,163.62,,2,,,,2010-11-26 14:07:20,,2008-05-19,,인천광역시 남동구 간석동 440-1 (2층),,58,CDFF2241022008000058,3530000,,,,"인천광역시 남동구 이화로 2  (간석동,(2층))",,03,폐업,,,,,,,,41,4,,
,근린생활시설,아이리스 PC방,2011-01-31,173361.133500446,439670.429411032,유통관련업,인터넷컴퓨터게임시설제공업,,2026-05-01 22:36:38,I,03,폐업,,,,,,185.03,,4,,,,2011-01-31 16:28:48,,2008-05-21,405-809,인천광역시 남동구 간석동 499-4 (3층),,40,CDFF2241022008000060,3530000,,,,"인천광역시 남동구 문화로217번길 18  (간석동,(3층))",,03,폐업,,,,,,,,51,5,1,
,근린생활시설,블랙존 PC방,2010-12-31,172915.563035045,440267.372869427,유통관련업,인터넷컴퓨터게임시설제공업,,2026-05-01 22:36:38,I,03,폐업,,,,,,198.74,,5,,,,2010-12-31 10:51:14,,2008-05-22,,인천광역시 남동구 간석동 394-9 (5층),,46,CDFF2241022008000064,3530000,,,,"인천광역시 남동구 석산로 9  (간석동,(5층))",,03,폐업,,,,,,,,51,6,,
,근린생활시설,네오 PC방,2008-10-31,175661.956872307,439849.903847507,유통관련업,인터넷컴퓨터게임시설제공업,,2026-05-01 22:36:38,I,03,폐업,,,,,,104.3,,4,,,,2008-10-31 15:49:07,,2008-05-22,405-860,인천광역시 남동구 만수동 857-27 (2층),,40,CDFF2241022008000065,3530000,,,,"인천광역시 남동구 백범로214번길 6-3  (만수동,(2층))",,03,폐업,,,,,,,,33,5,1,
,근린생활시설,큐 PC방,2010-12-13,173946.323388675,440801.417109007,유통관련업,인터넷컴퓨터게임시설제공업,,2026-05-01 22:36:38,I,03,폐업,,,,,,281.44,,9,,,,2010-12-13 13:28:13,,2008-05-22,405-806,인천광역시 남동구 간석동 229-1 (1층일부),,60,CDFF2241022008000066,3530000,,,,"인천광역시 남동구 동암남로26번길 39  (간석동,(1층일부))",,03,폐업,,,,,,,,72,11,2,
,근린생활시설,퍼스트 PC방,2017-07-05,175260.68691607,439009.229809596,유통관련업,인터넷컴퓨터게임시설제공업,,2026-05-01 22:36:39,I,03,폐업,,,,,,239.65,,5,,,,2017-07-06 09:14:26,,2008-05-22,,인천광역시 남동구 구월동 1268-4 (2층),,100,CDFF2241022008000068,3530000,,,,"인천광역시 남동구 구월로276번길 61 (구월동,(2층))",,03,폐업,,,,,,,,64,6,1,
,위험물저장시설,브레인파크 PC방,2008-12-11,175615.820013466,439869.249422707,유통관련업,인터넷컴퓨터게임시설제공업,,2026-05-01 22:36:39,I,03,폐업,,,,,,162.82,,3,,,,2008-12-11 15:35:42,,2008-05-22,405-860,인천광역시 남동구 만수동 858-9 (2층),,40,CDFF2241022008000069,3530000,,,,"인천광역시 남동구 서판로54번길 73  (만수동,(2층))",,03,폐업,,,,,,,,42,3,,
,근린생활시설,아이클랜 PC방,2009-08-18,172976.18124996,440195.167685134,유통관련업,인터넷컴퓨터게임시설제공업,,2026-05-01 22:36:39,I,03,폐업,,,,,,164.43,,6,,,,2009-08-18 13:34:11,,2008-05-22,,인천광역시 남동구 간석동 395-27 (2층),,83,CDFF2241022008000070,3530000,,,,"인천광역시 남동구 석산로 17  (간석동,(2층))",,03,폐업,,,,,,,,50,7,1,
,판매시설,벤틀리 PC,2018-03-06,172845.980584101,434224.322056537,유통관련업,인터넷컴퓨터게임시설제공업,,2026-05-01 22:36:51,I,03,폐업,,,,,PC(아케이드게임물),61.56,,2,,,,2018-03-07 11:51:44,,2016-12-20,,인천광역시 남동구 논현동 450 2층6호,,,CDFF2241022016000034,3530000,,전체이용가,일반상업지역,"인천광역시 남동구 남동서로 226, 2층 6호 (논현동, 공단공구상가)",21632,03,폐업,,,,기타,,,,6,3,1,
,근린생활시설,드레곤 PC,2018-01-31,173668.579371352,440267.092146757,유통관련업,인터넷컴퓨터게임시설제공업,,2026-05-01 22:36:51,I,03,폐업,,,,,PC(아케이드 게임물),36.36,,,,,,2018-01-31 11:12:47,,2016-12-22,,인천광역시 남동구 간석동 434-1 1층일부호,,,CDFF2241022016000035,3530000,,전체이용가,일반주거지역,"인천광역시 남동구 경인로 586-1, 1층(우측 일부)호 (간석동)",21550,03,폐업,,,,주택가주변,,,,6,,,
,근린생활시설,에이스 PC,2019-11-13,173023.443379982,438424.24828239,유통관련업,인터넷컴퓨터게임시설제공업,,2026-05-01 22:36:51,I,03,폐업,,,,,PC 게임(아케이드 게임물),65.02,,4,,,,2019-11-13 14:20:49,,2017-01-17,,인천광역시 남동구 구월동 1359-18 2층일부호,,,CDFF2241022017000003,3530000,,전체이용가,준주거지역,"인천광역시 남동구 문화서로23번길 4, 2층 일부호 (구월동)",21566,03,폐업,,,,유흥업소밀집지역,,,,6,5,1,
,근린생활시설,OGGO PC story,2022-12-16,172618.288770197,440477.823085128,유통관련업,인터넷컴퓨터게임시설제공업,,2026-05-01 22:36:51,I,03,폐업,,,,,PC(아케이드 게임),187.7,,3,,,,2022-12-16 09:53:23,,2017-01-26,,인천광역시 남동구 간석동 617-16,,,CDFF2241022017000004,3530000,,전체이용가,일반주거지역,"인천광역시 남동구 석정로 501, 3층 305, 306호 (간석동)",21502,03,폐업,,,,주택가주변,,,,70,4,1,
,근린생활시설,부엉이 PC,2017-08-22,177019.109074707,437857.448421272,유통관련업,인터넷컴퓨터게임시설제공업,,2026-05-01 22:36:51,I,03,폐업,,,,,아케이드 게임(PC),44.46,,2,,,,2017-08-23 11:25:46,,2017-02-22,,인천광역시 남동구 만수동 1037 202호,,,CDFF2241022017000008,3530000,,전체이용가,일반주거지역,"인천광역시 남동구 장승남로 70-11, 202호 (만수동, 현대아파트상가)",21597,03,폐업,,,,아파트지역,,,,6,3,1,
,근린생활시설,노리터 PC방,2017-07-07,172891.509692209,438543.565212362,유통관련업,인터넷컴퓨터게임시설제공업,,2026-05-01 22:36:51,I,03,폐업,,,,,PC(아케이드 게임물),50,,,,,,2017-07-10 13:39:21,,2017-03-06,,인천광역시 남동구 구월동 1358-6 1층일부호,,,CDFF2241022017000010,3530000,,전체이용가,준주거지역,"인천광역시 남동구 문화서로23번길 42, 1층일부호 (구월동)",21566,03,폐업,,,,주택가주변,,,,4,,,
,근린생활시설,고래PC,2022-08-24,174461.784512021,440267.316846275,유통관련업,인터넷컴퓨터게임시설제공업,,2026-05-01 22:36:51,I,03,폐업,,,,,PC(아케이드 게임물),33,,,,,,2022-08-25 10:18:50,,2017-03-14,,인천광역시 남동구 간석동 169-17,,,CDFF2241022017000012,3530000,,전체이용가,일반상업지역,"인천광역시 남동구 용천로153번길 43, 1층 일부호 (간석동)",21544,03,폐업,,,,유흥업소밀집지역,,,,7,,,
,근린생활시설,왓츠,2020-12-22,175493.85168486,439337.172423255,유통관련업,인터넷컴퓨터게임시설제공업,,2026-05-01 22:36:51,I,03,폐업,,,,,,275.2,,,,,,2021-03-23 11:44:30,,2017-03-17,,인천광역시 남동구 만수동 908-26 2층호,,,CDFF2241022017000013,3530000,,전체이용가,준주거지역,"인천광역시 남동구 구월로 297, 2층호 (만수동)",21542,03,폐업,,,,주택가주변,,,,100,,,
,근린생활시설,월드 PC,2019-09-04,173910.687537925,438164.359492963,유통관련업,인터넷컴퓨터게임시설제공업,,2026-05-01 22:36:51,I,03,폐업,,,,,PC (아케이드 게임),26.54,,1,,,,2019-09-05 10:58:23,,2017-03-23,,인천광역시 남동구 구월동 1164-16 1층4호,,,CDFF2241022017000014,3530000,,전체이용가,일반주거지역,"인천광역시 남동구 성말로 47, 1층 4호 (구월동, 미광카공업사)",21572,03,폐업,,,,주택가주변,,,,6,1,,
,근린생활시설,놀이터 PC,2018-12-10,173651.506889858,440315.885359352,유통관련업,인터넷컴퓨터게임시설제공업,,2026-05-01 22:36:51,I,03,폐업,,,,,PC(아케이드 게임),43,,,,,,2018-12-11 09:07:53,,2017-04-05,,인천광역시 남동구 간석동 271-9 나동 101호,,,CDFF2241022017000015,3530000,,전체이용가,일반주거지역,"인천광역시 남동구 경인로 587, 나동 101호 (간석동, 우성자동차용품)",21507,03,폐업,,,,주택가주변,,,,6,,,
,근린생활시설,프렌드 PC,2023-09-05,173911.524418907,438997.918881533,유통관련업,인터넷컴퓨터게임시설제공업,,2026-05-01 22:36:51,I,03,폐업,,,,,프렌드 PC,21.84,,,,,,2023-09-05 13:14:04,,2017-04-14,,인천광역시 남동구 구월동 1142-20 106호,,,CDFF2241022017000017,3530000,,전체이용가,일반상업지역,"인천광역시 남동구 구월남로 148, 106호 (구월동, 타워플러스)",21556,03,폐업,,,,기타,,,,5,,,
,근린생활시설,홈런 PC,2018-04-23,174243.87091126,433334.185345306,유통관련업,인터넷컴퓨터게임시설제공업,,2026-05-01 22:36:51,I,03,폐업,,,,,PC(아케이드 게임물),30.53,,,,,,2018-04-23 14:57:08,,2017-04-17,,인천광역시 남동구 논현동 636-6 110호,,,CDFF2241022017000018,3530000,,전체이용가,일반상업지역,"인천광역시 남동구 호구포로 212, 110호 (논현동, 대양프라자빌딩)",21655,03,폐업,,,,유흥업소밀집지역,,,,7,,,
,근린생활시설,용 PC,2019-08-21,174241.817702628,440228.920309464,유통관련업,인터넷컴퓨터게임시설제공업,,2026-05-01 22:36:51,I,03,폐업,,,,,PC(아케이드 게임물),29.48,,2,,,,2019-08-21 17:14:59,,2017-04-18,,인천광역시 남동구 간석동 182-4 1층일부호,,,CDFF2241022017000019,3530000,,전체이용가,일반주거지역,"인천광역시 남동구 남동대로916번길 24, 1층일부호 (간석동)",21545,03,폐업,,,,유흥업소밀집지역,,,,6,3,1,
,근린생활시설,이투 PC,2017-05-15,173177.191770043,438349.265373175,유통관련업,인터넷컴퓨터게임시설제공업,,2026-05-01 22:36:51,I,03,폐업,,,,,PC(아케이드 게임물),90.44,,3,,,,2017-05-15 18:10:21,,2017-04-18,,인천광역시 남동구 구월동 1371-1 2층호,,,CDFF2241022017000020,3530000,,전체이용가,준주거지역,"인천광역시 남동구 문화서로18번길 27, 2층호 (구월동)",21568,03,폐업,,,,유흥업소밀집지역,,,,8,4,1,
,근린생활시설,더존 플러스 PC방(장수점),2019-07-12,177798.597454183,438741.579948815,유통관련업,인터넷컴퓨터게임시설제공업,,2026-05-01 22:36:51,I,03,폐업,,,,,PC(아케이드 게임),221.06,,4,,,,2019-07-12 13:54:07,,2017-05-02,,인천광역시 남동구 장수동 783-10 2층호,,,CDFF2241022017000021,3530000,,전체이용가,일반주거지역,"인천광역시 남동구 장자로 1, 2층호 (장수동, 장수동근생및주택)",21532,03,폐업,,,,주택가주변,,,,80,4,,
,근린생활시설,노리터 PC,2020-05-11,175364.187030074,439144.414523041,유통관련업,인터넷컴퓨터게임시설제공업,,2026-05-01 22:36:51,I,03,폐업,,,,,PC(아케이드 게임물),43.4,,3,,,,2020-05-11 16:59:11,,2017-05-10,,인천광역시 남동구 구월동 1261-5 1층일부호,,,CDFF2241022017000022,3530000,,전체이용가,일반주거지역,"인천광역시 남동구 모래내로 27, 1층일부호 (구월동)",21534,03,폐업,,,,주택가주변,,,,6,4,1,
,근린생활시설,사이버리아 PC방,2010-11-15,173579.293112517,438079.258909092,유통관련업,인터넷컴퓨터게임시설제공업,,2026-05-01 22:36:39,I,03,폐업,,,,,,423.52,,10,,,,2010-11-15 09:22:56,,2008-05-22,,인천광역시 남동구 구월동 1473 (3층),,59,CDFF2241022008000071,3530000,,,,"인천광역시 남동구 인하로 497-24  (구월동,(3층))",,03,폐업,,,,,,,,110,13,3,
,근린생활시설,와우 PC방,2013-10-29,176137.803174055,439216.471544639,유통관련업,인터넷컴퓨터게임시설제공업,,2026-05-01 22:36:39,I,03,폐업,,,,,,127.32,,4,,,,2013-10-29 15:44:03,,2008-05-26,405-865,인천광역시 남동구 만수동 948-4 202호,,42,CDFF2241022008000072,3530000,,,,"인천광역시 남동구 구월로 364,  202호 (만수동)",,03,폐업,,,,,,,,43,5,1,
,근린생활시설,스카이 PC방,2009-04-23,177001.946457366,438076.602218211,유통관련업,인터넷컴퓨터게임시설제공업,,2026-05-01 22:36:39,I,03,폐업,,,,,,251.88,,4,,,,2009-04-23 18:26:27,,2008-05-27,405-869,인천광역시 남동구 만수동 1104-10 (2층),,186,CDFF2241022008000074,3530000,,,,"인천광역시 남동구 장승남로81번길 27  (만수동,(2층))",,03,폐업,,,,,,,,92,4,,
,근린생활시설,껨돌이 PC방,2022-11-29,173026.514470405,438439.600628135,유통관련업,인터넷컴퓨터게임시설제공업,,2026-05-01 22:36:39,I,03,폐업,,,,,,168,,2,,,,2022-11-29 14:07:18,,2008-05-28,,인천광역시 남동구 구월동 1359-19 (2층),,64,CDFF2241022008000075,3530000,,,,"인천광역시 남동구 문화서로 25 (구월동,(2층))",,03,폐업,,,,,,,,51,5,,
,근린생활시설,X-CAMP PC방,2011-09-07,175235.734996649,439178.501907931,유통관련업,인터넷컴퓨터게임시설제공업,,2026-05-01 22:36:39,I,03,폐업,,,,,,150.6,,2,,,,2011-09-07 09:58:03,,2008-05-30,,인천광역시 남동구 구월동 1264-39 (2층),,100,CDFF2241022008000076,3530000,,,,"인천광역시 남동구 구월로276번길 26  (구월동,(2층))",,03,폐업,,,,,,,,56,4,,
,근린생활시설,e-스테이션 PC방,2010-12-14,175598.195563566,439349.729296341,유통관련업,인터넷컴퓨터게임시설제공업,,2026-05-01 22:36:39,I,03,폐업,,,,,,196.23,,5,,,,2010-12-14 12:55:36,,2008-06-03,,인천광역시 남동구 만수동 908-20 (3층일부),,41,CDFF2241022008000077,3530000,,,,"인천광역시 남동구 구월로 307  (만수동,(3층일부))",,03,폐업,,,,,,,,57,5,,
,근린생활시설,로하스 PC방(구월점),2012-12-17,173537.278559075,438225.148497908,유통관련업,인터넷컴퓨터게임시설제공업,,2026-05-01 22:36:39,I,03,폐업,,,,,,223.96,,,,,,2012-12-17 14:41:22,,2008-06-04,,인천광역시 남동구 구월동 1457 202호,,187,CDFF2241022008000078,3530000,,,,"인천광역시 남동구 성말로 9,  202호 (구월동)",,03,폐업,,,,,,,,72,,,
,근린생활시설,아이렌 PC방,2009-01-02,175831.491328521,439016.710126961,유통관련업,인터넷컴퓨터게임시설제공업,,2026-05-01 22:36:39,I,03,폐업,,,,,,195.55,,4,,,,2009-01-02 12:49:34,,2008-06-04,405-862,인천광역시 남동구 만수동 923-8 (2층),,137,CDFF2241022008000079,3530000,,,,"인천광역시 남동구 하촌서로47번길 39  (만수동,(2층))",,03,폐업,,,,,,,,43,5,1,
,근린생활시설,베스트 PC ZONE,2012-05-02,174881.365925731,436592.41870941,유통관련업,인터넷컴퓨터게임시설제공업,,2026-05-01 22:36:39,I,03,폐업,,,,,,174.27,,2,,,,2012-05-03 09:38:44,,2008-06-05,,인천광역시 남동구 남촌동 317-21 (2층),,40,CDFF2241022008000080,3530000,,,,"인천광역시 남동구 남촌동로15번길 20  (남촌동,(2층))",,03,폐업,,,,,,,,54,3,,
,,XTM PC방,2013-08-01,174545.047857019,440372.267375678,유통관련업,인터넷컴퓨터게임시설제공업,,2026-05-01 22:36:39,I,03,폐업,,,,,,163.38,,2,,,,2013-08-01 11:20:33,,2008-06-13,,인천광역시 남동구 간석동 119-6 (2층),,40,CDFF2241022008000081,3530000,,전체이용가,,"인천광역시 남동구 경인로644번길 98  (간석동,(2층))",,03,폐업,,,,,,,,40,4,,
,근린생활시설,네퓨 PC존,2012-02-29,174527.114302088,438656.896075594,유통관련업,인터넷컴퓨터게임시설제공업,,2026-05-01 22:36:39,I,03,폐업,,,,,,180.14,,6,,,,2012-03-13 16:17:11,,2008-06-17,,인천광역시 남동구 구월동 1220 (3층),,40,CDFF2241022008000082,3530000,,,,"인천광역시 남동구 인주대로681번길 4  (구월동,(3층))",,03,폐업,,,,,,,,47,7,1,
,근린생활시설,토마토 PC방,2010-12-31,174767.780369805,436681.51323891,유통관련업,인터넷컴퓨터게임시설제공업,,2026-05-01 22:36:39,I,03,폐업,,,,,,129.3,,3,,,,2010-12-31 16:20:15,,2008-06-17,,인천광역시 남동구 남촌동 356-6 (3층),,40,CDFF2241022008000083,3530000,,,,"인천광역시 남동구 남촌동로25번길 4  (남촌동,(3층))",,03,폐업,,,,,,,,45,4,1,
,근린생활시설,스콜피온 PC방,2008-12-17,175581.219330242,439228.663106092,유통관련업,인터넷컴퓨터게임시설제공업,,2026-05-01 22:36:39,I,03,폐업,,,,,,82.17,,5,,,,2008-12-17 16:38:55,,2008-06-17,405-862,인천광역시 남동구 만수동 911-5 (2층),,,CDFF2241022008000084,3530000,,,,"인천광역시 남동구 구월말로 65  (만수동,(2층))",,03,폐업,,,,,,,,,6,1,
,근린생활시설,개미똥꼬 PC클럽,2012-04-17,173995.477484434,438577.899557951,유통관련업,인터넷컴퓨터게임시설제공업,,2026-05-01 22:36:39,I,03,폐업,,,,,,206.72,,5,,,,2012-04-17 16:53:26,,2008-06-20,,인천광역시 남동구 구월동 1150 (2층),,40,CDFF2241022008000085,3530000,,,,"인천광역시 남동구 남동대로747번길 7  (구월동,(2층))",,03,폐업,,,,,,,,53,6,1,
,근린생활시설,게임나라 PC방,2009-01-09,174301.986887929,440315.261942453,유통관련업,인터넷컴퓨터게임시설제공업,,2026-05-01 22:36:39,I,03,폐업,,,,,,127.78,,6,,,,2009-01-09 10:24:17,,2008-06-20,405-803,인천광역시 남동구 간석동 176-1 104.105호,,,CDFF2241022008000086,3530000,,,,"인천광역시 남동구 남동대로922번길 36,  104.105호 (간석동)",,03,폐업,,,,,,,,,8,2,
,근린생활시설,GG Entertainment PC방(8호점),2016-12-01,175293.42678562,433243.724544159,유통관련업,인터넷컴퓨터게임시설제공업,,2026-05-01 22:36:39,I,03,폐업,,,,,,372.92,,9,,,,2016-12-02 10:53:10,,2008-06-20,,인천광역시 남동구 논현동 631-7 동아베스트프라자 601호,,40,CDFF2241022008000087,3530000,,,,"인천광역시 남동구 청능대로 563, 601호 (논현동, 동아베스트프라자)",21653,03,폐업,,,,,,,,136,12,3,
,근린생활시설,GG Entertainment PC방(9호점),2019-02-21,175485.641042936,433289.624904312,유통관련업,인터넷컴퓨터게임시설제공업,,2026-05-01 22:36:39,I,03,폐업,,,,,,261.3,,7,,,,2019-02-22 09:27:33,,2008-06-20,,인천광역시 남동구 논현동 631-9 702호,,40,CDFF2241022008000088,3530000,,,,"인천광역시 남동구 청능대로 583, 702호 (논현동)",,03,폐업,,,,,,,,132,16,,
,근린생활시설,즐거운PC 게임랜드,2009-04-02,176093.590261066,439221.283926753,유통관련업,인터넷컴퓨터게임시설제공업,,2026-05-01 22:36:39,I,03,폐업,,,,,,182.28,,4,,,,2009-04-02 10:23:04,,2008-06-26,405-865,인천광역시 남동구 만수동 948-6 (3층),,42,CDFF2241022008000091,3530000,,,,"인천광역시 남동구 구월로 360  (만수동,(3층))",,03,폐업,,,,,,,070-8181-0798,31,5,1,
,근린생활시설,TNT ZONE PC방,2010-01-06,175627.776464826,439837.494168798,유통관련업,인터넷컴퓨터게임시설제공업,,2026-05-01 22:36:39,I,03,폐업,,,,,,138.18,,4,,,,2010-01-07 09:54:47,,2008-07-08,,인천광역시 남동구 만수동 860-4 (지층),,40,CDFF2241022008000094,3530000,,,,"인천광역시 남동구 백범로 216  (만수동,(지층))",,03,폐업,,,,,,,,54,5,1,
,근린생활시설,나래PC방,2020-07-17,175802.07019545,439351.61262417,유통관련업,인터넷컴퓨터게임시설제공업,,2026-05-01 22:36:51,I,03,폐업,,,,,PC(아케이트 게임물),27.5,,,,,,2020-07-17 15:05:56,,2017-05-15,,인천광역시 남동구 만수동 887-25,,,CDFF2241022017000024,3530000,,전체이용가,일반주거지역,"인천광역시 남동구 만경로 6, 1층 일부호 (만수동, 만수빌딩)",21543,03,폐업,,,,주택가주변,,,,6,,,
,근린생활시설,대박 PC,2018-01-31,175455.224691288,438739.04082904,유통관련업,인터넷컴퓨터게임시설제공업,,2026-05-01 22:36:52,I,03,폐업,,,,,PC(아케이드 게임물),80,,4,,,,2018-01-31 14:39:50,,2017-06-08,,인천광역시 남동구 구월동 1300-12 102호,,,CDFF2241022017000029,3530000,,전체이용가,일반주거지역,"인천광역시 남동구 호구포로764번길 79, 102호 (구월동)",21536,03,폐업,,,,주택가주변,,,,6,5,1,
,근린생활시설,대박 PC,2018-03-30,172923.355,433785.085,유통관련업,인터넷컴퓨터게임시설제공업,,2026-05-01 22:36:52,I,03,폐업,,,,,PC(아케이드 게임),45,,1,,,,2018-03-30 17:30:22,,2017-06-27,,인천광역시 남동구 고잔동 634-7 1층일부호,,,CDFF2241022017000031,3530000,,전체이용가,일반상업지역,"인천광역시 남동구 청능대로289번길 66, 1층마호중 일부호 (고잔동)",21633,03,폐업,,,,유흥업소밀집지역,,,,9,2,1,
,판매시설,땡구 PC,2018-08-01,176563.935242504,433165.659128108,유통관련업,인터넷컴퓨터게임시설제공업,,2026-05-01 22:36:53,I,03,폐업,,,,,PC(아케이드 게임물),81.15,,8,,,,2018-08-01 15:44:41,,2017-07-12,,인천광역시 남동구 논현동 676-7 205호,,,CDFF2241022017000035,3530000,,전체이용가,일반상업지역,"인천광역시 남동구 앵고개로934번길 51, 205호 (논현동, 흥인빌딩)",21673,03,폐업,,,,유흥업소밀집지역,,,,7,10,2,
,판매시설,라이또 PC(서창본점),2022-06-30,177735.16278003,435634.88963409,유통관련업,인터넷컴퓨터게임시설제공업,,2026-05-01 22:36:53,I,03,폐업,,,,,PC 아케이드게임물,566.57,,5,,,,2022-07-04 13:44:59,,2017-07-21,,인천광역시 남동구 서창동 704-2 3층호,,,CDFF2241022017000036,3530000,,전체이용가,일반상업지역,"인천광역시 남동구 서창남순환로216번길 36, 3층호 (서창동, 리치타워)",21617,03,폐업,,,,유흥업소밀집지역,,,,220,6,1,
,,바닐라 PC,2018-04-06,176508.8313051,433164.910452192,유통관련업,인터넷컴퓨터게임시설제공업,,2026-05-01 22:36:56,I,03,폐업,,,,,,41.82,,,,,,2018-04-06 17:10:22,,2017-08-02,,,,,CDFF2241022017000043,3530000,,전체이용가,,"인천광역시 남동구 소래역로 36, 1층 110호 (논현동, 라마다호텔)",21673,03,폐업,,,,,,,,5,,,
,,바닐라 PC,2018-04-06,175612.023971658,439217.966841617,유통관련업,인터넷컴퓨터게임시설제공업,,2026-05-01 22:36:56,I,03,폐업,,,,,,40,,,,,,2018-04-09 11:29:45,,2017-08-02,,인천광역시 남동구 만수동 913-7,,,CDFF2241022017000044,3530000,,전체이용가,,인천광역시 남동구 구월말로 66 (만수동),21535,03,폐업,,,,,,,,5,,,
,근린생활시설,도깨비PC,2021-07-05,175860.357305738,434967.608522392,유통관련업,인터넷컴퓨터게임시설제공업,,2026-05-01 22:36:57,I,03,폐업,,,,,아케이드 게임물,40,,,,,,2021-07-05 13:43:17,,2017-08-11,,인천광역시 남동구 도림동 633-1 101호,,,CDFF2241022017000045,3530000,,전체이용가,일반주거지역,"인천광역시 남동구 오봉로 4, 101호 (도림동)",21656,03,폐업,,,,주택가주변,,,,6,,,
,근린생활시설,골든 PC,2017-10-25,175334.745610275,438832.669640863,유통관련업,인터넷컴퓨터게임시설제공업,,2026-05-01 22:36:58,I,03,폐업,,,,,아케이드 게임물,40.2,,,,,,2017-10-26 09:46:27,,2017-08-22,,인천광역시 남동구 구월동 1275-26 103호,,,CDFF2241022017000046,3530000,,전체이용가,일반주거지역,"인천광역시 남동구 인주대로763번길 49, 103호 (구월동)",21536,03,폐업,,,,주택가주변,,,,6,,,
,근린생활시설,짱 PC,2018-06-15,172980.985389884,438611.21900988,유통관련업,인터넷컴퓨터게임시설제공업,,2026-05-01 22:36:59,I,03,폐업,,,,,아케이드 게임,51.5,,3,,,,2018-06-15 17:54:57,,2017-08-24,,인천광역시 남동구 구월동 1356-5 1층일부호,,,CDFF2241022017000049,3530000,,전체이용가,일반주거지역,"인천광역시 남동구 인주대로522번길 49-21, 1층일부호 (구월동)",21566,03,폐업,,,,주택가주변,,,,,4,1,
,근린생활시설,노리터 PC,2018-08-31,172267.742706739,441022.29515322,유통관련업,인터넷컴퓨터게임시설제공업,,2026-05-01 22:36:59,I,03,폐업,,,,,PC(아케이드 게임물),104.9,,3,,,,2018-09-03 10:45:29,,2017-09-04,,인천광역시 남동구 간석동 616-93 201호,,,CDFF2241022017000050,3530000,,전체이용가,준공업지역,"인천광역시 남동구 방축로 408, 201호 (간석동)",21500,03,폐업,,,,기타,,,,8,3,0,
,근린생활시설,대박 PC,2024-04-11,175709.283415566,438871.498184279,유통관련업,인터넷컴퓨터게임시설제공업,,2026-05-01 22:36:59,I,03,폐업,,,성인PC방,,PC(아케이드 게임물),35,,2,,,,2025-01-06 16:23:39,,2017-09-05,,인천광역시 남동구 만수동 927 104호,,,CDFF2241022017000051,3530000,,전체이용가,일반주거지역,"인천광역시 남동구 복개동로 42, 104호 (만수동)",21538,03,폐업,,,,주택가주변,,,,5,3,1,
,근린생활시설,로얄 PC,2018-01-31,173042.320624333,439530.387051512,유통관련업,인터넷컴퓨터게임시설제공업,,2026-05-01 22:36:59,I,03,폐업,,,,,PC(아케이드 게임),25.74,,1,,,,2018-01-31 14:33:35,,2017-09-12,,인천광역시 남동구 간석동 900-73 1층 우측호,,,CDFF2241022017000053,3530000,,전체이용가,일반주거지역,"인천광역시 남동구 구월로51번길 4, 1층 우측호 (간석동)",21552,03,폐업,,,,주택가주변,,,,5,2,1,
,근린생활시설,지존 PC,2018-12-17,173120.367681636,438149.8353444,유통관련업,인터넷컴퓨터게임시설제공업,,2026-05-01 22:37:01,I,03,폐업,,,,,PC(아케이드 게임물),33,,1,,,,2018-12-17 11:50:55,,2017-09-14,,인천광역시 남동구 구월동 1402-11 1층왼쪽호,,,CDFF2241022017000055,3530000,,전체이용가,일반주거지역,"인천광역시 남동구 문화서로4번길 35-4, 1층 왼쪽호 (구월동)",21568,03,폐업,,,,주택가주변,,,,5,4,3,
,근린생활시설,짱 오락실(구월동로데오점),2023-01-06,173617.752655583,438109.119619747,유통관련업,인터넷컴퓨터게임시설제공업,,2026-05-01 22:37:01,I,03,폐업,,,,,PC(아케이드 게임물),15,,10,,,,2023-01-06 16:03:54,,2017-09-18,,인천광역시 남동구 구월동 1462-2 노빌리안 1,,,CDFF2241022017000056,3530000,,전체이용가,일반상업지역,"인천광역시 남동구 인하로 497-28, 노빌리안 1 116 일부호 (구월동)",21574,03,폐업,,,,유흥업소밀집지역,,,,3,12,2,
,근린생활시설,PC 게임,2019-07-19,174143.577264282,437715.248044585,유통관련업,인터넷컴퓨터게임시설제공업,,2026-05-01 22:37:01,I,03,폐업,,,,,PC(아케이드 게임),48.2,,14,,,,2019-07-22 10:12:44,,2017-10-23,,인천광역시 남동구 구월동 1536-3 108호,,,CDFF2241022017000059,3530000,,전체이용가,일반상업지역,"인천광역시 남동구 선수촌공원로23번길 12, 1층 108호 (구월동)",21582,03,폐업,,,,유흥업소밀집지역,,,,6,16,2,
,근린생활시설,라떼 PC존,2014-09-05,173225.500033375,439725.916300712,유통관련업,인터넷컴퓨터게임시설제공업,,2026-05-01 22:36:39,I,03,폐업,,,,,,113.74,,2,,,,2014-09-05 10:01:59,,2008-07-09,,인천광역시 남동구 간석동 518-69 (2층),,40,CDFF2241022008000095,3530000,,,,"인천광역시 남동구 경인로524번길 43  (간석동,(2층))",,03,폐업,,,,,,,,40,5,,
,근린생활시설,밥풀 PC방,2008-12-16,174257.511399426,440312.989200226,유통관련업,인터넷컴퓨터게임시설제공업,,2026-05-01 22:36:39,I,03,폐업,,,,,,167.63,,5,,,,2008-12-16 10:00:36,,2008-07-11,405-803,인천광역시 남동구 간석동 175-2 (2층),,,CDFF2241022008000096,3530000,,,,"인천광역시 남동구 남동대로922번길 28  (간석동,(2층))",,03,폐업,,,,,,,,,6,1,
,근린생활시설,익사이팅 PC방,2010-12-21,174530.969038941,434994.407125314,유통관련업,인터넷컴퓨터게임시설제공업,,2026-05-01 22:36:39,I,03,폐업,,,,,,104.57,,3,,,,2010-12-21 13:13:06,,2008-07-30,,인천광역시 남동구 논현동 554-14 (1층),,40,CDFF2241022008000099,3530000,,,,"인천광역시 남동구 논곡로 56  (논현동,(1층))",,03,폐업,,,,,,,,41,3,,
,근린생활시설,샤방샤방 PC방,2009-01-09,176475.21722816,438784.366322019,유통관련업,인터넷컴퓨터게임시설제공업,,2026-05-01 22:36:39,I,03,폐업,,,,,,119.34,,4,,,,2009-01-09 16:35:16,,2008-07-30,405-865,인천광역시 남동구 만수동 966-3 (2층),,,CDFF2241022008000100,3530000,,,,"인천광역시 남동구 소래로687번길 1  (만수동,(2층))",,03,폐업,,,,,,,,,5,1,
,근린생활시설,아이러브 PC방,2011-12-01,175587.051495918,439847.526690782,유통관련업,인터넷컴퓨터게임시설제공업,,2026-05-01 22:36:39,I,03,폐업,,,,,,240.9,,5,,,,2014-07-08 17:04:06,,2008-07-31,,인천광역시 남동구 만수동 860-2 (5층),,40,CDFF2241022008000102,3530000,,,,"인천광역시 남동구 백범로 220  (만수동,(5층))",,03,폐업,,,,,,,,74,6,,
,근린생활시설,e편한 PC방,2019-10-18,176748.031693521,438819.061781707,유통관련업,인터넷컴퓨터게임시설제공업,,2026-05-01 22:36:39,I,03,폐업,,,,,,190.16,,5,,,,2019-10-18 09:14:43,,2008-07-31,,인천광역시 남동구 만수동 423-15 (3층),,40,CDFF2241022008000103,3530000,,,,"인천광역시 남동구 인주대로887번길 71 (만수동,(3층))",,03,폐업,,,,,,,,50,6,1,
,근린생활시설,추억의 벽돌깨기 PC방,2008-12-30,175655.953583793,439269.136181855,유통관련업,인터넷컴퓨터게임시설제공업,,2026-05-01 22:36:39,I,03,폐업,,,,,,151.33,,5,,,,2008-12-30 15:02:11,,2008-07-31,405-862,인천광역시 남동구 만수동 916-3 (2층),,40,CDFF2241022008000104,3530000,,,,"인천광역시 남동구 구월로 316  (만수동,(2층))",,03,폐업,,,,,,,,35,5,,
,근린생활시설,배틀존 PC방,2009-01-02,174513.67524261,438944.867264604,유통관련업,인터넷컴퓨터게임시설제공업,,2026-05-01 22:36:39,I,03,폐업,,,,,,99.03,,2,,,,2009-01-02 12:46:35,,2008-07-31,405-837,인천광역시 남동구 구월동 1214-12 (2층),,,CDFF2241022008000105,3530000,,,,"인천광역시 남동구 인주대로681번길 61  (구월동,(2층))",,03,폐업,,,,,,,,,3,1,
,근린생활시설,딩가딩가 PC방,2008-08-27,175321.121095596,439174.603072405,유통관련업,인터넷컴퓨터게임시설제공업,,2026-05-01 22:36:39,I,03,폐업,,,,,,133.08,,4,,,,2008-08-27 17:47:55,,2008-08-04,405-839,인천광역시 남동구 구월동 1261 외 1필지(1261-11) 202호,,,CDFF2241022008000106,3530000,,,,"인천광역시 남동구 호구포로810번길 44,  202호 (구월동,외 1필지(1261-11))",,03,폐업,,,,,,,,,5,1,
,근린생활시설,시즌아이 구월본점 PC방,2010-11-26,174401.042628505,438978.615575738,유통관련업,인터넷컴퓨터게임시설제공업,,2026-05-01 22:36:39,I,03,폐업,,,,,,286.35,,51,,,,2010-11-26 12:38:28,,2008-08-04,,인천광역시 남동구 구월동 1214-1 트인플라자 401.402호,,40,CDFF2241022008000107,3530000,,,,"인천광역시 남동구 구월남로 198,  401.402호 (구월동,트인플라자)",,03,폐업,,,,,,,,83,6,,
,근린생활시설,아이워크 PC방,2013-12-19,174361.175404275,438808.914595409,유통관련업,인터넷컴퓨터게임시설제공업,,2026-05-01 22:36:39,I,03,폐업,,,,,,175.76,,4,,,,2013-12-19 13:29:17,,2008-08-04,,인천광역시 남동구 구월동 1209 (2층),,,CDFF2241022008000108,3530000,,,,"인천광역시 남동구 용천로17번길 55  (구월동,(2층))",,03,폐업,,,,,,,,41,5,1,
,근린생활시설,SKY PLUS PC ZONE,2019-10-23,173265.955234733,438085.496415252,유통관련업,인터넷컴퓨터게임시설제공업,,2026-05-01 22:36:39,I,03,폐업,,,,,,142.64,,3,,,,2019-10-23 14:14:21,,2008-08-13,,인천광역시 남동구 구월동 1406-16,,40,CDFF2241022008000111,3530000,,,,인천광역시 남동구 문화로 61 (구월동),,03,폐업,,,,,,,,45,4,1,
,근린생활시설,플라워 PC방,2013-11-14,175187.726455086,439838.346987264,유통관련업,인터넷컴퓨터게임시설제공업,,2026-05-01 22:36:40,I,03,폐업,,,,,,138.96,,3,,,,2013-11-14 11:33:36,,2008-08-20,,인천광역시 남동구 구월동 1250 (3층),,40,CDFF2241022008000114,3530000,,,,"인천광역시 남동구 호구포로 874 (구월동,(3층))",,03,폐업,,,,,,,,52,4,1,
,근린생활시설,그린 PC,2013-12-31,172800.382749668,440404.289677575,유통관련업,인터넷컴퓨터게임시설제공업,,2026-05-01 22:36:40,I,03,폐업,,,,,,149.11,,2,,,,2016-06-20 16:07:55,,2008-08-26,,인천광역시 남동구 간석동 895 (2층),,106,CDFF2241022008000115,3530000,,,,"인천광역시 남동구 석정로 518  (간석동,(2층))",,03,폐업,,,,,,,,61,4,,
,근린생활시설,즐거운 PC세상,2009-04-13,173595.426994485,439088.208323986,유통관련업,인터넷컴퓨터게임시설제공업,,2026-05-01 22:36:40,I,03,폐업,,,,,,99.06,,1,,,,2009-04-13 10:48:41,,2008-09-24,405-835,인천광역시 남동구 구월동 1134-3 102호,,70,CDFF2241022008000118,3530000,,,,"인천광역시 남동구 구월남로 115,  102호 (구월동)",,03,폐업,,,,,,,,9,4,,
,근린생활시설,즐거운세상 PC방,2008-12-11,174004.235892972,440577.595372509,유통관련업,인터넷컴퓨터게임시설제공업,,2026-05-01 22:36:40,I,03,폐업,,,,,,81.06,,1,,,,2008-12-11 15:34:56,,2008-10-10,405-806,인천광역시 남동구 간석동 240-1 106호,,100,CDFF2241022008000119,3530000,,,,"인천광역시 남동구 백범로 399,  106호 (간석동)",,03,폐업,,,,,,,,10,18,,
,근린생활시설,컴스토리 PC방,2011-02-25,174140.268609578,440289.543903957,유통관련업,인터넷컴퓨터게임시설제공업,,2026-05-01 22:36:40,I,03,폐업,,,,,,405.65,,9,,,,2011-02-25 17:34:25,,2008-10-23,,인천광역시 남동구 간석동 211-3 (2층),,40,CDFF2241022008000120,3530000,,,,"인천광역시 남동구 남동대로916번길 3  (간석동,(2층))",,03,폐업,,,,,,,,82,10,1,
,근린생활시설,PC플러스,2017-10-24,174519.087578994,435035.743006411,유통관련업,인터넷컴퓨터게임시설제공업,,2026-05-01 22:36:40,I,03,폐업,,,,,,197.97,,1,,,,2017-10-24 10:24:55,,2008-10-23,,"인천광역시 남동구 논현동 553-2 (지층, 1층)",,80,CDFF2241022008000121,3530000,,,,"인천광역시 남동구 논곡로 52 (논현동,(지층, 1층))",,03,폐업,,,,,,,,64,4,1,
,근린생활시설,JJ PC방,2010-12-08,175605.508011494,439055.404569037,유통관련업,인터넷컴퓨터게임시설제공업,,2026-05-01 22:36:40,I,03,폐업,,,,,,49.47,,1,,,,2010-12-08 16:47:28,,2008-10-23,405-839,인천광역시 남동구 구월동 1305-5 102호,,100,CDFF2241022008000122,3530000,,,,"인천광역시 남동구 복개서로 65,  102호 (구월동)",,03,폐업,,,,,,,,8,4,,
,근린생활시설,아트 PC,2021-03-23,177717.967093233,435668.727770087,유통관련업,인터넷컴퓨터게임시설제공업,,2026-05-01 22:37:01,I,03,폐업,,,,,PC(아케이드 게임),43.4,,,,,,2021-03-23 17:59:34,,2017-10-24,,인천광역시 남동구 서창동 704-1 112호,,,CDFF2241022017000060,3530000,,전체이용가,일반상업지역,"인천광역시 남동구 서창남순환로216번길 30, 112호 (서창동, 대홍프라자)",21617,03,폐업,,,,유흥업소밀집지역,,,,6,,,
,근린생활시설,골드 PC,2021-02-18,175225.081643791,438895.60293171,유통관련업,인터넷컴퓨터게임시설제공업,,2026-05-01 22:37:01,I,03,폐업,,,,,PC게임,51,,4,,,,2021-02-18 15:13:19,,2017-12-07,,인천광역시 남동구 구월동 1273-9 알파프라자 101호,,,CDFF2241022017000063,3530000,,전체이용가,일반주거지역,"인천광역시 남동구 구월남로 280, 101호 (구월동)",21536,03,폐업,,,,주택가주변,,,,5,5,1,
,근린생활시설,페라리 PC,2023-03-07,175793.406745266,432847.497549598,유통관련업,인터넷컴퓨터게임시설제공업,,2026-05-01 22:37:01,I,03,폐업,,,,,PC,178.76,,8,,,,2023-04-25 13:07:49,,2017-12-20,,인천광역시 남동구 논현동 747-1 라피에스타 311호,,,CDFF2241022017000065,3530000,,전체이용가,일반상업지역,"인천광역시 남동구 논고개로 61, 라피에스타 311호 (논현동)",21679,03,폐업,,,,유흥업소밀집지역,,,,79,10,2,
,근린생활시설,놀자 PC,2020-10-07,174156.289942653,440306.694244365,유통관련업,인터넷컴퓨터게임시설제공업,,2026-05-01 22:37:01,I,03,폐업,,,,,PC게임,151.68,,4,,,,2020-10-08 09:41:52,,2017-12-27,,인천광역시 남동구 간석동 211-1 2층호,,,CDFF2241022017000066,3530000,,전체이용가,일반상업지역,"인천광역시 남동구 남동대로922번길 8, 2층호 (간석동)",21544,03,폐업,,,,유흥업소밀집지역,,,,12,5,1,
,근린생활시설,개꿀 PC,2019-04-05,176598.084097114,433129.540059781,유통관련업,인터넷컴퓨터게임시설제공업,,2026-05-01 22:37:01,I,03,폐업,,,,,PC(아케이드게임물),105.75,,8,,,,2019-04-05 16:45:35,,2018-01-15,,인천광역시 남동구 논현동 678-2 제일타워 201호,,,CDFF2241022018000001,3530000,,전체이용가,일반상업지역,"인천광역시 남동구 소래역로30번길 18, 제일타워 202호 (논현동)",21673,03,폐업,,,,유흥업소밀집지역,,,,8,10,2,
,근린생활시설,루비 PC,2021-05-20,174246.454413663,437750.470749998,유통관련업,인터넷컴퓨터게임시설제공업,,2026-05-01 22:37:01,I,03,폐업,,,,,PC,24.39,,,,,,2021-05-20 15:19:49,,2018-01-16,,인천광역시 남동구 구월동 1534-1 109호,,,CDFF2241022018000002,3530000,,전체이용가,일반상업지역,"인천광역시 남동구 선수촌공원로 27, 109호 (구월동)",21582,03,폐업,,,,유흥업소밀집지역,,,,6,,,
,근린생활시설,구월 PC,2018-07-16,173272.044631652,438278.997327705,유통관련업,인터넷컴퓨터게임시설제공업,,2026-05-01 22:37:02,I,03,폐업,,,,,PC,21.12,,,,,,2018-07-16 16:21:04,,2018-02-28,,인천광역시 남동구 구월동 1372-6 1층일부호,,,CDFF2241022018000007,3530000,,전체이용가,준주거지역,"인천광역시 남동구 문화서로4번길 61-38, 1층(우측)일부호 (구월동)",21568,03,폐업,,,,유흥업소밀집지역,,,,4,,,
,근린생활시설,바닐라 PC,2018-10-10,174184.830440783,437746.629218873,유통관련업,인터넷컴퓨터게임시설제공업,,2026-05-01 22:37:02,I,03,폐업,,,,,PC,35.25,,,,,,2018-10-10 16:09:44,,2018-03-09,,인천광역시 남동구 구월동 1540-1 솔보프라자(상업7-1-1) 101호,,,CDFF2241022018000010,3530000,,전체이용가,일반상업지역,"인천광역시 남동구 선수촌공원로23번길 10-10, 솔보프라자(상업7-1-1) 101호 (구월동)",21582,03,폐업,,,,유흥업소밀집지역,,,,7,,,
,근린생활시설,번개 PC,2019-09-09,178114.801447676,438877.988116079,유통관련업,인터넷컴퓨터게임시설제공업,,2026-05-01 22:37:02,I,03,폐업,,,,,PC,47.6,,1,,,,2019-09-10 09:52:03,,2018-03-22,,인천광역시 남동구 장수동 769-11 1층1호,,,CDFF2241022018000014,3530000,,전체이용가,일반주거지역,"인천광역시 남동구 장자북로 31, 1층 1호 (장수동)",21532,03,폐업,,,,주택가주변,,,,6,1,,
,근린생활시설,딩가 PC,2018-07-19,176470.185119871,433264.618457514,유통관련업,인터넷컴퓨터게임시설제공업,,2026-05-01 22:37:02,I,03,폐업,,,,,PC,43.35,,,,,,2018-07-20 10:45:14,,2018-03-26,,인천광역시 남동구 논현동 677-2 세훈프라자 106호,,,CDFF2241022018000015,3530000,,전체이용가,일반상업지역,"인천광역시 남동구 앵고개로934번길 24, 세훈프라자 106호 (논현동)",21673,03,폐업,,,,유흥업소밀집지역,,,,7,,,
,근린생활시설,JUN PC & cafe,2020-06-26,174007.883504593,438447.779631562,유통관련업,인터넷컴퓨터게임시설제공업,,2026-05-01 22:37:02,I,03,폐업,,,,,PC,184.81,,5,,,,2020-06-29 09:48:11,,2018-03-30,,인천광역시 남동구 구월동 1155 2층호,,,CDFF2241022018000016,3530000,,전체이용가,일반주거지역,"인천광역시 남동구 남동대로733번길 3, 2층호 (구월동)",21572,03,폐업,,,,주택가주변,,,,77,6,1,
,근린생활시설,본스 PC방,2023-01-17,174246.454413663,437750.470749998,유통관련업,인터넷컴퓨터게임시설제공업,,2026-05-01 22:37:03,I,03,폐업,,,,,PC,278.8,,5,,,,2023-01-17 16:29:39,,2018-04-24,,인천광역시 남동구 구월동 1534-1 301호,,,CDFF2241022018000019,3530000,,전체이용가,일반상업지역,"인천광역시 남동구 선수촌공원로 27, 301호 (구월동)",21582,03,폐업,,,,유흥업소밀집지역,,,,146,6,1,
,근린생활시설,놀자 PC,2020-03-16,176728.6526931,433303.323834762,유통관련업,인터넷컴퓨터게임시설제공업,,2026-05-01 22:37:03,I,03,폐업,,,,,PC,51.87,,,,,,2020-03-16 16:04:04,,2018-05-08,,인천광역시 남동구 논현동 66-24 유호엔시티1단지 104동 102호,,,CDFF2241022018000024,3530000,,전체이용가,일반상업지역,"인천광역시 남동구 포구로 35, 104동 102호 (논현동, 유호엔시티1단지)",21673,03,폐업,,,,아파트지역,,,,6,,,
,근린생활시설,보물섬 PC,2021-08-04,173071.835496807,438640.898729974,유통관련업,인터넷컴퓨터게임시설제공업,,2026-05-01 22:37:03,I,03,폐업,,,,,PC,30.13,,,,,,2021-08-04 17:40:48,,2018-05-09,,인천광역시 남동구 구월동 1345 1층 일부호,,,CDFF2241022018000025,3530000,,전체이용가,일반주거지역,"인천광역시 남동구 문화로115번길 53, 1층 일부호 (구월동)",21569,03,폐업,,,,주택가주변,,,,4,,,
,근린생활시설,미추홀 PC,2019-10-15,173310.342577827,438477.548106651,유통관련업,인터넷컴퓨터게임시설제공업,,2026-05-01 22:37:03,I,03,폐업,,,,,PC,47.28,,,,,,2019-10-15 16:59:29,,2018-05-15,,인천광역시 남동구 구월동 1367-1 1층좌측호,,,CDFF2241022018000026,3530000,,전체이용가,준주거지역,"인천광역시 남동구 문화로 101, 1층 일부(좌측)호 (구월동)",21569,03,폐업,,,,주택가주변,,,,7,,,
,근린생활시설,비죤 PC,2019-10-31,173177.191770043,438349.265373175,유통관련업,인터넷컴퓨터게임시설제공업,,2026-05-01 22:37:03,I,03,폐업,,,,,PC,90.44,,3,,,,2019-10-31 17:47:18,,2018-05-24,,인천광역시 남동구 구월동 1371-1 2층호,,,CDFF2241022018000030,3530000,,전체이용가,일반주거지역,"인천광역시 남동구 문화서로18번길 27, 2층호 (구월동)",21568,03,폐업,,,,유흥업소밀집지역,,,,6,4,1,
,근린생활시설,조아 PC방,2009-12-16,173931.115168319,440654.820668211,유통관련업,인터넷컴퓨터게임시설제공업,,2026-05-01 22:36:40,I,03,폐업,,,,,,59.85,,3,,,,2009-12-16 11:34:30,,2008-11-06,,인천광역시 남동구 간석동 233-4 (3층),,40,CDFF2241022008000123,3530000,,,,"인천광역시 남동구 백범로 406  (간석동,(3층))",,03,폐업,,,,,,,,10,5,,
,근린생활시설,소판돈 PC방,2008-12-29,172756.87175552,440467.533071508,유통관련업,인터넷컴퓨터게임시설제공업,,2026-05-01 22:36:40,I,03,폐업,,,,,,130.01,,1,,,,2008-12-29 16:54:25,,2008-11-12,405-813,인천광역시 남동구 간석동 894-4 101호,,100,CDFF2241022008000124,3530000,,,,"인천광역시 남동구 석정로 515,  101호 (간석동)",,03,폐업,,,,,,,,15,8,,
,근린생활시설,만수씨월드 PC방,2009-04-06,176069.559935421,439276.656845249,유통관련업,인터넷컴퓨터게임시설제공업,,2026-05-01 22:36:40,I,03,폐업,,,,,,217.71,,3,,,,2009-04-13 09:58:30,,2008-11-14,405-862,인천광역시 남동구 만수동 885-15 (3층전체),,40,CDFF2241022008000125,3530000,,,,"인천광역시 남동구 구월로 355  (만수동,(3층전체))",,03,폐업,,,,,,,,36,4,,
,근린생활시설,퍼니월드 PC방,2012-12-12,174476.079326857,438558.959437552,유통관련업,인터넷컴퓨터게임시설제공업,,2026-05-01 22:36:40,I,03,폐업,,,,,,178.6,,2,,,,2012-12-12 17:26:58,,2008-11-18,,인천광역시 남동구 구월동 285-11 (2층),,40,CDFF2241022008000126,3530000,,,,"인천광역시 남동구 인주대로676번길 9  (구월동,(2층))",,03,폐업,,,,,,,,60,5,,
,근린생활시설,제이제이 PC존,2009-05-11,176777.502884548,433122.949142062,유통관련업,인터넷컴퓨터게임시설제공업,,2026-05-01 22:36:40,I,03,폐업,,,,,,90.59,,2,,,,2009-05-11 16:16:45,,2008-11-20,,인천광역시 남동구 논현동 111-154 202호,,100,CDFF2241022008000128,3530000,,,,"인천광역시 남동구 소래역로18번길 43,  202호 (논현동)",,03,폐업,,,,,,,,12,2,,
,근린생활시설,멘토 PC방,2012-12-12,176947.184061913,437996.112724521,유통관련업,인터넷컴퓨터게임시설제공업,,2026-05-01 22:36:40,I,03,폐업,,,,,,242.19,,3,,,,2012-12-12 17:11:31,,2008-11-28,,인천광역시 남동구 만수동 1105 (3층),,65,CDFF2241022008000130,3530000,,,,"인천광역시 남동구 담방로48번길 24  (만수동,(3층))",,03,폐업,,,,,,,,60,5,,
,근린생활시설,수피아 PC방,2013-05-16,175205.196053048,438940.400196651,유통관련업,인터넷컴퓨터게임시설제공업,,2026-05-01 22:36:40,I,03,폐업,,,,,,284.86,,3,,,,2013-05-16 16:46:21,,2008-11-28,,인천광역시 남동구 구월동 1271-9 현대프라자 301호,,55,CDFF2241022008000131,3530000,,,,"인천광역시 남동구 구월남로 277,  301호 (구월동,현대프라자)",,03,폐업,,,,,,,,107,6,,
,근린생활시설,게임월드 PC방,2009-07-06,173861.773766191,440307.541953081,유통관련업,인터넷컴퓨터게임시설제공업,,2026-05-01 22:36:40,I,03,폐업,,,,,,247.84,,1,,,,2009-07-06 09:53:36,,2008-11-28,,인천광역시 남동구 간석동 320-1 (1층),,100,CDFF2241022008000132,3530000,,,,"인천광역시 남동구 남동대로915번길 43  (간석동,(1층))",,03,폐업,,,,,,,,40,6,,
,근린생활시설,PC나라,2009-10-06,,,유통관련업,인터넷컴퓨터게임시설제공업,,2026-05-01 22:36:40,I,03,폐업,,,,,,30.02,,1,,,,2009-10-06 16:38:59,,2008-12-01,,인천광역시 남동구 구월동 1257-1 (1층),,100,CDFF2241022008000133,3530000,,,,,,03,폐업,,,,,,,,8,4,,
,근린생활시설,소판돈 PC,2009-11-27,173537.278559075,438225.148497908,유통관련업,인터넷컴퓨터게임시설제공업,,2026-05-01 22:36:40,I,03,폐업,,,,,,36.4,,1,,,,2009-11-27 10:15:20,,2008-12-18,,인천광역시 남동구 구월동 1457 123호,,100,CDFF2241022008000135,3530000,,,,"인천광역시 남동구 성말로 9,  123호 (구월동)",,03,폐업,,,,,,,,7,8,,
,근린생활시설,비엔나 PC방,2016-11-08,174513.67524261,438944.867264604,유통관련업,인터넷컴퓨터게임시설제공업,,2026-05-01 22:36:40,I,03,폐업,,,,,,168.44,,2,,,,2016-11-09 12:43:29,,2009-01-09,,인천광역시 남동구 구월동 1214-12 (2층),,100,CDFF2241022009000002,3530000,,,,"인천광역시 남동구 인주대로681번길 61  (구월동,(2층))",,03,폐업,,,,,,,,52,3,,
,근린생활시설,신겜노리 PC방,2010-12-14,177887.05779143,438703.706592428,유통관련업,인터넷컴퓨터게임시설제공업,,2026-05-01 22:36:40,I,03,폐업,,,,,,35.47,,1,,,,2010-12-14 17:14:19,,2009-01-23,405-250,인천광역시 남동구 장수동 786-3 (1층),,100,CDFF2241022009000003,3530000,,,,"인천광역시 남동구 장자로 10-1  (장수동,(1층))",,03,폐업,,,,,,,,9,4,,
,근린생활시설,씨월드 PC방,2009-04-03,173842.026236596,440389.748388941,유통관련업,인터넷컴퓨터게임시설제공업,,2026-05-01 22:36:40,I,03,폐업,,,,,,85.7,,1,,,,2009-04-03 11:57:02,,2009-01-23,405-806,인천광역시 남동구 간석동 250-3 103.104호,,140,CDFF2241022009000004,3530000,,,,"인천광역시 남동구 경인로 607,  103.104호 (간석동)",,03,폐업,,,,,,,,32,5,,
,근린생활시설,세븐게임랜드 PC방,2009-04-17,173053.294072977,438427.632150022,유통관련업,인터넷컴퓨터게임시설제공업,,2026-05-01 22:36:40,I,03,폐업,,,,,,103.61,,2,,,,2009-04-17 16:56:23,,2009-01-29,405-840,인천광역시 남동구 구월동 1369 (2층),,40,CDFF2241022009000007,3530000,,,,"인천광역시 남동구 문화서로28번길 2  (구월동,(2층))",,03,폐업,,,,,,,,31,4,,
,근린생활시설,쩡e PC Land,2013-01-31,173938.390451679,438364.918995437,유통관련업,인터넷컴퓨터게임시설제공업,,2026-05-01 22:36:40,I,03,폐업,,,,,,131.3,,2,,,,2013-01-31 20:05:49,,2009-01-29,405-835,인천광역시 남동구 구월동 1157-2 (2층),,60,CDFF2241022009000008,3530000,,,,"인천광역시 남동구 남동대로725번길 13  (구월동,(2층))",,03,폐업,,,,,,,,44,4,,
,근린생활시설,아이비스 PC방,2010-12-09,174796.478061806,436646.684412625,유통관련업,인터넷컴퓨터게임시설제공업,,2026-05-01 22:36:40,I,03,폐업,,,,,,183.75,,2,,,,2010-12-09 17:02:53,,2009-02-06,405-844,인천광역시 남동구 남촌동 333-5 (2층),,120,CDFF2241022009000010,3530000,,,,"인천광역시 남동구 남촌동로25번길 11  (남촌동,(2층))",,03,폐업,,,,,,,,51,6,,
,근린생활시설,해피베리 PC방,2017-11-13,174251.604516879,439885.278849634,유통관련업,인터넷컴퓨터게임시설제공업,,2026-05-01 22:36:40,I,03,폐업,,,,,,299.31,,4,,,,2017-11-13 17:44:50,,2009-02-10,,인천광역시 남동구 간석동 195-1 404호,,1000,CDFF2241022009000011,3530000,,,,"인천광역시 남동구 석산로 159,  404호 (간석동)",,03,폐업,,,,,,,,107,10,,
,근린생활시설,재경게임랜드 PC방,2010-11-29,173626.269900366,438990.49504747,유통관련업,인터넷컴퓨터게임시설제공업,,2026-05-01 22:36:40,I,03,폐업,,,,,,153.34,,3,,,,2010-11-29 16:55:45,,2009-02-10,405-835,인천광역시 남동구 구월동 1131-16 302호,,1000,CDFF2241022009000012,3530000,,,,"인천광역시 남동구 인주대로591번길 55,  302호 (구월동)",,03,폐업,,,,,,,,30,10,,
,근린생활시설,만수 PC방,2009-06-29,175649.029747412,439144.251488798,유통관련업,인터넷컴퓨터게임시설제공업,,2026-05-01 22:36:40,I,03,폐업,,,,,,30.16,,1,,,,2009-06-29 16:02:18,,2009-02-25,,인천광역시 남동구 만수동 914-8 (1층),,,CDFF2241022009000014,3530000,,전체이용가,,"인천광역시 남동구 구월말로58번길 11  (만수동,(1층))",,03,폐업,,,,,,,,,3,,
,근린생활시설,스타 PC,2019-02-26,173133.387642895,438147.756020342,유통관련업,인터넷컴퓨터게임시설제공업,,2026-05-01 22:37:04,I,03,폐업,,,,,PC,39,,3,,,,2019-02-27 09:36:34,,2018-06-01,,인천광역시 남동구 구월동 1402-10 101호,,,CDFF2241022018000031,3530000,,전체이용가,일반주거지역,"인천광역시 남동구 문화서로4번길 41-5, 101호 (구월동)",21568,03,폐업,,,,주택가주변,,,,5,4,1,
,근린생활시설,대박 PC,2020-06-10,176851.649265437,433079.207708675,유통관련업,인터넷컴퓨터게임시설제공업,,2026-05-01 22:37:04,I,03,폐업,,,,,PC,42,,,,,,2020-06-10 17:11:52,,2018-06-12,,"인천광역시 남동구 논현동 111-179 호남회집 4, 7호",,,CDFF2241022018000033,3530000,,전체이용가,준주거지역,"인천광역시 남동구 포구로 5, 호남회집 2층 4, 7호 (논현동)",21672,03,폐업,,,,유흥업소밀집지역,,,,6,,,
,근린생활시설,88  PC,2020-06-19,172891.509692209,438543.565212362,유통관련업,인터넷컴퓨터게임시설제공업,,2026-05-01 22:37:04,I,03,폐업,,,,,PC,51.5,,,,,,2020-06-19 17:03:41,,2018-06-27,,인천광역시 남동구 구월동 1358-6 101호,,,CDFF2241022018000035,3530000,,전체이용가,준주거지역,"인천광역시 남동구 문화서로23번길 42, 1층 101호 (구월동)",21566,03,폐업,,,,주택가주변,,,,4,,,
,근린생활시설,피씨베네 PC방,2022-11-09,177809.345738201,435747.103271195,유통관련업,인터넷컴퓨터게임시설제공업,,2026-05-01 22:37:04,I,03,폐업,,,,,PC,208.69,,5,,,,2022-11-09 11:56:12,,2018-06-28,,"인천광역시 남동구 서창동 707-3 로데오프라자 401,2호",,,CDFF2241022018000036,3530000,,전체이용가,일반상업지역,"인천광역시 남동구 서창남로 45, 로데오프라자 401, 402호 (서창동)",21617,03,폐업,,,,유흥업소밀집지역,,,,98,6,1,
,근린생활시설,놀이터 PC,2019-04-17,173070.576836255,438626.849126765,유통관련업,인터넷컴퓨터게임시설제공업,,2026-05-01 22:37:05,I,03,폐업,,,,,PC,26.22,,,,,,2019-04-18 09:24:40,,2018-07-09,,인천광역시 남동구 구월동 1345-23 102호,,,CDFF2241022018000039,3530000,,전체이용가,일반주거지역,"인천광역시 남동구 문화서로46번길 1, 1층층 102호 (구월동)",21569,03,폐업,,,,주택가주변,,,,5,,,
,근린생활시설,바닐라 황금 PC,2018-09-18,174006.193040152,440317.779944705,유통관련업,인터넷컴퓨터게임시설제공업,,2026-05-01 22:37:05,I,03,폐업,,,,,PC,24.32,,,,,,2018-09-19 10:07:49,,2018-07-11,,인천광역시 남동구 간석동 314-2 1층일부호,,,CDFF2241022018000040,3530000,,전체이용가,일반상업지역,"인천광역시 남동구 남동대로915번길 20, 1층일부호 (간석동)",21550,03,폐업,,,,유흥업소밀집지역,,,,7,,,
,근린생활시설,메이드PC,2019-09-18,173537.278559075,438225.148497908,유통관련업,인터넷컴퓨터게임시설제공업,,2026-05-01 22:37:05,I,03,폐업,,,,,PC,45.51,,,,,,2019-09-19 09:31:57,,2018-07-25,,인천광역시 남동구 구월동 1457 이노프라자 114호,,,CDFF2241022018000042,3530000,,전체이용가,일반상업지역,"인천광역시 남동구 성말로 9, 이노프라자 114호 (구월동)",21573,03,폐업,,,,유흥업소밀집지역,,,,6,,,
,근린생활시설,탑플레이 PC,2022-07-15,175555.409084323,439337.442154897,유통관련업,인터넷컴퓨터게임시설제공업,,2026-05-01 22:37:05,I,03,폐업,,,,,PC,261.36,,8,,,,2022-07-15 16:45:44,,2018-08-23,,인천광역시 남동구 만수동 908-17 6층호,,,CDFF2241022018000044,3530000,,전체이용가,준주거지역,"인천광역시 남동구 구월로 303, 6층 (만수동)",21542,03,폐업,,,,주택가주변,,,,116,9,1,
,근린생활시설,만수야 놀자 PC,2018-12-27,175627.776464826,439837.494168798,유통관련업,인터넷컴퓨터게임시설제공업,,2026-05-01 22:37:05,I,03,폐업,,,,,PC,41.99,,,,,,2018-12-28 10:09:43,,2018-09-05,,인천광역시 남동구 만수동 860-4 가호 1층호,,,CDFF2241022018000046,3530000,,전체이용가,준주거지역,"인천광역시 남동구 백범로 216, 가호 1층일부호 (만수동)",21519,03,폐업,,,,주택가주변,,,,6,,,
,근린생활시설,골드 PC,2019-08-27,177620.192524744,437414.881115214,유통관련업,인터넷컴퓨터게임시설제공업,,2026-05-01 22:37:05,I,03,폐업,,,,,PC,27.94,,,,,,2020-01-20 16:59:03,,2018-09-13,,인천광역시 남동구 서창동 548-15 J탑스빌 102호,,,CDFF2241022018000047,3530000,,전체이용가,일반주거지역,"인천광역시 남동구 매소홀로 1125, 102호 (서창동, J탑스빌)",21602,03,폐업,,,,주택가주변,,,,5,,,
,근린생활시설,Magic VR(매직 브이알),2020-05-11,175471.95407327,433350.427897837,유통관련업,인터넷컴퓨터게임시설제공업,,2026-05-01 22:37:05,I,03,폐업,,,,,"VR게임 사운드복싱(3), 일레븐테이블테니스(2), 후르츠닌자(3)",160.65,,12,,,,2020-05-11 17:07:24,,2018-11-26,,인천광역시 남동구 논현동 631-11 에스닷몰,,,CDFF2241022018000050,3530000,,전체이용가,일반상업지역,"인천광역시 남동구 논고개로 121, 에스닷몰 10층 1002호 (논현동)",21653,03,폐업,,,,유흥업소밀집지역,,,,8,,3,
,근린생활시설,골드 PC,2020-03-27,174285.313809357,439887.09777342,유통관련업,인터넷컴퓨터게임시설제공업,,2026-05-01 22:37:05,I,03,폐업,,,,,기타 게임물(PC),27.15,,,,,,2020-03-27 10:18:23,,2019-01-15,,인천광역시 남동구 간석동 194-3,,,CDFF2241022019000001,3530000,,청소년이용불가,준주거지역,"인천광역시 남동구 석산로 161, 1층 111호 (간석동)",21545,03,폐업,,,,주택가주변,,,,6,,,
,근린생활시설,PC CC 클럽,2019-07-31,174008.180393915,440360.824174068,유통관련업,인터넷컴퓨터게임시설제공업,,2026-05-01 22:37:05,I,03,폐업,,,,,기타게임물(PC),165.28,,,,,,2019-07-31 15:31:34,,2019-02-26,,인천광역시 남동구 간석동 317-1 한일빌딩,,,CDFF2241022019000005,3530000,,전체이용가,상업지역,"인천광역시 남동구 경인로626번길 16, 한일빌딩 1층 일부호 (간석동)",21550,03,폐업,,,,유흥업소밀집지역,,,,30,,,
,근린생활시설,바다PC방,2020-01-10,176627.516133179,433141.529331121,유통관련업,인터넷컴퓨터게임시설제공업,,2026-05-01 22:37:05,I,03,폐업,,,,,기타게임물(PC),150,,,,,,2020-01-10 16:21:19,,2019-02-27,,인천광역시 남동구 논현동 678-3 소래광장프라자,,,CDFF2241022019000006,3530000,,청소년이용불가,일반상업지역,"인천광역시 남동구 소래역로30번길 22, 소래광장프라자 301호 (논현동)",21673,03,폐업,,,,유흥업소밀집지역,,,,50,,,
,근린생활시설,공단 PC방,2019-04-27,172923.355,433785.085,유통관련업,인터넷컴퓨터게임시설제공업,,2026-05-01 22:37:05,I,03,폐업,,,,,기타게임물(PC),49.77,,,,,,2019-04-29 17:20:39,,2019-03-12,,인천광역시 남동구 고잔동 634-7,,,CDFF2241022019000007,3530000,,청소년이용불가,일반상업지역,"인천광역시 남동구 청능대로289번길 66, 1층 일부호 (고잔동)",21633,03,폐업,,,,기타,,,,7,,,
,근린생활시설,제우스 PC존,2019-08-21,173836.516783549,438135.760107389,유통관련업,인터넷컴퓨터게임시설제공업,,2026-05-01 22:37:05,I,03,폐업,,,,,기타게임물(PC),40,,,,,,2019-08-21 17:37:04,,2019-03-27,,인천광역시 남동구 구월동 1172-6,,,CDFF2241022019000008,3530000,,청소년이용불가,일반주거지역,"인천광역시 남동구 성말로 42, 1층 7호 (구월동)",21575,03,폐업,,,,주택가주변,,,,7,,,
,근린생활시설,보보스 PC존,2011-05-19,175411.593577176,433323.533492479,유통관련업,인터넷컴퓨터게임시설제공업,,2026-05-01 22:36:40,I,03,폐업,,,,,,200.14,,3,,,,2011-05-19 18:02:31,,2009-03-06,405-300,인천광역시 남동구 논현동 632-2 304호,,60,CDFF2241022009000016,3530000,,전체이용가,,"인천광역시 남동구 논고개로123번길 17,  304호 (논현동)",,03,폐업,,,,,,,,58,15,,
,근린생활시설,소중한시간 PC방,2009-08-18,173807.983485416,438145.502999708,유통관련업,인터넷컴퓨터게임시설제공업,,2026-05-01 22:36:40,I,03,폐업,,,,,,32.68,,1,,,,2009-08-18 13:35:37,,2009-03-24,,인천광역시 남동구 구월동 1172-5 102호,,40,CDFF2241022009000019,3530000,,전체이용가,,"인천광역시 남동구 성말로 38  (구월동,102호)",,03,폐업,,,,,,,,4,4,,
,근린생활시설,모래내PC 게임랜드,2009-05-26,175254.066847695,438903.395597498,유통관련업,인터넷컴퓨터게임시설제공업,,2026-05-01 22:36:41,I,03,폐업,,,,,,130.5,,2,,,,2009-05-26 11:15:04,,2009-03-25,,인천광역시 남동구 구월동 1274 (2층),,,CDFF2241022009000020,3530000,,전체이용가,,"인천광역시 남동구 구월남로 284  (구월동,(2층))",,03,폐업,,,,,,,,,4,,
,근린생활시설,쉼터 PC방,2009-05-15,172937.577216559,434208.033824157,유통관련업,인터넷컴퓨터게임시설제공업,,2026-05-01 22:36:41,I,03,폐업,,,,,,51.7,,1,,,,2009-05-15 17:30:35,,2009-04-07,,인천광역시 남동구 논현동 448 107호일부,,40,CDFF2241022009000023,3530000,,전체이용가,,"인천광역시 남동구 남동서로236번길 30  (논현동,107호일부)",,03,폐업,,,,,,,,10,8,,
,근린생활시설,PC여행,2013-04-24,177768.576779756,437467.57924592,유통관련업,인터넷컴퓨터게임시설제공업,,2026-05-01 22:36:41,I,03,폐업,,,,,,267.61,,3,,,,2013-04-24 15:04:04,,2009-04-21,,인천광역시 남동구 서창동 549-1 (3층),,40,CDFF2241022009000025,3530000,,전체이용가,,"인천광역시 남동구 장아산로 133  (서창동,(3층))",,03,폐업,,,,,,,,72,4,,
,근린생활시설,클릭존 PC방,2014-05-13,173772.586204808,440296.06418668,유통관련업,인터넷컴퓨터게임시설제공업,,2026-05-01 22:36:41,I,03,폐업,,,,,,241.16,,2,,,,2014-05-13 09:30:32,,2009-04-27,,인천광역시 남동구 간석동 432-1 (2층),,60,CDFF2241022009000026,3530000,,전체이용가,,"인천광역시 남동구 경인로 598  (간석동,(2층))",,03,폐업,,,,,,,,86,8,,
,근린생활시설,즐거운 PC방,2010-12-15,173031.704121854,440193.083988968,유통관련업,인터넷컴퓨터게임시설제공업,,2026-05-01 22:36:41,I,03,폐업,,,,,,45.62,,1,,,,2010-12-15 11:49:38,,2009-05-11,,인천광역시 남동구 간석동 395-18 103호,,40,CDFF2241022009000027,3530000,,전체이용가,,"인천광역시 남동구 주안로 233,  103호 (간석동)",,03,폐업,,,,,,,,7,6,,
,근린생활시설,에이스 PC방,2010-01-22,174635.719764368,440429.593538251,유통관련업,인터넷컴퓨터게임시설제공업,,2026-05-01 22:36:41,I,03,폐업,,,,,,60.1,,1,,,,2010-01-22 09:45:12,,2009-05-12,,인천광역시 남동구 간석동 51-1 105호,,40,CDFF2241022009000028,3530000,,전체이용가,,"인천광역시 남동구 용천로 181,  105호 (간석동)",,03,폐업,,,,,,,,10,12,,
,근린생활시설,Project PC,2025-09-29,175322.829762396,433304.243386176,유통관련업,인터넷컴퓨터게임시설제공업,,2026-05-01 22:36:41,I,03,폐업,,,,,,389.87,,5,,,,2025-09-29 18:06:32,,2009-05-15,,인천광역시 남동구 논현동 632-1 칼리오페 A507호,,40,CDFF2241022009000030,3530000,,전체이용가,,"인천광역시 남동구 논고개로123번길 35, 칼리오페 A507호 (논현동)",21653,03,폐업,,,,,,,,80,14,,
,근린생활시설,하늘다리 PC방,2013-04-02,175797.325919032,439304.513873871,유통관련업,인터넷컴퓨터게임시설제공업,,2026-05-01 22:36:41,I,03,폐업,,,,,,152.92,,3,,,,2013-04-02 15:47:30,,2009-05-18,,인천광역시 남동구 만수동 888 (3층),,40,CDFF2241022009000031,3530000,,전체이용가,,"인천광역시 남동구 구월로 327  (만수동,(3층))",,03,폐업,,,,,,,,50,6,,
,근린생활시설,조아조아 PC방,2017-06-30,172756.87175552,440467.533071508,유통관련업,인터넷컴퓨터게임시설제공업,,2026-05-01 22:36:41,I,03,폐업,,,,,,199.13,,3,,,,2017-07-03 11:24:21,,2009-05-21,,인천광역시 남동구 간석동 894-4 301.302호,,60,CDFF2241022009000032,3530000,,전체이용가,,"인천광역시 남동구 석정로 515, 301.302호 (간석동)",,03,폐업,,,,,,,,61,8,,
,근린생활시설,팀 게임즈 PC cafe,2020-07-06,175816.066291425,435059.137607336,유통관련업,인터넷컴퓨터게임시설제공업,,2026-05-01 22:36:41,I,03,폐업,,,,,,140.78,,3,,,,2020-07-07 11:18:23,,2009-05-25,,인천광역시 남동구 도림동 672-9 행복빌딩 301호,,40,CDFF2241022009000034,3530000,,전체이용가,,"인천광역시 남동구 논고개로 301, 301호 (도림동,행복빌딩)",,03,폐업,,,,,,,,48,6,,
,근린생활시설,해피 PC방,2009-11-26,175335.95871625,438863.201413867,유통관련업,인터넷컴퓨터게임시설제공업,,2026-05-01 22:36:41,I,03,폐업,,,,,,34.36,,1,,,,2009-11-26 10:43:07,,2009-05-27,,인천광역시 남동구 구월동 1274-1 102호,,60,CDFF2241022009000035,3530000,,전체이용가,,"인천광역시 남동구 구월말로27번길 46,  102호 (구월동)",,03,폐업,,,,,,,,7,6,,
,근린생활시설,쉼터 PC방,2011-01-24,172937.577216559,434208.033824157,유통관련업,인터넷컴퓨터게임시설제공업,,2026-05-01 22:36:41,I,03,폐업,,,,,,51.7,,1,,,,2011-01-24 17:05:21,,2009-06-18,,인천광역시 남동구 논현동 448 107호,,60,CDFF2241022009000039,3530000,,전체이용가,,"인천광역시 남동구 남동서로236번길 30,  107호 (논현동)",,03,폐업,,,,,,,,7,8,,
,근린생활시설,네버다이 PC방,2016-05-03,174772.98145867,436224.032674584,유통관련업,인터넷컴퓨터게임시설제공업,,2026-05-01 22:36:41,I,03,폐업,,,,,,123.25,,,,,,2016-05-03 16:53:46,,2009-07-10,,인천광역시 남동구 남촌동 255 (지층),,40,CDFF2241022009000042,3530000,,전체이용가,,"인천광역시 남동구 남촌로 72  (남촌동,(지층))",,03,폐업,,,,,,,,40,4,1,
,근린생활시설,Star Pc Club,2010-12-28,175471.95407327,433350.427897837,유통관련업,인터넷컴퓨터게임시설제공업,,2026-05-01 22:36:41,I,03,폐업,,,,,,263.49,,3,,,,2010-12-28 17:19:29,,2009-07-17,,인천광역시 남동구 논현동 631-11 에스닷몰 302호,,40,CDFF2241022009000043,3530000,,전체이용가,,"인천광역시 남동구 논고개로 121,  302호 (논현동,에스닷몰)",,03,폐업,,,,,,,,64,15,,
,근린생활시설,비타민 PC방(구월점),2014-04-28,175623.859874717,438911.663891136,유통관련업,인터넷컴퓨터게임시설제공업,,2026-05-01 22:36:41,I,03,폐업,,,,,,142.76,,2,,,,2014-04-28 17:15:34,,2009-07-27,,인천광역시 남동구 구월동 1306-13 삼마빌딩 2층,,60,CDFF2241022009000045,3530000,,전체이용가,,"인천광역시 남동구 구월남로 319 (구월동,삼마빌딩 2층)",,03,폐업,,,,,,,,55,5,,
,근린생활시설,크레이지 PC방,2016-11-30,175672.835869729,439267.292323737,유통관련업,인터넷컴퓨터게임시설제공업,,2026-05-01 22:36:41,I,03,폐업,,,,,,210.64,,4,,,,2016-12-02 10:35:28,,2009-08-28,,인천광역시 남동구 만수동 916-4 대성빌딩 4층,,40,CDFF2241022009000047,3530000,,전체이용가,,"인천광역시 남동구 구월로 318  (만수동,대성빌딩 4층)",,03,폐업,,,,,,,,58,6,,
,근린생활시설,대박 PC,2019-09-05,174873.997963171,436677.891741257,유통관련업,인터넷컴퓨터게임시설제공업,,2026-05-01 22:37:05,I,03,폐업,,,,,기타게임물(PC),30,,,,,,2019-09-06 11:19:11,,2019-04-10,,인천광역시 남동구 남촌동 329-4,,,CDFF2241022019000009,3530000,,청소년이용불가,주거지역,"인천광역시 남동구 남촌동로 17, 2층 1호 (남촌동)",21625,03,폐업,,,,주택가주변,,,,6,,,
,근린생활시설,로얄 PC,2021-12-02,177623.72286011,435937.71374955,유통관련업,인터넷컴퓨터게임시설제공업,,2026-05-01 22:37:05,I,03,폐업,,,,,기타게임물(PC),45.49,,,,,,2021-12-02 10:41:47,,2019-04-12,,인천광역시 남동구 서창동 689,,,CDFF2241022019000011,3530000,,전체이용가,일반상업지역,"인천광역시 남동구 서창남순환로215번길 20, 1층 109호 (서창동)",21614,03,폐업,,,,유흥업소밀집지역,,,,6,,,
,근린생활시설,소래 PC,2020-06-26,176550.262372059,433297.729321378,유통관련업,인터넷컴퓨터게임시설제공업,,2026-05-01 22:37:06,I,03,폐업,,,,,기타게임물(PC),65.07,,,,,,2020-06-29 09:57:41,,2019-04-12,,인천광역시 남동구 논현동 676-2 대영로데오,,,CDFF2241022019000012,3530000,,청소년이용불가,일반상업지역,"인천광역시 남동구 소래역로46번길 28, 대영로데오 1층 109호 (논현동)",21673,03,폐업,,,,유흥업소밀집지역,,,,9,,,
,근린생활시설,행운 PC,2021-05-12,175793.406745266,432847.497549598,유통관련업,인터넷컴퓨터게임시설제공업,,2026-05-01 22:37:06,I,03,폐업,,,,,기타게임물(PC),25.42,,,,,,2021-05-12 16:50:34,,2019-04-18,,인천광역시 남동구 논현동 747-1 라피에스타,,,CDFF2241022019000013,3530000,,청소년이용불가,일반상업지역,"인천광역시 남동구 논고개로 61, 라피에스타 1층 183호 (논현동)",21679,03,폐업,,,,유흥업소밀집지역,,,,6,,,
,근린생활시설,황금 PC,2020-03-30,174091.879800652,433283.603111588,유통관련업,인터넷컴퓨터게임시설제공업,,2026-05-01 22:37:06,I,03,폐업,,,,,기타게임물(PC),52.65,,,,,,2020-03-30 17:49:12,,2019-04-25,,인천광역시 남동구 논현동 644-4 논현두손지젤타워,,,CDFF2241022019000014,3530000,,청소년이용불가,일반상업지역,"인천광역시 남동구 호구포로 201, 논현두손지젤타워 1층 115호 (논현동)",21641,03,폐업,,,,유흥업소밀집지역,,,,7,,,
,근린생활시설,고고 PC,2022-02-04,174154.952959019,440381.161736109,유통관련업,인터넷컴퓨터게임시설제공업,,2026-05-01 22:37:06,I,03,폐업,,,,,기타게임물(PC),27,,,,,,2022-02-04 13:31:47,,2019-05-13,,인천광역시 남동구 간석동 213-1 어반 카운티,,,CDFF2241022019000017,3530000,,청소년이용불가,일반상업지역,"인천광역시 남동구 석촌로 53, 1층 (간석동, 어반 카운티)",21544,03,폐업,,,,유흥업소밀집지역,,,,4,,,
,근린생활시설,팡팡 PC,2021-06-28,174163.55,433480.71,유통관련업,인터넷컴퓨터게임시설제공업,,2026-05-01 22:37:06,I,03,폐업,,,,,기타게임물(PC),50.7,,,,,,2021-06-28 17:04:51,,2019-05-20,,인천광역시 남동구 논현동 645-2,,,CDFF2241022019000018,3530000,,청소년이용불가,일반상업지역,"인천광역시 남동구 논현로 22, 다올프라자 1층 106호 (논현동)",21641,03,폐업,,,,유흥업소밀집지역,,,,7,,,
,근린생활시설,놀이터 PC,2020-11-30,173070.576836255,438626.849126765,유통관련업,인터넷컴퓨터게임시설제공업,,2026-05-01 22:37:06,I,03,폐업,,,,,기타게임물(PC),26.22,,,,,,2020-11-30 14:30:35,,2019-06-14,,인천광역시 남동구 구월동 1345-23,,,CDFF2241022019000023,3530000,,청소년이용불가,일반주거지역,"인천광역시 남동구 문화서로46번길 1, 1층 102호 (구월동)",21569,03,폐업,,,,주택가주변,,,,2,,,
,근린생활시설,라마다 PC,2020-06-30,176508.8313051,433164.910452192,유통관련업,인터넷컴퓨터게임시설제공업,,2026-05-01 22:37:06,I,03,폐업,,,,,기타게임물(PC),78.14,,,,,,2020-06-30 18:10:00,,2019-06-18,,인천광역시 남동구 논현동 677-6,,,CDFF2241022019000025,3530000,,청소년이용불가,일반상업지역,"인천광역시 남동구 소래역로 36, 107호 (논현동)",21673,03,폐업,,,,유흥업소밀집지역,,,,9,,,
,문화시설,쓰리랑 PC,2019-09-17,177749.110576256,435598.52094239,유통관련업,인터넷컴퓨터게임시설제공업,,2026-05-01 22:37:06,I,03,폐업,,,,,기타게임물(PC),100.81,,,,,,2020-02-26 17:50:17,,2019-06-19,,인천광역시 남동구 서창동 704-3 MS프라자,,,CDFF2241022019000027,3530000,,청소년이용불가,일반상업지역,"인천광역시 남동구 서창남순환로216번길 46, MS프라자 110호 (서창동)",21617,03,폐업,,,,유흥업소밀집지역,,,,6,,,
,근린생활시설,대박 PC,2020-04-22,175447.671414225,433057.818295796,유통관련업,인터넷컴퓨터게임시설제공업,,2026-05-01 22:37:06,I,03,폐업,,,,,기타게임물(PC),30.97,,,,,,2020-04-23 09:41:28,,2019-09-11,,인천광역시 남동구 논현동 741-1 뉴가산시티,,,CDFF2241022019000031,3530000,,전체이용가,준주거지역,"인천광역시 남동구 앵고개로847번길 80-9, 뉴가산시티 1층 107호 (논현동)",21679,03,폐업,,,,기타,,,,7,,,
,근린생활시설,1등 PC,2022-11-16,174314.914746585,433391.552808899,유통관련업,인터넷컴퓨터게임시설제공업,,2026-05-01 22:37:07,I,03,폐업,,,,,기타게임물,33.63,,,,,,2022-11-16 16:55:27,,2019-09-20,,인천광역시 남동구 논현동 636-2 THE CLASS PLAZA,,,CDFF2241022019000032,3530000,,전체이용가,일반상업지역,"인천광역시 남동구 논현로 40, THE CLASS PLAZA 1층 113호 (논현동)",21655,03,폐업,,,,유흥업소밀집지역,,,,6,,,
,근린생활시설,애플 PC,2020-03-03,172923.355,433785.085,유통관련업,인터넷컴퓨터게임시설제공업,,2026-05-01 22:37:07,I,03,폐업,,,,,기타게임물(PC),49.77,,,,,,2020-03-03 16:58:44,,2019-09-30,,인천광역시 남동구 고잔동 634-7,,,CDFF2241022019000034,3530000,,전체이용가,일반상업지역,"인천광역시 남동구 청능대로289번길 66, 바호 (고잔동)",21633,03,폐업,,,,기타,,,,7,,,
,근린생활시설,라캉PC방,2023-02-07,173245.277252946,439881.965121009,유통관련업,인터넷컴퓨터게임시설제공업,,2026-05-01 22:37:07,I,03,폐업,,,,,기타게임물,133.3,,,,,,2023-02-07 13:34:42,,2019-12-24,,인천광역시 남동구 간석동 518-30,,,CDFF2241022019000041,3530000,,전체이용가,일반주거지역,"인천광역시 남동구 석산로 58, 2층 (간석동)",21552,03,폐업,,,,기타,,,,50,,,
,근린생활시설,따따 PC,2025-09-15,174184.830440783,437746.629218873,유통관련업,인터넷컴퓨터게임시설제공업,,2026-05-01 22:37:08,I,03,폐업,,,성인PC방,,기타게임물,35.25,,,,,,2025-09-16 15:31:16,,2019-12-30,,인천광역시 남동구 구월동 1540-1 솔보프라자 101호,,,CDFF2241022019000043,3530000,,전체이용가,일반상업지역,"인천광역시 남동구 선수촌공원로23번길 10-10, 솔보프라자 101호 (구월동)",21582,03,폐업,,,,기타,,,,5,,,
,근린생활시설,VIP 피시방,2022-05-16,172867.729918474,438517.581897264,유통관련업,인터넷컴퓨터게임시설제공업,,2026-05-01 22:37:08,I,03,폐업,,,,,,50,,,,,,2022-05-17 10:47:15,,2020-01-07,,인천광역시 남동구 구월동 1382-9,,,CDFF2241022020000001,3530000,,,준주거지역,"인천광역시 남동구 문화서로23번길 41, 2동 101호 (구월동)",21567,03,폐업,,,,기타,,,,6,,,
,근린생활시설,아마존 PC방,2010-01-12,174585.176453833,440222.266516455,유통관련업,인터넷컴퓨터게임시설제공업,,2026-05-01 22:36:41,I,03,폐업,,,,,,168,,1,,,,2010-01-12 09:22:07,,2009-09-16,,인천광역시 남동구 간석동 122-15 (1층),,60,CDFF2241022009000048,3530000,,전체이용가,,"인천광역시 남동구 용천로153번길 20  (간석동,(1층))",,03,폐업,,,,,,,,37,2,,
,근린생활시설,논현 PC방,2010-03-29,175241.261326707,433236.82061513,유통관련업,인터넷컴퓨터게임시설제공업,,2026-05-01 22:36:41,I,03,폐업,,,,,,63.53,,1,,,,2010-03-29 14:48:56,,2009-09-17,,인천광역시 남동구 논현동 631-5 이지플라자 106호,,60,CDFF2241022009000049,3530000,,전체이용가,,"인천광역시 남동구 논현역로 4,  106호 (논현동,이지플라자)",,03,폐업,,,,,,,,7,11,,
,근린생활시설,쁘레땅 PC방,2012-09-21,174345.744164753,433375.043521099,유통관련업,인터넷컴퓨터게임시설제공업,,2026-05-01 22:36:41,I,03,폐업,,,,,,287.79,,4,,,,2012-09-21 11:00:49,,2009-09-22,,인천광역시 남동구 논현동 636-1 제일프라자 401.402호,,60,CDFF2241022009000050,3530000,,전체이용가,,"인천광역시 남동구 논현로 42,  401.402호 (논현동,제일프라자)",,03,폐업,,,,,,,,82,10,,
,근린생활시설,비엔나 PC방(구월2호점),2014-11-12,173987.543491062,438487.873177866,유통관련업,인터넷컴퓨터게임시설제공업,,2026-05-01 22:36:41,I,03,폐업,,,,,,198.56,,2,,,,2014-11-13 15:19:27,,2009-10-08,,인천광역시 남동구 구월동 1150-14 (2층),,60,CDFF2241022009000051,3530000,,전체이용가,,"인천광역시 남동구 남동대로733번길 8  (구월동,(2층))",,03,폐업,,,,,,,,61,7,,
,근린생활시설,광장 PC방,2009-12-02,176627.516133179,433141.529331121,유통관련업,인터넷컴퓨터게임시설제공업,,2026-05-01 22:36:41,I,03,폐업,,,,,,210.32,,3,,,,2009-12-02 09:44:14,,2009-10-14,,인천광역시 남동구 논현동 678-3 소래광장프라자 301호,,100,CDFF2241022009000052,3530000,,전체이용가,,"인천광역시 남동구 소래역로30번길 22,  301호 (논현동,소래광장프라자)",,03,폐업,,,,,,,,40,12,,
,근린생활시설,라네이즈 PC방(만수점),2017-06-23,175500.266166019,439593.255228549,유통관련업,인터넷컴퓨터게임시설제공업,,2026-05-01 22:36:41,I,03,폐업,,,,,,171.33,,4,,,,2017-06-26 13:24:54,,2009-10-15,,인천광역시 남동구 만수동 903 우정상가 4층,,60,CDFF2241022009000053,3530000,,전체이용가,,"인천광역시 남동구 구월말로103번길 25 (만수동,우정상가 4층)",,03,폐업,,,,,,,,61,4,,
,근린생활시설,테라 복합게임방,2020-05-12,173504.368168278,438087.614175387,유통관련업,인터넷컴퓨터게임시설제공업,,2026-05-01 22:36:41,I,03,폐업,,,,,,473.6,,6,,,,2020-05-12 16:41:29,,2009-10-16,,인천광역시 남동구 구월동 1466 (주)동남기업사옥 601호,,40,CDFF2241022009000054,3530000,,전체이용가,,"인천광역시 남동구 인하로489번길 22, 601호 (구월동,(주)동남기업사옥)",,03,폐업,,,,,,,,61,12,,
,근린생활시설,샹떼 PC방,2013-12-10,175538.396386538,433325.394009666,유통관련업,인터넷컴퓨터게임시설제공업,,2026-05-01 22:36:41,I,03,폐업,,,,,,218.01,,9,,,,2013-12-10 14:41:03,,2009-10-20,,인천광역시 남동구 논현동 616-2 양진타워 903.904일부,,60,CDFF2241022009000055,3530000,,전체이용가,,"인천광역시 남동구 논고개로 118  (논현동,양진타워 903.904일부)",,03,폐업,,,,,,,,60,13,,
,근린생활시설,레인보우 PC방,2014-04-11,175555.409084323,439337.442154897,유통관련업,인터넷컴퓨터게임시설제공업,,2026-05-01 22:36:42,I,03,폐업,,,,,,365.11,,7,,,,2014-04-11 09:29:37,,2009-11-02,,인천광역시 남동구 만수동 908-17 (7층),,60,CDFF2241022009000058,3530000,,전체이용가,,"인천광역시 남동구 구월로 303  (만수동,(7층))",,03,폐업,,,,,,,,109,9,,
,근린생활시설,샹떼 PC방(소래점),2015-04-30,176597.448564384,433179.179735493,유통관련업,인터넷컴퓨터게임시설제공업,,2026-05-01 22:36:42,I,03,폐업,,,,,,199.8,,5,,,,2015-05-08 10:19:59,,2009-11-02,,인천광역시 남동구 논현동 676-6 긋모닝타워 501호,,60,CDFF2241022009000059,3530000,,전체이용가,,"인천광역시 남동구 앵고개로948번길 54, 501호 (논현동,긋모닝타워)",,03,폐업,,,,,,,,79,13,,
,근린생활시설,한게임 PC방,2010-01-14,173068.437042704,438590.759101772,유통관련업,인터넷컴퓨터게임시설제공업,,2026-05-01 22:36:42,I,03,폐업,,,,,,40,,1,,,,2010-01-18 11:40:19,,2009-11-16,,인천광역시 남동구 구월동 1353-3 (1층일부),,40,CDFF2241022009000060,3530000,,전체이용가,,"인천광역시 남동구 문화서로 44  (구월동,(1층일부))",,03,폐업,,,,,,,,10,3,,
,근린생활시설,대한민국 PC방,2010-06-11,174301.986887929,440315.261942453,유통관련업,인터넷컴퓨터게임시설제공업,,2026-05-01 22:36:42,I,03,폐업,,,,,,54.42,,1,,,,2010-06-11 09:58:23,,2009-11-17,,인천광역시 남동구 간석동 176-1 크리스탈빌딩 103호,,40,CDFF2241022009000061,3530000,,전체이용가,,"인천광역시 남동구 남동대로922번길 36,  103호 (간석동,크리스탈빌딩)",,03,폐업,,,,,,,,9,8,,
,근린생활시설,광 PC방,2010-01-19,173266.502702252,438403.138669067,유통관련업,인터넷컴퓨터게임시설제공업,,2026-05-01 22:36:42,I,03,폐업,,,,,,97.25,,,,,,2010-01-19 10:40:19,,2009-12-29,,인천광역시 남동구 구월동 1368 지층,,60,CDFF2241022009000062,3530000,,전체이용가,,"인천광역시 남동구 문화로89번길 8-3  (구월동,지층)",,03,폐업,,,,,,,,30,4,1,
,근린생활시설,윈디 PC방,2010-07-15,173842.026236596,440389.748388941,유통관련업,인터넷컴퓨터게임시설제공업,,2026-05-01 22:36:42,I,03,폐업,,,,,,130.87,,1,,,,2010-07-15 09:49:56,,2009-12-30,,인천광역시 남동구 간석동 250-3 102-2호,,40,CDFF2241022009000063,3530000,,전체이용가,,"인천광역시 남동구 경인로 607,  102-2호 (간석동)",,03,폐업,,,,,,,,9,5,,
,근린생활시설,PC클럽,2011-07-27,175832.340034725,439041.96804146,유통관련업,인터넷컴퓨터게임시설제공업,,2026-05-01 22:36:42,I,03,폐업,,,,,,45.2,,1,,,,2011-07-27 18:13:18,,2010-01-22,,인천광역시 남동구 만수동 922-9 1층,,40,CDFF2241022010000001,3530000,,전체이용가,,"인천광역시 남동구 하촌서로47번길 42  (만수동,1층)",,03,폐업,,,,,,,,11,4,,
,근린생활시설,라네이즈 PC방(복개천점),2020-11-30,175704.050930914,438734.991990724,유통관련업,인터넷컴퓨터게임시설제공업,,2026-05-01 22:36:42,I,03,폐업,,,,,,129.04,,3,,,,2020-11-30 14:30:25,,2010-03-09,,인천광역시 남동구 구월동 1310 3층,,40,CDFF2241022010000005,3530000,,전체이용가,,"인천광역시 남동구 복개서로 31 (구월동,3층)",,03,폐업,,,,,,,,52,5,,
,근린생활시설,PC이야기,2018-01-19,176984.684204042,438024.142809672,유통관련업,인터넷컴퓨터게임시설제공업,,2026-05-01 22:36:42,I,03,폐업,,,,,,191.99,,2,,,,2018-01-19 13:36:20,,2010-03-10,,인천광역시 남동구 만수동 1104-19 2층,,40,CDFF2241022010000006,3530000,,전체이용가,,"인천광역시 남동구 담방로48번길 33 (만수동,2층)",,03,폐업,,,,,,,,71,5,,
,근린생활시설,TOP PC방,2012-11-23,176627.516133179,433141.529331121,유통관련업,인터넷컴퓨터게임시설제공업,,2026-05-01 22:36:42,I,03,폐업,,,,,,70.11,,1,,,,2012-11-23 09:43:49,,2010-03-18,,인천광역시 남동구 논현동 678-3 소래광장프라자 102호,,60,CDFF2241022010000007,3530000,,전체이용가,,"인천광역시 남동구 소래역로30번길 22,  102호 (논현동,소래광장프라자)",,03,폐업,,,,,,,,10,12,,
,근린생활시설,황금피씨게임랜드,2020-06-05,174008.180393915,440360.824174068,유통관련업,인터넷컴퓨터게임시설제공업,,2026-05-01 22:37:09,I,03,폐업,,,,,기타 게임물,223.11,,,,,,2020-06-05 18:22:28,,2020-02-27,,인천광역시 남동구 간석동 317-1 한일빌딩,,,CDFF2241022020000005,3530000,,전체이용가,일반상업지역,"인천광역시 남동구 경인로626번길 16, 한일빌딩 1층 (간석동)",21550,03,폐업,,,,유흥업소밀집지역,,,,50,,,
,근린생활시설,리워드PC,2021-03-09,174143.577264282,437715.248044585,유통관련업,인터넷컴퓨터게임시설제공업,,2026-05-01 22:37:09,I,03,폐업,,,,,기타게임물(PC),49.5,,,,,,2021-03-09 15:17:43,,2020-03-26,,인천광역시 남동구 구월동 1536-3 구월로자벨,,,CDFF2241022020000008,3530000,,전체이용가,일반상업지역,"인천광역시 남동구 선수촌공원로23번길 12, 구월로자벨 1층 101호 (구월동)",21582,03,폐업,,,,주택가주변,,,,5,,,
,근린생활시설,베스트피씨카페,2024-11-19,174192.265348642,440271.864843203,유통관련업,인터넷컴퓨터게임시설제공업,,2026-05-01 22:37:09,I,03,폐업,,,,,기타 게임물(PC),209.31,,,,,,2024-11-19 13:21:01,,2020-03-30,,인천광역시 남동구 간석동 180-3,,,CDFF2241022020000009,3530000,,전체이용가,일반상업지역,"인천광역시 남동구 석촌로 42, 1층 1층호 (간석동)",21544,03,폐업,,,,유흥업소밀집지역,,,,87,,,
,근린생활시설,황금 PC,2021-02-10,174091.879800652,433283.603111588,유통관련업,인터넷컴퓨터게임시설제공업,,2026-05-01 22:37:09,I,03,폐업,,,,,기타 게임물(PC),52.65,,,,,,2021-05-11 12:06:38,,2020-05-04,,인천광역시 남동구 논현동 644-4 논현두손지젤타워,,,CDFF2241022020000011,3530000,,전체이용가,일반상업지역,"인천광역시 남동구 호구포로 201, 논현두손지젤타워 1층 115호 (논현동)",21641,03,폐업,,,,기타,,,,5,,,
,근린생활시설,레전드PC방,2020-08-18,175413.209226972,438895.530536932,유통관련업,인터넷컴퓨터게임시설제공업,,2026-05-01 22:37:09,I,03,폐업,,,,,기타 게임물(PC),30,,,,,,2020-08-19 14:37:42,,2020-05-28,,인천광역시 남동구 구월동 1302-13,,,CDFF2241022020000014,3530000,,전체이용가,일반주거지역,"인천광역시 남동구 구월남로 300, 1층 2호 (구월동)",21536,03,폐업,,,,기타,,,,7,,,
,근린생활시설,텐지 PC,2022-11-09,,,유통관련업,인터넷컴퓨터게임시설제공업,,2026-05-01 22:37:10,I,03,폐업,,,,,기타게임물(PC),184.93,,,,,,2022-11-09 11:05:23,,2020-06-04,,인천광역시 남동구 만수동 898-9,,,CDFF2241022020000016,3530000,,전체이용가,일반주거지역,"인천광역시 남동구 백범로 217, A동 2층 201호 (만수동)",21542,03,폐업,,,,기타,,,,81,,,
,근린생활시설,리워드 PC,2021-11-23,173615.319103067,439086.572354277,유통관련업,인터넷컴퓨터게임시설제공업,,2026-05-01 22:37:10,I,03,폐업,,,,,기타게임물(PC),82.82,,,,,,2021-11-23 11:28:30,,2020-06-04,,인천광역시 남동구 구월동 1134-4 가주프라자,,,CDFF2241022020000017,3530000,,전체이용가,일반상업지역,"인천광역시 남동구 구월남로 117, 가주프라자 104호 (구월동)",21557,03,폐업,,,,기타,,,,6,,,
,근린생활시설,대박PC방,2021-01-08,176598.084097114,433129.540059781,유통관련업,인터넷컴퓨터게임시설제공업,,2026-05-01 22:37:10,I,03,폐업,,,,,기타게임물(PC),50.8,,,,,,2021-01-11 13:14:36,,2020-07-14,,인천광역시 남동구 논현동 678-2 제일타워,,,CDFF2241022020000019,3530000,,전체이용가,일반상업지역,"인천광역시 남동구 소래역로30번길 18, 제일타워 1층 103호 (논현동)",21673,03,폐업,,,,유흥업소밀집지역,,,,8,,,
,근린생활시설,여왕PC,2022-12-16,174057.559703113,440657.748179554,유통관련업,인터넷컴퓨터게임시설제공업,,2026-05-01 22:37:10,I,03,폐업,,,,,기타 게임물(PC),35.1,,,,,,2022-12-16 12:49:20,,2020-07-23,,인천광역시 남동구 간석동 216-18,,,CDFF2241022020000020,3530000,,전체이용가,일반상업지역,"인천광역시 남동구 경인로 649, 1층 103호 (간석동)",21508,03,폐업,,,,기타,,,,5,,,
,근린생활시설,아리랑PC,2021-04-19,173182.740284362,438114.109132357,유통관련업,인터넷컴퓨터게임시설제공업,,2026-05-01 22:37:10,I,03,폐업,,,,,기타 게임물(PC),40,,,,,,2021-04-19 16:00:51,,2020-08-19,,인천광역시 남동구 구월동 1404-15,,,CDFF2241022020000021,3530000,,전체이용가,일반주거지역,"인천광역시 남동구 문화서로4번길 47-2, 1층 103호 (구월동)",21568,03,폐업,,,,기타,,,,5,,,
,근린생활시설,타짜PC방,2021-09-01,174285.967251574,440259.784267326,유통관련업,인터넷컴퓨터게임시설제공업,,2026-05-01 22:37:10,I,03,폐업,,,,,기타 게임물,72.45,,,,,,2021-09-01 15:49:20,,2020-09-24,,인천광역시 남동구 간석동 179-6 태화간석프라자,,,CDFF2241022020000024,3530000,,전체이용가,일반상업지역,"인천광역시 남동구 남동대로916번길 31, 태화간석프라자 101호 (간석동)",21544,03,폐업,,,,유흥업소밀집지역,,,,7,,,
,근린생활시설,명동게임랜드 PC,2020-11-13,174226.921740145,440312.941185618,유통관련업,인터넷컴퓨터게임시설제공업,,2026-05-01 22:37:10,I,03,폐업,,,,,기타 게임물(PC),104.03,,,,,,2020-11-13 17:36:55,,2020-09-29,,인천광역시 남동구 간석동 175-4,,,CDFF2241022020000025,3530000,,전체이용가,일반상업지역,"인천광역시 남동구 남동대로922번길 22, 3층호 (간석동)",21544,03,폐업,,,,유흥업소밀집지역,,,,5,,,
,근린생활시설,에이스PC방,2022-07-27,174376.69930596,440350.062403753,유통관련업,인터넷컴퓨터게임시설제공업,,2026-05-01 22:37:10,I,03,폐업,,,,,기타게임물(PC),34.73,,,,,,2022-07-27 10:43:49,,2020-11-27,,인천광역시 남동구 간석동 171-2,,,CDFF2241022020000028,3530000,,전체이용가,일반상업지역,"인천광역시 남동구 용천로153번길 68, 101호 (간석동)",21544,03,폐업,,,,유흥업소밀집지역,,,,6,,,
,근린생활시설,놀이터 PC,2023-11-29,173070.576836255,438626.849126765,유통관련업,인터넷컴퓨터게임시설제공업,,2026-05-01 22:37:10,I,03,폐업,,,,,기타게임물(PC),22.64,,,,,,2023-11-30 11:46:09,,2020-12-04,,인천광역시 남동구 구월동 1345-23,,,CDFF2241022020000029,3530000,,전체이용가,일반주거지역,"인천광역시 남동구 문화서로46번길 1, 1층 (구월동)",21569,03,폐업,,,,주택가주변,,,,6,,,
,근린생활시설,한방PC,2022-12-30,176598.084097114,433129.540059781,유통관련업,인터넷컴퓨터게임시설제공업,,2026-05-01 22:37:11,I,03,폐업,,,,,기타게임물(PC),50.8,,,,,,2022-12-30 09:36:27,,2021-04-08,,인천광역시 남동구 논현동 678-2 제일타워,,,CDFF2241022021000003,3530000,,전체이용가,일반상업지역,"인천광역시 남동구 소래역로30번길 18, 제일타워 103호 (논현동)",21673,03,폐업,,,,유흥업소밀집지역,,,,6,,,
,근린생활시설,왕PC게임랜드,2022-08-04,174524.645448474,440224.309116595,유통관련업,인터넷컴퓨터게임시설제공업,,2026-05-01 22:37:11,I,03,폐업,,,,,기타게임물(PC),196.93,,,,,,2022-08-05 08:53:44,,2021-06-01,,인천광역시 남동구 간석동 125-8,,,CDFF2241022021000007,3530000,,전체이용가,일반상업지역,"인천광역시 남동구 용천로153번길 31, 2층 (간석동)",21544,03,폐업,,,,유흥업소밀집지역,,,,71,,,
,근린생활시설,구월 PC방,2010-07-14,173669.417798891,438006.019466184,유통관련업,인터넷컴퓨터게임시설제공업,,2026-05-01 22:36:42,I,03,폐업,,,,,,198.77,,4,,,,2010-07-14 10:43:22,,2010-04-09,,인천광역시 남동구 구월동 1474-3 탑프라자 402호,,40,CDFF2241022010000008,3530000,,전체이용가,,"인천광역시 남동구 인하로507번길 14,  402호 (구월동,탑프라자)",,03,폐업,,,,,,,,39,8,,
,근린생활시설,아마존 PC방,2011-01-06,174585.176453833,440222.266516455,유통관련업,인터넷컴퓨터게임시설제공업,,2026-05-01 22:36:42,I,03,폐업,,,,,,168,,1,,,,2011-01-06 17:09:43,,2010-04-14,,인천광역시 남동구 간석동 122-15,,40,CDFF2241022010000009,3530000,,전체이용가,,인천광역시 남동구 용천로153번길 20  (간석동),,03,폐업,,,,,,,,30,2,,
,근린생활시설,헤라 PC,2016-10-31,176246.984172641,439204.59253977,유통관련업,인터넷컴퓨터게임시설제공업,,2026-05-01 22:36:42,I,03,폐업,,,,,,271.64,,5,,,,2016-10-31 17:51:47,,2010-04-22,,인천광역시 남동구 만수동 956 정은프라자 501호,,60,CDFF2241022010000010,3530000,,,,"인천광역시 남동구 구월로 376, 501호 (만수동,정은프라자)",,03,폐업,,,,,,,,97,6,,
,근린생활시설,소래 PC방,2010-12-31,176598.084097114,433129.540059781,유통관련업,인터넷컴퓨터게임시설제공업,,2026-05-01 22:36:42,I,03,폐업,,,,,,246.43,,2,,,,2010-12-31 10:52:48,,2010-04-30,,인천광역시 남동구 논현동 678-2 제일타워 203호,,100,CDFF2241022010000011,3530000,,전체이용가,,"인천광역시 남동구 소래역로30번길 18,  203호 (논현동,제일타워)",,03,폐업,,,,,,,,40,10,,
,,드림 PC방,2012-11-28,173781.290205886,440204.915445962,유통관련업,인터넷컴퓨터게임시설제공업,,2026-05-01 22:36:42,I,03,폐업,,,,,,49.96,,,,,,2012-11-28 17:24:24,,2010-05-07,,인천광역시 남동구 간석동 429-14 지층,,60,CDFF2241022010000012,3530000,,,,"인천광역시 남동구 경인로600번길 22  (간석동,지층)",,03,폐업,,,,,,,,29,4,1,
,근린생활시설,해피베리 PC방,2014-04-23,175735.969614218,438908.532615477,유통관련업,인터넷컴퓨터게임시설제공업,,2026-05-01 22:36:42,I,03,폐업,,,,,,260.4,,2,,,,2014-04-23 16:52:50,,2010-05-10,,인천광역시 남동구 만수동 925-2 201호,,60,CDFF2241022010000014,3530000,,,,"인천광역시 남동구 구월남로 331,  201호 (만수동)",,03,폐업,,,,,,,,110,4,,
,근린생활시설,에쿠스 PC방,2010-07-16,176035.008334219,439226.351596581,유통관련업,인터넷컴퓨터게임시설제공업,,2026-05-01 22:36:42,I,03,폐업,,,,,,124.29,,2,,,,2010-07-16 12:16:49,,2010-05-19,,인천광역시 남동구 만수동 947-7 201-1호,,40,CDFF2241022010000016,3530000,,,,"인천광역시 남동구 구월로 354,  201-1호 (만수동)",,03,폐업,,,,,,,,40,4,,
,근린생활시설,아이비스 PC방,2014-06-12,174477.222264388,438575.087684823,유통관련업,인터넷컴퓨터게임시설제공업,,2026-05-01 22:36:42,I,03,폐업,,,,,,187.41,,3,,,,2016-07-01 11:55:01,,2010-05-24,,인천광역시 남동구 구월동 285-10 3층,,100,CDFF2241022010000017,3530000,,전체이용가,,"인천광역시 남동구 인주대로676번길 7 (구월동,3층)",,03,폐업,,,,,,,,51,5,,
,근린생활시설,오리온 PC방,2013-11-01,173035.69487391,438507.663100435,유통관련업,인터넷컴퓨터게임시설제공업,,2026-05-01 22:36:42,I,03,폐업,,,,,,36.68,,1,,,,2013-11-01 15:33:33,,2010-05-28,,인천광역시 남동구 구월동 1354-15 103호,,60,CDFF2241022010000018,3530000,,,,인천광역시 남동구 문화서로 33-1,,03,폐업,,,,,,,,8,3,,
,근린생활시설,우리PC클럽,2010-07-06,176945.680821679,438022.653922436,유통관련업,인터넷컴퓨터게임시설제공업,,2026-05-01 22:36:42,I,03,폐업,,,,,,132.2,,3,,,,2010-07-06 10:41:29,,2010-06-07,,인천광역시 남동구 만수동 1104-3 3층,,100,CDFF2241022010000019,3530000,,,,"인천광역시 남동구 담방로48번길 23  (만수동,3층)",,03,폐업,,,,,,,,8,4,,
,근린생활시설,유니넷 PC방(모래내시장점),2013-11-07,175345.606566606,439349.544164885,유통관련업,인터넷컴퓨터게임시설제공업,,2026-05-01 22:36:42,I,03,폐업,,,,,,176.4,,2,,,,2013-11-07 14:02:04,,2010-06-15,,인천광역시 남동구 만수동 906-3 2층,,60,CDFF2241022010000020,3530000,,,,"인천광역시 남동구 구월로 283  (만수동,2층)",,03,폐업,,,,,,,,50,5,,
,,mini PC,2011-09-01,174048.31843921,440301.384836681,유통관련업,인터넷컴퓨터게임시설제공업,,2026-05-01 22:36:42,I,03,폐업,,,,,,32.82,,1,,,,2011-09-01 10:16:57,,2010-07-01,,인천광역시 남동구 간석동 277-4 (1층일부),,60,CDFF2241022010000022,3530000,,,,"인천광역시 남동구 남동대로915번길 10  (간석동,(1층일부))",,03,폐업,,,,,,,,8,1,,
,,PC야놀자,2010-12-21,175783.670283175,438899.03460675,유통관련업,인터넷컴퓨터게임시설제공업,,2026-05-01 22:36:42,I,03,폐업,,,,,,99.44,,2,,,,2010-12-21 13:05:10,,2010-07-01,,인천광역시 남동구 만수동 925-13 (2층),,40,CDFF2241022010000023,3530000,,,,"인천광역시 남동구 구월남로 335  (만수동,(2층))",,03,폐업,,,,,,,,9,4,,
,,용궁 PC방,2010-11-05,174435.302968351,440343.985991867,유통관련업,인터넷컴퓨터게임시설제공업,,2026-05-01 22:36:42,I,03,폐업,,,,,,134.96,,3,,,,2010-11-05 08:57:37,,2010-07-07,,인천광역시 남동구 간석동 170-15 (3층),,40,CDFF2241022010000025,3530000,,,,"인천광역시 남동구 백범로 347  (간석동,(3층))",,03,폐업,,,,,,,,35,4,,
,,플러스 PC클럽,2010-08-30,173668.579371352,440267.092146757,유통관련업,인터넷컴퓨터게임시설제공업,,2026-05-01 22:36:42,I,03,폐업,,,,,,135.2,,1,,,,2010-08-30 17:43:31,,2010-07-16,,인천광역시 남동구 간석동 434-1 (1층),,60,CDFF2241022010000028,3530000,,,,"인천광역시 남동구 경인로 586-1  (간석동,(1층))",,03,폐업,,,,,,,,9,2,,
,,신구월 PC방,2011-06-01,175364.187030074,439144.414523041,유통관련업,인터넷컴퓨터게임시설제공업,,2026-05-01 22:36:42,I,03,폐업,,,,,,91.95,,2,,,,2011-06-01 13:02:17,,2010-07-21,,인천광역시 남동구 구월동 1261-5 (2층),,40,CDFF2241022010000029,3530000,,,,"인천광역시 남동구 모래내로 27  (구월동,(2층))",,03,폐업,,,,,,,,25,4,,
,,Windy PC방,2011-05-20,173842.026236596,440389.748388941,유통관련업,인터넷컴퓨터게임시설제공업,,2026-05-01 22:36:42,I,03,폐업,,,,,,130.87,,1,,,,2011-05-20 19:36:13,,2010-07-26,,인천광역시 남동구 간석동 250-3 102-2호,,40,CDFF2241022010000031,3530000,,,,"인천광역시 남동구 경인로 607,  102-2호 (간석동)",,03,폐업,,,,,,,,40,5,,
,,멍 PC방,2010-09-07,175334.745610275,438832.669640863,유통관련업,인터넷컴퓨터게임시설제공업,,2026-05-01 22:36:42,I,03,폐업,,,,,,40.28,,1,,,,2010-09-07 15:40:03,,2010-07-29,,인천광역시 남동구 구월동 1275-26 104호,,60,CDFF2241022010000032,3530000,,,,"인천광역시 남동구 인주대로763번길 49,  104호 (구월동)",,03,폐업,,,,,,,,9,5,,
,,넷존 PC방,2010-11-29,174541.500347773,438656.032887852,유통관련업,인터넷컴퓨터게임시설제공업,,2026-05-01 22:36:42,I,03,폐업,,,,,,112.73,,2,,,,2010-11-29 17:06:03,,2010-08-09,,인천광역시 남동구 구월동 1220-1 (2층),,60,CDFF2241022010000035,3530000,,,,"인천광역시 남동구 인주대로 683  (구월동,(2층))",,03,폐업,,,,,,,,30,6,,
,근린생활시설,카카오PC방,2022-06-02,174230.919122917,433311.411806581,유통관련업,인터넷컴퓨터게임시설제공업,,2026-05-01 22:37:11,I,03,폐업,,,,,기타게임물(PC),79.56,,,,,,2022-06-03 14:21:48,,2021-06-04,,인천광역시 남동구 논현동 636-7 세움프라자,,,CDFF2241022021000008,3530000,,전체이용가,일반상업지역,"인천광역시 남동구 호구포로 210, 세움프라자 204호 (논현동)",21655,03,폐업,,,,기타,,,,39,,,
,근린생활시설,둘리PC,2021-10-21,174138.491062183,440305.649432691,유통관련업,인터넷컴퓨터게임시설제공업,,2026-05-01 22:37:12,I,03,폐업,,,,,기타게임물(PC),224.98,,,,,,2021-10-21 09:04:51,,2021-06-18,,인천광역시 남동구 간석동 211-2 대원프라자,,,CDFF2241022021000010,3530000,,전체이용가,일반상업지역,"인천광역시 남동구 남동대로 920, 대원프라자 2층 (간석동)",21544,03,폐업,,,,유흥업소밀집지역,,,,60,,,
,근린생활시설,대림PC게임랜드,2022-05-02,174242.415220971,440313.040273226,유통관련업,인터넷컴퓨터게임시설제공업,,2026-05-01 22:37:12,I,03,폐업,,,,,기타게임물(PC),168.15,,,,,,2022-05-02 16:39:39,,2021-07-08,,인천광역시 남동구 간석동 175-3,,,CDFF2241022021000013,3530000,,전체이용가,일반상업지역,"인천광역시 남동구 남동대로922번길 24, 3층 (간석동)",21544,03,폐업,,,,유흥업소밀집지역,,,,80,,,
,근린생활시설,밴틀리 PC,2024-09-11,174301.986887929,440315.261942453,유통관련업,인터넷컴퓨터게임시설제공업,,2026-05-01 22:37:12,I,03,폐업,,,성인PC방,,기타게임물(PC),42.9,,,,,,2025-01-06 16:25:22,,2021-07-15,,인천광역시 남동구 간석동 176-1 크리스탈빌딩,,,CDFF2241022021000014,3530000,,전체이용가,일반상업지역,"인천광역시 남동구 남동대로922번길 36, 크리스탈빌딩 104, 105호 (간석동)",21544,03,폐업,,,,유흥업소밀집지역,,,,7,,,
,근린생활시설,브라보 PC방,2022-12-01,173182.740284362,438114.109132357,유통관련업,인터넷컴퓨터게임시설제공업,,2026-05-01 22:37:12,I,03,폐업,,,,,기타게임물(PC),58.73,,,,,,2022-12-01 16:22:07,,2021-08-20,,인천광역시 남동구 구월동 1404-15,,,CDFF2241022021000016,3530000,,전체이용가,일반주거지역,"인천광역시 남동구 문화서로4번길 47-2, 103호 (구월동)",21568,03,폐업,,,,유흥업소밀집지역,,,,5,,,
,근린생활시설,판도라P.C,2023-02-22,174273.947495336,440313.846314489,유통관련업,인터넷컴퓨터게임시설제공업,,2026-05-01 22:37:12,I,03,폐업,,,,,기타게임물(PC),29.07,,,,,,2023-02-23 09:52:04,,2021-08-25,,인천광역시 남동구 간석동 175-1 대준 블루온,,,CDFF2241022021000017,3530000,,전체이용가,일반상업지역,"인천광역시 남동구 남동대로922번길 32, 1층 (간석동, 대준 블루온)",21544,03,폐업,,,,유흥업소밀집지역,,,,6,,,
,근린생활시설,파워PC,2024-04-15,174246.454413663,437750.470749998,유통관련업,인터넷컴퓨터게임시설제공업,,2026-05-01 22:37:13,I,03,폐업,,,성인PC방,,기타게임물(PC),48,,,,,,2025-01-06 16:26:56,,2021-10-05,,인천광역시 남동구 구월동 1534-1,,,CDFF2241022021000021,3530000,,전체이용가,일반상업지역,"인천광역시 남동구 선수촌공원로 27, 107호 (구월동)",21582,03,폐업,,,,유흥업소밀집지역,,,,9,,,
,근린생활시설,골드PC,2023-02-28,175567.943190011,439170.780474293,유통관련업,인터넷컴퓨터게임시설제공업,,2026-05-01 22:37:13,I,03,폐업,,,,,기타게임물(PC),91.64,,,,,,2023-02-28 14:20:16,,2021-11-10,,인천광역시 남동구 만수동 912-15,,,CDFF2241022021000023,3530000,,전체이용가,일반주거지역,"인천광역시 남동구 복개동로 76, 2층 (만수동)",21535,03,폐업,,,,기타,,,,9,,,
,근린생활시설,바다PC,2022-11-01,174257.511399426,440312.989200226,유통관련업,인터넷컴퓨터게임시설제공업,,2026-05-01 22:37:13,I,03,폐업,,,,,기타게임물(PC),167.63,,,,,,2022-11-01 13:01:58,,2021-12-23,,인천광역시 남동구 간석동 175-2 명동빌딩,,,CDFF2241022021000028,3530000,,전체이용가,일반상업지역,"인천광역시 남동구 남동대로922번길 28, 명동빌딩 2층 (간석동)",21544,03,폐업,,,,유흥업소밀집지역,,,,65,,,
,근린생활시설,별PC,2022-06-08,175241.261326707,433236.82061513,유통관련업,인터넷컴퓨터게임시설제공업,,2026-05-01 22:37:13,I,03,폐업,,,,,기타게임물(PC),43.85,,,,,,2022-06-08 17:02:35,,2022-01-11,,인천광역시 남동구 논현동 631-5 이지프라자,,,CDFF2241022022000001,3530000,,전체이용가,일반상업지역,"인천광역시 남동구 논현역로 4, 이지프라자 105호 (논현동)",21653,03,폐업,,,,아파트지역,,,,7,,,
,근린생활시설,카지노피씨방,2022-09-05,175613.039854489,439126.153370304,유통관련업,인터넷컴퓨터게임시설제공업,,2026-05-01 22:37:13,I,03,폐업,,,,,PC(기타게임물),86.33,,,,,,2022-09-05 10:06:00,,2022-02-04,,인천광역시 남동구 만수동 920,,,CDFF2241022022000002,3530000,,전체이용가,일반주거지역,"인천광역시 남동구 구월말로58번길 4, 2층 (만수동)",21535,03,폐업,,,,주택가주변,,,,10,,,
,,모모PC,2023-08-07,176598.084097114,433129.540059781,유통관련업,인터넷컴퓨터게임시설제공업,,2026-05-01 22:37:13,I,03,폐업,,,,,,60.8,,,,,,2023-08-07 15:37:56,,2022-07-07,,인천광역시 남동구 논현동 678-2 제일타워,,,CDFF2241022022000011,3530000,,,,"인천광역시 남동구 소래역로30번길 18, 제일타워 109호 (논현동)",21673,03,폐업,,,,,,,,,,,
,,로얄PC,2023-08-03,176420.528888616,433295.696790215,유통관련업,인터넷컴퓨터게임시설제공업,,2026-05-01 22:37:13,I,03,폐업,,,,,,160.17,,,,,,2023-08-04 11:12:00,,2022-10-21,,인천광역시 남동구 논현동 671-3 청호빌딩 205호,,,CDFF2241022022000018,3530000,,,,"인천광역시 남동구 소래역로 46, 청호빌딩 2층 205호 (논현동)",21673,03,폐업,,,,,,,,30,,,
,,카지노 PC,2024-12-13,174243.87091126,433334.185345306,유통관련업,인터넷컴퓨터게임시설제공업,,2026-05-01 22:37:13,I,03,폐업,,,성인PC방,,,40.24,,,,,,2024-12-16 09:32:32,,2022-12-21,,인천광역시 남동구 논현동 636-6 대양프라자빌딩 107호,,,CDFF2241022022000022,3530000,,,,"인천광역시 남동구 호구포로 212, 대양프라자빌딩 107호 (논현동)",21655,03,폐업,,,,,,,,9,,,
,,처제 PC,2025-03-19,174143.57698431,437801.25172195,유통관련업,인터넷컴퓨터게임시설제공업,,2026-05-01 22:37:14,I,03,폐업,,,성인PC방,,,48.8,,,,,,2025-03-19 14:44:22,,2023-02-17,,인천광역시 남동구 구월동 1535 누리자타운 119호,,,CDFF2241022023000003,3530000,,,,"인천광역시 남동구 선수촌공원로23번길 10-21, 누리자타운 119호 (구월동)",21582,03,폐업,,,,,,,,6,,,
,,대림PC게임랜드,2024-09-02,174242.415220971,440313.040273226,유통관련업,인터넷컴퓨터게임시설제공업,,2026-05-01 22:37:14,I,03,폐업,,,,,,168.15,,,,,,2024-09-02 12:55:41,,2023-03-10,,인천광역시 남동구 간석동 175-3,,,CDFF2241022023000007,3530000,,,,"인천광역시 남동구 남동대로922번길 24, 3층 (간석동)",21544,03,폐업,,,,,,,,80,,,
,,에이스 PC,2025-02-03,176019.45888177,438630.784772777,유통관련업,인터넷컴퓨터게임시설제공업,,2026-05-01 22:37:14,I,03,폐업,,,성인PC방,,,33.93,,,,,,2025-02-03 16:44:24,,2023-03-28,,인천광역시 남동구 만수동 978-19,,,CDFF2241022023000008,3530000,,,,"인천광역시 남동구 하촌서로 10, 1층 일부호 (만수동)",21539,03,폐업,,,,,,,,6,,,
,,즐거운PC세상,2010-11-17,175322.829762396,433304.243386176,유통관련업,인터넷컴퓨터게임시설제공업,,2026-05-01 22:36:42,I,03,폐업,,,,,,155.57,,4,,,,2010-11-17 09:38:19,,2010-08-10,,인천광역시 남동구 논현동 632-1 칼리오페 A402호,,100,CDFF2241022010000036,3530000,,,,"인천광역시 남동구 논고개로123번길 35,  A402호 (논현동,칼리오페)",,03,폐업,,,,,,,,10,14,,
,,멜론 PC ZONE,2020-07-01,173088.425685272,438447.371257007,유통관련업,인터넷컴퓨터게임시설제공업,,2026-05-01 22:36:42,I,03,폐업,,,,,,42.4,,1,,,,2020-07-02 09:36:21,,2010-08-11,,인천광역시 남동구 구월동 1361-7 101호,,60,CDFF2241022010000037,3530000,,,,"인천광역시 남동구 문화서로28번길 7-4, 101호 (구월동)",,03,폐업,,,,,,,,10,4,,
,,아이비스PC방(만수2호점),2011-10-25,175939.882822861,439238.152472139,유통관련업,인터넷컴퓨터게임시설제공업,,2026-05-01 22:36:43,I,03,폐업,,,,,,198.52,,2,,,,2011-10-25 09:59:10,,2010-08-13,,인천광역시 남동구 만수동 947-3 (2층),,60,CDFF2241022010000038,3530000,,,,"인천광역시 남동구 구월로 344  (만수동,(2층))",,03,폐업,,,,,,,,61,5,,
,,아이비스 PC방(논현점),2013-12-23,175411.593577176,433323.533492479,유통관련업,인터넷컴퓨터게임시설제공업,,2026-05-01 22:36:43,I,03,폐업,,,,,,319.89,,5,,,,2013-12-23 11:00:55,,2010-08-17,,인천광역시 남동구 논현동 632-2 아이플렉스 512호,,60,CDFF2241022010000040,3530000,,,,"인천광역시 남동구 논고개로123번길 17,  512호 (논현동,아이플렉스)",,03,폐업,,,,,,,,85,15,,
,,라인 PC방,2011-02-14,176073.429025016,439223.105978493,유통관련업,인터넷컴퓨터게임시설제공업,,2026-05-01 22:36:43,I,03,폐업,,,,,,160.84,,2,,,,2011-02-14 09:10:14,,2010-08-17,,인천광역시 남동구 만수동 948-7 (2층),,60,CDFF2241022010000041,3530000,,,,"인천광역시 남동구 구월로 358  (만수동,(2층))",,03,폐업,,,,,,,,30,4,,
,,용달이 PC,2010-11-19,173032.761635942,438477.406537522,유통관련업,인터넷컴퓨터게임시설제공업,,2026-05-01 22:36:43,I,03,폐업,,,,,,102.35,,2,,,,2010-11-19 16:59:42,,2010-08-26,,인천광역시 남동구 구월동 1354-19 (2층),,40,CDFF2241022010000042,3530000,,,,"인천광역시 남동구 문화서로 31  (구월동,(2층))",,03,폐업,,,,,,,,20,4,,
,,플러스몽 PC,2011-08-08,174303.313819053,440293.287945297,유통관련업,인터넷컴퓨터게임시설제공업,,2026-05-01 22:36:43,I,03,폐업,,,,,,130.95,,1,,,,2011-08-08 17:46:08,,2010-08-27,,인천광역시 남동구 간석동 176-10 2-1호,,40,CDFF2241022010000043,3530000,,,,"인천광역시 남동구 석촌로46번길 21,  2-1호 (간석동)",,03,폐업,,,,,,,,15,7,,
,,보보스 PC(간석점),2013-10-03,173969.211428209,440723.427432011,유통관련업,인터넷컴퓨터게임시설제공업,,2026-05-01 22:36:43,I,03,폐업,,,,,,169.74,,2,,,,2014-12-30 15:05:11,,2010-09-02,,인천광역시 남동구 간석동 228-5 (2층),,60,CDFF2241022010000045,3530000,,,,"인천광역시 남동구 백범로406번길 18  (간석동,(2층))",,03,폐업,,,,,,,,53,5,,
,,멍 PC,2010-12-29,175334.745610275,438832.669640863,유통관련업,인터넷컴퓨터게임시설제공업,,2026-05-01 22:36:43,I,03,폐업,,,,,,40.28,,1,,,,2010-12-29 17:18:51,,2010-09-09,,인천광역시 남동구 구월동 1275-26 104호,,40,CDFF2241022010000048,3530000,,,,"인천광역시 남동구 인주대로763번길 49,  104호 (구월동)",,03,폐업,,,,,,,,9,5,,
,,놀이터 PC,2015-10-30,172281.845926129,440514.330159355,유통관련업,인터넷컴퓨터게임시설제공업,,2026-05-01 22:36:43,I,03,폐업,,,,,,278.04,,3,,,,2015-11-02 10:16:15,,2010-09-17,,인천광역시 남동구 간석동 616-75 (3층일부),,60,CDFF2241022010000050,3530000,,,,"인천광역시 남동구 석정로 465 (간석동,(3층일부))",,03,폐업,,,,,,,,59,6,,
,,오션 PC,2012-11-19,176563.935242504,433165.659128108,유통관련업,인터넷컴퓨터게임시설제공업,,2026-05-01 22:36:43,I,03,폐업,,,,,,224,,3,,,,2012-11-19 10:51:30,,2010-09-28,,인천광역시 남동구 논현동 676-7 흥인빌딩 302호,,100,CDFF2241022010000051,3530000,,,,"인천광역시 남동구 앵고개로934번길 51,  302호 (논현동,흥인빌딩)",,03,폐업,,,,,,,,30,10,,
,,간석 PC,2010-11-26,174608.125511914,440232.586171741,유통관련업,인터넷컴퓨터게임시설제공업,,2026-05-01 22:36:43,I,03,폐업,,,,,,145.91,,3,,,,2010-11-26 09:00:36,,2010-10-13,,인천광역시 남동구 간석동 122-8 (3층),,40,CDFF2241022010000053,3530000,,,,"인천광역시 남동구 백범로 325-2  (간석동,(3층))",,03,폐업,,,,,,,,30,4,,
,,짱 PC,2011-06-08,175631.17903895,439781.674965871,유통관련업,인터넷컴퓨터게임시설제공업,,2026-05-01 22:36:43,I,03,폐업,,,,,,110.32,,2,,,,2011-06-08 16:00:12,,2010-10-13,,인천광역시 남동구 만수동 898-5 (2층),,40,CDFF2241022010000054,3530000,,,,"인천광역시 남동구 백범로 213  (만수동,(2층))",,03,폐업,,,,,,,,10,5,,
,,인천 PC,2011-06-01,175581.219330242,439228.663106092,유통관련업,인터넷컴퓨터게임시설제공업,,2026-05-01 22:36:43,I,03,폐업,,,,,,92.02,,2,,,,2011-06-01 16:05:23,,2010-10-14,,인천광역시 남동구 만수동 911-5 (2층),,40,CDFF2241022010000055,3530000,,,,"인천광역시 남동구 구월말로 65  (만수동,(2층))",,03,폐업,,,,,,,,10,6,,
,,럭키 PC,2013-12-19,173032.761635942,438477.406537522,유통관련업,인터넷컴퓨터게임시설제공업,,2026-05-01 22:36:43,I,03,폐업,,,,,,44.8,,1,,,,2013-12-19 18:01:20,,2010-10-14,,인천광역시 남동구 구월동 1354-19 102호,,60,CDFF2241022010000056,3530000,,,,"인천광역시 남동구 문화서로 31, 102호 (구월동)",,03,폐업,,,,,,,,8,4,,
,,플러스 PC,2011-02-15,173668.579371352,440267.092146757,유통관련업,인터넷컴퓨터게임시설제공업,,2026-05-01 22:36:43,I,03,폐업,,,,,,36,,1,,,,2011-02-15 13:25:01,,2010-10-19,,인천광역시 남동구 간석동 434-1 101호,,100,CDFF2241022010000057,3530000,,,,"인천광역시 남동구 경인로 586-1,  101호 (간석동)",,03,폐업,,,,,,,,7,2,,
,,한게임 PC,2012-12-07,173574.71122798,439023.300570512,유통관련업,인터넷컴퓨터게임시설제공업,,2026-05-01 22:36:43,I,03,폐업,,,,,,53.35,,1,,,,2012-12-07 19:58:04,,2010-10-20,,인천광역시 남동구 구월동 1131-10 103호,,50,CDFF2241022010000058,3530000,,,,"인천광역시 남동구 구월남로 114,  103호 (구월동)",,03,폐업,,,,,,,,10,4,,
,,동네 PC,2011-06-08,176034.168584243,439209.70766471,유통관련업,인터넷컴퓨터게임시설제공업,,2026-05-01 22:36:43,I,03,폐업,,,,,,130.5,,2,,,,2011-06-08 11:14:16,,2010-10-20,,인천광역시 남동구 만수동 947-8 (2층),,50,CDFF2241022010000059,3530000,,,,"인천광역시 남동구 하촌서로 67  (만수동,(2층))",,03,폐업,,,,,,,,19,4,,
,,혀니 PC,2020-01-16,174224.979207798,433447.855135123,유통관련업,인터넷컴퓨터게임시설제공업,,2026-05-01 22:36:43,I,03,폐업,,,,,,259.03,,7,,,,2020-01-16 11:01:49,,2010-10-27,,인천광역시 남동구 논현동 647-1 남동메디칼센타 702.703호,,60,CDFF2241022010000060,3530000,,,,"인천광역시 남동구 호구포로 221,  702.703호 (논현동,남동메디칼센타)",,03,폐업,,,,,,,,50,15,,
,,간석PC랜드,2010-11-26,174141.543025619,440345.810210316,유통관련업,인터넷컴퓨터게임시설제공업,,2026-05-01 22:36:43,I,03,폐업,,,,,,116.03,,1,,,,2010-11-26 15:02:39,,2010-10-29,,인천광역시 남동구 간석동 213-8 112호,,,CDFF2241022010000061,3530000,,,,"인천광역시 남동구 남동대로 924,  112호 (간석동)",,03,폐업,,,,,,,,9,,,
,,뉴월드 PC,2024-02-20,172906.61299616,440281.795321679,유통관련업,인터넷컴퓨터게임시설제공업,,2026-05-01 22:37:14,I,03,폐업,,,성인PC방,,,93.89,,,,,,2025-01-06 16:27:12,,2023-05-08,,인천광역시 남동구 간석동 394-14 영빈빌딩,,,CDFF2241022023000013,3530000,,,,"인천광역시 남동구 석산로 5, 영빈빌딩 3층 (간석동)",21506,03,폐업,,,,,,,,9,,,
,,제우스 PC,2024-10-28,173131.702386869,438133.053492041,유통관련업,인터넷컴퓨터게임시설제공업,,2026-05-01 22:37:14,I,03,폐업,,,성인PC방,,,103.8,,,,,,2024-10-29 09:01:26,,2023-05-12,,인천광역시 남동구 구월동 1402-13,,,CDFF2241022023000014,3530000,,,,"인천광역시 남동구 문화서로4번길 37, 2층 (구월동)",21568,03,폐업,,,,,,,,8,,,
,,통큰 PC,2024-05-07,172999.999428398,438610.562987375,유통관련업,인터넷컴퓨터게임시설제공업,,2026-05-01 22:37:14,I,03,폐업,,,성인PC방,,,90.63,,,,,,2025-01-06 16:24:55,,2023-05-25,,인천광역시 남동구 구월동 1355,,,CDFF2241022023000015,3530000,,,,"인천광역시 남동구 인주대로522번길 49-22, 1층 (구월동)",21566,03,폐업,,,,,,,,6,,,
,,싹쓰리 PC,2024-08-26,177019.109074707,437857.448421272,유통관련업,인터넷컴퓨터게임시설제공업,,2026-05-01 22:37:14,I,03,폐업,,,성인PC방,,,21.45,,,,,,2025-01-06 16:24:11,,2023-07-05,,인천광역시 남동구 만수동 1037 현대아파트상가,,,CDFF2241022023000017,3530000,,,,"인천광역시 남동구 장승남로 70-11, 현대아파트상가 106호 (만수동)",21597,03,폐업,,,,,,,,5,,,
,,아지트 PC,2024-03-15,174620.700167298,440223.256872503,유통관련업,인터넷컴퓨터게임시설제공업,,2026-05-01 22:37:14,I,03,폐업,,,성인PC방,,,84.95,,,,,,2025-01-06 16:27:29,,2023-07-12,,인천광역시 남동구 간석동 122-5,,,CDFF2241022023000018,3530000,,,,"인천광역시 남동구 백범로 325, 2층 (간석동)",21544,03,폐업,,,,,,,,9,,,
,,행운 PC,2025-07-31,177788.067769458,435673.36049192,유통관련업,인터넷컴퓨터게임시설제공업,,2026-05-01 22:37:14,I,03,폐업,,,성인PC방,,,43.1,,,,,,2025-07-31 09:16:58,,2023-07-17,,인천광역시 남동구 서창동 706 청수타워 106호,,,CDFF2241022023000019,3530000,,,,"인천광역시 남동구 서창남순환로216번길 35, 청수타워 106호 (서창동)",21617,03,폐업,,,,,,,,8,,,
,,로또PC,2025-01-31,175833.464134192,435091.077008416,유통관련업,인터넷컴퓨터게임시설제공업,,2026-05-01 22:37:15,I,03,폐업,,,성인PC방,,,41.6,,,,,,2025-02-03 16:43:42,,2023-08-07,,인천광역시 남동구 도림동 672-7,,,CDFF2241022023000023,3530000,,청소년이용불가,,"인천광역시 남동구 논고개로 305, 1층 (도림동)",21645,03,폐업,,,,,,,,8,,,
,,모모 PC,2024-08-27,176598.084097114,433129.540059781,유통관련업,인터넷컴퓨터게임시설제공업,,2026-05-01 22:37:15,I,03,폐업,,,성인PC방,,,60.8,,,,,,2025-01-06 16:26:03,,2023-08-25,,인천광역시 남동구 논현동 678-2 제일타워,,,CDFF2241022023000024,3530000,,,,"인천광역시 남동구 소래역로30번길 18, 제일타워 109호 (논현동)",21673,03,폐업,,,,,,,,8,,,
,,컴온PC게임랜드,2024-10-28,175832.340034725,439041.96804146,유통관련업,인터넷컴퓨터게임시설제공업,,2026-05-01 22:37:15,I,03,폐업,,,성인PC방,,,191.1,,,,,,2024-10-29 09:01:33,,2023-09-27,,인천광역시 남동구 만수동 922-9 영광약국,,,CDFF2241022023000028,3530000,,,,"인천광역시 남동구 하촌서로47번길 42, 영광약국 2층 (만수동)",21535,03,폐업,,,,,,,,24,,,
,,올리브 PC,2025-06-02,176470.185119871,433264.618457514,유통관련업,인터넷컴퓨터게임시설제공업,,2026-05-01 22:37:15,I,03,폐업,,,성인PC방,,,38.3,,,,,,2025-06-02 18:23:48,,2023-11-02,,인천광역시 남동구 논현동 677-2 세훈프라자,,,CDFF2241022023000029,3530000,,,,"인천광역시 남동구 앵고개로934번길 24, 세훈프라자 107호 (논현동)",21673,03,폐업,,,,,,,,8,,,
,,골드 PC,2024-11-05,175831.686543034,438961.541810831,유통관련업,인터넷컴퓨터게임시설제공업,,2026-05-01 22:37:15,I,03,폐업,,,성인PC방,,,43.55,,,,,,2024-11-06 09:40:57,,2024-05-10,,인천광역시 남동구 만수동 924-11,,,CDFF2241022024000007,3530000,,,,"인천광역시 남동구 구월로336번길 60, 1층 일부호 (만수동)",21535,03,폐업,,,,,,,,7,,,
,,종로PC랜드,2025-12-01,174140.268609578,440289.543903957,유통관련업,인터넷컴퓨터게임시설제공업,,2026-05-01 22:37:15,I,03,폐업,,,성인PC방,,,318.38,,,,,,2025-12-02 16:27:40,,2024-10-28,,인천광역시 남동구 간석동 211-3 3층호,,,CDFF2241022024000017,3530000,,청소년이용불가,,"인천광역시 남동구 남동대로916번길 3, 3층 (간석동)",21544,03,폐업,,,,,,,,100,,,
,,넘버원 PC게임,2025-06-23,175549.093876894,438882.191516335,유통관련업,인터넷컴퓨터게임시설제공업,,2026-05-01 22:37:15,I,03,폐업,,,성인PC방,,,203.65,,,,,,2025-06-23 17:44:07,,2024-11-12,,인천광역시 남동구 구월동 1302-41 2층호,,,CDFF2241022024000019,3530000,,청소년이용불가,,"인천광역시 남동구 구월말로 31, 2층 (구월동)",21536,03,폐업,,,,,,,,61,,,
,,따봉채굴 PC,2025-06-30,174638.266391887,440380.43182506,유통관련업,인터넷컴퓨터게임시설제공업,,2026-05-01 22:37:15,I,03,폐업,,,성인PC방,,,195.76,,,,,,2025-06-30 17:41:30,,2024-12-05,,인천광역시 남동구 간석동 51-6 청일빌딩 2층호,,,CDFF2241022024000023,3530000,,청소년이용불가,,"인천광역시 남동구 용천로 175, 청일빌딩 2층 (간석동)",21510,03,폐업,,,,,,,,61,,,
,,바다채굴방 PC,2025-05-22,174138.491062183,440305.649432691,유통관련업,인터넷컴퓨터게임시설제공업,,2026-05-01 22:37:16,I,03,폐업,,,성인PC방,,,224.98,,,,,,2025-05-22 17:00:49,,2025-03-04,,인천광역시 남동구 간석동 211-2 대원프라자 2층호,,,CDFF2241022025000009,3530000,,청소년이용불가,,"인천광역시 남동구 남동대로 920, 대원프라자 2층 (간석동)",21544,03,폐업,,,,,,,,60,,,
,,발로만pc게임방,2025-10-20,174008.180393915,440360.824174068,유통관련업,인터넷컴퓨터게임시설제공업,,2026-05-01 22:37:16,I,03,폐업,,,성인PC방,,,102.04,,,,,,2025-10-20 10:04:30,,2025-05-22,,인천광역시 남동구 간석동 317-1 한일빌딩 1층동쪽호,,,CDFF2241022025000016,3530000,,청소년이용불가,,"인천광역시 남동구 경인로626번길 16, 1층 동쪽호 (간석동)",21550,03,폐업,,,,,,,,51,,,
,,팡팡 PC,2011-03-17,174310.03548616,440246.445285417,유통관련업,인터넷컴퓨터게임시설제공업,,2026-05-01 22:36:43,I,03,폐업,,,,,,188.02,,2,,,,2011-03-17 09:25:17,,2010-11-08,,인천광역시 남동구 간석동 179-2 (2층),,60,CDFF2241022010000063,3530000,,,,"인천광역시 남동구 남동대로916번길 39  (간석동,(2층))",,03,폐업,,,,,,,,35,4,,
,,겜노리 PC,2010-12-31,175289.999014813,439172.61442554,유통관련업,인터넷컴퓨터게임시설제공업,,2026-05-01 22:36:43,I,03,폐업,,,,,,147.74,,,,,,2010-12-31 12:44:56,,2010-11-08,,인천광역시 남동구 구월동 1263-6 (지층),,60,CDFF2241022010000064,3530000,,,,"인천광역시 남동구 호구포로810번길 38  (구월동,(지층))",,03,폐업,,,,,,,,35,6,1,
,,펌프 PC,2015-09-15,175280.652767018,438938.918257756,유통관련업,인터넷컴퓨터게임시설제공업,,2026-05-01 22:36:43,I,03,폐업,,,,,,207.11,,,,,,2015-10-23 09:52:12,,2010-11-19,,인천광역시 남동구 구월동 1270-9 (지층),,60,CDFF2241022010000065,3530000,,,,"인천광역시 남동구 구월남로 285 (구월동,(지층))",,03,폐업,,,,,,,,66,3,1,
,,마린 PC,2011-03-15,175322.829762396,433304.243386176,유통관련업,인터넷컴퓨터게임시설제공업,,2026-05-01 22:36:43,I,03,폐업,,,,,,96.57,,1,,,,2011-03-15 13:07:32,,2010-11-26,,인천광역시 남동구 논현동 632-1 논현동칼리오페 A동 104호,,,CDFF2241022010000066,3530000,,,,"인천광역시 남동구 논고개로123번길 35, A동 104호 (논현동,논현동칼리오페)",,03,폐업,,,,,,,,8,,,
,,옥션 PC,2011-09-30,175775.304442586,439376.301579758,유통관련업,인터넷컴퓨터게임시설제공업,,2026-05-01 22:36:43,I,03,폐업,,,,,,26.44,,1,,,,2011-09-30 18:19:50,,2010-11-29,,인천광역시 남동구 만수동 890-47 103호,,60,CDFF2241022010000067,3530000,,,,"인천광역시 남동구 만경로 9,  103호 (만수동)",,03,폐업,,,,,,,,9,,,
,,STAR PC,2014-11-28,173931.115168319,440654.820668211,유통관련업,인터넷컴퓨터게임시설제공업,,2026-05-01 22:36:43,I,03,폐업,,,,,,185.68,,,,,,2014-11-28 14:37:13,,2010-12-13,,인천광역시 남동구 간석동 233-4 (지1층),,60,CDFF2241022010000068,3530000,,,,"인천광역시 남동구 백범로 406  (간석동,(지1층))",,03,폐업,,,,,,,,60,5,1,
,,룰루랄라 PC,2011-08-23,176225.462375734,439177.893804559,유통관련업,인터넷컴퓨터게임시설제공업,,2026-05-01 22:36:43,I,03,폐업,,,,,,95.7,,3,,,,2011-08-23 16:48:24,,2010-12-15,,인천광역시 남동구 만수동 955 (3층),,60,CDFF2241022010000069,3530000,,,,"인천광역시 남동구 구월로372번길 7  (만수동,(3층))",,03,폐업,,,,,,,,25,4,,
,,Things PC,2021-04-19,173543.197780644,438277.423455367,유통관련업,인터넷컴퓨터게임시설제공업,,2026-05-01 22:36:43,I,03,폐업,,,,,,284.82,,4,,,,2021-04-19 17:05:06,,2011-01-06,,인천광역시 남동구 구월동 1457-1 메인프라자 404호,,60,CDFF2241022011000003,3530000,,,,"인천광역시 남동구 성말로13번길 15, 404호 (구월동,메인프라자)",,03,폐업,,,,,,,,60,8,,
,,아이리스 PC,2011-02-09,175296.243496786,439723.214636142,유통관련업,인터넷컴퓨터게임시설제공업,,2026-05-01 22:36:43,I,03,폐업,,,,,,135.07,,2,,,,2011-02-09 13:37:26,,2011-01-11,,인천광역시 남동구 구월동 1253-3 (2층),,40,CDFF2241022011000004,3530000,,,,"인천광역시 남동구 호구포로866번길 26  (구월동,(2층))",,03,폐업,,,,,,,,30,4,,
,,초콜릿 PC(서창점),2015-10-28,177687.051526206,437471.992322609,유통관련업,인터넷컴퓨터게임시설제공업,,2026-05-01 22:36:43,I,03,폐업,,,,,,162.42,,3,,,,2015-10-28 15:56:26,,2011-01-24,,인천광역시 남동구 서창동 547-6 프라임 3층,,40,CDFF2241022011000005,3530000,,,,"인천광역시 남동구 장아산로128번길 21  (서창동,프라임 3층)",,03,폐업,,,,,,,,51,3,,
,,남촌 PC,2011-04-15,174792.957243498,436706.75785038,유통관련업,인터넷컴퓨터게임시설제공업,,2026-05-01 22:36:43,I,03,폐업,,,,,,21.64,,1,,,,2011-04-15 17:02:55,,2011-01-25,,인천광역시 남동구 남촌동 360-15 (1층일부),,60,CDFF2241022011000007,3530000,,,,"인천광역시 남동구 남촌동로 26  (남촌동,(1층일부))",,03,폐업,,,,,,,,7,3,,
,,투카PC존,2022-04-01,173800.756574899,440275.112524197,유통관련업,인터넷컴퓨터게임시설제공업,,2026-05-01 22:36:43,I,03,폐업,,,,,,39.25,,1,,,,2022-04-04 15:05:36,,2011-01-27,,인천광역시 남동구 간석동 320-16 101호,,60,CDFF2241022011000008,3530000,,,,"인천광역시 남동구 예술로330번길 39, 101호 (간석동)",,03,폐업,,,,,,,,9,3,,
,,나이스 PC,2011-03-09,173842.026236596,440389.748388941,유통관련업,인터넷컴퓨터게임시설제공업,,2026-05-01 22:36:43,I,03,폐업,,,,,,85.7,,1,,,,2011-03-09 17:08:30,,2011-02-08,,인천광역시 남동구 간석동 250-3 (103.104),,40,CDFF2241022011000009,3530000,,,,"인천광역시 남동구 경인로 607  (간석동,(103.104))",,03,폐업,,,,,,,,16,5,,
,,챔버스 PC(인천 논현점),2014-06-11,175530.70519076,433360.171033601,유통관련업,인터넷컴퓨터게임시설제공업,,2026-05-01 22:36:43,I,03,폐업,,,,,,290.62,,4,,,,2014-06-11 15:52:11,,2011-02-22,,인천광역시 남동구 논현동 616-1 논현프라자 402.403호,,60,CDFF2241022011000010,3530000,,,,"인천광역시 남동구 논고개로 120  (논현동,논현프라자 402.403호)",,03,폐업,,,,,,,,86,15,,
,,디오 PC,2013-02-05,173032.761635942,438477.406537522,유통관련업,인터넷컴퓨터게임시설제공업,,2026-05-01 22:36:43,I,03,폐업,,,,,,102.35,,2,,,,2013-02-05 15:44:49,,2011-03-02,,인천광역시 남동구 구월동 1354-19 (2층),,40,CDFF2241022011000011,3530000,,,,"인천광역시 남동구 문화서로 31  (구월동,(2층))",,03,폐업,,,,,,,,33,4,,
,,좋은 PC,2012-02-21,174285.313809357,439887.09777342,유통관련업,인터넷컴퓨터게임시설제공업,,2026-05-01 22:36:43,I,03,폐업,,,,,,32.06,,1,,,,2012-02-21 09:03:02,,2011-03-08,,인천광역시 남동구 간석동 194-3 103호,,100,CDFF2241022011000012,3530000,,,,"인천광역시 남동구 석산로 161,  103호 (간석동)",,03,폐업,,,,,,,,6,4,,
,,대박 PC,2014-01-15,175334.745610275,438832.669640863,유통관련업,인터넷컴퓨터게임시설제공업,,2026-05-01 22:36:43,I,03,폐업,,,,,,40.28,,1,,,,2014-01-15 13:54:02,,2011-03-09,,인천광역시 남동구 구월동 1275-26 104호,,100,CDFF2241022011000013,3530000,,,,"인천광역시 남동구 인주대로763번길 49, 104호 (구월동)",,03,폐업,,,,,,,,6,5,,
,,드림 PC,2011-06-16,175627.776464826,439837.494168798,유통관련업,인터넷컴퓨터게임시설제공업,,2026-05-01 22:36:43,I,03,폐업,,,,,,55.92,,1,,,,2011-06-16 16:44:03,,2011-03-14,,인천광역시 남동구 만수동 860-4 가호 1층일부,,40,CDFF2241022011000014,3530000,,,,"인천광역시 남동구 백범로 216  (만수동,가호 1층일부)",,03,폐업,,,,,,,,30,5,,
,,착한 PC,2016-05-30,175219.627412415,439304.726307211,유통관련업,인터넷컴퓨터게임시설제공업,,2026-05-01 22:36:43,I,03,폐업,,,,,,268.93,,,,,,2016-05-30 16:16:14,,2011-03-14,,인천광역시 남동구 구월동 1264-75 (지층),,100,CDFF2241022011000015,3530000,,,,"인천광역시 남동구 구월로 272 (구월동,(지층))",,03,폐업,,,,,,,,111,6,1,
,,라인 PC,2012-02-29,176073.429025016,439223.105978493,유통관련업,인터넷컴퓨터게임시설제공업,,2026-05-01 22:36:44,I,03,폐업,,,,,,160.84,,2,,,,2012-02-29 17:36:51,,2011-03-18,,인천광역시 남동구 만수동 948-7 (2층),,100,CDFF2241022011000016,3530000,,,,"인천광역시 남동구 구월로 358  (만수동,(2층))",,03,폐업,,,,,,,,10,4,,
,,마린 PC,2011-05-25,176559.861235792,433113.310207242,유통관련업,인터넷컴퓨터게임시설제공업,,2026-05-01 22:36:44,I,03,폐업,,,,,,65.26,,1,,,,2011-05-25 17:14:40,,2011-03-21,,인천광역시 남동구 논현동 678-1 조은프라자 102호,,100,CDFF2241022011000017,3530000,,,,"인천광역시 남동구 소래역로 28,  102호 (논현동,조은프라자)",,03,폐업,,,,,,,,10,11,,
,,크로바 PC,2011-10-20,175392.704295857,439529.032749199,유통관련업,인터넷컴퓨터게임시설제공업,,2026-05-01 22:36:44,I,03,폐업,,,,,,28.91,,1,,,,2011-10-20 16:03:30,,2011-03-24,,인천광역시 남동구 만수동 905 효성아파트상가 112호,,100,CDFF2241022011000018,3530000,,,,,,03,폐업,,,,,,,,7,3,,
,,PC나라 PC,2013-11-05,175598.195563566,439349.729296341,유통관련업,인터넷컴퓨터게임시설제공업,,2026-05-01 22:36:44,I,03,폐업,,,,,,36.26,,1,,,,2013-11-05 16:50:38,,2011-04-04,,인천광역시 남동구 만수동 908-20 외1필지 영동빌딩 106호,,,CDFF2241022011000019,3530000,,,,"인천광역시 남동구 구월로 307  (만수동,외1필지 영동빌딩 106호)",,03,폐업,,,,,,,,9,5,,
,,쎄븐 PC존,2011-12-26,175331.256268929,438768.614267173,유통관련업,인터넷컴퓨터게임시설제공업,,2026-05-01 22:36:44,I,03,폐업,,,,,,42.97,,1,,,,2011-12-26 16:18:34,,2011-04-06,,인천광역시 남동구 구월동 1278-28 104호,,100,CDFF2241022011000020,3530000,,,,"인천광역시 남동구 인주대로763번길 33,  104호 (구월동)",,03,폐업,,,,,,,,8,5,,
,,오아이 오아이 (OiOi PC Cafe),2024-01-02,174140.268609578,440289.543903957,유통관련업,인터넷컴퓨터게임시설제공업,,2026-05-01 22:36:44,I,03,폐업,,,,,,405.66,,2,,,,2024-01-02 10:57:10,,2011-04-11,,인천광역시 남동구 간석동 211-3 외1필지(2층),,100,CDFF2241022011000021,3530000,,,,"인천광역시 남동구 남동대로916번길 3 (간석동,외1필지(2층))",,03,폐업,,,,,,,032-427-1017,101,10,,
,,이벤트 PC,2011-12-12,173987.543491062,438487.873177866,유통관련업,인터넷컴퓨터게임시설제공업,,2026-05-01 22:36:44,I,03,폐업,,,,,,28.35,,1,,,,2011-12-12 19:28:02,,2011-04-19,,인천광역시 남동구 구월동 1150-14 (1층왼쪽),,100,CDFF2241022011000023,3530000,,,,"인천광역시 남동구 남동대로733번길 8  (구월동,(1층왼쪽))",,03,폐업,,,,,,,,10,7,,
,,갤러리 PC,2015-07-24,173631.814001391,438073.167436008,유통관련업,인터넷컴퓨터게임시설제공업,,2026-05-01 22:36:44,I,03,폐업,,,,,,298.64,,8,,,,2016-09-23 14:36:12,,2011-04-22,,인천광역시 남동구 구월동 1473-2 801호,,60,CDFF2241022011000024,3530000,,,,"인천광역시 남동구 인하로507번길 23, 801호 (구월동)",,03,폐업,,,,,,,,102,12,,
,,리얼 PC,2023-04-19,174285.313809357,439887.09777342,유통관련업,인터넷컴퓨터게임시설제공업,,2026-05-01 22:36:44,I,03,폐업,,,,,,742.48,,3,,,,2023-04-20 09:23:37,,2011-04-28,,인천광역시 남동구 간석동 194-3 (3층),,100,CDFF2241022011000026,3530000,,,,"인천광역시 남동구 석산로 161 (간석동,(3층))",,03,폐업,,,,,,,,282,4,,
,,진 PC,2013-12-30,174705.214345966,440347.082313093,유통관련업,인터넷컴퓨터게임시설제공업,,2026-05-01 22:36:44,I,03,폐업,,,,,,70.4,,1,,,,2013-12-30 17:21:12,,2011-04-28,,인천광역시 남동구 간석동 43-2 우성꾸메마을 101호,,60,CDFF2241022011000027,3530000,,,,"인천광역시 남동구 간석로66번길 28, 101호 (간석동,우성꾸메마을)",,03,폐업,,,,,,,,7,15,,
,,멜론 PC,2012-04-12,174229.058801837,438746.842299835,유통관련업,인터넷컴퓨터게임시설제공업,,2026-05-01 22:36:44,I,03,폐업,,,,,,44.6,,1,,,,2012-04-13 11:17:44,,2011-04-29,,인천광역시 남동구 구월동 1197-10 대성빌리지 5동 102호,,40,CDFF2241022011000028,3530000,,,,"인천광역시 남동구 인주대로653번길 15, 5동 102호 (구월동,대성빌리지)",,03,폐업,,,,,,,,16,5,,
,,블루 PC,2011-08-04,173053.294072977,438427.632150022,유통관련업,인터넷컴퓨터게임시설제공업,,2026-05-01 22:36:44,I,03,폐업,,,,,,103.61,,2,,,,2011-08-04 15:36:48,,2011-05-02,,인천광역시 남동구 구월동 1369 (2층),,40,CDFF2241022011000029,3530000,,,,"인천광역시 남동구 문화서로28번길 2  (구월동,(2층))",,03,폐업,,,,,,,,30,4,,
,,맨유 PC,2012-11-21,175598.195563566,439349.729296341,유통관련업,인터넷컴퓨터게임시설제공업,,2026-05-01 22:36:44,I,03,폐업,,,,,,196.23,,3,,,,2012-11-21 11:05:56,,2011-05-04,,인천광역시 남동구 만수동 908-20 외 1필지 영동빌딩 302호,,50,CDFF2241022011000030,3530000,,,,"인천광역시 남동구 구월로 307,  302호 (만수동,외 1필지 영동빌딩)",,03,폐업,,,,,,,,57,5,,
,,만수 PC,2015-05-20,175697.93198144,439003.981647501,유통관련업,인터넷컴퓨터게임시설제공업,,2026-05-01 22:36:44,I,03,폐업,,,,,,27.41,,1,,,,2015-05-20 10:08:03,,2011-05-17,,인천광역시 남동구 만수동 921-20 102호,,100,CDFF2241022011000031,3530000,,,,"인천광역시 남동구 복개동로56번길 7, 102호 (만수동)",,03,폐업,,,,,,,,7,4,,
,,그린 PC,2011-07-14,175411.593577176,433323.533492479,유통관련업,인터넷컴퓨터게임시설제공업,,2026-05-01 22:36:44,I,03,폐업,,,,,,68.59,,1,,,,2011-07-14 13:52:13,,2011-05-26,,인천광역시 남동구 논현동 632-2 아이플렉스 121호,,100,CDFF2241022011000033,3530000,,,,"인천광역시 남동구 논고개로123번길 17,  121호 (논현동,아이플렉스)",,03,폐업,,,,,,,,7,,,
,,Vong Vong PC,2012-12-14,172859.468990861,438659.820279351,유통관련업,인터넷컴퓨터게임시설제공업,,2026-05-01 22:36:44,I,03,폐업,,,,,,30,,1,,,,2012-12-14 17:01:56,,2011-06-07,,인천광역시 남동구 구월동 1342-1 103호,,100,CDFF2241022011000034,3530000,,,,"인천광역시 남동구 문화서로49번길 39,  103호 (구월동)",,03,폐업,,,,,,,,6,4,,
,,이즈 PC방,2015-06-12,174796.478061806,436646.684412625,유통관련업,인터넷컴퓨터게임시설제공업,,2026-05-01 22:36:44,I,03,폐업,,,,,,164.12,,2,,,,2015-07-14 13:26:08,,2011-06-23,,인천광역시 남동구 남촌동 333-5 (2층),,60,CDFF2241022011000035,3530000,,,,"인천광역시 남동구 남촌동로25번길 11  (남촌동,(2층))",,03,폐업,,,,,,,,55,6,,
,,지존 PC,2013-02-13,173095.188136559,438358.404927722,유통관련업,인터넷컴퓨터게임시설제공업,,2026-05-01 22:36:44,I,03,폐업,,,,,,37.2,,1,,,,2013-02-13 10:12:18,,2011-07-06,,인천광역시 남동구 구월동 1370-15 102호,,100,CDFF2241022011000036,3530000,,,,"인천광역시 남동구 문화서로18번길 11,  102호 (구월동)",,03,폐업,,,,,,,,9,4,,
,,놀토 PC,2012-05-17,174462.813926887,440387.411802847,유통관련업,인터넷컴퓨터게임시설제공업,,2026-05-01 22:36:44,I,03,폐업,,,,,,98.95,,3,,,,2012-05-18 11:47:46,,2011-07-07,,인천광역시 남동구 간석동 117-10 외1필지(3층),,100,CDFF2241022011000037,3530000,,,,"인천광역시 남동구 백범로 348  (간석동,외1필지(3층))",,03,폐업,,,,,,,,15,5,,
,,공단 PC,2012-01-31,172904.26594345,433874.827139882,유통관련업,인터넷컴퓨터게임시설제공업,,2026-05-01 22:36:44,I,03,폐업,,,,,,198.58,,,,,,2012-01-31 17:43:51,,2011-07-08,,인천광역시 남동구 고잔동 632-1 (주)남동상공센타 B02호,,100,CDFF2241022011000038,3530000,,,,"인천광역시 남동구 은청로 18,  B02호 (고잔동,(주)남동상공센타)",,03,폐업,,,,,,,,10,8,1,
,,Q PC,2011-11-29,173878.004377318,440421.018006189,유통관련업,인터넷컴퓨터게임시설제공업,,2026-05-01 22:36:44,I,03,폐업,,,,,,50.1,,1,,,,2011-11-29 09:02:34,,2011-07-26,,인천광역시 남동구 간석동 250-1 간석오피앙 A동 103호,,100,CDFF2241022011000040,3530000,,,,"인천광역시 남동구 경인로 611, A동 103호 (간석동,간석오피앙)",,03,폐업,,,,,,,,5,18,,
,,마린 PC,2012-10-10,176559.861235792,433113.310207242,유통관련업,인터넷컴퓨터게임시설제공업,,2026-05-01 22:36:44,I,03,폐업,,,,,,65.26,,1,,,,2012-10-10 11:59:53,,2011-08-03,,인천광역시 남동구 논현동 678-1 조은프라자 102호,,100,CDFF2241022011000041,3530000,,,,"인천광역시 남동구 소래역로 28,  102호 (논현동,조은프라자)",,03,폐업,,,,,,,,10,11,,
,,놀이터보드 PC,2013-02-19,174361.175404275,438808.914595409,유통관련업,인터넷컴퓨터게임시설제공업,,2026-05-01 22:36:44,I,03,폐업,,,,,,35,,1,,,,2013-02-19 16:03:50,,2011-08-04,,인천광역시 남동구 구월동 1209 105호,,100,CDFF2241022011000042,3530000,,,,"인천광역시 남동구 용천로17번길 55, 105호 (구월동)",,03,폐업,,,,,,,,7,5,,
,,퍼팩트 PC,2013-08-23,173313.780266695,438507.521046049,유통관련업,인터넷컴퓨터게임시설제공업,,2026-05-01 22:36:44,I,03,폐업,,,,,,59.89,,1,,,,2013-08-23 16:47:09,,2011-08-04,,인천광역시 남동구 구월동 1347-18 1층일부,,40,CDFF2241022011000043,3530000,,,,"인천광역시 남동구 문화로 103 (구월동,1층일부)",,03,폐업,,,,,,,,10,4,,
,,스마트 PC,2012-01-05,174794.741477106,436679.668911144,유통관련업,인터넷컴퓨터게임시설제공업,,2026-05-01 22:36:44,I,03,폐업,,,,,,105.11,,2,,,,2012-01-05 18:03:33,,2011-08-22,,"인천광역시 남동구 남촌동 330-11 (외1필지, 2층)",,60,CDFF2241022011000044,3530000,,,,"인천광역시 남동구 남촌동로 25  (남촌동,(외1필지, 2층))",,03,폐업,,,,,,,,9,5,,
,,여우 PC,2014-01-15,173364.502994315,440609.476849728,유통관련업,인터넷컴퓨터게임시설제공업,,2026-05-01 22:36:44,I,03,폐업,,,,,,27.7,,1,,,,2014-01-15 13:51:26,,2011-09-01,,인천광역시 남동구 간석동 580 104호,,100,CDFF2241022011000046,3530000,,,,"인천광역시 남동구 석정로 580,  104호 (간석동)",,03,폐업,,,,,,,,6,1,,
,,동네 PC,2012-03-28,176034.168584243,439209.70766471,유통관련업,인터넷컴퓨터게임시설제공업,,2026-05-01 22:36:44,I,03,폐업,,,,,,130.5,,2,,,,2012-03-29 09:16:43,,2011-09-05,,인천광역시 남동구 만수동 947-8 (2층),,40,CDFF2241022011000047,3530000,,,,"인천광역시 남동구 하촌서로 67  (만수동,(2층))",,03,폐업,,,,,,,,33,4,,
,,마린 PC(논현지점),2012-10-25,175411.593577176,433323.533492479,유통관련업,인터넷컴퓨터게임시설제공업,,2026-05-01 22:36:44,I,03,폐업,,,,,,34.3,,1,,,,2012-10-25 12:48:05,,2011-09-08,,인천광역시 남동구 논현동 632-2 아이플렉스 121호일부,,60,CDFF2241022011000048,3530000,,,,"인천광역시 남동구 논고개로123번길 17  (논현동,아이플렉스 121호일부)",,03,폐업,,,,,,,,7,15,,
,,착한 PC,2012-03-18,175775.304442586,439376.301579758,유통관련업,인터넷컴퓨터게임시설제공업,,2026-05-01 22:36:44,I,03,폐업,,,,,,39.84,,1,,,,2012-03-20 09:23:22,,2011-10-17,,인천광역시 남동구 만수동 890-47 (1층일부),,,CDFF2241022011000051,3530000,,,,"인천광역시 남동구 만경로 9  (만수동,(1층일부))",,03,폐업,,,,,,,,7,5,,
,,월드성인 PC,2013-01-14,173842.026236596,440389.748388941,유통관련업,인터넷컴퓨터게임시설제공업,,2026-05-01 22:36:44,I,03,폐업,,,,,,85.7,,1,,,,2013-01-14 14:19:30,,2011-10-25,,인천광역시 남동구 간석동 250-3 103.104호,,40,CDFF2241022011000053,3530000,,,,"인천광역시 남동구 경인로 607,  103.104호 (간석동)",,03,폐업,,,,,,,,10,5,,
,,고스트캐슬 PC(만수동점),2014-02-06,175582.780381232,439276.400420895,유통관련업,인터넷컴퓨터게임시설제공업,,2026-05-01 22:36:44,I,03,폐업,,,,,,263.74,,2,,,,2014-02-06 09:32:38,,2011-11-07,,인천광역시 남동구 만수동 910-4 (2층),,60,CDFF2241022011000054,3530000,,,,"인천광역시 남동구 구월로 308, 2층 (만수동)",,03,폐업,,,,,,,,90,6,,
,,레몬 PC,2016-12-09,175715.934049426,438718.512109625,유통관련업,인터넷컴퓨터게임시설제공업,,2026-05-01 22:36:44,I,03,폐업,,,,,,96.6,,1,,,,2016-12-09 16:34:49,,2011-11-16,,인천광역시 남동구 구월동 1310-2 (1층),,60,CDFF2241022011000055,3530000,,,,"인천광역시 남동구 복개서로 29, 1층 (구월동)",21537,03,폐업,,,,,,,,7,4,,
,,탑스타 PC,2012-11-02,173681.071193507,438153.407163545,유통관련업,인터넷컴퓨터게임시설제공업,,2026-05-01 22:36:44,I,03,폐업,,,,,,69.78,,,,,,2012-11-02 17:17:32,,2011-11-18,,인천광역시 남동구 구월동 1461 (지층),,40,CDFF2241022011000057,3530000,,,,"인천광역시 남동구 인하로507번길 42, 지층 (구월동)",,03,폐업,,,,,,,,12,5,1,
,,아이죤 PC,2013-04-08,175399.992187985,438924.068083048,유통관련업,인터넷컴퓨터게임시설제공업,,2026-05-01 22:36:44,I,03,폐업,,,,,,33.39,,1,,,,2013-04-08 17:42:48,,2011-12-12,,인천광역시 남동구 구월동 1303-23 (1층),,60,CDFF2241022011000058,3530000,,,,"인천광역시 남동구 구월남로 297  (구월동,(1층))",,03,폐업,,,,,,,,7,2,,
,,대박 PC,2017-07-11,175392.704295857,439529.032749199,유통관련업,인터넷컴퓨터게임시설제공업,,2026-05-01 22:36:44,I,03,폐업,,,,,,28.91,,1,,,,2017-07-12 14:25:22,,2011-12-13,,인천광역시 남동구 만수동 905 효성아파트상가 112호,,,CDFF2241022011000059,3530000,,,,"인천광역시 남동구 백범로227번길 82, 112호 (만수동, 효성아파트 상가)",21542,03,폐업,,,,,,,,7,3,,
,,룰루랄라 PC,2012-06-15,176225.462375734,439177.893804559,유통관련업,인터넷컴퓨터게임시설제공업,,2026-05-01 22:36:44,I,03,폐업,,,,,,95.7,,3,,,,2012-06-15 10:43:18,,2011-12-23,,인천광역시 남동구 만수동 955 (3층),,60,CDFF2241022011000060,3530000,,,,"인천광역시 남동구 구월로372번길 7  (만수동,(3층))",,03,폐업,,,,,,,,8,5,,
,,아이온 PC,2013-05-08,173384.692382299,440657.476414897,유통관련업,인터넷컴퓨터게임시설제공업,,2026-05-01 22:36:44,I,03,폐업,,,,,,133.51,,2,,,,2013-05-08 18:16:08,,2012-01-05,,인천광역시 남동구 간석동 573-8 (2층),,40,CDFF2241022012000001,3530000,,,,"인천광역시 남동구 석정로 584  (간석동,(2층))",,03,폐업,,,,,,,,51,4,,
,,달인 PC,2017-11-23,175832.340034725,439041.96804146,유통관련업,인터넷컴퓨터게임시설제공업,,2026-05-01 22:36:44,I,03,폐업,,,,,,45.2,,1,,,,2017-11-24 09:47:04,,2012-02-28,,인천광역시 남동구 만수동 922-9 (1층일부),,40,CDFF2241022012000003,3530000,,,,"인천광역시 남동구 하촌서로47번길 42 (만수동,(1층일부))",,03,폐업,,,,,,,,6,4,,
,,아마존 PC,2013-03-05,173765.020390963,440495.312298914,유통관련업,인터넷컴퓨터게임시설제공업,,2026-05-01 22:36:44,I,03,폐업,,,,,,41.35,,5,,,,2013-03-05 10:38:47,,2012-03-22,,인천광역시 남동구 간석동 253-25 1층일부(102호),,,CDFF2241022012000005,3530000,,,일반주거지역,"인천광역시 남동구 경인로599번길 29  (간석동,1층일부(102호))",,03,폐업,,,,,,,,7,6,1,
,,빅히트 PC,2019-05-30,175565.987308221,433375.458948483,유통관련업,인터넷컴퓨터게임시설제공업,,2026-05-01 22:36:44,I,03,폐업,,,,,,40,,,,,,2019-06-21 10:14:36,,2012-03-27,,인천광역시 남동구 논현동 617-1 성지타워 101호,,,CDFF2241022012000006,3530000,,,,"인천광역시 남동구 청능대로595번길 17,  101호 (논현동,성지타워)",,03,폐업,,,,,,,,8,,,
,근린생활시설,놀이터 PC,2013-01-16,173008.42462869,438437.166248201,유통관련업,인터넷컴퓨터게임시설제공업,,2026-05-01 22:36:44,I,03,폐업,,,,,,96.33,,4,,,,2013-01-16 14:44:04,,2012-04-13,,인천광역시 남동구 구월동 1359-17 2층일부,,,CDFF2241022012000007,3530000,,,,"인천광역시 남동구 문화서로23번길 8  (구월동,2층일부)",,03,폐업,,,,,,,,10,5,1,
,근린생활시설,노리터 PC,2018-07-03,176543.153527684,440013.342645638,유통관련업,인터넷컴퓨터게임시설제공업,,2026-05-01 22:36:36,I,03,폐업,,,,,,91.3,,2,,,,2018-07-03 09:42:01,,2007-06-20,,인천광역시 남동구 만수동 5-91 201호,,40,CDFF2241022007000002,3530000,,,준주거지역,"인천광역시 남동구 만수로 73,  201호 (만수동)",,03,폐업,,,,기타,,,,44,2,,
,근린생활시설,TOP PC방,2012-03-29,175631.690006454,439767.933697546,유통관련업,인터넷컴퓨터게임시설제공업,,2026-05-01 22:36:36,I,03,폐업,,,,,,265.18,,,,,,2012-03-29 14:33:42,,2007-06-28,,인천광역시 남동구 만수동 898-7 (지하1층),,40,CDFF2241022007000003,3530000,,전체이용가,,"인천광역시 남동구 구월말로 117  (만수동,(지하1층))",,03,폐업,,,,,,,,64,4,1,
,근린생활시설,JINI PC방,2019-11-07,174635.719764368,440429.593538251,유통관련업,인터넷컴퓨터게임시설제공업,,2026-05-01 22:36:36,I,03,폐업,,,,,,286.08,,2,,,,2019-11-07 20:26:34,,2007-07-04,,인천광역시 남동구 간석동 51-1 우성꾸메마을1 201호,,40,CDFF2241022007000004,3530000,,,,"인천광역시 남동구 용천로 181, 201호 (간석동,우성꾸메마을1)",,03,폐업,,,,,,,,100,,,
,근린생활시설,유니넷PC 만수주공점,2015-01-02,176314.602250218,439340.791328842,유통관련업,인터넷컴퓨터게임시설제공업,,2026-05-01 22:36:36,I,03,폐업,,,,,,148.97,,,,,,2015-04-13 09:18:12,,2007-07-16,,인천광역시 남동구 만수동 38 (지하층),,40,CDFF2241022007000005,3530000,,,,"인천광역시 남동구 만수로 14-70 (만수동,(지하층))",,03,폐업,,,,,,,,50,,1,
,근린생활시설,아이칸스PC방,2010-11-26,172797.122604371,433931.185296708,유통관련업,인터넷컴퓨터게임시설제공업,,2026-05-01 22:36:36,I,03,폐업,,,,,,109.2,,3,,,,2010-11-26 13:19:42,,2007-07-24,405-817,"인천광역시 남동구 고잔동 630 산업용품상가 A동 301호,344호",,40,CDFF2241022007000006,3530000,,,,"인천광역시 남동구 은청로 4-7  (고잔동,산업용품상가 A동 301호,344호)",,03,폐업,,,,,,,,51,,,
,근린생활시설,네티즌PC방,2008-12-22,174711.688095339,440268.731328215,유통관련업,인터넷컴퓨터게임시설제공업,,2026-05-01 22:36:36,I,03,폐업,,,,,,334.14,,2,,,,2008-12-22 16:40:04,,2007-07-24,405-800,"인천광역시 남동구 간석동 42-9 2층, 3층",,40,CDFF2241022007000007,3530000,,,,"인천광역시 남동구 용천로168번길 14  (간석동,2층, 3층)",,03,폐업,,,,,,,,70,,,
,근린생활시설,본스 PC,2019-12-02,174330.918354102,438957.600144967,유통관련업,인터넷컴퓨터게임시설제공업,,2026-05-01 22:36:36,I,03,폐업,,,,,,443.86,,3,,,,2020-02-18 14:21:19,,2007-08-06,,인천광역시 남동구 구월동 1200-3 (3층),,40,CDFF2241022007000008,3530000,,,,"인천광역시 남동구 독점로 29 (구월동,(3층))",,03,폐업,,,,,,,,126,,,
,근린생활시설,R&B PC방,2010-02-12,174435.302968351,440343.985991867,유통관련업,인터넷컴퓨터게임시설제공업,,2026-05-01 22:36:36,I,03,폐업,,,,,,134.96,,3,,,,2010-02-12 11:05:56,,2007-08-16,,인천광역시 남동구 간석동 170-15 (3층),,40,CDFF2241022007000010,3530000,,,,"인천광역시 남동구 백범로 347  (간석동,(3층))",,03,폐업,,,,,,,,17,,,
,근린생활시설,퍼니존 PC방,2021-05-17,174638.266391887,440380.43182506,유통관련업,인터넷컴퓨터게임시설제공업,,2026-05-01 22:36:36,I,03,폐업,,,,,,262.2,,3,,,,2021-05-17 14:04:13,,2007-08-22,,인천광역시 남동구 간석동 51-6 (3층),,40,CDFF2241022007000011,3530000,,,,"인천광역시 남동구 용천로 175 (간석동,(3층))",,03,폐업,,,,,,,,88,,,
,근린생활시설,e-편한세상 PC,2011-04-20,172921.412539074,439446.081629225,유통관련업,인터넷컴퓨터게임시설제공업,,2026-05-01 22:36:36,I,03,폐업,,,,,,214.63,,23,,,,2011-04-20 14:48:19,,2007-08-24,,인천광역시 남동구 간석동 901-3 (2.3층),,60,CDFF2241022007000012,3530000,,,,"인천광역시 남동구 구월로40번길 13  (간석동,(2.3층))",,03,폐업,,,,,,,,74,5,,
,근린생활시설,XG PC,2023-04-20,176948.303461401,437973.487573042,유통관련업,인터넷컴퓨터게임시설제공업,,2026-05-01 22:36:36,I,03,폐업,,,,,,253.8,,3,,,,2023-04-20 10:20:38,,2007-08-30,,인천광역시 남동구 만수동 1031 (3층),,40,CDFF2241022007000013,3530000,,,,"인천광역시 남동구 장승남로 71 (만수동,(3층))",,03,폐업,,,,,,,,80,7,,
,근린생활시설,유니온 PC방,2014-02-28,173708.825767094,438842.114255244,유통관련업,인터넷컴퓨터게임시설제공업,,2026-05-01 22:36:36,I,03,폐업,,,,,,129.75,,3,,,,2014-12-01 13:35:27,,2007-09-13,405-835,인천광역시 남동구 구월동 1129-9 (3층),,40,CDFF2241022007000014,3530000,,,,"인천광역시 남동구 예술로192번길 39  (구월동,(3층))",,03,폐업,,,,,,,,43,,,
,근린생활시설,레드크래커 PC방,2014-04-01,173134.991691568,439863.371337281,유통관련업,인터넷컴퓨터게임시설제공업,,2026-05-01 22:36:36,I,03,폐업,,,,,,201,,2,,,,2014-04-01 13:59:23,,2007-09-20,405-809,인천광역시 남동구 간석동 520 (202호),,40,CDFF2241022007000015,3530000,,,,"인천광역시 남동구 경인로 520  (간석동,(202호))",,03,폐업,,,,,,,,53,,,
,위험물저장시설,C&C PC,2011-10-10,176199.115522093,439269.051398574,유통관련업,인터넷컴퓨터게임시설제공업,,2026-05-01 22:36:36,I,03,폐업,,,,,,173.16,,2,,,,2011-10-10 14:29:12,,2007-09-21,,인천광역시 남동구 만수동 884-7 (2층),,40,CDFF2241022007000016,3530000,,,,"인천광역시 남동구 구월로 369  (만수동,(2층))",,03,폐업,,,,,,,,58,,,
,근린생활시설,챔피언PC크럽,2009-12-30,174335.71167329,440343.288975148,유통관련업,인터넷컴퓨터게임시설제공업,,2026-05-01 22:36:36,I,03,폐업,,,,,,126.46,,,,,,2009-12-30 10:32:17,,2007-10-05,,인천광역시 남동구 간석동 174-25 (지하1층),,40,CDFF2241022007000017,3530000,,,,"인천광역시 남동구 남동대로922번길 43  (간석동,(지하1층))",,03,폐업,,,,,,,,10,,1,
,근린생활시설,웰컴투500,2017-01-24,175493.85168486,439337.172423255,유통관련업,인터넷컴퓨터게임시설제공업,,2026-05-01 22:36:36,I,03,폐업,,,,,,275,,2,,,,2017-01-25 09:31:38,,2007-10-09,,인천광역시 남동구 만수동 908-26 (2층),,40,CDFF2241022007000018,3530000,,,,"인천광역시 남동구 구월로 297 (만수동,(2층))",,03,폐업,,,,,,,,110,,,
,근린생활시설,네티즌 PC방,2010-05-10,175569.782931006,439850.8415759,유통관련업,인터넷컴퓨터게임시설제공업,,2026-05-01 22:36:36,I,03,폐업,,,,,,213.22,,2,,,,2010-05-10 16:42:54,,2007-10-12,,인천광역시 남동구 만수동 860-1 (2층),,40,CDFF2241022007000019,3530000,,,,"인천광역시 남동구 백범로 222  (만수동,(2층))",,03,폐업,,,,,,,,55,,,
,근린생활시설,엔조이 PC방,2010-12-31,175238.632103139,439217.407268686,유통관련업,인터넷컴퓨터게임시설제공업,,2026-05-01 22:36:36,I,03,폐업,,,,,,253.82,,,,,,2010-12-31 13:08:38,,2007-10-12,,인천광역시 남동구 구월동 1264-62 (2층),,40,CDFF2241022007000020,3530000,,,,"인천광역시 남동구 구월로276번길 20  (구월동,(2층))",,03,폐업,,,,,,,,58,,,
,근린생활시설,로얄 PC cafe,2013-01-17,174128.207737326,433391.129855272,유통관련업,인터넷컴퓨터게임시설제공업,,2026-05-01 22:36:44,I,03,폐업,,,,,,87.7,,7,,,,2013-01-17 17:59:22,,2012-05-07,,인천광역시 남동구 논현동 646-2 115호,,,CDFF2241022012000008,3530000,,,일반상업지역,"인천광역시 남동구 논현로26번길 34,  115호 (논현동)",,03,폐업,,,,,,,,10,9,2,
,,로웰 PC CAFE,2015-03-09,174258.050192347,433361.210147264,유통관련업,인터넷컴퓨터게임시설제공업,,2026-05-01 22:36:45,I,03,폐업,,,,,,499.83,,10,,,,2015-03-09 10:56:35,,2012-06-13,,인천광역시 남동구 논현동 636-5 대진메디컬프라자 301호,,,CDFF2241022012000010,3530000,,,,"인천광역시 남동구 호구포로 214, 301호 (논현동,대진메디컬프라자)",,03,폐업,,,,,,,,116,13,3,
,,경복PC게임,2013-02-25,173842.026236596,440389.748388941,유통관련업,인터넷컴퓨터게임시설제공업,,2026-05-01 22:36:45,I,03,폐업,,,,,,130.87,,4,,,,2013-02-25 16:21:34,,2012-07-19,,인천광역시 남동구 간석동 250-3 102-2호,,,CDFF2241022012000014,3530000,,,일반상업지역,"인천광역시 남동구 경인로 607-0, 1층 2호 (간석동)",,03,폐업,,,,,,,,40,5,1,
,근린생활시설,에이스 PC방,2012-12-13,175301.425485341,439749.912902228,유통관련업,인터넷컴퓨터게임시설제공업,,2026-05-01 22:36:45,I,03,폐업,,,,,,28.5,,4,,,,2012-12-14 10:14:27,,2012-08-07,,인천광역시 남동구 구월동 1252-14 1층일부,,40,CDFF2241022012000015,3530000,,,일반주거지역,"인천광역시 남동구 백범로247번길 22, 1층 (구월동)",,03,폐업,,,,,,,,7,5,1,
,,시즌아이PC방 인천논현점,2015-01-31,175626.74097574,432953.288400717,유통관련업,인터넷컴퓨터게임시설제공업,,2026-05-01 22:36:45,I,03,폐업,,,,,,191.63,,6,,,,2015-02-06 17:36:26,,2012-09-26,,인천광역시 남동구 논현동 744-3 TOV Tower 301호,,,CDFF2241022012000017,3530000,,,준주거지역,"인천광역시 남동구 앵고개로847번길 50, 301호 (논현동, TOV Tower)",,03,폐업,,,,,,,,60,8,2,
,근린생활시설,제노PC(구월점),2018-06-04,173500.9061555,438056.800362993,유통관련업,인터넷컴퓨터게임시설제공업,,2026-05-01 22:36:45,I,03,폐업,,,,,,248.6,,10,,,,2018-06-05 09:18:58,,2012-09-27,,인천광역시 남동구 구월동 1467 세동네오스빌딩 401호,,,CDFF2241022012000018,3530000,,,일반상업지역,"인천광역시 남동구 인하로489번길 16, 401호 (구월동,세동네오스빌딩)",,03,폐업,,,,,,,,100,12,2,
,,마린 PC,2014-12-29,176559.861235792,433113.310207242,유통관련업,인터넷컴퓨터게임시설제공업,,2026-05-01 22:36:45,I,03,폐업,,,,,,60.61,,8,,,,2014-12-30 09:31:57,,2012-10-15,,인천광역시 남동구 논현동 678-1 조은프라자 102호,,,CDFF2241022012000019,3530000,,,일반상업지역,"인천광역시 남동구 소래역로 28, 1층 102호 (논현동, 조은프라자)",,03,폐업,,,,,,,,8,11,3,
,근린생활시설,마린 PC,2013-02-25,175322.829762396,433304.243386176,유통관련업,인터넷컴퓨터게임시설제공업,,2026-05-01 22:36:45,I,03,폐업,,,,,,69.9,,11,,,,2013-02-25 14:43:27,,2012-10-29,,인천광역시 남동구 논현동 632-1 논현동칼리오페 113호,,,CDFF2241022012000020,3530000,,,일반상업지역,"인천광역시 남동구 논고개로123번길 35, 113호 (논현동, 논현동칼리오페)",,03,폐업,,,,,,,,7,14,3,
,근린생활시설,놀토 PC방,2012-12-28,172895.929245503,440295.549551337,유통관련업,인터넷컴퓨터게임시설제공업,,2026-05-01 22:36:45,I,03,폐업,,,,,,115.72,,7,,,,2012-12-28 16:23:48,,2012-10-30,,인천광역시 남동구 간석동 394-3 2층,,,CDFF2241022012000021,3530000,,,준주거지역,"인천광역시 남동구 석산로 3, 2층 (간석동)",,03,폐업,,,,,,,,16,7,,
,근린생활시설,탑스타 PC방,2013-04-10,173681.071193507,438153.407163545,유통관련업,인터넷컴퓨터게임시설제공업,,2026-05-01 22:36:45,I,03,폐업,,,,,,69.78,,1,,,,2013-04-10 17:23:13,,2012-11-20,,인천광역시 남동구 구월동 1461 지1층,,,CDFF2241022012000023,3530000,,,일반상업지역,"인천광역시 남동구 인하로507번길 42, 지1층 (구월동)",,03,폐업,,,,,,,,7,5,4,
,근린생활시설,아이비스 PC방(인천구월점),2018-03-26,175254.066847695,438903.395597498,유통관련업,인터넷컴퓨터게임시설제공업,,2026-05-01 22:36:45,I,03,폐업,,,,,,205.41,,3,,,,2018-03-26 17:48:24,,2013-01-17,,인천광역시 남동구 구월동 1274 2층,,,CDFF2241022013000001,3530000,,,,"인천광역시 남동구 구월남로 284, 2층 (구월동)",21536,03,폐업,,,,,,,,58,4,1,
,교육연구시설,진 PC방,2016-10-31,175609.344867606,433033.008882179,유통관련업,인터넷컴퓨터게임시설제공업,,2026-05-01 22:36:45,I,03,폐업,,,,,,245.7,,8,,,,2016-10-31 17:42:31,,2013-01-18,,"인천광역시 남동구 논현동 746-1 논현메디스타워 505,6호",,,CDFF2241022013000002,3530000,,,일반상업지역,"인천광역시 남동구 논고개로 87, 505,506호 (논현동, 논현메디스타워)",21679,03,폐업,,,,,,,,72,10,2,
,근린생활시설,아이비스 PC방(인천간석점),2014-12-30,172453.279023983,440647.378707837,유통관련업,인터넷컴퓨터게임시설제공업,,2026-05-01 22:36:45,I,03,폐업,,,,,,269.43,,3,,,,2015-09-21 10:12:13,,2013-01-18,,인천광역시 남동구 간석동 616-7 간석신동아파밀리에명품아파트상가 3층,,,CDFF2241022013000003,3530000,,,,"인천광역시 남동구 경원대로 943, 3층 (간석동, 간석신동아파밀리에명품아파트상가)",21501,03,폐업,,,,,,,,70,4,1,
,,라이온 PC 스튜디오,2016-06-16,176598.084097114,433129.540059781,유통관련업,인터넷컴퓨터게임시설제공업,,2026-05-01 22:36:45,I,03,폐업,,,,,,254.41,,,,,,2016-06-16 11:07:03,,2013-02-12,,인천광역시 남동구 논현동 678-2 제일타워 301호,,,CDFF2241022013000004,3530000,,,,"인천광역시 남동구 소래역로30번길 18, 301호 (논현동, 제일타워)",21673,03,폐업,,,,,,,,60,,,
,,한게임 PC방,2013-05-21,173574.71122798,439023.300570512,유통관련업,인터넷컴퓨터게임시설제공업,,2026-05-01 22:36:45,I,03,폐업,,,,,,53.35,,3,,,,2013-05-21 09:50:13,,2013-02-13,,인천광역시 남동구 구월동 1131-10 103호,,,CDFF2241022013000005,3530000,,,일반상업지역,"인천광역시 남동구 구월남로 114, 103호 (구월동)",,03,폐업,,,,,,,,8,4,1,
,,골드 PC,2013-09-06,174340.900170512,440170.592780348,유통관련업,인터넷컴퓨터게임시설제공업,,2026-05-01 22:36:45,I,03,폐업,,,,,,38.11,,4,,,,2013-09-06 09:35:04,,2013-02-21,,인천광역시 남동구 간석동 164-1 1층일부,,,CDFF2241022013000006,3530000,,,일반주거지역,"인천광역시 남동구 석촌로36번길 32, 1층 (간석동)",,03,폐업,,,,,,,,8,4,,
,근린생활시설,피아제 PC방,2015-02-28,174833.569621853,436679.8120461,유통관련업,인터넷컴퓨터게임시설제공업,,2026-05-01 22:36:45,I,03,폐업,,,,,,32.05,,4,,,,2015-05-12 09:17:02,,2013-03-06,,인천광역시 남동구 남촌동 330-1,,,CDFF2241022013000008,3530000,,,일반주거지역,"인천광역시 남동구 남촌동로 21, 1층 (남촌동)",,03,폐업,,,,주택가주변,,,,8,5,1,
,,황제PC,2017-08-01,172994.396283935,439533.372832706,유통관련업,인터넷컴퓨터게임시설제공업,,2026-05-01 22:36:45,I,03,폐업,,,,,,25.95,,2,,,,2017-08-01 11:49:35,,2013-04-08,,인천광역시 남동구 간석동 900-97 1층우측호,,,CDFF2241022013000010,3530000,,,일반주거지역,"인천광역시 남동구 구월로47번길 1, 1층 1호 (간석동)",21552,03,폐업,,,,,,,,6,3,1,
