자산규모,사업장명,폐업일자,자본금,좌표X,좌표Y,데이터갱신시점,데이터갱신구분,상세영업상태코드,상세영업상태명,최종수정시점,부채총액,인허가취소일자,인허가일자,소재지우편번호,지번주소,관리번호,개방자치단체코드,도로명주소,도로명우편번호,재개업일자,영업상태구분코드,영업상태명,휴업시작일자,휴업종료일자,소재지전화번호
191222318512,대원씨티에스(주),2026-01-27,191222318512,196697.031086973,447931.108267379,2026-05-01 22:48:44,I,05,타시군구이관,2026-01-27 15:42:54,129335901168,,2023-09-12,,서울특별시 용산구 한강로*가 *-* 나진상가,2023302020323200005,3020000,"서울특별시 용산구 청파로 ***, 나진전자월드빌딩 *층 *호 (한강로*가)",04370,,05,제외/삭제/전출,,,02-2004-7700
,현대엘리트,2026-01-20,,192803.762689859,456640.174344488,2026-05-01 22:48:31,I,03,폐업처리,2026-01-20 15:38:05,,,1996-12-13,,서울특별시 은평구 대조동 ***번지 *호,1996311011123200025,3110000,"서울특별시 은평구 연서로**길 **, ***호 (대조동)",03394,,03,폐업,,,02-356-0509
,에치와이 갈현점,2026-01-05,,192442.199840566,456883.82378268,2026-05-01 22:48:43,I,03,폐업처리,2026-01-06 11:47:27,,,2010-12-23,122-051,서울특별시 은평구 갈현동 ***번지 **호,2010311013123200038,3110000,서울특별시 은평구 연서로**길 **-* (갈현동),,,03,폐업,,,02-358-0055
,에치와이 증산점,2026-01-02,,191625.388210584,454244.873554,2026-05-01 22:48:44,I,03,폐업처리,2026-01-02 16:30:36,,,2013-02-01,,서울특별시 은평구 신사동 ***번지 *호 지층 B**호,2013311013123200003,3110000,"서울특별시 은평구 증산로**길 **, 지층 B**호 (신사동)",03447,,03,폐업,,,02-304-8242
,MH통신,2026-01-21,,191888.823118222,454753.404185703,2026-05-01 22:48:44,I,03,폐업처리,2026-01-21 15:04:55,,,2014-08-08,122-888,서울특별시 은평구 신사동 ***번지 **호,2014311013123200017,3110000,"서울특별시 은평구 은평터널로 ***-*, ***호 (신사동, 백상드림빌)",,,03,폐업,,,
,라이프케어,2026-01-28,,193074.878586285,457490.87439389,2026-05-01 22:48:45,I,05,타시군구이관,2026-01-28 09:34:36,,,2025-03-14,,서울특별시 은평구 불광동 ***-***,2025311028123200002,3110000,"서울특별시 은평구 연서로 ***, *층 (불광동)",03345,,05,제외/삭제/전출,,,
,유딘바이오,2025-12-31,,193397.031285321,456287.889757232,2026-05-01 22:48:45,I,03,폐업처리,2025-12-31 15:13:05,,,2025-03-31,,서울특별시 은평구 대조동 **-*,2025311028123200004,3110000,"서울특별시 은평구 진흥로 ***, *층 (대조동)",03395,,03,폐업,,,
,웰빙라이프,2026-01-20,,192300.908674547,455128.788804477,2026-05-01 22:48:45,I,05,타시군구이관,2026-01-20 09:16:31,,,2025-07-07,,서울특별시 은평구 신사동 **-* 명성빌딩,2025311028123200005,3110000,"서울특별시 은평구 은평로 **, 명성빌딩 *층 (신사동)",03449,,05,제외/삭제/전출,,,
562763527,(주)월드펍탑스,2026-02-02,200000000,188953.066831076,447333.569187997,2026-05-01 22:41:01,I,03,폐업처리,2026-02-02 12:49:45,324241343,,2022-05-24,,서울특별시 양천구 목동 ***-* 현대**타워,2022314016723200004,3140000,"서울특별시 양천구 목동동로 ***, 현대**타워 **동 ****호 (목동)",07997,,03,폐업,,,
,코웨이 해피투게더 대리점,2025-12-19,,187605.245515408,447362.509580094,2026-05-01 22:41:01,I,05,타시군구이관,2025-12-19 13:03:20,,,2022-09-06,,서울특별시 양천구 신정동 ***-**,2022314016723200013,3140000,"서울특별시 양천구 목동로**길 **-*, *층 ***호 (신정동)",07938,,05,제외/삭제/전출,,,
,신금천남양우유가정대리점,2026-01-23,,191078.236959484,440912.941553366,2026-05-01 22:38:01,I,03,폐업처리,2026-01-22 17:34:19,,,2017-06-29,,,2017317017423200026,3170000,서울특별시 금천구 시흥대로***길 ** (독산동),08576,,03,폐업,,,02-830-2033
990000000,㈜지오레이넷,2026-02-05,500000000,189720.13564195,440711.695061423,2026-05-01 22:38:07,I,03,폐업처리,2026-02-06 10:14:30,430000000,,2020-03-23,,서울특별시 금천구 가산동 ***번지 **호 대륭테크노타운*차,2020317023523200026,3170000,"서울특별시 금천구 가산디지털*로 **-**, 대륭테크노타운*차 ***호 (가산동)",08594,,03,폐업,,,
,원하다서울센타,2026-02-04,,189350.592434703,442143.206055455,2026-05-01 22:38:12,I,03,폐업처리,2026-02-04 09:37:36,,,2023-08-24,,서울특별시 금천구 가산동 ***-*** 가산 더블유센터,2023317025723200022,3170000,"서울특별시 금천구 가산디지털*로 ***, 가산 더블유센터 ***호 (가산동)",08503,,03,폐업,,,
3843538969,주식회사 파크엘즈,2026-01-29,200000000,189055.138252216,441958.334400683,2026-05-01 22:38:14,I,03,폐업처리,2026-02-02 15:20:44,1593927690,,2025-06-10,,서울특별시 금천구 가산동 ***-* 대성디폴리스지식산업센터,2025317025723200017,3170000,"서울특별시 금천구 서부샛길 ***, 대성디폴리스지식산업센터 비동 ***호 (가산동)",08504,,03,폐업,,,070-8677-7981
,현대도림판매대리점,2026-01-15,,,,2026-05-01 22:41:29,I,03,폐업처리,2026-01-16 10:49:49,,,1998-09-11,,서울특별시 영등포구 도림동***-**,1998318011723200262,3180000,,,,03,폐업,,,02-831-0003
184730286,주식회사 체인커뮤니케이션,2025-12-31,100000000,191226.287379467,437914.06299827,2026-05-01 22:38:10,I,03,폐업처리,2025-12-31 13:13:13,96677365,,2021-07-08,,서울특별시 금천구 시흥동 *** 시흥유통상가,2021317023523200036,3170000,"서울특별시 금천구 시흥대로 **, 시흥유통상가 **동 *층 ***호 (시흥동)",08639,,03,폐업,,,
,하원,2026-02-03,,189353.050637528,442493.020182986,2026-05-01 22:38:10,I,03,폐업처리,2026-02-02 15:16:45,,,2022-04-26,,서울특별시 금천구 가산동 ***-** 코오롱디지털타워애스턴,2022317023523200013,3170000,"서울특별시 금천구 가산디지털*로 ***, 코오롱디지털타워애스턴 ****-***호 (가산동)",08502,,03,폐업,,,
,굿패밀리쇼핑,2025-12-29,,190162.569200935,446594.390567334,2026-05-01 22:42:06,I,05,타시군구이관,2025-12-29 09:37:33,,,2023-02-16,,서울특별시 영등포구 양평동*가 **-* 한특빌딩,2023318025423200023,3180000,"서울특별시 영등포구 선유로 **, 한특빌딩 *,*층 (양평동*가)",07279,,05,제외/삭제/전출,,,
520000000,주식회사 라이피스,2026-02-02,500000000,193468.152070342,445732.70566247,2026-05-01 22:42:07,I,05,타시군구이관,2026-02-02 15:29:56,20000000,,2024-04-22,,서울특별시 영등포구 신길동 ****,2024318025423200009,3180000,"서울특별시 영등포구 여의대방로**길 *, 신한빌딩 *층 ***호 (신길동)",07319,,05,제외/삭제/전출,,,02-1688-8052
,한미양행,,,,,2026-05-01 22:48:31,I,03,폐업처리,2008-02-21 00:00:00,,,2001-07-13,,서울특별시 용산구 한강로*가**-** 동조빌딩 지하*층,2001302009523200121,3020000,,,,03,폐업,,,
,한성,,,,,2026-05-01 22:48:31,I,03,폐업처리,2008-02-21 00:00:00,,,2001-10-24,,서울특별시 용산구 동자동**-**,2001302009523200122,3020000,,,,03,폐업,,,02-776-5209
,아스트라,,,,,2026-05-01 22:48:31,I,03,폐업처리,2008-02-21 00:00:00,,,2001-12-06,,서울특별시 용산구 이태원동***-**,2001302009523200123,3020000,,,,03,폐업,,,02-794-6819
,한국월드,,,,,2026-05-01 22:48:31,I,03,폐업처리,2008-02-21 00:00:00,,,2001-10-08,,서울특별시 용산구 이태원동***-* 서울빌딩 지하*층,2001302009523200132,3020000,,,,03,폐업,,,02-792-3362
,영우유통,,,,,2026-05-01 22:48:32,I,03,폐업처리,2008-02-21 00:00:00,,,2001-10-31,,서울특별시 용산구 한남동***-** 안성타워 *층,2001302009523200138,3020000,,,,03,폐업,,,02-749-5809
,백경정보산업,,,,,2026-05-01 22:48:32,I,03,폐업처리,2008-02-21 00:00:00,,,2002-09-02,,서울특별시 용산구 신계동**-**,2002302009523200045,3020000,,,,03,폐업,,,02-701-9840
,온누리아카데미,,,,,2026-05-01 22:48:32,I,03,폐업처리,2008-02-21 00:00:00,,,2002-01-22,,서울특별시 용산구 한강로*가*** 세대빌딩***호,2002302009523200085,3020000,,,,03,폐업,,,02-749-6786
,평생건강원,,,,,2026-05-01 22:48:32,I,03,폐업처리,2008-02-21 00:00:00,,,2002-12-31,,서울특별시 용산구 한강로*가**-***,2002302009523200088,3020000,,,,03,폐업,,,02-790-8666
,이찬진컴퓨터용산,,,,,2026-05-01 22:48:32,I,03,폐업처리,2008-02-21 00:00:00,,,2002-05-27,,서울특별시 용산구 한강로*가*** 세대빌딩***,2002302009523200094,3020000,,,,03,폐업,,,02-790-5303
,하나실업,,,,,2026-05-01 22:48:32,I,03,폐업처리,2008-02-21 00:00:00,,,2002-03-27,,서울특별시 용산구 한강로*가**-***,2002302009523200104,3020000,,,,03,폐업,,,02-794-6336
,(주)인코르,,,,,2026-05-01 22:48:32,I,03,폐업처리,2008-02-21 00:00:00,,,2002-09-04,,서울특별시 용산구 한강로*가***-* 신원빌딩**층,2002302009523200114,3020000,,,,03,폐업,,,02-790-3113
,메디케어,,,,,2026-05-01 22:48:32,I,03,폐업처리,2008-02-21 00:00:00,,,2002-12-31,,서울특별시 용산구 한강로*가***-*,2002302009523200117,3020000,,,,03,폐업,,,02-798-7820
,선경물산,,,,,2026-05-01 22:48:32,I,03,폐업처리,2008-02-21 00:00:00,,,2002-03-14,,서울특별시 용산구 용문동**-** 지층,2002302009523200127,3020000,,,,03,폐업,,,02-2601-7309
,규수방,,,,,2026-05-01 22:48:32,I,03,폐업처리,2008-02-21 00:00:00,,,2002-01-26,,서울특별시 용산구 원효로*가***-*,2002302009523200131,3020000,,,,03,폐업,,,02-3272-1349
,건강과 사람들,,,,,2026-05-01 22:48:32,I,03,폐업처리,2008-02-21 00:00:00,,,2002-01-04,,서울특별시 용산구 한강로*가***-* ***호,2002302009523200133,3020000,,,,03,폐업,,,02-3785-3633
,광동메디칼,,,,,2026-05-01 22:48:32,I,03,폐업처리,2008-02-21 00:00:00,,,2002-01-15,,서울특별시 용산구 이태원동***-**,2002302009523200143,3020000,,,,03,폐업,,,02-792-5147
,명문유통,,,,,2026-05-01 22:48:32,I,03,폐업처리,2008-02-21 00:00:00,,,2002-04-11,,서울특별시 용산구 청파동*가**,2002302009523200148,3020000,,,,03,폐업,,,02-719-0959
,월드비젼,,,,,2026-05-01 22:48:32,I,03,폐업처리,2008-02-21 00:00:00,,,2002-05-28,,서울특별시 용산구 한강로*가*-* *층,2002302009523200149,3020000,,,,03,폐업,,,02-3785-0282
,나산통상,,,,,2026-05-01 22:48:32,I,03,폐업처리,2008-02-21 00:00:00,,,2002-03-07,,서울특별시 용산구 한강로*가**-** 한강그랜드오피스텔 ***,2002302009523200152,3020000,,,,03,폐업,,,02-3272-1691
,도화실업,,,,,2026-05-01 22:48:32,I,03,폐업처리,2008-02-21 00:00:00,,,2002-07-03,,서울특별시 용산구 이촌동***-*** 지층,2002302009523200154,3020000,,,,03,폐업,,,02-797-1547
,(주)일렉쯔,,,,,2026-05-01 22:48:32,I,03,폐업처리,2008-02-21 00:00:00,,,2002-08-30,,서울특별시 용산구 갈월동** 용산빌딩 *층,2002302009523200155,3020000,,,,03,폐업,,,02-6395-3311
,한일이벤트,,,,,2026-05-01 22:48:32,I,03,폐업처리,2008-02-21 00:00:00,,,2002-07-17,,서울특별시 용산구 효창동*-*** 지하 *층,2002302009523200157,3020000,,,,03,폐업,,,02-718-6489
,(주)모이네,,,,,2026-05-01 22:48:32,I,03,폐업처리,2008-02-21 00:00:00,,,2002-06-12,,서울특별시 용산구 신계동**-* 세양빌딩 ***호,2002302009523200159,3020000,,,,03,폐업,,,02-702-0166
,광동상사,,,,,2026-05-01 22:48:32,I,03,폐업처리,2008-02-21 00:00:00,,,2002-06-17,,서울특별시 용산구 한강로*가**-*,2002302009523200161,3020000,,,,03,폐업,,,02-798-4720
,코리아나(원),,,,,2026-05-01 22:48:33,I,03,폐업처리,2008-02-21 00:00:00,,,2002-09-17,,서울특별시 용산구 서계동***-**,2002302009523200167,3020000,,,,03,폐업,,,02-701-5209
,참랜드,,,,,2026-05-01 22:48:33,I,03,폐업처리,2008-02-21 00:00:00,,,2003-01-16,,서울특별시 용산구 한강로*가**-* 국제연수원별관 ***호,2003302009523200081,3020000,,,,03,폐업,,,02-797-5677
,나비다스,,,,,2026-05-01 22:48:33,I,03,폐업처리,2008-02-21 00:00:00,,,2003-01-24,,서울특별시 용산구 한강로*가***-*,2003302009523200106,3020000,,,,03,폐업,,,02-3785-3341
,산들양행,,,,,2026-05-01 22:48:33,I,03,폐업처리,2008-02-21 00:00:00,,,2003-05-30,,서울특별시 용산구 한강로*가**-* *층,2003302009523200124,3020000,,,,03,폐업,,,02-798-4438
,더죤의료기,,,,,2026-05-01 22:48:33,I,03,폐업처리,2008-02-21 00:00:00,,,2003-05-17,,서울특별시 용산구 보광동***-* 농협빌딩 *층,2003302009523200139,3020000,,,,03,폐업,,,02-749-7581
,이롬라이프 용산이촌,,,,,2026-05-01 22:48:33,I,03,폐업처리,2008-02-21 00:00:00,,,2003-01-16,,서울특별시 용산구 이태원동***-*,2003302009523200146,3020000,,,,03,폐업,,,02-6392-7665
,우성유통,,,,,2026-05-01 22:48:34,I,03,폐업처리,2008-02-21 00:00:00,,,2003-01-30,,서울특별시 용산구 한강로*가**-*** *층,2003302009523200147,3020000,,,,03,폐업,,,02-749-2385
,(주)젠라이프,,,,,2026-05-01 22:48:34,I,03,폐업처리,2008-02-21 00:00:00,,,2003-10-24,,서울특별시 용산구 갈월동** 용산빌딩 *층,2003302009523200164,3020000,,,,03,폐업,,,02-2107-3688
,대우자동차 효창영업소,,,,,2026-05-01 22:48:34,I,03,폐업처리,2008-02-21 00:00:00,,,2003-12-31,,서울특별시 용산구 청파동*가***-**,2003302009523200172,3020000,,,,03,폐업,,,02-703-5335
,종근당건강,,,,,2026-05-01 22:48:34,I,03,폐업처리,2008-02-21 00:00:00,,,2003-06-02,,서울특별시 용산구 이태원동***-**,2003302009523200178,3020000,,,,03,폐업,,,02-792-9571
,성지산업,,,,,2026-05-01 22:48:34,I,03,폐업처리,2008-02-21 00:00:00,,,2003-04-24,,서울특별시 용산구 효창동*-***,2003302009523200179,3020000,,,,03,폐업,,,02-702-4903
,한미메디칼,,,,,2026-05-01 22:48:34,I,03,폐업처리,2008-02-21 00:00:00,,,2003-02-26,,서울특별시 용산구 이태원동***-**,2003302009523200181,3020000,,,,03,폐업,,,02-794-6904
,(주)젤존항공여행사,,,,,2026-05-01 22:48:35,I,03,폐업처리,2008-02-21 00:00:00,,,2003-02-06,,서울특별시 용산구 한남동***-** 현대안성타워*층,2003302009523200183,3020000,,,,03,폐업,,,02-720-2500
,스마일4080,,,,,2026-05-01 22:48:35,I,03,폐업처리,2008-02-21 00:00:00,,,2003-05-28,,서울특별시 용산구 한남동***-** *층,2003302009523200186,3020000,,,,03,폐업,,,02-749-5312
,거산,,,,,2026-05-01 22:48:35,I,03,폐업처리,2008-02-21 00:00:00,,,2003-07-02,,서울특별시 용산구 이태원동***-* 혜천빌딩 지하,2003302009523200190,3020000,,,,03,폐업,,,02-796-6244
,거산,,,,,2026-05-01 22:48:35,I,03,폐업처리,2008-02-21 00:00:00,,,2003-09-22,,서울특별시 용산구 이촌동***-**,2003302009523200191,3020000,,,,03,폐업,,,02-792-4852
,파이씨스,,,,,2026-05-01 22:48:35,I,03,폐업처리,2008-02-21 00:00:00,,,2003-11-25,,서울특별시 용산구 후암동***-** 금호빌라 ***,2003302009523200193,3020000,,,,03,폐업,,,02-754-7515
,케이리퍼블릭(주),,,,,2026-05-01 22:48:35,I,03,폐업처리,2008-02-21 00:00:00,,,2003-07-18,,서울특별시 용산구 한강로*가***-*,2003302009523200196,3020000,,,,03,폐업,,,02-501-9182
,우진이벤트,,,,,2026-05-01 22:48:35,I,03,폐업처리,2008-02-21 00:00:00,,,2003-07-18,,서울특별시 용산구 용문동**-**,2003302009523200198,3020000,,,,03,폐업,,,02-714-0163
,중앙유통,,,,,2026-05-01 22:48:35,I,03,폐업처리,2008-02-21 00:00:00,,,2003-12-28,,서울특별시 용산구 한남동*** 현대리버티하우스 ***호,2003302009523200200,3020000,,,,03,폐업,,,02-795-4302
,(주)21세기화장품,,,,,2026-05-01 22:48:35,I,03,폐업처리,2008-02-21 00:00:00,,,2003-11-13,,서울특별시 용산구 갈월동**,2003302009523200201,3020000,,,,03,폐업,,,02-3450-8833
,상림물산,,,,,2026-05-01 22:48:35,I,03,폐업처리,2008-02-21 00:00:00,,,2003-10-18,,서울특별시 용산구 원효로*가***-* 지층,2003302009523200203,3020000,,,,03,폐업,,,02-702-7197
,한양고시평가원,,,,,2026-05-01 22:48:36,I,03,폐업처리,2008-02-21 00:00:00,,,2004-07-30,,서울특별시 용산구 한강로*가***,2004302009523200107,3020000,,,,03,폐업,,,02-756-5816
,컷코코리아(유),,,,,2026-05-01 22:48:36,I,03,폐업처리,2008-02-21 00:00:00,,,2004-12-20,,서울특별시 용산구 한남동***-*,2004302009523200116,3020000,,,,03,폐업,,,02-595-8220
,아이넷스쿨,,,,,2026-05-01 22:48:36,I,03,폐업처리,2008-02-21 00:00:00,,,2004-12-23,,서울특별시 용산구 남영동***-* *층,2004302009523200125,3020000,,,,03,폐업,,,02-797-6400
,더블유지비코리아(주),,,,,2026-05-01 22:48:36,I,03,폐업처리,2008-02-21 00:00:00,,,2004-02-23,,서울특별시 용산구 이태원동***-**,2004302009523200150,3020000,,,,03,폐업,,,02-3785-2666
,(주)영창바이오텍,,,,,2026-05-01 22:48:36,I,03,폐업처리,2008-02-21 00:00:00,,,2004-08-06,,서울특별시 용산구 한강로*가**-*,2004302009523200160,3020000,,,,03,폐업,,,02-798-4438
,사람과사람들,,,,,2026-05-01 22:48:36,I,03,폐업처리,2008-02-21 00:00:00,,,2004-04-27,,서울특별시 용산구 한남동***-**,2004302009523200166,3020000,,,,03,폐업,,,02-716-2730
,미래경제교육,,,,,2026-05-01 22:48:36,I,03,폐업처리,2008-02-21 00:00:00,,,2004-11-29,,서울특별시 용산구 갈월동*-***,2004302009523200169,3020000,,,,03,폐업,,,02-777-2486
,Bows Korea,,,,,2026-05-01 22:48:36,I,03,폐업처리,2008-02-21 00:00:00,,,2004-09-01,,서울특별시 용산구 한강로*가***-* 용성비즈텔***,2004302009523200175,3020000,,,,03,폐업,,,02-795-1078
,(주)환경일보,,,,,2026-05-01 22:48:36,I,03,폐업처리,2008-02-21 00:00:00,,,2004-06-16,,서울특별시 용산구 원효로*가*-**,2004302009523200176,3020000,,,,03,폐업,,,02-715-7114
,영창상사,,,,,2026-05-01 22:48:36,I,03,폐업처리,2008-02-21 00:00:00,,,2004-07-03,,서울특별시 용산구 한강로*가**-* *층,2004302009523200185,3020000,,,,03,폐업,,,02-797-4612
,세기ENG,,,,,2026-05-01 22:48:36,I,03,폐업처리,2008-02-21 00:00:00,,,2004-03-19,,서울특별시 용산구 청파동*가*-** 우방***호,2004302009523200207,3020000,,,,03,폐업,,,02-6328-1380
,해구명가 강북지사,,,,,2026-05-01 22:48:36,I,03,폐업처리,2008-02-21 00:00:00,,,2004-05-10,,서울특별시 용산구 주성동*-** ***호,2004302009523200208,3020000,,,,03,폐업,,,02-793-5574
,용천메디칼,,,,,2026-05-01 22:48:36,I,03,폐업처리,2008-02-21 00:00:00,,,2004-01-14,,서울특별시 용산구 서계동**-* 대한통운빌딩 ***,2004302009523200209,3020000,,,,03,폐업,,,02-719-5390
,(주)코리코홀딩스,,,,,2026-05-01 22:48:36,I,03,폐업처리,2008-02-21 00:00:00,,,2004-03-28,,서울특별시 용산구 한남동*** 리버티하우스 ***호,2004302009523200210,3020000,,,,03,폐업,,,02-796-7666
,보령,,,,,2026-05-01 22:48:36,I,03,폐업처리,2008-02-21 00:00:00,,,2004-02-25,,서울특별시 용산구 한남동***-**,2004302009523200212,3020000,,,,03,폐업,,,02-795-7058
,한일테크,,,,,2026-05-01 22:48:36,I,03,폐업처리,2008-02-21 00:00:00,,,2004-05-01,,서울특별시 용산구 서계동***-** 지층,2004302009523200218,3020000,,,,03,폐업,,,02-3272-8101
,이지이지포유,,,,,2026-05-01 22:48:37,I,03,폐업처리,2008-02-21 00:00:00,,,2004-07-26,,서울특별시 용산구 효창동*-**,2004302009523200219,3020000,,,,03,폐업,,,02-712-8601
,(사)서울기능장애인협회 용산지부,,,,,2026-05-01 22:48:37,I,03,폐업처리,2008-02-21 00:00:00,,,2004-07-19,,서울특별시 용산구 후암동*** (구) 수도여고운동장,2004302009523200220,3020000,,,,03,폐업,,,02-792-5042
,아이노래,,,,,2026-05-01 22:48:37,I,03,폐업처리,2008-02-21 00:00:00,,,2004-11-24,,서울특별시 용산구 효창동*-**,2004302009523200221,3020000,,,,03,폐업,,,02-3272-7990
,삼립훼미리,,,,,2026-05-01 22:48:37,I,03,폐업처리,2008-02-21 00:00:00,,,2004-06-24,,서울특별시 용산구 한강로*가**-* 지층,2004302009523200224,3020000,,,,03,폐업,,,02-749-2450
,헬스머니,,,,,2026-05-01 22:48:37,I,03,폐업처리,2008-02-21 00:00:00,,,2004-10-27,,서울특별시 용산구 한강로*가***-*,2004302009523200225,3020000,,,,03,폐업,,,02-797-2959
,헬쓰온,,,,,2026-05-01 22:48:37,I,03,폐업처리,2008-02-21 00:00:00,,,2004-10-29,,서울특별시 용산구 용산동*가*-*,2004302009523200233,3020000,,,,03,폐업,,,02-2066-9103
,성지 인터내셔날,,,,,2026-05-01 22:48:37,I,03,폐업처리,2008-02-21 00:00:00,,,2004-12-09,,서울특별시 용산구 한남동***-**,2004302009523200237,3020000,,,,03,폐업,,,02-790-0113
,한일 의료기,,,,,2026-05-01 22:48:37,I,03,폐업처리,2008-02-21 00:00:00,,,2004-12-15,,서울특별시 용산구 서계동***-** 힐타워빌딩 *층,2004302009523200238,3020000,,,,03,폐업,,,02-713-8399
,(주)그린플러스,,,,,2026-05-01 22:48:37,I,03,폐업처리,2008-02-21 00:00:00,,,2005-01-07,,서울특별시 용산구 갈월동**-**,2005302009523200043,3020000,,,,03,폐업,,,02-749-5360
,로드마을,,,,,2026-05-01 22:48:37,I,03,폐업처리,2008-02-21 00:00:00,,,2005-12-13,,서울특별시 용산구 후암동***-** 대도빌딩 *층 일부,2005302009523200075,3020000,,,,03,폐업,,,02-318-0375
,내외물산,,,,,2026-05-01 22:48:37,I,03,폐업처리,2008-02-21 00:00:00,,,2005-01-07,,서울특별시 용산구 갈월동**-* 세종건업빌딩 ***호,2005302009523200087,3020000,,,,03,폐업,,,02-703-3472
,파스칼에드컴,,,,,2026-05-01 22:48:37,I,03,폐업처리,2008-02-21 00:00:00,,,2005-01-07,,서울특별시 용산구 갈월동**-* 남영빌딩***,2005302009523200089,3020000,,,,03,폐업,,,02-718-6506
,픽코리아,,,,,2026-05-01 22:48:37,I,03,폐업처리,2008-02-21 00:00:00,,,2005-01-07,,서울특별시 용산구 갈월동**-* 남영빌딩*층***호,2005302009523200098,3020000,,,,03,폐업,,,02-701-3686
,(주)케이엔비그로벌,,,,,2026-05-01 22:48:37,I,03,폐업처리,2008-02-21 00:00:00,,,2005-01-07,,서울특별시 용산구 용문동**-*,2005302009523200129,3020000,,,,03,폐업,,,02-704-1714
,보성컴퓨터,,,,,2026-05-01 22:48:37,I,03,폐업처리,2008-02-21 00:00:00,,,2005-01-07,,서울특별시 용산구 한강로*가*** 전자타운 B동 ***호,2005302009523200144,3020000,,,,03,폐업,,,02-3272-0554
,하나실업,,,,,2026-05-01 22:48:37,I,03,폐업처리,2008-02-21 00:00:00,,,2005-01-18,,서울특별시 용산구 한강로*가**-*** 지하,2005302009523200153,3020000,,,,03,폐업,,,02-794-6336
,(주)지오항공여행사,,,,,2026-05-01 22:48:37,I,03,폐업처리,2008-02-21 00:00:00,,,2005-07-21,,서울특별시 용산구 한남동***-** 현대안성타워*층,2005302009523200182,3020000,,,,03,폐업,,,02-720-5000
,(주)허브교역,,,,,2026-05-01 22:48:37,I,03,폐업처리,2008-02-21 00:00:00,,,2005-01-07,,서울특별시 용산구 한강로*가***-* 한강로빌딩 ***,2005302009523200192,3020000,,,,03,폐업,,,02-797-5260
,드림상사,,,,,2026-05-01 22:48:37,I,03,폐업처리,2008-02-21 00:00:00,,,2005-04-16,,서울특별시 용산구 용문동*-***,2005302009523200199,3020000,,,,03,폐업,,,02-715-6171
,(주)중앙생활건강,,,,,2026-05-01 22:48:37,I,03,폐업처리,2008-02-21 00:00:00,,,2005-03-22,,서울특별시 용산구 한남동***-** 안성타워*층,2005302009523200204,3020000,,,,03,폐업,,,02-798-3080
,(주)드림아이엔젤,,,,,2026-05-01 22:48:37,I,03,폐업처리,2008-02-21 00:00:00,,,2005-03-02,,서울특별시 용산구 원효로*가**-* 청진빌딩 지하*층*호,2005302009523200214,3020000,,,,03,폐업,,,02-3271-7111
,인터장개발(주),,,,,2026-05-01 22:48:37,I,03,폐업처리,2008-02-21 00:00:00,,,2005-01-06,,서울특별시 용산구 이촌동***-*,2005302009523200216,3020000,,,,03,폐업,,,02-714-1844
,(주)케이에이비에스,,,,,2026-05-01 22:48:37,I,03,폐업처리,2008-02-21 00:00:00,,,2005-03-21,,서울특별시 용산구 한남동*** 현대리버티하우스 ***호,2005302009523200229,3020000,,,,03,폐업,,,02-797-0677
,(주)애드포스,,,,,2026-05-01 22:48:37,I,03,폐업처리,2008-02-21 00:00:00,,,2005-01-29,,서울특별시 용산구 한남동***-** 안성타워***,2005302009523200230,3020000,,,,03,폐업,,,02-790-2122
,아침뜨락,,,,,2026-05-01 22:48:37,I,03,폐업처리,2008-02-21 00:00:00,,,2005-03-04,,서울특별시 용산구 용문동**-* 용문하이빌오피스텔지층 ***호,2005302009523200239,3020000,,,,03,폐업,,,02-712-0384
,한림홍보사업부,,,,,2026-05-01 22:48:38,I,03,폐업처리,2008-02-21 00:00:00,,,2005-03-04,,서울특별시 용산구 서계동***-*,2005302009523200245,3020000,,,,03,폐업,,,02-713-7705
,에스와이코리아,,,,,2026-05-01 22:48:38,I,03,폐업처리,2008-02-21 00:00:00,,,2005-11-01,,서울특별시 용산구 한남동***-** 현대안성타워 ***호,2005302009523200249,3020000,,,,03,폐업,,,02-6205-7205
,사람과사람들,,,,,2026-05-01 22:48:38,I,03,폐업처리,2008-02-21 00:00:00,,,2005-05-18,,서울특별시 용산구 한남동***-** 행우빌딩 지하,2005302009523200250,3020000,,,,03,폐업,,,
,Choi 유통,,,,,2026-05-01 22:48:38,I,03,폐업처리,2008-02-21 00:00:00,,,2005-10-06,,서울특별시 용산구 이태원동***-* 지하,2005302009523200252,3020000,,,,03,폐업,,,02-319-0590
,종근당웰라이프,,,,,2026-05-01 22:48:38,I,03,폐업처리,2008-02-21 00:00:00,,,2005-09-01,,서울특별시 용산구 서계동***-** 서울역 풍림 아이원플러스 ***호,2005302009523200255,3020000,,,,03,폐업,,,02-711-3245
,녹원 코리아,,,,,2026-05-01 22:48:38,I,03,폐업처리,2008-02-21 00:00:00,,,2005-04-11,,서울특별시 용산구 이태원동***-*,2005302009523200262,3020000,,,,03,폐업,,,02-795-6051
,웰피트비전,,,,,2026-05-01 22:48:38,I,03,폐업처리,2008-02-21 00:00:00,,,2005-04-12,,서울특별시 용산구 한남동***-** ***호,2005302009523200264,3020000,,,,03,폐업,,,02-749-5857
,펜타웨이브,,,,,2026-05-01 22:48:38,I,03,폐업처리,2008-02-21 00:00:00,,,2005-04-29,,서울특별시 용산구 한남동***-**,2005302009523200267,3020000,,,,03,폐업,,,
,한일,,,,,2026-05-01 22:48:38,I,03,폐업처리,2008-02-21 00:00:00,,,2005-08-09,,서울특별시 용산구 후암동***-* 대도빌딩 *층,2005302009523200268,3020000,,,,03,폐업,,,02-779-0455
,지성물산(나노택),,,,,2026-05-01 22:48:38,I,03,폐업처리,2008-02-21 00:00:00,,,2005-07-07,,서울특별시 용산구 갈월동**-*,2005302009523200273,3020000,,,,03,폐업,,,02-714-5028
,명성코리아,,,,,2026-05-01 22:48:39,I,03,폐업처리,2008-02-21 00:00:00,,,2005-09-14,,서울특별시 용산구 서계동**-**,2005302009523200278,3020000,,,,03,폐업,,,02-719-0903
,유일유통,,,,,2026-05-01 22:48:39,I,03,폐업처리,2008-02-21 00:00:00,,,2006-10-27,,서울특별시 용산구 서계동***-*,2006302009523200084,3020000,,,,03,폐업,,,02-706-1625
,(주)애드밀웨딩문화원,,,,,2026-05-01 22:48:39,I,03,폐업처리,2008-02-21 00:00:00,,,2006-10-17,,서울특별시 용산구 한남동***-*** 트윈빌딩 *층,2006302009523200168,3020000,,,,03,폐업,,,02-793-4488
,이롬뷰티용산대리점,,,,,2026-05-01 22:48:39,I,03,폐업처리,2008-02-21 00:00:00,,,2006-08-08,,서울특별시 용산구 이태원동**-**,2006302009523200174,3020000,,,,03,폐업,,,02-798-7503
,헬스토피아,,,,,2026-05-01 22:48:39,I,03,폐업처리,2008-02-21 00:00:00,,,2006-06-26,,서울특별시 용산구 한강로*가**-* *층,2006302009523200184,3020000,,,,03,폐업,,,02-798-4438
,카맨파크,,,,,2026-05-01 22:48:39,I,03,폐업처리,2008-02-21 00:00:00,,,2006-07-11,,서울특별시 용산구 한강로*가**-*** ***,2006302009523200226,3020000,,,,03,폐업,,,02-798-0634
,에제르,,,,,2026-05-01 22:48:39,I,03,폐업처리,2008-02-21 00:00:00,,,2006-05-04,,서울특별시 용산구 원효로*가**-*,2006302009523200241,3020000,,,,03,폐업,,,02-719-3130
,지원테크,,,,,2026-05-01 22:48:39,I,03,폐업처리,2008-02-21 00:00:00,,,2006-09-20,,서울특별시 용산구 한남동***-** 안성타워 ***호,2006302009523200259,3020000,,,,03,폐업,,,02-793-8130
,젤센,,,,,2026-05-01 22:48:39,I,03,폐업처리,2008-02-21 00:00:00,,,2006-05-04,,서울특별시 용산구 서계동***-** 풍림아이원오피스텔 ***,2006302009523200279,3020000,,,,03,폐업,,,02-706-4443
,종근당건강웰라이프,,,,,2026-05-01 22:48:39,I,03,폐업처리,2008-02-21 00:00:00,,,2006-05-04,,서울특별시 용산구 서계동***-** 풍림아이원오피스텔 ***,2006302009523200280,3020000,,,,03,폐업,,,02-706-4443
,한국포스메디,,,,,2026-05-01 22:48:39,I,03,폐업처리,2008-02-21 00:00:00,,,2006-04-10,,서울특별시 용산구 용문동**-* 지하*층,2006302009523200291,3020000,,,,03,폐업,,,02-1544-5948
,세양교역,,,,,2026-05-01 22:48:40,I,03,폐업처리,2008-02-21 00:00:00,,,2006-03-24,,서울특별시 용산구 후암동***-** 대도빌딩 *층,2006302009523200295,3020000,,,,03,폐업,,,02-755-9115
,그린프라자,,,,,2026-05-01 22:48:40,I,03,폐업처리,2008-02-21 00:00:00,,,2006-04-04,,서울특별시 용산구 원효로*가***-* 영화빌딩 지하 *호,2006302009523200296,3020000,,,,03,폐업,,,02-706-7036
,가로판매점알즈너온누리,,,,,2026-05-01 22:48:40,I,03,폐업처리,2008-02-21 00:00:00,,,2006-11-16,,서울특별시 용산구 원효로*가**-* 평화은행앞,2006302009523200297,3020000,,,,03,폐업,,,
,비젼라인,,,,,2026-05-01 22:48:40,I,03,폐업처리,2008-02-21 00:00:00,,,2006-04-24,,서울특별시 용산구 청파동*가**-*,2006302009523200299,3020000,,,,03,폐업,,,02-711-9302
,우리유통,,,,,2026-05-01 22:48:40,I,03,폐업처리,2008-02-21 00:00:00,,,2006-07-24,,서울특별시 용산구 용산동*가*-**** 지층,2006302009523200302,3020000,,,,03,폐업,,,02-3432-8188
,생각이 좋은 사람들,,,,,2026-05-01 22:48:40,I,03,폐업처리,2008-02-21 00:00:00,,,2006-04-21,,서울특별시 용산구 한남동***-**,2006302009523200305,3020000,,,,03,폐업,,,
,제일상사,,,,,2026-05-01 22:48:40,I,03,폐업처리,2008-02-21 00:00:00,,,2006-06-19,,서울특별시 용산구 후암동***-**,2006302009523200307,3020000,,,,03,폐업,,,02-778-4003
,이지웰,,,,,2026-05-01 22:48:40,I,03,폐업처리,2008-02-21 00:00:00,,,2006-10-30,,서울특별시 용산구 용문동**-* 용문하이오피스텔 B*,2006302009523200312,3020000,,,,03,폐업,,,02-706-4644
,태광라이프,,,,,2026-05-01 22:48:40,I,03,폐업처리,2008-02-21 00:00:00,,,2006-09-26,,서울특별시 용산구 효창동*-** 지층,2006302009523200315,3020000,,,,03,폐업,,,02-712-1153
,일진내츄럴,,,,,2026-05-01 22:48:40,I,03,폐업처리,2008-02-21 00:00:00,,,2006-10-31,,"서울특별시 용산구 한남동***-*** 동단빌딩 *,*층",2006302009523200319,3020000,,,,03,폐업,,,02-793-0466
,동우아트론홍보관,,,,,2026-05-01 22:48:40,I,03,폐업처리,2008-02-21 00:00:00,,,2006-11-02,,서울특별시 용산구 이태원동***-* 서울빌딩 지하층,2006302009523200321,3020000,,,,03,폐업,,,02-794-2378
,에스지네트웍(sg 네트웍),,,,,2026-05-01 22:48:40,I,03,폐업처리,2008-02-21 00:00:00,,,2006-12-06,,서울특별시 용산구 청파동*가*** 대산빌딩 *층 ***,2006302009523200328,3020000,,,,03,폐업,,,02-6671-7707
,(주)씨디피엠,,,,,2026-05-01 22:48:40,I,03,폐업처리,2008-02-21 00:00:00,,,2007-01-19,,서울특별시 용산구 원효로*가**-*,2007302009523200240,3020000,,,,03,폐업,,,02-719-3194
,광동글루코사민 21,,,,,2026-05-01 22:48:40,I,03,폐업처리,2008-02-21 00:00:00,,,2007-01-03,,서울특별시 용산구 한강로*가**-* *층,2007302009523200272,3020000,,,,03,폐업,,,02-798-4437
,(주)데이콤엔터,,,,,2026-05-01 22:48:40,I,03,폐업처리,2008-10-20 18:37:23,,,2007-04-06,,서울특별시 용산구 한강로*가***,2007302009523200287,3020000,,,,03,폐업,,,02-790-2800
,한림유통,,,,,2026-05-01 22:48:40,I,03,폐업처리,2008-02-21 00:00:00,,,2007-03-13,,서울특별시 용산구 용문동**-* 용문하이오피스텔지하*층***호,2007302009523200306,3020000,,,,03,폐업,,,
,폴라리스,,,,,2026-05-01 22:48:40,I,03,폐업처리,2008-02-21 00:00:00,,,2007-03-26,,서울특별시 용산구 이태원동***-* 혜천빌딩 지하*층,2007302009523200343,3020000,,,,03,폐업,,,02-749-7783
,연우헬스피아,,,,,2026-05-01 22:48:40,I,03,폐업처리,2008-02-21 00:00:00,,,2007-04-20,,서울특별시 용산구 청파동*가** 남양빌딩지층,2007302009523200344,3020000,,,,03,폐업,,,02-706-5440
,고려상사,,,,,2026-05-01 22:48:31,I,07,직권말소,2011-05-09 14:47:35,,,1997-02-12,,서울특별시 용산구 한강로*가***-*,1997302009523200034,3020000,,,,04,취소/말소/만료/정지/중지,,,02-798-1388
,신우상사,,,,,2026-05-01 22:48:31,I,07,직권말소,2011-05-09 14:47:05,,,1997-07-30,,서울특별시 용산구 한강로*가***,1997302009523200039,3020000,,,,04,취소/말소/만료/정지/중지,,,02-796-9811
,키토산,,,,,2026-05-01 22:48:31,I,07,직권말소,2011-05-09 14:46:35,,,1998-02-16,,서울특별시 용산구 남영동**-*,1998302009523200051,3020000,,,,04,취소/말소/만료/정지/중지,,,02-0798-4075
,국제아스트라대리점,,,,,2026-05-01 22:48:31,I,07,직권말소,2011-05-09 14:46:06,,,1999-05-03,,서울특별시 용산구 이태원동***-***,1999302009523200072,3020000,,,,04,취소/말소/만료/정지/중지,,,02-796-6619
,테크원네트시스템,,,,,2026-05-01 22:48:31,I,07,직권말소,2011-05-09 14:45:35,,,1999-11-13,,서울특별시 용산구 갈월동**-* 우신빌딩 ***,1999302009523200080,3020000,,,,04,취소/말소/만료/정지/중지,,,02-3275-2301
0,보매아통상,,0,,,2026-05-01 22:48:31,I,04,직권취소,2008-02-21 00:00:00,0,2007-12-24,1999-12-17,,서울특별시 용산구 원효로*가**-*,1999302009523200083,3020000,,,,04,취소/말소/만료/정지/중지,,,02-3472-9029
,올바른원샷,,,,,2026-05-01 22:48:31,I,07,직권말소,2011-05-09 14:44:42,,,2000-03-08,,서울특별시 용산구 한강로*가*** 조원빌딩***호,2000302009523200079,3020000,,,,04,취소/말소/만료/정지/중지,,,02-795-9628
,하트앤하트,,,,,2026-05-01 22:48:31,I,07,직권말소,2011-05-09 14:44:01,,,2000-06-05,,서울특별시 용산구 보광동**-**,2000302009523200091,3020000,,,,04,취소/말소/만료/정지/중지,,,02-988-1736
0,(주)쉐보레용산대리점,,0,197372.07134755,447758.048900927,2026-05-01 22:48:31,I,07,직권말소,2025-06-24 14:30:34,0,,1996-11-13,,서울특별시 용산구 한강로*가**-* 경화빌딩 *층,2001302009523200013,3020000,"서울특별시 용산구 한강대로 ***, *층 (한강로*가, 경화빌딩)",,,04,취소/말소/만료/정지/중지,,,02-794-3232
,한양,,,,,2026-05-01 22:48:31,I,07,직권말소,2013-02-13 09:32:52,,,2000-11-09,,서울특별시 용산구 한강로*가***-* *층,2001302009523200103,3020000,,,,04,취소/말소/만료/정지/중지,,,02-792-8711
,쌍용자동차용산판매대리점,,,197304.435486058,447670.053953628,2026-05-01 22:48:31,I,01,정상영업,2020-06-10 09:24:44,,,2001-01-12,,서울특별시 용산구 한강로*가 ***번지 *호 귀뚜라미보일러서비스센타,2001302009523200105,3020000,서울특별시 용산구 한강대로 *** (한강로*가),04382,,01,영업/정상,,,02-790-2411
,알로에마임보광지사,,,,,2026-05-01 22:48:31,I,07,직권말소,2011-05-09 14:42:59,,,2001-02-19,,서울특별시 용산구 보광동***-*,2001302009523200109,3020000,,,,04,취소/말소/만료/정지/중지,,,02-796-3422
0,(주)패밀리 클럽,,0,,,2026-05-01 22:48:31,I,07,직권말소,2011-05-09 14:42:05,0,,2001-03-29,,서울특별시 용산구 한남동***-** 안성타워*층,2001302009523200112,3020000,,,,04,취소/말소/만료/정지/중지,,,02-763-4467
0,(주)이건통상,,100000000,,,2026-05-01 22:48:31,I,07,직권말소,2011-05-09 14:41:41,0,,2001-07-12,,서울특별시 용산구 갈월동*-** 은성빌딩 *층,2001302009523200128,3020000,,,,04,취소/말소/만료/정지/중지,,,02-777-3237
,두루통상,,,,,2026-05-01 22:48:31,I,07,직권말소,2011-05-09 14:41:09,,,2001-08-17,,서울특별시 용산구 원효로*가**-*,2001302009523200130,3020000,,,,04,취소/말소/만료/정지/중지,,,02-714-0002
145090357,(주)사이버테마,,50000000,,,2026-05-01 22:48:31,I,07,직권말소,2011-05-09 14:40:40,108963170,,2001-09-19,,서울특별시 용산구 신계동**-* *층,2001302009523200134,3020000,,,,04,취소/말소/만료/정지/중지,,,02-711-4445
,네오키드픽처북스,,,,,2026-05-01 22:48:31,I,07,직권말소,2011-05-09 14:39:55,,,2001-10-08,,서울특별시 용산구 청파동*가**-* ***-나,2001302009523200135,3020000,,,,04,취소/말소/만료/정지/중지,,,02-3272-7987
,이롬라이프용산점,,,,,2026-05-01 22:48:32,I,07,직권말소,2011-05-09 14:39:01,,,2001-10-13,,서울특별시 용산구 한강로*가**-* 삼화빌딩 *D-***,2001302009523200136,3020000,,,,04,취소/말소/만료/정지/중지,,,02-790-1491
0,(주)토마토클럽,,0,,,2026-05-01 22:48:32,I,07,직권말소,2011-05-09 14:37:45,0,,2001-12-26,,서울특별시 용산구 한남동***-***,2001302009523200141,3020000,,,,04,취소/말소/만료/정지/중지,,,02-565-2307
,다가져닷컴,,,,,2026-05-01 22:48:32,I,07,직권말소,2011-05-09 14:37:21,,,2001-12-27,,서울특별시 용산구 한강로*가***-,2001302009523200142,3020000,,,,04,취소/말소/만료/정지/중지,,,02-793-5887
373243653,샤크리코리아(주),,349920843,,,2026-05-01 22:48:32,I,07,직권말소,2011-05-09 14:34:07,23322810,,2002-04-17,,서울특별시 용산구 갈월동**-**,2002302009523200156,3020000,,,,04,취소/말소/만료/정지/중지,,,02-718-1686
6898651492,(주) 지파,,1136454793,,,2026-05-01 22:48:32,I,07,직권말소,2011-05-09 14:29:51,5762196690,,2002-06-07,,서울특별시 용산구 용산동*가*-***,2002302009523200158,3020000,,,,04,취소/말소/만료/정지/중지,,,02-775-7372
,한일테크,,,,,2026-05-01 22:48:33,I,07,직권말소,2011-05-09 14:29:19,,,2002-08-07,,서울특별시 용산구 이태원동***-**,2002302009523200165,3020000,,,,04,취소/말소/만료/정지/중지,,,02-795-1049
,미강마을,,,,,2026-05-01 22:48:33,I,07,직권말소,2011-05-09 14:27:01,,,2002-11-18,,서울특별시 용산구 보광동*** 정수기동대 A-****,2002302009523200173,3020000,,,,04,취소/말소/만료/정지/중지,,,02-792-8921
500000000,(주)유비젼,,50000000,,,2026-05-01 22:48:33,I,07,직권말소,2011-05-09 14:25:03,0,,2002-12-16,,서울특별시 용산구 신계동**-*,2002302009523200177,3020000,,,,04,취소/말소/만료/정지/중지,,,02-713-2285
,현대영어사(윤선생영어),,,197059.739243751,449146.256652348,2026-05-01 22:48:33,I,07,직권말소,2021-10-29 17:14:54,,,2003-12-18,140-133,서울특별시 용산구 청파동*가 ***번지 *호,2003302009523200029,3020000,서울특별시 용산구 청파로**길 ** (청파동*가),,,04,취소/말소/만료/정지/중지,,,02-701-3227
,(주)네오버드,,,,,2026-05-01 22:48:35,I,04,직권취소,2008-02-21 00:00:00,,2007-12-24,2003-04-03,,"서울특별시 용산구 한강로*가**-* *, *층",2003302009523200188,3020000,,,,04,취소/말소/만료/정지/중지,,,02-793-0080
300000000,현대한강판매대리점,,50000000,199162.133975379,446755.668517054,2026-05-01 22:48:35,I,07,직권말소,2025-06-24 14:30:13,100000000,,2003-05-24,,서울특별시 용산구 서빙고동 *** 그린파크아파트,2003302009523200194,3020000,"서울특별시 용산구 서빙고로**길 **, 그린파크아파트 상가 ***~***호 (서빙고동, 그린파크아파트)",04384,,04,취소/말소/만료/정지/중지,,,02-790-4481
0,R3,,0,,,2026-05-01 22:48:35,I,04,직권취소,2008-02-21 00:00:00,0,2007-12-31,2003-06-13,,서울특별시 용산구 효창동*-***,2003302009523200197,3020000,,,,04,취소/말소/만료/정지/중지,,,02-701-9426
,메디코리아,,,,,2026-05-01 22:48:35,I,07,직권말소,2013-02-13 09:35:04,,,2003-10-08,,"서울특별시 용산구 서계동***-** 힐타워*,*층",2003302009523200205,3020000,,,,04,취소/말소/만료/정지/중지,,,02-701-5886
,디지털월드,,,,,2026-05-01 22:48:35,I,07,직권말소,2011-05-09 14:24:19,,,2003-10-20,,서울특별시 용산구 도원동** 삼성래미안(아)***-****,2003302009523200206,3020000,,,,04,취소/말소/만료/정지/중지,,,02-6371-4510
,우리쌀(주),,,,,2026-05-01 22:48:35,I,04,직권취소,2008-02-21 00:00:00,,2007-12-31,2003-11-04,,서울특별시 용산구 이촌동***-*,2003302009523200211,3020000,,,,04,취소/말소/만료/정지/중지,,,02-252-2254
,생그린용산,,,197419.156230884,448865.177027526,2026-05-01 22:48:35,I,07,직권말소,2020-06-29 13:34:17,,,2004-12-09,140-150,서울특별시 용산구 갈월동 **번지 **호,2004302009523200050,3020000,서울특별시 용산구 한강대로**길 ** (갈월동),,,04,취소/말소/만료/정지/중지,,,02-3272-4543
,현대자동차한남판매대리점,,,200597.33115081,447832.386552781,2026-05-01 22:48:35,I,07,직권말소,2025-06-24 14:29:52,,,2004-12-03,140-210,서울특별시 용산구 한남동 ***번지,2004302009523200062,3020000,"서울특별시 용산구 독서당로**길 *, *층 (한남동)",,,04,취소/말소/만료/정지/중지,,,02-790-5454
50000000,(주)황삼나라,,50000000,,,2026-05-01 22:48:36,I,07,직권말소,2011-05-09 14:22:38,0,,2004-01-16,,서울특별시 용산구 한남동***-** *층 *****,2004302009523200215,3020000,,,,04,취소/말소/만료/정지/중지,,,02-795-1966
0,(주)맥코이 메디칼,,0,,,2026-05-01 22:48:36,I,04,직권취소,2008-07-15 15:11:16,0,2007-12-31,2004-02-05,,서울특별시 용산구 한남동***-*,2004302009523200217,3020000,,,,04,취소/말소/만료/정지/중지,,,02-749-3210
,동의의료기,,,,,2026-05-01 22:48:37,I,04,직권취소,2008-02-21 00:00:00,,2007-12-31,2004-07-05,,서울특별시 용산구 한남동***-*,2004302009523200222,3020000,,,,04,취소/말소/만료/정지/중지,,,02-796-5605
,한남웰리스센타,,,,,2026-05-01 22:48:37,I,07,직권말소,2011-05-09 14:22:06,,,2004-06-02,,서울특별시 용산구 한남동**-** 남한빌딩 지하*층,2004302009523200227,3020000,,,,04,취소/말소/만료/정지/중지,,,02-749-0081
,다스아이텍,,,,,2026-05-01 22:48:37,I,04,직권취소,2008-02-21 00:00:00,,2007-12-24,2004-06-12,,서울특별시 용산구 한강로*가**-*** 고려빌딩 ***,2004302009523200228,3020000,,,,04,취소/말소/만료/정지/중지,,,02-798-0598
,(주)그린넥스(지점),,,,,2026-05-01 22:48:37,I,04,직권취소,2008-02-21 00:00:00,,2007-12-31,2004-06-28,,서울특별시 용산구 남영동**-* 남영빌딩 ***호,2004302009523200231,3020000,,,,04,취소/말소/만료/정지/중지,,,02-795-9532
,서울귀금속,,,,,2026-05-01 22:48:37,I,07,직권말소,2011-05-09 14:21:30,,,2004-07-05,,서울특별시 용산구 청파동*가**-** ***호,2004302009523200232,3020000,,,,04,취소/말소/만료/정지/중지,,,02-711-6170
,삼진유통,,,,,2026-05-01 22:48:37,I,07,직권말소,2011-05-09 14:20:53,,,2004-08-30,,서울특별시 용산구 한남동***-**,2004302009523200234,3020000,,,,04,취소/말소/만료/정지/중지,,,02-796-4808
,대우자동차 한남영업소,,,,,2026-05-01 22:48:37,I,04,직권취소,2008-07-15 15:15:12,,2007-12-24,2004-09-08,,서울특별시 용산구 한남동***-***,2004302009523200235,3020000,,,,04,취소/말소/만료/정지/중지,,,02-326-3310
,미래행복,,,,,2026-05-01 22:48:37,I,04,직권취소,2008-02-21 00:00:00,,2007-12-24,2004-09-14,,서울특별시 용산구 한강로*가**-* *층,2004302009523200236,3020000,,,,04,취소/말소/만료/정지/중지,,,02-873-1188
,두앤비,,,,,2026-05-01 22:48:37,I,07,직권말소,2013-02-13 09:36:06,,,2004-11-03,,서울특별시 용산구 이촌동*** 한가람(아) ***-****,2004302009523200242,3020000,,,,04,취소/말소/만료/정지/중지,,,02-796-0658
,(주)한국경제교육,,,,,2026-05-01 22:48:37,I,04,직권취소,2008-02-21 00:00:00,,2007-12-24,2004-11-29,,서울특별시 용산구 갈월동*-*** *층,2004302009523200246,3020000,,,,04,취소/말소/만료/정지/중지,,,02-777-2486
,우진파낙스월드,,,,,2026-05-01 22:48:37,I,04,직권취소,2008-02-21 00:00:00,,2007-12-31,2004-12-13,,서울특별시 용산구 후암동***-* *층,2004302009523200247,3020000,,,,04,취소/말소/만료/정지/중지,,,02-777-3376
,카오코리아,,,,,2026-05-01 22:48:37,I,07,직권말소,2011-05-09 14:20:17,,,2004-12-23,,서울특별시 용산구 서계동**-**,2004302009523200251,3020000,,,,04,취소/말소/만료/정지/중지,,,02-703-3926
,나리통상,,,,,2026-05-01 22:48:37,I,07,직권말소,2011-05-09 14:19:20,,,2005-07-14,,서울특별시 용산구 한강로*가**-*** 천일빌딩*층,2005302009523200140,3020000,,,,04,취소/말소/만료/정지/중지,,,02-793-7310
25148736000000,에스케이텔레콤(주),,30493000000,198614.978577595,451577.838950867,2026-05-01 03:03:03,U,01,정상영업,2026-04-30 15:29:11,13157686000000,,2012-03-30,,서울특별시 중구 을지로*가 **번지 SK텔레콤빌딩,2012301010023200010,3010000,"서울특별시 중구 을지로 **, SK텔레콤빌딩 (을지로*가)",04539,,01,영업/정상,,,02-6100-2114
528160950865,(주)크라운제과,,7822695000,197606.428915897,448718.610876089,2026-05-01 22:48:41,I,01,정상영업,2012-08-28 10:23:47,290703081711,,2007-09-19,140-160,서울특별시 용산구 남영동 ***번지 *호,2007302009523200364,3020000,서울특별시 용산구 한강대로**길 * (남영동),,,01,영업/정상,,,02-791-9133
,한성씨앤티,,,199678.685128404,448086.564575334,2026-05-01 22:48:41,I,07,직권말소,2011-05-09 14:05:50,,,2007-09-28,140-210,서울특별시 용산구 한남동 ***번지 **호 *층,2007302009523200365,3020000,"서울특별시 용산구 이태원로 *** (한남동,*층)",,,04,취소/말소/만료/정지/중지,,,02-749-2076
10000000,(주)기프츠,,10000000,197418.853136927,449290.688144064,2026-05-01 22:48:41,I,07,직권말소,2011-05-09 14:05:05,0,,2007-10-02,140-806,서울특별시 용산구 갈월동 **번지 **호 유니온빌딩 ***,2007302009523200366,3020000,"서울특별시 용산구 한강대로 *** (갈월동,유니온빌딩 ***)",,,04,취소/말소/만료/정지/중지,,,02-706-3868
,에스엠커뮤니티,,,197492.006217098,448773.777810385,2026-05-01 22:48:41,I,07,직권말소,2011-05-09 14:01:28,,,2007-10-31,140-150,서울특별시 용산구 갈월동 **번지 **호 청룡빌딩 지하,2007302009523200370,3020000,"서울특별시 용산구 한강대로 *** (갈월동,청룡빌딩 지하)",,,04,취소/말소/만료/정지/중지,,,02-790-2809
,에버월드,,,198787.122155935,448929.004650606,2026-05-01 22:48:41,I,07,직권말소,2011-05-09 14:01:03,,,2007-11-30,140-842,서울특별시 용산구 용산동*가 **번지 *호,2007302009523200372,3020000,서울특별시 용산구 신흥로*길 * (용산동*가),,,04,취소/말소/만료/정지/중지,,,
,에이스파워,,,197032.064648255,447939.059205284,2026-05-01 22:48:41,I,07,직권말소,2011-05-09 14:00:40,,,2008-01-08,140-746,서울특별시 용산구 한강로*가 **번지 *호 나진상가**동 *층 나열 ***호,2008302009523200002,3020000,,,,04,취소/말소/만료/정지/중지,,,02-6733-3982
,삼이육,,,197971.521923251,449728.611418133,2026-05-01 22:48:41,I,07,직권말소,2015-12-30 15:20:06,,,2008-01-11,140-190,서울특별시 용산구 후암동 ***번지 **호 *통 *반 ***호,2008302009523200003,3020000,"서울특별시 용산구 후암로**길 **, ***호 (후암동)",,,04,취소/말소/만료/정지/중지,,,02-3789-9753
1795648032,(주)화랑테크,,480000000,197992.36817839,450200.849062547,2026-05-01 22:48:41,I,07,직권말소,2010-12-20 10:15:59,1452157855,,2008-05-28,140-903,서울특별시 용산구 후암동 ***번지 **호 *층,2008302009523200010,3020000,"서울특별시 용산구 소월로*나길 ** (후암동,*층)",,,04,취소/말소/만료/정지/중지,,,02-1588-2040
,헬스유통,,,196762.077394917,447480.039577359,2026-05-01 22:48:41,I,07,직권말소,2011-05-09 14:00:01,,,2008-06-03,140-780,서울특별시 용산구 한강로*가 **번지 ***호 **층,2008302009523200011,3020000,,,,04,취소/말소/만료/정지/중지,,,02-992-0231
0,트래블앤드어드벤처(주),,50000000,197774.607317697,450107.464524877,2026-05-01 22:48:41,I,07,직권말소,2013-02-13 09:40:26,0,,2008-08-01,140-170,서울특별시 용산구 동자동 *번지 *호 성사빌딩 *층,2008302009523200015,3020000,"서울특별시 용산구 후암로 ** (동자동,성사빌딩 *층)",,,04,취소/말소/만료/정지/중지,,,02-772-9982
3930647244,유성통신판매(주),,137762279,196611.853790017,446963.630871436,2026-05-01 22:48:41,I,07,직권말소,2015-12-30 15:17:17,3792884965,,2008-10-01,140-880,서울특별시 용산구 한강로*가 **번지 **호,2008302009523200018,3020000,서울특별시 용산구 한강대로*길 **-** (한강로*가),,,04,취소/말소/만료/정지/중지,,,
65375000,성결기독상조,,50000000,197105.426566714,447582.719757807,2026-05-01 22:48:41,I,07,직권말소,2011-05-09 13:59:25,15375000,,2008-10-31,140-871,서울특별시 용산구 한강로*가 *번지 **호 현대하이엘 ****,2008302009523200019,3020000,"서울특별시 용산구 새창로 ***-** (한강로*가,현대하이엘 ****)",,,04,취소/말소/만료/정지/중지,,,02-792-7145
150000000,(주)파워케이씨아이,,150000000,197464.28971822,449500.205443078,2026-05-01 22:48:41,I,07,직권말소,2015-12-30 15:15:15,0,,2009-01-23,140-801,서울특별시 용산구 갈월동 *번지 **호 신성빌딩 *층,2009302009523200003,3020000,"서울특별시 용산구 한강대로 *** (갈월동,신성빌딩 *층)",,,04,취소/말소/만료/정지/중지,,,1544-8330
,디자인북,,,196762.077394917,447480.039577359,2026-05-01 22:48:41,I,07,직권말소,2011-05-09 13:58:43,,,2009-03-09,140-780,서울특별시 용산구 한강로*가 **번지 ***호 용산역 *층,2009302009523200007,3020000,,,,04,취소/말소/만료/정지/중지,,,02-792-8270
,한강정보통신,,,196788.947510258,448448.976444102,2026-05-01 22:48:41,I,07,직권말소,2011-05-09 13:58:08,,,2009-04-09,140-847,서울특별시 용산구 원효로*가 *번지 *호 KT원효사옥내KT라인 *층,2009302009523200009,3020000,"서울특별시 용산구 백범로 *** (원효로*가,KT원효사옥내KT라인 *층)",,,04,취소/말소/만료/정지/중지,,,
,선바이오비즈,,,196052.671605395,446974.616971453,2026-05-01 22:48:41,I,07,직권말소,2011-05-09 13:57:44,,,2009-05-11,140-909,서울특별시 용산구 이촌동 ***번지 **호 *통 *반 *호,2009302009523200013,3020000,"서울특별시 용산구 이촌로**길 **-**, *호 (이촌동)",,,04,취소/말소/만료/정지/중지,,,02-706-8264
50000000,(주) 태후무역,,50000000,,,2026-05-01 22:48:41,I,07,직권말소,2015-12-30 15:13:37,0,,2009-07-24,140-120,서울특별시 용산구 효창동 **번지 **호,2009302009523200015,3020000,서울특별시 용산구 백범로**길 **-** (효창동),,,04,취소/말소/만료/정지/중지,,,070-7689-1737
1780793456,주식회사 넘버원트랜스,,144894653,197894.485923645,449297.018186721,2026-05-01 22:48:41,I,07,직권말소,2013-02-13 09:41:20,93845744,,2009-08-26,140-901,서울특별시 용산구 후암동 ***번지 *호 용암빌딩 ***호,2009302009523200018,3020000,"서울특별시 용산구 두텁바위로 **, ***호 (후암동,용암빌딩)",,,04,취소/말소/만료/정지/중지,,,02-3789-9918
,코스모아,,,200480.927496779,447816.16208733,2026-05-01 22:48:41,I,07,직권말소,2011-05-09 13:56:39,,,2009-09-07,140-889,서울특별시 용산구 한남동 **번지 *호 *층,2009302009523200019,3020000,"서울특별시 용산구 대사관로**길 ** (한남동,*층)",,,04,취소/말소/만료/정지/중지,,,02-749-0830
466898210700,(주) 엘에스네트웍스 토요타 용산점,,394278995000,,,2026-05-01 22:48:41,I,07,직권말소,2015-12-30 15:12:26,60732558347,,2009-10-06,140-702,서울특별시 용산구 한강로*가 LS용산타워 *층,2009302009523200022,3020000,,,,04,취소/말소/만료/정지/중지,,,02-799-7700
,명성물산,,,,,2026-05-01 22:48:42,I,07,직권말소,2011-05-09 13:55:36,,,2010-01-21,140-120,서울특별시 용산구 효창동 *-** ***,2010302009523200001,3020000,,,,04,취소/말소/만료/정지/중지,,,1544-4332
,GG네트웍스,2025-12-30,,172425.209910668,439849.221555354,2026-05-01 22:48:46,I,03,폐업처리,2025-12-30 13:32:59,,,2016-04-21,,인천광역시 미추홀구 주안동 ***-* 르네상스빌딩 지하*층 ***호,2018351054723200011,3510500,"인천광역시 미추홀구 경원대로 ***, 르네상스빌딩 지하*층 ***호 (주안동)",22134,,03,폐업,,,
,대노복지사업단,,,197514.533445063,449247.545706823,2026-05-01 22:48:42,I,07,직권말소,2015-12-30 15:09:37,,,2010-09-03,140-150,서울특별시 용산구 갈월동 **번지 *호,2010302009523200013,3020000,"서울특별시 용산구 두텁바위로*길 *, 지층 (갈월동)",,,04,취소/말소/만료/정지/중지,,,
,대운,,,195529.949270409,448168.55253847,2026-05-01 22:48:42,I,07,직권말소,2015-12-30 15:08:12,,,2011-01-04,140-040,서울특별시 용산구 산천동 ***번지 한강타운@***-***,2011302009523200001,3020000,"서울특별시 용산구 새창로*길 *** (산천동,한강타운@***-***)",,,04,취소/말소/만료/정지/중지,,,
,화장품판매,,,196869.224918127,449576.416293267,2026-05-01 22:48:42,I,07,직권말소,2015-12-30 15:04:57,,,2011-01-26,140-131,서울특별시 용산구 청파동*가 **번지 **호 평화빌 ***호 **/*,2011302009523200002,3020000,"서울특별시 용산구 효창원로**다길 * (청파동*가,평화빌 ***호 **/*)",,,04,취소/말소/만료/정지/중지,,,
147669497,(주)가온비투비,,37523640,197698.1694168,449863.755347723,2026-05-01 22:48:42,I,07,직권말소,2013-02-13 09:43:31,110145857,,2011-02-09,140-170,서울특별시 용산구 동자동 **번지 **호 청운빌딩***,2011302009523200003,3020000,"서울특별시 용산구 한강대로***마길 ** (동자동,청운빌딩***)",,,04,취소/말소/만료/정지/중지,,,02-3789-8803
808923255,(주)엔에이치지,,50000000,197474.673294114,450229.427777316,2026-05-01 22:48:42,I,07,직권말소,2025-06-24 14:28:45,759872377,,2011-02-18,140-821,서울특별시 용산구 동자동 **번지 ***호 *층,2011302009523200004,3020000,"서울특별시 용산구 한강대로 *** (동자동,*층)",,,04,취소/말소/만료/정지/중지,,,02-711-4010
,그리메,,,,,2026-05-01 22:48:42,I,07,직권말소,2015-12-30 14:54:51,,,2011-05-11,140-190,서울특별시 용산구 후암동 ***-*  *층**호,2011302009523200008,3020000,,,,04,취소/말소/만료/정지/중지,,,
,빨간고추,,,,,2026-05-01 22:48:42,I,07,직권말소,2015-12-30 14:53:54,,,2011-07-01,140-822,서울특별시 용산구 보광동 **번지 ****호,2011302009523200013,3020000,,,,04,취소/말소/만료/정지/중지,,,
,한강,,,196646.132777565,447012.789536009,2026-05-01 22:48:42,I,07,직권말소,2015-12-30 14:51:48,,,2011-07-29,140-013,서울특별시 용산구 한강로*가 **번지 ***호 **-***  **/*,2011302009523200017,3020000,서울특별시 용산구 한강대로**길 **-** (한강로*가),,,04,취소/말소/만료/정지/중지,,,
754127502,(주) 우리정보통신DCI,,150000000,197157.410238887,448904.971271759,2026-05-01 22:48:42,I,07,직권말소,2015-12-30 14:50:20,363513482,,2011-08-11,140-133,서울특별시 용산구 청파동*가 ***번지 *호 ***-* 동양빌딩*층,2011302009523200018,3020000,"서울특별시 용산구 원효로**길 **, *층 (청파동*가, 동양빌딩)",,,04,취소/말소/만료/정지/중지,,,
,남산,,,198695.513348374,449296.948127546,2026-05-01 22:48:42,I,07,직권말소,2015-12-30 14:49:33,,,2011-08-12,140-022,서울특별시 용산구 용산동*가 **번지 *호 **-*  */*,2011302009523200020,3020000,서울특별시 용산구 신흥로**길 *-* (용산동*가),,,04,취소/말소/만료/정지/중지,,,
1000000000,주식회사 하우스테크,,100000000,196449.887166338,448102.817742762,2026-05-01 22:48:42,I,01,정상영업,2012-02-14 11:06:16,0,,2010-01-22,140-847,서울특별시 용산구 원효로*가 **번지 *호 *층,2012302009523200006,3020000,"서울특별시 용산구 원효로 ***, *층 (원효로*가)",,,01,영업/정상,,,02-707-2952
,영원히 빛나리라,,,196915.669531173,446543.042586716,2026-05-01 22:48:42,I,07,직권말소,2015-12-30 14:48:11,,,2012-02-10,140-744,서울특별시 용산구 이촌*동 ***번지 이촌아파트 ***동 ****호,2012302009523200007,3020000,"서울특별시 용산구 이촌로**길 ** (이촌동, 이촌아파트 ***동 ****호)",,,04,취소/말소/만료/정지/중지,,,02-793-5373
120000000,주식회사 피플글로벌,,1000000,200743.543180415,448009.323339877,2026-05-01 22:48:42,I,07,직권말소,2015-12-30 14:47:13,118000000,,2012-05-02,140-210,"서울특별시 용산구 한남동 **번지 **호 춘강빌딩 *,*층",2012302009523200011,3020000,"서울특별시 용산구 독서당로 ** (한남동, 춘강빌딩 *,*층)",,,04,취소/말소/만료/정지/중지,,,
965000000,(주)탑누리커뮤니티,,728000000,197083.100438264,447552.774477998,2026-05-01 22:48:42,I,07,직권말소,2013-02-25 11:14:34,247000000,,2010-10-27,140-012,서울특별시 용산구 한강로*가 *번지 **호 토트밸리 ***호,2012302009523200012,3020000,"서울특별시 용산구 새창로 *** (한강로*가, 토투밸리 ***호)",,,04,취소/말소/만료/정지/중지,,,02-553-3599
50000000,헥사머터리얼스 (주),,50000000,197083.100438264,447552.774477998,2026-05-01 22:48:42,I,07,직권말소,2015-12-30 14:45:19,0,,2012-09-13,140-012,서울특별시 용산구 한강로*가 *번지 **호,2012302009523200016,3020000,서울특별시 용산구 새창로 *** (한강로*가),,,04,취소/말소/만료/정지/중지,,,
1000000000,웃는사람들,,2000000000,200101.772477599,448422.076473631,2026-05-01 22:48:42,I,07,직권말소,2015-12-30 14:46:06,1000000000,,2012-09-26,140-210,서울특별시 용산구 한남동 ***번지 *호,2012302009523200018,3020000,서울특별시 용산구 이태원로**길 * (한남동),,,04,취소/말소/만료/정지/중지,,,02-790-3780
104983678,(주) 세인웰리트,,10000000,198033.158747646,450162.299770537,2026-05-01 22:48:42,I,07,직권말소,2020-06-29 13:29:28,120142366,,2010-01-29,140-190,서울특별시 용산구 후암동 ***번지 ***호 ***-*** 동광빌딩 ***,2010302009523200003,3020000,"서울특별시 용산구 소월로*다길 **, ***호 (후암동, 동광빌딩)",,,04,취소/말소/만료/정지/중지,,,
1992038857,(주)하넥스지앤지,,383622232,,,2026-05-01 22:48:42,I,07,직권말소,2011-05-09 14:04:25,1608416625,,2010-04-20,140-719,서울특별시 용산구 원효로*가 **-* 청진빌딩***호,2010302009523200008,3020000,,,,04,취소/말소/만료/정지/중지,,,32717788
1848355341,카스정보통신(주),,1000000000,196306.051443697,448126.950073013,2026-05-01 22:48:42,I,07,직권말소,2015-12-30 15:10:34,2315117987,,2010-04-22,140-113,서울특별시 용산구 원효로*가 *번지 *호 *-* (주)KT국제전화국구관*층,2010302009523200009,3020000,"서울특별시 용산구 원효로**길 **, *층 (원효로*가, (주)KT국제전화국구관)",,,04,취소/말소/만료/정지/중지,,,20770000
1084515386,(주)  가가특판,,50000000,197105.426566714,447582.719757807,2026-05-01 22:48:43,I,07,직권말소,2021-10-29 17:12:35,317582716,,2015-01-30,,,2015302015023200002,3020000,"서울특별시 용산구 새창로 ***-**, ***호 (한강로*가, 한강현대하이엘)",,,04,취소/말소/만료/정지/중지,,,070-4709-0303
,제이에스에이치로하스,,,197642.670601717,449983.351913454,2026-05-01 22:48:43,I,07,직권말소,2017-04-17 15:52:22,,,2015-03-06,,,2015302015023200004,3020000,서울특별시 용산구 후암로**길 ** (동자동),,,04,취소/말소/만료/정지/중지,,,
,트랜스글로벌,,,197726.663325454,449872.567654244,2026-05-01 22:48:42,I,07,직권말소,2018-11-16 14:37:59,,,2012-09-27,,,2012302009523200019,3020000,"서울특별시 용산구 한강대로***마길 **, A동 ***호 (동자동, 동자아파트)",,,04,취소/말소/만료/정지/중지,,,070-7829-5449
,리더스웨이,,,195017.825238933,449466.658494992,2026-05-01 22:48:43,I,07,직권말소,2015-12-30 14:17:47,,,2012-07-19,121-874,서울특별시 마포구 염리동 ***번지 **호,2012302009523200025,3020000,"서울특별시 용산구 청파로 ***, **동 지하*층 **호 (한강로*가, 나진상가)",,,04,취소/말소/만료/정지/중지,,,
293944532,(주) 에스티씨에덴,,50000000,200887.091124451,447766.630012917,2026-05-01 22:48:43,I,07,직권말소,2025-06-24 14:31:33,5706949919,,2005-06-02,,서울특별시 용산구 한남동 **번지 ***호 *층,2012302009523200026,3020000,"서울특별시 용산구 유엔빌리지길 **, *층 (한남동)",04420,,04,취소/말소/만료/정지/중지,,,02-3438-0604
0,(주) 소밍,,1000000,196243.233632369,448527.722690586,2026-05-01 22:48:43,I,07,직권말소,2015-12-31 10:57:47,0,,2012-12-20,,,2012302009523200028,3020000,서울특별시 용산구 새창로**길 **-** (도원동),,,04,취소/말소/만료/정지/중지,,,
,윤선생영어교실 이촌센터,,,196292.452133621,446839.941676721,2026-05-01 22:48:43,I,07,직권말소,2015-12-30 14:16:15,,,2013-01-02,140-031,서울특별시 용산구 이촌동 ***번지 *호,2013302009523200001,3020000,서울특별시 용산구 이촌로 ***-* (이촌동),,,04,취소/말소/만료/정지/중지,,,02-797-0579
1059089856,(주)브이테크놀로지,,427093821,,,2026-05-01 22:48:43,I,07,직권말소,2015-12-30 14:15:28,631996035,,2012-01-27,140-210,서울특별시 용산구 한남동 **번지 *호 천용빌딩 *층,2013302009523200004,3020000,"서울특별시 용산구 독서당로 **, *층 (한남동, 천용빌딩)",,,04,취소/말소/만료/정지/중지,,,02-796-3261
9101383765,(주)노블리아라이프,,,197257.433273026,449477.356918043,2026-05-01 22:48:43,I,07,직권말소,2021-10-29 17:13:14,14644905390,,2003-07-08,140-131,서울특별시 용산구 청파동*가 ***번지 *호 제일빌딩***호,2013302009523200011,3020000,"서울특별시 용산구 청파로**길 *, ***호 (청파동*가, 제일빌딩)",,,04,취소/말소/만료/정지/중지,,,1600-4445
,우리 맛,,,196282.416479777,448030.537704212,2026-05-01 22:48:43,I,07,직권말소,2025-06-24 14:13:19,,,2013-06-28,140-113,서울특별시 용산구 원효로*가 **번지 **호,2013302009523200012,3020000,"서울특별시 용산구 원효로**길 **, *층 (원효로*가)",,,04,취소/말소/만료/정지/중지,,,070-8160-7740
2000,(주)르노삼성자동차용산대리점,,2000,197464.28971822,449500.205443078,2026-05-01 22:48:43,I,07,직권말소,2025-06-24 14:11:15,0,,2013-07-31,140-150,서울특별시 용산구 갈월동 *번지 **호,2013302009523200013,3020000,"서울특별시 용산구 한강대로 ***, *층 (갈월동)",,,04,취소/말소/만료/정지/중지,,,02-798-3326
10000000,케이에스라이프상조주식회사,,10000000,197270.471345418,449109.369155823,2026-05-01 22:48:43,I,07,직권말소,2020-06-29 13:28:54,0,,2014-01-15,140-133,서울특별시 용산구 청파동*가 **번지 **호,2014302009523200003,3020000,"서울특별시 용산구 청파로**길 **, *층 *호 (청파동*가)",,,04,취소/말소/만료/정지/중지,,,02-713-5308
,서원프라자,,,196653.679343987,448752.029352707,2026-05-01 22:48:43,I,07,직권말소,2015-12-30 14:11:35,,,2013-04-09,140-896,서울특별시 용산구 효창동 *번지 **호,2014302009523200005,3020000,서울특별시 용산구 효창원로**길 ** (효창동),,,04,취소/말소/만료/정지/중지,,,02-2231-7817
,윤선생영어교실,,,196659.028710052,448807.802891618,2026-05-01 22:48:43,I,01,정상영업,2014-02-28 09:42:10,,,2014-02-28,140-120,서울특별시 용산구 효창동 *번지 **호,2014302009523200006,3020000,"서울특별시 용산구 효창원로**길 **, *층 (효창동)",,,01,영업/정상,,,
,대운,,,195529.949270409,448168.55253847,2026-05-01 22:48:43,I,01,정상영업,2014-04-16 17:40:55,,,2014-04-16,140-040,서울특별시 용산구 산천동 ***번지,2014302009523200009,3020000,"서울특별시 용산구 새창로*길 ***, ***동 ***호 (산천동, 한강타운)",,,01,영업/정상,,,
,엔엔에스(N&S),,,198487.574146381,449602.276701304,2026-05-01 22:48:43,I,07,직권말소,2018-11-16 14:39:29,,,2014-05-01,140-190,서울특별시 용산구 후암동 ***번지 ***호,2014302009523200010,3020000,"서울특별시 용산구 두텁바위로**길 **, *,b*층 ***호 (후암동, 대원빌딩본관)",,,04,취소/말소/만료/정지/중지,,,02-798-1517
16000000,(주)국방복지상조,,300000000,197436.762320358,447735.185993825,2026-05-01 22:48:43,I,07,직권말소,2018-11-16 14:39:52,286032644,,2014-05-12,140-012,서울특별시 용산구 한강로*가 **번지 *호,2014302009523200011,3020000,서울특별시 용산구 한강대로**길 ** (한강로*가),,,04,취소/말소/만료/정지/중지,,,02-749-0082
,에스알엔,,,197501.954803774,448720.71242024,2026-05-01 22:48:43,I,07,직권말소,2020-06-29 13:28:23,,,2014-05-29,,,2014302009523200013,3020000,"서울특별시 용산구 한강대로 ***, *층 (갈월동, 서조빌딩)",04322,,04,취소/말소/만료/정지/중지,,,02-792-5524
0,(주)국방상조,,0,197436.762320358,447735.185993825,2026-05-01 22:48:43,I,07,직권말소,2020-06-29 13:32:29,0,,2009-04-28,140-012,서울특별시 용산구 한강로*가 **번지 *호 *층,2014302009523200015,3020000,"서울특별시 용산구 한강대로**길 **, ***호 (한강로*가)",,,04,취소/말소/만료/정지/중지,,,02-790-9875
536143949,(주) 국방라이프,,300000000,197678.79614256,448034.496939122,2026-05-01 22:48:43,I,07,직권말소,2020-06-29 13:34:51,848378471,,2014-10-08,,,2014302009523200023,3020000,"서울특별시 용산구 한강대로**나길 **, *층 (용산동*가, 신흥빌딩)",04382,,04,취소/말소/만료/정지/중지,,,1566-9875
0,주식회사 에스에이치웰빙,,0,197492.006217098,448773.777810385,2026-05-01 22:48:43,I,07,직권말소,2017-04-17 15:46:50,0,,2014-12-08,,,2014302009523200027,3020000,서울특별시 용산구 한강대로 *** (갈월동),,,04,취소/말소/만료/정지/중지,,,02-832-1358
,페트라글로벌,,,197117.41843467,447527.338271365,2026-05-01 22:48:43,I,07,직권말소,2020-06-29 13:27:17,,,2015-03-23,,,2015302015023200006,3020000,"서울특별시 용산구 한강대로 ***, *동 ***호 (한강로*가, 용성비즈텔)",,,04,취소/말소/만료/정지/중지,,,
,다원누리,,,197480.045243754,449769.124271782,2026-05-01 22:48:43,I,07,직권말소,2022-04-15 13:16:08,,,2015-04-14,,,2015302015023200008,3020000,"서울특별시 용산구 한강대로***길 *, ***호 (동자동, 선익빌딩)",,,04,취소/말소/만료/정지/중지,,,02-6082-1122
,해피서울 용산총판,,,195996.987059253,447116.532297206,2026-05-01 22:48:43,I,07,직권말소,2018-11-16 14:40:12,,,2015-04-15,,,2015302015023200009,3020000,"서울특별시 용산구 이촌로**길 *, *층 (이촌동)",,,04,취소/말소/만료/정지/중지,,,02-749-7597
,현대통신,,,,,2026-05-01 22:48:43,I,07,직권말소,2015-12-31 10:13:26,,,2015-04-21,,,2015302015023200010,3020000,서울특별시 용산구 원효로**길 **-* (신창동),,,04,취소/말소/만료/정지/중지,,,
,세림통신,,,,,2026-05-01 22:48:43,I,07,직권말소,2015-12-30 14:06:49,,,2015-04-21,,,2015302015023200011,3020000,서울특별시 용산구 청파로**길 * (청파동*가),,,04,취소/말소/만료/정지/중지,,,
,피엠통신,,,197145.877052507,449670.397696334,2026-05-01 22:48:43,I,07,직권말소,2015-12-31 10:12:34,,,2015-04-21,,,2015302015023200012,3020000,"서울특별시 용산구 청파로**길 **-*, ***호 (청파동*가)",,,04,취소/말소/만료/정지/중지,,,070-8235-6261
17253980000000,(주)엘지유플러스,,2573969000000,196701.958402155,446837.982163744,2026-05-01 22:48:43,I,01,정상영업,2025-04-09 10:47:15,9835857000000,,2011-07-25,,,2015302015023200013,3020000,서울특별시 용산구 한강대로 ** (한강로*가),,,01,영업/정상,,,1544-0010
120204913,(주)제이모바일,,10000000,197117.41843467,447527.338271365,2026-05-01 22:48:43,I,07,직권말소,2015-12-30 14:04:27,319657126,,2015-05-07,,,2015302015023200014,3020000,"서울특별시 용산구 한강대로 *** (한강로*가, 용성비즈텔 ****호)",,,04,취소/말소/만료/정지/중지,,,070-4705-3030
,에스엔티(S&T)글로벌용산대리점,,,197570.006193384,447953.578982142,2026-05-01 22:48:43,I,07,직권말소,2018-11-16 14:40:35,,,2015-05-22,,,2015302015023200018,3020000,"서울특별시 용산구 한강대로**길 **, c동 ***호 (한강로*가, 삼각아파트)",,,04,취소/말소/만료/정지/중지,,,
,마리엔스,,,196289.172008507,448510.759303899,2026-05-01 22:48:43,I,07,직권말소,2018-11-16 14:40:58,,,2015-10-05,,,2015302015023200024,3020000,"서울특별시 용산구 새창로 **-**, 지층 (용문동)",04356,,04,취소/말소/만료/정지/중지,,,
,홍선생미술 용산지사,,,197437.030956974,447681.998416935,2026-05-01 22:48:43,I,01,정상영업,2020-07-30 18:37:22,,,2015-12-10,,서울특별시 용산구 한강로*가 **-*,2015302015023200026,3020000,"서울특별시 용산구 한강대로**길 **, *층 ***호 (한강로*가)",04382,,01,영업/정상,,,02-796-0355
825505650,주식회사 쎈피씨,,533080189,196579.066053883,447976.519880457,2026-05-01 22:48:43,I,01,정상영업,2016-04-06 10:39:08,292425461,,2016-04-05,,,2016302015023200002,3020000,"서울특별시 용산구 새창로**길 * (신계동, 지하*층)",04366,,01,영업/정상,,,02-702-5664
5142121351,광운전자(주),,50000000,197117.41843467,447527.338271365,2026-05-01 22:48:44,I,01,정상영업,2025-03-11 15:44:36,2306332534,,2016-07-20,,서울특별시 용산구 한강로*가 ***-* 용성비즈텔,2016302015023200009,3020000,"서울특별시 용산구 한강대로 ***, 용성비즈텔 *층 ***호, *층 ***호 (한강로*가)",04376,,01,영업/정상,,,02-701-3335
,L2정보,,,196189.205036161,447894.643407414,2026-05-01 22:48:44,I,07,직권말소,2018-11-16 14:41:19,,,2016-09-08,,,2016302015023200014,3020000,"서울특별시 용산구 원효로 ***, ***호 (원효로*가, 이테크밸리)",04366,,04,취소/말소/만료/정지/중지,,,02-714-3100
4500100875,주식회사 군지원센터,,2259244185,197011.737528847,447430.100250997,2026-05-01 22:48:44,I,01,정상영업,2026-03-06 09:58:59,2240866690,,2016-09-29,,서울특별시 용산구 한강로*가 *** 래미안용산 더 센트럴,2016302015023200015,3020000,"서울특별시 용산구 한강대로 **, B동 *층 ***호 (한강로*가, 래미안용산 더 센트럴)",04378,,01,영업/정상,,,070-7435-3341
,제스트,,,199977.923001922,447113.097763642,2026-05-01 22:48:44,I,07,직권말소,2025-06-24 14:10:42,,,2016-12-02,,,2016302015023200019,3020000,"서울특별시 용산구 장문로 **, *층 (보광동)",04394,,04,취소/말소/만료/정지/중지,,,02-797-7166
,건강생활용산숙대점,,,196935.359879064,449182.189269771,2026-05-01 22:48:44,I,01,정상영업,2018-06-26 21:48:12,,,2017-02-06,,,2017302015023200002,3020000,"서울특별시 용산구 청파로**길 **, *층 (청파동*가)",04312,,01,영업/정상,,,
,해피프라임,,,196546.598003309,448172.266377937,2026-05-01 22:48:44,I,07,직권말소,2018-11-16 14:41:38,,,2017-02-20,,,2017302015023200003,3020000,서울특별시 용산구 새창로 ***-* (원효로*가),04364,,04,취소/말소/만료/정지/중지,,,02-821-0528
4354499580,(주)모다넷,,50000000,196827.711559151,448060.783715759,2026-05-01 22:48:44,I,01,정상영업,2020-06-12 21:15:41,2901511858,,2017-05-25,,서울특별시 용산구 신계동 **번지 *호,2017302015023200009,3020000,"서울특별시 용산구 새창로**길 *-*, *층 (신계동)",04370,,01,영업/정상,,,02-719-3678
2852604018,(주)아이컴브랜드,,150000000,196954.738925838,448010.724238254,2026-05-01 22:48:44,I,01,정상영업,2025-04-28 10:27:58,1947716049,,2017-05-30,,,2017302015023200010,3020000,"서울특별시 용산구 새창로**길 **, *층 ***호 (신계동)",04370,,01,영업/정상,,,
,한GLO,,,197563.069805939,449934.157783456,2026-05-01 22:48:44,I,01,정상영업,2017-06-12 10:31:20,,,2017-06-12,,,2017302015023200011,3020000,"서울특별시 용산구 한강대로 ***, A동 ***호 (동자동, 센트레빌아스테리움서울)",04323,,01,영업/정상,,,1670-1905
30000000,(주)란코스메틱,,30000000,197665.459060757,449772.740559032,2026-05-01 22:48:44,I,07,직권말소,2022-04-15 13:15:48,0,,2017-07-18,,,2017302015023200018,3020000,"서울특별시 용산구 한강대로***길 **, ***호 (동자동)",04333,,04,취소/말소/만료/정지/중지,,,
9843082076,군인공제회C&C,,5763134918,197948.317862349,447933.587473387,2026-05-01 22:48:44,I,01,정상영업,2023-01-19 18:33:04,3903761716,,2017-08-01,,,2017302015023200019,3020000,서울특별시 용산구 이태원로 ** (용산동*가),04383,,01,영업/정상,,,02-2139-0513
,연세우유 용산대리점,,,196554.59325889,447079.873153088,2026-05-01 22:48:44,I,01,정상영업,2017-08-07 09:48:37,,,2017-08-07,,,2017302015023200020,3020000,"서울특별시 용산구 한강대로**길 **, *층 (한강로*가)",04379,,01,영업/정상,,,02-793-6691
530204293644,주식회사 유베이스,,21935759000,197343.732819967,447411.852767929,2026-05-01 22:48:44,I,01,정상영업,2025-02-24 14:17:22,98764502603,,2017-08-23,,,2017302015023200021,3020000,서울특별시 용산구 한강대로**길 ** (용산동*가),04386,,01,영업/정상,,,032-622-0028
,나래IOT,,,197607.978553329,448990.502482172,2026-05-01 22:48:44,I,01,정상영업,2022-02-18 17:41:39,,,2016-04-19,,서울특별시 용산구 남영동 **-* 남영빌딩,2017302015023200026,3020000,"서울특별시 용산구 한강대로**길 **-*, 남영빌딩 ***호 (남영동)",04352,,01,영업/정상,,,02-713-5900
,그린나래,,,197607.978553329,448990.502482172,2026-05-01 22:48:44,I,01,정상영업,2025-08-06 14:00:07,,,2017-03-13,,서울특별시 용산구 남영동 **-* 남영빌딩,2017302015023200027,3020000,"서울특별시 용산구 한강대로**길 **-*, 남영빌딩 ***호 (남영동)",04352,,01,영업/정상,,,02-713-5900
21000000,주식회사 썬필드,,1000000,197482.524662916,449247.279188607,2026-05-01 22:48:44,I,07,직권말소,2025-06-24 14:10:10,20000000,,2015-01-23,,서울특별시 용산구 갈월동 **번지 *호,2017302015023200029,3020000,"서울특별시 용산구 한강대로 ***, *층 *호 (갈월동, 금화빌딩)",04334,,04,취소/말소/만료/정지/중지,,,070-4412-2388
,건국우유 (원효보급소),,,196437.305447071,446951.939729428,2026-05-01 22:48:44,I,07,직권말소,2020-06-29 13:33:48,,,2018-01-31,,서울특별시 용산구 한강로*가 **번지 **호,2018302015023200001,3020000,"서울특별시 용산구 이촌로**길 **-*, *호 (한강로*가)",04380,,04,취소/말소/만료/정지/중지,,,02-702-0123
,레버스유통,,,197290.514367232,448834.252035668,2026-05-01 22:48:44,I,07,직권말소,2025-03-04 17:24:38,,,2018-05-02,,서울특별시 용산구 청파동*가 **번지 *호,2018302015023200004,3020000,"서울특별시 용산구 원효로**길 *, ***호 (청파동*가)",04313,,04,취소/말소/만료/정지/중지,,,02-777-8330
3370043278,엔아이미래영농조합법인,,3000000000,197482.524662916,449247.279188607,2026-05-01 22:48:44,I,07,직권말소,2025-06-24 14:09:46,151112682,,2018-06-19,,서울특별시 용산구 갈월동 **번지 *호,2018302015023200008,3020000,"서울특별시 용산구 한강대로 ***, 금화빌딩 *층 (갈월동)",04334,,04,취소/말소/만료/정지/중지,,,02-421-5555
,한아름,,,196624.028530468,448612.538602611,2026-05-01 22:48:44,I,07,직권말소,2022-04-15 13:15:29,,,2018-07-17,,서울특별시 용산구 효창동 *번지 ***호 동호빌딩,2018302015023200010,3020000,"서울특별시 용산구 효창원로**길 **, 동호빌딩 *층 (효창동)",04317,,04,취소/말소/만료/정지/중지,,,
,유니베라용산(신)대리점,,,196468.407348451,448304.661780538,2026-05-01 22:48:44,I,01,정상영업,2024-08-01 19:06:25,,,2018-09-03,,서울특별시 용산구 용문동 *-**,2018302015023200011,3020000,"서울특별시 용산구 새창로 ***, *층 (용문동)",04364,,01,영업/정상,,,02-363-0081
,용산홈 가맹점,,,197100.05952651,448018.90293125,2026-05-01 22:48:44,I,01,정상영업,2024-11-26 17:31:07,,,2018-10-31,,서울특별시 용산구 신계동 *-*,2018302015023200012,3020000,"서울특별시 용산구 백범로**다길 **, *호 (신계동)",04370,,01,영업/정상,,,
,동민유통,,,197514.533445063,449247.545706823,2026-05-01 22:48:44,I,07,직권말소,2020-06-29 13:26:36,,,2018-10-29,,서울특별시 용산구 갈월동 **번지 *호,2018302015023200013,3020000,"서울특별시 용산구 두텁바위로*길 *, 지층 (갈월동)",04334,,04,취소/말소/만료/정지/중지,,,
,인셀덤 임마누엘,,,196983.207193697,449737.817693494,2026-05-01 22:48:44,I,07,직권말소,2020-06-29 13:30:03,,,2019-05-31,,서울특별시 용산구 청파동*가 *번지 **호,2019302015023200005,3020000,"서울특별시 용산구 청파로**길 **-**, 청파빌라 ***호 (청파동*가)",04304,,04,취소/말소/만료/정지/중지,,,
5000000,주식회사 뉴라이프 인터내셔널,,5000000,196167.175960192,448414.988439732,2026-05-01 22:48:44,I,07,직권말소,2025-06-24 14:09:10,0,,2019-07-24,,서울특별시 용산구 용문동 **-***,2019302015023200010,3020000,"서울특별시 용산구 효창원로**다길 **, ***호 (용문동)",04356,,04,취소/말소/만료/정지/중지,,,02-568-1611
197849514356,(주)에스와이에스리테일,,26876584095,196370.746398773,447841.698787531,2026-05-01 22:48:44,I,01,정상영업,2023-08-17 09:22:53,170972930261,,2019-07-29,,서울특별시 용산구 한강로*가 **번지 *호 전자랜드,2019302015023200011,3020000,"서울특별시 용산구 청파로 **, 전자랜드 (한강로*가)",04372,,01,영업/정상,,,02-707-4809
60523108,주식회사 세레스텍,,55422019,198849.373153085,448058.988601032,2026-05-01 22:48:44,I,07,직권말소,2026-04-10 17:32:24,5101089,,2015-11-30,,서울특별시 용산구 이태원동 ***번지,2019302015023200012,3020000,서울특별시 용산구 녹사평대로**길 ** (이태원동),04345,,04,취소/말소/만료/정지/중지,,,070-8278-5007
,진성의료기,,,199930.373273373,447254.189992318,2026-05-01 22:48:44,I,07,직권말소,2021-10-29 17:11:28,,,2019-10-28,,서울특별시 용산구 보광동 ***번지 *호 보광농협,2019302015023200018,3020000,"서울특별시 용산구 보광로 **, 보광농협 *층 (보광동)",04415,,04,취소/말소/만료/정지/중지,,,
50000000,주식회사 남경텔레콤,,50000000,197525.407310462,449844.319841559,2026-05-01 22:48:44,I,07,직권말소,2025-04-16 11:20:20,0,,2019-11-04,,서울특별시 용산구 동자동 **번지 트윈시티 남산,2019302015023200019,3020000,"서울특별시 용산구 한강대로 ***, 트윈시티 남산 *층 ***호 (동자동)",04323,,04,취소/말소/만료/정지/중지,,,
100000000,주식회사 디지메디칼투어,,100000000,196919.88598861,447161.55120023,2026-05-01 22:48:44,I,01,정상영업,2019-12-09 17:12:53,0,,2019-12-09,,서울특별시 용산구 한강로*가 ***번지 한국수입협회빌딩,2019302015023200023,3020000,"서울특별시 용산구 한강대로 **, 한국수입협회빌딩 *층 (한강로*가)",04387,,01,영업/정상,,,02-792-1530
,미래,,,197514.145785647,448264.322314594,2026-05-01 22:48:44,I,07,직권말소,2021-10-29 17:10:28,,,2008-08-06,,서울특별시 용산구 한강로*가 **번지 *호 용산파크자이,2020302015023200001,3020000,"서울특별시 용산구 한강대로 ***, **층 제디 ****호 (한강로*가, 용산파크자이)",04322,,04,취소/말소/만료/정지/중지,,,02-3486-4423
,마임용산용문지사,,,196367.632927208,448357.966576058,2026-05-01 22:48:44,I,07,직권말소,2026-04-10 17:28:06,,,2020-02-28,,서울특별시 용산구 용문동 **번지 *호,2020302015023200003,3020000,"서울특별시 용산구 새창로**길 **, *층 (용문동)",04356,,04,취소/말소/만료/정지/중지,,,02-703-4539
1033461112,주식회사 에이원트레이드,,100000000,197430.260838827,447554.444780548,2026-05-01 22:48:44,I,01,정상영업,2020-11-09 16:19:02,933119141,,2020-05-06,,서울특별시 용산구 한강로*가 **번지,2020302015023200004,3020000,"서울특별시 용산구 한강대로**길 **, ***호 (한강로*가)",04382,,01,영업/정상,,,02-3785-1278
,르노코리아 용산대리점,,,196060.559012563,447732.807254308,2026-05-01 22:48:44,I,01,정상영업,2024-03-28 10:25:44,,,2020-12-02,,서울특별시 용산구 한강로*가 **-** 삼구빌딩,2020302015023200009,3020000,"서울특별시 용산구 청파로 **, 삼구빌딩 *층 (한강로*가)",04373,,01,영업/정상,,,02-798-3326
,피제이에쓰,,,195529.949270409,448168.55253847,2026-05-01 22:48:44,I,01,정상영업,2021-02-15 16:17:08,,,2019-12-27,,서울특별시 용산구 산천동 *** 한강타운,2021302015023200003,3020000,"서울특별시 용산구 새창로*길 ***, ***동 ***호 (산천동, 한강타운)",04358,,01,영업/정상,,,
,예꼬미술교습소,,,197978.633257768,449330.631627846,2026-05-01 22:48:44,I,07,직권말소,2025-06-24 14:07:40,,,2021-02-22,,서울특별시 용산구 후암동 ***-* 해븐빌라,2021302015023200004,3020000,"서울특별시 용산구 두텁바위로 **-*, *층 ***호 (후암동, 해븐빌라)",04335,,04,취소/말소/만료/정지/중지,,,
609221716,주식회사 펫타버스,,355150000,198066.163465586,449321.068367082,2026-05-01 22:48:44,I,01,정상영업,2022-02-18 17:33:39,346306446,,2021-02-22,,서울특별시 용산구 후암동 ***-** 대경빌딩,2021302015023200005,3020000,"서울특별시 용산구 두텁바위로 **-*, 대경빌딩 지층 디-**호 (후암동)",04336,,01,영업/정상,,,02-3785-3228
,현대 원효대교 판매대리점,,,196297.724385191,448025.966181418,2026-05-01 22:48:44,I,01,정상영업,2021-03-17 17:32:30,,,2021-03-14,,서울특별시 용산구 원효로*가 **-** 대창빌딩,2021302015023200006,3020000,"서울특별시 용산구 원효로 ***, 대창빌딩 *층 (원효로*가)",04363,,01,영업/정상,,,02-6733-6300
691113767988,(주)승산,,9329475000,200423.418748471,448324.779015334,2026-05-01 22:48:44,I,01,정상영업,2026-04-13 11:01:31,268675605668,,2011-05-23,,서울특별시 용산구 한남동 *** 일신빌딩,2021302015023200007,3020000,"서울특별시 용산구 한남대로 **, 일신빌딩 *층 (한남동)",04418,,01,영업/정상,,,070-4612-7104
,위시 모터스,,,199162.133975379,446755.668517054,2026-05-01 22:48:44,I,01,정상영업,2022-11-08 09:15:55,,,2021-05-18,,서울특별시 용산구 서빙고동 *** 그린파크아파트,2021302015023200008,3020000,"서울특별시 용산구 서빙고로**길 **, 상가동 ***호 (서빙고동, 그린파크아파트)",04384,,01,영업/정상,,,02-790-4481
7060543644,후불제여행사투어컴 유한회사,,350000000,197083.100438264,447552.774477998,2026-05-01 22:48:44,I,01,정상영업,2022-08-02 16:19:47,6705420209,,2018-10-17,,서울특별시 용산구 한강로*가 *-** 용산토투밸리,2021302015023200009,3020000,"서울특별시 용산구 새창로 ***, 용산토투밸리 ***호 (한강로*가)",04376,,01,영업/정상,,,1600-3610
896680611,주식회사 뉴라이프코리아,,1247285839,199471.30974998,447522.747030786,2026-05-01 22:48:44,I,07,직권말소,2025-06-24 14:05:54,2143966450,,2017-06-22,,서울특별시 용산구 이태원동 **-* 청화아파트,2021302015023200010,3020000,"서울특별시 용산구 장문로 **, *층 ***호 (이태원동, 청화아파트)",04392,,04,취소/말소/만료/정지/중지,,,02-557-7088
,트리니티 더블유 맘스,,,201013.819447755,448232.390484608,2026-05-01 22:48:44,I,01,정상영업,2022-05-06 09:17:17,,,2022-05-04,,서울특별시 용산구 한남동 *-** 태석빌딩,2022302015023200001,3020000,"서울특별시 용산구 독서당로 ***, 태석빌딩 *층 (한남동)",04420,,01,영업/정상,,,02-792-2218
62054484,주식회사 황풍정천삼,,10000000,196277.782606732,448521.702400792,2026-05-01 22:48:44,I,01,정상영업,2022-06-03 17:12:24,75966774,,2022-06-03,,서울특별시 용산구 용문동 **-**,2022302015023200005,3020000,서울특별시 용산구 새창로**길 **(용문동),04356,,01,영업/정상,,,02-3211-4256
1678268198930,웰컴저축은행 주식회사,,127480658707,197408.590760127,447767.340468517,2026-05-01 22:48:44,I,01,정상영업,2026-04-17 17:54:40,1550787540223,,2016-11-17,,서울특별시 용산구 한강로*가 **-* 웰컴금융타워,2022302015023200006,3020000,"서울특별시 용산구 한강대로 ***, 웰컴금융타워 (한강로*가)",04382,,01,영업/정상,,,1661-0001
28707657677,주식회사 티앤티솔루션,,500000000,196401.04042235,448458.182936788,2026-05-01 22:48:44,I,01,정상영업,2023-06-05 15:52:49,16788186471,,2023-06-05,,서울특별시 용산구 용문동 **-* 티앤티빌딩,2023302020323200002,3020000,"서울특별시 용산구 새창로 ***, *층 (용문동)",04355,,01,영업/정상,,,02-716-0547
,현대효창판매대리점,,,196601.101895275,448873.332480629,2026-05-01 22:48:44,I,01,정상영업,2023-06-19 10:28:59,,,2023-06-09,,서울특별시 용산구 청파동*가 ***-** 아람빌딩,2023302020323200003,3020000,"서울특별시 용산구 효창원로 ***, 아람빌딩 *층 (청파동*가)",04312,,01,영업/정상,,,02-790-5454
,딩딩딩 홈뮤직 서초지사,,,197133.615209599,446605.055069174,2026-05-01 22:48:44,I,01,정상영업,2023-09-20 13:57:05,,,2023-09-19,,서울특별시 용산구 이촌동 ***-* 우성아파트,2023302020323200006,3020000,"서울특별시 용산구 이촌로 ***, ***동 ****호 (이촌동, 우성아파트)",04421,,01,영업/정상,,,
2785579331,주식회사 템스윈 (Tems Win),,30000000,197115.958077971,449203.316855129,2026-05-01 22:48:44,I,01,정상영업,2023-12-07 15:54:56,1785784837,,2023-12-06,,서울특별시 용산구 청파동*가 **-**,2023302020323200008,3020000,"서울특별시 용산구 청파로**길 **-*, *층 **호 (청파동*가)",04309,,01,영업/정상,,,02-6052-9162
5492245387,주식회사 오엔시스템즈,,225000000,196861.350875235,447226.720509901,2026-05-01 22:48:44,I,01,정상영업,2024-01-18 08:55:06,3983964354,,2024-01-11,,서울특별시 용산구 한강로*가 *** 용산푸르지오써밋,2024302020323200001,3020000,"서울특별시 용산구 한강대로 **, 지하*층 비***호 (한강로*가, 용산푸르지오써밋)",04378,,01,영업/정상,,,02-6953-2104
,제노스템 용산센터,,,196381.755480553,448324.233983523,2026-05-01 22:48:44,I,01,정상영업,2024-06-26 17:20:28,,,2024-06-26,,서울특별시 용산구 용문동 **-**,2024302020323200004,3020000,"서울특별시 용산구 효창원로 ***, 지하*층 (용문동)",04363,,01,영업/정상,,,
55684066,주식회사 동양골프,,50000000,200192.826048889,448890.589961743,2026-05-01 22:48:44,I,01,정상영업,2020-12-21 14:44:27,82696917,,2013-06-27,,서울특별시 용산구 한남동 ***-* 청암빌딩,2020302015023200010,3020000,"서울특별시 용산구 한남대로**길 *, 청암빌딩 *층 (한남동)",04417,,01,영업/정상,,,1566-4191
,풍기인삼농협 천삼사업본부,,,196277.782606732,448521.702400792,2026-05-01 22:48:44,I,01,정상영업,2021-02-09 14:18:52,,,2021-02-02,,서울특별시 용산구 용문동 **-**,2021302015023200002,3020000,서울특별시 용산구 새창로**길 ** (용문동),04356,,01,영업/정상,,,1833-3309
,알즈너 힘찬대리점,,,196180.105150837,446788.454136977,2026-05-01 22:48:44,I,07,직권말소,2025-06-24 14:06:14,,,2021-10-18,,서울특별시 용산구 이촌동 *** 현대한강아파트,2024302020323200005,3020000,"서울특별시 용산구 이촌로**길 **, ***동 ****호 (이촌동, 현대한강아파트)",04381,,04,취소/말소/만료/정지/중지,,,
618332882,빅인사이트그룹 주식회사,,50000000,197011.737528847,447430.100250997,2026-05-01 22:48:44,I,01,정상영업,2024-12-23 11:09:53,284304415,,2024-12-23,,서울특별시 용산구 한강로*가 *** 래미안용산 더 센트럴,2024302020323200006,3020000,"서울특별시 용산구 한강대로 **, 제지하*층 제비***호 (한강로*가, 래미안용산 더 센트럴)",04378,,01,영업/정상,,,070-4138-2278
,에스엠 올리브,,,197338.915067396,446893.484429691,2026-05-01 22:48:44,I,01,정상영업,2025-01-21 19:34:54,,,2025-01-21,,서울특별시 용산구 용산동*가 ** 파크타워,2025302020323200001,3020000,"서울특별시 용산구 서빙고로 **, 제지*층 제상가 비*호 (용산동*가, 파크타워)",04385,,01,영업/정상,,,02-790-6689
,러블리,,,196631.516706894,448127.276341638,2026-05-01 22:48:44,I,01,정상영업,2025-04-17 13:07:33,,,2025-04-17,,서울특별시 용산구 원효로*가 **-*,2025302020323200002,3020000,"서울특별시 용산구 원효로**길 *, *층 (원효로*가)",04367,,01,영업/정상,,,
,억불산코리아,,,196434.071217463,448215.583842787,2026-05-01 22:48:44,I,01,정상영업,2025-06-09 17:09:00,,,2024-07-16,,서울특별시 용산구 용문동 **-*,2025302020323200003,3020000,"서울특별시 용산구 새창로 ***-**, 지하*층 (용문동)",04363,,01,영업/정상,,,
,현대남영역판매대리점,,,197062.508090206,448562.13142998,2026-05-01 22:48:44,I,01,정상영업,2025-07-01 16:57:38,,,2025-07-01,,서울특별시 용산구 원효로*가 **-** 화전빌딩,2025302020323200004,3020000,"서울특별시 용산구 원효로 ***, 화전빌딩 *층,*층 (원효로*가)",04316,,01,영업/정상,,,02-794-3838
,네이처렌탈,,,197086.117633065,449090.752259642,2026-05-01 22:48:44,I,01,정상영업,2025-08-26 09:30:02,,,2025-08-26,,서울특별시 용산구 청파동*가 ***-*,2025302020323200006,3020000,"서울특별시 용산구 청파로**길 **-**, ***호 (청파동*가)",04313,,01,영업/정상,,,
4840528109,"주식회사 파메어스(Pharmearth Co.,Ltd.)",,200000000,197056.728931087,447077.126289262,2026-05-01 22:48:44,I,01,정상영업,2025-11-28 10:51:49,1921694723,,2024-03-12,,서울특별시 용산구 한강로*가 **,2025302020323200007,3020000,"서울특별시 용산구 서빙고로 **, 센트럴파크타워 **층 (한강로*가)",04387,,01,영업/정상,,,02-565-1300
,(주)한샘약품,,,,,2026-05-01 22:37:11,I,03,폐업처리,2008-02-21 00:00:00,,,1996-01-01,,서울특별시 금천구 독산동 ****-*,2004317010523200243,3170000,,,,03,폐업,,,02-897-0661
,영진유통,,,,,2026-05-01 22:37:12,I,03,폐업처리,2008-02-21 00:00:00,,,1996-01-01,,서울특별시 금천구 시흥동 ***-**,2004317010523200244,3170000,,,,03,폐업,,,02-802-3535
,비겐의료기,,,,,2026-05-01 22:37:12,I,03,폐업처리,2008-02-21 00:00:00,,,1996-01-01,,서울특별시 금천구 독산동 ***-*,2004317010523200245,3170000,,,,03,폐업,,,02-862-7581
40000000,(주)거상피닉스,,5000000,,,2026-05-01 22:48:37,I,04,직권취소,2008-12-19 16:34:39,0,2008-12-18,2005-11-18,,서울특별시 용산구 동자동**-** 부양빌딩 *층,2005302009523200189,3020000,,,,04,취소/말소/만료/정지/중지,,,02-3274-0031
,대성코리아,,,,,2026-05-01 22:37:12,I,03,폐업처리,2008-02-21 00:00:00,,,1996-01-01,,서울특별시 금천구 시흥동 ***-*,2004317010523200246,3170000,,,,03,폐업,,,02-802-0861
,드림에드텍,,,,,2026-05-01 22:37:12,I,03,폐업처리,2008-02-21 00:00:00,,,1996-01-01,,서울특별시 금천구 시흥동 ***-** *층,2004317010523200251,3170000,,,,03,폐업,,,02-538-1806
,편춘옥민속국악관,,,,,2026-05-01 22:37:12,I,03,폐업처리,2008-02-21 00:00:00,,,1996-01-01,,서울특별시 금천구 시흥동 ***-**,2004317010523200255,3170000,,,,03,폐업,,,02-875-4418
,장백산골드,,,,,2026-05-01 22:37:13,I,03,폐업처리,2008-02-21 00:00:00,,,1996-01-01,,서울특별시 금천구 독산동 ***-*,2004317010523200258,3170000,,,,03,폐업,,,02-854-6251
,한미마루,,,,,2026-05-01 22:37:13,I,03,폐업처리,2008-02-21 00:00:00,,,1996-01-01,,서울특별시 금천구 독산동 ****-**,2004317010523200260,3170000,,,,03,폐업,,,02-830-3011
,진보상사,,,,,2026-05-01 22:37:13,I,03,폐업처리,2008-02-21 00:00:00,,,1996-01-01,,서울특별시 금천구 독산동 ***-*,2004317010523200262,3170000,,,,03,폐업,,,02-862-4413
,(주)자유로운세상,,,,,2026-05-01 22:37:13,I,03,폐업처리,2008-02-21 00:00:00,,,1996-01-01,,서울특별시 금천구 시흥동 ***-** *층,2004317010523200263,3170000,,,,03,폐업,,,02-808-7474
,햇빛시스템,,,,,2026-05-01 22:37:13,I,03,폐업처리,2008-02-21 00:00:00,,,1996-01-01,,서울특별시 금천구 독산동 ***-* 삼희빌딩*층,2004317010523200267,3170000,,,,03,폐업,,,02-861-2557
0,아이노래㈜,,0,,,2026-05-01 22:48:38,I,07,직권말소,2011-05-09 14:18:47,0,,2004-11-18,,서울특별시 용산구 효창동*-** 소성빌딩 ***,2005302009523200243,3020000,,,,04,취소/말소/만료/정지/중지,,,02-3272-7990
,성도상사,,,,,2026-05-01 22:37:13,I,03,폐업처리,2008-02-21 00:00:00,,,1996-01-01,,서울특별시 금천구 독산동 ***-** 건설빌딩***호,2004317010523200269,3170000,,,,03,폐업,,,02-856-6890
,제니센코리아,,,,,2026-05-01 22:37:13,I,03,폐업처리,2008-02-21 00:00:00,,,1996-01-01,,서울특별시 금천구 시흥동 ***-** *층,2004317010523200270,3170000,,,,03,폐업,,,02-809-9596
,일진홍보사업부,,,,,2026-05-01 22:37:13,I,03,폐업처리,2008-02-21 00:00:00,,,1996-01-01,,서울특별시 금천구 시흥동 ***-**,2004317010523200273,3170000,,,,03,폐업,,,
,가닥상사,,,,,2026-05-01 22:37:13,I,03,폐업처리,2008-02-21 00:00:00,,,1996-01-01,,서울특별시 금천구 독산동 ****-**,2005317010523200271,3170000,,,,03,폐업,,,02-808-3614
,드림포스,,,,,2026-05-01 22:37:13,I,03,폐업처리,2008-02-21 00:00:00,,,1996-01-01,,서울특별시 금천구 독산동 ***-**,2005317010523200279,3170000,,,,03,폐업,,,02-853-2414
,한일의료기,,,,,2026-05-01 22:48:38,I,04,직권취소,2008-12-19 16:35:09,,2008-12-18,2005-03-04,,서울특별시 용산구 원효로*가***-*,2005302009523200260,3020000,,,,04,취소/말소/만료/정지/중지,,,02-714-8003
,시흥건강생활,,,,,2026-05-01 22:37:13,I,03,폐업처리,2008-02-21 00:00:00,,,1996-01-01,,서울특별시 금천구 시흥동 ***-** 교촌빌딩*층,2005317010523200280,3170000,,,,03,폐업,,,02-892-8808
0,케이우리종합건설(주),,0,,,2026-05-01 22:48:38,I,04,직권취소,2008-10-20 18:26:43,0,2007-12-31,2005-03-11,,서울특별시 용산구 남영동***-* 우리빌딩 *층,2005302009523200263,3020000,,,,04,취소/말소/만료/정지/중지,,,02-749-3360
,KT정보통신,,,,,2026-05-01 22:37:14,I,03,폐업처리,2008-02-21 00:00:00,,,1996-01-01,,서울특별시 금천구 독산동 ****-* KT신금천지점*층,2005317010523200287,3170000,,,,03,폐업,,,02-897-1909
,향우원,,,,,2026-05-01 22:48:38,I,04,직권취소,2008-02-21 00:00:00,,2007-12-31,2005-04-01,,서울특별시 용산구 한강로*가**-***,2005302009523200265,3020000,,,,04,취소/말소/만료/정지/중지,,,02-795-6726
0,(주)에이치엘디유통,,0,,,2026-05-01 22:48:38,I,04,직권취소,2008-07-15 15:20:26,0,2007-12-31,2005-04-20,,서울특별시 용산구 한강로*가*** 한신타운 B-***,2005302009523200266,3020000,,,,04,취소/말소/만료/정지/중지,,,02-704-9727
0,(주)뉴본엔티,,0,,,2026-05-01 22:48:38,I,04,직권취소,2008-07-15 17:23:38,0,2007-12-31,2005-06-09,,서울특별시 용산구 한남동***-* 유림빌딩 *층,2005302009523200271,3020000,,,,04,취소/말소/만료/정지/중지,,,
0,(주)자연을사랑하는 사람들,,300000000,,,2026-05-01 22:48:39,I,04,직권취소,2008-12-19 16:35:39,0,2008-12-18,2005-06-30,,서울특별시 용산구 갈월동**-*,2005302009523200274,3020000,,,,04,취소/말소/만료/정지/중지,,,02-3272-4950
,아젤리아상사,,,,,2026-05-01 22:48:39,I,04,직권취소,2008-12-19 16:36:05,,2008-12-18,2005-07-07,,서울특별시 용산구 한남동*** 제일타워 ***호,2005302009523200275,3020000,,,,04,취소/말소/만료/정지/중지,,,02-790-1674
,미래코퍼레이션,,,,,2026-05-01 22:48:39,I,04,직권취소,2008-12-19 16:36:35,,2008-12-18,2005-07-11,,서울특별시 용산구 한강로*가**-***,2005302009523200276,3020000,,,,04,취소/말소/만료/정지/중지,,,02-794-4061
,헬스온,,,,,2026-05-01 22:37:14,I,03,폐업처리,2008-02-21 00:00:00,,,1996-01-01,,서울특별시 금천구 독산동 ***-* 삼희빌딩,2005317010523200288,3170000,,,,03,폐업,,,02-862-6218
,기아이태원대리점,,,199829.656312641,447107.489650861,2026-05-01 22:48:39,I,01,정상영업,2021-04-09 22:07:10,,,2005-12-14,140-220,서울특별시 용산구 보광동 ***번지 **호,2005302009523200281,3020000,서울특별시 용산구 장문로 ** (보광동),,,01,영업/정상,,,02-790-5200
0,피톤치드엔유통(주),,0,,,2026-05-01 22:48:39,I,04,직권취소,2008-10-20 18:29:49,0,2007-12-31,2005-09-15,,서울특별시 용산구 이태원동***-***,2005302009523200282,3020000,,,,04,취소/말소/만료/정지/중지,,,02-793-3566
0,(주)예원,,0,,,2026-05-01 22:48:39,I,04,직권취소,2008-07-15 17:33:37,0,2007-12-31,2005-10-19,,서울특별시 용산구 한남동***-* *층,2005302009523200283,3020000,,,,04,취소/말소/만료/정지/중지,,,02-797-1028
,생각이 좋은 사람들,,,,,2026-05-01 22:48:39,I,04,직권취소,2008-12-19 16:37:09,,2008-12-18,2005-10-31,,서울특별시 용산구 이태원동***-* 혜천빌딩 지하,2005302009523200285,3020000,,,,04,취소/말소/만료/정지/중지,,,02-796-9617
,천주유통,,,,,2026-05-01 22:48:39,I,07,직권말소,2015-12-30 15:28:01,,,2005-12-08,,서울특별시 용산구 후암동***-**,2005302009523200290,3020000,,,,04,취소/말소/만료/정지/중지,,,02-779-8441
2981489430070,(주)아모레퍼시픽,,34508160000,,,2026-05-01 22:48:39,I,06,타시군구전입,2022-04-15 13:21:38,718976767880,,2006-06-14,,서울특별시 용산구 한강로*가***,2006302009523200005,3020000,서울특별시 용산구 한강대로 *** (한강로*가),,,01,영업/정상,,,02-709-5114
,(주)두루누리,,,,,2026-05-01 22:37:14,I,03,폐업처리,2008-02-21 00:00:00,,,1996-01-01,,서울특별시 금천구 가산동 ***-* 대륭테크노타운*차***호,2005317010523200294,3170000,,,,03,폐업,,,02-782-5512
,유니베라용산대리점,,,196342.328666666,448548.717333334,2026-05-01 22:48:39,I,07,직권말소,2025-06-24 14:29:21,,,2006-05-18,140-080,서울특별시 용산구 용문동 **번지 *호,2006302009523200120,3020000,"서울특별시 용산구 새창로 **, *층 (용문동, 금강빌딩)",,,04,취소/말소/만료/정지/중지,,,02-790-7973
,동양메디칼홍보관,,,,,2026-05-01 22:37:14,I,03,폐업처리,2008-02-21 00:00:00,,,1996-01-01,,서울특별시 금천구 시흥동 ***-*,2005317010523200295,3170000,,,,03,폐업,,,
,행복라이프,,,,,2026-05-01 22:37:14,I,03,폐업처리,2008-02-21 00:00:00,,,1996-01-01,,서울특별시 금천구 독산동 ***-* 미도빌딩***,2005317010523200296,3170000,,,,03,폐업,,,02-830-7729
,(주)이오니아생활건강,,,,,2026-05-01 22:37:14,I,03,폐업처리,2008-02-21 00:00:00,,,1996-01-01,,서울특별시 금천구 가산동 **-** 리더스타워***호,2005317010523200300,3170000,,,,03,폐업,,,02-521-8580
,용진문화사,,,,,2026-05-01 22:37:14,I,03,폐업처리,2008-02-21 00:00:00,,,1996-01-01,,서울특별시 금천구 시흥동 ***-* 시흥빌딩***호,2005317010523200301,3170000,,,,03,폐업,,,02-802-8704
,벨라지오,,,,,2026-05-01 22:37:15,I,03,폐업처리,2008-02-21 00:00:00,,,1996-01-01,,서울특별시 금천구 시흥동 ***-* 백운타워 지하*층,2005317010523200313,3170000,,,,03,폐업,,,
,한국포스메딕,,,,,2026-05-01 22:37:15,I,03,폐업처리,2008-02-21 00:00:00,,,1996-01-01,,서울특별시 금천구 가산동 ***-* 신명대일타운*층,2005317010523200318,3170000,,,,03,폐업,,,02-855-0835
,유니베라 한남대리점,,,,,2026-05-01 22:48:39,I,07,직권말소,2013-02-13 09:37:13,,,2006-04-10,,서울특별시 용산구 한남동***-** 광창빌딩*층,2006302009523200269,3020000,,,,04,취소/말소/만료/정지/중지,,,02-797-3612
,(주)아이큐브넷,,,,,2026-05-01 22:37:15,I,03,폐업처리,2008-02-21 00:00:00,,,1996-01-01,,서울특별시 금천구 가산동 ***-* 에이스테크노타워**차****호,2005317010523200319,3170000,,,,03,폐업,,,02-3397-5183
,선쑥뜸연구소,,,,,2026-05-01 22:37:15,I,03,폐업처리,2008-02-21 00:00:00,,,1996-01-01,,서울특별시 금천구 시흥동 ***-* ***외*필지 시흥산업용재유통센타**-***,2005317010523200321,3170000,,,,03,폐업,,,02-808-3495
,c.s.코리아,,,,,2026-05-01 22:37:15,I,03,폐업처리,2008-02-21 00:00:00,,,1996-01-01,,서울특별시 금천구 시흥동 ***-*,2005317010523200324,3170000,,,,03,폐업,,,02-808-4427
,한성씨엔티,,,,,2026-05-01 22:37:15,I,03,폐업처리,2008-02-21 00:00:00,,,1996-01-01,,서울특별시 금천구 가산동 ***-*,2005317010523200333,3170000,,,,03,폐업,,,
,한마음,,,,,2026-05-01 22:37:16,I,03,폐업처리,2008-02-21 00:00:00,,,1996-01-01,,서울특별시 금천구 시흥동 ***-*,2006317010523200346,3170000,,,,03,폐업,,,02-896-9179
,휴먼상사,,,,,2026-05-01 22:37:16,I,03,폐업처리,2008-02-21 00:00:00,,,1996-01-01,,서울특별시 금천구 독산동 ***-* *층,2006317010523200357,3170000,,,,03,폐업,,,
,(주)지마이다스,,,,,2026-05-01 22:37:16,I,03,폐업처리,2008-02-21 00:00:00,,,1996-01-01,,서울특별시 금천구 가산동 ***-** 우림라이온스a-***,2006317010523200362,3170000,,,,03,폐업,,,02-2026-5900
0,(주)휴먼디케이,,0,,,2026-05-01 22:48:40,I,04,직권취소,2008-10-20 18:31:19,0,2007-12-24,2006-01-23,,서울특별시 용산구 한남동***-* 가건빌딩 *층,2006302009523200300,3020000,,,,04,취소/말소/만료/정지/중지,,,02-790-1564
,(주)지마이다스,,,,,2026-05-01 22:37:16,I,03,폐업처리,2008-02-21 00:00:00,,,1996-01-01,,서울특별시 금천구 가산동 ***-** 우림라이온스 a-***,2006317010523200363,3170000,,,,03,폐업,,,02-2026-5900
,마영물산,,,,,2026-05-01 22:48:40,I,07,직권말소,2011-05-09 14:17:46,,,2006-04-06,,서울특별시 용산구 후암동***,2006302009523200308,3020000,,,,04,취소/말소/만료/정지/중지,,,02-318-0211
,시민상사,,,,,2026-05-01 22:48:40,I,04,직권취소,2008-12-19 16:40:39,,2008-12-18,2006-04-13,,서울특별시 용산구 원효로*가**-*,2006302009523200309,3020000,,,,04,취소/말소/만료/정지/중지,,,02-3273-2653
,(주)나이스나인인터내셔널,,,,,2026-05-01 22:48:40,I,04,직권취소,2008-10-20 18:33:12,,2007-12-24,2006-06-13,,서울특별시 용산구 한강로*가***-* 대우디오빌오피스텔 ***,2006302009523200314,3020000,,,,04,취소/말소/만료/정지/중지,,,02-6085-0099
,생그린금천지사,,,,,2026-05-01 22:37:07,I,03,폐업처리,2008-02-21 00:00:00,,,1996-01-01,,서울특별시 금천구 독산동 ****-*  *****,2002317010523200151,3170000,,,,03,폐업,,,02-892-1833
,태광라이프,,,,,2026-05-01 22:48:40,I,07,직권말소,2011-05-09 14:16:55,,,2006-06-23,,서울특별시 용산구 한남동***-*** 성아맨션 B*,2006302009523200316,3020000,,,,04,취소/말소/만료/정지/중지,,,02-795-4276
0,(주)소니코,,0,,,2026-05-01 22:48:40,I,07,직권말소,2011-05-09 14:15:42,0,,2006-06-30,,서울특별시 용산구 한남동***-* 이반빌딩 ***호,2006302009523200317,3020000,,,,04,취소/말소/만료/정지/중지,,,02-749-0446
,현대 F.C 상사,,,,,2026-05-01 22:37:08,I,03,폐업처리,2008-02-21 00:00:00,,,1996-01-01,,서울특별시 금천구 시흥동 ***-**,2002317010523200160,3170000,,,,03,폐업,,,02-809-0050
,성지광고,,,,,2026-05-01 22:37:08,I,03,폐업처리,2008-02-21 00:00:00,,,1996-01-01,,서울특별시 금천구 독산동 ****-**,2003317010523200037,3170000,,,,03,폐업,,,02-804-4456
,유니베라 보광대리점,,,,,2026-05-01 22:48:40,I,07,직권말소,2011-05-09 14:15:10,,,2006-08-28,,서울특별시 용산구 보광동***-** *층,2006302009523200323,3020000,,,,04,취소/말소/만료/정지/중지,,,02-798-5955
,센스파워,,,,,2026-05-01 22:37:10,I,03,폐업처리,2008-02-21 00:00:00,,,1996-01-01,,서울특별시 금천구 독산동 ***-*,2003317010523200172,3170000,,,,03,폐업,,,02-866-4988
0,(주)그린오브라이프,,0,,,2026-05-01 22:48:40,I,04,직권취소,2008-10-20 18:35:27,0,2007-12-31,2006-10-13,,서울특별시 용산구 이촌동***-** 한석빌딩*층,2006302009523200329,3020000,,,,04,취소/말소/만료/정지/중지,,,02-794-0874
0,(주)무사,,0,,,2026-05-01 22:48:40,I,07,직권말소,2011-05-09 14:13:55,0,,2006-11-10,,서울특별시 용산구 효창동*-***,2006302009523200332,3020000,,,,04,취소/말소/만료/정지/중지,,,02-701-5474
,이롬황성주생식한남지점,,,,,2026-05-01 22:48:40,I,07,직권말소,2011-05-09 14:13:27,,,2006-11-17,,서울특별시 용산구 한남동***-** 한남빌딩 *층 ***,2006302009523200334,3020000,,,,04,취소/말소/만료/정지/중지,,,
59170243681,주식회사 타파웨어브랜즈코리아 서울지점,,12740190000,197454.750647435,448937.796600615,2026-05-01 22:48:40,I,01,정상영업,2021-02-26 17:47:19,7975583373,,2007-05-25,,서울특별시 용산구 갈월동** 용산빌딩*층,2007302009523200002,3020000,"서울특별시 용산구 한강대로 *** (갈월동, 용산빌딩*층)",,,01,영업/정상,,,02-3270-1700
,현대남영역판매대리점,,,197062.508090206,448562.13142998,2026-05-01 22:48:40,I,07,직권말소,2026-04-10 17:33:52,,,2007-01-15,140-111,"서울특별시 용산구 원효로*가 **번지 **호 **-** 화전빌딩(*층,*층)",2007302009523200077,3020000,"서울특별시 용산구 원효로 ***, *.*층 (원효로*가, 화전빌딩)",,,04,취소/말소/만료/정지/중지,,,02-794-3838
,Ab 전자,,,,,2026-05-01 22:37:10,I,03,폐업처리,2008-02-21 00:00:00,,,1996-01-01,,서울특별시 금천구 독산동 ***-* 서월빌딩***호,2003317010523200178,3170000,,,,03,폐업,,,02-855-5232
,남양알로에시흥남부지사,,,,,2026-05-01 22:37:10,I,03,폐업처리,2008-02-21 00:00:00,,,1996-01-01,,서울특별시 금천구 시흥동 ***-**,2003317010523200194,3170000,,,,03,폐업,,,02-896-7040
,대우통상,,,,,2026-05-01 22:37:11,I,03,폐업처리,2008-02-21 00:00:00,,,1996-01-01,,서울특별시 금천구 독산동 ***-**,2004317010523200013,3170000,,,,03,폐업,,,02-830-2130
,키토헬스,,,,,2026-05-01 22:37:11,I,03,폐업처리,2008-02-21 00:00:00,,,1996-01-01,,서울특별시 금천구 독산동 ****-* 무용빌딩*층,2004317010523200236,3170000,,,,03,폐업,,,02-807-0623
0,(주)예솔텔레콤,,0,,,2026-05-01 22:48:40,I,07,직권말소,2011-05-09 14:12:35,0,,2007-05-04,,서울특별시 용산구 한강로*가*-** 현대하이엘 ***호,2007302009523200318,3020000,,,,04,취소/말소/만료/정지/중지,,,02-798-2377
,이롬라이프용산한남월드,,,,,2026-05-01 22:48:40,I,07,직권말소,2013-02-13 09:38:21,,,2007-01-08,,서울특별시 용산구 한남동*** 하이페리온*차***호,2007302009523200337,3020000,,,,04,취소/말소/만료/정지/중지,,,02-797-9579
,로하스원,,,,,2026-05-01 22:48:40,I,07,직권말소,2011-05-09 14:12:02,,,2007-01-09,,서울특별시 용산구 한남동***-*** *층,2007302009523200338,3020000,,,,04,취소/말소/만료/정지/중지,,,02-795-9567
368707710,서울유에프이행보증(주),,50000000,,,2026-05-01 22:48:40,I,07,직권말소,2011-05-09 14:11:18,300240596,,2007-03-27,,서울특별시 용산구 서계동**-** 보은개발 *층,2007302009523200340,3020000,,,,04,취소/말소/만료/정지/중지,,,02-707-1214
0,(주)히든플러스컴,,0,,,2026-05-01 22:48:40,I,07,직권말소,2010-12-20 10:14:38,0,,2007-02-01,,서울특별시 용산구 원효로*가**-* 세원빌딩 *층,2007302009523200342,3020000,,,,04,취소/말소/만료/정지/중지,,,02-2078-5341
,T&T교육연구원,,,,,2026-05-01 22:37:11,I,03,폐업처리,2008-02-21 00:00:00,,,1996-01-01,,서울특별시 금천구 가산동 **-* 코오롱테크노밸리 ***호,2004317010523200237,3170000,,,,03,폐업,,,02-832-5858
,케리부룩,,,197197.8819305,448598.752849897,2026-05-01 22:48:41,I,01,정상영업,2014-03-05 13:25:07,,,2007-04-03,140-111,서울특별시 용산구 원효로*가 **번지 *호,2007302009523200350,3020000,서울특별시 용산구 원효로**길 *-** (원효로*가),,,01,영업/정상,,,02-704-9890
0,(주)닷넷이앤씨,,0,,,2026-05-01 22:48:41,I,07,직권말소,2011-05-09 14:09:48,0,,2007-05-08,,서울특별시 용산구 원효로*가**-** 경동빌딩 *층,2007302009523200353,3020000,,,,04,취소/말소/만료/정지/중지,,,02-1644-0181
,빅센스,,,,,2026-05-01 22:48:41,I,07,직권말소,2011-05-09 14:09:16,,,2007-05-21,,서울특별시 용산구 후암동*** 브라운스톤 ***-***,2007302009523200354,3020000,,,,04,취소/말소/만료/정지/중지,,,02-755-9590
294389283,(주)제이유엔이커뮤니케이션,,81780329,196636.897233054,448835.746081383,2026-05-01 22:48:41,I,07,직권말소,2011-05-09 14:08:45,212608954,,2007-07-26,140-896,서울특별시 용산구 효창동 *번지 **호 연우빌딩 *층,2007302009523200358,3020000,"서울특별시 용산구 효창원로**길 ** (효창동,연우빌딩 *층)",,,04,취소/말소/만료/정지/중지,,,02-701-9968
,거상,,,199985.913848001,447212.971642571,2026-05-01 22:48:41,I,07,직권말소,2021-10-29 17:13:45,,,2007-09-03,140-220,서울특별시 용산구 보광동 **번지 **호,2007302009523200360,3020000,"서울특별시 용산구 보광로**길 **, *층 (보광동)",,,04,취소/말소/만료/정지/중지,,,02-794-2380
0,글로빌오디오네트워크코리아(주),,0,,,2026-05-01 22:48:31,I,07,직권말소,2008-07-18 14:55:23,0,,1999-08-26,,서울특별시 은평구 갈현동  ***-*,1999311011123200053,3110000,,,,04,취소/말소/만료/정지/중지,,,02-383-0985
,기아역촌대리점,,,192686.830083981,456471.508673171,2026-05-01 22:48:31,I,01,정상영업,2021-06-16 14:39:32,,,1999-12-28,,서울특별시 은평구 역촌동 *번지 *호,1999311011123200059,3110000,서울특별시 은평구 서오릉로 *** (역촌동),,,01,영업/정상,,,02-352-8833
,KBS영어교실은평2대리점,,,,,2026-05-01 22:48:31,I,07,직권말소,2008-07-18 14:31:49,,,2000-03-21,,서울특별시 은평구 응암동  ***-**,2000311011123200061,3110000,,,,04,취소/말소/만료/정지/중지,,,02-304-0522
,윤선생영어교실 은평갈현센터,,,191985.771599248,456836.912351686,2026-05-01 22:48:31,I,01,정상영업,2021-03-02 00:17:33,,,2000-04-12,,서울특별시 은평구 구산동 ***-**,2000311011123200063,3110000,"서울특별시 은평구 서오릉로**길 *, ***호 (구산동)",03426,,01,영업/정상,,,02-354-0582
,이찬진컴퓨터교실,,,,,2026-05-01 22:48:31,I,07,직권말소,2008-09-18 09:44:32,,,2000-05-17,,서울특별시 은평구 응암동  ***-**,2000311011123200067,3110000,,,,04,취소/말소/만료/정지/중지,,,02-358-6540
,세이론상사,,,,,2026-05-01 22:48:31,I,07,직권말소,2008-09-18 09:41:29,,,2000-06-16,,서울특별시 은평구 녹번동  **-** *층,2000311011123200068,3110000,,,,04,취소/말소/만료/정지/중지,,,02-382-6153
,이찬진컴퓨터교실,,,,,2026-05-01 22:48:31,I,07,직권말소,2008-07-18 14:25:42,,,2000-07-13,,서울특별시 은평구 역촌동  *-** *층,2000311011123200070,3110000,,,,04,취소/말소/만료/정지/중지,,,02-383-1141
,아이누리,,,,,2026-05-01 22:48:31,I,07,직권말소,2008-09-18 09:37:55,,,2000-09-05,,서울특별시 은평구 응암동  ***-**,2000311011123200075,3110000,,,,04,취소/말소/만료/정지/중지,,,02-308-9262
,이노클릭,,,,,2026-05-01 22:48:31,I,07,직권말소,2008-09-18 09:32:59,,,2000-09-25,,서울특별시 은평구 녹번동  **-*  ********,2000311011123200076,3110000,,,,04,취소/말소/만료/정지/중지,,,02-352-2689
,성실사,,,,,2026-05-01 22:48:31,I,07,직권말소,2008-02-21 00:00:00,,,2000-10-26,,서울특별시 은평구 응암동  ***-*,2000311011123200079,3110000,,,,04,취소/말소/만료/정지/중지,,,02-375-8850
,경은문화사업단,,,,,2026-05-01 22:48:31,I,07,직권말소,2008-09-18 09:29:49,,,2000-10-27,,서울특별시 은평구 녹번동  **-**,2000311011123200080,3110000,,,,04,취소/말소/만료/정지/중지,,,02-359-8700
,현대수색판매대리점,,,190042.803762943,453827.135199711,2026-05-01 22:48:31,I,01,정상영업,2015-05-28 17:34:45,,,2000-11-09,122-875,서울특별시 은평구 수색동 ***번지 *호,2000311011123200082,3110000,"서울특별시 은평구 수색로 ***-*, *,*층 (수색동, 세우빌딩)",,,01,영업/정상,,,02-308-1233
,우주메디칼,,,,,2026-05-01 22:48:32,I,07,직권말소,2008-09-18 09:18:21,,,2001-06-08,,서울특별시 은평구 대조동  **-** *층,2001311011123200089,3110000,,,,04,취소/말소/만료/정지/중지,,,02-357-5708
,영우실업,,,,,2026-05-01 22:48:32,I,07,직권말소,2008-09-18 09:11:46,,,2001-07-03,,서울특별시 은평구 응암동  ***-** 지층,2001311011123200090,3110000,,,,04,취소/말소/만료/정지/중지,,,02-352-6631
,마린바이오,,,,,2026-05-01 22:48:32,I,07,직권말소,2008-09-16 17:46:14,,,2001-07-04,,서울특별시 은평구 응암동  ***-** *층,2001311011123200091,3110000,,,,04,취소/말소/만료/정지/중지,,,02-795-0899
,대로유통,,,,,2026-05-01 22:48:32,I,07,직권말소,2008-09-16 17:43:12,,,2001-07-27,,서울특별시 은평구 불광동  *-* 지층,2001311011123200092,3110000,,,,04,취소/말소/만료/정지/중지,,,02-382-8631
,두오,,,,,2026-05-01 22:48:32,I,07,직권말소,2008-09-16 17:39:32,,,2001-08-01,,서울특별시 은평구 증산동  ***-* 우양빌딩***,2001311011123200093,3110000,,,,04,취소/말소/만료/정지/중지,,,02-376-6140
,푸른은평,,,,,2026-05-01 22:48:32,I,07,직권말소,2008-09-16 17:35:41,,,2001-08-03,,서울특별시 은평구 응암동  *-* *층,2001311011123200094,3110000,,,,04,취소/말소/만료/정지/중지,,,02-388-3232
,쌍용자동차은평판매,,,,,2026-05-01 22:48:32,I,07,직권말소,2008-09-16 17:32:30,,,2001-08-20,,서울특별시 은평구 응암동  **-*,2001311011123200095,3110000,,,,04,취소/말소/만료/정지/중지,,,02-333-3310
,알로에마임,,,,,2026-05-01 22:48:32,I,07,직권말소,2008-09-16 17:28:49,,,2001-09-07,,서울특별시 은평구 수색동  ***-* *층,2001311011123200098,3110000,,,,04,취소/말소/만료/정지/중지,,,02-305-3341
,백옥생화장품은서지사,,,,,2026-05-01 22:48:32,I,07,직권말소,2008-09-16 17:22:24,,,2001-10-12,,서울특별시 은평구 응암동  **-**,2001311011123200102,3110000,,,,04,취소/말소/만료/정지/중지,,,02-355-8285
,한국시험정보원,,,,,2026-05-01 22:48:32,I,07,직권말소,2008-09-16 17:17:30,,,2001-12-13,,서울특별시 은평구 녹번동  ***-* 대규빌딩 ***,2001311011123200106,3110000,,,,04,취소/말소/만료/정지/중지,,,02-355-3490
,페스(PESS),,,,,2026-05-01 22:48:32,I,07,직권말소,2008-09-16 17:13:59,,,2001-12-17,,서울특별시 은평구 구산동  **-** 태영빌라 B**,2001311011123200108,3110000,,,,04,취소/말소/만료/정지/중지,,,02-303-9355
,이롬라이프,,,,,2026-05-01 22:48:32,I,07,직권말소,2008-09-16 16:58:18,,,2002-01-11,,서울특별시 은평구 불광동  **-***,2002311011123200112,3110000,,,,04,취소/말소/만료/정지/중지,,,02-352-0238
0,(주)팍스텔레콤,,0,,,2026-05-01 22:48:33,I,07,직권말소,2008-09-16 16:55:23,0,,2002-03-14,,서울특별시 은평구 대조동  **-*,2002311011123200117,3110000,,,,04,취소/말소/만료/정지/중지,,,02-386-6651
,좋은사람들,,,,,2026-05-01 22:48:33,I,07,직권말소,2008-02-21 00:00:00,,,2002-03-19,,서울특별시 은평구 대조동  **-* *(지하),2002311011123200118,3110000,,,,04,취소/말소/만료/정지/중지,,,02-388-4701
,길벗센타,,,,,2026-05-01 22:48:33,I,07,직권말소,2008-09-16 15:44:33,,,2002-03-26,,서울특별시 은평구 녹번동  ***-* *층,2002311011123200119,3110000,,,,04,취소/말소/만료/정지/중지,,,02-386-4465
,좋은이웃,,,,,2026-05-01 22:48:33,I,07,직권말소,2008-09-16 14:23:49,,,2002-04-26,,서울특별시 은평구 신사동  *-** 지하,2002311011123200124,3110000,,,,04,취소/말소/만료/정지/중지,,,02-382-4754
0,(주)프리포트,,0,,,2026-05-01 22:48:33,I,07,직권말소,2008-09-16 14:19:16,0,,2002-04-30,,서울특별시 은평구 녹번동  **-** ***호,2002311011123200125,3110000,,,,04,취소/말소/만료/정지/중지,,,02-351-3481
,해피마인드,,,,,2026-05-01 22:48:34,I,07,직권말소,2008-09-16 14:16:08,,,2002-06-18,,서울특별시 은평구 불광동  ***-** 매트로쇼핑 *층,2002311011123200127,3110000,,,,04,취소/말소/만료/정지/중지,,,02-3157-2530
,응암대우자동차판매회,,,,,2026-05-01 22:48:31,I,07,직권말소,2008-07-18 17:34:30,,,1996-11-15,,서울특별시 은평구 대조동  ***-**,1996311011123200009,3110000,,,,04,취소/말소/만료/정지/중지,,,02-356-6667
,대우자동차녹번판매,,,,,2026-05-01 22:48:31,I,07,직권말소,2008-07-18 17:30:38,,,1996-11-15,,서울특별시 은평구 대조동  ***-**,1996311011123200010,3110000,,,,04,취소/말소/만료/정지/중지,,,02-389-3055
,오거리대우자동차판매,,,,,2026-05-01 22:48:31,I,07,직권말소,2008-07-18 17:11:47,,,1996-11-21,,서울특별시 은평구 응암동  ***-**,1996311011123200013,3110000,,,,04,취소/말소/만료/정지/중지,,,02-376-3351
,쉐보레 연신내대리점,,,193162.627608025,457121.59928757,2026-05-01 22:48:31,I,01,정상영업,2022-03-18 17:37:45,,,1996-11-21,122-030,"서울특별시 은평구 대조동 ***번지 **호 *,*층",1996311011123200015,3110000,"서울특별시 은평구 통일로 *** (대조동, 덕원빌딩 *,*층)",,,01,영업/정상,,,02-383-7761
,생그린연신내지사,,,,,2026-05-01 22:48:31,I,07,직권말소,2008-07-18 17:08:30,,,1996-12-05,,서울특별시 은평구 불광동  ***-*,1996311011123200020,3110000,,,,04,취소/말소/만료/정지/중지,,,02-382-0811
,기아자동차불광판매,,,,,2026-05-01 22:48:31,I,07,직권말소,2008-07-18 17:05:04,,,1996-12-12,,서울특별시 은평구 신사동  **-**,1996311011123200021,3110000,,,,04,취소/말소/만료/정지/중지,,,02-307-3210
0,(주)서윤파이낸스,,0,,,2026-05-01 22:48:31,I,07,직권말소,2008-07-18 17:01:31,0,,1997-05-09,,서울특별시 은평구 불광동  ***-**,1997311011123200034,3110000,,,,04,취소/말소/만료/정지/중지,,,02-383-5161
,B.L,,,,,2026-05-01 22:48:31,I,07,직권말소,2008-07-18 16:57:05,,,1997-11-28,,서울특별시 은평구 녹번동  ***-**,1997311011123200044,3110000,,,,04,취소/말소/만료/정지/중지,,,02-354-9211
,한뿌리식품,,,,,2026-05-01 22:48:31,I,07,직권말소,2008-07-18 16:12:19,,,1998-02-20,,서울특별시 은평구 응암동  **-** 미주빌딩 ***호,1998311011123200038,3110000,,,,04,취소/말소/만료/정지/중지,,,02-359-9340
,샤롱드브떼,,,,,2026-05-01 22:48:31,I,07,직권말소,2008-07-18 16:05:32,,,1998-03-27,,서울특별시 은평구 갈현동  ***-*,1998311011123200039,3110000,,,,04,취소/말소/만료/정지/중지,,,02-383-5621
0,(주)기프트이벤트,,0,,,2026-05-01 22:48:31,I,07,직권말소,2009-02-02 15:08:50,0,,1998-06-08,,서울특별시 은평구 불광동  ***-**,1998311011123200042,3110000,,,,04,취소/말소/만료/정지/중지,,,02-355-1355
,알로에마임불광지사,,,,,2026-05-01 22:48:31,I,07,직권말소,2008-07-18 15:40:02,,,1999-01-09,,서울특별시 은평구 불광동  ***-*,1999311011123200045,3110000,,,,04,취소/말소/만료/정지/중지,,,02-355-5636
0,(주)에바스클라비화장품은평지사,,0,,,2026-05-01 22:48:31,I,07,직권말소,2008-07-18 15:58:55,0,,1999-01-13,,서울특별시 은평구 갈현동  ***-*,1999311011123200047,3110000,,,,04,취소/말소/만료/정지/중지,,,02-947-0788
,기아자동차신사판매점,,,,,2026-05-01 22:48:31,I,07,직권말소,2008-07-18 15:54:51,,,1999-02-10,,서울특별시 은평구 신사동  ***-*,1999311011123200048,3110000,,,,04,취소/말소/만료/정지/중지,,,02-308-7171
,영은상사,,,,,2026-05-01 22:48:31,I,07,직권말소,2008-07-18 15:50:32,,,1999-04-12,,서울특별시 은평구 녹번동  **-** 녹번프라자 *층,1999311011123200049,3110000,,,,04,취소/말소/만료/정지/중지,,,02-389-6457
,알로에마임,,,,,2026-05-01 22:48:31,I,07,직권말소,2009-03-09 17:09:54,,,1999-05-14,,서울특별시 은평구 응암동  **-**,1999311011123200051,3110000,,,,04,취소/말소/만료/정지/중지,,,02-376-7603
,유림상사,,,,,2026-05-01 22:48:31,I,07,직권말소,2008-07-18 15:33:31,,,1999-07-07,,서울특별시 은평구 녹번동  ***-* 대성빌딩 ***,1999311011123200052,3110000,,,,04,취소/말소/만료/정지/중지,,,02-353-0083
,교육나라,,,,,2026-05-01 22:48:40,I,07,직권말소,2008-07-15 17:11:31,,,2006-05-24,,서울특별시 은평구 수색동  ***-* 동일빌딩 ***호,2006311011123200025,3110000,,,,04,취소/말소/만료/정지/중지,,,02-373-0901
,백세물류,,,,,2026-05-01 22:48:40,I,07,직권말소,2008-07-15 16:57:48,,,2006-06-01,,서울특별시 은평구 응암동  **-** */* *층,2006311011123200027,3110000,,,,04,취소/말소/만료/정지/중지,,,02-387-2094
,해피요,,,,,2026-05-01 22:48:40,I,07,직권말소,2008-09-16 10:56:07,,,2006-06-20,,서울특별시 은평구 증산동  ***-* 푸른정형외과 *층,2006311011123200029,3110000,,,,04,취소/말소/만료/정지/중지,,,02-307-8001
,HABA 브레인 슐레,,,,,2026-05-01 22:48:40,I,07,직권말소,2010-07-19 14:34:01,,,2006-06-20,,서울특별시 은평구 수색동  ***-* *층 ***호,2006311011123200030,3110000,,,,04,취소/말소/만료/정지/중지,,,02-373-0901
,당뇨와 건강,,,193496.477663705,456706.421604724,2026-05-01 22:48:40,I,07,직권말소,2009-03-09 15:26:38,,,2006-07-07,,서울특별시 은평구 대조동 *번지 *호 *층,2006311011123200031,3110000,"서울특별시 은평구 통일로**길 **-* (대조동,*층)",,,04,취소/말소/만료/정지/중지,,,02-353-7747
,한아름,,,,,2026-05-01 22:48:40,I,07,직권말소,2008-07-15 16:52:15,,,2006-07-13,,서울특별시 은평구 신사동  ***-**,2006311011123200032,3110000,,,,04,취소/말소/만료/정지/중지,,,02-302-2193
,조은텔레콤,,,,,2026-05-01 22:48:40,I,07,직권말소,2008-07-15 16:45:12,,,2006-07-24,,서울특별시 은평구 역촌동  **-*,2006311011123200033,3110000,,,,04,취소/말소/만료/정지/중지,,,02-359-0040
,보성,,,,,2026-05-01 22:48:40,I,07,직권말소,2008-07-15 16:38:02,,,2006-09-18,,서울특별시 은평구 갈현동  ***-**,2006311011123200039,3110000,,,,04,취소/말소/만료/정지/중지,,,
,J.S코리아,,,,,2026-05-01 22:48:41,I,07,직권말소,2008-07-15 16:34:15,,,2006-09-28,,서울특별시 은평구 수색동  ***-* 지하,2006311011123200040,3110000,,,,04,취소/말소/만료/정지/중지,,,02-308-1722
,지에이치카르텔,,,,,2026-05-01 22:48:41,I,07,직권말소,2008-09-12 14:49:23,,,2006-10-25,,서울특별시 은평구 녹번동  **-**,2006311011123200042,3110000,,,,04,취소/말소/만료/정지/중지,,,02-384-8979
,주민정보통신,,,,,2026-05-01 22:48:41,I,07,직권말소,2008-07-15 16:26:57,,,2006-11-03,,서울특별시 은평구 역촌동  **-** ***,2006311011123200045,3110000,,,,04,취소/말소/만료/정지/중지,,,02-389-9475
,삼덕상사,,,,,2026-05-01 22:48:41,I,07,직권말소,2008-07-15 16:22:43,,,2006-11-09,,서울특별시 은평구 불광동  ***-* 대호프라자 ***-****,2006311011123200047,3110000,,,,04,취소/말소/만료/정지/중지,,,02-357-7670
,퍼스트코리아,,,,,2026-05-01 22:48:41,I,07,직권말소,2010-03-31 17:20:50,,,2006-12-14,,서울특별시 은평구 응암동  ***-** ***,2006311011123200049,3110000,,,,04,취소/말소/만료/정지/중지,,,
,쌍용자동차은평영업소,,,192440.024116346,455905.558000723,2026-05-01 22:48:41,I,01,정상영업,2015-05-11 17:09:02,,,2007-01-16,122-070,서울특별시 은평구 역촌동 **번지 **호,2007311011123200001,3110000,서울특별시 은평구 연서로 ** (역촌동),,,01,영업/정상,,,02-388-1990
,하트앤하트,,,,,2026-05-01 22:48:41,I,07,직권말소,2009-08-20 11:43:30,,,2007-01-18,,서울특별시 은평구 녹번동  **-** 양지미라벨***호,2007311011123200002,3110000,,,,04,취소/말소/만료/정지/중지,,,02-359-2759
,스코리아,,,,,2026-05-01 22:48:41,I,07,직권말소,2010-03-31 17:18:19,,,2007-04-04,,서울특별시 은평구 불광동  ***-* 대호프라자아파트 상가*층***,2007311011123200010,3110000,,,,04,취소/말소/만료/정지/중지,,,
,나라패션,,,192153.843096744,456032.160835286,2026-05-01 22:48:41,I,07,직권말소,2009-08-20 09:58:50,,,2007-05-17,122-070,서울특별시 은평구 역촌동 **번지 **호,2007311011123200014,3110000,서울특별시 은평구 갈현로**길 **-* (역촌동),,,04,취소/말소/만료/정지/중지,,,
,스카이트론,,,192164.137774013,453819.021406403,2026-05-01 22:48:41,I,07,직권말소,2008-09-12 14:44:32,,,2007-09-07,122-935,서울특별시 은평구 증산동 ***번지 *호 동도빌딩 *층  ***호,2007311011123200027,3110000,"서울특별시 은평구 증산로 ***, ***호 (증산동,동도빌딩 *층)",,,04,취소/말소/만료/정지/중지,,,02-324-9562
,샬롬,,,192032.323419818,457331.173979287,2026-05-01 22:48:41,I,07,직권말소,2010-03-31 17:16:53,,,2007-10-15,122-816,서울특별시 은평구 갈현동 ***번지 *호 그랜스빌 ***호,2007311011123200031,3110000,"서울특별시 은평구 갈현로**길 **-* (갈현동,그랜스빌 ***호)",,,04,취소/말소/만료/정지/중지,,,02-385-2963
,현대인마스타,,,192009.543853115,455896.832265962,2026-05-01 22:48:41,I,07,직권말소,2008-09-12 14:39:13,,,2007-10-26,122-900,서울특별시 은평구 역촌동 **번지 *호 그린빌딩 *층 ***,2007311011123200032,3110000,"서울특별시 은평구 갈현로 ** (역촌동,그린빌딩 *층 ***)",,,04,취소/말소/만료/정지/중지,,,02-325-0045
,미르정보통신,,,192554.553893103,456476.966684411,2026-05-01 22:48:41,I,07,직권말소,2009-03-09 14:54:12,,,2007-11-08,122-819,서울특별시 은평구 구산동 *번지 **호 *층,2007311011123200033,3110000,"서울특별시 은평구 연서로**길 * (구산동,*층)",,,04,취소/말소/만료/정지/중지,,,02-6402-3520
,한길 정보통신,,,,,2026-05-01 22:48:41,I,07,직권말소,2010-07-19 14:33:08,,,2007-12-13,122-020,"서울특별시 은평구 녹번동 **번지 *호 *호 *층, *층",2007311011123200037,3110000,"서울특별시 은평구 통일로 *** (녹번동,*호 *층, *층)",,,04,취소/말소/만료/정지/중지,,,02-6405-6677
,유니베라 윌드컵,,,190803.834713024,453295.272029369,2026-05-01 22:48:41,I,07,직권말소,2015-04-24 14:13:03,,,2007-12-21,122-873,서울특별시 은평구 수색동 ***번지 *호 *층,2007311011123200039,3110000,"서울특별시 은평구 수색로**길 *-* (수색동,*층)",,,04,취소/말소/만료/정지/중지,,,02-303-3885
,보람상조라이프,,,192727.126157163,454879.397617695,2026-05-01 22:48:41,I,07,직권말소,2014-10-21 18:00:46,,,2008-03-26,122-911,서울특별시 은평구 응암동 ***번지 *호 *층,2008311011123200008,3110000,"서울특별시 은평구 응암로**가길 ** (응암동,*층)",,,04,취소/말소/만료/정지/중지,,,02-382-9201
,오휘 은평중앙지사,,,192790.726349579,455224.583429741,2026-05-01 22:48:41,I,07,직권말소,2009-03-09 14:48:44,,,2008-04-19,122-910,서울특별시 은평구 응암동 ***번지 **호 한성빌딩 *층,2008311011123200011,3110000,"서울특별시 은평구 은평로*길 * (응암동,한성빌딩 *층)",,,04,취소/말소/만료/정지/중지,,,02-355-1528
,일진홍보사업부,,,192214.755400512,453992.582013909,2026-05-01 22:48:41,I,07,직권말소,2010-03-31 17:14:28,,,2008-04-22,122-935,서울특별시 은평구 증산동 ***번지 *호 *층,2008311011123200012,3110000,"서울특별시 은평구 증산로 *** (증산동,*층)",,,04,취소/말소/만료/정지/중지,,,02-000-0000
,셰프라인,,,192771.367245921,457686.666766178,2026-05-01 22:48:41,I,07,직권말소,2012-07-25 11:24:25,,,2008-05-27,122-810,서울특별시 은평구 갈현동 ***번지 **호,2008311011123200014,3110000,서울특별시 은평구 통일로**길 *-** (갈현동),,,04,취소/말소/만료/정지/중지,,,02-352-7262
,달란트코리아,,,193307.997212511,456132.177001816,2026-05-01 22:48:41,I,07,직권말소,2010-03-31 17:13:14,,,2008-06-11,122-833,서울특별시 은평구 녹번동 ***번지 **호 서안에이스빌 ***호,2008311013123200001,3110000,"서울특별시 은평구 진흥로 ***-* (녹번동,서안에이스빌 ***호)",,,04,취소/말소/만료/정지/중지,,,02-352-4879
,허브인,,,192080.245711906,454104.17584093,2026-05-01 22:48:41,I,07,직권말소,2008-06-30 17:41:38,,,2008-06-30,122-891,서울특별시 은평구 신사동 ***번지 **호,2008311013123200005,3110000,서울특별시 은평구 증산로**길 ** (신사동),,,04,취소/말소/만료/정지/중지,,,02-379-3074
,마임증산지사,,,192491.321689009,454300.411398011,2026-05-01 22:48:41,I,07,직권말소,2012-07-25 11:23:21,,,2008-07-21,122-924,서울특별시 은평구 응암동 ***번지 **호 이서주택 *층,2008311013123200009,3110000,"서울특별시 은평구 가좌로 ***-* (응암동,이서주택 *층)",,,04,취소/말소/만료/정지/중지,,,02-000-0000
,쉐보레 응암 대리점,,,192904.177724099,455285.405795414,2026-05-01 22:48:41,I,01,정상영업,2015-06-02 16:15:05,,,2008-07-22,122-910,서울특별시 은평구 응암동 ***번지 *호,2008311013123200010,3110000,서울특별시 은평구 은평로 *** (응암동),,,01,영업/정상,,,02-000-0000
,그린웰라이프,,,190846.825135398,453246.597175201,2026-05-01 22:48:41,I,07,직권말소,2013-01-21 10:06:01,,,2008-08-08,122-874,서울특별시 은평구 수색동 ***번지 *호 흥남빌딩 지하,2008311013123200012,3110000,"서울특별시 은평구 수색로 *** (수색동,흥남빌딩 지하)",,,04,취소/말소/만료/정지/중지,,,02-000-0000
,제이케이정보통신,,,193775.614146282,455407.854281457,2026-05-01 22:48:41,I,07,직권말소,2012-07-25 11:26:06,,,2008-08-14,122-906,서울특별시 은평구 응암동 **번지 **호 ***,2008311013123200013,3110000,"서울특별시 은평구 은평로 ***-* (응암동,***)",,,04,취소/말소/만료/정지/중지,,,070-7561-9750
,제이(J)스토어,,,192210.039482389,454828.991167439,2026-05-01 22:48:41,I,07,직권말소,2010-03-31 17:11:57,,,2008-08-29,122-882,서울특별시 은평구 신사동 **번지 **호 유성홈타운 C-***,2008311013123200015,3110000,"서울특별시 은평구 증산로**길 **-* (신사동,유성홈타운 C-***)",,,04,취소/말소/만료/정지/중지,,,02-376-8962
,코비오스,,,191953.704621303,454926.42592848,2026-05-01 22:48:42,I,07,직권말소,2009-03-09 14:46:02,,,2008-09-24,122-882,서울특별시 은평구 신사동 **번지 ***호,2008311013123200018,3110000,서울특별시 은평구 은평로 * (신사동),,,04,취소/말소/만료/정지/중지,,,02-3472-4130
,쿠삭(coosac),,,193308.915982712,455334.718450372,2026-05-01 22:48:42,I,07,직권말소,2009-03-09 14:42:53,,,2008-10-16,122-908,서울특별시 은평구 응암동 **번지 *호 *층,2008311013123200019,3110000,"서울특별시 은평구 은평로**길 *-* (응암동,*층)",,,04,취소/말소/만료/정지/중지,,,02-389-4643
,청라인,,,193280.930143021,455493.367205732,2026-05-01 22:48:42,I,07,직권말소,2010-03-31 17:10:37,,,2008-10-28,122-907,서울특별시 은평구 응암동 **번지 **호,2008311013123200021,3110000,서울특별시 은평구 은평로**길 *-** (응암동),,,04,취소/말소/만료/정지/중지,,,02-357-9825
,홈바월드,,,192423.789980339,454228.629871936,2026-05-01 22:48:42,I,07,직권말소,2012-07-25 11:26:34,,,2008-10-29,122-924,서울특별시 은평구 응암동 ***번지 *호,2008311013123200022,3110000,서울특별시 은평구 불광천길 ***-** (응암동),,,04,취소/말소/만료/정지/중지,,,02000000
,우진ENC 전자의료기기,,,191476.852501832,454444.28197608,2026-05-01 22:48:41,I,07,직권말소,2009-08-20 11:38:51,,,2008-02-21,122-887,서울특별시 은평구 신사동 ***번지 **호,2008311011123200003,3110000,서울특별시 은평구 은평터널로*길 ** (신사동),,,04,취소/말소/만료/정지/중지,,,02-308-7179
10000000,하이디렉스 주식회사,,10000000,193654.378125665,455534.538697906,2026-05-01 22:48:41,I,07,직권말소,2009-03-09 14:51:33,0,,2008-02-26,122-020,서울특별시 은평구 녹번동 ***번지 *층 ***호,2008311011123200004,3110000,"서울특별시 은평구 은평로 ***-* (녹번동,*층 ***호)",,,04,취소/말소/만료/정지/중지,,,02-384-1146
50000000,주식회사 엔씨에스텔레콤,,50000000,,,2026-05-01 22:48:41,I,07,직권말소,2016-04-05 17:54:48,0,,2008-03-12,122-011,서울특별시 은평구 응암*동 **번지 **호,2008311011123200005,3110000,"서울특별시 은평구 은평로**길 *-*, *층 (응암동)",,,04,취소/말소/만료/정지/중지,,,02-388-0460
100000000,(주)한솔웰라이프,,100000000,192406.330169552,457466.864831492,2026-05-01 22:48:41,I,07,직권말소,2010-03-31 17:15:33,0,,2008-03-18,122-812,서울특별시 은평구 갈현동 ***번지 **호 *층,2008311011123200006,3110000,"서울특별시 은평구 갈현로**길 * (갈현동,*층)",,,04,취소/말소/만료/정지/중지,,,02-354-6531
10000000,(주)런러쉬코리아,,10000000,191990.469478413,455467.337592249,2026-05-01 22:48:42,I,07,직권말소,2012-07-25 11:34:06,0,,2009-04-24,122-880,서울특별시 은평구 신사*동 *번지 **호 ***호,2009311013123200013,3110000,"서울특별시 은평구 갈현로 **-* (신사동,***호)",,,04,취소/말소/만료/정지/중지,,,1544-3595
,GS코리아,,,190454.651552293,453447.801645921,2026-05-01 22:48:42,I,07,직권말소,2010-03-31 17:03:40,,,2009-04-28,122-878,서울특별시 은평구 수색동 ***번지 *호,2009311013123200014,3110000,서울특별시 은평구 수색로 *** (수색동),,,04,취소/말소/만료/정지/중지,,,02-000-0000
,경인아가월드,,,193488.233541841,455294.221131955,2026-05-01 22:48:42,I,07,직권말소,2017-04-14 10:58:23,,,2009-04-29,122-912,서울특별시 은평구 응암*동 ***번지 *호 신일맨션 ***호,2009311013123200015,3110000,"서울특별시 은평구 백련산로 *** (응암동,신일맨션 ***호)",,,04,취소/말소/만료/정지/중지,,,02-521-0835
,안국건강,,,193780.021994218,455491.212588847,2026-05-01 22:48:42,I,07,직권말소,2010-03-31 17:02:16,,,2009-05-01,122-829,서울특별시 은평구 녹번동 **번지 *호 *층,2009311013123200016,3110000,"서울특별시 은평구 은평로 *** (녹번동,*층)",,,04,취소/말소/만료/정지/중지,,,02-356-5005
,바이오세이웰,,,193671.151835754,456443.282712175,2026-05-01 22:48:42,I,07,직권말소,2010-03-31 17:00:00,,,2009-05-11,122-837,서울특별시 은평구 대조동 **번지 **호 외 *필지 **호,2009311013123200017,3110000,"서울특별시 은평구 불광로 ** (대조동,외 *필지 **호)",,,04,취소/말소/만료/정지/중지,,,02-353-5034
,피오르핑크,,,,,2026-05-01 22:48:42,I,07,직권말소,2014-10-21 17:59:07,,,2009-05-12,122-759,서울특별시 은평구 수색동 청구아파트 ***동 ***호,2009311013123200018,3110000,,,,04,취소/말소/만료/정지/중지,,,02-374-9613
,나드리홈쇼핑,,,193047.227779984,456161.99070213,2026-05-01 22:48:42,I,07,직권말소,2012-07-25 11:38:29,,,2009-08-05,122-841,서울특별시 은평구 대조동 ***번지 **호 ***호,2009311013123200025,3110000,"서울특별시 은평구 서오릉로 ** (대조동,***호)",,,04,취소/말소/만료/정지/중지,,,02-000-0000
,수복상사,,,192519.064414992,457185.123622572,2026-05-01 22:48:42,I,07,직권말소,2013-01-21 10:06:54,,,2009-10-20,122-050,서울특별시 은평구 갈현동 ***번지 **호 영지빌라 나동 B**호,2009311013123200036,3110000,"서울특별시 은평구 연서로**길 **-** (갈현동,영지빌라 나동 B**호)",,,04,취소/말소/만료/정지/중지,,,02-000-0000
,홍선생미술은평지사,,,192579.673233986,459159.521813851,2026-05-01 22:48:42,I,01,정상영업,2021-04-30 13:30:06,,,2009-10-21,122-735,서울특별시 은평구 진관동 **번지 은평뉴타운제각말 ***동 ***호,2009311013123200037,3110000,"서울특별시 은평구 연서로 ***, ***동 ***호 (진관동, 은평뉴타운제각말)",,,01,영업/정상,,,02-353-3575
,Beauty Plus,,,192627.762063904,456471.149794038,2026-05-01 22:48:42,I,01,정상영업,2015-06-16 17:25:03,,,2009-11-16,122-895,서울특별시 은평구 역촌동 *번지 **호,2009311013123200038,3110000,서울특별시 은평구 연서로 *** (역촌동),,,01,영업/정상,,,02-389-3337
,서희,,,193308.915982712,455334.718450372,2026-05-01 22:48:42,I,07,직권말소,2017-11-28 10:19:56,,,2009-11-25,122-011,서울특별시 은평구 응암동 **번지 *호 ***호,2009311013123200040,3110000,"서울특별시 은평구 은평로**길 *-*, ***호 (응암동)",,,04,취소/말소/만료/정지/중지,,,02-000-0000
,운동화,,,191881.468521419,454952.0053163,2026-05-01 22:48:42,I,07,직권말소,2012-07-25 11:27:40,,,2009-12-29,122-080,서울특별시 은평구 신사동 **번지 ***호,2009311013123200042,3110000,서울특별시 은평구 가좌로 *** (신사동),,,04,취소/말소/만료/정지/중지,,,02-389-6756
100000000,(주)양지뷰티라인,,50000000,192456.762859875,456710.246499956,2026-05-01 22:48:42,I,07,직권말소,2010-03-31 17:08:33,50000000,,2008-11-27,122-813,서울특별시 은평구 갈현동 ***번지 *호 *층,2008311013123200027,3110000,"서울특별시 은평구 서오릉로 *** (갈현동,*층)",,,04,취소/말소/만료/정지/중지,,,02-353-5591
150000000,(주)케이에스지엠,,150000000,193388.761149198,455457.777913914,2026-05-01 22:48:42,I,05,타시군구이관,2012-06-27 16:34:47,0,,2008-12-02,122-907,서울특별시 은평구 응암동 **번지 **호 태양빌딩 *층,2008311013123200028,3110000,"서울특별시 은평구 은평로 *** (응암동,태양빌딩 *층)",,,05,제외/삭제/전출,,,1600-1570
,안국유통,,,190454.651552293,453447.801645921,2026-05-01 22:48:42,I,07,직권말소,2012-07-25 11:39:01,,,2008-12-05,122-878,서울특별시 은평구 수색동 ***번지 *호,2008311013123200029,3110000,서울특별시 은평구 수색로 *** (수색동),,,04,취소/말소/만료/정지/중지,,,02-309-1120
,에벤에셀,,,194002.701726955,456937.542510222,2026-05-01 22:48:42,I,07,직권말소,2014-10-21 18:00:17,,,2008-12-18,122-871,서울특별시 은평구 불광동 ***번지 *호 대호아파트 ***동 ***호,2008311013123200033,3110000,"서울특별시 은평구 불광로 ** (불광동,대호아파트 ***동 ***호)",,,04,취소/말소/만료/정지/중지,,,02-384-7417
,예명바이오식품,,,192468.897771311,455502.707865377,2026-05-01 22:48:42,I,07,직권말소,2010-03-31 17:07:04,,,2008-12-23,122-903,서울특별시 은평구 역촌동 **번지 **호 정라실크텔 ***호,2008311013123200034,3110000,"서울특별시 은평구 연서로 ** (역촌동,정라실크텔 ***호)",,,04,취소/말소/만료/정지/중지,,,02-2060-1278
,사임당화장품은평지사,,,193387.674297301,456897.797961872,2026-05-01 22:48:42,I,07,직권말소,2014-10-21 17:59:48,,,2009-01-14,122-840,서울특별시 은평구 대조동 **번지 *호 *층,2009311013123200001,3110000,"서울특별시 은평구 통일로**길 *-* (대조동,*층)",,,04,취소/말소/만료/정지/중지,,,02-352-9849
,21c훠유,,,,,2026-05-01 22:48:42,I,07,직권말소,2010-03-31 17:04:49,,,2009-02-19,122-920,서울특별시 은평구 응암*동 ***번지 *호 ***호,2009311013123200004,3110000,"서울특별시 은평구 백련산로*길 **-* (응암동,***호)",,,04,취소/말소/만료/정지/중지,,,02-2646-6589
,JY솔루션,,,191188.866535719,453162.844280292,2026-05-01 22:48:42,I,07,직권말소,2012-07-25 11:25:30,,,2009-02-24,122-878,서울특별시 은평구 수색동 ***번지 청구아파트 상가동 ***호,2009311013123200006,3110000,"서울특별시 은평구 증산로*길 ** (수색동,청구아파트 상가동 ***호)",,,04,취소/말소/만료/정지/중지,,,02-306-3221
281045163101,주식회사 케이티에이치씨엔,,35000000000,190471.090857691,452911.904225602,2026-05-01 03:03:03,U,01,정상영업,2026-04-30 10:02:37,47884313842,,2020-11-19,,서울특별시 마포구 상암동 **** 디디엠씨(DDMC),2024313025523200014,3130000,"서울특별시 마포구 매봉산로 **, 디디엠씨(DDMC) **층 ****호 (상암동)",03926,,01,영업/정상,,,070-8109-1177
100000000,(주)송맥홀딩스,,100000000,192765.329580501,457522.53070951,2026-05-01 22:48:42,I,07,직권말소,2012-07-25 11:34:45,0,,2010-01-07,122-050,서울특별시 은평구 갈현동 ***번지 **호 *층,2010311013123200002,3110000,"서울특별시 은평구 연서로**길 **-** (갈현동,*층)",,,04,취소/말소/만료/정지/중지,,,02-423-2212
,LG오휘 연신내지사,,,193165.007044095,457222.551313422,2026-05-01 22:48:42,I,07,직권말소,2012-07-25 11:35:51,,,2010-02-08,122-040,서울특별시 은평구 불광동 ***번지 **호,2010311013123200006,3110000,서울특별시 은평구 통일로**길 * (불광동),,,04,취소/말소/만료/정지/중지,,,02-6404-5522
,(토마린)오르,,,193974.076401512,457516.766525071,2026-05-01 22:48:42,I,07,직권말소,2012-07-25 11:37:43,,,2010-02-16,122-847,서울특별시 은평구 불광동 **번지 *호 **통 *반 삼익빌라 *동 ***호,2010311013123200007,3110000,"서울특별시 은평구 불광로 ***, *동 ***호 (불광동,삼익빌라)",,,04,취소/말소/만료/정지/중지,,,02-352-4297
,이든상사,,,192919.867173546,454993.108128741,2026-05-01 22:48:42,I,07,직권말소,2012-07-25 11:32:13,,,2010-06-17,122-010,서울특별시 은평구 응암동 ***번지 **호 ***호,2010311013123200018,3110000,"서울특별시 은평구 응암로**길 *-* (응암동,***호)",,,04,취소/말소/만료/정지/중지,,,02-533-3650
,이래유통,,,191671.289193293,454665.124753929,2026-05-01 22:48:43,I,07,직권말소,2014-10-21 17:58:01,,,2010-08-23,122-888,서울특별시 은평구 신사*동 ***번지 **호 *층,2010311013123200026,3110000,"서울특별시 은평구 은평터널로 ***-** (신사동,*층)",,,04,취소/말소/만료/정지/중지,,,02-000-0000
,생그린연신내지사,,,193163.314321177,457498.307953996,2026-05-01 22:48:43,I,01,정상영업,2015-05-28 16:57:09,,,2010-08-26,122-041,서울특별시 은평구 불광동 ***번지 *호 ***호,2010311013123200027,3110000,"서울특별시 은평구 연서로 ***, ***호 (불광동)",,,01,영업/정상,,,02-357-8108
,(주) 한국야쿠르트불광점,,,193467.778460464,456240.135144582,2026-05-01 22:48:43,I,07,직권말소,2021-09-23 14:20:24,,,2010-12-23,122-832,서울특별시 은평구 녹번동 ***번지 ***호 *층,2010311013123200039,3110000,"서울특별시 은평구 진흥로 ***-* (녹번동,*층)",,,04,취소/말소/만료/정지/중지,,,02-388-4600
,이롬은평증산점,,,193226.593098986,453966.677734224,2026-05-01 22:48:43,I,01,정상영업,2015-06-10 13:25:11,,,2011-03-28,122-011,서울특별시 은평구 응암동 ***번지 백련산힐스테이트*차 단지내상가,2011311013123200004,3110000,"서울특별시 은평구 백련산로 **, S동 ***호 (응암동)",,,01,영업/정상,,,
,건강나라,,,191968.070223834,455166.785910364,2026-05-01 22:48:43,I,07,직권말소,2012-07-25 11:32:52,,,2011-03-22,122-080,서울특별시 은평구 신사동 **번지 **호,2011311013123200007,3110000,서울특별시 은평구 갈현로 *-* (신사동),,,04,취소/말소/만료/정지/중지,,,
,제이제이티오씨,,,193069.05000387,455648.551636756,2026-05-01 22:48:43,I,07,직권말소,2020-07-03 09:36:18,,,2011-06-08,,서울특별시 은평구 녹번동 ***번지 **호,2011311013123200010,3110000,"서울특별시 은평구 응암로 ***, *층 좌측호 (녹번동)",03458,,04,취소/말소/만료/정지/중지,,,
,에바니아 헬링케어,,,193897.79107283,457025.693461082,2026-05-01 22:48:43,I,07,직권말소,2020-12-24 11:11:48,,,2011-06-08,122-856,서울특별시 은평구 불광동 ***번지 ***호 *층,2011311013123200011,3110000,서울특별시 은평구 불광로*가길 **-* (불광동),,,04,취소/말소/만료/정지/중지,,,
,미래건강생활,,,191223.226624594,453806.289758423,2026-05-01 22:48:43,I,07,직권말소,2014-10-21 17:57:29,,,2011-06-15,122-872,서울특별시 은평구 수색동 ***번지 *호 대림한숲타운아파트 ***동 ****호,2011311013123200012,3110000,"서울특별시 은평구 은평터널로 **, ***동 ****호 (수색동,대림한숲타운아파트)",,,04,취소/말소/만료/정지/중지,,,070-8264-8286
,유밴,,,192529.36910273,455690.503168154,2026-05-01 22:48:43,I,07,직권말소,2013-01-21 10:07:42,,,2011-07-26,122-898,서울특별시 은평구 역촌동 **번지 **호 베로니스 ***호,2011311013123200018,3110000,"서울특별시 은평구 연서로 **-*, ***호 (역촌동,베로니스)",,2013-01-21,04,취소/말소/만료/정지/중지,,,
0,주식회사 휴먼라이프인베스트먼트,,50000000,192944.961477852,458203.935809097,2026-05-01 22:48:43,I,07,직권말소,2012-07-25 11:36:47,0,,2011-10-17,122-869,서울특별시 은평구 불광*동 ***번지 **호 *층,2011311013123200028,3110000,,,,04,취소/말소/만료/정지/중지,,,02-358-7272
,폰내꺼,,,192167.100643026,454338.55457258,2026-05-01 22:48:43,I,07,직권말소,2013-01-21 10:08:49,,,2011-11-02,122-891,서울특별시 은평구 신사*동 ***번지 *호   ***호,2011311013123200031,3110000,"서울특별시 은평구 증산로**가길 *, ***호 (신사동)",,,04,취소/말소/만료/정지/중지,,,
,TKO통신,,,191926.377668981,455479.306958944,2026-05-01 22:48:43,I,07,직권말소,2015-04-24 14:12:33,,,2011-11-03,122-880,서울특별시 은평구 신사*동 **번지 **호 은경빌딩 ***호,2011311013123200032,3110000,"서울특별시 은평구 갈현로*길 **-**, ***호 (신사동,은경빌딩)",,,04,취소/말소/만료/정지/중지,,,
,하진점,,,192817.322848018,457796.737235427,2026-05-01 22:48:43,I,07,직권말소,2016-04-05 17:54:08,,,2011-11-03,122-808,서울특별시 은평구 갈현*동 ***번지 *호 *층,2011311013123200033,3110000,"서울특별시 은평구 통일로 *** (갈현동,*층)",,,04,취소/말소/만료/정지/중지,,,
,미르,,,190508.444272436,453758.967408905,2026-05-01 22:48:43,I,07,직권말소,2020-12-24 11:16:42,,,2011-12-15,122-877,서울특별시 은평구 수색동 ***번지 *호 **통 *반 *층,2011311013123200042,3110000,"서울특별시 은평구 수색로**길 ** (수색동,*층)",,,04,취소/말소/만료/정지/중지,,,
,어메이징,,,194047.345565743,457287.895099274,2026-05-01 22:48:43,I,07,직권말소,2017-04-14 10:57:31,,,2012-02-10,122-040,서울특별시 은평구 불광동 **번지 **호 지층,2012311013123200004,3110000,"서울특별시 은평구 불광로 ***, 지층 (불광동)",,,04,취소/말소/만료/정지/중지,,,
,하경유통,,,194260.483039208,455317.693667082,2026-05-01 22:48:43,I,07,직권말소,2013-01-21 10:09:31,,,2012-02-22,122-905,서울특별시 은평구 응암*동 **번지 *호 청수*빌딩 ***호,2012311013123200006,3110000,"서울특별시 은평구 통일로 ***, ***호 (응암동,청수*빌딩)",,,04,취소/말소/만료/정지/중지,,,02-387-9033
,MK김병문,,,193292.216915729,457229.612127304,2026-05-01 22:48:43,I,07,직권말소,2014-10-21 17:56:43,,,2012-02-23,122-859,서울특별시 은평구 불광*동 ***번지 **호,2012311013123200007,3110000,서울특별시 은평구 통일로**길 **-* (불광동),,,04,취소/말소/만료/정지/중지,,,
281045163101,주식회사 케이티에이치씨엔 서초방송,,35000000000,190471.090857691,452911.904225602,2026-05-01 03:03:03,U,01,정상영업,2026-04-30 10:13:44,47884313842,,2020-11-19,,서울특별시 마포구 상암동 **** 디디엠씨(DDMC),2025313027823200004,3130000,"서울특별시 마포구 매봉산로 **, 디디엠씨(DDMC) **층 ****호 (상암동)",03926,,01,영업/정상,,,070-8109-1177
281045163101,주식회사 케이티에이치씨엔 동작방송,,35000000000,190471.090857691,452911.904225602,2026-05-01 03:03:03,U,01,정상영업,2026-04-30 10:21:51,47884313842,,2020-11-19,,서울특별시 마포구 상암동 **** 디디엠씨(DDMC),2025313027823200005,3130000,"서울특별시 마포구 매봉산로 **, 디디엠씨(DDMC) **층 ****호 (상암동)",03926,,01,영업/정상,,,070-8109-1177
120732454,주식회사 유니비즈,,15529334,193083.765685506,455978.010581693,2026-05-01 22:48:43,I,07,직권말소,2016-11-26 17:07:06,120732454,,2012-03-23,122-896,서울특별시 은평구 역촌동 **번지 *호 기린빌딩*층,2012311013123200009,3110000,"서울특별시 은평구 진흥로 ***, *층 (역촌동, 기린빌딩)",,,04,취소/말소/만료/정지/중지,,,02-6081-8968
,유성 의료기,,,192584.503997916,454626.336553368,2026-05-01 22:48:43,I,07,직권말소,2013-01-21 10:10:13,,,2012-03-26,122-010,서울특별시 은평구 응암동 ***번지 **호 지층,2012311013123200010,3110000,서울특별시 은평구 응암로**길 * (응암동),,,04,취소/말소/만료/정지/중지,,,055-367-0637
50000000,(주)삼채,,50000000,193219.922379192,455499.192369173,2026-05-01 22:48:43,I,07,직권말소,2013-01-21 10:11:21,0,,2012-04-02,122-907,서울특별시 은평구 응암*동 **번지 **호,2012311013123200012,3110000,서울특별시 은평구 은평로**길 **-** (응암동),,,04,취소/말소/만료/정지/중지,,,02-307-1557
,해오름3,,,191680.411006528,455795.310283883,2026-05-01 22:48:43,I,07,직권말소,2014-10-21 17:56:12,,,2012-04-23,122-904,서울특별시 은평구 역촌동 ***번지 *호 선일빌라 ***호,2012311013123200013,3110000,"서울특별시 은평구 갈현로*나길 **, ***호 (역촌동)",,,04,취소/말소/만료/정지/중지,,,02-878-4823
,탑스타,,,192318.383820956,454552.507165347,2026-05-01 22:48:44,I,07,직권말소,2013-01-21 10:12:00,,,2012-07-12,122-882,서울특별시 은평구 신사*동 **번지 **호 지하,2012311013123200019,3110000,"서울특별시 은평구 증산로 ***, 지층 (신사동)",,,04,취소/말소/만료/정지/중지,,,02-6338-1910
,J&H,,,192912.06981121,455777.791645997,2026-05-01 22:48:44,I,07,직권말소,2014-10-21 17:55:33,,,2012-07-12,122-897,서울특별시 은평구 역촌동 **번지 **호 *층-*,2012311013123200020,3110000,"서울특별시 은평구 진흥로*길 *, *층*호 (역촌동)",,,04,취소/말소/만료/정지/중지,,,
,행운유통,,,191735.408892923,456225.80618392,2026-05-01 22:48:44,I,07,직권말소,2014-10-21 17:58:31,,,2010-08-10,122-822,서울특별시 은평구 구산동 ***번지 *호 풍성피아오지앙 ***동 ***호,2012311013123200023,3110000,서울특별시 은평구 갈현로**길 **-* (구산동),,,04,취소/말소/만료/정지/중지,,,02-336-6492
,정진기업,,,191604.982721563,453525.608456744,2026-05-01 22:48:44,I,07,직권말소,2020-12-24 11:16:14,,,2005-07-04,122-940,서울특별시 은평구 증산동 ***번지 *호 *층,2012311013123200024,3110000,"서울특별시 은평구 증산로*길 **, *층 (증산동)",,,04,취소/말소/만료/정지/중지,,,02-323-4605
,에듀프라임 은평지사,,,,,2026-05-01 22:48:44,I,01,정상영업,2021-05-24 11:23:13,,,2013-04-04,,서울특별시 은평구 진관동 ** 은평뉴타운 구파발,2013311013123200008,3110000,"서울특별시 은평구 진관*로 **, ***동 ***호 (진관동, 은평뉴타운 구파발)",03301,,01,영업/정상,,,02-308-5117
,코리아T. R,,,191769.210703102,453571.539052691,2026-05-01 22:48:44,I,01,정상영업,2022-04-11 10:35:50,,,2013-05-06,,서울특별시 은평구 증산동 ***-**,2013311013123200012,3110000,"서울특별시 은평구 증산로*길 **, 지층 (증산동)",03499,,01,영업/정상,,,02-304-6982
,미래모바일,,,193004.436014625,455424.789512658,2026-05-01 22:48:44,I,07,직권말소,2014-10-21 17:55:01,,,2013-06-13,122-907,서울특별시 은평구 응암*동 **번지 **호 *층,2013311013123200016,3110000,"서울특별시 은평구 은평로*길 **, *층 (응암동)",,,04,취소/말소/만료/정지/중지,,,02-389-7041
10000000,주식회사 예스필레오,,10000000,192425.133938527,454421.628779328,2026-05-01 22:48:44,I,07,직권말소,2015-04-24 14:12:05,0,,2013-08-19,,,2013311013123200020,3110000,"서울특별시 은평구 가좌로 ***, *층 (응암동, 송지빌딩)",,,04,취소/말소/만료/정지/중지,,,02-302-2459
,갈멜 (K. M) 농원,,,190803.834713024,453295.272029369,2026-05-01 22:48:44,I,07,직권말소,2020-12-24 11:15:49,,,2013-08-19,122-090,서울특별시 은평구 수색동 ***번지 *호 *층 가호,2013311013123200021,3110000,"서울특별시 은평구 수색로**길 *-* (수색동,*층 가호)",,,04,취소/말소/만료/정지/중지,,,02-304-6624
,뽄쟁이샵,,,,,2026-05-01 22:48:44,I,07,직권말소,2014-10-21 17:54:00,,,2013-09-10,122-915,서울특별시 은평구 응암*동 ***번지 ***호 *층,2013311013123200024,3110000,"서울특별시 은평구 백련산로*길 *-*, *층 (응암동)",,,04,취소/말소/만료/정지/중지,,,
,도레미,,,192874.586393525,455219.749109255,2026-05-01 22:48:44,I,07,직권말소,2021-09-23 14:19:14,,,2014-04-10,122-907,서울특별시 은평구 응암동 ***번지 **호,2014311013123200011,3110000,"서울특별시 은평구 은평로*길 **-*, *층 ***호 (응암동, 한성하이빌)",,,04,취소/말소/만료/정지/중지,,,02-383-0267
,정원통신,,,192495.053402535,458027.32436052,2026-05-01 22:48:44,I,07,직권말소,2016-11-26 17:05:31,,,2014-04-15,122-804,서울특별시 은평구 갈현동 ***번지 **호,2014311013123200012,3110000,"서울특별시 은평구 갈현로**길 **, *층 우측호 (갈현동)",,,04,취소/말소/만료/정지/중지,,,070-7321-6126
,100세 팔팔 건강나라,,,193173.204283529,454966.103988186,2026-05-01 22:48:44,I,07,직권말소,2019-02-01 09:53:14,,,2014-06-19,122-908,서울특별시 은평구 응암동 ***번지 **호,2014311013123200015,3110000,"서울특별시 은평구 백련산로 ***, 상가동 ***호 (응암동)",,,04,취소/말소/만료/정지/중지,,,02-383-7900
50000000,(주) 이알에프,,50000000,191922.154761573,456920.920994147,2026-05-01 22:48:44,I,07,직권말소,2020-07-03 09:35:55,0,,2014-07-29,122-807,서울특별시 은평구 구산동 ***번지 *호,2014311013123200016,3110000,"서울특별시 은평구 서오릉로 ***, *층 (구산동)",,,04,취소/말소/만료/정지/중지,,,
,제이엔에스,,,192031.529327964,454106.034584739,2026-05-01 22:48:44,I,01,정상영업,2021-11-19 16:48:08,,,2014-06-12,122-935,서울특별시 은평구 증산동 ***번지 *호,2014311013123200022,3110000,"서울특별시 은평구 증산로**길 **, *층 (증산동)",,,01,영업/정상,,,1877-6980
,녹십초 알로에 연신내점,,,193261.364505901,457593.490295485,2026-05-01 22:48:44,I,01,정상영업,2017-07-04 17:25:07,,,2014-12-15,,서울특별시 은평구 불광동 ***번지 *호 *층,2014311013123200024,3110000,"서울특별시 은평구 연서로 ***, *층 (불광동)",03342,,01,영업/정상,,,02-389-9171
,에치와이 응암점,,,193466.528231765,455353.035630165,2026-05-01 22:48:44,I,01,정상영업,2021-05-10 17:00:32,,,2014-12-26,,"서울특별시 은평구 응암동 **번지 *호 *층 ***, ***호",2014311013123200026,3110000,"서울특별시 은평구 백련산로 ***, *층 ***, ***호 (응암동)",03462,,01,영업/정상,,,02-373-0398
,순환로대우자동차판매,,,185464.586725989,446714.49308267,2026-05-01 22:40:35,I,07,직권말소,2017-05-11 09:55:36,,,1996-11-14,158-090,서울특별시 양천구 신월동 ***번지 *호,1996314011423200031,3140000,서울특별시 양천구 남부순환로 *** (신월동),,,04,취소/말소/만료/정지/중지,,,
,녹십초알로에,,,,,2026-05-01 22:40:35,I,04,직권취소,2008-08-20 11:48:36,,2008-08-11,1996-11-14,158-050,서울특별시 양천구 목동 *번지,1996314011423200032,3140000,,,,04,취소/말소/만료/정지/중지,,,
,양천GM대우자동차판매회사,,,185464.586725989,446714.49308267,2026-05-01 22:40:35,I,07,직권말소,2014-09-24 16:10:25,,,1999-11-14,158-097,서울특별시 양천구 신월동 ***번지 *호,1996314011423200034,3140000,서울특별시 양천구 남부순환로 *** (신월동),,,04,취소/말소/만료/정지/중지,,,26019229
,대한두뇌개발,,,,,2026-05-01 22:40:35,I,04,직권취소,2008-08-11 16:58:57,,2008-08-11,1997-02-17,158-050,서울특별시 양천구 목동 *번지,1997314011423200050,3140000,,,,04,취소/말소/만료/정지/중지,,,
,알로에마임,,,,,2026-05-01 22:40:36,I,04,직권취소,2008-08-11 14:15:36,,2008-08-11,1998-03-20,158-050,서울특별시 양천구 목동 *번지,1998314011423200078,3140000,,,,04,취소/말소/만료/정지/중지,,,
,유일유통,,,186072.010062548,446497.272720346,2026-05-01 22:40:37,I,04,직권취소,2009-01-07 14:30:17,,2008-10-09,1999-08-13,158-090,서울특별시 양천구 신월동 ***번지 *호 롯데 ***호,1999314011423200136,3140000,"서울특별시 양천구 신월로**길 **, ***호 (신월동,롯데)",,,04,취소/말소/만료/정지/중지,,,
,기아 양서대리점,,,187887.692525637,448216.395250481,2026-05-01 22:40:37,I,01,정상영업,2021-04-20 11:15:22,,,1999-09-28,,서울특별시 양천구 목동 ***번지 *호 제일빌딩,1999314011423200139,3140000,"서울특별시 양천구 등촌로 **, 제일빌딩 *층 (목동)",07959,,01,영업/정상,,,26431661
,미강실업,,,188063.963350077,447754.759888245,2026-05-01 22:40:37,I,04,직권취소,2008-08-11 11:12:32,,2008-08-11,1999-10-01,158-050,서울특별시 양천구 목동 ***번지 **호,1999314011423200140,3140000,서울특별시 양천구 목동중앙서로*길 **-* (목동),,,04,취소/말소/만료/정지/중지,,,
1,주)쌍용자동차 강서영업소,,1,189011.488403267,449390.943275,2026-05-01 22:40:37,I,04,직권취소,2008-07-28 13:43:45,1,2008-08-11,2000-02-12,158-050,서울특별시 양천구 목동 ***번지 **호,2000314011423200152,3140000,서울특별시 양천구 공항대로 *** (목동),,,04,취소/말소/만료/정지/중지,,,
1,주) 태창물류,,2,187770.183062002,447121.22559988,2026-05-01 22:40:37,I,04,직권취소,2008-08-11 09:47:16,1,2008-08-11,2000-04-17,158-070,서울특별시 양천구 신정동 ***번지 *호 수우빌딩 ***호호,2000314011423200162,3140000,"서울특별시 양천구 신정중앙로 ** (신정동,수우빌딩 ***호호)",,,04,취소/말소/만료/정지/중지,,,
,월드뱅크,,,188164.354485848,447907.15227078,2026-05-01 22:40:38,I,04,직권취소,2008-08-11 17:00:58,,2008-08-11,2000-09-01,158-050,서울특별시 양천구 목동 ***번지 **호,2000314011423200185,3140000,서울특별시 양천구 목동중앙서로*길 ** (목동),,,04,취소/말소/만료/정지/중지,,,
,우성상회,,,,,2026-05-01 22:40:38,I,04,직권취소,2008-08-11 10:59:52,,2008-07-31,2001-06-30,158-050,서울특별시 양천구 목동 *번지,2001314011423200146,3140000,,,,04,취소/말소/만료/정지/중지,,,
,이지미디어,,,187436.682189037,447045.300116029,2026-05-01 22:40:38,I,07,직권말소,2017-05-11 09:54:57,,,2001-06-14,158-070,서울특별시 양천구 신정동 ***번지 **호,2001314011423200226,3140000,서울특별시 양천구 오목로 *** (신정동),,,04,취소/말소/만료/정지/중지,,,
,순영유통,,,189348.372526225,448186.414032098,2026-05-01 22:40:39,I,04,직권취소,2009-01-07 14:28:39,,2008-10-09,2001-07-06,158-050,서울특별시 양천구 목동 ***번지 **호 현대파크빌 ***호,2001314011423200232,3140000,"서울특별시 양천구 목동동로 ***, ***호 (목동,현대파크빌)",,,04,취소/말소/만료/정지/중지,,,
,ING유통,,,,,2026-05-01 22:40:39,I,04,직권취소,2008-08-11 16:57:40,,2008-08-11,2001-09-13,158-050,서울특별시 양천구 목동 *번지,2001314011423200240,3140000,,,,04,취소/말소/만료/정지/중지,,,
,라이프싸이언스코리아,,,,,2026-05-01 22:40:39,I,04,직권취소,2008-08-11 10:55:13,,2008-08-11,2002-06-25,158-050,서울특별시 양천구 목동 *번지,2002314011423200022,3140000,,,,04,취소/말소/만료/정지/중지,,,
,쌍용자동차 양천중앙판매대리점,,,185709.183209742,446064.844103444,2026-05-01 22:40:39,I,01,정상영업,2021-11-01 10:50:42,,,2002-02-01,158-090,서울특별시 양천구 신월동 ****번지 *호,2002314011423200264,3140000,서울특별시 양천구 남부순환로 *** (신월동),,,01,영업/정상,,,
,이롬황성주생식목동지점,,,188813.730105702,446244.568570164,2026-05-01 22:40:39,I,07,직권말소,2014-09-24 16:09:10,,,2002-02-23,158-070,서울특별시 양천구 신정동 ***번지 ***호 신창빌딩 *층,2002314011423200268,3140000,"서울특별시 양천구 신목로 ** (신정동,신창빌딩 *층)",,,04,취소/말소/만료/정지/중지,,,26446440
,알로에마임,,,,,2026-05-01 22:40:39,I,04,직권취소,2008-08-11 11:23:19,,2008-08-11,2002-03-11,158-050,서울특별시 양천구 목동 *번지,2002314011423200271,3140000,,,,04,취소/말소/만료/정지/중지,,,
,알로에마임,,,,,2026-05-01 22:40:39,I,04,직권취소,2008-08-11 11:30:49,,2008-08-11,2002-04-02,158-050,서울특별시 양천구 목동 *번지,2002314011423200277,3140000,,,,04,취소/말소/만료/정지/중지,,,
,가베스쿨,,,,,2026-05-01 22:40:39,I,04,직권취소,2008-08-11 17:09:15,,2008-08-11,2002-05-03,158-050,서울특별시 양천구 목동 *번지,2002314011423200286,3140000,,,,04,취소/말소/만료/정지/중지,,,
1,삼화라이프(주),,1,,,2026-05-01 22:40:40,I,04,직권취소,2008-08-11 09:57:28,1,2008-08-11,2000-05-29,158-050,서울특별시 양천구 목동 *번지,2002314011423200292,3140000,,,,04,취소/말소/만료/정지/중지,,,
,상림 바이오퀸,,,187520.306766633,446450.347274241,2026-05-01 22:40:40,I,04,직권취소,2009-01-07 14:15:34,,2008-10-09,2002-07-05,158-070,서울특별시 양천구 신정동 ****번지 **호,2002314011423200297,3140000,서울특별시 양천구 은행정로 * (신정동),,,04,취소/말소/만료/정지/중지,,,
,우먼스월드,,,192824.609613775,458291.029836776,2026-05-01 22:48:44,I,07,직권말소,2016-04-05 17:53:26,,,2014-09-30,122-808,서울특별시 은평구 갈현동 ***번지 *호,2015311013123200001,3110000,서울특별시 은평구 통일로 *** (갈현동),,,04,취소/말소/만료/정지/중지,,,070-8887-5135
,한마음 네트웍스,,,192418.156629913,456728.194791612,2026-05-01 22:48:44,I,07,직권말소,2016-04-05 17:52:42,,,2015-01-23,122-051,서울특별시 은평구 갈현동 ***번지 *호,2015311013123200003,3110000,"서울특별시 은평구 서오릉로 ***, *층 (갈현동)",,,04,취소/말소/만료/정지/중지,,,
,비겐 생명공학,,,192715.937057065,453955.485151262,2026-05-01 22:48:44,I,07,직권말소,2017-11-28 10:18:36,,,2015-03-17,122-952,서울특별시 은평구 응암동 ***번지 **호,2015311013123200005,3110000,"서울특별시 은평구 응암로**길 **, *층 (응암동)",,,04,취소/말소/만료/정지/중지,,,02-304-4482
74727700,주식회사 온세넷,,70000000,191361.609135217,453289.803633766,2026-05-01 22:48:44,I,01,정상영업,2017-01-18 16:11:18,6213430,,2012-12-05,122-758,서울특별시 은평구 증산동 ***번지,2015311013123200007,3110000,"서울특별시 은평구 증산로*길 **-*, 상가동 ***호 (증산동, 우방아파트)",,,01,영업/정상,,,070-4006-7965
,자연애담,,,192045.629601573,455553.885368063,2026-05-01 22:48:44,I,07,직권말소,2017-04-14 10:56:43,,,2015-04-09,122-902,서울특별시 은평구 역촌동 **번지 **호,2015311013123200008,3110000,"서울특별시 은평구 갈현로 **-*, *층 (역촌동)",,,04,취소/말소/만료/정지/중지,,,
,명성물산,,,193004.844563699,455787.256896289,2026-05-01 22:48:44,I,01,정상영업,2021-10-29 10:42:47,,,2015-06-01,122-897,서울특별시 은평구 역촌동 **번지 **호,2015311013123200017,3110000,"서울특별시 은평구 진흥로 **, *층 (역촌동)",,,01,영업/정상,,,02-385-5820
,서현 아젤리아,,,192610.318731196,454357.384904802,2026-05-01 22:48:44,I,07,직권말소,2016-04-05 17:51:58,,,2015-09-16,,서울특별시 은평구 응암동 ***번지 *호,2015311013123200020,3110000,"서울특별시 은평구 응암로 ***, *층 (응암동, 하나은행)",03457,,04,취소/말소/만료/정지/중지,,,02-303-2920
119293374,코젠시스템(주),,35575324,192707.089702779,457917.363178268,2026-05-01 22:48:44,I,07,직권말소,2016-11-26 17:04:33,83718055,,2015-09-24,,서울특별시 은평구 갈현동 ***번지 **호,2015311013123200021,3110000,"서울특별시 은평구 통일로**길 **, *층 (갈현동)",03328,,04,취소/말소/만료/정지/중지,,,1688-1853
774150000,주식회사 에이스삼강,,1000000,192998.202204135,457479.99522553,2026-05-01 22:48:44,I,07,직권말소,2020-12-24 11:15:27,81000000,,2015-10-01,,서울특별시 은평구 불광동 ***번지 **호,2015311013123200022,3110000,"서울특별시 은평구 통일로 ***, 제**층 제*호 (불광동, 메트로타워)",03345,,04,취소/말소/만료/정지/중지,,,02-353-9692
130424741,주식회사 한마음에프앤씨,,160000000,190803.834713024,453295.272029369,2026-05-01 22:48:44,I,01,정상영업,2015-10-15 13:34:27,172638230,,2015-10-15,,서울특별시 은평구 수색동 ***번지 *호,2015311013123200024,3110000,"서울특별시 은평구 수색로**길 *-*, *층 (수색동)",03502,,01,영업/정상,,,02-3152-5884
326824652,(주)제이피에스,,5000000,193001.227729695,456367.5470828,2026-05-01 22:48:44,I,07,직권말소,2026-01-07 11:15:25,290478139,,2015-10-19,,서울특별시 은평구 대조동 **번지 ***호,2015311013123200025,3110000,서울특별시 은평구 역말로 *** (대조동),03392,,04,취소/말소/만료/정지/중지,,,02-723-5211
,엠테크,,,193246.35442315,456320.161573444,2026-05-01 22:48:44,I,07,직권말소,2016-11-26 17:03:59,,,2015-10-21,,서울특별시 은평구 대조동 **번지 **호,2015311013123200026,3110000,"서울특별시 은평구 서오릉로*길 **, *층 (대조동)",03395,,04,취소/말소/만료/정지/중지,,,070-4123-8040
,하나홀쇼핑,,,193547.680584007,457936.994776678,2026-05-01 22:48:44,I,07,직권말소,2017-11-28 10:18:03,,,2015-10-26,,서울특별시 은평구 불광동 ***번지 **호,2015311013123200027,3110000,"서울특별시 은평구 연서로 ***, *층 (불광동, 동윤빌딩)",03343,,04,취소/말소/만료/정지/중지,,,070-8846-9410
120000000,(주) 데콤이지,,80000000,192525.78180382,457927.615377332,2026-05-01 22:48:44,I,07,직권말소,2019-02-01 09:52:30,0,,2015-11-11,,서울특별시 은평구 갈현동 ***번지 **호,2015311013123200029,3110000,"서울특별시 은평구 갈현로**길 **-**, ***호 (갈현동, 유니온빌)",03318,,04,취소/말소/만료/정지/중지,,,02-6925-5558
10000000,(주)엠화일유통,,10000000,192728.085842162,457118.575913036,2026-05-01 22:48:44,I,07,직권말소,2017-04-14 10:56:09,0,,2015-11-19,,서울특별시 은평구 갈현동 ***번지 *호,2015311013123200031,3110000,"서울특별시 은평구 연서로 ***, ***호 (갈현동, 영보빌딩)",03333,,04,취소/말소/만료/정지/중지,,,
,골드문홈쇼핑,,,192190.266278977,456830.528394439,2026-05-01 22:48:44,I,07,직권말소,2017-11-28 10:15:18,,,2016-02-02,,서울특별시 은평구 갈현동 ***번지 *호 *층,2016311013123200001,3110000,"서울특별시 은평구 서오릉로 ***, *층 (갈현동)",03335,,04,취소/말소/만료/정지/중지,,,
,김정덕 참살이 백토체험방,,15000000,192768.178482308,454183.510591617,2026-05-01 22:48:44,I,07,직권말소,2020-12-24 11:14:20,,,2011-02-24,,서울특별시 은평구 응암동 ***번지 **호,2016311013123200004,3110000,"서울특별시 은평구 응암로**길 **, *층 (응암동)",03470,,04,취소/말소/만료/정지/중지,,,
,"엘레강스 엠, 하셀의료기",,,192696.572497789,457492.703040627,2026-05-01 22:48:44,I,07,직권말소,2018-04-16 18:23:39,,,2016-09-22,,서울특별시 은평구 갈현동 ***번지 *호 *층,2016311013123200016,3110000,"서울특별시 은평구 연서로**길 **, *층 (갈현동)",03330,,04,취소/말소/만료/정지/중지,,,02-359-6645
,쌍용자동차 은평중앙판매대리점,,,192879.542954485,457734.188427505,2026-05-01 22:48:44,I,01,정상영업,2016-11-24 16:55:46,,,2016-11-24,,서울특별시 은평구 불광동 ***번지 **호 백마노블레스텔 제지층 제비 ***호,2016311013123200023,3110000,"서울특별시 은평구 통일로 ***, 제지층 제비 ***호 (불광동, 백마노블레스텔)",03341,,01,영업/정상,,,02-353-1001
14891288,에스에스케이컴즈(주)(SSK COMMS.LTD),,10000000,193840.893009763,455652.120877965,2026-05-01 22:48:44,I,07,직권말소,2020-07-03 09:35:34,8235518,,2015-03-03,,서울특별시 은평구 녹번동 **번지 *호 ***호,2016311013123200024,3110000,"서울특별시 은평구 은평로**길 **-*, ***호 (녹번동)",03382,,04,취소/말소/만료/정지/중지,,,070-4734-5440
,삼일,,,,,2026-05-01 22:40:40,I,04,직권취소,2008-08-11 14:19:52,,2008-08-11,2002-01-10,158-050,서울특별시 양천구 목동 *번지,2002314011423200298,3140000,,,,04,취소/말소/만료/정지/중지,,,
,광성실업,,,185406.677208443,446740.320674649,2026-05-01 22:40:40,I,07,직권말소,2017-05-11 09:54:23,,,2002-07-24,158-090,서울특별시 양천구 신월동 ***번지 *호 목화주택 다동 ***호,2002314011423200301,3140000,"서울특별시 양천구 지양로**길 **, 다동 ***호 (신월동,목화주택)",,,04,취소/말소/만료/정지/중지,,,26060677
,바이오비젼코리아,,,188953.066831076,447333.569187997,2026-05-01 22:40:40,I,04,직권취소,2009-01-07 14:25:19,,2008-10-09,2002-08-22,158-050,서울특별시 양천구 목동 ***번지 *호 현대**타워 **층  **호,2002314011423200304,3140000,"서울특별시 양천구 목동동로 ***, **호 (목동,현대**타워 **층)",,,04,취소/말소/만료/정지/중지,,,
,한경,,,,,2026-05-01 22:40:40,I,04,직권취소,2008-08-11 16:55:01,,2008-08-11,2002-09-05,158-050,서울특별시 양천구 목동 *번지,2002314011423200310,3140000,,,,04,취소/말소/만료/정지/중지,,,
,농협풍경채생식양천점,,,,,2026-05-01 22:40:40,I,04,직권취소,2008-08-11 11:32:15,,2008-08-11,2002-09-07,158-050,서울특별시 양천구 목동 *번지,2002314011423200311,3140000,,,,04,취소/말소/만료/정지/중지,,,
1,(주)블랙골등씨앤씨,,1,188953.066831076,447333.569187997,2026-05-01 22:40:40,I,04,직권취소,2009-01-07 14:26:37,1,2008-10-09,2002-09-11,158-050,서울특별시 양천구 목동 ***번지 *호 현대**타워 ****호,2002314011423200312,3140000,"서울특별시 양천구 목동동로 ***, ****호 (목동,현대**타워)",,,04,취소/말소/만료/정지/중지,,,
,포춘인터무역,,,186832.328291348,446880.966770707,2026-05-01 22:40:40,I,04,직권취소,2009-01-07 14:22:07,,2008-10-09,2002-09-30,158-070,서울특별시 양천구 신정동 ***번지 *호 ***호,2002314011423200319,3140000,"서울특별시 양천구 오목로 ***, ***호 (신정동)",,,04,취소/말소/만료/정지/중지,,,
,보떼코스메틱 목동점,,,,,2026-05-01 22:40:40,I,04,직권취소,2008-08-11 17:03:00,,2008-08-11,2002-10-04,158-050,서울특별시 양천구 목동 *번지,2002314011423200320,3140000,,,,04,취소/말소/만료/정지/중지,,,
,비엔디,,,189077.657991611,446469.019423795,2026-05-01 22:40:40,I,04,직권취소,2008-08-11 11:28:27,,2008-08-11,2002-11-08,158-070,서울특별시 양천구 신정동 ****번지 목동현대아파트 ***동 ****호,2002314011423200333,3140000,"서울특별시 양천구 신목로**길 ** (신정동,목동현대아파트 ***동 ****호)",,,04,취소/말소/만료/정지/중지,,,
1,(주)새팍바이오젠시,,1,188921.504422335,447742.867807072,2026-05-01 22:40:41,I,04,직권취소,2010-05-11 14:14:13,1,2010-05-11,2003-01-06,158-050,서울특별시 양천구 목동 ***번지 **호,2003314011423200344,3140000,서울특별시 양천구 목동서로 *** (목동),,,04,취소/말소/만료/정지/중지,,,26525557
,나노텍,,,185401.014363749,445998.559652077,2026-05-01 22:40:41,I,04,직권취소,2009-01-07 14:31:50,,2008-10-09,2003-01-23,158-090,서울특별시 양천구 신월동 ***번지 **호,2003314011423200348,3140000,서울특별시 양천구 신월로 *** (신월동),,,04,취소/말소/만료/정지/중지,,,26021139
1,주)블루에스앤비,,1,,,2026-05-01 22:40:41,I,04,직권취소,2008-08-11 14:26:29,1,2008-08-11,2003-02-28,158-050,서울특별시 양천구 목동 *번지,2003314011423200352,3140000,,,,04,취소/말소/만료/정지/중지,,,
1,화인뮤직닷컴,,1,188584.345447275,447255.070457495,2026-05-01 22:40:41,I,07,직권말소,2018-06-20 16:44:30,1,,2003-03-31,158-050,서울특별시 양천구 목동 ***번지 **호 현대드림타워 ****호,2003314011423200357,3140000,"서울특별시 양천구 목동동로 ***-* (목동,현대드림타워 ****호)",,,04,취소/말소/만료/정지/중지,,,26485686
,도서출판 영우양천지사,,,187338.380750621,447200.019809863,2026-05-01 22:40:41,I,04,직권취소,2009-01-07 14:23:33,,2008-10-09,2003-04-09,158-070,서울특별시 양천구 신정동 ***번지 *호 해룡빌딩 ***호,2003314011423200358,3140000,"서울특별시 양천구 신정중앙로 **, ***호 (신정동,해룡빌딩)",,,04,취소/말소/만료/정지/중지,,,26998571
,태원태크,,,185074.610285486,446763.281094281,2026-05-01 22:40:41,I,04,직권취소,2009-01-07 14:20:03,,2008-10-09,2003-04-17,158-090,서울특별시 양천구 신월동 ***번지 *호 ***호,2003314011423200362,3140000,"서울특별시 양천구 지양로 ** (신월동,***호)",,,04,취소/말소/만료/정지/중지,,,26917500
1,(주)파인텔센츄리,,1,,,2026-05-01 22:40:41,I,04,직권취소,2008-08-11 10:12:58,1,2008-08-11,2003-05-13,158-050,서울특별시 양천구 목동 *번지,2003314011423200367,3140000,,,,04,취소/말소/만료/정지/중지,,,
,행복미디어,,,,,2026-05-01 22:40:41,I,04,직권취소,2008-08-11 14:22:24,,2008-08-11,2003-07-11,158-050,서울특별시 양천구 목동 *번지,2003314011423200368,3140000,,,,04,취소/말소/만료/정지/중지,,,
,한우리,,,188686.846664111,448854.579418287,2026-05-01 22:40:41,I,04,직권취소,2008-08-11 11:10:06,,2008-08-11,2003-05-26,158-050,서울특별시 양천구 목동 ***번지 목동건영아파트 ***동 ***호,2003314011423200372,3140000,"서울특별시 양천구 목동중앙본로**길 ** (목동,목동건영아파트 ***동 ***호)",,,04,취소/말소/만료/정지/중지,,,
,오휘노블라임목동대리점,,,187777.02241551,446645.116372202,2026-05-01 22:40:41,I,04,직권취소,2009-01-07 14:37:09,,2008-10-09,2003-07-09,158-071,서울특별시 양천구 신정동 ****번지 *호 도림빌딩 ***호,2003314011423200384,3140000,"서울특별시 양천구 신월로 ***, ***호 (신정동,도림빌딩)",,,04,취소/말소/만료/정지/중지,,,
,홍선생미술양천지사,,,188580.483661607,447750.845210817,2026-05-01 22:40:41,I,04,직권취소,2008-08-11 14:21:18,,2008-08-11,2003-07-15,158-050,서울특별시 양천구 목동 ***번지 목동신시가지아파트 ***동 ***호,2003314011423200388,3140000,"서울특별시 양천구 목동서로 *** (목동,목동신시가지아파트 ***동 ***호)",,,04,취소/말소/만료/정지/중지,,,
,전주농산물유통공사,,,188510.977466395,448414.104994404,2026-05-01 22:40:41,I,04,직권취소,2008-08-20 11:24:20,,2008-08-11,2003-08-02,158-050,서울특별시 양천구 목동 ***번지 *호,2003314011423200390,3140000,서울특별시 양천구 목동중앙로*가길 ** (목동),,,04,취소/말소/만료/정지/중지,,,
,SJ스쿨,,,186798.845,446825.965,2026-05-01 22:40:41,I,04,직권취소,2009-01-07 14:35:55,,2008-10-09,2003-09-22,158-070,서울특별시 양천구 신정동 ***번지 **호 *층,2003314011423200401,3140000,"서울특별시 양천구 중앙로 *** (신정동,*층)",,,04,취소/말소/만료/정지/중지,,,26968758
,와요샵,,,192296.941606459,457021.57522486,2026-05-01 22:48:45,I,07,직권말소,2020-07-03 09:31:08,,,2015-08-19,,서울특별시 은평구 갈현동 ***번지 **호 해피리움,2019311021723200001,3110000,"서울특별시 은평구 갈현로 ***, 나동 ***호 (갈현동, 해피리움)",03335,,04,취소/말소/만료/정지/중지,,,
,썬바이오(연신내지점),,,193085.411325748,457486.388511106,2026-05-01 22:48:44,I,07,직권말소,2020-07-03 09:35:11,,,2016-12-07,,서울특별시 은평구 불광동 ***번지 ***호,2016311013123200025,3110000,서울특별시 은평구 연서로 *** (불광동),03345,,04,취소/말소/만료/정지/중지,,,02-387-5717
20279978,주식회사 가정의례방송,,10000000,192700.123029639,456923.518439888,2026-05-01 22:48:44,I,07,직권말소,2020-07-03 09:34:47,119192864,,2017-01-10,,서울특별시 은평구 대조동 ***번지 **호 *층,2017311013123200001,3110000,"서울특별시 은평구 연서로 ***, *층 (대조동)",03387,,04,취소/말소/만료/정지/중지,,,02-356-4987
,홈앤런 컴퍼니,,,192246.876096068,454659.234867867,2026-05-01 22:48:44,I,07,직권말소,2020-07-03 09:34:10,,,2017-01-26,,서울특별시 은평구 신사동 **번지 **호 지**호,2017311013123200002,3110000,"서울특별시 은평구 가좌로 ***-**, 지**호 (신사동)",03452,,04,취소/말소/만료/정지/중지,,,070-4794-7560
5139116,주식회사 명복의전화,,10000000,192931.87787117,454324.012808048,2026-05-01 22:48:44,I,01,정상영업,2021-11-26 14:30:56,1392296,,2017-02-15,,서울특별시 은평구 응암동 ***번지 *호,2017311013123200003,3110000,"서울특별시 은평구 응암로**가길 *, 지층 (응암동)",03469,,01,영업/정상,,,02-3158-4474
,한국엔엘피(NLP)심리코칭센터,,,192131.874025785,456915.006373932,2026-05-01 22:48:44,I,07,직권말소,2020-07-03 09:33:41,,,2017-03-27,,서울특별시 은평구 갈현동 ***번지 **호 지층동,2017311013123200004,3110000,"서울특별시 은평구 갈현로**길 *-**, 지층동 (갈현동)",03325,,04,취소/말소/만료/정지/중지,,,
50000000,주식회사 엔비와이컴퍼니,,50000000,191769.210703102,453571.539052691,2026-05-01 22:48:44,I,01,정상영업,2021-11-19 14:16:53,0,,2017-04-13,,서울특별시 은평구 증산동 ***번지 **호 ***호,2017311013123200006,3110000,"서울특별시 은평구 증산로*길 **, ***호 (증산동)",03499,,01,영업/정상,,,
416431119,㈜홍가원,,50000000,192524.9756891,455536.501376971,2026-05-01 22:48:44,I,07,직권말소,2020-07-03 09:33:11,660001598,,2004-03-13,,서울특별시 은평구 역촌동 **번지 **호 *층,2017311013123200007,3110000,"서울특별시 은평구 연서로 **, *층 (역촌동)",03407,,04,취소/말소/만료/정지/중지,,,02-719-1691
,네이처클로버(natureclover),,,191761.106722337,455393.567261107,2026-05-01 22:48:44,I,01,정상영업,2021-02-08 16:02:26,,,2017-06-05,,서울특별시 은평구 신사동 ***-*,2017311013123200009,3110000,"서울특별시 은평구 갈현로*가길 *, ***호 (신사동)",03432,,01,영업/정상,,,02-359-8749
0,(주)바이오누리,,10000000,192998.202204135,457479.99522553,2026-05-01 22:48:44,I,07,직권말소,2020-12-24 11:12:21,0,,2016-04-14,,서울특별시 은평구 불광동 ***번지 **호 메트로타워 ****호,2017311013123200011,3110000,"서울특별시 은평구 통일로 ***, ****호 (불광동, 메트로타워)",03345,,04,취소/말소/만료/정지/중지,,,1833-9127
,남양우유은평대리점,,,192807.356782722,456481.661398649,2026-05-01 22:48:44,I,07,직권말소,2020-07-03 09:32:43,,,2017-06-29,,서울특별시 은평구 대조동 **번지 **호,2017311013123200012,3110000,서울특별시 은평구 서오릉로**길 * (대조동),03394,,04,취소/말소/만료/정지/중지,,,02-388-4534
,연세우유수색보급소,,,191951.576768828,453570.94193814,2026-05-01 22:48:44,I,01,정상영업,2017-07-18 15:33:16,,,2017-07-18,,서울특별시 은평구 증산동 ***번지 *호,2017311013123200016,3110000,서울특별시 은평구 증산로 ***-* (증산동),03499,,01,영업/정상,,,02-307-3126
,연세우유 은평 대리점,,,192208.450769061,456076.310872722,2026-05-01 22:48:44,I,07,직권말소,2020-07-03 09:32:13,,,2017-07-18,,서울특별시 은평구 역촌동 **번지 **호 그린하우스 *층 ***호,2017311013123200017,3110000,"서울특별시 은평구 갈현로**길 **, *층 ***호 (역촌동, 그린하우스)",03415,,04,취소/말소/만료/정지/중지,,,
,비즈넷,,,193179.093477703,456991.101332878,2026-05-01 22:48:44,I,07,직권말소,2020-07-03 09:31:46,,,2017-08-29,,서울특별시 은평구 대조동 ***번지 *호 ***호,2017311013123200021,3110000,"서울특별시 은평구 통일로**길 **-**, ***호 (대조동)",03390,,04,취소/말소/만료/정지/중지,,,
,도다텔,,,192307.618833586,454468.833692455,2026-05-01 22:48:44,I,01,정상영업,2023-12-14 09:20:11,,,2017-10-17,,서울특별시 은평구 신사동 ***-* 선양빌딩,2017311013123200022,3110000,"서울특별시 은평구 증산로 ***, 선양빌딩 *층 *호 (신사동)",03442,,01,영업/정상,,,02-352-9898
,뉴톤 보청기(서부지사),,,193179.192068338,457180.398016383,2026-05-01 22:48:45,I,01,정상영업,2021-11-02 13:04:56,,,2016-11-29,,서울특별시 은평구 불광동 ***번지 **호 지층,2017311013123200024,3110000,"서울특별시 은평구 통일로 ***, 지층 (불광동)",03351,,01,영업/정상,,,02-467-9257
,에치와이 신도점,,,193510.440840466,458030.973586446,2026-05-01 22:48:45,I,01,정상영업,2021-05-10 16:59:59,,,2017-11-01,,서울특별시 은평구 불광동 ***번지 **호 *층,2017311013123200025,3110000,"서울특별시 은평구 연서로**길 **-*, *층 (불광동)",03343,,01,영업/정상,,,02-354-3121
,건국우유은평대리점,,,192624.633299948,457978.243527307,2026-05-01 22:48:45,I,01,정상영업,2021-10-29 15:34:21,,,2018-01-26,,서울특별시 은평구 갈현동 ***번지 **호 *층,2018311013123200001,3110000,"서울특별시 은평구 갈현로 ***, *층 (갈현동)",03328,,01,영업/정상,,,02-388-1011
,건국우유서대문보급소,,,192769.720717962,453569.36829183,2026-05-01 22:48:45,I,01,정상영업,2018-02-26 18:38:17,,,2018-02-26,,서울특별시 은평구 응암동 ***번지 **호 *층,2018311013123200002,3110000,"서울특별시 은평구 가좌로*나길 **-*, *층 (응암동)",03481,,01,영업/정상,,,070-8607-7283
,에스메디컬,,,192728.085842162,457118.575913036,2026-05-01 22:48:45,I,07,직권말소,2021-09-23 14:19:58,,,2018-04-13,,서울특별시 은평구 갈현동 ***번지 *호 영보빌딩 ***호,2018311013123200004,3110000,"서울특별시 은평구 연서로 ***, 영보빌딩 ***호 (갈현동)",03333,,04,취소/말소/만료/정지/중지,,,
,C.S코리아,,,187160.61817453,446614.713888602,2026-05-01 22:40:42,I,04,직권취소,2009-01-07 14:12:01,,2008-10-09,2004-08-16,158-070,서울특별시 양천구 신정동 ***번지 **호 지하*층,2004314011423200463,3140000,"서울특별시 양천구 신월로 *** (신정동,지하*층)",,,04,취소/말소/만료/정지/중지,,,
1,주 프로크리에이터코리아,,1,189151.208015925,448200.067716589,2026-05-01 22:40:42,I,07,직권말소,2014-09-24 16:07:43,1,,2004-10-20,158-050,서울특별시 양천구 목동 ***번지 현대월드타워 ****호,2004314011423200473,3140000,"서울특별시 양천구 목동서로 ** (목동,현대월드타워 ****호)",,,04,취소/말소/만료/정지/중지,,,66781500
,헬스온,,,188617.140810233,446949.529618415,2026-05-01 22:40:42,I,04,직권취소,2009-01-07 14:33:52,,2008-10-09,2004-10-26,158-050,"서울특별시 양천구 목동 ***번지 ***호 ,***호 B*층",2004314011423200475,3140000,"서울특별시 양천구 오목로 *** (목동,,***호 B*층)",,,04,취소/말소/만료/정지/중지,,,26476128
1,(주)케이피티플러스,,1,185729.8201797,446606.020593856,2026-05-01 22:40:42,I,04,직권취소,2008-08-11 10:18:29,1,2008-08-11,2004-11-22,158-090,서울특별시 양천구 신월동 ***번지 **호 신화빌딩 *층,2004314011423200483,3140000,"서울특별시 양천구 오목로 ** (신월동,신화빌딩 *층)",,,04,취소/말소/만료/정지/중지,,,
,펜타헬시코리아,,,189077.657991611,446469.019423795,2026-05-01 22:40:42,I,07,직권말소,2017-05-11 09:52:36,,,2005-01-14,158-070,서울특별시 양천구 신정동 ****번지 현대아파트상가 ***호,2005314011423200493,3140000,"서울특별시 양천구 신목로**길 **, ***호 (신정동,현대아파트상가)",,,04,취소/말소/만료/정지/중지,,,
,톱카맨,,,188833.033812318,446109.005890137,2026-05-01 22:40:42,I,07,직권말소,2017-05-11 09:52:02,,,2005-02-21,158-070,서울특별시 양천구 신정동 ****번지 현대@ ***동 ****호,2005314011423200499,3140000,"서울특별시 양천구 신목로 **, ***동 ****호 (신정동,현대@)",,,04,취소/말소/만료/정지/중지,,,
1,폴리시엔코리아,,1,,,2026-05-01 22:40:43,I,04,직권취소,2008-08-11 10:19:22,1,2008-08-11,2005-03-07,158-050,서울특별시 양천구 목동 *번지,2005314011423200504,3140000,,,,04,취소/말소/만료/정지/중지,,,
,올리브빌리지,,,,,2026-05-01 22:40:43,I,04,직권취소,2008-08-11 17:04:47,,2008-08-11,2005-03-22,158-050,서울특별시 양천구 목동 *번지,2005314011423200508,3140000,,,,04,취소/말소/만료/정지/중지,,,
,창림종합상사,,,,,2026-05-01 22:40:41,I,04,직권취소,2008-08-11 14:28:16,,2008-08-11,2003-09-29,158-050,서울특별시 양천구 목동 *번지,2003314011423200403,3140000,,,,04,취소/말소/만료/정지/중지,,,
,튼튼영어파리공원,,21,189151.208015925,448200.067716589,2026-05-01 22:40:41,I,07,직권말소,2020-08-09 14:23:54,4000,,2003-10-02,158-050,서울특별시 양천구 목동 ***번지 현대월드타워 ***호,2003314011423200406,3140000,"서울특별시 양천구 목동서로 **, ***호 (목동,현대월드타워)",,,04,취소/말소/만료/정지/중지,,,26546544
1,(주)수가산업,,1,187103.345671928,447351.504809702,2026-05-01 22:40:41,I,04,직권취소,2008-08-11 10:13:36,1,2008-08-11,2003-11-04,158-070,서울특별시 양천구 신정동 ***번지 *호,2003314011423200411,3140000,서울특별시 양천구 국회대로 *** (신정동),,,04,취소/말소/만료/정지/중지,,,
1,주)포스트올컴,,1,188584.345447275,447255.070457495,2026-05-01 22:40:42,I,04,직권취소,2008-08-11 10:14:31,1,2008-08-11,2003-11-10,158-050,서울특별시 양천구 목동 ***번지 **호 현대드림타워 ****호,2003314011423200412,3140000,"서울특별시 양천구 목동동로 ***-*, ****호 (목동,현대드림타워)",,,04,취소/말소/만료/정지/중지,,,
,벤처P.R,,,,,2026-05-01 22:40:42,I,04,직권취소,2008-08-11 16:56:51,,2008-08-11,2003-12-09,158-050,서울특별시 양천구 목동 *번지,2003314011423200415,3140000,,,,04,취소/말소/만료/정지/중지,,,
1,(주)드림메신저,,1,188584.345447275,447255.070457495,2026-05-01 22:40:42,I,04,직권취소,2009-01-07 14:17:15,1,2008-10-09,2004-09-16,158-050,서울특별시 양천구 목동 ***번지 **호 현대드림타워 ****호,2004314011423200041,3140000,"서울특별시 양천구 목동동로 ***-* (목동,현대드림타워 ****호)",,,04,취소/말소/만료/정지/중지,,,
,찬스쿨,,,,,2026-05-01 22:40:42,I,04,직권취소,2008-08-11 16:58:26,,2008-08-11,2004-01-06,158-050,서울특별시 양천구 목동 *번지,2004314011423200418,3140000,,,,04,취소/말소/만료/정지/중지,,,
,드림상사,,,189021.797866206,446740.576354849,2026-05-01 22:40:42,I,07,직권말소,2014-09-24 16:08:16,,,2004-04-16,158-050,서울특별시 양천구 목동 ***번지 삼익아파트 ***동 ****호,2004314011423200431,3140000,"서울특별시 양천구 신목로**길 **, ***동 ****호 (목동,삼익아파트)",,,04,취소/말소/만료/정지/중지,,,67382103
,엘이디전광판,,,,,2026-05-01 22:40:42,I,04,직권취소,2008-08-11 17:07:01,,2008-08-11,2004-05-06,158-050,서울특별시 양천구 목동 *번지,2004314011423200433,3140000,,,,04,취소/말소/만료/정지/중지,,,
,sk테크,,,188151.885492439,448633.77311895,2026-05-01 22:40:42,I,04,직권취소,2008-08-11 14:12:05,,2008-08-11,2004-05-25,158-050,서울특별시 양천구 목동 ***번지 **호,2004314011423200437,3140000,서울특별시 양천구 목동중앙본로*길 **-* (목동),,,04,취소/말소/만료/정지/중지,,,
,스카이골드,,,186890.18764535,446898.922115811,2026-05-01 22:40:42,I,04,직권취소,2009-01-07 14:18:35,,2008-10-09,2004-06-25,158-070,서울특별시 양천구 신정동 ***번지 *호 흥원빌딩 ***호,2004314011423200446,3140000,"서울특별시 양천구 오목로 ***, ***호 (신정동,흥원빌딩)",,,04,취소/말소/만료/정지/중지,,,26076688
1,(주)마호투엔티,,1,,,2026-05-01 22:40:42,I,01,정상영업,2008-07-28 14:14:57,1,,2004-07-02,158-050,서울특별시 양천구 목동 *번지,2004314011423200448,3140000,,,,01,영업/정상,,,
,홍일,,,189077.657991611,446469.019423795,2026-05-01 22:40:42,I,07,직권말소,2017-05-11 09:53:47,,,2004-07-02,158-070,서울특별시 양천구 신정동 ****번지 목동현대아파트 ***동 ***호,2004314011423200449,3140000,"서울특별시 양천구 신목로**길 **, ***동 ***호 (신정동,목동현대아파트)",,,04,취소/말소/만료/정지/중지,,,
,삼진프라자,,,185432.843142432,446740.113597289,2026-05-01 22:40:42,I,07,직권말소,2017-05-11 09:53:14,,,2004-08-12,158-090,서울특별시 양천구 신월동 ***번지 *호,2004314011423200462,3140000,서울특별시 양천구 남부순환로 *** (신월동),,,04,취소/말소/만료/정지/중지,,,
,"MAESTRO네트윅스,BIGBANG",,,193785.500306914,456215.612734476,2026-05-01 22:48:45,I,01,정상영업,2019-05-28 11:10:26,,,2017-02-21,,서울특별시 은평구 녹번동 ***번지 **호 상일빌라,2019311021723200010,3110000,"서울특별시 은평구 진흥로 ***, *층 (녹번동, 상일빌라)",03375,,01,영업/정상,,,02-382-2309
,뷰티홀릭Ⅱ,,,192178.731057909,457655.668924977,2026-05-01 22:48:45,I,07,직권말소,2020-07-03 09:30:34,,,2019-07-01,,서울특별시 은평구 갈현동 ***번지 **호,2019311021723200015,3110000,"서울특별시 은평구 갈현로**길 **, *동 ***호 (갈현동)",03322,,04,취소/말소/만료/정지/중지,,,
1949105961,퍼스트라이프 ㈜,,2000000000,193457.806544022,457774.211076667,2026-05-01 22:48:45,I,02,휴업처리,2025-01-17 15:04:13,1526619874,,2010-01-18,,서울특별시 은평구 불광동 ***번지 *호 블랙스퀘어,2019311021723200017,3110000,"서울특별시 은평구 연서로 ***-*, 블랙스퀘어 *층 (불광동)",03343,,02,휴업,2025-01-01,2025-12-31,1544-4413
,인셀덤 SN 대리점,,,194325.245141684,456052.345629487,2026-05-01 22:48:45,I,07,직권말소,2020-07-03 09:30:05,,,2019-08-01,,서울특별시 은평구 녹번동 ***번지 북한산푸르지오아파트,2019311021723200019,3110000,"서울특별시 은평구 통일로 ***, ***동 ****호 (녹번동, 북한산푸르지오아파트)",03370,,04,취소/말소/만료/정지/중지,,,
,녹십초알로에(서대문중앙지사),,,193624.508672747,456496.406893298,2026-05-01 22:48:45,I,01,정상영업,2019-12-22 16:47:26,,,2019-12-23,,서울특별시 은평구 대조동 *번지 **호 디와이빌,2019311021723200023,3110000,"서울특별시 은평구 불광로 **-*, ***호 (대조동, 디와이빌)",03396,,01,영업/정상,,,02-387-8276
436540650,"주식회사 하이팀(HITEAM Co., Ltd)",,1000000,193035.279146132,457365.911737494,2026-05-01 22:48:45,I,01,정상영업,2019-12-24 16:39:59,371752356,,2019-12-24,,서울특별시 은평구 불광동 ***번지 *호 범서빌딩,2019311021723200024,3110000,"서울특별시 은평구 통일로 ***, 범서빌딩 *층 (불광동)",03350,,01,영업/정상,,,
,지엔 메디 바디닥터 역촌점,,,192775.505560818,455391.672607063,2026-05-01 22:48:45,I,01,정상영업,2021-01-04 14:52:03,,,2020-01-02,,서울특별시 은평구 역촌동 **-**,2020311021723200002,3110000,"서울특별시 은평구 진흥로*길 *-*, ***호 (역촌동)",03408,,01,영업/정상,,,
,투게더 네트웍스,,,191723.212293404,454327.197751628,2026-05-01 22:48:45,I,07,직권말소,2020-07-03 09:29:24,,,2020-02-10,,서울특별시 은평구 신사동 ***번지 **호,2020311021723200005,3110000,"서울특별시 은평구 증산로**나길 **, *동 ***호 (신사동)",03443,,04,취소/말소/만료/정지/중지,,,
,마임응암지사,,,192491.321689009,454300.411398011,2026-05-01 22:48:45,I,01,정상영업,2020-02-17 19:56:57,,,2020-02-17,,서울특별시 은평구 응암동 ***번지 **호 이서주택,2020311021723200009,3110000,"서울특별시 은평구 가좌로 ***-*, 이서주택 *층 (응암동)",03484,,01,영업/정상,,,
,동그라미국제결혼정보,,,192971.391876187,455232.802308033,2026-05-01 22:48:45,I,01,정상영업,2020-03-12 09:22:37,,,2020-03-12,,서울특별시 은평구 응암동 ***번지 **호 래디앙,2020311021723200011,3110000,"서울특별시 은평구 은평로*길 *-*, 래디앙 ***호 (응암동)",03454,,01,영업/정상,,,02-389-9879
,아트모아 서울 은평지사,,,192714.376838201,457841.49904614,2026-05-01 22:48:45,I,01,정상영업,2020-05-14 10:05:40,,,2020-05-14,,서울특별시 은평구 갈현동 ***번지 **호,2020311021723200013,3110000,"서울특별시 은평구 통일로**길 **-**, *층 (갈현동)",03329,,01,영업/정상,,,
20000000,패밀리텔레콤,,20000000,192927.071534513,453539.747718297,2026-05-01 22:48:45,I,01,정상영업,2020-12-30 15:03:30,0,,2018-11-26,,서울특별시 은평구 응암동 ***-**,2020311021723200018,3110000,"서울특별시 은평구 가좌로*가길 **-*, ***호 (응암동)",03481,,01,영업/정상,,,
151450000,(주)나라정보 서울지점,,150000000,193394.38138013,456765.338643124,2026-05-01 22:48:45,I,01,정상영업,2021-01-19 16:39:47,1450000,,2021-01-19,,서울특별시 은평구 대조동 **-* KT은평지점,2021311021723200003,3110000,"서울특별시 은평구 통일로**길 **, KT은평지점 기계동 옥탑*층 (대조동)",03391,,01,영업/정상,,,02-991-6633
,서연정보통신,,,192920.053906245,453794.972931793,2026-05-01 22:48:45,I,01,정상영업,2021-04-06 10:05:58,,,2021-04-06,,서울특별시 은평구 응암동 ***-*,2021311021723200006,3110000,"서울특별시 은평구 가좌로*길 **, *층 검은대문 (응암동)",03481,,01,영업/정상,,,
,글로벌리더,,,192328.638275562,453964.156606371,2026-05-01 22:48:45,I,01,정상영업,2021-08-02 12:38:55,,,2021-08-02,,서울특별시 은평구 응암동 ***-**,2021311021723200008,3110000,"서울특별시 은평구 불광천길 ***, 지하층 (응암동)",03485,,01,영업/정상,,,
,아름교육,,,192945.744255581,454740.562053324,2026-05-01 22:48:45,I,01,정상영업,2021-08-02 12:48:14,,,2021-08-02,,서울특별시 은평구 응암동 *** 백련산에스케이뷰아이파크,2021311021723200009,3110000,"서울특별시 은평구 응암로**길 **, ***동 ****호 (응암동, 백련산에스케이뷰아이파크)",03466,,01,영업/정상,,,
,리틀리더 교육,,,192031.773072424,454218.190430148,2026-05-01 22:48:45,I,01,정상영업,2021-08-02 13:03:39,,,2021-08-02,,서울특별시 은평구 신사동 ***-**,2021311021723200010,3110000,서울특별시 은평구 증산로**길 **-*(신사동),03448,,01,영업/정상,,,02-305-0351
,페이도,,,192891.252318491,457952.353058325,2026-05-01 22:48:45,I,01,정상영업,2021-11-08 13:47:39,,,2021-11-08,,서울특별시 은평구 불광동 ***-** 해피플러스*,2021311021723200012,3110000,"서울특별시 은평구 통일로 ***, *층 **호 (불광동, 해피플러스*)",03341,,01,영업/정상,,,
,건강힐링센터S.K,,,192727.067720094,455284.7811462,2026-05-01 22:48:45,I,01,정상영업,2025-12-29 09:29:45,,,2021-11-10,,서울특별시 은평구 응암동 **-* 거장메카,2021311021723200013,3110000,"서울특별시 은평구 은평로 **, 지*층 B**,B**,B**,B**호 (응암동, 거장메카)",03461,,01,영업/정상,,,
,대림유통,2026-03-11,,192696.614392433,455395.547960773,2026-05-01 22:48:45,I,03,폐업처리,2026-03-11 09:29:47,,,2021-11-11,,서울특별시 은평구 역촌동 **-**,2021311021723200014,3110000,"서울특별시 은평구 연서로*길 **, ***호 (역촌동)",03409,,03,폐업,,,02-725-3808
,동원,,,192213.471630028,454138.315608791,2026-05-01 22:48:45,I,01,정상영업,2022-03-23 15:07:58,,,2022-03-23,,서울특별시 은평구 신사동 ***-**,2022311021723200003,3110000,"서울특별시 은평구 증산로 ***-**, *층 (신사동)",03448,,01,영업/정상,,,
1,(주)다지스테크놀러지,,1,187445.169747197,446994.788788537,2026-05-01 22:40:43,I,04,직권취소,2008-07-28 15:00:05,1,2008-08-11,2005-03-29,158-074,서울특별시 양천구 신정동 ***번지 *호,2005314011423200511,3140000,서울특별시 양천구 오목로 *** (신정동),,,04,취소/말소/만료/정지/중지,,,
,한림종합물산,,,187932.730876252,447620.266190948,2026-05-01 22:40:43,I,07,직권말소,2017-05-11 09:51:25,,,2005-04-06,158-050,서울특별시 양천구 목동 ***번지 *호,2005314011423200512,3140000,서울특별시 양천구 등촌로 ** (목동),,,04,취소/말소/만료/정지/중지,,,
,메가파워,,,187446.626491069,446907.003359456,2026-05-01 22:40:43,I,07,직권말소,2017-05-11 09:50:42,,,2005-04-14,158-070,서울특별시 양천구 신정동 ***번지 *호 ***호,2005314011423200514,3140000,"서울특별시 양천구 중앙로**길 **, ***호 (신정동)",,,04,취소/말소/만료/정지/중지,,,
,에코웰서울서남지사,,,188227.336977959,447874.771386911,2026-05-01 22:40:43,I,07,직권말소,2017-05-11 09:49:57,,,2005-05-25,158-050,서울특별시 양천구 목동 ***번지 **호 부광빌딩 *층,2005314011423200521,3140000,"서울특별시 양천구 목동중앙서로 ** (목동,부광빌딩 *층)",,,04,취소/말소/만료/정지/중지,,,
1,(주)로직스드림,,1,,,2026-05-01 22:40:43,I,04,직권취소,2008-08-11 10:23:07,1,2008-08-11,2005-09-13,158-050,서울특별시 양천구 목동 *번지,2005314011423200535,3140000,,,,04,취소/말소/만료/정지/중지,,,
,늘푸른유통,,,,,2026-05-01 22:40:43,I,04,직권취소,2008-08-11 11:15:58,,2008-08-11,2005-09-28,158-050,서울특별시 양천구 목동 *번지,2005314011423200538,3140000,,,,04,취소/말소/만료/정지/중지,,,
1,(주)뉴클레온,,1,187675.994207369,445930.418572154,2026-05-01 22:40:43,I,04,직권취소,2008-08-11 10:22:01,1,2008-08-11,2005-10-19,158-070,서울특별시 양천구 신정동 ***번지 **호 밀레니엄프라자 *층,2005314011423200542,3140000,"서울특별시 양천구 목동동로 ** (신정동,밀레니엄프라자 *층)",,,04,취소/말소/만료/정지/중지,,,
,퓨아코리아,,,187160.61817453,446614.713888602,2026-05-01 22:40:43,I,04,직권취소,2009-01-07 14:09:00,,2008-10-09,2005-10-24,158-070,서울특별시 양천구 신정동 ***번지 **호,2005314011423200544,3140000,서울특별시 양천구 신월로 *** (신정동),,,04,취소/말소/만료/정지/중지,,,
,발리안즈코리아,,,187932.730876252,447620.266190948,2026-05-01 22:40:43,I,07,직권말소,2014-09-24 16:06:51,,,2006-02-14,158-050,서울특별시 양천구 목동 ***번지 *호,2006314011423200566,3140000,서울특별시 양천구 등촌로 ** (목동),,,04,취소/말소/만료/정지/중지,,,20621844
,현대테크,,,186904.1507792,446604.608490055,2026-05-01 22:40:43,I,07,직권말소,2016-05-19 14:31:51,,,2006-02-24,158-070,서울특별시 양천구 신정동 ***번지 *호 에이스빌딩 ***호,2006314011423200569,3140000,"서울특별시 양천구 중앙로 ***, ***호 (신정동,에이스빌딩)",,,04,취소/말소/만료/정지/중지,,,
,태광라이프,,,188665.968505021,448405.568239105,2026-05-01 22:40:43,I,05,타시군구이관,2010-12-08 08:42:24,,,2006-04-19,158-050,서울특별시 양천구 목동 ***번지 **호 청우빌딩 지하*층,2006314011423200578,3140000,"서울특별시 양천구 목동중앙로 ** (목동,청우빌딩 지하*층)",,,05,제외/삭제/전출,,,26424183
,건강사랑,,,,,2026-05-01 22:40:43,I,04,직권취소,2008-08-11 17:03:42,,2008-08-11,2006-04-27,158-050,서울특별시 양천구 목동 *번지,2006314011423200580,3140000,,,,04,취소/말소/만료/정지/중지,,,
1,주식회사 굿벨,,1,186262.212835837,446486.385297147,2026-05-01 22:40:43,I,07,직권말소,2014-09-24 16:06:13,1,,2006-05-17,158-090,서울특별시 양천구 신월동 ***번지 *호 신화빌딩 *층,2006314011423200583,3140000,"서울특별시 양천구 신월로 *** (신월동,신화빌딩 *층)",,,04,취소/말소/만료/정지/중지,,,
1,한마음상조(주),,1,188164.354485848,447907.15227078,2026-05-01 22:40:43,I,07,직권말소,2014-09-24 16:05:42,1,,2006-06-26,158-050,서울특별시 양천구 목동 ***번지 **호,2006314011423200591,3140000,서울특별시 양천구 목동중앙서로*길 ** (목동),,,04,취소/말소/만료/정지/중지,,,
,천방농산,,,187403.882288289,447170.346067989,2026-05-01 22:40:43,I,07,직권말소,2014-09-24 16:05:07,,,2006-07-14,158-070,서울특별시 양천구 신정동 ***번지 **호 예지아파트 ***호,2006314011423200594,3140000,"서울특별시 양천구 은행정로**길 *, ***호 (신정동,예지아파트)",,,04,취소/말소/만료/정지/중지,,,26036261
,안젤리나데비아,,,187953.650617003,446905.045859132,2026-05-01 22:40:43,I,07,직권말소,2017-05-11 09:49:18,,,2006-09-07,158-070,서울특별시 양천구 신정동 ***번지 *호 정동프라자 *층,2006314011423200600,3140000,"서울특별시 양천구 목동로 *** (신정동,정동프라자 *층)",,,04,취소/말소/만료/정지/중지,,,
,유니베라신월,,,185980.04646121,446313.189516294,2026-05-01 22:40:44,I,07,직권말소,2019-05-22 10:57:10,,,2006-09-25,158-090,서울특별시 양천구 신월동 ***번지 *호 *층,2006314011423200602,3140000,"서울특별시 양천구 신월로**길 * (신월동,*층)",,,04,취소/말소/만료/정지/중지,,,
,성문상사,,,187640.175069239,446538.98497301,2026-05-01 22:40:44,I,07,직권말소,2014-09-24 16:04:35,,,2006-10-31,158-070,서울특별시 양천구 신정동 ****번지 *호 *층,2006314011423200612,3140000,"서울특별시 양천구 은행정로*길 **-* (신정동,*층)",,,04,취소/말소/만료/정지/중지,,,
1,주식회사 에스에스플러스,,1,187309.190268085,446979.598892559,2026-05-01 22:40:44,I,07,직권말소,2017-05-11 09:48:42,1,,2006-11-09,158-070,서울특별시 양천구 신정동 ***번지 *호 *층,2006314011423200615,3140000,"서울특별시 양천구 오목로 *** (신정동,*층)",,,04,취소/말소/만료/정지/중지,,,
,사임당화장품강서지사,,,185219.063117975,448660.569381106,2026-05-01 22:40:44,I,07,직권말소,2017-05-11 09:48:06,,,1996-08-31,158-095,서울특별시 양천구 신월동 **번지 **호,2007314011423200005,3140000,서울특별시 양천구 화곡로 *** (신월동),,,04,취소/말소/만료/정지/중지,,,
,대일실업,,,186346.080349663,446440.978434743,2026-05-01 22:40:44,I,04,직권취소,2008-08-11 10:58:26,,2008-08-04,1996-11-04,158-092,서울특별시 양천구 신월동 ***번지 **호,2007314011423200022,3140000,서울특별시 양천구 신월로**길 ** (신월동),,,04,취소/말소/만료/정지/중지,,,
,마임마포도화,,,192491.321689009,454300.411398011,2026-05-01 22:48:45,I,01,정상영업,2022-04-14 14:27:19,,,2022-04-14,,서울특별시 은평구 응암동 ***-** 이서주택,2022311021723200005,3110000,"서울특별시 은평구 가좌로 ***-*, 이서주택 *층 (응암동)",03484,,01,영업/정상,,,
50000000,주식회사 아이티리더스,,50000000,193394.38138013,456765.338643124,2026-05-01 22:48:45,I,01,정상영업,2022-04-15 09:36:39,0,,2022-04-14,,서울특별시 은평구 대조동 **-* KT은평지점,2022311021723200006,3110000,"서울특별시 은평구 통일로**길 **, KT은평지점 기계동 *층 (대조동)",03391,,01,영업/정상,,,
,사임당 은평지사,,,192970.024526967,457213.52105967,2026-05-01 22:48:45,I,01,정상영업,2026-02-11 10:54:39,,,2022-11-04,,서울특별시 은평구 대조동 ***-* 갈릴리빌딩,2022311021723200007,3110000,"서울특별시 은평구 연서로**길 **-**, ***호 (대조동, 갈릴리빌딩)",03385,,01,영업/정상,,,02-359-6196
100000000,주식회사 미래디에스엔,,100000000,,,2026-05-01 22:48:45,I,01,정상영업,2023-01-03 14:46:49,0,,2023-01-03,,서울특별시 은평구 진관동 **-*,2023311021723200001,3110000,"서울특별시 은평구 진관*로 **, ***호 (진관동)",03306,,01,영업/정상,,,02-562-6707
1000000,(주)선은시스템,,1000000,192681.332020866,455227.384545283,2026-05-01 22:48:45,I,01,정상영업,2023-01-19 15:08:54,0,,2023-01-19,,서울특별시 은평구 응암동 ***-**,2023311021723200002,3110000,"서울특별시 은평구 은평로 **, *층 (응암동)",03453,,01,영업/정상,,,
,유진홀딩스,,,193053.432186913,456056.058391271,2026-05-01 22:48:45,I,01,정상영업,2025-01-21 17:26:00,,,2022-12-12,,서울특별시 은평구 역촌동 **-* 영화마스타골프랜드,2023311021723200004,3110000,"서울특별시 은평구 서오릉로 **, 영화마스타골프랜드 *층일부층 (역촌동)",03404,,01,영업/정상,,,070-8648-3501
,윤선생영어교실 은평센터,,,192803.762689859,456640.174344488,2026-05-01 22:48:45,I,01,정상영업,2023-06-19 13:33:02,,,2023-06-19,,서울특별시 은평구 대조동 ***-*,2023311021723200006,3110000,"서울특별시 은평구 연서로**길 **, *층 ***호 (대조동)",03394,,01,영업/정상,,,
,모토드림,,,193718.101233898,455394.583451371,2026-05-01 22:48:45,I,01,정상영업,2024-06-25 09:11:56,,,2023-08-02,,서울특별시 은평구 응암동 **-** 은혜빌라,2023311021723200007,3110000,"서울특별시 은평구 은평로 ***-*, 은혜빌라 ***호 (응암동)",03471,,01,영업/정상,,,
,현대연신내GTX판매대리점,,,192879.542954485,457734.188427505,2026-05-01 22:48:45,I,01,정상영업,2023-10-30 12:46:19,,,2023-10-30,,서울특별시 은평구 불광동 ***-** 백마노블레스텔,2023311021723200009,3110000,"서울특별시 은평구 통일로 ***, 백마노블레스텔 제지층 제비***호 (불광동)",03341,,01,영업/정상,,,
5000000,아이티인프라,,5000000,192166.132783319,455134.440709788,2026-05-01 22:48:45,I,01,정상영업,2024-01-08 13:18:32,0,,2024-01-03,,서울특별시 은평구 신사동 *-*,2024311021723200001,3110000,"서울특별시 은평구 은평로 **, *층 (신사동)",03423,,01,영업/정상,,,1577-3077
,미라클 그룹 플랫폼,,,192381.208926754,457199.374400041,2026-05-01 22:48:45,I,01,정상영업,2024-01-23 09:02:38,,,2024-01-23,,서울특별시 은평구 갈현동 ***-**,2024311021723200002,3110000,서울특별시 은평구 갈현로**길 *-* (갈현동),03324,,01,영업/정상,,,
150000000,(주)영웅정보통신,,150000000,193155.06595337,457021.746216329,2026-05-01 22:48:45,I,01,정상영업,2024-02-26 17:18:55,0,,2024-02-26,,서울특별시 은평구 대조동 ***-**,2024311021723200003,3110000,"서울특별시 은평구 통일로**길 **, *층 (대조동)",03385,,01,영업/정상,,,
,은평삼송녹즙,,,192744.452336517,458182.795406051,2026-05-01 22:48:45,I,01,정상영업,2024-03-04 13:47:08,,,2019-05-20,,서울특별시 은평구 갈현동 ***-**,2024311021723200004,3110000,"서울특별시 은평구 갈현로 ***, ***호 (갈현동)",03328,,01,영업/정상,,,
,중앙인터넷,,,193394.38138013,456765.338643124,2026-05-01 22:48:45,I,01,정상영업,2024-04-04 16:47:27,,,2024-04-03,,서울특별시 은평구 대조동 **-* KT은평지점,2024311021723200006,3110000,"서울특별시 은평구 통일로**길 **, KT은평지점 *층 (대조동)",03391,,01,영업/정상,,,02-3141-9969
,은평건강생활,,,192727.609485634,454624.046617445,2026-05-01 22:48:45,I,01,정상영업,2024-07-16 10:14:37,,,2024-07-12,,서울특별시 은평구 응암동 ***-***,2024311021723200007,3110000,"서울특별시 은평구 응암로**길 *, *층 (응암동)",03466,,01,영업/정상,,,
,불광건강생활,,,193823.738346157,456569.579116748,2026-05-01 22:48:45,I,01,정상영업,2024-07-16 09:59:38,,,2024-07-15,,서울특별시 은평구 불광동 ***-**,2024311021723200008,3110000,"서울특별시 은평구 불광로 **-*, *층 (불광동)",03368,,01,영업/정상,,,02-359-5225
,응암제일건강생활,,,192681.332020866,455227.384545283,2026-05-01 22:48:45,I,01,정상영업,2024-07-16 10:03:57,,,2024-07-15,,서울특별시 은평구 응암동 ***-**,2024311021723200009,3110000,"서울특별시 은평구 은평로 **, *층 (응암동)",03453,,01,영업/정상,,,02-354-3986
,구산생활건강,,,192765.643714547,457190.201888685,2026-05-01 22:48:45,I,01,정상영업,2024-07-18 09:08:57,,,2024-07-17,,서울특별시 은평구 갈현동 ***-** 대원빌딩,2024311021723200010,3110000,"서울특별시 은평구 연서로 ***, 대원빌딩 *층 (갈현동)",03333,,01,영업/정상,,,02-386-2239
,응암건강생활,,,192680.746837163,454110.082534622,2026-05-01 22:48:45,I,01,정상영업,2024-07-18 09:33:02,,,2024-07-17,,서울특별시 은평구 응암동 ***-** 세영빌딩,2024311021723200011,3110000,"서울특별시 은평구 가좌로 ***, 세영빌딩 *층 (응암동)",03478,,01,영업/정상,,,02-306-7410
,디아이 스토어,,,193590.756369942,456302.927376952,2026-05-01 22:48:45,I,01,정상영업,2024-10-18 11:07:06,,,2024-10-17,,서울특별시 은평구 대조동 **-** 해피플러스*,2024311021723200012,3110000,"서울특별시 은평구 통일로**길 **, 해피플러스* *층 (대조동)",03397,,01,영업/정상,,,
,기아 신화대리점,,,184824.175472722,447998.697329927,2026-05-01 22:40:44,I,01,정상영업,2022-06-10 17:13:53,,,1996-12-10,,서울특별시 양천구 신월동 ***-** 파크팰리스,2007314011423200036,3140000,"서울특별시 양천구 남부순환로 ***, 파크팰리스 지층, *층 (신월동)",07910,,01,영업/정상,,,26998958
,가가통신,,,185819.439618054,445967.045201771,2026-05-01 22:40:44,I,04,직권취소,2010-05-11 14:19:49,,2010-05-11,2005-09-05,158-095,서울특별시 양천구 신월동 ***번지 *호 *층,2007314011423200040,3140000,"서울특별시 양천구 남부순환로 *** (신월동,*층)",,,04,취소/말소/만료/정지/중지,,,
,공란,,,185117.794648334,447574.364576497,2026-05-01 22:40:44,I,04,직권취소,2008-08-11 11:03:24,,2008-08-04,1997-01-20,159-091,서울특별시 양천구 신월동 ***번지 *호,2007314011423200046,3140000,서울특별시 양천구 남부순환로 *** (신월동),,,04,취소/말소/만료/정지/중지,,,
,서일종합상사,,,184448.497335143,448167.004353631,2026-05-01 22:40:44,I,04,직권취소,2008-08-11 11:01:22,,2008-08-04,2001-10-24,158-093,서울특별시 양천구 신월동 **번지 **호 삼부빌딩 ***호,2007314011423200054,3140000,"서울특별시 양천구 가로공원로 **, ***호 (신월동,삼부빌딩)",,,04,취소/말소/만료/정지/중지,,,
,중앙교육개발원,,,184534.619036954,448182.475058135,2026-05-01 22:40:44,I,07,직권말소,2017-05-11 09:47:36,,,1998-03-09,158-093,서울특별시 양천구 신월동 **번지 *호 동경빌딩 ***호,2007314011423200075,3140000,"서울특별시 양천구 가로공원로 **, ***호 (신월동,동경빌딩)",,,04,취소/말소/만료/정지/중지,,,
,참사랑,,,186622.932613016,447047.179911089,2026-05-01 22:40:44,I,07,직권말소,2017-05-11 09:47:04,,,1998-04-28,158-092,서울특별시 양천구 신월동 ***번지 **호,2007314011423200083,3140000,서울특별시 양천구 중앙로**길 *-* (신월동),,,04,취소/말소/만료/정지/중지,,,
,아이템플양서지사,,,187930.037785561,449767.441786782,2026-05-01 22:40:45,I,04,직권취소,2008-08-11 11:09:04,,2008-08-04,1998-07-01,,서울특별시 양천구 목동 ***번지 **호 용운빌딩 ***호,2007314011423200095,3140000,"서울특별시 양천구 등촌로 ***, ***호 (목동,용운빌딩)",,,04,취소/말소/만료/정지/중지,,,
,현대오목교판매대리점,,,187899.940911832,448410.063708772,2026-05-01 22:40:45,I,01,정상영업,2020-09-21 17:41:45,,,1998-11-20,,서울특별시 양천구 목동 ***-*,2007314011423200109,3140000,"서울특별시 양천구 등촌로 **, *층 (목동)",07959,,01,영업/정상,,,02-2649-0077
,현대목동역판매대리점,,,187587.553792566,447206.026219869,2026-05-01 22:40:45,I,07,직권말소,2023-07-28 16:22:24,,,1999-03-15,,서울특별시 양천구 신정동 ***번지 *호,2007314011423200117,3140000,"서울특별시 양천구 신정중앙로 **, *층 (신정동)",07938,,04,취소/말소/만료/정지/중지,,,26469090
,그래미양천지사,,,185235.764592402,447425.082129586,2026-05-01 22:40:45,I,04,직권취소,2008-08-11 14:18:00,,2008-08-11,2001-10-24,,서울특별시 양천구 신월동 ***번지 **호,2007314011423200121,3140000,서울특별시 양천구 곰달래로*길 ** (신월동),,,04,취소/말소/만료/정지/중지,,,
,기아자동차신목동대리점,,,188371.52164502,446938.001523513,2026-05-01 22:40:45,I,07,직권말소,2014-09-24 16:03:58,,,1999-04-23,,서울특별시 양천구 목동 ***번지 ***호 동문빌딩*층,2007314011423200122,3140000,"서울특별시 양천구 목동서로 *** (목동,동문빌딩*층)",,,04,취소/말소/만료/정지/중지,,,26464001
0,기아 신정대리점(주),,0,186961.009164077,446260.133156273,2026-05-01 22:40:45,I,01,정상영업,2021-04-30 11:16:03,0,,1999-04-30,,서울특별시 양천구 신정동 ****-*,2007314011423200124,3140000,"서울특별시 양천구 중앙로 ***, 신정타운빌딩 (신정동)",08073,,01,영업/정상,,,26905600
,서광상사,,,186677.053234898,446732.372089025,2026-05-01 22:40:45,I,04,직권취소,2008-08-11 14:11:11,,2008-08-04,1999-07-27,,서울특별시 양천구 신월동 ***번지 **호,2007314011423200134,3140000,서울특별시 양천구 신월로 *** (신월동),,,04,취소/말소/만료/정지/중지,,,26081800
,중앙유통,,,184698.083646784,448206.385453779,2026-05-01 22:40:45,I,04,직권취소,2008-08-11 17:05:39,,2008-08-04,2000-01-07,,서울특별시 양천구 신월동 **번지 **호 서문빌딩 ***호,2007314011423200148,3140000,"서울특별시 양천구 가로공원로 ***, ***호 (신월동,서문빌딩)",,,04,취소/말소/만료/정지/중지,,,
,성우상사,,,188563.746657935,449409.143621821,2026-05-01 22:40:45,I,04,직권취소,2008-10-07 14:53:36,,2008-10-09,2000-01-12,,서울특별시 양천구 목동 ***번지 *호 덕수빌딩*층,2007314011423200151,3140000,"서울특별시 양천구 목동중앙북로 ** (목동,덕수빌딩*층)",,,04,취소/말소/만료/정지/중지,,,26450050
,(주)쌍용자동차강서영업소,,,189011.488403267,449390.943275,2026-05-01 22:40:45,I,04,직권취소,2008-08-11 09:56:12,,2008-08-11,2000-02-12,,서울특별시 양천구 목동 ***번지 **호,2007314011423200152,3140000,서울특별시 양천구 공항대로 *** (목동),,,04,취소/말소/만료/정지/중지,,,26481161
,미래유통,,,188713.039136572,446880.929734165,2026-05-01 22:40:46,I,04,직권취소,2008-08-11 11:33:14,,2008-08-04,2000-12-20,,서울특별시 양천구 목동 ***번지 **호,2007314011423200202,3140000,서울특별시 양천구 오목로**길 * (목동),,,04,취소/말소/만료/정지/중지,,,
,이롬황성주생식목동신정점,,,187758.0753401,445907.064446739,2026-05-01 22:40:46,I,04,직권취소,2008-08-11 11:24:56,,2008-08-04,2001-10-22,,서울특별시 양천구 신정동 ***번지 **호 대영프라자***호,2007314011423200250,3140000,"서울특별시 양천구 목동동로 ** (신정동,대영프라자***호)",,,04,취소/말소/만료/정지/중지,,,
,대명유통,,,,,2026-05-01 22:40:46,I,04,직권취소,2008-10-07 14:55:12,,2008-10-09,2001-11-16,,서울특별시 양천구 신월동 ***번지 **호,2007314011423200254,3140000,서울특별시 양천구 달맞이길 ** (신월동),,,04,취소/말소/만료/정지/중지,,,26954055
,(주)에이에프씨 인터내셔날,,,187829.667026734,449362.192374296,2026-05-01 22:40:46,I,04,직권취소,2008-08-11 10:09:27,,2008-08-11,2001-11-23,,서울특별시 양천구 목동 ***번지 *호,2007314011423200256,3140000,서울특별시 양천구 등촌로 *** (목동),,,04,취소/말소/만료/정지/중지,,,26440901
,나눔에듀,,,186334.263661231,446738.379574739,2026-05-01 22:40:46,I,01,정상영업,2021-11-02 14:26:20,,,2002-08-14,,서울특별시 양천구 신월동 ***-* 대림프라자및아파트,2007314011423200259,3140000,"서울특별시 양천구 오목로 **, ***호 (신월동, 대림프라자및아파트)",08028,,01,영업/정상,,,26956800
,에이제이건강생활관,,,193182.116494809,457555.970474039,2026-05-01 22:48:45,I,01,정상영업,2024-11-15 10:11:07,,,2024-11-14,,서울특별시 은평구 불광동 ***-**,2024311021723200013,3110000,"서울특별시 은평구 연서로 ***, *층 (불광동)",03342,,01,영업/정상,,,
50000000,주식회사 클럽다우앤트래블,,50000000,194046.732973033,456082.750373699,2026-05-01 22:48:45,I,01,정상영업,2024-12-04 10:26:18,0,,2024-12-03,,서울특별시 은평구 녹번동 **-* 대일빌딩,2024311021723200014,3110000,"서울특별시 은평구 통일로 ***, 대일빌딩 *층 (녹번동)",03370,,01,영업/정상,,,02-356-7178
,올리드 다비수,,,190470.571086776,453719.226761577,2026-05-01 22:48:45,I,01,정상영업,2025-03-13 13:22:16,,,2025-03-13,,서울특별시 은평구 수색동 ***-*,2025311028123200001,3110000,"서울특별시 은평구 수색로 ***, ***동 ***호 (수색동)",03488,,01,영업/정상,,,
,프라임 멀티샵,2026-04-06,,191944.229923073,456978.918777101,2026-05-01 22:48:45,I,03,폐업처리,2026-04-06 13:42:38,,,2025-03-21,,서울특별시 은평구 갈현동 ***,2025311028123200003,3110000,"서울특별시 은평구 서오릉로 ***, *층 (갈현동)",03326,,03,폐업,,,
10286390316,르노코리아 은평대리점,,150000000,193586.001962811,456753.004050367,2026-05-01 22:48:45,I,01,정상영업,2026-04-14 17:39:52,6789773952,,2025-08-19,,서울특별시 은평구 불광동 ***-* 삼성전자디지털센터,2025311028123200006,3110000,"서울특별시 은평구 통일로 ***, 삼성전자디지털센터 *층 (불광동)",03355,,01,영업/정상,,,02-564-1450
,헬스키퍼,,,191732.239157417,453571.716354403,2026-05-01 22:48:45,I,01,정상영업,2025-08-25 09:32:11,,,2023-05-08,,서울특별시 은평구 증산동 ***-**,2025311028123200007,3110000,"서울특별시 은평구 증산서길 **, *층 (증산동)",03498,,01,영업/정상,,,
,디아이스토어,,,193590.756369942,456302.927376952,2026-05-01 22:48:45,I,01,정상영업,2025-10-30 16:14:04,,,2025-10-30,,서울특별시 은평구 대조동 **-** 해피플러스*,2025311028123200008,3110000,"서울특별시 은평구 통일로**길 **, 해피플러스* *층 (대조동)",03397,,01,영업/정상,,,
,마임마포지사,,,192491.321689009,454300.411398011,2026-05-01 22:48:45,I,01,정상영업,2025-12-03 14:16:05,,,2025-12-03,,서울특별시 은평구 응암동 ***-** 이서주택,2025311028123200009,3110000,"서울특별시 은평구 가좌로 ***-*, 이서주택 *층 (응암동)",03484,,01,영업/정상,,,
,이찬진컴퓨터교실,,,188672.132399694,447058.618852276,2026-05-01 22:40:46,I,04,직권취소,2008-08-11 16:59:36,,2008-08-04,2001-12-31,,서울특별시 양천구 목동 ***번지 **호 B*층,2007314011423200261,3140000,"서울특별시 양천구 오목로 ***-** (목동,B*층)",,,04,취소/말소/만료/정지/중지,,,20620111
,마마유통,,,189039.009553549,449383.141430143,2026-05-01 22:40:46,I,04,직권취소,2008-08-11 11:11:24,,2008-08-04,2002-01-22,,서울특별시 양천구 목동 ***번지 **호 태진빌딩***호,2007314011423200263,3140000,"서울특별시 양천구 공항대로 *** (목동,태진빌딩***호)",,,04,취소/말소/만료/정지/중지,,,26476494
,성도상사,,,186726.176622048,446722.884293362,2026-05-01 22:40:47,I,04,직권취소,2008-08-11 11:14:14,,2008-08-04,2002-04-12,,서울특별시 양천구 신월동 ***번지 **호 윤진빌딩*층,2007314011423200281,3140000,"서울특별시 양천구 신월로 *** (신월동,윤진빌딩*층)",,,04,취소/말소/만료/정지/중지,,,26994667
1318928682,(주)여성시대삼육오,,591088065,188879.448572755,446808.521815814,2026-05-01 22:40:47,I,01,정상영업,2019-10-14 16:58:00,727840617,,2002-06-24,,서울특별시 양천구 목동 ***번지 **호 정산빌딩***호,2007314011423200295,3140000,"서울특별시 양천구 신목로 ** (목동,정산빌딩***호)",,,01,영업/정상,,,20622800
1,나이스모비콤(주),,1,185927.652519671,446155.14326358,2026-05-01 22:40:47,I,07,직권말소,2014-09-24 16:02:46,1,,2002-07-16,158-090,서울특별시 양천구 신월동 ***번지 *호 *층,2007314011423200299,3140000,"서울특별시 양천구 신월로 *** (신월동,*층)",,,04,취소/말소/만료/정지/중지,,,
,연흥산업,,,186334.263661231,446738.379574739,2026-05-01 22:40:47,I,04,직권취소,2008-10-07 14:51:49,,2008-10-09,2002-08-22,,서울특별시 양천구 신월동 ***번지 *호 대림빌딩***호,2007314011423200303,3140000,"서울특별시 양천구 오목로 ** (신월동,대림빌딩***호)",,,04,취소/말소/만료/정지/중지,,,26993874
,(주)다이어트테크,,,186583.853430927,447197.797629393,2026-05-01 22:40:47,I,04,직권취소,2008-08-11 17:02:16,,2008-07-24,2002-10-02,,서울특별시 양천구 신월동 ***번지 *호 금성빌딩*층,2007314011423200323,3140000,"서울특별시 양천구 중앙로 *** (신월동,금성빌딩*층)",,,04,취소/말소/만료/정지/중지,,,26511515
,(주)고려인삼제약,,,186583.853430927,447197.797629393,2026-05-01 22:40:47,I,04,직권취소,2008-08-11 14:24:30,,2008-08-04,2002-10-02,,서울특별시 양천구 신월동 ***번지 *호 금성빌딩*층,2007314011423200324,3140000,"서울특별시 양천구 중앙로 *** (신월동,금성빌딩*층)",,,04,취소/말소/만료/정지/중지,,,
,(주)고려인삼개발,,,186583.853430927,447197.797629393,2026-05-01 22:40:47,I,04,직권취소,2008-10-07 14:52:46,,2008-10-09,2002-10-02,,서울특별시 양천구 신월동 ***번지 *호 금성빌딩*층,2007314011423200325,3140000,"서울특별시 양천구 중앙로 *** (신월동,금성빌딩*층)",,,04,취소/말소/만료/정지/중지,,,
,(주)엘리샤인터내셔날,,,189011.488403267,449390.943275,2026-05-01 22:40:47,I,04,직권취소,2008-10-07 14:52:20,,2008-10-09,2002-11-04,,서울특별시 양천구 목동 ***번지 **호 메이슨빌딩 *층,2007314011423200331,3140000,"서울특별시 양천구 공항대로 *** (목동,메이슨빌딩 *층)",,,04,취소/말소/만료/정지/중지,,,26426945
,삼희,,,187824.577078216,449342.399687907,2026-05-01 22:40:47,I,04,직권취소,2009-01-07 14:43:10,,2008-10-09,2002-12-23,,서울특별시 양천구 목동 ***번지 *호 방송대총동문회관*층,2007314011423200342,3140000,"서울특별시 양천구 등촌로 *** (목동,방송대총동문회관*층)",,,04,취소/말소/만료/정지/중지,,,26448424
,큰곰의료기목동홍보관,,,187675.994207369,445930.418572154,2026-05-01 22:40:47,I,04,직권취소,2008-08-11 13:29:08,,2008-08-04,2003-01-06,,서울특별시 양천구 신정동 ***번지 **호 밀레니엄프라자 ***호,2007314011423200345,3140000,"서울특별시 양천구 목동동로 ** (신정동,밀레니엄프라자 ***호)",,,04,취소/말소/만료/정지/중지,,,
,유성,,,185186.010706235,448586.076750081,2026-05-01 22:40:47,I,04,직권취소,2008-08-11 11:35:58,,2008-08-04,2003-03-11,,서울특별시 양천구 신월동 **번지 *호 *층,2007314011423200354,3140000,"서울특별시 양천구 화곡로 *** (신월동,*층)",,,04,취소/말소/만료/정지/중지,,,26967708
,아이에스큐코리아,,,,,2026-05-01 22:40:47,I,04,직권취소,2008-08-11 16:55:55,,2008-08-04,2003-06-18,,서울특별시 양천구 목동 ***번지 *호,2007314011423200377,3140000,서울특별시 양천구 목동중앙북로*다길 ** (목동),,,04,취소/말소/만료/정지/중지,,,26465889
,경인FLOW,,,184767.729553942,448229.826991046,2026-05-01 22:40:48,I,04,직권취소,2009-01-07 14:41:40,,2008-10-09,2003-08-13,,서울특별시 양천구 신월동 **번지 *호 지하*층,2007314011423200392,3140000,"서울특별시 양천구 남부순환로 *** (신월동,지하*층)",,,04,취소/말소/만료/정지/중지,,,26017722
,(주)대오화장품,,,188498.60418349,449463.118569169,2026-05-01 22:40:48,I,04,직권취소,2010-05-11 14:27:37,,2010-05-11,2003-09-01,,서울특별시 양천구 목동 ***번지 **호 평화빌딩*층,2007314011423200398,3140000,"서울특별시 양천구 공항대로 *** (목동,평화빌딩*층)",,,04,취소/말소/만료/정지/중지,,,26537704
,엔라렌,,,,,2026-05-01 22:40:48,I,04,직권취소,2009-01-07 14:47:32,,2008-10-09,2003-09-16,,서울특별시 양천구 신월동 ***번지 *호 경인주택(아)***호,2007314011423200400,3140000,,,,04,취소/말소/만료/정지/중지,,,
,한우물,,,186346.080349663,446440.978434743,2026-05-01 22:40:48,I,04,직권취소,2008-08-11 11:27:45,,2008-08-04,2003-10-07,,서울특별시 양천구 신월동 ***번지 **호 *층,2007314011423200407,3140000,"서울특별시 양천구 신월로**길 ** (신월동,*층)",,,04,취소/말소/만료/정지/중지,,,
,HDL,,,188943.727308753,449380.074012936,2026-05-01 22:40:48,I,01,정상영업,2007-08-21 15:55:28,,,2004-03-04,,서울특별시 양천구 목동 ***번지 *호 은주빌딩***호,2007314011423200425,3140000,"서울특별시 양천구 공항대로 *** (목동,은주빌딩***호)",,,01,영업/정상,,,26460123
,(주)마포투엔티,,,186764.573882264,446714.543550903,2026-05-01 22:40:48,I,04,직권취소,2008-08-11 10:17:41,,2008-08-11,2004-07-02,,서울특별시 양천구 신월동 ***번지 **호 로즈가든***호,2007314011423200448,3140000,"서울특별시 양천구 신월로 *** (신월동,로즈가든***호)",,,04,취소/말소/만료/정지/중지,,,26085692
,올리비아코리아강서점,,,185481.364057584,447513.246944624,2026-05-01 22:40:48,I,04,직권취소,2009-01-07 14:45:29,,2008-10-09,2004-07-29,,서울특별시 양천구 신월동 ***번지 *호,2007314011423200458,3140000,서울특별시 양천구 곰달래로 ** (신월동),,,04,취소/말소/만료/정지/중지,,,
,우진상사,,,,,2026-05-01 22:40:48,I,04,직권취소,2008-10-13 11:58:53,,2008-10-09,2004-08-11,,서울특별시 양천구 신월동 ***번지 대지빌딩***호,2007314011423200461,3140000,,,,04,취소/말소/만료/정지/중지,,,26015693
,한국인터넷정보교육원,,,188670.26737192,446940.352795251,2026-05-01 22:40:48,I,04,직권취소,2008-08-11 17:06:23,,2008-08-04,2004-10-06,,서울특별시 양천구 목동 ***번지 ***호 세화빌딩***호,2007314011423200468,3140000,"서울특별시 양천구 오목로 *** (목동,세화빌딩***호)",,,04,취소/말소/만료/정지/중지,,,60923388
1,(주)대우지피에스,,1,184399.574301212,448158.270102571,2026-05-01 22:40:48,I,04,직권취소,2009-01-07 14:55:35,1,2008-10-09,2004-10-07,,서울특별시 양천구 신월동 **번지 *호 *층*호,2007314011423200469,3140000,"서울특별시 양천구 가로공원로 ** (신월동,*층*호)",,,04,취소/말소/만료/정지/중지,,,26061084
,C.S코리아,,,184682.570481069,448260.582907303,2026-05-01 22:40:49,I,04,직권취소,2008-08-11 11:29:44,,2008-08-04,2004-10-12,,서울특별시 양천구 신월동 **번지 *호 지하*층,2007314011423200472,3140000,"서울특별시 양천구 남부순환로 *** (신월동,지하*층)",,,04,취소/말소/만료/정지/중지,,,31364795
,ento,,,184806.911534822,448551.489178583,2026-05-01 22:40:49,I,04,직권취소,2008-10-07 14:32:50,,2008-10-09,2004-11-01,,서울특별시 양천구 신월동 **번지 *호 동화빌딩***호,2007314011423200479,3140000,"서울특별시 양천구 화곡로 ** (신월동,동화빌딩***호)",,,04,취소/말소/만료/정지/중지,,,26026015
,위드웰 양천목5동대리점,,,185729.8201797,446606.020593856,2026-05-01 22:40:49,I,07,직권말소,2019-05-22 10:56:30,,,2004-11-22,,서울특별시 양천구 신월동 ***번지 **호 신화빌딩*층우측,2007314011423200483,3140000,"서울특별시 양천구 오목로 ** (신월동,신화빌딩*층우측)",,,04,취소/말소/만료/정지/중지,2004-12-01,2004-12-31,
,동서종합상사,,,184972.561922366,447720.909007686,2026-05-01 22:40:49,I,07,직권말소,2018-06-20 16:43:31,,,2004-12-07,,서울특별시 양천구 신월동 ***번지 *호 *층,2007314011423200485,3140000,"서울특별시 양천구 남부순환로 *** (신월동,*층)",,,04,취소/말소/만료/정지/중지,,,26077171
,미래정보원,,,184740.746613572,448418.56612618,2026-05-01 22:40:49,I,07,직권말소,2017-05-11 09:46:23,,,2004-12-27,,서울특별시 양천구 신월동 **번지 **호 *층,2007314011423200488,3140000,"서울특별시 양천구 남부순환로**길 * (신월동,*층)",,,04,취소/말소/만료/정지/중지,,,26916117
,현대E&S,,,187916.254332614,449683.219205227,2026-05-01 22:40:49,I,04,직권취소,2009-01-07 14:50:57,,2008-10-09,2005-01-12,,서울특별시 양천구 목동 ***번지 *호 정원빌딩***호,2007314011423200492,3140000,"서울특별시 양천구 등촌로 *** (목동,정원빌딩***호)",,,04,취소/말소/만료/정지/중지,,,26432653
,C.A.R,,,185597.710087997,447331.827063731,2026-05-01 22:40:49,I,04,직권취소,2008-08-11 17:09:59,,2008-08-04,2005-01-14,,서울특별시 양천구 신월동 ***번지 **호 옥탑,2007314011423200494,3140000,"서울특별시 양천구 월정로**길 ** (신월동,옥탑)",,,04,취소/말소/만료/정지/중지,,,26964517
,우리기획,,,185844.235783864,445899.245694786,2026-05-01 22:40:49,I,04,직권취소,2008-08-11 10:56:09,,2008-08-04,2005-02-15,,서울특별시 양천구 신월동 ***번지 *호 ***호,2007314011423200498,3140000,"서울특별시 양천구 남부순환로 *** (신월동,***호)",,,04,취소/말소/만료/정지/중지,,,20656562
,드림포스,,,185887.947292775,446136.098248558,2026-05-01 22:40:49,I,04,직권취소,2009-01-07 14:39:59,,2008-10-09,2005-03-24,,서울특별시 양천구 신월동 ***번지 *호 *층,2007314011423200509,3140000,"서울특별시 양천구 신월로 *** (신월동,*층)",,,04,취소/말소/만료/정지/중지,,,26974417
,동국라이프,,,186148.086395033,446679.296890975,2026-05-01 22:40:49,I,04,직권취소,2008-08-11 17:08:13,,2008-08-04,2005-04-18,,서울특별시 양천구 신월동 ***번지 *호 해풍빌딩*층,2007314011423200515,3140000,"서울특별시 양천구 오목로 ** (신월동,해풍빌딩*층)",,,04,취소/말소/만료/정지/중지,,,
,백운양봉원,,,185418.220336086,447959.00585243,2026-05-01 22:40:49,I,07,직권말소,2019-05-22 10:54:07,,,2005-06-20,,서울특별시 양천구 신월동 ***번지 **호,2007314011423200525,3140000,서울특별시 양천구 월정로 *** (신월동),,,04,취소/말소/만료/정지/중지,,,26950825
,(주)에어비타코리아,,,188398.435,446625.99,2026-05-01 22:40:49,I,04,직권취소,2010-05-11 14:26:48,,2010-05-11,2005-09-12,,서울특별시 양천구 신정동 ***번지 **호 제이월드빌 ****호,2007314011423200534,3140000,"서울특별시 양천구 목동서로 *** (신정동,제이월드빌 ****호)",,,04,취소/말소/만료/정지/중지,,,26443955
1730765575,(주)비볼코리아,,253298323,188879.448572755,446808.521815814,2026-05-01 22:40:49,I,01,정상영업,2020-04-14 17:07:13,1177467252,,2005-11-04,,서울특별시 양천구 목동 ***번지 **호,2007314011423200545,3140000,"서울특별시 양천구 신목로 **, 정산빌딩 ***호 (목동)",08006,,01,영업/정상,,,26444100
,비티엠 메디코스,,,,,2026-05-01 22:40:49,I,07,직권말소,2014-09-24 16:01:57,,,2005-12-16,,서울특별시 양천구 신정동 *번지 *호,2007314011423200553,3140000,,,,04,취소/말소/만료/정지/중지,,,26467966
,암산박사,,,,,2026-05-01 22:40:49,I,04,직권취소,2009-01-07 14:49:08,,2008-10-09,2006-01-19,,서울특별시 양천구 신정동 ***번지 **호,2007314011423200559,3140000,,,,04,취소/말소/만료/정지/중지,,,26487353
,케이지씨 특판,,,184972.561922366,447720.909007686,2026-05-01 22:40:49,I,07,직권말소,2018-06-20 16:43:00,,,2006-02-28,,서울특별시 양천구 신월동 ***번지 *호 *층,2007314011423200570,3140000,"서울특별시 양천구 남부순환로 *** (신월동,*층)",,,04,취소/말소/만료/정지/중지,,,02-2607-4656
,한성C.N.T,,,185601.17778588,447564.188636245,2026-05-01 22:40:49,I,07,직권말소,2017-05-11 09:45:47,,,2006-04-13,,서울특별시 양천구 신월동 ***번지 **호,2007314011423200576,3140000,서울특별시 양천구 곰달래로 ** (신월동),,,04,취소/말소/만료/정지/중지,,,26081005
,그린훼미리강서지사,,,187916.254332614,449683.219205227,2026-05-01 22:40:49,I,07,직권말소,2017-05-11 09:41:41,,,2006-05-12,,서울특별시 양천구 목동 ***번지 *호 정원오피스***호,2007314011423200582,3140000,"서울특별시 양천구 등촌로 *** (목동,정원오피스***호)",,,04,취소/말소/만료/정지/중지,,,26154937
,(주)굿웰,,,186262.212835837,446486.385297147,2026-05-01 22:40:49,I,07,직권말소,2014-09-24 16:00:31,,,2006-05-17,,서울특별시 양천구 신월동 ***번지 *호 신화빌딩*층,2007314011423200583,3140000,"서울특별시 양천구 신월로 *** (신월동,신화빌딩*층)",,,04,취소/말소/만료/정지/중지,,,26949582
,영진테크,,,188617.140810233,446949.529618415,2026-05-01 22:40:49,I,04,직권취소,2008-10-07 14:28:34,,2008-10-09,2006-05-17,,서울특별시 양천구 목동 ***번지 ***호,2007314011423200585,3140000,서울특별시 양천구 오목로 *** (목동),,,04,취소/말소/만료/정지/중지,,,26460172
,티보니코리아,,,,,2026-05-01 22:40:49,I,07,직권말소,2014-09-24 15:59:47,,,2006-06-01,,서울특별시 양천구 신정동 *번지 *호,2007314011423200587,3140000,,,,04,취소/말소/만료/정지/중지,,,26442734
,그린씨엔씨,,,187916.254332614,449683.219205227,2026-05-01 22:40:49,I,07,직권말소,2017-05-11 09:41:11,,,2006-06-12,,서울특별시 양천구 목동 ***번지 *호,2007314011423200589,3140000,서울특별시 양천구 등촌로 *** (목동),,,04,취소/말소/만료/정지/중지,,,26487715
,나인정보기획,,,187954.699244582,445039.928375227,2026-05-01 22:40:50,I,04,직권취소,2010-05-11 14:26:06,,2010-05-11,2006-09-04,,서울특별시 양천구 신정동 ***번지 **호,2007314011423200599,3140000,서울특별시 양천구 목동남로*길 ** (신정동),,,04,취소/말소/만료/정지/중지,,,
,청림,,,,,2026-05-01 22:40:50,I,07,직권말소,2014-09-24 15:59:02,,,2006-11-01,,서울특별시 양천구 신정동 ***번지 **호 양화빌딩*층(신정동),2007314011423200613,3140000,,,,04,취소/말소/만료/정지/중지,,,
,(주)한국전기전자아이엔티,,,,,2026-05-01 22:40:50,I,07,직권말소,2017-05-11 09:40:37,,,2006-12-04,,서울특별시 양천구 신정동 ***번지 **호 호용빌딩(신정동),2007314011423200620,3140000,,,,04,취소/말소/만료/정지/중지,,,
,쌍용자동차강서판매,,,,,2026-05-01 22:40:50,I,07,직권말소,2014-09-24 15:58:01,,,2007-01-11,,서울특별시 양천구 신정동 ***번지 **호 (신정동),2007314011423200628,3140000,,,,04,취소/말소/만료/정지/중지,,,
,창조,,,,,2026-05-01 22:40:50,I,07,직권말소,2017-05-11 09:40:03,,,2007-10-18,158-090,서울특별시 양천구 신월동 ***번지 **호 ***호,2007314011423200638,3140000,,,,04,취소/말소/만료/정지/중지,,,
,성일대리점,,,,,2026-05-01 22:40:50,I,04,직권취소,2010-05-11 14:28:38,,2010-05-11,2007-04-02,158-070,서울특별시 양천구 신정동 목동(아)****-***,2007314011423200643,3140000,,,,04,취소/말소/만료/정지/중지,,,
1,(주)그로아화장품,,1,184865.959009858,449212.668303679,2026-05-01 22:40:50,I,07,직권말소,2020-08-09 14:23:26,1,,2007-04-12,158-090,서울특별시 양천구 신월동 *번지 **호 서문빌딩 ***호,2007314011423200645,3140000,"서울특별시 양천구 월정로 ***-** (신월동,서문빌딩 ***호)",,,04,취소/말소/만료/정지/중지,,,26016985
1,(주)이노라이더,,1,188953.066831076,447333.569187997,2026-05-01 22:40:50,I,07,직권말소,2014-09-24 15:57:05,1,,2007-04-13,158-051,서울특별시 양천구 목동 ***번지 *호 현대**타워 ****호,2007314011423200646,3140000,"서울특별시 양천구 목동동로 *** (목동,현대**타워 ****호)",,,04,취소/말소/만료/정지/중지,,,21682360
,거성무역,,,189128.248867296,449394.675249633,2026-05-01 22:40:50,I,07,직권말소,2017-05-11 09:39:28,,,2007-04-13,158-050,서울특별시 양천구 목동 ***번지 **호 양화빌딩 ***호,2007314011423200647,3140000,"서울특별시 양천구 공항대로 ***, ***호 (목동,양화빌딩)",,,04,취소/말소/만료/정지/중지,,,26420414
,미르커머스,,,187415.922905255,446600.184140953,2026-05-01 22:40:50,I,07,직권말소,2017-05-11 09:38:55,,,2007-04-24,158-070,서울특별시 양천구 신정동 ****번지 *호 원빌딩 *층,2007314011423200650,3140000,"서울특별시 양천구 신월로 *** (신정동,원빌딩 *층)",,,04,취소/말소/만료/정지/중지,,,20618848
,대우자동차목동영업소,,,187953.650617003,446905.045859132,2026-05-01 22:40:50,I,07,직권말소,2014-09-24 15:56:26,,,2007-05-15,158-070,서울특별시 양천구 신정동 ***번지 *호 *층,2007314011423200652,3140000,"서울특별시 양천구 목동로 *** (신정동,*층)",,,04,취소/말소/만료/정지/중지,,,36620168
,신성코리아,,,187955.121454906,449649.016215774,2026-05-01 22:40:50,I,07,직권말소,2017-05-11 09:38:20,,,2007-06-22,158-053,서울특별시 양천구 목동 ***번지 신한이모르젠 ***동 *호,2007314011423200655,3140000,"서울특별시 양천구 목동중앙북로 *, ***동 *호 (목동,신한이모르젠)",,,04,취소/말소/만료/정지/중지,,,
100000000,(주) 레디텍,,100000000,184448.497335143,448167.004353631,2026-05-01 22:40:50,I,07,직권말소,2014-09-24 15:55:46,0,,2007-07-10,158-090,서울특별시 양천구 신월동 **번지 **호 삼부빌딩 ***호,2007314011423200657,3140000,"서울특별시 양천구 가로공원로 ** (신월동,삼부빌딩 ***호)",,,04,취소/말소/만료/정지/중지,,,02-2693-2601
,인재커머스,,,188617.140810233,446949.529618415,2026-05-01 22:40:50,I,07,직권말소,2014-09-24 15:55:14,,,2007-09-04,158-050,서울특별시 양천구 목동 ***번지 ***호,2007314011423200664,3140000,서울특별시 양천구 오목로 *** (목동),,,04,취소/말소/만료/정지/중지,,,
,쌍용자동차목동판매대리점,,,187634.842242415,446682.156327036,2026-05-01 22:40:50,I,01,정상영업,2021-11-02 16:50:51,,,2008-03-05,,서울특별시 양천구 신정동 ****-* 신신코아,2008314011423200008,3140000,"서울특별시 양천구 신월로 ***, 신신코아 (신정동)",08021,,01,영업/정상,,,02-2691-3002
,동성제약 디즈웰사업부 목동지사,,,187463.923902518,447264.575852814,2026-05-01 22:40:50,I,07,직권말소,2014-08-18 15:27:26,,,2008-03-05,158-070,서울특별시 양천구 신정동 ***번지 **호,2008314011423200009,3140000,서울특별시 양천구 은행정로 ** (신정동),,,04,취소/말소/만료/정지/중지,,,02-2697-3100
,두루원탑라인,,,186065.684789257,446251.76410763,2026-05-01 22:40:51,I,07,직권말소,2017-05-11 09:37:47,,,2008-04-30,158-094,서울특별시 양천구 신월동 ***번지 **호 *층 ***호,2008314011423200020,3140000,"서울특별시 양천구 남부순환로**길 ** (신월동,*층 ***호)",,,04,취소/말소/만료/정지/중지,,,
,홍익,,,,,2026-05-01 22:48:34,I,07,직권말소,2008-02-21 00:00:00,,,2002-06-19,,서울특별시 은평구 대조동  ***-** *층,2002311011123200128,3110000,,,,04,취소/말소/만료/정지/중지,,,02-382-5936
,하이크린,,,,,2026-05-01 22:48:34,I,07,직권말소,2008-02-21 00:00:00,,,2002-08-07,,서울특별시 은평구 불광동  ***-*** *층,2002311011123200132,3110000,,,,04,취소/말소/만료/정지/중지,,,02-358-6915
,녹십초알로에연신내지사,,,,,2026-05-01 22:48:34,I,07,직권말소,2008-07-18 14:21:33,,,2002-08-07,,서울특별시 은평구 갈현동  ***-** *층,2002311011123200133,3110000,,,,04,취소/말소/만료/정지/중지,,,02-352-0724
,대우자동차 신은평영업소,,,,,2026-05-01 22:48:35,I,07,직권말소,2008-07-18 14:15:34,,,2002-11-21,,서울특별시 은평구 녹번동  ***-**,2002311011123200143,3110000,,,,04,취소/말소/만료/정지/중지,,,02-359-8580
,한솔유통,,,,,2026-05-01 22:48:35,I,07,직권말소,2008-07-18 13:53:50,,,2002-11-21,,서울특별시 은평구 녹번동  **-* 화랑***,2002311011123200144,3110000,,,,04,취소/말소/만료/정지/중지,,,02-382-2680
,거성,,,,,2026-05-01 22:48:35,I,07,직권말소,2008-02-21 00:00:00,,,2002-11-29,,서울특별시 은평구 수색동  ***-* 동호빌딩 지하,2002311011123200145,3110000,,,,04,취소/말소/만료/정지/중지,,,02-375-4439
,서울대리점,,,,,2026-05-01 22:48:35,I,07,직권말소,2008-02-21 00:00:00,,,2002-12-18,,서울특별시 은평구 응암동  **-**  *층,2002311011123200148,3110000,,,,04,취소/말소/만료/정지/중지,,,02-358-1404
,현화,,,,,2026-05-01 22:48:35,I,07,직권말소,2008-07-18 13:50:01,,,2002-12-27,,서울특별시 은평구 역촌동  *-** 역촌A ***호,2002311011123200149,3110000,,,,04,취소/말소/만료/정지/중지,,,02-351-3258
,인트베이비,,,,,2026-05-01 22:48:35,I,07,직권말소,2008-07-18 13:47:21,,,2002-09-19,,서울특별시 은평구 신사동  **-**,2002311011123200153,3110000,,,,04,취소/말소/만료/정지/중지,,,02-304-5770
,다맥비젼,,,,,2026-05-01 22:48:35,I,07,직권말소,2008-07-18 13:44:43,,,2003-01-13,,서울특별시 은평구 갈현동  ***-**,2003311011123200150,3110000,,,,04,취소/말소/만료/정지/중지,,,02-385-2896
,NEO정보통신,,,,,2026-05-01 22:48:35,I,07,직권말소,2008-07-18 13:39:52,,,2003-01-17,,서울특별시 은평구 대조동  **-*,2003311011123200153,3110000,,,,04,취소/말소/만료/정지/중지,,,02-355-1600
0,(주)해피어스 화장품 서아지사,,0,,,2026-05-01 22:48:36,I,07,직권말소,2008-07-18 13:32:29,0,,2003-01-29,,서울특별시 은평구 대조동  *-* *층,2003311011123200154,3110000,,,,04,취소/말소/만료/정지/중지,,,02-383-3730
,봉선식품,,,,,2026-05-01 22:48:36,I,07,직권말소,2008-07-18 13:29:29,,,2003-02-19,,서울특별시 은평구 증산동  ***-*,2003311011123200156,3110000,,,,04,취소/말소/만료/정지/중지,,,02-303-4074
,큰곰의료기 불광지점,,,,,2026-05-01 22:48:36,I,07,직권말소,2008-07-18 13:22:38,,,2003-02-28,,서울특별시 은평구 대조동  **-** *층,2003311011123200157,3110000,,,,04,취소/말소/만료/정지/중지,,,02-352-0152
,한얼,,,,,2026-05-01 22:48:36,I,07,직권말소,2008-02-21 00:00:00,,,2003-03-13,,서울특별시 은평구 갈현동  ***-* *층 ***호,2003311011123200158,3110000,,,,04,취소/말소/만료/정지/중지,,,02-389-9169
0,(주)삼은시스템,,0,,,2026-05-01 22:48:36,I,07,직권말소,2008-07-16 18:03:06,0,,2003-03-14,,서울특별시 은평구 응암동  ***-*,2003311011123200159,3110000,,,,04,취소/말소/만료/정지/중지,,,02-358-5724
,쌍용자동차 신은평 영업소,,,,,2026-05-01 22:48:36,I,07,직권말소,2008-02-21 00:00:00,,,2003-03-26,,서울특별시 은평구 녹번동  ***-**,2003311011123200160,3110000,,,,04,취소/말소/만료/정지/중지,,,02-388-1990
,한양서적,,,,,2026-05-01 22:48:36,I,07,직권말소,2008-07-16 17:59:37,,,2003-04-21,,서울특별시 은평구 역촌동  **-** *층 ***호,2003311011123200165,3110000,,,,04,취소/말소/만료/정지/중지,,,02-356-6834
,Seccond Base,,,,,2026-05-01 22:48:36,I,07,직권말소,2008-07-16 17:51:41,,,2003-04-21,,서울특별시 은평구 역촌동  **-**,2003311011123200166,3110000,,,,04,취소/말소/만료/정지/중지,,,02-357-1239
,태인코스,,,,,2026-05-01 22:48:36,I,07,직권말소,2008-07-16 17:48:54,,,2003-05-12,,서울특별시 은평구 신사동  ***-* 청운제일(A)***,2003311011123200168,3110000,,,,04,취소/말소/만료/정지/중지,,,02-374-1715
,미샘상사,,,,,2026-05-01 22:48:36,I,07,직권말소,2008-07-16 17:44:37,,,2003-06-02,,서울특별시 은평구 녹번동  ***-***,2003311011123200171,3110000,,,,04,취소/말소/만료/정지/중지,,,02-358-0675
,희유통,,,,,2026-05-01 22:48:36,I,07,직권말소,2008-07-16 17:36:33,,,2003-06-02,,서울특별시 은평구 응암동  **-* B**,2003311011123200172,3110000,,,,04,취소/말소/만료/정지/중지,,,02-382-5689
,참미술,,,,,2026-05-01 22:48:36,I,07,직권말소,2008-07-16 17:32:58,,,2003-06-11,,서울특별시 은평구 역촌동  *-** *층,2003311011123200173,3110000,,,,04,취소/말소/만료/정지/중지,,,02-383-0120
,한국암웨이,,,,,2026-05-01 22:48:36,I,07,직권말소,2008-07-16 17:27:27,,,2003-06-13,,서울특별시 은평구 갈현동  **-***,2003311011123200174,3110000,,,,04,취소/말소/만료/정지/중지,,,02-385-4750
0,(주)원전커머스그린피드대리점,,0,,,2026-05-01 22:48:36,I,07,직권말소,2008-02-21 00:00:00,0,,2003-06-27,,서울특별시 은평구 대조동  ***-*,2003311011123200175,3110000,,,,04,취소/말소/만료/정지/중지,,,02-354-6367
,노벨 개미은평지사,,,,,2026-05-01 22:48:37,I,07,직권말소,2009-03-09 15:56:11,,,2003-07-08,,서울특별시 은평구 대조동  **-*** *층,2003311011123200178,3110000,,,,04,취소/말소/만료/정지/중지,,,02-388-6190
,녹십초알로에은평지사,,,,,2026-05-01 22:48:37,I,07,직권말소,2008-07-16 17:24:22,,,2003-07-10,,서울특별시 은평구 불광동  ***-** *층,2003311011123200179,3110000,,,,04,취소/말소/만료/정지/중지,,,02-352-8191
,세창,,,,,2026-05-01 22:48:37,I,07,직권말소,2008-07-16 17:21:35,,,2003-07-16,,서울특별시 은평구 응암동  ***-* 해태상가 지하*층,2003311011123200180,3110000,,,,04,취소/말소/만료/정지/중지,,,02-354-5156
,도시난방 공사,,,,,2026-05-01 22:48:37,I,07,직권말소,2008-07-16 17:18:11,,,2003-07-16,,서울특별시 은평구 대조동  ***-**,2003311011123200181,3110000,,,,04,취소/말소/만료/정지/중지,,,02-353-2713
0,(주)원전커머스은평대리점,,0,,,2026-05-01 22:48:37,I,07,직권말소,2008-07-16 16:58:43,0,,2003-07-22,,서울특별시 은평구 갈현동  **-*** *층,2003311011123200182,3110000,,,,04,취소/말소/만료/정지/중지,,,02-358-2327
,벧엘스탭스,,,,,2026-05-01 22:48:38,I,07,직권말소,2008-07-16 14:18:50,,,2004-10-12,,서울특별시 은평구 불광동  ***-** 메트로타워 ***,2004311011123200234,3110000,,,,04,취소/말소/만료/정지/중지,,,02-352-7775
,제주알로에농산,,,,,2026-05-01 22:48:39,I,07,직권말소,2008-02-21 00:00:00,,,2004-12-02,,서울특별시 은평구 응암동  ***-*,2004311011123200241,3110000,,,,04,취소/말소/만료/정지/중지,,,02-307-7286
,헬스라이프,,,,,2026-05-01 22:48:39,I,07,직권말소,2008-07-16 14:15:05,,,2004-12-30,,서울특별시 은평구 불광동  ***-* 대호아파트 상가 *-***,2004311011123200242,3110000,,,,04,취소/말소/만료/정지/중지,,,02-387-6710
,한국그린팜,,,,,2026-05-01 22:48:39,I,07,직권말소,2013-01-21 10:05:26,,,2005-04-07,,서울특별시 은평구 녹번동  ***-**,2004311011123200256,3110000,,,,04,취소/말소/만료/정지/중지,,,02-351-4362
,케이아이비씨,,,,,2026-05-01 22:48:39,I,07,직권말소,2008-02-21 00:00:00,,,2005-04-14,,서울특별시 은평구 갈현동  ***-* ***,2004311011123200257,3110000,,,,04,취소/말소/만료/정지/중지,,,02-326-3244
,dreamize,,,,,2026-05-01 22:48:39,I,07,직권말소,2008-07-16 14:07:58,,,2005-04-14,,서울특별시 은평구 역촌동  **-**,2004311011123200258,3110000,,,,04,취소/말소/만료/정지/중지,,,
0,(주)원전커머스서부대리점,,0,192445.755794232,455391.094975498,2026-05-01 22:48:37,I,01,정상영업,2012-11-21 15:37:45,0,,2003-07-24,122-070,서울특별시 은평구 역촌동 **번지 **호,2003311011123200184,3110000,서울특별시 은평구 은평로*길 **-* (역촌동),,,01,영업/정상,,,02-386-7148
,홍익네추럴,,,,,2026-05-01 22:48:37,I,07,직권말소,2008-07-16 16:54:48,,,2003-08-14,,서울특별시 은평구 대조동  ***-**,2003311011123200186,3110000,,,,04,취소/말소/만료/정지/중지,,,02-387-8611
,엠프리시스강북센터,,,,,2026-05-01 22:48:37,I,07,직권말소,2008-07-16 16:47:51,,,2003-08-19,,서울특별시 은평구 불광동  ***-*** 메트로타워 ****호,2003311011123200187,3110000,,,,04,취소/말소/만료/정지/중지,,,
,청수시스템,,,,,2026-05-01 22:48:37,I,07,직권말소,2008-02-21 00:00:00,,,2003-08-26,,서울특별시 은평구 구산동  *-**,2003311011123200188,3110000,,,,04,취소/말소/만료/정지/중지,,,02-384-0668
,두오,,,,,2026-05-01 22:48:37,I,07,직권말소,2008-07-16 16:07:12,,,2003-08-29,,서울특별시 은평구 증산동  ***-**,2003311011123200189,3110000,,,,04,취소/말소/만료/정지/중지,,,02-376-6140
,제이비엠바이오텍,,,,,2026-05-01 22:48:37,I,07,직권말소,2008-07-16 16:03:56,,,2003-09-02,,서울특별시 은평구 불광동  *-** ***호,2003311011123200191,3110000,,,,04,취소/말소/만료/정지/중지,,,02-354-6662
,보령 B앤H 연신내지사,,,,,2026-05-01 22:48:37,I,07,직권말소,2008-07-16 15:23:01,,,2003-10-06,,서울특별시 은평구 불광동  ***-**,2003311011123200193,3110000,,,,04,취소/말소/만료/정지/중지,,,02-352-7993
,남동상사,,,,,2026-05-01 22:48:37,I,07,직권말소,2008-07-16 15:20:02,,,2003-10-31,,서울특별시 은평구 구파발동**-**,2003311011123200194,3110000,,,,04,취소/말소/만료/정지/중지,,,02-384-6142
,케이티쥐,,,,,2026-05-01 22:48:37,I,07,직권말소,2008-07-16 15:15:01,,,2003-10-31,,서울특별시 은평구 녹번동  **-* ***호,2003311011123200195,3110000,,,,04,취소/말소/만료/정지/중지,,,02-385-0989
,헬스 라이프,,,,,2026-05-01 22:48:37,I,07,직권말소,2009-03-09 15:51:45,,,2004-02-13,,서울특별시 은평구 역촌동  **-** 남측지층,2004311011123200203,3110000,,,,04,취소/말소/만료/정지/중지,,,02-306-2695
,엠엠티스,,,,,2026-05-01 22:48:37,I,07,직권말소,2008-07-16 15:07:12,,,2004-03-02,,서울특별시 은평구 갈현동  ***-** 천지타운***호,2004311011123200205,3110000,,,,04,취소/말소/만료/정지/중지,,,02-358-7422
,제이윈 상사,,,,,2026-05-01 22:48:37,I,07,직권말소,2008-07-16 15:04:06,,,2004-03-23,,서울특별시 은평구 불광동  ***-*,2004311011123200207,3110000,,,,04,취소/말소/만료/정지/중지,,,02-354-2845
,아이비내츄럴,,,,,2026-05-01 22:48:37,I,07,직권말소,2008-07-16 14:57:32,,,2004-03-23,,서울특별시 은평구 녹번동  **-* ***호,2004311011123200208,3110000,,,,04,취소/말소/만료/정지/중지,,,02-354-2845
,오투그린,,,,,2026-05-01 22:48:37,I,07,직권말소,2008-07-16 14:52:46,,,2004-04-10,,서울특별시 은평구 역촌동  **-*,2004311011123200210,3110000,,,,04,취소/말소/만료/정지/중지,,,02-388-2316
0,(주)에이블텍스,,0,,,2026-05-01 22:48:37,I,07,직권말소,2008-07-16 14:49:27,0,,2004-05-10,,서울특별시 은평구 불광동  ***-* *층 ***,2004311011123200214,3110000,,,,04,취소/말소/만료/정지/중지,,,02-388-4812
,세양교역,,,,,2026-05-01 22:48:37,I,07,직권말소,2008-02-21 00:00:00,,,2004-05-31,,서울특별시 은평구 갈현동  ***-**,2004311011123200215,3110000,,,,04,취소/말소/만료/정지/중지,,,02-3157-0977
,이롬라이프 은평 대조점,,,,,2026-05-01 22:48:37,I,07,직권말소,2008-02-21 00:00:00,,,2004-06-03,,서울특별시 은평구 대조동  ***-**,2004311011123200216,3110000,,,,04,취소/말소/만료/정지/중지,,,02-352-6968
,고려산업,,,,,2026-05-01 22:48:38,I,07,직권말소,2008-07-16 14:38:54,,,2004-06-15,,서울특별시 은평구 불광동  ***-* 세종빌딩 *층 ***호,2004311011123200219,3110000,,,,04,취소/말소/만료/정지/중지,,,02-307-8691
,아모레,,,,,2026-05-01 22:48:38,I,07,직권말소,2008-07-16 14:36:01,,,2004-06-22,,서울특별시 은평구 갈현동  ***-* 도암빌딩 *층,2004311011123200220,3110000,,,,04,취소/말소/만료/정지/중지,,,02-357-2210
,푸른은평(다판다),,,,,2026-05-01 22:48:38,I,07,직권말소,2008-07-16 14:31:21,,,2004-06-22,,서울특별시 은평구 역촌동  *-**,2004311011123200221,3110000,,,,04,취소/말소/만료/정지/중지,,,02-388-3232
,설민상사,,,,,2026-05-01 22:48:38,I,07,직권말소,2008-07-16 14:26:52,,,2004-07-09,,서울특별시 은평구 갈현동  ***-*,2004311011123200225,3110000,,,,04,취소/말소/만료/정지/중지,,,
0,(주)식물성유황웰빙팜,,0,,,2026-05-01 22:48:38,I,07,직권말소,2008-07-16 14:22:29,0,,2004-09-18,,서울특별시 은평구 녹번동  **-* ***호,2004311011123200231,3110000,,,,04,취소/말소/만료/정지/중지,,,02-352-6063
,은평J.R LINE,,,,,2026-05-01 22:48:38,I,07,직권말소,2008-02-21 00:00:00,,,2004-09-21,,서울특별시 은평구 불광동  ***-* 대호프라자 아파트,2004311011123200232,3110000,,,,04,취소/말소/만료/정지/중지,,,02-357-1140
,녹십초알로에중앙지사,,,,,2026-05-01 22:48:39,I,07,직권말소,2008-09-16 11:48:32,,,2005-04-20,,"서울특별시 은평구 녹번동  **-* *,*층",2004311011123200259,3110000,,,,04,취소/말소/만료/정지/중지,,,02-387-8247
,럭키C&C,,,,,2026-05-01 22:48:39,I,07,직권말소,2008-07-16 14:04:39,,,2005-05-27,,서울특별시 은평구 수색동  ***-*,2004311011123200263,3110000,,,,04,취소/말소/만료/정지/중지,,,02-305-7749
,조은상사,,,,,2026-05-01 22:48:39,I,07,직권말소,2008-07-16 14:00:47,,,2005-06-01,,서울특별시 은평구 불광동  ***-*,2004311011123200266,3110000,,,,04,취소/말소/만료/정지/중지,,,
,삼성실버랜드,,,,,2026-05-01 22:48:39,I,07,직권말소,2008-07-16 13:55:06,,,2005-06-10,,서울특별시 은평구 역촌동  **-** 제일프라자 *층,2004311011123200268,3110000,,,,04,취소/말소/만료/정지/중지,,,02-357-9829
0,주식회사 에프앤티통상,,0,,,2026-05-01 22:48:40,I,07,직권말소,2008-02-21 00:00:00,0,,2005-08-03,,서울특별시 은평구 구산동  **-**,2004311011123200270,3110000,,,,04,취소/말소/만료/정지/중지,,,
,하니원,,,,,2026-05-01 22:48:40,I,07,직권말소,2008-09-16 11:36:13,,,2005-08-11,,서울특별시 은평구 녹번동  **-** *층,2004311011123200272,3110000,,,,04,취소/말소/만료/정지/중지,,,02-352-4951
,기아연신내대리점,,,192900.792391738,457611.926155564,2026-05-01 22:48:40,I,01,정상영업,2021-04-14 15:19:41,,,2005-09-28,122-041,서울특별시 은평구 불광동 ***번지 **호 오리온타워 지하 *.*층,2004311011123200275,3110000,서울특별시 은평구 통일로**길 ** (불광동),,,01,영업/정상,,,02-353-3200
,세진PC대여점,,,193818.798979242,456308.321186721,2026-05-01 22:48:40,I,07,직권말소,2016-11-26 17:08:08,,,2005-10-07,122-030,서울특별시 은평구 대조동 **번지 **호 지층,2004311011123200280,3110000,"서울특별시 은평구 통일로 *** (대조동,지층)",,,04,취소/말소/만료/정지/중지,,,02-384-3722
,푸른은평(다판다),,,,,2026-05-01 22:48:40,I,07,직권말소,2008-07-16 14:32:57,,,2005-10-12,,서울특별시 은평구 역촌동  *-**,2004311011123200282,3110000,,,,04,취소/말소/만료/정지/중지,,,02-388-3232
0,(주)타워라인,,0,,,2026-05-01 22:48:40,I,07,직권말소,2009-08-20 09:52:08,0,,2005-10-18,,서울특별시 은평구 역촌동  *-* *층,2004311011123200284,3110000,,,,04,취소/말소/만료/정지/중지,,,02-386-8680
0,해선식(파워비지니스)식품,,0,,,2026-05-01 22:48:40,I,07,직권말소,2008-02-21 00:00:00,0,,2005-10-19,,서울특별시 은평구 응암동  ***-**,2004311011123200285,3110000,,,,04,취소/말소/만료/정지/중지,,,02-307-1082
,튼튼영어 연신내지사,,,,,2026-05-01 22:48:40,I,07,직권말소,2008-09-16 11:23:47,,,2005-10-27,,서울특별시 은평구 대조동  ***-**,2004311011123200287,3110000,,,,04,취소/말소/만료/정지/중지,,,02-382-0582
0,주식회사 우진텔레콤,,0,,,2026-05-01 22:48:40,I,07,직권말소,2008-09-16 11:20:33,0,,2005-11-11,,서울특별시 은평구 응암동  ***-**,2004311011123200289,3110000,,,,04,취소/말소/만료/정지/중지,,,02-540-1281
,TV아카데미,,,,,2026-05-01 22:48:40,I,07,직권말소,2008-09-16 11:16:02,,,2006-01-16,,서울특별시 은평구 응암동  ***-** ***호,2006311011123200002,3110000,,,,04,취소/말소/만료/정지/중지,,,02-309-9205
0,주식회사기아증산대리점,,50000000,191895.068155581,453494.278512195,2026-05-01 22:48:40,I,01,정상영업,2021-05-02 16:19:42,0,,2006-01-26,122-100,서울특별시 은평구 증산동 ***번지 *호,2006311011123200003,3110000,서울특별시 은평구 증산로 *** (증산동),,,01,영업/정상,,,02-309-5977
,오클린,,,,,2026-05-01 22:48:40,I,07,직권말소,2008-02-21 00:00:00,,,2006-02-13,,서울특별시 은평구 갈현동  ***-* ***호,2006311011123200004,3110000,,,,04,취소/말소/만료/정지/중지,,,02-387-0342
0,(주)강북가로수 은평지점,,0,193055.119702533,455445.92391997,2026-05-01 22:48:40,I,07,직권말소,2014-10-21 18:01:14,0,,2006-02-14,122-010,서울특별시 은평구 응암동 **번지 **호 덕천빌딩 *층,2006311011123200005,3110000,서울특별시 은평구 응암로 *** (응암동),,,04,취소/말소/만료/정지/중지,,,02-386-0017
,메디론,,,,,2026-05-01 22:48:40,I,07,직권말소,2008-07-16 13:49:48,,,2006-02-24,,서울특별시 은평구 불광동  ***-* *층,2006311011123200007,3110000,,,,04,취소/말소/만료/정지/중지,,,02-359-7527
,B.R.N 코리아,,,,,2026-05-01 22:48:40,I,07,직권말소,2009-03-09 15:48:06,,,2006-02-28,,서울특별시 은평구 증산동  ***-** 지하,2006311011123200008,3110000,,,,04,취소/말소/만료/정지/중지,,,02-304-0597
,100라이프,,,,,2026-05-01 22:48:40,I,07,직권말소,2008-07-15 17:31:43,,,2006-03-13,,서울특별시 은평구 구산동  ***-* B**호,2006311011123200010,3110000,,,,04,취소/말소/만료/정지/중지,,,02-358-8144
,동진,,,,,2026-05-01 22:48:40,I,07,직권말소,2008-07-15 17:26:06,,,2006-03-16,,서울특별시 은평구 응암동  **-* ***호,2006311011123200011,3110000,,,,04,취소/말소/만료/정지/중지,,,
,한국포스메디,,,,,2026-05-01 22:48:40,I,07,직권말소,2008-09-16 11:12:16,,,2006-04-07,,서울특별시 은평구 불광동  **-**,2006311011123200014,3110000,,,,04,취소/말소/만료/정지/중지,,,02-538-4673
,뿌리공예,,,,,2026-05-01 22:48:40,I,07,직권말소,2009-03-09 15:34:04,,,2006-04-11,,서울특별시 은평구 갈현동  *-** ***호,2006311011123200015,3110000,,,,04,취소/말소/만료/정지/중지,,,02-355-9371
,Acs(에이씨에스),,,,,2026-05-01 22:48:40,I,07,직권말소,2008-09-16 11:06:55,,,2006-04-18,,서울특별시 은평구 응암동  ***-** 지하,2006311011123200018,3110000,,,,04,취소/말소/만료/정지/중지,,,
,성운라이프,,,,,2026-05-01 22:48:40,I,07,직권말소,2008-07-15 17:22:08,,,2006-04-18,,"서울특별시 은평구 증산동  ***-** 한양B/D *, *층",2006311011123200019,3110000,,,,04,취소/말소/만료/정지/중지,,,02-375-2238
,강남머니,,,,,2026-05-01 22:48:40,I,07,직권말소,2008-09-16 11:03:10,,,2006-04-25,,서울특별시 은평구 녹번동  **-*** ***호,2006311011123200020,3110000,,,,04,취소/말소/만료/정지/중지,,,02-382-7153
,한일유통,,,,,2026-05-01 22:48:40,I,07,직권말소,2020-12-24 11:17:09,,,2006-05-09,,서울특별시 은평구 응암동  ***-**,2006311011123200021,3110000,,,,04,취소/말소/만료/정지/중지,,,02-388-9735
,으뜸황토,,,,,2026-05-01 22:48:40,I,07,직권말소,2009-03-09 15:29:04,,,2006-05-11,,서울특별시 은평구 응암동  ***-** 지층-나,2006311011123200022,3110000,,,,04,취소/말소/만료/정지/중지,,,02-308-9945
,일진건강연구소,,,,,2026-05-01 22:48:40,I,07,직권말소,2008-07-15 17:14:53,,,2006-05-17,,서울특별시 은평구 응암동  ***-** *층,2006311011123200023,3110000,,,,04,취소/말소/만료/정지/중지,,,02-388-8579
,시프트인터내셔날(shift international),2026-02-03,,175437.002340835,444367.03393149,2026-05-01 22:48:46,I,03,폐업처리,2026-02-02 16:34:39,,,2019-06-21,,인천광역시 부평구 부평동 ***번지 **호 파크에비뉴,2019354013723200022,3540000,"인천광역시 부평구 주부토로**번길 **, 파크에비뉴 ****호 (부평동)",21359,,03,폐업,,,
,아모레카운셀러,,,187734.804380866,447125.503353306,2026-05-01 22:40:54,I,07,직권말소,2018-06-20 11:44:11,,,2012-03-05,158-070,서울특별시 양천구 신정동 ***번지 *호 목마빌딩 *층,2012314011423200010,3140000,"서울특별시 양천구 신정중앙로 **, *층 (신정동, 목마빌딩)",,,04,취소/말소/만료/정지/중지,,,
,아모레카운셀러,,,187734.804380866,447125.503353306,2026-05-01 22:40:54,I,07,직권말소,2017-05-11 09:33:30,,,2012-03-05,,,2012314011423200011,3140000,"서울특별시 양천구 신정중앙로 **, *층 (신정동, 목마빌딩)",,,04,취소/말소/만료/정지/중지,,,
,아모레카운셀러,,,187734.804380866,447125.503353306,2026-05-01 22:40:54,I,07,직권말소,2017-05-11 09:32:57,,,2012-03-05,,,2012314011423200012,3140000,"서울특별시 양천구 신정중앙로 **, *층 (신정동, 목마빌딩)",,,04,취소/말소/만료/정지/중지,,,
,아모레카운셀러,,,187734.804380866,447125.503353306,2026-05-01 22:40:54,I,07,직권말소,2014-09-24 15:32:13,,,2012-03-19,,,2012314011423200016,3140000,"서울특별시 양천구 신정중앙로 ** (신정동, 목마빌딩*층)",,,04,취소/말소/만료/정지/중지,,,02-2691-6566
,아모레카운셀러,,,187734.804380866,447125.503353306,2026-05-01 22:40:54,I,07,직권말소,2014-09-24 15:31:43,,,2012-03-20,,,2012314011423200017,3140000,"서울특별시 양천구 신정중앙로 **, *층 (신정동, 목마빌딩)",,,04,취소/말소/만료/정지/중지,,,
,솔로몬미래,,,184972.561922366,447720.909007686,2026-05-01 22:40:54,I,07,직권말소,2014-09-24 15:36:53,,,2012-03-29,,,2012314011423200021,3140000,"서울특별시 양천구 남부순환로 ***, *층 (신월동)",,,04,취소/말소/만료/정지/중지,,,02-2607-7171
20000000,(주)에이엠지코퍼레이션,,20000000,188957.113121688,449325.917753825,2026-05-01 22:40:54,I,07,직권말소,2017-05-11 09:32:24,0,,2012-05-25,158-050,서울특별시 양천구 목동 ***번지 *호 한상빌딩 ***호,2012314011423200027,3140000,"서울특별시 양천구 목동중앙북로 *** (목동, 한상빌딩***호)",,,04,취소/말소/만료/정지/중지,,,02-6401-7111
50000000,주식회사 히든펫,,10000000,188051.138558242,449789.613381329,2026-05-01 22:40:54,I,01,정상영업,2023-03-31 09:56:31,20000000,,2012-06-11,,,2012314011423200028,3140000,서울특별시 양천구 공항대로 *** (목동),07946,,01,영업/정상,,,
40000000,주식회사  조은라이프,,10000000,188584.345447275,447255.070457495,2026-05-01 22:40:54,I,07,직권말소,2021-08-16 14:47:09,20000000,,2012-06-18,,,2012314011423200031,3140000,"서울특별시 양천구 목동동로 ***-*, ****호 (목동, 현대드림타워)",07995,,04,취소/말소/만료/정지/중지,,,02-2655-0184
,아모레 카운셀러,,,187734.804380866,447125.503353306,2026-05-01 22:40:54,I,07,직권말소,2014-09-24 15:35:41,,,2012-07-03,,,2012314011423200032,3140000,"서울특별시 양천구 신정중앙로 ** (신정동, 목마빌딩*층)",,,04,취소/말소/만료/정지/중지,,,02-2691-6566
,백옥생강서지사,,,188169.180124964,449701.802558519,2026-05-01 22:40:54,I,07,직권말소,2016-05-19 14:25:12,,,2012-07-13,158-050,서울특별시 양천구 목동,2012314011423200033,3140000,"서울특별시 양천구 공항대로 *** (목동, 목동대우마이빌 ***  ***  ***호)",,,04,취소/말소/만료/정지/중지,,,02-2641-9641
,아모레카운셀러,,,187734.804380866,447125.503353306,2026-05-01 22:40:54,I,07,직권말소,2018-06-20 11:43:41,,,2012-07-26,158-070,서울특별시 양천구 신정동 ***번지 *호 목마빌딩 *층,2012314011423200037,3140000,"서울특별시 양천구 신정중앙로 ** (신정동, 목마빌딩*층)",,,04,취소/말소/만료/정지/중지,,,
45000000,주식회사 정원이노베이션,,45000000,186476.324452116,447047.458911868,2026-05-01 22:40:54,I,07,직권말소,2016-05-19 14:24:18,0,,2012-08-09,158-090,서울특별시 양천구 신월동 ***번지 **호 *층,2012314011423200040,3140000,"서울특별시 양천구 중앙로 ***, *층 (신월동)",,,04,취소/말소/만료/정지/중지,,,1661-6333
,아가월드 목동교육센터,,,187823.500716444,447457.457884414,2026-05-01 22:40:54,I,01,정상영업,2012-10-25 15:58:52,,,2012-08-10,158-070,서울특별시 양천구 신정동 ***번지 *호,2012314011423200041,3140000,"서울특별시 양천구 국회대로 ***, ***호 (신정동, 제일빌딩)",,,01,영업/정상,,,
,피오레,,,186029.842700764,446381.661296222,2026-05-01 22:40:54,I,01,정상영업,2020-09-22 08:30:22,,,2012-09-11,,서울특별시 양천구 신월동 **** 삼익*차플라주아파트,2012314011423200044,3140000,"서울특별시 양천구 신월로 ***, ***호 (신월동, 삼익*차플라주아파트)",08030,,01,영업/정상,,,
,신토불이,,,188493.762740612,447213.539278579,2026-05-01 22:40:54,I,07,직권말소,2017-05-11 09:59:11,,,2012-09-19,158-051,서울특별시 양천구 목*동 ***번지 *호,2012314011423200046,3140000,"서울특별시 양천구 목동서로 ***, ****호 (목동, 예술인회관)",,,04,취소/말소/만료/정지/중지,,,
,해피월드,,,185222.73244302,447665.545654592,2026-05-01 22:40:54,I,07,직권말소,2014-09-24 15:36:16,,,2012-10-09,158-091,서울특별시 양천구 신월*동 ***번지 신월프라자 *층,2012314011423200048,3140000,"서울특별시 양천구 곰달래로*길 ** (신월동, 신월프라자 *층)",,,04,취소/말소/만료/정지/중지,,,02-2699-9233
,아모레카운셀러,,,187734.804380866,447125.503353306,2026-05-01 22:40:55,I,07,직권말소,2018-06-20 11:43:06,,,2012-11-07,158-070,서울특별시 양천구 신정동 ***번지 *호 목마빌딩 *층,2012314011423200052,3140000,"서울특별시 양천구 신정중앙로 ** (신정동, 목마빌딩 *층)",,,04,취소/말소/만료/정지/중지,,,02-2691-6566
,아모레카운셀러,,,187734.804380866,447125.503353306,2026-05-01 22:40:55,I,07,직권말소,2014-09-24 15:30:45,,,2012-11-07,158-070,서울특별시 양천구 신정동 ***번지 *호 목마빌딩 *층,2012314011423200054,3140000,"서울특별시 양천구 신정중앙로 ** (신정동, 목마빌딩 *층)",,,04,취소/말소/만료/정지/중지,,,02-2691-6566
0,순수라이프주식회사,,5000000,188953.066831076,447333.569187997,2026-05-01 22:40:55,I,07,직권말소,2020-08-09 14:22:59,0,,2012-11-09,158-050,서울특별시 양천구 목동 ***번지 *호 현대**타워 ****호,2012314011423200055,3140000,"서울특별시 양천구 목동동로 ***, ****호 (목동, 현대**타워)",,,04,취소/말소/만료/정지/중지,,,02-2062-0224
0,(주)나린기획,,10000000,188012.804745161,445428.447103333,2026-05-01 22:40:55,I,07,직권말소,2016-05-19 14:23:29,0,,2012-12-05,158-070,서울특별시 양천구 신정동 ***번지 양천아파트 ***동 ****호,2012314011423200058,3140000,"서울특별시 양천구 목동로*길 **, ***동 ****호 (신정동, 양천아파트)",,,04,취소/말소/만료/정지/중지,,,070-8803-4113
388995757,(주) 리더스아름다운,,500000000,187685.326784084,447234.539432618,2026-05-01 22:40:55,I,07,직권말소,2023-07-28 16:22:50,1365321810,,2013-01-04,,서울특별시 양천구 신정동 ***번지 **호 춘당아네시스 ***호,2013314011423200001,3140000,"서울특별시 양천구 신정중앙로**길 *, ***호 (신정동, 춘당아네시스 *층)",07938,,04,취소/말소/만료/정지/중지,,,1577-4175
,지훈텔레콤,,,188515.062536593,449126.242342399,2026-05-01 22:40:55,I,07,직권말소,2014-09-24 15:29:40,,,2013-01-15,158-050,서울특별시 양천구 목동 ***번지 **호 *층,2013314011423200004,3140000,"서울특별시 양천구 목동중앙본로 ** (목동, *층)",,,04,취소/말소/만료/정지/중지,,,
,선광홈쇼핑,,,187963.944297663,448547.75473225,2026-05-01 22:40:55,I,07,직권말소,2016-05-19 14:22:24,,,2013-01-28,158-050,서울특별시 양천구 목동 ***번지 *호 *층,2013314011423200006,3140000,"서울특별시 양천구 목동중앙남로**길 ** (목동, *층)",,,04,취소/말소/만료/정지/중지,,,02-2654-3020
,하이눈유통,,,,,2026-05-01 22:40:55,I,07,직권말소,2014-08-18 15:24:33,,,2013-01-30,158-864,서울특별시 양천구 신정*동 ****번지 *호,2013314011423200007,3140000,서울특별시 양천구 중앙로**길 *-** (신정동),,,04,취소/말소/만료/정지/중지,,,02-2699-7446
,곰신클래스,,,187386.630006056,446668.237760946,2026-05-01 22:40:55,I,07,직권말소,2014-09-24 15:29:03,,,2013-02-05,,,2013314011423200008,3140000,"서울특별시 양천구 신월로**길 * (신정동, *층)",,,04,취소/말소/만료/정지/중지,,,1600-9819
,아모레퍼시픽,,,187734.804380866,447125.503353306,2026-05-01 22:40:55,I,07,직권말소,2014-09-24 15:27:41,,,2013-02-07,,,2013314011423200010,3140000,"서울특별시 양천구 신정중앙로 ** (신정동, 목마빌딩*층)",,,04,취소/말소/만료/정지/중지,,,
,아모레퍼시픽,,,187734.804380866,447125.503353306,2026-05-01 22:40:55,I,07,직권말소,2017-05-11 09:31:20,,,2013-02-07,,,2013314011423200011,3140000,"서울특별시 양천구 신정중앙로 ** (신정동, 목마빌딩*층)",,,04,취소/말소/만료/정지/중지,,,
,현대신월판매대리점,,,184595.057261131,448424.445392537,2026-05-01 22:40:55,I,01,정상영업,2023-03-29 09:55:12,,,2013-02-25,,,2013314011423200014,3140000,서울특별시 양천구 남부순환로 *** (신월동),,,01,영업/정상,,,02-2605-4466
,아모레퍼시픽,,,187734.804380866,447125.503353306,2026-05-01 22:40:55,I,07,직권말소,2017-05-11 09:30:46,,,2013-04-04,,,2013314011423200020,3140000,"서울특별시 양천구 신정중앙로 ** (신정동, 목마빌딩*층)",,,04,취소/말소/만료/정지/중지,,,
,나이스테라 양천목동,,,187912.813394819,449438.91565468,2026-05-01 22:40:55,I,07,직권말소,2014-08-18 15:24:05,,,2013-04-23,,,2013314011423200023,3140000,"서울특별시 양천구 목동중앙북로*길 **, ***호 (목동, 아인스빌)",,,04,취소/말소/만료/정지/중지,,,02-2645-3368
300000000,주식회사 로렌츠강서양천,,0,185464.586725989,446714.49308267,2026-05-01 22:40:55,I,07,직권말소,2017-05-11 09:30:17,100000000,,2013-05-27,,,2013314011423200025,3140000,"서울특별시 양천구 남부순환로 ***, ***호 (신월동, 성창빌딩)",,,04,취소/말소/만료/정지/중지,,,
,세진통상,,,185655.470939279,446044.61586135,2026-05-01 22:40:55,I,01,정상영업,2016-11-18 16:25:50,,,2013-07-15,,,2013314011423200029,3140000,"서울특별시 양천구 신월로 ***, ***호 (신월동, 신중앙빌딩)",08047,,01,영업/정상,,,
,권주유통,,,184994.951717186,448203.33567287,2026-05-01 22:40:55,I,07,직권말소,2014-09-24 15:26:18,,,2013-08-08,,,2013314011423200031,3140000,"서울특별시 양천구 가로공원로 ***, *층 (신월동, 풍천빌딩)",,,04,취소/말소/만료/정지/중지,,,
,울타리 에프(F),,,187898.092971404,447235.471088768,2026-05-01 22:40:55,I,07,직권말소,2016-05-19 14:21:18,,,2006-10-16,158-070,서울특별시 양천구 신정동 ***번지 **호 ***호,2013314011423200035,3140000,"서울특별시 양천구 목동로 *** (신정동, *층***호)",,,04,취소/말소/만료/정지/중지,,,02-2617-7582
,올가라인,,,185943.512672581,446754.582920384,2026-05-01 22:40:55,I,07,직권말소,2023-07-28 16:24:54,,,2013-09-11,,,2013314011423200037,3140000,"서울특별시 양천구 오목로 **-**, ***동 ***호 (신월동, 신월동*차미소지움아파트)",,,04,취소/말소/만료/정지/중지,,,070-4095-6781
,아모레카운셀러,,,187734.804380866,447125.503353306,2026-05-01 22:40:55,I,07,직권말소,2018-06-20 11:42:25,,,2013-10-10,,,2013314016723200001,3140000,"서울특별시 양천구 신정중앙로 **, *층 (신정동, 목마빌딩)",,,04,취소/말소/만료/정지/중지,,,02-2691-6566
5000000,(주)오라스터디,,5000000,188247.971295413,449602.163833876,2026-05-01 22:40:55,I,07,직권말소,2016-05-19 14:20:16,0,,2013-11-29,,,2013314016723200007,3140000,"서울특별시 양천구 목동중앙북로 **-**, ***호 (목동, 초이스빌딩)",,,04,취소/말소/만료/정지/중지,,,02-6957-1145
,아모레,,,187734.804380866,447125.503353306,2026-05-01 22:40:56,I,07,직권말소,2017-05-11 09:29:46,,,2013-12-16,,,2013314016723200009,3140000,"서울특별시 양천구 신정중앙로 ** (신정동, 목마빌딩*층)",,,04,취소/말소/만료/정지/중지,,,02-2691-6566
,지스어페럴,,,187747.269972355,446977.224042389,2026-05-01 22:40:56,I,07,직권말소,2016-05-19 14:19:15,,,2014-02-13,,,2014314016723200006,3140000,서울특별시 양천구 목동로**길 ** (신정동),,,04,취소/말소/만료/정지/중지,,,
0,주식회사 다함내츄럴,,10000000,186861.841550692,446885.258091733,2026-05-01 22:40:56,I,07,직권말소,2016-05-19 14:18:26,0,,2014-03-03,,,2014314016723200009,3140000,"서울특별시 양천구 오목로 ***, ***호 (신정동, 클레버타워)",,,04,취소/말소/만료/정지/중지,,,02-2698-4960
,마리아쥬 결혼정보,,,188500.639656685,447270.178926895,2026-05-01 22:40:56,I,07,직권말소,2020-08-09 14:22:37,,,2013-07-01,,,2014314016723200011,3140000,"서울특별시 양천구 목동서로 ***, ***동 ***호 (목동)",,,04,취소/말소/만료/정지/중지,,,
,우성교역,,,187925.667553697,446739.797762899,2026-05-01 22:40:56,I,01,정상영업,2022-09-20 13:58:18,,,2014-04-21,,,2014314016723200014,3140000,"서울특별시 양천구 신월로 ***, ***호 (신정동, 남부빌딩)",,,01,영업/정상,,,02-2604-4228
,에버굿라이프서울지사,,,188059.919223272,449484.478081135,2026-05-01 22:40:56,I,07,직권말소,2016-05-19 14:17:26,,,2011-05-04,,,2014314016723200016,3140000,"서울특별시 양천구 목동중앙북로*길 **, *층 (목동)",,,04,취소/말소/만료/정지/중지,,,
,더고아지다,,,184638.292528411,447973.290696804,2026-05-01 22:40:56,I,07,직권말소,2018-06-20 11:41:52,,,2014-04-28,,,2014314016723200017,3140000,"서울특별시 양천구 남부순환로**길 **, *층 (신월동)",,,04,취소/말소/만료/정지/중지,,,
9197000,안동삼베판매주식회사,,10000000,185023.275606938,448276.441944257,2026-05-01 22:40:56,I,07,직권말소,2017-05-11 09:28:48,0,,2010-09-29,,,2014314016723200028,3140000,"서울특별시 양천구 가로공원로 ***, ***호 (신월동, 우리빌딩)",,,04,취소/말소/만료/정지/중지,,,26034806
20000000,새롬인터내셔널 주식회사,,0,187324.561350406,446982.136451416,2026-05-01 22:40:56,I,07,직권말소,2017-05-11 09:28:19,0,,2014-07-25,,,2014314016723200030,3140000,"서울특별시 양천구 오목로 ***, *층 (신정동, 평화빌딩)",,,04,취소/말소/만료/정지/중지,,,02-2608-6981
200000000,주식회사 히든투어,,200000000,188051.138558242,449789.613381329,2026-05-01 22:40:56,I,01,정상영업,2023-04-12 16:04:43,0,,2015-03-04,,서울특별시 양천구 목동 ***번지 *호,2015314016723200005,3140000,"서울특별시 양천구 공항대로 ***, *층 ***호 (목동)",07946,,01,영업/정상,,,02-2695-9952
30000000,주식회사 에듀뮤즈,,30000000,187807.756910957,446964.183385498,2026-05-01 22:40:57,I,07,직권말소,2019-05-22 10:52:49,0,,2015-03-05,,,2015314016723200006,3140000,"서울특별시 양천구 목동로**길 **, *층 (신정동)",,,04,취소/말소/만료/정지/중지,,,02-2605-0117
,레드엔쓰리에스,,,188618.911096586,446384.264683214,2026-05-01 22:40:57,I,07,직권말소,2017-05-11 09:27:48,,,2015-03-23,,,2015314016723200009,3140000,"서울특별시 양천구 신목로*길 *, *층 ***호 (신정동, 코리아주유소)",,,04,취소/말소/만료/정지/중지,,,1588-2461
,아빠가게,,,186916.731021501,447066.04725543,2026-05-01 22:40:57,I,07,직권말소,2017-05-11 09:27:23,,,2015-03-23,,,2015314016723200010,3140000,서울특별시 양천구 중앙로**길 **-* (신정동),,,04,취소/말소/만료/정지/중지,,,
,올가스스킨케어,,,188867.732551777,446503.375616304,2026-05-01 22:40:57,I,07,직권말소,2017-05-11 09:26:56,,,2015-04-02,,,2015314016723200013,3140000,"서울특별시 양천구 신목로**길 **, *층 (신정동)",,,04,취소/말소/만료/정지/중지,,,
,해피목3동대리점,,,187908.611455619,448799.30868012,2026-05-01 22:40:57,I,07,직권말소,2016-05-19 14:13:48,,,2015-04-13,,,2015314016723200015,3140000,"서울특별시 양천구 목동중앙남로*가길 ***, ***호 (목동, 상진지오밸리)",,,04,취소/말소/만료/정지/중지,,,02-2061-0863
109000000,주식회사 이에스피씨 (ESPC),,50000000,188953.066831076,447333.569187997,2026-05-01 22:40:57,I,01,정상영업,2015-10-14 18:06:44,93000000,,2015-04-16,,,2015314016723200018,3140000,"서울특별시 양천구 목동동로 ***, ****호 (목동, 현대**타워)",,,01,영업/정상,,,02-1661-5925
50000000,주식회사 이엠에스티케이,,50000000,188401.228780666,447086.38771213,2026-05-01 22:40:57,I,07,직권말소,2019-05-22 10:51:59,0,,2015-05-22,,,2015314016723200021,3140000,"서울특별시 양천구 목동서로 ***, 지하층 (목동, 공조빌딩)",,,04,취소/말소/만료/정지/중지,,,02-2062-0998
,홍선생미술 양천지사,,,188493.762740612,447213.539278579,2026-05-01 22:40:57,I,01,정상영업,2020-07-23 18:12:57,,,2015-06-17,,서울특별시 양천구 목동 ***-* 예술인회관,2015314016723200023,3140000,"서울특별시 양천구 목동서로 ***, 예술인회관 ****호 (목동)",07995,,01,영업/정상,,,02-2691-3375
300000000,주식회사 에스엘피,,300000000,186328.239528788,446559.442001815,2026-05-01 22:40:57,I,07,직권말소,2017-05-11 09:26:26,0,,2015-09-04,,,2015314016723200028,3140000,"서울특별시 양천구 신월로 ***, ***호 (신월동, 세주빌딩)",08062,,04,취소/말소/만료/정지/중지,,,
,제이케이 코스메틱,,,185253.269274104,447343.728167879,2026-05-01 22:40:57,I,07,직권말소,2020-08-09 14:22:07,,,2015-10-02,,,2015314016723200031,3140000,"서울특별시 양천구 곰달래로*길 **, *동 ***호 (신월동, 성원아파트)",07924,,04,취소/말소/만료/정지/중지,,,070-4950-7596
,웰빙하우스,,,185927.652519671,446155.14326358,2026-05-01 22:40:57,I,07,직권말소,2020-08-09 14:21:34,,,2014-10-28,,,2015314016723200033,3140000,"서울특별시 양천구 신월로 ***, *층 (신월동)",08064,,04,취소/말소/만료/정지/중지,,,
,다온네일,,,188494.598982992,447318.660520705,2026-05-01 22:40:57,I,07,직권말소,2023-07-28 16:23:13,,,2015-11-18,,,2015314016723200035,3140000,"서울특별시 양천구 목동서로 ***, *층 ***호 (목동, 세신비젼프라자)",07995,,04,취소/말소/만료/정지/중지,,,
,아모레 카운셀러,,,187734.804380866,447125.503353306,2026-05-01 22:40:57,I,07,직권말소,2020-08-09 14:21:05,,,2015-11-23,,,2015314016723200036,3140000,"서울특별시 양천구 신정중앙로 **, *,*층 (신정동, 목마빌딩)",07945,,04,취소/말소/만료/정지/중지,,,
300000000,(주) 히든마케팅컴퍼니,,200000000,188051.138558242,449789.613381329,2026-05-01 22:40:57,I,01,정상영업,2021-04-19 14:10:49,0,,2015-11-26,,서울특별시 양천구 목동 ***-*,2015314016723200041,3140000,"서울특별시 양천구 공항대로 ***, ***호 (목동)",07946,,01,영업/정상,,,02-2695-9952
,신목동대리점,,,187922.211864511,449706.807437882,2026-05-01 22:40:57,I,07,직권말소,2017-05-11 09:25:56,,,2015-12-16,,,2015314016723200044,3140000,"서울특별시 양천구 등촌로 ***, *층 ***호 (목동)",07946,,04,취소/말소/만료/정지/중지,,,02-2649-3232
,하이드로젠,,,184554.906476627,446672.574103595,2026-05-01 22:40:58,I,07,직권말소,2020-08-09 14:20:32,,,2016-02-05,,,2016314016723200007,3140000,"서울특별시 양천구 지양로**길 **-*, *층 *호 (신월동)",08036,,04,취소/말소/만료/정지/중지,,,02-2692-2145
,케이지시(KGC) 이체 신월대리점,,,185227.352414916,448600.814059761,2026-05-01 22:40:56,I,04,직권취소,2015-01-06 15:41:55,,2014-12-31,2014-06-05,,,2014314016723200020,3140000,"서울특별시 양천구 화곡로 ***, *층 (신월동)",,,04,취소/말소/만료/정지/중지,,,
,아모레 카운셀러,,,187734.804380866,447125.503353306,2026-05-01 22:40:56,I,07,직권말소,2017-05-11 09:29:20,,,2014-06-11,,,2014314016723200021,3140000,"서울특별시 양천구 신정중앙로 **, *층 (신정동, 목마빌딩)",,,04,취소/말소/만료/정지/중지,,,
,아모레 카운셀러,,,187734.804380866,447125.503353306,2026-05-01 22:40:56,I,07,직권말소,2018-06-20 11:41:22,,,2014-06-11,,,2014314016723200022,3140000,"서울특별시 양천구 신정중앙로 **, *층 (신정동, 목마빌딩)",,,04,취소/말소/만료/정지/중지,,,02-2691-6566
,아모레퍼시픽,,,187734.804380866,447125.503353306,2026-05-01 22:40:56,I,07,직권말소,2016-05-19 14:16:06,,,2014-06-11,,,2014314016723200023,3140000,"서울특별시 양천구 신정중앙로 **, *층 (신정동, 목마빌딩)",,,04,취소/말소/만료/정지/중지,,,02-2691-6566
,아모레 카운셀러,,,187734.804380866,447125.503353306,2026-05-01 22:40:56,I,07,직권말소,2016-05-19 14:15:12,,,2014-06-11,,,2014314016723200024,3140000,"서울특별시 양천구 신정중앙로 **, *층 (신정동, 목마빌딩)",,,04,취소/말소/만료/정지/중지,,,02-2691-6566
90000000,(주)우리관광,,90000000,185023.275606938,448276.441944257,2026-05-01 22:40:56,I,01,정상영업,2014-07-01 10:56:09,0,,2012-05-03,,,2014314016723200027,3140000,"서울특별시 양천구 가로공원로 ***, *층 (신월동, 우리빌딩)",,,01,영업/정상,,,02-1644-9645
,에치와이 오류점,,,186101.064351266,444982.894549103,2026-05-01 22:40:59,I,01,정상영업,2021-05-10 17:38:09,,,2017-11-08,,서울특별시 양천구 신정동 ***번지 **호,2017314016723200023,3140000,"서울특별시 양천구 남부순환로 ***, *층 (신정동)",08110,,01,영업/정상,,,02-2681-4322
286563462,주식회사 뉴로바이오로직스,,300000000,188871.512837973,447348.13213342,2026-05-01 22:40:59,I,05,타시군구이관,2021-12-17 13:18:15,5942276,,2017-11-22,,서울특별시 양천구 목동 ***번지 *호,2017314016723200025,3140000,"서울특별시 양천구 목동서로 ***-*, **층 *호 (목동, CBS빌딩)",07997,,05,제외/삭제/전출,,,02-3411-8600
,우유 신월점,,,185814.943214131,446286.211801471,2026-05-01 22:40:59,I,01,정상영업,2022-11-28 09:04:52,,,2018-02-12,,서울특별시 양천구 신월동 ***번지 *호,2018314016723200002,3140000,"서울특별시 양천구 신월로**길 **, *층 (신월동)",08031,,01,영업/정상,,,02-2692-5522
,코어송,,,185404.035347229,447946.771287624,2026-05-01 22:40:59,I,07,직권말소,2020-08-09 14:19:19,,,2018-03-13,,서울특별시 양천구 신월동 ***번지 **호,2018314016723200006,3140000,서울특별시 양천구 월정로**길 * (신월동),07919,,04,취소/말소/만료/정지/중지,,,02-2604-0045
,에치와이 신목점,,,187621.684173693,446556.014184112,2026-05-01 22:40:59,I,01,정상영업,2021-04-29 17:23:08,,,2013-02-13,,서울특별시 양천구 신정동 ****번지 **호,2018314016723200008,3140000,서울특별시 양천구 은행정로*길 * (신정동),08087,,01,영업/정상,,,02-2645-1955
,양천구녹즙,,,186863.377732813,447249.141270644,2026-05-01 22:40:59,I,07,직권말소,2023-07-28 16:24:19,,,2018-04-24,,서울특별시 양천구 신정동 ***번지 *호,2018314016723200011,3140000,"서울특별시 양천구 신정중앙로*길 *, *층 ***호 (신정동)",07941,,04,취소/말소/만료/정지/중지,,,
,착한보험 김보장,,,186381.620251606,447116.522742619,2026-05-01 22:40:59,I,07,직권말소,2020-08-09 14:18:53,,,2018-05-29,,서울특별시 양천구 신월동 ***번지 *호 태진아파트,2018314016723200015,3140000,"서울특별시 양천구 중앙로**길 **, ***호 (신월동, 태진아파트)",07932,,04,취소/말소/만료/정지/중지,,,070-8880-3779
,하나에너지,,,187359.728257668,447148.402312486,2026-05-01 22:40:59,I,07,직권말소,2019-05-22 10:49:15,,,2018-08-08,,서울특별시 양천구 신정동 ***번지 *호 아줄리움,2018314016723200016,3140000,"서울특별시 양천구 중앙로**길 **, ***호 (신정동, 아줄리움)",07944,,04,취소/말소/만료/정지/중지,,,
,생각비타민과학동산,,,187587.063452976,446444.996171878,2026-05-01 22:40:59,I,01,정상영업,2020-12-21 22:31:07,,,2006-12-11,,서울특별시 양천구 신정동 ****번지 *호,2018314016723200019,3140000,"서울특별시 양천구 중앙로**길 **, *층 ***호 (신정동)",08087,,01,영업/정상,,,02-2693-4664
50000000,히든보청기 강서지사,,100000000,187922.211864511,449706.807437882,2026-05-01 22:40:59,I,01,정상영업,2018-09-20 17:49:07,50000000,,2018-09-20,,서울특별시 양천구 목동 ***번지 *호,2018314016723200020,3140000,"서울특별시 양천구 등촌로 ***, *층 ***호,***호 (목동)",07946,,01,영업/정상,,,
,하늘보물,,,185668.776573082,446026.86028145,2026-05-01 22:40:59,I,07,직권말소,2023-07-28 16:23:32,,,2018-09-20,,서울특별시 양천구 신월동 ****번지 *호,2018314016723200021,3140000,"서울특별시 양천구 남부순환로**길 *, *층 ***호 (신월동)",08047,,04,취소/말소/만료/정지/중지,,,02-2602-9754
,금강시스템,,,,,2026-05-01 22:40:58,I,07,직권말소,2019-05-22 10:51:27,,,2016-04-01,,,2016314016723200008,3140000,서울특별시 양천구 달맞이길 ** (신월동),08067,,04,취소/말소/만료/정지/중지,,,02-2697-1269
,아모레퍼시픽,,,187734.804380866,447125.503353306,2026-05-01 22:40:58,I,07,직권말소,2019-05-22 10:50:55,,,2016-04-26,,,2016314016723200009,3140000,"서울특별시 양천구 신정중앙로 **, *,*층 (신정동, 목마빌딩)",07945,,04,취소/말소/만료/정지/중지,,,02-2691-6566
,케이커피(k-coffee),,,186013.155449316,445818.76842132,2026-05-01 22:40:58,I,07,직권말소,2017-05-11 09:25:22,,,2016-05-23,,,2016314016723200011,3140000,"서울특별시 양천구 남부순환로**길 **, ***동 *층 *호 (신월동, 대주파크빌)",08080,,04,취소/말소/만료/정지/중지,,,
15000000000,엘디씨 영어영농 조합법인,,0,188417.626361863,449418.483631523,2026-05-01 22:40:58,I,07,직권말소,2018-06-20 11:40:56,0,,2016-06-01,,,2016314016723200012,3140000,"서울특별시 양천구 목동중앙북로 **, ***호 (목동, 외*필지 ***호~***호)",07949,,04,취소/말소/만료/정지/중지,,,
,꽁티앤씨 (꽁T&C),,,188472.759197224,447091.855963511,2026-05-01 22:40:58,I,07,직권말소,2019-05-22 10:50:26,,,2016-08-03,,,2016314016723200017,3140000,"서울특별시 양천구 오목로 ***, ***동 ***호 (목동, 목동트라팰리스이스턴에비뉴상가)",08001,,04,취소/말소/만료/정지/중지,,,02-2644-4011
,자연과 건강미,,,186305.65507508,446414.484668122,2026-05-01 22:40:58,I,07,직권말소,2019-05-22 10:49:56,,,2016-09-21,,,2016314016723200019,3140000,"서울특별시 양천구 신월로**길 **-**, ***호 (신월동, 유림아파트)",08063,,04,취소/말소/만료/정지/중지,,,
50000000,(주)보국이엔씨,,50000000,185375.337957824,445715.865559168,2026-05-01 22:40:58,I,01,정상영업,2016-11-18 16:22:19,0,,2016-11-18,,,2016314016723200022,3140000,"서울특별시 양천구 신정로*길 **, 상가지층 *호 (신정동)",08048,,01,영업/정상,,,02-865-0113
,라온제나,,,188103.234482327,449586.974248859,2026-05-01 22:40:58,I,07,직권말소,2017-05-11 09:07:58,,,2016-07-18,,,2016314016723200023,3140000,서울특별시 양천구 목동중앙북로 ** (목동),07946,,04,취소/말소/만료/정지/중지,,,032-684-9951
,양천상하목장DS대리점,,,185333.837604066,444854.165988454,2026-05-01 22:40:58,I,01,정상영업,2023-04-05 19:47:11,,,2017-06-28,,서울특별시 양천구 신정동 **** 신정숲속마을,2017314016723200014,3140000,"서울특별시 양천구 신정로 ***, 상가동 ***호 (신정동, 신정숲속마을)",08111,,01,영업/정상,,,
400000000,기아 남부법원대리점,,,187604.375619292,446626.723697408,2026-05-01 22:40:59,I,01,정상영업,2021-08-25 13:41:27,250000000,,2017-08-21,,서울특별시 양천구 신정동 ****-*,2017314016723200020,3140000,"서울특별시 양천구 신월로 ***, *층 (신정동)",08087,,01,영업/정상,,,
249196159,주식회사 그린코리아,,247024469,187852.583786006,449382.734704964,2026-05-01 22:40:59,I,07,직권말소,2020-08-09 14:20:01,2168690,,2017-09-18,,,2017314016723200022,3140000,"서울특별시 양천구 목동중앙북로*라길 **, *층 (목동)",07950,,04,취소/말소/만료/정지/중지,,,080-300-0030
20,비볼코리아,,3,188818.834500793,446711.238421156,2026-05-01 22:40:59,I,01,정상영업,2024-07-17 10:38:14,10,,2018-11-16,,서울특별시 양천구 신정동 **-*,2018314016723200023,3140000,"서울특별시 양천구 신목로 **, *층 ***호 (신정동)",08010,,01,영업/정상,,,02-2655-2288
,미즈올리브 수소이야기,,,187330.934717886,447028.458459502,2026-05-01 22:40:59,I,07,직권말소,2020-08-09 14:18:14,,,2018-11-23,,서울특별시 양천구 신정동 ***번지 **호,2018314016723200024,3140000,"서울특별시 양천구 오목로 ***, ***,***호 (신정동)",07944,,04,취소/말소/만료/정지/중지,,,02-2690-0041
,녹십초(신목),,,187948.632865405,448096.663133492,2026-05-01 22:40:59,I,01,정상영업,2024-04-02 15:12:10,,,2019-01-09,,서울특별시 양천구 목동 ***-**,2019314016723200003,3140000,"서울특별시 양천구 목동중앙서로*나길 **-**, 나동 ***호 (목동)",07965,,01,영업/정상,,,02-2062-7772
,인셀덤,,,188587.402908565,449205.223386996,2026-05-01 22:40:59,I,07,직권말소,2020-08-09 14:16:23,,,2019-04-18,,서울특별시 양천구 목동 ***번지 **호,2019314016723200009,3140000,"서울특별시 양천구 목동중앙본로**가길 **, *층 (목동)",07973,,04,취소/말소/만료/정지/중지,,,
1,주식회사 한울이앤지,,1,187259.825141786,446696.045649754,2026-05-01 22:40:59,I,01,정상영업,2021-11-08 09:05:09,1,,2019-05-03,,서울특별시 양천구 신정동 ***-*,2019314016723200010,3140000,"서울특별시 양천구 오목로**길 **, *층 (신정동)",08027,,01,영업/정상,,,
,이레네뷰티,,,185602.34091368,446375.762284772,2026-05-01 22:41:00,I,07,직권말소,2020-08-09 14:15:29,,,2019-02-25,,서울특별시 양천구 신월동 ***번지 *호,2019314016723200014,3140000,"서울특별시 양천구 남부순환로 ***, 지하* *호 (신월동)",08041,,04,취소/말소/만료/정지/중지,,,
,유니트론 보청기,,,188169.180124964,449701.802558519,2026-05-01 22:41:00,I,01,정상영업,2019-07-04 15:16:06,,,2019-07-04,,서울특별시 양천구 목동 ***번지 *호 목동대우마이빌,2019314016723200016,3140000,"서울특별시 양천구 공항대로 ***, 목동대우마이빌 ***호 (목동)",07946,,01,영업/정상,,,02-2644-4415
,인셀덤 물광언니,,,186063.719591296,446422.89071855,2026-05-01 22:41:00,I,07,직권말소,2023-07-28 16:23:59,,,2020-01-10,,서울특별시 양천구 신월동 ***번지 *호 시티빌,2020314016723200001,3140000,"서울특별시 양천구 남부순환로**길 **, A동 ***호 (신월동, 시티빌)",08030,,04,취소/말소/만료/정지/중지,,,
1361000000,와짱 주식회사,,440000000,186974.87952818,446413.091577041,2026-05-01 22:41:00,I,01,정상영업,2020-02-20 14:26:08,845000000,,2004-12-15,,서울특별시 양천구 신정동 ****번지 *호 메디바이오플렉스,2020314016723200004,3140000,"서울특별시 양천구 중앙로 ***, 메디바이오플렉스 *층 ***호 (신정동)",08082,,01,영업/정상,,,031-469-7942
,에치와이 등촌점,,,188470.542642072,449004.136808271,2026-05-01 22:41:00,I,01,정상영업,2021-05-03 17:31:00,,,2020-03-02,,서울특별시 양천구 목동 **번지 **호 효성유치원,2020314016723200007,3140000,"서울특별시 양천구 목동중앙본로 **, 효성유치원 지하*층,지상*층 (목동)",07974,,01,영업/정상,,,02-2061-4414
,이레네뷰티,,,184736.040080399,448556.977123604,2026-05-01 22:41:00,I,07,직권말소,2021-08-16 14:46:50,,,2020-05-18,,서울특별시 양천구 신월동 **번지 *호,2020314016723200009,3140000,"서울특별시 양천구 화곡로 **, 지하 (신월동)",07904,,04,취소/말소/만료/정지/중지,,,
2229273966,에이치앤티자산(주),,247049099,188953.066831076,447333.569187997,2026-05-01 22:41:00,I,01,정상영업,2020-05-20 15:53:23,1982224867,,2020-05-20,,서울특별시 양천구 목동 ***번지 *호 현대**타워,2020314016723200010,3140000,"서울특별시 양천구 목동동로 ***, 현대**타워 ****-*호 (목동)",07997,,01,영업/정상,,,
,에이스통신,,,186852.153851552,446714.974104065,2026-05-01 22:41:00,I,01,정상영업,2020-08-20 13:37:41,,,2020-07-17,,서울특별시 양천구 신정동 ***-** 명성빌딩,2020314016723200012,3140000,"서울특별시 양천구 중앙로 ***, 명성빌딩 *층 **호 (신정동)",08026,,01,영업/정상,,,
,시온 네트웍스,,,188417.626361863,449418.483631523,2026-05-01 22:41:00,I,05,타시군구이관,2021-12-17 13:19:25,,,2020-08-05,,서울특별시 양천구 목동 ***-* 신화타워아파트,2020314016723200013,3140000,"서울특별시 양천구 목동중앙북로 **, ***호 (목동, 신화타워아파트)",07949,,05,제외/삭제/전출,,,
,로샤(화곡점),,,188587.473977427,448953.747778027,2026-05-01 22:41:00,I,01,정상영업,2020-11-09 20:00:44,,,2019-10-16,,서울특별시 양천구 목동 **,2020314016723200017,3140000,"서울특별시 양천구 목동중앙본로**길 **-*, ***호 (목동)",07974,,01,영업/정상,,,
,한빛라이프,,,185692.551545586,447374.522041433,2026-05-01 22:41:00,I,01,정상영업,2020-11-03 09:43:10,,,2020-11-02,,서울특별시 양천구 신월동 ***-* 신목동샤르망오피스텔,2020314016723200018,3140000,"서울특별시 양천구 월정로 ***, 신목동샤르망오피스텔 *층 ***호 (신월동)",07925,,01,영업/정상,,,02-2602-0999
350220000,주식회사 다옴아이티,,300110000,186723.502831215,445569.639465968,2026-05-01 22:41:00,I,01,정상영업,2020-12-04 10:06:50,50110000,,2020-08-14,,서울특별시 양천구 신정동 **** 양천벤처타운,2020314016723200020,3140000,"서울특별시 양천구 신정로 ***, 양천벤처타운 ***호 (신정동)",08079,,01,영업/정상,,,070-8672-3070
,바른녹즙,,,187532.988879721,446997.146360892,2026-05-01 22:41:00,I,01,정상영업,2021-01-27 13:36:23,,,2021-01-27,,서울특별시 양천구 신정동 ***-**,2021314016723200002,3140000,"서울특별시 양천구 목동로**길 **, *층 (신정동)",08021,,01,영업/정상,,,
,아이지미술,,,187338.380750621,447200.019809863,2026-05-01 22:41:00,I,01,정상영업,2021-02-17 09:03:36,,,2021-02-04,,서울특별시 양천구 신정동 ***-*,2021314016723200003,3140000,"서울특별시 양천구 신정중앙로 **, *층 ***호 (신정동)",07944,,01,영업/정상,,,
,윤선생 스마트랜드 양천센터,,,188039.543424546,446149.197185122,2026-05-01 22:41:00,I,01,정상영업,2021-11-10 16:06:40,,,2021-03-03,,서울특별시 양천구 신정동 ***-* 센트럴프라자,2021314016723200005,3140000,"서울특별시 양천구 목동서로 ***, 센트럴프라자 ****호 (신정동)",08095,,01,영업/정상,,,
,양천독일보청기,,,186990.07041522,446176.810389121,2026-05-01 22:41:00,I,01,정상영업,2026-04-08 16:24:40,,,2021-03-25,,서울특별시 양천구 신정동 ****-**,2021314016723200006,3140000,"서울특별시 양천구 중앙로 ***, ***호 (신정동)",08073,,01,영업/정상,,,
,마블 사이언픽,,,188012.804745161,445428.447103333,2026-05-01 22:41:01,I,01,정상영업,2022-07-25 16:28:54,,,2022-07-25,,서울특별시 양천구 신정동 *** 양천아파트,2022314016723200009,3140000,"서울특별시 양천구 목동로*길 **, ***동 ****호 (신정동, 양천아파트)",08100,,01,영업/정상,,,
,코웨이 라이프케어 대리점,,,187605.245515408,447362.509580094,2026-05-01 22:41:01,I,01,정상영업,2024-06-11 14:32:09,,,2022-09-06,,서울특별시 양천구 신정동 ***-**,2022314016723200011,3140000,"서울특별시 양천구 목동로**길 **-*, ***호 (신정동)",07938,,01,영업/정상,,,
,코웨이 모두 솔루션 대리점,,,187605.245515408,447362.509580094,2026-05-01 22:41:01,I,01,정상영업,2022-09-06 18:00:48,,,2022-09-06,,서울특별시 양천구 신정동 ***-**,2022314016723200012,3140000,"서울특별시 양천구 목동로**길 **-*, 제*층 ***호 (신정동)",07938,,01,영업/정상,,,
,코웨이 더나눔 대리점,,,187605.245515408,447362.509580094,2026-05-01 22:41:01,I,01,정상영업,2022-09-06 18:01:12,,,2022-09-06,,서울특별시 양천구 신정동 ***-**,2022314016723200014,3140000,"서울특별시 양천구 목동로**길 **-*, ***호 (신정동)",07938,,01,영업/정상,,,
,르노코리아자동차 양천대리점,,,184960.761215012,447887.342839897,2026-05-01 22:41:00,I,01,정상영업,2022-04-06 16:49:51,,,2021-04-23,,서울특별시 양천구 신월동 ***-* 라온미브아파트,2021314016723200007,3140000,"서울특별시 양천구 남부순환로 ***, *층 (신월동, 라온미브아파트)",07920,,01,영업/정상,,,02-2138-7990
0,주식회사 에스에스바이오제약,,25000000,186950.543605393,446919.002226231,2026-05-01 22:41:00,I,01,정상영업,2023-03-29 19:21:04,0,,2020-07-08,,서울특별시 양천구 신정동 ***-*,2021314016723200008,3140000,"서울특별시 양천구 오목로 ***, ***호 (신정동)",08019,,01,영업/정상,,,
,키위픽,,,185222.73244302,447665.545654592,2026-05-01 22:41:00,I,01,정상영업,2021-06-16 19:06:20,,,2019-12-18,,서울특별시 양천구 신월동 *** 신월프라자,2021314016723200009,3140000,"서울특별시 양천구 곰달래로*길 **, 신월프라자 ***,***호 (신월동)",07921,,01,영업/정상,,,070-8743-1001
,지포스(GPOS),,,185262.549915212,447697.991450374,2026-05-01 22:41:00,I,01,정상영업,2021-06-16 12:03:59,,,2021-06-16,,서울특별시 양천구 신월동 ***-**,2021314016723200010,3140000,"서울특별시 양천구 곰달래로*길 **-*, 지층 (신월동)",07923,,01,영업/정상,,,02-2697-1110
300000000,㈜히든레져산업,,100000000,188051.138558242,449789.613381329,2026-05-01 22:41:00,I,01,정상영업,2021-06-18 14:03:08,0,,2021-06-18,,서울특별시 양천구 목동 ***-*,2021314016723200012,3140000,"서울특별시 양천구 공항대로 ***, ***호 (목동)",07946,,01,영업/정상,,,02-2695-9952
7070979628,(주) 종로아카데미,,5176627000,188309.626961151,446993.871604846,2026-05-01 22:41:00,I,01,정상영업,2026-04-13 14:04:35,8796953375,,2007-08-30,,서울특별시 양천구 목동 ***-*** 서원빌딩,2021314016723200014,3140000,"서울특별시 양천구 오목로 ***, 서원빌딩 *층 (목동)",08003,,01,영업/정상,,,070-7455-6330
53000000,㈜조은메딕스,,50000000,188818.834500793,446711.238421156,2026-05-01 22:41:00,I,01,정상영업,2024-07-30 14:27:58,0,,2021-07-22,,서울특별시 양천구 신정동 **-*,2021314016723200016,3140000,"서울특별시 양천구 신목로 **, *층 ***호 (신정동)",08010,,01,영업/정상,,,
,백옥생 광주지사,,,188146.152793151,445081.396522145,2026-05-01 22:41:00,I,01,정상영업,2021-07-30 17:38:12,,,2008-04-17,,서울특별시 양천구 신정동 *** 목동*차우성아파트,2021314016723200018,3140000,"서울특별시 양천구 목동남로*길 *-**, ***동 ***호 (신정동, 목동*차우성아파트)",08104,,01,영업/정상,,,031-763-6404
,아모레카운셀러,,,187734.804380866,447125.503353306,2026-05-01 22:41:01,I,01,정상영업,2021-08-11 17:06:04,,,2021-08-11,,서울특별시 양천구 신정동 ***-* 목마빌딩,2021314016723200020,3140000,"서울특별시 양천구 신정중앙로 **, 목마빌딩 *층 (신정동)",07945,,01,영업/정상,,,
,고운샾 인셀덤,,,186321.49271901,446812.700870097,2026-05-01 22:41:01,I,01,정상영업,2021-08-20 10:49:30,,,2021-08-19,,서울특별시 양천구 신월동 ***-**,2021314016723200021,3140000,"서울특별시 양천구 오목로**길 *, *층 (신월동)",07935,,01,영업/정상,,,
,사랑메디컬,,,188248.45432693,447406.301288366,2026-05-01 22:41:01,I,01,정상영업,2021-09-26 15:40:33,,,2021-09-27,,서울특별시 양천구 목동 *** 목동신시가지아파트*단지,2021314016723200022,3140000,"서울특별시 양천구 목동로 ***, ***동 ***호 (목동, 목동신시가지아파트*단지)",07993,,01,영업/정상,,,
,화 디자인아트,,,186782.731219131,447222.22451585,2026-05-01 22:41:01,I,01,정상영업,2021-11-09 09:38:21,,,2013-07-02,,서울특별시 양천구 신정동 ***-**,2021314016723200025,3140000,"서울특별시 양천구 신정중앙로*길 **-*, *층 (신정동)",07941,,01,영업/정상,,,02-2611-8532
,다이너스,,,184996.592192739,447587.094713723,2026-05-01 22:41:01,I,01,정상영업,2021-11-26 18:06:23,,,2021-11-29,,서울특별시 양천구 신월동 ***-*,2021314016723200026,3140000,"서울특별시 양천구 남부순환로**길 *, *층 ***호 (신월동)",07915,,01,영업/정상,,,02-2607-8484
,조이피스,,,188778.717365903,446362.016349315,2026-05-01 22:41:01,I,01,정상영업,2021-12-01 18:03:18,,,2021-12-02,,서울특별시 양천구 신정동 ***-**,2021314016723200027,3140000,"서울특별시 양천구 신목로*길 *, *층 (신정동)",08015,,01,영업/정상,,,
,그라찌에,,,188180.773985654,445216.899831188,2026-05-01 22:41:01,I,01,정상영업,2021-12-01 18:03:59,,,2021-12-02,,서울특별시 양천구 신정동 ***-**,2021314016723200028,3140000,"서울특별시 양천구 목동남로*길 **, *층 (신정동)",08104,,01,영업/정상,,,
,목원,,,184971.290324023,445601.995865959,2026-05-01 22:41:01,I,01,정상영업,2021-12-13 10:32:42,,,2021-12-14,,서울특별시 양천구 신정동 **** 신정이펜하우스*단지,2021314016723200029,3140000,"서울특별시 양천구 신정이펜*로 **, ***동 ***호 (신정동, 신정이펜하우스*단지)",08050,,01,영업/정상,,,
,휴대폰 아울렛,,,187092.286155416,447007.584532437,2026-05-01 22:41:01,I,01,정상영업,2022-06-20 16:41:58,,,2022-06-20,,서울특별시 양천구 신정동 ***-**,2022314016723200005,3140000,"서울특별시 양천구 오목로 ***-*, ***호 (신정동)",07943,,01,영업/정상,,,
,은아녹즙,,,186679.515116362,447124.449385415,2026-05-01 22:41:01,I,01,정상영업,2022-10-18 17:39:12,,,2022-10-18,,서울특별시 양천구 신정동 ***-*,2022314016723200016,3140000,"서울특별시 양천구 중앙로 ***, 일광빌딩 *층 ***호 (신정동)",07942,,01,영업/정상,,,
15742093544,(주) 케이투정보통신,,9189439645,186692.093490005,446745.6835114,2026-05-01 22:41:01,I,01,정상영업,2023-04-24 17:25:56,6552653899,,2022-12-13,,서울특별시 양천구 신월동 ***-**,2022314016723200017,3140000,"서울특별시 양천구 중앙로**길 **-**, ***호 (신월동)",08028,,01,영업/정상,,,02-2693-8400
,현대목동역판매대리점,,,187587.553792566,447206.026219869,2026-05-01 22:41:01,I,01,정상영업,2022-12-21 17:37:27,,,2022-12-21,,서울특별시 양천구 신정동 ***-*,2022314016723200018,3140000,"서울특별시 양천구 신정중앙로 **, *층 (신정동)",07938,,01,영업/정상,,,
0,주식회사 이슬비,,100000000,187147.122565712,446555.544194408,2026-05-01 22:41:01,I,01,정상영업,2023-01-12 09:49:05,0,,2023-01-12,,서울특별시 양천구 신정동 ****-** 에비앙빌딩,2023314016723200001,3140000,"서울특별시 양천구 신월로 ***, *층 ***호 (신정동, 에비앙빌딩)",08082,,01,영업/정상,,,02-2646-8079
,참 편한 보청기 신월점,,,186020.509761348,446940.326860903,2026-05-01 22:41:01,I,01,정상영업,2023-02-01 21:14:34,,,2023-02-01,,서울특별시 양천구 신월동 ***-* 경창프라자,2023314016723200002,3140000,"서울특별시 양천구 중앙로**길 **, 경창프라자 *층 ***호 (신월동)",07936,,01,영업/정상,,,02-2606-4793
,가이오디플,,,186895.065104423,446671.858526808,2026-05-01 22:41:01,I,01,정상영업,2023-07-19 13:15:01,,,2023-07-19,,서울특별시 양천구 신정동 ***-**,2023314016723200006,3140000,"서울특별시 양천구 중앙로**길 *, ***호 (신정동)",08026,,01,영업/정상,,,
,테라윤,,,186736.062689359,445459.440713374,2026-05-01 22:41:01,I,01,정상영업,2023-08-03 16:38:19,,,2023-08-03,,,2023314016723200007,3140000,"서울특별시 양천구 신정로 ***, ***동 ****호 (신정동, 신트리*단지아파트)",08107,,01,영업/정상,,,
,숲에서,2026-04-07,,184829.306182525,448254.981721699,2026-05-01 22:41:01,I,05,타시군구이관,2026-04-07 10:19:35,,,2023-09-26,,서울특별시 양천구 신월동 **-**,2023314016723200010,3140000,"서울특별시 양천구 가로공원로 ***, 지층 (신월동)",07905,,05,제외/삭제/전출,,,
,윤선생영어교실 양천센터,,,188467.215363052,446003.941216623,2026-05-01 22:41:01,I,01,정상영업,2023-11-21 10:07:09,,,2023-11-21,,서울특별시 양천구 신정동 *** 목동신시가지아파트**단지,2023314016723200011,3140000,"서울특별시 양천구 목동동로 ***, ***호 (신정동, 목동신시가지아파트**단지)",08018,,01,영업/정상,,,02-2653-8057
,케이지모빌리티 양천중앙판매대리점,,,184960.761215012,447887.342839897,2026-05-01 22:41:01,I,01,정상영업,2025-12-09 14:15:33,,,2023-11-21,,서울특별시 양천구 신월동 ***-* 라온미브아파트,2023314016723200012,3140000,"서울특별시 양천구 남부순환로 ***, ***,***,***호 (신월동, 라온미브아파트)",07920,,01,영업/정상,,,02-2648-1161
,세오 코퍼레이션,,,185263.865468449,446199.492398091,2026-05-01 22:41:01,I,01,정상영업,2024-02-29 15:52:56,,,2024-02-29,,서울특별시 양천구 신월동 ***-* 신월시영아파트,2024314016723200002,3140000,"서울특별시 양천구 신월로 **, **동 ***호 (신월동, 신월시영아파트)",08042,,01,영업/정상,,,
,에이치 에스(H.S)멀티샵,,,185602.34091368,446375.762284772,2026-05-01 22:41:01,I,01,정상영업,2025-05-21 13:32:46,,,2024-04-04,,서울특별시 양천구 신월동 ***-*,2024314016723200005,3140000,"서울특별시 양천구 남부순환로 ***, 지층 (신월동)",08041,,01,영업/정상,,,
,프리라인,,,189311.02246611,448276.142483848,2026-05-01 22:41:01,I,01,정상영업,2024-06-05 09:12:26,,,2024-06-05,,서울특별시 양천구 목동 ***-** 현대파리지앙,2024314016723200006,3140000,"서울특별시 양천구 목동서로 **, 현대파리지앙 ***호 (목동)",07983,,01,영업/정상,,,
,그린몰,,,187894.84952251,448332.185218053,2026-05-01 22:41:01,I,01,정상영업,2024-06-19 14:08:08,,,2020-11-10,,서울특별시 양천구 목동 ***-* 삼성빌딩,2024314016723200007,3140000,"서울특별시 양천구 등촌로 **, 삼성빌딩 *층 ***, ***호 (목동)",07959,,01,영업/정상,,,
0,주식회사 트립아카데미,,0,187925.667553697,446739.797762899,2026-05-01 22:41:01,I,01,정상영업,2024-07-11 14:50:35,0,,2024-07-11,,서울특별시 양천구 신정동 ****-* 남부빌딩,2024314016723200008,3140000,"서울특별시 양천구 신월로 ***, 남부빌딩 *층 ***호 (신정동)",08023,,01,영업/정상,,,
,헤라수정테라피,,,187661.046506567,447272.645471718,2026-05-01 22:41:01,I,01,정상영업,2024-07-17 15:17:27,,,2020-04-10,,서울특별시 양천구 신정동 ***-**,2024314016723200009,3140000,"서울특별시 양천구 목동로**길 **, ***호 (신정동)",07938,,01,영업/정상,,,
,목동 건강생활,,,187587.553792566,447206.026219869,2026-05-01 22:41:01,I,01,정상영업,2024-07-17 15:22:38,,,2024-07-17,,서울특별시 양천구 신정동 ***-*,2024314016723200010,3140000,"서울특별시 양천구 신정중앙로 **, *층 ***호 (신정동)",07938,,01,영업/정상,,,02-3151-0756
,마임(목동 남부),,,187147.122565712,446555.544194408,2026-05-01 22:41:01,I,01,정상영업,2024-07-23 13:49:23,,,2024-07-22,,서울특별시 양천구 신정동 ****-** 에비앙빌딩,2024314016723200011,3140000,"서울특별시 양천구 신월로 ***, *층 ***호 (신정동, 에비앙빌딩)",08082,,01,영업/정상,,,
,풀무원양천영업소,,,188898.373880365,447058.459776196,2026-05-01 22:41:01,I,01,정상영업,2024-12-30 15:30:39,,,2024-07-29,,서울특별시 양천구 목동 ***-***,2024314016723200012,3140000,"서울특별시 양천구 목동동로 ***, *층 (목동)",07999,,01,영업/정상,,,02-2651-0934
,제이케이 코스메틱,,,185253.269274104,447343.728167879,2026-05-01 22:41:01,I,01,정상영업,2024-08-23 13:45:31,,,2024-08-23,,서울특별시 양천구 신월동 ***-* 성원아파트,2024314016723200013,3140000,"서울특별시 양천구 곰달래로*길 **, *동 ***호 (신월동, 성원아파트)",07924,,01,영업/정상,,,
,현대베스트샵,2026-02-25,,188076.037983903,449783.944486969,2026-05-01 22:41:01,I,05,타시군구이관,2026-02-25 10:36:41,,,2021-11-22,,서울특별시 양천구 목동 ***-*,2024314016723200015,3140000,"서울특별시 양천구 공항대로 ***, 지하*층 (목동)",07946,,05,제외/삭제/전출,,,
,제이제이행복유통,,,187532.988879721,446997.146360892,2026-05-01 22:41:01,I,01,정상영업,2025-01-02 10:43:34,,,2025-01-02,,서울특별시 양천구 신정동 ***-**,2025314027223200001,3140000,"서울특별시 양천구 목동로**길 **, *층 (신정동)",08021,,01,영업/정상,,,
196987701016,㈜커넥텀엑스 하늘교육,,1360630000,188309.626961151,446993.871604846,2026-05-01 22:41:01,I,01,정상영업,2026-04-06 15:21:49,183329564334,,2025-01-02,,서울특별시 양천구 목동 ***-*** 서원빌딩,2025314027223200002,3140000,"서울특별시 양천구 오목로 ***, 서원빌딩 *층 (목동)",08003,,01,영업/정상,,,02-761-3200
,에스엠 포레스트,,,189311.02246611,448276.142483848,2026-05-01 22:41:01,I,01,정상영업,2025-01-08 15:11:58,,,2025-01-08,,서울특별시 양천구 목동 ***-** 현대파리지앙,2025314027223200003,3140000,"서울특별시 양천구 목동서로 **, 현대파리지앙 ***,***,***호 (목동)",07983,,01,영업/정상,,,02-6210-0052
50000000,(주)키올리,,50000000,188753.983394692,446806.546820556,2026-05-01 22:41:01,I,01,정상영업,2025-02-18 15:54:09,0,,2025-02-14,,서울특별시 양천구 목동 ***-** 정방빌딩,2025314027223200004,3140000,"서울특별시 양천구 오목로**길 **, 정방빌딩 지층 (목동)",08006,,01,영업/정상,,,
50000000,훼미리중기아울렛,2026-03-11,30000000,186885.128807397,446952.439143995,2026-05-01 22:41:01,I,05,타시군구이관,2026-03-11 17:44:21,20000000,,2024-09-19,,서울특별시 양천구 신정동 ***-** 영림아파트,2025314027223200005,3140000,"서울특별시 양천구 오목로 ***, 지하층 ***, ***호 (신정동, 영림아파트)",07942,,05,제외/삭제/전출,,,
,홈마트,,,186127.16386564,446341.584936103,2026-05-01 22:41:01,I,01,정상영업,2025-09-15 11:50:04,,,2025-09-15,,서울특별시 양천구 신월동 ***-*,2025314027223200006,3140000,"서울특별시 양천구 신월로 ***, *층 (신월동)",08064,,01,영업/정상,,,
,독일 현 보청기,,,187670.416423662,447030.560396528,2026-05-01 22:41:01,I,01,정상영업,2025-11-12 09:21:51,,,2024-12-17,,서울특별시 양천구 신정동 ***-* 목동중앙하이츠펠리시티,2025314027223200007,3140000,"서울특별시 양천구 오목로 ***, 제*층 제***호 (신정동, 목동중앙하이츠펠리시티)",08021,,01,영업/정상,,,
,담다,,,184829.306182525,448254.981721699,2026-05-01 22:41:01,I,01,정상영업,2025-11-12 10:10:47,,,2025-11-12,,서울특별시 양천구 신월동 **-**,2025314027223200008,3140000,"서울특별시 양천구 가로공원로 ***, 지층 *호 (신월동)",07905,,01,영업/정상,,,
,모두드림커머스,,,188063.590350302,448583.086178193,2026-05-01 22:41:01,I,01,정상영업,2025-12-06 14:32:24,,,2025-12-05,,서울특별시 양천구 목동 ***-**,2025314027223200009,3140000,"서울특별시 양천구 목동중앙남로**길 *, 지하*층 (목동)",07957,,01,영업/정상,,,
53570211,주식회사 보이패드,,34934311,185452.20034754,446266.452620502,2026-05-01 22:40:51,I,07,직권말소,2014-09-24 15:53:15,18635900,,2008-12-11,158-090,서울특별시 양천구 신월동 ***번지 *호 쇼핑프라자 ***호,2008314011423200060,3140000,"서울특별시 양천구 지양로*길 *, ***호 (신월동,쇼핑프라자)",,,04,취소/말소/만료/정지/중지,,,
200000000,주식회사 앤바셋,,200000000,188673.621700524,446914.537078345,2026-05-01 22:40:51,I,07,직권말소,2018-05-12 15:20:05,0,,2008-12-19,158-050,서울특별시 양천구 목동 ***번지 ***호 청석빌딩 ***,2008314011423200061,3140000,"서울특별시 양천구 오목로 ***-* (목동,청석빌딩 ***)",,,04,취소/말소/만료/정지/중지,,,
,애니스틱네트웍스,,,184580.79255426,447953.693432434,2026-05-01 22:40:51,I,04,직권취소,2010-05-11 14:16:55,,2010-05-11,2009-03-11,158-829,서울특별시 양천구 신월*동 ***번지 **호,2009314011423200003,3140000,서울특별시 양천구 남부순환로**가길 *-* (신월동),,,04,취소/말소/만료/정지/중지,,,34382899
1180000000,(주)코리아메디칼엔유,,1180000000,185189.737115089,448781.268419378,2026-05-01 22:40:51,I,07,직권말소,2014-09-24 15:52:34,300000000,,2009-03-18,158-090,서울특별시 양천구 신월동 **번지 **호,2009314011423200004,3140000,서울특별시 양천구 화곡로**길 ** (신월동),,,04,취소/말소/만료/정지/중지,,,26062657
,목동 아가월드,,,186986.032756271,446593.808608528,2026-05-01 22:40:52,I,07,직권말소,2014-09-24 15:51:47,,,2009-04-30,158-070,서울특별시 양천구 신정동 ***번지 **호   ***호,2009314011423200011,3140000,"서울특별시 양천구 신월로 ***, ***호 (신정동)",,,04,취소/말소/만료/정지/중지,,,26973001
0,남부가로수(주),,50000000,186990.07041522,446176.810389121,2026-05-01 22:40:52,I,07,직권말소,2014-09-24 15:51:01,0,,2009-05-22,158-070,서울특별시 양천구 신정동 ****번지 **호 맘모스빌딩 *층,2009314011423200012,3140000,"서울특별시 양천구 중앙로 *** (신정동,맘모스빌딩 *층)",,,04,취소/말소/만료/정지/중지,,,26084080
50000000,(주)자연과 팰리스,,50000000,187300.949737034,447022.387226156,2026-05-01 22:40:52,I,07,직권말소,2014-09-24 15:49:56,0,,2009-06-16,158-070,서울특별시 양천구 신정동 ***번지 **호 영인빌딩  ***호,2009314011423200014,3140000,"서울특별시 양천구 오목로 ***, ***호 (신정동,영인빌딩)",,,04,취소/말소/만료/정지/중지,,,26920003
,삼일종합무역,,,188688.452268514,449367.593557586,2026-05-01 22:40:52,I,07,직권말소,2014-09-24 15:48:29,,,2009-06-23,158-050,서울특별시 양천구 목동 ***번지 **호 지하*층,2009314011423200015,3140000,"서울특별시 양천구 목동중앙북로 ** (목동,지하*층)",,,04,취소/말소/만료/정지/중지,,,031-795-2430
,홈마트,,,185962.809546697,446176.170952681,2026-05-01 22:40:52,I,07,직권말소,2014-09-24 15:47:47,,,2009-07-08,158-090,"서울특별시 양천구 신월동 ***번지 *호 승일뷰티타워*  지하*층 **,**호",2009314011423200017,3140000,"서울특별시 양천구 신월로 *** (신월동,승일뷰티타워*  지하*층 **,**호)",,,04,취소/말소/만료/정지/중지,,,22329474
,진도종합상사,,,188584.345447275,447255.070457495,2026-05-01 22:40:52,I,07,직권말소,2014-08-18 15:26:50,,,2009-10-07,158-050,서울특별시 양천구 목동 ***번지 **호 현대드림타워 ****호,2009314011423200021,3140000,"서울특별시 양천구 목동동로 ***-*, ****호 (목동,현대드림타워)",,,04,취소/말소/만료/정지/중지,,,26550199
,이찬진컴퓨터교실(목동지사),,,189151.208015925,448200.067716589,2026-05-01 22:40:52,I,01,정상영업,2013-10-15 15:01:20,,,2009-10-14,158-877,서울특별시 양천구 목*동 ***번지 현대월드타워 ****호,2009314011423200022,3140000,"서울특별시 양천구 목동서로 **, ****호 (목동,현대월드타워)",,,01,영업/정상,,,21682870
,메리트 핼스팜,,,185819.12464314,446378.093513957,2026-05-01 22:40:51,I,07,직권말소,2018-06-20 16:42:22,,,2008-05-14,158-094,서울특별시 양천구 신월동 ***번지 **호 ***호,2008314011423200022,3140000,"서울특별시 양천구 남부순환로**길 *, ***호 (신월동)",,,04,취소/말소/만료/정지/중지,,,26971870
,스완,,,185177.64285441,446600.090923182,2026-05-01 22:40:51,I,04,직권취소,2010-05-11 14:20:42,,2010-05-11,2008-05-26,158-097,서울특별시 양천구 신월동 ***번지 *호 p**-*지하,2008314011423200024,3140000,"서울특별시 양천구 지양로*길 * (신월동,p**-*지하)",,,04,취소/말소/만료/정지/중지,,,26076855
,해피라이프,,,,,2026-05-01 22:40:51,I,04,직권취소,2010-05-11 14:15:48,,2010-05-11,2008-06-13,158-050,서울특별시 양천구 목동 ****번지 **호 청우빌딩지하*층,2008314011423200025,3140000,,,,04,취소/말소/만료/정지/중지,,,
1,주)에이에프씨 인터네셔널,,1,187829.667026734,449362.192374296,2026-05-01 22:40:51,I,04,직권취소,2008-07-28 13:36:45,1,2008-08-11,2001-11-23,158-053,서울특별시 양천구 목동 ***번지 *호,2008314011423200031,3140000,서울특별시 양천구 등촌로 *** (목동),,,04,취소/말소/만료/정지/중지,,,
1,주 )대오화장품,,1,,,2026-05-01 22:40:51,I,04,직권취소,2008-08-11 10:10:51,1,2008-08-11,2003-09-05,158-050,서울특별시 양천구 목동 *번지,2008314011423200032,3140000,,,,04,취소/말소/만료/정지/중지,,,
50000000,공상자후원상조(주),,50000000,186986.032756271,446593.808608528,2026-05-01 22:40:51,I,07,직권말소,2014-09-24 15:54:25,0,,2008-09-11,158-070,서울특별시 양천구 신정동 ***번지 **호 ***,2008314011423200045,3140000,"서울특별시 양천구 신월로 *** (신정동,***)",,,04,취소/말소/만료/정지/중지,,,
,C.S코리아,,,187079.375126738,446116.629313272,2026-05-01 22:40:51,I,07,직권말소,2018-06-20 16:41:54,,,2008-09-29,158-070,서울특별시 양천구 신정동 ****번지 *호 상운프라자지하 *층,2008314011423200047,3140000,"서울특별시 양천구 중앙로 *** (신정동,상운프라자지하 *층)",,,04,취소/말소/만료/정지/중지,,,26450411
,동양나노메디칼,,,185496.702027441,446039.646305529,2026-05-01 22:40:51,I,07,직권말소,2014-09-24 15:53:47,,,2008-12-04,158-090,서울특별시 양천구 신월동 ***번지 *호 ***,2008314011423200057,3140000,"서울특별시 양천구 신월로 *** (신월동,***)",,,04,취소/말소/만료/정지/중지,,,1588-1407
,으뜸테크,,,187823.500716444,447457.457884414,2026-05-01 22:40:52,I,07,직권말소,2017-05-11 09:36:31,,,2010-09-08,158-070,서울특별시 양천구 신정동 ***번지 *호 제일빌딩 ***호,2010314011423200031,3140000,"서울특별시 양천구 국회대로 ***, ***호 (신정동,제일빌딩)",,,04,취소/말소/만료/정지/중지,,,
,샤인홀쇼핑,,,185962.809546697,446176.170952681,2026-05-01 22:40:53,I,07,직권말소,2014-09-24 15:42:03,,,2010-11-26,158-090,서울특별시 양천구 신월동 ***번지 *호 송일뷰티아워*(*층),2010314011423200035,3140000,"서울특별시 양천구 신월로 *** (신월동,송일뷰티아워*(*층))",,,04,취소/말소/만료/정지/중지,,,26067873
,한국야쿠르트 신월점,,,184805.386529235,448516.004012276,2026-05-01 22:40:53,I,07,직권말소,2017-05-11 09:35:59,,,2010-12-27,158-090,서울특별시 양천구 신월동 **번지 *호,2010314011423200037,3140000,서울특별시 양천구 남부순환로**길 ** (신월동),,,04,취소/말소/만료/정지/중지,,,02-2606-1334
,에치와이 신정점,,,186064.657975171,446513.971330106,2026-05-01 22:40:53,I,01,정상영업,2021-04-26 11:29:10,,,2010-12-29,,서울특별시 양천구 신월동 ***-* 궁전맨션,2010314011423200038,3140000,"서울특별시 양천구 신월로**길 **, *호 (신월동, 궁전맨션)",08030,,01,영업/정상,,,02-2606-0943
300000000,대한공무원상조서비스(주),,350000000,186794.842142997,446714.27578886,2026-05-01 22:40:53,I,01,정상영업,2023-03-29 09:52:18,50000000,,2011-01-17,158-090,서울특별시 양천구 신월동 ***번지 **호 ***호,2011314011423200004,3140000,"서울특별시 양천구 중앙로 ***, ***호 (신월동, 청암빌딩)",,,01,영업/정상,,,26081671
,나비텔레콤,,,188753.916341718,446925.526927485,2026-05-01 22:40:53,I,07,직권말소,2014-09-24 15:41:32,,,2011-02-08,158-050,서울특별시 양천구 목동 ***번지 ***호 *층,2011314011423200006,3140000,"서울특별시 양천구 오목로 *** (목동,*층)",,,04,취소/말소/만료/정지/중지,,,20393281
,웅장텔레콤,,,185618.848964198,447519.07997918,2026-05-01 22:40:53,I,07,직권말소,2014-09-24 15:41:02,,,2011-02-17,158-090,서울특별시 양천구 신월동 ***번지 *호 일신빌딩 *층 **호,2011314011423200010,3140000,,,,04,취소/말소/만료/정지/중지,,,26079964
,경서텔레콤,,4000,187903.955709963,447135.710268595,2026-05-01 22:40:53,I,07,직권말소,2017-05-11 09:35:29,4000,,2011-02-17,158-070,서울특별시 양천구 신정동 ***번지 **호,2011314011423200011,3140000,서울특별시 양천구 목동로 *** (신정동),,,04,취소/말소/만료/정지/중지,,,20395370
,현대식품,,,189016.932002989,446086.101054208,2026-05-01 22:40:52,I,07,직권말소,2014-08-18 15:25:39,,,2009-12-18,158-070,서울특별시 양천구 신정동 ****번지 *호 삼성아파트 ***동 ****호,2009314011423200030,3140000,"서울특별시 양천구 신목로 *, ***동 ****호 (신정동,삼성아파트)",,,04,취소/말소/만료/정지/중지,,,26454114
,윤선생영어숲 목동서부센터,,,187774.076185179,449099.406847977,2026-05-01 22:40:52,I,07,직권말소,2016-05-19 14:30:53,,,2009-12-29,158-050,서울특별시 양천구 목동 ***번지 **호 제라호*층,2009314011423200032,3140000,"서울특별시 양천구 등촌로 *** (목동,제라호*층)",,,04,취소/말소/만료/정지/중지,,,
,아비엘,,,187946.984622878,448383.989008622,2026-05-01 22:40:52,I,07,직권말소,2014-09-24 15:47:19,,,2010-01-07,158-050,서울특별시 양천구 목동 ***번지 **호 대부리치빌  ***호,2010314011423200002,3140000,"서울특별시 양천구 목동중앙남로*가길 **, ***호 (목동,대부리치빌)",,,04,취소/말소/만료/정지/중지,,,26514531
,내츄럴휴먼,,,184734.756519869,448039.901901763,2026-05-01 22:40:52,I,07,직권말소,2014-09-24 15:46:23,,,2010-01-12,158-090,서울특별시 양천구 신월동 ***번지 *호 ***호,2010314011423200005,3140000,"서울특별시 양천구 남부순환로**길 *, ***호 (신월동)",,,04,취소/말소/만료/정지/중지,,,26044654
,확인영어홈스터디,,,188059.948628688,447694.872638108,2026-05-01 22:40:52,I,07,직권말소,2014-08-18 15:25:10,,,2010-04-01,158-050,서울특별시 양천구 목동 ***번지 **호,2010314011423200015,3140000,서울특별시 양천구 목동중앙서로*길 **-* (목동),,,04,취소/말소/만료/정지/중지,,,26680501
191532281,(주)궁전실버뱅크,,125267221,189040.442771323,449364.88554612,2026-05-01 22:40:52,I,07,직권말소,2017-05-11 09:57:30,66265060,,2012-12-18,158-050,서울특별시 양천구 목동 ***번지 **호 ***호,2010314011423200018,3140000,"서울특별시 양천구 목동중앙북로 ***, ***호 (목동)",,,04,취소/말소/만료/정지/중지,,,02-832-0874
,주안상사,,,185985.905,446700.885,2026-05-01 22:40:52,I,07,직권말소,2016-05-19 14:29:42,,,2010-06-07,158-090,서울특별시 양천구 신월동 ***번지 *호 외*필지 현대하우징 *층 ***호,2010314011423200021,3140000,"서울특별시 양천구 오목로*길 * (신월동,외*필지 현대하우징 *층 ***호)",,,04,취소/말소/만료/정지/중지,,,26072110
,수영,,,,,2026-05-01 22:40:52,I,07,직권말소,2021-08-16 14:46:27,,,2010-06-14,158-070,서울특별시 양천구 신정동 ****번지 *호,2010314011423200022,3140000,서울특별시 양천구 단지중앙**길 * (신정동),,,04,취소/말소/만료/정지/중지,,,
,이찬진컴퓨터교실,,,186844.737958349,447253.996783412,2026-05-01 22:40:52,I,07,직권말소,2014-09-24 15:45:40,,,2010-06-21,158-070,서울특별시 양천구 신정동 ***번지 **호 ***호,2010314011423200023,3140000,"서울특별시 양천구 신정중앙로*길 *, ***호 (신정동)",,,04,취소/말소/만료/정지/중지,,,32730079
,C&S쇼핑,,,186065.684789257,446251.76410763,2026-05-01 22:40:52,I,05,타시군구이관,2010-11-18 14:05:56,,,2010-06-23,158-090,서울특별시 양천구 신월동 ***번지 **호 ***호,2010314011423200024,3140000,"서울특별시 양천구 남부순환로**길 **, ***호 (신월동)",,,05,제외/삭제/전출,,,26094934
,엠플러스 통신,,,188823.859037855,446487.967405045,2026-05-01 22:40:52,I,07,직권말소,2014-09-24 15:43:06,,,2010-08-10,158-849,서울특별시 양천구 신정동 **번지 ***호 **통 *반,2010314011423200028,3140000,서울특별시 양천구 신목로**길 ** (신정동),,,04,취소/말소/만료/정지/중지,,,33973391
50000,주식회사 위랜드,,50000,187324.561350406,446982.136451416,2026-05-01 22:40:54,I,07,직권말소,2016-05-19 14:27:33,0,,2011-11-30,158-070,서울특별시 양천구 신정동 ***번지 *호 *층,2011314011423200053,3140000,"서울특별시  오목로 ***, *층 (평화빌딩)",,,04,취소/말소/만료/정지/중지,,,
,아모레카운셀러,,,187734.804380866,447125.503353306,2026-05-01 22:40:54,I,07,직권말소,2016-05-19 14:26:05,,,2012-01-03,,,2012314011423200001,3140000,"서울특별시 양천구 신정중앙로 **, *층 (신정동, 목마빌딩)",,,04,취소/말소/만료/정지/중지,,,
,아모레카운셀러,,,187734.804380866,447125.503353306,2026-05-01 22:40:54,I,07,직권말소,2018-06-20 11:44:45,,,2012-01-13,,,2012314011423200004,3140000,"서울특별시 양천구 신정중앙로 **, *층 (신정동, 목마빌딩)",,,04,취소/말소/만료/정지/중지,,,
,아모레카운셀러,,,187734.804380866,447125.503353306,2026-05-01 22:40:54,I,07,직권말소,2014-09-24 15:33:12,,,2012-01-17,,,2012314011423200005,3140000,"서울특별시 양천구 신정중앙로 **, *층 (신정동, 목마빌딩)",,,04,취소/말소/만료/정지/중지,,,02-2691-6566
,아모레카운셀러,,,187734.804380866,447125.503353306,2026-05-01 22:40:54,I,07,직권말소,2014-09-24 15:32:44,,,2012-03-05,158-070,서울특별시 양천구 신정동 ***번지 *호 목마빌딩 *층,2012314011423200009,3140000,"서울특별시 양천구 신정중앙로 **, *층 (신정동, 목마빌딩)",,,04,취소/말소/만료/정지/중지,,,
100000000,(주)에스와이팩토리,,0,188545.455059432,449305.893243168,2026-05-01 22:40:53,I,07,직권말소,2016-05-19 14:28:23,0,,2011-02-17,158-050,서울특별시 양천구 목동 ***번지 *호,2011314011423200012,3140000,서울특별시 양천구 목동중앙본로 *** (목동),,,04,취소/말소/만료/정지/중지,,,26022019
,한솔웨딩정보,,,188673.621700524,446914.537078345,2026-05-01 22:40:53,I,07,직권말소,2014-09-24 15:40:20,,,2011-02-25,158-050,서울특별시 양천구 목동 ***번지 ***호,2011314011423200015,3140000,서울특별시 양천구 오목로 ***-* (목동),,,04,취소/말소/만료/정지/중지,,,
100000000,주식회사 폰플러스,,0,188551.299139509,447076.288051741,2026-05-01 22:40:53,I,07,직권말소,2023-07-28 16:20:54,0,,2011-02-25,158-050,"서울특별시 양천구 목동 ***번지 *호 목동트라팰리스이스턴애비뉴***호,***호,***호",2011314011423200016,3140000,"서울특별시 양천구 오목로 *** (목동,목동트라팰리스이스턴애비뉴***호,***호,***호)",,,04,취소/말소/만료/정지/중지,,,26338484
,한강유통,,,186951.814251012,447280.546979538,2026-05-01 22:40:53,I,07,직권말소,2019-05-22 10:53:20,,,2008-01-11,158-070,서울특별시 양천구 신정동 ***번지 *호 *층,2011314011423200020,3140000,"서울특별시 양천구 신정중앙로 ** (신정동,*층)",,,04,취소/말소/만료/정지/중지,,,
,우리홈쇼핑,,,188688.452268514,449367.593557586,2026-05-01 22:40:53,I,07,직권말소,2014-09-24 15:44:55,,,2009-03-26,158-050,서울특별시 양천구 목동 ***번지 **호,2011314011423200021,3140000,서울특별시 양천구 목동중앙북로 ** (목동),,,04,취소/말소/만료/정지/중지,,,
50000000,평창산골마을영농조합법인지점사라나,,50000000,187742.469634604,447026.256841162,2026-05-01 22:40:53,I,07,직권말소,2023-07-28 16:24:37,0,,2011-04-14,158-070,서울특별시 양천구 신정동 ***번지 **호 *층 ***,2011314011423200025,3140000,"서울특별시 양천구 목동로**길 **-* (신정동,*층 ***)",,,04,취소/말소/만료/정지/중지,,,
,인텔리나,,,186134.528822184,447061.772055792,2026-05-01 22:40:53,I,07,직권말소,2014-09-24 15:38:23,,,2011-04-15,158-090,서울특별시 양천구 신월동 ***번지 **호 ***호,2011314011423200026,3140000,"서울특별시 양천구 월정로*길 **-* (신월동,***호)",,,04,취소/말소/만료/정지/중지,,,070-4007-9181
,아모레카운셀러,,,187734.804380866,447125.503353306,2026-05-01 22:40:53,I,07,직권말소,2014-09-24 15:35:07,,,2011-04-15,158-070,서울특별시 양천구 신정동 ***번지 *호 목마빌딩 *층,2011314011423200027,3140000,"서울특별시 양천구 신정중앙로 ** (신정동,목마빌딩 *층)",,,04,취소/말소/만료/정지/중지,,,26916566
,아모레카운셀러,,,,,2026-05-01 22:40:53,I,07,직권말소,2017-05-11 09:34:56,,,2011-04-15,158-070,서울특별시 양천구 신정동 **번지 *호 목마빌딩 *층,2011314011423200028,3140000,,,,04,취소/말소/만료/정지/중지,,,26916566
0,아모레카운셀러,,0,187734.804380866,447125.503353306,2026-05-01 22:40:53,I,07,직권말소,2018-06-20 16:40:57,0,,2011-06-02,158-070,서울특별시 양천구 신정동 ***번지 *호 목마빌딩 *층,2011314011423200032,3140000,"서울특별시 양천구 신정중앙로 ** (신정동,목마빌딩 *층)",,,04,취소/말소/만료/정지/중지,,,
,파비엘,,,187324.561350406,446982.136451416,2026-05-01 22:40:53,I,07,직권말소,2014-09-24 15:37:53,,,2011-06-20,158-070,서울특별시 양천구 신정동 ***번지 *호 평화빌딩 *층,2011314011423200033,3140000,"서울특별시 양천구 오목로 *** (신정동,평화빌딩 *층)",,,04,취소/말소/만료/정지/중지,,,02-2605-5580
,아모레 카운셀러,,,187734.804380866,447125.503353306,2026-05-01 22:40:53,I,07,직권말소,2017-05-11 09:34:02,,,2011-08-02,158-071,서울특별시 양천구 신정*동 ***번지 *호 목마빌딩 *층,2011314011423200039,3140000,"서울특별시 양천구 신정중앙로 ** (신정동,목마빌딩 *층)",,,04,취소/말소/만료/정지/중지,,,
,되고나라,,,185470.174552163,446027.261927388,2026-05-01 22:40:53,I,07,직권말소,2014-09-24 15:37:21,,,2011-10-12,158-090,서울특별시 양천구 신월동 ***번지 *호 *층,2011314011423200043,3140000,"서울특별시 양천구 신월로 *** (신월동,*층)",,,04,취소/말소/만료/정지/중지,,,02-2604-8255
0,아모레카운셀러,,0,187734.804380866,447125.503353306,2026-05-01 22:40:53,I,07,직권말소,2014-09-24 15:34:37,0,,2011-11-04,158-070,서울특별시 양천구 신정동 ***번지 *호 목마빌딩 ***호,2011314011423200048,3140000,"서울특별시 양천구 신정중앙로 **, ***호 (신정동, 목마빌딩)",,,04,취소/말소/만료/정지/중지,,,02-2691-6566
,아모레카운셀러,,,187734.804380866,447125.503353306,2026-05-01 22:40:53,I,07,직권말소,2014-09-24 15:34:10,,,2011-11-28,,,2011314011423200051,3140000,"서울특별시 양천구 신정중앙로 **, *층 (신정동, 목마빌딩)",,,04,취소/말소/만료/정지/중지,,,
,아모레카운셀러,,,187734.804380866,447125.503353306,2026-05-01 22:40:53,I,07,직권말소,2014-09-24 15:33:38,,,2011-11-28,,,2011314011423200052,3140000,"서울특별시 양천구 신정중앙로 **, *층 (신정동, 목마빌딩)",,,04,취소/말소/만료/정지/중지,,,02-2691-6566
,씨엔코리아,,,191226.287379467,437914.06299827,2026-05-01 22:37:57,I,07,직권말소,2021-11-16 20:39:53,,,2011-11-08,,,2015317017423200047,3170000,"서울특별시 금천구 시흥대로 **, **동 ***호 (시흥동, 시흥유통상가)",08639,2021-11-16,04,취소/말소/만료/정지/중지,,,
,한국건설기술인양성교육원,,,189829.504142672,441618.071646624,2026-05-01 22:37:57,I,07,직권말소,2021-11-16 20:39:06,,,2015-09-01,,,2015317017423200050,3170000,"서울특별시 금천구 벚꽃로 ***, ***호 (가산동, 벽산디지털밸리*차)",08513,,04,취소/말소/만료/정지/중지,,,02-866-0437
29378000,㈜셀롱액상,,1000000,189790.323886715,442017.86745811,2026-05-01 22:37:57,I,07,직권말소,2021-11-16 20:38:39,0,,2013-09-04,,,2015317017423200051,3170000,"서울특별시 금천구 디지털로*길 **, ****-*호 (가산동, 백상스타타워*차)",08511,,04,취소/말소/만료/정지/중지,,,02-6111-7780
0,㈜피플투피플그룹,,10000000,189943.529964101,440455.075991442,2026-05-01 22:37:57,I,07,직권말소,2021-11-16 20:38:05,0,,2015-09-02,,,2015317017423200052,3170000,"서울특별시 금천구 가산디지털*로 *, ****호 (가산동, 더루벤스밸리)",08594,,04,취소/말소/만료/정지/중지,,,070-4006-8776
30000000,주식회사 제이엠비컴퍼니,,30000000,189790.323886715,442017.86745811,2026-05-01 22:37:57,I,07,직권말소,2016-06-22 15:26:54,0,,2015-09-24,,,2015317017423200056,3170000,"서울특별시 금천구 디지털로*길 **, ***호 (가산동, 백상스타타워*차)",08511,,04,취소/말소/만료/정지/중지,,,
122221706,주식회사 두리데이타시스템,,319089629,189790.323886715,442017.86745811,2026-05-01 22:37:57,I,07,직권말소,2021-11-16 20:28:57,157827797,,2015-10-06,,,2015317017423200057,3170000,"서울특별시 금천구 디지털로*길 **, ***호 (가산동, 백상스타타워*차)",08511,,04,취소/말소/만료/정지/중지,,,02-6111-5999
220246185,㈜이브로드캐스트,,137270666,188974.800556597,442207.640866217,2026-05-01 22:37:57,I,01,정상영업,2017-06-07 17:48:01,346473475,,2015-10-08,,,2015317017423200059,3170000,"서울특별시 금천구 가산디지털*로 ***-**, ***호 (가산동, 서울디지털드림타운)",08504,,01,영업/정상,,,0505-599-0090
0,(주) 해오름로직스,,20000000,189353.050637528,442493.020182986,2026-05-01 22:37:57,I,07,직권말소,2021-11-16 20:28:40,0,,2014-08-29,,서울특별시 금천구 가산동,2015317017423200060,3170000,"서울특별시 금천구 가산디지털*로 ***, ****호 (가산동, 코오롱디지털타워애스턴)",08502,,04,취소/말소/만료/정지/중지,,,02-2606-0109
40000000,엠디글로벌텍 주식회사,,20000000,189778.774504778,441302.111937219,2026-05-01 22:37:57,I,07,직권말소,2017-05-11 10:56:49,20000000,,2015-10-19,,,2015317017423200061,3170000,"서울특별시 금천구 가산디지털*로 **, ***호 (가산동, IT프리미어타워)",08590,,04,취소/말소/만료/정지/중지,,,070-7799-9074
,메디케어,,,192742.326147617,438460.667319682,2026-05-01 22:37:57,I,01,정상영업,2015-10-21 17:41:49,,,2008-07-11,,서울특별시 금천구 시흥동,2015317017423200062,3170000,"서울특별시 금천구 금하로 ***, ***동 ****호 (시흥동, 벽산*단지아파트)",08646,,01,영업/정상,,,
,위튼버그,,,189202.600232089,441848.24299943,2026-05-01 22:37:57,I,07,직권말소,2016-06-21 14:28:22,,,2015-10-21,,,2015317017423200063,3170000,"서울특별시 금천구 가산디지털*로 ***, ***-***호 (가산동, 월드메르디앙*차)",08505,,04,취소/말소/만료/정지/중지,,,
30000000,㈜골든러쉬,,10000000,189417.708595762,442309.174987731,2026-05-01 22:37:57,I,07,직권말소,2017-05-11 10:56:16,20000000,,2015-10-22,,,2015317017423200064,3170000,"서울특별시 금천구 가산디지털*로 ***, ****호 (가산동, 에이스테크노타워**차)",08502,,04,취소/말소/만료/정지/중지,,,02-6670-0150
100000000,㈜한일씨월드,,100000000,190694.880295092,440764.426277932,2026-05-01 22:37:57,I,07,직권말소,2018-05-03 11:01:53,0,,2015-12-01,,,2015317017423200070,3170000,"서울특별시 금천구 두산로 **, B동 *층 ***,***,***,***,***호 (독산동, 현대지식산업센터)",08584,,04,취소/말소/만료/정지/중지,,,
,에스씨씨에스(SCCS)기업교육센터,,,190650.775785952,441683.262896365,2026-05-01 22:37:58,I,01,정상영업,2015-12-01 17:49:52,,,2015-12-01,,,2015317017423200072,3170000,서울특별시 금천구 시흥대로***길 **-* (가산동),08529,,01,영업/정상,,,070-8834-8877
78091368268,㈜제이앤유글로벌,,87516105419,189877.178943503,442093.648596802,2026-05-01 22:37:58,I,07,직권말소,2023-11-14 14:21:04,76525884777,,2015-12-22,,,2015317017423200075,3170000,"서울특별시 금천구 디지털로*길 **, **,**층 (가산동, 대륭포스트타워 *차)",08512,,04,취소/말소/만료/정지/중지,,,
,피크뷰 코스메틱,,,192754.34619252,438827.143732711,2026-05-01 22:37:58,I,07,직권말소,2017-05-11 10:55:47,,,2016-01-04,,,2016317017423200001,3170000,"서울특별시 금천구 금하로 ***, ***동 ***호 (시흥동, 벽산*단지아파트)",08655,,04,취소/말소/만료/정지/중지,,,02-803-3289
2000,사임당의료기,,,190523.075281237,441103.716340631,2026-05-01 22:37:58,I,07,직권말소,2021-11-16 20:27:29,,,2013-07-04,,,2016317017423200004,3170000,"서울특별시 금천구 가산로*길 **, 지층 (독산동)",08525,,04,취소/말소/만료/정지/중지,,,02-877-9131
50000000,주식회사 뉴젠컴퍼니,,40000000,189685.715834343,442026.454121483,2026-05-01 22:37:58,I,01,정상영업,2018-11-16 16:56:04,10000000,,2016-02-01,,,2016317017423200005,3170000,"서울특별시 금천구 벚꽃로 ***, **층 ****호 (가산동, 삼성리더스타워)",08511,,01,영업/정상,,,02-877-9017
115386796,주식회사 에릭스비즈,,11245436,189685.715834343,442026.454121483,2026-05-01 22:37:58,I,07,직권말소,2021-11-16 20:26:46,104141360,,2007-07-25,,서울특별시 금천구 가산동,2016317017423200007,3170000,"서울특별시 금천구 벚꽃로 ***, ***호 (가산동, 삼성리더스타워)",08511,,04,취소/말소/만료/정지/중지,,,070-4366-5718
10000000,주식회사 빈체로텔레콤,,10000000,189202.600232089,441848.24299943,2026-05-01 22:37:58,I,07,직권말소,2021-11-16 20:26:27,0,,2016-02-23,,,2016317017423200008,3170000,"서울특별시 금천구 가산디지털*로 ***, ***-*호 (가산동, 월드메르디앙*차)",08505,,04,취소/말소/만료/정지/중지,,,
249402129,주식회사 원모바일,,198870026,189282.557380259,442417.955057116,2026-05-01 22:37:58,I,01,정상영업,2016-03-08 15:44:07,239721098,,2016-02-29,,,2016317017423200009,3170000,"서울특별시 금천구 가산디지털*로 ***, ***호 (가산동, 케이씨씨 웰츠밸리)",08501,,01,영업/정상,,,070-4028-8580
1000000,주식회사 비엠,,1000000,189417.708595762,442309.174987731,2026-05-01 22:37:58,I,01,정상영업,2016-03-02 15:57:41,0,,2016-02-29,,,2016317017423200010,3170000,"서울특별시 금천구 가산디지털*로 ***, ***호 (가산동, 에이스테크노타워**차)",08502,,01,영업/정상,,,070-4028-8580
30000000,케이비즈솔루션 주식회사,,30000000,189943.529964101,440455.075991442,2026-05-01 22:37:58,I,01,정상영업,2016-03-09 15:23:53,0,,2016-03-07,,,2016317017423200011,3170000,"서울특별시 금천구 가산디지털*로 *, ***호 (가산동, 더루벤스밸리)",08594,,01,영업/정상,,,02-6954-5014
,위드앤에이치,,,189975.894746956,440742.223479611,2026-05-01 22:37:58,I,07,직권말소,2021-11-16 20:26:10,,,2015-05-21,,서울특별시 금천구 가산동 ***번지 *호 소프트벤처타워 *층 ***호호,2016317017423200014,3170000,"서울특별시 금천구 가산디지털*로 **, ***호 (가산동, 에이스하이엔드타워**)",08591,,04,취소/말소/만료/정지/중지,,,
,(주)한빛화장품,,,,,2026-05-01 22:41:30,I,04,직권취소,2008-02-21 00:00:00,,2007-10-22,2000-10-23,,서울특별시 영등포구 여의도동**-** 외교빌딩 *층,2001318011723200390,3180000,,,,04,취소/말소/만료/정지/중지,,,02-3450-8833
1,(주)B.J.C신용캐피탈,,1,,,2026-05-01 22:41:31,I,07,직권말소,2012-09-07 22:55:42,1,,2000-12-27,,서울특별시 영등포구 대림동***-*,2001318011723200416,3180000,,,,04,취소/말소/만료/정지/중지,,,02-843-2114
,(주)아이맷,,,,,2026-05-01 22:41:31,I,04,직권취소,2008-02-21 00:00:00,,2007-10-22,2000-12-11,,서울특별시 영등포구 여의도동**-* 두레빌딩 *층,2001318011723200419,3180000,,,,04,취소/말소/만료/정지/중지,,,02-780-2259
,E.G스포렉스,,,,,2026-05-01 22:41:31,I,04,직권취소,2008-02-21 00:00:00,,2007-10-22,2001-02-09,,서울특별시 영등포구 여의도동**-**,2001318011723200425,3180000,,,,04,취소/말소/만료/정지/중지,,,02-761-7749
,(주)완일기업,,,,,2026-05-01 22:41:31,I,04,직권취소,2008-02-21 00:00:00,,2007-10-22,2001-03-19,,서울특별시 영등포구 도림동**-** 진우빌딩 ***호,2001318011723200433,3180000,,,,04,취소/말소/만료/정지/중지,,,02-841-9215
,덕성실업,,,,,2026-05-01 22:41:31,I,07,직권말소,2009-06-03 21:48:23,,,2001-04-24,,서울특별시 영등포구 도림동***-**,2001318011723200506,3180000,,,,04,취소/말소/만료/정지/중지,,,02-834-7156
,애니웰컴퍼니,,,,,2026-05-01 22:41:31,I,04,직권취소,2008-02-21 00:00:00,,2007-10-22,2001-05-02,,서울특별시 영등포구 대림동***,2001318011723200508,3180000,,,,04,취소/말소/만료/정지/중지,,,
,서울STN,,,,,2026-05-01 22:41:31,I,04,직권취소,2008-02-21 00:00:00,,2007-10-22,2001-06-13,,서울특별시 영등포구 대림동***-*,2001318011723200523,3180000,,,,04,취소/말소/만료/정지/중지,,,02-830-3337
,보령식품,,,,,2026-05-01 22:41:31,I,04,직권취소,2008-02-21 00:00:00,,2007-10-22,2001-07-10,,서울특별시 영등포구 당산동*가**-*,2001318011723200538,3180000,,,,04,취소/말소/만료/정지/중지,,,02-2637-0300
1,(주)참나라,,1,,,2026-05-01 22:41:31,I,07,직권말소,2012-09-07 22:54:35,1,,2001-07-24,,서울특별시 영등포구 여의도동**-*,2001318011723200544,3180000,,,,04,취소/말소/만료/정지/중지,,,02-783-0403
0,유이에이스산업(주),,0,,,2026-05-01 22:41:31,I,04,직권취소,2008-02-21 00:00:00,0,2007-10-22,2001-09-03,,서울특별시 영등포구 당산동*가***-** 운영빌딩 *층,2001318011723200554,3180000,,,,04,취소/말소/만료/정지/중지,,,02-2636-7710
,유성 캐피탈,,,,,2026-05-01 22:41:31,I,04,직권취소,2008-02-21 00:00:00,,2007-10-22,2001-09-07,,서울특별시 영등포구 대림동***-**,2001318011723200557,3180000,,,,04,취소/말소/만료/정지/중지,,,02-833-1225
,현대종합무역,,,,,2026-05-01 22:41:31,I,04,직권취소,2008-02-21 00:00:00,,2007-10-22,2001-09-17,,서울특별시 영등포구 당산동*가***-***,2001318011723200560,3180000,,,,04,취소/말소/만료/정지/중지,,,02-677-0156
,종근당 건강S,,,,,2026-05-01 22:41:31,I,04,직권취소,2008-02-21 00:00:00,,2007-10-22,2001-09-22,,서울특별시 영등포구 대림동***-*,2001318011723200567,3180000,,,,04,취소/말소/만료/정지/중지,,,02-835-1014
,금학통상,,,,,2026-05-01 22:41:31,I,07,직권말소,2012-10-29 18:42:20,,,2001-09-28,,서울특별시 영등포구 대림동***-*,2001318011723200568,3180000,,,,04,취소/말소/만료/정지/중지,,,02-395-2666
,서우상사,,,,,2026-05-01 22:41:31,I,04,직권취소,2008-02-21 00:00:00,,2007-10-11,2001-10-19,,서울특별시 영등포구 대림동***-**,2001318011723200575,3180000,,,,04,취소/말소/만료/정지/중지,,,02-844-6891
,건우유통,,,,,2026-05-01 22:41:31,I,04,직권취소,2008-02-21 00:00:00,,2007-10-22,2001-10-29,,서울특별시 영등포구 신길동***-**,2001318011723200578,3180000,,,,04,취소/말소/만료/정지/중지,,,02-849-2209
,CNS전자,,,,,2026-05-01 22:41:31,I,04,직권취소,2008-02-21 00:00:00,,2007-10-22,2001-10-31,,서울특별시 영등포구 대림동***-**,2001318011723200580,3180000,,,,04,취소/말소/만료/정지/중지,,,02-834-7297
,국제CS,,,,,2026-05-01 22:41:31,I,04,직권취소,2008-02-21 00:00:00,,2007-10-22,2001-11-12,,서울특별시 영등포구 신길동***-** 동남빌딩 지하*층,2001318011723200590,3180000,,,,04,취소/말소/만료/정지/중지,,,02-846-2948
0,한국정수기개발(주),,0,,,2026-05-01 22:41:31,I,04,직권취소,2008-02-21 00:00:00,0,2007-10-22,2001-11-28,,서울특별시 영등포구 대림동****-**,2001318011723200595,3180000,,,,04,취소/말소/만료/정지/중지,,,02-845-1414
,대학정보문화센터,,,,,2026-05-01 22:41:31,I,04,직권취소,2008-02-21 00:00:00,,2007-10-22,2002-11-27,,서울특별시 영등포구 여의도동**-** 장덕빌딩-***,2002318011723200336,3180000,,,,04,취소/말소/만료/정지/중지,,,02-782-0252
,대림물산,,,,,2026-05-01 22:41:30,I,04,직권취소,2008-02-21 00:00:00,,2007-10-22,2000-03-09,,서울특별시 영등포구 신길동***-*,2000318011723200497,3180000,,,,04,취소/말소/만료/정지/중지,,,02-842-0270
,나산네트워크,,,,,2026-05-01 22:41:30,I,05,타시군구이관,2009-10-16 18:36:28,,,2000-03-17,,서울특별시 영등포구 대림동***-* *층,2000318011723200498,3180000,,,,05,제외/삭제/전출,,,02-834-3800
,신아,,,,,2026-05-01 22:41:30,I,04,직권취소,2008-02-21 00:00:00,,2007-10-22,2000-04-24,,서울특별시 영등포구 신길동***-*,2000318011723200545,3180000,,,,04,취소/말소/만료/정지/중지,,,02-831-3933
,골목대장,,,,,2026-05-01 22:41:30,I,07,직권말소,2013-03-25 20:31:03,,,2000-01-05,,서울특별시 영등포구 영등포동*가***-* *층,2000318011723201011,3180000,,,,04,취소/말소/만료/정지/중지,,,02-2671-2245
,텝스교육연구원,,,,,2026-05-01 22:41:30,I,04,직권취소,2008-02-21 00:00:00,,2007-10-22,2000-10-06,,서울특별시 영등포구 신길동***-**,2001318011723200389,3180000,,,,04,취소/말소/만료/정지/중지,,,02-835-5955
,엠에스제이,,,,,2026-05-01 22:41:32,I,04,직권취소,2008-02-21 00:00:00,,2007-10-22,2002-01-25,,서울특별시 영등포구 대림동****-*,2002318011723200605,3180000,,,,04,취소/말소/만료/정지/중지,,,02-2634-6072
,쌍용자동차대림판매대리점,,,,,2026-05-01 22:41:32,I,01,정상영업,2008-05-08 22:02:41,,,2002-01-24,,서울특별시 영등포구 신길동***-***,2002318011723200611,3180000,,,,01,영업/정상,,,02-843-1800
,기아서광대리점,,,190798.346319133,444539.196830216,2026-05-01 22:41:32,I,01,정상영업,2021-07-21 15:20:54,,,2002-02-02,150-070,서울특별시 영등포구 대림동 ***번지,2002318011723200617,3180000,서울특별시 영등포구 대림로 *** (대림동),,,01,영업/정상,,,02-831-7111
,주식회사 하나로하이텍,,,,,2026-05-01 22:37:14,I,07,직권말소,2016-06-21 14:37:34,,,1996-01-01,,서울특별시 금천구 시흥동 ***-** *층,2005317010523200290,3170000,,,,04,취소/말소/만료/정지/중지,,,02-6268-8630
,스피드정보통신,,,,,2026-05-01 22:37:14,I,01,정상영업,2008-02-21 00:00:00,,,1996-01-01,,서울특별시 금천구 시흥동 *-** 삼익(아)***-****,2005317010523200292,3170000,,,,01,영업/정상,,,02-388-3001
,(주)이에스스포팀,,,,,2026-05-01 22:37:14,I,07,직권말소,2012-09-17 12:31:21,,,1996-01-01,,서울특별시 금천구 가산동 ***-** 우림라이온스밸리 A-***,2005317010523200293,3170000,,,,04,취소/말소/만료/정지/중지,,,02-2026-0737
,(주)도우씨아이,,,,,2026-05-01 22:37:14,I,07,직권말소,2016-06-21 14:39:19,,,1996-01-01,,서울특별시 금천구 독산동 ****-* 여포빌딩***,2005317010523200298,3170000,,,,04,취소/말소/만료/정지/중지,,,02-802-0722
,KT한국통신,,,,,2026-05-01 22:37:14,I,01,정상영업,2008-02-21 00:00:00,,,1996-01-01,,서울특별시 금천구 독산동 ***-* 서원빌딩***호,2005317010523200299,3170000,,,,01,영업/정상,,,02-837-1215
,쌍용자동차독산판매,,,,,2026-05-01 22:37:14,I,07,직권말소,2012-09-17 11:07:39,,,1996-01-01,,서울특별시 금천구 독산동 ***-* 홍원빌딩 *층,2005317010523200302,3170000,,,,04,취소/말소/만료/정지/중지,,,02-855-2266
,(주)퓨윈,,,,,2026-05-01 22:37:14,I,07,직권말소,2012-09-17 09:51:29,,,1996-01-01,,서울특별시 금천구 가산동 ***-* 대륭테크노타운*차***호,2005317010523200303,3170000,,,,04,취소/말소/만료/정지/중지,,,02-863-2435
,카오코리아,,,,,2026-05-01 22:37:15,I,07,직권말소,2016-06-21 14:40:10,,,1996-01-01,,서울특별시 금천구 가산동 ***-** 연아빌딩*층,2005317010523200306,3170000,,,,04,취소/말소/만료/정지/중지,,,02-856-0238
,(주)이엠정보교육원,,,,,2026-05-01 22:37:15,I,01,정상영업,2008-02-21 00:00:00,,,1996-01-01,,서울특별시 금천구 가산동 ***-* 에이스테크노타워**차***호,2005317010523200309,3170000,,,,01,영업/정상,,,
,애니마사인코리아(주),,,,,2026-05-01 22:37:15,I,01,정상영업,2008-02-21 00:00:00,,,1996-01-01,,서울특별시 금천구 가산동 ***-** 대륭테크노타운*차***,2005317010523200311,3170000,,,,01,영업/정상,,,
,에스신디케이트(주),,,,,2026-05-01 22:37:15,I,07,직권말소,2012-09-17 10:37:46,,,1996-01-01,,서울특별시 금천구 독산동 ***-* 삼부르네상스오피스텔***호,2005317010523200312,3170000,,,,04,취소/말소/만료/정지/중지,,,02-538-8515
,(주)헬스쿠킹,,,,,2026-05-01 22:37:15,I,07,직권말소,2012-09-17 11:00:07,,,1996-01-01,,서울특별시 금천구 독산동 ***-*,2005317010523200314,3170000,,,,04,취소/말소/만료/정지/중지,,,02-869-6646
,(주)헬스쿠킹넷,,,,,2026-05-01 22:37:15,I,01,정상영업,2008-02-21 00:00:00,,,1996-01-01,,서울특별시 금천구 독산동 ***-*,2005317010523200315,3170000,,,,01,영업/정상,,,
,KB교육정보문화센타,,,,,2026-05-01 22:37:15,I,01,정상영업,2008-02-21 00:00:00,,,1996-01-01,,서울특별시 금천구 가산동 ***-** 벽산디지털벨리*차***호,2005317010523200316,3170000,,,,01,영업/정상,,,02-856-9772
,코스타,,,,,2026-05-01 22:37:15,I,07,직권말소,2012-09-19 20:37:42,,,1996-01-01,,서울특별시 금천구 가산동 **-**,2005317010523200320,3170000,,,,04,취소/말소/만료/정지/중지,,,02-869-9996
,마이베스트,,,,,2026-05-01 22:37:15,I,01,정상영업,2008-02-21 00:00:00,,,1996-01-01,,서울특별시 금천구 독산동 ***-** *층,2005317010523200322,3170000,,,,01,영업/정상,,,
,에스지(SG)컴퍼니,,,189055.138252216,441958.334400683,2026-05-01 22:37:58,I,07,직권말소,2021-11-16 20:25:41,,,2016-03-17,,,2016317017423200015,3170000,"서울특별시 금천구 서부샛길 ***, 에이동 ***호 (가산동, 대성디폴리스지식산업센터)",08504,,04,취소/말소/만료/정지/중지,,,02-1661-9233
1000000,주식회사 중원모바일,,1000000,189417.708595762,442309.174987731,2026-05-01 22:37:58,I,01,정상영업,2016-04-07 16:12:29,0,,2016-04-06,,,2016317017423200018,3170000,"서울특별시 금천구 가산디지털*로 ***, ***호 (가산동, 에이스테크노타워**차)",08502,,01,영업/정상,,,070-4028-8580
1000000,주식회사 드림트리리치랜드,,1000000,190694.880295092,440764.426277932,2026-05-01 22:37:58,I,07,직권말소,2018-05-03 11:01:15,1000000,,2016-04-18,,,2016317017423200020,3170000,"서울특별시 금천구 두산로 **, 비동 ***호 (독산동, 현대지식산업센터)",08584,,04,취소/말소/만료/정지/중지,,,02-2169-2878
,정우네,,,,,2026-05-01 22:37:59,I,02,휴업처리,2016-06-07 16:26:58,,,2016-04-28,,,2016317017423200023,3170000,서울특별시 금천구 금하로**나길 **-** (시흥동),08647,,02,휴업,2016-06-01,2021-05-31,
10000000,주식회사 티앤정보통신,,10000000,189788.849463856,441731.610478567,2026-05-01 22:37:59,I,07,직권말소,2017-05-11 10:55:16,0,,2016-05-27,,,2016317017423200025,3170000,"서울특별시 금천구 벚꽃로 ***, ***호 (가산동, 월드메르디앙*차)",08511,,04,취소/말소/만료/정지/중지,,,
7472982451,새한신용정보(주),,3485000000,190694.880295092,440764.426277932,2026-05-01 22:37:59,I,01,정상영업,2016-06-08 17:56:05,2734821791,,2016-06-08,,,2016317017423200028,3170000,"서울특별시 금천구 두산로 **,  A동 *층 T-***호 (독산동, 현대지식산업센터)",08584,,01,영업/정상,,,02-2008-3712
11000000,엠디퍼스트 주식회사,,10000000,189202.600232089,441848.24299943,2026-05-01 22:37:59,I,07,직권말소,2021-11-16 20:25:24,1000000,,2016-06-10,,,2016317017423200029,3170000,"서울특별시 금천구 가산디지털*로 ***, ***-*호 (가산동, 월드메르디앙*차)",08505,,04,취소/말소/만료/정지/중지,,,02-862-1685
,에치와이 하안점,,,190228.398869974,438979.047539202,2026-05-01 22:37:59,I,01,정상영업,2021-04-27 14:42:25,,,2010-12-30,,서울특별시 금천구 독산동,2016317017423200030,3170000,서울특별시 금천구 금하로*마길 ** (독산동),08600,,01,영업/정상,,,
,피앨스타,,,189472.091898625,441483.675018356,2026-05-01 22:37:59,I,07,직권말소,2018-05-03 11:00:31,,,2015-04-20,,,2016317017423200032,3170000,"서울특별시 금천구 디지털로 ***, *층 ***호 (가산동, 남성프라자)",08589,,04,취소/말소/만료/정지/중지,,,
,신세계 엘이디,,,190050.903572929,440523.497478209,2026-05-01 22:37:59,I,07,직권말소,2018-05-03 10:59:44,,,2016-07-29,,,2016317017423200038,3170000,"서울특별시 금천구 가산디지털*로 *, ****호 (가산동, 우림라이온스밸리*차)",08591,,04,취소/말소/만료/정지/중지,,,02-1599-1656
50000000,주식회사 미라클씨앤아이,,50000000,189722.178532426,441920.972770099,2026-05-01 22:37:59,I,07,직권말소,2023-11-14 13:18:14,0,,2016-08-17,,,2016317017423200040,3170000,"서울특별시 금천구 벚꽃로 ***, **층 ****호 (가산동, SJ테크노빌)",08511,,04,취소/말소/만료/정지/중지,,,02-539-3738
,아낌없이 주는 나무,,,,,2026-05-01 22:37:59,I,07,직권말소,2021-11-16 20:25:08,,,2016-09-06,,,2016317017423200042,3170000,"서울특별시 금천구 독산로**길 **-*, ***호 (시흥동)",08627,,04,취소/말소/만료/정지/중지,,,070-5133-9918
1980374846,주식회사 밸류테크,,997796938,189127.981104583,442460.505542105,2026-05-01 22:38:00,I,07,직권말소,2021-11-16 20:24:54,982577908,,2016-09-30,,,2016317017423200048,3170000,"서울특별시 금천구 가산디지털*로 ***, ***호 (가산동, 벽산디지털밸리*차)",08501,,04,취소/말소/만료/정지/중지,,,02-864-7403
1483006134,주식회사 코웨어,,100000000,189538.020935968,441982.427934953,2026-05-01 22:38:00,I,01,정상영업,2016-10-17 16:56:49,1159724209,,2016-10-14,,,2016317017423200049,3170000,"서울특별시 금천구 가산디지털*로 ***, C동 ***-A호 (가산동, 우림라이온스밸리)",08507,,01,영업/정상,,,070-4708-3833
50000000,㈜드림 앤 퓨처스,,5000000,189982.344533404,441928.69040241,2026-05-01 22:38:00,I,07,직권말소,2021-11-16 20:24:37,0,,2016-10-24,,,2016317017423200051,3170000,"서울특별시 금천구 디지털로*길 **, A동 ****호 (가산동, 갑을그레이트밸리)",08512,,04,취소/말소/만료/정지/중지,,,02-858-3664
52652714,주식회사 페이클릭,,100000000,189127.981104583,442460.505542105,2026-05-01 22:38:00,I,07,직권말소,2021-11-16 20:24:23,30902574,,2016-10-25,,,2016317017423200052,3170000,"서울특별시 금천구 가산디지털*로 ***, ****호 (가산동, 벽산디지털밸리*차)",08501,,04,취소/말소/만료/정지/중지,,,02-856-1470
50000000,스타링포스 주식회사,,50000000,189788.849463856,441731.610478567,2026-05-01 22:38:00,I,01,정상영업,2020-06-25 15:03:24,0,,2011-12-23,,서울특별시 금천구 가산동 **번지 **호 월드메르디앙*차,2016317017423200055,3170000,"서울특별시 금천구 벚꽃로 ***, 월드메르디앙*차 **층 ****호 (가산동)",08511,,01,영업/정상,,,02-898-1377
20215500,"주식회사 킹스월드인터내셔널(Kings World International Co,)",,500000,189685.715834343,442026.454121483,2026-05-01 22:38:00,I,07,직권말소,2021-11-16 20:24:04,0,,2016-11-21,,,2016317017423200057,3170000,"서울특별시 금천구 벚꽃로 ***, *층 ***호 (가산동, 삼성리더스타워)",08511,,04,취소/말소/만료/정지/중지,,,02-2026-7007
47104061,㈜네오더블유디엔(NeoWDN),,146568581,189459.065518928,441844.960857588,2026-05-01 22:38:00,I,07,직권말소,2018-05-03 10:59:10,193672642,,2016-12-01,,,2016317017423200060,3170000,"서울특별시 금천구 가산디지털*로 ***, *층 ***호 (가산동, 신한이노플렉스)",08506,,04,취소/말소/만료/정지/중지,,,
148705275,㈜햇터라이프,,50000000,189089.927764903,442569.300676147,2026-05-01 22:38:00,I,01,정상영업,2016-12-08 16:38:03,5347197,,2016-12-06,,,2016317017423200061,3170000,"서울특별시 금천구 가마산로 **, ***호 (가산동, 대륭테크노타운*차)",08501,,01,영업/정상,,,02-2163-0044
50000000,주식회사 주주커뮤니케이션즈,,26000000,189829.504142672,441618.071646624,2026-05-01 22:38:00,I,01,정상영업,2017-11-10 14:17:25,24000000,,2017-01-04,,,2017317017423200001,3170000,"서울특별시 금천구 벚꽃로 ***, *층 ***호 (가산동, 벽산디지털밸리*차)",08513,,01,영업/정상,,,02-1600-3551
55000000,주식회사 씨씨티에스,,100000000,189538.020935968,441982.427934953,2026-05-01 22:38:00,I,07,직권말소,2021-11-16 20:23:49,100000000,,2017-01-13,,,2017317017423200002,3170000,"서울특별시 금천구 가산디지털*로 ***, 에이동 ****호 (가산동, 우림라이온스밸리)",08507,,04,취소/말소/만료/정지/중지,,,
10000000,주식회사 제율엠디씨,,10000000,190183.613319646,441777.324472507,2026-05-01 22:38:00,I,07,직권말소,2021-11-16 20:23:23,0,,2017-01-16,,,2017317017423200003,3170000,"서울특별시 금천구 디지털로**길 **, *층 ***호 (가산동, 비즈트위트 바이올렛 *차)",08515,,04,취소/말소/만료/정지/중지,,,02-556-2178
,인모션코리아,,,190694.880295092,440764.426277932,2026-05-01 22:38:00,I,07,직권말소,2018-05-03 10:58:25,,,2017-03-09,,,2017317017423200008,3170000,"서울특별시 금천구 두산로 **, B동 *층 ***-*호 (독산동, 현대지식산업센터)",08584,,04,취소/말소/만료/정지/중지,,,
,아이넷,,,,,2026-05-01 22:41:32,I,04,직권취소,2008-02-21 00:00:00,,2007-10-22,2002-03-04,,서울특별시 영등포구 당산동*가*-* 영화빌딩 *층,2002318011723200623,3180000,,,,04,취소/말소/만료/정지/중지,,,02-2636-5230
,K&I INC,,,,,2026-05-01 22:41:32,I,04,직권취소,2008-02-21 00:00:00,,2007-10-22,2002-03-04,,서울특별시 영등포구 신길동**-* 오피스텔 ****,2002318011723200624,3180000,,,,04,취소/말소/만료/정지/중지,,,02-849-9923
,(주)내추럴이십일,,,,,2026-05-01 22:41:32,I,04,직권취소,2008-02-21 00:00:00,,2007-10-22,2002-03-04,,서울특별시 영등포구 당산동*가***-* 환희빌딩 ***호,2002318011723200625,3180000,,,,04,취소/말소/만료/정지/중지,,,02-2068-4404
,새마을농축산,,,,,2026-05-01 22:41:32,I,07,직권말소,2012-06-11 17:57:58,,,2002-04-13,,서울특별시 영등포구 영등포동*가**-***,2002318011723200645,3180000,,,,04,취소/말소/만료/정지/중지,,,02-631-2718
,비겐메디칼,,,,,2026-05-01 22:41:32,I,07,직권말소,2013-03-25 20:31:38,,,2002-04-26,,서울특별시 영등포구 대림동***-**,2002318011723200651,3180000,,,,04,취소/말소/만료/정지/중지,,,02-668-4782
,비겐의료기,,,,,2026-05-01 22:41:32,I,04,직권취소,2008-09-29 16:01:40,,2008-09-23,2002-04-27,,서울특별시 영등포구 영등포동*가**-**,2002318011723200652,3180000,,,,04,취소/말소/만료/정지/중지,,,02-2637-4023
,한마음상사,,,192686.370577691,445551.666289363,2026-05-01 22:41:32,I,01,정상영업,2020-11-18 09:47:38,,,2002-04-29,,서울특별시 영등포구 신길동 ***-**,2002318011723200654,3180000,"서울특별시 영등포구 도신로**길 *, *층 (신길동)",07351,,01,영업/정상,,,
,(주)진성매니아,,,,,2026-05-01 22:41:32,I,07,직권말소,2009-06-03 21:47:56,,,2002-05-07,,서울특별시 영등포구 당산동*가**-* 혜천빌딩*층,2002318011723200659,3180000,,,,04,취소/말소/만료/정지/중지,,,02-2638-0560
,(주)케이티라인,,,,,2026-05-01 22:41:32,I,04,직권취소,2008-02-21 00:00:00,,2007-10-22,2002-05-08,,서울특별시 영등포구 당산동*가***-** 종오빌딩*층,2002318011723200660,3180000,,,,04,취소/말소/만료/정지/중지,,,02-867-0867
,21세기홍삼마을,,,,,2026-05-01 22:41:32,I,04,직권취소,2008-02-21 00:00:00,,2007-10-22,2002-06-18,,서울특별시 영등포구 당산동*가**-* 영등포유통상가지층사열*-**호,2002318011723200674,3180000,,,,04,취소/말소/만료/정지/중지,,,02-679-0053
0,후지판매(주),,0,,,2026-05-01 22:41:32,I,07,직권말소,2019-08-14 11:48:09,0,,2002-06-28,,서울특별시 영등포구 양평동*가**-** 태광빌딩*층,2002318011723200678,3180000,,,,04,취소/말소/만료/정지/중지,,,02-2633-4321
,..,,,,,2026-05-01 22:41:32,I,07,직권말소,2009-06-03 21:47:18,,,2002-07-15,,서울특별시 영등포구 양평동*가**-* 라이너빌딩*층,2002318011723200682,3180000,,,,04,취소/말소/만료/정지/중지,,,02-2633-9064
,대상통상,,,,,2026-05-01 22:41:32,I,04,직권취소,2008-02-21 00:00:00,,2007-10-22,2002-08-03,,서울특별시 영등포구 대림동***-**,2002318011723200690,3180000,,,,04,취소/말소/만료/정지/중지,,,02-836-4900
,서울교육미디어,,,,,2026-05-01 22:41:32,I,04,직권취소,2008-02-21 00:00:00,,2007-10-22,2002-08-14,,서울특별시 영등포구 신길동****-* ***호,2002318011723200696,3180000,,,,04,취소/말소/만료/정지/중지,,,02-832-5437
25154830761847,현대카드주식회사,,3822507957098,192689.645965823,447427.723209548,2026-05-01 22:41:32,I,01,정상영업,2025-08-12 11:20:13,21332322804749,,2002-09-02,,서울특별시 영등포구 여의도동 **-** 현대카드빌딩 *관,2002318011723200705,3180000,"서울특별시 영등포구 의사당대로 *, 현대카드빌딩 *관 (여의도동)",07237,,01,영업/정상,,,02-2167-7216
,현대상사,,,,,2026-05-01 22:41:32,I,07,직권말소,2010-05-24 11:51:35,,,2002-09-11,,서울특별시 영등포구 대림동***-* 조양빌딩 ***호,2002318011723200709,3180000,,,,04,취소/말소/만료/정지/중지,,,02-848-1346
,레미트화장품대리점,,,,,2026-05-01 22:41:33,I,04,직권취소,2008-02-21 00:00:00,,2007-10-22,2002-10-15,,서울특별시 영등포구 대림동***-*,2002318011723200724,3180000,,,,04,취소/말소/만료/정지/중지,,,02-834-7445
0,(주)창덕이앤씨,,0,,,2026-05-01 22:41:33,I,04,직권취소,2008-02-21 00:00:00,0,2007-10-22,2002-10-23,,서울특별시 영등포구 여의도동**-* 대한빌딩 *층,2002318011723200727,3180000,,,,04,취소/말소/만료/정지/중지,,,02-786-5367
,휴먼엔피플(주),,,,,2026-05-01 22:41:33,I,04,직권취소,2008-02-21 00:00:00,,2007-10-22,2002-11-07,,서울특별시 영등포구 여의도동**-*,2002318011723200730,3180000,,,,04,취소/말소/만료/정지/중지,,,02-761-8474
,주식회사대림오토,,,,,2026-05-01 22:41:33,I,04,직권취소,2008-02-21 00:00:00,,2007-10-22,2002-11-07,,서울특별시 영등포구 대림동***-**,2002318011723200731,3180000,,,,04,취소/말소/만료/정지/중지,,,02-846-8444
,강원남부생약농협서울지점,,,,,2026-05-01 22:41:33,I,07,직권말소,2009-06-03 21:46:38,,,2002-11-20,,서울특별시 영등포구 대림동***-*,2002318011723200736,3180000,,,,04,취소/말소/만료/정지/중지,,,02-834-8195
,제이엘,,,,,2026-05-01 22:41:33,I,04,직권취소,2008-02-21 00:00:00,,2007-10-22,2002-12-16,,서울특별시 영등포구 영등포동*가**-***,2002318011723200745,3180000,,,,04,취소/말소/만료/정지/중지,,,02-2635-2573
0,(주)신도매직테크,,0,,,2026-05-01 22:41:33,I,07,직권말소,2012-02-29 13:51:35,0,,2002-12-20,,서울특별시 영등포구 당산동*가***-*,2002318011723200747,3180000,,,,04,취소/말소/만료/정지/중지,,,02-678-9714
,if,,,,,2026-05-01 22:41:33,I,04,직권취소,2008-02-21 00:00:00,,2007-10-22,2003-01-08,,서울특별시 영등포구 영등포동*가**-*,2003318011723200760,3180000,,,,04,취소/말소/만료/정지/중지,,,02-2634-9480
200000000,(주)제이엠바이오,,150000000,,,2026-05-01 22:41:33,I,07,직권말소,2019-08-14 11:47:39,150000000,,2003-01-24,,서울특별시 영등포구 당산동*가***-* 당일빌딩 ***호,2003318011723200774,3180000,,,,04,취소/말소/만료/정지/중지,,,02-2677-1439
,명원실업,,,,,2026-05-01 22:41:33,I,04,직권취소,2008-09-29 16:01:06,,2008-09-23,2003-01-29,,서울특별시 영등포구 당산동*가***-**,2003318011723200777,3180000,,,,04,취소/말소/만료/정지/중지,,,02-2672-9311
0,(주)케이씨이천일,,0,,,2026-05-01 22:41:33,I,04,직권취소,2008-02-21 00:00:00,0,2007-10-22,2003-02-13,,서울특별시 영등포구 영등포동*가**-***,2003318011723200784,3180000,,,,04,취소/말소/만료/정지/중지,,,02-2676-0600
,스카이라인,,,,,2026-05-01 22:41:33,I,04,직권취소,2008-02-21 00:00:00,,2007-10-22,2003-02-14,,서울특별시 영등포구 당산동*가***-***,2003318011723200786,3180000,,,,04,취소/말소/만료/정지/중지,,,02-2679-8730
,(주)로렐미디어,,,,,2026-05-01 22:41:33,I,07,직권말소,2019-08-14 11:46:56,,,2003-03-05,,서울특별시 영등포구 영등포동*가**-*,2003318011723200791,3180000,,,,04,취소/말소/만료/정지/중지,,,02-2068-4200
,(ㅈ)한국사이버교육시스템,,,,,2026-05-01 22:37:15,I,07,직권말소,2012-09-17 12:56:49,,,1996-01-01,,서울특별시 금천구 가산동 ***-** 벽산디지털밸리**차****호,2005317010523200332,3170000,,,,04,취소/말소/만료/정지/중지,,,02-2113-0678
,(주)라이트스피드,,,,,2026-05-01 22:37:15,I,07,직권말소,2012-09-17 12:59:41,,,1996-01-01,,서울특별시 금천구 가산동 ***-** 코오롱디지탈타워 애스턴아파트형공장***호,2005317010523200334,3170000,,,,04,취소/말소/만료/정지/중지,,,02-2082-8175
,(주)라이트스피드,,,,,2026-05-01 22:37:15,I,07,직권말소,2012-09-19 18:33:15,,,1996-01-01,,서울특별시 금천구 가산동 ***-** 코오롱디지탈타워 애스턴아파트형공장***호,2005317010523200335,3170000,,,,04,취소/말소/만료/정지/중지,,,02-2082-8175
,마이다스차이나,,,,,2026-05-01 22:37:15,I,07,직권말소,2012-09-18 11:04:41,,,1996-01-01,,서울특별시 금천구 가산동 ***-** 우림라이온스밸리 b-***,2005317010523200336,3170000,,,,04,취소/말소/만료/정지/중지,,,02-2026-5900
,마이다스차이나,,,,,2026-05-01 22:37:15,I,01,정상영업,2008-02-21 00:00:00,,,1996-01-01,,서울특별시 금천구 가산동 ***-** 우림라이온스밸리 b-***,2005317010523200337,3170000,,,,01,영업/정상,,,02-2026-5900
,(주)이오니아생활건강,,,,,2026-05-01 22:37:15,I,01,정상영업,2008-02-21 00:00:00,,,1996-01-01,,서울특별시 금천구 가산동 **-** 삼성리더스타워***호,2005317010523200338,3170000,,,,01,영업/정상,,,02-2026-6660
,(주)국일이앤씨,,,,,2026-05-01 22:37:15,I,01,정상영업,2008-02-21 00:00:00,,,1996-01-01,,서울특별시 금천구 독산동 ****-* kt신금천지점,2005317010523200339,3170000,,,,01,영업/정상,,,02-898-7611
,유니베라시흥남부대리점,,,,,2026-05-01 22:37:15,I,01,정상영업,2008-02-21 00:00:00,,,1996-01-01,,서울특별시 금천구 시흥동 ***-** *층,2006317010523200340,3170000,,,,01,영업/정상,,,02-896-7040
,백년건강원,,,,,2026-05-01 22:37:15,I,01,정상영업,2008-02-21 00:00:00,,,1996-01-01,,서울특별시 금천구 독산동 ****-*,2006317010523200342,3170000,,,,01,영업/정상,,,02-861-0804
,(주)와이즌네트웍,,,,,2026-05-01 22:37:15,I,07,직권말소,2016-06-21 14:40:45,,,1996-01-01,,서울특별시 금천구 가산동 ***-* 에이스**차***호,2006317010523200343,3170000,,,,04,취소/말소/만료/정지/중지,,,02-6670-0050
,MS 코리아,,,,,2026-05-01 22:37:15,I,01,정상영업,2008-02-21 00:00:00,,,1996-01-01,,서울특별시 금천구 가산동 ***-* 열림실업*층,2006317010523200344,3170000,,,,01,영업/정상,,,02-2082-8888
,(주)케넷토피아,,,,,2026-05-01 22:37:15,I,07,직권말소,2012-09-17 10:49:00,,,1996-01-01,,서울특별시 금천구 가산동 ***-** 우림라이온스밸리 A동**층****호,2006317010523200345,3170000,,,,04,취소/말소/만료/정지/중지,,,
,(주)가로수닷컴,,,,,2026-05-01 22:37:16,I,01,정상영업,2021-10-06 10:18:02,,,1996-01-01,,서울특별시 금천구 가산동 ***-*,2006317010523200348,3170000,,,,01,영업/정상,,,02-2105-6315
,지엠씨퍼포먼스,,,,,2026-05-01 22:37:16,I,07,직권말소,2012-09-19 18:20:12,,,1996-01-01,,서울특별시 금천구 가산동 ***-** 우림라이온스 b-****,2006317010523200350,3170000,,,,04,취소/말소/만료/정지/중지,,,02-2026-5007
,(주)인터내셔날뱅크,,,,,2026-05-01 22:37:16,I,07,직권말소,2012-09-17 10:42:36,,,1996-01-01,,서울특별시 금천구 가산동 ***-** 우림라이온스c동****호,2006317010523200351,3170000,,,,04,취소/말소/만료/정지/중지,,,02-2026-4114
,(주)서울바이오메디칼,,,,,2026-05-01 22:37:16,I,07,직권말소,2018-05-03 11:10:37,,,1996-01-01,,서울특별시 금천구 가산동 ***-* 대륭*차***호,2006317010523200352,3170000,,,,04,취소/말소/만료/정지/중지,,,02-2108-4785
,유한메디헬스,,,,,2026-05-01 22:37:15,I,01,정상영업,2008-02-21 00:00:00,,,1996-01-01,,서울특별시 금천구 독산동 ****-* 무송빌딩*층,2005317010523200323,3170000,,,,01,영업/정상,,,02-807-0729
,(주)인텔라인,,,190017.250880558,441989.068727342,2026-05-01 22:37:15,I,01,정상영업,2016-08-16 17:19:18,,,1996-01-01,,서울특별시 금천구 가산동,2005317010523200325,3170000,"서울특별시 금천구 디지털로**길 **, ***호 (가산동, 이레빌딩)",08512,,01,영업/정상,,,02-2108-4399
,실버그린,,,,,2026-05-01 22:37:15,I,07,직권말소,2012-09-17 10:59:21,,,1996-01-01,,서울특별시 금천구 독산동 ****-* 여포빌딩***호,2005317010523200326,3170000,,,,04,취소/말소/만료/정지/중지,,,02-808-6010
,이지정보통신,,,,,2026-05-01 22:37:15,I,01,정상영업,2008-02-21 00:00:00,,,1996-01-01,,서울특별시 금천구 독산동 ****-** 대보빌딩***호,2005317010523200327,3170000,,,,01,영업/정상,,,02-896-3701
,궁전생활쇼핑,,,,,2026-05-01 22:37:15,I,07,직권말소,2012-09-19 18:18:09,,,1996-01-01,,서울특별시 금천구 독산동 *-* ****-**,2005317010523200330,3170000,,,,04,취소/말소/만료/정지/중지,,,
,생각그리는아이,,,,,2026-05-01 22:37:15,I,01,정상영업,2008-02-21 00:00:00,,,1996-01-01,,서울특별시 금천구 시흥동 ***-* 도일산호티빌***호,2005317010523200331,3170000,,,,01,영업/정상,,,02-805-5008
100000000,㈜이비즈월드,,100000000,189417.708595762,442309.174987731,2026-05-01 22:38:01,I,07,직권말소,2018-05-03 10:57:36,0,,2017-03-10,,,2017317017423200009,3170000,"서울특별시 금천구 가산디지털*로 ***, **층 ****호 (가산동, 에이스테크노타워**차)",08502,,04,취소/말소/만료/정지/중지,,,02-866-2358
56000000,㈜희원마샬,,20000000,189538.020935968,441982.427934953,2026-05-01 22:38:01,I,01,정상영업,2017-04-05 12:27:23,36000000,,2017-03-23,,,2017317017423200010,3170000,"서울특별시 금천구 가산디지털*로 ***, 씨동 ***호 (가산동, 우림라이온스밸리)",08507,,01,영업/정상,,,02-546-6576
,한국인삼열매공사,,,189877.178943503,442093.648596802,2026-05-01 22:38:01,I,01,정상영업,2017-03-28 16:50:22,,,2013-08-05,,서울특별시 금천구 가산동 ****번지 *호 무광프라자 ***호,2017317017423200011,3170000,"서울특별시 금천구 디지털로*길 **, 지*층 비***호 (가산동, 대륭포스트타워 *차)",08512,,01,영업/정상,,,02-861-8880
12247779571,주식회사 세계로시스템,,7350152682,189497.04098479,441728.27059771,2026-05-01 22:38:01,I,01,정상영업,2017-04-07 16:00:43,50000000,,2017-04-06,,,2017317017423200012,3170000,"서울특별시 금천구 가산디지털*로 ***, ****호 (가산동, IT캐슬*차)",08506,,01,영업/정상,,,02-1599-0056
96451000,주식회사 다움라이프,,96451000,189917.493331104,442031.656022304,2026-05-01 22:38:01,I,07,직권말소,2018-05-03 10:55:56,0,,2017-04-07,,,2017317017423200013,3170000,"서울특별시 금천구 디지털로*길 **, *층 ***호 (가산동, 코오롱테크노밸리)",08512,,04,취소/말소/만료/정지/중지,,,02-866-2333
,정원 플래닛[Jeongwon Planet],,,189797.251808445,441250.271238238,2026-05-01 22:38:01,I,01,정상영업,2017-04-10 16:40:36,,,2017-04-07,,,2017317017423200014,3170000,"서울특별시 금천구 가산디지털*로 **, **층 ****호 (가산동, 에이스하이엔드타워*차)",08590,,01,영업/정상,,,02-1566-8743
,제이티애드,,,189089.927764903,442569.300676147,2026-05-01 22:38:01,I,01,정상영업,2017-04-10 16:41:32,,,2017-04-07,,,2017317017423200015,3170000,"서울특별시 금천구 가마산로 **, **층 ****호 (가산동, 대륭테크노타운*차)",08501,,01,영업/정상,,,02-1566-6319
12235254,주식회사 롯데씨티종합물류,,5000000,191226.287379467,437914.06299827,2026-05-01 22:38:01,I,07,직권말소,2021-11-16 20:18:32,18914330,,2017-04-17,,,2017317017423200016,3170000,"서울특별시 금천구 시흥대로 **, **동 ***호 (시흥동, 시흥유통상가)",08639,,04,취소/말소/만료/정지/중지,,,02-6267-7002
500000000,"스티븐슨글로벌(STG,Co.,LTD.)",,500000000,189434.721897968,441862.707622957,2026-05-01 22:38:01,I,07,직권말소,2021-11-16 20:18:01,0,,2017-04-26,,,2017317017423200017,3170000,"서울특별시 금천구 가산디지털*로 ***, ****호 (가산동, 이노플렉스*차)",08506,,04,취소/말소/만료/정지/중지,,,070-4416-3536
1000000,㈜대표이사,,1000000,189863.599516869,440684.494000821,2026-05-01 22:38:01,I,07,직권말소,2021-11-16 20:18:16,0,,2017-05-18,,,2017317017423200019,3170000,"서울특별시 금천구 가산디지털*로 **, **층 ****호 (가산동, 대륭테크노타운**차)",08594,,04,취소/말소/만료/정지/중지,,,02-1544-2415
30000000,주식회사 한국치과유통,,30000000,188979.225789508,442035.622560657,2026-05-01 22:38:01,I,07,직권말소,2021-11-16 20:10:16,0,,2017-05-22,,,2017317017423200020,3170000,"서울특별시 금천구 서부샛길 ***, ***호 (가산동, 대륭테크노타운*차)",08504,,04,취소/말소/만료/정지/중지,,,02-2107-7955
499260257,주식회사 셀캅,,124631386,190694.880295092,440764.426277932,2026-05-01 22:38:01,I,07,직권말소,2021-11-16 20:09:58,367478564,,2017-06-05,,,2017317017423200021,3170000,"서울특별시 금천구 두산로 **, 에이동 ***호 (독산동, 현대지식산업센터)",08584,,04,취소/말소/만료/정지/중지,,,070-4667-6039
11300000,"주식회사 모바일서포트(MOBILE SUPPORT Co.,Ltd)",,10000000,189538.020935968,441982.427934953,2026-05-01 22:38:01,I,01,정상영업,2017-08-02 15:56:39,1300000,,2017-06-12,,,2017317017423200022,3170000,"서울특별시 금천구 가산디지털*로 ***, 제비-*층 ***호 (가산동, 우림라이온스밸리)",08507,,01,영업/정상,,,02-862-0076
,그린넷,,,191418.299850895,441082.342293952,2026-05-01 22:38:01,I,07,직권말소,2023-11-14 13:17:57,,,2016-11-01,,서울특별시 금천구 독산동 ***번지 *호,2017317017423200023,3170000,"서울특별시 금천구 두산로 **, B동 **층 ****-*호 (독산동, 현대지식산업센터)",08584,,04,취소/말소/만료/정지/중지,,,
,매일우유금천가정대리점,,,190314.227021648,439010.733664898,2026-05-01 22:38:01,I,01,정상영업,2017-06-29 16:08:05,,,2017-06-28,,,2017317017423200025,3170000,"서울특별시 금천구 금하로*다길 **, *층 (독산동)",08600,,01,영업/정상,,,02-898-2063
,연세우유구로보급소,,,190616.212910362,441116.168397542,2026-05-01 22:38:01,I,01,정상영업,2017-07-19 16:38:40,,,2017-07-18,,,2017317017423200028,3170000,서울특별시 금천구 가산로*길 ** (독산동),08524,,01,영업/정상,,,02-862-8558
334028722324,㈜천재교과서,,117443097448,190021.956927088,440609.209534256,2026-05-01 22:38:01,I,01,정상영업,2025-04-09 13:23:41,216585624876,,2017-07-27,,서울특별시 금천구 가산동 ***,2017317017423200029,3170000,"서울특별시 금천구 가산디지털*로 **, **,**~**층 (가산동)",08591,,01,영업/정상,,,02-3282-7572
969146052,(주)한교연,,475123574,189055.138252216,441958.334400683,2026-05-01 22:38:02,I,01,정상영업,2017-07-28 16:33:04,494022478,,2016-09-13,,,2017317017423200030,3170000,"서울특별시 금천구 서부샛길 ***, B동 **층 ****호 (가산동, 대성디폴리스지식산업센터)",08504,,01,영업/정상,,,070-8611-2985
10000000,㈜네이쳐,,10000000,189127.981104583,442460.505542105,2026-05-01 22:38:02,I,01,정상영업,2018-10-11 16:49:19,0,,2017-05-18,,,2017317017423200032,3170000,"서울특별시 금천구 가산디지털*로 ***, ****,****호 (가산동, 벽산디지털밸리*차)",08501,,01,영업/정상,,,
34177000,주식회사 씨엠피글로벌,,5000000,189943.529964101,440455.075991442,2026-05-01 22:38:02,I,07,직권말소,2021-11-16 20:09:31,41000000,,2017-08-17,,,2017317017423200033,3170000,"서울특별시 금천구 가산디지털*로 *, ****호 (가산동, 더루벤스밸리)",08594,,04,취소/말소/만료/정지/중지,,,02-444-8801
25000000,주식회사 풍류가,,10000000,189685.715834343,442026.454121483,2026-05-01 22:38:02,I,07,직권말소,2021-11-16 20:09:11,15000000,,2017-09-12,,,2017317017423200035,3170000,"서울특별시 금천구 벚꽃로 ***, ***호 (가산동, 삼성리더스타워)",08511,,04,취소/말소/만료/정지/중지,,,
300000000,㈜올쿠,,300000000,189834.383375802,441938.326056501,2026-05-01 22:38:02,I,07,직권말소,2021-11-16 20:08:55,0,,2017-09-12,,,2017317017423200036,3170000,"서울특별시 금천구 디지털로*길 **, ***호 (가산동, 한신IT 타워*차)",08511,,04,취소/말소/만료/정지/중지,,,02-523-2489
,골드정보시스템,,,190694.880295092,440764.426277932,2026-05-01 22:38:02,I,07,직권말소,2021-11-16 20:08:36,,,2017-09-15,,,2017317017423200038,3170000,"서울특별시 금천구 두산로 **, 에이동 **층 ****(좌측)호 (독산동, 현대지식산업센터)",08584,,04,취소/말소/만료/정지/중지,,,02-2169-2107
20000000,(주)위너라이프,,12000000,189417.708595762,442309.174987731,2026-05-01 22:38:02,I,07,직권말소,2021-11-16 20:08:18,9571900,,2017-09-26,,,2017317017423200039,3170000,"서울특별시 금천구 가산디지털*로 ***, *층 ***호 (가산동, 에이스테크노타워**차)",08502,,04,취소/말소/만료/정지/중지,,,02-853-5302
,헬스피아,,,,,2026-05-01 22:41:33,I,07,직권말소,2009-06-03 21:44:41,,,2003-03-17,,서울특별시 영등포구 대림동***-*,2003318011723200796,3180000,,,,04,취소/말소/만료/정지/중지,,,02-834-4267
,컴스쿨,,,,,2026-05-01 22:41:33,I,07,직권말소,2021-10-21 15:42:26,,,2003-03-28,,서울특별시 영등포구 당산동*가**-*,2003318011723200799,3180000,,,,04,취소/말소/만료/정지/중지,,,02-2675-7186
,드림스 온 에듀(Dreams On Edu),,,190632.580522515,447577.52016169,2026-05-01 22:41:33,I,01,정상영업,2016-06-15 11:54:15,,,2003-04-21,,,2003318011723200809,3180000,"서울특별시 영등포구 선유동*로 **, *층 (양평동*가, 청구빌딩)",,,01,영업/정상,,,02-2636-6815
,(주)아로마아이씨이,,,,,2026-05-01 22:41:33,I,04,직권취소,2008-09-29 16:00:34,,2008-09-23,2003-04-30,,서울특별시 영등포구 당산동*가**-*,2003318011723200814,3180000,,,,04,취소/말소/만료/정지/중지,,,02-2675-9944
1,(주)한국에스엠아이,,1,,,2026-05-01 22:41:33,I,07,직권말소,2012-02-29 13:49:04,1,,2003-05-13,,서울특별시 영등포구 여의도동**-* 증권금융빌딩 *층,2003318011723200824,3180000,,,,04,취소/말소/만료/정지/중지,,,02-3775-3773
,원전커머스부영대리점,,,,,2026-05-01 22:41:33,I,04,직권취소,2008-02-21 00:00:00,,2007-10-22,2003-06-18,,서울특별시 영등포구 당산동*가**-*,2003318011723200836,3180000,,,,04,취소/말소/만료/정지/중지,,,02-2632-5097
0,(주)탑에이스스터디,,0,,,2026-05-01 22:41:33,I,07,직권말소,2020-06-24 14:35:53,0,,2003-07-04,,서울특별시 영등포구 당산동*가**-* 동선빌딩-***,2003318011723200843,3180000,,,,04,취소/말소/만료/정지/중지,,,02-3667-8272
,사이버아이넷스쿨,,,,,2026-05-01 22:41:33,I,04,직권취소,2008-02-21 00:00:00,,2007-10-22,2003-07-11,,서울특별시 영등포구 신길동***-**,2003318011723200847,3180000,,,,04,취소/말소/만료/정지/중지,,,02-849-9358
,하나의료기,,,,,2026-05-01 22:41:33,I,04,직권취소,2008-02-21 00:00:00,,2007-10-22,2003-07-11,,서울특별시 영등포구 도림동*-**,2003318011723200850,3180000,,,,04,취소/말소/만료/정지/중지,,,02-831-8075
0,(주)백이백,,0,,,2026-05-01 22:41:33,I,04,직권취소,2008-02-21 00:00:00,0,2007-10-22,2003-07-24,,서울특별시 영등포구 당산동*가***-*,2003318011723200851,3180000,,,,04,취소/말소/만료/정지/중지,,,02-2637-2268
,원전커머스양평동미라현대리점,,,,,2026-05-01 22:41:33,I,07,직권말소,2010-05-24 11:50:27,,,2003-07-26,,서울특별시 영등포구 양평동*가**-*,2003318011723200852,3180000,,,,04,취소/말소/만료/정지/중지,,,02-2671-6015
,건강한 사람들,,,190961.112258809,444207.206535829,2026-05-01 22:41:34,I,01,정상영업,2022-03-15 10:14:10,,,2003-08-01,,서울특별시 영등포구 대림동 ***-**,2003318011723200853,3180000,서울특별시 영등포구 대림로**가길 ** (대림동),07401,,01,영업/정상,,,02-835-6821
0,효명정보통신주식회사,,0,,,2026-05-01 22:41:34,I,04,직권취소,2008-02-21 00:00:00,0,2007-10-22,2003-08-13,,서울특별시 영등포구 여의도동**-* 동성빌딩 *층,2003318011723200855,3180000,,,,04,취소/말소/만료/정지/중지,,,02-6292-1021
,한국선물서울지사,,,,,2026-05-01 22:41:34,I,04,직권취소,2008-09-29 16:00:04,,2008-09-23,2003-08-20,,서울특별시 영등포구 도림동***-**,2003318011723200858,3180000,,,,04,취소/말소/만료/정지/중지,,,02-2659-6772
,솔표조선건강,,,,,2026-05-01 22:41:34,I,04,직권취소,2008-02-21 00:00:00,,2007-10-22,2003-08-22,,서울특별시 영등포구 여의도동**-**,2003318011723200862,3180000,,,,04,취소/말소/만료/정지/중지,,,02-761-9980
,현대 C.D.I,,,,,2026-05-01 22:41:34,I,04,직권취소,2008-02-21 00:00:00,,2007-10-22,2003-09-05,,서울특별시 영등포구 대림동***-**,2003318011723200868,3180000,,,,04,취소/말소/만료/정지/중지,,,02-843-4316
,윤선생영어숲영등포동부학원,,,191032.576958797,447562.524720599,2026-05-01 22:41:34,I,07,직권말소,2025-06-30 09:40:36,,,2003-09-06,150-805,서울특별시 영등포구 당산동*가 **번지 *호 신우빌딩*층  *호,2003318011723200869,3180000,"서울특별시 영등포구 당산로 ***, *층 *호 (당산동*가, 신우빌딩)",,,04,취소/말소/만료/정지/중지,,,02-2068-2250
,(주)제이비라이프,,,,,2026-05-01 22:41:34,I,04,직권취소,2008-02-21 00:00:00,,2007-10-22,2003-10-27,,서울특별시 영등포구 여의도동**-* 미원빌딩 **층,2003318011723200884,3180000,,,,04,취소/말소/만료/정지/중지,,,02-783-0375
,(주)리치밸리,,,,,2026-05-01 22:41:34,I,04,직권취소,2008-02-21 00:00:00,,2007-10-22,2003-11-12,,서울특별시 영등포구 당산동*가***-***,2003318011723200892,3180000,,,,04,취소/말소/만료/정지/중지,,,02-2069-1831
,유래네츄럴,,,,,2026-05-01 22:41:34,I,04,직권취소,2008-09-29 15:59:37,,2008-09-23,2003-11-19,,서울특별시 영등포구 신길동***-*,2003318011723200896,3180000,,,,04,취소/말소/만료/정지/중지,,,02-842-6865
0,(주)친구넷,,0,,,2026-05-01 22:41:34,I,04,직권취소,2008-02-21 00:00:00,0,2007-10-22,2003-11-24,,서울특별시 영등포구 당산동*가***-*,2003318011723200897,3180000,,,,04,취소/말소/만료/정지/중지,,,02-2068-4077
,살맛나는세상,,,,,2026-05-01 22:41:34,I,04,직권취소,2008-02-21 00:00:00,,2007-10-22,2003-12-06,,서울특별시 영등포구 여의도동**-* 백상빌딩 ***호,2003318011723200901,3180000,,,,04,취소/말소/만료/정지/중지,,,02-1588-8457
38620395904,(주)천궁실버라이프,,1500000000,191537.003577809,447765.030228458,2026-05-01 22:41:34,I,07,직권말소,2020-06-24 14:35:20,73860198399,,2003-12-10,,서울특별시 영등포구 당산동*가 **번지 **호 성원빌딩,2003318011723200902,3180000,"서울특별시 영등포구 양평로 *, 성원빌딩 *층 (당산동*가)",07214,,04,취소/말소/만료/정지/중지,,,1544-4744
,(주)다음세계,,,,,2026-05-01 22:41:34,I,05,타시군구이관,2010-01-13 18:46:33,,,2003-12-02,,서울특별시 영등포구 영등포동*가**-*,2003318011723200906,3180000,,,,05,제외/삭제/전출,,,02-2068-9482
,한국교육문화원,,,,,2026-05-01 22:41:34,I,04,직권취소,2008-09-29 15:59:12,,2008-09-23,2003-12-22,,서울특별시 영등포구 당산동*가***-**,2003318011723200907,3180000,,,,04,취소/말소/만료/정지/중지,,,02-2677-7833
,아상실업,,,,,2026-05-01 22:41:34,I,07,직권말소,2009-06-03 21:44:19,,,2003-12-30,,서울특별시 영등포구 영등포동*가**-* 안남빌딩 *층,2003318011723200909,3180000,,,,04,취소/말소/만료/정지/중지,,,02-2068-9482
,쌍용자동차여의도영업소,,,,,2026-05-01 22:41:34,I,04,직권취소,2008-09-29 15:58:45,,2008-09-23,2004-02-04,,서울특별시 영등포구 여의도동**-*,2004318011723200085,3180000,,,,04,취소/말소/만료/정지/중지,,,02-784-0117
0,(주)건강사회,,0,,,2026-05-01 22:41:34,I,04,직권취소,2008-02-21 00:00:00,0,2007-10-22,2004-01-19,,서울특별시 영등포구 여의도동**-*,2004318011723200913,3180000,,,,04,취소/말소/만료/정지/중지,,,02-6333-8988
,(주)유니온모비스,,,,,2026-05-01 22:37:16,I,07,직권말소,2012-09-17 13:01:47,,,1996-01-01,,서울특별시 금천구 가산동 ***-* 열림실업 b-***,2006317010523200371,3170000,,,,04,취소/말소/만료/정지/중지,,,02-1588-0269
,(주)유니온모비스,,,,,2026-05-01 22:37:16,I,07,직권말소,2012-09-19 18:34:29,,,1996-01-01,,서울특별시 금천구 가산동 ***-* 열림실업 b-***호,2006317010523200372,3170000,,,,04,취소/말소/만료/정지/중지,,,02-1588-0269
,유니베라시흥대리점,,,,,2026-05-01 22:37:16,I,07,직권말소,2012-09-18 11:07:55,,,1996-01-01,,서울특별시 금천구 독산동 ****-**,2006317010523200374,3170000,,,,04,취소/말소/만료/정지/중지,,,02-892-7828
,해피한유러닝(금천총국),,,,,2026-05-01 22:37:16,I,01,정상영업,2008-02-21 00:00:00,,,1996-01-01,,서울특별시 금천구 시흥동 ***-**,2006317010523200375,3170000,,,,01,영업/정상,,,02-386-0961
,마임독산동부지사,,,,,2026-05-01 22:37:16,I,01,정상영업,2010-03-15 13:46:07,,,1996-01-01,,서울특별시 금천구 독산동 ****-**,2006317010523200377,3170000,,,,01,영업/정상,,,02-803-4930
,(주)시스버월드,,,,,2026-05-01 22:37:16,I,07,직권말소,2012-09-17 13:07:20,,,1996-01-01,,서울특별시 금천구 가산동 ***-** 우림라이온스밸리a동****호,2006317010523200379,3170000,,,,04,취소/말소/만료/정지/중지,,,02-2026-5870
,(주)선인바이오텍,,,,,2026-05-01 22:37:16,I,07,직권말소,2012-09-19 20:06:59,,,1996-01-01,,서울특별시 금천구 가산동 ***-* 에이스테크노타워**차****호,2006317010523200380,3170000,,,,04,취소/말소/만료/정지/중지,,,02-868-1967
,(주)진경에프앤비,,,,,2026-05-01 22:37:16,I,01,정상영업,2008-02-21 00:00:00,,,1996-01-01,,서울특별시 금천구 독산동 ****-* 동아빌딩*층***,2006317010523200381,3170000,,,,01,영업/정상,,,02-808-6212
,(주)진경에프앤비,,,,,2026-05-01 22:37:16,I,01,정상영업,2008-02-21 00:00:00,,,1996-01-01,,서울특별시 금천구 독산동 ****-* 동하빌딩*층***호,2006317010523200382,3170000,,,,01,영업/정상,,,02-808-6212
,(주)지마이다스,,,,,2026-05-01 22:37:17,I,07,직권말소,2012-09-17 13:14:07,,,1996-01-01,,서울특별시 금천구 가산동 ***-** 우림라이온스 a-***,2006317010523200383,3170000,,,,04,취소/말소/만료/정지/중지,,,02-2026-5900
,(주)지마이다스,,,,,2026-05-01 22:37:17,I,07,직권말소,2012-09-19 20:11:23,,,1996-01-01,,서울특별시 금천구 가산동 ***-** 우림라이온스a-***,2006317010523200384,3170000,,,,04,취소/말소/만료/정지/중지,,,02-2026-5900
,(주)에이스미래,,,190903.983604754,440076.106739843,2026-05-01 22:37:16,I,07,직권말소,2012-09-17 13:03:42,,,1996-01-01,153-010,서울특별시 금천구 독산동 ****번지 **호 무애재빌딩 *층,2006317010523200354,3170000,"서울특별시 금천구 시흥대로 *** (독산동,무애재빌딩 *층)",,,04,취소/말소/만료/정지/중지,,,02-803-8404
,라이코코리아,,,,,2026-05-01 22:37:16,I,07,직권말소,2021-11-16 20:46:32,,,1996-01-01,,서울특별시 금천구 가산동 ***-**,2006317010523200356,3170000,,,,04,취소/말소/만료/정지/중지,,,02-867-6022
,(주)신애텔,,,,,2026-05-01 22:37:16,I,07,직권말소,2012-09-17 12:38:28,,,1996-01-01,,서울특별시 금천구 시흥동 ***-* 시흥산업용재유통센터**-*층***호,2006317010523200358,3170000,,,,04,취소/말소/만료/정지/중지,,,
,웰빙라이프,,,,,2026-05-01 22:37:16,I,07,직권말소,2012-09-19 18:19:36,,,1996-01-01,,서울특별시 금천구 독산동 ****-* ***호,2006317010523200359,3170000,,,,04,취소/말소/만료/정지/중지,,,
,(주)넥스테이션,,,,,2026-05-01 22:37:16,I,07,직권말소,2016-06-21 14:45:15,,,1996-01-01,,서울특별시 금천구 가산동 ***-** 에이스*차**층****-****호,2006317010523200360,3170000,,,,04,취소/말소/만료/정지/중지,,,02-3474-5500
,우성실업,,,,,2026-05-01 22:37:16,I,07,직권말소,2016-06-21 14:46:11,,,1996-01-01,,서울특별시 금천구 가산동 ***-** 연아빌딩,2006317010523200364,3170000,,,,04,취소/말소/만료/정지/중지,,,02-2686-8414
,영제,,,,,2026-05-01 22:37:16,I,01,정상영업,2008-02-21 00:00:00,,,1996-01-01,,서울특별시 금천구 독산동 ***-* 영제빌딩***호,2006317010523200367,3170000,,,,01,영업/정상,,,02-830-6380
100000000,㈜네오 에프피아,,130000000,189662.959175776,442139.514492212,2026-05-01 22:38:02,I,07,직권말소,2021-11-16 20:07:58,0,,2017-10-12,,서울특별시 금천구 가산동 **번지 *호 대륭포스트타워*차,2017317017423200041,3170000,"서울특별시 금천구 벚꽃로 ***, 대륭포스트타워*차 ****호,****호 (가산동)",08510,,04,취소/말소/만료/정지/중지,,,1566-6887
32000000,이룸장례협동조합,,32000000,189055.138252216,441958.334400683,2026-05-01 22:38:02,I,07,직권말소,2021-11-16 20:07:40,0,,2017-10-13,,,2017317017423200042,3170000,"서울특별시 금천구 서부샛길 ***, 비동 ****호 (가산동, 대성디폴리스지식산업센터)",08504,,04,취소/말소/만료/정지/중지,,,02-1811-2997
,아트모마 동작지사,,,191368.96123686,440104.851866396,2026-05-01 22:38:02,I,01,정상영업,2017-10-17 15:25:35,,,2017-10-13,,,2017317017423200043,3170000,"서울특별시 금천구 독산로**길 **, ***호 (독산동, 금산캐슬)",08618,,01,영업/정상,,,
10000000,주식회사 한우리두리,,10000000,189685.715834343,442026.454121483,2026-05-01 22:38:02,I,07,직권말소,2021-11-16 20:07:21,0,,2017-10-17,,,2017317017423200044,3170000,"서울특별시 금천구 벚꽃로 ***, *층 ***호 (가산동, 삼성리더스타워)",08511,,04,취소/말소/만료/정지/중지,,,0505-328-5211
391056114,생명공학 주식회사,,345963752,189467.124186925,441780.0053985,2026-05-01 22:38:02,I,07,직권말소,2021-11-16 20:06:42,45092362,,2017-10-25,,,2017317017423200047,3170000,"서울특별시 금천구 가산디지털*로 ***, *층 ***호 (가산동, 에이스하이엔드타워*차)",08506,,04,취소/말소/만료/정지/중지,,,02-6263-5757
30000000,㈜프롬애드컴퍼니,,30000000,189863.598209033,441870.90420315,2026-05-01 22:38:02,I,04,직권취소,2017-11-21 16:16:45,29778060,2017-11-16,2017-11-16,,서울특별시 금천구 가산동 **번지 **호 IT미래TOWER ***호,2017317017423200051,3170000,"서울특별시 금천구 디지털로*길 **, *층 ***호 (가산동, IT미래TOWER)",08511,,04,취소/말소/만료/정지/중지,,,69494270
2151972128240,관악농업협동조합,,163063218898,191327.609308202,441910.529554511,2026-05-01 22:38:02,I,01,정상영업,2017-11-24 16:16:15,1988908909342,,2017-11-24,,서울특별시 금천구 독산동 ***번지 관악농협,2017317017423200053,3170000,서울특별시 금천구 남부순환로 **** (독산동),08537,,01,영업/정상,,,02-862-5885
,수임ITC,,,189055.138252216,441958.334400683,2026-05-01 22:38:03,I,01,정상영업,2019-01-07 16:36:53,,,2017-11-30,,서울특별시 금천구 가산동 ***번지 *호 대성디폴리스지식산업센터,2017317017423200057,3170000,"서울특별시 금천구 서부샛길 ***, 대성디폴리스지식산업센터 A동 **층 ****호 (가산동)",08504,,01,영업/정상,,,
351006692,㈜와이티케어스,,600000000,189686.475000033,440870.092608694,2026-05-01 22:38:03,I,07,직권말소,2021-11-16 20:02:44,54063803,,2017-12-11,,서울특별시 금천구 가산동 ***번지 **호 대륭테크노타운**차 ***호,2017317017423200058,3170000,"서울특별시 금천구 가산디지털*로 **, 대륭테크노타운**차 ***호 (가산동)",08592,,04,취소/말소/만료/정지/중지,,,02-445-2221
21000000,㈜이룸기획,,21000000,189055.138252216,441958.334400683,2026-05-01 22:38:03,I,07,직권말소,2021-11-16 19:48:08,0,,2017-12-27,,서울특별시 금천구 가산동 ***번지 *호 대성디폴리스지식산업센터,2017317017423200060,3170000,"서울특별시 금천구 서부샛길 ***, 대성디폴리스지식산업센터 ***-*호 (가산동)",08504,,04,취소/말소/만료/정지/중지,,,02-6336-4343
215357473,주식회사 지엠바이오,,200000000,189575.815287955,441503.181731081,2026-05-01 22:38:03,I,07,직권말소,2021-11-16 19:20:04,495314839,,2018-01-09,,서울특별시 금천구 가산동 ***번지 *호 SK트윈테크타워,2018317019023200001,3170000,"서울특별시 금천구 가산디지털*로 ***, SK트윈테크타워 비동 ***호 (가산동)",08589,,04,취소/말소/만료/정지/중지,,,
,마임 시흥남부지사,,,191397.796032306,438518.485081262,2026-05-01 22:38:03,I,01,정상영업,2018-01-24 15:32:33,,,2018-01-24,,서울특별시 금천구 시흥동 ***번지 **호,2018317019023200003,3170000,서울특별시 금천구 독산로 * (시흥동),08631,,01,영업/정상,,,
48517075,(주)덕태미,,50000000,190694.880295092,440764.426277932,2026-05-01 22:38:03,I,07,직권말소,2022-01-18 20:46:37,5286469,,2011-05-31,,서울특별시 금천구 독산동 ***번지 *호 현대지식산업센터,2018317019023200004,3170000,"서울특별시 금천구 두산로 **, A동 ****호 (독산동)",08584,2021-11-16,04,취소/말소/만료/정지/중지,,,02-3285-1488
,건국우유독산보급소,,,191004.699476472,440576.060451649,2026-05-01 22:38:03,I,01,정상영업,2018-02-20 09:04:01,,,2018-02-20,,서울특별시 금천구 독산동 ****번지 대덕트윈빌,2018317019023200006,3170000,"서울특별시 금천구 시흥대로***길 *, ***동 ***호 (독산동, 대덕트윈빌)",08580,,01,영업/정상,,,
,건국우유시흥대리점,,,191875.689334937,439026.229389314,2026-05-01 22:38:03,I,01,정상영업,2018-02-20 09:10:30,,,2018-02-20,,서울특별시 금천구 시흥동 ***번지 *호,2018317019023200007,3170000,서울특별시 금천구 독산로**길 ** (시흥동),08571,,01,영업/정상,,,02-894-0210
93158681045,㈜ 지엔텔,,2100000000,189722.178532426,441920.972770099,2026-05-01 22:38:03,I,01,정상영업,2019-06-04 18:40:19,31922001281,,2018-03-30,,서울특별시 금천구 가산동 **번지 **호 SJ테크노빌,2018317019023200009,3170000,"서울특별시 금천구 벚꽃로 ***, SJ테크노빌 ***~***호 (가산동)",08511,,01,영업/정상,,,02-890-1246
26700000,주식회사 아텀,,3000000,189417.678263584,441342.660096623,2026-05-01 22:38:03,I,01,정상영업,2022-02-11 20:59:37,23700000,,2018-04-04,,서울특별시 금천구 가산동 ***번지 **호 에이스 하이엔드타워*,2018317019023200010,3170000,"서울특별시 금천구 가산디지털*로 **, 에이스 하이엔드타워* ****호 (가산동)",08588,,01,영업/정상,,,02-598-9925
,선진녹즙,,,189520.552435518,442498.987321026,2026-05-01 22:38:03,I,01,정상영업,2018-04-27 16:47:16,,,2018-04-27,,서울특별시 금천구 가산동 *번지 **호,2018317019023200012,3170000,"서울특별시 금천구 벚꽃로**길 **, *층 (가산동)",08508,,01,영업/정상,,,
10000000,주식회사 지원정보통신,,10000000,190694.880295092,440764.426277932,2026-05-01 22:38:03,I,01,정상영업,2018-06-12 15:50:50,0,,2018-06-11,,서울특별시 금천구 독산동 ***번지 *호 현대지식산업센터,2018317019023200019,3170000,"서울특별시 금천구 두산로 **, 현대지식산업센터 에이동 ***호 (독산동)",08584,,01,영업/정상,,,02-2039-6688
,헤라 정보 통신,,,189228.282678816,441767.908595592,2026-05-01 22:38:03,I,01,정상영업,2018-06-14 17:27:56,,,2018-06-14,,서울특별시 금천구 가산동 ***번지 대륭테크노타운*차,2018317019023200020,3170000,"서울특별시 금천구 가산디지털*로 ***, 대륭테크노타운*차 **층 ****호 (가산동)",08505,,01,영업/정상,,,02-501-5283
0,(주)코라코스,,0,,,2026-05-01 22:41:34,I,04,직권취소,2008-02-21 00:00:00,0,2007-10-22,2004-01-19,,서울특별시 영등포구 당산동*가*-* 유원제일*차아파트***-****,2004318011723200914,3180000,,,,04,취소/말소/만료/정지/중지,,,02-2168-1234
,삼보스포츠월드,,,,,2026-05-01 22:41:34,I,04,직권취소,2008-02-21 00:00:00,,2007-10-22,2004-01-20,,서울특별시 영등포구 영등포동*가***-*,2004318011723200916,3180000,,,,04,취소/말소/만료/정지/중지,,,02-684-4954
0,(주)에프비에스글로벌,,0,,,2026-05-01 22:41:35,I,04,직권취소,2008-02-21 00:00:00,0,2007-10-22,2004-02-18,,서울특별시 영등포구 영등포동***-* 금영빌딩 *층,2004318011723200922,3180000,,,,04,취소/말소/만료/정지/중지,,,02-841-7591
,프라임교육도서,,,190895.097729431,446572.651637126,2026-05-01 22:41:35,I,07,직권말소,2014-11-24 10:37:10,,,2004-03-09,150-800,서울특별시 영등포구 당산동*가 **번지 *호,2004318011723200927,3180000,서울특별시 영등포구 영등포로 *** (당산동*가),,,04,취소/말소/만료/정지/중지,,,02-2068-3620
,나누리기획,,,,,2026-05-01 22:41:35,I,04,직권취소,2007-12-06 09:36:58,,2007-12-05,2004-03-24,,서울특별시 영등포구 영등포동*가**-* 영신상가 *층 ***호,2004318011723200931,3180000,,,,04,취소/말소/만료/정지/중지,,,02-2069-0828
,현대시스템,,,,,2026-05-01 22:41:35,I,04,직권취소,2008-02-21 00:00:00,,2007-10-22,2004-04-08,,서울특별시 영등포구 대림동***-* 한경빌딩 ***호,2004318011723200932,3180000,,,,04,취소/말소/만료/정지/중지,,,02-848-2570
,로로테크,,,,,2026-05-01 22:41:35,I,04,직권취소,2008-02-21 00:00:00,,2007-10-22,2004-04-09,,서울특별시 영등포구 대림동***-* *층*호,2004318011723200933,3180000,,,,04,취소/말소/만료/정지/중지,,,02-841-8985
,아모레 당산특약점,,,,,2026-05-01 22:41:35,I,07,직권말소,2009-06-03 21:43:38,,,2004-04-16,,서울특별시 영등포구 당산동*가***-* 수정빌딩*층,2004318011723200934,3180000,,,,04,취소/말소/만료/정지/중지,,,02-2637-1657
0,(주)퍼스트씨앤티,,0,,,2026-05-01 22:41:35,I,04,직권취소,2008-02-21 00:00:00,0,2007-10-22,2004-05-21,,서울특별시 영등포구 영등포동*가**-** 대화빌딩*층,2004318011723200942,3180000,,,,04,취소/말소/만료/정지/중지,,,02-2672-8317
,홍선생교육구로지사,,,,,2026-05-01 22:41:35,I,07,직권말소,2013-03-25 20:32:28,,,2004-06-02,,서울특별시 영등포구 양평동*가**-* 경남(아)***-****,2004318011723200945,3180000,,,,04,취소/말소/만료/정지/중지,,,02-2679-9495
0,(주)바우 글로벌,,0,,,2026-05-01 22:41:35,I,01,정상영업,2020-11-10 09:54:23,0,,2004-06-21,,서울특별시 영등포구 대림동***-** 바우빌딩 *층,2004318011723200950,3180000,,,,01,영업/정상,,,02-842-4559
,금원바이오택,,,,,2026-05-01 22:41:35,I,04,직권취소,2008-02-21 00:00:00,,2007-10-22,2004-06-28,,서울특별시 영등포구 신길동*-**,2004318011723200951,3180000,,,,04,취소/말소/만료/정지/중지,,,02-844-7266
,성은실업,,,,,2026-05-01 22:41:35,I,04,직권취소,2008-02-21 00:00:00,,2007-10-22,2004-06-30,,서울특별시 영등포구 양평동*가***-*,2004318011723200953,3180000,,,,04,취소/말소/만료/정지/중지,,,02-2068-6975
0,(주)코코코스메틱,,0,,,2026-05-01 22:41:35,I,04,직권취소,2008-02-21 00:00:00,0,2007-10-22,2004-08-03,,서울특별시 영등포구 여의도동**-** 센터빌딩*층,2004318011723200961,3180000,,,,04,취소/말소/만료/정지/중지,,,02-783-1473
,솔표키토산,,,,,2026-05-01 22:41:35,I,04,직권취소,2008-02-21 00:00:00,,2007-10-22,2004-08-09,,서울특별시 영등포구 양평동*가***-*,2004318011723200962,3180000,,,,04,취소/말소/만료/정지/중지,,,02-2672-9233
0,(주)크라운에프앤비,,0,,,2026-05-01 22:41:35,I,07,직권말소,2010-05-24 11:49:01,0,,2004-08-13,,서울특별시 영등포구 여의도동**-* 라이프오피스텔-***,2004318011723200967,3180000,,,,04,취소/말소/만료/정지/중지,,,02-761-3344
,샬롬상사,,,,,2026-05-01 22:41:35,I,04,직권취소,2008-02-21 00:00:00,,2007-10-22,2004-08-20,,서울특별시 영등포구 여의도동**-* 신한빌딩-***,2004318011723200969,3180000,,,,04,취소/말소/만료/정지/중지,,,02-783-2100
0,한국로토판매(주),,0,,,2026-05-01 22:41:35,I,04,직권취소,2008-02-21 00:00:00,0,2007-10-22,2004-08-21,,서울특별시 영등포구 여의도동**-* 극동VIP빌딩***호,2004318011723200970,3180000,,,,04,취소/말소/만료/정지/중지,,,02-847-0111
0,자이언스판매(주),,0,,,2026-05-01 22:41:35,I,04,직권취소,2008-02-21 00:00:00,0,2007-10-22,2004-09-04,,서울특별시 영등포구 당산동*가**-* 성우빌딩 *층,2004318011723200972,3180000,,,,04,취소/말소/만료/정지/중지,,,02-2631-0585
,대진유통,,,,,2026-05-01 22:41:35,I,04,직권취소,2008-02-21 00:00:00,,2007-10-22,2004-09-09,,서울특별시 영등포구 대림동***-** 한남빌딩***호,2004318011723200973,3180000,,,,04,취소/말소/만료/정지/중지,,,02-841-5100
,서원실업,,,,,2026-05-01 22:41:35,I,04,직권취소,2008-09-29 15:58:14,,2008-09-23,2004-09-09,,서울특별시 영등포구 당산동*가**-* 동양빌딩*층,2004318011723200974,3180000,,,,04,취소/말소/만료/정지/중지,,,02-2633-3773
,한국미라클 피플사,,,,,2026-05-01 22:41:35,I,07,직권말소,2010-05-24 11:47:59,,,2004-09-22,,서울특별시 영등포구 양평동*가**-* 신광빌딩***호,2004318011723200976,3180000,,,,04,취소/말소/만료/정지/중지,,,02-2631-2461
,정산생명공학,,,,,2026-05-01 22:41:35,I,04,직권취소,2008-09-29 16:03:11,,2008-09-23,2004-10-25,,서울특별시 영등포구 당산동*가***-*,2004318011723200990,3180000,,,,04,취소/말소/만료/정지/중지,,,02-2678-6002
,알로에 마임,,,,,2026-05-01 22:41:35,I,07,직권말소,2009-06-03 21:42:57,,,2004-11-01,,서울특별시 영등포구 신길동***-**,2004318011723200992,3180000,,,,04,취소/말소/만료/정지/중지,,,02-833-9884
,도원상사,,,,,2026-05-01 22:41:35,I,07,직권말소,2010-05-24 11:46:32,,,2004-11-15,,서울특별시 영등포구 당산동*가*-*,2004318011723200998,3180000,,,,04,취소/말소/만료/정지/중지,,,02-2069-2603
,코리아레즈(주),,,,,2026-05-01 22:41:35,I,07,직권말소,2010-05-24 11:45:29,,,2004-11-17,,서울특별시 영등포구 여의도동**-** 장덕빌딩 ***호,2004318011723200999,3180000,,,,04,취소/말소/만료/정지/중지,,,02-786-1797
,그린교역,,,,,2026-05-01 22:41:35,I,04,직권취소,2008-02-21 00:00:00,,2007-10-22,2004-11-17,,서울특별시 영등포구 신길동***-***,2004318011723201001,3180000,,,,04,취소/말소/만료/정지/중지,,,02-834-5855
,대창우리 농축산,,,190721.417931753,444571.769293729,2026-05-01 22:41:35,I,07,직권말소,2017-04-12 14:05:25,,,2004-11-22,150-070,서울특별시 영등포구 대림동 ***번지 성림빌딩 ***호,2004318011723201002,3180000,"서울특별시 영등포구 대림로 ***, ***호 (대림동, 성림빌딩)",,,04,취소/말소/만료/정지/중지,,,02-832-1606
,휴가,,,191032.031397653,440320.510925749,2026-05-01 22:37:18,I,07,직권말소,2016-06-21 14:47:28,,,2008-02-11,153-010,서울특별시 금천구 독산동 ****번지 **호,2008317010523200008,3170000,서울특별시 금천구 시흥대로***길 **-* (독산동),,,04,취소/말소/만료/정지/중지,,,
68000000,가산텔레콤(주),,50000000,189538.020935968,441982.427934953,2026-05-01 22:37:18,I,07,직권말소,2016-06-21 14:48:03,68000000,,2008-02-12,153-803,서울특별시 금천구 가산동 ***번지 **호 우림라이온스밸리B-****호,2008317010523200009,3170000,"서울특별시 금천구 가산디지털*로 *** (가산동,우림라이온스밸리B-****호)",,,04,취소/말소/만료/정지/중지,,,20264375
,현진아이텍,,,189089.927764903,442569.300676147,2026-05-01 22:37:18,I,07,직권말소,2012-09-17 11:18:22,,,2008-02-20,153-775,서울특별시 금천구 가산동 ***번지 **호 대륭테크노타워*차 ****호,2008317010523200011,3170000,"서울특별시 금천구 가마산로 **, ****호 (가산동,대륭테크노타워*차)",,,04,취소/말소/만료/정지/중지,,,21630394
6307704309,(주)아이티에스서부,,1000000000,189979.841396839,439315.464911957,2026-05-01 22:37:18,I,07,직권말소,2016-06-21 14:24:21,2596473679,,2008-03-14,153-833,서울특별시 금천구 독산동 ****번지 KT신금천지점 *층,2008317010523200013,3170000,"서울특별시 금천구 한내로 ** (독산동, KT신금천지점*층)",,,04,취소/말소/만료/정지/중지,,,02-2081-9285
0,(주)지씨에스티,,0,189748.024164036,442174.424111843,2026-05-01 22:37:18,I,07,직권말소,2012-12-11 13:58:27,0,,2008-03-26,153-801,서울특별시 금천구 가산동 **번지 **호 스타밸리****호,2008317010523200015,3170000,"서울특별시 금천구 디지털로*길 ** (가산동,스타밸리****호)",,2008-03-26,04,취소/말소/만료/정지/중지,,,20271220
24891861,(주)씨브이아이텍,,10000000,189228.282678816,441767.908595592,2026-05-01 22:37:18,I,07,직권말소,2012-09-18 10:35:07,11017883,,2008-05-14,153-023,서울특별시 금천구 가산동 ***번지 대륭테크노타운*차***호,2008317010523200019,3170000,"서울특별시 금천구 가산디지털*로 *** (가산동,대륭테크노타운*차***호)",,,04,취소/말소/만료/정지/중지,,,1600-1343
,인터리츠,,,,,2026-05-01 22:37:17,I,07,직권말소,2012-09-17 11:11:22,,,1996-01-01,,서울특별시 금천구 가산동 ***-* 열림실업b-***,2006317010523200388,3170000,,,,04,취소/말소/만료/정지/중지,,,02-858-1098
,인터리츠,,,,,2026-05-01 22:37:17,I,01,정상영업,2008-02-21 00:00:00,,,1996-01-01,,서울특별시 금천구 가산동 ***-* 열림실업b-***,2006317010523200389,3170000,,,,01,영업/정상,,,02-858-1098
,K.M.K LIFE,,,,,2026-05-01 22:37:17,I,07,직권말소,2012-09-18 10:21:42,,,1996-01-01,,서울특별시 금천구 독산동 ****-**,2006317010523200390,3170000,,,,04,취소/말소/만료/정지/중지,,,02-804-1389
76914358,(주)네오웨버,,50000000,191132.625751785,441825.157273149,2026-05-01 22:37:17,I,07,직권말소,2012-09-17 12:51:23,229510,,2007-08-06,153-010,서울특별시 금천구 독산동 ***번지 삼부르네상스 ****호,2007317010523200001,3170000,"서울특별시 금천구 시흥대로***길 **-**, ****호 (독산동,삼부르네상스)",,,04,취소/말소/만료/정지/중지,,,
50000000,(주)웰프리춰,,50000000,189982.344533404,441928.69040241,2026-05-01 22:37:17,I,07,직권말소,2012-09-17 13:54:32,0,,2007-08-07,153-023,서울특별시 금천구 가산동 **번지 *호,2007317010523200003,3170000,서울특별시 금천구 디지털로*길 ** (가산동),,,04,취소/말소/만료/정지/중지,,,
0,한국나락판매(주),,0,189722.178532426,441920.972770099,2026-05-01 22:37:17,I,07,직권말소,2016-06-21 14:46:43,0,,2007-09-03,153-769,서울특별시 금천구 가산동 **번지 **호 SJ테크노빌***~***호,2007317010523200004,3170000,"서울특별시 금천구 벚꽃로 *** (가산동,SJ테크노빌***~***호)",,,04,취소/말소/만료/정지/중지,,,33970011
190000000,(주)라키아뱅크,,1000000000,189538.020935968,441982.427934953,2026-05-01 22:37:17,I,07,직권말소,2012-09-20 16:07:23,0,,2007-12-13,153-786,서울특별시 금천구 가산동 ***번지 **호 우림라이온스밸리A동 *** *** B***호,2007317010523200408,3170000,"서울특별시 금천구 가산디지털*로 *** (가산동,우림라이온스밸리A동 *** *** B***호)",,,04,취소/말소/만료/정지/중지,,,21057060
12000000,(주)에스티엠정보통신,,10000000,189748.024164036,442174.424111843,2026-05-01 22:37:18,I,07,직권말소,2012-09-17 13:56:06,2000000,,2008-01-11,153-777,서울특별시 금천구 가산동 **번지 **호 스타밸리 ***호,2008317010523200002,3170000,"서울특별시 금천구 디지털로*길 **, ***호 (가산동,스타밸리)",,,04,취소/말소/만료/정지/중지,,,20271240
360818441,(주)우리사이,,300000000,189669.316805063,440921.514797121,2026-05-01 22:37:18,I,07,직권말소,2012-09-17 10:51:03,30771633,,2008-01-17,153-771,서울특별시 금천구 가산동 ***번지 **호 대륭테크노타워*차 ***호,2008317010523200003,3170000,"서울특별시 금천구 가산디지털*로 **, ***호 (가산동,대륭테크노타워*차)",,,04,취소/말소/만료/정지/중지,,,
39960002891,(주)코리아홈쇼핑,,1500000000,189364.095969911,441746.981529543,2026-05-01 22:37:18,I,07,직권말소,2012-09-18 10:23:30,32189814614,,2007-11-30,153-779,서울특별시 금천구 가산동 ***번지 *호 뉴티캐슬**층,2008317010523200004,3170000,"서울특별시 금천구 가산디지털*로 *** (가산동,뉴티캐슬**층)",,2007-11-30,04,취소/말소/만료/정지/중지,,,
,현대레포,,,189788.849463856,441731.610478567,2026-05-01 22:37:18,I,07,직권말소,2012-09-17 11:14:44,,,2008-01-23,153-801,서울특별시 금천구 가산동 **번지 **호 우러드메르디앙벤처센타***호,2008317010523200005,3170000,"서울특별시 금천구 벚꽃로 *** (가산동,우러드메르디앙벤처센타***호)",,,04,취소/말소/만료/정지/중지,,,
,라브랑쉬금천,,,191574.917436088,440302.902595275,2026-05-01 22:37:18,I,01,정상영업,2008-01-25 16:41:04,,,2008-01-25,153-010,서울특별시 금천구 독산동 ***번지 *호 유선빌딩***,2008317010523200006,3170000,"서울특별시 금천구 독산로**다길 ** (독산동,유선빌딩***)",,,01,영업/정상,,,
200000000,(주)혜민생활건강,,200000000,189662.959175776,442139.514492212,2026-05-01 22:38:03,I,01,정상영업,2019-08-14 09:50:32,0,,2017-08-11,,서울특별시 금천구 가산동 **번지 *호 대륭포스트타워*차,2018317019023200022,3170000,"서울특별시 금천구 벚꽃로 ***, 대륭포스트타워*차 **층 ****,****호 (가산동)",08510,,01,영업/정상,,,02-3425-1005
180000000,주식회사 지에프그룹,,180000000,189982.344533404,441928.69040241,2026-05-01 22:38:03,I,07,직권말소,2021-11-16 19:19:19,0,,2017-06-30,,서울특별시 금천구 가산동 **번지 *호 갑을그레이트밸리,2018317019023200023,3170000,"서울특별시 금천구 디지털로*길 **, 갑을그레이트밸리 *층 에이-***호 (가산동)",08512,,04,취소/말소/만료/정지/중지,,,02-3425-1005
,온누리 헬스케어,,,191576.394904518,438911.328488764,2026-05-01 22:38:04,I,07,직권말소,2023-11-14 13:09:39,,,2018-07-04,,서울특별시 금천구 시흥동 ***번지 *호,2018317019023200025,3170000,"서울특별시 금천구 금하로 ***, *층 (시흥동)",08629,,04,취소/말소/만료/정지/중지,,,02-804-8945
,리빙라이프,,,191623.918087992,438766.981064195,2026-05-01 22:38:04,I,01,정상영업,2018-07-23 16:45:56,,,2018-07-23,,서울특별시 금천구 시흥동 ***번지 **호 대성빌딩,2018317019023200027,3170000,"서울특별시 금천구 독산로 **, 지하*층 (시흥동)",08642,,01,영업/정상,,,
100000000,"㈜윙페이(WING PAY Co., Ltd.)",,100000000,189662.959175776,442139.514492212,2026-05-01 22:38:04,I,07,직권말소,2023-11-14 13:08:35,0,,2018-07-24,,서울특별시 금천구 가산동 **번지 *호 대륭포스트타워*차,2018317019023200028,3170000,"서울특별시 금천구 벚꽃로 ***, 대륭포스트타워*차 ****호 (가산동)",08510,,04,취소/말소/만료/정지/중지,,,070-7769-2434
50000000,더페이연구소 주식회사,,50000000,189647.046752134,441677.096205358,2026-05-01 22:38:04,I,07,직권말소,2021-11-16 19:19:01,0,,2018-08-09,,서울특별시 금천구 가산동 ***번지 **호 에스티엑스브이타워,2018317019023200030,3170000,"서울특별시 금천구 가산디지털*로 ***, 에스티엑스브이타워 ***호 (가산동)",08507,,04,취소/말소/만료/정지/중지,,,02-2039-0982
316015713,주식회사 에그페이,,300000000,189855.309927286,441540.894601732,2026-05-01 22:38:04,I,01,정상영업,2018-08-23 14:32:23,103668748,,2018-01-30,,서울특별시 금천구 가산동 **번지 **호 에이스하이엔드타워*차,2018317019023200032,3170000,"서울특별시 금천구 벚꽃로 ***, 에이스하이엔드타워*차 ****호 (가산동)",08513,,01,영업/정상,,,1800-6543
500000000,찍고바 주식회사,,500000000,189467.124186925,441780.0053985,2026-05-01 22:38:04,I,01,정상영업,2019-07-12 15:54:01,0,,2018-08-28,,서울특별시 금천구 가산동 ***번지 **호 에이스하이엔드타워*차,2018317019023200033,3170000,"서울특별시 금천구 가산디지털*로 ***, 에이스하이엔드타워*차 ****호 (가산동)",08506,,01,영업/정상,,,02-6218-5757
119479294,㈜더베스트미디어,,,189877.178943503,442093.648596802,2026-05-01 22:38:04,I,01,정상영업,2018-09-07 16:44:15,148319432,,2018-09-07,,서울특별시 금천구 가산동 **번지 *호 대륭포스트타워 *차,2018317019023200034,3170000,"서울특별시 금천구 디지털로*길 **, 대륭포스트타워 *차 제**층 제****호 (가산동)",08512,,01,영업/정상,,,02-1666-9051
,이연통신,,,191032.284690432,441575.963574667,2026-05-01 22:38:04,I,01,정상영업,2018-10-29 17:36:49,,,2016-08-24,,서울특별시 금천구 독산동 ***번지 *호,2018317019023200035,3170000,"서울특별시 금천구 시흥대로***길 **-*, ***호 (독산동)",08540,,01,영업/정상,,,
,풀리네,,,191623.918087992,438766.981064195,2026-05-01 22:38:04,I,01,정상영업,2020-11-12 09:18:18,,,2018-10-29,,서울특별시 금천구 시흥동 ***-** 대성빌딩,2018317019023200036,3170000,"서울특별시 금천구 독산로 **, 대성빌딩 지하*층 (시흥동)",08642,,01,영업/정상,,,
100000000,"주식회사 럭키에프스타(Lucky F Star Co.,Ltd.)",,100000000,189685.715834343,442026.454121483,2026-05-01 22:38:04,I,07,직권말소,2021-11-16 17:31:30,0,,2018-11-05,,서울특별시 금천구 가산동 **번지 **호 삼성리더스타워,2018317019023200037,3170000,"서울특별시 금천구 벚꽃로 ***, 삼성리더스타워 ****호 (가산동)",08511,,04,취소/말소/만료/정지/중지,,,070-4242-0710
21240282,주식회사 애니페이플랫폼,,5000000,189991.650798406,440695.614055984,2026-05-01 22:38:04,I,07,직권말소,2021-11-16 16:12:38,65458976,,2018-06-28,,서울특별시 금천구 가산동 ***번지 대륭테크노타운**차,2018317019023200038,3170000,"서울특별시 금천구 가산디지털*로 **, 대륭테크노타운**차 ***호 (가산동)",08591,,04,취소/말소/만료/정지/중지,,,02-2066-5085
5789628980,㈜이스톰,,517680000,189472.091898625,441483.675018356,2026-05-01 22:38:04,I,01,정상영업,2018-11-22 17:17:46,4196094932,,2018-11-22,,서울특별시 금천구 가산동 ***번지 **호 남성프라자,2018317019023200039,3170000,"서울특별시 금천구 디지털로 ***, 남성프라자 ****호, ****호 (가산동)",08589,,01,영업/정상,,,02-6925-0290
100000000,주식회사 에이옵,,100000000,189538.020935968,441982.427934953,2026-05-01 22:38:04,I,01,정상영업,2018-12-03 17:00:50,0,,2018-11-28,,서울특별시 금천구 가산동 ***번지 **호 우림라이온스밸리,2018317019023200040,3170000,"서울특별시 금천구 가산디지털*로 ***, 우림라이온스밸리 에이동 **층 ****호(-*)호 (가산동)",08507,,01,영업/정상,,,02-1899-4962
,라이프쇼핑,,,190877.9899453,440964.438480712,2026-05-01 22:38:04,I,01,정상영업,2018-12-28 15:04:12,,,2015-07-24,,서울특별시 금천구 독산동 ***번지 *호 디디에스빌딩,2018317019023200042,3170000,"서울특별시 금천구 시흥대로 ***, 디디에스빌딩 지하*층 *호 *호 (독산동)",08523,,01,영업/정상,,,
100000000,(주)케이투케이나인컴퍼니,,100000000,189459.065518928,441844.960857588,2026-05-01 22:38:05,I,07,직권말소,2021-11-16 16:09:05,0,,2019-01-03,,서울특별시 금천구 가산동 ***번지 **호 신한이노플렉스,2019317019023200001,3170000,"서울특별시 금천구 가산디지털*로 ***, 신한이노플렉스 ***동 ***호 (가산동)",08506,,04,취소/말소/만료/정지/중지,,,
6921332961,주식회사 쓰리에스이앤디,,50000000,189790.323886715,442017.86745811,2026-05-01 22:38:05,I,01,정상영업,2019-01-22 14:15:32,1239265552,,2015-01-19,,서울특별시 금천구 가산동 **번지 **호 백상스타타워*차,2019317019023200004,3170000,"서울특별시 금천구 디지털로*길 **, 백상스타타워*차 ****호 (가산동)",08511,,01,영업/정상,,,02-2082-5257
30000000,㈜한국힐링협회,,30000000,189369.53962474,441629.361414684,2026-05-01 22:38:05,I,02,휴업처리,2019-09-30 16:39:55,0,,2019-02-13,,서울특별시 금천구 가산동 ***번지 *호 IT캐슬,2019317019023200005,3170000,"서울특별시 금천구 가산디지털*로 **, IT캐슬 *동 ***호 (가산동)",08506,,02,휴업,2019-09-30,2020-03-29,
,환희상사,,,,,2026-05-01 22:41:35,I,04,직권취소,2008-02-21 00:00:00,,2007-10-22,2004-12-10,,서울특별시 영등포구 양평동*가*-* 이레빌딩 **층,2004318011723201008,3180000,,,,04,취소/말소/만료/정지/중지,,,02-2007-5372
,금강상사,,,190923.551317757,446575.396546634,2026-05-01 22:41:35,I,07,직권말소,2014-02-13 16:52:16,,,2004-12-10,150-800,서울특별시 영등포구 당산동*가 **번지 *호 당산빌딩*층,2004318011723201009,3180000,"서울특별시 영등포구 영등포로 ***, *층 (당산동*가, 당산빌딩)",,,04,취소/말소/만료/정지/중지,,,02-3667-1113
0,(주)해피메이커삼육오,,0,,,2026-05-01 22:41:35,I,04,직권취소,2008-02-21 00:00:00,0,2007-10-22,2004-12-24,,서울특별시 영등포구 당산동*가***-* 서림빌딩 *층,2004318011723201012,3180000,,,,04,취소/말소/만료/정지/중지,,,02-2068-3315
,카오코리아,,,,,2026-05-01 22:41:35,I,04,직권취소,2008-02-21 00:00:00,,2007-10-22,2004-12-27,,서울특별시 영등포구 대림동***-*,2004318011723201013,3180000,,,,04,취소/말소/만료/정지/중지,,,
,기아자동차 양화대리점,,,190806.366263575,448223.495619053,2026-05-01 22:41:35,I,01,정상영업,2022-04-29 16:04:33,,,2005-12-23,,서울특별시 영등포구 양평동*가 **-* 양화빌딩,2005318011723200112,3180000,"서울특별시 영등포구 양평로 **, 양화빌딩 *층 (양평동*가)",07208,,01,영업/정상,,,02-2678-0991
,기아보라매대리점,,,190462.468844457,445512.969297894,2026-05-01 22:41:35,I,01,정상영업,2024-04-23 15:19:29,,,2005-12-19,,서울특별시 영등포구 문래동*가 ** 유일빌딩,2005318011723200329,3180000,"서울특별시 영등포구 경인로 ***, 유일빌딩 *층 (문래동*가)",07289,,01,영업/정상,,,02-836-8808
,대도상사,,,,,2026-05-01 22:41:35,I,04,직권취소,2008-02-21 00:00:00,,2007-10-22,2005-01-05,,서울특별시 영등포구 양평동*가*-* 이레빌딩 **층,2005318011723201017,3180000,,,,04,취소/말소/만료/정지/중지,,,02-2007-5353
,진주,,,,,2026-05-01 22:41:35,I,04,직권취소,2008-02-21 00:00:00,,2007-10-22,2005-01-20,,서울특별시 영등포구 신길동***-*,2005318011723201023,3180000,,,,04,취소/말소/만료/정지/중지,,,02-841-5413
,희망유통,,,,,2026-05-01 22:41:36,I,04,직권취소,2008-02-21 00:00:00,,2007-10-22,2005-02-04,,서울특별시 영등포구 양평동*가*-* 이레빌딩 **층,2005318011723201034,3180000,,,,04,취소/말소/만료/정지/중지,,,02-2007-5371
,건민유통,,,,,2026-05-01 22:41:36,I,07,직권말소,2012-02-29 13:51:01,,,2005-02-14,,서울특별시 영등포구 양평동*가*-* 이레빌딩 **층,2005318011723201036,3180000,,,,04,취소/말소/만료/정지/중지,,,02-3412-1029
5000000,(주)크린플러스,,5000000,,,2026-05-01 22:41:36,I,07,직권말소,2009-06-03 21:42:33,0,,2005-02-15,,서울특별시 영등포구 당산동*가***-* 고암빌딩*층,2005318011723201037,3180000,,,,04,취소/말소/만료/정지/중지,,,02-2677-8414
,에스더,,,,,2026-05-01 22:41:36,I,04,직권취소,2008-02-21 00:00:00,,2007-10-22,2005-02-17,,서울특별시 영등포구 당산동*가***-* 성화빌딩 *층,2005318011723201039,3180000,,,,04,취소/말소/만료/정지/중지,,,02-2634-1918
,광동유통,,,,,2026-05-01 22:41:36,I,04,직권취소,2008-09-29 15:57:40,,2008-09-23,2005-02-23,,서울특별시 영등포구 대림동***-** 트랜디빌딩 ***호,2005318011723201040,3180000,,,,04,취소/말소/만료/정지/중지,,,02-836-7244
,아메리카 휘트니스,,,,,2026-05-01 22:41:36,I,04,직권취소,2008-09-29 16:04:17,,2008-09-23,2005-02-25,,서울특별시 영등포구 여의도동**-** 센터빌딩 지하***,2005318011723201043,3180000,,,,04,취소/말소/만료/정지/중지,,,02-784-4288
,아메리칸 골프,,,,,2026-05-01 22:41:36,I,04,직권취소,2007-12-06 09:35:00,,2007-12-05,2005-02-25,,서울특별시 영등포구 여의도동**-** 센터빌딩 지하 *층***,2005318011723201044,3180000,,,,04,취소/말소/만료/정지/중지,,,02-784-4277
,디지털파크,,,,,2026-05-01 22:41:36,I,04,직권취소,2008-02-21 00:00:00,,2007-10-22,2005-02-28,,서울특별시 영등포구 당산동*가**-* 태림빌딩***,2005318011723201047,3180000,,,,04,취소/말소/만료/정지/중지,,,02-2633-9563
,모닝헬스,,,,,2026-05-01 22:41:36,I,04,직권취소,2008-09-29 16:03:35,,2008-09-23,2005-03-05,,서울특별시 영등포구 양평동*가*-* 이레빌딩 **층,2005318011723201049,3180000,,,,04,취소/말소/만료/정지/중지,,,02-2007-5370
,명진양행,,,,,2026-05-01 22:41:36,I,04,직권취소,2008-09-29 15:57:16,,2008-09-23,2005-03-08,,서울특별시 영등포구 대림동***-**,2005318011723201050,3180000,,,,04,취소/말소/만료/정지/중지,,,02-834-0867
0,(주)이즈 굿 하우스,,0,,,2026-05-01 22:41:36,I,04,직권취소,2008-02-21 00:00:00,0,2007-10-22,2005-03-16,,서울특별시 영등포구 대림동****-* 대덕빌딩 ***호,2005318011723201054,3180000,,,,04,취소/말소/만료/정지/중지,,,02-849-9106
0,(주)드림캐스트,,0,,,2026-05-01 22:41:36,I,07,직권말소,2012-09-07 22:53:54,0,,2005-03-18,,서울특별시 영등포구 여의도동**-* CCMM빌딩 ***A호,2005318011723201057,3180000,,,,04,취소/말소/만료/정지/중지,,,02-2651-1515
,서현통상,,,,,2026-05-01 22:41:36,I,04,직권취소,2008-02-21 00:00:00,,2007-10-22,2005-03-19,,서울특별시 영등포구 당산동*가***-*,2005318011723201058,3180000,,,,04,취소/말소/만료/정지/중지,,,02-2671-1163
1,(주)유라이프,,1,,,2026-05-01 22:41:36,I,07,직권말소,2012-02-29 13:48:20,1,,2005-03-19,,서울특별시 영등포구 영등포동*가**-* 드림프라자 A동 *층,2005318011723201059,3180000,,,,04,취소/말소/만료/정지/중지,,,02-1588-2331
,샬롬상사,,,,,2026-05-01 22:41:36,I,04,직권취소,2008-02-21 00:00:00,,2007-10-22,2005-03-23,,서울특별시 영등포구 양평동*가*-* 이레빌딩 **층,2005318011723201062,3180000,,,,04,취소/말소/만료/정지/중지,,,02-755-1055
,행진통상,,,,,2026-05-01 22:41:36,I,07,직권말소,2012-02-29 13:47:28,,,2005-03-28,,서울특별시 영등포구 문래동*가**-** 일양빌딩 ***,2005318011723201064,3180000,,,,04,취소/말소/만료/정지/중지,,,02-2633-7363
,한국아이에스오인증원,,,,,2026-05-01 22:41:36,I,04,직권취소,2008-02-21 00:00:00,,2007-10-22,2005-04-08,,서울특별시 영등포구 여의도동**-** 정우빌딩 **층 *호,2005318011723201072,3180000,,,,04,취소/말소/만료/정지/중지,,,02-6279-9001
,우리홈넷,,,,,2026-05-01 22:41:36,I,07,직권말소,2009-06-03 21:41:55,,,2005-04-18,,서울특별시 영등포구 당산동*가**-* *층,2005318011723201076,3180000,,,,04,취소/말소/만료/정지/중지,,,02-2677-2219
0,(주)고글로벌 그룹,,0,,,2026-05-01 22:41:36,I,04,직권취소,2008-02-21 00:00:00,0,2007-10-22,2005-04-18,,서울특별시 영등포구 문래동*가**-**,2005318011723201077,3180000,,,,04,취소/말소/만료/정지/중지,,,02-2678-9077
,동산,,,,,2026-05-01 22:41:36,I,04,직권취소,2008-02-21 00:00:00,,2007-10-22,2005-04-26,,서울특별시 영등포구 당산동*가**-* 진로아파트***-***,2005318011723201079,3180000,,,,04,취소/말소/만료/정지/중지,,,02-2637-0832
60000000,유니베라 시흥대리점,,120000000,190903.983604754,440076.106739843,2026-05-01 22:37:19,I,07,직권말소,2018-05-03 11:09:27,60000000,,2006-05-12,153-012,서울특별시 금천구 독산동 ****번지 **호 *층 ***호,2008317010523200022,3170000,"서울특별시 금천구 시흥대로 *** (독산동,*층 ***호)",,,04,취소/말소/만료/정지/중지,,,
,파크시스템,,,191794.387105728,442013.609096475,2026-05-01 22:37:19,I,07,직권말소,2012-09-17 11:21:37,,,2008-06-12,153-010,서울특별시 금천구 독산동 ***번지 *호,2008317010523200023,3170000,서울특별시 금천구 남부순환로 **** (독산동),,,04,취소/말소/만료/정지/중지,,,64043570
3574197155,(주)티제이네츄럴,,50000000,190596.254372353,441231.01685326,2026-05-01 22:37:19,I,07,직권말소,2016-06-21 14:48:45,2813447220,,2008-06-18,153-010,서울특별시 금천구 독산동 ***번지 **호,2008317010523200024,3170000,서울특별시 금천구 시흥대로***길 ** (독산동),,,04,취소/말소/만료/정지/중지,,,
10000000,(주)케이에스지엠,,150000000,189538.020935968,441982.427934953,2026-05-01 22:37:19,I,07,직권말소,2012-09-17 12:54:57,1,,2008-06-23,153-023,서울특별시 금천구 가산동 ***번지 **호 우림라이온스밸리c-***,2008317010523200026,3170000,"서울특별시 금천구 가산디지털*로 *** (가산동,우림라이온스밸리c-***)",,,04,취소/말소/만료/정지/중지,,,1600-1570
948871266,신한상조(주),,200000000,189538.020935968,441982.427934953,2026-05-01 22:37:19,I,07,직권말소,2012-09-17 13:11:44,2330567274,,2008-07-08,153-786,서울특별시 금천구 가산동 ***번지 **호 우림라이온스밸리 B동 ***호,2008317010523200028,3170000,"서울특별시 금천구 가산디지털*로 *** (가산동,우림라이온스밸리 B동 ***호)",,,04,취소/말소/만료/정지/중지,,,02-2026-0033
195977000,시앤케이전자(주),,100000000,189686.475000033,440870.092608694,2026-05-01 22:37:19,I,07,직권말소,2016-06-21 14:49:41,0,,2008-07-24,153-023,서울특별시 금천구 가산동 ***번지 **호 대륭테크노타운 **차 ***호,2008317010523200032,3170000,"서울특별시 금천구 가산디지털*로 ** (가산동,대륭테크노타운 **차 ***호)",,,04,취소/말소/만료/정지/중지,,,02-830-2411
0,(주)A.N.S개발,,0,189722.178532426,441920.972770099,2026-05-01 22:37:19,I,07,직권말소,2012-09-18 11:05:25,0,,2008-09-11,153-023,서울특별시 금천구 가산동 **번지 **호 SJ테크노빌 ****호,2008317010523200033,3170000,"서울특별시 금천구 벚꽃로 ***, ****호 (가산동,SJ테크노빌)",,2008-09-11,04,취소/말소/만료/정지/중지,,,1588-1772
,이이엠,,,191389.027715691,441916.081648538,2026-05-01 22:37:19,I,05,타시군구이관,2009-07-22 10:53:41,,,2008-09-29,153-823,서울특별시 금천구 독산동 ***번지 *호 동관*층,2008317010523200034,3170000,"서울특별시 금천구 남부순환로 **** (독산동,동관*층)",,,05,제외/삭제/전출,,,
1398974675,씨엔티테크(주),,946225000,191343.596280625,438251.799466626,2026-05-01 22:37:19,I,01,정상영업,2014-07-22 10:23:15,1253592887,,2007-06-12,153-030,서울특별시 금천구 시흥동 ***번지 **호 KT금천지점 *층,2008317010523200035,3170000,"서울특별시 금천구 시흥대로 *** (시흥동,KT금천지점 *층)",,,01,영업/정상,,,02-804-0380
550224014,(주)산원네트웍스,,160000000,189829.504142672,441618.071646624,2026-05-01 22:37:19,I,01,정상영업,2012-06-08 17:28:56,190193901,,2007-05-31,153-023,서울특별시 금천구 가산동 **번지 **호 벽산디지털밸리*차 지하B동 ***호,2008317010523200037,3170000,"서울특별시 금천구 벚꽃로 ***, 지하B동 ***호 (가산동, 벽산디지털밸리*차)",,,01,영업/정상,,,
0,서울장례종합상조(주),,50000000,,,2026-05-01 22:37:19,I,02,휴업처리,2013-12-31 13:58:31,0,,2007-05-29,153-803,서울특별시 금천구 가산동 ***번지 ***호,2008317010523200038,3170000,,,,02,휴업,2010-05-06,2011-05-05,02-868-4445
6179639368,(주)프로머스기술,,3000000000,189538.020935968,441982.427934953,2026-05-01 22:37:19,I,07,직권말소,2012-09-17 10:06:00,2948223043,,2007-05-10,153-786,서울특별시 금천구 가산동 ***번지 **호 우림라이온스밸리 B동 ****호,2008317010523200039,3170000,"서울특별시 금천구 가산디지털*로 *** (가산동,우림라이온스밸리 B동 ****호)",,,04,취소/말소/만료/정지/중지,,,02-2026-3755
1337150579,(주)미래이엔씨텔,,200000000,189089.927764903,442569.300676147,2026-05-01 22:37:19,I,07,직권말소,2012-09-18 10:27:10,933011186,,2007-03-15,153-775,서울특별시 금천구 가산동 ***번지 **호 대륭테크노타워*차 ****,2008317010523200045,3170000,"서울특별시 금천구 가마산로 ** (가산동,대륭테크노타워*차 ****)",,,04,취소/말소/만료/정지/중지,,,02-784-9911
,오휘금천지사,,,191069.355991175,439505.659818999,2026-05-01 22:37:19,I,07,직권말소,2012-09-18 10:01:14,,,2007-03-14,153-030,서울특별시 금천구 시흥동 ***번지 *호 A호,2008317010523200047,3170000,"서울특별시 금천구 시흥대로 *** (시흥동,A호)",,,04,취소/말소/만료/정지/중지,,,02-6052-5057
575645444,(주)아이프랙탈,,500000000,189353.050637528,442493.020182986,2026-05-01 22:37:19,I,07,직권말소,2012-09-18 10:09:09,743164726,,2007-02-23,153-023,서울특별시 금천구 가산동 ***번지 **호 코오롱디지털타워애스턴 ***호,2008317010523200050,3170000,"서울특별시 금천구 가산디지털*로 ***, ***호 (가산동,코오롱디지털타워애스턴)",,,04,취소/말소/만료/정지/중지,,,02-2028-8770
,류연우논리수학관악지사,,,191924.359561902,442020.847866148,2026-05-01 22:37:19,I,07,직권말소,2016-06-21 14:50:36,,,2007-02-15,153-013,서울특별시 금천구 독산동 ***번지 **호 *층,2008317010523200051,3170000,"서울특별시 금천구 독산로***길 *** (독산동,*층)",,,04,취소/말소/만료/정지/중지,,,02-864-4416
,P.F코리아,,,190895.844132491,440168.310873896,2026-05-01 22:37:19,I,07,직권말소,2012-09-18 10:25:12,,,2007-02-02,153-012,서울특별시 금천구 독산동 ****번지 **호,2008317010523200052,3170000,서울특별시 금천구 시흥대로 *** (독산동),,,04,취소/말소/만료/정지/중지,,,02-802-2443
,드림포스,,,191917.450107657,438699.77460936,2026-05-01 22:37:19,I,07,직권말소,2012-09-17 11:13:07,,,2007-01-22,153-030,서울특별시 금천구 시흥동 ***번지 **호 에벤에셀 *층,2008317010523200053,3170000,"서울특별시 금천구 금하로 *** (시흥동,에벤에셀 *층)",,,04,취소/말소/만료/정지/중지,,,02-895-7336
973418032,(주)하이텍아이티시스템,,300000000,189685.715834343,442026.454121483,2026-05-01 22:37:19,I,07,직권말소,2012-09-17 10:06:56,631119685,,2007-01-15,153-023,서울특별시 금천구 가산동 **번지 **호 리더스타워 ****,2008317010523200054,3170000,"서울특별시 금천구 벚꽃로 *** (가산동,리더스타워 ****)",,,04,취소/말소/만료/정지/중지,,,02-839-3701
,디지털물류센터,,,189504.258704224,441390.738560411,2026-05-01 22:38:05,I,07,직권말소,2021-11-16 16:08:40,,,2018-02-07,,서울특별시 금천구 가산동 ***번지 **호 대륭테크노타운**차,2019317019023200006,3170000,"서울특별시 금천구 가산디지털*로 **, 대륭테크노타운**차 ***호 (가산동)",08589,,04,취소/말소/만료/정지/중지,,,02-890-0979
95000000,하하차이나 주식회사,,100000000,189467.124186925,441780.0053985,2026-05-01 22:38:05,I,01,정상영업,2019-02-20 17:45:53,0,,2019-02-20,,서울특별시 금천구 가산동 ***번지 **호 에이스하이엔드타워*차,2019317019023200008,3170000,"서울특별시 금천구 가산디지털*로 ***, 에이스하이엔드타워*차 ****호 (가산동)",08506,,01,영업/정상,,,
280000000,주식회사 서비스링크,,150000000,190050.903572929,440523.497478209,2026-05-01 22:38:05,I,01,정상영업,2019-02-25 17:02:15,150000000,,2019-02-25,,서울특별시 금천구 가산동 ***번지 우림라이온스밸리*차,2019317019023200009,3170000,"서울특별시 금천구 가산디지털*로 *, 우림라이온스밸리*차 ***호 (가산동)",08591,,01,영업/정상,,,02-2027-3445
,드림포레스트,,,189127.981104583,442460.505542105,2026-05-01 22:38:05,I,07,직권말소,2021-11-16 16:07:58,,,2019-03-11,,서울특별시 금천구 가산동 ***번지 **호 벽산디지털밸리*차,2019317019023200010,3170000,"서울특별시 금천구 가산디지털*로 ***, 벽산디지털밸리*차 ****호 (가산동)",08501,,04,취소/말소/만료/정지/중지,,,02-6439-0015
,비에스엠 데이터 랩,,,189055.138252216,441958.334400683,2026-05-01 22:38:05,I,07,직권말소,2021-11-16 16:06:22,,,2019-05-31,,서울특별시 금천구 가산동 ***번지 *호 대성디폴리스지식산업센터,2019317019023200019,3170000,"서울특별시 금천구 서부샛길 ***, 대성디폴리스지식산업센터 A동 *층 ***-*호 (가산동)",08504,,04,취소/말소/만료/정지/중지,,,
0,주식회사  엠피에이치코리아,,10000000,189419.091886816,441207.655086501,2026-05-01 22:38:05,I,07,직권말소,2021-11-16 16:05:58,0,,2016-06-15,,서울특별시 금천구 가산동 ***번지 **호 한라시그마밸리,2019317019023200020,3170000,"서울특별시 금천구 가산디지털*로 **, 한라시그마밸리 ****호 (가산동)",08588,,04,취소/말소/만료/정지/중지,,,02-582-9825
100000000,㈜헬스피플,,25000000,189504.258704224,441390.738560411,2026-05-01 22:38:05,I,01,정상영업,2025-06-09 14:06:52,75000000,,2019-06-07,,서울특별시 금천구 가산동 ***-** 대륭테크노타운**차,2019317019023200023,3170000,"서울특별시 금천구 가산디지털*로 **, 대륭테크노타운**차 ***호 (가산동)",08589,,01,영업/정상,,,
100000000,㈜클린푸드,,100000000,189282.557380259,442417.955057116,2026-05-01 22:38:05,I,01,정상영업,2019-06-18 17:39:20,0,,2019-06-18,,서울특별시 금천구 가산동 ***번지 *호 케이씨씨 웰츠밸리,2019317019023200025,3170000,"서울특별시 금천구 가산디지털*로 ***, 케이씨씨 웰츠밸리 ***호 (가산동)",08501,,01,영업/정상,,,
,인셀덤,,,191484.640902303,441167.391160156,2026-05-01 22:38:05,I,07,직권말소,2021-11-16 16:05:33,,,2019-07-03,,서울특별시 금천구 독산동 ***번지 *호,2019317019023200028,3170000,서울특별시 금천구 독산로**길 ** (독산동),08554,,04,취소/말소/만료/정지/중지,,,
,울릉산림조합직거래사업단,,,189314.711435401,442585.933234852,2026-05-01 22:38:06,I,01,정상영업,2019-07-12 16:10:57,,,2019-04-03,,서울특별시 금천구 가산동 ***번지 **호 에이스하이엔드타워*차,2019317019023200033,3170000,"서울특별시 금천구 가산디지털*로 ***, 에이스하이엔드타워*차 ****호 (가산동)",08502,,01,영업/정상,,,032-502-8607
141000000,㈜다성월드,,100000000,189538.020935968,441982.427934953,2026-05-01 22:38:06,I,07,직권말소,2021-11-16 16:04:31,41000000,,2019-07-17,,서울특별시 금천구 가산동 ***번지 **호 우림라이온스밸리,2019317019023200034,3170000,"서울특별시 금천구 가산디지털*로 ***, 우림라이온스밸리 A동 ***호 (가산동)",08507,,04,취소/말소/만료/정지/중지,,,
40092077,㈜이노파인더스,,20000000,189378.332493727,442066.99866487,2026-05-01 22:38:06,I,01,정상영업,2021-01-26 09:20:43,25223460,,2019-07-18,,서울특별시 금천구 가산동 ***-** 가산 에스케이 브이원 센터,2019317019023200035,3170000,"서울특별시 금천구 가산디지털*로 ***, 가산 에스케이 브이원 센터 ***호 (가산동)",08503,,01,영업/정상,,,
7000000,주식회사 모란도란,,3000000,189603.222916543,441801.135064157,2026-05-01 22:38:06,I,01,정상영업,2019-08-05 19:11:10,6000000,,2019-08-05,,서울특별시 금천구 가산동 ***번지 **호 가산 더스카이밸리 *차,2019317019023200037,3170000,"서울특별시 금천구 가산디지털*로 ***, 가산 더스카이밸리 *차 *층 ***호 (가산동)",08507,,01,영업/정상,,,20671245
60000000,주식회사  씨엔씨전자,,60000000,189863.599516869,440684.494000821,2026-05-01 22:38:06,I,01,정상영업,2019-08-27 08:34:53,0,,2019-08-26,,서울특별시 금천구 가산동 ***번지 대륭테크노타운**차,2019317019023200039,3170000,"서울특별시 금천구 가산디지털*로 **, 대륭테크노타운**차 제**층 ****호 (가산동)",08594,,01,영업/정상,,,
16000000,와이셀 주식회사,,5000000,189202.600232089,441848.24299943,2026-05-01 22:38:06,I,01,정상영업,2019-08-30 08:08:19,11000000,,2019-08-29,,서울특별시 금천구 가산동 ***번지 *호 월드메르디앙*차,2019317019023200040,3170000,"서울특별시 금천구 가산디지털*로 ***, 월드메르디앙*차 ***-*호 (가산동)",08505,,01,영업/정상,,,
100000000,씨엠결제시스템 주식회사,,100000000,189812.421197411,440866.434242768,2026-05-01 22:38:06,I,07,직권말소,2021-11-16 15:49:21,0,,2019-09-09,,서울특별시 금천구 가산동 ***번지 **호 이앤씨드림타워*차,2019317019023200041,3170000,"서울특별시 금천구 가산디지털*로 **, 이앤씨드림타워*차 *층 ***호 (가산동)",08592,,04,취소/말소/만료/정지/중지,,,02-6953-3653
,해피아울렛,,,191623.918087992,438766.981064195,2026-05-01 22:38:06,I,01,정상영업,2019-10-01 08:58:01,,,2018-03-22,,서울특별시 금천구 시흥동 ***번지 **호 대성빌딩,2019317019023200047,3170000,"서울특별시 금천구 독산로 **, 대성빌딩 지하층 (시흥동)",08642,,01,영업/정상,,,
51212931,미강코리아 주식회사,,50000000,189575.815287955,441503.181731081,2026-05-01 22:38:06,I,01,정상영업,2019-10-31 18:10:52,3110000,,2019-10-31,,서울특별시 금천구 가산동 ***번지 *호 SK트윈테크타워,2019317019023200053,3170000,"서울특별시 금천구 가산디지털*로 ***, SK트윈테크타워 A***호 (가산동)",08589,,01,영업/정상,,,
0,텔레프로(주),,0,,,2026-05-01 22:41:36,I,04,직권취소,2008-02-21 00:00:00,0,2007-10-22,2005-07-07,,서울특별시 영등포구 당산동***-** 영등빌딩-***,2005318011723201113,3180000,,,,04,취소/말소/만료/정지/중지,,,02-2069-1001
,강남미라클,,,,,2026-05-01 22:41:36,I,07,직권말소,2012-02-29 13:46:50,,,2005-07-07,,서울특별시 영등포구 양평동*가**-* 신광빌딩-***,2005318011723201115,3180000,,,,04,취소/말소/만료/정지/중지,,,02-2631-2461
,헬스온,,,,,2026-05-01 22:41:36,I,07,직권말소,2009-06-03 21:41:26,,,2005-07-20,,서울특별시 영등포구 대림동***-* 대림웨딩홀 *층,2005318011723201123,3180000,,,,04,취소/말소/만료/정지/중지,,,
,피플(peoples),,,,,2026-05-01 22:41:36,I,04,직권취소,2008-02-21 00:00:00,,2007-10-22,2005-07-20,,서울특별시 영등포구 양평동*가***-* 르네상스한강오피스텔 ****,2005318011723201124,3180000,,,,04,취소/말소/만료/정지/중지,,,02-2630-1211
0,대신유통,,0,,,2026-05-01 22:41:36,I,07,직권말소,2009-06-03 21:41:05,0,,2005-07-22,,서울특별시 영등포구 대림동***-*,2005318011723201125,3180000,,,,04,취소/말소/만료/정지/중지,,,02-849-6627
,한국농축산,,,,,2026-05-01 22:41:36,I,04,직권취소,2008-09-29 15:54:49,,2008-09-23,2005-07-26,,서울특별시 영등포구 대림동***-* 대경빌딩 *층,2005318011723201126,3180000,,,,04,취소/말소/만료/정지/중지,,,02-869-6646
,천지상사,,,,,2026-05-01 22:41:37,I,07,직권말소,2019-08-14 11:46:20,,,2005-08-11,,서울특별시 영등포구 양평동*가*-* 이레빌딩**층,2005318011723201131,3180000,,,,04,취소/말소/만료/정지/중지,,,02-2007-5370
,영진상사,,,,,2026-05-01 22:41:37,I,07,직권말소,2009-06-03 21:40:41,,,2005-08-11,,서울특별시 영등포구 양평동*가*-* 이레빌딩**층,2005318011723201132,3180000,,,,04,취소/말소/만료/정지/중지,,,02-2007-5371
0,(주)우아한삶,,0,,,2026-05-01 22:41:37,I,04,직권취소,2008-02-21 00:00:00,0,2007-10-22,2005-08-17,,서울특별시 영등포구 당산동*가**-** *층,2005318011723201135,3180000,,,,04,취소/말소/만료/정지/중지,,,02-2069-0242
,BMB플라워,,,,,2026-05-01 22:41:37,I,04,직권취소,2008-02-21 00:00:00,,2007-10-22,2005-08-17,,서울특별시 영등포구 당산동*가***-*,2005318011723201136,3180000,,,,04,취소/말소/만료/정지/중지,,,02-2655-2209
,웰텍코리아,,,,,2026-05-01 22:41:37,I,04,직권취소,2008-02-21 00:00:00,,2007-10-22,2005-08-23,,서울특별시 영등포구 대림동***-* *층,2005318011723201137,3180000,,,,04,취소/말소/만료/정지/중지,,,02-841-3657
1,(주)메티스에이치엔비,,1,,,2026-05-01 22:41:37,I,07,직권말소,2012-02-29 13:46:07,1,,2005-09-05,,서울특별시 영등포구 문래동*가**-* 로데웍상가-***,2005318011723201140,3180000,,,,04,취소/말소/만료/정지/중지,,,02-2632-2877
,영광상사,,,190923.551317757,446575.396546634,2026-05-01 22:41:37,I,01,정상영업,2012-06-23 13:11:39,,,2005-09-08,150-800,서울특별시 영등포구 당산동*가 **번지 *호,2005318011723201146,3180000,서울특별시 영등포구 영등포로 *** (당산동*가),,,01,영업/정상,,,
,하늘,,,,,2026-05-01 22:41:37,I,04,직권취소,2008-02-21 00:00:00,,2007-10-22,2005-09-12,,서울특별시 영등포구 양평동*가*-* 이레빌딩 **층,2005318011723201148,3180000,,,,04,취소/말소/만료/정지/중지,,,02-2007-5353
0,(주)경성기획개발,,0,,,2026-05-01 22:41:36,I,04,직권취소,2008-02-21 00:00:00,0,2007-10-22,2005-05-06,,서울특별시 영등포구 여의도동**-** 호성빌딩 신관*층,2005318011723201080,3180000,,,,04,취소/말소/만료/정지/중지,,,02-786-1686
0,(주)프랜쥬,,0,,,2026-05-01 22:41:36,I,04,직권취소,2008-02-21 00:00:00,0,2007-10-22,2005-05-09,,"서울특별시 영등포구 ***-* 보라매프라자 *층 ***,***,***호",2005318011723201081,3180000,,,,04,취소/말소/만료/정지/중지,,,02-849-4396
,하나로신용유통,,,,,2026-05-01 22:41:36,I,04,직권취소,2008-02-21 00:00:00,,2007-10-22,2005-05-10,,서울특별시 영등포구 대림동***-**,2005318011723201082,3180000,,,,04,취소/말소/만료/정지/중지,,,02-846-7411
,효진상사,,,,,2026-05-01 22:41:36,I,04,직권취소,2008-09-29 15:55:17,,2008-09-23,2005-05-11,,서울특별시 영등포구 양평동*가*-* *번지 이레빌딩 **층,2005318011723201083,3180000,,,,04,취소/말소/만료/정지/중지,,,
0,비에이취에스티(주),,0,,,2026-05-01 22:41:36,I,04,직권취소,2008-02-21 00:00:00,0,2007-10-22,2005-05-16,,서울특별시 영등포구 당산동*가**-** 은혜빌딩 ***호,2005318011723201087,3180000,,,,04,취소/말소/만료/정지/중지,,,02-1588-0334
,종근당 파인기획,,,,,2026-05-01 22:41:36,I,04,직권취소,2008-02-21 00:00:00,,2007-10-22,2005-05-16,,서울특별시 영등포구 대림동***-* 대성빌딩지하*,2005318011723201088,3180000,,,,04,취소/말소/만료/정지/중지,,,
0,주식회사 훼민라이프,,0,,,2026-05-01 22:41:36,I,04,직권취소,2008-02-21 00:00:00,0,2007-10-22,2005-05-21,,서울특별시 영등포구 **-* 에이스테크노타워*층,2005318011723201090,3180000,,,,04,취소/말소/만료/정지/중지,,,02-2166-4488
,삼오상사,,,,,2026-05-01 22:41:36,I,04,직권취소,2008-02-21 00:00:00,,2007-10-22,2005-06-01,,서울특별시 영등포구 양평동*가*-* 이레빌딩 **층,2005318011723201096,3180000,,,,04,취소/말소/만료/정지/중지,,,
,키네스텝,,,,,2026-05-01 22:41:36,I,04,직권취소,2008-02-21 00:00:00,,2007-10-22,2005-06-02,,서울특별시 영등포구 양평동*가*-* 이레빌딩 **층,2005318011723201098,3180000,,,,04,취소/말소/만료/정지/중지,,,02-2007-5363
,딩크샵,,,191705.489476565,444123.338811662,2026-05-01 22:41:36,I,07,직권말소,2012-01-10 14:44:08,,,2005-06-03,150-050,서울특별시 영등포구 신길동 ***번지 ***호 쌍둥이빌딩  B동 ***호,2005318011723201100,3180000,"서울특별시 영등포구 대방천로 ***, B동 ***호 (신길동,쌍둥이빌딩)",,,04,취소/말소/만료/정지/중지,,,02-2672-3208
0,(주)헬스키퍼,,0,,,2026-05-01 22:41:36,I,07,직권말소,2009-11-20 10:08:53,0,,2005-11-15,,서울특별시 영등포구 영등포동*가**-** 영호빌딩-***,2005318011723201105,3180000,,,,04,취소/말소/만료/정지/중지,,,02-2678-3721
,엘림유통,,,,,2026-05-01 22:41:36,I,04,직권취소,2008-02-21 00:00:00,,2007-10-22,2005-07-06,,서울특별시 영등포구 양평동*가*-* 이레빌딩 **층,2005318011723201111,3180000,,,,04,취소/말소/만료/정지/중지,,,
,스텝스,,,,,2026-05-01 22:41:36,I,04,직권취소,2008-02-21 00:00:00,,2007-10-22,2005-07-06,,서울특별시 영등포구 양평동*가*-* 이레빌딩 **층,2005318011723201112,3180000,,,,04,취소/말소/만료/정지/중지,,,02-2252-7094
,제이투코리아,,,191917.450107657,438699.77460936,2026-05-01 22:37:19,I,07,직권말소,2012-09-17 11:17:51,,,2007-11-30,153-030,서울특별시 금천구 시흥동 ***번지 **호 에벤에셀프라자 *층,2008317010523200055,3170000,"서울특별시 금천구 금하로 *** (시흥동,에벤에셀프라자 *층)",,,04,취소/말소/만료/정지/중지,,,02-805-8798
20000000,(주)한마음커뮤니케이션즈,,20000000,189127.981104583,442460.505542105,2026-05-01 22:37:20,I,07,직권말소,2012-09-17 13:15:17,0,,2007-09-03,153-023,서울특별시 금천구 가산동 ***번지 **호 벽산/경인디지털밸리 *차 ****호,2008317010523200059,3170000,"서울특별시 금천구 가산디지털*로 *** (가산동,벽산/경인디지털밸리 *차 ****호)",,,04,취소/말소/만료/정지/중지,,,02-858-2042
,아침이슬,,,189685.715834343,442026.454121483,2026-05-01 22:37:20,I,07,직권말소,2012-09-17 11:09:39,,,2007-07-27,153-023,서울특별시 금천구 가산동 **번지 **호 B***,2008317010523200062,3170000,"서울특별시 금천구 벚꽃로 *** (가산동,B***)",,,04,취소/말소/만료/정지/중지,,,02-864-8253
,부흥메디칼,,,190008.225481691,440966.42880728,2026-05-01 22:37:20,I,01,정상영업,2008-07-31 10:22:12,,,2007-08-21,153-011,서울특별시 금천구 독산동 ***번지 **호,2008317010523200063,3170000,서울특별시 금천구 벚꽃로 *** (독산동),,,01,영업/정상,,,02-838-5866
,진성웰리스,,,191924.359561902,442020.847866148,2026-05-01 22:37:20,I,07,직권말소,2012-09-17 10:11:58,,,2008-10-06,153-820,서울특별시 금천구 독산동 ***번지 **호 *층,2008317010523200067,3170000,"서울특별시 금천구 독산로***길 *** (독산동,*층)",,,04,취소/말소/만료/정지/중지,,,26976106
71120514,(주)바이오닉휴먼,,15177760,189575.815287955,441503.181731081,2026-05-01 22:37:20,I,07,직권말소,2012-09-17 14:00:55,55942754,,2008-10-09,153-023,서울특별시 금천구 가산동 ***번지 *호 SK트윈타워B-***.***호,2008317010523200068,3170000,"서울특별시 금천구 가산디지털*로 *** (가산동,SK트윈타워B-***.***호)",,,04,취소/말소/만료/정지/중지,,,
,미루네트웍스,,,189685.715834343,442026.454121483,2026-05-01 22:37:21,I,07,직권말소,2016-06-21 14:51:15,,,2008-10-30,153-023,서울특별시 금천구 가산동 **번지 **호 리더스타워 ***.***호,2008317010523200072,3170000,"서울특별시 금천구 벚꽃로 ***, ***.***호 (가산동,리더스타워)",,,04,취소/말소/만료/정지/중지,,,20266370
,유로.에스케이(SK),,,191196.763527392,438720.837491236,2026-05-01 22:37:21,I,07,직권말소,2016-06-21 14:51:58,,,2008-11-03,153-030,서울특별시 금천구 시흥동 ***번지 *호 *층,2008317010523200074,3170000,"서울특별시 금천구 시흥대로**길 **-** (시흥동,*층)",,,04,취소/말소/만료/정지/중지,,,
182185320,(주)제노,,200000000,,,2026-05-01 22:37:21,I,07,직권말소,2012-09-17 10:34:20,15600000,,2008-11-06,153-010,서울특별시 금천구 독산동 ***번지 **호 *층,2008317010523200075,3170000,,,,04,취소/말소/만료/정지/중지,,,64069071
2799215346,(주)웰스킨,,2087007511,189841.076534283,441127.322443807,2026-05-01 22:37:21,I,01,정상영업,2014-04-02 14:59:38,692207835,,2008-11-10,153-023,서울특별시 금천구 가산동 ***번지,2008317010523200076,3170000,"서울특별시 가산디지털*로 **, ***호 (호서대벤처타워)",,2008-11-10,01,영업/정상,,,26275678
5543272713,(주)영진에듀,,10000000,189991.650798406,440695.614055984,2026-05-01 22:37:21,I,01,정상영업,2008-11-19 10:27:42,5551368836,,2008-11-18,153-023,서울특별시 금천구 가산동 ***번지 대륭테크노타운**차 ****호,2008317010523200079,3170000,"서울특별시 금천구 가산디지털*로 **, ****호 (가산동,대륭테크노타운**차)",,,01,영업/정상,,,21052229
300000000,(주)디에프삼백,,300000000,189788.849463856,441731.610478567,2026-05-01 22:37:21,I,07,직권말소,2012-09-17 13:57:27,0,,2008-11-27,153-023,서울특별시 금천구 가산동 **번지 **호 월드메르디앙*차 ***호,2008317010523200083,3170000,"서울특별시 금천구 벚꽃로 ***, ***호 (가산동,월드메르디앙*차)",,,04,취소/말소/만료/정지/중지,,,21137771
75000000,(주)지원맥스,,100000000,189538.020935968,441982.427934953,2026-05-01 22:37:21,I,07,직권말소,2012-09-17 10:09:41,0,,2008-12-04,153-023,서울특별시 금천구 가산동 ***번지 **호 우림라이온스밸리A- ***호,2008317010523200085,3170000,"서울특별시 금천구 가산디지털*로 ***, ***호 (가산동,우림라이온스밸리A-)",,2008-12-04,04,취소/말소/만료/정지/중지,,,070-7945-7011
,비엠에스(BMS),,,191472.783986245,439701.932618895,2026-05-01 22:37:21,I,01,정상영업,2008-12-09 18:10:14,,,2008-12-09,153-857,서울특별시 금천구 시흥동 ***번지 *호 **통 *반,2008317010523200087,3170000,서울특별시 금천구 독산로**길 **-** (시흥동),,,01,영업/정상,,,64086196
100000000,(주)비에스청정초,,100000000,189538.020935968,441982.427934953,2026-05-01 22:37:21,I,07,직권말소,2012-09-17 10:14:09,0,,2009-03-10,153-023,서울특별시 금천구 가산동 ***번지 **호 우림라이온스밸리A동 ****호,2009317010523200011,3170000,"서울특별시 금천구 가산디지털*로 ***, ****호 (가산동,우림라이온스밸리A동)",,,04,취소/말소/만료/정지/중지,,,
,태산바이오,,,189232.30642848,442478.356256941,2026-05-01 22:37:21,I,07,직권말소,2012-09-17 11:24:23,,,2009-03-10,153-023,서울특별시 금천구 가산동 ***번지 *호 벽산디지털밸리*차 ****,2009317010523200012,3170000,"서울특별시 금천구 가산디지털*로 *** (가산동,벽산디지털밸리*차 ****)",,,04,취소/말소/만료/정지/중지,,,
50000000,(주)알오에이디플러스,,50000000,,,2026-05-01 22:37:21,I,07,직권말소,2012-09-17 14:05:30,0,,2009-03-13,153-023,서울특별시 금천구 가산동 ***번지 *호 코오롱애스턴 ***호,2009317010523200013,3170000,,,,04,취소/말소/만료/정지/중지,,,
472422673,(주)라키아스태프,,1000000000,189538.020935968,441982.427934953,2026-05-01 22:37:21,I,07,직권말소,2012-09-17 14:32:23,454889532,,2009-03-17,153-023,서울특별시 금천구 가산동 ***번지 **호 우림라이온스밸리 A동 ***호,2009317010523200014,3170000,"서울특별시 금천구 가산디지털*로 ***, ***호 (가산동,우림라이온스밸리 A동)",,,04,취소/말소/만료/정지/중지,,,21057060
,미소그린,,,190947.227089173,439903.990415217,2026-05-01 22:37:21,I,07,직권말소,2012-09-18 10:36:35,,,2009-03-17,153-010,서울특별시 금천구 독산동 ****번지 *호,2009317010523200015,3170000,서울특별시 금천구 시흥대로 *** (독산동),,,04,취소/말소/만료/정지/중지,,,
0,(주)훼도라이십일,,0,189788.849463856,441731.610478567,2026-05-01 22:37:21,I,07,직권말소,2012-09-18 10:30:35,0,,2009-03-20,153-023,서울특별시 금천구 가산동 **번지 **호 월드메르디앙*차 ***호,2009317010523200016,3170000,"서울특별시 금천구 벚꽃로 ***, ***호 (가산동,월드메르디앙*차)",,2009-03-20,04,취소/말소/만료/정지/중지,,,
2417833841,㈜세광에스티코퍼레이션,,300000000,189943.529964101,440455.075991442,2026-05-01 22:38:06,I,01,정상영업,2020-11-26 17:37:48,1550987029,,2019-11-13,,서울특별시 금천구 가산동 ***번지 *호 더루벤스밸리,2019317019023200055,3170000,"서울특별시 금천구 가산디지털*로 *, 더루벤스밸리 ****호 (가산동)",08594,,01,영업/정상,,,02-804-5744
6399036,㈜더좋은영농산업,,8000000,189943.546219232,441990.817436962,2026-05-01 22:38:06,I,01,정상영업,2019-11-18 08:14:39,8186296,,2019-11-15,,서울특별시 금천구 가산동 **번지 **호 이앤씨드림타워*차,2019317019023200056,3170000,"서울특별시 금천구 디지털로*길 **, 이앤씨드림타워*차 ***호 (가산동)",08512,,01,영업/정상,,,
948205835,주식회사 아이제이플러스,,20000000,190877.9899453,440964.438480712,2026-05-01 22:38:06,I,01,정상영업,2019-12-04 17:38:38,769485115,,2019-12-04,,서울특별시 금천구 독산동 ***번지 *호 디디에스빌딩,2019317019023200059,3170000,"서울특별시 금천구 시흥대로 ***, 디디에스빌딩 *층 (독산동)",08523,,01,영업/정상,,,
,인셀덤뷰티초이,,,190735.202947348,440588.586890064,2026-05-01 22:38:06,I,07,직권말소,2021-11-16 15:48:52,,,2019-12-04,,서울특별시 금천구 독산동 ***번지 *호,2019317019023200061,3170000,서울특별시 금천구 범안로**길 ** (독산동),08585,,04,취소/말소/만료/정지/중지,,,
,인셀덤 샤인,,,190624.115087948,441369.335355121,2026-05-01 22:38:07,I,07,직권말소,2021-11-16 15:41:03,,,2020-01-03,,서울특별시 금천구 독산동 ***번지 *호,2020317023523200001,3170000,"서울특별시 금천구 시흥대로***길 **, (***호) *층* 호 (독산동)",08533,,04,취소/말소/만료/정지/중지,,,
2000000000,주식회사 위드앤피슈,,50000000,189790.323886715,442017.86745811,2026-05-01 22:38:07,I,01,정상영업,2020-02-03 13:34:48,1950000000,,2018-02-19,,서울특별시 금천구 가산동 **번지 **호 백상스타타워*차,2020317023523200006,3170000,"서울특별시 금천구 디지털로*길 **, 백상스타타워*차 ****호 (가산동)",08511,,01,영업/정상,,,02-589-5900
20000000,주식회사 뉴톤이어닷컴,,10000000,189778.774504778,441302.111937219,2026-05-01 22:38:07,I,01,정상영업,2020-02-12 18:37:19,0,,2019-07-02,,서울특별시 금천구 가산동 ***번지 **호 IT프리미어타워,2020317023523200011,3170000,"서울특별시 금천구 가산디지털*로 **, IT프리미어타워 **층 ****-*호 (가산동)",08590,,01,영업/정상,,,02-2631-8887
,에스케이테크원,,,189055.138252216,441958.334400683,2026-05-01 22:38:07,I,07,직권말소,2023-11-14 14:20:25,,,2020-02-12,,서울특별시 금천구 가산동 ***번지 *호 대성디폴리스지식산업센터,2020317023523200012,3170000,"서울특별시 금천구 서부샛길 ***, 대성디폴리스지식산업센터 B동 **층 ****호 (가산동)",08504,,04,취소/말소/만료/정지/중지,,,
5168620724,㈜블루컴,,2966610469,189410.77946857,442005.26263228,2026-05-01 22:38:07,I,01,정상영업,2020-02-26 18:40:07,2202010255,,2020-02-26,,서울특별시 금천구 가산동 ***번지 *호 가산비지니스센터,2020317023523200016,3170000,"서울특별시 금천구 가산디지털*로 ***, 가산비지니스센터 *층 ***호 (가산동)",08503,,01,영업/정상,,,
,인셀덤 초원,,,191261.028423094,437488.324221587,2026-05-01 22:38:07,I,01,정상영업,2020-02-26 18:41:16,,,2020-02-26,,서울특별시 금천구 시흥동 ***번지 현대빌라,2020317023523200017,3170000,"서울특별시 금천구 시흥대로 **, *동 ***호 (시흥동, 현대빌라)",08640,,01,영업/정상,,,
,새한농산,,,191892.264910391,439200.60498805,2026-05-01 22:38:07,I,01,정상영업,2020-03-03 14:48:32,,,2020-03-03,,서울특별시 금천구 시흥동 ***번지 **호 프라우드빌,2020317023523200019,3170000,"서울특별시 금천구 독산로**마길 **, ***호 (시흥동, 프라우드빌)",08572,,01,영업/정상,,,
5058892964,㈜노아텔레콤,,3009261072,191230.18305802,438962.560605397,2026-05-01 22:38:07,I,01,정상영업,2020-03-17 16:47:26,2049631892,,2020-03-17,,서울특별시 금천구 시흥동 ***번지 **호,2020317023523200023,3170000,"서울특별시 금천구 시흥대로 ***, *층 ***호 (시흥동)",08628,,01,영업/정상,,,02-802-5019
,마임신대방지사,,,191446.681496957,441855.655336186,2026-05-01 22:38:07,I,01,정상영업,2020-03-17 16:49:01,,,2020-03-17,,서울특별시 금천구 독산동 ***번지 **호 연세치과의원,2020317023523200024,3170000,"서울특별시 금천구 독산로 ***, 연세치과의원 *층 (독산동)",08547,,01,영업/정상,,,02-869-2563
1800000000,㈜우영알앤엠,,5000000000,189522.336721798,441654.010373182,2026-05-01 22:38:07,I,01,정상영업,2020-03-23 08:02:48,1000000000,,2020-03-19,,서울특별시 금천구 가산동 ***번지 **호 BYC HIGHCITY,2020317023523200025,3170000,"서울특별시 금천구 가산디지털*로 ***, BYC HIGHCITY 씨동 ****호 (가산동)",08506,,01,영업/정상,,,
,마임구로지사,,,191344.743071113,440210.20974568,2026-05-01 22:38:08,I,01,정상영업,2020-04-22 08:46:14,,,2020-04-20,,서울특별시 금천구 독산동 ****번지 **호,2020317023523200030,3170000,"서울특별시 금천구 독산로 ***, *층 (독산동)",08618,,01,영업/정상,,,02-859-6090
,마임금천시흥지사,,,191397.796032306,438518.485081262,2026-05-01 22:38:08,I,01,정상영업,2021-05-10 11:37:56,,,2020-05-22,,서울특별시 금천구 시흥동 ***번지 **호,2020317023523200033,3170000,"서울특별시 금천구 독산로 *, *층 ***호 (시흥동)",08631,,01,영업/정상,,,
403926111,주식회사 뉴샘,,240667034,189434.721897968,441862.707622957,2026-05-01 22:38:08,I,01,정상영업,2020-06-15 10:50:27,163259077,,2020-06-12,,서울특별시 금천구 가산동 ***번지 **호 이노플렉스*차,2020317023523200035,3170000,"서울특별시 금천구 가산디지털*로 ***, 이노플렉스*차 ****호 (가산동)",08506,,01,영업/정상,,,02-6237-1515
,어싱브레인,,,189829.504142672,441618.071646624,2026-05-01 22:38:08,I,01,정상영업,2020-07-17 09:17:43,,,2019-07-05,,서울특별시 금천구 가산동 **-** 벽산디지털밸리*차,2020317023523200039,3170000,"서울특별시 금천구 벚꽃로 ***, 벽산디지털밸리*차 ***호 (가산동)",08513,,01,영업/정상,,,
,피앤씨 컴퍼니,,,189055.138252216,441958.334400683,2026-05-01 22:38:08,I,01,정상영업,2020-07-17 09:16:33,,,2020-07-15,,서울특별시 금천구 가산동 ***-* 대성디폴리스지식산업센터,2020317023523200041,3170000,"서울특별시 금천구 서부샛길 ***, 대성디폴리스지식산업센터 ***호 (가산동)",08504,,01,영업/정상,,,
30000000,주식회사 비에이치애프,,50000000,189829.504142672,441618.071646624,2026-05-01 22:38:08,I,01,정상영업,2021-07-15 19:17:42,0,,2020-07-15,,서울특별시 금천구 가산동 **-** 벽산디지털밸리*차,2020317023523200043,3170000,"서울특별시 금천구 벚꽃로 ***, 벽산디지털밸리*차 ***호 (가산동)",08513,,01,영업/정상,,,
,비젼,,,,,2026-05-01 22:41:37,I,04,직권취소,2008-02-21 00:00:00,,2007-10-22,2005-09-15,,서울특별시 영등포구 양평동*가*-* 이레빌딩**층,2005318011723201149,3180000,,,,04,취소/말소/만료/정지/중지,,,02-2007-5352
,우디스,,,,,2026-05-01 22:41:37,I,04,직권취소,2008-09-29 15:54:08,,2008-09-23,2005-09-22,,서울특별시 영등포구 영등포동*가**-* 푸르지오아파트 ***-***,2005318011723201150,3180000,,,,04,취소/말소/만료/정지/중지,,,02-2068-3068
,동부유통,,,,,2026-05-01 22:41:37,I,04,직권취소,2008-02-21 00:00:00,,2007-10-22,2005-09-23,,서울특별시 영등포구 신길동****-*,2005318011723201151,3180000,,,,04,취소/말소/만료/정지/중지,,,
,다솜유통,,,,,2026-05-01 22:41:37,I,04,직권취소,2008-02-21 00:00:00,,2007-10-22,2005-09-26,,서울특별시 영등포구 양평동*가*-* 이레빌딩 **층,2005318011723201152,3180000,,,,04,취소/말소/만료/정지/중지,,,02-364-4170
,fe기획,,,,,2026-05-01 22:41:37,I,07,직권말소,2012-02-29 14:03:12,,,2005-10-06,,서울특별시 영등포구 양평동*가***-*,2005318011723201158,3180000,,,,04,취소/말소/만료/정지/중지,,,02-2069-2230
,수원미라클,,,,,2026-05-01 22:41:37,I,07,직권말소,2019-08-14 11:45:52,,,2005-10-07,,서울특별시 영등포구 양평동*가**-* 신광빌딩 -***,2005318011723201160,3180000,,,,04,취소/말소/만료/정지/중지,,,02-2631-2461
5000000,(주)인트라비스,,5000000,,,2026-05-01 22:41:37,I,07,직권말소,2009-06-03 21:39:47,0,,2005-10-19,,서울특별시 영등포구 여의도동**-** 세실*빌딩 ***,2005318011723201164,3180000,,,,04,취소/말소/만료/정지/중지,,,02-786-6797
0,(주)링크맥스,,0,,,2026-05-01 22:41:37,I,04,직권취소,2008-02-21 00:00:00,0,2007-10-22,2005-10-20,,서울특별시 영등포구 대림동***-* 주원빌딩 *층,2005318011723201166,3180000,,,,04,취소/말소/만료/정지/중지,,,02-364-8088
,모바일비젼,,,,,2026-05-01 22:41:37,I,04,직권취소,2008-09-29 15:51:59,,2008-09-23,2005-10-20,,서울특별시 영등포구 여의도동**-* 에리트빌딩 ****호,2005318011723201167,3180000,,,,04,취소/말소/만료/정지/중지,,,02-2135-9086
,유비정보통신,,,,,2026-05-01 22:41:37,I,07,직권말소,2014-02-13 16:35:18,,,2005-10-25,,서울특별시 영등포구 당산동*가**-* 영등포유통상가 *층 **호,2005318011723201169,3180000,,,,04,취소/말소/만료/정지/중지,,,02-6268-0311
,눈생각식품,,,,,2026-05-01 22:41:37,I,07,직권말소,2009-06-03 21:39:13,,,2005-10-28,,서울특별시 영등포구 당산동*가*-* **빌딩-***,2005318011723201171,3180000,,,,04,취소/말소/만료/정지/중지,,,02-2631-2205
,크로프트게이트 코리아,,,,,2026-05-01 22:41:37,I,07,직권말소,2013-06-23 11:24:22,,,2005-11-08,,서울특별시 영등포구 여의도동**-** 엘질에클라트 ***호,2005318011723201174,3180000,,,,04,취소/말소/만료/정지/중지,,,02-783-1834
,시비웰,,,,,2026-05-01 22:41:37,I,04,직권취소,2008-02-21 00:00:00,,2007-10-22,2005-11-08,,서울특별시 영등포구 양평동*가*-* 이레빌딩 **층,2005318011723201175,3180000,,,,04,취소/말소/만료/정지/중지,,,
,아이비,,,,,2026-05-01 22:41:37,I,04,직권취소,2008-02-21 00:00:00,,2007-10-22,2005-11-08,,서울특별시 영등포구 양평동*가*-* 이레빌딩 **층,2005318011723201176,3180000,,,,04,취소/말소/만료/정지/중지,,,
0,솔스오브썬샤인코리아(주),,0,,,2026-05-01 22:41:37,I,04,직권취소,2008-02-21 00:00:00,0,2007-10-22,2005-11-10,,서울특별시 영등포구 여의도동**-** 센터빌딩 **층,2005318011723201181,3180000,,,,04,취소/말소/만료/정지/중지,,,02-3775-4131
50000000,유성웰빙(주),,500000,,,2026-05-01 22:41:37,I,07,직권말소,2009-06-03 21:38:00,0,,2005-11-10,,서울특별시 영등포구 대림동***-** *층,2005318011723201182,3180000,,,,04,취소/말소/만료/정지/중지,,,02-847-0002
5000000,(주)보령메디원,,5000000,,,2026-05-01 22:41:37,I,07,직권말소,2009-06-03 21:37:16,0,,2005-11-14,,서울특별시 영등포구 당산동*가***-* 인곡빌딩 *층,2005318011723201184,3180000,,,,04,취소/말소/만료/정지/중지,,,02-2637-0300
2000000,(주)더블리빅,,2000000,,,2026-05-01 22:41:37,I,07,직권말소,2009-06-03 21:36:37,0,,2005-11-21,,서울특별시 영등포구 당산동*가***-* 동화빌딩 *층,2005318011723201188,3180000,,,,04,취소/말소/만료/정지/중지,,,02-2637-7357
0,(주)리치앰플러스,,0,,,2026-05-01 22:41:37,I,04,직권취소,2008-02-21 00:00:00,0,2007-10-22,2005-11-22,,서울특별시 영등포구 영등포동*가***-* 지땜상가지하*층,2005318011723201190,3180000,,,,04,취소/말소/만료/정지/중지,,,02-3667-3100
0,(주)지앤비메디헬스,,0,,,2026-05-01 22:41:37,I,07,직권말소,2010-05-24 11:44:07,0,,2005-11-23,,서울특별시 영등포구 대림동***-* *층-***,2005318011723201192,3180000,,,,04,취소/말소/만료/정지/중지,,,02-847-8731
200000,(주)모인소핑,,200000,,,2026-05-01 22:41:37,I,07,직권말소,2009-06-03 21:36:04,0,,2005-11-30,,서울특별시 영등포구 여의도동**-* 맨하탄빌딩 ****호,2005318011723201193,3180000,,,,04,취소/말소/만료/정지/중지,,,02-783-1985
0,주식회사스카이인월드그린,,0,,,2026-05-01 22:41:37,I,07,직권말소,2014-11-24 10:33:56,0,,2005-12-05,,서울특별시 영등포구 당산동*가***-* 제일빌딩*층,2005318011723201194,3180000,,,,04,취소/말소/만료/정지/중지,,,02-2069-0042
,해피쿡(happy-cook),,,192298.857852631,444189.494969838,2026-05-01 22:41:37,I,01,정상영업,2020-11-13 12:59:55,,,2005-12-06,,서울특별시 영등포구 신길동 ****-* 씨제이빌딩,2005318011723201195,3180000,"서울특별시 영등포구 신풍로 **, 씨제이빌딩 *층 ***호 (신길동)",07431,,01,영업/정상,,,02-846-3100
5000000,(주)퍼스트에너지,,500000,,,2026-05-01 22:41:37,I,07,직권말소,2009-06-03 21:35:16,0,,2005-12-26,,서울특별시 영등포구 영등포동*가**-* 드림프라자 B *층,2005318011723201197,3180000,,,,04,취소/말소/만료/정지/중지,,,02-2068-1577
,희망자동차,,,,,2026-05-01 22:41:37,I,07,직권말소,2014-11-24 10:35:07,,,2005-12-28,,서울특별시 영등포구 문래동*가**-* 진주맨션 *동 ***호,2005318011723201200,3180000,,,,04,취소/말소/만료/정지/중지,,,02-2679-4633
0,(주)휴메인홀딩스,,0,,,2026-05-01 22:41:37,I,04,직권취소,2008-02-21 00:00:00,0,2007-10-22,2006-01-02,,서울특별시 영등포구 여의도동**-* 한노총중앙근로자복지센타 **층,2006318011723201202,3180000,,,,04,취소/말소/만료/정지/중지,,,02-6277-1700
,아이데뷰,,,,,2026-05-01 22:41:37,I,07,직권말소,2009-06-03 21:34:30,,,2006-01-04,,서울특별시 영등포구 대림동***-* 유일빌라 ***호,2006318011723201203,3180000,,,,04,취소/말소/만료/정지/중지,,,02-6083-3355
0,(주)엔테코이십일,,0,,,2026-05-01 22:41:37,I,04,직권취소,2008-02-21 00:00:00,0,2007-10-22,2006-01-16,,서울특별시 영등포구 문래동*가**-* 에이스테크노타워-***,2006318011723201209,3180000,,,,04,취소/말소/만료/정지/중지,,,02-2166-4488
1024580353,(주)솔라메이트,,450000000,189685.715834343,442026.454121483,2026-05-01 22:37:21,I,07,직권말소,2017-05-11 11:10:30,307621008,,2009-04-03,153-023,서울특별시 금천구 가산동 **번지 **호 리더스타워 ***,2009317010523200019,3170000,"서울특별시 금천구 벚꽃로 *** (가산동,리더스타워 ***)",,2009-04-03,04,취소/말소/만료/정지/중지,,,
50000000,(주)아르피아,,50000000,189538.020935968,441982.427934953,2026-05-01 22:37:22,I,07,직권말소,2012-09-17 14:06:02,0,,2009-04-07,153-023,서울특별시 금천구 가산동 ***번지 **호 우림라이온스밸리A동 ****호,2009317010523200020,3170000,"서울특별시 금천구 가산디지털*로 ***, ****호 (가산동,우림라이온스밸리A동)",,,04,취소/말소/만료/정지/중지,,,20263666
50000000,(주)더블피아,,50000000,189417.708595762,442309.174987731,2026-05-01 22:37:22,I,01,정상영업,2009-04-09 16:42:04,0,,2009-04-08,153-023,서울특별시 금천구 가산동 ***번지 *호 에이스테크노타워**차 ****호,2009317010523200021,3170000,"서울특별시 금천구 가산디지털*로 ***, ****호 (가산동,에이스테크노타워**차)",,,01,영업/정상,,,66704480
368966314,신한상조(주),,200000000,189538.020935968,441982.427934953,2026-05-01 22:37:22,I,07,직권말소,2012-09-17 13:08:45,2736309902,,2008-07-08,153-023,서울특별시 금천구 가산동 ***번지 **호 우림라이온스밸리B동 ***호,2009317010523200022,3170000,"서울특별시 금천구 가산디지털*로 ***, ***호 (가산동,우림라이온스밸리B동)",,2008-07-08,04,취소/말소/만료/정지/중지,,,20260033
0,(주)와이앤엠스카이,,0,189788.849463856,441731.610478567,2026-05-01 22:37:22,I,07,직권말소,2016-06-21 14:53:55,0,,2009-04-10,153-023,서울특별시 금천구 가산동 **번지 **호 월드메르디앙*차 ***호,2009317010523200024,3170000,"서울특별시 금천구 벚꽃로 ***, ***호 (가산동,월드메르디앙*차)",,,04,취소/말소/만료/정지/중지,,,
,제일기획,,,192754.34619252,438827.143732711,2026-05-01 22:37:22,I,07,직권말소,2012-09-17 09:01:44,,,2009-04-17,153-030,서울특별시 금천구 시흥동 ****번지 벽산B상가 ***호,2009317010523200026,3170000,"서울특별시 금천구 금하로 ***, ***호 (시흥동,벽산B상가)",,,04,취소/말소/만료/정지/중지,,,070-7795-7686
300000000,(주)엠알링크,,300000000,190614.33820323,440802.672977287,2026-05-01 22:37:22,I,07,직권말소,2012-09-18 10:54:08,0,,2009-05-13,153-010,서울특별시 금천구 독산동 ***번지 **호 *층,2009317010523200029,3170000,"서울특별시 금천구 두산로**길 ** (독산동,*층)",,,04,취소/말소/만료/정지/중지,,,1544-7389
1981549790,(주)세계교육,,478268299,189834.383375802,441938.326056501,2026-05-01 22:37:22,I,07,직권말소,2012-09-18 10:28:54,1503281491,,2009-05-19,153-023,서울특별시 금천구 가산동 **번지 **호 한신IT타워*차 ****호,2009317010523200030,3170000,"서울특별시 금천구 디지털로*길 **, ****호 (가산동,한신IT타워*차)",,2009-05-19,04,취소/말소/만료/정지/중지,,,1599-0546
300000000,(주)인터시티텔레콤,,300000000,189841.076534283,441127.322443807,2026-05-01 22:37:22,I,01,정상영업,2013-11-25 15:46:57,0,,2009-06-12,153-023,서울특별시 금천구 가산동 ***번지 호서대벤처타워 ****호,2009317010523200036,3170000,"서울특별시 금천구 가산디지털*로 **, ****호 (가산동,호서대벤처타워)",,,01,영업/정상,,,070-7874-0114
300000000,(주)인터시티텔레콤,,300000000,189841.076534283,441127.322443807,2026-05-01 22:37:22,I,01,정상영업,2013-11-25 15:46:06,0,,2009-06-12,153-023,서울특별시 금천구 가산동 ***번지 호서대벤처타워 ****호,2009317010523200037,3170000,"서울특별시 금천구 가산디지털*로 **, ****호 (가산동,호서대벤처타워)",,,01,영업/정상,,,070-7874-0114
100000000,(주)네티안씨씨,,600000000,189538.020935968,441982.427934953,2026-05-01 22:37:22,I,07,직권말소,2012-09-18 10:10:49,0,,2009-06-30,153-023,서울특별시 금천구 가산동 ***번지 **호 우림라이온스밸리 B동 B***호,2009317010523200039,3170000,"서울특별시 금천구 가산디지털*로 ***, B동 B***호 (가산동,우림라이온스밸리)",,,04,취소/말소/만료/정지/중지,,,20265733
,윤선생영어독산북부영어숲,,,191345.078843727,441104.110872264,2026-05-01 22:37:23,I,07,직권말소,2021-11-16 20:46:11,,,2009-08-31,153-010,서울특별시 금천구 독산동 ***번지 *호,2009317010523200050,3170000,서울특별시 금천구 독산로 *** (독산동),,,04,취소/말소/만료/정지/중지,,,
35000000,(주)위인에듀,,20000000,189788.849463856,441731.610478567,2026-05-01 22:37:23,I,07,직권말소,2017-05-11 11:10:02,15000000,,2009-09-01,153-023,서울특별시 금천구 가산동 **번지 **호 월드메르디앙*차 ****,2009317010523200051,3170000,"서울특별시 금천구 벚꽃로 *** (가산동,월드메르디앙*차 ****)",,,04,취소/말소/만료/정지/중지,,,1599-7909
20000000,(주)에듀네스,,20000000,190374.759548724,440511.760988273,2026-05-01 22:37:23,I,07,직권말소,2016-06-21 14:54:37,0,,2009-09-01,153-010,서울특별시 금천구 독산동 ***번지 **호 씨티오피스텔*층 ***,2009317010523200052,3170000,"서울특별시 금천구 범안로**길 * (독산동,씨티오피스텔*층 ***)",,,04,취소/말소/만료/정지/중지,,,
67581500,(주)보템네이처스,,50000000,189538.020935968,441982.427934953,2026-05-01 22:37:23,I,07,직권말소,2012-09-17 14:09:44,17581500,,2009-09-10,153-023,서울특별시 금천구 가산동 ***번지 **호 우림라이온스밸리 B-***,2009317010523200056,3170000,"서울특별시 금천구 가산디지털*로 *** (가산동,우림라이온스밸리 B-***)",,,04,취소/말소/만료/정지/중지,,,1588-8639
,뉴탑플라자,,,191794.387105728,442013.609096475,2026-05-01 22:37:23,I,07,직권말소,2016-06-21 14:55:10,,,2009-09-21,153-010,서울특별시 금천구 독산동 ***번지 *호 서원빌딩 ***,2009317010523200058,3170000,"서울특별시 금천구 남부순환로 **** (독산동,서원빌딩 ***)",,,04,취소/말소/만료/정지/중지,,,1544-3916
1637055819,(주)썬리치플러스,,300000000,189232.30642848,442478.356256941,2026-05-01 22:37:23,I,07,직권말소,2016-06-21 14:56:02,1337055819,,2009-10-20,153-023,서울특별시 금천구 가산동 ***번지 *호 벽산디지털밸리*차 ***,2009317010523200060,3170000,"서울특별시 금천구 가산디지털*로 *** (가산동,벽산디지털밸리*차 ***)",,,04,취소/말소/만료/정지/중지,,,070-8611-2000
226757914,(주)하나밴,,2000000000,189829.504142672,441618.071646624,2026-05-01 22:37:23,I,07,직권말소,2012-09-18 10:38:16,150662160,,2009-10-29,153-023,서울특별시 금천구 가산동 **번지 **호 벽산디지털밸리*차 ****,2009317010523200062,3170000,"서울특별시 금천구 벚꽃로 *** (가산동,벽산디지털밸리*차 ****)",,,04,취소/말소/만료/정지/중지,,,63937000
12558394,㈜참하나에스비,,50000000,189685.715834343,442026.454121483,2026-05-01 22:38:08,I,07,직권말소,2023-11-14 13:07:25,224322179,,2020-08-27,,서울특별시 금천구 가산동 **-** 삼성리더스타워,2020317023523200044,3170000,"서울특별시 금천구 벚꽃로 ***, 삼성리더스타워 ****호 (가산동)",08511,,04,취소/말소/만료/정지/중지,,,
972847673,주식회사 신바이오,,400000000,189538.020935968,441982.427934953,2026-05-01 22:38:08,I,01,정상영업,2020-09-25 09:34:44,627662312,,2017-09-25,,서울특별시 금천구 가산동 ***-** 우림라이온스밸리,2020317023523200046,3170000,"서울특별시 금천구 가산디지털*로 ***, 우림라이온스밸리 C동 ***호 (가산동)",08507,,01,영업/정상,,,02-508-4783
50000000,제왕나비 주식회사,,10000000,189538.020935968,441982.427934953,2026-05-01 22:38:08,I,01,정상영업,2020-10-26 11:00:31,0,,2020-10-26,,서울특별시 금천구 가산동 ***-** 우림라이온스밸리,2020317023523200048,3170000,"서울특별시 금천구 가산디지털*로 ***, 우림라이온스밸리 씨동 ****호 (가산동)",08507,,01,영업/정상,,,
1076554445,주식회사 스마트넷,,290145994,190062.251872617,441540.84671905,2026-05-01 22:38:08,I,01,정상영업,2020-11-20 10:09:39,786408451,,2017-05-29,,서울특별시 금천구 가산동 **-**,2020317023523200049,3170000,"서울특별시 금천구 가산로*길 **, 더리즌밸리지식산업센터 ***호 (가산동)",08513,,01,영업/정상,,,02-6466-3999
,엘케이몰,,,191321.505420593,440771.958692379,2026-05-01 22:38:08,I,07,직권말소,2023-11-14 14:20:02,,,2018-05-10,,서울특별시 금천구 독산동 ***-**,2020317023523200050,3170000,"서울특별시 금천구 독산로 ***, 지하*층 (독산동)",08557,,04,취소/말소/만료/정지/중지,,,
1000000,㈜정원에너텍,,1000000,190694.880295092,440764.426277932,2026-05-01 22:38:08,I,01,정상영업,2022-05-09 09:17:50,0,,2020-12-01,,서울특별시 금천구 독산동 ***-* 현대지식산업센터,2020317023523200051,3170000,"서울특별시 금천구 두산로 **, 현대지식산업센터 B동 ***호 (독산동)",08584,,01,영업/정상,,,1644-1783
676116290,헤라정보시스템 주식회사,,350000000,189228.282678816,441767.908595592,2026-05-01 22:38:08,I,01,정상영업,2020-12-07 09:48:27,0,,2020-12-07,,서울특별시 금천구 가산동 *** 대륭테크노타운*차,2020317023523200052,3170000,"서울특별시 금천구 가산디지털*로 ***, 대륭테크노타운*차 ****호 (가산동)",08505,,01,영업/정상,,,
,건생녹즙,,,190920.874671571,440185.257764263,2026-05-01 22:38:08,I,07,직권말소,2023-11-14 14:19:49,,,2020-12-07,,서울특별시 금천구 독산동 ****-**,2020317023523200053,3170000,"서울특별시 금천구 시흥대로***길 *, *층 (독산동)",08616,2022-10-12,04,취소/말소/만료/정지/중지,,,
100000000,주식회사 디앤디인터내셔널,,100000000,191860.284053667,442032.10003569,2026-05-01 22:38:08,I,07,직권말소,2023-11-14 13:07:05,0,,2019-03-28,,서울특별시 금천구 독산동 ***-*,2020317023523200054,3170000,"서울특별시 금천구 남부순환로 ****, *층 (독산동)",08548,,04,취소/말소/만료/정지/중지,,,02-874-3063
,제이에스정보통신,,,191303.023494993,441905.793323945,2026-05-01 22:38:08,I,07,직권말소,2023-11-14 14:19:29,,,2020-12-29,,서울특별시 금천구 독산동 ***-** 보성빌딩,2020317023523200055,3170000,"서울특별시 금천구 남부순환로 ****, 보성빌딩 ***호 (독산동)",08537,,04,취소/말소/만료/정지/중지,,,
2721265847,㈜트래디스바이오,2026-02-13,100000000,189303.743525683,442223.92565551,2026-05-01 22:38:09,I,05,타시군구이관,2026-02-13 15:38:33,6030617747,,2021-01-05,,서울특별시 금천구 가산동 ***-* (주)LG 가산 디지털센터,2021317023523200001,3170000,"서울특별시 금천구 가산디지털*로 ***, (주)LG 가산 디지털센터 ****-*호 (가산동)",08503,,05,제외/삭제/전출,,,02-6265-2557
,이노블코스메틱,,,189610.572817924,442233.074140378,2026-05-01 22:38:09,I,01,정상영업,2021-01-05 10:00:08,,,2006-10-16,,서울특별시 금천구 가산동 **-**,2021317023523200002,3170000,"서울특별시 금천구 벚꽃로**길 *, *층 ***호 (가산동)",08509,,01,영업/정상,,,02-3281-1595
,청담,,,192754.34619252,438827.143732711,2026-05-01 22:38:09,I,01,정상영업,2021-01-13 09:28:53,,,2018-10-22,,서울특별시 금천구 시흥동 **** 벽산아파트,2021317023523200003,3170000,"서울특별시 금천구 금하로 ***, ***동 ***호 (시흥동, 벽산아파트)",08655,,01,영업/정상,,,
173098411,주식회사 스페이스드림,,,189350.592434703,442143.206055455,2026-05-01 22:38:09,I,01,정상영업,2021-01-13 09:28:32,194972736,,2021-01-13,,서울특별시 금천구 가산동 ***-*** 가산 더블유센터,2021317023523200004,3170000,"서울특별시 금천구 가산디지털*로 ***, 가산 더블유센터 ***호 (가산동)",08503,,01,영업/정상,,,
30000000,주식회사  노아드림에스,,10000000,191860.284053667,442032.10003569,2026-05-01 22:38:09,I,07,직권말소,2023-11-14 13:06:38,0,,2021-01-15,,서울특별시 금천구 독산동 ***-*,2021317023523200005,3170000,"서울특별시 금천구 남부순환로 ****, *층 (독산동)",08548,,04,취소/말소/만료/정지/중지,,,02-882-0225
,대흥라파,,,189788.849463856,441731.610478567,2026-05-01 22:38:09,I,07,직권말소,2021-11-16 15:40:39,,,2021-01-25,,서울특별시 금천구 가산동 **-** 월드메르디앙*차,2021317023523200006,3170000,"서울특별시 금천구 벚꽃로 ***, 월드메르디앙*차 *층 ***호 (가산동)",08511,,04,취소/말소/만료/정지/중지,,,
200000000,주식회사 예종홀딩스,,100000000,190185.054136417,441381.452926959,2026-05-01 22:38:09,I,07,직권말소,2023-11-14 13:06:16,0,,2021-02-05,,서울특별시 금천구 가산동 ***-*,2021317023523200009,3170000,"서울특별시 금천구 디지털로**길 **, 가산테라타워 ***호 (가산동)",08517,,04,취소/말소/만료/정지/중지,,,
,건화클린시스템,,,189497.04098479,441728.27059771,2026-05-01 22:38:09,I,01,정상영업,2021-02-23 17:15:22,,,2020-06-29,,서울특별시 금천구 가산동 ***-** IT캐슬*차,2021317023523200010,3170000,"서울특별시 금천구 가산디지털*로 ***, IT캐슬*차 ***호 (가산동)",08506,,01,영업/정상,,,
,에코세이버,,,189538.020935968,441982.427934953,2026-05-01 22:38:09,I,01,정상영업,2021-03-05 08:57:25,,,2021-03-05,,서울특별시 금천구 가산동 ***-** 우림라이온스밸리,2021317023523200012,3170000,"서울특별시 금천구 가산디지털*로 ***, 우림라이온스밸리 A동 ****호 (가산동)",08507,,01,영업/정상,,,
,효주C&I,,,189790.323886715,442017.86745811,2026-05-01 22:38:09,I,01,정상영업,2021-03-08 13:30:18,,,2021-03-08,,서울특별시 금천구 가산동 **-** 백상스타타워*차,2021317023523200013,3170000,"서울특별시 금천구 디지털로*길 **, 백상스타타워*차 ***호 (가산동)",08511,,01,영업/정상,,,
0,(주)코보그월드,,0,,,2026-05-01 22:41:37,I,04,직권취소,2008-04-02 13:52:36,0,2007-10-22,2006-01-17,,서울특별시 영등포구 대림동****-* 대덕빌딩*층,2006318011723201210,3180000,,,,04,취소/말소/만료/정지/중지,,,02-2135-2151
0,(주)홍익상조,,0,192996.536406075,447488.346551122,2026-05-01 22:41:37,I,07,직권말소,2012-02-29 13:45:03,0,,2006-01-20,150-749,서울특별시 영등포구 여의도동 **번지 **호 맨하탄빌딩 ***호,2006318011723201213,3180000,"서울특별시 영등포구 국회대로**길 **, ***호 (여의도동,맨하탄빌딩)",,,04,취소/말소/만료/정지/중지,,,1588-7963
,비상구,,,,,2026-05-01 22:41:37,I,04,직권취소,2008-02-21 00:00:00,,2007-10-22,2006-01-20,,서울특별시 영등포구 양평동*가*-* 이레빌딩**층,2006318011723201214,3180000,,,,04,취소/말소/만료/정지/중지,,,02-585-3389
,B2 UP KOREA,,,,,2026-05-01 22:41:37,I,04,직권취소,2008-02-21 00:00:00,,2007-10-22,2006-01-20,,서울특별시 영등포구 양평동*가**-** -***,2006318011723201216,3180000,,,,04,취소/말소/만료/정지/중지,,,02-2634-7511
,건강한생활,,,,,2026-05-01 22:41:37,I,04,직권취소,2008-02-21 00:00:00,,2007-10-22,2006-01-23,,서울특별시 영등포구 영등포동*가**-* *층,2006318011723201217,3180000,,,,04,취소/말소/만료/정지/중지,,,02-2637-0008
,예원라이프,,,,,2026-05-01 22:41:37,I,04,직권취소,2008-02-21 00:00:00,,2007-10-22,2006-02-13,,서울특별시 영등포구 대림동***-** 바우빌딩*층,2006318011723201219,3180000,,,,04,취소/말소/만료/정지/중지,,,02-976-0424
0,(주)직능라이프,,0,,,2026-05-01 22:41:37,I,07,직권말소,2012-02-29 13:44:31,0,,2006-02-17,,서울특별시 영등포구 여의도동**-* 오성빌딩*층,2006318011723201220,3180000,,,,04,취소/말소/만료/정지/중지,,,02-1577-9299
0,(주)메리클,,0,,,2026-05-01 22:41:37,I,02,휴업처리,2020-07-29 09:00:43,0,,2006-02-17,,서울특별시 영등포구 대림동***-*,2006318011723201221,3180000,,,,02,휴업,2020-07-29,2030-07-27,02-848-4365
,FoM상사,,,,,2026-05-01 22:41:38,I,04,직권취소,2008-02-21 00:00:00,,2007-10-22,2006-02-21,,서울특별시 영등포구 당산동*가**-* 당산빌딩*층,2006318011723201224,3180000,,,,04,취소/말소/만료/정지/중지,,,02-2631-6818
0,(주)영화의땅,,0,,,2026-05-01 22:41:38,I,04,직권취소,2008-02-21 00:00:00,0,2007-10-22,2006-03-15,,서울특별시 영등포구 당산동*가***-* *층,2006318011723201228,3180000,,,,04,취소/말소/만료/정지/중지,,,02-2634-0393
0,(주)코보넷,,0,,,2026-05-01 22:41:38,I,04,직권취소,2008-02-21 00:00:00,0,2007-10-22,2006-03-20,,서울특별시 영등포구 여의도동**-* 전경련회관**층,2006318011723201229,3180000,,,,04,취소/말소/만료/정지/중지,,,02-785-0808
0,(주)코보그월드 서서울지점,,0,,,2026-05-01 22:41:38,I,04,직권취소,2008-02-21 00:00:00,0,2007-10-22,2006-03-28,,서울특별시 영등포구 대림동****-* 대덕빌딩-***,2006318011723201232,3180000,,,,04,취소/말소/만료/정지/중지,,,02-2135-2152
,푸맛싸유통,,,,,2026-05-01 22:41:38,I,04,직권취소,2008-09-29 15:51:02,,2008-09-23,2006-03-30,,서울특별시 영등포구 신길동****-*,2006318011723201233,3180000,,,,04,취소/말소/만료/정지/중지,,,02-842-6893
0,(주)림스텍유통,,0,,,2026-05-01 22:41:38,I,04,직권취소,2008-02-21 00:00:00,0,2007-10-22,2006-03-30,,서울특별시 영등포구 여의도동**-* 미원빌딩-****,2006318011723201234,3180000,,,,04,취소/말소/만료/정지/중지,,,02-784-4311
,부산미라클,,,,,2026-05-01 22:41:38,I,07,직권말소,2010-05-24 11:43:34,,,2006-04-05,,서울특별시 영등포구 양평동*가**-* 신광빌딩-***,2006318011723201236,3180000,,,,04,취소/말소/만료/정지/중지,,,02-2631-2461
,신성코리아,,,,,2026-05-01 22:41:38,I,07,직권말소,2012-02-29 13:50:20,,,2006-04-07,,서울특별시 영등포구 신길동***-* 시원빌딩B***호,2006318011723201239,3180000,,,,04,취소/말소/만료/정지/중지,,,02-849-5433
,코리아차닷컴,,,,,2026-05-01 22:41:38,I,04,직권취소,2008-09-29 16:02:44,,2008-09-23,2006-04-10,,서울특별시 영등포구 당산동*가**-* 삼성ABC 프라자-***,2006318011723201240,3180000,,,,04,취소/말소/만료/정지/중지,,,02-2672-0757
0,코리아넷커뮤니케이션(주),,0,,,2026-05-01 22:41:38,I,04,직권취소,2008-09-29 15:50:31,0,2008-09-23,2006-05-19,,서울특별시 영등포구 여의도동**-* 라이프오피스텔 *층,2006318011723201248,3180000,,,,04,취소/말소/만료/정지/중지,,,02-782-5757
254643883,(주)궁전실버뱅크,,50000000,,,2026-05-01 22:41:38,I,07,직권말소,2019-08-14 11:45:24,156324523,,2006-05-25,,서울특별시 영등포구 신길동***-**,2006318011723201250,3180000,,,,04,취소/말소/만료/정지/중지,,,02-1544-7376
0,(주)케이알에스피지,,0,,,2026-05-01 22:41:38,I,04,직권취소,2008-09-29 15:49:45,0,2008-09-23,2006-05-29,,서울특별시 영등포구 대림동***-* 주원빌딩 *층,2006318011723201251,3180000,,,,04,취소/말소/만료/정지/중지,,,02-836-3771
1,(주)국민텔레피아,,1,,,2026-05-01 22:41:38,I,04,직권취소,2007-12-06 09:32:50,1,2007-12-05,2006-05-29,,"서울특별시 영등포구 여의도동**-* 삼도오피스텔***,***호",2006318011723201252,3180000,,,,04,취소/말소/만료/정지/중지,,,02-874-7900
,한성유통,,,190679.328893177,447306.38664325,2026-05-01 22:41:38,I,07,직권말소,2013-03-25 20:33:01,,,2006-06-14,,서울특별시 영등포구 당산동*가***-* 삼익아파트*-***,2006318011723201259,3180000,"서울특별시 영등포구 국회대로 ***, *동 ***호 (당산동*가, 삼익아파트)",,,04,취소/말소/만료/정지/중지,,,02-2676-2186
0,(주)이지콜링,,0,,,2026-05-01 22:41:38,I,04,직권취소,2008-09-29 15:49:07,0,2008-09-23,2006-06-16,,서울특별시 영등포구 여의도동**-* 극동브이아이피빌딩-***,2006318011723201261,3180000,,,,04,취소/말소/만료/정지/중지,,,02-1600-4011
,포셀,,,,,2026-05-01 22:41:38,I,04,직권취소,2008-09-29 15:48:34,,2008-09-23,2006-06-19,,서울특별시 영등포구 신길동***-* *층,2006318011723201262,3180000,,,,04,취소/말소/만료/정지/중지,,,02-846-9281
,하늘,,,,,2026-05-01 22:41:38,I,07,직권말소,2012-02-29 13:44:05,,,2006-06-20,,서울특별시 영등포구 당산동*가**-*,2006318011723201264,3180000,,,,04,취소/말소/만료/정지/중지,,,02-3667-1113
,홍선생미술,,,190140.258408311,439271.814994838,2026-05-01 22:37:23,I,07,직권말소,2021-11-16 20:45:39,,,2008-03-20,153-753,서울특별시 금천구 독산동 ****번지,2009317010523200063,3170000,"서울특별시 금천구 한내로 **, *층 ****호 (독산동, 한신상가)",,,04,취소/말소/만료/정지/중지,,,
42000000,(주)굿이즈,,50000000,189353.050637528,442493.020182986,2026-05-01 22:37:24,I,07,직권말소,2012-09-18 10:51:15,0,,2009-11-03,153-023,서울특별시 금천구 가산동 ***번지 **호 코오롱디지털타워애스턴 ***,2009317010523200065,3170000,"서울특별시 금천구 가산디지털*로 *** (가산동,코오롱디지털타워애스턴 ***)",,,04,취소/말소/만료/정지/중지,,,
50000000,블루엔물산(주),,50000000,189685.715834343,442026.454121483,2026-05-01 22:37:24,I,01,정상영업,2009-12-02 17:42:55,50000000,,2009-12-02,153-023,서울특별시 금천구 가산동 **번지 **호 리더스타워 ****,2009317010523200068,3170000,"서울특별시 금천구 벚꽃로 *** (가산동,리더스타워 ****)",,,01,영업/정상,,,1544-6387
,아이비즈솔루션,,,189722.178532426,441920.972770099,2026-05-01 22:37:24,I,07,직권말소,2012-09-17 11:26:07,,,2009-12-03,153-023,서울특별시 금천구 가산동 **번지 **호 에스제이테크노빌 ****,2009317010523200069,3170000,"서울특별시 금천구 벚꽃로 *** (가산동,에스제이테크노빌 ****)",,,04,취소/말소/만료/정지/중지,,,1544-1606
50000000,(주)유엔바이오텍,,50000000,189538.020935968,441982.427934953,2026-05-01 22:37:24,I,07,직권말소,2012-09-18 10:02:46,0,,2009-12-03,153-023,서울특별시 금천구 가산동 ***번지 **호 우림라이온스밸리 B동 ***,2009317010523200070,3170000,"서울특별시 금천구 가산디지털*로 *** (가산동,우림라이온스밸리 B동 ***)",,,04,취소/말소/만료/정지/중지,,,1544-2264
0,(주)메가일렉,,50000000,189720.13564195,440711.695061423,2026-05-01 22:37:24,I,07,직권말소,2012-09-17 09:56:09,0,,2009-12-08,153-023,서울특별시 금천구 가산동 ***번지 **호 대륭테크노타운*차 ***-B호,2009317010523200071,3170000,"서울특별시 금천구 가산디지털*로 **-** (가산동,대륭테크노타운*차 ***-B호)",,,04,취소/말소/만료/정지/중지,,,
,마임,,,192368.43764933,438690.814038292,2026-05-01 22:37:24,I,07,직권말소,2012-09-18 09:59:05,,,2009-12-10,153-030,서울특별시 금천구 시흥동 ****번지 *호 벽산중심상가 ***,2009317010523200073,3170000,"서울특별시 금천구 금하로 *** (시흥동,벽산중심상가 ***)",,,04,취소/말소/만료/정지/중지,,,
,"간호교육연수원, 국가고시교육원",,,189127.981104583,442460.505542105,2026-05-01 22:37:24,I,07,직권말소,2012-09-11 20:57:26,,,2009-12-23,153-023,"서울특별시 금천구 가산동 ***번지 **호 벽산경인디지털밸리*차 ***,***,***호",2009317010523200075,3170000,"서울특별시 금천구 가산디지털*로 *** (가산동,벽산경인디지털밸리*차 ***,***,***호)",,,04,취소/말소/만료/정지/중지,,,
,우리유통,,,191720.651507376,438572.563073387,2026-05-01 22:37:24,I,07,직권말소,2021-11-16 20:45:14,,,2010-01-13,153-030,서울특별시 금천구 시흥동 ***번지 **호 지상*층,2010317010523200004,3170000,"서울특별시 금천구 독산로*가길 **-* (시흥동,지상*층)",,,04,취소/말소/만료/정지/중지,,,
50000000,(주)레인보우네트웍스,,50000000,189720.13564195,440711.695061423,2026-05-01 22:37:24,I,07,직권말소,2012-09-18 10:19:45,0,,2010-01-20,153-023,서울특별시 금천구 가산동 ***번지 **호 대륭테크노타운*차***-C호,2010317010523200006,3170000,"서울특별시 금천구 가산디지털*로 **-** (가산동,대륭테크노타운*차***-C호)",,,04,취소/말소/만료/정지/중지,,,20681031
50000000,프리원비즈(주),,50000000,189720.13564195,440711.695061423,2026-05-01 22:37:25,I,07,직권말소,2012-09-17 09:54:32,0,,2010-01-20,153-023,서울특별시 금천구 가산동 ***번지 **호 대륭테크노타운*차***-비,2010317010523200007,3170000,"서울특별시 금천구 가산디지털*로 **-** (가산동,대륭테크노타운*차***-비)",,,04,취소/말소/만료/정지/중지,,,20681062
100000000,(주)행복을전하는사람들,,100000000,189812.421197411,440866.434242768,2026-05-01 22:37:25,I,07,직권말소,2021-11-16 20:44:57,0,,2010-01-21,153-023,서울특별시 금천구 가산동 ***번지 **호 이앤씨드림타워*차 ***,2010317010523200008,3170000,"서울특별시 금천구 가산디지털*로 ** (가산동,이앤씨드림타워*차 ***)",,,04,취소/말소/만료/정지/중지,,,1666-1220
50000000,(주)로하스익스프레스,,50000000,189538.020935968,441982.427934953,2026-05-01 22:37:25,I,07,직권말소,2012-09-17 14:03:44,0,,2010-02-18,153-023,서울특별시 금천구 가산동 ***번지 **호 우림라이온스밸리 씨-***,2010317010523200013,3170000,"서울특별시 금천구 가산디지털*로 *** (가산동,우림라이온스밸리 씨-***)",,,04,취소/말소/만료/정지/중지,,,
50000000,(주)이피지엠,,50000000,189538.020935968,441982.427934953,2026-05-01 22:37:25,I,07,직권말소,2012-09-17 14:16:48,0,,2010-02-25,153-023,서울특별시 금천구 가산동 ***번지 **호 우림라이온스밸리 씨-***,2010317010523200015,3170000,"서울특별시 금천구 가산디지털*로 *** (가산동,우림라이온스밸리 씨-***)",,,04,취소/말소/만료/정지/중지,,,1599-7558
10000000,(주)지천정보통신,,10000000,189202.600232089,441848.24299943,2026-05-01 22:37:26,I,07,직권말소,2012-09-17 14:14:14,0,,2010-02-26,153-023,서울특별시 금천구 가산동 ***번지 *호 월드메르디앙벤처센차* ***,2010317010523200017,3170000,"서울특별시 금천구 가산디지털*로 *** (가산동,월드메르디앙벤처센차* ***)",,,04,취소/말소/만료/정지/중지,,,1544-6239
9468608448,(주)씨에스리더 엔젤지점,,485301135,190917.029334959,441578.336428922,2026-05-01 22:37:26,I,07,직권말소,2012-09-17 13:13:34,8983307313,,2010-03-08,153-010,서울특별시 금천구 독산동 ***번지 *호,2010317010523200018,3170000,서울특별시 금천구 시흥대로 *** (독산동),,,04,취소/말소/만료/정지/중지,,,
,고려툴테크,,,190453.109350144,441137.439376293,2026-05-01 22:37:27,I,07,직권말소,2012-09-17 10:23:14,,,2010-03-10,153-023,서울특별시 금천구 가산동 ***번지 **호,2010317010523200019,3170000,서울특별시 금천구 가산로*길 ** (가산동),,,04,취소/말소/만료/정지/중지,,,26151778
,중앙리더스,,,189722.178532426,441920.972770099,2026-05-01 22:37:27,I,07,직권말소,2012-09-18 10:59:48,,,2010-03-15,153-023,서울특별시 금천구 가산동 **번지 **호 SJ테크노빌 ****,2010317010523200020,3170000,"서울특별시 금천구 벚꽃로 *** (가산동,SJ테크노빌 ****)",,,04,취소/말소/만료/정지/중지,,,
,뷰티,,,191385.881021518,438845.015391392,2026-05-01 22:38:09,I,07,직권말소,2023-11-14 14:18:13,,,2015-11-25,,서울특별시 금천구 시흥동 ***-**,2021317023523200014,3170000,"서울특별시 금천구 시흥대로**길 **, *층 (시흥동)",08629,,04,취소/말소/만료/정지/중지,,,02-6085-2922
107546517,주식회사 코람데오,,22571220,189863.598209033,441870.90420315,2026-05-01 22:38:09,I,01,정상영업,2021-03-17 10:03:52,84975297,,2010-09-28,,서울특별시 금천구 가산동 **-** IT미래TOWER,2021317023523200015,3170000,"서울특별시 금천구 디지털로*길 **, IT미래TOWER ***호 (가산동)",08511,,01,영업/정상,,,1588-0517
,나누기,,,190374.442286092,440380.799604056,2026-05-01 22:38:09,I,01,정상영업,2021-04-08 09:30:24,,,2021-04-08,,서울특별시 금천구 독산동 ****-***,2021317023523200016,3170000,"서울특별시 금천구 범안로**길 **, ***호 (독산동)",08602,,01,영업/정상,,,
9834709075,주식회사 이랜드이노플,,3000000000,189778.774504778,441302.111937219,2026-05-01 22:38:09,I,01,정상영업,2021-12-01 16:16:04,5020685529,,2021-04-09,,서울특별시 금천구 가산동 ***-** IT프리미어타워,2021317023523200017,3170000,"서울특별시 금천구 가산디지털*로 **, IT프리미어타워 **층 (가산동)",08590,,01,영업/정상,,,02-2029-9628
10000000,주식회사 하이클린365,,10000000,189325.86426015,441551.478093955,2026-05-01 22:38:09,I,01,정상영업,2021-04-21 10:05:26,0,,2021-04-21,,서울특별시 금천구 가산동 ***-* 에이스가산타워,2021317023523200020,3170000,"서울특별시 금천구 디지털로 ***, 에이스가산타워 ****호 (가산동)",08505,,01,영업/정상,,,
15000000,주식회사 제로마트,,35000000,189982.344533404,441928.69040241,2026-05-01 22:38:09,I,01,정상영업,2021-04-26 14:17:47,0,,2021-04-22,,서울특별시 금천구 가산동 **-* 갑을그레이트밸리,2021317023523200021,3170000,"서울특별시 금천구 디지털로*길 **, 갑을그레이트밸리 *층 비-***호 (가산동)",08512,,01,영업/정상,,,
,에이치비컴퍼니,,,189978.050925581,440363.954453659,2026-05-01 22:38:09,I,01,정상영업,2021-05-04 09:28:21,,,2021-05-03,,서울특별시 금천구 가산동 *** 디지털엠파이어빌딩,2021317023523200022,3170000,"서울특별시 금천구 범안로 ****, 디지털엠파이어빌딩 ***호 (가산동)",08595,,01,영업/정상,,,
537671102,주식회사 화인테크윈,,100000000,189855.309927286,441540.894601732,2026-05-01 22:38:09,I,01,정상영업,2021-05-17 10:01:57,410630918,,2021-05-17,,서울특별시 금천구 가산동 **-** 에이스하이엔드타워*차,2021317023523200024,3170000,"서울특별시 금천구 벚꽃로 ***, 에이스하이엔드타워*차 ***-*호 (가산동)",08513,,01,영업/정상,,,
10000000,주식회사 한솔에듀테크,,10000000,189975.894746956,440742.223479611,2026-05-01 22:38:09,I,01,정상영업,2022-02-21 21:08:20,0,,2021-05-18,,서울특별시 금천구 가산동 *** 에이스하이엔드타워**,2021317023523200026,3170000,"서울특별시 금천구 가산디지털*로 **, 에이스하이엔드타워** ****호 (가산동)",08591,,01,영업/정상,,,
,씨엔케이(CNK),,,189065.818334596,442338.144130222,2026-05-01 22:38:09,I,01,정상영업,2021-05-27 17:07:33,,,2021-05-27,,서울특별시 금천구 가산동 ***-** 에이스 비즈포레 지식산업센터,2021317023523200029,3170000,"서울특별시 금천구 가산디지털*로 ***, 에이스 비즈포레 지식산업센터 ***호 (가산동)",08500,,01,영업/정상,,,
88800000,애지원주식회사,,88800000,189467.124186925,441780.0053985,2026-05-01 22:38:09,I,01,정상영업,2021-08-23 10:04:57,0,,2021-06-03,,서울특별시 금천구 가산동 ***-** 에이스하이엔드타워*차,2021317023523200030,3170000,"서울특별시 금천구 가산디지털*로 ***, 에이스하이엔드타워*차 ****호 (가산동)",08506,,01,영업/정상,,,
,제이와이컴퍼니,,,189127.981104583,442460.505542105,2026-05-01 22:38:09,I,01,정상영업,2021-06-03 17:21:26,,,2021-06-03,,서울특별시 금천구 가산동 ***-** 벽산디지털밸리*차,2021317023523200031,3170000,"서울특별시 금천구 가산디지털*로 ***, 벽산디지털밸리*차 ***~***호 (가산동)",08501,,01,영업/정상,,,
2463818,주식회사 이레통신,,1579006,189202.600232089,441848.24299943,2026-05-01 22:38:10,I,01,정상영업,2021-12-22 09:54:01,884812,,2021-06-09,,서울특별시 금천구 가산동 ***-* 월드메르디앙*차,2021317023523200033,3170000,"서울특별시 금천구 가산디지털*로 ***, 월드메르디앙*차 ***호 (가산동)",08505,,01,영업/정상,,,
,깔끔옥 크린,,,192742.326147617,438460.667319682,2026-05-01 22:38:10,I,01,정상영업,2021-06-11 16:51:09,,,2021-06-11,,서울특별시 금천구 시흥동 **** 벽산*단지아파트,2021317023523200035,3170000,"서울특별시 금천구 금하로 ***, ***동 ***호 (시흥동, 벽산*단지아파트)",08646,,01,영업/정상,,,
900000000,주식회사 선가,,900000000,190050.903572929,440523.497478209,2026-05-01 22:38:10,I,01,정상영업,2021-08-10 19:18:26,0,,2021-08-10,,서울특별시 금천구 가산동 *** 우림라이온스밸리*차,2021317023523200038,3170000,"서울특별시 금천구 가산디지털*로 *, 우림라이온스밸리*차 ****호 (가산동)",08591,,01,영업/정상,,,02-867-9405
1345786304,(주) 가 (GA),,978212654,189685.715834343,442026.454121483,2026-05-01 22:38:10,I,01,정상영업,2021-08-13 13:52:19,367573650,,2021-08-13,,서울특별시 금천구 가산동 **-** 삼성리더스타워,2021317023523200039,3170000,"서울특별시 금천구 벚꽃로 ***, 삼성리더스타워 ****호 (가산동)",08511,,01,영업/정상,,,070-8676-0457
,야베스 바이오,,,189917.493331104,442031.656022304,2026-05-01 22:38:10,I,01,정상영업,2021-08-17 10:48:51,,,2020-06-22,,서울특별시 금천구 가산동 **-* 코오롱테크노밸리,2021317023523200040,3170000,"서울특별시 금천구 디지털로*길 **, 코오롱테크노밸리 ***호 (가산동)",08512,,01,영업/정상,,,
20594181,주식회사 기가코리아,,10000000,189685.715834343,442026.454121483,2026-05-01 22:38:10,I,07,직권말소,2023-11-14 14:17:58,47101549,,2021-08-20,,서울특별시 금천구 가산동 **-** 삼성리더스타워,2021317023523200041,3170000,"서울특별시 금천구 벚꽃로 ***, 삼성리더스타워 ***호 (가산동)",08511,,04,취소/말소/만료/정지/중지,,,070-8676-0457
1455490182,제이티애드넷 주식회사,,50000000,189055.138252216,441958.334400683,2026-05-01 22:38:10,I,01,정상영업,2021-09-23 15:57:36,1109753900,,2021-09-23,,서울특별시 금천구 가산동 ***-* 대성디폴리스지식산업센터,2021317023523200043,3170000,"서울특별시 금천구 서부샛길 ***, 대성디폴리스지식산업센터 A동 ****호 (가산동)",08504,,01,영업/정상,,,02-1566-4602
182143225,주식회사 만나다,,10000000,189834.383375802,441938.326056501,2026-05-01 22:38:10,I,01,정상영업,2023-08-29 13:11:10,352117968,,2021-09-28,,서울특별시 금천구 가산동 **-** 한신IT 타워*차,2021317023523200044,3170000,"서울특별시 금천구 디지털로*길 **, 한신IT 타워*차 ***호 (가산동)",08511,,01,영업/정상,,,02-3288-6400
0,(주)웰빙애드,,0,,,2026-05-01 22:41:38,I,04,직권취소,2008-09-29 15:48:04,0,2008-09-23,2006-07-03,,서울특별시 영등포구 양평동*가***-* 에스엠빌딩-***,2006318011723201268,3180000,,,,04,취소/말소/만료/정지/중지,,,02-1544-3101
,현대I테크,,,,,2026-05-01 22:41:38,I,04,직권취소,2008-02-21 00:00:00,,2007-10-22,2006-07-05,,서울특별시 영등포구 영등포동***-** -***,2006318011723201269,3180000,,,,04,취소/말소/만료/정지/중지,,,02-2659-1603
,한국포스메디,,,,,2026-05-01 22:41:38,I,04,직권취소,2008-02-21 00:00:00,,2007-10-22,2006-07-07,,서울특별시 영등포구 도림동**-**,2006318011723201272,3180000,,,,04,취소/말소/만료/정지/중지,,,02-849-8185
,진성생활건강,,,190996.309706509,444150.92503426,2026-05-01 22:41:38,I,07,직권말소,2014-11-24 10:37:45,,,2006-07-07,150-070,서울특별시 영등포구 대림동 ***번지 **호,2006318011723201273,3180000,서울특별시 영등포구 대림로**다길 *-* (대림동),,,04,취소/말소/만료/정지/중지,,,02-844-6334
,e-레저,,,,,2026-05-01 22:41:38,I,07,직권말소,2010-05-24 11:42:33,,,2006-07-13,,서울특별시 영등포구 영등포동*가*-*,2006318011723201274,3180000,,,,04,취소/말소/만료/정지/중지,,,02-2649-5789
0,(주)한국의전물류공사,,0,194504.656267957,446355.021491973,2026-05-01 22:41:38,I,07,직권말소,2019-08-14 11:44:46,0,,2006-07-20,150-010,서울특별시 영등포구 여의도동 **번지 *호 리버타워 ***,2006318011723201278,3180000,"서울특별시 영등포구 **로 ** (여의도동,리버타워 ***)",,,04,취소/말소/만료/정지/중지,,,
0,(주)유진엔터테인먼트,,0,,,2026-05-01 22:41:38,I,04,직권취소,2008-09-29 15:47:32,0,2008-09-23,2006-07-20,,서울특별시 영등포구 여의도동**-* 동우국제빌딩-***,2006318011723201279,3180000,,,,04,취소/말소/만료/정지/중지,,,02-780-2378
,인포타임,,,,,2026-05-01 22:41:38,I,04,직권취소,2008-09-29 15:46:59,,2008-09-23,2006-07-24,,서울특별시 영등포구 신길동***-* 지하*층,2006318011723201280,3180000,,,,04,취소/말소/만료/정지/중지,,,02-834-4117
,고려라이프,,,,,2026-05-01 22:41:38,I,04,직권취소,2008-09-29 15:46:27,,2008-09-23,2006-08-14,,서울특별시 영등포구 당산동*가**-* 당산빌딩-***,2006318011723201282,3180000,,,,04,취소/말소/만료/정지/중지,,,02-2672-4461
500000,(주)팅크탱크,,500000,,,2026-05-01 22:41:38,I,07,직권말소,2009-06-03 21:34:01,0,,2006-08-14,,서울특별시 영등포구 당산동*가**-* 동선빌딩-***,2006318011723201283,3180000,,,,04,취소/말소/만료/정지/중지,,,02-3667-8272
0,전국상조통합이행보증(주),,0,,,2026-05-01 22:41:38,I,07,직권말소,2013-06-23 11:39:08,0,,2006-08-21,,서울특별시 영등포구 대림동***-* 대성빌딩-***,2006318011723201287,3180000,,,,04,취소/말소/만료/정지/중지,,,02-844-4044
,금일유통,,,,,2026-05-01 22:41:38,I,04,직권취소,2008-09-29 15:45:46,,2008-09-23,2006-09-12,,서울특별시 영등포구 대림동***-* 명한빌딩-***,2006318011723201293,3180000,,,,04,취소/말소/만료/정지/중지,,,02-836-5129
5000000,(주)에스엘케이파워,,500000,,,2026-05-01 22:41:38,I,07,직권말소,2009-06-03 21:33:23,0,,2006-09-14,,서울특별시 영등포구 대림동****-* 대덕빌딩-***,2006318011723201295,3180000,,,,04,취소/말소/만료/정지/중지,,,02-831-5205
,담원식품,,,,,2026-05-01 22:41:38,I,07,직권말소,2009-06-03 21:32:38,,,2006-09-14,,서울특별시 영등포구 당산동*가*-* **빌딩-***,2006318011723201296,3180000,,,,04,취소/말소/만료/정지/중지,,,02-2631-1305
0,(주)신우컬렉션,,0,,,2026-05-01 22:41:38,I,04,직권취소,2008-09-29 15:45:04,0,2008-09-23,2006-09-20,,서울특별시 영등포구 문래동*가**-* 국화아파트상가-***,2006318011723201298,3180000,,,,04,취소/말소/만료/정지/중지,,,02-2633-7277
,현대건설장비 영등포대리점,,,,,2026-05-01 22:41:38,I,07,직권말소,2012-02-29 13:43:29,,,2006-09-26,150-032,서울특별시 영등포구 영등포동*가 **번지 **호 우성빌딩 ***호,2006318011723201299,3180000,,,,04,취소/말소/만료/정지/중지,,,02-2672-9289
0,(주)코엠커뮤니케이션,,0,,,2026-05-01 22:41:38,I,04,직권취소,2008-02-21 00:00:00,0,2007-10-22,2006-09-27,,서울특별시 영등포구 여의도동**-** 여의도플렉시움오피스텔-***,2006318011723201300,3180000,,,,04,취소/말소/만료/정지/중지,,,02-782-5757
,엔제이,,,,,2026-05-01 22:41:38,I,07,직권말소,2009-06-03 21:32:13,,,2006-09-28,,서울특별시 영등포구 대림동***-** *층,2006318011723201301,3180000,,,,04,취소/말소/만료/정지/중지,,,02-834-0869
,신원정보시스템,,,,,2026-05-01 22:41:38,I,07,직권말소,2009-06-03 21:31:46,,,2006-09-29,,서울특별시 영등포구 대림동***-* -***,2006318011723201302,3180000,,,,04,취소/말소/만료/정지/중지,,,02-833-2686
5000000,(주)세빈씨에스,,500000,,,2026-05-01 22:41:38,I,07,직권말소,2009-06-03 21:30:49,0,,2006-10-13,,서울특별시 영등포구 문래동*가**-* 국화상가-***,2006318011723201303,3180000,,,,04,취소/말소/만료/정지/중지,,,02-2635-0082
111,(주)에셈씨,,111,,,2026-05-01 22:41:38,I,07,직권말소,2012-01-10 14:40:52,111,,2006-10-20,,서울특별시 영등포구 대림동***-* 메리클빌딩 *층,2006318011723201306,3180000,,,,04,취소/말소/만료/정지/중지,,,02-845-5660
2000000,(주)헬스젠,,2000000,,,2026-05-01 22:41:38,I,07,직권말소,2009-06-03 21:30:02,0,,2006-10-23,,서울특별시 영등포구 양평동*가**-* 이앤씨드림타워-***,2006318011723201307,3180000,,,,04,취소/말소/만료/정지/중지,,,02-325-6341
0,(주)휴머니스트,,0,,,2026-05-01 22:41:39,I,04,직권취소,2008-09-29 15:44:16,0,2008-09-23,2006-10-24,,서울특별시 영등포구 문래동*가**-* 메가벤처타워 지하 ***~-***,2006318011723201308,3180000,,,,04,취소/말소/만료/정지/중지,,,02-2069-3115
,텔레코디,,,,,2026-05-01 22:41:39,I,01,정상영업,2021-12-15 11:46:39,,,2006-10-27,,서울특별시 영등포구 영등포동*가**-* 유정빌딩 *층,2006318011723201313,3180000,,,,01,영업/정상,,,
,옥메트수리,,,,,2026-05-01 22:41:39,I,07,직권말소,2012-02-29 13:42:52,,,2006-10-30,,서울특별시 영등포구 양평동*가***-* *층,2006318011723201314,3180000,,,,04,취소/말소/만료/정지/중지,,,02-2068-2780
0,(유)헬스젠바이오,,0,,,2026-05-01 22:41:39,I,04,직권취소,2008-09-29 15:43:36,0,2008-09-23,2006-11-01,,서울특별시 영등포구 양평동*가**-* 이앤씨드림타워-***,2006318011723201315,3180000,,,,04,취소/말소/만료/정지/중지,,,02-325-6341
0,(주)어헤드커뮤니케이션즈,,0,,,2026-05-01 22:41:39,I,07,직권말소,2012-02-29 13:42:14,0,,2006-11-03,,서울특별시 영등포구 대림동***-** 바우빌딩 *층,2006318011723201317,3180000,,,,04,취소/말소/만료/정지/중지,,,02-2051-7700
0,(주)이월드웨이,,0,,,2026-05-01 22:41:39,I,07,직권말소,2009-06-03 21:29:12,0,,2006-11-10,,서울특별시 영등포구 대림동****-* 대덕빌딩 *층,2006318011723201319,3180000,,,,04,취소/말소/만료/정지/중지,,,
2744196101,(주)마이크로브릿지,,300000000,189364.095969911,441746.981529543,2026-05-01 22:37:28,I,01,정상영업,2012-07-18 15:04:45,1914030771,,2010-03-26,153-023,서울특별시 금천구 가산동 ***번지 *호 뉴티캐슬 ***호,2010317010523200023,3170000,"서울특별시 금천구 가산디지털*로 *** (가산동,뉴티캐슬 ***호)",,,01,영업/정상,,,
,마임구로남주지사,,,191324.840121445,440592.541477571,2026-05-01 22:37:28,I,01,정상영업,2010-03-26 17:03:01,,,2010-03-26,153-010,서울특별시 금천구 독산동 ****번지 **호 대일빌딩*층,2010317010523200024,3170000,"서울특별시 금천구 독산로**길 **-* (독산동,대일빌딩*층)",,,01,영업/정상,,,26835581
,케이지모빌리티 금천판매대리점,,,191043.409853209,439603.337106736,2026-05-01 22:37:28,I,01,정상영업,2023-05-04 21:34:15,,,2010-04-01,,서울특별시 금천구 독산동 ****-** BK 힐타운,2010317010523200026,3170000,"서울특별시 금천구 시흥대로 ***, BK 힐타운 *층 (독산동)",08623,,01,영업/정상,,,070-7730-8323
,한승아스트라,,,190498.32738704,441516.527946049,2026-05-01 22:37:28,I,07,직권말소,2012-09-17 11:27:54,,,2010-04-02,153-023,서울특별시 금천구 가산동 ***번지 *호 **.**호신평대일타운*층,2010317010523200027,3170000,"서울특별시 금천구 시흥대로***길 ** (가산동,**.**호신평대일타운*층)",,,04,취소/말소/만료/정지/중지,,,
100000000,(주)휴먼브리지컴,,100000000,190376.887344493,441719.096950576,2026-05-01 22:37:28,I,07,직권말소,2016-06-21 14:56:35,0,,2010-04-05,153-023,서울특별시 금천구 가산동 ***번지 **호 삼정벤처타운*층,2010317010523200028,3170000,"서울특별시 금천구 남부순환로***길 ** (가산동,삼정벤처타운*층)",,,04,취소/말소/만료/정지/중지,,,
300000000,가림(주),,300000000,189686.475000033,440870.092608694,2026-05-01 22:37:29,I,01,정상영업,2010-07-02 17:31:52,0,,2010-04-07,153-023,서울특별시 금천구 가산동 ***번지 **호 대륭테크노타운**차비***호,2010317010523200029,3170000,"서울특별시 금천구 가산디지털*로 ** (가산동,대륭테크노타운**차비***호)",,,01,영업/정상,,,
4836073733,대한홍삼(주),,2123589129,189089.927764903,442569.300676147,2026-05-01 22:37:29,I,01,정상영업,2010-05-03 11:56:19,2712484604,,2010-05-03,153-023,서울특별시 금천구 가산동 ***번지 **호 대륭테크노타운*차 ***호,2010317010523200030,3170000,"서울특별시 금천구 가마산로 ** (가산동,대륭테크노타운*차 ***호)",,,01,영업/정상,,,
300000000,(주)2엠플러스,,300000000,189748.024164036,442174.424111843,2026-05-01 22:37:29,I,07,직권말소,2012-09-17 14:11:47,0,,2010-05-11,153-023,서울특별시 금천구 가산동 **번지 **호 스타밸리 ****,2010317010523200031,3170000,"서울특별시 금천구 디지털로*길 ** (가산동,스타밸리 ****)",,,04,취소/말소/만료/정지/중지,,,070-7885-7700
,윤선생영어교실,,,191970.182049624,438773.647952075,2026-05-01 22:37:30,I,07,직권말소,2017-05-11 11:09:34,,,2010-05-20,153-031,서울특별시 금천구 시흥동 ***번지 **호,2010317010523200033,3170000,"서울특별시 금천구 탑골로 *, ***호 (시흥동)",,,04,취소/말소/만료/정지/중지,,,
50000000,(주)코리아내츄럴,,50000000,189089.927764903,442569.300676147,2026-05-01 22:37:31,I,07,직권말소,2012-09-17 14:19:18,0,,2010-05-26,153-023,서울특별시 금천구 가산동 ***번지 **호 대륭테크노타운*차 ****,2010317010523200034,3170000,"서울특별시 금천구 가마산로 ** (가산동,대륭테크노타운*차 ****)",,,04,취소/말소/만료/정지/중지,,,
,해피월드,,,190897.121552939,440210.028900271,2026-05-01 22:37:31,I,07,직권말소,2016-06-21 14:57:17,,,2010-05-27,153-010,서울특별시 금천구 독산동 ****번지 **호 *층,2010317010523200035,3170000,"서울특별시 금천구 시흥대로 *** (독산동,*층)",,,04,취소/말소/만료/정지/중지,,,
,마임금천중부,,,191675.120967274,438891.205343357,2026-05-01 22:37:32,I,07,직권말소,2012-09-17 10:21:22,,,2010-06-22,153-030,서울특별시 금천구 시흥동 ***번지 **호,2010317010523200038,3170000,서울특별시 금천구 금하로 *** (시흥동),,,04,취소/말소/만료/정지/중지,,,
100000000,직능소상공인이엔티(주),,100000000,189538.020935968,441982.427934953,2026-05-01 22:37:32,I,07,직권말소,2017-05-11 11:09:05,0,,2010-06-29,153-023,서울특별시 금천구 가산동 ***번지 **호 우림라이온스밸리 B-***,2010317010523200042,3170000,"서울특별시 금천구 가산디지털*로 *** (가산동,우림라이온스밸리 B-***)",,,04,취소/말소/만료/정지/중지,,,20265873
15000000,(주)잼글로벌,,15000000,190935.474832877,439103.770738784,2026-05-01 22:37:32,I,07,직권말소,2012-09-17 14:20:49,0,,2010-07-06,153-030,서울특별시 금천구 시흥동 ***번지 **호 하이네스트 ***,2010317010523200043,3170000,"서울특별시 금천구 금하로*길 ** (시흥동,하이네스트 ***)",,,04,취소/말소/만료/정지/중지,,,
,감람원,,,189917.493331104,442031.656022304,2026-05-01 22:37:32,I,07,직권말소,2016-06-21 14:57:48,,,2010-07-08,153-023,서울특별시 금천구 가산동 **번지 *호 코오롱테크노밸리 ****,2010317010523200044,3170000,"서울특별시 금천구 디지털로*길 ** (가산동,코오롱테크노밸리 ****)",,,04,취소/말소/만료/정지/중지,,,1644-0679
100000000,(주)엠에스엠,,100000000,190376.887344493,441719.096950576,2026-05-01 22:37:33,I,07,직권말소,2012-09-18 10:34:32,0,,2010-07-13,153-023,서울특별시 금천구 가산동 ***번지 **호 삼정벤처타운*층,2010317010523200046,3170000,"서울특별시 금천구 남부순환로***길 ** (가산동,삼정벤처타운*층)",,,04,취소/말소/만료/정지/중지,,,
100000000,(주)오메가클럽,,100000000,189788.849463856,441731.610478567,2026-05-01 22:37:33,I,07,직권말소,2012-09-18 10:44:55,0,,2010-07-29,153-023,서울특별시 금천구 가산동 **번지 **호 월드메르디앙벤처센타*차 ****호,2010317010523200048,3170000,"서울특별시 금천구 벚꽃로 *** (가산동,월드메르디앙벤처센타*차 ****호)",,,04,취소/말소/만료/정지/중지,,,070-4135-4488
330000000,(주)세이브뉴텍,,330000000,189314.711435401,442585.933234852,2026-05-01 22:37:33,I,07,직권말소,2016-06-21 14:58:22,0,,2010-07-30,153-023,서울특별시 금천구 가산동 ***번지 **호 에이스하이엔드타워*차*층***호,2010317010523200049,3170000,"서울특별시 금천구 가산디지털*로 *** (가산동,에이스하이엔드타워*차*층***호)",,,04,취소/말소/만료/정지/중지,,,1644-8841
100000000,(주)에듀아하,,100000000,189686.475000033,440870.092608694,2026-05-01 22:37:34,I,07,직권말소,2016-06-21 14:58:56,0,,2010-07-30,153-023,"서울특별시 금천구 가산동 ***번지 **호 대륭테크노타운**차***호,***호",2010317010523200050,3170000,"서울특별시 금천구 가산디지털*로 ** (가산동,대륭테크노타운**차***호,***호)",,,04,취소/말소/만료/정지/중지,,,1544-3516
30274260,소마랜드 주식회사,,10000000,189975.894746956,440742.223479611,2026-05-01 22:38:10,I,01,정상영업,2022-01-18 19:56:51,95471396,,2018-04-20,,서울특별시 금천구 가산동 *** 에이스하이엔드타워**,2022317023523200003,3170000,"서울특별시 금천구 가산디지털*로 **, 에이스하이엔드타워** **층 (가산동)",08591,,01,영업/정상,,,02-865-0890
,오픈다이렉트,,,189982.344533404,441928.69040241,2026-05-01 22:38:10,I,07,직권말소,2023-11-14 14:17:33,,,2022-02-15,,서울특별시 금천구 가산동 **-* 갑을그레이트밸리,2022317023523200004,3170000,"서울특별시 금천구 디지털로*길 **, 갑을그레이트밸리 A동 *층 ***호 (가산동)",08512,,04,취소/말소/만료/정지/중지,,,
,정원에너텍,,,190694.880295092,440764.426277932,2026-05-01 22:38:10,I,01,정상영업,2022-02-15 20:28:05,,,2022-02-15,,서울특별시 금천구 독산동 ***-* 현대지식산업센터,2022317023523200005,3170000,"서울특별시 금천구 두산로 **, 현대지식산업센터 B동 *층 ***호 (독산동)",08584,,01,영업/정상,,,
,알지 아라,,,189685.715834343,442026.454121483,2026-05-01 22:38:10,I,01,정상영업,2022-02-21 21:09:10,,,2022-02-18,,서울특별시 금천구 가산동 **-** 삼성리더스타워,2022317023523200006,3170000,"서울특별시 금천구 벚꽃로 ***, 삼성리더스타워 **층 ****호 (가산동)",08511,,01,영업/정상,,,
8445610,주식회사 라이랩,,7071900,190694.880295092,440764.426277932,2026-05-01 22:38:10,I,01,정상영업,2022-03-06 13:28:41,373710,,2022-02-21,,서울특별시 금천구 독산동 ***-* 현대지식산업센터,2022317023523200007,3170000,"서울특별시 금천구 두산로 **, 현대지식산업센터 에이동 ****호 (독산동)",08584,,01,영업/정상,,,02-444-8882
372795788,(주)와이케이고,,101716493,189282.557380259,442417.955057116,2026-05-01 22:38:10,I,01,정상영업,2022-03-10 14:25:10,271079295,,2022-03-10,,서울특별시 금천구 가산동 ***-* 케이씨씨 웰츠밸리,2022317023523200008,3170000,"서울특별시 금천구 가산디지털*로 ***, 케이씨씨 웰츠밸리 ***호 (가산동)",08501,,01,영업/정상,,,02-6111-8485
34325982,주식회사 리치골든파트너,,,189982.344533404,441928.69040241,2026-05-01 22:38:10,I,01,정상영업,2022-03-14 10:48:59,51569711,,2022-03-11,,서울특별시 금천구 가산동 **-* 갑을그레이트밸리,2022317023523200009,3170000,"서울특별시 금천구 디지털로*길 **, 갑을그레이트밸리 비동 *층 ***호 (가산동)",08512,,01,영업/정상,,,
1128739216,주식회사 티파이브온라인,,375998874,189369.53962474,441629.361414684,2026-05-01 22:38:10,I,01,정상영업,2022-03-22 18:02:10,752740342,,2022-03-22,,서울특별시 금천구 가산동 ***-* IT캐슬,2022317023523200010,3170000,"서울특별시 금천구 가산디지털*로 **, IT캐슬 *동 *층 ***호 (가산동)",08506,,01,영업/정상,,,
1589777223,타라소프트 주식회사,,,190692.283858582,440267.097865621,2026-05-01 22:38:10,I,01,정상영업,2022-05-09 09:19:25,1925445124,,2022-05-06,,서울특별시 금천구 독산동 ****-* 삼덕빌딩,2022317023523200014,3170000,"서울특별시 금천구 시흥대로***길 **, 삼덕빌딩 *층 ***호 (독산동)",08604,,01,영업/정상,,,
73534511131,주식회사 현대렌탈서비스,,583330000,189685.715834343,442026.454121483,2026-05-01 22:38:11,I,01,정상영업,2022-06-25 15:03:36,54992459565,,2012-05-17,,서울특별시 금천구 가산동 **-** 삼성리더스타워,2022317023523200018,3170000,"서울특별시 금천구 벚꽃로 ***, 삼성리더스타워 *층 ***, ***호 (가산동)",08511,,01,영업/정상,,,02-6265-0707
71864131,주식회사 바이오로지,,63736491,189722.178532426,441920.972770099,2026-05-01 22:38:11,I,01,정상영업,2022-06-27 15:42:41,8127640,,2022-06-09,,서울특별시 금천구 가산동 **-** SJ테크노빌,2022317023523200021,3170000,"서울특별시 금천구 벚꽃로 ***, SJ테크노빌 ****호 (가산동)",08511,,01,영업/정상,,,02-598-9925
1858899304,더블유엠에이치코리아 주식회사,,894092322,189467.124186925,441780.0053985,2026-05-01 22:38:11,I,01,정상영업,2022-06-10 14:33:51,964806982,,2022-06-09,,서울특별시 금천구 가산동 ***-** 에이스하이엔드타워*차,2022317023523200022,3170000,"서울특별시 금천구 가산디지털*로 ***, 에이스하이엔드타워*차 ****호 (가산동)",08506,,01,영업/정상,,,
,위드미 컴퍼니,,,189982.344533404,441928.69040241,2026-05-01 22:38:11,I,01,정상영업,2022-07-01 09:28:36,,,2021-01-26,,서울특별시 금천구 가산동 **-* 갑을그레이트밸리,2022317023523200023,3170000,"서울특별시 금천구 디지털로*길 **, 갑을그레이트밸리 A동 ***호 (가산동)",08512,,01,영업/정상,,,
,윤선생영어교실,,,191970.182049624,438773.647952075,2026-05-01 22:38:11,I,01,정상영업,2022-07-11 16:15:50,,,2022-07-08,,서울특별시 금천구 시흥동 ***-**,2022317023523200024,3170000,서울특별시 금천구 탑골로 *(시흥동),08574,,01,영업/정상,,,
30000000,주식회사 케이코어,,30000000,190838.324818618,439761.362000391,2026-05-01 22:38:11,I,01,정상영업,2022-08-01 14:44:40,0,,2022-08-01,,서울특별시 금천구 독산동 **** 금천롯데캐슬골드파크*차,2022317023523200027,3170000,"서울특별시 금천구 시흥대로 ***, ***동 ****호 (독산동, 금천롯데캐슬골드파크*차)",08608,,01,영업/정상,,,
50000000,주식회사 케이피지글로벌,,50000000,189685.715834343,442026.454121483,2026-05-01 22:38:10,I,01,정상영업,2021-11-07 16:12:58,0,,2021-11-03,,서울특별시 금천구 가산동 **-** 삼성리더스타워,2021317023523200046,3170000,"서울특별시 금천구 벚꽃로 ***, 삼성리더스타워 *층 ***호 (가산동)",08511,,01,영업/정상,,,1522-6811
,태양힐링,,,191181.094057692,439253.985876013,2026-05-01 22:38:10,I,07,직권말소,2023-11-14 14:17:46,,,2021-11-17,,서울특별시 금천구 시흥동 ***-**,2021317023523200048,3170000,"서울특별시 금천구 시흥대로**길 *, *층 (시흥동)",08626,,04,취소/말소/만료/정지/중지,,,
13777037,주식회사 엠케이렌탈,,50000000,189936.854290909,440349.985884412,2026-05-01 22:38:10,I,01,정상영업,2022-03-10 17:48:52,120889262,,2021-05-26,,서울특별시 금천구 가산동 *** 대륭**차,2021317023523200050,3170000,"서울특별시 금천구 범안로 ****, 대륭**차 ***호 (가산동)",08595,,01,영업/정상,,,070-4055-5805
375135368,(주)에제르마이닝컴퍼니,,92073205,189788.849463856,441731.610478567,2026-05-01 22:38:10,I,01,정상영업,2022-01-10 11:29:43,283062163,,2022-01-07,,서울특별시 금천구 가산동 **-** 월드메르디앙*차,2022317023523200002,3170000,"서울특별시 금천구 벚꽃로 ***, 월드메르디앙*차 ***호 (가산동)",08511,,01,영업/정상,,,02-588-0318
,쌍용자동차 영등포판매대리점,,,,,2026-05-01 22:41:39,I,04,직권취소,2008-09-29 15:42:57,,2008-09-23,2006-11-20,,서울특별시 영등포구 영등포동*가**-*,2006318011723201320,3180000,,,,04,취소/말소/만료/정지/중지,,,02-2672-6611
,이지씨틱,,,,,2026-05-01 22:41:39,I,04,직권취소,2009-11-24 11:45:16,,2008-09-23,2006-11-20,,서울특별시 영등포구 문래동*가**-* 메가벤처타워-***,2006318011723201321,3180000,,,,04,취소/말소/만료/정지/중지,,,02-2633-3822
,엔비엘텔레콤,,,,,2026-05-01 22:41:39,I,04,직권취소,2008-09-29 15:41:54,,2008-09-23,2006-11-29,,서울특별시 영등포구 당산동*가**-* 지하*층,2006318011723201322,3180000,,,,04,취소/말소/만료/정지/중지,,,02-2671-9211
,다우,,,,,2026-05-01 22:41:39,I,04,직권취소,2008-09-29 15:40:28,,2008-09-23,2006-11-30,,서울특별시 영등포구 대림동***-* *층,2006318011723201325,3180000,,,,04,취소/말소/만료/정지/중지,,,02-835-8170
,용성전자,,,,,2026-05-01 22:41:39,I,04,직권취소,2008-09-29 15:39:58,,2008-09-23,2006-12-13,,서울특별시 영등포구 신길동****-* 중원빌딩-***,2006318011723201329,3180000,,,,04,취소/말소/만료/정지/중지,,,02-842-5193
,예원환경개발,,,,,2026-05-01 22:41:39,I,07,직권말소,2012-02-29 13:41:39,,,2006-12-13,,서울특별시 영등포구 여의도동**-* 맨하탄빌딩-****,2006318011723201330,3180000,,,,04,취소/말소/만료/정지/중지,,,02-782-0638
,아모레,,,,,2026-05-01 22:41:39,I,04,직권취소,2008-02-21 00:00:00,,2007-10-22,2006-12-22,,서울특별시 영등포구 당산동*가***-* 수정빌딩 *층,2006318011723201334,3180000,,,,04,취소/말소/만료/정지/중지,,,02-2637-1657
,태광라이프,,,,,2026-05-01 22:41:39,I,07,직권말소,2009-06-03 21:28:36,,,2006-12-22,,서울특별시 영등포구 신길동***-*,2006318011723201335,3180000,,,,04,취소/말소/만료/정지/중지,,,02-846-4384
0,(주)빅마마리빙,,0,,,2026-05-01 22:41:39,I,07,직권말소,2012-09-07 22:51:37,0,,2006-11-09,,서울특별시 영등포구 여의도동**-* 라이프오피스텔****-*,2006318011723204718,3180000,,,,04,취소/말소/만료/정지/중지,,,02-783-8879
0,(주)엠시비이,,0,,,2026-05-01 22:41:39,I,07,직권말소,2019-08-14 11:44:15,0,,2006-11-09,,서울특별시 영등포구 양평동*가***-* 양평빌딩-***,2006318011723204719,3180000,,,,04,취소/말소/만료/정지/중지,,,02-2635-8096
1,(주)드림종합상조,,1,,,2026-05-01 22:41:39,I,07,직권말소,2012-10-29 18:36:19,1,,2007-01-03,,서울특별시 영등포구 문래동*가**-** 우리벤처타워*-***,2007318011723201341,3180000,,,,04,취소/말소/만료/정지/중지,,,02-2636-4441
,E.COSTAR,,,,,2026-05-01 22:41:39,I,04,직권취소,2008-09-29 15:39:19,,2008-09-23,2007-01-05,,서울특별시 영등포구 양평동*가***-* SM빌딩-***,2007318011723201343,3180000,,,,04,취소/말소/만료/정지/중지,,,02-2632-2269
0,(주)다산플러스,,0,,,2026-05-01 22:41:39,I,04,직권취소,2008-09-29 15:38:50,0,2008-09-23,2007-01-09,,서울특별시 영등포구 당산동*가***-** 송화빌딩 *층,2007318011723201344,3180000,,,,04,취소/말소/만료/정지/중지,,,02-3667-5777
,명성생활건강,,,,,2026-05-01 22:41:39,I,07,직권말소,2013-03-25 20:34:06,,,2007-01-10,,서울특별시 영등포구 영등포동*가**-** 명성빌딩 *층,2007318011723201346,3180000,,,,04,취소/말소/만료/정지/중지,,,02-2629-1700
,비겐바디케어,,,,,2026-05-01 22:41:39,I,04,직권취소,2008-09-29 16:02:10,,2008-09-23,2007-01-19,,서울특별시 영등포구 영등포동*가**-* *층,2007318011723201348,3180000,,,,04,취소/말소/만료/정지/중지,,,02-838-3062
,한국에이취팜,,,,,2026-05-01 22:41:39,I,07,직권말소,2012-02-29 13:41:02,,,2007-02-13,,서울특별시 영등포구 당산동*가**-***,2007318011723201352,3180000,,,,04,취소/말소/만료/정지/중지,,,02-2068-5001
0,(주)앨리스 엔터테인먼트,,0,,,2026-05-01 22:41:39,I,07,직권말소,2010-05-24 11:41:15,0,,2007-02-15,,서울특별시 영등포구 여의도동**-** 호설빌딩 *층 전관,2007318011723201353,3180000,,,,04,취소/말소/만료/정지/중지,,,02-786-0438
,웰빙라이프,,,,,2026-05-01 22:41:39,I,07,직권말소,2012-02-29 13:40:37,,,2007-02-20,,서울특별시 영등포구 영등포동*가**-* 외*필지,2007318011723201356,3180000,,,,04,취소/말소/만료/정지/중지,,,02-812-3575
0,(주)대흥비즈플러스,,0,,,2026-05-01 22:41:39,I,04,직권취소,2008-09-29 15:38:18,0,2008-09-23,2007-03-05,,서울특별시 영등포구 당산동*가***-* 제일빌딩 B*,2007318011723201358,3180000,,,,04,취소/말소/만료/정지/중지,,,02-3667-1350
0,(주)와이앤비세이브,,0,,,2026-05-01 22:41:39,I,04,직권취소,2008-09-29 15:37:08,0,2008-09-23,2007-03-13,,서울특별시 영등포구 문래동*가**-* 에이스테크노타워-***,2007318011723201359,3180000,,,,04,취소/말소/만료/정지/중지,,,02-2634-5536
,나은,,,,,2026-05-01 22:41:39,I,04,직권취소,2008-09-29 15:31:34,,2008-09-23,2007-03-14,,서울특별시 영등포구 영등포동*가**-** -***,2007318011723201360,3180000,,,,04,취소/말소/만료/정지/중지,,,02-2672-3735
,붕붕클럽,,,,,2026-05-01 22:41:39,I,07,직권말소,2009-06-03 21:28:14,,,2007-03-20,,서울특별시 영등포구 영등포동***-**,2007318011723201363,3180000,,,,04,취소/말소/만료/정지/중지,,,
20000000,(주)베네스트헤나,,20000000,,,2026-05-01 22:41:39,I,07,직권말소,2009-06-03 21:27:49,200000,,2007-03-23,,서울특별시 영등포구 양평동*가**-* 양평빌딩 -***,2007318011723201364,3180000,,,,04,취소/말소/만료/정지/중지,,,02-3667-0023
,단비,,,,,2026-05-01 22:41:39,I,07,직권말소,2009-06-03 21:27:15,,,2007-03-26,,서울특별시 영등포구 대림동***-* 대림빌딩 -***,2007318011723201365,3180000,,,,04,취소/말소/만료/정지/중지,,,02-6052-3351
,김정문알로에이레지사,,,,,2026-05-01 22:41:39,I,04,직권취소,2008-09-29 15:31:00,,2008-09-23,2007-03-28,,서울특별시 영등포구 당산동*가**-** 고성빌딩 *층,2007318011723201367,3180000,,,,04,취소/말소/만료/정지/중지,,,02-3667-5070
,GG통상,,,,,2026-05-01 22:41:39,I,04,직권취소,2008-09-29 15:30:28,,2008-09-23,2007-03-28,,서울특별시 영등포구 대림동***-* 태안빌딩 *층,2007318011723201368,3180000,,,,04,취소/말소/만료/정지/중지,,,02-835-1014
,한영사,,,,,2026-05-01 22:41:39,I,04,직권취소,2008-09-29 15:29:35,,2008-09-23,2007-04-09,,서울특별시 영등포구 양평동*가**-* 경남A ***-****,2007318011723201369,3180000,,,,04,취소/말소/만료/정지/중지,,,02-2634-6076
,신세계티엔씨,,,,,2026-05-01 22:41:39,I,04,직권취소,2008-09-29 15:28:44,,2008-09-23,2007-04-12,,서울특별시 영등포구 대림동***-* 태성빌딩 -***,2007318011723201371,3180000,,,,04,취소/말소/만료/정지/중지,,,02-831-7713
,신세계아이엔씨,,,,,2026-05-01 22:41:39,I,04,직권취소,2008-09-29 15:28:07,,2008-09-23,2007-04-12,,서울특별시 영등포구 대림동***-* 태성빌딩 -***,2007318011723201372,3180000,,,,04,취소/말소/만료/정지/중지,,,02-831-8826
,풀무원레이디,,,,,2026-05-01 22:36:54,I,01,정상영업,2008-02-21 00:00:00,,,1996-01-01,,서울특별시 금천구 시흥동 ***-*,1996317010523200066,3170000,,,,01,영업/정상,,,
,백경종합상사,,,,,2026-05-01 22:36:54,I,01,정상영업,2008-02-21 00:00:00,,,1996-01-01,,서울특별시 금천구 독산동 ***-*,1996317010523200080,3170000,,,,01,영업/정상,,,
,세종문화사,,,,,2026-05-01 22:36:55,I,01,정상영업,2008-02-21 00:00:00,,,1996-01-01,,서울특별시 금천구 독산동 ***-**,1996317010523200087,3170000,,,,01,영업/정상,,,
,거성상사,,,,,2026-05-01 22:36:57,I,01,정상영업,2008-02-21 00:00:00,,,1996-01-01,,서울특별시 금천구 시흥동 ***-* 무지개상가 ***호,1996317010523200093,3170000,,,,01,영업/정상,,,
,기아자동차(주)금천판매점,,,,,2026-05-01 22:36:59,I,01,정상영업,2008-02-21 00:00:00,,,1996-01-01,,서울특별시 금천구 시흥동 ***-*,1996317010523200106,3170000,,,,01,영업/정상,,,
,생그린남서울지사,,,,,2026-05-01 22:36:59,I,01,정상영업,2008-02-21 00:00:00,,,1996-01-01,,서울특별시 금천구 독산동 ***-**,1996317010523200107,3170000,,,,01,영업/정상,,,
,금천대우자동차판매회사,,,,,2026-05-01 22:37:01,I,01,정상영업,2013-11-29 10:07:45,,,1996-01-01,,서울특별시 금천구 가산동 ***-**,1996317010523200133,3170000,,,,01,영업/정상,,,
,한국정보미디어,,,,,2026-05-01 22:37:01,I,01,정상영업,2008-02-21 00:00:00,,,1996-01-01,,서울특별시 금천구 독산동 ****-**,1998317010523200034,3170000,,,,01,영업/정상,,,
,현대자동차시흥판매대리점,,,,,2026-05-01 22:37:01,I,07,직권말소,2012-09-18 11:01:45,,,1996-01-01,,서울특별시 금천구 시흥동 ***-* 금천빌딩*층,1998317010523200039,3170000,,,,04,취소/말소/만료/정지/중지,,,02-809-0505
,현대시흥대로판매대리점,2026-02-10,,,,2026-05-01 22:37:01,I,03,폐업처리,2026-02-10 10:11:58,,,1996-01-01,,서울특별시 금천구 독산동 ****-**,1998317010523200040,3170000,,,,03,폐업,,,02-894-9777
,마임신대방서부지사,,,191446.681496957,441855.655336186,2026-05-01 22:37:35,I,07,직권말소,2016-06-21 14:59:34,,,2010-09-07,153-010,서울특별시 금천구 독산동 ***번지 **호 *층,2010317014223200001,3170000,"서울특별시 금천구 독산로 *** (독산동,*층)",,,04,취소/말소/만료/정지/중지,,,
,일진홍보사업부,,,191917.450107657,438699.77460936,2026-05-01 22:37:35,I,07,직권말소,2016-06-21 15:00:09,,,2010-09-28,153-030,서울특별시 금천구 시흥동 ***번지 **호 ***호 ***호,2010317014223200003,3170000,"서울특별시 금천구 금하로 *** (시흥동,***호 ***호)",,,04,취소/말소/만료/정지/중지,,,
381882287,(주)크라운진,,151906752,189991.650798406,440695.614055984,2026-05-01 22:37:35,I,01,정상영업,2024-10-28 09:59:14,229975535,,2010-11-02,153-023,서울특별시 금천구 가산동 ***번지 대륭테크노타운**차**층 ****,2010317014223200004,3170000,"서울특별시 금천구 가산디지털*로 ** (가산동,대륭테크노타운**차**층 ****)",,,01,영업/정상,,,1644-7206
100000000,(주)한국게르마늄엔비발트,,100000000,189419.091886816,441207.655086501,2026-05-01 22:37:36,I,07,직권말소,2012-09-17 14:25:46,0,,2010-11-03,153-023,서울특별시 금천구 가산동 ***번지 **호 한라시그마밸리 ***,2010317014223200005,3170000,"서울특별시 금천구 가산디지털*로 ** (가산동,한라시그마밸리 ***)",,,04,취소/말소/만료/정지/중지,,,64434242
858218929,(주)유레일테크,,170000000,191000.654437307,440819.565079668,2026-05-01 22:37:36,I,07,직권말소,2016-06-21 15:00:44,692844610,,2010-11-15,153-010,서울특별시 금천구 독산동 ***번지 **호 *층,2010317014223200006,3170000,"서울특별시 금천구 시흥대로***길 ** (독산동,*층)",,,04,취소/말소/만료/정지/중지,,,
50000000,(주)애드씨에스더블유,,50000000,189538.020935968,441982.427934953,2026-05-01 22:37:36,I,07,직권말소,2012-09-18 10:14:38,0,,2010-11-16,153-023,서울특별시 금천구 가산동 ***번지 **호 우림라이온스밸리 비-***,2010317014223200007,3170000,"서울특별시 금천구 가산디지털*로 *** (가산동,우림라이온스밸리 비-***)",,,04,취소/말소/만료/정지/중지,,,20682341
100000,(주)티지오엘에프,,100000,189419.091886816,441207.655086501,2026-05-01 22:37:36,I,07,직권말소,2012-09-17 14:26:28,0,,2010-11-18,153-023,서울특별시 금천구 가산동 ***번지 **호 한라시그마밸리 ***-*,2010317014223200008,3170000,"서울특별시 금천구 가산디지털*로 ** (가산동,한라시그마밸리 ***-*)",,,04,취소/말소/만료/정지/중지,,,32812232
50000000,(주)휴먼정보통신,,50000000,189434.721897968,441862.707622957,2026-05-01 22:37:36,I,07,직권말소,2012-09-17 10:53:18,0,,2010-11-19,153-023,서울특별시 금천구 가산동 ***번지 **호 이노플렉스*차 ***,2010317014223200010,3170000,"서울특별시 금천구 가산디지털*로 *** (가산동,이노플렉스*차 ***)",,,04,취소/말소/만료/정지/중지,,,1600-9373
50000000,(주)오케이엠에스엠홀딩스,,50000000,190376.887344493,441719.096950576,2026-05-01 22:37:37,I,07,직권말소,2012-09-18 10:57:55,0,,2010-11-24,153-023,서울특별시 금천구 가산동 ***번지 **호 *층 ***,2010317014223200011,3170000,"서울특별시 금천구 남부순환로***길 ** (가산동,*층 ***)",,,04,취소/말소/만료/정지/중지,,,
10000000,(주)제이케이테크놀로지,,10000000,189722.178532426,441920.972770099,2026-05-01 22:37:38,I,07,직권말소,2012-09-17 14:28:07,0,,2010-12-13,153-023,서울특별시 금천구 가산동 **번지 **호 에스제이테크노빌 ****호,2010317014223200016,3170000,"서울특별시 금천구 벚꽃로 *** (가산동,에스제이테크노빌 ****호)",,,04,취소/말소/만료/정지/중지,,,33973522
,에치와이대흥점,,,190945.001533274,439921.212104419,2026-05-01 22:37:39,I,01,정상영업,2021-04-22 16:51:38,,,2010-12-29,153-010,서울특별시 금천구 독산동 ****번지 *호,2010317014223200017,3170000,서울특별시 금천구 시흥대로 *** (독산동),,,01,영업/정상,,,
,수피아,,,191483.275536366,440638.500377404,2026-05-01 22:37:39,I,07,직권말소,2016-06-21 15:01:17,,,2011-01-04,153-010,서울특별시 금천구 독산동 ***번지 *호 ***호,2011317014223200001,3170000,"서울특별시 금천구 독산로**다길 ** (독산동,***호)",,,04,취소/말소/만료/정지/중지,,,
,중앙리더스,,,189722.178532426,441920.972770099,2026-05-01 22:37:41,I,07,직권말소,2016-06-21 15:01:55,,,2011-03-09,153-023,서울특별시 금천구 가산동 **번지 **호 에스제이테크노빌 ****호,2011317014223200011,3170000,"서울특별시 금천구 벚꽃로 *** (가산동,에스제이테크노빌 ****호)",,,04,취소/말소/만료/정지/중지,,,67431235
,대흥미디어,,,188979.225789508,442035.622560657,2026-05-01 22:37:42,I,07,직권말소,2016-06-21 15:02:39,,,2011-03-30,153-023,서울특별시 금천구 가산동 ***번지 대륭테크노타운*차 ***,2011317014223200015,3170000,"서울특별시 금천구 서부샛길 *** (가산동,대륭테크노타운*차 ***)",,,04,취소/말소/만료/정지/중지,,,
100000000,(주)더블루오션,,100000000,189669.316805063,440921.514797121,2026-05-01 22:37:42,I,07,직권말소,2016-06-22 14:17:08,0,,2011-03-31,153-023,서울특별시 금천구 가산동 ***번지 **호 대륭테크노타운*차 ***호,2011317014223200016,3170000,"서울특별시 금천구 가산디지털*로 ** (가산동,대륭테크노타운*차 ***호)",,,04,취소/말소/만료/정지/중지,,,21098331
,지엠레저개발,,,189364.095969911,441746.981529543,2026-05-01 22:37:42,I,07,직권말소,2016-06-22 14:17:44,,,2011-04-19,153-023,서울특별시 금천구 가산동 ***번지 *호 뉴티캐슬 ***,2011317014223200018,3170000,"서울특별시 금천구 가산디지털*로 *** (가산동,뉴티캐슬 ***)",,,04,취소/말소/만료/정지/중지,,,
0,(주)유성아이티,,0,189647.046752134,441677.096205358,2026-05-01 22:37:43,I,07,직권말소,2012-09-17 10:18:16,0,,2010-03-11,153-023,서울특별시 금천구 가산동 ***번지 **호 에스티엑스브이타워 ***,2011317014223200021,3170000,"서울특별시 금천구 가산디지털*로 *** (가산동,에스티엑스브이타워 ***)",,,04,취소/말소/만료/정지/중지,,,
0,(주)썬리치바이오,,50000000,189232.30642848,442478.356256941,2026-05-01 22:37:43,I,07,직권말소,2016-06-22 14:18:16,0,,2011-06-07,153-023,서울특별시 금천구 가산동 ***번지 *호 벽산디지털밸리*차 ***,2011317014223200024,3170000,"서울특별시 금천구 가산디지털*로 *** (가산동,벽산디지털밸리*차 ***)",,,04,취소/말소/만료/정지/중지,,,070-8611-2010
100000000,(주)A.N.S개발,,500000000,189722.178532426,441920.972770099,2026-05-01 22:37:43,I,01,정상영업,2011-06-15 10:00:23,0,,2008-09-10,153-023,서울특별시 금천구 가산동 **번지 **호 SJ테크노빌 ****호,2011317014223200026,3170000,"서울특별시 금천구 벚꽃로 *** (가산동,SJ테크노빌 ****호)",,,01,영업/정상,,,1588-1772
155650824,(주)나트정보통신,,120589919,189678.284548834,441134.747749945,2026-05-01 22:38:11,I,01,정상영업,2022-08-12 13:25:20,35060905,,2009-04-17,,서울특별시 금천구 가산동 ***-** 가산 하우스디 와이즈타워,2022317023523200028,3170000,"서울특별시 금천구 가산디지털*로 **-**, 가산 하우스디 와이즈타워 ***호 (가산동)",08592,,01,영업/정상,,,02-6925-3000
529634238,케이지제이 주식회사,2026-03-09,1262569,189202.181652324,442562.722742062,2026-05-01 22:38:11,I,05,타시군구이관,2026-03-09 13:25:29,528371669,,2022-08-25,,서울특별시 금천구 가산동 ***-* 에이스 가산 포휴,2022317025723200001,3170000,"서울특별시 금천구 가산디지털*로 ***, 에이스 가산 포휴 **층 ****호 (가산동)",08501,,05,제외/삭제/전출,,,02-565-3130
100000000,주식회사 지니엘코리아,,100000000,189202.600232089,441848.24299943,2026-05-01 22:38:11,I,01,정상영업,2022-09-05 09:40:58,0,,2022-09-02,,서울특별시 금천구 가산동 ***-* 월드메르디앙*차,2022317025723200003,3170000,"서울특별시 금천구 가산디지털*로 ***, 월드메르디앙*차 ****호 (가산동)",08505,,01,영업/정상,,,02-2025-8255
20000000,주식회사케이엔지모빌리티,,20000000,189202.181652324,442562.722742062,2026-05-01 22:38:11,I,01,정상영업,2022-09-16 09:32:24,0,,2022-09-16,,서울특별시 금천구 가산동 ***-* 에이스 가산 포휴,2022317025723200004,3170000,"서울특별시 금천구 가산디지털*로 ***, 에이스 가산 포휴 ****호 (가산동)",08501,,01,영업/정상,,,
4777909927,(주)애드픽네트워크,,30000000,189662.959175776,442139.514492212,2026-05-01 22:38:11,I,01,정상영업,2022-09-26 08:59:45,588425137,,2022-09-21,,서울특별시 금천구 가산동 **-* 대륭포스트타워*차,2022317025723200005,3170000,"서울특별시 금천구 벚꽃로 ***, 대륭포스트타워*차 ****호 (가산동)",08510,,01,영업/정상,,,
20000000,주식회사 영영코리아,,10000000,189538.020935968,441982.427934953,2026-05-01 22:38:11,I,01,정상영업,2022-10-12 15:30:41,10000000,,2022-10-12,,서울특별시 금천구 가산동 ***-** 우림라이온스밸리,2022317025723200006,3170000,"서울특별시 금천구 가산디지털*로 ***, 우림라이온스밸리 B동 ***호 (가산동)",08507,,01,영업/정상,,,02-830-8961
25000000,(주)영헬스케어,,25000000,190694.880295092,440764.426277932,2026-05-01 22:38:11,I,01,정상영업,2022-10-13 09:10:37,0,,2022-10-12,,서울특별시 금천구 독산동 ***-* 현대지식산업센터,2022317025723200007,3170000,"서울특별시 금천구 두산로 **, 현대지식산업센터 B동 **층 ****호 (독산동)",08584,,01,영업/정상,,,
,JP통신,,,189417.708595762,442309.174987731,2026-05-01 22:38:11,I,01,정상영업,2022-11-09 09:18:56,,,2022-11-08,,서울특별시 금천구 가산동 ***-* 에이스테크노타워**차,2022317025723200009,3170000,"서울특별시 금천구 가산디지털*로 ***, 에이스테크노타워**차 *층 ***호 (가산동)",08502,,01,영업/정상,,,
5000000,주식회사 케이온유,,5000000,189055.138252216,441958.334400683,2026-05-01 22:38:11,I,01,정상영업,2022-11-09 09:19:52,0,,2022-11-08,,서울특별시 금천구 가산동 ***-* 대성디폴리스지식산업센터,2022317025723200010,3170000,"서울특별시 금천구 서부샛길 ***, 대성디폴리스지식산업센터 B동 ****호 (가산동)",08504,,01,영업/정상,,,
234561226,(주)씨제이엠글로벌,,,189603.222916543,441801.135064157,2026-05-01 22:38:11,I,01,정상영업,2022-11-13 17:49:46,1107091610,,2022-11-13,,서울특별시 금천구 가산동 ***-** 가산 더스카이밸리 *차,2022317025723200012,3170000,"서울특별시 금천구 가산디지털*로 ***, 가산 더스카이밸리 *차 ****호 (가산동)",08507,,01,영업/정상,,,
4942966009,주식회사 와이앤유,,,189647.046752134,441677.096205358,2026-05-01 22:38:11,I,01,정상영업,2023-01-22 15:40:55,5134797794,,2023-01-04,,서울특별시 금천구 가산동 ***-** 에스티엑스브이타워,2023317025723200001,3170000,"서울특별시 금천구 가산디지털*로 ***, 에스티엑스브이타워 **층 ****호 (가산동)",08507,,01,영업/정상,,,02-866-6707
423571600,(주)이든웰케어,,300000000,189877.178943503,442093.648596802,2026-05-01 22:38:11,I,01,정상영업,2023-01-06 10:50:40,123571600,,2023-01-04,,서울특별시 금천구 가산동 **-* 대륭포스트타워 *차,2023317025723200002,3170000,"서울특별시 금천구 디지털로*길 **, 대륭포스트타워 *차 제지*층 제비***호 (가산동)",08512,,01,영업/정상,,,070-7671-5900
18090696053,에스케이인텔릭스서비스㈜,,,189538.020935968,441982.427934953,2026-05-01 22:38:11,I,01,정상영업,2026-04-16 09:40:47,21269588836,,2012-02-16,,서울특별시 금천구 가산동 ***-** 우림라이온스밸리,2023317025723200003,3170000,"서울특별시 금천구 가산디지털*로 ***, 우림라이온스밸리 A동 ***호 (가산동)",08507,,01,영업/정상,,,02-6263-0366
50000000,주식회사 비원이파즈,,50000000,189936.854290909,440349.985884412,2026-05-01 22:38:11,I,01,정상영업,2023-01-31 15:26:29,0,,2023-01-27,,서울특별시 금천구 가산동 *** 대륭**차,2023317025723200004,3170000,"서울특별시 금천구 범안로 ****, 대륭**차 ***호 (가산동)",08595,,01,영업/정상,,,02-2626-6445
,글로벌에듀테크,,,190050.903572929,440523.497478209,2026-05-01 22:38:12,I,01,정상영업,2023-03-20 12:05:28,,,2023-03-17,,서울특별시 금천구 가산동 *** 우림라이온스밸리*차,2023317025723200006,3170000,"서울특별시 금천구 가산디지털*로 *, 우림라이온스밸리*차 ***호 (가산동)",08591,,01,영업/정상,,,
15361684347,르노코리아 금천대리점,,15000000,191368.522097415,438529.363086443,2026-05-01 22:38:12,I,01,정상영업,2026-04-20 15:44:53,4961154727,,2023-03-22,,서울특별시 금천구 시흥동 ***-** 더 플레이스,2023317025723200007,3170000,"서울특별시 금천구 시흥대로 ***, 더 플레이스 *층 (시흥동)",08631,,01,영업/정상,,,02-863-0088
100000000,(주)케이티웨이브,,100000000,189622.332386295,441057.177316052,2026-05-01 22:38:12,I,01,정상영업,2023-03-23 13:31:39,0,,2023-03-22,,서울특별시 금천구 가산동 ***-*,2023317025723200008,3170000,"서울특별시 금천구 가산디지털*로 **, ****~*호 (가산동)",08592,,01,영업/정상,,,02-6949-6491
,아모르셀 코리아,,,189325.86426015,441551.478093955,2026-05-01 22:38:12,I,01,정상영업,2023-03-28 17:33:57,,,2023-03-28,,서울특별시 금천구 가산동 ***-* 에이스가산타워,2023317025723200009,3170000,"서울특별시 금천구 디지털로 ***, 에이스가산타워 ****호 (가산동)",08505,,01,영업/정상,,,
54800000,주)아이템뱅크,,10000000,189829.504142672,441618.071646624,2026-05-01 22:38:12,I,01,정상영업,2023-03-31 17:53:18,0,,2023-03-31,,서울특별시 금천구 가산동 **-** 벽산디지털밸리*차,2023317025723200011,3170000,"서울특별시 금천구 벚꽃로 ***, 벽산디지털밸리*차 ****호 (가산동)",08513,,01,영업/정상,,,02-1811-9959
,마임영등포동부지사,,,,,2026-05-01 22:41:39,I,07,직권말소,2012-02-29 13:39:59,,,2007-04-17,,서울특별시 영등포구 신길동***-*,2007318011723201373,3180000,,,,04,취소/말소/만료/정지/중지,,,02-847-7786
0,지티아이영농조합법인,,0,,,2026-05-01 22:41:39,I,07,직권말소,2009-06-03 21:26:48,0,,2007-04-18,,서울특별시 영등포구 문래동*가**-* 메가벤처타워 ***~***,2007318011723201374,3180000,,,,04,취소/말소/만료/정지/중지,,,02-2631-0863
3000000,(주)드림젠,,300000,,,2026-05-01 22:41:39,I,07,직권말소,2009-06-03 21:26:03,0,,2007-04-19,,서울특별시 영등포구 여의도동**-* 한국노총빌딩 -****,2007318011723201376,3180000,,,,04,취소/말소/만료/정지/중지,,,02-552-6760
50000000,(주)앨리스종합유통,,50000000,,,2026-05-01 22:41:39,I,07,직권말소,2009-06-03 21:25:13,0,,2007-04-26,,서울특별시 영등포구 여의도동**-** 호성빌딩 신관**층,2007318011723201378,3180000,,,,04,취소/말소/만료/정지/중지,,,02-786-0438
5000000,레하임생활건강(주),,50000000,,,2026-05-01 22:41:39,I,07,직권말소,2009-06-03 21:21:52,0,,2007-04-26,,서울특별시 영등포구 대림동****-* 대덕빌딩*층,2007318011723201379,3180000,,,,04,취소/말소/만료/정지/중지,,,02-845-2333
,현대ING,,,,,2026-05-01 22:41:39,I,04,직권취소,2008-09-29 15:27:25,,2008-09-23,2007-04-26,,서울특별시 영등포구 대림동***-* 송림빌딩 -***,2007318011723201380,3180000,,,,04,취소/말소/만료/정지/중지,,,02-843-2330
20000000,로앤론비즈(주),,20000000,,,2026-05-01 22:41:39,I,07,직권말소,2009-06-03 21:20:58,0,,2007-04-30,,서울특별시 영등포구 영등포동*가*-* 아자빌딩 **층 *호,2007318011723201381,3180000,,,,04,취소/말소/만료/정지/중지,,,02-2637-4286
,오아시스웰빙,,,,,2026-05-01 22:41:39,I,07,직권말소,2014-02-13 16:42:36,,,2007-04-30,,서울특별시 영등포구 당산동*가**-* 당산빌딩 *층,2007318011723201382,3180000,,,,04,취소/말소/만료/정지/중지,,,02-2631-3808
,오휘신촌점,,,,,2026-05-01 22:41:39,I,04,직권취소,2008-09-29 15:26:50,,2008-09-23,2007-05-02,,서울특별시 영등포구 당산동*가**-* 한강포스빌*층,2007318011723201383,3180000,,,,04,취소/말소/만료/정지/중지,,,
,엔젤,,,,,2026-05-01 22:41:39,I,07,직권말소,2009-11-20 10:13:07,,,2007-05-08,,서울특별시 영등포구 당산동*가산 **-* 당산빌딩 *층,2007318011723201384,3180000,,,,04,취소/말소/만료/정지/중지,,,02-2634-2534
0,(주)에너진물산,,0,,,2026-05-01 22:41:39,I,07,직권말소,2010-05-24 11:39:06,0,,2007-05-09,,서울특별시 영등포구 여의도동**-* 라이프콤비빌딩-***,2007318011723201385,3180000,,,,04,취소/말소/만료/정지/중지,,,02-780-4545
,(주)에너진월드,,,,,2026-05-01 22:41:40,I,07,직권말소,2010-05-24 11:33:39,,,2007-05-09,,서울특별시 영등포구 여의도동**-* 라이프콤비빌딩-****,2007318011723201386,3180000,,,,04,취소/말소/만료/정지/중지,,,02-780-4545
,미금상사,,,,,2026-05-01 22:41:40,I,04,직권취소,2008-09-29 15:25:46,,2008-09-23,2007-05-09,,서울특별시 영등포구 영등포동*가**-* 홍무빌딩-***,2007318011723201387,3180000,,,,04,취소/말소/만료/정지/중지,,,02-2068-0822
,문래건강생활,,,,,2026-05-01 22:41:40,I,07,직권말소,2009-06-03 21:19:29,,,2007-05-09,,서울특별시 영등포구 당산동*가***-**,2007318011723201388,3180000,,,,04,취소/말소/만료/정지/중지,,,
0,(주)에너진,,0,,,2026-05-01 22:41:40,I,07,직권말소,2010-05-24 11:32:47,0,,2007-05-10,,서울특별시 영등포구 여의도동**-* 라이프콤비빌딩-***,2007318011723201389,3180000,,,,04,취소/말소/만료/정지/중지,,,02-780-4545
1,(주)에너자인통상,,1,,,2026-05-01 22:41:40,I,07,직권말소,2012-02-29 13:39:31,1,,2007-05-10,,서울특별시 영등포구 여의도동**-* 라이프콤비빌딩-****,2007318011723201390,3180000,,,,04,취소/말소/만료/정지/중지,,,02-780-5544
,지엠3티 코리아,,,,,2026-05-01 22:41:40,I,07,직권말소,2010-05-24 11:27:15,,,2007-05-17,,서울특별시 영등포구 여의도동**-** 주택건설회관 ***호,2007318011723201393,3180000,,,,04,취소/말소/만료/정지/중지,,,02-6335-3100
,신세계월드,,,,,2026-05-01 22:41:40,I,04,직권취소,2008-09-29 15:24:42,,2008-09-23,2007-05-18,,서울특별시 영등포구 당산동*가***-* 목화빌딩 *층 -***,2007318011723201395,3180000,,,,04,취소/말소/만료/정지/중지,,,02-2068-9142
,현대엘프,,,190661.590997106,446966.716645675,2026-05-01 22:41:40,I,07,직권말소,2009-06-03 21:19:09,,,2007-07-11,150-802,서울특별시 영등포구 당산동*가 ***번지 인영빌딩  ***호,2007318011723201398,3180000,"서울특별시 영등포구 양산로**길 *, ***호 (당산동*가,인영빌딩)",,,04,취소/말소/만료/정지/중지,,,
,영농농협,,,190815.239059872,444250.453685007,2026-05-01 22:41:40,I,04,직권취소,2008-09-29 14:54:40,,2008-09-23,2007-07-13,150-070,서울특별시 영등포구 대림동 ***번지 *호 *층,2007318011723201400,3180000,"서울특별시 영등포구 도신로*길 ** (대림동,*층)",,,04,취소/말소/만료/정지/중지,,,
,한국프라센,,,191766.841478494,447288.066652937,2026-05-01 22:41:40,I,05,타시군구이관,2009-10-16 20:13:20,,,2007-07-20,150-040,서울특별시 영등포구 당산동 ***번지 ***호 ***호,2007318011723201404,3180000,"서울특별시 영등포구 국회대로**길 **, ***호 (당산동)",,,05,제외/삭제/전출,,,02-2676-1777
,아이비뉴스,,,,,2026-05-01 22:41:40,I,07,직권말소,2010-05-24 11:26:21,,,2007-07-26,150-104,서울특별시 영등포구 양평동*가 산 ***번지 *호,2007318011723201406,3180000,,,,04,취소/말소/만료/정지/중지,,,02-2679-7523
,아이즈커뮤니케이션,,,190555.768991595,446698.814322782,2026-05-01 22:41:40,I,07,직권말소,2010-05-24 11:19:55,,,2007-07-27,150-042,서울특별시 영등포구 당산동*가 **번지 *호 유통상가 ***호,2007318011723201409,3180000,"서울특별시 영등포구 영등포로 ***, ***호 (당산동*가,유통상가)",,,04,취소/말소/만료/정지/중지,,,02-6265-2114
,백두정보통신,,,190587.566946008,447655.519048267,2026-05-01 22:41:40,I,07,직권말소,2009-06-03 21:18:50,,,2007-07-30,150-103,서울특별시 영등포구 양평동*가 **번지 **호 *층 ***호,2007318011723201410,3180000,"서울특별시 영등포구 선유로 *** (양평동*가,*층 ***호)",,,04,취소/말소/만료/정지/중지,,,02-6239-2700
,LK 네트워크,,,192652.663385487,444035.593584128,2026-05-01 22:41:40,I,07,직권말소,2009-06-03 21:18:30,,,2007-07-30,150-050,서울특별시 영등포구 신길동 ****번지 **호 *층,2007318011723201413,3180000,"서울특별시 영등포구 대방천로 ***-* (신길동,*층)",,,04,취소/말소/만료/정지/중지,,,02-832-8106
35139276361,(주)윌앤비전,,9166344971,190940.034564342,446461.996000435,2026-05-01 22:41:40,I,01,정상영업,2024-08-21 11:47:21,25972931390,,2007-07-31,,서울특별시 영등포구 당산동*가 *** 생각공장 당산,2007318011723201414,3180000,"서울특별시 영등포구 영등포로 ***, 생각공장 당산 C동 *,*층 (당산동*가)",07292,,01,영업/정상,,,02-6943-8260
,삼성산업,,,,,2026-05-01 22:37:01,I,01,정상영업,2008-02-21 00:00:00,,,1996-01-01,,서울특별시 금천구 독산동 ***-**,1999317010523200041,3170000,,,,01,영업/정상,,,02-853-1313
,공룡상사,,,,,2026-05-01 22:37:01,I,01,정상영업,2008-02-21 00:00:00,,,1996-01-01,,서울특별시 금천구 독산동 ***-*,1999317010523200047,3170000,,,,01,영업/정상,,,02-3281-6422
,아이넷,,,,,2026-05-01 22:37:02,I,01,정상영업,2008-02-21 00:00:00,,,1996-01-01,,서울특별시 금천구 시흥동 ***-* 전진빌딩 ***,1999317010523200052,3170000,,,,01,영업/정상,,,02-892-9421
,유한상사,,,,,2026-05-01 22:37:02,I,01,정상영업,2008-02-21 00:00:00,,,1996-01-01,,서울특별시 금천구 독산동 ****-**,1999317010523200130,3170000,,,,01,영업/정상,,,02-891-0801
,아모레금천특약점,,,,,2026-05-01 22:37:02,I,01,정상영업,2007-07-07 05:42:54,,,1996-01-01,,서울특별시 금천구 독산동 ***-* 혜전빌딩 *,1999317010523200136,3170000,,,,01,영업/정상,,,02-852-0204
,기아자동차독산판매점,,,,,2026-05-01 22:37:02,I,01,정상영업,2008-02-21 00:00:00,,,1996-01-01,,서울특별시 금천구 독산동 ****-*,2000317010523200055,3170000,,,,01,영업/정상,,,02-892-7788
,경진실업,,,,,2026-05-01 22:37:02,I,01,정상영업,2008-02-21 00:00:00,,,1996-01-01,,서울특별시 금천구 가산동 ***-* 대건빌딩 ***,2000317010523200057,3170000,,,,01,영업/정상,,,02-856-4816
,진성유통,,,,,2026-05-01 22:37:03,I,01,정상영업,2008-02-21 00:00:00,,,1996-01-01,,서울특별시 금천구 독산동 ***-*,2000317010523200062,3170000,,,,01,영업/정상,,,02-859-3892
,비젼코리아,,,,,2026-05-01 22:37:04,I,01,정상영업,2008-02-21 00:00:00,,,1996-01-01,,서울특별시 금천구 독산동 ****-*,2000317010523200073,3170000,,,,01,영업/정상,,,02-805-7500
,(주)알로에 마임 금천 시흥지사,,,,,2026-05-01 22:37:04,I,01,정상영업,2008-02-21 00:00:00,,,1996-01-01,,서울특별시 금천구 시흥동 ***-* 한영상가***호,2000317010523200124,3170000,,,,01,영업/정상,,,02-893-0770
,기아자동차금천판매점,,,,,2026-05-01 22:37:04,I,01,정상영업,2008-02-21 00:00:00,,,1996-01-01,,서울특별시 금천구 시흥동 ***-**,2000317010523200138,3170000,,,,01,영업/정상,,,02-808-8825
2044000000,보나뱅크(주),,1000000000,189978.050925581,440363.954453659,2026-05-01 22:37:44,I,01,정상영업,2011-06-15 13:43:17,4761000000,,2011-06-15,153-023,서울특별시 금천구 가산동 ***번지 디지털엠파이어빌딩 **층,2011317014223200027,3170000,"서울특별시 금천구 범안로 **** (가산동,디지털엠파이어빌딩 **층)",,,01,영업/정상,,,02-3473-3004
,에이스레져,,,190108.822479842,441860.748808831,2026-05-01 22:37:44,I,01,정상영업,2011-06-24 09:07:55,,,2011-06-23,153-023,서울특별시 금천구 가산동 ***번지 **호,2011317014223200028,3170000,서울특별시 금천구 디지털로 *** (가산동),,,01,영업/정상,,,
,근하기업,,,190188.173403519,440598.494626891,2026-05-01 22:37:46,I,07,직권말소,2016-06-22 14:18:46,,,2011-06-30,153-010,서울특별시 금천구 독산동 ****번지 *호 지하,2011317014223200031,3170000,"서울특별시 금천구 범안로*길 ** (독산동,지하)",,,04,취소/말소/만료/정지/중지,,,
100000000,(주)이엔씨컴퍼니,,30000000,189778.774504778,441302.111937219,2026-05-01 22:37:49,I,07,직권말소,2016-06-22 14:19:19,0,,2011-08-29,153-023,서울특별시 금천구 가산동 ***번지 **호 아이티프리미어타워****호,2011317014223200038,3170000,"서울특별시 금천구 가산디지털*로 ** (가산동,아이티프리미어타워****호)",,,04,취소/말소/만료/정지/중지,,,1688-1659
,TVI SERVICE,,,189228.282678816,441767.908595592,2026-05-01 22:37:49,I,07,직권말소,2012-09-18 10:42:39,,,2011-09-07,153-023,서울특별시 금천구 가산동 ***번지 대륭테크노타운*차 ***호,2011317014223200040,3170000,"서울특별시 금천구 가산디지털*로 *** (가산동,대륭테크노타운*차 ***호)",,,04,취소/말소/만료/정지/중지,,,21077171
239947086,(주)네오이젠소프트,,100000000,189722.178532426,441920.972770099,2026-05-01 22:37:49,I,07,직권말소,2016-06-22 14:19:53,109784753,,2011-10-28,153-023,서울특별시 금천구 가산동 **번지 **호 에스제이테크노빌*층 ***,2011317014223200042,3170000,"서울특별시 금천구 벚꽃로 *** (가산동,에스제이테크노빌*층 ***)",,,04,취소/말소/만료/정지/중지,,,
18872346,(주)유티피코리아,,50000000,189575.815287955,441503.181731081,2026-05-01 22:37:49,I,01,정상영업,2012-07-25 16:29:26,68580291,,2011-11-23,153-023,서울특별시 금천구 가산동 ***번지 *호 에스케이트윈테크타워에이-***호,2011317014223200046,3170000,서울특별시 금천구 가산디지털*로 *** (가산동),,,01,영업/정상,,,62922430
300000000,(주)유레인메이커스,,300000000,189788.849463856,441731.610478567,2026-05-01 22:37:49,I,07,직권말소,2016-06-22 14:23:37,200000000,,2011-12-22,153-023,서울특별시 금천구 가산동 **번지 **호 월드메르디앙*차 ****,2011317014223200049,3170000,서울특별시 금천구 벚꽃로 *** (가산동),,,04,취소/말소/만료/정지/중지,,,1644-6048
50000000,(주)한국신용밴연합회,,50000000,189538.020935968,441982.427934953,2026-05-01 22:37:50,I,07,직권말소,2016-06-22 14:24:07,0,,2012-01-05,153-023,서울특별시 금천구 가산동 ***번지 **호 우림라이온스밸리,2012317014223200002,3170000,"서울특별시 금천구 가산디지털*로 ***, 에이동 ***층 (가산동)",,,04,취소/말소/만료/정지/중지,,,1661-0250
55405253,(주)효성글로벌코리아,,50000000,189722.178532426,441920.972770099,2026-05-01 22:37:50,I,07,직권말소,2016-06-22 14:24:34,0,,2012-01-05,153-023,서울특별시 금천구 가산동 **번지 **호 에스제이테크노빌,2012317014223200004,3170000,"서울특별시 금천구 벚꽃로 ***, ***호 (가산동)",,,04,취소/말소/만료/정지/중지,,,33975548
,씽크에이스,,,190601.852193095,440419.979241428,2026-05-01 22:37:50,I,07,직권말소,2016-06-22 14:34:22,,,2012-02-06,153-011,서울특별시 금천구 독산*동 ****번지 **호,2012317014223200008,3170000,서울특별시 금천구 범안로**길 *-* (독산동),,,04,취소/말소/만료/정지/중지,,,0505-567-1195
100000000,주식회사 무선365,,100000000,189797.251808445,441250.271238238,2026-05-01 22:37:50,I,07,직권말소,2016-06-22 14:35:23,400000000,,2011-01-21,153-023,서울특별시 금천구 가산동 ***번지 *호 에이스하이엔드타워* ***호,2012317014223200010,3170000,"서울특별시 금천구 가산디지털*로 **, ***호 (가산동, 에이스하이엔드타워*)",,,04,취소/말소/만료/정지/중지,,,
450000000,(주)TVI Express 코리아,,200000000,189182.776746982,442382.690694868,2026-05-01 22:37:50,I,07,직권말소,2016-06-22 14:36:06,200000000,,2012-04-09,153-023,서울특별시 금천구 가산동 ***번지 *호,2012317014223200014,3170000,"서울특별시 금천구 가산디지털*로 ***-** (가산동, 포마텍빌딩,B동***-*호)",,,04,취소/말소/만료/정지/중지,,,21077171
50000000,(주)이드라,,50000000,189686.475000033,440870.092608694,2026-05-01 22:37:50,I,01,정상영업,2019-03-04 16:23:12,0,,2012-04-10,,서울특별시 금천구 가산동 ***번지 **호 대륭테크노타운**차,2012317014223200016,3170000,"서울특별시 금천구 가산디지털*로 **, 대륭테크노타운**차 ***호 (가산동)",08592,2019-03-04,01,영업/정상,,,32837660
200000000,쉐보레독산대리점,,200000000,190910.833270838,440268.886760217,2026-05-01 22:37:50,I,07,직권말소,2021-11-16 20:44:41,0,,2012-04-16,153-011,서울특별시 금천구 독산*동 ****번지 유당빌딩*층,2012317014223200017,3170000,"서울특별시 금천구 시흥대로 ***, *층 (독산동, 유당빌딩)",,,04,취소/말소/만료/정지/중지,,,
55861761,주식회사 기가론,,50000000,189232.30642848,442478.356256941,2026-05-01 22:37:50,I,07,직권말소,2018-05-03 11:08:40,7205720,,2012-04-20,153-023,서울특별시 금천구 가산동 ***번지 *호 벽산디지털밸리*차 ***호,2012317014223200019,3170000,"서울특별시 금천구 가산디지털*로 ***, ***호 (가산동, 벽산디지털밸리*차)",,,04,취소/말소/만료/정지/중지,,,1899-1109
0,주식회사 동산레저,,0,189364.095969911,441746.981529543,2026-05-01 22:37:51,I,07,직권말소,2016-06-22 14:36:38,0,,2012-05-09,153-023,서울특별시 금천구 가산동 ***번지 *호 뉴티캐슬 ****호,2012317014223200021,3170000,"서울특별시  가산디지털*로 ***, ****호 (뉴티캐슬)",,,04,취소/말소/만료/정지/중지,,,1599-8198
,이든네이처,,,191875.04821112,438743.141398693,2026-05-01 22:37:51,I,07,직권말소,2016-06-22 14:37:31,,,2012-05-21,153-031,서울특별시 금천구 시흥*동 ***번지 *호 *층,2012317014223200022,3170000,"서울특별시 금천구 금하로 ***, *층 (시흥동)",,,04,취소/말소/만료/정지/중지,,,
25000000,(주)부건,,100000000,189748.024164036,442174.424111843,2026-05-01 22:37:51,I,01,정상영업,2014-02-25 13:17:17,0,,2012-06-18,153-023,서울특별시 금천구 가산동 **번지 **호 스타밸리 ****호,2012317014223200025,3170000,"서울특별시 금천구 디지털로*길 **, ****호 (가산동, 스타밸리)",,,01,영업/정상,,,1566-8952
313264920,주식회사 옴니시스,,54988830,190694.880295092,440764.426277932,2026-05-01 22:38:12,I,01,정상영업,2023-05-01 17:44:34,258276090,,2023-05-01,,서울특별시 금천구 독산동 ***-* 현대지식산업센터,2023317025723200012,3170000,"서울특별시 금천구 두산로 **, 현대지식산업센터 B동 ****호 (독산동)",08584,,01,영업/정상,,,1877-5332
1599018956,주식회사 화성월드에너지,,,189459.065518928,441844.960857588,2026-05-01 22:38:12,I,01,정상영업,2023-05-01 17:45:02,2952168183,,2023-05-01,,서울특별시 금천구 가산동 ***-** 신한이노플렉스,2023317025723200013,3170000,"서울특별시 금천구 가산디지털*로 ***, 신한이노플렉스 ****호 (가산동)",08506,,01,영업/정상,,,02-783-0947
559539756,화성풍력에너지(주),,,189467.124186925,441780.0053985,2026-05-01 22:38:12,I,01,정상영업,2023-05-01 17:50:49,820910616,,2023-05-01,,서울특별시 금천구 가산동 ***-** 에이스하이엔드타워*차,2023317025723200014,3170000,"서울특별시 금천구 가산디지털*로 ***, 에이스하이엔드타워*차 ***호 (가산동)",08506,,01,영업/정상,,,
35084792661,주식회사 아인스미디어,,25896685476,189262.863257737,442093.310518456,2026-05-01 22:38:12,I,01,정상영업,2024-06-18 09:50:34,9188107185,,2023-05-16,,서울특별시 금천구 가산동 ***-**,2023317025723200016,3170000,"서울특별시 금천구 가산디지털*로 ***, **층 (가산동)",08503,,01,영업/정상,,,02-2088-8866
80000000,리치협동조합,,50000000,189467.124186925,441780.0053985,2026-05-01 22:38:12,I,01,정상영업,2023-06-23 09:49:31,0,,2023-06-15,,서울특별시 금천구 가산동 ***-** 에이스하이엔드타워*차,2023317025723200020,3170000,"서울특별시 금천구 가산디지털*로 ***, 에이스하이엔드타워*차 ****호 (가산동)",08506,,01,영업/정상,,,
21000000,(주)지에듀테크,,20000000,189575.815287955,441503.181731081,2026-05-01 22:38:12,I,01,정상영업,2023-07-10 09:49:23,1000000,,2023-07-06,,서울특별시 금천구 가산동 ***-* SK트윈테크타워,2023317025723200021,3170000,"서울특별시 금천구 가산디지털*로 ***, SK트윈테크타워 *층 B***호 (가산동)",08589,,01,영업/정상,,,02-2088-4870
30000000,주식회사 교차로,,30000000,189778.774504778,441302.111937219,2026-05-01 22:38:12,I,01,정상영업,2023-09-03 16:59:20,0,,2023-09-01,,서울특별시 금천구 가산동 ***-** IT프리미어타워,2023317025723200023,3170000,"서울특별시 금천구 가산디지털*로 **, IT프리미어타워 ****호 (가산동)",08590,,01,영업/정상,,,02-898-1245
180000000,(주)우다함,,18000000,189016.465808265,442320.784167212,2026-05-01 22:38:12,I,01,정상영업,2023-10-26 15:10:40,0,,2023-10-26,,서울특별시 금천구 가산동 ***-**,2023317025723200025,3170000,"서울특별시 금천구 가산디지털*로 ***-**, A***호 (가산동)",08500,,01,영업/정상,,,02-2610-9874
20000000,(주)한셀바이오텍,,1000000,189202.600232089,441848.24299943,2026-05-01 22:38:12,I,01,정상영업,2024-08-12 10:49:53,19000000,,2023-11-02,,서울특별시 금천구 가산동 ***-* 월드메르디앙*차,2023317025723200026,3170000,"서울특별시 금천구 가산디지털*로 ***, 월드메르디앙*차 ****호 (가산동)",08505,,01,영업/정상,,,1551-1485
2533780666,(주)화신이앤엘,,1990167343,189262.863257737,442093.310518456,2026-05-01 22:38:12,I,01,정상영업,2023-11-03 10:36:22,543613323,,2023-11-02,,서울특별시 금천구 가산동 ***-**,2023317025723200027,3170000,"서울특별시 금천구 가산디지털*로 ***, ***-***호 (가산동)",08503,,01,영업/정상,,,02-839-1357
0,피엘에이치엘 주식회사(PLHL),2026-03-19,0,189395.892135578,442369.650853866,2026-05-01 22:38:12,I,03,폐업처리,2026-03-20 16:52:25,0,,2023-10-12,,서울특별시 금천구 가산동 ***-*,2023317025723200028,3170000,"서울특별시 금천구 가산디지털*로 ***, ***호 (가산동)",08502,,03,폐업,,,02-882-4100
,해피라이프 쇼핑,2026-04-10,,191189.044349166,441186.97127864,2026-05-01 22:38:12,I,05,타시군구이관,2026-04-10 14:53:09,,,2023-11-06,,서울특별시 금천구 독산동 *** 독산 오르페움타워,2023317025723200029,3170000,"서울특별시 금천구 독산로**길 **, ***,***호 (독산동, 독산 오르페움타워)",08543,,05,제외/삭제/전출,,,
30000000,주식회사 디컴스,,30000000,190021.956927088,440609.209534256,2026-05-01 22:38:12,I,01,정상영업,2023-11-30 13:07:36,0,,2017-05-17,,서울특별시 금천구 가산동 ***,2023317025723200030,3170000,"서울특별시 금천구 가산디지털*로 **, ***호 (가산동)",08591,,01,영업/정상,,,02-2088-2341
2110302600,"주식회사 지에스비그룹(GSB Group Co.,Ltd.)",,6651100,189504.258704224,441390.738560411,2026-05-01 22:38:12,I,01,정상영업,2023-12-08 09:29:58,2103651500,,2023-12-05,,서울특별시 금천구 가산동 ***-** 대륭테크노타운**차,2023317025723200031,3170000,"서울특별시 금천구 가산디지털*로 **, 대륭테크노타운**차 **층 ****호 (가산동)",08589,,01,영업/정상,,,02-3289-0711
,스카이앤,,,189844.09058809,441902.681311108,2026-05-01 22:38:12,I,01,정상영업,2023-12-20 10:11:36,,,2023-12-19,,서울특별시 금천구 가산동 **-**,2023317025723200032,3170000,"서울특별시 금천구 디지털로*길 **, ***호 (가산동)",08511,,01,영업/정상,,,
0,주식회사 리브라이프,,50000000,189662.959175776,442139.514492212,2026-05-01 22:38:12,I,01,정상영업,2024-01-04 09:01:47,0,,2024-01-02,,서울특별시 금천구 가산동 **-* 대륭포스트타워*차,2024317025723200001,3170000,"서울특별시 금천구 벚꽃로 ***, 대륭포스트타워*차 ****호 (가산동)",08510,,01,영업/정상,,,
1591931633,씨아이에스인터내셔날서비스(주),,3094845000,189863.599516869,440684.494000821,2026-05-01 22:38:12,I,01,정상영업,2024-01-12 11:38:00,2946607511,,2024-01-11,,서울특별시 금천구 가산동 *** 대륭테크노타운**차 ***호,2024317025723200002,3170000,"서울특별시 금천구 가산디지털*로 **, 대륭테크노타운**차 ***호 (가산동)",08594,,01,영업/정상,,,02-6956-6384
1000000,주식회사 세이프포인트,,1000000,189417.708595762,442309.174987731,2026-05-01 22:38:12,I,01,정상영업,2024-01-30 11:43:09,0,,2024-01-30,,서울특별시 금천구 가산동 ***-* 에이스테크노타워**차,2024317025723200003,3170000,"서울특별시 금천구 가산디지털*로 ***, 에이스테크노타워**차 ***호 (가산동)",08502,,01,영업/정상,,,
90817632,(주)천지운,,10000000,189538.020935968,441982.427934953,2026-05-01 22:38:12,I,01,정상영업,2025-04-30 16:22:41,14075022,,2024-03-05,,서울특별시 금천구 가산동 ***-** 우림라이온스밸리,2024317025723200004,3170000,"서울특별시 금천구 가산디지털*로 ***, 우림라이온스밸리 에이동 ***비-*호 (가산동)",08507,,01,영업/정상,,,02-361-8991
,하늘팜,,,190694.880295092,440764.426277932,2026-05-01 22:38:12,I,01,정상영업,2024-03-25 10:50:50,,,2024-03-25,,서울특별시 금천구 독산동 ***-* 현대지식산업센터,2024317025723200006,3170000,"서울특별시 금천구 두산로 **, 현대지식산업센터 T동 *층 ***호 (독산동)",08584,,01,영업/정상,,,
,케이티아이포스,,,190923.551317757,446575.396546634,2026-05-01 22:41:40,I,07,직권말소,2009-06-03 21:18:10,,,2007-08-01,150-041,서울특별시 영등포구 당산동*가 **번지 *호,2007318011723201415,3180000,서울특별시 영등포구 영등포로 *** (당산동*가),,,04,취소/말소/만료/정지/중지,,,02-2633-0387
59215325,(주)이지헬스틱,,47460042,190161.737344082,446125.33590618,2026-05-01 22:41:40,I,07,직권말소,2010-05-24 11:18:48,11755283,,2007-08-07,150-093,서울특별시 영등포구 문래동*가 **번지 *호 메가벤처타워 ***호,2007318011723201417,3180000,"서울특별시 영등포구 문래로**길 **, ***호 (문래동*가,메가벤처타워)",,,04,취소/말소/만료/정지/중지,,,02-2633-3822
,스킨 코스메틱,,,190954.818136514,447416.443842898,2026-05-01 22:41:40,I,07,직권말소,2009-06-03 21:17:51,,,2007-08-09,150-044,서울특별시 영등포구 당산동*가 **번지 **호 동화오피스텔***,2007318011723201418,3180000,"서울특별시 영등포구 당산로 ***-* (당산동*가,동화오피스텔***)",,,04,취소/말소/만료/정지/중지,,,02-2677-4774
426965244,(주)엑스워드,,60354995,191580.646388785,446320.718339983,2026-05-01 22:41:40,I,07,직권말소,2009-06-03 21:17:27,487320239,,2007-08-16,150-033,서울특별시 영등포구 영등포동*가 *번지 아자빌딩 **층 ****호,2007318011723201419,3180000,"서울특별시 영등포구 영중로 **, ****호 (영등포동*가,아자빌딩 **층)",,,04,취소/말소/만료/정지/중지,,,1544-2205
,가르드상사,,,190923.551317757,446575.396546634,2026-05-01 22:41:40,I,07,직권말소,2019-08-14 11:43:15,,,2005-06-04,150-041,서울특별시 영등포구 당산동*가 **번지 *호 당산빌딩*층,2007318011723201421,3180000,"서울특별시 영등포구 영등포로 *** (당산동*가,당산빌딩*층)",,,04,취소/말소/만료/정지/중지,,,02-3667-7879
1514000000,(주)피케이원,,500000000,191271.671862676,448226.713696686,2026-05-01 22:41:41,I,07,직권말소,2012-02-29 13:38:26,308000000,,2007-08-21,150-046,서울특별시 영등포구 당산동*가 ***번지 *호 금창빌딩 ***호,2007318011723201424,3180000,"서울특별시 영등포구 당산로**길 **, ***호 (당산동*가,금창빌딩)",,,04,취소/말소/만료/정지/중지,,,02-2637-3458
,다현,,,190874.734064439,448103.58416736,2026-05-01 22:41:41,I,07,직권말소,2010-05-24 11:18:15,,,2007-08-27,150-104,서울특별시 영등포구 양평동*가 **번지 대웅빌딩 *층,2007318011723201425,3180000,"서울특별시 영등포구 선유로 *** (양평동*가,대웅빌딩 *층)",,,04,취소/말소/만료/정지/중지,,,02-2068-2270
0,B.R.N KOREA,,0,191850.114050624,443811.931347734,2026-05-01 22:41:41,I,07,직권말소,2009-06-03 21:16:44,0,,2007-08-30,150-050,서울특별시 영등포구 신길동 ****번지,2007318011723201427,3180000,서울특별시 영등포구 신길로 ** (신길동),,,04,취소/말소/만료/정지/중지,,,
728092935,(주)제이제이랜드,,160208440,190555.768991595,446698.814322782,2026-05-01 22:41:41,I,07,직권말소,2012-02-29 13:37:57,567804495,,2007-09-03,150-723,서울특별시 영등포구 당산동*가 **번지 *호 영등포유통상가 *층나열 **호,2007318011723201431,3180000,"서울특별시 영등포구 영등포로 ***, **호 (당산동*가,영등포유통상가 *층나열)",,,04,취소/말소/만료/정지/중지,,,02-2636-5268
1507413963,(주)메가넷 인터내셔널,,522605876,193417.080225033,446590.467085199,2026-05-01 22:41:41,I,07,직권말소,2009-06-03 21:16:22,986808087,,2007-09-03,150-010,서울특별시 영등포구 여의도동 **번지 *호 한국화재보험협회빌딩 ****호,2007318011723201432,3180000,"서울특별시 영등포구 국제금융로*길 **, ****호 (여의도동,한국화재보험협회빌딩)",,,04,취소/말소/만료/정지/중지,,,02-761-0738
,지오드림,,,191145.716446532,443407.640817294,2026-05-01 22:41:41,I,07,직권말소,2009-06-03 21:16:01,,,2007-09-04,150-070,서울특별시 영등포구 대림동 ***번지,2007318011723201434,3180000,서울특별시 영등포구 대림로**길 *-* (대림동),,,04,취소/말소/만료/정지/중지,,,02-844-1510
321000000,(주)피엔엑스,,50000000,193637.791494392,446447.299629877,2026-05-01 22:41:41,I,07,직권말소,2009-06-03 21:15:43,375000000,,2007-06-28,150-010,서울특별시 영등포구 여의도동 **번지 **호 코오롱오피스텔 ***호,2007318011723201436,3180000,"서울특별시 영등포구 여의대방로**길 **, ***호 (여의도동,코오롱오피스텔)",,,04,취소/말소/만료/정지/중지,,,
,LEE4UIT,,,189737.063295458,446978.094609272,2026-05-01 22:41:41,I,07,직권말소,2013-06-23 11:41:21,,,2007-09-18,150-102,서울특별시 영등포구 양평동*가 **번지 *호 *층,2007318011723201437,3180000,"서울특별시 영등포구 영등포로*길 ** (양평동*가,*층)",,,04,취소/말소/만료/정지/중지,,,02-3667-1110
700000000,(주)디에이치리더,,50000000,191969.103369854,446968.427022883,2026-05-01 22:41:41,I,04,직권취소,2008-09-29 14:54:04,300000000,2008-09-23,2007-09-18,150-037,서울특별시 영등포구 영등포동*가 **번지 **호,2007318011723201438,3180000,서울특별시 영등포구 버드나루로 **-* (영등포동*가),,,04,취소/말소/만료/정지/중지,,,02-3665-1901
,솔잎건강,,,192445.378088921,444797.921491577,2026-05-01 22:41:41,I,07,직권말소,2009-06-03 21:15:13,,,2007-10-01,150-050,서울특별시 영등포구 신길동 ****번지 삼성래미안아파트 *단지내상가 B-** *호,2007318011723201440,3180000,"서울특별시 영등포구 가마산로**길 *, *호 (신길동,삼성래미안아파트 *단지내상가 B-**)",,,04,취소/말소/만료/정지/중지,,,02-848-8762
,헬스 보충제 파는 집,,,191078.510576155,443891.390900395,2026-05-01 22:41:41,I,07,직권말소,2012-02-29 13:49:47,,,2007-10-05,150-827,서울특별시 영등포구 대림동 ***번지 *호 **통 *반 방주빌라 B동 B**호,2007318011723201442,3180000,"서울특별시 영등포구 도림로**가길 *-*, B동 B**호 (대림동,방주빌라)",,,04,취소/말소/만료/정지/중지,,,02-8486-6036
,현대 S&I,,,191037.677472063,443838.749034997,2026-05-01 22:41:41,I,04,직권취소,2008-09-29 14:53:32,,2008-09-23,2007-10-08,150-070,서울특별시 영등포구 대림동 ***번지 *호,2007318011723201443,3180000,서울특별시 영등포구 대림로 *** (대림동),,,04,취소/말소/만료/정지/중지,,,02-848-2312
,빅센스센터,,,192007.438402533,444781.722746921,2026-05-01 22:41:41,I,07,직권말소,2009-06-03 21:14:51,,,2007-10-11,150-050,서울특별시 영등포구 신길동 ***번지 *호,2007318011723201444,3180000,서울특별시 영등포구 신길로 *** (신길동),,,04,취소/말소/만료/정지/중지,,,
0,재성컴퓨터,,0,190977.197041236,443843.981221251,2026-05-01 22:41:41,I,05,타시군구이관,2009-12-19 13:47:43,0,,2007-10-18,150-070,서울특별시 영등포구 대림동 ***번지 *호 ***호,2007318011723201445,3180000,"서울특별시 영등포구 대림로 ***, ***호 (대림동)",,,05,제외/삭제/전출,,,02-1644-5887
,삼정물산,,,,,2026-05-01 22:37:04,I,01,정상영업,2008-02-21 00:00:00,,,1996-01-01,,서울특별시 금천구 독산동 ***-*  ****,2001317010523200075,3170000,,,,01,영업/정상,,,
,대웅바이오텍(주)시흥지점,,,,,2026-05-01 22:37:05,I,01,정상영업,2008-02-21 00:00:00,,,1996-01-01,,서울특별시 금천구 시흥동 ***-* 외*,2001317010523200077,3170000,,,,01,영업/정상,,,02-891-6894
,cine motors,,,,,2026-05-01 22:37:05,I,01,정상영업,2008-02-21 00:00:00,,,1996-01-01,,서울특별시 금천구 가산동 ***-*,2001317010523200087,3170000,,,,01,영업/정상,,,02-839-0030
,(주)동화식품,,,,,2026-05-01 22:37:05,I,01,정상영업,2008-02-21 00:00:00,,,1996-01-01,,서울특별시 금천구 독산동 ****-**  ******,2001317010523200095,3170000,,,,01,영업/정상,,,02-892-1117
,쌍용자동차 금천판매대리점,,,,,2026-05-01 22:37:05,I,01,정상영업,2008-02-21 00:00:00,,,1996-01-01,,서울특별시 금천구 시흥동 ***-**  *****,2001317010523200122,3170000,,,,01,영업/정상,,,02-806-5550
,아이넷스쿨,,,,,2026-05-01 22:37:05,I,01,정상영업,2008-02-21 00:00:00,,,1996-01-01,,서울특별시 금천구 독산동 ***-* 홍원빌딩***호,2001317010523200132,3170000,,,,01,영업/정상,,,02-859-5151
,가산판매업,,,,,2026-05-01 22:37:05,I,01,정상영업,2008-02-21 00:00:00,,,1996-01-01,,서울특별시 금천구 가산동 ***-*  ****,2001317010523200146,3170000,,,,01,영업/정상,,,02-830-7070
,한미교역,,,,,2026-05-01 22:37:05,I,07,직권말소,2012-09-17 14:30:17,,,1996-01-01,,서울특별시 금천구 독산동 ***-* B **호,2002317010523200098,3170000,,,,04,취소/말소/만료/정지/중지,,,02-856-4234
,미래상사,,,,,2026-05-01 22:37:05,I,07,직권말소,2016-06-21 14:34:44,,,1996-01-01,,서울특별시 금천구 독산동 ***-** 흥일빌딩***호,2002317010523200101,3170000,,,,04,취소/말소/만료/정지/중지,,,02-863-2193
,아로니아 코리아,,,192297.91598261,438580.148239494,2026-05-01 22:37:52,I,07,직권말소,2016-06-22 14:51:41,,,2013-03-28,,,2013317014223200011,3170000,"서울특별시 금천구 금하로 *** (시흥동, 우방아파트상가지하***호)",,,04,취소/말소/만료/정지/중지,,,
,에듀프라임,,,192742.326147617,438460.667319682,2026-05-01 22:37:52,I,07,직권말소,2021-11-16 20:43:57,,,2013-04-02,,,2013317014223200013,3170000,"서울특별시 금천구 금하로 ***, ***동 ****호 (시흥동, 벽산아파트)",,,04,취소/말소/만료/정지/중지,,,
300000000,(주)콜피아,,300000000,189722.178532426,441920.972770099,2026-05-01 22:37:52,I,01,정상영업,2024-04-18 15:15:54,0,,2013-05-02,,서울특별시 금천구 가산동 **-** SJ테크노빌,2013317014223200016,3170000,"서울특별시 금천구 벚꽃로 ***, SJ테크노빌 ***-***호 (가산동)",08511,,01,영업/정상,,,070-4366-3520
15020000,주식회사 비즈콤,,15020000,190235.267111581,441762.109600985,2026-05-01 22:37:52,I,01,정상영업,2014-06-12 09:52:53,0,,2013-05-09,,,2013317014223200017,3170000,"서울특별시 금천구 가산로 ***-*, *층 (가산동)",,,01,영업/정상,,,1661-0962
10000000,주식회사 오케이홀딩스에프씨,,50000000,189943.546219232,441990.817436962,2026-05-01 22:37:52,I,07,직권말소,2021-11-16 20:43:12,0,,2013-05-10,,,2013317014223200018,3170000,"서울특별시 금천구 디지털로*길 **, ****호 (가산동, 이앤씨드림타워*차)",,,04,취소/말소/만료/정지/중지,,,
,삼성유통,,,191389.928460084,441119.621928154,2026-05-01 22:37:52,I,07,직권말소,2016-06-22 14:52:25,,,2013-07-18,,,2013317014223200024,3170000,"서울특별시 금천구 독산로 ***, 지하층 (독산동)",,,04,취소/말소/만료/정지/중지,,,
20000000,주식회사 징,,20000000,189055.138252216,441958.334400683,2026-05-01 22:37:53,I,07,직권말소,2017-05-11 11:08:33,0,,2013-07-29,,,2013317014223200027,3170000,"서울특별시 금천구 서부샛길 *** (가산동, 에이동***-*)",,,04,취소/말소/만료/정지/중지,,,0508-366-7942
50000000,주식회사 키움과자람에듀케이션,,50000000,,,2026-05-01 22:37:53,I,07,직권말소,2016-06-22 14:55:42,0,,2013-08-06,,,2013317014223200029,3170000,"서울특별시 금천구 가산디지털*로 ***, 에이동 ***호 (가산동, 에스케이트윈테크타워)",,,04,취소/말소/만료/정지/중지,,,1661-8873
5000,효선,,5000,189092.729912585,442262.659278232,2026-05-01 22:37:51,I,07,직권말소,2016-06-22 14:38:01,2200,,2012-06-19,153-023,서울특별시 금천구 가산동 ***번지 **호 백상스타타워*차 ****호,2012317014223200027,3170000,"서울특별시 금천구 가산디지털*로 ***, ****호 (가산동, 백상스타타워*차)",,,04,취소/말소/만료/정지/중지,,,
,코스나린,,30000000,190858.649482406,440808.541334678,2026-05-01 22:37:51,I,07,직권말소,2016-06-22 14:38:31,,,2012-07-06,,,2012317014223200031,3170000,"서울특별시 금천구 시흥대로 ***, ***호 (독산동, 시티렉스)",,,04,취소/말소/만료/정지/중지,,,
50160000,(주)경원파트너스,,50160000,189797.251808445,441250.271238238,2026-05-01 22:37:51,I,07,직권말소,2018-05-03 11:08:00,0,,2012-07-30,153-802,서울특별시 금천구 가산동 ***번지 *호 에이스하이엔드타워*차  ***호,2012317014223200032,3170000,"서울특별시 가산디지털*로 **, ***호 (에이스하이엔드타워*차)",,,04,취소/말소/만료/정지/중지,,,02-6083-6800
,서원플라자,,,190352.36451174,441545.208758244,2026-05-01 22:37:51,I,07,직권말소,2016-06-22 14:39:02,,,2012-08-16,,,2012317014223200035,3170000,"서울특별시 금천구 가산로 ** (가산동, 두산위브아파트상가지하**호)",,,04,취소/말소/만료/정지/중지,,,
10000000,(주)케이트코스메틱,,10000000,,,2026-05-01 22:37:51,I,07,직권말소,2021-11-16 20:44:23,0,,2012-09-12,,,2012317014223200038,3170000,"서울특별시 금천구 가산디지털*로 **, C동 ***호 (가산동, 마이크로오피스빌딩)",,,04,취소/말소/만료/정지/중지,,,070-7784-1438
65113632,(주)알앤씨솔루션,,50000000,189788.849463856,441731.610478567,2026-05-01 22:37:51,I,01,정상영업,2012-11-20 17:16:22,166120743,,2012-09-13,,,2012317014223200039,3170000,"서울특별시 금천구 벚꽃로 ***, ****호 (가산동, 월드메르디앙벤처센타*차)",,,01,영업/정상,,,1644-0579
2119315635,(주)인터닉스 코퍼레이션,,50000000,190050.903572929,440523.497478209,2026-05-01 22:37:51,I,01,정상영업,2012-09-20 13:13:26,1696005167,,2012-09-20,,,2012317014223200040,3170000,"서울특별시 금천구 가산디지털*로 *, ***호 (가산동, 우림라이온스밸리*차)",,,01,영업/정상,,,
30000000,주식회사 진영인터내셔널,,10000000,189538.020935968,441982.427934953,2026-05-01 22:37:51,I,07,직권말소,2016-06-22 14:40:18,0,,2012-10-25,153-023,서울특별시 금천구 가산동 ***번지 **호,2012317014223200049,3170000,"서울특별시 금천구 가산디지털*로 ***, A동 ***호 (가산동, 우림라이온스밸리)",,,04,취소/말소/만료/정지/중지,,,
,금산홍삼생약 영농조합,,,189369.53962474,441629.361414684,2026-05-01 22:37:52,I,08,영업재개,2016-06-22 14:41:54,,,2012-11-26,,,2012317014223200053,3170000,"서울특별시 금천구 가산디지털*로 **, ***호 (가산동, 아이티캐슬)",,,01,영업/정상,,,
20000000,스마트라이프,,20000000,192314.135853507,438671.432733016,2026-05-01 22:37:52,I,07,직권말소,2016-06-22 14:44:13,0,,2013-01-09,,,2013317014223200003,3170000,서울특별시 금천구 금하로 ***-* (시흥동),,,04,취소/말소/만료/정지/중지,,,
,LED월드,,,191226.287379467,437914.06299827,2026-05-01 22:37:52,I,07,직권말소,2016-06-22 14:44:41,,,2013-01-15,,,2013317014223200004,3170000,"서울특별시 금천구 시흥대로 **, **동 ***호 (시흥동, 시흥산업용재유통센타)",,,04,취소/말소/만료/정지/중지,,,070-7884-8828
171573450,(주)쓰리에스정보통신,,150000000,,,2026-05-01 22:37:52,I,01,정상영업,2013-01-18 16:17:43,9847950,,2013-01-18,,,2013317014223200005,3170000,"서울특별시 금천구 가산디지털*로 **, 비동 ***호 (가산동, 마이크로오피스)",,,01,영업/정상,,,1644-4002
20000000,스마트라이프서울 주식회사,,20000000,192314.135853507,438671.432733016,2026-05-01 22:37:52,I,07,직권말소,2016-06-22 14:51:16,0,,2013-01-31,,,2013317014223200007,3170000,서울특별시 금천구 금하로 ***-* (시흥동),,,04,취소/말소/만료/정지/중지,,,
0,주식회사 유마루,,50000000,189055.138252216,441958.334400683,2026-05-01 22:37:52,I,07,직권말소,2018-05-03 11:07:16,0,,2013-02-25,,,2013317014223200008,3170000,"서울특별시 금천구 서부샛길 ***, B동 ****호 (가산동)",,,04,취소/말소/만료/정지/중지,,,
,코나피엔지,2026-04-09,,189877.178943503,442093.648596802,2026-05-01 22:37:52,I,03,폐업처리,2026-04-08 14:59:06,,,2013-03-18,,서울특별시 금천구 가산동 **-* 대륭포스트타워 *차,2013317014223200010,3170000,"서울특별시 금천구 디지털로*길 **, 대륭포스트타워 *차 B***호 (가산동)",08512,,03,폐업,,,070-7730-6537
6895633233,주식회사 에이엠네트웍스,,3481724953,189538.020935968,441982.427934953,2026-05-01 22:38:13,I,01,정상영업,2024-04-23 13:27:38,3413908280,,2024-04-23,,서울특별시 금천구 가산동 ***-** 우림라이온스밸리,2024317025723200008,3170000,"서울특별시 금천구 가산디지털*로 ***, 우림라이온스밸리 에이동 ***~***호 (가산동)",08507,,01,영업/정상,,,02-2088-5810
30000000,주식회사 남부발전,,30000000,189975.894746956,440742.223479611,2026-05-01 22:38:13,I,01,정상영업,2024-05-20 10:20:22,0,,2024-04-25,,서울특별시 금천구 가산동 *** 에이스하이엔드타워**,2024317025723200009,3170000,"서울특별시 금천구 가산디지털*로 **, 에이스하이엔드타워** *층 ***호 (가산동)",08591,,01,영업/정상,,,
2000000000,(주)바틀,,500000000,189930.50790426,441616.460710064,2026-05-01 22:38:13,I,01,정상영업,2024-04-26 14:30:49,1000000000,,2007-11-08,,서울특별시 금천구 가산동 **-**,2024317025723200010,3170000,"서울특별시 금천구 디지털로 ***, A동 ****-****호 (가산동)",08513,,01,영업/정상,,,1644-9111
,성지 baruch,,,191389.242624397,441740.622288466,2026-05-01 22:38:13,I,01,정상영업,2024-05-01 11:13:51,,,2024-05-01,,서울특별시 금천구 독산동 ***-**,2024317025723200011,3170000,"서울특별시 금천구 독산로 ***, *층 (독산동)",08538,,01,영업/정상,,,
223189598,주식회사 뉴모아,,50000000,189282.642165078,441654.484590816,2026-05-01 22:38:13,I,01,정상영업,2025-04-28 09:44:01,265483302,,2024-05-24,,서울특별시 금천구 가산동 ***-*,2024317025723200014,3170000,"서울특별시 금천구 가산디지털*로 ***, 비동 **층 ****호 (가산동)",08505,,01,영업/정상,,,02-2106-5600
0,주식회사 지앤솔루션,,5000000,189943.529964101,440455.075991442,2026-05-01 22:38:13,I,01,정상영업,2024-06-07 11:09:14,0,,2019-01-23,,서울특별시 금천구 가산동 ***-* 더루벤스밸리,2024317025723200016,3170000,"서울특별시 금천구 가산디지털*로 *, 더루벤스밸리 ***-*호 (가산동)",08594,,01,영업/정상,,,
15565539889,주식회사 큐큐트레이드,,12066580424,189417.708595762,442309.174987731,2026-05-01 22:38:13,I,01,정상영업,2024-06-11 10:11:59,3498959465,,2024-06-11,,서울특별시 금천구 가산동 ***-* 에이스테크노타워**차,2024317025723200018,3170000,"서울특별시 금천구 가산디지털*로 ***, 에이스테크노타워**차 ***호 (가산동)",08502,,01,영업/정상,,,02-544-0595
4771787558,주식회사 제니패션,,1322975320,189797.251808445,441250.271238238,2026-05-01 22:38:13,I,01,정상영업,2025-04-09 09:09:08,3448812238,,2024-06-21,,서울특별시 금천구 가산동 ***-* 에이스하이엔드타워*차,2024317025723200019,3170000,"서울특별시 금천구 가산디지털*로 **, 에이스하이엔드타워*차 ****호, ****호 (가산동)",08590,,01,영업/정상,,,02-3281-2434
,케이티엔,,,190913.510945549,440415.261802396,2026-05-01 22:38:13,I,01,정상영업,2024-07-12 10:51:22,,,2024-07-12,,서울특별시 금천구 독산동 ****-* 림스빌딩,2024317025723200020,3170000,"서울특별시 금천구 시흥대로 ***, 림스빌딩 *층 ***호 (독산동)",08616,,01,영업/정상,,,
,독산건강생활,,,191281.882201185,438816.408043458,2026-05-01 22:38:13,I,01,정상영업,2024-07-25 10:25:49,,,2024-07-25,,서울특별시 금천구 시흥동 ***-** 세진빌딩,2024317025723200021,3170000,"서울특별시 금천구 시흥대로 ***, 세진빌딩 ***호 (시흥동)",08629,,01,영업/정상,,,02-894-8924
,안드레52c,,,191689.375549004,437496.711452829,2026-05-01 22:38:13,I,01,정상영업,2024-08-08 14:03:24,,,2024-08-08,,서울특별시 금천구 시흥동 ***-* 영일빌라,2024317025723200022,3170000,"서울특별시 금천구 시흥대로**길 **, 씨동 ***호 (시흥동, 영일빌라)",08653,,01,영업/정상,,,
,팡 솔루션,,,189651.615395913,440972.741332881,2026-05-01 22:38:13,I,01,정상영업,2024-09-10 09:47:38,,,2024-09-10,,서울특별시 금천구 가산동 ***-**,2024317025723200023,3170000,"서울특별시 금천구 가산디지털*로 **, **층 ****호 (가산동)",08592,,01,영업/정상,,,
5000000,주식회사 키워드솔루션,,5000000,189647.046752134,441677.096205358,2026-05-01 22:38:13,I,01,정상영업,2025-04-22 11:00:22,0,,2024-10-11,,서울특별시 금천구 가산동 ***-** 에스티엑스브이타워,2024317025723200024,3170000,"서울특별시 금천구 가산디지털*로 ***, 에스티엑스브이타워 *층 ***호 (가산동)",08507,,01,영업/정상,,,1522-1654
,와이제이,,,191226.287379467,437914.06299827,2026-05-01 22:38:13,I,01,정상영업,2024-10-15 09:59:13,,,2024-10-15,,서울특별시 금천구 시흥동 *** 시흥유통상가,2024317025723200025,3170000,"서울특별시 금천구 시흥대로 **, 시흥유통상가 **동 ***호 (시흥동)",08639,,01,영업/정상,,,
20000000,주식회사 올스타포스,2026-03-17,20000000,190106.784903711,441792.675618016,2026-05-01 22:38:13,I,03,폐업처리,2026-03-17 09:37:02,0,,2024-11-06,,서울특별시 금천구 가산동 **-** 우리은행 가산IT타워,2024317025723200026,3170000,"서울특별시 금천구 디지털로 ***, 우리은행 가산IT타워 *층 ***호 (가산동)",08514,,03,폐업,,,1588-8466
24373478,주식회사 다음투자컨설팅,,,189767.416750179,442063.859932184,2026-05-01 22:38:13,I,01,정상영업,2024-11-13 16:55:32,36516340,,2024-11-13,,서울특별시 금천구 가산동 **-** 가산 KS TOWER,2024317025723200027,3170000,"서울특별시 금천구 벚꽃로**길 **, 가산 KS TOWER *층 ***-***호 (가산동)",08511,,01,영업/정상,,,02-2025-1017
,효사랑 보청기,,,191234.143902029,438993.253764531,2026-05-01 22:38:13,I,01,정상영업,2025-01-31 15:15:27,,,2025-01-31,,서울특별시 금천구 시흥동 ***-* 비즈메드빌딩,2025317025723200001,3170000,"서울특별시 금천구 시흥대로 ***, 비즈메드빌딩 *층 ***호 (시흥동)",08628,,01,영업/정상,,,
1377260203,주식회사 케이엔엑스정보통신,,1204356868,189127.981104583,442460.505542105,2026-05-01 22:38:13,I,01,정상영업,2025-02-11 09:46:30,172903335,,2025-02-11,,서울특별시 금천구 가산동 ***-** 벽산/경인디지털밸리*,2025317025723200002,3170000,"서울특별시 금천구 가산디지털*로 ***, 벽산/경인디지털밸리* **층 ****호 (가산동)",08501,,01,영업/정상,,,02-853-6882
12221566826,(주)모노커뮤니케이션즈,,8120012612,189232.30642848,442478.356256941,2026-05-01 22:38:13,I,01,정상영업,2025-02-18 10:09:43,4101554214,,2025-02-18,,서울특별시 금천구 가산동 ***-* 벽산디지털밸리*차,2025317025723200003,3170000,"서울특별시 금천구 가산디지털*로 ***, 벽산디지털밸리*차 ***,***,***,***호 (가산동)",08501,,01,영업/정상,,,02-333-7223
6000000,주식회사 서포트,2026-04-02,6000000,190185.054136417,441381.452926959,2026-05-01 22:38:13,I,03,폐업처리,2026-04-02 10:26:50,0,,2025-03-10,,서울특별시 금천구 가산동 ***-* 가산테라타워,2025317025723200005,3170000,"서울특별시 금천구 디지털로**길 **, 가산테라타워 ***호 (가산동)",08517,,03,폐업,,,
100000000,(주)제이제이드림피아,,10000000,191580.646388785,446320.718339983,2026-05-01 22:41:41,I,07,직권말소,2009-06-03 21:14:25,0,,2007-10-23,150-033,서울특별시 영등포구 영등포동*가 *번지 아자쇼핑몰 ****호,2007318011723201446,3180000,"서울특별시 영등포구 영중로 **, ****호 (영등포동*가,아자쇼핑몰)",,,04,취소/말소/만료/정지/중지,,,02-2166-6410
,대운상사,,,190923.551317757,446575.396546634,2026-05-01 22:41:41,I,07,직권말소,2012-02-29 13:37:33,,,2007-10-23,150-041,서울특별시 영등포구 당산동*가 **번지 *호 *층  ***호,2007318011723201447,3180000,"서울특별시 영등포구 영등포로 ***, ***호 (당산동*가,*층)",,,04,취소/말소/만료/정지/중지,,,
,케이투커뮤니케이션,,,,,2026-05-01 22:41:42,I,07,직권말소,2009-06-03 21:13:17,,,2007-06-15,,서울특별시 영등포구 대림동 ***번지 **호 ***호,2007318011723291421,3180000,"서울특별시 영등포구 신길로 **, ***호 (대림동)",,2007-06-15,04,취소/말소/만료/정지/중지,,,1566-5198
118000000,(주)아쟈유통,,50000000,191580.646388785,446320.718339983,2026-05-01 22:41:42,I,07,직권말소,2014-11-24 10:36:35,68000000,,2007-11-01,150-033,서울특별시 영등포구 영등포동*가 *번지 아자쇼핑몰 *층,2007318011723291436,3180000,"서울특별시 영등포구 영중로 ** (영등포동*가,아자쇼핑몰 *층)",,,04,취소/말소/만료/정지/중지,,,02-2166-6689
281567329664,(주)삼선로직스 여의도,,9475735000,194504.656267957,446355.021491973,2026-05-01 22:41:42,I,04,직권취소,2008-09-29 14:51:18,219715478808,2008-09-23,2007-11-01,150-010,서울특별시 영등포구 여의도동 **번지 *호 리버타워  주 삼선로직스  여의도점,2007318011723291437,3180000,"서울특별시 영등포구 **로 ** (여의도동,리버타워  주 삼선로직스  여의도점)",,,04,취소/말소/만료/정지/중지,,,02-782-1003
,베이비앤맘,,,190023.48828661,446044.579840782,2026-05-01 22:41:42,I,07,직권말소,2009-11-20 10:06:15,,,2007-11-06,150-958,서울특별시 영등포구 문래동*가 *번지 대륭빌딩 ****호,2007318011723291438,3180000,"서울특별시 영등포구 선유로 **, ****호 (문래동*가,대륭빌딩)",,,04,취소/말소/만료/정지/중지,,,02-2632-6077
,월드전자,,,,,2026-05-01 22:37:06,I,01,정상영업,2008-02-21 00:00:00,,,1996-01-01,,서울특별시 금천구 시흥동 ***-* *층 ****,2002317010523200106,3170000,,,,01,영업/정상,,,02-892-0520
,에이치레스컴,,,,,2026-05-01 22:37:06,I,07,직권말소,2012-09-17 10:20:46,,,1996-01-01,,서울특별시 금천구 시흥동 ***-** 명보B/D ***호 *****,2002317010523200111,3170000,,,,04,취소/말소/만료/정지/중지,,,02-803-4331
,(주)대양시스템,,,,,2026-05-01 22:37:06,I,07,직권말소,2012-09-17 11:56:25,,,1996-01-01,,서울특별시 금천구 가산동 ***-* 대륭테크노타운*차***호 ***,2002317010523200118,3170000,,,,04,취소/말소/만료/정지/중지,,,02-876-8778
,키토라이프,,,,,2026-05-01 22:37:06,I,01,정상영업,2008-02-21 00:00:00,,,1996-01-01,,서울특별시 금천구 시흥동 ***-**  *****,2002317010523200125,3170000,,,,01,영업/정상,,,02-895-8848
,에스케이이(주),,,,,2026-05-01 22:37:06,I,01,정상영업,2008-02-21 00:00:00,,,1996-01-01,,서울특별시 금천구 독산동 ****-* 해송B/D *층 *****,2002317010523200128,3170000,,,,01,영업/정상,,,02-847-0184
,엘리트영어,,,,,2026-05-01 22:37:07,I,07,직권말소,2012-09-18 11:09:57,,,1996-01-01,,서울특별시 금천구 독산동 ****-** *층 ******,2002317010523200134,3170000,,,,04,취소/말소/만료/정지/중지,,,02-855-3693
,한솔컨설팅,,,,,2026-05-01 22:37:07,I,07,직권말소,2012-09-17 11:00:55,,,1996-01-01,,서울특별시 금천구 시흥동 ***-**,2002317010523200140,3170000,,,,04,취소/말소/만료/정지/중지,,,02-893-3023
,청계인더스트리,,,,,2026-05-01 22:37:07,I,07,직권말소,2012-09-17 11:02:44,,,1996-01-01,,서울특별시 금천구 독산동 ****-*,2002317010523200142,3170000,,,,04,취소/말소/만료/정지/중지,,,02-892-4641
,골드이벤트,,,,,2026-05-01 22:37:07,I,01,정상영업,2008-02-21 00:00:00,,,1996-01-01,,서울특별시 금천구 시흥동 ***-**,2002317010523200145,3170000,,,,01,영업/정상,,,02-803-1881
,예원정보시스템,,,,,2026-05-01 22:37:07,I,01,정상영업,2008-02-21 00:00:00,,,1996-01-01,,서울특별시 금천구 독산동 ***-**,2002317010523200159,3170000,,,,01,영업/정상,,,02-803-1733
,카오,,,,,2026-05-01 22:37:08,I,01,정상영업,2008-02-21 00:00:00,,,1996-01-01,,서울특별시 금천구 시흥동 ***-* *층,2002317010523200162,3170000,,,,01,영업/정상,,,02-893-8715
,케이티-시스템,,,,,2026-05-01 22:37:08,I,01,정상영업,2008-02-21 00:00:00,,,1996-01-01,,서울특별시 금천구 가산동 **-** 월드메르디앙센타***호,2003317010523200009,3170000,,,,01,영업/정상,,,02-2113-8280
,성지광고,,,,,2026-05-01 22:37:09,I,01,정상영업,2008-02-21 00:00:00,,,1996-01-01,,서울특별시 금천구 독산동 ****-**,2003317010523200162,3170000,,,,01,영업/정상,,,02-804-4456
,아스트라,,,,,2026-05-01 22:37:09,I,07,직권말소,2012-09-18 10:55:51,,,1996-01-01,,서울특별시 금천구 독산동 ***-*,2003317010523200165,3170000,,,,04,취소/말소/만료/정지/중지,,,02-851-6815
,국제CS메디웨어,,,,,2026-05-01 22:37:09,I,07,직권말소,2012-09-18 10:12:30,,,1996-01-01,,서울특별시 금천구 독산동 ***-**,2003317010523200166,3170000,,,,04,취소/말소/만료/정지/중지,,,02-856-4162
,베스트교육,,,,,2026-05-01 22:37:09,I,07,직권말소,2012-09-18 09:57:24,,,1996-01-01,,서울특별시 금천구 독산동 ****-**,2003317010523200167,3170000,,,,04,취소/말소/만료/정지/중지,,,02-805-3347
,좋은이웃,,,,,2026-05-01 22:37:09,I,02,휴업처리,2008-02-21 00:00:00,,,1996-01-01,,서울특별시 금천구 시흥동 ***-** ***호,2003317010523200169,3170000,,,,02,휴업,,,02-809-1828
50000000,주식회사 애니홈스,,50000000,189467.124186925,441780.0053985,2026-05-01 22:37:53,I,01,정상영업,2020-05-21 08:51:45,0,,2013-08-29,,서울특별시 금천구 가산동 ***번지 **호 에이스하이엔드타워*차,2013317014223200031,3170000,"서울특별시 금천구 가산디지털*로 ***, 에이스하이엔드타워*차 *층 ***호 (가산동)",08506,,01,영업/정상,,,
,에듀스타,,,189055.138252216,441958.334400683,2026-05-01 22:37:53,I,07,직권말소,2018-05-03 11:06:43,,,2013-09-02,,,2013317014223200032,3170000,"서울특별시 금천구 서부샛길 *** (가산동, 대성디-폴리스지식산업센터**층에이****호)",,,04,취소/말소/만료/정지/중지,,,
,르네셀,,,191254.150994507,440372.783994665,2026-05-01 22:37:53,I,07,직권말소,2016-06-22 14:59:12,,,2013-09-23,,,2013317014223200033,3170000,"서울특별시 금천구 독산로 ***, ***호 (독산동, 세진아파트)",,,04,취소/말소/만료/정지/중지,,,
,쥬비코스,,,192554.656815107,438592.489127774,2026-05-01 22:37:53,I,07,직권말소,2016-06-22 15:01:57,,,2013-09-23,,,2013317014223200034,3170000,"서울특별시 금천구 금하로 ***, ***동 ****호 (시흥동, 벽산아파트)",,,04,취소/말소/만료/정지/중지,,,
50000000,(주)에프씨센추리,,50000000,189419.091886816,441207.655086501,2026-05-01 22:37:53,I,01,정상영업,2013-10-17 15:16:35,0,,2007-03-27,153-023,서울특별시 금천구 가산동 ***번지 **호,2013317014223200039,3170000,"서울특별시 금천구 가산디지털*로 **, ****호 (가산동, 한라시그마밸리)",,,01,영업/정상,,,
,영인소방,,,191226.287379467,437914.06299827,2026-05-01 22:37:53,I,07,직권말소,2017-05-11 11:08:09,,,2013-11-18,,,2013317014223200046,3170000,"서울특별시 금천구 시흥대로 **, **동 ***호 (시흥동, 시흥산업유통센타)",,,04,취소/말소/만료/정지/중지,,,
,뷰티퀸르네셀,,,191352.950271359,438307.022609784,2026-05-01 22:37:53,I,07,직권말소,2016-06-22 15:07:33,,,2013-11-19,,,2013317014223200047,3170000,"서울특별시 금천구 시흥대로 ***, ***호 (시흥동, 신라상가)",,,04,취소/말소/만료/정지/중지,,,
50000000,주식회사 한소리,,50000000,189722.178532426,441920.972770099,2026-05-01 22:37:53,I,07,직권말소,2017-05-11 11:07:35,0,,2013-12-18,,,2013317014223200051,3170000,"서울특별시 금천구 벚꽃로 ***, ****호 (가산동, SJ테크노빌)",,,04,취소/말소/만료/정지/중지,,,64026602
200382938,에코젠텍 주식회사,,10000000,189055.138252216,441958.334400683,2026-05-01 22:37:53,I,07,직권말소,2016-06-22 15:08:54,83830229,,2014-01-02,,,2014317014223200001,3170000,"서울특별시 금천구 서부샛길 ***, A동 ****호 (가산동, 대성디폴리스)",,,04,취소/말소/만료/정지/중지,,,
10000000,주식회사 중앙난방시설관리,,10000000,191497.590452952,437562.242368734,2026-05-01 22:37:53,I,07,직권말소,2023-11-14 14:21:34,20000000,,2014-01-03,,,2014317014223200002,3170000,서울특별시 금천구 시흥대로**길 ** (시흥동),,,04,취소/말소/만료/정지/중지,,,1588-2446
,휴가,,,190990.129736566,440118.873756109,2026-05-01 22:37:53,I,07,직권말소,2017-05-11 11:07:02,,,2014-01-08,,,2014317014223200003,3170000,"서울특별시 금천구 시흥대로**길 **, ***동 ***호 (독산동, 우성피렌체)",,,04,취소/말소/만료/정지/중지,,,
,예스염색체험방,,,191582.307870184,439241.987149312,2026-05-01 22:37:54,I,07,직권말소,2016-06-22 15:09:26,,,2014-01-20,153-031,서울특별시 금천구 시흥동 ***번지 **호,2014317014223200006,3170000,"서울특별시 금천구 독산로 **, *층 (시흥동)",,,04,취소/말소/만료/정지/중지,,,
0,사이버영업센타(주),,0,189369.53962474,441629.361414684,2026-05-01 22:37:54,I,07,직권말소,2021-11-16 20:42:50,0,,2007-06-15,153-768,서울특별시 금천구 가산동 ***번지 *호 롯데아이티캐슬 *동 ****호,2014317014223200009,3170000,서울특별시 금천구 가산디지털*로 ** (가산동),,,04,취소/말소/만료/정지/중지,,,02-2082-6500
,갈보리상사,,,190050.903572929,440523.497478209,2026-05-01 22:37:54,I,07,직권말소,2021-11-16 20:42:21,,,2014-03-12,153-776,서울특별시 금천구 가산동 ***번지,2014317014223200010,3170000,"서울특별시 금천구 가산디지털*로 *, ***호 (가산동, 우림라이온스밸리*차)",,,04,취소/말소/만료/정지/중지,,,02-897-0345
,Happy Life,,,190352.36451174,441545.208758244,2026-05-01 22:37:54,I,07,직권말소,2016-06-22 15:15:56,,,2012-07-30,153-754,서울특별시 금천구 가산동 ***번지,2014317014223200012,3170000,"서울특별시 금천구 가산로 **, **호 (가산동, 두산아파트상가지하)",,,04,취소/말소/만료/정지/중지,,,
,A-Living,,,190918.235874415,440552.314621008,2026-05-01 22:37:54,I,07,직권말소,2018-05-03 11:06:03,,,2013-08-26,153-821,서울특별시 금천구 독산동 ****번지 *호,2014317014223200014,3170000,서울특별시 금천구 시흥대로 *** (독산동),,,04,취소/말소/만료/정지/중지,,,
368961743,주식회사 태인,,100000000,189434.721897968,441862.707622957,2026-05-01 22:37:54,I,07,직권말소,2021-11-16 20:42:07,210482509,,2014-06-03,153-803,서울특별시 금천구 가산동 ***번지 **호,2014317014223200015,3170000,"서울특별시 금천구 가산디지털*로 ***, ****호 (가산동, 이노플렉스*차)",,,04,취소/말소/만료/정지/중지,,,02-593-0990
110000000,(주)빅맨,,20000000,189685.715834343,442026.454121483,2026-05-01 22:37:54,I,01,정상영업,2014-06-13 10:25:18,0,,2014-06-12,153-023,서울특별시 금천구 가산동 **번지 **호,2014317014223200017,3170000,"서울특별시 금천구 벚꽃로 ***, ****,****호 (가산동, 리더스타워)",,,01,영업/정상,,,
,더굿플레져,,,190858.649482406,440808.541334678,2026-05-01 22:37:54,I,07,직권말소,2016-06-22 15:16:26,,,2014-06-27,153-011,서울특별시 금천구 독산동 ***번지 *호,2014317014223200021,3170000,"서울특별시 금천구 시흥대로 ***, ***호 (독산동, 시티렉스)",,,04,취소/말소/만료/정지/중지,,,1899-3735
,로하스원코리아,,,190352.36451174,441545.208758244,2026-05-01 22:37:55,I,07,직권말소,2016-06-22 15:17:20,,,2014-05-16,153-023,서울특별시 금천구 가산동 ***번지,2014317014223200025,3170000,"서울특별시 금천구 가산로 ** (가산동, 두산상가지하**호)",,,04,취소/말소/만료/정지/중지,,,
20000000,주식회사 디티즌글로벌,,20000000,189467.124186925,441780.0053985,2026-05-01 22:37:55,I,07,직권말소,2016-06-22 15:19:43,0,,2014-07-18,153-023,서울특별시 금천구 가산동 ***번지 **호,2014317014223200028,3170000,"서울특별시 금천구 가산디지털*로 ***, ***호 (가산동, 에이스하이엔드타워*차)",,,04,취소/말소/만료/정지/중지,,,070-8277-4095
0,(주)케이에스캅,,0,189685.715834343,442026.454121483,2026-05-01 22:37:55,I,07,직권말소,2017-05-11 11:04:17,0,,2014-07-28,153-023,서울특별시 금천구 가산동 **번지 **호,2014317014223200029,3170000,"서울특별시 금천구 벚꽃로 ***, ***호 (가산동, 삼성리더스타워)",,,04,취소/말소/만료/정지/중지,,,1661-7826
248421944,주식회사 윈윈,,129670588,189262.863257737,442093.310518456,2026-05-01 22:38:13,I,01,정상영업,2025-03-14 10:05:02,118751356,,2025-03-14,,서울특별시 금천구 가산동 ***-**,2025317025723200006,3170000,"서울특별시 금천구 가산디지털*로 ***, ***-***호 (가산동)",08503,,01,영업/정상,,,
173264598,주식회사 케이알케이트레이드,,10000000,189262.863257737,442093.310518456,2026-05-01 22:38:13,I,01,정상영업,2025-03-14 16:56:41,0,,2024-01-24,,서울특별시 금천구 가산동 ***-**,2025317025723200007,3170000,"서울특별시 금천구 가산디지털*로 ***, ***-***호 (가산동)",08503,,01,영업/정상,,,02-6264-9946
,스페셜파트너스,,,189930.50790426,441616.460710064,2026-05-01 22:38:13,I,01,정상영업,2025-03-20 09:40:38,,,2025-03-20,,서울특별시 금천구 가산동 **-**,2025317025723200008,3170000,"서울특별시 금천구 디지털로 ***, A동 *층 ***호 (가산동)",08513,,01,영업/정상,,,
100000000,주식회사 오픈지비,,100000000,189161.545672175,441988.711766202,2026-05-01 22:38:13,I,01,정상영업,2025-04-02 10:41:17,0,,2025-04-02,,서울특별시 금천구 가산동 ***-* 가산 어반워크I,2025317025723200009,3170000,"서울특별시 금천구 가산디지털*로 ***, 가산 어반워크I ***호 (가산동)",08504,,01,영업/정상,,,02-6334-8227
3000000,주식회사 사위세구로,,3000000,189790.323886715,442017.86745811,2026-05-01 22:38:13,I,01,정상영업,2025-04-08 10:15:57,0,,2025-04-08,,서울특별시 금천구 가산동 **-** 백상스타타워*차,2025317025723200010,3170000,"서울특별시 금천구 디지털로*길 **, 백상스타타워*차 *동 **층 ****-가**호 (가산동)",08511,,01,영업/정상,,,
850000000,주식회사 펫요람무사위세,,850000000,189790.323886715,442017.86745811,2026-05-01 22:38:13,I,01,정상영업,2025-04-09 14:18:35,0,,2025-04-09,,서울특별시 금천구 가산동 **-** 백상스타타워*차,2025317025723200011,3170000,"서울특별시 금천구 디지털로*길 **, 백상스타타워*차 *동 **층 ****-마**호 (가산동)",08511,,01,영업/정상,,,
,유픽,,,189260.572475355,442318.581783677,2026-05-01 22:38:13,I,01,정상영업,2026-03-17 09:42:06,,,2025-04-14,,서울특별시 금천구 가산동 ***-*,2025317025723200012,3170000,"서울특별시 금천구 가산디지털*로 ***-**, ****호 (가산동)",08503,,01,영업/정상,,,1544-0805
95772650,주식회사 엠엔네트웍스,,50000000,189282.557380259,442417.955057116,2026-05-01 22:38:14,I,01,정상영업,2026-03-05 09:51:13,8021440,,2025-04-22,,서울특별시 금천구 가산동 ***-* 케이씨씨 웰츠밸리,2025317025723200013,3170000,"서울특별시 금천구 가산디지털*로 ***, 케이씨씨 웰츠밸리 ***호 (가산동)",08501,,01,영업/정상,,,02-867-7223
5000000,주식회사 하나에너지,,5000000,189055.138252216,441958.334400683,2026-05-01 22:38:14,I,01,정상영업,2025-04-30 10:36:09,0,,2025-04-30,,서울특별시 금천구 가산동 ***-* 대성디폴리스지식산업센터,2025317025723200014,3170000,"서울특별시 금천구 서부샛길 ***, 대성디폴리스지식산업센터 비동 비***호 (가산동)",08504,,01,영업/정상,,,
54712775,주식회사 세바시플랫폼,,10000000,189538.020935968,441982.427934953,2026-05-01 22:38:14,I,01,정상영업,2025-05-15 14:01:14,29473228,,2025-05-15,,서울특별시 금천구 가산동 ***-** 우림라이온스밸리,2025317025723200015,3170000,"서울특별시 금천구 가산디지털*로 ***, 우림라이온스밸리 C동 ****호 (가산동)",08507,,01,영업/정상,,,
,렌타리오,,,189767.416750179,442063.859932184,2026-05-01 22:38:14,I,01,정상영업,2025-05-21 18:10:36,,,2025-05-21,,서울특별시 금천구 가산동 **-** 가산 KS TOWER,2025317025723200016,3170000,"서울특별시 금천구 벚꽃로**길 **, 가산 KS TOWER **층 ****호 (가산동)",08511,,01,영업/정상,,,
,유니온,,,189282.642165078,441654.484590816,2026-05-01 22:38:14,I,01,정상영업,2025-08-28 09:39:11,,,2025-08-28,,서울특별시 금천구 가산동 ***-*,2025317025723200018,3170000,"서울특별시 금천구 가산디지털*로 ***, 비동 ****-*호 (가산동)",08505,,01,영업/정상,,,
6027023144,(주)나드리가자,,1800000000,189378.332493727,442066.99866487,2026-05-01 22:38:14,I,01,정상영업,2025-09-02 09:08:57,7591473800,,2025-09-02,,서울특별시 금천구 가산동 ***-** 가산 SK V* center,2025317025723200019,3170000,"서울특별시 금천구 가산디지털*로 ***, 가산 SK V* center *층 **호 (가산동)",08503,,01,영업/정상,,,02-1833-6167
,까끌레 판매,,,190932.076039993,439328.50476394,2026-05-01 22:38:14,I,01,정상영업,2025-09-29 08:39:59,,,2025-09-29,,서울특별시 금천구 시흥동 ***-* 무지개아파트,2025317025723200020,3170000,"서울특별시 금천구 시흥대로**길 **, *동 ***호 (시흥동, 무지개아파트)",08613,,01,영업/정상,,,
2556949866,주식회사 패스트링크,,100000000,189790.323886715,442017.86745811,2026-05-01 22:38:14,I,01,정상영업,2025-10-17 09:21:09,2225634304,,2025-10-17,,서울특별시 금천구 가산동 **-** 백상스타타워*차,2025317025723200021,3170000,"서울특별시 금천구 디지털로*길 **, 백상스타타워*차 ***호 (가산동)",08511,,01,영업/정상,,,02-6333-6712
39271032049,주식회사 스마트삼육,,300000000,189877.178943503,442093.648596802,2026-05-01 22:38:14,I,01,정상영업,2025-11-12 15:32:05,24924651814,,2025-11-12,,서울특별시 금천구 가산동 **-* 대륭포스트타워 *차,2025317025723200022,3170000,"서울특별시 금천구 디지털로*길 **, 대륭포스트타워 *차 ***호 ***호 (가산동)",08512,,01,영업/정상,,,070-7734-2300
29784243,주식회사 욜디락스,,10000000,190494.146925336,440366.546881807,2026-05-01 22:38:14,I,01,정상영업,2025-11-12 18:13:49,10821085,,2025-11-12,,서울특별시 금천구 독산동 ****-**,2025317025723200023,3170000,"서울특별시 금천구 범안로**가길 **, *층 (독산동)",08602,,01,영업/정상,,,02-855-5085
93604030,주식회사 중정그룹,,28000000,189202.181652324,442562.722742062,2026-05-01 22:38:14,I,01,정상영업,2025-11-12 18:14:50,64304030,,2025-11-12,,서울특별시 금천구 가산동 ***-* 에이스 가산 포휴,2025317025723200024,3170000,"서울특별시 금천구 가산디지털*로 ***, 에이스 가산 포휴 ***,***호 (가산동)",08501,,01,영업/정상,,,
,유어픽스(your picks),,,189055.138252216,441958.334400683,2026-05-01 22:38:14,I,01,정상영업,2025-11-17 15:32:08,,,2025-11-17,,서울특별시 금천구 가산동 ***-* 대성디폴리스지식산업센터,2025317025723200025,3170000,"서울특별시 금천구 서부샛길 ***, 대성디폴리스지식산업센터 B동 ****,****(**호실)호 (가산동)",08504,,01,영업/정상,,,1577-9176
,섬마을,,,,,2026-05-01 22:37:09,I,01,정상영업,2008-02-21 00:00:00,,,1996-01-01,,서울특별시 금천구 독산동 ***-* 신도아파트 상가***호,2003317010523200171,3170000,,,,01,영업/정상,,,02-857-4072
,생그린시흥역전지사,,,,,2026-05-01 22:37:10,I,01,정상영업,2008-02-21 00:00:00,,,1996-01-01,,서울특별시 금천구 시흥동 ***-*,2003317010523200177,3170000,,,,01,영업/정상,,,02-809-4516
,다우,,,,,2026-05-01 22:37:10,I,07,직권말소,2017-05-11 11:11:00,,,1996-01-01,,서울특별시 금천구 시흥동 ***-* *층,2003317010523200180,3170000,,,,04,취소/말소/만료/정지/중지,,,02-808-5160
,홍삼코리아,,,,,2026-05-01 22:37:10,I,07,직권말소,2016-06-21 14:35:34,,,1996-01-01,,서울특별시 금천구 독산동 ***-* 삼희빌딩 ***,2003317010523200182,3170000,,,,04,취소/말소/만료/정지/중지,,,02-861-2185
,하나기획,,,,,2026-05-01 22:37:10,I,01,정상영업,2008-02-21 00:00:00,,,1996-01-01,,서울특별시 금천구 독산동 ****-*,2003317010523200183,3170000,,,,01,영업/정상,,,02-805-2120
,실버그린,,,,,2026-05-01 22:37:10,I,07,직권말소,2012-09-17 10:57:05,,,1996-01-01,,서울특별시 금천구 독산동 ****-* 여포빌딩 ***호,2003317010523200184,3170000,,,,04,취소/말소/만료/정지/중지,,,02-808-6010
,(주)노와이어,,,,,2026-05-01 22:37:10,I,07,직권말소,2021-11-16 20:47:20,,,1996-01-01,,서울특별시 금천구 시흥동 ***-* *층,2003317010523200185,3170000,,,,04,취소/말소/만료/정지/중지,,,02-895-6255
,(주)태평양뷰티플러스,,,,,2026-05-01 22:37:10,I,07,직권말소,2012-09-17 12:41:48,,,1996-01-01,,서울특별시 금천구 독산동 ***-* 대동아파트형공장 B*-*,2003317010523200191,3170000,,,,04,취소/말소/만료/정지/중지,,,02-809-2012
,신성원,,,,,2026-05-01 22:37:10,I,01,정상영업,2008-02-21 00:00:00,,,1996-01-01,,서울특별시 금천구 시흥동 ***-**,2003317010523200192,3170000,,,,01,영업/정상,,,02-805-6425
,렉스클럽,,,,,2026-05-01 22:37:10,I,07,직권말소,2012-09-18 10:06:02,,,1996-01-01,,서울특별시 금천구 독산동 ****-* ***,2003317010523200193,3170000,,,,04,취소/말소/만료/정지/중지,,,02-898-8401
,보령,,,,,2026-05-01 22:37:11,I,01,정상영업,2008-02-21 00:00:00,,,1996-01-01,,서울특별시 금천구 독산동 ****-**,2004317010523200009,3170000,,,,01,영업/정상,,,02-795-7058
,보령,,,,,2026-05-01 22:37:11,I,01,정상영업,2008-02-21 00:00:00,,,1996-01-01,,서울특별시 금천구 독산동 ****-**,2004317010523200173,3170000,,,,01,영업/정상,,,02-805-7058
,(주)글니홈알앤디,,,,,2026-05-01 22:37:11,I,07,직권말소,2012-09-18 10:07:35,,,1996-01-01,,서울특별시 금천구 가산동 ***-** 디지털밸리*차***,2004317010523200238,3170000,,,,04,취소/말소/만료/정지/중지,,,02-2113-0440
,(주)글로벌디지탈미디어,,,,,2026-05-01 22:37:12,I,07,직권말소,2012-09-17 09:45:17,,,1996-01-01,,서울특별시 금천구 가산동 ***-* 대륭테크노*차***호,2004317010523200252,3170000,,,,04,취소/말소/만료/정지/중지,,,02-2107-7620
,(주)브이텔레콤,,,,,2026-05-01 22:37:12,I,07,직권말소,2012-09-17 10:27:02,,,1996-01-01,,서울특별시 금천구 가산동 **-* 코오롱테크노밸리***호,2004317010523200253,3170000,,,,04,취소/말소/만료/정지/중지,,,02-2109-2800
,(주)비즈앤쎄일즈,,,,,2026-05-01 22:37:12,I,01,정상영업,2008-02-21 00:00:00,,,1996-01-01,,서울특별시 금천구 가산동 ***-**,2004317010523200254,3170000,,,,01,영업/정상,,,02-866-1548
,삼성바이오제약(SSBIO PHARM),,,189055.138252216,441958.334400683,2026-05-01 22:37:56,I,07,직권말소,2016-06-22 15:24:32,,,2015-01-22,153-023,서울특별시 금천구 가산동 ***번지 *호,2015317017423200005,3170000,"서울특별시 금천구 서부샛길 ***, ***호 (가산동, 대성디폴리스)",,,04,취소/말소/만료/정지/중지,,,
121250000,필레오월드 주식회사,,7000000,190694.880295092,440764.426277932,2026-05-01 22:37:55,I,07,직권말소,2016-06-22 15:21:43,114250000,,2014-08-13,153-011,서울특별시 금천구 독산동 ***번지 *호,2014317014223200032,3170000,"서울특별시 금천구 두산로 **, ***,***,***호 (독산동, 현대지식산업센터)",,,04,취소/말소/만료/정지/중지,,,
,한빛정보통신,,,189748.024164036,442174.424111843,2026-05-01 22:37:55,I,07,직권말소,2016-06-22 15:23:00,,,2014-09-02,153-023,서울특별시 금천구 가산동 **번지 **호,2014317014223200035,3170000,"서울특별시 금천구 디지털로*길 **, ****호 (가산동, 스타밸리)",,,04,취소/말소/만료/정지/중지,,,070-4006-4613
27193673918,라파바이오 주식회사,,233340000,189452.382474246,442205.867457803,2026-05-01 22:37:55,I,07,직권말소,2017-05-11 11:03:43,24649341824,,2014-01-08,153-023,서울특별시 금천구 가산동 ***번지 **호,2014317014223200036,3170000,"서울특별시 금천구 가산디지털*로 ***, *층 ***호 (가산동, 제이플라츠)",,,04,취소/말소/만료/정지/중지,,,02-3408-1370
0,옥성정보통신(주),,0,189228.282678816,441767.908595592,2026-05-01 22:37:55,I,01,정상영업,2014-10-30 16:56:46,0,,2014-10-30,153-023,서울특별시 금천구 가산동 ***번지,2014317014223200037,3170000,"서울특별시 금천구 가산디지털*로 ***, ***호 (가산동, 대륭테크노타운*차)",,,01,영업/정상,,,21073114
500000000,이즈커뮤니케이션 주식회사,,500000000,189055.138252216,441958.334400683,2026-05-01 22:37:55,I,07,직권말소,2018-05-03 11:05:15,0,,2014-11-03,153-023,서울특별시 금천구 가산동 ***번지 *호,2014317014223200039,3170000,"서울특별시 금천구 서부샛길 *** (가산동, 대성디폴리스***-*호)",,,04,취소/말소/만료/정지/중지,,,1566-4256
10000000,주식회사 유정그룹,,10000000,189943.529964101,440455.075991442,2026-05-01 22:37:55,I,07,직권말소,2021-11-16 20:41:45,0,,2014-11-06,153-023,서울특별시 금천구 가산동 ***번지 *호,2014317014223200040,3170000,"서울특별시 금천구 가산디지털*로 *, ****호 (가산동, 더루벤스밸리)",,,04,취소/말소/만료/정지/중지,,,60804161
50000000,그린파머 주식회사,,50000000,189943.529964101,440455.075991442,2026-05-01 22:37:55,I,01,정상영업,2014-11-14 13:05:28,0,,2014-11-14,153-023,서울특별시 금천구 가산동 ***번지 *호,2014317014223200041,3170000,"서울특별시 금천구 가산디지털*로 *, ***호 (가산동, 더루벤스밸리)",,,01,영업/정상,,,69545010
211018205,(주)뉴코사이언스,,170646560,189788.849463856,441731.610478567,2026-05-01 22:37:55,I,07,직권말소,2021-11-16 20:41:14,40371645,,2014-11-18,153-023,서울특별시 금천구 가산동 **번지 **호,2014317014223200042,3170000,"서울특별시 금천구 벚꽃로 ***, ***호 (가산동, 월드메르디앙*차)",,,04,취소/말소/만료/정지/중지,,,
,현대헬스케어,,,191191.868732053,439144.877856068,2026-05-01 22:37:55,I,07,직권말소,2016-06-22 15:23:32,,,2014-11-19,153-031,서울특별시 금천구 시흥동 ***번지 *호,2014317014223200044,3170000,"서울특별시 금천구 시흥대로 *** (시흥동, 서평빌딩지하)",,,04,취소/말소/만료/정지/중지,,,
302345944,(주)인포스월드,,191081053,189863.598209033,441870.90420315,2026-05-01 22:37:55,I,01,정상영업,2014-11-26 16:30:40,111264891,,2010-07-19,153-023,서울특별시 금천구 가산동 **번지 **호 ****호,2014317014223200045,3170000,"서울특별시 금천구 디지털로*길 **, ***호 (가산동, 아이티미래타워)",,,01,영업/정상,,,02-2677-1664
100000000,월드프라임,,50000000,189834.383375802,441938.326056501,2026-05-01 22:37:55,I,07,직권말소,2021-11-16 20:41:00,20000000,,2014-11-28,,서울특별시 금천구 가산동 **번지 **호,2014317014223200046,3170000,"서울특별시 금천구 디지털로*길 **, *층 ***호 (가산동, 한신IT TOWERⅡ)",08511,,04,취소/말소/만료/정지/중지,,,02-2025-6371
181750567,(주)에이치앤피네트웍스(H&P NetworKs),,50000000,191409.952030261,437309.415606022,2026-05-01 22:37:55,I,07,직권말소,2018-05-03 11:04:25,85271759,,2014-12-03,153-031,서울특별시 금천구 시흥동 ***번지 *호,2014317014223200047,3170000,"서울특별시 금천구 시흥대로 **, **동 ***호 (시흥동, 철재상가)",,,04,취소/말소/만료/정지/중지,,,
100000000,주식회사 지아이그룹,,100000000,190694.880295092,440764.426277932,2026-05-01 22:37:55,I,07,직권말소,2021-11-16 20:40:45,0,,2014-12-09,153-011,서울특별시 금천구 독산동 ***번지 *호,2014317014223200048,3170000,"서울특별시 금천구 두산로 ** (독산동, 현대지식산업센터B-***호)",,,04,취소/말소/만료/정지/중지,,,1800-9582
,케이에이치 네트웍,,,190984.605978427,439543.775751174,2026-05-01 22:37:55,I,07,직권말소,2016-06-22 15:24:01,,,2014-12-11,153-031,서울특별시 금천구 시흥동 ***번지 *호,2014317014223200049,3170000,"서울특별시 금천구 시흥대로 ***, *층 ***호 (시흥동)",,,04,취소/말소/만료/정지/중지,,,1661-4205
1247087824,(주)필레오,,1228337888,190694.880295092,440764.426277932,2026-05-01 22:37:55,I,07,직권말소,2018-05-03 11:03:19,18349936,,2014-12-15,153-011,서울특별시 금천구 독산동 ***번지 *호,2014317014223200050,3170000,"서울특별시 금천구 두산로 **, B동 ***호 (독산동, 현대지식산업센타)",,,04,취소/말소/만료/정지/중지,,,63408093
473029499,(주)유비프라임,,50000000,189829.504142672,441618.071646624,2026-05-01 22:37:55,I,07,직권말소,2023-11-14 14:21:19,239110248,,2015-01-02,153-788,서울특별시 금천구 가산동 **번지 **호,2015317017423200001,3170000,"서울특별시 금천구 벚꽃로 ***, ***호 (가산동)",,,04,취소/말소/만료/정지/중지,,,070-8290-1100
,힐링에너지,,,189538.020935968,441982.427934953,2026-05-01 22:37:55,I,07,직권말소,2018-05-03 11:02:33,,,2014-11-05,153-023,서울특별시 금천구 가산동 ***번지 **호,2015317017423200003,3170000,"서울특별시 금천구 가산디지털*로 ***, B동 ***호 (가산동, 우림라이온스밸리)",,,04,취소/말소/만료/정지/중지,,,1644-3689
,성진네트워크,,,,,2026-05-01 22:41:29,I,04,직권취소,2008-02-21 00:00:00,,2007-10-22,1998-06-25,,서울특별시 영등포구 대림동***-**,1998318011723200243,3180000,,,,04,취소/말소/만료/정지/중지,,,02-836-4900
935026042,주식회사 더케이에프컴퍼니,,990000000,189134.630001409,442064.202679578,2026-05-01 22:38:14,I,01,정상영업,2025-12-05 09:35:42,20075670,,2025-12-05,,서울특별시 금천구 가산동 ***-* 가산 어반워크II,2025317025723200026,3170000,"서울특별시 금천구 가산디지털*로 ***, 가산 어반워크II **층 ****호 (가산동)",08504,,01,영업/정상,,,
,현대가산G밸리판매대리점,,,190182.08312142,441619.084699584,2026-05-01 22:38:14,I,01,정상영업,2025-12-10 09:39:23,,,2025-12-10,,서울특별시 금천구 가산동 **-*,2025317025723200027,3170000,"서울특별시 금천구 디지털로**길 **, 가산아스크타워 ***~***, ****~****호 (가산동)",08514,,01,영업/정상,,,
2119707959,㈜뷰젬생명공학,,60000000,189228.282678816,441767.908595592,2026-05-01 22:38:14,I,01,정상영업,2025-12-12 17:06:55,2109887358,,2025-12-12,,서울특별시 금천구 가산동 *** 대륭테크노타운*차,2025317025723200028,3170000,"서울특별시 금천구 가산디지털*로 ***, 대륭테크노타운*차 ***호 (가산동)",08505,,01,영업/정상,,,1588-7543
992887620,㈜마이아,,500000000,189943.546219232,441990.817436962,2026-05-01 22:38:14,I,01,정상영업,2026-01-06 16:39:43,901073148,,2026-01-06,,서울특별시 금천구 가산동 **-** 이앤씨드림타워*차,2026317025723200001,3170000,"서울특별시 금천구 디지털로*길 **, 이앤씨드림타워*차 ***호 (가산동)",08512,,01,영업/정상,,,02-6925-2015
50000000,(주)한국생활건강그룹,,50000000,190099.41176063,440416.170972838,2026-05-01 22:38:14,I,01,정상영업,2026-01-12 09:33:13,0,,2010-05-17,,서울특별시 금천구 가산동 *** 하우스디 더 스카이밸리 가산*차,2026317025723200002,3170000,"서울특별시 금천구 범안로 ****, 하우스디 더 스카이밸리 가산*차 **층 ****호 (가산동)",08595,,01,영업/정상,,,02-851-7177
,스마일,,,189778.774504778,441302.111937219,2026-05-01 22:38:14,I,01,정상영업,2026-01-19 15:18:34,,,2026-01-19,,서울특별시 금천구 가산동 ***-** IT프리미어타워,2026317025723200003,3170000,"서울특별시 금천구 가산디지털*로 **, IT프리미어타워 **층 ****-*호 (가산동)",08590,,01,영업/정상,,,
,라베스코리아,,,189538.020935968,441982.427934953,2026-05-01 22:38:14,I,01,정상영업,2026-01-27 14:38:23,,,2026-01-27,,서울특별시 금천구 가산동 ***-** 우림라이온스밸리,2026317025723200004,3170000,"서울특별시 금천구 가산디지털*로 ***, 우림라이온스밸리 A동 **층 ****호 (가산동)",08507,,01,영업/정상,,,
,에이치에스컴퍼니,,,191771.557740071,438493.877914606,2026-05-01 22:38:14,I,01,정상영업,2026-01-30 15:17:26,,,2026-01-30,,서울특별시 금천구 시흥동 ***-**,2026317025723200005,3170000,"서울특별시 금천구 독산로*나길 **-*, ***호 (시흥동)",08648,,01,영업/정상,,,
20319826155,㈜솔라플레이(서울지점),,650000000,189722.178532426,441920.972770099,2026-05-01 22:38:14,I,01,정상영업,2026-02-03 10:04:19,10718400178,,2026-02-03,,서울특별시 금천구 가산동 **-** SJ테크노빌,2026317025723200006,3170000,"서울특별시 금천구 벚꽃로 ***, SJ테크노빌 ****호, ****호 (가산동)",08511,,01,영업/정상,,,02-6925-2459
,한일상사,,,,,2026-05-01 22:41:29,I,04,직권취소,2008-02-21 00:00:00,,2007-10-22,1996-10-25,,서울특별시 영등포구 대림동****-* **,1996318011723200045,3180000,,,,04,취소/말소/만료/정지/중지,,,02-833-6801
,한성물산,,,,,2026-05-01 22:41:29,I,04,직권취소,2008-02-21 00:00:00,,2007-10-22,1996-11-08,,서울특별시 영등포구 대림동***-*,1996318011723200077,3180000,,,,04,취소/말소/만료/정지/중지,,,02-843-5571
,(주)생그린영등포지사,,,190526.232657006,446521.252660024,2026-05-01 22:41:29,I,01,정상영업,2021-02-22 10:26:04,,,1996-11-11,,서울특별시 영등포구 당산동*가 **-* 문래역 대우미래사랑*차,1996318011723200082,3180000,"서울특별시 영등포구 영등포로 ***, 문래역 대우미래사랑*차 ***동 ***호 (당산동*가)",07291,,01,영업/정상,,,
1,영신대우자동차판매(주),,1,,,2026-05-01 22:41:29,I,07,직권말소,2012-08-23 22:18:21,1,,1996-11-13,,서울특별시 영등포구 신길동***-*,1996318011723200087,3180000,,,,04,취소/말소/만료/정지/중지,,,02-834-6666
,남구대우자동차판매주,,,,,2026-05-01 22:41:29,I,04,직권취소,2008-02-21 00:00:00,,2007-10-22,1996-11-13,,서울특별시 영등포구 당산동*가**-*,1996318011723200091,3180000,,,,04,취소/말소/만료/정지/중지,,,02-675-1461
,튼튼교육,,,,,2026-05-01 22:41:29,I,01,정상영업,2009-03-25 13:20:11,,,1998-02-10,,서울특별시 영등포구 대림동***-*,1998318011723200197,3180000,,,,01,영업/정상,,,02-834-1222
,B. R. 네츄럴,,,191170.832104418,443670.833802041,2026-05-01 22:41:29,I,01,정상영업,2020-07-23 12:29:36,,,1998-02-16,,서울특별시 영등포구 대림동 ***-*** 남영빌딩,1998318011723200200,3180000,"서울특별시 영등포구 도림로 ***, 남영빌딩 *층 ***호 (대림동)",07422,,01,영업/정상,,,02-844-3318
1,(주)금남유통,,1,,,2026-05-01 22:41:29,I,07,직권말소,2012-09-07 22:57:19,1,,1998-02-21,,서울특별시 영등포구 당산동***-**,1998318011723200202,3180000,,,,04,취소/말소/만료/정지/중지,,,02-2636-8187
,아모레화장품,,,,,2026-05-01 22:41:29,I,04,직권취소,2008-02-21 00:00:00,,2007-10-22,1998-03-17,,서울특별시 영등포구 당산동*가**-*,1998318011723200208,3180000,,,,04,취소/말소/만료/정지/중지,,,02-2636-6265
0,(주)다산컴퓨터교육,,0,,,2026-05-01 22:41:29,I,04,직권취소,2008-02-21 00:00:00,0,2007-10-22,1998-03-31,,서울특별시 영등포구 당산동*가**-*,1998318011723200214,3180000,,,,04,취소/말소/만료/정지/중지,,,02-2632-8188
,글로발교육문화원,,,,,2026-05-01 22:41:29,I,07,직권말소,2013-03-25 20:30:03,,,1998-03-31,,서울특별시 영등포구 영등포동*가**-*,1998318011723200215,3180000,,,,04,취소/말소/만료/정지/중지,,,02-2635-6969
,삼덕상사,,,,,2026-05-01 22:41:29,I,01,정상영업,2020-11-11 11:03:10,,,1998-05-23,,서울특별시 영등포구 대림동***-* 금성빌딩 지하,1998318011723200232,3180000,,,,01,영업/정상,,,02-833-1243
,신선,,,,,2026-05-01 22:41:29,I,04,직권취소,2008-02-21 00:00:00,,2007-10-22,1998-06-11,,서울특별시 영등포구 신길동***-** 대웅빌딩***,1998318011723200237,3180000,,,,04,취소/말소/만료/정지/중지,,,02-846-1966
,(주)케이티엘에이스,,,,,2026-05-01 22:37:13,I,07,직권말소,2012-09-17 12:29:28,,,1996-01-01,,서울특별시 금천구 가산동 ***-**,2005317010523200098,3170000,,,,04,취소/말소/만료/정지/중지,,,02-866-9872
,기아 동산대리점,,,191530.980221152,439791.587055248,2026-05-01 22:37:13,I,01,정상영업,2021-04-27 14:35:00,,,1996-01-01,153-030,서울특별시 금천구 시흥동 ***번지 **호,2005317010523200136,3170000,서울특별시 금천구 독산로 *** (시흥동),,,01,영업/정상,,,02-894-9010
,기아 가산대리점,,,190108.822479842,441860.748808831,2026-05-01 22:37:13,I,01,정상영업,2021-04-14 14:03:59,,,1996-01-01,,서울특별시 금천구 가산동,2005317010523200145,3170000,서울특별시 금천구 디지털로 *** (가산동),08512,,01,영업/정상,,,02-830-7070
,이롬금천시흥지점,,,,,2026-05-01 22:37:13,I,07,직권말소,2021-11-16 20:47:03,,,1996-01-01,,서울특별시 금천구 시흥동 ***-* 시흥빌딩***호,2005317010523200181,3170000,,,,04,취소/말소/만료/정지/중지,,,02-809-4430
,KT플러스,,,,,2026-05-01 22:37:13,I,01,정상영업,2008-02-21 00:00:00,,,1996-01-01,,서울특별시 금천구 독산동 ****-* KT신금천지점*층,2005317010523200276,3170000,,,,01,영업/정상,,,02-898-7111
,(주)디지털지엔지,,,,,2026-05-01 22:37:13,I,01,정상영업,2008-02-21 00:00:00,,,1996-01-01,,서울특별시 금천구 가산동 ***-** 벽산디지털밸리*차비동,2005317010523200278,3170000,,,,01,영업/정상,,,02-3477-5352
,(주)렌탈피씨코리아,,,,,2026-05-01 22:37:13,I,07,직권말소,2012-09-19 20:42:56,,,1996-01-01,,서울특별시 금천구 가산동 **-** 워르메르디앙****호,2005317010523200282,3170000,,,,04,취소/말소/만료/정지/중지,,,02-852-8018
,(주)렌탈피씨코리아,,,,,2026-05-01 22:37:13,I,07,직권말소,2012-09-19 20:42:08,,,1996-01-01,,서울특별시 금천구 가산동 **-** 월드메르디앙****호,2005317010523200283,3170000,,,,04,취소/말소/만료/정지/중지,,,02-852-8778
,피더,,,,,2026-05-01 22:37:13,I,07,직권말소,2012-09-17 11:04:26,,,1996-01-01,,서울특별시 금천구 독산동 ****-* *층,2005317010523200286,3170000,,,,04,취소/말소/만료/정지/중지,,,02-897-7032
,(주)에스텔레매틱스,,,,,2026-05-01 22:37:12,I,07,직권말소,2012-09-17 12:28:56,,,1996-01-01,,서울특별시 금천구 가산동 ***-* *층(열림실업***호),2004317010523200256,3170000,,,,04,취소/말소/만료/정지/중지,,,02-856-9194
,실버코리아,,,,,2026-05-01 22:37:13,I,01,정상영업,2008-02-21 00:00:00,,,1996-01-01,,서울특별시 금천구 시흥동 ***-*,2004317010523200259,3170000,,,,01,영업/정상,,,02-804-8836
,한성정보문화센타,,,,,2026-05-01 22:37:13,I,01,정상영업,2008-02-21 00:00:00,,,1996-01-01,,서울특별시 금천구 가산동 **-* 코오롱테크노밸리***호,2004317010523200261,3170000,,,,01,영업/정상,,,
,한서교역,,,,,2026-05-01 22:37:13,I,07,직권말소,2016-06-21 14:36:59,,,2004-09-20,,서울특별시 금천구 시흥동 ***-* *층,2004317010523200264,3170000,,,,04,취소/말소/만료/정지/중지,,,02-894-4234
0,(주)으뜸상조,,0,191391.967280466,438458.097193512,2026-05-01 22:37:13,I,07,직권말소,2012-09-18 10:04:21,0,,2006-12-20,153-030,서울특별시 금천구 시흥동 ***번지 *호 ***호,2004317010523200395,3170000,"서울특별시 금천구 시흥대로 *** (시흥동,***호)",,2006-12-20,04,취소/말소/만료/정지/중지,,,02-891-5814
,인수상사,,,,,2026-05-01 22:37:13,I,07,직권말소,2012-09-17 09:05:35,,,1996-01-01,,서울특별시 금천구 시흥동 ***-* *층,2005317010523200010,3170000,,,,04,취소/말소/만료/정지/중지,,,02-808-9563
735291715,(주)오람테크,,176534704,189722.178532426,441920.972770099,2026-05-01 22:37:56,I,01,정상영업,2015-01-29 14:34:24,558757011,,2015-01-29,153-023,서울특별시 금천구 가산동 **번지 **호,2015317017423200006,3170000,"서울특별시 금천구 벚꽃로 ***, ****~****호 (가산동, 에스제이테크노빌)",,,01,영업/정상,,,33970021
,보령바이오텍,,,191368.522097415,438529.363086443,2026-05-01 22:37:56,I,07,직권말소,2016-06-22 15:24:58,,,2014-06-26,153-031,서울특별시 금천구 시흥동 ***번지 **호,2015317017423200007,3170000,"서울특별시 금천구 시흥대로 *** (시흥동, ***플레이스***호)",,,04,취소/말소/만료/정지/중지,,,
10000000,휴먼엠알티 주식회사,,10000000,189055.138252216,441958.334400683,2026-05-01 22:37:56,I,07,직권말소,2017-05-11 11:03:16,0,,2015-01-30,153-023,서울특별시 금천구 가산동 ***번지 *호,2015317017423200008,3170000,"서울특별시 금천구 서부샛길 ***, 에이-****호 (가산동, 대성디폴리스지식산업센터)",,,04,취소/말소/만료/정지/중지,,,
,T.S웹디자인,,,189202.600232089,441848.24299943,2026-05-01 22:37:56,I,07,직권말소,2017-05-11 11:02:38,,,2015-02-03,153-023,서울특별시 금천구 가산동 ***번지 *호 월드메르디앙벤처센터* ****호,2015317017423200009,3170000,"서울특별시 금천구 가산디지털*로 ***, **층 ****호 (가산동, 월드메르디앙벤처센터*)",,,04,취소/말소/만료/정지/중지,,,070-5055-4015
,퍼스트모바일,,,192314.135853507,438671.432733016,2026-05-01 22:37:56,I,07,직권말소,2016-06-22 15:25:25,,,2015-02-06,153-844,서울특별시 금천구 시흥동 ***번지 *호,2015317017423200010,3170000,"서울특별시 금천구 금하로 ***-*, *층 (시흥동)",,,04,취소/말소/만료/정지/중지,,,
12938843,주식회사 영인이엔지,,100000000,191226.287379467,437914.06299827,2026-05-01 22:37:56,I,07,직권말소,2017-05-11 11:02:15,161736414,,2015-03-03,153-755,서울특별시 금천구 시흥동 ***번지 시흥유통산업단지 ***호,2015317017423200013,3170000,"서울특별시 금천구 시흥대로 **, **-***호 (시흥동, 시흥유통산업단지)",,,04,취소/말소/만료/정지/중지,,,62681190
,Kete 목동점,,,192742.326147617,438460.667319682,2026-05-01 22:37:56,I,07,직권말소,2017-05-11 11:01:50,,,2015-03-05,153-031,서울특별시 금천구 시흥동 ****번지 벽산아파트 ***동 ****호,2015317017423200014,3170000,"서울특별시 금천구 금하로 ***, ***동 ****호 (시흥동, 벽산아파트)",,,04,취소/말소/만료/정지/중지,,,
100000000,주식회사 코리아유저 (Korea User),,100000000,189459.065518928,441844.960857588,2026-05-01 22:37:56,I,07,직권말소,2017-05-11 11:01:23,0,,2015-03-17,153-023,서울특별시 금천구 가산동 ***번지 **호 신한이노플렉스 제*층 ***호,2015317017423200015,3170000,"서울특별시 금천구 가산디지털*로 ***, 제*층 ***호 (가산동, 신한이노플렉스)",,,04,취소/말소/만료/정지/중지,,,1670-4331
428296136,제드월드 주식회사,,54370726,189127.981104583,442460.505542105,2026-05-01 22:37:56,I,07,직권말소,2021-11-16 20:40:26,373925410,,2015-03-26,153-023,서울특별시 금천구 가산동 ***번지 **호 벽산/경인디지털밸리* ***호,2015317017423200019,3170000,"서울특별시 금천구 가산디지털*로 ***, ***호 (가산동, 벽산/경인디지털밸리*)",,,04,취소/말소/만료/정지/중지,,,34436870
64683877,다큐로지스 주식회사,,10000000,189423.548939071,441629.373225356,2026-05-01 22:37:56,I,07,직권말소,2017-05-11 11:00:55,35200245,,2015-04-10,153-023,서울특별시 금천구 가산동 ***번지 **호 아이티캐슬 *층 제*-***호,2015317017423200022,3170000,"서울특별시 금천구 가산디지털*로 **, *층 제*-***호 (가산동, 아이티캐슬)",,,04,취소/말소/만료/정지/중지,,,1599-2414
,명인 플랫폼,,,191642.320579602,437656.13746403,2026-05-01 22:37:56,I,07,직권말소,2016-06-22 15:25:54,,,2015-04-15,153-031,서울특별시 금천구 시흥동 ***번지 **호,2015317017423200024,3170000,서울특별시 금천구 시흥대로**길 ** (시흥동),,,04,취소/말소/만료/정지/중지,,,
200000000,(주)일육삼육,,200000000,189538.020935968,441982.427934953,2026-05-01 22:37:56,I,07,직권말소,2017-05-11 11:00:26,0,,2015-04-15,153-023,서울특별시 금천구 가산동 ***번지 **호 우림라이온스밸리 B동 ***호,2015317017423200025,3170000,"서울특별시 금천구 가산디지털*로 ***, B동 ***호 (가산동, 우림라이온스밸리)",,,04,취소/말소/만료/정지/중지,,,070-4366-3299
,한글전화번호닷컴,,,189538.020935968,441982.427934953,2026-05-01 22:37:56,I,07,직권말소,2021-11-16 20:40:09,,,2015-05-06,153-023,서울특별시 금천구 가산동 ***번지 **호 우림라이온스밸리제씨*층 ***호,2015317017423200029,3170000,"서울특별시 금천구 가산디지털*로 ***, ***호 (가산동, 우림라이온스밸리제씨*층)",,,04,취소/말소/만료/정지/중지,,,070-4896-4010
,보부,,,189943.529964101,440455.075991442,2026-05-01 22:37:56,I,01,정상영업,2015-05-15 16:40:05,,,2015-05-15,153-803,서울특별시 금천구 가산동 ***번지 *호 더루벤스밸리 ****호,2015317017423200032,3170000,"서울특별시 금천구 가산디지털*로 *, ****호 (가산동, 더루벤스밸리)",,,01,영업/정상,,,02-856-3199
50000000,주식회사 왓쇼,,10000000,189538.020935968,441982.427934953,2026-05-01 22:37:56,I,07,직권말소,2016-06-22 15:26:27,40000000,,2015-06-18,153-786,서울특별시 금천구 가산동 ***번지 **호 우림라이온스밸리 씨동 ***호,2015317017423200035,3170000,"서울특별시 금천구 가산디지털*로 ***, 씨동 ***호 (가산동, 우림라이온스밸리)",,,04,취소/말소/만료/정지/중지,,,070-4896-4010
10000000,주식회사 다팡,,10000000,189434.721897968,441862.707622957,2026-05-01 22:37:57,I,07,직권말소,2017-05-11 10:59:55,0,,2015-07-13,153-803,서울특별시 금천구 가산동 ***번지 **호 이노플렉스-* ***호,2015317017423200038,3170000,"서울특별시 금천구 가산디지털*로 ***, ***호 (가산동, 이노플렉스-*)",,,04,취소/말소/만료/정지/중지,,,02-867-8555
129931577,주식회사 위지엘,,429319523,189282.642165078,441654.484590816,2026-05-01 22:37:57,I,01,정상영업,2025-12-23 10:11:08,790612054,,2015-08-12,,서울특별시 금천구 가산동 ***-*,2015317017423200043,3170000,"서울특별시 금천구 가산디지털*로 ***, 한라원앤원타워 에이동 ***호,***호 (가산동)",08505,,01,영업/정상,,,02-863-4011
0,주식회사 에스제이애드,,50000000,,,2026-05-01 22:37:57,I,07,직권말소,2017-05-11 10:58:34,0,,2015-08-24,,,2015317017423200045,3170000,"서울특별시 금천구 서부샛길 ***-**** (가산동, 대성디폴리스지식산업센터)",08504,,04,취소/말소/만료/정지/중지,,,1599-2964
14660982,비온텔 주식회사,,,189472.091898625,441483.675018356,2026-05-01 22:37:57,I,07,직권말소,2017-05-11 10:57:44,20222676,,2015-08-27,,,2015317017423200046,3170000,"서울특별시 금천구 디지털로 ***, ***호 (가산동, 남성프라자)",08589,,04,취소/말소/만료/정지/중지,,,02-2026-1220
,현대영등포중앙판매,,,,,2026-05-01 22:41:29,I,04,직권취소,2008-02-21 00:00:00,,2007-10-22,1998-10-13,,서울특별시 영등포구 영등포동*가**-*,1998318011723200269,3180000,,,,04,취소/말소/만료/정지/중지,,,02-671-3400
,두레정보통신,,,,,2026-05-01 22:41:29,I,04,직권취소,2008-02-21 00:00:00,,2007-10-22,1996-11-09,,서울특별시 영등포구 당산동*가***-*,1999318011723200081,3180000,,,,04,취소/말소/만료/정지/중지,,,02-679-0888
,현대당산판매대리점,,,190855.554441252,448246.497733243,2026-05-01 22:41:29,I,07,직권말소,2025-06-30 09:43:19,,,1999-01-20,150-867,서울특별시 영등포구 양평동*가 ***번지 *호 문화빌딩,1999318011723200288,3180000,"서울특별시 영등포구 양평로 ** (양평동*가, 문화빌딩)",,,04,취소/말소/만료/정지/중지,,,02-2634-0077
,마임 신길본부,,,,,2026-05-01 22:41:29,I,07,직권말소,2012-10-29 18:41:25,,,1999-02-13,,서울특별시 영등포구 신길동****-* *층,1999318011723200294,3180000,,,,04,취소/말소/만료/정지/중지,,,02-836-3366
,"B,J,C종합상사",,,,,2026-05-01 22:41:30,I,04,직권취소,2008-02-21 00:00:00,,2007-10-22,1999-04-24,,서울특별시 영등포구 대림동***-*,1999318011723200306,3180000,,,,04,취소/말소/만료/정지/중지,,,02-835-2428
,이레유통,,,,,2026-05-01 22:41:30,I,04,직권취소,2008-02-21 00:00:00,,2007-10-22,1999-05-14,,서울특별시 영등포구 여의도동**-** 프린스텔 ***,1999318011723200309,3180000,,,,04,취소/말소/만료/정지/중지,,,02-3775-3788
,동진상사,,,,,2026-05-01 22:41:30,I,04,직권취소,2008-02-21 00:00:00,,2007-10-22,1999-06-03,,서울특별시 영등포구 당산동*가***-*,1999318011723200318,3180000,,,,04,취소/말소/만료/정지/중지,,,02-679-0710
,기아자동차우성판매점,,,,,2026-05-01 22:41:30,I,04,직권취소,2008-02-21 00:00:00,,2007-10-22,1999-06-10,,서울특별시 영등포구 대림동***-*,1999318011723200321,3180000,,,,04,취소/말소/만료/정지/중지,,,02-844-3161
651880414,(주)수인백스,,,190874.62639593,446878.219684433,2026-05-01 22:41:30,I,01,정상영업,2020-11-20 12:57:12,1082899109,,1999-07-01,,서울특별시 영등포구 당산동*가 **,1999318011723200325,3180000,서울특별시 영등포구 양산로**길 * (당산동*가),07259,,01,영업/정상,,,02-2068-0002
,현대문래중앙판매대리점,,,190161.737344082,446125.33590618,2026-05-01 22:41:30,I,01,정상영업,2020-07-17 18:09:34,,,1999-07-05,,서울특별시 영등포구 문래동*가 **-* 메가벤처타워,1999318011723200327,3180000,"서울특별시 영등포구 문래로**길 **, 메가벤처타워 ***, ***, ***호 (문래동*가)",07295,,01,영업/정상,,,02-2679-4633
,보령기업,,,,,2026-05-01 22:41:30,I,07,직권말소,2010-05-24 13:03:53,,,1999-07-27,,서울특별시 영등포구 당산동*가**-*,1999318011723200331,3180000,,,,04,취소/말소/만료/정지/중지,,,02-2637-0300
,한국교육정보센터,,,,,2026-05-01 22:41:30,I,04,직권취소,2008-02-21 00:00:00,,2007-10-22,1999-08-19,,서울특별시 영등포구 여의도동**-** 장덕빌딩 ***,1999318011723200336,3180000,,,,04,취소/말소/만료/정지/중지,,,02-783-4928
,유아이씨씨(UICC),,,,,2026-05-01 22:41:30,I,04,직권취소,2008-02-21 00:00:00,,2007-10-22,1999-08-23,,서울특별시 영등포구 여의도동**-** 장덕빌딩***호,1999318011723200338,3180000,,,,04,취소/말소/만료/정지/중지,,,02-782-0251
,탐라,,,,,2026-05-01 22:41:30,I,04,직권취소,2008-02-21 00:00:00,,2007-10-22,1999-07-09,,서울특별시 영등포구 여의도동**-** 정우빌딩 ***,1999318011723200350,3180000,,,,04,취소/말소/만료/정지/중지,,,02-420-3334
,기아자동차문래공원대리점,,,190449.201893107,446022.033745753,2026-05-01 22:41:30,I,07,직권말소,2019-08-14 11:48:41,,,1999-10-12,150-093,"서울특별시 영등포구 문래동*가 **번지 *호 국화상가*층 ***호, ***호",1999318011723200456,3180000,,,,04,취소/말소/만료/정지/중지,,,02-2677-3588
,한소리,,,,,2026-05-01 22:41:30,I,04,직권취소,2008-02-21 00:00:00,,2007-10-22,1999-10-13,,서울특별시 영등포구 대림동***-**,1999318011723200457,3180000,,,,04,취소/말소/만료/정지/중지,,,02-834-1794
,미라허브,,,,,2026-05-01 22:41:30,I,04,직권취소,2008-02-21 00:00:00,,2007-10-22,1999-11-12,,서울특별시 영등포구 영등포동*가***-***,1999318011723200463,3180000,,,,04,취소/말소/만료/정지/중지,,,02-835-8285
1,(주)이엘텔레콤,,1,,,2026-05-01 22:41:30,I,07,직권말소,2012-09-07 22:56:37,1,,1999-11-19,,서울특별시 영등포구 당산동*가***-*,1999318011723200466,3180000,,,,04,취소/말소/만료/정지/중지,,,02-3667-8300
,보령생활건강,,,,,2026-05-01 22:41:30,I,04,직권취소,2008-02-21 00:00:00,,2007-10-22,1999-12-09,,서울특별시 영등포구 당산동*가***-*,1999318011723200474,3180000,,,,04,취소/말소/만료/정지/중지,,,02-2638-0640
,한세통상,,,,,2026-05-01 22:41:30,I,04,직권취소,2008-02-21 00:00:00,,2007-10-22,1999-12-17,,서울특별시 영등포구 신길동***-***,1999318011723200476,3180000,,,,04,취소/말소/만료/정지/중지,,,02-848-0246
,미성,,,,,2026-05-01 22:41:30,I,04,직권취소,2008-02-21 00:00:00,,2007-10-22,2000-06-22,,서울특별시 영등포구 신길동****-* 우성**-***,2000318011723200357,3180000,,,,04,취소/말소/만료/정지/중지,,,
0,(주)21세기화장품,,0,,,2026-05-01 22:41:30,I,04,직권취소,2008-02-21 00:00:00,0,2007-10-22,2000-06-27,,서울특별시 영등포구 당산동*가***-*,2000318011723200359,3180000,,,,04,취소/말소/만료/정지/중지,,,02-3665-8000
,(주)바디텍,,,,,2026-05-01 22:41:30,I,04,직권취소,2008-02-21 00:00:00,,2007-10-22,2000-07-28,,서울특별시 영등포구 당산동*가**-**,2000318011723200369,3180000,,,,04,취소/말소/만료/정지/중지,,,02-679-5417
,현대통상,,,,,2026-05-01 22:41:30,I,04,직권취소,2008-02-21 00:00:00,,2007-10-22,2000-09-06,,서울특별시 영등포구 대림동***-*,2000318011723200380,3180000,,,,04,취소/말소/만료/정지/중지,,,02-848-2970
,조선물산,,,,,2026-05-01 22:41:30,I,04,직권취소,2008-02-21 00:00:00,,2007-10-22,2000-09-27,,서울특별시 영등포구 신길동**-***,2000318011723200386,3180000,,,,04,취소/말소/만료/정지/중지,,,02-816-2035
,세기정보시스템,,,,,2026-05-01 22:41:30,I,04,직권취소,2008-02-21 00:00:00,,2007-10-22,2000-06-27,,서울특별시 영등포구 양평동*가*-* 누리빌딩 ***호,2000318011723200436,3180000,,,,04,취소/말소/만료/정지/중지,,,02-675-7751
225414943,주식회사 디엔비스타,,415904999,193224.517898023,447474.871771651,2026-05-01 22:41:47,I,07,직권말소,2009-11-20 09:59:11,641319942,,2008-09-16,150-010,서울특별시 영등포구 여의도동 **번지 *호 중앙보훈회관***호,2008318011723200108,3180000,"서울특별시 영등포구 국회대로**길 ** (여의도동,중앙보훈회관***호)",,,04,취소/말소/만료/정지/중지,,,
,스포츠옥션,,,193393.096553574,446218.443828439,2026-05-01 22:41:47,I,07,직권말소,2010-05-24 10:43:58,,,2008-09-26,150-010,서울특별시 영등포구 여의도동 **번지 LG자이오피스텔 ***동 ****호,2008318011723200112,3180000,"서울특별시 영등포구 여의동로*길 **, ***동 ****호 (여의도동,LG자이오피스텔)",,,04,취소/말소/만료/정지/중지,,,
,비겐의료기,,,191846.866965945,446360.698204549,2026-05-01 22:41:47,I,07,직권말소,2012-09-07 22:46:38,,,2008-09-29,150-032,서울특별시 영등포구 영등포동*가 ***번지,2008318011723200115,3180000,서울특별시 영등포구 영등포로 *** (영등포동*가),,,04,취소/말소/만료/정지/중지,,,26374023
0,(주)이엠리더스,,100000000,193282.654266684,447611.552045596,2026-05-01 22:41:47,I,07,직권말소,2014-02-13 16:48:22,0,,2008-10-13,150-010,서울특별시 영등포구 여의도동 **번지 **호 한서리버파크****,2008318011723200116,3180000,"서울특별시 영등포구 여의서로 ** (여의도동,한서리버파크****)",,,04,취소/말소/만료/정지/중지,,,
,천지,,,191580.646388785,446320.718339983,2026-05-01 22:41:47,I,07,직권말소,2009-06-03 21:06:52,,,2008-10-15,150-033,서울특별시 영등포구 영등포동*가 *번지 아쟈쇼핑몰**층,2008318011723200117,3180000,"서울특별시 영등포구 영중로 ** (영등포동*가,아쟈쇼핑몰**층)",,,04,취소/말소/만료/정지/중지,,,26323378
,여호와이레,,,190923.551317757,446575.396546634,2026-05-01 22:41:47,I,07,직권말소,2010-05-24 10:43:03,,,2008-10-17,150-041,서울특별시 영등포구 당산동*가 **번지 *호,2008318011723200119,3180000,서울특별시 영등포구 영등포로 *** (당산동*가),,,04,취소/말소/만료/정지/중지,,,26363123
,수현상사,,,190923.551317757,446575.396546634,2026-05-01 22:41:47,I,07,직권말소,2013-03-25 20:38:08,,,2008-10-29,150-041,서울특별시 영등포구 당산동*가 **번지 *호 당산빌딩*층,2008318011723200121,3180000,"서울특별시 영등포구 영등포로 *** (당산동*가,당산빌딩*층)",,,04,취소/말소/만료/정지/중지,,,36675354
,샘코리아,,,192686.370577691,445551.666289363,2026-05-01 22:41:48,I,07,직권말소,2010-05-24 10:42:17,,,2008-11-12,150-050,서울특별시 영등포구 신길동 ***번지 **호,2008318011723200124,3180000,서울특별시 영등포구 도신로**길 * (신길동),,,04,취소/말소/만료/정지/중지,,,
,티엔티 전자,,,191369.746579575,446499.816991394,2026-05-01 22:41:48,I,07,직권말소,2012-08-23 22:14:55,,,2008-11-12,150-036,서울특별시 영등포구 영등포동*가 **번지 *호 충무빌딩***,2008318011723200125,3180000,"서울특별시 영등포구 영신로**길 ** (영등포동*가,충무빌딩***)",,,04,취소/말소/만료/정지/중지,,,20692553
,페퍼민트,,,190923.551317757,446575.396546634,2026-05-01 22:41:48,I,07,직권말소,2012-08-23 22:12:55,,,2008-11-13,150-041,서울특별시 영등포구 당산동*가 **번지 *호 당산빌딩*층***호,2008318011723200126,3180000,"서울특별시 영등포구 영등포로 *** (당산동*가,당산빌딩*층***호)",,,04,취소/말소/만료/정지/중지,,,36671113
31545000,다윈라이프 주식회사,,10000000,193745.64337296,446380.254633325,2026-05-01 22:41:48,I,07,직권말소,2012-09-07 22:45:37,30000000,,2008-11-14,150-010,서울특별시 영등포구 여의도동 **번지 **호 에리트빌딩***호,2008318011723200127,3180000,"서울특별시 영등포구 여의대방로**길 ** (여의도동,에리트빌딩***호)",,,04,취소/말소/만료/정지/중지,,,
,동진물산,,,190679.328893177,447306.38664325,2026-05-01 22:41:48,I,07,직권말소,2012-08-23 22:12:03,,,2008-11-18,150-804,서울특별시 영등포구 당산동*가 ***번지  삼익아파트 *동 ***호,2008318011723200130,3180000,"서울특별시 영등포구 국회대로 ***, *동 ***호 (당산동*가,삼익아파트)",,,04,취소/말소/만료/정지/중지,,,26790710
0,크린큐텍(주),,50000000,192102.527274649,446640.304261328,2026-05-01 22:41:48,I,07,직권말소,2012-09-07 22:44:39,0,,2008-11-24,150-032,서울특별시 영등포구 영등포동*가 **번지 **호 신영빌딩*층,2008318011723200131,3180000,"서울특별시 영등포구 버드나루로 ** (영등포동*가,신영빌딩*층)",,,04,취소/말소/만료/정지/중지,,,26665455
,성주상사,,,190923.551317757,446575.396546634,2026-05-01 22:41:48,I,07,직권말소,2014-11-24 10:39:25,,,2008-11-27,150-041,서울특별시 영등포구 당산동*가 **번지 *호,2008318011723200133,3180000,서울특별시 영등포구 영등포로 *** (당산동*가),,,04,취소/말소/만료/정지/중지,,,
,에스해원,,,190923.551317757,446575.396546634,2026-05-01 22:41:47,I,07,직권말소,2013-06-23 11:42:28,,,2008-07-28,150-041,서울특별시 영등포구 당산동*가 **번지 *호 당산빌딩*층,2008318011723200097,3180000,"서울특별시 영등포구 영등포로 *** (당산동*가,당산빌딩*층)",,,04,취소/말소/만료/정지/중지,,,26378856
,에스보은,,,190923.551317757,446575.396546634,2026-05-01 22:41:47,I,07,직권말소,2012-08-23 22:15:57,,,2008-08-26,150-041,서울특별시 영등포구 당산동*가 **번지 *호 당산빌딩*층,2008318011723200103,3180000,"서울특별시 영등포구 영등포로 *** (당산동*가,당산빌딩*층)",,,04,취소/말소/만료/정지/중지,,,
0,(주)보령엠엔에이치,,10000000,189682.022243843,446823.857632163,2026-05-01 22:41:47,I,07,직권말소,2010-05-24 10:45:15,0,,2008-09-01,150-102,서울특별시 영등포구 양평동*가 **번지 *호 양평빌딩***호,2008318011723200105,3180000,"서울특별시 영등포구 영등포로 ** (양평동*가,양평빌딩***호)",,,04,취소/말소/만료/정지/중지,,,26370300
50000000,(주)이안에프엔씨,,50000000,190786.485312253,445159.80654346,2026-05-01 22:41:47,I,07,직권말소,2010-05-24 10:44:42,50000000,,2008-09-11,150-080,서울특별시 영등포구 도림동 ***번지 *호 도림빌딩***호,2008318011723200107,3180000,"서울특별시 영등포구 도신로**길 ** (도림동,도림빌딩***호)",,,04,취소/말소/만료/정지/중지,,,36675688
1547154464,(주) 아이브릿지,,825915736,194530.535390096,446306.787198089,2026-05-01 22:42:02,I,01,정상영업,2018-10-24 15:14:39,721238728,,2016-11-24,,서울특별시 영등포구 여의도동 **번지 *호 콤비빌딩,2016318016323200081,3180000,"서울특별시 영등포구 **로 **, 콤비빌딩 ***호 (여의도동)",07345,,01,영업/정상,,,02-707-1005
0,오성홀딩스 주식회사,,1000000,190107.271463999,446454.594611755,2026-05-01 22:42:02,I,07,직권말소,2019-08-14 10:51:13,0,,2016-11-29,,,2016318016323200082,3180000,"서울특별시 영등포구 선유로 **, ***동 ***호 (문래동*가, 문래임광그대가)",07280,,04,취소/말소/만료/정지/중지,,,
0,(주)엘케이엔에스,,30000000,,,2026-05-01 22:42:02,I,01,정상영업,2016-12-08 13:15:46,0,,2016-12-08,,,2016318016323200084,3180000,"서울특별시 영등포구 당산로**길 *, 지하*층 (당산동*가, 다옥빌딩 별관)",07222,,01,영업/정상,,,070-8883-5137
96483514,주식회사 오르고웍스,,30000000,193015.994351868,445451.996493154,2026-05-01 22:42:02,I,07,직권말소,2019-08-14 10:50:17,138268303,,2016-12-27,,,2016318016323200086,3180000,서울특별시 영등포구 영등포로**길 **-* (신길동),07356,,04,취소/말소/만료/정지/중지,,,070-8188-0144
95637348,(주) 페이스투글로벌,,100000000,190130.539437578,446164.896053268,2026-05-01 22:42:02,I,07,직권말소,2025-06-30 09:42:17,30906610,,2017-01-02,,,2017318016323200001,3180000,"서울특별시 영등포구 선유로 **, *층 (문래동*가)",07295,,04,취소/말소/만료/정지/중지,,,02-3478-0530
178647284,주식회사 엠에이엑스팔팔,,50000000,191598.660031024,445753.273099822,2026-05-01 22:42:02,I,07,직권말소,2019-08-14 10:47:00,85522130,,2016-10-26,,,2017318016323200003,3180000,"서울특별시 영등포구 영신로**길 **, *층 (영등포동, 금영빌딩)",07366,,04,취소/말소/만료/정지/중지,,,02-544-6699
,아이엠씨엔씨,,,192785.997964211,447523.1165117,2026-05-01 22:42:02,I,07,직권말소,2019-08-14 10:46:21,,,2017-02-06,,,2017318016323200006,3180000,"서울특별시 영등포구 국회대로 ***, ****호 (여의도동, 엘지여의도에클라트)",07237,,04,취소/말소/만료/정지/중지,,,
350000000,케이앤씨비즈니스 주식회사,,300000000,191285.015028707,442649.873938101,2026-05-01 22:42:03,I,07,직권말소,2019-08-14 10:45:47,50000000,,2017-03-29,,,2017318016323200018,3180000,"서울특별시 영등포구 시흥대로 ***-*, ***동 ****호 (대림동, 신대림자이)",07445,,04,취소/말소/만료/정지/중지,,,02-847-5370
,글로벌선푸드,,,191290.122053654,448079.622534069,2026-05-01 22:42:03,I,01,정상영업,2017-04-04 18:01:03,,,2017-04-04,,,2017318016323200019,3180000,"서울특별시 영등포구 당산로 ***, ***호 (당산동*가, 그린빌)",07222,,01,영업/정상,,,02-824-6688
0,주식회사 케이피코리아,,1000000,191571.093921629,446566.425321904,2026-05-01 22:42:03,I,07,직권말소,2019-08-14 10:45:15,0,,2017-04-13,,,2017318016323200022,3180000,"서울특별시 영등포구 영중로 **, ***호 (영등포동*가, 영성빌딩)",07250,,04,취소/말소/만료/정지/중지,,,
,자연타바코,,,191433.35633588,443459.977285487,2026-05-01 22:42:03,I,07,직권말소,2019-08-14 10:44:29,,,2017-04-17,,,2017318016323200023,3180000,"서울특별시 영등포구 디지털로 ***, ***호 (대림동, 태성빌딩)",07429,,04,취소/말소/만료/정지/중지,,,
0,(주)프라임멤버스,,500000000,193500.284361195,446443.965496834,2026-05-01 22:42:03,I,02,휴업처리,2017-07-07 10:58:24,0,,2017-04-24,,,2017318016323200025,3180000,"서울특별시 영등포구 국제금융로*길 **, ***호 (여의도동, 오륜빌딩)",07331,,02,휴업,2017-07-01,2018-01-02,
,한중유통,,,190960.30181761,443573.076394899,2026-05-01 22:42:03,I,07,직권말소,2020-06-24 14:22:59,,,2017-04-27,,,2017318016323200026,3180000,"서울특별시 영등포구 도림로 ***, ***호 (대림동)",07413,,04,취소/말소/만료/정지/중지,,,02-846-1688
,주식회사 에드원,,,190941.054351896,447628.862085473,2026-05-01 22:42:03,I,01,정상영업,2020-09-14 12:41:58,,,2005-10-21,,,2017318016323200028,3180000,"서울특별시 영등포구 당산로**길 **, E동 ****호 (당산동*가, 당산SKV*center)",07217,,01,영업/정상,,,02-554-4002
13000000,주식회사 케이앤씨종합유통,,3000000,191285.015028707,442649.873938101,2026-05-01 22:42:03,I,07,직권말소,2019-08-14 10:43:46,0,,2017-06-22,,,2017318016323200032,3180000,"서울특별시 영등포구 시흥대로 ***-*, 상가 ***동 ***호 (대림동, 신대림자이)",07445,,04,취소/말소/만료/정지/중지,,,02-6933-8882
15000000,주식회사 굿데이코리아,,15000000,191285.015028707,442649.873938101,2026-05-01 22:42:03,I,01,정상영업,2017-06-28 10:41:54,0,,2017-06-28,,,2017318016323200034,3180000,"서울특별시 영등포구 시흥대로 ***-*, ***동 *층 ***호 (대림동, 신대림자이)",07445,,01,영업/정상,,,
,영등포DS대리점,,,190819.029968202,446801.484289952,2026-05-01 22:42:03,I,01,정상영업,2020-07-23 12:29:07,,,2017-07-03,,서울특별시 영등포구 당산동*가 ***,2017318016323200037,3180000,서울특별시 영등포구 당산로**길 * (당산동*가),07265,,01,영업/정상,,,
263724155,주식회사 한주라이프,,300000000,190325.849378028,447033.873479894,2026-05-01 22:42:03,I,01,정상영업,2024-03-25 16:05:54,20827612,,2017-07-04,,서울특별시 영등포구 양평동*가 *-* 에이스 하이테크시티*,2017318016323200038,3180000,"서울특별시 영등포구 선유로 ***, 에이스 하이테크시티* ***-***호 내**-*호 (양평동*가)",07255,,01,영업/정상,,,
29064938,주식회사 수미애르,,10000000,190848.630885615,443408.357773865,2026-05-01 22:42:03,I,07,직권말소,2020-06-24 14:22:16,28968582,,2017-07-11,,,2017318016323200040,3180000,서울특별시 영등포구 도림로**길 * (대림동),07417,,04,취소/말소/만료/정지/중지,,,070-8878-2407
100000000,주식회사 씨엑스씨월드,,50000000,190620.282697531,448471.434635038,2026-05-01 22:42:03,I,07,직권말소,2019-08-14 10:42:56,100000000,,2015-04-06,,,2017318016323200041,3180000,"서울특별시 영등포구 양평로**길 **, *층 (양평동*가)",07206,,04,취소/말소/만료/정지/중지,,,02-5581-6697
0,주식회사 더블에이치플러스,,50000000,190996.357288859,445841.377603245,2026-05-01 22:42:03,I,01,정상영업,2017-07-12 14:44:40,0,,2017-07-12,,,2017318016323200042,3180000,"서울특별시 영등포구 경인로 ***, *동 ***호 (문래동*가, 에이스하이테크시티)",07299,,01,영업/정상,,,02-2135-3303
,웰빙건강,,,190831.026269315,443901.123107887,2026-05-01 22:42:03,I,01,정상영업,2021-10-08 10:04:36,,,2017-08-04,,서울특별시 영등포구 대림동 ***-** 보성아트빌,2017318016323200045,3180000,"서울특별시 영등포구 가마산로**길 **-*, ***호 (대림동, 보성아트빌)",07412,2020-12-01,01,영업/정상,,,
,연세우유신길대리점,,,191268.531516119,445153.842878847,2026-05-01 22:42:03,I,07,직권말소,2019-08-14 10:41:33,,,2017-08-23,,,2017318016323200048,3180000,서울특별시 영등포구 도신로**길 ** (도림동),07370,,04,취소/말소/만료/정지/중지,,,02-831-3778
,소템,,,190591.096947127,445250.90390681,2026-05-01 22:42:03,I,01,정상영업,2017-10-20 17:53:50,,,2017-10-20,,,2017318016323200053,3180000,"서울특별시 영등포구 도영로*길 **, ***동 ***호 (도림동, 쌍용플래티넘시티*단지)",07372,,01,영업/정상,,,
,오케이(OK)건강희망마을,,,190854.583049851,446883.223176382,2026-05-01 22:42:03,I,07,직권말소,2020-06-24 14:21:48,,,2017-11-08,,서울특별시 영등포구 당산동*가 ***번지,2017318016323200054,3180000,"서울특별시 영등포구 양산로**길 *-*, 지층 (당산동*가)",07259,,04,취소/말소/만료/정지/중지,,,02-3775-3775
,승인,,,190923.551317757,446575.396546634,2026-05-01 22:41:48,I,07,직권말소,2012-08-23 22:10:45,,,2008-11-27,150-041,서울특별시 영등포구 당산동*가 **번지 *호,2008318011723200135,3180000,서울특별시 영등포구 영등포로 *** (당산동*가),,,04,취소/말소/만료/정지/중지,,,
,타이밍,,,190923.551317757,446575.396546634,2026-05-01 22:41:48,I,07,직권말소,2014-11-24 10:39:57,,,2008-12-01,150-041,서울특별시 영등포구 당산동*가 **번지 *호,2008318011723200137,3180000,서울특별시 영등포구 영등포로 *** (당산동*가),,,04,취소/말소/만료/정지/중지,,,26823589
50000000,(주)디오젠,,50000000,191580.646388785,446320.718339983,2026-05-01 22:41:48,I,07,직권말소,2010-05-24 10:41:38,0,,2008-12-08,150-033,서울특별시 영등포구 영등포동*가 *번지 아자빌딩*층,2008318011723200139,3180000,"서울특별시 영등포구 영중로 ** (영등포동*가,아자빌딩*층)",,,04,취소/말소/만료/정지/중지,,,1544-2125
77840516,(주)마이비더블유,,44209908,190174.422109333,446768.574296159,2026-05-01 22:41:48,I,07,직권말소,2010-05-24 10:39:20,33630608,,2008-12-09,150-101,서울특별시 영등포구 양평동*가 ***번지 *호  인동빌딩 ***,2008318011723200141,3180000,"서울특별시 영등포구 선유로**길 *-* (양평동*가,인동빌딩 ***)",,,04,취소/말소/만료/정지/중지,,,26751274
,에스사랑,,,190923.551317757,446575.396546634,2026-05-01 22:41:48,I,07,직권말소,2012-09-07 22:43:57,,,2008-12-11,150-041,서울특별시 영등포구 당산동*가 **번지 *호 당산빌딩*층,2008318011723200143,3180000,"서울특별시 영등포구 영등포로 *** (당산동*가,당산빌딩*층)",,,04,취소/말소/만료/정지/중지,,,36675354
,레츠고,,,190923.551317757,446575.396546634,2026-05-01 22:41:48,I,07,직권말소,2019-08-14 11:38:38,,,2008-12-15,150-041,서울특별시 영등포구 당산동*가 **번지 *호 당산빌딩 ***,2008318011723200144,3180000,"서울특별시 영등포구 영등포로 *** (당산동*가,당산빌딩 ***)",,,04,취소/말소/만료/정지/중지,,,26780046
50000000,(주)고선지 커뮤니케이션,,50000000,191779.522635667,443972.870392457,2026-05-01 22:41:48,I,07,직권말소,2012-10-29 18:38:24,0,,2008-12-17,150-050,서울특별시 영등포구 신길동 ***번지 **호 샘탑빌딩 *층 ***호,2008318011723200145,3180000,"서울특별시 영등포구 신길로 **, ***호 (신길동,샘탑빌딩 *층)",,,04,취소/말소/만료/정지/중지,,,62650047
,와우조아,,,190923.551317757,446575.396546634,2026-05-01 22:41:48,I,05,타시군구이관,2009-04-13 11:30:19,,,2009-01-16,150-041,서울특별시 영등포구 당산동*가 **번지 *호,2009318011723200002,3180000,서울특별시 영등포구 영등포로 *** (당산동*가),,,05,제외/삭제/전출,,,26342534
,오토크린,,,190217.705071932,446449.917568696,2026-05-01 22:41:48,I,05,타시군구이관,2009-11-23 19:39:16,,,2009-01-30,150-090,서울특별시 영등포구 문래동*가 **번지 **호 우리벤쳐***호,2009318011723200006,3180000,"서울특별시 영등포구 선유로 ** (문래동*가,우리벤쳐***호)",,,05,제외/삭제/전출,,,1588-1367
10000000,주식회사 라이프드림,,10000000,192215.507769353,445963.382280962,2026-05-01 22:41:48,I,07,직권말소,2012-09-07 22:43:17,0,,2009-02-25,150-030,서울특별시 영등포구 영등포동 ***번지 **호 남산빌딩 *층,2009318011723200008,3180000,"서울특별시 영등포구 신길로**길 * (영등포동,남산빌딩 *층)",,,04,취소/말소/만료/정지/중지,,,
,비엠21(BM21),,,191917.561920888,446339.257541108,2026-05-01 22:41:48,I,07,직권말소,2012-02-29 13:32:05,,,2009-02-27,150-032,서울특별시 영등포구 영등포동*가 ***번지 *호 *층,2009318011723200009,3180000,"서울특별시 영등포구 영등포로 *** (영등포동*가,*층)",,,04,취소/말소/만료/정지/중지,,,26784485
,두오,,,190537.21046669,444333.672162331,2026-05-01 22:41:48,I,07,직권말소,2013-06-23 12:02:51,,,2009-03-02,150-816,서울특별시 영등포구 대림*동 ***번지 *호,2009318011723200010,3180000,서울특별시 영등포구 가마산로**길 **-* (대림동),,,04,취소/말소/만료/정지/중지,,,
,신토,,,190537.21046669,444333.672162331,2026-05-01 22:41:48,I,07,직권말소,2013-06-23 12:05:26,,,2009-03-06,150-073,서울특별시 영등포구 대림*동 ***번지 *호,2009318011723200011,3180000,서울특별시 영등포구 가마산로**길 **-* (대림동),,,04,취소/말소/만료/정지/중지,,,
,아이티엠,,,194028.635844427,446303.385068506,2026-05-01 22:41:49,I,07,직권말소,2012-10-29 18:45:42,,,2009-03-09,150-010,서울특별시 영등포구 여의도동 **번지 *호 *층 ***호,2009318011723200012,3180000,"서울특별시 영등포구 국제금융로 *** (여의도동,*층 ***호)",,,04,취소/말소/만료/정지/중지,,,
50000000,앗사티비 주식회사,,50000000,190846.674344588,447219.570494562,2026-05-01 22:41:49,I,07,직권말소,2010-05-24 10:37:46,0,,2009-03-11,150-043,서울특별시 영등포구 당산동*가 ***번지 ***,2009318011723200013,3180000,"서울특별시 영등포구 당산로**길 *-** (당산동*가,***)",,,04,취소/말소/만료/정지/중지,,,
50000000,(주)참비앤지,,50000000,190897.879424945,444401.008266512,2026-05-01 22:41:49,I,07,직권말소,2012-09-07 22:52:21,0,,2009-03-13,150-812,서울특별시 영등포구 대림*동 ***번지 **호,2009318011723200015,3180000,서울특별시 영등포구 대림로**가길 * (대림동),,,04,취소/말소/만료/정지/중지,,,
,나오미지사,,,190923.551317757,446575.396546634,2026-05-01 22:41:49,I,07,직권말소,2012-10-29 18:48:09,,,2009-03-19,150-041,서울특별시 영등포구 당산동*가 **번지 *호 ***호,2009318011723200017,3180000,"서울특별시 영등포구 영등포로 *** (당산동*가,***호)",,,04,취소/말소/만료/정지/중지,,,
,강성상사,,,190923.551317757,446575.396546634,2026-05-01 22:41:49,I,07,직권말소,2010-05-24 10:37:16,,,2009-03-20,150-800,서울특별시 영등포구 당산동*가 **번지 *호 당산빌딩 ***호,2009318011723200020,3180000,"서울특별시 영등포구 영등포로 *** (당산동*가,당산빌딩 ***호)",,,04,취소/말소/만료/정지/중지,,,
8000000,더존라이프,,5000000,191157.139334361,444953.005202762,2026-05-01 22:41:49,I,05,타시군구이관,2009-10-29 12:03:02,0,,2009-03-23,150-833,서울특별시 영등포구 도림동 ***번지 *호 연안빌딩 *층,2009318011723200023,3180000,"서울특별시 영등포구 도신로 ** (도림동,연안빌딩 *층)",,,05,제외/삭제/전출,,,
0,(주)위드지비,,30000000,190487.78435765,447142.741732677,2026-05-01 22:41:49,I,07,직권말소,2014-02-13 16:47:54,0,,2009-03-27,150-043,서울특별시 영등포구 당산동*가 ***번지 *호 더파크*** ***,2009318011723200026,3180000,"서울특별시 영등포구 선유동*로 ** (당산동*가,더파크*** ***)",,,04,취소/말소/만료/정지/중지,,,
16800000,(주)퓨리젠,,1000000,193785.813402517,446328.36052151,2026-05-01 22:42:04,I,07,직권말소,2020-09-28 09:03:43,15000000,,2014-03-19,,서울특별시 영등포구 여의도동 **번지 **호 센터빌딩,2018318016323200037,3180000,"서울특별시 영등포구 여의대방로**길 *, 센터빌딩 **층 (여의도동)",07333,,04,취소/말소/만료/정지/중지,,,02-780-3389
20000000,주식회사 휴먼네트,,20000000,189959.044020878,446192.884313355,2026-05-01 22:42:04,I,01,정상영업,2020-11-18 14:07:57,0,,2016-05-12,,서울특별시 영등포구 문래동*가 ** 문래 SK V* center,2018318016323200039,3180000,"서울특별시 영등포구 선유로*길 **, 문래 SK V* center ***호 (문래동*가)",07281,,01,영업/정상,,,02-2257-8888
0,주식회사 모닝컴마켓,,5000000,191285.015028707,442649.873938101,2026-05-01 22:42:03,I,01,정상영업,2020-11-30 09:59:04,0,,2017-11-08,,서울특별시 영등포구 대림동 **** 신대림자이,2017318016323200055,3180000,"서울특별시 영등포구 시흥대로 ***-*, *층 ***호 (대림동, 신대림자이)",07445,,01,영업/정상,,,
,건국우유,,,190995.816322607,444030.582379676,2026-05-01 22:42:03,I,01,정상영업,2020-11-10 13:29:17,,,2018-01-26,,서울특별시 영등포구 대림동 ***번지 *호,2018318016323200002,3180000,"서울특별시 영등포구 대림로**길 *, *층 (대림동)",07401,,01,영업/정상,,,02-847-9388
,주식회사 희름,,,190869.535849091,447418.610331007,2026-05-01 22:42:03,I,01,정상영업,2018-12-31 13:30:08,,,2018-01-26,,서울특별시 영등포구 당산동*가 **번지 *호,2018318016323200003,3180000,"서울특별시 영등포구 당산로 ***, *층 (당산동*가)",07219,,01,영업/정상,,,02-6408-9114
,건국우유,,,191329.816450602,446862.805014947,2026-05-01 22:42:03,I,01,정상영업,2021-10-05 11:07:27,,,2018-02-23,,서울특별시 영등포구 영등포동*가 **-* 경남아너스빌,2018318016323200006,3180000,"서울특별시 영등포구 양산로 ***, 상가 ***호 (영등포동*가, 경남아너스빌)",07244,,01,영업/정상,,,02-2671-3996
30449493,주식회사 아바뉴스,,,191285.015028707,442649.873938101,2026-05-01 22:42:03,I,07,직권말소,2020-06-24 14:20:57,172997757,,2016-04-20,,서울특별시 영등포구 대림동 ****번지 신대림자이,2018318016323200007,3180000,"서울특별시 영등포구 시흥대로 ***-*, ***동 ****호 (대림동, 신대림자이)",07445,,04,취소/말소/만료/정지/중지,,,02-565-8572
362168347,주식회사 더블유에이치비에스,,3996466,189682.022243843,446823.857632163,2026-05-01 22:42:03,I,01,정상영업,2018-03-07 10:55:01,358171881,,2018-03-07,,서울특별시 영등포구 양평동*가 **번지 *호,2018318016323200009,3180000,"서울특별시 영등포구 영등포로 **, *층 ***호 (양평동*가)",07275,,01,영업/정상,,,1544-4542
0,와이비힐 주식회사,,100000000,192624.50963915,447161.260971461,2026-05-01 22:42:03,I,01,정상영업,2019-07-24 13:24:17,0,,2018-05-02,,서울특별시 영등포구 여의도동 **번지 *호 동성빌딩,2018318016323200018,3180000,"서울특별시 영등포구 국회대로**길 **, 동성빌딩 *층 (여의도동)",07236,,01,영업/정상,,,02-797-3434
0,(주)다모아파트너스,,100000000,193694.665015597,446449.546192539,2026-05-01 22:42:03,I,07,직권말소,2020-06-24 14:19:03,0,,2018-05-15,,서울특별시 영등포구 여의도동 **번지 **호,2018318016323200021,3180000,"서울특별시 영등포구 여의대방로**길 **, **층 ****호 (여의도동)",07333,,04,취소/말소/만료/정지/중지,,,02-761-7988
,씨앤,,,190959.708585957,443829.460104949,2026-05-01 22:42:03,I,07,직권말소,2020-09-28 09:03:00,,,2018-06-12,,서울특별시 영등포구 대림동 ***번지 **호,2018318016323200023,3180000,"서울특별시 영등포구 대림로**가길 **, *층 (대림동)",07413,,04,취소/말소/만료/정지/중지,,,
0,주식회사 뷰본,,1000000,190893.131686915,448122.912235512,2026-05-01 22:42:03,I,07,직권말소,2020-06-24 14:18:28,0,,2018-07-09,,서울특별시 영등포구 양평동*가 **번지 *호 두정빌딩,2018318016323200027,3180000,"서울특별시 영등포구 선유로 ***, 두정빌딩 ***호 (양평동*가)",07212,,04,취소/말소/만료/정지/중지,,,
99882431,(주)에이앤젯드림,,100000000,192044.009477254,446830.448317721,2026-05-01 22:42:03,I,01,정상영업,2020-07-16 16:15:58,184318725,,2018-07-19,,서울특별시 영등포구 영등포동*가 **번지 ***호 오성빌딩,2018318016323200029,3180000,"서울특별시 영등포구 버드나루로 **, 오성빌딩 *층 ***호 (영등포동*가)",07248,,01,영업/정상,,,02-1661-1161
648707278,(주) 제이빅에스앤씨,,150000000,193469.554731741,446508.068667777,2026-05-01 22:42:03,I,07,직권말소,2020-06-24 14:17:58,545164064,,2018-07-30,,서울특별시 영등포구 여의도동 **번지 *호,2018318016323200030,3180000,"서울특별시 영등포구 국제금융로*길 **, 맨하탄빌딩 *층 **호 (여의도동)",07331,,04,취소/말소/만료/정지/중지,,,02-761-7126
,웰빙플러스,,,191510.997808133,446660.816763594,2026-05-01 22:42:03,I,07,직권말소,2020-06-24 14:17:05,,,2018-08-20,,서울특별시 영등포구 영등포동*가 **번지,2018318016323200033,3180000,"서울특별시 영등포구 영중로 **, 영원빌딩 지하*층 (영등포동*가)",07251,,04,취소/말소/만료/정지/중지,,,
6755597,주식회사 원플러스라이프,,1000000,190996.357288859,445841.377603245,2026-05-01 22:42:03,I,02,휴업처리,2020-09-09 10:51:01,6000000,,2018-08-28,,서울특별시 영등포구 문래동*가 **번지 **호 에이스하이테크시티,2018318016323200034,3180000,"서울특별시 영등포구 경인로 ***, 에이스하이테크시티 *동 *층 ***호 (문래동*가)",07299,,02,휴업,2020-09-09,2021-09-30,
0,아리랑아홈쇼핑 주식회사,,50000000,191285.015028707,442649.873938101,2026-05-01 22:42:04,I,02,휴업처리,2020-06-19 13:21:46,0,,2018-08-29,,서울특별시 영등포구 대림동 ****번지 신대림자이,2018318016323200035,3180000,"서울특별시 영등포구 시흥대로 ***-*, *층 ***호 (대림동, 신대림자이)",07445,,02,휴업,2020-06-19,2022-12-31,02-844-8270
0,(주)하베르몰,,100000000,191087.758954321,446157.437289242,2026-05-01 22:42:04,I,07,직권말소,2020-09-28 09:03:22,0,,2018-09-05,,서울특별시 영등포구 문래동*가 **번지 **호 영등포 SK 리더스뷰,2018318016323200036,3180000,"서울특별시 영등포구 문래로 ***, *층 E-**호 (문래동*가)",07297,,04,취소/말소/만료/정지/중지,,,02-2628-9998
,고려원홍삼유통,,,190984.747635649,447463.40250132,2026-05-01 22:41:50,I,07,직권말소,2010-05-24 10:30:23,,,2009-05-07,150-044,서울특별시 영등포구 당산동*가 **번지 **호 *층,2009318011723200058,3180000,"서울특별시 영등포구 당산로**길 *-* (당산동*가,*층)",,,04,취소/말소/만료/정지/중지,,,1544-3487
50000000,케이티콜(주),,50000000,190996.357288859,445841.377603245,2026-05-01 22:41:50,I,07,직권말소,2019-08-14 11:37:01,0,,2009-05-11,150-972,서울특별시 영등포구 문래동*가 **번지 **호 에이스하이테크시티 *동 ***호,2009318011723200059,3180000,"서울특별시 영등포구 경인로 ***, *동 ***호 (문래동*가,에이스하이테크시티)",,,04,취소/말소/만료/정지/중지,,,34392105
164700055,(주)피케이 로하스,,58066685,190059.040313295,446192.329642205,2026-05-01 22:41:50,I,07,직권말소,2012-02-29 13:30:55,106633370,,2009-05-11,150-096,서울특별시 영등포구 문래동*가 *번지 *호 문래동 현대홈시티  ***동 ****호,2009318011723200060,3180000,"서울특별시 영등포구 선유로**길 *, ***동 ****호 (문래동*가,문래동 현대홈시티)",,,04,취소/말소/만료/정지/중지,,,
,쎈추리 상사,,,190923.551317757,446575.396546634,2026-05-01 22:41:50,I,07,직권말소,2012-02-29 13:30:17,,,2009-05-12,150-800,서울특별시 영등포구 당산동*가 **번지 *호 ***호,2009318011723200061,3180000,"서울특별시 영등포구 영등포로 *** (당산동*가,***호)",,,04,취소/말소/만료/정지/중지,,,
,제약사업부,,,190927.29229011,444157.765368221,2026-05-01 22:41:50,I,07,직권말소,2014-02-13 16:44:29,,,2009-05-26,150-070,서울특별시 영등포구 대림동 ***번지 *호 광림빌딩 *층,2009318011723200064,3180000,"서울특별시 영등포구 대림로 *** (대림동,광림빌딩 *층)",,,04,취소/말소/만료/정지/중지,,,
,마에스타,,,190324.466389297,446415.720698035,2026-05-01 22:41:50,I,07,직권말소,2012-02-29 13:29:54,,,2009-06-02,150-093,서울특별시 영등포구 문래동*가 **번지 **호 *층,2009318011723200066,3180000,"서울특별시 영등포구 문래로 ** (문래동*가,*층)",,,04,취소/말소/만료/정지/중지,,,1544-7535
2000000,(주)포룡,,240000000,,,2026-05-01 22:41:50,I,07,직권말소,2013-06-23 11:45:59,0,,2009-06-03,150-091,서울특별시 영등포구 문래동*가 **번지,2009318011723200067,3180000,,,,04,취소/말소/만료/정지/중지,,,
0,(주)비바그린,,50000000,191580.646388785,446320.718339983,2026-05-01 22:41:50,I,07,직권말소,2013-03-25 20:39:17,0,,2009-06-08,150-033,서울특별시 영등포구 영등포동*가 *번지,2009318011723200068,3180000,서울특별시 영등포구 영중로 ** (영등포동*가),,,04,취소/말소/만료/정지/중지,,,26760800
,하라,,,190923.551317757,446575.396546634,2026-05-01 22:41:49,I,07,직권말소,2012-10-29 18:46:19,,,2009-03-30,150-800,서울특별시 영등포구 당산동*가 **번지 *호 당산빌딩 ***,2009318011723200027,3180000,"서울특별시 영등포구 영등포로 *** (당산동*가,당산빌딩 ***)",,,04,취소/말소/만료/정지/중지,,,36671113
,유민,,,192191.430287879,445464.469001419,2026-05-01 22:41:49,I,07,직권말소,2019-08-14 11:38:04,,,2009-04-01,150-050,서울특별시 영등포구 신길동 ***번지 *호 ***,2009318011723200028,3180000,"서울특별시 영등포구 도신로 ***-* (신길동,***)",,,04,취소/말소/만료/정지/중지,,,
,세원,,,190923.551317757,446575.396546634,2026-05-01 22:41:49,I,07,직권말소,2013-06-23 11:43:04,,,2009-04-08,150-800,서울특별시 영등포구 당산동*가 **번지 *호 당산빌딩,2009318011723200035,3180000,"서울특별시 영등포구 영등포로 *** (당산동*가,당산빌딩)",,,04,취소/말소/만료/정지/중지,,,
,프랜드,,,190923.551317757,446575.396546634,2026-05-01 22:41:49,I,07,직권말소,2013-03-25 20:38:40,,,2009-04-15,150-041,서울특별시 영등포구 당산동*가 **번지 *호 당산빌딩 *층,2009318011723200039,3180000,"서울특별시 영등포구 영등포로 *** (당산동*가,당산빌딩 *층)",,,04,취소/말소/만료/정지/중지,,,36674841
,백호상사,,,190923.551317757,446575.396546634,2026-05-01 22:41:49,I,07,직권말소,2012-01-10 14:42:49,,,2009-04-17,150-041,서울특별시 영등포구 당산동*가 **번지 *호 당산빌딩 *층,2009318011723200043,3180000,"서울특별시 영등포구 영등포로 *** (당산동*가,당산빌딩 *층)",,,04,취소/말소/만료/정지/중지,,,
,현대아이비젼,,,190968.870784784,445750.399305962,2026-05-01 22:41:49,I,07,직권말소,2010-05-24 10:32:56,,,2009-04-17,150-090,서울특별시 영등포구 문래동 **번지 **호 ***,2009318011723200045,3180000,"서울특별시 영등포구 경인로 *** (문래동*가,***)",,,04,취소/말소/만료/정지/중지,,,
196968834,(주)메가일렉,,5000000,190968.870784784,445750.399305962,2026-05-01 22:41:49,I,05,타시군구이관,2009-12-09 10:48:51,251124648,,2009-04-17,150-093,서울특별시 영등포구 문래동*가 **번지 **호 *층 ***,2009318011723200046,3180000,"서울특별시 영등포구 경인로 *** (문래동*가,*층 ***)",,,05,제외/삭제/전출,,,20681014
,금호종합상사,,,190940.034564342,446461.996000435,2026-05-01 22:41:49,I,01,정상영업,2023-03-28 16:28:17,,,2009-04-17,,서울특별시 영등포구 당산동*가 *** 생각공장 당산,2009318011723200047,3180000,"서울특별시 영등포구 영등포로 ***, 생각공장 당산 A-***호 (당산동*가)",07292,,01,영업/정상,,,
,J글로리,,,190923.551317757,446575.396546634,2026-05-01 22:41:49,I,07,직권말소,2013-06-23 11:43:40,,,2009-04-21,150-041,서울특별시 영등포구 당산동*가 **번지 *호 ***호,2009318011723200050,3180000,"서울특별시 영등포구 영등포로 *** (당산동*가,***호)",,,04,취소/말소/만료/정지/중지,,,36671113
,아모레퍼시픽영등포점,,,,,2026-05-01 22:41:50,I,07,직권말소,2019-08-14 11:37:35,,,2009-04-23,150-798,"서울특별시 영등포구 영등포동*가 ***,***번지 *층",2009318011723200051,3180000,,,,04,취소/말소/만료/정지/중지,,,02-2679-2207
,신세기에프엔씨그룹,,,192798.021877174,445377.296217663,2026-05-01 22:41:50,I,07,직권말소,2010-05-24 10:32:20,,,2009-05-04,150-050,서울특별시 영등포구 신길동 **번지 ***호,2009318011723200056,3180000,서울특별시 영등포구 영등포로**길 ** (신길동),,,04,취소/말소/만료/정지/중지,,,
,선우시스템,,,191767.781647572,444890.685727772,2026-05-01 22:42:04,I,01,정상영업,2018-09-27 15:23:37,,,2018-09-27,,서울특별시 영등포구 신길동 ***번지 **호,2018318016323200040,3180000,서울특별시 영등포구 가마산로**길 *-* (신길동),07387,,01,영업/정상,,,
200000000,(주)루채,,100000000,190555.768991595,446698.814322782,2026-05-01 22:42:04,I,07,직권말소,2025-06-30 09:37:54,0,,2018-10-01,,서울특별시 영등포구 당산동*가 **번지 *호 영등포유통상가,2018318016323200041,3180000,"서울특별시 영등포구 영등포로 ***, 영등포유통상가 *층 제나열 **호 (당산동*가)",07264,,04,취소/말소/만료/정지/중지,,,02-2677-8285
0,아리랑아 주식회사,,0,191285.015028707,442649.873938101,2026-05-01 22:42:04,I,02,휴업처리,2020-06-23 08:37:38,0,,2018-11-05,,서울특별시 영등포구 대림동 ****번지 신대림자이,2018318016323200046,3180000,"서울특별시 영등포구 시흥대로 ***-*, *층 ***호 (대림동, 신대림자이)",07445,,02,휴업,2020-06-23,2022-12-31,02-844-8270
,넥슨홈쇼핑,,,191683.586637281,446668.345375487,2026-05-01 22:42:04,I,01,정상영업,2018-12-10 09:37:43,,,2018-12-10,,서울특별시 영등포구 영등포동*가 **번지 *호 영등포현대프라자,2018318016323200049,3180000,"서울특별시 영등포구 양산로 ***, ***호~****호 (영등포동*가, 영등포현대프라자)",07250,,01,영업/정상,,,
0,주식회사 씨엠비영등포방송,,4200000000,190637.343449248,448102.814072423,2026-05-01 22:42:04,I,01,정상영업,2021-04-15 15:51:34,0,,2018-12-19,,서울특별시 영등포구 양평동*가 **번지,2018318016323200050,3180000,서울특별시 영등포구 양평로**길 ** (양평동*가),07209,,01,영업/정상,,,
,영등포오피스가맹점,,,190963.567243946,446964.010976987,2026-05-01 22:42:04,I,01,정상영업,2018-12-19 10:39:16,,,2018-12-19,,서울특별시 영등포구 당산동*가 **번지 *호,2018318016323200051,3180000,"서울특별시 영등포구 양산로**길 **-*, *층,B*층 (당산동*가)",07259,,01,영업/정상,,,02-2633-2041
0,주식회사제이케이헬씨유성,,20000000,190934.193698796,443748.51092707,2026-05-01 22:42:04,I,01,정상영업,2018-12-20 15:49:10,0,,2018-12-20,,서울특별시 영등포구 대림동 ***번지 **호,2018318016323200052,3180000,"서울특별시 영등포구 대림로**나길 **, ***호 (대림동)",07413,,01,영업/정상,,,
,마임(당산),,,190791.225613055,446926.797172515,2026-05-01 22:42:04,I,01,정상영업,2019-01-07 09:29:25,,,2019-01-07,,서울특별시 영등포구 당산동*가 ***번지,2019318022623200001,3180000,"서울특별시 영등포구 당산로 ***, *층 (당산동*가)",07259,,01,영업/정상,,,02-2678-4148
,마임 신도림지사,,,191389.993558581,445070.005468248,2026-05-01 22:42:04,I,01,정상영업,2019-01-07 09:22:16,,,2019-01-07,,서울특별시 영등포구 도림동 ***번지 ***호,2019318022623200002,3180000,"서울특별시 영등포구 도신로 ***, *층 (도림동)",07369,,01,영업/정상,,,02-831-2665
10000000,(주)해피팡팡,,10000000,191285.015028707,442649.873938101,2026-05-01 22:42:04,I,07,직권말소,2020-06-24 14:16:33,0,,2019-02-28,,서울특별시 영등포구 대림동 ****번지 신대림자이,2019318022623200008,3180000,"서울특별시 영등포구 시흥대로 ***-*, *층 ***호 (대림동, 신대림자이)",07445,,04,취소/말소/만료/정지/중지,,,
10000000,주식회사 유앤아이헬스,,10000000,191301.392342095,442710.662421803,2026-05-01 22:42:04,I,01,정상영업,2019-07-10 11:39:36,0,,2019-03-05,,서울특별시 영등포구 대림동 ****번지 신대림자이,2019318022623200009,3180000,"서울특별시 영등포구 시흥대로***길 **, 신대림자이 ***호 (대림동, 신대림자이)",07445,,01,영업/정상,,,
1523616826,(주)대노복지사업단,,300000000,190926.607527399,447510.554085801,2026-05-01 22:42:04,I,01,정상영업,2022-12-14 11:06:49,6628607682,,2008-12-10,,서울특별시 영등포구 당산동*가 **-* 금강 펜테리움 IT타워,2019318022623200011,3180000,"서울특별시 영등포구 당산로 ***, 금강 펜테리움 IT타워 *층 *호 (당산동*가)",07217,,01,영업/정상,,,1588-3543
1569000000,(주)하나로라이프,,1569000000,189859.071768836,445875.89672273,2026-05-01 22:42:04,I,01,정상영업,2019-04-01 16:36:10,0,,2019-04-01,,서울특별시 영등포구 문래동*가 *번지 벽산디지털밸리,2019318022623200012,3180000,"서울특별시 영등포구 경인로**길 **, 벽산디지털밸리 ****호 (문래동*가)",07286,,01,영업/정상,,,1899-4171
,서울당산센타,,,191270.64001553,448081.078279985,2026-05-01 22:42:04,I,01,정상영업,2020-07-15 11:29:50,,,2019-04-08,,서울특별시 영등포구 당산동*가 *** 당일빌딩,2019318022623200013,3180000,"서울특별시 영등포구 당산로**길 *, 당일빌딩 *호동 *층 ***호 (당산동*가)",07222,,01,영업/정상,,,
,코리아힐링쎈타,,,190840.536471982,446937.287723052,2026-05-01 22:42:04,I,07,직권말소,2020-06-24 14:16:01,,,2019-05-09,,서울특별시 영등포구 당산동*가 ***번지 행당빌딩,2019318022623200020,3180000,"서울특별시 영등포구 당산로**길 *, 행당빌딩 *층 (당산동*가)",07259,,04,취소/말소/만료/정지/중지,,,
,포 유어 베이비(For your baby),,,191262.545649125,446198.631098805,2026-05-01 22:42:04,I,07,직권말소,2020-09-28 09:04:05,,,2019-06-04,,서울특별시 영등포구 영등포동*가 ***번지 영등포 센트럴 푸르지오 시티,2019318022623200022,3180000,"서울특별시 영등포구 문래로 ***, 영등포 센트럴 푸르지오 시티 ***호 (영등포동*가)",07305,,04,취소/말소/만료/정지/중지,,,
368576795,(주) 하눌커뮤니케이션,,100000000,191425.722339989,447891.794625907,2026-05-01 22:42:04,I,01,정상영업,2020-07-29 12:53:12,462283750,,2019-06-27,,서울특별시 영등포구 당산동*가 ***-* 수정빌딩,2019318022623200024,3180000,"서울특별시 영등포구 양평로 **, 수정빌딩 ***호 (당산동*가)",07223,,01,영업/정상,,,070-4501-4545
1158665736,다움커리어 (주),,534582969,193007.046233936,444969.540244775,2026-05-01 22:42:04,I,01,정상영업,2022-07-18 18:07:56,624082767,,2019-07-08,,서울특별시 영등포구 신길동 ***,2019318022623200031,3180000,서울특별시 영등포구 여의대방로**라길 **-*(신길동),07359,,01,영업/정상,,,02-771-0511
,온누리쭈꾸미,,,193089.35913273,447463.303055433,2026-05-01 22:42:04,I,07,직권말소,2021-10-21 15:41:41,,,2019-08-07,,서울특별시 영등포구 여의도동 **번지 **호 기계산업진흥회,2019318022623200035,3180000,"서울특별시 영등포구 은행로 **, 기계산업진흥회 (여의도동)",07238,,04,취소/말소/만료/정지/중지,,,02-3280-6692
,인셀덤성공,,,190107.95828772,447051.469526227,2026-05-01 22:42:04,I,07,직권말소,2020-06-24 14:15:10,,,2019-05-01,,서울특별시 영등포구 양평동*가 **번지 *호 월드메르디앙비즈센터,2019318022623200037,3180000,"서울특별시 영등포구 양산로 **, 월드메르디앙비즈센터 ****호 (양평동*가)",07271,,04,취소/말소/만료/정지/중지,,,
164700055,(주)피케이로하스,,58066685,190059.040313295,446192.329642205,2026-05-01 22:41:50,I,04,직권취소,2009-06-22 14:47:20,106633370,,2009-06-09,150-096,서울특별시 영등포구 문래동*가 *번지 *호 문래동현대홈시티 ***동 ****호,2009318011723200069,3180000,"서울특별시 영등포구 선유로**길 *, ***동 ****호 (문래동*가,문래동현대홈시티)",,,04,취소/말소/만료/정지/중지,,,
,채움상사,,,190923.551317757,446575.396546634,2026-05-01 22:41:50,I,07,직권말소,2010-05-24 10:29:21,,,2009-06-09,150-041,서울특별시 영등포구 당산동*가 **번지 *호 *층,2009318011723200072,3180000,"서울특별시 영등포구 영등포로 *** (당산동*가,*층)",,,04,취소/말소/만료/정지/중지,,,
,살자상사,,,190923.551317757,446575.396546634,2026-05-01 22:41:50,I,07,직권말소,2013-03-25 20:39:46,,,2009-06-09,150-041,서울특별시 영등포구 당산동*가 **번지 *호,2009318011723200073,3180000,서울특별시 영등포구 영등포로 *** (당산동*가),,,04,취소/말소/만료/정지/중지,,,
,맵시나,,,190923.551317757,446575.396546634,2026-05-01 22:41:50,I,07,직권말소,2012-10-29 18:47:26,,,2009-06-11,150-800,서울특별시 영등포구 당산동*가 **번지 *호 당산빌딩 *층,2009318011723200076,3180000,"서울특별시 영등포구 영등포로 *** (당산동*가,당산빌딩 *층)",,,04,취소/말소/만료/정지/중지,,,26363213
,성답,,,190923.551317757,446575.396546634,2026-05-01 22:41:50,I,07,직권말소,2012-02-29 13:29:23,,,2009-06-12,150-041,서울특별시 영등포구 당산동*가 **번지 *호 ***호,2009318011723200079,3180000,"서울특별시 영등포구 영등포로 *** (당산동*가,***호)",,,04,취소/말소/만료/정지/중지,,,
,민들레홀씨,,,190923.551317757,446575.396546634,2026-05-01 22:41:50,I,05,타시군구이관,2009-10-16 19:00:14,,,2009-06-17,150-041,서울특별시 영등포구 당산동*가 **번지 *호 당산빌딩 *층,2009318011723200080,3180000,"서울특별시 영등포구 영등포로 *** (당산동*가,당산빌딩 *층)",,,05,제외/삭제/전출,,,34729207
,은수,,,190923.551317757,446575.396546634,2026-05-01 22:41:50,I,07,직권말소,2012-02-29 13:28:55,,,2009-06-22,150-041,서울특별시 영등포구 당산동*가 **번지 *호 ***,2009318011723200082,3180000,"서울특별시 영등포구 영등포로 *** (당산동*가,***)",,,04,취소/말소/만료/정지/중지,,,
,방실 F&D,,,191764.678800439,444115.905037274,2026-05-01 22:41:50,I,07,직권말소,2010-05-24 10:28:33,,,2009-06-22,150-050,서울특별시 영등포구 신길동 ***번지 **호 지층,2009318011723200084,3180000,"서울특별시 영등포구 대방천로 *** (신길동,지층)",,,04,취소/말소/만료/정지/중지,,,
,오복지사,,,190923.551317757,446575.396546634,2026-05-01 22:41:50,I,07,직권말소,2012-02-29 13:13:44,,,2009-06-25,150-041,서울특별시 영등포구 당산동*가 **번지 *호,2009318011723200086,3180000,서울특별시 영등포구 영등포로 *** (당산동*가),,,04,취소/말소/만료/정지/중지,,,
,초롱지사,,,190923.551317757,446575.396546634,2026-05-01 22:41:50,I,07,직권말소,2013-03-25 20:40:14,,,2009-06-26,150-041,서울특별시 영등포구 당산동*가 **번지 *호,2009318011723200087,3180000,서울특별시 영등포구 영등포로 *** (당산동*가),,,04,취소/말소/만료/정지/중지,,,
,엘샤다이,,,190923.551317757,446575.396546634,2026-05-01 22:41:50,I,07,직권말소,2014-11-24 10:40:27,,,2009-06-26,150-041,서울특별시 영등포구 당산동*가 **번지 *호,2009318011723200088,3180000,서울특별시 영등포구 영등포로 *** (당산동*가),,,04,취소/말소/만료/정지/중지,,,26325506
,은성유통,,,,,2026-05-01 22:41:50,I,07,직권말소,2012-02-29 13:13:00,,,2009-07-01,150-050,서울특별시 영등포구 신길동 ****번지,2009318011723200089,3180000,서울특별시 영등포구 신길로**다길 ** (신길동),,,04,취소/말소/만료/정지/중지,,,
10000000,(주)그린슈머홀딩스,,10000000,191491.233768044,445126.138630837,2026-05-01 22:41:50,I,07,직권말소,2012-02-29 13:12:32,0,,2009-07-15,150-080,서울특별시 영등포구 도림동 ***번지 **호 ***,2009318011723200093,3180000,"서울특별시 영등포구 도신로 *** (도림동,***)",,,04,취소/말소/만료/정지/중지,,,26684601
,데이지,,,190923.551317757,446575.396546634,2026-05-01 22:41:50,I,07,직권말소,2012-02-29 13:12:00,,,2009-07-16,150-041,서울특별시 영등포구 당산동*가 **번지 *호,2009318011723200094,3180000,서울특별시 영등포구 영등포로 *** (당산동*가),,,04,취소/말소/만료/정지/중지,,,36671113
,고객사랑,,,191010.36992425,444526.083346191,2026-05-01 22:41:51,I,07,직권말소,2010-05-24 10:26:57,,,2009-07-26,150-070,서울특별시 영등포구 대림동 ***번지 *호,2009318011723200098,3180000,서울특별시 영등포구 가마산로**길 * (대림동),,,04,취소/말소/만료/정지/중지,,,
,송이,,,190923.551317757,446575.396546634,2026-05-01 22:41:51,I,07,직권말소,2012-02-29 13:11:31,,,2009-07-29,150-041,서울특별시 영등포구 당산동*가 **번지 *호 ***호,2009318011723200100,3180000,"서울특별시 영등포구 영등포로 *** (당산동*가,***호)",,,04,취소/말소/만료/정지/중지,,,
,구구칠팔,,,190923.551317757,446575.396546634,2026-05-01 22:41:51,I,07,직권말소,2010-05-24 10:23:34,,,2009-07-31,150-041,서울특별시 영등포구 당산동*가 **번지 *호,2009318011723200101,3180000,서울특별시 영등포구 영등포로 *** (당산동*가),,,04,취소/말소/만료/정지/중지,,,
0,헵시바,,0,190923.551317757,446575.396546634,2026-05-01 22:41:51,I,05,타시군구이관,2009-12-03 21:33:24,0,,2009-07-31,150-041,서울특별시 영등포구 당산동*가 **번지 *호  당산빌딩 *층,2009318011723200103,3180000,"서울특별시 영등포구 영등포로 *** (당산동*가,당산빌딩 *층)",,,05,제외/삭제/전출,,,
,민화,,,190923.551317757,446575.396546634,2026-05-01 22:41:51,I,07,직권말소,2012-02-29 13:10:48,,,2009-08-03,150-800,서울특별시 영등포구 당산동*가 **번지 *호 ***호,2009318011723200107,3180000,"서울특별시 영등포구 영등포로 *** (당산동*가,***호)",,,04,취소/말소/만료/정지/중지,,,
10001066122634,현대커머셜주식회사,,1302048533915,192743.704150512,447473.645928848,2026-05-01 22:42:04,I,01,정상영업,2024-04-22 11:51:57,8699017588719,,2019-09-11,,서울특별시 영등포구 여의도동 **번지 현대캐피탈빌딩,2019318022623200041,3180000,"서울특별시 영등포구 국회대로**길 *, 현대캐피탈빌딩 (여의도동)",07237,,01,영업/정상,,,1577-5200
,기아 선유로대리점,,,190364.652010662,447158.946262059,2026-05-01 22:42:04,I,01,정상영업,2021-04-20 14:42:46,,,2019-09-17,,서울특별시 영등포구 양평동*가 **번지 이앤씨드림타워,2019318022623200043,3180000,"서울특별시 영등포구 선유로 ***, 이앤씨드림타워 제*층 제***,***,***호 (양평동*가)",07255,,01,영업/정상,,,
,에스앤피시스템즈,2026-04-01,,193469.554731741,446508.068667777,2026-05-01 22:42:04,I,03,폐업처리,2026-04-01 14:28:53,,,2019-01-17,,서울특별시 영등포구 여의도동 **번지 *호,2019318022623200044,3180000,"서울특별시 영등포구 국제금융로*길 **, ***호_A*** (여의도동)",07331,,03,폐업,,,02-2608-1078
161726531,컴펫라이프 주식회사,,100000000,193469.554731741,446508.068667777,2026-05-01 22:42:04,I,07,직권말소,2025-06-30 09:36:47,232636390,,2019-09-26,,서울특별시 영등포구 여의도동 **번지 *호,2019318022623200045,3180000,"서울특별시 영등포구 국제금융로*길 **, 맨하탄빌딩 **층 **호 (여의도동)",07331,,04,취소/말소/만료/정지/중지,,,02-1811-0934
229246050186,(주) 케이티아이에스 (ktis Corporation),,17401000000,192775.295583448,446612.53954492,2026-05-01 22:42:04,I,01,정상영업,2024-04-30 12:22:51,68996317309,,2019-10-17,,서울특별시 영등포구 여의도동 **번지 *호 KT여의도지점,2019318022623200050,3180000,"서울특별시 영등포구 여의대로 **, KT여의도지점 **층 (여의도동)",07320,,01,영업/정상,,,02-3215-2183
9157304,주)순복음이레라이프,,10000000,193289.310384283,447527.152620774,2026-05-01 22:42:04,I,01,정상영업,2021-11-16 13:51:23,2869610,,2019-10-28,,서울특별시 영등포구 여의도동 **번지 *호 삼도오피스텔,2019318022623200052,3180000,"서울특별시 영등포구 은행로 **, ****호 (여의도동, 삼도오피스텔)",07241,,01,영업/정상,,,02-784-3536
,인셀덤코코렐라,,,191087.583580797,447288.893080314,2026-05-01 22:42:04,I,07,직권말소,2025-06-30 09:40:09,,,2019-11-01,,서울특별시 영등포구 당산동*가 *번지 ***호 노블레스,2019318022623200053,3180000,"서울특별시 영등포구 국회대로**길 *-*, 노블레스 B**호 (당산동*가)",07221,,04,취소/말소/만료/정지/중지,,,
50000000,주식회사 위퍼니,,50000000,192831.478310557,447442.596366034,2026-05-01 22:42:05,I,01,정상영업,2019-11-15 16:28:39,0,,2019-11-14,,서울특별시 영등포구 여의도동 **번지 **호 삼보호정빌딩,2019318022623200055,3180000,"서울특별시 영등포구 국회대로**길 **, 삼보호정빌딩 ***호 (여의도동)",07237,,01,영업/정상,,,02-1670-6169
,즐거운여행사,,,190735.069632546,443454.76534594,2026-05-01 22:42:05,I,07,직권말소,2021-10-21 15:43:58,,,2019-11-21,,서울특별시 영등포구 대림동 ****번지 **호,2019318022623200058,3180000,"서울특별시 영등포구 도림로**길 *-*, *층 *호 (대림동)",07415,,04,취소/말소/만료/정지/중지,,,
41645539,코코실버은이온수 주식회사,,10000000,190266.579204407,446769.272182126,2026-05-01 22:42:05,I,01,정상영업,2019-12-24 09:58:22,44829334,,2019-12-17,,서울특별시 영등포구 양평동*가 **번지 *호,2019318022623200066,3180000,"서울특별시 영등포구 선유로**길 *-*, 지하 (양평동*가)",07262,,01,영업/정상,,,1588-2468
1027670654,주식회사 쿠키씨엔씨,,1350000000,190162.569200935,446594.390567334,2026-05-01 22:42:05,I,01,정상영업,2019-12-27 10:31:26,1981353137,,2019-12-27,,서울특별시 영등포구 양평동*가 **번지 *호 한특빌딩,2019318022623200068,3180000,"서울특별시 영등포구 선유로 **, 한특빌딩 *층 (양평동*가)",07279,,01,영업/정상,,,02-1577-2126
,인셀덤영등포,,,191372.316849706,442663.748373343,2026-05-01 22:42:05,I,01,정상영업,2020-01-28 17:06:59,,,2020-01-21,,서울특별시 영등포구 대림동 ****번지 H HOUSE 대림 뉴스테이,2020318023923200005,3180000,"서울특별시 영등포구 시흥대로 ***, ***동 ***호 (대림동, H HOUSE 대림 뉴스테이)",07445,,01,영업/정상,,,
,에치와이 양평점,,,191119.519022585,448212.633899603,2026-05-01 22:42:05,I,01,정상영업,2021-04-29 16:46:34,,,2020-02-27,,서울특별시 영등포구 당산동*가 ***번지 *호,2020318023923200012,3180000,"서울특별시 영등포구 양평로**가길 *, *층 (당산동*가)",07222,,01,영업/정상,,,02-2677-0774
,인셀덤(대림점),,,191104.986595323,443370.434646594,2026-05-01 22:42:05,I,01,정상영업,2021-12-20 16:45:35,,,2020-02-27,,서울특별시 영등포구 대림동 ***번지 **호,2020318023923200014,3180000,서울특별시 영등포구 디지털로**길 ** (대림동),07418,2021-12-20,01,영업/정상,,,02-848-2073
,마임영등포지사,,,192000.761827912,445571.807001694,2026-05-01 22:42:05,I,01,정상영업,2020-03-03 08:36:52,,,2020-03-03,,서울특별시 영등포구 신길동 ***번지 ***호,2020318023923200015,3180000,"서울특별시 영등포구 신길로 ***, *층 (신길동)",07313,,01,영업/정상,,,02-833-9884
153482670,주식회사 케이웍스미디어,,27428095,192549.197013374,447167.254346903,2026-05-01 22:42:05,I,01,정상영업,2020-03-16 10:51:53,126054575,,2020-03-11,,서울특별시 영등포구 여의도동 **번지 *호 한국보이스카우트연맹회관,2020318023923200016,3180000,"서울특별시 영등포구 국회대로**길 **, 한국보이스카우트연맹회관 비*층 ***호 (여의도동)",07235,,01,영업/정상,,,
,인셀덤로샤점,,,191677.721762828,446960.385873011,2026-05-01 22:42:05,I,01,정상영업,2020-03-12 08:59:20,,,2020-03-12,,서울특별시 영등포구 영등포동*가 **번지 *호,2020318023923200018,3180000,"서울특별시 영등포구 국회대로**길 *, *층 *-*호 (영등포동*가)",07246,,01,영업/정상,,,02-816-0006
,즐거운 인셀덤,,,190735.069632546,443454.76534594,2026-05-01 22:42:05,I,07,직권말소,2021-10-21 15:43:36,,,2020-03-23,,서울특별시 영등포구 대림동 ****번지 **호,2020318023923200021,3180000,"서울특별시 영등포구 도림로**길 *-*, *층 *호 (대림동)",07415,,04,취소/말소/만료/정지/중지,,,
50000000,주식회사 스톨존슈퍼셀(Sturgeon Supercell),,50000000,191628.281133809,447397.380617328,2026-05-01 22:42:05,I,01,정상영업,2020-11-18 11:07:27,0,,2020-03-30,,서울특별시 영등포구 영등포동*가 **번지 *호 드림프라자,2020318023923200023,3180000,"서울특별시 영등포구 영중로 ***, 드림프라자 ***호 (영등포동*가)",07226,,01,영업/정상,,,070-8247-7427
824262806,(유)서전텔레콤,,423227256,190866.605827116,446211.615914248,2026-05-01 22:41:51,I,07,직권말소,2014-02-13 16:36:25,401035550,,2009-08-04,150-093,서울특별시 영등포구 문래동*가 **번지 *호 문래동벽산메가트리움 제비***동 제지하*층 제비***호-***호,2009318011723200108,3180000,"서울특별시 영등포구 문래로**길 * (문래동*가,문래동벽산메가트리움 제비***동 제지하*층 제비***호-***호)",,,04,취소/말소/만료/정지/중지,,,1644-2850
40000000,(주)이지엔엔씨,,50000000,191650.262823467,446234.789725611,2026-05-01 22:41:51,I,07,직권말소,2012-02-29 13:09:50,0,,2009-08-04,150-033,서울특별시 영등포구 영등포동*가 *번지 *호 성남빌딩신관      ***,2009318011723200109,3180000,"서울특별시 영등포구 영중로*길 * (영등포동*가,성남빌딩신관      ***)",,,04,취소/말소/만료/정지/중지,,,26890056
,디톡스상사,,,190923.551317757,446575.396546634,2026-05-01 22:41:51,I,07,직권말소,2010-05-24 10:21:47,,,2009-08-13,150-041,서울특별시 영등포구 당산동*가 **번지 *호 당산빌딩 *층,2009318011723200113,3180000,"서울특별시 영등포구 영등포로 *** (당산동*가,당산빌딩 *층)",,,04,취소/말소/만료/정지/중지,,,36671113
,멋짱 혜정이네,,,190394.571819262,448656.726986041,2026-05-01 22:41:51,I,07,직권말소,2010-05-24 10:19:04,,,2009-08-13,150-105,서울특별시 영등포구 양평동*가 **번지 양평동한신아파트 ***동 ***호,2009318011723200114,3180000,"서울특별시 영등포구 양평로**길 *, ***동 ***호 (양평동*가,양평동한신아파트)",,,04,취소/말소/만료/정지/중지,,,31418642
,엔에스 인터내셔널,,,190896.502944012,447097.996223729,2026-05-01 22:41:51,I,07,직권말소,2010-05-24 10:17:17,,,2009-08-15,150-043,서울특별시 영등포구 당산동*가 ***번지 **호 *층,2009318011723200115,3180000,"서울특별시 영등포구 국회대로**길 **-* (당산동*가,*층)",,,04,취소/말소/만료/정지/중지,,,20682058
,신번개,,,190923.551317757,446575.396546634,2026-05-01 22:41:51,I,07,직권말소,2012-02-29 13:09:09,,,2009-08-18,150-041,서울특별시 영등포구 당산동*가 **번지 *호 당산빌딩 *층,2009318011723200119,3180000,"서울특별시 영등포구 영등포로 *** (당산동*가,당산빌딩 *층)",,,04,취소/말소/만료/정지/중지,,,
,세이브비즈아이티엠,,,194028.635844427,446303.385068506,2026-05-01 22:41:51,I,07,직권말소,2012-02-29 13:08:28,,,2009-08-20,150-010,서울특별시 영등포구 여의도동 **번지 *호 행진빌딩 ***호,2009318011723200121,3180000,"서울특별시 영등포구 국제금융로 *** (여의도동,행진빌딩 ***호)",,,04,취소/말소/만료/정지/중지,,,
,깨비건채,,,190923.551317757,446575.396546634,2026-05-01 22:41:51,I,07,직권말소,2012-02-29 13:07:52,,,2009-08-26,150-041,서울특별시 영등포구 당산동*가 **번지 *호 당산빌딩 ***,2009318011723200123,3180000,"서울특별시 영등포구 영등포로 *** (당산동*가,당산빌딩 ***)",,,04,취소/말소/만료/정지/중지,,,
34037327,주식회사 케이엘하이텍,,34022012,191627.906295078,447383.993552113,2026-05-01 22:41:51,I,07,직권말소,2012-02-29 13:07:01,15315,,2009-08-30,150-038,서울특별시 영등포구 영등포동*가 **번지 *호 드림프라자 비동 *층,2009318011723200124,3180000,"서울특별시 영등포구 영중로 ***-* (영등포동*가,드림프라자 비동 *층)",,,04,취소/말소/만료/정지/중지,,,02-2676-0002
,억조상사,,,190985.250491667,446595.763575197,2026-05-01 22:41:51,I,05,타시군구이관,2009-12-09 16:07:33,,,2009-09-17,150-800,서울특별시 영등포구 당산동*가 ***번지,2009318011723200128,3180000,서울특별시 영등포구 당산로**길 **-* (당산동*가),,,05,제외/삭제/전출,,,
,피라교육,,,190975.540887347,443689.545421548,2026-05-01 22:41:51,I,07,직권말소,2012-02-29 13:06:11,,,2009-09-27,150-070,서울특별시 영등포구 대림동 ***번지 *호,2009318011723200130,3180000,서울특별시 영등포구 대림로**가길 * (대림동),,,04,취소/말소/만료/정지/중지,,,02-842-6464
,광명상사,,,190923.551317757,446575.396546634,2026-05-01 22:41:51,I,07,직권말소,2010-05-24 10:12:45,,,2009-10-07,150-041,서울특별시 영등포구 당산동*가 **번지 *호 당산빌딩 *층 에스랜드,2009318011723200132,3180000,"서울특별시 영등포구 영등포로 *** (당산동*가,당산빌딩 *층 에스랜드)",,,04,취소/말소/만료/정지/중지,,,02-3667-1118
,온머리조아,,,192724.160543399,445943.98592898,2026-05-01 22:41:51,I,07,직권말소,2013-03-25 20:41:11,,,2009-10-08,150-050,서울특별시 영등포구 신길동 **번지 *호 경남상가 ***,2009318011723200133,3180000,,,,04,취소/말소/만료/정지/중지,,,02-845-0272
,인호상사,,,190923.551317757,446575.396546634,2026-05-01 22:41:51,I,07,직권말소,2014-02-13 16:51:08,,,2009-10-14,150-800,서울특별시 영등포구 당산동*가 **번지 *호 당산빌딩 *층,2009318011723200134,3180000,"서울특별시 영등포구 영등포로 *** (당산동*가,당산빌딩 *층)",,,04,취소/말소/만료/정지/중지,,,02-2632-8934
,수송,,,190952.354562865,446706.331079931,2026-05-01 22:41:51,I,07,직권말소,2019-08-14 11:36:29,,,2009-10-15,150-041,서울특별시 영등포구 당산동*가 ***번지 **호 *층,2009318011723200136,3180000,"서울특별시 영등포구 영등포로**길 ** (당산동*가,*층)",,,04,취소/말소/만료/정지/중지,,,
100000000,(주)제이씨에어텍,,100000000,192855.846689734,447565.580756999,2026-05-01 22:41:51,I,07,직권말소,2012-08-23 22:09:14,0,,2009-10-16,150-010,서울특별시 영등포구 여의도동 **번지 *호 엔빅스빌딩 **층,2009318011723200138,3180000,"서울특별시 영등포구 국회대로**길 * (여의도동,엔빅스빌딩 **층)",,,04,취소/말소/만료/정지/중지,,,02-780-3520
,예다지사,,,192214.568007337,445851.331891911,2026-05-01 22:41:51,I,07,직권말소,2010-05-24 10:11:37,,,2009-10-26,150-030,서울특별시 영등포구 영등포동 ***번지 **통 *반 두산위브      ***동 ***호,2009318011723200139,3180000,"서울특별시 영등포구 신길로**나길 * (영등포동,두산위브      ***동 ***호)",,,04,취소/말소/만료/정지/중지,,,
,벨루체,,,191292.095160096,447892.078672003,2026-05-01 22:41:51,I,07,직권말소,2013-06-23 11:48:31,,,2009-10-30,150-045,서울특별시 영등포구 당산동*가 **번지 **호 대우디오빌****,2009318011723200141,3180000,"서울특별시 영등포구 당산로 *** (당산동*가,대우디오빌****)",,,04,취소/말소/만료/정지/중지,,,02-2635-5277
,더존,,,190123.076495846,446831.325889665,2026-05-01 22:41:52,I,07,직권말소,2010-05-24 10:10:21,,,2009-11-06,150-863,서울특별시 영등포구 양평동*가 ***번지 *호,2009318011723200143,3180000,서울특별시 영등포구 영등포로**길 ** (양평동*가),,,04,취소/말소/만료/정지/중지,,,
276793389,주식회사 참하나에프케이,,273503909,191558.008889229,447593.843343674,2026-05-01 22:42:05,I,07,직권말소,2025-06-30 09:35:24,3289480,,2020-05-18,,서울특별시 영등포구 영등포동*가 **번지 *호 우송빌딩,2020318023923200024,3180000,"서울특별시 영등포구 영중로 ***, 우송빌딩 *층 ***-*호 (영등포동*가)",07227,,04,취소/말소/만료/정지/중지,,,1599-6996
114969959,주식회사 가나다아이오,,100000000,190476.526523265,448495.794800958,2026-05-01 22:42:05,I,07,직권말소,2021-10-21 15:46:43,4908800,,2020-05-20,,서울특별시 영등포구 양평동*가 **번지 파크호텔,2020318023923200025,3180000,"서울특별시 영등포구 양평로 ***, 파크호텔 지하*층 (양평동*가)",07205,,04,취소/말소/만료/정지/중지,,,02-6959-8357
33572104,(주)기업특판사업단,,,190217.705071932,446449.917568696,2026-05-01 22:42:05,I,01,정상영업,2020-08-14 09:39:47,61603430,,2020-06-11,,서울특별시 영등포구 문래동*가 **-** 우리벤처타운*,2020318023923200027,3180000,"서울특별시 영등포구 선유로 **, 우리벤처타운* ****호 (문래동*가)",07294,,01,영업/정상,,,02-2636-5511
67500000,빌드텍 주식회사,,67500000,190364.652010662,447158.946262059,2026-05-01 22:42:05,I,01,정상영업,2021-07-09 10:04:10,0,,2020-06-24,,서울특별시 영등포구 양평동*가 ** 이앤씨드림타워,2020318023923200028,3180000,"서울특별시 영등포구 선유로 ***, 이앤씨드림타워 ***호 (양평동*가)",07255,,01,영업/정상,,,02-755-9800
,에이플러스과학나라 중부지사,,,190373.602905534,447700.474958924,2026-05-01 22:42:05,I,01,정상영업,2021-07-29 15:30:23,,,2014-03-27,,서울특별시 영등포구 양평동*가 **-* 거성파스텔아파트,2020318024723200005,3180000,"서울특별시 영등포구 선유로**가길 **, ***동 ****층 (양평동*가, 거성파스텔아파트)",07210,,01,영업/정상,,,
418819271,주식회사 네트웍스티에스,,100000000,191457.663413167,447179.850506981,2026-05-01 22:42:05,I,01,정상영업,2020-11-12 10:54:10,863439940,,2016-12-28,,서울특별시 영등포구 영등포동*가 ** KnK디지털타워,2020318024723200007,3180000,"서울특별시 영등포구 영신로 ***, KnK디지털타워 **층 ****호 (영등포동*가)",07228,,01,영업/정상,,,02-2685-1421
5000000,(주)자영업지원센터,,5000000,191024.651979979,446421.72002587,2026-05-01 22:42:05,I,01,정상영업,2021-10-25 09:56:17,0,,2020-09-17,,서울특별시 영등포구 당산동*가 *-* 당산동코오롱주.상복합아파트,2020318024723200008,3180000,"서울특별시 영등포구 영등포로**길 *, 제*층 **-**호 (당산동*가, 당산동코오롱주.상복합아파트)",07292,,01,영업/정상,,,02-3418-5004
,녹즙나라,,,190454.749182604,446805.141537871,2026-05-01 22:42:05,I,07,직권말소,2025-06-30 09:38:28,,,2020-09-23,,서울특별시 영등포구 당산동*가 ***,2020318024723200009,3180000,"서울특별시 영등포구 선유동*로 **-**, *층 (당산동*가)",07263,,04,취소/말소/만료/정지/중지,,,
100000000,(주)에이앤젯드림콜,,100000000,192044.009477254,446830.448317721,2026-05-01 22:42:05,I,01,정상영업,2020-10-12 13:50:15,0,,2020-10-07,,서울특별시 영등포구 영등포동*가 **-*** 오성빌딩,2020318024723200010,3180000,"서울특별시 영등포구 버드나루로 **, 오성빌딩 ***-내*호 (영등포동*가)",07248,,01,영업/정상,,,
,윤선생영어교실 영등포센터,,,191820.140221713,447367.896036693,2026-05-01 22:42:05,I,07,직권말소,2025-06-30 09:41:51,,,2020-11-02,,서울특별시 영등포구 당산동 ***-*** 휴브리지 빌딩,2020318024723200012,3180000,"서울특별시 영등포구 버드나루로 ***, B*층 (당산동, 휴브리지 빌딩)",07225,,04,취소/말소/만료/정지/중지,,,
50000000,"주식회사 에스오브이씨(SOVC CO.,Ltd.)",,50000000,190610.682585036,447068.876437542,2026-05-01 22:42:05,I,01,정상영업,2020-11-30 09:44:27,0,,2020-11-30,,서울특별시 영등포구 당산동*가 *** 삼일빌딩,2020318024723200013,3180000,"서울특별시 영등포구 당산로**길 *-*, 삼일빌딩 ***호 (당산동*가)",07261,,01,영업/정상,,,1588-0839
159949403,(주)케이엔피네트웍스,,160000000,193592.000380036,447092.629432527,2026-05-01 22:42:05,I,01,정상영업,2021-11-10 16:36:20,0,,2020-08-04,,서울특별시 영등포구 여의도동 ** 파크원,2020318024723200014,3180000,"서울특별시 영등포구 여의대로 ***, 현대백화점 지하 *층 (여의도동)",07335,,01,영업/정상,,,02-722-2779
,꿈꾸는 토기장이,,,191710.791192942,445029.841169672,2026-05-01 22:42:05,I,01,정상영업,2021-01-14 09:13:29,,,2021-01-13,,서울특별시 영등포구 신길동 ***-*,2021318024723200002,3180000,서울특별시 영등포구 신길로**길 **-* (신길동),07384,,01,영업/정상,,,
1551431587,(주)에이케이씨코퍼레이션,,279298472,190941.054351896,447628.862085473,2026-05-01 22:42:05,I,07,직권말소,2025-06-30 09:39:36,1272133115,,2021-01-19,,서울특별시 영등포구 당산동*가 ** 당산 SK V* center,2021318024723200003,3180000,"서울특별시 영등포구 당산로**길 **, 당산 SK V* center E동 *층 ***호 (당산동*가)",07217,,04,취소/말소/만료/정지/중지,,,02-3452-2777
,코리아 홈쇼핑,,,191896.28179164,445667.967507646,2026-05-01 22:42:05,I,07,직권말소,2021-10-21 15:44:55,,,2019-08-19,,서울특별시 영등포구 영등포동 ***-**,2021318024723200004,3180000,"서울특별시 영등포구 영신로 **-*, *층 (영등포동)",07307,,04,취소/말소/만료/정지/중지,,,
10000000,(주)한아름농산물,,10000000,190721.417931753,444571.769293729,2026-05-01 22:42:05,I,01,정상영업,2023-06-28 16:01:05,0,,2021-02-24,,서울특별시 영등포구 대림동 ***,2021318024723200007,3180000,"서울특별시 영등포구 대림로 ***, *층 ***-*호 (대림동)",07377,,01,영업/정상,,,02-832-1606
,에치와이 신길점,,,191491.233768044,445126.138630837,2026-05-01 22:42:05,I,01,정상영업,2021-07-09 17:15:39,,,2021-03-04,,서울특별시 영등포구 도림동 ***-** 명신빌딩,2021318024723200008,3180000,"서울특별시 영등포구 도신로 ***, 명신빌딩 *층 (도림동)",07369,,01,영업/정상,,,02-844-5930
,트윈기프트,,,193674.743726431,447296.226305826,2026-05-01 22:42:05,I,01,정상영업,2021-03-04 09:25:51,,,2021-03-04,,서울특별시 영등포구 여의도동 **,2021318024723200009,3180000,"서울특별시 영등포구 여의대로 ***, 동관 지하*층 트윈기프트(LG트윈타워 지하*층 상가) (여의도동)",07336,,01,영업/정상,,,02-783-5877
,르노코리아자동차영등포대리점,,,191536.037141169,447172.053366478,2026-05-01 22:42:05,I,07,직권말소,2025-06-30 09:34:57,,,2021-04-21,,서울특별시 영등포구 영등포동*가 **-* 리마크빌 영등포,2021318024723200012,3180000,"서울특별시 영등포구 영중로 ***, 리마크빌 영등포 *층 (영등포동*가)",07228,,04,취소/말소/만료/정지/중지,,,02-2039-7600
3605306480,주식회사 누리네트웍스,,1978749036,190217.705071932,446449.917568696,2026-05-01 22:42:05,I,01,정상영업,2021-04-26 10:38:40,1626557444,,2021-04-26,,서울특별시 영등포구 문래동*가 **-** 우리벤처타운*,2021318024723200013,3180000,"서울특별시 영등포구 선유로 **, 우리벤처타운* *층 ***호 (문래동*가)",07294,,01,영업/정상,,,1544-7754
48560000,현대피에프(주),,48560000,191580.646388785,446320.718339983,2026-05-01 22:41:52,I,07,직권말소,2012-02-29 12:06:17,0,,2009-11-06,150-033,서울특별시 영등포구 영등포동*가 *번지 아쟈빌딩 ***호,2009318011723200144,3180000,"서울특별시 영등포구 영중로 ** (영등포동*가,아쟈빌딩 ***호)",,,04,취소/말소/만료/정지/중지,,,
,골드미스,,,190923.551317757,446575.396546634,2026-05-01 22:41:52,I,07,직권말소,2013-06-23 11:49:14,,,2009-11-13,150-800,서울특별시 영등포구 당산동*가 **번지 *호 당산빌딩*층,2009318011723200145,3180000,"서울특별시 영등포구 영등포로 *** (당산동*가,당산빌딩*층)",,,04,취소/말소/만료/정지/중지,,,
,다크호스유통,,,192749.161138436,444309.233812481,2026-05-01 22:41:52,I,07,직권말소,2012-02-29 12:05:25,,,2009-11-23,150-050,서울특별시 영등포구 신길동 ***번지 *층,2009318011723200147,3180000,"서울특별시 영등포구 신풍로**가길 ** (신길동,*층)",,,04,취소/말소/만료/정지/중지,,,02-834-7931
188306348,토마리온쇼핑몰(주),,68146375,191186.037189337,447739.896956998,2026-05-01 22:41:52,I,07,직권말소,2014-02-13 16:44:56,120159973,,2009-11-28,150-045,서울특별시 영등포구 당산동*가 **번지 **호 삼성타운 ***호,2009318011723200149,3180000,"서울특별시 영등포구 당산로**길 * (당산동*가,삼성타운 ***호)",,,04,취소/말소/만료/정지/중지,,,36671414
813477522,(주)에이알씨에스케이,,278889784,190593.00442248,447235.759298108,2026-05-01 22:41:52,I,07,직권말소,2019-08-14 11:36:02,534587738,,2009-12-09,150-043,서울특별시 영등포구 당산동*가 ***번지 **호  금성빌딩 *층,2009318011723200154,3180000,"서울특별시 영등포구 국회대로**길 ** (당산동*가,금성빌딩 *층)",,,04,취소/말소/만료/정지/중지,,,02-2268-1203
0,(주)에프아이텔,,0,192624.50963915,447161.260971461,2026-05-01 22:41:52,I,07,직권말소,2019-08-14 11:35:19,0,,2009-12-10,150-874,서울특별시 영등포구 여의도동 **번지 *호 동성빌딩 *층,2009318011723200155,3180000,"서울특별시 영등포구 국회대로**길 ** (여의도동,동성빌딩 *층)",,,04,취소/말소/만료/정지/중지,,,02-313-3663
284281051,주식회사 씨지하나로,,300000000,190619.021480839,447015.515437465,2026-05-01 22:41:52,I,07,직권말소,2012-02-29 12:04:41,369327862,,2009-12-16,150-043,서울특별시 영등포구 당산동*가 ***번지 (제일빌딩 *층),2009318011723200156,3180000,"서울특별시 영등포구 당산로**길 ** (당산동*가,(제일빌딩 *층))",,,04,취소/말소/만료/정지/중지,,,02-2677-7116
,농수유통,,,191032.140273001,444174.227396943,2026-05-01 22:41:52,I,01,정상영업,2009-12-22 09:44:05,,,2009-12-22,150-070,서울특별시 영등포구 대림동 ***번지 *호 성락아파트 ***,2009318011723200158,3180000,"서울특별시 영등포구 대림로**다길 ** (대림동,성락아파트 ***)",,,01,영업/정상,,,02-848-7558
,일성홀쇼핑,,,190943.798282251,445312.01984932,2026-05-01 22:41:52,I,07,직권말소,2012-02-29 12:03:59,,,2009-12-30,150-832,서울특별시 영등포구 도림동 ***번지 *호,2009318011723200162,3180000,서울특별시 영등포구 도영로 ** (도림동),,,04,취소/말소/만료/정지/중지,,,02-835-2343
,이링크,,,191124.182011873,443626.294389029,2026-05-01 22:41:52,I,07,직권말소,2012-02-29 12:03:24,,,2010-01-07,150-070,서울특별시 영등포구 대림동 ***번지 *호 *층 ***,2010318011723200007,3180000,"서울특별시 영등포구 대림로 *** (대림동,*층 ***)",,,04,취소/말소/만료/정지/중지,,,02-6925-3711
,누리통신,,,191892.606363416,443679.272217418,2026-05-01 22:41:52,I,07,직권말소,2012-02-29 12:02:45,,,2010-01-12,150-050,서울특별시 영등포구 신길동 ****번지 KT대방지사 *층/*,2010318011723200008,3180000,"서울특별시 영등포구 신길로 ** (신길동,KT대방지사 *층/*)",,,04,취소/말소/만료/정지/중지,,,02-831-1325
626311600,주식회사 하비스트메디케어,,125995110,191017.769886502,443896.684487073,2026-05-01 22:41:52,I,07,직권말소,2019-08-14 11:34:42,500316490,,2010-01-27,150-813,서울특별시 영등포구 대림동 ***번지 *호 남강빌딩 ***호,2010318011723200015,3180000,"서울특별시 영등포구 대림로 *** (대림동,남강빌딩 ***호)",,,04,취소/말소/만료/정지/중지,,,02-843-5556
,가우디,,,190881.022492494,446570.174592926,2026-05-01 22:41:52,I,07,직권말소,2014-02-13 16:36:52,,,2010-01-27,150-800,서울특별시 영등포구 당산동*가 **번지 당산빌딩 ***호,2010318011723200016,3180000,"서울특별시 영등포구 영등포로 *** (당산동*가,당산빌딩 ***호)",,,04,취소/말소/만료/정지/중지,,,
,승진씨엔씨,,,190984.071034863,447125.064596042,2026-05-01 22:41:52,I,07,직권말소,2013-03-25 20:42:14,,,2010-01-28,150-803,서울특별시 영등포구 당산동*가 **번지 *호 동성빌딩*층 **,2010318011723200017,3180000,"서울특별시 영등포구 국회대로**길 * (당산동*가,동성빌딩*층 **)",,,04,취소/말소/만료/정지/중지,,,
1873850000,(주)소원웰니스,,50000000,190684.216398175,445883.474973877,2026-05-01 22:41:52,I,01,정상영업,2010-06-30 08:10:29,1823850000,,2010-01-28,150-992,서울특별시 영등포구 문래동*가 **번지 *호 에이스테크노타워 ***호,2010318011723200018,3180000,"서울특별시 영등포구 당산로*길 ** (문래동*가,에이스테크노타워 ***호)",,,01,영업/정상,,,02-2166-4122
,보림,,,190961.092891049,446794.04381946,2026-05-01 22:41:52,I,07,직권말소,2013-03-25 20:43:00,,,2010-01-30,150-041,서울특별시 영등포구 당산동*가 ***번지 *호,2010318011723200021,3180000,서울특별시 영등포구 당산로**길 ** (당산동*가),,,04,취소/말소/만료/정지/중지,,,20663651
,꿀단지,,,190923.551317757,446575.396546634,2026-05-01 22:41:52,I,07,직권말소,2013-06-23 11:58:09,,,2010-02-03,150-800,서울특별시 영등포구 당산동*가 **번지 *호 ***,2010318011723200023,3180000,"서울특별시 영등포구 영등포로 *** (당산동*가,***)",,,04,취소/말소/만료/정지/중지,,,
,해천금,,,190843.82351048,443557.189755285,2026-05-01 22:41:52,I,07,직권말소,2012-02-29 12:02:06,,,2010-02-09,150-070,서울특별시 영등포구 대림동 ***번지 **호 청구빌딩 *층,2010318011723200028,3180000,"서울특별시 영등포구 도림로**길 ** (대림동,청구빌딩 *층)",,,04,취소/말소/만료/정지/중지,,,02-2634-8780
,마이더스,,,190923.551317757,446575.396546634,2026-05-01 22:41:52,I,07,직권말소,2014-02-13 16:41:13,,,2010-02-19,150-800,서울특별시 영등포구 당산동*가 **번지 *호 당산빌딩 ***호,2010318011723200033,3180000,"서울특별시 영등포구 영등포로 *** (당산동*가,당산빌딩 ***호)",,,04,취소/말소/만료/정지/중지,,,02-487-3965
1218955463,주식회사 언더핀,,504054603,193165.490137352,446797.341447363,2026-05-01 22:42:05,I,01,정상영업,2021-05-17 10:33:49,714900860,,2021-05-17,,서울특별시 영등포구 여의도동 **-* 오투타워,2021318024723200015,3180000,"서울특별시 영등포구 의사당대로 **, 한국휴랫팩커드빌딩 *층 ***호 (여의도동)",07325,,01,영업/정상,,,070-8095-2048
142000000,주식회사 대유페이,,100000000,191271.671862676,448226.713696686,2026-05-01 22:42:05,I,01,정상영업,2021-07-07 10:12:10,100000000,,2021-07-06,,서울특별시 영등포구 당산동*가 ***-* 금창빌딩,2021318024723200017,3180000,"서울특별시 영등포구 당산로**길 **, 금창빌딩 ***호 (당산동*가)",07222,,01,영업/정상,,,1566-5947
,파리아트마인 영등포지사,,,192724.160543399,445943.98592898,2026-05-01 22:42:05,I,01,정상영업,2021-07-19 12:05:08,,,2021-07-14,,서울특별시 영등포구 신길동 **-* 신길동경남아파트,2021318024723200018,3180000,"서울특별시 영등포구 영등포로 ***, ***동 ****호 (신길동, 신길동경남아파트)",07318,,01,영업/정상,,,
210182112,에스엠파트너스서비스 주식회사,,77074045,190378.925728306,446388.933977248,2026-05-01 22:42:05,I,01,정상영업,2021-07-21 09:22:12,83108067,,2021-07-20,,서울특별시 영등포구 문래동*가 **-** 문래비즈타워,2021318024723200019,3180000,"서울특별시 영등포구 문래로 **, 문래비즈타워 ***호 (문래동*가)",07294,,01,영업/정상,,,02-3444-0900
5000000000,주식회사 노인회홀딩스,,5000000000,193289.310384283,447527.152620774,2026-05-01 22:42:05,I,01,정상영업,2021-08-12 10:55:42,0,,2021-08-12,,서울특별시 영등포구 여의도동 **-* 삼도오피스텔,2021318024723200021,3180000,"서울특별시 영등포구 은행로 **, ***호, ***호 (여의도동, 삼도오피스텔)",07241,,01,영업/정상,,,02-782-7080
106857524,빌드솔루션(주),,104549544,190364.652010662,447158.946262059,2026-05-01 22:42:05,I,01,정상영업,2021-10-13 10:44:05,2307980,,2021-08-24,,서울특별시 영등포구 양평동*가 ** 이앤씨드림타워,2021318024723200022,3180000,"서울특별시 영등포구 선유로 ***, 이앤씨드림타워 ***-A호 (양평동*가)",07255,,01,영업/정상,,,
2727579333,(주)그린온,,1102000000,190146.79444215,447018.198264889,2026-05-01 22:42:06,I,01,정상영업,2021-08-26 12:49:33,1818925651,,2021-08-25,,서울특별시 영등포구 양평동*가 ** 양평동 이노플렉스,2021318024723200023,3180000,"서울특별시 영등포구 양산로 **-*, 양평동 이노플렉스 ***호 (양평동*가)",07271,,01,영업/정상,,,02-6010-7735
10000000,(주)올바른헬스케어,,10000000,191015.887217843,444422.848045604,2026-05-01 22:42:06,I,01,정상영업,2021-09-23 09:43:09,0,,2021-09-23,,서울특별시 영등포구 대림동 ***-** 주현라이프빌딩,2021318024723200024,3180000,"서울특별시 영등포구 가마산로 ***, 주현라이프빌딩 *층 ***호 (대림동)",07381,,01,영업/정상,,,02-849-9456
,성도,,,190637.878210577,446813.2064509,2026-05-01 22:42:06,I,01,정상영업,2021-10-08 15:51:20,,,2021-10-07,,서울특별시 영등포구 당산동*가 *** 현대아파트,2021318024723200026,3180000,"서울특별시 영등포구 당산로 **, 지하*층 ***, ***호 (당산동*가, 현대아파트)",07264,,01,영업/정상,,,02-2671-4100
,온누리,,,190996.357288859,445841.377603245,2026-05-01 22:42:06,I,01,정상영업,2021-10-13 10:42:17,,,2021-10-13,,서울특별시 영등포구 문래동*가 **-** 에이스하이테크시티,2021318024723200027,3180000,"서울특별시 영등포구 경인로 ***, 에이스하이테크시티 B-***호 (문래동*가)",07299,,01,영업/정상,,,
209140162,주식회사 코웨이프라임대리점,,,189959.044020878,446192.884313355,2026-05-01 22:42:06,I,01,정상영업,2022-12-28 17:51:06,371527558,,2021-10-18,,서울특별시 영등포구 문래동*가 ** 문래 SK V* center,2021318024723200029,3180000,"서울특별시 영등포구 선유로*길 **, 문래 SK V* center *층 ***호 (문래동*가)",07281,,01,영업/정상,,,02-1544-1257
50000000,주식회사 대한노인홀딩스,,50000000,193289.310384283,447527.152620774,2026-05-01 22:42:06,I,01,정상영업,2021-11-02 12:12:50,0,,2021-11-02,,서울특별시 영등포구 여의도동 **-* 삼도오피스텔,2021318024723200032,3180000,"서울특별시 영등포구 은행로 **, ***, ***호 (여의도동, 삼도오피스텔)",07241,,01,영업/정상,,,02-782-7080
100000000,주식회사 에스엠피에스 플러스,,100000000,190365.157302806,446477.869158807,2026-05-01 22:42:06,I,01,정상영업,2021-12-06 11:56:40,0,,2021-12-06,,서울특별시 영등포구 문래동*가 **-* *E 타워,2021318024723200034,3180000,"서울특별시 영등포구 문래북로 **, *E 타워 *층 (문래동*가)",07294,,01,영업/정상,,,02-2635-1120
,에스앤씨헬스케어,,,193057.414953819,447529.082521039,2026-05-01 22:42:06,I,01,정상영업,2022-02-14 14:37:27,,,2022-02-14,,서울특별시 영등포구 여의도동 **-* 오성빌딩,2022318024723200003,3180000,"서울특별시 영등포구 국회대로**길 **, 오성빌딩 *층 *호 (여의도동)",07238,,01,영업/정상,,,
,새론 AI,,,192894.437488166,447360.835255288,2026-05-01 22:42:06,I,07,직권말소,2025-06-30 09:35:57,,,2022-03-03,,서울특별시 영등포구 여의도동 **-** 정원빌딩,2022318024723200004,3180000,"서울특별시 영등포구 국회대로**길 **, 정원빌딩 *층 ***호 (여의도동)",07237,2025-06-25,04,취소/말소/만료/정지/중지,,,
269246145,더좋은라이프(주),,400000000,190325.849378028,447033.873479894,2026-05-01 22:42:06,I,01,정상영업,2022-03-31 18:38:56,958654966,,2008-05-08,,서울특별시 영등포구 양평동*가 *-* 에이스 하이테크시티*,2022318024723200005,3180000,"서울특별시 영등포구 선유로 ***, 에이스 하이테크시티* **층 *호 (양평동*가)",07255,,01,영업/정상,,,1544-8163
,엘에스멀티샵,2026-04-08,,190966.065145063,443717.09716341,2026-05-01 22:42:06,I,03,폐업처리,2026-04-09 09:56:10,,,2022-04-11,,서울특별시 영등포구 대림동 ***-* 태안빌딩,2022318024723200006,3180000,"서울특별시 영등포구 대림로**가길 *, 태안빌딩 *층 (대림동)",07413,,03,폐업,,,
178855645605,주식회사 바이오스타줄기세포기술연구원,,,193002.335058486,447607.318958343,2026-05-01 22:42:06,I,01,정상영업,2023-04-21 14:41:19,193382502651,,2022-04-20,,서울특별시 영등포구 여의도동 **-* 기독교한국침례회총회빌딩,2022318024723200007,3180000,"서울특별시 영등포구 국회대로**길 **, 기독교한국침례회총회빌딩 *층 (여의도동)",07238,,01,영업/정상,,,080-572-2113
6358603569,주식회사 스페컴,,1999720506,190996.357288859,445841.377603245,2026-05-01 22:42:06,I,01,정상영업,2022-05-06 16:05:48,4358883063,,2022-05-09,,서울특별시 영등포구 문래동*가 **-** 에이스하이테크시티,2022318024723200009,3180000,"서울특별시 영등포구 경인로 ***, 에이스하이테크시티 *동 ***호 (문래동*가)",07299,,01,영업/정상,,,02-3667-8115
,LS물산,,,193658.473981035,446413.91770955,2026-05-01 22:41:52,I,07,직권말소,2012-08-23 22:04:05,,,2010-02-23,150-010,서울특별시 영등포구 여의도동 **번지 **호 서린빌딩 ***호,2010318011723200034,3180000,"서울특별시 영등포구 여의대방로**길 ** (여의도동,서린빌딩 ***호)",,,04,취소/말소/만료/정지/중지,,,02-784-3919
,나미꼬가위종합화장품,,,192045.699599775,444953.957846424,2026-05-01 22:41:52,I,01,정상영업,2020-07-23 12:30:14,,,2010-02-23,,서울특별시 영등포구 신길동 ***-***,2010318011723200035,3180000,"서울특별시 영등포구 신길로 ***, *층 (신길동)",07387,,01,영업/정상,,,
,비즈WIN뱅크,,,191110.906179976,448026.231040816,2026-05-01 22:41:53,I,07,직권말소,2014-02-13 16:41:43,,,2010-03-15,150-045,서울특별시 영등포구 당산동*가 **번지 *호 *층,2010318011723200039,3180000,"서울특별시 영등포구 양평로 ** (당산동*가,*층)",,,04,취소/말소/만료/정지/중지,,,02-838-0040
,한국게르마늄연구소,,,191149.079819166,443079.668086593,2026-05-01 22:41:53,I,07,직권말소,2012-01-10 14:39:03,,,2010-03-22,150-070,서울특별시 영등포구 대림동 ****번지 **호 *층,2010318011723200041,3180000,"서울특별시 영등포구 디지털로 *** (대림동,*층)",,,04,취소/말소/만료/정지/중지,,,02-845-1414
,뉴제주명품 서울지점,,,189740.94885729,447057.051483917,2026-05-01 22:41:53,I,07,직권말소,2012-02-29 12:01:26,,,2010-03-24,150-102,서울특별시 영등포구 양평동*가 **번지 *호,2010318011723200042,3180000,서울특별시 영등포구 양산로 ** (양평동*가),,,04,취소/말소/만료/정지/중지,,,02-2677-7868
30000000,주식회사 장례문화사업단,,30000000,191185.96367801,448256.126342193,2026-05-01 22:41:53,I,07,직권말소,2012-08-23 22:04:47,0,,2010-04-13,150-810,서울특별시 영등포구 당산동*가 ***번지 *호 성호빌딩 ***호,2010318011723200044,3180000,"서울특별시 영등포구 당산로**길 **-* (당산동*가,성호빌딩 ***호)",,,04,취소/말소/만료/정지/중지,,,02-2677-4488
,베스트드림,,,191663.621652474,446633.034368436,2026-05-01 22:41:53,I,07,직권말소,2017-06-13 10:09:32,,,2010-04-19,150-035,서울특별시 영등포구 영등포동*가 **번지 **호 내오피스텔     ***호,2010318011723200047,3180000,"서울특별시 영등포구 영중로**길 ** (영등포동*가,내오피스텔     ***호)",,,04,취소/말소/만료/정지/중지,,,02-2631-6556
,노블커뮤니케이션,,,193818.79109034,446395.886698317,2026-05-01 22:41:53,I,07,직권말소,2013-03-07 22:01:16,,,2010-04-22,150-010,서울특별시 영등포구 여의도동 **번지 **호 외교빌딩***-A호,2010318011723200049,3180000,"서울특별시 영등포구 여의대방로**길 ** (여의도동,외교빌딩***-A호)",,,04,취소/말소/만료/정지/중지,,,02-785-8832
,해피파토스,,,191633.34241417,447189.266979377,2026-05-01 22:41:53,I,07,직권말소,2013-03-25 20:43:40,,,2010-04-26,150-038,서울특별시 영등포구 영등포동*가 **번지 *호 **통 *반,2010318011723200051,3180000,서울특별시 영등포구 국회대로**길 **-* (영등포동*가),,,04,취소/말소/만료/정지/중지,,,
0,주식회사 세양글로벌,,30000000,190893.810125934,443236.05842825,2026-05-01 22:41:53,I,07,직권말소,2012-02-29 12:00:58,0,,2010-05-04,150-070,서울특별시 영등포구 대림동 ****번지 *호 ***호,2010318011723200052,3180000,"서울특별시 영등포구 디지털로**길 ** (대림동,***호)",,,04,취소/말소/만료/정지/중지,,,02-846-8088
,금일수협수산,,,190875.552205864,444076.913909243,2026-05-01 22:41:53,I,07,직권말소,2014-02-13 16:35:53,,,2010-05-04,150-070,서울특별시 영등포구 대림동 ***번지 명한빌딩*층 ***호,2010318011723200053,3180000,"서울특별시 영등포구 대림로**가길 * (대림동,명한빌딩*층 ***호)",,,04,취소/말소/만료/정지/중지,,,02-836-5229
0,주식회사 에스엘홀딩스,,50000000,192959.271161366,447637.656082358,2026-05-01 22:41:53,I,07,직권말소,2013-03-25 20:45:32,0,,2010-05-26,150-010,서울특별시 영등포구 여의도동 **번지 진미파라곤 ***호,2010318011723200059,3180000,"서울특별시 영등포구 국회대로 *** (여의도동,진미파라곤 ***호)",,,04,취소/말소/만료/정지/중지,,,02-782-1053
,티아라,,,190923.551317757,446575.396546634,2026-05-01 22:41:53,I,07,직권말소,2013-03-25 20:44:41,,,2010-05-26,150-800,서울특별시 영등포구 당산동*가 **번지 *호 당산빌딩*층,2010318011723200060,3180000,"서울특별시 영등포구 영등포로 *** (당산동*가,당산빌딩*층)",,,04,취소/말소/만료/정지/중지,,,02-3667-1113
50000000,씨드콤(주),,50000000,191328.624535629,448172.838071714,2026-05-01 22:41:53,I,07,직권말소,2017-06-13 10:08:25,0,,2010-05-27,150-809,서울특별시 영등포구 당산동*가 ***번지 칼라오피스텔 ***,2010318011723200061,3180000,"서울특별시 영등포구 당산로**길 ** (당산동*가,칼라오피스텔 ***)",,,04,취소/말소/만료/정지/중지,,,26772988
,유니베라 보라매 대리점,,,192076.99187858,443799.384456445,2026-05-01 22:41:53,I,07,직권말소,2014-11-24 10:41:00,,,2010-06-10,150-050,서울특별시 영등포구 신길동 ****번지 삼성상가 *층 *호,2010318011723200065,3180000,"서울특별시 영등포구 여의대방로 ** (신길동,삼성상가 *층 *호)",,,04,취소/말소/만료/정지/중지,,,02-896-7040
,초신상사,,,191656.34531295,445741.491756945,2026-05-01 22:41:53,I,07,직권말소,2012-02-29 12:00:29,,,2010-06-10,150-899,서울특별시 영등포구 영등포동 ***번지 **호  영일아파트 나동 ***호,2010318011723200066,3180000,"서울특별시 영등포구 영신로**길 **, 나동 ***호 (영등포동,영일아파트)",,,04,취소/말소/만료/정지/중지,,,
29544102668,명성약품 주식회사,,2000000000,191942.22868677,447079.926947649,2026-05-01 22:41:53,I,07,직권말소,2012-02-29 11:59:54,21436066322,,2010-06-23,150-037,서울특별시 영등포구 영등포동*가 **번지 **호,2010318011723200069,3180000,서울특별시 영등포구 버드나루로**가길 * (영등포동*가),,,04,취소/말소/만료/정지/중지,,,02-2629-1700
,디에스제이,,,190923.551317757,446575.396546634,2026-05-01 22:41:53,I,07,직권말소,2012-02-29 11:59:14,,,2010-07-01,150-800,서울특별시 영등포구 당산동*가 **번지 *호 당산빌딩*층,2010318011723200072,3180000,"서울특별시 영등포구 영등포로 *** (당산동*가,당산빌딩*층)",,,04,취소/말소/만료/정지/중지,,,02-3667-1113
459976831,(주)루채,,39322618,190555.768991595,446698.814322782,2026-05-01 22:42:06,I,07,직권말소,2025-06-30 09:38:09,420654213,,2022-06-02,,서울특별시 영등포구 당산동*가 **-* 영등포유통상가,2022318024723200010,3180000,"서울특별시 영등포구 영등포로 ***, 영등포유통상가 제*층 제나열 **호 (당산동*가)",07264,,04,취소/말소/만료/정지/중지,,,070-8898-8283
2166648171,(주) 제이앤지법인,,2019569314,190364.652010662,447158.946262059,2026-05-01 22:42:06,I,07,직권말소,2025-06-30 09:42:39,147078857,,2022-06-22,,서울특별시 영등포구 양평동*가 ** 이앤씨드림타워,2022318024723200012,3180000,"서울특별시 영등포구 선유로 ***, 이앤씨드림타워 *층 ***호 (양평동*가)",07255,,04,취소/말소/만료/정지/중지,,,02-6209-2079
,문문칩연구소,,,190117.918179813,445904.547279393,2026-05-01 22:42:06,I,01,정상영업,2022-08-03 09:09:23,,,2022-08-03,,서울특별시 영등포구 문래동*가 **-*,2022318024723200014,3180000,서울특별시 영등포구 도림로***길 **-*(문래동*가),07288,,01,영업/정상,,,
315964,이비즈메카 주식회사,,,193099.332836113,445704.136257393,2026-05-01 22:42:06,I,01,정상영업,2022-08-03 15:59:38,102615795,,2018-12-21,,서울특별시 영등포구 신길동 **-*,2022318024723200015,3180000,"서울특별시 영등포구 영등포로 ***, *층 ***호 (신길동)",07318,,01,영업/정상,,,070-7567-0334
470735493,주식회사 봄패밀리,,,191154.922356549,444229.706643641,2026-05-01 22:42:06,I,01,정상영업,2022-08-09 10:21:03,593607690,,2021-12-02,,서울특별시 영등포구 대림동 ***-**,2022318024723200016,3180000,"서울특별시 영등포구 대림로**바길 *, 지*층 (대림동)",07402,,01,영업/정상,,,
0,주식회사 오퍼그룹,,1000000,193767.231404334,446397.113007102,2026-05-01 22:42:06,I,01,정상영업,2022-08-24 08:34:35,0,,2022-08-24,,서울특별시 영등포구 여의도동 **-**,2022318024723200019,3180000,"서울특별시 영등포구 여의대방로**길 **, *층 (여의도동)",07333,,01,영업/정상,,,
,현대선유도판매대리점,,,190403.816047132,448531.133666775,2026-05-01 22:42:06,I,01,정상영업,2022-09-13 14:25:40,,,2022-09-06,,서울특별시 영등포구 양평동*가 **-*,2022318024723200020,3180000,"서울특별시 영등포구 양평로 ***, *층 (양평동*가)",07204,,01,영업/정상,,,
121111419467,아이디스파워텔 주식회사,,103199186291,193196.910838167,446820.788212248,2026-05-01 22:42:06,I,01,정상영업,2022-09-19 17:49:20,17912233176,,2014-05-15,,서울특별시 영등포구 여의도동 **-* 유화증권빌딩,2022318024723200021,3180000,"서울특별시 영등포구 국제금융로*길 **, **, **층 (여의도동)",07325,,01,영업/정상,,,02-2166-0130
,홈 헬스케어,2026-04-01,,191571.093921629,446566.425321904,2026-05-01 22:42:06,I,05,타시군구이관,2026-04-01 14:01:29,,,2022-09-23,,서울특별시 영등포구 영등포동*가 **-* 영성빌딩,2022318024723200022,3180000,"서울특별시 영등포구 영중로 **, 영성빌딩 *층 (영등포동*가)",07250,,05,제외/삭제/전출,,,
,코웨이 온 대리점,,,190690.263823507,445152.316872463,2026-05-01 22:42:06,I,01,정상영업,2022-09-26 16:24:53,,,2022-09-26,,서울특별시 영등포구 도림동 ***-* 삼영빌딩,2022318024723200023,3180000,"서울특별시 영등포구 도영로 **, 삼영빌딩 *층 **호 (도림동)",07372,,01,영업/정상,,,
15555791829,(주)나인스쿨,,1718195904,190026.251961332,447067.240942159,2026-05-01 22:42:06,I,01,정상영업,2022-09-28 17:38:54,13837595925,,2013-12-11,,서울특별시 영등포구 양평동*가 ** 양평동우림 이 비지센타,2022318024723200024,3180000,"서울특별시 영등포구 양산로 **, 양평동우림 이 비지센타 ***호 (양평동*가)",07270,,01,영업/정상,,,1661-2612
,코웨이 영등포중앙 대리점,,,191827.864646478,444825.923643665,2026-05-01 22:42:06,I,01,정상영업,2022-10-14 09:09:34,,,2022-10-14,,서울특별시 영등포구 신길동 ***-** 레전드힐스,2022318024723200026,3180000,"서울특별시 영등포구 가마산로 ***, ***호 (신길동, 레전드힐스)",07395,,01,영업/정상,,,
,에스에스사업단(SS사업단),,,190949.769353418,446896.70991345,2026-05-01 22:42:06,I,01,정상영업,2023-05-23 16:58:49,,,2022-11-02,,서울특별시 영등포구 당산동*가 **,2022318024723200027,3180000,"서울특별시 영등포구 양산로**길 *, 지하*층 (당산동*가)",07259,,01,영업/정상,,,
0,주식회사 에스앤씨헬스케어,,10000000,193057.414953819,447529.082521039,2026-05-01 22:42:06,I,01,정상영업,2022-11-22 09:40:03,0,,2022-11-22,,서울특별시 영등포구 여의도동 **-* 오성빌딩,2022318024723200028,3180000,"서울특별시 영등포구 국회대로**길 **, 오성빌딩 *층 *호 (여의도동)",07238,,01,영업/정상,,,
2679546660,㈜한케이,,1273473295,193598.536439636,446357.770653118,2026-05-01 22:42:06,I,01,정상영업,2022-11-25 16:30:55,1406073365,,2019-09-19,,서울특별시 영등포구 여의도동 **-* 엔에이치농협캐피탈빌딩,2022318024723200029,3180000,"서울특별시 영등포구 국제금융로*길 **-*, 엔에이치농협캐피탈빌딩 *층 ***호 (여의도동)",07332,,01,영업/정상,2021-01-07,2021-07-06,02-324-1173
0,현대에스케어 주식회사,,100000000,189959.044020878,446192.884313355,2026-05-01 22:42:06,I,01,정상영업,2022-12-13 08:15:26,0,,2022-12-13,,서울특별시 영등포구 문래동*가 ** 문래 SK V* center,2022318024723200030,3180000,"서울특별시 영등포구 선유로*길 **, 문래 SK V* center ****호 (문래동*가)",07281,,01,영업/정상,,,
,코웨이 영등포 당산 대리점,,,190949.769353418,446896.70991345,2026-05-01 22:42:06,I,07,직권말소,2025-06-30 09:38:55,,,2022-12-23,,서울특별시 영등포구 당산동*가 **,2022318024723200031,3180000,"서울특별시 영등포구 양산로**길 *, B*층 (당산동*가)",07259,,04,취소/말소/만료/정지/중지,,,
,윤선생영어교실 영등포센터,,,190472.883048154,446553.879577641,2026-05-01 22:42:06,I,01,정상영업,2025-04-30 16:39:39,,,2022-12-23,,서울특별시 영등포구 당산동*가 **-* 대우아파트,2022318024723200033,3180000,"서울특별시 영등포구 영등포로 ***, ***동 ***호 (당산동*가, 대우아파트)",07291,,01,영업/정상,,,02-2671-0774
,중앙능력개발원,,,191906.730568185,445880.372362145,2026-05-01 22:42:06,I,01,정상영업,2023-02-16 09:10:44,,,2023-02-16,,서울특별시 영등포구 영등포동 ***-*,2023318025423200001,3180000,"서울특별시 영등포구 신길로**길 **, 나동 *층 (영등포동)",07307,,01,영업/정상,,,02-841-6777
104948540,(주)엘림순수리조트,,97448540,193224.517898023,447474.871771651,2026-05-01 22:42:06,I,01,정상영업,2025-11-07 11:53:40,7500000,,2023-02-22,,서울특별시 영등포구 여의도동 **-*,2023318025423200002,3180000,"서울특별시 영등포구 국회대로**길 **, *층 ***-*호 (여의도동)",07241,,01,영업/정상,,,02-780-1160
20000000,해천라이프(주),,20000000,190843.82351048,443557.189755285,2026-05-01 22:41:54,I,07,직권말소,2012-02-29 11:57:26,0,,2010-09-06,150-814,서울특별시 영등포구 대림*동 ***번지 **호 청구빌딩*층,2010318011723200099,3180000,"서울특별시 영등포구 도림로**길 ** (대림동,청구빌딩*층)",,,04,취소/말소/만료/정지/중지,,,02-2634-8780
,소니테크,,,191779.522635667,443972.870392457,2026-05-01 22:41:54,I,07,직권말소,2012-02-29 11:56:42,,,2010-09-15,150-851,서울특별시 영등포구 신길동 ***번지 **호 샘탑빌딩*층 ***호,2010318011723200102,3180000,"서울특별시 영등포구 신길로 ** (신길동,샘탑빌딩*층 ***호)",,,04,취소/말소/만료/정지/중지,,,070-8745-6490
50000000,주식회사 베르루체,,50000000,190945.09676043,447052.830824824,2026-05-01 22:41:54,I,07,직권말소,2014-11-24 10:41:33,0,,2010-09-29,150-803,서울특별시 영등포구 당산동*가 **번지 *호 리애나빌리지B***,2010318011723200106,3180000,"서울특별시 영등포구 국회대로**길 ** (당산동*가,리애나빌리지B***)",,,04,취소/말소/만료/정지/중지,,,02-3667-9876
50000000,주식회사 케이티탑,,50000000,190487.78435765,447142.741732677,2026-05-01 22:41:54,I,07,직권말소,2017-06-13 10:07:09,0,,2010-10-27,150-804,서울특별시 영등포구 당산동*가 ***번지 *호 더파크*** 에이동 ***호,2010318016323200005,3180000,"서울특별시 영등포구 선유동*로 ** (당산동*가,더파크*** 에이동 ***호)",,,04,취소/말소/만료/정지/중지,,,02-3471-7922
300000000,주식회사 씨피인텍,,200000000,191580.646388785,446320.718339983,2026-05-01 22:41:54,I,07,직권말소,2012-02-29 11:56:16,45000000,,2010-10-28,150-033,서울특별시 영등포구 영등포동*가 *번지 아쟈프라자 ***호,2010318016323200006,3180000,"서울특별시 영등포구 영중로 ** (영등포동*가,아쟈프라자 ***호)",,,04,취소/말소/만료/정지/중지,,,21666656
70000000,주식회사 세빅글로벌,,50000000,193745.64337296,446380.254633325,2026-05-01 22:41:54,I,07,직권말소,2014-02-13 16:40:47,20000000,,2010-11-12,150-010,서울특별시 영등포구 여의도동 **번지 **호 에리트빌딩 ***,2010318016323200009,3180000,"서울특별시 영등포구 여의대방로**길 ** (여의도동,에리트빌딩 ***)",,,04,취소/말소/만료/정지/중지,,,02-782-6667
,결혼정보,,,190821.206721583,447023.185320259,2026-05-01 22:41:54,I,07,직권말소,2014-02-13 16:51:43,,,2010-11-15,150-803,서울특별시 영등포구 당산동*가 ***번지 ***호,2010318016323200010,3180000,,,,04,취소/말소/만료/정지/중지,,,02-3667-1231
,마인드,,,190923.551317757,446575.396546634,2026-05-01 22:41:54,I,07,직권말소,2013-06-23 11:50:13,,,2010-11-15,150-800,서울특별시 영등포구 당산동*가 **번지 *호,2010318016323200011,3180000,서울특별시 영등포구 영등포로 *** (당산동*가),,,04,취소/말소/만료/정지/중지,,,36671118
,비움 로하스,,,,,2026-05-01 22:41:54,I,07,직권말소,2014-02-13 16:46:28,,,2010-11-18,150-801,서울특별시 영등포구 당산동*가 ***번지 *층,2010318016323200012,3180000,"서울특별시 영등포구 당산로 **, *층 (당산동*가)",,,04,취소/말소/만료/정지/중지,,,02-2633-2733
45000000,(주)엔에프시미(NFCM),,50000000,191580.646388785,446320.718339983,2026-05-01 22:41:54,I,07,직권말소,2013-06-23 11:51:08,0,,2010-11-18,150-033,서울특별시 영등포구 영등포동*가 *번지 아자프라자 ***호,2010318016323200013,3180000,"서울특별시 영등포구 영중로 ** (영등포동*가,아자프라자 ***호)",,,04,취소/말소/만료/정지/중지,,,02-2051-6788
,대군식품,,,190782.42593542,444186.941813692,2026-05-01 22:41:54,I,01,정상영업,2010-11-26 09:19:26,,,2010-11-26,150-816,서울특별시 영등포구 대림*동 ***번지 *호 **통 *반 *-*,2010318016323200015,3180000,"서울특별시 영등포구 대림로**길 * (대림동,*-*)",,,01,영업/정상,,,
50000000,주식회사 컨슈머유니언,,50000000,191903.753180504,447105.46965632,2026-05-01 22:41:54,I,07,직권말소,2012-02-29 11:55:29,0,,2010-12-08,150-040,서울특별시 영등포구 당산동 ***번지 ***호 인따빌딩 *층 ***호,2010318016323200017,3180000,"서울특별시 영등포구 버드나루로 ** (당산동,인따빌딩 *층 ***호)",,,04,취소/말소/만료/정지/중지,,,02-885-8183
0,(주)하눌발효과학,,0,191555.070008287,446575.856021766,2026-05-01 22:41:53,I,07,직권말소,2012-02-29 11:58:33,0,,2010-07-12,150-035,서울특별시 영등포구 영등포동*가 **번지 *호 영성빌딩*층에프 **,2010318011723200075,3180000,"서울특별시 영등포구 영중로 ** (영등포동*가,영성빌딩*층에프 **)",,,04,취소/말소/만료/정지/중지,,,02-852-4582
6278433148,(주)이지스상조,,300000000,193694.665015597,446449.546192539,2026-05-01 22:41:53,I,07,직권말소,2017-06-13 10:08:58,20396398000,,2010-07-15,150-010,서울특별시 영등포구 여의도동 **번지 **호 호성빌딩 신관 ***호,2010318011723200077,3180000,"서울특별시 영등포구 여의대방로**길 ** (여의도동,호성빌딩 신관 ***호)",,,04,취소/말소/만료/정지/중지,,,1644-4060
0,(주)트리니티멤버스,,50000000,190975.540887347,443689.545421548,2026-05-01 22:41:53,I,07,직권말소,2012-10-29 18:39:43,0,,2010-07-26,150-070,서울특별시 영등포구 대림동 ***번지 *호 메트로대림비즈니스센터***-B,2010318011723200082,3180000,"서울특별시 영등포구 대림로**가길 * (대림동,메트로대림비즈니스센터***-B)",,,04,취소/말소/만료/정지/중지,,,
,우리텔레콤,,,191616.285409253,446238.776340506,2026-05-01 22:41:53,I,07,직권말소,2013-03-25 20:46:14,,,2010-07-27,150-033,서울특별시 영등포구 영등포동*가 *번지 남서울B/D ***호,2010318011723200083,3180000,"서울특별시 영등포구 영중로 ** (영등포동*가,남서울B/D ***호)",,,04,취소/말소/만료/정지/중지,,,070-6752-6457
0,두산종합상조(주),,0,191580.646388785,446320.718339983,2026-05-01 22:41:54,I,07,직권말소,2012-02-29 11:58:07,0,,2010-08-14,150-033,서울특별시 영등포구 영등포동*가 *번지 아자빌딩 ***호,2010318011723200094,3180000,"서울특별시 영등포구 영중로 ** (영등포동*가,아자빌딩 ***호)",,,04,취소/말소/만료/정지/중지,,,1644-1078
,은행,,,190923.551317757,446575.396546634,2026-05-01 22:41:54,I,07,직권말소,2017-06-13 10:07:47,,,2010-08-31,150-800,서울특별시 영등포구 당산동*가 **번지 *호,2010318011723200098,3180000,서울특별시 영등포구 영등포로 *** (당산동*가),,,04,취소/말소/만료/정지/중지,,,02-3667-1113
0,(주)한국전자결제원,,10000000,190586.062540107,447216.925498911,2026-05-01 22:42:06,I,01,정상영업,2023-09-12 09:13:02,0,,2023-09-12,,서울특별시 영등포구 당산동*가 ***-**,2023318025423200020,3180000,"서울특별시 영등포구 국회대로**길 **, *층 ****호 (당산동*가)",07256,,01,영업/정상,,,
0,정풍 주식회사,,50000000,193808.969259588,446429.98392891,2026-05-01 22:42:06,I,01,정상영업,2023-10-24 09:27:42,0,,2023-10-24,,서울특별시 영등포구 여의도동 **-** 인영빌딩,2023318025423200022,3180000,"서울특별시 영등포구 의사당대로*길 **, 인영빌딩 *층 ***호 (여의도동)",07333,,01,영업/정상,,,02-769-5083
31000398636,㈜티오더,,18162908893,193592.000380036,447092.629432527,2026-05-01 22:42:06,I,01,정상영업,2023-11-07 14:30:58,12837489743,,2023-03-06,,서울특별시 영등포구 여의도동 ** 파크원,2023318025423200024,3180000,"서울특별시 영등포구 여의대로 ***, 파크원타워* **층 (여의도동)",07335,,01,영업/정상,,,02-1644-2448
,엔잡플렛폼,,,191420.294465077,446326.118898607,2026-05-01 22:42:06,I,01,정상영업,2023-12-11 09:10:00,,,2023-12-11,,서울특별시 영등포구 영등포동*가 ** 송호빌딩,2023318025423200026,3180000,"서울특별시 영등포구 영등포로**길 *, 송호빌딩 *층 ***호 (영등포동*가)",07301,,01,영업/정상,,,
1609362657,주식회사 프라임인더스,,851828023,190952.393621063,447295.214623263,2026-05-01 22:42:06,I,01,정상영업,2023-12-14 09:29:54,757534634,,2023-12-14,,서울특별시 영등포구 당산동*가 **-* 당산*차삼성아파트,2023318025423200027,3180000,"서울특별시 영등포구 당산로**길 **, ***동 지하층 *-*, *호 (당산동*가, 당산*차삼성아파트)",07220,,01,영업/정상,,,02-3667-0027
4954700768,주식회사 엔씨그룹,,356714542,190325.849378028,447033.873479894,2026-05-01 22:42:06,I,01,정상영업,2023-12-22 09:29:54,4597986226,,2023-12-22,,서울특별시 영등포구 양평동*가 *-* 에이스 하이테크시티*,2023318025423200028,3180000,"서울특별시 영등포구 선유로 ***, 에이스 하이테크시티* ***호 (양평동*가)",07255,,01,영업/정상,,,02-581-3321
1724942532,주식회사 미래비즈코리아,,606738575,191287.220816533,446748.752488751,2026-05-01 22:42:06,I,01,정상영업,2023-12-26 17:18:03,1118203957,,2020-04-02,,서울특별시 영등포구 영등포동*가 ***,2023318025423200029,3180000,"서울특별시 영등포구 영신로 ***, 영등포반도아이비밸리 *층 ***호 (영등포동*가)",07251,,01,영업/정상,,,070-4055-5823
,알파미라클,,,192072.076184191,444417.705261704,2026-05-01 22:42:06,I,01,정상영업,2023-03-06 08:32:31,,,2023-03-06,,서울특별시 영등포구 신길동 **** 남서울아파트,2023318025423200004,3180000,"서울특별시 영등포구 신길로 ***, *동 ***호 (신길동, 남서울아파트)",07393,,01,영업/정상,,,
29817518,주식회사 와이씨앤,,,193289.310384283,447527.152620774,2026-05-01 22:42:06,I,01,정상영업,2023-03-09 17:25:32,84937879,,2023-03-09,,서울특별시 영등포구 여의도동 **-* 삼도오피스텔,2023318025423200005,3180000,"서울특별시 영등포구 은행로 **, **층 ****호 (여의도동, 삼도오피스텔)",07241,,01,영업/정상,,,
0,주식회사 이음넷코퍼레이션,,50000000,190693.098772684,445103.705464914,2026-05-01 22:42:06,I,01,정상영업,2023-03-24 17:25:20,0,,2023-03-27,,서울특별시 영등포구 도림동 ***-* 도림동 하나클리닉센타,2023318025423200007,3180000,"서울특별시 영등포구 도영로 **, 하나빌딩 *층 (도림동)",07375,,01,영업/정상,,,
,아델국제결혼,,,189959.044020878,446192.884313355,2026-05-01 22:42:06,I,01,정상영업,2023-04-03 16:20:49,,,2023-04-04,,서울특별시 영등포구 문래동*가 ** 문래 SK V* center,2023318025423200008,3180000,"서울특별시 영등포구 선유로*길 **, 문래 SK V* center *층 ***호 (문래동*가)",07281,,01,영업/정상,,,02-2632-3854
,코웨이 센텀플러스 대리점,,,191827.864646478,444825.923643665,2026-05-01 22:42:06,I,01,정상영업,2023-06-05 15:55:31,,,2023-05-15,,서울특별시 영등포구 신길동 ***-** 레전드힐스,2023318025423200010,3180000,"서울특별시 영등포구 가마산로 ***, *층 ***호 (신길동, 레전드힐스)",07395,,01,영업/정상,,,
0,주식회사 한국라인업,,30000000,190844.417208448,444612.685881586,2026-05-01 22:42:06,I,01,정상영업,2023-05-17 07:57:11,0,,2023-05-17,,서울특별시 영등포구 대림동 ***-**,2023318025423200011,3180000,"서울특별시 영등포구 도신로*길 **, *층 (대림동)",07379,,01,영업/정상,,,02-832-3360
0,(주)노아젠,,50000000,190759.681590606,446740.251259516,2026-05-01 22:42:06,I,01,정상영업,2023-05-23 09:41:32,0,,2023-05-23,,서울특별시 영등포구 당산동*가 ***-*,2023318025423200012,3180000,"서울특별시 영등포구 당산로 **, ***호 (당산동*가)",07265,,01,영업/정상,,,
,시큐에이아이,,,193767.231404334,446397.113007102,2026-05-01 22:42:06,I,01,정상영업,2023-05-24 15:26:13,,,2023-05-25,,서울특별시 영등포구 여의도동 **-**,2023318025423200013,3180000,"서울특별시 영등포구 여의대방로**길 **, 잡지회관 *층 C**호 (여의도동)",07333,,01,영업/정상,,,0505-566-3030
,엘샤다이,,,191982.734798056,443643.389854344,2026-05-01 22:42:06,I,01,정상영업,2023-06-08 08:54:10,,,2023-06-08,,서울특별시 영등포구 신길동 **** 보라매 경남아너스빌,2023318025423200014,3180000,"서울특별시 영등포구 여의대방로 **, ***동 ****호 (신길동, 보라매 경남아너스빌)",07437,,01,영업/정상,,,
4947748467,아시아투데이(주),,,193808.969259588,446429.98392891,2026-05-01 22:42:06,I,01,정상영업,2023-07-17 09:11:57,7158115827,,2023-07-17,,서울특별시 영등포구 여의도동 **-** 인영빌딩,2023318025423200015,3180000,"서울특별시 영등포구 의사당대로*길 **, 인영빌딩 *층 (여의도동)",07333,,01,영업/정상,,,02-769-5000
5011663770,주식회사 올바른에셋금융서비스,,,191015.887217843,444422.848045604,2026-05-01 22:42:06,I,01,정상영업,2023-08-02 17:34:01,7639663040,,2023-08-03,,서울특별시 영등포구 대림동 ***-** 주현라이프빌딩,2023318025423200017,3180000,"서울특별시 영등포구 가마산로 ***, *층 (대림동)",07381,,01,영업/정상,,,02-848-9006
107094209,(주) 부민월드,,,193808.969259588,446429.98392891,2026-05-01 22:42:06,I,01,정상영업,2023-08-09 09:05:20,304666657,,2023-08-09,,서울특별시 영등포구 여의도동 **-** 인영빌딩,2023318025423200019,3180000,"서울특별시 영등포구 의사당대로*길 **, 인영빌딩 (여의도동)",07333,,01,영업/정상,,,02-269-5030
,사루데(Sarudae),,,191139.928621094,447019.001551104,2026-05-01 22:41:55,I,07,직권말소,2014-11-24 10:44:03,,,2011-03-16,150-043,서울특별시 영등포구 당산동*가 *번지 *호 한양아파트상가 * 층 ***호,2011318016323200018,3180000,,,,04,취소/말소/만료/정지/중지,,,070-4246-5403
13407098,지컨설팅(주),,250000000,192969.820840993,447419.648688406,2026-05-01 22:41:55,I,07,직권말소,2021-10-21 15:43:04,79204978,,2011-05-06,150-010,서울특별시 영등포구 여의도동 **번지 **호 가든빌딩***,2011318016323200026,3180000,"서울특별시 영등포구 국회대로**길 ** (여의도동,가든빌딩***)",,,04,취소/말소/만료/정지/중지,,,02-761-3066
10000000,(주)글로벌 통신,,50000000,191616.285409253,446238.776340506,2026-05-01 22:41:55,I,07,직권말소,2014-02-13 16:43:59,0,,2011-06-01,150-033,서울특별시 영등포구 영등포동*가 *번지 남서울빌딩 ***호,2011318016323200036,3180000,"서울특별시 영등포구 영중로 ** (영등포동*가,남서울빌딩 ***호)",,,04,취소/말소/만료/정지/중지,,,070-7568-4672
47570261,엔젤스코리아 주식회사,,29192203,193657.203252183,446493.709452709,2026-05-01 22:41:55,I,07,직권말소,2013-06-23 11:53:07,18378058,,2011-06-21,150-010,서울특별시 영등포구 여의도동 **번지 **호 중앙빌딩 ***호,2011318016323200041,3180000,"서울특별시 영등포구 국제금융로*길 **, ***호 (여의도동,중앙빌딩)",,,04,취소/말소/만료/정지/중지,,,02-780-8250
,제이엠비글로벌,,,191436.038721089,447908.102153668,2026-05-01 22:41:55,I,07,직권말소,2017-06-13 09:58:18,,,2011-06-23,150-809,서울특별시 영등포구 당산동*가 ***번지 **호 *층,2011318016323200042,3180000,"서울특별시 영등포구 당산로**길 ** (당산동*가,*층)",,,04,취소/말소/만료/정지/중지,,,02-2152-3153
,건행상사,,,190923.551317757,446575.396546634,2026-05-01 22:41:55,I,07,직권말소,2014-02-13 16:47:27,,,2011-06-23,150-800,서울특별시 영등포구 당산동*가 **번지 *호 당산빌딩,2011318016323200043,3180000,"서울특별시 영등포구 영등포로 *** (당산동*가,당산빌딩)",,,04,취소/말소/만료/정지/중지,,,
,하이원,,,191767.906334915,443248.09801323,2026-05-01 22:41:55,I,01,정상영업,2011-07-07 13:15:12,,,2011-07-07,150-070,서울특별시 영등포구 대림동 ***번지 *호 *층 ***,2011318016323200047,3180000,"서울특별시 영등포구 시흥대로 *** (대림동,*층 ***)",,,01,영업/정상,,,02-896-1912
0,주식회사 한국감성교육개발원,,5000000,191779.522635667,443972.870392457,2026-05-01 22:41:55,I,07,직권말소,2014-02-13 16:48:49,0,,2011-07-12,150-050,서울특별시 영등포구 신길동 ***번지 **호 샘탑빌딩 ***,2011318016323200049,3180000,"서울특별시 영등포구 신길로 ** (신길동,샘탑빌딩 ***)",,,04,취소/말소/만료/정지/중지,,,
,C.O.P mate(씨오피 메이트),,,193637.791494392,446447.299629877,2026-05-01 22:41:54,I,07,직권말소,2012-10-29 18:32:43,,,2010-12-14,150-010,서울특별시 영등포구 여의도동 **번지 **호 코롱포레스텔빌딩   **층****,2010318016323200018,3180000,"서울특별시 영등포구 여의대방로**길 ** (여의도동,코롱포레스텔빌딩   **층****)",,,04,취소/말소/만료/정지/중지,,,02-6166-4343
50000000,(주)씨유플러스라이프,,50000000,191903.753180504,447105.46965632,2026-05-01 22:41:54,I,07,직권말소,2019-08-14 11:34:12,0,,2010-12-27,150-040,서울특별시 영등포구 당산동 ***번지 ***호 인따빌딩 *층,2010318016323200019,3180000,"서울특별시 영등포구 버드나루로 ** (당산동,인따빌딩 *층)",,,04,취소/말소/만료/정지/중지,,,
25000000,주식회사 나눔월드,,25000000,191096.383033041,448115.64140501,2026-05-01 22:41:54,I,07,직권말소,2014-02-13 16:50:10,0,,2011-01-11,150-810,서울특별시 영등포구 당산동*가 ***번지 *호,2011318016323200004,3180000,서울특별시 영등포구 양평로 ** (당산동*가),,,04,취소/말소/만료/정지/중지,,,070-7731-1056
0,(주)신한씨씨엠,,1000000,192883.820838805,447484.878116314,2026-05-01 22:41:54,I,07,직권말소,2013-03-25 20:47:01,0,,2011-01-12,150-010,서울특별시 영등포구 여의도동 **번지 *호 극동VIP 빌딩 *층,2011318016323200005,3180000,"서울특별시 영등포구 국회대로**길 **-* (여의도동,극동VIP 빌딩 *층)",,,04,취소/말소/만료/정지/중지,,,02-780-1348
,아미정보통신,,,190977.197041236,443843.981221251,2026-05-01 22:41:54,I,07,직권말소,2014-11-24 10:42:55,,,2011-01-25,150-070,서울특별시 영등포구 대림동 ***번지 *호 대림빌딩 ***,2011318016323200006,3180000,"서울특별시 영등포구 대림로 *** (대림동,대림빌딩 ***)",,,04,취소/말소/만료/정지/중지,,,1566-1243
,에스더 웨딩스쿨 결혼전문,,,191491.488499846,446662.373469791,2026-05-01 22:41:55,I,07,직권말소,2012-02-29 11:54:44,,,2011-02-08,150-036,서울특별시 영등포구 영등포동*가 **번지 영원빌딩 ***호,2011318016323200010,3180000,"서울특별시 영등포구 영중로 ** (영등포동*가,영원빌딩 ***호)",,,04,취소/말소/만료/정지/중지,,,02-2676-1491
542627626,주식회사 현승네트웍스,,,190162.569200935,446594.390567334,2026-05-01 22:41:55,I,07,직권말소,2017-06-13 10:01:58,585067811,,2011-02-17,150-862,서울특별시 영등포구 양평동*가 **번지 *호 한특빌딩 *층,2011318016323200013,3180000,"서울특별시 영등포구 선유로 ** (양평동*가,한특빌딩 *층)",,,04,취소/말소/만료/정지/중지,,,070-7515-4401
,성림상사,,,190797.052390513,446633.282524098,2026-05-01 22:41:55,I,07,직권말소,2014-11-24 10:43:29,,,2011-03-03,150-041,서울특별시 영등포구 당산동*가 ***번지 **호,2011318016323200014,3180000,서울특별시 영등포구 당산로**길 * (당산동*가),,,04,취소/말소/만료/정지/중지,,,
100000000,주식회사 셀빙원,,100000000,191580.646388785,446320.718339983,2026-05-01 22:41:55,I,07,직권말소,2012-02-29 11:54:14,0,,2011-03-10,150-033,서울특별시 영등포구 영등포동*가 *번지 영등포점프밀라노 ****호,2011318016323200015,3180000,"서울특별시 영등포구 영중로 **, ****호 (영등포동*가,영등포점프밀라노)",,,04,취소/말소/만료/정지/중지,,,02-501-7328
,일양라이프,,,190961.112258809,444207.206535829,2026-05-01 22:41:55,I,01,정상영업,2013-06-19 09:22:52,,,2011-03-11,150-070,서울특별시 영등포구 대림동 ***번지 **호 *층,2011318016323200016,3180000,"서울특별시 영등포구 대림로**가길 **, *층 (대림동)",,,01,영업/정상,,,02-848-4005
860371372,(주)케이디아이씨,,50000000,193678.695372375,446510.536954452,2026-05-01 22:42:07,I,01,정상영업,2025-02-18 11:54:22,139582904,,2025-02-18,,서울특별시 영등포구 여의도동 **-** 중앙빌딩,2025318025423200003,3180000,"서울특별시 영등포구 국제금융로*길 **, 중앙빌딩 ***호 (여의도동)",07333,,01,영업/정상,,,
,케이지모빌리티영등포대리점,,,192933.579737492,444446.112450264,2026-05-01 22:42:07,I,01,정상영업,2025-05-12 13:16:02,,,2023-07-24,,서울특별시 영등포구 신길동 ***,2025318025423200005,3180000,"서울특별시 영등포구 여의대방로 ***, *층 (신길동)",07391,,01,영업/정상,,,
,라이프케어,2026-04-08,,192037.140346383,445369.211797828,2026-05-01 22:42:07,I,05,타시군구이관,2026-04-08 09:04:19,,,2022-08-30,,서울특별시 영등포구 신길동 ***-** 인의빌딩,2025318025423200006,3180000,"서울특별시 영등포구 신길로 ***, 인의빌딩 *층 (신길동)",07347,,05,제외/삭제/전출,,,02-887-7787
1376791771,주식회사 엠케이렌탈솔루션,,,191287.220816533,446748.752488751,2026-05-01 22:42:06,I,01,정상영업,2023-12-26 17:12:11,1824294068,,2022-05-20,,서울특별시 영등포구 영등포동*가 ***,2023318025423200030,3180000,"서울특별시 영등포구 영신로 ***, 반도아이비밸리 *층 ***호 (영등포동*가)",07251,,01,영업/정상,,,070-4055-5823
6077677511,(주) 한강기전,,1300000000,190121.883534541,447160.550414142,2026-05-01 22:42:06,I,01,정상영업,2024-02-01 08:51:37,3648948862,,2024-02-01,,서울특별시 영등포구 양평동*가 **-* 에이스테크노타워,2024318025423200001,3180000,"서울특별시 영등포구 선유로**길 **, 에이스테크노타워 ***호 (양평동*가)",07271,,01,영업/정상,,,02-2678-4455
129040716,인보라센텀점,,72389549,191782.628524779,445789.328389112,2026-05-01 22:42:06,I,01,정상영업,2024-02-08 15:53:51,56651167,,2022-06-07,,서울특별시 영등포구 영등포동 ***-** 송현빌딩,2024318025423200002,3180000,"서울특별시 영등포구 영신로 **, 송현빌딩 지층 (영등포동)",07366,,01,영업/정상,,,
,에치와이 문래점,,,191061.852013194,446663.220066487,2026-05-01 22:42:06,I,01,정상영업,2024-04-18 15:30:09,,,2024-02-13,,서울특별시 영등포구 당산동*가 ***-* 보성빌딩,2024318025423200003,3180000,"서울특별시 영등포구 영신로**길 **-*, 보성빌딩 *층 (당산동*가)",07267,,01,영업/정상,,,
,연지,,,190879.092825954,446779.903395602,2026-05-01 22:42:06,I,01,정상영업,2024-03-18 12:59:58,,,2024-03-18,,서울특별시 영등포구 당산동*가 ***-*,2024318025423200004,3180000,서울특별시 영등포구 영등포로**길 **-** (당산동*가),07265,,01,영업/정상,,,
1000000,주식회사올바른생활건강,,1000000,191285.015028707,442649.873938101,2026-05-01 22:42:06,I,01,정상영업,2024-03-25 16:01:51,0,,2021-07-22,,서울특별시 영등포구 대림동 **** 신대림자이,2024318025423200005,3180000,"서울특별시 영등포구 시흥대로 ***-*, ***호 (대림동, 신대림자이)",07445,,01,영업/정상,,,
110000000,주식회사 이엠티항공,,110000000,192257.95660538,448078.532426612,2026-05-01 22:42:06,I,01,정상영업,2024-03-28 10:04:31,0,,2024-03-28,,서울특별시 영등포구 여의도동 **-*,2024318025423200006,3180000,"서울특별시 영등포구 여의서로 ***, 지상 육상건축물 *-*호 (여의도동)",07231,,01,영업/정상,,,02-6929-1993
4094900914,주식회사 엠브레이스,,2200965944,190834.879853859,447975.931378951,2026-05-01 22:42:06,I,01,정상영업,2024-03-28 10:09:11,1893934970,,2024-03-28,,서울특별시 영등포구 양평동*가 * 이레빌딩,2024318025423200007,3180000,"서울특별시 영등포구 선유동*로 **, 이레빌딩 신관 *층 (양평동*가)",07212,,01,영업/정상,,,02-6341-0725
50000000,코리아 홀쇼핑,,40000000,191368.160609291,444599.501064766,2026-05-01 22:42:06,I,01,정상영업,2025-07-25 13:13:37,10000000,,2023-01-19,,서울특별시 영등포구 신길동 ***-***,2024318025423200008,3180000,"서울특별시 영등포구 도림로 ***, 지층 전부 (신길동)",07404,,01,영업/정상,,,
,현대신길중앙판매대리점,,,191288.400511111,444865.375061784,2026-05-01 22:42:07,I,01,정상영업,2024-07-01 13:27:48,,,2024-07-01,,서울특별시 영등포구 신길동 ***-***,2024318025423200010,3180000,"서울특별시 영등포구 도림로 ***, *층,*층 (신길동)",07382,,01,영업/정상,,,02-833-6145
,영등포 건강생활,,,191477.428913335,447859.066836843,2026-05-01 22:42:07,I,01,정상영업,2024-07-19 13:54:21,,,2024-07-19,,서울특별시 영등포구 당산동*가 ***-* 당산동 대정프라자,2024318025423200011,3180000,"서울특별시 영등포구 양평로 **, 당산동 대정프라자 ***호 (당산동*가)",07223,,01,영업/정상,,,02-2636-6618
10000000,주식회사 코웨이골든대리점,,10000000,190217.705071932,446449.917568696,2026-05-01 22:42:07,I,01,정상영업,2025-06-16 10:59:24,0,,2024-07-29,,서울특별시 영등포구 문래동*가 **-** 우리벤처타운*,2024318025423200012,3180000,"서울특별시 영등포구 선유로 **, 우리벤처타운* **층 ****호 (문래동*가)",07294,,01,영업/정상,,,02-2279-2172
7508760,주식회사 링크인,,1000000,193220.852226066,446743.134358836,2026-05-01 22:42:07,I,01,정상영업,2024-11-13 13:34:58,8100000,,2024-11-13,,서울특별시 영등포구 여의도동 ** S-TRENUE,2024318025423200014,3180000,"서울특별시 영등포구 국제금융로*길 **, S-TRENUE ****호 (여의도동)",07327,,01,영업/정상,,,02-6276-6912
497513753,주식회사 이제이알컴퍼니,,20000000,190199.2294276,446496.865300952,2026-05-01 22:42:07,I,01,정상영업,2026-04-03 12:18:46,903768430,,2023-05-31,,서울특별시 영등포구 문래동*가 **-* 동국메뜨리앙,2024318025423200015,3180000,"서울특별시 영등포구 선유로 **, 동국메뜨리앙 ***호 (문래동*가)",07294,,01,영업/정상,,,02-6956-3751
15410478751,(주)세일코리아넷,,1000000000,190684.216398175,445883.474973877,2026-05-01 22:42:07,I,01,정상영업,2025-02-13 12:27:39,4481483417,,2025-02-13,,서울특별시 영등포구 문래동*가 **-* 에이스테크노타워,2025318025423200001,3180000,"서울특별시 영등포구 당산로*길 **, 에이스테크노타워 **층 (문래동*가)",07299,,01,영업/정상,,,
,3일애행복,,,190918.980623705,443464.033607263,2026-05-01 22:42:07,I,01,정상영업,2025-02-14 12:50:32,,,2020-04-20,,서울특별시 영등포구 대림동 ***-* **월드타워,2025318025423200002,3180000,"서울특별시 영등포구 도림로 ***, **월드타워 ***호 (대림동)",07417,,01,영업/정상,,,02-862-1061
,트랜드,,,190923.551317757,446575.396546634,2026-05-01 22:41:55,I,07,직권말소,2014-11-24 10:44:36,,,2011-07-20,150-041,서울특별시 영등포구 당산동*가 **번지 *호 당산빌딩 *층,2011318016323200051,3180000,"서울특별시 영등포구 영등포로 *** (당산동*가,당산빌딩 *층)",,,04,취소/말소/만료/정지/중지,,,02-3667-1113
134061951,주식회사 매트코리아,,10000000,192037.566386853,445109.977316673,2026-05-01 22:41:55,I,07,직권말소,2017-06-13 09:57:37,0,,2011-07-21,150-050,서울특별시 영등포구 신길동 ***번지 **호 *층,2011318016323200053,3180000,"서울특별시 영등포구 신길로 *** (신길동,*층)",,,04,취소/말소/만료/정지/중지,,,070-7423-3634
18183788,주식회사 무라,,,190818.573915396,447087.253342214,2026-05-01 22:41:55,I,07,직권말소,2013-03-25 20:47:28,25939800,,2011-08-24,150-043,서울특별시 영등포구 당산동*가 ***번지 *층,2011318016323200060,3180000,"서울특별시 영등포구 당산로 *** (당산동*가,*층)",,,04,취소/말소/만료/정지/중지,,,02-2671-3900
0,(주)세종리더스,,50000000,190587.017317933,444032.506414334,2026-05-01 22:41:55,I,07,직권말소,2012-10-29 18:44:16,0,,2011-08-31,150-070,서울특별시 영등포구 대림동 ***번지 **호 바우빌딩 *층,2011318016323200063,3180000,"서울특별시 영등포구 가마산로 *** (대림동,바우빌딩 *층)",,,04,취소/말소/만료/정지/중지,,,02-833-5067
,"에스랜드, 펠리체",,,190923.551317757,446575.396546634,2026-05-01 22:41:55,I,07,직권말소,2012-02-29 11:52:16,,,2011-09-14,150-041,서울특별시 영등포구 당산동*가 **번지 *호 당산빌딩 *층,2011318016323200067,3180000,"서울특별시 영등포구 영등포로 *** (당산동*가,당산빌딩 *층)",,,04,취소/말소/만료/정지/중지,,,070-4536-8767
,금일수산,,,190726.67669918,445345.659299469,2026-05-01 22:41:55,I,01,정상영업,2012-05-30 09:49:44,,,2011-10-11,150-833,서울특별시 영등포구 도림동 ***번지 **호,2011318016323200071,3180000,서울특별시 영등포구 도영로**길 ** (도림동),,,01,영업/정상,,,
10000000,주식회사 에이젠,,10000000,190731.291491745,445079.327011963,2026-05-01 22:41:55,I,07,직권말소,2014-02-13 16:49:19,0,,2011-10-11,150-080,서울특별시 영등포구 도림동 ***번지 *호 도림하나아파텔*차 ***,2011318016323200072,3180000,"서울특별시 영등포구 도영로 ** (도림동,도림하나아파텔*차 ***)",,,04,취소/말소/만료/정지/중지,,,
,리더교육,,,191663.621652474,446633.034368436,2026-05-01 22:41:56,I,07,직권말소,2013-06-23 11:53:45,,,2011-10-18,150-035,서울특별시 영등포구 영등포동*가 **번지 **호 *층 ***호,2011318016323200076,3180000,"서울특별시 영등포구 영중로**길 **, ***호 (영등포동*가,*층)",,,04,취소/말소/만료/정지/중지,,,
,웰빙건강,,,190606.917842961,444247.436614336,2026-05-01 22:41:56,I,07,직권말소,2017-06-13 09:57:04,,,2011-10-19,150-070,서울특별시 영등포구 대림동 ***번지 *호 *층,2011318016323200077,3180000,"서울특별시 영등포구 대림로**길 **-* (대림동,*층)",,,04,취소/말소/만료/정지/중지,,,02-864-0070
101000000,(주)호리즌,,101000000,191580.646388785,446320.718339983,2026-05-01 22:41:56,I,07,직권말소,2013-06-23 11:54:33,0,,2011-10-26,150-033,서울특별시 영등포구 영등포동*가 *번지 아자B/D  ***-*호,2011318016323200079,3180000,"서울특별시 영등포구 영중로 **, ***-*호 (영등포동*가,아자B/D)",,,04,취소/말소/만료/정지/중지,,,
664678089,(주)더데일리포커스강북지사,,175666351,190896.440776379,447235.144577236,2026-05-01 22:41:56,I,07,직권말소,2019-08-14 11:33:38,489011738,,2011-10-28,150-043,서울특별시 영등포구 당산동*가 ***번지 *층,2011318016323200080,3180000,"서울특별시 영등포구 국회대로 ***-* (당산동*가,*층)",,,04,취소/말소/만료/정지/중지,,,02-586-0871
100000000,(주)글로벌휴먼비즈,,100000000,191353.918000765,448004.912863597,2026-05-01 22:41:56,I,07,직권말소,2013-06-23 11:59:03,0,,2011-11-04,150-809,서울특별시 영등포구 당산동*가 ***번지 **호 외*필지*층,2011318016323200082,3180000,"서울특별시 영등포구 당산로**길 * (당산동*가,외*필지*층)",,,04,취소/말소/만료/정지/중지,,,02-577-0707
,김명희,,,191926.642648507,445416.414936107,2026-05-01 22:41:56,I,07,직권말소,2017-06-13 09:56:21,,,2011-11-04,150-829,서울특별시 영등포구 도림동 **번지 *호 */*,2011318016323200083,3180000,"서울특별시 영등포구 영신로*길 *-* (도림동,*/*)",,,04,취소/말소/만료/정지/중지,,,
,아트파워,,,190923.551317757,446575.396546634,2026-05-01 22:41:56,I,07,직권말소,2013-06-23 11:55:03,,,2011-11-17,150-800,서울특별시 영등포구 당산동*가 **번지 *호 당산빌딩 *층,2011318016323200085,3180000,"서울특별시 영등포구 영등포로 ***, *층 (당산동*가, 당산빌딩)",,,04,취소/말소/만료/정지/중지,,,
30257474,(주)코닥큐,,10355929,191125.474436581,444477.628616994,2026-05-01 22:41:56,I,07,직권말소,2017-06-13 09:55:46,19901545,,2011-12-05,150-812,서울특별시 영등포구 대림*동 ***번지 *호   ***호,2011318016323200089,3180000,"서울특별시 영등포구 가마산로 ***, ***호 (대림동)",,,04,취소/말소/만료/정지/중지,,,02-835-3937
10000000,(주)올레모바일,,10000000,191618.508435868,445973.86959978,2026-05-01 22:41:56,I,07,직권말소,2021-10-21 15:46:12,0,,2011-12-07,150-030,서울특별시 영등포구 영등포동 ***번지 ***호,2011318016323200090,3180000,서울특별시 영등포구 경인로 *** (영등포동),,,04,취소/말소/만료/정지/중지,,,02-875-0100
10000000,주식회사 케이씨인터네셔널,,10000000,191356.191310715,446526.682563052,2026-05-01 22:41:56,I,07,직권말소,2013-06-23 11:55:48,0,,2011-12-13,150-036,서울특별시 영등포구 영등포동*가 **번지 *호 경암빌딩*층 월드 ***호,2011318016323200095,3180000,"서울특별시 영등포구 영신로**길 **, ***호 (영등포동*가,경암빌딩*층 월드)",,,04,취소/말소/만료/정지/중지,,,02-2048-3579
,난초샵,,,190768.80388578,446746.302734069,2026-05-01 22:41:56,I,07,직권말소,2013-03-25 20:47:59,,,2011-12-21,150-801,서울특별시 영등포구 당산동*가 ***번지 *호,2011318016323200096,3180000,서울특별시 영등포구 당산로**길 *-* (당산동*가),,,04,취소/말소/만료/정지/중지,,,02-2633-9091
,현대신도림판매대리점,,,190806.45794427,444095.513999748,2026-05-01 22:41:56,I,01,정상영업,2012-01-03 22:00:33,,,2012-01-03,150-816,서울특별시 영등포구 대림*동 ***번지 *호 대성빌딩*층,2012318016323200001,3180000,"서울특별시 영등포구 가마산로 *** (대림동,대성빌딩*층)",,,01,영업/정상,,,02-841-8866
50000000,주식회사 하이마임,,50000000,190996.357288859,445841.377603245,2026-05-01 22:41:56,I,07,직권말소,2019-08-14 11:32:54,0,,2012-01-03,,,2012318016323200003,3180000,"서울특별시 영등포구 경인로 ***, *동 ***호 (문래동*가, 에이스하이테크시티)",,,04,취소/말소/만료/정지/중지,,,02-2167-3365
962699805,주식회사 더블유아이앤에스,,50000000,191586.660635006,446798.452967557,2026-05-01 22:42:07,I,01,정상영업,2025-06-02 10:17:44,457957364,,2025-06-02,,서울특별시 영등포구 영등포동*가 *** 포레나 영등포 센트럴,2025318025423200007,3180000,"서울특별시 영등포구 국회대로**길 **, ***동 ***호 (영등포동*가, 포레나 영등포 센트럴)",07246,,01,영업/정상,,,02-2633-3340
151845201,주식회사 코웨이페어대리점,,123438306,191044.790076908,447450.192307414,2026-05-01 22:42:07,I,01,정상영업,2025-06-11 13:48:24,28406895,,2023-01-20,,서울특별시 영등포구 당산동*가 **-**,2025318025423200008,3180000,"서울특별시 영등포구 당산로**길 *-*, *층 *호 (당산동*가)",07220,,01,영업/정상,,,02-1800-9604
11878767682,(주)네오비젼,,155000000,190325.849378028,447033.873479894,2026-05-01 22:42:07,I,01,정상영업,2025-07-25 13:15:31,2257545253,,2025-07-25,,서울특별시 영등포구 양평동*가 *-* 에이스 하이테크시티*,2025318025423200009,3180000,"서울특별시 영등포구 선유로 ***, 에이스 하이테크시티* ***호,***호,***호 (양평동*가)",07255,,01,영업/정상,,,02-2637-8658
0,주식회사 경동씨앤에스,,2000000000,193065.323272281,447494.221918799,2026-05-01 22:42:07,I,01,정상영업,2025-07-28 11:00:38,0,,2025-07-28,,서울특별시 영등포구 여의도동 **-* 기계산업진흥회,2025318025423200010,3180000,"서울특별시 영등포구 국회대로**길 **, 기계산업진흥회 *층,*층 (여의도동)",07238,,01,영업/정상,,,02-6444-7156
,그린몰,,,191568.750950263,443069.375417429,2026-05-01 22:42:07,I,01,정상영업,2025-08-11 15:06:02,,,2025-08-11,,서울특별시 영등포구 대림동 ***-** 한남빌딩,2025318025423200011,3180000,"서울특별시 영등포구 대림로 **, 한남빌딩 *층 ***호,***호 (대림동)",07442,,01,영업/정상,,,
514750191,(주)더좋은라이프앤바이오,,50000000,190079.219797466,445778.895201988,2026-05-01 22:42:07,I,01,정상영업,2025-09-11 12:59:36,725947496,,2025-09-11,,서울특별시 영등포구 문래동*가 ** 리버뷰 신안인스빌,2025318025423200013,3180000,"서울특별시 영등포구 경인로**길 **, ***동 *층 ***-***호 (문래동*가, 리버뷰 신안인스빌)",07287,,01,영업/정상,,,02-825-0486
255245224,주식회사 시케이컴퍼니,,5000000,189604.964351874,447003.012895295,2026-05-01 22:42:07,I,01,정상영업,2025-09-15 14:08:23,30416734,,2025-09-15,,서울특별시 영등포구 양평동*가 **-* 영등포 디스테이트,2025318025423200014,3180000,"서울특별시 영등포구 선유서로**길 **, 영등포 디스테이트 **층 ****호 (양평동*가)",07276,,01,영업/정상,,,02-6081-8955
,코웨이 퍼펙트대리점,,,190825.265468147,448209.83608779,2026-05-01 22:42:07,I,01,정상영업,2025-11-21 11:37:43,,,2025-11-21,,서울특별시 영등포구 양평동*가 **-*,2025318025423200016,3180000,"서울특별시 영등포구 양평로 **, *층 (양평동*가)",07208,,01,영업/정상,,,
3004160,주식회사 에스오정보통신,,10000000,191287.220816533,446748.752488751,2026-05-01 22:42:07,I,01,정상영업,2025-12-01 14:18:46,0,,2025-12-01,,서울특별시 영등포구 영등포동*가 *** 영등포 반도아이비밸리,2025318025423200017,3180000,"서울특별시 영등포구 영신로 ***, 영등포 반도아이비밸리 **층 ****호 내 에이호 (영등포동*가)",07251,,01,영업/정상,,,
,더모스트타임즈,,,193469.554731741,446508.068667777,2026-05-01 22:42:07,I,01,정상영업,2025-12-08 12:22:35,,,2025-12-08,,서울특별시 영등포구 여의도동 **-*,2025318025423200018,3180000,"서울특별시 영등포구 국제금융로*길 **, 맨하탄빌딩 ***호 B***호 (여의도동)",07331,,01,영업/정상,,,
,현대신풍역판매대리점,,,191779.522635667,443972.870392457,2026-05-01 22:42:07,I,01,정상영업,2025-12-16 11:44:51,,,2025-12-16,,서울특별시 영등포구 신길동 ***-** 샘탑빌딩,2025318025423200019,3180000,"서울특별시 영등포구 신길로 **, 샘탑빌딩 *층 (신길동)",07424,,01,영업/정상,,,
,초연결혼정보,2026-03-16,,191368.160609291,444599.501064766,2026-05-01 22:42:07,I,03,폐업처리,2026-03-16 10:46:23,,,2025-12-17,,서울특별시 영등포구 신길동 ***-***,2025318025423200020,3180000,"서울특별시 영등포구 도림로 ***, *층 (신길동)",07404,,03,폐업,,,
0,주식회사 티에이바이오,,5000000,191285.015028707,442649.873938101,2026-05-01 22:42:07,I,01,정상영업,2025-12-31 14:21:07,0,,2023-08-04,,서울특별시 영등포구 대림동 **** 신대림자이,2025318025423200021,3180000,"서울특별시 영등포구 시흥대로 ***-*, *층 ***호 (대림동, 신대림자이)",07445,,01,영업/정상,,,
191222318512,대원씨티에스(주),,191222318512,190632.900588968,447457.253528329,2026-05-01 22:42:07,I,01,정상영업,2026-01-27 16:10:37,129335901168,,2023-09-12,,서울특별시 영등포구 당산동*가 **-* TCC Center,2026318025423200001,3180000,"서울특별시 영등포구 국회대로 ***, TCC Center (당산동*가)",07219,,01,영업/정상,,,02-2004-7700
,퀀텀웰니스랩,,,190438.263611375,446974.624152631,2026-05-01 22:42:07,I,01,정상영업,2026-02-04 14:50:45,,,2026-02-04,,서울특별시 영등포구 당산동*가 ***-* 영등포 하이퍼타워,2026318025423200002,3180000,"서울특별시 영등포구 양산로 **, 영등포 하이퍼타워 *층 ***호 (당산동*가)",07261,,01,영업/정상,,,
,하나비,,,192347.232127705,444846.556572691,2026-05-01 22:41:56,I,07,직권말소,2012-10-29 18:37:21,,,2012-01-13,150-861,"서울특별시 영등포구 가마산로**길 **-*, *호 (신길동,지층)",2012318016323200005,3180000,"서울특별시 영등포구 가마산로**길 **-*, 지층 *호 (신길동)",,,04,취소/말소/만료/정지/중지,,,070-4062-0473
0,(주)포크엔닥월드,,100000000,,,2026-05-01 22:41:56,I,07,직권말소,2012-10-29 18:45:12,0,,2012-01-20,,,2012318016323200007,3180000,"서울특별시 영등포구 영등포로 ***-**, *층 (영등포동*가)",,,04,취소/말소/만료/정지/중지,,,02-2675-5323
,성우상사,,,,,2026-05-01 22:41:56,I,07,직권말소,2025-06-30 09:33:37,,,2012-01-20,150-035,서울특별시 영등포구 영등포동*가 **번지 지하*층 **호,2012318016323200008,3180000,,,,04,취소/말소/만료/정지/중지,,,02-2679-2848
,삼성메디홀스,,,191650.262823467,446234.789725611,2026-05-01 22:41:56,I,02,휴업처리,2014-01-06 17:06:20,,,2012-02-06,,,2012318016323200010,3180000,"서울특별시 영등포구 영중로*길 * (영등포동*가, 성남빌딩)",,,02,휴업,2014-01-06,2014-07-08,02-597-9117
0,팡팡코리아 주식회사,,50000000,192969.820840993,447419.648688406,2026-05-01 22:41:56,I,07,직권말소,2013-03-25 20:48:33,0,,2012-03-07,,,2012318016323200014,3180000,"서울특별시 영등포구 국회대로**길 **, ***호 (여의도동, 가든빌딩)",,,04,취소/말소/만료/정지/중지,,,02-783-5007
,다모아다이렉트,,,190713.469428451,445294.775533607,2026-05-01 22:41:56,I,07,직권말소,2014-11-24 10:45:10,,,2012-03-21,,,2012318016323200016,3180000,서울특별시 영등포구 도영로*길 **-* (도림동),,,04,취소/말소/만료/정지/중지,,,02-2136-4777
,이네스뷰티,,,191636.053345951,446315.067198453,2026-05-01 22:41:56,I,07,직권말소,2014-02-13 16:52:48,,,2012-03-23,,,2012318016323200018,3180000,"서울특별시 영등포구 영중로**길 *, *층 ***,***호 (영등포동*가)",,,04,취소/말소/만료/정지/중지,,,
5099786718,(주)씨지투어,,150000000,191537.003577809,447765.030228458,2026-05-01 22:41:56,I,07,직권말소,2019-05-14 10:57:51,19855681413,,2012-04-09,,서울특별시 영등포구 당산동*가 **번지 **호 성원빌딩,2012318016323200020,3180000,"서울특별시 영등포구 양평로 *, 성원빌딩 *층 (당산동*가)",07214,,04,취소/말소/만료/정지/중지,,,1644-9079
16231820,(주)하트콘,,,190786.485312253,445159.80654346,2026-05-01 22:41:56,I,07,직권말소,2017-06-13 09:54:54,39532447,,2012-04-12,,,2012318016323200022,3180000,"서울특별시 영등포구 도신로**길 **, *층 ***호 (도림동, 도림빌딩)",,,04,취소/말소/만료/정지/중지,,,070-8233-8890
,미드림,,,193437.233759373,446618.398688307,2026-05-01 22:41:56,I,07,직권말소,2014-11-24 10:45:43,,,2012-05-15,,,2012318016323200025,3180000,"서울특별시 영등포구 국제금융로*길 **, ***호 (여의도동, 백상빌딩)",,,04,취소/말소/만료/정지/중지,,,02-761-6504
,세한,,,192961.914196557,445168.384604954,2026-05-01 22:41:56,I,07,직권말소,2014-11-24 10:46:13,,,2012-06-12,,,2012318016323200031,3180000,서울특별시 영등포구 여의대방로**길 **-* (신길동),,,04,취소/말소/만료/정지/중지,,,02-832-6774
10000000,주식회사 앤엠씨헬스케어,,10000000,189958.938841997,445879.107388695,2026-05-01 22:41:56,I,07,직권말소,2013-03-25 20:49:10,0,,2012-06-20,,,2012318016323200034,3180000,서울특별시 영등포구 선유로 * (문래동*가),,,04,취소/말소/만료/정지/중지,,,
,서영,,,190721.417931753,444571.769293729,2026-05-01 22:41:56,I,07,직권말소,2019-08-14 11:32:02,,,2012-07-12,,,2012318016323200037,3180000,"서울특별시 영등포구 대림로 ***, *층 ***호 (대림동)",,,04,취소/말소/만료/정지/중지,,,02-831-7598
,뉴웨딩결혼정보,,,191591.126562474,446567.974311646,2026-05-01 22:41:56,I,07,직권말소,2013-06-23 11:56:31,,,2012-07-12,150-035,서울특별시 영등포구 영등포동*가 ***번지 *호   ***호,2012318016323200038,3180000,서울특별시 영등포구 영중로**길 * (영등포동*가),,,04,취소/말소/만료/정지/중지,,,02-2636-2366
,한독화장품 (강서지사),,,192654.926389121,445917.021217324,2026-05-01 22:41:57,I,01,정상영업,2012-07-31 18:08:50,,,2012-07-31,150-837,서울특별시 영등포구 신길*동 **번지 *호 한독타워 *층,2012318016323200046,3180000,"서울특별시 영등포구 영등포로 ***, *층 (신길동, 한독타워)",,,01,영업/정상,,,02-831-5438
,한독화장품 반포지사,,,192654.926389121,445917.021217324,2026-05-01 22:41:57,I,01,정상영업,2012-07-31 21:38:15,,,2012-07-31,150-837,서울특별시 영등포구 신길*동 **번지 *호 한독타워 *층,2012318016323200047,3180000,"서울특별시 영등포구 영등포로 ***, *층 (신길동, 한독타워)",,,01,영업/정상,,,02-831-3983
,한독화장품 대방지사,,,192654.926389121,445917.021217324,2026-05-01 22:41:57,I,01,정상영업,2012-07-31 21:40:37,,,2012-07-31,150-837,서울특별시 영등포구 신길*동 **번지 *호 한독타워 *층,2012318016323200048,3180000,"서울특별시 영등포구 영등포로 ***, *층 (신길동, 한독타워)",,,01,영업/정상,,,02-831-3476
,한독화장품 관악지사,,,192654.926389121,445917.021217324,2026-05-01 22:41:57,I,01,정상영업,2012-07-31 21:41:44,,,2012-07-31,150-837,서울특별시 영등포구 신길*동 **번지 *호 한독타워,2012318016323200049,3180000,"서울특별시 영등포구 영등포로 *** (신길동, 한독타워)",,,01,영업/정상,,,02-831-2891
,한독화장품 (산본지사),,,192654.926389121,445917.021217324,2026-05-01 22:41:57,I,07,직권말소,2017-06-13 09:41:06,,,2012-08-01,150-837,서울특별시 영등포구 신길*동 **번지 *호 한독타워 *층,2012318016323200050,3180000,"서울특별시 영등포구 영등포로 ***, *층 (신길동, 한독타워)",,,04,취소/말소/만료/정지/중지,,,02-831-5237
,한독화장품 안양지사,,,192654.926389121,445917.021217324,2026-05-01 22:41:57,I,07,직권말소,2020-09-28 09:02:11,,,2012-08-01,150-837,서울특별시 영등포구 신길*동 **번지 *호 한독타워 *층,2012318016323200052,3180000,"서울특별시 영등포구 영등포로 ***, *층 (신길동, 한독타워)",,,04,취소/말소/만료/정지/중지,,,02-835-0266
,한독화장품 (마포지사),,,192654.926389121,445917.021217324,2026-05-01 22:41:57,I,01,정상영업,2012-08-01 13:56:30,,,2012-08-01,150-837,서울특별시 영등포구 신길*동 **번지 *호 한독타워 *층,2012318016323200053,3180000,"서울특별시 영등포구 영등포로 ***, *층 (신길동, 한독타워)",,,01,영업/정상,,,
,한독화장품 은평지사,,,192654.926389121,445917.021217324,2026-05-01 22:41:57,I,01,정상영업,2012-08-01 13:58:05,,,2012-08-01,150-837,서울특별시 영등포구 신길*동 **번지 *호 한독타워 *층,2012318016323200055,3180000,"서울특별시 영등포구 영등포로 ***, *층 (신길동, 한독타워)",,,01,영업/정상,,,
,행복이가득한 장수마을,,,192654.926389121,445917.021217324,2026-05-01 22:41:57,I,01,정상영업,2012-08-01 13:58:59,,,2012-08-01,150-837,서울특별시 영등포구 신길*동 **번지 *호 한독타워 *층,2012318016323200056,3180000,"서울특별시 영등포구 영등포로 ***, *층 (신길동, 한독타워)",,,01,영업/정상,,,02-834-9426
,스마트월드,,,190794.234468701,445146.537660906,2026-05-01 22:41:57,I,07,직권말소,2017-06-13 09:41:30,,,2012-08-15,150-832,서울특별시 영등포구 도림동 ***번지 **호 파서블*층및지층일부,2012318016323200059,3180000,"서울특별시 영등포구 도신로**길 ** (도림동, 파서블*층및지층일부)",,,04,취소/말소/만료/정지/중지,,,02-835-0881
,쉐보레영등포대리점,,,191533.541597246,447020.819264396,2026-05-01 22:41:57,I,01,정상영업,2021-10-13 10:43:26,,,2008-07-23,150-037,서울특별시 영등포구 영등포동*가,2012318016323200066,3180000,"서울특별시 영등포구 국회대로 *** (영등포동*가, 외*필지*.*.*층)",,,01,영업/정상,,,02-718-4491
,근아패션,,,190107.271463999,446454.594611755,2026-05-01 22:41:57,I,07,직권말소,2017-06-13 10:26:00,,,2012-09-06,,,2012318016323200068,3180000,"서울특별시 영등포구 선유로 **, ***동 ****호 (문래동*가, 문래임광그대가가)",,,04,취소/말소/만료/정지/중지,,,
,쉐보레여의도대리점,,,194028.635844427,446303.385068506,2026-05-01 22:41:57,I,07,직권말소,2014-02-13 16:43:28,,,2012-09-12,,,2012318016323200069,3180000,"서울특별시 영등포구 국제금융로 ***, *층 (여의도동, 행진빌딩)",,,04,취소/말소/만료/정지/중지,,,
79343887,(주) 자미스타,,,192946.280189392,445685.944518825,2026-05-01 22:41:57,I,07,직권말소,2017-06-13 10:25:01,216818548,,2012-09-11,,,2012318016323200070,3180000,"서울특별시 영등포구 영등포로 *** (신길동, 동인빌딩B*)",,,04,취소/말소/만료/정지/중지,,,02-832-0403
328237603,주식회사 엠케이글로벌,,60020126,194561.746032498,446364.318286465,2026-05-01 22:41:57,I,01,정상영업,2013-04-17 08:00:31,268217477,,2012-09-16,,,2012318016323200071,3180000,"서울특별시 영등포구 **로 **, ***호 (여의도동, 라이프오피스텔)",,,01,영업/정상,,,02-785-8053
,엠에스 에드 (MS Ad),,,190345.543096653,448495.395437399,2026-05-01 22:41:57,I,07,직권말소,2014-11-24 10:46:44,,,2012-09-20,,,2012318016323200072,3180000,"서울특별시 영등포구 양평로 ***, A동 ****호 (양평동*가, 양평동우림라이온스밸리*차)",,,04,취소/말소/만료/정지/중지,,,02-2638-7271
,테라피싸이(TRPSY),,,190593.00442248,447235.759298108,2026-05-01 22:41:57,I,07,직권말소,2017-06-13 10:24:34,,,2012-10-11,150-804,서울특별시 영등포구 당산동*가 ***번지 **호 *층,2012318016323200076,3180000,"서울특별시 영등포구 국회대로**길 **, *층 (당산동*가)",,,04,취소/말소/만료/정지/중지,,,
,예랑인터내셔날,,,190555.768991595,446698.814322782,2026-05-01 22:41:57,I,07,직권말소,2019-08-14 11:31:31,,,2012-10-30,,,2012318016323200079,3180000,"서울특별시 영등포구 영등포로 ***, *층 가열**호 (당산동*가, 영등포유통센타)",,,04,취소/말소/만료/정지/중지,,,
1067823090,주식회사 루이앙,,,190270.229414723,446484.036914443,2026-05-01 22:41:57,I,02,휴업처리,2020-07-16 14:30:34,1095252712,,2012-11-15,,,2012318016323200084,3180000,"서울특별시 영등포구 문래로 **-**, *층 (문래동*가, 건영빌딩)",,,02,휴업,2020-07-16,2023-07-16,02-2634-4700
77378612,(주) 더블유디엔,,,190026.251961332,447067.240942159,2026-05-01 22:41:57,I,07,직권말소,2019-08-14 11:31:00,210891357,,2013-01-08,,,2013318016323200001,3180000,"서울특별시 영등포구 양산로 **, ****호 (양평동*가, 양평동우림이비지센타)",,,04,취소/말소/만료/정지/중지,,,1566-6577
,태성,,,191015.887217843,444422.848045604,2026-05-01 22:41:57,I,07,직권말소,2014-11-24 10:48:18,,,2013-01-27,,,2013318016323200003,3180000,"서울특별시 영등포구 가마산로 ***, *층 ***호 (대림동, 영창빌딩)",,,04,취소/말소/만료/정지/중지,,,02-835-2800
,한국통상,,,191017.59119604,444054.282363944,2026-05-01 22:41:57,I,07,직권말소,2017-06-13 10:22:56,,,2013-02-05,,,2013318016323200006,3180000,서울특별시 영등포구 대림로**나길 * (대림동),,,04,취소/말소/만료/정지/중지,,,
0,(주) 기흥교역,,50000000,191369.746579575,446499.816991394,2026-05-01 22:41:57,I,07,직권말소,2017-06-13 10:22:20,0,,2013-02-07,,,2013318016323200008,3180000,"서울특별시 영등포구 영신로**길 **, ***호 (영등포동*가, 흥무빌딩)",,,04,취소/말소/만료/정지/중지,,,02-2068-1243
,현대영등포중앙판매대리점,,,190699.681477597,447401.945201928,2026-05-01 22:41:57,I,01,정상영업,2020-11-11 15:28:06,,,2013-02-12,,서울특별시 영등포구 당산동*가 **번지 *호,2013318016323200009,3180000,"서울특별시 영등포구 국회대로 ***, 지상 *층 (당산동*가)",07219,,01,영업/정상,,,02-2671-3400
,아이빈커뮤니케이션즈,,,191238.494906143,446603.261339074,2026-05-01 22:41:57,I,07,직권말소,2014-11-24 10:48:44,,,2013-02-17,,,2013318016323200011,3180000,"서울특별시 영등포구 영신로**길 *, ***호 (영등포동*가)",,,04,취소/말소/만료/정지/중지,,,
,한빛유통,,,192541.313725451,445909.705134845,2026-05-01 22:41:58,I,07,직권말소,2014-11-24 10:49:10,,,2013-02-28,,,2013318016323200015,3180000,"서울특별시 영등포구 영등포로**길 **, *층 (신길동)",,,04,취소/말소/만료/정지/중지,,,02-844-7578
,하나홀쇼핑,,,191518.75555489,446809.632652641,2026-05-01 22:41:58,I,07,직권말소,2017-06-13 10:21:53,,,2013-03-19,,,2013318016323200018,3180000,"서울특별시 영등포구 영중로 **, 지하*층 (영등포동*가, 안남빌딩)",,,04,취소/말소/만료/정지/중지,,,02-2678-1034
200000000,바이너리옵션 주식회사,,200000000,193220.852226066,446743.134358836,2026-05-01 22:41:58,I,07,직권말소,2014-02-13 16:49:45,0,,2013-03-21,,,2013318016323200019,3180000,"서울특별시 영등포구 국제금융로*길 **, ****호 (여의도동, 에스트레뉴)",,,04,취소/말소/만료/정지/중지,,,02-782-2988
,웨딩코리아,,,191580.646388785,446320.718339983,2026-05-01 22:41:58,I,07,직권말소,2017-06-13 10:21:19,,,2013-04-07,150-033,서울특별시 영등포구 영등포동*가 *번지 영등포점프밀라노 ****호,2013318016323200023,3180000,"서울특별시 영등포구 영중로 **, ****호 (영등포동*가, 영등포점프밀라노)",,,04,취소/말소/만료/정지/중지,,,070-8776-9989
,우리홈쇼핑,,,192197.464635734,444009.578984371,2026-05-01 22:41:58,I,07,직권말소,2014-02-13 16:46:57,,,2013-04-29,,,2013318016323200030,3180000,"서울특별시 영등포구 대방천로 *** (신길동, 신길우성*차상가동지하층전관)",,,04,취소/말소/만료/정지/중지,,,02-845-1509
,한아름농산물,,,190721.417931753,444571.769293729,2026-05-01 22:41:58,I,07,직권말소,2021-10-21 15:45:30,,,2013-05-29,,,2013318016323200034,3180000,"서울특별시 영등포구 대림로 ***, ***호 (대림동, 성림빌딩)",,,04,취소/말소/만료/정지/중지,,,02-832-1606
200000000,(주) 대창이노베이션,,50000000,190721.417931753,444571.769293729,2026-05-01 22:41:58,I,07,직권말소,2017-06-13 10:20:49,0,,2013-05-29,,,2013318016323200035,3180000,"서울특별시 영등포구 대림로 ***, ***호 (대림동, 성림빌딩)",,,04,취소/말소/만료/정지/중지,,,02-832-1606
193160312,한국라이프플러스 주식회사,,300000000,,,2026-05-01 22:41:58,I,07,직권말소,2017-06-13 10:19:20,44768784,,2012-03-05,,,2013318016323200036,3180000,"서울특별시 영등포구 국회대로 ***, *층 (양평동*가, 대한제분빌딩)",,,04,취소/말소/만료/정지/중지,,,02-487-7007
,지원상사,,,190079.219797466,445778.895201988,2026-05-01 22:41:58,I,07,직권말소,2014-11-24 10:49:36,,,2013-06-12,,,2013318016323200037,3180000,"서울특별시 영등포구 도림로***길 **, ***동 ***호 (문래동*가, 리버뷰신안인스빌)",,,04,취소/말소/만료/정지/중지,,,
0,스마트인 보험금청구,,1000000,190632.900588968,447457.253528329,2026-05-01 22:41:58,I,07,직권말소,2014-11-24 10:50:04,0,,2013-06-21,,,2013318016323200038,3180000,"서울특별시 영등포구 국회대로 ***, *층 (당산동*가, 동양타워빌딩)",,,04,취소/말소/만료/정지/중지,,,1544-9793
,폰세이퍼,,,191500.605636484,446752.019893499,2026-05-01 22:41:58,I,07,직권말소,2017-06-13 10:18:51,,,2013-07-04,,,2013318016323200042,3180000,"서울특별시 영등포구 양산로 ***, ***호 (영등포동*가, 남양빌딩)",,,04,취소/말소/만료/정지/중지,,,1899-2827
,한아름앤뷰티샵,,,190891.153434719,446787.874483647,2026-05-01 22:41:58,I,07,직권말소,2025-06-30 09:37:07,,,2011-08-02,150-801,서울특별시 영등포구 당산동*가 ***번지,2013318016323200047,3180000,"서울특별시 영등포구 당산로**길 **-* (당산동*가, *층)",,,04,취소/말소/만료/정지/중지,,,02-532-1894
460800000000,중소기업중앙회,,160100000000,193099.563598351,447330.445753577,2026-05-01 22:41:58,I,01,정상영업,2020-11-13 13:42:46,300700000000,,2013-08-12,,,2013318016323200049,3180000,서울특별시 영등포구 은행로 ** (여의도동),,,01,영업/정상,,,02-2124-3114
0,(주)셀그린라이트,,100000000,191031.359352674,443857.136338567,2026-05-01 22:41:58,I,07,직권말소,2017-06-13 10:18:24,0,,2011-08-25,150-070,서울특별시 영등포구 대림동 ***번지 *호 ***호,2013318016323200050,3180000,"서울특별시 영등포구 대림로 ***, ***호 (대림동)",,,04,취소/말소/만료/정지/중지,,,1544-4249
13411800000,영농조합법인 한국상황967,,13411800000,192967.351496095,447481.364199462,2026-05-01 22:41:58,I,07,직권말소,2017-06-13 10:17:45,0,,2013-08-27,,,2013318016323200053,3180000,"서울특별시 영등포구 국회대로**길 **, ****호 (여의도동, 케이씨씨파크타운)",,,04,취소/말소/만료/정지/중지,,,02-3775-4361
,쌍용자동차 영등포중앙대리점,,,191517.787991776,446842.110106091,2026-05-01 22:41:58,I,01,정상영업,2013-09-12 18:12:24,,,2013-09-12,,,2013318016323200054,3180000,"서울특별시 영등포구 영중로 ** (영등포동*가, 한국우편사업진흥원빌딩*층)",,,01,영업/정상,,,
,LAVIA,,,190341.729637815,446880.093788244,2026-05-01 22:41:58,I,07,직권말소,2020-06-24 14:30:36,,,2013-10-01,,,2013318016323200055,3180000,서울특별시 영등포구 선유로**길 *-* (양평동*가),,,04,취소/말소/만료/정지/중지,,,02-2633-7203
500000000,(주) 메모리드,,500000000,191558.008889229,447593.843343674,2026-05-01 22:41:58,I,07,직권말소,2017-06-13 10:17:05,0,,2012-07-19,,,2013318016323200056,3180000,"서울특별시 영등포구 영중로 ***, ***호 (영등포동*가, 우송빌딩제*호동)",,,04,취소/말소/만료/정지/중지,,,1899-0615
0,(주)이앤정코리아,,100000000,190910.614214392,446863.563179538,2026-05-01 22:41:58,I,07,직권말소,2020-06-24 14:30:12,0,,2012-06-11,,,2013318016323200057,3180000,"서울특별시 영등포구 양산로 ***-* (당산동*가, 원종빌딩*층)",,,04,취소/말소/만료/정지/중지,,,070-8882-5685
,윤&정 결혼정보,,,193469.554731741,446508.068667777,2026-05-01 22:41:58,I,01,정상영업,2013-10-11 10:27:08,,,2013-10-11,,,2013318016323200058,3180000,"서울특별시 영등포구 국제금융로*길 **, ****호 (여의도동, 맨하탄빌딩)",,,01,영업/정상,,,02-761-5962
,도도코스메틱,,,191166.735605259,443801.50786284,2026-05-01 22:41:58,I,07,직권말소,2019-08-14 11:30:22,,,2013-10-11,,,2013318016323200059,3180000,"서울특별시 영등포구 도림로 ***, *동 ***호 (대림동, 우성아파트)",,,04,취소/말소/만료/정지/중지,,,
,보아스 (BOAS),,,192797.853190907,445107.031326462,2026-05-01 22:41:58,I,07,직권말소,2019-08-14 11:29:52,,,2013-10-14,,,2013318016323200061,3180000,"서울특별시 영등포구 여의대방로**라길 *, ***동 ****호 (신길동, 삼환아파트)",,,04,취소/말소/만료/정지/중지,,,02-591-2512
5000000,(주)무궁화토탈써비스,,5000000,190923.551317757,446575.396546634,2026-05-01 22:41:58,I,01,정상영업,2013-10-17 16:46:26,0,,2013-10-17,,,2013318016323200062,3180000,"서울특별시 영등포구 영등포로 ***, 지하동 ***호 (당산동*가, 당산빌딩)",,,01,영업/정상,,,1588-1856
0,"씨에프티브이주식회사(CFTV.CO,.LTD.)",,0,189785.752470051,446796.882113561,2026-05-01 22:41:58,I,07,직권말소,2019-08-14 11:29:17,0,,2011-11-08,150-102,서울특별시 영등포구 양평동*가 **번지 **호 목동비즈타워 ***호,2013318016323200068,3180000,"서울특별시 영등포구 영등포로 **, ***호 (양평동*가, 목동비즈타워)",,,04,취소/말소/만료/정지/중지,,,
139964078,주식회사 엘에이엠오,,,190945.09676043,447052.830824824,2026-05-01 22:41:58,I,07,직권말소,2019-08-14 11:28:16,733022079,,2013-11-29,,,2013318016323200071,3180000,"서울특별시 영등포구 국회대로**길 **, 비*층 ***호 (당산동*가, 리앤나빌리지)",,,04,취소/말소/만료/정지/중지,,,1544-9853
,고객사랑,,30000000,190745.056313582,444339.093191793,2026-05-01 22:41:59,I,07,직권말소,2014-11-24 10:50:36,,,2013-12-16,,,2013318016323200072,3180000,"서울특별시 영등포구 대림로**길 *, *층 (대림동)",,,04,취소/말소/만료/정지/중지,,,070-7783-7059
,에코에어,,,191486.809069357,444366.853776452,2026-05-01 22:41:59,I,01,정상영업,2020-11-10 15:29:38,,,2013-12-26,,서울특별시 영등포구 신길동 ***-* 현대빌딩,2013318016323200074,3180000,"서울특별시 영등포구 도림로 ***, 현대빌딩 *층 (신길동)",07406,,01,영업/정상,,,
,이네스 뷰티,,,191636.053345951,446315.067198453,2026-05-01 22:41:59,I,07,직권말소,2019-08-14 11:25:47,,,2014-01-02,,,2014318016323200002,3180000,"서울특별시 영등포구 영중로**길 *-*, ***호 (영등포동*가, 델리타운)",,,04,취소/말소/만료/정지/중지,,,02-2631-7881
,현대헬스케어,,,189862.670939789,447108.692357096,2026-05-01 22:41:59,I,01,정상영업,2018-05-21 14:39:16,,,2014-01-17,,서울특별시 영등포구 양평동*가 **번지 *호,2014318016323200004,3180000,"서울특별시 영등포구 선유서로 ***, 월드프라자 ***호 (양평동*가)",07269,,01,영업/정상,,,02-2672-7488
,에스엠상사,,,190893.219265182,444494.131279513,2026-05-01 22:41:59,I,07,직권말소,2019-08-14 11:25:13,,,2014-02-10,,,2014318016323200009,3180000,서울특별시 영등포구 대림로**길 ** (대림동),,,04,취소/말소/만료/정지/중지,,,
,알곡상사,,,193785.813402517,446328.36052151,2026-05-01 22:41:59,I,01,정상영업,2014-02-10 18:03:55,,,2014-02-10,,,2014318016323200010,3180000,"서울특별시 영등포구 여의대방로**길 *, ***호 (여의도동, 센터빌딩)",,,01,영업/정상,,,
25990000,투어멀린연구회 주식회사,,100000000,192747.419300064,447054.988337321,2026-05-01 22:41:59,I,07,직권말소,2019-08-14 11:24:04,0,,2014-02-13,,,2014318016323200012,3180000,"서울특별시 영등포구 의사당대로 **, ***동 ***호 (여의도동, 더샵아일랜드파크)",,,04,취소/말소/만료/정지/중지,,,070-7527-9684
313100759,한국연합상조(주),,100000000,190847.932129501,447377.722415559,2026-05-01 22:41:42,I,01,정상영업,2009-02-19 15:22:04,598226629,,2007-11-19,150-044,서울특별시 영등포구 당산동*가 **번지 *호 동양빌딩 *층,2007318011723291442,3180000,"서울특별시 영등포구 당산로**길 * (당산동*가,동양빌딩 *층)",,,01,영업/정상,,,02-2647-7220
,다부하이테크,,,190730.636758276,444525.495470851,2026-05-01 22:41:42,I,07,직권말소,2013-03-25 20:34:39,,,2007-11-21,150-070,서울특별시 영등포구 대림동 ***번지 *호 성림빌딩 ***호,2007318011723291444,3180000,"서울특별시 영등포구 대림로 ***, ***호 (대림동,성림빌딩)",,,04,취소/말소/만료/정지/중지,,,1588-5877
,농산물유통공사,,,190899.857409923,444069.524152685,2026-05-01 22:41:42,I,07,직권말소,2012-02-29 13:36:28,,,2007-11-22,150-070,서울특별시 영등포구 대림동 ***번지 *호 동도빌딩 ***호,2007318011723291445,3180000,"서울특별시 영등포구 대림로 ***, ***호 (대림동,동도빌딩)",,,04,취소/말소/만료/정지/중지,,,02-831-2733
141600000,공상연상조(주),,50000000,190951.809887622,442844.492647284,2026-05-01 22:41:42,I,07,직권말소,2012-02-29 13:35:56,91600000,,2007-12-05,150-070,서울특별시 영등포구 대림동 ****번지 **호 ***호,2007318011723291446,3180000,"서울특별시 영등포구 디지털로 ***-*, ***호 (대림동)",,,04,취소/말소/만료/정지/중지,,,1544-9103
,웰빙보이,,,191060.688283317,448289.617887109,2026-05-01 22:41:42,I,07,직권말소,2012-02-29 13:35:26,,,2007-12-06,150-104,서울특별시 영등포구 양평동*가 ***번지 삼부르네상스 ****호,2007318011723291447,3180000,"서울특별시 영등포구 양평로**가길 **, ****호 (양평동*가,삼부르네상스)",,,04,취소/말소/만료/정지/중지,,,02-2630-1400
,에스플러스,,,190923.551317757,446575.396546634,2026-05-01 22:41:42,I,07,직권말소,2009-06-03 21:11:15,,,2007-12-10,150-041,서울특별시 영등포구 당산동*가 **번지 *호 당산빌딩 *층,2007318011723291448,3180000,"서울특별시 영등포구 영등포로 *** (당산동*가,당산빌딩 *층)",,,04,취소/말소/만료/정지/중지,,,
,찬미상사,,,190923.551317757,446575.396546634,2026-05-01 22:41:43,I,07,직권말소,2010-05-24 11:15:09,,,2007-12-12,150-041,서울특별시 영등포구 당산동*가 **번지 *호 *층,2007318011723291451,3180000,"서울특별시 영등포구 영등포로 *** (당산동*가,*층)",,,04,취소/말소/만료/정지/중지,,,02-3667-1113
,태영상사,,,190923.551317757,446575.396546634,2026-05-01 22:41:43,I,07,직권말소,2009-06-03 21:10:49,,,2007-12-17,150-041,서울특별시 영등포구 당산동*가 **번지 *호 *층 ***호,2007318011723291453,3180000,"서울특별시 영등포구 영등포로 *** (당산동*가,*층 ***호)",,,04,취소/말소/만료/정지/중지,,,02-3667-1113
80000000,(주)이그린씨티,,50000000,190893.810125934,443236.05842825,2026-05-01 22:41:43,I,07,직권말소,2010-05-24 11:14:43,30000000,,2007-12-28,150-070,서울특별시 영등포구 대림동 ****번지 *호 대덕빌딩 ***호,2007318011723291456,3180000,"서울특별시 영등포구 디지털로**길 **, ***호 (대림동,대덕빌딩)",,,04,취소/말소/만료/정지/중지,,,02-834-8612
23810000,(주)뉴페이스코스메틱,,50000000,191516.705718318,442905.116903156,2026-05-01 22:41:43,I,07,직권말소,2009-06-03 21:10:27,0,,2008-01-03,150-070,서울특별시 영등포구 대림동 ***번지 **호 태안빌딩 ***호,2008318011723200001,3180000,,,,04,취소/말소/만료/정지/중지,,,02-834-0435
,드림정보통신,,,191536.037141169,447172.053366478,2026-05-01 22:41:43,I,07,직권말소,2014-02-13 16:42:09,,,2008-01-04,150-038,서울특별시 영등포구 영등포동*가 **번지 *호 영등포전화국 제*별관 ***호,2008318011723200002,3180000,"서울특별시 영등포구 영중로 ***, ***호 (영등포동*가,영등포전화국 제*별관)",,,04,취소/말소/만료/정지/중지,,,02-2672-1600
100000000,(주)현대나브텍,,50000000,191779.522635667,443972.870392457,2026-05-01 22:41:43,I,07,직권말소,2012-02-29 13:34:15,120000000,,2008-01-14,150-050,서울특별시 영등포구 신길동 ***번지 **호 샘탑빌딩***호,2008318011723200005,3180000,"서울특별시 영등포구 신길로 ** (신길동,샘탑빌딩***호)",,,04,취소/말소/만료/정지/중지,,,
,현재상사,,,190923.551317757,446575.396546634,2026-05-01 22:41:43,I,07,직권말소,2009-06-03 21:09:53,,,2008-01-16,150-041,서울특별시 영등포구 당산동*가 **번지 *호 당산빌딩*층,2008318011723200006,3180000,"서울특별시 영등포구 영등포로 *** (당산동*가,당산빌딩*층)",,,04,취소/말소/만료/정지/중지,,,
,아미엥,,,190151.546830206,447204.636302477,2026-05-01 22:41:43,I,07,직권말소,2009-06-03 21:09:27,,,2008-01-18,150-103,서울특별시 영등포구 양평동*가 **번지 양평동대우이안 ***동 ****호,2008318011723200008,3180000,"서울특별시 영등포구 선유로**길 **, ***동 ****호 (양평동*가,양평동대우이안)",,,04,취소/말소/만료/정지/중지,,,02-2635-1502
,秀System,,,190725.315270263,443395.289736462,2026-05-01 22:41:43,I,04,직권취소,2008-09-29 14:48:18,,2008-09-23,2008-01-21,150-070,서울특별시 영등포구 대림동 ****번지 **호,2008318011723200009,3180000,서울특별시 영등포구 도림로**길 * (대림동),,,04,취소/말소/만료/정지/중지,,,02-834-9772
,Well.P(웰.피),,,190966.065145063,443717.09716341,2026-05-01 22:41:43,I,04,직권취소,2008-01-25 14:26:11,,2008-01-25,2008-01-24,150-070,서울특별시 영등포구 대림동 ***번지 *호 태안빌딩***호,2008318011723200012,3180000,"서울특별시 영등포구 대림로**가길 * (대림동,태안빌딩***호)",,,04,취소/말소/만료/정지/중지,,,
0,에스엠프라임(주),,100000000,192880.946054063,446664.78738442,2026-05-01 22:41:43,I,07,직권말소,2009-06-03 21:09:03,0,,2008-02-01,150-010,서울특별시 영등포구 여의도동 **번지 *호 전경련회관 비*층,2008318011723200013,3180000,"서울특별시 영등포구 여의대로 ** (여의도동,전경련회관 비*층)",,,04,취소/말소/만료/정지/중지,,,
,에스드림월드,,,190923.551317757,446575.396546634,2026-05-01 22:41:43,I,07,직권말소,2012-02-29 13:33:47,,,2008-02-14,150-041,서울특별시 영등포구 당산동*가 **번지 *호 당산빌딩*층,2008318011723200014,3180000,"서울특별시 영등포구 영등포로 *** (당산동*가,당산빌딩*층)",,,04,취소/말소/만료/정지/중지,,,26363213
78000000,(주)에스엠유티,,78000000,191647.292795162,447262.153315855,2026-05-01 22:41:43,I,07,직권말소,2012-02-29 13:33:22,0,,2008-02-14,150-038,서울특별시 영등포구 영등포동*가 **번지 *호 청림빌딩 *층,2008318011723200016,3180000,"서울특별시 영등포구 국회대로**길 ** (영등포동*가,청림빌딩 *층)",,,04,취소/말소/만료/정지/중지,,,
100000000,(주)엔젤아이펫,,100000000,192974.136279143,447585.389404675,2026-05-01 22:41:59,I,07,직권말소,2020-06-24 14:26:55,0,,2014-05-13,,,2014318016323200027,3180000,"서울특별시 영등포구 국회대로**길 *, *층 ***호 (여의도동, 삼보빌딩)",,,04,취소/말소/만료/정지/중지,,,1688-6961
169217076,(주)오렌지투어,,50000000,190926.607527399,447510.554085801,2026-05-01 22:41:59,I,07,직권말소,2019-08-14 11:23:05,87188378,,2014-05-19,,,2014318016323200029,3180000,"서울특별시 영등포구 당산로 ***, *층 ***호 (당산동*가, 금강펜테리움)",,,04,취소/말소/만료/정지/중지,,,1588-0517
,라이프동인비,,,190852.62008665,443745.551626242,2026-05-01 22:41:59,I,07,직권말소,2019-08-14 11:22:29,,,2014-05-27,,,2014318016323200030,3180000,"서울특별시 영등포구 대림로**가길 **, *층 *호 (대림동)",,,04,취소/말소/만료/정지/중지,,,
,L.H 통신,,,,,2026-05-01 22:41:59,I,07,직권말소,2019-08-14 11:21:49,,,2014-06-09,,,2014318016323200031,3180000,"서울특별시 영등포구 양산로**길 **, ***호 (당산동*가, 원일빌딩)",,,04,취소/말소/만료/정지/중지,,,02-2679-9666
5152268163,에이치아이네트워크 주식회사,,333345000,193017.878453154,446707.530845847,2026-05-01 22:41:59,I,07,직권말소,2019-08-14 11:21:17,3123543674,,2014-06-13,,,2014318016323200033,3180000,"서울특별시 영등포구 의사당대로 **, *층 (여의도동, 하나대투증권빌딩)",,,04,취소/말소/만료/정지/중지,,,02-3703-2843
94472209,주식회사 더웨스트,,100000000,194530.535390096,446306.787198089,2026-05-01 22:41:59,I,07,직권말소,2019-08-14 11:20:41,4366500,,2014-06-27,,,2014318016323200035,3180000,"서울특별시 영등포구 **로 **, ***호 (여의도동, 콤비빌딩)",,,04,취소/말소/만료/정지/중지,,,
8945583875,(주)워터스,,700000000,193469.554731741,446508.068667777,2026-05-01 22:41:59,I,01,정상영업,2020-09-04 10:26:02,7044436479,,2014-06-30,,서울특별시 영등포구 여의도동 **-*,2014318016323200036,3180000,"서울특별시 영등포구 국제금융로*길 **, ****호 (여의도동)",07331,,01,영업/정상,,,02-783-5206
,골든결혼정보,,,191407.44852194,447901.017162097,2026-05-01 22:41:59,I,07,직권말소,2025-06-30 09:41:05,,,2014-06-30,,,2014318016323200037,3180000,"서울특별시 영등포구 양평로 **-*, *층 (당산동*가, O&K빌딩)",,,04,취소/말소/만료/정지/중지,,,02-2678-1191
,선당실업,,,190830.751732392,443068.008897212,2026-05-01 22:41:59,I,07,직권말소,2019-08-14 11:19:53,,,2014-07-03,,,2014318016323200038,3180000,"서울특별시 영등포구 도림천로 ***, ***동 ****호 (대림동, 대림동문영칸타빌레아파트)",,,04,취소/말소/만료/정지/중지,,,02-848-1555
,한독화장품 동작대리점,,,192654.926389121,445917.021217324,2026-05-01 22:41:59,I,01,정상영업,2014-09-12 09:42:02,,,2014-07-07,,,2014318016323200039,3180000,"서울특별시 영등포구 영등포로 ***, *층 (신길동, 한독타워)",,,01,영업/정상,,,
,e-다음세상,,,191766.059123116,446980.281114352,2026-05-01 22:41:59,I,07,직권말소,2019-08-14 11:19:23,,,2013-11-04,,,2014318016323200040,3180000,"서울특별시 영등포구 국회대로 ***, ***호 (영등포동*가, 한흥빌딩)",,,04,취소/말소/만료/정지/중지,,,070-4172-5460
,서울 홈쇼핑,,,191590.878296395,446489.41953806,2026-05-01 22:41:59,I,07,직권말소,2019-08-14 11:18:55,,,2014-08-12,,,2014318016323200048,3180000,"서울특별시 영등포구 영등포로**길 *, *층 (영등포동*가)",,,04,취소/말소/만료/정지/중지,,,02-2068-3515
,아이센스(Eye-Sense),,,190736.723808854,446597.596450118,2026-05-01 22:41:59,I,07,직권말소,2017-06-13 10:28:29,,,2013-06-25,,,2014318016323200049,3180000,"서울특별시 영등포구 영등포로 ***, ***호 (당산동*가)",,,04,취소/말소/만료/정지/중지,,,02-2631-1618
,송은산업,,2000,190988.34749516,443983.81624311,2026-05-01 22:41:59,I,07,직권말소,2017-06-13 10:16:36,,,2013-04-23,,,2014318016323200051,3180000,서울특별시 영등포구 대림로 *** (대림동),,,04,취소/말소/만료/정지/중지,,,
,브레인코리아,,,190841.500350008,446879.224744805,2026-05-01 22:41:59,I,07,직권말소,2017-06-13 10:16:05,,,2014-09-12,,,2014318016323200053,3180000,"서울특별시 영등포구 양산로 ***, ***호 (당산동*가, 동화빌딩)",,,04,취소/말소/만료/정지/중지,,,02-749-8898
0,영농조합법인 강산,,0,191616.285409253,446238.776340506,2026-05-01 22:41:59,I,07,직권말소,2019-08-14 11:18:23,0,,2014-09-24,,,2014318016323200058,3180000,"서울특별시 영등포구 영중로 **, *층 ***호 (영등포동*가, 남서울빌딩)",,,04,취소/말소/만료/정지/중지,,,02-877-0337
500000000,주식회사 휴엔사랑,,500000000,193220.852226066,446743.134358836,2026-05-01 22:42:00,I,07,직권말소,2020-06-24 14:26:28,0,,2014-10-16,,,2014318016323200064,3180000,"서울특별시 영등포구 국제금융로*길 **, **층 ****호 (여의도동, 에스트레뉴)",,,04,취소/말소/만료/정지/중지,,,02-6959-9860
,HS커뮤니케이션,,,192855.846689734,447565.580756999,2026-05-01 22:42:00,I,07,직권말소,2017-06-13 10:15:30,,,2014-10-20,,,2014318016323200066,3180000,"서울특별시 영등포구 국회대로**길 *, ***호 (여의도동, 아이비피아빌딩)",,,04,취소/말소/만료/정지/중지,,,070-7561-1569
,한강텔레콤,,,190904.193646007,445115.637592953,2026-05-01 22:42:00,I,07,직권말소,2019-08-14 11:17:55,,,2014-11-07,,,2014318016323200072,3180000,"서울특별시 영등포구 도신로**다길 **-*, *층 (도림동)",,,04,취소/말소/만료/정지/중지,,,02-6237-4845
,지혜통신,,,191242.637480183,445194.561392874,2026-05-01 22:42:00,I,07,직권말소,2017-06-13 10:13:09,,,2014-11-14,,,2014318016323200073,3180000,"서울특별시 영등포구 도림로***길 ** (도림동, 지하)",,,04,취소/말소/만료/정지/중지,,,
103255353,(주)제이엠아이엔씨,,50000000,190996.357288859,445841.377603245,2026-05-01 22:42:00,I,07,직권말소,2019-08-14 11:17:22,47766308,,2014-11-24,,,2014318016323200074,3180000,"서울특별시 영등포구 경인로 ***, *동 ***호 (문래동*가, 에이스하이테크시티)",,,04,취소/말소/만료/정지/중지,,,02-3667-1431
,한국야쿠르트 신대방점,,,192710.487779987,445627.449077734,2026-05-01 22:41:59,I,07,직권말소,2020-06-24 14:29:46,,,2014-03-07,,,2014318016323200015,3180000,"서울특별시 영등포구 영등포로**길 **, *층 (신길동)",,,04,취소/말소/만료/정지/중지,,,02-843-5756
,한국야쿠르트 신길점,,,191491.233768044,445126.138630837,2026-05-01 22:41:59,I,07,직권말소,2020-06-24 14:28:23,,,2014-03-07,,,2014318016323200016,3180000,서울특별시 영등포구 도신로 *** (도림동),,,04,취소/말소/만료/정지/중지,,,02-844-5938
1979109159,(주)로얄그리인코리아,,200000000,194561.746032498,446364.318286465,2026-05-01 22:41:59,I,07,직권말소,2020-06-24 14:27:42,1153422386,,2014-03-11,,,2014318016323200017,3180000,"서울특별시 영등포구 **로 **, ***호 (여의도동, 라이프오피스텔)",,,04,취소/말소/만료/정지/중지,,,02-784-3941
,엠제이코리아(MJ Korea),,,191433.35633588,443459.977285487,2026-05-01 22:41:59,I,07,직권말소,2019-08-14 11:23:33,,,2014-03-26,,,2014318016323200023,3180000,서울특별시 영등포구 디지털로 *** (대림동),,,04,취소/말소/만료/정지/중지,,,070-7613-8842
,녹원코리아,,,189749.797733542,446736.431998505,2026-05-01 22:41:43,I,07,직권말소,2020-06-24 14:34:24,,,2008-01-18,150-102,서울특별시 영등포구 양평동*가 *번지 *호 우남푸르미아*층,2008318011723200017,3180000,"서울특별시 영등포구 영등포로 ** (양평동*가,우남푸르미아*층)",,,04,취소/말소/만료/정지/중지,,,26771368
,새순,,,190923.551317757,446575.396546634,2026-05-01 22:41:43,I,07,직권말소,2009-06-03 21:08:41,,,2008-02-19,150-041,서울특별시 영등포구 당산동*가 **번지 *호 *층,2008318011723200018,3180000,"서울특별시 영등포구 영등포로 *** (당산동*가,*층)",,,04,취소/말소/만료/정지/중지,,,36671113
,JL텔레텍,,,191060.688283317,448289.617887109,2026-05-01 22:41:43,I,07,직권말소,2009-06-03 21:08:16,,,2008-02-21,150-104,서울특별시 영등포구 양평동*가 ***번지 삼부르네상스 한강오피스텔 ****호,2008318011723200019,3180000,"서울특별시 영등포구 양평로**가길 ** (양평동*가,삼부르네상스 한강오피스텔 ****호)",,,04,취소/말소/만료/정지/중지,,,20681781
1474798158,(주)탑헤드비전,,1500000000,193732.392169737,446552.169673195,2026-05-01 22:41:43,I,07,직권말소,2012-10-29 18:43:10,1783791,,2008-03-06,150-010,서울특별시 영등포구 여의도동 **번지 *호 대영빌딩***호,2008318011723200021,3180000,"서울특별시 영등포구 국제금융로*길 ** (여의도동,대영빌딩***호)",,,04,취소/말소/만료/정지/중지,,,
,확인영어홈스터디목동센터,,,190360.13288878,446737.145739956,2026-05-01 22:41:43,I,07,직권말소,2019-08-14 11:39:55,,,2008-03-07,150-042,서울특별시 영등포구 당산동*가 **번지 ***호,2008318011723200023,3180000,"서울특별시 영등포구 선유동*로 ** (당산동*가,***호)",,,04,취소/말소/만료/정지/중지,,,36670575
,대흥신용산업,,,190974.641424628,444013.695517877,2026-05-01 22:41:43,I,07,직권말소,2010-05-24 11:12:07,,,2008-03-10,150-070,서울특별시 영등포구 대림동 ***번지 *호,2008318011723200024,3180000,서울특별시 영등포구 대림로 *** (대림동),,,04,취소/말소/만료/정지/중지,,,
0,경기전화번호부(주),,50000000,193818.18014,446332.089777304,2026-05-01 22:41:43,I,07,직권말소,2013-03-25 20:36:50,0,,2008-03-27,150-010,서울특별시 영등포구 여의도동 **번지 **호 제일빌딩 ****호,2008318011723200029,3180000,"서울특별시 영등포구 여의대방로 ***, ****호 (여의도동,제일빌딩)",,,04,취소/말소/만료/정지/중지,,,
1238611524,주식회사 씨에스지,,670000000,193732.392169737,446552.169673195,2026-05-01 22:41:43,I,07,직권말소,2020-06-24 14:33:23,1238611524,,2008-04-10,150-010,서울특별시 영등포구 여의도동 **번지 *호 대영빌딩 **층 ****,2008318011723200034,3180000,"서울특별시 영등포구 국제금융로*길 ** (여의도동,대영빌딩 **층 ****)",,,04,취소/말소/만료/정지/중지,,,
,실버라인,,,194530.535390096,446306.787198089,2026-05-01 22:41:44,I,07,직권말소,2012-08-23 22:17:33,,,2008-04-21,150-010,서울특별시 영등포구 여의도동 **번지 *호 라이프콤비빌딩****호,2008318011723200037,3180000,"서울특별시 영등포구 **로 ** (여의도동,라이프콤비빌딩****호)",,,04,취소/말소/만료/정지/중지,,,
,제이팜제약라이프,,,190977.197041236,443843.981221251,2026-05-01 22:41:44,I,07,직권말소,2010-05-24 11:11:03,,,2008-04-23,150-071,서울특별시 영등포구 대림동 ***번지 *호,2008318011723200039,3180000,서울특별시 영등포구 대림로 *** (대림동),,,04,취소/말소/만료/정지/중지,,,
40246244,(주)굿아이티스,,18493658,190813.403490065,443452.113850549,2026-05-01 22:41:44,I,07,직권말소,2012-09-07 22:58:51,21752586,,2008-04-29,150-070,서울특별시 영등포구 대림동 ****번지 **호 건설빌딩***호,2008318011723200042,3180000,"서울특별시 영등포구 도림로 *** (대림동,건설빌딩***호)",,,04,취소/말소/만료/정지/중지,,,
,하이텍 홀딩스,,,,,2026-05-01 22:41:44,I,07,직권말소,2009-11-20 10:15:23,,,2008-05-09,150-032,서울특별시 영등포구 영등포동*가 ***번지 ***호,2008318011723200048,3180000,,,,04,취소/말소/만료/정지/중지,,,26717652
,백운상사,,,190923.551317757,446575.396546634,2026-05-01 22:41:44,I,07,직권말소,2012-02-29 13:32:56,,,2008-05-16,150-041,서울특별시 영등포구 당산동*가 **번지 *호 당산빌딩***호,2008318011723200051,3180000,"서울특별시 영등포구 영등포로 *** (당산동*가,당산빌딩***호)",,,04,취소/말소/만료/정지/중지,,,
,일심상사,,,190923.551317757,446575.396546634,2026-05-01 22:41:44,I,07,직권말소,2010-05-24 11:10:12,,,2008-05-16,150-041,서울특별시 영등포구 당산동*가 **번지 *호,2008318011723200052,3180000,서울특별시 영등포구 영등포로 *** (당산동*가),,,04,취소/말소/만료/정지/중지,,,
,CM-월드,,,,,2026-05-01 22:41:44,I,07,직권말소,2009-06-03 21:07:42,,,2008-05-15,150-044,서울특별시 영등포구 당산동*가 *-***  유경빌딩***호,2008318011723200053,3180000,,,,04,취소/말소/만료/정지/중지,,,26758258
,GMT&S,,,190968.870784784,445750.399305962,2026-05-01 22:41:44,I,07,직권말소,2010-05-24 11:08:04,,,2008-05-16,150-093,서울특별시 영등포구 문래동*가 **번지 **호 ***호,2008318011723200054,3180000,"서울특별시 영등포구 경인로 *** (문래동*가,***호)",,,04,취소/말소/만료/정지/중지,,,
,아멘상사,,,190923.551317757,446575.396546634,2026-05-01 22:41:44,I,07,직권말소,2010-05-24 11:05:09,,,2008-05-19,150-041,서울특별시 영등포구 당산동*가 **번지 *호 당산빌딩***,2008318011723200055,3180000,"서울특별시 영등포구 영등포로 *** (당산동*가,당산빌딩***)",,,04,취소/말소/만료/정지/중지,,,
,엘도라도,,,190923.551317757,446575.396546634,2026-05-01 22:41:44,I,07,직권말소,2010-05-24 11:02:48,,,2008-05-21,150-041,서울특별시 영등포구 당산동*가 **번지 *호,2008318011723200059,3180000,서울특별시 영등포구 영등포로 *** (당산동*가),,,04,취소/말소/만료/정지/중지,,,
,하은상사,,,190923.551317757,446575.396546634,2026-05-01 22:41:44,I,07,직권말소,2010-05-24 10:54:30,,,2008-05-21,150-041,서울특별시 영등포구 당산동*가 **번지 *호 당산빌딩*층,2008318011723200060,3180000,"서울특별시 영등포구 영등포로 *** (당산동*가,당산빌딩*층)",,,04,취소/말소/만료/정지/중지,,,36671113
,금성,,,190923.551317757,446575.396546634,2026-05-01 22:41:45,I,07,직권말소,2014-02-13 16:43:03,,,2008-05-29,150-041,서울특별시 영등포구 당산동*가 **번지 *호 당산빌딩,2008318011723200063,3180000,"서울특별시 영등포구 영등포로 *** (당산동*가,당산빌딩)",,,04,취소/말소/만료/정지/중지,,,26363213
,핀텍쇼라이프서울,,,191651.358385922,445337.223391412,2026-05-01 22:42:00,I,07,직권말소,2017-06-13 10:11:39,,,2015-04-09,,,2015318016323200021,3180000,서울특별시 영등포구 도신로**바길 **-* (도림동),,,04,취소/말소/만료/정지/중지,,,
,농산물유통사업소,,,190721.417931753,444571.769293729,2026-05-01 22:42:00,I,01,정상영업,2017-07-04 13:35:52,,,2015-04-13,,,2015318016323200022,3180000,"서울특별시 영등포구 대림로 ***, *층 ***호 (대림동)",07377,,01,영업/정상,,,02-834-1602
,보흥국제상회(BAOHENG),,,192085.887816989,444195.716880471,2026-05-01 22:42:00,I,07,직권말소,2019-08-14 10:59:58,,,2015-04-21,,,2015318016323200025,3180000,"서울특별시 영등포구 신풍로 **, *층 (신길동)",,,04,취소/말소/만료/정지/중지,,,
0,주식회사 에이비종합상사,,50000000,190555.768991595,446698.814322782,2026-05-01 22:42:00,I,02,휴업처리,2020-07-17 17:01:47,0,,2015-04-27,,,2015318016323200026,3180000,"서울특별시 영등포구 영등포로 ***, *층 가열 **호 (당산동*가, 영등포유통상가)",,,02,휴업,2020-07-17,2021-12-31,02-3667-9888
50000000,미디어오잉 주식회사,,50000000,191457.663413167,447179.850506981,2026-05-01 22:42:00,I,07,직권말소,2019-08-14 10:58:38,0,,2015-04-28,,,2015318016323200027,3180000,"서울특별시 영등포구 영신로 ***, ****호 (영등포동*가, 케이엔케이디지털타워)",,,04,취소/말소/만료/정지/중지,,,070-7562-1400
,대림 S&T,,,191112.011862888,443340.889968925,2026-05-01 22:42:00,I,07,직권말소,2017-06-13 10:11:10,,,2015-05-07,,,2015318016323200030,3180000,서울특별시 영등포구 대림로**길 ** (대림동),,,04,취소/말소/만료/정지/중지,,,
53078076,디케이글로벌 주식회사,,50000000,191060.190722692,447300.612511497,2026-05-01 22:42:00,I,07,직권말소,2025-06-30 09:39:17,626060,,2015-05-14,,,2015318016323200035,3180000,"서울특별시 영등포구 국회대로**길 *, *층 (당산동*가, 태경빌딩)",,,04,취소/말소/만료/정지/중지,,,02-6959-7301
0,(주)황금힐링,,30000000,191663.621652474,446633.034368436,2026-05-01 22:42:00,I,07,직권말소,2020-09-28 09:02:35,0,,2015-05-19,,,2015318016323200037,3180000,"서울특별시 영등포구 영중로**길 **, ***호 (영등포동*가)",,,04,취소/말소/만료/정지/중지,,,02-2677-5222
0,주식회사 스킨디엔에이,,50000000,192996.536406075,447488.346551122,2026-05-01 22:42:00,I,07,직권말소,2017-06-13 10:10:42,0,,2015-05-29,,,2015318016323200041,3180000,"서울특별시 영등포구 국회대로**길 **, ****호 (여의도동, 맨하탄**리빙텔)",,,04,취소/말소/만료/정지/중지,,,02-3775-0544
101113432,주식회사 한울모바일,,50000000,190996.357288859,445841.377603245,2026-05-01 22:42:01,I,01,정상영업,2020-08-31 16:22:16,60547140,,2015-06-04,,,2015318016323200042,3180000,"서울특별시 영등포구 경인로 ***, *동 ***호 (문래동*가, 에이스하이테크시티)",,,01,영업/정상,,,070-7008-7237
0,(주) 현대엘이디시스템,,10000000,190926.607527399,447510.554085801,2026-05-01 22:42:01,I,02,휴업처리,2015-09-24 15:32:41,0,,2015-06-08,,,2015318016323200045,3180000,"서울특별시 영등포구 당산로 ***, ***호 (당산동*가, 금강펜테리움 IT타워)",,,02,휴업,2015-09-24,2025-09-24,1644-6905
,동북국제,,,191115.747833063,442854.148764609,2026-05-01 22:42:01,I,01,정상영업,2015-07-07 13:14:17,,,2015-07-07,,,2015318016323200048,3180000,서울특별시 영등포구 디지털로**길 **-* (대림동),,,01,영업/정상,,,02-833-9118
,대운상사,,,191082.253667615,447402.894247019,2026-05-01 22:42:01,I,01,정상영업,2020-11-09 15:23:50,,,2015-09-04,,서울특별시 영등포구 당산동*가 **번지 **호,2015318016323200053,3180000,"서울특별시 영등포구 당산로**길 **-*, *층 (당산동*가)",07220,,01,영업/정상,,,02-2676-0156
,한아름농산물,,,191144.678297319,443578.565673887,2026-05-01 22:42:01,I,01,정상영업,2015-10-19 11:51:31,,,2015-10-19,,,2015318016323200057,3180000,"서울특별시 영등포구 대림로 ***, *층 ***호 (대림동, 대명빌딩)",07422,,01,영업/정상,,,
,국제아로마테라피임상연구센터,,,190023.48828661,446044.579840782,2026-05-01 22:42:01,I,01,정상영업,2015-11-03 10:15:03,,,2015-11-03,,,2015318016323200060,3180000,"서울특별시 영등포구 선유로 **, ****호 (문래동*가, 대륭오피스텔)",07285,,01,영업/정상,,,02-6166-1272
494610918,원네스월드영농조합법인,,500000000,190586.062540107,447216.925498911,2026-05-01 22:42:00,I,01,정상영업,2014-11-24 13:16:21,1420118,,2014-11-24,,,2014318016323200075,3180000,"서울특별시 영등포구 국회대로**길 **, ***호 (당산동*가, 한얼빌딩)",,,01,영업/정상,,,02-2633-5777
494179270,주식회사 원네스코리아,,500000000,190586.062540107,447216.925498911,2026-05-01 22:42:00,I,07,직권말소,2020-06-24 14:25:57,149180,,2014-12-04,,,2014318016323200078,3180000,"서울특별시 영등포구 국회대로**길 **, *층 (당산동*가)",,,04,취소/말소/만료/정지/중지,,,02-2633-5777
50000000,(주)신명힐링시스템,,50000000,191553.969411129,443923.212098423,2026-05-01 22:42:00,I,07,직권말소,2017-06-13 10:12:43,0,,2014-12-22,,,2014318016323200079,3180000,"서울특별시 영등포구 신길로**길 **, *층 (대림동)",,,04,취소/말소/만료/정지/중지,,,
,e-퍼니런,,,191918.689234935,446964.793381092,2026-05-01 22:42:00,I,07,직권말소,2019-08-14 11:16:25,,,2015-01-26,,,2015318016323200005,3180000,"서울특별시 영등포구 버드나루로 **, ***호 (영등포동*가, 우성빌딩 *층)",,,04,취소/말소/만료/정지/중지,,,062-952-0935
8028141291,(주)라츠,,10157085000,193165.490137352,446797.341447363,2026-05-01 22:42:00,I,07,직권말소,2020-06-24 14:25:29,5558744369,,2013-09-02,,,2015318016323200007,3180000,"서울특별시 영등포구 의사당대로 **, **층 (여의도동, 한국휴렛팩커드빌딩)",,,04,취소/말소/만료/정지/중지,,,02-2010-2944
,유승정보통신,,,190578.471738261,446582.04295338,2026-05-01 22:42:00,I,07,직권말소,2019-08-14 11:15:17,,,2015-02-09,,,2015318016323200009,3180000,"서울특별시 영등포구 영등포로 ***, *층 (당산동*가, 현대빌딩)",,,04,취소/말소/만료/정지/중지,,,070-7806-3361
0,주식회사 김명경영연구소,,25000000,193089.35913273,447463.303055433,2026-05-01 22:42:00,I,07,직권말소,2017-06-13 10:12:17,0,,2015-03-16,,,2015318016323200015,3180000,"서울특별시 영등포구 은행로 **, *층 (여의도동, 기계산업진흥회본관)",,,04,취소/말소/만료/정지/중지,,,02-782-4101
,마니키커,,,191954.390635092,447052.192872637,2026-05-01 22:42:00,I,07,직권말소,2019-08-14 11:14:31,,,2014-05-14,,,2015318016323200018,3180000,"서울특별시 영등포구 버드나루로**가길 *, ***호 (영등포동*가)",,,04,취소/말소/만료/정지/중지,,,02-465-5588
5200134,주식회사 더브러,,10000000,191558.008889229,447593.843343674,2026-05-01 22:42:00,I,07,직권말소,2019-08-14 11:00:37,4780080,,2015-04-04,,,2015318016323200019,3180000,"서울특별시 영등포구 영중로 ***, ***호 (영등포동*가, 우송빌딩)",,,04,취소/말소/만료/정지/중지,,,1688-9768
1282342056,대자산업 주식회사,,800000000,192221.092912803,446182.472959589,2026-05-01 22:41:45,I,07,직권말소,2020-06-24 14:31:47,650475648,,2008-05-30,150-031,서울특별시 영등포구 영등포동*가 **번지 *호 *층,2008318011723200065,3180000,"서울특별시 영등포구 경인로 *** (영등포동*가,*층)",,,04,취소/말소/만료/정지/중지,,,
,애니원,,,189740.94885729,447057.051483917,2026-05-01 22:41:45,I,07,직권말소,2010-05-24 10:53:56,,,2008-06-04,150-102,서울특별시 영등포구 양평동*가 **번지 *호,2008318011723200066,3180000,서울특별시 영등포구 양산로 ** (양평동*가),,,04,취소/말소/만료/정지/중지,,,
593785445,주식회사 지이홈스쿨,,65000000,190996.357288859,445841.377603245,2026-05-01 22:41:45,I,07,직권말소,2012-02-29 13:32:34,78987270,,2008-06-17,150-972,서울특별시 영등포구 문래동*가 **번지 **호 에이스하이테크시티 *동 ***호,2008318011723200069,3180000,"서울특별시 영등포구 경인로 ***, *동 ***호 (문래동*가,에이스하이테크시티)",,,04,취소/말소/만료/정지/중지,,,34392112
,명왕,,,190923.551317757,446575.396546634,2026-05-01 22:41:46,I,07,직권말소,2014-11-24 10:38:53,,,2008-06-20,150-041,서울특별시 영등포구 당산동*가 **번지 *호 *층,2008318011723200070,3180000,"서울특별시 영등포구 영등포로 *** (당산동*가,*층)",,,04,취소/말소/만료/정지/중지,,,
45148136,(주)직능사업단,,35714296,193057.414953819,447529.082521039,2026-05-01 22:41:46,I,07,직권말소,2009-11-20 10:10:13,9703840,,2008-06-22,150-010,서울특별시 영등포구 여의도동 **번지 *호 오성빌딩***,2008318011723200072,3180000,"서울특별시 영등포구 국회대로**길 ** (여의도동,오성빌딩***)",,,04,취소/말소/만료/정지/중지,,,
0,(주)인디필,,0,191087.758954321,446157.437289242,2026-05-01 22:41:46,I,07,직권말소,2013-03-07 22:02:00,0,,2008-06-22,150-093,서울특별시 영등포구 문래동*가 **번지 **호 SK리더스뷰*-****,2008318011723200073,3180000,,,,04,취소/말소/만료/정지/중지,,,26289960
,한우물유통,,,191580.646388785,446320.718339983,2026-05-01 22:41:46,I,07,직권말소,2012-09-07 22:47:39,,,2008-06-25,150-033,서울특별시 영등포구 영등포동*가 *번지 아자쇼핑몰**층,2008318011723200074,3180000,"서울특별시 영등포구 영중로 ** (영등포동*가,아자쇼핑몰**층)",,,04,취소/말소/만료/정지/중지,,,26798888
285000838,(주)로이아이티케이알,,262170838,191008.778839392,447350.919911335,2026-05-01 22:41:46,I,02,휴업처리,2009-03-12 10:42:16,22830000,,2008-06-25,150-044,서울특별시 영등포구 당산동*가 **번지 **호 ***호,2008318011723200075,3180000,"서울특별시 영등포구 당산로**길 *-* (당산동*가,***호)",,,02,휴업,2009-03-12,2009-06-11,60844616
,맥스지상사,,,190923.551317757,446575.396546634,2026-05-01 22:41:46,I,07,직권말소,2018-11-21 13:52:29,,,2008-06-30,150-041,서울특별시 영등포구 당산동*가 **번지 *호 당산빌딩*층,2008318011723200079,3180000,"서울특별시 영등포구 영등포로 *** (당산동*가,당산빌딩*층)",,,04,취소/말소/만료/정지/중지,,,36671113
,보령수&수 영등포지사,,,189682.022243843,446823.857632163,2026-05-01 22:41:46,I,07,직권말소,2009-06-03 21:07:19,,,2008-06-30,150-102,서울특별시 영등포구 양평동*가 **번지 *호,2008318011723200081,3180000,서울특별시 영등포구 영등포로 ** (양평동*가),,,04,취소/말소/만료/정지/중지,,,26370300
0,대표전화번호부(주),,50000000,190555.768991595,446698.814322782,2026-05-01 22:41:46,I,07,직권말소,2019-08-14 11:39:18,0,,2008-07-02,150-723,서울특별시 영등포구 당산동*가 **번지 *호 영등포유통상가***호,2008318011723200082,3180000,"서울특별시 영등포구 영등포로 *** (당산동*가,영등포유통상가***호)",,,04,취소/말소/만료/정지/중지,,,1577-8530
,로빈상사,,,190923.551317757,446575.396546634,2026-05-01 22:41:46,I,07,직권말소,2013-03-25 20:37:35,,,2008-07-02,150-041,서울특별시 영등포구 당산동*가 **번지 *호 당산빌딩***,2008318011723200083,3180000,"서울특별시 영등포구 영등포로 *** (당산동*가,당산빌딩***)",,,04,취소/말소/만료/정지/중지,,,26328939
0,코리아산업(주) 영등포지점,,300000000,193469.554731741,446508.068667777,2026-05-01 22:41:46,I,07,직권말소,2009-11-20 10:10:42,0,,2008-07-08,150-010,서울특별시 영등포구 여의도동 **번지 *호 맨하탄빌딩***호,2008318011723200085,3180000,"서울특별시 영등포구 국제금융로*길 ** (여의도동,맨하탄빌딩***호)",,,04,취소/말소/만료/정지/중지,,,60839112
,생그린 신길지사,,,191796.973562815,444009.952050712,2026-05-01 22:41:46,I,01,정상영업,2012-05-14 14:00:47,,,2008-07-11,150-851,서울특별시 영등포구 신길*동 ***번지 *호 *층,2008318011723200086,3180000,"서울특별시 영등포구 신길로 **, *층 (신길동)",,,01,영업/정상,,,02-836-1515
,엔젤,,,190923.551317757,446575.396546634,2026-05-01 22:41:46,I,07,직권말소,2010-05-24 10:52:24,,,2008-07-16,150-041,서울특별시 영등포구 당산동*가 **번지 *호,2008318011723200087,3180000,서울특별시 영등포구 영등포로 *** (당산동*가),,,04,취소/말소/만료/정지/중지,,,26363213
,화영상사,,,190923.551317757,446575.396546634,2026-05-01 22:41:46,I,07,직권말소,2010-05-24 10:49:33,,,2008-07-23,150-041,서울특별시 영등포구 당산동*가 **번지 *호,2008318011723200092,3180000,서울특별시 영등포구 영등포로 *** (당산동*가),,,04,취소/말소/만료/정지/중지,,,
,삼신상사,,,190923.551317757,446575.396546634,2026-05-01 22:41:46,I,07,직권말소,2020-09-28 09:01:47,,,2008-07-23,150-041,서울특별시 영등포구 당산동*가 **번지 *호 당산빌딩*층,2008318011723200093,3180000,"서울특별시 영등포구 영등포로 *** (당산동*가,당산빌딩*층)",,,04,취소/말소/만료/정지/중지,,,36675354
,길르앗,,,190923.551317757,446575.396546634,2026-05-01 22:41:47,I,07,직권말소,2010-05-24 10:47:38,,,2008-07-23,150-041,서울특별시 영등포구 당산동*가 **번지 *호 당산빌딩 *층,2008318011723200095,3180000,"서울특별시 영등포구 영등포로 *** (당산동*가,당산빌딩 *층)",,,04,취소/말소/만료/정지/중지,,,
300000000,(주)대웅식품판매,,300000000,191580.646388785,446320.718339983,2026-05-01 22:41:47,I,07,직권말소,2010-05-24 10:46:24,0,,2008-07-24,150-033,서울특별시 영등포구 영등포동*가 *번지 아자빌딩**층*호,2008318011723200096,3180000,"서울특별시 영등포구 영중로 ** (영등포동*가,아자빌딩**층*호)",,,04,취소/말소/만료/정지/중지,,,
0,주식회사 거산라이프,,50000000,191087.758954321,446157.437289242,2026-05-01 22:42:01,I,07,직권말소,2019-08-14 10:57:54,0,,2016-01-28,,,2016318016323200005,3180000,"서울특별시 영등포구 문래로 ***, B동 ***호 (문래동*가, 영등포 SK 리더스뷰)",07297,,04,취소/말소/만료/정지/중지,,,
,해피라이프,,,191024.651979979,446421.72002587,2026-05-01 22:42:01,I,07,직권말소,2017-06-13 10:10:05,,,2015-01-27,,,2016318016323200006,3180000,"서울특별시 영등포구 영등포로**길 *, *층 (당산동*가, 코오롱상가)",07292,,04,취소/말소/만료/정지/중지,,,02-332-1465
,블루스카(BLUESKA),,,190347.74872359,448390.953549985,2026-05-01 22:42:01,I,07,직권말소,2019-08-14 10:57:21,,,2015-09-10,,,2016318016323200011,3180000,"서울특별시 영등포구 양평로**다길 **, *층 (양평동*가)",07207,,04,취소/말소/만료/정지/중지,,,
,에스앤제이 웰빙라이프,,,191571.093921629,446566.425321904,2026-05-01 22:42:01,I,07,직권말소,2019-08-14 10:56:45,,,2016-03-15,,,2016318016323200012,3180000,"서울특별시 영등포구 영중로 **, *층 F**호 (영등포동*가, 영성빌딩)",07250,,04,취소/말소/만료/정지/중지,,,
167197800,주식회사 하셀,,100000000,191061.455000003,446625.57130493,2026-05-01 22:42:01,I,07,직권말소,2025-06-30 09:37:27,119370049,,2016-05-03,,서울특별시 영등포구 당산동*가 ***-*,2016318016323200020,3180000,서울특별시 영등포구 영신로**길 **-*(당산동*가),07267,,04,취소/말소/만료/정지/중지,,,02-2038-8493
0,리턴투네이처 주식회사,,10000000,193745.64337296,446380.254633325,2026-05-01 22:42:01,I,07,직권말소,2020-06-24 14:24:55,0,,2016-05-09,,,2016318016323200021,3180000,"서울특별시 영등포구 여의대방로**길 **, ***호 (여의도동, 에리트빌딩)",07333,,04,취소/말소/만료/정지/중지,,,02-6369-1570
0,투데이미디어그룹(주),,20000000,193745.64337296,446380.254633325,2026-05-01 22:42:01,I,07,직권말소,2019-08-14 10:56:14,0,,2016-05-10,,,2016318016323200022,3180000,"서울특별시 영등포구 여의대방로**길 **, ***호 (여의도동, 에리트빌딩)",07333,,04,취소/말소/만료/정지/중지,,,02-6369-1570
30000000,주식회사링크웍스,,30000000,,,2026-05-01 22:42:01,I,01,정상영업,2016-05-16 14:31:39,44073901,,2016-05-16,,,2016318016323200025,3180000,"서울특별시 영등포구 영등포로 ***, *층 (영등포동*가)",07252,,01,영업/정상,,,1899-1731
0,(주)라이프룸,,10000000,193420.281013887,446832.923008534,2026-05-01 22:42:01,I,07,직권말소,2021-10-21 15:40:48,0,,2016-05-23,,,2016318016323200027,3180000,"서울특별시 영등포구 여의나루로 **, **층 ****호 (여의도동, 신송빌딩)",07327,,04,취소/말소/만료/정지/중지,,,02-3390-8689
0,주식회사 아이알디통신,,150000000,191151.437476204,448247.465500009,2026-05-01 22:42:01,I,01,정상영업,2019-10-28 11:24:34,0,,2016-05-30,,서울특별시 영등포구 당산동*가 ***번지 *호,2016318016323200029,3180000,"서울특별시 영등포구 당산로**길 **, ***호 (당산동*가)",07222,,01,영업/정상,,,02-2677-9665
0,킴오케드림빌더코리아(주),,10000000,193329.974382106,445737.514716371,2026-05-01 22:42:01,I,07,직권말소,2020-06-24 14:24:28,0,,2016-07-06,,,2016318016323200036,3180000,"서울특별시 영등포구 여의대방로**길 *-*, *층 ***호 (신길동, 부운빌딩)",07319,,04,취소/말소/만료/정지/중지,,,02-849-5670
0,주식회사 코담네트웍스,,200000000,190671.21492202,447183.141872461,2026-05-01 22:42:01,I,07,직권말소,2019-08-14 10:55:40,0,,2016-07-08,,,2016318016323200037,3180000,"서울특별시 영등포구 당산로**길 **, ***호 (당산동*가)",07256,,04,취소/말소/만료/정지/중지,,,02-2634-8401
2072925398,주식회사 유어라이프,,460359753,190483.297508855,446975.595771463,2026-05-01 22:42:01,I,01,정상영업,2022-12-12 16:16:15,1612565645,,2014-07-16,,서울특별시 영등포구 당산동*가 ***,2016318016323200038,3180000,"서울특별시 영등포구 양산로 **, 리드원센터 ***호 (당산동*가)",07261,,01,영업/정상,,,02-702-0859
0,주식회사 나이스피플,,0,190996.357288859,445841.377603245,2026-05-01 22:42:01,I,07,직권말소,2020-06-24 14:24:02,0,,2016-07-14,,,2016318016323200039,3180000,"서울특별시 영등포구 경인로 ***, *동 ****호 (문래동*가, 에이스하이테크시티)",07299,,04,취소/말소/만료/정지/중지,,,02-2138-1408
0,다이음협동조합,,0,191505.949869187,443908.644654774,2026-05-01 22:42:01,I,01,정상영업,2020-12-14 09:25:25,0,,2016-08-01,,서울특별시 영등포구 신길동 ***-**,2016318016323200045,3180000,"서울특별시 영등포구 신길로**길 **, 착한핸드폰 *층 (신길동)",07424,,01,영업/정상,,,02-6265-6419
32439624,행복한미디어 (주),,6000000,193785.813402517,446328.36052151,2026-05-01 22:42:01,I,07,직권말소,2019-08-14 10:55:13,66613007,,2015-05-07,,,2016318016323200047,3180000,"서울특별시 영등포구 여의대방로**길 *, *층 (여의도동, 센터빌딩)",07333,,04,취소/말소/만료/정지/중지,,,02-6012-6877
2071204,직능소상공인수익법인 주식회사,,100000000,190341.520905826,448436.126322646,2026-05-01 22:42:01,I,07,직권말소,2019-08-14 10:54:43,32043227,,2014-10-31,,,2016318016323200048,3180000,"서울특별시 영등포구 양평로**가길 **, 비동 ***호 (양평동*가, 선유도 우림라이온스밸리 B)",07207,,04,취소/말소/만료/정지/중지,,,1599-7656
,쥬피터농산,,,191672.094423689,443850.984988372,2026-05-01 22:42:02,I,07,직권말소,2020-06-24 14:23:23,,,2015-09-25,,,2016318016323200049,3180000,"서울특별시 영등포구 디지털로**길 **-*, 지하층 (대림동)",07427,,04,취소/말소/만료/정지/중지,,,02-830-1108
0,(주)블루스카,,50000000,190347.74872359,448390.953549985,2026-05-01 22:42:02,I,07,직권말소,2019-08-14 10:54:06,0,,2016-08-23,,,2016318016323200052,3180000,"서울특별시 영등포구 양평로**다길 **, *층 (양평동*가)",07207,,04,취소/말소/만료/정지/중지,,,02-2679-7761
979967334,주식회사 엘포테크트레이드,,100000000,191363.815996814,448055.203656803,2026-05-01 22:42:02,I,07,직권말소,2019-08-14 10:53:33,931710482,,2016-09-29,,,2016318016323200059,3180000,"서울특별시 영등포구 당산로 ***, *층 ***호 (당산동*가, 유상빌딩)",07223,,04,취소/말소/만료/정지/중지,,,02-6338-1300
10310236559,(주)디에스이앤티,,7823527367,189921.671894763,445990.538307199,2026-05-01 22:42:02,I,01,정상영업,2026-04-13 11:02:44,2486709192,,2015-11-26,,서울특별시 영등포구 문래동*가 ** 하우스디 비즈,2016318016323200064,3180000,"서울특별시 영등포구 선유로*길 **, 하우스디 비즈 ***호 (문래동*가)",07285,,01,영업/정상,,,070-7012-1400
,갈릭하우스,,,193896.282065175,446442.571421294,2026-05-01 22:42:02,I,07,직권말소,2019-08-14 10:52:20,,,2016-10-12,,,2016318016323200067,3180000,"서울특별시 영등포구 국제금융로 **, B***,***호 (여의도동, 롯데캐슬 아이비)",07333,,04,취소/말소/만료/정지/중지,,,02-783-1777
,윤선생영어교실 영등포센터,,,190350.790334087,446861.374835733,2026-05-01 22:42:02,I,07,직권말소,2019-08-14 10:51:50,,,2016-11-01,,,2016318016323200071,3180000,"서울특별시 영등포구 선유동*로 **-*, *층 (양평동*가)",07262,,04,취소/말소/만료/정지/중지,,,
0,(주)진선미 Life,,9000000,190745.056313582,444339.093191793,2026-05-01 22:42:02,I,01,정상영업,2024-04-17 12:52:30,0,,2016-11-14,,서울특별시 영등포구 대림동 ***-**,2016318016323200076,3180000,"서울특별시 영등포구 대림로**길 *, *층 (대림동)",07377,,01,영업/정상,,,02-848-8405
,베풂,,,191642.320579602,437656.13746403,2026-05-01 22:38:14,I,01,정상영업,2026-03-13 09:52:26,,,2026-03-13,,서울특별시 금천구 시흥동 ***-**,2026317025723200008,3170000,"서울특별시 금천구 시흥대로**길 **, ***호 (시흥동)",08652,,01,영업/정상,,,
,로샤,,,189647.046752134,441677.096205358,2026-05-01 22:38:14,I,01,정상영업,2026-03-13 09:52:53,,,2026-03-13,,서울특별시 금천구 가산동 ***-** 에스티엑스브이타워,2026317025723200009,3170000,"서울특별시 금천구 가산디지털*로 ***, 에스티엑스브이타워 **층 ****-*호 (가산동)",08507,,01,영업/정상,,,02-6952-4813
,이든네이처부평총국,,,175549.510281249,444034.183586656,2026-05-01 22:48:47,I,01,정상영업,2026-03-13 11:27:48,,,2026-03-13,,인천광역시 부평구 부평동 ***-** 추인타워,2026354016123200006,3540000,"인천광역시 부평구 부흥로***번길 *, 추인타워 *층 ***호 (부평동)",21390,,01,영업/정상,,,032-517-0902
,좋은이웃,2026-04-30,,167122.725208442,461637.450436271,2026-05-01 03:03:03,U,05,타시군구이관,2026-04-30 14:04:23,,,2025-11-12,,경기도 김포시 양촌읍 양곡리 ****-*,2026409051623200003,4090000,"경기도 김포시 양촌읍 양곡로 ***-**, *동 *층 일부호(진명프라자)",10060,,05,제외/삭제/전출,,,
,라이프케어,,,191189.044349166,441186.97127864,2026-05-01 22:38:14,I,01,정상영업,2026-04-08 09:08:11,,,2022-08-30,,서울특별시 금천구 독산동 *** 독산 오르페움타워,2026317025723200011,3170000,"서울특별시 금천구 독산로**길 **, *층 ***,***,***,***,***호 (독산동, 독산 오르페움타워)",08543,,01,영업/정상,,,02-887-7787
10000000,주식회사 비티통신,,10000000,168881.144839832,439793.304534492,2026-05-01 22:48:47,I,01,정상영업,2026-03-30 14:37:50,0,,2023-12-13,,인천광역시 미추홀구 숭의동 ***-* KT인천지점,2026351057923200005,3510500,"인천광역시 미추홀구 장천로 **, KT인천지점 *층 (숭의동)",22178,,01,영업/정상,,,032-422-6655
50000000,주식회사 서린아이씨티,,50000000,175261.519298799,446199.289952872,2026-05-01 22:48:47,I,01,정상영업,2026-04-16 15:44:47,0,,2026-04-16,,인천광역시 부평구 청천동 ***-* 부평테크시티,2026354016123200010,3540000,"인천광역시 부평구 부평대로 ***, 부평테크시티 ***호 (청천동)",21315,,01,영업/정상,,,1600-7187
,도라산,,,186032.300802064,446327.093480641,2026-05-01 22:41:02,I,01,정상영업,2026-03-17 10:56:32,,,2026-03-17,,서울특별시 양천구 신월동 ***-* 도이치빌딩,2026314027223200003,3140000,"서울특별시 양천구 신월로 ***, 도이치빌딩 지하*층 (신월동)",08030,,01,영업/정상,,,
,프라임 멀티샵,,,173671.556742241,444266.509797404,2026-05-01 22:48:47,I,01,정상영업,2026-03-26 13:29:21,,,2020-11-13,,인천광역시 부평구 산곡동 ***-* 신일빌딩,2026354016123200007,3540000,"인천광역시 부평구 마장로 ***, 신일빌딩 *층 (산곡동)",21376,2021-01-25,01,영업/정상,,,031-571-9918
,(TC)유통,,,173886.838236751,446199.622723116,2026-05-01 22:48:47,I,01,정상영업,2026-03-26 13:34:29,,,2025-09-01,,인천광역시 부평구 청천동 **-** 대우빌딩,2026354016123200008,3540000,"인천광역시 부평구 청중로 **, 대우빌딩 *층 (청천동)",21311,,01,영업/정상,2026-02-13,2027-01-31,
362265580,주식회사 제이엘더블유,,2103357,197117.41843467,447527.338271365,2026-05-01 22:48:44,I,01,정상영업,2026-04-20 10:31:58,384068937,,2026-04-20,,서울특별시 용산구 한강로*가 ***-* 용성비즈텔,2026302020323200001,3020000,"서울특별시 용산구 한강대로 ***, 용성비즈텔 비***호 (한강로*가)",04376,,01,영업/정상,,,02-795-0900
,해피라이프,,,196434.071217463,448215.583842787,2026-05-01 22:48:44,I,01,정상영업,2026-04-22 13:31:18,,,2021-11-11,,서울특별시 용산구 용문동 **-*,2026302020323200002,3020000,"서울특별시 용산구 새창로 ***-**, 지하*층 (용문동)",04363,,01,영업/정상,,,02-453-5041
112691585,주식회사 올포인트,,85374044,189590.415184668,441837.131445595,2026-05-01 22:38:14,I,01,정상영업,2026-04-28 16:35:31,27317541,,2026-04-28,,서울특별시 금천구 가산동 ***-**,2026317025723200013,3170000,"서울특별시 금천구 가산디지털*로 ***, ***,***호 (가산동)",08507,,01,영업/정상,,,
,연세우유 주안대리점,,,172026.458755769,438957.334091364,2026-05-01 22:48:47,I,01,정상영업,2026-03-06 15:38:18,,,2026-03-06,,인천광역시 미추홀구 주안동 ****-*,2026351057923200003,3510500,"인천광역시 미추홀구 동주길 **, ***호 (주안동)",22151,,01,영업/정상,,,032-433-8864
89149872543,부모사랑 주식회사,,10000000000,199490.902284901,442532.877969654,2026-05-01 03:03:03,U,01,정상영업,2026-04-30 15:42:17,164955465386,,2008-07-08,137-060,서울특별시 서초구 방배동 ***번지 *호 *층,2008321012123200091,3210000,"서울특별시 서초구 방배로 *** (방배동, *층)",,,01,영업/정상,,,02-1566-0114
,현대 헬스케어,,,187330.934717886,447028.458459502,2026-05-01 22:41:02,I,01,정상영업,2026-03-12 15:23:40,,,2025-07-07,,서울특별시 양천구 신정동 ***-**,2026314027223200002,3140000,"서울특별시 양천구 오목로 ***, 지하*층 (신정동)",07944,,01,영업/정상,,,
,성지(라이프 쇼핑),,,191491.508134984,443096.527391865,2026-05-01 22:42:07,I,01,정상영업,2026-03-20 09:56:06,,,2025-10-21,,서울특별시 영등포구 대림동 ****-** 재상빌딩,2026318025423200006,3180000,"서울특별시 영등포구 대림로 **, 재상빌딩 *층 (대림동)",07438,,01,영업/정상,,,
4150370712,주식회사코스앤씨,2009-09-10,1442829228,,,2026-05-01 22:48:40,I,03,폐업처리,2009-09-10 13:59:00,2707541884,,2007-02-27,,서울특별시 용산구 한강로*가**-* *층,2007302009523200345,3020000,,,,03,폐업,,,02-2074-9942
,정산생명공학(백옥생),2010-03-15,,,,2026-05-01 22:48:40,I,03,폐업처리,2010-03-15 10:58:05,,,2007-03-13,,서울특별시 용산구 후암동***-*,2007302009523200346,3020000,,,,03,폐업,,,02-318-2145
,고객감동 리치펄슨,2007-09-17,,,,2026-05-01 22:48:40,I,03,폐업처리,2007-09-17 13:52:40,,,2007-03-19,,서울특별시 용산구 한남동***-** 한남빌딩 *층,2007302009523200347,3020000,,,,03,폐업,,,02-797-7153
0,(주) 내츄럴플랜,2009-05-01,0,,,2026-05-01 22:48:41,I,03,폐업처리,2009-05-01 15:18:45,0,,2007-03-22,,서울특별시 용산구 서계동***-** 서울역 풍림아이원플러스 ***호,2007302009523200348,3020000,,,,03,폐업,,,02-552-5701
8650793277,(주)티아이엔알,2010-03-19,756578262,,,2026-05-01 22:48:41,I,03,폐업처리,2010-03-19 13:28:55,7894215015,,2007-04-02,,서울특별시 용산구 청파동*가***-*,2007302009523200349,3020000,,,,03,폐업,,,02-6717-4197
,지에스코리아,2007-06-25,,,,2026-05-01 22:48:41,I,03,폐업처리,2008-02-21 00:00:00,,,2007-04-04,,서울특별시 용산구 효창동*-**,2007302009523200351,3020000,,,,03,폐업,,,02-719-3846
,그린월드,2014-09-25,,198966.107933747,449141.046981247,2026-05-01 22:48:41,I,03,폐업처리,2014-09-25 13:59:07,,,2007-04-26,140-022,서울특별시 용산구 용산동*가 *번지 ****호,2007302009523200352,3020000,서울특별시 용산구 소월로**길 **-** (용산동*가),,,03,폐업,,,02-737-8625
,한국유통,2008-01-16,,,,2026-05-01 22:48:41,I,03,폐업처리,2008-01-16 14:02:45,,,2007-05-25,,서울특별시 용산구 한강로*가**-***,2007302009523200355,3020000,,,,03,폐업,,,02-792-1291
1050947866,(주)토탈컴즈시스템,2010-01-26,763039363,,,2026-05-01 22:48:41,I,03,폐업처리,2010-01-26 14:30:01,287908503,,2007-05-30,,서울특별시 용산구 한강로*가**-*,2007302009523200356,3020000,,,,03,폐업,,,02-912-3333
0,(주)윤초,2007-09-13,0,,,2026-05-01 22:48:41,I,03,폐업처리,2008-10-20 18:58:53,0,,2007-06-08,,서울특별시 용산구 한강로*가***-* *층,2007302009523200357,3020000,,,,03,폐업,,,02-798-7003
,확인영어홈스터디,2008-02-22,,195867.376009283,448215.517264161,2026-05-01 22:48:41,I,03,폐업처리,2008-02-22 14:04:54,,,2007-08-09,140-060,서울특별시 용산구 신창동 ***번지 **통 *반 세방리버하이빌 ***동 ****호,2007302009523200359,3020000,"서울특별시 용산구 효창원로**길 **, ***동 ****호 (신창동,세방리버하이빌)",,,03,폐업,,,
,서광라이프,2007-09-06,,198983.120016119,448589.603461658,2026-05-01 22:48:41,I,03,폐업처리,2008-03-12 15:32:37,,,2007-09-06,140-867,서울특별시 용산구 이태원동 ***번지 *호 지층,2007302009523200361,3020000,"서울특별시 용산구 회나무로**길 * (이태원동,지층)",,2007-06-11,03,폐업,,,
50000000,전국연합서비스(주),2008-05-30,50000000,192949.350677183,442285.117236689,2026-05-01 22:48:41,I,03,폐업처리,2008-07-08 13:32:07,0,,2007-09-18,151-011,서울특별시 관악구 신림동 ****번지 **호,2007302009523200362,3020000,서울특별시 관악구 남부순환로 **** (신림동),,,03,폐업,,,02-703-4566
,쌍용자동차 한남영업소,2009-03-10,,200017.069114068,448304.992524074,2026-05-01 22:48:41,I,03,폐업처리,2009-03-10 13:43:03,,,2007-09-19,140-210,서울특별시 용산구 한남동 ***번지 ***호,2007302009523200363,3020000,,,,03,폐업,,,02-793-8793
,휴먼텍153,2008-07-14,,196659.028710052,448807.802891618,2026-05-01 22:48:41,I,03,폐업처리,2008-07-14 14:41:25,,,2007-10-10,140-896,서울특별시 용산구 효창동 *번지 **호,2007302009523200367,3020000,서울특별시 용산구 효창원로**길 ** (효창동),,,03,폐업,,,02-701-7867
,동주내츄럴,2007-11-20,,186186.105306713,447833.312521762,2026-05-01 22:48:41,I,03,폐업처리,2008-07-08 13:28:48,,,2007-07-03,157-010,서울특별시 강서구 화곡동 ***번지 **호 호용빌딩 *층,2007302009523200368,3020000,"서울특별시 강서구 강서로**길 ** (화곡동,호용빌딩 *층)",,,03,폐업,,,
,한솔,2007-11-06,,196659.028710052,448807.802891618,2026-05-01 22:48:41,I,03,폐업처리,2007-11-06 14:12:39,,,2007-07-09,140-120,서울특별시 용산구 효창동 *번지 **호,2007302009523200369,3020000,서울특별시 용산구 효창원로**길 ** (효창동),,,03,폐업,,,02-715-3743
1678314083,전국상조연합(주),2013-09-03,300000000,197436.916740146,447831.170216201,2026-05-01 22:48:41,I,03,폐업처리,2013-09-03 16:10:59,1805977102,,2007-11-19,140-872,서울특별시 용산구 한강로*가 **번지 일진빌딩 *층,2007302009523200371,3020000,"서울특별시 용산구 한강대로 ***, *층 (한강로*가, 일진빌딩)",,,03,폐업,,,02-795-4413
0,비에이치코리아세계대리점,2007-12-31,0,200346.116197926,447870.711806968,2026-05-01 22:48:41,I,03,폐업처리,2008-01-16 17:51:26,0,,2005-01-13,140-210,서울특별시 용산구 한남동 ***번지 **호,2008302009523200001,3020000,서울특별시 용산구 대사관로**길 * (한남동),,,03,폐업,,,
22000000,(주)사근진메디칼,2008-09-30,50000000,,,2026-05-01 22:48:41,I,03,폐업처리,2008-09-30 15:04:54,0,,2008-01-15,140-882,서울특별시 용산구 한강로*가 **번지 ***호 *층,2008302009523200004,3020000,,,,03,폐업,,,02-792-1291
,애드모아,2008-08-21,,200502.179579742,447861.95859763,2026-05-01 22:48:41,I,03,폐업처리,2008-08-21 15:47:43,,,2008-02-29,140-210,서울특별시 용산구 한남동 **번지 *호 거북빌딩 *층,2008302009523200005,3020000,"서울특별시 용산구 대사관로 ** (한남동,거북빌딩 *층)",,,03,폐업,,,02-749-5758
,네들바이오,2008-06-02,,197967.549314057,449666.083365856,2026-05-01 22:48:41,I,03,폐업처리,2008-06-02 14:51:13,,,2008-03-31,140-901,서울특별시 용산구 후암동 ***번지 *호 추빌딩,2008302009523200006,3020000,"서울특별시 용산구 후암로 ** (후암동,추빌딩)",,,03,폐업,,,02-318-0219
50000000,(주)디에이치제너럴,2009-02-13,50000000,194503.184070056,443653.403926787,2026-05-01 22:48:41,I,03,폐업처리,2009-02-13 13:44:49,0,,2008-04-14,156-030,서울특별시 동작구 상도동 ***번지 ***호 형도빌라 ***호,2008302009523200007,3020000,"서울특별시 동작구 성대로**길 ** (상도동,형도빌라 ***호)",,,03,폐업,,,02-719-6700
158661099,(주)로엑스리빙,2008-12-23,200000000,198509.891283114,442532.805626024,2026-05-01 22:48:41,I,03,폐업처리,2009-02-02 17:47:06,4015800,,2008-04-28,137-060,서울특별시 서초구 방배동 ***번지 *호 초석빌딩*층,2008302009523200008,3020000,"서울특별시 서초구 방배천로**길 * (방배동,초석빌딩*층)",,,03,폐업,,,02-915-4100
335707887,(주)넥스텝코리아,2020-09-01,151713626,196379.913846275,448493.925094866,2026-05-01 22:48:41,I,03,폐업처리,2020-08-28 16:59:24,183994261,,2008-05-13,140-832,서울특별시 용산구 용문동 **번지 *호 현양빌딩 *층,2008302009523200009,3020000,"서울특별시 용산구 효창원로**길 **, *층 (용문동, 현양빌딩)",,,03,폐업,,,02-430-4909
,헬스원,2010-03-16,,197059.739243751,449146.256652348,2026-05-01 22:48:41,I,03,폐업처리,2010-03-16 11:15:33,,,2008-06-05,140-133,서울특별시 용산구 청파동*가 ***번지 *호 ***호,2008302009523200012,3020000,"서울특별시 용산구 청파로**길 ** (청파동*가,***호)",,,03,폐업,,,02-6404-5565
,도원상사,2008-09-17,,198125.711159901,441868.916880094,2026-05-01 22:48:41,I,03,폐업처리,2008-09-17 13:57:56,,,2008-07-03,156-090,서울특별시 동작구 사당동 ****번지 **호 영진빌딩,2008302009523200013,3020000,"서울특별시 동작구 동작대로*길 ** (사당동,영진빌딩)",,,03,폐업,,,02-790-5564
,태광라이프,2008-10-17,,197967.549314057,449666.083365856,2026-05-01 22:48:41,I,03,폐업처리,2008-10-17 11:22:04,,,2008-07-07,140-901,서울특별시 용산구 후암동 ***번지 *호 추빌딩 지하*층,2008302009523200014,3020000,"서울특별시 용산구 후암로 ** (후암동,추빌딩 지하*층)",,,03,폐업,,,02-777-5157
872645614,(주)신원네트워크,2011-04-01,452050376,197083.100438264,447552.774477998,2026-05-01 22:48:41,I,03,폐업처리,2011-04-01 11:24:15,420595238,,2008-08-22,140-871,서울특별시 용산구 한강로*가 *번지 **호 토투밸리 제**층 ****호,2008302009523200016,3020000,"서울특별시 용산구 새창로 *** (한강로*가,토투밸리 제**층 ****호)",,,03,폐업,,,02-6232-6300
246935298,(주)자네트정보기술,2009-10-19,150000000,196012.848671772,447842.349059828,2026-05-01 22:48:41,I,03,폐업처리,2009-10-19 10:21:59,0,,2008-09-22,140-849,서울특별시 용산구 원효로*가 ***번지 **호 태광빌딩 *.*층,2008302009523200017,3020000,"서울특별시 용산구 원효로 *** (원효로*가,태광빌딩 *.*층)",,,03,폐업,,,02-412-7840
,애협(愛協),2009-02-06,,197070.135022617,449575.735047258,2026-05-01 22:48:41,I,03,폐업처리,2009-02-06 14:16:25,,,2008-11-14,140-131,서울특별시 용산구 청파동*가 **번지 ***호 아튼빌라 ***,2008302009523200020,3020000,"서울특별시 용산구 청파로**나길 ** (청파동*가,아튼빌라 ***)",,,03,폐업,,,02-3271-0590
,세레네,2008-12-17,,201599.305895771,442506.965464971,2026-05-01 22:48:41,I,03,폐업처리,2008-12-17 11:35:24,,,2008-11-14,137-070,서울특별시 서초구 서초동 ****번지 *호 풍원빌딩 ***,2008302009523200022,3020000,"서울특별시 서초구 효령로**길 ** (서초동,풍원빌딩 ***)",,,03,폐업,,,02-795-1914
0,(주)두산종합상조,2010-08-16,50000000,197219.024620208,449780.047542817,2026-05-01 22:48:41,I,03,폐업처리,2010-08-16 17:22:20,0,,2008-11-21,140-710,서울특별시 용산구 서계동 ***번지 주연빌딩 *층,2008302009523200023,3020000,"서울특별시 용산구 청파로 *** (서계동,주연빌딩 *층)",,,03,폐업,,,02-1588-7446
888528086,(주)한국수소잉,2010-03-17,720245871,196708.160658358,448437.20047941,2026-05-01 22:48:41,I,03,폐업처리,2010-03-17 16:36:30,168282215,,2008-12-04,140-080,서울특별시 용산구 용문동 *번지 **호 용문빌딩*층,2008302009523200024,3020000,"서울특별시 용산구 원효로**길 ** (용문동,용문빌딩*층)",,,03,폐업,,,02-2636-8902
,새롬교육,2010-03-04,,195867.376009283,448215.517264161,2026-05-01 22:48:41,I,03,폐업처리,2010-03-04 14:24:05,,,2008-12-30,140-060,서울특별시 용산구 신창동 ***번지 세방리버하이빌 ***-****호,2008302009523200026,3020000,"서울특별시 용산구 효창원로**길 ** (신창동,세방리버하이빌 ***-****호)",,,03,폐업,,,02-491-0575
,코웨이,2010-03-11,,197514.145785647,448264.322314594,2026-05-01 22:48:41,I,03,폐업처리,2010-03-11 11:23:23,,,2009-01-05,140-752,서울특별시 용산구 한강로*가 **번지 *호 용산파크자이D-****호,2009302009523200001,3020000,"서울특별시 용산구 한강대로 *** (한강로*가,용산파크자이D-****호)",,,03,폐업,,,02-2071-6610
,우리홈쇼핑,2010-03-12,,200372.510693433,447816.790367918,2026-05-01 22:48:41,I,03,폐업처리,2010-03-12 11:12:22,,,2009-01-16,140-887,서울특별시 용산구 한남동 ***번지 **호 지하,2009302009523200002,3020000,"서울특별시 용산구 대사관로**길 ** (한남동,지하)",,,03,폐업,,,
50000000,(주)애협,2009-09-09,50000000,197070.135022617,449575.735047258,2026-05-01 22:48:41,I,03,폐업처리,2009-09-09 10:45:03,0,,2009-02-06,140-131,서울특별시 용산구 청파동*가 **번지 ***호 아튼빌라 ***호,2009302009523200004,3020000,"서울특별시 용산구 청파로**나길 **, ***호 (청파동*가,아튼빌라)",,,03,폐업,,,02-718-2787
,제이오코리아,2009-04-13,,,,2026-05-01 22:48:41,I,03,폐업처리,2009-04-13 09:07:30,,,2009-02-17,140-901,서울특별시 용산구 후암동 ***번지 *호 추빌딩,2009302009523200006,3020000,,,,03,폐업,,,
,한라1950,2012-07-23,,197525.180085377,449461.104132452,2026-05-01 22:48:41,I,03,폐업처리,2012-07-24 10:01:42,,,2009-03-17,140-800,서울특별시 용산구 갈월동 *번지 **호 지층,2009302009523200008,3020000,"서울특별시 용산구 한강대로**길 ** (갈월동,지층)",,,03,폐업,,,070-8153-8623
293611263,(주) 소마생명공학,2014-05-15,100000000,199460.249602903,447709.370538704,2026-05-01 22:48:41,I,03,폐업처리,2014-05-15 13:43:24,75525407,,2009-04-28,140-201,서울특별시 용산구 이태원*동 **번지 **호,2009302009523200011,3020000,서울특별시 용산구 녹사평대로**길 ** (이태원동),,,03,폐업,,,02-792-2755
50000000,주식회사 대자연인,2010-02-26,50000000,197611.357756618,447903.3147094,2026-05-01 22:48:41,I,03,폐업처리,2010-02-26 15:12:16,0,,2009-05-06,140-011,서울특별시 용산구 한강로*가 ***번지 *호 광조빌딩 *층,2009302009523200012,3020000,"서울특별시 용산구 한강대로**다길 * (한강로*가,광조빌딩 *층)",,,03,폐업,,,02-799-9771
,엔엔에스 (Na No Science),2010-11-17,,,,2026-05-01 22:48:41,I,03,폐업처리,2010-11-17 13:40:28,,,2009-05-20,140-190,서울특별시 용산구 후암동 ***-** 대원정사본관 *층,2009302009523200014,3020000,,,,03,폐업,,,02-7981-5179
2691200786,주식회사 세일씨앤알디영업소,2010-05-12,813981633,196638.179841671,446986.908802137,2026-05-01 22:48:41,I,03,폐업처리,2010-05-13 14:15:06,1877219153,,2009-08-13,140-880,"서울특별시 용산구 한강로*가 **번지 *호 *, *층",2009302009523200017,3020000,"서울특별시 용산구 한강대로**길 ** (한강로*가,*, *층)",,,03,폐업,,,02-793-3303
,윤선생영어교실 금양학원,2012-07-17,,196659.028710052,448807.802891618,2026-05-01 22:48:41,I,03,폐업처리,2012-07-18 11:49:48,,,2009-09-29,140-896,서울특별시 용산구 효창동 *번지 **호 *층,2009302009523200021,3020000,"서울특별시 용산구 효창원로**길 ** (효창동,*층)",,,03,폐업,,,02-792-0579
10000000,(주) 두승텔레콤,2010-01-20,10000000,197495.818710273,448806.677034283,2026-05-01 22:48:41,I,03,폐업처리,2010-01-21 14:01:01,0,,2009-11-10,140-807,서울특별시 용산구 갈월동 ***번지 **호 에이트리움고려 ****호,2009302009523200024,3020000,"서울특별시 용산구 한강대로 ***, ****호 (갈월동,에이트리움고려)",,,03,폐업,,,02-790-0516
,윤선생 영어교실 용산원효 영어교습소,2016-08-19,,195547.140326252,447976.775939762,2026-05-01 22:48:41,I,03,폐업처리,2016-08-22 08:52:57,,,2009-11-23,140-040,서울특별시 용산구  ***번지 *층,2009302009523200025,3020000,서울특별시 용산구 원효로 ** (산천동),,,03,폐업,,,02-711-3113
172211243,(주) 국방복지라이프,2015-10-22,300000000,197436.762320358,447735.185993825,2026-05-01 22:48:42,I,03,폐업처리,2015-10-22 15:31:46,1678445974,,2009-12-09,140-012,서울특별시 용산구 한강로*가 **번지 *호 한강빌리지*층,2009302009523200026,3020000,"서울특별시 용산구 한강대로**길 **, *층 (한강로*가, 한강빌리지)",,,03,폐업,,,02-749-0098
44060568,주식회사 티넛텔레콤,2010-12-16,14936729,195956.83241222,447651.530984522,2026-05-01 22:48:42,I,03,폐업처리,2010-12-16 11:58:27,29123839,,2009-12-21,140-879,서울특별시 용산구 한강로*가 **번지 **호 한강그랜드오피스텔 ***호,2009302009523200028,3020000,"서울특별시 용산구 이촌로 *, ***호 (한강로*가,한강그랜드오피스텔)",,,03,폐업,,,02-718-3363
107030755,윤선생영어교실 신용산학원,2014-02-28,78114891,196659.028710052,448807.802891618,2026-05-01 22:48:42,I,03,폐업처리,2014-09-03 11:10:36,28915864,,2009-12-23,140-120,서울특별시 용산구 효창동,2009302009523200029,3020000,"서울특별시 용산구 효창원로**길 ** (효창동, *층)",,,03,폐업,,,02-792-0579
,아이엔에스 네트웍스,2011-12-15,,,,2026-05-01 22:48:42,I,03,폐업처리,2011-12-15 14:21:29,,,2010-01-22,140-012,서울특별시 용산구 한강로*가 **-* 지하*층 ***,2010302009523200002,3020000,,,,03,폐업,,,60801900
50000000,(주) 제이비커뮤니케이션스,2012-07-26,50000000,,,2026-05-01 22:48:42,I,03,폐업처리,2012-07-27 13:17:38,0,,2010-03-17,140-012,서울특별시 용산구 한강로*가 **-* 영구빌딩 *층,2010302009523200005,3020000,,,,03,폐업,,,
,조아상사,2011-01-31,,,,2026-05-01 22:48:42,I,03,폐업처리,2011-01-31 14:02:50,,,2010-03-17,140-112,서울특별시 용산구 원효로*가 *-**,2010302009523200006,3020000,,,,03,폐업,,,070-8291-1617
,한양,2019-04-02,,197541.50018774,447973.675555738,2026-05-01 22:48:42,I,03,폐업처리,2019-04-04 16:25:10,,,2010-03-25,140-011,서울특별시 용산구 한강로*가 ***번지 *호 ***-* *층,2010302009523200007,3020000,"서울특별시 용산구 한강대로 ***, *층 (한강로*가)",,,03,폐업,,,
,파노스,2011-04-07,,,,2026-05-01 22:48:42,I,03,폐업처리,2011-04-07 11:37:32,,,2010-07-15,140-220,서울특별시 용산구 보광동 **-**,2010302009523200010,3020000,,,,03,폐업,,,
,DC아울렛,2010-11-25,,,,2026-05-01 22:48:42,I,03,폐업처리,2010-11-25 12:00:28,,,2010-08-02,140-080,서울특별시 용산구 용문동 *-**,2010302009523200011,3020000,,,,03,폐업,,,
,수 아이티네트웍,2012-08-03,,,,2026-05-01 22:48:42,I,03,폐업처리,2012-08-17 09:52:44,,,2010-08-16,140-131,서울특별시 용산구 청파동*가 *-***  ***,2010302009523200012,3020000,,,,03,폐업,,,1644-6443
,뮤제테크,2012-08-07,,,,2026-05-01 22:48:42,I,03,폐업처리,2012-08-07 13:14:43,,,2010-09-03,140-120,서울특별시 용산구 효창동 *-*** 다모빌딩*층 *,2010302009523200014,3020000,,,,03,폐업,,,
3617374066,(주)힐링바이오,2021-05-24,500000000,199228.504871794,447400.492521463,2026-05-01 22:48:42,I,03,폐업처리,2022-08-16 10:18:40,2588720316,,2010-09-08,140-230,서울특별시 용산구 동빙고동 *-** 우성빌딩 *층,2010302009523200015,3020000,"서울특별시 용산구 장문로 **, *층 (동빙고동, 우성빌딩)",,,03,폐업,,,
67400000000,케이티링커스(주),2019-12-31,3300000000,,,2026-05-01 22:48:42,I,03,폐업처리,2019-12-19 10:14:46,64100000000,,2010-11-04,140-013,"서울특별시 용산구 한강로*가 **-**  *,*층",2010302009523200016,3020000,"서울특별시 용산구 청파로 * (한강로*가, 삼구빌딩 *,*층)",,,03,폐업,,,37807842
,조은통신,2012-11-19,,196641.045500126,449595.330938665,2026-05-01 22:48:42,I,03,폐업처리,2012-11-19 18:00:04,,,2010-11-25,140-120,서울특별시 용산구 효창동 *번지 *호 효삼골드아파트 ***호,2010302009523200018,3020000,"서울특별시 용산구 효창원로**길 ** (효창동, 효삼골드아파트 ***호)",,,03,폐업,,,02-703-7272
,이솔웨딩,2013-07-30,,,,2026-05-01 22:48:42,I,03,폐업처리,2013-07-30 16:18:36,,,2010-11-25,140-160,서울특별시 용산구 남영동 **-*  남영빌딩***,2010302009523200019,3020000,,,,03,폐업,,,
5085248934,(주)우주전자,2014-07-30,250000000,196873.001604976,447960.206197372,2026-05-01 22:48:42,I,03,폐업처리,2014-07-30 17:18:47,3968204584,,2011-03-24,140-873,서울특별시 용산구 한강로*가 **번지 *호 나진상가**동 ***호,2011302009523200005,3020000,"서울특별시 용산구 청파로 *** (한강로*가,나진상가**동 ***호)",,,03,폐업,,,
669031847,(주)디자인트라움,2019-12-30,200000000,,,2026-05-01 22:48:42,I,03,폐업처리,2019-12-30 15:46:59,224294693,,2010-08-10,140-030,서울특별시 용산구 이촌동 ***-** 주안하우스 ***호,2011302009523200009,3020000,,,,03,폐업,,,02-584-8003
,참수리,2012-12-26,,,,2026-05-01 22:48:42,I,03,폐업처리,2012-12-26 17:47:21,,,2011-05-16,140-111,서울특별시 용산구 원효로*가 **-**  *층  ***,2011302009523200010,3020000,,,,03,폐업,,,61045004
,누구나국제결혼,2013-06-25,,197330.094083403,447673.344049192,2026-05-01 22:48:42,I,03,폐업처리,2013-07-16 15:49:40,,,2011-06-09,140-012,서울특별시 용산구 한강로*가 ***번지 *호 정우빌딩 ***호,2011302009523200012,3020000,"서울특별시 용산구 한강대로**길 * (한강로*가, 정우빌딩 ***호)",,,03,폐업,,,02-855-7560
,허브다이어트,2013-06-03,,,,2026-05-01 22:48:42,I,03,폐업처리,2013-06-03 17:07:52,,,2011-07-04,140-220,서울특별시 용산구 보광동 ***-**  *층,2011302009523200014,3020000,,,,03,폐업,,,
,동서의학연구원,2011-09-29,,,,2026-05-01 22:48:42,I,03,폐업처리,2011-09-29 14:11:54,,,2011-07-25,140-013,서울특별시 용산구 한강로*가 **-***,2011302009523200015,3020000,,,,03,폐업,,,
10000000,장수,2014-02-06,10000000,196780.792832701,446709.623692917,2026-05-01 22:48:42,I,03,폐업처리,2014-03-05 13:56:44,20000000,,2011-07-26,140-013,서울특별시 용산구 한강로*가 **번지 ***호 **-***,2011302009523200016,3020000,서울특별시 용산구 한강대로**다길 ** (한강로*가),,,03,폐업,,,070-7630-3990
,해오름,2014-02-12,,,,2026-05-01 22:48:42,I,03,폐업처리,2014-02-12 13:40:23,,,2011-08-11,140-012,서울특별시 용산구 한강로*가 ***-* 삼흥빌딩*층,2011302009523200019,3020000,,,,03,폐업,,,
,승리,2012-08-24,,,,2026-05-01 22:48:42,I,03,폐업처리,2012-08-27 12:59:59,,,2011-08-16,140-200,서울특별시 용산구 이태원동 ***-**,2011302009523200021,3020000,,,,03,폐업,,,
48914864,케이피앤아이(주),2014-09-04,50000000,196624.465088107,448833.141903833,2026-05-01 22:48:42,I,03,폐업처리,2014-09-04 09:34:11,0,,2011-04-07,140-896,서울특별시 용산구 효창동 *번지 **호 *-** 엑시마빌딩*층,2011302009523200022,3020000,"서울특별시 용산구 효창원로**길 *, *층 (효창동, 엑시마빌딩)",,,03,폐업,,,
,참다운 결혼정보,2013-07-25,,197560.493654314,448832.12256514,2026-05-01 22:48:42,I,03,폐업처리,2013-07-25 12:30:40,,,2011-09-28,140-160,서울특별시 용산구 남영동 **번지 *호 남영빌딩 ***,2011302009523200023,3020000,"서울특별시 용산구 한강대로 ***-* (남영동,남영빌딩 ***)",,,03,폐업,,,
,제일,2020-07-01,,197542.687282146,448325.294355232,2026-05-01 22:48:42,I,03,폐업처리,2020-07-02 09:31:19,,,1997-04-30,140-011,서울특별시 용산구 한강로*가 **번지 대우월드마크용산***호,2011302009523200026,3020000,"서울특별시 용산구 한강대로 *** (한강로*가,대우월드마크용산***호)",,,03,폐업,,,02-777-6170
,유어메이트,2012-11-13,,196370.746398773,447841.698787531,2026-05-01 22:48:42,I,03,폐업처리,2012-11-13 16:16:28,,,2011-10-25,140-879,서울특별시 용산구 한강로*가 **번지 *호 전자랜드본관 광장층  C동 **호,2011302009523200028,3020000,"서울특별시 용산구 청파로 **, C동 **호 (한강로*가,전자랜드본관 광장층)",,,03,폐업,,,02-712-5055
,가원커플결혼정보,2015-12-01,,197105.426566714,447582.719757807,2026-05-01 22:48:42,I,03,폐업처리,2015-12-01 10:09:52,,,2011-10-27,140-871,서울특별시 용산구 한강로*가 *번지 **호 현대하이엘 ****호,2011302009523200029,3020000,"서울특별시 용산구 새창로 ***-** (한강로*가, 현대하이엘 ****호)",,,03,폐업,,,070-4335-0199
,한울,2012-11-13,,197533.748830266,447749.25960268,2026-05-01 22:48:42,I,03,폐업처리,2012-11-13 16:15:11,,,2012-01-03,140-011,서울특별시 용산구 한강로*가 ***번지 한준빌딩 *층,2012302009523200001,3020000,"서울특별시 용산구 한강대로**길 **-* (한강로*가, 한준빌딩 *층)",,,03,폐업,,,02-790-0982
100000000,(주)다솜코리아,2021-01-15,100000000,196843.583079842,447978.889732172,2026-05-01 22:48:42,I,03,폐업처리,2021-01-15 20:08:19,0,,2012-02-03,140-873,서울특별시 용산구 한강로*가 **번지 **호 넥서스밸리 ***호,2012302009523200004,3020000,"서울특별시 용산구 청파로 ***-* (한강로*가, 넥서스밸리 ***호)",,,03,폐업,,,1600-0857
,DC아울렛,2012-04-24,,199723.876129644,447438.229632738,2026-05-01 22:48:42,I,03,폐업처리,2012-04-25 15:12:45,,,2012-02-03,140-220,서울특별시 용산구 보광동 ***번지 *호 *층,2012302009523200005,3020000,"서울특별시 용산구 보광로 **, *층 (보광동)",,,03,폐업,,,02-793-2051
68195215,(주)오성코스메틱,2013-04-09,50000000,196401.058026474,448602.532724672,2026-05-01 22:48:42,I,03,폐업처리,2013-04-09 09:37:56,54032648,,2010-10-04,140-120,서울특별시 용산구 효창동 ***번지 *호 효창빌딩 ***호,2012302009523200010,3020000,"서울특별시 용산구 백범로 *** (효창동, 효창빌딩 ***호)",,2010-10-04,03,폐업,,,02-2264-5588
,마임서계지사,2013-12-03,,196637.602535846,449922.050219225,2026-05-01 22:48:42,I,03,폐업처리,2013-12-03 16:14:48,,,2012-05-31,140-140,서울특별시 용산구 서계동 ***번지 *호,2012302009523200013,3020000,"서울특별시 용산구 만리재로 ***, *층 (서계동)",,,03,폐업,,,
,에스엠씨 (SMC),2012-12-21,,200033.041605058,447681.726328803,2026-05-01 22:48:42,I,03,폐업처리,2012-12-24 08:41:55,,,2012-08-21,,,2012302009523200014,3020000,"서울특별시 용산구 우사단로**길 ***, ***호 (보광동)",,,03,폐업,,,
,소마혈기환,2014-10-23,,198047.573915372,446202.36502252,2026-05-01 22:48:42,I,03,폐업처리,2014-10-23 15:11:11,,,2012-08-24,140-852,서울특별시 용산구 이촌동 ***번지 **호,2012302009523200015,3020000,서울특별시 용산구 이촌로 *** (이촌동),,,03,폐업,,,02-792-5515
,G-마트,2013-02-18,,196501.358727216,448274.823500356,2026-05-01 22:48:42,I,03,폐업처리,2013-02-19 14:47:00,,,2012-10-22,,,2012302009523200020,3020000,"서울특별시 용산구 새창로**길 * (용문동, 용문하이오피스텔B*)",,,03,폐업,,,02-716-9080
,유엔티(U&T)네트웍스,2015-10-26,,197105.426566714,447582.719757807,2026-05-01 22:48:43,I,03,폐업처리,2015-10-26 15:57:20,,,2012-08-20,140-012,서울특별시 용산구 한강로*가 *번지 **호,2012302009523200022,3020000,서울특별시 용산구 새창로 ***-** (한강로*가),,,03,폐업,,,
0,(주)창성글로벌,2014-07-10,30000000,197480.045243754,449769.124271782,2026-05-01 22:48:43,I,03,폐업처리,2014-07-10 10:23:03,0,,2012-11-12,140-170,서울특별시 용산구 동자동 **번지 ***호,2012302009523200023,3020000,서울특별시 용산구 한강대로***길 * (동자동),,,03,폐업,,,070-7841-2715
,윤선생영어교실 용산이촌센터,2012-12-31,,196292.703919423,446794.62901029,2026-05-01 22:48:43,I,03,폐업처리,2012-12-31 16:47:26,,,2012-12-14,,,2012302009523200027,3020000,"서울특별시 용산구 이촌로 ***-**, *층 (이촌동)",,,03,폐업,,,
,진헤어콜렉션,2018-02-22,,199644.752529592,446643.814831605,2026-05-01 22:48:43,I,03,폐업처리,2018-02-25 16:21:27,,,2013-02-07,140-230,서울특별시 용산구 동빙고동 ***번지,2013302009523200002,3020000,서울특별시 용산구 서빙고로**길 ** (동빙고동),,,03,폐업,,,02-797-5548
,산과들,2013-04-11,,196501.358727216,448274.823500356,2026-05-01 22:48:43,I,03,폐업처리,2013-04-11 14:50:11,,,2013-02-12,,,2013302009523200003,3020000,"서울특별시 용산구 새창로**길 * (용문동, 용문하이오피스텔B*)",,,03,폐업,,,
678193673,한국엔요주식회사,2015-07-07,300000000,199213.646272671,447416.877853082,2026-05-01 22:48:43,I,03,폐업처리,2015-07-07 15:04:39,1172871225,,2013-05-02,140-809,서울특별시 용산구 동빙고동 *번지 **호,2013302009523200005,3020000,서울특별시 용산구 장문로 ** (동빙고동),,,03,폐업,,,02-794-4061
538264270,주식회사 효정애협,2020-11-27,60000000,197338.915067396,446893.484429691,2026-05-01 22:48:43,I,03,폐업처리,2020-11-27 15:43:39,475093936,,2009-09-08,140-025,서울특별시 용산구 용산동*가 **번지 파크타워***동***호,2013302009523200006,3020000,"서울특별시 용산구 서빙고로 **, ***동 ***호 (용산동*가, 파크타워)",,,03,폐업,,,
,누가의료기,2015-10-22,,196447.872272464,448438.788673274,2026-05-01 22:48:43,I,03,폐업처리,2015-10-22 15:25:55,,,2013-05-28,140-832,서울특별시 용산구 용문동 *번지 *호,2013302009523200007,3020000,서울특별시 용산구 효창원로 *** (용문동),,,03,폐업,,,02-3789-9788
,아나허브다이어트,2016-05-19,,199714.965535951,447609.641990601,2026-05-01 22:48:43,I,03,폐업처리,2016-05-19 15:01:51,,,2013-06-07,140-825,서울특별시 용산구 보광동 ***번지 **호,2013302009523200008,3020000,서울특별시 용산구 우사단로*길 ** (보광동),,,03,폐업,,,
,허브로사오,2013-11-19,,197010.799987864,448183.465023867,2026-05-01 22:48:43,I,03,폐업처리,2014-03-03 17:31:29,,,2013-06-11,140-090,서울특별시 용산구 신계동 **번지,2013302009523200010,3020000,서울특별시 용산구 원효로 *** (신계동),,,03,폐업,,,02-365-9775
50000000,(주)언론진흥,2014-08-11,50000000,197330.094083403,447673.344049192,2026-05-01 22:48:43,I,03,폐업처리,2014-08-11 17:57:45,30000000,,2013-08-16,140-872,서울특별시 용산구 한강로*가 ***번지 *호,2013302009523200014,3020000,서울특별시 용산구 한강대로**길 * (한강로*가),,,03,폐업,,,1577-2773
,엔엔에스 (N&S),2014-05-01,,198470.128904862,449639.883505951,2026-05-01 22:48:43,I,03,폐업처리,2014-09-03 10:41:03,,,2013-12-17,140-901,서울특별시 용산구 후암동 ***번지 **호,2013302009523200017,3020000,서울특별시 용산구 두텁바위로**길 ** (후암동),,,03,폐업,,,02-798-1517
,바디앤풋,2015-10-15,,200742.650230315,447946.683836381,2026-05-01 22:48:43,I,03,폐업처리,2015-10-15 15:41:57,,,2013-12-27,140-888,서울특별시 용산구 한남동 ***번지 *호,2013302009523200018,3020000,서울특별시 용산구 독서당로**길 * (한남동),,,03,폐업,,,02-790-1888
,예원,2015-09-03,,199224.528450898,447843.815982538,2026-05-01 22:48:43,I,03,폐업처리,2015-09-03 14:24:31,,,2014-01-09,140-863,서울특별시 용산구 이태원동 **번지 **호,2014302009523200002,3020000,서울특별시 용산구 이태원로**길 **-* (이태원동),,,03,폐업,,,
,한국천기권의료기,2015-11-03,,200455.14401596,447866.831310941,2026-05-01 22:48:43,I,03,폐업처리,2015-11-03 15:22:21,,,2014-03-10,140-887,서울특별시 용산구 한남동 ***번지 *호,2014302009523200007,3020000,"서울특별시 용산구 대사관로 **, *층 *호 (한남동)",,,03,폐업,,,02-794-7597
0,두리안결혼정보사(주),2017-12-06,0,197117.41843467,447527.338271365,2026-05-01 22:48:43,I,03,폐업처리,2017-12-06 17:52:14,0,,2014-05-16,140-012,서울특별시 용산구 한강로*가 ***번지 *호,2014302009523200012,3020000,"서울특별시 용산구 한강대로 ***, ****호 (한강로*가, 용성비즈텔)",,,03,폐업,,,02-790-4065
,닥터컴,2015-04-03,,199720.301934266,447858.813921307,2026-05-01 22:48:43,I,03,폐업처리,2015-04-03 17:56:17,,,2014-06-12,140-210,서울특별시 용산구 한남동 ***번지 **호,2014302009523200014,3020000,"서울특별시 용산구 우사단로**길 **, ***호 (한남동)",,,03,폐업,,,02-749-1077
,우리,2014-12-29,,196139.225545222,448273.52272133,2026-05-01 22:48:43,I,03,폐업처리,2014-12-29 14:53:47,,,2014-06-17,140-080,서울특별시 용산구 용문동 **번지 **호,2014302009523200017,3020000,서울특별시 용산구 효창원로 ** (용문동),,,03,폐업,,,02-3273-5564
5300000,(주) 개성이노베이션,2020-12-31,5000000,196873.001604976,447960.206197372,2026-05-01 22:48:43,I,03,폐업처리,2020-12-31 18:21:54,8100000,,2014-07-17,,,2014302009523200020,3020000,"서울특별시 용산구 청파로 ***, **동 지하*-*호 (한강로*가, 나진상가)",,,03,폐업,,,070-4686-0167
,테라토피아,2016-11-25,,196378.664090118,447022.5177164,2026-05-01 22:48:43,I,03,폐업처리,2016-11-25 15:58:39,,,2014-08-25,,,2014302009523200022,3020000,"서울특별시 용산구 이촌로**길 **-*, ***동 ***호 (한강로*가, 한강로우림필유)",,,03,폐업,,,02-797-4300
,아이티비즈,2015-08-31,,199682.128572649,447378.673988071,2026-05-01 22:48:43,I,03,폐업처리,2015-08-31 18:03:25,,,2014-10-10,,,2014302009523200025,3020000,서울특별시 용산구 보광로**길 **-* (보광동),,,03,폐업,,,02-6223-7344
10000000,유한회사 호시커뮤니케이션,2015-09-03,10000000,197117.41843467,447527.338271365,2026-05-01 22:48:43,I,03,폐업처리,2015-09-03 14:23:12,0,,2015-02-06,,,2015302015023200003,3020000,"서울특별시 용산구 한강대로 ***, 제**층 ****호 (한강로*가, 용성비즈텔)",,,03,폐업,,,1800-8334
,빠름통신,2015-12-08,,197117.41843467,447527.338271365,2026-05-01 22:48:43,I,03,폐업처리,2015-12-08 13:58:22,,,2015-03-06,,,2015302015023200005,3020000,"서울특별시 용산구 한강대로 ***, 지*층동 ***호 (한강로*가, 용성비즈텔)",,,03,폐업,,,02-790-1923
40495697,씨디피월드 주식회사,2015-12-31,160000000,196189.205036161,447894.643407414,2026-05-01 22:48:43,I,03,폐업처리,2020-04-01 14:46:49,145472142,,2015-04-10,,,2015302015023200007,3020000,"서울특별시 용산구 원효로 *** (원효로*가, 이테크밸리****호)",,,03,폐업,,,02-703-1042
,웰빙홈케어,2015-11-19,,197231.028951482,449114.142891412,2026-05-01 22:48:43,I,03,폐업처리,2015-11-19 14:02:24,,,2015-05-11,,,2015302015023200015,3020000,"서울특별시 용산구 청파로**길 **, *층 (청파동*가)",,,03,폐업,,,
,굿앤구디,2015-09-07,,196381.755480553,448324.233983523,2026-05-01 22:48:43,I,03,폐업처리,2015-09-07 10:23:14,,,2015-05-14,,,2015302015023200016,3020000,"서울특별시 용산구 효창원로 ***, 지층 (용문동)",,,03,폐업,,,02-702-6880
270676000,(주)광일라이프,2015-07-17,270676000,197486.931456007,450171.953371765,2026-05-01 22:48:43,I,03,폐업처리,2015-07-17 17:40:28,466769000,,2010-04-07,,,2015302015023200017,3020000,"서울특별시 용산구 한강대로 ***, *층 (동자동, 부양빌딩)",,,03,폐업,,,02-466-0590
,지케이에스,2015-09-18,,198825.343135134,446207.612235932,2026-05-01 22:48:43,I,03,폐업처리,2015-09-18 18:12:51,,,2015-06-19,140-751,서울특별시 용산구 서빙고동 ***번지 **호 신동아아파트 *동 ***호,2015302015023200019,3020000,,,,03,폐업,,,
157758145,(주)아카식레코드,2016-05-17,333000000,197495.818710273,448806.677034283,2026-05-01 22:48:43,I,03,폐업처리,2016-05-17 14:07:41,107100022,,2015-06-23,,,2015302015023200020,3020000,"서울특별시 용산구 한강대로 *** (갈월동, 갈월동에이트리움-고려*층)",,,03,폐업,,,02-2001-9700
,오피스넷,2017-08-28,,196742.815270433,447972.54104319,2026-05-01 22:48:43,I,03,폐업처리,2017-08-28 15:42:23,,,2015-07-23,,,2015302015023200022,3020000,"서울특별시 용산구 청파로 ***-** (한강로*가, 전자타운B동B-**호)",,,03,폐업,,,070-8953-4996
3407596622,(주)아이티빌더,2021-05-25,150000000,197453.287852594,447569.761933416,2026-05-01 22:48:43,I,03,폐업처리,2021-05-25 09:14:47,881568150,,2015-12-21,,,2015302015023200027,3020000,"서울특별시 용산구 한강대로**길 **-**, ***호 (한강로*가)",04382,,03,폐업,,,02-715-3864
82342973,알케이컨설팅(주) 이태원지점,2017-03-13,113340000,199547.510122734,448064.05638962,2026-05-01 22:48:43,I,03,폐업처리,2017-03-13 14:45:15,264024927,,2016-06-13,,,2016302015023200007,3020000,"서울특별시 용산구 이태원로 ***, *층 (이태원동)",04349,,03,폐업,,,02-790-7731
,소현대리점,2019-06-12,,199856.570473425,447293.444186482,2026-05-01 22:48:44,I,03,폐업처리,2019-06-17 14:06:08,,,2016-07-19,,,2016302015023200008,3020000,서울특별시 용산구 보광로 ** (보광동),04394,,03,폐업,,,070-8704-8211
3800000000,성림통신(주),2020-11-25,2285798448,200557.868951368,447928.158148391,2026-05-01 22:48:44,I,03,폐업처리,2020-11-25 16:35:49,1572219157,,2016-07-29,,,2016302015023200011,3020000,서울특별시 용산구 한남대로 ** (한남동),04401,,03,폐업,,,02-798-3399
50000000,주식회사 텐마인즈,2020-12-11,50000000,199435.256600908,448661.70895049,2026-05-01 22:48:44,I,03,폐업처리,2020-12-11 18:07:43,0,,2011-11-16,,,2016302015023200012,3020000,"서울특별시 용산구 회나무로 **, *층 (이태원동)",04346,,03,폐업,,,02-2051-4578
,윤선생영어교실이촌학원,2020-08-21,,199608.612935438,447092.209717144,2026-05-01 22:48:44,I,03,폐업처리,2020-08-21 17:00:43,,,2016-11-03,,,2016302015023200016,3020000,"서울특별시 용산구 장문로*길 **, *층 (동빙고동)",04393,,03,폐업,,,02-797-0579
,글림,2023-11-28,,197979.935893007,446427.192414074,2026-05-01 22:48:44,I,03,폐업처리,2023-11-30 13:42:20,,,2017-01-20,,,2017302015023200001,3020000,"서울특별시 용산구 이촌로**길 **, ***동 ****호 (이촌동, 이촌아파트)",04423,,03,폐업,,,
82342973,알케이컨설팅(주),2017-03-22,113340000,199547.510122734,448064.05638962,2026-05-01 22:48:44,I,03,폐업처리,2017-03-22 15:38:35,264024927,,2016-06-13,,,2017302015023200004,3020000,"서울특별시 용산구 이태원로 ***, *층 (이태원동)",04349,,03,폐업,,,070-8229-2358
,한국국제결혼,2017-11-27,,197233.94336753,449659.728123373,2026-05-01 22:48:44,I,03,폐업처리,2017-11-27 14:57:24,,,2017-03-20,,,2017302015023200005,3020000,"서울특별시 용산구 청파로**길 *, *층 ***호 (청파동*가)",04308,,03,폐업,,,02-6407-7618
,프라임하우스,2017-06-12,,197210.718414596,449829.998949456,2026-05-01 22:48:44,I,03,폐업처리,2017-06-12 10:04:19,,,2017-04-26,,,2017302015023200007,3020000,"서울특별시 용산구 청파로 ***, 지하*층 (서계동)",04303,,03,폐업,,,02-711-8992
0,(주) 와이씨네트웍스,2020-06-25,0,199435.256600908,448661.70895049,2026-05-01 22:48:44,I,03,폐업처리,2020-06-26 09:06:20,0,,2013-02-13,,,2017302015023200008,3020000,서울특별시 용산구 회나무로 ** (이태원동),04346,,03,폐업,,,02-2051-4578
,행복이 머무는 곳,2017-10-25,,197210.718414596,449829.998949456,2026-05-01 22:48:44,I,03,폐업처리,2017-10-25 18:31:43,,,2017-06-23,,,2017302015023200012,3020000,"서울특별시 용산구 청파로 ***, 지하*층 (서계동, 보은개발빌딩)",04303,,03,폐업,,,02-711-8992
,유성의료기,2017-09-13,,198564.728876287,449129.042361001,2026-05-01 22:48:44,I,03,폐업처리,2017-09-13 09:11:22,,,2017-06-27,,,2017302015023200013,3020000,"서울특별시 용산구 소월로**길 **, 지층 (용산동*가)",04337,,03,폐업,,,
,용산프리미엄우유대리점,2024-03-28,,196531.960515856,446836.564501075,2026-05-01 22:48:44,I,03,폐업처리,2024-04-01 16:45:15,,,2017-06-27,,서울특별시 용산구 한강로*가 **-***,2017302015023200014,3020000,서울특별시 용산구 한강대로*길 *-**(한강로*가),04380,,03,폐업,,,070-7847-9711
,(주)볼보트럭코리아,2008-05-20,,,,2026-05-01 22:48:31,I,03,폐업처리,2008-05-20 13:46:36,,,1997-06-02,,서울특별시 용산구 한남동***-***,1997302009523200036,3020000,,,,03,폐업,,,02-3780-8400
0,(주)영교아카데미,2001-09-21,0,197221.674517636,449116.610542509,2026-05-01 22:48:31,I,03,폐업처리,2008-08-05 09:48:46,0,,1998-07-28,140-133,서울특별시 용산구 청파동*가 **번지 **호,1998302009523200060,3020000,서울특별시 용산구 청파로**길 ** (청파동*가),,,03,폐업,,,02-3785-1430
178255700,주식회사 피제이에프지,2020-12-31,100000000,197601.685379703,449037.788561661,2026-05-01 22:48:44,I,03,폐업처리,2020-12-31 18:23:35,46236520,,2017-07-03,,,2017302015023200015,3020000,서울특별시 용산구 한강대로**길 ** (남영동),04352,,03,폐업,,,
,케이피케이솔루션,2020-06-16,,197430.260838827,447554.444780548,2026-05-01 22:48:44,I,03,폐업처리,2020-06-18 09:47:29,,,2017-07-07,,,2017302015023200016,3020000,"서울특별시 용산구 한강대로**길 **, *층 ***호 (한강로*가)",04382,,03,폐업,,,
,메디세라의료기,2018-04-06,,196546.598003309,448172.266377937,2026-05-01 22:48:44,I,03,폐업처리,2018-04-10 09:21:45,,,2017-07-11,,,2017302015023200017,3020000,"서울특별시 용산구 새창로 ***-*, *층 (원효로*가)",04364,,03,폐업,,,
,자연애,2020-03-27,,200033.559884672,447555.725531324,2026-05-01 22:48:44,I,03,폐업처리,2020-03-27 17:02:33,,,2011-05-19,,,2017302015023200022,3020000,서울특별시 용산구 우사단로*가길 ** (보광동),04413,,03,폐업,,,02-795-2221
,뉴스킨:더뷰티라운지(Nu Skin:The Beauty Lounge),2020-11-12,,199678.685128404,448086.564575334,2026-05-01 22:48:44,I,03,폐업처리,2020-11-13 13:08:15,,,2017-08-25,,,2017302015023200023,3020000,"서울특별시 용산구 이태원로 ***, ***호 (한남동, 한남빌딩)",04349,,03,폐업,,,
,자연이네,2018-06-12,,196340.162337355,448409.71308821,2026-05-01 22:48:44,I,03,폐업처리,2018-06-12 16:52:43,,,2017-11-03,,서울특별시 용산구 용문동 **번지 ***호,2017302015023200028,3020000,"서울특별시 용산구 새창로**길 **-*, *층 (용문동)",04356,,03,폐업,,,02-707-2578
,아이엠넷,2018-07-16,,196606.215519141,447009.361612995,2026-05-01 22:48:44,I,03,폐업처리,2018-07-17 10:18:40,,,2018-03-30,,서울특별시 용산구 한강로*가 **번지 *호 명약국,2018302015023200003,3020000,"서울특별시 용산구 한강대로**길 **, 명약국 ***호 (한강로*가)",04379,,03,폐업,,,070-7788-8010
356515204,(주)하이진테크,2020-06-18,75000000,197117.41843467,447527.338271365,2026-05-01 22:48:44,I,03,폐업처리,2020-06-19 15:54:11,263450083,,2016-06-22,,서울특별시 용산구 한강로*가 ***번지 *호 용성비즈텔,2018302015023200005,3020000,"서울특별시 용산구 한강대로 ***, 용성비즈텔 **층 ****호 (한강로*가)",04376,,03,폐업,,,02-786-6478
770002187,아프로만 (주),2020-06-11,50000000,196839.641743356,447863.232025192,2026-05-01 22:48:44,I,03,폐업처리,2020-06-12 21:03:09,613548354,,2018-05-13,,서울특별시 용산구 한강로*가 **번지 **호 선인상가,2018302015023200006,3020000,"서울특별시 용산구 청파로**길 **, 선인상가 **동 ****호 (한강로*가)",04371,,03,폐업,,,1600-8642
6872382851,(주) 위드네트웍스,2020-06-22,625000000,196638.179841671,446986.908802137,2026-05-01 22:48:44,I,03,폐업처리,2020-06-23 17:50:48,5989372835,,2014-09-01,,서울특별시 용산구 한강로*가 **번지 *호 용일빌딩,2018302015023200007,3020000,"서울특별시 용산구 한강대로**길 **, 용일빌딩 *층, *층, *층 (한강로*가)",04379,,03,폐업,,,02-569-5613
,마임남영동부,2020-12-11,,197564.885633224,449244.860782497,2026-05-01 22:48:44,I,03,폐업처리,2020-12-11 18:08:42,,,2019-02-12,,서울특별시 용산구 갈월동 **번지 **호 상가,2019302015023200001,3020000,"서울특별시 용산구 두텁바위로 *-*, 상가 *층 (갈월동)",04335,,03,폐업,,,02-774-0045
,기아한양대리점,2022-01-24,,197480.045243754,449769.124271782,2026-05-01 22:48:44,I,03,폐업처리,2022-01-26 12:45:27,,,2019-02-19,,서울특별시 용산구 동자동 **번지 ***호 동자주유소,2019302015023200002,3020000,"서울특별시 용산구 한강대로***길 *, 동자주유소 *층 (동자동)",04334,,03,폐업,,,02-778-9703
,인셀덤 이태원점,2020-04-01,,199429.799460336,448481.893992399,2026-05-01 22:48:44,I,03,폐업처리,2020-09-28 13:47:19,,,2019-04-16,,서울특별시 용산구 이태원동 ***번지 **호,2019302015023200003,3020000,서울특별시 용산구 회나무로**길 ** (이태원동),04346,,03,폐업,,,
2514629535,(주)모아에듀,2022-03-25,506262887,197133.882197406,449603.261865406,2026-05-01 22:48:44,I,03,폐업처리,2022-03-29 15:10:44,2008366648,,2019-06-17,,서울특별시 용산구 청파동*가 **번지 **호,2019302015023200006,3020000,"서울특별시 용산구 청파로**나길 **-*, *층 (청파동*가)",04307,,03,폐업,,,02-6925-0506
,노블레스,2021-09-24,,199134.104509862,448041.698469517,2026-05-01 22:48:44,I,03,폐업처리,2022-04-15 13:29:24,,,2016-07-15,,서울특별시 용산구 이태원동 ***번지 *호 한국외환은행(이태원지점),2019302015023200008,3020000,"서울특별시 용산구 이태원로 ***, 덕흥빌딩 *층 (이태원동)",04351,,03,폐업,,,02-749-7747
,인셀덤 마포대리점,2020-03-11,,196861.850528591,449986.249540277,2026-05-01 22:48:44,I,03,폐업처리,2020-03-11 16:11:44,,,2019-09-06,,서울특별시 용산구 서계동 ***번지 **호,2019302015023200014,3020000,"서울특별시 용산구 만리재로**길 **, ***호 (서계동)",04302,,03,폐업,,,
850000000,주식회사 휴레이터,2020-03-02,850000000,197512.145807847,448691.859755338,2026-05-01 22:48:44,I,03,폐업처리,2020-03-04 10:04:45,0,,2019-09-06,,서울특별시 용산구 갈월동 ***번지 **호 (주)한진중공업,2019302015023200015,3020000,"서울특별시 용산구 한강대로**길 *, (주)한진중공업 *층 (갈월동)",04322,,03,폐업,,,02-561-5222
,마임마포지사,2025-12-10,,196367.632927208,448357.966576058,2026-05-01 22:48:44,I,03,폐업처리,2025-12-11 09:21:10,,,2019-10-07,,서울특별시 용산구 용문동 **번지 *호,2019302015023200016,3020000,"서울특별시 용산구 새창로**길 **, *층 (용문동)",04356,,03,폐업,,,02-717-5388
,그라만코리아,2020-06-26,,200614.319913696,447561.558961093,2026-05-01 22:48:44,I,03,폐업처리,2020-06-26 16:38:33,,,2019-10-15,,서울특별시 용산구 한남동 ***번지 *호 동원베네스트,2019302015023200017,3020000,"서울특별시 용산구 독서당로 **, 지*층 지하*호 (한남동, 동원베네스트)",04410,,03,폐업,,,02-790-2308
,인셀덤 용산,2020-12-10,,198393.844063693,449260.52384854,2026-05-01 22:48:44,I,03,폐업처리,2020-12-10 17:30:04,,,2019-11-22,,서울특별시 용산구 용산동*가 *번지 ***호,2019302015023200020,3020000,서울특별시 용산구 신흥로**길 **-* (용산동*가),04337,,03,폐업,,,
280000000,주식회사 미리다,2022-10-24,280000000,197512.145807847,448691.859755338,2026-05-01 22:48:44,I,03,폐업처리,2022-10-25 17:29:01,0,,2019-11-26,,서울특별시 용산구 갈월동 ***번지 **호 (주)한진중공업,2019302015023200021,3020000,"서울특별시 용산구 한강대로**길 *, *,**층 (갈월동)",04322,,03,폐업,,,02-561-5222
,진선미인셀덤,2020-01-17,,199655.863118907,448082.819066736,2026-05-01 22:48:44,I,03,폐업처리,2020-01-17 20:19:40,,,2019-11-26,,서울특별시 용산구 이태원동 ***번지 *호 준아트빌,2019302015023200022,3020000,"서울특별시 용산구 이태원로**나길 **, **층 ****호 (이태원동, 준아트빌)",04349,,03,폐업,,,02-579-7288
,인셀덤 용산,2020-06-15,,197045.696579263,448354.777958854,2026-05-01 22:48:44,I,03,폐업처리,2020-06-18 09:45:32,,,2020-02-26,,서울특별시 용산구 문배동 **번지 *호 지오베르크,2020302015023200002,3020000,"서울특별시 용산구 백범로 ***, ***호 (문배동, 지오베르크)",04368,,03,폐업,,,
100000000,(주)다코케미칼,2019-04-05,53070000,197480.045243754,449769.124271782,2026-05-01 22:48:31,I,03,폐업처리,2019-04-05 18:38:20,0,,2000-06-17,140-170,서울특별시 용산구 동자동 **번지 ***호,2000302009523200092,3020000,서울특별시 용산구 한강대로***길 * (동자동),,,03,폐업,,,02-778-9703
,폴리안나,2008-04-24,,,,2026-05-01 22:48:31,I,03,폐업처리,2008-04-24 16:04:04,,,2001-03-16,,서울특별시 용산구 청파동*가** 지층,2001302009523200111,3020000,,,,03,폐업,,,02-702-4556
,현대엘리트스쿨,2010-01-19,,,,2026-05-01 22:48:32,I,03,폐업처리,2010-01-19 13:55:36,,,2002-01-02,,서울특별시 용산구 한강로*가**-*** 대영빌딩 *층,2002302009523200145,3020000,,,,03,폐업,,,02-749-1037
148535000,한국인터넷광고(주),2002-09-02,579934000,,,2026-05-01 22:48:32,I,03,폐업처리,2008-07-28 17:36:35,130664000,,2002-03-07,,서울특별시 용산구 이태원동**-*** 광원빌딩 *층,2002302009523200151,3020000,,,,03,폐업,,,02-591-7212
0,(주)세이안코리아리미트,2002-09-02,0,,,2026-05-01 22:48:32,I,03,폐업처리,2008-07-28 17:30:42,0,,2002-09-02,,서울특별시 용산구 서빙고동** 남경빌딩 ***,2002302009523200162,3020000,,,,03,폐업,,,02-797-2920
,대명유통,2008-04-15,,,,2026-05-01 22:48:33,I,03,폐업처리,2008-04-15 11:18:26,,,2002-08-07,,서울특별시 용산구 이태원동***-** 해밀톤관광 *층 백합홀,2002302009523200163,3020000,,,,03,폐업,,,02-794-2259
,기아자동차 이태원판매점,2008-03-17,,,,2026-05-01 22:48:33,I,03,폐업처리,2008-07-15 14:57:05,,,2002-10-29,,서울특별시 용산구 한남동***-*** *층,2002302009523200171,3020000,,,,03,폐업,,,02-790-5200
,(주)환경일보,2004-06-16,,,,2026-05-01 22:48:33,I,03,폐업처리,2008-02-21 00:00:00,,,2002-12-16,,서울특별시 용산구 원효로*가*-**,2002302009523200176,3020000,,,,03,폐업,,,02-715-7114
,(주)에스엠유티,2008-02-19,,,,2026-05-01 22:48:35,I,03,폐업처리,2008-02-19 16:11:51,,,2003-06-07,,서울특별시 용산구 남영동**-*,2003302009523200195,3020000,,,,03,폐업,,,02-794-6261
0,마트사랑(주),2004-07-20,50000000,196125.36285046,447946.120864507,2026-05-01 22:48:35,I,03,폐업처리,2008-07-31 16:15:36,0,,2003-12-22,140-849,서울특별시 용산구 원효로*가 ***번지 *호 *층,2003302009523200213,3020000,"서울특별시 용산구 원효로 ***-* (원효로*가,*층)",,,03,폐업,,,02-703-5512
0,(주)서울교육,2007-03-12,0,,,2026-05-01 22:48:35,I,03,폐업처리,2008-06-20 16:54:22,0,,2004-11-08,,서울특별시 용산구 한강로*가***,2004302009523200044,3020000,,,,03,폐업,,,02-792-0911
,알로에마임용산용문지사,2013-09-12,,,,2026-05-01 22:48:36,I,03,폐업처리,2013-09-12 09:42:13,,,2000-10-05,,서울특별시 용산구 용문동**-* *층,2004302009523200102,3020000,,,,03,폐업,,,02-707-1663
743470810,아모레 남영특약점,2013-09-09,692798120,,,2026-05-01 22:48:36,I,03,폐업처리,2013-09-09 09:23:23,50672690,,2004-11-29,,서울특별시 용산구 청파동*가**-** 복조빌딩 *층,2004302009523200126,3020000,,,,03,폐업,,,02-711-7001
11177477956,주식회사 오빌미디어,2021-09-15,5185681137,196501.358727216,448274.823500356,2026-05-01 22:48:44,I,03,폐업처리,2021-09-16 09:59:17,5991796819,,2020-07-06,,서울특별시 용산구 용문동 **-* 용문하이오피스텔,2020302015023200005,3020000,"서울특별시 용산구 새창로**길 *, 용문하이오피스텔 ***호 (용문동)",04364,,03,폐업,,,070-8224-6925
2221318597,주식회사 슬기로운비투비세상,2020-09-14,209485509,196087.977652228,447749.621213224,2026-05-01 22:48:44,I,03,폐업처리,2020-09-14 20:51:51,2011833088,,2020-07-20,,서울특별시 용산구 한강로*가 **-** 한통빌딩,2020302015023200006,3020000,"서울특별시 용산구 청파로 **, 한통빌딩 *층 ***호 (한강로*가)",04373,,03,폐업,,,02-2088-7055
16600356325,㈜한사랑씨앤씨,2020-09-01,10522447625,196243.289518577,447933.875394952,2026-05-01 22:48:44,I,03,폐업처리,2020-09-14 20:50:55,6077908700,,2020-07-20,,서울특별시 용산구 원효로*가 **-* 대교빌딩,2020302015023200007,3020000,"서울특별시 용산구 원효로 ***, 대교빌딩 ***호 (원효로*가)",04366,,03,폐업,,,02-702-1192
,온누리셀파워,2020-12-07,,196474.48949027,448370.814684482,2026-05-01 22:48:44,I,03,폐업처리,2020-12-07 16:51:11,,,2020-11-06,,서울특별시 용산구 용문동 *-**,2020302015023200008,3020000,"서울특별시 용산구 효창원로**길 *, *층 (용문동)",04364,,03,폐업,,,02-704-7789
,글로인,2021-12-29,,199253.652205903,448522.351016721,2026-05-01 22:48:44,I,03,폐업처리,2021-12-30 22:34:47,,,2021-01-08,,서울특별시 용산구 이태원동 ***-* 효성그린빌라,2021302015023200001,3020000,"서울특별시 용산구 회나무로**가길 *, *동 A층 ***호 (이태원동, 효성그린빌라)",04346,,03,폐업,,,
127906477,(주)제이컴페니언,2025-03-04,54332896,197257.765183997,447772.298383734,2026-05-01 22:48:44,I,03,폐업처리,2025-03-05 10:48:02,73573581,,2022-05-24,,서울특별시 용산구 한강로*가 *-* 벽산메가트리움,2022302015023200003,3020000,"서울특별시 용산구 한강대로**길 *, ***동 *층 ***호 (한강로*가, 벽산메가트리움)",04376,,03,폐업,,,02-2135-9397
,탑오더,2022-10-01,,199073.857618599,448797.402880114,2026-05-01 22:48:44,I,03,폐업처리,2023-02-24 15:26:32,,,2022-06-03,,서울특별시 용산구 이태원동 ***-**,2022302015023200004,3020000,서울특별시 용산구 회나무로**나길 *-*(이태원동),04342,,03,폐업,,,
0,주식회사 동양리조트,2024-03-29,10000000,199678.685128404,448086.564575334,2026-05-01 22:48:44,I,03,폐업처리,2024-04-05 14:04:00,0,,2023-06-12,,서울특별시 용산구 한남동 ***-** 한남빌딩,2023302020323200004,3020000,"서울특별시 용산구 이태원로 ***, 한남빌딩 ***호 (한남동)",04349,,03,폐업,,,02-2074-0006
229937740736,웰릭스렌탈(주),2023-12-22,21000000000,197408.590760127,447767.340468517,2026-05-01 22:48:44,I,03,폐업처리,2023-12-28 14:46:47,208439938326,,2017-03-27,,서울특별시 용산구 한강로*가 **-* 웰컴금융타워,2023302020323200007,3020000,"서울특별시 용산구 한강대로 ***, 웰컴금융타워 **층 (한강로*가)",04382,,03,폐업,,,02-6119-7650
5000000,주식회사 엔지프로젝트,2025-07-01,5000000,200714.837269667,447643.843305399,2026-05-01 22:48:44,I,03,폐업처리,2025-07-03 09:43:04,0,,2021-08-20,,서울특별시 용산구 한남동 ***,2025302020323200005,3020000,서울특별시 용산구 독서당로**길 **-* (한남동),04410,,03,폐업,,,070-4471-2894
,헬스온,2008-06-09,,,,2026-05-01 22:48:37,I,03,폐업처리,2008-06-09 14:32:18,,,2004-11-09,,서울특별시 용산구 이태원동***-**,2004302009523200244,3020000,,,,03,폐업,,,02-795-6041
,케이지씨판매(주)서울용산지사,2008-06-24,,,,2026-05-01 22:48:37,I,03,폐업처리,2008-06-24 14:25:51,,,2004-12-14,,서울특별시 용산구 원효로*가**-** *층,2004302009523200248,3020000,,,,03,폐업,,,02-714-4749
,대명유통,2005-01-07,,,,2026-05-01 22:48:37,I,03,폐업처리,2008-07-15 14:53:23,,,2000-07-12,,서울특별시 용산구 한강로*가***-* 한강로빌딩***호,2005302009523200097,3020000,,,,03,폐업,,,02-795-5528
,고려하이텍,2005-01-07,,,,2026-05-01 22:48:37,I,03,폐업처리,2008-07-15 15:08:58,,,2003-03-24,,서울특별시 용산구 동자동**-*,2005302009523200187,3020000,,,,03,폐업,,,02-774-0747
,에프지인터네셔널,2010-12-13,,,,2026-05-01 22:48:38,I,03,폐업처리,2010-12-13 14:00:47,,,2005-01-18,,서울특별시 용산구 원효로*가*-** 상완빌딩***,2005302009523200254,3020000,,,,03,폐업,,,02-713-1470
,롯데 씨엔씨(CNC),2008-01-02,,,,2026-05-01 22:48:38,I,03,폐업처리,2008-01-02 14:50:51,,,2005-07-14,,서울특별시 용산구 한강로*가**-*** 천일빌딩 *층,2005302009523200256,3020000,,,,03,폐업,,,02-793-9562
,에스더,2007-07-04,,,,2026-05-01 22:48:38,I,03,폐업처리,2008-02-21 00:00:00,,,2005-02-14,,서울특별시 용산구 한남동***-*,2005302009523200257,3020000,,,,03,폐업,,,02-794-1273
,동화고객 감동,2005-07-25,,,,2026-05-01 22:48:38,I,03,폐업처리,2008-02-21 00:00:00,,,2005-02-23,,서울특별시 용산구 용문동**-* 용문하이오피스텔 지하 *층 (***),2005302009523200258,3020000,,,,03,폐업,,,02-3272-1425
,선 쑥뜸 연구소,2005-07-15,,,,2026-05-01 22:48:38,I,03,폐업처리,2008-02-21 00:00:00,,,2005-03-07,,서울특별시 용산구 서계동**-***,2005302009523200261,3020000,,,,03,폐업,,,02-714-3495
0,(주)영창바이오텍,2008-11-05,100000000,,,2026-05-01 22:48:38,I,03,폐업처리,2008-11-05 11:06:41,0,,2005-05-20,,서울특별시 용산구 한강로*가**-* *층,2005302009523200270,3020000,,,,03,폐업,,,02-798-4720
,엔티솔루션,2007-10-30,,,,2026-05-01 22:48:39,I,03,폐업처리,2007-10-30 13:14:39,,,2005-10-25,,서울특별시 용산구 산천동**-*,2005302009523200284,3020000,,,,03,폐업,,,
,서경물산,2015-06-24,,,,2026-05-01 22:48:39,I,03,폐업처리,2015-07-01 11:21:13,,,2005-11-02,,서울특별시 용산구 한강로*가*** 양우빌딩 *층,2005302009523200288,3020000,,,,03,폐업,,,02-797-2720
612526146,디에스텔레콤(주),2012-08-09,50000000,196605.511573689,447841.270074498,2026-05-01 22:48:39,I,03,폐업처리,2012-08-09 16:41:27,1735469005,,2005-11-07,,서울특별시 용산구 한강로*가 *번지 *호 나진상가 **동*층나열***호,2005302009523200289,3020000,"서울특별시 용산구 청파로 *** (한강로*가,나진상가 **동*층나열***호)",,,03,폐업,,,02-701-0707
0,(주)와이브로,2010-01-15,50000000,,,2026-05-01 22:48:39,I,03,폐업처리,2010-01-15 11:02:32,0,,2005-12-21,,서울특별시 용산구 이촌동***-*** 현대(아) **-***,2005302009523200292,3020000,,,,03,폐업,,,02-393-9970
,홍선생미술용산영등포지사,2015-12-31,,197421.204885015,447909.479978499,2026-05-01 22:48:39,I,03,폐업처리,2015-12-31 14:49:46,,,2006-05-19,140-011,서울특별시 용산구 한강로*가 ***번지 *호 한성빌딩 ***호,2006302009523200137,3020000,"서울특별시 용산구 한강대로 ***-* (한강로*가,한성빌딩 ***호)",,,03,폐업,,,02-796-0355
0,현암털레콤(주),2006-11-06,0,,,2026-05-01 22:48:39,I,03,폐업처리,2008-10-20 18:43:08,0,,2006-11-06,,서울특별시 용산구 한강로*가***-* 영월빌딩 *층,2006302009523200194,3020000,,,,03,폐업,,,02-792-8282
0,(주)아이좋은세상,2006-03-29,0,,,2026-05-01 22:48:39,I,03,폐업처리,2008-07-15 15:14:13,0,,2004-04-29,,서울특별시 용산구 한남동***-**,2006302009523200223,3020000,,,,03,폐업,,,02-795-1966
0,(주)닷넷이앤씨,2006-12-21,0,,,2026-05-01 22:48:39,I,03,폐업처리,2008-10-20 18:40:19,0,,2006-12-21,,서울특별시 용산구 원효로*가*-** 원효빌딩 *층,2006302009523200293,3020000,,,,03,폐업,,,02-2233-8140
,현익,2008-08-29,,,,2026-05-01 22:48:40,I,03,폐업처리,2008-08-29 11:32:14,,,2006-01-12,,서울특별시 용산구 갈월동** *층,2006302009523200298,3020000,,,,03,폐업,,,02-754-3853
,신용산건강생활,2016-05-26,,196835.438201635,447055.325819624,2026-05-01 22:48:40,I,03,폐업처리,2016-05-27 11:06:36,,,2006-02-13,140-882,서울특별시 용산구 한강로*가 **번지 *호,2006302009523200301,3020000,"서울특별시 용산구 한강대로 **-*, *층 (한강로*가)",,,03,폐업,,,02-797-7982
,리버스코리아,2014-09-02,,197514.145785647,448264.322314594,2026-05-01 22:48:40,I,03,폐업처리,2014-09-02 14:13:57,,,2006-03-08,140-011,서울특별시 용산구  **번지 *호,2006302009523200303,3020000,"서울특별시 용산구 한강대로 *** (한강로*가, 용산파크자이D-****)",,,03,폐업,,,02-2071-6000
,해피월드,2009-10-05,,,,2026-05-01 22:48:40,I,03,폐업처리,2009-10-05 10:18:49,,,2006-03-14,,서울특별시 용산구 한강로*가***-*,2006302009523200304,3020000,,,,03,폐업,,,02-790-4828
,마임남영동부,2013-08-30,,,,2026-05-01 22:48:40,I,03,폐업처리,2013-08-30 16:22:51,,,2006-05-12,140-150,서울특별시 용산구 갈월동 **-**  *층,2006302009523200311,3020000,,,,03,폐업,,,
,산들양행,2008-05-27,,,,2026-05-01 22:48:40,I,03,폐업처리,2008-05-27 15:09:36,,,2006-06-09,,서울특별시 용산구 한강로*가**-* *층,2006302009523200313,3020000,,,,03,폐업,,,02-798-4438
,신화통신,2014-03-10,,196839.985509521,448380.7270897,2026-05-01 22:48:40,I,03,폐업처리,2014-03-10 09:19:48,,,2006-08-28,140-112,서울특별시 용산구 원효로*가 *번지 **호,2006302009523200324,3020000,"서울특별시 용산구 원효로 ***, *층 (원효로*가, 상완빌딩)",,,03,폐업,,,02-718-4343
,홍아,2007-10-22,,,,2026-05-01 22:48:40,I,03,폐업처리,2007-10-22 13:10:13,,,2006-09-05,,서울특별시 용산구 한남동***-** *층,2006302009523200325,3020000,,,,03,폐업,,,02-792-5779
,대운,2011-04-05,,,,2026-05-01 22:48:40,I,03,폐업처리,2011-04-05 14:41:38,,,2006-09-12,,서울특별시 용산구 산천동*** 한강타운 ***-***,2006302009523200326,3020000,,,,03,폐업,,,02-706-9285
,V&P  브이앤피,2008-01-28,,,,2026-05-01 22:48:40,I,03,폐업처리,2008-01-28 13:46:46,,,2006-09-21,,서울특별시 용산구 이촌동***-**,2006302009523200327,3020000,,,,03,폐업,,,02-701-0039
,생각이좋은사람들,2007-07-06,,,,2026-05-01 22:48:40,I,03,폐업처리,2008-07-15 17:41:15,,,2006-07-06,,서울특별시 용산구 한남동***-** 한남빌딩 *층***,2006302009523200330,3020000,,,,03,폐업,,,02-790-7411
,아이코리아비즈,2008-07-18,,190107.296249676,443760.098134808,2026-05-01 22:48:40,I,03,폐업처리,2008-07-18 13:53:45,,,2006-11-06,152-050,서울특별시 구로구 구로동 ***번지 *호 *층,2006302009523200331,3020000,"서울특별시 구로구 가마산로**길 * (구로동,*층)",,,03,폐업,,,02-313-5612
22178588197,(주)하늘교육동부센타,2012-01-30,18938597105,,,2026-05-01 22:48:40,I,03,폐업처리,2012-01-30 20:33:53,3239991092,,2006-11-28,,서울특별시 용산구 이촌동***-** 제일빌딩*층,2006302009523200335,3020000,,,,03,폐업,,,02-796-3211
0,(주)서울교육,2007-03-12,0,,,2026-05-01 22:48:40,I,03,폐업처리,2008-06-20 16:51:58,0,,2007-03-12,,서울특별시 용산구 한강로*가,2007302009523200044,3020000,,,,03,폐업,,,02-792-0911
,건국UC,2010-02-12,,,,2026-05-01 22:48:40,I,03,폐업처리,2010-02-12 11:12:39,,,2007-01-05,,서울특별시 용산구 한강로*가**-* 풍양빌딩 ***호,2007302009523200170,3020000,,,,03,폐업,,,02-792-5101
,쌍용자동차한남판매대리점,2007-03-07,,,,2026-05-01 22:48:40,I,03,폐업처리,2008-07-15 15:03:07,,,2003-01-03,,서울특별시 용산구 한남동***-*** *층,2007302009523200180,3020000,,,,03,폐업,,,02-793-8793
155073378,정현에프엠씨 주식회사,2023-02-03,94598286,197287.50506674,448662.153501017,2026-05-01 22:48:40,I,03,폐업처리,2023-02-10 09:52:29,60475092,,2007-04-25,,서울특별시 용산구 원효로*가 ** 용산더프라임,2007302009523200286,3020000,"서울특별시 용산구 원효로**길 **, *층 ***호 (원효로*가, 용산더프라임)",04315,,03,폐업,,,02-2039-3776
0,(주)지앤아이시스템,2007-04-23,0,,,2026-05-01 22:48:40,I,03,폐업처리,2008-10-20 18:50:45,0,,2007-04-23,,서울특별시 용산구 한강로*가***-* 용성비즈텔 비-***,2007302009523200320,3020000,,,,03,폐업,,,02-2077-1288
0,(주)프리워킹,2007-01-24,0,,,2026-05-01 22:48:40,I,03,폐업처리,2008-10-20 18:54:29,0,,2007-01-24,,서울특별시 용산구 한강로*가**-*** *층,2007302009523200322,3020000,,,,03,폐업,,,02-792-1291
0,(주)그린오브라이프,2007-05-07,0,,,2026-05-01 22:48:40,I,03,폐업처리,2008-10-20 18:57:17,0,,2007-05-07,,서울특별시 용산구 이촌동***-** 한석빌딩 *층,2007302009523200336,3020000,,,,03,폐업,,,02-794-0874
196913732,효사랑복지재단(주),2007-10-24,50000000,193206.636411823,452683.832975293,2026-05-01 22:48:40,I,03,폐업처리,2008-07-08 13:36:07,30998120,,2007-03-27,120-120,서울특별시 서대문구 남가좌동 ***번지 **호 JM빌딩 *층,2007302009523200339,3020000,"서울특별시 서대문구 가재울로*길 **-* (남가좌동,JM빌딩 *층)",,,03,폐업,,,02-703-0844
,쌍용자동차 한남영업소,2007-12-13,,,,2026-05-01 22:48:40,I,03,폐업처리,2007-12-13 14:42:09,,,2007-01-31,,서울특별시 용산구 한남동***-***,2007302009523200341,3020000,,,,03,폐업,,,02-793-8793
,상일인터내셔날,,,,,2026-05-01 22:37:05,I,03,폐업처리,2008-02-21 00:00:00,,,1996-01-01,,서울특별시 금천구 시흥동 ***-* 유통상가**-*** ***,2001317010523200149,3170000,,,,03,폐업,,,02-802-5340
,신성내추럴,,,,,2026-05-01 22:37:05,I,03,폐업처리,2008-02-21 00:00:00,,,1996-01-01,,서울특별시 금천구 시흥동 ***-* 유통상가**동***호 ***,2001317010523200158,3170000,,,,03,폐업,,,02-2103-1675
,폴리아나유통,,,,,2026-05-01 22:37:05,I,03,폐업처리,2008-02-21 00:00:00,,,1996-01-01,,서울특별시 금천구 독산동 ***-**  *****,2002317010523200104,3170000,,,,03,폐업,,,02-859-2338
,한경텔레콤,,,,,2026-05-01 22:37:06,I,03,폐업처리,2008-02-21 00:00:00,,,1996-01-01,,서울특별시 금천구 시흥동 ***-* 동일B/D *층 ****,2002317010523200105,3170000,,,,03,폐업,,,02-806-6155
,KS경수유통,,,,,2026-05-01 22:37:06,I,03,폐업처리,2008-02-21 00:00:00,,,1996-01-01,,서울특별시 금천구 시흥동 ***-* 시흥B/D ***호 ****,2002317010523200107,3170000,,,,03,폐업,,,02-805-0127
,국제CS메디웨어,,,,,2026-05-01 22:37:06,I,03,폐업처리,2008-02-21 00:00:00,,,1996-01-01,,서울특별시 금천구 시흥동 ***-**  *****,2002317010523200109,3170000,,,,03,폐업,,,02-802-2735
,두성유통,,,,,2026-05-01 22:36:53,I,03,폐업처리,2008-02-21 00:00:00,,,1996-01-01,,서울특별시 금천구 시흥동 ***-* 유통상가 *****,1993317010523200150,3170000,,,,03,폐업,,,
,알로에마임,,,,,2026-05-01 22:36:54,I,03,폐업처리,2008-02-21 00:00:00,,,1996-01-01,,서울특별시 금천구 시흥동 ***-* 금성빌딩*층,1996317010523200005,3170000,,,,03,폐업,,,
,서림종합상사,,,,,2026-05-01 22:36:54,I,03,폐업처리,2008-02-21 00:00:00,,,1996-01-01,,서울특별시 금천구 독산동 ***-** 성광빌딩 ***,1996317010523200081,3170000,,,,03,폐업,,,
,대양상사,,,,,2026-05-01 22:36:55,I,03,폐업처리,2008-02-21 00:00:00,,,1996-01-01,,서울특별시 금천구 독산동 ***-*,1996317010523200085,3170000,,,,03,폐업,,,
,서울유통,,,,,2026-05-01 22:36:56,I,03,폐업처리,2008-02-21 00:00:00,,,1996-01-01,,서울특별시 금천구 독산동 ***-** 건설빌딩 ***호,1996317010523200088,3170000,,,,03,폐업,,,
,현성물산,,,,,2026-05-01 22:36:57,I,03,폐업처리,2008-02-21 00:00:00,,,1996-01-01,,서울특별시 금천구 독산동 ***-*,1996317010523200089,3170000,,,,03,폐업,,,
,한국몬테소리,,,,,2026-05-01 22:36:59,I,03,폐업처리,2008-02-21 00:00:00,,,1996-01-01,,서울특별시 금천구 가산동 **-**,1996317010523200095,3170000,,,,03,폐업,,,
,대우자동차,,,,,2026-05-01 22:36:59,I,03,폐업처리,2008-02-21 00:00:00,,,1996-01-01,,서울특별시 금천구 시흥동 ***-**,1996317010523200099,3170000,,,,03,폐업,,,02-273-6838
,해피모아,,,,,2026-05-01 22:37:06,I,03,폐업처리,2008-02-21 00:00:00,,,1996-01-01,,서울특별시 금천구 시흥동 ***-* *층 ****,2002317010523200110,3170000,,,,03,폐업,,,02-896-9407
,유명상사,,,,,2026-05-01 22:37:06,I,03,폐업처리,2008-02-21 00:00:00,,,1996-01-01,,서울특별시 금천구 독산동 ****-** *층 ******,2002317010523200114,3170000,,,,03,폐업,,,02-896-6050
,맥섬석메디탈,,,,,2026-05-01 22:37:06,I,03,폐업처리,2008-02-21 00:00:00,,,1996-01-01,,서울특별시 금천구 시흥동 ***-** *층 *****,2002317010523200115,3170000,,,,03,폐업,,,02-803-1743
,시흥J.R.Line명품관,,,,,2026-05-01 22:37:06,I,03,폐업처리,2008-02-21 00:00:00,,,1996-01-01,,서울특별시 금천구 시흥동 ***-** *층 *****,2002317010523200119,3170000,,,,03,폐업,,,02-896-0522
,남양알로에시흥지사,,,,,2026-05-01 22:37:07,I,03,폐업처리,2008-02-21 00:00:00,,,1996-01-01,,서울특별시 금천구 독산동 ****-**,2002317010523200143,3170000,,,,03,폐업,,,02-892-7828
,시흥남부알로에마임,,,,,2026-05-01 22:37:07,I,03,폐업처리,2008-02-21 00:00:00,,,1996-01-01,,서울특별시 금천구 시흥동 ***-**,2002317010523200148,3170000,,,,03,폐업,,,02-896-7040
,성원상사,,,,,2026-05-01 22:36:59,I,03,폐업처리,2008-02-21 00:00:00,,,1996-01-01,,서울특별시 금천구 독산동 ***-*,1996317010523200111,3170000,,,,03,폐업,,,
,알로에마임 구로지사,,,,,2026-05-01 22:37:00,I,03,폐업처리,2008-02-21 00:00:00,,,1996-01-01,,서울특별시 금천구 독산동 ****-* 유당빌딩*층,1996317010523200123,3170000,,,,03,폐업,,,02-895-6090
,기아자동차백산판매장,,,,,2026-05-01 22:37:01,I,03,폐업처리,2008-02-21 00:00:00,,,1996-01-01,,서울특별시 금천구 시흥동 ***-**,1997317010523200028,3170000,,,,03,폐업,,,
,도서보급 하나로,,,,,2026-05-01 22:37:01,I,03,폐업처리,2008-02-21 00:00:00,,,1996-01-01,,서울특별시 금천구 시흥동 ***-* 유통상가 *-***,1997317010523200029,3170000,,,,03,폐업,,,
,에프원,,,,,2026-05-01 22:37:01,I,03,폐업처리,2008-02-21 00:00:00,,,1996-01-01,,서울특별시 금천구 독산동 ****-**,1997317010523200031,3170000,,,,03,폐업,,,
,기흥에이씨,,,,,2026-05-01 22:37:01,I,03,폐업처리,2008-02-21 00:00:00,,,1996-01-01,,서울특별시 금천구 독산동 ***-*,1998317010523200015,3170000,,,,03,폐업,,,
,(주)정산실업,,,,,2026-05-01 22:37:01,I,03,폐업처리,2008-02-21 00:00:00,,,1996-01-01,,서울특별시 금천구 독산동 ***-*,1998317010523200035,3170000,,,,03,폐업,,,
,대호실업,,,,,2026-05-01 22:37:01,I,03,폐업처리,2008-02-21 00:00:00,,,1996-01-01,,서울특별시 금천구 가산동 ***-*,1998317010523200038,3170000,,,,03,폐업,,,
,기운통상,,,,,2026-05-01 22:37:01,I,03,폐업처리,2008-02-21 00:00:00,,,1996-01-01,,서울특별시 금천구 독산동 ***-* 성원빌딩 ***호,1998317010523200100,3170000,,,,03,폐업,,,02-862-8023
,기아자동차(주),,,,,2026-05-01 22:37:01,I,03,폐업처리,2008-02-21 00:00:00,,,1996-01-01,,서울특별시 금천구 시흥동 ***-**,1999317010523200045,3170000,,,,03,폐업,,,02-788-1742
,한일유통,,,,,2026-05-01 22:36:59,I,03,폐업처리,2008-02-21 00:00:00,,,1996-01-01,,서울특별시 금천구 가산동 ***-***,1996317010523200100,3170000,,,,03,폐업,,,
,일송미디어,,,,,2026-05-01 22:36:59,I,03,폐업처리,2008-02-21 00:00:00,,,1996-01-01,,서울특별시 금천구 독산동 ***-*,1996317010523200101,3170000,,,,03,폐업,,,
,한국방송교육원,,,,,2026-05-01 22:37:01,I,03,폐업처리,2008-02-21 00:00:00,,,1996-01-01,,서울특별시 금천구 시흥동 ***-** 두성빌딩 *층,1999317010523200046,3170000,,,,03,폐업,,,02-894-9711
,홍익유통,,,,,2026-05-01 22:37:01,I,03,폐업처리,2008-02-21 00:00:00,,,1996-01-01,,서울특별시 금천구 시흥동 ***-* 유통상가 *****,1999317010523200048,3170000,,,,03,폐업,,,02-894-1660
,경도상사,,,,,2026-05-01 22:37:02,I,03,폐업처리,2008-02-21 00:00:00,,,1996-01-01,,서울특별시 금천구 독산동 ***-** 대림상사***호,1999317010523200050,3170000,,,,03,폐업,,,02-892-3390
,코파스,,,,,2026-05-01 22:37:02,I,03,폐업처리,2008-02-21 00:00:00,,,1996-01-01,,서울특별시 금천구 독산동 ****-**,1999317010523200053,3170000,,,,03,폐업,,,
,하나상사,,,,,2026-05-01 22:37:02,I,03,폐업처리,2008-02-21 00:00:00,,,1996-01-01,,서울특별시 금천구 가산동 ***-**,1999317010523200054,3170000,,,,03,폐업,,,
,대진상사,,,,,2026-05-01 22:37:02,I,03,폐업처리,2008-02-21 00:00:00,,,1996-01-01,,서울특별시 금천구 독산동 ***-**,2000317010523200056,3170000,,,,03,폐업,,,02-864-6333
,금천대우자동차판매,,,,,2026-05-01 22:37:03,I,03,폐업처리,2008-02-21 00:00:00,,,1996-01-01,,서울특별시 금천구 가산동 ***-*,2000317010523200058,3170000,,,,03,폐업,,,02-858-5006
,KBS영어교실금천대리점,,,,,2026-05-01 22:37:03,I,03,폐업처리,2008-02-21 00:00:00,,,1996-01-01,,"서울특별시 금천구 독산동 ****-* ,** 여포빌딩 ***",2000317010523200059,3170000,,,,03,폐업,,,02-803-4387
,일기유통,,,,,2026-05-01 22:37:03,I,03,폐업처리,2008-02-21 00:00:00,,,1996-01-01,,서울특별시 금천구 시흥동 ***-**,2000317010523200060,3170000,,,,03,폐업,,,
,시흥남부알로에마임,,,,,2026-05-01 22:37:03,I,03,폐업처리,2008-02-21 00:00:00,,,1996-01-01,,서울특별시 금천구 시흥동 ***-**,2000317010523200063,3170000,,,,03,폐업,,,02-832-7041
,한국실버파워,,,,,2026-05-01 22:37:03,I,03,폐업처리,2008-02-21 00:00:00,,,1996-01-01,,서울특별시 금천구 독산동 ****-**,2000317010523200064,3170000,,,,03,폐업,,,
,마마유통,,,,,2026-05-01 22:37:03,I,03,폐업처리,2008-02-21 00:00:00,,,1996-01-01,,서울특별시 금천구 독산동 ****-*,2000317010523200066,3170000,,,,03,폐업,,,02-866-7626
,서광실업,,,,,2026-05-01 22:37:03,I,03,폐업처리,2008-02-21 00:00:00,,,1996-01-01,,서울특별시 금천구 시흥동 ***-**,2000317010523200067,3170000,,,,03,폐업,,,02-955-8707
,벤처프라자,,,,,2026-05-01 22:37:03,I,03,폐업처리,2008-02-21 00:00:00,,,1996-01-01,,서울특별시 금천구 시흥동 ***-*,2000317010523200068,3170000,,,,03,폐업,,,02-803-4103
,성진하우징,,,,,2026-05-01 22:37:05,I,03,폐업처리,2008-02-21 00:00:00,,,1996-01-01,,서울특별시 금천구 가산동 ***-* *층 ****,2001317010523200082,3170000,,,,03,폐업,,,02-863-2281
,교육연구소,,,,,2026-05-01 22:37:05,I,03,폐업처리,2008-02-21 00:00:00,,,1996-01-01,,서울특별시 금천구 독산동 ***-**  *****,2001317010523200083,3170000,,,,03,폐업,,,02-869-5008
,국민연구,,,,,2026-05-01 22:37:03,I,03,폐업처리,2008-02-21 00:00:00,,,1996-01-01,,서울특별시 금천구 시흥동 ***-**,2000317010523200070,3170000,,,,03,폐업,,,02-806-5001
,한미종합상사,,,,,2026-05-01 22:37:03,I,03,폐업처리,2008-02-21 00:00:00,,,1996-01-01,,서울특별시 금천구 시흥동 ***-* 시흥유통상가 *****,2000317010523200071,3170000,,,,03,폐업,,,02-846-9505
,에프엠서비스,,,,,2026-05-01 22:37:04,I,03,폐업처리,2008-02-21 00:00:00,,,1996-01-01,,서울특별시 금천구 시흥동 ***-* 시흥유통상가 ****,2001317010523200072,3170000,,,,03,폐업,,,02-3286-0404
,유니버설,,,,,2026-05-01 22:37:04,I,03,폐업처리,2008-02-21 00:00:00,,,1996-01-01,,서울특별시 금천구 독산동 ****-**,2001317010523200074,3170000,,,,03,폐업,,,02-858-4667
,하츠코리아,,,,,2026-05-01 22:37:04,I,03,폐업처리,2008-02-21 00:00:00,,,1996-01-01,,서울특별시 금천구 시흥동 ***-**,2001317010523200076,3170000,,,,03,폐업,,,
,대신전자,,,,,2026-05-01 22:37:05,I,03,폐업처리,2008-02-21 00:00:00,,,1996-01-01,,서울특별시 금천구 독산동 ***-* 서원B/D,2001317010523200078,3170000,,,,03,폐업,,,02-857-5924
,(주)샘스유통,,,,,2026-05-01 22:37:05,I,03,폐업처리,2008-02-21 00:00:00,,,1996-01-01,,서울특별시 금천구 시흥동 ***-**  *****,2001317010523200079,3170000,,,,03,폐업,,,02-807-2941
,라인유통,,,,,2026-05-01 22:37:05,I,03,폐업처리,2008-02-21 00:00:00,,,1996-01-01,,서울특별시 금천구 시흥동 ***-  ***,2001317010523200081,3170000,,,,03,폐업,,,02-809-7915
,두리유통,,,,,2026-05-01 22:37:05,I,03,폐업처리,2008-02-21 00:00:00,,,1996-01-01,,서울특별시 금천구 시흥동 ***- 유통상가*-*** ***,2001317010523200084,3170000,,,,03,폐업,,,02-893-1008
,세왕상사,,,,,2026-05-01 22:37:05,I,03,폐업처리,2008-02-21 00:00:00,,,1996-01-01,,서울특별시 금천구 독산동 ***-* 서원빌딩B**호 ****,2001317010523200085,3170000,,,,03,폐업,,,02-852-9492
,태창,,,,,2026-05-01 22:37:05,I,03,폐업처리,2008-02-21 00:00:00,,,1996-01-01,,서울특별시 금천구 독산동 ***-** ***호,2001317010523200089,3170000,,,,03,폐업,,,02-854-0516
,(주)미디어트랜스,,,,,2026-05-01 22:37:05,I,03,폐업처리,2008-02-21 00:00:00,,,1996-01-01,,서울특별시 금천구 가산동 **-* 코오롱테크노벨리***호 ***,2001317010523200090,3170000,,,,03,폐업,,,02-2109-2800
,다예유통,,,,,2026-05-01 22:37:05,I,03,폐업처리,2008-02-21 00:00:00,,,1996-01-01,,서울특별시 금천구 독산동 ****-**  ******,2001317010523200092,3170000,,,,03,폐업,,,02-808-3124
,(주)미래마트,,,,,2026-05-01 22:37:05,I,03,폐업처리,2008-02-21 00:00:00,,,1996-01-01,,서울특별시 금천구 독산동 ***-* 현대아파트상가*** ****,2001317010523200093,3170000,,,,03,폐업,,,02-807-2591
,MS코리아,,,,,2026-05-01 22:37:05,I,03,폐업처리,2008-02-21 00:00:00,,,1996-01-01,,서울특별시 금천구 독산동 ***-* 서원B/D***호,2001317010523200096,3170000,,,,03,폐업,,,02-862-0744
,인우코리아,,,,,2026-05-01 22:37:05,I,03,폐업처리,2008-02-21 00:00:00,,,1996-01-01,,서울특별시 금천구 독산동 ***-**,2001317010523200126,3170000,,,,03,폐업,,,02-861-3809
,드림코리아,2010-03-29,,192715.937057065,453955.485151262,2026-05-01 22:48:42,I,03,폐업처리,2010-03-30 09:51:13,,,2009-02-04,122-952,서울특별시 은평구 응암*동 ***번지 **호,2009311013123200003,3110000,서울특별시 은평구 응암로**길 ** (응암동),,,03,폐업,,,02-6080-9955
200000000,(주)와이즈망,2009-09-08,200000000,191100.037469089,453842.444261662,2026-05-01 22:48:42,I,03,폐업처리,2009-09-10 09:55:51,0,,2009-02-24,122-872,서울특별시 은평구 수색동 ***번지 *호 대림한숲아파트 ***동 ****호,2009311013123200007,3110000,"서울특별시 은평구 은평터널로 ** (수색동,대림한숲아파트 ***동 ****호)",,,03,폐업,,,02-000-0000
,동양메디칼,2009-08-19,,193047.227779984,456161.99070213,2026-05-01 22:48:42,I,03,폐업처리,2009-08-20 10:49:50,,,2009-03-13,122-841,서울특별시 은평구 대조동 ***번지 **호 *층,2009311013123200008,3110000,"서울특별시 은평구 서오릉로 ** (대조동,*층)",,,03,폐업,,,02-386-2044
,L.S,2009-06-23,,191953.704621303,454926.42592848,2026-05-01 22:48:42,I,03,폐업처리,2009-06-24 13:42:16,,,2009-04-08,122-882,서울특별시 은평구 신사*동 **번지 ***호,2009311013123200010,3110000,서울특별시 은평구 은평로 * (신사동),,,03,폐업,,,02-3151-7344
,동아메디칼,2009-05-01,,193780.021994218,455491.212588847,2026-05-01 22:48:42,I,03,폐업처리,2009-05-04 11:42:29,,,2009-04-14,122-829,서울특별시 은평구 녹번동 **번지 *호 *층,2009311013123200012,3110000,"서울특별시 은평구 은평로 *** (녹번동,*층)",,,03,폐업,,,02-000-0000
,휘나핫 반신욕기,2010-07-21,,192992.342751851,457219.376529624,2026-05-01 22:48:42,I,03,폐업처리,2010-07-22 13:21:45,,,2009-06-08,122-842,서울특별시 은평구 대조동 ***번지 *호 *층,2009311013123200019,3110000,"서울특별시 은평구 연서로**길 ** (대조동,*층)",,,03,폐업,,,02-352-4907
50000000,현대엘리트 응암영어숲지점,2012-06-13,50000000,192872.33224688,453975.035268106,2026-05-01 22:48:42,I,03,폐업처리,2012-06-13 15:53:44,0,,2009-06-25,122-010,서울특별시 은평구 응암동 ***번지 **호 *층,2009311013123200020,3110000,"서울특별시 은평구 가좌로 *** (응암동,*층)",,,03,폐업,,,02-325-3777
,윤선생영어숲 역촌학원,2014-05-30,,192443.909780885,455360.517509699,2026-05-01 22:48:42,I,03,폐업처리,2014-05-30 15:39:35,,,2009-07-17,122-903,서울특별시 은평구 역촌동 **번지 *호 *층,2009311013123200021,3110000,"서울특별시 은평구 은평로*길 **-* (역촌동,*층)",,,03,폐업,,,02-386-0579
,유사나 헬스사이언스,2009-12-28,,192287.373630396,455658.885450013,2026-05-01 22:48:42,I,03,폐업처리,2009-12-29 10:22:58,,,2009-07-30,122-901,서울특별시 은평구 역촌동 **번지 **호 금강블루빌 ***호,2009311013123200022,3110000,"서울특별시 은평구 연서로*나길 **-* (역촌동,금강블루빌 ***호)",,,03,폐업,,,02-382-8860
,고려물산,2010-04-08,,191967.946787509,454919.818828141,2026-05-01 22:48:42,I,03,폐업처리,2010-04-08 15:22:55,,,2009-08-04,122-080,서울특별시 은평구 신사동 **번지 ***호 외*필지 *층,2009311013123200023,3110000,"서울특별시 은평구 은평로 * (신사동,외*필지 *층)",,,03,폐업,,,02-000-0000
300000000,(주)국화옆에서,2011-03-09,300000000,192673.419593367,455268.628921908,2026-05-01 22:48:42,I,03,폐업처리,2011-03-09 14:59:01,0,,2009-08-04,122-010,서울특별시 은평구 응암동 **번지 *호 씨제이드림오피스텔 B동 ***호,2009311013123200024,3110000,"서울특별시 은평구 은평로 ** (응암동,씨제이드림오피스텔 B동 ***호)",,,03,폐업,,,02-351-3682
,메디나레,2010-01-25,,193780.021994218,455491.212588847,2026-05-01 22:48:42,I,03,폐업처리,2010-01-26 15:10:42,,,2009-08-13,122-829,서울특별시 은평구 녹번동 **번지 *호 *층,2009311013123200026,3110000,"서울특별시 은평구 은평로 *** (녹번동,*층)",,,03,폐업,,,02-000-0000
,영어숲윤선생영어교실 수색학원,2012-03-29,,190700.087159743,453523.67763049,2026-05-01 22:48:42,I,03,폐업처리,2012-03-29 15:12:24,,,2009-08-19,122-874,서울특별시 은평구 수색동 ***번지 *호 *층,2009311013123200027,3110000,"서울특별시 은평구 수색로**길 ** (수색동,*층)",,,03,폐업,,,02-309-0594
,운동화,2010-06-01,,191258.190777426,454482.417807734,2026-05-01 22:48:42,I,03,폐업처리,2010-06-03 16:04:30,,,2009-08-26,122-890,서울특별시 은평구 신사동 ***번지 ***호 한신빌라 ***호,2009311013123200028,3110000,"서울특별시 은평구 은평터널로*길 ** (신사동,한신빌라 ***호)",,,03,폐업,,,02-372-5679
,명성물산,2015-06-04,,193004.844563699,455787.256896289,2026-05-01 22:48:42,I,03,폐업처리,2015-06-04 10:56:43,,,2009-09-16,122-070,서울특별시 은평구 역촌동 **번지 **호 *층,2009311013123200029,3110000,"서울특별시 은평구 진흥로 ** (역촌동,*층)",,,03,폐업,,,02-385-0390
,마임불광동부,2012-11-19,,193818.672759638,456556.770342591,2026-05-01 22:48:42,I,03,폐업처리,2012-12-11 15:12:42,,,2009-09-24,122-040,서울특별시 은평구 불광동 ***번지 **호 *층,2009311013123200030,3110000,"서울특별시 은평구 불광로 ** (불광동,*층)",,,03,폐업,,,02-353-1071
,아르떼르 은평,2012-06-13,,192928.721649446,455589.095863294,2026-05-01 22:48:42,I,03,폐업처리,2012-06-13 11:43:54,,,2009-10-05,122-899,서울특별시 은평구 역촌동 **번지 **호 *층,2009311013123200031,3110000,"서울특별시 은평구 진흥로 ** (역촌동,*층)",,,03,폐업,,,02-356-0082
50000000,(주)열린영어지점 영어숲녹번학원,2010-03-29,50000000,193961.451342397,455450.299977569,2026-05-01 22:48:42,I,03,폐업처리,2010-03-30 09:53:13,0,,2009-10-06,122-836,서울특별시 은평구 녹번동 ***번지 *층,2009311013123200032,3110000,"서울특별시 은평구 은평로 ***-* (녹번동,*층)",,,03,폐업,,,02-354-0502
,거승,2012-06-28,,192032.323419818,457331.173979287,2026-05-01 22:48:42,I,03,폐업처리,2012-06-28 14:09:35,,,2009-10-09,122-050,서울특별시 은평구 갈현동 ***번지 *호 그랜스빌  ***호,2009311013123200033,3110000,"서울특별시 은평구 갈현로**길 **-* (갈현동,그랜스빌  ***호)",,,03,폐업,,,02-000-0000
,윤선생영어숲 구산보습학원,2015-03-11,,192101.325337722,456790.054371569,2026-05-01 22:48:42,I,03,폐업처리,2015-03-11 09:39:09,,,2009-10-12,122-823,서울특별시 은평구 구산동 ***번지 **호 *층,2009311013123200034,3110000,"서울특별시 은평구 갈현로 *** (구산동,*층)",,,03,폐업,,,02-354-0604
,윤선생영어숲은명학원,2011-05-11,,192939.235904408,455248.326067579,2026-05-01 22:48:42,I,03,폐업처리,2012-05-21 09:58:50,,,2009-10-15,122-010,서울특별시 은평구 응암동 ***번지 **호 *층,2009311013123200035,3110000,"서울특별시 은평구 은평로*길 * (응암동,*층)",,,03,폐업,,,02-354-7783
,운동화,2010-05-17,,191652.928422778,454709.597258971,2026-05-01 22:48:42,I,03,폐업처리,2010-05-18 11:17:51,,,2009-11-23,122-080,서울특별시 은평구 신사동 ***번지 ***호 *층,2009311013123200039,3110000,"서울특별시 은평구 은평터널로*가길 * (신사동,*층)",,,03,폐업,,,02-000-0000
,현대엘리트 증산영어숲 학원,2012-06-13,,191732.239157417,453571.716354403,2026-05-01 22:48:42,I,03,폐업처리,2012-06-13 15:52:14,,,2009-12-15,122-938,서울특별시 은평구 증산동 ***번지 **호 *층,2009311013123200041,3110000,"서울특별시 은평구 증산서길 ** (증산동,*층)",,,03,폐업,,,02-325-3777
,지성텔레콤,2011-02-16,,,,2026-05-01 22:48:42,I,03,폐업처리,2011-02-16 09:53:55,,,2010-01-04,122-010,서울특별시 은평구 응암동 ***번지 형미그린@***동 ***호,2010311013123200001,3110000,"서울특별시 은평구 은평로**가길 **-* (응암동,형미그린@***동 ***호)",,,03,폐업,,,02-353-4153
,경옥고,2010-01-22,,192419.122802218,457459.041964095,2026-05-01 22:48:42,I,03,폐업처리,2012-06-27 16:39:36,,,2010-01-22,122-050,서울특별시 은평구 갈현동 ***번지 **호 ***호,2010311013123200004,3110000,"서울특별시 은평구 갈현로**길 * (갈현동,***호)",,2010-01-22,03,폐업,,,02-353-2931
,오휘 불광지사,2013-05-31,,193165.007044095,457222.551313422,2026-05-01 22:48:42,I,03,폐업처리,2013-05-31 15:28:36,,,2010-01-28,122-040,서울특별시 은평구 불광동 ***번지 **호 *층,2010311013123200005,3110000,"서울특별시 은평구 통일로**길 *, *층 (불광동)",,,03,폐업,,,02-568-5425
,윤선생영어숲녹번학원,2015-04-02,,193961.451342397,455450.299977569,2026-05-01 22:48:42,I,03,폐업처리,2015-04-02 10:58:00,,,2010-04-14,122-020,서울특별시 은평구 녹번동 ***번지 *층,2010311013123200012,3110000,"서울특별시 은평구 은평로 ***-* (녹번동,*층)",,,03,폐업,,,02-354-0502
,희망스토리,2012-06-29,,192078.037564757,456536.957083811,2026-05-01 22:48:42,I,03,폐업처리,2012-06-29 13:08:48,,,2010-04-29,122-060,서울특별시 은평구 구산동 **번지 **호 *층,2010311013123200013,3110000,"서울특별시 은평구 갈현로 *** (구산동,*층)",,,03,폐업,,,
,영어숲윤선생은평진관학원,2017-10-24,,192878.564895831,458840.730376417,2026-05-01 22:48:42,I,03,폐업처리,2017-10-24 16:44:14,,,2010-05-06,122-200,서울특별시 은평구 진관동 ***번지 은평뉴타운박석고개 상가 가동 *층 ***호,2010311013123200014,3110000,"서울특별시 은평구 진관*로 **-*, *층 ***호 (진관동, 박석고개상가)",,,03,폐업,,,02-383-0594
,미르커머스,2010-12-15,,193594.424351521,455521.397189509,2026-05-01 22:48:42,I,03,폐업처리,2010-12-15 15:50:26,,,2010-07-14,122-020,서울특별시 은평구 녹번동 ***번지 평암빌딩 B동 *층,2010311013123200020,3110000,"서울특별시 은평구 은평로 *** (녹번동,평암빌딩 B동 *층)",,,03,폐업,,,02-000-0000
50000000,(주)현대엘리트 신사영어숲 지점,2012-06-13,50000000,192304.39866862,454452.43375158,2026-05-01 22:48:43,I,03,폐업처리,2012-06-13 15:51:01,0,,2010-08-19,122-891,서울특별시 은평구 신사*동 ***번지 *호 *층,2010311013123200025,3110000,"서울특별시 은평구 증산로 ***-* (신사동,*층)",,,03,폐업,,,02-325-3777
,산돌,2014-12-30,,,,2026-05-01 22:48:43,I,03,폐업처리,2014-12-30 14:05:37,,,2010-05-07,122-200,서울특별시 은평구 진관동 **번지 제각말 ***동 ***호,2010311013123200028,3110000,"서울특별시 은평구 연서로 ***, ***동 ***호 (진관동,제각말)",,,03,폐업,,,
100000000,제이엔제이,2017-03-15,150000000,192916.607495432,457197.733969884,2026-05-01 22:48:43,I,03,폐업처리,2017-03-15 16:27:50,20000000,,2010-09-15,122-030,서울특별시 은평구 대조동 ***번지 **호,2010311013123200029,3110000,서울특별시 은평구 연서로**길 * (대조동),,,03,폐업,,,
,지오만선,2010-12-31,,193219.840404858,459010.335932209,2026-05-01 22:48:43,I,03,폐업처리,2010-12-31 13:39:08,,,2010-10-27,122-733,서울특별시 은평구 진관동 ***번지 은평뉴타운마고정 ***동 ***호,2010311013123200030,3110000,"서울특별시 은평구 진관*로 **, ***동 ***호 (진관동,은평뉴타운마고정)",,,03,폐업,,,
,경호상사,2012-07-18,,193036.534730196,456754.138813706,2026-05-01 22:48:43,I,03,폐업처리,2012-07-20 11:16:39,,,2010-11-01,122-843,서울특별시 은평구 대조동 ***번지 **호 ***호,2010311013123200031,3110000,"서울특별시 은평구 역말로*길 **, ***호 (대조동)",,,03,폐업,,,
,윤선생영어숲은평연신학원,2015-07-01,,193621.087468975,458153.299571798,2026-05-01 22:48:43,I,03,폐업처리,2015-07-01 13:50:47,,,2010-11-09,122-851,서울특별시 은평구 불광동 **번지 *호,2010311013123200032,3110000,서울특별시 은평구 연서로**길 * (불광동),,,03,폐업,,,
,다영상사,2012-07-03,,192617.460677463,455250.913815075,2026-05-01 22:48:43,I,03,폐업처리,2012-07-03 10:52:09,,,2010-11-18,122-010,서울특별시 은평구 응암동 **번지 *호 씨제이드림시티 A동 ***호,2010311013123200033,3110000,"서울특별시 은평구 은평로 **, A동 ***호 (응암동,씨제이드림시티)",,,03,폐업,,,
200000000,(주)헤모토피아,2011-08-08,200000000,193079.384846112,455774.77300707,2026-05-01 22:48:43,I,03,폐업처리,2011-08-10 10:20:12,0,,2008-11-28,122-834,서울특별시 은평구 녹번동 ***번지 *호 경도빌딩 *층,2010311013123200034,3110000,"서울특별시 은평구 응암로 ***-* (녹번동,경도빌딩 *층)",,,03,폐업,,,1588-3318
,메디컬진,2012-07-02,,194152.62309059,455682.161354414,2026-05-01 22:48:43,I,03,폐업처리,2012-07-02 10:21:57,,,2010-12-08,122-020,서울특별시 은평구 녹번동 **번지 **호,2010311013123200035,3110000,서울특별시 은평구 통일로 *** (녹번동),,,03,폐업,,,
,마임불광중부지사,2013-09-05,,193603.710354755,458038.513683374,2026-05-01 22:48:43,I,03,폐업처리,2013-09-05 14:03:13,,,2010-12-15,122-040,서울특별시 은평구 불광동 **번지 **호,2010311013123200036,3110000,서울특별시 은평구 연서로 *** (불광동),,,03,폐업,,,02-359-2938
,한국야쿠르트 응암점,2013-08-28,,192746.955327741,454020.020684353,2026-05-01 22:48:43,I,03,폐업처리,2013-08-28 16:08:03,,,2010-12-23,122-010,서울특별시 은평구 응암동 ***번지 *호 *층,2010311013123200037,3110000,,,,03,폐업,,,02-373-0398
,한국야쿠르트 신도점,2015-09-01,,193510.440840466,458030.973586446,2026-05-01 22:48:43,I,03,폐업처리,2015-09-01 17:29:01,,,2010-12-29,122-041,서울특별시 은평구 불광동 ***번지 **호,2010311013123200040,3110000,서울특별시 은평구 연서로**길 **-* (불광동),,,03,폐업,,,02-354-3121
,칼리빈,2013-05-31,,193782.222776146,460763.547867283,2026-05-01 22:48:43,I,03,폐업처리,2013-05-31 15:30:28,,,2011-01-13,122-200,서울특별시 은평구 진관동 *번지 은평뉴타운 상림마을 ***동 ***호,2011311013123200001,3110000,"서울특별시 은평구 진관*로 ***, ***동 ***호 (진관동,은평뉴타운 상림마을)",,,03,폐업,,,
,스마트라이더,2011-10-19,,192562.410637132,455646.465329585,2026-05-01 22:48:43,I,03,폐업처리,2011-10-19 15:00:55,,,2011-04-05,122-898,서울특별시 은평구 역촌동 **번지 **호,2011311013123200005,3110000,서울특별시 은평구 연서로*길 *-** (역촌동),,,03,폐업,,,
,리치코리아,2011-07-01,,193053.432186913,456056.058391271,2026-05-01 22:48:43,I,03,폐업처리,2011-07-12 11:04:18,,,2011-04-13,122-896,서울특별시 은평구 역촌동 **번지 *호 *층,2011311013123200006,3110000,"서울특별시 은평구 서오릉로 ** (역촌동,*층)",,,03,폐업,,,02-355-5248
,(주)한국야쿠르트 역촌점,2012-07-04,,192362.138185593,455994.469386174,2026-05-01 22:48:43,I,03,폐업처리,2012-07-04 13:36:24,,,2011-05-06,122-900,서울특별시 은평구 역촌동 **번지 **호 *층,2011311013123200008,3110000,"서울특별시 은평구 역말로 **-* (역촌동,*층)",,,03,폐업,,,02-387-1100
,윤선생영어숲 은명학원,2015-01-28,,192939.235904408,455248.326067579,2026-05-01 22:48:43,I,03,폐업처리,2015-01-28 17:51:56,,,2011-05-18,122-907,서울특별시 은평구 응암*동 ***번지 **호 *층,2011311013123200009,3110000,"서울특별시 은평구 은평로*길 * (응암동,*층)",,,03,폐업,,,02-382-1934
,창빛건강생활,2011-09-26,,191223.226624594,453806.289758423,2026-05-01 22:48:43,I,03,폐업처리,2011-09-26 12:34:25,,,2011-06-23,122-872,서울특별시 은평구 수색동 ***번지 *호  대림한숲타운아파트  ***동 ***호,2011311013123200013,3110000,"서울특별시 은평구 은평터널로 **, ***동 ***호 (수색동,대림한숲타운아파트)",,,03,폐업,,,
,후쿠,2011-12-30,,193877.63262932,455859.284315095,2026-05-01 22:48:43,I,03,폐업처리,2011-12-30 17:20:58,,,2011-06-28,122-829,서울특별시 은평구 녹번동 **번지 **호 ***호,2011311013123200014,3110000,"서울특별시 은평구 녹번로*가길 *-*, ***호 (녹번동)",,,03,폐업,,,02-354-0273
,준텔레콤,2012-06-29,,192654.167300609,457455.656745945,2026-05-01 22:48:43,I,03,폐업처리,2012-06-29 13:14:19,,,2011-06-29,122-959,서울특별시 은평구 갈현*동 ***번지 *호 *층,2011311013123200015,3110000,"서울특별시 은평구 연서로**길 ** (갈현동,*층)",,,03,폐업,,,
,에스쇼데이,2011-11-22,,192875.200530534,456240.411867385,2026-05-01 22:48:43,I,03,폐업처리,2011-11-24 08:06:06,,,2011-07-04,122-895,서울특별시 은평구 역촌동 *번지 **호,2011311013123200016,3110000,서울특별시 은평구 역말로 *** (역촌동),,,03,폐업,,,
,비엠씨,2012-04-26,,192706.786400295,457119.340811761,2026-05-01 22:48:43,I,03,폐업처리,2012-04-26 11:00:40,,,2011-07-26,122-813,서울특별시 은평구 갈현*동 ***번지 **호 미성하이빌 ***호,2011311013123200017,3110000,"서울특별시 은평구 연서로**길 *-*, ***호 (갈현동,미성하이빌)",,,03,폐업,,,
,성호,2012-07-02,,192896.102968808,456737.752516305,2026-05-01 22:48:43,I,03,폐업처리,2012-07-02 10:25:03,,,2011-08-17,122-030,서울특별시 은평구 대조동 ***번지 *호 자층   가호,2011311013123200019,3110000,"서울특별시 은평구 연서로**가길 **, 가호 (대조동,자층)",,,03,폐업,,,
,스마트,2012-11-16,,193478.037474451,457612.04183433,2026-05-01 22:48:43,I,03,폐업처리,2012-11-19 18:18:21,,,2011-08-23,122-040,서울특별시 은평구 불광동 ***번지 **호 *층,2011311013123200020,3110000,"서울특별시 은평구 연서로**길 *-** (불광동,*층)",,,03,폐업,,,02-384-7479
,고와라핑크,2015-07-29,,192541.710111232,457657.12318067,2026-05-01 22:48:43,I,03,폐업처리,2015-07-29 10:46:59,,,2011-09-26,122-051,서울특별시 은평구 갈현*동 ***번지 **호 *층,2011311013123200021,3110000,"서울특별시 은평구 갈현로**길 *-* (갈현동,*층)",,,03,폐업,,,
,HG통신,2012-06-18,,193114.331245124,456171.463311803,2026-05-01 22:48:43,I,03,폐업처리,2012-06-18 13:55:10,,,2011-09-26,122-030,서울특별시 은평구 대조동 **번지 **호 아이안아파트 ***호,2011311013123200022,3110000,"서울특별시 은평구 진흥로**길 *-*, ***호 (대조동,아이안아파트)",,,03,폐업,,,
,MK네트워크,2013-02-26,,191305.548067061,453041.98829029,2026-05-01 22:48:43,I,03,폐업처리,2013-02-26 16:43:39,,,2011-09-30,122-941,서울특별시 은평구 증산동 ***번지 **호 *층,2011311013123200023,3110000,"서울특별시 은평구 증산서길 ** (증산동,*층)",,,03,폐업,,,02-307-8877
0,홈마트,2011-12-26,0,192879.28604388,457277.268887329,2026-05-01 22:48:43,I,03,폐업처리,2012-01-27 15:35:46,0,,2011-04-06,122-030,"서울특별시 은평구 대조동 ***번지 **호 아트캐슬상가B동 ***,***",2011311013123200024,3110000,"서울특별시 은평구 연서로 *** (대조동,아트캐슬상가B동 ***,***)",,,03,폐업,,,
,아리아국제결혼,2022-08-30,,192125.444904603,453998.985171304,2026-05-01 22:48:43,I,03,폐업처리,2022-08-31 11:05:39,,,2011-10-12,122-935,서울특별시 은평구 증산동 ***번지 **호 ***호,2011311013123200027,3110000,"서울특별시 은평구 증산로**길 **, ***호 (증산동)",,,03,폐업,,,02-1599-2171
,한불화장품응암지사,2012-10-19,,192706.54960279,454575.732145488,2026-05-01 22:48:43,I,03,폐업처리,2012-10-19 17:09:34,,,2011-10-21,122-011,서울특별시 은평구 응암*동 ***번지 *호 *층,2011311013123200029,3110000,"서울특별시 은평구 응암로 ***-* (응암동,*층)",,,03,폐업,,,02-309-5975
,에스랜드,2013-01-24,,193198.057696914,460290.216473109,2026-05-01 22:48:43,I,03,폐업처리,2013-01-24 15:21:15,,,2011-10-25,122-739,서울특별시 은평구 진관동 은평뉴타운구파발아파트 ****동 ***호,2011311013123200030,3110000,"서울특별시 은평구 진관*로 **-**, ****동 ***호 (진관동)",,,03,폐업,,,070-8912-3314
,브이아이피텔레콤,2015-04-15,,193884.826418788,459328.813094403,2026-05-01 22:48:43,I,03,폐업처리,2015-04-15 16:42:35,,,2011-11-17,122-200,서울특별시 은평구 진관동 **번지 은평뉴타운우물골 ***동 ***호,2011311013123200035,3110000,"서울특별시 은평구 진관*로 ***-*, ***동 ***호 (진관동,은평뉴타운우물골)",,,03,폐업,,,
,리더스정보통신,2015-04-15,,193884.826418788,459328.813094403,2026-05-01 22:48:43,I,03,폐업처리,2015-04-15 16:45:41,,,2011-11-17,122-200,서울특별시 은평구 진관동 **번지 은평뉴타운우물골 ***동 ***호,2011311013123200036,3110000,"서울특별시 은평구 진관*로 ***-*, ***동 ***호 (진관동,은평뉴타운우물골)",,,03,폐업,,,
,한미,2011-12-02,,193780.021994218,455491.212588847,2026-05-01 22:48:43,I,03,폐업처리,2011-12-02 15:37:21,,,2011-11-30,,,2011311013123200037,3110000,"서울특별시 은평구 은평로 ***, *층 (녹번동)",,,03,폐업,,,
,인포링크,2013-12-24,,192998.202204135,457479.99522553,2026-05-01 22:48:43,I,03,폐업처리,2014-08-29 13:35:49,,,2011-12-14,,,2011311013123200039,3110000,"서울특별시 은평구 통일로 ***, *****호 (불광동)",,,03,폐업,,,
,미미코스메틱,2012-05-22,,193402.328263849,457717.346300998,2026-05-01 22:48:43,I,03,폐업처리,2012-05-22 11:16:10,,,2011-12-15,,,2011311013123200040,3110000,"서울특별시 은평구 연서로**길 *, *층 (불광동)",,,03,폐업,,,02-385-0903
,지은통신,2012-06-28,,192213.619365205,455692.138600269,2026-05-01 22:48:43,I,03,폐업처리,2012-06-28 14:11:04,,,2011-12-14,122-901,서울특별시 은평구 역촌동 **번지 **호 청운명가 ***호,2011311013123200041,3110000,"서울특별시 은평구 연서로*나길 **-*, ***호 (역촌동,청운명가)",,,03,폐업,,,
,홈마트,2012-05-04,,192879.28604388,457277.268887329,2026-05-01 22:48:43,I,03,폐업처리,2012-05-04 14:04:30,,,2012-01-05,,,2012311013123200001,3110000,"서울특별시 은평구 연서로 *** (대조동, 아트캐슬상가 B***,B***호)",,,03,폐업,,,02-730-9474
,애니럭 (Anyluck),2012-08-28,,,,2026-05-01 22:48:43,I,03,폐업처리,2012-08-29 10:19:52,,,2012-02-08,122-020,서울특별시 은평구 녹번동 **번지 **호   ***호,2012311013123200003,3110000,"서울특별시 은평구 통일로**길 *, ***호 (녹번동)",,,03,폐업,,,02-359-8749
180000000,인텔레콤(주),2015-02-16,180000000,192892.164389983,457668.723155071,2026-05-01 22:48:43,I,03,폐업처리,2015-02-16 09:36:42,0,,2012-02-21,122-847,서울특별시 은평구 불광*동 ***번지 ***호 넥서스타워 지하*층,2012311013123200005,3110000,서울특별시 은평구 통일로**길 ** (불광동),,,03,폐업,,,02-6214-4501
,베스트샵오케이(OK),2012-11-28,,192600.451566859,455197.91922534,2026-05-01 22:48:43,I,03,폐업처리,2012-11-28 10:24:34,,,2012-03-27,122-933,서울특별시 은평구 응암*동 ***번지 해태드림타운상가*층 ***호,2012311013123200011,3110000,"서울특별시 은평구 은평로 **, *층 ***호 (응암동, 해태드림타운상가)",,,03,폐업,,,02-356-4117
100000000,주식회사 가족이야기,2012-07-30,100000000,192208.482202606,453961.593639404,2026-05-01 22:48:44,I,03,폐업처리,2012-07-30 14:24:23,0,,2010-05-18,122-935,서울특별시 은평구 증산동 ***번지 *호 ***호,2012311013123200015,3110000,"서울특별시 은평구 증산로 ***, ***호 (증산동)",,,03,폐업,,,1588-2521
,아모레퍼시픽응암특약점,2013-09-24,,192399.961384042,454944.089206384,2026-05-01 22:48:44,I,03,폐업처리,2013-09-24 09:14:49,,,2012-06-04,,,2012311013123200016,3110000,"서울특별시 은평구 증산로 ***, *층 (신사동)",,,03,폐업,,,
,타임교육,2013-01-31,,194321.122613003,455313.191532904,2026-05-01 22:48:44,I,03,폐업처리,2013-02-26 16:41:58,,,2012-06-12,,,2012311013123200017,3110000,서울특별시 은평구 통일로 *** (녹번동),,,03,폐업,,,
,신화정보통신,2013-05-10,,193014.393118885,456002.887630704,2026-05-01 22:48:44,I,03,폐업처리,2013-05-10 13:52:25,,,2011-08-19,122-070,서울특별시 은평구 역촌동 **번지 ***호 *층,2012311013123200018,3110000,"서울특별시 은평구 진흥로*길 *-** (역촌동,*층)",,,03,폐업,,,02-388-0122
,현 네트웍스,2012-09-28,,,,2026-05-01 22:48:44,I,03,폐업처리,2012-09-28 11:21:21,,,2012-07-17,122-739,서울특별시 은평구 진관동 **번지 은평뉴타운구파발아파트,2012311013123200021,3110000,"서울특별시 은평구 진관*로 **, ***동 ***호 (진관동, 은평뉴타운구파발아파트)",,,03,폐업,,,
,창출산업,2013-07-26,,192960.086142782,454548.650164141,2026-05-01 22:48:44,I,03,폐업처리,2013-07-26 15:32:37,,,2012-07-20,122-010,서울특별시 은평구 응암동 ***번지 **호 지층,2012311013123200022,3110000,서울특별시 은평구 응암로**길 **-* (응암동),,,03,폐업,,,
200000000,주식회사 다인커머스,2020-12-16,50000000,193225.079769393,455428.788972487,2026-05-01 22:48:44,I,03,폐업처리,2020-12-16 09:49:04,0,,2008-07-02,,서울특별시 은평구 응암동 **번지 **호 미주빌딩,2012311013123200025,3110000,"서울특별시 은평구 은평로 ***, 미주빌딩 ***호 (응암동)",03460,,03,폐업,,,
,에바다,2014-08-29,,192770.726504288,456690.089933785,2026-05-01 22:48:44,I,03,폐업처리,2014-08-29 14:07:58,,,2012-08-21,122-838,서울특별시 은평구 대조동 ***번지 **호 ***호,2012311013123200026,3110000,"서울특별시 은평구 연서로**길 *-*, ***호 (대조동)",,,03,폐업,,,
,오토스,2020-11-30,,193627.371369455,456751.402326662,2026-05-01 22:48:44,I,03,폐업처리,2020-11-30 14:42:11,,,2012-09-04,122-857,서울특별시 은평구 불광*동 ***번지 *호 은하연립 ***호,2012311013123200028,3110000,"서울특별시 은평구 통일로**가길 *-**, ***호 (불광동, 은하연립)",,,03,폐업,,,02-6389-1402
,睦旦,2020-12-03,,192726.031249871,457840.980997865,2026-05-01 22:48:44,I,03,폐업처리,2020-12-03 10:09:46,,,2012-09-12,,,2012311013123200029,3110000,서울특별시 은평구 통일로**길 **-** (갈현동),,,03,폐업,,,02-389-3384
,은평중앙건강생활,2013-08-30,,191575.009024752,453148.328882493,2026-05-01 22:48:44,I,03,폐업처리,2013-08-30 14:44:38,,,2012-11-02,122-937,서울특별시 은평구 증산동 ***번지 **호,2012311013123200030,3110000,서울특별시 은평구 증산로*길 * (증산동),,,03,폐업,,,31411277
0,모아모아㈜,2012-11-02,0,190803.834713024,453295.272029369,2026-05-01 22:48:44,I,03,폐업처리,2012-11-02 15:36:20,0,,2006-02-03,122-873,서울특별시 은평구 수색동 ***번지 *호,2012311013123200031,3110000,서울특별시 은평구 수색로**길 *-* (수색동),,,03,폐업,,,
,마임불광동부,2013-08-30,,193818.672759638,456556.770342591,2026-05-01 22:48:44,I,03,폐업처리,2013-08-30 09:51:09,,,2012-11-23,122-040,서울특별시 은평구 불광동 ***번지 **호 *층,2012311013123200033,3110000,"서울특별시 은평구 불광로 ** (불광동,*층)",,,03,폐업,,,02-353-1071
,서현웰빙,2013-04-08,,192726.781605077,454036.905330394,2026-05-01 22:48:44,I,03,폐업처리,2013-04-08 14:17:37,,,2012-12-06,122-932,서울특별시 은평구 응암*동 ***번지 *호,2012311013123200034,3110000,서울특별시 은평구 가좌로 ***-* (응암동),,,03,폐업,,,070-8816-8344
,케이크매쓰,2014-03-04,,193753.37044915,460496.428060069,2026-05-01 22:48:44,I,03,폐업처리,2014-03-04 15:08:30,,,2012-07-17,122-200,서울특별시 은평구 진관동 *번지,2013311013123200001,3110000,"서울특별시 은평구 진관*로 **-*, ***동 *호 (진관동, 은평뉴타운상림마을)",,,03,폐업,,,070-4105-8216
,튼튼영어,2020-08-26,,192250.302320472,454392.548403241,2026-05-01 22:48:44,I,03,폐업처리,2020-08-26 15:21:26,,,2013-02-06,,,2013311013123200004,3110000,"서울특별시 은평구 증산로 ***-**, *층 (신사동)",,,03,폐업,,,02-6409-5438
,아모스 은평지점,2020-07-09,,193235.852754503,455503.469351918,2026-05-01 22:48:44,I,03,폐업처리,2020-07-09 17:48:37,,,2013-03-26,122-907,서울특별시 은평구 응암*동 **번지 **호 *층,2013311013123200006,3110000,"서울특별시 은평로**길 **-**, *층",,,03,폐업,,,
,지니,2014-08-21,,192768.932887006,456751.183986262,2026-05-01 22:48:44,I,03,폐업처리,2014-08-21 13:58:36,,,2013-03-29,122-838,서울특별시 은평구 대조동 ***번지 **호 지층 ***호,2013311013123200007,3110000,서울특별시 은평구 연서로**길 *-** (대조동),,,03,폐업,,,
,오휘 연신내지사,2015-06-09,,193165.007044095,457222.551313422,2026-05-01 22:48:44,I,03,폐업처리,2015-06-09 11:23:20,,,2013-06-12,122-859,서울특별시 은평구 불광*동 ***번지 **호,2013311013123200013,3110000,서울특별시 은평구 통일로**길 * (불광동),,,03,폐업,,,02-383-5222
50000000,(주)라이트그린,2020-07-20,50000000,193609.56053573,457668.353998871,2026-05-01 22:48:44,I,03,폐업처리,2020-07-20 13:42:19,0,,2013-06-12,122-852,서울특별시 은평구 불광*동 ***번지 *호,2013311013123200015,3110000,서울특별시 은평구 연서로**길 ** (불광동),,,03,폐업,,,02-387-8573
,왁싱짱,2020-03-04,,193942.395306283,456527.912326994,2026-05-01 22:48:44,I,03,폐업처리,2020-03-04 17:27:38,,,2013-08-12,122-041,서울특별시 은평구 불광*동 ***번지 *호 지층,2013311013123200018,3110000,"서울특별시 은평구 진흥로**길 **-*, 지층 (불광동)",,,03,폐업,,,
20000000,정수원 주식회사,2015-07-29,10000000,191963.816071647,453604.244589995,2026-05-01 22:48:44,I,03,폐업처리,2015-07-29 14:51:17,16166425,,2013-08-21,,,2013311013123200022,3110000,"서울특별시 은평구 증산로*길 *, *층 ***호 (증산동)",,,03,폐업,,,1588-4987
,리틀리더교육,2021-01-20,,192031.773072424,454218.190430148,2026-05-01 22:48:44,I,03,폐업처리,2021-01-20 13:50:10,,,2013-08-27,122-891,서울특별시 은평구 신사*동 ***번지 **호,2013311013123200023,3110000,서울특별시 은평구 증산로**길 **-* (신사동),,,03,폐업,,,
,웰후드,2014-11-26,,193520.909477666,456595.572714336,2026-05-01 22:48:44,I,03,폐업처리,2014-11-26 15:16:31,,,2013-09-16,,,2013311013123200025,3110000,"서울특별시 통일로**길 **, ***호",,,03,폐업,,,
,홈마트,2014-03-10,,192949.412707574,455199.638586358,2026-05-01 22:48:44,I,03,폐업처리,2014-03-10 15:51:31,,,2013-10-25,122-907,"서울특별시 은평구 응암*동 ***번지 **호 *,*층",2013311013123200026,3110000,"서울특별시 은평구 응암로 ***-*, *,*층 (응암동)",,,03,폐업,,,
,한국야쿠르트 역촌점,2016-12-31,,,,2026-05-01 22:48:44,I,03,폐업처리,2016-12-29 15:54:19,,,2014-01-03,,,2014311013123200001,3110000,"서울특별시 은평구 역말로 **-*, *층 (역촌동)",,,03,폐업,,,02-387-1100
,한국야쿠르트 응암점,2014-09-17,,192746.955327741,454020.020684353,2026-05-01 22:48:44,I,03,폐업처리,2014-09-17 14:29:42,,,2014-01-12,,,2014311013123200004,3110000,"서울특별시 은평구 가좌로 ***-**, *층 (응암동)",,,03,폐업,,,
,아울렛매장,2014-02-26,,193495.087270285,456352.147453321,2026-05-01 22:48:44,I,03,폐업처리,2014-02-26 16:42:07,,,2013-12-19,,,2014311013123200006,3110000,"서울특별시 은평구 불광로 *, *층 (대조동)",,,03,폐업,,,031-858-8535
15000000,주식회사 레드문인터내셔날,2018-12-14,10000000,192842.320922122,454987.102336438,2026-05-01 22:48:44,I,03,폐업처리,2018-12-14 15:12:21,0,,2014-03-14,122-910,서울특별시 은평구 응암동 ***번지 **호,2014311013123200009,3110000,"서울특별시 은평구 응암로 ***, *층 (응암동)",,,03,폐업,,,1800-5854
,마이스킨,2014-09-17,,192283.582126745,455883.463644989,2026-05-01 22:48:44,I,03,폐업처리,2014-09-17 10:06:13,,,2014-04-10,122-900,서울특별시 은평구 역촌동 **번지 **호,2014311013123200010,3110000,"서울특별시 은평구 역말로*길 *-**, ***호 (역촌동)",,,03,폐업,,,
,웰빙플러스,2014-12-24,,192919.205945137,455200.15452554,2026-05-01 22:48:44,I,03,폐업처리,2014-12-24 11:24:40,,,2014-06-19,122-907,서울특별시 은평구 응암동 ***번지 **호,2014311013123200014,3110000,"서울특별시 은평구 은평로*길 **, *층 (응암동)",,,03,폐업,,,
,JY네트웍스,2015-09-03,,191923.674255764,455313.683712566,2026-05-01 22:48:44,I,03,폐업처리,2015-09-03 13:31:48,,,2014-10-15,122-880,서울특별시 은평구 신사동 **번지 *호,2014311013123200020,3110000,"서울특별시 은평구 갈현로*길 **-**, ***호 (신사동, 벽산홈타운)",,,03,폐업,,,
,다제스팜,2014-10-23,,192325.216731057,454568.564408663,2026-05-01 22:48:44,I,03,폐업처리,2014-10-23 10:12:37,,,2010-12-13,122-882,서울특별시 은평구 신사동 **번지 **호,2014311013123200021,3110000,"서울특별시 은평구 증산로 ***, *층 (신사동, 남양빌딩)",,,03,폐업,,,36622727
,유로앤키친아트,2015-02-25,,192943.050027913,455186.087084302,2026-05-01 22:48:44,I,03,폐업처리,2015-02-25 13:14:44,,,2014-12-16,122-011,"서울특별시 은평구 응암동 ***번지 **호 *,*층",2014311013123200025,3110000,"서울특별시 은평구 응암로 ***-*, *,*층 (응암동)",,,03,폐업,,,
,성일인포텍,2020-12-14,,191960.979669631,456265.327823224,2026-05-01 22:48:44,I,03,폐업처리,2020-12-14 11:06:39,,,2015-02-10,122-822,서울특별시 은평구 구산동 ***번지 **호,2015311013123200004,3110000,서울특별시 은평구 갈현로**나길 **-* (구산동),,,03,폐업,,,02-704-3030
,해피은평총판,2015-10-01,,191534.886782721,453171.413906762,2026-05-01 22:48:44,I,03,폐업처리,2015-10-01 12:58:17,,,2015-04-15,122-937,서울특별시 은평구 증산동 ***번지 **호,2015311013123200009,3110000,"서울특별시 은평구 증산로*길 *, *층 (증산동)",,,03,폐업,,,070-4105-6015
,대박나라,2015-07-31,,193916.374425777,457404.315073397,2026-05-01 22:48:44,I,03,폐업처리,2015-07-31 10:51:12,,,2015-04-20,122-855,서울특별시 은평구 불광동 ***번지 *호,2015311013123200010,3110000,"서울특별시 은평구 불광로**가길 **, ***호 (불광동, 예은빌라)",,,03,폐업,,,
,알뜰가계,2015-07-30,,194507.485754764,456581.094966209,2026-05-01 22:48:44,I,03,폐업처리,2015-07-30 10:35:36,,,2015-04-30,122-746,서울특별시 은평구 불광동 ***번지,2015311013123200011,3110000,"서울특별시 은평구 진흥로 ***, ***동 ****호 (불광동, 북한산래미안아파트)",,,03,폐업,,,070-8246-7557
,에스티(ST)핀테크글로벌구산대리점,2015-05-28,,192315.120085999,456597.67060757,2026-05-01 22:48:44,I,03,폐업처리,2015-05-28 14:26:43,,,2015-05-07,122-957,서울특별시 은평구 구산동 ***번지 *호,2015311013123200012,3110000,"서울특별시 은평구 서오릉로**길 *-*, *층 (구산동)",,,03,폐업,,,
,핀테크네트웍,2015-06-16,,192315.120085999,456597.67060757,2026-05-01 22:48:44,I,03,폐업처리,2015-06-16 09:46:21,,,2015-05-29,122-957,서울특별시 은평구 구산동 ***번지 *호,2015311013123200016,3110000,서울특별시 은평구 서오릉로**길 *-* (구산동),,,03,폐업,,,
,오휘 연신내점,2018-05-23,,192982.08828436,457508.698713283,2026-05-01 22:48:44,I,03,폐업처리,2018-05-23 20:28:41,,,2015-06-09,122-860,서울특별시 은평구 불광동 ***번지 *호,2015311013123200018,3110000,"서울특별시 은평구 통일로**길 *, *층 (불광동)",,,03,폐업,,,02-383-5222
,서현 아젤리아,2015-11-18,,192610.318731196,454357.384904802,2026-05-01 22:48:44,I,03,폐업처리,2015-11-18 15:24:02,,,2015-10-15,,서울특별시 은평구 응암동 ***번지 *호,2015311013123200023,3110000,"서울특별시 은평구 응암로 ***, *층 (응암동, 하나은행)",03457,,03,폐업,,,02-303-2920
,베트남신부 공개구혼,2016-12-21,,192786.090302617,456089.956662343,2026-05-01 22:48:44,I,03,폐업처리,2016-12-22 16:09:07,,,2016-02-12,,서울특별시 은평구 역촌동 **번지 **호 *층,2016311013123200002,3110000,"서울특별시 은평구 역말로 **, *층 (역촌동)",03400,,03,폐업,,,070-4671-9439
,베스트 샴,2016-08-25,,192610.318731196,454357.384904802,2026-05-01 22:48:44,I,03,폐업처리,2016-08-26 16:33:17,,,2016-04-25,,서울특별시 은평구 응암동 ***번지 *호 *층,2016311013123200005,3110000,"서울특별시 은평구 응암로 ***, *층 (응암동)",03457,,03,폐업,,,02-375-2858
,미르네트워크,2017-12-29,,192933.678483167,454403.85349875,2026-05-01 22:48:44,I,03,폐업처리,2017-12-29 16:34:00,,,2016-04-28,,서울특별시 은평구 응암동 ***번지 **호 B**호,2016311013123200006,3110000,"서울특별시 은평구 응암로**길 **-**, B**호 (응암동)",03468,,03,폐업,,,02-354-3000
,로하스원,2016-05-12,,194002.701726955,456937.542510222,2026-05-01 22:48:44,I,03,폐업처리,2016-05-13 15:20:33,,,2016-05-09,,서울특별시 은평구 불광동 ***번지 *호 대호프라자아파트 제상가동 제*층 제***호,2016311013123200007,3110000,"서울특별시 은평구 불광로 **, 제상가동 제*층 제***호 (불광동, 대호프라자아파트)",03364,,03,폐업,,,
,로하스원,2016-06-10,,192919.205945137,455200.15452554,2026-05-01 22:48:44,I,03,폐업처리,2016-06-10 15:32:34,,,2016-05-09,,서울특별시 은평구 응암동 ***번지 **호 *층,2016311013123200008,3110000,"서울특별시 은평구 은평로*길 **, *층 (응암동)",03454,,03,폐업,,,
,하이원JS,2016-11-02,,193072.910824396,457466.340399522,2026-05-01 22:48:44,I,03,폐업처리,2016-11-09 14:48:13,,,2015-08-20,,서울특별시 은평구 불광동 ***번지 ***호,2016311013123200009,3110000,서울특별시 은평구 연서로 *** (불광동),03345,,03,폐업,,,02-478-7172
1674216102,새로나텔레콤 (주),2020-07-03,1014155751,192296.464640648,454486.127077869,2026-05-01 22:48:44,I,03,폐업처리,2020-07-03 08:16:45,660060351,,2016-07-14,,서울특별시 은평구 신사동 ***번지 *호 다보빌딩 *층,2016311013123200010,3110000,"서울특별시 은평구 가좌로 ***, *층 (신사동, 다보빌딩)",03442,,03,폐업,,,02-376-2010
412481136,주식회사 명전,2017-11-15,146182623,192963.278707466,457362.284809028,2026-05-01 22:48:44,I,03,폐업처리,2017-11-16 16:39:45,266298513,,2016-07-20,,서울특별시 은평구 대조동 ***번지 *호,2016311013123200011,3110000,서울특별시 은평구 통일로 *** (대조동),03385,,03,폐업,,,
,마임 홍제지사,2020-09-02,,192491.321689009,454300.411398011,2026-05-01 22:48:45,I,03,폐업처리,2020-09-02 18:26:00,,,2020-02-17,,서울특별시 은평구 응암동 ***번지 **호 이서주택,2020311021723200008,3110000,"서울특별시 은평구 가좌로 ***-*, 이서주택 *층 (응암동)",03484,,03,폐업,,,
,인셀덤 은평대리점,2025-01-17,,191798.513653389,457300.787296263,2026-05-01 22:48:45,I,03,폐업처리,2025-01-17 15:00:41,,,2020-02-28,,서울특별시 은평구 갈현동 ***-**,2020311021723200010,3110000,"서울특별시 은평구 서오릉로**길 **, *층 (갈현동)",03327,,03,폐업,,,
,미소로 에스테틱,2024-02-08,,192426.598634672,455654.051674353,2026-05-01 22:48:45,I,03,폐업처리,2024-02-08 19:11:02,,,2020-06-09,,서울특별시 은평구 역촌동 **번지 **호 뉴캐슬아파트,2020311021723200014,3110000,"서울특별시 은평구 연서로*가길 *, ***호 (역촌동, 뉴캐슬아파트)",03418,,03,폐업,,,
100000000,(주)뉴코비클린,2021-02-03,100000000,193716.04797767,456657.728243565,2026-05-01 22:48:45,I,03,폐업처리,2021-02-03 18:03:34,100000000,,2020-09-01,,서울특별시 은평구 불광동 ***-**,2020311021723200015,3110000,"서울특별시 은평구 통일로**길 *, *층 (불광동)",03358,,03,폐업,,,
1467655432,주식회사 로샤 언더웨어,2022-09-05,358217743,192504.959950677,455837.055147923,2026-05-01 22:48:45,I,03,폐업처리,2022-09-05 16:30:42,1109437689,,2021-03-08,,서울특별시 은평구 역촌동 **-** 요셉빌딩,2021311021723200004,3110000,"서울특별시 은평구 연서로 **, 요셉빌딩 *-*호 (역촌동)",03402,,03,폐업,,,02-383-3896
864728710585,에스케이쉴더스(주) 서부지점,2023-08-24,415930949927,191157.444317911,452924.117735363,2026-05-01 22:48:45,I,03,폐업처리,2023-08-24 10:04:05,448797760662,,2021-03-26,,서울특별시 은평구 증산동 ***-**,2021311021723200005,3110000,"서울특별시 은평구 수색로 ***, *층 (증산동)",03504,,03,폐업,,,02-332-8244
,라이프케어,2024-03-21,,192334.607184004,456703.952228839,2026-05-01 22:48:45,I,03,폐업처리,2024-03-21 20:38:49,,,2022-03-22,,서울특별시 은평구 구산동 ***-* 엘타워,2022311021723200002,3110000,"서울특별시 은평구 서오릉로 ***, 엘타워 지*층 (구산동)",03411,,03,폐업,,,02-356-6078
2801355154,르노코리아 은평대리점,2025-07-31,50000000,193586.001962811,456753.004050367,2026-05-01 22:48:45,I,03,폐업처리,2025-07-31 13:36:27,2724375463,,2022-04-13,,서울특별시 은평구 불광동 ***-* 삼성전자디지털센터,2022311021723200004,3110000,"서울특별시 은평구 통일로 ***, 삼성전자디지털센터 *층 (불광동)",03355,,03,폐업,,,02-351-3330
,라이프케어,2025-03-18,,193061.855077428,457473.646821213,2026-05-01 22:48:45,I,03,폐업처리,2025-03-18 10:40:29,,,2023-03-02,,서울특별시 은평구 불광동 ***-*,2023311021723200003,3110000,"서울특별시 은평구 연서로 ***, *층 (불광동)",03345,,03,폐업,,,
,동그라미국제결혼정보,2025-03-18,,192971.391876187,455232.802308033,2026-05-01 22:48:45,I,03,폐업처리,2025-03-18 15:49:04,,,2023-08-07,,서울특별시 은평구 응암동 ***-** 래디앙,2023311021723200008,3110000,"서울특별시 은평구 은평로*길 *-*, 래디앙 ***호 (응암동)",03454,,03,폐업,,,02-389-9879
,(주)더모아홈파티스,2006-04-27,,,,2026-05-01 22:48:31,I,03,폐업처리,2008-02-21 00:00:00,,,1996-09-04,,서울특별시 은평구 응암동  *-*,1996311011123200001,3110000,,,,03,폐업,,,02-354-3100
,에스엘상사,2002-08-08,,,,2026-05-01 22:48:31,I,03,폐업처리,2008-02-21 00:00:00,,,1996-09-04,,서울특별시 은평구 응암동  ***-*,1996311011123200002,3110000,,,,03,폐업,,,02-388-3232
,서북상사,1997-10-24,,,,2026-05-01 22:48:31,I,03,폐업처리,2008-02-21 00:00:00,,,1996-09-04,,서울특별시 은평구 증산동  ***-**,1996311011123200003,3110000,,,,03,폐업,,,02-303-6777
,서통,1996-12-20,,,,2026-05-01 22:48:31,I,03,폐업처리,2008-02-21 00:00:00,,,1996-09-05,,서울특별시 은평구 갈현동  ***-*,1996311011123200004,3110000,,,,03,폐업,,,02-386-8666
,풀무원,1997-10-22,,,,2026-05-01 22:48:31,I,03,폐업처리,2008-02-21 00:00:00,,,1996-04-05,,서울특별시 은평구 불광동  ***-***,1996311011123200005,3110000,,,,03,폐업,,,
,남양알로에,2002-10-25,,,,2026-05-01 22:48:31,I,03,폐업처리,2008-02-21 00:00:00,,,1996-09-18,,서울특별시 은평구 응암동  ***-**,1996311011123200006,3110000,,,,03,폐업,,,02-305-4112
,(주)생그린은평대리점,1999-11-23,,,,2026-05-01 22:48:31,I,03,폐업처리,2008-02-21 00:00:00,,,1996-10-30,,서울특별시 은평구 응암동  ***-*,1996311011123200007,3110000,,,,03,폐업,,,02-733-1551
,한샘화장품서부,1997-07-18,,,,2026-05-01 22:48:31,I,03,폐업처리,2008-02-21 00:00:00,,,1996-11-08,,서울특별시 은평구 녹번동  ***-,1996311011123200008,3110000,,,,03,폐업,,,02-254-2190
,역촌대우자동차판매,2002-09-02,,,,2026-05-01 22:48:31,I,03,폐업처리,2008-02-21 00:00:00,,,1996-11-15,,서울특별시 은평구 대조동  ***-**,1996311011123200011,3110000,,,,03,폐업,,,02-383-3181
,문화미디콤,2008-01-31,,,,2026-05-01 22:48:31,I,03,폐업처리,2008-02-04 10:49:00,,,1996-11-15,,서울특별시 은평구 역촌동  **-*,1996311011123200012,3110000,,,,03,폐업,,,02-304-3625
,우리자동차판매(주),2000-09-28,,,,2026-05-01 22:48:31,I,03,폐업처리,2008-02-21 00:00:00,,,1996-11-21,,서울특별시 은평구 응암동  ***-**,1996311011123200014,3110000,,,,03,폐업,,,
,백운상사,1999-01-25,,,,2026-05-01 22:48:31,I,03,폐업처리,2008-02-21 00:00:00,,,1996-11-21,,서울특별시 은평구 응암동  ***-**,1996311011123200016,3110000,,,,03,폐업,,,02-375-1691
,유진양행,2000-03-03,,,,2026-05-01 22:48:31,I,03,폐업처리,2008-02-21 00:00:00,,,1996-11-21,,서울특별시 은평구 신사동  *-***,1996311011123200017,3110000,,,,03,폐업,,,
,녹십초알로에은평지사,2007-12-28,,,,2026-05-01 22:48:31,I,03,폐업처리,2007-12-28 15:21:16,,,1996-12-05,,서울특별시 은평구 녹번동  ***-**,1996311011123200018,3110000,,,,03,폐업,,,02-351-4697
,기아자동차수색판매점,1999-05-11,,,,2026-05-01 22:48:31,I,03,폐업처리,2008-02-21 00:00:00,,,1996-12-12,,서울특별시 은평구 수색동  ***-**,1996311011123200022,3110000,,,,03,폐업,,,
,튼튼교육,2005-07-26,,,,2026-05-01 22:48:31,I,03,폐업처리,2008-02-21 00:00:00,,,1996-12-12,,서울특별시 은평구 신사동  **-**,1996311011123200023,3110000,,,,03,폐업,,,02-376-2111
,기아자동차신사영업소,1999-02-10,,,,2026-05-01 22:48:31,I,03,폐업처리,2008-02-21 00:00:00,,,1996-12-12,,서울특별시 은평구 신사동  **-**,1996311011123200024,3110000,,,,03,폐업,,,02-308-7171
,이엠엘리트,2010-08-13,,,,2026-05-01 22:48:31,I,03,폐업처리,2010-08-16 15:35:34,,,1996-12-13,,서울특별시 은평구 신사동  ***-*,1996311011123200026,3110000,,,,03,폐업,,,02-309-2486
,더클상사,2000-11-29,,,,2026-05-01 22:48:31,I,03,폐업처리,2008-02-21 00:00:00,,,1996-12-26,,서울특별시 은평구 녹번동  ***-**,1996311011123200027,3110000,,,,03,폐업,,,
,아시아자동차홍은영업,2002-07-30,,,,2026-05-01 22:48:31,I,03,폐업처리,2008-02-21 00:00:00,,,1996-12-26,,서울특별시 은평구 응암동  ***-*,1996311011123200028,3110000,,,,03,폐업,,,02-374-8100
,(주)두인어드벤스,1999-01-30,,,,2026-05-01 22:48:31,I,03,폐업처리,2008-02-21 00:00:00,,,1996-12-26,,서울특별시 은평구 대조동  ***-**,1996311011123200029,3110000,,,,03,폐업,,,02-358-0058
,경인미디어,2001-05-10,,,,2026-05-01 22:48:31,I,03,폐업처리,2008-02-21 00:00:00,,,1996-12-27,,서울특별시 은평구 불광동  ***-* 경일빌딩 ***호,1996311011123200030,3110000,,,,03,폐업,,,
,유니북스,1999-05-03,,,,2026-05-01 22:48:31,I,03,폐업처리,2008-02-21 00:00:00,,,1996-12-27,,서울특별시 은평구 녹번동  **-**,1996311011123200031,3110000,,,,03,폐업,,,
,삼성출판사서부특약점,1998-02-28,,,,2026-05-01 22:48:31,I,03,폐업처리,2008-02-21 00:00:00,,,1996-12-27,,서울특별시 은평구 갈현동  ***-*,1996311011123200032,3110000,,,,03,폐업,,,
,극동문화사,1999-03-05,,,,2026-05-01 22:48:31,I,03,폐업처리,2008-02-21 00:00:00,,,1997-04-15,,서울특별시 은평구 녹번동  ***-**,1997311011123200033,3110000,,,,03,폐업,,,
,논리수학,2000-01-28,,,,2026-05-01 22:48:31,I,03,폐업처리,2008-02-21 00:00:00,,,1997-05-28,,서울특별시 은평구 대조동  ***-**,1997311011123200035,3110000,,,,03,폐업,,,
,풀무원불광영엽소,1999-12-10,,,,2026-05-01 22:48:31,I,03,폐업처리,2008-02-21 00:00:00,,,1997-11-04,,서울특별시 은평구 불광동  ***-***,1997311011123200036,3110000,,,,03,폐업,,,
,삼성출판사,1998-12-11,,,,2026-05-01 22:48:31,I,03,폐업처리,2008-02-21 00:00:00,,,1997-11-11,,서울특별시 은평구 녹번동  **-*,1997311011123200037,3110000,,,,03,폐업,,,
,현대수학교실,2000-05-23,,,,2026-05-01 22:48:31,I,03,폐업처리,2008-02-21 00:00:00,,,1998-04-10,,서울특별시 은평구 역촌동  **-**,1998311011123200040,3110000,,,,03,폐업,,,
,창의메디칼,1998-08-24,,,,2026-05-01 22:48:31,I,03,폐업처리,2008-02-21 00:00:00,,,1998-05-06,,서울특별시 은평구 신사동  ***-*,1998311011123200041,3110000,,,,03,폐업,,,
,알로에마임은평지사,2010-12-22,,192676.901652356,456749.609466843,2026-05-01 22:48:31,I,03,폐업처리,2010-12-22 14:43:29,,,1998-07-09,122-845,서울특별시 은평구 대조동 ***번지 **호 *층,1998311011123200043,3110000,"서울특별시 은평구 연서로 *** (대조동,*층)",,,03,폐업,,,02-356-8076
,건강가족동호회,2000-05-16,,,,2026-05-01 22:48:31,I,03,폐업처리,2008-02-21 00:00:00,,,1999-01-11,,서울특별시 은평구 응암동  **-**,1999311011123200046,3110000,,,,03,폐업,,,
,대한유통,2000-04-04,,,,2026-05-01 22:48:31,I,03,폐업처리,2008-02-21 00:00:00,,,1999-05-12,,서울특별시 은평구 응암동  ***-**,1999311011123200050,3110000,,,,03,폐업,,,
,다솜유통,2000-07-06,,,,2026-05-01 22:48:31,I,03,폐업처리,2008-02-21 00:00:00,,,1999-08-27,,서울특별시 은평구 대조동  ***-**  *층,1999311011123200054,3110000,,,,03,폐업,,,
,대진산업,2002-04-01,,,,2026-05-01 22:48:31,I,03,폐업처리,2008-02-21 00:00:00,,,1999-09-01,,서울특별시 은평구 녹번동  ***-**,1999311011123200055,3110000,,,,03,폐업,,,
0,아모레대조특약점,2013-09-24,0,193619.000180033,456564.782115509,2026-05-01 22:48:31,I,03,폐업처리,2013-09-24 16:32:14,0,,1999-10-05,,서울특별시 은평구 대조동 *번지 *호,1999311011123200056,3110000,서울특별시 은평구 통일로 *** (대조동),,,03,폐업,,,02-933-6438
,백옥생한방화장품,2004-08-24,,,,2026-05-01 22:48:31,I,03,폐업처리,2008-02-21 00:00:00,,,1999-11-03,,서울특별시 은평구 대조동  ***-*,1999311011123200057,3110000,,,,03,폐업,,,02-359-0081
,신영,2000-11-28,,,,2026-05-01 22:48:31,I,03,폐업처리,2008-02-21 00:00:00,,,1999-12-23,,서울특별시 은평구 수색동  ***-*,1999311011123200058,3110000,,,,03,폐업,,,
87849112,(주) 열린영어,2018-02-23,50000000,193600.888431741,456957.233580498,2026-05-01 22:48:31,I,03,폐업처리,2018-02-23 17:24:45,34953902,,2000-08-22,,서울특별시 은평구 불광동 ***번지 미성상가 상가동 *층 *-*호,2000311011123200019,3110000,"서울특별시 은평구 통일로 ***, 상가동 *층 *-*호 (불광동, 미성상가)",03356,,03,폐업,,,02-389-3323
,하나실업,2000-07-24,,,,2026-05-01 22:48:31,I,03,폐업처리,2008-02-21 00:00:00,,,2000-02-18,,서울특별시 은평구 갈현동  ***-*,2000311011123200060,3110000,,,,03,폐업,,,
,KBS영어교실은평1대리점,2002-01-02,,,,2026-05-01 22:48:31,I,03,폐업처리,2008-02-21 00:00:00,,,2000-03-21,,서울특별시 은평구 구산동  ***-** *층 *****,2000311011123200062,3110000,,,,03,폐업,,,02-389-7400
,성지코리아,2000-06-26,,,,2026-05-01 22:48:31,I,03,폐업처리,2008-02-21 00:00:00,,,2000-05-02,,서울특별시 은평구 응암동  **-***,2000311011123200064,3110000,,,,03,폐업,,,
0,(주)마임응암지사,2013-08-27,0,192491.321689009,454300.411398011,2026-05-01 22:48:31,I,03,폐업처리,2013-08-27 16:51:40,0,,2000-05-09,122-010,서울특별시 은평구 응암동 ***번지 **호 *층,2000311011123200065,3110000,"서울특별시 은평구 가좌로 ***-* (응암동,*층)",,,03,폐업,,,02-308-3434
,현대연신내역판매대리점,2025-09-11,,193147.639432277,457137.15515349,2026-05-01 22:48:31,I,03,폐업처리,2025-09-11 16:55:53,,,2000-05-17,122-842,서울특별시 은평구 대조동 ***번지 **호,2000311011123200066,3110000,서울특별시 은평구 통일로 *** (대조동),,,03,폐업,,,02-357-3399
,신사지사 알로에마임,2002-07-03,,,,2026-05-01 22:48:31,I,03,폐업처리,2008-02-21 00:00:00,,,2000-06-21,,서울특별시 은평구 신사동  ***-**,2000311011123200069,3110000,,,,03,폐업,,,02-308-0446
,상우유통,2000-10-06,,,,2026-05-01 22:48:31,I,03,폐업처리,2008-02-21 00:00:00,,,2000-07-27,,서울특별시 은평구 갈현동  ***-* 지하*층,2000311011123200071,3110000,,,,03,폐업,,,
,성지코리아,2001-03-27,,,,2026-05-01 22:48:31,I,03,폐업처리,2008-02-21 00:00:00,,,2000-08-05,,서울특별시 은평구 불광동  ***-** 지하*층,2000311011123200072,3110000,,,,03,폐업,,,
,국제아스트라,2001-08-20,,,,2026-05-01 22:48:31,I,03,폐업처리,2008-02-21 00:00:00,,,2000-08-16,,서울특별시 은평구 증산동  ***-**,2000311011123200073,3110000,,,,03,폐업,,,02-344-9716
,상록수유통,2000-12-20,,,,2026-05-01 22:48:31,I,03,폐업처리,2008-02-21 00:00:00,,,2000-08-30,,서울특별시 은평구 응암동  **-***,2000311011123200074,3110000,,,,03,폐업,,,
,성지코리아,2001-01-30,,,,2026-05-01 22:48:31,I,03,폐업처리,2008-02-21 00:00:00,,,2000-10-04,,서울특별시 은평구 신사동  *-**,2000311011123200077,3110000,,,,03,폐업,,,02-984-7663
,중앙컴퓨터,2002-01-29,,,,2026-05-01 22:48:31,I,03,폐업처리,2008-02-21 00:00:00,,,2000-10-26,,서울특별시 은평구 갈현동  ***-*,2000311011123200078,3110000,,,,03,폐업,,,
,그린그린,2001-03-27,,,,2026-05-01 22:48:31,I,03,폐업처리,2008-02-21 00:00:00,,,2000-11-09,,서울특별시 은평구 갈현동  ***-** *층,2000311011123200081,3110000,,,,03,폐업,,,02-358-2513
,대한잠업개발공사,2001-02-06,,,,2026-05-01 22:48:31,I,03,폐업처리,2008-02-21 00:00:00,,,2000-11-22,,서울특별시 은평구 응암동  ***-**,2000311011123200083,3110000,,,,03,폐업,,,02-386-3937
,국제아스트라,2001-01-27,,,,2026-05-01 22:48:32,I,03,폐업처리,2008-02-21 00:00:00,,,2000-11-22,,서울특별시 은평구 녹번동  ***-**,2000311011123200084,3110000,,,,03,폐업,,,
,하츠코리아,2001-04-17,,,,2026-05-01 22:48:32,I,03,폐업처리,2008-02-21 00:00:00,,,2001-01-30,,서울특별시 은평구 신사동  *-**,2001311011123200085,3110000,,,,03,폐업,,,02-978-4778
,대웅바이오텍(주),2001-06-09,,,,2026-05-01 22:48:32,I,03,폐업처리,2008-02-21 00:00:00,,,2001-03-20,,서울특별시 은평구 대조동  **-*,2001311011123200086,3110000,,,,03,폐업,,,
,B.L.K,2003-01-29,,,,2026-05-01 22:48:32,I,03,폐업처리,2008-02-21 00:00:00,,,2001-04-19,,서울특별시 은평구 대조동  ***-* 학송빌딩***호,2001311011123200087,3110000,,,,03,폐업,,,02-0383-2431
,(주)푸른숲,2001-12-13,,,,2026-05-01 22:48:32,I,03,폐업처리,2008-02-21 00:00:00,,,2001-06-01,,서울특별시 은평구 불광동  ***-**,2001311011123200088,3110000,,,,03,폐업,,,02-355-2634
,백옥생 서서울지사,2002-11-05,,,,2026-05-01 22:48:32,I,03,폐업처리,2008-02-21 00:00:00,,,2001-08-20,,서울특별시 은평구 갈현동  ***-* *층,2001311011123200096,3110000,,,,03,폐업,,,02-354-7890
,생그린 연신내지사,2012-07-04,,,,2026-05-01 22:48:32,I,03,폐업처리,2012-07-04 13:39:13,,,2001-08-23,,서울특별시 은평구 불광동  ***- 현대맨션 ***,2001311011123200097,3110000,,,,03,폐업,,,02-384-5712
,생그린화장품서부지사,2003-11-25,,,,2026-05-01 22:48:32,I,03,폐업처리,2008-02-21 00:00:00,,,2001-09-13,,서울특별시 은평구 대조동  **-**,2001311011123200099,3110000,,,,03,폐업,,,02-389-7327
,광장포수마을점,2017-12-29,,193475.567133743,455434.54525995,2026-05-01 22:48:44,I,03,폐업처리,2017-12-29 16:36:07,,,2016-07-25,,서울특별시 은평구 응암동 **번지 *호 상현빌딩 *층 ***호,2016311013123200012,3110000,"서울특별시 은평구 은평로 ***, *층 ***호 (응암동, 상현빌딩)",03462,,03,폐업,,,02-352-2999
,굿타임,2017-03-27,,192610.318731196,454357.384904802,2026-05-01 22:48:44,I,03,폐업처리,2017-03-27 17:22:35,,,2016-08-29,,서울특별시 은평구 응암동 ***번지 *호,2016311013123200013,3110000,서울특별시 은평구 응암로 *** (응암동),03457,,03,폐업,,,
,빛과돌 힐링의료기,2020-10-16,,192598.009582498,453870.140222215,2026-05-01 22:48:44,I,03,폐업처리,2020-10-20 11:24:48,,,2015-05-22,,서울특별시 은평구 응암동 ***번지 **호 지층,2016311013123200014,3110000,"서울특별시 은평구 응암로*길 **-*, 지층 (응암동)",03478,,03,폐업,,,02-993-7579
,이음데이트,2020-06-10,,,,2026-05-01 22:48:44,I,03,폐업처리,2020-06-10 18:11:19,,,2016-09-13,,서울특별시 은평구 진관동 ***번지 *호 은평헤스티아*차 *층 ***호,2016311013123200015,3110000,"서울특별시 은평구 통일로 ****, *층 ***호 (진관동, 은평헤스티아*차)",03311,,03,폐업,,,02-356-5871
,에스맨 고양지역본부점,2017-06-20,,194183.438617956,457350.932047179,2026-05-01 22:48:44,I,03,폐업처리,2017-06-21 16:20:14,,,2016-09-29,,서울특별시 은평구 불광동 ***번지 북한산힐스테이트*차아파트 ****동 ****호,2016311013123200017,3110000,"서울특별시 은평구 불광로 ***-**, ****동 ****호 (불광동, 북한산힐스테이트*차아파트)",03362,,03,폐업,,,
301286090,(주)유턴플러스,2019-02-01,50000000,192126.824426702,457090.499233357,2026-05-01 22:48:44,I,03,폐업처리,2019-02-01 11:15:31,310493409,,2016-10-05,,서울특별시 은평구 갈현동 ***번지 **호 지하층 *호,2016311013123200018,3110000,"서울특별시 은평구 갈현로**길 **, 지하층 *호 (갈현동)",03325,,03,폐업,,,02-757-8810
124234401,주식회사 다함네트웍스,2018-01-16,10000000,191907.236528959,454923.259232653,2026-05-01 22:48:44,I,03,폐업처리,2018-01-17 15:25:18,172562507,,2016-10-06,,서울특별시 은평구 신사동 **번지 ***호 *층,2016311013123200019,3110000,"서울특별시 은평구 은평로 *, *층 (신사동)",03437,,03,폐업,,,02-359-3010
,하이원 에스지(SG),2017-09-14,,193072.910824396,457466.340399522,2026-05-01 22:48:44,I,03,폐업처리,2017-09-14 19:35:24,,,2016-11-07,,서울특별시 은평구 불광동 ***번지 ***호 *층,2016311013123200020,3110000,"서울특별시 은평구 연서로 ***, *층 (불광동)",03345,,03,폐업,,,02-478-7172
,메디세라 의료기,2017-07-03,,193303.878331158,456390.139087549,2026-05-01 22:48:44,I,03,폐업처리,2017-07-03 17:29:29,,,2015-04-27,,서울특별시 은평구 대조동 **번지 *호 지하*층,2016311013123200021,3110000,"서울특별시 은평구 진흥로**길 **, 지하*층 (대조동)",03391,,03,폐업,,,02-352-3005
,114안내서비스,2017-12-01,,192728.085842162,457118.575913036,2026-05-01 22:48:44,I,03,폐업처리,2017-12-04 11:40:35,,,2016-11-21,,서울특별시 은평구 갈현동 ***번지 *호 영보빌딩 ***호,2016311013123200022,3110000,"서울특별시 은평구 연서로 ***, ***호 (갈현동, 영보빌딩)",03333,,03,폐업,,,02-517-0114
,썬바이오(응암지점),2019-01-21,,192575.559419202,454061.84835389,2026-05-01 22:48:44,I,03,폐업처리,2019-01-21 11:05:49,,,2016-12-07,,서울특별시 은평구 응암동 ***번지 **호 *층 외 *필지,2016311013123200026,3110000,"서울특별시 은평구 응암로 ***, *층 (응암동, 외 *필지)",03485,,03,폐업,,,
429748511,주식회사 몸숨맘,2017-05-26,50000000,191988.537777913,455274.828517514,2026-05-01 22:48:44,I,03,폐업처리,2017-05-29 20:52:31,315816215,,2010-03-11,,서울특별시 은평구 신사동 **번지 **호 *층,2016311013123200027,3110000,"서울특별시 은평구 갈현로 **, *층 (신사동)",03436,,03,폐업,,,02-563-5588
,제이엠컨택,2018-05-11,,193326.661927575,454458.493979132,2026-05-01 22:48:44,I,03,폐업처리,2018-05-11 17:56:45,,,2014-04-13,,서울특별시 은평구 응암동 ***번지 백련산힐스테이트*차 ***동 ***호,2017311013123200005,3110000,"서울특별시 은평구 백련산로*길 **, ***동 ***호 (응암동, 백련산힐스테이트*차)",03476,,03,폐업,,,
,글렝키스쿨,2022-12-23,,193234.481194813,455686.737348004,2026-05-01 22:48:44,I,03,폐업처리,2022-12-23 15:36:25,,,2014-08-05,,서울특별시 은평구 녹번동 ***번지 *호 대흥아트빌 *층 ***호,2017311013123200008,3110000,"서울특별시 은평구 은평로**길 **, *층 ***호 (녹번동, 대흥아트빌)",03459,,03,폐업,,,02-6032-0591
,서대문 은평 유기농 대리점,2020-07-27,,191832.439282691,453728.48740368,2026-05-01 22:48:44,I,03,폐업처리,2020-07-27 18:00:38,,,2017-07-04,,서울특별시 은평구 증산동 ***번지 **호 *층,2017311013123200014,3110000,"서울특별시 은평구 증산로*길 **, *층 (증산동)",03498,,03,폐업,,,02-6085-3233
3457767322,주식회사 엔케이에스지엠,2018-12-27,800000000,193388.761149198,455457.777913914,2026-05-01 22:48:44,I,03,폐업처리,2018-12-27 15:18:10,2086734286,,2017-07-19,,서울특별시 은평구 응암동 **번지 **호 태양빌딩 *층,2017311013123200018,3110000,"서울특별시 은평구 은평로 ***, *층 (응암동, 태양빌딩)",03460,,03,폐업,,,02-1600-1570
1574079242,(주)제이투유지콤,2020-07-03,600000000,193466.528231765,455353.035630165,2026-05-01 22:48:44,I,03,폐업처리,2020-07-03 19:34:07,1226960951,,2017-08-07,,서울특별시 은평구 응암동 **번지 *호 ***호,2017311013123200019,3110000,"서울특별시 은평구 백련산로 ***, ***호 (응암동)",03462,,03,폐업,,,
,더블데코,2019-12-05,,191912.977589577,456165.882250215,2026-05-01 22:48:44,I,03,폐업처리,2019-12-05 15:37:21,,,2016-11-23,,서울특별시 은평구 구산동 ***번지 **호 ***호,2017311013123200020,3110000,"서울특별시 은평구 갈현로**길 **, ***호 (구산동)",03429,,03,폐업,,,
,행복이머무는곳,2018-07-25,,193061.855077428,457473.646821213,2026-05-01 22:48:44,I,03,폐업처리,2018-07-25 17:49:21,,,2017-10-19,,서울특별시 은평구 불광동 ***번지 *호 *층,2017311013123200023,3110000,"서울특별시 은평구 연서로 ***, *층 (불광동)",03345,,03,폐업,,,02-357-8992
1535979241671,서서울농업협동조합,2020-09-07,34732754575,192728.544700118,454579.048056895,2026-05-01 22:48:45,I,03,폐업처리,2020-09-07 15:07:25,1452220106803,,2017-11-23,,서울특별시 은평구 응암동 ***번지 **호,2017311013123200026,3110000,서울특별시 은평구 응암로**길 *-* (응암동),03467,,03,폐업,,,02-302-4321
,Neo-Teck (네오텍),2018-12-26,,191763.046724712,455557.033515369,2026-05-01 22:48:45,I,03,폐업처리,2018-12-26 17:15:52,,,2014-10-15,,서울특별시 은평구 역촌동 ***번지 **호 ***호,2018311013123200003,3110000,"서울특별시 은평구 갈현로*가길 **, ***호 (역촌동)",03432,,03,폐업,,,02-913-5779
,은평음료,2024-02-29,,193160.309626328,456997.890249629,2026-05-01 22:48:45,I,03,폐업처리,2024-03-05 10:28:28,,,2018-04-30,,서울특별시 은평구 대조동 ***번지 *호 *층,2018311013123200006,3110000,"서울특별시 은평구 통일로**길 **, *층 (대조동)",03390,,03,폐업,,,02-383-0388
,영림,2018-05-30,,193644.299798816,456161.977715151,2026-05-01 22:48:45,I,03,폐업처리,2018-05-30 15:32:14,,,2018-05-03,,서울특별시 은평구 녹번동 ***번지 *호 *층,2018311013123200007,3110000,"서울특별시 은평구 진흥로**가길 **, *층 (녹번동)",03377,,03,폐업,,,02-385-1239
,홍익,2002-07-22,,,,2026-05-01 22:48:32,I,03,폐업처리,2008-02-21 00:00:00,,,2001-09-20,,서울특별시 은평구 대조동  **-*,2001311011123200100,3110000,,,,03,폐업,,,02639484
,남양알로에 연신내대리점,2006-04-11,,,,2026-05-01 22:48:32,I,03,폐업처리,2008-02-21 00:00:00,,,2001-09-20,,서울특별시 은평구 갈현동  ***-* *층,2001311011123200101,3110000,,,,03,폐업,,,02793906
,성지산업,2002-02-22,,,,2026-05-01 22:48:32,I,03,폐업처리,2008-02-21 00:00:00,,,2001-10-26,,서울특별시 은평구 응암동  ***-,2001311011123200103,3110000,,,,03,폐업,,,
,홍원겅강5000년,2002-06-26,,,,2026-05-01 22:48:32,I,03,폐업처리,2008-02-21 00:00:00,,,2001-11-02,,서울특별시 은평구 신사동  ***-* 청원주택 A***,2001311011123200104,3110000,,,,03,폐업,,,02070005
,자연과 사람들,2002-03-08,,,,2026-05-01 22:48:32,I,03,폐업처리,2008-02-21 00:00:00,,,2001-11-13,,서울특별시 은평구 갈현동  ***-*  *층,2001311011123200105,3110000,,,,03,폐업,,,
,(주)푸른숲,2002-07-26,,,,2026-05-01 22:48:32,I,03,폐업처리,2008-02-21 00:00:00,,,2001-12-13,,서울특별시 은평구 불광동  ***-**  *****,2001311011123200107,3110000,,,,03,폐업,,,02-930-9935
,한국양잠,2002-05-17,,,,2026-05-01 22:48:32,I,03,폐업처리,2008-02-21 00:00:00,,,2001-12-21,,서울특별시 은평구 불광동  ***-* 지층,2001311011123200109,3110000,,,,03,폐업,,,
,INS 정보시스템,2002-04-22,,,,2026-05-01 22:48:32,I,03,폐업처리,2008-02-21 00:00:00,,,2001-12-31,,서울특별시 은평구 녹번동  **-**  *층***,2001311011123200110,3110000,,,,03,폐업,,,
,한일트윈스,2002-04-08,,,,2026-05-01 22:48:32,I,03,폐업처리,2008-02-21 00:00:00,,,2002-01-08,,"서울특별시 은평구 신사동  *-** 동방빌딩 지층,*층",2002311011123200111,3110000,,,,03,폐업,,,
,거산인더스트리,2006-10-02,,,,2026-05-01 22:48:32,I,03,폐업처리,2008-02-21 00:00:00,,,2002-01-14,,서울특별시 은평구 수색동  ***-*,2002311011123200113,3110000,,,,03,폐업,,,02-952-8670
,사랑의 건강마을대리점,2010-03-16,,,,2026-05-01 22:48:33,I,03,폐업처리,2010-03-17 09:47:50,,,2002-01-24,,서울특별시 은평구 응암동  **-*  *층,2002311011123200114,3110000,,,,03,폐업,,,02-353-2727
,한솔유통,2012-06-15,,,,2026-05-01 22:48:33,I,03,폐업처리,2012-06-15 14:50:10,,,2002-02-22,,서울특별시 은평구 불광동  ***-*,2002311011123200115,3110000,,,,03,폐업,,,02-383-9894
,국제아스트라,2002-06-19,,,,2026-05-01 22:48:33,I,03,폐업처리,2008-02-21 00:00:00,,,2002-02-22,,서울특별시 은평구 대조동  ***-** 서정빌딩*층,2002311011123200116,3110000,,,,03,폐업,,,02-762-2643
,일진바이닉스 상사,2003-07-23,,,,2026-05-01 22:48:33,I,03,폐업처리,2008-02-21 00:00:00,,,2002-04-01,,서울특별시 은평구 대조동  **-* *층,2002311011123200120,3110000,,,,03,폐업,,,02-387-3861
,묘광실업,2003-05-19,,,,2026-05-01 22:48:33,I,03,폐업처리,2008-02-21 00:00:00,,,2002-04-03,,서울특별시 은평구 녹번동  ***-** *층 ***호,2002311011123200121,3110000,,,,03,폐업,,,02-325-4404
,우주정보시스템,2007-07-13,,,,2026-05-01 22:48:33,I,03,폐업처리,2012-11-20 15:13:41,,,2002-04-23,,서울특별시 은평구 녹번동  **-** *층,2002311011123200122,3110000,,,,03,폐업,,,02-384-0103
,푸른영어,2006-11-28,,,,2026-05-01 22:48:33,I,03,폐업처리,2008-02-21 00:00:00,,,2002-04-24,,서울특별시 은평구 대조동  ***-** *층,2002311011123200123,3110000,,,,03,폐업,,,02-382-7517
,서광실업,2002-11-05,,,,2026-05-01 22:48:34,I,03,폐업처리,2008-02-21 00:00:00,,,2002-06-04,,서울특별시 은평구 갈현동  ***-* 유풍빌딩*층,2002311011123200126,3110000,,,,03,폐업,,,02-358-1256
,이롬라이프 은평불광지점,2010-06-30,,,,2026-05-01 22:48:34,I,03,폐업처리,2010-07-01 11:07:19,,,2002-07-26,,서울특별시 은평구 불광동  ***-* 미성상가 ***호,2002311011123200131,3110000,,,,03,폐업,,,
,VIPSMALL,2005-12-29,,,,2026-05-01 22:48:35,I,03,폐업처리,2008-02-21 00:00:00,,,2002-08-28,,서울특별시 은평구 응암동  ***-** 지층좌,2002311011123200135,3110000,,,,03,폐업,,,02-354-7222
,C.S 유통,2004-04-16,,,,2026-05-01 22:48:35,I,03,폐업처리,2008-02-21 00:00:00,,,2002-08-28,,서울특별시 은평구 증산동  ***-** 지층*호,2002311011123200136,3110000,,,,03,폐업,,,
,HS 코리아,2003-11-13,,,,2026-05-01 22:48:35,I,03,폐업처리,2008-02-21 00:00:00,,,2002-09-09,,서울특별시 은평구 수색동  ***-* *층,2002311011123200137,3110000,,,,03,폐업,,,02-304-0795
,유니베라 신은평영업국,2015-11-26,,192620.662419632,454095.120674417,2026-05-01 22:48:35,I,03,폐업처리,2020-06-08 17:35:13,,,2002-10-28,,서울특별시 은평구 응암동 ***번지 **호 상용빌딩,2002311011123200139,3110000,"서울특별시 은평구 응암로 ***, 상용빌딩 *층 우측호 (응암동)",03478,,03,폐업,,,02-305-4112
,이롬뷰티(주)S-BASE,2003-02-14,,,,2026-05-01 22:48:35,I,03,폐업처리,2008-02-21 00:00:00,,,2002-10-31,,서울특별시 은평구 역촌동  **-**,2002311011123200140,3110000,,,,03,폐업,,,02-357-1239
,쌍용자동차 연신내영업소,2009-01-29,,,,2026-05-01 22:48:35,I,03,폐업처리,2009-01-30 09:53:53,,,2002-11-11,,서울특별시 은평구 불광동  ***-**,2002311011123200142,3110000,,,,03,폐업,,,031-914-8599
,홀인원,2003-01-28,,,,2026-05-01 22:48:35,I,03,폐업처리,2008-02-21 00:00:00,,,2002-12-06,,서울특별시 은평구 역촌동  **-** 정라오피스텔 ***호,2002311011123200146,3110000,,,,03,폐업,,,02-356-2683
,T&T 교육연구원,2004-03-13,,,,2026-05-01 22:48:35,I,03,폐업처리,2008-02-21 00:00:00,,,2002-12-07,,서울특별시 은평구 신사동  **-*  *층,2002311011123200147,3110000,,,,03,폐업,,,02-309-9250
,동서산업,2015-09-18,,,,2026-05-01 22:48:35,I,03,폐업처리,2015-09-18 10:39:41,,,2003-08-06,,서울특별시 은평구 증산동  ***-* 외*필지(지층),2003311011123200014,3110000,,,,03,폐업,,,02-372-9843
,우주정보통신,2004-06-01,,,,2026-05-01 22:48:35,I,03,폐업처리,2008-02-21 00:00:00,,,2003-05-01,,서울특별시 은평구 녹번동  **-** 백산B/D ***호,2003311011123200122,3110000,,,,03,폐업,,,02-384-0103
,하나유통,2003-05-12,,,,2026-05-01 22:48:35,I,03,폐업처리,2008-02-21 00:00:00,,,2003-01-14,,서울특별시 은평구 응암동  ***-**,2003311011123200151,3110000,,,,03,폐업,,,02-375-7414
,유니-트레이드,2005-11-17,,,,2026-05-01 22:48:35,I,03,폐업처리,2008-02-21 00:00:00,,,2003-01-16,,서울특별시 은평구 갈현동  ***-*,2003311011123200152,3110000,,,,03,폐업,,,02-388-7562
,선덕대리점,2003-04-09,,,,2026-05-01 22:48:36,I,03,폐업처리,2008-02-21 00:00:00,,,2003-02-19,,서울특별시 은평구 불광동  **-*** ***호,2003311011123200155,3110000,,,,03,폐업,,,02-386-6599
,한일테크,2003-11-28,,,,2026-05-01 22:48:36,I,03,폐업처리,2008-02-21 00:00:00,,,2003-04-03,,서울특별시 은평구 녹번동  **-*,2003311011123200161,3110000,,,,03,폐업,,,02-357-8479
,에듀넷스쿨,2012-08-01,,193119.818163638,456614.643607115,2026-05-01 22:48:36,I,03,폐업처리,2012-12-11 15:06:08,,,2003-04-08,122-030,서울특별시 은평구 대조동 **번지 ***호,2003311011123200162,3110000,서울특별시 은평구 역말로 ***-* (대조동),,,03,폐업,,,02-356-7935
,한마음미카엘,2003-08-19,,,,2026-05-01 22:48:36,I,03,폐업처리,2008-02-21 00:00:00,,,2003-04-10,,서울특별시 은평구 녹번동  **-** ***호,2003311011123200163,3110000,,,,03,폐업,,,02-358-3031
,한솔,2003-07-19,,,,2026-05-01 22:48:36,I,03,폐업처리,2008-02-21 00:00:00,,,2003-04-10,,서울특별시 은평구 불광동  ***-* 대호프라자 아파트 상가 *층,2003311011123200164,3110000,,,,03,폐업,,,02-3157-4188
,홈피넷,2007-12-10,,,,2026-05-01 22:48:36,I,03,폐업처리,2007-12-11 13:16:34,,,2003-05-24,,서울특별시 은평구 불광동  ***-** 윤현(A)***,2003311011123200169,3110000,,,,03,폐업,,,02-782-6292
,한미 메디칼,2003-07-24,,,,2026-05-01 22:48:36,I,03,폐업처리,2008-02-21 00:00:00,,,2003-05-30,,서울특별시 은평구 신사동  **-**,2003311011123200170,3110000,,,,03,폐업,,,02-375-6904
,JU나라,2005-01-10,,,,2026-05-01 22:48:36,I,03,폐업처리,2008-02-21 00:00:00,,,2003-07-03,,서울특별시 은평구 구산동  ***-** 현대빌라 ***호,2003311011123200176,3110000,,,,03,폐업,,,02-359-5061
,노벨과개미은평,2013-12-30,,,,2026-05-01 22:48:37,I,03,폐업처리,2013-12-30 12:29:47,,,2003-07-08,,서울특별시 은평구 대조동  **-*** ***호,2003311011123200177,3110000,,,,03,폐업,,,02-388-6190
,규수방,2003-08-11,,,,2026-05-01 22:48:37,I,03,폐업처리,2008-02-21 00:00:00,,,2003-07-22,,서울특별시 은평구 녹번동  ***-*,2003311011123200183,3110000,,,,03,폐업,,,02-389-1347
,원전커머스진대리점,2006-03-23,,,,2026-05-01 22:48:37,I,03,폐업처리,2008-02-21 00:00:00,,,2003-07-29,,서울특별시 은평구 역촌동  **-*,2003311011123200185,3110000,,,,03,폐업,,,02-354-7860
,비젼에프앤비주식회사,2004-02-12,,,,2026-05-01 22:48:37,I,03,폐업처리,2008-02-21 00:00:00,,,2003-09-02,,서울특별시 은평구 갈현동  ***-**,2003311011123200190,3110000,,,,03,폐업,,,02-356-9530
,리빙테크,2003-12-22,,,,2026-05-01 22:48:37,I,03,폐업처리,2008-02-21 00:00:00,,,2003-09-29,,서울특별시 은평구 신사동  ***-* *층,2003311011123200192,3110000,,,,03,폐업,,,02-376-2312
,립 사이언 텍,2008-05-09,,,,2026-05-01 22:48:37,I,03,폐업처리,2008-05-10 11:58:40,,,2003-11-05,,서울특별시 은평구 녹번동  **-** ***호,2003311011123200196,3110000,,,,03,폐업,,,02-384-3669
,효성산업,2004-02-28,,,,2026-05-01 22:48:37,I,03,폐업처리,2008-02-21 00:00:00,,,2003-11-11,,서울특별시 은평구 갈현동  ***-* *층,2003311011123200197,3110000,,,,03,폐업,,,02-387-1630
,유니베라 불광대리점,2008-12-26,,,,2026-05-01 22:48:37,I,03,폐업처리,2008-12-26 18:06:19,,,2003-12-05,,서울특별시 은평구 녹번동  ***-*** *F,2003311011123200199,3110000,,,,03,폐업,,,02-355-5805
,다우,2005-03-14,,,,2026-05-01 22:48:37,I,03,폐업처리,2008-02-21 00:00:00,,,2004-01-15,,서울특별시 은평구 갈현동  ***-*,2004311011123200200,3110000,,,,03,폐업,,,02-376-8390
,다음세계,2006-05-19,,,,2026-05-01 22:48:37,I,03,폐업처리,2008-02-21 00:00:00,,,2004-02-06,,서울특별시 은평구 응암동  ***-* 지하*층,2004311011123200201,3110000,,,,03,폐업,,,02-354-9170
,죠이상사,2005-02-28,,,,2026-05-01 22:48:37,I,03,폐업처리,2008-02-21 00:00:00,,,2004-02-10,,서울특별시 은평구 응암동  ***-** ***호,2004311011123200202,3110000,,,,03,폐업,,,02-388-8455
,헬스모아 코리아(주),2007-01-05,,,,2026-05-01 22:48:37,I,03,폐업처리,2008-02-21 00:00:00,,,2004-02-23,,서울특별시 은평구 역촌동  **-** 세신빌딩*층,2004311011123200204,3110000,,,,03,폐업,,,02-385-0616
,삼진일진홍보사업부,2004-04-23,,,,2026-05-01 22:48:37,I,03,폐업처리,2008-02-21 00:00:00,,,2004-03-02,,서울특별시 은평구 대조동  **-*,2004311011123200206,3110000,,,,03,폐업,,,02-388-5533
,골드라인,2004-07-13,,,,2026-05-01 22:48:37,I,03,폐업처리,2008-02-21 00:00:00,,,2004-04-10,,서울특별시 은평구 불광동  ***-***,2004311011123200209,3110000,,,,03,폐업,,,02-388-6921
,콕스인터내셔널,2004-05-12,,,,2026-05-01 22:48:37,I,03,폐업처리,2008-02-21 00:00:00,,,2004-04-19,,서울특별시 은평구 응암동  ***-**,2004311011123200211,3110000,,,,03,폐업,,,02-353-2805
,삼립훼미리,2004-07-01,,,,2026-05-01 22:48:37,I,03,폐업처리,2008-02-21 00:00:00,,,2004-04-19,,서울특별시 은평구 녹번동  **-**,2004311011123200212,3110000,,,,03,폐업,,,02-6381-9329
,(주)에듀죤,2005-05-12,,,,2026-05-01 22:48:37,I,03,폐업처리,2008-02-21 00:00:00,,,2004-05-04,,서울특별시 은평구 녹번동  **-**,2004311011123200213,3110000,,,,03,폐업,,,02-721-7500
,화인코리아,2004-11-04,,,,2026-05-01 22:48:37,I,03,폐업처리,2008-02-21 00:00:00,,,2004-06-07,,서울특별시 은평구 응암동  ***-* 해태드림타운상가 지하*층 ***호,2004311011123200217,3110000,,,,03,폐업,,,02-355-4023
,남양알로에 신은평대리점,2004-06-18,,,,2026-05-01 22:48:38,I,03,폐업처리,2008-02-21 00:00:00,,,2004-06-10,,서울특별시 은평구 응암동  ***-**,2004311011123200218,3110000,,,,03,폐업,,,02-376-1449
,아모레,2004-10-04,,,,2026-05-01 22:48:38,I,03,폐업처리,2008-02-21 00:00:00,,,2004-06-25,,서울특별시 은평구 갈현동  ***-* 보암빌딩 *층,2004311011123200222,3110000,,,,03,폐업,,,02-357-2210
,미영재학습 및 화장품 판매,2004-08-25,,,,2026-05-01 22:48:38,I,03,폐업처리,2008-02-21 00:00:00,,,2004-07-09,,서울특별시 은평구 대조동  **-*** *층,2004311011123200223,3110000,,,,03,폐업,,,
,토가(toga),2005-12-14,,,,2026-05-01 22:48:38,I,03,폐업처리,2008-02-21 00:00:00,,,2004-07-09,,서울특별시 은평구 불광동  ***-**,2004311011123200224,3110000,,,,03,폐업,,,02-384-0003
,우나실업,2004-10-15,,,,2026-05-01 22:48:38,I,03,폐업처리,2008-02-21 00:00:00,,,2004-07-22,,서울특별시 은평구 갈현동  ***-* *층,2004311011123200226,3110000,,,,03,폐업,,,
,씨케이디 건강생활,2004-10-22,,,,2026-05-01 22:48:38,I,03,폐업처리,2008-02-21 00:00:00,,,2004-08-04,,서울특별시 은평구 불광동  ***-***,2004311011123200227,3110000,,,,03,폐업,,,02-741-8070
,드림애드텍,2004-12-06,,,,2026-05-01 22:48:38,I,03,폐업처리,2008-02-21 00:00:00,,,2004-08-27,,서울특별시 은평구 불광동  **-** *층,2004311011123200228,3110000,,,,03,폐업,,,02-354-3068
,안동삼베산업,2005-03-16,,,,2026-05-01 22:48:38,I,03,폐업처리,2008-02-21 00:00:00,,,2004-09-13,,서울특별시 은평구 응암동  ***-* 송원하이빌 ****호,2004311011123200229,3110000,,,,03,폐업,,,02-1544-5733
,한미헬스라이프,2004-12-24,,,,2026-05-01 22:48:38,I,03,폐업처리,2008-02-21 00:00:00,,,2004-09-18,,서울특별시 은평구 불광동  ***-*,2004311011123200230,3110000,,,,03,폐업,,,02-387-8319
,오휘은평,2006-09-13,,,,2026-05-01 22:48:38,I,03,폐업처리,2008-02-21 00:00:00,,,2004-10-07,,서울특별시 은평구 불광동  ***-*,2004311011123200233,3110000,,,,03,폐업,,,02-354-2844
,아모레 구파발특약점,2013-09-11,,,,2026-05-01 22:48:38,I,03,폐업처리,2013-09-11 14:49:22,,,2004-10-22,,서울특별시 은평구 불광동  ***-** *층,2004311011123200235,3110000,,,,03,폐업,,,02-357-2210
,썬앤준,2012-03-29,,,,2026-05-01 22:48:38,I,03,폐업처리,2012-03-29 10:36:02,,,2004-10-25,,서울특별시 은평구 응암동  ***-**,2004311011123200236,3110000,,,,03,폐업,,,02-375-5560
,아모레 서부특약점,2013-09-10,,,,2026-05-01 22:48:38,I,03,폐업처리,2013-09-10 16:01:45,,,2004-10-27,,서울특별시 은평구 응암동  **-* *층,2004311011123200237,3110000,,,,03,폐업,,,02-388-0004
,웰빙socks,2006-03-23,,,,2026-05-01 22:48:38,I,03,폐업처리,2008-02-21 00:00:00,,,2004-11-18,,서울특별시 은평구 응암동  ***-**,2004311011123200239,3110000,,,,03,폐업,,,02-354-2745
,종근당 건강생활,2005-04-07,,,,2026-05-01 22:48:38,I,03,폐업처리,2008-02-21 00:00:00,,,2004-11-24,,서울특별시 은평구 불광동  ***-**,2004311011123200240,3110000,,,,03,폐업,,,02-385-1433
,한일테크,2005-05-09,,,,2026-05-01 22:48:39,I,03,폐업처리,2008-02-21 00:00:00,,,2005-01-13,,서울특별시 은평구 증산동  ***-** 지층,2004311011123200243,3110000,,,,03,폐업,,,02-357-8479
,여명,2007-03-16,,,,2026-05-01 22:48:39,I,03,폐업처리,2008-02-21 00:00:00,,,2005-02-05,,서울특별시 은평구 불광동  ***-** 메트로타워 ***호,2004311011123200244,3110000,,,,03,폐업,,,02-352-7765
,신사제일건강생활,2013-08-30,,192008.407936712,455031.178100729,2026-05-01 22:48:39,I,03,폐업처리,2013-08-30 16:28:45,,,2005-03-02,122-080,서울특별시 은평구 신사동 **번지 **호 진경빌딩 *층,2004311011123200245,3110000,"서울특별시 은평구 은평로 **, *층 (신사동, 진경빌딩)",,,03,폐업,,,02-385-1130
,불광건강생활,2013-09-02,,193572.067541624,456671.879005476,2026-05-01 22:48:39,I,03,폐업처리,2013-09-02 15:17:03,,,2005-03-02,,서울특별시 은평구 대조동 *번지 *호 *층,2004311011123200246,3110000,"서울특별시 은평구 통일로 *** (대조동,*층)",,,03,폐업,,,02-359-5757
,연신내건강생활,2008-03-19,,,,2026-05-01 22:48:39,I,03,폐업처리,2008-03-20 09:31:46,,,2005-03-02,,서울특별시 은평구 신사동  ***-* 전성환빌딩*층,2004311011123200247,3110000,,,,03,폐업,,,02-306-7410
,은평건강생활,2009-02-12,,193015.360520463,456107.856530628,2026-05-01 22:48:39,I,03,폐업처리,2009-02-13 13:52:30,,,2005-03-02,122-896,서울특별시 은평구 역촌동 **번지 **호 *층,2004311011123200248,3110000,"서울특별시 은평구 서오릉로 ** (역촌동,*층)",,,03,폐업,,,02-385-1421
,누림상사,2006-05-29,,,,2026-05-01 22:48:39,I,03,폐업처리,2008-02-21 00:00:00,,,2005-03-03,,서울특별시 은평구 응암동  **-***,2004311011123200249,3110000,,,,03,폐업,,,02-384-9581
,역촌건강생활,2006-01-03,,,,2026-05-01 22:48:39,I,03,폐업처리,2008-02-21 00:00:00,,,2005-03-07,,서울특별시 은평구 응암동  **-** 미주빌딩 *층,2004311011123200250,3110000,,,,03,폐업,,,02-354-8602
,(주)노블리더스클럽,2005-03-19,,,,2026-05-01 22:48:39,I,03,폐업처리,2008-02-21 00:00:00,,,2005-03-17,,서울특별시 은평구 응암동  ***-* 송원하이본 ****호,2004311011123200251,3110000,,,,03,폐업,,,02-353-1011
,건강생활서대문지점,2013-08-22,,193897.391957905,455455.895214734,2026-05-01 22:48:39,I,03,폐업처리,2013-08-22 15:28:32,,,2005-03-21,122-020,서울특별시 은평구 녹번동 ***번지 *층,2004311011123200252,3110000,"서울특별시 은평구 은평로 *** (녹번동,*층)",,,03,폐업,,,02-359-8422
,스텝스 앨브레스 지사,2005-07-05,,,,2026-05-01 22:48:39,I,03,폐업처리,2008-02-21 00:00:00,,,2005-03-19,,서울특별시 은평구 녹번동  **-** *층,2004311011123200253,3110000,,,,03,폐업,,,02-323-0123
,점프셈교실 은평본부,2006-06-08,,,,2026-05-01 22:48:39,I,03,폐업처리,2008-02-21 00:00:00,,,2005-03-25,,서울특별시 은평구 녹번동  **-** 명성주택 ***,2004311011123200254,3110000,,,,03,폐업,,,02-6081-2659
,은평건강생활,2013-09-13,,,,2026-05-01 22:48:39,I,03,폐업처리,2013-09-13 16:07:41,,,2005-03-31,,서울특별시 은평구 응암동  **-* 동아빌딩 ***,2004311011123200255,3110000,"서울특별시 은평구 은평로 **, ***호 (응암동)",,,03,폐업,,,02-389-0228
,만사통상,2005-08-16,,,,2026-05-01 22:48:39,I,03,폐업처리,2008-02-21 00:00:00,,,2005-04-25,,서울특별시 은평구 증산동  ***-*,2004311011123200260,3110000,,,,03,폐업,,,
,B.Y TRADING / 원일대리점,2005-12-05,,,,2026-05-01 22:48:39,I,03,폐업처리,2008-02-21 00:00:00,,,2005-04-28,,서울특별시 은평구 갈현동  ***-*,2004311011123200261,3110000,,,,03,폐업,,,02-354-9902
,명성코리아,2005-07-05,,,,2026-05-01 22:48:39,I,03,폐업처리,2008-02-21 00:00:00,,,2005-05-19,,서울특별시 은평구 불광동  ***-* 대조아파트 상가 *층 ***호,2004311011123200262,3110000,,,,03,폐업,,,02-385-0903
,한림종합물산,2008-05-09,,,,2026-05-01 22:48:39,I,03,폐업처리,2008-05-10 12:01:02,,,2005-05-30,,서울특별시 은평구 응암동  ***-**,2004311011123200264,3110000,,,,03,폐업,,,
,진비,2008-05-08,,,,2026-05-01 22:48:39,I,03,폐업처리,2008-05-09 09:44:23,,,2005-05-30,,서울특별시 은평구 수색동  ***-**,2004311011123200265,3110000,,,,03,폐업,,,02-303-7828
,힐스코,2005-10-06,,,,2026-05-01 22:48:39,I,03,폐업처리,2008-02-21 00:00:00,,,2005-06-07,,서울특별시 은평구 대조동  ***-**,2004311011123200267,3110000,,,,03,폐업,,,02-359-3722
,한국포스메디,2005-11-01,,,,2026-05-01 22:48:39,I,03,폐업처리,2008-02-21 00:00:00,,,2005-06-28,,서울특별시 은평구 역촌동  *-** 삼정빌딩 *층,2004311011123200269,3110000,,,,03,폐업,,,02-382-8622
,뽕뜨락 네이처,2019-04-22,,193530.011439052,457907.639436926,2026-05-01 22:48:45,I,03,폐업처리,2019-04-22 11:23:17,,,2018-09-04,,서울특별시 은평구 불광동 ***번지 **호 *층,2018311013123200010,3110000,"서울특별시 은평구 연서로 ***-*, *층 (불광동)",03343,,03,폐업,,,02-2653-2009
,김다연 디톡스,2020-09-22,,191442.716194674,452990.573492383,2026-05-01 22:48:45,I,03,폐업처리,2020-09-22 15:40:35,,,2018-10-30,,서울특별시 은평구 증산동 ***번지 *호,2018311013123200012,3110000,"서울특별시 은평구 증산로*길 *, ***호 (증산동)",03506,,03,폐업,,,
,보스턴프라디지스쿨,2019-11-01,,192507.166531565,457248.390805136,2026-05-01 22:48:45,I,03,폐업처리,2019-11-01 18:01:32,,,2017-02-07,,서울특별시 은평구 갈현동 ***번지 *호,2018311013123200013,3110000,"서울특별시 은평구 갈현로 ***-**, *층 (갈현동)",03332,,03,폐업,,,02-2226-0548
,인셀덤 라이프,2020-03-17,,193019.617700484,455423.719831802,2026-05-01 22:48:45,I,03,폐업처리,2020-03-17 10:15:29,,,2019-04-22,,서울특별시 은평구 응암동 **번지 **호 들꽃마을,2019311021723200003,3110000,"서울특별시 은평구 응암로 ***-*, ***호 (응암동, 들꽃마을)",03461,,03,폐업,,,
100000000,(주)바람이담다,2019-11-22,100000000,193530.011439052,457907.639436926,2026-05-01 22:48:45,I,03,폐업처리,2019-11-22 16:39:05,0,,2019-04-23,,서울특별시 은평구 불광동 ***번지 **호,2019311021723200004,3110000,"서울특별시 은평구 연서로 ***-*, ***호,***호 (불광동)",03343,,03,폐업,,,02-356-1388
,한우리,2019-08-23,,192009.543853115,455896.832265962,2026-05-01 22:48:45,I,03,폐업처리,2019-08-23 18:02:53,,,2018-11-27,,서울특별시 은평구 역촌동 **번지 *호 그린빌딩,2019311021723200005,3110000,"서울특별시 은평구 갈현로 **, 그린빌딩 *층 ***호 (역촌동)",03431,,03,폐업,,,041-674-4552
,다올 SKIN&BODY,2020-06-12,,192637.586601258,455186.249653269,2026-05-01 22:48:45,I,03,폐업처리,2020-06-12 17:57:10,,,2019-04-26,,서울특별시 은평구 응암동 ***번지 **호 신흥아너스빌,2019311021723200006,3110000,"서울특별시 은평구 은평로*길 *, ***호 (응암동, 신흥아너스빌)",03453,,03,폐업,,,02-386-1119
,프라임중기아울렛,2020-08-06,,193061.855077428,457473.646821213,2026-05-01 22:48:45,I,03,폐업처리,2020-08-06 09:41:59,,,2019-04-26,,서울특별시 은평구 불광동 ***번지 *호,2019311021723200007,3110000,"서울특별시 은평구 연서로 ***, *층 (불광동)",03345,,03,폐업,,,02-357-4008
,인셀덤 연신내센터,2020-03-13,,192599.878065904,456290.032912201,2026-05-01 22:48:45,I,03,폐업처리,2020-03-13 14:48:44,,,2019-04-26,,서울특별시 은평구 역촌동 *번지 **호 황실빌리지,2019311021723200008,3110000,"서울특별시 은평구 연서로**길 *, 지층 *호 (역촌동, 황실빌리지)",03399,,03,폐업,,,
,인셀덤 은평대리점,2020-03-12,,192916.607495432,457197.733969884,2026-05-01 22:48:45,I,03,폐업처리,2020-03-12 13:03:31,,,2019-05-02,,서울특별시 은평구 대조동 ***번지 **호,2019311021723200009,3110000,"서울특별시 은평구 연서로**길 *, *층 (대조동)",03385,,03,폐업,,,070-7576-1576
,인셀덤부밀리스정,2021-12-29,,192203.780895696,455973.974646471,2026-05-01 22:48:45,I,03,폐업처리,2021-12-29 14:12:26,,,2019-05-31,,서울특별시 은평구 역촌동 **번지 *호 거성리젠시,2019311021723200011,3110000,"서울특별시 은평구 역말로 **-*, A동 ***호 (역촌동, 거성리젠시)",03415,,03,폐업,,,
,인셀덤뷰티메카,2020-02-03,,192916.607495432,457197.733969884,2026-05-01 22:48:45,I,03,폐업처리,2020-02-03 11:15:42,,,2019-06-03,,서울특별시 은평구 대조동 ***번지 **호,2019311021723200012,3110000,"서울특별시 은평구 연서로**길 *, *층 (대조동)",03385,,03,폐업,,,
,김민희헤어,2020-01-22,,192871.439739752,457219.91688521,2026-05-01 22:48:45,I,03,폐업처리,2020-01-22 14:39:19,,,2019-06-04,,서울특별시 은평구 대조동 ***번지 **호,2019311021723200013,3110000,"서울특별시 은평구 연서로**길 *, *층 (대조동)",03385,,03,폐업,,,
,인셀덤,2019-08-01,,193044.76731265,458315.88017723,2026-05-01 22:48:45,I,03,폐업처리,2019-08-01 13:38:09,,,2019-06-27,,서울특별시 은평구 불광동 ***번지 ***호 대광빌라,2019311021723200014,3110000,"서울특별시 은평구 통일로**길 **-*, ***호 (불광동, 대광빌라)",03337,,03,폐업,,,
,인셀덤 프리티,2020-04-02,,192932.482953579,455450.105658036,2026-05-01 22:48:45,I,03,폐업처리,2020-04-02 10:40:36,,,2019-07-01,,서울특별시 은평구 응암동 **번지 **호,2019311021723200016,3110000,서울특별시 은평구 진흥로 ** (응암동),03461,,03,폐업,,,
,인설덤불광대리점,2020-03-20,,193457.698457409,457135.217659827,2026-05-01 22:48:45,I,03,폐업처리,2020-03-20 16:55:43,,,2019-07-30,,서울특별시 은평구 불광동 ***번지 북한산 힐스테이트*차,2019311021723200018,3110000,"서울특별시 은평구 통일로 ***, ***동 ***호 (불광동, 북한산 힐스테이트*차)",03357,,03,폐업,,,
,마임 연신내중부지사,2023-11-16,,192491.321689009,454300.411398011,2026-05-01 22:48:45,I,03,폐업처리,2023-11-16 09:49:33,,,2018-11-06,,서울특별시 은평구 응암동 ***번지 **호 이서주택,2019311021723200020,3110000,"서울특별시 은평구 가좌로 ***-*, 이서주택 *층 (응암동)",03484,,03,폐업,,,
0,주식회사 제이이디아이(JEDI CO. LTD.),2020-12-04,20000000,193155.06595337,457021.746216329,2026-05-01 22:48:45,I,03,폐업처리,2020-12-04 20:35:09,0,,2019-08-19,,서울특별시 은평구 대조동 ***번지 **호,2019311021723200021,3110000,"서울특별시 은평구 통일로**길 **, *층 (대조동)",03385,,03,폐업,,,02-2135-9299
,인셀덤 맑은가람샵,2020-03-13,,192736.772764034,454438.695056283,2026-05-01 22:48:45,I,03,폐업처리,2020-03-13 17:39:03,,,2019-09-20,,서울특별시 은평구 응암동 ***번지 ***호,2019311021723200022,3110000,"서울특별시 은평구 응암로**길 *-*, 지층동 *호 (응암동)",03467,,03,폐업,,,
,인셀덤 서울지점,2020-05-04,,192977.716036445,458064.771357901,2026-05-01 22:48:45,I,03,폐업처리,2020-05-04 17:56:50,,,2020-01-02,,서울특별시 은평구 불광동 ***번지 **호 월드빌,2020311021723200001,3110000,"서울특별시 은평구 통일로**길 **-*, ***호 (불광동, 월드빌)",03340,,03,폐업,,,
,인셀덤 뷰티,2020-09-11,,191837.703501266,456984.915279996,2026-05-01 22:48:45,I,03,폐업처리,2020-09-11 17:45:24,,,2020-01-31,,서울특별시 은평구 구산동 ***번지 **호,2020311021723200003,3110000,"서울특별시 은평구 서오릉로 ***-*, 용궁빌라 ***호 (구산동)",03425,,03,폐업,,,
,태극힐링,2020-07-07,,193218.177810453,457519.532507987,2026-05-01 22:48:45,I,03,폐업처리,2020-07-07 18:43:47,,,2020-02-03,,서울특별시 은평구 불광동 ***번지 **호 불광빌딩,2020311021723200004,3110000,"서울특별시 은평구 연서로 ***, 불광빌딩 *층 (불광동)",03350,,03,폐업,,,
,인셀덤 향길,2020-06-29,,193773.855927592,456807.317990462,2026-05-01 22:48:45,I,03,폐업처리,2020-06-29 13:08:56,,,2020-02-17,,서울특별시 은평구 불광동 ***번지 **호,2020311021723200006,3110000,서울특별시 은평구 통일로**길 **-* (불광동),03355,,03,폐업,,,
,마임불광동부,2020-12-16,,193818.672759638,456556.770342591,2026-05-01 22:48:45,I,03,폐업처리,2020-12-16 09:49:57,,,2020-02-17,,서울특별시 은평구 불광동 ***번지 **호,2020311021723200007,3110000,"서울특별시 은평구 불광로 **, *층 (불광동)",03368,,03,폐업,,,02-353-1071
,옥류관냉면,2005-12-07,,,,2026-05-01 22:48:40,I,03,폐업처리,2008-02-21 00:00:00,,,2005-08-08,,서울특별시 은평구 갈현동  ***-* 건영(A) ***-****,2004311011123200271,3110000,,,,03,폐업,,,02-357-7811
,카오코리아,2005-12-16,,,,2026-05-01 22:48:40,I,03,폐업처리,2008-02-21 00:00:00,,,2005-09-06,,서울특별시 은평구 수색동  ***-* 흥남빌딩 ***-***,2004311011123200273,3110000,,,,03,폐업,,,02-302-2127
,카오 코리아,2005-12-21,,,,2026-05-01 22:48:40,I,03,폐업처리,2008-02-21 00:00:00,,,2005-09-15,,서울특별시 은평구 불광동  **-** *층,2004311011123200274,3110000,,,,03,폐업,,,02-353-6176
,드림라이프,2006-01-26,,,,2026-05-01 22:48:40,I,03,폐업처리,2008-02-21 00:00:00,,,2005-10-05,,서울특별시 은평구 응암동  ***-* 용원빌딩 *층,2004311011123200276,3110000,,,,03,폐업,,,02-308-0572
,(주)에드컴퍼니,2008-10-31,,,,2026-05-01 22:48:40,I,03,폐업처리,2008-11-03 10:49:17,,,2005-10-06,,서울특별시 은평구 갈현동  ***-* *층,2004311011123200278,3110000,,,,03,폐업,,,02-353-1600
,카오코리아,2006-05-09,,,,2026-05-01 22:48:40,I,03,폐업처리,2008-02-21 00:00:00,,,2005-10-07,,서울특별시 은평구 응암동  ***-*,2004311011123200279,3110000,,,,03,폐업,,,02-373-0238
,J&J,2005-12-28,,,,2026-05-01 22:48:40,I,03,폐업처리,2008-02-21 00:00:00,,,2005-10-10,,서울특별시 은평구 신사동  **-**,2004311011123200281,3110000,,,,03,폐업,,,
,월드넷,2008-05-22,,,,2026-05-01 22:48:40,I,03,폐업처리,2008-05-29 17:52:05,,,2005-10-13,,서울특별시 은평구 대조동  **-* *층,2004311011123200283,3110000,,,,03,폐업,,,02-357-3877
0,(주)다다정보통신,2007-08-09,0,192727.274816449,449478.849222576,2026-05-01 22:48:40,I,03,폐업처리,2007-08-10 10:10:25,0,,2005-10-25,121-883,서울특별시 마포구 합정동 ***번지 **호 삼성빌딩 *층,2004311011123200286,3110000,"서울특별시 마포구 독막로*길 * (합정동,삼성빌딩 *층)",,,03,폐업,,,02-389-6707
,일진홍보사업부,2005-12-14,,,,2026-05-01 22:48:40,I,03,폐업처리,2008-02-21 00:00:00,,,2005-11-07,,서울특별시 은평구 역촌동  **-*,2004311011123200288,3110000,,,,03,폐업,,,02-352-5055
,재벌생활건강,2006-08-24,,,,2026-05-01 22:48:40,I,03,폐업처리,2008-02-21 00:00:00,,,2005-11-21,,서울특별시 은평구 신사동  ***-*** B*/F,2004311011123200290,3110000,,,,03,폐업,,,02-372-1080
,헬스온,2006-04-18,,,,2026-05-01 22:48:40,I,03,폐업처리,2008-02-21 00:00:00,,,2005-12-07,,서울특별시 은평구 역촌동  *-** 삼정빌딩 *층,2004311011123200292,3110000,,,,03,폐업,,,02-353-9195
,모해마루,2006-04-04,,,,2026-05-01 22:48:40,I,03,폐업처리,2008-02-21 00:00:00,,,2005-12-12,,"서울특별시 은평구 증산동  ***-** *,*층",2004311011123200293,3110000,,,,03,폐업,,,
,성운출판,2006-09-01,,,,2026-05-01 22:48:40,I,03,폐업처리,2012-12-28 16:41:12,,,2005-12-13,,서울특별시 은평구 녹번동  *-***,2004311011123200294,3110000,,,,03,폐업,,,02-355-3786
,생그린서울중앙지사,2016-07-07,,192288.051308621,456514.962859251,2026-05-01 22:48:40,I,03,폐업처리,2016-07-07 15:59:32,,,2005-12-14,122-819,서울특별시 은평구 구산동 *번지 **호,2004311011123200295,3110000,서울특별시 은평구 서오릉로**길 **-* (구산동),,,03,폐업,,,
,J & J,2006-11-13,,,,2026-05-01 22:48:40,I,03,폐업처리,2012-06-27 15:28:28,,,2006-01-09,,서울특별시 은평구 신사동  **-**,2006311011123200001,3110000,,,,03,폐업,,,
,예인상사,2007-07-23,,,,2026-05-01 22:48:40,I,03,폐업처리,2007-07-24 16:13:00,,,2006-02-23,,서울특별시 은평구 불광동  ***-*,2006311011123200006,3110000,,,,03,폐업,,,02-354-1207
,쿠션세상,2007-02-14,,,,2026-05-01 22:48:40,I,03,폐업처리,2010-03-31 17:23:01,,,2006-03-03,,서울특별시 은평구 녹번동  **-* 가든빌라 ***호,2006311011123200009,3110000,,,,03,폐업,,,02-357-0396
,유니베라 구산대리점,2015-11-27,,193495.193617473,456275.022674359,2026-05-01 22:48:40,I,03,폐업처리,2015-11-27 16:24:20,,,2006-04-07,122-832,서울특별시 은평구 녹번동 ***번지 ***호 *층,2006311011123200013,3110000,"서울특별시 은평구 진흥로 ***, *층 (녹번동)",,,03,폐업,,,02-354-0454
,유니베라연신내대리점,2020-07-09,,192898.009847781,457625.899026072,2026-05-01 22:48:40,I,03,폐업처리,2020-07-09 17:44:30,,,2006-04-11,122-860,서울특별시 은평구 불광동 ***번지 **호,2006311011123200016,3110000,"서울특별시 은평구 통일로 ***, *층 ***호 (불광동, 연신빌딩)",,,03,폐업,,,02-355-0490
,부자마음,2006-09-29,,,,2026-05-01 22:48:40,I,03,폐업처리,2010-03-31 17:22:29,,,2006-04-13,,서울특별시 은평구 응암동  ***-**,2006311011123200017,3110000,,,,03,폐업,,,02-387-8461
,마임,2014-04-24,,,,2026-05-01 22:48:40,I,03,폐업처리,2014-04-24 15:22:38,,,2006-05-24,,서울특별시 은평구 대조동  **-**,2006311011123200024,3110000,,,,03,폐업,,,02-383-8959
,마임 연신내중부지사,2013-08-28,,192829.664762484,457920.765618746,2026-05-01 22:48:40,I,03,폐업처리,2013-08-28 16:06:31,,,2006-06-01,122-050,서울특별시 은평구 갈현동 ***번지 *호 *층,2006311011123200026,3110000,"서울특별시 은평구 통일로 ***, *층 (갈현동)",,,03,폐업,,,02-353-6219
0,(주)아모레퍼시픽응암영업소,2012-05-15,0,,,2026-05-01 22:48:40,I,03,폐업처리,2012-12-17 14:38:28,0,,2006-06-16,,서울특별시 은평구 신사동  **-** 경보빌딩 *층,2006311011123200028,3110000,,,,03,폐업,,,02-359-0395
,수신오가피,2012-01-01,,,,2026-05-01 22:48:40,I,03,폐업처리,2012-01-17 09:35:38,,,2006-08-02,,서울특별시 은평구 신사동  **-** 진흥빌라 ***호,2006311011123200034,3110000,,,,03,폐업,,,02-376-0675
,마임(불광지사),2009-09-21,,,,2026-05-01 22:48:40,I,03,폐업처리,2009-09-22 11:38:01,,,2006-08-11,,서울특별시 은평구 불광동  ***-***,2006311011123200035,3110000,,,,03,폐업,,,02-353-1071
,하트앤하트,2006-12-21,,,,2026-05-01 22:48:40,I,03,폐업처리,2008-10-09 10:33:20,,,2006-08-17,,서울특별시 은평구 녹번동  **-** 양지미라벨 ***,2006311011123200036,3110000,,,,03,폐업,,,02-359-2759
50000000,(주)대신장제문화산업,2015-04-23,50000000,193622.011113927,455489.76042401,2026-05-01 22:48:40,I,03,폐업처리,2015-04-23 16:06:03,0,,2006-09-05,122-020,서울특별시 은평구 녹번동 ***번지 ***호,2006311011123200037,3110000,"서울특별시 은평구 은평로 ***, ***호 (녹번동)",,,03,폐업,,,02-386-4446
75000000,오휘은평지사,2013-10-23,43000000,192790.726349579,455224.583429741,2026-05-01 22:48:40,I,03,폐업처리,2013-10-23 17:32:00,30000000,,2006-09-05,122-910,서울특별시 은평구 응암*동 ***번지 **호 한성빌딩 *층,2006311011123200038,3110000,"서울특별시 은평구 은평로*길 * (응암동,한성빌딩 *층)",,,03,폐업,,,02-384-7001
,동림교역(주),2012-01-17,,,,2026-05-01 22:48:41,I,03,폐업처리,2012-01-17 18:13:29,,,2006-10-20,,서울특별시 은평구 응암동  ****-* 신일오피스 ***,2006311011123200041,3110000,,,,03,폐업,,,02-357-1484
,마임녹번지사,2008-10-14,,,,2026-05-01 22:48:41,I,03,폐업처리,2008-10-15 09:59:26,,,2006-10-25,,서울특별시 은평구 응암동  **-** *층,2006311011123200043,3110000,,,,03,폐업,,,02-355-7231
,연기획,2008-01-23,,,,2026-05-01 22:48:41,I,03,폐업처리,2008-01-25 13:47:58,,,2006-11-01,,서울특별시 은평구 갈현동  ***-* 우남아파트 ***-****,2006311011123200044,3110000,,,,03,폐업,,,02-353-2003
0,태성산업,2007-03-30,0,,,2026-05-01 22:48:41,I,03,폐업처리,2008-05-07 15:03:09,0,,2006-11-08,,서울특별시 은평구 녹번동  ***-** *층,2006311011123200046,3110000,,,,03,폐업,,,
,매슬리클럽,2009-01-20,,,,2026-05-01 22:48:41,I,03,폐업처리,2009-01-21 13:11:29,,,2006-11-14,,서울특별시 은평구 역촌동  **-** ***,2006311011123200048,3110000,,,,03,폐업,,,02-355-6652
,종근당 건강생활,2013-01-03,,,,2026-05-01 22:48:41,I,03,폐업처리,2013-04-24 11:36:56,,,2007-02-02,,서울특별시 은평구 대조동  **-* 연세빌딩*층,2007311011123200003,3110000,,,,03,폐업,,,02-353-2921
,구산생활건강,2013-08-29,,192765.643714547,457190.201888685,2026-05-01 22:48:41,I,03,폐업처리,2013-08-29 14:08:14,,,2007-03-02,122-813,"서울특별시 은평구 갈현동 ***번지 **호 *층, *층",2007311011123200004,3110000,"서울특별시 은평구 연서로 *** (갈현동,*층, *층)",,,03,폐업,,,02-386-2239
,아이,2007-12-06,,,,2026-05-01 22:48:41,I,03,폐업처리,2007-12-10 10:00:48,,,2007-03-05,,서울특별시 은평구 녹번동  ***-** ***,2007311011123200005,3110000,,,,03,폐업,,,02-357-4807
,아모레 은평특약점,2019-01-08,,,,2026-05-01 22:48:41,I,03,폐업처리,2019-01-08 16:58:13,,,2007-03-13,,서울특별시 은평구 갈현동  ***-* *층*호,2007311011123200006,3110000,,,,03,폐업,,,02-359-0395
,대한상조행사보증,2009-04-14,,,,2026-05-01 22:48:41,I,03,폐업처리,2009-04-15 13:27:53,,,2007-03-19,,서울특별시 은평구 갈현동  ***-* ***,2007311011123200007,3110000,,,,03,폐업,,,
,하나상사,2007-11-16,,,,2026-05-01 22:48:41,I,03,폐업처리,2007-11-19 09:56:22,,,2007-04-05,,서울특별시 은평구 갈현동  ***-**,2007311011123200009,3110000,,,,03,폐업,,,02-389-9611
,보령,2008-03-14,,,,2026-05-01 22:48:41,I,03,폐업처리,2008-03-15 11:18:11,,,2007-04-20,,서울특별시 은평구 갈현동  ***-** *F,2007311011123200011,3110000,,,,03,폐업,,,02-383-0677
,한림상사,2008-05-08,,,,2026-05-01 22:48:41,I,03,폐업처리,2008-05-09 09:41:59,,,2007-04-20,,서울특별시 은평구 불광동  ***-* 모델하우스 *층,2007311011123200012,3110000,,,,03,폐업,,,
,G.H갤러리,2007-07-31,,192610.318731196,454357.384904802,2026-05-01 22:48:41,I,03,폐업처리,2007-07-31 17:52:49,,,2007-04-27,122-923,서울특별시 은평구 응암동 ***번지 *호,2007311011123200013,3110000,서울특별시 은평구 응암로 *** (응암동),,,03,폐업,,,02-2685-2026
,비.에스.엠,2007-09-05,,193047.227779984,456161.99070213,2026-05-01 22:48:41,I,03,폐업처리,2007-09-06 08:42:14,,,2007-05-22,122-841,서울특별시 은평구 대조동 ***번지 **호 *층,2007311011123200015,3110000,"서울특별시 은평구 서오릉로 ** (대조동,*층)",,,03,폐업,,,
,리첸라이프라인,2007-09-04,,192576.600496455,454123.137809564,2026-05-01 22:48:41,I,03,폐업처리,2007-09-05 09:39:50,,,2007-05-30,122-010,서울특별시 은평구 응암동 ***번지 *호 *층,2007311011123200016,3110000,"서울특별시 은평구 응암로 *** (응암동,*층)",,,03,폐업,,,
180000000,(주)해피온누리에,2021-01-14,150000000,192032.797500297,455050.655130021,2026-05-01 22:48:41,I,03,폐업처리,2021-01-14 11:32:54,30000000,,2007-06-04,122-080,서울특별시 은평구 신사동 **번지 **호 *층,2007311011123200017,3110000,"서울특별시 은평구 은평로 ** (신사동,*층)",,,03,폐업,,,
,그린팜코리아,2007-12-31,,193261.188480809,455693.091351372,2026-05-01 22:48:41,I,03,폐업처리,2008-01-04 09:22:02,,,2007-06-14,122-834,서울특별시 은평구 녹번동 ***번지 **호,2007311011123200018,3110000,서울특별시 은평구 은평로**길 **-* (녹번동),,,03,폐업,,,
,인터준1,2008-01-24,,193257.009476883,457850.207685371,2026-05-01 22:48:41,I,03,폐업처리,2008-01-25 13:46:26,,,2007-07-02,122-866,서울특별시 은평구 불광동 ***번지 **호 지층동,2007311011123200019,3110000,"서울특별시 은평구 연서로**길 **-**, 지층동 (불광동)",,,03,폐업,,,
,혜빈정보통신,2015-07-29,,192816.383511588,457154.831172771,2026-05-01 22:48:41,I,03,폐업처리,2015-07-29 15:54:17,,,2007-07-18,122-842,서울특별시 은평구 대조동 ***번지 **호  *층,2007311011123200020,3110000,"서울특별시 은평구 연서로 ***-* (대조동,*층)",,,03,폐업,,,
1598568771,(주)제이투유지콤,2012-06-01,300000000,192998.369686678,455177.061469003,2026-05-01 22:48:41,I,03,폐업처리,2012-08-28 14:32:42,1169853999,,2007-07-23,122-010,서울특별시 은평구 응암동 ***번지 **호 파인빌딩 *층동,2007311011123200021,3110000,"서울특별시 은평구 응암로 ***, *층동 (응암동,파인빌딩)",,,03,폐업,,,63758711
419660760,(주)파워유지콤,2015-02-12,178848740,192998.369686678,455177.061469003,2026-05-01 22:48:41,I,03,폐업처리,2015-02-12 09:42:07,240812020,,2007-07-23,122-010,서울특별시 은평구 응암동 ***번지 **호 파인빌딩 *층동,2007311011123200022,3110000,"서울특별시 은평구 응암로 ***, *층동 (응암동,파인빌딩)",,,03,폐업,,,63758337
665183692,(주)케이에스지엠,2008-06-23,167771808,193392.620153444,455663.669589241,2026-05-01 22:48:41,I,03,폐업처리,2008-07-01 16:28:17,497411884,,2007-07-24,122-829,서울특별시 은평구 녹번동 **번지 **호 녹번빌딩 *층동,2007311011123200023,3110000,"서울특별시 은평구 서오릉로 **, *층동 (녹번동,녹번빌딩)",,,03,폐업,,,
,모세슈택,2007-12-14,,190454.651552293,453447.801645921,2026-05-01 22:48:41,I,03,폐업처리,2007-12-27 10:16:09,,,2007-07-30,122-878,서울특별시 은평구 수색동 ***번지 *호,2007311011123200024,3110000,서울특별시 은평구 수색로 *** (수색동),,,03,폐업,,,02-303-0741
,금산,2008-01-23,,192407.851865814,455412.370275649,2026-05-01 22:48:41,I,03,폐업처리,2008-01-25 13:47:10,,,2007-08-06,122-071,서울특별시 은평구 역촌동 **번지 *호 **통 *반 금산샤인빌 ***호,2007311011123200025,3110000,"서울특별시 은평구 은평로*길 **-*, ***호 (역촌동,금산샤인빌)",,,03,폐업,,,02-359-9319
,월드넷,2012-12-31,,192669.077262246,455207.510337417,2026-05-01 22:48:41,I,03,폐업처리,2012-12-31 17:53:06,,,2007-08-20,122-910,서울특별시 은평구 응암동 ***번지 **호 백명트랜디오피스텔  ***동 ***호,2007311011123200026,3110000,"서울특별시 은평구 은평로 **-*, ***동 ***호 (응암동,백명트랜디오피스텔)",,,03,폐업,,,02-352-9084
,더존코퍼레이션,2008-05-16,,192093.019112121,453717.323283293,2026-05-01 22:48:41,I,03,폐업처리,2008-05-17 16:05:14,,,2007-09-17,122-935,서울특별시 은평구 증산동 ***번지 *호 ***,2007311011123200028,3110000,"서울특별시 은평구 증산로 *** (증산동,***)",,,03,폐업,,,02-308-0875
,대상크로렐라,2009-03-09,,194023.836830347,455396.725650871,2026-05-01 22:48:41,I,03,폐업처리,2012-06-27 14:17:18,,,2007-09-20,122-906,서울특별시 은평구 응암동 **번지 *호,2007311011123200029,3110000,서울특별시 은평구 은평로 *** (응암동),,2009-12-08,03,폐업,,,02-358-0203
,해피월드홈쇼핑,2008-03-18,,193047.227779984,456161.99070213,2026-05-01 22:48:41,I,03,폐업처리,2008-03-21 17:20:15,,,2007-10-04,122-841,서울특별시 은평구 대조동 ***번지 **호,2007311011123200030,3110000,서울특별시 은평구 서오릉로 ** (대조동),,2007-10-04,03,폐업,,,02-387-5912
,심영라이프,2008-04-23,,193573.700810236,457522.938463153,2026-05-01 22:48:41,I,03,폐업처리,2009-01-02 13:52:14,,,2007-11-27,122-862,서울특별시 은평구 불광동 ***번지 ***호,2007311011123200034,3110000,서울특별시 은평구 연서로**가길 **-* (불광동),,,03,폐업,,,02-000-0000
,유유통상,2008-02-18,,192576.600496455,454123.137809564,2026-05-01 22:48:41,I,03,폐업처리,2009-01-02 13:50:20,,,2007-12-10,122-010,서울특별시 은평구 응암동 ***번지 *호 *층,2007311011123200035,3110000,"서울특별시 은평구 응암로 *** (응암동,*층)",,,03,폐업,,,02-2690-0509
,토모케이티,2009-10-21,,193590.756369942,456302.927376952,2026-05-01 22:48:41,I,03,폐업처리,2009-10-22 15:32:25,,,2007-12-12,122-030,서울특별시 은평구 대조동 **번지 **호 *층 ***호,2007311011123200036,3110000,"서울특별시 은평구 통일로**길 ** (대조동,*층 ***호)",,,03,폐업,,,02-000-0000
,차이조구,2017-03-10,,,,2026-05-01 22:48:41,I,03,폐업처리,2017-03-13 15:20:52,,,2007-12-17,122-011,서울특별시 은평구 응암동 **번지 **호 ***호,2007311011123200038,3110000,"서울특별시 은평구 은평로**길 *-*, ***호 (응암동)",,,03,폐업,,,02-6081-8968
,참다운녹즙,2009-06-17,,192469.624256601,454716.766679971,2026-05-01 22:48:41,I,03,폐업처리,2009-06-18 10:45:44,,,2008-01-04,122-926,서울특별시 은평구 응암동 ***번지 **호 *층,2008311011123200001,3110000,"서울특별시 은평구 불광천길 *** (응암동,*층)",,,03,폐업,,,
,이래씨티,2015-01-15,,192984.806264604,457290.975990508,2026-05-01 22:48:41,I,03,폐업처리,2015-01-15 16:16:14,,,2008-01-08,122-030,서울특별시 은평구 대조동 ***번지 **호 ***호,2008311011123200002,3110000,"서울특별시 은평구 통일로 ***-* (대조동,***호)",,,03,폐업,,,02-384-3220
,엠케이코리아,2008-06-04,,193047.227779984,456161.99070213,2026-05-01 22:48:41,I,03,폐업처리,2008-06-05 16:15:02,,,2008-03-18,122-841,서울특별시 은평구 대조동 ***번지 **호 *층,2008311011123200007,3110000,"서울특별시 은평구 서오릉로 ** (대조동,*층)",,,03,폐업,,,02-357-8389
290000000,에스엘엔(주),2017-10-31,150000000,193138.743580345,455325.930943773,2026-05-01 22:48:41,I,03,폐업처리,2017-11-01 11:24:21,140000000,,2008-03-27,122-010,서울특별시 은평구 응암동 **번지 **호 은경빌딩 *층,2008311011123200009,3110000,"서울특별시 은평구 은평로 *** (응암동,은경빌딩 *층)",,,03,폐업,,,02-717-2444
,에버그린,2008-06-20,,190454.651552293,453447.801645921,2026-05-01 22:48:41,I,03,폐업처리,2009-01-02 10:54:05,,,2008-04-16,122-878,서울특별시 은평구 수색동 ***번지 *호,2008311011123200010,3110000,서울특별시 은평구 수색로 *** (수색동),,,03,폐업,,,02-3114-3331
,굿 훼미리,2008-10-21,,193047.227779984,456161.99070213,2026-05-01 22:48:41,I,03,폐업처리,2008-10-21 16:50:12,,,2008-06-02,122-841,서울특별시 은평구 대조동 ***번지 **호 서정빌딩 ***,2008311011123200015,3110000,"서울특별시 은평구 서오릉로 ** (대조동,서정빌딩 ***)",,,03,폐업,,,02-385-5171
,미네랄헬스케어,2010-12-22,,191100.037469089,453842.444261662,2026-05-01 22:48:41,I,03,폐업처리,2010-12-22 14:41:35,,,2008-06-12,122-755,서울특별시 은평구 수색동 ***번지 *호 대림아파트 ***동 ****호,2008311013123200002,3110000,"서울특별시 은평구 은평터널로 ** (수색동,대림아파트 ***동 ****호)",,,03,폐업,,,070-7720-7777
,웰빙하우스,2009-08-05,,193124.799356819,455390.937320059,2026-05-01 22:48:41,I,03,폐업처리,2009-08-06 09:05:46,,,2008-06-26,122-906,서울특별시 은평구 응암동 **번지 **호 지층,2008311013123200003,3110000,"서울특별시 은평구 은평로 *** (응암동,지층)",,,03,폐업,,,02-357-1128
,허브인,2008-11-25,,192080.245711906,454104.17584093,2026-05-01 22:48:41,I,03,폐업처리,2008-12-01 09:35:26,,,2008-06-30,122-080,서울특별시 은평구 신사동 ***번지 **호,2008311013123200004,3110000,서울특별시 은평구 증산로**길 ** (신사동),,,03,폐업,,,02-379-3074
,녹십초알로에(서대문중앙지사),2013-08-19,,194149.311652603,455747.137277577,2026-05-01 22:48:41,I,03,폐업처리,2013-08-19 10:15:43,,,2008-07-10,122-827,서울특별시 은평구 녹번동 **번지 *호 *층,2008311013123200006,3110000,"서울특별시 은평구 통일로 *** (녹번동,*층)",,,03,폐업,,,02-387-8276
,H.B 인터내셔널,2008-12-02,,190454.651552293,453447.801645921,2026-05-01 22:48:41,I,03,폐업처리,2008-12-03 09:40:37,,,2008-07-08,122-878,서울특별시 은평구 수색동 ***번지 *호 지하 *층,2008311013123200007,3110000,"서울특별시 은평구 수색로 *** (수색동,지하 *층)",,,03,폐업,,,02-822-3021
,양지뷰티라인,2008-12-01,,192456.762859875,456710.246499956,2026-05-01 22:48:41,I,03,폐업처리,2008-12-01 14:32:42,,,2008-07-18,122-959,서울특별시 은평구 갈현동 ***번지 *호 *층,2008311013123200008,3110000,"서울특별시 은평구 서오릉로 *** (갈현동,*층)",,,03,폐업,,,02-353-5591
,마임 구산지사,2013-09-05,,192703.521506317,456949.22017962,2026-05-01 22:48:42,I,03,폐업처리,2013-09-05 14:04:57,,,2008-09-16,122-844,서울특별시 은평구 대조동 ***번지 **호,2008311013123200016,3110000,서울특별시 은평구 연서로 *** (대조동),,,03,폐업,,,02-303-8198
,대구홍보센타,2008-11-03,,193687.83561561,456469.658454439,2026-05-01 22:48:42,I,03,폐업처리,2008-11-24 10:09:12,,,2008-09-19,122-837,"서울특별시 은평구 대조동 **번지 *호 지하D,A호",2008311013123200017,3110000,"서울특별시 은평구 불광로 ** (대조동,지하D,A호)",,,03,폐업,,,02-764-0694
,MAIIM(마임),2009-09-24,,193818.672759638,456556.770342591,2026-05-01 22:48:42,I,03,폐업처리,2009-09-25 11:09:54,,,2008-10-28,122-858,서울특별시 은평구 불광동 ***번지 **호,2008311013123200020,3110000,서울특별시 은평구 불광로 ** (불광동),,,03,폐업,,,02-353-1071
,개미허리,2010-03-29,,192534.656897366,456773.714884876,2026-05-01 22:48:42,I,03,폐업처리,2010-03-30 09:52:11,,,2008-11-05,122-813,서울특별시 은평구 갈현동 ***번지 *호,2008311013123200024,3110000,서울특별시 은평구 연서로**길 **-* (갈현동),,,03,폐업,,,
,토원,2010-03-26,,192270.111330963,456286.45665192,2026-05-01 22:48:42,I,03,폐업처리,2010-03-31 17:09:08,,,2008-11-12,122-819,서울특별시 은평구 구산동 **번지 **호,2008311013123200025,3110000,서울특별시 은평구 연서로**길 **-* (구산동),,,03,폐업,,,02-352-3514
,씨유,2010-12-27,,192816.681922214,456146.152680098,2026-05-01 22:48:42,I,03,폐업처리,2010-12-27 14:55:51,,,2008-12-05,122-895,서울특별시 은평구 역촌동 *번지 **호,2008311013123200030,3110000,서울특별시 은평구 역말로 ** (역촌동),,,03,폐업,,,02-382-2583
,삼립허브텍,2010-01-19,,192919.205945137,455200.15452554,2026-05-01 22:48:42,I,03,폐업처리,2010-01-20 11:30:17,,,2008-12-05,122-010,서울특별시 은평구 응암동 ***번지 **호 *층,2008311013123200031,3110000,"서울특별시 은평구 은평로*길 ** (응암동,*층)",,,03,폐업,,,02-384-1142
,무안,2009-02-11,,192206.376842586,456900.26169874,2026-05-01 22:48:42,I,03,폐업처리,2009-02-12 14:30:28,,,2008-12-15,122-814,서울특별시 은평구 갈현동 ***번지 *호,2008311013123200032,3110000,서울특별시 은평구 갈현로 *** (갈현동),,,03,폐업,,,02-386-3749
,하나무역,2010-02-26,,193107.810259496,454544.419882744,2026-05-01 22:48:42,I,03,폐업처리,2010-02-26 16:44:20,,,2009-01-28,122-010,서울특별시 은평구 응암동 ***번지 **호,2009311013123200002,3110000,서울특별시 은평구 응암로**길 ** (응암동),,,03,폐업,,,02-353-8925
,한서교역,2007-04-13,,,,2026-05-01 22:37:01,I,03,폐업처리,2007-12-18 15:49:22,,,1996-01-01,,서울특별시 금천구 시흥동 ***- 유통상가 *동 ***호,1998317010523200032,3170000,,,,03,폐업,,,
,부흥메디칼,2007-08-16,,,,2026-05-01 22:37:02,I,03,폐업처리,2008-07-31 10:06:58,,,1996-01-01,,서울특별시 금천구 독산동 ***-* *층,1999317010523200049,3170000,,,,03,폐업,,,02-895-4211
,아모레금천특약점,2013-09-17,,191042.932198228,439289.688788079,2026-05-01 22:37:02,I,03,폐업처리,2013-09-17 12:58:43,,,2004-04-29,153-030,서울특별시 금천구 시흥동 ***번지 **호 ***호,1999317010523200135,3170000,"서울특별시 금천구 시흥대로 *** (시흥동,***호)",,,03,폐업,,,02-858-2125
,신우상사,2008-09-25,,,,2026-05-01 22:37:05,I,03,폐업처리,2008-12-12 10:23:38,,,1996-01-01,,서울특별시 금천구 독산동 ****-** 녹십초빌딩*** ******,2001317010523200131,3170000,,,,03,폐업,,,02-807-6157
,지구촌사랑,2016-03-31,,191382.773243475,439867.658365532,2026-05-01 22:37:39,I,03,폐업처리,2016-04-01 16:00:47,,,2011-01-17,153-030,서울특별시 금천구 시흥동 ***번지 **호,2011317014223200002,3170000,서울특별시 금천구 독산로**가길 ** (시흥동),,,03,폐업,,,
,한교원,2011-04-26,,191794.387105728,442013.609096475,2026-05-01 22:37:39,I,03,폐업처리,2011-09-07 13:52:41,,,2011-01-17,153-010,서울특별시 금천구 독산동 ***번지 *호 서원빌딩 ***,2011317014223200003,3170000,"서울특별시 금천구 남부순환로 **** (독산동,서원빌딩 ***)",,,03,폐업,,,
100000000,티에스씨멤시스(주),2011-01-19,100000000,190011.422799375,441509.69271459,2026-05-01 22:37:39,I,03,폐업처리,2011-01-19 09:38:53,0,,2003-07-21,153-023,서울특별시 금천구 가산동 **번지 **호,2011317014223200004,3170000,서울특별시 금천구 가산로*길 ** (가산동),,,03,폐업,,,
,유한메디헬스,2011-02-21,,190965.072886945,439836.227789505,2026-05-01 22:37:39,I,03,폐업처리,2011-02-21 14:11:25,,,2005-09-08,153-010,서울특별시 금천구 독산동 ****번지 *호,2011317014223200005,3170000,서울특별시 금천구 시흥대로 *** (독산동),,,03,폐업,,,
47000000000,(주)에프엔비모바일,2016-03-25,21000000000,191596.704923688,438876.10709557,2026-05-01 22:37:40,I,03,폐업처리,2016-03-25 16:21:47,26000000000,,2011-01-28,153-030,서울특별시 금천구 시흥동 ***번지,2011317014223200007,3170000,서울특별시 금천구 독산로 ** (시흥동),,,03,폐업,,,070-8226-0578
,나유타홀쇼핑,2011-07-20,,191659.51307314,441984.502153591,2026-05-01 22:37:40,I,03,폐업처리,2011-07-21 15:08:20,,,2011-02-10,153-010,서울특별시 금천구 독산동 ***번지 *호 금복빌딩지층*층,2011317014223200008,3170000,"서울특별시 금천구 남부순환로 **** (독산동,금복빌딩지층*층)",,,03,폐업,,,
200000000,(주)모노커뮤니케이션즈,2011-03-02,200000000,189282.557380259,442417.955057116,2026-05-01 22:37:41,I,03,폐업처리,2011-03-02 17:12:21,0,,2011-02-25,153-023,서울특별시 금천구 가산동 ***번지 *호 케이씨씨웰츠밸리 ***,2011317014223200009,3170000,"서울특별시 금천구 가산디지털*로 *** (가산동,케이씨씨웰츠밸리 ***)",,,03,폐업,,,
50000000,(주)비오엠홀딩스,2011-04-27,50000000,189538.020935968,441982.427934953,2026-05-01 22:37:41,I,03,폐업처리,2011-04-27 13:42:52,0,,2011-03-09,153-023,서울특별시 금천구 가산동 ***번지 **호 우림라이온스밸리비동***호,2011317014223200010,3170000,"서울특별시 금천구 가산디지털*로 *** (가산동,우림라이온스밸리비동***호)",,,03,폐업,,,
,마임 시흥남부지사,2013-08-21,,191397.796032306,438518.485081262,2026-05-01 22:37:41,I,03,폐업처리,2013-08-21 13:14:31,,,2011-03-15,153-031,서울특별시 금천구 시흥*동 ***번지 **호,2011317014223200012,3170000,서울특별시 금천구 독산로 * (시흥동),,,03,폐업,,,
,제니 언더웨어,2015-08-07,,189300.99056996,441593.025663978,2026-05-01 22:37:42,I,03,폐업처리,2015-08-07 18:46:22,,,2011-03-24,153-023,서울특별시 금천구 가산동 ***번지 *호 별관(사무동)*층,2011317014223200013,3170000,"서울특별시 금천구 가산디지털*로 ** (가산동,별관(사무동)*층)",,,03,폐업,,,
,제이케이씨(JKC),2012-08-17,,189982.344533404,441928.69040241,2026-05-01 22:37:42,I,03,폐업처리,2012-09-19 18:22:42,,,2011-03-30,153-023,서울특별시 금천구 가산동 **번지 *호 리더스타워 ****,2011317014223200014,3170000,"서울특별시 금천구 디지털로*길 ** (가산동,리더스타워 ****)",,,03,폐업,,,33977140
24207743115,(주)재능이아카데미,2012-07-04,22945387961,189452.382474246,442205.867457803,2026-05-01 22:37:42,I,03,폐업처리,2012-07-05 17:43:59,1262355154,,2011-05-30,153-023,서울특별시 금천구 가산동 ***번지 **호,2011317014223200020,3170000,서울특별시 금천구 가산디지털*로 *** (가산동),,,03,폐업,,,20285828
,희월드,2011-07-20,,191544.458991195,439859.106393286,2026-05-01 22:37:46,I,03,폐업처리,2011-07-26 13:21:50,,,2011-07-19,153-030,서울특별시 금천구 시흥동 ***번지 *호,2011317014223200032,3170000,서울특별시 금천구 독산로**길 * (시흥동),,,03,폐업,,,1566-0926
,유니베라 금천 대리점,2013-12-31,,191576.435197062,438672.117694981,2026-05-01 22:37:47,I,03,폐업처리,2014-02-13 14:24:37,,,2011-07-27,153-030,서울특별시 금천구 시흥동 ***번지 *호 *층,2011317014223200033,3170000,"서울특별시 금천구 독산로 ** (시흥동,*층)",,,03,폐업,,,
50000000,(주)에듀프라임,2020-09-24,50000000,189855.309927286,441540.894601732,2026-05-01 22:37:47,I,03,폐업처리,2020-09-24 08:49:16,0,,2011-08-08,153-023,서울특별시 금천구 가산동 **번지 **호 에이스하이엔드타워*차 ****,2011317014223200034,3170000,"서울특별시 금천구 벚꽃로 ***, ****호 (가산동, 에이스하이엔드타워*차)",,,03,폐업,,,
200000000,(주)경성네트웍,2021-11-25,200000000,191113.674823972,438711.564180845,2026-05-01 22:37:48,I,03,폐업처리,2021-11-26 11:07:51,0,,2011-08-08,,서울특별시 금천구 시흥동 ***번지 **호,2011317014223200035,3170000,"서울특별시 금천구 시흥대로**길 **, ***호 (시흥동)",08635,,03,폐업,,,
,동양,2011-10-28,,191436.657592504,438492.594496018,2026-05-01 22:37:48,I,03,폐업처리,2011-10-28 13:58:20,,,2011-08-10,153-030,서울특별시 금천구 시흥동 ***번지 백운타워지하*층,2011317014223200036,3170000,"서울특별시 금천구 독산로 * (시흥동,백운타워지하*층)",,,03,폐업,,,
,레드티,2012-01-02,,189314.711435401,442585.933234852,2026-05-01 22:37:48,I,03,폐업처리,2012-01-02 13:34:02,,,2011-08-19,153-023,서울특별시 금천구 가산동 ***번지 **호 에이스하이엔드*차 제**층****호,2011317014223200037,3170000,"서울특별시 금천구 가산디지털*로 *** (가산동,에이스하이엔드*차 제**층****호)",,,03,폐업,,,63441932
75000000,(주)예드림티피에스,2015-04-07,50000000,189943.546219232,441990.817436962,2026-05-01 22:37:49,I,03,폐업처리,2015-04-07 18:29:41,50000000,,2011-09-01,153-023,서울특별시 금천구 가산동 **번지 **호 이앤씨드림타워*차 ***,2011317014223200039,3170000,"서울특별시 금천구 디지털로*길 ** (가산동,이앤씨드림타워*차 ***)",,,03,폐업,,,070-8239-8224
0,(주)영일,2012-06-18,30000000,189647.046752134,441677.096205358,2026-05-01 22:37:49,I,03,폐업처리,2012-06-20 15:53:41,0,,2011-11-23,153-023,서울특별시 금천구 가산동 ***번지 **호 STXV-TOWER,2011317014223200045,3170000,서울특별시 금천구 가산디지털*로 *** (가산동),,,03,폐업,,,
0,애니자임(주),2012-06-18,30000000,189647.046752134,441677.096205358,2026-05-01 22:37:49,I,03,폐업처리,2012-06-20 15:53:15,0,,2011-11-24,153-023,서울특별시 금천구 가산동 ***번지 **호 stxv-tower**층**호,2011317014223200047,3170000,"서울특별시 금천구 가산디지털*로 *** (가산동, STXV-TOWER**층**호)",,,03,폐업,,,
50000000,(주)에이치제이테크,2014-01-22,50000000,189722.178532426,441920.972770099,2026-05-01 22:37:49,I,03,폐업처리,2014-01-22 13:32:30,0,,2011-12-06,153-023,서울특별시 금천구 가산동 **번지 **호 sj테크노빌 ****호,2011317014223200048,3170000,"서울특별시 금천구 벚꽃로 ***, ****호 (가산동, sj테크노빌)",,,03,폐업,,,33973812
0,(주)이오니아 생활건강,2011-12-27,0,189685.715834343,442026.454121483,2026-05-01 22:37:50,I,03,폐업처리,2011-12-27 16:52:41,0,,2005-12-26,153-023,서울특별시 금천구 가산동 **번지 **호 리더스타워***호,2011317014223200051,3170000,"서울특별시 금천구 벚꽃로 *** (가산동,리더스타워***호)",,,03,폐업,,,0505-896-8000
2735729241,(주)아이레보엔에스,2009-02-09,1032500000,189208.487613747,442298.784420302,2026-05-01 22:37:19,I,03,폐업처리,2009-02-09 16:45:27,445029987,,2007-11-20,153-023,서울특별시 금천구 가산동 ***번지 *호 아이레보빌딩 *층,2008317010523200056,3170000,"서울특별시 금천구 가산디지털*로 ***-** (가산동,아이레보빌딩 *층)",,,03,폐업,,,02-2107-5757
,마임,2013-08-21,,190999.108992423,441526.689932913,2026-05-01 22:37:19,I,03,폐업처리,2013-08-21 13:16:05,,,2007-10-25,153-010,서울특별시 금천구 독산동 ***번지 *호 ***호,2008317010523200057,3170000,"서울특별시 금천구 시흥대로 *** (독산동,***호)",,,03,폐업,,,02-854-9344
,브라보,2009-10-28,,191191.868732053,439144.877856068,2026-05-01 22:37:19,I,03,폐업처리,2009-10-28 14:35:08,,,2007-10-23,153-030,서울특별시 금천구 시흥동 ***번지 *호 *층,2008317010523200058,3170000,"서울특별시 금천구 시흥대로 *** (시흥동,*층)",,,03,폐업,,,02-809-3280
,국제어학연수원,2010-04-02,,189127.981104583,442460.505542105,2026-05-01 22:37:20,I,03,폐업처리,2010-04-02 15:50:10,,,2007-08-30,153-023,서울특별시 금천구 가산동 ***번지 **호 벽산/경인디지털 ***호,2008317010523200060,3170000,"서울특별시 금천구 가산디지털*로 *** (가산동,벽산/경인디지털 ***호)",,,03,폐업,,,02-856-9388
97724848,(주)한경오세대통신,2009-01-29,32374998,189369.53962474,441629.361414684,2026-05-01 22:37:20,I,03,폐업처리,2009-03-23 14:41:28,65349850,,2007-08-16,153-768,서울특별시 금천구 가산동 ***번지 *호 IT캐슬 *-***,2008317010523200061,3170000,"서울특별시 금천구 가산디지털*로 ** (가산동,IT캐슬 *-***)",,,03,폐업,,,02-859-2100
46545455,(주)현대이엔컨트롤,2009-03-20,10000000,189089.927764903,442569.300676147,2026-05-01 22:37:20,I,03,폐업처리,2009-03-20 16:39:48,36545455,,2008-08-12,153-775,서울특별시 금천구 가산동 ***번지 **호 대륭테크노타워*차 ****호,2008317010523200064,3170000,"서울특별시 금천구 가마산로 ** (가산동,대륭테크노타워*차 ****호)",,,03,폐업,,,02-2163-0394
,에스엔케이,2008-09-19,,191196.763527392,438720.837491236,2026-05-01 22:37:20,I,03,폐업처리,2009-02-06 10:19:01,,,2008-08-13,153-030,서울특별시 금천구 시흥동 ***번지 *호,2008317010523200065,3170000,서울특별시 금천구 시흥대로**길 **-** (시흥동),,,03,폐업,,,02-879-1675
,다원 company,2009-04-16,,189364.095969911,441746.981529543,2026-05-01 22:37:20,I,03,폐업처리,2009-04-16 17:46:31,,,2008-09-25,153-023,서울특별시 금천구 가산동 ***번지 *호 뉴티캐슬***,2008317010523200066,3170000,"서울특별시 금천구 가산디지털*로 *** (가산동,뉴티캐슬***)",,,03,폐업,,,26268966
,제일보청기,2013-05-08,,188974.800556597,442207.640866217,2026-05-01 22:37:20,I,03,폐업처리,2013-05-08 11:17:19,,,2008-10-16,153-023,서울특별시 금천구 가산동 ***번지 *호 서울디지털드림타운 ***호,2008317010523200069,3170000,"서울특별시 금천구 가산디지털*로 ***-**, ***호 (가산동,서울디지털드림타운)",,,03,폐업,,,
,라이프케어,2009-01-29,,191802.612812408,438730.158439791,2026-05-01 22:37:21,I,03,폐업처리,2009-01-14 11:49:53,,,2008-10-24,153-035,서울특별시 금천구 시흥동 ***번지 **호 *층,2008317010523200070,3170000,"서울특별시 금천구 금하로**길 *-* (시흥동,*층)",,,03,폐업,,,
,가을뷰티,2011-06-17,,190184.354672369,441885.229476175,2026-05-01 22:37:21,I,03,폐업처리,2011-06-17 16:01:27,,,2008-10-28,153-023,서울특별시 금천구 가산동 ***번지 *호 *층,2008317010523200071,3170000,"서울특별시 금천구 디지털로 *** (가산동,*층)",,,03,폐업,,,
,디-쇼핑,2010-06-28,,189722.178532426,441920.972770099,2026-05-01 22:37:21,I,03,폐업처리,2010-06-28 13:48:56,,,2008-11-17,153-023,서울특별시 금천구 가산동 **번지 **호 SJ테크노빌 ***호,2008317010523200078,3170000,"서울특별시 금천구 벚꽃로 ***, ***호 (가산동,SJ테크노빌)",,,03,폐업,,,33973578
177609929,(주)투에이치비젼,2015-11-26,200000000,189538.020935968,441982.427934953,2026-05-01 22:37:21,I,03,폐업처리,2015-11-26 15:09:56,0,,2008-11-20,153-023,서울특별시 금천구 가산동 ***번지 **호 우림라이온스밸리 B동 ***호,2008317010523200080,3170000,"서울특별시 금천구 가산디지털*로 ***, B동 ***호 (가산동,우림라이온스밸리)",,,03,폐업,,,20263536
283414711,(주)캐치아이,2009-02-02,108743971,189538.020935968,441982.427934953,2026-05-01 22:37:21,I,03,폐업처리,2009-02-02 18:31:05,174670740,,2008-11-25,153-023,서울특별시 금천구 가산동 ***번지 **호 우림라이온스밸리 B동 ***호,2008317010523200082,3170000,"서울특별시 금천구 가산디지털*로 ***, B동 ***호 (가산동,우림라이온스밸리)",,,03,폐업,,,
,그린에너지,2011-03-28,,189314.711435401,442585.933234852,2026-05-01 22:37:21,I,03,폐업처리,2011-03-28 13:37:56,,,2008-12-02,153-023,서울특별시 금천구 가산동 ***번지 **호 에이스하이엔드타워*차제*층 ***,2008317010523200084,3170000,"서울특별시 금천구 가산디지털*로 *** (가산동,에이스하이엔드타워*차제*층 ***)",,,03,폐업,,,1588-9948
,케세코이에스시,2009-12-03,,189788.849463856,441731.610478567,2026-05-01 22:37:21,I,03,폐업처리,2009-12-03 17:59:56,,,2008-12-12,153-023,서울특별시 금천구 가산동 **번지 **호 월드메르디앙*차 ***호,2008317010523200088,3170000,"서울특별시 금천구 벚꽃로 ***, ***호 (가산동,월드메르디앙*차)",,2008-12-12,03,폐업,,,1544-1229
,미도유통,2009-04-20,,191917.450107657,438699.77460936,2026-05-01 22:37:21,I,03,폐업처리,2009-07-12 17:37:43,,,2008-12-17,153-030,서울특별시 금천구 시흥동 ***번지 **호 *층 *호,2008317010523200089,3170000,"서울특별시 금천구 금하로 *** (시흥동,*층 *호)",,2008-12-17,03,폐업,,,
83547579,(주)코리아아트애드,2017-03-09,100000000,189538.020935968,441982.427934953,2026-05-01 22:37:21,I,03,폐업처리,2017-03-09 14:18:15,0,,2009-01-02,153-023,서울특별시 금천구 가산동 ***번지 **호 우림라이온스밸리B동 ***호,2009317010523200001,3170000,"서울특별시 금천구 가산디지털*로 ***, ***호 (가산동, 우림라이온스밸리B동)",,,03,폐업,,,20265900
50000000,(주)코스트롱바이오,2009-07-31,50000000,189748.024164036,442174.424111843,2026-05-01 22:37:21,I,03,폐업처리,2009-08-03 16:44:55,2500000,,2009-01-13,153-023,서울특별시 금천구 가산동 **번지 **호 스타밸리 ****호,2009317010523200002,3170000,"서울특별시 금천구 디지털로*길 **, ****호 (가산동,스타밸리)",,,03,폐업,,,32818889
26778527629,(주)강남가로수,2012-01-30,1050000000,189450.60600488,441142.645065053,2026-05-01 22:37:21,I,03,폐업처리,2012-02-01 11:06:13,939560096,,2009-01-28,153-023,서울특별시 금천구 가산동 ***번지 *호,2009317010523200004,3170000,서울특별시 금천구 가산디지털*로 ** (가산동),,2009-01-28,03,폐업,,,21056360
,다온시스템,2009-06-19,,189685.715834343,442026.454121483,2026-05-01 22:37:21,I,03,폐업처리,2016-06-21 14:53:10,,,2009-02-05,153-023,서울특별시 금천구 가산동 **번지 **호 러더스타워 ***호,2009317010523200006,3170000,"서울특별시 금천구 벚꽃로 ***, ***호 (가산동,러더스타워)",,,03,폐업,,,
,미라클자격개발원,2012-04-18,,189089.927764903,442569.300676147,2026-05-01 22:37:21,I,03,폐업처리,2012-06-20 15:58:07,,,2009-02-25,153-023,서울특별시 금천구 가산동 ***번지 **호 대륭테크노타워*차 ***호,2009317010523200007,3170000,"서울특별시 금천구 가마산로 **, ***호 (가산동,대륭테크노타워*차)",,2009-02-25,03,폐업,,,
,독산건강생활,2013-08-29,,,,2026-05-01 22:37:13,I,03,폐업처리,2013-08-29 19:38:51,,,1996-01-01,,서울특별시 금천구 시흥동 ***-* *.서우빌딩*층,2005317010523200281,3170000,,,,03,폐업,,,02-894-8924
,교차로신문(주),2009-06-30,,,,2026-05-01 22:37:14,I,03,폐업처리,2009-07-02 16:47:06,,,1996-01-01,,서울특별시 금천구 독산동 ****-* *층,2005317010523200291,3170000,,,,03,폐업,,,02-898-1245
,벤처마트,2005-06-20,,,,2026-05-01 22:37:14,I,03,폐업처리,2010-03-02 15:35:24,,,1996-01-01,,서울특별시 금천구 시흥동 ***-* 백운타워 지하*층,2005317010523200297,3170000,,,,03,폐업,,,02-808-0761
10000000,(주)퓨윈,2008-06-25,30000000,,,2026-05-01 22:37:15,I,03,폐업처리,2008-06-26 15:48:42,1000000,,1996-01-01,,서울특별시 금천구 독산동 ***-*,2005317010523200304,3170000,,,,03,폐업,,,02-864-3377
1,서진인터네셔널,2008-06-27,1,,,2026-05-01 22:37:15,I,03,폐업처리,2008-06-27 16:50:35,1,,1996-01-01,,서울특별시 금천구 가산동 ***-**,2005317010523200305,3170000,,,,03,폐업,,,02-855-0460
,위나아만도(주)웰빙구로지점,2009-11-17,,,,2026-05-01 22:37:15,I,03,폐업처리,2009-11-17 14:54:55,,,1996-01-01,,서울특별시 금천구 가산동 **-** 월드메르디앙벤쳐센타***호,2005317010523200307,3170000,,,,03,폐업,,,
1,한국몬테소리판매(주)서울지점,2008-06-27,1,,,2026-05-01 22:37:15,I,03,폐업처리,2008-06-27 16:48:36,1,,1996-01-01,,서울특별시 금천구 독산동 ***-*,2005317010523200308,3170000,,,,03,폐업,,,02-864-3377
,KB교육연구원,2010-04-02,,,,2026-05-01 22:37:15,I,03,폐업처리,2010-04-02 15:48:12,,,1996-01-01,,서울특별시 금천구 가산동 ***-** 벽산디지탈벨리*차***호,2005317010523200317,3170000,,,,03,폐업,,,02-856-9384
,이지정보통신,2007-05-31,,,,2026-05-01 22:37:15,I,03,폐업처리,2008-02-21 00:00:00,,,2005-10-17,,서울특별시 금천구 가산동 ***-* 대륭테크노타운*-***호,2005317010523200328,3170000,,,,03,폐업,,,02-861-5600
1777032501,(주)유투넷,2012-06-28,160000000,189228.282678816,441767.908595592,2026-05-01 22:37:15,I,03,폐업처리,2012-06-28 13:35:34,1039710518,,1996-01-01,153-023,서울특별시 금천구 가산동 ***번지 대륭테크노타운*차*층 ***호,2005317010523200329,3170000,"서울특별시 금천구 가산디지털*로 *** (가산동,대륭테크노타운*차*층 ***호)",,,03,폐업,,,02-861-5600
,유니베라시흥남부대리점,2009-12-29,,191675.120967274,438891.205343357,2026-05-01 22:37:15,I,03,폐업처리,2009-12-29 15:07:55,,,1996-01-01,153-030,서울특별시 금천구 시흥동 ***번지 **호,2006317010523200341,3170000,서울특별시 금천구 금하로 *** (시흥동),,,03,폐업,,,02-867-1700
,피앤씨,2024-05-27,,191839.526145486,438620.299874891,2026-05-01 22:37:16,I,03,폐업처리,2024-05-30 09:58:04,,,1996-01-01,,서울특별시 금천구 시흥동 ***-**,2006317010523200347,3170000,서울특별시 금천구 금하로**길 **(시흥동),08644,,03,폐업,,,
80636335148,(주)에스지엔지,2012-01-30,14869685000,,,2026-05-01 22:37:16,I,03,폐업처리,2012-02-01 10:56:00,10561889561,,1996-01-01,,서울특별시 금천구 가산동 ***-*,2006317010523200349,3170000,,,,03,폐업,,,02-2105-6300
,(주)에이스미래,2009-09-21,,,,2026-05-01 22:37:16,I,03,폐업처리,2009-09-21 17:00:58,,,1996-01-01,,서울특별시 금천구 독산동 ****-** 유진빌딩*층,2006317010523200353,3170000,,,,03,폐업,,,02-806-8655
,로얄라이프,2013-04-10,,191155.73686605,441466.140230346,2026-05-01 22:37:50,I,03,폐업처리,2013-04-10 10:47:36,,,2012-01-02,153-011,서울특별시 금천구 독산*동 ***번지 **호,2012317014223200001,3170000,서울특별시 금천구 시흥대로***길 **-* (독산동),,,03,폐업,,,
600000000,(주)제로뱅크,2013-03-14,600000000,189538.020935968,441982.427934953,2026-05-01 22:37:50,I,03,폐업처리,2013-03-14 14:44:12,0,,2012-01-05,153-023,서울특별시 금천구 가산동 ***번지 **호 우림라이온스밸리에이동 ****,2012317014223200003,3170000,서울특별시 금천구 가산디지털*로 *** (가산동),,,03,폐업,,,1661-3266
,현대하이테크,2018-11-02,,189685.715834343,442026.454121483,2026-05-01 22:37:50,I,03,폐업처리,2018-11-02 12:24:38,,,2012-01-17,153-023,서울특별시 금천구 가산동 **번지 **호 리더스타워 ***호,2012317014223200005,3170000,"서울특별시 금천구 벚꽃로 ***, ***호 (가산동)",,,03,폐업,,,20266644
,이지테크,2012-10-05,,189917.493331104,442031.656022304,2026-05-01 22:37:50,I,03,폐업처리,2012-10-05 15:35:33,,,2012-02-03,153-023,서울특별시 금천구 가산동 **번지 *호 코오롱테크노밸리 ****호,2012317014223200006,3170000,"서울특별시 금천구 디지털로*길 **, ****호 (가산동, 코오롱테크노밸리)",,,03,폐업,,,1544-7622
,제주 진 농장,2016-06-17,,191226.287379467,437914.06299827,2026-05-01 22:37:50,I,03,폐업처리,2016-06-21 14:26:31,,,2012-03-13,153-755,서울특별시 금천구 시흥*동 ***번지 시흥유통상가 *동 ***호,2012317014223200009,3170000,"서울특별시 금천구 시흥대로 **, *동 ***호 (시흥동, 시흥유통상가)",,,03,폐업,,,21032288
50000000,주식회사 올레애드,2015-12-22,50000000,189055.138252216,441958.334400683,2026-05-01 22:37:50,I,03,폐업처리,2015-12-23 09:57:06,0,,2012-04-02,153-719,서울특별시 금천구 가산동 ***번지 *호 대성디폴리스 B동 ****호,2012317014223200012,3170000,"서울특별시 금천구 서부샛길 ***, B동 ****호 (가산동, 대성디폴리스)",,,03,폐업,,,
,커뮤즈 파트너스,2012-12-27,,191038.107713494,438920.098153288,2026-05-01 22:37:50,I,03,폐업처리,2012-12-28 08:45:52,,,2012-04-04,153-031,서울특별시 금천구 시흥*동 ***번지 **호 산들파크빌 *동 ***호,2012317014223200013,3170000,"서울특별시 금천구 시흥대로**길 **-**, *동 ***호 (시흥동, 산들파크빌)",,,03,폐업,,,070-4046-2429
30000000,웰빙코리아,2014-07-08,30000000,191065.83073172,440462.341373332,2026-05-01 22:37:50,I,03,폐업처리,2014-07-08 16:08:59,0,,2012-04-09,153-011,서울특별시 금천구 독산*동 ****번지 연흥빌딩지층*호,2012317014223200015,3170000,"서울특별시 금천구 범안로 ****, 지층 *호 (독산동, 연흥빌딩)",,,03,폐업,,,
,성화텔레콤,2016-06-23,,189369.53962474,441629.361414684,2026-05-01 22:37:51,I,03,폐업처리,2016-06-24 16:05:17,,,2012-05-24,153-023,서울특별시 금천구 가산동 ***번지 *호 롯데it캐슬 *동 ***호,2012317014223200023,3170000,"서울특별시 금천구 가산디지털*로 **, *동 ***호 (가산동, 롯데it캐슬)",,,03,폐업,,,20826500
0,(주)국일이앤씨,2012-06-15,0,189979.841396839,439315.464911957,2026-05-01 22:37:51,I,03,폐업처리,2012-06-20 15:56:03,0,,2005-12-28,153-011,서울특별시 금천구 독산*동 ****번지 KT금천지점*층,2012317014223200024,3170000,"서울특별시 금천구 한내로 ** (독산동,KT금천지점*층)",,,03,폐업,,,
1948046102,(주)레이딕스텍,2018-09-11,728899676,189127.981104583,442460.505542105,2026-05-01 22:37:51,I,03,폐업처리,2018-09-12 10:35:43,1219146426,,2012-06-18,153-023,서울특별시 금천구 가산동 ***번지 **호 벽산디지털밸리*차 ****호,2012317014223200026,3170000,"서울특별시 금천구 가산디지털*로 ***, ****호 (가산동, 벽산디지털밸리*차)",,,03,폐업,,,21131530
1281439702,주식회사 썬에버,2013-05-07,400000000,189829.504142672,441618.071646624,2026-05-01 22:37:51,I,03,폐업처리,2013-05-07 09:56:18,1159693404,,2012-07-04,,,2012317014223200029,3170000,"서울특별시 금천구 벚꽃로 ***, ****호 (가산동, 벽산디지털밸리*차)",,,03,폐업,,,070-7835-4406
,서울금천 건강생활,2013-12-31,,190877.9899453,440964.438480712,2026-05-01 22:37:51,I,03,폐업처리,2013-12-31 13:14:43,,,2012-08-03,,,2012317014223200033,3170000,"서울특별시 금천구 시흥대로 ***, ***호 (독산동, D.D.S빌딩,*층***-***호)",,,03,폐업,,,
,오휘 금천중앙지사,2013-12-17,,192368.43764933,438690.814038292,2026-05-01 22:37:51,I,03,폐업처리,2013-12-17 16:23:49,,,2007-07-11,,,2012317014223200034,3170000,"서울특별시 금천구 금하로 ***, ***호 (시흥동, 벽산아파트중심상가)",,,03,폐업,,,
930301647,조은케이블서비스 주식회사,2017-12-07,25000000,188830.030176986,442538.866901281,2026-05-01 22:37:51,I,03,폐업처리,2017-12-07 14:31:33,216253840,,2012-09-04,153-023,서울특별시 금천구 가산동 ***번지 ***호,2012317014223200036,3170000,"서울특별시 금천구 가마산로 ** (가산동, 신선빌딩*층)",,,03,폐업,,,070-7011-2042
9585000000,삼미정보시스템(주),2020-11-20,1800000000,189353.050637528,442493.020182986,2026-05-01 22:37:51,I,03,폐업처리,2020-11-20 09:17:58,5600000000,,2012-09-04,,,2012317014223200037,3170000,"서울특별시 금천구 가산디지털*로 *** (가산동, 코오롱디지털애스턴빌딩**층)",,,03,폐업,,,
,김정문알로에 금천지점,2013-10-18,,190932.076039993,439328.50476394,2026-05-01 22:37:51,I,03,폐업처리,2013-10-18 11:20:22,,,2012-09-21,153-031,서울특별시 금천구 시흥*동 ***번지 *호,2012317014223200041,3170000,"서울특별시 금천구 시흥대로**길 **, ***호 (시흥동, 무지개상가)",,,03,폐업,,,67465422
100000000,주식회사 인재교육,2015-11-05,100000000,189202.600232089,441848.24299943,2026-05-01 22:37:51,I,03,폐업처리,2015-11-06 16:00:19,0,,2012-09-25,153-023,서울특별시 금천구 가산동 ***번지 *호,2012317014223200042,3170000,"서울특별시 금천구 가산디지털*로 *** (가산동, 월드메르디앙벤처센터*차,***~***호)",,,03,폐업,,,1600-9989
574322003,(주)제로뱅크,2012-10-17,600000000,189538.020935968,441982.427934953,2026-05-01 22:37:51,I,03,폐업처리,2012-10-18 17:38:23,596926790,,2012-10-10,,,2012317014223200044,3170000,"서울특별시 금천구 가산디지털*로 ***, ****호 (가산동, 우림라이온스밸리에이동)",,,03,폐업,,,070-4070-0043
74000000,뉴코리아시스템(주),2013-01-28,50000000,189685.715834343,442026.454121483,2026-05-01 22:37:51,I,03,폐업처리,2013-01-28 14:56:10,189000000,,2012-10-11,,,2012317014223200045,3170000,"서울특별시 금천구 벚꽃로 ***, ****호 (가산동, 리더스타워)",,,03,폐업,,,1644-5333
50000000,세중,2013-11-28,50000000,189538.020935968,441982.427934953,2026-05-01 22:37:51,I,03,폐업처리,2013-11-28 10:48:49,0,,2012-10-12,,,2012317014223200046,3170000,"서울특별시 금천구 가산디지털*로 ***, C동 ****호 (가산동, 우림라이온스밸리)",,,03,폐업,,,
70000000,주식회사 센서랜드,2014-10-20,70000000,190595.359849611,441175.087400489,2026-05-01 22:37:52,I,03,폐업처리,2014-10-20 14:33:32,0,,2012-10-26,153-011,서울특별시 금천구 독산*동 ***번지 **호,2012317014223200050,3170000,"서울특별시 금천구 시흥대로***길 **, *,*층 (독산동)",,,03,폐업,,,02-864-0095
50000000,(주)메디칼옵틱스,2014-01-07,50000000,189920.528610917,440521.85524888,2026-05-01 22:37:52,I,03,폐업처리,2014-01-07 16:37:29,0,,2012-11-01,,,2012317014223200051,3170000,"서울특별시 금천구 가산디지털*로 *, **층 ****호 (가산동)",,,03,폐업,,,
,한국교육개발원(윤선생영어교실),2011-08-29,,,,2026-05-01 22:37:06,I,03,폐업처리,2011-08-29 11:18:54,,,1996-01-01,,서울특별시 금천구 독산동 ***-**,2002317010523200117,3170000,,,,03,폐업,,,
,아니넷-E스쿨,2010-03-03,,,,2026-05-01 22:37:06,I,03,폐업처리,2010-03-03 13:47:03,,,1996-01-01,,서울특별시 금천구 가산동 ***-**,2002317010523200120,3170000,,,,03,폐업,,,02-859-7074
,(주)고객은우리들,2007-12-03,,,,2026-05-01 22:37:06,I,03,폐업처리,2007-12-04 09:07:58,,,1996-01-01,,서울특별시 금천구 독산동 ***-*,2002317010523200127,3170000,,,,03,폐업,,,
,(주)에이텍플러스,2022-01-11,,,,2026-05-01 22:37:07,I,03,폐업처리,2022-01-12 17:42:13,,,1996-01-01,,서울특별시 금천구 가산동 ***-* 대륭테크노타운*차***호,2002317010523200139,3170000,,,,03,폐업,,,02-2107-7979
,아모레화장품독산점,2013-09-11,,,,2026-05-01 22:37:09,I,03,폐업처리,2013-09-11 15:39:15,,,1996-01-01,,서울특별시 금천구 독산동 ***-**,2003317010523200161,3170000,,,,03,폐업,,,02-838-5382
,마임 금천시흥지사,2013-08-21,,191397.796032306,438518.485081262,2026-05-01 22:37:09,I,03,폐업처리,2013-08-21 13:15:20,,,2003-01-28,153-030,서울특별시 금천구 시흥동 ***번지 **호 *층,2003317010523200163,3170000,"서울특별시 금천구 독산로 * (시흥동,*층)",,2003-01-28,03,폐업,,,
,모세지사,2008-09-16,,,,2026-05-01 22:37:09,I,03,폐업처리,2008-12-12 10:25:22,,,1996-01-01,,서울특별시 금천구 시흥동 ***-* 나동 **호,2003317010523200168,3170000,,,,03,폐업,,,02-809-6799
,녹십초알로에금천점,2012-06-25,,,,2026-05-01 22:37:10,I,03,폐업처리,2012-06-26 11:19:16,,,1996-01-01,,서울특별시 금천구 시흥동 ***-** 신라A상가***호,2003317010523200174,3170000,,,,03,폐업,,,02-896-0595
,(주)파이컴,2014-05-14,,,,2026-05-01 22:37:10,I,03,폐업처리,2014-05-14 14:09:47,,,1996-01-01,,서울특별시 금천구 가산동 **-**,2003317010523200189,3170000,,,,03,폐업,,,02-3282-1979
,(주)프롬아이티,2006-12-13,,,,2026-05-01 22:37:10,I,03,폐업처리,2010-03-02 14:59:14,,,1996-01-01,,서울특별시 금천구 가산동 **-* 코오롱테크노밸리*층,2003317010523200190,3170000,,,,03,폐업,,,02-809-1530
,케이티-시스템,2009-08-06,,,,2026-05-01 22:37:11,I,03,폐업처리,2009-08-06 13:12:58,,,1996-01-01,,서울특별시 금천구 가산동 **-** 월드메르디앙센타***,2003317010523200196,3170000,,,,03,폐업,,,02-2113-8280
,성도상사,2006-01-17,,,,2026-05-01 22:37:11,I,03,폐업처리,2010-03-15 10:13:14,,,1996-01-01,,서울특별시 금천구 독산동 ***-** 건성빌딩***호,2004317010523200012,3170000,,,,03,폐업,,,02-856-6890
,(주)드림애드텍,2012-06-25,,,,2026-05-01 22:37:11,I,03,폐업처리,2012-06-26 11:18:57,,,1996-01-01,,서울특별시 금천구 가산동 ***-**,2004317010523200235,3170000,,,,03,폐업,,,02-830-5952
