건물용도명,사업장명,폐업일자,좌표X,좌표Y,문화사업자구분명,문화체육업종명,데이터갱신시점,데이터갱신구분,상세영업상태코드,상세영업상태명,제작취급품목내용,시설면적,지상층수,최종수정시점,인허가취소일자,인허가일자,소재지우편번호,지번주소,관리번호,개방자치단체코드,지역구분명,도로명주소,도로명우편번호,영업상태구분코드,영업상태명,주변환경명,휴업시작일자,휴업종료일자,소재지전화번호,총층수,지하층수
,(주)종로서적출판,2003-08-26,198541.72075378,451935.633974889,출판인쇄업,출판사,2026-05-01 22:43:26,I,03,폐업,,,,2003-08-26 10:14:57,,1954-01-07,110-111,서울특별시 종로구 관철동 **-* 대왕빌딩,CDFG1251001954000001,3000000,,"서울특별시 종로구 우정국로*길 **  (관철동,대왕빌딩)",,03,폐업,,,,,,
,통문관,2001-01-29,198487.600307105,452512.02451823,출판인쇄업,출판사,2026-05-01 22:43:26,I,03,폐업,,0,,2003-02-07 09:13:27,,1954-08-07,110-300,서울특별시 종로구 관훈동 ***-*,CDFG1251001954000002,3000000,,서울특별시 종로구 인사동길 **-*  (관훈동),,03,폐업,,,,,,
,(주)장왕사,2019-01-31,197330.932682286,452503.479232886,출판인쇄업,출판사,2026-05-01 22:43:26,I,03,폐업,,0,,2019-02-01 11:21:37,,1955-11-28,110-053,서울특별시 종로구 내자동 ***-*,CDFG1251001955000002,3000000,,서울특별시 종로구 사직로*길 **-* (내자동),,03,폐업,,,,02-0000-0000,,
,장학출판사,1998-02-27,,,출판인쇄업,출판사,2026-05-01 22:43:26,I,03,폐업,,0,,2003-02-07 09:13:27,,1956-02-06,110-160,서울특별시 종로구 공평동 ***-***,CDFG1251001956000001,3000000,,,,03,폐업,,,,,,
,동양과학사,2011-01-18,199682.591820104,452532.406147829,출판인쇄업,출판사,2026-05-01 22:43:28,I,03,폐업,,0,,2011-01-18 14:52:58,,1961-07-19,110-450,서울특별시 종로구 원남동 ***-*,CDFG1251001961000004,3000000,,서울특별시 종로구 창경궁로 ***  (원남동),,03,폐업,,,,,,
,보문각,2001-02-14,,,출판인쇄업,출판사,2026-05-01 22:43:28,I,03,폐업,,0,,2003-02-07 09:13:27,,1962-10-06,110-130,서울특별시 종로구 청진동 ***-*,CDFG1251001962000003,3000000,,,,03,폐업,,,,,,
,도서출판 삼성음악사,1999-12-16,198619.725495317,451963.108329489,출판인쇄업,출판사,2026-05-01 22:43:28,I,03,폐업,,0,0,2003-02-07 09:13:27,,1963-07-05,110-122,서울특별시 종로구 종로*가 **-* ***호,CDFG1251001963000005,3000000,,"서울특별시 종로구 종로 **  (종로*가,***호)",,03,폐업,,,,,0,0
,대동문화사,2016-02-12,198736.418832264,453432.913832251,출판인쇄업,출판사,2026-05-01 22:43:29,I,03,폐업,,0,,2016-02-12 13:09:14,,1965-10-30,110-260,서울특별시 종로구 가회동 **-**,CDFG1251001965000005,3000000,,서울특별시 종로구 창덕궁길 ***-* (가회동),,03,폐업,,,,,,
,진학사,2021-08-24,198120.637972874,452198.433879026,출판인쇄업,출판사,2026-05-01 22:43:29,I,03,폐업,,0,,2021-09-01 10:46:43,,1966-07-23,110-130,서울특별시 종로구 청진동 ***-* 진학회관***호,CDFG1251001966000002,3000000,,"서울특별시 종로구 종로*길 ** (청진동,진학회관***호)",,03,폐업,,,,02-735-1285,,
,대한기독교교육협회,2019-01-24,200072.378101828,452291.689518232,출판인쇄업,출판사,2026-05-01 22:43:29,I,03,폐업,,,,2019-01-25 11:32:47,,1966-12-31,110-736,서울특별시 종로구 연지동 ***-** 한국기독교회관 B***호,CDFG1251001966000004,3000000,,"서울특별시 종로구 대학로 **, B***호 (연지동, 한국기독교회관)",,03,폐업,,,,02-744-7712,,
,세계문화사,2013-06-30,198305.209750852,452563.208895724,출판인쇄업,출판사,2026-05-01 22:43:29,I,03,폐업,,,,2013-07-26 15:51:30,,1967-05-15,110-140,서울특별시 종로구 수송동 **-*,CDFG1251001967000001,3000000,,서울특별시 종로구 율곡로 **-*  (수송동),,03,폐업,,,,02-732-4192,,
,청록출판사,2007-12-31,199660.998187045,453516.429817454,출판인쇄업,출판사,2026-05-01 22:43:29,I,03,폐업,,,,2007-12-31 13:59:58,,1967-06-19,110-812,서울특별시 종로구 명륜*가 ***-* 지층,CDFG1251001967000002,3000000,,"서울특별시 종로구 성균관로*가길 *-**  (명륜*가,지층)",,03,폐업,,,,,,
,보련각,2014-02-27,,,출판인쇄업,출판사,2026-05-01 22:43:29,I,03,폐업,,0,,2014-02-27 15:57:20,,1968-04-29,110-170,서울특별시 종로구 견지동 ***-** 신안빌딩***호,CDFG1251001968000001,3000000,,,,03,폐업,,,,,,
,홍법원,2014-11-20,198406.078021912,452348.274523069,출판인쇄업,출판사,2026-05-01 22:43:29,I,03,폐업,,0,,2014-11-20 15:28:38,,1968-05-20,110-170,서울특별시 종로구 견지동 **-*,CDFG1251001968000002,3000000,,서울특별시 종로구 우정국로 ** (견지동),,03,폐업,,,,,,
,도서출판 도산문화사,2002-08-30,198340.176294975,453346.414948418,출판인쇄업,출판사,2026-05-01 22:43:29,I,03,폐업,,0,0,2003-02-07 09:13:27,,1969-07-04,110-230,서울특별시 종로구 삼청동 **-***,CDFG1251001969000002,3000000,,서울특별시 종로구 삼청로*길 **  (삼청동),,03,폐업,,,,,0,0
,도서출판 경제통신사출판부,1998-11-04,198064.917796696,452560.808363642,출판인쇄업,출판사,2026-05-01 22:43:29,I,03,폐업,,0,0,2003-02-07 09:13:27,,1969-08-11,110-150,서울특별시 종로구 중학동 ***-*,CDFG1251001969000003,3000000,,서울특별시 종로구 종로*길 **  (중학동),,03,폐업,,,,,0,0
,대명출판사,2023-02-02,198242.368587188,452205.540538623,출판인쇄업,출판사,2026-05-01 22:43:29,I,03,폐업,,0,,2023-02-02 19:50:29,,1970-01-14,110-130,서울특별시 종로구 청진동 *-*,CDFG1251001970000001,3000000,,서울특별시 종로구 삼봉로 **  (청진동),,03,폐업,,,,,,
,주)기독교문사,2021-07-12,200506.272619139,451989.471459404,출판인쇄업,출판사,2026-05-01 22:43:29,I,03,폐업,,0,0,2021-07-12 15:35:03,,1970-02-27,,서울특별시 종로구 종로*가 ***-*,CDFG1251001970000003,3000000,,서울특별시 종로구 종로**길 ** (종로*가),03197,03,폐업,,,,02-2266-2117,0,0
,성지사,2001-02-03,198585.167158655,452108.771649542,출판인쇄업,출판사,2026-05-01 22:43:30,I,03,폐업,,0,,2003-02-07 09:13:27,,1972-05-15,110-290,서울특별시 종로구 인사동 ***-*,CDFG1251001972000002,3000000,,,,03,폐업,,,,,,
,일심서예학원출판부,2009-01-20,,,출판인쇄업,출판사,2026-05-01 22:43:31,I,03,폐업,,,,2009-01-20 13:03:47,,1973-06-01,110-130,서울특별시 종로구 청진동 ***-* 영동빌딩***호,CDFG1251001973000006,3000000,,,,03,폐업,,,,,,
,세기문화사,2015-04-21,,,출판인쇄업,출판사,2026-05-01 22:43:31,I,03,폐업,,0,,2015-04-21 15:29:11,,1974-01-09,110-100,서울특별시 종로구 교남동 *-* *층,CDFG1251001974000001,3000000,,"서울특별시 종로구 경교장길 * (교남동,*층)",,03,폐업,,,,,,
,인물연구소,2005-05-27,196399.561594329,452272.13807572,출판인쇄업,출판사,2026-05-01 22:43:31,I,03,폐업,,,,2005-05-27 12:17:36,,1974-09-24,110-090,서울특별시 종로구 교북동 *-**,CDFG1251001974000005,3000000,,서울특별시 종로구 통일로 ***  (교북동),,03,폐업,,,,,,
,천일출판부,1999-02-10,198645.975019691,452069.03389068,출판인쇄업,출판사,2026-05-01 22:43:31,I,03,폐업,,0,,2003-02-07 09:13:27,,1974-12-20,110-290,서울특별시 종로구 인사동 ***-*,CDFG1251001974000006,3000000,,서울특별시 종로구 종로**길 **  (인사동),,03,폐업,,,,,,
,세영사,2007-10-23,198980.615220061,452293.21515586,출판인쇄업,출판사,2026-05-01 22:43:31,I,03,폐업,,,,2007-10-23 16:43:45,,1975-01-18,110-320,서울특별시 종로구 낙원동 ***-* 청자빌딩***호,CDFG1251001975000001,3000000,,"서울특별시 종로구 수표로**길 **  (낙원동,청자빌딩***호)",,03,폐업,,,,,,
,고시연구사,2005-05-30,198242.368587188,452205.540538623,출판인쇄업,출판사,2026-05-01 22:43:31,I,03,폐업,,,,2005-05-30 14:30:12,,1975-02-21,110-130,서울특별시 종로구 청진동 *-* 대명 ***호,CDFG1251001975000002,3000000,,"서울특별시 종로구 삼봉로 **  (청진동,대명 ***호)",,03,폐업,,,,,,
,풍일사,2002-03-27,201858.924974779,452292.24548263,출판인쇄업,출판사,2026-05-01 22:43:31,I,03,폐업,,0,0,2003-02-07 09:13:27,,1975-03-14,110-825,서울특별시 종로구 숭인동 ***-*,CDFG1251001975000004,3000000,,서울특별시 종로구 난계로**길 **  (숭인동),,03,폐업,,,,,0,0
,수문서관,1998-08-20,,,출판인쇄업,출판사,2026-05-01 22:43:32,I,03,폐업,,0,,2003-02-07 09:13:27,,1975-10-17,110-170,서울특별시 종로구 견지동 ***-**,CDFG1251001975000015,3000000,,,,03,폐업,,,,,,
,(주)도서출판 청년사,2003-01-14,197618.459740824,452311.285166273,출판인쇄업,출판사,2026-05-01 22:43:32,I,03,폐업,,0,0,2003-02-07 09:13:27,,1976-03-19,110-070,서울특별시 종로구 내수동 *-* 옥빌딩 ***호,CDFG1251001976000003,3000000,,"서울특별시 종로구 새문안로*가길 **  (내수동,옥빌딩 ***호)",,03,폐업,,,,,0,0
,다보문화,2003-01-27,,,출판인쇄업,출판사,2026-05-01 22:43:33,I,03,폐업,,0,0,2003-02-07 09:13:27,,1976-04-10,110-130,서울특별시 종로구 청진동 ***-* 영한빌딩 ***호,CDFG1251001976000005,3000000,,,,03,폐업,,,,,0,0
,타임아카데미출판부,2001-03-28,198630.79627088,452035.412646906,출판인쇄업,출판사,2026-05-01 22:43:33,I,03,폐업,,0,,2003-02-07 09:13:27,,1977-01-21,110-122,서울특별시 종로구 종로*가 *,CDFG1251001977000001,3000000,,서울특별시 종로구 종로 **  (종로*가),,03,폐업,,,,,,
,한국수석연구소,2000-12-28,200436.244852949,452254.861644863,출판인쇄업,출판사,2026-05-01 22:43:34,I,03,폐업,,0,,2003-02-07 09:13:27,,1977-03-10,110-126,서울특별시 종로구 종로*가 ***-*,CDFG1251001977000005,3000000,,서울특별시 종로구 종로**가길 **-*  (종로*가),,03,폐업,,,,,,
,치과세계사,2002-06-08,197810.870807816,452038.057388797,출판인쇄업,출판사,2026-05-01 22:43:34,I,03,폐업,,0,0,2003-02-07 09:13:27,,1977-04-15,110-061,서울특별시 종로구 신문로*가 *-*,CDFG1251001977000007,3000000,,서울특별시 종로구 새문안로*길 *  (신문로*가),,03,폐업,,,,,0,0
,음양맥진출판사,2005-01-04,201960.304346071,452257.288274714,출판인쇄업,출판사,2026-05-01 22:43:34,I,03,폐업,,,,2005-04-08 09:31:39,,1977-08-04,110-829,서울특별시 종로구 숭인동 ****-* *층,CDFG1251001977000014,3000000,,"서울특별시 종로구 난계로 ***  (숭인동,*층)",,03,폐업,,,,22345144,,
,국제영어연구원,2000-03-31,197637.6027446,452274.751389446,출판인쇄업,출판사,2026-05-01 22:43:34,I,03,폐업,,0,0,2003-02-07 09:13:27,,1977-08-30,110-070,서울특별시 종로구 내수동 *-* 대성빌딩 ***호,CDFG1251001977000018,3000000,,"서울특별시 종로구 새문안로*가길 *  (내수동,대성빌딩 ***호)",,03,폐업,,,,,0,0
,통일홍보원,2000-09-30,198541.198941364,452385.729496099,출판인쇄업,출판사,2026-05-01 22:43:34,I,03,폐업,,0,0,2003-02-07 09:13:27,,1977-09-10,110-300,서울특별시 종로구 관훈동 ***-*,CDFG1251001977000022,3000000,,서울특별시 종로구 인사동**길 **  (관훈동),,03,폐업,,,,,0,0
,베텔성서간행사,2003-01-10,199689.745659165,452449.278783139,출판인쇄업,출판사,2026-05-01 22:43:34,I,03,폐업,,0,0,2003-02-07 09:13:27,,1977-10-28,110-450,서울특별시 종로구 원남동 ***-*,CDFG1251001977000026,3000000,,서울특별시 종로구 창경궁로 ***  (원남동),,03,폐업,,,,,0,0
,한국고시기획,2015-04-22,,,출판인쇄업,출판사,2026-05-01 22:43:35,I,03,폐업,,0,,2015-04-22 15:52:46,,1978-01-12,110-160,서울특별시 종로구 공평동 **-*,CDFG1251001978000001,3000000,,서울특별시 종로구 우정국로 **-* (공평동),,03,폐업,,,,,,
,크라운,1998-09-18,201282.378349367,452249.643664396,출판인쇄업,출판사,2026-05-01 22:43:35,I,03,폐업,,0,0,2003-02-07 09:13:27,,1978-02-03,110-841,서울특별시 종로구 창신동 ***-*,CDFG1251001978000002,3000000,,서울특별시 종로구 지봉로 **  (창신동),,03,폐업,,,,,0,0
,(주)소년학국도서,2001-12-18,198176.159239663,452574.67151361,출판인쇄업,출판사,2026-05-01 22:43:35,I,03,폐업,,0,,2003-02-07 09:13:27,,1978-03-04,110-150,서울특별시 종로구 중학동 **-*,CDFG1251001978000003,3000000,,서울특별시 종로구 율곡로 *  (중학동),,03,폐업,,,,,,
,행정고시연구 출판사,1999-05-12,198685.761389454,452015.63212884,출판인쇄업,출판사,2026-05-01 22:43:35,I,03,폐업,,0,0,2003-02-07 09:13:27,,1978-03-24,110-122,서울특별시 종로구 종로*가 **-*,CDFG1251001978000005,3000000,,서울특별시 종로구 종로 **  (종로*가),,03,폐업,,,,,0,0
,교양사회,2008-02-12,,,출판인쇄업,출판사,2026-05-01 22:43:35,I,03,폐업,,,,2008-02-12 11:17:44,,1978-04-13,110-130,서울특별시 종로구 청진동 ***-* 영동빌딩***,CDFG1251001978000006,3000000,,,,03,폐업,,,,,,
,통천문화사,2011-01-21,,,출판인쇄업,출판사,2026-05-01 22:43:35,I,03,폐업,,,,2011-01-21 17:44:08,,1978-04-20,110-091,서울특별시 종로구 행촌동 **-**,CDFG1251001978000007,3000000,,서울특별시 종로구 송월길 ***  (행촌동),,03,폐업,,,,02-737-7419,,
,중앙도서,1999-10-02,201401.146521259,452451.610483076,출판인쇄업,출판사,2026-05-01 22:43:35,I,03,폐업,,0,0,2003-02-07 09:13:27,,1978-05-01,110-824,서울특별시 종로구 숭인동 **-**,CDFG1251001978000010,3000000,,서울특별시 종로구 종로**길 **  (숭인동),,03,폐업,,,,,0,0
,파고다,1998-11-13,198892.023011278,451952.062116173,출판인쇄업,출판사,2026-05-01 22:43:35,I,03,폐업,,0,,2003-02-07 09:13:27,,1978-05-24,110-122,서울특별시 종로구 종로*가 **-*,CDFG1251001978000011,3000000,,서울특별시 종로구 종로 **  (종로*가),,03,폐업,,,,,,
,서필사,1999-05-26,197452.885104293,452711.139065838,출판인쇄업,출판사,2026-05-01 22:43:35,I,03,폐업,,0,0,2003-02-07 09:13:27,,1978-08-01,110-045,서울특별시 종로구 체부동 **-*,CDFG1251001978000017,3000000,,서울특별시 종로구 자하문로*가길 *  (체부동),,03,폐업,,,,,0,0
,성음각,1998-09-01,198444.58857438,453545.871968508,출판인쇄업,출판사,2026-05-01 22:43:36,I,03,폐업,,0,0,2003-02-07 09:13:27,,1978-10-27,110-230,서울특별시 종로구 삼청동 **-***,CDFG1251001978000024,3000000,,서울특별시 종로구 북촌로**길 **  (삼청동),,03,폐업,,,,,0,0
,진성사,2004-05-13,,,출판인쇄업,출판사,2026-05-01 22:43:36,I,03,폐업,,,,2004-05-13 15:25:26,,1979-02-28,110-092,서울특별시 종로구 홍파동 ***-*,CDFG1251001979000003,3000000,,,,03,폐업,,,,,,
,도서출판 가인,1999-12-07,198691.799418788,452546.547645387,출판인쇄업,출판사,2026-05-01 22:43:36,I,03,폐업,,0,0,2003-02-07 09:13:27,,1979-06-07,110-310,서울특별시 종로구 경운동 **-* 수운회관****,CDFG1251001979000008,3000000,,"서울특별시 종로구 삼일대로 ***  (경운동,수운회관****)",,03,폐업,,,,,0,0
,도서출판 교림,2017-06-09,198754.634182719,452404.979894277,출판인쇄업,출판사,2026-05-01 22:43:36,I,03,폐업,,0,,2017-06-09 09:59:11,,1979-07-25,110-310,서울특별시 종로구 경운동 **-*,CDFG1251001979000013,3000000,,서울특별시 종로구 인사동*길 ** (경운동),,03,폐업,,,,02-733-3334,,
,현대지능개발사,2007-06-18,200480.177581939,452225.923030749,출판인쇄업,출판사,2026-05-01 22:43:36,I,03,폐업,,,,2007-06-18 14:28:35,,1979-09-07,110-126,서울특별시 종로구 종로*가 ***-* 한덕빌딩 ***호,CDFG1251001979000017,3000000,,"서울특별시 종로구 종로**길 **  (종로*가,한덕빌딩 ***호)",,03,폐업,,,,02-764-5888,,
,영문화,1998-10-19,,,출판인쇄업,출판사,2026-05-01 22:43:36,I,03,폐업,,0,,2003-02-07 09:13:27,,1980-01-29,110-130,서울특별시 종로구 청진동 ***-* 삼공빌딩 ***,CDFG1251001980000002,3000000,,,,03,폐업,,,,,,
,도서출판가나출판사,2002-02-01,,,출판인쇄업,출판사,2026-05-01 22:43:36,I,03,폐업,,0,0,2003-02-07 09:13:27,,1980-02-16,110-102,서울특별시 종로구 평동 **-* 이화빌딩 *층,CDFG1251001980000007,3000000,,,,03,폐업,,,,,0,0
,(주)진학회관출판부,2021-08-24,198120.637972874,452198.433879026,출판인쇄업,출판사,2026-05-01 22:43:37,I,03,폐업,,0,,2021-08-24 17:49:18,,1980-03-05,110-130,서울특별시 종로구 청진동 ***-* 진학빌딩***호,CDFG1251001980000010,3000000,,"서울특별시 종로구 종로*길 **  (청진동,진학빌딩***호)",,03,폐업,,,,,,
,동아문예,1995-12-31,201875.26325709,452427.447562564,출판인쇄업,출판사,2026-05-01 22:43:37,I,03,폐업,,0,,2003-02-07 09:13:27,,1980-04-26,110-829,서울특별시 종로구 숭인동 ****,CDFG1251001980000018,3000000,,서울특별시 종로구 종로**길 **  (숭인동),,03,폐업,,,,,,
,시대,2018-03-14,198799.157886347,451963.25773821,출판인쇄업,출판사,2026-05-01 22:43:37,I,03,폐업,,0,,2018-03-19 15:16:32,,1980-06-14,110-122,서울특별시 종로구 종로*가 **-*,CDFG1251001980000023,3000000,,서울특별시 종로구 종로 ** (종로*가),,03,폐업,,,,,,
,중앙학력교사연구회,2007-11-20,,,출판인쇄업,출판사,2026-05-01 22:43:37,I,03,폐업,,,,2007-11-20 11:12:25,,1980-07-04,110-091,서울특별시 종로구 행촌동 **-*,CDFG1251001980000025,3000000,,서울특별시 종로구 송월길 ***-*  (행촌동),,03,폐업,,,,,,
,지하철문고사,2015-09-14,,,출판인쇄업,출판사,2026-05-01 22:43:37,I,03,폐업,,0,,2015-09-14 11:31:54,,1980-07-30,110-090,서울특별시 종로구 교북동 **-*,CDFG1251001980000029,3000000,,서울특별시 종로구 통일로 ***-** (교북동),,03,폐업,,,,02-704-1251,,
,문명사,2014-03-14,197094.551652537,451683.728773742,출판인쇄업,출판사,2026-05-01 22:43:37,I,03,폐업,,0,,2014-03-14 17:42:08,,1980-09-08,110-102,서울특별시 종로구 평동 ***-*,CDFG1251001980000031,3000000,,서울특별시 종로구 새문안로 ** (평동),,03,폐업,,,,,,
,(재)민족문화추진회,2008-03-10,196080.066854466,456270.51637491,출판인쇄업,출판사,2026-05-01 22:43:37,I,03,폐업,,,,2008-04-08 14:19:41,,1981-09-30,110-804,서울특별시 종로구 구기동 ***-*,CDFG1251001981000006,3000000,,서울특별시 종로구 비봉길 *  (구기동),,03,폐업,,,,,,
,재단법인연강재단출판,1998-01-23,199802.710174777,452086.577682893,출판인쇄업,출판사,2026-05-01 22:43:38,I,03,폐업,,0,0,2003-02-07 09:13:27,,1987-09-11,110-853,서울특별시 종로구 종로*가 **-*,CDFG1251001987000001,3000000,,서울특별시 종로구 종로 ***  (종로*가),,03,폐업,,,,,0,0
,연화출판사,2013-07-17,198922.187721608,452227.067733521,출판인쇄업,출판사,2026-05-01 22:43:38,I,03,폐업,,0,0,2013-07-18 09:11:32,,1987-12-15,110-320,서울특별시 종로구 낙원동 ***-* 중앙빌딩 ***호,CDFG1251001987000022,3000000,,"서울특별시 종로구 수표로 ***  (낙원동,중앙빌딩 ***호)",,03,폐업,,,,,0,0
,한국교육미디어,1999-05-11,199074.830588093,452095.549787281,출판인쇄업,출판사,2026-05-01 22:43:38,I,03,폐업,,0,0,2003-02-07 09:13:27,,1987-12-26,110-320,서울특별시 종로구 낙원동 ***-* 대한빌딩 ***호,CDFG1251001987000028,3000000,,"서울특별시 종로구 수표로**길 **  (낙원동,대한빌딩 ***호)",,03,폐업,,,,,0,0
,해외마케팅센타,2002-05-02,199176.254127183,452199.616096341,출판인쇄업,출판사,2026-05-01 22:43:38,I,03,폐업,,0,0,2003-02-07 09:13:27,,1987-12-26,110-370,서울특별시 종로구 묘동 ***-*,CDFG1251001987000031,3000000,,서울특별시 종로구 돈화문로 **-*  (묘동),,03,폐업,,,,,0,0
,도서출판 호산방,1999-02-27,198062.887604585,451944.499629593,출판인쇄업,출판사,2026-05-01 22:43:38,I,03,폐업,,0,0,2003-02-07 09:13:27,,1988-01-04,110-110,서울특별시 종로구 서린동 ***-* 한일빌딩 *호,CDFG1251001988000001,3000000,,"서울특별시 종로구 종로 **  (서린동,한일빌딩 *호)",,03,폐업,,,,,0,0
,형설사,2005-03-22,200275.07478465,452339.536663625,출판인쇄업,출판사,2026-05-01 22:43:38,I,03,폐업,,,,2005-03-23 09:30:36,,1988-01-07,110-850,서울특별시 종로구 효제동 ***-*,CDFG1251001988000002,3000000,,서울특별시 종로구 김상옥로 **  (효제동),,03,폐업,,,,,,
,도산문고,1999-03-23,200128.246670355,453322.292043622,출판인쇄업,출판사,2026-05-01 22:43:38,I,03,폐업,,0,0,2003-02-07 09:13:27,,1988-01-07,110-809,서울특별시 종로구 동숭동 *-** 흥사단 *층,CDFG1251001988000004,3000000,,"서울특별시 종로구 대학로 ***  (동숭동,흥사단 *층)",,03,폐업,,,,,0,0
,(주)문원사,2018-01-17,197348.757046041,452955.492523469,출판인쇄업,출판사,2026-05-01 22:43:38,I,03,폐업,,0,,2018-01-17 15:10:26,,1988-01-13,110-043,서울특별시 종로구 통인동 ***-*,CDFG1251001988000009,3000000,,서울특별시 종로구 자하문로*길 ** (통인동),,03,폐업,,,,,,
,새한교육출판사,2002-01-09,201892.553038324,452851.244339846,출판인쇄업,출판사,2026-05-01 22:43:39,I,03,폐업,,0,,2003-02-07 09:13:27,,1988-01-22,110-827,서울특별시 종로구 숭인동 ***,CDFG1251001988000015,3000000,,서울특별시 종로구 보문로*길 *-**  (숭인동),,03,폐업,,,,,,
,화술,2011-04-12,197715.090371964,456712.105084041,출판인쇄업,출판사,2026-05-01 22:43:39,I,03,폐업,,0,,2011-04-15 10:57:56,,1988-01-26,110-848,서울특별시 종로구 평창동 ***-*,CDFG1251001988000023,3000000,,서울특별시 종로구 평창**길 **  (평창동),,03,폐업,,,,,,
,영우,2022-04-21,200841.176868527,452049.502624754,출판인쇄업,출판사,2026-05-01 22:43:39,I,03,폐업,,0,0,2022-04-21 10:13:54,,1988-01-30,110-842,서울특별시 종로구 창신동 ***-* 삼성빌딩*층,CDFG1251001988000024,3000000,,"서울특별시 종로구 종로**길 **  (창신동,삼성빌딩*층)",,03,폐업,,,,,0,0
,한국학습개발원,2005-01-11,,,출판인쇄업,출판사,2026-05-01 22:43:39,I,03,폐업,,,,2005-01-11 17:20:02,,1988-02-10,110-090,서울특별시 종로구 교북동 **-* 연서빌딩***호,CDFG1251001988000028,3000000,,"서울특별시 종로구 통일로 ***  (교북동,연서빌딩***호)",,03,폐업,,,,,,
,포도원,1995-12-31,201134.476457497,452301.792729907,출판인쇄업,출판사,2026-05-01 22:43:39,I,03,폐업,,0,,2003-02-07 09:13:27,,1988-02-22,110-840,서울특별시 종로구 창신동 ***-*,CDFG1251001988000032,3000000,,서울특별시 종로구 종로**길 **  (창신동),,03,폐업,,,,,,
,이북도민보,2005-07-06,196041.839277471,456849.290514941,출판인쇄업,출판사,2026-05-01 22:43:39,I,03,폐업,,,,2005-07-06 17:44:42,,1988-02-22,110-804,서울특별시 종로구 구기동 ***-* 이북*도청내 연구소,CDFG1251001988000033,3000000,,"서울특별시 종로구 비봉길 **  (구기동,이북*도청내 연구소)",,03,폐업,,,,,,
,현,2004-04-01,,,출판인쇄업,출판사,2026-05-01 22:43:39,I,03,폐업,,,,2004-04-01 17:06:47,,1988-02-22,110-300,서울특별시 종로구 관훈동 **-*,CDFG1251001988000034,3000000,,,,03,폐업,,,,,,
,도서출판 역사비평사,2007-09-19,198627.651301732,453177.170137833,출판인쇄업,출판사,2026-05-01 22:43:39,I,03,폐업,,,,2007-09-19 16:57:18,,1988-02-22,110-260,서울특별시 종로구 가회동 ***-* *층,CDFG1251001988000038,3000000,,"서울특별시 종로구 북촌로 **-*  (가회동,*층)",,03,폐업,,,,02-741-6123,,
,화성교육출판사,1995-12-31,199209.912468116,451880.418948185,출판인쇄업,출판사,2026-05-01 22:43:39,I,03,폐업,,0,,2003-02-07 09:13:27,,1988-03-10,110-420,서울특별시 종로구 관수동 **-* 금강빌딩***,CDFG1251001988000041,3000000,,"서울특별시 종로구 돈화문로 *-*  (관수동,금강빌딩***)",,03,폐업,,,,,,
,고요한소리,2001-03-24,,,출판인쇄업,출판사,2026-05-01 22:43:39,I,03,폐업,,0,,2003-02-07 09:13:27,,1988-03-10,110-300,서울특별시 종로구 관훈동 ***-**,CDFG1251001988000042,3000000,,,,03,폐업,,,,,,
,인의,2024-03-27,199761.062396833,452253.74185427,출판인쇄업,출판사,2026-05-01 22:43:39,I,03,폐업,,0,,2024-03-27 09:57:31,,1988-03-11,110-410,서울특별시 종로구 인의동 **-*,CDFG1251001988000043,3000000,,서울특별시 종로구 창경궁로 ***-*  (인의동),,03,폐업,,,,,,
,인링구아출판사,2001-03-27,198585.290764513,451888.132413651,출판인쇄업,출판사,2026-05-01 22:43:39,I,03,폐업,,0,,2003-02-07 09:13:27,,1988-03-12,110-111,서울특별시 종로구 관철동 **-**,CDFG1251001988000044,3000000,,서울특별시 종로구 삼일대로**길 **  (관철동),,03,폐업,,,,,,
,국세원,1995-12-31,199142.197911318,452040.442392765,출판인쇄업,출판사,2026-05-01 22:43:39,I,03,폐업,,0,,2003-02-07 09:13:27,,1988-03-14,110-123,서울특별시 종로구 종로*가 ** ***호,CDFG1251001988000045,3000000,,"서울특별시 종로구 종로 ***-*  (종로*가,***호)",,03,폐업,,,,,,
,다사랑,2004-07-23,201236.543011311,451980.76162207,출판인쇄업,출판사,2026-05-01 22:43:39,I,03,폐업,,,,2004-07-23 15:33:42,,1988-03-15,110-842,서울특별시 종로구 창신동 ***-** 유람빌딩***호,CDFG1251001988000046,3000000,,"서울특별시 종로구 청계천로 ***  (창신동,유람빌딩***호)",,03,폐업,,,,,,
,한단시대,2000-03-31,,,출판인쇄업,출판사,2026-05-01 22:43:39,I,03,폐업,,0,0,2003-02-07 09:13:27,,1988-03-15,110-840,서울특별시 종로구 창신동 ***-* 진학빌딩***호,CDFG1251001988000047,3000000,,,,03,폐업,,,,,0,0
,광유사(주),1995-12-31,197278.891939281,453572.355620921,출판인쇄업,출판사,2026-05-01 22:43:39,I,03,폐업,,0,,2003-02-07 09:13:27,,1988-03-15,110-032,서울특별시 종로구 신교동 **-**,CDFG1251001988000048,3000000,,서울특별시 종로구 자하문로 **  (신교동),,03,폐업,,,,,,
,역사편찬회출판부,1999-06-29,201236.543011311,451980.76162207,출판인쇄업,출판사,2026-05-01 22:43:39,I,03,폐업,,0,0,2003-02-07 09:13:27,,1988-03-22,110-842,서울특별시 종로구 창신동 ***-** ***호,CDFG1251001988000051,3000000,,"서울특별시 종로구 청계천로 ***  (창신동,***호)",,03,폐업,,,,,0,0
,진명서적출판부,2002-07-30,200488.473495389,452031.842480538,출판인쇄업,출판사,2026-05-01 22:43:39,I,03,폐업,,0,0,2003-02-07 09:13:27,,1988-04-21,110-836,서울특별시 종로구 종로*가 ***-*,CDFG1251001988000060,3000000,,서울특별시 종로구 종로 ***-**  (종로*가),,03,폐업,,,,,0,0
,월간문학,2000-04-15,200141.793059543,453211.656794943,출판인쇄업,출판사,2026-05-01 22:43:39,I,03,폐업,,0,0,2003-02-07 09:13:27,,1988-04-23,110-765,서울특별시 종로구 동숭동 *-*** 예총회관 ***,CDFG1251001988000062,3000000,,"서울특별시 종로구 대학로 ***  (동숭동,예총회관 ***)",,03,폐업,,,,,0,0
,국악사,1999-09-28,199303.949211195,452160.847076944,출판인쇄업,출판사,2026-05-01 22:43:40,I,03,폐업,,0,0,2003-02-07 09:13:27,,1988-06-04,110-390,서울특별시 종로구 봉익동 ***-* 대림빌딩***호,CDFG1251001988000083,3000000,,"서울특별시 종로구 돈화문로*나길 **  (봉익동,대림빌딩***호)",,03,폐업,,,,22451303,0,0
,한림사,2010-02-19,199725.275938405,452734.287328161,출판인쇄업,출판사,2026-05-01 22:43:40,I,03,폐업,,0,,2010-02-19 15:25:35,,1988-06-20,110-450,서울특별시 종로구 원남동 ***-* 원남빌딩*층,CDFG1251001988000087,3000000,,"서울특별시 종로구 창경궁로 ***-*  (원남동,원남빌딩*층)",,03,폐업,,,,,,
,한국주류문화사,2000-09-19,,,출판인쇄업,출판사,2026-05-01 22:43:40,I,03,폐업,,0,0,2003-02-07 09:13:27,,1988-07-22,110-160,서울특별시 종로구 공평동 ***-* 광성빌딩 ***,CDFG1251001988000102,3000000,,"서울특별시 종로구 삼봉로 **  (공평동,광성빌딩 ***)",,03,폐업,,,,,0,0
,금진문화사,1999-06-29,201236.543011311,451980.76162207,출판인쇄업,출판사,2026-05-01 22:43:40,I,03,폐업,,0,0,2003-02-07 09:13:27,,1988-07-26,110-842,서울특별시 종로구 창신동 ***-** ***호,CDFG1251001988000105,3000000,,"서울특별시 종로구 청계천로 ***  (창신동,***호)",,03,폐업,,,,,0,0
,도서출판 인터네셔널,1999-12-14,198894.710045057,451914.457343408,출판인쇄업,출판사,2026-05-01 22:43:40,I,03,폐업,,0,0,2003-02-07 09:13:27,,1988-08-06,110-111,서울특별시 종로구 관철동 *-*,CDFG1251001988000108,3000000,,서울특별시 종로구 삼일대로**길 *  (관철동),,03,폐업,,,,20000217,0,0
,도서출판정토문화사,2019-12-18,199121.552856042,452271.904541876,출판인쇄업,출판사,2026-05-01 22:43:40,I,03,폐업,,0,0,2019-12-20 13:39:25,,1988-08-18,110-807,서울특별시 종로구 돈의동 ** 보명빌딩***호,CDFG1251001988000113,3000000,,"서울특별시 종로구 돈화문로**길 **  (돈의동,보명빌딩***호)",,03,폐업,,,,,0,0
,한국유아교육,2002-02-07,198467.712974372,452623.282097869,출판인쇄업,출판사,2026-05-01 22:43:40,I,03,폐업,,0,0,2003-02-07 09:13:27,,1988-09-01,110-240,서울특별시 종로구 안국동 ***-** *층,CDFG1251001988000116,3000000,,"서울특별시 종로구 율곡로 **  (안국동,*층)",,03,폐업,,,,,0,0
,도서출판자유,2001-05-15,199159.679411,452041.504146287,출판인쇄업,출판사,2026-05-01 22:43:40,I,03,폐업,,0,,2003-02-07 09:13:27,,1988-09-02,110-123,서울특별시 종로구 종로*가 **,CDFG1251001988000117,3000000,,서울특별시 종로구 종로 ***  (종로*가),,03,폐업,,,,,,
,도서출판 리화문화사,2000-06-01,199062.7921206,452680.037953364,출판인쇄업,출판사,2026-05-01 22:43:40,I,03,폐업,,0,0,2003-02-07 09:13:27,,1988-09-02,110-360,서울특별시 종로구 와룡동 ***-*,CDFG1251001988000118,3000000,,서울특별시 종로구 돈화문로 **  (와룡동),,03,폐업,,,,,0,0
,하도락서,2011-10-27,,,출판인쇄업,출판사,2026-05-01 22:43:40,I,03,폐업,,0,,2011-10-27 15:55:25,,1988-09-03,110-160,서울특별시 종로구 공평동 ***-* 광성빌딩***호,CDFG1251001988000120,3000000,,"서울특별시 종로구 삼봉로 **  (공평동,광성빌딩***호)",,03,폐업,,,,,,
,묵림,2006-07-28,,,출판인쇄업,출판사,2026-05-01 22:43:54,I,03,폐업,,,,2006-07-28 15:50:07,,1992-07-01,110-300,서울특별시 종로구 관훈동 ***-*,CDFG1251001992000074,3000000,,,,03,폐업,,,,,,
,한국사전연구사,1998-07-14,197531.473532345,452667.489960562,출판인쇄업,출판사,2026-05-01 22:43:54,I,03,폐업,,0,,2003-02-07 09:13:27,,1992-07-02,110-052,서울특별시 종로구 적선동 ***-*,CDFG1251001992000075,3000000,,서울특별시 종로구 자하문로*길 *  (적선동),,03,폐업,,,,,,
,대영서적,2003-01-27,,,출판인쇄업,출판사,2026-05-01 22:43:54,I,03,폐업,,0,0,2003-02-07 09:13:27,,1992-08-01,110-091,서울특별시 종로구 행촌동 **-**,CDFG1251001992000083,3000000,,서울특별시 종로구 송월길 ***  (행촌동),,03,폐업,,,,,0,0
,케이투문고,1999-06-22,198166.359660599,452193.22830404,출판인쇄업,출판사,2026-05-01 22:43:54,I,03,폐업,,0,0,2003-02-07 09:13:27,,1992-08-20,110-130,서울특별시 종로구 청진동 ***-*,CDFG1251001992000086,3000000,,서울특별시 종로구 삼봉로 **  (청진동),,03,폐업,,,,,0,0
,도서출판 씨아,1999-01-21,199090.41076982,452725.878400645,출판인쇄업,출판사,2026-05-01 22:43:54,I,03,폐업,,0,,2003-02-07 09:13:27,,1992-08-26,110-360,서울특별시 종로구 와룡동 ***-* ***호,CDFG1251001992000090,3000000,,"서울특별시 종로구 돈화문로 **  (와룡동,***호)",,03,폐업,,,,,,
,도서출판 대명,2000-05-12,201809.67645682,452460.718015096,출판인쇄업,출판사,2026-05-01 22:43:54,I,03,폐업,,0,0,2003-02-07 09:13:27,,1992-09-16,110-825,서울특별시 종로구 숭인동 ***-* 태정빌딩*층,CDFG1251001992000095,3000000,,"서울특별시 종로구 종로 ***  (숭인동,태정빌딩*층)",,03,폐업,,,,,0,0
,정은도서,2005-02-07,199788.863695909,451939.13018076,출판인쇄업,출판사,2026-05-01 22:43:54,I,03,폐업,,,,2005-02-07 17:25:19,,1992-09-24,110-833,서울특별시 종로구 예지동 ***-*,CDFG1251001992000096,3000000,,서울특별시 종로구 창경궁로**길 *  (예지동),,03,폐업,,,,22738261,,
,삼인출판사,2002-12-06,196188.676804345,456211.92274867,출판인쇄업,출판사,2026-05-01 22:43:54,I,03,폐업,,0,0,2003-02-07 09:13:27,,1992-09-24,110-803,서울특별시 종로구 구기동 **-* 인왕빌딩 ***호,CDFG1251001992000097,3000000,,"서울특별시 종로구 진흥로 ***  (구기동,인왕빌딩 ***호)",,03,폐업,,,,,0,0
,도서출판 신어림,2001-06-13,,,출판인쇄업,출판사,2026-05-01 22:43:54,I,03,폐업,,0,0,2003-02-07 09:13:27,,1992-09-24,110-051,서울특별시 종로구 도렴동 ***-* 성완빌딩 ***,CDFG1251001992000098,3000000,,"서울특별시 종로구 새문안로*길 **  (도렴동,성완빌딩 ***)",,03,폐업,,,,,0,0
,복음사,2010-01-15,197915.440169576,456722.463999965,출판인쇄업,출판사,2026-05-01 22:43:55,I,03,폐업,,0,,2010-01-15 19:25:10,,1992-09-26,110-846,서울특별시 종로구 평창동 ***-*,CDFG1251001992000099,3000000,,서울특별시 종로구 평창**길 **  (평창동),,03,폐업,,,,,,
,임어당,2010-01-19,,,출판인쇄업,출판사,2026-05-01 22:43:55,I,03,폐업,,0,,2010-01-20 08:44:04,,1992-10-10,110-100,서울특별시 종로구 교남동 *-*,CDFG1251001992000103,3000000,,서울특별시 종로구 경교장길 *  (교남동),,03,폐업,,,,,,
,(주)오우렙코리아,2004-05-11,197841.421685319,452035.176830457,출판인쇄업,출판사,2026-05-01 22:43:55,I,03,폐업,,,,2004-05-12 13:24:53,,1992-10-12,110-822,서울특별시 종로구 세종로 ***-* 세광빌딩*층,CDFG1251001992000107,3000000,,"서울특별시 종로구 세종대로 ***  (세종로,세광빌딩*층)",,03,폐업,,,,,,
,(주)득유사,1997-11-20,198507.336039332,452403.620812456,출판인쇄업,출판사,2026-05-01 22:43:55,I,03,폐업,,0,,2003-02-07 09:13:27,,1992-10-13,110-300,서울특별시 종로구 관훈동 ***-* 대형빌딩***호,CDFG1251001992000108,3000000,,"서울특별시 종로구 인사동**길 **  (관훈동,대형빌딩***호)",,03,폐업,,,,,,
,도서출판 크리폼,2016-01-22,198734.612395836,452193.942445812,출판인쇄업,출판사,2026-05-01 22:43:55,I,03,폐업,,0,0,2016-01-22 13:35:09,,1992-10-16,110-290,서울특별시 종로구 인사동 ***-* ***호,CDFG1251001992000109,3000000,,"서울특별시 종로구 인사동*길 * (인사동,***호)",,03,폐업,,,,,0,0
,경인,2006-02-08,198662.623149696,452496.735012336,출판인쇄업,출판사,2026-05-01 22:43:55,I,03,폐업,,,,2006-02-08 16:48:56,,1992-10-21,110-300,서울특별시 종로구 관훈동 **-*,CDFG1251001992000112,3000000,,서울특별시 종로구 인사동**길 **-*  (관훈동),,03,폐업,,,,02-516-9220,,
,재미나출판사,2001-07-23,198808.030946143,452017.793216907,출판인쇄업,출판사,2026-05-01 22:43:55,I,03,폐업,,0,,2003-02-07 09:13:27,,1992-10-23,110-122,서울특별시 종로구 종로*가 **-*,CDFG1251001992000115,3000000,,서울특별시 종로구 종로 **-*  (종로*가),,03,폐업,,,,,,
,훈민정음,2000-07-04,199024.157836526,452271.413337643,출판인쇄업,출판사,2026-05-01 22:43:55,I,03,폐업,,0,0,2003-02-07 09:13:27,,1992-10-28,110-320,서울특별시 종로구 낙원동 ***-*,CDFG1251001992000118,3000000,,서울특별시 종로구 돈화문로**길 **  (낙원동),,03,폐업,,,,22733151,0,0
,적토마,2000-06-26,198439.422099636,452438.138261154,출판인쇄업,출판사,2026-05-01 22:43:55,I,03,폐업,,0,0,2003-02-07 09:13:27,,1992-11-04,110-170,서울특별시 종로구 견지동 **-** *층,CDFG1251001992000120,3000000,,"서울특별시 종로구 우정국로 **-*  (견지동,*층)",,03,폐업,,,,32161369,0,0
,도서출판 아람책방,2013-05-24,199936.466171566,453971.536920663,출판인쇄업,출판사,2026-05-01 22:43:55,I,03,폐업,,0,,2013-05-24 15:17:11,,1992-11-07,110-530,서울특별시 종로구 혜화동 **-*,CDFG1251001992000123,3000000,,서울특별시 종로구 혜화로*길 *-*  (혜화동),,03,폐업,,,,,,
,태성 이.에이,2000-06-28,199670.979884558,452221.775006084,출판인쇄업,출판사,2026-05-01 22:43:55,I,03,폐업,,0,0,2003-02-07 09:13:27,,1992-11-07,110-410,서울특별시 종로구 인의동 ***-* 해운항만청 별관***,CDFG1251001992000125,3000000,,"서울특별시 종로구 창경궁로 ***  (인의동,해운항만청 별관***)",,03,폐업,,,,34433838,0,0
,일종문화사,1998-09-05,201672.369576972,452336.359033339,출판인쇄업,출판사,2026-05-01 22:43:55,I,03,폐업,,0,,2003-02-07 09:13:27,,1992-11-07,110-826,서울특별시 종로구 숭인동 ***-*,CDFG1251001992000126,3000000,,서울특별시 종로구 난계로**길 **-*  (숭인동),,03,폐업,,,,,,
,씨앙씨에,1999-01-29,199792.423824767,454167.977891264,출판인쇄업,출판사,2026-05-01 22:43:55,I,03,폐업,,0,,2003-02-07 09:13:27,,1992-11-11,110-521,서울특별시 종로구 명륜*가 **-*,CDFG1251001992000127,3000000,,서울특별시 종로구 성균관로 **  (명륜*가),,03,폐업,,,,,,
,우신,2013-12-02,,,출판인쇄업,출판사,2026-05-01 22:43:56,I,03,폐업,,0,,2013-12-02 16:24:05,,1992-11-19,110-123,서울특별시 종로구 종로*가 ***-*,CDFG1251001992000132,3000000,,,,03,폐업,,,,,,
,관음손,2023-02-13,,,출판인쇄업,출판사,2026-05-01 22:43:56,I,03,폐업,,0,,2023-02-14 17:21:37,,1992-11-28,110-170,서울특별시 종로구 견지동 **-* 상운중심*층,CDFG1251001992000137,3000000,,,,03,폐업,,,,,,
,금융경제연수사,2005-05-17,200008.831492823,452291.335627477,출판인쇄업,출판사,2026-05-01 22:43:56,I,03,폐업,,,,2005-05-17 15:34:14,,1992-12-24,110-470,서울특별시 종로구 연지동 ***-** 한국기독교연합회관 ****호,CDFG1251001992000146,3000000,,"서울특별시 종로구 김상옥로 **  (연지동,한국기독교연합회관 ****호)",,03,폐업,,,,,,
,새벗사,2000-03-30,199893.009675343,453829.469208475,출판인쇄업,출판사,2026-05-01 22:43:56,I,03,폐업,,0,0,2003-02-07 09:13:27,,1993-01-08,110-521,서울특별시 종로구 명륜*가 **-*,CDFG1251001993000002,3000000,,서울특별시 종로구 혜화로*길 *  (명륜*가),,03,폐업,,,,,0,0
,신안국문화진흥편찬위원회,1999-05-06,201236.543011311,451980.76162207,출판인쇄업,출판사,2026-05-01 22:43:56,I,03,폐업,,0,0,2003-02-07 09:13:27,,1993-01-25,110-842,서울특별시 종로구 창신동 ***-** 유람빌딩***호,CDFG1251001993000006,3000000,,"서울특별시 종로구 청계천로 ***  (창신동,유람빌딩***호)",,03,폐업,,,,,0,0
,도서출판 중심서원,2002-04-19,197116.438642275,454955.360510892,출판인쇄업,출판사,2026-05-01 22:43:56,I,03,폐업,,0,0,2003-02-07 09:13:27,,1993-01-27,110-816,서울특별시 종로구 부암동 **-*,CDFG1251001993000007,3000000,,서울특별시 종로구 백석동길 ***  (부암동),,03,폐업,,,,,0,0
,한국위험물 안전기술센터,2002-01-23,197583.394691008,452513.612017871,출판인쇄업,출판사,2026-05-01 22:43:56,I,03,폐업,,0,0,2003-02-07 09:13:27,,1993-02-01,110-052,서울특별시 종로구 적선동 ***-* 생산성빌딩 *층,CDFG1251001993000009,3000000,,"서울특별시 종로구 새문안로*가길 **  (적선동,생산성빌딩 *층)",,03,폐업,,,,,0,0
,입교문화,1998-06-25,200005.117382494,453610.610906535,출판인쇄업,출판사,2026-05-01 22:43:57,I,03,폐업,,0,,2003-02-07 09:13:27,,1993-02-04,110-530,서울특별시 종로구 혜화동 ***-* ***호,CDFG1251001993000010,3000000,,"서울특별시 종로구 창경궁로 ***  (혜화동,***호)",,03,폐업,,,,,,
,도서출판 장승,2008-02-20,198624.006469032,452310.752960617,출판인쇄업,출판사,2026-05-01 22:43:57,I,03,폐업,,,,2008-02-20 15:22:25,,1993-02-13,110-718,서울특별시 종로구 관훈동 ***-** 백상빌딩**-*호,CDFG1251001993000012,3000000,,"서울특별시 종로구 인사동*길 **  (관훈동,백상빌딩**-*호)",,03,폐업,,,,,,
,아거스,2004-01-31,201722.068673348,452311.527490922,출판인쇄업,출판사,2026-05-01 22:43:57,I,03,폐업,,,,2004-01-31 11:13:38,,1993-02-18,110-826,서울특별시 종로구 숭인동 ***-** 강남빌딩***호,CDFG1251001993000015,3000000,,"서울특별시 종로구 종로**가길 **  (숭인동,강남빌딩***호)",,03,폐업,,,,,,
,성서교재간행사,1998-09-05,199893.009675343,453829.469208475,출판인쇄업,출판사,2026-05-01 22:43:57,I,03,폐업,,0,,2003-02-07 09:13:27,,1993-02-19,110-521,서울특별시 종로구 명륜*가 **-*,CDFG1251001993000016,3000000,,서울특별시 종로구 혜화로*길 *  (명륜*가),,03,폐업,,,,,,
,서울음악학회,2006-12-06,198301.707230582,453805.253388222,출판인쇄업,출판사,2026-05-01 22:43:57,I,03,폐업,,,,2006-12-06 15:10:48,,1993-03-02,110-230,서울특별시 종로구 삼청동 ***-* 대하빌딩*층,CDFG1251001993000021,3000000,,,,03,폐업,,,,,,
,이레출판문화사,2003-10-27,198643.543485167,452199.798612424,출판인쇄업,출판사,2026-05-01 22:43:57,I,03,폐업,,,,2003-10-27 09:07:47,,1993-03-05,110-794,서울특별시 종로구 인사동 ***-* 하나로빌딩 ****동,CDFG1251001993000024,3000000,,"서울특별시 종로구 인사동*길 **, ****동 (인사동,하나로빌딩)",,03,폐업,,,,,,
,해성출판사,2010-03-19,198966.466796388,452608.062544497,출판인쇄업,출판사,2026-05-01 22:43:58,I,03,폐업,,0,0,2010-03-19 17:34:14,,1993-03-20,110-350,서울특별시 종로구 운니동 **-* 오피스텔월드 ***호,CDFG1251001993000031,3000000,,"서울특별시 종로구 율곡로*길 **,  ***호 (운니동,오피스텔월드)",,03,폐업,,,,02-735-3576,0,0
,선비고을,1999-05-06,201875.702357184,452412.128680276,출판인쇄업,출판사,2026-05-01 22:43:58,I,03,폐업,,0,0,2003-02-07 09:13:27,,1993-03-26,110-829,서울특별시 종로구 숭인동 ****-* 신안빌딩,CDFG1251001993000033,3000000,,"서울특별시 종로구 종로**길 **  (숭인동,신안빌딩)",,03,폐업,,,,,0,0
,양서,2013-01-25,,,출판인쇄업,출판사,2026-05-01 22:43:58,I,03,폐업,,0,,2013-01-25 09:42:11,,1993-04-14,110-102,서울특별시 종로구 평동 **-**,CDFG1251001993000039,3000000,,서울특별시 종로구 경교장*길 *  (평동),,03,폐업,,,,02-707-9901,,
,광은기획,2013-03-22,197401.904439938,452516.953248571,출판인쇄업,출판사,2026-05-01 22:43:58,I,03,폐업,,0,,2013-03-22 16:32:34,,1993-04-16,110-053,서울특별시 종로구 내자동 ***-* 희명빌딩*층,CDFG1251001993000040,3000000,,"서울특별시 종로구 사직로**길 **-*  (내자동,희명빌딩*층)",,03,폐업,,,,,,
,서림출판사,2001-03-07,201633.605833878,452465.228032446,출판인쇄업,출판사,2026-05-01 22:43:58,I,03,폐업,,0,,2003-02-07 09:13:27,,1993-04-24,110-824,서울특별시 종로구 숭인동 ***-*,CDFG1251001993000042,3000000,,서울특별시 종로구 종로 ***-*  (숭인동),,03,폐업,,,,21915151,,
,세지방,2005-01-27,199051.059457948,452076.540679215,출판인쇄업,출판사,2026-05-01 22:43:58,I,03,폐업,,,,2005-01-27 15:34:02,,1993-05-07,110-320,서울특별시 종로구 낙원동 ***-* 미동빌딩***호,CDFG1251001993000048,3000000,,"서울특별시 종로구 수표로**길 **  (낙원동,미동빌딩***호)",,03,폐업,,,,,,
,예도종합기획,1996-12-31,198063.052570633,452190.605539196,출판인쇄업,출판사,2026-05-01 22:43:59,I,03,폐업,,0,,2003-02-07 09:13:27,,1993-05-19,110-130,서울특별시 종로구 청진동 ***-* EC관광빌딩 *층,CDFG1251001993000051,3000000,,,,03,폐업,,,,,,
,은마,1997-12-31,199743.857385642,453359.613800074,출판인쇄업,출판사,2026-05-01 22:43:59,I,03,폐업,,0,,2003-02-07 09:13:27,,1993-05-20,110-524,서울특별시 종로구 명륜*가 ***-* 덕은빌딩*층,CDFG1251001993000052,3000000,,"서울특별시 종로구 창경궁로 ***  (명륜*가,덕은빌딩*층)",,03,폐업,,,,,,
,(주)국은경제연구소,1998-11-25,197567.93800572,452276.454633376,출판인쇄업,출판사,2026-05-01 22:43:59,I,03,폐업,,0,,2003-02-07 09:13:27,,1993-05-31,110-070,서울특별시 종로구 내수동 ***-*,CDFG1251001993000056,3000000,,서울특별시 종로구 새문안로*길 **  (내수동),,03,폐업,,,,,,
,과학사랑,1995-12-31,201910.20923187,452423.292008671,출판인쇄업,출판사,2026-05-01 22:43:59,I,03,폐업,,0,,2003-02-07 09:13:27,,1993-06-02,110-829,서울특별시 종로구 숭인동 **** 아이템플***호,CDFG1251001993000057,3000000,,"서울특별시 종로구 난계로**가길 *  (숭인동,아이템플***호)",,03,폐업,,,,,,
,좋은아침,2003-11-20,201793.583461764,452398.693006915,출판인쇄업,출판사,2026-05-01 22:43:59,I,03,폐업,,,,2003-11-20 09:27:34,,1993-06-02,110-825,서울특별시 종로구 숭인동 ***-** 영도빌딩***호,CDFG1251001993000058,3000000,,"서울특별시 종로구 난계로**길 **  (숭인동,영도빌딩***호)",,03,폐업,,,,,,
,대성기획,2007-03-26,201784.037007442,452370.542174947,출판인쇄업,출판사,2026-05-01 22:43:59,I,03,폐업,,,,2007-03-26 11:31:04,,1993-06-08,110-825,서울특별시 종로구 숭인동 ***-** 대성빌딩***호,CDFG1251001993000060,3000000,,"서울특별시 종로구 종로**가길 **  (숭인동,대성빌딩***호)",,03,폐업,,,,,,
,안보문제연구원출판사,2012-06-22,197401.904439938,452516.953248571,출판인쇄업,출판사,2026-05-01 22:43:59,I,03,폐업,,0,,2012-06-22 14:03:54,,1993-06-16,110-053,서울특별시 종로구 내자동 ***-*,CDFG1251001993000064,3000000,,서울특별시 종로구 사직로**길 **-*  (내자동),,03,폐업,,,,,,
,한빛기획,2004-05-06,201633.605833878,452465.228032446,출판인쇄업,출판사,2026-05-01 22:43:59,I,03,폐업,,,,2004-05-06 14:20:03,,1993-06-18,110-824,서울특별시 종로구 숭인동 ***-* 서림빌딩*층*호,CDFG1251001993000066,3000000,,"서울특별시 종로구 종로 ***-*  (숭인동,서림빌딩*층*호)",,03,폐업,,,,,,
,도서출판 (재)한국해사위험물검사원,2013-12-16,200008.831492823,452291.335627477,출판인쇄업,출판사,2026-05-01 22:44:00,I,03,폐업,,0,0,2013-12-16 20:13:20,,1993-07-07,110-740,서울특별시 종로구 연지동 ***-** 기독교연합회관 ****호,CDFG1251001993000072,3000000,,"서울특별시 종로구 김상옥로 **, ****호 (연지동,기독교연합회관)",,03,폐업,,,,02-766-1631,0,0
,민족정신선양회,2001-06-04,,,출판인쇄업,출판사,2026-05-01 22:44:00,I,03,폐업,,0,,2003-02-07 09:13:27,,1993-07-13,110-090,서울특별시 종로구 교북동 **-* 연서빌딩***호,CDFG1251001993000074,3000000,,"서울특별시 종로구 통일로 ***  (교북동,연서빌딩***호)",,03,폐업,,,,,,
,삼경사,1998-06-29,,,출판인쇄업,출판사,2026-05-01 22:44:00,I,03,폐업,,0,,2003-02-07 09:13:27,,1993-07-21,110-130,서울특별시 종로구 청진동 ***-*,CDFG1251001993000079,3000000,,,,03,폐업,,,,,,
,우일문화사,2009-01-22,201229.681342267,452203.624671071,출판인쇄업,출판사,2026-05-01 22:44:00,I,03,폐업,,,,2009-01-22 17:44:30,,1993-07-26,110-841,서울특별시 종로구 창신동 ***-*,CDFG1251001993000081,3000000,,서울특별시 종로구 종로**길 *-**  (창신동),,03,폐업,,,,,,
,알곡,2012-11-28,,,출판인쇄업,출판사,2026-05-01 22:44:01,I,03,폐업,,0,,2012-11-28 17:09:14,,1993-08-09,110-102,서울특별시 종로구 평동 **-*,CDFG1251001993000088,3000000,,,,03,폐업,,,,,,
,협동경영원,2001-07-07,,,출판인쇄업,출판사,2026-05-01 22:44:04,I,03,폐업,,0,0,2003-02-07 09:13:27,,1993-09-08,110-100,서울특별시 종로구 교남동 **-* 오봉빌딩별관***,CDFG1251001993000103,3000000,,"서울특별시 종로구 통일로 ***  (교남동,오봉빌딩별관***)",,03,폐업,,,,,0,0
,도서출판 학영사,2002-01-30,,,출판인쇄업,출판사,2026-05-01 22:44:04,I,03,폐업,,0,0,2003-02-07 09:13:27,,1993-09-10,110-054,서울특별시 종로구 사직동 *-* 사학회관,CDFG1251001993000105,3000000,,,,03,폐업,,,,,0,0
,도서출판 신화창조,2000-10-13,200240.881673889,453113.662949511,출판인쇄업,출판사,2026-05-01 22:44:05,I,03,폐업,,0,0,2003-02-07 09:13:27,,1993-09-27,110-809,서울특별시 종로구 동숭동 *-*** 동원빌딩 *층,CDFG1251001993000111,3000000,,"서울특별시 종로구 대학로*가길 ***  (동숭동,동원빌딩 *층)",,03,폐업,,,,,0,0
,도서출판 푸르름,2001-12-03,198747.894972875,452208.662075201,출판인쇄업,출판사,2026-05-01 22:44:05,I,03,폐업,,0,,2003-02-07 09:13:27,,1993-10-09,110-290,서울특별시 종로구 인사동 ***-* 성보빌딩***호,CDFG1251001993000113,3000000,,"서울특별시 종로구 인사동길 **  (인사동,성보빌딩***호)",,03,폐업,,,,,,
,다모아기획,2001-05-24,,,출판인쇄업,출판사,2026-05-01 22:44:05,I,03,폐업,,0,,2003-02-07 09:13:27,,1993-10-16,110-140,서울특별시 종로구 수송동 ***-*,CDFG1251001993000115,3000000,,서울특별시 종로구 율곡로*길 **  (수송동),,03,폐업,,,,,,
,도서출판 한교,2002-01-17,200555.823313257,452439.730541646,출판인쇄업,출판사,2026-05-01 22:44:06,I,03,폐업,,0,0,2003-02-07 09:13:27,,1993-11-06,110-844,서울특별시 종로구 충신동 **-** 학원빌딩 ***호,CDFG1251001993000127,3000000,,,,03,폐업,,,,,0,0
,한국기업경영연구원,2008-04-04,198783.662701312,452122.430070163,출판인쇄업,출판사,2026-05-01 22:44:06,I,03,폐업,,,,2008-04-04 13:22:44,,1993-11-10,110-290,서울특별시 종로구 인사동 ***-* 파고다빌딩***호,CDFG1251001993000129,3000000,,"서울특별시 종로구 인사동길 *  (인사동,파고다빌딩***호)",,03,폐업,,,,,,
,어울림,2003-12-09,200853.232241133,452407.249079837,출판인쇄업,출판사,2026-05-01 22:44:06,I,03,폐업,,,,2003-12-09 10:21:09,,1993-11-10,110-843,서울특별시 종로구 창신동 ***-**,CDFG1251001993000130,3000000,,서울특별시 종로구 창신길 **  (창신동),,03,폐업,,,,,,
,도서출판기독교복음문화사,2002-12-05,198783.662701312,452122.430070163,출판인쇄업,출판사,2026-05-01 22:44:06,I,03,폐업,,0,0,2003-02-07 09:13:27,,1993-11-18,110-290,서울특별시 종로구 인사동 ***-* 파고다빌딩 ***호,CDFG1251001993000132,3000000,,"서울특별시 종로구 인사동길 *  (인사동,파고다빌딩 ***호)",,03,폐업,,,,,0,0
,책보고,2008-09-05,199709.092076238,454132.686458619,출판인쇄업,출판사,2026-05-01 22:44:06,I,03,폐업,,,,2008-11-05 17:10:18,,1993-11-27,110-521,서울특별시 종로구 명륜*가 *-**,CDFG1251001993000138,3000000,,서울특별시 종로구 성균관로 **  (명륜*가),,03,폐업,,,,,,
,도서출판 환경운동연합,2014-06-05,197211.218334648,452873.565649254,출판인쇄업,출판사,2026-05-01 22:44:06,I,03,폐업,,0,0,2014-06-05 14:12:35,,1993-12-01,110-806,서울특별시 종로구 누하동 ***-*,CDFG1251001993000139,3000000,,서울특별시 종로구 필운대로 ** (누하동),,03,폐업,,,,,0,0
,도서출판 조영,1999-12-27,199140.959526059,452373.514383675,출판인쇄업,출판사,2026-05-01 22:44:07,I,03,폐업,,0,0,2003-02-07 09:13:27,,1993-12-16,110-370,서울특별시 종로구 묘동 ***-* 태종빌딩***호,CDFG1251001993000145,3000000,,"서울특별시 종로구 돈화문로 **  (묘동,태종빌딩***호)",,03,폐업,,,,,0,0
,(주)와이.비.엠,1999-12-14,198967.485585703,451963.629526849,출판인쇄업,출판사,2026-05-01 22:44:07,I,03,폐업,,0,0,2003-02-07 09:13:27,,1993-12-28,110-122,서울특별시 종로구 종로*가 **-* *층,CDFG1251001993000147,3000000,,"서울특별시 종로구 종로 ***  (종로*가,*층)",,03,폐업,,,,20000217,0,0
,도서출판 (주)비봉,1999-12-29,198913.496136105,452416.170780139,출판인쇄업,출판사,2026-05-01 22:44:07,I,03,폐업,,0,0,2003-02-07 09:13:27,,1993-12-30,110-320,서울특별시 종로구 낙원동 **-*,CDFG1251001993000148,3000000,,서울특별시 종로구 삼일대로**길 **  (낙원동),,03,폐업,,,,,0,0
,맑은물,2002-12-30,197745.004527844,452127.244052997,출판인쇄업,출판사,2026-05-01 22:44:07,I,03,폐업,,0,0,2003-02-07 09:13:27,,1993-12-30,110-071,서울특별시 종로구 당주동 **-* 당주빌딩 ***호,CDFG1251001993000149,3000000,,"서울특별시 종로구 새문안로*길 **-*  (당주동,당주빌딩 ***호)",,03,폐업,,,,,0,0
,한국정보유통센터,2000-01-14,199670.979884558,452221.775006084,출판인쇄업,출판사,2026-05-01 22:44:12,I,03,폐업,,0,0,2003-02-07 09:13:27,,1994-01-07,110-410,서울특별시 종로구 인의동 ***-* ***호,CDFG1251001994000002,3000000,,"서울특별시 종로구 창경궁로 ***  (인의동,***호)",,03,폐업,,,,,0,0
,경학사,2002-11-15,,,출판인쇄업,출판사,2026-05-01 22:44:13,I,03,폐업,,0,0,2003-02-07 09:13:27,,1994-01-11,110-300,서울특별시 종로구 관훈동 ***-*,CDFG1251001994000007,3000000,,,,03,폐업,,,,,0,0
,도서출판 인내천시대,2007-06-04,198524.8093622,451942.366626947,출판인쇄업,출판사,2026-05-01 22:44:13,I,03,폐업,,,,2007-06-04 16:31:06,,1994-01-15,110-111,서울특별시 종로구 관철동 **-* 종각빌딩***호,CDFG1251001994000010,3000000,,"서울특별시 종로구 종로*길 *  (관철동,종각빌딩***호)",,03,폐업,,,,,,
,성서교재주식회사,2000-03-30,199893.009675343,453829.469208475,출판인쇄업,출판사,2026-05-01 22:44:13,I,03,폐업,,0,0,2003-02-07 09:13:27,,1994-01-19,110-521,서울특별시 종로구 명륜*가 **-*,CDFG1251001994000013,3000000,,서울특별시 종로구 혜화로*길 *  (명륜*가),,03,폐업,,,,,0,0
,도서출판학원,2000-12-18,201803.583341781,452378.189819932,출판인쇄업,출판사,2026-05-01 22:44:14,I,03,폐업,,0,0,2003-02-07 09:13:27,,1994-01-27,110-825,서울특별시 종로구 숭인동 ***-**,CDFG1251001994000021,3000000,,서울특별시 종로구 종로**가길 **  (숭인동),,03,폐업,,,,26420125,0,0
,한국전산교육원,2001-02-22,198913.496136105,452416.170780139,출판인쇄업,출판사,2026-05-01 22:44:15,I,03,폐업,,0,,2003-02-07 09:13:27,,1994-02-05,110-320,서울특별시 종로구 낙원동 **-*,CDFG1251001994000027,3000000,,서울특별시 종로구 삼일대로**길 **  (낙원동),,03,폐업,,,,,,
,도서출판 전도정보사,2004-12-27,200084.009877601,452152.850842379,출판인쇄업,출판사,2026-05-01 22:44:15,I,03,폐업,,,,2004-12-28 11:42:36,,1994-02-16,110-480,서울특별시 종로구 효제동 ***-* 건물*층,CDFG1251001994000029,3000000,,,,03,폐업,,,,36731552,,
,도서출판(주)고시고시,1999-05-27,199028.829510033,452167.894965375,출판인쇄업,출판사,2026-05-01 22:44:15,I,03,폐업,,0,0,2003-02-07 09:13:27,,1994-02-18,110-320,서울특별시 종로구 낙원동 ***-* 파고다빌딩 *층,CDFG1251001994000033,3000000,,"서울특별시 종로구 수표로**길 **  (낙원동,파고다빌딩 *층)",,03,폐업,,,,,0,0
,국제신문방송문화사,2003-06-30,,,출판인쇄업,출판사,2026-05-01 22:44:16,I,03,폐업,,,,2003-06-30 10:39:28,,1994-03-12,110-061,서울특별시 종로구 신문로*가 ***-* ***호,CDFG1251001994000046,3000000,,,,03,폐업,,,,,,
,열린교육,2006-03-23,,,출판인쇄업,출판사,2026-05-01 22:44:16,I,03,폐업,,,,2006-03-27 13:57:38,,1994-03-15,110-121,서울특별시 종로구 종로*가 **-*,CDFG1251001994000048,3000000,,,,03,폐업,,,,,,
,방교문화사,2007-12-07,198913.496136105,452416.170780139,출판인쇄업,출판사,2026-05-01 22:44:16,I,03,폐업,,,,2007-12-07 16:23:37,,1994-03-19,110-320,서울특별시 종로구 낙원동 **-* 종로오피스텔 ***호,CDFG1251001994000050,3000000,,"서울특별시 종로구 삼일대로**길 **  (낙원동,종로오피스텔 ***호)",,03,폐업,,,,,,
,창조,1999-04-15,199934.030448564,453583.450549667,출판인쇄업,출판사,2026-05-01 22:44:16,I,03,폐업,,0,0,2003-02-07 09:13:27,,1994-03-22,110-522,서울특별시 종로구 명륜*가 **-* 오천빌딩***호,CDFG1251001994000052,3000000,,"서울특별시 종로구 창경궁로 ***  (명륜*가,오천빌딩***호)",,03,폐업,,,,,0,0
,도서출판거목문화사,2003-04-25,199574.651915884,452611.045367146,출판인쇄업,출판사,2026-05-01 22:44:16,I,03,폐업,,,,2003-04-25 17:52:24,,1994-03-31,110-450,서울특별시 종로구 원남동 *** 월금빌딩***호,CDFG1251001994000057,3000000,,"서울특별시 종로구 동순라길 ***  (원남동,월금빌딩***호)",,03,폐업,,,,,,
,인터내셔날커뮤니케이,2001-02-07,198545.22241783,451854.820889784,출판인쇄업,출판사,2026-05-01 22:44:16,I,03,폐업,,0,,2003-02-07 09:13:27,,1994-04-04,110-111,서울특별시 종로구 관철동 **-* 대한방직****호,CDFG1251001994000058,3000000,,"서울특별시 종로구 청계천로 **  (관철동,대한방직****호)",,03,폐업,,,,,,
,캠브리지,1998-09-18,200964.684774217,452138.719846742,출판인쇄업,출판사,2026-05-01 22:44:16,I,03,폐업,,0,,2003-02-07 09:13:27,,1994-04-07,110-842,서울특별시 종로구 창신동 ***-* 동창빌딩***호,CDFG1251001994000061,3000000,,"서울특별시 종로구 종로**길 **  (창신동,동창빌딩***호)",,03,폐업,,,,,,
,대해출판사,1998-12-30,199125.971678629,452058.488571883,출판인쇄업,출판사,2026-05-01 22:44:17,I,03,폐업,,0,,2003-02-07 09:13:27,,1994-04-15,110-808,서울특별시 종로구 돈의동 *** 고려빌딩*층,CDFG1251001994000069,3000000,,"서울특별시 종로구 돈화문로*길 **  (돈의동,고려빌딩*층)",,03,폐업,,,,,,
,도서출판 소년한국일보,2018-08-06,,,출판인쇄업,출판사,2026-05-01 22:44:17,I,03,폐업,,0,0,2018-08-07 10:17:19,,1994-04-22,110-140,서울특별시 종로구 수송동 **-*,CDFG1251001994000075,3000000,,서울특별시 종로구 율곡로*길 ** (수송동),,03,폐업,,,,,0,0
,바른외국어,2005-02-02,198541.72075378,451935.633974889,출판인쇄업,출판사,2026-05-01 22:44:17,I,03,폐업,,,,2005-02-02 09:59:31,,1994-04-28,110-111,서울특별시 종로구 관철동 **-* 대왕빌딩***호,CDFG1251001994000079,3000000,,"서울특별시 종로구 우정국로*길 **  (관철동,대왕빌딩***호)",,03,폐업,,,,,,
,도서출판 진,2003-05-22,,,출판인쇄업,출판사,2026-05-01 22:44:17,I,03,폐업,,,,2003-05-22 10:01:59,,1994-05-06,110-550,서울특별시 종로구 숭인동 ****-* 성우빌딩***호,CDFG1251001994000081,3000000,,,,03,폐업,,,,,,
,서울출판미디어,2002-12-06,197072.455341226,451889.782734172,출판인쇄업,출판사,2026-05-01 22:44:17,I,03,폐업,,0,0,2003-02-07 09:13:27,,1994-05-07,110-062,서울특별시 종로구 신문로*가 *-***,CDFG1251001994000082,3000000,,,,03,폐업,,,,26489609,0,0
,도서출판 (재)하서기념회,2003-01-24,197957.241673444,451918.372060065,출판인쇄업,출판사,2026-05-01 22:44:18,I,03,폐업,,0,0,2003-02-07 09:13:27,,1994-05-09,110-050,서울특별시 종로구 세종로 ***-* *층,CDFG1251001994000084,3000000,,"서울특별시 종로구 청계천로 *  (세종로,*층)",,03,폐업,,,,,0,0
,도서출판한국리서치사,1995-12-31,201850.462764525,452407.508781009,출판인쇄업,출판사,2026-05-01 22:44:18,I,03,폐업,,0,,2003-02-07 09:13:27,,1994-05-13,110-825,서울특별시 종로구 숭인동 ***-** 계딩빌딩*층,CDFG1251001994000087,3000000,,"서울특별시 종로구 종로**길 **  (숭인동,계딩빌딩*층)",,03,폐업,,,,,,
,도서출판대한기술고시학회,1996-12-31,201380.675448699,452274.984670591,출판인쇄업,출판사,2026-05-01 22:44:18,I,03,폐업,,0,,2003-02-07 09:13:27,,1994-05-19,110-826,서울특별시 종로구 숭인동 ***-* 대화빌딩***호,CDFG1251001994000090,3000000,,"서울특별시 종로구 종로**길 *  (숭인동,대화빌딩***호)",,03,폐업,,,,,,
,착한벗,2004-03-22,198507.336039332,452403.620812456,출판인쇄업,출판사,2026-05-01 22:44:18,I,03,폐업,,,,2004-03-22 16:30:22,,1994-05-20,110-300,서울특별시 종로구 관훈동 ***-* 대형빌딩***호,CDFG1251001994000092,3000000,,"서울특별시 종로구 인사동**길 **  (관훈동,대형빌딩***호)",,03,폐업,,,,,,
,지혜사,2001-05-16,198220.823203806,453237.938276505,출판인쇄업,출판사,2026-05-01 22:44:18,I,03,폐업,,0,0,2003-02-07 09:13:27,,1994-05-23,110-220,서울특별시 종로구 팔판동 ***-*,CDFG1251001994000094,3000000,,서울특별시 종로구 삼청로 **-*  (팔판동),,03,폐업,,,,,0,0
,도서출판 올투자사,2002-03-29,201341.792748593,452222.308389227,출판인쇄업,출판사,2026-05-01 22:43:40,I,03,폐업,,0,0,2003-02-07 09:13:27,,1988-09-03,110-826,서울특별시 종로구 숭인동 ***-** 경복빌딩,CDFG1251001988000122,3000000,,"서울특별시 종로구 지봉로 **  (숭인동,경복빌딩)",,03,폐업,,,,,0,0
,영상복음문고,2009-09-11,196871.190596182,452275.539049231,출판인쇄업,출판사,2026-05-01 22:43:40,I,03,폐업,,,,2009-09-11 10:36:39,,1988-09-03,110-062,서울특별시 종로구 신문로*가 *-**,CDFG1251001988000125,3000000,,서울특별시 종로구 사직로*길 **  (신문로*가),,03,폐업,,,,02-730-7673,,
,도서출판 불교영상회보사 출판부,2000-01-04,,,출판인쇄업,출판사,2026-05-01 22:43:40,I,03,폐업,,0,0,2003-02-07 09:13:27,,1988-09-10,110-170,서울특별시 종로구 견지동 **-* 상운빌딩***,CDFG1251001988000127,3000000,,,,03,폐업,,,,,0,0
,정경사,1995-12-31,200127.167638594,452282.023796953,출판인쇄업,출판사,2026-05-01 22:43:40,I,03,폐업,,0,,2003-02-07 09:13:27,,1988-09-21,110-480,서울특별시 종로구 효제동 ***-* 삼우빌딩***호,CDFG1251001988000133,3000000,,"서울특별시 종로구 대학로 **  (효제동,삼우빌딩***호)",,03,폐업,,,,,,
,세민사,2021-06-02,,,출판인쇄업,출판사,2026-05-01 22:43:41,I,03,폐업,,0,,2021-06-02 16:32:55,,1988-09-27,110-101,서울특별시 종로구 송월동 **-** 정안빌딩*층,CDFG1251001988000135,3000000,,"서울특별시 종로구 송월길 **  (송월동,정안빌딩*층)",,03,폐업,,,,,,
,도서출판 한경,2015-01-28,199966.816327708,452723.376870657,출판인쇄업,출판사,2026-05-01 22:43:41,I,03,폐업,,0,0,2015-01-28 13:37:40,,1988-09-27,110-460,서울특별시 종로구 연건동 ***-** ***호,CDFG1251001988000136,3000000,,"서울특별시 종로구 율곡로**길 ** (연건동,***호)",,03,폐업,,,,,0,0
,푸름사,2004-08-27,199677.978076563,453462.683320195,출판인쇄업,출판사,2026-05-01 22:43:41,I,03,폐업,,,,2004-08-27 11:04:01,,1988-10-04,110-812,서울특별시 종로구 명륜*가 ***-* *층,CDFG1251001988000139,3000000,,"서울특별시 종로구 성균관로*길 **  (명륜*가,*층)",,03,폐업,,,,,,
,세종기획,1995-12-31,199120.571734839,452038.034949856,출판인쇄업,출판사,2026-05-01 22:43:41,I,03,폐업,,0,,2003-02-07 09:13:27,,1988-11-16,110-123,서울특별시 종로구 종로*가 **-*,CDFG1251001988000145,3000000,,서울특별시 종로구 종로 ***  (종로*가),,03,폐업,,,,,,
,도서출판 삼우문화사,2002-01-16,197091.404411331,452762.995496774,출판인쇄업,출판사,2026-05-01 22:43:41,I,03,폐업,,0,,2003-02-07 09:13:27,,1988-11-24,110-044,서울특별시 종로구 필운동 ***-**,CDFG1251001988000148,3000000,,,,03,폐업,,,,,,
,뉴미디어컴퍼니,1996-12-31,198967.485585703,451963.629526849,출판인쇄업,출판사,2026-05-01 22:43:41,I,03,폐업,,0,,2003-02-07 09:13:27,,1988-11-29,110-122,서울특별시 종로구 종로*가 **-*,CDFG1251001988000149,3000000,,서울특별시 종로구 종로 ***  (종로*가),,03,폐업,,,,,,
,현대출판사,2000-10-02,200555.823313257,452439.730541646,출판인쇄업,출판사,2026-05-01 22:43:41,I,03,폐업,,0,0,2003-02-07 09:13:27,,1988-12-04,110-844,서울특별시 종로구 충신동 **-**,CDFG1251001988000150,3000000,,,,03,폐업,,,,74134621,0,0
,문향,2012-03-28,198741.197749003,452227.175252529,출판인쇄업,출판사,2026-05-01 22:43:41,I,03,폐업,,0,0,2012-03-28 10:03:33,,1989-01-12,110-290,서울특별시 종로구 인사동 ***-*,CDFG1251001989000002,3000000,,서울특별시 종로구 인사동길 **  (인사동),,03,폐업,,,,,0,0
,교과서만화사,1995-12-31,201881.713401038,452351.369151912,출판인쇄업,출판사,2026-05-01 22:43:41,I,03,폐업,,0,,2003-02-07 09:13:27,,1989-01-16,110-829,서울특별시 종로구 숭인동 ****-* 숭인빌딩***호,CDFG1251001989000004,3000000,,"서울특별시 종로구 종로**길 **  (숭인동,숭인빌딩***호)",,03,폐업,,,,,,
,뉴타,2007-05-04,196965.164175084,455959.269196762,출판인쇄업,출판사,2026-05-01 22:43:41,I,03,폐업,,,,2007-05-04 09:58:05,,1989-02-18,110-847,서울특별시 종로구 평창동 ***-*,CDFG1251001989000011,3000000,,서울특별시 종로구 평창**길 *  (평창동),,03,폐업,,,,,,
,선교출판사,2014-11-26,200811.318235927,451999.888435992,출판인쇄업,출판사,2026-05-01 22:43:41,I,03,폐업,,0,,2014-11-26 13:56:40,,1989-03-06,110-842,서울특별시 종로구 창신동 ***-** 동녕빌딩지층,CDFG1251001989000013,3000000,,"서울특별시 종로구 율곡로 *** (창신동,동녕빌딩지층)",,03,폐업,,,,02-747-5268,,
,교회교육선교회출판사,1999-02-10,200533.129306904,452412.436347914,출판인쇄업,출판사,2026-05-01 22:43:41,I,03,폐업,,0,,2003-02-07 09:13:27,,1989-03-23,110-844,서울특별시 종로구 충신동 **-** *층,CDFG1251001989000018,3000000,,"서울특별시 종로구 율곡로 ***  (충신동,*층)",,03,폐업,,,,,,
,객장,2001-03-31,199698.708751424,453487.534406085,출판인쇄업,출판사,2026-05-01 22:43:41,I,03,폐업,,0,,2003-02-07 09:13:27,,1989-06-26,110-812,서울특별시 종로구 명륜*가 ***-*,CDFG1251001989000025,3000000,,서울특별시 종로구 창경궁로**길 **  (명륜*가),,03,폐업,,,,,,
,이화출판사,2001-06-04,200610.888806023,452414.047832084,출판인쇄업,출판사,2026-05-01 22:43:41,I,03,폐업,,0,,2003-02-07 09:13:27,,1989-07-21,110-126,서울특별시 종로구 종로*가 * 청산빌딩***호,CDFG1251001989000033,3000000,,"서울특별시 종로구 율곡로**길 **  (종로*가,청산빌딩***호)",,03,폐업,,,,,,
,샛별사,2007-10-05,201373.562350136,452152.956136866,출판인쇄업,출판사,2026-05-01 22:43:41,I,03,폐업,,,,2007-10-05 14:59:19,,1989-07-28,110-826,서울특별시 종로구 숭인동 ***-**,CDFG1251001989000034,3000000,,서울특별시 종로구 종로**길 **  (숭인동),,03,폐업,,,,,,
,예진출판사,2005-03-21,198913.496136105,452416.170780139,출판인쇄업,출판사,2026-05-01 22:43:41,I,03,폐업,,,,2005-03-22 10:40:44,,1989-08-17,110-320,서울특별시 종로구 낙원동 **-* 종로오피스텔***,CDFG1251001989000039,3000000,,"서울특별시 종로구 삼일대로**길 **  (낙원동,종로오피스텔***)",,03,폐업,,,,,,
,(주)모비코인터내셔날,2017-01-26,196774.589990828,454620.367756473,출판인쇄업,출판사,2026-05-01 22:43:46,I,03,폐업,,0,,2017-01-26 17:50:08,,1989-08-31,,서울특별시 종로구 부암동 ***,CDFG1251001989000041,3000000,,"서울특별시 종로구 창의문로**길 **, *층 (부암동, 일민빌딩)",03020,03,폐업,,,,02-379-8558,,
,광화문출판사,2003-04-07,197465.822436542,452074.388146333,출판인쇄업,출판사,2026-05-01 22:43:46,I,03,폐업,,,,2003-04-07 17:19:49,,1989-11-25,110-062,서울특별시 종로구 신문로*가 *-***,CDFG1251001989000051,3000000,,서울특별시 종로구 경희궁길 *  (신문로*가),,03,폐업,,,,,,
,한민창업진흥,1998-03-27,,,출판인쇄업,출판사,2026-05-01 22:43:46,I,03,폐업,,0,0,2003-02-07 09:13:27,,1990-01-24,110-121,서울특별시 종로구 종로*가 **-*,CDFG1251001990000004,3000000,,,,03,폐업,,,,,0,0
,방죽,2002-08-29,200374.18192167,452750.80944803,출판인쇄업,출판사,2026-05-01 22:43:46,I,03,폐업,,0,0,2003-02-07 09:13:27,,1990-02-14,110-500,서울특별시 종로구 이화동 **-* *층,CDFG1251001990000007,3000000,,"서울특별시 종로구 이화장*가길 *  (이화동,*층)",,03,폐업,,,,34215551,0,0
,아세아태평양변호사협회부설출판부,1998-12-04,198203.263951634,452348.387763738,출판인쇄업,출판사,2026-05-01 22:43:46,I,03,폐업,,0,,2003-02-07 09:13:27,,1990-02-21,110-140,서울특별시 종로구 수송동 **-* 대한재보 *층,CDFG1251001990000011,3000000,,"서울특별시 종로구 종로*길 **  (수송동,대한재보 *층)",,03,폐업,,,,,,
,도서출판 천지인,2008-07-31,198770.899473612,452239.272277166,출판인쇄업,출판사,2026-05-01 22:43:46,I,03,폐업,,,,2008-07-31 18:40:57,,1990-03-20,110-290,서울특별시 종로구 인사동 **-* 남도빌딩***호,CDFG1251001990000017,3000000,,"서울특별시 종로구 인사동길 **  (인사동,남도빌딩***호)",,03,폐업,,,,02-2637-1462,,
,유레카미디어,2002-02-02,200153.322797562,453332.518876344,출판인쇄업,출판사,2026-05-01 22:43:46,I,03,폐업,,0,0,2003-02-07 09:13:27,,1990-03-20,110-809,서울특별시 종로구 동숭동 *-**,CDFG1251001990000018,3000000,,서울특별시 종로구 대학로*가길 **  (동숭동),,03,폐업,,,,,0,0
,교향,2004-09-06,198799.157886347,451963.25773821,출판인쇄업,출판사,2026-05-01 22:43:46,I,03,폐업,,,,2004-09-06 09:49:11,,1990-03-22,110-122,서울특별시 종로구 종로*가 **-* 경영빌딩***호,CDFG1251001990000020,3000000,,"서울특별시 종로구 종로 **  (종로*가,경영빌딩***호)",,03,폐업,,,,,,
,다성사,1995-12-31,198228.999702198,452174.577685623,출판인쇄업,출판사,2026-05-01 22:43:46,I,03,폐업,,0,,2003-02-07 09:13:27,,1990-04-04,110-130,서울특별시 종로구 청진동 **-*,CDFG1251001990000023,3000000,,서울특별시 종로구 종로*길 **-*  (청진동),,03,폐업,,,,,,
,중전출판사,1995-12-31,199019.592122356,451876.791431484,출판인쇄업,출판사,2026-05-01 22:43:46,I,03,폐업,,0,,2003-02-07 09:13:27,,1990-04-06,110-420,서울특별시 종로구 관수동 *** 송암빌딩*층,CDFG1251001990000024,3000000,,,,03,폐업,,,,,,
,백상성,2002-11-07,201837.706250201,452386.077965418,출판인쇄업,출판사,2026-05-01 22:43:46,I,03,폐업,,0,0,2003-02-07 09:13:27,,1990-04-09,110-825,서울특별시 종로구 숭인동 ***-* 황해빌딩 ***호,CDFG1251001990000025,3000000,,"서울특별시 종로구 종로**가길 *  (숭인동,황해빌딩 ***호)",,03,폐업,,,,,0,0
,(주)시사피엔씨,2011-04-19,199682.108862983,452278.243885668,출판인쇄업,출판사,2026-05-01 22:43:46,I,03,폐업,,,,2011-04-19 15:15:26,,1990-04-13,110-717,서울특별시 종로구 인의동 ***-* 동원회관빌딩*층,CDFG1251001990000027,3000000,,"서울특별시 종로구 창경궁로 ***  (인의동,동원회관빌딩*층)",,03,폐업,,,,02-2004-8800,,
,우등불,2006-04-10,199957.706347431,453262.436412022,출판인쇄업,출판사,2026-05-01 22:43:47,I,03,폐업,,,,2006-04-10 16:51:04,,1990-06-15,110-524,서울특별시 종로구 명륜*가 ***,CDFG1251001990000040,3000000,,서울특별시 종로구 대학로*길 **  (명륜*가),,03,폐업,,,,02-762-0017,,
,(주)영어연구사,1998-01-15,198733.285573381,451930.893444745,출판인쇄업,출판사,2026-05-01 22:43:47,I,03,폐업,,0,0,2003-02-07 09:13:27,,1990-06-21,110-111,서울특별시 종로구 관철동 **-* 빌딩*층,CDFG1251001990000041,3000000,,"서울특별시 종로구 삼일대로**길 **  (관철동,빌딩*층)",,03,폐업,,,,,0,0
,읽음사,1996-12-31,198572.839145325,452022.373156033,출판인쇄업,출판사,2026-05-01 22:43:47,I,03,폐업,,0,,2003-02-07 09:13:27,,1990-07-05,110-122,서울특별시 종로구 종로*가 *-* 장안빌딩***호,CDFG1251001990000044,3000000,,"서울특별시 종로구 종로 **  (종로*가,장안빌딩***호)",,03,폐업,,,,,,
,일암기획,2002-08-29,201341.792748593,452222.308389227,출판인쇄업,출판사,2026-05-01 22:43:47,I,03,폐업,,0,0,2003-02-07 09:13:27,,1990-07-24,110-826,서울특별시 종로구 숭인동 ***-**,CDFG1251001990000049,3000000,,서울특별시 종로구 지봉로 **  (숭인동),,03,폐업,,,,,0,0
,피플뱅크,2000-12-30,,,출판인쇄업,출판사,2026-05-01 22:43:47,I,03,폐업,,0,,2003-02-07 09:13:27,,1990-09-06,110-160,서울특별시 종로구 공평동 *** 광성빌딩 ***호,CDFG1251001990000058,3000000,,"서울특별시 종로구 삼봉로 **  (공평동,광성빌딩 ***호)",,03,폐업,,,,,,
,한국미술총람사,2000-02-08,,,출판인쇄업,출판사,2026-05-01 22:43:47,I,03,폐업,,0,0,2003-02-07 09:13:27,,1990-09-10,110-350,서울특별시 종로구 운니동 ***-*,CDFG1251001990000060,3000000,,,,03,폐업,,,,,0,0
,성진미디어,1999-03-29,200255.452642959,452271.17391562,출판인쇄업,출판사,2026-05-01 22:43:47,I,03,폐업,,0,0,2003-02-07 09:13:27,,1990-09-17,110-480,서울특별시 종로구 효제동 ***-* *층,CDFG1251001990000061,3000000,,"서울특별시 종로구 종로**길 **  (효제동,*층)",,03,폐업,,,,,0,0
,법보출판사,1999-06-03,198764.381696531,452349.489223909,출판인쇄업,출판사,2026-05-01 22:43:47,I,03,폐업,,0,0,2003-02-07 09:13:27,,1990-09-19,110-290,서울특별시 종로구 인사동 *-* *층,CDFG1251001990000062,3000000,,"서울특별시 종로구 인사동*길 **  (인사동,*층)",,03,폐업,,,,,0,0
,도서출판남경,2000-01-25,198852.959716775,452253.942584507,출판인쇄업,출판사,2026-05-01 22:43:47,I,03,폐업,,0,0,2003-02-07 09:13:27,,1990-10-25,110-320,서울특별시 종로구 낙원동 ***-*,CDFG1251001990000067,3000000,,서울특별시 종로구 삼일대로 ***  (낙원동),,03,폐업,,,,,0,0
,계양출판사,1998-06-15,201927.092973939,452489.82406381,출판인쇄업,출판사,2026-05-01 22:43:47,I,03,폐업,,0,0,2003-02-07 09:13:27,,1990-11-03,110-828,서울특별시 종로구 숭인동 ****-*,CDFG1251001990000070,3000000,,서울특별시 종로구 난계로**길 **  (숭인동),,03,폐업,,,,,0,0
,도서출판 진영,2003-03-07,201028.30220913,452145.443016343,출판인쇄업,출판사,2026-05-01 22:43:47,I,03,폐업,,,,2003-03-07 13:41:08,,1990-11-30,110-842,서울특별시 종로구 창신동 ***-* 금정빌딩 ***호,CDFG1251001990000075,3000000,,"서울특별시 종로구 종로**길 *  (창신동,금정빌딩 ***호)",,03,폐업,,,,,,
,현대시조사,2016-02-24,197268.650657702,452246.649890173,출판인쇄업,출판사,2026-05-01 22:43:47,I,03,폐업,,0,,2016-02-24 14:56:05,,1990-12-24,,서울특별시 종로구 신문로*가 *-** 내자원 *층,CDFG1251001990000078,3000000,,"서울특별시 종로구 경희궁길 **, *층 (신문로*가, 내자빌딩)",03176,03,폐업,,,,,,
,(주)삼연서점,1998-08-20,200365.500256601,452959.013743821,출판인쇄업,출판사,2026-05-01 22:43:47,I,03,폐업,,0,,2003-02-07 09:13:27,,1991-01-22,110-810,서울특별시 종로구 동숭동 ***-**,CDFG1251001991000004,3000000,,서울특별시 종로구 이화장길 **-*  (동숭동),,03,폐업,,,,,,
,시와시학사,2013-11-19,198493.958185808,452541.945031979,출판인쇄업,출판사,2026-05-01 22:43:47,I,03,폐업,,0,0,2013-11-19 16:56:49,,1991-01-22,110-300,서울특별시 종로구 관훈동 ***-* 이조빌딩***호,CDFG1251001991000006,3000000,,"서울특별시 종로구 인사동길 ** (관훈동,이조빌딩***호)",,03,폐업,,,,,0,0
,태초,2000-12-04,200069.495910149,453779.175352398,출판인쇄업,출판사,2026-05-01 22:43:47,I,03,폐업,,0,0,2003-02-07 09:13:27,,1991-01-28,110-530,서울특별시 종로구 혜화동 **-*,CDFG1251001991000007,3000000,,서울특별시 종로구 창경궁로 ***  (혜화동),,03,폐업,,,,,0,0
,중앙교육자료사,2002-03-21,200087.155750956,452120.512420696,출판인쇄업,출판사,2026-05-01 22:43:47,I,03,폐업,,0,0,2003-02-07 09:13:27,,1991-01-28,110-835,서울특별시 종로구 종로*가 **-*,CDFG1251001991000008,3000000,,서울특별시 종로구 대학로 *  (종로*가),,03,폐업,,,,,0,0
,주)와이비엠,2005-05-18,199109.19974168,451815.640738453,출판인쇄업,출판사,2026-05-01 22:43:47,I,03,폐업,,,,2005-05-18 17:41:58,,1991-01-31,110-420,서울특별시 종로구 관수동 ***-* 경산빌딩 **층,CDFG1251001991000009,3000000,,"서울특별시 종로구 청계천로 ***  (관수동,경산빌딩 **층)",,03,폐업,,,,22680509,,
,멕한도,2000-07-27,,,출판인쇄업,출판사,2026-05-01 22:43:47,I,03,폐업,,0,0,2003-02-07 09:13:27,,1991-02-01,110-310,서울특별시 종로구 경운동 *-* 수운회관****,CDFG1251001991000010,3000000,,,,03,폐업,,,,,0,0
,예하출판(주),2007-09-28,199203.390282499,452764.267556999,출판인쇄업,출판사,2026-05-01 22:43:47,I,03,폐업,,,,2007-10-01 09:35:33,,1991-02-11,110-380,서울특별시 종로구 권농동 ***-*,CDFG1251001991000014,3000000,,서울특별시 종로구 서순라길 ***  (권농동),,03,폐업,,,,,,
,학고재,2013-07-24,198715.850567472,453015.939806197,출판인쇄업,출판사,2026-05-01 22:43:47,I,03,폐업,,0,,2013-07-24 16:05:16,,1991-03-04,110-801,서울특별시 종로구 계동 ***-** 신영빌딩 *층,CDFG1251001991000020,3000000,,"서울특별시 종로구 북촌로*길 **  (계동,신영빌딩 *층)",,03,폐업,,,,,,
,프라임영어연구,2015-03-23,198913.496136105,452416.170780139,출판인쇄업,출판사,2026-05-01 22:43:47,I,03,폐업,,0,0,2015-03-23 16:35:34,,1991-03-08,110-320,서울특별시 종로구 낙원동 **-* 종로오피스텔****호,CDFG1251001991000021,3000000,,"서울특별시 종로구 삼일대로**길 ** (낙원동,종로오피스텔****호)",,03,폐업,,,,,0,0
,(주)베비라,2004-08-11,201960.304346071,452257.288274714,출판인쇄업,출판사,2026-05-01 22:43:47,I,03,폐업,,,,2004-08-11 15:37:54,,1991-03-12,110-829,서울특별시 종로구 숭인동 ****-*,CDFG1251001991000023,3000000,,서울특별시 종로구 난계로 ***  (숭인동),,03,폐업,,,,031-796-1852,,
,홍교문화,2009-02-23,198852.959716775,452253.942584507,출판인쇄업,출판사,2026-05-01 22:43:47,I,03,폐업,,0,,2009-02-23 17:28:01,,1991-03-16,110-707,서울특별시 종로구 낙원동 ***-* 낙원빌딩***호,CDFG1251001991000025,3000000,,"서울특별시 종로구 삼일대로 ***  (낙원동,낙원빌딩***호)",,03,폐업,,,,,,
,프뉴마,2008-02-22,200534.221442106,452533.211788632,출판인쇄업,출판사,2026-05-01 22:43:47,I,03,폐업,,,,2008-02-22 12:14:54,,1991-03-20,110-844,서울특별시 종로구 충신동 **-** 지층,CDFG1251001991000028,3000000,,"서울특별시 종로구 율곡로**길 **-*  (충신동,지층)",,03,폐업,,,,,,
,호텔정보사,1998-04-29,197445.462726758,452061.321946952,출판인쇄업,출판사,2026-05-01 22:43:47,I,03,폐업,,0,0,2003-02-07 09:13:27,,1991-03-28,110-062,서울특별시 종로구 신문로*가 *-***,CDFG1251001991000029,3000000,,서울특별시 종로구 경희궁길 *  (신문로*가),,03,폐업,,,,,0,0
,승동출판사,2007-02-02,198712.597833069,452132.730927741,출판인쇄업,출판사,2026-05-01 22:43:47,I,03,폐업,,,,2007-02-02 16:01:49,,1991-04-03,110-290,서울특별시 종로구 인사동 ***-* *층,CDFG1251001991000031,3000000,,"서울특별시 종로구 인사동길 *-*  (인사동,*층)",,03,폐업,,,,,,
,동그라미,1998-08-19,199112.274864262,452470.579359832,출판인쇄업,출판사,2026-05-01 22:43:47,I,03,폐업,,0,,2003-02-07 09:13:27,,1991-04-19,110-360,서울특별시 종로구 와룡동 ***-* 아세아빌딩***호,CDFG1251001991000036,3000000,,,,03,폐업,,,,,,
,(사)사회과학연구소,2009-02-10,200182.235978058,453412.12856903,출판인쇄업,출판사,2026-05-01 22:43:47,I,03,폐업,,,,2009-02-10 11:42:55,,1991-04-29,110-809,서울특별시 종로구 동숭동 *-** 동숭빌딩***호,CDFG1251001991000041,3000000,,"서울특별시 종로구 대학로*가길 **  (동숭동,동숭빌딩***호)",,03,폐업,,,,,,
,동방출판사,1999-06-03,198630.433336018,452399.947978838,출판인쇄업,출판사,2026-05-01 22:43:47,I,03,폐업,,0,0,2003-02-07 09:13:27,,1991-05-23,110-300,서울특별시 종로구 관훈동 **-* 단성빌딩 *층,CDFG1251001991000049,3000000,,"서울특별시 종로구 인사동**길 *  (관훈동,단성빌딩 *층)",,03,폐업,,,,,0,0
,다리기획,2005-08-03,198616.698530133,452701.064857588,출판인쇄업,출판사,2026-05-01 22:43:47,I,03,폐업,,,,2005-10-04 13:41:05,,1991-05-28,110-240,서울특별시 종로구 안국동 ***-* 해영빌딩***호,CDFG1251001991000050,3000000,,"서울특별시 종로구 율곡로 **  (안국동,해영빌딩***호)",,03,폐업,,,,02-2273-2019,,
,전진프로덕션,2008-01-18,200555.823313257,452439.730541646,출판인쇄업,출판사,2026-05-01 22:43:48,I,03,폐업,,,,2008-01-18 16:58:54,,1991-06-03,110-844,서울특별시 종로구 충신동 **-** 건물***호,CDFG1251001991000053,3000000,,,,03,폐업,,,,,,
,도서출판 범무출판사,1999-05-06,201236.543011311,451980.76162207,출판인쇄업,출판사,2026-05-01 22:43:48,I,03,폐업,,0,0,2003-02-07 09:13:27,,1991-07-27,110-842,서울특별시 종로구 창신동 ***-** 유람빌딩 ***호,CDFG1251001991000070,3000000,,"서울특별시 종로구 청계천로 ***  (창신동,유람빌딩 ***호)",,03,폐업,,,,,0,0
,(주)라미라,2002-02-15,,,출판인쇄업,출판사,2026-05-01 22:43:48,I,03,폐업,,0,0,2003-02-07 09:13:27,,1991-08-01,110-825,서울특별시 종로구 숭인동 ***-** 연금빌딩 ***호,CDFG1251001991000073,3000000,,,,03,폐업,,,,,0,0
,홍보만화,2001-12-28,,,출판인쇄업,출판사,2026-05-01 22:43:48,I,03,폐업,,0,,2003-02-07 09:13:27,,1991-08-20,110-550,서울특별시 종로구 숭인동 *-*,CDFG1251001991000078,3000000,,,,03,폐업,,,,90024524,,
,홍보만화,2001-12-28,201821.171459418,452264.808900373,출판인쇄업,출판사,2026-05-01 22:43:48,I,03,폐업,,0,,2003-02-07 09:13:27,,1991-08-20,110-825,서울특별시 종로구 숭인동 ***-* 이화빌딩***호,CDFG1251001991000079,3000000,,"서울특별시 종로구 난계로**길 **  (숭인동,이화빌딩***호)",,03,폐업,,,,,,
,이마트,1998-08-11,197637.6027446,452274.751389446,출판인쇄업,출판사,2026-05-01 22:43:48,I,03,폐업,,0,,2003-02-07 09:13:27,,1991-09-06,110-070,서울특별시 종로구 내수동 *-* 대성빌딩 ***,CDFG1251001991000082,3000000,,"서울특별시 종로구 새문안로*가길 *  (내수동,대성빌딩 ***)",,03,폐업,,,,,,
,금강사,1995-12-31,200275.07478465,452339.536663625,출판인쇄업,출판사,2026-05-01 22:43:48,I,03,폐업,,0,,2003-02-07 09:13:27,,1991-09-14,110-850,서울특별시 종로구 효제동 ***-* 동원빌딩***호,CDFG1251001991000084,3000000,,"서울특별시 종로구 김상옥로 **  (효제동,동원빌딩***호)",,03,폐업,,,,,,
,(주) 교원교육,2005-02-15,198477.381656989,451872.490887165,출판인쇄업,출판사,2026-05-01 22:43:48,I,03,폐업,,,,2005-02-15 15:56:35,,1991-09-27,110-111,서울특별시 종로구 관철동 ***-* 구몬빌딩,CDFG1251001991000085,3000000,,"서울특별시 종로구 청계천로 **-*  (관철동,구몬빌딩)",,03,폐업,,,,02-397-9041,,
,참솔,2013-11-04,199092.093976028,452464.00653355,출판인쇄업,출판사,2026-05-01 22:43:48,I,03,폐업,,0,,2013-11-04 10:01:47,,1991-10-05,110-340,서울특별시 종로구 익선동 ***-* ***호,CDFG1251001991000087,3000000,,"서울특별시 종로구 삼일대로**길 ** (익선동,***호)",,03,폐업,,,,02-0000-0000,,
,1895,2006-05-15,199806.690834965,454166.635415365,출판인쇄업,출판사,2026-05-01 22:43:48,I,03,폐업,,,,2006-05-16 10:19:18,,1991-10-08,110-521,서울특별시 종로구 명륜*가 **-** 유성빌딩***호,CDFG1251001991000089,3000000,,"서울특별시 종로구 성균관로 **  (명륜*가,유성빌딩***호)",,03,폐업,,,,,,
,도서출판 천기누설,1999-06-12,199193.291628377,452144.167423368,출판인쇄업,출판사,2026-05-01 22:43:49,I,03,폐업,,0,0,2003-02-07 09:13:27,,1991-10-11,110-370,서울특별시 종로구 묘동 ***-*,CDFG1251001991000090,3000000,,서울특별시 종로구 돈화문로 **  (묘동),,03,폐업,,,,,0,0
,호소출판사,1998-10-29,197447.043820829,453007.44648503,출판인쇄업,출판사,2026-05-01 22:43:49,I,03,폐업,,0,,2003-02-07 09:13:27,,1991-11-06,110-040,서울특별시 종로구 통의동 **-**,CDFG1251001991000093,3000000,,서울특별시 종로구 자하문로**길 *  (통의동),,03,폐업,,,,,,
,언어속기문화사,2007-08-30,201456.74668255,452276.316506353,출판인쇄업,출판사,2026-05-01 22:43:51,I,03,폐업,,,,2007-08-30 14:27:37,,1991-11-20,110-826,서울특별시 종로구 숭인동 ***-* 화성빌딩***호,CDFG1251001991000097,3000000,,"서울특별시 종로구 종로**가길 **  (숭인동,화성빌딩***호)",,03,폐업,,,,,,
,명경,2004-03-11,,,출판인쇄업,출판사,2026-05-01 22:43:51,I,03,폐업,,,,2004-03-11 16:59:29,,1991-12-05,,서울특별시 종로구  *-* 동교동 ***-**,CDFG1251001991000102,3000000,,,,03,폐업,,,,,,
,도서출판아성,2001-04-25,201499.686750239,452266.767382865,출판인쇄업,출판사,2026-05-01 22:43:52,I,03,폐업,,0,,2003-02-07 09:13:27,,1992-01-08,110-826,서울특별시 종로구 숭인동 ***-*,CDFG1251001992000003,3000000,,서울특별시 종로구 종로**길 **  (숭인동),,03,폐업,,,,,,
,도서출판태양,2001-05-16,,,출판인쇄업,출판사,2026-05-01 22:43:52,I,03,폐업,,0,,2003-02-07 09:13:27,,1992-01-11,110-061,서울특별시 종로구 신문로*가 ***-*,CDFG1251001992000004,3000000,,,,03,폐업,,,,,,
,명동,2003-03-05,198754.634182719,452404.979894277,출판인쇄업,출판사,2026-05-01 22:43:52,I,03,폐업,,,,2003-03-05 17:42:47,,1992-01-20,110-310,서울특별시 종로구 경운동 **-* 건국빌딩***호,CDFG1251001992000006,3000000,,"서울특별시 종로구 인사동*길 **  (경운동,건국빌딩***호)",,03,폐업,,,,,,
,대한민국성씨편찬위원회,1999-03-18,201236.543011311,451980.76162207,출판인쇄업,출판사,2026-05-01 22:43:52,I,03,폐업,,0,0,2003-02-07 09:13:27,,1992-01-20,110-842,서울특별시 종로구 창신동 ***-** 유람빌딩 ***호,CDFG1251001992000008,3000000,,"서울특별시 종로구 청계천로 ***  (창신동,유람빌딩 ***호)",,03,폐업,,,,,0,0
,대영출판사,2003-04-10,201144.427005692,452188.001869996,출판인쇄업,출판사,2026-05-01 22:43:52,I,03,폐업,,,,2003-04-10 11:07:39,,1992-01-23,110-841,서울특별시 종로구 창신동 ***-* 영광빌딩***호,CDFG1251001992000010,3000000,,,,03,폐업,,,,,,
,우진출판사,2011-01-18,197395.913407039,456049.738662769,출판인쇄업,출판사,2026-05-01 22:43:52,I,03,폐업,,,,2011-01-18 17:07:10,,1992-02-20,110-847,서울특별시 종로구 평창동 ***-*,CDFG1251001992000017,3000000,,서울특별시 종로구 평창문화로 **  (평창동),,03,폐업,,,,02-391-8770,,
,목은사상연구,2002-12-14,,,출판인쇄업,출판사,2026-05-01 22:43:52,I,03,폐업,,0,0,2003-02-07 09:13:27,,1992-03-02,110-140,서울특별시 종로구 수송동 **-*,CDFG1251001992000018,3000000,,,,03,폐업,,,,,0,0
,(주)이화문화출판사,2007-10-29,197336.583984987,452534.336253542,출판인쇄업,출판사,2026-05-01 22:43:52,I,03,폐업,,,,2007-10-29 15:43:56,,1992-03-09,110-053,서울특별시 종로구 내자동 ***-* 지하,CDFG1251001992000022,3000000,,,,03,폐업,,,,,,
,도서출판 시인과촌장,2002-05-09,201364.016891795,452297.758597168,출판인쇄업,출판사,2026-05-01 22:43:52,I,03,폐업,,0,0,2003-02-07 09:13:27,,1992-03-27,110-826,서울특별시 종로구 숭인동 ***-* 욱영빌딩 ***호,CDFG1251001992000029,3000000,,"서울특별시 종로구 종로 ***  (숭인동,욱영빌딩 ***호)",,03,폐업,,,,,0,0
,학문사,1998-12-23,,,출판인쇄업,출판사,2026-05-01 22:43:52,I,03,폐업,,0,,2003-02-07 09:13:27,,1992-04-04,110-054,서울특별시 종로구 사직동 *-* 사직회관*층,CDFG1251001992000031,3000000,,,,03,폐업,,,,,,
,선진여성,2002-04-04,,,출판인쇄업,출판사,2026-05-01 22:43:53,I,03,폐업,,0,0,2003-02-07 09:13:27,,1992-05-01,110-360,서울특별시 종로구 와룡동 ***-*,CDFG1251001992000041,3000000,,,,03,폐업,,,,,0,0
,강강술래,2016-11-14,200221.159827079,453443.564354976,출판인쇄업,출판사,2026-05-01 22:43:53,I,03,폐업,,0,,2016-11-14 18:18:40,,1992-05-06,110-809,서울특별시 종로구 동숭동 *-** *층,CDFG1251001992000045,3000000,,"서울특별시 종로구 동숭길 *** (동숭동,*층)",,03,폐업,,,,,,
,도서출판 청산,2006-11-01,198213.275387495,453331.166623563,출판인쇄업,출판사,2026-05-01 22:43:53,I,03,폐업,,,,2006-11-02 10:12:31,,1992-05-13,110-220,서울특별시 종로구 팔판동 ***,CDFG1251001992000046,3000000,,서울특별시 종로구 팔판길 *  (팔판동),,03,폐업,,,,02-743-8664,,
,히트앤드런광고,1994-12-31,201881.713401038,452351.369151912,출판인쇄업,출판사,2026-05-01 22:43:53,I,03,폐업,,0,,2003-02-07 09:13:27,,1992-05-26,110-829,서울특별시 종로구 숭인동 ****-*,CDFG1251001992000054,3000000,,서울특별시 종로구 종로**길 **  (숭인동),,03,폐업,,,,,,
,도서출판하나,2000-01-20,199202.589613171,452121.344940936,출판인쇄업,출판사,2026-05-01 22:43:53,I,03,폐업,,0,0,2003-02-07 09:13:27,,1992-06-01,110-370,서울특별시 종로구 묘동 ***-*,CDFG1251001992000058,3000000,,서울특별시 종로구 돈화문로 **  (묘동),,03,폐업,,,,,0,0
,성음사,1995-12-31,198852.959716775,452253.942584507,출판인쇄업,출판사,2026-05-01 22:43:53,I,03,폐업,,0,,2003-02-07 09:13:27,,1992-06-02,110-707,서울특별시 종로구 낙원동 ***-* 낙원빌딩***호,CDFG1251001992000060,3000000,,"서울특별시 종로구 삼일대로 ***  (낙원동,낙원빌딩***호)",,03,폐업,,,,,,
,해원,2005-08-22,201962.62904341,452377.405128643,출판인쇄업,출판사,2026-05-01 22:43:53,I,03,폐업,,,,2005-08-22 17:20:09,,1992-06-08,110-828,서울특별시 종로구 숭인동 ****-* 서진빌딩***호,CDFG1251001992000063,3000000,,"서울특별시 종로구 난계로 ***  (숭인동,서진빌딩***호)",,03,폐업,,,,02-683-2144,,
,초의,2006-12-01,198647.455779779,452352.508311786,출판인쇄업,출판사,2026-05-01 22:43:53,I,03,폐업,,,,2006-12-21 15:39:34,,1992-06-13,110-300,서울특별시 종로구 관훈동 ***-*,CDFG1251001992000065,3000000,,서울특별시 종로구 인사동길 **  (관훈동),,03,폐업,,,,,,
,유씨씨,2003-12-04,197346.647384961,451845.237292408,출판인쇄업,출판사,2026-05-01 22:43:54,I,03,폐업,,,,2003-12-04 09:44:38,,1992-06-15,110-062,서울특별시 종로구 신문로*가 **-**,CDFG1251001992000066,3000000,,서울특별시 종로구 새문안로 **  (신문로*가),,03,폐업,,,,,,
,한국교과서교재연구회,2000-05-17,197259.635170764,452962.542556332,출판인쇄업,출판사,2026-05-01 22:43:54,I,03,폐업,,0,0,2003-02-07 09:13:27,,1992-06-17,110-045,서울특별시 종로구 체부동 ***-* 지하,CDFG1251001992000067,3000000,,"서울특별시 종로구 자하문로*가길 **  (체부동,지하)",,03,폐업,,,,,0,0
,세진,2009-12-15,198980.615220061,452293.21515586,출판인쇄업,출판사,2026-05-01 22:43:54,I,03,폐업,,0,,2009-12-15 17:07:36,,1992-06-30,110-320,서울특별시 종로구 낙원동 ***-* 청자빌딩***호,CDFG1251001992000071,3000000,,"서울특별시 종로구 수표로**길 **  (낙원동,청자빌딩***호)",,03,폐업,,,,,,
,(주)한솔가람,1999-01-26,,,출판인쇄업,출판사,2026-05-01 22:44:25,I,03,폐업,,0,,2003-02-07 09:13:27,,1995-07-14,110-101,서울특별시 종로구 송월동 ** 신아빌딩***호,CDFG1251001995000098,3000000,,"서울특별시 종로구 통일로 ***-**  (송월동,신아빌딩***호)",,03,폐업,,,,,,
,도서출판 장백산,1999-06-07,,,출판인쇄업,출판사,2026-05-01 22:44:25,I,03,폐업,,0,0,2003-02-07 09:13:27,,1995-08-07,110-054,서울특별시 종로구 사직동 *-* 사직회관 ***호,CDFG1251001995000104,3000000,,,,03,폐업,,,,,0,0
,도서출판로렌조,1998-02-27,201937.864355117,452363.877096252,출판인쇄업,출판사,2026-05-01 22:44:25,I,03,폐업,,0,,2003-02-07 09:13:27,,1995-08-07,110-828,서울특별시 종로구 숭인동 ****-* 만호빌딩***호,CDFG1251001995000105,3000000,,"서울특별시 종로구 난계로**가길 **  (숭인동,만호빌딩***호)",,03,폐업,,,,,,
,한세미디어,1999-05-29,199205.910150003,452090.58185302,출판인쇄업,출판사,2026-05-01 22:44:25,I,03,폐업,,0,0,2003-02-07 09:13:27,,1995-08-10,110-370,서울특별시 종로구 묘동 ***-* 영신빌딩 ***호,CDFG1251001995000107,3000000,,"서울특별시 종로구 돈화문로 **  (묘동,영신빌딩 ***호)",,03,폐업,,,,,0,0
,도서출판 마스터키기술원,2000-04-07,200255.452642959,452271.17391562,출판인쇄업,출판사,2026-05-01 22:44:25,I,03,폐업,,0,0,2003-02-07 09:13:27,,1995-08-14,110-480,서울특별시 종로구 효제동 ***-*,CDFG1251001995000110,3000000,,서울특별시 종로구 종로**길 **  (효제동),,03,폐업,,,,,0,0
,새인연,1998-05-20,,,출판인쇄업,출판사,2026-05-01 22:44:26,I,03,폐업,,0,,2003-02-07 09:13:27,,1995-08-17,110-130,서울특별시 종로구 청진동 ***-* 금강빌딩***호,CDFG1251001995000111,3000000,,,,03,폐업,,,,,,
,도서출판 종로어연,1999-10-28,,,출판인쇄업,출판사,2026-05-01 22:44:26,I,03,폐업,,0,0,2003-02-07 09:13:27,,1995-09-13,110-160,서울특별시 종로구 공평동 **-* 대도빌딩*층,CDFG1251001995000113,3000000,,"서울특별시 종로구 우정국로 **  (공평동,대도빌딩*층)",,03,폐업,,,,,0,0
,정동기업,2004-12-06,196452.628880049,452359.307726482,출판인쇄업,출판사,2026-05-01 22:44:26,I,03,폐업,,,,2004-12-06 13:36:19,,1995-10-05,110-813,서울특별시 종로구 무악동 **-**** 지하*층,CDFG1251001995000125,3000000,,"서울특별시 종로구 통일로**길 **-*  (무악동,지하*층)",,03,폐업,,,,,,
,도서출판 도화서,2000-01-31,198805.617234082,452181.053949579,출판인쇄업,출판사,2026-05-01 22:44:26,I,03,폐업,,0,0,2003-02-07 09:13:27,,1995-10-06,110-741,서울특별시 종로구 인사동 **-* 대일빌딩****,CDFG1251001995000128,3000000,,"서울특별시 종로구 인사동길 **  (인사동,대일빌딩****)",,03,폐업,,,,,0,0
,도서출판 코리아인터뷰,1999-12-29,201767.682997978,452317.718446224,출판인쇄업,출판사,2026-05-01 22:44:26,I,03,폐업,,0,0,2003-02-07 09:13:27,,1995-10-19,110-825,서울특별시 종로구 숭인동 ***-** 서웅빌딩***,CDFG1251001995000130,3000000,,"서울특별시 종로구 난계로**길 **-*  (숭인동,서웅빌딩***)",,03,폐업,,,,,0,0
,도서출판 선영기획,2000-10-11,,,출판인쇄업,출판사,2026-05-01 22:44:26,I,03,폐업,,0,0,2003-02-07 09:13:27,,1995-10-20,110-054,서울특별시 종로구 사직동 ***-* 고려빌딩 ***호,CDFG1251001995000132,3000000,,,,03,폐업,,,,,0,0
,한국신문방송인클럽..,1997-03-18,197397.284209115,452669.83542629,출판인쇄업,출판사,2026-05-01 22:44:26,I,03,폐업,,0,,2003-02-07 09:13:27,,1995-11-09,110-053,서울특별시 종로구 내자동 **-* 사학회관***호,CDFG1251001995000137,3000000,,"서울특별시 종로구 사직로 ***  (내자동,사학회관***호)",,03,폐업,,,,,,
,지능교육,2015-05-28,201853.268380126,452392.927257206,출판인쇄업,출판사,2026-05-01 22:44:26,I,03,폐업,,0,,2015-05-28 14:03:39,,1995-11-13,110-825,서울특별시 종로구 숭인동 ***-** 삼일빌딩***호,CDFG1251001995000139,3000000,,"서울특별시 종로구 종로**가길 * (숭인동,삼일빌딩***호)",,03,폐업,,,,,,
,ed1,2005-01-27,201660.844071164,452165.814434389,출판인쇄업,출판사,2026-05-01 22:44:26,I,03,폐업,,,,2005-01-28 10:59:51,,1995-11-21,110-826,서울특별시 종로구 숭인동 ***-** 숭인빌딩 ***호,CDFG1251001995000141,3000000,,"서울특별시 종로구 청계천로 ***  (숭인동,숭인빌딩 ***호)",,03,폐업,,,,22535821,,
,미래연구,1999-01-26,197479.822436554,452013.403992564,출판인쇄업,출판사,2026-05-01 22:44:27,I,03,폐업,,0,,2003-02-07 09:13:27,,1996-01-26,110-061,서울특별시 종로구 신문로*가 **-* 구세군회관빌딩*.*층,CDFG1251001996000011,3000000,,"서울특별시 종로구 새문안로 **  (신문로*가,구세군회관빌딩*.*층)",,03,폐업,,,,,,
,고려서적출판,1998-01-13,201908.102083278,452325.377310889,출판인쇄업,출판사,2026-05-01 22:44:27,I,03,폐업,,0,0,2003-02-07 09:13:27,,1996-02-01,110-829,서울특별시 종로구 숭인동 ****-*,CDFG1251001996000013,3000000,,서울특별시 종로구 난계로**길 **  (숭인동),,03,폐업,,,,,0,0
,(주)삼생가,1998-09-18,201660.844071164,452165.814434389,출판인쇄업,출판사,2026-05-01 22:44:27,I,03,폐업,,0,,2003-02-07 09:13:27,,1996-02-09,110-826,서울특별시 종로구 숭인동 ***-** 숭인빌딩***호,CDFG1251001996000019,3000000,,"서울특별시 종로구 청계천로 ***  (숭인동,숭인빌딩***호)",,03,폐업,,,,,,
,도서출판 자료백과,1999-02-10,198545.22241783,451854.820889784,출판인쇄업,출판사,2026-05-01 22:44:28,I,03,폐업,,0,,2003-02-07 09:13:27,,1996-02-14,110-111,서울특별시 종로구 관철동 **-*,CDFG1251001996000023,3000000,,서울특별시 종로구 청계천로 **  (관철동),,03,폐업,,,,,,
,한국성서언어원,2004-03-08,198220.823203806,453237.938276505,출판인쇄업,출판사,2026-05-01 22:44:28,I,03,폐업,,,,2004-03-08 16:43:13,,1996-02-15,110-220,서울특별시 종로구 팔판동 ***-*,CDFG1251001996000025,3000000,,서울특별시 종로구 삼청로 **-*  (팔판동),,03,폐업,,,,,,
,성균문화출판사,2021-07-06,199674.131307745,453609.939731574,출판인쇄업,출판사,2026-05-01 22:44:28,I,03,폐업,,0,,2021-07-06 14:42:11,,1996-02-16,110-522,서울특별시 종로구 명륜*가 ***,CDFG1251001996000026,3000000,,서울특별시 종로구 성균관로 **-*  (명륜*가),,03,폐업,,,,,,
,브레인하우스,2000-04-14,198527.750150961,451865.126432449,출판인쇄업,출판사,2026-05-01 22:44:28,I,03,폐업,,0,0,2003-02-07 09:13:27,,1996-02-24,110-111,서울특별시 종로구 관철동 **-** 남창빌딩 ***,CDFG1251001996000030,3000000,,"서울특별시 종로구 종로*길 **  (관철동,남창빌딩 ***)",,03,폐업,,,,,0,0
,석영기획,1999-02-18,199016.856847945,452053.890779469,출판인쇄업,출판사,2026-05-01 22:44:28,I,03,폐업,,0,,2003-02-07 09:13:27,,1996-03-04,110-320,서울특별시 종로구 낙원동 ***-* 경산빌딩 *층,CDFG1251001996000036,3000000,,"서울특별시 종로구 돈화문로*길 **  (낙원동,경산빌딩 *층)",,03,폐업,,,,,,
,밝힘,2003-03-24,200310.584615294,453249.097065674,출판인쇄업,출판사,2026-05-01 22:44:28,I,03,폐업,,,,2003-03-24 15:28:29,,1996-03-04,110-809,서울특별시 종로구 동숭동 **-**,CDFG1251001996000037,3000000,,서울특별시 종로구 동숭길 **  (동숭동),,03,폐업,,,,34151111,,
,선진기획,1998-01-14,197303.920114818,452271.958391002,출판인쇄업,출판사,2026-05-01 22:44:28,I,03,폐업,,0,0,2003-02-07 09:13:27,,1996-03-15,110-062,서울특별시 종로구 신문로*가 *-***,CDFG1251001996000040,3000000,,서울특별시 종로구 경희궁길 **  (신문로*가),,03,폐업,,,,,0,0
,지티인터내셔날,2001-03-20,197662.503910553,452189.09236786,출판인쇄업,출판사,2026-05-01 22:44:28,I,03,폐업,,0,0,2003-02-07 09:13:27,,1996-03-25,110-071,서울특별시 종로구 당주동 *-*,CDFG1251001996000043,3000000,,서울특별시 종로구 새문안로*길 **  (당주동),,03,폐업,,,,,0,0
,한국어문교육연구회,1999-05-13,197398.449116783,452068.544653453,출판인쇄업,출판사,2026-05-01 22:44:28,I,03,폐업,,0,0,2003-02-07 09:13:27,,1996-04-01,110-062,서울특별시 종로구 신문로*가 *-***,CDFG1251001996000048,3000000,,서울특별시 종로구 경희궁*길 *  (신문로*가),,03,폐업,,,,,0,0
,보령출판사,2000-02-02,200870.996471817,452019.837475632,출판인쇄업,출판사,2026-05-01 22:44:28,I,03,폐업,,0,0,2003-02-07 09:13:27,,1996-04-02,110-842,서울특별시 종로구 창신동 ***-* 덕국빌딩***호,CDFG1251001996000049,3000000,,,,03,폐업,,,,,0,0
,파브르에두터리얼,2015-04-14,197397.284209115,452669.83542629,출판인쇄업,출판사,2026-05-01 22:44:28,I,03,폐업,,0,0,2015-04-17 16:26:21,,1996-04-04,110-053,서울특별시 종로구 내자동 **-* ***호,CDFG1251001996000053,3000000,,"서울특별시 종로구 사직로 *** (내자동,***호)",,03,폐업,,,,,0,0
,도서출판시온성,2012-05-03,201939.317432918,452287.61931533,출판인쇄업,출판사,2026-05-01 22:44:28,I,03,폐업,,0,,2012-05-03 15:20:26,,1996-04-04,110-829,서울특별시 종로구 숭인동 **** 대지빌딩***호,CDFG1251001996000054,3000000,,"서울특별시 종로구 난계로**길 *  (숭인동,대지빌딩***호)",,03,폐업,,,,,,
,(주)우덜,2002-03-05,,,출판인쇄업,출판사,2026-05-01 22:44:28,I,03,폐업,,0,0,2003-02-07 09:13:27,,1996-04-13,110-092,서울특별시 종로구 홍파동 **-* *층,CDFG1251001996000056,3000000,,"서울특별시 종로구 통일로**길 **  (홍파동,*층)",,03,폐업,,,,,0,0
,대문출판사,1998-02-23,,,출판인쇄업,출판사,2026-05-01 22:44:28,I,03,폐업,,0,0,2003-02-07 09:13:27,,1996-04-15,110-090,서울특별시 종로구 교북동 **-*,CDFG1251001996000057,3000000,,서울특별시 종로구 통일로 ***-*  (교북동),,03,폐업,,,,,0,0
,도서출판동양대학편입사,2008-08-08,200941.92877862,452217.462765138,출판인쇄업,출판사,2026-05-01 22:44:29,I,03,폐업,,,,2008-08-08 18:42:53,,1996-04-22,110-540,서울특별시 종로구 창신동 ***-** *층,CDFG1251001996000060,3000000,,,,03,폐업,,,,,,
,국제문화개발연구원부설박문사,2011-12-30,197572.926819836,452660.324628853,출판인쇄업,출판사,2026-05-01 22:44:29,I,03,폐업,,0,0,2011-12-30 17:05:52,,1996-04-29,110-052,서울특별시 종로구 적선동 **-* 대경빌딩 ***호,CDFG1251001996000063,3000000,,"서울특별시 종로구 사직로 ***-*  (적선동,대경빌딩 ***호)",,03,폐업,,,,,0,0
,리뷰앤리뷰,2001-07-10,199780.673637192,454142.698971784,출판인쇄업,출판사,2026-05-01 22:44:29,I,03,폐업,,0,0,2003-02-07 09:13:27,,1996-05-04,110-521,서울특별시 종로구 명륜*가 **-*,CDFG1251001996000064,3000000,,서울특별시 종로구 성균관로 **  (명륜*가),,03,폐업,,,,,0,0
,불교교육연구원출판부,2010-11-08,198283.052993003,452302.428958646,출판인쇄업,출판사,2026-05-01 22:44:29,I,03,폐업,,0,,2010-11-08 14:01:19,,1996-05-13,110-140,서울특별시 종로구 수송동 **-** 종로빌딩*층,CDFG1251001996000068,3000000,,"서울특별시 종로구 우정국로 **-**  (수송동,종로빌딩*층)",,03,폐업,,,,,,
,출판기획 추임새,1998-02-19,198744.504305079,452324.145951504,출판인쇄업,출판사,2026-05-01 22:44:29,I,03,폐업,,0,0,2003-02-07 09:13:27,,1996-05-13,110-290,서울특별시 종로구 인사동 **-* 아주빌딩*층,CDFG1251001996000069,3000000,,"서울특별시 종로구 인사동*길 *  (인사동,아주빌딩*층)",,03,폐업,,,,,0,0
,유일문화원(출판),2001-09-26,198783.662701312,452122.430070163,출판인쇄업,출판사,2026-05-01 22:44:29,I,03,폐업,,0,,2003-02-07 09:13:27,,1996-05-14,110-290,서울특별시 종로구 인사동 *** 파고다빌딩***호,CDFG1251001996000071,3000000,,"서울특별시 종로구 인사동길 *  (인사동,파고다빌딩***호)",,03,폐업,,,,,,
,종합시험정보사,2000-09-28,,,출판인쇄업,출판사,2026-05-01 22:44:29,I,03,폐업,,0,0,2003-02-07 09:13:27,,1996-05-27,110-290,서울특별시 종로구 인사동 ***-*,CDFG1251001996000074,3000000,,,,03,폐업,,,,,0,0
,도서출판동천,2001-06-22,200005.67576435,453283.293031685,출판인쇄업,출판사,2026-05-01 22:44:29,I,03,폐업,,0,0,2003-02-07 09:13:27,,1996-05-29,110-524,서울특별시 종로구 명륜*가 ***-*,CDFG1251001996000075,3000000,,서울특별시 종로구 대학로*길 **  (명륜*가),,03,폐업,,,,,0,0
,사운연구소,1998-12-17,,,출판인쇄업,출판사,2026-05-01 22:44:29,I,03,폐업,,0,,2003-02-07 09:13:27,,1996-05-29,110-310,서울특별시 종로구 경운동 *** 수운회관***호,CDFG1251001996000076,3000000,,,,03,폐업,,,,,,
,동인서원,2002-07-03,198765.487349906,452332.763966302,출판인쇄업,출판사,2026-05-01 22:44:29,I,03,폐업,,0,0,2003-02-07 09:13:27,,1996-06-05,110-290,서울특별시 종로구 인사동 *-* *층,CDFG1251001996000080,3000000,,"서울특별시 종로구 인사동*길 **  (인사동,*층)",,03,폐업,,,,,0,0
,자격취득원,2000-09-28,198771.579346137,452119.53627838,출판인쇄업,출판사,2026-05-01 22:44:29,I,03,폐업,,0,0,2003-02-07 09:13:27,,1996-06-10,110-290,서울특별시 종로구 인사동 ***-* 해봉빌딩 ***,CDFG1251001996000084,3000000,,"서울특별시 종로구 인사동*길 *  (인사동,해봉빌딩 ***)",,03,폐업,,,,,0,0
,한국마케팅협회,1998-01-31,201850.462764525,452407.508781009,출판인쇄업,출판사,2026-05-01 22:44:29,I,03,폐업,,0,0,2003-02-07 09:13:27,,1996-06-11,110-825,서울특별시 종로구 숭인동 ***-** 계명빌딩***호,CDFG1251001996000085,3000000,,"서울특별시 종로구 종로**길 **  (숭인동,계명빌딩***호)",,03,폐업,,,,,0,0
,인포미디어,2000-01-28,200260.2187645,453354.404815954,출판인쇄업,출판사,2026-05-01 22:44:29,I,03,폐업,,0,0,2003-02-07 09:13:27,,1996-06-11,110-809,서울특별시 종로구 동숭동 *-** 정보빌딩 *층,CDFG1251001996000086,3000000,,"서울특별시 종로구 대학로**길 **  (동숭동,정보빌딩 *층)",,03,폐업,,,,36730114,0,0
,자유생활연구소,2004-12-14,200072.378101828,452291.689518232,출판인쇄업,출판사,2026-05-01 22:44:29,I,03,폐업,,,,2004-12-14 16:58:49,,1996-06-18,110-736,서울특별시 종로구 연지동 ***-** 한국기독교회관***호,CDFG1251001996000087,3000000,,"서울특별시 종로구 대학로 **  (연지동,한국기독교회관***호)",,03,폐업,,,,,,
,고시서적센타,2000-02-08,198852.959716775,452253.942584507,출판인쇄업,출판사,2026-05-01 22:44:29,I,03,폐업,,0,0,2003-02-07 09:13:27,,1996-06-18,110-707,서울특별시 종로구 낙원동 ***-* 낙원빌딩***,CDFG1251001996000088,3000000,,"서울특별시 종로구 삼일대로 ***  (낙원동,낙원빌딩***)",,03,폐업,,,,,0,0
,한국정보씨스템,1999-12-24,198696.792161159,451962.68240104,출판인쇄업,출판사,2026-05-01 22:44:29,I,03,폐업,,0,0,2003-02-07 09:13:27,,1996-06-24,110-773,서울특별시 종로구 종로*가 **-* 미려빌딩***호,CDFG1251001996000090,3000000,,"서울특별시 종로구 종로 **  (종로*가,미려빌딩***호)",,03,폐업,,,,,0,0
,네오휴머니즘운동본부,2001-10-19,197364.71293356,453312.767026325,출판인쇄업,출판사,2026-05-01 22:44:29,I,03,폐업,,0,,2003-02-07 09:13:27,,1996-06-24,110-033,서울특별시 종로구 효자동 **,CDFG1251001996000091,3000000,,서울특별시 종로구 자하문로 **  (효자동),,03,폐업,,,,,,
,한국교육문화원,2001-01-31,,,출판인쇄업,출판사,2026-05-01 22:44:29,I,03,폐업,,0,,2003-02-07 09:13:27,,1996-06-26,110-841,서울특별시 종로구 창신동 ***-*,CDFG1251001996000092,3000000,,,,03,폐업,,,,,,
,도서출판 단,1999-01-09,198378.31599105,452549.83175845,출판인쇄업,출판사,2026-05-01 22:44:29,I,03,폐업,,0,,2003-02-07 09:13:27,,1996-06-28,110-140,서울특별시 종로구 수송동 * 동일빌딩 *층,CDFG1251001996000094,3000000,,"서울특별시 종로구 우정국로 **  (수송동,동일빌딩 *층)",,03,폐업,,,,,,
,도서출판 두리,2002-03-18,201677.938265361,452378.976148543,출판인쇄업,출판사,2026-05-01 22:44:29,I,03,폐업,,0,0,2003-02-07 09:13:27,,1996-07-08,110-825,서울특별시 종로구 숭인동 ***-**,CDFG1251001996000097,3000000,,서울특별시 종로구 난계로**길 **  (숭인동),,03,폐업,,,,,0,0
,리치필드코퍼레이션,1998-01-31,,,출판인쇄업,출판사,2026-05-01 22:44:30,I,03,폐업,,0,0,2003-02-07 09:13:27,,1996-07-16,110-092,서울특별시 종로구 홍파동 *** 동양빌딩***호,CDFG1251001996000099,3000000,,"서울특별시 종로구 통일로 ***-***  (홍파동,동양빌딩***호)",,03,폐업,,,,,0,0
,21세기미디어,2008-10-06,,,출판인쇄업,출판사,2026-05-01 22:44:30,I,03,폐업,,,,2008-10-06 14:35:12,,1996-07-19,110-100,서울특별시 종로구 교남동 *-* 동흥빌딩***호,CDFG1251001996000100,3000000,,"서울특별시 종로구 통일로 ***  (교남동,동흥빌딩***호)",,03,폐업,,,,,,
,청산서림,2011-10-11,,,출판인쇄업,출판사,2026-05-01 22:44:30,I,03,폐업,,,,2011-10-11 16:15:54,,1996-07-22,110-126,서울특별시 종로구 종로*가 ***-* 덕성빌딩 B-**,CDFG1251001996000101,3000000,,,,03,폐업,,,,,,
,우리들,2014-07-07,197211.783045219,451862.481099552,출판인쇄업,출판사,2026-05-01 22:44:30,I,03,폐업,,0,,2014-07-07 13:27:03,,1996-07-24,110-062,서울특별시 종로구 신문로*가 **,CDFG1251001996000102,3000000,,서울특별시 종로구 새문안로 **-* (신문로*가),,03,폐업,,,,02-0000-0000,,
,원광출판사,2000-12-22,199159.679411,452041.504146287,출판인쇄업,출판사,2026-05-01 22:44:30,I,03,폐업,,0,0,2003-02-07 09:13:27,,1996-07-26,110-123,서울특별시 종로구 종로*가 **-* 고영빌딩 ***,CDFG1251001996000103,3000000,,"서울특별시 종로구 종로 ***  (종로*가,고영빌딩 ***)",,03,폐업,,,,34732805,0,0
,한국인쇄문화원,2007-03-30,196804.965767041,451807.148330909,출판인쇄업,출판사,2026-05-01 22:44:30,I,03,폐업,,,,2007-03-30 13:43:47,,1996-07-27,110-100,서울특별시 종로구 교남동 **-*,CDFG1251001996000104,3000000,,서울특별시 종로구 경교장*길 **  (교남동),,03,폐업,,,,,,
,도서출판 PC애드,2000-10-16,199957.706347431,453262.436412022,출판인쇄업,출판사,2026-05-01 22:44:30,I,03,폐업,,0,0,2003-02-07 09:13:27,,1996-08-19,110-524,서울특별시 종로구 명륜*가 ***-*,CDFG1251001996000109,3000000,,서울특별시 종로구 대학로*길 **  (명륜*가),,03,폐업,,,,34626799,0,0
,도서출판 비비씨문화센타,2000-02-11,197637.6027446,452274.751389446,출판인쇄업,출판사,2026-05-01 22:44:30,I,03,폐업,,0,0,2003-02-07 09:13:27,,1996-09-02,110-070,서울특별시 종로구 내수동 *-* 대성빌딩***호,CDFG1251001996000113,3000000,,"서울특별시 종로구 새문안로*가길 *  (내수동,대성빌딩***호)",,03,폐업,,,,,0,0
,도서출판인포윙즈,2000-12-28,,,출판인쇄업,출판사,2026-05-01 22:44:30,I,03,폐업,,0,,2003-02-07 09:13:27,,1996-09-19,110-160,서울특별시 종로구 공평동 ** 고대교우회관***호,CDFG1251001996000118,3000000,,,,03,폐업,,,,,,
,도서출판 종로출판,2000-02-01,198502.872319959,451859.966105804,출판인쇄업,출판사,2026-05-01 22:44:30,I,03,폐업,,0,0,2003-02-07 09:13:27,,1996-10-01,110-111,서울특별시 종로구 관철동 ***-* 대신빌딩***호,CDFG1251001996000119,3000000,,"서울특별시 종로구 청계천로 **  (관철동,대신빌딩***호)",,03,폐업,,,,,0,0
,도서출판태평양,1999-02-26,197759.061483602,457152.095750742,출판인쇄업,출판사,2026-05-01 22:44:30,I,03,폐업,,0,0,2003-02-07 09:13:27,,1996-10-17,110-848,서울특별시 종로구 평창동 ***-**,CDFG1251001996000122,3000000,,서울특별시 종로구 평창*길 **-*  (평창동),,03,폐업,,,,,0,0
,도서출판 똑소리,1999-12-08,,,출판인쇄업,출판사,2026-05-01 22:44:30,I,03,폐업,,0,0,2003-02-07 09:13:27,,1996-10-17,110-290,서울특별시 종로구 인사동 ***-* *층 ***호,CDFG1251001996000123,3000000,,,,03,폐업,,,,,0,0
,도서출판 세상의책들,2002-02-06,199709.092076238,454132.686458619,출판인쇄업,출판사,2026-05-01 22:44:30,I,03,폐업,,0,0,2003-02-07 09:13:27,,1996-10-23,110-521,서울특별시 종로구 명륜*가 *-** *층,CDFG1251001996000124,3000000,,"서울특별시 종로구 성균관로 **  (명륜*가,*층)",,03,폐업,,,,,0,0
,도서출판 쉴터,2007-02-27,199793.362970122,453311.453709434,출판인쇄업,출판사,2026-05-01 22:44:30,I,03,폐업,,,,2007-02-27 11:16:20,,1996-10-29,110-524,서울특별시 종로구 명륜*가 ***-** 광원빌딩 *층,CDFG1251001996000127,3000000,,"서울특별시 종로구 창경궁로 ***-**  (명륜*가,광원빌딩 *층)",,03,폐업,,,,,,
,도서출판종각출판사,2000-08-29,198630.79627088,452035.412646906,출판인쇄업,출판사,2026-05-01 22:44:30,I,03,폐업,,0,0,2003-02-07 09:13:27,,1996-11-01,110-122,서울특별시 종로구 종로*가 *-* YMCA빌딩***호,CDFG1251001996000128,3000000,,"서울특별시 종로구 종로 **  (종로*가,YMCA빌딩***호)",,03,폐업,,,,,0,0
,고려학습시스템,2002-01-11,199129.410820129,452039.186326182,출판인쇄업,출판사,2026-05-01 22:44:30,I,03,폐업,,0,,2003-02-07 09:13:27,,1996-11-13,110-123,서울특별시 종로구 종로*가 **-* 유림빌딩 *층,CDFG1251001996000130,3000000,,"서울특별시 종로구 종로 ***  (종로*가,유림빌딩 *층)",,03,폐업,,,,,,
,도서출판예원미디어,1998-09-23,196881.585998335,451682.368379486,출판인쇄업,출판사,2026-05-01 22:44:30,I,03,폐업,,0,,2003-02-07 09:13:27,,1996-11-14,110-100,서울특별시 종로구 교남동 ** 우성빌딩***호,CDFG1251001996000132,3000000,,"서울특별시 종로구 통일로 ***  (교남동,우성빌딩***호)",,03,폐업,,,,,,
,도서출판 기교,2000-12-08,199051.059457948,452076.540679215,출판인쇄업,출판사,2026-05-01 22:44:30,I,03,폐업,,0,0,2003-02-07 09:13:27,,1996-11-15,110-320,서울특별시 종로구 낙원동 ***-* 미동빌딩***,CDFG1251001996000134,3000000,,"서울특별시 종로구 수표로**길 **  (낙원동,미동빌딩***)",,03,폐업,,,,34934442,0,0
,도서출판글마당,2004-07-23,199051.059457948,452076.540679215,출판인쇄업,출판사,2026-05-01 22:44:30,I,03,폐업,,,,2004-07-23 17:44:46,,1996-11-18,110-320,서울특별시 종로구 낙원동 ***-* 미동빌딩***호,CDFG1251001996000135,3000000,,"서울특별시 종로구 수표로**길 **  (낙원동,미동빌딩***호)",,03,폐업,,,,,,
,도서출판NICS,2007-01-15,201911.136750205,452395.946444233,출판인쇄업,출판사,2026-05-01 22:44:31,I,03,폐업,,,,2007-01-15 15:12:17,,1996-11-18,110-829,서울특별시 종로구 숭인동 **** 타임빌딩*층,CDFG1251001996000136,3000000,,"서울특별시 종로구 난계로**가길 **  (숭인동,타임빌딩*층)",,03,폐업,,,,,,
,도서출판백상미디어,2002-05-21,,,출판인쇄업,출판사,2026-05-01 22:44:31,I,03,폐업,,0,0,2003-02-07 09:13:27,,1996-11-21,110-121,서울특별시 종로구 종로*가 **-* 복전빌딩***호,CDFG1251001996000138,3000000,,,,03,폐업,,,,,0,0
,도서출판미술저널,2011-12-30,198754.634182719,452404.979894277,출판인쇄업,출판사,2026-05-01 22:44:31,I,03,폐업,,0,,2011-12-30 15:53:57,,1996-11-21,110-310,서울특별시 종로구 경운동 **-* 건국빌딩 본관***호,CDFG1251001996000139,3000000,,"서울특별시 종로구 인사동*길 **  (경운동,건국빌딩 본관***호)",,03,폐업,,,,,,
,와세다 일본어,2015-07-29,198752.043335926,451889.12171468,출판인쇄업,출판사,2026-05-01 22:44:35,I,03,폐업,,,,2015-07-29 17:21:42,,1996-12-05,110-111,서울특별시 종로구 관철동 **-* *층,CDFG1251001996000143,3000000,,서울특별시 종로구 삼일대로**길 ** (관철동),,03,폐업,,,,36710501,,
,국민경매전략연구원,2002-05-01,,,출판인쇄업,출판사,2026-05-01 22:44:35,I,03,폐업,,0,0,2003-02-07 09:13:27,,1996-12-11,110-121,서울특별시 종로구 종로*가 **-* 표준빌딩,CDFG1251001996000145,3000000,,,,03,폐업,,,,,0,0
,도서출판대일,2004-12-27,198636.392822246,452729.169333148,출판인쇄업,출판사,2026-05-01 22:44:35,I,03,폐업,,,,2004-12-28 11:41:26,,1996-12-17,110-240,서울특별시 종로구 안국동 ***-* 건물*층,CDFG1251001996000146,3000000,,"서울특별시 종로구 율곡로*길 *  (안국동,건물*층)",,03,폐업,,,,,,
,도서출판 무량사,2000-12-23,198276.429901345,452324.901026642,출판인쇄업,출판사,2026-05-01 22:44:35,I,03,폐업,,0,0,2003-02-07 09:13:27,,1996-12-20,110-140,서울특별시 종로구 수송동 **-** 원당빌딩***,CDFG1251001996000147,3000000,,"서울특별시 종로구 율곡로*길 **  (수송동,원당빌딩***)",,03,폐업,,,,,0,0
,도서출판정송문화사,2004-08-02,,,출판인쇄업,출판사,2026-05-01 22:44:35,I,03,폐업,,,,2004-08-02 16:44:38,,1996-12-26,110-090,서울특별시 종로구 교북동 **-* 연서빌딩***호,CDFG1251001996000149,3000000,,"서울특별시 종로구 통일로 ***  (교북동,연서빌딩***호)",,03,폐업,,,,,,
,도서출판21세기농업연구원,2004-03-23,,,출판인쇄업,출판사,2026-05-01 22:44:36,I,03,폐업,,,,2004-03-23 15:22:17,,1997-01-20,110-111,서울특별시 종로구 관철동 *** 대양빌딩***호*층,CDFG1251001997000002,3000000,,,,03,폐업,,,,,,
,두나무,2008-03-21,197744.343666667,452079.41,출판인쇄업,출판사,2026-05-01 22:44:36,I,03,폐업,,,,2008-03-21 17:00:16,,1997-01-21,110-071,서울특별시 종로구 당주동 **-* 황금빌딩,CDFG1251001997000004,3000000,,,,03,폐업,,,,,,
,도서출판 영진문화사,1998-10-16,197615.185883684,452674.892856312,출판인쇄업,출판사,2026-05-01 22:44:36,I,03,폐업,,0,,2003-02-07 09:13:27,,1997-01-24,110-052,서울특별시 종로구 적선동 **,CDFG1251001997000005,3000000,,서울특별시 종로구 자하문로*길 **  (적선동),,03,폐업,,,,,,
,도서출판 언어누연,2002-01-24,200043.630248477,453537.519133688,출판인쇄업,출판사,2026-05-01 22:44:36,I,03,폐업,,0,0,2003-02-07 09:13:27,,1997-01-25,110-530,서울특별시 종로구 혜화동 ***-*,CDFG1251001997000008,3000000,,서울특별시 종로구 대학로 ***  (혜화동),,03,폐업,,,,,0,0
,도서출판 TTS,2000-04-07,200072.378101828,452291.689518232,출판인쇄업,출판사,2026-05-01 22:44:36,I,03,폐업,,0,0,2003-02-07 09:13:27,,1997-02-12,110-470,서울특별시 종로구 연지동 ***-**,CDFG1251001997000015,3000000,,서울특별시 종로구 대학로 **  (연지동),,03,폐업,,,,,0,0
,도서출판포레스트,2001-03-31,196110.374956133,452675.790217614,출판인쇄업,출판사,2026-05-01 22:44:36,I,03,폐업,,0,,2003-02-07 09:13:27,,1997-02-15,110-814,서울특별시 종로구 무악동 **-*,CDFG1251001997000017,3000000,,서울특별시 종로구 통일로**길 **  (무악동),,03,폐업,,,,,,
,도서출판수미산,2012-03-19,198295.846730071,452321.088038609,출판인쇄업,출판사,2026-05-01 22:44:36,I,03,폐업,,0,,2012-03-19 17:11:52,,1997-02-19,110-140,서울특별시 종로구 수송동 **-** 수성빌딩***호,CDFG1251001997000019,3000000,,"서울특별시 종로구 우정국로 **-**  (수송동,수성빌딩***호)",,03,폐업,,,,,,
,도서출판사림원,2006-11-30,,,출판인쇄업,출판사,2026-05-01 22:44:36,I,03,폐업,,,,2006-11-30 16:48:48,,1997-02-20,110-051,서울특별시 종로구 도렴동 ***-* 삼육빌딩***호,CDFG1251001997000020,3000000,,,,03,폐업,,,,,,
,도서출판시절인연,2008-02-18,198754.634182719,452404.979894277,출판인쇄업,출판사,2026-05-01 22:44:36,I,03,폐업,,,,2008-02-18 13:40:08,,1997-02-24,110-310,서울특별시 종로구 경운동 **-* 건국빌딩***-*호,CDFG1251001997000023,3000000,,"서울특별시 종로구 인사동*길 **  (경운동,건국빌딩***-*호)",,03,폐업,,,,,,
,미래교육정보,2004-04-23,199605.49511328,452588.063130721,출판인쇄업,출판사,2026-05-01 22:44:36,I,03,폐업,,,,2004-04-23 16:35:27,,1997-03-15,110-450,서울특별시 종로구 원남동 ***-* 창곡빌딩 ***호 ***동,CDFG1251001997000026,3000000,,"서울특별시 종로구 창경궁로**길 **-*, ***동 (원남동,창곡빌딩 ***호)",,03,폐업,,,,,,
,용진문화원,1999-07-15,199670.979884558,452221.775006084,출판인쇄업,출판사,2026-05-01 22:44:36,I,03,폐업,,0,0,2003-02-07 09:13:27,,1997-03-27,110-410,서울특별시 종로구 인의동 ***-* 해운항만청 별관 ***,CDFG1251001997000031,3000000,,"서울특별시 종로구 창경궁로 ***  (인의동,해운항만청 별관 ***)",,03,폐업,,,,,0,0
,도서출판지식사회,2002-12-14,198783.662701312,452122.430070163,출판인쇄업,출판사,2026-05-01 22:44:37,I,03,폐업,,0,0,2003-02-07 09:13:27,,1997-04-04,110-290,서울특별시 종로구 인사동 ***-*,CDFG1251001997000036,3000000,,서울특별시 종로구 인사동길 *  (인사동),,03,폐업,,,,,0,0
,시대연구사,2012-06-28,200152.356894244,452536.550689607,출판인쇄업,출판사,2026-05-01 22:44:37,I,03,폐업,,0,0,2012-06-28 13:04:56,,1997-04-09,110-850,서울특별시 종로구 효제동 **-*,CDFG1251001997000037,3000000,,서울특별시 종로구 대학로 **  (효제동),,03,폐업,,,,36721155,0,0
,열린교육진흥원,1998-03-02,200072.378101828,452291.689518232,출판인쇄업,출판사,2026-05-01 22:44:37,I,03,폐업,,0,0,2003-02-07 09:13:27,,1997-04-17,110-470,서울특별시 종로구 연지동 ***-**,CDFG1251001997000039,3000000,,서울특별시 종로구 대학로 **  (연지동),,03,폐업,,,,22477073,0,0
,한정학회,2005-04-26,198592.597470985,452190.992738652,출판인쇄업,출판사,2026-05-01 22:44:37,I,03,폐업,,,,2005-04-26 10:36:00,,1997-04-25,110-778,서울특별시 종로구 인사동 ***-** 태화빌딩 B***,CDFG1251001997000040,3000000,,"서울특별시 종로구 인사동*길 **  (인사동,태화빌딩 B***)",,03,폐업,,,,,,
,(주)젬펄,2015-06-09,199368.555548623,452053.574018926,출판인쇄업,출판사,2026-05-01 22:44:37,I,03,폐업,,0,,2015-06-15 13:30:43,,1997-04-28,110-123,서울특별시 종로구 종로*가 **-* 대실빌딩*층,CDFG1251001997000042,3000000,,"서울특별시 종로구 종로 ***-* (종로*가,대실빌딩*층)",,03,폐업,,,,,,
,도서출판웅진통신판매(주),2001-03-26,199682.108862983,452278.243885668,출판인쇄업,출판사,2026-05-01 22:44:18,I,03,폐업,,0,,2003-02-07 09:13:27,,1994-05-31,110-410,서울특별시 종로구 인의동 ***-*,CDFG1251001994000100,3000000,,서울특별시 종로구 창경궁로 ***  (인의동),,03,폐업,,,,,,
,도서출판 엠아이씨,2014-01-22,199937.388881508,453903.016859856,출판인쇄업,출판사,2026-05-01 22:44:19,I,03,폐업,,,,2014-01-22 15:42:27,,1994-06-11,110-530,서울특별시 종로구 혜화동 **-** *층,CDFG1251001994000106,3000000,,"서울특별시 종로구 혜화로 ** (혜화동,*층)",,03,폐업,,,,02-734-2523,,
,한국크리슈나무르티센타,1999-12-27,198150.300374121,452019.212642931,출판인쇄업,출판사,2026-05-01 22:44:19,I,03,폐업,,0,0,2003-02-07 09:13:27,,1994-06-11,110-121,서울특별시 종로구 종로*가 **-* 수도빌딩***호,CDFG1251001994000108,3000000,,"서울특별시 종로구 종로 **  (종로*가,수도빌딩***호)",,03,폐업,,,,,0,0
,도서출판 배움터,1999-02-11,198754.634182719,452404.979894277,출판인쇄업,출판사,2026-05-01 22:44:19,I,03,폐업,,0,,2003-02-07 09:13:27,,1994-06-20,110-310,서울특별시 종로구 경운동 **-* 건국빌딩***호,CDFG1251001994000112,3000000,,"서울특별시 종로구 인사동*길 **  (경운동,건국빌딩***호)",,03,폐업,,,,,,
,석림출판사,2014-06-30,198237.929525915,452179.998288835,출판인쇄업,출판사,2026-05-01 22:44:19,I,03,폐업,,0,,2014-06-30 13:08:01,,1994-06-22,110-130,서울특별시 종로구 청진동 **-* 삼선빌딩***호,CDFG1251001994000113,3000000,,"서울특별시 종로구 종로*길 **-* (청진동,삼선빌딩***호)",,03,폐업,,,,051-624-3754,,
,서울교육개발원,1999-02-09,197680.780080175,452016.543891352,출판인쇄업,출판사,2026-05-01 22:44:19,I,03,폐업,,0,,2003-02-07 09:13:27,,1994-06-25,110-061,서울특별시 종로구 신문로*가 **-* 용마빌딩*층,CDFG1251001994000115,3000000,,,,03,폐업,,,,,,
,도서출판 미로미술,2000-06-28,,,출판인쇄업,출판사,2026-05-01 22:44:19,I,03,폐업,,0,0,2003-02-07 09:13:27,,1994-07-01,110-121,서울특별시 종로구 종로*가 **-* *층,CDFG1251001994000118,3000000,,,,03,폐업,,,,,0,0
,솔터,2002-12-30,201722.068673348,452311.527490922,출판인쇄업,출판사,2026-05-01 22:44:19,I,03,폐업,,0,0,2003-02-07 09:13:27,,1994-07-06,110-826,서울특별시 종로구 숭인동 ***-** 강남빌딩 ***호,CDFG1251001994000119,3000000,,"서울특별시 종로구 종로**가길 **  (숭인동,강남빌딩 ***호)",,03,폐업,,,,,0,0
,한국교육문화사,1999-04-01,201482.300416161,452427.715749827,출판인쇄업,출판사,2026-05-01 22:44:19,I,03,폐업,,0,0,2003-02-07 09:13:27,,1994-07-06,110-824,서울특별시 종로구 숭인동 **-**,CDFG1251001994000120,3000000,,서울특별시 종로구 종로**다길 **  (숭인동),,03,폐업,,,,,0,0
,애플기획,2000-05-04,199793.362970122,453311.453709434,출판인쇄업,출판사,2026-05-01 22:44:19,I,03,폐업,,0,0,2003-02-07 09:13:27,,1994-07-06,110-524,서울특별시 종로구 명륜*가 ***-** 광원어패럴 신관 *층,CDFG1251001994000121,3000000,,"서울특별시 종로구 창경궁로 ***-**  (명륜*가,광원어패럴 신관 *층)",,03,폐업,,,,,0,0
,진주,2012-03-27,,,출판인쇄업,출판사,2026-05-01 22:44:19,I,03,폐업,,0,,2012-03-27 13:45:57,,1994-07-13,110-827,서울특별시 종로구 숭인동 ***-*,CDFG1251001994000124,3000000,,,,03,폐업,,,,,,
,도서출판 한아람,1999-05-26,198988.983646221,452223.097221066,출판인쇄업,출판사,2026-05-01 22:44:19,I,03,폐업,,0,0,2003-02-07 09:13:27,,1994-07-16,110-320,서울특별시 종로구 낙원동 ***-* 구산빌딩 *층,CDFG1251001994000126,3000000,,"서울특별시 종로구 돈화문로**길 **  (낙원동,구산빌딩 *층)",,03,폐업,,,,,0,0
,동산의샘,2014-01-29,,,출판인쇄업,출판사,2026-05-01 22:44:19,I,03,폐업,,0,,2014-01-29 15:55:25,,1994-07-21,110-101,서울특별시 종로구 송월동 **-*,CDFG1251001994000127,3000000,,서울특별시 종로구 송월길 ** (송월동),,03,폐업,,,,02-735-5435,,
,승리,2005-03-16,201401.146521259,452451.610483076,출판인쇄업,출판사,2026-05-01 22:44:19,I,03,폐업,,,,2005-03-16 16:31:38,,1994-07-23,110-824,서울특별시 종로구 숭인동 **-** 대전빌딩***호,CDFG1251001994000128,3000000,,"서울특별시 종로구 종로**길 **  (숭인동,대전빌딩***호)",,03,폐업,,,,032-527-1824,,
,청미래,1999-01-29,,,출판인쇄업,출판사,2026-05-01 22:44:20,I,03,폐업,,0,,2003-02-07 09:13:27,,1994-07-26,110-091,서울특별시 종로구 행촌동 **-*,CDFG1251001994000129,3000000,,서울특별시 종로구 송월길 ***  (행촌동),,03,폐업,,,,,,
,도서출판 새한출판사,2002-02-08,,,출판인쇄업,출판사,2026-05-01 22:44:20,I,03,폐업,,0,0,2003-02-07 09:13:27,,1994-08-01,110-070,서울특별시 종로구 내수동 **-* 내수빌딩 *층 ***호,CDFG1251001994000133,3000000,,,,03,폐업,,,,,0,0
,진보,2016-03-30,201238.696068454,452317.86559669,출판인쇄업,출판사,2026-05-01 22:44:20,I,03,폐업,,0,,2016-04-01 13:06:43,,1994-08-08,110-840,서울특별시 종로구 창신동 ***-*,CDFG1251001994000138,3000000,,서울특별시 종로구 종로 *** (창신동),,03,폐업,,,,,,
,신주출판사,2000-06-30,198162.887238039,452842.925015938,출판인쇄업,출판사,2026-05-01 22:44:20,I,03,폐업,,0,0,2003-02-07 09:13:27,,1994-08-10,110-190,서울특별시 종로구 사간동 **-*,CDFG1251001994000139,3000000,,서울특별시 종로구 삼청로 **-*  (사간동),,03,폐업,,,,,0,0
,행원,2004-06-16,199893.80068093,453464.705241725,출판인쇄업,출판사,2026-05-01 22:44:20,I,03,폐업,,,,2004-06-16 21:44:07,,1994-08-12,110-522,서울특별시 종로구 명륜*가 ***-*,CDFG1251001994000140,3000000,,서울특별시 종로구 창경궁로 ***  (명륜*가),,03,폐업,,,,,,
,대안출판사,2011-03-25,198913.496136105,452416.170780139,출판인쇄업,출판사,2026-05-01 22:44:20,I,03,폐업,,0,,2011-03-25 14:52:03,,1994-08-31,110-320,서울특별시 종로구 낙원동 **-* 종로오피스텔빌딩 ****호,CDFG1251001994000145,3000000,,"서울특별시 종로구 삼일대로**길 **  (낙원동,종로오피스텔빌딩 ****호)",,03,폐업,,,,,,
,도서출판동산법문,2012-09-11,198359.183940535,452292.493611602,출판인쇄업,출판사,2026-05-01 22:44:20,I,03,폐업,,0,,2012-09-11 16:10:18,,1994-09-02,110-140,서울특별시 종로구 수송동 **-** 동산불교회관 *층,CDFG1251001994000147,3000000,,"서울특별시 종로구 우정국로 **-**  (수송동,동산불교회관 *층)",,03,폐업,,,,,,
,훈기획출판,2001-05-24,,,출판인쇄업,출판사,2026-05-01 22:44:20,I,03,폐업,,0,,2003-02-07 09:13:27,,1994-09-03,110-813,서울특별시 종로구 무악동 **-****,CDFG1251001994000148,3000000,,서울특별시 종로구 통일로 ***  (무악동),,03,폐업,,,,,,
,푸른나무,2001-12-28,198751.127442404,452308.341276615,출판인쇄업,출판사,2026-05-01 22:44:20,I,03,폐업,,0,,2003-02-07 09:13:27,,1994-09-08,110-290,서울특별시 종로구 인사동 **-* 흑적빌딩 ***호,CDFG1251001994000150,3000000,,"서울특별시 종로구 인사동*길 *  (인사동,흑적빌딩 ***호)",,03,폐업,,,,,,
,도서출판 호성,2002-02-27,,,출판인쇄업,출판사,2026-05-01 22:44:20,I,03,폐업,,0,0,2003-02-07 09:13:27,,1994-09-13,110-101,서울특별시 종로구 송월동 **-* 송월빌딩,CDFG1251001994000151,3000000,,"서울특별시 종로구 통일로*길 **  (송월동,송월빌딩)",,03,폐업,,,,,0,0
,한국생산성본부 사회능력개발원(주),2004-12-31,197583.394691008,452513.612017871,출판인쇄업,출판사,2026-05-01 22:44:21,I,03,폐업,,,,2004-12-31 15:28:34,,1994-10-13,110-052,서울특별시 종로구 적선동 ***-*,CDFG1251001994000168,3000000,,서울특별시 종로구 새문안로*가길 **  (적선동),,03,폐업,,,,,,
,도서출판 계림문고,2013-01-24,,,출판인쇄업,출판사,2026-05-01 22:44:21,I,03,폐업,,0,0,2013-01-24 21:07:47,,1994-10-21,110-101,서울특별시 종로구 송월동 **-* ***호,CDFG1251001994000171,3000000,,"서울특별시 종로구 통일로 ***-**  (송월동,***호)",,03,폐업,,,,,0,0
,태창출판사,2012-09-03,,,출판인쇄업,출판사,2026-05-01 22:44:21,I,03,폐업,,,,2012-09-03 15:08:04,,1994-10-21,110-043,서울특별시 종로구 통인동 *-***,CDFG1251001994000172,3000000,,,,03,폐업,,,,02-723-4200,,
,사경공덕원,2008-08-12,198400.448571985,452444.729787578,출판인쇄업,출판사,2026-05-01 22:44:21,I,03,폐업,,,,2008-08-12 16:07:53,,1994-10-22,110-170,서울특별시 종로구 견지동 **-* *층,CDFG1251001994000174,3000000,,"서울특별시 종로구 우정국로 **  (견지동,*층)",,03,폐업,,,,,,
,(주) 호산교육미디어,2002-05-18,,,출판인쇄업,출판사,2026-05-01 22:44:21,I,03,폐업,,0,0,2003-02-07 09:13:27,,1994-11-02,110-044,서울특별시 종로구 필운동 ***-* 필운빌딩 *층,CDFG1251001994000178,3000000,,,,03,폐업,,,,,0,0
,학문당,1998-03-31,200555.823313257,452439.730541646,출판인쇄업,출판사,2026-05-01 22:44:21,I,03,폐업,,0,0,2003-02-07 09:13:27,,1994-11-03,110-844,서울특별시 종로구 충신동 **-**,CDFG1251001994000180,3000000,,,,03,폐업,,,,,0,0
,도서출판한성문화,2003-08-07,198580.902409926,452280.593583243,출판인쇄업,출판사,2026-05-01 22:44:21,I,03,폐업,,,,2003-08-07 10:36:21,,1994-11-12,110-300,서울특별시 종로구 관훈동 ***-** 남도빌딩***호,CDFG1251001994000184,3000000,,"서울특별시 종로구 인사동*길 **  (관훈동,남도빌딩***호)",,03,폐업,,,,,,
,여명출판사,2004-09-03,199120.875674559,452605.524961367,출판인쇄업,출판사,2026-05-01 22:44:21,I,03,폐업,,,,2004-09-03 18:02:44,,1994-11-23,110-360,서울특별시 종로구 와룡동 **-*,CDFG1251001994000188,3000000,,서울특별시 종로구 돈화문로 **  (와룡동),,03,폐업,,,,,,
,국민교육신문사,2000-04-19,197742.903976379,452109.176396149,출판인쇄업,출판사,2026-05-01 22:44:21,I,03,폐업,,0,0,2003-02-07 09:13:27,,1994-11-24,110-071,서울특별시 종로구 당주동 **-* 삼화빌딩***,CDFG1251001994000190,3000000,,"서울특별시 종로구 새문안로*길 **-*  (당주동,삼화빌딩***)",,03,폐업,,,,,0,0
,(주)미래를여는교육,2018-11-08,198643.543485167,452199.798612424,출판인쇄업,출판사,2026-05-01 22:44:22,I,03,폐업,,,,2018-11-08 10:57:24,,1994-12-08,110-794,서울특별시 종로구 인사동 ***-* 하나로빌딩 ****호,CDFG1251001994000197,3000000,,"서울특별시 종로구 인사동*길 **, ****호 (인사동,하나로빌딩)",,03,폐업,,,,02-733-8566,,
,내일을 여는 사람들,2003-07-08,201105.174903672,452365.500501882,출판인쇄업,출판사,2026-05-01 22:44:22,I,03,폐업,,,,2003-07-08 18:20:31,,1994-12-10,110-840,서울특별시 종로구 창신동 ***-**,CDFG1251001994000198,3000000,,서울특별시 종로구 종로**길 **  (창신동),,03,폐업,,,,,,
,도서출판 방송사,1999-12-09,201937.864355117,452363.877096252,출판인쇄업,출판사,2026-05-01 22:44:22,I,03,폐업,,0,0,2003-02-07 09:13:27,,1994-12-22,110-828,서울특별시 종로구 숭인동 ****-* 만호빌딩*층,CDFG1251001994000203,3000000,,"서울특별시 종로구 난계로**가길 **  (숭인동,만호빌딩*층)",,03,폐업,,,,,0,0
,도서출판 국민교양과정,1999-05-26,199028.334386781,452116.660907308,출판인쇄업,출판사,2026-05-01 22:44:22,I,03,폐업,,0,0,2003-02-07 09:13:27,,1994-12-22,110-320,서울특별시 종로구 낙원동 ***-* 신아빌딩 ***호,CDFG1251001994000205,3000000,,"서울특별시 종로구 수표로**길 *  (낙원동,신아빌딩 ***호)",,03,폐업,,,,,0,0
,도서출판 우리영어,1999-02-12,201850.462764525,452407.508781009,출판인쇄업,출판사,2026-05-01 22:44:22,I,03,폐업,,0,,2003-02-07 09:13:27,,1994-12-28,110-825,서울특별시 종로구 숭인동 ***-** 계명빌딩***호,CDFG1251001994000206,3000000,,"서울특별시 종로구 종로**길 **  (숭인동,계명빌딩***호)",,03,폐업,,,,,,
,정문출판,2013-04-12,201858.924974779,452292.24548263,출판인쇄업,출판사,2026-05-01 22:44:22,I,03,폐업,,0,,2013-04-12 14:19:35,,1994-12-29,110-825,서울특별시 종로구 숭인동 ***-* 광성빌딩 ***호,CDFG1251001994000207,3000000,,"서울특별시 종로구 난계로**길 **  (숭인동,광성빌딩 ***호)",,03,폐업,,,,,,
,(주)아이세코리아,2006-03-13,197993.904628438,452032.958591394,출판인쇄업,출판사,2026-05-01 22:44:22,I,03,폐업,,,,2006-03-13 17:59:11,,1995-01-04,110-121,서울특별시 종로구 종로*가 *-* 교보빌딩****호,CDFG1251001995000001,3000000,,"서울특별시 종로구 종로 *  (종로*가,교보빌딩****호)",,03,폐업,,,,02-735-1155,,
,꿈,1999-04-13,201258.031515364,452094.11948715,출판인쇄업,출판사,2026-05-01 22:44:22,I,03,폐업,,0,0,2003-02-07 09:13:27,,1995-01-04,110-841,서울특별시 종로구 창신동 ***-* 도시빌딩 ***,CDFG1251001995000002,3000000,,"서울특별시 종로구 종로**길 **  (창신동,도시빌딩 ***)",,03,폐업,,,,,0,0
,외영사,2002-02-01,198342.219430772,452565.758843258,출판인쇄업,출판사,2026-05-01 22:44:22,I,03,폐업,,0,0,2003-02-07 09:13:27,,1995-01-10,110-140,서울특별시 종로구 수송동 **-* 극동해운빌딩 ***호,CDFG1251001995000007,3000000,,"서울특별시 종로구 율곡로 **  (수송동,극동해운빌딩 ***호)",,03,폐업,,,,22919617,0,0
,도서출판 파스카,2002-04-03,200398.520899871,452811.255324315,출판인쇄업,출판사,2026-05-01 22:44:22,I,03,폐업,,0,0,2003-02-07 09:13:27,,1995-01-17,110-500,서울특별시 종로구 이화동 *-**,CDFG1251001995000011,3000000,,서울특별시 종로구 이화장*길 **  (이화동),,03,폐업,,,,,0,0
,도서출판 한국글렌도만,2002-07-03,200540.606559495,452414.65548007,출판인쇄업,출판사,2026-05-01 22:44:23,I,03,폐업,,0,0,2003-02-07 09:13:27,,1995-01-25,110-844,서울특별시 종로구 충신동 **-**,CDFG1251001995000013,3000000,,서울특별시 종로구 율곡로**길 *  (충신동),,03,폐업,,,,,0,0
,해외유학자료원,2013-10-31,198686.261724921,451927.600078519,출판인쇄업,출판사,2026-05-01 22:44:23,I,03,폐업,,0,,2013-10-31 13:26:38,,1995-02-06,110-111,서울특별시 종로구 관철동 **-** 공안빌딩*층,CDFG1251001995000022,3000000,,"서울특별시 종로구 종로**길 * (관철동,공안빌딩*층)",,03,폐업,,,,,,
,도서출판 담마간다,2002-01-16,198507.336039332,452403.620812456,출판인쇄업,출판사,2026-05-01 22:44:23,I,03,폐업,,0,,2003-02-07 09:13:27,,1995-02-13,110-300,서울특별시 종로구 관훈동 ***-*,CDFG1251001995000028,3000000,,서울특별시 종로구 인사동**길 **  (관훈동),,03,폐업,,,,,,
,도서출판정교,2000-02-12,,,출판인쇄업,출판사,2026-05-01 22:44:23,I,03,폐업,,0,0,2003-02-07 09:13:27,,1995-02-13,110-051,서울특별시 종로구 도렴동 ***-*,CDFG1251001995000029,3000000,,,,03,폐업,,,,,0,0
,도서출판 굴뚝출판사,1999-08-04,198064.917796696,452560.808363642,출판인쇄업,출판사,2026-05-01 22:44:23,I,03,폐업,,0,0,2003-02-07 09:13:27,,1995-03-03,110-150,서울특별시 종로구 중학동 ***-* 용우빌딩 ***호,CDFG1251001995000037,3000000,,"서울특별시 종로구 종로*길 **  (중학동,용우빌딩 ***호)",,03,폐업,,,,,0,0
,아세아,2007-04-25,198717.149231238,451910.28607839,출판인쇄업,출판사,2026-05-01 22:44:23,I,03,폐업,,,,2007-04-25 17:21:46,,1995-03-08,110-111,서울특별시 종로구 관철동 **-** *층,CDFG1251001995000038,3000000,,"서울특별시 종로구 삼일대로**길 **  (관철동,*층)",,03,폐업,,,,,,
,(주)파크커뮤니케이션스(),2003-02-17,198690.658978281,452665.844737685,출판인쇄업,출판사,2026-05-01 22:44:23,I,03,폐업,,,,2003-02-17 18:45:54,,1995-03-09,110-310,서울특별시 종로구 경운동 **-* 서원빌딩 *층,CDFG1251001995000039,3000000,,"서울특별시 종로구 삼일대로 ***  (경운동,서원빌딩 *층)",,03,폐업,,,,,,
,도서출판 지혜네,2009-04-06,200097.395492413,453820.002979196,출판인쇄업,출판사,2026-05-01 22:44:23,I,03,폐업,,0,,2009-04-06 11:36:50,,1995-03-13,110-530,서울특별시 종로구 혜화동 **-* 금환빌딩 ***,CDFG1251001995000040,3000000,,"서울특별시 종로구 창경궁로 ***  (혜화동,금환빌딩 ***)",,03,폐업,,,,,,
,(주)정림,2003-11-07,200164.019257439,452614.776650705,출판인쇄업,출판사,2026-05-01 22:44:24,I,03,폐업,,,,2003-11-07 12:44:40,,1995-03-15,110-460,서울특별시 종로구 연건동 ***-*,CDFG1251001995000041,3000000,,서울특별시 종로구 율곡로 ***  (연건동),,03,폐업,,,,,,
,수행,2020-09-28,198634.003443261,452333.345151509,출판인쇄업,출판사,2026-05-01 22:44:24,I,03,폐업,,0,,2020-09-28 14:02:56,,1995-03-17,110-300,서울특별시 종로구 관훈동 ***-* 광릉빌딩***호,CDFG1251001995000042,3000000,,"서울특별시 종로구 인사동길 **-*  (관훈동,광릉빌딩***호)",,03,폐업,,,,,,
,도서출판 우솔,1999-01-08,201906.610016674,452369.83658016,출판인쇄업,출판사,2026-05-01 22:44:24,I,03,폐업,,0,,2003-02-07 09:13:27,,1995-03-17,110-829,서울특별시 종로구 숭인동 ****-* 동원빌딩***호,CDFG1251001995000043,3000000,,"서울특별시 종로구 난계로**가길 **  (숭인동,동원빌딩***호)",,03,폐업,,,,,,
,(재)금호문화,2003-01-16,198155.599359266,452797.379645468,출판인쇄업,출판사,2026-05-01 22:44:24,I,03,폐업,,0,0,2003-02-07 09:13:27,,1995-03-20,110-190,서울특별시 종로구 사간동 **-* 금호미술관*층,CDFG1251001995000045,3000000,,"서울특별시 종로구 삼청로 **  (사간동,금호미술관*층)",,03,폐업,,,,,0,0
,주)컴뉴스컴나라,2001-02-27,198692.627926952,451865.694333484,출판인쇄업,출판사,2026-05-01 22:44:24,I,03,폐업,,0,,2003-02-07 09:13:27,,1995-03-23,110-111,서울특별시 종로구 관철동 **-**,CDFG1251001995000047,3000000,,서울특별시 종로구 종로**길 **  (관철동),,03,폐업,,,,34068707,,
,미래,2005-03-25,200072.378101828,452291.689518232,출판인쇄업,출판사,2026-05-01 22:44:24,I,03,폐업,,,,2005-04-08 09:20:28,,1995-03-23,110-470,서울특별시 종로구 연지동 ***-** 한국기독회관***호,CDFG1251001995000048,3000000,,"서울특별시 종로구 대학로 **  (연지동,한국기독회관***호)",,03,폐업,,,,,,
,21세기전략아카데미,2001-05-08,,,출판인쇄업,출판사,2026-05-01 22:44:24,I,03,폐업,,0,,2003-02-07 09:13:27,,1995-03-29,110-070,서울특별시 종로구 내수동 ***-*,CDFG1251001995000049,3000000,,,,03,폐업,,,,,,
,도서출판명지사,2001-03-30,201334.919130252,452243.631447919,출판인쇄업,출판사,2026-05-01 22:44:24,I,03,폐업,,0,,2003-02-07 09:13:27,,1995-04-07,110-826,서울특별시 종로구 숭인동 ***-*,CDFG1251001995000054,3000000,,서울특별시 종로구 지봉로 **  (숭인동),,03,폐업,,,,,,
,도서출판 다올소프트,1999-03-29,199012.888943294,452269.475445512,출판인쇄업,출판사,2026-05-01 22:44:24,I,03,폐업,,0,,2003-02-07 09:13:27,,1995-04-07,110-320,서울특별시 종로구 낙원동 ***-* 중앙빌딩 ***호,CDFG1251001995000055,3000000,,"서울특별시 종로구 돈화문로**길 **  (낙원동,중앙빌딩 ***호)",,03,폐업,,,,,,
,삼능컨설팅,2000-01-12,,,출판인쇄업,출판사,2026-05-01 22:44:24,I,03,폐업,,0,0,2003-02-07 09:13:27,,1995-04-15,110-160,서울특별시 종로구 공평동 **-*,CDFG1251001995000059,3000000,,,,03,폐업,,,,,0,0
,플러스 기획,1998-11-20,196182.723078058,452605.712949857,출판인쇄업,출판사,2026-05-01 22:44:24,I,03,폐업,,0,,2003-02-07 09:13:27,,1995-04-24,110-814,서울특별시 종로구 무악동 **-*,CDFG1251001995000062,3000000,,서울특별시 종로구 통일로**길 *-*  (무악동),,03,폐업,,,,,,
,우리기획,1999-10-22,198918.099510597,452235.88369074,출판인쇄업,출판사,2026-05-01 22:44:24,I,03,폐업,,0,0,2003-02-07 09:13:27,,1995-05-02,110-707,서울특별시 종로구 낙원동 ***-* 낙원빌딩 *층,CDFG1251001995000067,3000000,,"서울특별시 종로구 종로**길 **  (낙원동,낙원빌딩 *층)",,03,폐업,,,,,0,0
,도서출판세계원,1999-01-28,197201.976754499,453126.731253111,출판인쇄업,출판사,2026-05-01 22:44:24,I,03,폐업,,0,,2003-02-07 09:13:27,,1995-05-11,110-805,서울특별시 종로구 누하동 *-* ***호,CDFG1251001995000071,3000000,,"서울특별시 종로구 자하문로*길 **-*  (누하동,***호)",,03,폐업,,,,,,
,(주)호울랭구이지센타,2000-02-11,197637.6027446,452274.751389446,출판인쇄업,출판사,2026-05-01 22:44:24,I,03,폐업,,0,0,2003-02-07 09:13:27,,1995-05-19,110-070,서울특별시 종로구 내수동 *-* 대성빌딩***-*,CDFG1251001995000076,3000000,,"서울특별시 종로구 새문안로*가길 *  (내수동,대성빌딩***-*)",,03,폐업,,,,,0,0
,혜성문화사,2000-05-06,200175.860583949,453511.810395455,출판인쇄업,출판사,2026-05-01 22:44:25,I,03,폐업,,0,0,2003-02-07 09:13:27,,1995-05-20,110-530,서울특별시 종로구 혜화동 ***-* *층,CDFG1251001995000077,3000000,,"서울특별시 종로구 대학로**길 **-*  (혜화동,*층)",,03,폐업,,,,11111111,0,0
,법보신문 출판부,2007-01-25,198237.929525915,452179.998288835,출판인쇄업,출판사,2026-05-01 22:44:25,I,03,폐업,,,,2007-01-25 16:25:38,,1995-06-08,110-130,서울특별시 종로구 청진동 **-* 삼선빌딩 *층,CDFG1251001995000083,3000000,,"서울특별시 종로구 종로*길 **-*  (청진동,삼선빌딩 *층)",,03,폐업,,,,,,
,케이제이아이출판국,1999-02-23,197643.965207382,452015.02340447,출판인쇄업,출판사,2026-05-01 22:44:25,I,03,폐업,,0,,2003-02-07 09:13:27,,1995-06-12,110-061,서울특별시 종로구 신문로*가 **-* 근우빌딩***호,CDFG1251001995000084,3000000,,"서울특별시 종로구 새문안로 **  (신문로*가,근우빌딩***호)",,03,폐업,,,,,,
,교문,2012-06-21,201694.86328361,452509.815149026,출판인쇄업,출판사,2026-05-01 22:44:25,I,03,폐업,,0,,2012-06-21 17:34:24,,1995-06-20,110-824,서울특별시 종로구 숭인동 ***-*** 교원빌딩*층,CDFG1251001995000090,3000000,,"서울특별시 종로구 종로**길 **  (숭인동,교원빌딩*층)",,03,폐업,,,,,,
,디아이알,1998-05-07,200307.41543383,453261.085994363,출판인쇄업,출판사,2026-05-01 22:44:25,I,03,폐업,,0,0,2003-02-07 09:13:27,,1995-06-29,110-809,서울특별시 종로구 동숭동 **-** *층,CDFG1251001995000091,3000000,,"서울특별시 종로구 동숭길 **  (동숭동,*층)",,03,폐업,,,,,0,0
,서울아트컴,2004-10-01,198713.721333434,452278.103938912,출판인쇄업,출판사,2026-05-01 22:44:25,I,03,폐업,,,,2004-10-01 17:59:55,,1995-07-14,110-290,서울특별시 종로구 인사동 ***-* 동일빌딩***호,CDFG1251001995000097,3000000,,"서울특별시 종로구 인사동길 **  (인사동,동일빌딩***호)",,03,폐업,,,,,,
,불교성인문화연구소,2005-02-01,198485.817060089,452554.331523979,출판인쇄업,출판사,2026-05-01 22:44:44,I,03,폐업,,,,2005-02-01 15:28:49,,1998-11-27,110-300,서울특별시 종로구 관훈동 ***-* 크라운빌딩***호,CDFG1251001998000151,3000000,,"서울특별시 종로구 인사동길 **  (관훈동,크라운빌딩***호)",,03,폐업,,,,,,
,"동방서점,도서출판하도",2002-01-25,199873.451384,454165.77863423,출판인쇄업,출판사,2026-05-01 22:44:44,I,03,폐업,,0,0,2003-02-07 09:13:27,,1998-12-03,110-530,서울특별시 종로구 혜화동 *-**,CDFG1251001998000152,3000000,,서울특별시 종로구 혜화로 **  (혜화동),,03,폐업,,,,,0,0
,도서출판소금물,2000-07-03,198784.332000708,452406.933381347,출판인쇄업,출판사,2026-05-01 22:44:44,I,03,폐업,,0,0,2003-02-07 09:13:27,,1998-12-10,110-310,서울특별시 종로구 경운동 **-** 건국빌딩*호관 ***호,CDFG1251001998000156,3000000,,"서울특별시 종로구 삼일대로 ***  (경운동,건국빌딩*호관 ***호)",,03,폐업,,,,,0,0
,홍익출판기획,1999-03-02,198524.8093622,451942.366626947,출판인쇄업,출판사,2026-05-01 22:44:44,I,03,폐업,,0,0,2003-02-07 09:13:27,,1998-12-23,110-111,서울특별시 종로구 관철동 **-* 종각빌딩***호,CDFG1251001998000161,3000000,,"서울특별시 종로구 종로*길 *  (관철동,종각빌딩***호)",,03,폐업,,,,,0,0
,대화문화사,2000-12-30,201380.675448699,452274.984670591,출판인쇄업,출판사,2026-05-01 22:44:44,I,03,폐업,,0,0,2003-02-07 09:13:27,,1998-12-24,110-826,서울특별시 종로구 숭인동 ***-* 대화빌딩***,CDFG1251001998000163,3000000,,"서울특별시 종로구 종로**길 *  (숭인동,대화빌딩***)",,03,폐업,,,,22360906,0,0
,도서출판학문사,2003-08-14,,,출판인쇄업,출판사,2026-05-01 22:44:44,I,03,폐업,,,,2003-08-14 16:34:26,,1998-12-29,110-054,서울특별시 종로구 사직동 *-* 사학회관*층,CDFG1251001998000165,3000000,,,,03,폐업,,,,,,
,(주)중앙경제신문사출판사업부,2009-04-15,201421.214910817,452157.655188853,출판인쇄업,출판사,2026-05-01 22:44:44,I,03,폐업,,0,0,2009-04-15 14:52:38,,1998-12-31,110-826,서울특별시 종로구 숭인동 ***-** *층,CDFG1251001998000166,3000000,,"서울특별시 종로구 종로**길 **-*  (숭인동,*층)",,03,폐업,,,,,0,0
,사단법인 한국가정상담연구소,2008-07-17,197145.918502571,453068.116131714,출판인쇄업,출판사,2026-05-01 22:44:44,I,03,폐업,,,,2008-07-18 14:27:03,,1998-06-26,110-805,서울특별시 종로구 누하동 ** 태평타운 ***호,CDFG1251001998000167,3000000,,"서울특별시 종로구 필운대로 **,  ***호 (누하동,태평타운)",,03,폐업,,,,02-567-8690,,
,도서출판 예당출판사,2012-02-13,201829.035795992,452406.943520468,출판인쇄업,출판사,2026-05-01 22:44:44,I,03,폐업,,,,2012-02-13 10:48:58,,1998-04-06,110-825,서울특별시 종로구 숭인동 ***-* 미도빌딩 ***호,CDFG1251001998000168,3000000,,"서울특별시 종로구 난계로**길 **,  ***호 (숭인동,미도빌딩)",,03,폐업,,,,02-2277-0901,,
,도서출판 명림당,2005-01-26,197837.060572492,456414.474751923,출판인쇄업,출판사,2026-05-01 22:44:44,I,03,폐업,,,,2005-04-08 09:28:17,,1999-01-06,110-846,서울특별시 종로구 평창동 **-** 안성타워***호,CDFG1251001999000002,3000000,,"서울특별시 종로구 평창문화로 ***  (평창동,안성타워***호)",,03,폐업,,,,02-391-4735,,
,도서출판 나무같이,2003-04-01,199613.90958988,453566.614142082,출판인쇄업,출판사,2026-05-01 22:44:45,I,03,폐업,,,,2003-04-01 15:52:07,,1999-01-08,110-812,서울특별시 종로구 명륜*가 **-* *층 *층동,CDFG1251001999000004,3000000,,"서울특별시 종로구 성균관로*길 **, *층동 (명륜*가,*층)",,03,폐업,,,,36755090,,
,도서출판 서예와컴퓨터,2014-08-12,197330.932682286,452503.479232886,출판인쇄업,출판사,2026-05-01 22:44:45,I,03,폐업,,0,0,2014-08-12 09:04:51,,1999-01-08,110-053,서울특별시 종로구 내자동 ***-* *층,CDFG1251001999000006,3000000,,"서울특별시 종로구 사직로*길 **-* (내자동,*층)",,03,폐업,,,,,0,0
,도서출판 단,2000-11-03,198378.31599105,452549.83175845,출판인쇄업,출판사,2026-05-01 22:44:45,I,03,폐업,,0,0,2003-02-07 09:13:27,,1999-01-12,110-140,서울특별시 종로구 수송동 *-*,CDFG1251001999000011,3000000,,서울특별시 종로구 우정국로 **  (수송동),,03,폐업,,,,,0,0
,반문화,1999-07-21,198783.662701312,452122.430070163,출판인쇄업,출판사,2026-05-01 22:44:45,I,03,폐업,,0,0,2003-02-07 09:13:27,,1999-01-14,110-290,서울특별시 종로구 인사동 ***-*,CDFG1251001999000012,3000000,,서울특별시 종로구 인사동길 *  (인사동),,03,폐업,,,,,0,0
,도서출판 태산,1999-04-26,201875.702357184,452412.128680276,출판인쇄업,출판사,2026-05-01 22:44:45,I,03,폐업,,0,0,2003-02-07 09:13:27,,1999-01-21,110-829,서울특별시 종로구 숭인동 ****-* 신안빌딩 ***호,CDFG1251001999000016,3000000,,"서울특별시 종로구 종로**길 **  (숭인동,신안빌딩 ***호)",,03,폐업,,,,,0,0
,PS커뮤니케이션,2000-05-22,198691.799418788,452546.547645387,출판인쇄업,출판사,2026-05-01 22:44:45,I,03,폐업,,0,0,2003-02-07 09:13:27,,1999-01-23,110-310,서울특별시 종로구 경운동 **-* 수운회관***호,CDFG1251001999000017,3000000,,"서울특별시 종로구 삼일대로 ***  (경운동,수운회관***호)",,03,폐업,,,,,0,0
,ktl교육원,2001-02-12,200272.067691958,452378.886792712,출판인쇄업,출판사,2026-05-01 22:44:45,I,03,폐업,,0,0,2003-02-07 09:13:27,,1999-01-25,110-850,서울특별시 종로구 효제동 ***-*,CDFG1251001999000018,3000000,,서울특별시 종로구 김상옥로 **  (효제동),,03,폐업,,,,,0,0
,주식회사 문화전략21,2003-03-14,,,출판인쇄업,출판사,2026-05-01 22:44:45,I,03,폐업,,,,2003-03-14 16:44:33,,1999-02-06,110-300,서울특별시 종로구 관훈동 ***-** *층,CDFG1251001999000027,3000000,,,,03,폐업,,,,,,
,(주)한스엠엔비,2000-07-08,,,출판인쇄업,출판사,2026-05-01 22:44:45,I,03,폐업,,0,0,2003-02-07 09:13:27,,1999-02-12,110-054,서울특별시 종로구 사직동 ***-* 휘문빌딩 *층,CDFG1251001999000031,3000000,,,,03,폐업,,,,,0,0
,도서출판 유마서원,2000-10-27,198913.9949749,452366.627105238,출판인쇄업,출판사,2026-05-01 22:44:45,I,03,폐업,,0,0,2003-02-07 09:13:27,,1999-02-18,110-320,서울특별시 종로구 낙원동 **-* 세원 ***,CDFG1251001999000033,3000000,,"서울특별시 종로구 삼일대로**길 *  (낙원동,세원 ***)",,03,폐업,,,,14001000,0,0
,춘추사관,2004-12-30,201854.473190211,452427.159465199,출판인쇄업,출판사,2026-05-01 22:44:45,I,03,폐업,,,,2004-12-30 10:47:36,,1999-03-03,110-825,서울특별시 종로구 숭인동 ***-* 신원빌딩 ***호,CDFG1251001999000036,3000000,,"서울특별시 종로구 종로**길 **  (숭인동,신원빌딩 ***호)",,03,폐업,,,,,,
,휘문인쇄(주),2018-03-29,197026.596585695,452422.331054691,출판인쇄업,출판사,2026-05-01 22:44:45,I,03,폐업,,,,2018-03-29 15:18:57,,1999-03-12,110-054,서울특별시 종로구 사직동 ***-**,CDFG1251001999000040,3000000,,서울특별시 종로구 사직로 ** (사직동),,03,폐업,,,,02-734-2523,,
,"한국호텔,외식경영연구소",2005-06-29,200072.378101828,452291.689518232,출판인쇄업,출판사,2026-05-01 22:44:45,I,03,폐업,,,,2005-06-30 10:01:29,,1999-03-13,110-470,서울특별시 종로구 연지동 ***-** 기독회관***호,CDFG1251001999000041,3000000,,"서울특별시 종로구 대학로 **  (연지동,기독회관***호)",,03,폐업,,,,36751192,,
,도서출판 빛봄,2008-11-04,198691.799418788,452546.547645387,출판인쇄업,출판사,2026-05-01 22:44:46,I,03,폐업,,,,2008-11-04 17:09:38,,1999-03-16,110-310,서울특별시 종로구 경운동 **-* 수운회관***호,CDFG1251001999000043,3000000,,"서울특별시 종로구 삼일대로 ***  (경운동,수운회관***호)",,03,폐업,,,,,,
,도서출판 수선재,2011-09-09,198625.191380432,453151.482790983,출판인쇄업,출판사,2026-05-01 22:44:46,I,03,폐업,,,,2011-09-09 15:10:45,,1999-03-22,110-260,서울특별시 종로구 가회동 ***-* ***호,CDFG1251001999000047,3000000,,"서울특별시 종로구 북촌로 **-*,  ***호 (가회동)",,03,폐업,,,,02-737-9454,,
,도서출판 청류헌,2007-01-26,198913.496136105,452416.170780139,출판인쇄업,출판사,2026-05-01 22:44:46,I,03,폐업,,,,2007-01-29 18:00:48,,1999-03-22,110-320,서울특별시 종로구 낙원동 **-* 종로오피스텔 ****호,CDFG1251001999000048,3000000,,"서울특별시 종로구 삼일대로**길 **  (낙원동,종로오피스텔 ****호)",,03,폐업,,,,,,
,그나라-책만드는사람들,2002-08-14,200008.831492823,452291.335627477,출판인쇄업,출판사,2026-05-01 22:44:46,I,03,폐업,,0,0,2003-02-07 09:13:27,,1999-03-25,110-470,서울특별시 종로구 연지동 ***-** 한국기독교연합회관***호,CDFG1251001999000050,3000000,,"서울특별시 종로구 김상옥로 **  (연지동,한국기독교연합회관***호)",,03,폐업,,,,,0,0
,에이팩스미디어,2018-04-04,198805.617234082,452181.053949579,출판인쇄업,출판사,2026-05-01 22:44:46,I,03,폐업,,0,0,2018-04-04 14:55:46,,1999-03-25,110-741,서울특별시 종로구 인사동 **-* 대일빌딩 ****,CDFG1251001999000051,3000000,,"서울특별시 종로구 인사동길 ** (인사동,대일빌딩 ****)",,03,폐업,,,,,0,0
,도서출판 마하연,2003-02-15,196188.676804345,456211.92274867,출판인쇄업,출판사,2026-05-01 22:44:46,I,03,폐업,,,,2003-02-15 14:44:35,,1999-03-25,110-803,서울특별시 종로구 구기동 **-* 인왕빌딩 ***호,CDFG1251001999000052,3000000,,"서울특별시 종로구 진흥로 ***  (구기동,인왕빌딩 ***호)",,03,폐업,,,,,,
,알라딘,2005-04-06,199633.162881481,453545.529363707,출판인쇄업,출판사,2026-05-01 22:44:46,I,03,폐업,,,,2005-04-07 11:26:59,,1999-04-09,110-812,서울특별시 종로구 명륜*가 **-* *층,CDFG1251001999000056,3000000,,"서울특별시 종로구 성균관로*길 **-*  (명륜*가,*층)",,03,폐업,,,,,,
,동양문화원,1999-06-24,201881.713401038,452351.369151912,출판인쇄업,출판사,2026-05-01 22:44:46,I,03,폐업,,0,0,2003-02-07 09:13:27,,1999-04-16,110-829,서울특별시 종로구 숭인동 ****-*,CDFG1251001999000058,3000000,,서울특별시 종로구 종로**길 **  (숭인동),,03,폐업,,,,,0,0
,석공출판사,2000-06-09,201881.234237298,452368.974561293,출판인쇄업,출판사,2026-05-01 22:44:46,I,03,폐업,,0,0,2003-02-07 09:13:27,,1999-04-16,110-829,서울특별시 종로구 숭인동 ****-* ***호,CDFG1251001999000060,3000000,,"서울특별시 종로구 종로**길 **  (숭인동,***호)",,03,폐업,,,,36621254,0,0
,SA출판사,2004-07-27,199216.516359634,452279.821900139,출판인쇄업,출판사,2026-05-01 22:44:46,I,03,폐업,,,,2004-07-27 16:15:55,,1999-04-21,110-370,서울특별시 종로구 묘동 **-*,CDFG1251001999000061,3000000,,서울특별시 종로구 율곡로*길 ***  (묘동),,03,폐업,,,,,,
,기독교개혁신보사 출판부,2011-04-26,199928.447037571,452256.414385306,출판인쇄업,출판사,2026-05-01 22:44:46,I,03,폐업,,0,0,2011-04-26 15:00:36,,1999-05-04,110-470,서울특별시 종로구 연지동 ***-* 리도빌딩 ***호,CDFG1251001999000067,3000000,,"서울특별시 종로구 종로**가길 **  (연지동,리도빌딩 ***호)",,03,폐업,,,,,0,0
,클릭,2001-03-29,200185.76924588,452476.203071522,출판인쇄업,출판사,2026-05-01 22:44:46,I,03,폐업,,0,0,2003-02-07 09:13:27,,1999-05-08,110-850,서울특별시 종로구 효제동 **-* 청화빌딩 ***호,CDFG1251001999000068,3000000,,"서울특별시 종로구 대학로 **-**  (효제동,청화빌딩 ***호)",,03,폐업,,,,,0,0
,동산미디어,2000-06-01,200510.709779357,452286.909467779,출판인쇄업,출판사,2026-05-01 22:44:46,I,03,폐업,,0,0,2003-02-07 09:13:27,,1999-05-24,110-126,서울특별시 종로구 종로*가 ***-* ***호,CDFG1251001999000075,3000000,,"서울특별시 종로구 종로**길 **  (종로*가,***호)",,03,폐업,,,,,0,0
,theessaycenter,2001-03-20,200348.822914006,452285.517864662,출판인쇄업,출판사,2026-05-01 22:44:47,I,03,폐업,,0,0,2003-02-07 09:13:27,,1999-06-11,110-126,서울특별시 종로구 종로*가 ***-**,CDFG1251001999000086,3000000,,서울특별시 종로구 종로**가길 *  (종로*가),,03,폐업,,,,,0,0
,도서출판 금빛서원,2002-01-28,,,출판인쇄업,출판사,2026-05-01 22:44:47,I,03,폐업,,0,0,2003-02-07 09:13:27,,1999-06-21,110-130,서울특별시 종로구 청진동 ***-* 영한빌딩 ***호,CDFG1251001999000089,3000000,,,,03,폐업,,,,,0,0
,68동호회,2002-04-10,201207.137663352,452103.957593685,출판인쇄업,출판사,2026-05-01 22:44:47,I,03,폐업,,0,0,2003-02-07 09:13:27,,1999-06-25,110-841,서울특별시 종로구 창신동 ***-** 아세아빌딩 ***,CDFG1251001999000090,3000000,,"서울특별시 종로구 종로**길 **  (창신동,아세아빌딩 ***)",,03,폐업,,,,,0,0
,사)한국텔레마케팅협회,2009-05-13,197982.889600104,452206.123138933,출판인쇄업,출판사,2026-05-01 22:44:47,I,03,폐업,,0,0,2009-05-13 10:37:20,,1999-06-25,,서울특별시 종로구 세종로 ***-* 통신센타빌딩 *층,CDFG1251001999000091,3000000,,"서울특별시 종로구 세종대로 ***  (세종로,통신센타빌딩 *층)",,03,폐업,,,,,0,0
,자기탐구회,2000-09-29,200259.762502776,453309.399383479,출판인쇄업,출판사,2026-05-01 22:44:47,I,03,폐업,,0,0,2003-02-07 09:13:27,,1999-07-01,110-809,서울특별시 종로구 동숭동 *-** *층,CDFG1251001999000093,3000000,,"서울특별시 종로구 대학로**길 **  (동숭동,*층)",,03,폐업,,,,36755506,0,0
,세정출판문화사,2000-05-17,,,출판인쇄업,출판사,2026-05-01 22:44:47,I,03,폐업,,0,0,2003-02-07 09:13:27,,1999-07-03,110-054,서울특별시 종로구 사직동 ***-* 현리빌딩 ***,CDFG1251001999000095,3000000,,,,03,폐업,,,,11111111,0,0
,아람미술센터,2002-05-10,198744.504305079,452324.145951504,출판인쇄업,출판사,2026-05-01 22:44:47,I,03,폐업,,0,0,2003-02-07 09:13:27,,1999-07-06,110-290,서울특별시 종로구 인사동 **-*,CDFG1251001999000097,3000000,,서울특별시 종로구 인사동*길 *  (인사동),,03,폐업,,,,,0,0
,(주)금산하우징,2003-03-05,198979.758847796,451921.59918378,출판인쇄업,출판사,2026-05-01 22:44:47,I,03,폐업,,,,2018-11-14 17:20:55,,1999-07-09,110-420,서울특별시 종로구 관수동 *-* 금용빌딩***호,CDFG1251001999000098,3000000,,"서울특별시 종로구 수표로 **-* (관수동,금용빌딩***호)",,03,폐업,,,,22856666,,
,카스정보통신,2000-12-27,199205.910150003,452090.58185302,출판인쇄업,출판사,2026-05-01 22:44:47,I,03,폐업,,0,0,2003-02-07 09:13:27,,1999-07-20,110-370,서울특별시 종로구 묘동 ***-* 영신빌딩 ***호,CDFG1251001999000100,3000000,,"서울특별시 종로구 돈화문로 **  (묘동,영신빌딩 ***호)",,03,폐업,,,,,0,0
,도서출판 역문관서우회,2002-04-23,,,출판인쇄업,출판사,2026-05-01 22:44:47,I,03,폐업,,0,0,2003-02-07 09:13:27,,1999-07-24,110-380,서울특별시 종로구 권농동 **-*,CDFG1251001999000102,3000000,,,,03,폐업,,,,,0,0
,도서출판 북극성,2017-09-21,198374.571770278,453001.129232353,출판인쇄업,출판사,2026-05-01 22:44:47,I,03,폐업,,0,0,2017-09-21 16:35:55,,1999-08-02,110-210,서울특별시 종로구 화동 ***-*,CDFG1251001999000106,3000000,,서울특별시 종로구 율곡로*길 **-* (화동),,03,폐업,,,,,0,0
,도서출판SOFT,2001-06-13,201076.70406727,452152.420762405,출판인쇄업,출판사,2026-05-01 22:44:47,I,03,폐업,,0,0,2003-02-07 09:13:27,,1999-08-16,110-842,서울특별시 종로구 창신동 ***-**,CDFG1251001999000107,3000000,,서울특별시 종로구 종로**길 *-*  (창신동),,03,폐업,,,,,0,0
,후암출판사,2000-03-22,198400.448571985,452444.729787578,출판인쇄업,출판사,2026-05-01 22:44:47,I,03,폐업,,0,0,2003-02-07 09:13:27,,1999-08-16,110-170,서울특별시 종로구 견지동 **-* 종남빌딩 *층,CDFG1251001999000108,3000000,,"서울특별시 종로구 우정국로 **  (견지동,종남빌딩 *층)",,03,폐업,,,,,0,0
,도서출판 새생명,2003-04-03,200072.378101828,452291.689518232,출판인쇄업,출판사,2026-05-01 22:44:47,I,03,폐업,,,,2003-04-03 13:05:09,,1999-08-17,110-736,서울특별시 종로구 연지동 ***-** 기독교회관***호,CDFG1251001999000109,3000000,,"서울특별시 종로구 대학로 **  (연지동,기독교회관***호)",,03,폐업,,,,,,
,신일사,2008-03-21,198143.350695847,452665.870870336,출판인쇄업,출판사,2026-05-01 22:44:47,I,03,폐업,,,,2008-03-21 15:03:12,,1999-08-20,110-190,서울특별시 종로구 사간동 ***-* ]동,CDFG1251001999000110,3000000,,"서울특별시 종로구 삼청로 *, ]동 (사간동)",,03,폐업,,,,,,
,(사)한국동물구조관리협회,2025-09-30,,,출판인쇄업,출판사,2026-05-01 22:44:47,I,03,폐업,,0,0,2025-10-16 11:03:22,,1999-08-25,110-100,서울특별시 종로구 교남동 **-*,CDFG1251001999000111,3000000,,,,03,폐업,,,,,0,0
,도서출판 빛과사랑,2004-12-30,200072.378101828,452291.689518232,출판인쇄업,출판사,2026-05-01 22:44:47,I,03,폐업,,,,2005-01-10 16:57:17,,1999-08-30,110-736,서울특별시 종로구 연지동 ***-** 한국기독교회관****호,CDFG1251001999000113,3000000,,"서울특별시 종로구 대학로 **  (연지동,한국기독교회관****호)",,03,폐업,,,,,,
,(주)한국인재개발교육(),2003-04-15,,,출판인쇄업,출판사,2026-05-01 22:44:47,I,03,폐업,,,,2003-04-15 16:51:20,,1999-09-03,110-121,서울특별시 종로구 종로*가 ** 서울빌딩 ****호,CDFG1251001999000115,3000000,,,,03,폐업,,,,,,
,뿌리사,2004-01-30,198913.496136105,452416.170780139,출판인쇄업,출판사,2026-05-01 22:44:47,I,03,폐업,,,,2004-01-30 14:41:56,,1999-09-03,110-320,서울특별시 종로구 낙원동 **-* 종로오피스텔****,CDFG1251001999000116,3000000,,"서울특별시 종로구 삼일대로**길 **  (낙원동,종로오피스텔****)",,03,폐업,,,,,,
,한국무용지도자협회출판부,2003-02-21,201833.329247293,452396.590127958,출판인쇄업,출판사,2026-05-01 22:44:47,I,03,폐업,,,,2003-02-24 10:07:53,,1999-09-03,110-825,서울특별시 종로구 숭인동 ***-* 삼광빌딩***호,CDFG1251001999000117,3000000,,"서울특별시 종로구 난계로**길 **-*  (숭인동,삼광빌딩***호)",,03,폐업,,,,22538251,,
,중앙아카데미,2001-01-31,198502.872319959,451859.966105804,출판인쇄업,출판사,2026-05-01 22:44:47,I,03,폐업,,0,0,2003-02-07 09:13:27,,1999-09-22,110-111,서울특별시 종로구 관철동 ***-*,CDFG1251001999000128,3000000,,서울특별시 종로구 청계천로 **  (관철동),,03,폐업,,,,,0,0
,테이핑코리아출판사,2007-10-31,196787.886795213,451814.424196043,출판인쇄업,출판사,2026-05-01 22:44:47,I,03,폐업,,,,2007-10-31 17:26:13,,1999-09-29,110-100,서울특별시 종로구 교남동 **-* 덕산빌딩***호,CDFG1251001999000129,3000000,,"서울특별시 종로구 통일로 ***  (교남동,덕산빌딩***호)",,03,폐업,,,,,,
,전통족보문화사,2002-01-30,,,출판인쇄업,출판사,2026-05-01 22:44:47,I,03,폐업,,0,0,2003-02-07 09:13:27,,1999-10-06,110-054,서울특별시 종로구 사직동 *-* 사학회관 *층,CDFG1251001999000131,3000000,,,,03,폐업,,,,,0,0
,도서출판 바름,2009-07-15,199476.959062341,453624.208010918,출판인쇄업,출판사,2026-05-01 22:44:48,I,03,폐업,,0,0,2009-07-15 11:43:59,,1999-10-06,,서울특별시 종로구 명륜*가 **-*,CDFG1251001999000132,3000000,,서울특별시 종로구 성균관로*길 **-**  (명륜*가),,03,폐업,,,,,0,0
,스칼라교육원,2002-01-28,198545.22241783,451854.820889784,출판인쇄업,출판사,2026-05-01 22:44:48,I,03,폐업,,0,0,2003-02-07 09:13:27,,1999-10-12,110-111,서울특별시 종로구 관철동 **-* *층 *호,CDFG1251001999000135,3000000,,"서울특별시 종로구 청계천로 **  (관철동,*층 *호)",,03,폐업,,,,,0,0
,심성개발원,2009-03-04,199965.219599251,454372.261680662,출판인쇄업,출판사,2026-05-01 22:44:48,I,03,폐업,,0,0,2009-03-04 13:51:37,,1999-10-13,110-530,서울특별시 종로구 혜화동 *-*,CDFG1251001999000136,3000000,,서울특별시 종로구 혜화로**길 **  (혜화동),,03,폐업,,,,,0,0
,도서출판 후암,2004-12-24,198400.448571985,452444.729787578,출판인쇄업,출판사,2026-05-01 22:44:48,I,03,폐업,,,,2004-12-24 15:20:06,,1999-10-15,110-170,서울특별시 종로구 견지동 **-* 종남빌딩*층,CDFG1251001999000140,3000000,,"서울특별시 종로구 우정국로 **  (견지동,종남빌딩*층)",,03,폐업,,,,,,
,한국인물연구원,2003-12-12,198119.936679056,451902.693235315,출판인쇄업,출판사,2026-05-01 22:44:48,I,03,폐업,,,,2003-12-12 15:03:00,,1999-10-18,110-110,서울특별시 종로구 서린동 ***-* 한명빌딩 ***호,CDFG1251001999000141,3000000,,"서울특별시 종로구 청계천로 **  (서린동,한명빌딩 ***호)",,03,폐업,,,,,,
,도서출판 울림사,2015-08-31,,,출판인쇄업,출판사,2026-05-01 22:44:48,I,03,폐업,,0,0,2015-08-31 13:27:21,,1999-11-03,110-130,서울특별시 종로구 청진동 ***-* 영한빌딩 ***호,CDFG1251001999000151,3000000,,,,03,폐업,,,,,0,0
,도서출판 유빌라테,2000-02-14,201962.62904341,452377.405128643,출판인쇄업,출판사,2026-05-01 22:44:48,I,03,폐업,,0,0,2003-02-07 09:13:27,,1999-11-06,110-828,서울특별시 종로구 숭인동 ****-* 서진빌딩***호,CDFG1251001999000155,3000000,,"서울특별시 종로구 난계로 ***  (숭인동,서진빌딩***호)",,03,폐업,,,,22366220,0,0
,아트라인커뮤니케이션,2001-11-27,198616.698530133,452701.064857588,출판인쇄업,출판사,2026-05-01 22:44:48,I,03,폐업,,0,0,2003-02-07 09:13:27,,1999-11-12,110-240,서울특별시 종로구 안국동 ***-* 혜영빌딩 ***호,CDFG1251001999000157,3000000,,"서울특별시 종로구 율곡로 **  (안국동,혜영빌딩 ***호)",,03,폐업,,,,,0,0
,서울경찰,2000-06-28,197462.416640375,452525.858417088,출판인쇄업,출판사,2026-05-01 22:44:48,I,03,폐업,,0,0,2003-02-07 09:13:27,,1999-11-16,110-053,서울특별시 종로구 내자동 ***-**,CDFG1251001999000160,3000000,,서울특별시 종로구 사직로*길 **  (내자동),,03,폐업,,,,,0,0
,도서출판 읽을거리,2002-08-31,,,출판인쇄업,출판사,2026-05-01 22:44:48,I,03,폐업,,0,0,2003-02-07 09:13:27,,1999-11-19,110-091,서울특별시 종로구 행촌동 **-* 삼석빌딩*층,CDFG1251001999000162,3000000,,"서울특별시 종로구 송월길 ***  (행촌동,삼석빌딩*층)",,03,폐업,,,,,0,0
,아름다운날,2003-02-20,192141.318297969,449526.492988948,출판인쇄업,출판사,2026-05-01 22:44:48,I,03,폐업,,,,2003-02-24 09:28:03,,1999-11-22,121-885,서울특별시 마포구 합정동 ***-* 지하*층,CDFG1251001999000163,3000000,,"서울특별시 마포구 양화진*길 **  (합정동,지하*층)",,03,폐업,,,,31428420,,
,도서출판예지원,2000-08-29,199090.41076982,452725.878400645,출판인쇄업,출판사,2026-05-01 22:44:48,I,03,폐업,,0,0,2003-02-07 09:13:27,,1999-11-22,110-360,서울특별시 종로구 와룡동 ***-* 동원빌딩 ***호,CDFG1251001999000164,3000000,,"서울특별시 종로구 돈화문로 **  (와룡동,동원빌딩 ***호)",,03,폐업,,,,,0,0
,사람의 마을,2004-03-25,197301.12614106,451816.038182067,출판인쇄업,출판사,2026-05-01 22:44:48,I,03,폐업,,,,2004-03-25 13:56:29,,1999-11-25,110-761,서울특별시 종로구 신문로*가 **-** 피어선빌딩****호,CDFG1251001999000166,3000000,,,,03,폐업,,,,,,
,송아,2011-06-14,196092.743907822,456198.595931715,출판인쇄업,출판사,2026-05-01 22:44:48,I,03,폐업,,0,0,2011-06-14 16:27:28,,1999-12-03,110-803,서울특별시 종로구 구기동 ***-* 요진오피스텔 ***호,CDFG1251001999000172,3000000,,"서울특별시 종로구 진흥로 ***,  ***호 (구기동,요진오피스텔)",,03,폐업,,,,,0,0
,사람과나무,2003-04-01,199613.90958988,453566.614142082,출판인쇄업,출판사,2026-05-01 22:44:53,I,03,폐업,,,,2003-04-01 15:51:22,,1999-12-08,110-812,서울특별시 종로구 명륜*가 **-* *층,CDFG1251001999000175,3000000,,"서울특별시 종로구 성균관로*길 **  (명륜*가,*층)",,03,폐업,,,,36755091,,
,도서출판 정휴,2000-12-13,199140.959526059,452373.514383675,출판인쇄업,출판사,2026-05-01 22:44:53,I,03,폐업,,0,0,2003-02-07 09:13:27,,1999-12-08,110-370,서울특별시 종로구 묘동 ***-*,CDFG1251001999000177,3000000,,서울특별시 종로구 돈화문로 **  (묘동),,03,폐업,,,,,0,0
,도서출판푸른사람,2009-09-02,197384.008252239,452490.443583788,출판인쇄업,출판사,2026-05-01 22:44:53,I,03,폐업,,0,,2009-09-02 17:01:17,,1999-12-11,110-053,서울특별시 종로구 내자동 *** 서라벌빌딩 ***호,CDFG1251001999000179,3000000,,,,03,폐업,,,,,,
,바인커뮤니케이션,2007-10-15,200072.378101828,452291.689518232,출판인쇄업,출판사,2026-05-01 22:44:53,I,03,폐업,,,,2007-10-15 17:42:42,,1999-12-13,110-736,서울특별시 종로구 연지동 ***-** 한국기독교회관***,CDFG1251001999000180,3000000,,"서울특별시 종로구 대학로 **  (연지동,한국기독교회관***)",,03,폐업,,,,,,
,도서출판 미디어믹스,2002-02-21,198970.736456772,452534.45478172,출판인쇄업,출판사,2026-05-01 22:44:53,I,03,폐업,,0,0,2003-02-07 09:13:27,,1999-12-15,110-340,서울특별시 종로구 익선동 **-* 신화타워 ***,CDFG1251001999000181,3000000,,"서울특별시 종로구 삼일대로**길 **  (익선동,신화타워 ***)",,03,폐업,,,,,0,0
,도서출판 사철,2016-02-26,201189.84410907,452142.051370565,출판인쇄업,출판사,2026-05-01 22:44:53,I,03,폐업,,0,0,2016-02-26 16:58:01,,1999-12-20,110-841,서울특별시 종로구 창신동 ***-**,CDFG1251001999000184,3000000,,서울특별시 종로구 종로**길 ** (창신동),,03,폐업,,,,36722314,0,0
,노만음악출판사,2003-03-31,198918.099510597,452235.88369074,출판인쇄업,출판사,2026-05-01 22:44:53,I,03,폐업,,,,2003-03-31 17:24:51,,1999-12-29,110-320,서울특별시 종로구 낙원동 ***-*,CDFG1251001999000187,3000000,,서울특별시 종로구 종로**길 **  (낙원동),,03,폐업,,,,,,
,(주)한솔지엘에듀,2025-01-23,198386.829870878,452237.303784872,출판인쇄업,출판사,2026-05-01 22:44:54,I,03,폐업,,0,0,2025-03-28 09:48:37,,2000-01-03,,서울특별시 종로구 견지동 ***,CDFG1251002000000001,3000000,,"서울특별시 종로구 삼봉로 **, *층,*층 (견지동, 종로*가 대성 스카이렉스)",03150,03,폐업,,,,,0,0
,HOME21,2007-12-28,198805.617234082,452181.053949579,출판인쇄업,출판사,2026-05-01 22:44:54,I,03,폐업,,,,2007-12-28 14:43:37,,2000-01-05,110-741,서울특별시 종로구 인사동 **-* 대일빌딩 ****,CDFG1251002000000002,3000000,,"서울특별시 종로구 인사동길 **  (인사동,대일빌딩 ****)",,03,폐업,,,,,,
,도서출판 지식의나무,2002-04-04,199802.758483366,452495.169643037,출판인쇄업,출판사,2026-05-01 22:44:54,I,03,폐업,,0,0,2003-02-07 09:13:27,,2000-01-05,110-450,서울특별시 종로구 원남동 **-**,CDFG1251002000000003,3000000,,서울특별시 종로구 창경궁로**길 **  (원남동),,03,폐업,,,,,0,0
,도서출판 글마루,2003-04-15,201907.172427254,452350.614252089,출판인쇄업,출판사,2026-05-01 22:44:54,I,03,폐업,,,,2003-04-15 09:02:21,,2000-01-05,110-829,서울특별시 종로구 숭인동 ****-* 정우빌딩*층,CDFG1251002000000004,3000000,,"서울특별시 종로구 난계로**가길 **  (숭인동,정우빌딩*층)",,03,폐업,,,,22533600,,
,도서출판 율려세상,2003-03-28,199780.673637192,454142.698971784,출판인쇄업,출판사,2026-05-01 22:44:54,I,03,폐업,,,,2003-03-28 18:03:49,,2000-01-08,110-521,서울특별시 종로구 명륜*가 **-* ***호,CDFG1251002000000006,3000000,,"서울특별시 종로구 성균관로 **  (명륜*가,***호)",,03,폐업,,,,36761709,,
,한국한문교육진흥원,2000-11-08,199090.41076982,452725.878400645,출판인쇄업,출판사,2026-05-01 22:44:54,I,03,폐업,,0,0,2003-02-07 09:13:27,,2000-01-20,110-360,서울특별시 종로구 와룡동 ***-* 동원빌딩 ***,CDFG1251002000000011,3000000,,"서울특별시 종로구 돈화문로 **  (와룡동,동원빌딩 ***)",,03,폐업,,,,,0,0
,엔에치케이출판사,2004-06-11,198758.542600537,451799.697996455,출판인쇄업,출판사,2026-05-01 22:44:54,I,03,폐업,,,,2004-06-11 15:46:58,,2000-01-21,110-111,서울특별시 종로구 관철동 **-*,CDFG1251002000000012,3000000,,서울특별시 종로구 청계천로 **  (관철동),,03,폐업,,,,,,
,문정기획,2000-09-06,201906.610016674,452369.83658016,출판인쇄업,출판사,2026-05-01 22:44:54,I,03,폐업,,0,0,2003-02-07 09:13:27,,2000-01-26,110-829,서울특별시 종로구 숭인동 ****-* 동원빌딩 ***호,CDFG1251002000000013,3000000,,"서울특별시 종로구 난계로**가길 **  (숭인동,동원빌딩 ***호)",,03,폐업,,,,22422516,0,0
,도서출판 아트라이프,2007-10-22,197514.840586482,453818.939502867,출판인쇄업,출판사,2026-05-01 22:44:54,I,03,폐업,,,,2007-10-22 10:49:23,,2000-01-26,110-030,서울특별시 종로구 청운동 **-*,CDFG1251002000000014,3000000,,,,03,폐업,,,,,,
,도서출판 돌대,2003-02-17,197300.451741873,456014.838775879,출판인쇄업,출판사,2026-05-01 22:44:54,I,03,폐업,,,,2003-02-17 18:04:37,,2000-01-26,110-847,서울특별시 종로구 평창동 ***-*,CDFG1251002000000015,3000000,,서울특별시 종로구 평창문화로 **  (평창동),,03,폐업,,,,,,
,인포미디어,2017-03-30,200260.2187645,453354.404815954,출판인쇄업,출판사,2026-05-01 22:44:54,I,03,폐업,,0,0,2017-03-30 13:15:05,,2000-02-03,110-809,서울특별시 종로구 동숭동 *-** *층,CDFG1251002000000022,3000000,,"서울특별시 종로구 대학로**길 ** (동숭동,*층)",,03,폐업,,,,36730114,0,0
,도서출판 인터넷교육방송,2001-06-19,199809.909500663,452252.651266308,출판인쇄업,출판사,2026-05-01 22:44:54,I,03,폐업,,0,0,2003-02-07 09:13:27,,2000-02-14,110-410,서울특별시 종로구 인의동 **-** 세일빌딩 *층 *호,CDFG1251002000000025,3000000,,"서울특별시 종로구 창경궁로 ***-**  (인의동,세일빌딩 *층 *호)",,03,폐업,,,,,0,0
,도서출판 우송,2003-01-22,198734.868798068,452473.999420612,출판인쇄업,출판사,2026-05-01 22:44:54,I,03,폐업,,0,0,2003-02-07 09:13:27,,2000-02-14,110-310,서울특별시 종로구 경운동 **-*,CDFG1251002000000026,3000000,,서울특별시 종로구 인사동**길 **-*  (경운동),,03,폐업,,,,,0,0
,한국소설대학,2006-11-15,,,출판인쇄업,출판사,2026-05-01 22:44:37,I,03,폐업,,,,2006-11-16 10:25:13,,1997-04-30,110-160,서울특별시 종로구 공평동 **-* 교우회빌딩*층 ***,CDFG1251001997000045,3000000,,,,03,폐업,,,,,,
,GRACE PUBLISHER,1998-10-27,201586.482481109,452630.220964515,출판인쇄업,출판사,2026-05-01 22:44:37,I,03,폐업,,0,0,2003-02-07 09:13:27,,1997-05-01,110-824,서울특별시 종로구 숭인동 ***-**,CDFG1251001997000047,3000000,,서울특별시 종로구 종로**가길 **-*  (숭인동),,03,폐업,,,,,0,0
,국가고시연구원,1999-08-16,201837.706250201,452386.077965418,출판인쇄업,출판사,2026-05-01 22:44:37,I,03,폐업,,0,0,2003-02-07 09:13:27,,1997-05-07,110-825,서울특별시 종로구 숭인동 ***-* 황해빌딩***,CDFG1251001997000049,3000000,,"서울특별시 종로구 종로**가길 *  (숭인동,황해빌딩***)",,03,폐업,,,,,0,0
,우주볶음쎈타,2007-02-27,197479.822436554,452013.403992564,출판인쇄업,출판사,2026-05-01 22:44:37,I,03,폐업,,,,2007-02-28 10:06:37,,1997-05-19,110-061,서울특별시 종로구 신문로*가 **-* 구세군회관빌딩***호,CDFG1251001997000053,3000000,,"서울특별시 종로구 새문안로 **  (신문로*가,구세군회관빌딩***호)",,03,폐업,,,,,,
,홍디자인,2002-09-16,199794.953704506,453978.660467019,출판인쇄업,출판사,2026-05-01 22:44:37,I,03,폐업,,0,0,2003-02-07 09:13:27,,1997-05-20,110-521,서울특별시 종로구 명륜*가 **-**,CDFG1251001997000054,3000000,,서울특별시 종로구 혜화로*길 **-**  (명륜*가),,03,폐업,,,,,0,0
,동산,1999-04-23,,,출판인쇄업,출판사,2026-05-01 22:44:37,I,03,폐업,,0,0,2003-02-07 09:13:27,,1997-05-21,110-126,서울특별시 종로구 종로*가 ***-***,CDFG1251001997000055,3000000,,,,03,폐업,,,,,0,0
,키이앤서씨스템,1998-03-19,198616.698530133,452701.064857588,출판인쇄업,출판사,2026-05-01 22:44:37,I,03,폐업,,0,0,2003-02-07 09:13:27,,1997-05-23,110-240,서울특별시 종로구 안국동 ***-* 해영회관***,CDFG1251001997000057,3000000,,"서울특별시 종로구 율곡로 **  (안국동,해영회관***)",,03,폐업,,,,,0,0
,지엔비,2001-04-27,198378.31599105,452549.83175845,출판인쇄업,출판사,2026-05-01 22:44:37,I,03,폐업,,0,,2003-02-07 09:13:27,,1997-05-23,110-140,서울특별시 종로구 수송동 *,CDFG1251001997000058,3000000,,서울특별시 종로구 우정국로 **  (수송동),,03,폐업,,,,22711893,,
,세평,2001-02-19,197573.030749573,452175.335781858,출판인쇄업,출판사,2026-05-01 22:44:37,I,03,폐업,,0,0,2003-02-07 09:13:27,,1997-05-28,110-724,서울특별시 종로구 당주동 ***-* 세종빌딩 지하*층 **호,CDFG1251001997000059,3000000,,"서울특별시 종로구 세종대로**길 **,  **호 (당주동,세종빌딩 지하*층)",,03,폐업,,,,,0,0
,한국무역교육원,2000-06-16,,,출판인쇄업,출판사,2026-05-01 22:44:37,I,03,폐업,,0,0,2003-02-07 09:13:27,,1997-05-30,110-813,서울특별시 종로구 무악동 **-*,CDFG1251001997000060,3000000,,,,03,폐업,,,,,0,0
,다이원,2006-04-17,197320.938880463,452332.408294011,출판인쇄업,출판사,2026-05-01 22:44:37,I,03,폐업,,,,2006-04-18 08:32:27,,1997-05-30,110-070,서울특별시 종로구 내수동 ***-** *층,CDFG1251001997000061,3000000,,"서울특별시 종로구 경희궁*길 *-*  (내수동,*층)",,03,폐업,,,,,,
,전통과현대,1999-01-22,200032.771866394,453772.178023835,출판인쇄업,출판사,2026-05-01 22:44:37,I,03,폐업,,0,,2003-02-07 09:13:27,,1997-06-02,110-530,서울특별시 종로구 혜화동 ***-*,CDFG1251001997000062,3000000,,서울특별시 종로구 창경궁로**길 *  (혜화동),,03,폐업,,,,,,
,금호각,1999-09-30,196399.165903224,455905.534220985,출판인쇄업,출판사,2026-05-01 22:44:38,I,03,폐업,,0,0,2003-02-07 09:13:27,,1997-06-13,110-831,서울특별시 종로구 신영동 ***-*,CDFG1251001997000069,3000000,,서울특별시 종로구 세검정로*길 **  (신영동),,03,폐업,,,,,0,0
,도서출판 일문,1999-05-21,201910.647689061,452406.882572987,출판인쇄업,출판사,2026-05-01 22:44:38,I,03,폐업,,0,0,2003-02-07 09:13:27,,1997-06-26,110-829,서울특별시 종로구 숭인동 ****-* 태영빌딩***호,CDFG1251001997000071,3000000,,"서울특별시 종로구 난계로**가길 **  (숭인동,태영빌딩***호)",,03,폐업,,,,,0,0
,도서출판니드,2007-07-24,198814.852977728,452995.885146635,출판인쇄업,출판사,2026-05-01 22:44:38,I,03,폐업,,,,2007-07-24 17:32:29,,1997-06-27,110-801,서울특별시 종로구 계동 ***-**,CDFG1251001997000072,3000000,,서울특별시 종로구 창덕궁*길 **  (계동),,03,폐업,,,,,,
,호진기획,1999-02-01,,,출판인쇄업,출판사,2026-05-01 22:44:38,I,03,폐업,,0,,2003-02-07 09:13:27,,1997-06-27,110-140,서울특별시 종로구 수송동 **-* 거양빌딩 ***호,CDFG1251001997000073,3000000,,"서울특별시 종로구 율곡로*길 **  (수송동,거양빌딩 ***호)",,03,폐업,,,,,,
,한빛네트,2001-01-18,200306.889634085,453117.874916028,출판인쇄업,출판사,2026-05-01 22:44:38,I,03,폐업,,0,0,2003-02-07 09:13:27,,1997-07-01,110-809,서울특별시 종로구 동숭동 *-***,CDFG1251001997000074,3000000,,서울특별시 종로구 동숭길 **  (동숭동),,03,폐업,,,,36734134,0,0
,호경미디어,1999-10-01,,,출판인쇄업,출판사,2026-05-01 22:44:38,I,03,폐업,,0,0,2003-02-07 09:13:27,,1997-07-03,110-130,서울특별시 종로구 청진동 ***-* 영한빌딩***,CDFG1251001997000075,3000000,,,,03,폐업,,,,22818792,0,0
,(주)동성보,2000-02-18,201793.583461764,452398.693006915,출판인쇄업,출판사,2026-05-01 22:44:38,I,03,폐업,,0,0,2003-02-07 09:13:27,,1997-07-04,110-825,서울특별시 종로구 숭인동 ***-** 영동빌딩 *층,CDFG1251001997000077,3000000,,"서울특별시 종로구 난계로**길 **  (숭인동,영동빌딩 *층)",,03,폐업,,,,,0,0
,도서출판 이야기길,1998-01-23,196473.332658343,455808.978640669,출판인쇄업,출판사,2026-05-01 22:44:38,I,03,폐업,,0,,2003-02-07 09:13:27,,1997-07-07,110-831,서울특별시 종로구 신영동 ***-* 한성빌딩 ***호,CDFG1251001997000078,3000000,,"서울특별시 종로구 진흥로 ***  (신영동,한성빌딩 ***호)",,03,폐업,,,,,,
,불꽃,2013-08-07,198913.496136105,452416.170780139,출판인쇄업,출판사,2026-05-01 22:44:38,I,03,폐업,,,,2013-08-07 16:28:52,,1997-07-14,110-320,서울특별시 종로구 낙원동 **-* 종로오피스텔***호,CDFG1251001997000082,3000000,,"서울특별시 종로구 삼일대로**길 **  (낙원동,종로오피스텔***호)",,03,폐업,,,,36722779,,
,(주)나침반교육,1999-02-10,200418.778371396,452128.646631696,출판인쇄업,출판사,2026-05-01 22:44:38,I,03,폐업,,0,,2003-02-07 09:13:27,,1997-08-21,110-835,서울특별시 종로구 종로*가 *-*,CDFG1251001997000095,3000000,,,,03,폐업,,,,,,
,제자훈련원,2002-05-24,197469.959024858,452033.989111749,출판인쇄업,출판사,2026-05-01 22:44:38,I,03,폐업,,0,0,2003-02-07 09:13:27,,1997-08-21,110-061,서울특별시 종로구 신문로*가 **-** 신화빌딩,CDFG1251001997000096,3000000,,"서울특별시 종로구 경희궁길 *  (신문로*가,신화빌딩)",,03,폐업,,,,,0,0
,현대아카데미,2000-01-25,198809.657590495,451866.449386154,출판인쇄업,출판사,2026-05-01 22:44:39,I,03,폐업,,0,0,2003-02-07 09:13:27,,1997-09-02,110-111,"서울특별시 종로구 관철동 *-** 동일빌딩 *,*층",CDFG1251001997000099,3000000,,"서울특별시 종로구 삼일대로 ***-*  (관철동,동일빌딩 *,*층)",,03,폐업,,,,,0,0
,우리시대,1999-02-12,200072.378101828,452291.689518232,출판인쇄업,출판사,2026-05-01 22:44:39,I,03,폐업,,0,,2003-02-07 09:13:27,,1997-09-05,110-736,"서울특별시 종로구 연지동 ***-** 한국기독교회관***,***호",CDFG1251001997000100,3000000,,"서울특별시 종로구 대학로 **  (연지동,한국기독교회관***,***호)",,03,폐업,,,,,,
,도서출판 한국협동조합연구소,2006-03-17,196812.24262726,451785.296574342,출판인쇄업,출판사,2026-05-01 22:44:39,I,03,폐업,,,,2006-03-17 15:34:12,,1997-09-06,110-100,서울특별시 종로구 교남동 **-*,CDFG1251001997000101,3000000,,서울특별시 종로구 통일로 ***-*  (교남동),,03,폐업,,,,02-722-5911,,
,하제마을,2004-08-31,200157.647836124,453287.901840153,출판인쇄업,출판사,2026-05-01 22:44:39,I,03,폐업,,,,2004-08-31 16:26:56,,1997-09-08,110-809,서울특별시 종로구 동숭동 *-**,CDFG1251001997000102,3000000,,서울특별시 종로구 대학로**길 *  (동숭동),,03,폐업,,,,,,
,산목,2005-07-05,199857.383938504,454030.63359353,출판인쇄업,출판사,2026-05-01 22:44:39,I,03,폐업,,,,2005-07-05 15:51:05,,1997-10-15,110-521,서울특별시 종로구 명륜*가 **-** 경주이씨중앙화수회 ***,CDFG1251001997000111,3000000,,"서울특별시 종로구 혜화로 **  (명륜*가,경주이씨중앙화수회 ***)",,03,폐업,,,,02-762-3919,,
,도서출판 내친구,2005-05-18,197567.93800572,452276.454633376,출판인쇄업,출판사,2026-05-01 22:44:39,I,03,폐업,,,,2005-05-18 15:42:58,,1997-10-17,110-070,서울특별시 종로구 내수동 ***-* 대우복합빌딩 ***호,CDFG1251001997000112,3000000,,"서울특별시 종로구 새문안로*길 **  (내수동,대우복합빌딩 ***호)",,03,폐업,,,,,,
,간방문화사(출판),2001-07-24,,,출판인쇄업,출판사,2026-05-01 22:44:39,I,03,폐업,,0,,2003-02-07 09:13:27,,1997-10-27,110-814,서울특별시 종로구 무악동 **-* ***호,CDFG1251001997000116,3000000,,,,03,폐업,,,,,,
,케이티시스템,2004-05-10,199855.110473367,452477.854659566,출판인쇄업,출판사,2026-05-01 22:44:39,I,03,폐업,,,,2004-05-10 13:33:09,,1997-11-01,110-470,서울특별시 종로구 연지동 **-* 삼원빌딩 *층,CDFG1251001997000117,3000000,,"서울특별시 종로구 창경궁로**길 **  (연지동,삼원빌딩 *층)",,03,폐업,,,,,,
,도서출판 경호,2000-04-15,197235.601597011,452604.098418456,출판인쇄업,출판사,2026-05-01 22:44:39,I,03,폐업,,0,0,2003-02-07 09:13:27,,1997-11-03,110-044,서울특별시 종로구 필운동 ***-* 파크뷰타워 ***호,CDFG1251001997000118,3000000,,"서울특별시 종로구 사직로 **  (필운동,파크뷰타워 ***호)",,03,폐업,,,,11111111,0,0
,한국아트디자인,1998-12-05,201238.696068454,452317.86559669,출판인쇄업,출판사,2026-05-01 22:44:39,I,03,폐업,,0,,2003-02-07 09:13:27,,1997-11-06,110-840,서울특별시 종로구 창신동 ***,CDFG1251001997000121,3000000,,서울특별시 종로구 종로 ***  (창신동),,03,폐업,,,,,,
,율수출판사,2015-12-07,197567.849954354,452567.159554494,출판인쇄업,출판사,2026-05-01 22:44:39,I,03,폐업,,0,,2015-12-07 14:15:08,,1997-11-07,110-052,서울특별시 종로구 적선동 ** 현대빌딩***호,CDFG1251001997000122,3000000,,"서울특별시 종로구 사직로 *** (적선동,현대빌딩***호)",,03,폐업,,,,,,
,열린정보기술,1998-12-01,198966.466796388,452608.062544497,출판인쇄업,출판사,2026-05-01 22:44:39,I,03,폐업,,0,,2003-02-07 09:13:27,,1997-11-10,110-350,서울특별시 종로구 운니동 **-* 월드오피스텔 ***,CDFG1251001997000125,3000000,,"서울특별시 종로구 율곡로*길 **  (운니동,월드오피스텔 ***)",,03,폐업,,,,,,
,한국익스프레션룰즈,2002-01-25,200257.115683163,453485.12004217,출판인쇄업,출판사,2026-05-01 22:44:39,I,03,폐업,,0,0,2003-02-07 09:13:27,,1997-11-18,110-809,서울특별시 종로구 동숭동 *-*,CDFG1251001997000128,3000000,,서울특별시 종로구 동숭길 ***  (동숭동),,03,폐업,,,,,0,0
,뉴웨이브인터내셔날,2002-12-27,198716.07995214,451962.755506344,출판인쇄업,출판사,2026-05-01 22:44:39,I,03,폐업,,0,0,2003-02-07 09:13:27,,1997-11-20,110-122,서울특별시 종로구 종로*가 **-* 연합빌딩 ***호,CDFG1251001997000130,3000000,,"서울특별시 종로구 종로 **  (종로*가,연합빌딩 ***호)",,03,폐업,,,,,0,0
,도서출판기자의집,2015-04-02,200240.29796585,453068.977048844,출판인쇄업,출판사,2026-05-01 22:44:39,I,03,폐업,,0,,2015-04-02 13:42:11,,1997-12-10,110-809,서울특별시 종로구 동숭동 *-*** 마로니에유리빌딩*층,CDFG1251001997000137,3000000,,"서울특별시 종로구 동숭길 ** (동숭동,마로니에유리빌딩*층)",,03,폐업,,,,,,
,모음책방,2011-01-19,198419.977039927,453529.777501616,출판인쇄업,출판사,2026-05-01 22:44:40,I,03,폐업,,,,2011-01-19 17:47:59,,1997-12-10,110-230,서울특별시 종로구 삼청동 **-*** B**호,CDFG1251001997000138,3000000,,"서울특별시 종로구 북촌로**길 **-*,  B**호 (삼청동)",,03,폐업,,,,02-3672-3223,,
,월드관광학원,2005-11-25,198681.571899164,452050.274345174,출판인쇄업,출판사,2026-05-01 22:44:40,I,03,폐업,,,,2005-11-25 17:44:41,,1997-12-26,110-290,서울특별시 종로구 인사동 **-* 제일빌딩*층,CDFG1251001997000143,3000000,,"서울특별시 종로구 종로**길 **  (인사동,제일빌딩*층)",,03,폐업,,,,,,
,현대통신기획,2012-10-17,,,출판인쇄업,출판사,2026-05-01 22:44:40,I,03,폐업,,0,,2012-10-17 19:28:10,,1997-12-26,110-092,서울특별시 종로구 홍파동 **-* 영천빌딩***호,CDFG1251001997000144,3000000,,"서울특별시 종로구 통일로**길 **  (홍파동,영천빌딩***호)",,03,폐업,,,,,,
,에이엔에이,2019-08-27,198805.617234082,452181.053949579,출판인쇄업,출판사,2026-05-01 22:44:40,I,03,폐업,,0,0,2019-08-27 17:09:37,,1998-01-15,110-741,서울특별시 종로구 인사동 **-* 대일빌딩 ****,CDFG1251001998000004,3000000,,"서울특별시 종로구 인사동길 ** (인사동,대일빌딩 ****)",,03,폐업,,,,02-730-1995,0,0
,도서출판 대정기획,2000-03-30,199467.888632647,451999.860095289,출판인쇄업,출판사,2026-05-01 22:44:40,I,03,폐업,,0,0,2003-02-07 09:13:27,,1998-01-16,110-123,서울특별시 종로구 종로*가 ***-* 합동빌딩 ***호,CDFG1251001998000006,3000000,,"서울특별시 종로구 종로 ***-*  (종로*가,합동빌딩 ***호)",,03,폐업,,,,,0,0
,청주한씨유업봉찬회,2001-05-26,199686.831190832,452422.012407453,출판인쇄업,출판사,2026-05-01 22:44:40,I,03,폐업,,0,0,2003-02-07 09:13:27,,1998-01-16,110-410,서울특별시 종로구 인의동 **-*,CDFG1251001998000008,3000000,,,,03,폐업,,,,,0,0
,성문학력평가원,2000-06-15,198574.909899705,452264.246969117,출판인쇄업,출판사,2026-05-01 22:44:40,I,03,폐업,,0,0,2003-02-07 09:13:27,,1998-01-17,110-300,서울특별시 종로구 관훈동 ***-**,CDFG1251001998000009,3000000,,서울특별시 종로구 인사동*길 **  (관훈동),,03,폐업,,,,,0,0
,좋은미디어,2014-07-02,,,출판인쇄업,출판사,2026-05-01 22:44:40,I,03,폐업,,0,0,2014-07-03 14:21:15,,1998-01-30,110-101,서울특별시 종로구 송월동 **-* 신아빌딩***호,CDFG1251001998000014,3000000,,"서울특별시 종로구 통일로 ***-** (송월동,신아빌딩***호)",,03,폐업,,,,,0,0
,한국항공관광학원부설편입정보사,1999-08-31,199090.839065583,452224.707344198,출판인쇄업,출판사,2026-05-01 22:44:40,I,03,폐업,,0,0,2003-02-07 09:13:27,,1998-01-31,110-807,서울특별시 종로구 돈의동 **-* 삼호빌딩*층,CDFG1251001998000015,3000000,,"서울특별시 종로구 수표로**길 **  (돈의동,삼호빌딩*층)",,03,폐업,,,,,0,0
,단촌글방,2003-06-09,198467.712974372,452623.282097869,출판인쇄업,출판사,2026-05-01 22:44:40,I,03,폐업,,,,2003-06-09 09:08:49,,1998-02-10,110-240,서울특별시 종로구 안국동 ***-**,CDFG1251001998000019,3000000,,서울특별시 종로구 율곡로 **  (안국동),,03,폐업,,,,,,
,사단법인유도회출판부,1999-09-02,199784.453419674,454091.273045381,출판인쇄업,출판사,2026-05-01 22:44:40,I,03,폐업,,0,0,2003-02-07 09:13:27,,1998-02-24,110-521,서울특별시 종로구 명륜*가 **-*,CDFG1251001998000025,3000000,,서울특별시 종로구 혜화로**가길 **  (명륜*가),,03,폐업,,,,,0,0
,서울스코프,1999-04-14,200032.771866394,453772.178023835,출판인쇄업,출판사,2026-05-01 22:44:40,I,03,폐업,,0,0,2003-02-07 09:13:27,,1998-03-02,110-530,서울특별시 종로구 혜화동 ***-*,CDFG1251001998000026,3000000,,서울특별시 종로구 창경궁로**길 *  (혜화동),,03,폐업,,,,,0,0
,서울컴퓨터아카데미,2000-01-28,198697.706712628,451897.834324531,출판인쇄업,출판사,2026-05-01 22:44:40,I,03,폐업,,0,0,2003-02-07 09:13:27,,1998-03-02,110-111,서울특별시 종로구 관철동 **-** 코아빌딩 **층,CDFG1251001998000027,3000000,,"서울특별시 종로구 종로**길 **  (관철동,코아빌딩 **층)",,03,폐업,,,,,0,0
,재단법인송포재단,2002-01-03,198713.721333434,452278.103938912,출판인쇄업,출판사,2026-05-01 22:44:40,I,03,폐업,,0,,2003-02-07 09:13:27,,1998-03-13,110-290,서울특별시 종로구 인사동 *** 동일빌딩***호,CDFG1251001998000033,3000000,,"서울특별시 종로구 인사동길 **  (인사동,동일빌딩***호)",,03,폐업,,,,,,
,미디음악연구실,2000-04-15,201963.695437025,452344.666864814,출판인쇄업,출판사,2026-05-01 22:44:41,I,03,폐업,,0,0,2003-02-07 09:13:27,,1998-03-31,110-828,서울특별시 종로구 숭인동 ****-* 신설빌딩 ***호,CDFG1251001998000040,3000000,,,,03,폐업,,,,22533376,0,0
,한국중앙전산출판사,2001-06-05,198541.72075378,451935.633974889,출판인쇄업,출판사,2026-05-01 22:44:41,I,03,폐업,,0,0,2003-02-07 09:13:27,,1998-04-09,110-111,서울특별시 종로구 관철동 **-* 대왕빌딩*층,CDFG1251001998000043,3000000,,"서울특별시 종로구 우정국로*길 **  (관철동,대왕빌딩*층)",,03,폐업,,,,,0,0
,도서출판 진문사,1999-03-10,199802.758483366,452495.169643037,출판인쇄업,출판사,2026-05-01 22:44:41,I,03,폐업,,0,0,2003-02-07 09:13:27,,1998-04-16,110-450,서울특별시 종로구 원남동 **-** 동광빌딩 ***호,CDFG1251001998000044,3000000,,"서울특별시 종로구 창경궁로**길 **  (원남동,동광빌딩 ***호)",,03,폐업,,,,,0,0
,국민기획,1999-05-31,200012.986590319,453767.9938848,출판인쇄업,출판사,2026-05-01 22:44:41,I,03,폐업,,0,0,2003-02-07 09:13:27,,1998-04-20,110-530,서울특별시 종로구 혜화동 ***-*,CDFG1251001998000046,3000000,,서울특별시 종로구 혜화로*길 *  (혜화동),,03,폐업,,,,,0,0
,문학저널,2018-04-26,196215.817093465,455562.951300487,출판인쇄업,출판사,2026-05-01 22:44:41,I,03,폐업,,0,0,2018-04-26 15:51:32,,1998-04-20,110-020,서울특별시 종로구 홍지동 **-**,CDFG1251001998000048,3000000,,서울특별시 종로구 홍지문길 ** (홍지동),,03,폐업,,,,,0,0
,도서출판 골든,2004-01-27,198555.896670707,452709.291641111,출판인쇄업,출판사,2026-05-01 22:44:41,I,03,폐업,,,,2004-01-27 11:34:10,,1998-04-27,110-240,서울특별시 종로구 안국동 **-*,CDFG1251001998000050,3000000,,서울특별시 종로구 율곡로 **-**  (안국동),,03,폐업,,,,,,
,지엘씨센타,2000-05-22,,,출판인쇄업,출판사,2026-05-01 22:44:41,I,03,폐업,,0,0,2003-02-07 09:13:27,,1998-04-28,110-707,서울특별시 종로구 낙원동 *-* 낙원빌딩***호,CDFG1251001998000052,3000000,,,,03,폐업,,,,,0,0
,B.S 인포텍,1999-02-13,199145.345020111,452336.220823185,출판인쇄업,출판사,2026-05-01 22:44:41,I,03,폐업,,0,0,2003-02-07 09:13:27,,1998-05-01,110-370,서울특별시 종로구 묘동 ***-*,CDFG1251001998000054,3000000,,서울특별시 종로구 돈화문로 **-*  (묘동),,03,폐업,,,,,0,0
,도서출판 다해,2003-02-20,201001.961050406,461347.96222255,출판인쇄업,출판사,2026-05-01 22:44:41,I,03,폐업,,,,2003-02-24 09:23:51,,1998-05-12,142-892,서울특별시 강북구 우이동 ***-** *층,CDFG1251001998000057,3000000,,"서울특별시 강북구 삼양로***길 **-**  (우이동,*층)",,03,폐업,,,,,,
,우리모두복지출판사,1999-08-06,200294.81547701,452714.835741166,출판인쇄업,출판사,2026-05-01 22:44:41,I,03,폐업,,0,0,2003-02-07 09:13:27,,1998-05-15,110-500,서울특별시 종로구 이화동 **-** *층,CDFG1251001998000058,3000000,,"서울특별시 종로구 이화장길 **  (이화동,*층)",,03,폐업,,,,,0,0
,뿌리출판사,1998-12-12,197386.63865341,456142.715416274,출판인쇄업,출판사,2026-05-01 22:44:41,I,03,폐업,,0,0,2003-02-07 09:13:27,,1998-05-28,110-846,서울특별시 종로구 평창동 ***-* *층,CDFG1251001998000064,3000000,,"서울특별시 종로구 평창문화로 **  (평창동,*층)",,03,폐업,,,,,0,0
,5000년의 인물동아 뉴스,1999-05-06,201875.702357184,452412.128680276,출판인쇄업,출판사,2026-05-01 22:44:41,I,03,폐업,,0,0,2003-02-07 09:13:27,,1998-06-12,110-829,서울특별시 종로구 숭인동 ****-* 신안빌딩*층,CDFG1251001998000067,3000000,,"서울특별시 종로구 종로**길 **  (숭인동,신안빌딩*층)",,03,폐업,,,,,0,0
,정용출판사,1998-08-25,200994.878268826,452144.75267472,출판인쇄업,출판사,2026-05-01 22:44:41,I,03,폐업,,0,0,2003-02-07 09:13:27,,1998-06-15,110-842,서울특별시 종로구 창신동 ***-** 한별빌딩*층***,CDFG1251001998000068,3000000,,"서울특별시 종로구 종로**길 **-*  (창신동,한별빌딩*층***)",,03,폐업,,,,,0,0
,운암출판사,2007-06-14,201827.31373295,452438.762225231,출판인쇄업,출판사,2026-05-01 22:44:42,I,03,폐업,,,,2007-06-14 15:24:42,,1998-06-25,110-825,서울특별시 종로구 숭인동 ***-** 오성빌딩***,CDFG1251001998000076,3000000,,"서울특별시 종로구 난계로**길 **  (숭인동,오성빌딩***)",,03,폐업,,,,,,
,하나디브이,2007-01-31,199886.047854765,452569.474718211,출판인쇄업,출판사,2026-05-01 22:44:42,I,03,폐업,,,,2007-01-31 10:15:18,,1998-06-29,110-470,서울특별시 종로구 연지동 *-* ***(***),CDFG1251001998000079,3000000,,"서울특별시 종로구 율곡로 ***  (연지동,***(***))",,03,폐업,,,,,,
,이제이타운,2010-06-29,198643.38711318,452713.533496002,출판인쇄업,출판사,2026-05-01 22:44:42,I,03,폐업,,0,0,2010-06-29 17:37:59,,1998-07-08,110-240,서울특별시 종로구 안국동 ***-* 동신빌딩 ***호,CDFG1251001998000084,3000000,,"서울특별시 종로구 율곡로 **  (안국동,동신빌딩 ***호)",,03,폐업,,,,,0,0
,(주)헥사커뮤니케이션,2017-07-31,197594.059583222,452910.772383738,출판인쇄업,출판사,2026-05-01 22:44:42,I,03,폐업,,0,0,2017-07-28 14:28:38,,1998-07-08,110-040,서울특별시 종로구 통의동 *-** *층,CDFG1251001998000085,3000000,,"서울특별시 종로구 효자로 ** (통의동,*층)",,03,폐업,,,,,0,0
,한국사전연구사,1999-03-11,197531.473532345,452667.489960562,출판인쇄업,출판사,2026-05-01 22:44:42,I,03,폐업,,0,0,2003-02-07 09:13:27,,1998-07-08,110-052,서울특별시 종로구 적선동 ***-*,CDFG1251001998000086,3000000,,서울특별시 종로구 자하문로*길 *  (적선동),,03,폐업,,,,,0,0
,도서출판 예응고시,2001-10-31,,,출판인쇄업,출판사,2026-05-01 22:44:42,I,03,폐업,,0,,2003-02-07 09:13:27,,1998-07-14,110-091,서울특별시 종로구 행촌동 **-*,CDFG1251001998000089,3000000,,서울특별시 종로구 송월길 ***-*  (행촌동),,03,폐업,,,,,,
,휴먼크리에이트,2001-02-01,198692.627926952,451865.694333484,출판인쇄업,출판사,2026-05-01 22:44:42,I,03,폐업,,0,0,2003-02-07 09:13:27,,1998-07-31,110-111,서울특별시 종로구 관철동 **-**,CDFG1251001998000091,3000000,,서울특별시 종로구 종로**길 **  (관철동),,03,폐업,,,,,0,0
,EURO출판사,1999-06-11,200351.617137101,453316.491617769,출판인쇄업,출판사,2026-05-01 22:44:42,I,03,폐업,,0,0,2003-02-07 09:13:27,,1998-08-03,110-809,서울특별시 종로구 동숭동 **-** *층,CDFG1251001998000092,3000000,,"서울특별시 종로구 동숭*길 **-*  (동숭동,*층)",,03,폐업,,,,,0,0
,도서출판 세발까마귀,2010-10-01,196432.646138345,452359.584087382,출판인쇄업,출판사,2026-05-01 22:44:42,I,03,폐업,,0,0,2010-10-01 10:48:02,,1998-08-07,110-813,서울특별시 종로구 무악동 **-**** *층(일부),CDFG1251001998000094,3000000,,"서울특별시 종로구 통일로**길 **-*  (무악동,*층(일부))",,03,폐업,,,,,0,0
,시그마 갤러리,1998-11-27,198805.617234082,452181.053949579,출판인쇄업,출판사,2026-05-01 22:44:42,I,03,폐업,,0,0,2003-02-07 09:13:27,,1998-08-07,110-741,서울특별시 종로구 인사동 **-* 대일빌딩**층*호,CDFG1251001998000095,3000000,,"서울특별시 종로구 인사동길 **  (인사동,대일빌딩**층*호)",,03,폐업,,,,,0,0
,도서출판 푸른샘,2012-03-27,201684.94301241,452360.671366747,출판인쇄업,출판사,2026-05-01 22:44:43,I,03,폐업,,0,,2012-03-27 11:56:43,,1998-08-20,110-826,서울특별시 종로구 숭인동 ***-** 동흥빌딩 ***호,CDFG1251001998000102,3000000,,"서울특별시 종로구 난계로**길 **  (숭인동,동흥빌딩 ***호)",,03,폐업,,,,22536464,,
,월갑출판사,1999-07-23,197353.863104086,453189.841876303,출판인쇄업,출판사,2026-05-01 22:44:43,I,03,폐업,,0,0,2003-02-07 09:13:27,,1998-08-22,110-043,서울특별시 종로구 통인동 *-*,CDFG1251001998000103,3000000,,서울특별시 종로구 자하문로 **  (통인동),,03,폐업,,,,,0,0
,사)고향을생각하는주부들의모임,2000-05-27,198472.765904516,452227.90101559,출판인쇄업,출판사,2026-05-01 22:44:43,I,03,폐업,,0,0,2003-02-07 09:13:27,,1998-08-28,110-170,서울특별시 종로구 견지동 ***-*,CDFG1251001998000106,3000000,,서울특별시 종로구 우정국로 **  (견지동),,03,폐업,,,,,0,0
,도서출판 보리수,1999-09-15,200049.034239508,453787.245649898,출판인쇄업,출판사,2026-05-01 22:44:43,I,03,폐업,,0,0,2003-02-07 09:13:27,,1998-09-15,110-530,서울특별시 종로구 혜화동 **-* *층,CDFG1251001998000112,3000000,,"서울특별시 종로구 창경궁로**길 *  (혜화동,*층)",,03,폐업,,,,,0,0
,매그로사업단부설한국성씨사료연구원,1999-05-24,198988.983646221,452223.097221066,출판인쇄업,출판사,2026-05-01 22:44:43,I,03,폐업,,0,0,2003-02-07 09:13:27,,1998-09-16,110-320,서울특별시 종로구 낙원동 ***-* 구산빌딩***호,CDFG1251001998000113,3000000,,"서울특별시 종로구 돈화문로**길 **  (낙원동,구산빌딩***호)",,03,폐업,,,,36755515,0,0
,주)샘터사서울지점,2001-10-12,200137.118682246,453249.562595164,출판인쇄업,출판사,2026-05-01 22:44:43,I,03,폐업,,0,0,2003-02-07 09:13:27,,1998-09-18,110-809,서울특별시 종로구 동숭동 *-*** 샘터빌딩***호,CDFG1251001998000115,3000000,,"서울특별시 종로구 대학로 ***  (동숭동,샘터빌딩***호)",,03,폐업,,,,,0,0
,장지명출판사,1999-05-10,201364.016891795,452297.758597168,출판인쇄업,출판사,2026-05-01 22:44:43,I,03,폐업,,0,0,2003-02-07 09:13:27,,1998-09-28,110-826,서울특별시 종로구 숭인동 ***-* 욱영빌딩 ***호,CDFG1251001998000119,3000000,,"서울특별시 종로구 종로 ***  (숭인동,욱영빌딩 ***호)",,03,폐업,,,,,0,0
,한국경제서적,2000-07-20,,,출판인쇄업,출판사,2026-05-01 22:44:43,I,03,폐업,,0,0,2003-02-07 09:13:27,,1998-10-14,110-054,서울특별시 종로구 사직동 ***-* 지하*층,CDFG1251001998000126,3000000,,,,03,폐업,,,,,0,0
,FIS선물연수원,2002-11-05,198691.799418788,452546.547645387,출판인쇄업,출판사,2026-05-01 22:44:43,I,03,폐업,,0,0,2003-02-07 09:13:27,,1998-10-23,110-310,서울특별시 종로구 경운동 **-* 수운회관 ****호,CDFG1251001998000128,3000000,,"서울특별시 종로구 삼일대로 ***  (경운동,수운회관 ****호)",,03,폐업,,,,,0,0
,도서출판 맷돌,2024-06-13,198698.632704941,453074.00713755,출판인쇄업,출판사,2026-05-01 22:44:43,I,03,폐업,,0,0,2024-06-13 15:47:20,,1998-10-27,,서울특별시 종로구 계동 **-*,CDFG1251001998000130,3000000,,서울특별시 종로구 계동길 **-** (계동),03056,03,폐업,,,,,0,0
,의학학술원,1999-05-06,201875.702357184,452412.128680276,출판인쇄업,출판사,2026-05-01 22:44:44,I,03,폐업,,0,0,2003-02-07 09:13:27,,1998-11-06,110-829,서울특별시 종로구 숭인동 ****-* 신안빌딩*층,CDFG1251001998000135,3000000,,"서울특별시 종로구 종로**길 **  (숭인동,신안빌딩*층)",,03,폐업,,,,,0,0
,단군단,2002-04-25,197398.449116783,452068.544653453,출판인쇄업,출판사,2026-05-01 22:44:44,I,03,폐업,,0,0,2003-02-07 09:13:27,,1998-11-07,110-062,서울특별시 종로구 신문로*가 *-*** 일신빌딩,CDFG1251001998000136,3000000,,"서울특별시 종로구 경희궁*길 *  (신문로*가,일신빌딩)",,03,폐업,,,,,0,0
,나너우리,2009-02-13,196519.116484177,452184.708830833,출판인쇄업,출판사,2026-05-01 22:44:44,I,03,폐업,,,,2009-02-13 17:24:43,,1998-11-07,110-090,서울특별시 종로구 교북동 **-* 부귀빌딩***호,CDFG1251001998000137,3000000,,"서울특별시 종로구 송월길 ***  (교북동,부귀빌딩***호)",,03,폐업,,,,,,
,도서출판친구들,2000-08-30,198867.702590612,451824.281125555,출판인쇄업,출판사,2026-05-01 22:44:44,I,03,폐업,,0,0,2003-02-07 09:13:27,,1998-11-09,110-111,서울특별시 종로구 관철동 *-** 신영빌딩***호,CDFG1251001998000139,3000000,,"서울특별시 종로구 삼일대로 ***  (관철동,신영빌딩***호)",,03,폐업,,,,,0,0
,운림당,1998-12-14,198453.012375077,452382.341657077,출판인쇄업,출판사,2026-05-01 22:44:44,I,03,폐업,,0,0,2003-02-07 09:13:27,,1998-11-11,110-170,서울특별시 종로구 견지동 **-**,CDFG1251001998000140,3000000,,서울특별시 종로구 우정국로 **  (견지동),,03,폐업,,,,,0,0
,아이오,2005-04-04,198814.852977728,452995.885146635,출판인쇄업,출판사,2026-05-01 22:44:44,I,03,폐업,,,,2005-04-06 11:19:27,,1998-11-16,110-801,서울특별시 종로구 계동 ***-** *층,CDFG1251001998000142,3000000,,"서울특별시 종로구 창덕궁*길 **  (계동,*층)",,03,폐업,,,,,,
,한백출판사,2007-09-03,198063.052570633,452190.605539196,출판인쇄업,출판사,2026-05-01 22:44:44,I,03,폐업,,,,2007-09-03 17:58:13,,1998-11-20,110-130,서울특별시 종로구 청진동 ***-* 한백빌딩*층,CDFG1251001998000145,3000000,,,,03,폐업,,,,,,
,도서출판 서림,2002-10-31,198805.617234082,452181.053949579,출판인쇄업,출판사,2026-05-01 22:44:44,I,03,폐업,,0,0,2003-02-07 09:13:27,,1998-11-20,110-741,서울특별시 종로구 인사동 **-* 대일빌딩 ****호 **동,CDFG1251001998000147,3000000,,"서울특별시 종로구 인사동길 **, **동 (인사동,대일빌딩 ****호)",,03,폐업,,,,,0,0
,유화기획,1999-05-08,198913.496136105,452416.170780139,출판인쇄업,출판사,2026-05-01 22:44:44,I,03,폐업,,0,0,2003-02-07 09:13:27,,1998-11-27,110-320,서울특별시 종로구 낙원동 **-*,CDFG1251001998000150,3000000,,서울특별시 종로구 삼일대로**길 **  (낙원동),,03,폐업,,,,,0,0
,비인커뮤니케이션,2007-10-16,200072.378101828,452291.689518232,출판인쇄업,출판사,2026-05-01 22:44:59,I,03,폐업,,,,2007-10-16 16:27:05,,2001-03-22,110-470,서울특별시 종로구 연지동 ***-**,CDFG1251002001000059,3000000,,서울특별시 종로구 대학로 **  (연지동),,03,폐업,,,,,,
,도서출판 서원,2003-10-06,199676.583187765,452452.294226499,출판인쇄업,출판사,2026-05-01 22:44:59,I,03,폐업,,,,2003-10-06 09:33:37,,2001-04-09,110-450,서울특별시 종로구 원남동 ***,CDFG1251002001000064,3000000,,서울특별시 종로구 동순라길 **-**  (원남동),,03,폐업,,,,36724484,,
,현대시학,2014-03-19,198621.929172863,452507.227893661,출판인쇄업,출판사,2026-05-01 22:44:59,I,03,폐업,,0,,2014-03-19 15:33:00,,2001-04-09,110-300,서울특별시 종로구 관훈동 **-**,CDFG1251002001000065,3000000,,서울특별시 종로구 인사동**길 ** (관훈동),,03,폐업,,,,,,
,산하미디어,2002-05-21,198616.704613035,452778.887475219,출판인쇄업,출판사,2026-05-01 22:44:59,I,03,폐업,,0,0,2003-02-07 09:13:27,,2001-04-11,110-240,서울특별시 종로구 안국동 ***-* *층,CDFG1251002001000068,3000000,,"서울특별시 종로구 북촌로*길 **  (안국동,*층)",,03,폐업,,,,,0,0
,미션북하우스,2001-11-14,201829.035795992,452406.943520468,출판인쇄업,출판사,2026-05-01 22:44:59,I,03,폐업,,0,,2003-02-07 09:13:27,,2001-04-16,110-825,서울특별시 종로구 숭인동 ***-*,CDFG1251002001000072,3000000,,서울특별시 종로구 난계로**길 **  (숭인동),,03,폐업,,,,,,
,문영에드컴,2002-02-06,197080.707246013,452978.282993732,출판인쇄업,출판사,2026-05-01 22:44:59,I,03,폐업,,0,0,2003-02-07 09:13:27,,2001-04-17,110-806,서울특별시 종로구 누하동 ***-*,CDFG1251002001000076,3000000,,서울특별시 종로구 필운대로*길 **-**  (누하동),,03,폐업,,,,,0,0
,새생활복지사업국,2002-11-28,197447.721469631,453242.701582215,출판인쇄업,출판사,2026-05-01 22:44:59,I,03,폐업,,0,0,2003-02-07 09:13:27,,2001-04-17,110-034,서울특별시 종로구 창성동 **-*,CDFG1251002001000077,3000000,,서울특별시 종로구 자하문로**길 *  (창성동),,03,폐업,,,,,0,0
,북앤피플,2010-11-08,,,출판인쇄업,출판사,2026-05-01 22:45:00,I,03,폐업,,0,,2010-11-08 14:00:33,,2001-04-19,110-170,서울특별시 종로구 견지동 ***-**,CDFG1251002001000079,3000000,,,,03,폐업,,,,,,
,주)레저타임코리아,2007-01-18,197662.503910553,452189.09236786,출판인쇄업,출판사,2026-05-01 22:45:00,I,03,폐업,,,,2007-01-19 09:42:19,,2001-04-19,110-721,서울특별시 종로구 당주동 * 로얄빌딩 ****호,CDFG1251002001000080,3000000,,"서울특별시 종로구 새문안로*길 **  (당주동,로얄빌딩 ****호)",,03,폐업,,,,,,
,세광인쇄사,2009-02-03,201204.252531024,452215.936009516,출판인쇄업,출판사,2026-05-01 22:45:00,I,03,폐업,,,,2009-02-03 17:48:01,,2001-04-23,110-841,서울특별시 종로구 창신동 ***-**,CDFG1251002001000081,3000000,,서울특별시 종로구 종로**길 *-*  (창신동),,03,폐업,,,,,,
,주)학문사닷컴,2005-06-30,,,출판인쇄업,출판사,2026-05-01 22:45:00,I,03,폐업,,,,2005-07-01 10:07:58,,2001-04-23,110-054,서울특별시 종로구 사직동 *-* 사학회관,CDFG1251002001000082,3000000,,,,03,폐업,,,,02-738-5118,,
,도서출판한말글,2010-05-12,198659.240121655,451949.497711626,출판인쇄업,출판사,2026-05-01 22:45:00,I,03,폐업,,0,,2010-05-12 16:32:09,,2001-05-02,110-111,서울특별시 종로구 관철동 **-* 해종빌딩 ***호,CDFG1251002001000091,3000000,,,,03,폐업,,,,,,
,서울마리아센터,2002-11-16,,,출판인쇄업,출판사,2026-05-01 22:45:00,I,03,폐업,,0,0,2003-02-07 09:13:27,,2001-05-10,110-130,서울특별시 종로구 청진동 ***-* 세종빌딩 ***호,CDFG1251002001000096,3000000,,,,03,폐업,,,,,0,0
,마이북(MYBOOK),2009-08-03,197301.12614106,451816.038182067,출판인쇄업,출판사,2026-05-01 22:45:00,I,03,폐업,,0,,2009-08-03 17:34:28,,2001-05-12,,서울특별시 종로구 신문로*가 **-** 피어선빌딩 ***호,CDFG1251002001000098,3000000,,,,03,폐업,,,,,,
,도서출판 (주)지오에듀,2003-02-05,198469.85451949,452315.746209246,출판인쇄업,출판사,2026-05-01 22:45:00,I,03,폐업,,0,0,2003-02-07 09:13:27,,2001-05-15,110-170,서울특별시 종로구 견지동 **-* 천마빌딩 *층,CDFG1251002001000101,3000000,,"서울특별시 종로구 우정국로 **  (견지동,천마빌딩 *층)",,03,폐업,,,,,0,0
,서법탐원,2001-06-12,198754.634182719,452404.979894277,출판인쇄업,출판사,2026-05-01 22:45:01,I,03,폐업,,0,,2003-02-07 09:13:27,,2001-05-22,110-310,서울특별시 종로구 경운동 **-*,CDFG1251002001000106,3000000,,서울특별시 종로구 인사동*길 **  (경운동),,03,폐업,,,,,,
,아침이슬,2003-02-04,199984.033653033,453695.726399703,출판인쇄업,출판사,2026-05-01 22:45:01,I,03,폐업,,0,0,2003-02-07 09:13:27,,2001-05-31,110-530,서울특별시 종로구 혜화동 ***-* *층,CDFG1251002001000112,3000000,,"서울특별시 종로구 창경궁로 ***-*  (혜화동,*층)",,03,폐업,,,,,0,0
,이화문화출판사,2006-05-30,197336.583984987,452534.336253542,출판인쇄업,출판사,2026-05-01 22:45:01,I,03,폐업,,,,2006-05-30 16:29:36,,2001-06-01,110-053,서울특별시 종로구 내자동 ***-*,CDFG1251002001000116,3000000,,,,03,폐업,,,,,,
,글랫슨영어연구소,2007-11-28,198232.47172661,453390.711827192,출판인쇄업,출판사,2026-05-01 22:45:01,I,03,폐업,,,,2007-11-28 12:55:28,,2001-06-19,110-220,서울특별시 종로구 팔판동 ***-*,CDFG1251002001000134,3000000,,서울특별시 종로구 삼청로*길 **  (팔판동),,03,폐업,,,,,,
,도서출판 백두대간,2001-12-19,198295.846730071,452321.088038609,출판인쇄업,출판사,2026-05-01 22:45:02,I,03,폐업,,0,,2003-02-07 09:13:27,,2001-07-07,110-140,서울특별시 종로구 수송동 **-**,CDFG1251002001000142,3000000,,서울특별시 종로구 우정국로 **-**  (수송동),,03,폐업,,,,,,
,GIC1981,2003-01-29,197312.862469255,453254.192068619,출판인쇄업,출판사,2026-05-01 22:45:02,I,03,폐업,,0,0,2003-02-07 09:13:27,,2001-07-11,110-035,서울특별시 종로구 옥인동 **-** 옥인하우스 ***호,CDFG1251002001000143,3000000,,"서울특별시 종로구 자하문로**길 *  (옥인동,옥인하우스 ***호)",,03,폐업,,,,,0,0
,(주)와이프레스,2003-01-11,198220.616184847,452837.167611091,출판인쇄업,출판사,2026-05-01 22:45:02,I,03,폐업,,0,0,2003-02-07 09:13:27,,2001-07-16,110-190,서울특별시 종로구 사간동 **-* 북수빌딩 *층,CDFG1251002001000144,3000000,,"서울특별시 종로구 율곡로*길 **  (사간동,북수빌딩 *층)",,03,폐업,,,,,0,0
,지음출판사,2008-02-28,,,출판인쇄업,출판사,2026-05-01 22:45:02,I,03,폐업,,,,2008-02-28 17:32:26,,2001-07-23,110-062,서울특별시 종로구 신문로*가 산 *-*** (주)일신사 내 *층,CDFG1251002001000151,3000000,,,,03,폐업,,,,,,
,칠성출판사,2009-12-17,201334.919130252,452243.631447919,출판인쇄업,출판사,2026-05-01 22:45:02,I,03,폐업,,,,2009-12-17 09:57:32,,2001-07-23,110-826,서울특별시 종로구 숭인동 ***-* 숭인빌딩 ***호,CDFG1251002001000153,3000000,,"서울특별시 종로구 지봉로 **  (숭인동,숭인빌딩 ***호)",,03,폐업,,,,22343334,,
,주)명필름,2005-03-02,199893.39403261,454162.953357685,출판인쇄업,출판사,2026-05-01 22:45:02,I,03,폐업,,,,2005-03-02 15:55:17,,2001-08-16,110-530,서울특별시 종로구 혜화동 **-**,CDFG1251002001000162,3000000,,서울특별시 종로구 혜화로**길 *-*  (혜화동),,03,폐업,,,,36721205,,
,도서출판 금병의숙,2003-02-04,200157.647836124,453287.901840153,출판인쇄업,출판사,2026-05-01 22:45:02,I,03,폐업,,0,0,2003-02-07 09:13:27,,2001-08-21,110-809,서울특별시 종로구 동숭동 *-** 바탕골예술관 지하*층,CDFG1251002001000164,3000000,,"서울특별시 종로구 대학로**길 *  (동숭동,바탕골예술관 지하*층)",,03,폐업,,,,,0,0
,엠비하우스(MBHOUSE),2006-12-29,198770.577904817,452014.72257129,출판인쇄업,출판사,2026-05-01 22:45:02,I,03,폐업,,,,2006-12-29 16:38:48,,2001-08-23,110-122,서울특별시 종로구 종로*가 ** 덕흥빌딩*층,CDFG1251002001000166,3000000,,"서울특별시 종로구 종로 **-*  (종로*가,덕흥빌딩*층)",,03,폐업,,,,,,
,문공회편찬실,2002-12-27,,,출판인쇄업,출판사,2026-05-01 22:45:02,I,03,폐업,,0,0,2003-02-07 09:13:27,,2001-08-23,110-054,서울특별시 종로구 사직동 ***-* 휘문빌딩 ***호,CDFG1251002001000167,3000000,,,,03,폐업,,,,,0,0
,B.G.M,2005-09-06,198493.358663851,452139.024770523,출판인쇄업,출판사,2026-05-01 22:45:03,I,03,폐업,,,,2005-10-04 13:47:43,,2001-08-27,110-160,서울특별시 종로구 공평동 ** 해송빌딩 *층,CDFG1251002001000168,3000000,,"서울특별시 종로구 우정국로 **-*  (공평동,해송빌딩 *층)",,03,폐업,,,,,,
,대한민국상훈편찬회,2006-01-24,200256.36224716,452332.909917939,출판인쇄업,출판사,2026-05-01 22:45:03,I,03,폐업,,,,2006-01-25 10:01:43,,2001-09-04,110-480,서울특별시 종로구 효제동 *** 쥬드빌딩***호,CDFG1251002001000173,3000000,,"서울특별시 종로구 김상옥로 **  (효제동,쥬드빌딩***호)",,03,폐업,,,,02-928-1560,,
,도서출판 예감,2014-11-04,200055.843017204,452879.228173998,출판인쇄업,출판사,2026-05-01 22:45:03,I,03,폐업,,,,2014-11-04 15:36:11,,2001-09-06,110-460,서울특별시 종로구 연건동 ***,CDFG1251002001000174,3000000,,서울특별시 종로구 대학로*길 **-* (연건동),,03,폐업,,,,,,
,한국창작종이접기연구회,2009-02-20,196444.155105288,454479.418927384,출판인쇄업,출판사,2026-05-01 22:45:03,I,03,폐업,,0,,2009-02-23 17:10:28,,2001-09-19,110-819,서울특별시 종로구 부암동 ***-**,CDFG1251002001000182,3000000,,서울특별시 종로구 창의문로*가길 **  (부암동),,03,폐업,,,,,,
,동서교류,2012-03-27,198710.627966003,452498.756020916,출판인쇄업,출판사,2026-05-01 22:45:03,I,03,폐업,,0,0,2012-03-27 13:44:44,,2001-09-21,110-310,서울특별시 종로구 경운동 **-** *층,CDFG1251002001000184,3000000,,"서울특별시 종로구 인사동**길 **-*  (경운동,*층)",,03,폐업,,,,02-725-1444,0,0
,선바위아트,2004-12-03,197003.364837528,453605.168109713,출판인쇄업,출판사,2026-05-01 22:45:03,I,03,폐업,,,,2004-12-03 10:11:15,,2001-10-05,110-032,서울특별시 종로구 신교동 *-**,CDFG1251002001000189,3000000,,서울특별시 종로구 필운대로**길 **  (신교동),,03,폐업,,,,,,
,좋은기업지배구조연구소,2010-01-26,198966.466796388,452608.062544497,출판인쇄업,출판사,2026-05-01 22:45:03,I,03,폐업,,,,2010-01-26 15:10:33,,2001-10-09,,서울특별시 종로구 운니동 **-* 오피스텔월드 ***호,CDFG1251002001000192,3000000,,"서울특별시 종로구 율곡로*길 **,  ***호 (운니동,오피스텔월드)",,03,폐업,,,,,,
,도서출판조계종출판사,2007-09-13,198369.673994286,452399.957460173,출판인쇄업,출판사,2026-05-01 22:45:04,I,03,폐업,,,,2007-09-13 17:31:05,,2001-10-11,110-170,서울특별시 종로구 견지동 **-*,CDFG1251002001000193,3000000,,서울특별시 종로구 우정국로 **  (견지동),,03,폐업,,,,,,
,남가주사랑의출판부,2002-03-05,197343.268657139,452276.835293639,출판인쇄업,출판사,2026-05-01 22:45:04,I,03,폐업,,0,0,2003-02-07 09:13:27,,2001-10-19,110-070,서울특별시 종로구 내수동 ***-**,CDFG1251002001000203,3000000,,서울특별시 종로구 경희궁*길 *-*  (내수동),,03,폐업,,,,,0,0
,도서출판 행복나무,2019-04-05,200008.831492823,452291.335627477,출판인쇄업,출판사,2026-05-01 22:45:05,I,03,폐업,,0,0,2019-04-05 14:45:57,,2001-10-24,110-470,서울특별시 종로구 연지동 ***-** 연합회관 ***호,CDFG1251002001000209,3000000,,"서울특별시 종로구 김상옥로 ** (연지동,연합회관 ***호)",,03,폐업,,,,,0,0
,SEM개발원,2004-08-26,199875.31149475,452247.930893471,출판인쇄업,출판사,2026-05-01 22:45:05,I,03,폐업,,,,2004-08-26 10:17:34,,2001-10-24,110-470,서울특별시 종로구 연지동 *** 늘배움빌딩 *층,CDFG1251002001000211,3000000,,"서울특별시 종로구 종로**길 **  (연지동,늘배움빌딩 *층)",,03,폐업,,,,,,
,(주)새한컨설팅,2005-01-12,197567.93800572,452276.454633376,출판인쇄업,출판사,2026-05-01 22:45:05,I,03,폐업,,,,2005-01-12 15:00:36,,2001-10-25,110-719,서울특별시 종로구 내수동 *** 세종로대우빌딩 ***,CDFG1251002001000216,3000000,,"서울특별시 종로구 새문안로*길 **  (내수동,세종로대우빌딩 ***)",,03,폐업,,,,,,
,도서출판 이물,2017-02-02,198068.926781947,452087.030190231,출판인쇄업,출판사,2026-05-01 22:45:05,I,03,폐업,,0,,2017-02-02 11:15:13,,2001-11-01,,서울특별시 종로구 청진동 ***-* *층,CDFG1251002001000220,3000000,,"서울특별시 종로구 종로*길 **, *층 (청진동, D타워)",03155,03,폐업,,,,,,
,도서출판 이삭,2005-03-07,197288.633145983,453473.855293794,출판인쇄업,출판사,2026-05-01 22:45:06,I,03,폐업,,,,2005-03-07 14:01:55,,2001-11-09,110-032,서울특별시 종로구 신교동 **-*,CDFG1251002001000231,3000000,,서울특별시 종로구 자하문로 **  (신교동),,03,폐업,,,,,,
,문화집단 솟대,2004-03-11,198713.721333434,452278.103938912,출판인쇄업,출판사,2026-05-01 22:45:06,I,03,폐업,,,,2004-03-11 18:08:16,,2001-11-13,110-290,서울특별시 종로구 인사동 *** 동일빌딩 ***호,CDFG1251002001000237,3000000,,"서울특별시 종로구 인사동길 **  (인사동,동일빌딩 ***호)",,03,폐업,,,,,,
,리다스(The Readers),2002-02-01,,,출판인쇄업,출판사,2026-05-01 22:45:06,I,03,폐업,,0,0,2003-02-07 09:13:27,,2001-11-19,110-140,서울특별시 종로구 수송동 **-* 거양빌딩 B*호,CDFG1251002001000240,3000000,,"서울특별시 종로구 율곡로*길 **  (수송동,거양빌딩 B*호)",,03,폐업,,,,,0,0
,계간 시와시학사,2002-06-04,199834.019620523,453804.550468898,출판인쇄업,출판사,2026-05-01 22:45:06,I,03,폐업,,0,0,2003-02-07 09:13:27,,2001-11-21,110-521,서울특별시 종로구 명륜*가 **-*,CDFG1251002001000241,3000000,,서울특별시 종로구 혜화로*가길 *  (명륜*가),,03,폐업,,,,,0,0
,세모네모,2003-01-14,197618.459740824,452311.285166273,출판인쇄업,출판사,2026-05-01 22:45:06,I,03,폐업,,0,0,2003-02-07 09:13:27,,2001-11-27,110-070,서울특별시 종로구 내수동 *-* 옥빌딩 ***호,CDFG1251002001000248,3000000,,"서울특별시 종로구 새문안로*가길 **  (내수동,옥빌딩 ***호)",,03,폐업,,,,,0,0
,도서출판 Deep Purple,2003-12-03,198691.799418788,452546.547645387,출판인쇄업,출판사,2026-05-01 22:45:06,I,03,폐업,,,,2003-12-03 15:18:17,,2001-11-27,110-310,서울특별시 종로구 경운동 ** 수운회관 ****,CDFG1251002001000249,3000000,,"서울특별시 종로구 삼일대로 ***  (경운동,수운회관 ****)",,03,폐업,,,,,,
,한국사회교육경영개발원,2002-01-31,,,출판인쇄업,출판사,2026-05-01 22:45:06,I,03,폐업,,0,0,2003-02-07 09:13:27,,2001-12-03,110-121,서울특별시 종로구 종로*가 **-*,CDFG1251002001000254,3000000,,,,03,폐업,,,,,0,0
,CCOMN,2017-04-24,198548.664190566,452679.314071935,출판인쇄업,출판사,2026-05-01 22:45:06,I,03,폐업,,0,,2017-04-25 09:49:44,,2001-12-03,110-240,서울특별시 종로구 안국동 *** *층,CDFG1251002001000255,3000000,,"서울특별시 종로구 율곡로 ** (안국동,*층)",,03,폐업,,,,,,
,한국중앙산업디자인,2001-12-07,198541.72075378,451935.633974889,출판인쇄업,출판사,2026-05-01 22:45:06,I,03,폐업,,0,,2003-02-07 09:13:27,,2001-12-07,110-111,서울특별시 종로구 관철동 **-*,CDFG1251002001000259,3000000,,서울특별시 종로구 우정국로*길 **  (관철동),,03,폐업,,,,,,
,네이쳐,2002-11-04,,,출판인쇄업,출판사,2026-05-01 22:45:06,I,03,폐업,,0,0,2003-02-07 09:13:27,,2001-12-07,110-150,서울특별시 종로구 중학동 **-* *층,CDFG1251002001000263,3000000,,,,03,폐업,,,,,0,0
,도서출판 여송,2004-10-21,198713.721333434,452278.103938912,출판인쇄업,출판사,2026-05-01 22:45:06,I,03,폐업,,,,2004-10-21 16:25:54,,2001-12-12,110-290,서울특별시 종로구 인사동 *** 동일빌딩 ***,CDFG1251002001000269,3000000,,"서울특별시 종로구 인사동길 **  (인사동,동일빌딩 ***)",,03,폐업,,,,,,
,주)하나클릭,2007-06-18,200052.130541659,452100.648840313,출판인쇄업,출판사,2026-05-01 22:45:06,I,03,폐업,,,,2007-06-18 15:21:58,,2001-12-12,110-835,서울특별시 종로구 종로*가 ** *층,CDFG1251002001000270,3000000,,"서울특별시 종로구 종로 ***  (종로*가,*층)",,03,폐업,,,,,,
,미감,2018-08-22,198669.056651911,452450.640782011,출판인쇄업,출판사,2026-05-01 22:45:06,I,03,폐업,,0,,2018-08-22 15:09:59,,2001-12-13,110-300,서울특별시 종로구 관훈동 **-* 청아빌딩 *층,CDFG1251002001000272,3000000,,"서울특별시 종로구 인사동**길 ** (관훈동,청아빌딩 *층)",,03,폐업,,,,,,
,도서출판 동제사,2004-07-16,198521.961867342,452764.070141493,출판인쇄업,출판사,2026-05-01 22:45:06,I,03,폐업,,,,2004-07-16 11:47:49,,2001-12-13,110-240,서울특별시 종로구 안국동 ** 지하*층,CDFG1251002001000273,3000000,,"서울특별시 종로구 윤보선길 **  (안국동,지하*층)",,03,폐업,,,,02-3210-1333,,
,한국슈타이너,2007-10-15,200555.823313257,452439.730541646,출판인쇄업,출판사,2026-05-01 22:45:06,I,03,폐업,,,,2007-10-15 09:11:28,,2001-12-13,110-844,서울특별시 종로구 충신동 **-**,CDFG1251002001000274,3000000,,,,03,폐업,,,,,,
,(주)더텍스트,2011-04-20,198908.705933074,451945.026381457,출판인쇄업,출판사,2026-05-01 22:45:06,I,03,폐업,,,,2011-04-20 18:06:10,,2001-12-17,110-122,서울특별시 종로구 종로*가 **-**,CDFG1251002001000277,3000000,,서울특별시 종로구 종로 **  (종로*가),,03,폐업,,,,02-2000-0263,,
,(주)디지털포이넷,2003-10-17,199734.05006961,452518.444898979,출판인쇄업,출판사,2026-05-01 22:45:07,I,03,폐업,,,,2003-10-17 09:52:32,,2001-12-17,110-450,서울특별시 종로구 원남동 **-* 명진빌딩 *층,CDFG1251002001000279,3000000,,"서울특별시 종로구 창경궁로**길 *  (원남동,명진빌딩 *층)",,03,폐업,,,,,,
,파랑새열린학교,2004-03-25,196398.294883562,452314.96233387,출판인쇄업,출판사,2026-05-01 22:45:07,I,03,폐업,,,,2004-03-25 09:35:35,,2001-12-20,110-091,서울특별시 종로구 행촌동 ***-** *층,CDFG1251002001000282,3000000,,"서울특별시 종로구 통일로**길 *  (행촌동,*층)",,03,폐업,,,,,,
,함박,2003-02-17,198691.799418788,452546.547645387,출판인쇄업,출판사,2026-05-01 22:45:11,I,03,폐업,,,,2003-02-17 18:05:24,,2001-12-27,110-310,서울특별시 종로구 경운동 ** 수운회관 ***호,CDFG1251002001000288,3000000,,"서울특별시 종로구 삼일대로 ***  (경운동,수운회관 ***호)",,03,폐업,,,,,,
,도서출판 텍스트,2012-05-16,199085.151069271,452743.138475774,출판인쇄업,출판사,2026-05-01 22:45:11,I,03,폐업,,,,2012-05-16 09:43:36,,2001-07-09,110-360,서울특별시 종로구 와룡동 ***-* *층,CDFG1251002001000293,3000000,,"서울특별시 종로구 돈화문로 **  (와룡동,*층)",,03,폐업,,,,02-704-8516,,
,동방M&B,2002-03-14,198624.006469032,452310.752960617,출판인쇄업,출판사,2026-05-01 22:45:11,I,03,폐업,,0,0,2003-02-07 09:13:27,,2002-01-09,110-718,서울특별시 종로구 관훈동 ***-** 백상빌딩,CDFG1251002002000005,3000000,,"서울특별시 종로구 인사동*길 **  (관훈동,백상빌딩)",,03,폐업,,,,,0,0
,도서출판 쉼북,2002-03-28,198545.22241783,451854.820889784,출판인쇄업,출판사,2026-05-01 22:45:11,I,03,폐업,,0,0,2003-02-07 09:13:27,,2002-01-11,110-111,서울특별시 종로구 관철동 **-*,CDFG1251002002000007,3000000,,서울특별시 종로구 청계천로 **  (관철동),,03,폐업,,,,31471374,0,0
,도서출판 지켜보는나무,2004-04-02,198801.489725966,453270.341874819,출판인쇄업,출판사,2026-05-01 22:45:11,I,03,폐업,,,,2004-04-02 17:31:45,,2002-01-11,110-800,서울특별시 종로구 계동 **-**,CDFG1251002002000008,3000000,,서울특별시 종로구 계동길 ***-*  (계동),,03,폐업,,,,,,
,도서출판 토담길,2004-01-20,,,출판인쇄업,출판사,2026-05-01 22:45:11,I,03,폐업,,,,2004-01-20 10:30:34,,2002-01-14,110-803,서울특별시 종로구 구기동 **-** *층,CDFG1251002002000012,3000000,,,,03,폐업,,,,32160840,,
,도서출판 가인,2002-02-14,199956.475545587,454134.483273144,출판인쇄업,출판사,2026-05-01 22:45:11,I,03,폐업,,0,0,2003-02-07 09:13:27,,2002-01-14,110-530,서울특별시 종로구 혜화동 *-** B**호,CDFG1251002002000013,3000000,,"서울특별시 종로구 혜화로**길 **  (혜화동,B**호)",,03,폐업,,,,,0,0
,도서출판 고시북스,2002-11-28,198852.959716775,452253.942584507,출판인쇄업,출판사,2026-05-01 22:45:11,I,03,폐업,,0,0,2003-02-07 09:13:27,,2002-01-16,110-707,서울특별시 종로구 낙원동 ***-* 낙원빌딩 *층 ***호,CDFG1251002002000015,3000000,,"서울특별시 종로구 삼일대로 ***  (낙원동,낙원빌딩 *층 ***호)",,03,폐업,,,,,0,0
,담마간다,2007-03-06,198507.336039332,452403.620812456,출판인쇄업,출판사,2026-05-01 22:45:12,I,03,폐업,,,,2007-03-07 10:06:55,,2002-01-22,110-300,서울특별시 종로구 관훈동 ***-* 대형빌딩 ***호,CDFG1251002002000019,3000000,,"서울특별시 종로구 인사동**길 **  (관훈동,대형빌딩 ***호)",,03,폐업,,,,,,
,동광미디어,2014-01-28,200072.378101828,452291.689518232,출판인쇄업,출판사,2026-05-01 22:45:12,I,03,폐업,,,,2014-01-28 14:19:30,,2002-01-24,110-736,서울특별시 종로구 연지동 ***-** 한국기독교회관 ****호,CDFG1251002002000021,3000000,,"서울특별시 종로구 대학로 ** (연지동,한국기독교회관 ****호)",,03,폐업,,,,02-3675-3251,,
,법전출판사,2005-12-06,,,출판인쇄업,출판사,2026-05-01 22:45:12,I,03,폐업,,,,2005-12-06 17:33:12,,2002-01-28,110-102,서울특별시 종로구 평동 **-** 여촌빌딩 *층,CDFG1251002002000023,3000000,,"서울특별시 종로구 경교장*길 *  (평동,여촌빌딩 *층)",,03,폐업,,,,,,
,너울,2006-10-26,198493.958185808,452541.945031979,출판인쇄업,출판사,2026-05-01 22:45:12,I,03,폐업,,,,2007-07-26 13:32:45,,2002-01-31,110-300,서울특별시 종로구 관훈동 ***-* 이조빌딩 *층,CDFG1251002002000028,3000000,,"서울특별시 종로구 인사동길 **  (관훈동,이조빌딩 *층)",,03,폐업,,,,,,
,거농(巨農)출판사,2008-01-28,199090.41076982,452725.878400645,출판인쇄업,출판사,2026-05-01 22:45:12,I,03,폐업,,,,2008-01-28 17:26:36,,2002-02-05,110-360,서울특별시 종로구 와룡동 ***-* 동원빌딩 ***,CDFG1251002002000036,3000000,,"서울특별시 종로구 돈화문로 **  (와룡동,동원빌딩 ***)",,03,폐업,,,,36729841,,
,(주)서울경제신문,2013-04-01,198101.593328721,452496.362099822,출판인쇄업,출판사,2026-05-01 22:45:12,I,03,폐업,,,,2017-02-23 09:51:43,,2002-02-07,110-150,서울특별시 종로구 중학동 **-*,CDFG1251002002000039,3000000,,서울특별시 종로구 종로*길 ** (중학동),,03,폐업,,,,,,
,(주)비북스,2002-03-07,196143.256118357,452619.54362936,출판인쇄업,출판사,2026-05-01 22:45:12,I,03,폐업,,0,0,2003-02-07 09:13:27,,2002-02-21,110-814,서울특별시 종로구 무악동 **-** 지하*층,CDFG1251002002000044,3000000,,"서울특별시 종로구 통일로**길 *  (무악동,지하*층)",,03,폐업,,,,,0,0
,(주)서울재즈아카데미,2020-12-31,200089.004472863,452986.206777353,출판인쇄업,출판사,2026-05-01 22:45:12,I,03,폐업,,0,0,2020-12-31 09:37:31,,2002-02-22,110-460,서울특별시 종로구 연건동 **-* SJA빌딩 *층,CDFG1251002002000046,3000000,,"서울특별시 종로구 대학로 **, *층 (연건동, SJA빌딩)",,03,폐업,,,,,0,0
,플라타너스,2003-12-26,198690.658978281,452665.844737685,출판인쇄업,출판사,2026-05-01 22:45:12,I,03,폐업,,,,2003-12-26 09:02:46,,2002-02-25,110-310,서울특별시 종로구 경운동 **-* 서원빌딩 지하*층,CDFG1251002002000048,3000000,,"서울특별시 종로구 삼일대로 ***  (경운동,서원빌딩 지하*층)",,03,폐업,,,,,,
,도서출판 섬,2013-09-06,197700.034013631,452022.503467072,출판인쇄업,출판사,2026-05-01 22:45:12,I,03,폐업,,0,0,2013-09-06 13:53:50,,2002-02-28,110-796,서울특별시 종로구 신문로*가 **-* 고려빌딩 ***호,CDFG1251002002000051,3000000,,"서울특별시 종로구 새문안로 **  (신문로*가,고려빌딩 ***호)",,03,폐업,,,,,0,0
,도서출판 나무처럼,2005-06-29,196583.069406713,454269.176785385,출판인쇄업,출판사,2026-05-01 22:45:12,I,03,폐업,,,,2005-06-30 10:08:44,,2002-03-11,110-819,서울특별시 종로구 부암동 ***-*,CDFG1251002002000055,3000000,,서울특별시 종로구 창의문로*가길 **-*  (부암동),,03,폐업,,,,,,
,도서출판 세래,2007-03-26,198624.006469032,452310.752960617,출판인쇄업,출판사,2026-05-01 22:45:12,I,03,폐업,,,,2007-03-26 13:42:46,,2002-03-11,110-718,서울특별시 종로구 관훈동 ***-** 백상빌딩 *층*호,CDFG1251002002000056,3000000,,"서울특별시 종로구 인사동*길 **  (관훈동,백상빌딩 *층*호)",,03,폐업,,,,,,
,성원정보,2002-09-05,201907.172427254,452350.614252089,출판인쇄업,출판사,2026-05-01 22:45:12,I,03,폐업,,0,0,2003-02-07 09:13:27,,2002-03-14,110-829,서울특별시 종로구 숭인동 ****-* 정우빌딩 ***호,CDFG1251002002000058,3000000,,"서울특별시 종로구 난계로**가길 **  (숭인동,정우빌딩 ***호)",,03,폐업,,,,,0,0
,도서출판 수연,2006-04-20,198934.124836448,452289.68001897,출판인쇄업,출판사,2026-05-01 22:45:12,I,03,폐업,,,,2006-04-20 15:51:09,,2002-03-18,110-320,서울특별시 종로구 낙원동 **-* **통*반 대성빌딩 ***호 ***호,CDFG1251002002000061,3000000,,"서울특별시 종로구 수표로**길 *,  ***호 (낙원동,대성빌딩 ***호)",,03,폐업,,,,,,
,나라사랑국토순례,2007-01-18,198127.421580952,452175.453719092,출판인쇄업,출판사,2026-05-01 22:45:12,I,03,폐업,,,,2007-01-19 09:43:05,,2002-03-25,110-130,서울특별시 종로구 청진동 ***-* 삼송빌딩 ***호,CDFG1251002002000063,3000000,,"서울특별시 종로구 종로*길 **  (청진동,삼송빌딩 ***호)",,03,폐업,,,,,,
,문학과문화,2003-03-12,199035.365798345,452223.87544057,출판인쇄업,출판사,2026-05-01 22:45:12,I,03,폐업,,,,2003-03-12 09:40:19,,2002-03-27,110-807,서울특별시 종로구 돈의동 **-* 낙원오피스텔 **층 *호,CDFG1251002002000064,3000000,,"서울특별시 종로구 돈화문로**길 **  (돈의동,낙원오피스텔 **층 *호)",,03,폐업,,,,,,
,(주)사커뱅크,2004-06-09,198979.758847796,451921.59918378,출판인쇄업,출판사,2026-05-01 22:45:12,I,03,폐업,,,,2004-06-11 15:48:10,,2002-04-10,110-420,서울특별시 종로구 관수동 *-* 금용빌딩 ***호,CDFG1251002002000072,3000000,,"서울특별시 종로구 수표로 **-*  (관수동,금용빌딩 ***호)",,03,폐업,,,,22851894,,
,영진기획,2002-10-08,199668.128202184,453602.70198017,출판인쇄업,출판사,2026-05-01 22:45:12,I,03,폐업,,0,0,2003-02-07 09:13:27,,2002-04-18,110-522,서울특별시 종로구 명륜*가 ***-*,CDFG1251002002000078,3000000,,서울특별시 종로구 성균관로 **-*  (명륜*가),,03,폐업,,,,,0,0
,INE교육,2014-07-14,201926.215502116,452642.472322987,출판인쇄업,출판사,2026-05-01 22:45:13,I,03,폐업,,0,0,2014-07-14 21:17:09,,2002-04-24,110-827,서울특별시 종로구 숭인동 ****-* 동보빌딩 ***호,CDFG1251002002000084,3000000,,"서울특별시 종로구 종로 *** (숭인동,동보빌딩 ***호)",,03,폐업,,,,031-432-7956,0,0
,주)티아이피(),2006-05-30,,,출판인쇄업,출판사,2026-05-01 22:45:13,I,03,폐업,,,,2006-05-30 16:30:13,,2002-04-30,110-121,서울특별시 종로구 종로*가 **-* 서울빌딩***호,CDFG1251002002000087,3000000,,,,03,폐업,,,,,,
,(주)이지에듀,2004-07-16,198087.664844665,452355.919806244,출판인쇄업,출판사,2026-05-01 22:45:13,I,03,폐업,,,,2004-07-16 14:41:11,,2002-05-08,110-732,서울특별시 종로구 수송동 ***-** 대림빌딩 ***호,CDFG1251002002000092,3000000,,"서울특별시 종로구 종로*길 **  (수송동,대림빌딩 ***호)",,03,폐업,,,,,,
,도서출판 왼뿌리,2002-10-04,197329.141611608,452702.61738178,출판인쇄업,출판사,2026-05-01 22:45:13,I,03,폐업,,0,0,2003-02-07 09:13:27,,2002-05-08,110-045,서울특별시 종로구 체부동 ***-*,CDFG1251002002000093,3000000,,서울특별시 종로구 자하문로*길 **  (체부동),,03,폐업,,,,,0,0
,도서출판 엠에이북스(MA Books),2003-02-20,,,출판인쇄업,출판사,2026-05-01 22:45:13,I,03,폐업,,,,2003-02-24 09:26:20,,2002-05-09,100-392,서울특별시 중구 장충동*가 ***** 장충빌딩*층,CDFG1251002002000096,3000000,,,,03,폐업,,,,22739402,,
,목우출판판매,2002-09-30,198783.662701312,452122.430070163,출판인쇄업,출판사,2026-05-01 22:45:13,I,03,폐업,,0,0,2003-02-07 09:13:27,,2002-05-09,110-290,서울특별시 종로구 인사동 ***-* 파고다빌딩,CDFG1251002002000097,3000000,,"서울특별시 종로구 인사동길 *  (인사동,파고다빌딩)",,03,폐업,,,,,0,0
,21세기영어교육연구,2003-03-27,198502.872319959,451859.966105804,출판인쇄업,출판사,2026-05-01 22:45:13,I,03,폐업,,,,2003-03-27 10:32:06,,2002-05-16,110-111,서울특별시 종로구 관철동 ***-* 대신빌딩 ****호,CDFG1251002002000100,3000000,,"서울특별시 종로구 청계천로 **  (관철동,대신빌딩 ****호)",,03,폐업,,,,,,
,상생문화사,2007-12-07,198237.929525915,452179.998288835,출판인쇄업,출판사,2026-05-01 22:45:13,I,03,폐업,,,,2007-12-07 16:23:01,,2002-05-20,110-130,서울특별시 종로구 청진동 **-* 삼선빌딩 *층,CDFG1251002002000102,3000000,,"서울특별시 종로구 종로*길 **-*  (청진동,삼선빌딩 *층)",,03,폐업,,,,,,
,칠성문화원,2000-09-25,201334.919130252,452243.631447919,출판인쇄업,출판사,2026-05-01 22:44:54,I,03,폐업,,0,0,2003-02-07 09:13:27,,2000-02-14,110-826,서울특별시 종로구 숭인동 ***-* 숭인빌딩 ***,CDFG1251002000000028,3000000,,"서울특별시 종로구 지봉로 **  (숭인동,숭인빌딩 ***)",,03,폐업,,,,22351666,0,0
,도서출판 한소금,2016-12-31,197115.941018028,452246.13473593,출판인쇄업,출판사,2026-05-01 22:44:54,I,03,폐업,,0,0,2024-03-13 16:37:34,,2000-02-16,110-062,서울특별시 종로구 신문로*가 *-***,CDFG1251002000000030,3000000,,서울특별시 종로구 경희궁*가길 **  (신문로*가),,03,폐업,,,,,0,0
,유학클럽,2002-02-08,198685.761389454,452015.63212884,출판인쇄업,출판사,2026-05-01 22:44:54,I,03,폐업,,0,0,2003-02-07 09:13:27,,2000-02-19,110-122,서울특별시 종로구 종로*가 **-* 통일빌딩 ***호,CDFG1251002000000031,3000000,,"서울특별시 종로구 종로 **  (종로*가,통일빌딩 ***호)",,03,폐업,,,,34922829,0,0
,연합의학서적,2004-01-16,199998.547840158,452656.259059989,출판인쇄업,출판사,2026-05-01 22:44:55,I,03,폐업,,,,2004-01-16 16:10:15,,2000-03-02,110-460,서울특별시 종로구 연건동 ***-* *층,CDFG1251002000000035,3000000,,"서울특별시 종로구 율곡로 ***  (연건동,*층)",,03,폐업,,,,,,
,도서출판 시와동화,2003-02-05,196979.820467789,453141.061858471,출판인쇄업,출판사,2026-05-01 22:44:55,I,03,폐업,,0,0,2003-02-07 09:13:27,,2000-03-03,110-041,서울특별시 종로구 누상동 **-*,CDFG1251002000000036,3000000,,서울특별시 종로구 필운대로*가길 **  (누상동),,03,폐업,,,,,0,0
,한국산업연수원 (출판사),2001-11-01,199860.299320295,452455.241995603,출판인쇄업,출판사,2026-05-01 22:44:55,I,03,폐업,,0,0,2003-02-07 09:13:27,,2000-03-07,110-470,서울특별시 종로구 연지동 ***-*,CDFG1251002000000038,3000000,,서울특별시 종로구 창경궁로**길 **  (연지동),,03,폐업,,,,,0,0
,도서출판 신화,2015-12-01,201907.172427254,452350.614252089,출판인쇄업,출판사,2026-05-01 22:44:55,I,03,폐업,,0,0,2015-12-01 15:32:35,,2000-03-17,110-829,서울특별시 종로구 숭인동 ****-* 정우빌딩 ***호,CDFG1251002000000043,3000000,,"서울특별시 종로구 난계로**가길 ** (숭인동,정우빌딩 ***호)",,03,폐업,,,,22389880,0,0
,뉴월드미디어,2006-02-09,201939.317432918,452287.61931533,출판인쇄업,출판사,2026-05-01 22:44:55,I,03,폐업,,,,2006-02-10 14:04:28,,2000-03-18,110-829,서울특별시 종로구 숭인동 ****-* 대지빌딩 ***호,CDFG1251002000000044,3000000,,"서울특별시 종로구 난계로**길 *  (숭인동,대지빌딩 ***호)",,03,폐업,,,,22352617,,
,도서출판 광화문,2008-12-23,198524.8093622,451942.366626947,출판인쇄업,출판사,2026-05-01 22:44:55,I,03,폐업,,,,2008-12-23 17:43:02,,2000-03-20,110-111,서울특별시 종로구 관철동 **-* 종각빌딩 ***,CDFG1251002000000045,3000000,,"서울특별시 종로구 종로*길 *  (관철동,종각빌딩 ***)",,03,폐업,,,,,,
,알씨시스템(주),2002-02-07,198619.319752554,452264.276105491,출판인쇄업,출판사,2026-05-01 22:44:55,I,03,폐업,,0,0,2003-02-07 09:13:27,,2000-03-31,110-300,서울특별시 종로구 관훈동 ***-** 오원빌딩,CDFG1251002000000049,3000000,,"서울특별시 종로구 인사동*길 **  (관훈동,오원빌딩)",,03,폐업,,,,,0,0
,이에듀넷닷컴(주),2005-03-11,200008.831492823,452291.335627477,출판인쇄업,출판사,2026-05-01 22:44:55,I,03,폐업,,,,2005-03-11 16:41:38,,2000-04-06,110-470,서울특별시 종로구 연지동 ***-** 한국기독교연합회관****,CDFG1251002000000050,3000000,,"서울특별시 종로구 김상옥로 **  (연지동,한국기독교연합회관****)",,03,폐업,,,,,,
,현진출판,2000-09-27,201850.462764525,452407.508781009,출판인쇄업,출판사,2026-05-01 22:44:55,I,03,폐업,,0,0,2003-02-07 09:13:27,,2000-04-07,110-825,서울특별시 종로구 숭인동 ***-** 계명빌딩 ***호,CDFG1251002000000051,3000000,,"서울특별시 종로구 종로**길 **  (숭인동,계명빌딩 ***호)",,03,폐업,,,,,0,0
,미토스,2003-01-14,197618.459740824,452311.285166273,출판인쇄업,출판사,2026-05-01 22:44:55,I,03,폐업,,0,0,2003-02-07 09:13:27,,2000-04-14,110-070,서울특별시 종로구 내수동 *-* 옥빌딩 ***호,CDFG1251002000000056,3000000,,"서울특별시 종로구 새문안로*가길 **  (내수동,옥빌딩 ***호)",,03,폐업,,,,,0,0
,도서출판 예사랑,2005-05-20,,,출판인쇄업,출판사,2026-05-01 22:44:55,I,03,폐업,,,,2005-05-20 12:56:25,,2000-04-28,110-170,서울특별시 종로구 견지동 ***-** 지원빌딩 ***호,CDFG1251002000000062,3000000,,,,03,폐업,,,,,,
,도서출판 땅의사람들,2010-04-09,199682.108862983,452278.243885668,출판인쇄업,출판사,2026-05-01 22:44:55,I,03,폐업,,,,2010-04-09 12:59:31,,2000-05-01,110-410,서울특별시 종로구 인의동 ***-* 대한교원공제회관 *층,CDFG1251002000000066,3000000,,"서울특별시 종로구 창경궁로 ***  (인의동,대한교원공제회관 *층)",,03,폐업,,,,02-745-3480,,
,엠지알코리아,2001-01-15,200464.00848623,452120.672326645,출판인쇄업,출판사,2026-05-01 22:44:55,I,03,폐업,,0,0,2003-02-07 09:13:27,,2000-05-12,110-835,서울특별시 종로구 종로*가 *-* 백광빌딩***,CDFG1251002000000069,3000000,,"서울특별시 종로구 종로 ***-*  (종로*가,백광빌딩***)",,03,폐업,,,,36754610,0,0
,도서출판산마루,2005-09-12,197384.844172315,452526.630451394,출판인쇄업,출판사,2026-05-01 22:44:55,I,03,폐업,,,,2005-09-13 11:06:48,,2000-05-18,110-053,서울특별시 종로구 내자동 ***-* 지하*층,CDFG1251002000000075,3000000,,"서울특별시 종로구 사직로**길 **  (내자동,지하*층)",,03,폐업,,,,,,
,미담출판사,2002-11-27,198554.571864386,452433.124444714,출판인쇄업,출판사,2026-05-01 22:44:55,I,03,폐업,,0,0,2003-02-07 09:13:27,,2000-05-22,110-300,서울특별시 종로구 관훈동 ***-* 인덕빌딩 *층,CDFG1251002000000076,3000000,,"서울특별시 종로구 인사동길 **  (관훈동,인덕빌딩 *층)",,03,폐업,,,,,0,0
,e북스밸리,2002-03-13,198625.191380432,453151.482790983,출판인쇄업,출판사,2026-05-01 22:44:56,I,03,폐업,,0,0,2003-02-07 09:13:27,,2000-05-30,110-260,서울특별시 종로구 가회동 ***-*,CDFG1251002000000084,3000000,,서울특별시 종로구 북촌로 **-*  (가회동),,03,폐업,,,,,0,0
,대성인쇄출판문화사,2023-11-09,197645.039951164,452241.445119523,출판인쇄업,출판사,2026-05-01 22:44:56,I,03,폐업,,,,2023-11-10 16:07:57,,2000-06-02,110-071,서울특별시 종로구 당주동 *-* 지하*층,CDFG1251002000000090,3000000,,"서울특별시 종로구 새문안로*가길 *-**, 지하*층 (당주동)",,03,폐업,,,,02-736-8511,,
,도서출판 나바라기,2001-01-18,200307.292873834,453104.038530112,출판인쇄업,출판사,2026-05-01 22:44:56,I,03,폐업,,0,0,2003-02-07 09:13:27,,2000-06-05,110-809,서울특별시 종로구 동숭동 *-***,CDFG1251002000000092,3000000,,서울특별시 종로구 동숭길 **  (동숭동),,03,폐업,,,,,0,0
,청년에듀케이션,2003-01-14,197618.459740824,452311.285166273,출판인쇄업,출판사,2026-05-01 22:44:56,I,03,폐업,,,,2003-12-11 11:30:18,,2000-06-13,110-070,서울특별시 종로구 내수동 *-* 옥빌딩 ***호,CDFG1251002000000094,3000000,,"서울특별시 종로구 새문안로*가길 **  (내수동,옥빌딩 ***호)",,03,폐업,,,,,,
,모울도뷔,2000-07-26,199090.41076982,452725.878400645,출판인쇄업,출판사,2026-05-01 22:44:56,I,03,폐업,,0,0,2003-02-07 09:13:27,,2000-06-16,110-360,서울특별시 종로구 와룡동 ***-* 동원빌딩 ***호,CDFG1251002000000099,3000000,,"서울특별시 종로구 돈화문로 **  (와룡동,동원빌딩 ***호)",,03,폐업,,,,,0,0
,도서출판 깨비내니메이션,2001-07-19,201341.792748593,452222.308389227,출판인쇄업,출판사,2026-05-01 22:44:56,I,03,폐업,,0,0,2003-02-07 09:13:27,,2000-06-24,110-826,서울특별시 종로구 숭인동 ***-** 경복빌딩 ***호,CDFG1251002000000102,3000000,,"서울특별시 종로구 지봉로 **  (숭인동,경복빌딩 ***호)",,03,폐업,,,,,0,0
,의학출판 베살리우스,2002-04-08,,,출판인쇄업,출판사,2026-05-01 22:44:56,I,03,폐업,,0,0,2003-02-07 09:13:27,,2000-07-07,110-091,서울특별시 종로구 행촌동 **-**,CDFG1251002000000106,3000000,,서울특별시 종로구 송월길 ***  (행촌동),,03,폐업,,,,,0,0
,도서출판 다른세상,2018-10-22,198282.188653385,452189.086159561,출판인쇄업,출판사,2026-05-01 22:44:56,I,03,폐업,,,,2018-10-22 11:01:08,,2000-07-07,,서울특별시 종로구 청진동 **-*,CDFG1251002000000107,3000000,,서울특별시 종로구 종로*길 **-** (청진동),03158,03,폐업,,,,,,
,남양미디어,2004-02-20,201837.706250201,452386.077965418,출판인쇄업,출판사,2026-05-01 22:44:56,I,03,폐업,,,,2004-02-20 08:57:11,,2000-07-08,110-825,서울특별시 종로구 숭인동 ***-* 황해빌딩 ***호,CDFG1251002000000109,3000000,,"서울특별시 종로구 종로**가길 *  (숭인동,황해빌딩 ***호)",,03,폐업,,,,22338283,,
,동심여선,2004-04-02,199984.075452796,453784.636608489,출판인쇄업,출판사,2026-05-01 22:44:56,I,03,폐업,,,,2004-04-02 13:37:06,,2000-07-10,110-530,서울특별시 종로구 혜화동 ***-* *층,CDFG1251002000000111,3000000,,"서울특별시 종로구 혜화로 *  (혜화동,*층)",,03,폐업,,,,36750325,,
,도서출판 유엔뉴스,2009-09-23,196997.230863045,455942.432731295,출판인쇄업,출판사,2026-05-01 22:44:56,I,03,폐업,,0,0,2009-09-23 18:19:04,,2000-07-18,110-847,서울특별시 종로구 평창동 ***-*,CDFG1251002000000114,3000000,,서울특별시 종로구 평창문화로 **  (평창동),,03,폐업,,,,,0,0
,중앙북미디어,2013-02-06,200005.67576435,453283.293031685,출판인쇄업,출판사,2026-05-01 22:44:56,I,03,폐업,,0,0,2013-02-06 16:35:09,,2000-07-19,110-524,서울특별시 종로구 명륜*가 ***-* 은정빌딩 *층,CDFG1251002000000115,3000000,,"서울특별시 종로구 대학로*길 **  (명륜*가,은정빌딩 *층)",,03,폐업,,,,,0,0
,해오름,2001-01-31,200236.520660719,452535.783254514,출판인쇄업,출판사,2026-05-01 22:44:56,I,03,폐업,,0,0,2003-02-07 09:13:27,,2000-07-20,110-845,서울특별시 종로구 충신동 **-*,CDFG1251002000000116,3000000,,서울특별시 종로구 율곡로**길 **  (충신동),,03,폐업,,,,,0,0
,씨앤에스,2006-02-08,,,출판인쇄업,출판사,2026-05-01 22:44:56,I,03,폐업,,,,2006-02-08 14:16:46,,2000-08-03,110-051,서울특별시 종로구 도렴동 ***-* 삼육빌딩 ***,CDFG1251002000000122,3000000,,,,03,폐업,,,,,,
,도서출판 풍진,2017-01-25,197625.380863632,452298.145758844,출판인쇄업,출판사,2026-05-01 22:44:56,I,03,폐업,,0,0,2017-01-25 16:40:26,,2000-08-07,110-070,서울특별시 종로구 내수동 *-*,CDFG1251002000000125,3000000,,서울특별시 종로구 새문안로*가길 * (내수동),,03,폐업,,,,,0,0
,21신기술자료편찬회,2003-03-25,198913.496136105,452416.170780139,출판인쇄업,출판사,2026-05-01 22:44:57,I,03,폐업,,,,2003-03-25 18:01:44,,2000-08-10,110-320,서울특별시 종로구 낙원동 **-* 종로오피스텔 ****호,CDFG1251002000000127,3000000,,"서울특별시 종로구 삼일대로**길 **  (낙원동,종로오피스텔 ****호)",,03,폐업,,,,,,
,효리미디어,2003-02-17,199128.442545948,452703.926736387,출판인쇄업,출판사,2026-05-01 22:44:57,I,03,폐업,,,,2003-02-17 18:02:59,,2000-08-23,110-360,서울특별시 종로구 와룡동 **-* ***호,CDFG1251002000000130,3000000,,"서울특별시 종로구 율곡로**길 **  (와룡동,***호)",,03,폐업,,,,36755222,,
,영운미디어,2010-03-25,,,출판인쇄업,출판사,2026-05-01 22:44:57,I,03,폐업,,0,0,2010-03-25 15:17:31,,2000-08-23,110-091,서울특별시 종로구 행촌동 ***-**,CDFG1251002000000131,3000000,,서울특별시 종로구 사직로 **  (행촌동),,03,폐업,,,,,0,0
,도서출판 현상과인식21,2002-01-25,198691.799418788,452546.547645387,출판인쇄업,출판사,2026-05-01 22:44:57,I,03,폐업,,0,0,2003-02-07 09:13:27,,2000-08-23,110-310,서울특별시 종로구 경운동 **-* 수운빌딩***,CDFG1251002000000132,3000000,,"서울특별시 종로구 삼일대로 ***  (경운동,수운빌딩***)",,03,폐업,,,,,0,0
,IFC.KOREA,2003-10-27,198910.899366062,452750.505122507,출판인쇄업,출판사,2026-05-01 22:44:57,I,03,폐업,,,,2003-10-27 17:17:38,,2000-08-28,110-350,서울특별시 종로구 운니동 **-** 가든타워빌딩****호,CDFG1251002000000133,3000000,,"서울특별시 종로구 율곡로 **  (운니동,가든타워빌딩****호)",,03,폐업,,,,36757766,,
,도서출판 동주,2000-10-19,201906.610016674,452369.83658016,출판인쇄업,출판사,2026-05-01 22:44:57,I,03,폐업,,0,0,2003-02-07 09:13:27,,2000-09-04,110-829,서울특별시 종로구 숭인동 ****-* 동원빌딩 ***호,CDFG1251002000000136,3000000,,"서울특별시 종로구 난계로**가길 **  (숭인동,동원빌딩 ***호)",,03,폐업,,,,62612953,0,0
,고암미술,2018-08-22,197268.857729739,456523.531438876,출판인쇄업,출판사,2026-05-01 22:44:57,I,03,폐업,,0,0,2018-08-22 15:08:58,,2000-09-05,110-848,서울특별시 종로구 평창동 ***-*,CDFG1251002000000137,3000000,,서울특별시 종로구 평창**길 ** (평창동),,03,폐업,,,,32175672,0,0
,상황예술출판,2009-07-28,197091.15634107,453302.929027632,출판인쇄업,출판사,2026-05-01 22:44:57,I,03,폐업,,0,0,2009-07-28 16:54:00,,2000-09-16,,서울특별시 종로구 옥인동 **-**,CDFG1251002000000139,3000000,,서울특별시 종로구 필운대로 **-*  (옥인동),,03,폐업,,,,,0,0
,아이덴21닷컴,2009-12-07,199094.426974085,452705.663555768,출판인쇄업,출판사,2026-05-01 22:44:57,I,03,폐업,,0,0,2009-12-08 16:29:10,,2000-09-16,110-360,서울특별시 종로구 와룡동 ***-* 동원빌딩*층,CDFG1251002000000140,3000000,,"서울특별시 종로구 돈화문로 **  (와룡동,동원빌딩*층)",,03,폐업,,,,,0,0
,백년글사랑,2006-10-25,198493.958185808,452541.945031979,출판인쇄업,출판사,2026-05-01 22:44:57,I,03,폐업,,,,2006-10-26 09:27:03,,2000-09-19,110-300,서울특별시 종로구 관훈동 ***-* *층 ***호,CDFG1251002000000142,3000000,,"서울특별시 종로구 인사동길 **  (관훈동,*층 ***호)",,03,폐업,,,,,,
,도서출판 서원당,2012-03-28,196486.72564777,452390.039666789,출판인쇄업,출판사,2026-05-01 22:44:57,I,03,폐업,,,,2012-03-28 17:17:55,,2000-09-30,110-091,서울특별시 종로구 행촌동 ***-**,CDFG1251002000000145,3000000,,서울특별시 종로구 통일로**길 **-*  (행촌동),,03,폐업,,,,02-725-6801,,
,수리출판사,2003-11-04,201784.037007442,452370.542174947,출판인쇄업,출판사,2026-05-01 22:44:57,I,03,폐업,,,,2003-11-04 13:55:17,,2000-10-04,110-825,서울특별시 종로구 숭인동 ***-** 대성빌딩 ***호,CDFG1251002000000146,3000000,,"서울특별시 종로구 종로**가길 **  (숭인동,대성빌딩 ***호)",,03,폐업,,,,22376582,,
,미술사랑,2001-02-14,198388.63023442,453004.7187222,출판인쇄업,출판사,2026-05-01 22:44:57,I,03,폐업,,0,0,2003-02-07 09:13:27,,2000-10-10,110-210,서울특별시 종로구 화동 ***-*,CDFG1251002000000148,3000000,,서울특별시 종로구 북촌로*길 **  (화동),,03,폐업,,,,,0,0
,도서출판 신문고,2014-05-12,201908.102083278,452325.377310889,출판인쇄업,출판사,2026-05-01 22:44:57,I,03,폐업,,0,,2014-05-19 13:49:57,,2000-10-11,110-829,서울특별시 종로구 숭인동 **** 금학빌딩 ***호,CDFG1251002000000149,3000000,,"서울특별시 종로구 난계로**길 ** (숭인동,금학빌딩 ***호)",,03,폐업,,,,22350114,,
,신화창조,2007-11-13,199035.365798345,452223.87544057,출판인쇄업,출판사,2026-05-01 22:44:57,I,03,폐업,,,,2007-11-13 13:26:32,,2000-10-14,110-807,서울특별시 종로구 돈의동 **-* 낙원오피스텔 ***호,CDFG1251002000000154,3000000,,"서울특별시 종로구 돈화문로**길 **  (돈의동,낙원오피스텔 ***호)",,03,폐업,,,,,,
,주)외대닷컴,2001-12-28,198877.098918771,451937.439505962,출판인쇄업,출판사,2026-05-01 22:44:57,I,03,폐업,,0,0,2003-02-07 09:13:27,,2000-10-14,110-122,서울특별시 종로구 종로*가 **-** *층,CDFG1251002000000155,3000000,,"서울특별시 종로구 삼일대로 ***  (종로*가,*층)",,03,폐업,,,,,0,0
,뉴월드,2001-05-04,,,출판인쇄업,출판사,2026-05-01 22:44:57,I,03,폐업,,0,0,2003-02-07 09:13:27,,2000-10-14,110-051,서울특별시 종로구 도렴동 ***-*,CDFG1251002000000156,3000000,,,,03,폐업,,,,,0,0
,(사)한국독립동지회,2002-03-26,199006.837233012,452085.964430524,출판인쇄업,출판사,2026-05-01 22:44:57,I,03,폐업,,0,0,2003-02-07 09:13:27,,2000-11-14,110-320,서울특별시 종로구 낙원동 ***-* *층,CDFG1251002000000172,3000000,,"서울특별시 종로구 수표로**길 *  (낙원동,*층)",,03,폐업,,,,,0,0
,도서출판 한맥,2007-05-18,198934.124836448,452289.68001897,출판인쇄업,출판사,2026-05-01 22:44:57,I,03,폐업,,,,2007-05-21 11:29:10,,2000-11-22,110-320,서울특별시 종로구 낙원동 **-* 대성빌딩 *층 ***호,CDFG1251002000000176,3000000,,"서울특별시 종로구 수표로**길 *  (낙원동,대성빌딩 *층 ***호)",,03,폐업,,,,,,
,(주)김천영교육콘텐츠연구소,2005-06-30,198204.837322667,452293.432531176,출판인쇄업,출판사,2026-05-01 22:44:58,I,03,폐업,,,,2005-07-01 10:05:09,,2000-12-09,110-140,서울특별시 종로구 수송동 **-* 석탄회관 **층,CDFG1251002000000181,3000000,,"서울특별시 종로구 종로*길 **  (수송동,석탄회관 **층)",,03,폐업,,,,,,
,이미지파일(출판사),2001-11-08,198296.523442809,453184.372388668,출판인쇄업,출판사,2026-05-01 22:44:58,I,03,폐업,,0,,2003-02-07 09:13:27,,2000-12-27,110-200,서울특별시 종로구 소격동 ** 삼봉재***호,CDFG1251002000000190,3000000,,"서울특별시 종로구 북촌로*가길 **  (소격동,삼봉재***호)",,03,폐업,,,,,,
,한민족과선교,2003-12-31,199938.394948321,453805.179643767,출판인쇄업,출판사,2026-05-01 22:44:58,I,03,폐업,,,,2003-12-31 12:44:08,,2001-01-10,110-521,서울특별시 종로구 명륜*가 **-* *층,CDFG1251002001000003,3000000,,"서울특별시 종로구 혜화로 **  (명륜*가,*층)",,03,폐업,,,,36757220,,
,(주)에듀아이닷컴,2015-03-03,199861.578048716,452354.26974479,출판인쇄업,출판사,2026-05-01 22:44:58,I,03,폐업,,0,,2015-03-03 14:39:51,,2001-01-15,110-470,서울특별시 종로구 연지동 ***-* 기성빌딩 *층,CDFG1251002001000006,3000000,,"서울특별시 종로구 김상옥로 **-* (연지동,기성빌딩 *층)",,03,폐업,,,,,,
,한생연출판사,2003-01-16,199720.054673627,454140.236153773,출판인쇄업,출판사,2026-05-01 22:44:58,I,03,폐업,,0,0,2003-02-07 09:13:27,,2001-01-22,110-521,서울특별시 종로구 명륜*가 *-*,CDFG1251002001000012,3000000,,서울특별시 종로구 성균관로 **  (명륜*가),,03,폐업,,,,,0,0
,제이에스월드,2003-02-24,201907.172427254,452350.614252089,출판인쇄업,출판사,2026-05-01 22:44:58,I,03,폐업,,,,2003-02-24 14:51:04,,2001-02-02,110-829,서울특별시 종로구 숭인동 ****-* 정우빌딩 ***,CDFG1251002001000020,3000000,,"서울특별시 종로구 난계로**가길 **  (숭인동,정우빌딩 ***)",,03,폐업,,,,22376326,,
,도서출판진곡,2006-09-20,198643.543485167,452199.798612424,출판인쇄업,출판사,2026-05-01 22:44:58,I,03,폐업,,,,2006-09-21 08:44:30,,2001-02-08,110-794,서울특별시 종로구 인사동 ***-* **통*반 하나로빌딩 ***호 가동 *층*호,CDFG1251002001000021,3000000,,"서울특별시 종로구 인사동*길 **, 가동 *층*호 (인사동,하나로빌딩 ***호)",,03,폐업,,,,,,
,청마미디어,2006-02-09,201939.317432918,452287.61931533,출판인쇄업,출판사,2026-05-01 22:44:58,I,03,폐업,,,,2006-02-10 14:05:22,,2001-02-12,110-829,서울특별시 종로구 숭인동 **** 대지빌딩 ***-*,CDFG1251002001000026,3000000,,"서울특별시 종로구 난계로**길 *  (숭인동,대지빌딩 ***-*)",,03,폐업,,,,22352613,,
,APN,2003-09-15,,,출판인쇄업,출판사,2026-05-01 22:44:58,I,03,폐업,,,,2003-09-15 14:15:18,,2001-02-12,110-092,서울특별시 종로구 홍파동 ***-* 혜원빌딩 ***호,CDFG1251002001000027,3000000,,"서울특별시 종로구 송월길 ***  (홍파동,혜원빌딩 ***호)",,03,폐업,,,,,,
,성령미디어,2002-03-26,199695.44437244,452315.032342992,출판인쇄업,출판사,2026-05-01 22:44:59,I,03,폐업,,0,0,2003-02-07 09:13:27,,2001-02-16,110-410,서울특별시 종로구 인의동 ***-* 향군회관,CDFG1251002001000032,3000000,,"서울특별시 종로구 창경궁로 ***  (인의동,향군회관)",,03,폐업,,,,,0,0
,대한닷컴,2001-07-23,199028.829510033,452167.894965375,출판인쇄업,출판사,2026-05-01 22:44:59,I,03,폐업,,0,,2003-02-07 09:13:27,,2001-02-23,110-320,서울특별시 종로구 낙원동 ***-*,CDFG1251002001000035,3000000,,서울특별시 종로구 수표로**길 **  (낙원동),,03,폐업,,,,,,
,(주)서린교육,2007-09-28,197725.951068718,456251.740629682,출판인쇄업,출판사,2026-05-01 22:44:59,I,03,폐업,,,,2007-09-28 14:28:41,,2001-02-28,110-846,서울특별시 종로구 평창동 **,CDFG1251002001000038,3000000,,서울특별시 종로구 평창**길 **  (평창동),,03,폐업,,,,,,
,황금시대출판사,2007-03-26,198910.899366062,452750.505122507,출판인쇄업,출판사,2026-05-01 22:44:59,I,03,폐업,,,,2007-03-26 13:50:18,,2001-03-06,110-350,서울특별시 종로구 운니동 **-** 가든타워빌딩 ****호,CDFG1251002001000043,3000000,,"서울특별시 종로구 율곡로 **  (운니동,가든타워빌딩 ****호)",,03,폐업,,,,,,
,풀과나무의집,2007-01-17,196424.51786389,455747.280391779,출판인쇄업,출판사,2026-05-01 22:44:59,I,03,폐업,,,,2007-01-18 10:26:34,,2001-03-08,110-831,서울특별시 종로구 신영동 ***-**,CDFG1251002001000044,3000000,,서울특별시 종로구 세검정로*길 **-*  (신영동),,03,폐업,,,,,,
,보령메이토(주),2004-01-08,199749.709303956,452471.681673191,출판인쇄업,출판사,2026-05-01 22:44:59,I,03,폐업,,,,2004-01-08 15:43:52,,2001-03-08,110-450,서울특별시 종로구 원남동 **-**,CDFG1251002001000046,3000000,,서울특별시 종로구 창경궁로 ***  (원남동),,03,폐업,,,,,,
,한국자연건강회출판부,2008-03-27,,,출판인쇄업,출판사,2026-05-01 22:44:59,I,03,폐업,,,,2008-03-27 18:01:16,,2001-03-15,110-126,서울특별시 종로구 종로*가 ***-*,CDFG1251002001000054,3000000,,,,03,폐업,,,,,,
,성운미디어,2003-11-04,200127.167638594,452282.023796953,출판인쇄업,출판사,2026-05-01 22:45:18,I,03,폐업,,,,2003-11-04 12:47:08,,2003-07-03,110-480,서울특별시 종로구 효제동 ***-* *층*호,CDFG1251002003000121,3000000,,"서울특별시 종로구 대학로 **  (효제동,*층*호)",,03,폐업,,,,36752370,,
,도서출판 님프,2004-02-20,200269.360372491,452145.668143021,출판인쇄업,출판사,2026-05-01 22:45:18,I,03,폐업,,,,2004-02-20 16:50:46,,2003-07-07,110-850,서울특별시 종로구 효제동 ***-* ***호,CDFG1251002003000124,3000000,,"서울특별시 종로구 종로**길 *  (효제동,***호)",,03,폐업,,,,,,
,Kim Art Institute Publishing,2011-01-12,197257.641116523,453345.397228183,출판인쇄업,출판사,2026-05-01 22:45:18,I,03,폐업,,,,2011-01-12 16:54:17,,2003-07-09,110-035,서울특별시 종로구 옥인동 **-**,CDFG1251002003000125,3000000,,서울특별시 종로구 자하문로**길 **  (옥인동),,03,폐업,,,,32172392,,
,코리아피알,2005-01-28,198281.284188892,453253.768747964,출판인쇄업,출판사,2026-05-01 22:45:18,I,03,폐업,,,,2005-01-28 17:40:10,,2003-07-16,110-210,서울특별시 종로구 화동 ** 안송빌딩 ***호,CDFG1251002003000127,3000000,,"서울특별시 종로구 삼청로 **  (화동,안송빌딩 ***호)",,03,폐업,,,,,,
,모자이크,2004-02-26,198624.006469032,452310.752960617,출판인쇄업,출판사,2026-05-01 22:45:18,I,03,폐업,,,,2004-02-26 10:05:55,,2003-07-18,110-718,서울특별시 종로구 관훈동 ***-** 백상빌딩*층,CDFG1251002003000130,3000000,,"서울특별시 종로구 인사동*길 **  (관훈동,백상빌딩*층)",,03,폐업,,,,,,
,도서출판보청,2017-01-03,200811.318235927,451999.888435992,출판인쇄업,출판사,2026-05-01 22:45:18,I,03,폐업,,,,2017-01-04 18:37:24,,2003-07-22,110-842,서울특별시 종로구 창신동 ***-** 동녕빌딩 ***호,CDFG1251002003000132,3000000,,"서울특별시 종로구 율곡로 *** (창신동,동녕빌딩 ***호)",,03,폐업,,,,,,
,도서출판 길음사,2015-02-16,198269.492281956,453831.946988729,출판인쇄업,출판사,2026-05-01 22:45:18,I,03,폐업,,,,2015-02-16 17:13:51,,2003-07-25,110-230,서울특별시 종로구 삼청동 ***-*,CDFG1251002003000133,3000000,,서울특별시 종로구 삼청로*길 **-* (삼청동),,03,폐업,,,,,,
,주식회사 미니북스(),2003-08-22,198624.006469032,452310.752960617,출판인쇄업,출판사,2026-05-01 22:45:18,I,03,폐업,,,,2003-08-22 10:28:14,,2003-07-25,110-718,서울특별시 종로구 관훈동 ***-** 백상빌딩 **층*호,CDFG1251002003000135,3000000,,"서울특별시 종로구 인사동*길 **  (관훈동,백상빌딩 **층*호)",,03,폐업,,,,62710231,,
,맞춤교육서대문,2004-11-12,196467.975088253,452566.134030104,출판인쇄업,출판사,2026-05-01 22:45:18,I,03,폐업,,,,2005-01-10 17:00:34,,2003-07-28,110-080,서울특별시 종로구 무악동 ** 무악현대(아) 상가 ***호,CDFG1251002003000137,3000000,,,,03,폐업,,,,,,
,(주)서울엠엔비(),2004-09-18,199090.41076982,452725.878400645,출판인쇄업,출판사,2026-05-01 22:45:18,I,03,폐업,,,,2004-09-18 09:37:48,,2003-08-01,110-360,서울특별시 종로구 와룡동 ***-* *층,CDFG1251002003000142,3000000,,"서울특별시 종로구 돈화문로 **  (와룡동,*층)",,03,폐업,,,,,,
,(주)학문사닷컴,2022-02-23,196637.952805812,452163.832063735,출판인쇄업,출판사,2026-05-01 22:45:18,I,03,폐업,,,,2022-02-23 15:38:20,,2003-08-19,110-091,서울특별시 종로구 행촌동 **-**,CDFG1251002003000149,3000000,,서울특별시 종로구 사직로 **-** (행촌동),,03,폐업,,,,02-738-5118,,
,한글사랑,2004-06-28,198691.799418788,452546.547645387,출판인쇄업,출판사,2026-05-01 22:45:18,I,03,폐업,,,,2004-06-28 15:47:09,,2003-08-19,110-310,서울특별시 종로구 경운동 ** 수운회관 ***호,CDFG1251002003000150,3000000,,"서울특별시 종로구 삼일대로 ***  (경운동,수운회관 ***호)",,03,폐업,,,,02-722-2486,,
,청맥종합미디어,2008-03-28,196668.877563099,455055.264019484,출판인쇄업,출판사,2026-05-01 22:45:18,I,03,폐업,,,,2008-03-28 14:52:28,,2003-08-20,110-816,서울특별시 종로구 부암동 ***-* 타임***오피스텔***호,CDFG1251002003000151,3000000,,"서울특별시 종로구 자하문로 ***  (부암동,타임***오피스텔***호)",,03,폐업,,,,02-395-9119,,
,프랜차이즈시스템연구소,2015-04-27,199730.620290942,453348.895548068,출판인쇄업,출판사,2026-05-01 22:45:19,I,03,폐업,,,,2015-04-27 16:05:01,,2003-08-28,110-524,서울특별시 종로구 명륜*가 ***-*,CDFG1251002003000157,3000000,,서울특별시 종로구 창경궁로 *** (명륜*가),,03,폐업,,,,02-763-8437,,
,미래교육목회,2006-02-22,199967.525233963,452654.509799979,출판인쇄업,출판사,2026-05-01 22:45:19,I,03,폐업,,,,2006-02-23 10:25:57,,2003-08-28,110-460,서울특별시 종로구 연건동 *** 대보마로니에텔 ***호,CDFG1251002003000158,3000000,,"서울특별시 종로구 율곡로 ***  (연건동,대보마로니에텔 ***호)",,03,폐업,,,,02-741-4046,,
,문학과문화,2004-02-05,199035.365798345,452223.87544057,출판인쇄업,출판사,2026-05-01 22:45:19,I,03,폐업,,,,2004-02-05 13:28:59,,2003-09-05,110-807,서울특별시 종로구 돈의동 **-* 낙원오피스텔 ****호,CDFG1251002003000163,3000000,,"서울특별시 종로구 돈화문로**길 **  (돈의동,낙원오피스텔 ****호)",,03,폐업,,,,,,
,자리길,2018-11-19,198803.258579457,452356.426758946,출판인쇄업,출판사,2026-05-01 22:45:19,I,03,폐업,,,,2018-11-20 10:55:05,,2003-09-08,110-320,서울특별시 종로구 낙원동 ***-* 건국빌딩 ***호,CDFG1251002003000164,3000000,,"서울특별시 종로구 삼일대로 *** (낙원동,건국빌딩 ***호)",,03,폐업,,,,02-720-5684,,
,봄미디어,2006-02-14,198162.887238039,452842.925015938,출판인쇄업,출판사,2026-05-01 22:45:19,I,03,폐업,,,,2006-02-15 15:37:28,,2003-09-22,110-190,서울특별시 종로구 사간동 **-*,CDFG1251002003000176,3000000,,서울특별시 종로구 삼청로 **-*  (사간동),,03,폐업,,,,02-720-7343,,
,도서출판 데미안,2006-11-21,199995.911525867,452918.575242278,출판인쇄업,출판사,2026-05-01 22:45:19,I,03,폐업,,,,2006-11-22 09:06:39,,2003-09-29,110-460,서울특별시 종로구 연건동 ***-*,CDFG1251002003000178,3000000,,서울특별시 종로구 대학로*길 **  (연건동),,03,폐업,,,,02-747-4642,,
,나무같이,2004-08-24,197488.112812811,453025.743148386,출판인쇄업,출판사,2026-05-01 22:45:19,I,03,폐업,,,,2004-08-24 15:06:59,,2003-10-11,110-034,서울특별시 종로구 창성동 ***-* *층,CDFG1251002003000180,3000000,,"서울특별시 종로구 자하문로**길 **-*  (창성동,*층)",,03,폐업,,,,02-723-5044,,
,태흥출판기획,2005-01-19,,,출판인쇄업,출판사,2026-05-01 22:45:19,I,03,폐업,,,,2005-01-19 14:32:14,,2003-10-14,110-091,서울특별시 종로구 행촌동 ***-* 동화빌딩 별관*층,CDFG1251002003000186,3000000,,"서울특별시 종로구 사직로 **  (행촌동,동화빌딩 별관*층)",,03,폐업,,,,02-723-8908,,
,보건간호전문교육원,2005-04-22,198910.899366062,452750.505122507,출판인쇄업,출판사,2026-05-01 22:45:19,I,03,폐업,,,,2005-04-25 10:35:02,,2003-10-22,110-350,서울특별시 종로구 운니동 **-** 가든타워 ***호,CDFG1251002003000192,3000000,,"서울특별시 종로구 율곡로 **  (운니동,가든타워 ***호)",,03,폐업,,,,02-745-8300,,
,도서출판 디어북,2006-10-18,198301.707230582,453805.253388222,출판인쇄업,출판사,2026-05-01 22:45:19,I,03,폐업,,,,2006-10-18 16:38:14,,2003-10-24,110-230,서울특별시 종로구 삼청동 *** 대하빌딩 *층,CDFG1251002003000194,3000000,,,,03,폐업,,,,02-722-7940,,
,(주)천사문닷컴,2004-06-23,198852.959716775,452253.942584507,출판인쇄업,출판사,2026-05-01 22:45:19,I,03,폐업,,,,2004-06-23 16:50:02,,2003-11-04,110-707,서울특별시 종로구 낙원동 ***-* 낙원빌딩 ***호,CDFG1251002003000198,3000000,,"서울특별시 종로구 삼일대로 ***  (낙원동,낙원빌딩 ***호)",,03,폐업,,,,02-764-8285,,
,상식탑,2005-05-18,197002.668255774,452893.430637392,출판인쇄업,출판사,2026-05-01 22:45:19,I,03,폐업,,,,2005-05-18 17:23:37,,2003-11-06,110-735,서울특별시 종로구 필운동 ** 배화여자대학기념관 *층,CDFG1251002003000199,3000000,,"서울특별시 종로구 필운대로*길 **  (필운동,배화여자대학기념관 *층)",,03,폐업,,,,02-738-3086,,
,도서출판 사과나무를심는사람들,2006-04-24,199917.46644505,453991.445074703,출판인쇄업,출판사,2026-05-01 22:45:19,I,03,폐업,,,,2006-04-24 16:05:02,,2003-11-12,110-530,서울특별시 종로구 혜화동 **-** *층 ***호,CDFG1251002003000201,3000000,,"서울특별시 종로구 혜화로 **  (혜화동,*층 ***호)",,03,폐업,,,,,,
,도서출판 일도가,2009-04-13,197607.398336321,452120.026024435,출판인쇄업,출판사,2026-05-01 22:45:19,I,03,폐업,,,,2009-04-13 16:56:50,,2003-11-19,110-722,서울특별시 종로구 당주동 *** 롯데미도파빌딩 *층 **호,CDFG1251002003000202,3000000,,"서울특별시 종로구 세종대로**길 **  (당주동,롯데미도파빌딩 *층 **호)",,03,폐업,,,,,,
,도서출판 디오,2008-03-06,199186.340950558,452176.045068543,출판인쇄업,출판사,2026-05-01 22:45:19,I,03,폐업,,,,2008-03-06 14:55:58,,2003-11-20,110-370,서울특별시 종로구 묘동 ***-*,CDFG1251002003000206,3000000,,서울특별시 종로구 돈화문로 **-*  (묘동),,03,폐업,,,,02-747-1341,,
,Joy & Pleasure,2019-05-17,196740.839752193,455926.399439252,출판인쇄업,출판사,2026-05-01 22:45:19,I,03,폐업,,,,2019-05-21 14:49:23,,2003-12-02,110-847,서울특별시 종로구 평창동 ***-* *층,CDFG1251002003000214,3000000,,"서울특별시 종로구 평창*길 *, *층 (평창동)",,03,폐업,,,,02-396-3040,,
,들래미,2009-09-16,196632.812228004,455389.352925519,출판인쇄업,출판사,2026-05-01 22:45:20,I,03,폐업,,,,2009-09-16 14:28:48,,2003-12-11,110-830,서울특별시 종로구 신영동 **,CDFG1251002003000216,3000000,,서울특별시 종로구 세검정로*길 **  (신영동),,03,폐업,,,,02-394-2640,,
,바라미디어,2007-01-03,199682.108862983,452278.243885668,출판인쇄업,출판사,2026-05-01 22:45:20,I,03,폐업,,,,2007-01-03 15:19:40,,2003-12-17,110-410,서울특별시 종로구 인의동 ***-* 대한교원공제회관,CDFG1251002003000218,3000000,,"서울특별시 종로구 창경궁로 ***  (인의동,대한교원공제회관)",,03,폐업,,,,02-3675-0706,,
,기도산책,2022-04-29,195794.109080646,456353.994131201,출판인쇄업,출판사,2026-05-01 22:45:20,I,03,폐업,,,,2022-04-29 15:31:50,,2003-12-29,110-804,서울특별시 종로구 구기동 ***,CDFG1251002003000220,3000000,,서울특별시 종로구 비봉*길 **-**  (구기동),,03,폐업,,,,02-394-0878,,
,에바다기독 출판사,2004-11-24,201596.915665402,452455.603946205,출판인쇄업,출판사,2026-05-01 22:45:20,I,03,폐업,,,,2005-01-10 17:00:09,,2003-12-29,110-824,서울특별시 종로구 숭인동 **-** 연남빌딩 ***호,CDFG1251002003000221,3000000,,"서울특별시 종로구 종로**가길 *  (숭인동,연남빌딩 ***호)",,03,폐업,,,,0506-919-1004,,
,준&영,2018-01-26,199723.669335984,453597.165471865,출판인쇄업,출판사,2026-05-01 22:45:20,I,03,폐업,,,,2018-01-26 11:31:30,,2003-12-29,110-522,서울특별시 종로구 명륜*가 ***,CDFG1251002003000222,3000000,,서울특별시 종로구 성균관로*길 * (명륜*가),,03,폐업,,,,02-762-9322,,
,주마(JUMA),2006-03-29,196752.377560308,455057.221027908,출판인쇄업,출판사,2026-05-01 22:45:20,I,03,폐업,,,,2006-03-31 09:35:04,,2003-12-30,110-816,서울특별시 종로구 부암동 ***-*,CDFG1251002003000224,3000000,,서울특별시 종로구 백석동길 ***-**  (부암동),,03,폐업,,,,02-391-8827,,
,Day Spring,2012-12-04,,,출판인쇄업,출판사,2026-05-01 22:45:20,I,03,폐업,,,,2012-12-04 10:24:28,,2004-01-08,110-102,서울특별시 종로구 평동 *** *층,CDFG1251002004000002,3000000,,,,03,폐업,,,,02-2659-7236,,
,글자와 그림,2004-02-20,196812.24262726,451785.296574342,출판인쇄업,출판사,2026-05-01 22:45:24,I,03,폐업,,,,2004-02-20 08:56:03,,2004-01-09,110-100,서울특별시 종로구 교남동 **-* 협신빌딩 ***호,CDFG1251002004000006,3000000,,"서울특별시 종로구 통일로 ***-*  (교남동,협신빌딩 ***호)",,03,폐업,,,,02-739-0223,,
,도서출판 CMI,2005-01-21,199736.327629166,453803.996312876,출판인쇄업,출판사,2026-05-01 22:45:24,I,03,폐업,,,,2005-04-08 09:28:40,,2004-01-27,110-521,서울특별시 종로구 명륜*가 **-*,CDFG1251002004000015,3000000,,서울특별시 종로구 성균관로**길 **  (명륜*가),,03,폐업,,,,02-764-8212,,
,열린출판미디어,2005-01-03,198990.328219681,451812.244811783,출판인쇄업,출판사,2026-05-01 22:45:24,I,03,폐업,,,,2005-01-03 11:42:42,,2004-01-27,110-420,서울특별시 종로구 관수동 ***-* 아주빌딩 ***호,CDFG1251002004000016,3000000,,"서울특별시 종로구 수표로 **  (관수동,아주빌딩 ***호)",,03,폐업,,,,02-2267-4628,,
,신명출판,2005-05-17,,,출판인쇄업,출판사,2026-05-01 22:45:24,I,03,폐업,,,,2005-05-17 15:47:09,,2004-02-03,110-092,서울특별시 종로구 홍파동 **-* B*,CDFG1251002004000020,3000000,,"서울특별시 종로구 송월길 ***  (홍파동,B*)",,03,폐업,,,,02-354-0549,,
,(주)선도아이디티,2008-03-07,197478.53747014,452259.334813912,출판인쇄업,출판사,2026-05-01 22:45:24,I,03,폐업,,,,2008-03-07 09:51:39,,2004-02-03,110-070,서울특별시 종로구 내수동 ** 경희궁의아침*단지 오피스텔 ***호,CDFG1251002004000021,3000000,,"서울특별시 종로구 새문안로*길 **  (내수동,경희궁의아침*단지 오피스텔 ***호)",,03,폐업,,,,02-734-3025,,
,"민족문화편찬회(대한민국인물5,000년사)",2005-07-05,,,출판인쇄업,출판사,2026-05-01 22:45:24,I,03,폐업,,,,2005-07-05 16:48:43,,2004-02-04,110-054,서울특별시 종로구 사직동 *-* 세일빌딩 ***,CDFG1251002004000022,3000000,,,,03,폐업,,,,02-722-2141,,
,갤러리 아트링크,2007-11-21,198582.228292842,452376.695579848,출판인쇄업,출판사,2026-05-01 22:45:24,I,03,폐업,,,,2007-11-26 13:53:38,,2004-02-06,110-300,서울특별시 종로구 관훈동 ***-**,CDFG1251002004000023,3000000,,서울특별시 종로구 인사동*길 *  (관훈동),,03,폐업,,,,02-738-0738,,
,미담기획,2004-07-30,198913.496136105,452416.170780139,출판인쇄업,출판사,2026-05-01 22:45:24,I,03,폐업,,,,2004-07-30 13:41:26,,2004-02-09,110-320,서울특별시 종로구 낙원동 **-* 종로오피스텔 ***호,CDFG1251002004000025,3000000,,"서울특별시 종로구 삼일대로**길 **  (낙원동,종로오피스텔 ***호)",,03,폐업,,,,02-745-7781,,
,미디어북,2007-02-14,197465.115265796,452969.089032431,출판인쇄업,출판사,2026-05-01 22:45:24,I,03,폐업,,,,2007-02-14 13:22:15,,2004-02-09,110-040,서울특별시 종로구 통의동 **,CDFG1251002004000026,3000000,,서울특별시 종로구 자하문로**길 **-**  (통의동),,03,폐업,,,,,,
,도서출판 건생,2008-07-01,,,출판인쇄업,출판사,2026-05-01 22:45:24,I,03,폐업,,,,2008-07-01 14:32:15,,2004-02-10,110-460,서울특별시 종로구 연건동 **-* (*층),CDFG1251002004000027,3000000,,,,03,폐업,,,,,,
,북메이커,2006-11-21,197465.223921125,452366.613899898,출판인쇄업,출판사,2026-05-01 22:45:24,I,03,폐업,,,,2006-11-22 09:07:46,,2004-02-16,110-070,서울특별시 종로구 내수동 ** 경희궁의아침 오피스텔*단지 ***호,CDFG1251002004000030,3000000,,"서울특별시 종로구 사직로*길 **,  ***호 (내수동,경희궁의아침 오피스텔*단지)",,03,폐업,,,,02-735-4643,,
,더소설(The Social),2008-07-31,197612.137033978,452831.555366395,출판인쇄업,출판사,2026-05-01 22:45:24,I,03,폐업,,,,2008-07-31 18:43:59,,2004-02-19,110-040,서울특별시 종로구 통의동 **-** 열린책들 *층 ***호,CDFG1251002004000034,3000000,,"서울특별시 종로구 효자로 **  (통의동,열린책들 *층 ***호)",,03,폐업,,,,02-738-0351,,
,여민락(與民樂),2007-03-22,196812.24262726,451785.296574342,출판인쇄업,출판사,2026-05-01 22:45:24,I,03,폐업,,,,2007-03-22 13:35:16,,2004-02-23,110-100,서울특별시 종로구 교남동 **-* 협신 ***호,CDFG1251002004000035,3000000,,"서울특별시 종로구 통일로 ***-*  (교남동,협신 ***호)",,03,폐업,,,,02-739-1223,,
,(주)지식을나누는사람들,2004-08-30,198580.622075851,453350.537083412,출판인쇄업,출판사,2026-05-01 22:45:24,I,03,폐업,,,,2004-08-30 15:31:38,,2004-03-03,110-260,서울특별시 종로구 가회동 **,CDFG1251002004000041,3000000,,서울특별시 종로구 북촌로 **-*  (가회동),,03,폐업,,,,,,
,(주)한국에듀고시평가원,2004-10-30,198970.736456772,452534.45478172,출판인쇄업,출판사,2026-05-01 22:45:24,I,03,폐업,,,,2004-10-30 10:02:18,,2004-03-03,110-340,서울특별시 종로구 익선동 **-* 운현신화타워 ***호,CDFG1251002004000042,3000000,,"서울특별시 종로구 삼일대로**길 **  (익선동,운현신화타워 ***호)",,03,폐업,,,,02-747-7887,,
,키와채,2013-07-02,199937.388881508,453903.016859856,출판인쇄업,출판사,2026-05-01 22:45:25,I,03,폐업,,,,2013-07-04 19:36:38,,2004-03-15,110-530,서울특별시 종로구 혜화동 **-** *층,CDFG1251002004000050,3000000,,"서울특별시 종로구 혜화로 **  (혜화동,*층)",,03,폐업,,,,02-741-6651,,
,도서출판 서원보감편찬회,2005-04-02,201905.282909761,452478.636909053,출판인쇄업,출판사,2026-05-01 22:45:25,I,03,폐업,,,,2005-04-02 11:48:13,,2004-03-15,110-828,서울특별시 종로구 숭인동 **** 미광빌딩 ***호,CDFG1251002004000052,3000000,,"서울특별시 종로구 난계로**길 **  (숭인동,미광빌딩 ***호)",,03,폐업,,,,,,
,도서출판 강호,2004-03-22,,,출판인쇄업,출판사,2026-05-01 22:45:25,I,03,폐업,,,,2004-03-22 17:52:44,,2004-03-18,110-092,서울특별시 종로구 홍파동 **-* 경기빌딩 B*,CDFG1251002004000053,3000000,,"서울특별시 종로구 송월길 ***-*  (홍파동,경기빌딩 B*)",,03,폐업,,,,02-732-1356,,
,패스터스하우스,2022-01-12,200072.378101828,452291.689518232,출판인쇄업,출판사,2026-05-01 22:45:25,I,03,폐업,,,,2022-01-14 09:15:54,,2004-03-19,110-736,서울특별시 종로구 연지동 ***-** 기독교회관 ***호,CDFG1251002004000056,3000000,,"서울특별시 종로구 대학로 **  (연지동,기독교회관 ***호)",,03,폐업,,,,02-766-8671,,
,도서출판 강호,2009-04-21,,,출판인쇄업,출판사,2026-05-01 22:45:25,I,03,폐업,,,,2009-04-21 16:52:50,,2004-03-25,110-092,서울특별시 종로구 홍파동 **-** *층,CDFG1251002004000059,3000000,,"서울특별시 종로구 송월길 ***-*  (홍파동,*층)",,03,폐업,,,,02-732-1356,,
,이수북,2005-03-09,200174.673240639,453912.286438743,출판인쇄업,출판사,2026-05-01 22:45:25,I,03,폐업,,,,2005-03-09 14:59:57,,2004-03-26,110-530,서울특별시 종로구 혜화동 **-**,CDFG1251002004000061,3000000,,서울특별시 종로구 창경궁로**길 **-*  (혜화동),,03,폐업,,,,02-741-9722,,
,한스미디어,2004-10-14,,,출판인쇄업,출판사,2026-05-01 22:45:25,I,03,폐업,,,,2004-10-14 15:12:11,,2004-03-30,110-054,서울특별시 종로구 사직동 ***-* 휘문빌딩 *층 ***-*,CDFG1251002004000066,3000000,,,,03,폐업,,,,02-738-0427,,
,월간서예문인화,2005-08-18,197336.583984987,452534.336253542,출판인쇄업,출판사,2026-05-01 22:45:25,I,03,폐업,,,,2005-08-18 15:34:57,,2004-03-31,110-053,서울특별시 종로구 내자동 ***-*,CDFG1251002004000067,3000000,,,,03,폐업,,,,02-738-9880,,
,사단법인 소비자시민모임,2024-12-31,197301.12614106,451816.038182067,출판인쇄업,출판사,2026-05-01 22:45:25,I,03,폐업,,,,2025-01-21 07:39:53,,2004-04-08,110-761,서울특별시 종로구 신문로*가 **-** 피어선빌딩 ***호,CDFG1251002004000068,3000000,,"서울특별시 종로구 새문안로 **, ***호 (신문로*가, 피어선빌딩)",,03,폐업,,,,02-738-5441,,
,중림출판사,2007-01-25,198237.929525915,452179.998288835,출판인쇄업,출판사,2026-05-01 22:45:25,I,03,폐업,,,,2007-01-25 16:24:26,,2004-04-12,110-130,서울특별시 종로구 청진동 **-* 삼선빌딩 ***호,CDFG1251002004000070,3000000,,"서울특별시 종로구 종로*길 **-*  (청진동,삼선빌딩 ***호)",,03,폐업,,,,02-725-7010,,
,삼호인터내셔널(International),2006-05-30,197336.583984987,452534.336253542,출판인쇄업,출판사,2026-05-01 22:45:25,I,03,폐업,,,,2006-05-30 16:27:17,,2004-04-13,110-053,서울특별시 종로구 내자동 ***-*,CDFG1251002004000071,3000000,,,,03,폐업,,,,02-738-9873,,
,미래교육정보,2009-08-03,196641.998811088,455257.491544336,출판인쇄업,출판사,2026-05-01 22:45:25,I,03,폐업,,,,2009-08-03 17:33:11,,2004-04-24,,서울특별시 종로구 신영동 ***-*,CDFG1251002004000074,3000000,,,,03,폐업,,,,02-766-0852,,
,신인류회,2007-01-30,197577.652100648,452994.835777344,출판인쇄업,출판사,2026-05-01 22:45:25,I,03,폐업,,,,2007-01-30 14:06:43,,2004-04-30,110-040,서울특별시 종로구 통의동 * *층,CDFG1251002004000078,3000000,,"서울특별시 종로구 자하문로**길 **  (통의동,*층)",,03,폐업,,,,02-739-9774,,
,주식회사 두영에어시스템,2005-11-03,197595.161312175,452460.054621887,출판인쇄업,출판사,2026-05-01 22:45:25,I,03,폐업,,,,2005-11-03 14:06:32,,2004-05-21,110-052,서울특별시 종로구 적선동 *** 광화문쌍용플래티넘 ****호,CDFG1251002004000085,3000000,,"서울특별시 종로구 새문안로*가길 **  (적선동,광화문쌍용플래티넘 ****호)",,03,폐업,,,,02-722-4330,,
,주식회사 룩앳미디어,2019-04-30,198916.797949788,452841.987926101,출판인쇄업,출판사,2026-05-01 22:45:25,I,03,폐업,,,,2019-05-02 13:18:31,,2004-05-21,110-280,서울특별시 종로구 원서동 *** 볼재빌딩 *층,CDFG1251002004000086,3000000,,"서울특별시 종로구 율곡로 ** (원서동,볼재빌딩 *층)",,03,폐업,,,,02-743-6058,,
,포도나무,2012-02-16,198369.068885107,453394.782188995,출판인쇄업,출판사,2026-05-01 22:45:25,I,03,폐업,,,,2012-02-16 13:12:13,,2004-05-24,110-230,서울특별시 종로구 삼청동 **-**,CDFG1251002004000088,3000000,,서울특별시 종로구 북촌로*나길 **  (삼청동),,03,폐업,,,,02-720-1128,,
,한빛코리아,2016-01-18,196787.886795213,451814.424196043,출판인쇄업,출판사,2026-05-01 22:45:25,I,03,폐업,,,,2016-01-18 13:06:18,,2004-06-04,110-100,서울특별시 종로구 교남동 ** 덕산빌딩 ***호,CDFG1251002004000094,3000000,,"서울특별시 종로구 통일로 *** (교남동,덕산빌딩 ***호)",,03,폐업,,,,02-736-7432,,
,주식회사 브레인빌더,2017-01-10,198884.743439112,452765.921671768,출판인쇄업,출판사,2026-05-01 22:45:25,I,03,폐업,,,,2017-01-10 19:21:30,,2004-06-04,110-742,서울특별시 종로구 운니동 **-** 삼환빌딩 *층,CDFG1251002004000095,3000000,,"서울특별시 종로구 율곡로 ** (운니동,삼환빌딩 *층)",,03,폐업,,,,02-2637-1300,,
,엘앤비,2004-08-23,197465.223921125,452366.613899898,출판인쇄업,출판사,2026-05-01 22:45:25,I,03,폐업,,,,2004-08-23 17:49:19,,2004-06-09,110-070,서울특별시 종로구 내수동 ** 경희궁의아침오피스텔 *단지 ****,CDFG1251002004000098,3000000,,"서울특별시 종로구 사직로*길 **  (내수동,경희궁의아침오피스텔 *단지 ****)",,03,폐업,,,,02-733-0850,,
,미술치유상담연구소,2004-07-23,,,출판인쇄업,출판사,2026-05-01 22:45:25,I,03,폐업,,,,2004-07-23 08:53:47,,2004-06-16,110-130,서울특별시 종로구 청진동 ***-* 한독빌딩 ***호,CDFG1251002004000102,3000000,,,,03,폐업,,,,02-735-0947,,
,Macmillan Korea,2016-02-01,197650.653736722,452368.519288991,출판인쇄업,출판사,2026-05-01 22:45:25,I,03,폐업,,,,2016-02-01 13:12:41,,2004-06-16,110-051,서울특별시 종로구 도렴동 ** 도렴빌딩 ***호,CDFG1251002004000103,3000000,,"서울특별시 종로구 새문안로*길 ** (도렴동,도렴빌딩 ***호)",,03,폐업,,,,02-723-8422,,
,에듀피디,2009-02-06,199725.275938405,452734.287328161,출판인쇄업,출판사,2026-05-01 22:45:25,I,03,폐업,,,,2009-02-06 14:46:14,,2004-06-18,110-450,서울특별시 종로구 원남동 ***-* 원남빌딩 *층,CDFG1251002004000104,3000000,,"서울특별시 종로구 창경궁로 ***-*  (원남동,원남빌딩 *층)",,03,폐업,,,,02-747-7833,,
,도서출판 혜초,2017-12-19,198541.72075378,451935.633974889,출판인쇄업,출판사,2026-05-01 22:45:25,I,03,폐업,,,,2018-01-30 14:45:34,,2004-06-21,110-111,서울특별시 종로구 관철동 **-* 대왕빌딩 *층,CDFG1251002004000105,3000000,,"서울특별시 종로구 우정국로*길 ** (관철동,대왕빌딩 *층)",,03,폐업,,,,02-6263-3924,,
,도서출판 문지향,2007-01-17,198669.167398584,452318.471679217,출판인쇄업,출판사,2026-05-01 22:45:25,I,03,폐업,,,,2007-01-18 10:21:20,,2004-06-21,110-300,서울특별시 종로구 관훈동 ***-** *층,CDFG1251002004000106,3000000,,"서울특별시 종로구 인사동*길 *  (관훈동,*층)",,03,폐업,,,,,,
,스피드지퍼,2012-01-11,200579.409754868,452035.347658612,출판인쇄업,출판사,2026-05-01 22:45:25,I,03,폐업,,,,2012-01-11 14:30:47,,2004-06-23,110-784,서울특별시 종로구 종로*가 ***-* 동대문종합시장 D동 ****호,CDFG1251002004000108,3000000,,"서울특별시 종로구 종로 ***  (종로*가,동대문종합시장 D동 ****호)",,03,폐업,,,,02-2268-7535,,
,사단법인 한옥문화원,2015-05-11,198946.484788793,452956.562508033,출판인쇄업,출판사,2026-05-01 22:45:25,I,03,폐업,,,,2015-05-11 13:52:59,,2004-06-25,110-280,서울특별시 종로구 원서동 ***-* 예술의집 *층,CDFG1251002004000110,3000000,,"서울특별시 종로구 창덕궁길 **-* (원서동,예술의집 *층)",,03,폐업,,,,02-741-7441,,
,고요한바다,2004-12-27,198922.187721608,452227.067733521,출판인쇄업,출판사,2026-05-01 22:45:25,I,03,폐업,,,,2004-12-28 11:40:37,,2004-06-25,110-320,서울특별시 종로구 낙원동 ***-* 중앙빌딩 ***호,CDFG1251002004000112,3000000,,"서울특별시 종로구 수표로 ***  (낙원동,중앙빌딩 ***호)",,03,폐업,,,,,,
,지혜미디어,2013-12-30,200391.383911329,452750.406600165,출판인쇄업,출판사,2026-05-01 22:45:25,I,03,폐업,,,,2013-12-30 15:11:33,,2004-07-01,110-500,서울특별시 종로구 이화동 **-* 부광빌딩 *층,CDFG1251002004000114,3000000,,"서울특별시 종로구 이화장*가길 * (이화동,부광빌딩 *층)",,03,폐업,,,,02-766-9457,,
,도서출판 경영베스트,2013-12-30,200391.383911329,452750.406600165,출판인쇄업,출판사,2026-05-01 22:45:25,I,03,폐업,,,,2013-12-30 15:10:29,,2004-07-01,110-500,서울특별시 종로구 이화동 **-* 부광빌딩 *층,CDFG1251002004000115,3000000,,"서울특별시 종로구 이화장*가길 * (이화동,부광빌딩 *층)",,03,폐업,,,,02-766-9457,,
,사법개혁국민연대부설정의로운재단,2006-07-28,197010.963445056,452417.61350483,출판인쇄업,출판사,2026-05-01 22:45:25,I,03,폐업,,,,2006-07-28 15:46:10,,2004-07-05,110-054,서울특별시 종로구 사직동 ***-* 한라빌딩 ***호,CDFG1251002004000117,3000000,,"서울특별시 종로구 사직로 **-*  (사직동,한라빌딩 ***호)",,03,폐업,,,,02-730-2581,,
,한열출판사,2004-12-23,197273.428725179,452670.055378124,출판인쇄업,출판사,2026-05-01 22:45:25,I,03,폐업,,,,2004-12-23 10:50:27,,2004-07-13,110-044,서울특별시 종로구 필운동 *** *층,CDFG1251002004000121,3000000,,"서울특별시 종로구 사직로 ***  (필운동,*층)",,03,폐업,,,,02-738-3174,,
,미술세상,2015-03-30,198580.902409926,452280.593583243,출판인쇄업,출판사,2026-05-01 22:45:25,I,03,폐업,,,,2015-03-30 10:28:05,,2004-08-05,110-300,서울특별시 종로구 관훈동 ***-** 남도빌딩 ***호,CDFG1251002004000130,3000000,,"서울특별시 종로구 인사동*길 ** (관훈동,남도빌딩 ***호)",,03,폐업,,,,,,
,교육출판 반올림,2005-11-28,197337.798317095,456035.380951779,출판인쇄업,출판사,2026-05-01 22:45:25,I,03,폐업,,,,2005-11-29 10:28:46,,2004-08-21,110-847,서울특별시 종로구 평창동 ***-*,CDFG1251002004000138,3000000,,서울특별시 종로구 평창문화로 **  (평창동),,03,폐업,,,,,,
,(주)한동에듀넷,2004-11-11,198966.466796388,452608.062544497,출판인쇄업,출판사,2026-05-01 22:45:26,I,03,폐업,,,,2004-11-11 11:09:12,,2004-08-26,110-350,서울특별시 종로구 운니동 **-* 월드오피스텔 *층,CDFG1251002004000142,3000000,,"서울특별시 종로구 율곡로*길 **  (운니동,월드오피스텔 *층)",,03,폐업,,,,02-747-0020,,
,어린도리,2005-04-06,197595.161312175,452460.054621887,출판인쇄업,출판사,2026-05-01 22:45:26,I,03,폐업,,,,2005-04-07 10:26:08,,2004-08-27,110-052,서울특별시 종로구 적선동 *** 쌍용플래티넘 ***호,CDFG1251002004000145,3000000,,"서울특별시 종로구 새문안로*가길 **  (적선동,쌍용플래티넘 ***호)",,03,폐업,,,,,,
,한국시문화회관,2006-04-03,199792.423824767,454167.977891264,출판인쇄업,출판사,2026-05-01 22:45:26,I,03,폐업,,,,2006-04-03 17:53:32,,2004-08-27,110-521,서울특별시 종로구 명륜*가 **-* 지층,CDFG1251002004000146,3000000,,"서울특별시 종로구 성균관로 **  (명륜*가,지층)",,03,폐업,,,,02-766-4320,,
,법률구조법인대한가정법률복지상담원출판부,2009-03-20,200417.350272874,453516.654062138,출판인쇄업,출판사,2026-05-01 22:45:26,I,03,폐업,,,,2009-03-20 16:10:52,,2004-09-07,110-809,서울특별시 종로구 동숭동 *-* 테크노타운 ***호,CDFG1251002004000150,3000000,,"서울특별시 종로구 동숭*라길 *  (동숭동,테크노타운 ***호)",,03,폐업,,,,02-2697-0155,,
,(주)이지비교육,2018-03-01,197673.919714838,452123.434528869,출판인쇄업,출판사,2026-05-01 22:45:26,I,03,폐업,,,,2018-03-08 10:49:37,,2004-10-14,110-071,서울특별시 종로구 당주동 *** 변호사회관 ***호,CDFG1251002004000156,3000000,,"서울특별시 종로구 새문안로*길 **, ***호 (당주동,변호사회관)",,03,폐업,,,,02-725-9966,,
,(주)환크리에이티브컴퍼니,2021-12-31,200414.880927668,453020.411874398,출판인쇄업,출판사,2026-05-01 22:45:26,I,03,폐업,,,,2021-12-31 13:44:49,,2004-10-22,110-810,서울특별시 종로구 동숭동 ***,CDFG1251002004000160,3000000,,서울특별시 종로구 이화장길 **-**  (동숭동),,03,폐업,,,,02-741-7402,,
,포츠,2003-02-28,198204.837322667,452293.432531176,출판인쇄업,출판사,2026-05-01 22:45:13,I,03,폐업,,,,2003-02-28 17:44:51,,2002-05-24,110-140,서울특별시 종로구 수송동 **-* 석탄회관 *층,CDFG1251002002000106,3000000,,"서울특별시 종로구 종로*길 **  (수송동,석탄회관 *층)",,03,폐업,,,,,,
,gallery fish,2007-03-26,198624.006469032,452310.752960617,출판인쇄업,출판사,2026-05-01 22:45:13,I,03,폐업,,,,2008-04-10 13:28:36,,2002-06-04,110-718,서울특별시 종로구 관훈동 ***-** 백상빌딩 *층,CDFG1251002002000112,3000000,,"서울특별시 종로구 인사동*길 **  (관훈동,백상빌딩 *층)",,03,폐업,,,,,,
,엔버스어드바이저(주),2007-09-28,198848.476178186,452412.111191926,출판인쇄업,출판사,2026-05-01 22:45:13,I,03,폐업,,,,2007-09-28 10:10:59,,2002-06-07,110-320,서울특별시 종로구 낙원동 *-* 종로타워 **층,CDFG1251002002000115,3000000,,"서울특별시 종로구 삼일대로 ***  (낙원동,종로타워 **층)",,03,폐업,,,,21982025,,
,학창미디어,2003-02-20,,,출판인쇄업,출판사,2026-05-01 22:45:13,I,03,폐업,,,,2003-02-24 09:25:03,,2002-06-07,142-100,서울특별시 강북구 미아동 ******* *층,CDFG1251002002000116,3000000,,,,03,폐업,,,,22322159,,
,도서출판 나라말,2008-04-28,199916.903986477,453623.934713368,출판인쇄업,출판사,2026-05-01 22:45:13,I,03,폐업,,,,2008-04-28 14:16:43,,2002-06-08,110-522,서울특별시 종로구 명륜*가 *-* *층,CDFG1251002002000117,3000000,,"서울특별시 종로구 성균관로*길 **  (명륜*가,*층)",,03,폐업,,,,02-765-3428,,
,노인복지홍보국,2003-07-11,197447.721469631,453242.701582215,출판인쇄업,출판사,2026-05-01 22:45:13,I,03,폐업,,,,2003-07-11 13:32:59,,2002-06-17,110-034,서울특별시 종로구 창성동 **-*,CDFG1251002002000119,3000000,,서울특별시 종로구 자하문로**길 *  (창성동),,03,폐업,,,,,,
,한국통신돔닷컴 종로,2005-08-05,197982.889600104,452206.123138933,출판인쇄업,출판사,2026-05-01 22:45:13,I,03,폐업,,,,2005-08-05 14:48:50,,2002-06-18,110-777,서울특별시 종로구 세종로 ***-* 한국통신 광화문전화국 B***호,CDFG1251002002000121,3000000,,"서울특별시 종로구 세종대로 ***  (세종로,한국통신 광화문전화국 B***호)",,03,폐업,,,,02-722-7800,,
,계간시와시학사,2010-08-06,199834.019620523,453804.550468898,출판인쇄업,출판사,2026-05-01 22:45:14,I,03,폐업,,0,0,2010-08-06 14:17:52,,2002-07-02,110-521,서울특별시 종로구 명륜*가 **-* *통*반,CDFG1251002002000131,3000000,,서울특별시 종로구 혜화로*가길 *  (명륜*가),,03,폐업,,,,,0,0
,도서출판 선경,2014-01-29,201854.473190211,452427.159465199,출판인쇄업,출판사,2026-05-01 22:45:14,I,03,폐업,,0,0,2014-01-29 11:18:50,,2002-07-03,110-825,서울특별시 종로구 숭인동 ***-* 신원빌딩 ***호,CDFG1251002002000132,3000000,,"서울특별시 종로구 종로**길 ** (숭인동,신원빌딩 ***호)",,03,폐업,,,,22311286,0,0
,필차이나,2003-07-05,198809.657590495,451866.449386154,출판인쇄업,출판사,2026-05-01 22:45:14,I,03,폐업,,,,2003-07-05 14:00:56,,2002-07-03,110-111,서울특별시 종로구 관철동 *-** 동일빌딩 *층,CDFG1251002002000133,3000000,,"서울특별시 종로구 삼일대로 ***-*  (관철동,동일빌딩 *층)",,03,폐업,,,,,,
,도서출판 붉은악마,2006-12-06,198741.197749003,452227.175252529,출판인쇄업,출판사,2026-05-01 22:45:14,I,03,폐업,,,,2006-12-07 15:41:43,,2002-07-05,110-290,서울특별시 종로구 인사동 ***-* 트로피아빌딩 ***호,CDFG1251002002000135,3000000,,"서울특별시 종로구 인사동길 **  (인사동,트로피아빌딩 ***호)",,03,폐업,,,,,,
,사회복지법인 각당복지재단,2015-04-13,197192.356917788,452234.083549118,출판인쇄업,출판사,2026-05-01 22:45:14,I,03,폐업,,0,0,2015-04-13 16:24:28,,2002-07-09,110-062,서울특별시 종로구 신문로*가 *-**,CDFG1251002002000138,3000000,,서울특별시 종로구 경희궁*길 ** (신문로*가),,03,폐업,,,,,0,0
,한국기자클럽,2011-01-05,197656.177872742,452014.977175148,출판인쇄업,출판사,2026-05-01 22:45:14,I,03,폐업,,0,0,2011-01-05 09:17:16,,2002-07-15,110-061,서울특별시 종로구 신문로*가 **-*,CDFG1251002002000142,3000000,,서울특별시 종로구 새문안로 **  (신문로*가),,03,폐업,,,,,0,0
,아트포위,2003-01-24,198693.492144375,452308.490918414,출판인쇄업,출판사,2026-05-01 22:45:14,I,03,폐업,,0,0,2003-02-07 09:13:27,,2002-07-16,110-290,서울특별시 종로구 인사동 ***-* 도암빌딩 *층,CDFG1251002002000144,3000000,,"서울특별시 종로구 인사동길 **  (인사동,도암빌딩 *층)",,03,폐업,,,,,0,0
,국제회의전문가교육원,2018-11-08,198643.543485167,452199.798612424,출판인쇄업,출판사,2026-05-01 22:45:14,I,03,폐업,,0,0,2018-11-08 10:58:13,,2002-07-19,110-794,서울특별시 종로구 인사동 ***-* 하나로빌딩**층 ****-*호,CDFG1251002002000148,3000000,,"서울특별시 종로구 인사동*길 ** (인사동,하나로빌딩**층 ****-*호)",,03,폐업,,,,,0,0
,비즈니스북스,2003-02-24,200314.25744795,454263.650762698,출판인쇄업,출판사,2026-05-01 22:45:14,I,03,폐업,,,,2003-02-24 17:25:24,,2002-07-24,136-825,서울특별시 성북구 성북동 ***-** *층,CDFG1251002002000152,3000000,,"서울특별시 성북구 성북로*길 *  (성북동,*층)",,03,폐업,,,,,,
,열린문학,2004-01-27,198990.328219681,451812.244811783,출판인쇄업,출판사,2026-05-01 22:45:14,I,03,폐업,,,,2004-01-27 11:29:18,,2002-07-25,110-420,서울특별시 종로구 관수동 ***-* 아주빌딩 ***호,CDFG1251002002000154,3000000,,"서울특별시 종로구 수표로 **  (관수동,아주빌딩 ***호)",,03,폐업,,,,22674628,,
,sb(에스비),2004-02-25,196167.24792167,455302.372602988,출판인쇄업,출판사,2026-05-01 22:45:14,I,03,폐업,,,,2004-02-25 13:26:20,,2002-07-29,110-020,서울특별시 종로구 홍지동 **-*,CDFG1251002002000158,3000000,,서울특별시 종로구 홍지문길 *  (홍지동),,03,폐업,,,,,,
,도서출판 삼호기획번역,2002-11-27,199387.472404384,451982.902200185,출판인쇄업,출판사,2026-05-01 22:45:14,I,03,폐업,,0,0,2003-02-07 09:13:27,,2002-08-06,110-123,서울특별시 종로구 종로*가 ***-* ***호,CDFG1251002002000166,3000000,,"서울특별시 종로구 돈화문로*길 **  (종로*가,***호)",,03,폐업,,,,,0,0
,도서출판 예문와,2007-02-06,198754.634182719,452404.979894277,출판인쇄업,출판사,2026-05-01 22:45:14,I,03,폐업,,,,2007-02-06 16:01:10,,2002-08-06,110-310,서울특별시 종로구 경운동 **-* 건국빌딩본관 ***호,CDFG1251002002000168,3000000,,"서울특별시 종로구 인사동*길 **  (경운동,건국빌딩본관 ***호)",,03,폐업,,,,,,
,도서출판 소금별,2022-08-31,198580.902409926,452280.593583243,출판인쇄업,출판사,2026-05-01 22:45:14,I,03,폐업,,0,0,2022-08-31 10:16:22,,2002-08-12,110-300,서울특별시 종로구 관훈동 ***-** 남도빌딩 ***호,CDFG1251002002000172,3000000,,"서울특별시 종로구 인사동*길 **  (관훈동,남도빌딩 ***호)",,03,폐업,,,,,0,0
,휴먼미디어,2004-03-22,198691.799418788,452546.547645387,출판인쇄업,출판사,2026-05-01 22:45:14,I,03,폐업,,,,2004-03-22 16:37:00,,2002-08-19,110-310,서울특별시 종로구 경운동 **-* 수운회관 ****호,CDFG1251002002000173,3000000,,"서울특별시 종로구 삼일대로 ***  (경운동,수운회관 ****호)",,03,폐업,,,,63273535,,
,씨뿌리는사람,2007-10-08,200446.61130802,452608.194014673,출판인쇄업,출판사,2026-05-01 22:45:14,I,03,폐업,,,,2007-10-08 16:56:30,,2002-08-21,110-844,서울특별시 종로구 충신동 *-**,CDFG1251002002000177,3000000,,서울특별시 종로구 율곡로**가길 *  (충신동),,03,폐업,,,,,,
,세모출판사,2004-05-07,199670.979884558,452221.775006084,출판인쇄업,출판사,2026-05-01 22:45:14,I,03,폐업,,,,2004-05-07 16:10:04,,2002-08-21,110-410,서울특별시 종로구 인의동 ***-*,CDFG1251002002000178,3000000,,서울특별시 종로구 창경궁로 ***  (인의동),,03,폐업,,,,,,
,무역출판사,2010-01-26,196766.919206282,454762.268626596,출판인쇄업,출판사,2026-05-01 22:45:15,I,03,폐업,,0,0,2010-01-26 15:40:34,,2002-09-03,110-817,서울특별시 종로구 부암동 ***-**,CDFG1251002002000181,3000000,,서울특별시 종로구 자하문로**가길 *  (부암동),,03,폐업,,,,,0,0
,문화아이콘,2013-04-05,199878.668537625,453693.071412414,출판인쇄업,출판사,2026-05-01 22:45:15,I,03,폐업,,0,0,2013-04-05 17:53:11,,2002-09-03,110-522,서울특별시 종로구 명륜*가 * 아남(아) 제상가동 ***호,CDFG1251002002000182,3000000,,,,03,폐업,,,,02-762-0810,0,0
,도서출판 J&B 미디어캠프,2005-11-29,199090.41076982,452725.878400645,출판인쇄업,출판사,2026-05-01 22:45:15,I,03,폐업,,,,2005-11-30 09:58:55,,2002-09-03,110-360,서울특별시 종로구 와룡동 ***-* 동원빌딩 ***호,CDFG1251002002000183,3000000,,"서울특별시 종로구 돈화문로 **  (와룡동,동원빌딩 ***호)",,03,폐업,,,,,,
,천년의시작,2007-06-01,197465.223921125,452366.613899898,출판인쇄업,출판사,2026-05-01 22:45:15,I,03,폐업,,,,2007-06-01 09:39:45,,2002-09-03,110-070,서울특별시 종로구 내수동 ** 경희궁의아침*단지 오피스텔 ***호,CDFG1251002002000186,3000000,,"서울특별시 종로구 사직로*길 **,  ***호 (내수동,경희궁의아침*단지 오피스텔)",,03,폐업,,,,02-723-8668,,
,아람미술센터,2010-05-26,198744.504305079,452324.145951504,출판인쇄업,출판사,2026-05-01 22:45:15,I,03,폐업,,0,0,2010-05-26 16:14:40,,2002-09-13,110-290,서울특별시 종로구 인사동 **-*,CDFG1251002002000192,3000000,,서울특별시 종로구 인사동*길 *  (인사동),,03,폐업,,,,,0,0
,도서출판 평화당,2005-02-03,198467.712974372,452623.282097869,출판인쇄업,출판사,2026-05-01 22:45:15,I,03,폐업,,,,2005-02-03 11:19:01,,2002-09-18,110-734,서울특별시 종로구 안국동 ***-** 안국빌딩 ****호,CDFG1251002002000193,3000000,,"서울특별시 종로구 율곡로 **  (안국동,안국빌딩 ****호)",,03,폐업,,,,,,
,라뽀엠,2006-10-04,199834.019620523,453804.550468898,출판인쇄업,출판사,2026-05-01 22:45:15,I,03,폐업,,,,2006-10-04 17:12:33,,2002-09-24,110-521,서울특별시 종로구 명륜*가 **-* *통*반,CDFG1251002002000198,3000000,,서울특별시 종로구 혜화로*가길 *  (명륜*가),,03,폐업,,,,,,
,(주)시에시에(),2007-03-26,198541.72075378,451935.633974889,출판인쇄업,출판사,2026-05-01 22:45:15,I,03,폐업,,,,2007-03-26 11:31:47,,2002-10-01,110-111,서울특별시 종로구 관철동 **-* 대왕빌딩*층,CDFG1251002002000200,3000000,,"서울특별시 종로구 우정국로*길 **  (관철동,대왕빌딩*층)",,03,폐업,,,,,,
,태동기획,2003-05-27,,,출판인쇄업,출판사,2026-05-01 22:45:15,I,03,폐업,,,,2003-05-27 11:34:42,,2002-10-08,110-121,서울특별시 종로구 종로*가 **-*,CDFG1251002002000202,3000000,,,,03,폐업,,,,,,
,다음출판,2017-03-30,200260.2187645,453354.404815954,출판인쇄업,출판사,2026-05-01 22:45:15,I,03,폐업,,0,0,2017-03-30 13:16:29,,2002-10-09,110-809,서울특별시 종로구 동숭동 *-** 정보빌딩 *층 ***동,CDFG1251002002000203,3000000,,"서울특별시 종로구 대학로**길 **, ***동 (동숭동,정보빌딩 *층)",,03,폐업,,,,,0,0
,한민족글마당,2004-03-27,198691.799418788,452546.547645387,출판인쇄업,출판사,2026-05-01 22:45:15,I,03,폐업,,,,2004-03-27 10:27:10,,2002-10-10,110-310,서울특별시 종로구 경운동 **-* 수운회관 ****호 **동,CDFG1251002002000204,3000000,,"서울특별시 종로구 삼일대로 ***, **동 (경운동,수운회관 ****호)",,03,폐업,,,,,,
,한국음악원,2016-04-04,196955.880272641,452371.811034914,출판인쇄업,출판사,2026-05-01 22:45:15,I,03,폐업,,0,0,2016-04-04 13:47:26,,2002-10-15,110-054,서울특별시 종로구 사직동 ***-** *층 ***동 **호,CDFG1251002002000208,3000000,,"서울특별시 종로구 경희궁*나길 **-*, ***동 *층 **호 (사직동)",,03,폐업,,,,02-0000-0000,0,0
,다음북스,2017-03-30,200260.2187645,453354.404815954,출판인쇄업,출판사,2026-05-01 22:45:15,I,03,폐업,,0,0,2017-03-30 13:17:28,,2002-11-01,110-809,서울특별시 종로구 동숭동 *-**,CDFG1251002002000217,3000000,,서울특별시 종로구 대학로**길 ** (동숭동),,03,폐업,,,,,0,0
,한옥문화원,2004-01-27,198946.484788793,452956.562508033,출판인쇄업,출판사,2026-05-01 22:45:15,I,03,폐업,,,,2004-01-27 11:30:54,,2002-11-02,110-280,서울특별시 종로구 원서동 ***-* *층,CDFG1251002002000218,3000000,,"서울특별시 종로구 창덕궁길 **-*  (원서동,*층)",,03,폐업,,,,,,
,(주)아키반건축도시연구원건축사사무소,2016-11-24,200240.66803546,453091.637987143,출판인쇄업,출판사,2026-05-01 22:45:15,I,03,폐업,,0,0,2016-11-24 19:06:14,,2002-11-07,110-809,서울특별시 종로구 동숭동 *-***,CDFG1251002002000220,3000000,,서울특별시 종로구 대학로*가길 *** (동숭동),,03,폐업,,,,02-764-3072,0,0
,사숙제,2004-02-05,199035.365798345,452223.87544057,출판인쇄업,출판사,2026-05-01 22:45:15,I,03,폐업,,,,2004-02-05 13:22:02,,2002-11-07,110-807,서울특별시 종로구 돈의동 **-*,CDFG1251002002000221,3000000,,서울특별시 종로구 돈화문로**길 **  (돈의동),,03,폐업,,,,,,
,도서출판 미드웨스트,2013-07-19,200072.378101828,452291.689518232,출판인쇄업,출판사,2026-05-01 22:45:15,I,03,폐업,,0,0,2013-07-19 14:58:41,,2002-11-11,110-736,서울특별시 종로구 연지동 ***-** 한국기독교회관 ***호,CDFG1251002002000225,3000000,,"서울특별시 종로구 대학로 **  (연지동,한국기독교회관 ***호)",,03,폐업,,,,36724515,0,0
,문광출판사,2003-01-07,196763.718881541,454927.165809979,출판인쇄업,출판사,2026-05-01 22:45:15,I,03,폐업,,0,0,2003-02-07 09:13:27,,2002-11-15,110-816,서울특별시 종로구 부암동 ***-*,CDFG1251002002000226,3000000,,서울특별시 종로구 자하문로 ***  (부암동),,03,폐업,,,,,0,0
,슬라이딩 뱅크,2010-07-22,201850.462764525,452407.508781009,출판인쇄업,출판사,2026-05-01 22:45:15,I,03,폐업,,0,0,2010-07-22 18:07:52,,2002-11-18,110-825,서울특별시 종로구 숭인동 ***-** 계명빌딩 ***,CDFG1251002002000228,3000000,,"서울특별시 종로구 종로**길 **  (숭인동,계명빌딩 ***)",,03,폐업,,,,,0,0
,도서출판 고시북스,2002-12-30,198852.959716775,452253.942584507,출판인쇄업,출판사,2026-05-01 22:45:15,I,03,폐업,,0,0,2003-02-07 09:13:27,,2002-12-02,110-320,서울특별시 종로구 낙원동 ***-*,CDFG1251002002000233,3000000,,서울특별시 종로구 삼일대로 ***  (낙원동),,03,폐업,,,,,0,0
,전주이씨역사편찬회,2009-12-09,196519.116484177,452184.708830833,출판인쇄업,출판사,2026-05-01 22:45:15,I,03,폐업,,0,0,2009-12-09 16:00:00,,2002-12-10,110-090,서울특별시 종로구 교북동 **-* 부귀빌딩 ***호,CDFG1251002002000238,3000000,,"서울특별시 종로구 송월길 ***  (교북동,부귀빌딩 ***호)",,03,폐업,,,,,0,0
,진리와 생명사,2005-01-21,200072.378101828,452291.689518232,출판인쇄업,출판사,2026-05-01 22:45:15,I,03,폐업,,,,2005-04-08 09:29:28,,2002-12-10,110-736,서울특별시 종로구 연지동 ***-** 한국기독교회관 ****호,CDFG1251002002000239,3000000,,"서울특별시 종로구 대학로 **  (연지동,한국기독교회관 ****호)",,03,폐업,,,,02-993-0224,,
,프로무지카,2020-12-20,197468.168696215,456189.238988189,출판인쇄업,출판사,2026-05-01 22:45:15,I,03,폐업,,0,0,2022-05-19 09:56:56,,2002-12-17,110-846,서울특별시 종로구 평창동 ***-**,CDFG1251002002000243,3000000,,서울특별시 종로구 평창문화로 *** (평창동),,03,폐업,,,,,0,0
,주)라이센스미디어(),2003-06-24,198952.501606235,452729.319337378,출판인쇄업,출판사,2026-05-01 22:45:16,I,03,폐업,,,,2003-06-24 15:28:02,,2002-12-28,110-742,서울특별시 종로구 운니동 **-* 삼환빌딩 *층,CDFG1251002002000247,3000000,,"서울특별시 종로구 율곡로 **  (운니동,삼환빌딩 *층)",,03,폐업,,,,,,
,KBS사우회연감편집부,2004-06-24,,,출판인쇄업,출판사,2026-05-01 22:45:16,I,03,폐업,,,,2004-06-24 11:01:19,,2002-12-31,110-054,서울특별시 종로구 사직동 ***-* 휘문빌딩 *층 ***호,CDFG1251002002000249,3000000,,,,03,폐업,,,,,,
,한생연과학정보출판사,2004-03-29,199731.545699965,454146.141993021,출판인쇄업,출판사,2026-05-01 22:45:16,I,03,폐업,,,,2004-03-29 10:19:50,,2002-12-31,110-521,서울특별시 종로구 명륜*가 *-* *층 ***호,CDFG1251002002000250,3000000,,"서울특별시 종로구 성균관로 **-*  (명륜*가,*층 ***호)",,03,폐업,,,,,,
,리틀어문각,2005-05-11,199860.299320295,452455.241995603,출판인쇄업,출판사,2026-05-01 22:45:16,I,03,폐업,,,,2005-05-11 10:40:11,,2002-11-11,110-470,서울특별시 종로구 연지동 *** 태암빌딩*층,CDFG1251002002000251,3000000,,"서울특별시 종로구 창경궁로**길 **  (연지동,태암빌딩*층)",,03,폐업,,,,02-2278-7404,,
,(주)한국스타에이지,2017-01-25,199933.543569824,453600.903598962,출판인쇄업,출판사,2026-05-01 22:45:16,I,03,폐업,,,,2017-01-25 16:39:14,,2002-11-08,110-522,서울특별시 종로구 명륜*가 *-* *층,CDFG1251002002000253,3000000,,"서울특별시 종로구 성균관로*길 ** (명륜*가,*층)",,03,폐업,,,,02-2266-1131,,
,법사연구원,2013-03-05,,,출판인쇄업,출판사,2026-05-01 22:45:16,I,03,폐업,,,,2013-03-05 16:56:25,,2002-01-21,110-102,서울특별시 종로구 평동 **-** 보성빌딩 *층,CDFG1251002002000257,3000000,,"서울특별시 종로구 경교장*길 *, *층 (평동, 보성빌딩)",,03,폐업,,,,02-739-0121,,
,에덴성서,2007-04-27,201939.317432918,452287.61931533,출판인쇄업,출판사,2026-05-01 22:45:16,I,03,폐업,,,,2007-04-27 14:21:17,,2003-01-08,110-829,서울특별시 종로구 숭인동 ****-* 대지빌딩 *층 ***호,CDFG1251002003000002,3000000,,"서울특별시 종로구 난계로**길 *  (숭인동,대지빌딩 *층 ***호)",,03,폐업,,,,,,
,영어아카데미,2006-02-08,198970.736456772,452534.45478172,출판인쇄업,출판사,2026-05-01 22:45:16,I,03,폐업,,,,2006-02-08 14:16:20,,2003-01-13,110-340,서울특별시 종로구 익선동 **-* 운현신화타워 ***-*호,CDFG1251002003000005,3000000,,"서울특별시 종로구 삼일대로**길 **  (익선동,운현신화타워 ***-*호)",,03,폐업,,,,,,
,노인복지.새생활,2004-12-17,197447.721469631,453242.701582215,출판인쇄업,출판사,2026-05-01 22:45:16,I,03,폐업,,,,2004-12-17 11:07:08,,2003-01-27,110-034,서울특별시 종로구 창성동 **-* *층,CDFG1251002003000011,3000000,,"서울특별시 종로구 자하문로**길 *  (창성동,*층)",,03,폐업,,,,,,
,엠아이에스,2003-02-24,201850.462764525,452407.508781009,출판인쇄업,출판사,2026-05-01 22:45:16,I,03,폐업,,,,2003-02-24 14:51:34,,2003-02-03,110-825,서울특별시 종로구 숭인동 ***-** 계명빌딩 ***호,CDFG1251002003000017,3000000,,"서울특별시 종로구 종로**길 **  (숭인동,계명빌딩 ***호)",,03,폐업,,,,22348207,,
,도서출판 무녀리,2005-06-21,,,출판인쇄업,출판사,2026-05-01 22:45:16,I,03,폐업,,,,2005-06-21 17:39:54,,2003-02-11,110-121,서울특별시 종로구 종로*가 ** 서울빌딩 ***호,CDFG1251002003000023,3000000,,,,03,폐업,,,,,,
,초석,2009-03-19,197253.631476062,453156.193089457,출판인쇄업,출판사,2026-05-01 22:45:16,I,03,폐업,,,,2009-03-20 09:10:23,,2003-02-14,110-043,서울특별시 종로구 통인동 **-*,CDFG1251002003000025,3000000,,,,03,폐업,,,,,,
,Fodo press,2003-08-20,200046.222192728,452942.449146953,출판인쇄업,출판사,2026-05-01 22:45:16,I,03,폐업,,,,2003-08-20 14:45:02,,2003-02-14,110-460,서울특별시 종로구 연건동 ** ***호,CDFG1251002003000026,3000000,,"서울특별시 종로구 대학로*가길 **  (연건동,***호)",,03,폐업,,,,36728665,,
,엔미디어텍,2005-01-27,198691.799418788,452546.547645387,출판인쇄업,출판사,2026-05-01 22:45:16,I,03,폐업,,,,2005-04-08 09:27:24,,2003-02-17,110-310,서울특별시 종로구 경운동 ** 수운회관 **층 ****호,CDFG1251002003000029,3000000,,"서울특별시 종로구 삼일대로 ***  (경운동,수운회관 **층 ****호)",,03,폐업,,,,,,
,도서출판 북토피아,2008-09-03,201939.317432918,452287.61931533,출판인쇄업,출판사,2026-05-01 22:45:16,I,03,폐업,,,,2008-09-03 11:49:00,,2003-02-20,110-829,서울특별시 종로구 숭인동 **** 대지빌딩***호,CDFG1251002003000031,3000000,,"서울특별시 종로구 난계로**길 *  (숭인동,대지빌딩***호)",,03,폐업,,,,22360654,,
,사대문,2015-03-10,198690.658978281,452665.844737685,출판인쇄업,출판사,2026-05-01 22:45:16,I,03,폐업,,,,2015-03-10 13:26:09,,2003-02-27,110-310,서울특별시 종로구 경운동 **-* 서원빌딩 **층,CDFG1251002003000039,3000000,,"서울특별시 종로구 삼일대로 *** (경운동,서원빌딩 **층)",,03,폐업,,,,02-741-3812,,
,(주)와이비엠교육,2025-03-21,199761.062396833,452253.74185427,출판인쇄업,출판사,2026-05-01 22:45:16,I,03,폐업,,,,2025-03-24 17:31:45,,2003-03-04,110-410,서울특별시 종로구 인의동 **-*,CDFG1251002003000042,3000000,,서울특별시 종로구 창경궁로 ***-* (인의동),,03,폐업,,,,02-2260-4424,,
,컬쳐리터러시,2005-03-18,196839.222451889,454548.845015637,출판인쇄업,출판사,2026-05-01 22:45:16,I,03,폐업,,,,2005-03-21 13:53:45,,2003-03-10,110-817,서울특별시 종로구 부암동 ***-*,CDFG1251002003000043,3000000,,서울특별시 종로구 백석동길 **-**  (부암동),,03,폐업,,,,,,
,책과 소리,2010-06-23,197353.863104086,453189.841876303,출판인쇄업,출판사,2026-05-01 22:45:16,I,03,폐업,,,,2010-06-23 15:07:03,,2003-03-17,110-043,서울특별시 종로구 통인동 *-* 효자상가 ***호,CDFG1251002003000047,3000000,,"서울특별시 종로구 자하문로 **  (통인동,효자상가 ***호)",,03,폐업,,,,,,
,도서출판 경외,2021-06-30,198713.721333434,452278.103938912,출판인쇄업,출판사,2026-05-01 22:45:17,I,03,폐업,,,,2024-06-03 16:24:43,,2003-03-20,110-290,서울특별시 종로구 인사동 *** 동일빌딩 ***호,CDFG1251002003000049,3000000,,"서울특별시 종로구 인사동길 ** (인사동,동일빌딩 ***호)",,03,폐업,,,,,,
,(주)성원엔터테인먼트(),2009-03-23,,,출판인쇄업,출판사,2026-05-01 22:45:17,I,03,폐업,,,,2009-03-23 17:46:54,,2003-03-22,110-091,서울특별시 종로구 행촌동 **-* 일성빌딩 *층,CDFG1251002003000050,3000000,,"서울특별시 종로구 송월길 ***-*  (행촌동,일성빌딩 *층)",,03,폐업,,,,,,
,Joy & Pleasure,2003-10-24,196819.187467995,455904.81832977,출판인쇄업,출판사,2026-05-01 22:45:17,I,03,폐업,,,,2003-10-24 12:50:04,,2003-03-24,110-847,서울특별시 종로구 평창동 ***-* ***호,CDFG1251002003000052,3000000,,"서울특별시 종로구 평창길 *  (평창동,***호)",,03,폐업,,,,,,
,논리속독아카데미,2005-01-26,196039.898715973,456210.659511411,출판인쇄업,출판사,2026-05-01 22:45:17,I,03,폐업,,,,2005-04-08 09:24:19,,2003-03-28,110-803,서울특별시 종로구 구기동 ***-* ***호,CDFG1251002003000054,3000000,,"서울특별시 종로구 진흥로 ***-*  (구기동,***호)",,03,폐업,,,,,,
,한국인재개발교육원,2007-01-16,,,출판인쇄업,출판사,2026-05-01 22:45:17,I,03,폐업,,,,2007-01-16 15:52:58,,2003-03-31,110-121,서울특별시 종로구 종로*가 ** 서울빌딩 ****호,CDFG1251002003000055,3000000,,,,03,폐업,,,,,,
,(주)건축과사회(),2003-12-29,,,출판인쇄업,출판사,2026-05-01 22:45:17,I,03,폐업,,,,2003-12-29 16:23:20,,2003-03-31,110-054,서울특별시 종로구 사직동 ***-* 고려빌딩 *층,CDFG1251002003000057,3000000,,,,03,폐업,,,,,,
,고시고시출판사,2007-04-26,201694.056858134,452332.17198032,출판인쇄업,출판사,2026-05-01 22:45:17,I,03,폐업,,,,2007-04-26 15:05:31,,2003-04-03,110-826,서울특별시 종로구 숭인동 ***-** 영화빌딩 *층*호,CDFG1251002003000060,3000000,,"서울특별시 종로구 종로**가길 **  (숭인동,영화빌딩 *층*호)",,03,폐업,,,,22319294,,
,시학,2010-08-06,199834.019620523,453804.550468898,출판인쇄업,출판사,2026-05-01 22:45:17,I,03,폐업,,,,2010-08-06 14:18:29,,2003-04-03,110-521,서울특별시 종로구 명륜*가 **,CDFG1251002003000061,3000000,,서울특별시 종로구 혜화로*가길 *  (명륜*가),,03,폐업,,,,,,
,로터스,2012-09-11,198359.183940535,452292.493611602,출판인쇄업,출판사,2026-05-01 22:45:17,I,03,폐업,,,,2012-09-11 16:10:51,,2003-04-14,110-140,서울특별시 종로구 수송동 **-** *층,CDFG1251002003000072,3000000,,"서울특별시 종로구 우정국로 **-**  (수송동,*층)",,03,폐업,,,,,,
,눈디자인,2004-02-20,201909.772206626,452439.673215542,출판인쇄업,출판사,2026-05-01 22:45:17,I,03,폐업,,,,2004-02-20 16:50:04,,2003-04-18,110-829,서울특별시 종로구 숭인동 **** 삼성빌딩 ***호,CDFG1251002003000076,3000000,,"서울특별시 종로구 난계로**가길 *  (숭인동,삼성빌딩 ***호)",,03,폐업,,,,22327413,,
,도서출판 바나리,2004-03-22,198691.799418788,452546.547645387,출판인쇄업,출판사,2026-05-01 22:45:17,I,03,폐업,,,,2004-03-22 13:44:05,,2003-04-21,110-310,서울특별시 종로구 경운동 ** 수운회관 ***호,CDFG1251002003000078,3000000,,"서울특별시 종로구 삼일대로 ***  (경운동,수운회관 ***호)",,03,폐업,,,,32102634,,
,재미누리,2021-11-26,198691.799418788,452546.547645387,출판인쇄업,출판사,2026-05-01 22:45:17,I,03,폐업,,,,2021-11-29 14:55:47,,2003-05-02,,서울특별시 종로구 경운동 ** ****호,CDFG1251002003000081,3000000,,"서울특별시 종로구 삼일대로 ***, ****호 (경운동, 수운회관)",03147,03,폐업,,,,,,
,RAS-KB,2011-11-30,200072.378101828,452291.689518232,출판인쇄업,출판사,2026-05-01 22:45:17,I,03,폐업,,,,2011-11-30 17:10:03,,2003-05-06,110-736,서울특별시 종로구 연지동 ***-** 한국기독교회관 ***호,CDFG1251002003000083,3000000,,"서울특별시 종로구 대학로 **  (연지동,한국기독교회관 ***호)",,03,폐업,,,,,,
,(주)초이스인코포레이티드(),2005-01-26,198588.08215777,453426.507984423,출판인쇄업,출판사,2026-05-01 22:45:17,I,03,폐업,,,,2005-04-08 09:27:52,,2003-05-06,110-260,서울특별시 종로구 가회동 *-* 작은빌딩 *층*호,CDFG1251002003000084,3000000,,"서울특별시 종로구 북촌로 **  (가회동,작은빌딩 *층*호)",,03,폐업,,,,36762464,,
,석경미술,2007-12-28,198760.019856864,452311.826507649,출판인쇄업,출판사,2026-05-01 22:45:17,I,03,폐업,,,,2007-12-28 14:40:02,,2003-05-12,110-320,서울특별시 종로구 낙원동 ***-** *층,CDFG1251002003000088,3000000,,"서울특별시 종로구 인사동*길 *  (낙원동,*층)",,03,폐업,,,,,,
,반디북,2014-08-19,198580.902409926,452280.593583243,출판인쇄업,출판사,2026-05-01 22:45:17,I,03,폐업,,,,2014-08-19 14:07:18,,2003-05-15,110-300,서울특별시 종로구 관훈동 ***-** 남도빌딩 *층,CDFG1251002003000091,3000000,,"서울특별시 종로구 인사동*길 ** (관훈동,남도빌딩 *층)",,03,폐업,,,,,,
,지식네트(주)(),2004-07-01,197259.635170764,452962.542556332,출판인쇄업,출판사,2026-05-01 22:45:17,I,03,폐업,,,,2004-07-01 14:59:48,,2003-05-20,110-045,서울특별시 종로구 체부동 *** *층,CDFG1251002003000093,3000000,,"서울특별시 종로구 자하문로*가길 **  (체부동,*층)",,03,폐업,,,,32102631,,
,도서출판 현,2015-03-24,197782.622849854,456220.012148299,출판인쇄업,출판사,2026-05-01 22:45:17,I,03,폐업,,,,2015-03-24 13:06:42,,2003-05-20,110-846,서울특별시 종로구 평창동 **-* 상가 ***호,CDFG1251002003000095,3000000,,"서울특별시 종로구 평창**길 ** (평창동,상가 ***호)",,03,폐업,,,,,,
,초록모자,2004-02-26,198624.006469032,452310.752960617,출판인쇄업,출판사,2026-05-01 22:45:17,I,03,폐업,,,,2004-02-26 10:07:39,,2003-05-28,110-718,서울특별시 종로구 관훈동 ***-** 백상빌딩 *층,CDFG1251002003000099,3000000,,"서울특별시 종로구 인사동*길 **  (관훈동,백상빌딩 *층)",,03,폐업,,,,,,
,(주)조은커뮤니티(),2008-02-04,200398.520899871,452811.255324315,출판인쇄업,출판사,2026-05-01 22:45:17,I,03,폐업,,,,2008-02-04 18:03:57,,2003-06-05,110-500,서울특별시 종로구 이화동 *-** 세은빌딩 *층,CDFG1251002003000102,3000000,,"서울특별시 종로구 이화장*길 **  (이화동,세은빌딩 *층)",,03,폐업,,,,36752121,,
,(주)한국대체의학자격검정관리총연합(),2007-01-18,200072.378101828,452291.689518232,출판인쇄업,출판사,2026-05-01 22:45:17,I,03,폐업,,,,2007-01-18 13:53:48,,2003-06-09,110-736,서울특별시 종로구 연지동 ***-** 한국기독교회관 ***호,CDFG1251002003000103,3000000,,"서울특별시 종로구 대학로 **  (연지동,한국기독교회관 ***호)",,03,폐업,,,,,,
,한국뜨락문학사,2005-06-20,199042.72412071,451834.553171381,출판인쇄업,출판사,2026-05-01 22:45:18,I,03,폐업,,,,2017-03-30 13:12:25,,2003-06-11,110-420,서울특별시 종로구 관수동 ***-* *층,CDFG1251002003000109,3000000,,"서울특별시 종로구 수표로 **-*, *층 (관수동)",,03,폐업,,,,22637719,,
,(주)도서출판 홍진기획(),2003-07-15,200398.520899871,452811.255324315,출판인쇄업,출판사,2026-05-01 22:45:18,I,03,폐업,,,,2003-07-15 10:29:57,,2003-06-13,110-500,서울특별시 종로구 이화동 *-** 세은빌딩 *층,CDFG1251002003000111,3000000,,"서울특별시 종로구 이화장*길 **  (이화동,세은빌딩 *층)",,03,폐업,,,,,,
,개미들출판사-에셀문화사,2003-07-28,199729.031420096,453478.70102562,출판인쇄업,출판사,2026-05-01 22:45:18,I,03,폐업,,,,2003-07-28 13:22:26,,2003-06-16,110-812,서울특별시 종로구 명륜*가 *** *층,CDFG1251002003000112,3000000,,"서울특별시 종로구 성균관로*길 *  (명륜*가,*층)",,03,폐업,,,,,,
,랭귀지타운,2007-01-24,201926.215502116,452642.472322987,출판인쇄업,출판사,2026-05-01 22:45:29,I,03,폐업,,,,2007-01-24 14:08:12,,2005-09-29,110-827,서울특별시 종로구 숭인동 **** 동보빌딩*층 ***호,CDFG1251002005000167,3000000,,"서울특별시 종로구 종로 ***,  ***호 (숭인동,동보빌딩*층)",,03,폐업,,,,02-925-0601,,
,이클라세,2011-08-11,199781.667014204,453645.757969136,출판인쇄업,출판사,2026-05-01 22:45:29,I,03,폐업,,,,2011-08-11 17:14:25,,2005-10-05,110-522,서울특별시 종로구 명륜*가 ** 두리빌딩 ***호,CDFG1251002005000169,3000000,,,,03,폐업,,,,02-741-0536,,
,도화서 圖畵署,2006-05-12,198764.421100726,452444.945258743,출판인쇄업,출판사,2026-05-01 22:45:29,I,03,폐업,,,,2006-05-12 15:10:07,,2005-10-07,110-310,서울특별시 종로구 경운동 **-* 이양원빌딩 *층*호,CDFG1251002005000170,3000000,,"서울특별시 종로구 삼일대로 ***  (경운동,이양원빌딩 *층*호)",,03,폐업,,,,02-739-1291,,
,정수출판사,2013-09-17,198614.61995563,451842.501561085,출판인쇄업,출판사,2026-05-01 22:45:29,I,03,폐업,,,,2013-09-17 14:34:53,,2005-10-26,110-111,서울특별시 종로구 관철동 *** 종로*번가빌딩 ***호,CDFG1251002005000182,3000000,,"서울특별시 종로구 청계천로 **,  ***호 (관철동,종로*번가빌딩)",,03,폐업,,,,02-723-2968,,
,데모스코리아,2006-11-02,196092.743907822,456198.595931715,출판인쇄업,출판사,2026-05-01 22:45:29,I,03,폐업,,,,2006-11-03 08:54:57,,2005-11-08,110-803,서울특별시 종로구 구기동 ***-* 쉐레이오피스텔 ***호,CDFG1251002005000187,3000000,,"서울특별시 종로구 진흥로 ***,  ***호 (구기동,쉐레이오피스텔)",,03,폐업,,,,,,
,(주)타라 티.피.에스,2007-10-19,198324.653631679,452252.812389497,출판인쇄업,출판사,2026-05-01 22:45:29,I,03,폐업,,,,2007-10-19 09:00:14,,2005-11-08,110-858,서울특별시 종로구 수송동 ** 두산위브파빌리온오피스텔 ***호,CDFG1251002005000188,3000000,,"서울특별시 종로구 삼봉로 **,  ***호 (수송동,두산위브파빌리온오피스텔)",,03,폐업,,,,02-723-1835,,
,도서출판 푸른낙타,2006-04-05,197567.747824202,452347.973860449,출판인쇄업,출판사,2026-05-01 22:45:29,I,03,폐업,,,,2006-04-05 10:37:54,,2005-11-11,110-070,서울특별시 종로구 내수동 ** 용비어천가 ****호,CDFG1251002005000191,3000000,,"서울특별시 종로구 새문안로*길 **,  ****호 (내수동,용비어천가)",,03,폐업,,,,02-730-1043,,
,닥터필로스,2016-01-27,199997.299849296,453770.207439777,출판인쇄업,출판사,2026-05-01 22:45:29,I,03,폐업,,,,2016-01-27 13:17:21,,2005-11-22,110-530,서울특별시 종로구 혜화동 ***-* 산곡빌딩,CDFG1251002005000197,3000000,,"서울특별시 종로구 혜화로 * (혜화동,산곡빌딩)",,03,폐업,,,,02-3675-4960,,
,메타플러스,2007-05-22,197940.255576478,456891.311065672,출판인쇄업,출판사,2026-05-01 22:45:29,I,03,폐업,,,,2007-05-23 10:59:48,,2005-12-02,110-848,서울특별시 종로구 평창동 ***-*,CDFG1251002005000200,3000000,,서울특별시 종로구 평창길 ***  (평창동),,03,폐업,,,,,,
,패스타임,2007-08-21,198913.496136105,452416.170780139,출판인쇄업,출판사,2026-05-01 22:45:29,I,03,폐업,,,,2007-08-21 10:03:43,,2005-12-06,110-320,서울특별시 종로구 낙원동 **-* 종로오피스텔 ***호,CDFG1251002005000205,3000000,,"서울특별시 종로구 삼일대로**길 **,  ***호 (낙원동,종로오피스텔)",,03,폐업,,,,02-741-3761,,
,(주)비채코리아북스,2015-03-17,198580.622075851,453350.537083412,출판인쇄업,출판사,2026-05-01 22:45:29,I,03,폐업,,,,2015-03-17 13:32:17,,2005-12-20,110-260,서울특별시 종로구 가회동 **,CDFG1251002005000212,3000000,,서울특별시 종로구 북촌로 **-* (가회동),,03,폐업,,,,02-745-4823,,
,칼빈아카데미,2007-11-06,199016.684328854,452696.30668647,출판인쇄업,출판사,2026-05-01 22:45:29,I,03,폐업,,,,2007-11-06 16:47:08,,2005-12-23,110-350,서울특별시 종로구 운니동 ** ***호,CDFG1251002005000213,3000000,,"서울특별시 종로구 율곡로*길 **-*,  ***호 (운니동)",,03,폐업,,,,02-762-9120,,
,EU프로그램,2007-03-13,198624.006469032,452310.752960617,출판인쇄업,출판사,2026-05-01 22:45:29,I,03,폐업,,,,2007-03-13 14:56:23,,2005-12-26,110-718,서울특별시 종로구 관훈동 ***-** 백상빌딩**층,CDFG1251002005000214,3000000,,"서울특별시 종로구 인사동*길 **  (관훈동,백상빌딩**층)",,03,폐업,,,,02-3210-2655,,
,도서출판 육서당,2006-09-11,198324.653631679,452252.812389497,출판인쇄업,출판사,2026-05-01 22:45:30,I,03,폐업,,,,2006-09-12 17:05:45,,2006-01-03,110-858,서울특별시 종로구 수송동 ** 두산위브파빌리온 ***호,CDFG1251002006000003,3000000,,"서울특별시 종로구 삼봉로 **,  ***호 (수송동,두산위브파빌리온)",,03,폐업,,,,02-722-4842,,
,새연미디어,2007-03-20,196208.834186531,456043.018048159,출판인쇄업,출판사,2026-05-01 22:45:30,I,03,폐업,,,,2007-03-20 17:33:27,,2006-01-06,110-803,서울특별시 종로구 구기동 ** 약산빌라 다동 ***호,CDFG1251002006000006,3000000,,"서울특별시 종로구 진흥로 ***-*, 다동 ***호 (구기동,약산빌라)",,03,폐업,,,,02-379-7486,,
,풀로엮은집,2007-12-17,,,출판인쇄업,출판사,2026-05-01 22:45:30,I,03,폐업,,,,2007-12-17 14:38:46,,2006-01-16,110-062,서울특별시 종로구 신문로*가 *** *층,CDFG1251002006000011,3000000,,,,03,폐업,,,,02-720-0306,,
,국자감,2008-03-24,197273.428725179,452670.055378124,출판인쇄업,출판사,2026-05-01 22:45:30,I,03,폐업,,,,2008-03-24 18:03:44,,2006-01-24,110-044,서울특별시 종로구 필운동 *** *층,CDFG1251002006000012,3000000,,"서울특별시 종로구 사직로 ***  (필운동,*층)",,03,폐업,,,,02-738-3174,,
,지구문학,2024-09-19,198960.202521084,452071.580317103,출판인쇄업,출판사,2026-05-01 22:45:30,I,03,폐업,,,,2024-09-19 13:32:46,,2006-01-26,110-122,서울특별시 종로구 종로*가 ** 뉴파고다빌딩 ***호,CDFG1251002006000013,3000000,,"서울특별시 종로구 종로**길 **,  ***호 (종로*가,뉴파고다빌딩)",,03,폐업,,,,02-764-9679,,
,금빛서원,2006-08-24,198658.943470079,452604.254902527,출판인쇄업,출판사,2026-05-01 22:45:30,I,03,폐업,,,,2006-08-24 11:20:53,,2006-02-14,110-776,서울특별시 종로구 경운동 **-* SK허브 A동 ***호,CDFG1251002006000018,3000000,,"서울특별시 종로구 삼일대로 ***, A동 ***호 (경운동,SK허브)",,03,폐업,,,,02-737-3390,,
,성문,2010-11-30,197235.601597011,452604.098418456,출판인쇄업,출판사,2026-05-01 22:45:30,I,03,폐업,,,,2010-11-30 14:42:57,,2006-02-28,110-044,서울특별시 종로구 필운동 ***-* 파크뷰 ***호,CDFG1251002006000022,3000000,,"서울특별시 종로구 사직로 **,  ***호 (필운동,파크뷰)",,03,폐업,,,,,,
,콘앤콘,2013-08-31,196092.743907822,456198.595931715,출판인쇄업,출판사,2026-05-01 22:45:31,I,03,폐업,,,,2013-09-05 14:28:37,,2006-03-10,110-803,서울특별시 종로구 구기동 ***-* 요진오피스텔쉐례이 ***호,CDFG1251002006000024,3000000,,"서울특별시 종로구 진흥로 ***,  ***호 (구기동,요진오피스텔쉐례이)",,03,폐업,,,,02-722-7461,,
,뮤즈코리아(MuseKorea),2013-08-02,201408.040888565,452183.68986954,출판인쇄업,출판사,2026-05-01 22:45:31,I,03,폐업,,,,2013-08-02 13:42:13,,2006-03-15,110-826,서울특별시 종로구 숭인동 ***-**,CDFG1251002006000027,3000000,,서울특별시 종로구 종로**길 **  (숭인동),,03,폐업,,,,02-2236-4142,,
,골드룩,2006-06-13,199316.292376668,452197.540143506,출판인쇄업,출판사,2026-05-01 22:45:31,I,03,폐업,,,,2006-06-13 15:21:15,,2006-03-27,110-390,서울특별시 종로구 봉익동 ***-* 영동빌딩 ***호,CDFG1251002006000033,3000000,,"서울특별시 종로구 돈화문로*나길 **,  ***호 (봉익동,영동빌딩)",,03,폐업,,,,02-764-5031,,
,도서출판 서원,2006-04-14,201829.035795992,452406.943520468,출판인쇄업,출판사,2026-05-01 22:45:31,I,03,폐업,,,,2006-04-14 18:15:38,,2006-03-28,110-825,서울특별시 종로구 숭인동 ***-* 미도빌딩 ***호,CDFG1251002006000035,3000000,,"서울특별시 종로구 난계로**길 **,  ***호 (숭인동,미도빌딩)",,03,폐업,,,,,,
,스톤헨지,2011-07-29,197487.622049589,452071.534763593,출판인쇄업,출판사,2026-05-01 22:45:31,I,03,폐업,,,,2011-07-29 15:59:22,,2006-04-07,110-061,서울특별시 종로구 신문로*가 **-** 한글회관 ***호,CDFG1251002006000038,3000000,,"서울특별시 종로구 새문안로*길 *,  ***호 (신문로*가,한글회관)",,03,폐업,,,,02-720-1909,,
,마이쌤,2012-07-31,198324.653631679,452252.812389497,출판인쇄업,출판사,2026-05-01 22:45:31,I,03,폐업,,,,2012-07-31 20:38:32,,2006-04-13,110-858,서울특별시 종로구 수송동 ** 두산위브파빌리온 ***호,CDFG1251002006000042,3000000,,"서울특별시 종로구 삼봉로 **,  ***호 (수송동,두산위브파빌리온)",,03,폐업,,,,,,
,북피쉬,2008-02-22,,,출판인쇄업,출판사,2026-05-01 22:45:31,I,03,폐업,,19.8,2,2008-02-22 12:14:09,,2006-04-14,110-090,서울특별시 종로구 교북동 **-*,CDFG1251002006000043,3000000,,서울특별시 종로구 통일로 ***-*  (교북동),,03,폐업,,,,,,
,유아토피아(주),2010-04-07,197399.864049474,453265.784942444,출판인쇄업,출판사,2026-05-01 22:45:31,I,03,폐업,,,,2010-04-07 16:58:26,,2006-04-14,110-033,서울특별시 종로구 효자동 ** 미래한국재단서울분소 *층,CDFG1251002006000046,3000000,,"서울특별시 종로구 자하문로**길 *  (효자동,미래한국재단서울분소 *층)",,03,폐업,,,,,,
,한국어 중심,2013-12-20,,,출판인쇄업,출판사,2026-05-01 22:45:31,I,03,폐업,,,,2013-12-20 15:51:31,,2006-05-15,110-835,서울특별시 종로구 종로*가 **-* 효제빌딩 ***호,CDFG1251002006000057,3000000,,,,03,폐업,,,,,,
,미술출판 도화서,2007-10-04,198764.421100726,452444.945258743,출판인쇄업,출판사,2026-05-01 22:45:31,I,03,폐업,,,,2007-10-04 17:12:24,,2006-05-16,110-310,서울특별시 종로구 경운동 **-* 이양원빌딩 ***호,CDFG1251002006000058,3000000,,"서울특별시 종로구 삼일대로 ***,  ***호 (경운동,이양원빌딩)",,03,폐업,,,,,,
,숲속,2020-08-12,201840.791038815,452421.333601368,출판인쇄업,출판사,2026-05-01 22:45:35,I,03,폐업,,,,2020-08-12 16:01:42,,2006-05-29,110-825,서울특별시 종로구 숭인동 ***-** 동광빌딩 ***호,CDFG1251002006000068,3000000,,"서울특별시 종로구 난계로**길 **  (숭인동,동광빌딩 ***호)",,03,폐업,,,,22364182,,
,이화문화출판사,2007-10-25,198624.006469032,452310.752960617,출판인쇄업,출판사,2026-05-01 22:45:35,I,03,폐업,,,,2007-10-25 15:07:09,,2006-05-29,110-718,서울특별시 종로구 관훈동 ***-** 백상빌딩 *층,CDFG1251002006000069,3000000,,"서울특별시 종로구 인사동*길 **  (관훈동,백상빌딩 *층)",,03,폐업,,,,,,
,도서출판 촛불,2023-12-14,200498.453908075,452894.092028708,출판인쇄업,출판사,2026-05-01 22:45:35,I,03,폐업,,,,2024-03-20 09:48:29,,2006-06-08,110-500,서울특별시 종로구 이화동 * 생활관 *층,CDFG1251002006000076,3000000,,"서울특별시 종로구 이화장*길 ** (이화동,생활관 *층)",,03,폐업,,,,,,
,도서출판 미래와 사람,2009-05-12,198503.329082237,452297.556997868,출판인쇄업,출판사,2026-05-01 22:45:35,I,03,폐업,,,,2009-05-12 15:53:28,,2006-06-12,,서울특별시 종로구 견지동 **-* (*층),CDFG1251002006000078,3000000,,"서울특별시 종로구 인사동*길 **  (견지동,(*층))",,03,폐업,,,,,,
,(주)씨인스출판사업부 아르테,2012-11-29,197567.93800572,452276.454633376,출판인쇄업,출판사,2026-05-01 22:45:35,I,03,폐업,,,,2012-11-29 18:00:23,,2006-06-15,110-719,서울특별시 종로구 내수동 *** 대우빌딩 사무동 ****호,CDFG1251002006000080,3000000,,"서울특별시 종로구 새문안로*길 **,  ****호 (내수동,대우빌딩 사무동)",,03,폐업,,,,,,
,엔피스,2007-01-11,198062.887604585,451944.499629593,출판인쇄업,출판사,2026-05-01 22:45:35,I,03,폐업,,,,2007-01-11 11:01:36,,2006-06-16,110-110,서울특별시 종로구 서린동 *** 서울센추럴빌딩 지하*층**호,CDFG1251002006000082,3000000,,"서울특별시 종로구 종로 **  (서린동,서울센추럴빌딩 지하*층**호)",,03,폐업,,,,,,
,(주)대한민국장례문화원출판부,2023-09-22,198324.653631679,452252.812389497,출판인쇄업,출판사,2026-05-01 22:45:35,I,03,폐업,,,,2023-09-22 17:59:33,,2006-07-03,,서울특별시 종로구 수송동 ** 두산위브파빌리온,CDFG1251002006000091,3000000,,"서울특별시 종로구 삼봉로 **, 두산위브파빌리온 ***호 (수송동)",03150,03,폐업,,,,02-734-4444,,
,논리와 상상,2017-11-14,196693.095370026,455371.728904663,출판인쇄업,출판사,2026-05-01 22:45:35,I,03,폐업,,,,2017-11-14 14:19:01,,2006-06-30,,서울특별시 종로구 신영동 ***-* 지하 ***호,CDFG1251002006000092,3000000,,"서울특별시 종로구 세검정로*길 ** (신영동,지하 ***호)",,03,폐업,,,,,,
,시가있는 풍경,2009-09-02,199792.423824767,454167.977891264,출판인쇄업,출판사,2026-05-01 22:45:35,I,03,폐업,,,,2009-09-02 14:20:05,,2006-07-04,110-521,서울특별시 종로구 명륜*가 **-* 지층,CDFG1251002006000093,3000000,,"서울특별시 종로구 성균관로 **  (명륜*가,지층)",,03,폐업,,,,,,
,(도)한국여성지도자 명감 편찬위원회,2020-05-13,197559.791065754,452388.315239125,출판인쇄업,출판사,2026-05-01 22:45:35,I,03,폐업,,,,2022-05-19 09:57:32,,2000-03-07,110-070,서울특별시 종로구 내수동 ** 광화문시대 ***호,CDFG1251002006000094,3000000,,"서울특별시 종로구 사직로*길 **, ***호 (내수동,광화문시대)",,03,폐업,,,,02-736-2011,,
,국제대경,2019-11-15,196889.024249466,456034.913921726,출판인쇄업,출판사,2026-05-01 22:45:35,I,03,폐업,,,,2019-11-19 14:01:44,,2006-07-06,110-847,서울특별시 종로구 평창동 ***-* ***호,CDFG1251002006000095,3000000,,"서울특별시 종로구 평창**길 *-*, ***호 (평창동)",,03,폐업,,,,62636266,,
,검밝,2022-06-13,198970.736456772,452534.45478172,출판인쇄업,출판사,2026-05-01 22:45:35,I,03,폐업,,,,2022-06-13 15:08:50,,2006-07-10,110-340,서울특별시 종로구 익선동 **-* 신화타워 ***호,CDFG1251002006000096,3000000,,"서울특별시 종로구 삼일대로**길 **,  ***호 (익선동,신화타워)",,03,폐업,,,,,,
,종사모,2007-05-21,198933.028114101,452166.630881409,출판인쇄업,출판사,2026-05-01 22:45:35,I,03,폐업,,,,2007-05-21 13:56:01,,2006-07-10,110-320,서울특별시 종로구 낙원동 ***-* (*층),CDFG1251002006000098,3000000,,"서울특별시 종로구 종로**길 **  (낙원동,(*층))",,03,폐업,,,,,,
,도서출판 재원,2024-12-02,196568.760363565,455788.555674163,출판인쇄업,출판사,2026-05-01 22:45:35,I,03,폐업,,,,2024-12-02 16:39:36,,2006-07-11,,서울특별시 종로구 신영동 **-*,CDFG1251002006000100,3000000,,서울특별시 종로구 진흥로 ***-*  (신영동),,03,폐업,,,,,,
,한국색채전문교육학원,2015-09-18,198643.543485167,452199.798612424,출판인쇄업,출판사,2026-05-01 22:45:35,I,03,폐업,,,,2015-09-18 17:44:56,,2006-07-19,110-794,서울특별시 종로구 인사동 ***-* 하나로빌딩 ****호,CDFG1251002006000102,3000000,,"서울특별시 종로구 인사동*길 **, ****호 (인사동,하나로빌딩)",,03,폐업,,,,,,
,그린비전(Green Vision),2013-10-02,198150.300374121,452019.212642931,출판인쇄업,출판사,2026-05-01 22:45:36,I,03,폐업,,,,2013-10-02 13:39:00,,2006-08-14,110-121,서울특별시 종로구 종로*가 ** 르메이에르  *층 ***호,CDFG1251002006000110,3000000,,"서울특별시 종로구 종로 **,  ***호 (종로*가,르메이에르  *층)",,03,폐업,,,,02-722-3118,,
,(주)공평학원,2015-04-28,198502.872319959,451859.966105804,출판인쇄업,출판사,2026-05-01 22:45:36,I,03,폐업,,,,2015-06-24 17:43:36,,2006-08-17,110-111,서울특별시 종로구 관철동 ***-* 대신빌딩 *층,CDFG1251002006000113,3000000,,"서울특별시 종로구 청계천로 ** (관철동,대신빌딩 *층)",,03,폐업,,,,,,
,퓨어웨이 픽쳐스,2007-01-22,196578.438801188,452129.33094623,출판인쇄업,출판사,2026-05-01 22:45:36,I,03,폐업,,,,2007-01-22 16:46:59,,2006-09-08,110-090,서울특별시 종로구 교북동 *** 동아아파트 상가 ***호,CDFG1251002006000123,3000000,,"서울특별시 종로구 송월길 ***,  ***호 (교북동,동아아파트 상가)",,03,폐업,,,,,,
,새움,2013-01-25,198022.285219979,456791.746166329,출판인쇄업,출판사,2026-05-01 22:45:36,I,03,폐업,,,,2013-01-25 15:57:50,,2006-09-06,110-848,서울특별시 종로구 평창동 ***-*,CDFG1251002006000126,3000000,,서울특별시 종로구 평창길 ***  (평창동),,03,폐업,,,,02-394-1037,,
,(주)항공리서치,2008-03-06,197662.503910553,452189.09236786,출판인쇄업,출판사,2026-05-01 22:45:36,I,03,폐업,,,,2008-03-06 14:56:45,,2006-09-18,110-721,서울특별시 종로구 당주동 * 로얄빌딩 **층,CDFG1251002006000129,3000000,,"서울특별시 종로구 새문안로*길 **  (당주동,로얄빌딩 **층)",,03,폐업,,,,,,
,도서출판 文彩,2007-08-27,200052.175262571,452499.903107886,출판인쇄업,출판사,2026-05-01 22:45:36,I,03,폐업,,,,2007-08-27 14:36:50,,2006-09-18,110-850,서울특별시 종로구 효제동 ** 반도오피스텔 *층 ***호,CDFG1251002006000130,3000000,,"서울특별시 종로구 창경궁로**길 **  (효제동,반도오피스텔 *층 ***호)",,03,폐업,,,,,,
,C&미디어,2009-06-02,198324.653631679,452252.812389497,출판인쇄업,출판사,2026-05-01 22:45:36,I,03,폐업,,,,2009-06-02 15:10:02,,2006-09-18,,서울특별시 종로구 수송동 ** 두산위브파빌리온 ****호,CDFG1251002006000131,3000000,,"서울특별시 종로구 삼봉로 **  (수송동,두산위브파빌리온 ****호)",,03,폐업,,,,32104424,,
,용화대 미륵선도,2006-12-29,197478.53747014,452259.334813912,출판인쇄업,출판사,2026-05-01 22:45:36,I,03,폐업,,,,2007-01-02 17:37:06,,2006-09-29,110-070,서울특별시 종로구 내수동 ** 경희궁의아침 *단지 오피스텔 ****호,CDFG1251002006000138,3000000,,"서울특별시 종로구 새문안로*길 **  (내수동,경희궁의아침 *단지 오피스텔 ****호)",,03,폐업,,,,,,
,2SEL(이에스이엘),2024-10-28,196816.996616302,455841.319603497,출판인쇄업,출판사,2026-05-01 22:45:36,I,03,폐업,,,,2024-10-29 14:01:16,,2006-10-11,110-847,서울특별시 종로구 평창동 ***-* 천지인오피스텔 ***호,CDFG1251002006000139,3000000,,"서울특별시 종로구 평창문화로 **  (평창동,천지인오피스텔 ***호)",,03,폐업,,,,,,
,(주)호평비에스에이,2017-12-31,197164.778125702,453198.210056668,출판인쇄업,출판사,2026-05-01 22:45:36,I,03,폐업,,,,2018-02-06 13:11:35,,2006-10-12,110-043,서울특별시 종로구 통인동 **-** *층호,CDFG1251002006000141,3000000,,"서울특별시 종로구 필운대로 **, *층호 (통인동)",,03,폐업,,,,02-725-9472,,
,워크이마,2013-01-17,197957.218990193,451945.548222505,출판인쇄업,출판사,2026-05-01 22:45:36,I,03,폐업,,,,2013-01-17 15:05:08,,2006-10-12,110-050,서울특별시 종로구 세종로 ***-* 일민미술관빌딩 *층,CDFG1251002006000142,3000000,,"서울특별시 종로구 세종대로 ***  (세종로,일민미술관빌딩 *층)",,03,폐업,,,,02-2020-2085,,
,포럼디스커션,2010-03-15,200008.831492823,452291.335627477,출판인쇄업,출판사,2026-05-01 22:45:36,I,03,폐업,,,,2010-03-15 16:41:18,,2006-10-17,110-470,서울특별시 종로구 연지동 ***-** 한국기독교연합회관 *층 **호,CDFG1251002006000145,3000000,,"서울특별시 종로구 김상옥로 **  (연지동,한국기독교연합회관 *층 **호)",,03,폐업,,,,02-747-0191,,
,(주)윌컴앤뿌리,2009-03-27,199977.671430146,453798.839565391,출판인쇄업,출판사,2026-05-01 22:45:36,I,03,폐업,,,,2009-03-27 15:56:31,,2006-10-27,110-530,서울특별시 종로구 혜화동 ***-* 혜은빌딩 *층,CDFG1251002006000153,3000000,,"서울특별시 종로구 혜화로 *  (혜화동,혜은빌딩 *층)",,03,폐업,,,,02-741-6411,,
,(주)뚜껑이여행사,2017-03-28,198324.653631679,452252.812389497,출판인쇄업,출판사,2026-05-01 22:45:37,I,03,폐업,,,,2017-03-29 15:21:40,,2006-11-01,110-858,서울특별시 종로구 수송동 ** 두산위브파빌리온 ***호,CDFG1251002006000155,3000000,,"서울특별시 종로구 삼봉로 **, ***호 (수송동,두산위브파빌리온)",,03,폐업,,,,02-730-7889,,
,사단법인 제정구기념사업회,2020-01-29,200292.930868962,452686.774419654,출판인쇄업,출판사,2026-05-01 22:45:37,I,03,폐업,,,,2020-01-29 15:25:49,,2006-11-01,110-500,서울특별시 종로구 이화동 **-*,CDFG1251002006000156,3000000,,서울특별시 종로구 이화장길 **-* (이화동),,03,폐업,,,,02-747-9052,,
,ROMANS 8,2018-05-10,197862.798388136,456619.812308439,출판인쇄업,출판사,2026-05-01 22:45:37,I,03,폐업,,,,2018-05-10 14:09:02,,2006-11-03,110-848,서울특별시 종로구 평창동 ***-* *층,CDFG1251002006000158,3000000,,"서울특별시 종로구 평창**길 **-* (평창동,*층)",,03,폐업,,,,02-2264-8406,,
,이클레이,2010-12-27,198691.799418788,452546.547645387,출판인쇄업,출판사,2026-05-01 22:45:37,I,03,폐업,,,,2010-12-27 18:19:14,,2006-11-16,110-310,서울특별시 종로구 경운동 ** 수운회관 ***호,CDFG1251002006000165,3000000,,"서울특별시 종로구 삼일대로 ***  (경운동,수운회관 ***호)",,03,폐업,,,,02-6271-2243,,
,도서출판 일곱발자국,2010-06-01,198401.269595527,452259.089626161,출판인쇄업,출판사,2026-05-01 22:45:37,I,03,폐업,,,,2010-06-01 14:06:16,,2006-11-20,110-170,서울특별시 종로구 견지동 ***-** 견지동빌딩 ****호,CDFG1251002006000167,3000000,,"서울특별시 종로구 우정국로 **  (견지동,견지동빌딩 ****호)",,03,폐업,,,,,,
,도서출판 인크리션,2018-02-26,198616.704613035,452778.887475219,출판인쇄업,출판사,2026-05-01 22:45:37,I,03,폐업,,,,2018-02-27 15:38:00,,2006-12-11,110-240,서울특별시 종로구 안국동 ***,CDFG1251002006000176,3000000,,서울특별시 종로구 북촌로*길 ** (안국동),,03,폐업,,,,02-735-4643,,
,황금꽃,2008-02-04,198237.929525915,452179.998288835,출판인쇄업,출판사,2026-05-01 22:45:37,I,03,폐업,,,,2008-02-04 13:59:16,,2006-12-19,110-130,서울특별시 종로구 청진동 **-* 삼선빌딩 ***호,CDFG1251002006000182,3000000,,"서울특별시 종로구 종로*길 **-*  (청진동,삼선빌딩 ***호)",,03,폐업,,,,02-725-7010,,
,EL BOOK(이엘북),2024-10-28,196816.996616302,455841.319603497,출판인쇄업,출판사,2026-05-01 22:45:37,I,03,폐업,,,,2024-10-29 14:01:08,,2006-12-26,110-847,서울특별시 종로구 평창동 ***-* 오피스텔천지인 ***호,CDFG1251002006000187,3000000,,"서울특별시 종로구 평창문화로 **  (평창동,오피스텔천지인 ***호)",,03,폐업,,,,02-391-1503,,
,(주)포이에마,2015-03-17,198580.622075851,453350.537083412,출판인쇄업,출판사,2026-05-01 22:45:37,I,03,폐업,,,,2015-03-17 13:30:51,,2006-10-16,110-260,서울특별시 종로구 가회동 **,CDFG1251002006000190,3000000,,서울특별시 종로구 북촌로 **-* (가회동),,03,폐업,,,,02-745-4823,,
,(주)에스피아이에이,2010-10-06,198401.269595527,452259.089626161,출판인쇄업,출판사,2026-05-01 22:45:37,I,03,폐업,,,,2010-10-06 19:44:57,,2006-03-13,110-170,서울특별시 종로구 견지동 ***-** 우정에쉐르 ***호,CDFG1251002006000197,3000000,,"서울특별시 종로구 우정국로 **,  ***호 (견지동,우정에쉐르)",,03,폐업,,,,02-775-0071,,
,계림북스쿨,2014-04-14,,,출판인쇄업,출판사,2026-05-01 22:45:37,I,03,폐업,,,,2014-04-14 15:06:36,,2006-01-03,110-102,서울특별시 종로구 평동 **-**,CDFG1251002006000198,3000000,,서울특별시 종로구 경교장*길 * (평동),,03,폐업,,,,02-739-0121,,
,사법정의국민연대부설정의로운언덕출판사,2015-08-07,,,출판인쇄업,출판사,2026-05-01 22:45:37,I,03,폐업,,,,2015-08-07 15:48:21,,2007-01-05,110-092,서울특별시 종로구 홍파동 *** *층,CDFG1251002007000004,3000000,,"서울특별시 종로구 통일로 ***-** (홍파동,*층)",,03,폐업,,,,02-722-4889,,
,베리굿미디어,2022-04-06,197567.747824202,452347.973860449,출판인쇄업,출판사,2026-05-01 22:45:38,I,03,폐업,,,,2022-04-06 09:37:42,,2007-01-05,,서울특별시 종로구 내수동 ** 용비어천가 ****호,CDFG1251002007000005,3000000,,"서울특별시 종로구 새문안로*길 **  (내수동,용비어천가 ****호)",,03,폐업,,,,02-6261-9242,,
,博文社(박문사),2015-05-27,201744.684500585,452310.493659326,출판인쇄업,출판사,2026-05-01 22:45:38,I,03,폐업,,,,2015-05-27 11:12:42,,2007-01-18,110-826,서울특별시 종로구 숭인동 ***-*,CDFG1251002007000013,3000000,,서울특별시 종로구 난계로**길 **-* (숭인동),,03,폐업,,,,02-2252-4305,,
,원천디자인,2008-04-14,199747.024385135,453304.910568114,출판인쇄업,출판사,2026-05-01 22:45:38,I,03,폐업,,,,2008-04-14 15:26:03,,2007-01-30,110-524,서울특별시 종로구 명륜*가 ***-** 서울빌딩 *층,CDFG1251002007000022,3000000,,"서울특별시 종로구 창경궁로 ***  (명륜*가,서울빌딩 *층)",,03,폐업,,,,02-743-3900,,
,도서출판 마음자리,2009-06-26,199963.164898498,452189.198599888,출판인쇄업,출판사,2026-05-01 22:45:38,I,03,폐업,,,,2009-06-26 09:54:49,,2007-01-30,,서울특별시 종로구 연지동 ***-** 지층,CDFG1251002007000024,3000000,,"서울특별시 종로구 대학로*길 **  (연지동,지층)",,03,폐업,,,,02-3675-5567,,
,2월31,2008-09-12,197465.223921125,452366.613899898,출판인쇄업,출판사,2026-05-01 22:45:38,I,03,폐업,,,,2008-09-12 16:53:07,,2007-02-02,110-070,서울특별시 종로구 내수동 ** 경희궁의아침 오피스텔 *단지 ****호,CDFG1251002007000027,3000000,,"서울특별시 종로구 사직로*길 **,  ****호 (내수동,경희궁의아침 오피스텔 *단지)",,03,폐업,,,,,,
,워크룸 프레스,2025-01-15,197239.959483556,453315.303086584,출판인쇄업,출판사,2026-05-01 22:45:38,I,03,폐업,,,,2025-01-21 13:51:58,,2007-02-09,,서울특별시 종로구 옥인동 **-**,CDFG1251002007000031,3000000,,서울특별시 종로구 자하문로**길 ** (옥인동),03035,03,폐업,,,,,,
,호박꽃출판사,2016-09-26,197595.161312175,452460.054621887,출판인쇄업,출판사,2026-05-01 22:45:38,I,03,폐업,,,,2016-09-26 17:45:11,,2007-02-12,110-052,서울특별시 종로구 적선동 *** 광화문플래티넘 ****호,CDFG1251002007000033,3000000,,"서울특별시 종로구 새문안로*가길 ** (적선동,광화문플래티넘 ****호)",,03,폐업,,,,,,
,도미다출판사,2009-01-30,198275.681316726,453405.751913205,출판인쇄업,출판사,2026-05-01 22:45:38,I,03,폐업,,,,2009-01-30 17:04:55,,2007-02-14,110-220,서울특별시 종로구 팔판동 **,CDFG1251002007000037,3000000,,서울특별시 종로구 팔판길 **  (팔판동),,03,폐업,,,,,,
,헤드컴,2015-03-24,197465.223921125,452366.613899898,출판인쇄업,출판사,2026-05-01 22:45:38,I,03,폐업,,,,2015-03-24 10:31:20,,2007-02-27,110-070,서울특별시 종로구 내수동 ** 경희궁의아침오피스텔*단지 ****호,CDFG1251002007000042,3000000,,"서울특별시 종로구 사직로*길 ** (내수동,경희궁의아침오피스텔*단지 ****호)",,03,폐업,,,,,,
,도서출판 자연과자유,2020-09-03,200498.372107362,452995.845349597,출판인쇄업,출판사,2026-05-01 22:45:38,I,03,폐업,,,,2020-09-03 10:13:36,,2007-03-07,110-510,서울특별시 종로구 동숭동 ***-** *층,CDFG1251002007000046,3000000,,"서울특별시 종로구 낙산*길 **-* (동숭동,*층)",,03,폐업,,,,,,
,소요재,2009-01-28,198345.970898603,452211.329662614,출판인쇄업,출판사,2026-05-01 22:45:38,I,03,폐업,,,,2009-01-28 15:23:34,,2007-03-14,110-858,서울특별시 종로구 수송동 **-* 두산위브파빌리온 ***호,CDFG1251002007000049,3000000,,,,03,폐업,,,,,,
,소울심리치료연구소,2008-03-20,198345.970898603,452211.329662614,출판인쇄업,출판사,2026-05-01 22:45:38,I,03,폐업,,,,2008-03-20 10:25:22,,2007-03-28,110-858,서울특별시 종로구 수송동 **-* 두산위브파빌리온 ****호,CDFG1251002007000053,3000000,,,,03,폐업,,,,,,
,한림원,2008-02-12,198324.653631679,452252.812389497,출판인쇄업,출판사,2026-05-01 22:45:38,I,03,폐업,,,,2008-02-12 16:15:48,,2007-04-17,110-858,서울특별시 종로구 수송동 ** 두산위브파빌리온 ****호,CDFG1251002007000066,3000000,,"서울특별시 종로구 삼봉로 **,  ****호 (수송동,두산위브파빌리온)",,03,폐업,,,,,,
,민족광장,2015-07-10,198691.799418788,452546.547645387,출판인쇄업,출판사,2026-05-01 22:45:39,I,03,폐업,,,,2015-07-10 09:44:12,,2007-04-24,110-310,서울특별시 종로구 경운동 ** 수운회관 ****호,CDFG1251002007000072,3000000,,"서울특별시 종로구 삼일대로 ***, ****호 (경운동,수운회관)",,03,폐업,,,,,,
,도서출판 소도,2011-08-03,199734.05006961,452518.444898979,출판인쇄업,출판사,2026-05-01 22:45:39,I,03,폐업,,,,2011-08-03 16:06:23,,2007-04-24,110-450,서울특별시 종로구 원남동 **-* 명진빌딩 *층,CDFG1251002007000073,3000000,,"서울특별시 종로구 창경궁로**길 *  (원남동,명진빌딩 *층)",,03,폐업,,,,,,
,휴모아(주),2008-03-31,197002.668255774,452893.430637392,출판인쇄업,출판사,2026-05-01 22:45:39,I,03,폐업,,,,2008-03-31 15:37:02,,2007-05-01,110-735,서울특별시 종로구 필운동 ** 배화여자대학 창업보육센타 ****호,CDFG1251002007000079,3000000,,"서울특별시 종로구 필운대로*길 **,  ****호 (필운동,배화여자대학 창업보육센타)",,03,폐업,,,,,,
,평화미래포럼,2020-09-25,198733.022905225,453361.913507895,출판인쇄업,출판사,2026-05-01 22:45:39,I,03,폐업,,,,2020-09-25 14:00:41,,2007-05-04,110-270,서울특별시 종로구 계동 **-**,CDFG1251002007000082,3000000,,서울특별시 종로구 계동길 ***-* (계동),,03,폐업,,,,,,
,애플비,2014-04-14,,,출판인쇄업,출판사,2026-05-01 22:45:39,I,03,폐업,,,,2014-04-14 15:05:18,,2007-05-07,110-102,서울특별시 종로구 평동 **-**,CDFG1251002007000084,3000000,,서울특별시 종로구 경교장*길 * (평동),,03,폐업,,,,02-707-9901,,
,(주)와이비엠솔루션,2020-09-03,198987.524466627,451960.672236463,출판인쇄업,출판사,2026-05-01 22:45:26,I,03,폐업,,,,2020-09-03 14:04:04,,2004-11-03,110-772,서울특별시 종로구 종로*가 **-*,CDFG1251002004000168,3000000,,서울특별시 종로구 종로 *** (종로*가),,03,폐업,,,,22701017,,
,(주)포리스트북스,2005-04-29,197438.322261266,452964.704396356,출판인쇄업,출판사,2026-05-01 22:45:26,I,03,폐업,,,,2005-04-29 11:05:08,,2004-11-03,110-040,서울특별시 종로구 통의동 *** *층,CDFG1251002004000169,3000000,,"서울특별시 종로구 자하문로 **  (통의동,*층)",,03,폐업,,,,02-3210-4231,,
,(주)지혜경영연구소,2013-12-30,197567.747824202,452347.973860449,출판인쇄업,출판사,2026-05-01 22:45:26,I,03,폐업,,,,2013-12-30 15:09:08,,2004-11-12,110-070,서울특별시 종로구 내수동 ** 용비어천가 ****호,CDFG1251002004000177,3000000,,"서울특별시 종로구 새문안로*길 **, ****호 (내수동, 용비어천가)",,03,폐업,,,,02-766-9455,,
,위너스북,2007-04-26,196668.877563099,455055.264019484,출판인쇄업,출판사,2026-05-01 22:45:26,I,03,폐업,,,,2007-04-26 15:27:22,,2004-11-18,110-816,서울특별시 종로구 부암동 ***-* 울트라타임*** 오피스텔***호,CDFG1251002004000181,3000000,,"서울특별시 종로구 자하문로 ***  (부암동,울트라타임*** 오피스텔***호)",,03,폐업,,,,02-357-2621,,
,코리아글로브,2006-03-08,197478.53747014,452259.334813912,출판인쇄업,출판사,2026-05-01 22:45:26,I,03,폐업,,,,2006-03-08 10:51:16,,2004-11-26,110-070,서울특별시 종로구 내수동 ** 경희궁의아침 오피스텔*단지 ****호,CDFG1251002004000185,3000000,,"서울특별시 종로구 새문안로*길 **  (내수동,경희궁의아침 오피스텔*단지 ****호)",,03,폐업,,,,02-735-4337,,
,다윗,2010-07-30,200446.61130802,452608.194014673,출판인쇄업,출판사,2026-05-01 22:45:26,I,03,폐업,,,,2010-07-30 14:36:07,,2004-12-08,110-844,서울특별시 종로구 충신동 *-** *층,CDFG1251002004000193,3000000,,"서울특별시 종로구 율곡로**가길 *  (충신동,*층)",,03,폐업,,,,02-741-5184,,
,러브엘,2006-04-26,199878.668537625,453693.071412414,출판인쇄업,출판사,2026-05-01 22:45:26,I,03,폐업,,,,2006-04-26 17:48:51,,2004-12-09,110-767,서울특별시 종로구 명륜*가 * 아남아파트상가 ***호,CDFG1251002004000194,3000000,,,,03,폐업,,,,02-3676-7017,,
,우석미디어,2005-12-28,,,출판인쇄업,출판사,2026-05-01 22:45:26,I,03,폐업,,,,2005-12-28 17:59:51,,2004-12-15,110-102,서울특별시 종로구 평동 **-* *층,CDFG1251002004000199,3000000,,"서울특별시 종로구 경교장길 **-*  (평동,*층)",,03,폐업,,,,02-737-7693,,
,나라공간,2007-02-22,200285.249924823,453459.003932133,출판인쇄업,출판사,2026-05-01 22:45:26,I,03,폐업,,,,2007-02-22 16:46:18,,2004-12-17,110-809,서울특별시 종로구 동숭동 *-* 제로원디자인센터 ***호,CDFG1251002004000200,3000000,,"서울특별시 종로구 동숭길 ***-*,  ***호 (동숭동,제로원디자인센터)",,03,폐업,,,,02-739-2353,,
,고려수지침학회,2007-07-10,201960.304346071,452257.288274714,출판인쇄업,출판사,2026-05-01 22:45:26,I,03,폐업,,,,2007-07-10 15:48:49,,2004-12-23,110-829,서울특별시 종로구 숭인동 **** BYC빌딩*층,CDFG1251002004000201,3000000,,"서울특별시 종로구 난계로 ***  (숭인동,BYC빌딩*층)",,03,폐업,,,,02-2234-5144,,
,KBS사우회연감편집부,2006-03-29,,,출판인쇄업,출판사,2026-05-01 22:45:26,I,03,폐업,,,,2006-03-31 09:34:35,,2004-12-24,110-054,서울특별시 종로구 사직동 ***-* 휘문빌딩 ***호,CDFG1251002004000203,3000000,,,,03,폐업,,,,02-732-0778,,
,도서출판 새김,2018-02-19,196473.332658343,455808.978640669,출판인쇄업,출판사,2026-05-01 22:45:26,I,03,폐업,,,,2018-02-20 14:49:16,,2004-12-30,110-831,서울특별시 종로구 신영동 ***-* 한성빌딩 *층,CDFG1251002004000209,3000000,,"서울특별시 종로구 진흥로 *** (신영동,한성빌딩 *층)",,03,폐업,,,,02-2274-5085,,
,미디어예안,2007-12-05,197649.590918029,452230.504981804,출판인쇄업,출판사,2026-05-01 22:45:26,I,03,폐업,,,,2007-12-05 15:51:39,,2005-01-11,110-071,서울특별시 종로구 당주동 *-* 선덕빌딩 ***호,CDFG1251002005000003,3000000,,"서울특별시 종로구 새문안로*가길 *-**,  ***호 (당주동,선덕빌딩)",,03,폐업,,,,02-736-8224,,
,메사(Mesa),2025-10-16,200291.845178755,453497.243898753,출판인쇄업,출판사,2026-05-01 22:45:27,I,03,폐업,,,,2025-10-16 14:13:55,,2005-01-14,110-809,서울특별시 종로구 동숭동 *-** 도시빌라 ***호,CDFG1251002005000009,3000000,,"서울특별시 종로구 동숭*가길 *,  ***호 (동숭동,도시빌라)",,03,폐업,,,,02-762-0856,,
,유그램,2005-10-12,198281.284188892,453253.768747964,출판인쇄업,출판사,2026-05-01 22:45:27,I,03,폐업,,,,2005-10-12 16:25:21,,2005-01-29,110-210,서울특별시 종로구 화동 ** 안송빌딩 ***호,CDFG1251002005000019,3000000,,"서울특별시 종로구 삼청로 **,  ***호 (화동,안송빌딩)",,03,폐업,,,,02-3700-1200,,
,애드큐핏,2008-07-23,200234.62233041,453931.032766368,출판인쇄업,출판사,2026-05-01 22:45:27,I,03,폐업,,,,2008-07-23 10:18:09,,2005-02-01,110-530,서울특별시 종로구 혜화동 **-* 대학로빌딩 ***호,CDFG1251002005000021,3000000,,"서울특별시 종로구 창경궁로 ***,  ***호 (혜화동,대학로빌딩)",,03,폐업,,,,,,
,아동문학사상사,2015-09-01,197393.747563185,452408.438228843,출판인쇄업,출판사,2026-05-01 22:45:27,I,03,폐업,,,,2015-09-01 13:50:04,,2005-02-02,110-070,서울특별시 종로구 내수동 ** 경희궁의아침*단지아파트 ***호,CDFG1251002005000022,3000000,,"서울특별시 종로구 사직로*길 **, ***호 (내수동,경희궁의아침*단지아파트)",,03,폐업,,,,02-736-2030,,
,사람이야기,2021-09-09,198150.300374121,452019.212642931,출판인쇄업,출판사,2026-05-01 22:45:27,I,03,폐업,,,,2021-09-10 14:55:32,,2005-02-21,,서울특별시 종로구 종로*가 ** **층 ****-A호,CDFG1251002005000024,3000000,,"서울특별시 종로구 종로 **, 르메이에르종로타운* **층 ****-A호 (종로*가)",03157,03,폐업,,,,,,
,조국번영출판사,2005-06-03,196846.651460991,453049.961186628,출판인쇄업,출판사,2026-05-01 22:45:27,I,03,폐업,,,,2005-06-03 17:09:25,,2005-02-28,110-041,서울특별시 종로구 누상동 ***-** ***호,CDFG1251002005000029,3000000,,"서울특별시 종로구 옥인*가길 **,  ***호 (누상동)",,03,폐업,,,,02-720-0305,,
,넷픽스북,2008-09-26,198614.61995563,451842.501561085,출판인쇄업,출판사,2026-05-01 22:45:27,I,03,폐업,,,,2008-09-26 15:20:45,,2005-03-02,110-111,서울특별시 종로구 관철동 *** 종로*번가 ****호,CDFG1251002005000031,3000000,,"서울특별시 종로구 청계천로 **,  ****호 (관철동,종로*번가)",,03,폐업,,,,02-730-7579,,
,도서출판 한옥문화,2015-05-07,198525.315349994,453229.091376729,출판인쇄업,출판사,2026-05-01 22:45:27,I,03,폐업,,,,2015-05-11 13:52:08,,2005-03-03,110-260,서울특별시 종로구 가회동 **,CDFG1251002005000032,3000000,,서울특별시 종로구 북촌로*길 **-* (가회동),,03,폐업,,,,,,
,도서출판 비타민,2020-03-10,199120.875674559,452605.524961367,출판인쇄업,출판사,2026-05-01 22:45:27,I,03,폐업,,,,2020-03-10 18:10:20,,2005-03-10,110-360,서울특별시 종로구 와룡동 **,CDFG1251002005000036,3000000,,서울특별시 종로구 돈화문로 ** (와룡동),,03,폐업,,,,02-6319-0918,,
,청운디자인,2022-04-04,197182.161725817,453928.977947178,출판인쇄업,출판사,2026-05-01 22:45:27,I,03,폐업,,,,2022-04-04 10:16:23,,2005-03-16,110-030,서울특별시 종로구 청운동 **-*,CDFG1251002005000039,3000000,,서울특별시 종로구 자하문로 ***-*  (청운동),,03,폐업,,,,02-723-3327,,
,도서출판 한선사,2005-12-02,197465.223921125,452366.613899898,출판인쇄업,출판사,2026-05-01 22:45:27,I,03,폐업,,,,2005-12-05 13:52:09,,2005-03-16,110-070,서울특별시 종로구 내수동 ** 경희궁의아침*단지 오피스텔 ****호,CDFG1251002005000040,3000000,,"서울특별시 종로구 사직로*길 **,  ****호 (내수동,경희궁의아침*단지 오피스텔)",,03,폐업,,,,02-720-7678,,
,사무소,2006-04-18,198375.209152133,452969.444014607,출판인쇄업,출판사,2026-05-01 22:45:27,I,03,폐업,,,,2006-04-18 17:57:30,,2005-03-18,110-210,서울특별시 종로구 화동 ***-*,CDFG1251002005000043,3000000,,서울특별시 종로구 율곡로*길 **-*  (화동),,03,폐업,,,,02-739-7067,,
,서음미디어,2007-11-21,201910.647689061,452406.882572987,출판인쇄업,출판사,2026-05-01 22:45:27,I,03,폐업,,,,2007-11-26 13:54:02,,2005-03-21,110-829,서울특별시 종로구 숭인동 **** 태영빌딩 ***호,CDFG1251002005000045,3000000,,"서울특별시 종로구 난계로**가길 **,  ***호 (숭인동,태영빌딩)",,03,폐업,,,,,,
,닥터필로스,2005-05-26,199997.299849296,453770.207439777,출판인쇄업,출판사,2026-05-01 22:45:27,I,03,폐업,,,,2005-05-26 15:37:19,,2005-03-23,110-530,서울특별시 종로구 혜화동 ***-* 산곡빌딩*층,CDFG1251002005000049,3000000,,"서울특별시 종로구 혜화로 *  (혜화동,산곡빌딩*층)",,03,폐업,,,,02-3675-4960,,
,굿프레스,2009-09-15,197567.747824202,452347.973860449,출판인쇄업,출판사,2026-05-01 22:45:27,I,03,폐업,,,,2009-09-15 09:12:47,,2005-03-24,110-070,서울특별시 종로구 내수동 ** 용비어천가 ***호,CDFG1251002005000050,3000000,,"서울특별시 종로구 새문안로*길 **,  ***호 (내수동,용비어천가)",,03,폐업,,,,02-2195-5695,,
,아루이프로덕션,2006-04-17,196791.150993539,454517.364202652,출판인쇄업,출판사,2026-05-01 22:45:27,I,03,폐업,,,,2006-04-17 13:53:25,,2005-03-29,110-817,서울특별시 종로구 부암동 ***-* *층,CDFG1251002005000053,3000000,,"서울특별시 종로구 창의문로 ***  (부암동,*층)",,03,폐업,,,,02-394-9849,,
,(주)에코드림빌리지,2005-05-04,198624.006469032,452310.752960617,출판인쇄업,출판사,2026-05-01 22:45:27,I,03,폐업,,,,2005-05-04 13:54:16,,2005-04-06,110-300,서울특별시 종로구 관훈동 ***-** 백상본관**층,CDFG1251002005000058,3000000,,"서울특별시 종로구 인사동*길 **  (관훈동,백상본관**층)",,03,폐업,,,,02-738-8429,,
,도서출판 들소리,2024-10-28,200072.746302526,452554.915679918,출판인쇄업,출판사,2026-05-01 22:45:27,I,03,폐업,,,,2024-10-28 14:01:21,,2005-04-06,110-460,서울특별시 종로구 연건동 ***-**,CDFG1251002005000059,3000000,,서울특별시 종로구 창경궁로**길 **-*  (연건동),,03,폐업,,,,02-3676-3082,,
,(주)아이앤비마케팅,2006-12-27,198057.201456751,451911.789172214,출판인쇄업,출판사,2026-05-01 22:45:27,I,03,폐업,,,,2006-12-28 09:43:35,,2005-04-12,110-726,서울특별시 종로구 서린동 *** 청계**빌딩**층,CDFG1251002005000064,3000000,,"서울특별시 종로구 청계천로 **  (서린동,청계**빌딩**층)",,03,폐업,,,,02-730-2520,,
,도서출판 원디자인,2008-07-29,199860.299320295,452455.241995603,출판인쇄업,출판사,2026-05-01 22:45:27,I,03,폐업,,,,2008-07-31 19:07:39,,2005-04-18,110-470,서울특별시 종로구 연지동 *** 태암빌딩*층,CDFG1251002005000069,3000000,,"서울특별시 종로구 창경궁로**길 **  (연지동,태암빌딩*층)",,03,폐업,,,,02-742-1771,,
,와이.북,2010-07-08,200201.706233839,453509.988964294,출판인쇄업,출판사,2026-05-01 22:45:27,I,03,폐업,,,,2010-07-08 13:12:41,,2005-04-19,110-809,서울특별시 종로구 동숭동 *-*,CDFG1251002005000070,3000000,,서울특별시 종로구 동숭길 ***-*  (동숭동),,03,폐업,,,,02-744-5441,,
,정신의서가,2006-11-28,199730.620290942,453348.895548068,출판인쇄업,출판사,2026-05-01 22:45:27,I,03,폐업,,,,2006-11-28 16:41:13,,2005-04-21,110-524,서울특별시 종로구 명륜*가 ***-* 르호봇비지니스센터 ***호,CDFG1251002005000071,3000000,,"서울특별시 종로구 창경궁로 ***  (명륜*가,르호봇비지니스센터 ***호)",,03,폐업,,,,,,
,싸이북스,2010-05-03,196335.329427755,455997.314779951,출판인쇄업,출판사,2026-05-01 22:45:27,I,03,폐업,,,,2010-05-03 16:27:41,,2005-04-25,110-803,서울특별시 종로구 구기동 **-**,CDFG1251002005000073,3000000,,서울특별시 종로구 세검정로*길 **-*  (구기동),,03,폐업,,,,02-394-5051,,
,(주)유프리인코리아,2008-04-08,198467.712974372,452623.282097869,출판인쇄업,출판사,2026-05-01 22:45:27,I,03,폐업,,,,2008-04-08 17:34:05,,2005-04-25,110-734,서울특별시 종로구 안국동 ***-** 안국빌딩*층,CDFG1251002005000075,3000000,,"서울특별시 종로구 율곡로 **  (안국동,안국빌딩*층)",,03,폐업,,,,02-735-1666,,
,도서출판 을전,2015-03-30,201858.924974779,452292.24548263,출판인쇄업,출판사,2026-05-01 22:45:27,I,03,폐업,,,,2015-03-30 14:01:31,,2005-04-27,110-825,서울특별시 종로구 숭인동 ***-* 광성빌딩 ***호,CDFG1251002005000076,3000000,,"서울특별시 종로구 난계로**길 **, ***호 (숭인동,광성빌딩)",,03,폐업,,,,02-2232-0348,,
,삼보제자,2010-01-07,197195.468947431,452697.440834879,출판인쇄업,출판사,2026-05-01 22:45:27,I,03,폐업,,,,2011-04-26 14:27:37,,2005-04-28,110-044,서울특별시 종로구 필운동 ***-* 지하*층,CDFG1251002005000077,3000000,,"서울특별시 종로구 사직로*가길 *  (필운동,지하*층)",,03,폐업,,,,02-722-7484,,
,(주)신단수,2005-06-03,198805.617234082,452181.053949579,출판인쇄업,출판사,2026-05-01 22:45:27,I,03,폐업,,,,2005-06-03 17:01:19,,2005-05-02,110-741,서울특별시 종로구 인사동 ** 대일빌딩*층,CDFG1251002005000079,3000000,,"서울특별시 종로구 인사동길 **  (인사동,대일빌딩*층)",,03,폐업,,,,02-738-8429,,
,도서출판 열린교육사,2005-07-07,199794.789138358,452254.719806799,출판인쇄업,출판사,2026-05-01 22:45:27,I,03,폐업,,,,2005-07-07 15:23:12,,2005-05-06,110-410,서울특별시 종로구 인의동 **-** 재림빌딩 ***호,CDFG1251002005000080,3000000,,"서울특별시 종로구 창경궁로 ***-**,  ***호 (인의동,재림빌딩)",,03,폐업,,,,02-744-7082,,
,(주)아크로차이나,2011-12-14,197713.264843734,451938.037703258,출판인쇄업,출판사,2026-05-01 22:45:27,I,03,폐업,,,,2011-12-14 15:40:18,,2005-05-17,110-999,서울특별시 종로구 신문로*가 *** 광화문오피시아 ****호,CDFG1251002005000086,3000000,,"서울특별시 종로구 새문안로 **,  ****호 (신문로*가,광화문오피시아)",,03,폐업,,,,02-732-5693,,
,삶과풍경,2008-07-31,197744.343666667,452079.41,출판인쇄업,출판사,2026-05-01 22:45:27,I,03,폐업,,,,2008-07-31 18:46:35,,2005-05-20,110-071,서울특별시 종로구 당주동 ** 황금빌딩 ***호,CDFG1251002005000087,3000000,,,,03,폐업,,,,02-738-8857,,
,(주)쉬핑데일리,2015-05-11,197567.747824202,452347.973860449,출판인쇄업,출판사,2026-05-01 22:45:27,I,03,폐업,,,,2015-05-11 16:01:19,,2005-05-23,110-070,서울특별시 종로구 내수동 ** 용비어천가 ***호,CDFG1251002005000089,3000000,,"서울특별시 종로구 새문안로*길 **, ***호 (내수동,용비어천가)",,03,폐업,,,,02-733-9490,,
,도서출판 책(Book),2011-12-20,196305.128633231,455836.201490823,출판인쇄업,출판사,2026-05-01 22:45:27,I,03,폐업,,,,2011-12-20 16:08:42,,2005-05-31,110-803,서울특별시 종로구 구기동 **-* *층 ***호,CDFG1251002005000092,3000000,,"서울특별시 종로구 진흥로**가길 **, ***호 (구기동)",,03,폐업,,,,02-394-9583,,
,유캔바이더월드(주),2020-01-30,198690.658978281,452665.844737685,출판인쇄업,출판사,2026-05-01 22:45:27,I,03,폐업,,,,2020-01-30 14:04:31,,2005-06-01,110-310,서울특별시 종로구 경운동 **-* 서원빌딩 ***호,CDFG1251002005000093,3000000,,"서울특별시 종로구 삼일대로 ***, ***호 (경운동,서원빌딩)",,03,폐업,,,,02-732-8055,,
,귀족가보연구원,2008-05-02,199264.864268314,451927.319852601,출판인쇄업,출판사,2026-05-01 22:45:27,I,03,폐업,,,,2008-05-02 16:12:08,,2005-06-02,110-430,서울특별시 종로구 장사동 * 산호빌딩 ***호,CDFG1251002005000094,3000000,,"서울특별시 종로구 돈화문로 **-*,  ***호 (장사동,산호빌딩)",,03,폐업,,,,02-2277-1748,,
,터울기획,2006-12-08,198977.28746058,452187.211222643,출판인쇄업,출판사,2026-05-01 22:45:27,I,03,폐업,,,,2006-12-11 10:14:01,,2005-06-14,110-320,서울특별시 종로구 낙원동 *** ***호,CDFG1251002005000099,3000000,,"서울특별시 종로구 수표로 ***,  ***호 (낙원동)",,03,폐업,,,,02-741-2391,,
,HLG 소도(SODO),2006-10-24,198324.653631679,452252.812389497,출판인쇄업,출판사,2026-05-01 22:45:28,I,03,폐업,,,,2006-10-25 09:14:21,,2005-06-21,110-858,서울특별시 종로구 수송동 ** 두산위브파빌리온 ***호,CDFG1251002005000103,3000000,,"서울특별시 종로구 삼봉로 **,  ***호 (수송동,두산위브파빌리온)",,03,폐업,,,,02-733-3691,,
,도서출판학문사,2022-03-07,197384.008252239,452490.443583788,출판인쇄업,출판사,2026-05-01 22:45:28,I,03,폐업,,,,2022-03-07 10:29:15,,2005-06-30,110-053,서울특별시 종로구 내자동 *** 서라벌빌딩 *층,CDFG1251002005000106,3000000,,"서울특별시 종로구 사직로*길 **-*, *층 (내자동, 서라벌빌딩)",,03,폐업,,,,02-738-5118,,
,YES. ONE ENGLISH,2015-07-28,198752.043335926,451889.12171468,출판인쇄업,출판사,2026-05-01 22:45:28,I,03,폐업,,,,2015-07-28 16:28:34,,2005-07-06,110-111,서울특별시 종로구 관철동 **-*,CDFG1251002005000112,3000000,,서울특별시 종로구 삼일대로**길 ** (관철동),,03,폐업,,,,36710501,,
,숲속의 아침,2018-05-14,198324.653631679,452252.812389497,출판인쇄업,출판사,2026-05-01 22:45:28,I,03,폐업,,,,2018-05-14 15:33:10,,2005-07-07,110-858,서울특별시 종로구 수송동 ** 두산위브 파빌리온 *****호,CDFG1251002005000118,3000000,,"서울특별시 종로구 삼봉로 **, *****호 (수송동,두산위브 파빌리온)",,03,폐업,,,,,,
,도서출판 마라의샘,2006-01-19,200072.378101828,452291.689518232,출판인쇄업,출판사,2026-05-01 22:45:28,I,03,폐업,,,,2006-01-24 10:10:08,,2005-07-08,110-736,서울특별시 종로구 연지동 ***-** 기독교회관 ***호,CDFG1251002005000119,3000000,,"서울특별시 종로구 대학로 **,  ***호 (연지동,기독교회관)",,03,폐업,,,,02-766-8671,,
,실용영어사,2008-11-28,199022.300982384,452472.976006603,출판인쇄업,출판사,2026-05-01 22:45:28,I,03,폐업,,,,2008-11-28 17:33:30,,2005-07-18,110-340,서울특별시 종로구 익선동 **,CDFG1251002005000121,3000000,,서울특별시 종로구 삼일대로**가길 **  (익선동),,03,폐업,,,,02-765-2059,,
,킨들링(Kindling),2006-06-28,198769.01087886,452995.414442993,출판인쇄업,출판사,2026-05-01 22:45:28,I,03,폐업,,,,2006-06-29 11:01:17,,2005-07-27,110-801,서울특별시 종로구 계동 ***-** *층,CDFG1251002005000127,3000000,,"서울특별시 종로구 창덕궁*길 **  (계동,*층)",,03,폐업,,,,02-742-0340,,
,멘토링솔루션,2009-02-16,200257.115683163,453485.12004217,출판인쇄업,출판사,2026-05-01 22:45:28,I,03,폐업,,,,2009-02-16 17:58:00,,2005-08-01,110-809,서울특별시 종로구 동숭동 *-* 동숭아트센터 ***호,CDFG1251002005000130,3000000,,"서울특별시 종로구 동숭길 ***,  ***호 (동숭동,동숭아트센터)",,03,폐업,,,,02-733-3040,,
,비즈넷코리아,2006-01-27,199682.108862983,452278.243885668,출판인쇄업,출판사,2026-05-01 22:45:28,I,03,폐업,,,,2006-04-03 17:02:25,,2005-08-09,110-410,서울특별시 종로구 인의동 ***-* 교원공제회관 *층,CDFG1251002005000134,3000000,,"서울특별시 종로구 창경궁로 ***  (인의동,교원공제회관 *층)",,03,폐업,,,,,,
,문화경제신문사,2006-04-25,197541.418168655,452115.300046799,출판인쇄업,출판사,2026-05-01 22:45:28,I,03,폐업,,,,2006-04-25 16:32:09,,2005-08-12,110-061,서울특별시 종로구 신문로*가 *** 신문로빌딩B-*호,CDFG1251002005000136,3000000,,"서울특별시 종로구 새문안로*길 **  (신문로*가,신문로빌딩B-*호)",,03,폐업,,,,02-737-7211,,
,한국법학교육원,2010-10-06,198578.041924335,451963.441559516,출판인쇄업,출판사,2026-05-01 22:45:28,I,03,폐업,,,,2010-10-06 11:37:18,,2005-08-19,110-122,서울특별시 종로구 종로*가 **-* 성서회관*층,CDFG1251002005000141,3000000,,"서울특별시 종로구 종로 **  (종로*가,성서회관*층)",,03,폐업,,,,02-722-1148,,
,톰슨코포레이션코리아(주),2008-02-19,197482.205329945,451938.30792481,출판인쇄업,출판사,2026-05-01 22:45:28,I,03,폐업,,,,2008-04-08 11:44:16,,2005-08-25,110-786,서울특별시 종로구 신문로*가 *** 흥국생명빌딩**층,CDFG1251002005000144,3000000,,"서울특별시 종로구 새문안로 **  (신문로*가,흥국생명빌딩**층)",,03,폐업,,,,02-2076-8000,,
,커뮤니케이션즈 와우,2014-04-30,198329.178406313,453213.732740665,출판인쇄업,출판사,2026-05-01 22:45:28,I,03,폐업,,,,2014-05-08 14:02:19,,2005-08-26,110-210,서울특별시 종로구 화동 **-*,CDFG1251002005000145,3000000,,서울특별시 종로구 북촌로*나길 *-* (화동),,03,폐업,,,,02-722-7597,,
,도서출판 파도,2006-06-16,201858.924974779,452292.24548263,출판인쇄업,출판사,2026-05-01 22:45:28,I,03,폐업,,,,2006-06-16 17:44:37,,2005-09-06,110-825,서울특별시 종로구 숭인동 ***-* 광성빌딩 ***호,CDFG1251002005000151,3000000,,"서울특별시 종로구 난계로**길 **,  ***호 (숭인동,광성빌딩)",,03,폐업,,,,02-2232-0348,,
,도서출판 비단길,2019-10-08,198386.829870878,452237.303784872,출판인쇄업,출판사,2026-05-01 22:45:28,I,03,폐업,,,,2019-10-08 15:23:26,,2005-09-07,110-170,서울특별시 종로구 견지동 *** 대성스카이렉스오피스텔 ***호,CDFG1251002005000153,3000000,,"서울특별시 종로구 삼봉로 **, ***호 (견지동,대성스카이렉스오피스텔)",,03,폐업,,,,,,
,문화마중,2010-12-27,197235.601597011,452604.098418456,출판인쇄업,출판사,2026-05-01 22:45:29,I,03,폐업,,,,2010-12-27 18:18:31,,2005-09-16,110-044,서울특별시 종로구 필운동 ***-* ***호,CDFG1251002005000158,3000000,,"서울특별시 종로구 사직로 **,  ***호 (필운동)",,03,폐업,,,,02-2266-2692,,
,(사)민예총,2021-12-20,198803.258579457,452356.426758946,출판인쇄업,출판사,2026-05-01 22:45:29,I,03,폐업,,,,2021-12-20 14:06:26,,2005-09-16,110-320,서울특별시 종로구 낙원동 ***-* 건국*호빌딩*층,CDFG1251002005000159,3000000,,"서울특별시 종로구 삼일대로 ***  (낙원동,건국*호빌딩*층)",,03,폐업,,,,02-738-6058,,
,세원기획,2010-04-16,199198.225759594,451894.417903593,출판인쇄업,출판사,2026-05-01 22:45:29,I,03,폐업,,,,2010-04-16 17:34:24,,2005-09-22,110-420,서울특별시 종로구 관수동 **-* 영안빌딩 ***호,CDFG1251002005000162,3000000,,,,03,폐업,,,,02-2263-6026,,
,북한인권정보센터,2019-10-23,197333.625719471,452679.331110185,출판인쇄업,출판사,2026-05-01 22:45:47,I,03,폐업,,,,2019-10-23 11:23:37,,2007-05-08,110-053,서울특별시 종로구 내자동 ** 삼호빌딩 *층,CDFG1251002010000020,3000000,,"서울특별시 종로구 사직로 ***-* (내자동,삼호빌딩 *층)",,03,폐업,,,,070-8252-6042,,
,글씨와 그림,2012-07-12,198713.721333434,452278.103938912,출판인쇄업,출판사,2026-05-01 22:45:47,I,03,폐업,,,,2012-07-12 13:42:23,,2010-02-26,110-290,서울특별시 종로구 인사동 *** 동일빌딩 ***호,CDFG1251002010000021,3000000,,"서울특별시 종로구 인사동길 **,  ***호 (인사동,동일빌딩)",,03,폐업,,,,,,
,관광안내도,2011-04-13,196532.911253134,455916.116756107,출판인쇄업,출판사,2026-05-01 22:45:47,I,03,폐업,,,,2011-04-13 16:39:04,,2010-04-07,110-830,서울특별시 종로구 신영동 *-*,CDFG1251002010000045,3000000,,서울특별시 종로구 진흥로 ***-**  (신영동),,03,폐업,,,,02-774-7612,,
,미리온,2017-07-13,197221.796436998,452604.510947449,출판인쇄업,출판사,2026-05-01 22:45:47,I,03,폐업,,,,2017-07-14 10:04:25,,2008-01-16,110-044,서울특별시 종로구 필운동 ***-**,CDFG1251002010000049,3000000,,서울특별시 종로구 사직로 ** (필운동),,03,폐업,,,,070-7539-3358,,
,베스트올,2012-04-02,201809.67645682,452460.718015096,출판인쇄업,출판사,2026-05-01 22:45:47,I,03,폐업,,,,2012-04-02 16:23:24,,2008-10-14,110-825,서울특별시 종로구 숭인동 ***-* 태정빌딩 ***호,CDFG1251002010000053,3000000,,"서울특별시 종로구 종로 ***,  ***호 (숭인동,태정빌딩)",,03,폐업,,,,67138620,,
,도서출판 여성신문사,2022-11-02,198759.865803731,452161.92923109,출판인쇄업,출판사,2026-05-01 22:45:47,I,03,폐업,,,,2022-12-22 17:31:48,,2000-03-03,,서울특별시 종로구 인사동 ***,CDFG1251002010000055,3000000,,"서울특별시 종로구 인사동길 *-*, *층 (인사동, 신라빌딩)",03164,03,폐업,,,,,,
,(주)산돌커뮤니케이션,2023-12-21,199834.51755564,453267.433509809,출판인쇄업,출판사,2026-05-01 22:45:47,I,03,폐업,,,,2023-12-27 10:37:34,,2010-05-07,110-524,서울특별시 종로구 명륜*가 ***-**,CDFG1251002010000060,3000000,,서울특별시 종로구 창경궁로**길 **  (명륜*가),,03,폐업,,,,02-741-3685,,
,종사보감편찬회,2013-02-14,201744.684500585,452310.493659326,출판인쇄업,출판사,2026-05-01 22:45:48,I,03,폐업,,,,2013-02-14 11:04:53,,2010-05-07,110-825,서울특별시 종로구 숭인동 ***-* 해광빌딩 ***호,CDFG1251002010000062,3000000,,"서울특별시 종로구 난계로**길 **-*,  ***호 (숭인동,해광빌딩)",,03,폐업,,,,02-2252-4305,,
,이은출판,2018-04-20,200502.774229588,452624.67882195,출판인쇄업,출판사,2026-05-01 22:45:48,I,03,폐업,,,,2018-04-20 17:06:08,,2010-05-19,110-844,서울특별시 종로구 충신동 *-** *층,CDFG1251002010000067,3000000,,"서울특별시 종로구 율곡로**가길 ** (충신동,*층)",,03,폐업,,,,,,
,출판사 글밭,2015-05-07,198970.736456772,452534.45478172,출판인쇄업,출판사,2026-05-01 22:45:48,I,03,폐업,,,,2015-05-07 11:20:51,,2010-05-27,110-340,서울특별시 종로구 익선동 **-* 운현신화타워 ***호,CDFG1251002010000068,3000000,,"서울특별시 종로구 삼일대로**길 **, ***호 (익선동,운현신화타워)",,03,폐업,,,,02-6263-1183,,
,라이프앤스토리,2012-11-14,196144.208305058,455487.445533545,출판인쇄업,출판사,2026-05-01 22:45:48,I,03,폐업,,,,2012-11-14 09:18:16,,2010-06-03,110-020,서울특별시 종로구 홍지동 **-* 서교빌라 ***호,CDFG1251002010000072,3000000,,"서울특별시 종로구 홍지문길 **, ***호 (홍지동, 서교빌라)",,03,폐업,,,,02-323-4839,,
,화상영어전문-SISA영어훈련학교,2015-07-29,198752.043335926,451889.12171468,출판인쇄업,출판사,2026-05-01 22:45:48,I,03,폐업,,,,2015-07-29 17:20:51,,2010-06-08,110-111,서울특별시 종로구 관철동 **-*,CDFG1251002010000077,3000000,,서울특별시 종로구 삼일대로**길 ** (관철동),,03,폐업,,,,36710501,,
,종사편찬회,2016-04-29,201850.462764525,452407.508781009,출판인쇄업,출판사,2026-05-01 22:45:48,I,03,폐업,,,,2016-04-29 13:54:44,,2010-06-16,110-825,서울특별시 종로구 숭인동 ***-** 계명빌딩 ***호,CDFG1251002010000081,3000000,,"서울특별시 종로구 종로**길 **, ***호 (숭인동, 계명빌딩)",,03,폐업,,,,02-2238-7215,,
,세계황칠협회,2015-11-05,198915.278529183,452531.271783886,출판인쇄업,출판사,2026-05-01 22:45:48,I,03,폐업,,,,2015-11-05 15:18:11,,2010-06-17,110-340,서울특별시 종로구 익선동 * *층,CDFG1251002010000083,3000000,,"서울특별시 종로구 삼일대로**가길 * (익선동,*층)",,03,폐업,,,,02-725-7690,,
,(주)레드로버,2015-02-27,199045.043602772,451939.677286976,출판인쇄업,출판사,2026-05-01 22:45:48,I,03,폐업,,,,2015-03-01 12:31:39,,2004-03-23,110-420,서울특별시 종로구 관수동 ** 드림팰리스 *층,CDFG1251002010000084,3000000,,"서울특별시 종로구 수표로 ** (관수동,드림팰리스 *층)",,03,폐업,,,,02-2186-9117,,
,아카데미킹북,2013-02-28,201350.473375538,452279.7442603,출판인쇄업,출판사,2026-05-01 22:45:48,I,03,폐업,,,,2013-02-28 14:00:20,,2010-08-03,110-880,서울특별시 종로구 숭인동 *** 대우디오빌 ***호,CDFG1251002010000100,3000000,,"서울특별시 종로구 종로 ***, ***호 (숭인동, 대우디오빌)",,03,폐업,,,,070-4241-8511,,
,한국기독공보미디어사업본부,2013-02-13,200008.831492823,452291.335627477,출판인쇄업,출판사,2026-05-01 22:45:48,I,03,폐업,,,,2013-02-13 14:07:19,,2010-08-31,110-736,서울특별시 종로구 연지동 ***-** 한국기독교연합회관 ****호,CDFG1251002010000113,3000000,,"서울특별시 종로구 김상옥로 **, ****호 (연지동, 한국기독교연합회관)",,03,폐업,,,,02-708-4710,,
,유병서출판사,2017-12-06,201272.139157939,452219.932928383,출판인쇄업,출판사,2026-05-01 22:45:48,I,03,폐업,처리완료,,,2017-12-06 14:03:17,,2010-09-08,110-841,서울특별시 종로구 창신동 ***-** 동대문아파트 ***호,CDFG1251002010000116,3000000,,"서울특별시 종로구 지봉로 **, ***호 (창신동,동대문아파트)",,03,폐업,,,,,,
,(주)시사에듀,2015-04-13,198527.750150961,451865.126432449,출판인쇄업,출판사,2026-05-01 22:45:48,I,03,폐업,,,,2015-04-14 14:51:15,,2010-09-17,110-111,서울특별시 종로구 관철동 **-** 남창빌딩 ***호,CDFG1251002010000119,3000000,,"서울특별시 종로구 종로*길 **, ***호 (관철동,남창빌딩)",,03,폐업,,,,,,
,무지개빛출판기획 IridescencePublishing,2013-07-11,199444.559107781,453672.355261272,출판인쇄업,출판사,2026-05-01 22:45:49,I,03,폐업,,,,2013-07-24 15:16:10,,2010-10-06,110-812,서울특별시 종로구 명륜*가 **-** ***호,CDFG1251002010000130,3000000,,서울특별시 종로구 성균관로*길 **-* (명륜*가),,03,폐업,,,,,,
,일속산방(一粟山房),2013-01-17,197782.622849854,456220.012148299,출판인쇄업,출판사,2026-05-01 22:45:49,I,03,폐업,,,,2013-01-17 15:13:33,,2010-10-21,110-012,서울특별시 종로구 평창동 **-* 금강하이츠 *동 ***호,CDFG1251002010000140,3000000,,"서울특별시 종로구 평창**길 **, *동 ***호 (평창동,금강하이츠)",,03,폐업,,,,070-7644-8668,,
사무실,팔레트,2011-01-31,197713.264843734,451938.037703258,출판인쇄업,출판사,2026-05-01 22:45:49,I,03,폐업,,30,15,2011-01-31 17:46:23,,2010-06-29,110-999,서울특별시 종로구 신문로*가 *** 광화문오피시아 ****호,CDFG1251002010000142,3000000,준주거지역,"서울특별시 종로구 새문안로 **,  ****호 (신문로*가,광화문오피시아)",,03,폐업,기타,,,070-8688-7058,19,4
,草家堂(초가당),2010-11-04,196817.517924251,454541.172326235,출판인쇄업,출판사,2026-05-01 22:45:49,I,03,폐업,,,,2010-11-04 09:08:36,,2010-11-02,110-817,서울특별시 종로구 부암동 ***-* *층*호,CDFG1251002010000146,3000000,,"서울특별시 종로구 창의문로**길 **,  *층*호 (부암동)",,03,폐업,,,,,,
,순출판사,2020-11-23,197107.260076941,454724.128984542,출판인쇄업,출판사,2026-05-01 22:45:49,I,03,폐업,,,,2020-11-23 16:36:44,,1999-03-15,110-021,서울특별시 종로구 부암동 **-*,CDFG1251002010000155,3000000,,서울특별시 종로구 백석동*가길 *-* (부암동),,03,폐업,,,,,,
,무다헌,2016-02-03,198356.494550678,452538.182299039,출판인쇄업,출판사,2026-05-01 22:45:49,I,03,폐업,,,,2016-02-19 13:10:12,,2010-11-17,110-140,서울특별시 종로구 수송동 ** *층호,CDFG1251002010000158,3000000,,"서울특별시 종로구 율곡로*길 *, *층호 (수송동)",,03,폐업,,,,02-720-1667,,
,가나미디어앤북,2021-12-01,196305.208166437,455967.757259819,출판인쇄업,출판사,2026-05-01 22:45:49,I,03,폐업,,0,,2021-12-27 16:50:43,,1998-03-09,,서울특별시 종로구 구기동 **-*,CDFG1251002010000160,3000000,,서울특별시 종로구 진흥로**가길 **-* (구기동),03013,03,폐업,,,,,,
,느티나무 서원,2013-05-08,197559.791065754,452388.315239125,출판인쇄업,출판사,2026-05-01 22:45:49,I,03,폐업,,,,2013-05-08 17:12:16,,2010-12-21,110-070,서울특별시 종로구 내수동 ** 광화문시대오피스텔 ***호,CDFG1251002010000171,3000000,,"서울특별시 종로구 사직로*길 **,  ***호 (내수동,광화문시대오피스텔)",,03,폐업,,,,,,
,도서출판 BSK,2015-12-31,198541.72075378,451935.633974889,출판인쇄업,출판사,2026-05-01 22:45:49,I,03,폐업,,,,2016-02-12 13:10:21,,2010-12-21,110-111,서울특별시 종로구 관철동 **-* 대왕빌딩 *층호,CDFG1251002010000172,3000000,,"서울특별시 종로구 우정국로*길 **, *층호 (관철동,대왕빌딩)",,03,폐업,,,,02-722-7761,,
,도서출판 뜨레,2011-03-29,200072.378101828,452291.689518232,출판인쇄업,출판사,2026-05-01 22:45:49,I,03,폐업,,,,2011-03-29 13:50:19,,2011-01-03,110-736,서울특별시 종로구 연지동 ***-** 한국기독교회관 ****호,CDFG1251002011000002,3000000,,"서울특별시 종로구 대학로 **,  ****호 (연지동,한국기독교회관)",,03,폐업,,,,02-764-2897,,
,예띠,2012-06-08,196397.575952484,456193.898718342,출판인쇄업,출판사,2026-05-01 22:45:49,I,03,폐업,,,,2012-06-08 17:20:46,,2011-01-07,110-803,서울특별시 종로구 구기동 **-* ***호,CDFG1251002011000006,3000000,,"서울특별시 종로구 진흥로**길 **,  ***호 (구기동)",,03,폐업,,,,,,
,(사)사회갈등연구소,2017-01-24,197398.449116783,452068.544653453,출판인쇄업,출판사,2026-05-01 22:45:49,I,03,폐업,,,,2017-01-24 17:41:09,,2011-01-11,110-062,서울특별시 종로구 신문로*가 *-*** 일신사빌딩 *층호,CDFG1251002011000008,3000000,,"서울특별시 종로구 경희궁*길 *, *층호 (신문로*가,일신사빌딩)",,03,폐업,,,,02-730-0430,,
,주식회사 그린에듀,2011-05-17,,,출판인쇄업,출판사,2026-05-01 22:45:49,I,03,폐업,,,,2011-05-17 17:38:54,,2011-01-20,110-835,서울특별시 종로구 종로*가 **-* 효제빌딩 ***호,CDFG1251002011000013,3000000,,,,03,폐업,,,,02-765-2500,,
,마음과 생각,2019-05-20,196171.32627844,452746.033013615,출판인쇄업,출판사,2026-05-01 22:45:49,I,03,폐업,,,,2019-05-21 14:52:21,,2011-01-21,110-877,서울특별시 종로구 무악동 ** 인왕산I-PARK아파트 ***동 ****호,CDFG1251002011000014,3000000,,"서울특별시 종로구 통일로**길 *-*, ***층 ****호 (무악동, 인왕산I-PARK아파트)",,03,폐업,,,,02-733-3455,,
,생각실험실,2012-10-11,198792.274414458,453427.432546139,출판인쇄업,출판사,2026-05-01 22:45:49,I,03,폐업,,,,2012-10-11 17:43:06,,2011-02-09,110-800,서울특별시 종로구 계동 *-***,CDFG1251002011000024,3000000,,서울특별시 종로구 창덕궁길 ***-*  (계동),,03,폐업,,,,,,
,안테라피,2011-08-18,199927.493552587,453570.188742352,출판인쇄업,출판사,2026-05-01 22:45:49,I,03,폐업,,,,2011-08-18 10:29:53,,2011-02-14,110-522,서울특별시 종로구 명륜*가 *-**,CDFG1251002011000029,3000000,,서울특별시 종로구 창경궁로 ***  (명륜*가),,03,폐업,,,,02-3672-3111,,
,엔터라이터,2015-11-10,197459.402673505,456559.750322001,출판인쇄업,출판사,2026-05-01 22:45:49,I,03,폐업,,,,2015-11-10 14:31:12,,2011-02-17,110-846,서울특별시 종로구 평창동 **-* 백석빌라 *동 *층호,CDFG1251002011000033,3000000,,"서울특별시 종로구 평창**길 **-*, *동 *층호 (평창동,백석빌라)",,03,폐업,,,,02-6204-0079,,
,도서출판 일조사,2023-02-17,198269.492281956,453831.946988729,출판인쇄업,출판사,2026-05-01 22:45:49,I,03,폐업,,,,2023-02-17 17:48:52,,2011-02-23,110-230,서울특별시 종로구 삼청동 ***-*,CDFG1251002011000036,3000000,,,,03,폐업,,,,02-725-8831,,
,시삼마,2018-01-23,198754.634182719,452404.979894277,출판인쇄업,출판사,2026-05-01 22:45:50,I,03,폐업,,,,2018-02-01 10:57:28,,2011-03-09,110-310,서울특별시 종로구 경운동 **-* 건국*호빌딩 ***호,CDFG1251002011000041,3000000,,"서울특별시 종로구 인사동*길 **, ***호 (경운동,건국*호빌딩)",,03,폐업,,,,02-733-3334,,
,한마연,2015-03-23,197559.791065754,452388.315239125,출판인쇄업,출판사,2026-05-01 22:45:50,I,03,폐업,,,,2015-03-23 16:14:35,,2011-03-09,110-070,서울특별시 종로구 내수동 ** 광화문시대 ****호,CDFG1251002011000042,3000000,,"서울특별시 종로구 사직로*길 **, ****호 (내수동,광화문시대)",,03,폐업,,,,02-725-8155,,
,성공인,2016-01-19,199251.489631791,451988.752769636,출판인쇄업,출판사,2026-05-01 22:45:50,I,03,폐업,,,,2016-01-19 13:12:55,,2011-03-11,110-123,서울특별시 종로구 종로*가 ***-* *층호,CDFG1251002011000045,3000000,,"서울특별시 종로구 종로 ***, *층호 (종로*가)",,03,폐업,,,,02-2261-1001,,
,넷통미디어,2021-06-11,198658.943470079,452604.254902527,출판인쇄업,출판사,2026-05-01 22:45:50,I,03,폐업,,,,2021-06-13 17:55:11,,2007-06-05,110-776,서울특별시 종로구 경운동 **-* 운현궁SK허브오피스텔 ***동 ***호,CDFG1251002011000047,3000000,,"서울특별시 종로구 삼일대로 ***, ***동 ***호 (경운동,운현궁SK허브오피스텔)",,03,폐업,,,,02-720-4862,,
,싱커북스(ThinkerBooks),2014-01-29,197165.654249255,456180.749959012,출판인쇄업,출판사,2026-05-01 22:45:50,I,03,폐업,,,,2014-01-29 13:12:38,,2011-03-17,110-847,서울특별시 종로구 평창동 *** 금강파크빌리지 *동 ***호,CDFG1251002011000052,3000000,,"서울특별시 종로구 평창**길 *-**, *동 ***호 (평창동,금강파크빌리지)",,03,폐업,,,,02-391-8488,,
,북촌생활사박물관 편집부,2024-12-31,198425.757514438,453573.396340571,출판인쇄업,출판사,2026-05-01 22:45:50,I,03,폐업,,,,2025-01-14 13:32:46,,2011-03-24,110-230,서울특별시 종로구 삼청동 **-***,CDFG1251002011000053,3000000,,서울특별시 종로구 북촌로*나길 ** (삼청동),,03,폐업,,,,02-736-3957,,
,도서출판 문영기획,2018-08-27,197080.707246013,452978.282993732,출판인쇄업,출판사,2026-05-01 22:45:50,I,03,폐업,,,,2018-08-27 17:10:49,,2011-04-13,110-806,서울특별시 종로구 누하동 ***-*,CDFG1251002011000066,3000000,,서울특별시 종로구 필운대로*길 **-** (누하동),,03,폐업,,,,,,
근린생활시설,도서출판창문사,2012-07-18,198619.319752554,452264.276105491,출판인쇄업,출판사,2026-05-01 22:45:50,I,03,폐업,,0,0,2012-07-18 14:13:59,,2002-07-19,110-300,서울특별시 종로구 관훈동 ***-** 오원빌딩 ***호,CDFG1251002011000073,3000000,,"서울특별시 종로구 인사동*길 **,  ***호 (관훈동,오원빌딩)",,03,폐업,,,,02-333-5678,0,0
근린생활시설,코리언북스,2012-07-18,198619.319752554,452264.276105491,출판인쇄업,출판사,2026-05-01 22:45:50,I,03,폐업,,0,0,2012-07-18 14:14:44,,2002-07-19,110-300,서울특별시 종로구 관훈동 ***-** 오원빌딩 ***호,CDFG1251002011000074,3000000,,"서울특별시 종로구 인사동*길 **,  ***호 (관훈동,오원빌딩)",,03,폐업,,,,02-333-5678,0,0
근린생활시설,새우와고래,2012-07-18,198619.319752554,452264.276105491,출판인쇄업,출판사,2026-05-01 22:45:50,I,03,폐업,,0,0,2012-07-18 14:15:18,,2002-07-19,110-300,서울특별시 종로구 관훈동 ***-** 오원빌딩 ***호,CDFG1251002011000075,3000000,,"서울특별시 종로구 인사동*길 **,  ***호 (관훈동,오원빌딩)",,03,폐업,,,,02-333-5678,0,0
근린생활시설,에이비씨북,2012-07-18,198619.319752554,452264.276105491,출판인쇄업,출판사,2026-05-01 22:45:50,I,03,폐업,,0,0,2012-07-18 14:29:22,,2002-07-19,110-300,서울특별시 종로구 관훈동 ***-** 오원빌딩 ***호,CDFG1251002011000076,3000000,,"서울특별시 종로구 인사동*길 **,  ***호 (관훈동,오원빌딩)",,03,폐업,,,,02-333-5678,0,0
,Touch n Up(터치앤업),2018-04-20,196424.837917374,455235.771946564,출판인쇄업,출판사,2026-05-01 22:45:50,I,03,폐업,,,,2018-04-20 16:18:15,,2011-03-17,110-020,서울특별시 종로구 홍지동 ***-** *층 비동,CDFG1251002011000085,3000000,,"서울특별시 종로구 자하문로 ***, 비동 *층 (홍지동)",,03,폐업,,,,02-513-8161,,
,나무아래서,2015-01-21,198913.496136105,452416.170780139,출판인쇄업,출판사,2026-05-01 22:45:50,I,03,폐업,,,,2015-01-21 13:10:30,,2011-05-13,110-320,서울특별시 종로구 낙원동 **-* 종로오피스텔 ****호,CDFG1251002011000088,3000000,,"서울특별시 종로구 삼일대로**길 **, ****호 (낙원동, 종로오피스텔)",,03,폐업,,,,02-766-1195,,
,도서출판바보새,2013-06-26,196957.04537993,456048.716300069,출판인쇄업,출판사,2026-05-01 22:45:50,I,03,폐업,,,,2013-06-26 15:48:06,,2007-07-06,110-847,서울특별시 종로구 평창동 *** 다송빌딩 *층호,CDFG1251002011000093,3000000,,"서울특별시 종로구 평창**길 **,  *층호 (평창동,다송빌딩)",,03,폐업,,,,02-335-7883,,
,도서출판 북웜,2016-05-27,198643.543485167,452199.798612424,출판인쇄업,출판사,2026-05-01 22:45:50,I,03,폐업,,,,2016-05-31 13:57:45,,2011-05-26,110-290,서울특별시 종로구 인사동 ***-* *층호,CDFG1251002011000095,3000000,,"서울특별시 종로구 인사동*길 **, *층호 (인사동)",,03,폐업,,,,02-938-0582,,
,다스름,2019-01-18,197348.44253811,452671.549044338,출판인쇄업,출판사,2026-05-01 22:45:50,I,03,폐업,,,,2019-01-22 12:01:09,,2011-05-27,110-053,서울특별시 종로구 내자동 ** 한빛빌딩 *층,CDFG1251002011000096,3000000,,"서울특별시 종로구 사직로 *** (내자동,한빛빌딩 *층)",,03,폐업,,,,02-738-7522,,
,드림앤러버스,2023-02-17,197277.741008756,452611.239633022,출판인쇄업,출판사,2026-05-01 22:45:50,I,03,폐업,,,,2023-02-17 17:49:00,,2011-06-02,110-044,서울특별시 종로구 필운동 *** 신동아 블루아 광화문의꿈 ***호,CDFG1251002011000102,3000000,,"서울특별시 종로구 사직로 ***,  ***호 (필운동,신동아 블루아 광화문의꿈)",,03,폐업,,,,02-2654-8599,,
,도서출판 아롬,2014-05-26,201251.844430932,452586.559175765,출판인쇄업,출판사,2026-05-01 22:45:50,I,03,폐업,,,,2014-06-02 07:56:30,,2011-06-02,110-541,서울특별시 종로구 창신동 **-*,CDFG1251002011000103,3000000,,서울특별시 종로구 지봉로*길 **-* (창신동),,03,폐업,,,,02-745-7751,,
,뿌리의 집,2011-09-29,197183.085608425,453889.143731753,출판인쇄업,출판사,2026-05-01 22:45:50,I,03,폐업,,,,2011-09-29 16:51:28,,2011-06-21,110-030,서울특별시 종로구 청운동 **-**,CDFG1251002011000113,3000000,,서울특별시 종로구 자하문로 ***-**  (청운동),,03,폐업,,,,02-3210-2451,,
,주)미래상상연구소,2014-12-18,198658.943470079,452604.254902527,출판인쇄업,출판사,2026-05-01 22:45:50,I,03,폐업,,,,2014-12-18 18:35:08,,2011-07-05,110-776,서울특별시 종로구 경운동 **-* ***동 ***호,CDFG1251002011000124,3000000,,서울특별시 종로구 삼일대로 *** (경운동),,03,폐업,,,,,,
,불심사(佛心社),2012-02-07,198439.422099636,452438.138261154,출판인쇄업,출판사,2026-05-01 22:45:50,I,03,폐업,,,,2012-02-07 13:56:08,,2011-07-19,110-170,서울특별시 종로구 견지동 **-** *층호,CDFG1251002011000130,3000000,,"서울특별시 종로구 우정국로 **-*,  *층호 (견지동)",,03,폐업,,,,02-725-0250,,
,불심원,2012-02-07,198443.094500306,452429.111729703,출판인쇄업,출판사,2026-05-01 22:45:50,I,03,폐업,,,,2012-02-07 13:57:14,,2011-07-22,110-170,"서울특별시 종로구 견지동 **-* *,*층호",CDFG1251002011000133,3000000,,"서울특별시 종로구 우정국로 **,  *,*층호 (견지동)",,03,폐업,,,,02-725-0250,,
,옥계출판사,2019-01-31,197465.223921125,452366.613899898,출판인쇄업,출판사,2026-05-01 22:45:50,I,03,폐업,,,,2019-02-01 14:22:45,,2011-08-05,110-872,서울특별시 종로구 내수동 ** 경희궁의아침*단지 오피스텔 ***호,CDFG1251002011000142,3000000,,"서울특별시 종로구 사직로*길 **, ***호 (내수동,경희궁의아침*단지 오피스텔)",,03,폐업,,,,02-738-1794,,
,공책방,2011-12-23,198783.662701312,452122.430070163,출판인쇄업,출판사,2026-05-01 22:45:50,I,03,폐업,,,,2011-12-23 15:07:13,,2011-08-08,110-290,서울특별시 종로구 인사동 *** 파고다빌딩 ***호,CDFG1251002011000144,3000000,,"서울특별시 종로구 인사동길 *,  ***호 (인사동,파고다빌딩)",,03,폐업,,,,02-723-2080,,
,충경노청연합,2023-05-15,199347.411975624,452124.264074545,출판인쇄업,출판사,2026-05-01 22:45:50,I,03,폐업,,,,2024-01-18 10:05:38,,2011-08-09,110-390,서울특별시 종로구 봉익동 *** 성창빌딩 B*호,CDFG1251002011000146,3000000,,"서울특별시 종로구 서순라길 **,  B*호 (봉익동,성창빌딩)",,03,폐업,,,,02-2267-8115,,
,도서출판 메누하,2015-01-14,200183.251729405,452714.737638122,출판인쇄업,출판사,2026-05-01 22:45:50,I,03,폐업,,,,2015-01-14 13:56:07,,2011-08-16,110-500,서울특별시 종로구 이화동 ***-* *층호,CDFG1251002011000149,3000000,,"서울특별시 종로구 이화장길 *, *층호 (이화동)",,03,폐업,,,,070-8851-7578,,
,도서출판 동의침구의학연구원,2018-08-28,200449.551038573,452334.550076414,출판인쇄업,출판사,2026-05-01 22:45:51,I,03,폐업,,,,2018-08-28 11:09:27,,2011-09-06,110-126,서울특별시 종로구 종로*가 ***-** ***호,CDFG1251002011000159,3000000,,"서울특별시 종로구 종로**길 **, ***호 (종로*가)",,03,폐업,,,,0505-330-5330,,
,사단법인 한국교양학습만화진흥협회,2017-09-11,,,출판인쇄업,출판사,2026-05-01 22:45:51,I,03,폐업,,,,2017-09-11 17:04:44,,2011-09-08,110-090,서울특별시 종로구 교북동 **-* 석봉빌딩 *층호,CDFG1251002011000162,3000000,,"서울특별시 종로구 통일로 ***, *층호 (교북동,석봉빌딩)",,03,폐업,,,,02-732-3221,,
,이노브리지,2013-07-24,198452.955660086,452271.415164816,출판인쇄업,출판사,2026-05-01 22:45:51,I,03,폐업,,,,2013-08-13 15:32:16,,2011-09-19,110-170,서울특별시 종로구 견지동 **-*,CDFG1251002011000165,3000000,,서울특별시 종로구 우정국로 **  (견지동),,03,폐업,,,,,,
,한국지역문화이벤트연구소,2021-12-16,200248.873972098,452605.675458844,출판인쇄업,출판사,2026-05-01 22:45:51,I,03,폐업,,,,2021-12-16 15:53:31,,2011-09-19,110-500,서울특별시 종로구 이화동 *** 석광빌딩 *층호,CDFG1251002011000166,3000000,,"서울특별시 종로구 율곡로**길 *-*,  *층호 (이화동,석광빌딩)",,03,폐업,,,,02-764-8474,,
,채미헌,2011-10-12,198735.662733196,453033.396154243,출판인쇄업,출판사,2026-05-01 22:45:51,I,03,폐업,,,,2011-10-12 14:31:22,,2011-09-21,110-801,서울특별시 종로구 계동 ***-*,CDFG1251002011000169,3000000,,서울특별시 종로구 계동길 **-*  (계동),,03,폐업,,,,02-742-3253,,
,(주)도서출판실로암,2012-11-02,198150.300374121,452019.212642931,출판인쇄업,출판사,2026-05-01 22:45:51,I,03,폐업,,,,2012-11-02 17:52:26,,2011-09-22,110-888,서울특별시 종로구 종로*가 ** 르메이에르종로타운 B동 ****호,CDFG1251002011000171,3000000,,"서울특별시 종로구 종로 **, B동 ****호 (종로*가,르메이에르종로타운)",,03,폐업,,,,02-2075-6040,,
,뿌리의 집,2012-03-30,197183.085608425,453889.143731753,출판인쇄업,출판사,2026-05-01 22:45:51,I,03,폐업,,,,2012-03-30 14:01:47,,2011-09-30,110-030,서울특별시 종로구 청운동 **-**,CDFG1251002011000174,3000000,,서울특별시 종로구 자하문로 ***-**  (청운동),,03,폐업,,,,02-3210-2451,,
,도서출판 행림출판사,2013-05-24,201853.268380126,452392.927257206,출판인쇄업,출판사,2026-05-01 22:45:51,I,03,폐업,,,,2013-05-24 15:19:07,,2011-10-10,110-825,서울특별시 종로구 숭인동 ***-** 삼일빌딩 ***호,CDFG1251002011000178,3000000,,"서울특별시 종로구 종로**가길 *,  ***호 (숭인동,삼일빌딩)",,03,폐업,,,,02-945-3430,,
,RA미디어,2019-09-10,198624.006469032,452310.752960617,출판인쇄업,출판사,2026-05-01 22:45:51,I,03,폐업,,,,2019-11-08 10:25:49,,2011-10-20,,서울특별시 종로구 관훈동 ***-** 백상빌딩,CDFG1251002011000184,3000000,,"서울특별시 종로구 인사동*길 **, 백상빌딩 ****호 (관훈동)",03149,03,폐업,,,,,,
,선현보감편찬회,2016-04-29,201850.462764525,452407.508781009,출판인쇄업,출판사,2026-05-01 22:45:51,I,03,폐업,,,,2016-04-29 13:52:00,,2011-10-24,110-825,서울특별시 종로구 숭인동 ***-** 계명빌딩 ***호,CDFG1251002011000185,3000000,,"서울특별시 종로구 종로**길 **, ***호 (숭인동, 계명빌딩)",,03,폐업,,,,02-2238-7215,,
,알엑스알(R*R),2014-12-30,198150.300374121,452019.212642931,출판인쇄업,출판사,2026-05-01 22:45:51,I,03,폐업,,,,2014-12-30 15:11:52,,2011-11-02,110-888,서울특별시 종로구 종로*가 ** 르메이에르종로타운 ***호,CDFG1251002011000187,3000000,,서울특별시 종로구 종로 ** (종로*가),,03,폐업,,,,02-722-7444,,
,교연교육,2023-12-13,197221.234667347,452995.502118213,출판인쇄업,출판사,2026-05-01 22:45:51,I,03,폐업,,,,2023-12-13 17:17:55,,2011-11-11,110-806,서울특별시 종로구 누하동 ***,CDFG1251002011000192,3000000,,서울특별시 종로구 자하문로*길 **-* (누하동),,03,폐업,,,,02-738-9366,,
,더큐브(The Cube),2015-03-20,200072.378101828,452291.689518232,출판인쇄업,출판사,2026-05-01 22:45:51,I,03,폐업,,,,2015-03-20 17:26:52,,2011-11-15,110-736,서울특별시 종로구 연지동 ***-** 한국기독교회관 ***호,CDFG1251002011000197,3000000,,"서울특별시 종로구 대학로 **, ***호 (연지동, 한국기독교회관)",,03,폐업,,,,02-742-8727,,
,(주)다문화신문사,2014-01-27,197567.93800572,452276.454633376,출판인쇄업,출판사,2026-05-01 22:45:51,I,03,폐업,,,,2014-01-27 17:33:31,,2011-12-05,110-070,서울특별시 종로구 내수동 *** 세종로빌딩 복합동 ***호,CDFG1251002011000208,3000000,,"서울특별시 종로구 새문안로*길 **, 복합동 ***호 (내수동, 세종로빌딩)",,03,폐업,,,,02-739-5910,,
,우리詩,2012-04-17,198966.466796388,452608.062544497,출판인쇄업,출판사,2026-05-01 22:45:51,I,03,폐업,,,,2012-04-17 14:00:56,,2011-12-16,110-350,서울특별시 종로구 운니동 **-* 오피스텔월드 ****호,CDFG1251002011000216,3000000,,"서울특별시 종로구 율곡로*길 **, ****호 (운니동, 오피스텔월드)",,03,폐업,,,,070-4245-1194,,
,이정로어학연구소,2020-04-13,197607.398336321,452120.026024435,출판인쇄업,출판사,2026-05-01 22:45:54,I,03,폐업,,,,2020-04-13 17:53:52,,2011-12-27,,서울특별시 종로구 당주동 *** 미도파광화문빌딩 *층 ***-*호,CDFG1251002011000219,3000000,,"서울특별시 종로구 세종대로**길 **, *층 ***-**호 (당주동, 미도파광화문빌딩)",03182,03,폐업,,,,,,
,티앤코리아(주),2016-03-31,199160.391757059,452765.834926033,출판인쇄업,출판사,2026-05-01 22:45:55,I,03,폐업,,,,2016-03-31 14:48:51,,2012-01-17,110-380,서울특별시 종로구 권농동 ***-*,CDFG1251002012000013,3000000,,서울특별시 종로구 율곡로 ***-** (권농동),,03,폐업,,,,02-3673-3400,,
,학문미디어,2013-06-27,197384.008252239,452490.443583788,출판인쇄업,출판사,2026-05-01 22:45:55,I,03,폐업,,,,2013-06-27 15:08:57,,2012-01-19,110-053,서울특별시 종로구 내자동 *** *층호,CDFG1251002012000019,3000000,,"서울특별시 종로구 사직로*길 **-*, *층 (내자동)",,03,폐업,,,,02-738-5118,,
,아이앤비,2015-02-25,,,출판인쇄업,출판사,2026-05-01 22:45:55,I,03,폐업,,,,2015-02-26 11:39:54,,2012-02-01,110-092,서울특별시 종로구 홍파동 *** 동양빌딩 ***호,CDFG1251002012000023,3000000,,"서울특별시 종로구 통일로 ***-***, ***호 (홍파동, 동양빌딩)",,03,폐업,,,,02-739-9531,,
,동양보건의료생활협동조합,2024-05-30,200072.378101828,452291.689518232,출판인쇄업,출판사,2026-05-01 22:45:55,I,03,폐업,,,,2025-02-06 15:25:56,,2012-02-06,110-736,서울특별시 종로구 연지동 ***-** 한국기독교회관 ***호,CDFG1251002012000024,3000000,,"서울특별시 종로구 대학로 **, ***호 (연지동, 한국기독교회관)",,03,폐업,,,,02-766-4291,,
,문학비단길,2024-05-17,197406.064032456,453239.584487207,출판인쇄업,출판사,2026-05-01 22:45:55,I,03,폐업,,,,2024-05-17 16:00:49,,2012-02-15,110-034,서울특별시 종로구 창성동 ***-*,CDFG1251002012000028,3000000,,서울특별시 종로구 자하문로**길 * (창성동),,03,폐업,,,,,,
,문화반란군,2016-09-28,197384.844172315,452526.630451394,출판인쇄업,출판사,2026-05-01 22:45:55,I,03,폐업,,,,2016-09-28 15:46:00,,2012-02-21,110-053,서울특별시 종로구 내자동 *** 광희빌딩 ***호,CDFG1251002012000033,3000000,,서울특별시 종로구 사직로**길 ** (내자동),,03,폐업,,,,02-733-2007,,
,엠퍼블리싱(m publishing),2021-02-19,197354.237998583,453072.866451626,출판인쇄업,출판사,2026-05-01 22:45:57,I,03,폐업,,,,2021-02-23 13:39:49,,2012-03-21,110-043,서울특별시 종로구 통인동 ***-**,CDFG1251002012000049,3000000,,서울특별시 종로구 자하문로**길 * (통인동),,03,폐업,,,,,,
,(주)지식경영서비스연구원,2017-01-03,196637.952805812,452163.832063735,출판인쇄업,출판사,2026-05-01 22:45:57,I,03,폐업,,,,2017-01-04 18:41:37,,2012-04-23,110-091,서울특별시 종로구 행촌동 **-**,CDFG1251002012000065,3000000,,서울특별시 종로구 사직로 **-** (행촌동),,03,폐업,,,,,,
,지우,2009-03-24,198913.496136105,452416.170780139,출판인쇄업,출판사,2026-05-01 22:45:39,I,03,폐업,,,,2009-03-24 17:04:44,,2007-05-07,110-320,서울특별시 종로구 낙원동 **-* 종로오피스텔 ****호,CDFG1251002007000085,3000000,,"서울특별시 종로구 삼일대로**길 **,  ****호 (낙원동,종로오피스텔)",,03,폐업,,,,,,
,문영정보인쇄,2011-01-17,197080.707246013,452978.282993732,출판인쇄업,출판사,2026-05-01 22:45:39,I,03,폐업,,,,2011-01-17 11:45:02,,2007-05-17,110-806,서울특별시 종로구 누하동 ***-*,CDFG1251002007000089,3000000,,서울특별시 종로구 필운대로*길 **-**  (누하동),,03,폐업,,,,32101165,,
,참말로,2009-08-19,199753.151153164,453426.520317852,출판인쇄업,출판사,2026-05-01 22:45:39,I,03,폐업,,,,2009-08-19 09:38:51,,2007-05-23,110-812,서울특별시 종로구 명륜*가 ***-* ***호,CDFG1251002007000092,3000000,,"서울특별시 종로구 성균관로*길 *,  ***호 (명륜*가)",,03,폐업,,,,,,
,머스트북,2011-10-19,197573.410190449,452950.186189541,출판인쇄업,출판사,2026-05-01 22:45:39,I,03,폐업,,,,2011-10-20 10:36:11,,2007-05-28,110-040,서울특별시 종로구 통의동 *-** ***호,CDFG1251002007000094,3000000,,"서울특별시 종로구 효자로*길 *,  ***호 (통의동)",,03,폐업,,,,,,
,호팔이학당,2012-04-25,199812.609633255,452132.648343993,출판인쇄업,출판사,2026-05-01 22:45:39,I,03,폐업,,,,2012-04-25 13:32:31,,2007-05-31,110-410,서울특별시 종로구 인의동 **-* 효성쥬얼리시티 A동 ***호,CDFG1251002007000095,3000000,,,,03,폐업,,,,,,
,홍진코믹스,2009-03-04,197235.601597011,452604.098418456,출판인쇄업,출판사,2026-05-01 22:45:39,I,03,폐업,,,,2009-03-04 14:35:24,,2007-06-04,110-044,서울특별시 종로구 필운동 ***-* ***호,CDFG1251002007000097,3000000,,"서울특별시 종로구 사직로 **,  ***호 (필운동)",,03,폐업,,,,,,
,해외미디어연구소,2014-07-03,200066.578466114,453894.488335572,출판인쇄업,출판사,2026-05-01 22:45:39,I,03,폐업,,,,2014-07-03 16:04:58,,2007-06-19,110-530,서울특별시 종로구 혜화동 **-**,CDFG1251002007000103,3000000,,서울특별시 종로구 창경궁로**나길 *-* (혜화동),,03,폐업,,,,,,
,이젤,2010-08-16,198616.704613035,452778.887475219,출판인쇄업,출판사,2026-05-01 22:45:39,I,03,폐업,,,,2010-08-16 16:56:27,,2007-07-13,110-240,서울특별시 종로구 안국동 *** *층,CDFG1251002007000117,3000000,,"서울특별시 종로구 북촌로*길 **  (안국동,*층)",,03,폐업,,,,,,
,태을,2009-05-15,200351.960931501,453271.004819246,출판인쇄업,출판사,2026-05-01 22:45:39,I,03,폐업,,,,2009-05-15 16:29:41,,2007-07-19,,서울특별시 종로구 동숭동 **-**,CDFG1251002007000119,3000000,,서울특별시 종로구 동숭*길 **  (동숭동),,03,폐업,,,,02-741-0823,,
,아트디자인,2010-08-05,200870.466483008,451975.759124436,출판인쇄업,출판사,2026-05-01 22:45:39,I,03,폐업,,,,2010-08-05 15:29:25,,2007-07-25,110-842,서울특별시 종로구 창신동 ***-** A(가)동 ***호,CDFG1251002007000120,3000000,,,,03,폐업,,,,02-741-9775,,
,코미인포,2010-07-22,198658.943470079,452604.254902527,출판인쇄업,출판사,2026-05-01 22:45:39,I,03,폐업,,,,2010-07-22 18:00:02,,2007-08-03,110-776,서울특별시 종로구 경운동 **-* 운현궁SK허브 ***동 ***호,CDFG1251002007000123,3000000,,"서울특별시 종로구 삼일대로 ***, ***동 ***호 (경운동,운현궁SK허브)",,03,폐업,,,,02-3471-4807,,
,한국불교단체총연합회 편찬실,2008-01-28,,,출판인쇄업,출판사,2026-05-01 22:45:39,I,03,폐업,,,,2008-01-28 14:53:21,,2007-08-08,110-092,서울특별시 종로구 홍파동 *** *층,CDFG1251002007000124,3000000,,,,03,폐업,,,,02-730-6766,,
,한정신건강연구소,2008-10-22,198966.466796388,452608.062544497,출판인쇄업,출판사,2026-05-01 22:45:39,I,03,폐업,,,,2008-10-22 17:24:48,,2007-08-29,110-350,서울특별시 종로구 운니동 **-* 오피스텔월드 ***호,CDFG1251002007000127,3000000,,"서울특별시 종로구 율곡로*길 **,  ***호 (운니동,오피스텔월드)",,03,폐업,,,,02-742-1360,,
,학교법인 한국디지털대학교,2011-03-28,198773.601433609,453836.467775446,출판인쇄업,출판사,2026-05-01 22:45:39,I,03,폐업,,,,2011-03-28 17:01:00,,2007-08-29,110-800,서울특별시 종로구 계동 *-**,CDFG1251002007000128,3000000,,서울특별시 종로구 북촌로 ***  (계동),,03,폐업,,,,02-6361-1810,,
,길라씨엔아이(주),2015-02-11,197567.747824202,452347.973860449,출판인쇄업,출판사,2026-05-01 22:45:39,I,03,폐업,,,,2015-02-11 13:49:07,,2007-09-18,110-070,서울특별시 종로구 내수동 ** 용비어천가 ***호,CDFG1251002007000138,3000000,,"서울특별시 종로구 새문안로*길 **, ***호 (내수동,용비어천가)",,03,폐업,,,,02-735-7878,,
,도서출판 섬김,2018-04-26,200320.268002634,452715.855153705,출판인쇄업,출판사,2026-05-01 22:45:39,I,03,폐업,,,,2018-04-26 15:53:51,,2007-10-08,110-500,서울특별시 종로구 이화동 **-*,CDFG1251002007000144,3000000,,서울특별시 종로구 이화장길 ** (이화동),,03,폐업,,,,02-744-8291,,
,(주)브라운편입,2025-01-14,198928.776736747,451791.664335917,출판인쇄업,출판사,2026-05-01 22:45:40,I,03,폐업,,,,2025-01-15 18:09:07,,2007-10-17,,서울특별시 종로구 관철동 **-* 수표교빌딩,CDFG1251002007000148,3000000,,"서울특별시 종로구 청계천로 **, 수표교빌딩 (관철동)",03191,03,폐업,,,,,,
,이화문화출판사,2012-03-06,197337.130241983,452598.502876887,출판인쇄업,출판사,2026-05-01 22:45:40,I,03,폐업,,,,2012-03-06 16:43:01,,2007-10-29,110-053,서울특별시 종로구 내자동 ***,CDFG1251002007000153,3000000,,서울특별시 종로구 사직로 ***-*  (내자동),,03,폐업,,,,73899881,,
,소통,2019-04-26,197329.141611608,452702.61738178,출판인쇄업,출판사,2026-05-01 22:45:40,I,03,폐업,,,,2019-04-26 10:32:15,,2007-11-01,110-045,서울특별시 종로구 체부동 *** *층,CDFG1251002007000155,3000000,,"서울특별시 종로구 자하문로*길 ** (체부동,*층)",,03,폐업,,,,02-723-5044,,
,(주)아티스탄,2022-01-28,200114.951195492,453421.325549781,출판인쇄업,출판사,2026-05-01 22:45:40,I,03,폐업,,,,2022-02-04 14:49:36,,2007-11-05,110-809,서울특별시 종로구 동숭동 *-** 지하*층,CDFG1251002007000157,3000000,,"서울특별시 종로구 대학로 ***  (동숭동,지하*층)",,03,폐업,,,,02-786-3134,,
,씨앤에이 기획(CnA Planning partner),2009-06-10,199792.423824767,454167.977891264,출판인쇄업,출판사,2026-05-01 22:45:40,I,03,폐업,,,,2009-06-10 16:25:59,,2007-11-07,,서울특별시 종로구 명륜*가 **-* 유성빌딩 ***호,CDFG1251002007000158,3000000,,"서울특별시 종로구 성균관로 **,  ***호 (명륜*가,유성빌딩)",,03,폐업,,,,02-744-0083,,
,주식회사 세화전자,2011-01-05,197236.599536093,452571.994759647,출판인쇄업,출판사,2026-05-01 22:45:40,I,03,폐업,,,,2011-01-05 17:12:16,,2007-12-07,110-044,서울특별시 종로구 필운동 *** 제이앤제이빌딩 *층,CDFG1251002007000168,3000000,,"서울특별시 종로구 사직로*길 *  (필운동,제이앤제이빌딩 *층)",,03,폐업,,,,02-736-1214,,
,도서출판 내서재,2014-04-25,198150.300374121,452019.212642931,출판인쇄업,출판사,2026-05-01 22:45:40,I,03,폐업,,,,2014-04-25 13:26:53,,2007-12-17,110-888,서울특별시 종로구 종로*가 ** 르메이에르종로타운 ***호,CDFG1251002007000169,3000000,,"서울특별시 종로구 종로 **, ***호 (종로*가,르메이에르종로타운)",,03,폐업,,,,,,
,민중닷컴,2010-05-20,196917.02561613,452544.359551068,출판인쇄업,출판사,2026-05-01 22:45:40,I,03,폐업,,,,2010-05-20 14:27:20,,2007-12-28,110-054,서울특별시 종로구 사직동 ***-* 지하,CDFG1251002007000171,3000000,,"서울특별시 종로구 사직로*길 **  (사직동,지하)",,03,폐업,,,,02-735-3774,,
,도서출판 후암,2008-09-29,199972.881431778,453308.674806807,출판인쇄업,출판사,2026-05-01 22:45:40,I,03,폐업,,,,2008-09-29 17:03:42,,2007-07-25,110-524,서울특별시 종로구 명륜*가 ***-* 대학로스타시티빌딩 *층 ***호,CDFG1251002007000175,3000000,,"서울특별시 종로구 대학로**길 **,  ***호 (명륜*가,대학로스타시티빌딩 *층)",,03,폐업,,,,02-416-5224,,
,JM WORLD (제이엠 월드),2009-03-04,198324.653631679,452252.812389497,출판인쇄업,출판사,2026-05-01 22:45:40,I,03,폐업,,,,2009-03-04 13:52:13,,2007-04-18,110-858,서울특별시 종로구 수송동 ** 두산위브파빌리온 *층 ***호,CDFG1251002007000176,3000000,,"서울특별시 종로구 삼봉로 **,  ***호 (수송동,두산위브파빌리온 *층)",,03,폐업,,,,02-730-5959,,
,(주)미래경영아카데미,2010-10-06,198503.329082237,452297.556997868,출판인쇄업,출판사,2026-05-01 22:45:40,I,03,폐업,,,,2010-10-06 11:40:13,,2008-01-11,110-170,서울특별시 종로구 견지동 **-* *층,CDFG1251002008000005,3000000,,"서울특별시 종로구 인사동*길 **  (견지동,*층)",,03,폐업,,,,02-735-3500,,
,종이거울,2008-08-21,200573.148916066,452220.908055241,출판인쇄업,출판사,2026-05-01 22:45:40,I,03,폐업,,,,2008-08-21 16:34:41,,2008-01-30,110-126,서울특별시 종로구 종로*가 **-* *층*호,CDFG1251002008000010,3000000,,"서울특별시 종로구 율곡로**길 **  (종로*가,*층*호)",,03,폐업,,,,,,
,갈등조정아카데미(주),2013-11-25,197398.449116783,452068.544653453,출판인쇄업,출판사,2026-05-01 22:45:40,I,03,폐업,,,,2013-11-25 15:56:23,,2008-02-12,110-062,서울특별시 종로구 신문로*가 *-*** 일신사빌딩 *층,CDFG1251002008000014,3000000,,"서울특별시 종로구 경희궁*길 *, *층 (신문로*가, 일신사빌딩)",,03,폐업,,,,02-730-0430,,
,디자인 멋,2011-10-19,198457.208292267,452339.530424899,출판인쇄업,출판사,2026-05-01 22:45:40,I,03,폐업,,,,2011-10-20 10:34:53,,2008-04-02,110-170,서울특별시 종로구 견지동 **-* S&S빌딩 *층,CDFG1251002008000033,3000000,,"서울특별시 종로구 우정국로 **  (견지동,S&S빌딩 *층)",,03,폐업,,,,02-738-9314,,
,나무사이,2009-09-01,198658.943470079,452604.254902527,출판인쇄업,출판사,2026-05-01 22:45:40,I,03,폐업,,65.1,,2009-09-01 09:55:55,,2008-05-19,110-310,서울특별시 종로구 경운동 **-* 운현궁 에스케이 허브 ***동 ***호,CDFG1251002008000045,3000000,,"서울특별시 종로구 삼일대로 ***, ***동 ***호 (경운동,운현궁 에스케이 허브)",,03,폐업,,,,02-737-8281,,
,도서출판 육서당,2008-10-22,198324.653631679,452252.812389497,출판인쇄업,출판사,2026-05-01 22:45:41,I,03,폐업,,,,2008-10-22 10:33:11,,2008-06-09,110-858,서울특별시 종로구 수송동 ** 두산위브파빌리온 ***호,CDFG1251002008000049,3000000,,"서울특별시 종로구 삼봉로 **,  ***호 (수송동,두산위브파빌리온)",,03,폐업,,,,02-722-4842,,
,도서출판 빛누리,2008-11-10,198324.653631679,452252.812389497,출판인쇄업,출판사,2026-05-01 22:45:41,I,03,폐업,,,,2008-11-10 17:28:10,,2008-06-09,110-858,서울특별시 종로구 수송동 ** 두산위브파빌리온 ****호,CDFG1251002008000050,3000000,,"서울특별시 종로구 삼봉로 **,  ****호 (수송동,두산위브파빌리온)",,03,폐업,,,,02-722-4842,,
,미인,2009-09-02,201596.915665402,452455.603946205,출판인쇄업,출판사,2026-05-01 22:45:41,I,03,폐업,,,,2009-09-02 17:04:11,,2008-06-09,110-824,서울특별시 종로구 숭인동 **-** 연남빌딩 ***호,CDFG1251002008000051,3000000,,"서울특별시 종로구 종로**가길 *,  ***호 (숭인동,연남빌딩)",,03,폐업,,,,02-747-6003,,
,기역니은(ㄱㄴ),2025-07-31,199052.164234663,452535.569961658,출판인쇄업,출판사,2026-05-01 22:45:41,I,03,폐업,,,,2025-07-31 13:30:23,,2008-06-12,110-340,서울특별시 종로구 익선동 ** 현대뜨레비앙 ***호,CDFG1251002008000054,3000000,,"서울특별시 종로구 돈화문로**가길 **,  ***호 (익선동,현대뜨레비앙)",,03,폐업,,,,02-747-8212,,
,도서출판 염광사,2017-12-22,200072.378101828,452291.689518232,출판인쇄업,출판사,2026-05-01 22:45:41,I,03,폐업,,,,2017-12-22 10:34:34,,2008-06-24,110-736,서울특별시 종로구 연지동 ***-** 한국기독교회관 ***-A호,CDFG1251002008000056,3000000,,"서울특별시 종로구 대학로 **, ***-A호 (연지동,한국기독교회관)",,03,폐업,,,,02-765-0580,,
,샘글,2013-11-19,198150.300374121,452019.212642931,출판인쇄업,출판사,2026-05-01 22:45:41,I,03,폐업,,,,2013-11-19 16:57:44,,2008-07-08,110-121,서울특별시 종로구 종로*가 ** 르메이에르종로타운* ****호,CDFG1251002008000060,3000000,,"서울특별시 종로구 종로 **, ****호 (종로*가,르메이에르종로타운*)",,03,폐업,,,,02-2075-7060,,
,비즈니스 마인드,2010-08-16,198616.704613035,452778.887475219,출판인쇄업,출판사,2026-05-01 22:45:41,I,03,폐업,,,,2010-08-16 16:56:56,,2008-07-18,110-240,서울특별시 종로구 안국동 *** *층,CDFG1251002008000063,3000000,,"서울특별시 종로구 북촌로*길 **  (안국동,*층)",,03,폐업,,,,02-723-5684,,
,한국가정상담연구소,2013-06-30,197145.918502571,453068.116131714,출판인쇄업,출판사,2026-05-01 22:45:41,I,03,폐업,,,,2013-07-24 16:20:42,,2008-07-21,110-805,서울특별시 종로구 누하동 ** 태평타운 ***호,CDFG1251002008000064,3000000,,"서울특별시 종로구 필운대로 **,  ***호 (누하동,태평타운)",,03,폐업,,,,02-567-8690,,
,(사)전태일기념사업회,2010-01-15,200970.169708336,452467.977067457,출판인쇄업,출판사,2026-05-01 22:45:41,I,03,폐업,,,,2010-01-15 19:27:37,,2008-07-21,110-840,서울특별시 종로구 창신동 ***-*** 지층,CDFG1251002008000065,3000000,,"서울특별시 종로구 창신*다길 **  (창신동,지층)",,03,폐업,,,,02-744-7456,,
,도서출판 산지,2009-03-17,201192.534300327,452436.247037246,출판인쇄업,출판사,2026-05-01 22:45:41,I,03,폐업,,,,2009-03-17 16:11:19,,2008-08-28,110-840,서울특별시 종로구 창신동 *** 두산(아) ***동 ***호,CDFG1251002008000078,3000000,,"서울특별시 종로구 지봉로*길 *, ***동 ***호 (창신동,두산(아))",,03,폐업,,,,02-764-9668,,
,(주)제이엠에이씨네트컴(JMAC Netcom Inc.),2009-08-21,198057.201456751,451911.789172214,출판인쇄업,출판사,2026-05-01 22:45:41,I,03,폐업,,,,2009-08-21 10:19:13,,2008-09-05,110-726,서울특별시 종로구 서린동 *** 청계**빌딩 **층,CDFG1251002008000084,3000000,,"서울특별시 종로구 청계천로 **  (서린동,청계**빌딩 **층)",,03,폐업,,,,02-782-5211,,
,Global Korean,2015-07-29,198752.043335926,451889.12171468,출판인쇄업,출판사,2026-05-01 22:45:41,I,03,폐업,,,,2015-07-29 17:23:10,,2008-09-09,110-111,서울특별시 종로구 관철동 **-*,CDFG1251002008000086,3000000,,서울특별시 종로구 삼일대로**길 ** (관철동),,03,폐업,,,,02-3671-0592,,
,북마루,2017-01-16,198876.112428855,453069.922923296,출판인쇄업,출판사,2026-05-01 22:45:41,I,03,폐업,,,,2017-01-16 08:21:51,,2008-09-25,110-280,서울특별시 종로구 원서동 ***-** (*인무점포출판사),CDFG1251002008000094,3000000,,"서울특별시 종로구 창덕궁*가길 ** (원서동,(*인무점포출판사))",,03,폐업,,,,02-764-1116,,
,학문사,2016-06-17,196637.952805812,452163.832063735,출판인쇄업,출판사,2026-05-01 22:45:41,I,03,폐업,,,,2022-02-22 10:03:54,,2008-10-06,110-091,서울특별시 종로구 행촌동 **-** *층,CDFG1251002008000096,3000000,,"서울특별시 종로구 사직로 **-**, *층 (행촌동)",,03,폐업,,,,02-738-5118,,
,도서출판 나가원(那迦院),2009-06-24,198754.634182719,452404.979894277,출판인쇄업,출판사,2026-05-01 22:45:41,I,03,폐업,,,,2009-06-24 13:11:32,,2008-10-13,,서울특별시 종로구 경운동 **-*,CDFG1251002008000100,3000000,,서울특별시 종로구 인사동*길 **  (경운동),,03,폐업,,,,02-733-3359,,
,메주출판,2010-03-22,196656.057,456014.047,출판인쇄업,출판사,2026-05-01 22:45:41,I,03,폐업,,,,2010-03-22 14:40:47,,2008-10-14,110-847,서울특별시 종로구 평창동 ***-**,CDFG1251002008000102,3000000,,서울특별시 종로구 평창길 **  (평창동),,03,폐업,,,,02-379-4615,,
,한국신문방송기자연합,2020-12-09,197656.177872742,452014.977175148,출판인쇄업,출판사,2026-05-01 22:45:41,I,03,폐업,,,,2020-12-10 16:08:38,,2008-10-15,110-061,서울특별시 종로구 신문로*가 **,CDFG1251002008000105,3000000,,서울특별시 종로구 새문안로 **  (신문로*가),,03,폐업,,,,02-3785-1717,,
,후암미디어,2011-12-30,199972.881431778,453308.674806807,출판인쇄업,출판사,2026-05-01 22:45:41,I,03,폐업,,,,2011-12-30 13:44:07,,2008-10-21,110-524,서울특별시 종로구 명륜*가 ***-* 대학로스타시티빌딩 ***-*호,CDFG1251002008000108,3000000,,"서울특별시 종로구 대학로**길 **,  ***-*호 (명륜*가,대학로스타시티빌딩)",,03,폐업,,,,02-416-5224,,
,한정신건강연구소,2013-02-13,198966.466796388,452608.062544497,출판인쇄업,출판사,2026-05-01 22:45:41,I,03,폐업,,,,2013-02-13 15:48:17,,2008-10-29,110-350,서울특별시 종로구 운니동 **-* 오피스텔월드 ***호,CDFG1251002008000109,3000000,,"서울특별시 종로구 율곡로*길 **,  ***호 (운니동,오피스텔월드)",,03,폐업,,,,02-742-1360,,
,(주)아이엘피,2016-02-22,197713.264843734,451938.037703258,출판인쇄업,출판사,2026-05-01 22:45:41,I,03,폐업,,,,2016-02-22 16:33:04,,2008-11-28,110-999,서울특별시 종로구 신문로*가 *** 광화문오피시아 ****호,CDFG1251002008000118,3000000,,"서울특별시 종로구 새문안로 **, ****호 (신문로*가, 광화문오피시아)",,03,폐업,,,,02-6204-0011,,
,대한예총한국기독공보사,2017-01-23,200008.831492823,452291.335627477,출판인쇄업,출판사,2026-05-01 22:45:41,I,03,폐업,,,,2017-01-23 18:06:51,,2008-12-09,110-736,서울특별시 종로구 연지동 ***-** 한국기독교연합회관 ****호,CDFG1251002008000121,3000000,,"서울특별시 종로구 김상옥로 **, ****호 (연지동, 한국기독교연홥회관)",,03,폐업,,,,02-708-4711,,
,한국사회교육문화원,2014-07-30,199821.627625442,453360.147414481,출판인쇄업,출판사,2026-05-01 22:45:41,I,03,폐업,,,,2014-08-01 14:47:06,,2008-12-29,110-524,서울특별시 종로구 명륜*가 *** 이화빌딩 ***호,CDFG1251002008000126,3000000,,"서울특별시 종로구 창경궁로 ***, ***호 (명륜*가,이화빌딩)",,03,폐업,,,,02-922-9292,,
,휴먼아이(Huma  i),2017-12-07,197713.264843734,451938.037703258,출판인쇄업,출판사,2026-05-01 22:45:41,I,03,폐업,,,,2017-12-07 18:42:14,,2008-12-24,,서울특별시 종로구 신문로*가 *** 광화문오피시아 ****호,CDFG1251002008000128,3000000,,"서울특별시 종로구 새문안로 **, ****호 (신문로*가, 광화문오피시아)",03186,03,폐업,,,,,,
,(주)코시엠,2012-09-21,197465.223921125,452366.613899898,출판인쇄업,출판사,2026-05-01 22:45:41,I,03,폐업,,,,2012-09-21 16:36:29,,2008-01-15,110-070,서울특별시 종로구 내수동 ** 경희궁의아침*단지오피스텔 ***호,CDFG1251002008000129,3000000,,"서울특별시 종로구 사직로*길 **,  ***호 (내수동,경희궁의아침*단지오피스텔)",,03,폐업,,,,02-777-7958,,
,프레스코리아,2014-05-29,197465.223921125,452366.613899898,출판인쇄업,출판사,2026-05-01 22:45:41,I,03,폐업,,,,2014-06-02 08:21:31,,2009-01-06,110-070,서울특별시 종로구 내수동 ** 경희궁의아침*단지오피스텔 ****호,CDFG1251002009000001,3000000,,"서울특별시 종로구 사직로*길 **, ****호 (내수동,경희궁의아침*단지오피스텔)",,03,폐업,,,,02-6324-2700,,
,인스토리,2010-07-14,198355.983210017,453434.482540853,출판인쇄업,출판사,2026-05-01 22:45:41,I,03,폐업,,,,2010-07-14 15:18:50,,2009-01-23,110-230,서울특별시 종로구 삼청동 **-** 서울몽마르트빌딩 *층,CDFG1251002009000007,3000000,,"서울특별시 종로구 삼청로 **-*  (삼청동,서울몽마르트빌딩 *층)",,03,폐업,,,,02-720-4254,,
,셀진씨앤피,2012-11-07,197393.747563185,452408.438228843,출판인쇄업,출판사,2026-05-01 22:45:42,I,03,폐업,,,,2012-11-07 18:05:30,,2009-02-23,110-070,서울특별시 종로구 내수동 ** 경희궁의아침*단지오피스텔 ***호,CDFG1251002009000019,3000000,,"서울특별시 종로구 사직로*길 **,  ***호 (내수동,경희궁의아침*단지오피스텔)",,03,폐업,,,,02-735-9002,,
,넥스트미디어,2018-04-04,196729.752508423,454982.87669521,출판인쇄업,출판사,2026-05-01 22:45:42,I,03,폐업,,,,2018-04-04 14:59:34,,2009-03-18,110-816,서울특별시 종로구 부암동 ***-* ***호,CDFG1251002009000026,3000000,,"서울특별시 종로구 자하문로 ***, ***호 (부암동)",,03,폐업,,,,070-8252-7163,,
,조각보,2013-06-10,198938.628193769,452464.092338006,출판인쇄업,출판사,2026-05-01 22:45:42,I,03,폐업,,,,2013-06-10 17:18:52,,2009-04-01,110-340,서울특별시 종로구 익선동 ** 종로비즈웰 ****호,CDFG1251002009000032,3000000,,"서울특별시 종로구 삼일대로**길 **,  ****호 (익선동,종로비즈웰)",,03,폐업,,,,,,
,다공출판사,2020-03-10,199116.804583894,452612.515511134,출판인쇄업,출판사,2026-05-01 22:45:42,I,03,폐업,,,,2020-03-10 18:09:43,,2009-04-07,110-360,서울특별시 종로구 와룡동 **-* 집문당빌딩 ***호,CDFG1251002009000036,3000000,,"서울특별시 종로구 돈화문로 **, ***호 (와룡동,집문당빌딩)",,03,폐업,,,,02-743-3193,,
,랑크래프츠,2024-07-01,198767.9832181,453057.484112566,출판인쇄업,출판사,2026-05-01 22:45:42,I,03,폐업,,,,2024-07-09 09:52:45,,2009-04-16,110-801,서울특별시 종로구 계동 ***-** 지층호,CDFG1251002009000041,3000000,,"서울특별시 종로구 계동*길 *,  지층호 (계동)",,03,폐업,,,,02-6326-2085,,
,바름사,2015-12-16,199711.300957993,453741.181356648,출판인쇄업,출판사,2026-05-01 22:45:42,I,03,폐업,,,,2015-12-16 17:13:33,,2009-04-21,110-522,서울특별시 종로구 명륜*가 **-*,CDFG1251002009000044,3000000,,서울특별시 종로구 혜화로*길 ** (명륜*가),,03,폐업,,,,02-741-4067,,
,Plan501(플랜오공일),2013-01-28,198388.726109152,452970.682151081,출판인쇄업,출판사,2026-05-01 22:45:42,I,03,폐업,,,,2013-01-28 17:15:07,,2009-05-19,110-210,서울특별시 종로구 화동 ***-*,CDFG1251002009000057,3000000,,서울특별시 종로구 율곡로*길 **-*  (화동),,03,폐업,,,,02-733-1529,,
,도서출판 피뢰침북스,2018-11-28,196358.570155651,455183.705702708,출판인쇄업,출판사,2026-05-01 22:45:42,I,03,폐업,,,,2018-11-28 19:28:55,,2007-03-26,,서울특별시 종로구 홍지동 ***-** *층,CDFG1251002009000059,3000000,,"서울특별시 종로구 자하문로**길 *-* (홍지동,*층)",,03,폐업,,,,,,
,서울아트코리아,2011-07-07,198805.617234082,452181.053949579,출판인쇄업,출판사,2026-05-01 22:45:45,I,03,폐업,,,,2011-07-07 13:51:02,,2009-06-03,110-741,서울특별시 종로구 인사동 ** 대일빌딩 B*,CDFG1251002009000065,3000000,,"서울특별시 종로구 인사동길 **  (인사동,대일빌딩 B*)",,03,폐업,,,,02-734-2274,,
,예일프로덕션,2011-01-07,,,출판인쇄업,출판사,2026-05-01 22:45:45,I,03,폐업,,,,2011-01-07 17:37:12,,2009-06-10,110-702,서울특별시 종로구 공평동 제일은행본점빌딩 **층,CDFG1251002009000068,3000000,,,,03,폐업,,,,02-930-8553,,
,도서출판 광수,2015-02-02,197273.428725179,452670.055378124,출판인쇄업,출판사,2026-05-01 22:45:45,I,03,폐업,,,,2015-02-06 11:15:38,,2009-07-09,110-044,서울특별시 종로구 필운동 *** 필운빌딩 *층,CDFG1251002009000079,3000000,,"서울특별시 종로구 사직로 *** (필운동,필운빌딩 *층)",,03,폐업,,,,02-722-5862,,
,월드넷 랭귀지,2019-05-16,198658.943470079,452604.254902527,출판인쇄업,출판사,2026-05-01 22:45:45,I,03,폐업,,,,2019-05-17 11:38:29,,2009-08-04,110-776,서울특별시 종로구 경운동 **-* 운현궁SK허브 ***동 ****호,CDFG1251002009000088,3000000,,"서울특별시 종로구 삼일대로 ***, ***동 ****호 (경운동,운현궁SK허브)",,03,폐업,,,,02-736-0585,,
,고담,2015-05-29,197465.223921125,452366.613899898,출판인쇄업,출판사,2026-05-01 22:45:45,I,03,폐업,,,,2015-05-29 15:45:58,,2008-05-29,110-872,서울특별시 종로구 내수동 ** 경희궁의아침*단지 오피스텔 ***호,CDFG1251002009000091,3000000,,"서울특별시 종로구 사직로*길 **, ***호 (내수동, 경희궁의아침*단지 오피스텔)",,03,폐업,,,,,,
,NONVIV,2017-07-04,200356.105013917,453200.995009134,출판인쇄업,출판사,2026-05-01 22:45:46,I,03,폐업,,,,2017-07-04 13:58:46,,2009-08-19,110-809,서울특별시 종로구 동숭동 ***-** *층,CDFG1251002009000094,3000000,,"서울특별시 종로구 동숭*길 *-* (동숭동,*층)",,03,폐업,,,,070-7572-6081,,
,페이지앤페이지,2012-10-12,196905.037857245,456220.888245902,출판인쇄업,출판사,2026-05-01 22:45:46,I,03,폐업,,,,2012-10-12 09:18:26,,2009-09-23,110-847,서울특별시 종로구 평창동 ***-*,CDFG1251002009000113,3000000,,서울특별시 종로구 평창**길 **  (평창동),,03,폐업,,,,02-395-0390,,
,쿡소니아(Cooksonia),2025-07-07,197329.898847331,452432.501606302,출판인쇄업,출판사,2026-05-01 22:45:46,I,03,폐업,,,,2025-07-07 11:16:02,,2009-10-07,110-901,서울특별시 종로구 내수동 ** 파크팰리스 ***동 ****호,CDFG1251002009000119,3000000,,"서울특별시 종로구 사직로*길 **, ***동 ****호 (내수동,파크팰리스)",,03,폐업,,,,070-7565-5770,,
,(주)바나리비네트,2011-07-28,199052.164234663,452535.569961658,출판인쇄업,출판사,2026-05-01 22:45:46,I,03,폐업,,,,2011-07-28 17:44:46,,2008-09-10,110-340,서울특별시 종로구 익선동 ** 현대뜨레비앙 ***호,CDFG1251002009000122,3000000,,"서울특별시 종로구 돈화문로**가길 **,  ***호 (익선동,현대뜨레비앙)",,03,폐업,,,,070-8613-2726,,
,(주)교육자치연구소,2014-04-02,197399.864049474,453265.784942444,출판인쇄업,출판사,2026-05-01 22:45:46,I,03,폐업,,,,2014-04-02 16:52:39,,2009-10-12,110-033,서울특별시 종로구 효자동 ** 미래한국재단 *층,CDFG1251002009000124,3000000,,"서울특별시 종로구 자하문로**길 * (효자동,미래한국재단 *층)",,03,폐업,,,,1644-4777,,
,도서출판 임파테이션,2011-02-23,199888.663270548,452549.003422877,출판인쇄업,출판사,2026-05-01 22:45:46,I,03,폐업,,,,2011-02-23 17:14:21,,2009-10-22,110-470,서울특별시 종로구 연지동 *-** 프라임빌 ***호,CDFG1251002009000132,3000000,,"서울특별시 종로구 창경궁로**길 **-*,  ***호 (연지동,프라임빌)",,03,폐업,,,,02-764-9964,,
,도서출판 상명사,2016-12-20,197465.223921125,452366.613899898,출판인쇄업,출판사,2026-05-01 22:45:46,I,03,폐업,,,,2017-03-29 15:24:21,,2009-10-23,,서울특별시 종로구 내수동 ** 경희궁의아침*단지 ***호,CDFG1251002009000134,3000000,,"서울특별시 종로구 사직로*길 **, ***호 (내수동, 경희궁의아침 *단지)",03174,03,폐업,,,,02-3210-0910,,
,도서출판 니,2018-01-01,198812.230713862,453283.446331259,출판인쇄업,출판사,2026-05-01 22:45:46,I,03,폐업,,,,2018-01-18 10:51:43,,2009-10-26,110-270,서울특별시 종로구 계동 **-*,CDFG1251002009000136,3000000,,서울특별시 종로구 계동길 ***-* (계동),,03,폐업,,,,,,
,비타베아타,2015-01-22,197448.620265418,452672.128133671,출판인쇄업,출판사,2026-05-01 22:45:46,I,03,폐업,,,,2015-01-22 14:19:51,,2009-10-27,110-053,서울특별시 종로구 내자동 * 목원빌딩*층,CDFG1251002009000137,3000000,,서울특별시 종로구 사직로 *** (내자동),,03,폐업,,,,02-735-3308,,
,주니어조윤,2011-04-11,197478.53747014,452259.334813912,출판인쇄업,출판사,2026-05-01 22:45:46,I,03,폐업,,,,2011-04-11 16:11:03,,2009-11-06,110-873,서울특별시 종로구 내수동 ** 경희궁의아침*단지 ****호,CDFG1251002009000144,3000000,,"서울특별시 종로구 새문안로*길 **,  ****호 (내수동,경희궁의아침*단지)",,03,폐업,,,,02-730-8841,,
,도서출판 창문,2015-04-20,196921.964278596,456759.497163643,출판인쇄업,출판사,2026-05-01 22:45:46,I,03,폐업,,0,,2015-04-20 13:02:56,,2001-03-27,110-849,서울특별시 종로구 평창동 ***-*,CDFG1251002009000154,3000000,,서울특별시 종로구 평창길 *** (평창동),,03,폐업,,,,,,
,한국신문방송인클럽M&B,2010-12-23,197301.12614106,451816.038182067,출판인쇄업,출판사,2026-05-01 22:45:47,I,03,폐업,,,,2010-12-23 17:34:53,,2009-12-08,110-062,서울특별시 종로구 신문로*가 **-** ****호,CDFG1251002009000160,3000000,,,,03,폐업,,,,02-3775-0018,,
,도서출판 초석,2012-02-17,196221.413,455237.915666667,출판인쇄업,출판사,2026-05-01 22:45:47,I,03,폐업,,,,2012-02-17 08:51:54,,2009-12-23,110-020,서울특별시 종로구 홍지동 ***-**,CDFG1251002009000167,3000000,,서울특별시 종로구 세검정로 ***  (홍지동),,03,폐업,,,,02-394-7186,,
,자하,2011-07-05,197393.747563185,452408.438228843,출판인쇄업,출판사,2026-05-01 22:45:47,I,03,폐업,,,,2011-07-05 18:08:54,,2010-01-20,110-871,서울특별시 종로구 내수동 ** 경희궁의아침*단지 ***호,CDFG1251002010000006,3000000,,"서울특별시 종로구 사직로*길 **,  ***호 (내수동,경희궁의아침*단지)",,03,폐업,,,,02-723-6734,,
,화당문화사,2013-07-05,198210.104866425,453389.711666358,출판인쇄업,출판사,2026-05-01 22:45:47,I,03,폐업,,,,2013-07-05 16:17:19,,2010-02-10,110-220,서울특별시 종로구 팔판동 ***,CDFG1251002010000014,3000000,,서울특별시 종로구 삼청로*길 **  (팔판동),,03,폐업,,,,070-8699-5834,,
,도서출판 포폴로(POPOLO),2015-03-16,198691.799418788,452546.547645387,출판인쇄업,출판사,2026-05-01 22:45:47,I,03,폐업,,,,2015-03-16 17:04:05,,2010-02-10,110-775,서울특별시 종로구 경운동 ** 수운회관 ****호,CDFG1251002010000015,3000000,,"서울특별시 종로구 삼일대로 ***, ****호 (경운동,수운회관)",,03,폐업,,,,02-735-7173,,
,누리북스,2013-12-31,197486.619352489,452879.662625651,출판인쇄업,출판사,2026-05-01 22:45:47,I,03,폐업,,,,2013-12-31 13:34:41,,2010-02-10,110-040,서울특별시 종로구 통의동 ** 화암빌딩 *층,CDFG1251002010000016,3000000,,"서울특별시 종로구 자하문로 ** (통의동,화암빌딩 *층)",,03,폐업,,,,,,
,(주)삼청,2017-02-01,198237.813147282,453877.135280909,출판인쇄업,출판사,2026-05-01 22:46:00,I,03,폐업,,,,2017-02-01 16:43:51,,2014-03-27,110-230,서울특별시 종로구 삼청동 ***-**,CDFG1251002014000037,3000000,,서울특별시 종로구 삼청로*길 ** (삼청동),,03,폐업,,,,02-723-2563,,
,더쉐이크크리에이티브(주),2021-09-08,199509.962000656,451888.555001545,출판인쇄업,출판사,2026-05-01 22:46:01,I,03,폐업,,,,2021-09-08 17:55:31,,2014-04-09,110-430,서울특별시 종로구 장사동 ***-* 가동 ***호,CDFG1251002014000045,3000000,,"서울특별시 종로구 청계천로 ***, 가동 ***호 (장사동)",,03,폐업,,,,02-747-9367,,
,더부암북스,2014-12-29,196805.757659489,454667.158952097,출판인쇄업,출판사,2026-05-01 22:46:01,I,03,폐업,,,,2014-12-29 13:09:58,,2014-04-25,110-817,서울특별시 종로구 부암동 *** ***호,CDFG1251002014000051,3000000,,"서울특별시 종로구 자하문로**길 **, ***호 (부암동)",,03,폐업,,,,,,
,아커스,2019-02-12,198253.750377989,453362.537743854,출판인쇄업,출판사,2026-05-01 22:46:01,I,03,폐업,,,,2019-02-18 10:20:59,,2014-05-08,110-220,서울특별시 종로구 팔판동 **-*,CDFG1251002014000056,3000000,,서울특별시 종로구 팔판길 ** (팔판동),,03,폐업,,,,,,
,(주)케이코믹스,2019-03-18,197713.264843734,451938.037703258,출판인쇄업,출판사,2026-05-01 22:46:01,I,03,폐업,,,,2019-03-18 16:53:31,,2014-05-13,110-999,서울특별시 종로구 신문로*가 *** 광화문오피시아 ****호,CDFG1251002014000059,3000000,,"서울특별시 종로구 새문안로 **, ****호 (신문로*가, 광화문오피시아)",,03,폐업,,,,02-3276-2080,,
,GreenHEALTH Healing,2015-07-28,196386.31781822,455244.942635237,출판인쇄업,출판사,2026-05-01 22:46:01,I,03,폐업,,,,2015-07-28 16:29:37,,2014-06-02,110-020,서울특별시 종로구 홍지동 ***-*,CDFG1251002014000068,3000000,,서울특별시 종로구 자하문로 *** (홍지동),,03,폐업,,,,02-395-0588,,
,(주)생각의숲푸드앤북스,2018-12-17,197680.780080175,452016.543891352,출판인쇄업,출판사,2026-05-01 22:46:01,I,03,폐업,,,,2018-12-27 10:50:58,,2008-10-21,110-061,서울특별시 종로구 신문로*가 ** 정우빌딩 ***호,CDFG1251002014000078,3000000,,"서울특별시 종로구 새문안로 **, ***호 (신문로*가, 정우빌딩)",,03,폐업,,,,02-734-0993,,
,비즈 하우스(Biz house),2023-03-22,198047.398280289,456510.847272901,출판인쇄업,출판사,2026-05-01 22:46:01,I,03,폐업,,,,2023-03-22 17:08:56,,2014-06-25,110-849,서울특별시 종로구 평창동 *** 삼성아파트 ***동 ****호,CDFG1251002014000080,3000000,,"서울특별시 종로구 평창문화로 ***, ***동 ****호 (평창동, 삼성아파트)",,03,폐업,,,,,,
,바투(BATU),2016-06-20,201393.361987451,452976.981889266,출판인쇄업,출판사,2026-05-01 22:46:01,I,03,폐업,,,,2016-06-20 13:20:16,,2014-01-17,110-862,서울특별시 종로구 숭인동 **-* B*호,CDFG1251002014000083,3000000,,"서울특별시 종로구 지봉로**길 **, B*호 (숭인동)",,03,폐업,,,,,,
,그루아트,2019-02-12,197156.664119617,453042.703213323,출판인쇄업,출판사,2026-05-01 22:46:01,I,03,폐업,,,,2019-02-13 09:53:06,,2014-07-08,110-805,서울특별시 종로구 누하동 **-* *층,CDFG1251002014000085,3000000,,"서울특별시 종로구 필운대로 **-*, *층 (누하동)",,03,폐업,,,,02-352-3350,,
,미디어앤북,2017-07-24,200093.417341115,452571.733144891,출판인쇄업,출판사,2026-05-01 22:46:01,I,03,폐업,,,,2017-07-24 17:16:14,,2014-07-11,110-460,서울특별시 종로구 연건동 ***-** 이화에수풀 ***호,CDFG1251002014000086,3000000,,"서울특별시 종로구 대학로 **, ***호 (연건동, 이화에수풀)",,03,폐업,,,,,,
,(주)투어팁스,2020-08-21,198360.548238973,452168.842960879,출판인쇄업,출판사,2026-05-01 22:46:01,I,03,폐업,,,,2020-08-21 13:19:38,,2014-07-11,,서울특별시 종로구 공평동 *** **빌딩,CDFG1251002014000087,3000000,,"서울특별시 종로구 삼봉로 **, **빌딩 (공평동)",03158,03,폐업,,,,,,
,SN경영연구원,2017-03-20,198150.300374121,452019.212642931,출판인쇄업,출판사,2026-05-01 22:46:01,I,03,폐업,,,,2017-03-20 14:02:35,,2014-07-22,110-888,서울특별시 종로구 종로*가 ** 르메이에르종로타운A ****호,CDFG1251002014000096,3000000,,"서울특별시 종로구 종로 **, ****호 (종로*가, 르메이에르종로타운A)",,03,폐업,,,,070-4065-1921,,
,국 커뮤니케이션,2016-07-07,197985.841608902,456654.720136144,출판인쇄업,출판사,2026-05-01 22:46:03,I,03,폐업,,,,2016-07-07 15:32:36,,2009-01-02,110-846,서울특별시 종로구 평창동 ***-**,CDFG1251002014000109,3000000,,서울특별시 종로구 평창**길 ** (평창동),,03,폐업,,,,02-783-6013,,
,(주)사피엔스,2019-03-25,197487.622049589,452071.534763593,출판인쇄업,출판사,2026-05-01 22:46:03,I,03,폐업,,,,2019-03-25 16:58:33,,2011-05-27,110-061,서울특별시 종로구 신문로*가 **-** 한글회관 ***호,CDFG1251002014000110,3000000,,"서울특별시 종로구 새문안로*길 *, ***호 (신문로*가, 한글회관)",,03,폐업,,,,02-733-2007,,
,프레이런(주),2018-06-04,198624.006469032,452310.752960617,출판인쇄업,출판사,2026-05-01 22:46:03,I,03,폐업,,,,2018-06-04 15:40:10,,2014-08-26,110-718,서울특별시 종로구 관훈동 ***-** 백상빌딩 메트로종로센터 **층,CDFG1251002014000115,3000000,,"서울특별시 종로구 인사동*길 **, **층 (관훈동, 백상빌딩 메트로종로센터)",,03,폐업,,,,070-888-5463,,
,공교육살리기학부모연합,2024-06-27,198643.543485167,452199.798612424,출판인쇄업,출판사,2026-05-01 22:46:03,I,03,폐업,,,,2024-07-02 16:31:39,,2014-09-05,110-794,서울특별시 종로구 인사동 ***-* 하나로빌딩 ****호,CDFG1251002014000120,3000000,,"서울특별시 종로구 인사동*길 **, ****호 (인사동, 하나로빌딩)",,03,폐업,,,,02-720-3193,,
,전국금융산업노동조합 하나은행지부,2017-01-31,198286.311784052,452091.444332546,출판인쇄업,출판사,2026-05-01 22:46:03,I,03,폐업,,,,2017-02-08 10:59:11,,2014-09-17,110-130,서울특별시 종로구 청진동 ** 그랑서울타워 **층,CDFG1251002014000123,3000000,,"서울특별시 종로구 종로 ** (청진동, 그랑서울타워 **층)",,03,폐업,,,,02-2002-2400,,
,인텔로지안(Intellogian),2018-01-30,196467.975088253,452566.134030104,출판인쇄업,출판사,2026-05-01 22:46:03,I,03,폐업,,,,2018-01-30 14:50:13,,2014-10-16,110-797,서울특별시 종로구 무악동 ** 무악현대아파트 ***동 ***호,CDFG1251002014000134,3000000,,"서울특별시 종로구 통일로 ***-**, ***동 ***호 (무악동, 무악현대아파트)",,03,폐업,,,,070-8256-8782,,
,꼬마(CCOMA),2016-12-12,,,출판인쇄업,출판사,2026-05-01 22:46:03,I,03,폐업,,,,2016-12-12 14:54:43,,2014-10-20,110-530,서울특별시 종로구 혜화동 ***,CDFG1251002014000138,3000000,,서울특별시 종로구 대학로**길 **-* (혜화동),,03,폐업,,,,,,
,현대사기록연구원,2017-09-11,196832.340881646,451782.698198441,출판인쇄업,출판사,2026-05-01 22:46:03,I,03,폐업,,,,2017-09-12 15:59:47,,2014-10-23,110-100,서울특별시 종로구 교남동 **-* *층,CDFG1251002014000139,3000000,,"서울특별시 종로구 경교장*길 **, *층 (교남동)",,03,폐업,,,,02-735-3577,,
,가나다출판사,2017-02-20,196386.31781822,455244.942635237,출판인쇄업,출판사,2026-05-01 22:46:03,I,03,폐업,,,,2017-02-20 15:01:51,,2008-04-22,110-020,서울특별시 종로구 홍지동 ***-* *층 *호,CDFG1251002014000144,3000000,,"서울특별시 종로구 자하문로 ***, *층 *호 (홍지동)",,03,폐업,,,,1588-1582,,
,도서출판 한국계리사회,2016-02-26,197713.264843734,451938.037703258,출판인쇄업,출판사,2026-05-01 22:46:03,I,03,폐업,,,,2016-02-26 14:00:24,,2014-11-13,110-999,서울특별시 종로구 신문로*가 *** 광화문오피시아빌딩 ****호,CDFG1251002014000145,3000000,,"서울특별시 종로구 새문안로 **, ****호 (신문로*가, 광화문오피시아빌딩)",,03,폐업,,,,,,
,JMP음악발전소,2018-05-02,198961.369915481,452359.924844689,출판인쇄업,출판사,2026-05-01 22:46:03,I,03,폐업,,,,2018-05-03 10:42:33,,2014-11-14,110-320,서울특별시 종로구 낙원동 **-* 그린빌딩 *층,CDFG1251002014000146,3000000,,"서울특별시 종로구 삼일대로**길 **, *층 (낙원동, 그린빌딩)",,03,폐업,,,,,,
,(사)한국신용분석사연합회,2021-08-31,198691.799418788,452546.547645387,출판인쇄업,출판사,2026-05-01 22:46:03,I,03,폐업,,0,,2021-09-07 09:37:24,,1997-08-05,,서울특별시 종로구 경운동 **,CDFG1251002014000156,3000000,,"서울특별시 종로구 삼일대로 ***, ****호 (경운동)",03147,03,폐업,,,,02-722-5041,,
,세모길,2016-08-10,197385.642934595,452116.01107605,출판인쇄업,출판사,2026-05-01 22:46:03,I,03,폐업,,,,2016-08-10 09:21:43,,2011-12-14,110-062,서울특별시 종로구 신문로*가 *-***,CDFG1251002014000158,3000000,,서울특별시 종로구 경희궁*길 **-* (신문로*가),,03,폐업,,,,02-337-5252,,
,세상의 모든 길들,2016-08-10,197385.642934595,452116.01107605,출판인쇄업,출판사,2026-05-01 22:46:03,I,03,폐업,,,,2016-08-10 09:17:08,,2011-12-14,110-062,서울특별시 종로구 신문로*가 *-***,CDFG1251002014000159,3000000,,서울특별시 종로구 경희궁*길 **-* (신문로*가),,03,폐업,,,,02-337-5252,,
,(주)플랫폼커뮤니케이션즈,2015-07-30,197292.189587085,452227.8516996,출판인쇄업,출판사,2026-05-01 22:46:03,I,03,폐업,,,,2017-09-06 11:27:16,,2014-12-05,110-062,서울특별시 종로구 신문로*가 *-*** 경희궁뜰 ***호,CDFG1251002014000162,3000000,,"서울특별시 종로구 경희궁길 **, ***호 (신문로*가, 경희궁뜰)",,03,폐업,,,,02-771-0223,,
,산업안전NEWS,2014-12-19,198944.789885997,453018.215323048,출판인쇄업,출판사,2026-05-01 22:46:03,I,03,폐업,,,,2014-12-22 09:25:26,,2014-12-11,110-280,서울특별시 종로구 원서동 ***,CDFG1251002014000164,3000000,,서울특별시 종로구 창덕궁*길 * (원서동),,03,폐업,,,,02-762-5557,,
,한국소방안전신문,2014-12-19,198944.789885997,453018.215323048,출판인쇄업,출판사,2026-05-01 22:46:03,I,03,폐업,,,,2014-12-22 09:26:10,,2014-12-15,110-280,서울특별시 종로구 원서동 ***,CDFG1251002014000166,3000000,,서울특별시 종로구 창덕궁*길 * (원서동),,03,폐업,,,,02-2274-4119,,
,산업안전NEWS,2018-07-26,198944.789885997,453018.215323048,출판인쇄업,출판사,2026-05-01 22:46:03,I,03,폐업,,,,2018-07-26 14:52:02,,2014-12-23,110-280,서울특별시 종로구 원서동 ***,CDFG1251002014000170,3000000,,서울특별시 종로구 창덕궁*길 * (원서동),,03,폐업,,,,02-762-5557,,
,한국소방안전신문,2018-07-26,198944.789885997,453018.215323048,출판인쇄업,출판사,2026-05-01 22:46:03,I,03,폐업,,,,2018-07-26 14:53:09,,2014-12-23,110-280,서울특별시 종로구 원서동 ***,CDFG1251002014000171,3000000,,서울특별시 종로구 창덕궁*길 * (원서동),,03,폐업,,,,02-2274-4119,,
,갤러리 룩스,2022-03-25,197092.887973198,453254.63531463,출판인쇄업,출판사,2026-05-01 22:46:03,I,03,폐업,,,,2022-03-25 16:36:24,,2015-01-08,110-035,서울특별시 종로구 옥인동 **,CDFG1251002015000006,3000000,,서울특별시 종로구 필운대로*길 ** (옥인동),,03,폐업,,,,02-720-8488,,
,보나제제,2017-09-21,198889.75345798,453349.053481787,출판인쇄업,출판사,2026-05-01 22:46:03,I,03,폐업,,,,2017-09-22 14:23:44,,2015-01-26,110-280,서울특별시 종로구 원서동 **-** 엘빌라트 ***호,CDFG1251002015000013,3000000,,"서울특별시 종로구 창덕궁*길 **-*, ***호 (원서동, 엘빌라트)",,03,폐업,,,,,,
,(사)한국지역인문자원연구소,2021-03-11,198691.799418788,452546.547645387,출판인쇄업,출판사,2026-05-01 22:46:03,I,03,폐업,,,,2021-03-12 16:59:11,,2015-03-02,110-775,서울특별시 종로구 경운동 ** 수운회관 ****호,CDFG1251002015000028,3000000,,"서울특별시 종로구 삼일대로 ***, ****호 (경운동, 수운회관)",,03,폐업,,,,63273535,,
,펑키피쉬,2017-01-31,196597.566238094,452533.133201225,출판인쇄업,출판사,2026-05-01 22:46:04,I,03,폐업,,,,2024-02-14 17:13:14,,2015-03-05,110-091,서울특별시 종로구 행촌동 ***-*** ***호,CDFG1251002015000036,3000000,,"서울특별시 종로구 사직로*라길 **, ***호 (행촌동)",,03,폐업,,,,070-8278-3588,,
,사단법인 전국유교총연합회,2024-06-05,199554.074424085,453721.462706742,출판인쇄업,출판사,2026-05-01 22:46:04,I,03,폐업,,,,2024-06-07 12:44:42,,2012-10-18,110-745,서울특별시 종로구 명륜*가 ** 유림회관 ***호,CDFG1251002015000038,3000000,,"서울특별시 종로구 성균관로 **-*, ***호 (명륜*가, 유림회관)",,03,폐업,,,,,,
,사단법인 고려역사선양회,2023-06-15,197595.161312175,452460.054621887,출판인쇄업,출판사,2026-05-01 22:46:04,I,03,폐업,,,,2023-06-15 16:34:36,,1994-11-24,110-052,서울특별시 종로구 적선동 *** 광화문플래티넘 ****호,CDFG1251002015000052,3000000,,"서울특별시 종로구 새문안로*가길 **, ****호 (적선동, 광화문플래티넘)",,03,폐업,,,,,,
,플레저 프레스,2024-12-31,197131.890490708,452800.528546044,출판인쇄업,출판사,2026-05-01 22:46:04,I,03,폐업,,,,2025-01-21 15:06:42,,2015-03-25,110-044,서울특별시 종로구 필운동 **-* *층,CDFG1251002015000057,3000000,,"서울특별시 종로구 필운대로*길 **-*, *층 (필운동)",,03,폐업,,,,,,
,(주)종로패스원,2023-06-13,199667.555242036,452144.944968727,출판인쇄업,출판사,2026-05-01 22:46:04,I,03,폐업,,,,2023-06-13 16:16:40,,2015-03-31,110-410,서울특별시 종로구 인의동 ***-** 세운스퀘어본관 *층,CDFG1251002015000064,3000000,,"서울특별시 종로구 창경궁로 ***, *층 (인의동, 세운스퀘어본관)",,03,폐업,,,,62720022,,
,다인피엔피,2018-11-02,196629.359036534,455080.991010485,출판인쇄업,출판사,2026-05-01 22:46:04,I,03,폐업,,,,2018-11-02 14:28:58,,2014-08-28,110-816,서울특별시 종로구 부암동 ***-* 부원빌딩 ***호,CDFG1251002015000067,3000000,,"서울특별시 종로구 자하문로 ***, ***호 (부암동, 부원빌딩)",,03,폐업,,,,,,
,인스토리,2018-11-02,196629.359036534,455080.991010485,출판인쇄업,출판사,2026-05-01 22:46:04,I,03,폐업,,,,2018-11-02 14:29:53,,2014-12-26,110-816,서울특별시 종로구 부암동 ***-* 부원빌딩 ***호,CDFG1251002015000068,3000000,,"서울특별시 종로구 자하문로 ***, ***호 (부암동, 부원빌딩)",,03,폐업,,,,,,
,(주)보임커뮤니케이션,2025-08-18,197465.223921125,452366.613899898,출판인쇄업,출판사,2026-05-01 22:46:04,I,03,폐업,,,,2025-08-20 11:14:27,,2015-04-27,110-872,서울특별시 종로구 내수동 ** 경희궁의아침*단지 ****호,CDFG1251002015000077,3000000,,"서울특별시 종로구 사직로*길 **, ****호 (내수동, 경희궁의아침*단지)",,03,폐업,,,,22642364,,
,새벽맑은,2017-04-11,197371.22814272,456285.320117465,출판인쇄업,출판사,2026-05-01 22:46:04,I,03,폐업,,,,2017-04-11 11:02:59,,2015-05-08,110-012,서울특별시 종로구 평창동 ***-** ***호,CDFG1251002015000081,3000000,,"서울특별시 종로구 평창**길 *-**, ***호 (평창동)",,03,폐업,,,,,,
,도서출판 시학사,2016-01-28,199834.019620523,453804.550468898,출판인쇄업,출판사,2026-05-01 22:46:04,I,03,폐업,,,,2016-01-28 18:15:25,,2015-05-14,110-521,서울특별시 종로구 명륜*가 **,CDFG1251002015000083,3000000,,서울특별시 종로구 혜화로*가길 * (명륜*가),,03,폐업,,,,,,
,항아리 엔터테인먼트,2017-12-28,200008.831492823,452291.335627477,출판인쇄업,출판사,2026-05-01 22:46:04,I,03,폐업,,,,2017-12-29 10:20:59,,2015-06-09,110-740,서울특별시 종로구 연지동 ***-** 한국기독교연합회관 B*-**호,CDFG1251002015000089,3000000,,"서울특별시 종로구 김상옥로 **, B*-**호 (연지동, 한국기독교연합회관)",,03,폐업,,,,070-5025-9327,,
,소시즌스(Socizens),2016-02-15,198127.973354774,456832.431951139,출판인쇄업,출판사,2026-05-01 22:46:04,I,03,폐업,,,,2016-02-15 16:41:26,,2015-06-11,110-848,서울특별시 종로구 평창동 ***-*,CDFG1251002015000091,3000000,,서울특별시 종로구 평창**길 ** (평창동),,03,폐업,,,,32170222,,
,코스퀘어(주),2016-04-29,196092.743907822,456198.595931715,출판인쇄업,출판사,2026-05-01 22:46:04,I,03,폐업,,,,2016-04-29 14:55:04,,2013-04-08,,서울특별시 종로구 구기동 ***-*,CDFG1251002015000099,3000000,,"서울특별시 종로구 진흥로 *** (구기동, 요진오피스텔쉐레이)",03012,03,폐업,,,,,,
아파트,목림출판사,2015-07-28,198913.496136105,452416.170780139,출판인쇄업,출판사,2026-05-01 22:46:04,I,03,폐업,,84.69,,2015-07-28 10:56:13,,2013-07-08,110-320,서울특별시 종로구 낙원동 **-* 종로오피스텔 ***호,CDFG1251002015000102,3000000,일반주거지역,"서울특별시 종로구 삼일대로**길 **, ***호 (낙원동, 종로오피스텔)",,03,폐업,,,,,,
,판타지스퀘어,2017-02-28,199968.004,453625.541666666,출판인쇄업,출판사,2026-05-01 22:46:04,I,03,폐업,,,,2017-03-02 18:15:37,,2015-07-22,110-767,서울특별시 종로구 명륜*가 *-** 아남아파트 ***동 ***호,CDFG1251002015000111,3000000,,"서울특별시 종로구 창경궁로 ***, ***동 ***호 (명륜*가, 아남아파트)",,03,폐업,,,,,,
,(주)메디스마트,2016-11-29,198873.119206795,451916.121715876,출판인쇄업,출판사,2026-05-01 22:46:04,I,03,폐업,,,,2016-11-29 15:25:28,,2015-07-31,110-111,서울특별시 종로구 관철동 *-* 효원빌딩 *층,CDFG1251002015000120,3000000,,"서울특별시 종로구 삼일대로 ***, *층 (관철동, 효원빌딩)",,03,폐업,,,,22667732,,
,도서출판 가온누리,2017-12-31,197181.393301659,452458.826651573,출판인쇄업,출판사,2026-05-01 22:46:04,I,03,폐업,,,,2018-11-05 11:16:42,,2015-03-02,,서울특별시 종로구 사직동 * 풍림스페이스본 ***동 지***호,CDFG1251002015000127,3000000,,"서울특별시 종로구 사직로*길 *, ***동 지***호 (사직동, 광화문풍림스페이스본)",03168,03,폐업,,,,070-8161-2558,,
,도서출판 은행나무,2017-02-17,198913.828532627,452446.658731129,출판인쇄업,출판사,2026-05-01 22:46:04,I,03,폐업,,,,2017-02-17 18:03:15,,2015-08-31,,서울특별시 종로구 낙원동 **-* 종로오피스텔 ***호,CDFG1251002015000135,3000000,,"서울특별시 종로구 삼일대로**길 **, ***호 (낙원동, 종로오피스텔)",03132,03,폐업,,,,,,
,느티나무 서원,2017-04-26,197559.791065754,452388.315239125,출판인쇄업,출판사,2026-05-01 22:46:04,I,03,폐업,,,,2017-04-27 10:37:09,,2015-09-16,,서울특별시 종로구 내수동 ** 광화문시대 ***호,CDFG1251002015000143,3000000,,"서울특별시 종로구 사직로*길 **, ***호 (내수동, 광화문시대)",03173,03,폐업,,,,,,
,엘와이 엔터테인먼트,2016-08-08,196867.952059944,455008.099839611,출판인쇄업,출판사,2026-05-01 22:46:04,I,03,폐업,,,,2016-08-08 09:34:16,,2015-09-30,,서울특별시 종로구 부암동 ***-* 그린하이츠빌라 ***호,CDFG1251002015000151,3000000,,"서울특별시 종로구 백석동길 ***, ***호 (부암동, 그린하이츠빌라)",03020,03,폐업,,,,,,
,여정기획사,2017-09-04,198502.872319959,451859.966105804,출판인쇄업,출판사,2026-05-01 22:46:04,I,03,폐업,,,,2017-09-04 14:50:09,,2015-10-13,,서울특별시 종로구 관철동 ***-* 대신빌딩 ***호,CDFG1251002015000154,3000000,,"서울특별시 종로구 청계천로 **, ***호 (관철동, 대신빌딩)",03189,03,폐업,,,,,,
,느티나무협동조합,2017-08-25,197559.791065754,452388.315239125,출판인쇄업,출판사,2026-05-01 22:46:04,I,03,폐업,,,,2017-08-28 09:58:35,,2015-10-15,,서울특별시 종로구 내수동 ** 광화문시대 ***호,CDFG1251002015000156,3000000,,"서울특별시 종로구 사직로*길 **, ***호 (내수동, 광화문시대)",03173,03,폐업,,,,,,
,미리ON,2017-12-06,197221.796436998,452604.510947449,출판인쇄업,출판사,2026-05-01 22:46:04,I,03,폐업,처리완료,,,2017-12-07 10:52:25,,2015-11-10,,서울특별시 종로구 필운동 ***-** *층,CDFG1251002015000172,3000000,,"서울특별시 종로구 사직로 **, *층 (필운동)",03169,03,폐업,,,,,,
,(주)꽃피우다,2017-11-22,199751.041966644,454122.599146847,출판인쇄업,출판사,2026-05-01 22:46:04,I,03,폐업,,,,2017-11-23 15:08:48,,2016-01-05,,서울특별시 종로구 명륜*가 **-* 루미네스트빌딩  *층,CDFG1251002016000001,3000000,,"서울특별시 종로구 성균관로 **, *층 (명륜*가, 루미네스트빌딩)",03068,03,폐업,,,,,,
,그림책 과 나,2017-07-13,197310.935849178,453693.598270911,출판인쇄업,출판사,2026-05-01 22:46:05,I,03,폐업,,,,2017-07-13 16:42:04,,2016-01-21,,서울특별시 종로구 청운동 ***-* *층,CDFG1251002016000006,3000000,,"서울특별시 종로구 자하문로 ***, *층 (청운동, 경기상고총동문회관)",03047,03,폐업,,,,,,
,아하코칭센터,2016-03-09,196099.770183388,456099.394920216,출판인쇄업,출판사,2026-05-01 22:46:05,I,03,폐업,,,,2016-03-09 15:58:18,,2009-02-06,,서울특별시 종로구 구기동 ***-*,CDFG1251002016000013,3000000,,서울특별시 종로구 진흥로**나길 **-* (구기동),03012,03,폐업,,,,,,
,SOKN생태보전연구소(주),2018-07-11,197383.41956245,453240.857215287,출판인쇄업,출판사,2026-05-01 22:46:05,I,03,폐업,,,,2018-07-11 11:20:56,,2016-02-26,,서울특별시 종로구 창성동 *** *층,CDFG1251002016000015,3000000,,"서울특별시 종로구 자하문로 **, *층 (창성동)",03043,03,폐업,,,,60121237,,
,바른자세,2017-05-29,201192.534300327,452436.247037246,출판인쇄업,출판사,2026-05-01 22:46:05,I,03,폐업,,,,2017-05-29 14:45:00,,2016-03-03,,서울특별시 종로구 창신동 *** 두산아파트 ***동 ***호,CDFG1251002016000018,3000000,,"서울특별시 종로구 지봉로*길 *, ***동 ***호 (창신동, 두산아파트)",03104,03,폐업,,,,,,
,필리아디자인스튜디오,2019-02-25,198555.377644973,453080.317712798,출판인쇄업,출판사,2026-05-01 22:46:05,I,03,폐업,,,,2019-03-07 16:20:58,,2016-03-08,,서울특별시 종로구 가회동 ***,CDFG1251002016000022,3000000,,서울특별시 종로구 북촌로*길 *-* (가회동),03055,03,폐업,,,,67395769,,
,도어스,2021-01-26,197178.369794053,452764.908599187,출판인쇄업,출판사,2026-05-01 22:46:05,I,03,폐업,,,,2021-01-28 10:31:55,,2016-03-10,,서울특별시 종로구 필운동 ***,CDFG1251002016000024,3000000,,서울특별시 종로구 필운대로*길 *-* (필운동),03027,03,폐업,,,,,,
,주식회사 이노션티엔디,2020-11-03,197181.393301659,452458.826651573,출판인쇄업,출판사,2026-05-01 22:46:05,I,03,폐업,,,,2020-11-03 13:29:13,,2016-02-04,,서울특별시 종로구 사직동 * 광화문풍림스페이스본 ***동 ****호,CDFG1251002016000033,3000000,,"서울특별시 종로구 사직로*길 *, ***동 ****호 (사직동, 광화문풍림스페이스본)",03168,03,폐업,,,,,,
,아리아기획,2017-06-30,200055.617260646,452600.848170354,출판인쇄업,출판사,2026-05-01 22:46:05,I,03,폐업,,,,2017-07-13 17:46:09,,2016-03-30,,서울특별시 종로구 연건동 ***-* 제일빌딩 ****호,CDFG1251002016000035,3000000,,"서울특별시 종로구 율곡로 ***, ****호 (연건동, 제일빌딩)",03127,03,폐업,,,,,,
,그린카펫,2016-04-25,197104.570671834,453844.765367122,출판인쇄업,출판사,2026-05-01 22:46:05,I,03,폐업,,,,2016-06-08 13:07:06,,2016-04-20,,서울특별시 종로구 청운동 **-**,CDFG1251002016000043,3000000,,서울특별시 종로구 자하문로**다길 *-* (청운동),03031,03,폐업,,,,,,
,문학과경계·마음과경계,2018-12-31,201027.616094962,452420.964276398,출판인쇄업,출판사,2026-05-01 22:46:05,I,03,폐업,,,,2019-04-17 13:36:52,,2016-04-28,,서울특별시 종로구 창신동 ***-**,CDFG1251002016000047,3000000,,서울특별시 종로구 창신*길 **-* (창신동),03105,03,폐업,,,,,,
,(주)이산미디어,2017-06-08,199973.586488747,453814.889330448,출판인쇄업,출판사,2026-05-01 22:46:05,I,03,폐업,,,,2017-06-09 09:34:42,,2009-12-28,,서울특별시 종로구 혜화동 **-** 성인빌딩 *층,CDFG1251002016000048,3000000,,"서울특별시 종로구 혜화로 **-*, *층 (혜화동, 성인빌딩)",03076,03,폐업,,,,,,
,야나문,2018-06-22,196756.026862169,454807.403526642,출판인쇄업,출판사,2026-05-01 22:46:05,I,03,폐업,,,,2018-06-25 15:02:56,,2016-05-03,,서울특별시 종로구 부암동 ***-**,CDFG1251002016000050,3000000,,서울특별시 종로구 자하문로 *** (부암동),03020,03,폐업,,,,,,
,(주) 도어스,2020-06-22,203999.277107724,449263.661217345,출판인쇄업,출판사,2026-05-01 22:46:05,I,03,폐업,,,,2020-06-23 14:38:01,,2016-05-12,,서울특별시 성동구 성수동*가 ***-***,CDFG1251002016000054,3000000,,"서울특별시 성동구 왕십리로*길 **-*, *층 *호 (성수동*가)",04778,03,폐업,,,,070-4231-4232,,
,"자하재(紫霞齋, JAHAJAE)",2019-09-30,198507.336039332,452403.620812456,출판인쇄업,출판사,2026-05-01 22:46:05,I,03,폐업,,,,2019-10-04 09:09:43,,2015-12-11,,서울특별시 종로구 관훈동 *** 대형빌딩 ***호,CDFG1251002016000058,3000000,,"서울특별시 종로구 인사동**길 **, ***호 (관훈동, 대형빌딩)",03145,03,폐업,,,,,,
,도서출판 미술의 임상실험실,2021-04-15,197193.771272123,452199.428810287,출판인쇄업,출판사,2026-05-01 22:46:05,I,03,폐업,,,,2021-04-15 17:56:27,,2016-06-28,,서울특별시 종로구 신문로*가 *-***,CDFG1251002016000063,3000000,,"서울특별시 종로구 경희궁*가길 * (신문로*가, 복합문화공간에무)",03176,03,폐업,,,,,,
,트렌디미디어,2018-02-28,197383.386838619,452748.361070543,출판인쇄업,출판사,2026-05-01 22:46:05,I,03,폐업,,,,2018-03-02 11:23:02,,2015-06-30,,서울특별시 종로구 체부동 ***-* 평화빌라 ***호,CDFG1251002016000068,3000000,,"서울특별시 종로구 자하문로*나길 **-*, ***호 (체부동, 평화빌라)",03041,03,폐업,,,,,,
,세계와나,2019-11-07,197369.925430517,452219.605210118,출판인쇄업,출판사,2026-05-01 22:46:05,I,03,폐업,,,,2019-11-11 10:27:18,,2016-07-28,,서울특별시 종로구 신문로*가 *-*** 썬타워빌딩 *층,CDFG1251002016000076,3000000,,"서울특별시 종로구 경희궁길 **, *층 (신문로*가, 썬타워빌딩)",03175,03,폐업,,,,02-2000-1795,,
,그린샘,2017-12-29,196566.942378726,457022.886371969,출판인쇄업,출판사,2026-05-01 22:46:05,I,03,폐업,,,,2017-12-29 16:38:46,,2016-09-12,,서울특별시 종로구 구기동 **-** A동 ***호,CDFG1251002016000092,3000000,,"서울특별시 종로구 비봉*길 **-*, A동 ***호 (구기동, 코지빌)",03001,03,폐업,,,,,,
,싱크트리 엠에스피,2019-06-01,198150.300374121,452019.212642931,출판인쇄업,출판사,2026-05-01 22:46:05,I,03,폐업,,,,2025-07-28 17:33:41,,2014-02-06,,서울특별시 종로구 종로*가 **,CDFG1251002016000099,3000000,,"서울특별시 종로구 종로 **, B***-*호 (종로*가, 르메이에르종로타운)",03157,03,폐업,,,,02-2649-2216,,
,빅토리랩,2020-09-28,196693.095370026,455371.728904663,출판인쇄업,출판사,2026-05-01 22:46:05,I,03,폐업,,,,2020-09-28 13:56:48,,2016-11-21,,서울특별시 종로구 신영동 ***-* *동 ***호,CDFG1251002016000113,3000000,,"서울특별시 종로구 세검정로*길 **, *동 ***호 (신영동, 자하주택)",03019,03,폐업,,,,,,
,(사)세계문자연구소,2024-12-23,196746.433830897,456468.638315097,출판인쇄업,출판사,2026-05-01 22:46:05,I,03,폐업,,,,2024-12-26 11:10:03,,2016-11-21,,서울특별시 종로구 평창동 ***-* 제비동 ***호,CDFG1251002016000114,3000000,,"서울특별시 종로구 평창길 **, 제비동 ***호 (평창동)",03006,03,폐업,,,,02-725-2423,,
,토토로애드,2020-06-30,198624.006469032,452310.752960617,출판인쇄업,출판사,2026-05-01 22:46:05,I,03,폐업,,,,2020-07-10 10:48:45,,2016-12-05,,서울특별시 종로구 관훈동 ***-**,CDFG1251002016000118,3000000,,"서울특별시 종로구 인사동*길 **, **층 (관훈동, 백상빌딩)",03149,03,폐업,,,,070-8807-1664,,
,루아아트컴퍼니,2020-03-20,198988.459597376,453392.779978221,출판인쇄업,출판사,2026-05-01 22:46:05,I,03,폐업,,,,2020-03-20 15:48:18,,2016-12-09,,서울특별시 종로구 원서동 ** *층,CDFG1251002016000124,3000000,,"서울특별시 종로구 창덕궁길 ***, *층 (원서동)",03057,03,폐업,,,,,,
,보글,2018-12-07,201791.555555487,452834.188014925,출판인쇄업,출판사,2026-05-01 22:46:05,I,03,폐업,,,,2018-12-10 11:17:24,,2016-12-30,,서울특별시 종로구 숭인동 *** ***호,CDFG1251002016000132,3000000,,"서울특별시 종로구 숭인동*나길 **, ***호 (숭인동, 동보타운)",03110,03,폐업,,,,,,
,엠앤디하나,2017-08-31,199722.448672716,452511.228510736,출판인쇄업,출판사,2026-05-01 22:46:05,I,03,폐업,,,,2017-09-01 10:14:40,,2017-01-04,,서울특별시 종로구 원남동 **-*,CDFG1251002017000005,3000000,,"서울특별시 종로구 창경궁로 ***, ***호 (원남동)",03127,03,폐업,,,,,,
,서형,2017-05-02,196972.555371566,452515.265121513,출판인쇄업,출판사,2026-05-01 22:46:05,I,03,폐업,,,,2017-05-02 13:01:26,,2010-12-10,,서울특별시 종로구 사직동 *-**,CDFG1251002017000006,3000000,,"서울특별시 종로구 인왕산로 *, *층 (사직동)",03028,03,폐업,,,,22093671,,
,도서출판 BOOK樂(북락),2018-12-31,201027.616094962,452420.964276398,출판인쇄업,출판사,2026-05-01 22:46:05,I,03,폐업,,,,2019-04-17 13:37:46,,2017-01-18,,서울특별시 종로구 창신동 ***-**,CDFG1251002017000012,3000000,,서울특별시 종로구 창신*길 **-* (창신동),03105,03,폐업,,,,02-352-2955,,
,(사)대한민국가족지킴이,2019-01-29,197397.284209115,452669.83542629,출판인쇄업,출판사,2026-05-01 22:46:05,I,03,폐업,,,,2019-01-29 11:18:11,,2013-05-03,,서울특별시 종로구 내자동 ** ***호,CDFG1251002017000033,3000000,,"서울특별시 종로구 사직로 ***, *층 ***호 (내자동, 사학회관)",03041,03,폐업,,,,02-784-1649,,
,나무와물고기,2018-02-06,197250.592681621,453244.741725393,출판인쇄업,출판사,2026-05-01 22:46:06,I,03,폐업,,,,2018-02-06 10:50:09,,2017-03-14,,서울특별시 종로구 옥인동 **-**,CDFG1251002017000034,3000000,,서울특별시 종로구 자하문로**길 ** (옥인동),03035,03,폐업,,,,02-3296-3746,,
,나도북,2023-12-12,198205.621520751,452254.217603167,출판인쇄업,출판사,2026-05-01 22:46:06,I,03,폐업,,,,2023-12-13 17:18:03,,2017-04-04,,서울특별시 종로구 수송동 **-*,CDFG1251002017000051,3000000,,"서울특별시 종로구 삼봉로 **, *층 (수송동, 호수빌딩)",03151,03,폐업,,,,64351006,,
,도서출판 예인,2016-04-12,197704.136693111,456670.79610764,출판인쇄업,출판사,2026-05-01 22:45:57,I,03,폐업,,,,2016-04-12 17:15:29,,2012-04-24,110-012,서울특별시 종로구 평창동 ***-* *층,CDFG1251002012000066,3000000,,서울특별시 종로구 평창**길 ** (평창동),,03,폐업,,,,,,
,희래출판사(熙來),2015-12-08,197155.160535545,456828.798158628,출판인쇄업,출판사,2026-05-01 22:45:57,I,03,폐업,,,,2015-12-08 11:09:20,,2012-05-07,110-848,서울특별시 종로구 평창동 ***-**,CDFG1251002012000074,3000000,,서울특별시 종로구 평창길 ***-** (평창동),,03,폐업,,,,02-733-1051,,
,(주)천년의시작,2018-09-20,197406.064032456,453239.584487207,출판인쇄업,출판사,2026-05-01 22:45:57,I,03,폐업,,,,2018-09-20 11:48:38,,2006-01-10,110-034,서울특별시 종로구 창성동 ***-* *층,CDFG1251002012000078,3000000,,"서울특별시 종로구 자하문로**길 * (창성동,*층)",,03,폐업,,,,,,
,리더스앤스토리,2015-07-10,200320.175680444,453444.595767583,출판인쇄업,출판사,2026-05-01 22:45:57,I,03,폐업,,50.3,,2015-07-10 16:19:19,,2012-02-14,110-809,서울특별시 종로구 동숭동 **-* *층,CDFG1251002012000114,3000000,,"서울특별시 종로구 동숭*길 **, *층 (동숭동)",,03,폐업,,,,,,
,NOVO&YOU,2024-06-14,198960.426343226,453396.020819787,출판인쇄업,출판사,2026-05-01 22:45:58,I,03,폐업,,,,2024-06-14 14:05:36,,2012-07-13,110-280,서울특별시 종로구 원서동 **,CDFG1251002012000138,3000000,,서울특별시 종로구 창덕궁길 *** (원서동),,03,폐업,,,,,,
,스타맵,2023-12-12,197567.747824202,452347.973860449,출판인쇄업,출판사,2026-05-01 22:45:58,I,03,폐업,,22.77,,2023-12-13 17:01:15,,2012-03-12,110-070,서울특별시 종로구 내수동 ** 용비어천가 ****호,CDFG1251002012000142,3000000,,서울특별시 종로구 새문안로*길 ** (내수동),,03,폐업,,,,02-516-5888,,
,물결,2021-01-27,197393.747563185,452408.438228843,출판인쇄업,출판사,2026-05-01 22:45:58,I,03,폐업,,,,2021-01-27 23:53:11,,2012-08-16,110-871,서울특별시 종로구 내수동 ** 경희궁의아침 *단지 ****호,CDFG1251002012000155,3000000,,"서울특별시 종로구 사직로*길 ** (내수동, 경희궁의아침 *단지)",,03,폐업,,,,,,
,이티씨,2015-01-16,197465.223921125,452366.613899898,출판인쇄업,출판사,2026-05-01 22:45:58,I,03,폐업,,,,2015-01-16 11:23:39,,2012-08-24,110-872,서울특별시 종로구 내수동 ** 경희궁의아침 *단지 ****호,CDFG1251002012000161,3000000,,"서울특별시 종로구 사직로*길 **, ****호 (내수동, 경희궁의아침 *단지)",,03,폐업,,,,,,
,한국미디어선교회 출판국,2017-01-26,199886.047854765,452569.474718211,출판인쇄업,출판사,2026-05-01 22:45:58,I,03,폐업,,,,2017-01-26 17:51:29,,2012-09-07,110-738,서울특별시 종로구 연지동 *-* 여전도회관 ****호,CDFG1251002012000165,3000000,,"서울특별시 종로구 율곡로 ***, ****호 (연지동, 여전도회관)",,03,폐업,,,,,,
,꽃피우다,2017-11-23,199751.041966644,454122.599146847,출판인쇄업,출판사,2026-05-01 22:45:58,I,03,폐업,,,,2017-11-23 15:06:18,,2012-09-07,110-521,서울특별시 종로구 명륜*가 **-* 도광루미네스트 *층,CDFG1251002012000168,3000000,,"서울특별시 종로구 성균관로 **, *층 (명륜*가, 도광루미네스트)",,03,폐업,,,,02-741-6795,,
,장미향,2018-12-20,199616.649010289,453916.109370189,출판인쇄업,출판사,2026-05-01 22:45:58,I,03,폐업,,,,2018-12-21 11:14:31,,2012-09-07,110-523,서울특별시 종로구 명륜*가 *-**,CDFG1251002012000172,3000000,,서울특별시 종로구 성균관로*길 **-** (명륜*가),,03,폐업,,,,,,
,(주)미디어바오밥,2018-03-28,198150.300374121,452019.212642931,출판인쇄업,출판사,2026-05-01 22:45:58,I,03,폐업,,,,2018-03-28 17:11:19,,2012-09-12,110-888,서울특별시 종로구 종로*가 ** 르메이에르빌딩 B동 ****호,CDFG1251002012000177,3000000,,서울특별시 종로구 종로 ** (종로*가),,03,폐업,,,,,,
,(주)인코칭,2018-06-12,197000.161505446,452490.077086469,출판인쇄업,출판사,2026-05-01 22:45:58,I,03,폐업,,,,2018-06-15 08:55:24,,2012-10-05,110-054,서울특별시 종로구 사직동 ***-** 임당빌딩,CDFG1251002012000189,3000000,,"서울특별시 종로구 사직로 ** (사직동, 임당빌딩)",,03,폐업,,,,02-780-5464,,
,비르투오,2020-12-31,197034.985642177,456171.580803971,출판인쇄업,출판사,2026-05-01 22:45:58,I,03,폐업,,,,2020-12-31 09:39:03,,2012-10-05,110-012,서울특별시 종로구 평창동 ***-* 롯데빌라 ***동 ***호,CDFG1251002012000190,3000000,,"서울특별시 종로구 평창**길 **-*, ***동 ***호 (평창동, 롯데빌라)",,03,폐업,,,,,,
,圓覺堂,2018-10-15,201854.473190211,452427.159465199,출판인쇄업,출판사,2026-05-01 22:45:58,I,03,폐업,,,,2018-10-15 15:23:14,,2012-10-15,,서울특별시 종로구 숭인동 ***-* 신원빌딩 ***호,CDFG1251002012000192,3000000,,"서울특별시 종로구 종로**길 **, ***호 (숭인동, 신원빌딩)",03115,03,폐업,,,,,,
,치우세상,2014-01-21,198658.943470079,452604.254902527,출판인쇄업,출판사,2026-05-01 22:45:58,I,03,폐업,,,,2014-01-21 14:11:07,,2012-10-24,110-310,서울특별시 종로구 경운동 **-* SK허브빌딩 ***동 ***호,CDFG1251002012000193,3000000,,"서울특별시 종로구 삼일대로 ***, ***동 ***호 (경운동, SK허브빌딩)",,03,폐업,,,,070-4405-6868,,
,한국소방안전신문,2014-12-12,201850.462764525,452407.508781009,출판인쇄업,출판사,2026-05-01 22:45:58,I,03,폐업,,,,2014-12-15 07:33:39,,2012-10-31,110-551,서울특별시 종로구 숭인동 ***-** 계명빌딩 *층,CDFG1251002012000197,3000000,,"서울특별시 종로구 종로**길 **, *층 (숭인동, 계명빌딩)",,03,폐업,,,,02-2274-4119,,
,(주)브레인파트너스,2025-11-27,201359.53353905,452395.659064842,출판인쇄업,출판사,2026-05-01 22:45:58,I,03,폐업,,,,2025-11-27 13:32:26,,2012-11-02,110-551,서울특별시 종로구 숭인동 ** 롯데캐슬천지인 지동 ****호,CDFG1251002012000199,3000000,,"서울특별시 종로구 종로 ***, 지동 ****호 (숭인동, 롯데캐슬천지인)",,03,폐업,,,,02-743-0185,,
,대한예수교장로회전국은퇴목사회(주),2013-06-18,200008.831492823,452291.335627477,출판인쇄업,출판사,2026-05-01 22:45:59,I,03,폐업,,,,2013-06-19 09:43:21,,2012-11-07,110-736,서울특별시 종로구 연지동 ***-** 기독교연합회관 ****호,CDFG1251002012000204,3000000,,"서울특별시 종로구 김상옥로 **, ****호 (연지동, 기독교연합회관)",,03,폐업,,,,02-2070-5006,,
,모리스(1인무점포),2021-03-26,197271.615398526,456450.995960558,출판인쇄업,출판사,2026-05-01 22:45:59,I,03,폐업,,,,2021-03-26 17:11:13,,2004-08-13,110-848,서울특별시 종로구 평창동 ***-**,CDFG1251002012000205,3000000,,서울특별시 종로구 평창**길 *-* (평창동),,03,폐업,,,,070-4139-4163,,
,디자인끌림,2013-10-18,,,출판인쇄업,출판사,2026-05-01 22:45:59,I,03,폐업,,,,2013-10-18 14:15:53,,2012-11-15,110-813,서울특별시 종로구 무악동 **-**** *층,CDFG1251002012000206,3000000,,"서울특별시 종로구 통일로 ***, *층 (무악동)",,03,폐업,,,,02-2233-4549,,
,(주)꼬마미키,2014-12-31,201337.319447521,453186.514926777,출판인쇄업,출판사,2026-05-01 22:45:59,I,03,폐업,,,,2015-01-02 16:53:21,,2012-09-24,110-782,서울특별시 종로구 숭인동 *-* 종로센트레빌 상가 B동 ***호,CDFG1251002012000209,3000000,,"서울특별시 종로구 동망산길 **, B동 ***호 (숭인동, 종로센트레빌 상가)",,03,폐업,,,,02-926-0101,,
,스틱인터랙티브 주식회사,2024-06-30,198467.712974372,452623.282097869,출판인쇄업,출판사,2026-05-01 22:45:59,I,03,폐업,,,,2024-06-28 14:34:33,,2012-12-12,110-734,서울특별시 종로구 안국동 ***-** 안국빌딩 **층,CDFG1251002012000218,3000000,,"서울특별시 종로구 율곡로 **, **층 (안국동, 안국빌딩)",,03,폐업,,,,02-720-6733,,
사무실,이화문화출판사,2015-06-17,197336.583984987,452534.336253542,출판인쇄업,출판사,2026-05-01 22:45:59,I,03,폐업,,90,1,2015-06-17 10:07:32,,2012-02-17,110-053,서울특별시 종로구 내자동 ***-* 인왕빌딩 *층,CDFG1251002012000230,3000000,준주거지역,"서울특별시 종로구 사직로*길 **-*, *층 (내자동, 인왕빌딩)",,03,폐업,기타,,,,1,
,(재)케이티그룹희망나눔재단,2021-04-07,199761.062396833,452253.74185427,출판인쇄업,출판사,2026-05-01 22:45:59,I,03,폐업,,,,2021-04-07 11:42:49,,2005-02-11,110-780,서울특별시 종로구 인의동 **-* 인의빌딩 **층,CDFG1251002013000004,3000000,,"서울특별시 종로구 창경궁로 ***-*, **층 (인의동, 인의빌딩)",,03,폐업,,,,02-3414-2045,,
,종사보편찬회,2014-05-12,201744.684500585,452310.493659326,출판인쇄업,출판사,2026-05-01 22:45:59,I,03,폐업,,,,2014-05-12 17:29:48,,2013-01-09,110-551,서울특별시 종로구 숭인동 ***-* 해광빌딩 ***호,CDFG1251002013000006,3000000,,"서울특별시 종로구 난계로**길 **-*, ***호 (숭인동, 해광빌딩)",,03,폐업,,,,,,
,무나씨,2014-01-13,198547.812100933,452981.859433772,출판인쇄업,출판사,2026-05-01 22:45:59,I,03,폐업,,,,2014-01-13 13:55:08,,2013-02-08,110-250,서울특별시 종로구 재동 **-**,CDFG1251002013000016,3000000,,서울특별시 종로구 북촌로*길 **-** (재동),,03,폐업,,,,02-766-6961,,
,펠트하우스,2023-03-28,200596.701151612,452212.749765961,출판인쇄업,출판사,2026-05-01 22:45:59,I,03,폐업,,,,2023-03-28 17:38:09,,2013-02-25,110-126,서울특별시 종로구 종로*가 **-* 경양빌딩 *층,CDFG1251002013000019,3000000,,"서울특별시 종로구 율곡로**길 **-*, *층 (종로*가, 경양빌딩)",,03,폐업,,,,02-540-7710,,
,도서출판 붐바,2015-01-21,198324.653631679,452252.812389497,출판인쇄업,출판사,2026-05-01 22:45:59,I,03,폐업,,,,2015-01-21 17:44:23,,2013-03-14,110-858,서울특별시 종로구 수송동 ** 두산위브파빌리온 ***호,CDFG1251002013000028,3000000,,"서울특별시 종로구 삼봉로 **, ***호 (수송동, 두산위브파빌리온)",,03,폐업,,,,070-7547-5792,,
,도서출판 목화수,2013-12-09,196962.041945994,455027.147212539,출판인쇄업,출판사,2026-05-01 22:45:59,I,03,폐업,,,,2013-12-09 13:44:07,,2013-04-10,110-021,서울특별시 종로구 부암동 ***-* 지층 가호,CDFG1251002013000041,3000000,,서울특별시 종로구 백석동길 *** (부암동),,03,폐업,,,,,,
,황금여우,2013-04-24,198324.653631679,452252.812389497,출판인쇄업,출판사,2026-05-01 22:45:59,I,03,폐업,,,,2013-04-24 16:17:02,,2007-08-31,110-858,서울특별시 종로구 수송동 ** 두산위브파빌리온 ****호,CDFG1251002013000042,3000000,,"서울특별시 종로구 삼봉로 **, ****호 (수송동, 두산위브파빌리온)",,03,폐업,,,,070-8711-7377,,
,보라출판사,2017-03-23,197465.223921125,452366.613899898,출판인쇄업,출판사,2026-05-01 22:45:59,I,03,폐업,,,,2017-03-23 11:01:14,,2013-05-10,110-872,서울특별시 종로구 내수동 ** 경희궁의아침*단지 ****호,CDFG1251002013000053,3000000,,"서울특별시 종로구 사직로*길 **, ****호 (내수동, 경희궁의아침*단지)",,03,폐업,,,,,,
,디자이너스,2016-03-17,199176.942185593,452210.348221407,출판인쇄업,출판사,2026-05-01 22:45:59,I,03,폐업,,,,2016-03-17 16:40:51,,2013-05-29,110-370,서울특별시 종로구 묘동 *** 금성빌딩 *층,CDFG1251002013000059,3000000,,"서울특별시 종로구 돈화문로 **, *층 (묘동, 금성빌딩)",,03,폐업,,,,,,
,ABC북스,2019-04-03,197329.054176722,452942.209288599,출판인쇄업,출판사,2026-05-01 22:45:59,I,03,폐업,,,,2019-04-04 14:23:49,,2013-05-31,110-045,서울특별시 종로구 체부동 **-* 홍성빌딩 *층,CDFG1251002013000061,3000000,,"서울특별시 종로구 자하문로*길 **, *층 (체부동, 홍성빌딩)",,03,폐업,,,,,,
,주식회사 와이비엠비앤씨,2022-06-30,198939.37216835,451961.195542884,출판인쇄업,출판사,2026-05-01 22:46:00,I,03,폐업,,,,2022-06-30 17:33:23,,2013-06-04,,서울특별시 종로구 종로*가 **-* YBM,CDFG1251002013000063,3000000,,"서울특별시 종로구 종로 ***, YBM (종로*가)",03191,03,폐업,,,,02-2003-1678,,
,감고당,2025-08-08,198259.597737611,452813.169168002,출판인쇄업,출판사,2026-05-01 22:46:00,I,03,폐업,,,,2025-08-08 16:46:25,,2013-06-19,110-190,서울특별시 종로구 사간동 ** B***호,CDFG1251002013000066,3000000,,"서울특별시 종로구 율곡로*길 **-*, B***호 (사간동)",,03,폐업,,,,070-8248-5371,,
,중국어학회출판사,2017-12-11,197607.398336321,452120.026024435,출판인쇄업,출판사,2026-05-01 22:46:00,I,03,폐업,,,,2017-12-12 10:46:48,,2013-06-24,110-722,서울특별시 종로구 당주동 *** 미도파광화문빌딩 *층 ***호,CDFG1251002013000069,3000000,,"서울특별시 종로구 세종대로**길 **, *층 ***-**호 (당주동, 미도파광화문빌딩)",,03,폐업,,,,,,
,서울창작,2018-03-28,198150.300374121,452019.212642931,출판인쇄업,출판사,2026-05-01 22:46:00,I,03,폐업,,,,2018-03-28 14:01:15,,2002-12-05,110-888,서울특별시 종로구 종로*가 ** 르메이에르빌딩 B동 ****호,CDFG1251002013000077,3000000,,서울특별시 종로구 종로 ** (종로*가),,03,폐업,,,,,,
,한국신문기자회 편찬실,2017-01-03,201706.259226135,452343.428868999,출판인쇄업,출판사,2026-05-01 22:46:00,I,03,폐업,,,,2017-01-04 18:38:15,,2013-08-09,110-826,서울특별시 종로구 숭인동 ***-**,CDFG1251002013000088,3000000,,서울특별시 종로구 종로**가길 **-* (숭인동),,03,폐업,,,,070-7138-7291,,
,우석21,2017-01-03,199932.124586138,453379.42906315,출판인쇄업,출판사,2026-05-01 22:46:00,I,03,폐업,,,,2017-01-04 18:40:52,,2013-08-27,110-524,서울특별시 종로구 명륜*가 **-*,CDFG1251002013000096,3000000,,서울특별시 종로구 대명*길 **-** (명륜*가),,03,폐업,,,,070-7685-7925,,
,(재)한국공연예술센터,2014-10-15,200211.341833282,453309.498946546,출판인쇄업,출판사,2026-05-01 22:46:00,I,03,폐업,,,,2014-10-16 11:08:30,,2013-09-04,110-809,서울특별시 종로구 동숭동 *-**,CDFG1251002013000099,3000000,,서울특별시 종로구 대학로**길 ** (동숭동),,03,폐업,,,,02-3668-0008,,
,챠밍스쿨,2015-07-28,198752.043335926,451889.12171468,출판인쇄업,출판사,2026-05-01 22:46:00,I,03,폐업,,,,2015-07-28 16:27:35,,2013-09-26,110-111,서울특별시 종로구 관철동 **-* *층,CDFG1251002013000108,3000000,,"서울특별시 종로구 삼일대로**길 **, *층 (관철동)",,03,폐업,,,,02-1588-1582,,
,스타 빅 차이나(Star Big China),2015-07-28,198752.043335926,451889.12171468,출판인쇄업,출판사,2026-05-01 22:46:00,I,03,폐업,,,,2015-07-28 16:26:44,,2013-10-08,110-111,서울특별시 종로구 관철동 **-* *층 *호,CDFG1251002013000112,3000000,,"서울특별시 종로구 삼일대로**길 **, *층 *호 (관철동)",,03,폐업,,,,1588-1582,,
,도서출판 문학정신,2015-01-05,198150.300374121,452019.212642931,출판인쇄업,출판사,2026-05-01 22:46:00,I,03,폐업,,,,2015-01-06 20:30:40,,2013-10-16,110-888,서울특별시 종로구 종로*가 ** 르메이에르종로타운 ****호,CDFG1251002013000118,3000000,,"서울특별시 종로구 종로 **, ****호 (종로*가, 르메이에르종로타운)",,03,폐업,,,,02-723-1556,,
,Gaain Editions,2019-01-18,196162.193906377,456076.858916341,출판인쇄업,출판사,2026-05-01 22:46:00,I,03,폐업,,,,2019-01-21 10:53:27,,2013-10-22,110-803,서울특별시 종로구 구기동 **-* 렉스팰리스 B**호,CDFG1251002013000122,3000000,,"서울특별시 종로구 진흥로**나길 **, B**호 (구기동, 렉스팰리스)",,03,폐업,,,,02-394-5991,,
,신진애드,2024-05-09,200765.425547298,452411.091563621,출판인쇄업,출판사,2026-05-01 22:46:00,I,03,폐업,,,,2025-05-07 11:33:09,,2013-10-28,110-843,서울특별시 종로구 창신동 ***-*** B**호,CDFG1251002013000123,3000000,,"서울특별시 종로구 낙산성곽*길 **, B**호 (창신동)",,03,폐업,,,,,,
,목표가 있는 삶,2014-11-25,200306.768268418,452571.370971982,출판인쇄업,출판사,2026-05-01 22:46:00,I,03,폐업,,,,2014-11-25 14:44:19,,2013-11-05,110-845,서울특별시 종로구 충신동 **-*,CDFG1251002013000126,3000000,,서울특별시 종로구 율곡로 ***-** (충신동),,03,폐업,,,,,,
,교육출판 우리셋에듀,2024-03-08,197487.622049589,452071.534763593,출판인쇄업,출판사,2026-05-01 22:46:00,I,03,폐업,,,,2024-03-08 17:31:02,,2013-11-11,110-061,서울특별시 종로구 신문로*가 **-** 한글회관 ***호,CDFG1251002013000129,3000000,,"서울특별시 종로구 새문안로*길 *, ***호 (신문로*가, 한글회관)",,03,폐업,,,,02-3210-3323,,
,(주)크리스천투데이,2016-05-04,200234.62233041,453931.032766368,출판인쇄업,출판사,2026-05-01 22:46:00,I,03,폐업,,,,2016-05-04 18:57:26,,2007-05-01,110-530,서울특별시 종로구 혜화동 **-* 시티빌딩,CDFG1251002013000130,3000000,,"서울특별시 종로구 창경궁로 *** (혜화동, 시티빌딩)",,03,폐업,,,,02-598-4564,,
,한국행정연구소,2021-06-04,197465.223921125,452366.613899898,출판인쇄업,출판사,2026-05-01 22:46:00,I,03,폐업,,,,2021-06-04 11:17:30,,1993-10-29,,서울특별시 종로구 내수동 ** 경희궁의아침 *단지,CDFG1251002013000138,3000000,,"서울특별시 종로구 사직로*길 **, 경희궁의아침 *단지 B***호 (내수동)",03174,03,폐업,,,,02-720-1680,,
,단아함,2015-10-15,197303.117783387,452617.657678461,출판인쇄업,출판사,2026-05-01 22:46:00,I,03,폐업,,,,2015-10-15 15:26:21,,2013-12-02,110-044,서울특별시 종로구 필운동 *** *층,CDFG1251002013000146,3000000,,"서울특별시 종로구 사직로 ***, *층 (필운동)",,03,폐업,,,,,,
,소울링크(Soul Link),2015-10-15,197303.117783387,452617.657678461,출판인쇄업,출판사,2026-05-01 22:46:00,I,03,폐업,,,,2015-10-15 15:25:36,,2011-10-20,110-044,서울특별시 종로구 필운동 *** *층,CDFG1251002013000147,3000000,,"서울특별시 종로구 사직로 ***, *층 (필운동)",,03,폐업,,,,,,
,마인드브레인,2015-10-15,197303.117783387,452617.657678461,출판인쇄업,출판사,2026-05-01 22:46:00,I,03,폐업,,,,2015-10-15 15:22:49,,2011-09-16,110-044,서울특별시 종로구 필운동 *** *층,CDFG1251002013000148,3000000,,"서울특별시 종로구 사직로 ***, *층 (필운동)",,03,폐업,,,,,,
,헤세의정원,2015-10-15,197303.117783387,452617.657678461,출판인쇄업,출판사,2026-05-01 22:46:00,I,03,폐업,,,,2015-10-15 15:23:45,,2011-09-08,110-044,서울특별시 종로구 필운동 *** *층,CDFG1251002013000149,3000000,,"서울특별시 종로구 사직로 ***, *층 (필운동)",,03,폐업,,,,,,
,오오사,2015-11-23,196752.215832039,455023.262325523,출판인쇄업,출판사,2026-05-01 22:46:00,I,03,폐업,,,,2015-11-23 16:57:24,,2013-12-04,110-816,서울특별시 종로구 부암동 ***-** B***호,CDFG1251002013000151,3000000,,"서울특별시 종로구 백석동길 ***, B***호 (부암동)",,03,폐업,,,,,,
,앤드이안(ANDIANN),2018-04-30,197440.077633974,453333.432948655,출판인쇄업,출판사,2026-05-01 22:46:00,I,03,폐업,,,,2018-05-08 13:04:30,,2013-12-16,,서울특별시 종로구 효자동 **-*,CDFG1251002013000155,3000000,,"서울특별시 종로구 자하문로**길 **, *층 (효자동)",03042,03,폐업,,,,02-734-3105,,
,(주)위코뮤직,2015-04-23,200089.004472863,452986.206777353,출판인쇄업,출판사,2026-05-01 22:46:00,I,03,폐업,,,,2015-04-23 16:18:57,,2013-12-17,110-460,서울특별시 종로구 연건동 ** *층,CDFG1251002013000157,3000000,,"서울특별시 종로구 대학로 **, *층 (연건동)",,03,폐업,,,,02-766-7779,,
,진영북스,2013-12-27,197005.725824352,452843.548405026,출판인쇄업,출판사,2026-05-01 22:46:00,I,03,폐업,,,,2013-12-27 10:06:28,,2013-12-27,110-044,서울특별시 종로구 필운동 ** ***호,CDFG1251002013000159,3000000,,"서울특별시 종로구 필운대로*길 **, ***호 (필운동)",,03,폐업,,,,02-730-7318,,
근린생활시설,한국신문방송인클럽M&B,2017-10-30,201660.844071164,452165.814434389,출판인쇄업,출판사,2026-05-01 22:46:00,I,03,폐업,,110.92,2,2017-11-16 16:10:31,,2013-12-02,110-827,서울특별시 종로구 숭인동 ***-** 숭인빌딩 ***호,CDFG1251002014000009,3000000,,"서울특별시 종로구 청계천로 ***, ***호 (숭인동, 숭인빌딩)",,03,폐업,,,,02-3298-1001,,
,붓다셔벌,2023-02-02,198913.496136105,452416.170780139,출판인쇄업,출판사,2026-05-01 22:46:00,I,03,폐업,,,,2023-02-02 19:46:28,,2014-01-23,110-320,서울특별시 종로구 낙원동 **-* 종로오피스텔 ***호,CDFG1251002014000011,3000000,,"서울특별시 종로구 삼일대로**길 **, *층 ***호 (낙원동, 종로오피스텔)",,03,폐업,,,,02-745-7276,,
,(주)메트로신문사,2017-06-30,197432.785842717,452104.764649334,출판인쇄업,출판사,2026-05-01 22:46:00,I,03,폐업,,,,2018-02-22 15:56:28,,2002-09-10,,서울특별시 종로구 신문로*가 *-***,CDFG1251002014000018,3000000,,서울특별시 종로구 경희궁길 * (신문로*가),03176,03,폐업,,,,,,
,ZAKO,2020-01-23,196776.687688073,453219.568931713,출판인쇄업,출판사,2026-05-01 22:46:00,I,03,폐업,,,,2020-01-23 16:35:13,,2012-12-20,110-041,서울특별시 종로구 누상동 ***-*** 우경하이츠 B**호,CDFG1251002014000020,3000000,,"서울특별시 종로구 옥인*길 **, B**호 (누상동, 우경하이츠)",,03,폐업,,,,02-722-9838,,
,한국어문화교육원,2015-07-28,198752.043335926,451889.12171468,출판인쇄업,출판사,2026-05-01 22:46:00,I,03,폐업,,,,2015-07-28 16:25:47,,2014-02-26,110-111,서울특별시 종로구 관철동 **-* *층,CDFG1251002014000021,3000000,,"서울특별시 종로구 삼일대로**길 **, *층 (관철동)",,03,폐업,,,,1588-1582,,
,SILKWORM PHOTOS,2018-03-15,197615.569079412,456703.502497002,출판인쇄업,출판사,2026-05-01 22:46:00,I,03,폐업,,,,2018-03-19 15:19:39,,2014-03-04,110-848,서울특별시 종로구 평창동 ***-*,CDFG1251002014000023,3000000,,서울특별시 종로구 평창**길 **-* (평창동),,03,폐업,,,,,,
,조르바,2025-05-02,198563.933287246,453386.834227821,출판인쇄업,출판사,2026-05-01 22:46:00,I,03,폐업,,,,2025-05-02 15:31:21,,2014-03-10,110-260,서울특별시 종로구 가회동 **-** ***호,CDFG1251002014000028,3000000,,"서울특별시 종로구 북촌로 **-*, ***호 (가회동)",,03,폐업,,,,,,
,봄베이,2023-12-11,198783.831379947,453360.420310894,출판인쇄업,출판사,2026-05-01 22:46:13,I,03,폐업,,,,2024-01-09 14:44:18,,2023-03-13,,서울특별시 종로구 계동 *-**,CDFG1251002023000034,3000000,,서울특별시 종로구 계동*길 * (계동),03057,03,폐업,,,,,,
,매스터리 런,2023-04-30,196171.32627844,452746.033013615,출판인쇄업,출판사,2026-05-01 22:46:13,I,03,폐업,,,,2023-05-02 17:26:58,,2015-02-27,,서울특별시 종로구 무악동 ** 인왕산아이파크,CDFG1251002023000039,3000000,,"서울특별시 종로구 통일로**길 *, ***동 ***호 (무악동, 인왕산아이파크)",03024,03,폐업,,,,02-3789-3295,,
,더블아이,2025-01-19,200675.416372434,452151.074797571,출판인쇄업,출판사,2026-05-01 22:46:13,I,03,폐업,,,,2025-01-21 07:56:59,,2023-04-25,,서울특별시 종로구 종로*가 **-* 한보한의원,CDFG1251002023000049,3000000,,"서울특별시 종로구 율곡로 ***, ***호 (종로*가)",03124,03,폐업,,,,070-7954-6430,,
,케이크상자,2024-08-27,200406.943190766,453431.806703347,출판인쇄업,출판사,2026-05-01 22:46:14,I,03,폐업,,,,2025-02-17 11:08:56,,2023-08-04,,서울특별시 종로구 동숭동 *-** 대덕주택,CDFG1251002023000087,3000000,,"서울특별시 종로구 동숭*나길 **, B**호 (동숭동, 대덕주택)",03085,03,폐업,,,,,,
,에이페이퍼,2024-07-24,201900.45578167,452872.36647557,출판인쇄업,출판사,2026-05-01 22:46:14,I,03,폐업,,,,2024-07-24 15:23:37,,2023-09-21,,서울특별시 종로구 숭인동 ***,CDFG1251002023000108,3000000,,"서울특별시 종로구 숭인동길 **-**, ***호 (숭인동)",03111,03,폐업,,,,,,
,도서출판 달나무,2025-10-30,198913.496136105,452416.170780139,출판인쇄업,출판사,2026-05-01 22:46:14,I,03,폐업,,,,2025-10-30 15:46:24,,2023-09-27,,서울특별시 종로구 낙원동 **-* 종로오피스텔,CDFG1251002023000130,3000000,,"서울특별시 종로구 삼일대로**길 **, ***호 (낙원동, 종로오피스텔)",03132,03,폐업,,,,,,
,단추 미디어,2024-03-26,197782.622849854,456220.012148299,출판인쇄업,출판사,2026-05-01 22:46:14,I,03,폐업,,,,2024-03-27 09:57:15,,2023-12-06,,서울특별시 종로구 평창동 **-* 금강하이츠빌라,CDFG1251002023000132,3000000,,"서울특별시 종로구 평창**길 **, *동 ***호 (평창동, 금강하이츠빌라)",03010,03,폐업,,,,,,
,도서관에서 만난 사람들,2024-12-06,197165.654249255,456180.749959012,출판인쇄업,출판사,2026-05-01 22:46:15,I,03,폐업,,,,2024-12-06 14:07:21,,2024-01-18,,서울특별시 종로구 평창동 *** 금강주택,CDFG1251002024000012,3000000,,"서울특별시 종로구 평창**길 *-**, ***호 (평창동, 금강주택)",03009,03,폐업,,,,,,
,희정이네,2024-09-24,198658.943470079,452604.254902527,출판인쇄업,출판사,2026-05-01 22:46:15,I,03,폐업,,,,2024-09-24 14:43:58,,2024-03-20,,서울특별시 종로구 경운동 **-* 운현궁 에스케이 허브,CDFG1251002024000034,3000000,,"서울특별시 종로구 삼일대로 ***, 운현궁 에스케이 허브 ***동 ***호 (경운동)",03147,03,폐업,,,,02-6956-4401,,
,주식회사 부귀영화,2025-06-24,201359.53353905,452395.659064842,출판인쇄업,출판사,2026-05-01 22:46:16,I,03,폐업,,,,2025-06-24 15:29:19,,2019-12-11,,서울특별시 종로구 숭인동 ** 롯데캐슬 천지인,CDFG1251002025000025,3000000,,"서울특별시 종로구 종로 ***, ****동 ****호 (숭인동, 롯데캐슬 천지인)",03113,03,폐업,,,,,,
,책수다,2025-10-27,197858.611292521,456329.140977923,출판인쇄업,출판사,2026-05-01 22:46:06,I,03,폐업,,,,2025-10-28 15:37:14,,2017-04-12,,서울특별시 종로구 평창동 ** *층 ***호,CDFG1251002017000055,3000000,,"서울특별시 종로구 평창**길 **, *층 ***호 (평창동, 거목빌라)",03010,03,폐업,,,,,,
,한국교육시스템,2022-01-07,201687.573879734,452408.346754198,출판인쇄업,출판사,2026-05-01 22:46:06,I,03,폐업,,,,2024-01-23 10:34:21,,2017-05-01,,서울특별시 종로구 숭인동 ***-**,CDFG1251002017000062,3000000,,"서울특별시 종로구 종로 ***, ***호 (숭인동, 엘리시앙 오피스텔)",03115,03,폐업,,,,02-2237-8037,,
,화이트리거,2021-03-23,197462.405530759,456503.38852941,출판인쇄업,출판사,2026-05-01 22:46:06,I,03,폐업,,,,2021-03-23 14:44:28,,2017-06-21,,서울특별시 종로구 평창동 **-**,CDFG1251002017000088,3000000,,"서울특별시 종로구 평창**길 **-**, *동 (평창동)",03004,03,폐업,,,,,,
,마당옆목련,2018-03-05,198600.727823907,452781.126479633,출판인쇄업,출판사,2026-05-01 22:46:06,I,03,폐업,,,,2018-03-06 11:05:51,,2017-07-26,,서울특별시 종로구 안국동 ***,CDFG1251002017000100,3000000,,"서울특별시 종로구 북촌로*길 **, *층 (안국동)",03060,03,폐업,,,,,,
,아이칼리지 중부지사,2020-11-11,198150.300374121,452019.212642931,출판인쇄업,출판사,2026-05-01 22:46:06,I,03,폐업,,,,2020-11-11 11:57:58,,2017-07-26,,서울특별시 종로구 종로*가 **,CDFG1251002017000101,3000000,,"서울특별시 종로구 종로 **, A동 ****호 (종로*가, 르메이에르종로타운)",03157,03,폐업,,,,02-3210-1999,,
,에이플러스월드(주),2017-11-01,197836.22031212,451932.36673738,출판인쇄업,출판사,2026-05-01 22:46:06,I,03,폐업,,99.5,,2017-11-06 13:55:33,,2016-05-20,,서울특별시 종로구 세종로 ***,CDFG1251002017000108,3000000,,"서울특별시 종로구 세종대로 ***, **층 ****호 (세종로, 광화문빌딩)",03186,03,폐업,,,,,,
,동해학술원,2020-10-19,198913.828532627,452446.658731129,출판인쇄업,출판사,2026-05-01 22:46:06,I,03,폐업,,,,2020-10-20 16:06:14,,2017-08-14,,서울특별시 종로구 낙원동 **-*,CDFG1251002017000109,3000000,,"서울특별시 종로구 삼일대로**길 **, ****호 (낙원동, 종로오피스텔)",03132,03,폐업,,,,02-960-0390,,
,(주)OCTO,2023-08-28,197607.398336321,452120.026024435,출판인쇄업,출판사,2026-05-01 22:46:07,I,03,폐업,,,,2023-08-28 17:23:40,,2017-09-06,,서울특별시 종로구 당주동 ***,CDFG1251002017000122,3000000,,"서울특별시 종로구 세종대로**길 **, *층 ***호 (당주동)",03182,03,폐업,,,,02-2209-3671,,
,쓰리디엔터테인먼트(주),2020-11-11,199821.049361946,453241.866388032,출판인쇄업,출판사,2026-05-01 22:46:07,I,03,폐업,,,,2020-11-11 11:57:48,,2011-03-31,,서울특별시 종로구 명륜*가 ***-**,CDFG1251002017000129,3000000,,"서울특별시 종로구 창경궁로**길 **-*, 비동 ***호 (명륜*가, 명진빌라)",03079,03,폐업,,,,,,
,세웅컴퓨터,2025-05-22,200043.762898327,452936.107868015,출판인쇄업,출판사,2026-05-01 22:46:08,I,03,폐업,,,,2025-05-22 15:17:50,,2017-11-06,,서울특별시 종로구 연건동 **,CDFG1251002017000144,3000000,,서울특별시 종로구 대학로*길 **-* (연건동),03082,03,폐업,,,,02-762-6554,,
,느티나무숲서원,2024-12-31,197559.791065754,452388.315239125,출판인쇄업,출판사,2026-05-01 22:46:08,I,03,폐업,,,,2024-12-31 14:33:02,,2017-11-08,,서울특별시 종로구 내수동 ** 광화문시대,CDFG1251002017000146,3000000,,"서울특별시 종로구 사직로*길 **, ***호 (내수동, 광화문시대)",03173,03,폐업,,,,,,
,(주)삼성교육,2025-03-18,197995.218793409,451945.047247204,출판인쇄업,출판사,2026-05-01 22:46:08,I,03,폐업,,,,2025-03-25 13:47:06,,2009-07-17,,서울특별시 종로구 서린동 ***-* 광화문우체국,CDFG1251002017000148,3000000,,"서울특별시 종로구 종로 *, *층 (서린동)",03187,03,폐업,,,,,,
,한국저널리스트클럽,2019-04-15,199113.412184833,452627.244712776,출판인쇄업,출판사,2026-05-01 22:46:08,I,03,폐업,,,,2019-04-15 15:08:08,,2009-06-25,,서울특별시 종로구 와룡동 **-*,CDFG1251002017000154,3000000,,서울특별시 종로구 돈화문로 ** (와룡동),03134,03,폐업,,,,,,
,밸류북스,2018-11-28,197567.747824202,452347.973860449,출판인쇄업,출판사,2026-05-01 22:46:08,I,03,폐업,,,,2018-11-29 10:49:38,,2017-12-20,,서울특별시 종로구 내수동 ** 용비어천가,CDFG1251002017000164,3000000,,"서울특별시 종로구 새문안로*길 **, ****호 (내수동, 용비어천가)",03173,03,폐업,,,,,,
,서울포토 문화사,2018-03-05,199214.553264925,452046.601850459,출판인쇄업,출판사,2026-05-01 22:46:08,I,03,폐업,,,,2018-03-06 11:07:30,,2016-05-20,,서울특별시 종로구 종로*가 **-*,CDFG1251002018000004,3000000,,"서울특별시 종로구 돈화문로 **, ***호 (종로*가)",03139,03,폐업,,,,02-723-0063,,
,BRATTLE COMPANY,2019-02-25,197465.223921125,452366.613899898,출판인쇄업,출판사,2026-05-01 22:46:08,I,03,폐업,,,,2019-02-25 15:17:40,,2018-01-10,,서울특별시 종로구 내수동 ** 경희궁의아침 *단지,CDFG1251002018000007,3000000,,"서울특별시 종로구 사직로*길 **, 경희궁의아침 *단지 ***호 (내수동)",03174,03,폐업,,,,,,
,(주)플랫폼기술연구소,2020-03-31,198324.653631679,452252.812389497,출판인쇄업,출판사,2026-05-01 22:46:08,I,03,폐업,,,,2020-03-31 15:52:10,,2018-01-15,,서울특별시 종로구 수송동 ** 두산위브파빌리온,CDFG1251002018000011,3000000,,"서울특별시 종로구 삼봉로 **, 두산위브파빌리온 ***호 (수송동)",03150,03,폐업,,,,02-723-0850,,
,주식회사 토이코드,2020-10-05,198909.174629567,451935.97522869,출판인쇄업,출판사,2026-05-01 22:46:08,I,03,폐업,,,,2020-10-06 09:14:41,,2016-01-12,,서울특별시 종로구 종로*가 **-** YBM어학원,CDFG1251002018000017,3000000,,"서울특별시 종로구 종로 **, YBM어학원 *층 (종로*가)",03191,03,폐업,,,,070-5102-1821,,
,블랑크(BLANC BLANK),2021-01-25,198415.227476675,453612.870066685,출판인쇄업,출판사,2026-05-01 22:46:08,I,03,폐업,,,,2021-01-26 18:18:23,,2018-04-02,,서울특별시 종로구 삼청동 **-*** 아트하우스,CDFG1251002018000039,3000000,,"서울특별시 종로구 북촌로*나길 **, 아트하우스 ***호 (삼청동)",03053,03,폐업,,,,,,
,단지이야기,2019-04-04,201061.62103828,452642.095069791,출판인쇄업,출판사,2026-05-01 22:46:08,I,03,폐업,,,,2019-04-04 14:22:39,,2018-04-06,,서울특별시 종로구 창신동 **-***,CDFG1251002018000043,3000000,,"서울특별시 종로구 창신*가길 **, *층 ***호 (창신동)",03095,03,폐업,,,,,,
,사단법인 코드,2023-06-16,200137.118682246,453249.562595164,출판인쇄업,출판사,2026-05-01 22:46:08,I,03,폐업,,,,2023-06-16 17:06:10,,2013-11-28,,서울특별시 종로구 동숭동 *-*** 공공일호,CDFG1251002018000057,3000000,,"서울특별시 종로구 대학로 ***, 공공일호 *층 (동숭동)",03086,03,폐업,,,,070-7618-0321,,
,크크,2019-05-09,196365.75168448,455846.612158674,출판인쇄업,출판사,2026-05-01 22:46:08,I,03,폐업,,,,2019-05-09 13:26:04,,2018-06-20,,서울특별시 종로구 구기동 **-*,CDFG1251002018000072,3000000,,"서울특별시 종로구 진흥로**가길 **, *층 (구기동)",03013,03,폐업,,,,,,
,(주)화인아츠,2021-08-03,198610.084299909,452459.798694503,출판인쇄업,출판사,2026-05-01 22:46:08,I,03,폐업,,,,2021-08-05 09:42:42,,2015-05-04,,서울특별시 종로구 관훈동 **-*,CDFG1251002018000079,3000000,,"서울특별시 종로구 인사동**길 **, *층 (관훈동)",03146,03,폐업,,,,02-741-3884,,
,포데이즈,2020-05-13,198889.75345798,453349.053481787,출판인쇄업,출판사,2026-05-01 22:46:08,I,03,폐업,,,,2020-05-13 15:51:57,,2018-09-10,,서울특별시 종로구 원서동 **-** 엘빌라트,CDFG1251002018000097,3000000,,"서울특별시 종로구 창덕궁*길 **-*, ***호 (원서동, 엘빌라트)",03057,03,폐업,,,,,,
,굿프렌드정우,2022-07-25,196723.596810439,455909.430914939,출판인쇄업,출판사,2026-05-01 22:46:08,I,03,폐업,,,,2022-08-09 16:05:03,,2018-09-18,,서울특별시 종로구 평창동 ***-*,CDFG1251002018000103,3000000,,서울특별시 종로구 평창*길 ** (평창동),03008,03,폐업,,,,02-722-2128,,
,(주)콤파스코리아,2023-04-05,198401.269595527,452259.089626161,출판인쇄업,출판사,2026-05-01 22:46:08,I,03,폐업,,,,2023-05-16 17:24:57,,2018-09-20,,서울특별시 종로구 견지동 ***-** 우정에쉐르,CDFG1251002018000106,3000000,,"서울특별시 종로구 우정국로 **, 우정에쉐르 ***호 (견지동)",03150,03,폐업,,,,02-722-1700,,
,패스트캠퍼스랭귀지(주)광화문센터,2020-08-21,198213.955223154,452045.296742706,출판인쇄업,출판사,2026-05-01 22:46:08,I,03,폐업,,,,2020-08-21 13:19:51,,2018-10-25,,서울특별시 종로구 청진동 *** Tower *,CDFG1251002018000123,3000000,,"서울특별시 종로구 종로*길 *, Tower * *층 ***호 (청진동)",03157,03,폐업,,,,02-518-4850,,
,에반젤리스트,2019-02-25,197389.093840495,456662.891741775,출판인쇄업,출판사,2026-05-01 22:46:08,I,03,폐업,,,,2019-02-25 15:15:27,,2018-12-04,,서울특별시 종로구 평창동 ***-*,CDFG1251002018000134,3000000,,서울특별시 종로구 평창**길 ** (평창동),03004,03,폐업,,,,,,
,ART&COMPANY,2023-06-23,197212.364862058,456055.205802855,출판인쇄업,출판사,2026-05-01 22:46:08,I,03,폐업,,,,2023-06-23 17:27:25,,2019-01-21,,서울특별시 종로구 평창동 ***-* 글로리아타운,CDFG1251002019000007,3000000,,"서울특별시 종로구 평창문화로 **, 글로리아타운 비동 *층 (평창동)",03009,03,폐업,,,,02-394-3631,,
,(주)시대너머,2021-03-26,196787.886795213,451814.424196043,출판인쇄업,출판사,2026-05-01 22:46:08,I,03,폐업,,,,2021-03-26 17:13:10,,2019-02-13,,서울특별시 종로구 교남동 **,CDFG1251002019000016,3000000,,"서울특별시 종로구 통일로 ***, ***호 (교남동)",03180,03,폐업,,,,02-738-0427,,
,디얀(Dhyan),2025-09-02,199059.320153154,452302.010986951,출판인쇄업,출판사,2026-05-01 22:46:09,I,03,폐업,,,,2025-09-02 17:40:49,,2019-03-05,,서울특별시 종로구 익선동 ***-*,CDFG1251002019000026,3000000,,"서울특별시 종로구 수표로**길 **, *층 (익선동)",03133,03,폐업,,,,,,
,월드아트사이언스,2020-02-24,198970.736456772,452534.45478172,출판인쇄업,출판사,2026-05-01 22:46:09,I,03,폐업,,,,2020-02-24 14:24:12,,2019-03-29,,서울특별시 종로구 익선동 **-* 운현신화타워,CDFG1251002019000035,3000000,,"서울특별시 종로구 삼일대로**길 **, ***호 (익선동, 운현신화타워)",03132,03,폐업,,,,02-762-3386,,
,(주)도큐먼츠,2023-12-31,196765.9428839,454695.634292958,출판인쇄업,출판사,2026-05-01 22:46:09,I,03,폐업,,,,2024-01-26 15:42:14,,2019-04-09,,서울특별시 종로구 부암동 ***-*,CDFG1251002019000044,3000000,,"서울특별시 종로구 자하문로**길 **, *층 (부암동)",03020,03,폐업,,,,02-391-1020,,
,"better,not bitter",2023-09-12,198974.723576567,453213.761842168,출판인쇄업,출판사,2026-05-01 22:46:09,I,03,폐업,,,,2023-09-12 17:10:02,,2019-07-01,,서울특별시 종로구 원서동 ***-*,CDFG1251002019000082,3000000,,"서울특별시 종로구 창덕궁*길 *, ***호 (원서동)",03057,03,폐업,,,,,,
,싱크트리아트리에주식회사,2025-07-28,198150.300374121,452019.212642931,출판인쇄업,출판사,2026-05-01 22:46:09,I,03,폐업,,,,2025-07-28 17:42:53,,2019-07-08,,서울특별시 종로구 종로*가 ** 르메이에르종로타운*,CDFG1251002019000086,3000000,,"서울특별시 종로구 종로 **, 르메이에르종로타운* B***-*호 (종로*가)",03157,03,폐업,,,,,,
,공익경영센터,2021-02-04,198838.912965902,452214.210961577,출판인쇄업,출판사,2026-05-01 22:46:09,I,03,폐업,,,,2021-02-06 15:48:27,,2019-07-15,,서울특별시 종로구 낙원동 *** 낙원상가,CDFG1251002019000090,3000000,,"서울특별시 종로구 삼일대로 ***, 낙원상가 *층 ***호 (낙원동)",03140,03,폐업,,,,070-7767-9847,,
,주식회사 호호서림,2023-04-27,198838.912965902,452214.210961577,출판인쇄업,출판사,2026-05-01 22:46:09,I,03,폐업,,,,2023-04-27 17:34:55,,2019-09-09,,서울특별시 종로구 낙원동 *** 낙원상가,CDFG1251002019000102,3000000,,"서울특별시 종로구 삼일대로 ***, 낙원상가 *층 ***호 (낙원동)",03140,03,폐업,,,,,,
,L153BOOKS,2025-02-17,197858.611292521,456329.140977923,출판인쇄업,출판사,2026-05-01 22:46:09,I,03,폐업,,,,2025-02-17 17:26:29,,2019-09-25,,서울특별시 종로구 평창동 ** 거목빌라,CDFG1251002019000113,3000000,,"서울특별시 종로구 평창**길 **, ***호 (평창동, 거목빌라)",03010,03,폐업,,,,,,
,텍스트CUBE,2024-01-30,198731.246361041,451962.63614134,출판인쇄업,출판사,2026-05-01 22:46:09,I,03,폐업,,,,2024-01-30 09:43:15,,2019-09-30,,서울특별시 종로구 종로*가 **-* 삼양빌딩,CDFG1251002019000116,3000000,,"서울특별시 종로구 종로 **-*, 삼양빌딩 ***호 (종로*가)",03190,03,폐업,,,,,,
,얼반 파크 이벤트,2020-09-29,199509.962000656,451888.555001545,출판인쇄업,출판사,2026-05-01 22:46:09,I,03,폐업,,,,2020-09-29 15:18:29,,2019-02-20,,서울특별시 종로구 장사동 ***-* 세운상가,CDFG1251002019000117,3000000,,"서울특별시 종로구 청계천로 ***, 세운상가 가동 ***호 (장사동)",03194,03,폐업,,,,02-2275-7003,,
,키즈밋,2020-07-20,197995.218793409,451945.047247204,출판인쇄업,출판사,2026-05-01 22:46:09,I,03,폐업,,,,2020-07-20 15:50:30,,2019-11-12,,서울특별시 종로구 서린동 ***-* 광화문우체국,CDFG1251002019000132,3000000,,"서울특별시 종로구 종로 *, 광화문우체국 *층 (서린동)",03187,03,폐업,,,,,,
,크리야요가,2025-06-10,198835.868996233,453023.119289218,출판인쇄업,출판사,2026-05-01 22:46:09,I,03,폐업,,,,2025-06-10 16:13:18,,2019-12-11,,서울특별시 종로구 계동 ***-** 삼방빌딩,CDFG1251002019000144,3000000,,"서울특별시 종로구 계동*길 **, 삼방빌딩 ***호 (계동)",03057,03,폐업,,,,,,
,와이티티(YTT),2023-01-13,198442.005014198,453850.832800935,출판인쇄업,출판사,2026-05-01 22:46:09,I,03,폐업,,,,2023-01-13 10:17:27,,2020-01-10,,서울특별시 종로구 삼청동 **-* 블루웍스사옥,CDFG1251002020000006,3000000,,"서울특별시 종로구 북촌로 ***-*, 블루웍스사옥 *층 (삼청동)",03053,03,폐업,,,,02-738-1004,,
,조인아이엔씨,2020-12-01,198734.612395836,452193.942445812,출판인쇄업,출판사,2026-05-01 22:46:09,I,03,폐업,,,,2020-12-02 10:46:32,,2014-01-23,,서울특별시 종로구 인사동 ***-*,CDFG1251002020000010,3000000,,"서울특별시 종로구 인사동*길 *, ***호 (인사동)",03162,03,폐업,,,,02-720-8061,,
,Love You More,2021-09-30,197567.747824202,452347.973860449,출판인쇄업,출판사,2026-05-01 22:46:09,I,03,폐업,,,,2021-10-14 14:01:49,,2015-10-02,,서울특별시 종로구 내수동 ** 용비어천가,CDFG1251002020000018,3000000,,"서울특별시 종로구 새문안로*길 **, ***호 (내수동, 용비어천가)",03173,03,폐업,,,,070-8805-2782,,
,(주)야나트립,2022-06-14,198910.899366062,452750.505122507,출판인쇄업,출판사,2026-05-01 22:46:09,I,03,폐업,,,,2022-06-14 13:57:29,,2020-05-04,,서울특별시 종로구 운니동 **-** 가든타워,CDFG1251002020000044,3000000,,"서울특별시 종로구 율곡로 **, ****호 (운니동, 가든타워)",03131,03,폐업,,,,02-715-6463,,
,전자출판 플레이포라이프,2022-04-30,199911.081164033,453896.727840223,출판인쇄업,출판사,2026-05-01 22:46:09,I,03,폐업,,,,2022-05-04 17:17:06,,2020-05-06,,서울특별시 종로구 명륜*가 **-**,CDFG1251002020000045,3000000,,"서울특별시 종로구 혜화로 **-*, ***호 (명륜*가)",03068,03,폐업,,,,,,
,평화저널,2024-12-30,198838.912965902,452214.210961577,출판인쇄업,출판사,2026-05-01 22:46:09,I,03,폐업,,,,2024-12-31 11:21:43,,2020-05-12,,서울특별시 종로구 낙원동 *** ***-**호,CDFG1251002020000052,3000000,,"서울특별시 종로구 삼일대로 ***, 낙원상가 ***-**호 (낙원동)",03140,03,폐업,,,,,,
,넥스트미디어컴,2023-02-13,196754.269078578,454949.133993455,출판인쇄업,출판사,2026-05-01 22:46:09,I,03,폐업,,,,2023-02-13 17:04:06,,2020-05-22,,서울특별시 종로구 부암동 ***-**,CDFG1251002020000061,3000000,,"서울특별시 종로구 자하문로 ***-*, *층 (부암동)",03020,03,폐업,,,,02-723-2571,,
,국민정책평가원,2020-06-18,201687.573879734,452408.346754198,출판인쇄업,출판사,2026-05-01 22:46:09,I,03,폐업,,,,2020-06-18 15:54:31,,2003-07-28,,서울특별시 종로구 숭인동 ***-** 엘리시앙오피스텔,CDFG1251002020000071,3000000,,"서울특별시 종로구 종로 ***, 엘리시앙오피스텔 ****호 (숭인동)",03115,03,폐업,,,,,,
,(주)인문엠앤비,2024-12-19,198856.835316867,453432.089783564,출판인쇄업,출판사,2026-05-01 22:46:09,I,03,폐업,,,,2024-12-19 09:43:28,,2020-06-25,,서울특별시 종로구 원서동 *-** 청구빌라,CDFG1251002020000076,3000000,,"서울특별시 종로구 창덕궁길 ***-*, ***호 (원서동, 청구빌라)",03051,03,폐업,,,,,,
,숨을 쉬다,2020-07-02,197559.791065754,452388.315239125,출판인쇄업,출판사,2026-05-01 22:46:09,I,03,폐업,,,,2020-07-03 13:11:07,,2019-12-17,,서울특별시 종로구 내수동 ** 광화문시대,CDFG1251002020000081,3000000,,"서울특별시 종로구 사직로*길 **, ***호 (내수동, 광화문시대)",03173,03,폐업,,,,,,
,(주)스마트클럽,2021-12-27,197479.822436554,452013.403992564,출판인쇄업,출판사,2026-05-01 22:46:10,I,03,폐업,,,,2021-12-27 13:44:33,,2020-08-23,,서울특별시 종로구 신문로*가 **-* 구세군회관,CDFG1251002020000107,3000000,,"서울특별시 종로구 새문안로 **, 구세군회관 ***호 (신문로*가)",03175,03,폐업,,,,02-454-4422,,
,혜아 출판사[1인무점포],2020-12-29,200426.256703519,453487.463638587,출판인쇄업,출판사,2026-05-01 22:46:10,I,03,폐업,,,,2020-12-29 14:44:26,,2020-08-23,,서울특별시 종로구 동숭동 *-***,CDFG1251002020000108,3000000,,"서울특별시 종로구 동숭*다길 **, ***호 (동숭동)",03085,03,폐업,,,,,,
,나미구,2024-12-31,197082.583927166,452362.330288575,출판인쇄업,출판사,2026-05-01 22:46:10,I,03,폐업,,,,2024-12-11 11:15:09,,2018-02-08,,서울특별시 종로구 사직동 *-* 광화문 풍림스페이스본,CDFG1251002020000109,3000000,,"서울특별시 종로구 경희궁길 **, ***동 ***호 (사직동, 광화문 풍림스페이스본)",03168,03,폐업,,,,,,
,도서출판 진지,2024-12-31,197193.771272123,452199.428810287,출판인쇄업,출판사,2026-05-01 22:46:10,I,03,폐업,,,,2025-03-13 13:34:04,,2020-08-27,,서울특별시 종로구 신문로*가 *-*** 복합문화공간 에무,CDFG1251002020000113,3000000,,"서울특별시 종로구 경희궁*가길 *, 복합문화공간 에무 (신문로*가)",03176,03,폐업,,,,02-730-5515,,
,밈,2024-12-30,199860.299320295,452455.241995603,출판인쇄업,출판사,2026-05-01 22:46:10,I,03,폐업,,,,2024-12-31 15:53:49,,2020-08-27,,서울특별시 종로구 연지동 *** 주함해븐타워 *동,CDFG1251002020000114,3000000,,"서울특별시 종로구 창경궁로**길 **, 주함해븐타워 *동 ***호 (연지동)",03128,03,폐업,,,,,,
,주식회사 씨더썬,2021-04-28,200154.117020423,453913.254681357,출판인쇄업,출판사,2026-05-01 22:46:10,I,03,폐업,,,,2021-04-28 17:24:35,,2020-10-26,,서울특별시 종로구 혜화동 **-**,CDFG1251002020000139,3000000,,"서울특별시 종로구 창경궁로**길 **, *층 (혜화동)",03076,03,폐업,,,,,,
,오늘의 문장,2021-11-04,196467.975088253,452566.134030104,출판인쇄업,출판사,2026-05-01 22:46:11,I,03,폐업,,,,2021-11-08 13:49:55,,2020-11-26,,서울특별시 종로구 무악동 ** 무악현대아파트,CDFG1251002020000163,3000000,,"서울특별시 종로구 통일로 ***-**, ***동 ****호 (무악동, 무악현대아파트)",03025,03,폐업,,,,,,
,밤비와달,2024-01-05,196905.698673782,456161.47225446,출판인쇄업,출판사,2026-05-01 22:46:11,I,03,폐업,,,,2024-01-08 09:47:06,,2020-12-09,,서울특별시 종로구 평창동 ***-* 아름마을,CDFG1251002020000172,3000000,,"서울특별시 종로구 평창**길 **, B동 ***호 (평창동, 아름마을)",03009,03,폐업,,,,,,
,리졸리코리아,2024-03-19,198220.481501283,453136.330759647,출판인쇄업,출판사,2026-05-01 22:46:11,I,03,폐업,,,,2024-03-20 14:24:37,,2020-12-14,,서울특별시 종로구 소격동 **-**,CDFG1251002020000173,3000000,,서울특별시 종로구 삼청로 **-** (소격동),03053,03,폐업,,,,,,
,굿 스코어,2021-01-20,195754.610409148,456862.175077728,출판인쇄업,출판사,2026-05-01 22:46:11,I,03,폐업,,16.57,,2021-01-20 09:37:37,,2018-10-23,,서울특별시 종로구 구기동 ***-**,CDFG1251002021000004,3000000,,서울특별시 종로구 비봉*길 **-* (구기동),03000,03,폐업,,,,,,
,굿 스코어,2021-11-15,197607.398336321,452120.026024435,출판인쇄업,출판사,2026-05-01 22:46:11,I,03,폐업,,,,2021-11-16 15:21:54,,2021-01-20,,서울특별시 종로구 당주동 *** ***-***호,CDFG1251002021000009,3000000,,"서울특별시 종로구 세종대로**길 **, ***-***호 (당주동)",03182,03,폐업,,,,,,
,서연출판사,2021-02-08,199738.130613492,454027.909990974,출판인쇄업,출판사,2026-05-01 22:46:11,I,03,폐업,,,,2021-02-10 08:30:26,,2021-02-01,,서울특별시 종로구 명륜*가 **-** 리치캐슬아파트 ***호,CDFG1251002021000015,3000000,,"서울특별시 종로구 성균관로**길 **, ***호 (명륜*가, 리치캐슬아파트)",03068,03,폐업,,,,,,
,코덱소(kodexo),2023-03-24,200161.049039873,453900.634018622,출판인쇄업,출판사,2026-05-01 22:46:11,I,03,폐업,,,,2024-03-22 14:29:33,,2021-01-22,,서울특별시 종로구 혜화동 **-** *층,CDFG1251002021000018,3000000,,"서울특별시 종로구 창경궁로**길 **, *층 (혜화동)",03076,03,폐업,,,,,,
,주식회사 한국산문,2021-02-18,198966.466796388,452608.062544497,출판인쇄업,출판사,2026-05-01 22:46:11,I,03,폐업,,,,2021-02-18 17:37:59,,2021-02-18,,"서울특별시 종로구 운니동 **-* 오피스텔월드 ***호, ***호",CDFG1251002021000020,3000000,,"서울특별시 종로구 율곡로*길 **, ***, ***호 (운니동, 오피스텔월드)",03131,03,폐업,,,,02-707-3071,,
,그랑프리,2024-01-22,196652.178100449,454504.750738043,출판인쇄업,출판사,2026-05-01 22:46:11,I,03,폐업,,,,2024-01-22 16:58:48,,2021-03-04,,서울특별시 종로구 부암동 ***-**,CDFG1251002021000024,3000000,,서울특별시 종로구 창의문로*길 **-* (부암동),03022,03,폐업,,,,,,
,(주)지구별여행사,2021-03-17,198594.308614563,452255.899868234,출판인쇄업,출판사,2026-05-01 22:46:11,I,03,폐업,,,,2021-03-18 10:04:05,,2003-03-19,,서울특별시 종로구 관훈동 ***-* 홍익빌딩,CDFG1251002021000031,3000000,,"서울특별시 종로구 인사동*길 **, 홍익빌딩 *층 (관훈동)",03149,03,폐업,,,,,,
,코옵,2024-12-31,199860.299320295,452455.241995603,출판인쇄업,출판사,2026-05-01 22:46:11,I,03,폐업,,,,2024-12-31 16:09:04,,2021-04-13,,서울특별시 종로구 연지동 *** ***호,CDFG1251002021000043,3000000,,"서울특별시 종로구 창경궁로**길 **, 주함해븐타워 *동 ***호 (연지동)",03128,03,폐업,,,,,,
,주식회사 재감사,2025-08-12,201426.690277293,452362.73852297,출판인쇄업,출판사,2026-05-01 22:46:11,I,03,폐업,,,,2025-08-12 11:22:35,,2021-05-03,,서울특별시 종로구 숭인동 ***-* *층,CDFG1251002021000055,3000000,,"서울특별시 종로구 종로 ***, *층 (숭인동)",03113,03,폐업,,,,02-742-2489,,
,아트컨설팅SAC,2023-05-30,196574.006928436,455500.637493085,출판인쇄업,출판사,2026-05-01 22:46:11,I,03,폐업,,,,2023-05-30 17:56:33,,2016-11-08,,서울특별시 종로구 신영동 ***-** B**호,CDFG1251002021000058,3000000,,"서울특별시 종로구 세검정로*다길 *, B**호 (신영동, 미엔빌)",03019,03,폐업,,,,02-734-6786,,
,샤오홍코리아(xiaohong korea),2024-11-06,199665.638183546,454091.587448252,출판인쇄업,출판사,2026-05-01 22:46:11,I,03,폐업,,,,2024-11-06 13:29:40,,2021-05-28,,서울특별시 종로구 명륜*가 *-** *층 ***호,CDFG1251002021000068,3000000,,"서울특별시 종로구 성균관로 **, *층 ***호 (명륜*가)",03070,03,폐업,,,,02-6328-6800,,
,冊숲,2021-11-13,201254.827411441,452549.867806233,출판인쇄업,출판사,2026-05-01 22:46:12,I,03,폐업,,,,2021-11-22 15:04:12,,2021-06-14,,서울특별시 종로구 창신동 **-* ***호,CDFG1251002021000074,3000000,,"서울특별시 종로구 지봉로*길 **-*, ***호 (창신동)",03103,03,폐업,,,,,,
,기록하다,2021-12-31,196990.815509246,453388.083189527,출판인쇄업,출판사,2026-05-01 22:46:12,I,03,폐업,,,,2022-06-22 16:03:11,,2021-07-12,,서울특별시 종로구 옥인동 **-*** *층,CDFG1251002021000089,3000000,,"서울특별시 종로구 필운대로*가길 **, *층 (옥인동)",03033,03,폐업,,,,,,
,도서출판 덩실덩실,2025-07-11,198789.383225835,453447.615910275,출판인쇄업,출판사,2026-05-01 22:46:12,I,03,폐업,,,,2025-07-11 14:39:59,,2021-07-17,,서울특별시 종로구 계동 *-*** *층,CDFG1251002021000093,3000000,,"서울특별시 종로구 창덕궁*길 **, *층 (계동)",03051,03,폐업,,,,,,
,시와산문문학회,2022-04-12,197618.459740824,452311.285166273,출판인쇄업,출판사,2026-05-01 22:46:12,I,03,폐업,,,,2022-04-12 15:32:31,,2021-09-23,,서울특별시 종로구 내수동 * 옥빌딩,CDFG1251002021000110,3000000,,"서울특별시 종로구 새문안로*가길 **, 옥빌딩 ***,***호 (내수동)",03173,03,폐업,,,,,,
,도서출판 팬더북,2022-03-31,198439.357750981,452934.990965887,출판인쇄업,출판사,2026-05-01 22:46:12,I,03,폐업,,0,,2022-03-31 14:44:28,,1995-07-12,,서울특별시 종로구 안국동 **-* 명문당,CDFG1251002021000138,3000000,,"서울특별시 종로구 윤보선길 **, 명문당 *층 (안국동)",03061,03,폐업,,,,,,
단독주택,주식회사 페이퍼독,2022-05-23,197436.658459821,456553.90693361,출판인쇄업,출판사,2026-05-01 22:46:12,I,03,폐업,,,,2022-06-03 10:12:07,,2021-12-28,,서울특별시 종로구 평창동 ***-*,CDFG1251002021000155,3000000,,서울특별시 종로구 평창**길 **-* (평창동),03004,03,폐업,,,,070-8790-0790,,
,에듀이너스,2024-10-22,200161.049039873,453900.634018622,출판인쇄업,출판사,2026-05-01 22:46:12,I,03,폐업,,,,2024-10-22 13:47:02,,2022-01-21,,서울특별시 종로구 혜화동 **-**,CDFG1251002022000023,3000000,,"서울특별시 종로구 창경궁로**길 **, *층 (혜화동)",03076,03,폐업,,,,02-6956-8901,,
,거스히딩크재단,2025-08-27,198755.522261388,452457.290894861,출판인쇄업,출판사,2026-05-01 22:46:12,I,03,폐업,,,,2025-08-28 09:31:49,,2022-02-24,,서울특별시 종로구 경운동 **-*,CDFG1251002022000038,3000000,,"서울특별시 종로구 삼일대로 ***, *층 ***호 (경운동)",03148,03,폐업,,,,02-949-0248,,
,해피프리,2024-10-08,197119.142559453,452816.720556018,출판인쇄업,출판사,2026-05-01 22:46:12,I,03,폐업,,,,2024-10-08 13:18:00,,2022-03-03,,서울특별시 종로구 필운동 **-*,CDFG1251002022000045,3000000,,"서울특별시 종로구 필운대로*길 **, ***호 (필운동)",03027,03,폐업,,,,,,
,도서출판 명사,2023-09-11,200109.387851383,454102.294520399,출판인쇄업,출판사,2026-05-01 22:46:12,I,03,폐업,,0,,2024-03-21 13:51:11,,1999-03-06,,서울특별시 종로구 혜화동 **-* 두산빌라,CDFG1251002022000053,3000000,,"서울특별시 종로구 창경궁로**나길 **, *층 ***호 (혜화동, 두산빌라)",03076,03,폐업,,,,02-000-0000,,
,주)넥스트 커뮤니케이션,2024-01-25,196754.269078578,454949.133993455,출판인쇄업,출판사,2026-05-01 22:46:12,I,03,폐업,,,,2024-01-25 10:14:51,,2022-05-16,,서울특별시 종로구 부암동 ***-**,CDFG1251002022000079,3000000,,"서울특별시 종로구 자하문로 ***-*, ***호 (부암동)",03020,03,폐업,,,,02-723-2571,,
,만우와장공,2022-08-22,200008.831492823,452291.335627477,출판인쇄업,출판사,2026-05-01 22:46:13,I,03,폐업,,,,2025-02-21 13:19:52,,2005-08-16,,서울특별시 종로구 연지동 ***-** 한국기독교연합회관,CDFG1251002022000081,3000000,,"서울특별시 종로구 김상옥로 **, 한국기독교연합회관 *층 ***호 (연지동)",03129,03,폐업,,,,02-3499-7600,,
,주식회사 공쌤,2023-07-20,197209.711941743,452200.99197905,출판인쇄업,출판사,2026-05-01 22:46:13,I,03,폐업,,,,2023-07-20 15:24:54,,2022-08-09,,서울특별시 종로구 신문로*가 *-*** 경희궁의 숲,CDFG1251002022000112,3000000,,"서울특별시 종로구 경희궁*가길 *, 경희궁의 숲 B***호 (신문로*가)",03176,03,폐업,,,,02-2602-7982,,
,주식회사 만우와장공,2022-09-14,200008.831492823,452291.335627477,출판인쇄업,출판사,2026-05-01 22:46:13,I,03,폐업,,,,2025-02-21 13:29:02,,2022-08-22,,서울특별시 종로구 연지동 ***-** 한국기독교연합회관,CDFG1251002022000114,3000000,,"서울특별시 종로구 김상옥로 **, 한국기독교연합회관 ***호 (연지동)",03129,03,폐업,,,,02-3499-7621,,
,고래 파트너스,2024-12-19,200986.479806797,451975.983250543,출판인쇄업,출판사,2026-05-01 22:46:13,I,03,폐업,,,,2024-12-19 17:27:32,,2022-11-22,,서울특별시 종로구 창신동 ***-** 동대문신발상가,CDFG1251002022000155,3000000,,"서울특별시 종로구 청계천로 ***, 동대문신발상가 나동 ***호 (창신동)",03119,03,폐업,,,,,,
,툭,2023-03-31,196522.366959975,452140.273047242,출판인쇄업,출판사,2026-05-01 22:46:13,I,03,폐업,,,,2023-03-31 17:36:49,,2022-12-08,,서울특별시 종로구 교북동 *** 경희궁자이 *단지,CDFG1251002022000165,3000000,,"서울특별시 종로구 송월길 ***, ***동 ****호 (교북동, 경희궁자이 *단지)",03165,03,폐업,,,,,,
,름름,2024-07-09,196375.593204918,456100.882268109,출판인쇄업,출판사,2026-05-01 22:46:13,I,03,폐업,,,,2024-07-09 15:11:41,,2023-01-11,,서울특별시 종로구 구기동 **-* 상신맨션,CDFG1251002023000005,3000000,,"서울특별시 종로구 진흥로**길 *, 가동 ***호 (구기동, 상신맨션)",03007,03,폐업,,,,,,
,새생활국민운동본부출판사업국,2000-01-28,205655.134613824,448957.981318775,출판인쇄업,출판사,2026-05-01 22:31:41,I,03,폐업,,0,0,2003-05-13 11:35:46,,1999-02-12,143-917,서울특별시 광진구 화양동 **-** 제일빌딩 ***호,CDFG1251001999000009,3040000,,"서울특별시 광진구 동일로 ***,  ***호 (화양동,제일빌딩)",,03,폐업,,,,,0,0
,금명기획,1999-07-05,205606.03952062,448838.919164077,출판인쇄업,출판사,2026-05-01 22:31:41,I,03,폐업,,0,0,2003-05-13 11:35:46,,1999-02-23,143-842,서울특별시 광진구 자양동 **-* 청진빌딩 ***호,CDFG1251001999000010,3040000,,"서울특별시 광진구 아차산로 ***,  ***호 (자양동,청진빌딩)",,03,폐업,,,,,0,0
,도서출판미르,2015-12-31,207316.575080206,450832.534690424,출판인쇄업,출판사,2026-05-01 22:31:41,I,03,폐업,,0,0,2015-12-31 08:58:01,,1999-02-23,143-885,서울특별시 광진구 중곡동 **-** *층동,CDFG1251001999000012,3040000,,"서울특별시 광진구 긴고랑로**길 **, *층동 (중곡동)",,03,폐업,,,,,0,0
,도서출판 더블클릭,2000-05-27,207714.29745342,450297.069528673,출판인쇄업,출판사,2026-05-01 22:31:42,I,03,폐업,,0,0,2003-05-13 11:35:46,,1999-03-08,143-890,서울특별시 광진구 중곡동 ***-**,CDFG1251001999000015,3040000,,서울특별시 광진구 용마산로 **  (중곡동),,03,폐업,,,,,0,0
,합출판,1999-05-31,209679.58447051,449910.157174809,출판인쇄업,출판사,2026-05-01 22:31:42,I,03,폐업,,0,0,2003-05-13 11:35:46,,1999-04-07,143-802,서울특별시 광진구 광장동 ***-* 학산코스모스텔 ***호,CDFG1251001999000017,3040000,,"서울특별시 광진구 아차산로**길 **,  ***호 (광장동,학산코스모스텔)",,03,폐업,,,,,0,0
,도서출판 베스콤,2008-05-06,,,출판인쇄업,출판사,2026-05-01 22:31:42,I,03,폐업,,,,2008-05-06 09:46:08,,1999-04-30,143-915,서울특별시 광진구 화양동 ***-*,CDFG1251001999000018,3040000,,,,03,폐업,,,,,,
,새롬,1999-07-30,207230.774413895,450465.308696934,출판인쇄업,출판사,2026-05-01 22:31:42,I,03,폐업,,0,0,2003-05-13 11:35:46,,1999-07-05,143-891,서울특별시 광진구 중곡동 ***-* 우양빌딩 ***호,CDFG1251001999000022,3040000,,"서울특별시 광진구 천호대로 ***,  ***호 (중곡동,우양빌딩)",,03,폐업,,,,34366575,0,0
,도서출판환경정보센타,2000-03-07,206813.616512143,450161.864274532,출판인쇄업,출판사,2026-05-01 22:31:42,I,03,폐업,,0,0,2003-05-13 11:35:46,,1999-07-09,143-847,서울특별시 광진구 능동 ***-** 광정빌딩 *층동,CDFG1251001999000023,3040000,,"서울특별시 광진구 능동로 ***, *층동 (능동,광정빌딩)",,03,폐업,,,,34367368,0,0
,웨드타임즈,2000-03-25,207218.589539429,451215.011172233,출판인쇄업,출판사,2026-05-01 22:31:43,I,03,폐업,,0,0,2003-05-13 11:35:46,,1999-07-19,143-899,서울특별시 광진구 중곡동 ***-* ***호,CDFG1251001999000024,3040000,,"서울특별시 광진구 능동로 ***,  ***호 (중곡동)",,03,폐업,,,,,0,0
,도서출판은세계,2007-05-14,206020.040060673,449594.781503068,출판인쇄업,출판사,2026-05-01 22:31:43,I,03,폐업,,,,2007-07-06 10:11:01,,1999-08-31,143-840,서울특별시 광진구 군자동 ***-* *층동,CDFG1251001999000032,3040000,,"서울특별시 광진구 광나루로**길 *, *층동 (군자동)",,03,폐업,,,,,,
,율곡출판사,2000-01-26,207507.758720831,448816.731921435,출판인쇄업,출판사,2026-05-01 22:31:43,I,03,폐업,,0,0,2003-05-13 11:35:46,,1999-09-15,143-826,서울특별시 광진구 구의동 ***-**,CDFG1251001999000033,3040000,,서울특별시 광진구 자양로**길 **  (구의동),,03,폐업,,,,,0,0
,김경빈클리닉,2015-09-14,207180.3028357,451008.598215134,출판인쇄업,출판사,2026-05-01 22:31:43,I,03,폐업,,0,0,2015-09-14 09:42:14,,1999-10-04,143-885,서울특별시 광진구 중곡동 **-**,CDFG1251001999000036,3040000,,서울특별시 광진구 능동로 *** (중곡동),,03,폐업,,,,22018158,0,0
,스타출판사,2001-01-04,208394.416382167,448165.279999905,출판인쇄업,출판사,2026-05-01 22:31:44,I,03,폐업,,0,0,2003-05-13 11:35:46,,1999-10-23,143-721,서울특별시 광진구 구의동 ***-* 테크노마트**,CDFG1251001999000041,3040000,,"서울특별시 광진구 광나루로**길 **  (구의동,테크노마트**)",,03,폐업,,,,,0,0
근린생활시설,조지윤인터넷영어21,2004-03-28,206983.114535117,450426.908957497,출판인쇄업,출판사,2026-05-01 22:31:44,I,03,폐업,,49.5,4,2004-03-31 12:46:05,,1999-10-25,143-847,서울특별시 광진구 능동 ***-* 도원빌딩지하,CDFG1251001999000042,3040000,근린상업지역,"서울특별시 광진구 능동로**길 **  (능동,도원빌딩지하)",,03,폐업,기타,,,34374401,5,1
근린생활시설,제자들선교회출판부,2003-09-02,207832.825587697,449589.095828124,출판인쇄업,출판사,2026-05-01 22:31:44,I,03,폐업,,766.85,4,2003-09-02 11:42:10,,1999-11-08,143-819,서울특별시 광진구 구의동 **-* 우제빌딩*층,CDFG1251001999000043,3040000,,"서울특별시 광진구 자양로 ***  (구의동,우제빌딩*층)",,03,폐업,,,,34373821,5,1
근린생활시설,더나상사,2000-05-10,206613.71271563,447770.873658945,출판인쇄업,출판사,2026-05-01 22:31:44,I,03,폐업,,46248,3,2003-05-13 11:35:46,,1999-11-16,143-865,서울특별시 광진구 자양동 ***-*,CDFG1251001999000045,3040000,,서울특별시 광진구 자양번영로 **  (자양동),,03,폐업,,,,,4,1
,도서출판 태영,2013-08-02,207532.592550117,450395.95279352,출판인쇄업,출판사,2026-05-01 22:31:44,I,03,폐업,,,,2013-08-02 17:47:07,,1999-10-19,143-891,서울특별시 광진구 중곡동 ***-**,CDFG1251001999000051,3040000,,서울특별시 광진구 천호대로***길 ** (중곡동),,03,폐업,,,,,,
,3D-MEDIA,2000-09-21,207438.566627531,450566.501089872,출판인쇄업,출판사,2026-05-01 22:31:45,I,03,폐업,,0,0,2003-05-13 11:35:46,,2000-01-19,143-891,서울특별시 광진구 중곡동 ***-**,CDFG1251002000000006,3040000,,서울특별시 광진구 용마산로*길 **  (중곡동),,03,폐업,,,,,0,0
,중원코스메틱,2001-02-23,,,출판인쇄업,출판사,2026-05-01 22:31:45,I,03,폐업,,0,,2003-05-13 11:35:46,,2000-01-29,143-873,서울특별시 광진구 자양동 ***-* 현대*차아파트상가 ***호,CDFG1251002000000010,3040000,,,,03,폐업,,,,34364660,,
,조경정보개발원,2008-10-15,207348.250305295,450397.496153831,출판인쇄업,출판사,2026-05-01 22:31:46,I,03,폐업,,,,2008-10-15 13:24:48,,2000-02-08,143-891,서울특별시 광진구 중곡동 ***-*,CDFG1251002000000012,3040000,,서울특별시 광진구 천호대로 ***  (중곡동),,03,폐업,,,,,,
,디자인클립아트,2003-12-31,208299.58970114,448840.824476461,출판인쇄업,출판사,2026-05-01 22:31:46,I,03,폐업,,,,2003-12-31 11:03:36,,2000-02-22,143-821,서울특별시 광진구 구의동 ***-* 대한빌딩***호,CDFG1251002000000015,3040000,,"서울특별시 광진구 광나루로 ***  (구의동,대한빌딩***호)",,03,폐업,,,,34017020,,
근린생활시설,지원사랑,2001-05-28,207410.632125571,452083.35613137,출판인쇄업,출판사,2026-05-01 22:31:46,I,03,폐업,,0,0,2003-05-13 11:35:46,,2000-03-11,143-909,서울특별시 광진구 중곡동 ***-*,CDFG1251002000000020,3040000,,서울특별시 광진구 답십리로 ***  (중곡동),,03,폐업,,,,,0,0
,동명사,,,,출판인쇄업,출판사,2026-05-01 22:43:25,I,31,등록취소,,0,0,2003-02-07 09:13:27,,1950-11-01,110-130,서울특별시 종로구 청진동 ***-*,CDFG1251001950000001,3000000,,,,04,취소/말소/만료/정지/중지,,,,22348251,0,0
,한의경영연구원,2014-12-30,,,출판인쇄업,출판사,2026-05-01 22:31:58,I,03,폐업,,,,2014-12-30 10:24:08,,2011-07-06,143-819,서울특별시 광진구 구의동 **-** *층,CDFG1251002011000032,3040000,,"서울특별시 광진구 광나루로**길 ** (구의동,*층)",,03,폐업,,,,,,
,(주)빅드림앤석세스,2016-04-19,207643.386589962,450253.157758031,출판인쇄업,출판사,2026-05-01 22:31:58,I,03,폐업,,,,2016-04-19 14:50:13,,2005-10-13,143-221,서울특별시 광진구 중곡동 ***-* 금강빌딩 *층*호,CDFG1251002011000034,3040000,,"서울특별시 광진구 천호대로 ***, *층*호 (중곡동,금강빌딩)",,03,폐업,,,,02-774-3230,,
,A&M media,2012-12-31,207821.467240316,448902.579176201,출판인쇄업,출판사,2026-05-01 22:31:58,I,03,폐업,,,,2012-12-31 16:10:21,,2011-07-19,143-960,서울특별시 광진구 구의동 ***-** ***호,CDFG1251002011000035,3040000,,"서울특별시 광진구 광나루로**길 **-*  (구의동,***호)",,03,폐업,,,,,,
,한돌,2015-09-09,208440.29098555,448916.291657914,출판인쇄업,출판사,2026-05-01 22:31:59,I,03,폐업,,,,2015-09-09 10:28:54,,2011-10-21,143-815,서울특별시 광진구 광장동 청구아파트 ***동 ***호,CDFG1251002011000050,3040000,,"서울특별시 광진구 아차산로 ***-**, ***동 *층 ***호 (광장동, 청구아파트)",,03,폐업,,,,,,
,(주)메디아미,2014-12-30,207156.940868571,450950.763731476,출판인쇄업,출판사,2026-05-01 22:31:59,I,03,폐업,,,,2014-12-30 10:35:42,,2011-11-23,143-885,서울특별시 광진구 중곡동 **-** *층,CDFG1251002011000053,3040000,,"서울특별시 광진구 능동로 ***-*, *층 (중곡동)",,03,폐업,,,,,,
,pss 출판사,2018-05-01,208264.660111061,448439.183781961,출판인쇄업,출판사,2026-05-01 22:31:59,I,03,폐업,,,,2018-05-01 13:45:07,,2011-12-16,143-203,서울특별시 광진구 구의동 ***-* 현대*차아파트 상가동 *층 ***호,CDFG1251002011000058,3040000,,서울특별시 광진구 구의강변로 ** (구의동),,03,폐업,,,,,,
,(주)에듀앤잡,2016-12-20,207553.831137746,450296.689986303,출판인쇄업,출판사,2026-05-01 22:31:59,I,03,폐업,,,,2016-12-20 17:54:43,,2011-12-26,143-890,서울특별시 광진구 중곡동 ***-** *층,CDFG1251002011000059,3040000,,서울특별시 광진구 천호대로 *** (중곡동),,03,폐업,,,,,,
,영스아카데미출판사,2013-10-14,208296.833808974,448475.81878664,출판인쇄업,출판사,2026-05-01 22:31:59,I,03,폐업,,,,2013-10-14 10:41:38,,2011-12-30,143-770,서울특별시 광진구 구의동 *** 현대아파트 상가동 *층 ***호,CDFG1251002011000061,3040000,,"서울특별시 광진구 구의강변로 **, *층 ***호 (구의동, 현대아파트 상가동)",,03,폐업,,,,,,
,즈카람(zcaram),2013-01-31,207002.551781736,448373.65976774,출판인쇄업,출판사,2026-05-01 22:31:59,I,03,폐업,,,,2013-01-31 14:24:59,,2012-01-20,143-853,서울특별시 광진구 자양동 ***-** ***호,CDFG1251002012000003,3040000,,"서울특별시 광진구 아차산로 ***, *층 ***호 (자양동)",,03,폐업,,,,,,
,주식회사 사이언스에듀,2019-04-08,209405.843683882,449586.671703526,출판인쇄업,출판사,2026-05-01 22:31:59,I,03,폐업,,,,2020-02-14 17:13:29,,2012-02-09,,서울특별시 광진구 광장동 ***-*,CDFG1251002012000005,3040000,,"서울특별시 광진구 아차산로 ***, *층 (광장동)",04967,03,폐업,,,,070-4640-0872,,
,활과나무,2019-07-26,,,출판인쇄업,출판사,2026-05-01 22:31:59,I,03,폐업,,,,2020-02-14 17:10:51,,2012-02-27,143-841,서울특별시 광진구 자양동 *-** ***호,CDFG1251002012000009,3040000,,"서울특별시 광진구 아차산로**길 **-**, ***호 (자양동)",,03,폐업,,,,,,
,글로이북스,2024-11-28,206349.675048285,448396.939704285,출판인쇄업,출판사,2026-05-01 22:31:59,I,03,폐업,,,,2024-11-29 13:24:58,,2012-03-16,143-758,서울특별시 광진구 자양동 ***-* c동 ****호,CDFG1251002012000013,3040000,,"서울특별시 광진구 아차산로 ***, c동 **층 ****호 (자양동)",,03,폐업,,,,070-7566-4621,,
,Dark,2020-07-07,208310.372259506,448631.437594782,출판인쇄업,출판사,2026-05-01 22:31:59,I,03,폐업,,,,2020-07-28 14:19:07,,2012-03-29,143-723,서울특별시 광진구 구의동 ***-** 삼성쉐르빌 ***동 ****호,CDFG1251002012000015,3040000,,"서울특별시 광진구 구의강변로 ***, ***동 **층 ****호 (구의동, 삼성쉐르빌)",,03,폐업,,,,,,
,시온성출판사,2017-01-24,209193.765652108,449604.442917759,출판인쇄업,출판사,2026-05-01 22:31:59,I,03,폐업,,,,2017-01-24 15:32:29,,2012-04-19,143-806,서울특별시 광진구 광장동 ***-*,CDFG1251002012000019,3040000,,서울특별시 광진구 광장로*길 ** (광장동),,03,폐업,,,,22012126,,
,GGOOM,2014-04-25,207280.323587082,449002.776014015,출판인쇄업,출판사,2026-05-01 22:31:59,I,03,폐업,출판사,107,,2014-04-28 15:21:07,,2009-11-02,143-836,서울특별시 광진구 구의동 ***-*,CDFG1251002012000021,3040000,일반주거지역,서울특별시 광진구 광나루로**나길 ** (구의동),,03,폐업,,,,,,1
,Load maker,2019-01-15,207421.441890679,450008.101432191,출판인쇄업,출판사,2026-05-01 22:31:59,I,03,폐업,,,,2020-02-14 17:16:28,,2012-05-02,143-847,서울특별시 광진구 능동 ***-* ***호,CDFG1251002012000025,3040000,,"서울특별시 광진구 능동로 ** (능동, ***호)",,03,폐업,,,,,,
,시창,2016-11-08,208729.170395929,448995.808404463,출판인쇄업,출판사,2026-05-01 22:31:59,I,03,폐업,,,,2016-12-05 10:27:16,,2012-03-26,143-210,서울특별시 광진구 광장동,CDFG1251002012000027,3040000,,"서울특별시 광진구 아차산로 ***-**, ****동 **층 ****호 (광장동, 광장힐스테이트)",,03,폐업,,,,070-7643-5438,,
,(주)메디팜스,2016-08-01,206127.779622813,447741.041913595,출판인쇄업,출판사,2026-05-01 22:31:59,I,03,폐업,,,,2016-12-05 10:32:35,,2004-05-12,143-858,서울특별시 광진구 자양동 ***-* *층,CDFG1251002012000030,3040000,,"서울특별시 광진구 뚝섬로**길 **, *층 (자양동)",,03,폐업,,,,,,
,(주)서울비주얼웍스,2013-05-08,206936.780470629,450666.594543936,출판인쇄업,출판사,2026-05-01 22:31:59,I,03,폐업,,,,2013-05-08 15:36:18,,2008-01-28,143-912,서울특별시 광진구 중곡동 ***-** *층,CDFG1251002012000033,3040000,,"서울특별시 광진구 능동로**길 **-*, *층 (중곡동)",,03,폐업,,,,02-796-7070,,
,SJD MEDIA,2014-02-06,206632.334947298,447830.956483333,출판인쇄업,출판사,2026-05-01 22:31:59,I,03,폐업,,29,,2014-02-06 15:06:25,,2012-07-24,143-865,서울특별시 광진구 자양동 ***-**,CDFG1251002012000037,3040000,,"서울특별시 광진구 자양번영로 **, *층 ***호 (자양동, 제이원하이텔)",,03,폐업,,,,02-2201-0127,4,
,평화의바다,2015-09-24,207881.32586747,450008.602481166,출판인쇄업,출판사,2026-05-01 22:31:59,I,03,폐업,,,,2015-09-24 13:23:02,,2012-08-30,143-817,서울특별시 광진구 구의동 **-**,CDFG1251002012000041,3040000,,서울특별시 광진구 천호대로 *** (구의동),,03,폐업,,,,070-8797-5004,,
,(주)차이돌,2005-08-01,209734.218553133,449933.547744527,출판인쇄업,출판사,2026-05-01 22:31:51,I,03,폐업,,,,2005-08-01 16:52:38,,2004-07-19,143-802,서울특별시 광진구 광장동 *** 현대골든텔 *차 ****호,CDFG1251002004000023,3040000,,"서울특별시 광진구 아차산로**길 **  (광장동,현대골든텔 *차 ****호)",,03,폐업,,,,,,
,마인드케어 교육원,2005-12-09,207293.41079969,448746.908030784,출판인쇄업,출판사,2026-05-01 22:31:51,I,03,폐업,,,,2005-12-09 10:46:09,,2004-08-17,143-853,서울특별시 광진구 자양동 ***-* 경도빌딩 *층,CDFG1251002004000027,3040000,,"서울특별시 광진구 자양로 ***  (자양동,경도빌딩 *층)",,03,폐업,,,,,,
,(주)에이플러스 과학나라,2009-11-24,208394.416382167,448165.279999905,출판인쇄업,출판사,2026-05-01 22:31:51,I,03,폐업,,,,2009-11-26 17:17:44,,2004-03-22,143-200,서울특별시 광진구 구의동 ***-* 프라임센타 **층,CDFG1251002004000028,3040000,,"서울특별시 광진구 광나루로**길 **  (구의동,프라임센타 **층)",,03,폐업,,,,,,
,(주)골든메리츠,2014-04-17,208394.416382167,448165.279999905,출판인쇄업,출판사,2026-05-01 22:31:51,I,03,폐업,,,,2014-04-18 10:59:56,,2004-10-19,143-200,서울특별시 광진구 구의동 ***-* 프라임센터 **층,CDFG1251002004000030,3040000,,"서울특별시 광진구 광나루로**길 ** (구의동,프라임센터 **층)",,03,폐업,,,,02-6000-7820,,
,도서출판 건강한 세상,2012-11-28,207426.598381867,448317.315722693,출판인쇄업,출판사,2026-05-01 22:31:51,I,03,폐업,,,,2012-11-28 15:12:54,,2004-11-16,143-825,서울특별시 광진구 구의동 ***-*** *층 ***호,CDFG1251002004000034,3040000,,"서울특별시 광진구 아차산로 ***  (구의동,*층 ***호)",,03,폐업,,,,,,
,한국성씨문헌족보편찬위원회,2006-02-16,206820.815632135,450452.251129215,출판인쇄업,출판사,2026-05-01 22:31:51,I,03,폐업,,,,2006-02-17 17:41:40,,2004-04-21,143-838,서울특별시 광진구 군자동 ***-* 동부빌딩 *층,CDFG1251002004000039,3040000,,"서울특별시 광진구 군자로 ***-*  (군자동,동부빌딩 *층)",,03,폐업,,,,,,
,보라에디트,2005-05-30,206582.005887061,450685.591302855,출판인쇄업,출판사,2026-05-01 22:31:51,I,03,폐업,,,,2012-01-26 13:30:42,,2005-02-01,143-838,서울특별시 광진구 군자동 ***-** 군자빌딩 ***호,CDFG1251002005000002,3040000,,"서울특별시 광진구 천호대로 ***  (군자동,군자빌딩 ***호)",,03,폐업,,,,,,
,광진구 기업협의회,2008-04-07,205981.518298718,449358.966741168,출판인쇄업,출판사,2026-05-01 22:31:51,I,03,폐업,,,,2008-04-07 13:12:13,,2005-02-03,143-916,서울특별시 광진구 화양동 **-** *층,CDFG1251002005000003,3040000,,"서울특별시 광진구 동일로**길 **  (화양동,*층)",,03,폐업,,,,,,
,나인북,2006-01-23,207136.980747407,448021.429238008,출판인쇄업,출판사,2026-05-01 22:31:51,I,03,폐업,,,,2006-01-23 14:53:49,,2005-03-24,143-866,서울특별시 광진구 자양동 ***-*,CDFG1251002005000008,3040000,,서울특별시 광진구 자양로**가길 *  (자양동),,03,폐업,,,,,,
,상상 디자인,2006-03-22,207582.5126554,449982.809722338,출판인쇄업,출판사,2026-05-01 22:31:51,I,03,폐업,,,,2006-03-31 16:59:37,,2005-03-25,143-849,서울특별시 광진구 능동 ***-** ***호,CDFG1251002005000009,3040000,,"서울특별시 광진구 천호대로***길 **-**  (능동,***호)",,03,폐업,,,,36745627,,
,윤하,2007-02-12,208644.819209521,448711.725750126,출판인쇄업,출판사,2026-05-01 22:31:51,I,03,폐업,,,,2007-02-12 11:54:36,,2005-03-29,143-814,서울특별시 광진구 광장동 *** 현대(아)***-****,CDFG1251002005000010,3040000,,,,03,폐업,,,,34368220,,
,도서출판 지영사,2006-07-20,206278.8816321,447982.862179678,출판인쇄업,출판사,2026-05-01 22:31:51,I,03,폐업,,,,2006-07-20 17:16:11,,2005-03-29,143-862,서울특별시 광진구 자양동 ***-*** 대양빌딩 ***호,CDFG1251002005000011,3040000,,"서울특별시 광진구 뚝섬로 ***  (자양동,대양빌딩 ***호)",,03,폐업,,,,34251139,,
,석세스북,2006-02-01,208310.372259506,448631.437594782,출판인쇄업,출판사,2026-05-01 22:31:51,I,03,폐업,,,,2006-03-31 17:16:35,,2005-03-29,143-723,서울특별시 광진구 구의동 ***-** 삼성쉐르빌 ***호,CDFG1251002005000012,3040000,,"서울특별시 광진구 구의강변로 ***  (구의동,삼성쉐르빌 ***호)",,03,폐업,,,,,,
,도서출판 글마루,2007-04-24,207755.560743333,448508.313992852,출판인쇄업,출판사,2026-05-01 22:31:51,I,03,폐업,,,,2007-04-26 09:29:16,,2005-04-27,143-823,서울특별시 광진구 구의동 ***-** ***호,CDFG1251002005000015,3040000,,"서울특별시 광진구 자양로**길 **  (구의동,***호)",,03,폐업,,,,,,
,족보편찬회,2009-02-02,207018.585477976,447949.770474641,출판인쇄업,출판사,2026-05-01 22:31:51,I,03,폐업,,,,2009-02-05 11:59:26,,2005-05-10,143-866,서울특별시 광진구 자양동 ***-* *층,CDFG1251002005000018,3040000,,"서울특별시 광진구 자양로**나길 **-*  (자양동,*층)",,03,폐업,,,,,,
,학천문범사,2007-01-31,207649.414061133,448481.354970634,출판인쇄업,출판사,2026-05-01 22:31:55,I,03,폐업,,,,2007-02-01 10:26:43,,2005-06-27,143-825,서울특별시 광진구 구의동 ***-**,CDFG1251002005000026,3040000,,서울특별시 광진구 자양로**길 **-*  (구의동),,03,폐업,,,,,,
,씽크업,2007-03-30,206219.841921018,449420.862074319,출판인쇄업,출판사,2026-05-01 22:31:55,I,03,폐업,,,,2007-03-30 18:15:56,,2005-06-30,143-915,서울특별시 광진구 화양동 ***-** 화양타워 ***호,CDFG1251002005000027,3040000,,"서울특별시 광진구 능동로**길 **  (화양동,화양타워 ***호)",,03,폐업,,,,64680803,,
,도서출판 빅벨,2023-01-09,207019.091699528,450753.975568247,출판인쇄업,출판사,2026-05-01 22:31:55,I,03,폐업,,,,2023-01-11 18:05:56,,2005-07-28,143-912,서울특별시 광진구 중곡동 ***-**,CDFG1251002005000029,3040000,,서울특별시 광진구 능동로 ***-* (중곡동),,03,폐업,,,,34090454,,
,주-문일교육,2007-07-23,208047.379985251,447937.917615643,출판인쇄업,출판사,2026-05-01 22:31:55,I,03,폐업,,,,2007-07-24 09:46:57,,2005-08-16,143-831,서울특별시 광진구 구의동 *** 목림빌딩 *층,CDFG1251002005000033,3040000,,"서울특별시 광진구 구의강변로 **  (구의동,목림빌딩 *층)",,03,폐업,,,,,,
,지현출판사,2011-12-29,207246.098104189,447970.735737672,출판인쇄업,출판사,2026-05-01 22:31:55,I,03,폐업,,,,2011-12-30 15:19:35,,2005-09-06,143-867,서울특별시 광진구 자양동 ***-* *층,CDFG1251002005000037,3040000,,"서울특별시 광진구 자양로**길 **-*  (자양동,*층)",,03,폐업,,,,22961170,,
,도서출판 새갈마노,2006-08-22,207303.678354334,450300.022832971,출판인쇄업,출판사,2026-05-01 22:31:55,I,03,폐업,,,,2006-08-23 16:05:28,,2005-03-02,143-848,서울특별시 광진구 능동 ***-** 송일빌라트 ***호,CDFG1251002005000049,3040000,,,,03,폐업,,,,,,
,(주)채널큐,2008-06-26,206481.062740469,449832.323358171,출판인쇄업,출판사,2026-05-01 22:31:55,I,03,폐업,,,,2008-06-26 18:24:01,,2006-03-03,143-747,서울특별시 광진구 군자동 ** 세종대학교 충무관 벤체센터 ***호,CDFG1251002006000006,3040000,,,,03,폐업,,,,,,
,나비스,2009-12-23,206219.841921018,449420.862074319,출판인쇄업,출판사,2026-05-01 22:31:55,I,03,폐업,,,,2009-12-23 15:45:58,,2006-03-16,143-915,서울특별시 광진구 화양동 ***-** 화양타워 오피스텔 ***호,CDFG1251002006000007,3040000,,"서울특별시 광진구 능동로**길 **  (화양동,화양타워 오피스텔 ***호)",,03,폐업,,,,,,
,지제이디자인,2007-12-31,207159.044971923,449205.297777513,출판인쇄업,출판사,2026-05-01 22:31:55,I,03,폐업,,,,2007-12-31 13:54:27,,2006-03-16,143-834,서울특별시 광진구 구의동 ***-* VBS센타 ***호,CDFG1251002006000008,3040000,,"서울특별시 광진구 광나루로 ***  (구의동,VBS센타 ***호)",,03,폐업,,,,,,
,신화사,2008-05-15,207654.915017178,448752.306960176,출판인쇄업,출판사,2026-05-01 22:31:55,I,03,폐업,,,,2008-05-15 17:28:12,,2006-06-29,143-824,서울특별시 광진구 구의동 ***-**,CDFG1251002006000020,3040000,,서울특별시 광진구 자양로**길 **  (구의동),,03,폐업,,,,,,
,보체,2021-01-26,207024.642620424,450656.038395087,출판인쇄업,출판사,2026-05-01 22:31:55,I,03,폐업,,,,2021-02-02 09:32:14,,2006-08-28,143-898,서울특별시 광진구 중곡동 ***-** *층 ***호,CDFG1251002006000022,3040000,,"서울특별시 광진구 능동로 ***  (중곡동,*층 ***호)",,03,폐업,,,,,,
,1등급논술교육,2006-12-21,208124.549163942,447812.924832297,출판인쇄업,출판사,2026-05-01 22:31:55,I,03,폐업,,,,2006-12-21 17:10:13,,2006-09-25,143-709,서울특별시 광진구 구의동 ***-* 리젠트 오피스텔 ***호,CDFG1251002006000027,3040000,,"서울특별시 광진구 강변역로*길 **,  ***호 (구의동,리젠트 오피스텔)",,03,폐업,,,,,,
,열린세상,2007-11-19,208431.92764385,448842.232617503,출판인쇄업,출판사,2026-05-01 22:31:55,I,03,폐업,,,,2007-11-20 10:00:51,,2006-10-10,143-815,서울특별시 광진구 광장동 ***-* 세광빌딩 ***호,CDFG1251002006000028,3040000,,"서울특별시 광진구 아차산로 ***,  ***호 (광장동,세광빌딩)",,03,폐업,,,,,,
,에듀서울,2019-06-17,206506.185332504,450212.320413111,출판인쇄업,출판사,2026-05-01 22:31:56,I,03,폐업,,,,2020-02-14 17:11:21,,2006-10-24,143-837,서울특별시 광진구 군자동 **-*,CDFG1251002006000032,3040000,,서울특별시 광진구 군자로 *** (군자동),,03,폐업,,,,,,
,지성,2007-08-07,207452.058684976,450586.290749531,출판인쇄업,출판사,2026-05-01 22:31:56,I,03,폐업,,,,2007-08-07 11:46:50,,2006-10-30,143-891,서울특별시 광진구 중곡동 ***-**,CDFG1251002006000033,3040000,,서울특별시 광진구 용마산로*길 **  (중곡동),,03,폐업,,,,,,
,친구아빠,2014-04-07,207735.52150227,449603.704273798,출판인쇄업,출판사,2026-05-01 22:31:56,I,03,폐업,,,,2014-04-08 15:49:04,,2006-10-31,143-819,서울특별시 광진구 구의동 **-**,CDFG1251002006000034,3040000,,서울특별시 광진구 자양로 ***-* (구의동),,03,폐업,,,,,,
,도서출판 오룡,2015-07-03,207574.972737843,451189.581464584,출판인쇄업,출판사,2026-05-01 22:31:56,I,03,폐업,,,,2015-07-03 14:36:34,,2006-11-09,143-898,서울특별시 광진구 중곡동 **-*,CDFG1251002006000035,3040000,,서울특별시 광진구 긴고랑로**길 ** (중곡동),,03,폐업,,,,,,
,도서출판 한국기타문예원,2011-04-01,,,출판인쇄업,출판사,2026-05-01 22:31:56,I,03,폐업,,,,2011-04-04 10:13:37,,2006-11-16,143-210,서울특별시 광진구 광장동 광나루 현대상가  *층 ***호,CDFG1251002006000038,3040000,,,,03,폐업,,,,,,
,wakup,2012-04-05,208098.382227189,450753.175931564,출판인쇄업,출판사,2026-05-01 22:31:56,I,03,폐업,,,,2012-04-05 14:53:17,,2006-11-29,143-887,서울특별시 광진구 중곡동 **-**,CDFG1251002006000040,3040000,,서울특별시 광진구 용마산로*길 **-*  (중곡동),,03,폐업,,,,,,
,미지의 코드,2009-08-03,206022.98595227,449071.28562316,출판인쇄업,출판사,2026-05-01 22:31:56,I,03,폐업,,,,2009-08-03 15:20:38,,2006-12-18,,서울특별시 광진구 화양동 **-** ***호,CDFG1251002006000041,3040000,,"서울특별시 광진구 아차산로**길 **-*,  ***호 (화양동)",,03,폐업,,,,02-3437-9304,,
,중화서원,2022-02-09,208143.971737955,448125.110397476,출판인쇄업,출판사,2026-05-01 22:31:56,I,03,폐업,,,,2022-02-09 18:18:23,,2007-02-01,143-200,서울특별시 광진구 구의동 ***-* 강변우성아파트 ***-****,CDFG1251002007000006,3040000,,"서울특별시 광진구 구의강변로 **  (구의동,강변우성아파트 ***-****)",,03,폐업,,,,,,
,천지출판사,2007-05-16,207305.791787508,448815.474623396,출판인쇄업,출판사,2026-05-01 22:31:56,I,03,폐업,,,,2007-07-06 10:10:25,,2007-02-01,143-827,서울특별시 광진구 구의동 ***-** 대성연립 A동 지하 *호,CDFG1251002007000007,3040000,,,,03,폐업,,,,,,
,도서출판 교부,2025-09-23,208902.730986087,449103.205201495,출판인쇄업,출판사,2026-05-01 22:31:56,I,03,폐업,,,,2025-09-24 08:33:24,,2007-03-07,143-769,서울특별시 광진구 광장동 *** 현대파크빌 ****동 ***호,CDFG1251002007000011,3040000,,"서울특별시 광진구 아차산로 ***, ****동 ***호 (광장동,현대파크빌)",,03,폐업,,,,,,
,레벨프리,2014-09-26,206219.841921018,449420.862074319,출판인쇄업,출판사,2026-05-01 22:31:56,I,03,폐업,,,,2014-09-26 20:47:53,,2007-03-19,143-915,서울특별시 광진구 화양동 ***-**,CDFG1251002007000013,3040000,,서울특별시 광진구 능동로**길 ** (화양동),,03,폐업,,,,62180505,,
,도서출판 창진,2010-01-19,207585.036408252,448482.179040723,출판인쇄업,출판사,2026-05-01 22:31:56,I,03,폐업,,,,2010-01-19 09:44:12,,2007-03-29,143-825,서울특별시 광진구 구의동 ***-***,CDFG1251002007000014,3040000,,서울특별시 광진구 아차산로**길 **  (구의동),,03,폐업,,,,34317603,,
,(주)지텔프 코리아,2019-02-12,207119.964190229,450871.92748589,출판인쇄업,출판사,2026-05-01 22:31:56,I,03,폐업,,,,2020-02-14 17:14:30,,2007-03-30,143-885,서울특별시 광진구 중곡동 **-**,CDFG1251002007000015,3040000,,서울특별시 광진구 능동로 *** (중곡동),,03,폐업,,,,1588-0589,,
,보현,2008-11-19,,,출판인쇄업,출판사,2026-05-01 22:31:56,I,03,폐업,,,,2008-11-19 19:05:48,,2007-04-20,143-200,서울특별시 광진구 구의동 산 *,CDFG1251002007000017,3040000,,,,03,폐업,,,,,,
,제이에스,2008-04-01,207738.695845821,451069.17074027,출판인쇄업,출판사,2026-05-01 22:31:56,I,03,폐업,,,,2008-04-01 11:19:52,,2007-04-30,143-897,서울특별시 광진구 중곡동 ***-***,CDFG1251002007000018,3040000,,서울특별시 광진구 용마산로*가길 **  (중곡동),,03,폐업,,,,,,
,소망상자,2009-12-07,206043.358791333,448141.665395069,출판인쇄업,출판사,2026-05-01 22:31:56,I,03,폐업,,,,2009-12-07 13:33:50,,2007-08-20,143-861,서울특별시 광진구 자양동 ***-* 이튼타워 *차 B동 ****호,CDFG1251002007000029,3040000,,"서울특별시 광진구 능동로 **, B동 ****호 (자양동,이튼타워 *차)",,03,폐업,,,,64698124,,
,멀린시스,2009-01-05,208394.416382167,448165.279999905,출판인쇄업,출판사,2026-05-01 22:31:56,I,03,폐업,,,,2009-01-05 09:22:25,,2007-08-21,143-721,서울특별시 광진구 구의동 ***-* 테크노마트 사무동 **-*,CDFG1251002007000030,3040000,,"서울특별시 광진구 광나루로**길 **  (구의동,테크노마트 사무동 **-*)",,03,폐업,,,,34243775,,
,알지,2014-03-27,206043.358791333,448141.665395069,출판인쇄업,출판사,2026-05-01 22:31:59,I,03,폐업,,,,2014-03-27 20:21:53,,2012-09-12,143-861,서울특별시 광진구 자양동 ***-*,CDFG1251002012000045,3040000,,서울특별시 광진구 능동로 ** (자양동),,03,폐업,,,,,,
,글뜸,2014-12-01,206086.622131238,447675.703197092,출판인쇄업,출판사,2026-05-01 22:31:59,I,03,폐업,,,,2014-12-01 15:18:51,,2012-10-02,143-191,서울특별시 광진구 자양동 *** 강변아이파크 ***동 ****호,CDFG1251002012000047,3040000,,"서울특별시 광진구 뚝섬로**길 **, ***동 ****호 (자양동, 강변아이파크)",,03,폐업,,,,02-447-1667,,
,더북산,2013-04-22,209734.218553133,449933.547744527,출판인쇄업,출판사,2026-05-01 22:31:59,I,03,폐업,,,,2013-04-22 13:48:53,,2012-12-13,143-802,서울특별시 광진구 광장동 *** 현대골든텔 *차 ****호,CDFG1251002012000055,3040000,,"서울특별시 광진구 아차산로**길 **, ****호 (광장동, 현대골든텔 *차)",,03,폐업,,,,02-457-7695,,
,도서출판 장신,2021-06-24,209523.395129627,449429.706137784,출판인쇄업,출판사,2026-05-01 22:31:59,I,03,폐업,,,,2021-06-24 17:17:25,,2012-12-17,143-753,서울특별시 광진구 광장동 *** **통*반 광나루현대아파트 ***동 ***호,CDFG1251002012000056,3040000,,"서울특별시 광진구 아차산로**길 **, ***동 *층 ***호 (광장동, 광나루현대아파트)",,03,폐업,,,,02-453-2208,,
,주식회사 힐링피아,2025-01-20,207795.717394063,449547.386071252,출판인쇄업,출판사,2026-05-01 22:31:59,I,03,폐업,,,,2025-01-21 16:13:28,,2012-12-18,143-819,서울특별시 광진구 구의동 **-* **통*반,CDFG1251002012000057,3040000,,서울특별시 광진구 자양로 *** (구의동),,03,폐업,,,,,,
,한국장로교출판사,,199971.13084478,452459.227509915,출판인쇄업,출판사,2026-05-01 22:43:25,I,13,영업중,,0,0,2024-05-28 15:06:38,,1951-08-03,,서울특별시 종로구 연지동 ***,CDFG1251001951000002,3000000,,"서울특별시 종로구 대학로*길 **, 총회창립***주년기념관 *층 (연지동)",03128,01,영업/정상,,,,02-741-4381,0,0
,한국정보지원센터,2015-10-02,207114.406978584,450968.166497544,출판인쇄업,출판사,2026-05-01 22:31:59,I,03,폐업,,,,2015-10-02 13:57:21,,2013-01-24,143-899,서울특별시 광진구 중곡동 ***-* 성학빌딩 ***호,CDFG1251002013000003,3040000,,"서울특별시 광진구 능동로 ***, *층층 ***호 (중곡동, 성학빌딩)",,03,폐업,,,,02-455-1518,,
,천상,2021-10-14,206498.294665035,450574.184635262,출판인쇄업,출판사,2026-05-01 22:31:59,I,03,폐업,,,,2021-10-15 09:04:40,,2013-02-06,143-838,서울특별시 광진구 군자동 **-* 로마네스크 *,CDFG1251002013000006,3040000,,"서울특별시 광진구 동일로**길 ** (군자동,  로마네스크 *)",,03,폐업,,,,,,
,동양복식연구원,2019-01-30,208902.730986087,449103.205201495,출판인쇄업,출판사,2026-05-01 22:31:59,I,03,폐업,,,,2020-02-14 17:15:41,,2013-03-08,143-769,서울특별시 광진구 광장동 *** 현대파크빌 ****동 ***호,CDFG1251002013000014,3040000,,"서울특별시 광진구 아차산로 ***, ****동 ***호 (광장동, 현대파크빌)",,03,폐업,,,,,,
,이고엑스퍼트(EGO expert),2024-12-26,207135.958384677,448386.668907366,출판인쇄업,출판사,2026-05-01 22:32:00,I,03,폐업,,,,2024-12-26 14:03:37,,2008-10-22,,서울특별시 광진구 자양동 *** 래미안프리미어팰리스 ***동 ****호,CDFG1251002013000018,3040000,,"서울특별시 광진구 아차산로 ***, 래미안프리미어팰리스 ***동 ****호 (자양동)",05026,03,폐업,,,,070-7527-2250,,
,오케이코리언,2013-08-19,208027.550805638,450550.090980727,출판인쇄업,출판사,2026-05-01 22:32:01,I,03,폐업,,,,2013-08-19 09:26:23,,2006-10-25,143-888,서울특별시 광진구 중곡동 **-** B***호,CDFG1251002013000025,3040000,,"서울특별시 광진구 긴고랑로**길 **-*, B***호 (중곡동)",,03,폐업,,,,02-2625-5534,,
,미림출판사,2013-08-23,207452.058684976,450586.290749531,출판인쇄업,출판사,2026-05-01 22:32:01,I,03,폐업,,,,2013-08-23 17:23:10,,2013-05-08,143-891,서울특별시 광진구 중곡동 ***-** *층,CDFG1251002013000027,3040000,,"서울특별시 광진구 용마산로*길 **, *층 (중곡동)",,03,폐업,,,,02-456-9029,,
,베풍채,2016-02-11,208044.696809594,449087.027703404,출판인쇄업,출판사,2026-05-01 22:32:01,I,03,폐업,,,,2016-02-12 10:40:47,,2013-05-27,143-821,서울특별시 광진구 구의동 ***-* ***호,CDFG1251002013000032,3040000,,"서울특별시 광진구 광나루로 ***, ***호 (구의동)",,03,폐업,,,,1588-2095,,
,오렌지북스,2016-02-11,205965.564760877,448244.038861845,출판인쇄업,출판사,2026-05-01 22:32:02,I,03,폐업,,,,2016-02-12 10:41:27,,2013-07-11,143-881,서울특별시 광진구 자양동 ***-* 대동아파트 ***동 ***호,CDFG1251002013000037,3040000,,"서울특별시 광진구 뚝섬로**길 **, ***동 ***층 (자양동, 대동아파트)",,03,폐업,,,,,,
,JAMIE ENGLISH ACADEMY,2023-09-08,208800.101397208,448806.93718843,출판인쇄업,출판사,2026-05-01 22:32:02,I,03,폐업,,,,2023-09-08 18:08:42,,2013-08-06,143-755,서울특별시 광진구 광장동 ***-*,CDFG1251002013000040,3040000,,"서울특별시 광진구 아차산로**길 **, ***동 ***층 (광장동, 현대아파트)",,03,폐업,,,,,,
,스마트리더스,2017-09-12,207089.674614793,450768.344627117,출판인쇄업,출판사,2026-05-01 22:32:02,I,03,폐업,,,,2017-09-12 14:42:59,,2013-09-02,143-898,서울특별시 광진구 중곡동 ***-**,CDFG1251002013000044,3040000,,서울특별시 광진구 긴고랑로**길 **-* (중곡동),,03,폐업,,,,,,
,시아작기,2020-04-16,208292.061375737,448577.913037351,출판인쇄업,출판사,2026-05-01 22:32:02,I,03,폐업,,,,2020-04-17 09:31:52,,2013-10-15,143-714,서울특별시 광진구 구의동 ***-** 현대**차폴라트리움 ***동 ****호,CDFG1251002013000050,3040000,,"서울특별시 광진구 구의강변로 ***, ***동 ****호 (구의동, 현대**차폴라트리움)",,03,폐업,,,,,,
,대한보험인협회 출판부,2019-01-30,207388.308848516,448313.517465433,출판인쇄업,출판사,2026-05-01 22:32:02,I,03,폐업,,,,2020-02-14 17:15:24,,2013-10-21,143-825,서울특별시 광진구 구의동 ***-**,CDFG1251002013000051,3040000,,"서울특별시 광진구 아차산로 ***, ***호 (구의동, 크레신타워*,B***)",,03,폐업,,,,,,
,아선출판,2016-11-07,206445.881091692,448922.881688102,출판인쇄업,출판사,2026-05-01 22:32:02,I,03,폐업,,,,2016-12-05 10:30:23,,2013-10-31,143-701,서울특별시 광진구 화양동 *,CDFG1251002013000053,3040000,,"서울특별시 광진구 능동로 ***, ***호 (화양동, 국제학사)",,03,폐업,,,,,,
,(주)더가원,2015-01-21,209637.078215509,449832.485937903,출판인쇄업,출판사,2026-05-01 22:32:02,I,03,폐업,,,,2015-01-21 14:32:21,,2013-11-29,143-802,서울특별시 광진구 광장동 *** 크레스코빌딩 ***호,CDFG1251002013000057,3040000,,서울특별시 광진구 아차산로**길 ** (광장동),,03,폐업,,,,02-3673-0482,,
,(도)명문사,2000-01-31,205743.226339642,448537.97828235,출판인쇄업,출판사,2026-05-01 22:31:28,I,03,폐업,,0,,2003-05-13 11:35:46,,1988-04-22,143-841,서울특별시 광진구 자양동 **-*,CDFG1251001988000003,3040000,,서울특별시 광진구 동일로**길 **  (자양동),,03,폐업,,,,,,
,도서출판한국데이타,2022-12-31,207360.943908605,450304.937343637,출판인쇄업,출판사,2026-05-01 22:31:28,I,03,폐업,,0,0,2022-12-27 13:29:24,,1988-08-18,143-848,서울특별시 광진구 능동 ***-*,CDFG1251001988000006,3040000,,서울특별시 광진구 천호대로 ***  (능동),,03,폐업,,,,,0,0
,(도)불이 문화사,1999-11-20,207839.85271962,450254.162516798,출판인쇄업,출판사,2026-05-01 22:31:28,I,03,폐업,,0,,2003-05-13 11:35:46,,1989-01-20,143-888,서울특별시 광진구 중곡동 **-*,CDFG1251001989000001,3040000,,서울특별시 광진구 자양로**길 **  (중곡동),,03,폐업,,,,,,
,(도)민족과문학사,1997-05-25,207705.464915096,449702.827685215,출판인쇄업,출판사,2026-05-01 22:31:28,I,03,폐업,,0,,2003-05-13 11:35:46,,1989-10-16,143-819,서울특별시 광진구 구의동 **-**,CDFG1251001989000002,3040000,,서울특별시 광진구 천호대로***길 **  (구의동),,03,폐업,,,,,,
,(도)우리말,1998-01-21,206807.265883758,450859.282198272,출판인쇄업,출판사,2026-05-01 22:31:29,I,03,폐업,,0,,2003-05-13 11:35:46,,1991-11-05,143-912,서울특별시 광진구 중곡동 ***-*,CDFG1251001991000004,3040000,,서울특별시 광진구 면목로 **-*  (중곡동),,03,폐업,,,,,,
,도서출판세훈기획,1999-11-29,206602.462303083,447955.07704651,출판인쇄업,출판사,2026-05-01 22:31:30,I,03,폐업,,0,,2003-05-13 11:35:46,,1992-08-07,143-863,서울특별시 광진구 자양동 ***-*,CDFG1251001992000005,3040000,,서울특별시 광진구 자양번영로 **-*  (자양동),,03,폐업,,,,,,
,(도)아이캔,1999-07-09,207010.871583566,450476.132985226,출판인쇄업,출판사,2026-05-01 22:31:31,I,03,폐업,,0,,2003-05-13 11:35:46,,1993-04-17,143-847,서울특별시 광진구 능동 ***-* 덕유빌딩*층,CDFG1251001993000001,3040000,,"서울특별시 광진구 천호대로 ***  (능동,덕유빌딩*층)",,03,폐업,,,,,,
,도서출판초원,1998-09-08,205847.422526495,448855.596397234,출판인쇄업,출판사,2026-05-01 22:31:32,I,03,폐업,,0,0,2003-05-13 11:35:46,,1993-12-01,143-917,서울특별시 광진구 화양동 **-**,CDFG1251001993000008,3040000,,서울특별시 광진구 동일로**길 **  (화양동),,03,폐업,,,,,0,0
,도서출판대하,1998-03-06,208044.696809594,449087.027703404,출판인쇄업,출판사,2026-05-01 22:31:32,I,03,폐업,,0,0,2003-05-13 11:35:46,,1994-01-04,143-821,서울특별시 광진구 구의동 ***-*,CDFG1251001994000001,3040000,,서울특별시 광진구 광나루로 ***  (구의동),,03,폐업,,,,,0,0
,(도)기독문학사,2006-06-14,,,출판인쇄업,출판사,2026-05-01 22:31:32,I,03,폐업,,,,2007-01-22 16:16:34,,1994-02-15,143-801,서울특별시 광진구 광장동 **-* 현대골든텔투 ***호,CDFG1251001994000002,3040000,,,,03,폐업,,,,,,
,만남,2017-06-12,206844.297709889,448087.447788648,출판인쇄업,출판사,2026-05-01 22:31:34,I,03,폐업,,0,0,2017-06-14 08:29:44,,1994-08-02,143-852,서울특별시 광진구 자양동 ***-**,CDFG1251001994000009,3040000,,서울특별시 광진구 아차산로**길 **-** (자양동),,03,폐업,,,,02-3436-0746,0,0
,도서출판 기독문화사,2006-06-14,,,출판인쇄업,출판사,2026-05-01 22:31:35,I,03,폐업,,,,2006-06-14 14:37:21,,1994-02-15,143-801,서울특별시 광진구 광장동 **-* 현대골든텔 ***호,CDFG1251001994000014,3040000,,,,03,폐업,,,,,,
,도서출판예문,1998-09-01,207481.167428554,448276.07863669,출판인쇄업,출판사,2026-05-01 22:31:35,I,03,폐업,,0,0,2003-05-13 11:35:46,,1995-04-19,143-846,서울특별시 광진구 자양동 ***-**,CDFG1251001995000002,3040000,,서울특별시 광진구 아차산로 ***  (자양동),,03,폐업,,,,,0,0
,(주)아세아협동조합,1998-09-21,207906.674429005,449045.690764303,출판인쇄업,출판사,2026-05-01 22:31:36,I,03,폐업,,0,,2003-05-13 11:35:46,,1995-12-19,143-960,서울특별시 광진구 구의동 ***-* 우천빌딩 *층,CDFG1251001995000008,3040000,,"서울특별시 광진구 구의로 **  (구의동,우천빌딩 *층)",,03,폐업,,,,34374501,,
,(주)씨네시티,2000-10-07,206767.537910988,450185.830575808,출판인쇄업,출판사,2026-05-01 22:31:37,I,03,폐업,,0,0,2003-05-13 11:35:46,,1996-01-12,143-837,서울특별시 광진구 군자동 *-** 영진빌딩 *층동,CDFG1251001996000002,3040000,,"서울특별시 광진구 능동로 ***, *층동 (군자동,영진빌딩)",,03,폐업,,,,,0,0
,도서출판(주)창헌,1998-11-05,,,출판인쇄업,출판사,2026-05-01 22:31:38,I,03,폐업,,0,0,2003-05-13 11:35:46,,1996-04-29,143-728,서울특별시 광진구 자양동 ***-*** 금관빌딩 *층동,CDFG1251001996000011,3040000,,,,03,폐업,,,,,0,0
,도서출판알앤씨네트워,1998-03-05,209637.078215509,449832.485937903,출판인쇄업,출판사,2026-05-01 22:31:38,I,03,폐업,,0,0,2003-05-13 11:35:46,,1996-08-22,143-802,서울특별시 광진구 광장동 ***-* 현대곡든텔 ****호,CDFG1251001996000017,3040000,,"서울특별시 광진구 아차산로**길 **,  ****호 (광장동,현대곡든텔)",,03,폐업,,,,,0,0
,한얼출판사,2006-03-31,207608.419448552,451114.730235915,출판인쇄업,출판사,2026-05-01 22:31:38,I,03,폐업,,,,2006-03-31 17:50:20,,1996-09-07,143-896,서울특별시 광진구 중곡동 ***-***,CDFG1251001996000019,3040000,,서울특별시 광진구 용마산로 **  (중곡동),,03,폐업,,,,,,
,(도)청강,2006-09-01,209734.218553133,449933.547744527,출판인쇄업,출판사,2026-05-01 22:31:39,I,03,폐업,,,,2006-09-04 10:10:33,,1997-01-23,143-802,서울특별시 광진구 광장동 *** 현대골든텔*층***호,CDFG1251001997000005,3040000,,"서울특별시 광진구 아차산로**길 **  (광장동,현대골든텔*층***호)",,03,폐업,,,,,,
,(도)책과여행,1997-07-29,208124.549163942,447812.924832297,출판인쇄업,출판사,2026-05-01 22:31:39,I,03,폐업,,0,,2003-05-13 11:35:46,,1997-02-19,143-709,서울특별시 광진구 구의동 ***-* 리젠트오피스텔 ***호,CDFG1251001997000006,3040000,,"서울특별시 광진구 강변역로*길 **  (구의동,리젠트오피스텔 ***호)",,03,폐업,,,,,,
,지성(知性),2008-12-02,207452.058684976,450586.290749531,출판인쇄업,출판사,2026-05-01 22:31:56,I,03,폐업,,,,2008-12-02 21:18:06,,2007-09-04,143-891,서울특별시 광진구 중곡동 ***-**,CDFG1251002007000033,3040000,,서울특별시 광진구 용마산로*길 **  (중곡동),,03,폐업,,,,,,
,토브,2008-04-23,207203.216982282,450012.674466321,출판인쇄업,출판사,2026-05-01 22:31:56,I,03,폐업,,,,2008-04-23 14:12:32,,2007-10-07,143-847,서울특별시 광진구 능동 ***-**,CDFG1251002007000037,3040000,,서울특별시 광진구 능동로**길 **-**  (능동),,03,폐업,,,,,,
,온지사,2014-01-28,208292.061375737,448577.913037351,출판인쇄업,출판사,2026-05-01 22:31:56,I,03,폐업,,,,2014-02-03 10:05:04,,2007-10-18,143-821,서울특별시 광진구 구의동 ***-** 현대*차 폴라트리움 ***호,CDFG1251002007000038,3040000,,"서울특별시 광진구 구의강변로 *** (구의동,현대*차 폴라트리움 ***호)",,03,폐업,,,,02-2201-2350,,
,여우별,2009-12-18,208292.061375737,448577.913037351,출판인쇄업,출판사,2026-05-01 22:31:56,I,03,폐업,,,,2009-12-18 17:07:56,,2007-10-18,143-821,서울특별시 광진구 구의동 ***-** 현대**차 폴라트리움 ***호,CDFG1251002007000039,3040000,,"서울특별시 광진구 구의강변로 ***  (구의동,현대**차 폴라트리움 ***호)",,03,폐업,,,,,,
,울림북,2009-10-29,207286.762246253,450310.467632476,출판인쇄업,출판사,2026-05-01 22:31:56,I,03,폐업,,,,2009-10-29 16:40:27,,2007-11-22,143-848,서울특별시 광진구 능동 ***-** 송일빌라트 ***호,CDFG1251002007000045,3040000,,"서울특별시 광진구 능동로**길 **,  ***호 (능동,송일빌라트)",,03,폐업,,,,,,
,SMD 출판사,2012-02-16,206349.675048285,448396.939704285,출판인쇄업,출판사,2026-05-01 22:31:56,I,03,폐업,,,,2012-02-17 10:34:46,,2007-12-13,143-758,서울특별시 광진구 자양동 ***-* 더샵스타시티 B동 ****호,CDFG1251002007000046,3040000,,,,03,폐업,,,,,,
,건국언어교육원,2009-02-09,206125.04135719,448310.186089635,출판인쇄업,출판사,2026-05-01 22:31:56,I,03,폐업,,,,2009-02-09 10:24:46,,2008-04-25,143-861,서울특별시 광진구 자양동 ***-* *층,CDFG1251002008000013,3040000,,"서울특별시 광진구 뚝섬로**길 **  (자양동,*층)",,03,폐업,,,,,,
,빛과 지식,2013-04-03,207271.635262556,448875.13408189,출판인쇄업,출판사,2026-05-01 22:31:56,I,03,폐업,,,,2013-04-03 15:54:19,,2008-05-20,143-827,서울특별시 광진구 구의동 ***-**,CDFG1251002008000017,3040000,,서울특별시 광진구 자양로**길 **  (구의동),,03,폐업,,,,,,
,한국 아카데미,2009-06-29,206101.464145601,449713.0143769,출판인쇄업,출판사,2026-05-01 22:31:56,I,03,폐업,,,,2009-06-29 09:56:26,,2008-06-16,,서울특별시 광진구 군자동 ***-**,CDFG1251002008000020,3040000,,서울특별시 광진구 동일로**길 **-*  (군자동),,03,폐업,,,,,,
,투 리,2016-06-30,205466.482902008,448194.77497519,출판인쇄업,출판사,2026-05-01 22:31:57,I,03,폐업,,,,2020-09-16 18:08:59,,2008-06-23,143-843,서울특별시 광진구 자양동 **-***,CDFG1251002008000021,3040000,,서울특별시 광진구 동일로*길 **  (자양동),,03,폐업,,,,,,
,현대개혁신앙연구소,2016-10-12,209033.952155985,449553.596216599,출판인쇄업,출판사,2026-05-01 22:31:57,I,03,폐업,,,,2016-12-05 10:31:08,,2008-06-27,143-806,서울특별시 광진구 광장동 *** 미도빌라 가동 ***호,CDFG1251002008000022,3040000,,"서울특별시 광진구 광장로*길 ** (광장동,미도빌라 가동 ***호)",,03,폐업,,,,,,
,황금낙타,2020-05-18,206123.383284799,448090.402837116,출판인쇄업,출판사,2026-05-01 22:31:57,I,03,폐업,,,,2020-05-18 14:31:24,,2008-07-02,143-862,서울특별시 광진구 자양동 ***-**,CDFG1251002008000023,3040000,,서울특별시 광진구 뚝섬로 ***  (자양동),,03,폐업,,,,,,
,나눔출판사,2012-12-31,208104.608629829,448693.02246737,출판인쇄업,출판사,2026-05-01 22:31:57,I,03,폐업,,,,2012-12-31 16:10:58,,2008-08-11,143-822,서울특별시 광진구 구의동 ***-** ***호,CDFG1251002008000025,3040000,,"서울특별시 광진구 아차산로**길 **  (구의동,***호)",,03,폐업,,,,,,
근린생활시설,(주)가승족보편찬회,2009-03-06,206820.815632135,450452.251129215,출판인쇄업,출판사,2026-05-01 22:31:57,I,03,폐업,,,,2009-03-06 17:27:00,,2008-08-11,143-838,서울특별시 광진구 군자동 ***-* 동부빌딩 ***호,CDFG1251002008000027,3040000,,"서울특별시 광진구 군자로 ***-*  (군자동,동부빌딩 ***호)",,03,폐업,,,,,,
,폭포수,2013-12-16,209623.073988618,449724.823367214,출판인쇄업,출판사,2026-05-01 22:31:57,I,03,폐업,,,,2013-12-16 15:38:23,,2008-08-25,143-802,서울특별시 광진구 광장동 *** 워커힐리버빌 ***,CDFG1251002008000029,3040000,,"서울특별시 광진구 아차산로**가길 * (광장동,워커힐리버빌 ***)",,03,폐업,,,,,,
,Nclassic,2020-01-23,206872.972630266,450219.769494564,출판인쇄업,출판사,2026-05-01 22:31:57,I,03,폐업,,,,2020-01-23 14:11:48,,2008-08-25,143-847,서울특별시 광진구 능동 ***-*,CDFG1251002008000030,3040000,,서울특별시 광진구 천호대로***길 **  (능동),,03,폐업,,,,,,
,북시티,2011-03-14,207781.376415791,449062.322397364,출판인쇄업,출판사,2026-05-01 22:31:57,I,03,폐업,,,,2011-03-17 14:20:55,,2008-09-16,143-962,서울특별시 광진구 구의동 ***-** ***호,CDFG1251002008000035,3040000,,"서울특별시 광진구 자양로**길 **-*,  ***호 (구의동)",,03,폐업,,,,,,
,세종대왕,2009-12-21,207317.378598544,447309.792408824,출판인쇄업,출판사,2026-05-01 22:31:57,I,03,폐업,,,,2009-12-21 14:44:01,,2008-12-02,143-772,서울특별시 광진구 자양동 *** 자양현대*차아파트 ***동 ***호,CDFG1251002008000041,3040000,,,,03,폐업,,,,,,
,GLSG,2013-06-26,209138.04726487,448993.925426656,출판인쇄업,출판사,2026-05-01 22:31:57,I,03,폐업,,,,2013-06-26 10:50:00,,2009-01-15,143-751,서울특별시 광진구 광장동 ***-* 극동아파트 **동 ***호,CDFG1251002009000002,3040000,,"서울특별시 광진구 아차산로 ***, **동 ***호 (광장동,극동아파트)",,03,폐업,,,,02-458-8536,,
,초록별,2013-01-18,206609.947498113,448020.423890804,출판인쇄업,출판사,2026-05-01 22:31:57,I,03,폐업,,,,2013-01-18 11:43:42,,2009-04-23,143-863,서울특별시 광진구 자양동 *** 우성아파트 ***동 ***호,CDFG1251002009000013,3040000,,,,03,폐업,,,,,,
,골드버그코리아,2020-03-31,209526.931191994,449543.412199539,출판인쇄업,출판사,2026-05-01 22:31:57,I,03,폐업,,,,2020-03-31 18:38:24,,2009-04-24,,서울특별시 광진구 광장동 ***-* ***호,CDFG1251002009000014,3040000,,"서울특별시 광진구 아차산로**길 ***, *층 ***호 (광장동, 광장빌딩)",04969,03,폐업,,,,070-4640-0874,,
,코비로드,2022-12-30,207679.128954008,449166.073716992,출판인쇄업,출판사,2026-05-01 22:31:57,I,03,폐업,,,,2023-02-10 16:19:16,,2009-04-24,143-824,서울특별시 광진구 구의동 ***-** *층,CDFG1251002009000015,3040000,,"서울특별시 광진구 광나루로 ***  (구의동,*층)",,03,폐업,,,,,,
,문예미디어,2006-05-29,206353.109193569,450465.915741353,출판인쇄업,출판사,2026-05-01 22:31:46,I,03,폐업,,,,2006-05-29 09:18:25,,2000-04-01,143-838,서울특별시 광진구 군자동 ***-** 문예빌딩 ***호,CDFG1251002000000021,3040000,,"서울특별시 광진구 천호대로***길 **,  ***호 (군자동,문예빌딩)",,03,폐업,,,,,,
,글샘문화사,2014-12-30,208441.301636911,449891.729367939,출판인쇄업,출판사,2026-05-01 22:31:46,I,03,폐업,,0,0,2014-12-30 14:27:01,,2000-05-02,143-817,서울특별시 광진구 구의동 **-**,CDFG1251002000000023,3040000,,서울특별시 광진구 자양로**길 *** (구의동),,03,폐업,,,,34378571,0,0
,예은출판사,2001-01-26,207147.435791146,448093.931176232,출판인쇄업,출판사,2026-05-01 22:31:46,I,03,폐업,,0,0,2003-05-13 11:35:46,,2000-05-12,143-866,서울특별시 광진구 자양동 ***-**,CDFG1251002000000025,3040000,,서울특별시 광진구 뚝섬로**길 **  (자양동),,03,폐업,,,,,0,0
,동화사랑,2001-01-17,206691.94388615,450967.011063524,출판인쇄업,출판사,2026-05-01 22:31:47,I,03,폐업,,0,0,2003-05-13 11:35:46,,2000-08-31,143-912,서울특별시 광진구 중곡동 ***-*,CDFG1251002000000037,3040000,,서울특별시 광진구 면목로*길 **  (중곡동),,03,폐업,,,,,0,0
,삼각형북스,2001-01-08,208194.19447951,448436.871405755,출판인쇄업,출판사,2026-05-01 22:31:47,I,03,폐업,,0,0,2003-05-13 11:35:46,,2000-11-30,143-822,서울특별시 광진구 구의동 ***-** KMK센터,CDFG1251002000000045,3040000,,"서울특별시 광진구 구의강변로 **  (구의동,KMK센터)",,03,폐업,,,,,0,0
,영어이야기(English Story teller),2014-07-31,207278.920065748,451243.97229213,출판인쇄업,출판사,2026-05-01 22:31:47,I,03,폐업,,,,2014-07-31 13:48:08,,2000-04-18,143-885,서울특별시 광진구 중곡동 **-** *층,CDFG1251002000000052,3040000,,"서울특별시 광진구 능동로 ***-* (중곡동,*층)",,03,폐업,,,,,,
,화인북미디어,2010-11-16,207290.701760647,451108.903362262,출판인쇄업,출판사,2026-05-01 22:31:47,I,03,폐업,,,,2010-11-16 11:21:26,,2000-09-28,143-885,서울특별시 광진구 중곡동 **-**,CDFG1251002000000053,3040000,,서울특별시 광진구 긴고랑로 **-*  (중곡동),,03,폐업,,,,,,
,한국아카데미,2008-02-11,206281.879156652,449990.727983844,출판인쇄업,출판사,2026-05-01 22:31:47,I,03,폐업,,,,2008-02-11 14:55:09,,2000-07-05,143-839,서울특별시 광진구 군자동 ***-*** 가동 ***호,CDFG1251002000000054,3040000,,"서울특별시 광진구 군자로 ***-*, 가동 ***호 (군자동)",,03,폐업,,,,,,
근린생활시설,사람여행,2015-12-22,207354.533675733,448734.131601322,출판인쇄업,출판사,2026-05-01 22:31:47,I,03,폐업,,0,,2015-12-22 10:41:38,,2001-02-09,143-826,서울특별시 광진구 구의동 ***-*** *통*반,CDFG1251002001000005,3040000,,서울특별시 광진구 아차산로**길 **-* (구의동),,03,폐업,,,,,,
,산업국가연구소,2009-03-30,208075.478439474,450669.691748896,출판인쇄업,출판사,2026-05-01 22:31:47,I,03,폐업,,0,,2009-03-30 14:27:31,,2001-02-17,143-887,서울특별시 광진구 중곡동 **-**,CDFG1251002001000007,3040000,,서울특별시 광진구 영화사로*길 **  (중곡동),,03,폐업,,,,,,
,중원코스메틱,2001-02-23,,,출판인쇄업,출판사,2026-05-01 22:31:47,I,03,폐업,,0,,2003-05-13 11:35:46,,2001-02-23,143-873,서울특별시 광진구 자양동 ***-* 현대*차아파트상가***호,CDFG1251002001000008,3040000,,,,03,폐업,,,,,,
,(주)영성에코,2014-10-13,205675.614643977,449020.327531646,출판인쇄업,출판사,2026-05-01 22:31:47,I,03,폐업,,,,2014-10-13 13:43:08,,2001-03-15,143-917,서울특별시 광진구 화양동 **-* 호산빌딩 *층,CDFG1251002001000014,3040000,,"서울특별시 광진구 동일로 *** (화양동,호산빌딩 *층)",,03,폐업,,,,,,
,도서출판한국실리콘,2002-01-11,206957.903219906,450690.311602333,출판인쇄업,출판사,2026-05-01 22:31:47,I,03,폐업,,0,,2003-05-13 11:35:46,,2001-03-22,143-912,서울특별시 광진구 중곡동 ***-**,CDFG1251002001000016,3040000,,서울특별시 광진구 능동로**길 *  (중곡동),,03,폐업,,,,,,
,김군자 음악치료 연구소,2007-01-10,207647.818555764,450839.199715412,출판인쇄업,출판사,2026-05-01 22:31:48,I,03,폐업,,,,2007-01-11 09:32:18,,2001-06-04,143-886,서울특별시 광진구 중곡동 **-*,CDFG1251002001000032,3040000,,서울특별시 광진구 용마산로 **  (중곡동),,03,폐업,,,,,,
,에이플러스,2009-03-23,207325.576921423,448526.049057258,출판인쇄업,출판사,2026-05-01 22:31:48,I,03,폐업,,0,,2009-03-23 14:32:42,,2001-08-17,143-826,서울특별시 광진구 구의동 ***-** 성지하이츠빌딩 ***호,CDFG1251002001000045,3040000,,"서울특별시 광진구 자양로 ***  (구의동,성지하이츠빌딩 ***호)",,03,폐업,,,,,,
,세진기획,2013-01-22,207579.10705496,448575.69749985,출판인쇄업,출판사,2026-05-01 22:31:48,I,03,폐업,,0,,2013-01-22 12:39:42,,2001-08-23,143-825,서울특별시 광진구 구의동 ***-**,CDFG1251002001000048,3040000,,서울특별시 광진구 아차산로**길 **-*  (구의동),,03,폐업,,,,02-452-9640,,
,도서출판한국사진신문사,2004-03-29,207767.295403453,448419.727357691,출판인쇄업,출판사,2026-05-01 22:31:48,I,03,폐업,,,,2004-03-31 12:44:57,,2001-11-15,143-825,서울특별시 광진구 구의동 ***-**,CDFG1251002001000061,3040000,,서울특별시 광진구 아차산로 ***  (구의동),,03,폐업,,,,,,
,사단법인시스템기술연구원,2023-03-02,209637.078215509,449832.485937903,출판인쇄업,출판사,2026-05-01 22:31:48,I,03,폐업,,0,,2023-03-02 18:02:15,,2001-12-11,143-802,서울특별시 광진구 광장동 *** 현대골든빌딩 *-***호,CDFG1251002001000063,3040000,,"서울특별시 광진구 아차산로**길 **  (광장동,현대골든빌딩 *-***호)",,03,폐업,,,,,,
,복음과상황,2004-08-16,207783.298251489,447691.607919092,출판인쇄업,출판사,2026-05-01 22:31:49,I,03,폐업,,,,2004-08-16 18:21:48,,2001-12-19,143-875,서울특별시 광진구 자양동 ***-*,CDFG1251002001000067,3040000,,서울특별시 광진구 뚝섬로**길 **  (자양동),,03,폐업,,,,,,
,(주)학천미디어,2002-02-18,206219.841921018,449420.862074319,출판인쇄업,출판사,2026-05-01 22:31:49,I,03,폐업,,,,2003-08-28 13:34:40,,2001-12-28,143-915,서울특별시 광진구 화양동 ***-** 메싸빌화양타워 ***호,CDFG1251002001000071,3040000,,"서울특별시 광진구 능동로**길 **  (화양동,메싸빌화양타워 ***호)",,03,폐업,,,,,,
,도서출판,2014-03-21,208394.416382167,448165.279999905,출판인쇄업,출판사,2026-05-01 22:31:49,I,03,폐업,,0,,2014-03-21 13:55:17,,2002-01-10,143-721,서울특별시 광진구 구의동 ***-* 테크노마트*층 A-***호,CDFG1251002002000002,3040000,,"서울특별시 광진구 광나루로**길 ** (구의동,테크노마트*층 A-***호)",,03,폐업,,,,,,
,도서출판 미래경영,2006-04-10,209433.056005011,449426.892183047,출판인쇄업,출판사,2026-05-01 22:31:49,I,03,폐업,,,,2006-04-10 17:11:07,,2002-11-29,143-808,서울특별시 광진구 광장동 ***-* 정희빌딩 *층,CDFG1251002002000018,3040000,,"서울특별시 광진구 아차산로**길 **  (광장동,정희빌딩 *층)",,03,폐업,,,,,,
,파라곤(PARAGON),2021-01-27,208353.081759541,448772.087767012,출판인쇄업,출판사,2026-05-01 22:31:49,I,03,폐업,,,,2021-01-27 17:58:30,,2002-04-09,143-821,서울특별시 광진구 구의동 ***-* 제일빌딩 *층,CDFG1251002002000020,3040000,,"서울특별시 광진구 광나루로 ***  (구의동,제일빌딩 *층)",,03,폐업,,,,,,
,도서출판 F,1999-03-11,207045.156781189,447492.987164488,출판인쇄업,출판사,2026-05-01 22:31:39,I,03,폐업,,0,0,2003-05-13 11:35:46,,1997-03-05,143-872,서울특별시 광진구 자양동 ***-**,CDFG1251001997000007,3040000,,서울특별시 광진구 뚝섬로**길 **-*  (자양동),,03,폐업,,,,34362212,0,0
,남궁 출판사,2000-08-26,206077.339616395,448638.39030955,출판인쇄업,출판사,2026-05-01 22:31:39,I,03,폐업,,0,,2003-05-13 11:35:46,,1997-03-05,143-841,서울특별시 광진구 자양동 *-* *층,CDFG1251001997000008,3040000,,"서울특별시 광진구 아차산로 ***  (자양동,*층)",,03,폐업,,,,,,
,도서출판 법규,2017-12-18,206771.452100241,448448.838131772,출판인쇄업,출판사,2026-05-01 22:31:39,I,03,폐업,,0,,2017-12-18 16:14:13,,1997-03-07,143-846,서울특별시 광진구 자양동 ***-** *층,CDFG1251001997000009,3040000,,"서울특별시 광진구 아차산로 *** (자양동,*층)",,03,폐업,,,,,,
,도서출판 매직,2000-07-27,209637.078215509,449832.485937903,출판인쇄업,출판사,2026-05-01 22:31:39,I,03,폐업,,0,,2003-05-13 11:35:46,,1997-03-25,143-802,서울특별시 광진구 광장동 *** 현대골든텔 *-***,CDFG1251001997000010,3040000,,"서울특별시 광진구 아차산로**길 **  (광장동,현대골든텔 *-***)",,03,폐업,,,,,,
,도서출판새하늘,1998-12-16,,,출판인쇄업,출판사,2026-05-01 22:31:39,I,03,폐업,,0,0,2003-05-13 11:35:46,,1997-04-25,143-853,서울특별시 광진구 자양동 ***-**,CDFG1251001997000015,3040000,,서울특별시 광진구 아차산로**길 *  (자양동),,03,폐업,,,,,0,0
,큰교육,1999-03-29,208004.282144849,448440.329980219,출판인쇄업,출판사,2026-05-01 22:31:39,I,03,폐업,,0,,2003-05-13 11:35:46,,1997-07-18,143-919,서울특별시 광진구 구의동 ***-** 서경빌딩***호,CDFG1251001997000020,3040000,,"서울특별시 광진구 아차산로 ***  (구의동,서경빌딩***호)",,03,폐업,,,,,,
,도서출판슈퍼브레인,2000-05-30,207089.758661145,450235.296441529,출판인쇄업,출판사,2026-05-01 22:31:40,I,03,폐업,,0,,2003-05-13 11:35:46,,1997-09-18,143-847,서울특별시 광진구 능동 ***-**,CDFG1251001997000023,3040000,,서울특별시 광진구 능동로**길 **  (능동),,03,폐업,,,,,,
,밝은마음을가진사람들,1998-07-27,205655.134613824,448957.981318775,출판인쇄업,출판사,2026-05-01 22:31:40,I,03,폐업,,0,0,2003-05-13 11:35:46,,1998-01-08,143-917,서울특별시 광진구 화양동 **-**,CDFG1251001998000001,3040000,,서울특별시 광진구 동일로 ***  (화양동),,03,폐업,,,,,0,0
,도서출판씨엘,1998-09-04,206836.813488718,450561.267728979,출판인쇄업,출판사,2026-05-01 22:31:40,I,03,폐업,,0,0,2003-05-13 11:35:46,,1998-02-20,143-838,서울특별시 광진구 군자동 ***-** 유림빌딩 ***호,CDFG1251001998000005,3040000,,"서울특별시 광진구 천호대로 ***,  ***호 (군자동,유림빌딩)",,03,폐업,,,,,0,0
,도서출판나비움,2015-10-06,206742.658243237,450585.978477233,출판인쇄업,출판사,2026-05-01 22:31:40,I,03,폐업,,0,0,2015-10-06 10:28:22,,1998-06-19,143-838,서울특별시 광진구 군자동 ***-*,CDFG1251001998000010,3040000,,서울특별시 광진구 면목로 **-* (군자동),,03,폐업,,,,,0,0
,남헌문화출판사,2003-11-17,207218.589539429,451215.011172233,출판인쇄업,출판사,2026-05-01 22:31:40,I,03,폐업,,,,2003-11-18 16:10:14,,1998-06-26,143-899,서울특별시 광진구 중곡동 ***-*,CDFG1251001998000011,3040000,,서울특별시 광진구 능동로 ***  (중곡동),,03,폐업,,,,34092791,,
,도서출판코랜드,1999-01-11,206090.006049047,448098.052538593,출판인쇄업,출판사,2026-05-01 22:31:40,I,03,폐업,,0,0,2003-05-13 11:35:46,,1998-09-01,143-862,서울특별시 광진구 자양동 ***-**,CDFG1251001998000013,3040000,,서울특별시 광진구 뚝섬로 ***  (자양동),,03,폐업,,,,,0,0
,도서출판민족과문화사,1998-09-12,207705.464915096,449702.827685215,출판인쇄업,출판사,2026-05-01 22:31:40,I,03,폐업,,0,0,2003-05-13 11:35:46,,1998-09-12,143-819,서울특별시 광진구 구의동 **-**,CDFG1251001998000015,3040000,,서울특별시 광진구 천호대로***길 **  (구의동),,03,폐업,,,,,0,0
,글타래,2013-05-27,209734.218553133,449933.547744527,출판인쇄업,출판사,2026-05-01 22:31:40,I,03,폐업,,0,0,2013-05-27 10:49:48,,1998-09-18,143-802,서울특별시 광진구 광장동 ***-* 현대골든텔II ***동,CDFG1251001998000017,3040000,,"서울특별시 광진구 아차산로**길 **, ***동 (광장동,현대골든텔II)",,03,폐업,,,,,0,0
,도서출판연합씨엔티(주),1999-03-15,208558.286631653,448353.905156369,출판인쇄업,출판사,2026-05-01 22:31:40,I,03,폐업,,0,0,2003-05-13 11:35:46,,1998-09-19,143-834,서울특별시 광진구 구의동 ***-* 프라임프라자 *층동,CDFG1251001998000018,3040000,,,,03,폐업,,,,,0,0
,도서출판선인,1999-11-19,205271.601763804,448096.865317934,출판인쇄업,출판사,2026-05-01 22:31:41,I,03,폐업,,0,0,2003-05-13 11:35:46,,1998-11-04,143-846,서울특별시 광진구 자양동 ***-**,CDFG1251001998000020,3040000,,서울특별시 광진구 동일로*길 *  (자양동),,03,폐업,,,,,0,0
,도서출판 선인,1999-11-19,205271.601763804,448096.865317934,출판인쇄업,출판사,2026-05-01 22:31:41,I,03,폐업,,0,,2003-05-13 11:35:46,,1998-11-04,143-846,서울특별시 광진구 자양동 ***-**,CDFG1251001998000021,3040000,,서울특별시 광진구 동일로*길 *  (자양동),,03,폐업,,,,,,
,킹더마이저PRESS,2006-05-22,207699.647823745,450403.945877367,출판인쇄업,출판사,2026-05-01 22:31:41,I,03,폐업,,,,2006-05-23 17:35:41,,1998-11-06,143-890,서울특별시 광진구 중곡동 ***-* 재영빌딩 *층동,CDFG1251001998000022,3040000,,"서울특별시 광진구 용마산로 **, *층동 (중곡동,재영빌딩)",,03,폐업,,,,34376091,,
,다솜문화사,2001-01-31,206692.080244146,447694.23236923,출판인쇄업,출판사,2026-05-01 22:31:41,I,03,폐업,,0,0,2003-05-13 11:35:46,,1998-12-08,143-865,서울특별시 광진구 자양동 ***-*,CDFG1251001998000027,3040000,,서울특별시 광진구 자양번영로*길 **  (자양동),,03,폐업,,,,,0,0
,도서출판오렌지,1999-06-24,,,출판인쇄업,출판사,2026-05-01 22:31:41,I,03,폐업,,0,0,2003-05-13 11:35:46,,1998-12-21,143-885,서울특별시 광진구 중곡동 **-**,CDFG1251001998000030,3040000,,,,03,폐업,,,,,0,0
,도서출판영어의바다,2007-07-05,209637.078215509,449832.485937903,출판인쇄업,출판사,2026-05-01 22:31:41,I,03,폐업,,,,2007-07-06 10:09:53,,1999-01-11,143-802,서울특별시 광진구 광장동 ***-* 현대골든텔* ****호,CDFG1251001999000002,3040000,,"서울특별시 광진구 아차산로**길 **,  ****호 (광장동,현대골든텔*)",,03,폐업,,,,34372693,,
,정상교육,2015-05-11,207623.764810846,451038.17324425,출판인쇄업,출판사,2026-05-01 22:31:41,I,03,폐업,,0,,2015-05-11 14:01:35,,1999-01-19,143-896,서울특별시 광진구 중곡동 ***-***,CDFG1251001999000005,3040000,,서울특별시 광진구 용마산로 ** (중곡동),,03,폐업,,,,,,
,산토끼뮤직,2001-01-31,206289.878840271,449019.845482083,출판인쇄업,출판사,2026-05-01 22:31:41,I,03,폐업,,0,0,2003-05-13 11:35:46,,1999-02-01,143-914,서울특별시 광진구 화양동 *-** 우양빌딩 *층동,CDFG1251001999000008,3040000,,"서울특별시 광진구 능동로 ***, *층동 (화양동,우양빌딩)",,03,폐업,,,,,0,0
,엠트레인,2011-03-04,207259.013441038,448563.154431644,출판인쇄업,출판사,2026-05-01 22:31:57,I,03,폐업,,,,2011-03-17 14:20:13,,2009-05-06,143-190,서울특별시 광진구 자양동 ***-** Y타워 *층 ***-*호,CDFG1251002009000017,3040000,,"서울특별시 광진구 자양로 ***,  ***-*호 (자양동,Y타워 *층)",,03,폐업,,,,,,
,21세기,2011-02-14,205828.733665313,447787.808415064,출판인쇄업,출판사,2026-05-01 22:31:57,I,03,폐업,,,,2011-02-14 16:48:02,,2009-07-14,143-845,서울특별시 광진구 자양동 **-** 한강프라자 ***호,CDFG1251002009000021,3040000,,"서울특별시 광진구 능동로 *,  ***호 (자양동,한강프라자)",,03,폐업,,,,02-499-2600,,
,한국소믈리에학원,2009-12-22,206847.981922436,450667.474115218,출판인쇄업,출판사,2026-05-01 22:31:57,I,03,폐업,,,,2009-12-22 15:56:00,,2007-07-24,143-912,서울특별시 광진구 중곡동 ***-* *층,CDFG1251002009000023,3040000,,"서울특별시 광진구 천호대로***길 *  (중곡동,*층)",,03,폐업,,,,,,
,Music box,2010-12-10,207665.118936455,449596.931317624,출판인쇄업,출판사,2026-05-01 22:31:57,I,03,폐업,,,,2010-12-10 10:19:21,,2009-08-31,143-833,서울특별시 광진구 구의동 ***-** ***호,CDFG1251002009000030,3040000,,"서울특별시 광진구 자양로**길 **-**,  ***호 (구의동)",,03,폐업,,,,070-8150-5735,,
,지성(知性),2009-10-12,207452.058684976,450586.290749531,출판인쇄업,출판사,2026-05-01 22:31:57,I,03,폐업,,,,2009-11-03 18:01:55,,2009-09-03,143-891,서울특별시 광진구 중곡동 ***-**,CDFG1251002009000031,3040000,,서울특별시 광진구 용마산로*길 **  (중곡동),,03,폐업,,,,,,
,비즈센,2025-10-20,209585.787534903,449837.858555379,출판인쇄업,출판사,2026-05-01 22:31:57,I,03,폐업,,,,2025-10-21 13:16:47,,2009-09-04,,서울특별시 광진구 광장동 *** 주성아우라오피스텔 ***호,CDFG1251002009000032,3040000,,"서울특별시 광진구 아차산로**길 **, 주성아우라오피스텔 ***호 (광장동)",04969,03,폐업,,,,,,
,도서출판 서윤,2014-05-01,207806.643293836,451692.8447262,출판인쇄업,출판사,2026-05-01 22:31:57,I,03,폐업,,,,2014-05-07 10:28:42,,2009-09-23,143-907,서울특별시 광진구 중곡동 ***-** 스카이빌 ***호,CDFG1251002009000036,3040000,,"서울특별시 광진구 용마산로**길 **, ***호 (중곡동,스카이빌)",,03,폐업,,,,02-3436-1904,,
,도서출판 말글샘,2014-03-05,207119.032097083,451350.974819495,출판인쇄업,출판사,2026-05-01 22:31:57,I,03,폐업,,,,2014-03-05 13:40:20,,2009-12-02,143-903,서울특별시 광진구 중곡동 ***-**,CDFG1251002009000048,3040000,,서울특별시 광진구 긴고랑로*길 ** (중곡동),,03,폐업,,,,,,
,(주)레인보우플랜트,2014-12-31,206774.587144441,449265.493326236,출판인쇄업,출판사,2026-05-01 22:31:57,I,03,폐업,,,,2014-12-31 16:34:30,,2008-04-10,143-926,서울특별시 광진구 화양동 ***-*,CDFG1251002010000014,3040000,,서울특별시 광진구 광나루로 *** (화양동),,03,폐업,,,,62485333,,
,엠스트,2016-12-30,207860.191579696,449794.142023815,출판인쇄업,출판사,2026-05-01 22:31:58,I,03,폐업,,,,2017-01-03 13:57:18,,2010-06-14,143-819,서울특별시 광진구 구의동 **-* *층,CDFG1251002010000027,3040000,,"서울특별시 광진구 천호대로***길 * (구의동,*층)",,03,폐업,,,,02-564-3110,,
,NDDN,2015-10-28,207388.308848516,448313.517465433,출판인쇄업,출판사,2026-05-01 22:31:58,I,03,폐업,,,,2015-10-28 17:13:59,,2010-07-07,143-825,서울특별시 광진구 구의동 ***-** 크레신타워 *층 **호,CDFG1251002010000032,3040000,,"서울특별시 광진구 아차산로 ***, **호 (구의동,크레신타워 *층)",,03,폐업,,,,02-452-3763,,
,Scribble Inc.,2013-06-03,207420.141210863,447642.681497196,출판인쇄업,출판사,2026-05-01 22:31:58,I,03,폐업,,,,2013-06-03 14:08:10,,2010-07-23,143-873,서울특별시 광진구 자양동 ***-* ***호,CDFG1251002010000040,3040000,,"서울특별시 광진구 뚝섬로**길 **,  ***호 (자양동)",,03,폐업,,,,,,
,Ossian(오시안),2011-04-18,208319.608381085,450057.200251391,출판인쇄업,출판사,2026-05-01 22:31:58,I,03,폐업,,,,2011-04-19 10:26:16,,2010-10-18,143-200,서울특별시 광진구 구의동 **-* ***호,CDFG1251002010000056,3040000,,"서울특별시 광진구 자양로**길 **-*  (구의동,***호)",,03,폐업,,,,,,
,초석출판,2021-01-20,206778.837495478,450057.379419437,출판인쇄업,출판사,2026-05-01 22:31:58,I,03,폐업,,,,2021-01-20 18:43:48,,2008-01-02,143-180,서울특별시 광진구 능동 ***-* ***호,CDFG1251002010000060,3040000,,"서울특별시 광진구 능동로 ***  (능동,***호)",,03,폐업,,,,22031610,,
,앨리스코리아,2011-05-18,208029.794583615,449791.073522586,출판인쇄업,출판사,2026-05-01 22:31:58,I,03,폐업,,,,2011-05-18 13:48:50,,2011-01-27,143-818,서울특별시 광진구 구의동 **-** 초원빌라 ***호,CDFG1251002011000005,3040000,,"서울특별시 광진구 자양로 ***-*  (구의동,초원빌라 ***호)",,03,폐업,,,,,,
,지성기획,2011-11-23,207452.058684976,450586.290749531,출판인쇄업,출판사,2026-05-01 22:31:58,I,03,폐업,,,,2011-11-24 15:30:44,,2011-02-15,143-891,서울특별시 광진구 중곡동 ***-**,CDFG1251002011000007,3040000,,서울특별시 광진구 용마산로*길 **  (중곡동),,03,폐업,,,,,,
,한화특수기획,2019-12-13,207843.82338557,450188.623024579,출판인쇄업,출판사,2026-05-01 22:31:58,I,03,폐업,,,,2020-02-14 17:07:35,,2011-03-14,143-888,서울특별시 광진구 중곡동 **-**,CDFG1251002011000012,3040000,,서울특별시 광진구 자양로**길 ** (중곡동),,03,폐업,,,,,,
,에이치비플래닝,2016-02-05,207024.642620424,450656.038395087,출판인쇄업,출판사,2026-05-01 22:31:58,I,03,폐업,,,,2016-02-12 10:42:07,,2011-03-14,143-898,서울특별시 광진구 중곡동 ***-** ***호,CDFG1251002011000013,3040000,,"서울특별시 광진구 능동로 *** (중곡동,***호)",,03,폐업,,,,02-465-0480,,
,컴파스 미니스트리(Compass Ministry),2023-03-09,206946.795270973,451834.620883021,출판인쇄업,출판사,2026-05-01 22:31:58,I,03,폐업,,,,2023-03-13 15:21:41,,2011-04-14,143-901,서울특별시 광진구 중곡동 ***-**,CDFG1251002011000019,3040000,,서울특별시 광진구 동일로 *** (중곡동),,03,폐업,,,,,,
,잉글리쉬피아노(주),2014-03-17,208558.286631653,448353.905156369,출판인쇄업,출판사,2026-05-01 22:31:58,I,03,폐업,,,,2014-03-17 19:05:43,,2007-05-17,143-832,"서울특별시 광진구 구의동 ***-* 프라임프라자 상가 *층 ***,***호",CDFG1251002011000020,3040000,,,,03,폐업,,,,1588-0591,,
,도서출판 크리,2013-11-26,208051.884671132,447994.805558304,출판인쇄업,출판사,2026-05-01 22:31:58,I,03,폐업,,,,2013-11-26 14:06:58,,1991-10-18,143-831,서울특별시 광진구 구의동 *** 동서울호텔 *층,CDFG1251002011000028,3040000,,"서울특별시 광진구 구의강변로 ** (구의동,동서울호텔 *층)",,03,폐업,,,,,,
,스윙퍼블리셔스,2021-10-28,209587.408592767,449552.066729321,출판인쇄업,출판사,2026-05-01 22:31:58,I,03,폐업,,,,2021-10-29 08:49:05,,2011-06-24,143-803,서울특별시 광진구 광장동 ***-** 대용빌딩 *층,CDFG1251002011000029,3040000,,"서울특별시 광진구 아차산로**길 ***  (광장동,대용빌딩 *층)",,03,폐업,,,,,,
,무재해,2007-01-24,206856.897746661,448362.428244842,출판인쇄업,출판사,2026-05-01 22:31:49,I,03,폐업,,,,2007-01-24 17:42:07,,2002-07-29,143-190,서울특별시 광진구 자양동 *** 영서빌딩 ***호,CDFG1251002002000021,3040000,,"서울특별시 광진구 아차산로 ***,  ***호 (자양동,영서빌딩)",,03,폐업,,,,,,
,채널21,2007-07-27,209679.58447051,449910.157174809,출판인쇄업,출판사,2026-05-01 22:31:49,I,03,폐업,,,,2007-08-13 15:36:59,,2002-07-10,143-802,서울특별시 광진구 광장동 *** 학산오피스텔 ***호,CDFG1251002002000022,3040000,,"서울특별시 광진구 아차산로**길 **,  ***호 (광장동,학산오피스텔)",,03,폐업,,,,,,
,휴먼,2012-05-07,208049.514504543,447906.1096137,출판인쇄업,출판사,2026-05-01 22:31:49,I,03,폐업,,,,2012-05-07 12:58:24,,2002-03-21,143-200,서울특별시 광진구 구의동 ***-*,CDFG1251002002000025,3040000,,서울특별시 광진구 구의강변로 **  (구의동),,03,폐업,,,,,,
,열린마당,2014-12-26,207443.392769953,450746.584356246,출판인쇄업,출판사,2026-05-01 22:31:49,I,03,폐업,,,,2014-12-26 12:02:10,,2002-08-05,143-886,서울특별시 광진구 중곡동 **-*,CDFG1251002002000027,3040000,,서울특별시 광진구 천호대로***길 **-** (중곡동),,03,폐업,,,,02-456-4319,,
,단군교출판사,2011-12-07,207637.629688222,447735.564083693,출판인쇄업,출판사,2026-05-01 22:31:49,I,03,폐업,,0,0,2011-12-07 18:19:43,,2003-02-03,143-875,서울특별시 광진구 자양동 ***-**,CDFG1251002003000005,3040000,,서울특별시 광진구 자양로*길 **  (자양동),,03,폐업,,,,,0,0
,도서출판 양림,2003-07-07,207624.830311441,447727.902710768,출판인쇄업,출판사,2026-05-01 22:31:49,I,03,폐업,,,,2003-07-07 09:57:51,,2003-02-05,143-875,서울특별시 광진구 자양동 ***-** 양자빌딩 *층 *호,CDFG1251002003000006,3040000,,"서울특별시 광진구 자양로*길 **  (자양동,양자빌딩 *층 *호)",,03,폐업,,,,,,
,도서출판 마음푸른길,2007-01-02,205468.704181774,448163.603962002,출판인쇄업,출판사,2026-05-01 22:31:49,I,03,폐업,,,,2007-01-04 17:48:49,,2003-03-10,143-846,서울특별시 광진구 자양동 ***-** *층,CDFG1251002003000011,3040000,,"서울특별시 광진구 동일로*가길 **  (자양동,*층)",,03,폐업,,,,,,
,한국교육원,2003-03-29,206679.730971079,450637.923340664,출판인쇄업,출판사,2026-05-01 22:31:49,I,03,폐업,,0,0,2003-05-13 11:35:46,,2003-03-24,143-838,서울특별시 광진구 군자동 ***-** ***호,CDFG1251002003000012,3040000,,"서울특별시 광진구 천호대로 ***  (군자동,***호)",,03,폐업,,,,,0,0
,들길,2008-04-14,,,출판인쇄업,출판사,2026-05-01 22:31:50,I,03,폐업,,,,2008-04-14 17:43:51,,2003-06-17,143-846,서울특별시 광진구 자양동 ***-** 드림타운 ***호,CDFG1251002003000018,3040000,일반주거지역,,,03,폐업,,,,,,
,도서출판 글마춤,2019-04-26,209734.218553133,449933.547744527,출판인쇄업,출판사,2026-05-01 22:31:50,I,03,폐업,,,,2020-02-14 17:12:14,,2003-10-08,143-802,서울특별시 광진구 광장동 *** 현대골든텔Ⅱ ****호,CDFG1251002003000031,3040000,,"서울특별시 광진구 아차산로**길 **, ****호 (광장동,현대골든텔Ⅱ)",,03,폐업,,,,22017695,,
,LabVIEW지기,2005-12-06,207658.83753339,447775.364133753,출판인쇄업,출판사,2026-05-01 22:31:50,I,03,폐업,,,,2005-12-07 09:53:24,,2003-11-24,143-875,서울특별시 광진구 자양동 ***-**,CDFG1251002003000036,3040000,,서울특별시 광진구 자양로*길 **-*  (자양동),,03,폐업,,,,,,
,서연OPS,2009-09-01,206261.369690602,449903.428673548,출판인쇄업,출판사,2026-05-01 22:31:50,I,03,폐업,,,,2009-09-01 16:14:54,,2003-12-11,143-840,서울특별시 광진구 군자동 ***-** ***호,CDFG1251002003000039,3040000,,"서울특별시 광진구 군자로 **-**,  ***호 (군자동)",,03,폐업,,,,,,
,도서출판 녹지,2005-03-21,206928.324163431,447605.744710866,출판인쇄업,출판사,2026-05-01 22:31:50,I,03,폐업,,,,2005-03-21 17:57:13,,2003-05-12,143-868,서울특별시 광진구 자양동 ***-** *층,CDFG1251002003000041,3040000,,"서울특별시 광진구 뚝섬로**길 **  (자양동,*층)",,03,폐업,,,,,,
,창경사,2004-02-17,206798.278062994,450379.037592731,출판인쇄업,출판사,2026-05-01 22:31:50,I,03,폐업,,,,2004-02-20 09:47:10,,2004-01-02,143-837,서울특별시 광진구 군자동 **-* ***호,CDFG1251002004000001,3040000,,"서울특별시 광진구 능동로**길 *,  ***호 (군자동)",,03,폐업,,,,,,
,민경사,2006-08-29,207830.083288687,449802.335561031,출판인쇄업,출판사,2026-05-01 22:31:50,I,03,폐업,,,,2006-08-29 16:19:14,,2004-01-12,143-819,서울특별시 광진구 구의동 **-**,CDFG1251002004000003,3040000,,서울특별시 광진구 자양로**길 **-*  (구의동),,03,폐업,,,,,,
,굿모닝 중국어.일본어,2009-10-01,205906.77215752,448710.967950599,출판인쇄업,출판사,2026-05-01 22:31:50,I,03,폐업,,,,2009-10-01 11:15:05,,2004-02-03,143-841,서울특별시 광진구 자양동 *-* 성수빌딩 ***호,CDFG1251002004000005,3040000,,"서울특별시 광진구 아차산로 ***  (자양동,성수빌딩 ***호)",,03,폐업,,,,,,
,한수위 출판,2007-06-01,208327.712188868,448677.176652939,출판인쇄업,출판사,2026-05-01 22:31:50,I,03,폐업,,,,2007-07-06 10:04:40,,2004-02-13,143-821,서울특별시 광진구 구의동 ***-** *층,CDFG1251002004000008,3040000,,"서울특별시 광진구 아차산로 ***  (구의동,*층)",,03,폐업,,,,,,
,뜨리출판사,2006-01-13,207733.736275264,449675.215364853,출판인쇄업,출판사,2026-05-01 22:31:50,I,03,폐업,,,,2006-01-13 18:17:24,,2004-03-03,143-819,서울특별시 광진구 구의동 **-** 지층,CDFG1251002004000009,3040000,,"서울특별시 광진구 자양로**길 **  (구의동,지층)",,03,폐업,,,,,,
,채널큐,2006-03-03,206481.062740469,449832.323358171,출판인쇄업,출판사,2026-05-01 22:31:50,I,03,폐업,,,,2006-03-03 18:44:37,,2004-03-09,143-747,서울특별시 광진구 군자동 ** 세종대학교 벤처센터 ***호,CDFG1251002004000010,3040000,,,,03,폐업,,,,,,
,아전원 음악사,2007-01-18,206012.506843522,449268.716568117,출판인쇄업,출판사,2026-05-01 22:31:51,I,03,폐업,,,,2007-01-18 16:48:39,,2004-05-21,143-916,서울특별시 광진구 화양동 **-** 지하*층,CDFG1251002004000017,3040000,,"서울특별시 광진구 군자로*길 **  (화양동,지하*층)",,03,폐업,,,,,,
,농경애니택,2007-08-27,206618.636083984,448493.642690689,출판인쇄업,출판사,2026-05-01 22:31:51,I,03,폐업,,,,2007-08-27 10:00:15,,2004-06-07,143-846,서울특별시 광진구 자양동 ***-** *층,CDFG1251002004000018,3040000,,"서울특별시 광진구 아차산로 ***  (자양동,*층)",,03,폐업,,,,,,
,도서출판 즐거운 하루,2006-02-07,207030.250867409,450781.379549387,출판인쇄업,출판사,2026-05-01 22:31:51,I,03,폐업,,,,2006-03-31 17:03:46,,2004-07-05,143-912,서울특별시 광진구 중곡동 ***-** *층,CDFG1251002004000020,3040000,,"서울특별시 광진구 능동로 ***  (중곡동,*층)",,03,폐업,,,,,,
,(주)일조각,,197228.889584962,452278.538118775,출판인쇄업,출판사,2026-05-01 22:43:26,I,13,영업중,,,,2005-01-12 10:53:18,,1953-09-03,110-062,서울특별시 종로구 신문로*가 *-***,CDFG1251001953000001,3000000,,서울특별시 종로구 경희궁길 **  (신문로*가),,01,영업/정상,,,,02-733-5430,,
,한글학회,,197487.622049589,452071.534763593,출판인쇄업,출판사,2026-05-01 22:43:26,I,13,영업중,,0,,2003-02-07 09:13:27,,1955-02-14,110-061,서울특별시 종로구 신문로*가 **-**,CDFG1251001955000001,3000000,,서울특별시 종로구 새문안로*길 *  (신문로*가),,01,영업/정상,,,,,,
,일신사,,197398.449116783,452068.544653453,출판인쇄업,출판사,2026-05-01 22:43:26,I,13,영업중,,0,,2003-02-07 09:13:27,,1956-11-15,110-062,서울특별시 종로구 신문로*가 *-***,CDFG1251001956000002,3000000,,서울특별시 종로구 경희궁*길 *  (신문로*가),,01,영업/정상,,,,,,
,영상목회연구소,2012-04-30,204709.625106596,458580.905029921,출판인쇄업,출판사,2026-05-01 22:30:48,I,03,폐업,,,,2012-04-30 14:12:06,,2002-09-23,139-848,서울특별시 노원구 월계동 *** 주공*단지상가 (지하***호),CDFG1251002002000034,3100000,,"서울특별시 노원구 초안산로 **  (월계동,주공*단지상가 (지하***호))",,03,폐업,,,,02-994-7005,,
근린생활시설,(주)소오건축,2006-02-08,206778.029925372,457556.729178093,출판인쇄업,출판사,2026-05-01 22:30:48,I,03,폐업,,,,2006-02-08 14:52:37,,2002-03-19,139-808,서울특별시 노원구 공릉동 ***-*,CDFG1251002002000035,3100000,,서울특별시 노원구 동일로***길 **  (공릉동),,03,폐업,,,,02-948-0258,,
,도서출판미래파,2004-03-31,205742.125373768,457176.509069823,출판인쇄업,출판사,2026-05-01 22:30:48,I,03,폐업,,,,2013-12-19 14:03:23,,2003-04-29,139-840,서울특별시 노원구 월계동 **-** (지하),CDFG1251002003000007,3100000,,"서울특별시 노원구 화랑로**길 **-** (월계동,(지하))",,03,폐업,,,,20910041,,
,인포원,2004-10-01,,,출판인쇄업,출판사,2026-05-01 22:30:48,I,03,폐업,,,,2004-10-01 12:54:19,,2003-05-19,139-050,서울특별시 노원구 월계동 산 ** 인덕대학 창업보육센타 ***호,CDFG1251002003000009,3100000,,,,03,폐업,,,,,,
,터울림,2003-12-29,205803.176820325,462570.513349934,출판인쇄업,출판사,2026-05-01 22:30:49,I,03,폐업,,,,2003-12-29 13:01:36,,2003-06-12,139-820,서울특별시 노원구 상계동 ***-*** *층,CDFG1251002003000011,3100000,,"서울특별시 노원구 한글비석로**길 **  (상계동,*층)",,03,폐업,,,,02-932-2281,,
,도서출판 9.1,2013-04-01,205455.618698896,457358.731978332,출판인쇄업,출판사,2026-05-01 22:30:49,I,03,폐업,,,,2013-04-01 10:50:46,,2003-06-18,139-847,서울특별시 노원구 월계동 *** 현대상가,CDFG1251002003000013,3100000,,"서울특별시 노원구 석계로 ** (월계동,현대상가)",,03,폐업,,,,02-942-9729,,
,도서출판 스카이,2004-06-03,206668.319076099,460896.983072795,출판인쇄업,출판사,2026-05-01 22:30:49,I,03,폐업,,,,2004-06-03 14:34:05,,2003-06-27,139-860,서울특별시 노원구 중계동 ***-* 세신프라쟈빌딩 ***호,CDFG1251002003000014,3100000,,"서울특별시 노원구 한글비석로 ***,  ***호 (중계동,세신프라쟈빌딩)",,03,폐업,,,,02-938-3458,,
,과수원,2007-01-31,206686.332409947,461010.45375712,출판인쇄업,출판사,2026-05-01 22:30:49,I,03,폐업,,,,2007-02-09 13:03:03,,2003-07-25,139-860,서울특별시 노원구 중계동 ***-** 영광프라자 ***호,CDFG1251002003000016,3100000,,"서울특별시 노원구 한글비석로 ***,  ***호 (중계동,영광프라자)",,03,폐업,,,,02-939-0006,,
,B&P 미디어,2005-11-30,,,출판인쇄업,출판사,2026-05-01 22:30:49,I,03,폐업,,,,2005-11-30 15:14:22,,2003-07-15,139-847,서울특별시 노원구 월계동 ***-*,CDFG1251002003000017,3100000,,서울특별시 노원구 월계로**다길 *  (월계동),,03,폐업,,,,02-943-2148,,
,(주)메디팜뉴스,2008-12-10,206626.865958361,457406.081083339,출판인쇄업,출판사,2026-05-01 22:30:49,I,03,폐업,,,,2008-12-10 08:55:21,,2003-09-15,139-808,서울특별시 노원구 공릉동 ***-** 천호빌딩 *층,CDFG1251002003000019,3100000,,"서울특별시 노원구 동일로***길 *  (공릉동,천호빌딩 *층)",,03,폐업,,,,02-978-1114,,
,도서출판 21세기법경사,2006-07-24,205817.972062411,462079.055763534,출판인쇄업,출판사,2026-05-01 22:30:49,I,03,폐업,,,,2006-07-24 16:16:20,,2003-11-06,139-820,서울특별시 노원구 상계동 ***-** *층,CDFG1251002003000021,3100000,,"서울특별시 노원구 한글비석로**길 **  (상계동,*층)",,03,폐업,,,,02-951-2793,,
,도서출판 임송,2010-05-19,206670.816544196,460805.152066849,출판인쇄업,출판사,2026-05-01 22:30:49,I,03,폐업,,,,2010-05-20 16:05:38,,2003-11-21,139-860,서울특별시 노원구 중계동 ***-* 중계동두타빌 B-***호,CDFG1251002003000024,3100000,,"서울특별시 노원구 한글비석로 ***,  B-***호 (중계동,중계동두타빌)",,03,폐업,,,,02-3391-7274,,
,미성,2017-08-11,205010.833443366,462726.458573708,출판인쇄업,출판사,2026-05-01 22:30:49,I,03,폐업,,,,2017-12-26 18:04:43,,2003-11-27,139-822,서울특별시 노원구 상계동 ***-* 고려프라자빌딩 ***호,CDFG1251002003000025,3100000,,"서울특별시 노원구 동일로 ****, ***호 (상계동,고려프라자빌딩)",,03,폐업,,,,02-936-7645,,
근린생활시설,건영출판,2005-03-23,205361.160849162,460784.127566584,출판인쇄업,출판사,2026-05-01 22:30:49,I,03,폐업,,,,2005-03-23 10:42:15,,2003-12-23,139-831,서울특별시 노원구 상계동 ***-* 성일빌딩 *층 ***호,CDFG1251002003000026,3100000,,"서울특별시 노원구 동일로 ****,  ***호 (상계동,성일빌딩 *층)",,03,폐업,,,,,,
,북위즈,2004-08-06,204772.500639238,464208.305428933,출판인쇄업,출판사,2026-05-01 22:30:49,I,03,폐업,,,,2004-08-06 15:34:37,,2003-06-04,139-874,서울특별시 노원구 상계동 **** 희성오피앙 오피스텔 ****호,CDFG1251002003000027,3100000,,"서울특별시 노원구 동일로 ****,  ****호 (상계동,희성오피앙 오피스텔)",,03,폐업,,,,02-6092-7694,,
,스칼라,2004-09-30,206670.816544196,460805.152066849,출판인쇄업,출판사,2026-05-01 22:30:49,I,03,폐업,,,,2013-12-09 13:17:13,,2004-01-06,139-860,서울특별시 노원구 중계동 ***-* 두타빌 A동 ***호,CDFG1251002004000001,3100000,,"서울특별시 노원구 한글비석로 ***, A동 ***호 (중계동,두타빌)",,03,폐업,,,,02-951-8820,,
,스피드영어넷,2007-11-26,206949.978095676,461064.530100751,출판인쇄업,출판사,2026-05-01 22:30:49,I,03,폐업,,,,2007-11-26 15:39:30,,2004-01-08,139-861,서울특별시 노원구 중계동 *** 종합상가 지하 **호,CDFG1251002004000002,3100000,,,,03,폐업,,,,,,
근린생활시설,Seed어린이출판사,2007-04-11,205013.181201757,463316.334607136,출판인쇄업,출판사,2026-05-01 22:30:49,I,03,폐업,,,3,2007-04-11 16:57:56,,2004-03-15,139-837,서울특별시 노원구 상계동 ****-* 신풍빌딩 *층,CDFG1251002004000003,3100000,,"서울특별시 노원구 동일로***가길 **  (상계동,신풍빌딩 *층)",,03,폐업,,,,02-935-0505,4,1
,(주)프리원,2005-09-07,204772.367380466,464080.593904719,출판인쇄업,출판사,2026-05-01 22:30:49,I,03,폐업,,,,2005-09-07 14:51:32,,2004-04-06,139-838,서울특별시 노원구 상계동 **** 하이베라스 ***호,CDFG1251002004000004,3100000,,"서울특별시 노원구 동일로 ****,  ***호 (상계동,하이베라스)",,03,폐업,,,,02-3399-3951,,
,행복한생활,2009-04-08,205391.376597539,460951.395278927,출판인쇄업,출판사,2026-05-01 22:30:49,I,03,폐업,,,,2009-04-09 17:52:54,,2004-04-30,139-832,서울특별시 노원구 상계동 ***-** 지하 *호,CDFG1251002004000005,3100000,,"서울특별시 노원구 동일로 ****  (상계동,지하 *호)",,03,폐업,,,,02-938-5111,,
,도서출판 상록수,2012-03-13,204650.437591318,464174.158420444,출판인쇄업,출판사,2026-05-01 22:30:49,I,03,폐업,,,,2013-12-09 13:24:27,,2004-06-08,139-838,서울특별시 노원구 상계동 **** 은빛아파트단지상가 ***호,CDFG1251002004000006,3100000,,"서울특별시 노원구 동일로***가길 **, ***호 (상계동,은빛아파트단지상가)",,03,폐업,,,,02-952-3492,,
,회상,2005-12-31,205505.893385407,461805.289448493,출판인쇄업,출판사,2026-05-01 22:30:49,I,03,폐업,,,,2013-12-19 14:04:10,,2004-06-10,139-704,서울특별시 노원구 상계동 *** 노원현대아파트 상가동 *층 ***호,CDFG1251002004000007,3100000,,"서울특별시 노원구 상계로*길 **, *층 (상계동, 노원현대아파트 상가동)",,03,폐업,,,,02-938-3517,,
,도서출판 포인트,2023-07-20,205365.224075773,457737.97090865,출판인쇄업,출판사,2026-05-01 22:31:51,I,03,폐업,,,,2023-07-20 14:42:57,,2022-02-15,,서울특별시 노원구 월계동 *** 월계*차한일아파트 ***동 ****호,CDFG1251002022000012,3100000,,"서울특별시 노원구 석계로**길 **, ***동 ****호 (월계동, 월계*차한일아파트)",01894,03,폐업,,,,,,
,제이엠이(JME),2024-12-05,204680.308194419,464346.663669239,출판인쇄업,출판사,2026-05-01 22:31:51,I,03,폐업,,39.69,,2024-12-06 09:30:08,,2021-02-27,,서울특별시 노원구 상계동 **** 은빛*단지아파트 ***동 ****호,CDFG1251002022000014,3100000,,"서울특별시 노원구 동일로***길 ***, ***동 ****호 (상계동, 은빛*단지아파트)",01603,03,폐업,,,,,,
,마음돋이 출판사,2022-03-24,205271.835499457,458634.370362121,출판인쇄업,출판사,2026-05-01 22:31:51,I,03,폐업,,,,2022-03-25 14:40:57,,2021-04-19,,서울특별시 노원구 월계동 *** 월계사슴*단지아파트 ***동 ***호,CDFG1251002022000021,3100000,,"서울특별시 노원구 월계로 ***, ***동 ***호 (월계동, 월계사슴*단지아파트)",01905,03,폐업,,,,,,
,빛이 나는 책들,2023-09-27,206367.374707086,461535.726023902,출판인쇄업,출판사,2026-05-01 22:31:51,I,03,폐업,,,,2023-10-19 10:02:09,,2022-04-04,,서울특별시 노원구 중계동 *** 염광아파트 ***동 ***호,CDFG1251002022000024,3100000,,"서울특별시 노원구 덕릉로**길 **, ***동 ***호 (중계동, 염광아파트)",01701,03,폐업,,,,,,
,푸른나무교육(GTE)Korea,2025-11-20,207447.636537089,457681.671042401,출판인쇄업,출판사,2026-05-01 22:31:51,I,03,폐업,,,,2025-11-20 14:57:55,,2022-04-05,,서울특별시 노원구 공릉동 ** 공릉*단지청솔아파트 ***동 ***호,CDFG1251002022000025,3100000,,"서울특별시 노원구 노원로*길 **, ***동 ***호 (공릉동, 공릉*단지청솔아파트)",01827,03,폐업,,,,02-949-4256,,
,제피로스,2023-07-20,204993.013591174,458662.554155594,출판인쇄업,출판사,2026-05-01 22:31:51,I,03,폐업,,,,2023-07-20 14:24:08,,2022-04-07,,서울특별시 노원구 월계동 *** 월계센트럴아이파크아파트 ***동 ****호,CDFG1251002022000026,3100000,,"서울특별시 노원구 초안산로*라길 **, ***동 ****호 (월계동, 월계센트럴아이파크아파트)",01879,03,폐업,,,,,,
,봄내음,2025-05-08,205480.184922415,457060.371935397,출판인쇄업,출판사,2026-05-01 22:31:51,I,03,폐업,,,,2025-05-09 09:41:53,,2022-04-12,,서울특별시 노원구 월계동 ***-** *층,CDFG1251002022000027,3100000,,"서울특별시 노원구 석계로*길 **-*, *층 (월계동)",01903,03,폐업,,,,,,
,한마디,2023-01-20,206111.372366785,460867.374353242,출판인쇄업,출판사,2026-05-01 22:31:51,I,03,폐업,,,,2023-01-20 16:18:22,,2022-04-26,,서울특별시 노원구 중계동 *** 성원아파트 ***동 ****호,CDFG1251002022000029,3100000,,"서울특별시 노원구 덕릉로**길 *, ***동 ****호 (중계동, 성원아파트)",01710,03,폐업,,,,,,
,파포출판사,2024-12-09,204846.017230075,462293.140879558,출판인쇄업,출판사,2026-05-01 22:31:52,I,03,폐업,,,,2024-12-09 13:18:51,,2023-02-28,,서울특별시 노원구 상계동 *** 상계주공**단지아파트 ****동 ***호,CDFG1251002023000012,3100000,,"서울특별시 노원구 노원로 ***, ****동 ***호 (상계동, 상계주공**단지아파트)",01675,03,폐업,,,,,,
,힐링 사인 심리연구소,2023-03-14,206713.764150786,458417.18012908,출판인쇄업,출판사,2026-05-01 22:31:52,I,03,폐업,,,,2023-03-14 13:49:59,,2021-09-27,,서울특별시 노원구 공릉동 *** 동신아파트,CDFG1251002023000016,3100000,,"서울특별시 노원구 공릉로 ***, ***동 ****호 (공릉동, 동신아파트)",01833,03,폐업,,,,,,
,능금북,2024-12-23,205987.412925896,458326.207832452,출판인쇄업,출판사,2026-05-01 22:31:52,I,03,폐업,,,,2024-12-23 13:40:08,,2023-11-14,,서울특별시 노원구 공릉동 *** 공릉*단지아파트 ***동 ***호,CDFG1251002023000055,3100000,,"서울특별시 노원구 섬밭로 ***, ***동 ***호 (공릉동, 공릉*단지아파트)",01854,03,폐업,,,,,,
,낙서인 가게,2024-08-27,206034.614725203,461676.716972401,출판인쇄업,출판사,2026-05-01 22:31:52,I,03,폐업,,,,2024-10-10 13:02:29,,2023-05-03,,서울특별시 노원구 상계동 ***-** *층,CDFG1251002024000004,3100000,,"서울특별시 노원구 상계로**길 **, *층 (상계동)",01697,03,폐업,,,,,,
,도서출판 나비움,2025-05-16,206481.229536572,457502.031602406,출판인쇄업,출판사,2026-05-01 22:31:53,I,03,폐업,,,,2025-05-16 18:10:51,,2024-07-15,,서울특별시 노원구 공릉동 ***-**,CDFG1251002024000042,3100000,,"서울특별시 노원구 동일로***길 **-*, *층 (공릉동)",01858,03,폐업,,,,02-976-6955,,
,여우방울,2024-12-20,204957.562393784,462039.10749227,출판인쇄업,출판사,2026-05-01 22:31:53,I,03,폐업,,,,2024-12-20 17:56:12,,2024-10-14,,서울특별시 노원구 상계동 *** 임광아파트,CDFG1251002024000056,3100000,,"서울특별시 노원구 노원로 ***, *동 ***호 (상계동, 임광아파트)",01687,03,폐업,,,,,,
,예지(預知)교육,2025-11-26,205365.224075773,457737.97090865,출판인쇄업,출판사,2026-05-01 22:31:53,I,03,폐업,,36.23,,2025-11-27 09:27:57,,2023-09-12,,서울특별시 노원구 월계동 *** 월계*차한일아파트,CDFG1251002024000057,3100000,,"서울특별시 노원구 석계로**길 **, ****동 ***호 (월계동, 월계*차한일아파트)",01894,03,폐업,,,,,,
,조에조,2025-10-28,205448.805750683,458564.347940661,출판인쇄업,출판사,2026-05-01 22:31:53,I,03,폐업,,,,2025-10-28 15:52:16,,2024-11-11,,서울특별시 노원구 월계동 ***-* 성원아파트,CDFG1251002024000063,3100000,,"서울특별시 노원구 마들로*길 **, ***동 ***호 (월계동, 성원아파트)",01907,03,폐업,,,,,,
,도서출판 자유횃불,2025-08-12,205307.630395599,458913.895851437,출판인쇄업,출판사,2026-05-01 22:31:54,I,03,폐업,,,,2025-08-12 18:24:14,,2025-04-02,,서울특별시 노원구 월계동 ***-* 월계사슴*단지아파트,CDFG1251002025000026,3100000,,"서울특별시 노원구 월계로**길 **, ***동 ****호 (월계동, 월계사슴*단지아파트)",01864,03,폐업,,,,,,
,도서출판 상투스,2018-05-28,206161.63542072,461417.466955134,출판인쇄업,출판사,2026-05-01 22:30:49,I,03,폐업,,,,2018-05-28 11:19:31,,2004-06-17,,서울특별시 노원구 상계동 *** 동신라메르 ***호,CDFG1251002004000008,3100000,,"서울특별시 노원구 상계로**길 ** (상계동, 동신라메르)",01704,03,폐업,,,,,,
,영출판사,2006-09-25,206177.808016653,459085.58683613,출판인쇄업,출판사,2026-05-01 22:30:49,I,03,폐업,,,,2006-09-25 18:12:24,,2004-07-06,139-870,서울특별시 노원구 하계동 ***-*,CDFG1251002004000009,3100000,,서울특별시 노원구 공릉로**가길 **-**  (하계동),,03,폐업,,,,02-949-0853,,
,YESWOA닷컴,2008-03-25,205319.03348033,460976.460213333,출판인쇄업,출판사,2026-05-01 22:30:49,I,03,폐업,,,,2008-03-25 16:55:09,,2004-07-08,139-831,서울특별시 노원구 상계동 *** (우리은행) *층,CDFG1251002004000010,3100000,,"서울특별시 노원구 동일로 ****  (상계동,(우리은행) *층)",,03,폐업,,,,02-951-9941,,
,EGI좋은교육,2014-02-17,206841.212950103,460700.517210601,출판인쇄업,출판사,2026-05-01 22:30:49,I,03,폐업,,,,2014-02-17 15:34:59,,2004-07-15,139-796,서울특별시 노원구 중계동 ***-** 주공*단지아파트 ***동 ***호,CDFG1251002004000011,3100000,,"서울특별시 노원구 한글비석로*길 **, ***동 ***호 (중계동, 주공*단지아파트)",,03,폐업,,,,,,
,법장원,2007-12-31,206722.706119961,457771.397112598,출판인쇄업,출판사,2026-05-01 22:30:49,I,03,폐업,,,,2013-12-19 14:04:52,,2004-07-15,139-807,서울특별시 노원구 공릉동 ***-** *통*반,CDFG1251002004000012,3100000,,서울특별시 노원구 동일로***길 **-** (공릉동),,03,폐업,,,,02-972-3580,,
,(주)씨엘에이에스,2016-01-26,205540.043304986,457279.469438192,출판인쇄업,출판사,2026-05-01 22:30:49,I,03,폐업,,,,2016-01-30 12:21:18,,2004-08-12,139-841,서울특별시 노원구 월계동 **-*,CDFG1251002004000014,3100000,,서울특별시 노원구 석계로**길 ** (월계동),,03,폐업,,,,02-910-7000,,
,광운대학교 산학협력단,2018-05-04,205198.498721037,457486.206509046,출판인쇄업,출판사,2026-05-01 22:30:49,I,03,폐업,,,,2018-05-09 09:25:14,,2004-09-13,139-846,서울특별시 노원구 월계동 ***-* 화도관 ***호,CDFG1251002004000017,3100000,,"서울특별시 노원구 광운로*길 **, ***호 (월계동,화도관)",,03,폐업,,,,02-940-5003,,
,삼석기획사,2005-01-14,205944.154845665,462198.343724192,출판인쇄업,출판사,2026-05-01 22:30:49,I,03,폐업,,,,2005-01-14 15:55:36,,2004-09-30,139-820,서울특별시 노원구 상계동 ***-** *층 *호,CDFG1251002004000018,3100000,,"서울특별시 노원구 한글비석로**가길 *  (상계동,*층 *호)",,03,폐업,,,,02-932-3199,,
,믿음참사랑,2009-05-07,206819.104,457928.719999999,출판인쇄업,출판사,2026-05-01 22:30:49,I,03,폐업,,,,2013-12-19 14:05:52,,2004-12-04,139-802,서울특별시 노원구 공릉동 ***-*** *층상가,CDFG1251002004000020,3100000,,"서울특별시 노원구 공릉로**길 ** (공릉동,*층상가)",,03,폐업,,,,02-949-6697,,
,미션툴,2013-04-11,206067.381845011,462616.242244418,출판인쇄업,출판사,2026-05-01 22:30:49,I,03,폐업,,,,2013-04-11 09:52:41,,2004-04-29,139-813,서울특별시 노원구 상계동 ***-** *층,CDFG1251002004000021,3100000,,"서울특별시 노원구 한글비석로**라길 ** (상계동,*층)",,03,폐업,,,,0505-578-6363,,
,삼익출판사,2010-02-18,205832.181666767,457092.424674131,출판인쇄업,출판사,2026-05-01 22:30:49,I,03,폐업,,,,2010-02-18 17:15:09,,2004-11-29,139-840,서울특별시 노원구 월계동 **-*,CDFG1251002004000022,3100000,,서울특별시 노원구 화랑로**길 **  (월계동),,03,폐업,,,,02-942-6750,,
,도서출판 무지카,2007-02-09,205264.637477558,461827.579520796,출판인쇄업,출판사,2026-05-01 22:30:49,I,03,폐업,,,,2007-02-09 12:05:40,,2005-02-03,139-757,서울특별시 노원구 상계동 *** 주공아파트 ***동 ***호,CDFG1251002005000001,3100000,주거지역,"서울특별시 노원구 동일로 ****, ***동 ***호 (상계동,주공아파트)",,03,폐업,,,,02-3391-7877,,
,도서출판 작은숲,2008-04-01,203772.102259899,458919.648155512,출판인쇄업,출판사,2026-05-01 22:30:49,I,03,폐업,,,,2013-12-19 14:06:30,,2005-02-14,139-852,서울특별시 노원구 월계동 ***-* **통*반 ***호,CDFG1251002005000002,3100000,,"서울특별시 노원구 우이천로*길 ** (월계동,***호)",,03,폐업,,,,,,
,예진출판사,2005-10-10,205588.636016926,459964.099651861,출판인쇄업,출판사,2026-05-01 22:30:49,I,03,폐업,,,,2013-12-09 11:17:04,,2005-03-02,139-785,서울특별시 노원구 중계동 *** 중계그린아파트 ***동 ****호,CDFG1251002005000005,3100000,,"서울특별시 노원구 동일로***길 **, ***동 ****호 (중계동,중계그린아파트)",,03,폐업,,,,,,
,(주)플러스학원,2009-01-19,206740.036180531,460958.164371423,출판인쇄업,출판사,2026-05-01 22:30:49,I,03,폐업,,,,2009-01-19 13:22:01,,2005-03-11,139-861,서울특별시 노원구 중계동 ***-* 그랜드프라자 *층,CDFG1251002005000008,3100000,,"서울특별시 노원구 한글비석로 ***  (중계동,그랜드프라자 *층)",,03,폐업,,,,,,
,마루출판사,2007-12-31,204451.526032876,463317.776498966,출판인쇄업,출판사,2026-05-01 22:30:50,I,03,폐업,,,,2013-12-09 13:09:11,,2005-03-14,139-837,서울특별시 노원구 상계동 ****-* 상림빌딩 ***호,CDFG1251002005000009,3100000,,"서울특별시 노원구 동일로***다길 **, ***호 (상계동,상림빌딩)",,03,폐업,,,,02-2091-0291,,
,아이캔수능교재출판사,2010-06-30,206799.800498117,461019.150439564,출판인쇄업,출판사,2026-05-01 22:30:50,I,03,폐업,,,,2013-12-19 14:07:12,,2005-03-22,139-861,서울특별시 노원구 중계동 ***-** 동진빌딩 *층,CDFG1251002005000011,3100000,,"서울특별시 노원구 중계로**길 ** (중계동,동진빌딩 *층)",,03,폐업,,,,02-933-7177,,
,영어셈교육연구소,2010-12-31,209288.472624641,460064.53972057,출판인쇄업,출판사,2026-05-01 22:30:50,I,03,폐업,,,,2013-12-19 14:07:54,,2005-04-18,139-800,서울특별시 노원구 공릉동 **-** ***호,CDFG1251002005000015,3100000,,"서울특별시 노원구 화랑로 ***, ***호 (공릉동)",,03,폐업,,,,,,
,프리덤리버티프레스,2008-12-31,206507.233511567,457848.111913575,출판인쇄업,출판사,2026-05-01 22:30:50,I,03,폐업,,,,2013-12-19 14:08:35,,2005-05-12,139-807,서울특별시 노원구 공릉동 ***-**,CDFG1251002005000017,3100000,,서울특별시 노원구 동일로***길 *-* (공릉동),,03,폐업,,,,,,
,남산문화사,2006-04-01,206012.907142932,462419.364537375,출판인쇄업,출판사,2026-05-01 22:30:50,I,03,폐업,,,,2013-12-19 14:09:11,,2005-05-26,139-820,서울특별시 노원구 상계동 ***-*,CDFG1251002005000018,3100000,,서울특별시 노원구 한글비석로**가길 ** (상계동),,03,폐업,,,,,,
,도서출판 파미르,2010-10-26,205660.986625043,462645.285471828,출판인쇄업,출판사,2026-05-01 22:30:50,I,03,폐업,,,,2013-12-09 11:20:42,,2005-05-31,139-768,서울특별시 노원구 상계동 *** 보람아파트 ***동 ****호,CDFG1251002005000020,3100000,,"서울특별시 노원구 한글비석로 ***, ***동 ****호 (상계동, 보람아파트)",,03,폐업,,,,,,
,탈무드&토라,2014-01-29,207258.379315124,460807.358860502,출판인쇄업,출판사,2026-05-01 22:30:50,I,03,폐업,,,,2014-02-10 10:12:59,,2005-07-12,139-854,서울특별시 노원구 중계동 **-*,CDFG1251002005000021,3100000,,서울특별시 노원구 중계로**라길 ** (중계동),,03,폐업,,,,02-936-0007,,
,셈크루즈교육,2007-04-27,206670.816544196,460805.152066849,출판인쇄업,출판사,2026-05-01 22:30:50,I,03,폐업,,,,2013-12-09 13:19:20,,2005-07-19,139-860,서울특별시 노원구 중계동 ***-* 두타빌 A동 ***호,CDFG1251002005000023,3100000,,"서울특별시 노원구 한글비석로 ***, A동 ***호 (중계동,두타빌)",,03,폐업,,,,,,
,도서출판돌우물,2010-03-24,205789.71844701,459389.694394683,출판인쇄업,출판사,2026-05-01 22:30:50,I,03,폐업,,,,2010-03-02 11:18:12,,2005-07-21,139-873,서울특별시 노원구 하계동 *** 현대아파트 ***동 ***호,CDFG1251002005000026,3100000,,"서울특별시 노원구 섬밭로 ***, ***동 ***호 (하계동,현대아파트)",,03,폐업,,,,,,
,푸른돛,2017-01-19,204846.017230075,462293.140879558,출판인쇄업,출판사,2026-05-01 22:30:50,I,03,폐업,,,,2017-01-19 10:08:40,,2005-08-11,139-760,서울특별시 노원구 상계동 *** 주공아파트 ****동 ***호,CDFG1251002005000027,3100000,,"서울특별시 노원구 노원로 ***, ****동 ***호 (상계동, 주공아파트)",,03,폐업,,,,,,
,베스트북,2009-02-17,205885.793273773,457058.842825422,출판인쇄업,출판사,2026-05-01 22:30:50,I,03,폐업,,,,2009-02-17 14:29:50,,2005-08-29,139-841,서울특별시 노원구 월계동 *** 우남아파트 ***동 ***호,CDFG1251002005000028,3100000,,"서울특별시 노원구 화랑로 ***, ***동 ***호 (월계동,우남아파트)",,03,폐업,,,,,,
,선진기획사,2007-01-17,205503.7223045,461314.576462526,출판인쇄업,출판사,2026-05-01 22:30:50,I,03,폐업,,,,2007-01-17 12:06:13,,2005-09-23,139-832,서울특별시 노원구 상계동 ***-* 명보빌딩 ***호,CDFG1251002005000029,3100000,,"서울특별시 노원구 동일로***길 **,  ***호 (상계동,명보빌딩)",,03,폐업,,,,,,
,빨강출판사,2007-11-01,205361.160849162,460784.127566584,출판인쇄업,출판사,2026-05-01 22:30:50,I,03,폐업,,,,2013-12-09 13:15:17,,2005-09-23,139-831,서울특별시 노원구 상계동 ***-* ***호,CDFG1251002005000030,3100000,,"서울특별시 노원구 동일로 ****, ***호 (상계동)",,03,폐업,,,,,,
,(주)바이오메디팜,2013-12-31,206588.226678629,457527.664831153,출판인쇄업,출판사,2026-05-01 22:30:50,I,03,폐업,,,,2013-12-20 13:04:03,,2005-09-29,139-807,서울특별시 노원구 공릉동 ***-**,CDFG1251002005000031,3100000,,서울특별시 노원구 동일로***길 * (공릉동),,03,폐업,,,,,,
,예그리나,2007-01-23,205215.20055087,457628.878376093,출판인쇄업,출판사,2026-05-01 22:30:50,I,03,폐업,,,,2007-01-24 09:38:32,,2005-10-10,139-846,서울특별시 노원구 월계동 ***-** ***호,CDFG1251002005000032,3100000,,"서울특별시 노원구 광운로**길 **,  ***호 (월계동)",,03,폐업,,,,,,
,도서출판인간과사회,2011-06-20,204855.557180678,464199.048415229,출판인쇄업,출판사,2026-05-01 22:30:50,I,03,폐업,,,,2011-06-20 17:44:19,,2005-10-25,139-838,서울특별시 노원구 상계동 **** 파르코오피스텔 ***호,CDFG1251002005000036,3100000,,"서울특별시 노원구 동일로 ****,  ***호 (상계동,파르코오피스텔)",,03,폐업,,,,,,
,스노우라이프,2013-04-15,206394.750178498,457454.613996836,출판인쇄업,출판사,2026-05-01 22:30:50,I,03,폐업,,,,2013-04-15 11:37:57,,2005-11-01,139-808,서울특별시 노원구 공릉동 ***-** ***호,CDFG1251002005000037,3100000,,"서울특별시 노원구 동일로***가길 **, ***호 (공릉동)",,03,폐업,,,,,,
,도서출판언어의집,2024-04-16,205664.110189371,461616.508895826,출판인쇄업,출판사,2026-05-01 22:30:50,I,03,폐업,,,,2024-04-16 17:04:06,,2005-11-01,139-816,서울특별시 노원구 상계동 ***-* 서진빌딩 ***호,CDFG1251002005000038,3100000,,"서울특별시 노원구 상계로 **,  ***호 (상계동,서진빌딩)",,03,폐업,,,,,,
,도서출판시선사,2024-04-16,205664.110189371,461616.508895826,출판인쇄업,출판사,2026-05-01 22:30:50,I,03,폐업,,,,2024-04-16 17:04:14,,2005-11-01,139-816,서울특별시 노원구 상계동 ***-* 서진빌딩 ***호,CDFG1251002005000039,3100000,,"서울특별시 노원구 상계로 **,  ***호 (상계동,서진빌딩)",,03,폐업,,,,,,
,21세기법경사,2006-07-11,206191.513480924,462216.993419885,출판인쇄업,출판사,2026-05-01 22:30:50,I,03,폐업,,,,2006-07-11 11:39:50,,2005-11-04,139-815,서울특별시 노원구 상계동 ***-**,CDFG1251002005000040,3100000,,서울특별시 노원구 한글비석로**가길 **  (상계동),,03,폐업,,,,,,
,M.I.T수능문제연구소,2009-11-09,206799.800498117,461019.150439564,출판인쇄업,출판사,2026-05-01 22:30:50,I,03,폐업,,,,2009-11-10 17:36:15,,2005-11-14,139-861,서울특별시 노원구 중계동 ***-** 동진프라자 ***호,CDFG1251002005000041,3100000,,"서울특별시 노원구 중계로**길 **,  ***호 (중계동,동진프라자)",,03,폐업,,,,,,
,I&S,2007-02-13,204855.657578987,462605.747175556,출판인쇄업,출판사,2026-05-01 22:30:50,I,03,폐업,,,,2007-02-13 17:46:16,,2005-12-08,139-761,서울특별시 노원구 상계동 *** 주공아파트 ****동 ****호,CDFG1251002005000043,3100000,,,,03,폐업,,,,,,
,(주)해플,2006-12-31,205805.101355646,462143.260646743,출판인쇄업,출판사,2026-05-01 22:30:50,I,03,폐업,,,,2013-12-09 13:18:42,,2005-12-08,139-820,서울특별시 노원구 상계동 ***-** 우림빌딩*층,CDFG1251002005000044,3100000,,"서울특별시 노원구 한글비석로**길 ** (상계동,우림빌딩*층)",,03,폐업,,,,,,
,파오스(Phaos),2006-03-08,204855.557180678,464199.048415229,출판인쇄업,출판사,2026-05-01 22:30:50,I,03,폐업,,,,2006-03-08 09:58:00,,2005-12-13,139-838,서울특별시 노원구 상계동 **** 파르코오피스텔 ***호,CDFG1251002005000045,3100000,,"서울특별시 노원구 동일로 ****,  ***호 (상계동,파르코오피스텔)",,03,폐업,,,,,,
,주식회사 소오건축,2011-01-27,206778.029925372,457556.729178093,출판인쇄업,출판사,2026-05-01 22:30:50,I,03,폐업,,,,2011-01-27 09:58:38,,2006-01-24,139-808,서울특별시 노원구 공릉동 ***-* *층,CDFG1251002006000003,3100000,,"서울특별시 노원구 동일로***길 **  (공릉동,*층)",,03,폐업,,,,,,
,사)대한의공협회,2018-09-14,205455.618698896,457358.731978332,출판인쇄업,출판사,2026-05-01 22:30:50,I,03,폐업,,,,2019-01-17 18:00:40,,2006-01-24,139-957,서울특별시 노원구 월계동 *** 현대아파트상가 *층 ***호,CDFG1251002006000004,3100000,,"서울특별시 노원구 석계로 **, ***호 (월계동,현대아파트상가 *층)",,03,폐업,,,,,,
,파워뱅크,2007-03-27,205426.85301611,462405.715001832,출판인쇄업,출판사,2026-05-01 22:30:51,I,03,폐업,,,,2007-03-27 15:23:51,,2006-04-11,139-758,서울특별시 노원구 상계동 *** 주공아파트 ***동 ***호,CDFG1251002006000009,3100000,,"서울특별시 노원구 노원로**길 **, ***동 ***호 (상계동,주공아파트)",,03,폐업,,,,,,
,휴먼 앤 네이처,2016-12-29,207746.151245202,457922.120883717,출판인쇄업,출판사,2026-05-01 22:30:51,I,03,폐업,,,,2016-12-29 15:42:37,,2006-04-20,139-800,서울특별시 노원구 공릉동 *** 화랑타운아파트 ***동 ***호,CDFG1251002006000010,3100000,,"서울특별시 노원구 화랑로**길 **, ***동 ***호 (공릉동,화랑타운아파트)",,03,폐업,,,,,,
,그리스도의계절,2009-09-07,205164.287941404,462643.124805593,출판인쇄업,출판사,2026-05-01 22:30:51,I,03,폐업,,,,2013-12-09 13:10:29,,2006-06-21,139-762,서울특별시 노원구 상계동 *** 주공아파트 ****동 ***호,CDFG1251002006000014,3100000,,"서울특별시 노원구 한글비석로 ***, ****동 ***호 (상계동,주공아파트)",,03,폐업,,,,,,
,지원교육,2006-11-13,205356.625412979,461535.57579374,출판인쇄업,출판사,2026-05-01 22:30:51,I,03,폐업,,,,2006-11-13 14:54:04,,2006-06-30,139-827,서울특별시 노원구 상계동 ***-* 동익빌딩*층,CDFG1251002006000015,3100000,,"서울특별시 노원구 상계로 **  (상계동,동익빌딩*층)",,03,폐업,,,,,,
,법경사21세기,2010-07-22,206203.421510488,462228.123784267,출판인쇄업,출판사,2026-05-01 22:30:51,I,03,폐업,,,,2010-07-23 14:04:23,,2006-07-12,139-815,서울특별시 노원구 상계동 ***-**,CDFG1251002006000016,3100000,,서울특별시 노원구 한글비석로**가길 **  (상계동),,03,폐업,,,,,,
사무실,드리머,2007-10-11,204772.367380466,464080.593904719,출판인쇄업,출판사,2026-05-01 22:30:51,I,03,폐업,,41.35,5,2007-10-11 12:30:37,,2006-08-11,139-838,서울특별시 노원구 상계동 **** 하이베라스 ***호,CDFG1251002006000018,3100000,준주거지역,"서울특별시 노원구 동일로 ****,  ***호 (상계동,하이베라스)",,03,폐업,아파트지역,,,,7,2
아파트,투씨,2008-02-11,205828.740725015,458536.634046055,출판인쇄업,출판사,2026-05-01 22:30:51,I,03,폐업,,84.99,20,2008-02-11 13:52:07,,2006-08-16,139-955,서울특별시 노원구 공릉동 *** 풍림아파트 ***동 ***호,CDFG1251002006000020,3100000,주거지역,"서울특별시 노원구 섬밭로 ***, ***동 ***호 (공릉동,풍림아파트)",,03,폐업,아파트지역,,,02-6235-8865,20,1
,조직컴스쿨,2021-11-04,207385.613786593,460513.812707067,출판인쇄업,출판사,2026-05-01 22:30:51,I,03,폐업,,,,2021-11-04 13:16:00,,2006-08-21,139-854,서울특별시 노원구 중계동 ** 현대아파트 ***동 ***호,CDFG1251002006000021,3100000,,"서울특별시 노원구 중계로*길 **, ***동 ***호 (중계동, 현대아파트)",,03,폐업,,,,,,
사무실,(주)진곡홀딩스,2011-11-23,204772.367380466,464080.593904719,출판인쇄업,출판사,2026-05-01 22:30:51,I,03,폐업,,36.29,,2013-12-09 13:21:02,,2006-09-19,139-838,서울특별시 노원구 상계동 **** 하이베라스 ***호,CDFG1251002006000023,3100000,일반상업지역,"서울특별시 노원구 동일로 ****, ***호 (상계동,하이베라스)",,03,폐업,,,,02-951-8619,,
,주식회사 성균관서당,2012-04-16,206668.319076099,460896.983072795,출판인쇄업,출판사,2026-05-01 22:30:51,I,03,폐업,,,,2012-04-16 09:45:01,,2006-10-10,139-860,서울특별시 노원구 중계동 ***-* 세신빌딩 ***호,CDFG1251002006000025,3100000,,"서울특별시 노원구 한글비석로 ***,  ***호 (중계동,세신빌딩)",,03,폐업,,,,02-508-0031,,
,창조집단시빌구,2008-03-22,206063.206549045,462304.852189577,출판인쇄업,출판사,2026-05-01 22:30:51,I,03,폐업,,,,2013-12-09 13:22:01,,2006-10-24,139-813,서울특별시 노원구 상계동 ***-** *층,CDFG1251002006000027,3100000,,"서울특별시 노원구 한글비석로 ***-** (상계동,*층)",,03,폐업,,,,02-932-1325,,
,한국슈테른,2024-03-22,205164.054482331,461393.748688552,출판인쇄업,출판사,2026-05-01 22:30:51,I,03,폐업,,,,2024-03-25 09:29:57,,2006-11-06,139-942,서울특별시 노원구 상계동 *** 문화실업 ***호,CDFG1251002006000029,3100000,,"서울특별시 노원구 노해로**길 **-*,  ***호 (상계동,문화실업)",,03,폐업,,,,,,
,05SS.COM,2008-12-15,205515.496256835,460224.319815461,출판인쇄업,출판사,2026-05-01 22:30:51,I,03,폐업,,,,2008-12-15 16:34:18,,2006-11-06,139-785,서울특별시 노원구 중계동 ***-* 중계그린아파트 ***동 ***호,CDFG1251002006000030,3100000,,"서울특별시 노원구 동일로***길 **, ***동 ***호 (중계동,중계그린아파트)",,03,폐업,,,,,,
,도서출판 한국세경문화사,2010-03-10,206236.798834666,462435.814220128,출판인쇄업,출판사,2026-05-01 22:30:51,I,03,폐업,,,,2013-12-19 14:09:58,,2006-11-17,139-813,서울특별시 노원구 상계동 ***-**,CDFG1251002006000031,3100000,,서울특별시 노원구 한글비석로**라길 ** (상계동),,03,폐업,,,,02-933-6811,,
,사이버북스(cyber books),2011-12-30,207103.432818086,460520.243371506,출판인쇄업,출판사,2026-05-01 22:30:51,I,03,폐업,,,,2011-12-30 15:53:56,,2006-12-12,139-930,서울특별시 노원구 중계동 *** 금호아파트 ***동 ****호,CDFG1251002006000033,3100000,일반주거지역,,,03,폐업,,,,,,
,넥스트북(Nextbook),2008-06-03,206505.335540436,462297.430479316,출판인쇄업,출판사,2026-05-01 22:30:51,I,03,폐업,,,,2008-06-03 13:52:21,,2006-12-26,139-897,서울특별시 노원구 상계동 *** 대림아파트 ***동 ****호,CDFG1251002006000035,3100000,,"서울특별시 노원구 상계로 ***-**, ***동 ****호 (상계동,대림아파트)",,03,폐업,,,,,,
,개똥출판사,2007-11-29,205264.637477558,461827.579520796,출판인쇄업,출판사,2026-05-01 22:30:51,I,03,폐업,,,,2013-12-19 14:10:45,,2006-12-26,139-757,서울특별시 노원구 상계동 *** 주공아파트 ***동 ***호,CDFG1251002006000036,3100000,,"서울특별시 노원구 동일로 ****, ***동 ***호 (상계동,주공아파트)",,03,폐업,,,,031-304-5604,,
,(주)이캐슬 어학원,2009-06-30,206777.882449354,461042.637067385,출판인쇄업,출판사,2026-05-01 22:30:51,I,03,폐업,,,,2013-12-09 11:23:28,,2006-12-28,139-861,"서울특별시 노원구 중계동 ***-** 중원코아빌딩 *층,*층",CDFG1251002006000037,3100000,,"서울특별시 노원구 한글비석로 *** (중계동,중원코아빌딩 *층,*층)",,03,폐업,,,,,,
,도서출판 찾을모,2008-11-27,206185.990603589,458085.338129847,출판인쇄업,출판사,2026-05-01 22:30:51,I,03,폐업,,,,2008-11-27 17:59:15,,2007-02-23,139-801,서울특별시 노원구 공릉동 ***-** 신명아파트 ***동 ***호,CDFG1251002007000004,3100000,,"서울특별시 노원구 동일로***길 **, ***동 ***호 (공릉동,신명아파트)",,03,폐업,,,,,,
,도서출판 남은자,2009-08-18,207022.301850076,463217.509046725,출판인쇄업,출판사,2026-05-01 22:30:51,I,03,폐업,,,,2013-12-09 13:22:58,,2007-03-06,139-811,서울특별시 노원구 상계동 ***-*** *층,CDFG1251002007000007,3100000,,"서울특별시 노원구 상계로**길 ** (상계동,*층)",,03,폐업,,,,02-951-2226,,
,세진,2009-06-30,206356.22314833,462123.478004887,출판인쇄업,출판사,2026-05-01 22:30:51,I,03,폐업,,,,2009-06-30 13:44:34,,2007-03-19,,서울특별시 노원구 상계동 ***-* 벽산아파트 ***동 ***호,CDFG1251002007000009,3100000,,,,03,폐업,,,,,,
,우릉출판사,2012-02-10,,,출판인쇄업,출판사,2026-05-01 22:30:51,I,03,폐업,,,,2012-02-10 16:33:50,,2007-03-19,139-813,서울특별시 노원구 상계동 *** **통*반,CDFG1251002007000010,3100000,,,,03,폐업,,,,,,
,시드출판사,2007-06-01,204915.102223308,463385.690125183,출판인쇄업,출판사,2026-05-01 22:30:51,I,03,폐업,,,,2007-06-01 16:33:48,,2007-04-11,139-837,서울특별시 노원구 상계동 ****-** *층,CDFG1251002007000013,3100000,,"서울특별시 노원구 동일로***길 **  (상계동,*층)",,03,폐업,,,,,,
,선광출판사,2014-06-26,207304.813691229,460051.427929231,출판인쇄업,출판사,2026-05-01 22:30:51,I,03,폐업,,,,2014-06-27 14:08:46,,2007-05-22,139-854,서울특별시 노원구 중계동 **-*,CDFG1251002007000018,3100000,,서울특별시 노원구 중계로*길 ** (중계동),,03,폐업,,,,,,
,시드출판,2008-09-04,204855.557180678,464199.048415229,출판인쇄업,출판사,2026-05-01 22:30:51,I,03,폐업,,,,2008-09-04 12:22:26,,2007-06-04,139-876,서울특별시 노원구 상계동 **** 토마토파르코오피스텔 ****호,CDFG1251002007000019,3100000,,"서울특별시 노원구 동일로 ****,  ****호 (상계동,토마토파르코오피스텔)",,03,폐업,,,,,,
,장원사,,199133.475093733,452281.87704127,출판인쇄업,출판사,2026-05-01 22:43:26,I,13,영업중,,0,,2003-02-07 09:13:27,,1956-12-18,110-807,서울특별시 종로구 돈의동 **-*,CDFG1251001956000003,3000000,,서울특별시 종로구 돈화문로**길 *-*  (돈의동),,01,영업/정상,,,,,,
,한국독서철학교육,2014-12-10,205805.621561106,460041.339536101,출판인쇄업,출판사,2026-05-01 22:30:51,I,03,폐업,,,,2014-12-10 13:10:22,,2007-06-07,139-786,서울특별시 노원구 중계동 *** 중계무지개아파트 ***동 ****호,CDFG1251002007000020,3100000,,"서울특별시 노원구 동일로***길 **, ***동 ****호 (중계동, 중계무지개아파트)",,03,폐업,,,,,,
,공감각 디자인,2017-03-29,206793.654960991,460899.837225908,출판인쇄업,출판사,2026-05-01 22:30:51,I,03,폐업,,,,2017-04-05 10:49:29,,2007-06-12,139-220,서울특별시 노원구 중계동 ***-** 오성프라자 *층,CDFG1251002007000021,3100000,,"서울특별시 노원구 중계로 ***, *층 ***호 (중계동)",,03,폐업,,,,,,
,문화콘텐츠 개발연구소,2012-09-25,,,출판인쇄업,출판사,2026-05-01 22:30:51,I,03,폐업,,,,2012-09-25 16:21:46,,2007-06-19,139-959,서울특별시 노원구 상계동 청암아파트 ***동 ****호,CDFG1251002007000023,3100000,,,,03,폐업,,,,,,
,도서출판쉐마,2013-09-02,205922.151234054,461261.657201799,출판인쇄업,출판사,2026-05-01 22:30:52,I,03,폐업,,,,2013-09-02 14:35:19,,2007-07-12,139-816,서울특별시 노원구 상계동 ***-* 모네여성병원 *층,CDFG1251002007000028,3100000,,"서울특별시 노원구 노원로 *** (상계동,모네여성병원 *층)",,03,폐업,,,,,,
,Mozart Math Inc,2007-07-26,205094.697210104,460821.487931542,출판인쇄업,출판사,2026-05-01 22:30:52,I,03,폐업,,,,2007-10-11 16:32:58,,2007-07-16,139-830,서울특별시 노원구 상계동 *** ***동 ***호,CDFG1251002007000030,3100000,,"서울특별시 노원구 동일로***길 **, ***동 ***호 (상계동)",,03,폐업,,,,,,
,현 MUSIC,2025-02-06,206855.765741856,457766.464757287,출판인쇄업,출판사,2026-05-01 22:30:52,I,03,폐업,,,,2025-02-06 17:33:05,,2007-09-05,139-802,서울특별시 노원구 공릉동 ***-**,CDFG1251002007000034,3100000,,서울특별시 노원구 공릉로**길 *-* (공릉동),,03,폐업,,,,,,
,도서출판 아레떼,2010-09-30,,,출판인쇄업,출판사,2026-05-01 22:30:52,I,03,폐업,,,,2010-10-05 10:57:14,,2007-09-06,139-762,서울특별시 노원구 상계동 주공아파트 ****동 ****호,CDFG1251002007000035,3100000,,,,03,폐업,,,,,,
,도서출판비지아이,2007-10-29,207211.953920549,460349.154510052,출판인쇄업,출판사,2026-05-01 22:30:52,I,03,폐업,,,,2007-11-26 15:45:47,,2007-10-11,139-854,서울특별시 노원구 중계동 **-* 중계현대*차 ***동 ***호,CDFG1251002007000041,3100000,,,,03,폐업,,,,,,
,아우라,2010-12-03,207131.576339305,462829.18165682,출판인쇄업,출판사,2026-05-01 22:30:52,I,03,폐업,,,,2013-12-19 14:11:30,,2007-10-19,139-900,서울특별시 노원구 상계동 **** 불암현대아파트 ***동 ****호,CDFG1251002007000042,3100000,,"서울특별시 노원구 덕릉로***길 **, ***동 ****호 (상계동, 불암현대아파트)",,03,폐업,,,,,,
,팔자 뱅크,2013-05-01,206698.908785934,462016.804073963,출판인쇄업,출판사,2026-05-01 22:30:52,I,03,폐업,,,,2013-06-26 11:29:26,,2007-11-01,139-220,서울특별시 노원구 중계동 ***-* 우정빌라 ***호,CDFG1251002007000044,3100000,,"서울특별시 노원구 덕릉로**길 **-**, ***호 (중계동,우정빌라)",,03,폐업,,,,,,
근린생활시설,조명미디어,2013-08-10,205312.259614657,457003.886641127,출판인쇄업,출판사,2026-05-01 22:30:52,I,03,폐업,,10,,2013-12-19 14:13:04,,2007-12-14,139-846,서울특별시 노원구 월계동 ***-*,CDFG1251002007000046,3100000,일반주거지역,서울특별시 노원구 화랑로**길 ** (월계동),,03,폐업,주택가주변,,,,,
교육연구시설,KN커뮤니케이션,2009-01-02,209288.472624641,460064.53972057,출판인쇄업,출판사,2026-05-01 22:30:52,I,03,폐업,,1404,,2013-12-09 11:17:55,,2008-01-09,139-742,서울특별시 노원구 공릉동 **-** 삼육대학교 창업보육센터 ***,CDFG1251002008000002,3100000,,"서울특별시 노원구 화랑로 *** (공릉동,삼육대학교 창업보육센터 ***)",,03,폐업,기타,,,33992062,5,
아파트,국제문화사,2011-05-04,,,출판인쇄업,출판사,2026-05-01 22:30:52,I,03,폐업,,,,2011-05-04 09:27:20,,2008-01-17,139-731,서울특별시 노원구 상계동 주공@***-***,CDFG1251002008000003,3100000,주거지역,,,03,폐업,,,,02-938-4165,,
사무실,삼오출판사,2008-06-17,206409.778199104,461261.83941494,출판인쇄업,출판사,2026-05-01 22:30:52,I,03,폐업,,109,,2008-06-17 15:25:14,,2008-01-29,139-857,서울특별시 노원구 중계동 ***-* a동 ***호,CDFG1251002008000005,3100000,,"서울특별시 노원구 덕릉로 ***-**, a동 ***호 (중계동)",,03,폐업,,,,,,
,lion of judah worship ministry,2008-03-17,,,출판인쇄업,출판사,2026-05-01 22:30:52,I,03,폐업,,,,2008-03-19 10:07:00,,2008-03-04,139-848,서울특별시 노원구 월계동 ***-** B**호,CDFG1251002008000008,3100000,,"서울특별시 노원구 초안산로*가길 **-**,  B**호 (월계동)",,03,폐업,,,,,,
,자연계 교육,2008-06-27,206636.108418682,460903.982974634,출판인쇄업,출판사,2026-05-01 22:30:52,I,03,폐업,,,,2008-06-27 12:47:03,,2008-03-13,139-860,서울특별시 노원구 중계동 ***-* 중흥빌딩 ****호,CDFG1251002008000010,3100000,,"서울특별시 노원구 중계로 ***,  ****호 (중계동,중흥빌딩)",,03,폐업,,,,02-931-3303,,
,신뢰출판사,2009-10-01,206884.263514008,461679.874423985,출판인쇄업,출판사,2026-05-01 22:30:52,I,03,폐업,,,,2013-12-19 14:13:45,,2008-03-31,139-859,서울특별시 노원구 중계동 *** 주공@ ***동 ***호,CDFG1251002008000012,3100000,,"서울특별시 노원구 한글비석로**길 *, ***동 ***호 (중계동,주공@)",,03,폐업,,,,33911946,,
,사단법인한국시각장애인협회,2010-05-12,206003.968802847,461773.125225136,출판인쇄업,출판사,2026-05-01 22:30:52,I,03,폐업,,,,2014-05-26 11:28:09,,2008-04-04,139-818,서울특별시 노원구 상계동 ***-*** 현승빌딩 *층,CDFG1251002008000013,3100000,,"서울특별시 노원구 상계로 *** (상계동,현승빌딩 *층)",,03,폐업,,,,,,
,영산교육개발원,2009-02-05,206948.010916259,458283.894144704,출판인쇄업,출판사,2026-05-01 22:30:52,I,03,폐업,,,,2009-02-05 15:17:47,,2008-04-14,139-804,서울특별시 노원구 공릉동 ***-** 현대프라자 ***호,CDFG1251002008000014,3100000,,"서울특별시 노원구 공릉로**길 *,  ***호 (공릉동,현대프라자)",,03,폐업,,,,02-935-0952,,
,모드(Mode),2009-02-05,205934.062609811,462489.71350395,출판인쇄업,출판사,2026-05-01 22:30:52,I,03,폐업,,,,2009-02-05 17:00:01,,2008-04-18,139-820,서울특별시 노원구 상계동 *** 한신@ *동 ***호,CDFG1251002008000015,3100000,,,,03,폐업,,,,,,
,꽃피는나무,2017-10-20,205989.096699368,462634.516522765,출판인쇄업,출판사,2026-05-01 22:30:52,I,03,폐업,,,,2017-10-23 09:56:43,,2008-04-30,139-903,서울특별시 노원구 상계동 *** 한신*차 *동 ****호,CDFG1251002008000019,3100000,,"서울특별시 노원구 한글비석로**가길 **, *동 ****호 (상계동,한신*차)",,03,폐업,,,,02-932-9721,,
,도서출판 에메트,2009-01-20,,,출판인쇄업,출판사,2026-05-01 22:30:52,I,03,폐업,,,,2009-01-20 17:21:36,,2008-05-19,139-817,서울특별시 노원구 상계동 산 ***,CDFG1251002008000021,3100000,,,,03,폐업,,,,02-936-0660,,
,경연학당,2010-01-29,,,출판인쇄업,출판사,2026-05-01 22:30:52,I,03,폐업,,,,2010-01-29 17:54:18,,2008-06-18,139-856,서울특별시 노원구 중계동 ***-**,CDFG1251002008000023,3100000,,서울특별시 노원구 덕릉로 ***  (중계동),,03,폐업,,,,02-934-3117,,
,예주이미지,2000-06-16,192235.397061427,453259.397954806,출판인쇄업,출판사,2026-05-01 22:31:48,I,03,폐업,,,,2003-05-16 15:38:41,,1996-05-14,120-812,서울특별시 서대문구 북가좌동 ***-*,CDFG1251001996000008,3120000,,서울특별시 서대문구 응암로 ***  (북가좌동),,03,폐업,,,,,,
,자유세계,1998-06-30,,,출판인쇄업,출판사,2026-05-01 22:31:48,I,03,폐업,,0,,2003-02-07 11:07:55,,1996-05-31,120-190,서울특별시 서대문구 북아현동 ***-*,CDFG1251001996000009,3120000,,,,03,폐업,,,,,,
,대일서적,1997-10-28,,,출판인쇄업,출판사,2026-05-01 22:31:48,I,03,폐업,,0,,2003-02-07 11:07:55,,1996-06-27,120-080,서울특별시 서대문구 현저동 **-*,CDFG1251001996000012,3120000,,,,03,폐업,,,,,,
,원시인,1998-06-30,193764.777902996,450631.151435874,출판인쇄업,출판사,2026-05-01 22:31:48,I,03,폐업,,0,,2003-02-07 11:07:55,,1996-09-11,120-836,서울특별시 서대문구 창천동 ***-* 휴암빌딩***호,CDFG1251001996000014,3120000,,"서울특별시 서대문구 신촌로 **  (창천동,휴암빌딩***호)",,03,폐업,,,,,,
,네오북스,1998-06-30,197028.132153511,451044.356034746,출판인쇄업,출판사,2026-05-01 22:31:48,I,03,폐업,,0,,2003-02-07 11:07:55,,1996-09-16,120-030,서울특별시 서대문구 합동 **-** 성일빌딩***호,CDFG1251001996000015,3120000,,"서울특별시 서대문구 서소문로 **  (합동,성일빌딩***호)",,03,폐업,,,,,,
,펜클럽,2002-03-22,192204.144264653,453173.919537914,출판인쇄업,출판사,2026-05-01 22:31:48,I,03,폐업,,,,2003-08-01 13:41:35,,1996-10-14,120-812,서울특별시 서대문구 북가좌동 ***-**,CDFG1251001996000017,3120000,,서울특별시 서대문구 증가로**길 **  (북가좌동),,03,폐업,,,,,,
,도서출판인터비젼,2000-12-07,193400.387025353,452474.608493187,출판인쇄업,출판사,2026-05-01 22:31:48,I,03,폐업,,0,0,2003-02-07 11:07:55,,1996-10-21,120-832,서울특별시 서대문구 연희동 ***-*,CDFG1251001996000018,3120000,,서울특별시 서대문구 홍제천로*길 **  (연희동),,03,폐업,,,,,0,0
,(주)거림문화사,1998-06-30,194050.260108495,452019.280746968,출판인쇄업,출판사,2026-05-01 22:31:48,I,03,폐업,,0,,2003-02-07 11:07:55,,1996-11-07,120-824,서울특별시 서대문구 연희동 **-* 성주빌딩***호,CDFG1251001996000020,3120000,,,,03,폐업,,,,,,
,에이콘출판주식회사,1998-05-28,194080.464145882,451962.863614225,출판인쇄업,출판사,2026-05-01 22:31:48,I,03,폐업,,0,,2003-02-07 11:07:55,,1996-11-11,120-829,서울특별시 서대문구 연희동 **-* 경향빌딩***호,CDFG1251001996000021,3120000,,"서울특별시 서대문구 연희로 ***  (연희동,경향빌딩***호)",,03,폐업,,,,,,
,죠이정인터내셔날,1998-06-30,194303.986604803,453906.508018186,출판인쇄업,출판사,2026-05-01 22:31:48,I,03,폐업,,0,,2003-02-07 11:07:55,,1996-11-20,120-861,서울특별시 서대문구 홍제동 ***-** *층,CDFG1251001996000022,3120000,,"서울특별시 서대문구 홍제내길 ***  (홍제동,*층)",,03,폐업,,,,,,
,(사)중앙경제연구원,2001-04-10,196801.661639204,451267.809661546,출판인쇄업,출판사,2026-05-01 22:31:48,I,03,폐업,,0,,2003-02-07 11:07:55,,1996-11-27,120-012,서울특별시 서대문구 충정로*가 ***-* 골든타워 ****호,CDFG1251001996000023,3120000,,"서울특별시 서대문구 충정로 **  (충정로*가,골든타워 ****호)",,03,폐업,,,,,,
,세연,2010-03-19,193346.890453616,452706.652550663,출판인쇄업,출판사,2026-05-01 22:31:48,I,03,폐업,,,,2010-09-30 16:05:52,,1996-12-02,120-807,서울특별시 서대문구 남가좌동 ***-** *층,CDFG1251001996000024,3120000,,"서울특별시 서대문구 증가로 ***  (남가좌동,*층)",,03,폐업,,,,,,
,도서출판대덕기획,2006-05-12,194195.961376078,451651.851253735,출판인쇄업,출판사,2026-05-01 22:31:48,I,03,폐업,,,,2011-12-06 18:21:06,,1996-12-10,120-823,서울특별시 서대문구 연희동 **-***,CDFG1251001996000025,3120000,,서울특별시 서대문구 연희로**길 **  (연희동),,03,폐업,,,,,,
,도서출판 지펙트,2009-01-02,192340.009181524,453158.684373013,출판인쇄업,출판사,2026-05-01 22:31:48,I,03,폐업,,,,2009-01-02 17:32:01,,1996-08-03,120-812,서울특별시 서대문구 북가좌동 ***-* ***호,CDFG1251001996000028,3120000,,"서울특별시 서대문구 증가로**가길 *,  ***호 (북가좌동)",,03,폐업,,,,02-372-4453,,
,하얀마을,2017-07-18,194635.371682777,450469.610782261,출판인쇄업,출판사,2026-05-01 22:31:48,I,03,폐업,,,,2017-07-18 16:12:08,,1996-03-07,120-833,서울특별시 서대문구 창천동 **-** 르메이에르 ***호,CDFG1251001996000029,3120000,,"서울특별시 서대문구 신촌로 ***, ***호 (창천동,르메이에르)",,03,폐업,,,,,,
,도서출판영타운,2000-09-08,195175.338023571,450754.681442688,출판인쇄업,출판사,2026-05-01 22:31:48,I,03,폐업,,,,2003-05-16 15:39:22,,1997-01-28,120-808,서울특별시 서대문구 대현동 **-** *층,CDFG1251001997000001,3120000,,"서울특별시 서대문구 이화여대길 **-*  (대현동,*층)",,03,폐업,,,,,,
,신흥미디어(주),2000-09-04,,,출판인쇄업,출판사,2026-05-01 22:31:48,I,03,폐업,,0,0,2003-02-07 11:07:55,,1997-01-31,120-826,서울특별시 서대문구 연희동 ***-* *층,CDFG1251001997000002,3120000,,,,03,폐업,,,,,0,0
,하늘빛,1998-12-05,194005.155662741,451865.85926568,출판인쇄업,출판사,2026-05-01 22:31:48,I,03,폐업,,0,,2003-02-07 11:07:55,,1997-02-05,120-829,서울특별시 서대문구 연희동 **-**,CDFG1251001997000003,3120000,,서울특별시 서대문구 연희로 ***  (연희동),,03,폐업,,,,,,
,(주)새날에이아이,2002-01-30,196801.661639204,451267.809661546,출판인쇄업,출판사,2026-05-01 22:31:48,I,03,폐업,,0,,2003-02-07 11:07:55,,1997-02-17,120-012,서울특별시 서대문구 충정로*가 ***,CDFG1251001997000005,3120000,,서울특별시 서대문구 충정로 **  (충정로*가),,03,폐업,,,,,,
,도서출판푸른역사,2000-10-30,196725.513190155,450940.04549552,출판인쇄업,출판사,2026-05-01 22:31:48,I,03,폐업,,0,0,2003-02-07 11:07:55,,1997-02-17,120-840,서울특별시 서대문구 충정로*가 ***-* 푸른숲 빌딩 *층,CDFG1251001997000006,3120000,,"서울특별시 서대문구 충정로 **  (충정로*가,푸른숲 빌딩 *층)",,03,폐업,,,,,0,0
,사이버소프트,1999-03-10,,,출판인쇄업,출판사,2026-05-01 22:31:48,I,03,폐업,,0,0,2003-02-07 11:07:55,,1997-02-26,120-819,서울특별시 서대문구 북아현동 ***-**,CDFG1251001997000008,3120000,,,,03,폐업,,,,,0,0
,도서출판 독수리사,2020-08-28,194961.338258802,451310.372799466,출판인쇄업,출판사,2026-05-01 22:31:48,I,03,폐업,,,,2020-08-28 14:16:38,,1997-02-28,120-160,서울특별시 서대문구 대신동 **-**,CDFG1251001997000009,3120000,,서울특별시 서대문구 연대동문길 **-* (대신동),,03,폐업,,,,,,
,(주)디자인네트,1998-12-24,194217.604052421,452369.700812381,출판인쇄업,출판사,2026-05-01 22:31:49,I,03,폐업,,0,,2003-02-07 11:07:55,,1997-03-13,120-827,서울특별시 서대문구 연희동 **-* 한영빌딩*층,CDFG1251001997000011,3120000,,"서울특별시 서대문구 연희로 ***  (연희동,한영빌딩*층)",,03,폐업,,,,,,
,라이드출판사,1998-06-30,193917.183420755,451506.662670039,출판인쇄업,출판사,2026-05-01 22:31:49,I,03,폐업,,0,,2003-02-07 11:07:55,,1997-03-17,120-830,서울특별시 서대문구 연희동 ***-*,CDFG1251001997000012,3120000,,서울특별시 서대문구 연희로**길 **  (연희동),,03,폐업,,,,,,
,노연미디어,2008-09-01,206670.816544196,460805.152066849,출판인쇄업,출판사,2026-05-01 22:30:52,I,03,폐업,,,,2008-09-01 16:43:57,,2008-07-02,139-860,서울특별시 노원구 중계동 ***-* 두타빌 B동 ***호,CDFG1251002008000025,3100000,,"서울특별시 노원구 한글비석로 ***, B동 ***호 (중계동,두타빌)",,03,폐업,,,,02-935-4282,,
,봄의꿈,2022-10-07,205588.636016926,459964.099651861,출판인쇄업,출판사,2026-05-01 22:30:52,I,03,폐업,,,,2022-10-11 09:29:19,,2008-08-12,139-863,서울특별시 노원구 중계동 *** 그린APT ***동 ***호,CDFG1251002008000027,3100000,,"서울특별시 노원구 동일로***길 **, ***동 ***호 (중계동,그린APT)",,03,폐업,,,,,,
,뉴시드출판,2012-09-25,204915.102223308,463385.690125183,출판인쇄업,출판사,2026-05-01 22:30:52,I,03,폐업,,,,2012-09-25 17:54:44,,2008-09-08,139-837,서울특별시 노원구 상계동 ****-**,CDFG1251002008000028,3100000,,서울특별시 노원구 동일로***길 **  (상계동),,03,폐업,,,,02-3391-7321,,
,산교육,2018-06-12,206394.941003263,457745.743766422,출판인쇄업,출판사,2026-05-01 22:30:52,I,03,폐업,,,,2019-01-17 18:01:39,,2008-09-22,139-807,서울특별시 노원구 공릉동 ***-**,CDFG1251002008000029,3100000,,서울특별시 노원구 동일로***길 ** (공릉동),,03,폐업,,,,,,
,학위스쿨,2009-02-02,204619.143523595,463887.942604325,출판인쇄업,출판사,2026-05-01 22:30:52,I,03,폐업,,,,2013-12-09 11:22:43,,2008-09-30,139-746,서울특별시 노원구 상계동 **** 두산아파트 ***동 ***호,CDFG1251002008000031,3100000,,"서울특별시 노원구 동일로***길 **, ***동 ***호 (상계동,두산아파트)",,03,폐업,,,,02-932-1040,,
,메르쿠리우스,2015-04-16,207131.576339305,462829.18165682,출판인쇄업,출판사,2026-05-01 22:30:52,I,03,폐업,,,,2015-04-16 13:03:10,,2008-09-30,139-900,서울특별시 노원구 상계동 **** 불암현대아파트 ***동 ****호,CDFG1251002008000032,3100000,,"서울특별시 노원구 덕릉로***길 **, ***동 ****호 (상계동, 불암현대아파트)",,03,폐업,,,,02-939-8039,,
,카피마스타,2011-11-07,206664.089750683,460682.866029213,출판인쇄업,출판사,2026-05-01 22:30:52,I,03,폐업,,,,2011-11-07 10:12:28,,2008-10-14,139-860,서울특별시 노원구 중계동 ***-** 새롬스타빌 ***호,CDFG1251002008000033,3100000,,"서울특별시 노원구 한글비석로 ***,  ***호 (중계동,새롬스타빌)",,03,폐업,,,,02-3391-3338,,
,시드빅아이출판,2009-02-05,204915.102223308,463385.690125183,출판인쇄업,출판사,2026-05-01 22:30:52,I,03,폐업,,,,2009-02-05 13:21:56,,2008-11-06,139-837,서울특별시 노원구 상계동 ****-**,CDFG1251002008000036,3100000,,서울특별시 노원구 동일로***길 **  (상계동),,03,폐업,,,,02-906-3311,,
,소설마을,2011-07-11,205210.744068864,463100.50946552,출판인쇄업,출판사,2026-05-01 22:30:52,I,03,폐업,,,,2011-07-11 15:43:59,,2008-11-14,139-764,서울특별시 노원구 상계동 *** 주공아파트 ****동 ****호,CDFG1251002008000037,3100000,,"서울특별시 노원구 수락산로 ***, ****동 ****호 (상계동,주공아파트)",,03,폐업,,,,070-7017-2898,,
,도서출판마이네,2011-03-07,205789.71844701,459389.694394683,출판인쇄업,출판사,2026-05-01 22:30:52,I,03,폐업,,,,2011-03-07 13:49:06,,2008-11-21,139-940,서울특별시 노원구 하계동 *** 우성아파트 ***동 ***호,CDFG1251002008000038,3100000,,"서울특별시 노원구 섬밭로 ***, ***동 ***호 (하계동,우성아파트)",,03,폐업,,,,,,
,식품기능소재연구회,2015-07-21,205048.697374235,461058.836528245,출판인쇄업,출판사,2026-05-01 22:30:52,I,03,폐업,,,,2015-09-25 10:44:09,,2009-01-08,139-200,서울특별시 노원구 상계동 *** 주공아파트 ***동 ***호,CDFG1251002009000002,3100000,,"서울특별시 노원구 동일로***길 **, ***동 ***호 (상계동,주공아파트)",,03,폐업,,,,02-930-2726,,
근린생활시설,도서출판주연,2022-03-04,205394.112077124,461283.511494133,출판인쇄업,출판사,2026-05-01 22:30:52,I,03,폐업,,44.84,,2022-03-04 17:09:30,,2009-01-15,139-832,서울특별시 노원구 상계동 ***-* 일신상가 ***호,CDFG1251002009000005,3100000,주거지역,"서울특별시 노원구 동일로***길 **, ***호 (상계동, 일신상가)",,03,폐업,기타,,,,,
,빛길,2014-07-01,207274.300313358,457909.125969428,출판인쇄업,출판사,2026-05-01 22:30:52,I,03,폐업,,,,2014-07-04 09:55:02,,2009-02-24,139-773,서울특별시 노원구 공릉동 ** 태강아파트 ****동 ***호,CDFG1251002009000009,3100000,,"서울특별시 노원구 공릉로**길 **, ****동 ***호 (공릉동, 태강아파트)",,03,폐업,,,,02-975-3388,,
,제나출판사,2024-06-18,207248.027982403,463013.675178711,출판인쇄업,출판사,2026-05-01 22:30:52,I,03,폐업,,,,2024-06-18 13:38:04,,2009-03-10,139-810,서울특별시 노원구 상계동 **-*** *동 ***호,CDFG1251002009000010,3100000,,"서울특별시 노원구 덕릉로***길 **-*, *동 ***호 (상계동)",,03,폐업,,,,,,
,도서출판 지선당,2017-12-21,205445.843883297,459604.311547098,출판인쇄업,출판사,2026-05-01 22:30:52,I,03,폐업,,,,2017-12-26 18:02:42,,2009-04-06,139-784,서울특별시 노원구 중계동 *** 상아아파트 **동 ****호,CDFG1251002009000011,3100000,,"서울특별시 노원구 섬밭로 ***, **동 ****호 (중계동, 상아아파트)",,03,폐업,,,,02-2273-0898,,
,도서출판 벽암,2020-11-04,207749.307579592,457640.840194694,출판인쇄업,출판사,2026-05-01 22:30:52,I,03,폐업,,,,2020-11-04 17:10:45,,2009-04-09,139-739,서울특별시 노원구 공릉동 *** 효성아파트 ***동 ***호,CDFG1251002009000012,3100000,,"서울특별시 노원구 화랑로 ***, ***동 ***호 (공릉동, 효성아파트)",,03,폐업,,,,,,
,도경교육출판,2009-10-26,205644.745034242,460919.697646834,출판인쇄업,출판사,2026-05-01 22:30:53,I,03,폐업,,,,2013-12-09 11:18:56,,2009-04-13,139-200,서울특별시 노원구 상계동 ***-* 상계주공*단지아파트 ***동 ****호,CDFG1251002009000014,3100000,,"서울특별시 노원구 동일로***길 **, ***동 ****호 (상계동,상계주공*단지아파트)",,03,폐업,,,,033-333-3840,,
,루스,2012-06-30,204855.657578987,462605.747175556,출판인쇄업,출판사,2026-05-01 22:30:53,I,03,폐업,,,,2013-12-09 11:20:00,,2009-05-08,139-761,서울특별시 노원구 상계동 *** 주공아파트 ****동 ***호,CDFG1251002009000017,3100000,,"서울특별시 노원구 동일로***길 **, ****동 ***호 (상계동, 주공아파트)",,03,폐업,,,,,,
,하나님이 심은 나무,2010-01-28,205695.601650554,460288.081364941,출판인쇄업,출판사,2026-05-01 22:30:53,I,03,폐업,,,,2010-01-28 18:01:46,,2009-05-14,139-786,서울특별시 노원구 중계동 *** 무지개아파트 ***동 ***호,CDFG1251002009000018,3100000,,"서울특별시 노원구 동일로***길 **, ***동 ***호 (중계동,무지개아파트)",,03,폐업,,,,02-974-1180,,
,roundabout,2021-05-10,207104.590296274,457691.825624387,출판인쇄업,출판사,2026-05-01 22:30:53,I,03,폐업,,,,2021-05-11 09:35:10,,2009-05-14,139-800,서울특별시 노원구 공릉동 ***-*** ***호,CDFG1251002009000019,3100000,,"서울특별시 노원구 노원로*마길 **,  ***호 (공릉동)",,03,폐업,,,,,,
,물고기출판사,2013-01-28,205063.756186181,462983.4627745,출판인쇄업,출판사,2026-05-01 22:30:53,I,03,폐업,,,,2013-12-07 17:04:17,,2009-06-30,139-819,서울특별시 노원구 상계동 *** 주공아파트 ****동 ***호,CDFG1251002009000021,3100000,,"서울특별시 노원구 동일로***길 **, ****동 ***호 (상계동,주공아파트)",,03,폐업,,,,,,
,계명서원,2007-09-11,197037.539093025,451333.743059982,출판인쇄업,출판사,2026-05-01 22:31:36,I,03,폐업,,,,2007-09-12 11:16:53,,1964-04-10,120-020,서울특별시 서대문구 미근동 *** 계명빌딩 *층,CDFG1251001964000001,3120000,,"서울특별시 서대문구 통일로 ***-*  (미근동,계명빌딩 *층)",,03,폐업,,,,,,
,시청각교육사,2005-10-05,196692.35093317,451010.745278843,출판인쇄업,출판사,2026-05-01 22:31:37,I,03,폐업,,,,2005-10-05 13:04:30,,1966-12-14,120-837,서울특별시 서대문구 충정로*가 **-*,CDFG1251001966000003,3120000,,,,03,폐업,,,,,,
,동신문화사,1998-06-15,196784.098790905,451393.46490053,출판인쇄업,출판사,2026-05-01 22:31:37,I,03,폐업,,0,,2003-02-07 11:07:55,,1968-10-07,120-012,서울특별시 서대문구 충정로*가 **-*,CDFG1251001968000001,3120000,,서울특별시 서대문구 경기대로 **  (충정로*가),,03,폐업,,,,,,
,동화춘추사,1998-06-30,197028.785113745,451351.962098736,출판인쇄업,출판사,2026-05-01 22:31:37,I,03,폐업,,0,,2003-02-07 11:07:55,,1974-03-18,120-020,서울특별시 서대문구 미근동 **-*,CDFG1251001974000002,3120000,,서울특별시 서대문구 통일로 ***-**  (미근동),,03,폐업,,,,,,
,동양서적,1999-04-16,,,출판인쇄업,출판사,2026-05-01 22:31:38,I,03,폐업,,0,0,2003-02-07 11:07:55,,1976-09-06,120-080,서울특별시 서대문구 현저동 **-*,CDFG1251001976000003,3120000,,,,03,폐업,,,,,0,0
,두풍미디어,2000-09-15,196184.160014617,450859.385447282,출판인쇄업,출판사,2026-05-01 22:31:38,I,03,폐업,,0,0,2003-02-07 11:07:55,,1977-05-30,120-819,서울특별시 서대문구 북아현동 ***-**,CDFG1251001977000001,3120000,,서울특별시 서대문구 북아현로*길 **  (북아현동),,03,폐업,,,,,0,0
,대한소방공론사,2001-08-18,,,출판인쇄업,출판사,2026-05-01 22:31:38,I,03,폐업,,,,2003-05-16 15:28:05,,1978-09-07,120-807,서울특별시 서대문구 남가좌동 ***-** *층,CDFG1251001978000003,3120000,,"서울특별시 서대문구 증가로**길 *  (남가좌동,*층)",,03,폐업,,,,,,
,한마당출판사,1999-06-09,,,출판인쇄업,출판사,2026-05-01 22:31:38,I,03,폐업,,0,0,2003-02-07 11:07:55,,1979-02-10,120-772,서울특별시 서대문구 홍은동 *-* 현대아파트 ***동 ***호,CDFG1251001979000002,3120000,,,,03,폐업,,,,,0,0
,도서출판 구미서관,1998-12-15,195504.279011691,454643.292915958,출판인쇄업,출판사,2026-05-01 22:31:39,I,03,폐업,,0,,2003-02-07 11:07:55,,1979-06-29,120-852,서울특별시 서대문구 홍제동 *-***,CDFG1251001979000005,3120000,,서울특별시 서대문구 세검정로*가길 *-*  (홍제동),,03,폐업,,,,,,
,혜진서관,1998-12-15,193886.522757102,450621.051997104,출판인쇄업,출판사,2026-05-01 22:31:39,I,03,폐업,,0,,2003-02-07 11:07:55,,1980-03-05,120-835,서울특별시 서대문구 창천동 ***-*,CDFG1251001980000004,3120000,,서울특별시 서대문구 신촌로*길 **  (창천동),,03,폐업,,,,,,
,언어문화사,2000-02-09,196783.201793815,451512.555148186,출판인쇄업,출판사,2026-05-01 22:31:39,I,03,폐업,,0,,2003-02-07 11:07:55,,1980-07-01,120-012,서울특별시 서대문구 충정로*가 **,CDFG1251001980000006,3120000,,서울특별시 서대문구 경기대로 **  (충정로*가),,03,폐업,,,,,,
,월간정토,1999-02-08,194917.348924087,454104.088948705,출판인쇄업,출판사,2026-05-01 22:31:40,I,03,폐업,,0,0,2003-02-07 11:07:55,,1987-12-01,120-859,서울특별시 서대문구 홍제동 ***-**,CDFG1251001987000003,3120000,,서울특별시 서대문구 통일로 ***  (홍제동),,03,폐업,,,,,0,0
,여명,1998-05-11,,,출판인쇄업,출판사,2026-05-01 22:31:40,I,03,폐업,,0,,2003-02-07 11:07:55,,1987-12-01,120-818,서울특별시 서대문구 북아현동 ***-**,CDFG1251001987000004,3120000,,,,03,폐업,,,,,,
,향학사,,197649.590918029,452230.504981804,출판인쇄업,출판사,2026-05-01 22:43:27,I,13,영업중,,0,,2010-03-25 14:30:13,,1957-01-11,110-071,서울특별시 종로구 당주동 *-*,CDFG1251001957000001,3000000,,서울특별시 종로구 새문안로*가길 *-**  (당주동),,01,영업/정상,,,,,,
,(재)한국생산성본부,,197583.394691008,452513.612017871,출판인쇄업,출판사,2026-05-01 22:43:27,I,13,영업중,,0,,2003-02-07 09:13:27,,1957-10-06,110-052,서울특별시 종로구 적선동 ***-*,CDFG1251001957000002,3000000,,서울특별시 종로구 새문안로*가길 **  (적선동),,01,영업/정상,,,,,,
,음악예술사,,196143.256118357,452619.54362936,출판인쇄업,출판사,2026-05-01 22:43:27,I,13,영업중,,,,2003-03-19 17:02:45,,1958-08-07,110-814,서울특별시 종로구 무악동 **-** *층,CDFG1251001958000001,3000000,,"서울특별시 종로구 통일로**길 *  (무악동,*층)",,01,영업/정상,,,,,,
,성결사,,196693.806335494,452389.953657761,출판인쇄업,출판사,2026-05-01 22:43:27,I,13,영업중,,0,,2003-02-07 09:13:27,,1961-01-06,110-091,서울특별시 종로구 행촌동 *-**,CDFG1251001961000001,3000000,,서울특별시 종로구 인왕산로*가길 **  (행촌동),,01,영업/정상,,,,,,
,영지문화사,,198120.637972874,452198.433879026,출판인쇄업,출판사,2026-05-01 22:43:27,I,13,영업중,,0,,2018-04-18 15:11:37,,1961-05-06,,서울특별시 종로구 청진동 ***-* 진학회관,CDFG1251001961000003,3000000,,"서울특별시 종로구 종로*길 **, 진학회관 ***호 (청진동)",03156,01,영업/정상,,,,02-732-3901,,
,소디자인,2017-12-29,205164.287941404,462643.124805593,출판인쇄업,출판사,2026-05-01 22:30:53,I,03,폐업,,,,2018-01-17 17:49:29,,2005-07-19,139-761,서울특별시 노원구 상계동 *** 주공아파트 ****동 ****호,CDFG1251002009000022,3100000,,"서울특별시 노원구 한글비석로 ***, ****동 ****호 (상계동,주공아파트)",,03,폐업,,,,02-720-7296,,
,도서출판청운사,2012-01-19,205365.743078699,461068.908455905,출판인쇄업,출판사,2026-05-01 22:30:53,I,03,폐업,,,,2012-01-19 17:40:16,,2009-08-28,139-832,서울특별시 노원구 상계동 ***-* 올림피아상가 *층 ***호,CDFG1251002009000028,3100000,,"서울특별시 노원구 동일로 ****  (상계동,올림피아상가 *층 ***호)",,03,폐업,,,,02-935-8999,,
,빅 트리(Big Tree),2009-12-30,207274.300313358,457909.125969428,출판인쇄업,출판사,2026-05-01 22:30:53,I,03,폐업,,,,2013-12-19 14:14:29,,2009-09-02,139-773,서울특별시 노원구 공릉동 ** 태강아파트 ****동 ***호,CDFG1251002009000029,3100000,,"서울특별시 노원구 공릉로**길 **, ****동 ***호 (공릉동, 태강아파트)",,03,폐업,,,,02-977-1768,,
,앤써북,2012-02-15,205074.452590433,461368.878495391,출판인쇄업,출판사,2026-05-01 22:30:53,I,03,폐업,,,,2013-12-19 14:15:06,,2009-09-15,139-942,서울특별시 노원구 상계동 *** 유성빌딩 ***호,CDFG1251002009000031,3100000,,"서울특별시 노원구 노해로**길 **-** (상계동,유성빌딩 ***호)",,03,폐업,,,,02-933-7727,,
,도서출판 파미르,2010-10-26,205660.986625043,462645.285471828,출판인쇄업,출판사,2026-05-01 22:30:53,I,03,폐업,,,,2013-12-09 11:21:11,,2005-05-31,139-768,서울특별시 노원구 상계동 *** 보람아파트 ***동 ****호,CDFG1251002009000033,3100000,,"서울특별시 노원구 한글비석로 ***, ***동 ****호 (상계동, 보람아파트)",,03,폐업,,,,,,
,주식회사 예성이북,2011-05-27,204325.989587591,458245.314994,출판인쇄업,출판사,2026-05-01 22:30:53,I,03,폐업,,,,2011-05-27 10:00:44,,2009-11-19,139-912,서울특별시 노원구 월계동 *** 롯데캐슬루나아파트 ***동 ***호,CDFG1251002009000040,3100000,,"서울특별시 노원구 월계로**길 **, ***동 ***호 (월계동,롯데캐슬루나아파트)",,03,폐업,,,,,,
,토마토 콘,2013-11-13,205753.432473845,461751.058974653,출판인쇄업,출판사,2026-05-01 22:30:53,I,03,폐업,,,,2013-11-13 17:10:27,,2009-11-26,139-816,서울특별시 노원구 상계동 ***-* 주양빌딩 ***호,CDFG1251002009000041,3100000,,"서울특별시 노원구 노원로 *** (상계동,주양빌딩 ***호)",,03,폐업,,,,02-573-2557,,
,CTM교육출판,2012-12-28,205920.87114808,459040.420031177,출판인쇄업,출판사,2026-05-01 22:30:53,I,03,폐업,,,,2012-12-28 16:56:30,,2009-12-30,139-873,서울특별시 노원구 하계동 *** *층상가 *동 ***호,CDFG1251002009000045,3100000,,,,03,폐업,,,,070-8848-0883,,
,슬기와 진,2010-03-09,205339.508691698,457247.570869701,출판인쇄업,출판사,2026-05-01 22:30:53,I,03,폐업,,,,2013-12-19 14:15:51,,2010-01-13,139-909,서울특별시 노원구 월계동 *** 동신아파트 *동 ***호,CDFG1251002010000002,3100000,,"서울특별시 노원구 광운로*나길 **, *동 ***호 (월계동,동신아파트)",,03,폐업,,,,02-911-6225,,
,리오바출판사,2011-09-21,206854.820985654,457858.312800901,출판인쇄업,출판사,2026-05-01 22:30:53,I,03,폐업,,,,2013-12-19 14:16:33,,2010-02-04,139-802,서울특별시 노원구 공릉동 ***-** ***호,CDFG1251002010000004,3100000,,"서울특별시 노원구 공릉로**길 **-* (공릉동,***호)",,03,폐업,,,,,,
,엔나인 주식회사,2012-02-02,206760.872045568,457359.441328986,출판인쇄업,출판사,2026-05-01 22:30:53,I,03,폐업,,,,2012-02-02 10:00:24,,2010-03-25,139-808,서울특별시 노원구 공릉동 ***-* 우성빌딩 ***호,CDFG1251002010000010,3100000,,"서울특별시 노원구 화랑로 ***  (공릉동,우성빌딩 ***호)",,03,폐업,,,,02-3296-3761,,
,위드매쓰,2015-03-27,205445.843883297,459604.311547098,출판인쇄업,출판사,2026-05-01 22:30:53,I,03,폐업,,,,2015-04-02 09:40:17,,2010-04-01,139-784,서울특별시 노원구 중계동 *** 상아아파트 **동 ***호,CDFG1251002010000011,3100000,,"서울특별시 노원구 섬밭로 ***, **동 ***호 (중계동, 상아아파트)",,03,폐업,,,,,,
,도서출판 레터북,2015-01-30,206651.699789929,461582.803734992,출판인쇄업,출판사,2026-05-01 22:30:53,I,03,폐업,,,,2015-01-30 14:28:29,,2010-04-16,139-793,서울특별시 노원구 중계동 *** 주공*단지아파트 ***동 ***호,CDFG1251002010000014,3100000,,"서울특별시 노원구 덕릉로 ***, ***동 ***호 (중계동, 주공*단지아파트)",,03,폐업,,,,02-952-7443,,
,(주)기준교육,2012-06-08,206722.570979588,460773.224171754,출판인쇄업,출판사,2026-05-01 22:30:53,I,03,폐업,,,,2013-12-09 13:07:27,,2010-04-23,139-861,서울특별시 노원구 중계동 ***-** 삼부프라자 ***호,CDFG1251002010000016,3100000,,"서울특별시 노원구 한글비석로 *** (중계동,삼부프라자 ***호)",,03,폐업,,,,02-935-1646,,
,케이원출판사,2012-08-31,206670.816544196,460805.152066849,출판인쇄업,출판사,2026-05-01 22:30:54,I,03,폐업,,,,2013-12-19 14:17:13,,2010-05-03,139-860,서울특별시 노원구 중계동 ***-* 두타빌 A동 ***호,CDFG1251002010000018,3100000,,"서울특별시 노원구 한글비석로 *** (중계동,두타빌 A동 ***호)",,03,폐업,,,,,,
,열린미래기획,2012-10-17,205896.117835369,461716.454810941,출판인쇄업,출판사,2026-05-01 22:30:54,I,03,폐업,,,,2012-10-17 15:00:20,,2010-05-20,139-816,서울특별시 노원구 상계동 ***-*,CDFG1251002010000021,3100000,,서울특별시 노원구 상계로 ***  (상계동),,03,폐업,,,,02-951-8244,,
,이코노미북스,2025-03-21,206108.554500257,458357.102555005,출판인쇄업,출판사,2026-05-01 22:30:54,I,03,폐업,,,,2025-03-21 15:53:30,,2010-07-05,139-801,서울특별시 노원구 공릉동 *** 신도*차아파트상가 ***호,CDFG1251002010000024,3100000,,"서울특별시 노원구 동일로***가길 **  (공릉동,신도*차아파트상가 ***호)",,03,폐업,,,,02-975-6687,,
,휴먼스라이프,2015-06-23,204585.410085358,463389.40284285,출판인쇄업,출판사,2026-05-01 22:30:54,I,03,폐업,,,,2015-06-23 10:21:30,,2010-07-26,139-893,서울특별시 노원구 상계동 **** 현대*차아파트 ***동 ***호,CDFG1251002010000027,3100000,,"서울특별시 노원구 동일로***길 **, ***동 ***호 (상계동, 현대*차아파트)",,03,폐업,,,,,,
,이코리안(e Korean)한국어교육문화,2013-12-30,206961.222055894,460527.904409859,출판인쇄업,출판사,2026-05-01 22:30:55,I,03,폐업,,,,2014-02-04 11:02:55,,2010-07-27,139-797,서울특별시 노원구 중계동 ***-* 주공*단지아파트,CDFG1251002010000029,3100000,,"서울특별시 노원구 한글비석로*길 ** (중계동,주공*단지아파트)",,03,폐업,,,,02-501-1715,,
,Her.co,2012-02-15,206630.714120071,461164.120761815,출판인쇄업,출판사,2026-05-01 22:30:55,I,03,폐업,,,,2012-02-15 17:44:42,,2010-08-09,139-781,서울특별시 노원구 중계동 ***-* 주공*단지아파트 ***동 ****호,CDFG1251002010000030,3100000,,"서울특별시 노원구 중계로 ***, ***동 ****호 (중계동,주공*단지아파트)",,03,폐업,,,,,,
,북마을,2013-09-30,205612.553970025,462267.880823868,출판인쇄업,출판사,2026-05-01 22:30:55,I,03,폐업,,,,2013-12-07 16:57:04,,2010-08-24,139-768,서울특별시 노원구 상계동 *** 보람아파트 ***동 ***호,CDFG1251002010000034,3100000,,"서울특별시 노원구 한글비석로 ***, ***동 ***호 (상계동, 보람아파트)",,03,폐업,,,,,,
,현대지도문화사,2000-09-01,193421.41986318,453094.67463175,출판인쇄업,출판사,2026-05-01 22:31:40,I,03,폐업,,0,0,2003-02-07 11:07:55,,1987-12-01,120-848,서울특별시 서대문구 홍은동 ***-**,CDFG1251001987000005,3120000,,서울특별시 서대문구 증가로**길 **-*  (홍은동),,03,폐업,,,,,0,0
,대관출판사,2018-12-19,194959.176442097,454143.408328815,출판인쇄업,출판사,2026-05-01 22:31:40,I,03,폐업,,,,2018-12-19 17:45:23,,1987-12-11,,서울특별시 서대문구 홍제동 ***-**,CDFG1251001987000007,3120000,,서울특별시 서대문구 통일로 ***-** (홍제동),03629,03,폐업,,,,,,
,도서출판또하나의문화,2000-04-26,194085.098130793,450708.179758048,출판인쇄업,출판사,2026-05-01 22:31:40,I,03,폐업,,0,0,2003-02-07 11:07:55,,1987-12-29,120-834,서울특별시 서대문구 창천동 **-** 우일빌딩*층,CDFG1251001987000008,3120000,,"서울특별시 서대문구 신촌로**길 **  (창천동,우일빌딩*층)",,03,폐업,,,,,0,0
,신성사,1999-02-08,,,출판인쇄업,출판사,2026-05-01 22:31:40,I,03,폐업,,0,,2003-02-07 11:07:55,,1988-02-04,120-819,서울특별시 서대문구 북아현동 ***-*,CDFG1251001988000006,3120000,,,,03,폐업,,,,,,
,성공문화사,1998-05-22,,,출판인쇄업,출판사,2026-05-01 22:31:40,I,03,폐업,,0,,2003-02-07 11:07:55,,1988-02-13,120-050,서울특별시 서대문구 냉천동 ***-*,CDFG1251001988000007,3120000,,,,03,폐업,,,,,,
,베드로서원,2000-12-29,195639.45993542,451388.704921312,출판인쇄업,출판사,2026-05-01 22:31:40,I,03,폐업,,0,,2003-02-07 11:07:55,,1988-06-03,120-866,서울특별시 서대문구 북아현동 *-****,CDFG1251001988000008,3120000,,서울특별시 서대문구 북아현로 ***  (북아현동),,03,폐업,,,,,,
,도서출판 클로바,2000-11-15,,,출판인쇄업,출판사,2026-05-01 22:31:41,I,03,폐업,,0,0,2003-02-07 11:07:55,,1988-07-23,120-030,서울특별시 서대문구 합동 **-*,CDFG1251001988000012,3120000,,,,03,폐업,,,,,0,0
,서민사,2009-03-02,194136.12761398,453197.604712125,출판인쇄업,출판사,2026-05-01 22:31:41,I,03,폐업,,,,2010-09-30 16:04:34,,1988-11-17,120-847,서울특별시 서대문구 홍은동 ***-**,CDFG1251001988000013,3120000,,서울특별시 서대문구 모래내로 ***-**  (홍은동),,03,폐업,,,,,,
,한국현대사편찬회,2000-03-29,196934.602353655,451330.791514213,출판인쇄업,출판사,2026-05-01 22:31:41,I,03,폐업,,0,0,2003-02-07 11:07:55,,1988-12-08,120-012,서울특별시 서대문구 충정로*가 ***-*,CDFG1251001988000014,3120000,,서울특별시 서대문구 통일로 ***-**  (충정로*가),,03,폐업,,,,,0,0
,도서출판 청솔출판사,2003-09-16,194033.03782295,450514.653917441,출판인쇄업,출판사,2026-05-01 22:31:41,I,03,폐업,,,,2003-09-16 14:08:18,,1988-05-30,120-834,서울특별시 서대문구 창천동 **-** *층,CDFG1251001988000016,3120000,,"서울특별시 서대문구 연세로*다길 **  (창천동,*층)",,03,폐업,,,,,,
,도서출판청우,1999-04-10,193644.641519248,451121.158433578,출판인쇄업,출판사,2026-05-01 22:31:41,I,03,폐업,,0,0,2003-02-07 11:07:55,,1989-03-13,120-830,서울특별시 서대문구 연희동 ***-***,CDFG1251001989000001,3120000,,서울특별시 서대문구 연희로 **-**  (연희동),,03,폐업,,,,,0,0
,연세,1998-06-30,,,출판인쇄업,출판사,2026-05-01 22:31:41,I,03,폐업,,0,,2003-02-07 11:07:55,,1989-10-04,120-012,서울특별시 서대문구 충정로*가 ***-**,CDFG1251001989000003,3120000,,,,03,폐업,,,,,,
,백진기획,2002-01-18,194152.077601875,452090.580533629,출판인쇄업,출판사,2026-05-01 22:31:41,I,03,폐업,,0,0,2003-02-07 11:07:55,,1990-02-14,120-829,서울특별시 서대문구 연희동 **-* 오진빌딩 ***호,CDFG1251001990000001,3120000,,"서울특별시 서대문구 연희로 ***  (연희동,오진빌딩 ***호)",,03,폐업,,,,,0,0
,대동문화사,2000-03-20,196897.960260953,451486.455768824,출판인쇄업,출판사,2026-05-01 22:31:41,I,03,폐업,,0,,2003-02-07 11:07:55,,1990-02-23,120-012,서울특별시 서대문구 충정로*가 **,CDFG1251001990000002,3120000,,서울특별시 서대문구 충정로**길 **  (충정로*가),,03,폐업,,,,,,
,개혁주의 신행협회(주),2000-10-19,196448.713013759,451164.668205346,출판인쇄업,출판사,2026-05-01 22:31:41,I,03,폐업,,0,0,2003-02-07 11:07:55,,1990-03-28,120-837,서울특별시 서대문구 충정로*가 *-** 충정교회 별관,CDFG1251001990000004,3120000,,"서울특별시 서대문구 경기대로*길 **  (충정로*가,충정교회 별관)",,03,폐업,,,,,0,0
,글샘사,1997-10-28,,,출판인쇄업,출판사,2026-05-01 22:31:41,I,03,폐업,,0,,2003-02-07 11:07:55,,1990-08-16,120-012,서울특별시 서대문구 충정로*가 ***-*,CDFG1251001990000007,3120000,,,,03,폐업,,,,,,
,도서출판 문예마당,1998-07-16,194914.495658636,454564.34581261,출판인쇄업,출판사,2026-05-01 22:31:41,I,03,폐업,,0,0,2003-02-07 11:07:55,,1990-08-20,120-100,서울특별시 서대문구 홍은동 ***-* 풍림상가 ***호,CDFG1251001990000008,3120000,,,,03,폐업,,,,,0,0
,복음서회,2015-12-01,196675.683336687,451209.347787516,출판인쇄업,출판사,2026-05-01 22:31:41,I,03,폐업,,,,2015-12-02 09:52:16,,1990-12-28,120-839,서울특별시 서대문구 충정로*가 ***-* 아세아연신구내서점,CDFG1251001990000012,3120000,,"서울특별시 서대문구 충정로*길 ** (충정로*가,아세아연신구내서점)",,03,폐업,,,,36646787,,
,서원당,2000-09-25,196567.532335528,451997.819618332,출판인쇄업,출판사,2026-05-01 22:31:42,I,03,폐업,,0,0,2003-02-07 11:07:55,,1991-04-04,120-070,서울특별시 서대문구 영천동 ***-*,CDFG1251001991000001,3120000,,서울특별시 서대문구 통일로 ***  (영천동),,03,폐업,,,,,0,0
,한국엠마오성경학교,2006-02-01,196638.220299014,451289.640170122,출판인쇄업,출판사,2026-05-01 22:31:42,I,03,폐업,,,,2006-02-01 16:05:40,,1991-06-05,120-012,서울특별시 서대문구 충정로*가 ***-**,CDFG1251001991000003,3120000,,서울특별시 서대문구 경기대로 **  (충정로*가),,03,폐업,,,,39358512,,
,도서출판(주)미래시대,2000-12-05,195334.504747132,450555.023793313,출판인쇄업,출판사,2026-05-01 22:31:42,I,03,폐업,,0,,2003-02-07 11:07:55,,1991-09-30,120-808,서울특별시 서대문구 대현동 **-** 중앙빌딩*층,CDFG1251001991000011,3120000,,"서울특별시 서대문구 신촌로 ***  (대현동,중앙빌딩*층)",,03,폐업,,,,,,
,이삭,2000-11-17,191825.258047418,453038.241368513,출판인쇄업,출판사,2026-05-01 22:31:43,I,03,폐업,,0,,2003-02-07 11:07:55,,1991-11-05,120-814,서울특별시 서대문구 북가좌동 ***-**,CDFG1251001991000013,3120000,,서울특별시 서대문구 거북골로**길 *-**  (북가좌동),,03,폐업,,,,,,
,도서출판 한국가족복지연구소,2000-08-31,196801.661639204,451267.809661546,출판인쇄업,출판사,2026-05-01 22:31:43,I,03,폐업,,0,0,2003-02-07 11:07:55,,1991-11-21,120-012,서울특별시 서대문구 충정로*가 ***-* 유원 ****호,CDFG1251001991000014,3120000,,"서울특별시 서대문구 충정로 **  (충정로*가,유원 ****호)",,03,폐업,,,,,0,0
,호석출판사,2000-01-29,195416.310843167,453481.518734336,출판인쇄업,출판사,2026-05-01 22:31:43,I,03,폐업,,0,,2003-02-07 11:07:55,,1992-02-27,120-853,서울특별시 서대문구 홍제동 **-*,CDFG1251001992000002,3120000,,서울특별시 서대문구 통일로**길 *  (홍제동),,03,폐업,,,,,,
,지식문화원,2000-11-10,,,출판인쇄업,출판사,2026-05-01 22:31:43,I,03,폐업,,0,0,2003-02-07 11:07:55,,1992-03-27,120-819,서울특별시 서대문구 북아현동 ***-*,CDFG1251001992000003,3120000,,,,03,폐업,,,,,0,0
,윤트랜스,2012-11-19,205227.342971697,462298.014627148,출판인쇄업,출판사,2026-05-01 22:30:55,I,03,폐업,,,,2013-12-19 14:17:59,,2010-08-31,139-757,서울특별시 노원구 상계동 *** 주공아파트 ***동 ***호,CDFG1251002010000035,3100000,,"서울특별시 노원구 노원로 ***, ***동 ***호 (상계동,주공아파트)",,03,폐업,,,,,,
,하하북스,2017-03-14,206311.616711385,461230.591608315,출판인쇄업,출판사,2026-05-01 22:30:55,I,03,폐업,,,,2017-04-05 10:47:47,,2010-09-09,139-923,서울특별시 노원구 중계동 *** 양지대림아파트 ***동 ***호,CDFG1251002010000036,3100000,,"서울특별시 노원구 덕릉로**길 **, ***동 ***호 (중계동,양지대림아파트)",,03,폐업,,,,62259121,,
,미라북스,2017-02-20,206058.826092175,462124.916167538,출판인쇄업,출판사,2026-05-01 22:30:55,I,03,폐업,,,,2017-02-20 13:13:12,,2010-09-24,139-815,서울특별시 노원구 상계동 ***-**,CDFG1251002010000038,3100000,,서울특별시 노원구 한글비석로**길 **-* (상계동),,03,폐업,,,,02-6013-4783,,
아파트,픽셀미디어,2010-11-10,205903.318572394,457661.669716763,출판인쇄업,출판사,2026-05-01 22:30:57,I,03,폐업,,33.28,,2010-11-11 14:23:55,,2010-10-20,139-771,서울특별시 노원구 월계동 ** 월계미성아파트 *동 ***호,CDFG1251002010000042,3100000,주거지역,"서울특별시 노원구 마들로 **, *동 ***호 (월계동,월계미성아파트)",,03,폐업,아파트지역,,,,,
근린생활시설,성경말씀사,2013-02-28,207849.086484736,457964.699655165,출판인쇄업,출판사,2026-05-01 22:30:57,I,03,폐업,,146.28,3,2013-12-07 17:01:41,,2010-10-29,139-800,서울특별시 노원구 공릉동 ***-* ***호,CDFG1251002010000045,3100000,근린상업지역,"서울특별시 노원구 화랑로**길 ** (공릉동,***호)",,03,폐업,주택가주변,,,02-972-7329,3,1
아파트,지성인,2012-05-15,204670.573678123,462933.316362013,출판인쇄업,출판사,2026-05-01 22:30:57,I,03,폐업,,,15,2013-12-19 14:18:36,,1998-01-30,139-766,서울특별시 노원구 상계동 *** 주공아파트 ****동 ***호,CDFG1251002010000049,3100000,전용주거지역,"서울특별시 노원구 동일로***길 **, ****동 ***호 (상계동, 주공아파트)",,03,폐업,아파트지역,,,,15,
근린생활시설,이.박 수능연구소,2014-05-09,206707.609900045,461041.99905811,출판인쇄업,출판사,2026-05-01 22:30:57,I,03,폐업,,,7,2014-05-09 16:24:38,,1998-01-30,139-860,서울특별시 노원구 중계동 ***-* 마들플라자 ***호,CDFG1251002010000050,3100000,,"서울특별시 노원구 한글비석로 ***, ***호 (중계동,마들플라자)",,03,폐업,,,,,7,
,위드피아,2022-09-20,205903.318572394,457661.669716763,출판인쇄업,출판사,2026-05-01 22:30:58,I,03,폐업,,,,2022-09-21 10:09:45,,2010-12-01,139-771,서울특별시 노원구 월계동 ** 월계미성아파트 *동 ***호,CDFG1251002010000053,3100000,,"서울특별시 노원구 마들로 **, *동 ***호 (월계동,월계미성아파트)",,03,폐업,,,,02-6221-0205,,
,주식회사 스리무비,2020-05-01,206981.454072644,458960.471391303,출판인쇄업,출판사,2026-05-01 22:30:58,I,03,폐업,,,,2020-05-01 17:04:19,,2010-12-24,139-743,서울특별시 노원구 공릉동 *** 서울테크노파크 ***호,CDFG1251002010000056,3100000,일반주거지역,"서울특별시 노원구 공릉로 ***,  ***호 (공릉동,서울테크노파크)",,03,폐업,,,,02-944-6777,,
아파트,도서출판 맑은생각,2012-07-03,206336.876214466,459376.612715257,출판인쇄업,출판사,2026-05-01 22:30:58,I,03,폐업,,,,2012-07-03 17:55:00,,2010-12-27,139-872,서울특별시 노원구 하계동 ***-* 코오롱마들마을 ***동 ***호,CDFG1251002010000057,3100000,일반주거지역,"서울특별시 노원구 공릉로**길 **, ***동 ***호 (하계동,코오롱마들마을)",,03,폐업,,,,02-957-4427,,
아파트,파충류 와 양서류,2014-02-27,206311.616711385,461230.591608315,출판인쇄업,출판사,2026-05-01 22:30:58,I,03,폐업,,,,2014-02-27 13:59:02,,2011-01-14,139-923,서울특별시 노원구 중계동 *** 양지대림아파트 ***동 ***호,CDFG1251002011000002,3100000,전용주거지역,"서울특별시 노원구 덕릉로**길 **, ***동 ***호 (중계동,양지대림아파트)",,03,폐업,,,,02-3392-7033,,
근린생활시설,모아시스템,2011-07-19,204525.676353655,463622.61622963,출판인쇄업,출판사,2026-05-01 22:30:58,I,03,폐업,,,4,2013-12-19 14:20:07,,2011-01-25,139-201,서울특별시 노원구 상계동 ****-** *층,CDFG1251002011000006,3100000,일반주거지역,"서울특별시 노원구 동일로***길 ** (상계동,*층)",,03,폐업,,,,02-931-1670,4,1
아파트,도서출판 화담,2011-12-19,205612.553970025,462267.880823868,출판인쇄업,출판사,2026-05-01 22:30:58,I,03,폐업,,,15,2011-12-19 13:36:00,,2011-04-19,139-768,서울특별시 노원구 상계동 *** 보람아파트 ***동 ****호,CDFG1251002011000015,3100000,일반주거지역,,,03,폐업,,,,,15,
아파트,원투출판,2025-10-14,205455.618698896,457358.731978332,출판인쇄업,출판사,2026-05-01 22:30:58,I,03,폐업,,,,2025-10-14 11:13:17,,2011-04-22,139-957,서울특별시 노원구 월계동 *** 현대아파트 ***동 ****호,CDFG1251002011000016,3100000,전용주거지역,"서울특별시 노원구 석계로 **, ***동 ****호 (월계동,현대아파트)",,03,폐업,,,,,,
,서울고시,2011-12-22,205612.553970025,462267.880823868,출판인쇄업,출판사,2026-05-01 22:30:59,I,03,폐업,,,,2011-12-22 13:28:12,,2004-05-13,139-768,서울특별시 노원구 상계동 *** 보람아파트 ***동 ***호,CDFG1251002011000021,3100000,,,,03,폐업,,,,02-999-0690,,
아파트,인사노무사례연구소,2012-06-30,206754.748236702,459458.044860707,출판인쇄업,출판사,2026-05-01 22:30:59,I,03,폐업,,,,2013-12-19 14:20:43,,2011-07-04,139-869,서울특별시 노원구 하계동 *** 우방아파트 ***동 ****호,CDFG1251002011000023,3100000,일반주거지역,"서울특별시 노원구 공릉로**길 ***, ***동 ****호 (하계동,우방아파트)",,03,폐업,,,,02-976-5509,,
아파트,리틀바이블리더스,2014-01-28,205210.744068864,463100.50946552,출판인쇄업,출판사,2026-05-01 22:30:59,I,03,폐업,,,15,2014-01-28 16:01:27,,2011-07-11,139-762,서울특별시 노원구 상계동 *** 주공아파트 ****동 ****호,CDFG1251002011000024,3100000,전용주거지역,"서울특별시 노원구 수락산로 ***, ****동 ****호 (상계동,주공아파트)",,03,폐업,아파트지역,,,070-7019-2898,15,
아파트,에코애드,2022-12-29,205764.01735032,460516.391783348,출판인쇄업,출판사,2026-05-01 22:30:59,I,03,폐업,,,15,2022-12-29 15:59:59,,2011-07-27,139-925,서울특별시 노원구 중계동 ***-* 건영아파트 ***동 ****호,CDFG1251002011000028,3100000,전용주거지역,"서울특별시 노원구 덕릉로 ***, ***동 ****호 (중계동, 건영아파트)",,03,폐업,,,,070-7788-2099,15,
아파트,늘해랑다진,2012-07-09,205705.336876035,458028.977530331,출판인쇄업,출판사,2026-05-01 22:30:59,I,03,폐업,,,,2012-07-09 16:43:35,,2011-09-06,139-771,서울특별시 노원구 월계동 ** 월계삼호아파트 **동 ***호,CDFG1251002011000032,3100000,전용주거지역,,,03,폐업,,,,02-974-6338,,
근린생활시설,텐북,2013-12-03,206642.061593746,457540.377154625,출판인쇄업,출판사,2026-05-01 22:30:59,I,03,폐업,,,,2013-12-03 15:21:07,,2011-10-17,139-241,서울특별시 노원구 공릉동 ***-** (*층),CDFG1251002011000035,3100000,,"서울특별시 노원구 동일로***길 ** (공릉동,(*층))",,03,폐업,,,,,,
,아태정보,1999-07-13,196884.166631688,451568.612782385,출판인쇄업,출판사,2026-05-01 22:31:49,I,03,폐업,,0,0,2003-02-07 11:07:55,,1997-03-17,120-012,서울특별시 서대문구 충정로*가 *-*,CDFG1251001997000013,3120000,,서울특별시 서대문구 통일로 ***  (충정로*가),,03,폐업,,,,,0,0
,베어맵,2003-03-11,193709.302873002,451773.525959433,출판인쇄업,출판사,2026-05-01 22:31:49,I,03,폐업,,,,2003-05-16 15:42:49,,1997-03-17,120-825,서울특별시 서대문구 연희동 ***-**,CDFG1251001997000014,3120000,,서울특별시 서대문구 연희로**라길 *  (연희동),,03,폐업,,,,,,
,독도,2001-05-24,195175.338023571,450754.681442688,출판인쇄업,출판사,2026-05-01 22:31:49,I,03,폐업,,0,,2003-02-07 11:07:55,,1997-04-17,120-808,서울특별시 서대문구 대현동 **-** *층,CDFG1251001997000015,3120000,,"서울특별시 서대문구 이화여대길 **-*  (대현동,*층)",,03,폐업,,,,,,
,도서출판삼우,1998-06-30,194239.892705809,452232.942783244,출판인쇄업,출판사,2026-05-01 22:31:49,I,03,폐업,,0,,2003-02-07 11:07:55,,1997-04-17,120-829,서울특별시 서대문구 연희동 **-**,CDFG1251001997000016,3120000,,서울특별시 서대문구 연희로 ***  (연희동),,03,폐업,,,,,,
,현대인포메이션,1998-06-30,192468.541830304,452038.560916289,출판인쇄업,출판사,2026-05-01 22:31:49,I,03,폐업,,0,,2003-02-07 11:07:55,,1997-04-25,120-802,서울특별시 서대문구 남가좌동 ***-**,CDFG1251001997000017,3120000,,서울특별시 서대문구 수색로*길 **  (남가좌동),,03,폐업,,,,,,
,중앙앰앤비(주),1999-05-08,197170.642282034,451119.163599146,출판인쇄업,출판사,2026-05-01 22:31:49,I,03,폐업,,0,0,2003-02-07 11:07:55,,1997-04-28,120-705,서울특별시 서대문구 미근동 ***-* 임광빌딩 *동,CDFG1251001997000018,3120000,,"서울특별시 서대문구 통일로 **, *동 (미근동,임광빌딩)",,03,폐업,,,,,0,0
,도서출판 시심,1998-02-27,196861.226817567,451478.000531622,출판인쇄업,출판사,2026-05-01 22:31:49,I,03,폐업,,0,,2003-02-07 11:07:55,,1997-04-30,120-012,서울특별시 서대문구 충정로*가 **,CDFG1251001997000019,3120000,,서울특별시 서대문구 충정로**길 **  (충정로*가),,03,폐업,,,,,,
,도서출판 목회상담,2006-06-14,196787.444562429,451541.539590296,출판인쇄업,출판사,2026-05-01 22:31:49,I,03,폐업,,,,2006-06-14 13:39:35,,1997-05-12,120-012,서울특별시 서대문구 충정로*가 **-**,CDFG1251001997000020,3120000,,서울특별시 서대문구 경기대로 **  (충정로*가),,03,폐업,,,,,,
,새봄출판사,1998-06-30,196189.052074024,450648.805509973,출판인쇄업,출판사,2026-05-01 22:31:49,I,03,폐업,,0,,2003-02-07 11:07:55,,1997-05-30,120-820,서울특별시 서대문구 북아현동 ***,CDFG1251001997000022,3120000,,서울특별시 서대문구 신촌로**길 **  (북아현동),,03,폐업,,,,,,
,도서출판민화,1998-06-30,194977.193514793,450691.280544453,출판인쇄업,출판사,2026-05-01 22:31:49,I,03,폐업,,0,,2003-02-07 11:07:55,,1997-06-24,120-808,서울특별시 서대문구 대현동 **-** *층,CDFG1251001997000023,3120000,,"서울특별시 서대문구 이화여대*길 **-*  (대현동,*층)",,03,폐업,,,,,,
,삼천,2000-03-15,191540.260492627,452637.303000311,출판인쇄업,출판사,2026-05-01 22:31:49,I,03,폐업,,0,0,2003-02-07 11:07:55,,1997-06-27,120-816,서울특별시 서대문구 북가좌동 ***-*,CDFG1251001997000024,3120000,,서울특별시 서대문구 수색로**길 **  (북가좌동),,03,폐업,,,,,0,0
,아티전,2000-09-05,193849.500623331,451997.919158506,출판인쇄업,출판사,2026-05-01 22:31:49,I,03,폐업,,0,0,2003-02-07 11:07:55,,1997-08-04,120-824,서울특별시 서대문구 연희동 **-**,CDFG1251001997000026,3120000,,서울특별시 서대문구 증가로 **  (연희동),,03,폐업,,,,,0,0
,신화포토정보,1998-06-30,197073.021981074,451336.27707417,출판인쇄업,출판사,2026-05-01 22:31:49,I,03,폐업,,0,,2003-02-07 11:07:55,,1997-08-14,120-020,서울특별시 서대문구 미근동 ***,CDFG1251001997000028,3120000,,서울특별시 서대문구 통일로 ***  (미근동),,03,폐업,,,,,,
,도서출판바둑서당,1998-05-22,193644.641519248,451121.158433578,출판인쇄업,출판사,2026-05-01 22:31:49,I,03,폐업,,0,,2003-02-07 11:07:55,,1997-09-01,120-830,서울특별시 서대문구 연희동 ***-***,CDFG1251001997000031,3120000,,서울특별시 서대문구 연희로 **-**  (연희동),,03,폐업,,,,,,
,두바키,1998-06-30,194005.892033707,451377.705619324,출판인쇄업,출판사,2026-05-01 22:31:49,I,03,폐업,,0,,2003-02-07 11:07:55,,1997-09-09,120-830,서울특별시 서대문구 연희동 ***-*,CDFG1251001997000032,3120000,,서울특별시 서대문구 연희로**길 **-*  (연희동),,03,폐업,,,,,,
,아카데미아리서치,2005-02-14,196418.230809333,451362.911848301,출판인쇄업,출판사,2026-05-01 22:31:49,I,03,폐업,,,,2005-02-14 14:25:02,,1997-10-16,120-837,서울특별시 서대문구 충정로*가 *-*** *층,CDFG1251001997000033,3120000,,,,03,폐업,,,,,,
,도서출판나드,1998-03-16,192403.762834498,453277.273571719,출판인쇄업,출판사,2026-05-01 22:31:49,I,03,폐업,,0,,2003-02-07 11:07:55,,1997-10-27,120-812,서울특별시 서대문구 북가좌동 ***-**,CDFG1251001997000034,3120000,,서울특별시 서대문구 증가로**길 *  (북가좌동),,03,폐업,,,,,,
,미콤시스템,2002-01-28,197073.021981074,451336.27707417,출판인쇄업,출판사,2026-05-01 22:31:49,I,03,폐업,,,,2003-07-29 16:33:25,,1997-12-22,120-020,서울특별시 서대문구 미근동 ***-* 무궁화빌딩***호,CDFG1251001997000036,3120000,,"서울특별시 서대문구 통일로 ***  (미근동,무궁화빌딩***호)",,03,폐업,,,,,,
,문중,2004-07-06,196826.253561245,451643.747601234,출판인쇄업,출판사,2026-05-01 22:31:49,I,03,폐업,,,,2004-07-06 14:48:47,,1997-04-16,120-050,서울특별시 서대문구 냉천동 *** ***호,CDFG1251001997000042,3120000,,"서울특별시 서대문구 통일로 ***-*,  ***호 (냉천동)",,03,폐업,,,,,,
,한국연감사,2012-08-23,193657.319254827,450793.132634336,출판인쇄업,출판사,2026-05-01 22:31:49,I,03,폐업,,,,2013-01-09 17:57:11,,1997-04-16,120-836,서울특별시 서대문구 창천동 ***-* 레디앙아파트 ***호,CDFG1251001997000045,3120000,,"서울특별시 서대문구 신촌로*길 **,  ***호 (창천동,레디앙아파트)",,03,폐업,,,,02-325-0288,,
,도서출판 경학사,2004-06-09,194303.986604803,453906.508018186,출판인쇄업,출판사,2026-05-01 22:31:49,I,03,폐업,,,,2004-06-09 15:58:35,,1998-01-08,120-861,서울특별시 서대문구 홍제동 ***-**,CDFG1251001998000001,3120000,,서울특별시 서대문구 홍제내길 ***  (홍제동),,03,폐업,,,,32165794,,
,조이스버드,1999-02-08,193155.98093023,451603.731969565,출판인쇄업,출판사,2026-05-01 22:31:49,I,03,폐업,,0,,2003-02-07 11:07:55,,1998-01-16,120-831,서울특별시 서대문구 연희동 ***-*** 연희오피스텔***,CDFG1251001998000003,3120000,,"서울특별시 서대문구 성산로 ***-**  (연희동,연희오피스텔***)",,03,폐업,,,,,,
,매가북스,1998-09-21,196884.166631688,451568.612782385,출판인쇄업,출판사,2026-05-01 22:31:49,I,03,폐업,,0,0,2003-02-07 11:07:55,,1998-02-14,120-012,서울특별시 서대문구 충정로*가 *-*,CDFG1251001998000004,3120000,,서울특별시 서대문구 통일로 ***  (충정로*가),,03,폐업,,,,,0,0
,도서출판 소명,1998-09-04,,,출판인쇄업,출판사,2026-05-01 22:31:49,I,03,폐업,,0,0,2003-02-07 11:07:55,,1998-02-17,120-841,서울특별시 서대문구 홍은동 *-***,CDFG1251001998000005,3120000,,서울특별시 서대문구 홍은중앙로 **  (홍은동),,03,폐업,,,,,0,0
,우석출판사,,,,출판인쇄업,출판사,2026-05-01 22:43:28,I,13,영업중,,0,0,2003-02-07 09:13:27,,1961-12-04,110-102,서울특별시 종로구 평동 **-*,CDFG1251001961000005,3000000,,서울특별시 종로구 경교장길 **-*  (평동),,01,영업/정상,,,,,0,0
,생명의말씀사,,197417.58638207,452087.649670363,출판인쇄업,출판사,2026-05-01 22:43:28,I,13,영업중,,,,2021-02-24 14:53:09,,1962-01-10,,서울특별시 종로구 신문로*가 *-***,CDFG1251001962000001,3000000,,서울특별시 종로구 경희궁*길 * (신문로*가),03176,01,영업/정상,,,,,,
,문운당,,199853.881978819,453854.168729247,출판인쇄업,출판사,2026-05-01 22:43:28,I,13,영업중,,0,,2003-02-07 09:13:27,,1962-07-04,110-521,서울특별시 종로구 명륜*가 **-*,CDFG1251001962000002,3000000,,서울특별시 종로구 혜화로*길 **  (명륜*가),,01,영업/정상,,,,,,
,(주)한림출판사,,198697.706712628,451897.834324531,출판인쇄업,출판사,2026-05-01 22:43:28,I,13,영업중,,,,2012-11-12 17:42:51,,1963-01-18,110-111,서울특별시 종로구 관철동 **-**,CDFG1251001963000001,3000000,,서울특별시 종로구 종로**길 ** (관철동),,01,영업/정상,,,,,,
,평화출판사,,198204.997480672,453231.694247751,출판인쇄업,출판사,2026-05-01 22:43:28,I,13,영업중,,,,2013-05-22 16:20:38,,1963-02-16,110-220,서울특별시 종로구 팔판동 ***,CDFG1251001963000002,3000000,,서울특별시 종로구 삼청로 ** (팔판동),,01,영업/정상,,,,02-720-5990,,
근린생활시설,도서출판 글나루,2015-02-25,205052.517090037,457650.107321697,출판인쇄업,출판사,2026-05-01 22:30:59,I,03,폐업,,,,2015-02-25 14:15:48,,2011-11-02,139-845,서울특별시 노원구 월계동 ***-* 마이바움 ***호,CDFG1251002011000039,3100000,,서울특별시 노원구 광운로*길 **-* (월계동),,03,폐업,,,,02-919-7973,,
근린생활시설,사회투자지원재단,2021-01-29,206045.938128085,461801.458836063,출판인쇄업,출판사,2026-05-01 22:30:59,I,03,폐업,,,,2021-01-29 16:17:27,,2011-11-10,139-815,서울특별시 노원구 상계동 ***-*** 덕원빌딩(*층),CDFG1251002011000040,3100000,,"서울특별시 노원구 상계로**길 ***-***, *층 (상계동)",,03,폐업,,,,,,
,이야기세상,2017-12-12,205601.066015629,459233.675551946,출판인쇄업,출판사,2026-05-01 22:30:59,I,03,폐업,,,,2017-12-26 18:03:26,,2011-11-24,139-939,서울특별시 노원구 하계동 ***-* 건영아파트 *동 ****호,CDFG1251002011000047,3100000,,"서울특별시 노원구 섬밭로 ***, *동 ****호 (하계동, 건영아파트)",,03,폐업,,,,070-8225-4200,,
아파트,팝콘미디어주식회사,2013-02-15,206272.075043171,457893.814951571,출판인쇄업,출판사,2026-05-01 22:30:59,I,03,폐업,,,,2013-02-15 10:25:59,,2011-12-19,139-806,서울특별시 노원구 공릉동 ***-* 서진프라자아)상가동 ***호,CDFG1251002011000049,3100000,일반주거지역,"서울특별시 노원구 동일로***길 ***-***, ***호 (공릉동, 서진프라자아파트상가동)",,03,폐업,,,,02-766-3114,,
아파트,eAppBook,2013-12-27,205601.066015629,459233.675551946,출판인쇄업,출판사,2026-05-01 22:30:59,I,03,폐업,,74.58,,2013-12-27 13:26:17,,2012-01-03,139-939,서울특별시 노원구 하계동 ***-* 건영아파트 *동 ****호,CDFG1251002012000001,3100000,전용주거지역,"서울특별시 노원구 섬밭로 ***, *동 ****호 (하계동, 건영아파트)",,03,폐업,아파트지역,,,02-975-0823,,
아파트,비하인드,2015-06-26,205984.15211292,457275.799282625,출판인쇄업,출판사,2026-05-01 22:30:59,I,03,폐업,,,,2015-06-26 10:46:03,,2012-01-06,139-956,서울특별시 노원구 월계동 ** 그랑빌아파트 ***동 ****호,CDFG1251002012000003,3100000,전용주거지역,"서울특별시 노원구 마들로 **, ***동 ****호 (월계동, 그랑빌아파트)",,03,폐업,,,,070-7551-5031,,
아파트,쟈스민향,2013-10-21,204360.413814457,458825.046661547,출판인쇄업,출판사,2026-05-01 22:30:59,I,03,폐업,,,,2013-10-21 13:28:13,,2012-01-06,139-913,서울특별시 노원구 월계동 *** 청백아파트 ***동 ****호,CDFG1251002012000004,3100000,전용주거지역,"서울특별시 노원구 월계로**가길 **, ***동 ****호 (월계동)",,03,폐업,,,,,,
아파트,도서출판 내담,2014-01-29,205594.208174845,458243.34141624,출판인쇄업,출판사,2026-05-01 22:31:00,I,03,폐업,,,,2014-02-10 10:04:07,,2012-03-22,139-771,서울특별시 노원구 월계동 ** 삼호아파트 **동 ****호,CDFG1251002012000012,3100000,전용주거지역,"서울특별시 노원구 마들로 ***, **동 ****호 (월계동, 삼호아파트)",,03,폐업,,,,,,
,도서출판 월계,2017-01-20,205796.707159981,457209.345176098,출판인쇄업,출판사,2026-05-01 22:31:00,I,03,폐업,,,,2017-01-22 16:38:50,,2012-03-27,139-849,서울특별시 노원구 월계동 *** 건양노블레스아파트 ***동 ****호,CDFG1251002012000013,3100000,,"서울특별시 노원구 화랑로**길 **-**, ***동 ****호 (월계동, 건양노블레스아파트)",,03,폐업,,,,,,
아파트,그리니 프린텍,2016-02-02,204846.017230075,462293.140879558,출판인쇄업,출판사,2026-05-01 22:31:00,I,03,폐업,,,15,2016-05-01 12:36:29,,2012-04-02,139-760,서울특별시 노원구 상계동 *** 주공아파트 ****동 ***호,CDFG1251002012000014,3100000,전용주거지역,서울특별시 노원구 노원로 *** (상계동),,03,폐업,아파트지역,,,02-936-3647,15,
아파트,뿌리출판디자인,2015-03-16,206234.712111764,458186.32399261,출판인쇄업,출판사,2026-05-01 22:31:00,I,03,폐업,,378.9,2,2015-03-16 13:45:12,,2012-05-24,139-801,서울특별시 노원구 공릉동 ***-** 삼익빌딩 ***호,CDFG1251002012000021,3100000,주거지역,"서울특별시 노원구 동일로***가길 **, ***호 (공릉동)",,03,폐업,주택가주변,,,02-741-6411,7,
아파트,도서출판 디자인그리다,2022-03-30,205601.066015629,459233.675551946,출판인쇄업,출판사,2026-05-01 22:31:00,I,03,폐업,,65.43,11,2022-04-01 14:10:51,,2012-05-24,139-939,서울특별시 노원구 하계동 ***-* 건영아파트 *동 ****호,CDFG1251002012000022,3100000,주거지역,"서울특별시 노원구 섬밭로 ***, *동 ****호 (하계동, 건영아파트)",,03,폐업,아파트지역,,,02-3473-1774,15,
근린생활시설,주식회사 논노그룹,2012-11-23,206558.80326837,458263.92903533,출판인쇄업,출판사,2026-05-01 22:31:00,I,03,폐업,,166.32,3,2012-11-23 17:51:34,,2012-06-02,139-801,서울특별시 노원구 공릉동 ***-* *층,CDFG1251002012000024,3100000,주거지역,"서울특별시 노원구 동일로***길 **, *층 (공릉동)",,03,폐업,주택가주변,,,070-4610-7481,4,
아파트,도서출판 우일신,2016-06-17,204589.830805772,458420.680573706,출판인쇄업,출판사,2026-05-01 22:31:01,I,03,폐업,,26.37,15,2016-06-17 16:43:31,,2012-07-03,139-770,서울특별시 노원구 월계동 *** 월계*단지주공아파트 ***동 ****호,CDFG1251002012000028,3100000,주거지역,"서울특별시 노원구 초안산로*길 **, ***동 ****호 (월계동, 월계*단지주공아파트)",,03,폐업,아파트지역,,,,15,
아파트,ASDF,2014-08-19,204670.573678123,462933.316362013,출판인쇄업,출판사,2026-05-01 22:31:01,I,03,폐업,,,4,2014-08-19 18:07:46,,2012-05-15,139-765,서울특별시 노원구 상계동 *** 주공아파트 ****동 ***호,CDFG1251002012000029,3100000,주거지역,"서울특별시 노원구 동일로***길 **, ****동 ***호 (상계동, 주공아파트)",,03,폐업,아파트지역,,,,15,
아파트,참나마을,2021-10-22,206367.374707086,461535.726023902,출판인쇄업,출판사,2026-05-01 22:31:01,I,03,폐업,,131.25,18,2021-10-25 09:59:05,,2012-07-27,139-927,서울특별시 노원구 중계동 *** 염광아파트 ***동 ****호,CDFG1251002012000032,3100000,주거지역,"서울특별시 노원구 덕릉로**길 **, ***동 ****호 (중계동, 염광아파트)",,03,폐업,아파트지역,,,02-933-7328,19,
아파트,도서출판 H,2012-11-01,206357.874306883,460497.708830729,출판인쇄업,출판사,2026-05-01 22:31:02,I,03,폐업,,115.26,7,2012-11-01 17:04:40,,2012-08-29,139-918,서울특별시 노원구 중계동 ***-* 롯데아파트 ***동 ***호,CDFG1251002012000036,3100000,주거지역,"서울특별시 노원구 노원로**길 **, ***동 ***호 (중계동, 롯데아파트)",,03,폐업,아파트지역,,,,14,
아파트,곰세마리,2016-09-22,206961.222055894,460527.904409859,출판인쇄업,출판사,2026-05-01 22:31:04,I,03,폐업,,44.1,15,2016-09-22 16:45:27,,2012-10-10,139-797,서울특별시 노원구 중계동 ***-* 주공아파트 ***동 ***호,CDFG1251002012000042,3100000,주거지역,"서울특별시 노원구 한글비석로*길 **, ***동 ***호 (중계동, 주공아파트)",,03,폐업,아파트지역,,,,15,
아파트,Shin & Kang Venture(신&강 벤처),2013-12-09,205094.697210104,460821.487931542,출판인쇄업,출판사,2026-05-01 22:31:04,I,03,폐업,,59.28,15,2013-12-09 15:59:52,,2012-10-19,139-752,서울특별시 노원구 상계동 *** 주공아파트 ***동 ****호,CDFG1251002012000044,3100000,주거지역,"서울특별시 노원구 동일로***길 **, ***동 ****호 (상계동, 주공아파트)",,03,폐업,아파트지역,,,,15,
,과학사,,197487.622049589,452071.534763593,출판인쇄업,출판사,2026-05-01 22:43:28,I,13,영업중,,0,,2003-02-07 09:13:27,,1963-02-28,110-061,서울특별시 종로구 신문로*가 **-**,CDFG1251001963000003,3000000,,서울특별시 종로구 새문안로*길 *  (신문로*가),,01,영업/정상,,,,,,
근린생활시설,KNP 에듀,2012-12-13,206794.605949564,460976.265208065,출판인쇄업,출판사,2026-05-01 22:31:04,I,03,폐업,,322.49,3,2012-12-13 14:46:19,,2012-11-14,139-220,서울특별시 노원구 중계동 ***-** 에덴프라자 ***호,CDFG1251002012000047,3100000,준주거지역,"서울특별시 노원구 중계로**길 *, ***호 (중계동)",,03,폐업,기타,,,,5,
아파트,황금우물,2015-06-03,204585.410085358,463389.40284285,출판인쇄업,출판사,2026-05-01 22:31:04,I,03,폐업,,83.92,,2015-06-03 15:53:32,,2012-11-22,139-893,서울특별시 노원구 상계동 **** 상계*차현대아파트 ***동 ****호,CDFG1251002012000049,3100000,주거지역,"서울특별시 노원구 동일로***길 **, ***동 ****호 (상계동)",,03,폐업,아파트지역,,,,,
아파트,도서출판 JOSHUA,2014-05-16,205271.835499457,458634.370362121,출판인쇄업,출판사,2026-05-01 22:31:04,I,03,폐업,,30.42,5,2014-05-16 10:39:23,,2012-12-10,139-775,서울특별시 노원구 월계동 *** 사슴아파트 ***동 ***호,CDFG1251002012000052,3100000,주거지역,"서울특별시 노원구 월계로 ***, ***동 ***호 (월계동, 사슴아파트)",,03,폐업,아파트지역,,,,,
,국풍2000,2015-07-06,206794.605949564,460976.265208065,출판인쇄업,출판사,2026-05-01 22:31:04,I,03,폐업,,,,2015-07-06 09:26:34,,2012-12-13,139-861,서울특별시 노원구 중계동 ***-** 에덴프라자 ***호,CDFG1251002012000053,3100000,,"서울특별시 노원구 중계로**길 *, *층 ***호 (중계동, 에덴프라자)",,03,폐업,,,,,,
단독주택,마마미소,2018-04-27,205094.697210104,460821.487931542,출판인쇄업,출판사,2026-05-01 22:31:06,I,03,폐업,,,,2018-04-27 16:47:12,,2011-09-26,139-752,서울특별시 노원구 상계동 *** 상계주공아파트 ***동 ***호,CDFG1251002013000007,3100000,,"서울특별시 노원구 동일로***길 **, ***동 ***호 (상계동, 상계주공아파트)",,03,폐업,,,,,,
,공시천하,2017-12-29,205660.986625043,462645.285471828,출판인쇄업,출판사,2026-05-01 22:31:06,I,03,폐업,,,,2018-01-18 16:28:10,,2013-02-21,139-768,서울특별시 노원구 상계동 *** 보람아파트 ***동 ****호,CDFG1251002013000008,3100000,,"서울특별시 노원구 한글비석로 ***, ***동 ****호 (상계동, 보람아파트)",,03,폐업,,,,,,
,푸른소나무,2014-10-17,206884.263514008,461679.874423985,출판인쇄업,출판사,2026-05-01 22:31:06,I,03,폐업,,,,2014-10-17 18:12:13,,2013-02-27,139-859,서울특별시 노원구 중계동 *** 주공아파트 ***동 ***호,CDFG1251002013000011,3100000,,"서울특별시 노원구 한글비석로**길 *, ***동 ***호 (중계동, 주공아파트)",,03,폐업,,,,,,
,나무와 약초,2014-01-24,206107.811646635,462049.958009649,출판인쇄업,출판사,2026-05-01 22:31:06,I,03,폐업,,,,2014-01-24 10:23:20,,2013-03-18,139-815,서울특별시 노원구 상계동 ***-*** *층,CDFG1251002013000014,3100000,,"서울특별시 노원구 한글비석로**길 **-*, *층 (상계동)",,03,폐업,,,,,,
,조제,2015-06-26,205164.287941404,462643.124805593,출판인쇄업,출판사,2026-05-01 22:31:06,I,03,폐업,,,,2015-06-26 16:12:14,,2005-06-27,139-760,서울특별시 노원구 상계동 *** 상계주공아파트 ****동 ****호,CDFG1251002013000015,3100000,,"서울특별시 노원구 한글비석로 ***, ****동 ****호 (상계동, 상계주공아파트)",,03,폐업,,,,070-8670-4486,,
아파트,심슨그래픽,2013-04-30,205423.604181372,462810.427175234,출판인쇄업,출판사,2026-05-01 22:31:06,I,03,폐업,,,,2013-04-30 10:50:09,,2009-03-03,139-762,서울특별시 노원구 상계동 *** 상계주공**단지아파트 ****동 ***호,CDFG1251002013000019,3100000,,"서울특별시 노원구 한글비석로**길 **, ****동 ***호 (상계동, 상계주공**단지아파트)",,03,폐업,기타,,,,,
,이레애드,2015-10-12,205295.96383496,460614.589063207,출판인쇄업,출판사,2026-05-01 22:31:06,I,03,폐업,,,,2015-10-12 09:06:05,,2013-04-29,139-751,서울특별시 노원구 상계동 *** 상계주공*단지아파트 ***동 ***호,CDFG1251002013000020,3100000,,"서울특별시 노원구 동일로***길 **, ***동 ***호 (상계동, 상계주공*단지아파트)",,03,폐업,,,,,,
아파트,XeJ3(제논 트라이제이),2014-02-10,204589.830805772,458420.680573706,출판인쇄업,출판사,2026-05-01 22:31:06,I,03,폐업,,38.64,15,2014-02-10 11:10:03,,2013-05-09,139-770,서울특별시 노원구 월계동 *** 월계*단지 주공아파트 ***동 ***호,CDFG1251002013000021,3100000,주거지역,"서울특별시 노원구 초안산로*길 **, ***동 ***호 (월계동, 월계*단지 주공아파트)",,03,폐업,아파트지역,,,,15,
아파트,도서출판 지도리,2014-12-01,205515.496256835,460224.319815461,출판인쇄업,출판사,2026-05-01 22:31:06,I,03,폐업,,49.5,15,2014-12-01 11:23:20,,2013-05-13,139-865,서울특별시 노원구 중계동 ***-* 중계그린아파트 ***동 ***호,CDFG1251002013000022,3100000,주거지역,"서울특별시 노원구 동일로***길 **, ***동 ***호 (중계동, 중계그린아파트)",,03,폐업,아파트지역,,,,15,
아파트,그린북,2014-04-21,205404.438980727,457654.943918774,출판인쇄업,출판사,2026-05-01 22:31:07,I,03,폐업,,84.84,15,2014-07-04 09:58:38,,2013-05-27,139-847,서울특별시 노원구 월계동 *** 월계*차한일아파트 ***동 ****호,CDFG1251002013000025,3100000,주거지역,"서울특별시 노원구 석계로**길 *-**, ***동 ****호 (월계동, 월계*차한일아파트)",,03,폐업,아파트지역,,,,15,
,(주)지스푼,2017-01-19,206614.327165643,457756.565732293,출판인쇄업,출판사,2026-05-01 22:31:07,I,03,폐업,,,,2017-01-22 16:37:06,,2011-06-13,139-807,서울특별시 노원구 공릉동 ***-** 연세빌딩 ***호,CDFG1251002013000028,3100000,,"서울특별시 노원구 동일로***길 **-**, ***호 (공릉동, 연세빌딩)",,03,폐업,,,,070-8612-5226,,
근린생활시설,글월문,2021-12-14,205094.697210104,460821.487931542,출판인쇄업,출판사,2026-05-01 22:31:07,I,03,폐업,,0,0,2021-12-14 13:09:49,,2000-08-31,139-752,서울특별시 노원구 상계동 *** 주공아파트 ***동 ****호,CDFG1251002013000032,3100000,,"서울특별시 노원구 동일로***길 **, ***동 ****호 (상계동, 주공아파트)",,03,폐업,,,,,0,0
아파트,문화세상.COM,2014-04-14,204733.414746879,465011.262691591,출판인쇄업,출판사,2026-05-01 22:31:08,I,03,폐업,,84.81,,2014-04-19 11:47:57,,2013-10-02,139-877,서울특별시 노원구 상계동 **** 수락리버시티*단지아파트 ***동 ***호,CDFG1251002013000044,3100000,주거지역,"서울특별시 노원구 누원로 **, ***동 ***호 (상계동, 수락리버시티*단지아파트)",,03,폐업,아파트지역,,,,,
아파트,노원아카이브,2018-01-09,205048.697374235,461058.836528245,출판인쇄업,출판사,2026-05-01 22:31:09,I,03,폐업,,71.89,,2018-02-14 17:23:54,,2013-11-05,139-753,서울특별시 노원구 상계동 *** 주공아파트 ***동 ***호,CDFG1251002013000049,3100000,주거지역,"서울특별시 노원구 동일로***길 **, ***동 ***호 (상계동, 주공아파트)",,03,폐업,아파트지역,,,,15,
,예영케무니케이션,1998-03-26,193840.235823913,451686.712458562,출판인쇄업,출판사,2026-05-01 22:31:43,I,03,폐업,,0,,2003-02-07 11:07:55,,1992-03-31,120-825,서울특별시 서대문구 연희동 ***-*,CDFG1251001992000004,3120000,,서울특별시 서대문구 연희로 ***  (연희동),,03,폐업,,,,,,
,(주)넥서스,2001-05-24,194303.986604803,453906.508018186,출판인쇄업,출판사,2026-05-01 22:31:43,I,03,폐업,,0,,2003-02-07 11:07:55,,1992-04-03,120-861,서울특별시 서대문구 홍제동 ***-** *층,CDFG1251001992000005,3120000,,"서울특별시 서대문구 홍제내길 ***  (홍제동,*층)",,03,폐업,,,,,,
,미감,1998-06-30,196861.226817567,451478.000531622,출판인쇄업,출판사,2026-05-01 22:31:43,I,03,폐업,,0,,2003-02-07 11:07:55,,1992-04-10,120-012,서울특별시 서대문구 충정로*가 **,CDFG1251001992000006,3120000,,서울특별시 서대문구 충정로**길 **  (충정로*가),,03,폐업,,,,,,
,홍제물산,2004-12-27,195657.843157364,453113.74481399,출판인쇄업,출판사,2026-05-01 22:31:43,I,03,폐업,,,,2004-12-27 15:07:03,,1992-04-28,120-853,서울특별시 서대문구 홍제동 **-**,CDFG1251001992000007,3120000,,서울특별시 서대문구 통일로 ***  (홍제동),,03,폐업,,,,,,
,다솜미디어,1999-03-23,195201.172445223,454051.146138274,출판인쇄업,출판사,2026-05-01 22:31:43,I,03,폐업,,0,,2003-02-07 11:07:55,,1992-06-09,120-856,서울특별시 서대문구 홍제동 ***,CDFG1251001992000010,3120000,,서울특별시 서대문구 세무서*길 **  (홍제동),,03,폐업,,,,,,
,삼진원,1997-07-15,193660.769552961,451724.440955811,출판인쇄업,출판사,2026-05-01 22:31:44,I,03,폐업,,0,,2003-02-07 11:07:55,,1992-06-10,120-825,서울특별시 서대문구 연희동 ***-*,CDFG1251001992000011,3120000,,서울특별시 서대문구 연희로**가길 **  (연희동),,03,폐업,,,,,,
,도서출판개미,1999-02-10,193752.261869885,450618.352604271,출판인쇄업,출판사,2026-05-01 22:31:44,I,03,폐업,,0,0,2003-02-07 11:07:55,,1992-06-11,120-836,서울특별시 서대문구 창천동 ***-**,CDFG1251001992000012,3120000,,서울특별시 서대문구 신촌로 **  (창천동),,03,폐업,,,,,0,0
,세란,2003-07-03,,,출판인쇄업,출판사,2026-05-01 22:31:44,I,03,폐업,,,,2003-07-03 15:26:33,,1992-07-15,120-834,서울특별시 서대문구 창천동 **-**,CDFG1251001992000013,3120000,,,,03,폐업,,,,,,
,도서출판 부키,2023-10-27,193664.950750795,450744.320812298,출판인쇄업,출판사,2026-05-01 22:31:44,I,03,폐업,,,,2023-10-27 13:48:13,,1992-10-02,120-836,서울특별시 서대문구 창천동 ***-** 산성빌딩 ***호,CDFG1251001992000016,3120000,,"서울특별시 서대문구 신촌로*길 **,  ***호 (창천동,산성빌딩)",,03,폐업,,,,,,
,연음사,2007-06-12,196291.392772571,451385.110874832,출판인쇄업,출판사,2026-05-01 22:31:44,I,03,폐업,,,,2007-06-12 13:42:55,,1992-03-04,120-866,서울특별시 서대문구 북아현동 *-*** *층,CDFG1251001992000017,3120000,,"서울특별시 서대문구 북아현로**나길 ***  (북아현동,*층)",,03,폐업,,,,,,
,(주)피어리스교육문화,2000-10-13,196851.907463121,451181.654966493,출판인쇄업,출판사,2026-05-01 22:31:44,I,03,폐업,,0,,2003-02-07 11:07:55,,1993-02-13,120-708,서울특별시 서대문구 충정로*가 ***-* 피어리스빌딩***호,CDFG1251001993000002,3120000,,"서울특별시 서대문구 충정로 **  (충정로*가,피어리스빌딩***호)",,03,폐업,,,,,,
,동보출판사,1998-02-18,195085.187469597,454081.966090375,출판인쇄업,출판사,2026-05-01 22:31:44,I,03,폐업,,0,,2003-02-07 11:07:55,,1993-07-22,120-857,서울특별시 서대문구 홍제동 ***-*,CDFG1251001993000005,3120000,,서울특별시 서대문구 세무서*길 *  (홍제동),,03,폐업,,,,,,
,중앙독서진흥연구소,2000-10-26,193159.015966369,453611.5445104,출판인쇄업,출판사,2026-05-01 22:31:44,I,03,폐업,,0,,2003-02-07 11:07:55,,1993-09-14,120-848,서울특별시 서대문구 홍은동 ***-* *층,CDFG1251001993000008,3120000,,"서울특별시 서대문구 가좌로 ***-*  (홍은동,*층)",,03,폐업,,,,,,
,한국장애인연맹출판국,2001-05-03,196861.226817567,451478.000531622,출판인쇄업,출판사,2026-05-01 22:31:44,I,03,폐업,,0,,2003-02-07 11:07:55,,1993-09-18,120-012,서울특별시 서대문구 충정로*가 ** 기사연빌딩*층,CDFG1251001993000009,3120000,,"서울특별시 서대문구 충정로**길 **  (충정로*가,기사연빌딩*층)",,03,폐업,,,,,,
,정민미디어,2015-03-05,195622.5163461,454900.988607784,출판인쇄업,출판사,2026-05-01 22:31:45,I,03,폐업,,,,2015-03-05 14:57:54,,1993-11-19,120-841,서울특별시 서대문구 홍은동 *-***,CDFG1251001993000010,3120000,,서울특별시 서대문구 포방터*길 **-* (홍은동),,03,폐업,,,,,,
,(주)벨커뮤니케이션즈,2014-12-31,196585.577746351,450937.067192985,출판인쇄업,출판사,2026-05-01 22:31:45,I,03,폐업,,,,2015-01-26 17:49:10,,1993-12-06,120-837,서울특별시 서대문구 충정로*가 **-* *층,CDFG1251001993000012,3120000,,"서울특별시 서대문구 경기대로 ** (충정로*가,*층)",,03,폐업,,,,,,
,작크와콩나무,1998-11-06,197028.785113745,451351.962098736,출판인쇄업,출판사,2026-05-01 22:31:45,I,03,폐업,,0,0,2003-02-07 11:07:55,,1993-12-10,120-020,서울특별시 서대문구 미근동 **-*,CDFG1251001993000013,3120000,,서울특별시 서대문구 통일로 ***-**  (미근동),,03,폐업,,,,,0,0
,도서출판 대광기획,2007-01-25,193351.460332431,451997.040591302,출판인쇄업,출판사,2026-05-01 22:31:45,I,03,폐업,,,,2007-01-25 09:20:29,,1993-04-13,120-832,서울특별시 서대문구 연희동 ***-***,CDFG1251001993000015,3120000,,서울특별시 서대문구 연희로**아길 **-**  (연희동),,03,폐업,,,,22770130,,
,환인출판사,2002-03-22,193668.381851784,451497.557127435,출판인쇄업,출판사,2026-05-01 22:31:46,I,03,폐업,,,,2003-08-07 14:00:19,,1994-01-17,120-825,서울특별시 서대문구 연희동 ***-**,CDFG1251001994000001,3120000,,서울특별시 서대문구 연희로 **-**  (연희동),,03,폐업,,,,,,
,조은출판사,1997-10-28,195173.305448422,453984.54826033,출판인쇄업,출판사,2026-05-01 22:31:46,I,03,폐업,,0,,2003-02-07 11:07:55,,1994-01-18,120-856,서울특별시 서대문구 홍제동 ***-*,CDFG1251001994000002,3120000,,서울특별시 서대문구 통일로**가길 **  (홍제동),,03,폐업,,,,,,
,고난함께,2004-07-15,196779.846232171,451666.312967389,출판인쇄업,출판사,2026-05-01 22:31:46,I,03,폐업,,,,2004-07-15 13:39:18,,1994-03-22,120-050,서울특별시 서대문구 냉천동 **-* 서원빌딩 ***호,CDFG1251001994000005,3120000,,"서울특별시 서대문구 통일로*길 **  (냉천동,서원빌딩 ***호)",,03,폐업,,,,,,
,도서출판다나기획,2000-12-07,194901.401553016,453385.060363185,출판인쇄업,출판사,2026-05-01 22:31:46,I,03,폐업,,0,0,2003-02-07 11:07:55,,1994-04-04,120-855,서울특별시 서대문구 홍제동 ***-*** 현대연립***,CDFG1251001994000008,3120000,,"서울특별시 서대문구 모래내로**다길 **  (홍제동,현대연립***)",,03,폐업,,,,,0,0
,국사관,2003-01-24,194843.434679213,454110.573353858,출판인쇄업,출판사,2026-05-01 22:31:46,I,03,폐업,,,,2003-08-04 14:10:48,,1994-05-03,120-859,서울특별시 서대문구 홍제동 ***-***,CDFG1251001994000010,3120000,,서울특별시 서대문구 통일로**나길 **  (홍제동),,03,폐업,,,,,,
,북원,2000-05-12,196332.805745606,451368.390728315,출판인쇄업,출판사,2026-05-01 22:31:46,I,03,폐업,,0,0,2003-02-07 11:07:55,,1994-05-04,120-837,서울특별시 서대문구 충정로*가 *-***,CDFG1251001994000011,3120000,,,,03,폐업,,,,,0,0
,도서출판 질그릇,2013-11-20,206224.106884142,458905.036610092,출판인쇄업,출판사,2026-05-01 22:31:09,I,03,폐업,,0,,2014-02-04 11:16:27,,2001-06-25,139-737,서울특별시 노원구 하계동 *** 청솔아파트 ***동 ****호,CDFG1251002013000054,3100000,,"서울특별시 노원구 공릉로**길 **, ***동 ****호 (하계동, 청솔아파트)",,03,폐업,,,,,,
아파트,미디어머스트헤브,2015-09-25,206290.104730816,460251.094498395,출판인쇄업,출판사,2026-05-01 22:31:10,I,03,폐업,,84.89,,2015-09-25 10:42:19,,2013-12-24,139-941,서울특별시 노원구 하계동 *** 하계*차현대아파트 ***동 ***호,CDFG1251002013000062,3100000,주거지역,"서울특별시 노원구 노원로**길 **, ***동 ***호 (하계동, 하계*차현대아파트)",,03,폐업,아파트지역,,,,,
아파트,조팝나무,2025-02-11,206961.390230248,462732.18472229,출판인쇄업,출판사,2026-05-01 22:31:12,I,03,폐업,,84.9,,2025-02-11 16:45:07,,2014-01-02,139-898,서울특별시 노원구 상계동 **** 동아불암아파트 ***동 ****호,CDFG1251002014000002,3100000,주거지역,"서울특별시 노원구 덕릉로 ***, ***동 ****호 (상계동, 동아불암아파트)",,03,폐업,아파트지역,,,,,
,지앤북,2023-01-16,206884.263514008,461679.874423985,출판인쇄업,출판사,2026-05-01 22:31:13,I,03,폐업,,,,2023-01-17 17:17:39,,2012-01-02,,서울특별시 노원구 중계동 *** 주공*단지아파트,CDFG1251002014000004,3100000,,"서울특별시 노원구 한글비석로**길 *, ***동 ***호 (중계동, 주공*단지아파트)",01718,03,폐업,,,,,,
연립주택,도서출판 팝팝북,2020-03-02,206594.474351648,458013.119839851,출판인쇄업,출판사,2026-05-01 22:31:14,I,03,폐업,,,,2020-03-03 09:13:39,,2014-01-03,139-806,서울특별시 노원구 공릉동 ***-** 주인맨션 가동 B**호,CDFG1251002014000007,3100000,주거지역,"서울특별시 노원구 동일로***길 **, 가동 B**호 (공릉동, 주인맨션)",,03,폐업,주택가주변,,,,,
교육연구시설,구루한국사,2015-01-14,206722.570979588,460773.224171754,출판인쇄업,출판사,2026-05-01 22:31:14,I,03,폐업,,60.68,,2015-01-14 10:58:58,,2014-01-14,139-861,서울특별시 노원구 중계동 ***-** ***호,CDFG1251002014000010,3100000,주거지역,"서울특별시 노원구 한글비석로 ***, ***호 (중계동)",,03,폐업,기타,,,,,
아파트,(주)더서당인문학연구소,2017-07-26,206201.681037094,461313.286976466,출판인쇄업,출판사,2026-05-01 22:31:14,I,03,폐업,,114.8,,2017-07-27 08:57:52,,2014-01-24,139-731,서울특별시 노원구 상계동 **** 한일유앤아이아파트 ***동 ***호,CDFG1251002014000012,3100000,주거지역,"서울특별시 노원구 노원로**길 **, ***동 ***호 (상계동, 한일유앤아이아파트)",,03,폐업,아파트지역,,,,,
다가구용 주택(공동주택적용),바다 미디어북스,2017-10-23,208064.77,458151.775,출판인쇄업,출판사,2026-05-01 22:31:15,I,03,폐업,,97.01,,2017-10-23 15:17:11,,2014-01-28,139-800,서울특별시 노원구 공릉동 ***-** ***호,CDFG1251002014000013,3100000,주거지역,"서울특별시 노원구 화랑로**가길 **-**, *층 ***호 (공릉동)",,03,폐업,주택가주변,,,,,
아파트,토라미디어,2021-12-29,206354.746451299,457568.743857712,출판인쇄업,출판사,2026-05-01 22:31:15,I,03,폐업,,69.9,,2021-12-29 17:33:35,,2014-02-06,,서울특별시 노원구 공릉동 *** 녹주아파트 ***호,CDFG1251002014000014,3100000,주거지역,"서울특별시 노원구 동일로***길 **, ***호 (공릉동, 녹주아파트)",01859,03,폐업,아파트지역,,,,,
아파트,하눔,2015-11-23,205601.066015629,459233.675551946,출판인쇄업,출판사,2026-05-01 22:31:16,I,03,폐업,,53.14,,2015-11-23 16:10:48,,2014-06-19,139-939,서울특별시 노원구 하계동 ***-* 건영아파트 *동 ****호,CDFG1251002014000039,3100000,주거지역,"서울특별시 노원구 섬밭로 ***, *동 ****호 (하계동)",,03,폐업,아파트지역,,,,,
근린생활시설,(주)맥스펜서,2016-03-03,204772.367380466,464080.593904719,출판인쇄업,출판사,2026-05-01 22:31:17,I,03,폐업,,,,2016-03-05 08:55:09,,2013-06-11,139-838,서울특별시 노원구 상계동 **** 하이베라스 ***호,CDFG1251002014000051,3100000,주거지역,"서울특별시 노원구 동일로 ****, ***호 (상계동, 하이베라스)",,03,폐업,아파트지역,,,,,
아파트,파운틴(Fountain),2014-11-10,206033.023278317,461935.33920381,출판인쇄업,출판사,2026-05-01 22:31:17,I,03,폐업,,,,2014-11-10 13:44:10,,2014-09-22,139-816,서울특별시 노원구 상계동 **** 노원아이파크 ***동 ***호,CDFG1251002014000053,3100000,주거지역,"서울특별시 노원구 상계로**다길 **-*, ***동 ***호 (상계동, 노원아이파크)",,03,폐업,아파트지역,,,,,
아파트,진주원어국어교육(JinJooWon Foreign Language Education),2015-12-10,206961.222055894,460527.904409859,출판인쇄업,출판사,2026-05-01 22:31:17,I,03,폐업,,44.1,,2015-12-10 09:07:51,,2014-09-23,139-797,서울특별시 노원구 중계동 ***-* 주공아파트 ***동 ***호,CDFG1251002014000055,3100000,주거지역,"서울특별시 노원구 한글비석로*길 **, ***동 ***호 (중계동, 주공아파트)",,03,폐업,아파트지역,,,,,
아파트,그린북,2015-08-12,205404.438980727,457654.943918774,출판인쇄업,출판사,2026-05-01 22:31:17,I,03,폐업,,84.84,,2015-08-12 16:45:30,,2014-09-23,139-847,서울특별시 노원구 월계동 *** 월계*차한일아파트 ***동 ****호,CDFG1251002014000057,3100000,주거지역,"서울특별시 노원구 석계로**길 *-**, ***동 ****호 (월계동, 월계*차한일아파트)",,03,폐업,아파트지역,,,,,
아파트,비트윈북스,2016-11-10,205164.287941404,462643.124805593,출판인쇄업,출판사,2026-05-01 22:31:18,I,03,폐업,,58.01,,2016-11-10 15:38:29,,2014-10-15,139-762,서울특별시 노원구 상계동 *** 주공아파트 ****동 ***호,CDFG1251002014000062,3100000,주거지역,"서울특별시 노원구 한글비석로 ***, ****동 ***호 (상계동, 주공아파트)",,03,폐업,아파트지역,,,,,
아파트,뮤시아,2016-07-25,205601.066015629,459233.675551946,출판인쇄업,출판사,2026-05-01 22:31:18,I,03,폐업,,84.85,,2016-07-28 16:06:06,,2014-11-17,139-939,서울특별시 노원구 하계동 ***-* 벽산아파트 **동 ****호,CDFG1251002014000065,3100000,주거지역,"서울특별시 노원구 섬밭로 ***, **동 ****호 (하계동, 벽산아파트)",,03,폐업,아파트지역,,,,,
아파트,이펍아트(ePUBART),2023-02-02,205316.908829197,461524.723572095,출판인쇄업,출판사,2026-05-01 22:31:18,I,03,폐업,,,,2023-02-03 12:53:37,,2014-11-19,,서울특별시 노원구 상계동 ***-* 위성프라자 ****호,CDFG1251002014000067,3100000,주거지역,"서울특별시 노원구 상계로 **, ****호 (상계동, 위성프라자)",01694,03,폐업,아파트지역,,,,,
,하버드영어학원,2015-08-04,206667.430718292,460712.809380478,출판인쇄업,출판사,2026-05-01 22:31:19,I,03,폐업,,,,2015-08-04 14:53:03,,2014-12-03,139-860,서울특별시 노원구 중계동 ***-** 하나프라자 ***호,CDFG1251002014000071,3100000,,"서울특별시 노원구 한글비석로 ***, ***호 (중계동, 하나프라자)",,03,폐업,,,,,,
근린생활시설,도서출판 똘레,2023-12-29,205515.496256835,460224.319815461,출판인쇄업,출판사,2026-05-01 22:31:23,I,03,폐업,,27.72,,2024-01-24 14:05:47,,2015-02-25,,서울특별시 노원구 중계동 ***-* 중계그린아파트 ***동 ****호,CDFG1251002015000010,3100000,주거지역,"서울특별시 노원구 동일로***길 **, ***동 ****호 (중계동, 중계그린아파트)",01777,03,폐업,아파트지역,,,,,
근린생활시설,서울여자대학출판부,1999-06-16,207918.320414714,458383.983421656,출판인쇄업,출판사,2026-05-01 22:30:43,I,03,폐업,,0,,2003-02-21 10:30:23,,1975-09-03,139-240,서울특별시 노원구 공릉동 ***,CDFG1251001975000001,3100000,,서울특별시 노원구 화랑로 ***  (공릉동),,03,폐업,,,,,,
근린생활시설,도서출판 송화컴퓨터문화사,1999-07-21,206066.767105723,461667.564307659,출판인쇄업,출판사,2026-05-01 22:30:44,I,03,폐업,,0,,2003-02-21 10:30:23,,1988-03-21,139-816,서울특별시 노원구 상계동 ***-**,CDFG1251001988000001,3100000,,서울특별시 노원구 상계로**길 **  (상계동),,03,폐업,,,,,,
근린생활시설,전화정보기획,2004-06-22,205135.974703276,457232.657457162,출판인쇄업,출판사,2026-05-01 22:30:44,I,03,폐업,,,,2004-06-22 12:43:30,,1989-12-18,139-846,서울특별시 노원구 월계동 ***-** *층,CDFG1251001989000002,3100000,,"서울특별시 노원구 광운로*가길 *  (월계동,*층)",,03,폐업,,,,,,
근린생활시설,도서출판 현대,1999-07-23,206473.041692651,457870.501353957,출판인쇄업,출판사,2026-05-01 22:30:44,I,03,폐업,,0,,2003-02-21 10:30:23,,1990-01-17,139-806,서울특별시 노원구 공릉동 ***-**,CDFG1251001990000001,3100000,,서울특별시 노원구 동일로 ****  (공릉동),,03,폐업,,,,,,
근린생활시설,도서출판 라이프,2000-12-31,205247.240325313,457353.229350385,출판인쇄업,출판사,2026-05-01 22:30:44,I,03,폐업,,,,2013-12-10 09:26:31,,1990-05-09,139-846,서울특별시 노원구 월계동 ***-* 삼창B/D ***동,CDFG1251001990000003,3100000,,"서울특별시 노원구 광운로*나길 **, ***동 (월계동,삼창B/D)",,03,폐업,,,,02-925-7384,,
근린생활시설,도서출판 초원기획,1999-05-06,206170.13111005,461720.270298531,출판인쇄업,출판사,2026-05-01 22:30:44,I,03,폐업,,0,,2003-02-21 10:30:23,,1990-05-18,139-816,서울특별시 노원구 상계동 ***-*,CDFG1251001990000004,3100000,,서울특별시 노원구 상계로**길 **-*  (상계동),,03,폐업,,,,,,
근린생활시설,도서출판광운대학교출판부,1999-07-30,205198.498721037,457486.206509046,출판인쇄업,출판사,2026-05-01 22:30:44,I,03,폐업,,0,,2003-02-21 10:30:23,,1991-03-12,139-846,서울특별시 노원구 월계동 ***-*,CDFG1251001991000003,3100000,,서울특별시 노원구 광운로*길 **  (월계동),,03,폐업,,,,,,
근린생활시설,도서출판 진영사,2001-04-20,205336.488605975,457663.888263614,출판인쇄업,출판사,2026-05-01 22:30:44,I,03,폐업,,0,,2013-12-10 09:29:52,,1991-05-03,139-846,서울특별시 노원구 월계동 ***-**,CDFG1251001991000007,3100000,,서울특별시 노원구 광운로**길 ** (월계동),,03,폐업,,,,,,
근린생활시설,도서출판 크리콤,1999-06-15,205764.01735032,460516.391783348,출판인쇄업,출판사,2026-05-01 22:30:44,I,03,폐업,,0,,2003-02-21 10:30:23,,1991-12-09,139-865,서울특별시 노원구 중계동 ***-* 건영옴니스토아 B**호,CDFG1251001991000013,3100000,,,,03,폐업,,,,,,
근린생활시설,도서출판 법경사,2006-07-11,206203.421510488,462228.123784267,출판인쇄업,출판사,2026-05-01 22:30:44,I,03,폐업,,,,2006-07-11 11:38:51,,1991-04-25,139-815,서울특별시 노원구 상계동 ***-**,CDFG1251001991000014,3100000,,서울특별시 노원구 한글비석로**가길 **  (상계동),,03,폐업,,,,02-951-2582,,
근린생활시설,도서출판큰바위,1998-12-30,,,출판인쇄업,출판사,2026-05-01 22:30:44,I,03,폐업,,0,0,2003-02-21 10:30:23,,1992-02-06,139-200,서울특별시 노원구 상계동 *-**,CDFG1251001992000001,3100000,,,,03,폐업,,,,,0,0
근린생활시설,도서출판 훈터,2000-04-06,206455.973239139,459383.71737236,출판인쇄업,출판사,2026-05-01 22:30:44,I,03,폐업,,0,,2003-02-21 10:30:23,,1992-03-16,139-871,서울특별시 노원구 하계동 ***-*,CDFG1251001992000002,3100000,,서울특별시 노원구 공릉로**가길 **  (하계동),,03,폐업,,,,,,
근린생활시설,도서출판 한국 경정비 기술사,1999-01-30,205297.659202914,461519.760233787,출판인쇄업,출판사,2026-05-01 22:30:44,I,03,폐업,,0,,2003-02-21 10:30:23,,1992-03-23,139-827,서울특별시 노원구 상계동 ***-*,CDFG1251001992000003,3100000,,서울특별시 노원구 상계로 **  (상계동),,03,폐업,,,,,,
근린생활시설,도서출판 상문당,2002-04-02,206592.199165568,457438.713791301,출판인쇄업,출판사,2026-05-01 22:30:44,I,03,폐업,,0,0,2003-02-21 10:30:23,,1992-07-13,139-808,서울특별시 노원구 공릉동 ***-* *,CDFG1251001992000004,3100000,,"서울특별시 노원구 동일로 ***  (공릉동,*)",,03,폐업,,,,,0,0
근린생활시설,도서출판 웅비,1998-09-09,206285.346054744,458440.801018538,출판인쇄업,출판사,2026-05-01 22:30:44,I,03,폐업,,0,0,2003-02-21 10:30:23,,1992-10-15,139-801,서울특별시 노원구 공릉동 ***-**,CDFG1251001992000006,3100000,,서울특별시 노원구 동일로 ****  (공릉동),,03,폐업,,,,,0,0
아파트,한영,2016-10-05,205660.986625043,462645.285471828,출판인쇄업,출판사,2026-05-01 22:31:24,I,03,폐업,,79.25,,2016-10-11 15:33:07,,2015-03-18,,서울특별시 노원구 상계동 *** 보람아파트 ***동 ***호,CDFG1251002015000013,3100000,주거지역,"서울특별시 노원구 한글비석로 ***, ***동 ***호 (상계동, 보람아파트*단지)",01671,03,폐업,아파트지역,,,,,
근린생활시설,학림출판사,2018-03-13,205631.870480583,461719.474707758,출판인쇄업,출판사,2026-05-01 22:31:25,I,03,폐업,,192.02,,2018-05-09 10:31:56,,2015-05-19,139-816,서울특별시 노원구 상계동 ***-* *층호,CDFG1251002015000021,3100000,주거지역,"서울특별시 노원구 상계로*길 **, *층 (상계동, 학림유치원)",,03,폐업,주택가주변,,,02-933-3539,,
아파트,완소프트,2020-12-10,206841.212950103,460700.517210601,출판인쇄업,출판사,2026-05-01 22:31:25,I,03,폐업,,,,2020-12-10 14:06:45,,2015-05-19,139-796,서울특별시 노원구 중계동 ***-** 주공아파트 ***동 ***호,CDFG1251002015000022,3100000,주거지역,"서울특별시 노원구 한글비석로*길 **, ***동 ***호 (중계동, 주공아파트)",,03,폐업,아파트지역,,,,,
아파트,컨실리언스 북스(Consilience Books),2018-02-26,204609.038738766,463238.147080786,출판인쇄업,출판사,2026-05-01 22:31:25,I,03,폐업,,84.96,,2018-02-27 10:47:59,,2015-06-05,139-893,서울특별시 노원구 상계동 **** 상계*차현대아파트 ***동 ***호,CDFG1251002015000024,3100000,주거지역,"서울특별시 노원구 수락산로 ***, ***동 ***호 (상계동, 상계*차현대아파트)",,03,폐업,아파트지역,,,,,
아파트,두영피앤비,2016-03-07,207131.576339305,462829.18165682,출판인쇄업,출판사,2026-05-01 22:31:26,I,03,폐업,,114.24,,2016-03-07 15:08:10,,2015-07-01,139-900,서울특별시 노원구 상계동 **** 불암현대아파트 ***동 ****호,CDFG1251002015000030,3100000,주거지역,"서울특별시 노원구 덕릉로***길 **, ***동 ****호 (상계동, 불암현대아파트)",,03,폐업,아파트지역,,,,,
아파트,퀘스천,2018-05-21,205280.620692797,461113.53904716,출판인쇄업,출판사,2026-05-01 22:31:26,I,03,폐업,,,,2018-05-21 11:19:40,,2015-07-14,139-942,서울특별시 노원구 상계동 ***-* 주공아파트 ***동 ***호,CDFG1251002015000033,3100000,주거지역,"서울특별시 노원구 동일로 ****, ***동 ***호 (상계동, 주공아파트)",,03,폐업,아파트지역,,,,,
,(주)휴레크,2017-09-25,203811.52282877,458807.049961126,출판인쇄업,출판사,2026-05-01 22:31:26,I,03,폐업,,,,2017-09-26 09:24:58,,2004-10-28,,서울특별시 노원구 월계동 *** 흥화브라운빌아파트 ***동 ***호,CDFG1251002015000036,3100000,,"서울특별시 노원구 우이천로*나길 **, ***동 ***호 (월계동, 월계 흥화브라운빌)",01871,03,폐업,,,,,,
아파트,도서출판 나무와숲,2017-01-18,205227.342971697,462298.014627148,출판인쇄업,출판사,2026-05-01 22:31:27,I,03,폐업,,66.56,,2017-01-19 10:07:44,,2015-08-21,,서울특별시 노원구 상계동 *** 주공아파트 ***동 ***호,CDFG1251002015000037,3100000,주거지역,"서울특별시 노원구 노원로 ***, ***동 ***호 (상계동, 주공아파트)",01676,03,폐업,아파트지역,,,,,
,아임리더,2017-10-31,205635.34278742,461157.3742476,출판인쇄업,출판사,2026-05-01 22:31:27,I,03,폐업,,,,2017-10-31 17:56:43,,2011-06-20,,서울특별시 노원구 상계동 *** 상계주공*단지아파트 ***동 ***호,CDFG1251002015000039,3100000,,"서울특별시 노원구 동일로***길 **, ***동 ***호 (상계동, 상계주공*단지아파트)",01753,03,폐업,,,,,,
교육연구시설,하버드 서적,2016-12-13,204325.989587591,458245.314994,출판인쇄업,출판사,2026-05-01 22:31:27,I,03,폐업,,187,,2016-12-13 17:25:20,,2015-10-07,,서울특별시 노원구 월계동 *** 롯데캐슬루나아파트 ***동 ***호,CDFG1251002015000041,3100000,주거지역,"서울특별시 노원구 월계로**길 **, ***동 ***호 (월계동, 롯데캐슬루나아파트)",01883,03,폐업,기타,,,,,
,가브리엘,2017-01-20,205052.894812821,458841.434861739,출판인쇄업,출판사,2026-05-01 22:31:27,I,03,폐업,,,,2017-01-22 16:44:03,,2015-10-26,,서울특별시 노원구 월계동 ***-**,CDFG1251002015000042,3100000,주거지역,서울특별시 노원구 초안산로*라길 **-** (월계동),01867,03,폐업,주택가주변,,,,,
교육연구시설,도서출판 공시모전,2022-04-29,204790.424786507,458749.280581727,출판인쇄업,출판사,2026-05-01 22:31:27,I,03,폐업,,,,2022-05-02 14:25:38,,2015-11-18,,서울특별시 노원구 월계동 *** 인덕대학교 창업선도관 *층 ***호,CDFG1251002015000044,3100000,주거지역,"서울특별시 노원구 초안산로 **, *층 ***호 (월계동, 인덕대학교 창업선도관)",01878,03,폐업,기타,,,,,
아파트,생각의 서재,2016-12-27,204855.657578987,462605.747175556,출판인쇄업,출판사,2026-05-01 22:31:28,I,03,폐업,,49.94,4,2016-12-27 11:38:27,,2016-01-05,,서울특별시 노원구 상계동 *** 주공아파트 ****동 ***호,CDFG1251002016000001,3100000,주거지역,"서울특별시 노원구 동일로***길 **, ****동 ***호 (상계동, 상계주공**단지아파트)",01619,03,폐업,아파트지역,,,,,
,CRI창의독서교육연구소,2022-03-24,205601.926027171,459732.128595514,출판인쇄업,출판사,2026-05-01 22:31:29,I,03,폐업,,,,2022-03-25 14:13:03,,2016-02-25,,서울특별시 노원구 중계동 ***-***,CDFG1251002016000012,3100000,,"서울특별시 노원구 동일로***가길 **, ***호 (중계동, 브라운스톤중계)",01779,03,폐업,,,,,,
,터칭,2016-12-27,208014.393680914,457647.818424515,출판인쇄업,출판사,2026-05-01 22:31:29,I,03,폐업,,,,2016-12-27 11:39:01,,2016-03-03,,서울특별시 노원구 공릉동 **-* ***동 ***호,CDFG1251002016000015,3100000,주거지역,"서울특별시 노원구 화랑로 ***, ***동 ***호 (공릉동, 육사아파트)",01805,03,폐업,아파트지역,,,,,
,도서출판 지샘,2024-04-12,205365.224075773,457737.97090865,출판인쇄업,출판사,2026-05-01 22:31:30,I,03,폐업,,0,,2024-04-12 16:45:13,,1998-08-28,,서울특별시 노원구 월계동 *** 월계*차한일아파트 ***동 ****호,CDFG1251002016000019,3100000,,"서울특별시 노원구 석계로**길 **, ***동 ****호 (월계동, 월계*차한일아파트)",01894,03,폐업,,,,,,
,전방향 독서심리상담 연구소,2025-04-23,205048.697374235,461058.836528245,출판인쇄업,출판사,2026-05-01 22:31:30,I,03,폐업,,,,2025-04-23 17:56:31,,2016-04-04,,서울특별시 노원구 상계동 *** 상걔주공*단지아파트 ***동 ***호,CDFG1251002016000027,3100000,,"서울특별시 노원구 동일로***길 **, ***동 ***호 (상계동, 상계주공*단지아파트)",01761,03,폐업,,,,,,
아파트,이너드림(InnerDream),2017-01-03,204846.017230075,462293.140879558,출판인쇄업,출판사,2026-05-01 22:31:32,I,03,폐업,,58.01,,2017-01-03 17:01:26,,2016-05-20,,서울특별시 노원구 상계동 *** 상계주공**단지아파트 ****동 ****호,CDFG1251002016000039,3100000,,"서울특별시 노원구 노원로 ***, ****동 ****호 (상계동, 상계주공**단지아파트)",01675,03,폐업,,,,,,
아파트,까멍,2018-06-15,204957.562393784,462039.10749227,출판인쇄업,출판사,2026-05-01 22:31:33,I,03,폐업,,,,2018-07-16 16:38:25,,2016-06-22,,서울특별시 노원구 상계동 *** 임광아파트 *동 ****호,CDFG1251002016000045,3100000,,"서울특별시 노원구 노원로 ***, *동 ****호 (상계동, 임광아파트)",01687,03,폐업,,,,,,
근린생활시설,도서출판생활신앙사,1999-08-18,206043.379585163,461667.560535443,출판인쇄업,출판사,2026-05-01 22:30:44,I,03,폐업,,0,0,2003-02-21 10:30:23,,1993-03-05,139-816,서울특별시 노원구 상계동 ***-**,CDFG1251001993000001,3100000,,서울특별시 노원구 상계로**길 **  (상계동),,03,폐업,,,,,0,0
근린생활시설,도서출판 법률서원,2020-12-07,205601.066015629,459233.675551946,출판인쇄업,출판사,2026-05-01 22:30:44,I,03,폐업,,,3,2020-12-08 11:29:10,,1993-04-23,,"서울특별시 노원구 하계동 ***-* 극동,건영,벽산아파트",CDFG1251001993000002,3100000,,"서울특별시 노원구 섬밭로 ***, *동 ***호 (하계동, 극동,건영,벽산아파트)",01776,03,폐업,아파트지역,,,,3,
근린생활시설,둥지 문화사,1999-07-15,205815.670052078,462063.990352139,출판인쇄업,출판사,2026-05-01 22:30:45,I,03,폐업,,0,,2003-02-21 10:30:23,,1994-01-17,139-820,서울특별시 노원구 상계동 ***-**,CDFG1251001994000001,3100000,,서울특별시 노원구 한글비석로**길 **  (상계동),,03,폐업,,,,,,
근린생활시설,도서출판 나눔과 섬김,1999-01-29,205760.070207788,462233.044847674,출판인쇄업,출판사,2026-05-01 22:30:45,I,03,폐업,,0,,2003-02-21 10:30:23,,1994-03-19,139-820,서울특별시 노원구 상계동 ***-**,CDFG1251001994000003,3100000,,서울특별시 노원구 노원로**길 **  (상계동),,03,폐업,,,,,,
근린생활시설,도서출판백호문화사,1998-11-17,205678.683299205,461617.725828384,출판인쇄업,출판사,2026-05-01 22:30:45,I,03,폐업,,0,0,2003-02-21 10:30:23,,1994-09-05,139-816,서울특별시 노원구 상계동 ***-**,CDFG1251001994000006,3100000,,서울특별시 노원구 상계로 **  (상계동),,03,폐업,,,,,0,0
근린생활시설,도서출판 헬렌켈러연구원,2003-06-30,205753.432473845,461751.058974653,출판인쇄업,출판사,2026-05-01 22:30:45,I,03,폐업,,,,2013-12-09 08:34:18,,1994-11-22,139-816,서울특별시 노원구 상계동 ***-* 주양빌딩 *층,CDFG1251001994000007,3100000,,"서울특별시 노원구 노원로 *** (상계동,주양빌딩 *층)",,03,폐업,,,,,,
근린생활시설,국민교육사,1999-03-16,,,출판인쇄업,출판사,2026-05-01 22:30:45,I,03,폐업,,0,,2003-02-21 10:30:23,,1995-05-08,139-731,서울특별시 노원구 상계동 * 벽산상가 *차 ***동 *층**호,CDFG1251001995000002,3100000,,,,03,폐업,,,,,,
근린생활시설,조은도서,2000-06-15,205414.408961466,461675.158380789,출판인쇄업,출판사,2026-05-01 22:30:45,I,03,폐업,,0,,2013-12-09 13:23:42,,1995-06-21,139-821,서울특별시 노원구 상계동 ***-*,CDFG1251001995000006,3100000,,서울특별시 노원구 상계로*길 **-** (상계동),,03,폐업,,,,,,
근린생활시설,Junineh English 준이네영어,2006-04-24,206614.327165643,457756.565732293,출판인쇄업,출판사,2026-05-01 22:30:45,I,03,폐업,,,,2006-04-24 16:00:40,,1995-07-15,139-807,서울특별시 노원구 공릉동 ***-** ***호,CDFG1251001995000007,3100000,,"서울특별시 노원구 동일로***길 **-**,  ***호 (공릉동)",,03,폐업,,,,,,
근린생활시설,출판사오프,1999-01-21,206578.976039388,457736.364674901,출판인쇄업,출판사,2026-05-01 22:30:45,I,03,폐업,,,,2003-07-31 15:15:31,,1995-10-20,139-807,서울특별시 노원구 공릉동 ***-* 공릉쇼핑 ***,CDFG1251001995000013,3100000,,"서울특별시 노원구 동일로***길 **  (공릉동,공릉쇼핑 ***)",,03,폐업,,,,,,
근린생활시설,도서풀판 새별문화,1999-07-14,205455.436908126,461592.348795203,출판인쇄업,출판사,2026-05-01 22:30:45,I,03,폐업,,0,,2003-02-21 10:30:23,,1995-11-11,139-821,서울특별시 노원구 상계동 ***-* 한일 빌딩 ***,CDFG1251001995000014,3100000,,"서울특별시 노원구 상계로*길 **  (상계동,한일 빌딩 ***)",,03,폐업,,,,,,
근린생활시설,미주의학사,2000-12-09,,,출판인쇄업,출판사,2026-05-01 22:30:45,I,03,폐업,,0,,2003-02-21 10:30:23,,1995-11-21,139-821,서울특별시 노원구 상계동 ***-**,CDFG1251001995000015,3100000,,,,03,폐업,,,,,,
근린생활시설,어린이문학연구원,2002-11-08,205365.743078699,461068.908455905,출판인쇄업,출판사,2026-05-01 22:30:45,I,03,폐업,,0,0,2003-02-21 10:30:23,,1995-12-21,139-832,서울특별시 노원구 상계동 ***-* 올림피아 빌딩 ***,CDFG1251001995000016,3100000,,"서울특별시 노원구 동일로 ****  (상계동,올림피아 빌딩 ***)",,03,폐업,,,,,0,0
근린생활시설,도서출판 펭귄북,2001-12-06,206219.437371151,459926.107544031,출판인쇄업,출판사,2026-05-01 22:30:45,I,03,폐업,,0,,2003-02-21 10:30:23,,1996-04-15,139-230,서울특별시 노원구 하계동 ***-* 외*필지테크노타운***호-*,CDFG1251001996000001,3100000,,"서울특별시 노원구 노원로**길 **  (하계동,외*필지테크노타운***호-*)",,03,폐업,주택가주변,,,,,
근린생활시설,도서출판 홍랜드쇼핑,2000-07-31,206562.925554082,462135.545237391,출판인쇄업,출판사,2026-05-01 22:30:45,I,03,폐업,,0,,2013-12-09 13:16:09,,1996-04-26,139-856,서울특별시 노원구 중계동 ***-* *층 *호,CDFG1251001996000002,3100000,,"서울특별시 노원구 한글비석로**길 ** (중계동,*층 *호)",,03,폐업,,,,,,
근린생활시설,사당법인한국맹인협회,1999-07-21,204940.089436072,459998.314879897,출판인쇄업,출판사,2026-05-01 22:30:45,I,03,폐업,,0,,2003-02-21 10:30:23,,1996-08-26,139-831,서울특별시 노원구 상계동 ***,CDFG1251001996000004,3100000,,,,03,폐업,,,,,,
근린생활시설,새싹교육회,2003-12-15,206255.585235283,462235.005930273,출판인쇄업,출판사,2026-05-01 22:30:45,I,03,폐업,,,,2003-12-15 10:08:27,,1996-11-09,139-815,서울특별시 노원구 상계동 ***-**,CDFG1251001996000008,3100000,,서울특별시 노원구 한글비석로**나길 **  (상계동),,03,폐업,,,,,,
근린생활시설,웅비미디어,1998-09-09,206285.346054744,458440.801018538,출판인쇄업,출판사,2026-05-01 22:30:45,I,03,폐업,,0,0,2003-02-21 10:30:23,,1997-01-22,139-801,서울특별시 노원구 공릉동 ***-**,CDFG1251001997000001,3100000,,서울특별시 노원구 동일로 ****  (공릉동),,03,폐업,,,,,0,0
근린생활시설,마디디자인,1998-11-05,206799.50828443,458342.170178298,출판인쇄업,출판사,2026-05-01 22:30:45,I,03,폐업,,0,0,2003-02-21 10:30:23,,1997-01-24,139-804,서울특별시 노원구 공릉동 ***-**,CDFG1251001997000002,3100000,,서울특별시 노원구 동일로***길 **  (공릉동),,03,폐업,,,,,0,0
근린생활시설,도서출판 한울,2000-02-09,206553.653824128,462128.419543289,출판인쇄업,출판사,2026-05-01 22:30:46,I,03,폐업,,0,,2003-02-21 10:30:23,,1997-02-13,139-856,서울특별시 노원구 중계동 ***-* 정진상가 *층,CDFG1251001997000003,3100000,,"서울특별시 노원구 한글비석로**길 **  (중계동,정진상가 *층)",,03,폐업,,,,,,
근린생활시설,도서출판 종로미디어,1999-07-23,205067.90796543,461303.978899871,출판인쇄업,출판사,2026-05-01 22:30:46,I,03,폐업,,0,,2003-02-21 10:30:23,,1997-03-13,139-942,서울특별시 노원구 상계동 ***-* 청산빌딩 *층,CDFG1251001997000004,3100000,,"서울특별시 노원구 노해로 ***  (상계동,청산빌딩 *층)",,03,폐업,,,,,,
,스무살,2018-03-08,205828.740725015,458536.634046055,출판인쇄업,출판사,2026-05-01 22:31:33,I,03,폐업,,,,2019-01-17 18:59:22,,2016-06-29,,서울특별시 노원구 공릉동 *** 공릉풍림아파트 ***동 ****호,CDFG1251002016000046,3100000,,"서울특별시 노원구 섬밭로 ***, ***동 ****호 (공릉동, 공릉풍림아파트)",01850,03,폐업,,,,,,
,내신파티,2018-03-15,206279.339343167,458150.162395859,출판인쇄업,출판사,2026-05-01 22:31:34,I,03,폐업,,,,2019-01-17 18:03:04,,2016-07-24,,서울특별시 노원구 공릉동 *** 공릉*차신도브래뉴아파트 ***동 ****호,CDFG1251002016000051,3100000,,"서울특별시 노원구 동일로***길 *, ***동 ****호 (공릉동, 공릉*차신도브래뉴아파트)",01852,03,폐업,,,,,,
,오응석국어,2025-01-16,206733.640183776,460895.262728421,출판인쇄업,출판사,2026-05-01 22:31:35,I,03,폐업,,,,2025-01-17 08:58:00,,2016-08-03,,서울특별시 노원구 중계동 ***-**번지 ***호,CDFG1251002016000053,3100000,,"서울특별시 노원구 한글비석로 ***, ***호 (중계동, 대명프라자)",01734,03,폐업,,,,,,
,불몽,2018-02-22,205903.318572394,457661.669716763,출판인쇄업,출판사,2026-05-01 22:31:35,I,03,폐업,,,,2018-02-22 17:22:40,,2016-09-07,,서울특별시 노원구 월계동 ** 월계미성아파트 **동 ***호,CDFG1251002016000057,3100000,,"서울특별시 노원구 마들로 **, **동 ***호 (월계동, 월계미성아파트)",01911,03,폐업,,,,,,
,해충퇴치연구소,2017-06-21,205063.756186181,462983.4627745,출판인쇄업,출판사,2026-05-01 22:31:37,I,03,폐업,,49.94,,2017-06-27 10:33:08,,2016-10-18,,서울특별시 노원구 상계동 *** 상계주공**단지아파트 ****동 ***호,CDFG1251002016000065,3100000,,"서울특별시 노원구 동일로***길 **, ****동 ***호 (상계동, 상계주공**단지아파트)",01669,03,폐업,,,,,,
,잼잼,2018-10-29,204846.017230075,462293.140879558,출판인쇄업,출판사,2026-05-01 22:31:38,I,03,폐업,,,,2019-01-17 17:58:37,,2017-01-17,,서울특별시 노원구 상계동 *** 주공아파트 ****동 ***호,CDFG1251002017000006,3100000,,"서울특별시 노원구 노원로 ***, ****동 *층 ***호 (상계동, 상계주공**단지아파트)",01675,03,폐업,,,,,,
,도서출판URD,2018-05-25,205796.707159981,457209.345176098,출판인쇄업,출판사,2026-05-01 22:31:38,I,03,폐업,,,,2018-05-30 14:01:50,,2017-02-27,,서울특별시 노원구 월계동 *** ****호,CDFG1251002017000015,3100000,,"서울특별시 노원구 화랑로**길 **-**, ****호 (월계동, 건양노블레스아파트)",01914,03,폐업,,,,,,
,덕수문화사,2019-12-26,204670.573678123,462933.316362013,출판인쇄업,출판사,2026-05-01 22:31:39,I,03,폐업,,,,2019-12-26 12:44:59,,2017-04-17,,서울특별시 노원구 상계동 *** 상계주공**단지아파트 ****동 ***호,CDFG1251002017000024,3100000,,"서울특별시 노원구 동일로***길 **, ****동 *층 ***호 (상계동, 상계주공**단지아파트)",01618,03,폐업,,,,,,
,도서출판 박장대소,2021-02-10,206630.714120071,461164.120761815,출판인쇄업,출판사,2026-05-01 22:31:39,I,03,폐업,,,,2021-02-10 16:21:30,,2017-05-02,,서울특별시 노원구 중계동 ***-* 중계주공아파트 ***동 ***호,CDFG1251002017000029,3100000,,"서울특별시 노원구 중계로 ***, ***동 *층 ***호 (중계동, 중계*단지주공아파트)",01713,03,폐업,,,,,,
,완주한책,2023-01-05,206490.247358174,460830.615360327,출판인쇄업,출판사,2026-05-01 22:31:39,I,03,폐업,,,,2023-01-31 15:20:01,,2017-05-30,,서울특별시 노원구 중계동 ***-* ***동 ****호,CDFG1251002017000033,3100000,,"서울특별시 노원구 중계로 ***, ***동 **층 ****호 (중계동, 청구*차아파트)",01742,03,폐업,,,,,,
,갓쓴이북,2020-10-16,204846.017230075,462293.140879558,출판인쇄업,출판사,2026-05-01 22:31:39,I,03,폐업,,,,2020-10-16 17:14:27,,2017-06-29,,서울특별시 노원구 상계동 *** 주공아파트 ****동 ***호,CDFG1251002017000034,3100000,,"서울특별시 노원구 노원로 ***, ****동 *층 ***호 (상계동, 상계주공**단지아파트)",01675,03,폐업,,,,,,
아파트,푸른나무교육(GTE) Korea,2017-07-13,207447.636537089,457681.671042401,출판인쇄업,출판사,2026-05-01 22:31:40,I,03,폐업,,84.9,,2017-07-13 18:16:20,,2015-06-10,,서울특별시 노원구 공릉동 ** ***동 ***호,CDFG1251002017000039,3100000,주거지역,"서울특별시 노원구 노원로*길 **, ***동 ***호 (공릉동, 공릉*단지청솔아파트)",01827,03,폐업,아파트지역,,,,,
,도서출판 늘푸른소나무,2018-03-21,205805.621561106,460041.339536101,출판인쇄업,출판사,2026-05-01 22:31:40,I,03,폐업,,,,2018-03-21 16:27:03,,2017-08-18,,서울특별시 노원구 중계동 *** ***동 ***호,CDFG1251002017000041,3100000,,"서울특별시 노원구 동일로***길 **, ***동 ***호 (중계동, 무지개아파트)",01782,03,폐업,,,,,,
,푸른나무교육(GTE) Korea,2021-03-05,207447.636537089,457681.671042401,출판인쇄업,출판사,2026-05-01 22:31:40,I,03,폐업,,,,2021-03-05 13:32:35,,2017-08-31,,서울특별시 노원구 공릉동 ** 공릉*단지청솔아파트 ***동 ***호,CDFG1251002017000043,3100000,,"서울특별시 노원구 노원로*길 **, ***동 ***호 (공릉동, 공릉*단지청솔아파트)",01827,03,폐업,,,,,,
,한무드경영연구소,2022-05-10,205789.71844701,459389.694394683,출판인쇄업,출판사,2026-05-01 22:31:40,I,03,폐업,,,,2022-05-10 16:51:43,,1993-05-11,,"서울특별시 노원구 하계동 *** 현대아파트,우성아파트",CDFG1251002017000052,3100000,,"서울특별시 노원구 섬밭로 ***, ***동 **층 ****호 (하계동, 현대아파트,우성아파트)",01780,03,폐업,,,,,,
,타임캐쳐,2018-03-08,205705.336876035,458028.977530331,출판인쇄업,출판사,2026-05-01 22:31:40,I,03,폐업,,,,2018-05-09 10:25:05,,2017-11-06,,"서울특별시 노원구 월계동 ** 월계미륭아파트,월계삼호아파트",CDFG1251002017000054,3100000,,"서울특별시 노원구 마들로 ***, **동 ****호 (월계동, 월계미륭아파트,월계삼호아파트)",01909,03,폐업,,,,,,
,솔텍미디어,2019-06-12,207385.613786593,460513.812707067,출판인쇄업,출판사,2026-05-01 22:31:40,I,03,폐업,,,,2019-06-17 14:52:39,,2017-05-23,,서울특별시 노원구 중계동 ** 현대*차아파트 ***동 ***호,CDFG1251002017000055,3100000,,"서울특별시 노원구 중계로*길 **, ***동 ***호 (중계동, 현대*차아파트)",01727,03,폐업,,,,,,
,꽃부리,2020-12-28,206308.666470915,457650.706969898,출판인쇄업,출판사,2026-05-01 22:31:41,I,03,폐업,,,,2020-12-29 09:03:58,,2018-02-13,,서울특별시 노원구 공릉동 *** 대주파크빌 ***동 ***호,CDFG1251002018000013,3100000,,"서울특별시 노원구 섬밭로 **, 대주파크빌 ***동 ***호 (공릉동, 대주파크빌)",01859,03,폐업,,,,,,
,앰비션 출판사,2020-08-05,206719.586259379,460669.836412326,출판인쇄업,출판사,2026-05-01 22:31:41,I,03,폐업,,,,2020-08-05 18:01:09,,2018-02-14,,서울특별시 노원구 중계동 ***-** 유경백화점 ***호,CDFG1251002018000015,3100000,,"서울특별시 노원구 한글비석로 ***, 유경백화점 ***호 (중계동)",01734,03,폐업,,,,,,
,더하기와 빼기,2018-10-25,206949.978095676,461064.530100751,출판인쇄업,출판사,2026-05-01 22:31:42,I,03,폐업,,,,2019-01-17 17:59:35,,2018-03-06,,서울특별시 노원구 중계동 *** 라이프청구신동아아파트 ***동 ***호,CDFG1251002018000020,3100000,,"서울특별시 노원구 중계로 ***, ***동 ***호 (중계동, 라이프청구신동아아파트)",01721,03,폐업,,,,02-6437-4566,,
,명철출판사,1998-12-21,,,출판인쇄업,출판사,2026-05-01 22:31:46,I,03,폐업,,0,,2003-02-07 11:07:55,,1994-06-25,120-802,서울특별시 서대문구 남가좌동 ***-*,CDFG1251001994000013,3120000,,,,03,폐업,,,,,,
,사랑,1997-10-28,192532.165683362,451916.330331631,출판인쇄업,출판사,2026-05-01 22:31:46,I,03,폐업,,0,,2003-02-07 11:07:55,,1994-08-04,120-802,서울특별시 서대문구 남가좌동 ***-**,CDFG1251001994000016,3120000,,서울특별시 서대문구 수색로*길 **  (남가좌동),,03,폐업,,,,,,
,한학문화,2024-05-29,195199.507409022,450654.520231714,출판인쇄업,출판사,2026-05-01 22:31:46,I,03,폐업,,,,2024-05-29 17:04:18,,1994-08-12,120-808,서울특별시 서대문구 대현동 **-**,CDFG1251001994000018,3120000,,서울특별시 서대문구 이화여대*가길 **-*  (대현동),,03,폐업,,,,,,
,인재출판사,1998-06-30,197051.267551275,451333.189077543,출판인쇄업,출판사,2026-05-01 22:31:46,I,03,폐업,,0,,2003-02-07 11:07:55,,1994-11-10,120-020,서울특별시 서대문구 미근동 ***,CDFG1251001994000023,3120000,,서울특별시 서대문구 통일로 ***-*  (미근동),,03,폐업,,,,,,
,키마기획,2000-10-17,195075.327918471,451419.735591817,출판인쇄업,출판사,2026-05-01 22:31:47,I,03,폐업,,0,,2003-02-07 11:07:55,,1994-11-17,120-160,서울특별시 서대문구 대신동 **-* *층,CDFG1251001994000024,3120000,,"서울특별시 서대문구 연대동문길 **  (대신동,*층)",,03,폐업,,,,,,
,미지사,1998-06-30,193938.185550162,450563.335982259,출판인쇄업,출판사,2026-05-01 22:31:47,I,03,폐업,,0,,2003-02-07 11:07:55,,1994-11-25,120-835,서울특별시 서대문구 창천동 ***-**,CDFG1251001994000026,3120000,,서울특별시 서대문구 신촌로*길 *  (창천동),,03,폐업,,,,,,
,도서출판 새생명,2012-07-25,196752.76401348,450838.597606871,출판인쇄업,출판사,2026-05-01 22:31:47,I,03,폐업,,,,2013-01-09 17:56:32,,1994-11-29,120-013,서울특별시 서대문구 충정로*가 *** 충정타워*층***호,CDFG1251001994000027,3120000,,"서울특별시 서대문구 서소문로 **  (충정로*가,충정타워*층***호)",,03,폐업,,,,,,
,도서출판한내,1997-11-03,,,출판인쇄업,출판사,2026-05-01 22:31:47,I,03,폐업,,0,,2003-02-07 11:07:55,,1994-12-16,120-819,서울특별시 서대문구 북아현동 ***-* 청화빌딩*층*호,CDFG1251001994000029,3120000,,,,03,폐업,,,,,,
,데이타플러스,2010-05-27,196994.902472755,451220.117774278,출판인쇄업,출판사,2026-05-01 22:31:47,I,03,폐업,,,,2010-06-09 16:16:30,,1994-07-02,120-020,서울특별시 서대문구 미근동 **-* 미근빌딩 ***호,CDFG1251001994000030,3120000,,"서울특별시 서대문구 충정로*안길 **,  ***호 (미근동,미근빌딩)",,03,폐업,,,,,,
,아태평화재단출판부,2000-08-28,193624.014939084,450696.745009002,출판인쇄업,출판사,2026-05-01 22:31:47,I,03,폐업,,0,,2003-02-07 11:07:55,,1995-02-20,120-836,서울특별시 서대문구 창천동 ***-** *층,CDFG1251001995000002,3120000,,,,03,폐업,,,,,,
,(주)소사,2001-02-02,194948.135636533,450516.885928437,출판인쇄업,출판사,2026-05-01 22:31:47,I,03,폐업,,0,,2003-02-07 11:07:55,,1995-02-21,120-809,서울특별시 서대문구 대현동 **-** 송암빌딩*층,CDFG1251001995000003,3120000,,"서울특별시 서대문구 신촌로 ***  (대현동,송암빌딩*층)",,03,폐업,,,,,,
,갈목,1997-10-28,193337.072897202,452662.578635729,출판인쇄업,출판사,2026-05-01 22:31:47,I,03,폐업,,0,,2003-02-07 11:07:55,,1995-03-06,120-806,서울특별시 서대문구 남가좌동 ***-**,CDFG1251001995000004,3120000,,서울특별시 서대문구 증가로 ***  (남가좌동),,03,폐업,,,,,,
,상진토피아,1998-06-30,193886.522757102,450621.051997104,출판인쇄업,출판사,2026-05-01 22:31:47,I,03,폐업,,0,,2003-02-07 11:07:55,,1995-07-13,120-835,서울특별시 서대문구 창천동 ***-* ***호,CDFG1251001995000011,3120000,,"서울특별시 서대문구 신촌로*길 **  (창천동,***호)",,03,폐업,,,,,,
,국민법률신문사출판국,1997-11-14,196774.276940333,451184.401149838,출판인쇄업,출판사,2026-05-01 22:31:47,I,03,폐업,,0,,2003-02-07 11:07:55,,1995-07-22,120-839,서울특별시 서대문구 충정로*가 ***-**,CDFG1251001995000013,3120000,,서울특별시 서대문구 충정로 **  (충정로*가),,03,폐업,,,,,,
,나산문고,1999-04-17,,,출판인쇄업,출판사,2026-05-01 22:31:47,I,03,폐업,,0,,2003-02-07 11:07:55,,1995-08-03,120-080,서울특별시 서대문구 현저동 **,CDFG1251001995000015,3120000,,,,03,폐업,,,,,,
,에어기획,2000-05-02,194336.396137383,450703.60103323,출판인쇄업,출판사,2026-05-01 22:31:47,I,03,폐업,,0,,2003-02-07 11:07:55,,1995-08-16,120-834,서울특별시 서대문구 창천동 **-**,CDFG1251001995000016,3120000,,서울특별시 서대문구 연세로 **  (창천동),,03,폐업,,,,,,
,조은,1998-06-30,193295.909036395,451531.909089519,출판인쇄업,출판사,2026-05-01 22:31:47,I,03,폐업,,0,,2003-02-07 11:07:55,,1995-09-11,120-828,서울특별시 서대문구 연희동 ***-** 북산빌딩*층,CDFG1251001995000018,3120000,,"서울특별시 서대문구 성산로 ***  (연희동,북산빌딩*층)",,03,폐업,,,,,,
,영어전문출판T AND T,1998-01-23,194177.334502932,454358.817301428,출판인쇄업,출판사,2026-05-01 22:31:47,I,03,폐업,,0,,2003-02-07 11:07:55,,1995-09-30,120-846,서울특별시 서대문구 홍은동 ***-*,CDFG1251001995000019,3120000,,서울특별시 서대문구 연희로**길 **  (홍은동),,03,폐업,,,,,,
,삼아출판사,2000-11-02,194074.046208742,452055.477537052,출판인쇄업,출판사,2026-05-01 22:31:47,I,03,폐업,,0,,2003-02-07 11:07:55,,1995-10-11,120-824,서울특별시 서대문구 연희동 **-** 지하,CDFG1251001995000020,3120000,,"서울특별시 서대문구 연희로 ***  (연희동,지하)",,03,폐업,,,,,,
,도서출판통일샘,2000-09-18,193752.261869885,450618.352604271,출판인쇄업,출판사,2026-05-01 22:31:47,I,03,폐업,,0,,2003-02-07 11:07:55,,1995-12-04,120-836,서울특별시 서대문구 창천동 ***-** 휴암빌딩 ***호,CDFG1251001995000023,3120000,,"서울특별시 서대문구 신촌로 **  (창천동,휴암빌딩 ***호)",,03,폐업,,,,,,
,좋은날,2013-10-02,196475.109437802,451099.872680125,출판인쇄업,출판사,2026-05-01 22:31:47,I,03,폐업,,,,2013-10-02 17:59:23,,1995-12-09,120-837,서울특별시 서대문구 충정로*가 *-*,CDFG1251001995000024,3120000,,서울특별시 서대문구 경기대로*길 **  (충정로*가),,03,폐업,,,,,,
,한국경영교육협회,2000-10-09,194874.25880058,454437.096839971,출판인쇄업,출판사,2026-05-01 22:31:47,I,03,폐업,,0,,2003-02-07 11:07:55,,1995-12-15,120-100,서울특별시 서대문구 홍은동 **-***,CDFG1251001995000025,3120000,,서울특별시 서대문구 세검정로*길 **  (홍은동),,03,폐업,,,,,,
,도서출판글모아,2003-02-26,193644.641519248,451121.158433578,출판인쇄업,출판사,2026-05-01 22:31:47,I,03,폐업,,,,2003-02-26 19:15:12,,1995-12-21,120-830,서울특별시 서대문구 연희동 ***-***,CDFG1251001995000026,3120000,,서울특별시 서대문구 연희로 **-**  (연희동),,03,폐업,,,,,,
,인디펜던트,1998-06-30,196060.150899491,451018.810074807,출판인쇄업,출판사,2026-05-01 22:31:48,I,03,폐업,,0,,2003-02-07 11:07:55,,1996-01-12,120-190,서울특별시 서대문구 북아현동 ***-** *층,CDFG1251001996000002,3120000,,"서울특별시 서대문구 북아현로*길 *-*  (북아현동,*층)",,03,폐업,,,,,,
근린생활시설,도서출판재활공학,1999-01-25,,,출판인쇄업,출판사,2026-05-01 22:30:46,I,03,폐업,,0,0,2003-02-21 10:30:23,,1997-03-17,139-200,서울특별시 노원구 상계동 ***-* 한국맹인복지현합회,CDFG1251001997000005,3100000,,,,03,폐업,,,,,0,0
근린생활시설,삼육대학교 출판부,2001-03-27,209288.472624641,460064.53972057,출판인쇄업,출판사,2026-05-01 22:30:46,I,03,폐업,,0,,2003-02-21 10:30:23,,1998-01-19,139-800,서울특별시 노원구 공릉동 **-**,CDFG1251001998000001,3100000,,서울특별시 노원구 화랑로 ***  (공릉동),,03,폐업,,,,,,
근린생활시설,열린마당,2003-09-03,205356.625412979,461535.57579374,출판인쇄업,출판사,2026-05-01 22:30:46,I,03,폐업,,,,2003-09-04 08:44:23,,1998-02-19,139-827,서울특별시 노원구 상계동 ***-* 동익빌딩 ***호,CDFG1251001998000003,3100000,,"서울특별시 노원구 상계로 **,  ***호 (상계동,동익빌딩)",,03,폐업,,,,,,
근린생활시설,도서출판 C.I.A,1998-07-08,205497.593833093,457171.381678275,출판인쇄업,출판사,2026-05-01 22:30:46,I,03,폐업,,0,0,2003-02-21 10:30:23,,1998-03-26,139-846,서울특별시 노원구 월계동 ***-*,CDFG1251001998000004,3100000,,서울특별시 노원구 석계로**길 **  (월계동),,03,폐업,,,,,0,0
근린생활시설,도서출판컴퓨터,1999-07-22,207219.745474195,460836.588725898,출판인쇄업,출판사,2026-05-01 22:30:46,I,03,폐업,,0,,2003-02-21 10:30:23,,1998-04-01,139-929,서울특별시 노원구 중계동 **-** 지하,CDFG1251001998000005,3100000,,"서울특별시 노원구 중계로**바길 *  (중계동,지하)",,03,폐업,,,,,,
근린생활시설,도서출판 랜드북,2006-01-31,205297.659202914,461519.760233787,출판인쇄업,출판사,2026-05-01 22:30:46,I,03,폐업,,13.22,8,2006-03-31 17:29:30,,1998-07-10,139-827,서울특별시 노원구 상계동 ***-* 노원프라자 ***~***호,CDFG1251001998000007,3100000,,"서울특별시 노원구 상계로 **  (상계동,노원프라자 ***~***호)",,03,폐업,기타,,,,9,1
근린생활시설,태평양출판사,2010-12-27,205994.97020348,461911.313322083,출판인쇄업,출판사,2026-05-01 22:30:46,I,03,폐업,,19.83,0,2010-12-27 16:01:28,,1998-09-26,139-818,서울특별시 노원구 상계동 ***-***,CDFG1251001998000011,3100000,,서울특별시 노원구 상계로**길 **-**  (상계동),,03,폐업,,,,,0,0
근린생활시설,도서출판  르네상스,2000-08-10,206686.332409947,461010.45375712,출판인쇄업,출판사,2026-05-01 22:30:46,I,03,폐업,,9.92,0,2003-02-21 10:30:23,,1998-10-28,139-860,서울특별시 노원구 중계동 ***-** 영광프라자 ***호,CDFG1251001998000015,3100000,,"서울특별시 노원구 한글비석로 ***  (중계동,영광프라자 ***호)",,03,폐업,,,,,0,0
근린생활시설,징코포럼,2008-02-04,206386.892157069,457858.265073743,출판인쇄업,출판사,2026-05-01 22:30:46,I,03,폐업,,,,2008-02-04 13:04:17,,1998-11-16,139-807,서울특별시 노원구 공릉동 ***-* *층,CDFG1251001998000018,3100000,,"서울특별시 노원구 동일로***길 *  (공릉동,*층)",,03,폐업,,,,,,
근린생활시설,인터넷집현전,2000-11-22,205297.659202914,461519.760233787,출판인쇄업,출판사,2026-05-01 22:30:46,I,03,폐업,,0,0,2003-02-21 10:30:23,,1999-01-06,139-827,서울특별시 노원구 상계동 ***-* 노원프라자빌딩 ***동 *호,CDFG1251001999000001,3100000,,"서울특별시 노원구 상계로 **, ***동 *호 (상계동,노원프라자빌딩)",,03,폐업,,,,,0,0
근린생활시설,엘다아,1999-07-14,205843.036978036,462476.508815289,출판인쇄업,출판사,2026-05-01 22:30:46,I,03,폐업,,0,0,2003-02-21 10:30:23,,1999-02-10,139-820,서울특별시 노원구 상계동 ***-*** *층,CDFG1251001999000002,3100000,,"서울특별시 노원구 한글비석로**길 *  (상계동,*층)",,03,폐업,,,,,0,0
,알뜰쇼핑,2000-12-30,205978.185783794,462367.006783272,출판인쇄업,출판사,2026-05-01 22:30:46,I,03,폐업,,0,0,2003-02-21 10:30:23,,1999-03-02,139-820,서울특별시 노원구 상계동 ***-* 교림프라자 ***,CDFG1251001999000003,3100000,,"서울특별시 노원구 한글비석로 ***  (상계동,교림프라자 ***)",,03,폐업,,,,,0,0
,도서출판 아인,1999-05-31,205164.054482331,461393.748688552,출판인쇄업,출판사,2026-05-01 22:30:46,I,03,폐업,,0,0,2003-02-21 10:30:23,,1999-04-27,139-942,서울특별시 노원구 상계동 *** 문화빌딩 ***호,CDFG1251001999000005,3100000,,"서울특별시 노원구 노해로**길 **-*  (상계동,문화빌딩 ***호)",,03,폐업,,,,,0,0
근린생활시설,열린교육정보,2000-08-14,206707.609900045,461041.99905811,출판인쇄업,출판사,2026-05-01 22:30:46,I,03,폐업,,0,0,2003-02-21 10:30:23,,1999-05-01,139-860,서울특별시 노원구 중계동 ***-* 마들프라자빌딩 ***호,CDFG1251001999000006,3100000,,"서울특별시 노원구 한글비석로 ***,  ***호 (중계동,마들프라자빌딩)",,03,폐업,,,,,0,0
근린생활시설,백두산문학회,2001-11-07,205920.87114808,459040.420031177,출판인쇄업,출판사,2026-05-01 22:30:46,I,03,폐업,,0,,2003-02-21 10:30:23,,1999-06-07,139-873,서울특별시 노원구 하계동 *** 장미A *단지유치원상가***,CDFG1251001999000008,3100000,,,,03,폐업,,,,,,
근린생활시설,마들문화,1999-12-31,205127.802820747,461355.240414987,출판인쇄업,출판사,2026-05-01 22:30:46,I,03,폐업,,0,0,2013-12-11 09:29:15,,1999-06-07,139-942,서울특별시 노원구 상계동 ***-* 효림빌딩***호,CDFG1251001999000009,3100000,,"서울특별시 노원구 노해로**길 **-** (상계동,효림빌딩***호)",,03,폐업,,,,,0,0
근린생활시설,리퍼북스,2002-03-22,206777.482930833,458375.201956698,출판인쇄업,출판사,2026-05-01 22:30:46,I,03,폐업,,0,0,2003-02-21 10:30:23,,1999-08-02,139-804,서울특별시 노원구 공릉동 ***-*** *층,CDFG1251001999000010,3100000,,"서울특별시 노원구 동일로***길 **  (공릉동,*층)",,03,폐업,,,,,0,0
근린생활시설,사단법인한국맹인복지연합회,2000-07-11,204940.089436072,459998.314879897,출판인쇄업,출판사,2026-05-01 22:30:46,I,03,폐업,,0,0,2003-02-21 10:30:23,,1999-08-11,139-831,서울특별시 노원구 상계동 ***-*,CDFG1251001999000011,3100000,,,,03,폐업,,,,,0,0
근린생활시설,주성문화사,2003-12-02,206026.125724912,461584.356015985,출판인쇄업,출판사,2026-05-01 22:30:46,I,03,폐업,,,,2003-12-02 14:05:02,,1999-08-20,139-816,서울특별시 노원구 상계동 ***-** 지층,CDFG1251001999000012,3100000,,"서울특별시 노원구 상계로**길 **  (상계동,지층)",,03,폐업,,,,,,1
근린생활시설,미콤 아트페이퍼(주),2006-04-17,206219.437371151,459926.107544031,출판인쇄업,출판사,2026-05-01 22:30:46,I,03,폐업,,,,2006-04-17 14:22:40,,1999-10-28,139-230,서울특별시 노원구 하계동 ***-* 하계테크노타운 A-***,CDFG1251001999000014,3100000,,"서울특별시 노원구 노원로**길 **  (하계동,하계테크노타운 A-***)",,03,폐업,아파트지역,,,,,
,문화비전,2000-04-15,204949.405836542,457427.199122456,출판인쇄업,출판사,2026-05-01 22:30:46,I,03,폐업,,0,,2003-02-21 10:30:23,,1999-12-02,139-845,서울특별시 노원구 월계동 ***-** *층,CDFG1251001999000017,3100000,,"서울특별시 노원구 광운로*길 **-*  (월계동,*층)",,03,폐업,,,,,,
,잠비,2009-10-21,204772.500639238,464208.305428933,출판인쇄업,출판사,2026-05-01 22:30:46,I,03,폐업,,,,2013-12-11 09:31:00,,1999-12-10,139-838,서울특별시 노원구 상계동 **** 오피앙 ***호,CDFG1251001999000018,3100000,,"서울특별시 노원구 동일로 **** (상계동,오피앙 ***호)",,03,폐업,,,,02-3391-1223,,
,프롬,2022-03-21,206111.372366785,460867.374353242,출판인쇄업,출판사,2026-05-01 22:31:42,I,03,폐업,,,,2022-03-22 09:26:58,,2018-03-12,,서울특별시 노원구 중계동 *** 성원아파트 ***동 ***호,CDFG1251002018000023,3100000,,"서울특별시 노원구 덕릉로**길 *, 성원아파트 ***동 ***호 (중계동, 성원아파트)",01710,03,폐업,,,,,,
,강북CBF,2019-02-13,206417.085691968,457559.047863064,출판인쇄업,출판사,2026-05-01 22:31:42,I,03,폐업,,,,2022-01-03 10:11:29,,2018-03-22,,서울특별시 노원구 공릉동 ***-** ***호,CDFG1251002018000024,3100000,,"서울특별시 노원구 동일로***가길 **-*, ***호 (공릉동)",01858,03,폐업,,,,,,
,꽃피움,2019-11-29,205588.636016926,459964.099651861,출판인쇄업,출판사,2026-05-01 22:31:43,I,03,폐업,,,,2019-12-02 17:44:34,,2018-05-04,,서울특별시 노원구 중계동 *** 중계그린아파트 ***동 ****호,CDFG1251002018000033,3100000,,"서울특별시 노원구 동일로***길 **, ***동 ****호 (중계동, 중계그린아파트)",01778,03,폐업,,,,,,
,2와5,2019-12-30,206422.350530967,459259.697948621,출판인쇄업,출판사,2026-05-01 22:31:43,I,03,폐업,,,,2020-01-03 17:49:44,,2018-05-28,,서울특별시 노원구 하계동 ***-* ***호,CDFG1251002018000040,3100000,,"서울특별시 노원구 공릉로**나길 *, ***호 (하계동)",01809,03,폐업,,,,,,
,퀘스천,2023-11-27,204650.437591318,464174.158420444,출판인쇄업,출판사,2026-05-01 22:31:43,I,03,폐업,,,,2023-11-30 13:10:32,,2018-05-28,,서울특별시 노원구 상계동 **** 은빛*단지아파트 ***동 ****호,CDFG1251002018000041,3100000,,"서울특별시 노원구 동일로***가길 **, ***동 ****호 (상계동, 은빛*단지아파트)",01604,03,폐업,,,,,,
,모리탁상,2019-12-26,204957.562393784,462039.10749227,출판인쇄업,출판사,2026-05-01 22:31:43,I,03,폐업,,,,2019-12-26 12:44:51,,2018-05-31,,서울특별시 노원구 상계동 *** *층 *호,CDFG1251002018000042,3100000,,"서울특별시 노원구 노원로 ***, *층 *호 (상계동, 임광아파트)",01687,03,폐업,,,,,,
,새벽밤,2021-03-23,205705.336876035,458028.977530331,출판인쇄업,출판사,2026-05-01 22:31:44,I,03,폐업,,,,2021-03-23 16:04:10,,2018-06-12,,"서울특별시 노원구 월계동 ** 월계미륭아파트,월계삼호아파트 **동 ****호",CDFG1251002018000044,3100000,,"서울특별시 노원구 마들로 ***, **동 ****호 (월계동, 월계미륭아파트,월계삼호아파트)",01909,03,폐업,,,,,,
,간단한 말,2023-01-02,205660.986625043,462645.285471828,출판인쇄업,출판사,2026-05-01 22:31:44,I,03,폐업,,,,2023-01-02 14:47:10,,2018-07-03,,서울특별시 노원구 상계동 *** ***동 ***호,CDFG1251002018000048,3100000,,"서울특별시 노원구 한글비석로 ***, ***동 ***호 (상계동, 보람아파트*단지)",01671,03,폐업,,,,,,
,자연생활,2021-11-23,205344.664263273,459333.879372182,출판인쇄업,출판사,2026-05-01 22:31:44,I,03,폐업,,,,2024-03-04 10:22:31,,2018-07-17,,서울특별시 노원구 하계동 *** 학여울청구아파트 ***동 ***호,CDFG1251002018000049,3100000,,"서울특별시 노원구 동일로***길 ***, ***동 ***호 (하계동, 학여울청구아파트)",01775,03,폐업,,,,,,
,도서출판 제니,2021-01-22,206078.194049016,460122.918358505,출판인쇄업,출판사,2026-05-01 22:31:44,I,03,폐업,,,,2021-01-22 14:06:46,,2018-07-24,,서울특별시 노원구 중계동 ***-* 목화아파트 ***동 ****호,CDFG1251002018000052,3100000,,"서울특별시 노원구 노원로**길 **, 목화아파트 ***동 ****호 (중계동, 목화아파트)",01787,03,폐업,,,,,,
,더나북스,2020-10-08,205934.062609811,462489.71350395,출판인쇄업,출판사,2026-05-01 22:31:44,I,03,폐업,,,,2020-10-08 11:37:23,,2018-07-24,,서울특별시 노원구 상계동 *** *동 ***호,CDFG1251002018000053,3100000,,"서울특별시 노원구 한글비석로**길 *, *동 ***호 (상계동, 한신*차아파트)",01656,03,폐업,,,,,,
,도서출판 발언,2025-01-03,207281.977032498,460554.162063061,출판인쇄업,출판사,2026-05-01 22:31:46,I,03,폐업,,0,0,2025-01-03 17:57:23,,2002-09-17,,서울특별시 노원구 중계동 *** 한화꿈에그린아파트,CDFG1251002018000062,3100000,,"서울특별시 노원구 중계로*길 **, ***동 ***호 (중계동, 한화꿈에그린아파트)",01727,03,폐업,,,,,0,0
,여문다,2021-02-02,207332.313730832,460936.888846785,출판인쇄업,출판사,2026-05-01 22:31:46,I,03,폐업,,,,2021-02-02 17:44:32,,2018-12-09,,서울특별시 노원구 중계동 ***-* 부강그린빌라트,CDFG1251002018000075,3100000,,"서울특별시 노원구 중계로**길 **, *층 ***호 (중계동, 부강그린빌라트)",01722,03,폐업,,,,,,
,도서출판 국어세움,2025-05-30,206961.222055894,460527.904409859,출판인쇄업,출판사,2026-05-01 22:31:46,I,03,폐업,,,,2025-06-17 10:46:42,,2019-01-21,,서울특별시 노원구 중계동 ***-* 주공*단지아파트,CDFG1251002019000006,3100000,,"서울특별시 노원구 한글비석로*길 **, ***동 *층 **호 (중계동, 주공*단지아파트)",01739,03,폐업,,,,,,
,새벽날개,2025-03-20,206630.714120071,461164.120761815,출판인쇄업,출판사,2026-05-01 22:31:46,I,03,폐업,,,,2025-03-20 16:59:48,,2019-01-25,,서울특별시 노원구 중계동 ***-* 중계*단지주공아파트,CDFG1251002019000007,3100000,,"서울특별시 노원구 중계로 *** (중계동, 중계*단지주공아파트)",01713,03,폐업,,,,,,
,JBCpress(제이비씨프레스),2019-12-24,204772.500639238,464208.305428933,출판인쇄업,출판사,2026-05-01 22:31:47,I,03,폐업,,,,2020-06-24 17:48:27,,2019-03-28,,서울특별시 노원구 상계동 **** 희성오피앙,CDFG1251002019000018,3100000,,"서울특별시 노원구 동일로 ****, *층 ***호 (상계동, 희성오피앙)",01604,03,폐업,,,,,,
,파즈북스(PAZ BOOKS),2020-05-25,206730.759312992,458115.277055158,출판인쇄업,출판사,2026-05-01 22:31:47,I,03,폐업,,,,2020-05-25 13:19:14,,2019-05-27,,서울특별시 노원구 공릉동 ***-**,CDFG1251002019000026,3100000,,"서울특별시 노원구 동일로***길 **-**, *층 ***호 (공릉동)",01843,03,폐업,,,,,,
,발명 앤 아트,2019-11-06,205660.986625043,462645.285471828,출판인쇄업,출판사,2026-05-01 22:31:47,I,03,폐업,,,,2019-11-06 18:04:07,,2019-06-19,,서울특별시 노원구 상계동 *** 보람아파트*단지,CDFG1251002019000030,3100000,,"서울특별시 노원구 한글비석로 ***, ***동 *층 ***호 (상계동, 보람아파트*단지)",01671,03,폐업,,,,02-998-0232,,
,잇고엮는,2020-12-30,205373.991035589,460072.170782879,출판인쇄업,출판사,2026-05-01 22:31:47,I,03,폐업,,,,2020-12-31 09:40:29,,2019-06-27,,서울특별시 노원구 중계동 ***-* 시립북부여성발전센타,CDFG1251002019000032,3100000,,"서울특별시 노원구 동일로***길 **, 시립북부여성발전센타 지하*층 ***호 (중계동)",01771,03,폐업,,,,,,
,나무미디어,2020-12-30,205984.15211292,457275.799282625,출판인쇄업,출판사,2026-05-01 22:31:47,I,03,폐업,,,,2020-12-31 09:22:33,,2019-07-16,,서울특별시 노원구 월계동 ** 그랑빌아파트,CDFG1251002019000037,3100000,,"서울특별시 노원구 마들로 **, ***동 *층 ***호 (월계동, 그랑빌아파트)",01913,03,폐업,,,,,,
,바다에 심은 나무,2020-04-02,206555.986022476,458123.895035972,출판인쇄업,출판사,2026-05-01 22:31:48,I,03,폐업,,,,2020-04-02 15:06:04,,2019-12-10,,서울특별시 노원구 공릉동 ***-**,CDFG1251002019000061,3100000,,"서울특별시 노원구 동일로***길 **-**, *층 ***호 (공릉동)",01844,03,폐업,,,,,,
,도서출판 비젼21,2001-07-18,206449.174568637,457737.954897119,출판인쇄업,출판사,2026-05-01 22:30:46,I,03,폐업,,0,0,2003-02-21 10:30:23,,1999-12-22,139-807,서울특별시 노원구 공릉동 ***-** 안국빌딩 *층,CDFG1251001999000019,3100000,,"서울특별시 노원구 동일로 ****  (공릉동,안국빌딩 *층)",,03,폐업,,,,,0,0
,도서출판 가이나,2003-11-17,206760.872045568,457359.441328986,출판인쇄업,출판사,2026-05-01 22:30:46,I,03,폐업,,,,2003-11-17 13:30:26,,1999-12-22,139-808,서울특별시 노원구 공릉동 ***-* 우성빌딩 *층*호,CDFG1251001999000020,3100000,,"서울특별시 노원구 화랑로 ***  (공릉동,우성빌딩 *층*호)",,03,폐업,,,,,,
,(주)늘푸른열린교육,2004-08-13,206618.498700563,458592.902403105,출판인쇄업,출판사,2026-05-01 22:30:47,I,03,폐업,,,,2004-08-13 15:10:47,,2000-01-12,139-804,서울특별시 노원구 공릉동 ***-* 임팩트빌딩 *층,CDFG1251002000000001,3100000,,"서울특별시 노원구 동일로***길 **  (공릉동,임팩트빌딩 *층)",,03,폐업,,,,,,
,가남미디어,2000-09-28,205786.44689177,462000.21289367,출판인쇄업,출판사,2026-05-01 22:30:47,I,03,폐업,,0,0,2003-02-21 10:30:23,,2000-02-07,139-818,서울특별시 노원구 상계동 ***-** ***호,CDFG1251002000000005,3100000,,"서울특별시 노원구 한글비석로**길 **  (상계동,***호)",,03,폐업,,,,,2,0
,건덕기획,2014-08-11,206356.22314833,462123.478004887,출판인쇄업,출판사,2026-05-01 22:30:47,I,03,폐업,,0,0,2014-08-11 13:17:45,,2000-02-18,139-748,서울특별시 노원구 상계동 ***-* 벽산종합상가 ***동 **호,CDFG1251002000000006,3100000,,"서울특별시 노원구 한글비석로 ***, ***동 **호 (상계동, 벽산종합상가)",,03,폐업,,,,,0,0
,도서출판 여섯수레,2009-05-12,206726.35690997,460848.731777673,출판인쇄업,출판사,2026-05-01 22:30:47,I,03,폐업,,0,0,2009-05-14 09:41:26,,2000-03-24,,서울특별시 노원구 중계동 ***-** 그린코아빌딩 *층,CDFG1251002000000008,3100000,,"서울특별시 노원구 한글비석로 ***  (중계동,그린코아빌딩 *층)",,03,폐업,,,,,0,0
,이지북(e-GBOOK),2003-10-27,206859.025716866,457752.51466928,출판인쇄업,출판사,2026-05-01 22:30:47,I,03,폐업,,,,2003-10-27 10:05:40,,2000-04-25,139-802,서울특별시 노원구 공릉동 ***-** *층,CDFG1251002000000009,3100000,,"서울특별시 노원구 공릉로**길 **  (공릉동,*층)",,03,폐업,,,,,,
,사이버스쿨,2000-07-01,206097.301988985,462429.123801129,출판인쇄업,출판사,2026-05-01 22:30:47,I,03,폐업,,0,0,2013-12-13 11:42:13,,2000-05-10,139-813,서울특별시 노원구 상계동 ***-* 흥봉빌딩 ***,CDFG1251002000000010,3100000,,"서울특별시 노원구 한글비석로**길 ** (상계동,흥봉빌딩 ***)",,03,폐업,,,,,0,0
,도서출판 인포원,2004-10-06,204790.424786507,458749.280581727,출판인쇄업,출판사,2026-05-01 22:30:47,I,03,폐업,,,,2004-10-06 13:50:29,,2000-06-01,139-848,서울특별시 노원구 월계동 *** 외*필지 인덕대학창업교육센타***,CDFG1251002000000011,3100000,,"서울특별시 노원구 초안산로 **  (월계동,외*필지 인덕대학창업교육센타***)",,03,폐업,,,,,,
,사단법인 한국시각장애인연합회,2014-05-26,204940.089436072,459998.314879897,출판인쇄업,출판사,2026-05-01 22:30:47,I,03,폐업,,0,0,2014-05-29 10:45:13,,2000-07-21,139-831,서울특별시 노원구 상계동 ***-*,CDFG1251002000000012,3100000,,서울특별시 노원구 덕릉로**가길 ** (상계동),,03,폐업,,,,,0,0
,맑은물,2006-12-20,,,출판인쇄업,출판사,2026-05-01 22:30:47,I,03,폐업,,0,0,2013-12-13 11:45:02,,2000-08-21,139-814,서울특별시 노원구 상계동 ***-*** *층,CDFG1251002000000014,3100000,,"서울특별시 노원구 수락산로 **-* (상계동,*층)",,03,폐업,,,,,0,0
근린생활시설,S-미디어,2017-03-22,206806.601773403,462458.900328011,출판인쇄업,출판사,2026-05-01 22:30:47,I,03,폐업,,0,,2017-03-22 17:58:34,,2000-08-28,139-810,서울특별시 노원구 상계동 **-** (*층),CDFG1251002000000015,3100000,,"서울특별시 노원구 덕릉로***길 ** (상계동,(*층))",,03,폐업,,,,,,
,하나원,2005-05-03,204893.423134982,463881.694008929,출판인쇄업,출판사,2026-05-01 22:30:47,I,03,폐업,,,,2005-05-03 15:36:42,,2000-09-22,139-837,서울특별시 노원구 상계동 ****-*,CDFG1251002000000017,3100000,,서울특별시 노원구 동일로***길 **  (상계동),,03,폐업,,,,,,
,기나라,2009-06-16,206497.899256693,459249.944848114,출판인쇄업,출판사,2026-05-01 22:30:47,I,03,폐업,,0,0,2013-12-19 13:59:11,,2000-10-05,139-869,서울특별시 노원구 하계동 **-* *층,CDFG1251002000000018,3100000,,"서울특별시 노원구 공릉로**길 ***-* (하계동,*층)",,03,폐업,,,,,0,0
,새로남성서연구원,2005-11-11,,,출판인쇄업,출판사,2026-05-01 22:30:47,I,03,폐업,,0,0,2013-12-09 13:29:28,,2000-10-12,139-731,서울특별시 노원구 상계동 *-* *구역**-*블럭  *,CDFG1251002000000019,3100000,,,,03,폐업,,,,,0,0
,아이빌리지,2001-01-30,205978.185783794,462367.006783272,출판인쇄업,출판사,2026-05-01 22:30:47,I,03,폐업,,0,0,2003-02-21 10:30:23,,2000-11-30,139-820,서울특별시 노원구 상계동 ***-* 교림프라자빌딩 ***,CDFG1251002000000022,3100000,,"서울특별시 노원구 한글비석로 ***  (상계동,교림프라자빌딩 ***)",,03,폐업,,,,,0,0
근린생활시설,도서출판 아브라함,2004-02-25,205842.611006194,461322.253593807,출판인쇄업,출판사,2026-05-01 22:30:47,I,03,폐업,,,,2004-04-01 10:05:59,,2000-12-07,139-200,서울특별시 노원구 상계동 ***-* 주공*단지 마상가***호,CDFG1251002000000023,3100000,,"서울특별시 노원구 노원로 ***  (상계동,주공*단지 마상가***호)",,03,폐업,,,,,,
,현암명리학연구회,2007-12-27,206101.611441795,462585.23194905,출판인쇄업,출판사,2026-05-01 22:30:47,I,03,폐업,,,,2007-12-28 09:39:34,,2001-08-21,139-813,서울특별시 노원구 상계동 ***-** *층,CDFG1251002001000005,3100000,,"서울특별시 노원구 한글비석로**라길 **  (상계동,*층)",,03,폐업,,,,,,
,우리동네,2003-01-30,205421.148836089,460856.264207739,출판인쇄업,출판사,2026-05-01 22:30:47,I,03,폐업,,0,0,2003-02-21 10:30:23,,2001-08-23,139-832,서울특별시 노원구 상계동 ***-* 주공*단지상가***,CDFG1251002001000006,3100000,,,,03,폐업,,,,,0,0
,열두마상,2007-06-30,206485.277293255,461760.850186899,출판인쇄업,출판사,2026-05-01 22:30:47,I,03,폐업,,,,2013-12-19 14:00:20,,2001-09-03,139-856,서울특별시 노원구 중계동 ***-** 동경빌딩*층,CDFG1251002001000007,3100000,,"서울특별시 노원구 한글비석로 ***, *층 (중계동, 동경빌딩)",,03,폐업,,,,,,
,사랑의방주,2013-02-13,206341.9040064,461845.120373232,출판인쇄업,출판사,2026-05-01 22:30:47,I,03,폐업,,0,,2013-02-13 14:10:00,,2001-09-20,139-867,서울특별시 노원구 중계동 ***-* 삼창타워***호,CDFG1251002001000008,3100000,,"서울특별시 노원구 한글비석로 *** (중계동,삼창타워***호)",,03,폐업,,,,,,
,필요한 기획,2003-12-05,206415.545086691,461546.032265974,출판인쇄업,출판사,2026-05-01 22:30:47,I,03,폐업,,,,2003-12-05 12:52:37,,2001-09-20,139-859,서울특별시 노원구 중계동 ***-* 현대종합상가***호,CDFG1251002001000009,3100000,,"서울특별시 노원구 한글비석로**길 **  (중계동,현대종합상가***호)",,03,폐업,,,,,,
,한국적산학원,2023-03-29,206796.397422474,457499.581992857,출판인쇄업,출판사,2026-05-01 22:31:48,I,03,폐업,,,,2023-03-29 16:49:39,,2020-02-21,,서울특별시 노원구 공릉동 ***-*,CDFG1251002020000013,3100000,,"서울특별시 노원구 공릉로 ***-*, *층 (공릉동)",01849,03,폐업,,,,,,
,도서출판 H.R,2021-03-12,204655.767899739,464849.968985063,출판인쇄업,출판사,2026-05-01 22:31:48,I,03,폐업,,,,2021-03-12 17:34:06,,2020-03-03,,서울특별시 노원구 상계동 **** 수락리버시티*단지,CDFG1251002020000017,3100000,,"서울특별시 노원구 누원로 **, ***동 ***호 (상계동, 수락리버시티*단지)",01601,03,폐업,,,,,,
,(주)루디벨,2022-12-26,206708.878294585,457477.154924921,출판인쇄업,출판사,2026-05-01 22:31:48,I,03,폐업,,,,2023-01-02 15:18:20,,2020-03-12,,서울특별시 노원구 공릉동 ***,CDFG1251002020000019,3100000,,"서울특별시 노원구 동일로***길 **, 서울창업디딤터 ***호 (공릉동)",01849,03,폐업,,,,,,
아파트,체인지업,2024-09-25,204746.77290103,463349.15008912,출판인쇄업,출판사,2026-05-01 22:31:48,I,03,폐업,,,,2024-10-07 21:42:21,,2020-02-21,,서울특별시 노원구 상계동 ****-* 풀하우스,CDFG1251002020000024,3100000,일반주거지역,"서울특별시 노원구 동일로 ****-**, 풀하우스 (상계동)",01613,03,폐업,아파트지역,,,,,
,소울미디어,2024-09-25,204746.77290103,463349.15008912,출판인쇄업,출판사,2026-05-01 22:31:49,I,03,폐업,,10,,2024-10-07 21:25:22,,2020-07-17,,서울특별시 노원구 상계동 ****-* 풀하우스,CDFG1251002020000045,3100000,,"서울특별시 노원구 동일로 ****-**, 풀하우스 (상계동)",01613,03,폐업,,,,02-6956-8977,,
근린생활시설,발품불패,2021-08-11,204746.77290103,463349.15008912,출판인쇄업,출판사,2026-05-01 22:31:49,I,03,폐업,,10,,2021-08-11 16:12:35,,2020-07-17,,서울특별시 노원구 상계동 ****-* 풀하우스,CDFG1251002020000046,3100000,,"서울특별시 노원구 동일로 ****-**, 풀하우스 (상계동)",01613,03,폐업,,,,02-6956-8977,,
아파트,노혁당,2023-12-29,205094.697210104,460821.487931542,출판인쇄업,출판사,2026-05-01 22:31:49,I,03,폐업,,58.01,12,2023-12-29 18:00:17,,2020-07-27,,서울특별시 노원구 상계동 *** 상계주공*단지아파트,CDFG1251002020000049,3100000,,"서울특별시 노원구 동일로***길 **, ***동 ***호 (상계동, 상계주공*단지아파트)",01764,03,폐업,,,,,13,1
,뉴클리어 스튜디오,2022-12-20,204957.562393784,462039.10749227,출판인쇄업,출판사,2026-05-01 22:31:49,I,03,폐업,,102,,2022-12-20 13:29:44,,2020-08-20,,서울특별시 노원구 상계동 *** 임광아파트,CDFG1251002020000055,3100000,,"서울특별시 노원구 노원로 ***, *층 *호 (상계동, 임광아파트)",01687,03,폐업,,,,,,
아파트,alice 5439_,2022-02-28,206216.974156757,461665.825847612,출판인쇄업,출판사,2026-05-01 22:31:49,I,03,폐업,,,,2022-03-02 14:10:33,,2020-08-31,,서울특별시 노원구 상계동 **** 대동청솔아파트,CDFG1251002020000058,3100000,,"서울특별시 노원구 상계로**길 **, ***동 **층 ****호 (상계동, 대동청솔아파트)",01698,03,폐업,,,,,,
아파트,서로사회연구소,2021-11-05,206855.275668431,460822.646772608,출판인쇄업,출판사,2026-05-01 22:31:49,I,03,폐업,,,15,2021-11-05 13:56:54,,2020-09-10,,"서울특별시 노원구 중계동 *** 동진,신안아파트",CDFG1251002020000060,3100000,,"서울특별시 노원구 중계로 ***, ***동 **층 ****호 (중계동, 동진,신안아파트)",01735,03,폐업,,,,,16,1
아파트,BENE,2023-03-31,205423.604181372,462810.427175234,출판인쇄업,출판사,2026-05-01 22:31:49,I,03,폐업,,58.01,15,2023-07-05 17:32:10,,2020-10-12,,서울특별시 노원구 상계동 *** 상계주공**단지아파트,CDFG1251002020000061,3100000,,"서울특별시 노원구 한글비석로**길 **, ****동 *층 ***호 (상계동, 상계주공**단지아파트)",01672,03,폐업,,,,,16,1
아파트,벽암,2022-04-21,207164.201416648,458290.138258124,출판인쇄업,출판사,2026-05-01 22:31:49,I,03,폐업,,84.66,,2022-04-22 15:11:02,,2020-11-03,,서울특별시 노원구 공릉동 *** 삼익아파트 ***동 ***호,CDFG1251002020000065,3100000,,"서울특별시 노원구 공릉로**길 **, ***동 ***호 (공릉동, 삼익아파트)",01816,03,폐업,,,,,,
,종이로만든책,2023-02-28,206870.442066691,458416.814877168,출판인쇄업,출판사,2026-05-01 22:31:49,I,03,폐업,,,,2023-02-28 13:50:06,,2020-08-04,,서울특별시 노원구 공릉동 *** 동부아파트,CDFG1251002020000067,3100000,,"서울특별시 노원구 공릉로 ***, ***동 **층 ****호 (공릉동, 동부아파트)",01814,03,폐업,,,,,,
아파트,리사북스,2020-12-11,206754.748236702,459458.044860707,출판인쇄업,출판사,2026-05-01 22:31:49,I,03,폐업,,59.74,17,2020-12-11 17:22:46,,2020-11-17,,서울특별시 노원구 하계동 *** 우방아파트,CDFG1251002020000069,3100000,,"서울특별시 노원구 공릉로**길 ***, ***동 *층 ***호 (하계동, 우방아파트)",01808,03,폐업,,,,,17,
,다락북,2022-07-26,206136.616461214,458195.201623965,출판인쇄업,출판사,2026-05-01 22:31:50,I,03,폐업,,,,2022-07-27 10:06:45,,2021-01-11,,서울특별시 노원구 공릉동 *** 우국리더스빌아파트 C동 ***호,CDFG1251002021000002,3100000,,"서울특별시 노원구 동일로***길 **, C동 ***호 (공릉동, 우국리더스빌아파트)",01853,03,폐업,,,,,,
,해피판다 스토어,2024-01-30,207019.727340232,458418.229301355,출판인쇄업,출판사,2026-05-01 22:31:50,I,03,폐업,,,,2024-01-30 16:42:20,,2021-01-22,,서울특별시 노원구 공릉동 *** 공릉동 한보에센시티아파트 ***동 ***호,CDFG1251002021000006,3100000,,"서울특별시 노원구 공릉로**길 **, ***동 ***호 (공릉동, 공릉동 한보에센시티아파트)",01813,03,폐업,,,,,,
,(주)시각문화연구,2022-03-21,206793.849801814,457535.589149023,출판인쇄업,출판사,2026-05-01 22:31:50,I,03,폐업,,,,2022-03-22 09:26:47,,2021-04-01,,서울특별시 노원구 공릉동 ***-** *층,CDFG1251002021000024,3100000,,"서울특별시 노원구 공릉로 ***, *층 (공릉동)",01849,03,폐업,,,,,,
,에듀컷,2024-09-27,206189.655459605,461405.493924821,출판인쇄업,출판사,2026-05-01 22:31:50,I,03,폐업,,,,2024-10-08 09:39:25,,2020-02-18,,서울특별시 노원구 상계동 *** 성지빌딩 *층 *-A호,CDFG1251002021000043,3100000,,"서울특별시 노원구 노원로**길 **, 성지빌딩 *층 *-A호 (상계동)",01704,03,폐업,,,,0505-541-2000,,
아파트,에티엔,2025-10-31,207274.300313358,457909.125969428,출판인쇄업,출판사,2026-05-01 22:31:51,I,03,폐업,,49.6,,2025-10-31 15:58:32,,2021-11-12,,서울특별시 노원구 공릉동 ** 태강아파트,CDFG1251002021000061,3100000,,"서울특별시 노원구 공릉로**길 **, ****동 *층 *호 (공릉동, 태강아파트)",01820,03,폐업,,,,,,
,성스북,2022-10-06,204463.453552983,458982.560083978,출판인쇄업,출판사,2026-05-01 22:31:51,I,03,폐업,,,,2022-10-06 16:07:08,,2021-12-07,,서울특별시 노원구 월계동 *** 대우아파트 ***동 ***호,CDFG1251002021000064,3100000,,"서울특별시 노원구 초안산로*길 **, 대우아파트 ***동 ***호 (월계동, 대우아파트)",01868,03,폐업,,,,,,
,예맥,2023-03-14,207098.659548494,463287.58273428,출판인쇄업,출판사,2026-05-01 22:31:51,I,03,폐업,,,,2023-03-27 15:59:36,,1993-01-06,,서울특별시 노원구 상계동 **** 성림아파트 상가동 ***호,CDFG1251002021000068,3100000,,"서울특별시 노원구 덕릉로***길 **, 상가동 *층 ***호 (상계동, 성림아파트)",01634,03,폐업,,,,02-745-8334,,
,두나기획,2002-07-30,,,출판인쇄업,출판사,2026-05-01 22:30:47,I,03,폐업,,0,0,2003-02-21 10:30:23,,2001-10-15,139-810,서울특별시 노원구 상계동 **-** *층,CDFG1251002001000010,3100000,,"서울특별시 노원구 수락산로*길 **-*  (상계동,*층)",,03,폐업,,,,,0,0
,크로커연구소,2003-01-21,206402.665281382,459266.570445172,출판인쇄업,출판사,2026-05-01 22:30:47,I,03,폐업,,0,0,2003-02-21 10:30:23,,2001-11-08,139-871,서울특별시 노원구 하계동 ***-* (***호),CDFG1251002001000012,3100000,,"서울특별시 노원구 공릉로**길 **  (하계동,(***호))",,03,폐업,,,,,0,0
,도서출판 알토란,2005-02-28,205141.972066263,461212.530767977,출판인쇄업,출판사,2026-05-01 22:30:47,I,03,폐업,,,,2005-02-28 17:03:50,,2001-11-08,139-830,서울특별시 노원구 상계동 ***-* 한영빌딩 *층,CDFG1251002001000013,3100000,,"서울특별시 노원구 동일로***가길 **  (상계동,한영빌딩 *층)",,03,폐업,,,,,,
,중앙출판공사,2004-12-31,208245.297628578,458268.112226258,출판인쇄업,출판사,2026-05-01 22:30:47,I,03,폐업,,0,,2013-12-09 13:26:40,,2001-12-20,139-800,서울특별시 노원구 공릉동 **-**,CDFG1251002001000015,3100000,,,,03,폐업,,,,,,
근린생활시설,두승기획,2003-06-02,206415.545086691,461546.032265974,출판인쇄업,출판사,2026-05-01 22:30:47,I,03,폐업,,,,2003-07-28 10:58:25,,2002-01-09,139-859,서울특별시 노원구 중계동 ***-* 현대종합상가 ***호,CDFG1251002002000001,3100000,,"서울특별시 노원구 한글비석로**길 **  (중계동,현대종합상가 ***호)",,03,폐업,,,,,,
,아이오 아카데미,2011-01-19,205462.399110919,461302.881722503,출판인쇄업,출판사,2026-05-01 22:30:48,I,03,폐업,,0,0,2013-12-27 15:25:02,,2002-02-01,139-832,서울특별시 노원구 상계동 ***-* 원흥빌딩 ***호,CDFG1251002002000005,3100000,,"서울특별시 노원구 동일로***길 ** (상계동,원흥빌딩 ***호)",,03,폐업,,,,,0,0
,미션텔레콤(주),2007-04-03,205198.498721037,457486.206509046,출판인쇄업,출판사,2026-05-01 22:30:48,I,03,폐업,,0,0,2013-12-19 14:01:08,,2002-02-20,139-846,서울특별시 노원구 월계동 ***-*,CDFG1251002002000007,3100000,,서울특별시 노원구 광운로*길 ** (월계동),,03,폐업,,,,,0,0
근린생활시설,제이앤피,2004-07-27,205906.072494832,461928.695875407,출판인쇄업,출판사,2026-05-01 22:30:48,I,03,폐업,,0,0,2013-12-19 14:01:53,,2002-03-18,139-818,서울특별시 노원구 상계동 ***-*** 지층,CDFG1251002002000010,3100000,,"서울특별시 노원구 상계로**길 ** (상계동,지층)",,03,폐업,,,,,0,0
근린생활시설,신성출판사,2002-11-08,206848.989414863,462536.743178317,출판인쇄업,출판사,2026-05-01 22:30:48,I,03,폐업,,0,0,2003-02-21 10:30:23,,2002-03-22,139-810,서울특별시 노원구 상계동 **-**,CDFG1251002002000012,3100000,,서울특별시 노원구 덕릉로***길 **  (상계동),,03,폐업,,,,,0,0
근린생활시설,"I,L,T,C",2003-12-08,203920.549325193,458591.953040614,출판인쇄업,출판사,2026-05-01 22:30:48,I,03,폐업,,,,2003-12-08 15:04:30,,2002-03-25,139-852,서울특별시 노원구 월계동 ***-* 유원상가***호,CDFG1251002002000013,3100000,,"서울특별시 노원구 덕릉로**길 ***  (월계동,유원상가***호)",,03,폐업,,,,,,
근린생활시설,도서출판 푸른귀,2005-06-22,205505.893385407,461805.289448493,출판인쇄업,출판사,2026-05-01 22:30:48,I,03,폐업,,,,2005-06-22 16:01:19,,2002-05-20,139-816,서울특별시 노원구 상계동 ***-* 노원현대(아)상가***호,CDFG1251002002000015,3100000,,,,03,폐업,아파트지역,,,,,
근린생활시설,모가엔터네인먼트,2003-09-22,206469.596994212,457893.222454748,출판인쇄업,출판사,2026-05-01 22:30:48,I,03,폐업,,,,2003-09-24 10:21:14,,2002-06-28,139-806,서울특별시 노원구 공릉동 ***-** ***호,CDFG1251002002000018,3100000,,"서울특별시 노원구 동일로 ****  (공릉동,***호)",,03,폐업,,,,,,
근린생활시설,포인,2008-03-06,205359.545638797,461892.9347976,출판인쇄업,출판사,2026-05-01 22:30:48,I,03,폐업,,,,2008-03-06 17:56:58,,2002-08-08,139-821,서울특별시 노원구 상계동 ***-* 동진상가(***호),CDFG1251002002000019,3100000,,"서울특별시 노원구 상계로*길 **  (상계동,동진상가(***호))",,03,폐업,,,,,,
근린생활시설,플러스아카데미,2005-02-03,206740.036180531,460958.164371423,출판인쇄업,출판사,2026-05-01 22:30:48,I,03,폐업,,,,2005-02-03 11:29:55,,2002-08-19,139-861,서울특별시 노원구 중계동 ***-* 그랜드프라자(*층),CDFG1251002002000020,3100000,,"서울특별시 노원구 한글비석로 ***  (중계동,그랜드프라자(*층))",,03,폐업,,,,,,
,도서출판 행복을 만드는 세상,2006-06-30,206670.816544196,460805.152066849,출판인쇄업,출판사,2026-05-01 22:30:48,I,03,폐업,,,,2006-06-30 17:11:33,,2002-09-11,139-860,서울특별시 노원구 중계동 ***-* 두산오피스텔 B-***,CDFG1251002002000022,3100000,,"서울특별시 노원구 한글비석로 ***  (중계동,두산오피스텔 B-***)",,03,폐업,,,,,,
,IMSA,2007-12-31,,,출판인쇄업,출판사,2026-05-01 22:30:48,I,03,폐업,,,,2013-12-09 13:17:57,,2002-09-11,139-731,서울특별시 노원구 상계동 상계대림프라자(*구역 *블럭 *롯트) ***호,CDFG1251002002000024,3100000,,,,03,폐업,,,,02-3391-2240,,
,엘엔꼴,2007-12-31,204790.424786507,458749.280581727,출판인쇄업,출판사,2026-05-01 22:30:48,I,03,폐업,,,,2013-12-10 09:49:45,,2002-09-27,139-050,서울특별시 노원구 월계동 ** 인덕대학창업보육센타***호,CDFG1251002002000026,3100000,,"서울특별시 노원구 초안산로 **, ***호 (월계동, 인덕대학교창업보육센타)",,03,폐업,,,,,,
근린생활시설,화랑,2009-01-01,205737.92264452,461540.940332329,출판인쇄업,출판사,2026-05-01 22:30:48,I,03,폐업,,0,0,2013-12-09 11:21:52,,2002-10-04,139-816,서울특별시 노원구 상계동 ***-* *층,CDFG1251002002000027,3100000,,"서울특별시 노원구 노해로**길 **-** (상계동,*층)",,03,폐업,,,,,0,0
근린생활시설,대신문화사,2012-03-06,204749.854247,463688.364791349,출판인쇄업,출판사,2026-05-01 22:30:48,I,03,폐업,,0,0,2012-03-06 17:02:48,,2002-11-14,139-837,서울특별시 노원구 상계동 ****-** *층,CDFG1251002002000029,3100000,,"서울특별시 노원구 동일로***가길 *  (상계동,*층)",,03,폐업,,,,,0,0
,한사랑통일,2008-09-29,206038.657640673,461496.292994066,출판인쇄업,출판사,2026-05-01 22:30:48,I,03,폐업,,0,0,2013-12-19 14:02:37,,2002-11-20,139-816,서울특별시 노원구 상계동 ***-* 순복음노원성전(*층)의료선교회,CDFG1251002002000030,3100000,,"서울특별시 노원구 노원로**길 **, *층 (상계동, 순복음노원성전의료선교회)",,03,폐업,,,,,0,0
,새길미디어,2025-11-06,205227.342971697,462298.014627148,출판인쇄업,출판사,2026-05-01 22:30:48,I,03,폐업,,0,0,2025-11-06 16:30:35,,2002-12-30,139-759,서울특별시 노원구 상계동 *** 주공아파트 ***동 ****호,CDFG1251002002000032,3100000,,"서울특별시 노원구 노원로 ***, ***동 ****호 (상계동, 주공아파트)",,03,폐업,,,,,0,0
,(주)마하나임,2003-09-29,205341.384982763,460838.369137318,출판인쇄업,출판사,2026-05-01 22:30:48,I,03,폐업,,,,2003-09-29 11:00:10,,2002-07-11,139-831,서울특별시 노원구 상계동 ***-* 주공아파트상가 ***동 ***호,CDFG1251002002000033,3100000,,,,03,폐업,,,,02-933-3599,,
,도서출판 삼지원,2016-12-30,207016.144452026,448376.393298369,출판인쇄업,출판사,2026-05-01 22:32:08,I,03,폐업,,,,2016-12-30 17:07:48,,2016-01-04,,서울특별시 광진구 자양동 ***-**,CDFG1251002016000001,3040000,,"서울특별시 광진구 아차산로 ***, *층 (자양동, 삼영빌딩)",05027,03,폐업,,,,02-734-8979,,
,이콘하우스,2022-11-23,207116.034356102,451650.685760112,출판인쇄업,출판사,2026-05-01 22:32:08,I,03,폐업,,,,2022-11-25 18:05:53,,2016-01-14,,서울특별시 광진구 중곡동 ***-*,CDFG1251002016000004,3040000,,서울특별시 광진구 긴고랑로*길 **-* (중곡동),04906,03,폐업,,,,02-494-8963,,
,지성,2016-11-28,207452.058684976,450586.290749531,출판인쇄업,출판사,2026-05-01 22:32:08,I,03,폐업,,,,2016-12-05 10:25:06,,2016-01-25,,서울특별시 광진구 중곡동 ***-**,CDFG1251002016000005,3040000,,서울특별시 광진구 용마산로*길 ** (중곡동),04926,03,폐업,,,,02-456-9029,,
,에세이,2016-05-09,207169.58073572,448939.54445293,출판인쇄업,출판사,2026-05-01 22:32:08,I,03,폐업,,,,2016-05-10 17:13:55,,2016-02-01,,서울특별시 광진구 구의동 ***-*,CDFG1251002016000007,3040000,,서울특별시 광진구 자양로**나길 ** (구의동),05023,03,폐업,,,,,,
,에듀한빛,2024-03-22,207072.800336685,450764.939696563,출판인쇄업,출판사,2026-05-01 22:32:08,I,03,폐업,,,,2024-03-25 12:54:05,,2013-03-06,,서울특별시 광진구 중곡동 ***-**,CDFG1251002016000008,3040000,,"서울특별시 광진구 능동로 *** (중곡동, 동아빌딩)",04928,03,폐업,,,,02-766-0345,,
,에드티아,2016-05-03,208035.191621554,449101.091965707,출판인쇄업,출판사,2026-05-01 22:32:09,I,03,폐업,,,,2016-05-03 14:12:21,,2001-09-12,,서울특별시 광진구 구의동 ***-*,CDFG1251002016000034,3040000,,"서울특별시 광진구 광나루로**길 * (구의동, 경우빌딩)",05033,03,폐업,,,,02-400-1119,,
,앤길,2021-12-29,207593.456532138,449314.574384839,출판인쇄업,출판사,2026-05-01 22:32:09,I,03,폐업,,,,2021-12-30 09:01:55,,2016-05-03,,서울특별시 광진구 구의동 **-**,CDFG1251002016000036,3040000,,"서울특별시 광진구 자양로 ***, *층 (구의동)",04976,03,폐업,,,,02-465-4650,,
,아롬므,2017-04-05,208040.151017541,450295.070973018,출판인쇄업,출판사,2026-05-01 22:32:09,I,03,폐업,,,,2017-04-05 09:27:01,,2016-05-12,,서울특별시 광진구 중곡동 ***-*,CDFG1251002016000037,3040000,,"서울특별시 광진구 천호대로***길 **-* (중곡동, 초원파크빌)",04951,03,폐업,,,,,,
,마담툰(MADAMTOON),2019-01-11,205828.253476728,448575.453228821,출판인쇄업,출판사,2026-05-01 22:32:09,I,03,폐업,,,,2020-02-14 17:16:48,,2016-06-08,,서울특별시 광진구 자양동 *-**,CDFG1251002016000042,3040000,,"서울특별시 광진구 아차산로**길 **, ***호 (자양동, 서울특별시 동부여성발전센타)",05072,03,폐업,,,,070-8872-2226,,
,에듀·다흐출판,2020-01-07,209033.893787007,449668.82950231,출판인쇄업,출판사,2026-05-01 22:32:09,I,03,폐업,,,,2020-01-07 17:47:05,,2016-07-12,,서울특별시 광진구 광장동 ***,CDFG1251002016000048,3040000,,"서울특별시 광진구 광장로*다길 **-*, *층 ***호 (광장동, 경동빌라)",04967,03,폐업,,,,,,
,디자인 더바인 포도나무,2020-02-26,206887.637992687,450214.73792575,출판인쇄업,출판사,2026-05-01 22:32:10,I,03,폐업,,,,2020-02-26 18:04:15,,2016-08-22,,서울특별시 광진구 능동 ***-**,CDFG1251002016000053,3040000,,서울특별시 광진구 천호대로***길 ** (능동),04989,03,폐업,,,,,,
,우당탕탕,2024-06-20,207685.898462319,448612.758300982,출판인쇄업,출판사,2026-05-01 22:32:10,I,03,폐업,,,,2024-06-21 16:51:59,,2016-08-29,,서울특별시 광진구 구의동 ***-**,CDFG1251002016000055,3040000,,"서울특별시 광진구 자양로**길 **, ***호 (구의동, 한양빌라)",05042,03,폐업,,,,,,
,한글스튜디오 기역과 기억,2019-12-27,206700.229454282,450362.298747047,출판인쇄업,출판사,2026-05-01 22:32:10,I,03,폐업,,,,2019-12-27 17:58:26,,2016-09-12,,서울특별시 광진구 군자동 **-**,CDFG1251002016000058,3040000,,"서울특별시 광진구 군자로**길 *, ***호 (군자동)",04996,03,폐업,,,,,,
,북아르떼,2025-02-28,207930.876271978,449432.151408368,출판인쇄업,출판사,2026-05-01 22:32:10,I,03,폐업,,,,2025-03-26 10:40:49,,2016-09-23,,서울특별시 광진구 구의동 **-* ***호,CDFG1251002016000060,3040000,,"서울특별시 광진구 자양로**길 **-**, ***호 (구의동, 선경쉐르빌)",04979,03,폐업,,,,,,
,도서출판 아로리,2019-01-23,208403.746065593,448490.239179557,출판인쇄업,출판사,2026-05-01 22:32:10,I,03,폐업,,,,2020-02-14 17:16:05,,2016-09-26,,서울특별시 광진구 구의동 *** ***동 ****호,CDFG1251002016000063,3040000,,"서울특별시 광진구 광나루로**길 **, ***동 ****호 (구의동, 구의현대*단지아파트)",05118,03,폐업,,,,,,
,어린른이,2023-10-17,208000.775097295,450164.27926524,출판인쇄업,출판사,2026-05-01 22:32:10,I,03,폐업,,,,2023-10-17 17:48:46,,2005-06-17,,서울특별시 광진구 중곡동 ***-* 금룡빌라,CDFG1251002016000067,3040000,,"서울특별시 광진구 자양로**길 **-**, ***호 (중곡동, 금룡빌라)",04952,03,폐업,,,,,,
,학습개발사,2019-04-04,206315.600944241,449671.228764692,출판인쇄업,출판사,2026-05-01 22:32:10,I,03,폐업,,0,,2020-02-14 17:14:06,,1991-11-19,,서울특별시 광진구 군자동 ***-**,CDFG1251002016000068,3040000,,"서울특별시 광진구 군자로**길 **, ***호 (군자동, 하늘쉐르빌)",05005,03,폐업,,,,,,
,Net's box,2017-01-24,205626.671543887,447948.630451066,출판인쇄업,출판사,2026-05-01 22:32:10,I,03,폐업,,,,2017-01-24 15:33:14,,2016-10-26,,서울특별시 광진구 자양동 **-*** *동 ***호,CDFG1251002016000071,3040000,,"서울특별시 광진구 능동로*길 **, *동 ***호 (자양동, 극동아파트)",05087,03,폐업,,,,,,
,책다움,2018-04-10,207755.403159788,449398.115540109,출판인쇄업,출판사,2026-05-01 22:32:10,I,03,폐업,,,,2018-04-10 15:24:07,,2013-04-10,,서울특별시 광진구 구의동 **-** B***호,CDFG1251002016000072,3040000,,"서울특별시 광진구 자양로**길 **-**, B***호 (구의동)",04976,03,폐업,,,,,,
,꿈꾸는 호랑이,2019-10-04,207835.71565418,450984.068686742,출판인쇄업,출판사,2026-05-01 22:32:10,I,03,폐업,,,,2020-02-14 17:08:45,,2016-11-24,,,CDFG1251002016000075,3040000,,"서울특별시 광진구 용마산로*가길 **-**, ***호 (중곡동)",04939,03,폐업,,,,,,
,기독공보,2022-03-30,209292.59529348,449620.664569932,출판인쇄업,출판사,2026-05-01 22:32:10,I,03,폐업,,,,2022-03-30 19:01:42,,2017-01-05,,서울특별시 광진구 광장동 ***-*,CDFG1251002017000001,3040000,,서울특별시 광진구 광장로*길 **-** (광장동),04967,03,폐업,,,,,,
,지성(知性),2017-08-11,207452.058684976,450586.290749531,출판인쇄업,출판사,2026-05-01 22:32:10,I,03,폐업,,,,2017-08-11 13:55:27,,2017-02-21,,서울특별시 광진구 중곡동 ***-**,CDFG1251002017000006,3040000,,서울특별시 광진구 용마산로*길 ** (중곡동),04926,03,폐업,,,,,,
,㈜트레이드마케팅,2019-12-13,206828.274952367,450403.934086115,출판인쇄업,출판사,2026-05-01 22:32:11,I,03,폐업,,,,2019-12-13 13:30:24,,2017-04-25,,서울특별시 광진구 군자동 ***-* ***호,CDFG1251002017000010,3040000,,"서울특별시 광진구 능동로**길 *-*, ***호 (군자동, 조은빌딩)",04997,03,폐업,,,,02-3436-9790,,
,창조사,,197222.135317944,451843.485983222,출판인쇄업,출판사,2026-05-01 22:43:28,I,31,등록취소,,0,0,2003-02-07 09:13:27,,1963-05-28,110-062,서울특별시 종로구 신문로*가 **-*,CDFG1251001963000004,3000000,,서울특별시 종로구 새문안로 **-*  (신문로*가),,04,취소/말소/만료/정지/중지,,,,,0,0
아파트,국제암송훈련원출판사,2019-02-08,207398.178160737,450930.456688043,출판인쇄업,출판사,2026-05-01 22:32:11,I,03,폐업,,917.52,16,2020-02-14 17:15:03,,2015-03-04,,서울특별시 광진구 중곡동 **-** *층,CDFG1251002017000015,3040000,일반주거지역,"서울특별시 광진구 긴고랑로 **-*, *층 (중곡동)",04922,03,폐업,아파트지역,,,,17,1
,불교교단영산법화사,,200263.927238457,453445.182796228,출판인쇄업,출판사,2026-05-01 22:43:28,I,13,영업중,,0,,2022-11-04 10:00:12,,1964-02-05,110-809,서울특별시 종로구 동숭동 *-*,CDFG1251001964000001,3000000,,서울특별시 종로구 동숭길 *** (동숭동),,01,영업/정상,,,,,,
,(주)와이비엠,,198939.37216835,451961.195542884,출판인쇄업,출판사,2026-05-01 22:43:28,I,13,영업중,,,,2023-02-09 17:48:34,,1964-03-28,110-122,서울특별시 종로구 종로*가 **-*,CDFG1251001964000003,3000000,,서울특별시 종로구 종로 *** (종로*가),,01,영업/정상,,,,02-2000-0509,,
,나일등기행단,2020-03-19,208394.416382167,448165.279999905,출판인쇄업,출판사,2026-05-01 22:32:11,I,03,폐업,,,,2020-03-19 18:26:59,,2017-07-26,,서울특별시 광진구 구의동 ***-* 테크노마트 ** 내 사무동 **-*호,CDFG1251002017000030,3040000,,"서울특별시 광진구 광나루로**길 **, 사무동 **층 **-*호 (구의동, 테크노마트)",05116,03,폐업,,,,02-461-2346,,
,(주)이슈팩커,2022-11-02,207391.330183096,448120.785876892,출판인쇄업,출판사,2026-05-01 22:32:11,I,03,폐업,,,,2024-03-04 17:06:52,,2014-07-29,,서울특별시 광진구 자양동 ***-**,CDFG1251002017000031,3040000,,"서울특별시 광진구 자양로 **, *층 (자양동)",05051,03,폐업,,,,02-000-0000,,
,(주)보나파이드 파트너즈,2025-08-04,208394.416382167,448165.279999905,출판인쇄업,출판사,2026-05-01 22:32:11,I,03,폐업,,,,2025-08-04 16:47:09,,2016-02-16,,서울특별시 광진구 구의동 ***-* 테크노-마트** **호,CDFG1251002017000034,3040000,,"서울특별시 광진구 광나루로**길 **, 테크노-마트** **호 (구의동)",05116,03,폐업,,,,,,
,위셀럽(WECELEB),2020-12-18,206278.837037477,449128.263332104,출판인쇄업,출판사,2026-05-01 22:32:11,I,03,폐업,,,,2020-12-18 16:49:33,,2017-09-08,,서울특별시 광진구 화양동 *-**,CDFG1251002017000035,3040000,,서울특별시 광진구 군자로*길 * (화양동),05010,03,폐업,,,,,,
,한국시청각교육자료연구원출판부,,,,출판인쇄업,출판사,2026-05-01 22:43:28,I,31,등록취소,,0,,2003-02-07 09:13:27,,1964-04-01,110-813,서울특별시 종로구 무악동 **-***,CDFG1251001964000004,3000000,,,,04,취소/말소/만료/정지/중지,,,,,,
,계명사,,197700.034013631,452022.503467072,출판인쇄업,출판사,2026-05-01 22:43:28,I,13,영업중,,,,2010-10-07 15:08:16,,1964-04-10,110-796,서울특별시 종로구 신문로*가 ** 고려빌딩 별관*층,CDFG1251001964000005,3000000,,"서울특별시 종로구 새문안로 **  (신문로*가,고려빌딩 별관*층)",,01,영업/정상,,,,02-733-2087,,
,오늘의 이름,2024-01-01,208320.72648206,450399.14298248,출판인쇄업,출판사,2026-05-01 22:32:12,I,03,폐업,,,,2024-02-02 15:31:22,,2018-02-09,,서울특별시 광진구 구의동 ***-* 진연빌 ***호,CDFG1251002018000012,3040000,,"서울특별시 광진구 영화사로**길 ** (구의동, 진연빌)",04948,03,폐업,,,,,,
,교육출판사,,,,출판인쇄업,출판사,2026-05-01 22:43:28,I,13,영업중,,0,,2003-02-07 09:13:27,,1964-07-23,110-092,서울특별시 종로구 홍파동 **-**,CDFG1251001964000006,3000000,,서울특별시 종로구 송월길 ***  (홍파동),,01,영업/정상,,,,,,
,도서출판 천의무봉,2024-09-09,207847.029163748,448226.307128921,출판인쇄업,출판사,2026-05-01 22:32:12,I,03,폐업,,,,2024-09-12 10:28:42,,2015-02-25,,서울특별시 광진구 구의동 *** 신원빌라트 ***호,CDFG1251002018000018,3040000,,"서울특별시 광진구 구의강변로*길 **, ***호 (구의동, 신원빌라트)",05049,03,폐업,,,,,,
,(주)엠에스디미디어,2024-09-09,207847.029163748,448226.307128921,출판인쇄업,출판사,2026-05-01 22:32:12,I,03,폐업,,,,2024-09-12 09:17:46,,2007-01-15,,서울특별시 광진구 구의동 *** 신원빌라트 ***호,CDFG1251002018000019,3040000,,"서울특별시 광진구 구의강변로*길 **, ***호 (구의동, 신원빌라트)",05049,03,폐업,,,,,,
,미래를 소유한 사람들,2024-09-09,207847.029163748,448226.307128921,출판인쇄업,출판사,2026-05-01 22:32:12,I,03,폐업,,,,2024-09-12 10:28:48,,2007-01-15,,서울특별시 광진구 구의동 *** 신원빌라트 ***호,CDFG1251002018000020,3040000,,"서울특별시 광진구 구의강변로*길 **, ***호 (구의동, 신원빌라트)",05049,03,폐업,,,,,,
,이재광영어서당,2021-04-28,207286.858103498,447943.057545965,출판인쇄업,출판사,2026-05-01 22:32:13,I,03,폐업,,,,2021-04-28 18:25:21,,2018-04-10,,서울특별시 광진구 자양동 ***-**,CDFG1251002018000028,3040000,,서울특별시 광진구 자양로*길 ** (자양동),05058,03,폐업,,,,,,
,도서출판 가치,2022-06-23,207306.382464524,447374.008518853,출판인쇄업,출판사,2026-05-01 22:32:13,I,03,폐업,,,,2022-06-23 18:21:51,,2018-04-16,,서울특별시 광진구 자양동 *** 자양현대*차아파트,CDFG1251002018000029,3040000,,"서울특별시 광진구 뚝섬로**가길 **, ***동 ***호 (자양동, 자양현대*차아파트)",05107,03,폐업,,,,,,
,도서출판SY,2019-06-05,208155.395680997,449514.257639938,출판인쇄업,출판사,2026-05-01 22:32:13,I,03,폐업,,,,2019-06-05 16:29:11,,2018-05-14,,서울특별시 광진구 구의동 *** 아차산 휴먼시아 ***동 ****호,CDFG1251002018000034,3040000,,"서울특별시 광진구 천호대로 ***, ***동 ****호 (구의동, 아차산 휴먼시아)",04981,03,폐업,,,,,,
사무실,리더스영어학원,2022-10-27,208170.424696466,448630.631340317,출판인쇄업,출판사,2026-05-01 22:32:13,I,03,폐업,,,,2023-03-31 15:24:12,,2017-03-31,,서울특별시 광진구 구의동 ***-** 윤화빌딩,CDFG1251002018000037,3040000,,"서울특별시 광진구 아차산로 ***, 윤화빌딩 *층 (구의동)",05035,03,폐업,,,,02-6486-8400,,
,웰빙철학사,2020-03-19,207014.648806874,451264.947959838,출판인쇄업,출판사,2026-05-01 22:32:13,I,03,폐업,,,,2020-03-19 10:18:34,,2018-06-05,,서울특별시 광진구 중곡동 ***-*,CDFG1251002018000040,3040000,,"서울특별시 광진구 면목로 ***, *층 (중곡동)",04910,03,폐업,,,,,,
,월간유랑,2025-06-19,205361.964356891,448171.925350007,출판인쇄업,출판사,2026-05-01 22:32:13,I,03,폐업,,,,2025-06-23 10:47:54,,2018-08-06,,서울특별시 광진구 자양동 ***-**,CDFG1251002018000045,3040000,,"서울특별시 광진구 뚝섬로**가길 *, *층 (자양동)",05082,03,폐업,,,,,,
,JS 해사연구,2021-03-15,208394.416382167,448165.279999905,출판인쇄업,출판사,2026-05-01 22:32:13,I,03,폐업,,,,2021-03-16 08:34:14,,2018-11-02,,서울특별시 광진구 구의동 ***-* 테크노-마트** **호,CDFG1251002018000054,3040000,,"서울특별시 광진구 광나루로**길 **, 테크노-마트** **호 (구의동)",05116,03,폐업,,,,,,
,지성출판,2019-11-18,207452.058684976,450586.290749531,출판인쇄업,출판사,2026-05-01 22:32:14,I,03,폐업,,,,2020-02-14 17:08:18,,2019-01-02,,서울특별시 광진구 중곡동 ***-**,CDFG1251002019000001,3040000,,"서울특별시 광진구 용마산로*길 **, *층 (중곡동)",04926,03,폐업,,,,,,
,마스,2020-03-11,207868.477849947,448930.737997902,출판인쇄업,출판사,2026-05-01 22:32:14,I,03,폐업,,,,2020-03-11 17:06:21,,2019-01-28,,서울특별시 광진구 구의동 ***-** ***호,CDFG1251002019000010,3040000,,"서울특별시 광진구 구의로 **-**, ***호 (구의동)",05037,03,폐업,,,,,,
,(주)미디어썸,2022-09-27,207159.044971923,449205.297777513,출판인쇄업,출판사,2026-05-01 22:32:14,I,03,폐업,,,,2022-09-27 14:49:41,,2018-04-26,,서울특별시 광진구 구의동 ***-* 광진구창업지원센타,CDFG1251002019000015,3040000,,"서울특별시 광진구 광나루로 ***, 광진구창업지원센타 ***호 (구의동)",05022,03,폐업,,,,02-6203-6522,,
,공존의 미학,2024-09-06,206088.852238736,448297.963860543,출판인쇄업,출판사,2026-05-01 22:32:14,I,03,폐업,,,,2024-09-09 09:09:23,,2013-07-01,,서울특별시 광진구 자양동 ***-*,CDFG1251002019000019,3040000,,서울특별시 광진구 능동로 ** (자양동),05070,03,폐업,,,,,,
,주식회사 예경크로바,2024-01-25,208124.549163942,447812.924832297,출판인쇄업,출판사,2026-05-01 22:32:14,I,03,폐업,,,,2024-01-30 13:36:18,,2019-05-23,,서울특별시 광진구 구의동 ***-* 리젠트오피스텔 ***호,CDFG1251002019000032,3040000,,"서울특별시 광진구 강변역로*길 **, 리젠트오피스텔 ***호 (구의동)",05116,03,폐업,,,,02-6466-9161,,
,㈜프라이밍 파트너스,2020-03-03,207455.557353273,448838.024371165,출판인쇄업,출판사,2026-05-01 22:32:15,I,03,폐업,,,,2020-03-03 18:59:09,,2019-06-25,,서울특별시 광진구 구의동 ***-* ***호,CDFG1251002019000040,3040000,,"서울특별시 광진구 자양로**길 **, ***호 (구의동)",05039,03,폐업,,,,,,
,마음생각,2023-03-31,205828.253476728,448575.453228821,출판인쇄업,출판사,2026-05-01 22:32:15,I,03,폐업,,,,2023-03-31 15:24:19,,2019-07-05,,서울특별시 광진구 자양동 *-** 동부여성발전센터,CDFG1251002019000042,3040000,,"서울특별시 광진구 아차산로**길 **, 서울특별시 동부여성발전센타 (자양동)",05072,03,폐업,,,,,,
,에듀시크릿,2022-09-23,207721.407046391,451339.790295022,출판인쇄업,출판사,2026-05-01 22:32:15,I,03,폐업,,,,2022-09-27 13:54:13,,2019-08-29,,서울특별시 광진구 중곡동 **-*** 동부트랜드빌 ***호,CDFG1251002019000055,3040000,,"서울특별시 광진구 용마산로**길 **-**, ***호 (중곡동, 동부트랜드빌)",04941,03,폐업,,,,,,
,말랑말랑,2022-01-21,207524.116746779,447358.393498123,출판인쇄업,출판사,2026-05-01 22:32:15,I,03,폐업,,,,2022-01-21 19:39:55,,2019-11-25,,서울특별시 광진구 자양동 *** 현대강변아파트 ***동 ***호,CDFG1251002019000068,3040000,,"서울특별시 광진구 자양로*가길 **, 현대강변아파트 ***동 ***호 (자양동, 현대강변아파트)",05107,03,폐업,,,,,,
,(주)지극히주관적인여행,2023-03-10,206145.905666667,449714.432666667,출판인쇄업,출판사,2026-05-01 22:32:15,I,03,폐업,,,,2023-03-13 11:06:07,,2015-12-16,,서울특별시 광진구 군자동 ***-** ***호,CDFG1251002019000070,3040000,,"서울특별시 광진구 동일로**길 **, ***호 (군자동)",05002,03,폐업,,,,070-4603-0521,,
,세종출판,2022-01-21,207309.614483884,451941.43317276,출판인쇄업,출판사,2026-05-01 22:32:15,I,03,폐업,,,,2022-01-21 19:39:49,,2019-01-30,,서울특별시 광진구 중곡동 ***-**,CDFG1251002020000001,3040000,,서울특별시 광진구 답십리로**길 **-* (중곡동),04903,03,폐업,,,,,,
,도시비둘기,2021-02-19,209082.87163058,449461.306114476,출판인쇄업,출판사,2026-05-01 22:32:15,I,03,폐업,,,,2021-02-19 17:57:45,,2020-01-07,,서울특별시 광진구 광장동 ***-*,CDFG1251002020000003,3040000,,"서울특별시 광진구 광장로 **-*, 지층 (광장동)",04967,03,폐업,,,,,,
,엘림교육,2020-06-30,209526.931191994,449543.412199539,출판인쇄업,출판사,2026-05-01 22:32:16,I,03,폐업,,,,2020-07-15 18:30:48,,2020-01-31,,서울특별시 광진구 광장동 ***-* 광장빌딩,CDFG1251002020000011,3040000,,"서울특별시 광진구 아차산로**길 ***, 광장빌딩 *층 (광장동)",04969,03,폐업,,,,,,
,페임 몬스터 (Fame Monster),2024-12-26,206609.947498113,448020.423890804,출판인쇄업,출판사,2026-05-01 22:32:16,I,03,폐업,,,,2024-12-30 18:12:46,,2020-07-23,,서울특별시 광진구 자양동 *** 우성아파트,CDFG1251002020000039,3040000,,"서울특별시 광진구 뚝섬로 ***, ***동 ****호 (자양동, 우성아파트)",05069,03,폐업,,,,,,
,옛따책방,2024-11-09,209033.952155985,449553.596216599,출판인쇄업,출판사,2026-05-01 22:32:17,I,03,폐업,,,,2024-11-12 11:05:18,,2020-10-07,,서울특별시 광진구 광장동 *** 미도빌라,CDFG1251002020000055,3040000,,"서울특별시 광진구 광장로*길 **, 나동 ***호 (광장동, 미도빌라)",04967,03,폐업,,,,,,
,판타지존,2022-04-20,205655.134613824,448957.981318775,출판인쇄업,출판사,2026-05-01 22:32:17,I,03,폐업,,,,2022-04-20 14:32:06,,2020-03-30,,서울특별시 광진구 화양동 **-**,CDFG1251002021000007,3040000,,"서울특별시 광진구 동일로 ***, 제일빌딩 ***호 (화양동)",05020,03,폐업,,,,,,
,주식회사 오하나,2024-02-02,205744.438483271,448699.898787045,출판인쇄업,출판사,2026-05-01 22:32:18,I,03,폐업,,,,2024-02-07 13:14:31,,2021-02-17,,서울특별시 광진구 자양동 **-*,CDFG1251002021000014,3040000,,"서울특별시 광진구 아차산로**길 **, ***호 (자양동)",05072,03,폐업,,,,070-8850-5130,,
,오시리스,2022-02-18,208394.416382167,448165.279999905,출판인쇄업,출판사,2026-05-01 22:32:18,I,03,폐업,,,,2022-02-18 17:15:00,,2021-03-10,,서울특별시 광진구 구의동 ***-* 테크노-마트**,CDFG1251002021000022,3040000,,"서울특별시 광진구 광나루로**길 **, 테크노-마트** *층 C***호 (구의동)",05116,03,폐업,,,,070-8899-6886,,
,붉은돼지,2021-07-01,206929.954019813,448117.111424615,출판인쇄업,출판사,2026-05-01 22:32:18,I,03,폐업,,,,2021-07-01 17:15:14,,2021-04-05,,서울특별시 광진구 자양동 ***-**,CDFG1251002021000032,3040000,,서울특별시 광진구 아차산로**가길 **-* (자양동),05054,03,폐업,,,,,,
,위대한 겨자씨,2023-11-09,205900.220999839,448980.164847713,출판인쇄업,출판사,2026-05-01 22:32:18,I,03,폐업,,,,2023-11-10 13:06:16,,2021-04-19,,서울특별시 광진구 화양동 **-**,CDFG1251002021000034,3040000,,서울특별시 광진구 동일로**길 **-* (화양동),05019,03,폐업,,,,,,
,북포유(BOOK FOR U),2021-07-27,209194.595129323,449413.151252613,출판인쇄업,출판사,2026-05-01 22:32:18,I,03,폐업,,,,2021-07-27 10:56:58,,2021-05-10,,서울특별시 광진구 광장동 *** 광장동 신동아 파밀리에,CDFG1251002021000041,3040000,,"서울특별시 광진구 아차산로 ***, ***동 ***호 (광장동, 광장동 신동아 파밀리에)",04968,03,폐업,,,,,,
,이베르(hiver),2021-06-29,206232.014507331,450174.133962364,출판인쇄업,출판사,2026-05-01 22:32:18,I,03,폐업,,,,2021-06-29 15:44:25,,2020-11-12,,서울특별시 광진구 군자동 ***-***,CDFG1251002021000043,3040000,,"서울특별시 광진구 동일로**길 **-**, 디테일비빌딩 *~*층 (군자동)",05001,03,폐업,,,,,,
,박종석,2023-05-31,208394.416382167,448165.279999905,출판인쇄업,출판사,2026-05-01 22:32:18,I,03,폐업,,,,2023-06-15 08:54:40,,2020-08-12,,서울특별시 광진구 구의동 ***-* 테크노-마트**,CDFG1251002021000051,3040000,,"서울특별시 광진구 광나루로**길 **, 테크노-마트** 사무동 **층 **-**호 (구의동)",05116,03,폐업,,,,,,
,디제이아이북스 디자인 스튜디오,2023-11-25,207606.454218376,450007.305596331,출판인쇄업,출판사,2026-05-01 22:32:19,I,03,폐업,,,,2024-05-17 13:27:10,,2021-06-24,,서울특별시 광진구 능동 ***-** 아이생각,CDFG1251002021000052,3040000,,"서울특별시 광진구 능동로**길 ***, 아이생각 (능동)",04987,03,폐업,,,,,,
,도서출판 통일,2023-05-18,206324.446092607,447831.329438269,출판인쇄업,출판사,2026-05-01 22:32:20,I,03,폐업,,,,2023-05-19 14:04:26,,2015-09-04,,서울특별시 광진구 자양동 ***-* 해연오,CDFG1251002021000088,3040000,,"서울특별시 광진구 뚝섬로**길 **, 해연오 ***호 (자양동)",05091,03,폐업,,,,,,
,이제이 워크스(EJ works),2023-01-31,207580.482115615,449411.388607189,출판인쇄업,출판사,2026-05-01 22:32:20,I,03,폐업,,,,2023-02-17 16:18:34,,2021-10-26,,서울특별시 광진구 구의동 **-**,CDFG1251002021000091,3040000,,"서울특별시 광진구 자양로**길 *-*, ***호 (구의동)",04993,03,폐업,,,,02-971-7347,,
,아라라.위엔이(Arara圓一),2022-12-28,206985.578511863,451592.348279748,출판인쇄업,출판사,2026-05-01 22:32:21,I,03,폐업,,,,2022-12-29 17:05:57,,2021-12-23,,서울특별시 광진구 중곡동 ***-** 위드**,CDFG1251002021000105,3040000,,"서울특별시 광진구 동일로**길 **, ***호 (중곡동, 위드**)",04907,03,폐업,,,,,,
,주식회사 내건주,2023-12-29,208124.549163942,447812.924832297,출판인쇄업,출판사,2026-05-01 22:32:21,I,03,폐업,,,,2024-01-24 14:51:45,,2022-01-04,,서울특별시 광진구 구의동 ***-* 리젠트오피스텔,CDFG1251002022000001,3040000,,"서울특별시 광진구 강변역로*길 **, 리젠트오피스텔 ****호 (구의동)",05116,03,폐업,,,,,,
,알로록달로록,2022-09-28,206704.926506983,447881.397287334,출판인쇄업,출판사,2026-05-01 22:32:21,I,03,폐업,,,,2022-09-28 17:04:07,,2022-01-16,,서울특별시 광진구 자양동 ***-*,CDFG1251002022000006,3040000,,"서울특별시 광진구 뚝섬로**길 *, ***호 (자양동)",05063,03,폐업,,,,,,
,한국에니어그램협회,2023-09-01,209668.90120464,449767.964721034,출판인쇄업,출판사,2026-05-01 22:32:21,I,03,폐업,,,,2023-09-01 17:33:15,,2016-09-07,,서울특별시 광진구 광장동 *** 리버힐오피스텔,CDFG1251002022000011,3040000,,"서울특별시 광진구 아차산로**길 ***, 리버힐오피스텔 ****호 (광장동)",04969,03,폐업,,,,02-831-5454,,
,사실문학,2023-07-14,207325.576921423,448526.049057258,출판인쇄업,출판사,2026-05-01 22:32:21,I,03,폐업,,,,2023-07-17 09:08:37,,2022-03-30,,서울특별시 광진구 구의동 ***-** 성지하이츠,CDFG1251002022000022,3040000,,"서울특별시 광진구 자양로 ***, 성지하이츠 *층 ***호 (구의동)",05043,03,폐업,,,,,,
,메타비즈센터,2025-02-05,206444.524981187,450378.749658424,출판인쇄업,출판사,2026-05-01 22:32:22,I,03,폐업,,,,2025-02-06 09:03:33,,2022-04-27,,서울특별시 광진구 군자동 ***-* 메이저빌,CDFG1251002022000037,3040000,,"서울특별시 광진구 동일로**길 **, ***호 (군자동, 메이저빌)",04999,03,폐업,,,,,,
,제이큐코믹스(주),2024-11-25,208394.416382167,448165.279999905,출판인쇄업,출판사,2026-05-01 22:32:22,I,03,폐업,,,,2024-11-25 16:07:59,,2019-05-23,,서울특별시 광진구 구의동 ***-* 테크노-마트**,CDFG1251002022000056,3040000,,"서울특별시 광진구 광나루로**길 **, 테크노-마트** 사무동 **층 **-*호 (구의동)",05116,03,폐업,,,,02-971-7347,,
,라까프,2024-02-08,206567.693437875,450290.261145715,출판인쇄업,출판사,2026-05-01 22:32:24,I,03,폐업,,,,2024-02-08 17:08:34,,2023-01-04,,서울특별시 광진구 군자동 **-**,CDFG1251002023000003,3040000,,"서울특별시 광진구 면목로 *-*, ***호 (군자동)",04999,03,폐업,,,,070-8098-2019,,
,데시북,2023-05-30,207889.644725273,450384.498268662,출판인쇄업,출판사,2026-05-01 22:32:24,I,03,폐업,,,,2023-05-31 15:43:48,,2023-02-02,,서울특별시 광진구 중곡동 **-** 블루빌,CDFG1251002023000012,3040000,,"서울특별시 광진구 자양로**길 ***, ***호 (중곡동, 블루빌)",04950,03,폐업,,,,,,
,시와책,2023-07-06,205908.683865271,448831.073626853,출판인쇄업,출판사,2026-05-01 22:32:24,I,03,폐업,,,,2023-07-06 16:31:33,,2023-02-02,,서울특별시 광진구 화양동 **-**,CDFG1251002023000013,3040000,,"서울특별시 광진구 동일로**길 **, *층 (화양동)",05018,03,폐업,,,,,,
,슬로테트(slottet),2025-03-18,207392.458540697,451036.758811209,출판인쇄업,출판사,2026-05-01 22:32:25,I,03,폐업,,,,2025-04-07 09:57:33,,2023-02-21,,서울특별시 광진구 중곡동 **-**,CDFG1251002023000020,3040000,,"서울특별시 광진구 긴고랑로 **-*, *층 (중곡동)",04937,03,폐업,,,,,,
,프리미엄코스 주식회사,2024-07-24,207216.075712106,450197.464215861,출판인쇄업,출판사,2026-05-01 22:32:26,I,03,폐업,,,,2024-07-25 10:33:07,,2023-05-09,,서울특별시 광진구 능동 ***-**,CDFG1251002023000033,3040000,,"서울특별시 광진구 능동로**길 **, 지층 (능동)",04986,03,폐업,,,,,,
,색동,2023-11-06,207164.012677736,452021.06056485,출판인쇄업,출판사,2026-05-01 22:32:26,I,03,폐업,,,,2023-11-08 18:02:10,,2023-05-15,,서울특별시 광진구 중곡동 ***-*,CDFG1251002023000034,3040000,,서울특별시 광진구 면목로**길 ** (중곡동),04902,03,폐업,,,,,,
,아올,2024-09-30,205626.671543887,447948.630451066,출판인쇄업,출판사,2026-05-01 22:32:28,I,03,폐업,,,,2024-10-04 06:49:16,,2023-09-21,,서울특별시 광진구 자양동 **-*** 극동아파트,CDFG1251002023000061,3040000,,"서울특별시 광진구 능동로*길 **, 상가동 *층 ***호 (자양동, 극동아파트)",05087,03,폐업,,,,,,
,(주)에이스원격평생교육원,2025-06-19,206088.987159287,448543.338110957,출판인쇄업,출판사,2026-05-01 22:32:32,I,03,폐업,,,,2025-06-19 17:44:15,,2024-02-08,,서울특별시 광진구 자양동 *-* 건대입구역자이엘라,CDFG1251002024000014,3040000,,"서울특별시 광진구 능동로 **, 건대입구역자이엘라 ****호 (자양동)",05073,03,폐업,,,,02-6925-0506,,
,모티플로우,2024-05-14,205959.237035245,449436.704684914,출판인쇄업,출판사,2026-05-01 22:32:32,I,03,폐업,,,,2024-05-17 09:17:16,,2024-02-14,,서울특별시 광진구 화양동 **-** 더하우스인,CDFG1251002024000015,3040000,,"서울특별시 광진구 광나루로**길 **, ***호 (화양동, 더하우스인)",05007,03,폐업,,,,070-4015-4300,,
,주식회사 스마일에스디,2024-04-26,207342.766106556,448444.754635481,출판인쇄업,출판사,2026-05-01 22:32:33,I,03,폐업,,,,2024-04-26 16:12:45,,2018-01-02,,서울특별시 광진구 구의동 ***-** 웰츠타워,CDFG1251002024000029,3040000,,"서울특별시 광진구 자양로 ***, ****호 (구의동, 웰츠타워)",05043,03,폐업,,,,02-446-3858,,
,다시시작,2025-02-14,207396.300764107,450479.133817224,출판인쇄업,출판사,2026-05-01 22:32:35,I,03,폐업,,,,2025-02-17 09:54:36,,2024-08-21,,서울특별시 광진구 중곡동 ***-**,CDFG1251002024000054,3040000,,"서울특별시 광진구 용마산로*길 **, ***호 (중곡동)",04930,03,폐업,,,,,,
,라호야 책방,2024-12-26,208644.819209521,448711.725750126,출판인쇄업,출판사,2026-05-01 22:32:36,I,03,폐업,,,,2024-12-26 14:03:45,,2024-09-03,,서울특별시 광진구 광장동 *** 광장현대*단지아파트,CDFG1251002024000056,3040000,,"서울특별시 광진구 아차산로**길 **, ***동 ***호 (광장동, 광장현대*단지아파트)",04974,03,폐업,,,,,,
,오하루북스,2024-10-24,206232.014507331,450174.133962364,출판인쇄업,출판사,2026-05-01 22:32:36,I,03,폐업,,,,2024-10-29 09:02:30,,2024-10-11,,서울특별시 광진구 군자동 ***-***,CDFG1251002024000063,3040000,,"서울특별시 광진구 동일로**길 **-**, 디테일비빌딩 *층 ***호 (군자동)",05001,03,폐업,,,,,,
,지담 교육,2024-12-17,208221.502467777,448940.039213774,출판인쇄업,출판사,2026-05-01 22:32:37,I,03,폐업,,,,2025-02-03 16:27:15,,2024-12-06,,서울특별시 광진구 구의동 ***-*,CDFG1251002024000074,3040000,,"서울특별시 광진구 광나루로 ***, *층 (구의동)",05033,03,폐업,,,,,,
,율동네,2025-05-14,208729.170395929,448995.808404463,출판인쇄업,출판사,2026-05-01 22:32:39,I,03,폐업,,,,2025-05-14 13:51:51,,2025-03-24,,서울특별시 광진구 광장동 *** 광장힐스테이트,CDFG1251002025000026,3040000,,"서울특별시 광진구 아차산로 ***-**, ****동 ***호 (광장동, 광장힐스테이트)",04983,03,폐업,,,,,,
,메디아스,2014-12-30,207147.398684407,450494.906098164,출판인쇄업,출판사,2026-05-01 22:32:02,I,03,폐업,,,,2014-12-30 10:25:34,,2013-12-05,143-908,서울특별시 광진구 중곡동 ***-**,CDFG1251002013000059,3040000,,"서울특별시 광진구 천호대로 ***, ***호 (중곡동, 광동빌딩)",,03,폐업,,,,02-456-1952,,
,한눈에 쏙 복음출판사,2021-05-24,208111.470851243,449535.734066993,출판인쇄업,출판사,2026-05-01 22:32:03,I,03,폐업,,,,2021-05-24 15:39:49,,2014-01-02,143-818,서울특별시 광진구 구의동 **-**,CDFG1251002014000001,3040000,,서울특별시 광진구 천호대로***길 ** (구의동),,03,폐업,,,,,,
,오래된 기타,2015-11-02,207392.923835724,451323.799092985,출판인쇄업,출판사,2026-05-01 22:32:03,I,03,폐업,,,,2015-11-02 17:24:52,,2014-01-09,143-884,서울특별시 광진구 중곡동 **-**,CDFG1251002014000006,3040000,,서울특별시 광진구 능동로**길 **-* (중곡동),,03,폐업,,,,,,
,현경서원(賢京書苑),2020-01-07,207303.807926345,449013.044113654,출판인쇄업,출판사,2026-05-01 22:32:03,I,03,폐업,,,,2020-01-07 13:49:23,,2013-08-26,,서울특별시 광진구 구의동 ***-* ***호,CDFG1251002014000015,3040000,,"서울특별시 광진구 광나루로**나길 **, ***호 (구의동)",05023,03,폐업,,,,,,
,WTM KOREA,2021-01-07,206299.7504918,450037.825730524,출판인쇄업,출판사,2026-05-01 22:32:04,I,03,폐업,,,,2021-01-08 10:48:23,,2014-03-06,143-839,서울특별시 광진구 군자동 ***,CDFG1251002014000022,3040000,,서울특별시 광진구 군자로 *** (군자동),,03,폐업,,,,02-6337-7182,,
,킹덤하우스,2017-02-02,208047.379985251,447937.917615643,출판인쇄업,출판사,2026-05-01 22:32:04,I,03,폐업,,,,2017-02-02 17:01:54,,2011-02-23,143-831,서울특별시 광진구 구의동 ***,CDFG1251002014000024,3040000,,서울특별시 광진구 구의강변로 ** (구의동),,03,폐업,,,,02-553-3379,,
,U&mi,2022-07-20,207128.91040065,451056.404767302,출판인쇄업,출판사,2026-05-01 22:32:04,I,03,폐업,,,,2022-07-20 18:31:05,,2014-04-04,143-221,서울특별시 광진구 중곡동 ***-**,CDFG1251002014000026,3040000,,서울특별시 광진구 긴고랑로**길 **-* (중곡동),,03,폐업,,,,,,
,예은당,2016-06-02,208399.894570649,448646.410317798,출판인쇄업,출판사,2026-05-01 22:32:04,I,03,폐업,,,,2016-06-02 10:07:59,,2014-04-15,143-760,서울특별시 광진구 구의동 ***-* ***동 ****호,CDFG1251002014000028,3040000,,"서울특별시 광진구 광나루로**길 **, ***동 ****호 (구의동)",,03,폐업,,,,070-8253-2748,,
,지성출판,2014-11-12,207452.058684976,450586.290749531,출판인쇄업,출판사,2026-05-01 22:32:04,I,03,폐업,,,,2014-11-12 11:30:37,,2014-04-18,143-891,서울특별시 광진구 중곡동 ***-**,CDFG1251002014000030,3040000,,서울특별시 광진구 용마산로*길 ** (중곡동),,03,폐업,,,,,,
,아차산출판사,2022-01-25,207271.932874846,450862.618508715,출판인쇄업,출판사,2026-05-01 22:32:06,I,03,폐업,,,,2022-01-25 18:46:29,,2014-08-14,,서울특별시 광진구 중곡동 **-**,CDFG1251002014000053,3040000,,"서울특별시 광진구 긴고랑로**길 **, *층 (중곡동)",04927,03,폐업,,,,02-467-8898,,
,이재광 영어서당,2016-11-28,207389.121837355,447870.083488587,출판인쇄업,출판사,2026-05-01 22:32:06,I,03,폐업,,,,2016-12-05 10:22:12,,2014-09-16,143-867,서울특별시 광진구 자양동 ***-*,CDFG1251002014000059,3040000,,서울특별시 광진구 자양로*길 * (자양동),,03,폐업,,,,,,
,그랩스,2016-08-23,208310.372259506,448631.437594782,출판인쇄업,출판사,2026-05-01 22:32:07,I,03,폐업,,,,2016-12-05 10:33:18,,2014-11-21,143-723,서울특별시 광진구 구의동 ***-**,CDFG1251002014000067,3040000,,"서울특별시 광진구 구의강변로 ***, ***호 (구의동, 삼성쉐르빌)",,03,폐업,,,,,,
,아치스페이스(Arch space),2020-10-29,205608.675570398,448399.646108504,출판인쇄업,출판사,2026-05-01 22:32:07,I,03,폐업,,,,2020-10-29 16:36:34,,2014-11-27,143-842,서울특별시 광진구 자양동 **-**,CDFG1251002014000068,3040000,,서울특별시 광진구 동일로**다길 *-* (자양동),,03,폐업,,,,02-464-6435,,
,Jay Books,2025-04-24,207674.9120785,448585.675626509,출판인쇄업,출판사,2026-05-01 22:32:07,I,03,폐업,,,,2025-04-24 14:39:22,,2014-12-17,143-825,서울특별시 광진구 구의동 ***-** ***호,CDFG1251002014000072,3040000,,"서울특별시 광진구 자양로**길 **-*, ***호 (구의동)",,03,폐업,,,,,,
,창,2017-02-28,207299.220641914,450490.567682086,출판인쇄업,출판사,2026-05-01 22:32:07,I,03,폐업,,,,2017-02-28 18:08:29,,2015-01-29,143-891,서울특별시 광진구 중곡동 ***-* ***호,CDFG1251002015000005,3040000,,"서울특별시 광진구 용마산로*길 **, *층 **호 (중곡동)",,03,폐업,,,,,,
,마디와 매듭,2020-03-31,207274.528489143,452076.858608987,출판인쇄업,출판사,2026-05-01 22:32:07,I,03,폐업,,,,2020-03-31 18:38:16,,2015-01-29,143-909,서울특별시 광진구 중곡동 ***-* ***호,CDFG1251002015000006,3040000,,"서울특별시 광진구 면목로 ***, *층 **호 (중곡동)",,03,폐업,,,,02-535-3374,,
,도서 아카데미,2021-01-11,208288.139885675,450738.55033221,출판인쇄업,출판사,2026-05-01 22:32:08,I,03,폐업,,,,2021-01-11 18:24:44,,2011-05-11,,서울특별시 광진구 중곡동 **-**,CDFG1251002015000030,3040000,,"서울특별시 광진구 긴고랑로**길 **-*, *층 (중곡동)",04947,03,폐업,,,,02-446-0803,,
,묵스허브(MOOCs HUB),2020-01-30,207259.013441038,448563.154431644,출판인쇄업,출판사,2026-05-01 22:32:08,I,03,폐업,,,,2020-01-30 17:50:09,,2015-08-05,,서울특별시 광진구 자양동 ***-** ***호,CDFG1251002015000031,3040000,,"서울특별시 광진구 자양로 ***, *층 ***호 (자양동, Y tower)",05026,03,폐업,,,,,,
,프렌치21,2022-01-25,208902.730986087,449103.205201495,출판인쇄업,출판사,2026-05-01 22:32:08,I,03,폐업,,,,2022-01-25 18:46:36,,2015-08-12,,서울특별시 광진구 광장동 *** ****동 ***호,CDFG1251002015000032,3040000,,"서울특별시 광진구 아차산로 ***, ****동 ***호 (광장동, 현대파크빌아파트)",04983,03,폐업,,,,02-458-4209,,
,하비루(Habiru),2019-08-05,206849.822646438,447375.994047199,출판인쇄업,출판사,2026-05-01 22:32:08,I,03,폐업,,,,2020-02-14 17:10:17,,2015-08-28,,서울특별시 광진구 자양동 *** ***동 ***호,CDFG1251002015000035,3040000,,"서울특별시 광진구 뚝섬로**길 **, ***동 ***호 (자양동, 현대아파트)",05109,03,폐업,,,,,,
,리스케이프,2019-12-18,205758.816662193,448768.161400623,출판인쇄업,출판사,2026-05-01 22:32:08,I,03,폐업,,,,2019-12-18 16:24:45,,2015-10-16,,서울특별시 광진구 자양동 **-*,CDFG1251002015000043,3040000,,"서울특별시 광진구 아차산로 ***, *층 (자양동)",05071,03,폐업,,,,02-325-1235,,
,도서출판 여행,2019-08-28,207645.827322445,448521.15570478,출판인쇄업,출판사,2026-05-01 22:32:08,I,03,폐업,,,,2020-02-14 17:09:54,,2015-12-21,,서울특별시 광진구 구의동 ***-** ***호,CDFG1251002015000052,3040000,,"서울특별시 광진구 구의로*길 **-*, ***호 (구의동, 보현빌리지)",05042,03,폐업,,,,,,
,도서출판 여행사랑,2019-08-28,207645.827322445,448521.15570478,출판인쇄업,출판사,2026-05-01 22:32:08,I,03,폐업,,,,2020-02-14 17:09:19,,2015-12-21,,서울특별시 광진구 구의동 ***-** ***호,CDFG1251002015000053,3040000,,"서울특별시 광진구 구의로*길 **-*, ***호 (구의동, 보현빌리지)",05042,03,폐업,,,,,,
,(주)동아일보사,,197957.241673444,451918.372060065,출판인쇄업,출판사,2026-05-01 22:43:29,I,13,영업중,,0,0,2017-01-18 19:51:58,,1968-11-09,110-050,서울특별시 종로구 세종로 ***-*,CDFG1251001968000004,3000000,,서울특별시 종로구 청계천로 * (세종로),,01,영업/정상,,,,20200707,0,0
,(주)문화교원,,198503.329082237,452297.556997868,출판인쇄업,출판사,2026-05-01 22:43:29,I,13,영업중,,0,,2003-02-07 09:13:27,,1969-11-04,110-170,서울특별시 종로구 견지동 **-*,CDFG1251001969000005,3000000,,서울특별시 종로구 인사동*길 **  (견지동),,01,영업/정상,,,,,,
,법전출판사,,,,출판인쇄업,출판사,2026-05-01 22:43:30,I,31,등록취소,,0,0,2003-02-07 09:13:27,,1973-01-10,110-102,서울특별시 종로구 평동 **-**,CDFG1251001973000001,3000000,,서울특별시 종로구 경교장*길 *  (평동),,04,취소/말소/만료/정지/중지,,,,,0,0
,(재)말일성도예수그리,,196957.465429278,454109.861127715,출판인쇄업,출판사,2026-05-01 22:43:29,I,13,영업중,,0,,2003-02-07 09:13:27,,1970-02-25,110-030,서울특별시 종로구 청운동 *-*,CDFG1251001970000002,3000000,,,,01,영업/정상,,,,,,
,(주)범문사,,198308.096054977,452017.548978007,출판인쇄업,출판사,2026-05-01 22:43:29,I,31,등록취소,,0,0,2003-02-07 09:13:27,,1970-07-28,110-121,서울특별시 종로구 종로*가 **-* 영안빌딩 ***호,CDFG1251001970000005,3000000,,,,04,취소/말소/만료/정지/중지,,,,,0,0
,대명서림,,198242.368587188,452205.540538623,출판인쇄업,출판사,2026-05-01 22:43:29,I,13,영업중,,0,,2003-02-07 09:13:27,,1970-12-07,110-130,서울특별시 종로구 청진동 *-* 대명빌딩***호,CDFG1251001970000006,3000000,,"서울특별시 종로구 삼봉로 **  (청진동,대명빌딩***호)",,01,영업/정상,,,,,,
,정문사,,198390.620857476,452529.543697949,출판인쇄업,출판사,2026-05-01 22:43:30,I,31,등록취소,,0,,2003-02-07 09:13:27,,1971-04-23,110-170,서울특별시 종로구 견지동 **-*,CDFG1251001971000003,3000000,,서울특별시 종로구 우정국로 **  (견지동),,04,취소/말소/만료/정지/중지,,,,,,
,견지사,,,,출판인쇄업,출판사,2026-05-01 22:43:30,I,31,등록취소,,0,0,2003-02-07 09:13:27,,1971-10-30,110-102,서울특별시 종로구 평동 **-*,CDFG1251001971000005,3000000,,서울특별시 종로구 경교장길 **-*  (평동),,04,취소/말소/만료/정지/중지,,,,,0,0
,사단법인 샘터사,,200118.064135962,453848.810954655,출판인쇄업,출판사,2026-05-01 22:43:30,I,13,영업중,,0,,2022-02-17 13:57:14,,1972-06-24,,서울특별시 종로구 혜화동 **-*,CDFG1251001972000003,3000000,,"서울특별시 종로구 창경궁로**길 **, *층 (혜화동)",03076,01,영업/정상,,,,02-742-4929,,
,(주)랭귀지리서치,,,,출판인쇄업,출판사,2026-05-01 22:43:30,I,31,등록취소,,0,0,2003-02-07 09:13:27,,1972-09-09,110-290,서울특별시 종로구 인사동 ***-*,CDFG1251001972000004,3000000,,,,04,취소/말소/만료/정지/중지,,,,,0,0
,신한출판사,,200200.915826621,452595.605444386,출판인쇄업,출판사,2026-05-01 22:43:30,I,13,영업중,,0,,2003-02-07 09:13:27,,1972-09-19,110-500,서울특별시 종로구 이화동 ***-*,CDFG1251001972000005,3000000,,서울특별시 종로구 율곡로**길 *  (이화동),,01,영업/정상,,,,,,
,한그루교육출판사,,197538.341474249,452706.335661382,출판인쇄업,출판사,2026-05-01 22:43:30,I,13,영업중,,0,0,2009-06-03 15:05:01,,1972-11-17,110-040,서울특별시 종로구 통의동 **-*,CDFG1251001972000007,3000000,,서울특별시 종로구 자하문로*길 *  (통의동),,01,영업/정상,,,,,0,0
,홍신문화사,,201906.610016674,452369.83658016,출판인쇄업,출판사,2026-05-01 22:43:30,I,31,등록취소,,0,0,2003-02-07 09:13:27,,1972-12-05,110-829,서울특별시 종로구 숭인동 ****-*,CDFG1251001972000008,3000000,,서울특별시 종로구 난계로**가길 **  (숭인동),,04,취소/말소/만료/정지/중지,,,,,0,0
,도서출판 대학서림,,200011.442668261,453788.327331795,출판인쇄업,출판사,2026-05-01 22:43:28,I,13,영업중,,0,0,2013-12-10 15:48:32,,1965-01-20,110-530,서울특별시 종로구 혜화동 **-*,CDFG1251001965000001,3000000,,서울특별시 종로구 혜화로*길 * (혜화동),,01,영업/정상,,,,,0,0
,지림출판사,,198235.870255334,453289.94268274,출판인쇄업,출판사,2026-05-01 22:43:29,I,13,영업중,,0,,2014-01-22 14:11:50,,1965-07-05,110-220,서울특별시 종로구 팔판동 **,CDFG1251001965000004,3000000,,서울특별시 종로구 삼청로 **-** (팔판동),,01,영업/정상,,,,02-735-7790,,
,(주)범한서적,,196792.559110604,455837.077575653,출판인쇄업,출판사,2026-05-01 22:43:29,I,13,영업중,,0,,2014-11-07 09:20:40,,1966-10-06,110-847,서울특별시 종로구 평창동 ***-**,CDFG1251001966000003,3000000,,서울특별시 종로구 평창문화로 ** (평창동),,01,영업/정상,,,,02-733-2011,,
,(재)한국기원,,198752.043335926,451889.12171468,출판인쇄업,출판사,2026-05-01 22:43:29,I,31,등록취소,,0,,2003-02-07 09:13:27,,1967-07-07,110-111,서울특별시 종로구 관철동 **-* 한국기원빌딩***호,CDFG1251001967000003,3000000,,"서울특별시 종로구 삼일대로**길 **  (관철동,한국기원빌딩***호)",,04,취소/말소/만료/정지/중지,,,,22991292,,
,셔블출판사,2008-08-28,196890.507243324,451455.736338802,출판인쇄업,출판사,2026-05-01 22:31:50,I,03,폐업,,,,2008-08-29 09:32:29,,1999-01-19,120-012,서울특별시 서대문구 충정로*가 **-**,CDFG1251001999000002,3120000,,서울특별시 서대문구 충정로 **-*  (충정로*가),,03,폐업,,,,,,
,진명금융아카데미,1999-02-13,194188.319892703,450550.800678399,출판인쇄업,출판사,2026-05-01 22:31:50,I,03,폐업,,0,0,2003-02-07 11:07:55,,1999-02-05,120-834,서울특별시 서대문구 창천동 **-**,CDFG1251001999000004,3120000,,서울특별시 서대문구 연세로*가길 **  (창천동),,03,폐업,,,,,0,0
,유신문화사,2007-08-29,193860.58211819,451975.128845845,출판인쇄업,출판사,2026-05-01 22:31:50,I,03,폐업,,,,2007-08-29 15:39:22,,1999-02-08,120-824,서울특별시 서대문구 연희동 **-** *층,CDFG1251001999000005,3120000,,"서울특별시 서대문구 증가로 **  (연희동,*층)",,03,폐업,,,,,,
,에스디코리아(주),2000-03-24,,,출판인쇄업,출판사,2026-05-01 22:31:50,I,03,폐업,,0,0,2003-02-07 11:07:55,,1999-03-17,120-863,서울특별시 서대문구 홍제동 ***-*,CDFG1251001999000009,3120000,,서울특별시 서대문구 간호대로*길 **-*  (홍제동),,03,폐업,,,,,0,0
,제이에스정보통신(주),1999-10-13,196920.634153795,451515.686802816,출판인쇄업,출판사,2026-05-01 22:31:50,I,03,폐업,,0,0,2003-02-07 11:07:55,,1999-03-22,120-012,서울특별시 서대문구 충정로*가 *-* *층,CDFG1251001999000010,3120000,,"서울특별시 서대문구 통일로 ***  (충정로*가,*층)",,03,폐업,,,,,0,0
,한국교육멀티센타,1999-12-17,196710.641084396,451208.594863159,출판인쇄업,출판사,2026-05-01 22:31:50,I,03,폐업,,0,0,2003-02-07 11:07:55,,1999-03-22,120-839,서울특별시 서대문구 충정로*가 ***-*,CDFG1251001999000011,3120000,,서울특별시 서대문구 충정로*길 **-*  (충정로*가),,03,폐업,,,,,0,0
,좌옹윤치호문화사업회,2002-03-27,194211.023197681,452303.891798281,출판인쇄업,출판사,2026-05-01 22:31:50,I,03,폐업,,,,2003-07-29 15:33:38,,1999-04-02,120-827,서울특별시 서대문구 연희동 **-** *층,CDFG1251001999000014,3120000,,"서울특별시 서대문구 연희로 ***  (연희동,*층)",,03,폐업,,,,,,
,유니팩스교육,2005-02-14,191927.995886044,452886.099054113,출판인쇄업,출판사,2026-05-01 22:31:50,I,03,폐업,,,,2005-02-14 13:23:42,,1999-04-07,120-814,서울특별시 서대문구 북가좌동 ***-** *층,CDFG1251001999000016,3120000,,"서울특별시 서대문구 거북골로 ***  (북가좌동,*층)",,03,폐업,,,,,,
,삼기획,1999-08-02,193174.167514694,453364.39390161,출판인쇄업,출판사,2026-05-01 22:31:50,I,03,폐업,,0,0,2003-02-07 11:07:55,,1999-04-28,120-800,서울특별시 서대문구 남가좌동 *-***,CDFG1251001999000017,3120000,,서울특별시 서대문구 명지대길 **  (남가좌동),,03,폐업,,,,,0,0
,혜린,2000-04-18,196314.81108493,450775.524205715,출판인쇄업,출판사,2026-05-01 22:31:51,I,03,폐업,,0,0,2003-02-07 11:07:55,,1999-05-21,120-820,서울특별시 서대문구 북아현동 ***-*,CDFG1251001999000022,3120000,,서울특별시 서대문구 북아현로*마길 *-**  (북아현동),,03,폐업,,,,,0,0
,좋은이웃집,2001-01-19,196752.76401348,450838.597606871,출판인쇄업,출판사,2026-05-01 22:31:51,I,03,폐업,,0,0,2003-02-07 11:07:55,,1999-07-08,120-013,서울특별시 서대문구 충정로*가 ***-* 충정타워 ***동,CDFG1251001999000026,3120000,,"서울특별시 서대문구 서소문로 **, ***동 (충정로*가,충정타워)",,03,폐업,,,,,0,0
,도서출판 드림북,2000-08-26,194303.986604803,453906.508018186,출판인쇄업,출판사,2026-05-01 22:31:51,I,03,폐업,,0,,2003-02-07 11:07:55,,1999-08-01,120-861,서울특별시 서대문구 홍제동 ***-**,CDFG1251001999000029,3120000,,서울특별시 서대문구 홍제내길 ***  (홍제동),,03,폐업,,,,,,
,(주)세스컴,2000-10-18,196723.582344883,451317.439686301,출판인쇄업,출판사,2026-05-01 22:31:51,I,03,폐업,,0,0,2003-02-07 11:07:55,,1999-08-17,120-012,서울특별시 서대문구 충정로*가 ***-*,CDFG1251001999000032,3120000,,서울특별시 서대문구 경기대로 **  (충정로*가),,03,폐업,,,,,0,0
,밀물,1999-09-14,193752.261869885,450618.352604271,출판인쇄업,출판사,2026-05-01 22:31:51,I,03,폐업,,0,0,2003-02-07 11:07:55,,1999-08-17,120-836,서울특별시 서대문구 창천동 ***-** 휴암빌딩 ***동,CDFG1251001999000033,3120000,,"서울특별시 서대문구 신촌로 **, ***동 (창천동,휴암빌딩)",,03,폐업,,,,,0,0
,옐로콘,2003-02-24,,,출판인쇄업,출판사,2026-05-01 22:31:51,I,03,폐업,,,,2003-07-28 17:52:01,,1999-08-23,120-190,서울특별시 서대문구 북아현동 ***-* 지하,CDFG1251001999000034,3120000,,,,03,폐업,,,,,,
,21세기문화사,2002-03-11,193263.496217246,453055.317641603,출판인쇄업,출판사,2026-05-01 22:31:51,I,03,폐업,,,,2003-07-28 17:08:41,,1999-10-01,120-806,서울특별시 서대문구 남가좌동 ***-**,CDFG1251001999000037,3120000,,서울특별시 서대문구 거북골로 **  (남가좌동),,03,폐업,,,,,,
,지성과실천사,2009-08-26,196861.226817567,451478.000531622,출판인쇄업,출판사,2026-05-01 22:31:51,I,03,폐업,,,,2010-09-30 16:08:16,,1999-10-02,120-012,서울특별시 서대문구 충정로*가 **-*,CDFG1251001999000039,3120000,,서울특별시 서대문구 충정로**길 **  (충정로*가),,03,폐업,,,,,,
,문예세계사,2000-05-31,193770.295189168,452095.492569881,출판인쇄업,출판사,2026-05-01 22:31:51,I,03,폐업,,0,0,2003-02-07 11:07:55,,1999-10-28,120-824,서울특별시 서대문구 연희동 **-**,CDFG1251001999000043,3120000,,서울특별시 서대문구 증가로 **  (연희동),,03,폐업,,,,,0,0
,북랜드,2000-10-06,195532.803462975,450565.932340121,출판인쇄업,출판사,2026-05-01 22:31:51,I,03,폐업,,0,0,2003-02-07 11:07:55,,1999-11-11,120-822,서울특별시 서대문구 북아현동 ***-**,CDFG1251001999000047,3120000,,서울특별시 서대문구 신촌로 ***  (북아현동),,03,폐업,,,,,0,0
,네오필,2000-01-28,196217.37154985,450585.956949942,출판인쇄업,출판사,2026-05-01 22:31:51,I,03,폐업,,0,0,2003-02-07 11:07:55,,1999-11-17,120-819,서울특별시 서대문구 북아현동 ***-**,CDFG1251001999000050,3120000,,서울특별시 서대문구 신촌로 ***-*  (북아현동),,03,폐업,,,,,0,0
,다인출판기획,2000-12-05,,,출판인쇄업,출판사,2026-05-01 22:31:51,I,03,폐업,,0,0,2003-02-07 11:07:55,,1999-11-26,120-012,서울특별시 서대문구 충정로*가 *-*,CDFG1251001999000051,3120000,,,,03,폐업,,,,,0,0
,피터스하우스,2000-12-28,195639.45993542,451388.704921312,출판인쇄업,출판사,2026-05-01 22:31:51,I,03,폐업,,0,0,2003-02-07 11:07:55,,1999-12-07,120-866,서울특별시 서대문구 북아현동 *-****,CDFG1251001999000052,3120000,,서울특별시 서대문구 북아현로 ***  (북아현동),,03,폐업,,,,,0,0
,한국양서보급중앙회,1999-12-10,194005.155662741,451865.85926568,출판인쇄업,출판사,2026-05-01 22:31:51,I,03,폐업,,0,0,2003-02-07 11:07:55,,1999-12-10,120-829,서울특별시 서대문구 연희동 **-**,CDFG1251001999000053,3120000,,서울특별시 서대문구 연희로 ***  (연희동),,03,폐업,,,,,0,0
,학영사,1999-12-10,194035.371547124,451891.607817532,출판인쇄업,출판사,2026-05-01 22:31:51,I,03,폐업,,0,0,2003-02-07 11:07:55,,1999-12-10,120-829,서울특별시 서대문구 연희동 **-*,CDFG1251001999000054,3120000,,서울특별시 서대문구 연희로 ***-*  (연희동),,03,폐업,,,,,0,0
,슈니책방,2021-01-26,196354.967488409,451870.981581505,출판인쇄업,출판사,2026-05-01 22:32:55,I,03,폐업,,,,2021-01-27 13:21:54,,2019-01-02,,서울특별시 서대문구 천연동 **-*,CDFG1251002019000003,3120000,,서울특별시 서대문구 독립문로*안길 **-* (천연동),03744,03,폐업,,,,,,
,e북하우스,2021-12-27,194218.86606414,454602.605617352,출판인쇄업,출판사,2026-05-01 22:32:55,I,03,폐업,,,,2021-12-27 15:09:11,,2017-02-13,,서울특별시 서대문구 홍은동 ***-* 미성아파트 *동 ***호,CDFG1251002019000010,3120000,,"서울특별시 서대문구 연희로**길 ***, *동 ***호 (홍은동, 미성아파트)",03648,03,폐업,,,,,,
,그해봄,2020-01-03,195643.199082794,452519.824033519,출판인쇄업,출판사,2026-05-01 22:32:56,I,03,폐업,,,,2020-01-03 17:25:10,,2019-02-15,,서울특별시 서대문구 현저동 **** 독립문파크빌아파트,CDFG1251002019000019,3120000,,"서울특별시 서대문구 통일로 ***-**, ***동 ***호 (현저동, 독립문파크빌아파트)",03732,03,폐업,,,,,,
,나르샤,2020-01-09,194289.664756652,450773.327819832,출판인쇄업,출판사,2026-05-01 22:32:56,I,03,폐업,,,,2020-01-09 17:43:08,,2019-02-25,,서울특별시 서대문구 창천동 **-**,CDFG1251002019000020,3120000,,서울특별시 서대문구 연세로**길 ** (창천동),03788,03,폐업,,,,,,
,루다루,2020-07-16,195057.033841623,454786.019433577,출판인쇄업,출판사,2026-05-01 22:32:56,I,03,폐업,,,,2020-07-17 08:21:07,,2019-03-07,,서울특별시 서대문구 홍은동 *** 홍은벽산아파트,CDFG1251002019000029,3120000,,"서울특별시 서대문구 세검정로*길 **, ***동 ***호 (홍은동, 홍은벽산아파트)",03612,03,폐업,,,,,,
,한길출판사,2022-09-20,192374.179401831,453079.760061889,출판인쇄업,출판사,2026-05-01 22:32:56,I,03,폐업,,,,2022-09-20 17:03:10,,2019-05-07,,서울특별시 서대문구 북가좌동 ***-* 대성빌라,CDFG1251002019000041,3120000,,"서울특별시 서대문구 증가로**길 **, ***호 (북가좌동, 대성빌라)",03684,03,폐업,,,,,,
,3355artists,2020-06-23,193844.561075757,452620.822916749,출판인쇄업,출판사,2026-05-01 22:32:56,I,03,폐업,,,,2020-06-23 15:42:09,,2019-05-13,,서울특별시 서대문구 연희동 ***-**,CDFG1251002019000045,3120000,,"서울특별시 서대문구 홍연*길 **-*, *층 (연희동)",03695,03,폐업,,,,,,
,아그라파프레스,2021-04-19,195723.539073553,454754.899472127,출판인쇄업,출판사,2026-05-01 22:32:56,I,03,폐업,,,,2021-04-19 16:39:46,,2019-05-27,,서울특별시 서대문구 홍제동 *** 유원하나아파트,CDFG1251002019000051,3120000,,"서울특별시 서대문구 세검정로 ***, ***동 ****호 (홍제동, 유원하나아파트)",03620,03,폐업,,,,070-8816-9796,,
단독주택,상상이상커뮤니케이션,2022-09-14,193946.395220305,450525.834024158,출판인쇄업,출판사,2026-05-01 22:32:57,I,03,폐업,,,2,2022-09-14 16:53:41,,2014-11-07,,서울특별시 서대문구 창천동 ***-**,CDFG1251002019000058,3120000,,"서울특별시 서대문구 신촌로 **, B*층 ***호 (창천동)",03786,03,폐업,,,,,,1
,와이알디자인(y.r.Design),2025-03-24,194137.327899824,453233.444329058,출판인쇄업,출판사,2026-05-01 22:32:57,I,03,폐업,,,,2025-03-24 13:56:15,,2019-06-28,,서울특별시 서대문구 홍은동 ***-**,CDFG1251002019000063,3120000,,"서울특별시 서대문구 모래내로**길 **, *층 (홍은동)",03654,03,폐업,,,,02-304-1302,,
,자람원,2024-12-30,194100.953390467,452252.325119347,출판인쇄업,출판사,2026-05-01 22:32:58,I,03,폐업,,,,2024-12-30 16:52:34,,2018-11-07,,서울특별시 서대문구 연희동 **-*,CDFG1251002019000066,3120000,,"서울특별시 서대문구 연희로**길 **-*, *층 (연희동)",03697,03,폐업,,,,02-333-2626,,
,짱큰콩,2021-01-05,195094.213027972,451794.5918674,출판인쇄업,출판사,2026-05-01 22:32:58,I,03,폐업,,,,2021-01-05 13:03:54,,2019-08-05,,서울특별시 서대문구 대신동 ***-**,CDFG1251002019000073,3120000,,"서울특별시 서대문구 연대동문*길 **, 지층 ***호 (대신동)",03721,03,폐업,,,,,,
,플레인 베어,2020-05-04,195137.941629402,451850.367017259,출판인쇄업,출판사,2026-05-01 22:32:58,I,03,폐업,,,,2020-05-04 17:41:39,,2019-08-20,,서울특별시 서대문구 대신동 ***-*,CDFG1251002019000076,3120000,,"서울특별시 서대문구 봉원사길 **, *층 ***호 (대신동)",03721,03,폐업,,,,02-372-9540,,
,동무출판사,2019-09-11,193514.669907574,452894.944638878,출판인쇄업,출판사,2026-05-01 22:32:58,I,03,폐업,,,,2019-09-14 15:23:07,,2019-09-02,,서울특별시 서대문구 홍은동 ***-**,CDFG1251002019000078,3120000,,"서울특별시 서대문구 증가로*길 **-**, *층 (홍은동)",03664,03,폐업,,,,,,
,삼용 선생 출판사,2020-11-02,194818.560081262,453854.351671606,출판인쇄업,출판사,2026-05-01 22:32:58,I,03,폐업,,,,2020-11-02 16:14:16,,2019-09-03,,서울특별시 서대문구 홍제동 ***-** 홍은정사,CDFG1251002019000081,3120000,,"서울특별시 서대문구 통일로**길 **, 홍은정사 *층 ***호 (홍제동)",03639,03,폐업,,,,,,
,마음의 벗,2020-01-02,194754.676374401,454078.028449131,출판인쇄업,출판사,2026-05-01 22:32:59,I,03,폐업,,,,2020-01-02 17:30:08,,2019-09-05,,서울특별시 서대문구 홍제동 *** 홍제현대아파트,CDFG1251002019000084,3120000,,"서울특별시 서대문구 통일로**가길 **, ***동 ****호 (홍제동, 홍제현대아파트)",03638,03,폐업,,,,,,
,글무리,2019-11-18,191731.85666037,453007.812164758,출판인쇄업,출판사,2026-05-01 22:32:59,I,03,폐업,,,,2020-02-13 15:51:39,,2019-09-05,,서울특별시 서대문구 북가좌동 ***-** 한일아트빌라,CDFG1251002019000085,3120000,,"서울특별시 서대문구 거북골로 ***, ***호 (북가좌동, 한일아트빌라)",03713,03,폐업,,,,,,
,ilda,2025-01-20,196041.055038547,450824.65813996,출판인쇄업,출판사,2026-05-01 22:32:59,I,03,폐업,,,,2025-01-20 15:20:08,,2019-11-11,,서울특별시 서대문구 북아현동 **** e편한세상신촌 *단지,CDFG1251002019000100,3120000,,"서울특별시 서대문구 북아현로 **, ***동 ***호 (북아현동, e편한세상신촌 *단지)",03771,03,폐업,,,,,,
,모노리스,2021-01-12,193858.067839957,453953.057421239,출판인쇄업,출판사,2026-05-01 22:32:59,I,03,폐업,,,,2021-01-13 10:19:29,,2019-11-12,,서울특별시 서대문구 홍은동 ***-***,CDFG1251002019000103,3120000,,"서울특별시 서대문구 연희로**라길 **, ***호 (홍은동)",03651,03,폐업,,,,,,
,(주)인터내셔널코리아,2023-03-28,192944.698009715,453257.381604183,출판인쇄업,출판사,2026-05-01 22:32:59,I,03,폐업,,,,2023-03-28 16:18:50,,2019-11-28,,서울특별시 서대문구 북가좌동 *-**,CDFG1251002019000109,3120000,,"서울특별시 서대문구 증가로**나길 **-*, B*층 (북가좌동)",03671,03,폐업,,,,,,
,TAVULA RASA PRESS,2021-06-15,196131.201065333,451300.202351339,출판인쇄업,출판사,2026-05-01 22:33:00,I,03,폐업,,,,2021-06-16 13:20:14,,2020-03-09,,서울특별시 서대문구 북아현동 *-** 북아현동빌라,CDFG1251002020000028,3120000,,"서울특별시 서대문구 북아현로**길 **, ***호 (북아현동, 북아현동빌라)",03749,03,폐업,,,,,,
,지식창출,2020-11-23,193946.395220305,450525.834024158,출판인쇄업,출판사,2026-05-01 22:33:00,I,03,폐업,,,,2020-11-24 08:27:52,,2020-03-20,,서울특별시 서대문구 창천동 ***-** ***호,CDFG1251002020000043,3120000,,"서울특별시 서대문구 신촌로 **, ***호 (창천동)",03786,03,폐업,,,,,,
,마니,2009-07-24,195246.323064105,455404.498885994,출판인쇄업,출판사,2026-05-01 22:31:51,I,03,폐업,,,,2010-09-30 16:08:57,,1999-12-16,120-842,서울특별시 서대문구 홍은동 **-***,CDFG1251001999000055,3120000,,서울특별시 서대문구 홍은중앙로*나길 **-*  (홍은동),,03,폐업,,,,,,
,여울미디어,2007-08-02,196259.607806599,452003.400133964,출판인쇄업,출판사,2026-05-01 22:31:51,I,03,폐업,,,,2007-08-02 13:14:14,,1999-03-13,120-070,서울특별시 서대문구 영천동 *** 삼호(아)상가 ***호,CDFG1251001999000059,3120000,,,,03,폐업,,,,,,
근린생활시설,코북페이퍼앤사이언스(주),2017-12-29,194594.002557125,454792.269278016,출판인쇄업,출판사,2026-05-01 22:31:51,I,03,폐업,,,,2017-12-29 17:18:09,,1999-11-18,120-844,서울특별시 서대문구 홍은동 ***-*,CDFG1251001999000061,3120000,,서울특별시 서대문구 통일로 *** (홍은동),,03,폐업,,,,,,
,도서출판 태평양,2013-05-07,195026.123970045,451391.02840326,출판인쇄업,출판사,2026-05-01 22:31:51,I,03,폐업,,,,2013-05-07 17:15:22,,1999-02-27,120-160,서울특별시 서대문구 대신동 **,CDFG1251001999000065,3120000,,,,03,폐업,,,,,,
,디엔아이,2002-11-19,193122.973418794,452369.841765632,출판인쇄업,출판사,2026-05-01 22:31:51,I,03,폐업,,,,2003-07-29 16:53:56,,1999-02-01,120-806,서울특별시 서대문구 남가좌동 ***-** *층,CDFG1251001999000068,3120000,,"서울특별시 서대문구 모래내로 ***  (남가좌동,*층)",,03,폐업,,,,31510252,,
,깨끗한 세상,2007-09-21,193907.567553108,450625.356383284,출판인쇄업,출판사,2026-05-01 22:31:51,I,03,폐업,,,,2007-09-21 17:48:24,,1999-01-13,120-835,서울특별시 서대문구 창천동 ***-* ***호,CDFG1251001999000070,3120000,,"서울특별시 서대문구 신촌로*길 *-**,  ***호 (창천동)",,03,폐업,,,,31423378,,
,도서출판 좋은시,2003-08-20,193485.938811275,453785.926089523,출판인쇄업,출판사,2026-05-01 22:31:51,I,03,폐업,,,,2003-08-20 15:21:05,,2000-01-21,120-848,서울특별시 서대문구 홍은동 ***-*,CDFG1251002000000001,3120000,,서울특별시 서대문구 백련사길 ***-*  (홍은동),,03,폐업,,,,,,
,지존인터미디어(주),2000-04-19,195287.766418517,451143.789306014,출판인쇄업,출판사,2026-05-01 22:31:51,I,03,폐업,,0,0,2003-02-07 11:07:55,,2000-01-21,120-808,서울특별시 서대문구 대현동 **-* 이화SK 텔레콤관 ***동,CDFG1251002000000002,3120000,,"서울특별시 서대문구 이화여대길 **, ***동 (대현동,이화SK 텔레콤관)",,03,폐업,,,,,0,0
,사회와 담론,2008-05-28,192143.34162393,453423.898647438,출판인쇄업,출판사,2026-05-01 22:31:51,I,03,폐업,,,,2008-05-28 09:32:28,,2000-01-21,120-814,서울특별시 서대문구 북가좌동 ***-**,CDFG1251002000000003,3120000,,서울특별시 서대문구 증가로**길 **-**  (북가좌동),,03,폐업,,,,,,
,새빛디자인,2016-08-29,194060.839634382,452918.147758669,출판인쇄업,출판사,2026-05-01 22:31:51,I,03,폐업,,0,0,2016-08-29 16:06:07,,2000-01-28,120-110,서울특별시 서대문구 연희동 ***-** ***호,CDFG1251002000000004,3120000,,"서울특별시 서대문구 홍제천로 *** (연희동,***호)",,03,폐업,,,,,0,0
,논술미팅,2005-08-31,,,출판인쇄업,출판사,2026-05-01 22:31:51,I,03,폐업,,,,2005-08-31 13:32:50,,2000-02-03,120-100,서울특별시 서대문구 홍은동 **-** 신지식센타 ***,CDFG1251002000000008,3120000,,,,03,폐업,,,,32162442,,
,새길출판사,2000-12-08,,,출판인쇄업,출판사,2026-05-01 22:31:51,I,03,폐업,,0,0,2003-02-07 11:07:55,,2000-02-07,120-012,서울특별시 서대문구 충정로*가 *-*,CDFG1251002000000009,3120000,,,,03,폐업,,,,,0,0
,고대사,2015-06-25,196749.487880176,451008.10569461,출판인쇄업,출판사,2026-05-01 22:31:51,I,03,폐업,,,,2015-06-29 08:29:56,,2000-03-25,120-840,서울특별시 서대문구 충정로*가 ***-**,CDFG1251002000000016,3120000,,서울특별시 서대문구 충정로*길 *-* (충정로*가),,03,폐업,,,,,,
,이지톡,2001-02-21,196742.952216081,451760.901645976,출판인쇄업,출판사,2026-05-01 22:31:52,I,03,폐업,,0,0,2003-02-07 11:07:55,,2000-04-14,120-050,서울특별시 서대문구 냉천동 ***-* *층,CDFG1251002000000019,3120000,,"서울특별시 서대문구 통일로 ***  (냉천동,*층)",,03,폐업,,,,,0,0
,기획집단꾼,2009-06-18,192400.238564363,452996.172866565,출판인쇄업,출판사,2026-05-01 22:31:52,I,03,폐업,,,,2009-06-18 10:19:35,,2000-05-04,,서울특별시 서대문구 북가좌동 **-*** **통*반,CDFG1251002000000023,3120000,,서울특별시 서대문구 증가로**길 **-*  (북가좌동),,03,폐업,,,,,,
,(주)밀레아이티,2001-06-20,196690.854694636,451345.391237969,출판인쇄업,출판사,2026-05-01 22:31:52,I,03,폐업,,0,0,2003-02-07 11:07:55,,2000-06-07,120-012,서울특별시 서대문구 충정로*가 **-** 석당빌딩 *층,CDFG1251002000000028,3120000,,"서울특별시 서대문구 경기대로 **  (충정로*가,석당빌딩 *층)",,03,폐업,,,,,0,0
,통준사,2004-07-28,192000.945942229,452848.009128439,출판인쇄업,출판사,2026-05-01 22:31:52,I,03,폐업,,,,2004-07-28 10:32:43,,2000-07-20,120-813,서울특별시 서대문구 북가좌동 ***-**,CDFG1251002000000032,3120000,,서울특별시 서대문구 응암로 **  (북가좌동),,03,폐업,,,,,,
,삼성지도개발,2001-05-31,193559.689489602,451122.684993594,출판인쇄업,출판사,2026-05-01 22:31:52,I,03,폐업,,0,0,2003-02-07 11:07:55,,2000-07-31,120-830,서울특별시 서대문구 연희동 ***-*** *층,CDFG1251002000000034,3120000,,"서울특별시 서대문구 연희로 **  (연희동,*층)",,03,폐업,,,,,0,0
,도서출판이즈뮤직,2000-11-22,193278.88255037,452582.913210749,출판인쇄업,출판사,2026-05-01 22:31:52,I,03,폐업,,0,0,2003-02-07 11:07:55,,2000-08-28,120-806,서울특별시 서대문구 남가좌동 ***-* (***호),CDFG1251002000000037,3120000,,"서울특별시 서대문구 모래내로 ***-**  (남가좌동,(***호))",,03,폐업,,,,,0,0
,리치북스,2013-11-05,195954.134761177,451461.590116981,출판인쇄업,출판사,2026-05-01 22:31:52,I,03,폐업,,,,2013-11-05 10:43:05,,2000-09-23,120-865,서울특별시 서대문구 북아현동 *-***,CDFG1251002000000039,3120000,,서울특별시 서대문구 북아현로**마길 **  (북아현동),,03,폐업,,,,,,
,참이슬,2008-10-31,194768.390733044,454229.30111769,출판인쇄업,출판사,2026-05-01 22:31:52,I,03,폐업,,,,2008-10-31 17:29:30,,2000-10-02,120-859,서울특별시 서대문구 홍제동 ***-*,CDFG1251002000000042,3120000,,서울특별시 서대문구 통일로**가길 **-*  (홍제동),,03,폐업,,,,,,
,도서출판서지원,2001-02-05,194990.122803395,451275.108363002,출판인쇄업,출판사,2026-05-01 22:31:52,I,03,폐업,,0,,2003-02-07 11:07:55,,2000-10-07,120-160,서울특별시 서대문구 대신동 **-* 하늬솔빌딩 (*층),CDFG1251002000000043,3120000,,,,03,폐업,,,,,,
,정보나라,2002-06-26,,,출판인쇄업,출판사,2026-05-01 22:31:52,I,03,폐업,,,,2004-09-03 11:25:20,,2000-10-09,120-160,서울특별시 서대문구 대신동 **-* 하늬솔빌딩 A동*층,CDFG1251002000000044,3120000,,,,03,폐업,,,,,,
,ienglish(아이잉글리쉬),2010-02-09,195522.185739906,450768.295518175,출판인쇄업,출판사,2026-05-01 22:31:52,I,03,폐업,,,,2010-09-30 16:18:36,,2000-10-09,120-190,서울특별시 서대문구 북아현동 **** 두산아파트상가 ***호,CDFG1251002000000045,3120000,,"서울특별시 서대문구 이화여대*길 **,  ***호 (북아현동,두산아파트상가)",,03,폐업,,,,02-392-7094,,
,모레네모,2023-06-02,192480.02944094,452634.55767379,출판인쇄업,출판사,2026-05-01 22:33:01,I,03,폐업,,,,2023-06-05 13:04:48,,2016-10-13,,서울특별시 서대문구 남가좌동 *** DMC센트레빌아파트 ***동 ***호,CDFG1251002020000060,3120000,,"서울특별시 서대문구 거북골로 ***, ***동 ***호 (남가좌동, DMC센트레빌아파트)",03690,03,폐업,,,,,,
,포도원서적,2023-07-25,193454.673091038,452164.992813883,출판인쇄업,출판사,2026-05-01 22:33:01,I,03,폐업,,,,2023-07-25 17:52:44,,2020-06-24,,서울특별시 서대문구 연희동 ***-** ***호,CDFG1251002020000070,3120000,,"서울특별시 서대문구 연희로**자길 **, ***호 (연희동)",03701,03,폐업,,,,,,
,이삼사 출판,2021-10-08,192028.41586192,452265.952165442,출판인쇄업,출판사,2026-05-01 22:33:01,I,03,폐업,,,,2021-10-08 17:20:10,,2020-06-29,,서울특별시 서대문구 북가좌동 *** DMC래미안e편한세상 ***동 ****호,CDFG1251002020000073,3120000,,"서울특별시 서대문구 수색로 ***, ***동 ****호 (북가좌동, DMC래미안e편한세상)",03709,03,폐업,,,,,,
,도서출판 등잔,2024-10-30,195744.396060997,454258.528690629,출판인쇄업,출판사,2026-05-01 22:33:01,I,03,폐업,,,,2024-10-30 10:43:08,,2010-02-10,,서울특별시 서대문구 홍제동 *-**,CDFG1251002020000078,3120000,,서울특별시 서대문구 세검정로*길 ** (홍제동),03621,03,폐업,,,,,,
,1등의 책쓰기연구소,2020-08-07,192070.865276548,453433.127054199,출판인쇄업,출판사,2026-05-01 22:33:02,I,03,폐업,,,,2020-08-10 11:28:47,,2018-02-06,,서울특별시 서대문구 북가좌동 ***-* ***호,CDFG1251002020000084,3120000,,"서울특별시 서대문구 증가로**길 **, ***호 (북가좌동)",03678,03,폐업,,,,02-332-4141,,
,빵모자,2021-08-23,195332.123380254,450806.05844472,출판인쇄업,출판사,2026-05-01 22:33:02,I,03,폐업,,,,2021-08-23 15:46:20,,2020-10-08,,서울특별시 서대문구 대현동 *** 럭키대현아파트 ***동 ****호,CDFG1251002020000104,3120000,,"서울특별시 서대문구 이화여대길 **-**, ***동 ****호 (대현동, 럭키대현아파트)",03764,03,폐업,,,,,,
,펍.띵킹맨(Pub. THINKING MAN),2025-04-15,193824.133108881,452562.361833425,출판인쇄업,출판사,2026-05-01 22:33:02,I,03,폐업,,,,2025-04-16 11:17:18,,2020-11-18,,서울특별시 서대문구 연희동 ***-**,CDFG1251002020000125,3120000,,서울특별시 서대문구 홍연*길 **-** (연희동),03695,03,폐업,,,,,,
,도서출판 준(JUNE),2020-11-20,193699.058097614,451789.571771866,출판인쇄업,출판사,2026-05-01 22:33:02,I,03,폐업,,,,2020-11-20 15:55:57,,1993-05-20,,서울특별시 서대문구 연희동 ***-**,CDFG1251002020000127,3120000,,서울특별시 서대문구 연희로**길 ** (연희동),03703,03,폐업,,,,,,
,아프리컷,2022-01-18,191666.117022567,452926.52011026,출판인쇄업,출판사,2026-05-01 22:33:02,I,03,폐업,,,,2022-01-18 16:04:04,,2020-11-30,,서울특별시 서대문구 북가좌동 ***-* 목인빌리지 ***호,CDFG1251002020000128,3120000,,"서울특별시 서대문구 거북골로**길 **-**, ***호 (북가좌동, 목인빌리지)",03713,03,폐업,,,,,,
,도서출판 등잔,2024-10-30,195744.396060997,454258.528690629,출판인쇄업,출판사,2026-05-01 22:33:03,I,03,폐업,,,,2024-10-30 13:12:13,,2010-02-10,,서울특별시 서대문구 홍제동 *-**,CDFG1251002021000008,3120000,,서울특별시 서대문구 세검정로*길 ** (홍제동),03621,03,폐업,,,,070-7527-6052,,
,생각생각,2022-12-30,195528.199096543,455100.863150966,출판인쇄업,출판사,2026-05-01 22:33:03,I,03,폐업,,,,2023-01-02 17:57:28,,2019-08-20,,서울특별시 서대문구 홍은동 *-***,CDFG1251002021000016,3120000,,서울특별시 서대문구 포방터*길 ** (홍은동),03607,03,폐업,,,,,,
,하냥,2023-12-29,194671.661438234,454675.546244977,출판인쇄업,출판사,2026-05-01 22:33:03,I,03,폐업,,,,2023-12-29 16:57:46,,2014-12-17,,서울특별시 서대문구 홍은동 ***-* 이편한세상 홍제가든플라츠,CDFG1251002021000024,3120000,,"서울특별시 서대문구 통일로 ***, ***동 ****호 (홍은동, 이편한세상 홍제가든플라츠)",03647,03,폐업,,,,,,
,떠올리다,2021-05-11,193712.476983727,450637.010875398,출판인쇄업,출판사,2026-05-01 22:33:03,I,03,폐업,,,,2021-05-11 20:01:14,,2021-03-02,,서울특별시 서대문구 창천동 ***-*,CDFG1251002021000027,3120000,,"서울특별시 서대문구 신촌로 **, *층 ****호 (창천동)",03785,03,폐업,,,,,,
,세라랩(sera lab),2021-03-26,195264.960746654,454889.517013985,출판인쇄업,출판사,2026-05-01 22:33:04,I,03,폐업,,,,2021-03-26 13:35:18,,2018-09-14,,서울특별시 서대문구 홍제동 *** 주함해븐빌,CDFG1251002021000036,3120000,,"서울특별시 서대문구 간호대로 **-**, ***동 ***호 (홍제동, 주함해븐빌)",03619,03,폐업,,,,,,
,해오 출판사,2023-11-21,194863.431687489,453395.043838141,출판인쇄업,출판사,2026-05-01 22:33:04,I,03,폐업,,,,2023-11-21 18:02:52,,2021-03-31,,서울특별시 서대문구 홍제동 ***-***,CDFG1251002021000038,3120000,,서울특별시 서대문구 모래내로**다길 ** (홍제동),03728,03,폐업,,,,,,
,그림제책소,2022-10-14,194151.597250758,452234.78697055,출판인쇄업,출판사,2026-05-01 22:33:04,I,03,폐업,,,,2022-10-14 11:52:29,,2021-05-28,,서울특별시 서대문구 연희동 **-* 디타운하우스,CDFG1251002021000053,3120000,,"서울특별시 서대문구 연희로**길 **, ***호 (연희동, 디타운하우스)",03699,03,폐업,,,,,,
근린생활시설,햇빛출판사,2023-03-22,193609.370295558,451916.156750391,출판인쇄업,출판사,2026-05-01 22:33:04,I,03,폐업,,,,2023-03-22 16:33:04,,1974-04-16,,서울특별시 서대문구 연희동 ***-**,CDFG1251002021000059,3120000,,서울특별시 서대문구 연희로**길 ** (연희동),03702,03,폐업,,,,,,
,FOLDABLE IDEAS,2025-01-06,195491.439689258,455617.563009214,출판인쇄업,출판사,2026-05-01 22:33:04,I,03,폐업,,,,2025-01-06 16:31:42,,2021-07-15,,서울특별시 서대문구 홍은동 *-**** 청암아트빌라,CDFG1251002021000065,3120000,,"서울특별시 서대문구 포방터길 ***, ***호 (홍은동, 청암아트빌라)",03601,03,폐업,,,,,,
근린생활시설,환경미화미디어사업단,2022-07-12,193712.476983727,450637.010875398,출판인쇄업,출판사,2026-05-01 22:33:05,I,03,폐업,,233.45,5,2022-07-12 18:07:25,,2021-02-23,,서울특별시 서대문구 창천동 ***-*,CDFG1251002021000082,3120000,일반주거지역,"서울특별시 서대문구 신촌로 **, *층 ****호 (창천동)",03785,03,폐업,주택가주변,,,,6,1
,도서출판 한빛,2022-02-23,193610.00079444,453021.821722969,출판인쇄업,출판사,2026-05-01 22:33:05,I,03,폐업,,,,2022-02-23 17:55:08,,2021-11-18,,서울특별시 서대문구 홍은동 ***-**,CDFG1251002021000099,3120000,,서울특별시 서대문구 가좌로 **-* (홍은동),03663,03,폐업,,,,,,
,시지프,2023-03-13,193712.476983727,450637.010875398,출판인쇄업,출판사,2026-05-01 22:33:07,I,03,폐업,,,,2023-03-13 17:34:26,,2022-05-12,,서울특별시 서대문구 창천동 ***-*,CDFG1251002022000040,3120000,,"서울특별시 서대문구 신촌로 **, *층 ****호 (창천동)",03785,03,폐업,,,,,,
,뉴로스텔라,2023-04-25,193712.476983727,450637.010875398,출판인쇄업,출판사,2026-05-01 22:33:08,I,03,폐업,,,,2023-04-25 13:02:18,,2022-07-22,,서울특별시 서대문구 창천동 ***-*,CDFG1251002022000070,3120000,,"서울특별시 서대문구 신촌로 **, *층 ****호 (창천동)",03785,03,폐업,,,,,,
,코램(Koram),2001-04-06,194909.590142388,450725.101344006,출판인쇄업,출판사,2026-05-01 22:31:52,I,03,폐업,,0,0,2003-02-07 11:07:55,,2000-10-21,120-808,서울특별시 서대문구 대현동 **-** *층,CDFG1251002000000048,3120000,,"서울특별시 서대문구 신촌역로 **-*  (대현동,*층)",,03,폐업,,,,,0,0
,도서출판연예저널사,2001-01-17,194653.339731351,454716.283533928,출판인쇄업,출판사,2026-05-01 22:31:52,I,03,폐업,,0,,2003-02-07 11:07:55,,2000-10-26,120-844,서울특별시 서대문구 홍은동 ***-* 일신빌딩 ***호,CDFG1251002000000049,3120000,,"서울특별시 서대문구 통일로 ***  (홍은동,일신빌딩 ***호)",,03,폐업,,,,,,
,명지대여성가족생활연구소,2007-04-19,193139.52394401,453106.002592232,출판인쇄업,출판사,2026-05-01 22:31:52,I,03,폐업,,,,2007-04-19 09:32:02,,2000-11-17,120-801,서울특별시 서대문구 남가좌동 **-* 명지대 본관 ****호,CDFG1251002000000051,3120000,,"서울특별시 서대문구 거북골로 **  (남가좌동,명지대 본관 ****호)",,03,폐업,,,,,,
,도서출판 문희,2003-12-18,196109.613589088,451432.545200216,출판인쇄업,출판사,2026-05-01 22:31:52,I,03,폐업,,,,2003-12-18 15:42:05,,2000-12-02,120-865,서울특별시 서대문구 북아현동 *-***,CDFG1251002000000052,3120000,,서울특별시 서대문구 북아현로**마길 **  (북아현동),,03,폐업,,,,,,
,Y2B,2002-04-03,194125.835067413,452046.241712223,출판인쇄업,출판사,2026-05-01 22:31:52,I,03,폐업,,,,2003-07-15 10:56:01,,2000-12-20,120-829,서울특별시 서대문구 연희동 **-* 천강빌딩 *층,CDFG1251002000000055,3120000,,"서울특별시 서대문구 연희로 ***  (연희동,천강빌딩 *층)",,03,폐업,,,,,,
,청우사,2024-03-04,195301.821091296,455550.962537704,출판인쇄업,출판사,2026-05-01 22:31:52,I,03,폐업,,,,2024-03-04 11:51:40,,2000-10-19,120-842,서울특별시 서대문구 홍은동 **-***,CDFG1251002000000073,3120000,,서울특별시 서대문구 홍은중앙로*나길 **-*  (홍은동),,03,폐업,,,,,,
,도서출판 좋은교육,2004-02-10,194152.077601875,452090.580533629,출판인쇄업,출판사,2026-05-01 22:31:52,I,03,폐업,,,,2004-02-10 14:06:22,,2000-07-20,120-829,서울특별시 서대문구 연희동 **-* 오빌딩 ***호,CDFG1251002000000074,3120000,,"서울특별시 서대문구 연희로 ***,  ***호 (연희동,오빌딩)",,03,폐업,,,,31414646,,
,휴먼북스,2002-07-18,196818.499635074,450981.56268848,출판인쇄업,출판사,2026-05-01 22:31:57,I,03,폐업,,,,2003-07-19 15:27:02,,2000-04-07,120-030,서울특별시 서대문구 합동 **-*,CDFG1251002000000077,3120000,,서울특별시 서대문구 서소문로 **-**  (합동),,03,폐업,,,,32171472,,
,도서출판 한샘조합,2002-02-01,194152.077601875,452090.580533629,출판인쇄업,출판사,2026-05-01 22:31:57,I,03,폐업,,,,2003-07-19 15:30:42,,2000-04-18,120-829,서울특별시 서대문구 연희동 **-* 오빌딩 ***호,CDFG1251002000000078,3120000,,"서울특별시 서대문구 연희로 ***,  ***호 (연희동,오빌딩)",,03,폐업,,,,31414646,,
단독주택,꿈초롱,2006-12-27,195642.97360424,451055.579583302,출판인쇄업,출판사,2026-05-01 22:31:57,I,03,폐업,,,,2006-12-27 14:29:22,,2000-12-07,120-818,서울특별시 서대문구 북아현동 ***-**,CDFG1251002000000086,3120000,,서울특별시 서대문구 북아현로**라길 **-*  (북아현동),,03,폐업,,,,,,
,Language Tank,2002-01-25,194635.371682777,450469.610782261,출판인쇄업,출판사,2026-05-01 22:31:57,I,03,폐업,,,,2003-07-14 17:01:14,,2001-02-05,120-833,서울특별시 서대문구 창천동 **-** 신촌르메이에르타운*  ****호,CDFG1251002001000005,3120000,,"서울특별시 서대문구 신촌로 ***  (창천동,신촌르메이에르타운*  ****호)",,03,폐업,,,,,,
,이화사,2002-11-06,195093.611559296,450756.900102967,출판인쇄업,출판사,2026-05-01 22:31:57,I,03,폐업,,0,0,2003-02-07 11:07:55,,2001-02-12,120-808,서울특별시 서대문구 대현동 **-*** *층,CDFG1251002001000009,3120000,,"서울특별시 서대문구 이화여대길 **  (대현동,*층)",,03,폐업,,,,,0,0
,시민방송주식회사,2001-05-14,196742.104095577,451655.294842504,출판인쇄업,출판사,2026-05-01 22:31:57,I,03,폐업,,0,,2003-02-07 11:07:55,,2001-02-23,120-050,서울특별시 서대문구 냉천동 **,CDFG1251002001000014,3120000,,서울특별시 서대문구 독립문로 **  (냉천동),,03,폐업,,,,,,
,대학교육문화원,2013-04-26,194211.023197681,452303.891798281,출판인쇄업,출판사,2026-05-01 22:31:57,I,03,폐업,,,,2013-05-15 16:36:35,,2001-02-27,120-827,서울특별시 서대문구 연희동 **-** 옥산빌딩***,CDFG1251002001000016,3120000,,"서울특별시 서대문구 연희로 ***  (연희동,옥산빌딩***)",,03,폐업,,,,,,
,도서출판 미디안미디어,2016-04-25,196809.207811406,451401.961268103,출판인쇄업,출판사,2026-05-01 22:31:57,I,03,폐업,,,,2016-04-25 13:54:46,,2001-03-05,120-012,서울특별시 서대문구 충정로*가 **-**,CDFG1251002001000019,3120000,,서울특별시 서대문구 충정로*길 **-* (충정로*가),,03,폐업,,,,,,
,도서출판 화두,2001-06-13,194990.122803395,451275.108363002,출판인쇄업,출판사,2026-05-01 22:31:57,I,03,폐업,,0,,2003-02-07 11:07:55,,2001-04-04,120-160,서울특별시 서대문구 대신동 **-* 하늬솔빌딩 A-*,CDFG1251002001000029,3120000,,,,03,폐업,,,,,,
,도서출판너에게가는길,2003-03-17,,,출판인쇄업,출판사,2026-05-01 22:31:57,I,03,폐업,,,,2003-07-14 16:15:54,,2001-04-07,120-827,서울특별시 서대문구 연희동 ***-**,CDFG1251002001000030,3120000,,서울특별시 서대문구 홍제천로 ***  (연희동),,03,폐업,,,,,,
,북매니아,2001-11-27,195175.338023571,450754.681442688,출판인쇄업,출판사,2026-05-01 22:31:57,I,03,폐업,,0,0,2003-02-07 11:07:55,,2001-05-24,120-808,서울특별시 서대문구 대현동 **-** *층,CDFG1251002001000037,3120000,,"서울특별시 서대문구 이화여대길 **-*  (대현동,*층)",,03,폐업,,,,,0,0
,모라비안컨설팅,2002-11-13,193558.675809237,451431.796585462,출판인쇄업,출판사,2026-05-01 22:31:57,I,03,폐업,,0,0,2003-02-07 11:07:55,,2001-06-05,120-828,서울특별시 서대문구 연희동 ***-**,CDFG1251002001000042,3120000,,서울특별시 서대문구 동교로 ***  (연희동),,03,폐업,,,,,0,0
,좋은새벽,2004-05-17,192485.629193899,453370.649771749,출판인쇄업,출판사,2026-05-01 22:31:57,I,03,폐업,,,,2004-05-18 16:57:45,,2001-06-20,120-812,서울특별시 서대문구 북가좌동 ***-* *층,CDFG1251002001000047,3120000,,"서울특별시 서대문구 증가로**다길 **  (북가좌동,*층)",,03,폐업,,,,,,
,위즈덤북(wisdombook),2006-01-17,196595.808000129,451003.234062396,출판인쇄업,출판사,2026-05-01 22:31:57,I,03,폐업,,,,2007-01-17 15:45:08,,2001-06-27,120-837,서울특별시 서대문구 충정로*가 **-* *층,CDFG1251002001000050,3120000,,"서울특별시 서대문구 경기대로 **  (충정로*가,*층)",,03,폐업,,,,,,
,도서출판 네일프로,2005-05-04,195024.010710546,450743.151470179,출판인쇄업,출판사,2026-05-01 22:31:58,I,03,폐업,,,,2005-05-04 11:18:49,,2001-07-03,120-808,서울특별시 서대문구 대현동 **-** 지층,CDFG1251002001000052,3120000,,"서울특별시 서대문구 이화여대*길 **-*  (대현동,지층)",,03,폐업,,,,,,
,도서출판 명,2005-04-25,195532.803462975,450565.932340121,출판인쇄업,출판사,2026-05-01 22:31:58,I,03,폐업,,,,2005-04-25 17:04:02,,2001-11-21,120-822,서울특별시 서대문구 북아현동 ***-**,CDFG1251002001000069,3120000,,서울특별시 서대문구 신촌로 ***  (북아현동),,03,폐업,,,,31470724,,
,"JINAPUBLISHING, Inc →JINAPUBLISHING",2022-12-02,195056.433401952,453713.396935608,출판인쇄업,출판사,2026-05-01 22:33:08,I,03,폐업,,,,2022-12-02 17:44:04,,2022-08-05,,서울특별시 서대문구 홍제동 ***-*** 고은맨숀아파트,CDFG1251002022000076,3120000,,"서울특별시 서대문구 모래내로 ***, 가동 ***호 (홍제동, 고은맨숀아파트)",03646,03,폐업,,,,,,
,미래출판사,2024-03-06,192482.416512858,452143.491541077,출판인쇄업,출판사,2026-05-01 22:33:08,I,03,폐업,,,,2024-03-07 09:28:57,,2005-07-27,,서울특별시 서대문구 남가좌동 ***-* DMC금호리첸시아,CDFG1251002022000104,3120000,,"서울특별시 서대문구 수색로*길 **, ***동 ****호 (남가좌동, DMC금호리첸시아)",03712,03,폐업,,,,,,
,오얼컴퍼니,2025-01-06,195057.033841623,454786.019433577,출판인쇄업,출판사,2026-05-01 22:33:09,I,03,폐업,,,,2025-01-06 13:27:31,,2023-04-03,,서울특별시 서대문구 홍은동 *** 홍은벽산아파트,CDFG1251002023000027,3120000,,"서울특별시 서대문구 세검정로*길 **, ***동 ***호 (홍은동, 홍은벽산아파트)",03612,03,폐업,,,,,,
,도서출판 신양사,2023-09-13,194844.25338772,453418.046592963,출판인쇄업,출판사,2026-05-01 22:33:10,I,03,폐업,,,,2023-09-13 16:09:48,,2023-07-05,,서울특별시 서대문구 홍제동 ***-*** 경일아파트,CDFG1251002023000057,3120000,,"서울특별시 서대문구 모래내로**다길 **-**, ***동 ***호 (홍제동, 경일아파트)",03728,03,폐업,,,,,,
,미러리스트,2025-05-12,193736.798297909,452977.307685543,출판인쇄업,출판사,2026-05-01 22:33:10,I,03,폐업,,34.2,,2025-05-12 18:38:24,,2020-11-10,,서울특별시 서대문구 홍은동 ***-** 선명럭스빌,CDFG1251002023000065,3120000,,"서울특별시 서대문구 가좌로 **-**, ***호 (홍은동, 선명럭스빌)",03659,03,폐업,,,,,,
,도서출판 푸른비단,2024-11-12,192777.199694959,452775.826967308,출판인쇄업,출판사,2026-05-01 22:33:10,I,03,폐업,,,,2024-11-12 16:49:04,,2023-08-08,,서울특별시 서대문구 남가좌동 *** DMC에코자이,CDFG1251002023000067,3120000,,"서울특별시 서대문구 거북골로 **, ***동 ***호 (남가좌동, DMC에코자이)",03687,03,폐업,,,,,,
,숲속북카페,2025-05-07,196650.101976035,451189.546803964,출판인쇄업,출판사,2026-05-01 22:33:10,I,03,폐업,,,,2025-05-07 17:03:54,,2023-08-24,,서울특별시 서대문구 충정로*가 ***-**,CDFG1251002023000070,3120000,,"서울특별시 서대문구 충정로*길 **-**, ***호 (충정로*가)",03737,03,폐업,,,,,,
,할인퀸,2025-11-18,195450.284816864,454258.667314917,출판인쇄업,출판사,2026-05-01 22:33:12,I,03,폐업,,,,2025-11-18 10:40:51,,2024-01-19,,서울특별시 서대문구 홍제동 *** 홍제비콘드림힐아파트,CDFG1251002024000009,3120000,,"서울특별시 서대문구 세무서*길 **, ***동 ***호 (홍제동, 홍제비콘드림힐아파트)",03625,03,폐업,,,,,,
,체조스튜디오,2025-05-02,194308.956838359,452284.106539706,출판인쇄업,출판사,2026-05-01 22:33:12,I,03,폐업,,27,,2025-05-02 17:54:10,,2018-02-06,,서울특별시 서대문구 연희동 **-* 경보빌딩,CDFG1251002024000010,3120000,,"서울특별시 서대문구 연희로**길 **, 경보빌딩 *층 (연희동)",03723,03,폐업,,,,,,
,인,2025-02-03,193061.759430038,452538.17164013,출판인쇄업,출판사,2026-05-01 22:33:12,I,03,폐업,,,,2025-02-04 09:35:27,,2024-03-14,,서울특별시 서대문구 남가좌동 **-**,CDFG1251002024000026,3120000,,서울특별시 서대문구 가재울로*길 *-* (남가좌동),03694,03,폐업,,,,,,
,도서출판 뜰밖,2025-02-07,196684.053627862,451268.312460861,출판인쇄업,출판사,2026-05-01 22:33:14,I,03,폐업,,,,2025-02-07 11:11:38,,2025-02-04,,서울특별시 서대문구 충정로*가 ***-** 충정로현대아파트,CDFG1251002025000016,3120000,,"서울특별시 서대문구 충정로*길 **, *층 ***호 (충정로*가, 충정로현대아파트)",03736,03,폐업,,,,02-393-9973,,
,리딩키트,2025-07-23,194490.073995485,450743.017219716,출판인쇄업,출판사,2026-05-01 22:33:14,I,03,폐업,,,,2025-07-23 15:16:44,,2025-03-25,,서울특별시 서대문구 창천동 *-**,CDFG1251002025000034,3120000,,"서울특별시 서대문구 연세로**길 **, *층 (창천동)",03776,03,폐업,,,,,,
,제일가제법령출판사,2001-12-27,196924.488615806,451469.361506102,출판인쇄업,출판사,2026-05-01 22:31:58,I,03,폐업,,0,0,2003-02-07 11:07:55,,2001-12-27,120-012,서울특별시 서대문구 충정로*가 ***-* 조흥은행빌딩 (*층),CDFG1251002001000074,3120000,,"서울특별시 서대문구 충정로 **  (충정로*가,조흥은행빌딩 (*층))",,03,폐업,,,,,0,0
,(주)엠텍소프트,2003-11-28,196920.634153795,451515.686802816,출판인쇄업,출판사,2026-05-01 22:31:58,I,03,폐업,,,,2003-11-28 09:25:47,,2001-02-27,120-012,서울특별시 서대문구 충정로*가 *-* 충정로우체국 충정s/w지원센터 *층 ***호,CDFG1251002001000075,3120000,,"서울특별시 서대문구 통일로 ***,  ***호 (충정로*가,충정로우체국 충정s/w지원센터 *층)",,03,폐업,,,,,,
,Testbusters,2003-07-18,,,출판인쇄업,출판사,2026-05-01 22:31:58,I,03,폐업,,,,2003-07-18 16:18:46,,2001-09-10,120-808,서울특별시 서대문구 대현동 **-* *층,CDFG1251002001000082,3120000,,,,03,폐업,,,,31470290,,
,평생교육진흥연구회,2023-12-28,196801.661639204,451267.809661546,출판인쇄업,출판사,2026-05-01 22:31:58,I,03,폐업,,,,2023-12-28 16:00:06,,2001-08-09,120-012,서울특별시 서대문구 충정로*가 *** 유원골든타워 ****호,CDFG1251002001000088,3120000,,"서울특별시 서대문구 충정로 **,  ****호 (충정로*가,유원골든타워)",,03,폐업,,,,,,
,(주)디지털말,2005-10-17,196734.141013732,451335.806432011,출판인쇄업,출판사,2026-05-01 22:31:58,I,03,폐업,,,,2005-10-17 09:35:47,,2001-10-12,120-012,서울특별시 서대문구 충정로*가 ***-* *층,CDFG1251002001000091,3120000,,"서울특별시 서대문구 경기대로 **  (충정로*가,*층)",,03,폐업,,,,,,
,목회갱신연구원,2022-06-02,194156.309295383,453605.705300053,출판인쇄업,출판사,2026-05-01 22:31:58,I,03,폐업,,,,2022-06-02 15:36:39,,2001-10-15,120-846,서울특별시 서대문구 홍은동 ***-***,CDFG1251002001000099,3120000,,서울특별시 서대문구 연희로**안길 *  (홍은동),,03,폐업,,,,02-395-6677,,
,설산출판사,2007-01-11,193514.554802596,453761.741106554,출판인쇄업,출판사,2026-05-01 22:31:58,I,03,폐업,,,,2007-01-12 09:03:39,,2001-07-27,120-848,서울특별시 서대문구 홍은동 ***-*,CDFG1251002001000101,3120000,,서울특별시 서대문구 백련사길 ***-**  (홍은동),,03,폐업,,,,,,
,하류문화,2006-07-31,,,출판인쇄업,출판사,2026-05-01 22:31:58,I,03,폐업,,,,2006-07-31 10:34:48,,2001-05-03,120-841,서울특별시 서대문구 홍은동 *-***,CDFG1251002001000104,3120000,,,,03,폐업,,,,,,
,헬로우아이키즈,2015-07-10,196791.676370681,451412.460285013,출판인쇄업,출판사,2026-05-01 22:31:58,I,03,폐업,,,,2015-07-10 15:28:22,,2001-02-09,120-012,서울특별시 서대문구 충정로*가 **-** ***호,CDFG1251002001000106,3120000,,"서울특별시 서대문구 경기대로 **, ***호 (충정로*가)",,03,폐업,,,,,,
,IHF중앙일보사이버아카데미,2015-07-10,196791.676370681,451412.460285013,출판인쇄업,출판사,2026-05-01 22:31:58,I,03,폐업,,,,2015-07-10 15:28:58,,2001-02-09,120-012,서울특별시 서대문구 충정로*가 **-** ***호,CDFG1251002001000108,3120000,,"서울특별시 서대문구 경기대로 **, ***호 (충정로*가)",,03,폐업,,,,,,
근린생활시설,도서출판 배꼽마당,2006-01-02,195951.934741323,451185.634370153,출판인쇄업,출판사,2026-05-01 22:31:58,I,03,폐업,,,,2006-01-02 17:11:18,,2001-06-11,120-818,서울특별시 서대문구 북아현동 ***-** *층,CDFG1251002001000110,3120000,,"서울특별시 서대문구 북아현로 **  (북아현동,*층)",,03,폐업,,,,,,
,커리어디자인사,2002-07-12,192580.090345159,453258.732530591,출판인쇄업,출판사,2026-05-01 22:31:58,I,03,폐업,,,,2003-07-07 14:19:39,,2002-01-31,120-810,서울특별시 서대문구 북가좌동 *-**,CDFG1251002002000009,3120000,,서울특별시 서대문구 증가로**나길 *-**  (북가좌동),,03,폐업,,,,,,
,도서출판 지현,2005-02-15,,,출판인쇄업,출판사,2026-05-01 22:31:58,I,03,폐업,,,,2005-02-15 14:07:27,,2002-03-23,120-804,서울특별시 서대문구 남가좌동 ***-**,CDFG1251002002000019,3120000,,서울특별시 서대문구 거북골로**다길 **-*  (남가좌동),,03,폐업,,,,,,
,수건세계선교출판사,2002-06-01,196232.089797312,451434.524000064,출판인쇄업,출판사,2026-05-01 22:31:58,I,03,폐업,,,,2003-05-16 16:20:22,,2002-04-16,120-865,서울특별시 서대문구 북아현동 *-***,CDFG1251002002000024,3120000,,서울특별시 서대문구 북아현로**나길 ***  (북아현동),,03,폐업,,,,,,
,LB,2015-03-11,196187.716881991,451213.115270649,출판인쇄업,출판사,2026-05-01 22:31:58,I,03,폐업,,,,2015-03-11 13:19:45,,2002-06-18,120-818,서울특별시 서대문구 북아현동 *-** LB빌딩 *층,CDFG1251002002000041,3120000,,"서울특별시 서대문구 북아현로**길 ** (북아현동,LB빌딩 *층)",,03,폐업,,,,,,
,도서출판 길눈,2006-06-05,194440.37769537,452253.418410559,출판인쇄업,출판사,2026-05-01 22:31:58,I,03,폐업,,,,2006-06-05 14:40:08,,2002-06-18,120-823,서울특별시 서대문구 연희동 **-*,CDFG1251002002000042,3120000,,서울특별시 서대문구 연희로**길 **  (연희동),,03,폐업,,,,32751482,,
,(주)대한민국최고강사,2004-07-16,193295.909036395,451531.909089519,출판인쇄업,출판사,2026-05-01 22:31:58,I,03,폐업,,,,2004-07-16 09:47:28,,2002-06-24,120-828,서울특별시 서대문구 연희동 ***-** 북산빌딩 *층,CDFG1251002002000044,3120000,,"서울특별시 서대문구 성산로 ***  (연희동,북산빌딩 *층)",,03,폐업,,,,,,
,도서출판 이야기마을,2004-06-29,193664.950750795,450744.320812298,출판인쇄업,출판사,2026-05-01 22:31:58,I,03,폐업,,,,2004-06-29 15:20:00,,2002-06-24,120-836,서울특별시 서대문구 창천동 ***-** ***호,CDFG1251002002000045,3120000,,"서울특별시 서대문구 신촌로*길 **  (창천동,***호)",,03,폐업,,,,,,
,고마실출판사,2008-10-10,197062.989911966,451257.725174623,출판인쇄업,출판사,2026-05-01 22:31:58,I,03,폐업,,,,2008-10-10 11:01:39,,2002-07-12,120-704,서울특별시 서대문구 미근동 ***-* 경찰청구내청사서점,CDFG1251002002000055,3120000,,"서울특별시 서대문구 통일로 **  (미근동,경찰청구내청사서점)",,03,폐업,,,,26026209,,
,케이비엔(KBN),2007-03-22,,,출판인쇄업,출판사,2026-05-01 22:31:58,I,03,폐업,,,,2007-03-22 13:36:40,,2002-07-27,120-030,서울특별시 서대문구 합동 **-*,CDFG1251002002000058,3120000,,,,03,폐업,,,,,,
,씨플러스,2006-11-02,195885.808310471,451393.893176713,출판인쇄업,출판사,2026-05-01 22:31:58,I,03,폐업,,,,2006-11-02 11:06:15,,2002-08-06,120-866,서울특별시 서대문구 북아현동 *-***,CDFG1251002002000062,3120000,,서울특별시 서대문구 북아현로**길 **-*  (북아현동),,03,폐업,,,,,,
,제니스 에듀넷,2005-02-03,196912.713362244,451494.244670825,출판인쇄업,출판사,2026-05-01 22:31:59,I,03,폐업,,,,2005-02-03 14:28:52,,2002-08-16,120-012,서울특별시 서대문구 충정로*가 **-* 영인빌딩 ***호,CDFG1251002002000068,3120000,,"서울특별시 서대문구 충정로**길 *  (충정로*가,영인빌딩 ***호)",,03,폐업,,,,,,
,이머징 북스,2015-12-30,195630.588147858,455162.443640848,출판인쇄업,출판사,2026-05-01 22:31:59,I,03,폐업,,,,2015-12-30 19:45:12,,2002-09-12,120-841,서울특별시 서대문구 홍은동 *-*** 지층,CDFG1251002002000077,3120000,,"서울특별시 서대문구 포방터*나길 **-* (홍은동,지층)",,03,폐업,,,,,,
,초기불전연구원,2004-08-19,194775.31294052,453842.156285309,출판인쇄업,출판사,2026-05-01 22:31:59,I,03,폐업,,,,2004-08-19 09:22:47,,2002-10-09,120-859,서울특별시 서대문구 홍제동 ***-*,CDFG1251002002000084,3120000,,서울특별시 서대문구 통일로**길 **-*  (홍제동),,03,폐업,,,,,,
,도서출판 원명,2005-11-16,194355.240639073,453475.988354618,출판인쇄업,출판사,2026-05-01 22:31:59,I,03,폐업,,,,2005-11-16 10:34:20,,2002-11-11,120-861,서울특별시 서대문구 홍제동 ***-*** *층,CDFG1251002002000092,3120000,,"서울특별시 서대문구 홍제내길 **  (홍제동,*층)",,03,폐업,,,,,,
,야호기획,2009-04-06,193138.02640565,452748.868289282,출판인쇄업,출판사,2026-05-01 22:31:59,I,03,폐업,,,,2010-09-30 16:19:38,,2002-11-28,120-807,서울특별시 서대문구 남가좌동 ***-*,CDFG1251002002000097,3120000,,서울특별시 서대문구 가재울로*길 **-**  (남가좌동),,03,폐업,,,,,,
,북두,2013-07-25,192276.397331376,453407.78070725,출판인쇄업,출판사,2026-05-01 22:31:59,I,03,폐업,,,,2013-07-25 14:35:28,,2002-12-26,120-815,서울특별시 서대문구 북가좌동 ***-*,CDFG1251002002000109,3120000,,서울특별시 서대문구 응암로 ***  (북가좌동),,03,폐업,,,,,,
,도서출판 광명,2010-11-11,194355.240639073,453475.988354618,출판인쇄업,출판사,2026-05-01 22:31:59,I,03,폐업,,,,2010-11-11 14:02:23,,2002-04-26,120-861,서울특별시 서대문구 홍제동 ***-*** *층,CDFG1251002002000112,3120000,,"서울특별시 서대문구 홍제내길 **  (홍제동,*층)",,03,폐업,,,,,,
근린생활시설,크리스챤스피치,2014-05-30,194314.672429518,453616.473728428,출판인쇄업,출판사,2026-05-01 22:31:59,I,03,폐업,,,,2014-05-30 15:50:09,,2002-10-25,120-861,서울특별시 서대문구 홍제동 ***-*,CDFG1251002002000113,3120000,,서울특별시 서대문구 홍제내*나길 * (홍제동),,03,폐업,,,,,,
,수수디오,2007-03-09,194842.291232686,450666.510310035,출판인쇄업,출판사,2026-05-01 22:31:59,I,03,폐업,,,,2007-03-09 13:24:09,,2002-09-03,120-809,서울특별시 서대문구 대현동 ***-** 현대캠퍼빌 ***호,CDFG1251002002000118,3120000,,"서울특별시 서대문구 신촌역로 **,  ***호 (대현동,현대캠퍼빌)",,03,폐업,,,,63516005,,
,인터존북스,2022-08-19,196879.053918764,451436.098712399,출판인쇄업,출판사,2026-05-01 22:31:59,I,03,폐업,,,,2022-08-19 11:07:52,,2002-01-29,120-012,서울특별시 서대문구 충정로*가 ** 서울빌딩 *층,CDFG1251002002000120,3120000,,"서울특별시 서대문구 충정로 **-*  (충정로*가,서울빌딩 *층)",,03,폐업,,,,,,
,인터존서울,2022-08-19,196879.053918764,451436.098712399,출판인쇄업,출판사,2026-05-01 22:31:59,I,03,폐업,,,,2022-08-19 11:08:04,,2002-02-04,120-012,서울특별시 서대문구 충정로*가 ** 서울빌딩 *층,CDFG1251002002000121,3120000,,"서울특별시 서대문구 충정로 **-*  (충정로*가,서울빌딩 *층)",,03,폐업,,,,,,
,어린이문학,2007-10-22,,,출판인쇄업,출판사,2026-05-01 22:31:59,I,03,폐업,,,,2007-10-22 16:32:18,,2002-02-09,120-837,서울특별시 서대문구 충정로*가 **-* *층,CDFG1251002002000125,3120000,,,,03,폐업,,,,,,
,(사)세계미식문화연구원,2018-05-31,195380.776695002,450547.66791613,출판인쇄업,출판사,2026-05-01 22:31:59,I,03,폐업,,,,2018-05-31 13:10:30,,2002-08-10,120-808,서울특별시 서대문구 대현동 **-* 대현빌딩 *층,CDFG1251002002000131,3120000,,"서울특별시 서대문구 신촌로 *** (대현동,대현빌딩 *층)",,03,폐업,,,,,,
,HS 정보문화사,2010-03-19,,,출판인쇄업,출판사,2026-05-01 22:31:59,I,03,폐업,,,,2010-09-30 16:20:26,,2002-05-16,120-802,서울특별시 서대문구 남가좌동 ***-** *층,CDFG1251002002000138,3120000,,,,03,폐업,,,,,,
연립주택,메트로북스(Metro Books),2004-08-16,193384.74278349,451471.084665986,출판인쇄업,출판사,2026-05-01 22:31:59,I,03,폐업,,,,2004-08-16 17:42:31,,2003-01-11,120-828,서울특별시 서대문구 연희동 ***-**,CDFG1251002003000001,3120000,,서울특별시 서대문구 연희로*길 **  (연희동),,03,폐업,,,,,,
,에우안겔리온,2004-01-28,195950.935355966,451152.790605167,출판인쇄업,출판사,2026-05-01 22:31:59,I,03,폐업,,,,2004-01-28 15:27:44,,2003-03-24,120-818,서울특별시 서대문구 북아현동 ***-* *층,CDFG1251002003000021,3120000,,"서울특별시 서대문구 북아현로**가길 **  (북아현동,*층)",,03,폐업,,,,,,
근린생활시설,이지텍,2005-01-25,194029.628356844,450496.308957754,출판인쇄업,출판사,2026-05-01 22:31:59,I,03,폐업,,,,2005-01-25 14:38:58,,2003-03-25,120-834,서울특별시 서대문구 창천동 **-** *층,CDFG1251002003000022,3120000,,"서울특별시 서대문구 신촌로 **  (창천동,*층)",,03,폐업,,,,31420898,,
,프리디자인,2003-04-23,192975.112093856,452068.53396198,출판인쇄업,출판사,2026-05-01 22:31:59,I,03,폐업,,,,2003-04-23 14:31:01,,2003-04-08,120-832,서울특별시 서대문구 연희동 ***-*** *층,CDFG1251002003000025,3120000,,"서울특별시 서대문구 홍제천로 **-*  (연희동,*층)",,03,폐업,,,,31414625,,
,도서출판 반추,2003-06-13,193042.580304665,453408.345115172,출판인쇄업,출판사,2026-05-01 22:31:59,I,03,폐업,,,,2003-06-13 16:57:59,,2003-04-30,120-800,서울특별시 서대문구 남가좌동 *-**,CDFG1251002003000029,3120000,,서울특별시 서대문구 명지대*길 **-*  (남가좌동),,03,폐업,,,,,,
단독주택,프로젝트 한반도,2011-01-31,194168.347657309,453246.003610508,출판인쇄업,출판사,2026-05-01 22:31:59,I,03,폐업,,,,2011-01-31 16:18:24,,2003-05-28,120-847,서울특별시 서대문구 홍은동 ***-**,CDFG1251002003000033,3120000,,서울특별시 서대문구 모래내로**길 **-*  (홍은동),,03,폐업,,,,,,
,미래이음,2007-03-09,196656.051071981,451531.281142865,출판인쇄업,출판사,2026-05-01 22:31:59,I,03,폐업,,,,2007-03-09 13:23:09,,2003-06-19,120-012,서울특별시 서대문구 충정로*가 **-** 우진빌딩 B동 *층,CDFG1251002003000035,3120000,,"서울특별시 서대문구 경기대로**길 **-*  (충정로*가,우진빌딩 B동 *층)",,03,폐업,,,,,,
,(주)예투,2014-12-30,194584.959249312,451381.585492051,출판인쇄업,출판사,2026-05-01 22:31:59,I,03,폐업,,,,2014-12-30 13:39:48,,2003-09-08,120-140,서울특별시 서대문구 신촌동 *** 연세창업센타 *층 ***호,CDFG1251002003000046,3120000,,"서울특별시 서대문구 연세로 **, ***호 (신촌동,연세창업센타 *층)",,03,폐업,,,,,,
,여성과 인권,2009-04-02,196861.226817567,451478.000531622,출판인쇄업,출판사,2026-05-01 22:31:59,I,03,폐업,,,,2010-09-30 16:21:07,,2003-09-17,120-012,서울특별시 서대문구 충정로*가 ** 기사련 *층,CDFG1251002003000048,3120000,,"서울특별시 서대문구 충정로**길 **  (충정로*가,기사련 *층)",,03,폐업,,,,,,
,중앙B&T,2004-10-28,196626.844541919,450926.293397092,출판인쇄업,출판사,2026-05-01 22:31:59,I,03,폐업,,,,2004-10-28 16:01:03,,2003-10-16,120-837,서울특별시 서대문구 충정로*가 **-* 삼창빌딩 *층,CDFG1251002003000052,3120000,,"서울특별시 서대문구 충정로 **  (충정로*가,삼창빌딩 *층)",,03,폐업,,,,,,
근린생활시설,푸른경향,2017-12-29,194594.002557125,454792.269278016,출판인쇄업,출판사,2026-05-01 22:31:59,I,03,폐업,,,,2017-12-29 17:17:41,,2003-10-25,120-844,서울특별시 서대문구 홍은동 ***-*,CDFG1251002003000053,3120000,,서울특별시 서대문구 통일로 *** (홍은동),,03,폐업,,,,32172958,,
,청림원,2024-12-30,193393.312980659,453124.308330453,출판인쇄업,출판사,2026-05-01 22:31:59,I,03,폐업,,,,2024-12-31 10:20:41,,2003-10-28,120-848,서울특별시 서대문구 홍은동 ***-**,CDFG1251002003000054,3120000,,서울특별시 서대문구 증가로**길 **-*  (홍은동),,03,폐업,,,,,,
,도서출판 아이엘엠,2008-06-09,,,출판인쇄업,출판사,2026-05-01 22:31:59,I,03,폐업,,,,2008-06-09 11:32:47,,2003-11-13,120-805,서울특별시 서대문구 남가좌동 ***-*** *층,CDFG1251002003000061,3120000,,,,03,폐업,,,,,,
근린생활시설,MEET&DEET평가연구원,2008-01-28,194145.892516095,450451.593376617,출판인쇄업,출판사,2026-05-01 22:31:59,I,03,폐업,,,,2008-01-28 16:53:43,,2003-06-09,120-834,서울특별시 서대문구 창천동 **-**,CDFG1251002003000063,3120000,,서울특별시 서대문구 신촌로 **  (창천동),,03,폐업,,,,,,
,도서출판 문아성,2008-02-04,,,출판인쇄업,출판사,2026-05-01 22:32:00,I,03,폐업,,,,2008-02-04 14:26:27,,2003-12-04,120-802,서울특별시 서대문구 남가좌동 ***-*** *층,CDFG1251002003000070,3120000,,,,03,폐업,,,,,,
,대아애드텍,2007-02-15,193548.371799601,450927.380270521,출판인쇄업,출판사,2026-05-01 22:32:01,I,03,폐업,,,,2007-02-15 15:44:32,,2003-08-27,120-836,서울특별시 서대문구 창천동 *** 정웅에이스빌 ***호,CDFG1251002003000074,3120000,,"서울특별시 서대문구 연희로*안길 *-*,  ***호 (창천동,정웅에이스빌)",,03,폐업,,,,,,
,도서출판 빅뱅,2009-03-26,196934.602353655,451330.791514213,출판인쇄업,출판사,2026-05-01 22:32:01,I,03,폐업,,,,2010-09-30 16:22:21,,2004-01-09,120-012,서울특별시 서대문구 충정로*가 *** 사조빌딩 ***호,CDFG1251002004000001,3120000,,"서울특별시 서대문구 통일로 ***-**,  ***호 (충정로*가,사조빌딩)",,03,폐업,,,,,,
,모래내문화사,2008-12-19,191599.991681053,452523.846521914,출판인쇄업,출판사,2026-05-01 22:32:01,I,03,폐업,,,,2008-12-19 15:29:16,,2004-02-02,120-816,서울특별시 서대문구 북가좌동 ***-**,CDFG1251002004000002,3120000,,서울특별시 서대문구 수색로*길 *  (북가좌동),,03,폐업,,,,,,
근린생활시설,무한재(주),2006-03-08,193998.112133595,452873.673274796,출판인쇄업,출판사,2026-05-01 22:32:01,I,03,폐업,,,,2006-03-08 15:21:36,,2004-02-05,120-824,서울특별시 서대문구 연희동 *** 현희빌딩,CDFG1251002004000003,3120000,,"서울특별시 서대문구 홍제천로 ***  (연희동,현희빌딩)",,03,폐업,,,,,,
,네모북미디어,2005-06-16,193137.056845928,453458.928001146,출판인쇄업,출판사,2026-05-01 22:32:02,I,03,폐업,,,,2005-06-16 15:07:59,,2004-03-19,120-800,서울특별시 서대문구 남가좌동 *-**,CDFG1251002004000011,3120000,,서울특별시 서대문구 명지대길 **  (남가좌동),,03,폐업,,,,31510496,,
단독주택,키즈북,2009-06-18,192400.238564363,452996.172866565,출판인쇄업,출판사,2026-05-01 22:32:02,I,03,폐업,,,,2009-06-18 10:19:08,,2004-04-24,,서울특별시 서대문구 북가좌동 **-***,CDFG1251002004000017,3120000,,서울특별시 서대문구 증가로**길 **-*  (북가좌동),,03,폐업,,,,,,
근린생활시설,기획출판 디지털문학,2007-06-05,195124.577712407,454152.036339862,출판인쇄업,출판사,2026-05-01 22:32:02,I,03,폐업,,,,2007-06-05 14:54:20,,2004-05-21,120-857,서울특별시 서대문구 홍제동 ***-**,CDFG1251002004000020,3120000,,서울특별시 서대문구 세무서길 **-*  (홍제동),,03,폐업,,,,,,
단독주택,봉우리,2005-01-25,193351.460332431,451997.040591302,출판인쇄업,출판사,2026-05-01 22:32:02,I,03,폐업,,,,2005-01-25 15:54:15,,2004-05-31,120-832,서울특별시 서대문구 연희동 ***-***,CDFG1251002004000022,3120000,,서울특별시 서대문구 연희로**아길 **-**  (연희동),,03,폐업,,,,,,
단독주택,도서출판 심산,2006-04-17,193102.538786404,452170.335105133,출판인쇄업,출판사,2026-05-01 22:32:02,I,03,폐업,,,,2006-04-17 09:52:32,,2004-06-03,120-832,서울특별시 서대문구 연희동 ***-***,CDFG1251002004000023,3120000,,서울특별시 서대문구 홍제천로 **-*  (연희동),,03,폐업,,,,,,
사무실,에듀포커스 주식회사,2004-11-19,197028.785113745,451351.962098736,출판인쇄업,출판사,2026-05-01 22:32:02,I,03,폐업,,,,2004-11-19 13:58:35,,2004-07-30,120-020,서울특별시 서대문구 미근동 **-* 효곡빌딩 *층,CDFG1251002004000031,3120000,,"서울특별시 서대문구 통일로 ***-**  (미근동,효곡빌딩 *층)",,03,폐업,,,,,,
,세우(世宇)출판,2005-07-14,196452.604394348,450832.175113236,출판인쇄업,출판사,2026-05-01 22:32:03,I,03,폐업,,,,2005-07-14 14:59:27,,2004-08-06,120-820,서울특별시 서대문구 북아현동 ***,CDFG1251002004000035,3120000,,서울특별시 서대문구 북아현로*마길 **-**  (북아현동),,03,폐업,,,,,,
근린생활시설,만주벌,2010-03-29,193752.261869885,450618.352604271,출판인쇄업,출판사,2026-05-01 22:32:03,I,03,폐업,,,,2010-09-30 16:23:47,,2004-09-07,120-836,서울특별시 서대문구 창천동 ***-** 휴암회관 ***호,CDFG1251002004000038,3120000,,"서울특별시 서대문구 신촌로 **,  ***호 (창천동,휴암회관)",,03,폐업,,,,,,
근린생활시설,풀하우스,2005-03-31,194848.26200303,450554.494715659,출판인쇄업,출판사,2026-05-01 22:32:03,I,03,폐업,,,,2005-03-31 09:46:03,,2004-09-10,120-809,서울특별시 서대문구 대현동 ***-** *층,CDFG1251002004000039,3120000,,"서울특별시 서대문구 신촌역로 *  (대현동,*층)",,03,폐업,,,,,,
사무실,문예운동,2007-11-19,196824.072701729,450890.664072337,출판인쇄업,출판사,2026-05-01 22:32:03,I,03,폐업,,,,2007-11-19 11:32:21,,2004-10-30,120-013,서울특별시 서대문구 충정로*가 *** 충정리시온빌딩 ***호,CDFG1251002004000044,3120000,,"서울특별시 서대문구 서소문로 **,  ***호 (충정로*가,충정리시온빌딩)",,03,폐업,,,,,,
단독주택,셋째 천사의 기별,2008-03-28,,,출판인쇄업,출판사,2026-05-01 22:32:03,I,03,폐업,,,,2008-03-28 16:45:14,,2004-12-29,120-802,서울특별시 서대문구 남가좌동 ***-***,CDFG1251002004000046,3120000,,,,03,폐업,,,,,,
,고이북,2013-12-31,196806.237792473,451589.172312507,출판인쇄업,출판사,2026-05-01 22:32:04,I,03,폐업,,,,2014-02-21 15:09:42,,2004-04-30,120-050,서울특별시 서대문구 냉천동 *** 냉천빌딩 *층,CDFG1251002004000054,3120000,,"서울특별시 서대문구 경기대로 ** (냉천동,냉천빌딩 *층)",,03,폐업,,,,,,
,도서출판 미앤지,2010-09-28,191780.254137436,453117.479967771,출판인쇄업,출판사,2026-05-01 22:32:04,I,03,폐업,,,,2010-09-30 16:02:38,,2004-06-28,120-814,서울특별시 서대문구 북가좌동 ***-** *층,CDFG1251002004000055,3120000,,"서울특별시 서대문구 거북골로**길 **  (북가좌동,*층)",,03,폐업,,,,,,
,도서출판 비즈포인트,2024-04-26,192145.85765083,453342.555386367,출판인쇄업,출판사,2026-05-01 22:32:04,I,03,폐업,,,,2024-04-26 15:25:46,,2004-12-29,120-815,서울특별시 서대문구 북가좌동 ***-** 황제빌라 ***호,CDFG1251002004000056,3120000,,"서울특별시 서대문구 증가로**길 **-** (북가좌동,황제빌라 ***호)",,03,폐업,,,,02-309-3569,,
단독주택,디자인 아크,2010-01-15,196056.035902761,451241.482779039,출판인쇄업,출판사,2026-05-01 22:32:04,I,03,폐업,,,,2010-09-30 16:25:06,,2005-02-16,120-865,서울특별시 서대문구 북아현동 *-*** *층,CDFG1251002005000003,3120000,,"서울특별시 서대문구 북아현로**길 **  (북아현동,*층)",,03,폐업,,,,,,
,세진문화인쇄사,2017-03-21,191637.977180632,452824.074086675,출판인쇄업,출판사,2026-05-01 22:32:04,I,03,폐업,,,,2022-11-02 15:18:08,,2005-05-11,120-816,서울특별시 서대문구 북가좌동 ***-* ***호,CDFG1251002005000013,3120000,,"서울특별시 서대문구 거북골로**길 **, ***호 (북가좌동)",,03,폐업,,,,22731320,,
,편찬위원회,2005-09-09,195600.475534464,453265.449413271,출판인쇄업,출판사,2026-05-01 22:32:04,I,03,폐업,,,,2005-09-09 18:36:46,,2005-08-11,120-854,서울특별시 서대문구 홍제동 **-* *층,CDFG1251002005000022,3120000,,"서울특별시 서대문구 통일로 ***  (홍제동,*층)",,03,폐업,,,,,,
,북극성 출판사,2005-11-11,193075.587674635,453536.959686379,출판인쇄업,출판사,2026-05-01 22:32:04,I,03,폐업,,,,2005-11-11 13:48:02,,2005-08-18,120-800,서울특별시 서대문구 남가좌동 *-***,CDFG1251002005000023,3120000,,서울특별시 서대문구 명지대*길 **-*  (남가좌동),,03,폐업,,,,,,
,도서출판 KID'S UNIVERSITY,2007-06-26,191793.47656279,452964.210882837,출판인쇄업,출판사,2026-05-01 22:32:04,I,03,폐업,,,,2007-06-26 14:43:05,,2005-09-01,120-816,서울특별시 서대문구 북가좌동 ***-**,CDFG1251002005000028,3120000,,서울특별시 서대문구 거북골로 ***  (북가좌동),,03,폐업,,,,,,
,CHINA ACADEMY,2010-01-28,195259.429272709,453430.811542203,출판인쇄업,출판사,2026-05-01 22:32:04,I,03,폐업,,,,2010-09-30 16:28:00,,2005-09-01,120-782,서울특별시 서대문구 홍제동 ** 한양아파트 ***동 ***호,CDFG1251002005000030,3120000,,,,03,폐업,,,,,,
,북네비게이터,2007-01-31,195610.505105287,453072.919809813,출판인쇄업,출판사,2026-05-01 22:32:04,I,03,폐업,,,,2007-02-01 09:19:32,,2005-09-13,120-853,서울특별시 서대문구 홍제동 **-*** 밝은빌딩 ***,CDFG1251002005000033,3120000,,"서울특별시 서대문구 통일로**길 **  (홍제동,밝은빌딩 ***)",,03,폐업,,,,,,
,족보편찬위원회,2014-12-23,196725.671915286,451678.790548817,출판인쇄업,출판사,2026-05-01 22:32:04,I,03,폐업,,,,2015-03-30 16:04:04,,2005-10-20,120-050,서울특별시 서대문구 냉천동 **-* 경북B/D ***호,CDFG1251002005000037,3120000,,"서울특별시 서대문구 독립문로 **, ***호 (냉천동,경북B/D)",,03,폐업,,,,,,
,진 커뮤니케이션,2006-03-09,195897.557865115,451315.812185081,출판인쇄업,출판사,2026-05-01 22:32:05,I,03,폐업,,,,2006-03-09 13:24:10,,2005-11-28,120-865,서울특별시 서대문구 북아현동 *-*** *통*반 ***호,CDFG1251002005000041,3120000,,"서울특별시 서대문구 북아현로**길 *,  ***호 (북아현동)",,03,폐업,,,,,,
,우리 아이들,2007-09-19,196474.724820846,451340.706885728,출판인쇄업,출판사,2026-05-01 22:32:05,I,03,폐업,,,,2007-09-19 17:07:05,,2005-12-09,120-837,서울특별시 서대문구 충정로*가 *-**,CDFG1251002005000042,3120000,,서울특별시 서대문구 경기대로*길 **  (충정로*가),,03,폐업,,,,,,
,일어나라 빛을 발하라,2006-05-17,192874.514454351,452525.219515622,출판인쇄업,출판사,2026-05-01 22:32:05,I,03,폐업,,,,2006-05-17 09:35:07,,2005-12-22,120-758,서울특별시 서대문구 남가좌동 *** 현대아파트 ***동 ****호,CDFG1251002005000045,3120000,,,,03,폐업,,,,,,
,아이하오차이나,2008-05-29,194165.36648984,452079.006766951,출판인쇄업,출판사,2026-05-01 22:32:05,I,03,폐업,,,,2008-05-29 16:27:32,,2006-01-31,120-829,서울특별시 서대문구 연희동 **-* ***호,CDFG1251002006000005,3120000,,"서울특별시 서대문구 연희로 ***,  ***호 (연희동)",,03,폐업,,,,,,
,상중 출판사,2006-04-26,194565.078012679,450539.424553212,출판인쇄업,출판사,2026-05-01 22:32:05,I,03,폐업,,,,2006-04-26 09:30:26,,2006-02-07,120-833,서울특별시 서대문구 창천동 **-** ***호,CDFG1251002006000008,3120000,,"서울특별시 서대문구 연세로*다길 **-**,  ***호 (창천동)",,03,폐업,,,,,,
,도서출판 思索(사색),2007-12-03,194427.873753,452363.531712031,출판인쇄업,출판사,2026-05-01 22:32:05,I,03,폐업,,,,2007-12-03 11:23:01,,2006-02-14,120-823,서울특별시 서대문구 연희동 **-**,CDFG1251002006000009,3120000,,서울특별시 서대문구 연희로**다길 **  (연희동),,03,폐업,,,,,,
,겔로이공예,2007-05-02,195643.865636259,450576.385496383,출판인쇄업,출판사,2026-05-01 22:32:05,I,03,폐업,,,,2007-05-02 14:32:57,,2006-02-28,120-822,서울특별시 서대문구 북아현동 ***-* 백상B/D ***호,CDFG1251002006000012,3120000,,"서울특별시 서대문구 신촌로 ***,  ***호 (북아현동,백상B/D)",,03,폐업,,,,31470293,,
,책도서,2017-10-25,194338.709579533,452802.833440772,출판인쇄업,출판사,2026-05-01 22:32:05,I,03,폐업,,,,2017-10-25 14:18:17,,2006-03-07,120-826,서울특별시 서대문구 연희동 ***-** 동진빌라 *동 ***호,CDFG1251002006000013,3120000,,"서울특별시 서대문구 연희로**길 **, *동 ***호 (연희동,동진빌라)",,03,폐업,,,,,,
,수안보,2009-03-04,195546.569854124,453621.862935367,출판인쇄업,출판사,2026-05-01 22:32:05,I,03,폐업,,,,2010-09-30 16:29:13,,2006-03-10,120-854,서울특별시 서대문구 홍제동 ***-**,CDFG1251002006000014,3120000,,서울특별시 서대문구 통일로**길 **-*  (홍제동),,03,폐업,,,,,,
,이화역사관,2006-06-20,195287.766418517,451143.789306014,출판인쇄업,출판사,2026-05-01 22:32:05,I,03,폐업,,,,2006-06-20 16:19:20,,2006-03-28,120-750,서울특별시 서대문구 대현동 **-* 이화여자대학교,CDFG1251002006000017,3120000,,"서울특별시 서대문구 이화여대길 **  (대현동,이화여자대학교)",,03,폐업,,,,32773195,,
,창작아카데미,2008-01-10,,,출판인쇄업,출판사,2026-05-01 22:32:06,I,03,폐업,,,,2008-01-11 09:06:57,,2006-05-17,120-811,서울특별시 서대문구 북가좌동 ***-*** *층,CDFG1251002006000029,3120000,,,,03,폐업,,,,,,
,진커뮤니케이션,2006-06-14,195897.557865115,451315.812185081,출판인쇄업,출판사,2026-05-01 22:32:06,I,03,폐업,,,,2006-06-14 13:39:13,,2006-05-29,120-865,서울특별시 서대문구 북아현동 *-***,CDFG1251002006000033,3120000,,서울특별시 서대문구 북아현로**길 *  (북아현동),,03,폐업,,,,,,
,도서출판 카라,2015-02-10,196481.323525472,451816.286857421,출판인쇄업,출판사,2026-05-01 22:32:06,I,03,폐업,,,,2015-02-10 13:07:33,,2006-07-03,120-040,서울특별시 서대문구 천연동 **-** *층,CDFG1251002006000038,3120000,,"서울특별시 서대문구 독립문로*길 ** (천연동,*층)",,03,폐업,,,,,,
,아이씨엔,2019-12-30,,,출판인쇄업,출판사,2026-05-01 22:32:06,I,03,폐업,,,,2019-12-30 14:50:33,,2006-08-04,120-854,서울특별시 서대문구 홍제동 ***-*,CDFG1251002006000043,3120000,,서울특별시 서대문구 홍제원길 **-**  (홍제동),,03,폐업,,,,,,
,씨알영어사,2010-01-08,193881.361743389,453809.105234052,출판인쇄업,출판사,2026-05-01 22:32:06,I,03,폐업,,,,2010-01-08 15:26:52,,2006-08-11,120-846,서울특별시 서대문구 홍은동 ***-*** B**호,CDFG1251002006000045,3120000,,"서울특별시 서대문구 연희로**다길 *,  B**호 (홍은동)",,03,폐업,,,,,,
,토토존,2018-04-13,193022.109120411,452577.917680484,출판인쇄업,출판사,2026-05-01 22:32:06,I,03,폐업,,,,2018-04-13 16:26:25,,2006-10-10,120-801,서울특별시 서대문구 남가좌동 **-** ***호,CDFG1251002006000049,3120000,,"서울특별시 서대문구 가재울로*길 *-*, ***호 (남가좌동)",,03,폐업,,,,,,
,(주)엘림원,2008-09-03,,,출판인쇄업,출판사,2026-05-01 22:32:06,I,03,폐업,,,,2008-09-03 16:53:58,,2006-07-31,120-805,서울특별시 서대문구 남가좌동 ***-** (*층),CDFG1251002006000057,3120000,,,,03,폐업,,,,63355551,,
,푸른서슬,2011-01-31,195043.765988081,455021.060307025,출판인쇄업,출판사,2026-05-01 22:32:06,I,03,폐업,,,,2011-01-31 16:17:54,,2006-12-05,120-843,서울특별시 서대문구 홍은동 ** 유원홍은(아) *동 ***호,CDFG1251002006000058,3120000,,"서울특별시 서대문구 홍은중앙로*길 **, *동 ***호 (홍은동,유원홍은(아))",,03,폐업,,,,,,
,나라누리,2008-06-26,,,출판인쇄업,출판사,2026-05-01 22:32:06,I,03,폐업,,,,2008-07-07 16:04:18,,2006-12-11,120-841,서울특별시 서대문구 홍은동 *-***,CDFG1251002006000060,3120000,,,,03,폐업,,,,32174416,,
,도서출판 주는 나무,2012-04-20,194135.063121992,452003.933382649,출판인쇄업,출판사,2026-05-01 22:32:06,I,03,폐업,,,,2013-01-09 17:53:02,,2006-12-26,120-829,서울특별시 서대문구 연희동 **-* *층,CDFG1251002006000062,3120000,,"서울특별시 서대문구 연희로 ***  (연희동,*층)",,03,폐업,,,,,,
,대상에듀,2008-01-25,,,출판인쇄업,출판사,2026-05-01 22:32:06,I,03,폐업,,,,2008-01-25 16:24:12,,2006-09-29,120-805,서울특별시 서대문구 남가좌동 ***-* 에덴빌라 ***호,CDFG1251002006000065,3120000,,,,03,폐업,,,,,,
,도서출판 지평,2013-04-12,194335.581792242,453824.386460685,출판인쇄업,출판사,2026-05-01 22:32:07,I,03,폐업,,,,2013-09-02 14:18:20,,2006-10-26,120-861,서울특별시 서대문구 홍제동 *** 중앙하이츠아파트 ***동 ***호,CDFG1251002006000068,3120000,,"서울특별시 서대문구 홍제내*길 **, ***동 ***호 (홍제동,중앙하이츠아파트)",,03,폐업,,,,02-732-2220,,
,(주)엔분의일,2013-08-02,195498.982216872,453385.75229422,출판인쇄업,출판사,2026-05-01 22:32:07,I,03,폐업,,,,2013-08-02 17:40:18,,2007-01-16,120-853,서울특별시 서대문구 홍제동 **-**,CDFG1251002007000002,3120000,,서울특별시 서대문구 통일로 ***  (홍제동),,03,폐업,,,,,,
,도서출판이춘선,2008-10-09,195694.979414141,453291.683935348,출판인쇄업,출판사,2026-05-01 22:32:07,I,03,폐업,,,,2008-10-09 10:50:27,,2007-02-15,120-090,서울특별시 서대문구 홍제동 *** 무악청구(아) ***동 ****호,CDFG1251002007000009,3120000,,,,03,폐업,,,,,,
,(도)포도원서적,2008-01-24,193454.673091038,452164.992813883,출판인쇄업,출판사,2026-05-01 22:32:07,I,03,폐업,,,,2008-01-24 16:59:29,,2007-03-15,120-825,서울특별시 서대문구 연희동 ***-**,CDFG1251002007000013,3120000,,서울특별시 서대문구 연희로**자길 **  (연희동),,03,폐업,,,,,,
,아이샘,2008-10-20,193456.590319013,453307.602686377,출판인쇄업,출판사,2026-05-01 22:32:07,I,03,폐업,,,,2008-10-20 16:48:21,,2007-04-02,120-848,서울특별시 서대문구 홍은동 ***-*,CDFG1251002007000016,3120000,,서울특별시 서대문구 가좌로 ***  (홍은동),,03,폐업,,,,,,
,도서출판 청리,2016-09-01,194110.931995134,451718.675835706,출판인쇄업,출판사,2026-05-01 22:32:07,I,03,폐업,,,,2016-09-01 14:08:52,,2007-04-24,120-823,서울특별시 서대문구 연희동 **-* 연세빌리지 A***호,CDFG1251002007000017,3120000,,"서울특별시 서대문구 연희로**안길 *, A***호 (연희동,연세빌리지)",,03,폐업,,,,,,
,크네히트,2008-11-24,,,출판인쇄업,출판사,2026-05-01 22:32:07,I,03,폐업,,,,2008-11-24 14:36:00,,2007-04-30,120-855,서울특별시 서대문구 홍제동 ***-**,CDFG1251002007000018,3120000,,서울특별시 서대문구 모래내로**길 **-*  (홍제동),,03,폐업,,,,070-7498-0977,,
,이화여자대학교 생명의료법연구소,2023-01-31,195287.766418517,451143.789306014,출판인쇄업,출판사,2026-05-01 22:32:07,I,03,폐업,,,,2023-01-31 18:07:41,,2007-05-10,,서울특별시 서대문구 대현동 **-* 이화여자대학교 법학관 ***호,CDFG1251002007000021,3120000,,"서울특별시 서대문구 이화여대길 **, 이화여자대학교 법학관동 ***호 (대현동)",03760,03,폐업,,,,02-3277-4227,,
,모핑북,2008-11-06,195522.185739906,450768.295518175,출판인쇄업,출판사,2026-05-01 22:32:07,I,03,폐업,,,,2008-11-06 15:57:57,,2007-05-10,120-795,서울특별시 서대문구 북아현동 **** 두산아파트 ***동 ****호,CDFG1251002007000022,3120000,,"서울특별시 서대문구 이화여대*길 **, ***동 ****호 (북아현동,두산아파트)",,03,폐업,,,,,,
,곰미디어,2009-06-05,193787.663737307,453929.579140999,출판인쇄업,출판사,2026-05-01 22:32:07,I,03,폐업,,,,2010-09-30 16:33:12,,2007-05-21,120-846,서울특별시 서대문구 홍은동 ***-*** 제*층*호,CDFG1251002007000023,3120000,,"서울특별시 서대문구 연희로**길 ***  (홍은동,제*층*호)",,03,폐업,,,,,,
,도서출판 푸른행복,2010-01-22,194914.495658636,454564.34581261,출판인쇄업,출판사,2026-05-01 22:32:07,I,03,폐업,,,,2010-09-30 16:34:05,,2007-07-02,120-100,서울특별시 서대문구 홍은동 ***-* 풍림상가 ***호,CDFG1251002007000027,3120000,,,,03,폐업,,,,,,
,우와엔터테인먼트,2008-10-01,192874.514454351,452525.219515622,출판인쇄업,출판사,2026-05-01 22:32:07,I,03,폐업,,,,2010-09-30 16:35:06,,2007-07-23,120-758,서울특별시 서대문구 남가좌동 *** 현대아파트 ***동 ****호,CDFG1251002007000030,3120000,,,,03,폐업,,,,02-302-4007,,
,파피온,2013-06-26,195694.979414141,453291.683935348,출판인쇄업,출판사,2026-05-01 22:32:07,I,03,폐업,,,,2013-07-25 14:34:02,,2007-07-30,120-090,서울특별시 서대문구 홍제동 *** 무악청구아파트 *단지 상가 ***호,CDFG1251002007000032,3120000,,,,03,폐업,,,,02-395-2442,,
,할렐루야,2013-03-06,194280.347719258,452155.943322531,출판인쇄업,출판사,2026-05-01 22:32:08,I,03,폐업,,,,2013-03-07 09:50:14,,2007-08-07,120-829,서울특별시 서대문구 연희동 **-** ***호,CDFG1251002007000034,3120000,,"서울특별시 서대문구 연희로**길 *-**,  ***호 (연희동)",,03,폐업,,,,,,
,북마인,2008-10-28,193477.530502779,452540.592897925,출판인쇄업,출판사,2026-05-01 22:32:08,I,03,폐업,,,,2008-10-28 15:46:39,,2007-08-07,120-827,서울특별시 서대문구 연희동 *** 홍연아파트 **동 ***호,CDFG1251002007000035,3120000,,"서울특별시 서대문구 홍제천로 ***, **동 ***호 (연희동,홍연아파트)",,03,폐업,,,,02-702-1626,,
,연꽃,2010-06-08,194124.566509132,452463.69801672,출판인쇄업,출판사,2026-05-01 22:32:08,I,03,폐업,,,,2010-06-09 14:14:33,,2007-08-14,120-827,서울특별시 서대문구 연희동 ***-** 파레스빌라 A동 ***호,CDFG1251002007000036,3120000,,"서울특별시 서대문구 연희로**길 **, A동 ***호 (연희동,파레스빌라)",,03,폐업,,,,02-3141-3021,,
,도서출판 더웨이,2016-02-01,194704.357837886,454450.129124831,출판인쇄업,출판사,2026-05-01 22:32:08,I,03,폐업,,,,2016-02-02 09:13:48,,2007-08-14,120-844,서울특별시 서대문구 홍은동 **-* *층,CDFG1251002007000037,3120000,,"서울특별시 서대문구 통일로 ***-* (홍은동,*층)",,03,폐업,,,,02-394-8291,,
,(주)아이비김영,2012-06-19,194145.892516095,450451.593376617,출판인쇄업,출판사,2026-05-01 22:32:08,I,03,폐업,,,,2013-01-09 17:54:58,,2007-09-21,120-834,서울특별시 서대문구 창천동 **-** 캠퍼스프라자 *층,CDFG1251002007000043,3120000,,"서울특별시 서대문구 신촌로 **  (창천동,캠퍼스프라자 *층)",,03,폐업,,,,070-4014-5144,,
,중앙,2009-04-02,196884.166631688,451568.612782385,출판인쇄업,출판사,2026-05-01 22:32:08,I,03,폐업,,,,2010-09-30 16:35:53,,2007-11-06,120-721,서울특별시 서대문구 충정로*가 *-* 충정빌딩 ***호,CDFG1251002007000048,3120000,,"서울특별시 서대문구 통일로 ***,  ***호 (충정로*가,충정빌딩)",,03,폐업,,,,02-324-7911,,
,집현전,2015-09-17,194979.139305799,450781.299532961,출판인쇄업,출판사,2026-05-01 22:32:08,I,03,폐업,,,,2015-09-17 17:50:48,,2007-11-19,120-808,서울특별시 서대문구 대현동 **-** 지층,CDFG1251002007000051,3120000,,"서울특별시 서대문구 이화여대길 ** (대현동,지층)",,03,폐업,,,,02-312-9004,,
,대상출판,2015-10-02,,,출판인쇄업,출판사,2026-05-01 22:32:12,I,03,폐업,,,,2015-10-05 08:01:55,,2008-01-15,120-805,서울특별시 서대문구 남가좌동 ***-* 에덴빌라 ***호,CDFG1251002008000005,3120000,,,,03,폐업,,,,,,
,도서출판 연두,2010-09-03,194128.328334863,452435.460316932,출판인쇄업,출판사,2026-05-01 22:32:12,I,03,폐업,,,,2010-09-30 16:01:49,,2008-04-24,120-827,서울특별시 서대문구 연희동 ***-** ***호,CDFG1251002008000016,3120000,,"서울특별시 서대문구 연희로 ***-**,  ***호 (연희동)",,03,폐업,,,,,,
,꿈꾸는 꼬리연,2020-07-16,196892.09236853,450948.915518467,출판인쇄업,출판사,2026-05-01 22:32:13,I,03,폐업,,,,2020-07-17 08:25:53,,2008-05-23,120-730,서울특별시 서대문구 합동 *** 충정로대우디오빌 ****호,CDFG1251002008000020,3120000,,"서울특별시 서대문구 서소문로 **, **층 ****호 (합동, 충정로대우디오빌 )",,03,폐업,,,,02-6375-1849,,
,도서출판 의로운 해,2009-03-19,194128.328334863,452435.460316932,출판인쇄업,출판사,2026-05-01 22:32:13,I,03,폐업,,,,2010-09-30 16:37:11,,2008-05-27,120-827,서울특별시 서대문구 연희동 ***-** ***호,CDFG1251002008000021,3120000,,"서울특별시 서대문구 연희로 ***-**,  ***호 (연희동)",,03,폐업,,,,,,
,카툰,2009-01-30,,,출판인쇄업,출판사,2026-05-01 22:32:13,I,03,폐업,,,,2010-09-30 16:37:52,,2008-06-11,120-771,서울특별시 서대문구 홍은동 벽산아파트 ***동 ***호,CDFG1251002008000027,3120000,,,,03,폐업,,,,,,
다세대주택,공동작업실,2012-03-14,195535.466232057,454561.15230937,출판인쇄업,출판사,2026-05-01 22:32:13,I,03,폐업,,68.61,5,2013-01-09 17:52:22,,2008-07-15,120-852,서울특별시 서대문구 홍제동 *-* 쉐르빌 ***호,CDFG1251002008000030,3120000,일반주거지역,"서울특별시 서대문구 문화촌*길 *,  ***호 (홍제동,쉐르빌)",,03,폐업,,,,02-395-0706,6,1
,피시너프레스(Piscina Press),2014-12-09,193879.477776253,451295.86614322,출판인쇄업,출판사,2026-05-01 22:32:13,I,03,폐업,,,,2014-12-10 09:59:29,,2008-09-04,120-830,서울특별시 서대문구 연희동 ***-** ***동 ***호,CDFG1251002008000035,3120000,,"서울특별시 서대문구 성산로 ***, ***동 ***호 (연희동)",,03,폐업,,,,02-337-2308,,
,국제피부미용아카데미,2017-02-02,193669.199022134,452810.62584816,출판인쇄업,출판사,2026-05-01 22:32:13,I,03,폐업,,,,2017-02-02 13:56:03,,2008-09-29,120-848,서울특별시 서대문구 홍은동 ***-** *층,CDFG1251002008000041,3120000,,"서울특별시 서대문구 모래내로 *** (홍은동,*층)",,03,폐업,,,,,,
,벼리미디어,2015-12-31,196934.602353655,451330.791514213,출판인쇄업,출판사,2026-05-01 22:32:13,I,03,폐업,,,,2015-12-31 11:59:01,,2008-10-02,120-707,서울특별시 서대문구 충정로*가 *** 사조산업빌딩 ***호,CDFG1251002008000042,3120000,,"서울특별시 서대문구 통일로 ***-**, ***호 (충정로*가,사조산업빌딩)",,03,폐업,,,,02-365-7884,,
,필름코어,2017-12-21,195522.185739906,450768.295518175,출판인쇄업,출판사,2026-05-01 22:32:13,I,03,폐업,,,,2017-12-22 16:57:45,,2008-10-13,120-795,서울특별시 서대문구 북아현동 **** 두산아파트 ***동 ***호,CDFG1251002008000046,3120000,,"서울특별시 서대문구 이화여대*길 **, ***동 ***호 (북아현동,두산아파트)",,03,폐업,,,,,,
,동산출판사,2018-10-23,196289.661666666,451319.511333333,출판인쇄업,출판사,2026-05-01 22:32:13,I,03,폐업,,,,2018-10-24 09:31:49,,2008-11-11,120-818,서울특별시 서대문구 북아현동 *-***,CDFG1251002008000052,3120000,,서울특별시 서대문구 북아현로**가길 **-* (북아현동),,03,폐업,,,,,,
근린생활시설,플랜탑,2013-12-31,194859.964604293,454131.127169943,출판인쇄업,출판사,2026-05-01 22:32:14,I,03,폐업,,,,2014-02-21 15:19:29,,2008-11-25,120-859,서울특별시 서대문구 홍제동 ***-** *층 ***호,CDFG1251002008000055,3120000,,"서울특별시 서대문구 통일로**가길 ** (홍제동,*층 ***호)",,03,폐업,주택가주변,,,,,
다세대주택,한국와인아카데미연구소,2014-08-04,195351.599052675,451669.705449612,출판인쇄업,출판사,2026-05-01 22:32:14,I,03,폐업,,47.43,,2014-08-06 13:25:54,,2009-03-10,120-140,서울특별시 서대문구 신촌동 *-** 남창빌라 *층 가호,CDFG1251002009000015,3120000,주거지역,"서울특별시 서대문구 성산로**길 ** (신촌동,남창빌라 *층 가호)",,03,폐업,,,,,,
,도서출판 성경깨닫기사,2022-10-14,,,출판인쇄업,출판사,2026-05-01 22:32:14,I,03,폐업,,,,2022-10-14 14:44:47,,2009-01-20,120-773,서울특별시 서대문구 홍은동 극동아파트 ***동 ***호,CDFG1251002009000022,3120000,,,,03,폐업,,,,,,
,반디북스,2015-12-31,192559.994725361,452852.020155302,출판인쇄업,출판사,2026-05-01 22:32:14,I,03,폐업,,,,2015-12-31 12:01:17,,2009-05-19,120-762,서울특별시 서대문구 남가좌동 *** 삼성아파트 ***동 ***호,CDFG1251002009000027,3120000,,"서울특별시 서대문구 증가로 ***, ***동 ***호 (남가좌동,삼성아파트)",,03,폐업,,,,,,
,KID'S UNIVERSITY,2009-09-10,,,출판인쇄업,출판사,2026-05-01 22:32:15,I,03,폐업,,,,2010-09-30 16:38:33,,2009-06-06,120-122,서울특별시 서대문구 남가좌동 ***-** ***호,CDFG1251002009000030,3120000,,"서울특별시 서대문구 증가로**가길 **-**,  ***호 (남가좌동)",,03,폐업,,,,,,
,비전선교단,2012-04-30,193283.28210628,453273.840566459,출판인쇄업,출판사,2026-05-01 22:32:15,I,03,폐업,,,,2013-01-09 17:53:33,,2009-06-28,120-100,서울특별시 서대문구 홍은동 ***-**,CDFG1251002009000033,3120000,,서울특별시 서대문구 명지대길 **  (홍은동),,03,폐업,,,,02-6414-7864,,
,CHRISTINE,2009-09-14,195668.025242993,450974.154643499,출판인쇄업,출판사,2026-05-01 22:32:15,I,03,폐업,,,,2010-09-30 16:39:03,,2009-07-03,120-190,서울특별시 서대문구 북아현동 *-****,CDFG1251002009000034,3120000,,서울특별시 서대문구 북아현로**길 **  (북아현동),,03,폐업,,,,02-312-8869,,
,도서출판 세인,2014-07-11,194048.753146284,450536.968566815,출판인쇄업,출판사,2026-05-01 22:32:15,I,03,폐업,,,,2014-07-11 09:22:14,,2009-07-09,120-180,서울특별시 서대문구 창천동 **-** *층,CDFG1251002009000035,3120000,,"서울특별시 서대문구 연세로*다길 ** (창천동,*층)",,03,폐업,,,,02-3144-0075,,
,기센터,2012-08-31,196723.582344883,451317.439686301,출판인쇄업,출판사,2026-05-01 22:32:15,I,03,폐업,,,,2013-01-09 17:57:52,,2009-07-21,120-012,서울특별시 서대문구 충정로*가 ***-* 경기빌딩 ***호,CDFG1251002009000039,3120000,,"서울특별시 서대문구 경기대로 **  (충정로*가,경기빌딩 ***호)",,03,폐업,,,,02-365-8866,,
,국제사회출판,2018-02-19,196908.802712333,451019.722385503,출판인쇄업,출판사,2026-05-01 22:32:15,I,03,폐업,,,,2018-02-19 18:01:33,,2009-09-29,120-030,서울특별시 서대문구 합동 **-**,CDFG1251002009000053,3120000,,서울특별시 서대문구 서소문로 **-** (합동),,03,폐업,,,,,,
,건강한목회연구소,2016-08-30,196602.387940718,451683.338400967,출판인쇄업,출판사,2026-05-01 22:32:15,I,03,폐업,,,,2016-08-30 14:45:58,,2009-10-09,120-701,서울특별시 서대문구 냉천동 ** 감리교신학대학교 교수회관 ***호,CDFG1251002009000055,3120000,,"서울특별시 서대문구 독립문로 ** (냉천동,감리교신학대학교 교수회관 ***호)",,03,폐업,,,,02-361-9024,,
,푸시버튼,2012-01-13,193829.80898371,451930.575214793,출판인쇄업,출판사,2026-05-01 22:32:15,I,03,폐업,,,,2013-01-09 17:51:13,,2009-11-09,120-110,서울특별시 서대문구 연희동 ***-* 정연지오빌 ***호,CDFG1251002009000065,3120000,,"서울특별시 서대문구 증가로 **-*  (연희동,정연지오빌 ***호)",,03,폐업,,,,,,
,잉크바이러스,2021-04-08,194148.884971463,454710.704608755,출판인쇄업,출판사,2026-05-01 22:32:15,I,03,폐업,,,,2021-04-08 14:57:23,,2009-11-19,120-845,서울특별시 서대문구 홍은동 ***-** 서강(아) *동 ***호,CDFG1251002009000069,3120000,,"서울특별시 서대문구 연희로**길 ***  (홍은동,서강(아) *동 ***호)",,03,폐업,,,,,,
,지펠영어사,2017-10-19,191900.345924872,452626.221252439,출판인쇄업,출판사,2026-05-01 22:32:15,I,03,폐업,,,,2017-10-30 09:42:08,,2005-09-07,120-765,서울특별시 서대문구 북가좌동 연희한양아파트상가 ***호,CDFG1251002009000071,3120000,,"서울특별시 서대문구 응암로 ** (북가좌동, 연희한양아파트상가 ***호 )",,03,폐업,,,,070-7135-1279,,
,정보통신전자출판,2016-02-11,193687.037390875,452845.997650157,출판인쇄업,출판사,2026-05-01 22:32:16,I,03,폐업,,,,2016-02-12 10:45:32,,2010-01-11,120-848,서울특별시 서대문구 홍은동 ***-* 현대빌딩 ***호,CDFG1251002010000004,3120000,,"서울특별시 서대문구 증가로*길 **-**, ***호 (홍은동, 현대빌딩)",,03,폐업,,,,1566-2839,,
,글과 사랑,2015-03-31,195586.623870384,453692.90633961,출판인쇄업,출판사,2026-05-01 22:32:16,I,03,폐업,,,,2015-03-31 15:16:54,,2010-01-13,120-787,서울특별시 서대문구 홍제동 *** 인왕산현대아파트 ***동 ***호,CDFG1251002010000008,3120000,,,,03,폐업,,,,,,
,한마음 영성원,2023-04-28,195354.360257183,453981.596093524,출판인쇄업,출판사,2026-05-01 22:32:16,I,03,폐업,,,,2023-04-28 13:10:08,,2010-04-06,120-856,서울특별시 서대문구 홍제동 ***-**,CDFG1251002010000026,3120000,,서울특별시 서대문구 통일로**길 ** (홍제동),,03,폐업,,,,,,
,라이프 디자인,2015-01-30,196892.09236853,450948.915518467,출판인쇄업,출판사,2026-05-01 22:32:17,I,03,폐업,,,,2015-01-30 14:19:50,,2010-05-12,120-030,서울특별시 서대문구 합동 *** 충정대우디오빌 ****호,CDFG1251002010000032,3120000,,"서울특별시 서대문구 서소문로 ** (합동,충정대우디오빌 ****호)",,03,폐업,,,,63751849,,
,텍스트 스페이스,2020-07-16,196892.09236853,450948.915518467,출판인쇄업,출판사,2026-05-01 22:32:17,I,03,폐업,,,,2020-07-17 08:26:29,,2010-05-12,120-030,서울특별시 서대문구 합동 *** 충정대우디오빌 ****호,CDFG1251002010000033,3120000,,"서울특별시 서대문구 서소문로 ** (합동,충정대우디오빌 ****호)",,03,폐업,,,,63751849,,
,한국대학출판,2015-01-30,196892.09236853,450948.915518467,출판인쇄업,출판사,2026-05-01 22:32:17,I,03,폐업,,,,2015-01-30 14:24:23,,2010-05-12,120-030,서울특별시 서대문구 합동 *** 충정대우디오빌 ****호,CDFG1251002010000034,3120000,,"서울특별시 서대문구 서소문로 ** (합동,충정대우디오빌 ****호)",,03,폐업,,,,63751849,,
,글동이,2015-01-30,196892.09236853,450948.915518467,출판인쇄업,출판사,2026-05-01 22:32:17,I,03,폐업,,,,2015-01-30 14:25:10,,2010-05-12,120-030,서울특별시 서대문구 합동 *** 충정대우디오빌 ****,CDFG1251002010000035,3120000,,"서울특별시 서대문구 서소문로 ** (합동,충정대우디오빌 ****)",,03,폐업,,,,63751849,,
,도서출판 꽃숲,2015-01-30,196892.09236853,450948.915518467,출판인쇄업,출판사,2026-05-01 22:32:17,I,03,폐업,,,,2015-02-06 10:01:02,,2010-05-12,120-030,서울특별시 서대문구 합동 *** 충정대우디오빌 ****호,CDFG1251002010000036,3120000,,"서울특별시 서대문구 서소문로 ** (합동,충정대우디오빌 ****호)",,03,폐업,,,,63751849,,
,도서출판 콘티고,2011-02-09,193338.337817548,453830.857734924,출판인쇄업,출판사,2026-05-01 22:32:17,I,03,폐업,,,,2016-05-13 10:52:16,,2010-06-07,120-848,서울특별시 서대문구 홍은동 ***-*** ***호,CDFG1251002010000041,3120000,,"서울특별시 서대문구 가좌로*가길 **-* (홍은동,***호)",,03,폐업,,,,,,
,미디어집,2013-12-24,194509.896829194,452651.895077515,출판인쇄업,출판사,2026-05-01 22:32:17,I,03,폐업,,,,2013-12-24 13:39:05,,2005-07-20,120-734,서울특별시 서대문구 연희동 *** 성원아파트 ***동 ****호,CDFG1251002010000043,3120000,,"서울특별시 서대문구 연희로**길 **, ***동 ****호 (연희동,성원아파트)",,03,폐업,,,,,,
,모설,2019-02-26,193825.242568619,452350.378953494,출판인쇄업,출판사,2026-05-01 22:32:17,I,03,폐업,,,,2019-02-26 17:08:08,,2010-07-28,120-110,서울특별시 서대문구 연희동 ***-** 연희하이츠빌라 B-***,CDFG1251002010000045,3120000,,"서울특별시 서대문구 증가로*길 **-** (연희동,연희하이츠빌라 B-***)",,03,폐업,,,,070-8638-3159,,
,LOG(로그),2020-07-23,192583.017405715,453241.424970684,출판인쇄업,출판사,2026-05-01 22:32:17,I,03,폐업,,,,2020-07-23 11:39:27,,2010-08-10,120-815,서울특별시 서대문구 북가좌동 *-** ***호,CDFG1251002010000047,3120000,,"서울특별시 서대문구 증가로**가길 * (북가좌동,***호)",,03,폐업,,,,,,
,MY북스,2011-02-07,196723.582344883,451317.439686301,출판인쇄업,출판사,2026-05-01 22:32:17,I,03,폐업,,,,2011-02-07 14:30:40,,2010-08-17,120-012,서울특별시 서대문구 충정로*가 ***-* 경기빌딩 *층 ***호,CDFG1251002010000049,3120000,,"서울특별시 서대문구 경기대로 **  (충정로*가,경기빌딩 *층 ***호)",,03,폐업,,,,,,
,MY BOOKS,2011-02-07,196723.582344883,451317.439686301,출판인쇄업,출판사,2026-05-01 22:32:17,I,03,폐업,,,,2011-02-07 14:30:12,,2010-08-17,120-012,서울특별시 서대문구 충정로*가 ***-* 경기빌딩 *층 ***호,CDFG1251002010000051,3120000,,"서울특별시 서대문구 경기대로 **  (충정로*가,경기빌딩 *층 ***호)",,03,폐업,,,,,,
,실로,2018-10-26,195082.049658633,455339.390616554,출판인쇄업,출판사,2026-05-01 22:32:17,I,03,폐업,,,,2018-10-26 09:49:09,,2010-09-29,120-101,서울특별시 서대문구 홍은동 **-**,CDFG1251002010000062,3120000,,서울특별시 서대문구 홍은중앙로*길 **-* (홍은동),,03,폐업,,,,,,
,인플릭트,2018-02-05,194215.555948141,451729.932470051,출판인쇄업,출판사,2026-05-01 22:32:18,I,03,폐업,,,,2018-02-05 20:07:13,,2010-11-11,120-110,서울특별시 서대문구 연희동 **-* 희연빌라 ***호,CDFG1251002010000074,3120000,,"서울특별시 서대문구 연희로**안길 ** (연희동,희연빌라 ***호)",,03,폐업,,,,,,
,Wide Books,2014-03-11,195168.370940445,451655.568693726,출판인쇄업,출판사,2026-05-01 22:32:18,I,03,폐업,,,,2014-03-11 16:06:12,,2011-01-21,120-160,서울특별시 서대문구 대신동 ***-** 수목빌 ***호,CDFG1251002011000005,3120000,,"서울특별시 서대문구 연대동문길 *** (대신동,수목빌 ***호)",,03,폐업,,,,,,
,퍼브슨,2023-03-29,193711.036072816,452327.297846636,출판인쇄업,출판사,2026-05-01 22:32:18,I,03,폐업,,,,2023-03-29 17:38:47,,2011-01-31,120-110,서울특별시 서대문구 연희동 ***-* 연희궁(아) *-***,CDFG1251002011000006,3120000,,"서울특별시 서대문구 증가로*길 **-**  (연희동,연희궁(아) *-***)",,03,폐업,,,,,,
,탈피(talpy),2019-01-15,194518.812550965,453429.243204155,출판인쇄업,출판사,2026-05-01 22:32:18,I,03,폐업,,,,2019-01-15 18:20:22,,2011-03-09,120-110,서울특별시 서대문구 연희동 *-** 만민빌라트 ***호,CDFG1251002011000012,3120000,,"서울특별시 서대문구 모래내로**길 ** (연희동,만민빌라트 ***호)",,03,폐업,,,,,,
,유한이앤피,2013-12-24,195478.905835648,454096.288595038,출판인쇄업,출판사,2026-05-01 22:32:18,I,03,폐업,,,,2013-12-24 13:51:15,,2011-03-21,120-858,서울특별시 서대문구 홍제동 *** 현대그린(아) ***동 ***호,CDFG1251002011000016,3120000,,,,03,폐업,,,,,,
,유앤리,2014-08-11,195477.913016234,453929.325030582,출판인쇄업,출판사,2026-05-01 22:32:18,I,03,폐업,,,,2014-08-11 15:39:24,,2002-09-27,120-854,서울특별시 서대문구 홍제동 *** 홍제원현대아파트 ***동 ****호,CDFG1251002011000017,3120000,,,,03,폐업,,,,,,
,새롭게 보는 박물관 학교,2018-05-01,195723.539073553,454754.899472127,출판인쇄업,출판사,2026-05-01 22:32:18,I,03,폐업,,,,2018-05-01 18:04:35,,2011-03-24,,서울특별시 서대문구 홍제동 ***,CDFG1251002011000018,3120000,,"서울특별시 서대문구 세검정로 ***, ***동 ****호 (홍제동, 유원하나아파트)",03620,03,폐업,,,,02-379-6335,,
,APOSTOLOS PRESS,2015-02-05,194990.122803395,451275.108363002,출판인쇄업,출판사,2026-05-01 22:32:18,I,03,폐업,,,,2015-02-05 13:34:38,,2006-10-19,120-160,서울특별시 서대문구 대신동 **-* 하늬솔빌딩 B동 ***호,CDFG1251002011000020,3120000,,,,03,폐업,,,,,,
,하늘양식,2015-02-05,194990.122803395,451275.108363002,출판인쇄업,출판사,2026-05-01 22:32:18,I,03,폐업,,,,2015-02-05 13:33:36,,2007-08-23,120-160,서울특별시 서대문구 대신동 **-* 하늬솔빌딩 B동 ***호,CDFG1251002011000021,3120000,,,,03,폐업,,,,,,
,도서출판 금숙,2014-10-21,193823.353518658,450886.486321037,출판인쇄업,출판사,2026-05-01 22:32:18,I,03,폐업,,,,2014-10-21 15:36:28,,2011-04-05,120-180,서울특별시 서대문구 창천동 *** ***호,CDFG1251002011000022,3120000,,"서울특별시 서대문구 신촌로*안길 ** (창천동,***호)",,03,폐업,,,,,,
,푸른책뜰,2020-01-23,193336.045664591,453702.881059939,출판인쇄업,출판사,2026-05-01 22:32:19,I,03,폐업,,,,2020-01-23 16:53:58,,2011-04-20,120-848,서울특별시 서대문구 홍은동 ***-**,CDFG1251002011000026,3120000,,서울특별시 서대문구 가좌로*길 ** (홍은동),,03,폐업,,,,,,
,나나어학연구소,2019-07-25,196259.480927405,451698.351672354,출판인쇄업,출판사,2026-05-01 22:32:19,I,03,폐업,,,,2020-02-13 16:05:52,,2009-11-24,120-040,서울특별시 서대문구 천연동 *** 천연뜨란채아파트 ***동 ***호,CDFG1251002011000028,3120000,,"서울특별시 서대문구 독립문로*길 **, ***동 ***호 (천연동,천연뜨란채아파트)",,03,폐업,,,,,,
,장르월드(Genre World),2016-02-16,195171.240415623,451843.451712113,출판인쇄업,출판사,2026-05-01 22:32:19,I,03,폐업,,,,2021-03-24 09:47:16,,2011-06-13,120-160,서울특별시 서대문구 대신동 ***-* 해맞이타운 ***호,CDFG1251002011000038,3120000,,"서울특별시 서대문구 봉원사길 ** (대신동,해맞이타운 ***호)",,03,폐업,,,,,,
,튜닝아트(tuning art),2023-02-20,194374.794079612,453961.584951766,출판인쇄업,출판사,2026-05-01 22:32:19,I,03,폐업,,,,2023-02-21 08:56:42,,2011-07-04,120-091,서울특별시 서대문구 홍제동 ***-**,CDFG1251002011000045,3120000,,서울특별시 서대문구 홍제내*길 *-*  (홍제동),,03,폐업,,,,,,
,도서출판사람생각,2012-07-09,196843.396026912,451113.935865508,출판인쇄업,출판사,2026-05-01 22:32:19,I,03,폐업,,,,2013-01-09 17:55:52,,1998-06-23,120-013,서울특별시 서대문구 충정로*가 ***-* *층,CDFG1251002011000059,3120000,,"서울특별시 서대문구 충정로 **-**  (충정로*가,*층)",,03,폐업,,,,,,
,오퍼스 모던(Opus Modern),2016-05-17,,,출판인쇄업,출판사,2026-05-01 22:32:19,I,03,폐업,,,,2016-05-17 09:57:18,,2011-09-21,120-855,서울특별시 서대문구 홍제동 ***-***,CDFG1251002011000060,3120000,,서울특별시 서대문구 모래내로**길 ** (홍제동),,03,폐업,,,,,,
,도서출판 삼산,2017-04-11,194883.569008781,453960.342665097,출판인쇄업,출판사,2026-05-01 22:32:20,I,03,폐업,,,,2017-04-11 17:21:45,,2011-09-14,120-091,서울특별시 서대문구 홍제동 ***-***,CDFG1251002011000065,3120000,,서울특별시 서대문구 통일로**길 ** (홍제동),,03,폐업,,,,,,
,꽁삐뇽(compignon),2014-08-25,192480.02944094,452634.55767379,출판인쇄업,출판사,2026-05-01 22:32:20,I,03,폐업,,,,2014-08-25 14:04:54,,2011-10-11,120-122,서울특별시 서대문구 남가좌동 *** 가재울센트레빌 ***동 ***호,CDFG1251002011000066,3120000,,"서울특별시 서대문구 거북골로 ***, ***동 ***호 (남가좌동, 가재울센트레빌)",,03,폐업,,,,,,
,아르떼,2020-07-16,196892.09236853,450948.915518467,출판인쇄업,출판사,2026-05-01 22:32:20,I,03,폐업,,,,2020-07-17 08:22:03,,2011-11-04,120-030,서울특별시 서대문구 합동 *** 충정대우디오빌 ****호,CDFG1251002011000073,3120000,,"서울특별시 서대문구 서소문로 *** (합동, 충정대우디오빌 ****호)",,03,폐업,,,,02-6375-1849,,
,서울민주아카이브,2018-03-02,,,출판인쇄업,출판사,2026-05-01 22:32:20,I,03,폐업,,,,2018-03-02 15:09:40,,2011-12-21,120-012,서울특별시 서대문구 충정로*가 **,CDFG1251002011000089,3120000,,"서울특별시 서대문구 충정로 **-**, *층 (충정로*가)",,03,폐업,,,,02-379-9602,,
,도서출판 새롬주니어,2018-06-29,193554.422766327,451950.829921404,출판인쇄업,출판사,2026-05-01 22:32:20,I,03,폐업,,,,2018-06-29 16:37:36,,2007-11-05,120-110,서울특별시 서대문구 연희동 ***-* *통*반 *호,CDFG1251002012000001,3120000,,"서울특별시 서대문구 연희로**마길 지하 **, *호 (연희동)",,03,폐업,,,,02-3343-1305,,
,기린북하우스,2015-03-13,,,출판인쇄업,출판사,2026-05-01 22:32:20,I,03,폐업,,,,2015-03-13 09:52:00,,2012-01-11,120-821,서울특별시 서대문구 북아현동 ***,CDFG1251002012000004,3120000,,서울특별시 서대문구 신촌로**길 ***-** (북아현동),,03,폐업,,,,,,
,(주)지비씨앤엠,2016-12-19,,,출판인쇄업,출판사,2026-05-01 22:32:20,I,03,폐업,,,,2016-12-19 20:21:32,,2012-02-08,120-760,서울특별시 서대문구 홍은동 신지식산업센터 ***호,CDFG1251002012000012,3120000,,"서울특별시 서대문구 통일로**길 *** (홍은동, 신지식산업센터 ***호 )",,03,폐업,,,,070-7096-1013,,
,(주)스마투어리즘,2014-02-04,194021.234123863,450545.586789985,출판인쇄업,출판사,2026-05-01 22:32:20,I,03,폐업,,,,2014-02-21 15:20:36,,2003-03-28,120-834,서울특별시 서대문구 창천동 **-**,CDFG1251002012000013,3120000,,"서울특별시 서대문구 연세로*다길 **, *층 (창천동)",,03,폐업,,,,,,
,도서출판 북톡,2025-03-04,194509.896829194,452651.895077515,출판인쇄업,출판사,2026-05-01 22:32:21,I,03,폐업,,,,2025-03-04 13:22:18,,2012-02-24,120-734,서울특별시 서대문구 연희동 성원아파트 ***동 ****호,CDFG1251002012000015,3120000,,"서울특별시 서대문구 연희로**길 **, ***동 ****호 (연희동, 성원아파트 )",,03,폐업,,,,02-3142-8039,,
,해피퍼블리싱 서울,2022-10-19,196519.085468002,451816.429613812,출판인쇄업,출판사,2026-05-01 22:32:21,I,03,폐업,,,,2022-10-19 14:20:30,,2012-03-22,120-040,서울특별시 서대문구 천연동 *** 삼호아파트 ***동 ***호,CDFG1251002012000020,3120000,,"서울특별시 서대문구 독립문로 **, ***동 ***호 (천연동)",,03,폐업,,,,,,
,중국의창,2013-09-26,196945.454641052,451003.162676008,출판인쇄업,출판사,2026-05-01 22:32:21,I,03,폐업,,,,2013-09-26 17:41:09,,2012-07-13,120-030,서울특별시 서대문구 합동,CDFG1251002012000036,3120000,,"서울특별시 서대문구 서소문로 ** (합동, sk리쳄블 ****호 )",,03,폐업,,,,02-313-8004,,
,유리로,2014-12-11,195628.369464108,452896.433148713,출판인쇄업,출판사,2026-05-01 22:32:21,I,03,폐업,,,,2015-01-12 15:58:08,,2012-07-13,120-789,서울특별시 서대문구 홍제동,CDFG1251002012000037,3120000,,"서울특별시 서대문구 통일로 *** (홍제동, 홍제삼성레미안아파트 ***동 ***호 )",,03,폐업,,,,,,
,마젠타,2015-08-07,196945.454641052,451003.162676008,출판인쇄업,출판사,2026-05-01 22:32:21,I,03,폐업,,,,2015-08-07 17:41:42,,2012-07-13,120-030,서울특별시 서대문구 합동,CDFG1251002012000038,3120000,,"서울특별시 서대문구 서소문로 ** (합동, sk리쳄블 ****호 )",,03,폐업,,,,02-3142-8004,,
,한국복음주의 연구소 (Korea Evangelical Institute),2019-01-30,194990.122803395,451275.108363002,출판인쇄업,출판사,2026-05-01 22:32:21,I,03,폐업,,,,2019-01-30 13:21:28,,2012-07-19,120-160,서울특별시 서대문구 대신동 **-* 하늬솔빌딩 하늬문B동 ***호,CDFG1251002012000040,3120000,,"서울특별시 서대문구 성산로 ***, ***호 (대신동, 하늬솔빌딩 하늬문B동 )",,03,폐업,,,,02-826-3450,,
근린생활시설,주영출판사,2014-12-09,194166.695705916,453832.45074518,출판인쇄업,출판사,2026-05-01 22:32:22,I,03,폐업,,0,2,2014-12-09 14:06:20,,2002-02-08,120-846,서울특별시 서대문구 홍은동 ***-** 주영교회 *층,CDFG1251002012000047,3120000,,"서울특별시 서대문구 연희로 *** (홍은동, 주영교회 *층)",,03,폐업,주택가주변,,,,,
,사슴뿔 출판사,2018-06-29,,,출판인쇄업,출판사,2026-05-01 22:32:22,I,03,폐업,,,,2018-06-29 17:38:49,,2011-07-04,120-807,서울특별시 서대문구 남가좌동 ***-*,CDFG1251002012000048,3120000,,서울특별시 서대문구 증가로**가길 **-** (남가좌동),,03,폐업,,,,,,
,건강생활사,2014-11-18,195057.033841623,454786.019433577,출판인쇄업,출판사,2026-05-01 22:32:22,I,03,폐업,,,,2014-11-18 14:36:40,,2012-09-12,120-771,서울특별시 서대문구 홍은동 *** 벽산상가 A동 ***호,CDFG1251002012000051,3120000,,"서울특별시 서대문구 세검정로*길 ** (홍은동, 벽산상가 A동 ***호)",,03,폐업,,,,,,
,네모구름,2013-12-31,194051.178862137,454707.89664218,출판인쇄업,출판사,2026-05-01 22:32:22,I,03,폐업,,,,2014-03-05 14:48:24,,2012-09-13,120-845,서울특별시 서대문구 홍은동 ***-* 미든푸르지 ***호,CDFG1251002012000052,3120000,,"서울특별시 서대문구 연희로**라길 ** (홍은동, 미든푸르지   ***호)",,03,폐업,,,,02-396-4371,,
,수강출판사,2013-04-18,191597.946395139,452932.766622055,출판인쇄업,출판사,2026-05-01 22:32:22,I,03,폐업,,,,2013-04-18 18:11:48,,2012-11-08,120-816,서울특별시 서대문구 북가좌동 ***-**,CDFG1251002012000063,3120000,,서울특별시 서대문구 거북골로**길 **-** (북가좌동),,03,폐업,,,,02-6081-5644,,
,도서출판 소진,2013-10-22,195421.317428917,451737.997040827,출판인쇄업,출판사,2026-05-01 22:32:22,I,03,폐업,,,,2013-10-23 14:26:20,,2006-10-20,120-140,서울특별시 서대문구 신촌동 *-***,CDFG1251002012000064,3120000,,서울특별시 서대문구 성산로**길 **-**  (신촌동),,03,폐업,,,,02-2272-9981,,
,아이삭,2013-04-01,194137.833543632,454427.018159774,출판인쇄업,출판사,2026-05-01 22:32:22,I,03,폐업,,,,2013-04-01 17:25:52,,2012-11-16,120-845,서울특별시 서대문구 홍은동 ***-** 미동빌라 나동 ***호,CDFG1251002012000065,3120000,,"서울특별시 서대문구 연희로**나길 **-*, 나동 ***호 (홍은동, 미동빌라)",,03,폐업,,,,,,
,도서출판 소진,2013-10-22,195421.317428917,451737.997040827,출판인쇄업,출판사,2026-05-01 22:32:22,I,03,폐업,,,,2013-10-23 14:24:19,,2012-11-16,120-140,서울특별시 서대문구 신촌동 *-***,CDFG1251002012000066,3120000,,서울특별시 서대문구 성산로**길 **-** (신촌동),,03,폐업,,,,,,
근린생활시설,다빈치 프로젝트,2014-09-01,196421.555342417,452010.030374399,출판인쇄업,출판사,2026-05-01 22:32:22,I,03,폐업,,33,2,2014-09-01 13:15:35,,2010-06-15,120-070,서울특별시 서대문구 영천동 ** *층,CDFG1251002012000071,3120000,,"서울특별시 서대문구 독립문로 **, *층 (영천동)",,03,폐업,,,,070-4118-7968,2,
,린 출판사,2014-11-27,193141.178247072,452026.448230165,출판인쇄업,출판사,2026-05-01 22:32:22,I,03,폐업,,,,2014-11-27 17:49:49,,2013-01-04,120-110,서울특별시 서대문구 연희동 ***-** A동 ***호,CDFG1251002013000002,3120000,,"서울특별시 서대문구 홍제천로 **-**, A동 ***호 (연희동)",,03,폐업,,,,,,
,학문출판,2015-03-04,195259.429272709,453430.811542203,출판인쇄업,출판사,2026-05-01 22:32:23,I,03,폐업,,,,2015-03-04 13:58:48,,2013-01-14,120-782,서울특별시 서대문구 홍제동 한양아파트 ***동 ***호,CDFG1251002013000005,3120000,,"서울특별시 서대문구 통일로**길 **, ***동 ***호 (홍제동, 한양아파트)",,03,폐업,,,,,,
,씨듀넷,2019-04-30,196817.932345995,451453.499963393,출판인쇄업,출판사,2026-05-01 22:32:23,I,03,폐업,,,,2019-05-09 15:07:06,,2008-06-11,120-012,서울특별시 서대문구 충정로*가 ** *층,CDFG1251002013000008,3120000,,"서울특별시 서대문구 경기대로 **, *층 (충정로*가)",,03,폐업,,,,070-8724-8274,,
,도서출판 우즈워커(WoodsWalker),2025-01-31,196111.168694145,452194.834634239,출판인쇄업,출판사,2026-05-01 22:32:23,I,03,폐업,,,,2025-01-31 13:33:36,,2013-03-19,120-796,서울특별시 서대문구 현저동 *** 독립문극동아파트 ***동 ***호,CDFG1251002013000022,3120000,,"서울특별시 서대문구 독립문공원길 **, ***동 ***호 (현저동, 독립문극동아파트)",,03,폐업,,,,02-392-0519,,
,주식회사 케이북스,2014-11-18,196495.065321462,451988.989660678,출판인쇄업,출판사,2026-05-01 22:32:23,I,03,폐업,,,,2014-11-18 15:06:52,,2013-03-20,120-070,서울특별시 서대문구 영천동 ***-*,CDFG1251002013000023,3120000,,"서울특별시 서대문구 독립문로 **-*, *층 (영천동)",,03,폐업,,,,,,
,도서출판메디칼프레스,2024-12-27,193645.53706056,452907.028730479,출판인쇄업,출판사,2026-05-01 22:32:23,I,03,폐업,,0,,2024-12-27 15:27:05,,1996-06-05,120-101,서울특별시 서대문구 홍은동 ***-**,CDFG1251002013000027,3120000,,서울특별시 서대문구 증가로*길 **-** (홍은동),,03,폐업,,,,,,
,파스텔북스,2017-12-29,193744.181859116,452068.795975488,출판인쇄업,출판사,2026-05-01 22:32:24,I,03,폐업,,,,2017-12-29 17:15:47,,2013-05-03,,서울특별시 서대문구 연희동 ***-* 오벨리스크,CDFG1251002013000040,3120000,,"서울특별시 서대문구 증가로 **, ***호 (연희동, 오벨리스크)",03702,03,폐업,,,,,,
,베이비파스텔,2017-12-29,193744.181859116,452068.795975488,출판인쇄업,출판사,2026-05-01 22:32:24,I,03,폐업,,,,2017-12-29 17:15:04,,2013-05-03,120-825,서울특별시 서대문구 연희동 ***-* 오벨리스크 ***호,CDFG1251002013000041,3120000,,서울특별시 서대문구 증가로 ** (연희동),,03,폐업,,,,,,
,산호자원은행,2021-03-25,195287.766418517,451143.789306014,출판인쇄업,출판사,2026-05-01 22:32:24,I,03,폐업,,,,2021-03-25 09:57:58,,2013-05-08,120-750,서울특별시 서대문구 대현동 **-* 이화여자대학교 종합과학관 A동 ***호,CDFG1251002013000042,3120000,,서울특별시 서대문구 이화여대길 ** (대현동),,03,폐업,,,,32774493,,
,집지음,2015-12-30,194218.86606414,454602.605617352,출판인쇄업,출판사,2026-05-01 22:32:24,I,03,폐업,,,,2015-12-30 19:46:25,,2013-05-14,120-845,서울특별시 서대문구 홍은동 ***-* 미성아파트 *동 ***호,CDFG1251002013000043,3120000,,"서울특별시 서대문구 연희로**길 ***, *동 ***호 (홍은동, 미성아파트)",,03,폐업,,,,070-7574-2335,,
,도서출판 고운벗,2020-01-03,193138.02640565,452748.868289282,출판인쇄업,출판사,2026-05-01 22:32:24,I,03,폐업,,,,2020-01-03 17:32:30,,2013-05-16,120-807,서울특별시 서대문구 남가좌동 ***-* 미라보아파트 ***호,CDFG1251002013000045,3120000,,"서울특별시 서대문구 가재울로*길 **-**, ***호 (남가좌동, 미라보아파트)",,03,폐업,,,,,,
,푸른별숲,2020-11-05,192214.50843343,452192.485035958,출판인쇄업,출판사,2026-05-01 22:32:24,I,03,폐업,,,,2020-11-05 17:36:17,,2013-05-28,120-767,서울특별시 서대문구 남가좌동 *** 래미안남가좌*차 아파트 ***동 ***호,CDFG1251002013000046,3120000,,"서울특별시 서대문구 수색로*길 **, ***동 ***호 (남가좌동,래미안남가좌*차 아파트)",,03,폐업,,,,,,
,스페로(SPERO),2019-01-17,194509.896829194,452651.895077515,출판인쇄업,출판사,2026-05-01 22:32:24,I,03,폐업,,,,2019-01-21 10:49:20,,2013-05-28,120-734,서울특별시 서대문구 연희동 *** 성원아파트 ***동 ***호,CDFG1251002013000047,3120000,,"서울특별시 서대문구 연희로**길 **, ***동 ***호 (연희동,성원아파트)",,03,폐업,,,,02-323-8473,,
,소생공단,2017-06-30,193481.912260654,451489.076559772,출판인쇄업,출판사,2026-05-01 22:32:25,I,03,폐업,,,,2017-07-03 09:09:22,,2003-12-11,120-828,서울특별시 서대문구 연희동 ***-* *층,CDFG1251002013000057,3120000,,"서울특별시 서대문구 연희로*길 **-** (연희동,*층)",,03,폐업,,,,070-4126-3440,,
,랩. 에볼루션(lab. evolution),2020-09-28,,,출판인쇄업,출판사,2026-05-01 22:32:26,I,03,폐업,,,,2020-11-26 09:37:51,,2013-07-24,120-845,서울특별시 서대문구 홍은동 ***-*,CDFG1251002013000062,3120000,,서울특별시 서대문구 연희로**가길 **-** (홍은동),,03,폐업,,,,02-336-6432,,
,소진출판,2016-02-12,194818.560081262,453854.351671606,출판인쇄업,출판사,2026-05-01 22:32:26,I,03,폐업,,,,2016-02-12 17:30:50,,2013-08-21,120-859,서울특별시 서대문구 홍제동 ***-**,CDFG1251002013000069,3120000,,서울특별시 서대문구 통일로**길 ** (홍제동),,03,폐업,,,,,,
,A&A아카데미,2017-03-06,194159.869436693,453229.132801735,출판인쇄업,출판사,2026-05-01 22:32:26,I,03,폐업,,,,2017-03-06 15:43:43,,2013-09-26,120-847,서울특별시 서대문구 홍은동 ***-** 풍림아트빌 ***호,CDFG1251002013000073,3120000,,"서울특별시 서대문구 모래내로**길 **-*, ***호 (홍은동, 풍림아트빌)",,03,폐업,,,,02-323-0804,,
,성일출판사,2019-12-05,193147.713378822,452050.437910499,출판인쇄업,출판사,2026-05-01 22:32:27,I,03,폐업,,,,2019-12-05 14:22:19,,2013-11-12,120-832,서울특별시 서대문구 연희동 ***-** D동 ***호,CDFG1251002013000083,3120000,,서울특별시 서대문구 홍제천로 **-** (연희동),,03,폐업,,,,,,
,도서출판 서우,2020-05-04,194904.027278877,450560.372751139,출판인쇄업,출판사,2026-05-01 22:32:28,I,03,폐업,,,,2020-05-04 17:42:01,,2014-01-10,120-809,서울특별시 서대문구 대현동 ***-** O* 레지던스 ***호,CDFG1251002014000001,3120000,,"서울특별시 서대문구 신촌역로 *, ***호 (대현동, O* 레지던스)",,03,폐업,,,,,,
,내일과 모레,2019-01-22,193981.074826445,454776.99790801,출판인쇄업,출판사,2026-05-01 22:32:28,I,03,폐업,,,,2019-01-25 12:46:13,,2009-07-07,,서울특별시 서대문구 홍은동 ***,CDFG1251002014000005,3120000,,"서울특별시 서대문구 연희로**길 ***, ***동 ***호 (홍은동, 금송힐스빌)",03649,03,폐업,,,,,,
,예꿈교육,2015-02-26,195934.917545727,451337.709309021,출판인쇄업,출판사,2026-05-01 22:32:29,I,03,폐업,,,,2015-02-27 09:10:26,,2014-03-04,120-865,서울특별시 서대문구 북아현동 *-***,CDFG1251002014000014,3120000,,"서울특별시 서대문구 북아현로**길 *-*, 지층 (북아현동)",,03,폐업,,,,,,
,행촌서당,2017-12-06,194914.495658636,454564.34581261,출판인쇄업,출판사,2026-05-01 22:32:29,I,03,폐업,,,,2017-12-07 15:37:13,,2014-03-11,120-100,서울특별시 서대문구 홍은동 ***-*,CDFG1251002014000016,3120000,,서울특별시 서대문구 세검정로*길 ** (홍은동),,03,폐업,,,,02-396-4788,,
,해심 출판사,2022-04-05,193319.49678153,453256.557924289,출판인쇄업,출판사,2026-05-01 22:32:32,I,03,폐업,,,,2022-04-06 09:02:11,,2014-03-25,120-848,서울특별시 서대문구 홍은동 ***-*,CDFG1251002014000023,3120000,,서울특별시 서대문구 명지대*길 * (홍은동),,03,폐업,,,,02-374-2888,,
,세움 북스,2014-12-31,195591.551748779,455588.317096857,출판인쇄업,출판사,2026-05-01 22:32:33,I,03,폐업,,,,2014-12-31 13:50:37,,2014-04-21,120-773,서울특별시 서대문구 홍은동 ***,CDFG1251002014000029,3120000,,"서울특별시 서대문구 포방터**길 **, ***동 ***호 (홍은동)",,03,폐업,,,,,,
,도서출판 리폼,2017-01-17,196778.886840551,451358.926536621,출판인쇄업,출판사,2026-05-01 22:32:33,I,03,폐업,,,,2017-01-17 10:17:25,,2008-09-11,120-012,서울특별시 서대문구 충정로*가 ***-*,CDFG1251002014000030,3120000,,"서울특별시 서대문구 충정로*길 **, *층 (충정로*가)",,03,폐업,,,,31486262,,
,실버라이닝,2021-12-31,192874.514454351,452525.219515622,출판인쇄업,출판사,2026-05-01 22:32:33,I,03,폐업,,,,2021-12-31 14:42:06,,2014-06-17,,서울특별시 서대문구 남가좌동 ***,CDFG1251002014000039,3120000,,"서울특별시 서대문구 가재울로 **, ***동 ***호 (남가좌동, 현대아파트)",03710,03,폐업,,,,,,
,베스트 오퍼,2014-09-30,195417.901739602,454515.293173495,출판인쇄업,출판사,2026-05-01 22:32:34,I,03,폐업,,,,2014-10-27 13:11:27,,2014-06-26,120-857,서울특별시 서대문구 홍제동 ***-***,CDFG1251002014000042,3120000,,"서울특별시 서대문구 문화촌길 *-**, ***호 (홍제동, 노블하우스)",,03,폐업,,,,,,
,도서출판알렉스앤자니,2018-03-30,196798.796604703,451664.659546498,출판인쇄업,출판사,2026-05-01 22:32:34,I,03,폐업,,155,,2018-03-30 18:05:36,,2012-03-21,120-050,서울특별시 서대문구 냉천동 **-*,CDFG1251002014000044,3120000,,"서울특별시 서대문구 통일로*길 *, *층 (냉천동)",,03,폐업,,,,,,
,오랜지(知),2015-12-28,192559.994725361,452852.020155302,출판인쇄업,출판사,2026-05-01 22:32:34,I,03,폐업,,,,2015-12-28 09:43:21,,2008-01-02,120-762,서울특별시 서대문구 남가좌동 ***,CDFG1251002014000045,3120000,,서울특별시 서대문구 증가로 *** (남가좌동),,03,폐업,,,,02-309-3087,,
,도서출판 클로버,2015-05-11,194468.760598763,454054.856048289,출판인쇄업,출판사,2026-05-01 22:32:34,I,03,폐업,,,,2015-05-11 11:39:21,,2014-07-07,120-861,서울특별시 서대문구 홍제동 ***,CDFG1251002014000047,3120000,,"서울특별시 서대문구 홍제내길 ***, ***동 ***호 (홍제동, 남양아파트)",,03,폐업,,,,02-3216-2156,,
,에스앤씨스포츠,2020-12-24,192672.067512964,452221.960661496,출판인쇄업,출판사,2026-05-01 22:32:34,I,03,폐업,,,,2020-12-24 15:03:22,,2014-07-25,,서울특별시 서대문구 남가좌동 ***-*,CDFG1251002014000051,3120000,,"서울특별시 서대문구 가재울미래로 *, ***동 ****호 (남가좌동, DMC파크뷰자이)",03711,03,폐업,,,,,,
,행복발전소,2019-01-30,195048.847196224,450708.336020544,출판인쇄업,출판사,2026-05-01 22:32:35,I,03,폐업,,,,2019-01-30 13:39:52,,2014-08-26,120-808,서울특별시 서대문구 대현동 **-**,CDFG1251002014000055,3120000,,서울특별시 서대문구 이화여대*길 ** (대현동),,03,폐업,,,,,,
,(사)색동회,2016-11-07,193764.777902996,450631.151435874,출판인쇄업,출판사,2026-05-01 22:32:37,I,03,폐업,,,,2016-11-07 17:34:36,,2014-11-04,120-836,서울특별시 서대문구 창천동 ***-*,CDFG1251002014000078,3120000,,"서울특별시 서대문구 신촌로 **, ***호 (창천동)",,03,폐업,,,,02-371-6908,,
사무실,(주)도서출판 제2엔,2018-02-01,196000.221631664,451214.272750827,출판인쇄업,출판사,2026-05-01 22:32:38,I,03,폐업,,66,1,2018-02-01 15:07:31,,2012-11-02,120-190,서울특별시 서대문구 북아현동 *-***,CDFG1251002015000003,3120000,준주거지역,"서울특별시 서대문구 북아현로**길 *, ***호 (북아현동)",,03,폐업,기타,,,,1,
,블루닷북스(bluedotbooks),2016-12-27,193683.204353833,452523.448408059,출판인쇄업,출판사,2026-05-01 22:32:38,I,03,폐업,,,,2016-12-28 10:49:08,,2015-02-09,120-827,서울특별시 서대문구 연희동 ***-**,CDFG1251002015000007,3120000,,서울특별시 서대문구 홍연*길 ** (연희동),,03,폐업,,,,,,
,도서출판 여행하는 나무,2018-10-01,193270.205678867,451955.793721559,출판인쇄업,출판사,2026-05-01 22:32:39,I,03,폐업,,,,2018-10-01 17:37:03,,2015-02-27,120-832,서울특별시 서대문구 연희동 ***-**,CDFG1251002015000013,3120000,,서울특별시 서대문구 연희로**마길 **-* (연희동),,03,폐업,,,,070-7573-7956,,
,플랫비,2019-06-13,193443.389856848,452484.890486907,출판인쇄업,출판사,2026-05-01 22:32:39,I,03,폐업,,,,2019-06-13 12:42:06,,2015-03-04,120-832,서울특별시 서대문구 연희동 ***,CDFG1251002015000014,3120000,,"서울특별시 서대문구 홍제천로*길 **, *층 (연희동)",,03,폐업,,,,02-336-9545,,
,신촌,2016-05-30,196638.096232174,451243.888624562,출판인쇄업,출판사,2026-05-01 22:32:39,I,03,폐업,,,,2016-05-30 14:44:49,,2015-03-12,120-012,서울특별시 서대문구 충정로*가 ***-*,CDFG1251002015000016,3120000,,서울특별시 서대문구 충정로*길 ** (충정로*가),,03,폐업,,,,,,
,영스타 출판사,2018-03-20,193549.596660034,452780.181134042,출판인쇄업,출판사,2026-05-01 22:32:40,I,03,폐업,,,,2018-03-20 17:57:31,,2015-04-29,120-848,서울특별시 서대문구 홍은동 ***-**,CDFG1251002015000035,3120000,,"서울특별시 서대문구 증가로*길 **-**, ***호 (홍은동, 명주빌리지)",,03,폐업,,,,,,
,(주) 빅스퀘어,2020-09-04,191543.28,452508.37,출판인쇄업,출판사,2026-05-01 22:32:41,I,03,폐업,,,,2020-09-04 17:27:13,,2015-07-02,120-131,서울특별시 서대문구 북가좌동 ***-**,CDFG1251002015000048,3120000,,"서울특별시 서대문구 수색로 ***, *층 ***호 (북가좌동)",,03,폐업,,,,,,
,메디컬 사이언스(Medical Science),2016-10-20,193893.713761113,452988.754972775,출판인쇄업,출판사,2026-05-01 22:32:41,I,03,폐업,,,,2016-10-20 09:34:58,,2015-07-02,120-775,서울특별시 서대문구 홍은동 ***,CDFG1251002015000049,3120000,,"서울특별시 서대문구 모래내로 ***, ***동 ****호 (홍은동)",,03,폐업,,,,,,
,PePub,2018-12-31,192942.974990076,451730.476423908,출판인쇄업,출판사,2026-05-01 22:32:41,I,03,폐업,,,,2019-01-02 08:45:40,,2015-08-07,,서울특별시 서대문구 연희동 ***-***,CDFG1251002015000055,3120000,,서울특별시 서대문구 성산로*길 ** (연희동),03706,03,폐업,,,,,,
,도서출판 예종,2018-07-13,194584.959249312,451381.585492051,출판인쇄업,출판사,2026-05-01 22:32:41,I,03,폐업,,,,2018-07-13 10:30:55,,2015-08-20,,서울특별시 서대문구 신촌동 *** 연세대학교 공학원 ***B호,CDFG1251002015000059,3120000,,"서울특별시 서대문구 연세로 **, ***B호 (신촌동, 연세대학교)",03722,03,폐업,,,,070-4324-4947,,
,COLUMBIA ARTS,2017-08-17,194982.910390534,455184.177953414,출판인쇄업,출판사,2026-05-01 22:32:41,I,03,폐업,,,,2017-08-17 16:08:56,,2015-08-24,,서울특별시 서대문구 홍은동 ***,CDFG1251002015000061,3120000,,"서울특별시 서대문구 홍은중앙로*길 **, ***동 ***호 (홍은동, 동원베네스트아파트)",03613,03,폐업,,,,,,
,마음과 생각,2019-05-09,194810.728274686,454718.872954095,출판인쇄업,출판사,2026-05-01 22:32:41,I,03,폐업,,,,2019-05-09 15:04:50,,2012-04-09,,서울특별시 서대문구 홍은동 ***-* 풍림*차아파트 ****호,CDFG1251002015000063,3120000,,"서울특별시 서대문구 통일로**가길 **, ****호 (홍은동, 풍림아파트)",03615,03,폐업,,,,,,
,원 미디어,2022-12-02,195226.966018468,451651.665776021,출판인쇄업,출판사,2026-05-01 22:32:41,I,03,폐업,,,,2022-12-02 17:25:25,,2015-09-10,,서울특별시 서대문구 대신동 ***-** * ***호,CDFG1251002015000065,3120000,,"서울특별시 서대문구 봉원사길 *, ***호 (대신동)",03721,03,폐업,,,,,,
,도서출판 쟈스,2018-06-07,193966.164926464,453739.500542373,출판인쇄업,출판사,2026-05-01 22:32:41,I,03,폐업,,,,2018-06-07 14:45:58,,2015-09-16,,서울특별시 서대문구 홍은동 ***-***,CDFG1251002015000067,3120000,,"서울특별시 서대문구 연희로**길 **-*, ***호 (홍은동)",03651,03,폐업,,,,,,
,사단법인 기쁜소식 굿타이딩스,2022-05-16,197015.074449594,451227.679921814,출판인쇄업,출판사,2026-05-01 22:32:42,I,03,폐업,,,,2022-05-16 12:06:56,,2015-10-14,,서울특별시 서대문구 미근동 **-*,CDFG1251002015000075,3120000,,"서울특별시 서대문구 충정로*안길 ** (미근동, 미근빌딩)",03740,03,폐업,,,,02-313-1004,,
,브레노스,2021-01-25,193233.752688795,452981.737012576,출판인쇄업,출판사,2026-05-01 22:32:42,I,03,폐업,,,,2021-01-25 16:32:03,,2015-11-09,,서울특별시 서대문구 남가좌동 ***-**,CDFG1251002015000082,3120000,,"서울특별시 서대문구 거북골로 **-**, *층 (남가좌동)",03665,03,폐업,,,,,,
,(주)점선면,2017-12-22,192204.144264653,453173.919537914,출판인쇄업,출판사,2026-05-01 22:32:42,I,03,폐업,,,,2017-12-22 16:58:39,,2015-10-19,,서울특별시 서대문구 북가좌동 ***-**,CDFG1251002015000083,3120000,,"서울특별시 서대문구 증가로**길 **, ***호 (북가좌동)",03682,03,폐업,,,,,,
근린생활시설,포스엔터테이먼트,2021-04-02,193512.063538706,450729.659039664,출판인쇄업,출판사,2026-05-01 22:32:42,I,03,폐업,,,,2021-04-02 10:58:28,,2015-11-18,,서울특별시 서대문구 창천동 ***-*,CDFG1251002015000084,3120000,,"서울특별시 서대문구 신촌로 *, B***호 (창천동)",03785,03,폐업,,,,02-322-8537,,
,주식회사 오아로,2018-05-11,192051.739738747,452952.75261913,출판인쇄업,출판사,2026-05-01 22:32:42,I,03,폐업,,,,2018-05-11 17:32:28,,2015-12-14,,서울특별시 서대문구 북가좌동 ***-**,CDFG1251002015000090,3120000,,"서울특별시 서대문구 응암로 **, *층 (북가좌동)",03691,03,폐업,,,,,,
,제이퍼블리셔(JPublisher),2017-07-20,192001.924627831,453427.22554558,출판인쇄업,출판사,2026-05-01 22:32:43,I,03,폐업,,,,2017-07-20 11:04:31,,2016-01-06,,서울특별시 서대문구 북가좌동 ***-**,CDFG1251002016000001,3120000,주거지역,"서울특별시 서대문구 증가로**길 **-**, B***호 (북가좌동, 신원빌라)",03678,03,폐업,,,,,,1
,야옹책방,2017-02-06,193577.651411977,451315.493076297,출판인쇄업,출판사,2026-05-01 22:32:43,I,03,폐업,,,,2017-02-06 14:40:26,,2016-02-05,,서울특별시 서대문구 연희동 ***,CDFG1251002016000008,3120000,,"서울특별시 서대문구 연희로*길 **, ***동 ***호 (연희동, 연희자이엘라)",03716,03,폐업,,,,,,
,장르월드,2021-03-24,195171.240415623,451843.451712113,출판인쇄업,출판사,2026-05-01 22:32:43,I,03,폐업,,,,2021-03-24 11:02:10,,2016-02-17,,서울특별시 서대문구 대신동 ***-*,CDFG1251002016000011,3120000,,"서울특별시 서대문구 봉원사길 **, ***호 (대신동, 해맞이타운)",03721,03,폐업,,,,02-365-8601,,
,청어람(靑於藍),2017-01-26,193724.608238479,452035.184125981,출판인쇄업,출판사,2026-05-01 22:32:43,I,03,폐업,,,,2017-01-31 11:49:05,,2016-02-19,,서울특별시 서대문구 연희동 ***-**,CDFG1251002016000013,3120000,,"서울특별시 서대문구 연희로**안길 **, ***호 (연희동)",03702,03,폐업,,,,,,
,H story(에이치스토리),2017-03-06,194460.258457732,452616.348704254,출판인쇄업,출판사,2026-05-01 22:32:43,I,03,폐업,,,,2017-03-06 15:42:48,,2016-02-25,,서울특별시 서대문구 연희동 ***,CDFG1251002016000016,3120000,,"서울특별시 서대문구 연희로**길 **-**, ***동 ***호 (연희동, 성원상떼빌팰리스아파트)",03719,03,폐업,,,,02-302-0892,,
,도서출판 原始人(원시인),2020-01-23,195209.050421583,454414.47184668,출판인쇄업,출판사,2026-05-01 22:32:43,I,03,폐업,,,,2020-01-23 16:52:29,,2015-06-03,,서울특별시 서대문구 홍제동 ***-**,CDFG1251002016000017,3120000,,"서울특별시 서대문구 세검정로 **-**, ***호 (홍제동)",03624,03,폐업,,,,,,
,33BOOKS,2018-01-10,193116.410114863,453550.54501737,출판인쇄업,출판사,2026-05-01 22:32:44,I,03,폐업,,,,2018-01-10 14:43:40,,2016-04-11,,서울특별시 서대문구 남가좌동 *-**,CDFG1251002016000032,3120000,,"서울특별시 서대문구 명지대*길 *-*, *층 ***호 (남가좌동, 자선아트빌)",03672,03,폐업,,,,,,
,Letters from,2017-11-16,194014.429863619,450894.850944245,출판인쇄업,출판사,2026-05-01 22:32:45,I,03,폐업,,,,2017-11-16 10:47:03,,2016-05-19,,서울특별시 서대문구 창천동 **-**,CDFG1251002016000042,3120000,,"서울특별시 서대문구 성산로**길 *-*, ***호 (창천동, 제성빌라)",03727,03,폐업,,,,,,
,함께가는길,2025-01-09,195694.979414141,453291.683935348,출판인쇄업,출판사,2026-05-01 22:32:47,I,03,폐업,,,,2025-01-09 16:15:56,,2005-01-15,,서울특별시 서대문구 홍제동 ***,CDFG1251002016000048,3120000,,"서울특별시 서대문구 통일로 ***, ***동 ***호 (홍제동, 청구아파트)",03635,03,폐업,,,,02-6271-2900,,
,스토리뱅크협동조합,2022-11-16,195694.979414141,453291.683935348,출판인쇄업,출판사,2026-05-01 22:32:47,I,03,폐업,,,,2022-11-16 16:31:57,,2014-07-24,,서울특별시 서대문구 홍제동 ***,CDFG1251002016000055,3120000,,"서울특별시 서대문구 통일로 ***, ***동 ***호 (홍제동, 청구아파트)",03635,03,폐업,,,,,,
아파트,부본(BUBONE),2019-02-08,192672.067512964,452221.960661496,출판인쇄업,출판사,2026-05-01 22:32:48,I,03,폐업,,,,2019-02-11 09:41:10,,2016-07-26,,서울특별시 서대문구 남가좌동 ***-*,CDFG1251002016000060,3120000,,"서울특별시 서대문구 가재울미래로 *, ***동 ***호 (남가좌동, DMC파크뷰자이)",03711,03,폐업,,,,,,
,엔블록(Nblock),2024-03-05,194960.929138694,450652.212057734,출판인쇄업,출판사,2026-05-01 22:32:48,I,03,폐업,,,,2024-03-05 16:32:11,,2008-12-26,,서울특별시 서대문구 대현동 **-**,CDFG1251002016000065,3120000,,"서울특별시 서대문구 이화여대*길 **, ***호 (대현동)",03766,03,폐업,,,,02-362-9936,,
,서울연필(Seoul Pencil),2023-01-31,193983.220451202,452037.582614255,출판인쇄업,출판사,2026-05-01 22:32:49,I,03,폐업,,,,2023-01-31 18:07:52,,2016-08-26,,서울특별시 서대문구 연희동 **-**,CDFG1251002016000069,3120000,,서울특별시 서대문구 연희로**길 ** (연희동),03698,03,폐업,,,,070-4124-8887,,
,디자인브레스(design BREATH),2017-10-30,193243.100309817,452238.891506395,출판인쇄업,출판사,2026-05-01 22:32:49,I,03,폐업,,,,2017-10-30 11:00:26,,2016-10-21,,서울특별시 서대문구 연희동 ***-***,CDFG1251002016000078,3120000,,서울특별시 서대문구 홍제천로*길 ***-** (연희동),03700,03,폐업,,,,02-325-2512,,
,"도서출판 맛사북스, massa books",2019-02-26,196288.506800117,450823.463069448,출판인쇄업,출판사,2026-05-01 22:32:49,I,03,폐업,,,,2019-02-26 17:09:02,,2016-10-26,,서울특별시 서대문구 북아현동 ***,CDFG1251002016000079,3120000,,서울특별시 서대문구 북아현로*바길 ** (북아현동),03756,03,폐업,,,,,,
,헤이쥬드,2018-02-19,193539.874142156,452851.444362151,출판인쇄업,출판사,2026-05-01 22:32:50,I,03,폐업,,,,2018-02-19 18:00:46,,2016-12-05,,서울특별시 서대문구 홍은동 ***-**,CDFG1251002016000088,3120000,,"서울특별시 서대문구 증가로*길 **-**, ***호 (홍은동)",03664,03,폐업,,,,,,
,주식회사 티메카코리아,2023-01-12,193891.313415893,451925.890651526,출판인쇄업,출판사,2026-05-01 22:32:50,I,03,폐업,,,2,2023-01-12 16:51:08,,2014-04-10,,서울특별시 서대문구 연희동 **-** 연희동우체국,CDFG1251002017000003,3120000,,"서울특별시 서대문구 증가로 **, 연희동우체국 (연희동)",03698,03,폐업,,,,,,
,주식회사 크리머,2018-01-11,195064.139728579,451361.048952204,출판인쇄업,출판사,2026-05-01 22:32:50,I,03,폐업,,,,2018-01-11 17:45:16,,2017-02-13,,서울특별시 서대문구 대신동 **-*,CDFG1251002017000008,3120000,,"서울특별시 서대문구 연대동문길 **, *층 (대신동)",03721,03,폐업,,,,27388218,,
,고유한 작업실,2018-01-18,191993.362939917,452741.302180404,출판인쇄업,출판사,2026-05-01 22:32:50,I,03,폐업,,,,2018-01-23 17:25:47,,2017-03-23,,서울특별시 서대문구 북가좌동 ***,CDFG1251002017000018,3120000,,"서울특별시 서대문구 수색로 ***, ***동 ***호 (북가좌동, DMC래미안e편한세상)",03709,03,폐업,,,,,,
,소울기획,1998-07-14,192430.511127377,453607.712387543,출판인쇄업,출판사,2026-05-01 22:31:49,I,03,폐업,,0,0,2003-02-07 11:07:55,,1998-04-14,120-816,서울특별시 서대문구 북가좌동 ***-*,CDFG1251001998000011,3120000,,서울특별시 서대문구 응암로 ***  (북가좌동),,03,폐업,,,,,0,0
,나무생각,1999-08-17,194033.03782295,450514.653917441,출판인쇄업,출판사,2026-05-01 22:31:49,I,03,폐업,,0,0,2003-02-07 11:07:55,,1998-04-14,120-834,서울특별시 서대문구 창천동 **-**,CDFG1251001998000012,3120000,,서울특별시 서대문구 연세로*다길 **  (창천동),,03,폐업,,,,,0,0
,문학산맥,2000-10-19,197028.132153511,451044.356034746,출판인쇄업,출판사,2026-05-01 22:31:49,I,03,폐업,,0,,2003-02-07 11:07:55,,1998-05-04,120-030,서울특별시 서대문구 합동 **-** 성일빌딩***,CDFG1251001998000013,3120000,,"서울특별시 서대문구 서소문로 **  (합동,성일빌딩***)",,03,폐업,,,,,,
,도서출판참솔,1999-04-12,196547.231336512,450950.82823808,출판인쇄업,출판사,2026-05-01 22:31:49,I,03,폐업,,0,0,2003-02-07 11:07:55,,1998-05-13,120-837,서울특별시 서대문구 충정로*가 **-**,CDFG1251001998000014,3120000,,서울특별시 서대문구 경기대로 **  (충정로*가),,03,폐업,,,,,0,0
,도서출판 웅동,1998-08-10,193752.261869885,450618.352604271,출판인쇄업,출판사,2026-05-01 22:31:49,I,03,폐업,,0,0,2003-02-07 11:07:55,,1998-05-14,120-836,서울특별시 서대문구 창천동 ***-**,CDFG1251001998000015,3120000,,서울특별시 서대문구 신촌로 **  (창천동),,03,폐업,,,,,0,0
,도서출판 청동거울,1998-08-10,193752.261869885,450618.352604271,출판인쇄업,출판사,2026-05-01 22:31:49,I,03,폐업,,0,0,2003-02-07 11:07:55,,1998-05-14,120-836,서울특별시 서대문구 창천동 ***-**,CDFG1251001998000016,3120000,,서울특별시 서대문구 신촌로 **  (창천동),,03,폐업,,,,,0,0
,도서출판 굿누리,1999-08-12,194048.753146284,450536.968566815,출판인쇄업,출판사,2026-05-01 22:31:49,I,03,폐업,,0,,2003-02-07 11:07:55,,1998-05-19,120-834,서울특별시 서대문구 창천동 **-** 해암빌딩***호,CDFG1251001998000017,3120000,,"서울특별시 서대문구 연세로*다길 **  (창천동,해암빌딩***호)",,03,폐업,,,,,,
,영어마당,2000-06-30,195756.365749679,451383.24486527,출판인쇄업,출판사,2026-05-01 22:31:49,I,03,폐업,,0,,2003-02-07 11:07:55,,1998-05-19,120-818,서울특별시 서대문구 북아현동 ***-** 혜전빌딩*층,CDFG1251001998000018,3120000,,"서울특별시 서대문구 북아현로 **  (북아현동,혜전빌딩*층)",,03,폐업,,,,,,
,이현교육문화,2000-08-30,195206.028147021,453931.667239726,출판인쇄업,출판사,2026-05-01 22:31:49,I,03,폐업,,0,0,2003-02-07 11:07:55,,1998-06-11,120-856,서울특별시 서대문구 홍제동 ***-*,CDFG1251001998000020,3120000,,서울특별시 서대문구 통일로**길 **  (홍제동),,03,폐업,,,,,0,0
,파랑새열린학교,2000-09-01,196388.818213314,452125.324539513,출판인쇄업,출판사,2026-05-01 22:31:49,I,03,폐업,,0,0,2003-02-07 11:07:55,,1998-06-27,120-070,서울특별시 서대문구 영천동 **-*,CDFG1251001998000021,3120000,,서울특별시 서대문구 영천시장길 *  (영천동),,03,폐업,,,,,0,0
,자유공간,2000-12-06,,,출판인쇄업,출판사,2026-05-01 22:31:50,I,03,폐업,,0,0,2003-02-07 11:07:55,,1998-06-30,120-012,서울특별시 서대문구 충정로*가 *-*,CDFG1251001998000022,3120000,,,,03,폐업,,,,,0,0
,노벨문학사,2001-03-30,194303.986604803,453906.508018186,출판인쇄업,출판사,2026-05-01 22:31:50,I,03,폐업,,0,,2003-02-07 11:07:55,,1998-07-08,120-861,서울특별시 서대문구 홍제동 ***-** *층,CDFG1251001998000023,3120000,,"서울특별시 서대문구 홍제내길 ***  (홍제동,*층)",,03,폐업,,,,,,
,드자인,2001-10-16,196187.716881991,451213.115270649,출판인쇄업,출판사,2026-05-01 22:31:50,I,03,폐업,,,,2003-05-16 15:44:58,,1998-08-24,120-818,서울특별시 서대문구 북아현동 *-**,CDFG1251001998000028,3120000,,서울특별시 서대문구 북아현로**길 **  (북아현동),,03,폐업,,,,,,
,도서출판포토라인,2004-06-09,194303.986604803,453906.508018186,출판인쇄업,출판사,2026-05-01 22:31:50,I,03,폐업,,,,2004-06-09 15:59:03,,1998-09-01,120-861,서울특별시 서대문구 홍제동 ***-**,CDFG1251001998000029,3120000,,서울특별시 서대문구 홍제내길 ***  (홍제동),,03,폐업,,,,,,
,예당출판사,1999-06-30,,,출판인쇄업,출판사,2026-05-01 22:31:50,I,03,폐업,,0,0,2003-02-07 11:07:55,,1998-09-04,120-012,서울특별시 서대문구 충정로*가 *-*,CDFG1251001998000030,3120000,,,,03,폐업,,,,,0,0
,도서출판오메가,2000-11-14,193983.599843797,451975.182716332,출판인쇄업,출판사,2026-05-01 22:31:50,I,03,폐업,,0,0,2003-02-07 11:07:55,,1998-09-07,120-110,서울특별시 서대문구 연희동 **-** 금오빌딩 *층,CDFG1251001998000031,3120000,,"서울특별시 서대문구 연희로**길 **  (연희동,금오빌딩 *층)",,03,폐업,,,,,0,0
,한뫼출판사,1999-03-06,197073.021981074,451336.27707417,출판인쇄업,출판사,2026-05-01 22:31:50,I,03,폐업,,0,0,2003-02-07 11:07:55,,1998-09-18,120-020,서울특별시 서대문구 미근동 ***-*,CDFG1251001998000032,3120000,,서울특별시 서대문구 통일로 ***  (미근동),,03,폐업,,,,,0,0
,글향기,1999-08-02,194145.892516095,450451.593376617,출판인쇄업,출판사,2026-05-01 22:31:50,I,03,폐업,,0,0,2003-02-07 11:07:55,,1998-10-26,120-834,서울특별시 서대문구 창천동 **-**,CDFG1251001998000036,3120000,,서울특별시 서대문구 신촌로 **  (창천동),,03,폐업,,,,,0,0
,다리,2000-11-14,194014.209108133,451999.275923873,출판인쇄업,출판사,2026-05-01 22:31:50,I,03,폐업,,0,0,2003-02-07 11:07:55,,1998-11-16,120-824,서울특별시 서대문구 연희동 **-** *층,CDFG1251001998000039,3120000,,"서울특별시 서대문구 연희로 ***-*  (연희동,*층)",,03,폐업,,,,,0,0
,도서출판새하늘,2000-08-17,196889.992166193,451521.315565859,출판인쇄업,출판사,2026-05-01 22:31:50,I,03,폐업,,0,0,2003-02-07 11:07:55,,1998-12-14,120-012,서울특별시 서대문구 충정로*가 *-*,CDFG1251001998000044,3120000,,서울특별시 서대문구 통일로*안길 **  (충정로*가),,03,폐업,,,,,0,0
,엠엔디시스템,2003-06-03,193644.641519248,451121.158433578,출판인쇄업,출판사,2026-05-01 22:31:50,I,03,폐업,,,,2003-08-07 15:33:36,,1998-12-17,120-830,서울특별시 서대문구 연희동 ***-***,CDFG1251001998000046,3120000,,서울특별시 서대문구 연희로 **-**  (연희동),,03,폐업,,,,,,
,다성출판사,2014-05-26,194392.074712691,453764.167677443,출판인쇄업,출판사,2026-05-01 22:31:50,I,03,폐업,,,,2014-05-26 14:45:52,,1998-01-12,120-090,서울특별시 서대문구 홍제동 ***-*,CDFG1251001998000053,3120000,,서울특별시 서대문구 홍제내*길 ** (홍제동),,03,폐업,,,,02-3417-2500,,
,좋은소프트,2007-01-25,195835.668715044,451281.063345588,출판인쇄업,출판사,2026-05-01 22:31:50,I,03,폐업,,,,2007-01-25 09:20:50,,1998-10-13,120-818,서울특별시 서대문구 북아현동 ***-** *층,CDFG1251001998000058,3120000,,"서울특별시 서대문구 북아현로**가길 **  (북아현동,*층)",,03,폐업,,,,32174679,,
,부흥과 개혁사,2009-02-25,194027.01695574,451899.823094471,출판인쇄업,출판사,2026-05-01 22:31:50,I,03,폐업,,,,2010-09-30 16:07:04,,1998-09-15,120-829,서울특별시 서대문구 연희동 **-** *층,CDFG1251001998000062,3120000,,"서울특별시 서대문구 연희로 ***  (연희동,*층)",,03,폐업,,,,,,
근린생활시설,주식회사 아트스테이션,2024-08-28,194201.136046399,452172.329044783,출판인쇄업,출판사,2026-05-01 22:32:51,I,03,폐업,,30,,2024-09-02 09:26:11,,2017-05-04,,서울특별시 서대문구 연희동 **-**,CDFG1251002017000025,3120000,,"서울특별시 서대문구 연희로 ***, ***호 (연희동, 예림빌딩)",03723,03,폐업,,,,,,
,b.lib,2018-12-27,192952.106229087,451653.39084653,출판인쇄업,출판사,2026-05-01 22:32:51,I,03,폐업,,,,2018-12-27 17:09:22,,2017-05-17,,서울특별시 서대문구 연희동 ***-***,CDFG1251002017000027,3120000,,"서울특별시 서대문구 성산로*안길 **, ***호 (연희동, 신세대하이빌)",03706,03,폐업,,,,,,
,모쿠슈라,2022-01-19,193973.705677236,451558.718306673,출판인쇄업,출판사,2026-05-01 22:32:51,I,03,폐업,,,,2022-01-19 15:13:30,,2017-06-05,,서울특별시 서대문구 연희동 ***-*,CDFG1251002017000033,3120000,,서울특별시 서대문구 연희로**길 **-** (연희동),03725,03,폐업,,,,,,
,달 고양이,2020-12-15,192993.485381446,452647.256195519,출판인쇄업,출판사,2026-05-01 22:32:51,I,03,폐업,,,,2020-12-15 10:14:47,,2017-06-14,,서울특별시 서대문구 남가좌동 ***-*,CDFG1251002017000036,3120000,,"서울특별시 서대문구 가재울로**길 *, 지층 (남가좌동)",03694,03,폐업,,,,,,
,뉴프레스,2021-06-30,194133.619777121,453284.091649219,출판인쇄업,출판사,2026-05-01 22:32:51,I,03,폐업,,,,2021-07-16 12:47:53,,2017-06-15,,서울특별시 서대문구 홍은동 ***-***,CDFG1251002017000038,3120000,,서울특별시 서대문구 모래내로**길 **-* (홍은동),03654,03,폐업,,,,,,
,환여,2020-01-09,193577.651411977,451315.493076297,출판인쇄업,출판사,2026-05-01 22:32:51,I,03,폐업,,,,2020-01-09 17:26:16,,2017-06-21,,서울특별시 서대문구 연희동 ***,CDFG1251002017000040,3120000,,"서울특별시 서대문구 연희로*길 **, ***호 (연희동, 연희자이엘라)",03716,03,폐업,,,,,,
근린생활시설,공씨책방,2017-12-29,193946.395220305,450525.834024158,출판인쇄업,출판사,2026-05-01 22:32:51,I,03,폐업,,53.74,,2017-12-29 17:16:36,,2017-07-13,,서울특별시 서대문구 창천동 ***-**,CDFG1251002017000044,3120000,,"서울특별시 서대문구 신촌로 **, *층 (창천동)",03786,03,폐업,,,,,,
,최고의책,2019-03-11,195060.754715564,453427.44017974,출판인쇄업,출판사,2026-05-01 22:32:52,I,03,폐업,,,,2019-03-11 14:26:44,,2017-08-21,,서울특별시 서대문구 홍제동 ***-***,CDFG1251002017000052,3120000,,"서울특별시 서대문구 모래내로**나길 **, ***호 (홍제동, 동부캐슬)",03729,03,폐업,,,,,,
,동원인쇄사,2024-09-05,196434.546686892,451220.472738361,출판인쇄업,출판사,2026-05-01 22:32:53,I,03,폐업,,,,2024-09-06 10:35:23,,2015-09-16,,서울특별시 서대문구 충정로*가 *-* 보광가든빌라,CDFG1251002018000006,3120000,,"서울특별시 서대문구 경기대로*길 **, ***호 (충정로*가, 보광가든빌라)",03751,03,폐업,,,,,,
,좋음,2020-08-10,195348.443357667,453970.471156824,출판인쇄업,출판사,2026-05-01 22:32:53,I,03,폐업,,,,2020-08-10 11:29:46,,2018-02-14,,서울특별시 서대문구 홍제동 ***-**,CDFG1251002018000017,3120000,,서울특별시 서대문구 통일로**길 **-* (홍제동),03630,03,폐업,,,,02-733-2763,,
,바른서적,2018-12-31,195548.206091385,454524.303895728,출판인쇄업,출판사,2026-05-01 22:32:53,I,03,폐업,,,,2019-01-02 08:48:37,,2018-03-02,,서울특별시 서대문구 홍제동 *-**,CDFG1251002018000021,3120000,,서울특별시 서대문구 문화촌길 **-* (홍제동),03622,03,폐업,,,,02-379-4910,,
,봄여름,2024-05-14,191484.638855239,452671.047383197,출판인쇄업,출판사,2026-05-01 22:32:53,I,03,폐업,,0,,2024-05-14 13:41:03,,1997-01-03,,서울특별시 서대문구 북가좌동 ***-* 월드컵현대아파트 제***동 제*층 제상가-***호,CDFG1251002018000023,3120000,,"서울특별시 서대문구 수색로 ***, 제***동동 제*층 제상가***호 (북가좌동, 월드컵현대아파트)",03714,03,폐업,,,,02-358-1700,,
,레터스 프롬,2018-06-01,193794.944294025,450704.474363474,출판인쇄업,출판사,2026-05-01 22:32:54,I,03,폐업,,,,2018-06-01 12:15:48,,2018-03-28,,서울특별시 서대문구 창천동 ***-**,CDFG1251002018000030,3120000,,서울특별시 서대문구 신촌로*나길 ** (창천동),03783,03,폐업,,,,,,
,도서출판 돌봄,2019-01-29,193240.236342496,452544.453659732,출판인쇄업,출판사,2026-05-01 22:32:54,I,03,폐업,,,,2019-01-29 16:39:55,,2018-04-04,,서울특별시 서대문구 남가좌동 ***-**,CDFG1251002018000032,3120000,,"서울특별시 서대문구 모래내로 ***-**, ***호 (남가좌동)",03693,03,폐업,,,,,,
,청금루,2019-05-29,193678.680686398,451959.724112214,출판인쇄업,출판사,2026-05-01 22:32:54,I,03,폐업,,,,2020-02-13 16:12:33,,2018-04-26,,서울특별시 서대문구 연희동 ***-**,CDFG1251002018000035,3120000,,서울특별시 서대문구 연희로**길 **-* (연희동),03702,03,폐업,,,,02-325-7579,,
,마리아북스,2018-08-23,194066.416379605,451707.669719776,출판인쇄업,출판사,2026-05-01 22:32:54,I,03,폐업,,,,2018-08-23 16:31:49,,2018-07-11,,서울특별시 서대문구 연희동 **-* 화이트빌,CDFG1251002018000054,3120000,,"서울특별시 서대문구 연희로**길 **, B동 ***호 (연희동, 화이트빌)",03724,03,폐업,,,,,,
,마리아 출판사,2018-08-23,194066.416379605,451707.669719776,출판인쇄업,출판사,2026-05-01 22:32:54,I,03,폐업,,,,2018-08-23 16:32:28,,2018-07-18,,서울특별시 서대문구 연희동 **-* 화이트빌,CDFG1251002018000056,3120000,,"서울특별시 서대문구 연희로**길 **, B동 *층 *호 (연희동, 화이트빌)",03724,03,폐업,,,,,,
,도로시도레,2024-10-30,193920.636333333,452559.629666667,출판인쇄업,출판사,2026-05-01 22:32:54,I,03,폐업,,,,2024-10-30 18:01:51,,2018-07-21,,서울특별시 서대문구 연희동 ***-**,CDFG1251002018000058,3120000,,서울특별시 서대문구 홍연*길 ** (연희동),03696,03,폐업,,,,,,
근린생활시설,구오,2020-07-10,193963.390335104,451774.259561403,출판인쇄업,출판사,2026-05-01 22:32:55,I,03,폐업,,,,2020-07-10 17:18:16,,2018-09-12,,서울특별시 서대문구 연희동 ***-* ***호,CDFG1251002018000070,3120000,일반주거지역,"서울특별시 서대문구 연희로**길 *-**, ***호 (연희동)",03724,03,폐업,,,,,,
,리얼뉴스(주),2025-02-25,194033.03782295,450514.653917441,출판인쇄업,출판사,2026-05-01 22:32:55,I,03,폐업,,,,2025-02-25 17:03:55,,2018-11-21,,서울특별시 서대문구 창천동 **-** *층 ***호,CDFG1251002018000087,3120000,,"서울특별시 서대문구 연세로*다길 **, *층 ***호 (창천동)",03787,03,폐업,,,,02-332-9693,,
,송암(松菴),2021-01-18,196259.480927405,451698.351672354,출판인쇄업,출판사,2026-05-01 22:32:55,I,03,폐업,,,,2021-01-18 15:35:07,,2018-12-26,,서울특별시 서대문구 천연동 *** 천연뜨란채,CDFG1251002018000098,3120000,,"서울특별시 서대문구 독립문로*길 **, ***동 ***호 (천연동, 천연뜨란채)",03743,03,폐업,,,,,,
,쿵쿵쾅쾅,2025-09-04,196354.967488409,451870.981581505,출판인쇄업,출판사,2026-05-01 22:32:55,I,03,폐업,,,,2025-09-05 08:57:19,,2017-08-29,,서울특별시 서대문구 천연동 **-*,CDFG1251002019000001,3120000,주거지역,서울특별시 서대문구 독립문로*안길 **-* (천연동),03744,03,폐업,,,,,,
,에덴문화사,,197469.959024858,452033.989111749,출판인쇄업,출판사,2026-05-01 22:43:31,I,31,등록취소,,0,0,2003-02-07 09:13:27,,1973-10-08,110-061,서울특별시 종로구 신문로*가 **-**,CDFG1251001973000007,3000000,,서울특별시 종로구 경희궁길 *  (신문로*가),,04,취소/말소/만료/정지/중지,,,,,0,0
,해동출판사,,199051.059457948,452076.540679215,출판인쇄업,출판사,2026-05-01 22:43:31,I,13,영업중,,0,,2003-02-07 09:13:27,,1973-05-04,110-320,서울특별시 종로구 낙원동 ***-* *층,CDFG1251001973000005,3000000,,"서울특별시 종로구 수표로**길 **  (낙원동,*층)",,01,영업/정상,,,,,,
,대신당필방,2026-03-25,198451.20372143,452243.628877399,출판인쇄업,출판사,2026-05-01 22:43:31,I,03,폐업,,0,0,2026-03-25 10:55:33,,1975-02-25,110-170,서울특별시 종로구 견지동 ***-*,CDFG1251001975000003,3000000,,서울특별시 종로구 우정국로 **-*  (견지동),,03,폐업,,,,,0,0
,재단법인 대한불교조계종 대각회 대각 출판,,199212.402909138,452376.44855803,출판인쇄업,출판사,2026-05-01 22:43:32,I,13,영업중,,,,2024-09-25 16:13:06,,1975-05-21,110-390,서울특별시 종로구 봉익동 *,CDFG1251001975000008,3000000,,서울특별시 종로구 율곡로**길 ** (봉익동),,01,영업/정상,,,,02-765-2701,,
,목양사,,200072.378101828,452291.689518232,출판인쇄업,출판사,2026-05-01 22:43:33,I,13,영업중,,0,0,2012-05-21 14:54:56,,1976-10-07,110-736,서울특별시 종로구 연지동 ***-** 한국기독교회관 ***호,CDFG1251001976000011,3000000,,"서울특별시 종로구 대학로 **  (연지동,한국기독교회관 ***호)",,01,영업/정상,,,,,0,0
,기독교음악사,,,,출판인쇄업,출판사,2026-05-01 22:43:33,I,13,영업중,,0,,2003-02-07 09:13:27,,1976-11-15,110-062,서울특별시 종로구 신문로*가 **-* *층,CDFG1251001976000014,3000000,,,,01,영업/정상,,,,,,
,한국기독교교회협의회,,200072.378101828,452291.689518232,출판인쇄업,출판사,2026-05-01 22:43:32,I,13,영업중,,0,0,2012-01-30 17:04:05,,1975-12-26,110-736,서울특별시 종로구 연지동 ***-** 기독교회관 ***호,CDFG1251001975000021,3000000,,"서울특별시 종로구 대학로 **, ***호 (연지동, 기독교회관)",,01,영업/정상,,,,,0,0
,월간경리사,,198277.319225752,453223.156266191,출판인쇄업,출판사,2026-05-01 22:43:32,I,13,영업중,,0,,2003-02-07 09:13:27,,1976-02-26,110-200,서울특별시 종로구 소격동 **-* *층,CDFG1251001976000001,3000000,,"서울특별시 종로구 북촌로*가길 **  (소격동,*층)",,01,영업/정상,,,,,,
,학력개발사,,,,출판인쇄업,출판사,2026-05-01 22:43:32,I,13,영업중,,0,,2003-02-07 09:13:27,,1976-03-16,110-126,서울특별시 종로구 종로*가 ***-*,CDFG1251001976000002,3000000,,,,01,영업/정상,,,,,,
,일붕삼장원,,,,출판인쇄업,출판사,2026-05-01 22:43:33,I,13,영업중,,0,,2003-02-07 09:13:27,,1976-03-26,,서울특별시 종로구  *-* 은평 불광 **-***,CDFG1251001976000004,3000000,,,,01,영업/정상,,,,,,
,종각출판사,,198630.79627088,452035.412646906,출판인쇄업,출판사,2026-05-01 22:43:33,I,13,영업중,,0,,2003-02-07 09:13:27,,1976-05-17,110-122,서울특별시 종로구 종로*가 *-* 후문 *호,CDFG1251001976000006,3000000,,"서울특별시 종로구 종로 **  (종로*가,후문 *호)",,01,영업/정상,,,,,,
,성균관대학교출판부,,199554.074424085,453721.462706742,출판인쇄업,출판사,2026-05-01 22:43:32,I,13,영업중,,,,2023-02-13 17:31:50,,1975-05-21,110-812,서울특별시 종로구 명륜*가 **-*,CDFG1251001975000009,3000000,,서울특별시 종로구 성균관로 **-* (명륜*가),,01,영업/정상,,,,,,
,(주)탑출판사,,,,출판인쇄업,출판사,2026-05-01 22:43:32,I,13,영업중,,0,,2003-02-07 09:13:27,,1975-05-21,110-830,서울특별시 종로구 신영동 ***-*,CDFG1251001975000010,3000000,,,,01,영업/정상,,,,,,
,진선출판사(주),,198691.799418788,452546.547645387,출판인쇄업,출판사,2026-05-01 22:43:32,I,13,영업중,,0,0,2018-05-02 11:29:01,,1975-09-03,,서울특별시 종로구 경운동 **,CDFG1251001975000013,3000000,,"서울특별시 종로구 삼일대로 ***, **층 (경운동)",03147,01,영업/정상,,,,,0,0
,예전사,,200452.080163068,452583.939865415,출판인쇄업,출판사,2026-05-01 22:43:32,I,13,영업중,,0,,2003-02-07 09:13:27,,1975-09-26,110-844,서울특별시 종로구 충신동 *-** *층,CDFG1251001975000014,3000000,,"서울특별시 종로구 율곡로**가길 **  (충신동,*층)",,01,영업/정상,,,,,,
,(주)국가고시연구학회,,197680.780080175,452016.543891352,출판인쇄업,출판사,2026-05-01 22:43:32,I,13,영업중,,0,,2003-02-07 09:13:27,,1975-12-16,110-061,서울특별시 종로구 신문로*가 **-*,CDFG1251001975000018,3000000,,,,01,영업/정상,,,,,,
,두합인쇄(주),,,,출판인쇄업,출판사,2026-05-01 22:43:32,I,13,영업중,,0,0,2003-02-07 09:13:27,,1975-12-26,110-130,서울특별시 종로구 청진동 ***-* 수송빌딩*층*호,CDFG1251001975000019,3000000,,,,01,영업/정상,,,,,0,0
,계축문화사,,196480.804431762,452311.232772441,출판인쇄업,출판사,2026-05-01 22:43:31,I,13,영업중,,0,,2007-10-22 11:31:44,,1973-10-31,110-091,서울특별시 종로구 행촌동 ***-**,CDFG1251001973000008,3000000,,서울특별시 종로구 통일로**길 **-**  (행촌동),,01,영업/정상,,,,02-735-2257,,
,도서출판 예수교대한성결교회 출판부,,196693.806335494,452389.953657761,출판인쇄업,출판사,2026-05-01 22:43:31,I,13,영업중,,,,2024-03-22 13:28:05,,1974-02-01,,서울특별시 종로구 행촌동 *-**,CDFG1251001974000002,3000000,,서울특별시 종로구 인왕산로*가길 ** (행촌동),03026,01,영업/정상,,,,,,
,도서출판 경화사,,201179.439560092,452170.545796376,출판인쇄업,출판사,2026-05-01 22:43:32,I,13,영업중,,0,0,2012-06-20 14:10:25,,1975-04-07,110-841,서울특별시 종로구 창신동 ***-**,CDFG1251001975000005,3000000,,서울특별시 종로구 종로**길 **-*  (창신동),,01,영업/정상,,,,,0,0
,(주)학원출판사,,200555.823313257,452439.730541646,출판인쇄업,출판사,2026-05-01 22:43:32,I,13,영업중,,0,0,2013-12-10 15:54:28,,1975-05-09,110-844,서울특별시 종로구 충신동 **-** 학원빌딩 ***동,CDFG1251001975000006,3000000,,"서울특별시 종로구 율곡로**길 **, ***동 (충신동, 학원빌딩)",,01,영업/정상,,,,,0,0
,한국학연구소,,199996.843748686,453479.393906602,출판인쇄업,출판사,2026-05-01 22:43:32,I,13,영업중,,0,,2003-02-07 09:13:27,,1975-05-20,110-522,서울특별시 종로구 명륜*가 **,CDFG1251001975000007,3000000,,서울특별시 종로구 대명길 **  (명륜*가),,01,영업/정상,,,,,,
,정우진흥,,198924.435018007,452374.356404855,출판인쇄업,출판사,2026-05-01 22:43:33,I,13,영업중,,0,,2003-06-13 17:35:57,,1976-05-21,110-320,서울특별시 종로구 낙원동 **-*,CDFG1251001976000007,3000000,,서울특별시 종로구 삼일대로**길 **  (낙원동),,01,영업/정상,,,,,,
,배영출판공사,,198692.627926952,451865.694333484,출판인쇄업,출판사,2026-05-01 22:43:33,I,13,영업중,,0,,2003-02-07 09:13:27,,1976-05-24,110-111,서울특별시 종로구 관철동 **-**,CDFG1251001976000008,3000000,,서울특별시 종로구 종로**길 **  (관철동),,01,영업/정상,,,,,,
,국세자료사,,198770.899473612,452239.272277166,출판인쇄업,출판사,2026-05-01 22:43:31,I,13,영업중,,0,,2003-02-07 09:13:27,,1974-08-14,110-290,서울특별시 종로구 인사동 **-* 남영빌딩***호,CDFG1251001974000003,3000000,,"서울특별시 종로구 인사동길 **  (인사동,남영빌딩***호)",,01,영업/정상,,,,,,
,도서출판 창미,,201185.30485583,452517.45748458,출판인쇄업,출판사,2026-05-01 22:43:31,I,31,등록취소,,0,,2003-02-07 09:13:27,,1974-09-10,110-838,서울특별시 종로구 창신동 **-*,CDFG1251001974000004,3000000,,서울특별시 종로구 창신*마길 *  (창신동),,04,취소/말소/만료/정지/중지,,,,,,
,학일출판사,,200569.366054482,452281.800173673,출판인쇄업,출판사,2026-05-01 22:43:33,I,31,등록취소,,0,,2003-02-07 09:13:27,,1977-01-22,110-126,서울특별시 종로구 종로*가 ***-*,CDFG1251001977000002,3000000,,서울특별시 종로구 율곡로**길 *  (종로*가),,04,취소/말소/만료/정지/중지,,,,,,
,(주)아르케,,198910.899366062,452750.505122507,출판인쇄업,출판사,2026-05-01 22:43:40,I,31,등록취소,,0,,2003-02-07 09:13:27,,1988-07-26,110-350,서울특별시 종로구 운니동 **-** 가든타워*층,CDFG1251001988000103,3000000,,"서울특별시 종로구 율곡로 **  (운니동,가든타워*층)",,04,취소/말소/만료/정지/중지,,,,,,
,청도,,197745.004527844,452127.244052997,출판인쇄업,출판사,2026-05-01 22:43:40,I,13,영업중,,0,,2003-02-07 09:13:27,,1988-07-26,110-071,서울특별시 종로구 당주동 **,CDFG1251001988000104,3000000,,서울특별시 종로구 새문안로*길 **-*  (당주동),,01,영업/정상,,,,,,
,영일출판사,,198979.758847796,451921.59918378,출판인쇄업,출판사,2026-05-01 22:43:40,I,31,등록취소,,,,2008-11-27 18:27:25,,1988-07-27,110-420,서울특별시 종로구 관수동 *-*,CDFG1251001988000106,3000000,,서울특별시 종로구 수표로 **-*  (관수동),,04,취소/말소/만료/정지/중지,,,,,,
,서학원,,198803.258579457,452356.426758946,출판인쇄업,출판사,2026-05-01 22:43:40,I,13,영업중,,0,,2003-02-07 09:13:27,,1988-08-02,110-320,서울특별시 종로구 낙원동 ***-*,CDFG1251001988000107,3000000,,서울특별시 종로구 삼일대로 ***  (낙원동),,01,영업/정상,,,,,,
,선진,,200903.906497855,452234.557015515,출판인쇄업,출판사,2026-05-01 22:43:40,I,13,영업중,,0,,2003-02-07 09:13:27,,1988-08-18,110-855,서울특별시 종로구 창신동 ***-* 동대문맨숀***호,CDFG1251001988000112,3000000,,"서울특별시 종로구 창신길 **  (창신동,동대문맨숀***호)",,01,영업/정상,,,,,,
,도서출판 꽃세계사,,199159.679411,452041.504146287,출판인쇄업,출판사,2026-05-01 22:43:40,I,13,영업중,,0,,2003-02-07 09:13:27,,1988-08-19,110-123,서울특별시 종로구 종로*가 ** 고영빌딩 ***호,CDFG1251001988000114,3000000,,"서울특별시 종로구 종로 ***  (종로*가,고영빌딩 ***호)",,01,영업/정상,,,,,,
,중앙영재교육연구원,,199214.548011588,451983.042894684,출판인쇄업,출판사,2026-05-01 22:43:40,I,13,영업중,,0,,2003-02-07 09:13:27,,1988-08-26,110-123,서울특별시 종로구 종로*가 *** 화영빌딩***호,CDFG1251001988000115,3000000,,"서울특별시 종로구 종로 ***  (종로*가,화영빌딩***호)",,01,영업/정상,,,,,,
,광업생산성조사소,,198503.329082237,452297.556997868,출판인쇄업,출판사,2026-05-01 22:43:40,I,31,등록취소,,0,,2003-02-07 09:13:27,,1988-09-03,110-170,서울특별시 종로구 견지동 **-*,CDFG1251001988000119,3000000,,서울특별시 종로구 인사동*길 **  (견지동),,04,취소/말소/만료/정지/중지,,,,,,
,시온출판사,,199886.047854765,452569.474718211,출판인쇄업,출판사,2026-05-01 22:43:40,I,13,영업중,,0,,2003-02-07 09:13:27,,1988-09-03,110-738,서울특별시 종로구 연지동 *-* 여전도회관***호,CDFG1251001988000121,3000000,,"서울특별시 종로구 율곡로 ***  (연지동,여전도회관***호)",,01,영업/정상,,,,,,
,(주)한겨레신문,,198467.712974372,452623.282097869,출판인쇄업,출판사,2026-05-01 22:43:40,I,31,등록취소,,0,,2003-02-07 09:13:27,,1988-09-03,110-240,서울특별시 종로구 안국동 ***-**,CDFG1251001988000123,3000000,,서울특별시 종로구 율곡로 **  (안국동),,04,취소/말소/만료/정지/중지,,,,,,
,한국중앙회,,200342.282272788,452556.296390572,출판인쇄업,출판사,2026-05-01 22:43:40,I,13,영업중,,0,,2013-12-10 16:35:50,,1988-09-14,110-844,서울특별시 종로구 충신동 ** 예일빌딩*층,CDFG1251001988000131,3000000,,"서울특별시 종로구 율곡로 ***, *층 (충신동, 예일빌딩)",,01,영업/정상,,,,,,
,문예평론사,,198754.634182719,452404.979894277,출판인쇄업,출판사,2026-05-01 22:43:40,I,13,영업중,,0,,2003-02-07 09:13:27,,1988-09-20,110-310,서울특별시 종로구 경운동 **-* 건국빌딩***호,CDFG1251001988000132,3000000,,"서울특별시 종로구 인사동*길 **  (경운동,건국빌딩***호)",,01,영업/정상,,,,,,
,신농백초출판사,,197618.459740824,452311.285166273,출판인쇄업,출판사,2026-05-01 22:43:40,I,13,영업중,,,,2016-06-08 15:38:02,,1988-09-21,,서울특별시 종로구 내수동 * 옥빌딩 ***호,CDFG1251001988000134,3000000,,"서울특별시 종로구 새문안로*가길 **, ***호 (내수동, 옥빌딩)",03173,01,영업/정상,,,,,,
,서울미술관,,196268.568076761,456140.787983595,출판인쇄업,출판사,2026-05-01 22:43:41,I,13,영업중,,0,,2003-02-07 09:13:27,,1988-09-28,110-803,서울특별시 종로구 구기동 **-*,CDFG1251001988000137,3000000,,서울특별시 종로구 진흥로 ***  (구기동),,01,영업/정상,,,,,,
,정암문화사,,200416.271580073,452749.880296557,출판인쇄업,출판사,2026-05-01 22:43:41,I,13,영업중,,0,,2003-02-07 09:13:27,,1988-09-29,110-500,서울특별시 종로구 이화동 **-* *층,CDFG1251001988000138,3000000,,"서울특별시 종로구 이화장*가길 **  (이화동,*층)",,01,영업/정상,,,,,,
,푸른솔,,200126.766304313,452265.173517838,출판인쇄업,출판사,2026-05-01 22:43:41,I,31,등록취소,,0,0,2003-02-07 09:13:27,,1988-10-04,110-480,서울특별시 종로구 효제동 ***-*,CDFG1251001988000140,3000000,,서울특별시 종로구 대학로 **  (효제동),,04,취소/말소/만료/정지/중지,,,,,0,0
,바라출판사,,,,출판인쇄업,출판사,2026-05-01 22:43:41,I,13,영업중,,0,,2003-02-07 09:13:27,,1988-10-13,110-827,서울특별시 종로구 숭인동 *** 동성빌딩***호,CDFG1251001988000141,3000000,,,,01,영업/정상,,,,,,
,인문출판사,2011-07-27,193795.069562324,443360.073381671,출판인쇄업,출판사,2026-05-01 22:31:36,I,03,폐업,,,,2011-08-16 17:54:56,,1965-06-21,151-831,서울특별시 관악구 봉천동 ***-**,CDFG1251001965000001,3200000,,서울특별시 관악구 당곡*길 **-*  (봉천동),,03,폐업,,,,,,
,(도)새교실,2005-02-15,193979.244481289,442580.672411839,출판인쇄업,출판사,2026-05-01 22:31:36,I,03,폐업,,,,2005-02-15 16:14:51,,1978-04-04,151-015,서울특별시 관악구 신림동 ****-**,CDFG1251001978000002,3200000,,서울특별시 관악구 신림로**길 **  (신림동),,03,폐업,,,,,,
,(도)성황석두루가서원,2003-03-14,193727.444975053,442644.322203979,출판인쇄업,출판사,2026-05-01 22:31:37,I,03,폐업,,,,2003-03-14 11:54:33,,1987-11-30,151-015,서울특별시 관악구 신림동 ****-**,CDFG1251001987000002,3200000,,서울특별시 관악구 신림로 ***  (신림동),,03,폐업,,,,,,
,(도)상록,2002-06-26,196522.289119827,441848.449308718,출판인쇄업,출판사,2026-05-01 22:31:37,I,03,폐업,,0,0,2003-02-06 10:47:55,,1987-12-19,151-849,서울특별시 관악구 봉천동 ****-** *층,CDFG1251001987000003,3200000,,"서울특별시 관악구 행운*길 **  (봉천동,*층)",,03,폐업,,,,,0,0
,에덴출판사,2025-01-07,194567.749823229,440976.482644471,출판인쇄업,출판사,2026-05-01 22:31:37,I,03,폐업,,,,2025-01-07 12:48:01,,1987-12-24,151-856,서울특별시 관악구 신림동 ***-**,CDFG1251001987000004,3200000,,서울특별시 관악구 신림로 **  (신림동),,03,폐업,,,,,,
,경기도서,2007-10-01,195063.080430061,442345.36664922,출판인쇄업,출판사,2026-05-01 22:31:37,I,03,폐업,,,,2007-10-01 16:17:22,,1988-02-04,151-843,서울특별시 관악구 봉천동 ***-**,CDFG1251001988000001,3200000,,서울특별시 관악구 봉천로**길 *  (봉천동),,03,폐업,,,,,,
,엘리트문화사,2004-06-03,192893.208817348,442110.343977565,출판인쇄업,출판사,2026-05-01 22:31:37,I,03,폐업,,,,2004-06-03 16:28:57,,1988-02-09,151-899,서울특별시 관악구 신림동 ****-**,CDFG1251001988000002,3200000,,서울특별시 관악구 남부순환로***길 **  (신림동),,03,폐업,,,,,,
,(도)한국생활정보은행사,2001-04-02,193727.444975053,442644.322203979,출판인쇄업,출판사,2026-05-01 22:31:38,I,03,폐업,,0,,2003-02-06 10:47:55,,1988-09-08,151-015,서울특별시 관악구 신림동 ****-** 동아빌딩 ***동,CDFG1251001988000006,3200000,,"서울특별시 관악구 신림로 ***, ***동 (신림동,동아빌딩)",,03,폐업,,,,,,
,(도)대학촌,2003-04-09,194632.681257741,440907.90436778,출판인쇄업,출판사,2026-05-01 22:31:38,I,03,폐업,,,,2003-04-09 15:02:30,,1988-11-19,151-858,서울특별시 관악구 신림동 ***-* 석탑빌딩 *층동,CDFG1251001988000008,3200000,,"서울특별시 관악구 신림로 **, *층동 (신림동,석탑빌딩)",,03,폐업,,,,,,
,(도)함께사는 세상,2002-08-12,191757.6952795,442079.837181122,출판인쇄업,출판사,2026-05-01 22:31:38,I,03,폐업,,0,0,2003-02-06 10:47:55,,1989-03-30,151-877,서울특별시 관악구 신림동 ***-*,CDFG1251001989000002,3200000,,서울특별시 관악구 남부순환로 ****  (신림동),,03,폐업,,,,,0,0
,(도)문덕사,2001-03-30,195445.432424349,442127.015243919,출판인쇄업,출판사,2026-05-01 22:31:38,I,03,폐업,,0,,2003-02-06 10:47:55,,1989-06-03,151-836,서울특별시 관악구 봉천동 ***-* 하바드오피스텔 ***동,CDFG1251001989000004,3200000,,"서울특별시 관악구 남부순환로 ****, ***동 (봉천동,하바드오피스텔)",,03,폐업,,,,,,
,(도)반디,2025-03-28,197436.89654892,441472.608142257,출판인쇄업,출판사,2026-05-01 22:31:38,I,03,폐업,,,,2025-03-28 14:29:33,,1989-06-05,151-926,서울특별시 관악구 남현동 ****-*,CDFG1251001989000005,3200000,,서울특별시 관악구 남부순환로 ****  (남현동),,03,폐업,,,,,,
,(도)21세기어학사,1999-03-30,197766.488912252,441240.004002244,출판인쇄업,출판사,2026-05-01 22:31:38,I,03,폐업,,0,,2003-02-06 10:47:55,,1989-09-05,151-802,서울특별시 관악구 남현동 ****-**,CDFG1251001989000007,3200000,,서울특별시 관악구 남현*길 *  (남현동),,03,폐업,,,,,,
,도서출판 대원교육,2014-01-21,193610.797201552,442281.285348422,출판인쇄업,출판사,2026-05-01 22:32:04,I,03,폐업,,,,2014-01-21 17:58:51,,2005-11-15,151-730,서울특별시 관악구 신림동 ****-** 삼모스포렉스 ****호,CDFG1251002005000072,3200000,,"서울특별시 관악구 신림로**길 **, ****호 (신림동,삼모스포렉스)",,03,폐업,,,,,,
,도서출판 부동산정보사,2014-01-21,193610.797201552,442281.285348422,출판인쇄업,출판사,2026-05-01 22:32:04,I,03,폐업,,,,2014-01-21 17:59:27,,2005-11-15,151-730,서울특별시 관악구 신림동 ****-** 삼모스포렉스 ****호,CDFG1251002005000073,3200000,,"서울특별시 관악구 신림로**길 **, ****호 (신림동,삼모스포렉스)",,03,폐업,,,,,,
,편한생활,2024-07-31,197038.106937782,441252.1711894,출판인쇄업,출판사,2026-05-01 22:32:04,I,03,폐업,,,,2024-07-31 16:36:53,,2005-11-28,151-814,서울특별시 관악구 봉천동 ****-** ***호(인헌**길*),CDFG1251002005000075,3200000,,"서울특별시 관악구 인헌*길 *  (봉천동,***호(인헌**길*))",,03,폐업,,,,02-888-0364,,
,(주)라세,2013-01-25,197731.308064512,441484.672171905,출판인쇄업,출판사,2026-05-01 22:32:04,I,03,폐업,,,,2013-01-25 09:59:36,,2005-12-20,151-802,서울특별시 관악구 남현동 ****-* ***호,CDFG1251002005000078,3200000,,"서울특별시 관악구 남부순환로***길 **, ***호 (남현동)",,03,폐업,,,,,,
,도서출판 와이즈,2014-01-21,194099.750197626,441002.10027233,출판인쇄업,출판사,2026-05-01 22:32:04,I,03,폐업,,,,2014-01-21 15:21:49,,2006-01-02,151-895,서울특별시 관악구 신림동 **** 지하*층,CDFG1251002006000001,3200000,,"서울특별시 관악구 신림로 *** (신림동,지하*층)",,03,폐업,,,,,,
,리얼에듀,2010-08-27,196478.492631065,441710.486386262,출판인쇄업,출판사,2026-05-01 22:32:04,I,03,폐업,,,,2010-08-27 16:15:48,,2006-01-09,151-818,서울특별시 관악구 봉천동 ****-** *층,CDFG1251002006000005,3200000,,"서울특별시 관악구 봉천로 ***  (봉천동,*층)",,03,폐업,,,,,,
,현인출판(賢仁出版),2008-08-07,194201.297157947,442823.221944508,출판인쇄업,출판사,2026-05-01 22:32:04,I,03,폐업,,,,2008-08-07 18:02:47,,2006-01-19,151-050,서울특별시 관악구 봉천동 ***-**,CDFG1251002006000008,3200000,,서울특별시 관악구 봉천로**가길 **  (봉천동),,03,폐업,,,,,,
,서울스피넷,2008-01-25,196139.864969792,439023.167125842,출판인쇄업,출판사,2026-05-01 22:32:04,I,03,폐업,,,,2008-01-25 11:12:01,,2006-01-25,151-015,서울특별시 관악구 신림동 산 **-* 서울대학교 생활협동조합내,CDFG1251002006000012,3200000,,"서울특별시 관악구 관악로 *  (신림동,서울대학교 생활협동조합내)",,03,폐업,,,,,,
,청애출판사,2007-01-19,197200.131674443,441044.225155622,출판인쇄업,출판사,2026-05-01 22:32:04,I,03,폐업,,,,2007-01-19 16:44:07,,2006-02-01,151-814,서울특별시 관악구 봉천동 ***-** 나동 ***호,CDFG1251002006000013,3200000,,"서울특별시 관악구 인헌**길 **, 나동 ***호 (봉천동)",,03,폐업,,,,,,
,씨피게이트,2011-11-22,196139.864969792,439023.167125842,출판인쇄업,출판사,2026-05-01 22:32:04,I,03,폐업,,,,2011-11-22 17:05:21,,2006-02-15,151-015,서울특별시 관악구 신림동 산 **-* 서울대학교생활협동조합 내,CDFG1251002006000016,3200000,,"서울특별시 관악구 관악로 *  (신림동,서울대학교생활협동조합 내)",,03,폐업,,,,,,
,이.플러스,2007-11-01,194305.573341457,441530.794697643,출판인쇄업,출판사,2026-05-01 22:32:04,I,03,폐업,,,,2007-11-01 17:04:45,,2006-02-15,151-866,서울특별시 관악구 신림동 ***-*** *층,CDFG1251002006000017,3200000,,"서울특별시 관악구 신림로 ***-*  (신림동,*층)",,03,폐업,,,,,,
,(주)글로벌오디피,2012-02-22,193871.595804378,442343.290709179,출판인쇄업,출판사,2026-05-01 22:32:04,I,03,폐업,,,,2012-02-22 14:58:21,,2006-02-16,151-930,서울특별시 관악구 신림동 **-* 혜성코쿤프라자 ***호,CDFG1251002006000018,3200000,,"서울특별시 관악구 남부순환로***길 **,  ***호 (신림동,혜성코쿤프라자)",,03,폐업,,,,,,
,Public & PSAT,2007-04-17,194173.966563455,440967.47535987,출판인쇄업,출판사,2026-05-01 22:32:04,I,03,폐업,,,,2007-04-17 10:07:35,,2006-03-15,151-895,서울특별시 관악구 신림동 ****-**,CDFG1251002006000022,3200000,,서울특별시 관악구 신림로 ***  (신림동),,03,폐업,,,,,,
,OK Police,2007-04-17,194173.966563455,440967.47535987,출판인쇄업,출판사,2026-05-01 22:32:04,I,03,폐업,,,,2007-04-17 10:07:03,,2006-03-15,151-895,서울특별시 관악구 신림동 ****-**,CDFG1251002006000023,3200000,,서울특별시 관악구 신림로 ***  (신림동),,03,폐업,,,,,,
,중국비즈니스저널,2021-12-29,195738.565943216,441381.722841201,출판인쇄업,출판사,2026-05-01 22:32:04,I,03,폐업,,,,2021-12-30 09:08:41,,2006-03-17,151-839,서울특별시 관악구 봉천동 ****-*,CDFG1251002006000026,3200000,,서울특별시 관악구 관악로 ***  (봉천동),,03,폐업,,,,,,
,(주)엘이씨에듀넷,2022-12-06,194371.749386706,441227.396706656,출판인쇄업,출판사,2026-05-01 22:32:05,I,03,폐업,,,,2022-12-07 11:25:25,,2006-04-11,151-856,서울특별시 관악구 신림동 ***-** *층,CDFG1251002006000031,3200000,,"서울특별시 관악구 복은*길 **, *층 (신림동)",,03,폐업,,,,02-874-1144,,
,한국산악인국민연대,2014-08-06,193671.349359142,442039.985895904,출판인쇄업,출판사,2026-05-01 22:32:05,I,03,폐업,,,,2014-08-08 09:04:27,,2006-04-13,151-783,서울특별시 관악구 신림동 **** 신림동부아파트 ***동 ***호,CDFG1251002006000034,3200000,,"서울특별시 관악구 신원로 ** (신림동, 신림동부아파트)",,03,폐업,,,,,,
,착한 이웃,2008-03-31,194218.751095211,441670.837733529,출판인쇄업,출판사,2026-05-01 22:32:05,I,03,폐업,,,,2008-03-31 15:28:30,,2006-04-14,151-866,서울특별시 관악구 신림동 ***-***,CDFG1251002006000036,3200000,,서울특별시 관악구 신림로 ***  (신림동),,03,폐업,,,,,,
,아이좋아북,2016-04-27,194835.581939926,442647.980285283,출판인쇄업,출판사,2026-05-01 22:32:05,I,03,폐업,,,,2016-04-28 14:56:27,,2006-04-25,151-843,서울특별시 관악구 봉천동 ***-*,CDFG1251002006000040,3200000,,서울특별시 관악구 은천로 ** (봉천동),,03,폐업,,,,,,
,한라커뮤니케이션,2009-11-20,198061.173643438,441507.053107168,출판인쇄업,출판사,2026-05-01 22:32:05,I,03,폐업,,,,2009-11-20 13:42:08,,2006-05-08,151-800,서울특별시 관악구 남현동 ****-* ***호,CDFG1251002006000042,3200000,,"서울특별시 관악구 남현*길 **,  ***호 (남현동)",,03,폐업,,,,34735141,,
,수험고시연구회,2007-05-28,193817.184227952,442081.371999375,출판인쇄업,출판사,2026-05-01 22:32:05,I,03,폐업,,,,2007-06-07 09:35:19,,2006-05-09,151-853,서울특별시 관악구 신림동 **-** ***호,CDFG1251002006000043,3200000,,"서울특별시 관악구 신림로**가길 *,  ***호 (신림동)",,03,폐업,,,,,,
,(주)스포츠엠아이지,2010-09-27,195778.246373618,441454.951245067,출판인쇄업,출판사,2026-05-01 22:32:05,I,03,폐업,,,,2010-09-27 17:33:34,,2006-05-12,151-835,서울특별시 관악구 봉천동 ****-* 지하,CDFG1251002006000045,3200000,,"서울특별시 관악구 관악로 ***  (봉천동,지하)",,03,폐업,,,,,,
,도서출판 수풀,2014-03-26,192124.872482217,441111.187331377,출판인쇄업,출판사,2026-05-01 22:32:05,I,03,폐업,,,,2014-03-27 14:01:19,,2006-05-30,151-015,서울특별시 관악구 신림동 **** 쌍용상가 ***호,CDFG1251002006000048,3200000,,"서울특별시 관악구 미성길 ***, ***호 (신림동,쌍용상가)",,03,폐업,,,,,,
,아베끄 북(avec book),2023-12-22,194662.575123209,442566.963341207,출판인쇄업,출판사,2026-05-01 22:32:57,I,03,폐업,,,,2023-12-22 14:07:44,,2020-02-14,,서울특별시 관악구 봉천동 ***-* 드림하우스 ***호,CDFG1251002020000016,3200000,,"서울특별시 관악구 봉천로**길 **-*, 드림하우스 ***호 (봉천동)",08749,03,폐업,,,,,,
,도서출판 더드림,2022-11-30,194084.450239268,442406.191125283,출판인쇄업,출판사,2026-05-01 22:32:57,I,03,폐업,,,,2022-12-01 09:26:30,,2016-08-02,,서울특별시 관악구 신림동 **-** ***호,CDFG1251002020000020,3200000,,"서울특별시 관악구 남부순환로***길 **-*, ***호 (신림동)",08779,03,폐업,,,,02-877-9725,,
,길이보인다출판,2020-06-17,193483.672979859,442747.071642558,출판인쇄업,출판사,2026-05-01 22:32:57,I,03,폐업,,,,2020-06-17 15:53:34,,2020-03-24,,서울특별시 관악구 신림동 ****-* 안드레아 ***호,CDFG1251002020000024,3200000,,"서울특별시 관악구 신림동*길 *, 안드레아 ***호 (신림동)",08760,03,폐업,,,,,,
,3D오손도손,2024-12-31,197210.584434172,441394.690149634,출판인쇄업,출판사,2026-05-01 22:32:57,I,03,폐업,,,,2024-12-31 13:17:58,,2020-04-10,,서울특별시 관악구 봉천동 ****-** ***호,CDFG1251002020000026,3200000,,"서울특별시 관악구 인헌*길 **-*, ***호 (봉천동)",08794,03,폐업,,,,,,
,이로운북,2025-05-01,194347.983345294,440288.878370392,출판인쇄업,출판사,2026-05-01 22:32:57,I,03,폐업,,,,2025-05-01 13:19:38,,2020-04-20,,서울특별시 관악구 신림동 ***-*** 월드빌 ***호,CDFG1251002020000028,3200000,,"서울특별시 관악구 대학**길 **, 월드빌 ***호 (신림동)",08820,03,폐업,,,,,,
,도서출판 사라지니,2024-05-21,197651.512567906,441464.175993234,출판인쇄업,출판사,2026-05-01 22:32:58,I,03,폐업,,,,2024-05-21 16:47:36,,2020-05-27,,서울특별시 관악구 남현동 ****-** ***호,CDFG1251002020000041,3200000,,"서울특별시 관악구 남현*길 **, ***호 (남현동)",08804,03,폐업,,,,,,
,글쓰는 연우,2025-06-26,193293.102033384,442020.983734224,출판인쇄업,출판사,2026-05-01 22:32:58,I,03,폐업,,,,2025-06-27 09:01:47,,2020-06-08,,서울특별시 관악구 신림동 ****-* ***호,CDFG1251002020000047,3200000,,"서울특별시 관악구 남부순환로***라길 *, ***호 (신림동)",08774,03,폐업,,,,,,
,슈톨렌,2022-04-04,194721.257887929,442612.51608341,출판인쇄업,출판사,2026-05-01 22:32:58,I,03,폐업,,,,2022-04-04 16:51:13,,2020-06-25,,서울특별시 관악구 봉천동 ***-* ***호,CDFG1251002020000051,3200000,,"서울특별시 관악구 봉천로**길 **, ***호 (봉천동)",08750,03,폐업,,,,,,
,아이티(IT)로고스66,2023-05-22,193746.833837509,442510.775085572,출판인쇄업,출판사,2026-05-01 22:32:58,I,03,폐업,,,,2023-05-22 11:31:37,,2020-06-30,,서울특별시 관악구 신림동 ****-* 르네상스복합쇼핑몰 *층 A***호,CDFG1251002020000054,3200000,,"서울특별시 관악구 신림로 ***, 르네상스복합쇼핑몰 *층 A***호 (신림동)",08754,03,폐업,,,,,,
,공부글방,2022-10-19,195820.484507172,442141.85108667,출판인쇄업,출판사,2026-05-01 22:32:58,I,03,폐업,,,,2022-10-19 18:11:19,,2020-07-21,,서울특별시 관악구 봉천동 ***-* WD세븐스 ****호,CDFG1251002020000063,3200000,,"서울특별시 관악구 관악로 ***, WD세븐스 ****호 (봉천동)",08738,03,폐업,,,,,,
,대학동컴퍼니,2021-06-25,194840.641097415,440674.970316621,출판인쇄업,출판사,2026-05-01 22:32:58,I,03,폐업,,,,2021-06-25 13:07:26,,2020-08-25,,서울특별시 관악구 신림동 ***-** ***호,CDFG1251002020000073,3200000,,"서울특별시 관악구 신림로*가길 **-**, ***호 (신림동)",08816,03,폐업,,,,,,
,JKH,2023-01-27,195563.161650411,443064.437566493,출판인쇄업,출판사,2026-05-01 22:32:58,I,03,폐업,,,,2023-01-27 14:43:35,,2020-09-17,,서울특별시 관악구 봉천동 **** 관악드림타운아파트 ***동 ****호,CDFG1251002020000077,3200000,,"서울특별시 관악구 성현로 **, ***동 ****호 (봉천동, 관악드림타운아파트)",08725,03,폐업,,,,,,
,아리출판사,2021-12-17,193406.209736231,441793.155084414,출판인쇄업,출판사,2026-05-01 22:32:59,I,03,폐업,,,,2021-12-17 17:29:50,,2020-11-09,,서울특별시 관악구 신림동 ****-** 유엔타운 ***호,CDFG1251002020000086,3200000,일반주거지역,"서울특별시 관악구 문성로**가길 **, 유엔타운 ***호 (신림동)",08842,03,폐업,,,,,,
,규로벌(GYUROBAL),2023-11-27,195008.412079104,442485.380876196,출판인쇄업,출판사,2026-05-01 22:32:59,I,03,폐업,,,,2023-11-27 12:41:06,,2020-12-17,,서울특별시 관악구 봉천동 ***-** ***호,CDFG1251002020000090,3200000,,"서울특별시 관악구 봉천로**가길 *-*, *층 ***호 (봉천동)",08752,03,폐업,,,,,,
,미로드(Me_road),2022-02-10,193207.281477521,442164.890543145,출판인쇄업,출판사,2026-05-01 22:33:00,I,03,폐업,,,,2022-02-10 17:55:07,,2018-12-14,,서울특별시 관악구 신림동 ****-** 세진해피룸* ***호,CDFG1251002021000008,3200000,,"서울특별시 관악구 남부순환로***길 **, 세진해피룸* ***호 (신림동)",08773,03,폐업,,,,,,
,늘솜,2021-09-29,192959.429527362,439946.302906409,출판인쇄업,출판사,2026-05-01 22:33:00,I,03,폐업,,,,2021-09-29 12:47:38,,2021-02-03,,서울특별시 관악구 신림동 ****-* 관악산휴먼시아아파트 ***동 ****호,CDFG1251002021000009,3200000,,"서울특별시 관악구 난곡로 **, ***동 ****호 (신림동, 관악산휴먼시아아파트)",08861,03,폐업,,,,,,
,도가(道稼),2024-12-19,195635.738009117,442172.892032644,출판인쇄업,출판사,2026-05-01 22:33:00,I,03,폐업,,,,2024-12-19 15:01:32,,2013-08-28,,서울특별시 관악구 봉천동 ***-** 신원메트로빌 ****호,CDFG1251002021000014,3200000,,"서울특별시 관악구 남부순환로 ****, 신원메트로빌 ****호 (봉천동)",08758,03,폐업,,,,02-6085-9433,,
,아나키북,2024-05-02,197756.310603541,441246.525561307,출판인쇄업,출판사,2026-05-01 22:33:00,I,03,폐업,,,,2024-05-02 15:58:47,,2018-01-03,,서울특별시 관악구 남현동 ****-** ***호,CDFG1251002021000030,3200000,,"서울특별시 관악구 남현*길 *, ***호 (남현동)",08804,03,폐업,,,,,,
,주식회사 트니월드,2021-09-29,193350.027022729,443216.750634836,출판인쇄업,출판사,2026-05-01 22:33:01,I,03,폐업,,,,2021-09-29 18:04:48,,2019-06-07,,서울특별시 관악구 봉천동 ***-** 대교타워,CDFG1251002021000037,3200000,,"서울특별시 관악구 보라매로*길 **, 대교타워 *층 (봉천동)",08708,03,폐업,,,,,,
,비온북스,2023-07-13,194215.405004648,440479.265448022,출판인쇄업,출판사,2026-05-01 22:33:01,I,03,폐업,,,,2023-07-13 13:59:31,,2021-05-06,,서울특별시 관악구 신림동 ***-*** 덕현 ***호,CDFG1251002021000039,3200000,,"서울특별시 관악구 호암로**길 **-**, 덕현 ***호 (신림동)",08820,03,폐업,,,,,,
,다양한학습자를위한 주식회사,2022-11-25,195518.935109631,441956.721064453,출판인쇄업,출판사,2026-05-01 22:33:01,I,03,폐업,,,,2022-11-25 16:47:47,,2021-06-04,,서울특별시 관악구 봉천동 ***-* ***호,CDFG1251002021000049,3200000,,"서울특별시 관악구 남부순환로***길 **, ***호 (봉천동)",08786,03,폐업,,,,,,
,주식회사 리브모어,2021-12-31,198198.567542827,441427.772525344,출판인쇄업,출판사,2026-05-01 22:33:01,I,03,폐업,,,,2022-01-21 17:21:39,,2021-06-23,,서울특별시 관악구 남현동 ***-**,CDFG1251002021000054,3200000,,"서울특별시 관악구 승방*길 **, *층 (남현동)",08807,03,폐업,,,,02-582-0448,,
,도서출판거목,,,,출판인쇄업,출판사,2026-05-01 22:43:41,I,13,영업중,,0,0,2006-04-10 10:20:16,,1988-10-21,110-092,서울특별시 종로구 홍파동 **-* *층,CDFG1251001988000142,3000000,,"서울특별시 종로구 송월길 ***-*  (홍파동,*층)",,01,영업/정상,,,,02-739-0989,0,0
,시간과공간사,,196787.886795213,451814.424196043,출판인쇄업,출판사,2026-05-01 22:43:41,I,31,등록취소,,0,,2003-02-07 09:13:27,,1988-11-16,110-100,서울특별시 종로구 교남동 ** 덕산빌딩***호,CDFG1251001988000144,3000000,,"서울특별시 종로구 통일로 ***  (교남동,덕산빌딩***호)",,04,취소/말소/만료/정지/중지,,,,32724546,,
,눈빛,,197695.669525769,452110.487747195,출판인쇄업,출판사,2026-05-01 22:43:41,I,31,등록취소,,0,,2003-02-07 09:13:27,,1988-11-16,110-071,서울특별시 종로구 당주동 **,CDFG1251001988000146,3000000,,서울특별시 종로구 새문안로*길 **-*  (당주동),,04,취소/말소/만료/정지/중지,,,,,,
,참빛미디어,,197460.71566221,452124.30251945,출판인쇄업,출판사,2026-05-01 22:43:41,I,13,영업중,,0,,2003-02-07 09:13:27,,1988-11-21,110-062,서울특별시 종로구 신문로*가 *-***,CDFG1251001988000147,3000000,,서울특별시 종로구 경희궁길 **  (신문로*가),,01,영업/정상,,,,,,
,상훈편찬회,,198565.677043996,452670.232135872,출판인쇄업,출판사,2026-05-01 22:43:41,I,31,등록취소,,0,0,2003-02-07 09:13:27,,1988-12-08,110-240,서울특별시 종로구 안국동 ***-* 한국걸스카우트 ***,CDFG1251001988000151,3000000,,"서울특별시 종로구 율곡로 **  (안국동,한국걸스카우트 ***)",,04,취소/말소/만료/정지/중지,,,,,0,0
,대흥기획,,198295.846730071,452321.088038609,출판인쇄업,출판사,2026-05-01 22:43:41,I,13,영업중,,0,,2003-02-07 09:13:27,,1988-12-19,110-140,서울특별시 종로구 수송동 **-**,CDFG1251001988000152,3000000,,서울특별시 종로구 우정국로 **-**  (수송동),,01,영업/정상,,,,,,
,문학통신,,,,출판인쇄업,출판사,2026-05-01 22:43:41,I,13,영업중,,0,,2003-02-07 09:13:27,,1988-12-22,110-121,서울특별시 종로구 종로*가 **-* 대광빌딩***호,CDFG1251001988000153,3000000,,,,01,영업/정상,,,,,,
,계수사,,,,출판인쇄업,출판사,2026-05-01 22:43:41,I,13,영업중,,0,,2003-02-07 09:13:27,,1988-12-29,,서울특별시 종로구  *-* 필동*가**-** 일신빌딩***호,CDFG1251001988000155,3000000,,,,01,영업/정상,,,,,,
,가톨릭대학교 출판부,,200306.394323174,453747.650814956,출판인쇄업,출판사,2026-05-01 22:43:41,I,13,영업중,,,,2025-01-03 13:39:55,,1989-01-12,110-530,서울특별시 종로구 혜화동 **-*,CDFG1251001989000001,3000000,,서울특별시 종로구 창경궁로 ***-** (혜화동),,01,영업/정상,,,,,,
,도서출판한국문화사,,201214.620228217,452180.406567952,출판인쇄업,출판사,2026-05-01 22:43:41,I,31,등록취소,,0,0,2003-02-07 09:13:27,,1989-01-12,110-841,서울특별시 종로구 창신동 ***-**,CDFG1251001989000003,3000000,,서울특별시 종로구 종로**길 *-**  (창신동),,04,취소/말소/만료/정지/중지,,,,,0,0
,중앙노동연구소,,199826.205827729,452259.300048914,출판인쇄업,출판사,2026-05-01 22:43:41,I,13,영업중,,,,2013-12-10 16:58:05,,1989-01-19,110-410,서울특별시 종로구 인의동 **-**,CDFG1251001989000006,3000000,,서울특별시 종로구 종로**길 ** (인의동),,01,영업/정상,,,,,,
,국제전산정보시스템,,,,출판인쇄업,출판사,2026-05-01 22:43:41,I,13,영업중,,0,,2003-02-07 09:13:27,,1989-02-03,110-825,서울특별시 종로구 숭인동 ***-** 연금빌딩***호,CDFG1251001989000008,3000000,,,,01,영업/정상,,,,,,
,도서출판 운주사,,198242.368587188,452205.540538623,출판인쇄업,출판사,2026-05-01 22:43:41,I,31,등록취소,,0,0,2003-02-07 09:13:27,,1989-02-17,110-130,서울특별시 종로구 청진동 *-* 대명빌딩 *층,CDFG1251001989000009,3000000,,"서울특별시 종로구 삼봉로 **  (청진동,대명빌딩 *층)",,04,취소/말소/만료/정지/중지,,,,,0,0
,고요한소리출판사,,198531.688800876,452432.398876454,출판인쇄업,출판사,2026-05-01 22:43:41,I,13,영업중,,0,,2016-04-12 09:56:25,,1989-02-18,110-300,서울특별시 종로구 관훈동 ***,CDFG1251001989000010,3000000,,서울특별시 종로구 인사동길 **-* (관훈동),,01,영업/정상,,,,,,
,경영출판문화사,,198698.307920951,452102.806858729,출판인쇄업,출판사,2026-05-01 22:43:41,I,13,영업중,,0,,2003-02-07 09:13:27,,1989-02-27,110-290,서울특별시 종로구 인사동 ***-*,CDFG1251001989000012,3000000,,서울특별시 종로구 종로**길 **  (인사동),,01,영업/정상,,,,,,
,동남출판사,,200275.07478465,452339.536663625,출판인쇄업,출판사,2026-05-01 22:43:41,I,13,영업중,,0,0,2003-02-07 09:13:27,,1989-03-18,110-850,서울특별시 종로구 효제동 ***-*,CDFG1251001989000016,3000000,,서울특별시 종로구 김상옥로 **  (효제동),,01,영업/정상,,,,,0,0
,삼성문화,,199968.988259009,452712.279992113,출판인쇄업,출판사,2026-05-01 22:43:41,I,13,영업중,,0,0,2013-12-10 16:59:50,,1989-03-20,110-460,서울특별시 종로구 연건동 ***-* ***호,CDFG1251001989000017,3000000,,"서울특별시 종로구 율곡로**길 **, ***호 (연건동)",,01,영업/정상,,,,02-745-0311,0,0
,미덕문화사,,201333.746164991,452738.954838855,출판인쇄업,출판사,2026-05-01 22:43:41,I,13,영업중,,0,0,2003-02-07 09:13:27,,1989-04-19,110-823,서울특별시 종로구 숭인동 **-** 동원빌딩***,CDFG1251001989000019,3000000,,"서울특별시 종로구 지봉로**길 *  (숭인동,동원빌딩***)",,01,영업/정상,,,,,0,0
,(도)태성,2018-12-26,192181.744843828,442470.607004283,출판인쇄업,출판사,2026-05-01 22:31:38,I,03,폐업,,,,2018-12-26 10:23:40,,1989-12-05,151-876,서울특별시 관악구 신림동 ***-* *층,CDFG1251001989000008,3200000,,"서울특별시 관악구 조원로 ** (신림동,*층)",,03,폐업,,,,,,
,(도)정문사,2022-03-23,194408.214483606,440998.894144879,출판인쇄업,출판사,2026-05-01 22:31:38,I,03,폐업,,,,2022-03-23 09:55:41,,1989-12-26,151-856,서울특별시 관악구 신림동 ***-* 운용빌딩 *층동,CDFG1251001989000009,3200000,,"서울특별시 관악구 신림로 ***, *층동 (신림동,운용빌딩)",,03,폐업,,,,,,
,서연,2022-02-04,195747.612370379,441645.376154781,출판인쇄업,출판사,2026-05-01 22:31:38,I,03,폐업,,,,2022-02-04 13:24:23,,1990-01-16,151-835,서울특별시 관악구 봉천동 ****-**,CDFG1251001990000001,3200000,,서울특별시 관악구 관악로 *** (봉천동),,03,폐업,,,,,,
,(주)대교출판,2001-07-30,193350.027022729,443216.750634836,출판인쇄업,출판사,2026-05-01 22:31:38,I,03,폐업,,0,0,2003-02-06 10:47:55,,1990-01-22,151-830,서울특별시 관악구 봉천동 ***-** 눈높이보라매센터,CDFG1251001990000002,3200000,,"서울특별시 관악구 보라매로*길 **  (봉천동,눈높이보라매센터)",,03,폐업,,,,,0,0
,(도)유한사,2003-04-09,193070.386561165,442413.311566454,출판인쇄업,출판사,2026-05-01 22:31:38,I,03,폐업,,,,2003-04-09 14:57:12,,1990-06-18,151-893,서울특별시 관악구 신림동 ***-*,CDFG1251001990000003,3200000,,서울특별시 관악구 관천로**길 **  (신림동),,03,폐업,,,,,,
,(도)한성문화/NH고시,2020-08-18,192143.859071089,442388.876449801,출판인쇄업,출판사,2026-05-01 22:31:39,I,03,폐업,,,,2020-08-18 13:04:53,,1990-08-02,,서울특별시 관악구 신림동 ***-** 진하우스 지하*층,CDFG1251001990000005,3200000,,"서울특별시 관악구 조원로**길 **, 지하*층 (신림동, 진하우스)",08767,03,폐업,,,,02-851-5883,,
,(도)사회문화연구소출판부,2014-03-25,193610.797201552,442281.285348422,출판인쇄업,출판사,2026-05-01 22:31:39,I,03,폐업,,,,2014-03-25 17:11:05,,1990-11-05,151-930,서울특별시 관악구 신림동 ****-** 삼모오피스텔 ****호,CDFG1251001990000007,3200000,,"서울특별시 관악구 신림로**길 **, ****호 (신림동,삼모오피스텔)",,03,폐업,,,,,,
,도서출판 멜기세덱,2000-11-02,196393.134899958,441773.518268874,출판인쇄업,출판사,2026-05-01 22:31:39,I,03,폐업,,0,0,2003-02-06 10:47:55,,1990-11-20,151-818,서울특별시 관악구 봉천동 ****-* *층,CDFG1251001990000008,3200000,,"서울특별시 관악구 남부순환로 ****  (봉천동,*층)",,03,폐업,,,,,0,0
,(도)태학관,2007-08-10,194039.483880851,441051.058359924,출판인쇄업,출판사,2026-05-01 22:31:39,I,03,폐업,,,,2007-08-10 13:48:00,,1990-11-20,151-862,서울특별시 관악구 신림동 ****-* *층,CDFG1251001990000009,3200000,,"서울특별시 관악구 신림로 ***  (신림동,*층)",,03,폐업,,,,,,
,(도)문호출판사,2003-04-09,192989.64163262,442412.539185112,출판인쇄업,출판사,2026-05-01 22:31:39,I,03,폐업,,,,2003-04-09 14:30:23,,1991-05-24,151-893,서울특별시 관악구 신림동 ***-**,CDFG1251001991000001,3200000,,서울특별시 관악구 남부순환로***길 *  (신림동),,03,폐업,,,,,,
,(도)반도문화사,2005-10-25,193723.699855957,442892.304620941,출판인쇄업,출판사,2026-05-01 22:31:39,I,03,폐업,,,,2005-10-25 16:34:03,,1991-05-28,151-891,서울특별시 관악구 신림동 ****-*,CDFG1251001991000002,3200000,,서울특별시 관악구 봉천로 ***  (신림동),,03,폐업,,,,,,
,도서출판(곰),2000-02-26,196039.722488645,441715.99676525,출판인쇄업,출판사,2026-05-01 22:31:39,I,03,폐업,,0,0,2003-02-06 10:47:55,,1991-05-30,151-848,서울특별시 관악구 봉천동 ****-** 지하,CDFG1251001991000003,3200000,,"서울특별시 관악구 관악로**길 **  (봉천동,지하)",,03,폐업,,,,,0,0
,(도)부문각,2001-04-13,193573.778871074,442872.112475411,출판인쇄업,출판사,2026-05-01 22:31:39,I,03,폐업,,0,,2003-02-06 10:47:55,,1991-06-05,151-891,서울특별시 관악구 신림동 ****-**,CDFG1251001991000004,3200000,,서울특별시 관악구 신림로 ***  (신림동),,03,폐업,,,,,,
,알곡신앙운동,2000-01-17,195445.432424349,442127.015243919,출판인쇄업,출판사,2026-05-01 22:31:39,I,03,폐업,,0,,2003-02-06 10:47:55,,1991-08-07,151-836,서울특별시 관악구 봉천동 ***-* 하바드오피스텔 ****동,CDFG1251001991000005,3200000,,"서울특별시 관악구 남부순환로 ****, ****동 (봉천동,하바드오피스텔)",,03,폐업,,,,,,
,(도)한국문예사,2006-12-19,195888.192100225,442019.999681675,출판인쇄업,출판사,2026-05-01 22:31:39,I,03,폐업,,,,2006-12-19 15:09:39,,1992-01-24,151-835,서울특별시 관악구 봉천동 ****-* 계림빌딩 ***동,CDFG1251001992000001,3200000,,"서울특별시 관악구 남부순환로 ****, ***동 (봉천동,계림빌딩)",,03,폐업,,,,,,
,도서출판 평연사,2002-03-28,195943.26075716,442652.618783641,출판인쇄업,출판사,2026-05-01 22:31:40,I,03,폐업,,0,,2003-02-06 10:47:55,,1992-06-16,151-805,서울특별시 관악구 봉천동 **-*** *층,CDFG1251001992000003,3200000,,"서울특별시 관악구 은천로 ***  (봉천동,*층)",,03,폐업,,,,,,
,(도)서울,2024-04-01,196380.664022353,441331.774432456,출판인쇄업,출판사,2026-05-01 22:31:40,I,03,폐업,,0,0,2024-04-01 15:45:53,,1992-07-29,151-818,서울특별시 관악구 봉천동 ***-* 서울순복음교회,CDFG1251001992000005,3200000,,"서울특별시 관악구 낙성대로*길 **  (봉천동,서울순복음교회)",,03,폐업,,,,,0,0
,(도)찬섬기획,2000-03-17,195582.349110619,442179.35745429,출판인쇄업,출판사,2026-05-01 22:31:40,I,03,폐업,,0,,2003-02-06 10:47:55,,1992-08-08,151-822,서울특별시 관악구 봉천동 ***-** *층,CDFG1251001992000006,3200000,,"서울특별시 관악구 남부순환로 ****  (봉천동,*층)",,03,폐업,,,,,,
,KOREA SCHOLARS PRESS,2007-03-07,195445.432424349,442127.015243919,출판인쇄업,출판사,2026-05-01 22:31:40,I,03,폐업,,,,2007-03-07 12:10:20,,1992-08-19,151-836,서울특별시 관악구 봉천동 ***-* 하바드오피스텔 *층동 *호호,CDFG1251001992000007,3200000,,"서울특별시 관악구 남부순환로 ****, *층동 *호호 (봉천동,하바드오피스텔)",,03,폐업,,,,,,
,(도)상생출판사,2003-04-09,191378.311115934,442389.898444009,출판인쇄업,출판사,2026-05-01 22:31:40,I,03,폐업,,,,2003-04-09 15:01:20,,1992-10-14,151-902,서울특별시 관악구 신림동 ****-* 대인빌딩 *층동,CDFG1251001992000009,3200000,,"서울특별시 관악구 조원로 *, *층동 (신림동,대인빌딩)",,03,폐업,,,,,,
,(도)국제법출판사,2000-02-29,195424.647092152,442199.125536009,출판인쇄업,출판사,2026-05-01 22:31:40,I,03,폐업,,0,,2003-02-06 10:47:55,,1993-04-07,151-837,서울특별시 관악구 봉천동 ***-**,CDFG1251001993000001,3200000,,서울특별시 관악구 남부순환로 ****  (봉천동),,03,폐업,,,,,,
,(주)유아이보육경영,2007-10-18,196461.877883079,441740.147864529,출판인쇄업,출판사,2026-05-01 22:32:05,I,03,폐업,,,,2007-10-18 16:37:32,,2006-06-02,151-818,서울특별시 관악구 봉천동 ****-* 에덴오피스텔 ***호,CDFG1251002006000049,3200000,,"서울특별시 관악구 남부순환로 ****,  ***호 (봉천동,에덴오피스텔)",,03,폐업,,,,070-7018-0111,,
,도서출판 우산,2007-11-29,197521.119267725,441320.997520315,출판인쇄업,출판사,2026-05-01 22:32:05,I,03,폐업,,,,2007-11-29 19:13:49,,2006-07-12,151-802,서울특별시 관악구 남현동 ****-**,CDFG1251002006000056,3200000,,서울특별시 관악구 남부순환로***길 **  (남현동),,03,폐업,,,,,,
,서비스경영연구소,2023-03-09,192539.607945238,442951.282096096,출판인쇄업,출판사,2026-05-01 22:32:05,I,03,폐업,,,,2023-03-09 15:27:38,,2006-07-12,151-871,서울특별시 관악구 신림동 ***-** 지하,CDFG1251002006000058,3200000,,"서울특별시 관악구 신사로 *** (신림동,지하)",,03,폐업,,,,,,
,(주)레즈코,2007-05-29,194396.646880351,442661.490899376,출판인쇄업,출판사,2026-05-01 22:32:05,I,03,폐업,,,,2007-05-29 16:52:45,,2006-07-19,151-050,서울특별시 관악구 봉천동 ***-* 장봉빌딩 *층,CDFG1251002006000059,3200000,,"서울특별시 관악구 은천로 **  (봉천동,장봉빌딩 *층)",,03,폐업,,,,,,
,도서출판 바른길,2025-11-03,193952.220907621,441961.023839521,출판인쇄업,출판사,2026-05-01 22:32:05,I,03,폐업,,,,2025-11-04 10:33:30,,2006-08-14,151-853,서울특별시 관악구 신림동 **-**,CDFG1251002006000061,3200000,,서울특별시 관악구 신림로**길 **  (신림동),,03,폐업,,,,,,
,도서출판 금붕어,2014-11-21,193910.163334801,439858.509246791,출판인쇄업,출판사,2026-05-01 22:32:05,I,03,폐업,,,,2014-11-21 13:22:06,,2006-08-14,151-863,서울특별시 관악구 신림동 ***-***,CDFG1251002006000062,3200000,,서울특별시 관악구 호암로 *** (신림동),,03,폐업,,,,,,
,본디올(주),2007-04-04,196653.908912407,441720.428445766,출판인쇄업,출판사,2026-05-01 22:32:05,I,03,폐업,,,,2007-04-04 15:41:48,,2006-08-31,151-812,서울특별시 관악구 봉천동 ****-** *층,CDFG1251002006000064,3200000,,"서울특별시 관악구 남부순환로 ****-*  (봉천동,*층)",,03,폐업,,,,,,
,도서출판 법우사,2023-02-06,195852.166565331,442216.54061158,출판인쇄업,출판사,2026-05-01 22:32:05,I,03,폐업,,,,2023-02-06 15:37:54,,2006-09-04,,서울특별시 관악구 봉천동 ***-** *층,CDFG1251002006000066,3200000,,"서울특별시 관악구 봉천로 ***, *층 (봉천동, 삼우빌딩)",08737,03,폐업,,,,,,
,도서출판 학진사,2008-08-08,194198.474541839,440687.106182928,출판인쇄업,출판사,2026-05-01 22:32:05,I,03,폐업,,,,2009-01-22 11:38:08,,2006-09-13,151-897,서울특별시 관악구 신림동 ****-* *층,CDFG1251002006000069,3200000,,"서울특별시 관악구 신림로**길 **-*  (신림동,*층)",,03,폐업,,,,,,
,도서출판 알레데이아,2007-02-20,193151.895050929,442515.940128204,출판인쇄업,출판사,2026-05-01 22:32:06,I,03,폐업,,,,2007-02-21 09:38:43,,2006-10-17,151-893,서울특별시 관악구 신림동 ***-** ***호,CDFG1251002006000076,3200000,,"서울특별시 관악구 남부순환로***길 **,  ***호 (신림동)",,03,폐업,,,,,,
,圖書出版 大明,2016-03-14,198045.226579748,441532.901633561,출판인쇄업,출판사,2026-05-01 22:32:06,I,03,폐업,,,,2016-03-14 16:47:13,,2006-12-01,151-800,서울특별시 관악구 남현동 ****-** 동남빌딩 ***호,CDFG1251002006000081,3200000,,"서울특별시 관악구 남현*길 **, ***호 (남현동,동남빌딩)",,03,폐업,,,,,,
,MSD,2007-04-23,196664.276957944,441702.736700471,출판인쇄업,출판사,2026-05-01 22:32:06,I,03,폐업,,,,2007-04-23 13:45:08,,2006-12-05,151-812,서울특별시 관악구 봉천동 ****-** 신성빌딩 *층,CDFG1251002006000083,3200000,,"서울특별시 관악구 남부순환로 ****  (봉천동,신성빌딩 *층)",,03,폐업,,,,62053430,,
,(주)고담엔텍,2008-02-22,193970.361812222,439846.834428233,출판인쇄업,출판사,2026-05-01 22:32:06,I,03,폐업,,,,2008-02-22 09:58:03,,2006-12-07,151-863,서울특별시 관악구 신림동 ***-**,CDFG1251002006000084,3200000,,서울특별시 관악구 약수암길 **-**  (신림동),,03,폐업,,,,,,
,정직과 딸기,2008-01-30,194227.378948626,440600.656969369,출판인쇄업,출판사,2026-05-01 22:32:06,I,03,폐업,,,,2008-01-30 14:09:57,,2007-01-03,151-897,서울특별시 관악구 신림동 ****-*,CDFG1251002007000003,3200000,,서울특별시 관악구 신림로**길 **  (신림동),,03,폐업,,,,,,
,(주)논리와 비판,2025-02-13,194701.837099607,440904.705948101,출판인쇄업,출판사,2026-05-01 22:32:06,I,03,폐업,,,1,2025-02-20 11:27:25,,2007-01-09,151-858,서울특별시 관악구 신림동 ***-* *층,CDFG1251002007000004,3200000,,"서울특별시 관악구 신림로 **  (신림동,*층)",,03,폐업,,,,02-874-3995,,
,e-좋은아이,2019-03-28,193545.593415385,439853.488919065,출판인쇄업,출판사,2026-05-01 22:32:06,I,03,폐업,,,,2019-03-28 10:23:39,,2007-01-22,151-015,서울특별시 관악구 신림동 **** 국제산장아파트 상가 *층 ***호,CDFG1251002007000006,3200000,,"서울특별시 관악구 호암로 ***, ***호 (신림동,국제산장아파트 상가 *층)",,03,폐업,,,,,,
,도서출판 해와달,2017-12-29,195768.030296544,441544.945887452,출판인쇄업,출판사,2026-05-01 22:32:06,I,03,폐업,,,,2017-12-29 20:50:21,,2007-02-01,151-835,서울특별시 관악구 봉천동 ****-* ***호,CDFG1251002007000010,3200000,,"서울특별시 관악구 관악로 ***, ***호 (봉천동)",,03,폐업,,,,,,
,하이얼,2011-07-06,195445.432424349,442127.015243919,출판인쇄업,출판사,2026-05-01 22:32:06,I,03,폐업,,,,2011-08-16 18:01:30,,2007-02-05,151-836,서울특별시 관악구 봉천동 ***-* 하바드오피스텔 ***호,CDFG1251002007000011,3200000,,"서울특별시 관악구 남부순환로 ****,  ***호 (봉천동,하바드오피스텔)",,03,폐업,,,,,,
,우리들 미디어,2011-08-10,196384.544308046,442822.980265735,출판인쇄업,출판사,2026-05-01 22:32:06,I,03,폐업,,,,2011-08-18 16:49:47,,2007-02-20,151-050,서울특별시 관악구 봉천동 ****-* 관악푸르지오 상가동 ***호,CDFG1251002007000014,3200000,,"서울특별시 관악구 청림*길 *, 상가동 ***호 (봉천동,관악푸르지오)",,03,폐업,,,,,,
,정산,2008-08-07,196262.401716624,442139.052135885,출판인쇄업,출판사,2026-05-01 22:32:06,I,03,폐업,,,,2008-08-07 19:06:51,,2007-02-20,151-813,서울특별시 관악구 봉천동 **-* 럭스빌 ***호,CDFG1251002007000015,3200000,,"서울특별시 관악구 행운*라길 **,  ***호 (봉천동,럭스빌)",,03,폐업,,,,,,
,현대정보문화사,2015-09-18,192827.804683408,442491.681443795,출판인쇄업,출판사,2026-05-01 22:32:06,I,03,폐업,,,,2015-09-18 17:58:25,,2007-02-21,151-015,서울특별시 관악구 신림동 ***-* *층,CDFG1251002007000016,3200000,,"서울특별시 관악구 남부순환로***길 ** (신림동,*층)",,03,폐업,,,,,,
,오빌,2010-05-03,194990.338392883,442099.376318024,출판인쇄업,출판사,2026-05-01 22:32:06,I,03,폐업,,,2,2010-05-03 19:24:08,,2007-02-28,151-842,서울특별시 관악구 봉천동 ***-** *층(다사롬길***),CDFG1251002007000019,3200000,,"서울특별시 관악구 청룡*길 **  (봉천동,*층(다사롬길***))",,03,폐업,,,,,3,1
,진현출판사,2019-03-20,193122.668945301,442306.947522569,출판인쇄업,출판사,2026-05-01 22:32:06,I,03,폐업,,,,2019-03-20 11:33:41,,2007-03-13,151-869,서울특별시 관악구 신림동 ****-**,CDFG1251002007000022,3200000,,서울특별시 관악구 남부순환로***길 *-* (신림동),,03,폐업,,,,,,
,도서출판 솜동,2022-03-03,195699.048165616,442163.096072075,출판인쇄업,출판사,2026-05-01 22:33:01,I,03,폐업,,,,2022-03-03 13:56:05,,2021-07-22,,서울특별시 관악구 봉천동 ***-* Q타워 ****호,CDFG1251002021000061,3200000,,"서울특별시 관악구 남부순환로 ****, Q타워 ****호 (봉천동)",08758,03,폐업,,,,,,
,가나안출판사,2022-06-27,196214.85780253,442780.470789265,출판인쇄업,출판사,2026-05-01 22:33:02,I,03,폐업,,,,2022-06-27 14:52:34,,2002-04-20,,서울특별시 관악구 봉천동 **-** 에스클래스 ***호,CDFG1251002021000071,3200000,,"서울특별시 관악구 관악로 ***, ***호 (봉천동, 에스클래스)",08733,03,폐업,,,,,,
,스튜디오 봉수,2023-01-20,196538.030507567,441263.421470639,출판인쇄업,출판사,2026-05-01 22:33:02,I,03,폐업,,,,2023-01-20 16:28:55,,2021-09-13,,서울특별시 관악구 봉천동 ****-** 선경 ***호,CDFG1251002021000073,3200000,,"서울특별시 관악구 낙성대역*길 **, 선경 ***호 (봉천동)",08799,03,폐업,,,,,,
,한국장건강연구소,2023-02-23,192794.957913635,441395.950514674,출판인쇄업,출판사,2026-05-01 22:33:02,I,03,폐업,,,,2023-02-23 14:15:38,,2021-09-15,,서울특별시 관악구 신림동 ***-**,CDFG1251002021000075,3200000,,서울특별시 관악구 법원단지*길 * (신림동),08850,03,폐업,,,,,,
,에듀버스 잉글리쉬,2024-12-16,195563.161650411,443064.437566493,출판인쇄업,출판사,2026-05-01 22:33:02,I,03,폐업,,,,2024-12-16 17:15:53,,2021-09-15,,서울특별시 관악구 봉천동 **** 관악드림타운아파트 ***동 ****호,CDFG1251002021000076,3200000,,"서울특별시 관악구 성현로 **, ***층 ****호 (봉천동, 관악드림타운아파트)",08725,03,폐업,,,,,,
,에스카사,2023-12-06,196311.184136283,441969.261952037,출판인쇄업,출판사,2026-05-01 22:33:02,I,03,폐업,,,,2023-12-06 11:30:20,,2019-07-31,,서울특별시 관악구 봉천동 ****-** ***호,CDFG1251002021000081,3200000,,"서울특별시 관악구 행운길 **, ***호 (봉천동)",08740,03,폐업,,,,,,
,주식회사 플랫가든,2023-02-16,194025.232008365,440957.820196328,출판인쇄업,출판사,2026-05-01 22:33:02,I,03,폐업,,,,2023-02-16 15:00:13,,2021-10-28,,서울특별시 관악구 신림동 ****-* *호,CDFG1251002021000089,3200000,,"서울특별시 관악구 호암로 ***, *층 *호 (신림동)",08846,03,폐업,,,,,,
,주식회사 룰브레이커스북스,2025-02-06,196692.183210478,441925.261385178,출판인쇄업,출판사,2026-05-01 22:33:02,I,03,폐업,,,,2025-02-06 16:42:36,,2021-11-11,,서울특별시 관악구 봉천동 ***-** ***호,CDFG1251002021000092,3200000,,"서울특별시 관악구 솔밭로 **, ***호 (봉천동)",08741,03,폐업,,,,070-4287-4124,,
,도서출판 메신저,2025-09-15,195345.358939177,443273.487218185,출판인쇄업,출판사,2026-05-01 22:33:02,I,03,폐업,,,,2025-09-15 15:36:25,,2021-12-08,,서울특별시 관악구 봉천동 ****-* 관악드림타운아파트 ***호,CDFG1251002021000098,3200000,,"서울특별시 관악구 구암길 **, 상가동  ***호 (봉천동)",08725,03,폐업,,,,02-536-3176,,
,크레센트 뮤직컴퍼니,2023-03-24,196347.099270374,442938.722385983,출판인쇄업,출판사,2026-05-01 22:33:02,I,03,폐업,,,,2023-03-24 15:52:39,,2022-01-07,,서울특별시 관악구 봉천동 **** 서희스타힐즈 ***동 ***호,CDFG1251002022000002,3200000,,"서울특별시 관악구 청림*길 **, ***동 ***호 (봉천동, 서희스타힐즈)",08731,03,폐업,,,,,,
,재경문우회,2023-03-17,198284.078546351,441368.909286824,출판인쇄업,출판사,2026-05-01 22:33:02,I,03,폐업,,,,2023-03-17 16:10:32,,2022-01-18,,서울특별시 관악구 남현동 ****-** ****호,CDFG1251002022000008,3200000,,"서울특별시 관악구 과천대로 ***, **층 ****호 (남현동)",08807,03,폐업,,,,,,
,일본복음선교회,2022-02-24,195162.762689789,441952.886252569,출판인쇄업,출판사,2026-05-01 22:33:02,I,03,폐업,,,,2022-02-24 16:19:07,,2022-01-28,,서울특별시 관악구 봉천동 ***-** 참소망타운,CDFG1251002022000011,3200000,,"서울특별시 관악구 청룡길 **, *층 (봉천동, 참소망타운)",08786,03,폐업,,,,,,
,위즈덤북스,2025-05-22,195045.515107949,443011.455007816,출판인쇄업,출판사,2026-05-01 22:33:02,I,03,폐업,,,,2025-05-22 18:00:51,,2022-02-10,,서울특별시 관악구 봉천동 **** 벽산블루밍아파트 ***동 ***호,CDFG1251002022000015,3200000,,"서울특별시 관악구 은천로 **, ***동 ***호 (봉천동, 벽산블루밍아파트)",08715,03,폐업,,,,,,
,언더레이티드,2023-01-18,191131.049995846,442106.666555007,출판인쇄업,출판사,2026-05-01 22:33:02,I,03,폐업,,,,2023-01-18 15:25:33,,2022-02-21,,서울특별시 관악구 신림동 ****-** 대동팰리스 ***호,CDFG1251002022000019,3200000,,"서울특별시 관악구 시흥대로 ***-*, 대동팰리스 ***호 (신림동)",08768,03,폐업,,,,,,
,하테바모세,2024-03-25,196447.026807336,441841.256979065,출판인쇄업,출판사,2026-05-01 22:33:03,I,03,폐업,,,,2024-03-25 14:51:36,,2022-04-01,,서울특별시 관악구 봉천동 ****-* ***호,CDFG1251002022000032,3200000,,"서울특별시 관악구 남부순환로 ****-*, ***호 (봉천동)",08742,03,폐업,,,,,,
,해무,2024-03-11,194161.341655688,441835.588326556,출판인쇄업,출판사,2026-05-01 22:33:03,I,03,폐업,,,,2024-03-11 15:22:55,,2022-05-04,,서울특별시 관악구 신림동 **-***,CDFG1251002022000037,3200000,,"서울특별시 관악구 신림로**길 **-*, 옥탑층 (신림동)",08781,03,폐업,,,,,,
,에이치엠제이72 출판(HMJ72 출판),2025-04-28,194310.966561017,441246.988529386,출판인쇄업,출판사,2026-05-01 22:33:03,I,03,폐업,,,,2025-04-28 09:45:14,,2022-06-02,,서울특별시 관악구 신림동 ***-** 오름 ***호,CDFG1251002022000041,3200000,,"서울특별시 관악구 복은*길 *-**, 오름 ***호 (신림동)",08837,03,폐업,,,,,,
,글로서,2024-01-30,193428.05520526,443011.616686962,출판인쇄업,출판사,2026-05-01 22:33:03,I,03,폐업,,,,2024-01-30 17:13:34,,2022-08-19,,서울특별시 관악구 신림동 ****-* ***호,CDFG1251002022000060,3200000,,"서울특별시 관악구 관천로**길 **, ***호 (신림동)",08707,03,폐업,,,,,,
,성장흐름,2025-01-20,196469.100886734,442791.339807538,출판인쇄업,출판사,2026-05-01 22:33:04,I,03,폐업,,,,2025-01-20 21:11:02,,2022-10-21,,서울특별시 관악구 봉천동 **** 관악푸르지오 ***동 ****호,CDFG1251002022000070,3200000,,"서울특별시 관악구 관악로**길 **, ***동 ****호 (봉천동, 관악푸르지오)",08734,03,폐업,,,,,,
,패스매니아(Passmania),2024-07-19,193746.833837509,442510.775085572,출판인쇄업,출판사,2026-05-01 22:33:04,I,03,폐업,,,,2024-07-19 15:26:06,,2022-11-23,,서울특별시 관악구 신림동 ****-* 르네상스 복합쇼핑몰,CDFG1251002022000076,3200000,,"서울특별시 관악구 신림로 ***, 르네상스 복합쇼핑몰 *층 C***호 (신림동)",08754,03,폐업,,,,070-8983-2883,,
,주식회사 헬스파크,2024-03-08,196139.864969792,439023.167125842,출판인쇄업,출판사,2026-05-01 22:33:04,I,03,폐업,,,,2024-03-08 13:45:49,,2022-12-12,,서울특별시 관악구 신림동 산 **-* 서울대학교,CDFG1251002022000081,3200000,,"서울특별시 관악구 관악로 *, 서울대학교 **-*동 ***호 (신림동)",08826,03,폐업,,,,02-542-7760,,
,디오라마 이야기,2024-10-14,194846.963994029,441914.279981458,출판인쇄업,출판사,2026-05-01 22:33:04,I,03,폐업,,,,2024-10-15 13:55:59,,2023-01-12,,서울특별시 관악구 봉천동 ****-*,CDFG1251002023000002,3200000,,"서울특별시 관악구 참숯길 *, *층 (봉천동)",08830,03,폐업,,,,,,
,(도)우반,2012-07-25,195445.432424349,442127.015243919,출판인쇄업,출판사,2026-05-01 22:31:40,I,03,폐업,,,,2012-07-26 08:53:48,,1993-04-26,151-836,서울특별시 관악구 봉천동 ***-* 하바드오피스텔 ***동,CDFG1251001993000002,3200000,,"서울특별시 관악구 남부순환로 ****, ***동 (봉천동,하바드오피스텔)",,03,폐업,,,,,,
,(도)청중,2001-03-23,193610.797201552,442281.285348422,출판인쇄업,출판사,2026-05-01 22:31:40,I,03,폐업,,0,,2003-02-06 10:47:55,,1993-09-27,151-930,서울특별시 관악구 신림동 ****-** 삼모빌딩 ***동,CDFG1251001993000009,3200000,,"서울특별시 관악구 신림로**길 **, ***동 (신림동,삼모빌딩)",,03,폐업,,,,,,
,(도)소망,2008-12-15,194175.723385404,440838.133078881,출판인쇄업,출판사,2026-05-01 22:31:40,I,03,폐업,,,,2008-12-15 16:46:27,,1993-12-06,151-895,서울특별시 관악구 신림동 ****-* *층,CDFG1251001993000013,3200000,,"서울특별시 관악구 신림로**길 **  (신림동,*층)",,03,폐업,,,,,,
,(도)오늘과 내일,2000-07-28,192434.355016573,442869.279028341,출판인쇄업,출판사,2026-05-01 22:31:40,I,03,폐업,,0,,2003-02-06 10:47:55,,1993-12-28,151-871,서울특별시 관악구 신림동 ***-** 청우빌딩 ***동,CDFG1251001993000014,3200000,,"서울특별시 관악구 신사로 ***, ***동 (신림동,청우빌딩)",,03,폐업,,,,,,
,성경기억연구원,2017-06-29,,,출판인쇄업,출판사,2026-05-01 22:31:41,I,03,폐업,,,,2017-06-29 10:23:24,,1994-03-02,151-804,서울특별시 관악구 봉천동 ***-**,CDFG1251001994000003,3200000,,서울특별시 관악구 구암*길 ** (봉천동),,03,폐업,,,,,,
,(도)아.태,2003-04-09,194087.026130934,440876.990388036,출판인쇄업,출판사,2026-05-01 22:31:41,I,03,폐업,,,,2003-04-09 15:02:44,,1994-04-28,151-895,서울특별시 관악구 신림동 ****-**,CDFG1251001994000006,3200000,,서울특별시 관악구 호암로**길 **  (신림동),,03,폐업,,,,,,
,부동산연구사,2002-05-16,194460.567848172,442456.751907402,출판인쇄업,출판사,2026-05-01 22:31:41,I,03,폐업,,0,0,2003-02-06 10:47:55,,1994-06-20,151-827,서울특별시 관악구 봉천동 ***-**,CDFG1251001994000011,3200000,,서울특별시 관악구 남부순환로 ****  (봉천동),,03,폐업,,,,,0,0
,성은출판사,2002-11-21,193467.27498413,442289.614578551,출판인쇄업,출판사,2026-05-01 22:31:41,I,03,폐업,,0,0,2003-02-06 10:47:55,,1994-07-29,151-869,서울특별시 관악구 신림동 ****-**,CDFG1251001994000015,3200000,,서울특별시 관악구 관천로 **  (신림동),,03,폐업,,,,,0,0
,우리기획,2001-01-08,192591.646037184,442958.738780324,출판인쇄업,출판사,2026-05-01 22:31:41,I,03,폐업,,0,,2003-02-06 10:47:55,,1994-08-11,151-871,서울특별시 관악구 신림동 ***-* 내외빌딩 ***동,CDFG1251001994000016,3200000,,"서울특별시 관악구 신사로**길 *, ***동 (신림동,내외빌딩)",,03,폐업,,,,,,
,(주)대봉애드컴,2003-04-09,195424.647092152,442199.125536009,출판인쇄업,출판사,2026-05-01 22:31:41,I,03,폐업,,,,2003-04-09 14:54:57,,1994-10-31,151-837,서울특별시 관악구 봉천동 ***-** 대봉빌딩 지하동,CDFG1251001994000021,3200000,,"서울특별시 관악구 남부순환로 ****, 지하동 (봉천동,대봉빌딩)",,03,폐업,,,,,,
,(도)아사연,1996-04-18,195445.432424349,442127.015243919,출판인쇄업,출판사,2026-05-01 22:31:41,I,03,폐업,,0,,2003-02-06 10:47:55,,1994-11-17,151-836,서울특별시 관악구 봉천동 ***-* 하바드오피스텔 ***동,CDFG1251001994000022,3200000,,"서울특별시 관악구 남부순환로 ****, ***동 (봉천동,하바드오피스텔)",,03,폐업,,,,,,
,도서출판(춘추관),2019-03-20,194039.483880851,441051.058359924,출판인쇄업,출판사,2026-05-01 22:31:41,I,03,폐업,,,,2019-03-20 16:51:29,,1995-01-16,151-862,서울특별시 관악구 신림동 ****-* *층,CDFG1251001995000002,3200000,,"서울특별시 관악구 신림로 *** (신림동,*층)",,03,폐업,,,,,,
,현대문화원,1999-12-29,193727.444975053,442644.322203979,출판인쇄업,출판사,2026-05-01 22:31:41,I,03,폐업,,0,,2003-02-06 10:47:55,,1995-02-02,151-015,서울특별시 관악구 신림동 ****-** 동아빌딩 ***동,CDFG1251001995000003,3200000,,"서울특별시 관악구 신림로 ***, ***동 (신림동,동아빌딩)",,03,폐업,,,,,,
,(도)웰컴미디어,2000-02-16,196180.318130684,442742.288637755,출판인쇄업,출판사,2026-05-01 22:31:42,I,03,폐업,,0,,2003-02-06 10:47:55,,1995-03-31,151-803,서울특별시 관악구 봉천동 *-** *층,CDFG1251001995000007,3200000,,"서울특별시 관악구 관악로 ***  (봉천동,*층)",,03,폐업,,,,,,
,사단법인 한국가속기및플라즈마연구협회,2016-01-18,196139.864969792,439023.167125842,출판인쇄업,출판사,2026-05-01 22:31:42,I,03,폐업,,,,2016-01-18 16:14:45,,1995-06-01,151-015,서울특별시 관악구 신림동 산 **-* 서울대원자핵공학과,CDFG1251001995000011,3200000,,"서울특별시 관악구 관악로 * (신림동,서울대원자핵공학과)",,03,폐업,,,,,,
,한국교육산업,2003-04-09,191217.026445816,442233.874417452,출판인쇄업,출판사,2026-05-01 22:31:43,I,03,폐업,,,,2003-04-09 15:01:38,,1995-07-27,151-903,서울특별시 관악구 신림동 ****-** *층,CDFG1251001995000014,3200000,,"서울특별시 관악구 시흥대로 ***-*  (신림동,*층)",,03,폐업,,,,,,
,(도)커트라인,2004-11-16,193778.083776527,442435.521788699,출판인쇄업,출판사,2026-05-01 22:31:43,I,03,폐업,,,,2004-11-16 13:22:47,,1995-08-08,151-930,서울특별시 관악구 신림동 ****-* *층,CDFG1251001995000015,3200000,,"서울특별시 관악구 남부순환로 ****  (신림동,*층)",,03,폐업,,,,,,
,(도)딱따구리,2018-12-24,195537.269534163,442122.202180318,출판인쇄업,출판사,2026-05-01 22:31:43,I,03,폐업,,,,2018-12-26 09:49:40,,1995-08-10,151-836,서울특별시 관악구 봉천동 ***-* 관악켐퍼스타워 *동 ***호,CDFG1251001995000016,3200000,,"서울특별시 관악구 남부순환로 ****, *동 ***호 (봉천동,관악켐퍼스타워)",,03,폐업,,,,,,
,규보사,2014-04-17,195738.565943216,441381.722841201,출판인쇄업,출판사,2026-05-01 22:31:43,I,03,폐업,,,,2014-04-17 17:27:06,,1995-08-24,151-839,서울특별시 관악구 봉천동 ****-* 동산빌딩 ***동,CDFG1251001995000017,3200000,,"서울특별시 관악구 관악로 ***, ***동 (봉천동,동산빌딩)",,03,폐업,,,,,,
,(도)나누리,2001-12-22,193892.555374374,440285.417442582,출판인쇄업,출판사,2026-05-01 22:31:43,I,03,폐업,,0,,2003-02-06 10:47:55,,1995-08-28,151-861,서울특별시 관악구 신림동 ***-* 대일빌딩 지하동,CDFG1251001995000018,3200000,,"서울특별시 관악구 호암로 ***, 지하동 (신림동,대일빌딩)",,03,폐업,,,,,,
,정보라인,2001-06-04,193850.941954211,442613.751659608,출판인쇄업,출판사,2026-05-01 22:31:43,I,03,폐업,,0,,2003-02-06 10:47:55,,1995-08-28,151-015,서울특별시 관악구 신림동 ****-** *층,CDFG1251001995000019,3200000,,"서울특별시 관악구 신림로**길 **  (신림동,*층)",,03,폐업,,,,,,
,건강한 생활,2009-02-19,194122.587839595,442487.656391047,출판인쇄업,출판사,2026-05-01 22:32:06,I,03,폐업,,,,2009-02-19 12:30:02,,2007-03-15,151-852,서울특별시 관악구 신림동 ****-* 연강빌딩 ***호,CDFG1251002007000023,3200000,,"서울특별시 관악구 남부순환로 ****,  ***호 (신림동,연강빌딩)",,03,폐업,,,,,,
,도서출판 법조사(法曺社),2022-05-13,194371.749386706,441227.396706656,출판인쇄업,출판사,2026-05-01 22:32:06,I,03,폐업,,,,2022-05-13 09:35:48,,2007-03-19,151-856,서울특별시 관악구 신림동 ***-**,CDFG1251002007000024,3200000,,서울특별시 관악구 복은*길 **  (신림동),,03,폐업,,,,,,
,산소마을,2009-04-29,193015.408251548,441428.709722863,출판인쇄업,출판사,2026-05-01 22:32:06,I,03,폐업,,,,2009-04-29 18:32:56,,2007-03-26,,서울특별시 관악구 신림동 ***-** *층,CDFG1251002007000025,3200000,,"서울특별시 관악구 법원단지*길 **  (신림동,*층)",,03,폐업,,,,,,
,도서출판 법학원,2015-04-20,194686.657232304,440916.814453974,출판인쇄업,출판사,2026-05-01 22:32:06,I,03,폐업,,,,2015-04-20 18:08:03,,2007-04-03,151-858,서울특별시 관악구 신림동 ***-*,CDFG1251002007000026,3200000,,서울특별시 관악구 신림로 ** (신림동),,03,폐업,,,,02-888-3300,,
,耳目,2012-06-13,194139.391136062,441749.873269739,출판인쇄업,출판사,2026-05-01 22:32:07,I,03,폐업,,,,2012-06-13 15:17:22,,2007-04-12,151-853,서울특별시 관악구 신림동 **-*** *층,CDFG1251002007000027,3200000,,"서울특별시 관악구 신림로 *** (신림동,*층)",,03,폐업,,,,,,
,도서출판 목간,2016-03-23,194289.280781099,440925.014818541,출판인쇄업,출판사,2026-05-01 22:32:07,I,03,폐업,,,,2016-03-23 16:03:49,,2007-05-11,151-895,서울특별시 관악구 신림동 ****-*,CDFG1251002007000030,3200000,,서울특별시 관악구 호암로**길 ** (신림동),,03,폐업,,,,,,
,Lucid Dream,2022-09-19,193301.885808714,443151.561302292,출판인쇄업,출판사,2026-05-01 22:32:07,I,03,폐업,,,,2022-09-19 13:53:51,,2007-05-29,151-718,서울특별시 관악구 봉천동 ***-** 롯데스카이 ****호,CDFG1251002007000035,3200000,,"서울특별시 관악구 봉천로 ***, ****호 (봉천동, 롯데스카이)",,03,폐업,,,,02-845-0810,,
,도서출판 벤톨,2016-10-12,195703.166818623,442189.875013819,출판인쇄업,출판사,2026-05-01 22:32:07,I,03,폐업,,,,2016-10-13 09:09:31,,2007-06-21,151-811,서울특별시 관악구 봉천동 ***-* 코업레지던스 ***호,CDFG1251002007000040,3200000,,"서울특별시 관악구 봉천로 ***, ***호 (봉천동,코업레지던스)",,03,폐업,,,,,,
,삽자루기획,2022-05-04,194436.800887613,442470.26716103,출판인쇄업,출판사,2026-05-01 22:32:07,I,03,폐업,,,,2022-05-04 16:09:13,,2007-07-02,151-827,서울특별시 관악구 봉천동 ***-** 기광빌딩 *층,CDFG1251002007000043,3200000,,"서울특별시 관악구 남부순환로 ****  (봉천동,기광빌딩 *층)",,03,폐업,,,,02-887-9300,,
,서광미디어,2008-08-04,194195.776103512,440672.257728272,출판인쇄업,출판사,2026-05-01 22:32:07,I,03,폐업,,,,2008-08-05 21:24:59,,2007-07-30,151-897,서울특별시 관악구 신림동 ****-** ***호,CDFG1251002007000045,3200000,,"서울특별시 관악구 신림로**길 **,  ***호 (신림동)",,03,폐업,,,,,,
,아리수에듀,2008-04-07,194714.986142266,442549.754120671,출판인쇄업,출판사,2026-05-01 22:32:07,I,03,폐업,,,,2008-04-07 13:57:51,,2007-08-08,151-843,서울특별시 관악구 봉천동 ***-** 지하*층,CDFG1251002007000046,3200000,,"서울특별시 관악구 은천로**길 **  (봉천동,지하*층)",,03,폐업,,,,,,
,퀸비,2009-02-26,192423.792989986,440166.546533555,출판인쇄업,출판사,2026-05-01 22:32:07,I,03,폐업,,,,2009-02-26 15:48:51,,2007-08-16,151-885,서울특별시 관악구 신림동 ***-** *층,CDFG1251002007000049,3200000,,"서울특별시 관악구 난향**길 *  (신림동,*층)",,03,폐업,,,,,,
,명성기획,2017-01-19,196443.853827402,441301.644438834,출판인쇄업,출판사,2026-05-01 22:32:07,I,03,폐업,,,,2017-01-19 14:28:29,,2007-09-06,151-057,서울특별시 관악구 봉천동 ***-***,CDFG1251002007000051,3200000,,서울특별시 관악구 낙성대로*길 **-** (봉천동),,03,폐업,,,,,,
근린생활시설,희망제주,2008-05-29,193536.263161193,442331.088262031,출판인쇄업,출판사,2026-05-01 22:32:07,I,03,폐업,,,7,2008-05-30 10:10:15,,2007-09-19,151-930,서울특별시 관악구 신림동 ****-** (관천로***-*) ***호,CDFG1251002007000054,3200000,일반상업지역,"서울특별시 관악구 관천로 **,  ***호 (신림동,(관천로***-*))",,03,폐업,유흥업소밀집지역,,,22754296,8,1
,(주)페이퍼매직,2019-04-26,196139.864969792,439023.167125842,출판인쇄업,출판사,2026-05-01 22:32:07,I,03,폐업,,,,2019-04-26 10:20:05,,2007-10-31,151-015,서울특별시 관악구 신림동 산 **-* 서울대학교 공과대학 **동 ***호,CDFG1251002007000061,3200000,,"서울특별시 관악구 관악로 *, **동 ***호 (신림동,서울대학교 공과대학)",,03,폐업,,,,,,
,도서출판 야누스,2017-04-04,194594.02017987,440482.977504707,출판인쇄업,출판사,2026-05-01 22:32:07,I,03,폐업,,,,2017-04-04 15:05:16,,2007-11-07,151-015,서울특별시 관악구 신림동 ***-** 관악빌라***호,CDFG1251002007000063,3200000,,"서울특별시 관악구 신림로**길 **-** (신림동,관악빌라***호)",,03,폐업,,,,,,
,광명당,2013-03-06,192423.792989986,440166.546533555,출판인쇄업,출판사,2026-05-01 22:32:07,I,03,폐업,,,,2013-03-06 13:43:32,,2007-11-30,151-885,서울특별시 관악구 신림동 ***-** *층,CDFG1251002007000065,3200000,,"서울특별시 관악구 난향**길 * (신림동,*층)",,03,폐업,,,,,,
,도서출판 유진,2012-11-29,195888.192100225,442019.999681675,출판인쇄업,출판사,2026-05-01 22:32:08,I,03,폐업,,,,2012-11-29 16:11:04,,2007-12-21,151-835,서울특별시 관악구 봉천동 ****-*,CDFG1251002007000069,3200000,,서울특별시 관악구 남부순환로 **** (봉천동),,03,폐업,,,,02-883-0366,,
,도서출판 Dansing(춤추고 노래하고),2012-04-27,194176.914154124,442425.746550081,출판인쇄업,출판사,2026-05-01 22:32:08,I,03,폐업,,,,2012-04-27 17:01:44,,2007-12-28,151-852,서울특별시 관악구 신림동 **-***,CDFG1251002007000070,3200000,,서울특별시 관악구 남부순환로***길 **  (신림동),,03,폐업,,,,070-8100-0137,,
,타로코리아,2021-01-15,193445.280050427,440204.907693533,출판인쇄업,출판사,2026-05-01 22:32:08,I,03,폐업,,,,2021-01-15 13:17:52,,2008-01-03,151-015,서울특별시 관악구 신림동 **** 주공아파트 ***동 ****호,CDFG1251002008000002,3200000,,"서울특별시 관악구 광신길 **, ***동 ****호 (신림동,주공아파트)",,03,폐업,,,,02-6291-6935,,
,2호선,2008-11-26,196932.617469642,441609.762722681,출판인쇄업,출판사,2026-05-01 22:32:08,I,03,폐업,,,,2008-11-26 16:47:01,,2008-01-09,151-812,서울특별시 관악구 봉천동 ****-** ***호,CDFG1251002008000004,3200000,,"서울특별시 관악구 남부순환로***길 *,  ***호 (봉천동)",,03,폐업,,,,02-586-0072,,
,패스드림,2011-04-04,193743.184263199,443502.541792099,출판인쇄업,출판사,2026-05-01 22:32:08,I,03,폐업,,,,2011-04-04 11:30:45,,2008-01-29,151-831,서울특별시 관악구 봉천동 ***-***,CDFG1251002008000008,3200000,,서울특별시 관악구 당곡*라길 **  (봉천동),,03,폐업,,,,,,
,정직과 딸기 출판사,2013-03-19,194054.935419526,440717.541524584,출판인쇄업,출판사,2026-05-01 22:32:08,I,03,폐업,,,,2013-03-19 16:13:36,,2008-01-30,151-897,서울특별시 관악구 신림동 ****-**,CDFG1251002008000009,3200000,,서울특별시 관악구 호암로**가길 * (신림동),,03,폐업,,,,02-873-8366,,
,키파인더,2025-01-31,194446.670995127,442281.299706749,출판인쇄업,출판사,2026-05-01 22:33:05,I,03,폐업,,,,2025-01-31 16:06:50,,2023-03-21,,서울특별시 관악구 봉천동 ****-** 가빈하우스 ***호,CDFG1251002023000026,3200000,,"서울특별시 관악구 장군봉*길 **, 가빈하우스 ***호 (봉천동)",08782,03,폐업,,,,,,
,나의우주,2024-01-31,194739.795149066,442496.042349344,출판인쇄업,출판사,2026-05-01 22:33:05,I,03,폐업,,,,2024-02-01 09:26:01,,2023-04-03,,서울특별시 관악구 봉천동 ***-* ***호,CDFG1251002023000030,3200000,,"서울특별시 관악구 은천로**길 **, ***호 (봉천동)",08750,03,폐업,,,,,,
,브레인 오토테라피(Brain Autotherapy),2025-05-07,194174.611981436,441840.254125247,출판인쇄업,출판사,2026-05-01 22:33:06,I,03,폐업,,,,2025-08-12 10:06:37,,2023-07-07,,서울특별시 관악구 신림동 **-***,CDFG1251002023000058,3200000,주거지역,"서울특별시 관악구 신림로**길 **-*, B**호 (신림동)",08781,03,폐업,,,,,,
,지원교육출판,2024-12-04,196513.420381489,441862.26089045,출판인쇄업,출판사,2026-05-01 22:33:07,I,03,폐업,,,,2024-12-04 13:46:50,,2023-12-18,,서울특별시 관악구 봉천동 ****-**,CDFG1251002023000090,3200000,주거지역,"서울특별시 관악구 행운*길 **, *층 ***호 (봉천동)",08742,03,폐업,,,,,,
,어텐션,2025-04-21,195593.608406373,442332.153466406,출판인쇄업,출판사,2026-05-01 22:33:07,I,03,폐업,,,,2025-04-21 09:37:45,,2023-12-26,,서울특별시 관악구 봉천동 ***-** 더리치하우스,CDFG1251002023000092,3200000,주거지역,"서울특별시 관악구 봉천로**다길 **, 더리치하우스 ***호 (봉천동)",08745,03,폐업,,,,,,
,인재교육원,2024-01-23,194131.311247535,440963.281280299,출판인쇄업,출판사,2026-05-01 22:33:07,I,03,폐업,,16.5,,2024-01-23 16:47:59,,2024-01-02,,서울특별시 관악구 신림동 ****-* 세정,CDFG1251002024000001,3200000,,"서울특별시 관악구 호암로**길 **, 세정 *층 (신림동)",08812,03,폐업,,,,,,
,엠프티 폴더스(empty folders),2025-01-22,196087.359674598,442174.75891278,출판인쇄업,출판사,2026-05-01 22:33:08,I,03,폐업,,15,,2025-01-22 15:53:59,,2024-02-29,,서울특별시 관악구 봉천동 **-**,CDFG1251002024000024,3200000,근린상업지역,"서울특별시 관악구 행운*길 **, 지층 *호 (봉천동)",08736,03,폐업,,,,,,
,프라나,2025-10-05,194324.964251242,441194.452698153,출판인쇄업,출판사,2026-05-01 22:33:08,I,03,폐업,,,,2025-10-10 14:14:59,,2024-04-19,,서울특별시 관악구 신림동 ***-** 올레하우스,CDFG1251002024000034,3200000,주거지역,"서울특별시 관악구 신림로**길 **-**, 올레하우스 ***호 (신림동)",08837,03,폐업,,,,,,
,지니논술,2025-07-13,195839.642606476,441775.831630871,출판인쇄업,출판사,2026-05-01 22:33:09,I,03,폐업,,,,2025-07-15 15:02:12,,2024-07-18,,서울특별시 관악구 봉천동 ****-** 공간과사람,CDFG1251002024000054,3200000,,"서울특별시 관악구 관악로**길 **, 공간과사람 ***호 (봉천동)",08788,03,폐업,,,,,,
,WMM,2024-12-24,193801.587243775,443096.604222097,출판인쇄업,출판사,2026-05-01 22:33:09,I,03,폐업,,18,,2024-12-24 09:56:31,,2024-09-04,,서울특별시 관악구 봉천동 ***-*,CDFG1251002024000066,3200000,주거지역,"서울특별시 관악구 봉천로**길 **, ***호 (봉천동)",08711,03,폐업,,,,,,
,은행과 혜성,2025-02-12,191648.430304679,442299.214347905,출판인쇄업,출판사,2026-05-01 22:33:09,I,03,폐업,,,,2025-02-12 13:12:29,,2024-10-18,,서울특별시 관악구 신림동 ****-**,CDFG1251002024000083,3200000,전용주거지역,"서울특별시 관악구 조원중앙로 **-*, ***호 (신림동)",08769,03,폐업,,,,,,
,열쇠는 현관매트 아래에,2025-07-15,193896.253147388,442747.032417911,출판인쇄업,출판사,2026-05-01 22:33:11,I,03,폐업,,,,2025-07-17 10:35:10,,2025-05-02,,서울특별시 관악구 신림동 ****-**,CDFG1251002025000039,3200000,,"서울특별시 관악구 봉천로**길 **, ***호 (신림동)",08755,03,폐업,,,,,,
,베스트샐러,2025-07-07,194567.749823229,440976.482644471,출판인쇄업,출판사,2026-05-01 22:33:11,I,03,폐업,,,,2025-07-07 15:22:50,,2025-06-10,,서울특별시 관악구 신림동 ***-**,CDFG1251002025000053,3200000,,"서울특별시 관악구 신림로 **, *층 (신림동)",08839,03,폐업,,,,02-2652-9325,,
,법률문화원,,199998.547840158,452656.259059989,출판인쇄업,출판사,2026-05-01 22:43:41,I,13,영업중,,0,,2024-10-18 15:32:44,,1989-05-06,110-460,서울특별시 종로구 연건동 ***,CDFG1251001989000020,3000000,,서울특별시 종로구 율곡로 *** (연건동),,01,영업/정상,,,,,,
,사민서각,,198228.999702198,452174.577685623,출판인쇄업,출판사,2026-05-01 22:43:41,I,31,등록취소,,0,0,2003-02-07 09:13:27,,1989-05-06,110-130,서울특별시 종로구 청진동 **-* 천지빌딩 *층,CDFG1251001989000021,3000000,,"서울특별시 종로구 종로*길 **-*  (청진동,천지빌딩 *층)",,04,취소/말소/만료/정지/중지,,,,,0,0
,사랑방,,199686.831190832,452422.012407453,출판인쇄업,출판사,2026-05-01 22:43:41,I,31,등록취소,,0,,2003-02-07 09:13:27,,1989-05-29,110-410,서울특별시 종로구 인의동 **-* 온지빌딩*층,CDFG1251001989000024,3000000,,,,04,취소/말소/만료/정지/중지,,,,,,
,도서출판 문화정보사,,197119.626584222,453835.350708764,출판인쇄업,출판사,2026-05-01 22:43:41,I,13,영업중,,,,2004-01-15 16:11:15,,1989-07-03,110-030,서울특별시 종로구 청운동 **-**,CDFG1251001989000026,3000000,,서울특별시 종로구 자하문로**다길 *-*  (청운동),,01,영업/정상,,,,02-737-1375,,
,(사)전통문화연구회,,198324.653631679,452252.812389497,출판인쇄업,출판사,2026-05-01 22:43:41,I,13,영업중,,0,,2024-09-05 11:05:36,,1989-07-03,,서울특별시 종로구 수송동 ** 두산위브파빌리온,CDFG1251001989000027,3000000,,"서울특별시 종로구 삼봉로 **, 두산위브파빌리온 ****호 (수송동)",03150,01,영업/정상,,,,,,
,한성사,,200275.07478465,452339.536663625,출판인쇄업,출판사,2026-05-01 22:43:41,I,13,영업중,,0,,2003-02-07 09:13:27,,1989-07-03,110-850,서울특별시 종로구 효제동 ***-*,CDFG1251001989000028,3000000,,서울특별시 종로구 김상옥로 **  (효제동),,01,영업/정상,,,,,,
,도서출판 솔바람,,198324.653631679,452252.812389497,출판인쇄업,출판사,2026-05-01 22:43:41,I,13,영업중,,0,0,2017-01-24 10:43:00,,1989-07-04,,서울특별시 종로구 수송동 **,CDFG1251001989000029,3000000,,"서울특별시 종로구 삼봉로 **, ****호 (수송동, 두산위브파빌리온)",03150,01,영업/정상,,,,,0,0
,조계사,,198334.049237683,452439.358106515,출판인쇄업,출판사,2026-05-01 22:43:41,I,13,영업중,,,,2005-12-23 09:42:08,,1989-07-15,110-170,서울특별시 종로구 견지동 **-*,CDFG1251001989000031,3000000,,서울특별시 종로구 우정국로 **  (견지동),,01,영업/정상,,,,02-732-2115,,
,(주)주간노동자신문 출판부,,196779.324678974,455993.479824666,출판인쇄업,출판사,2026-05-01 22:43:41,I,31,등록취소,,0,0,2003-02-07 09:13:27,,1989-08-12,110-847,서울특별시 종로구 평창동 ***-**,CDFG1251001989000037,3000000,,서울특별시 종로구 평창*길 *  (평창동),,04,취소/말소/만료/정지/중지,,,,20076000,0,0
,도서출판 교육문화연구회,,200276.604452969,452312.9605079,출판인쇄업,출판사,2026-05-01 22:43:41,I,31,등록취소,,0,,2003-02-07 09:13:27,,1989-08-24,110-850,서울특별시 종로구 효제동 ***,CDFG1251001989000040,3000000,,서울특별시 종로구 종로**길 **  (효제동),,04,취소/말소/만료/정지/중지,,,,,,
,도서출판 한국논단,,197268.650657702,452246.649890173,출판인쇄업,출판사,2026-05-01 22:43:46,I,31,등록취소,,0,,2003-02-07 09:13:27,,1989-10-11,110-062,서울특별시 종로구 신문로*가 *-** 내자빌딩 *층,CDFG1251001989000043,3000000,,"서울특별시 종로구 경희궁길 **  (신문로*가,내자빌딩 *층)",,04,취소/말소/만료/정지/중지,,,,,,
,도서출판(주)정보성,,199636.018484102,453987.983252342,출판인쇄업,출판사,2026-05-01 22:43:46,I,31,등록취소,,0,0,2003-02-07 09:13:27,,1989-11-21,110-521,서울특별시 종로구 명륜*가 **-*,CDFG1251001989000045,3000000,,서울특별시 종로구 성균관로 **  (명륜*가),,04,취소/말소/만료/정지/중지,,,,32827204,0,0
,바보네출판사,,,,출판인쇄업,출판사,2026-05-01 22:43:46,I,13,영업중,,0,,2003-02-07 09:13:27,,1989-11-22,110-170,서울특별시 종로구 견지동 ***-** 지원빌딩***호,CDFG1251001989000048,3000000,,,,01,영업/정상,,,,,,
,정출판사,,198675.500461263,452096.090248826,출판인쇄업,출판사,2026-05-01 22:43:46,I,13,영업중,,0,,2003-02-07 09:13:27,,1989-12-07,110-290,서울특별시 종로구 인사동 ***-* 신일빌딩***호,CDFG1251001989000052,3000000,,"서울특별시 종로구 종로**길 **  (인사동,신일빌딩***호)",,01,영업/정상,,,,,,
,현암,1999-07-01,196478.492631065,441710.486386262,출판인쇄업,출판사,2026-05-01 22:31:43,I,03,폐업,,0,,2003-02-06 10:47:55,,1995-10-26,151-818,서울특별시 관악구 봉천동 ****-** 경부빌딩 ***동,CDFG1251001995000024,3200000,,"서울특별시 관악구 봉천로 ***, ***동 (봉천동,경부빌딩)",,03,폐업,,,,,,
,한국열관리사협회,2001-03-16,196420.497435794,441760.543646341,출판인쇄업,출판사,2026-05-01 22:31:43,I,03,폐업,,0,,2003-02-06 10:47:55,,1995-11-02,151-818,서울특별시 관악구 봉천동 ****-** 고신빌딩 ***동,CDFG1251001995000025,3200000,,"서울특별시 관악구 남부순환로 ****, ***동 (봉천동,고신빌딩)",,03,폐업,,,,,,
,한림각,2000-04-21,193887.580012462,440393.829308365,출판인쇄업,출판사,2026-05-01 22:31:43,I,03,폐업,,0,,2003-02-06 10:47:55,,1995-11-11,151-929,서울특별시 관악구 신림동 ***-**,CDFG1251001995000026,3200000,,,,03,폐업,,,,,,
,21세기미디어,1999-01-27,,,출판인쇄업,출판사,2026-05-01 22:31:44,I,03,폐업,,0,0,2003-02-06 10:47:55,,1996-01-15,151-015,서울특별시 관악구 신림동 ****-*,CDFG1251001996000003,3200000,,,,03,폐업,,,,,0,0
,(주)도암기획,2014-12-01,193610.797201552,442281.285348422,출판인쇄업,출판사,2026-05-01 22:31:44,I,03,폐업,,,,2014-12-01 17:52:29,,1996-01-18,151-730,서울특별시 관악구 신림동 ****-** 삼모스포렉스 ****동,CDFG1251001996000005,3200000,,"서울특별시 관악구 신림로**길 **, ****동 (신림동,삼모스포렉스)",,03,폐업,,,,,,
,(도)광개토,1999-05-03,196073.994673399,441909.758223118,출판인쇄업,출판사,2026-05-01 22:31:44,I,03,폐업,,0,,2018-03-20 12:40:04,,1996-03-08,151-848,서울특별시 관악구 봉천동 ****-* ***,CDFG1251001996000007,3200000,,"서울특별시 관악구 봉천로 *** (봉천동,***)",,03,폐업,,,,,,
,아파트관리신문사,1999-08-13,193977.530071551,441843.181945005,출판인쇄업,출판사,2026-05-01 22:31:44,I,03,폐업,,0,,2003-02-06 10:47:55,,1996-03-13,151-853,서울특별시 관악구 신림동 **-***,CDFG1251001996000011,3200000,,서울특별시 관악구 신림로 ***  (신림동),,03,폐업,,,,,,
,(도)마하,2013-04-16,194287.124175816,440602.043958183,출판인쇄업,출판사,2026-05-01 22:31:44,I,03,폐업,,,,2013-04-16 15:01:00,,1996-03-13,151-896,서울특별시 관악구 신림동 ****,CDFG1251001996000012,3200000,,서울특별시 관악구 신림로**길 ** (신림동),,03,폐업,,,,,,
,(도)법률행정연구원,1999-03-31,194517.888104512,442425.665112844,출판인쇄업,출판사,2026-05-01 22:31:44,I,03,폐업,,0,,2003-02-06 10:47:55,,1996-03-13,151-827,서울특별시 관악구 봉천동 ***-** 상일빌딩 ***동,CDFG1251001996000013,3200000,,"서울특별시 관악구 남부순환로 ****, ***동 (봉천동,상일빌딩)",,03,폐업,,,,,,
,아크로미디어사,2003-04-09,197932.474569663,441565.084037964,출판인쇄업,출판사,2026-05-01 22:31:44,I,03,폐업,,,,2003-04-09 14:54:01,,1996-03-15,151-800,서울특별시 관악구 남현동 ****-**,CDFG1251001996000014,3200000,,서울특별시 관악구 남현길 *  (남현동),,03,폐업,,,,,,
,(주)두두미디어,2003-04-09,192455.883042115,442267.149217637,출판인쇄업,출판사,2026-05-01 22:31:44,I,03,폐업,,,,2003-04-09 15:00:31,,1996-03-19,151-875,서울특별시 관악구 신림동 ***-** 삼남빌딩 *층동,CDFG1251001996000015,3200000,,"서울특별시 관악구 남부순환로 ****, *층동 (신림동,삼남빌딩)",,03,폐업,,,,,,
,그린아이템플,2001-12-06,192900.917985928,442638.933295331,출판인쇄업,출판사,2026-05-01 22:31:45,I,03,폐업,,0,,2003-02-06 10:47:55,,1996-03-28,151-893,서울특별시 관악구 신림동 ***-*,CDFG1251001996000017,3200000,,서울특별시 관악구 조원로 ***  (신림동),,03,폐업,,,,,,
,시사어학개발원,2003-04-09,,,출판인쇄업,출판사,2026-05-01 22:31:45,I,03,폐업,,,,2003-04-09 14:55:15,,1996-04-16,151-050,서울특별시 관악구 봉천동 ***-** 삼양빌딩 ***동,CDFG1251001996000019,3200000,,,,03,폐업,,,,,,
,킴오커뮤니게이션,2012-06-01,195489.828344258,441846.930953629,출판인쇄업,출판사,2026-05-01 22:31:45,I,03,폐업,,,,2012-06-01 13:16:48,,1996-06-07,151-847,서울특별시 관악구 봉천동 ****-**,CDFG1251001996000022,3200000,,서울특별시 관악구 쑥고개로 ***-* (봉천동),,03,폐업,,,,,,
,(도)한림,1999-11-25,195680.053595793,442502.732688675,출판인쇄업,출판사,2026-05-01 22:31:45,I,03,폐업,,0,,2003-02-06 10:47:55,,1996-06-20,151-811,서울특별시 관악구 봉천동 **-***,CDFG1251001996000023,3200000,,서울특별시 관악구 중앙길 **  (봉천동),,03,폐업,,,,,,
,한음출판사,2017-02-08,191105.829194472,442078.035776469,출판인쇄업,출판사,2026-05-01 22:31:45,I,03,폐업,,,,2017-02-09 10:42:53,,1996-06-20,151-903,서울특별시 관악구 신림동 ****-** 지휘자빌딩 *층동,CDFG1251001996000024,3200000,,"서울특별시 관악구 시흥대로 ***, *층동 (신림동,지휘자빌딩)",,03,폐업,,,,,,
,주식회사 만파,2004-05-21,195552.716970459,441870.424912863,출판인쇄업,출판사,2026-05-01 22:31:46,I,03,폐업,,,,2004-05-21 11:12:00,,1996-08-08,151-846,서울특별시 관악구 봉천동 ****-* *층,CDFG1251001996000026,3200000,,"서울특별시 관악구 쑥고개로 ***  (봉천동,*층)",,03,폐업,,,,032-694-0725,,
,수석연구원,2003-03-28,194609.862135128,440844.120905793,출판인쇄업,출판사,2026-05-01 22:31:46,I,03,폐업,,,,2003-03-31 09:23:23,,1996-08-26,151-858,서울특별시 관악구 신림동 ***-*,CDFG1251001996000029,3200000,,서울특별시 관악구 신림로*나길 **  (신림동),,03,폐업,,,,,,
,참누리,2001-07-23,196944.124634252,441571.711799144,출판인쇄업,출판사,2026-05-01 22:31:46,I,03,폐업,,0,,2003-02-06 10:47:55,,1996-10-04,151-812,서울특별시 관악구 봉천동 ****-*** *층,CDFG1251001996000030,3200000,,"서울특별시 관악구 남부순환로 ****  (봉천동,*층)",,03,폐업,,,,,,
,한국브레인,2003-03-22,185709.183209742,446064.844103444,출판인쇄업,출판사,2026-05-01 22:31:46,I,03,폐업,,,,2003-03-22 13:01:35,,1996-10-21,158-848,서울특별시 양천구 신월동 ****-* 아이앤이 *층,CDFG1251001996000033,3200000,,"서울특별시 양천구 남부순환로 ***  (신월동,아이앤이 *층)",,03,폐업,,,,,,
,가지않는 길,1998-12-19,195921.033227751,442003.949106407,출판인쇄업,출판사,2026-05-01 22:31:46,I,03,폐업,,0,,2003-02-06 10:47:55,,1996-11-14,151-835,서울특별시 관악구 봉천동 ****-* 한일빌딩 ***동,CDFG1251001996000037,3200000,,"서울특별시 관악구 남부순환로 ****, ***동 (봉천동,한일빌딩)",,03,폐업,,,,,,
,(도)탱크,2000-02-21,,,출판인쇄업,출판사,2026-05-01 22:31:46,I,03,폐업,,0,,2003-02-06 10:47:55,,1997-01-14,151-895,서울특별시 관악구 신림동 ****-***,CDFG1251001997000002,3200000,,,,03,폐업,,,,,,
,에듀나이스,2010-06-01,194366.482534981,442434.858483922,출판인쇄업,출판사,2026-05-01 22:32:08,I,03,폐업,,,,2010-06-01 16:38:10,,2008-03-13,151-852,서울특별시 관악구 신림동 **-*** 관동오피스텔 ***호,CDFG1251002008000019,3200000,,"서울특별시 관악구 남부순환로 ****,  ***호 (신림동,관동오피스텔)",,03,폐업,,,,02-874-0405,,
,베라,2025-08-11,192855.685643844,439663.585570958,출판인쇄업,출판사,2026-05-01 22:32:08,I,03,폐업,,,,2025-08-12 17:23:51,,2008-03-18,151-015,서울특별시 관악구 신림동 **** 휴먼시아아파트 ***동 ****호,CDFG1251002008000022,3200000,,"서울특별시 관악구 난곡로 **, ***동 ****호 (신림동,휴먼시아아파트)",,03,폐업,,,,02-873-7948,,
,스터디클럽(Study Club),2009-05-26,196257.833652996,443341.379446435,출판인쇄업,출판사,2026-05-01 22:32:08,I,03,폐업,,,,2009-05-26 15:51:39,,2008-03-20,,서울특별시 관악구 봉천동 **** 관악현대아파트 ***동 ****호,CDFG1251002008000023,3200000,,,,03,폐업,,,,02-815-6787,,
,쇼팬 미디어,2010-08-10,197147.597864917,440929.238111812,출판인쇄업,출판사,2026-05-01 22:32:08,I,03,폐업,,,,2010-08-10 15:12:29,,2008-04-07,151-815,서울특별시 관악구 봉천동 ***-***,CDFG1251002008000025,3200000,,서울특별시 관악구 인헌**길 **  (봉천동),,03,폐업,,,,02-874-7725,,
,보브하우스,2018-08-08,193898.394290465,442889.179673893,출판인쇄업,출판사,2026-05-01 22:32:08,I,03,폐업,,,,2018-08-09 14:24:30,,2008-04-29,151-829,서울특별시 관악구 봉천동 ***-* 참나무길 *호(*층),CDFG1251002008000027,3200000,,"서울특별시 관악구 봉천로**길 * (봉천동,참나무길 *호(*층))",,03,폐업,,,,02-873-5942,,
근린생활시설,도서출판 카스타,2009-08-10,195491.509408334,442218.825059184,출판인쇄업,출판사,2026-05-01 22:32:09,I,03,폐업,,138.14,6,2009-08-10 13:39:21,,2008-05-09,,서울특별시 관악구 봉천동 ***-** (관악구 봉천로***),CDFG1251002008000030,3200000,준주거지역,"서울특별시 관악구 봉천로 ***  (봉천동,(관악구 봉천로***))",,03,폐업,기타,,,02-886-4931,7,1
근린생활시설,해피만나,2010-06-21,195870.442564774,441749.425918651,출판인쇄업,출판사,2026-05-01 22:32:09,I,03,폐업,,,4,2010-06-21 16:11:59,,2008-05-21,151-835,서울특별시 관악구 봉천동 ****-* 모래내길**,CDFG1251002008000034,3200000,일반주거지역,"서울특별시 관악구 관악로**길 **  (봉천동,모래내길**)",,03,폐업,주택가주변,,,02-6332-0035,5,1
교육연구시설,장애인표준사업장비클시스템(주),2014-04-10,192414.659227808,439724.746607732,출판인쇄업,출판사,2026-05-01 22:32:09,I,03,폐업,,,6,2014-04-11 10:45:00,,2008-05-23,151-885,서울특별시 관악구 신림동 ***-***,CDFG1251002008000035,3200000,일반주거지역,서울특별시 관악구 난향*길 ** (신림동),,03,폐업,주택가주변,,,02-858-4800,7,1
근린생활시설,중앙산업기술,2008-08-27,192643.18126644,442277.109354381,출판인쇄업,출판사,2026-05-01 22:32:09,I,03,폐업,,,5,2008-08-28 09:42:00,,2008-06-14,151-875,서울특별시 관악구 신림동 ***-* 중앙빌딩*층***호(관악구 남부순환로****),CDFG1251002008000038,3200000,일반주거지역,"서울특별시 관악구 남부순환로 ****  (신림동,중앙빌딩*층***호(관악구 남부순환로****))",,03,폐업,주택가주변,,,02-856-2296,6,1
근린생활시설,슈페리어,2024-05-14,194258.054278629,441021.526721673,출판인쇄업,출판사,2026-05-01 22:32:09,I,03,폐업,,,4,2024-05-14 16:23:30,,2008-07-31,151-927,서울특별시 관악구 신림동 ***-** 건명빌딩 *층(신림로 ***),CDFG1251002008000045,3200000,준주거지역,"서울특별시 관악구 신림로 ***  (신림동,건명빌딩 *층(신림로 ***))",,03,폐업,기타,,,,5,1
,에블리쉬,2010-08-27,196478.492631065,441710.486386262,출판인쇄업,출판사,2026-05-01 22:32:09,I,03,폐업,,,,2010-08-27 16:17:51,,2008-09-05,151-818,서울특별시 관악구 봉천동 ****-** *층(낙성대거리**),CDFG1251002008000053,3200000,,"서울특별시 관악구 봉천로 ***  (봉천동,*층(낙성대거리**))",,03,폐업,,,,02-877-2565,,
,영어산책,2009-03-24,193610.797201552,442281.285348422,출판인쇄업,출판사,2026-05-01 22:32:09,I,03,폐업,,,,2009-03-24 16:39:59,,2008-09-10,151-930,서울특별시 관악구 신림동 ****-** 삼모스포렉스 ***호(삼모길**),CDFG1251002008000054,3200000,,"서울특별시 관악구 신림로**길 **  (신림동,삼모스포렉스 ***호(삼모길**))",,03,폐업,,,,02-326-0857,,
아파트,도서출판 대하,2015-08-11,195563.161650411,443064.437566493,출판인쇄업,출판사,2026-05-01 22:32:09,I,03,폐업,,,,2015-08-13 16:14:31,,2008-09-17,151-050,서울특별시 관악구 봉천동 **** 관악드림타운(아)***동***호(가능길**),CDFG1251002008000055,3200000,주거지역,"서울특별시 관악구 성현로 ** (봉천동,관악드림타운(아)***동***호(가능길**))",,03,폐업,아파트지역,,,02-3285-9177,,
근린생활시설,에일린 도서출판,2012-02-21,194899.891834822,442135.938022991,출판인쇄업,출판사,2026-05-01 22:32:09,I,03,폐업,,,7,2012-02-21 17:44:11,,2008-09-17,151-844,서울특별시 관악구 봉천동 ***-* *층***호(영림길**),CDFG1251002008000056,3200000,준주거지역,"서울특별시 관악구 장군봉*길 **  (봉천동,*층***호(영림길**))",,03,폐업,,,,02-888-8151,8,1
,(주)쿠켄네트,2014-03-27,195764.838757569,441564.824905859,출판인쇄업,출판사,2026-05-01 22:32:09,I,03,폐업,,,,2014-03-28 18:25:48,,2008-09-17,151-835,서울특별시 관악구 봉천동 ****-*,CDFG1251002008000057,3200000,,서울특별시 관악구 관악로 *** (봉천동),,03,폐업,,,,,,
,(도서출판) 이지고시,2019-11-08,192715.347417025,439837.316813139,출판인쇄업,출판사,2026-05-01 22:32:09,I,03,폐업,,,,2019-11-13 17:49:56,,2008-09-30,151-923,서울특별시 관악구 신림동 ****-* 관악산휴먼시아*단지 ***동 ***호,CDFG1251002008000058,3200000,일반주거지역,"서울특별시 관악구 난곡로 **, ***동 ***호 (신림동, 관악산휴먼시아*단지)",,03,폐업,아파트지역,,,02-887-0060,,
,돌핀30,2009-03-13,193610.797201552,442281.285348422,출판인쇄업,출판사,2026-05-01 22:32:09,I,03,폐업,,,,2009-03-13 08:58:21,,2008-10-12,151-930,서울특별시 관악구 신림동 ****-** 삼모스포렉스****호(삼모길**),CDFG1251002008000061,3200000,,"서울특별시 관악구 신림로**길 **  (신림동,삼모스포렉스****호(삼모길**))",,03,폐업,,,,02-884-5155,,
근린생활시설,주)고시플러스,2014-12-31,195888.192100225,442019.999681675,출판인쇄업,출판사,2026-05-01 22:32:09,I,03,폐업,,,4,2014-12-31 11:31:53,,2008-10-20,151-835,서울특별시 관악구 봉천동 ****-* 계림빌딩 *층(남부순환로****),CDFG1251002008000063,3200000,준주거지역,"서울특별시 관악구 남부순환로 **** (봉천동,계림빌딩 *층(남부순환로****))",,03,폐업,,,,,5,1
,도서출판 메신저,2021-12-07,195345.358939177,443273.487218185,출판인쇄업,출판사,2026-05-01 22:32:10,I,03,폐업,,,,2021-12-07 16:01:31,,2008-11-12,,서울특별시 관악구 봉천동 ****-* 상가동 ***호,CDFG1251002008000069,3200000,,"서울특별시 관악구 구암길 **, ***호 (봉천동, 관악드림타운아파트)",08725,03,폐업,,,,,,
,커가는 교육,2016-12-15,195674.70257659,441654.358791023,출판인쇄업,출판사,2026-05-01 22:32:10,I,03,폐업,,,,2016-12-15 09:43:30,,2008-12-24,151-050,서울특별시 관악구 봉천동 **** 건영@***동***호(관악로****),CDFG1251002008000073,3200000,,"서울특별시 관악구 관악로 *** (봉천동,건영@***동***호(관악로****))",,03,폐업,,,,,,
,한국약사인력개발원,,198960.202521084,452071.580317103,출판인쇄업,출판사,2026-05-01 22:43:34,I,13,영업중,,0,,2003-02-07 09:13:27,,1977-02-17,110-122,서울특별시 종로구 종로*가 **-* 뉴파고다빌딩,CDFG1251001977000004,3000000,,"서울특별시 종로구 종로**길 **  (종로*가,뉴파고다빌딩)",,01,영업/정상,,,,,,
,도서출판 보림사,,198476.469142578,452397.880059456,출판인쇄업,출판사,2026-05-01 22:43:34,I,13,영업중,,0,0,2003-02-07 09:13:27,,1977-04-11,110-170,서울특별시 종로구 견지동 **-*,CDFG1251001977000006,3000000,,서울특별시 종로구 인사동**길 **  (견지동),,01,영업/정상,,,,,0,0
,현대,,199966.816327708,452723.376870657,출판인쇄업,출판사,2026-05-01 22:43:34,I,13,영업중,,0,,2003-02-07 09:13:27,,1977-04-30,110-460,서울특별시 종로구 연건동 ***-** 은진빌딩***호,CDFG1251001977000008,3000000,,"서울특별시 종로구 율곡로**길 **  (연건동,은진빌딩***호)",,01,영업/정상,,,,,,
,신림출판사,,200451.677135339,453524.537573595,출판인쇄업,출판사,2026-05-01 22:43:34,I,13,영업중,,0,,2003-02-07 09:13:27,,1977-05-14,110-809,서울특별시 종로구 동숭동 *-**,CDFG1251001977000009,3000000,,서울특별시 종로구 동숭*라길 **  (동숭동),,01,영업/정상,,,,,,
,샘문화사,,197487.622049589,452071.534763593,출판인쇄업,출판사,2026-05-01 22:43:34,I,13,영업중,,0,,2003-02-07 09:13:27,,1977-05-27,110-061,서울특별시 종로구 신문로*가 **-**,CDFG1251001977000010,3000000,,서울특별시 종로구 새문안로*길 *  (신문로*가),,01,영업/정상,,,,,,
,마당,,201850.462764525,452407.508781009,출판인쇄업,출판사,2026-05-01 22:43:34,I,13,영업중,,,,2019-03-12 10:12:15,,1977-08-25,110-825,서울특별시 종로구 숭인동 ***-** 계명빌딩 ***호,CDFG1251001977000016,3000000,,"서울특별시 종로구 종로**길 **, ***호 (숭인동,계명빌딩)",,01,영업/정상,,,,02-762-2113,,
,대림출판사,,199603.448421761,452613.737391003,출판인쇄업,출판사,2026-05-01 22:43:34,I,31,등록취소,,0,,2003-02-07 09:13:27,,1977-08-30,110-450,서울특별시 종로구 원남동 *** 대경빌딩***호,CDFG1251001977000017,3000000,,"서울특별시 종로구 동순라길 ***-*  (원남동,대경빌딩***호)",,04,취소/말소/만료/정지/중지,,,,,,
,도서출판경실련,,200338.926716311,452110.57740998,출판인쇄업,출판사,2026-05-01 22:43:46,I,31,등록취소,,0,0,2003-02-07 09:13:27,,1990-03-20,110-835,서울특별시 종로구 종로*가 **-*,CDFG1251001990000016,3000000,,서울특별시 종로구 종로 ***  (종로*가),,04,취소/말소/만료/정지/중지,,,,,0,0
,한국전기통신공사,,,,출판인쇄업,출판사,2026-05-01 22:43:46,I,13,영업중,,0,,2003-02-07 09:13:27,,1990-03-22,110-777,서울특별시 종로구 세종로 ***-****,CDFG1251001990000019,3000000,,,,01,영업/정상,,,,,,
,천지인출판사,,197700.034013631,452022.503467072,출판인쇄업,출판사,2026-05-01 22:43:46,I,31,등록취소,,0,0,2003-02-07 09:13:27,,1990-03-28,110-796,서울특별시 종로구 신문로*가 **-* 고려빌딩****,CDFG1251001990000022,3000000,,"서울특별시 종로구 새문안로 **  (신문로*가,고려빌딩****)",,04,취소/말소/만료/정지/중지,,,,,0,0
,도서출판 제일문고,,201752.877100553,452297.876902155,출판인쇄업,출판사,2026-05-01 22:43:46,I,31,등록취소,,0,0,2003-02-07 09:13:27,,1990-04-16,110-826,서울특별시 종로구 숭인동 ***-*,CDFG1251001990000028,3000000,,서울특별시 종로구 난계로**길 **  (숭인동),,04,취소/말소/만료/정지/중지,,,,22522131,0,0
,한국금융연수원,,198400.394546533,453750.817319944,출판인쇄업,출판사,2026-05-01 22:43:46,I,13,영업중,,0,0,2024-10-07 09:26:10,,1990-04-20,110-230,서울특별시 종로구 삼청동 **-*,CDFG1251001990000029,3000000,,서울특별시 종로구 삼청로 *** (삼청동),,01,영업/정상,,,,37001500,0,0
,일진기획,,198120.637972874,452198.433879026,출판인쇄업,출판사,2026-05-01 22:43:46,I,13,영업중,,0,,2013-12-10 17:13:46,,1990-04-20,110-130,서울특별시 종로구 청진동 ***-* 진학회관 ***호,CDFG1251001990000030,3000000,,"서울특별시 종로구 종로*길 **, ***호 (청진동, 진학회관)",,01,영업/정상,,,,,,
,국제문화연맹,,198713.721333434,452278.103938912,출판인쇄업,출판사,2026-05-01 22:43:47,I,13,영업중,,0,,2003-02-07 09:13:27,,1990-04-20,110-290,서울특별시 종로구 인사동 *** 동일빌딩***호,CDFG1251001990000031,3000000,,"서울특별시 종로구 인사동길 **  (인사동,동일빌딩***호)",,01,영업/정상,,,,,,
,지구촌출판사,,198070.012910716,456754.65861908,출판인쇄업,출판사,2026-05-01 22:43:47,I,13,영업중,,,,2012-10-08 16:58:32,,1990-05-14,110-012,서울특별시 종로구 평창동 ***-* 지하*층,CDFG1251001990000034,3000000,,"서울특별시 종로구 평창**길 **, 지하*층 (평창동)",,01,영업/정상,,,,02-395-1543,,
,(도)늘벗,2007-01-05,194167.88450061,440799.58399737,출판인쇄업,출판사,2026-05-01 22:31:46,I,03,폐업,,,,2007-01-05 16:03:38,,1997-03-04,151-895,서울특별시 관악구 신림동 ****-*,CDFG1251001997000006,3200000,,서울특별시 관악구 대학*길 **  (신림동),,03,폐업,,,,,,
,한우물,2001-08-02,194342.753173037,440476.866353726,출판인쇄업,출판사,2026-05-01 22:31:46,I,03,폐업,,0,,2003-02-06 10:47:55,,1997-03-04,151-860,서울특별시 관악구 신림동 ***-**,CDFG1251001997000007,3200000,,서울특별시 관악구 대학**길 **  (신림동),,03,폐업,,,,,,
,해오름,2003-04-09,196144.053979582,441871.785619795,출판인쇄업,출판사,2026-05-01 22:31:46,I,03,폐업,,,,2003-04-09 14:55:48,,1997-03-10,151-848,서울특별시 관악구 봉천동 ****-** *층,CDFG1251001997000008,3200000,,"서울특별시 관악구 봉천로 ***  (봉천동,*층)",,03,폐업,,,,,,
,씨와 알,2003-04-09,194218.484966592,440718.303523739,출판인쇄업,출판사,2026-05-01 22:31:46,I,03,폐업,,,,2003-04-09 15:02:59,,1997-04-14,151-897,서울특별시 관악구 신림동 ****-* 지하,CDFG1251001997000010,3200000,,"서울특별시 관악구 호암로**길 **  (신림동,지하)",,03,폐업,,,,,,
,청오앤지(주),2003-04-09,193610.797201552,442281.285348422,출판인쇄업,출판사,2026-05-01 22:31:47,I,03,폐업,,,,2003-04-09 15:03:14,,1997-05-29,151-730,서울특별시 관악구 신림동 ****-** 삼모스포렉스 ****동,CDFG1251001997000015,3200000,,"서울특별시 관악구 신림로**길 **, ****동 (신림동,삼모스포렉스)",,03,폐업,,,,,,
,한국스터디,2003-12-05,194009.273029348,440909.523032005,출판인쇄업,출판사,2026-05-01 22:31:47,I,03,폐업,,,,2003-12-05 14:54:17,,1997-06-18,151-862,서울특별시 관악구 신림동 ****-* *층,CDFG1251001997000016,3200000,,"서울특별시 관악구 호암로 ***  (신림동,*층)",,03,폐업,,,,,,
,한국교육프로그램개발원,2003-04-09,191901.859540447,442537.825203079,출판인쇄업,출판사,2026-05-01 22:31:47,I,03,폐업,,,,2003-04-09 15:01:55,,1997-07-02,151-902,서울특별시 관악구 신림동 ***-**,CDFG1251001997000018,3200000,,서울특별시 관악구 신사로 **  (신림동),,03,폐업,,,,,,
,(주)엘이씨,2001-06-21,195588.796492288,442098.372819317,출판인쇄업,출판사,2026-05-01 22:31:47,I,03,폐업,,0,,2003-02-06 10:47:55,,1997-07-07,151-836,서울특별시 관악구 봉천동 ***-** 센추리타워 ****동,CDFG1251001997000019,3200000,,"서울특별시 관악구 남부순환로 ****, ****동 (봉천동,센추리타워)",,03,폐업,,,,,,
,카리스호크마 CHARIS HOKMAH,2021-06-08,194337.714626866,442659.268577644,출판인쇄업,출판사,2026-05-01 22:31:47,I,03,폐업,,,,2021-06-08 17:40:54,,1997-08-11,151-050,서울특별시 관악구 봉천동 ***-* *층,CDFG1251001997000024,3200000,,"서울특별시 관악구 은천로 ** (봉천동,*층)",,03,폐업,,,,,,
,지원출판사,2000-06-27,193875.667469026,441788.427455695,출판인쇄업,출판사,2026-05-01 22:31:47,I,03,폐업,,0,,2003-02-06 10:47:55,,1997-08-18,151-867,서울특별시 관악구 신림동 ***-***,CDFG1251001997000025,3200000,,서울특별시 관악구 문성로 ***  (신림동),,03,폐업,,,,,,
,종남출판사,1999-02-10,194087.026130934,440876.990388036,출판인쇄업,출판사,2026-05-01 22:31:47,I,03,폐업,,0,,2003-02-06 10:47:55,,1997-08-22,151-895,서울특별시 관악구 신림동 ****-**,CDFG1251001997000027,3200000,,서울특별시 관악구 호암로**길 **  (신림동),,03,폐업,,,,,,
,주애출판사,2002-02-04,198237.008977315,441466.498067106,출판인쇄업,출판사,2026-05-01 22:31:47,I,03,폐업,,0,,2003-02-06 10:47:55,,1997-10-21,151-801,서울특별시 관악구 남현동 ***-*,CDFG1251001997000029,3200000,,서울특별시 관악구 남현*길 **  (남현동),,03,폐업,,,,,,
,주)타라북스,2002-03-06,193350.027022729,443216.750634836,출판인쇄업,출판사,2026-05-01 22:31:47,I,03,폐업,,0,0,2003-02-06 10:47:55,,1997-12-29,151-706,서울특별시 관악구 봉천동 ***-** 대교빌딩 *층동,CDFG1251001997000030,3200000,,"서울특별시 관악구 보라매로*길 **, *층동 (봉천동,대교빌딩)",,03,폐업,,,,,0,0
,포럼에이,2000-11-22,193802.349957932,441843.996040137,출판인쇄업,출판사,2026-05-01 22:31:47,I,03,폐업,,0,,2003-02-06 10:47:55,,1998-01-20,151-900,서울특별시 관악구 신림동 ****-** *층,CDFG1251001998000002,3200000,,"서울특별시 관악구 문성로 ***  (신림동,*층)",,03,폐업,,,,,,
,도서출판 생명수,1999-02-18,194303.488957855,440814.94333748,출판인쇄업,출판사,2026-05-01 22:31:47,I,03,폐업,,0,,2003-02-06 10:47:55,,1998-03-04,151-895,서울특별시 관악구 신림동 ****-** *층,CDFG1251001998000003,3200000,,"서울특별시 관악구 호암로**길 **  (신림동,*층)",,03,폐업,,,,,,
,(도)청운,2004-07-07,194250.708597915,440713.632182293,출판인쇄업,출판사,2026-05-01 22:31:47,I,03,폐업,,,,2004-07-07 15:53:00,,1998-03-16,151-860,서울특별시 관악구 신림동 ***-*,CDFG1251001998000005,3200000,,서울특별시 관악구 호암로**길 **  (신림동),,03,폐업,,,,,,
,(도)승리출판사,2012-08-22,195455.058183757,442451.987873196,출판인쇄업,출판사,2026-05-01 22:31:47,I,03,폐업,,,,2012-08-22 15:45:33,,1998-04-08,151-838,서울특별시 관악구 봉천동 ****-*,CDFG1251001998000006,3200000,,서울특별시 관악구 양녕로*길 ** (봉천동),,03,폐업,,,,,,
,통일법학회,2000-04-24,194635.107792317,440281.789609466,출판인쇄업,출판사,2026-05-01 22:31:47,I,03,폐업,,0,,2003-02-06 10:47:55,,1998-04-18,151-859,서울특별시 관악구 신림동 ***-*** *층,CDFG1251001998000009,3200000,,"서울특별시 관악구 신림로**길 ***  (신림동,*층)",,03,폐업,,,,,,
,법학사,2001-05-04,194207.047894009,441054.761157922,출판인쇄업,출판사,2026-05-01 22:31:47,I,03,폐업,,0,,2003-02-06 10:47:55,,1998-04-22,151-927,서울특별시 관악구 신림동 ***-* 대학당빌딩 ***동,CDFG1251001998000010,3200000,,"서울특별시 관악구 신림로**길 *, ***동 (신림동,대학당빌딩)",,03,폐업,,,,,,
,(도)예지,2003-04-09,194912.547175192,442169.547273536,출판인쇄업,출판사,2026-05-01 22:31:47,I,03,폐업,,,,2003-04-09 14:56:08,,1998-05-22,151-844,서울특별시 관악구 봉천동 ***-** *층,CDFG1251001998000011,3200000,,"서울특별시 관악구 남부순환로***길 **  (봉천동,*층)",,03,폐업,,,,,,
,(도)창,2000-03-29,197475.793896059,441478.058819094,출판인쇄업,출판사,2026-05-01 22:31:47,I,03,폐업,,0,,2003-02-06 10:47:55,,1998-06-01,151-926,서울특별시 관악구 남현동 ****-* 중앙빌딩 지하동,CDFG1251001998000013,3200000,,"서울특별시 관악구 남부순환로 ****, 지하동 (남현동,중앙빌딩)",,03,폐업,,,,,,
,우경로북스,1999-01-21,194288.987623325,440498.379241882,출판인쇄업,출판사,2026-05-01 22:31:47,I,03,폐업,,0,0,2003-02-06 10:47:55,,1998-06-03,151-860,서울특별시 관악구 신림동 ***-***,CDFG1251001998000014,3200000,,서울특별시 관악구 대학**길 **  (신림동),,03,폐업,,,,,0,0
,(주) 팬컴,2011-01-18,196098.172995802,441274.672747921,출판인쇄업,출판사,2026-05-01 22:32:10,I,03,폐업,,,,2011-01-18 16:49:03,,2009-01-19,151-851,서울특별시 관악구 봉천동 산 **-* 낙성대길 **,CDFG1251002009000002,3200000,,"서울특별시 관악구 낙성대로 **  (봉천동,낙성대길 **)",,03,폐업,,,,02-877-2565,,
,파란시간,2024-05-30,192596.200060293,442439.83826075,출판인쇄업,출판사,2026-05-01 22:32:10,I,03,폐업,,,,2024-05-30 15:03:03,,2009-02-12,151-872,서울특별시 관악구 신림동 ***-** ***호(청솔*길**-*),CDFG1251002009000006,3200000,,"서울특별시 관악구 남부순환로***길 **-*  (신림동,***호(청솔*길**-*))",,03,폐업,,,,,,
,한국미술저작권연합회,2011-12-30,194742.342242967,441269.823419699,출판인쇄업,출판사,2026-05-01 22:32:10,I,03,폐업,,,,2011-12-30 16:46:25,,2009-03-04,,서울특별시 관악구 신림동 ***-** ***호,CDFG1251002009000013,3200000,,"서울특별시 관악구 복은*길 **  (신림동,***호)",,03,폐업,,,,051-938-2325,,
,생각과 논술,2018-07-10,196054.820333079,442856.710106301,출판인쇄업,출판사,2026-05-01 22:32:10,I,03,폐업,,,,2018-07-10 17:19:02,,2009-03-06,151-762,서울특별시 관악구 봉천동 ****-* 동아@A상가 ***동,CDFG1251002009000015,3200000,,"서울특별시 관악구 관악로**길 **, ***동 (봉천동)",,03,폐업,,,,,,
,미디어 플러스,2010-11-10,196887.999553301,441798.428966539,출판인쇄업,출판사,2026-05-01 22:32:10,I,03,폐업,,,,2010-11-10 14:20:55,,2009-03-11,151-812,서울특별시 관악구 봉천동 ****-** ***호(예술길 **),CDFG1251002009000017,3200000,,"서울특별시 관악구 남부순환로***길 **  (봉천동,***호(예술길 **))",,03,폐업,,,,02-872-4111,,
,영어산책,2015-10-28,193610.797201552,442281.285348422,출판인쇄업,출판사,2026-05-01 22:32:10,I,03,폐업,,,,2015-10-29 09:32:34,,2009-03-24,151-930,서울특별시 관악구 신림동 ****-** 삼모스포렉스 ***호(삼모길**),CDFG1251002009000022,3200000,,"서울특별시 관악구 신림로**길 ** (신림동,삼모스포렉스 ***호(삼모길**))",,03,폐업,,,,,,
,카라스,2015-06-25,192339.9363281,441817.720137549,출판인쇄업,출판사,2026-05-01 22:32:10,I,03,폐업,,,,2015-06-25 17:00:09,,2009-03-31,151-894,서울특별시 관악구 신림동 ****-* 지상*층(미성길 **-*),CDFG1251002009000024,3200000,,"서울특별시 관악구 난곡로**길 ** (신림동,지상*층(미성길 **-*))",,03,폐업,,,,,,
,투어스 21,2012-11-26,196139.864969792,439023.167125842,출판인쇄업,출판사,2026-05-01 22:32:10,I,03,폐업,,,,2012-11-27 09:04:58,,2009-04-07,151-015,서울특별시 관악구 신림동 산 **-* 서울대학교 ***동 컴퓨터 신기술 연구소,CDFG1251002009000027,3200000,,"서울특별시 관악구 관악로 * (신림동,서울대학교 ***동 컴퓨터 신기술 연구소)",,03,폐업,,,,1566-0421,,
,글자로 마술걸기,2017-02-14,197628.382480837,441115.037778292,출판인쇄업,출판사,2026-05-01 22:32:14,I,03,폐업,,,,2017-03-09 17:07:24,,2009-04-07,151-802,서울특별시 관악구 남현동 ****-* 한일유앤아이@ (남현*길*) ***동 ***호,CDFG1251002009000028,3200000,,"서울특별시 관악구 남부순환로***라길 **, ***동 ***호 (남현동,한일유앤아이@ (남현*길*))",,03,폐업,,,,,,
,랜스마크,2023-01-06,195617.041811821,441953.461666191,출판인쇄업,출판사,2026-05-01 22:32:14,I,03,폐업,,,,2023-01-06 14:28:24,,2009-04-09,151-836,서울특별시 관악구 봉천동 ***-** 관악맥스텔****호(다사롬*길**),CDFG1251002009000032,3200000,,"서울특별시 관악구 관악로**길 **-**  (봉천동,관악맥스텔****호(다사롬*길**))",,03,폐업,,,,,,
,디자인 트랜드출판사,2009-09-29,195286.029342116,441633.749621984,출판인쇄업,출판사,2026-05-01 22:32:14,I,03,폐업,,,,2009-09-29 17:30:01,,2009-05-08,151-847,서울특별시 관악구 봉천동 ****-** (청룡산길**),CDFG1251002009000037,3200000,,"서울특별시 관악구 쑥고개로**길 **  (봉천동,(청룡산길**))",,03,폐업,,,,,,
,인쇄나라,2016-01-20,195738.127258006,441841.457519841,출판인쇄업,출판사,2026-05-01 22:32:14,I,03,폐업,,,,2016-01-20 16:48:38,,2009-05-10,151-835,서울특별시 관악구 봉천동 ****-** 지상 *층,CDFG1251002009000038,3200000,,"서울특별시 관악구 관악로 *** (봉천동,지상 *층)",,03,폐업,,,,02-875-1871,,
,베드로출판사,2015-11-13,192725.775123618,442460.022270612,출판인쇄업,출판사,2026-05-01 22:32:14,I,03,폐업,,,,2015-11-13 13:43:58,,2006-11-27,,서울특별시 관악구 신림동 ***-** (장터길 **),CDFG1251002009000039,3200000,,"서울특별시 관악구 남부순환로***길 ** (신림동,(장터길 **))",,03,폐업,,,,,,
,한국공인중개사협회,2015-01-28,194734.609097744,442228.541323958,출판인쇄업,출판사,2026-05-01 22:32:14,I,03,폐업,,,,2015-01-28 14:38:53,,2009-06-02,151-058,서울특별시 관악구 봉천동 ***-** (남부순환로 ****),CDFG1251002009000041,3200000,,"서울특별시 관악구 남부순환로 **** (봉천동,(남부순환로 ****))",,03,폐업,,,,02-879-1100,,
,긍정의 빛,2018-07-10,195999.574887132,443044.700996218,출판인쇄업,출판사,2026-05-01 22:32:15,I,03,폐업,,,,2018-07-10 17:16:33,,2009-07-22,151-762,서울특별시 관악구 봉천동 **** 동아@ A상가 ***호(관서길**),CDFG1251002009000051,3200000,,"서울특별시 관악구 관악로 *** (봉천동, 동아@ A상가 ***호(관서길**))",,03,폐업,,,,,,
,코벳,2019-02-27,192881.973334958,442362.688008526,출판인쇄업,출판사,2026-05-01 22:32:15,I,03,폐업,,,,2019-02-27 14:10:18,,2009-08-18,151-014,서울특별시 관악구 신림동 ***-** 지상*층(장안길**),CDFG1251002009000055,3200000,,"서울특별시 관악구 관천로**길 ** (신림동,지상*층(장안길**))",,03,폐업,,,,,,
,도서출판 누토,2011-10-12,194564.286623691,440544.203189498,출판인쇄업,출판사,2026-05-01 22:32:15,I,03,폐업,,,,2011-10-17 16:54:24,,2009-06-16,151-859,서울특별시 관악구 신림동 ***-** (샘마을*길**),CDFG1251002009000059,3200000,주거지역,"서울특별시 관악구 신림로**길 **-**  (신림동,(샘마을*길**))",,03,폐업,주택가주변,,,,,
,도서출판 송죽기획,2009-12-01,193002.84071517,440956.70803529,출판인쇄업,출판사,2026-05-01 22:32:15,I,03,폐업,,,,2009-12-01 16:57:19,,2009-10-07,151-013,서울특별시 관악구 신림동 ***-*** ***호,CDFG1251002009000061,3200000,,"서울특별시 관악구 난곡로**길 **,  ***호 (신림동)",,03,폐업,,,,,,
근린생활시설,아름우리 주식회사,2012-02-10,198278.931088754,441387.642519775,출판인쇄업,출판사,2026-05-01 22:32:15,I,03,폐업,,80.03,5,2012-02-10 12:16:49,,2009-10-22,151-080,서울특별시 관악구 남현동 ****-** (동작대로 ***) 지산빌딩 *층,CDFG1251002009000064,3200000,일반상업지역,"서울특별시 관악구 과천대로 ***  (남현동,(동작대로 ***) 지산빌딩 *층)",,03,폐업,,,,070-8234-0000,7,
,헬로우 키드 액터(Hello Kid Actor),2019-12-02,196314.750661605,441978.621345481,출판인쇄업,출판사,2026-05-01 22:32:15,I,03,폐업,,,,2019-12-02 17:52:24,,2008-07-29,151-849,서울특별시 관악구 봉천동 ****-* (까치공원길**)*층,CDFG1251002009000065,3200000,,"서울특별시 관악구 행운길 **  (봉천동,(까치공원길**)*층)",,03,폐업,,,,02-558-5738,,
,배움세상,2012-01-26,192595.444625601,442540.68621,출판인쇄업,출판사,2026-05-01 22:32:15,I,03,폐업,,,,2012-01-26 18:16:28,,2009-11-20,151-872,서울특별시 관악구 신림동 ***-* (신사*길**)지하 *층,CDFG1251002009000068,3200000,,"서울특별시 관악구 남부순환로***가길 **  (신림동,(신사*길**)지하 *층)",,03,폐업,,,,02-869-1140,,
,사단법인화공회출판부,,197547.930819408,452999.875131153,출판인쇄업,출판사,2026-05-01 22:43:34,I,13,영업중,,0,,2003-02-07 09:13:27,,1977-09-06,110-040,서울특별시 종로구 통의동 **,CDFG1251001977000020,3000000,,서울특별시 종로구 자하문로**길 **  (통의동),,01,영업/정상,,,,,,
,주)한언,,,,출판인쇄업,출판사,2026-05-01 22:43:34,I,13,영업중,,0,,2003-02-07 09:13:27,,1977-09-30,110-160,서울특별시 종로구 공평동 **-*,CDFG1251001977000024,3000000,,,,01,영업/정상,,,,,,
,(주)유피에이,,200152.356894244,452536.550689607,출판인쇄업,출판사,2026-05-01 22:43:34,I,13,영업중,,0,,2011-10-07 15:07:57,,1977-10-05,110-850,서울특별시 종로구 효제동 **,CDFG1251001977000025,3000000,,서울특별시 종로구 대학로 **  (효제동),,01,영업/정상,,,,02-708-2521,,
,명문당,,198439.357750981,452934.990965887,출판인쇄업,출판사,2026-05-01 22:43:34,I,13,영업중,,0,,2003-02-07 09:13:27,,1977-11-19,110-240,서울특별시 종로구 안국동 **-*,CDFG1251001977000027,3000000,,서울특별시 종로구 윤보선길 **  (안국동),,01,영업/정상,,,,,,
,성도문화사,,200555.823313257,452439.730541646,출판인쇄업,출판사,2026-05-01 22:43:34,I,13,영업중,,0,,2003-02-07 09:13:27,,1977-11-23,110-844,서울특별시 종로구 충신동 **-**,CDFG1251001977000028,3000000,,,,01,영업/정상,,,,,,
,(사)대한사립학교장회,,197397.284209115,452669.83542629,출판인쇄업,출판사,2026-05-01 22:43:35,I,13,영업중,,,,2024-03-04 14:28:02,,1977-12-14,110-053,서울특별시 종로구 내자동 ** 사학회관 *층,CDFG1251001977000030,3000000,,"서울특별시 종로구 사직로 *** (내자동,사학회관 *층)",,01,영업/정상,,,,02-739-6936,,
,한국출판무역(주),,197409.611304686,452180.715601273,출판인쇄업,출판사,2026-05-01 22:43:35,I,31,등록취소,,0,,2003-02-07 09:13:27,,1978-03-07,110-062,서울특별시 종로구 신문로*가 *-***,CDFG1251001978000004,3000000,,서울특별시 종로구 경희궁길 **  (신문로*가),,04,취소/말소/만료/정지/중지,,,,,,
,도서출판 글이랑,,201841.81800586,452880.464030749,출판인쇄업,출판사,2026-05-01 22:43:47,I,31,등록취소,,0,0,2003-02-07 09:13:27,,1990-05-24,110-827,서울특별시 종로구 숭인동 ***-* 은혜빌딩*층,CDFG1251001990000035,3000000,,"서울특별시 종로구 숭인동길 **  (숭인동,은혜빌딩*층)",,04,취소/말소/만료/정지/중지,,,,,0,0
,한국이미지산업(주),,200480.177581939,452225.923030749,출판인쇄업,출판사,2026-05-01 22:43:47,I,13,영업중,,0,,2003-02-07 09:13:27,,1990-05-26,110-126,서울특별시 종로구 종로*가 ***-* 한덕빌딩**층,CDFG1251001990000036,3000000,,"서울특별시 종로구 종로**길 **  (종로*가,한덕빌딩**층)",,01,영업/정상,,,,,,
,들꽃세상,,199841.585524577,453816.715289918,출판인쇄업,출판사,2026-05-01 22:43:47,I,31,등록취소,,0,,2003-02-07 09:13:27,,1990-06-04,110-521,서울특별시 종로구 명륜*가 **,CDFG1251001990000038,3000000,,서울특별시 종로구 혜화로*길 **  (명륜*가),,04,취소/말소/만료/정지/중지,,,,,,
,에스이아이셋코리아자산운용투자자문(주),,197993.904628438,452032.958591394,출판인쇄업,출판사,2026-05-01 22:43:47,I,31,등록취소,,0,0,2003-02-07 09:13:27,,1990-06-13,110-121,서울특별시 종로구 종로*가 *-* 교보빌딩****호,CDFG1251001990000039,3000000,,"서울특별시 종로구 종로 *  (종로*가,교보빌딩****호)",,04,취소/말소/만료/정지/중지,,,,37880528,0,0
,진학기획,,197303.920114818,452271.958391002,출판인쇄업,출판사,2026-05-01 22:43:47,I,13,영업중,,0,,2003-02-07 09:13:27,,1990-06-21,110-062,서울특별시 종로구 신문로*가 *-***,CDFG1251001990000042,3000000,,서울특별시 종로구 경희궁길 **  (신문로*가),,01,영업/정상,,,,,,
,필문당,,201906.610016674,452369.83658016,출판인쇄업,출판사,2026-05-01 22:43:47,I,31,등록취소,,0,0,2003-02-07 09:13:27,,1990-07-10,110-829,서울특별시 종로구 숭인동 ****-* ****동 *호,CDFG1251001990000045,3000000,,"서울특별시 종로구 난계로**가길 **, ****동 *호 (숭인동)",,04,취소/말소/만료/정지/중지,,,,,0,0
,예문각,,,,출판인쇄업,출판사,2026-05-01 22:43:47,I,13,영업중,,0,,2003-02-07 09:13:27,,1990-07-18,110-092,서울특별시 종로구 홍파동 ***,CDFG1251001990000047,3000000,,,,01,영업/정상,,,,,,
,중국어세계,,,,출판인쇄업,출판사,2026-05-01 22:43:47,I,31,등록취소,,0,0,2003-02-07 09:13:27,,1990-08-01,110-140,서울특별시 종로구 수송동 **-*,CDFG1251001990000050,3000000,,서울특별시 종로구 율곡로*길 **  (수송동),,04,취소/말소/만료/정지/중지,,,,,0,0
,혜화당,,200084.172615902,453853.786909445,출판인쇄업,출판사,2026-05-01 22:43:47,I,13,영업중,,0,,2003-02-07 09:13:27,,1990-08-11,110-530,서울특별시 종로구 혜화동 **-*,CDFG1251001990000052,3000000,,서울특별시 종로구 창경궁로**길 **  (혜화동),,01,영업/정상,,,,,,
,(사)궁중음식연구원,,198982.434096288,453475.862005033,출판인쇄업,출판사,2026-05-01 22:43:47,I,13,영업중,,,,2014-02-24 09:07:19,,1990-08-24,110-280,서울특별시 종로구 원서동 **,CDFG1251001990000053,3000000,,서울특별시 종로구 창덕궁*길 ** (원서동),,01,영업/정상,,,,,,
,(사)한국종이접기협회,,200285.865437991,453215.079141585,출판인쇄업,출판사,2026-05-01 22:43:47,I,31,등록취소,,0,0,2003-02-07 09:13:27,,1990-10-19,110-809,"서울특별시 종로구 동숭동 *-** 석마빌딩 *,*층",CDFG1251001990000065,3000000,,"서울특별시 종로구 대학로**길 **  (동숭동,석마빌딩 *,*층)",,04,취소/말소/만료/정지/중지,,,,22644561,0,0
,교통안전홍보본부...,,,,출판인쇄업,출판사,2026-05-01 22:43:47,I,13,영업중,,0,,2003-02-07 09:13:27,,1990-10-26,110-130,서울특별시 종로구 청진동 ***-*,CDFG1251001990000068,3000000,,,,01,영업/정상,,,,,,
,한국파스칼,,200964.684774217,452138.719846742,출판인쇄업,출판사,2026-05-01 22:43:47,I,13,영업중,,0,,2003-02-07 09:13:27,,1990-11-01,110-842,서울특별시 종로구 창신동 ***-* 동창빌딩***호,CDFG1251001990000069,3000000,,"서울특별시 종로구 종로**길 **  (창신동,동창빌딩***호)",,01,영업/정상,,,,,,
,cm기획,1999-02-26,197754.665850664,441438.809541972,출판인쇄업,출판사,2026-05-01 22:31:47,I,03,폐업,,0,,2003-02-06 10:47:55,,1998-06-30,151-802,서울특별시 관악구 남현동 ****-* *층,CDFG1251001998000017,3200000,,"서울특별시 관악구 남현*길 **  (남현동,*층)",,03,폐업,,,,,,
,(도)청맥,1999-03-05,194689.022327431,442901.799932168,출판인쇄업,출판사,2026-05-01 22:31:48,I,03,폐업,,0,,2003-02-06 10:47:55,,1998-07-11,151-828,서울특별시 관악구 봉천동 ***-***,CDFG1251001998000019,3200000,,서울특별시 관악구 국회단지길 **  (봉천동),,03,폐업,,,,,,
,밀레니엄,2005-06-01,192096.349629652,442339.213626523,출판인쇄업,출판사,2026-05-01 22:31:48,I,03,폐업,,,,2005-06-01 14:55:28,,1998-09-01,151-876,서울특별시 관악구 신림동 *** *층 나열동 **호호,CDFG1251001998000024,3200000,,"서울특별시 관악구 조원로**길 **, 나열동 **호호 (신림동,*층)",,03,폐업,,,,,,
,한뫼출판사,2002-04-01,194559.035007774,440704.487367203,출판인쇄업,출판사,2026-05-01 22:31:48,I,03,폐업,,0,0,2003-02-06 10:47:55,,1998-09-18,151-859,서울특별시 관악구 신림동 ***-** *층,CDFG1251001998000025,3200000,,"서울특별시 관악구 대학*길 **  (신림동,*층)",,03,폐업,,,,,0,0
,도서출판 법현사,2001-05-25,194177.260425092,441132.516289164,출판인쇄업,출판사,2026-05-01 22:31:48,I,03,폐업,,0,0,2003-02-06 10:47:55,,1998-09-18,151-927,서울특별시 관악구 신림동 ***-**,CDFG1251001998000026,3200000,,서울특별시 관악구 신림로**길 **-**  (신림동),,03,폐업,,,,,0,0
,(도)원력,2018-12-03,197818.794102798,441549.215472149,출판인쇄업,출판사,2026-05-01 22:31:48,I,03,폐업,,,,2018-12-03 16:57:43,,1998-10-01,151-802,서울특별시 관악구 남현동 ****-**,CDFG1251001998000029,3200000,,서울특별시 관악구 남부순환로***길 * (남현동),,03,폐업,,,,34864214,,
,모은글,2003-04-09,196905.124271956,441493.171306539,출판인쇄업,출판사,2026-05-01 22:31:48,I,03,폐업,,,,2003-04-09 13:42:34,,1998-10-09,151-832,서울특별시 관악구 봉천동 ****-*,CDFG1251001998000031,3200000,,서울특별시 관악구 남부순환로***길 *  (봉천동),,03,폐업,,,,,,
,아이앤티,2012-01-16,191131.049995846,442106.666555007,출판인쇄업,출판사,2026-05-01 22:31:48,I,03,폐업,,,,2012-01-16 15:07:21,,1998-11-05,151-903,서울특별시 관악구 신림동 ****-** 대동빌딩 ***동,CDFG1251001998000034,3200000,,"서울특별시 관악구 시흥대로 ***-*, ***동 (신림동,대동빌딩)",,03,폐업,,,,,,
,시강원,1999-09-29,194091.983396734,440952.212612277,출판인쇄업,출판사,2026-05-01 22:31:48,I,03,폐업,,0,,2003-02-06 10:47:55,,1998-11-12,151-895,서울특별시 관악구 신림동 ****-* 지하,CDFG1251001998000036,3200000,,"서울특별시 관악구 호암로**가길 *  (신림동,지하)",,03,폐업,,,,,,
,법사랑,2010-12-24,195582.812990343,441900.29274736,출판인쇄업,출판사,2026-05-01 22:31:48,I,03,폐업,,,,2010-12-24 15:58:39,,1998-11-12,151-836,서울특별시 관악구 봉천동 ***-* 세종오피스텔 ***동,CDFG1251001998000037,3200000,,"서울특별시 관악구 관악로**길 **, ***동 (봉천동,세종오피스텔)",,03,폐업,,,,,,
,신화출판부,2003-02-28,194087.026130934,440876.990388036,출판인쇄업,출판사,2026-05-01 22:31:48,I,03,폐업,,,,2003-02-28 14:28:13,,1998-11-14,151-895,서울특별시 관악구 신림동 ****-**,CDFG1251001998000038,3200000,,서울특별시 관악구 호암로**길 **  (신림동),,03,폐업,,,,,,
,도서출판 레드북,2001-12-21,194657.566442244,442487.257350772,출판인쇄업,출판사,2026-05-01 22:31:48,I,03,폐업,,0,,2003-02-06 10:47:55,,1998-11-24,151-843,서울특별시 관악구 봉천동 ***-** 선주빌딩 *층동,CDFG1251001998000041,3200000,,"서울특별시 관악구 봉천로**길 **, *층동 (봉천동,선주빌딩)",,03,폐업,,,,,,
,도서출판 한국법학교육원,1999-10-28,194498.36969316,440896.049976232,출판인쇄업,출판사,2026-05-01 22:31:48,I,03,폐업,,0,0,2003-02-06 10:47:55,,1998-11-27,151-858,서울특별시 관악구 신림동 ***-* *(삼영빌딩),CDFG1251001998000042,3200000,,"서울특별시 관악구 신림로 **  (신림동,*(삼영빌딩))",,03,폐업,,,,,0,0
,디자인 문화실험실,2000-04-22,194039.483880851,441051.058359924,출판인쇄업,출판사,2026-05-01 22:31:48,I,03,폐업,,0,,2003-02-06 10:47:55,,1998-12-17,151-862,서울특별시 관악구 신림동 ****-* 아산빌딩 *층동,CDFG1251001998000044,3200000,,"서울특별시 관악구 신림로 ***, *층동 (신림동,아산빌딩)",,03,폐업,,,,,,
,화니 엔터프라이즈,2003-04-09,191631.457670089,442049.51962016,출판인쇄업,출판사,2026-05-01 22:31:48,I,03,폐업,,,,2003-04-09 15:02:13,,1998-12-31,151-877,서울특별시 관악구 신림동 ***-* 영웅빌딩 *층동,CDFG1251001998000045,3200000,,"서울특별시 관악구 남부순환로 ****, *층동 (신림동,영웅빌딩)",,03,폐업,,,,,,
,(주)브로드기획,2014-10-01,193767.935407345,442617.37610285,출판인쇄업,출판사,2026-05-01 22:31:48,I,03,폐업,,,,2014-10-01 16:55:40,,1999-01-07,151-015,서울특별시 관악구 신림동 ****-**,CDFG1251001999000001,3200000,,서울특별시 관악구 봉천로**길 ** (신림동),,03,폐업,,,,,,
,가람문학사,2002-09-11,194752.853857527,442193.292869925,출판인쇄업,출판사,2026-05-01 22:31:48,I,03,폐업,,0,0,2003-02-06 10:47:55,,1999-01-11,151-844,서울특별시 관악구 봉천동 ***-**,CDFG1251001999000003,3200000,,서울특별시 관악구 장군봉*길 **  (봉천동),,03,폐업,,,,,0,0
,세실,2009-10-29,194090.57618745,442540.435599311,출판인쇄업,출판사,2026-05-01 22:31:48,I,03,폐업,,,,2009-10-31 11:57:28,,1999-01-23,151-890,서울특별시 관악구 신림동 ****-**,CDFG1251001999000005,3200000,,서울특별시 관악구 남부순환로 ****  (신림동),,03,폐업,,,,,,
,도서출판 호암,2002-01-02,193919.984590442,439888.726728129,출판인쇄업,출판사,2026-05-01 22:31:48,I,03,폐업,,0,0,2003-02-06 10:47:55,,1999-01-29,151-863,서울특별시 관악구 신림동 ***-*** *층,CDFG1251001999000006,3200000,,"서울특별시 관악구 호암로 ***  (신림동,*층)",,03,폐업,,,,,0,0
,역사체험연구소,2017-07-10,193578.742465284,443547.049696825,출판인쇄업,출판사,2026-05-01 22:32:15,I,03,폐업,,,,2017-07-10 17:14:58,,2009-12-06,151-752,서울특별시 관악구 봉천동 ****-* 보라매삼성아파트 상가 지층 *호,CDFG1251002009000070,3200000,,"서울특별시 관악구 보라매로 **, 지층 *호 (봉천동, 보라매삼성아파트 상가)",,03,폐업,,,,,,
,(도서출판) 천지창조,2010-03-23,196818.631495591,441680.161209687,출판인쇄업,출판사,2026-05-01 22:32:15,I,03,폐업,,,,2010-03-23 12:32:40,,2009-12-28,151-056,서울특별시 관악구 봉천동 ****-** Sky B/D (관동*길**),CDFG1251002009000073,3200000,,"서울특별시 관악구 솔밭로*길 **  (봉천동,Sky B/D (관동*길**))",,03,폐업,,,,02-871-1419,,
,한국창의영재교육연구원,2018-12-31,195471.074152716,442904.541727979,출판인쇄업,출판사,2026-05-01 22:32:15,I,03,폐업,,,,2018-12-31 15:20:57,,2010-01-13,151-055,서울특별시 관악구 봉천동 ***-*** (가능길**) 구암프라자 *층***호,CDFG1251002010000001,3200000,,"서울특별시 관악구 은천로**길 ** (봉천동,(가능길**) 구암프라자 *층***호)",,03,폐업,,,,02-874-0083,,
,다우종합,2011-04-18,193734.545704275,441825.472660717,출판인쇄업,출판사,2026-05-01 22:32:15,I,03,폐업,,,,2011-04-18 16:11:19,,2010-01-24,151-901,서울특별시 관악구 신림동 ****-** (둥그레*길**-*) ***호,CDFG1251002010000005,3200000,,"서울특별시 관악구 문성로**가길 **-*  (신림동,(둥그레*길**-*) ***호)",,03,폐업,,,,,,
,갈라파고스,2014-04-17,195521.098593741,441931.76973948,출판인쇄업,출판사,2026-05-01 22:32:15,I,03,폐업,,,,2014-04-17 17:07:20,,2010-02-02,151-058,서울특별시 관악구 봉천동 ***-* (원앙길**) 하늘채오피스텔 *층***호,CDFG1251002010000007,3200000,,"서울특별시 관악구 관악로**길 ** (봉천동,(원앙길**) 하늘채오피스텔 *층***호)",,03,폐업,,,,1600-4622,,
,솔모,2012-05-21,192622.54613062,442354.112086703,출판인쇄업,출판사,2026-05-01 22:32:15,I,03,폐업,,,,2012-05-21 16:49:36,,2010-02-02,151-872,서울특별시 관악구 신림동 ***-** *층,CDFG1251002010000008,3200000,,"서울특별시 관악구 남부순환로***길 *-* (신림동,*층)",,03,폐업,,,,,,
,도서출판 JP,2016-03-25,193428.842639657,442931.779483005,출판인쇄업,출판사,2026-05-01 22:32:15,I,03,폐업,,,,2016-03-25 15:20:41,,2006-07-24,151-015,서울특별시 관악구 신림동 ****-** (새들*길**),CDFG1251002010000010,3200000,,"서울특별시 관악구 관천로**길 ** (신림동,(새들*길**))",,03,폐업,,,,,,
,야베스출판사,2025-09-23,195588.796492288,442098.372819317,출판인쇄업,출판사,2026-05-01 22:32:15,I,03,폐업,,,,2025-09-24 13:27:49,,2010-02-06,151-058,서울특별시 관악구 봉천동 ***-** (남부순환로****)센츄리타워 ****호,CDFG1251002010000011,3200000,,"서울특별시 관악구 남부순환로 ****  (봉천동,(남부순환로****)센츄리타워 ****호)",,03,폐업,,,,,,
,도서출판 한행문학,2014-09-29,195582.812990343,441900.29274736,출판인쇄업,출판사,2026-05-01 22:32:16,I,03,폐업,,,,2014-09-29 18:11:32,,2010-02-09,151-836,서울특별시 관악구 봉천동 ***-* 세종빌딩 ***호,CDFG1251002010000013,3200000,,서울특별시 관악구 관악로**길 ** (봉천동),,03,폐업,,,,070-8742-2050,,
,영어교육,2016-02-01,195001.247368658,440676.537688475,출판인쇄업,출판사,2026-05-01 22:32:16,I,03,폐업,,,,2016-02-02 10:38:56,,2010-02-23,151-858,서울특별시 관악구 신림동 **** (문화*길*) 신림*차 금호타운 ***동 ***호,CDFG1251002010000021,3200000,,"서울특별시 관악구 신림로*가길 *, ***동 ***호 (신림동,(문화*길*) 신림*차 금호타운)",,03,폐업,,,,,,
,오책,2023-02-16,195563.161650411,443064.437566493,출판인쇄업,출판사,2026-05-01 22:32:16,I,03,폐업,,,,2023-02-16 10:22:18,,2010-02-26,,서울특별시 관악구 봉천동 **** 관악드림타운아파트 ***동 ***호,CDFG1251002010000022,3200000,,"서울특별시 관악구 성현로 **, ***동 ***호 (봉천동, 관악드림타운아파트)",08725,03,폐업,,,,,,
아파트,동네산책,2015-01-21,196510.431759616,440540.10250998,출판인쇄업,출판사,2026-05-01 22:32:16,I,03,폐업,,,,2015-01-21 09:15:13,,2009-12-15,151-919,서울특별시 관악구 봉천동 산 *-* (관악로***) 서울대학교 가족생활동 ***동 ***호,CDFG1251002010000027,3200000,주거지역,"서울특별시 관악구 관악로 *, ***동 ***호 (봉천동, (관악로***) 서울대학교 가족생활동)",,03,폐업,,,,80762902,,
,아영사,2015-09-25,193982.004109395,440619.48366209,출판인쇄업,출판사,2026-05-01 22:32:16,I,03,폐업,,,,2015-09-25 14:43:30,,2010-05-17,151-897,서울특별시 관악구 신림동 ****-** (동심*길**) 동도빌라트 ***호,CDFG1251002010000036,3200000,,"서울특별시 관악구 호암로**길 ** (신림동,(동심*길**) 동도빌라트 ***호)",,03,폐업,,,,,,
,나무기획,2019-02-12,192837.349062655,442228.789945361,출판인쇄업,출판사,2026-05-01 22:32:16,I,03,폐업,,,,2019-02-12 11:29:07,,2010-05-17,151-899,서울특별시 관악구 신림동 ****-** (성보길**-*) ***호,CDFG1251002010000037,3200000,,"서울특별시 관악구 난곡로**길 ** (신림동,(성보길**-*) ***호)",,03,폐업,,,,,,
,維明書舍,2014-01-22,193309.436209791,441930.760695905,출판인쇄업,출판사,2026-05-01 22:32:16,I,03,폐업,,,,2014-01-22 18:05:05,,2010-05-27,151-900,서울특별시 관악구 신림동 ****-* 지하*층,CDFG1251002010000038,3200000,,"서울특별시 관악구 문성로**길 *-* (신림동,지하*층)",,03,폐업,,,,,,
,도서출판 은천,2010-12-06,195094.976861639,443318.372247205,출판인쇄업,출판사,2026-05-01 22:32:16,I,03,폐업,,,,2010-12-06 17:42:30,,2010-05-28,151-055,서울특별시 관악구 봉천동 ****-* 지상 *층,CDFG1251002010000039,3200000,,"서울특별시 관악구 성현로 **  (봉천동,지상 *층)",,03,폐업,,,,02-871-7850,,
,정안아카데미,2011-04-04,194677.94168796,440742.486470561,출판인쇄업,출판사,2026-05-01 22:32:16,I,03,폐업,,,,2011-04-04 11:29:49,,2010-06-07,151-859,서울특별시 관악구 신림동 ***-*** (샘마을*길**)***호,CDFG1251002010000041,3200000,,"서울특별시 관악구 대학*길 **  (신림동,(샘마을*길**)***호)",,03,폐업,,,,,,
,Public-Intelligence,2010-06-16,195159.684035715,442329.360541658,출판인쇄업,출판사,2026-05-01 22:32:16,I,03,폐업,,,,2011-02-16 16:58:50,,2001-12-06,151-069,서울특별시 관악구 봉천동 ***-** (봉천로 **-*) 태화빌딩 *층,CDFG1251002010000042,3200000,,"서울특별시 관악구 봉천로 ***  (봉천동,(봉천로 **-*) 태화빌딩 *층)",,03,폐업,,,,,,
,현상과 인식,2010-07-06,195749.807818865,441904.517972976,출판인쇄업,출판사,2026-05-01 22:32:16,I,03,폐업,,,,2010-07-06 15:49:50,,2006-07-31,151-057,서울특별시 관악구 봉천동 ***-* (관악로***) ****호,CDFG1251002010000043,3200000,,"서울특별시 관악구 관악로 ***  (봉천동,(관악로***) ****호)",,03,폐업,,,,,,
,서원기획,2013-12-24,196305.381165304,442780.903954526,출판인쇄업,출판사,2026-05-01 22:32:17,I,03,폐업,,,,2013-12-24 15:15:14,,2008-12-18,151-053,서울특별시 관악구 봉천동 **-** 지상 *층,CDFG1251002010000051,3200000,,"서울특별시 관악구 청림*길 **-** (봉천동,지상 *층)",,03,폐업,,,,,,
,nobooks(노북스),2014-12-11,197057.721251811,440817.715372786,출판인쇄업,출판사,2026-05-01 22:32:17,I,03,폐업,,,,2014-12-11 18:06:02,,2010-08-25,151-815,서울특별시 관악구 봉천동 ***-*** 우월궁전빌리지 ***호,CDFG1251002010000054,3200000,,"서울특별시 관악구 인헌**길 **-* (봉천동,우월궁전빌리지 ***호)",,03,폐업,,,,,,
,(주)공간사,,198902.315273674,452827.017872413,출판인쇄업,출판사,2026-05-01 22:43:35,I,13,영업중,,,,2004-08-11 11:31:47,,1978-04-25,110-280,서울특별시 종로구 원서동 ***,CDFG1251001978000008,3000000,,서울특별시 종로구 율곡로 **  (원서동),,01,영업/정상,,,,02-747-2892,,
,(주)고려원,,,,출판인쇄업,출판사,2026-05-01 22:43:35,I,31,등록취소,,0,,2003-02-07 09:13:27,,1978-05-25,110-310,서울특별시 종로구 경운동 **-**,CDFG1251001978000012,3000000,,,,04,취소/말소/만료/정지/중지,,,,,,
,도서출판교육문화사,,201694.86328361,452509.815149026,출판인쇄업,출판사,2026-05-01 22:43:35,I,13,영업중,,0,0,2003-02-07 09:13:27,,1978-06-16,110-824,서울특별시 종로구 숭인동 ***-***,CDFG1251001978000014,3000000,,서울특별시 종로구 종로**길 **  (숭인동),,01,영업/정상,,,,,0,0
,새싹교회출판부,,199531.466683938,453984.975247698,출판인쇄업,출판사,2026-05-01 22:43:35,I,13,영업중,,0,,2010-08-09 13:59:51,,1978-06-29,110-812,서울특별시 종로구 명륜*가 **-* 지하,CDFG1251001978000015,3000000,,"서울특별시 종로구 성균관로*길 **-*  (명륜*가,지하)",,01,영업/정상,,,,,,
,대한소방공론사,,196812.24262726,451785.296574342,출판인쇄업,출판사,2026-05-01 22:43:35,I,31,등록취소,,0,0,2003-02-07 09:13:27,,1978-09-07,110-100,서울특별시 종로구 교남동 **-*,CDFG1251001978000018,3000000,,서울특별시 종로구 통일로 ***-*  (교남동),,04,취소/말소/만료/정지/중지,,,,,0,0
,도서출판 뿌리깊은나무,,198910.899366062,452750.505122507,출판인쇄업,출판사,2026-05-01 22:43:35,I,31,등록취소,,0,0,2003-02-07 09:13:27,,1978-09-07,110-350,서울특별시 종로구 운니동 **-** 가든타워빌딩***호,CDFG1251001978000019,3000000,,"서울특별시 종로구 율곡로 **  (운니동,가든타워빌딩***호)",,04,취소/말소/만료/정지/중지,,,,,0,0
,(사)퇴계학연구원,,199698.708751424,453487.534406085,출판인쇄업,출판사,2026-05-01 22:43:46,I,13,영업중,,0,,2003-02-07 09:13:27,,1989-12-15,110-812,서울특별시 종로구 명륜*가 ***-* 명륜빌딩***호,CDFG1251001989000053,3000000,,"서울특별시 종로구 창경궁로**길 **  (명륜*가,명륜빌딩***호)",,01,영업/정상,,,,,,
,선화교육사,,198737.712476986,451849.035148545,출판인쇄업,출판사,2026-05-01 22:43:46,I,31,등록취소,,0,0,2003-02-07 09:13:27,,1989-12-22,110-111,서울특별시 종로구 관철동 **-*,CDFG1251001989000054,3000000,,서울특별시 종로구 삼일대로**길 **  (관철동),,04,취소/말소/만료/정지/중지,,,,,0,0
,연경문화사,,200406.037605797,451958.757188908,출판인쇄업,출판사,2026-05-01 22:43:46,I,13,영업중,,0,,2003-02-07 09:13:27,,1990-01-12,110-836,서울특별시 종로구 종로*가 ***-*,CDFG1251001990000002,3000000,,서울특별시 종로구 청계천로 ***  (종로*가),,01,영업/정상,,,,,,
,정보문화사,,200247.165180477,453407.18009275,출판인쇄업,출판사,2026-05-01 22:43:46,I,13,영업중,,0,0,2020-02-08 15:06:29,,1990-02-14,,서울특별시 종로구 동숭동 *-**,CDFG1251001990000008,3000000,,서울특별시 종로구 동숭길 *** (동숭동),03086,01,영업/정상,,,,02-3673-0114,0,0
,예니,,196092.743907822,456198.595931715,출판인쇄업,출판사,2026-05-01 22:43:46,I,13,영업중,,0,,2012-04-30 14:48:07,,1990-02-19,110-803,서울특별시 종로구 구기동 ***-* 요진오피스텔 ***호,CDFG1251001990000009,3000000,,"서울특별시 종로구 진흥로 ***,  ***호 (구기동,요진오피스텔)",,01,영업/정상,,,,02-395-8940,,
,숭문사,,,,출판인쇄업,출판사,2026-05-01 22:43:46,I,13,영업중,,0,,2003-02-07 09:13:27,,1990-03-02,110-062,서울특별시 종로구 신문로*가 **-** *층,CDFG1251001990000012,3000000,,,,01,영업/정상,,,,,,
,한국만화선교회,,201906.610016674,452369.83658016,출판인쇄업,출판사,2026-05-01 22:43:46,I,13,영업중,,0,,2003-02-07 09:13:27,,1990-03-06,110-829,서울특별시 종로구 숭인동 ****-*,CDFG1251001990000013,3000000,,서울특별시 종로구 난계로**가길 **  (숭인동),,01,영업/정상,,,,,,
,심학당,,198954.756855442,452290.138169454,출판인쇄업,출판사,2026-05-01 22:43:46,I,13,영업중,,0,,2003-02-07 09:13:27,,1990-03-09,110-320,서울특별시 종로구 낙원동 **-*,CDFG1251001990000014,3000000,,서울특별시 종로구 수표로**길 *  (낙원동),,01,영업/정상,,,,,,
,아이엠(IAM),2005-12-05,191494.217231529,442341.131994796,출판인쇄업,출판사,2026-05-01 22:31:48,I,03,폐업,,,,2005-12-05 15:47:26,,1999-02-05,151-903,서울특별시 관악구 신림동 ****-* 강남빌딩***호,CDFG1251001999000008,3200000,,"서울특별시 관악구 조원로 **  (신림동,강남빌딩***호)",,03,폐업,,,,,,
,크로스포인트,2000-07-24,194251.993751053,440823.521957983,출판인쇄업,출판사,2026-05-01 22:31:48,I,03,폐업,,0,0,2003-02-06 10:47:55,,1999-02-11,151-895,서울특별시 관악구 신림동 ****-** *층,CDFG1251001999000009,3200000,,"서울특별시 관악구 호암로**길 **  (신림동,*층)",,03,폐업,,,,,0,0
,한국철학교육아카데미출판부,1999-04-21,196640.639617925,441750.127954213,출판인쇄업,출판사,2026-05-01 22:31:48,I,03,폐업,,0,0,2003-02-06 10:47:55,,1999-02-25,151-812,서울특별시 관악구 봉천동 ****-* 대영빌딩*층,CDFG1251001999000010,3200000,,"서울특별시 관악구 솔밭로 *  (봉천동,대영빌딩*층)",,03,폐업,,,,,0,0
,바이블네트,2006-06-27,194784.674072634,441901.229757617,출판인쇄업,출판사,2026-05-01 22:31:48,I,03,폐업,,,,2006-06-27 15:00:43,,1999-02-26,151-844,서울특별시 관악구 봉천동 ****-** *층,CDFG1251001999000011,3200000,,"서울특별시 관악구 쑥고개로 **  (봉천동,*층)",,03,폐업,,,,,,
,뉴밀레니엄,2000-05-18,194968.222320793,442190.823231532,출판인쇄업,출판사,2026-05-01 22:31:48,I,03,폐업,,0,0,2003-02-06 10:47:55,,1999-03-13,151-842,서울특별시 관악구 봉천동 ***-** 대원빌딩 *층동,CDFG1251001999000013,3200000,,"서울특별시 관악구 남부순환로 ****, *층동 (봉천동,대원빌딩)",,03,폐업,,,,,0,0
,명공출판사,2000-03-28,192287.766834769,442588.729239934,출판인쇄업,출판사,2026-05-01 22:31:48,I,03,폐업,,0,0,2003-02-06 10:47:55,,1999-03-19,151-874,서울특별시 관악구 신림동 ***-* *층,CDFG1251001999000014,3200000,,"서울특별시 관악구 난곡로 ***  (신림동,*층)",,03,폐업,,,,,0,0
,(주)타라그래픽스,2004-01-30,193350.027022729,443216.750634836,출판인쇄업,출판사,2026-05-01 22:31:48,I,03,폐업,,,,2004-01-30 16:23:51,,1999-03-22,151-830,서울특별시 관악구 봉천동 ***-** 눈높이보라매센터 *층동,CDFG1251001999000015,3200000,,"서울특별시 관악구 보라매로*길 **, *층동 (봉천동,눈높이보라매센터)",,03,폐업,,,,,,
,(주) 만파,2001-12-12,195552.716970459,441870.424912863,출판인쇄업,출판사,2026-05-01 22:31:48,I,03,폐업,,0,0,2003-02-06 10:47:55,,1999-03-25,151-846,서울특별시 관악구 봉천동 ****-* *층,CDFG1251001999000016,3200000,,"서울특별시 관악구 쑥고개로 ***  (봉천동,*층)",,03,폐업,,,,,0,0
,도서출판 노벨,2000-02-26,196039.722488645,441715.99676525,출판인쇄업,출판사,2026-05-01 22:31:49,I,03,폐업,,0,0,2003-02-06 10:47:55,,1999-03-29,151-848,서울특별시 관악구 봉천동 ****-** 지층,CDFG1251001999000017,3200000,,"서울특별시 관악구 관악로**길 **  (봉천동,지층)",,03,폐업,,,,,0,0
,넥스젠빠른워드(주),2000-08-17,196461.877883079,441740.147864529,출판인쇄업,출판사,2026-05-01 22:31:49,I,03,폐업,,0,0,2003-02-06 10:47:55,,1999-03-29,151-818,서울특별시 관악구 봉천동 ****-* *층,CDFG1251001999000019,3200000,,"서울특별시 관악구 남부순환로 ****  (봉천동,*층)",,03,폐업,,,,,0,0
,한길아카데미,2023-03-16,194579.820630284,440904.873823748,출판인쇄업,출판사,2026-05-01 22:31:49,I,03,폐업,,,,2023-03-16 15:24:07,,1999-04-06,151-858,서울특별시 관악구 신림동 ***-** A동 *층동,CDFG1251001999000023,3200000,,"서울특별시 관악구 신림로 **, *층동 (신림동,A동)",,03,폐업,,,,,,
,도서출판 미래이음,2003-04-09,196860.409787058,441479.610576333,출판인쇄업,출판사,2026-05-01 22:31:49,I,03,폐업,,,,2003-04-09 14:56:24,,1999-04-08,151-832,서울특별시 관악구 봉천동 ****-* *층,CDFG1251001999000024,3200000,,"서울특별시 관악구 봉천로 ***-*  (봉천동,*층)",,03,폐업,,,,,,
,미래바출판사,1999-10-25,197746.281843216,441215.295892862,출판인쇄업,출판사,2026-05-01 22:31:49,I,03,폐업,,0,0,2003-02-06 10:47:55,,1999-04-12,151-802,서울특별시 관악구 남현동 ****-** *층,CDFG1251001999000026,3200000,,"서울특별시 관악구 남현길 **  (남현동,*층)",,03,폐업,,,,,0,0
,도서출판 렉스,2006-06-22,194498.36969316,440896.049976232,출판인쇄업,출판사,2026-05-01 22:31:49,I,03,폐업,,,,2006-06-22 14:09:00,,1999-04-12,151-858,서울특별시 관악구 신림동 ***-* *층,CDFG1251001999000027,3200000,,"서울특별시 관악구 신림로 **  (신림동,*층)",,03,폐업,,,,,,
,도서출판 한,2004-01-26,196836.203904653,441623.53861885,출판인쇄업,출판사,2026-05-01 22:31:49,I,03,폐업,,,,2004-01-26 14:34:15,,1999-04-26,151-812,서울특별시 관악구 봉천동 ****-*** 관봉빌딩 ***동,CDFG1251001999000029,3200000,,"서울특별시 관악구 남부순환로 ****, ***동 (봉천동,관봉빌딩)",,03,폐업,,,,,,
,(주)도서출판 테크북,2000-04-21,194576.681372994,442494.332548146,출판인쇄업,출판사,2026-05-01 22:31:49,I,03,폐업,,0,0,2003-02-06 10:47:55,,1999-05-10,151-827,서울특별시 관악구 봉천동 ***-* 대각빌딩*층,CDFG1251001999000030,3200000,,"서울특별시 관악구 봉천로 ***  (봉천동,대각빌딩*층)",,03,폐업,,,,,0,0
,도서출판북스텍,2002-07-04,194303.488957855,440814.94333748,출판인쇄업,출판사,2026-05-01 22:31:49,I,03,폐업,,0,0,2003-02-06 10:47:55,,1999-05-18,151-895,서울특별시 관악구 신림동 ****-**,CDFG1251001999000031,3200000,,서울특별시 관악구 호암로**길 **  (신림동),,03,폐업,,,,,0,0
,도서출판 한운사,1999-06-18,,,출판인쇄업,출판사,2026-05-01 22:31:49,I,03,폐업,,0,0,2003-02-06 10:47:55,,1999-05-20,151-841,서울특별시 관악구 봉천동 ****-**,CDFG1251001999000032,3200000,,,,03,폐업,,,,,0,0
,현대미래교육문화(주),2003-02-07,196631.023343907,441655.970495238,출판인쇄업,출판사,2026-05-01 22:31:49,I,03,폐업,,,,2003-02-11 09:42:48,,1999-06-07,151-832,서울특별시 관악구 봉천동 ****-* *층,CDFG1251001999000035,3200000,,"서울특별시 관악구 남부순환로 ****  (봉천동,*층)",,03,폐업,,,,,,
,중앙만화에니메이션교육원,2001-12-12,193791.488518564,442492.6144061,출판인쇄업,출판사,2026-05-01 22:31:49,I,03,폐업,,0,0,2003-02-06 10:47:55,,1999-06-24,151-015,서울특별시 관악구 신림동 ****-** 영일빌딩 ***호,CDFG1251001999000038,3200000,,"서울특별시 관악구 남부순환로 ****,  ***호 (신림동,영일빌딩)",,03,폐업,,,,,0,0
,바이블로드,2015-04-30,194969.500442789,441945.481588201,출판인쇄업,출판사,2026-05-01 22:31:49,I,03,폐업,,,,2015-04-30 16:36:45,,1999-07-30,151-833,서울특별시 관악구 봉천동 ****-** *층,CDFG1251001999000039,3200000,,"서울특별시 관악구 쑥고개로 ** (봉천동,*층)",,03,폐업,,,,,,
,한국PL센터,2000-08-01,194119.303123413,441768.16015038,출판인쇄업,출판사,2026-05-01 22:31:49,I,03,폐업,,0,0,2003-02-06 10:47:55,,1999-08-24,151-853,서울특별시 관악구 신림동 **-***,CDFG1251001999000040,3200000,,서울특별시 관악구 신림로**가길 *  (신림동),,03,폐업,,,,,0,0
,청풍명월,2021-01-29,196944.124634252,441571.711799144,출판인쇄업,출판사,2026-05-01 22:32:17,I,03,폐업,,,,2021-01-29 14:59:59,,2010-09-03,151-812,서울특별시 관악구 봉천동 ****-*** 지하 *층,CDFG1251002010000055,3200000,,"서울특별시 관악구 남부순환로 ****  (봉천동,지하 *층)",,03,폐업,,,,,,
,한국건설기계정보,2018-07-19,193188.767921718,442739.99973813,출판인쇄업,출판사,2026-05-01 22:32:17,I,03,폐업,,,,2018-07-19 14:11:45,,2001-09-05,151-928,서울특별시 관악구 신림동 ****-** ***호,CDFG1251002010000056,3200000,,"서울특별시 관악구 신림동길 ** (신림동,***호)",,03,폐업,,,,,,
,도서출판 향기,2019-02-26,198126.798719413,441067.981651541,출판인쇄업,출판사,2026-05-01 22:32:17,I,03,폐업,,,,2019-02-26 16:27:24,,2010-09-29,151-080,서울특별시 관악구 남현동 ***-*** 미래탑 ***호,CDFG1251002010000059,3200000,,"서울특별시 관악구 승방*길 ** (남현동,미래탑 ***호)",,03,폐업,,,,,,
,우리미디어,2024-12-02,194474.703244457,442836.808759148,출판인쇄업,출판사,2026-05-01 22:32:17,I,03,폐업,,,,2024-12-02 18:16:39,,2010-11-03,151-913,서울특별시 관악구 봉천동 ***-**,CDFG1251002010000064,3200000,,서울특별시 관악구 은천로*길 **  (봉천동),,03,폐업,,,,02-6325-0259,,
,해피싸이언스,2013-12-20,192764.97782172,442439.590454476,출판인쇄업,출판사,2026-05-01 22:32:17,I,03,폐업,,,,2013-12-20 15:14:06,,2010-11-08,151-014,서울특별시 관악구 신림동 ***-*,CDFG1251002010000065,3200000,,서울특별시 관악구 남부순환로***길 ** (신림동),,03,폐업,,,,,,
,도서출판 은교,2020-04-22,194125.082359749,441211.358426622,출판인쇄업,출판사,2026-05-01 22:32:17,I,03,폐업,,,,2020-04-22 17:17:39,,2010-11-15,151-012,서울특별시 관악구 신림동 ***-** 지상 *층,CDFG1251002010000066,3200000,,"서울특별시 관악구 신림로**길 **  (신림동,지상 *층)",,03,폐업,,,,,,
,넥센 미디어,2017-06-02,194122.587839595,442487.656391047,출판인쇄업,출판사,2026-05-01 22:32:17,I,03,폐업,,,,2017-06-05 11:24:52,,2010-12-06,151-852,서울특별시 관악구 신림동 ****-* 연강빌딩 ***호,CDFG1251002010000070,3200000,,"서울특별시 관악구 남부순환로 **** (신림동,연강빌딩 ***호)",,03,폐업,,,,,,
,Hermes & media,2011-11-16,193682.84583529,440538.769838758,출판인쇄업,출판사,2026-05-01 22:32:17,I,03,폐업,,,,2011-11-16 20:43:10,,2010-12-07,151-019,서울특별시 관악구 신림동 ***-* 청하빌딩 ***호,CDFG1251002010000071,3200000,,"서울특별시 관악구 광신길 ***  (신림동,청하빌딩 ***호)",,03,폐업,,,,,,
,좋은책 문디,2014-12-03,194664.954604339,441642.61271409,출판인쇄업,출판사,2026-05-01 22:32:17,I,03,폐업,,,,2014-12-03 15:29:00,,2007-07-19,151-012,서울특별시 관악구 신림동 **-** *층,CDFG1251002010000074,3200000,,"서울특별시 관악구 참숯*길 ** (신림동,*층)",,03,폐업,,,,,,
,고려기술,2014-12-30,196350.708293561,442532.440501316,출판인쇄업,출판사,2026-05-01 22:32:17,I,03,폐업,,,,2014-12-30 13:43:06,,2010-12-21,151-775,서울특별시 관악구 봉천동 **** 우성아파트 ***동 ****호,CDFG1251002010000076,3200000,,"서울특별시 관악구 관악로**길 **, ***동 ****호 (봉천동,우성아파트)",,03,폐업,,,,,,
,가은 출판사,2012-09-26,194025.232008365,440957.820196328,출판인쇄업,출판사,2026-05-01 22:32:17,I,03,폐업,,,,2012-09-26 11:14:03,,2010-12-24,151-019,서울특별시 관악구 신림동 ****-* *층 ***호,CDFG1251002010000079,3200000,,"서울특별시 관악구 호암로 *** (신림동,*층 ***호)",,03,폐업,,,,,,
,엘투스북,2020-04-03,193727.444975053,442644.322203979,출판인쇄업,출판사,2026-05-01 22:32:17,I,03,폐업,,,,2020-04-03 17:35:21,,2011-01-12,151-015,서울특별시 관악구 신림동 ****-** 동아빌딩 ***호,CDFG1251002011000004,3200000,,"서울특별시 관악구 신림로 ***,  ***호 (신림동,동아빌딩)",,03,폐업,,,,02-855-4001,,
,아영,2012-11-05,194516.791413551,440363.81102897,출판인쇄업,출판사,2026-05-01 22:32:17,I,03,폐업,,,,2012-11-05 14:01:53,,2011-02-09,151-019,서울특별시 관악구 신림동 ***-*** *층,CDFG1251002011000006,3200000,,"서울특별시 관악구 대학**길 *-* (신림동,*층)",,03,폐업,,,,,,
,민중문화사,2022-09-14,195478.099238389,442528.04622223,출판인쇄업,출판사,2026-05-01 22:32:18,I,03,폐업,,,,2022-09-14 15:48:43,,2011-02-11,,서울특별시 관악구 봉천동 **** 신봉아파트 ***동 ****호,CDFG1251002011000008,3200000,,"서울특별시 관악구 양녕로*나길 **, ***동 ****호 (봉천동, 신봉아파트)",08746,03,폐업,,,,,,
,앱툴,2014-12-30,196510.431759616,440540.10250998,출판인쇄업,출판사,2026-05-01 22:32:18,I,03,폐업,,,,2014-12-30 13:05:11,,2011-02-18,151-919,서울특별시 관악구 봉천동 산 *-* 서울대연구공원단지 SK텔레콤연구소 *층 K*실,CDFG1251002011000012,3200000,,"서울특별시 관악구 관악로 * (봉천동, 서울대연구공원단지 SK텔레콤연구소 *층 K*실)",,03,폐업,,,,070-7432-1641,,
,(주)도와줘,2017-07-06,193799.375470808,442555.211429066,출판인쇄업,출판사,2026-05-01 22:32:18,I,03,폐업,,,,2017-07-06 14:33:27,,2011-03-15,151-015,서울특별시 관악구 신림동 ****-** 한서빌딩 ***호,CDFG1251002011000018,3200000,,"서울특별시 관악구 신림로**길 **, ***호 (신림동,한서빌딩)",,03,폐업,,,,89458945,,
,주식회사 조이에듀,2015-04-30,196085.174212823,442713.035968585,출판인쇄업,출판사,2026-05-01 22:32:18,I,03,폐업,,,,2015-04-30 16:36:06,,2011-03-17,151-805,서울특별시 관악구 봉천동 **-** *층,CDFG1251002011000019,3200000,,"서울특별시 관악구 관악로**길 * (봉천동,*층)",,03,폐업,,,,02-887-2644,,
,한들epublication,2018-04-13,194529.493102355,441227.39937679,출판인쇄업,출판사,2026-05-01 22:32:18,I,03,폐업,,,,2018-04-13 11:19:59,,2011-03-22,151-856,서울특별시 관악구 신림동 ***-** *층,CDFG1251002011000020,3200000,,"서울특별시 관악구 서림길 ** (신림동,*층)",,03,폐업,,,,,,
,나무 print,2017-01-12,194653.168301133,440911.670740352,출판인쇄업,출판사,2026-05-01 22:32:18,I,03,폐업,,,,2017-01-18 16:22:15,,2011-04-05,151-019,서울특별시 관악구 신림동 ***-* 지상 *층,CDFG1251002011000026,3200000,,"서울특별시 관악구 신림로 ** (신림동,지상 *층)",,03,폐업,,,,02-877-2787,,
,만국활계남조선,2016-01-12,194388.623587568,442386.786962966,출판인쇄업,출판사,2026-05-01 22:32:18,I,03,폐업,,,,2016-01-12 13:23:54,,2011-04-11,151-799,서울특별시 관악구 신림동 **-*** 성우아파트 지층 상가 ***호,CDFG1251002011000028,3200000,,"서울특별시 관악구 남부순환로***길 * (신림동,성우아파트 지층 상가 ***호)",,03,폐업,,,,02-879-1268,,
,도서출판 부커스,2014-12-26,196814.839292031,441712.623429776,출판인쇄업,출판사,2026-05-01 22:32:18,I,03,폐업,,,,2014-12-26 16:09:12,,2011-04-21,151-812,서울특별시 관악구 봉천동 ****-** 체이스빌 ***호,CDFG1251002011000029,3200000,,"서울특별시 관악구 솔밭로*길 ** (봉천동,체이스빌 ***호)",,03,폐업,,,,,,
,시나단,2019-07-11,195650.400436567,442423.445853454,출판인쇄업,출판사,2026-05-01 22:32:18,I,03,폐업,,,,2019-07-11 17:03:51,,2011-04-28,151-838,서울특별시 관악구 봉천동 ****-** ***호,CDFG1251002011000031,3200000,,"서울특별시 관악구 양녕로*라길 **, ***호 (봉천동)",,03,폐업,,,,,,
,(주)한국갤럽조사연구소,,197036.744954243,452422.601424505,출판인쇄업,출판사,2026-05-01 22:43:35,I,13,영업중,,,,2018-07-12 13:43:24,,1978-09-11,110-054,서울특별시 종로구 사직동 *** *층,CDFG1251001978000020,3000000,,"서울특별시 종로구 사직로 ** (사직동,*층)",,01,영업/정상,,,,02-3702-2166,,
,불교출판사,,201185.30485583,452517.45748458,출판인쇄업,출판사,2026-05-01 22:43:36,I,13,영업중,,0,0,2003-02-07 09:13:27,,1978-10-10,110-838,서울특별시 종로구 창신동 **-*,CDFG1251001978000022,3000000,,서울특별시 종로구 창신*마길 *  (창신동),,01,영업/정상,,,,,0,0
,한국공익문제연구원,,200153.322797562,453332.518876344,출판인쇄업,출판사,2026-05-01 22:43:36,I,13,영업중,,0,,2003-02-07 09:13:27,,1978-10-12,110-809,서울특별시 종로구 동숭동 *-** 대학성빌딩*층,CDFG1251001978000023,3000000,,"서울특별시 종로구 대학로*가길 **  (동숭동,대학성빌딩*층)",,01,영업/정상,,,,,,
,아세아사,,198616.698530133,452701.064857588,출판인쇄업,출판사,2026-05-01 22:43:36,I,13,영업중,,0,,2003-02-07 09:13:27,,1978-11-10,110-240,서울특별시 종로구 안국동 *** 해영빌딩***호,CDFG1251001978000025,3000000,,"서울특별시 종로구 율곡로 **  (안국동,해영빌딩***호)",,01,영업/정상,,,,,,
,(주)삼형문화,,196806.591702071,452351.136678437,출판인쇄업,출판사,2026-05-01 22:43:36,I,13,영업중,,0,,2003-02-07 09:13:27,,1978-11-16,110-054,서울특별시 종로구 사직동 ***-**,CDFG1251001978000026,3000000,,서울특별시 종로구 송월*길 **-**  (사직동),,01,영업/정상,,,,,,
,서림출판사,,198852.959716775,452253.942584507,출판인쇄업,출판사,2026-05-01 22:43:36,I,13,영업중,,0,,2003-02-07 09:13:27,,1978-11-17,110-320,서울특별시 종로구 낙원동 ***-* ***호,CDFG1251001978000027,3000000,,"서울특별시 종로구 삼일대로 ***  (낙원동,***호)",,01,영업/정상,,,,,,
,한국기독교가정생활사,,200072.378101828,452291.689518232,출판인쇄업,출판사,2026-05-01 22:43:36,I,13,영업중,,0,,2026-03-04 17:26:51,,1978-11-30,,서울특별시 종로구 연지동 ***-** 한국기독교회관,CDFG1251001978000028,3000000,,"서울특별시 종로구 대학로 **, 한국기독교회관 ***호 (연지동)",03129,01,영업/정상,,,,02-763-8728,,
,로출판,,198485.817060089,452554.331523979,출판인쇄업,출판사,2026-05-01 22:43:36,I,13,영업중,,0,,2003-02-07 09:13:27,,1978-12-16,110-300,서울특별시 종로구 관훈동 ***-* 크라운빌딩***호,CDFG1251001978000029,3000000,,"서울특별시 종로구 인사동길 **  (관훈동,크라운빌딩***호)",,01,영업/정상,,,,,,
,도서출판 동문선,,198618.550103332,452417.125430606,출판인쇄업,출판사,2026-05-01 22:43:36,I,13,영업중,,0,0,2021-11-23 16:10:24,,1978-12-16,110-300,서울특별시 종로구 관훈동 ** *층,CDFG1251001978000030,3000000,,"서울특별시 종로구 인사동길 **, *층 (관훈동)",,01,영업/정상,,,,02-737-2795,0,0
,도서출판시각,,196519.116484177,452184.708830833,출판인쇄업,출판사,2026-05-01 22:43:36,I,31,등록취소,,0,0,2003-02-07 09:13:27,,1979-01-16,110-090,서울특별시 종로구 교북동 **-* 부귀빌딩*층,CDFG1251001979000001,3000000,,"서울특별시 종로구 송월길 ***  (교북동,부귀빌딩*층)",,04,취소/말소/만료/정지/중지,,,,,0,0
,도서출판 기린원,,,,출판인쇄업,출판사,2026-05-01 22:43:36,I,31,등록취소,,0,0,2003-02-07 09:13:27,,1979-02-09,110-102,서울특별시 종로구 평동 **-*,CDFG1251001979000002,3000000,,,,04,취소/말소/만료/정지/중지,,,,,0,0
,그루터기,,200008.831492823,452291.335627477,출판인쇄업,출판사,2026-05-01 22:43:36,I,13,영업중,,0,,2003-02-07 09:13:27,,1979-05-23,110-470,서울특별시 종로구 연지동 ***-**,CDFG1251001979000007,3000000,,서울특별시 종로구 김상옥로 **  (연지동),,01,영업/정상,,,,,,
,(주)토탈디자인,,200279.37357141,453081.758778874,출판인쇄업,출판사,2026-05-01 22:43:36,I,13,영업중,,0,0,2003-02-07 09:13:27,,1979-06-14,110-809,서울특별시 종로구 동숭동 *-***,CDFG1251001979000009,3000000,,서울특별시 종로구 동숭길 **  (동숭동),,01,영업/정상,,,,,0,0
,정성,2014-09-22,195747.612370379,441645.376154781,출판인쇄업,출판사,2026-05-01 22:31:49,I,03,폐업,,,,2014-09-22 13:45:17,,1999-09-11,151-835,서울특별시 관악구 봉천동 ****-** *층,CDFG1251001999000044,3200000,,"서울특별시 관악구 관악로 *** (봉천동,*층)",,03,폐업,,,,,,
,도서출판 김영부학습클리닉,2018-01-15,193443.186089237,443029.164179371,출판인쇄업,출판사,2026-05-01 22:31:49,I,03,폐업,,,,2018-01-16 19:04:29,,1999-09-18,151-015,"서울특별시 관악구 신림동 ****-** *,*층",CDFG1251001999000045,3200000,,"서울특별시 관악구 봉천로 *** (신림동,*,*층)",,03,폐업,,,,,,
,지구촌사,2000-06-24,196304.542171346,441820.178149427,출판인쇄업,출판사,2026-05-01 22:31:49,I,03,폐업,,0,0,2003-02-06 10:47:55,,1999-10-20,151-848,서울특별시 관악구 봉천동 ****-** 대창빌딩 ***동,CDFG1251001999000048,3200000,,"서울특별시 관악구 남부순환로 ****, ***동 (봉천동,대창빌딩)",,03,폐업,,,,,0,0
,법무고시사,2017-12-20,194559.035007774,440704.487367203,출판인쇄업,출판사,2026-05-01 22:31:49,I,03,폐업,,,,2017-12-22 10:37:30,,1999-10-21,151-859,서울특별시 관악구 신림동 ***-** 지하,CDFG1251001999000049,3200000,,"서울특별시 관악구 대학*길 ** (신림동,지하)",,03,폐업,,,,,,
,지영사,2005-10-17,195537.269534163,442122.202180318,출판인쇄업,출판사,2026-05-01 22:31:49,I,03,폐업,,,,2005-10-17 18:39:17,,1999-10-28,151-836,서울특별시 관악구 봉천동 ***-* 관악캠퍼스타워 *층,CDFG1251001999000051,3200000,,"서울특별시 관악구 남부순환로 ****  (봉천동,관악캠퍼스타워 *층)",,03,폐업,,,,,,
,(주)라세,2002-01-25,197802.419958761,441561.767818897,출판인쇄업,출판사,2026-05-01 22:31:49,I,03,폐업,,0,0,2003-02-06 10:47:55,,1999-11-05,151-802,서울특별시 관악구 남현동 ****-**,CDFG1251001999000053,3200000,,서울특별시 관악구 남부순환로 ****  (남현동),,03,폐업,,,,,0,0
,도서출판 제삼서원,2000-04-10,194135.772735482,440917.845099207,출판인쇄업,출판사,2026-05-01 22:31:49,I,03,폐업,,0,0,2003-02-06 10:47:55,,1999-12-06,151-895,서울특별시 관악구 신림동 ****-* *층*호,CDFG1251001999000056,3200000,,"서울특별시 관악구 신림로**길 **  (신림동,*층*호)",,03,폐업,,,,,0,0
,21세기어학개발원,2001-02-02,197602.363589113,441358.319542844,출판인쇄업,출판사,2026-05-01 22:31:49,I,03,폐업,,0,0,2003-02-06 10:47:55,,1999-12-23,151-802,서울특별시 관악구 남현동 ****-**,CDFG1251001999000058,3200000,,서울특별시 관악구 남현*길 **  (남현동),,03,폐업,,,,,0,0
,성령출판사,2001-12-06,195588.796492288,442098.372819317,출판인쇄업,출판사,2026-05-01 22:31:49,I,03,폐업,,0,0,2003-02-06 10:47:55,,1999-12-23,151-836,서울특별시 관악구 봉천동 ***-** 관악센추리타워 ****호,CDFG1251001999000059,3200000,,"서울특별시 관악구 남부순환로 ****  (봉천동,관악센추리타워 ****호)",,03,폐업,,,,,0,0
,한국어린이건강관리연구소,2002-08-27,191084.937997691,442045.986216353,출판인쇄업,출판사,2026-05-01 22:31:49,I,03,폐업,,0,0,2003-02-06 10:47:55,,2000-01-17,151-903,서울특별시 관악구 신림동 ****-** 대영빌딩 ***호,CDFG1251002000000001,3200000,,"서울특별시 관악구 시흥대로 ***  (신림동,대영빌딩 ***호)",,03,폐업,,,,,0,0
,동해문집,2001-11-29,196045.823830001,441735.535706979,출판인쇄업,출판사,2026-05-01 22:31:49,I,03,폐업,,0,0,2003-02-06 10:47:55,,2000-02-11,151-848,서울특별시 관악구 봉천동 ****-**,CDFG1251002000000002,3200000,,서울특별시 관악구 관악로**가길 **  (봉천동),,03,폐업,,,,,0,0
,(주)라메르엔터프라이즈,2003-04-09,194061.257513562,442701.520331165,출판인쇄업,출판사,2026-05-01 22:31:49,I,03,폐업,,,,2003-04-09 14:56:47,,2000-02-12,151-890,서울특별시 관악구 신림동 ****-*,CDFG1251002000000004,3200000,,서울특별시 관악구 봉천로 ***  (신림동),,03,폐업,,,,,,
,도서출판 하날다래,2007-09-20,195678.034217501,441718.06977431,출판인쇄업,출판사,2026-05-01 22:31:49,I,03,폐업,,,,2007-09-20 16:22:19,,2000-02-17,151-839,서울특별시 관악구 봉천동 ****-* ***,CDFG1251002000000005,3200000,,"서울특별시 관악구 관악로 ***  (봉천동,***)",,03,폐업,,,,,,
,도서출판 영문사,2000-05-16,195021.043000566,442521.162889225,출판인쇄업,출판사,2026-05-01 22:31:49,I,03,폐업,,0,0,2003-02-06 10:47:55,,2000-02-25,151-050,서울특별시 관악구 봉천동 ***-**,CDFG1251002000000006,3200000,,서울특별시 관악구 봉천로**가길 **-**  (봉천동),,03,폐업,,,,,0,0
,도서출판 성헌사,2002-04-09,194185.364920501,441951.231758256,출판인쇄업,출판사,2026-05-01 22:31:49,I,03,폐업,,0,0,2003-02-06 10:47:55,,2000-03-08,151-853,서울특별시 관악구 신림동 **-***,CDFG1251002000000008,3200000,,서울특별시 관악구 신림로**길 **-*  (신림동),,03,폐업,,,,,0,0
,도서출판 한비미디어,2003-02-24,194353.315344428,449281.246788626,출판인쇄업,출판사,2026-05-01 22:31:50,I,03,폐업,,,,2003-02-24 11:19:13,,2000-03-20,121-856,서울특별시 마포구 신수동 ***,CDFG1251002000000010,3200000,,서울특별시 마포구 독막로**길 **  (신수동),,03,폐업,,,,,,
,사단법인 한국지진공학회,2010-01-15,196139.864969792,439023.167125842,출판인쇄업,출판사,2026-05-01 22:31:50,I,03,폐업,,,,2010-01-15 17:36:29,,2000-03-30,151-015,서울특별시 관악구 신림동 산 **-* 서울대학교 **동 ***호,CDFG1251002000000013,3200000,,"서울특별시 관악구 관악로 *, **동 ***호 (신림동,서울대학교)",,03,폐업,,,,,,
,한국고시신문,2015-03-25,195374.992241211,442238.390591362,출판인쇄업,출판사,2026-05-01 22:31:50,I,03,폐업,,,,2015-03-25 17:06:24,,2000-04-04,151-837,서울특별시 관악구 봉천동 ***-**,CDFG1251002000000015,3200000,,서울특별시 관악구 남부순환로 ****-** (봉천동),,03,폐업,,,,02-888-0082,,
,(주)경승연,2001-05-21,195738.565943216,441381.722841201,출판인쇄업,출판사,2026-05-01 22:31:50,I,03,폐업,,0,0,2003-02-06 10:47:55,,2000-04-07,151-839,서울특별시 관악구 봉천동 ****-* 동산빌딩 *층,CDFG1251002000000017,3200000,,"서울특별시 관악구 관악로 ***  (봉천동,동산빌딩 *층)",,03,폐업,,,,,0,0
,(주)지구촌출판사,2001-10-19,196304.542171346,441820.178149427,출판인쇄업,출판사,2026-05-01 22:31:50,I,03,폐업,,0,0,2003-02-06 10:47:55,,2000-04-14,151-848,서울특별시 관악구 봉천동 ****-** 대창빌딩 ***호,CDFG1251002000000018,3200000,,"서울특별시 관악구 남부순환로 ****  (봉천동,대창빌딩 ***호)",,03,폐업,,,,,0,0
,(주)두리두리미디어,2003-04-09,198059.477138778,441556.487482626,출판인쇄업,출판사,2026-05-01 22:31:50,I,03,폐업,,,,2003-04-09 14:54:26,,2000-05-04,151-800,서울특별시 관악구 남현동 ****-**,CDFG1251002000000021,3200000,,서울특별시 관악구 남부순환로 ****  (남현동),,03,폐업,,,,34092222,,
,도서출판 참법,2012-09-06,194611.269206675,440310.868762935,출판인쇄업,출판사,2026-05-01 22:32:18,I,03,폐업,,,,2012-09-06 16:39:24,,2011-05-06,151-859,서울특별시 관악구 신림동 ***-*** 청구맨션 ***호,CDFG1251002011000035,3200000,,"서울특별시 관악구 신림로**길 *** (신림동,청구맨션 ***호)",,03,폐업,,,,,,
다세대주택,아루이,2012-04-27,195233.101874138,442436.752760655,출판인쇄업,출판사,2026-05-01 22:32:18,I,03,폐업,,64.67,4,2012-04-27 10:52:55,,2006-04-18,151-823,서울특별시 관악구 봉천동 ***-* ***호,CDFG1251002011000037,3200000,주거지역,"서울특별시 관악구 양녕로 **  (봉천동,***호)",,03,폐업,주택가주변,,,,4,0
,더클라우드,2016-02-19,194081.662758067,440492.338051129,출판인쇄업,출판사,2026-05-01 22:32:18,I,03,폐업,,,,2016-02-19 09:58:08,,2011-05-23,151-897,서울특별시 관악구 신림동 ****-** ***호,CDFG1251002011000038,3200000,,"서울특별시 관악구 호암로**가길 ** (신림동,***호)",,03,폐업,,,,,,
,주식회사 우리아카데미,2015-01-28,194045.574926937,440891.505349713,출판인쇄업,출판사,2026-05-01 22:32:18,I,03,폐업,,,,2015-01-28 14:38:04,,2011-06-09,151-895,서울특별시 관악구 신림동 ****-** *층,CDFG1251002011000042,3200000,,"서울특별시 관악구 호암로**길 * (신림동,*층)",,03,폐업,,,,,,
,레제나하우스,2024-10-15,195553.346626433,442670.027493055,출판인쇄업,출판사,2026-05-01 22:32:19,I,03,폐업,,,,2024-10-15 16:29:55,,2011-07-26,151-823,서울특별시 관악구 봉천동 ***-** 지층 **호,CDFG1251002011000049,3200000,,"서울특별시 관악구 은천로**길 *  (봉천동,지층 **호)",,03,폐업,,,,,,
,행복한 서재,2012-01-18,195045.515107949,443011.455007816,출판인쇄업,출판사,2026-05-01 22:32:19,I,03,폐업,,,,2012-01-18 14:44:44,,2011-08-10,151-778,서울특별시 관악구 봉천동 **** 관악벽산블루밍아파트 ***동 ***호,CDFG1251002011000050,3200000,,,,03,폐업,,,,62052365,,
,Stark Books,2015-12-14,192669.505612253,442771.79177187,출판인쇄업,출판사,2026-05-01 22:32:19,I,03,폐업,,,,2015-12-14 17:17:29,,2011-08-31,151-871,서울특별시 관악구 신림동 ***-** *층***호,CDFG1251002011000053,3200000,,"서울특별시 관악구 관천로**길 ** (신림동,*층***호)",,03,폐업,,,,,,
,푸른광산출판사,2013-02-01,194583.254163734,440353.227139503,출판인쇄업,출판사,2026-05-01 22:32:19,I,03,폐업,,,,2013-02-14 16:26:50,,2011-09-09,151-019,서울특별시 관악구 신림동 ***-*** *층,CDFG1251002011000058,3200000,,"서울특별시 관악구 신림로**길 ***-* (신림동,*층)",,03,폐업,,,,,,
,도서출판풀치,2021-09-24,196561.514328565,441396.548102131,출판인쇄업,출판사,2026-05-01 22:32:19,I,03,폐업,,,,2021-09-24 14:19:46,,2011-10-17,151-050,서울특별시 관악구 봉천동 ***-*** ***호,CDFG1251002011000062,3200000,,"서울특별시 관악구 낙성대역*길 **  (봉천동,***호)",,03,폐업,,,,,,
,청고동,2017-05-12,195001.247368658,440676.537688475,출판인쇄업,출판사,2026-05-01 22:32:19,I,03,폐업,,,,2017-05-13 10:32:20,,2011-10-19,151-015,서울특별시 관악구 신림동 **** 신림*차금호타운***동****호,CDFG1251002011000063,3200000,,"서울특별시 관악구 신림로*가길 * (신림동,신림*차금호타운***동****호)",,03,폐업,,,,,,
,도서출판 인,2013-02-28,193556.151489085,440432.973536205,출판인쇄업,출판사,2026-05-01 22:32:19,I,03,폐업,,,,2013-02-28 16:51:14,,2011-10-24,151-793,서울특별시 관악구 신림동 ****-* 주공*차아파트 ***동-****호,CDFG1251002011000065,3200000,,"서울특별시 관악구 광신길 *** (신림동,주공*차아파트 ***동-****호)",,03,폐업,,,,,,
,도서출판 지식의열매,2012-11-01,195424.647092152,442199.125536009,출판인쇄업,출판사,2026-05-01 22:32:19,I,03,폐업,,,,2012-11-01 10:25:51,,2011-11-07,151-050,서울특별시 관악구 봉천동 ***-** 승우빌딩***호,CDFG1251002011000066,3200000,,"서울특별시 관악구 남부순환로 **** (봉천동,승우빌딩***호)",,03,폐업,,,,02-888-8266,,
,바르만(VARMAN),2012-02-06,194726.902139335,442041.77775372,출판인쇄업,출판사,2026-05-01 22:32:19,I,03,폐업,,,,2012-02-06 13:16:47,,2011-11-23,151-845,서울특별시 관악구 봉천동 ****-**,CDFG1251002011000071,3200000,,서울특별시 관악구 장군봉*길 **  (봉천동),,03,폐업,,,,02-392-0186,,
,해냄fc,2019-11-12,193792.826254028,441099.198504878,출판인쇄업,출판사,2026-05-01 22:32:20,I,03,폐업,,,,2019-11-13 17:11:28,,2012-02-02,151-865,서울특별시 관악구 신림동 ***-**,CDFG1251002012000011,3200000,,서울특별시 관악구 양지*길 ** (신림동),,03,폐업,,,,02-3285-5188,,
,도서출판 꿈값,2013-04-01,194148.391915432,441674.980037184,출판인쇄업,출판사,2026-05-01 22:32:20,I,03,폐업,,,,2013-04-01 15:58:46,,2012-02-09,151-867,서울특별시 관악구 신림동 ***-*** B***호,CDFG1251002012000014,3200000,,"서울특별시 관악구 서원*길 **, B***호 (신림동)",,03,폐업,,,,070-4458-3012,,
,도서출판 상상구름,2014-03-19,195787.547388855,441562.988058211,출판인쇄업,출판사,2026-05-01 22:32:20,I,03,폐업,,,,2014-03-19 10:10:19,,2011-09-08,151-835,서울특별시 관악구 봉천동 ****-** ***호,CDFG1251002012000023,3200000,,"서울특별시 관악구 관악로*길 **-*, ***호 (봉천동)",,03,폐업,,,,,,
,빚진자들 선교회,2015-09-23,191835.884382459,442300.088845908,출판인쇄업,출판사,2026-05-01 22:32:20,I,03,폐업,,,,2015-09-23 16:53:15,,2012-03-21,151-877,서울특별시 관악구 신림동 ***-**,CDFG1251002012000025,3200000,,서울특별시 관악구 남부순환로***가길 ** (신림동),,03,폐업,,,,,,
,멘토수학,2018-12-28,195158.363207834,443369.161080189,출판인쇄업,출판사,2026-05-01 22:32:20,I,03,폐업,,,,2018-12-28 15:31:59,,2012-03-21,151-807,서울특별시 관악구 봉천동 **** 벽산타운*차 ***동 ***호,CDFG1251002012000026,3200000,,"서울특별시 관악구 구암*가길 **, ***동 ***호 (봉천동,벽산타운*차)",,03,폐업,,,,070-7677-3440,,
,도서출판 지혜의 숨,2018-06-01,196012.768773821,442598.800626448,출판인쇄업,출판사,2026-05-01 22:32:20,I,03,폐업,,,,2018-06-01 10:16:41,,2012-03-26,151-060,서울특별시 관악구 봉천동 **-** *층,CDFG1251002012000028,3200000,,"서울특별시 관악구 은천로 *** (봉천동,*층)",,03,폐업,,,,070-8280-7770,,
,FACE Press,2022-01-14,192410.698485437,442565.788789605,출판인쇄업,출판사,2026-05-01 22:32:20,I,03,폐업,,,,2022-01-14 17:39:59,,2011-09-08,151-873,서울특별시 관악구 신림동 ***-* ***호,CDFG1251002012000038,3200000,,"서울특별시 관악구 조원로 ***-*,  ***호 (신림동)",,03,폐업,,,,02-866-2696,,
,가문비,2017-06-21,193043.929072116,440940.460923624,출판인쇄업,출판사,2026-05-01 22:32:20,I,03,폐업,,,,2017-06-22 10:29:49,,2012-05-17,151-884,서울특별시 관악구 신림동 ***-*** B***호,CDFG1251002012000039,3200000,,"서울특별시 관악구 난곡로**길 **, B***호 (신림동)",,03,폐업,,,,,,
,태산보다 큰,2024-11-14,193295.668684021,442217.306146392,출판인쇄업,출판사,2026-05-01 22:32:20,I,03,폐업,,,,2024-11-14 17:04:25,,2012-05-17,151-900,서울특별시 관악구 신림동 ****-** ***호,CDFG1251002012000040,3200000,,"서울특별시 관악구 남부순환로***길 **-*,  ***호 (신림동)",,03,폐업,,,,,,
,도서출판 살아계심,2018-03-20,191501.011680229,442263.881790066,출판인쇄업,출판사,2026-05-01 22:32:20,I,03,폐업,,,,2018-03-20 14:16:17,,2012-05-18,151-904,서울특별시 관악구 신림동 **** 미성(아) *동 ****호,CDFG1251002012000041,3200000,,"서울특별시 관악구 조원로*길 **, *동 ****호 (신림동,미성(아))",,03,폐업,,,,,,
,(주)고려원미디어,,198742.694861846,452492.518715791,출판인쇄업,출판사,2026-05-01 22:43:36,I,31,등록취소,,0,,2003-02-07 09:13:27,,1979-07-11,110-310,서울특별시 종로구 경운동 ** 경운빌딩*층,CDFG1251001979000012,3000000,,"서울특별시 종로구 삼일대로 ***  (경운동,경운빌딩*층)",,04,취소/말소/만료/정지/중지,,,,,,
,석오출판사,,199311.426279773,452271.811738767,출판인쇄업,출판사,2026-05-01 22:43:36,I,13,영업중,,0,,2003-02-07 09:13:27,,1979-08-17,110-390,서울특별시 종로구 봉익동 **-** 곡천빌딩***호,CDFG1251001979000014,3000000,,"서울특별시 종로구 돈화문로**길 **  (봉익동,곡천빌딩***호)",,01,영업/정상,,,,,,
,자유문학사,,200249.833658824,453384.420169015,출판인쇄업,출판사,2026-05-01 22:43:36,I,13,영업중,,0,0,2003-02-07 09:13:27,,1979-08-28,110-809,서울특별시 종로구 동숭동 *-**,CDFG1251001979000015,3000000,,서울특별시 종로구 대학로**길 **  (동숭동),,01,영업/정상,,,,,0,0
,문선사,,199024.157836526,452271.413337643,출판인쇄업,출판사,2026-05-01 22:43:36,I,13,영업중,,0,,2003-02-07 09:13:27,,1979-08-30,110-320,서울특별시 종로구 낙원동 ***-*,CDFG1251001979000016,3000000,,서울특별시 종로구 돈화문로**길 **  (낙원동),,01,영업/정상,,,,,,
,재)성균관(),,199554.074424085,453721.462706742,출판인쇄업,출판사,2026-05-01 22:43:36,I,13,영업중,,0,0,2009-11-30 13:26:29,,1979-09-15,110-812,서울특별시 종로구 명륜*가 **-*,CDFG1251001979000018,3000000,,서울특별시 종로구 성균관로 **-*  (명륜*가),,01,영업/정상,,,,,0,0
,도서출판문혜사,,,,출판인쇄업,출판사,2026-05-01 22:43:36,I,13,영업중,,0,,2003-02-07 09:13:27,,1979-11-06,,서울특별시 종로구  *-* 마포구 성산동 ***-*,CDFG1251001979000020,3000000,,,,01,영업/정상,,,,,,
,박문서관,,198960.202521084,452071.580317103,출판인쇄업,출판사,2026-05-01 22:43:36,I,13,영업중,,0,,2003-02-07 09:13:27,,1979-11-09,110-122,서울특별시 종로구 종로*가 **-*,CDFG1251001979000021,3000000,,서울특별시 종로구 종로**길 **  (종로*가),,01,영업/정상,,,,,,
,부림출판사,,198503.329082237,452297.556997868,출판인쇄업,출판사,2026-05-01 22:43:36,I,13,영업중,,0,,2003-02-07 09:13:27,,1979-11-20,110-170,서울특별시 종로구 견지동 **-*,CDFG1251001979000022,3000000,,서울특별시 종로구 인사동*길 **  (견지동),,01,영업/정상,,,,,,
,동호서관,,198657.113035591,451894.389633456,출판인쇄업,출판사,2026-05-01 22:43:36,I,13,영업중,,0,,2003-02-07 09:13:27,,1979-12-18,110-111,서울특별시 종로구 관철동 **-* 대성빌딩***호,CDFG1251001979000023,3000000,,"서울특별시 종로구 종로**길 **  (관철동,대성빌딩***호)",,01,영업/정상,,,,,,
,(주)한국문학사,,197013.975581299,454061.071977177,출판인쇄업,출판사,2026-05-01 22:43:36,I,13,영업중,,,,2013-04-26 18:11:51,,1979-08-03,110-030,"서울특별시 종로구 청운동 *-* ***,***호",CDFG1251001979000024,3000000,,"서울특별시 종로구 자하문로**길 **, ***,***호 (청운동)",,01,영업/정상,,,,02-706-8541,,
,석정,,,,출판인쇄업,출판사,2026-05-01 22:43:36,I,31,등록취소,,0,0,2003-02-07 09:13:27,,1980-01-24,110-080,서울특별시 종로구 무악동 **-*,CDFG1251001980000001,3000000,,,,04,취소/말소/만료/정지/중지,,,,,0,0
,대장각,,197104.477917555,456551.054955283,출판인쇄업,출판사,2026-05-01 22:43:36,I,13,영업중,,0,,2003-02-07 09:13:27,,1980-02-16,110-846,서울특별시 종로구 평창동 ***-*,CDFG1251001980000006,3000000,,서울특별시 종로구 평창**길 **  (평창동),,01,영업/정상,,,,,,
,성문사,,198574.909899705,452264.246969117,출판인쇄업,출판사,2026-05-01 22:43:37,I,31,등록취소,,0,,2003-02-07 09:13:27,,1980-02-18,110-300,서울특별시 종로구 관훈동 ***-** 일정빌딩***호,CDFG1251001980000008,3000000,,"서울특별시 종로구 인사동*길 **  (관훈동,일정빌딩***호)",,04,취소/말소/만료/정지/중지,,,,,,
,서울메디칼(주),2007-12-13,191530.450376231,442338.484747874,출판인쇄업,출판사,2026-05-01 22:31:50,I,03,폐업,,,,2007-12-14 14:11:12,,2000-05-24,151-903,서울특별시 관악구 신림동 ****-* 새한빌딩 *층동,CDFG1251002000000025,3200000,,"서울특별시 관악구 조원로 **, *층동 (신림동,새한빌딩)",,03,폐업,,,,,,
,TAXBODYGUARD,2005-03-23,191630.408674416,442186.539350607,출판인쇄업,출판사,2026-05-01 22:31:50,I,03,폐업,,,,2005-03-23 11:21:52,,2000-05-27,151-877,서울특별시 관악구 신림동 ***-*,CDFG1251002000000027,3200000,,서울특별시 관악구 조원중앙로 **  (신림동),,03,폐업,,,,,,
,아니다,2004-12-21,,,출판인쇄업,출판사,2026-05-01 22:31:50,I,03,폐업,,,,2004-12-21 10:02:57,,2000-06-21,151-015,서울특별시 관악구 신림동 산 **-* 서울대학교 미술대학 **동 ***호,CDFG1251002000000028,3200000,,,,03,폐업,,,,,,
,도서출판 신일,2003-07-16,192691.533318984,440098.032738585,출판인쇄업,출판사,2026-05-01 22:31:50,I,03,폐업,,,,2003-07-16 15:25:40,,2000-06-22,151-885,서울특별시 관악구 신림동 ***-** *층,CDFG1251002000000029,3200000,,"서울특별시 관악구 난향길 **  (신림동,*층)",,03,폐업,,,,,,
,CH기획,2019-03-20,194039.483880851,441051.058359924,출판인쇄업,출판사,2026-05-01 22:31:50,I,03,폐업,,,,2019-03-20 16:50:02,,2000-07-12,151-862,서울특별시 관악구 신림동 ****-* *층,CDFG1251002000000031,3200000,,"서울특별시 관악구 신림로 *** (신림동,*층)",,03,폐업,,,,,,
,도서출판 임방서원,2003-03-27,197100.438542565,441073.418775842,출판인쇄업,출판사,2026-05-01 22:31:50,I,03,폐업,,,,2003-03-27 15:24:40,,2000-07-14,151-814,서울특별시 관악구 봉천동 ***-** 지하,CDFG1251002000000033,3200000,,"서울특별시 관악구 인헌**길 **-**  (봉천동,지하)",,03,폐업,,,,67385700,,
,도서출판 글소리,2019-05-31,194251.012256297,441193.63581662,출판인쇄업,출판사,2026-05-01 22:31:50,I,03,폐업,,,,2019-05-31 13:52:15,,2000-07-26,151-015,서울특별시 관악구 신림동 ***-*** ***호,CDFG1251002000000035,3200000,,"서울특별시 관악구 신림로**길 ** (신림동,***호)",,03,폐업,,,,,,
,IS닷컴,2003-04-09,195159.684035715,442329.360541658,출판인쇄업,출판사,2026-05-01 22:31:50,I,03,폐업,,,,2003-04-09 14:55:29,,2000-08-09,151-840,서울특별시 관악구 봉천동 ***-** 태화빌딩***호,CDFG1251002000000039,3200000,,"서울특별시 관악구 봉천로 ***  (봉천동,태화빌딩***호)",,03,폐업,,,,,,
,(주)멀티스쿨앤넷,2010-03-29,191736.545452385,442105.757908484,출판인쇄업,출판사,2026-05-01 22:31:50,I,03,폐업,,,,2010-03-29 15:43:17,,2000-08-26,151-877,서울특별시 관악구 신림동 ***-** *층,CDFG1251002000000040,3200000,,"서울특별시 관악구 조원중앙로*길 **  (신림동,*층)",,03,폐업,,,,,,
,한은현이 SILVER,2000-12-06,195963.335274799,442381.536010445,출판인쇄업,출판사,2026-05-01 22:31:50,I,03,폐업,,0,0,2003-02-06 10:47:55,,2000-09-25,151-725,서울특별시 관악구 봉천동 **-* 관악프라자 *층동,CDFG1251002000000043,3200000,,"서울특별시 관악구 관악로 ***, *층동 (봉천동,관악프라자)",,03,폐업,,,,,0,0
,도서출판 항산,2001-03-23,195582.812990343,441900.29274736,출판인쇄업,출판사,2026-05-01 22:31:50,I,03,폐업,,0,0,2003-02-06 10:47:55,,2000-10-26,151-836,서울특별시 관악구 봉천동 ***-* 세종오피스텔 ***동,CDFG1251002000000047,3200000,,"서울특별시 관악구 관악로**길 **, ***동 (봉천동,세종오피스텔)",,03,폐업,,,,,0,0
,도서출판 온겨레,2001-08-27,195519.715669149,442732.956116344,출판인쇄업,출판사,2026-05-01 22:31:50,I,03,폐업,,0,0,2003-02-06 10:47:55,,2000-11-22,151-823,서울특별시 관악구 봉천동 ***-*** 수목빌딩 ***호,CDFG1251002000000051,3200000,,"서울특별시 관악구 은천로 ***  (봉천동,수목빌딩 ***호)",,03,폐업,,,,,0,0
,(주)관악뉴스터디교육,2019-08-28,194513.366040278,442356.546064982,출판인쇄업,출판사,2026-05-01 22:31:50,I,03,폐업,,,,2019-08-28 15:47:57,,2000-12-08,151-050,서울특별시 관악구 봉천동 ***-**,CDFG1251002000000054,3200000,,서울특별시 관악구 남부순환로 **** (봉천동),,03,폐업,,,,02-889-3111,,
,도서출판 축복,2001-01-03,195963.335274799,442381.536010445,출판인쇄업,출판사,2026-05-01 22:31:50,I,03,폐업,,0,0,2003-02-06 10:47:55,,2000-12-19,151-725,서울특별시 관악구 봉천동 **-* 관악프라자,CDFG1251002000000055,3200000,,"서울특별시 관악구 관악로 ***  (봉천동,관악프라자)",,03,폐업,,,,,0,0
,NANO BOOKS,2002-11-11,194576.681372994,442494.332548146,출판인쇄업,출판사,2026-05-01 22:31:50,I,03,폐업,,0,0,2003-02-06 10:47:55,,2000-12-21,151-827,서울특별시 관악구 봉천동 ***-* *층,CDFG1251002000000056,3200000,,"서울특별시 관악구 봉천로 ***  (봉천동,*층)",,03,폐업,,,,,0,0
,RN center,2012-03-15,,,출판인쇄업,출판사,2026-05-01 22:31:50,I,03,폐업,,,,2012-03-15 13:02:21,,2000-07-22,151-870,서울특별시 관악구 신림동 ***-* 트윈타워 *동 *층,CDFG1251002000000058,3200000,,,,03,폐업,,,,02-862-0010,,
,도서출판효,2001-11-30,195141.416563709,442175.483031872,출판인쇄업,출판사,2026-05-01 22:31:50,I,03,폐업,,0,,2003-02-06 10:47:55,,2001-01-30,151-841,서울특별시 관악구 봉천동 ***-** 지하*층,CDFG1251002001000001,3200000,,"서울특별시 관악구 남부순환로 ****  (봉천동,지하*층)",,03,폐업,,,,,,
,일상,2018-10-02,193335.399293698,443291.231245754,출판인쇄업,출판사,2026-05-01 22:31:50,I,03,폐업,,,,2018-10-02 14:05:53,,2001-02-06,151-830,서울특별시 관악구 봉천동 ***-** 그린빌오피스텔 ***호,CDFG1251002001000002,3200000,,"서울특별시 관악구 보라매로*가길 * (봉천동,그린빌오피스텔 ***호)",,03,폐업,,,,,,
,한우리교육연구소,2014-04-09,191612.791095216,442164.010288795,출판인쇄업,출판사,2026-05-01 22:31:50,I,03,폐업,,,,2014-04-09 15:57:01,,2001-02-06,151-877,서울특별시 관악구 신림동 ***-* 우진빌딩 ***호,CDFG1251002001000003,3200000,,"서울특별시 관악구 조원중앙로 ** (신림동,우진빌딩 ***호)",,03,폐업,,,,,,
,IDO,2001-08-03,195588.796492288,442098.372819317,출판인쇄업,출판사,2026-05-01 22:31:50,I,03,폐업,,0,,2003-02-06 10:47:55,,2001-02-16,151-836,서울특별시 관악구 봉천동 ***-** 관악센츄리타워 ****동,CDFG1251002001000004,3200000,,"서울특별시 관악구 남부순환로 ****, ****동 (봉천동,관악센츄리타워)",,03,폐업,,,,,,
,태영출판사,2005-11-30,194596.342399447,442862.261522245,출판인쇄업,출판사,2026-05-01 22:31:50,I,03,폐업,,,,2005-11-30 16:19:01,,2001-02-21,151-828,서울특별시 관악구 봉천동 ***-*** *통*반,CDFG1251002001000005,3200000,,서울특별시 관악구 국회단지*길 **  (봉천동),,03,폐업,,,,,,
,구파일방,2013-03-08,195478.099238389,442528.04622223,출판인쇄업,출판사,2026-05-01 22:32:20,I,03,폐업,,,,2013-03-08 16:06:40,,2012-06-01,151-779,서울특별시 관악구 봉천동 **** 신봉(아) ***동 ****호,CDFG1251002012000046,3200000,,"서울특별시 관악구 양녕로*나길 **, ***동 ****호 (봉천동,신봉(아))",,03,폐업,,,,,,
,리베하우스,2014-10-30,197750.177024335,441488.469006651,출판인쇄업,출판사,2026-05-01 22:32:20,I,03,폐업,,,,2014-10-30 13:30:15,,2012-06-14,151-802,서울특별시 관악구 남현동 ****-** 리베하우스 ***호호,CDFG1251002012000047,3200000,,"서울특별시 관악구 남현*길 **, ***호호 (남현동,리베하우스)",,03,폐업,,,,,,
,주식회사) 비아이씨인터내셔널,2013-09-10,194175.912636839,441650.653787123,출판인쇄업,출판사,2026-05-01 22:32:21,I,03,폐업,,,,2015-06-03 13:53:24,,2012-06-18,151-867,서울특별시 관악구 신림동 ***-*** *층,CDFG1251002012000048,3200000,,"서울특별시 관악구 신림로**길 * (신림동,*층)",,03,폐업,,,,,,
,선명문화,2015-09-18,192526.091613032,442496.934081841,출판인쇄업,출판사,2026-05-01 22:32:21,I,03,폐업,,,,2015-09-18 18:01:02,,2012-07-25,151-873,서울특별시 관악구 신림동 ***-*,CDFG1251002012000064,3200000,,서울특별시 관악구 남부순환로***가길 ** (신림동),,03,폐업,,,,,,
,Factory M,2020-03-26,195888.192100225,442019.999681675,출판인쇄업,출판사,2026-05-01 22:32:21,I,03,폐업,,,,2020-03-26 16:24:27,,2012-07-25,151-818,서울특별시 관악구 봉천동 ****-* *층,CDFG1251002012000065,3200000,,"서울특별시 관악구 남부순환로 **** (봉천동,*층)",,03,폐업,,,,,,
,도서출판 으뜸사,2022-03-28,193394.83653722,440040.309820942,출판인쇄업,출판사,2026-05-01 22:32:21,I,03,폐업,,,,2022-03-28 13:25:00,,2012-08-07,,서울특별시 관악구 신림동 **** 삼성산주공아파트 A상가 지하*호,CDFG1251002012000066,3200000,,"서울특별시 관악구 호암로 ***, A상가동 지하*호 (신림동, 삼성산주공아파트)",08847,03,폐업,,,,,,
,MUST,2014-12-24,193060.25898834,442234.717054658,출판인쇄업,출판사,2026-05-01 22:32:21,I,03,폐업,,,,2014-12-24 14:59:16,,2012-08-09,151-869,서울특별시 관악구 신림동 ***-*** ***호,CDFG1251002012000068,3200000,,"서울특별시 관악구 남부순환로***길 **-**, ***호 (신림동)",,03,폐업,,,,,,
,NNPLAN,2019-02-22,193561.493654143,443081.393439309,출판인쇄업,출판사,2026-05-01 22:32:21,I,03,폐업,,,,2019-02-22 16:23:31,,2008-11-06,151-830,서울특별시 관악구 봉천동 ***-* 제나호*층,CDFG1251002012000071,3200000,,"서울특별시 관악구 보라매로 * (봉천동,제나호*층)",,03,폐업,,,,22079898,,
,도서출판 책속에미래,2024-07-30,193957.944323928,441437.774867372,출판인쇄업,출판사,2026-05-01 22:32:21,I,03,폐업,,,,2024-07-30 11:34:39,,2012-09-05,151-761,서울특별시 관악구 신림동 **** 신림현대(아) ***동 ***호,CDFG1251002012000076,3200000,,"서울특별시 관악구 신림로**길 *-**, ***동 ***호 (신림동, 신림현대아파트)",,03,폐업,,,,,,
,애플입시전략연구소,2014-12-01,196221.020687359,443111.559788511,출판인쇄업,출판사,2026-05-01 22:32:21,I,03,폐업,,,,2014-12-01 16:46:16,,2012-09-06,151-803,서울특별시 관악구 봉천동 *-** 봉천하이빌 ***호,CDFG1251002012000077,3200000,,"서울특별시 관악구 청림*다길 **, ***호 (봉천동,봉천하이빌)",,03,폐업,,,,,,
,목하출판(Mokha Publishing),2016-01-25,195908.378183186,441487.422547798,출판인쇄업,출판사,2026-05-01 22:32:22,I,03,폐업,,,,2016-01-25 16:56:39,,2012-09-21,151-848,서울특별시 관악구 봉천동 ****-* ***호,CDFG1251002012000081,3200000,,"서울특별시 관악구 관악로*길 **, ***호 (봉천동)",,03,폐업,,,,,,
,이지메타,2022-03-25,195582.812990343,441900.29274736,출판인쇄업,출판사,2026-05-01 22:32:22,I,03,폐업,,,,2022-03-25 16:33:09,,2012-09-21,151-836,서울특별시 관악구 봉천동 ***-* 세종오피스텔 ***호,CDFG1251002012000082,3200000,,"서울특별시 관악구 관악로**길 **, ***호 (봉천동, 세종오피스텔)",,03,폐업,,,,,,
,(주)아이비티코리아,2015-02-02,195244.420369526,442569.831580856,출판인쇄업,출판사,2026-05-01 22:32:22,I,03,폐업,,,,2015-02-04 08:53:40,,2006-05-23,151-823,서울특별시 관악구 봉천동 ***-** *층,CDFG1251002012000089,3200000,,"서울특별시 관악구 양녕로 **, *층 (봉천동)",,03,폐업,,,,34533013,,
,주식회사 휴먼컨버전스,2015-12-30,194451.148385133,441093.253555937,출판인쇄업,출판사,2026-05-01 22:32:22,I,03,폐업,,,,2015-12-30 13:14:26,,2011-08-19,151-015,서울특별시 관악구 신림동 ***-* *층,CDFG1251002012000093,3200000,,"서울특별시 관악구 신림로**길 **, *층 (신림동)",,03,폐업,,,,070-7510-2984,,
,애드문,2014-10-02,193746.833837509,442510.775085572,출판인쇄업,출판사,2026-05-01 22:32:22,I,03,폐업,,,,2014-10-02 15:33:57,,2012-06-18,151-890,서울특별시 관악구 신림동 ****-* 르네상스 복합빌딩 ***호,CDFG1251002012000095,3200000,주거지역,"서울특별시 관악구 신림로 ***, *층 ***호 (신림동, 르네상스 복합빌딩)",,03,폐업,,,,,,
,도서출판 지식의바다,2019-04-26,195424.647092152,442199.125536009,출판인쇄업,출판사,2026-05-01 22:32:22,I,03,폐업,,,,2019-04-26 13:37:02,,2012-11-01,151-837,서울특별시 관악구 봉천동 ***-** 승우빌딩 ***호,CDFG1251002012000096,3200000,,"서울특별시 관악구 남부순환로 ****, ***호 (봉천동, 승우빌딩)",,03,폐업,,,,02-888-8266,,
,(주)도서출판 네오시스,2014-12-10,193910.163334801,439858.509246791,출판인쇄업,출판사,2026-05-01 22:32:22,I,03,폐업,,,,2014-12-10 10:13:11,,2012-12-10,151-863,서울특별시 관악구 신림동 ***-*** 신우빌딩 *층,CDFG1251002012000099,3200000,,"서울특별시 관악구 호암로 ***, *층 (신림동, 신우빌딩)",,03,폐업,,,,,,
,시선출판사,2016-07-14,195360.076278158,441682.150766699,출판인쇄업,출판사,2026-05-01 22:32:22,I,03,폐업,,,,2016-07-14 16:57:56,,2013-01-02,151-847,서울특별시 관악구 봉천동 ****-** ***호,CDFG1251002013000001,3200000,,"서울특별시 관악구 관악로**나길 **, ***호 (봉천동)",,03,폐업,,,,,,
,제이빈북스,2013-02-04,193386.005184123,443122.763222387,출판인쇄업,출판사,2026-05-01 22:32:22,I,03,폐업,,40,,2013-02-04 18:08:45,,2012-09-07,151-830,서울특별시 관악구 봉천동 ***-** ***호,CDFG1251002013000002,3200000,,"서울특별시 관악구 봉천로 ***-*, ***호 (봉천동)",,03,폐업,,,,,,
,해원,2021-12-23,193957.656576918,440780.702963411,출판인쇄업,출판사,2026-05-01 22:32:23,I,03,폐업,,,,2021-12-23 17:39:10,,2013-01-16,151-862,서울특별시 관악구 신림동 ****,CDFG1251002013000007,3200000,,서울특별시 관악구 호암로 *** (신림동),,03,폐업,,,,,,
,라이너노트,2017-03-09,193005.988074517,440504.749937354,출판인쇄업,출판사,2026-05-01 22:32:23,I,03,폐업,,,,2017-03-09 17:06:04,,2013-01-18,151-013,서울특별시 관악구 신림동 ***-*** B**,CDFG1251002013000009,3200000,,"서울특별시 관악구 난곡로**길 **, B**호 (신림동)",,03,폐업,,,,,,
,브랜드비,2014-02-07,193825.28364911,441396.174008258,출판인쇄업,출판사,2026-05-01 22:32:23,I,03,폐업,,,,2014-02-07 11:24:44,,2013-02-07,151-865,서울특별시 관악구 신림동 ***-** ***호,CDFG1251002013000010,3200000,,"서울특별시 관악구 양산*길 **, ***호 (신림동)",,03,폐업,,,,,,
,인쇄계사출판국,,196832.340881646,451782.698198441,출판인쇄업,출판사,2026-05-01 22:43:37,I,31,등록취소,,0,0,2003-02-07 09:13:27,,1980-02-27,110-100,서울특별시 종로구 교남동 **-*,CDFG1251001980000009,3000000,,서울특별시 종로구 경교장*길 **  (교남동),,04,취소/말소/만료/정지/중지,,,,22744895,0,0
,키출판사,,198691.799418788,452546.547645387,출판인쇄업,출판사,2026-05-01 22:43:37,I,31,등록취소,,0,0,2003-02-07 09:13:27,,1980-03-19,110-310,서울특별시 종로구 경운동 **-* 수운화관,CDFG1251001980000011,3000000,,"서울특별시 종로구 삼일대로 ***  (경운동,수운화관)",,04,취소/말소/만료/정지/중지,,,,,0,0
,UBF출판부,,200035.992791452,452456.148797278,출판인쇄업,출판사,2026-05-01 22:43:37,I,13,영업중,,0,0,2023-08-10 21:55:40,,1980-03-27,110-850,서울특별시 종로구 효제동 **-*,CDFG1251001980000012,3000000,,서울특별시 종로구 대학로*길 ** (효제동),,01,영업/정상,,,,,0,0
,(주)코리아쉬핑가제트,,197570.157013529,452712.310062054,출판인쇄업,출판사,2026-05-01 22:43:37,I,13,영업중,,,,2019-04-11 11:32:36,,1980-04-01,110-040,서울특별시 종로구 통의동 **-*,CDFG1251001980000015,3000000,,서울특별시 종로구 자하문로*길 **-* (통의동),,01,영업/정상,,,,02-737-4991,,
,경영정보,,199966.816327708,452723.376870657,출판인쇄업,출판사,2026-05-01 22:43:37,I,13,영업중,,0,,2003-02-07 09:13:27,,1980-04-17,110-460,서울특별시 종로구 연건동 ***-**,CDFG1251001980000017,3000000,,서울특별시 종로구 율곡로**길 **  (연건동),,01,영업/정상,,,,,,
,경운출판사,,196881.585998335,451682.368379486,출판인쇄업,출판사,2026-05-01 22:43:37,I,13,영업중,,0,,2003-02-07 09:13:27,,1980-05-09,110-100,서울특별시 종로구 교남동 **-* 우성빌딩***호,CDFG1251001980000019,3000000,,"서울특별시 종로구 통일로 ***  (교남동,우성빌딩***호)",,01,영업/정상,,,,,,
,민족사,,198324.653631679,452252.812389497,출판인쇄업,출판사,2026-05-01 22:43:37,I,13,영업중,,,,2006-12-28 15:42:54,,1980-05-09,110-858,서울특별시 종로구 수송동 ** 두산위브파빌리온 ****호,CDFG1251001980000020,3000000,,"서울특별시 종로구 삼봉로 **  (수송동,두산위브파빌리온 ****호)",,01,영업/정상,,,,02-732-2403,,
,도서출판 열림원,,196110.374956133,452675.790217614,출판인쇄업,출판사,2026-05-01 22:43:37,I,31,등록취소,,0,0,2003-02-07 09:13:27,,1980-05-19,110-814,서울특별시 종로구 무악동 **-*,CDFG1251001980000021,3000000,,서울특별시 종로구 통일로**길 **  (무악동),,04,취소/말소/만료/정지/중지,,,,,0,0
,영북스,2003-11-14,194596.342399447,442862.261522245,출판인쇄업,출판사,2026-05-01 22:31:50,I,03,폐업,,,,2003-11-14 10:13:13,,2001-02-21,151-828,서울특별시 관악구 봉천동 ***-*** *통*반,CDFG1251002001000006,3200000,,서울특별시 관악구 국회단지*길 **  (봉천동),,03,폐업,,,,,,
,도서출판 고시클리닉,2012-03-28,194116.857760459,440969.808360793,출판인쇄업,출판사,2026-05-01 22:31:50,I,03,폐업,,,,2012-03-28 11:02:11,,2001-02-26,151-895,서울특별시 관악구 신림동 ****-*,CDFG1251002001000007,3200000,,서울특별시 관악구 호암로**길 *  (신림동),,03,폐업,,,,,,
,한국그리스도교 문화연구소,2001-10-25,193902.73010252,441786.171025595,출판인쇄업,출판사,2026-05-01 22:31:51,I,03,폐업,,0,0,2003-02-06 10:47:55,,2001-03-07,151-867,서울특별시 관악구 신림동 ***-*** *층,CDFG1251002001000011,3200000,,"서울특별시 관악구 신림로 ***  (신림동,*층)",,03,폐업,,,,,0,0
,아크로메디아,2002-03-26,193463.571916966,442534.276210395,출판인쇄업,출판사,2026-05-01 22:31:51,I,03,폐업,,0,,2003-02-06 10:47:55,,2001-03-09,151-892,서울특별시 관악구 신림동 ****-** *통*반 ***호,CDFG1251002001000012,3200000,,"서울특별시 관악구 신림동*길 **  (신림동,***호)",,03,폐업,,,,,,
,학술편수관,2001-03-23,192028.031503636,442069.459878426,출판인쇄업,출판사,2026-05-01 22:31:51,I,03,폐업,,0,0,2003-02-06 10:47:55,,2001-03-23,151-894,서울특별시 관악구 신림동 ****-* 신림빌딩 ***호,CDFG1251002001000014,3200000,,"서울특별시 관악구 남부순환로 ****,  ***호 (신림동,신림빌딩)",,03,폐업,,,,,0,0
,도서출판 호박,2001-04-19,196872.122833973,441687.586740169,출판인쇄업,출판사,2026-05-01 22:31:51,I,03,폐업,,0,,2003-02-06 10:47:55,,2001-03-26,151-812,서울특별시 관악구 봉천동 ****-*** 지층,CDFG1251002001000015,3200000,,"서울특별시 관악구 남부순환로***가길 **  (봉천동,지층)",,03,폐업,,,,,,
,도서출판 비즈,2003-04-10,193985.260492176,442429.516481,출판인쇄업,출판사,2026-05-01 22:31:51,I,03,폐업,,,,2003-04-10 16:04:00,,2001-03-26,151-852,서울특별시 관악구 신림동 **-*** ***호,CDFG1251002001000016,3200000,,"서울특별시 관악구 남부순환로 ****  (신림동,***호)",,03,폐업,,,,,,
,도서출판 드림,2003-03-25,196491.671043328,442199.685245466,출판인쇄업,출판사,2026-05-01 22:31:51,I,03,폐업,,,,2003-03-25 12:24:48,,2001-04-09,151-813,서울특별시 관악구 봉천동 ***-***,CDFG1251002001000018,3200000,,서울특별시 관악구 행운*길 *-*  (봉천동),,03,폐업,,,,,,
,도서출판 신나는교육,2001-04-26,196664.276957944,441702.736700471,출판인쇄업,출판사,2026-05-01 22:31:51,I,03,폐업,,0,,2003-02-06 10:47:55,,2001-04-19,151-812,서울특별시 관악구 봉천동 ****-** 신성빌딩 *층동,CDFG1251002001000021,3200000,,"서울특별시 관악구 남부순환로 ****, *층동 (봉천동,신성빌딩)",,03,폐업,,,,,,
,말과 글,2007-09-27,194253.599804744,442480.639296265,출판인쇄업,출판사,2026-05-01 22:31:51,I,03,폐업,,,,2007-09-27 16:04:43,,2001-04-27,151-852,서울특별시 관악구 신림동 **-*** *층 *호,CDFG1251002001000023,3200000,,"서울특별시 관악구 남부순환로 ****,  *호 (신림동,*층)",,03,폐업,,,,,,
,민족음악연구회,2003-02-11,188953.293071222,449482.995275203,출판인쇄업,출판사,2026-05-01 22:31:51,I,03,폐업,,,,2003-02-11 10:31:48,,2001-04-28,157-864,서울특별시 강서구 염창동 ***-** 이화빌딩후관 *층,CDFG1251002001000025,3200000,,"서울특별시 강서구 공항대로 ***  (염창동,이화빌딩후관 *층)",,03,폐업,,,,34731558,,
,도서출판 명원,2010-05-07,194090.107714093,442450.3506554,출판인쇄업,출판사,2026-05-01 22:31:51,I,03,폐업,,,,2010-05-07 11:07:34,,2001-05-28,151-852,서울특별시 관악구 신림동 **-** 지하,CDFG1251002001000031,3200000,,"서울특별시 관악구 남부순환로***길 **  (신림동,지하)",,03,폐업,,,,,,
,(주)이텍스트코리아,2002-01-15,193796.9476638,442271.603023256,출판인쇄업,출판사,2026-05-01 22:31:51,I,03,폐업,,0,,2003-02-06 10:47:55,,2001-06-18,151-710,서울특별시 관악구 신림동 **-* 다이아몬드빌딩 ***호,CDFG1251002001000033,3200000,,"서울특별시 관악구 신림로**길 **,  ***호 (신림동,다이아몬드빌딩)",,03,폐업,,,,,,
,가회출판사,2007-06-26,193910.548072699,442443.970127133,출판인쇄업,출판사,2026-05-01 22:31:51,I,03,폐업,,,,2007-06-26 18:16:23,,2001-07-20,151-852,서울특별시 관악구 신림동 **-*** *층,CDFG1251002001000036,3200000,,"서울특별시 관악구 남부순환로***길 *  (신림동,*층)",,03,폐업,,,,,,
,도서출판 보문각,2004-12-23,195141.416563709,442175.483031872,출판인쇄업,출판사,2026-05-01 22:31:51,I,03,폐업,,,,2004-12-23 13:46:21,,2001-07-20,151-841,서울특별시 관악구 봉천동 ***-** 지하*층,CDFG1251002001000037,3200000,,"서울특별시 관악구 남부순환로 ****  (봉천동,지하*층)",,03,폐업,,,,,,
,도서출판 탁월,2019-05-09,194173.966563455,440967.47535987,출판인쇄업,출판사,2026-05-01 22:31:51,I,03,폐업,,,,2019-05-09 18:15:40,,2001-07-24,151-895,서울특별시 관악구 신림동 ****-**,CDFG1251002001000038,3200000,,서울특별시 관악구 신림로 *** (신림동),,03,폐업,,,,,,
,상린,2018-10-02,193300.832515956,443302.417672701,출판인쇄업,출판사,2026-05-01 22:31:51,I,03,폐업,,,,2018-10-02 14:09:07,,2001-07-26,156-849,서울특별시 동작구 신대방동 ***-** 캐릭터그린빌 ****호,CDFG1251002001000039,3200000,,"서울특별시 동작구 보라매로*가길 *, ****호 (신대방동,캐릭터그린빌)",,03,폐업,,,,,,
,도서출판 AMT,2003-04-09,193362.377911405,442523.153795781,출판인쇄업,출판사,2026-05-01 22:31:51,I,03,폐업,,,,2003-04-09 15:01:00,,2001-07-30,151-892,서울특별시 관악구 신림동 ****-*** *층호,CDFG1251002001000040,3200000,,"서울특별시 관악구 관천로**길 *,  *층호 (신림동)",,03,폐업,,,,,,
,다인출판사,2014-04-21,194153.458583176,440847.046526956,출판인쇄업,출판사,2026-05-01 22:31:51,I,03,폐업,,,,2014-04-21 14:18:46,,2001-08-08,151-895,서울특별시 관악구 신림동 ****-*,CDFG1251002001000041,3200000,,서울특별시 관악구 신림로**길 ** (신림동),,03,폐업,,,,,,
,도서출판 좋은씨앗,2002-09-03,193217.740071621,442464.546035754,출판인쇄업,출판사,2026-05-01 22:31:51,I,03,폐업,,0,0,2003-02-06 10:47:55,,2001-09-07,151-893,서울특별시 관악구 신림동 ****-** 지하,CDFG1251002001000043,3200000,,"서울특별시 관악구 관천로**길 **  (신림동,지하)",,03,폐업,,,,,0,0
,도서출판 (주)디지털싸이버,2002-05-06,193796.9476638,442271.603023256,출판인쇄업,출판사,2026-05-01 22:31:51,I,03,폐업,,0,0,2003-02-06 10:47:55,,2001-09-14,151-710,서울특별시 관악구 신림동 **-* 다이아몬드빌딩 ***호,CDFG1251002001000045,3200000,,"서울특별시 관악구 신림로**길 **,  ***호 (신림동,다이아몬드빌딩)",,03,폐업,,,,,0,0
,도서출판 HLA,2002-01-16,195499.950260791,441782.987930572,출판인쇄업,출판사,2026-05-01 22:31:51,I,03,폐업,,0,,2003-02-06 10:47:55,,2001-11-19,151-846,서울특별시 관악구 봉천동 ****-* ***호,CDFG1251002001000054,3200000,,"서울특별시 관악구 쑥고개로**길 **,  ***호 (봉천동)",,03,폐업,,,,,,
,(주)퍼슨,2014-04-16,191616.280922547,442077.967837223,출판인쇄업,출판사,2026-05-01 22:32:23,I,03,폐업,,,,2014-04-16 17:10:54,,2013-03-05,151-877,"서울특별시 관악구 신림동 ***-** *층, 반야빌딩",CDFG1251002013000017,3200000,,"서울특별시 관악구 남부순환로***길 *, *층 (신림동, 반야빌딩)",,03,폐업,,,,02-6299-0299,,
,GTC books,2015-03-20,193689.699313457,441737.454657176,출판인쇄업,출판사,2026-05-01 22:32:23,I,03,폐업,,,,2015-03-20 16:57:59,,2013-03-05,151-901,서울특별시 관악구 신림동 ****-** ***호,CDFG1251002013000018,3200000,,"서울특별시 관악구 문성로**길 **, ***호 (신림동)",,03,폐업,,,,,,
,소금언약,2016-04-12,192410.051490307,441419.314441142,출판인쇄업,출판사,2026-05-01 22:32:23,I,03,폐업,,,,2016-04-12 16:08:43,,2013-03-07,151-888,서울특별시 관악구 신림동 ***-* *층,CDFG1251002013000019,3200000,,"서울특별시 관악구 문성로**가길 **, *층 (신림동)",,03,폐업,,,,,,
,증거수집기획사,2019-03-25,195813.921732706,441842.877081952,출판인쇄업,출판사,2026-05-01 22:32:23,I,03,폐업,,,,2019-03-25 17:45:35,,2013-03-07,151-835,서울특별시 관악구 봉천동 ****-* 태양의집 ***호,CDFG1251002013000020,3200000,,"서울특별시 관악구 남부순환로***길 **, ***호 (봉천동, 태양의집)",,03,폐업,,,,02-867-1118,,
,사단법인 전국체육교사모임,2013-04-01,194715.680247199,440922.631316624,출판인쇄업,출판사,2026-05-01 22:32:23,I,03,폐업,,,,2013-04-01 18:05:43,,2013-03-13,151-858,서울특별시 관악구 신림동 ***-** *층,CDFG1251002013000022,3200000,,"서울특별시 관악구 신림로 **, *층 (신림동)",,03,폐업,,,,02-2670-9462,,
,그늘나무,2021-10-25,192173.816210619,442047.855331295,출판인쇄업,출판사,2026-05-01 22:32:23,I,03,폐업,,,,2021-10-25 16:23:08,,2013-03-21,151-894,서울특별시 관악구 신림동 ****-** *층,CDFG1251002013000024,3200000,,"서울특별시 관악구 난곡로**길 **, *층 (신림동)",,03,폐업,,,,02-856-4968,,
,(주)패스콘,2023-07-17,196488.172956856,441705.44236016,출판인쇄업,출판사,2026-05-01 22:32:23,I,03,폐업,,,,2023-07-17 17:19:37,,2013-03-28,151-818,서울특별시 관악구 봉천동 ****-** 동성빌딩 ***호,CDFG1251002013000026,3200000,,서울특별시 관악구 봉천로 ***-* (봉천동),,03,폐업,,,,,,
,전국대학생생물학심포지엄,2015-07-07,196139.864969792,439023.167125842,출판인쇄업,출판사,2026-05-01 22:32:23,I,03,폐업,,,,2015-07-07 12:35:24,,2012-08-18,151-015,서울특별시 관악구 신림동 산 **-* 서울대학교 자연과학대학 생명과학부 ***동 ***호,CDFG1251002013000032,3200000,,"서울특별시 관악구 관악로 *, ***동 ***호 (신림동, 서울대학교 자연과학대학 생명과학부)",,03,폐업,,,,02-880-6687,,
,도서출판 삼정인,2014-01-21,193610.797201552,442281.285348422,출판인쇄업,출판사,2026-05-01 22:32:23,I,03,폐업,,,,2014-01-21 18:00:12,,2013-04-19,151-930,서울특별시 관악구 신림동 ****-** 삼포스포렉스빌딩 ****호,CDFG1251002013000037,3200000,,"서울특별시 관악구 신림로**길 **, ****호 (신림동, 삼모스포렉스빌딩)",,03,폐업,,,,02-876-0545,,
,트리니티 클래스(monastery),2014-07-09,194290.480923141,440832.198943767,출판인쇄업,출판사,2026-05-01 22:32:23,I,03,폐업,,,,2014-07-09 14:01:07,,2012-06-05,151-895,서울특별시 관악구 신림동 ****-** B**호,CDFG1251002013000039,3200000,,"서울특별시 관악구 대학*길 **, B**호 (신림동)",,03,폐업,,,,,,
,R&BD Lab(알앤비디랩),2017-01-20,195697.211978456,441988.628636727,출판인쇄업,출판사,2026-05-01 22:32:23,I,03,폐업,,437,,2017-01-20 18:37:04,,2013-04-24,151-836,서울특별시 관악구 봉천동 ***-* *층,CDFG1251002013000040,3200000,,"서울특별시 관악구 관악로 ***, *층 (봉천동)",,03,폐업,,,,02-889-7360,,
,사법연구원,2025-05-26,195197.27902978,443315.618841427,출판인쇄업,출판사,2026-05-01 22:32:24,I,03,폐업,,0,0,2025-05-26 15:06:58,,1999-04-07,151-807,서울특별시 관악구 봉천동 ****-* 우영연립 라동 ***호,CDFG1251002013000042,3200000,,"서울특별시 관악구 구암*가길 **, 라동 ***호 (봉천동, 우영연립)",,03,폐업,,,,02-355-0782,0,0
,도서출판 밀알원,2018-10-04,197741.328989491,441457.530079539,출판인쇄업,출판사,2026-05-01 22:32:24,I,03,폐업,,0,,2018-10-04 15:57:31,,1999-11-05,151-802,서울특별시 관악구 남현동 ****-* B**호,CDFG1251002013000047,3200000,,"서울특별시 관악구 남부순환로***길 **, B**호 (남현동)",,03,폐업,,,,,,
,(주)애스크에듀,2013-12-03,195233.765667832,442490.72331606,출판인쇄업,출판사,2026-05-01 22:32:24,I,03,폐업,,,,2013-12-03 14:16:10,,2012-12-20,151-823,서울특별시 관악구 봉천동 ***-* *층,CDFG1251002013000048,3200000,,"서울특별시 관악구 양녕로 **, *층 (봉천동)",,03,폐업,,,,070-7464-9811,,
,어노인팅(Anointing),2025-08-26,191453.832555078,442063.856394194,출판인쇄업,출판사,2026-05-01 22:32:24,I,03,폐업,,,,2025-08-26 15:49:53,,2013-05-31,151-904,서울특별시 관악구 신림동 ****-** *층,CDFG1251002013000049,3200000,,"서울특별시 관악구 조원중앙로*길 *, *층 (신림동)",,03,폐업,,,,,,
,허브북스(HubBooks),2016-09-01,194472.830682608,440756.323995663,출판인쇄업,출판사,2026-05-01 22:32:24,I,03,폐업,,,,2016-09-01 10:41:31,,2013-06-24,151-859,서울특별시 관악구 신림동 ***-** ***호,CDFG1251002013000056,3200000,,"서울특별시 관악구 대학*길 **-*, ***호 (신림동)",,03,폐업,,,,,,
,사이섬,2020-09-08,197057.721251811,440817.715372786,출판인쇄업,출판사,2026-05-01 22:32:24,I,03,폐업,,,,2020-09-08 13:56:04,,2012-09-10,151-815,서울특별시 관악구 봉천동 ***-*** 우월궁전 ***호,CDFG1251002013000057,3200000,,"서울특별시 관악구 인헌**길 **-*, ***호 (봉천동, 우월궁전)",,03,폐업,,,,,,
,Springs Learning Center,2020-03-17,194720.101736115,441054.291447327,출판인쇄업,출판사,2026-05-01 22:32:25,I,03,폐업,,,,2020-03-17 19:23:54,,2009-05-08,151-856,서울특별시 관악구 신림동 ***-*** ***호,CDFG1251002013000065,3200000,,"서울특별시 관악구 서림*길 **, ***호 (신림동)",,03,폐업,,,,,,
,세선당,2014-11-06,195563.161650411,443064.437566493,출판인쇄업,출판사,2026-05-01 22:32:26,I,03,폐업,,,,2014-11-06 16:26:41,,2013-08-16,151-770,서울특별시 관악구 봉천동 **** 관악드림타운 ***동 ****호,CDFG1251002013000071,3200000,,"서울특별시 관악구 성현로 **, ***동 ****호 (봉천동, 관악드림타운)",,03,폐업,,,,,,
,소진,2017-12-13,194872.217200123,441313.587590364,출판인쇄업,출판사,2026-05-01 22:32:26,I,03,폐업,,,,2017-12-22 10:40:48,,2013-09-05,151-855,서울특별시 관악구 신림동 **-*** *층,CDFG1251002013000074,3200000,,"서울특별시 관악구 복은**길 **, *층 (신림동)",,03,폐업,,,,02-888-3042,,
,학원문화사,2025-01-10,194117.022861406,440809.386383296,출판인쇄업,출판사,2026-05-01 22:32:26,I,03,폐업,,,,2025-01-10 17:38:46,,2013-09-23,151-895,서울특별시 관악구 신림동 ****-* *층,CDFG1251002013000078,3200000,,"서울특별시 관악구 호암로**가길 *, *층 (신림동)",,03,폐업,,,,02-888-3091,,
,세상울림,2016-12-15,193924.949393795,441942.797147883,출판인쇄업,출판사,2026-05-01 22:32:27,I,03,폐업,,,,2016-12-15 11:38:30,,2013-10-22,151-853,서울특별시 관악구 신림동 **-*** 푸른솔그린 ***호,CDFG1251002013000084,3200000,,"서울특별시 관악구 신림로**길 **, ***호 (신림동, 푸른솔그린)",,03,폐업,,,,,,
,미술문화원,,198754.634182719,452404.979894277,출판인쇄업,출판사,2026-05-01 22:43:37,I,13,영업중,,0,,2003-02-07 09:13:27,,1980-06-05,110-310,서울특별시 종로구 경운동 **-* 건국빌딩***-*,CDFG1251001980000022,3000000,,"서울특별시 종로구 인사동*길 **  (경운동,건국빌딩***-*)",,01,영업/정상,,,,,,
,고향문화사,,200257.061566929,452233.907627057,출판인쇄업,출판사,2026-05-01 22:43:37,I,13,영업중,,0,,2003-02-07 09:13:27,,1980-06-21,110-850,서울특별시 종로구 효제동 ***-*,CDFG1251001980000024,3000000,,서울특별시 종로구 종로**길 **  (효제동),,01,영업/정상,,,,,,
,(주)기독교문화사업단,,200342.282272788,452556.296390572,출판인쇄업,출판사,2026-05-01 22:43:37,I,13,영업중,,0,,2003-02-07 09:13:27,,1980-07-15,110-844,서울특별시 종로구 충신동 ** *.*층,CDFG1251001980000027,3000000,,,,01,영업/정상,,,,,,
,경서원,,198406.078021912,452348.274523069,출판인쇄업,출판사,2026-05-01 22:43:37,I,13,영업중,,0,,2011-04-08 11:06:35,,1980-07-22,110-170,서울특별시 종로구 견지동 **-*,CDFG1251001980000028,3000000,,서울특별시 종로구 우정국로 **  (견지동),,01,영업/정상,,,,,,
,고려문화사,,200536.713086748,452271.983174283,출판인쇄업,출판사,2026-05-01 22:43:37,I,31,등록취소,,0,0,2003-02-07 09:13:27,,1980-08-04,110-126,서울특별시 종로구 종로*가 ***-* 동흥빌딩 *층,CDFG1251001980000030,3000000,,"서울특별시 종로구 종로**길 **-*  (종로*가,동흥빌딩 *층)",,04,취소/말소/만료/정지/중지,,,,,0,0
,심설당,,198672.779790299,452327.844612238,출판인쇄업,출판사,2026-05-01 22:43:37,I,31,등록취소,,0,0,2003-02-07 09:13:27,,1980-10-31,110-300,서울특별시 종로구 관훈동 ***-* 인창빌딩 ***호,CDFG1251001980000032,3000000,,"서울특별시 종로구 인사동길 **  (관훈동,인창빌딩 ***호)",,04,취소/말소/만료/정지/중지,,,,,0,0
,천도교중앙총부출판부,,198691.799418788,452546.547645387,출판인쇄업,출판사,2026-05-01 22:43:37,I,13,영업중,,0,0,2025-05-20 13:47:08,,1981-03-16,110-310,서울특별시 종로구 경운동 **-*,CDFG1251001981000002,3000000,,서울특별시 종로구 삼일대로 *** (경운동),,01,영업/정상,,,,,0,0
,상명대학교,,,,출판인쇄업,출판사,2026-05-01 22:43:37,I,13,영업중,,0,0,2003-02-07 09:13:27,,1981-07-21,110-020,서울특별시 종로구 홍지동 *-*,CDFG1251001981000003,3000000,,,,01,영업/정상,,,,22875207,0,0
,한국법제연구원,,197303.920114818,452271.958391002,출판인쇄업,출판사,2026-05-01 22:43:37,I,31,등록취소,,0,0,2003-02-07 09:13:27,,1981-08-11,110-062,서울특별시 종로구 신문로*가 *-***,CDFG1251001981000004,3000000,,서울특별시 종로구 경희궁길 **  (신문로*가),,04,취소/말소/만료/정지/중지,,,,,0,0
,(주)교보문고,,197993.904628438,452032.958591394,출판인쇄업,출판사,2026-05-01 22:43:37,I,13,영업중,,0,0,2025-04-15 10:33:01,,1981-11-12,110-714,서울특별시 종로구 종로*가 *,CDFG1251001981000008,3000000,,서울특별시 종로구 종로 * (종로*가),,01,영업/정상,,,,02-2076-0525,0,0
,(사)한국걸스카우트연맹,,198565.677043996,452670.232135872,출판인쇄업,출판사,2026-05-01 22:43:37,I,13,영업중,,0,,2026-03-25 14:29:09,,1982-03-08,110-240,서울특별시 종로구 안국동 ***,CDFG1251001982000001,3000000,,서울특별시 종로구 율곡로 ** (안국동),,01,영업/정상,,,,02-733-6801,,
,한국그리스도교문화연구소,2002-10-30,193902.73010252,441786.171025595,출판인쇄업,출판사,2026-05-01 22:31:51,I,03,폐업,,0,0,2003-02-06 10:47:55,,2001-12-03,151-867,서울특별시 관악구 신림동 ***-*** *층,CDFG1251002001000056,3200000,,"서울특별시 관악구 신림로 ***  (신림동,*층)",,03,폐업,,,,,0,0
,도서출판 향림,2010-03-30,195283.579620711,442504.134717031,출판인쇄업,출판사,2026-05-01 22:31:51,I,03,폐업,,0,,2010-03-30 10:27:34,,2002-01-05,151-823,서울특별시 관악구 봉천동 ***-**,CDFG1251002002000001,3200000,,서울특별시 관악구 양녕로*길 **  (봉천동),,03,폐업,,,,,,
,아이러브스티치,2003-02-21,196294.024512344,443234.687790639,출판인쇄업,출판사,2026-05-01 22:31:51,I,03,폐업,,,,2003-02-21 09:11:53,,2002-01-24,151-803,서울특별시 관악구 봉천동 *-***,CDFG1251002002000004,3200000,,서울특별시 관악구 청림*길 **  (봉천동),,03,폐업,,,,,,
,들풀,2020-04-08,194293.155257157,441782.157344952,출판인쇄업,출판사,2026-05-01 22:31:51,I,03,폐업,,,,2020-04-08 18:43:58,,2002-01-28,151-853,서울특별시 관악구 신림동 **-*** *층,CDFG1251002002000005,3200000,,"서울특별시 관악구 신림로**나길 **  (신림동,*층)",,03,폐업,,,,,,
,도서출판 한누리,2002-11-08,195588.796492288,442098.372819317,출판인쇄업,출판사,2026-05-01 22:31:51,I,03,폐업,,0,0,2003-02-06 10:47:55,,2002-02-01,151-836,서울특별시 관악구 봉천동 ***-** 센츄리타워 ****동,CDFG1251002002000007,3200000,,"서울특별시 관악구 남부순환로 ****, ****동 (봉천동,센츄리타워)",,03,폐업,,,,,0,0
,인아트컴,2002-02-25,195445.432424349,442127.015243919,출판인쇄업,출판사,2026-05-01 22:31:51,I,03,폐업,,0,,2003-02-06 10:47:55,,2002-02-14,151-836,서울특별시 관악구 봉천동 ***-* 하바드텔 ****호,CDFG1251002002000009,3200000,,"서울특별시 관악구 남부순환로 ****  (봉천동,하바드텔 ****호)",,03,폐업,,,,,,
,영백출판사,2002-04-26,195588.796492288,442098.372819317,출판인쇄업,출판사,2026-05-01 22:31:51,I,03,폐업,,,,2005-02-04 14:29:37,,2002-03-11,151-836,서울특별시 관악구 봉천동 ***-** 관악센추리타워 ***동,CDFG1251002002000015,3200000,,"서울특별시 관악구 남부순환로 ****, ***동 (봉천동,관악센추리타워)",,03,폐업,,,,,,
,삼성경영문화연구소,2002-12-23,195531.953701324,442060.794689435,출판인쇄업,출판사,2026-05-01 22:31:51,I,03,폐업,,0,0,2003-02-06 10:47:55,,2002-03-20,151-836,서울특별시 관악구 봉천동 ***-* 그린피아오피스텔 ***호,CDFG1251002002000018,3200000,,"서울특별시 관악구 관악로**길 **,  ***호 (봉천동,그린피아오피스텔)",,03,폐업,,,,,0,0
,대광출판사,2009-01-06,193736.283365342,442593.593920989,출판인쇄업,출판사,2026-05-01 22:31:52,I,03,폐업,,,,2009-01-06 17:09:02,,2002-03-22,151-015,서울특별시 관악구 신림동 ****-** 서원주상복합 ****호,CDFG1251002002000019,3200000,,"서울특별시 관악구 신림로 ***,  ****호 (신림동,서원주상복합)",,03,폐업,,,,64049707,,
,조세출판사,2003-01-17,194914.432653188,441952.093243141,출판인쇄업,출판사,2026-05-01 22:31:52,I,03,폐업,,0,0,2003-02-06 10:47:55,,2002-03-25,151-833,서울특별시 관악구 봉천동 ****-**,CDFG1251002002000020,3200000,,서울특별시 관악구 쑥고개로 **  (봉천동),,03,폐업,,,,,0,0
,문갑서원,2009-04-03,194193.820899227,441080.810846923,출판인쇄업,출판사,2026-05-01 22:31:52,I,03,폐업,,,,2009-04-03 17:43:46,,2002-03-27,151-927,서울특별시 관악구 신림동 ***-**,CDFG1251002002000022,3200000,,서울특별시 관악구 신림로**가길 **  (신림동),,03,폐업,,,,,,
,도서출판 온울,2003-03-21,194368.078822545,441360.697220904,출판인쇄업,출판사,2026-05-01 22:31:52,I,03,폐업,,,,2003-03-22 11:02:06,,2002-04-04,151-015,서울특별시 관악구 신림동 ***-**,CDFG1251002002000025,3200000,,서울특별시 관악구 복은길 **  (신림동),,03,폐업,,,,,,
,도서출판 초장과 물가,2022-01-21,194261.481698504,442703.127823216,출판인쇄업,출판사,2026-05-01 22:31:52,I,03,폐업,,,,2022-01-21 11:18:11,,2002-04-10,151-913,서울특별시 관악구 봉천동 ***-** *층,CDFG1251002002000027,3200000,,"서울특별시 관악구 은천로 *  (봉천동,*층)",,03,폐업,,,,,,
,도서출판 좋은사람들,2002-04-24,192596.200060293,442439.83826075,출판인쇄업,출판사,2026-05-01 22:31:52,I,03,폐업,,0,,2003-02-06 10:47:55,,2002-04-10,151-872,서울특별시 관악구 신림동 ***-**,CDFG1251002002000028,3200000,,서울특별시 관악구 남부순환로***길 **-*  (신림동),,03,폐업,,,,,,
,Helper,2003-12-26,194680.423091866,441392.544850078,출판인쇄업,출판사,2026-05-01 22:31:52,I,03,폐업,,,,2003-12-26 14:19:48,,2002-04-18,151-855,서울특별시 관악구 신림동 **-**,CDFG1251002002000030,3200000,,서울특별시 관악구 복은길 **  (신림동),,03,폐업,,,,,,
,제이앤에스,2002-12-27,194666.950763364,440980.067618306,출판인쇄업,출판사,2026-05-01 22:31:52,I,03,폐업,,0,0,2003-02-06 10:47:55,,2002-04-18,151-856,서울특별시 관악구 신림동 ***-***,CDFG1251002002000031,3200000,,서울특별시 관악구 신림로 **  (신림동),,03,폐업,,,,,0,0
,I.P ENGINEER,2018-12-17,198211.276006253,441532.016204243,출판인쇄업,출판사,2026-05-01 22:31:52,I,03,폐업,,,,2018-12-17 11:51:25,,2002-05-03,151-800,서울특별시 관악구 남현동 ****-* 보성빌딩 *층,CDFG1251002002000035,3200000,,"서울특별시 관악구 남현*길 ** (남현동,보성빌딩 *층)",,03,폐업,,,,,,
,씨드북,2008-10-31,194388.623587568,442386.786962966,출판인쇄업,출판사,2026-05-01 22:31:52,I,03,폐업,,,,2008-10-31 15:38:04,,2002-05-13,151-852,서울특별시 관악구 신림동 **-***,CDFG1251002002000039,3200000,,서울특별시 관악구 남부순환로***길 *  (신림동),,03,폐업,,,,,,
,민창사,2014-03-25,194133.953129932,441400.192118341,출판인쇄업,출판사,2026-05-01 22:31:52,I,03,폐업,,,,2014-03-25 13:14:13,,2002-05-21,151-866,서울특별시 관악구 신림동 ***-**,CDFG1251002002000041,3200000,,서울특별시 관악구 신림로**길 *-* (신림동),,03,폐업,,,,,,
,서린,2002-11-06,197025.400419821,441443.995730346,출판인쇄업,출판사,2026-05-01 22:31:52,I,03,폐업,,0,0,2003-02-06 10:47:55,,2002-05-24,151-832,서울특별시 관악구 봉천동 ****-** *층,CDFG1251002002000042,3200000,,"서울특별시 관악구 인헌길 *  (봉천동,*층)",,03,폐업,,,,,0,0
사무실,열쇠공장,2014-11-13,193946.630084207,443418.333880884,출판인쇄업,출판사,2026-05-01 22:32:27,I,03,폐업,,50,1,2014-11-13 15:43:06,,2011-11-01,151-831,서울특별시 관악구 봉천동 ***-***,CDFG1251002013000085,3200000,주거지역,서울특별시 관악구 당곡*길 ** (봉천동),,03,폐업,,,,070-8286-5171,1,
,신화사,2019-01-15,193999.914601208,440785.877269758,출판인쇄업,출판사,2026-05-01 22:32:27,I,03,폐업,,,,2019-01-15 16:35:51,,2013-10-31,151-019,서울특별시 관악구 신림동 ****-**,CDFG1251002013000088,3200000,,"서울특별시 관악구 호암로 ***, *층 (신림동)",,03,폐업,,,,,,
,사복출판사,2014-02-18,193934.384612244,440379.975106121,출판인쇄업,출판사,2026-05-01 22:32:27,I,03,폐업,,,,2014-02-18 17:23:55,,2013-11-19,151-929,서울특별시 관악구 신림동 ***-** ***호,CDFG1251002013000091,3200000,,"서울특별시 관악구 호암로**길 **, ***호 (신림동)",,03,폐업,,,,,,
,月印千江 출판사,2013-12-31,194738.273898833,440769.287085681,출판인쇄업,출판사,2026-05-01 22:32:27,I,03,폐업,,,,2013-12-31 12:13:46,,2013-11-19,151-858,서울특별시 관악구 신림동 **** 서초그린아파트 ***동 ***호,CDFG1251002013000093,3200000,,"서울특별시 관악구 신림로*길 **, ***동 ***호 (신림동, 서초그린아파트)",,03,폐업,,,,,,
,티에이지엠(TAGM),2019-12-26,191464.721586731,442269.298294305,출판인쇄업,출판사,2026-05-01 22:32:28,I,03,폐업,,,,2019-12-26 17:26:07,,2013-11-25,151-903,서울특별시 관악구 신림동 ****-*,CDFG1251002013000095,3200000,,서울특별시 관악구 조원로*가길 **-* (신림동),,03,폐업,,,,070-4132-2888,,
,썰물과 밀물,2015-01-23,193377.26772153,442850.503975338,출판인쇄업,출판사,2026-05-01 22:32:28,I,03,폐업,,,,2015-01-23 16:34:15,,2013-11-28,151-891,서울특별시 관악구 신림동 ****-**,CDFG1251002013000097,3200000,,서울특별시 관악구 봉천로*길 ** (신림동),,03,폐업,,,,,,
,홍익북스,2018-02-12,195879.645040226,442142.150888783,출판인쇄업,출판사,2026-05-01 22:32:28,I,03,폐업,,,,2018-02-12 16:27:04,,2013-12-05,151-834,서울특별시 관악구 봉천동 ****-* *층,CDFG1251002013000099,3200000,,"서울특별시 관악구 봉천로 ***-*, *층 (봉천동)",,03,폐업,,,,,,
,한여름,2019-12-19,196069.243307506,442004.183082451,출판인쇄업,출판사,2026-05-01 22:32:28,I,03,폐업,,,,2019-12-19 17:14:24,,2013-12-09,,서울특별시 관악구 봉천동 ****-* 관악통일빌딩 ***-*호,CDFG1251002013000100,3200000,,"서울특별시 관악구 남부순환로 ****, *층 ***-*호 (봉천동, 관악통일빌딩)",08739,03,폐업,,,,070-7801-0317,,
,송림문학,2015-04-20,195924.538390314,441753.547430263,출판인쇄업,출판사,2026-05-01 22:32:28,I,03,폐업,,,,2015-04-20 18:08:57,,2013-12-12,151-848,서울특별시 관악구 봉천동 ****-** ***호,CDFG1251002013000102,3200000,,"서울특별시 관악구 관악로**길 **, ***호 (봉천동)",,03,폐업,,,,,,
,도서출판 SGM,2016-04-25,195588.796492288,442098.372819317,출판인쇄업,출판사,2026-05-01 22:32:29,I,03,폐업,,,,2016-04-26 09:41:38,,2014-01-13,151-050,서울특별시 관악구 봉천동 ***-** 제**층 제*호,CDFG1251002014000004,3200000,,"서울특별시 관악구 남부순환로 ****, 제**층 제*호 (봉천동)",,03,폐업,,,,,,
,오블라디(Obladi),2018-01-05,196418.701400675,441334.214006245,출판인쇄업,출판사,2026-05-01 22:32:29,I,03,폐업,,,,2018-03-20 14:14:49,,2014-01-21,151-819,서울특별시 관악구 봉천동 ***-** ***호,CDFG1251002014000005,3200000,,"서울특별시 관악구 낙성대로*길 **, ***호 (봉천동)",,03,폐업,,,,,,
,필드원,2014-12-29,196561.214596881,441783.032927618,출판인쇄업,출판사,2026-05-01 22:32:30,I,03,폐업,,,,2014-12-29 13:11:29,,2014-02-04,151-849,서울특별시 관악구 봉천동 ****-*,CDFG1251002014000012,3200000,,서울특별시 관악구 남부순환로***길 * (봉천동),,03,폐업,,,,,,
,파퍼엔실,2016-04-12,192533.855691867,442815.291488922,출판인쇄업,출판사,2026-05-01 22:32:30,I,03,폐업,,,,2016-04-12 08:55:10,,2014-02-27,151-871,서울특별시 관악구 신림동 ***-* ***호,CDFG1251002014000016,3200000,,"서울특별시 관악구 신사로**길 **, ***호 (신림동)",,03,폐업,,,,,,
,도서출판 이층버스,2024-05-27,195149.024869855,442573.46010826,출판인쇄업,출판사,2026-05-01 22:32:30,I,03,폐업,,,,2024-05-27 14:25:10,,2014-03-03,151-925,서울특별시 관악구 봉천동 ****-* 두산아파트 ***동 ***호,CDFG1251002014000017,3200000,,"서울특별시 관악구 양녕로 **, ***동 ***호 (봉천동, 두산아파트)",,03,폐업,,,,,,
,Lux Regit,2017-03-30,195175.151298097,442392.140307845,출판인쇄업,출판사,2026-05-01 22:32:30,I,03,폐업,,,,2017-03-30 18:56:57,,2014-03-04,151-840,서울특별시 관악구 봉천동 ***-** *층,CDFG1251002014000019,3200000,,"서울특별시 관악구 양녕로 **-*, *층 (봉천동)",,03,폐업,,,,,,
,한국수준별교육연구소,2024-10-04,198275.299589699,441140.144420543,출판인쇄업,출판사,2026-05-01 22:32:31,I,03,폐업,,,,2024-10-04 17:15:27,,2010-08-02,151-801,서울특별시 관악구 남현동 ***-*** ***호,CDFG1251002014000021,3200000,,"서울특별시 관악구 승방*길 **, ***호 (남현동)",,03,폐업,,,,,,
,씨사이트 에듀,2018-04-12,192012.500669524,441885.529640794,출판인쇄업,출판사,2026-05-01 22:32:31,I,03,폐업,,,,2018-04-12 16:53:25,,2014-03-12,151-772,서울특별시 관악구 신림동 **** 신림푸르지오아파트 ***동 ****호,CDFG1251002014000022,3200000,,"서울특별시 관악구 남부순환로 ****, ***동 ****호 (신림동, 신림푸르지오아파트)",,03,폐업,,,,,,
,도서출판 글나눔,2019-02-27,197163.141031457,441519.149935014,출판인쇄업,출판사,2026-05-01 22:32:31,I,03,폐업,,,,2019-02-27 15:03:13,,2012-05-24,151-050,서울특별시 관악구 봉천동 **** 제창그로힐아파트 ***호,CDFG1251002014000024,3200000,,"서울특별시 관악구 남부순환로 ****, ***호 (봉천동, 제창그로힐아파트)",,03,폐업,,,,,,
,하이다칸디,2021-03-26,194457.530346786,440728.157016262,출판인쇄업,출판사,2026-05-01 22:32:31,I,03,폐업,,,,2021-03-26 13:12:55,,2014-04-01,151-015,서울특별시 관악구 신림동 ***-**,CDFG1251002014000025,3200000,,서울특별시 관악구 대학*길 *-* (신림동),,03,폐업,,,,,,
,Healing Books,2017-04-25,195220.86431543,442041.693004299,출판인쇄업,출판사,2026-05-01 22:32:32,I,03,폐업,,,,2017-04-25 10:13:12,,2013-03-29,151-050,서울특별시 관악구 봉천동 ***-** 원빌딩 ***호,CDFG1251002014000028,3200000,,"서울특별시 관악구 청룡*길 **, ***호 (봉천동, 원빌딩)",,03,폐업,,,,,,
,좋은책 출판사,2016-09-28,196809.937908749,441306.52974206,출판인쇄업,출판사,2026-05-01 22:32:32,I,03,폐업,,,2,2016-09-28 13:17:08,,2013-02-15,151-050,서울특별시 관악구 봉천동 ***-** 블랙앤레드 ***호,CDFG1251002014000030,3200000,,"서울특별시 관악구 낙성대역**길 *, ***호 (봉천동, 블랙앤레드)",,03,폐업,,,,,,
,도서출판 벼루,2016-04-18,193986.097365581,441643.546238045,출판인쇄업,출판사,2026-05-01 22:32:32,I,03,폐업,,,,2016-04-18 16:15:21,,2014-05-01,151-015,서울특별시 관악구 신림동 ***-*** 대림하이츠빌라 ***호,CDFG1251002014000031,3200000,,"서울특별시 관악구 서원*길 *, ***호 (신림동, 대림하이츠빌라)",,03,폐업,,,,,,
,(사)한국방송통신대학교출판문화원,,200346.522840496,452815.176142798,출판인쇄업,출판사,2026-05-01 22:43:37,I,13,영업중,,,,2026-04-17 14:59:15,,1982-06-07,110-500,서울특별시 종로구 이화동 **-* *층,CDFG1251001982000002,3000000,,서울특별시 종로구 이화장길 ** (이화동),,01,영업/정상,,,,02-3668-4762,,
,남일문화(주),,,,출판인쇄업,출판사,2026-05-01 22:43:37,I,32,신고취소,,0,,2010-03-23 10:58:05,2005-05-13,1982-07-28,110-054,서울특별시 종로구 사직동 **,CDFG1251001982000003,3000000,,,,04,취소/말소/만료/정지/중지,,,,,,
,대한출판문화협회,,198153.338406366,452688.924851341,출판인쇄업,출판사,2026-05-01 22:43:37,I,32,신고취소,,0,,2010-05-25 13:57:54,,1982-08-13,110-190,서울특별시 종로구 사간동 ***-* 출판문화회관,CDFG1251001982000004,3000000,,"서울특별시 종로구 삼청로 *  (사간동,출판문화회관)",,04,취소/말소/만료/정지/중지,,,,,,
,(사)대한출판문화협회,,198153.338406366,452688.924851341,출판인쇄업,출판사,2026-05-01 22:43:37,I,13,영업중,,0,0,2026-03-20 11:53:25,,1982-08-13,110-190,서울특별시 종로구 사간동 ***-* 출판문화회관,CDFG1251001982000005,3000000,,"서울특별시 종로구 삼청로 * (사간동,출판문화회관)",,01,영업/정상,,,,,0,0
,사단법인흥사단,,200128.246670355,453322.292043622,출판인쇄업,출판사,2026-05-01 22:43:37,I,13,영업중,,,,2017-06-13 15:07:36,,1983-06-10,110-809,서울특별시 종로구 동숭동 *-**,CDFG1251001983000001,3000000,,서울특별시 종로구 대학로 *** (동숭동),,01,영업/정상,,,,02-743-2511,,
,(주)어문각,,197487.622049589,452071.534763593,출판인쇄업,출판사,2026-05-01 22:43:37,I,13,영업중,,,,2008-06-20 18:26:52,,1983-07-30,110-061,서울특별시 종로구 신문로*가 **-** 한글회관 ***호,CDFG1251001983000003,3000000,,"서울특별시 종로구 새문안로*길 *,  ***호 (신문로*가,한글회관)",,01,영업/정상,,,,02-3274-0857,,
,산정연구사,,198910.899366062,452750.505122507,출판인쇄업,출판사,2026-05-01 22:43:37,I,13,영업중,,0,,2003-02-07 09:13:27,,1984-11-21,110-350,서울특별시 종로구 운니동 **-** 가든타워빌딩****호,CDFG1251001984000002,3000000,,"서울특별시 종로구 율곡로 **  (운니동,가든타워빌딩****호)",,01,영업/정상,,,,,,
,해돋이,,197222.90951451,452574.884403782,출판인쇄업,출판사,2026-05-01 22:43:38,I,32,신고취소,,0,,2009-12-14 11:12:43,,1987-11-18,110-044,서울특별시 종로구 필운동 ***-*,CDFG1251001987000003,3000000,,서울특별시 종로구 사직로*길 *  (필운동),,04,취소/말소/만료/정지/중지,,,,,,
,의정연구원,,197129.035717985,453800.281644629,출판인쇄업,출판사,2026-05-01 22:43:38,I,13,영업중,,0,0,2013-12-10 16:16:50,,1987-11-18,110-030,서울특별시 종로구 청운동 **-**,CDFG1251001987000004,3000000,,서울특별시 종로구 자하문로**가길 * (청운동),,01,영업/정상,,,,02-723-0507,0,0
,한국기독교학교연맹,,200008.831492823,452291.335627477,출판인쇄업,출판사,2026-05-01 22:43:38,I,13,영업중,,0,,2013-12-10 16:20:17,,1987-11-18,110-740,서울특별시 종로구 연지동 산 ***-** 회관 ****호,CDFG1251001987000005,3000000,,"서울특별시 종로구 김상옥로 **, ****호 (연지동)",,01,영업/정상,,,,02-0000-0000,,
,도서출판 (주)국제마케팅,,199886.047854765,452569.474718211,출판인쇄업,출판사,2026-05-01 22:43:38,I,13,영업중,,0,0,2003-02-07 09:13:27,,1987-11-26,110-470,서울특별시 종로구 연지동 *-* ***호,CDFG1251001987000008,3000000,,"서울특별시 종로구 율곡로 ***  (연지동,***호)",,01,영업/정상,,,,,0,0
,시사통역사,,198645.975019691,452069.03389068,출판인쇄업,출판사,2026-05-01 22:43:38,I,13,영업중,,0,,2004-05-28 09:27:31,,1987-11-27,110-290,서울특별시 종로구 인사동 *** YMCA별관 ***호,CDFG1251001987000009,3000000,,"서울특별시 종로구 종로**길 **  (인사동,YMCA별관 ***호)",,01,영업/정상,,,,02-733-9696,,
,변리사 전문학원 Patent School,2007-03-26,195909.265193933,442009.697770931,출판인쇄업,출판사,2026-05-01 22:31:52,I,03,폐업,,,,2007-03-26 14:59:07,,2002-06-03,151-835,서울특별시 관악구 봉천동 ****-* *층,CDFG1251002002000044,3200000,,"서울특별시 관악구 남부순환로 ****  (봉천동,*층)",,03,폐업,,,,,,
,에듀넥스젠,2004-03-25,196461.877883079,441740.147864529,출판인쇄업,출판사,2026-05-01 22:31:52,I,03,폐업,,,,2004-03-25 14:16:40,,2002-06-05,151-818,서울특별시 관악구 봉천동 ****-* 오너빌딩 ***호,CDFG1251002002000046,3200000,,"서울특별시 관악구 남부순환로 ****  (봉천동,오너빌딩 ***호)",,03,폐업,,,,,,
,코리아위성교육방송주식회사,2005-04-15,,,출판인쇄업,출판사,2026-05-01 22:31:52,I,03,폐업,,,,2005-04-15 12:40:22,,2002-06-07,151-851,서울특별시 관악구 봉천동 산 *-* 서울대연구공원 ***호,CDFG1251002002000047,3200000,,,,03,폐업,,,,,,
,신림중앙교회,2019-01-23,193933.147694484,442448.867267664,출판인쇄업,출판사,2026-05-01 22:31:52,I,03,폐업,,,,2019-01-23 10:07:37,,2002-06-11,151-930,서울특별시 관악구 신림동 **-*,CDFG1251002002000048,3200000,,서울특별시 관악구 남부순환로 **** (신림동),,03,폐업,,,,,,
,(주)태학관법정연구회,2003-11-14,194132.649925284,440815.621380574,출판인쇄업,출판사,2026-05-01 22:31:52,I,03,폐업,,,,2003-11-14 16:31:29,,2002-06-24,151-895,서울특별시 관악구 신림동 ****-*,CDFG1251002002000052,3200000,,서울특별시 관악구 호암로**길 **  (신림동),,03,폐업,,,,,,
,합격일번지,2003-11-14,195738.565943216,441381.722841201,출판인쇄업,출판사,2026-05-01 22:31:52,I,03,폐업,,,,2003-12-02 15:31:26,,2002-06-28,151-839,서울특별시 관악구 봉천동 ****-* 동산빌딩 *층,CDFG1251002002000054,3200000,,"서울특별시 관악구 관악로 ***  (봉천동,동산빌딩 *층)",,03,폐업,,,,,,
,시온출판사,2010-08-03,193761.539812479,443426.785063317,출판인쇄업,출판사,2026-05-01 22:31:52,I,03,폐업,,,,2010-08-05 14:27:41,,2002-07-04,151-831,서울특별시 관악구 봉천동 ***-** 지층,CDFG1251002002000055,3200000,,"서울특별시 관악구 당곡*라길 *  (봉천동,지층)",,03,폐업,,,,,,
,피앤엘올웨이즈,2010-01-22,192938.800706279,442250.17523846,출판인쇄업,출판사,2026-05-01 22:31:52,I,03,폐업,,,,2010-01-22 18:22:38,,2002-07-19,151-899,서울특별시 관악구 신림동 ****-** *층,CDFG1251002002000059,3200000,,"서울특별시 관악구 난곡로**길 ***  (신림동,*층)",,03,폐업,,,,,,
,도서출판 함무라비,2010-08-05,194475.762347214,440984.47734113,출판인쇄업,출판사,2026-05-01 22:31:52,I,03,폐업,,,,2010-08-05 10:49:59,,2002-07-25,151-856,서울특별시 관악구 신림동 ***-* *층,CDFG1251002002000062,3200000,,,,03,폐업,,,,,,
,도서출판 몬테소리,2004-03-25,196461.877883079,441740.147864529,출판인쇄업,출판사,2026-05-01 22:31:52,I,03,폐업,,,,2004-03-25 14:16:54,,2002-07-30,151-818,서울특별시 관악구 봉천동 ****-* 오너벤처 ***호,CDFG1251002002000064,3200000,,"서울특별시 관악구 남부순환로 ****  (봉천동,오너벤처 ***호)",,03,폐업,,,,,,
,도서출판 개혁,2007-06-15,194997.107029011,441942.052150166,출판인쇄업,출판사,2026-05-01 22:31:52,I,03,폐업,,,,2007-06-15 16:34:40,,2002-08-21,151-833,서울특별시 관악구 봉천동 ****-**,CDFG1251002002000071,3200000,,서울특별시 관악구 쑥고개로 **  (봉천동),,03,폐업,,,,,,
,도서출판 줌,2003-11-25,194388.623587568,442386.786962966,출판인쇄업,출판사,2026-05-01 22:31:52,I,03,폐업,,,,2003-11-25 16:09:31,,2002-08-23,151-852,서울특별시 관악구 신림동 **-*** 성우프라자 *층,CDFG1251002002000072,3200000,,"서울특별시 관악구 남부순환로***길 *  (신림동,성우프라자 *층)",,03,폐업,,,,,,
,아만타,2012-01-18,196120.039741405,441980.475413186,출판인쇄업,출판사,2026-05-01 22:31:52,I,03,폐업,,,,2012-01-18 13:32:23,,2002-08-30,151-849,서울특별시 관악구 봉천동 ****-**,CDFG1251002002000075,3200000,,서울특별시 관악구 남부순환로 ****  (봉천동),,03,폐업,,,,,,
,복지출판사,2017-09-26,195328.956120196,441913.643860119,출판인쇄업,출판사,2026-05-01 22:31:52,I,03,폐업,,,,2017-09-26 21:43:48,,2002-09-09,151-846,서울특별시 관악구 봉천동 ****-** 제일캠퍼스텔 ***호,CDFG1251002002000076,3200000,,"서울특별시 관악구 쑥고개로 ***-* (봉천동,제일캠퍼스텔 ***호)",,03,폐업,,,,02-529-7307,,
,도서출판 멀린,2009-12-29,195280.635091826,442044.727131173,출판인쇄업,출판사,2026-05-01 22:31:52,I,03,폐업,,0,0,2010-01-13 18:12:13,,2002-09-27,151-841,서울특별시 관악구 봉천동 ***-** 지층,CDFG1251002002000080,3200000,,"서울특별시 관악구 청룡*길 **  (봉천동,지층)",,03,폐업,,,,,0,0
,그의 나라,2006-01-23,196522.025489944,441688.79539452,출판인쇄업,출판사,2026-05-01 22:31:58,I,03,폐업,,,,2006-01-23 11:59:32,,2002-10-30,151-818,서울특별시 관악구 봉천동 ****-**,CDFG1251002002000086,3200000,,서울특별시 관악구 봉천로 ***  (봉천동),,03,폐업,,,,,,
,에듀엔디,2006-06-22,194132.649925284,440815.621380574,출판인쇄업,출판사,2026-05-01 22:31:58,I,03,폐업,,,,2006-06-22 16:20:46,,2002-11-07,151-895,서울특별시 관악구 신림동 ****-*,CDFG1251002002000087,3200000,,서울특별시 관악구 호암로**길 **  (신림동),,03,폐업,,,,,,
,도서출판 꼬마제자원,2015-04-30,194969.500442789,441945.481588201,출판인쇄업,출판사,2026-05-01 22:31:58,I,03,폐업,,,,2015-04-30 16:37:14,,2002-11-16,151-833,서울특별시 관악구 봉천동 ****-**,CDFG1251002002000090,3200000,,서울특별시 관악구 쑥고개로 ** (봉천동),,03,폐업,,,,,,
,IMC(국제선교신학원 출판부),2011-12-26,196319.78176882,442723.185084824,출판인쇄업,출판사,2026-05-01 22:31:58,I,03,폐업,,,,2011-12-26 14:18:57,,2002-11-22,151-808,서울특별시 관악구 봉천동 **-**,CDFG1251002002000092,3200000,,서울특별시 관악구 청림*길 **  (봉천동),,03,폐업,,,,,,
,수준별 교육,2003-02-11,205309.173952211,444169.501852892,출판인쇄업,출판사,2026-05-01 22:31:58,I,03,폐업,,,,2003-02-11 10:32:42,,2002-11-26,135-849,서울특별시 강남구 대치동 ***-* *층,CDFG1251002002000093,3200000,,"서울특별시 강남구 삼성로 ***  (대치동,*층)",,03,폐업,,,,,,
,도서출판 방법은 있다,2005-01-28,196969.484474544,441130.010580826,출판인쇄업,출판사,2026-05-01 22:31:58,I,03,폐업,,,,2005-01-28 13:46:19,,2002-12-03,151-815,서울특별시 관악구 봉천동 ***-***,CDFG1251002002000094,3200000,,서울특별시 관악구 인헌길 **  (봉천동),,03,폐업,,,,,,
,도서출판 조피아노,2005-11-30,197025.341350793,441431.90088108,출판인쇄업,출판사,2026-05-01 22:31:58,I,03,폐업,,,,2005-11-30 16:28:37,,2003-01-02,151-832,서울특별시 관악구 봉천동 ****-*,CDFG1251002003000003,3200000,,서울특별시 관악구 인헌길 *  (봉천동),,03,폐업,,,,,,
,도서출판 월드,2004-01-06,196379.116987076,441757.777943126,출판인쇄업,출판사,2026-05-01 22:31:58,I,03,폐업,,,,2004-01-06 10:48:09,,2003-01-03,151-818,서울특별시 관악구 봉천동 ****-**,CDFG1251002003000004,3200000,,서울특별시 관악구 남부순환로 ****  (봉천동),,03,폐업,,,,,,
,독도문화출판사,2014-10-01,195445.432424349,442127.015243919,출판인쇄업,출판사,2026-05-01 22:32:32,I,03,폐업,,,,2014-10-01 17:49:31,,2014-05-08,151-836,서울특별시 관악구 봉천동 ***-* 하버드오피스텔 ***호,CDFG1251002014000033,3200000,,"서울특별시 관악구 남부순환로 ****, ***호 (봉천동, 하버드오피스텔)",,03,폐업,,,,02-885-2050,,
,문스톤,2018-12-31,193238.604660907,442151.501920653,출판인쇄업,출판사,2026-05-01 22:32:33,I,03,폐업,,,,2018-12-31 15:22:10,,2014-06-12,151-900,서울특별시 관악구 신림동 ****-* 늘솜하우스 ***호,CDFG1251002014000043,3200000,,"서울특별시 관악구 남부순환로***길 **, ***호 (신림동, 늘솜하우스)",,03,폐업,,,,,,
,카로스미션싱어즈,2014-12-22,193906.210289406,441250.319594744,출판인쇄업,출판사,2026-05-01 22:32:33,I,03,폐업,,,,2014-12-22 10:37:15,,2014-07-02,151-865,서울특별시 관악구 신림동 ***-**,CDFG1251002014000050,3200000,,서울특별시 관악구 양산길 **-* (신림동),,03,폐업,,,,,,
,도서출판 꿈꾸는 삶,2020-12-30,194062.106279649,442479.228478023,출판인쇄업,출판사,2026-05-01 22:32:34,I,03,폐업,,,,2020-12-30 13:38:48,,2014-07-15,151-852,서울특별시 관악구 신림동 ****-** 프레콘빌딩 *층,CDFG1251002014000053,3200000,,"서울특별시 관악구 남부순환로 ****, *층 (신림동, 프레콘빌딩)",,03,폐업,,,,02-878-7599,,
,코드 커뮤니케이션,2015-08-25,193190.488963795,442569.58718033,출판인쇄업,출판사,2026-05-01 22:32:34,I,03,폐업,,,,2015-08-25 11:08:52,,2014-07-31,151-893,서울특별시 관악구 신림동 ****-* 신사빌라 ***호,CDFG1251002014000057,3200000,,"서울특별시 관악구 남부순환로***길 **, ***호 (신림동, 신사빌라)",,03,폐업,,,,,,
,성도 출판사,2024-06-05,194972.882647858,442743.218344004,출판인쇄업,출판사,2026-05-01 22:32:34,I,03,폐업,,,,2024-06-05 13:16:25,,2014-08-11,151-826,서울특별시 관악구 봉천동 ***-**,CDFG1251002014000060,3200000,,"서울특별시 관악구 은천로 ** (봉천동, 성도교회)",,03,폐업,,,,02-888-4303,,
,에듀랜드,2019-08-26,195049.615056717,442335.060846112,출판인쇄업,출판사,2026-05-01 22:32:36,I,03,폐업,,,,2019-08-26 17:34:39,,2014-10-01,151-050,서울특별시 관악구 봉천동 ***-** 덕창빌딩 ***호,CDFG1251002014000071,3200000,,"서울특별시 관악구 봉천로 ***, ***호 (봉천동, 덕창빌딩)",,03,폐업,,,,02-887-9300,,
,원 투 쓰리,2016-06-07,194087.604305257,442640.935812878,출판인쇄업,출판사,2026-05-01 22:32:36,I,03,폐업,,,,2016-06-07 09:52:42,,2014-10-07,151-890,서울특별시 관악구 신림동 ****-*,CDFG1251002014000072,3200000,,서울특별시 관악구 남부순환로***길 ** (신림동),,03,폐업,,,,,,
근린생활시설,도서출판 정암,2016-11-01,192439.185109998,440111.925502323,출판인쇄업,출판사,2026-05-01 22:32:36,I,03,폐업,,64.1,4,2016-11-01 09:05:10,,2014-01-24,151-015,서울특별시 관악구 신림동 ***-** 성일빌라 ***호,CDFG1251002014000073,3200000,일반상업지역,"서울특별시 관악구 난향**길 *, ***호 (신림동, 성일빌라)",,03,폐업,기타,,,,4,0
,위즈앤북스,2018-07-06,194517.888104512,442425.665112844,출판인쇄업,출판사,2026-05-01 22:32:36,I,03,폐업,,,,2024-10-31 11:02:12,,2014-10-22,151-050,서울특별시 관악구 봉천동 ***-** 지하*층,CDFG1251002014000075,3200000,,"서울특별시 관악구 남부순환로 ****, 지하*층 (봉천동)",,03,폐업,,,,,,
,한올진,2016-01-25,197948.951449502,441302.581386671,출판인쇄업,출판사,2026-05-01 22:32:36,I,03,폐업,,,,2016-01-25 16:58:00,,2014-11-13,151-800,서울특별시 관악구 남현동 ****-** 솔본아파트 ***호,CDFG1251002014000078,3200000,,"서울특별시 관악구 남현*가길 **-*, ***호 (남현동, 솔본아파트)",,03,폐업,,,,,,
,도서출판 산둘림,2015-12-01,191131.049995846,442106.666555007,출판인쇄업,출판사,2026-05-01 22:32:37,I,03,폐업,,,,2015-12-01 16:41:46,,2014-11-21,151-015,서울특별시 관악구 신림동 ****-** ***호,CDFG1251002014000081,3200000,,"서울특별시 관악구 시흥대로 ***-*, ***호 (신림동)",,03,폐업,,,,,,
,올던북스,2015-12-08,195350.005502651,441897.741736007,출판인쇄업,출판사,2026-05-01 22:32:39,I,03,폐업,,,,2015-12-08 16:00:21,,2014-12-01,151-050,서울특별시 관악구 봉천동 ****-** 삼원오피스텔 ***호,CDFG1251002014000083,3200000,,"서울특별시 관악구 쑥고개로 ***, ***호 (봉천동, 삼원오피스텔)",,03,폐업,,,,,,
,스파르타 합격캠프,2015-05-19,194132.649925284,440815.621380574,출판인쇄업,출판사,2026-05-01 22:32:39,I,03,폐업,,,,2015-05-20 18:12:13,,2015-01-08,151-895,서울특별시 관악구 신림동 ****-*,CDFG1251002015000002,3200000,,서울특별시 관악구 호암로**길 ** (신림동),,03,폐업,,,,,,
,나무와 나무,2018-04-13,194206.0915753,440388.466238203,출판인쇄업,출판사,2026-05-01 22:32:39,I,03,폐업,,,,2018-04-13 14:23:54,,2015-01-16,151-019,서울특별시 관악구 신림동 ***-**,CDFG1251002015000004,3200000,,"서울특별시 관악구 대학**길 **, *층 (신림동)",,03,폐업,,,,,,
,오쌤출판,2024-02-05,195045.515107949,443011.455007816,출판인쇄업,출판사,2026-05-01 22:32:40,I,03,폐업,,,,2024-02-05 09:40:30,,2015-03-18,151-778,서울특별시 관악구 봉천동 ****,CDFG1251002015000012,3200000,,"서울특별시 관악구 은천로 **, ***동 ***호 (봉천동, 벽산블루밍아파트)",,03,폐업,,,,,,
,합격캠프 출판사,2021-09-02,194280.96285816,440780.448414359,출판인쇄업,출판사,2026-05-01 22:32:40,I,03,폐업,,,,2021-09-02 15:21:32,,2015-04-01,,서울특별시 관악구 신림동 ****-* ***호,CDFG1251002015000014,3200000,,"서울특별시 관악구 대학*길 **, ***호 (신림동)",08813,03,폐업,,,,02-815-7377,,
,시크릿톡잉글리쉬,2022-04-07,197093.138961117,441446.292039193,출판인쇄업,출판사,2026-05-01 22:32:40,I,03,폐업,,,,2022-04-07 14:29:54,,2015-04-02,151-050,서울특별시 관악구 봉천동 ****-** *층,CDFG1251002015000015,3200000,,"서울특별시 관악구 남부순환로 ****, *층 (봉천동)",,03,폐업,,,,02-7574-2757,,
,시선집중,2018-07-27,193061.222974443,442612.560061633,출판인쇄업,출판사,2026-05-01 22:32:40,I,03,폐업,,,,2018-07-27 15:48:56,,2015-04-13,151-014,서울특별시 관악구 신림동 ***-** ***호,CDFG1251002015000017,3200000,,"서울특별시 관악구 남부순환로***다길 **-*, ***호 (신림동)",,03,폐업,,,,,,
,GRIO,2016-12-27,193445.280050427,440204.907693533,출판인쇄업,출판사,2026-05-01 22:32:40,I,03,폐업,,,,2016-12-27 13:18:51,,2015-04-20,151-794,서울특별시 관악구 신림동 ****,CDFG1251002015000018,3200000,,서울특별시 관악구 광신길 ** (신림동),,03,폐업,,,,,,
,디와이출판,2023-06-08,193906.903437213,443122.769912938,출판인쇄업,출판사,2026-05-01 22:32:40,I,03,폐업,,,,2023-06-08 14:02:02,,2015-04-29,,서울특별시 관악구 봉천동 ***-*** ***호,CDFG1251002015000021,3200000,,"서울특별시 관악구 봉천로**나길 **-**, ***호 (봉천동)",08721,03,폐업,,,,,,
,스토리 디자인 연구소,2019-05-02,194568.443861583,441365.204871978,출판인쇄업,출판사,2026-05-01 22:32:41,I,03,폐업,,,,2019-05-02 16:00:25,,2015-05-20,151-012,서울특별시 관악구 신림동 **-*,CDFG1251002015000026,3200000,,"서울특별시 관악구 복은길 **, ***호 (신림동)",,03,폐업,,,,,,
,도서출판 시와산문사,,197618.459740824,452311.285166273,출판인쇄업,출판사,2026-05-01 22:43:38,I,13,영업중,,,,2022-04-12 16:41:14,,1987-11-27,,서울특별시 종로구 내수동 * 옥빌딩,CDFG1251001987000010,3000000,,"서울특별시 종로구 새문안로*가길 **, 옥빌딩 ***호 (내수동)",03173,01,영업/정상,,,,,,
,바른사,,200221.687178475,452437.913703095,출판인쇄업,출판사,2026-05-01 22:43:38,I,31,등록취소,,0,,2003-02-07 09:13:27,,1987-11-27,110-850,서울특별시 종로구 효제동 ***-*,CDFG1251001987000011,3000000,,서울특별시 종로구 율곡로**길 **  (효제동),,04,취소/말소/만료/정지/중지,,,,,,
,아티스트,,197319.892558855,452715.641554323,출판인쇄업,출판사,2026-05-01 22:43:38,I,13,영업중,,,,2013-12-10 16:22:05,,1987-11-27,110-045,서울특별시 종로구 체부동 *** 태성빌딩 *층,CDFG1251001987000012,3000000,,"서울특별시 종로구 자하문로*라길 **-*, *층 (체부동, 태성빌딩)",,01,영업/정상,,,,02-723-9484,,
,예술문화진흥회출판부,,199093.10515902,452268.928324832,출판인쇄업,출판사,2026-05-01 22:43:38,I,13,영업중,,0,,2003-02-07 09:13:27,,1987-11-27,110-807,서울특별시 종로구 돈의동 **-* 삼덕빌딩***호,CDFG1251001987000014,3000000,,"서울특별시 종로구 돈화문로**길 **  (돈의동,삼덕빌딩***호)",,01,영업/정상,,,,,,
,초지일관,,199109.01162996,452037.164239488,출판인쇄업,출판사,2026-05-01 22:43:38,I,13,영업중,,0,0,2003-02-07 09:13:27,,1987-12-01,110-123,서울특별시 종로구 종로*가 **-* 삼윤빌딩 ***호,CDFG1251001987000016,3000000,,"서울특별시 종로구 종로 ***-*  (종로*가,삼윤빌딩 ***호)",,01,영업/정상,,,,,0,0
,도서출판 오월,,,,출판인쇄업,출판사,2026-05-01 22:43:38,I,13,영업중,,0,,2003-02-07 09:13:27,,1987-12-03,110-061,서울특별시 종로구 신문로*가 ***,CDFG1251001987000017,3000000,,,,01,영업/정상,,,,,,
,도서출판민중출판사,,201655.910230654,452308.004320462,출판인쇄업,출판사,2026-05-01 22:43:38,I,31,등록취소,,0,,2003-02-07 09:13:27,,1987-12-08,110-826,서울특별시 종로구 숭인동 ***-**,CDFG1251001987000018,3000000,,서울특별시 종로구 종로**길 **  (숭인동),,04,취소/말소/만료/정지/중지,,,,,,
,한미문화교류협회,,198541.72075378,451935.633974889,출판인쇄업,출판사,2026-05-01 22:43:38,I,13,영업중,,0,0,2003-02-07 09:13:27,,1987-12-11,110-111,서울특별시 종로구 관철동 **-* **층,CDFG1251001987000019,3000000,,"서울특별시 종로구 우정국로*길 **  (관철동,**층)",,01,영업/정상,,,,,0,0
,교육도서,,200555.823313257,452439.730541646,출판인쇄업,출판사,2026-05-01 22:43:38,I,13,영업중,,0,,2013-12-10 16:27:11,,1987-12-17,110-844,서울특별시 종로구 충신동 **-** 별관*층,CDFG1251001987000023,3000000,,"서울특별시 종로구 율곡로**길 **, 별관*층 (충신동)",,01,영업/정상,,,,,,
,해외교육문화원,,202289.82,446916.4,출판인쇄업,출판사,2026-05-01 22:43:38,I,13,영업중,,,,2004-01-29 09:59:27,,1987-12-18,135-891,서울특별시 강남구 신사동 ***-* 광림빌딩 ***,CDFG1251001987000025,3000000,,"서울특별시 강남구 논현로***길 **  (신사동,광림빌딩 ***)",,01,영업/정상,,,,02-734-2323,,
,Grace은혜출판사,,201721.406524629,452534.481537011,출판인쇄업,출판사,2026-05-01 22:43:38,I,13,영업중,,,,2014-07-31 09:05:46,,1988-01-07,110-824,서울특별시 종로구 숭인동 ***-**,CDFG1251001988000003,3000000,,서울특별시 종로구 종로**길 **-** (숭인동),,01,영업/정상,,,,,,
,도서출판 한배달,,199026.256176046,452451.307159504,출판인쇄업,출판사,2026-05-01 22:43:38,I,13,영업중,,0,0,2003-02-07 09:13:27,,1988-01-08,110-340,서울특별시 종로구 익선동 **-* 순정빌딩 *층,CDFG1251001988000005,3000000,,"서울특별시 종로구 삼일대로**길 **  (익선동,순정빌딩 *층)",,01,영업/정상,,,,,0,0
,도서출판 아트기획,2004-10-29,193821.274952908,440089.487899055,출판인쇄업,출판사,2026-05-01 22:31:58,I,03,폐업,,,,2004-10-29 14:03:22,,2003-01-10,151-863,서울특별시 관악구 신림동 ***-*,CDFG1251002003000005,3200000,,서울특별시 관악구 밤골길 **-*  (신림동),,03,폐업,,,,,,
,Veritas,2003-03-07,194350.166038647,440698.444186102,출판인쇄업,출판사,2026-05-01 22:31:58,I,03,폐업,,,,2003-03-07 13:44:26,,2003-01-16,151-897,서울특별시 관악구 신림동 ****-*,CDFG1251002003000008,3200000,,서울특별시 관악구 호암로**길 **  (신림동),,03,폐업,,,,,,
,(주)도서출판 테크북,2003-01-29,194576.681372994,442494.332548146,출판인쇄업,출판사,2026-05-01 22:31:58,I,03,폐업,,0,0,2003-02-06 10:47:55,,2003-01-29,151-827,서울특별시 관악구 봉천동 ***-* 대각빌딩,CDFG1251002003000011,3200000,,"서울특별시 관악구 봉천로 ***  (봉천동,대각빌딩)",,03,폐업,,,,,0,0
,시험아카데미,2004-07-01,195738.565943216,441381.722841201,출판인쇄업,출판사,2026-05-01 22:31:58,I,03,폐업,,,,2004-07-01 17:40:34,,2003-02-03,151-839,서울특별시 관악구 봉천동 ****-* 동산빌딩 *층,CDFG1251002003000013,3200000,,"서울특별시 관악구 관악로 ***  (봉천동,동산빌딩 *층)",,03,폐업,,,,,,
,늘푸른 소나무 출판사,2010-06-08,194212.783723186,441449.579240596,출판인쇄업,출판사,2026-05-01 22:31:58,I,03,폐업,,,,2010-06-08 13:01:51,,2003-02-05,151-866,서울특별시 관악구 신림동 ***-** ***호,CDFG1251002003000014,3200000,,"서울특별시 관악구 신림로**길 *-**,  ***호 (신림동)",,03,폐업,,,,,,
,우성출판사,2003-03-19,210908.286760327,448117.796384251,출판인쇄업,출판사,2026-05-01 22:31:58,I,03,폐업,,,,2003-03-19 10:02:22,,2003-03-06,134-840,서울특별시 강동구 성내동 **-**,CDFG1251002003000021,3200000,,서울특별시 강동구 올림픽로**길 **-*  (성내동),,03,폐업,,,,,,
,도서출판 Veritas,2009-03-24,194132.649925284,440815.621380574,출판인쇄업,출판사,2026-05-01 22:31:58,I,03,폐업,,,,2009-03-24 16:35:56,,2003-03-08,151-895,서울특별시 관악구 신림동 ****-*,CDFG1251002003000022,3200000,,서울특별시 관악구 호암로**길 **  (신림동),,03,폐업,,,,,,
,욱일출판사,2009-01-14,194191.2120894,440938.741803829,출판인쇄업,출판사,2026-05-01 22:31:58,I,03,폐업,,,,2015-10-06 09:10:58,,2003-03-17,151-895,서울특별시 관악구 신림동 ****-** *층,CDFG1251002003000024,3200000,,"서울특별시 관악구 호암로**길 ** (신림동,*층)",,03,폐업,,,,,,
,(주)인폴리오,2011-03-22,197526.89624745,441212.840383065,출판인쇄업,출판사,2026-05-01 22:31:58,I,03,폐업,,,,2011-03-22 15:40:17,,2003-03-17,151-926,서울특별시 관악구 남현동 ****-**,CDFG1251002003000025,3200000,,서울특별시 관악구 남부순환로***길 **  (남현동),,03,폐업,,,,,,
,개인별 교육,2004-01-27,195388.50520541,442959.807969175,출판인쇄업,출판사,2026-05-01 22:31:58,I,03,폐업,,,,2004-01-27 14:58:25,,2003-03-26,151-804,서울특별시 관악구 봉천동 ***-** 한빛프라자 *층,CDFG1251002003000027,3200000,,"서울특별시 관악구 은천로**길 **  (봉천동,한빛프라자 *층)",,03,폐업,,,,,,
,시루출판사,2004-09-13,192536.343307073,442285.648078244,출판인쇄업,출판사,2026-05-01 22:31:58,I,03,폐업,,,,2004-09-13 11:46:40,,2003-04-24,151-875,서울특별시 관악구 신림동 ***-** 지하,CDFG1251002003000028,3200000,,"서울특별시 관악구 관천로**길 ***  (신림동,지하)",,03,폐업,,,,,,
,도서출판 세계로,2007-06-07,195084.631134892,442661.670322754,출판인쇄업,출판사,2026-05-01 22:31:58,I,03,폐업,,,,2007-06-07 09:31:35,,2003-05-12,151-050,서울특별시 관악구 봉천동 ****-* 두산아파트 B상가 ***호,CDFG1251002003000032,3200000,,"서울특별시 관악구 은천로 **,  ***호 (봉천동,두산아파트 B상가)",,03,폐업,,,,,,
,도서출판 이젠(EZN),2004-02-28,195588.796492288,442098.372819317,출판인쇄업,출판사,2026-05-01 22:31:58,I,03,폐업,,,,2004-03-02 09:11:07,,2003-05-30,151-836,서울특별시 관악구 봉천동 ***-** 센츄리타워 ****호,CDFG1251002003000036,3200000,,"서울특별시 관악구 남부순환로 ****,  ****호 (봉천동,센츄리타워)",,03,폐업,,,,,,
,도서출판 시온산성,2004-06-02,193606.41092624,441926.796292356,출판인쇄업,출판사,2026-05-01 22:31:59,I,03,폐업,,,,2004-06-02 17:55:57,,2003-06-24,151-900,서울특별시 관악구 신림동 ****-**,CDFG1251002003000043,3200000,,서울특별시 관악구 문성로 ***  (신림동),,03,폐업,,,,,,
,국가고시출판사,2003-07-25,193254.230804247,442416.750931304,출판인쇄업,출판사,2026-05-01 22:31:59,I,03,폐업,,,,2003-07-25 13:32:36,,2003-07-16,151-893,서울특별시 관악구 신림동 ****-** *층,CDFG1251002003000045,3200000,,"서울특별시 관악구 남부순환로 ****-*  (신림동,*층)",,03,폐업,,,,,,
,국가고시사,2007-01-17,193254.230804247,442416.750931304,출판인쇄업,출판사,2026-05-01 22:31:59,I,03,폐업,,,,2007-01-17 14:22:27,,2003-07-25,151-893,서울특별시 관악구 신림동 ****-**,CDFG1251002003000048,3200000,,서울특별시 관악구 남부순환로 ****-*  (신림동),,03,폐업,,,,,,
,도서출판 한국승진연구회,2019-05-09,193974.910229539,441321.964603586,출판인쇄업,출판사,2026-05-01 22:31:59,I,03,폐업,,,,2019-05-09 18:16:13,,2003-08-02,151-865,서울특별시 관악구 신림동 ***-*,CDFG1251002003000049,3200000,,서울특별시 관악구 양산길 ** (신림동),,03,폐업,,,,,,
,도서출판 올인,2004-06-01,194483.679881956,441241.139978844,출판인쇄업,출판사,2026-05-01 22:31:59,I,03,폐업,,,,2004-06-01 14:21:53,,2003-08-05,151-015,서울특별시 관악구 신림동 ***-**,CDFG1251002003000050,3200000,,서울특별시 관악구 복은*길 **  (신림동),,03,폐업,,,,,,
,도서출판 한국기업경영연구회,2015-04-06,191123.213681016,442094.756044571,출판인쇄업,출판사,2026-05-01 22:31:59,I,03,폐업,,,,2015-04-06 15:00:35,,2003-08-20,151-903,서울특별시 관악구 신림동 ****-** 혜동빌딩 ***호,CDFG1251002003000051,3200000,,"서울특별시 관악구 시흥대로 ***, ***호 (신림동,혜동빌딩)",,03,폐업,,,,,,
,디지털 로드,2006-03-07,194132.649925284,440815.621380574,출판인쇄업,출판사,2026-05-01 22:31:59,I,03,폐업,,,,2006-03-07 14:50:34,,2003-08-29,151-895,서울특별시 관악구 신림동 ****-*,CDFG1251002003000052,3200000,,서울특별시 관악구 호암로**길 **  (신림동),,03,폐업,,,,,,
,도서출판 대학촌,2011-12-14,194857.402928087,441108.651138528,출판인쇄업,출판사,2026-05-01 22:31:59,I,03,폐업,,,,2012-03-16 15:03:07,,2003-08-29,151-856,서울특별시 관악구 신림동 ***-***,CDFG1251002003000053,3200000,,서울특별시 관악구 서림*길 **  (신림동),,03,폐업,,,,,,
,도서출판 길라잡이,2005-10-17,194287.785974791,440729.359042656,출판인쇄업,출판사,2026-05-01 22:31:59,I,03,폐업,,,,2005-10-17 18:38:16,,2003-09-26,151-895,서울특별시 관악구 신림동 ****-**,CDFG1251002003000055,3200000,,서울특별시 관악구 호암로**길 **  (신림동),,03,폐업,,,,,,
,나눔에듀,2015-12-01,193926.307934633,440701.879238771,출판인쇄업,출판사,2026-05-01 22:32:41,I,03,폐업,,,,2015-12-01 15:24:18,,2015-06-02,151-017,서울특별시 관악구 신림동 ****-*,CDFG1251002015000028,3200000,,서울특별시 관악구 호암로 *** (신림동),,03,폐업,,,,070-8614-7009,,
,도서출판 달샘,2025-11-24,195588.796492288,442098.372819317,출판인쇄업,출판사,2026-05-01 22:32:41,I,03,폐업,,,,2025-11-25 15:07:05,,2015-06-04,151-058,서울특별시 관악구 봉천동 ***-**,CDFG1251002015000029,3200000,,"서울특별시 관악구 남부순환로 ****, **층 **호 (봉천동, 관악센츄리타워)",,03,폐업,,,,,,
,미루,2021-11-23,195764.347766333,441763.865789614,출판인쇄업,출판사,2026-05-01 22:32:41,I,03,폐업,,,,2021-11-23 19:53:43,,2015-06-04,,서울특별시 관악구 봉천동 ****-* 지하,CDFG1251002015000030,3200000,,"서울특별시 관악구 관악로**길 **, 지층 (봉천동)",08791,03,폐업,,,,,,
,무크북스(MOOK BOOKS),2016-02-15,195566.237122474,442101.456388316,출판인쇄업,출판사,2026-05-01 22:32:41,I,03,폐업,,,,2016-02-15 16:31:12,,2015-06-09,151-058,서울특별시 관악구 봉천동 ***-*,CDFG1251002015000031,3200000,,"서울특별시 관악구 남부순환로***길 *, 제**층 ****호 (봉천동, 서울대역마에스트로)",,03,폐업,,,,,,
,황금소나무,2016-02-18,194757.405620294,443023.917804678,출판인쇄업,출판사,2026-05-01 22:32:41,I,03,폐업,,,,2016-02-18 16:30:21,,2009-12-24,151-828,서울특별시 관악구 봉천동 ***-***,CDFG1251002015000033,3200000,,"서울특별시 관악구 국회단지**길 **, ***호 (봉천동, 벨유어블)",,03,폐업,,,,02-6414-5995,,
,지음 뮤직 퍼블리싱,2018-04-19,196691.054485816,441199.691551897,출판인쇄업,출판사,2026-05-01 22:32:41,I,03,폐업,,,,2018-04-19 14:00:52,,2015-06-30,151-817,서울특별시 관악구 봉천동 ***-***,CDFG1251002015000035,3200000,,"서울특별시 관악구 낙성대역**길 **, ***호 (봉천동)",,03,폐업,,,,,,
,아름다운세상,2020-12-24,196104.971514365,441917.723076494,출판인쇄업,출판사,2026-05-01 22:32:41,I,03,폐업,,,,2020-12-24 16:59:36,,2015-06-30,151-848,서울특별시 관악구 봉천동 ****-**,CDFG1251002015000037,3200000,,"서울특별시 관악구 남부순환로 ****, *층 (봉천동, 전명빌딩)",,03,폐업,,,,,,
,전국대학생생물학심포지엄,2016-03-22,196139.864969792,439023.167125842,출판인쇄업,출판사,2026-05-01 22:32:41,I,03,폐업,,,,2016-03-22 16:40:40,,2015-07-07,151-015,서울특별시 관악구 신림동 산 **-*,CDFG1251002015000039,3200000,,"서울특별시 관악구 관악로 *, ***동 ***호 (신림동, 서울대학교 자연과학대학 생명과학부)",,03,폐업,,,,02-880-6699,,
,생각고개,2022-12-14,194346.896289861,440665.982804406,출판인쇄업,출판사,2026-05-01 22:32:41,I,03,폐업,,,,2022-12-14 13:57:00,,2015-07-10,151-859,서울특별시 관악구 신림동 ***-**,CDFG1251002015000040,3200000,,"서울특별시 관악구 신림로**길 **, ***호 (신림동)",,03,폐업,,,,,,
,서울음악사,2018-12-20,192839.639751058,442984.396472944,출판인쇄업,출판사,2026-05-01 22:32:42,I,03,폐업,,0,,2018-12-20 18:08:51,,1977-07-13,,서울특별시 관악구 신림동 ***-*,CDFG1251002015000051,3200000,,"서울특별시 관악구 관천로 ***, 지하*층 (신림동)",08703,03,폐업,,,,02-732-7593,,
근린생활시설,주식회사 에스지에스교육,2019-10-30,195264.392081558,442569.860327989,출판인쇄업,출판사,2026-05-01 22:32:42,I,03,폐업,,183.35,,2019-11-13 17:51:36,,2015-08-25,,서울특별시 관악구 봉천동 ***-**,CDFG1251002015000052,3200000,,"서울특별시 관악구 양녕로*가길 **, 지층 ***호 (봉천동, 예대교육센터)",08747,03,폐업,,,,02-884-0505,,
,주식회사 알에이치컴퍼니,2023-09-05,194337.933056377,440356.985611655,출판인쇄업,출판사,2026-05-01 22:32:42,I,03,폐업,,99.5,,2023-09-05 14:04:09,,2015-08-28,,서울특별시 관악구 신림동 ***-*** 지층,CDFG1251002015000053,3200000,,"서울특별시 관악구 대학**길 **-*, 지층 (신림동, 참빛서원)",08820,03,폐업,,,,070-8100-9037,,
,제이플래닛,2019-08-26,196469.100886734,442791.339807538,출판인쇄업,출판사,2026-05-01 22:32:42,I,03,폐업,,,,2019-08-26 17:33:23,,2012-11-07,,서울특별시 관악구 봉천동 **** 관악푸르지오*단지아파트 ***동 ****호,CDFG1251002015000060,3200000,,"서울특별시 관악구 관악로**길 **, ***동 ****호 (봉천동, 관악푸르지오*단지아파트)",08734,03,폐업,,,,,,
,우리출판사,2017-07-18,194738.273898833,440769.287085681,출판인쇄업,출판사,2026-05-01 22:32:42,I,03,폐업,,,,2017-07-18 10:47:01,,2015-10-06,,서울특별시 관악구 신림동 **** 서초그린아파트 ***동 ***호,CDFG1251002015000062,3200000,,"서울특별시 관악구 신림로*길 **, ***동 ***호 (신림동, 서초그린아파트)",08814,03,폐업,,,,02-886-2223,,
,엘리야,2021-03-15,196257.833652996,443341.379446435,출판인쇄업,출판사,2026-05-01 22:32:42,I,03,폐업,,,,2021-03-15 19:48:19,,2015-10-20,,서울특별시 관악구 봉천동 **** 현대아파트 ***동 ***호,CDFG1251002015000066,3200000,,"서울특별시 관악구 관악로 ***, ***동 ***호 (봉천동, 현대아파트)",08730,03,폐업,,,,,,
,MCK(멘토커뮤니케이션코리아),2020-04-08,192773.751831861,440839.689205962,출판인쇄업,출판사,2026-05-01 22:32:43,I,03,폐업,,,,2020-04-08 18:41:41,,2015-12-01,,서울특별시 관악구 신림동 **** 임광관악파크 ***동 ****호,CDFG1251002015000074,3200000,,"서울특별시 관악구 난곡로 ***, ***동 ****호 (신림동, 임광관악파크)",08858,03,폐업,,,,,,
,도서출판 채움북스,2019-01-31,193335.399293698,443291.231245754,출판인쇄업,출판사,2026-05-01 22:32:43,I,03,폐업,,66.07,,2019-01-31 14:11:46,,2015-12-03,,서울특별시 관악구 봉천동 ***-** 캐릭터그린빌 ****호,CDFG1251002015000076,3200000,,"서울특별시 관악구 보라매로*가길 *, ****호 (봉천동, 캐릭터그린빌)",08708,03,폐업,,,,02-813-4664,,
,교육채널,2023-01-17,194986.982029789,442367.896655395,출판인쇄업,출판사,2026-05-01 22:32:43,I,03,폐업,,,,2023-01-17 17:36:39,,2011-01-05,,서울특별시 관악구 봉천동 ***-* 지층,CDFG1251002015000080,3200000,,"서울특별시 관악구 양녕로*길 **, 지층 (봉천동, 대영오피스텔)",08752,03,폐업,,,,02-322-3000,,
,오만사,2017-04-10,194141.863847691,442412.567284622,출판인쇄업,출판사,2026-05-01 22:32:43,I,03,폐업,,37,,2017-04-10 14:44:35,,2016-01-06,,서울특별시 관악구 신림동 **-*** ***호,CDFG1251002016000001,3200000,,"서울특별시 관악구 남부순환로***길 **, ***호 (신림동)",08779,03,폐업,,,,,,
,루하서원,2022-02-09,196824.568365737,441821.650382933,출판인쇄업,출판사,2026-05-01 22:32:43,I,03,폐업,,,,2022-02-09 16:38:52,,2016-01-12,,서울특별시 관악구 봉천동 ****-**,CDFG1251002016000004,3200000,,"서울특별시 관악구 남부순환로***길 **, ***호 (봉천동)",08801,03,폐업,,,,,,
,리더스 마인드,2017-11-23,191173.041411634,442127.822817981,출판인쇄업,출판사,2026-05-01 22:32:43,I,03,폐업,,,,2017-11-24 10:05:01,,2016-02-24,,서울특별시 관악구 신림동 ****-** ***호,CDFG1251002016000009,3200000,,"서울특별시 관악구 시흥대로***길 *, ***호 (신림동)",08768,03,폐업,,,,,,
,도서출판 地平,2019-04-01,194499.836801277,440386.134329638,출판인쇄업,출판사,2026-05-01 22:32:44,I,03,폐업,,,,2019-04-01 17:13:58,,2016-02-24,,서울특별시 관악구 신림동 ***-*** ***호,CDFG1251002016000010,3200000,,"서울특별시 관악구 대학**길 *-*, ***호 (신림동)",08818,03,폐업,,,,02-871-2550,,
,문교법전사,,,,출판인쇄업,출판사,2026-05-01 22:43:38,I,13,영업중,,0,,2003-02-07 09:13:27,,1988-01-11,110-052,서울특별시 종로구 적선동 **-*,CDFG1251001988000006,3000000,,,,01,영업/정상,,,,,,
,선문각,,198647.170205804,453635.906894468,출판인쇄업,출판사,2026-05-01 22:43:38,I,13,영업중,,0,,2003-02-07 09:13:27,,1988-01-13,110-260,서울특별시 종로구 가회동 *-**,CDFG1251001988000007,3000000,,서울특별시 종로구 북촌로 **-**  (가회동),,01,영업/정상,,,,,,
,고려서원,,196806.591702071,452351.136678437,출판인쇄업,출판사,2026-05-01 22:43:38,I,13,영업중,,,,2007-06-19 07:34:33,,1988-01-13,110-054,서울특별시 종로구 사직동 ***-**,CDFG1251001988000010,3000000,,서울특별시 종로구 송월*길 **-**  (사직동),,01,영업/정상,,,,,,
,서울문예사,,198960.202521084,452071.580317103,출판인쇄업,출판사,2026-05-01 22:43:38,I,13,영업중,,0,,2003-02-07 09:13:27,,1988-01-13,110-122,서울특별시 종로구 종로*가 **-*,CDFG1251001988000011,3000000,,서울특별시 종로구 종로**길 **  (종로*가),,01,영업/정상,,,,,,
,한강출판사,,198691.799418788,452546.547645387,출판인쇄업,출판사,2026-05-01 22:43:38,I,13,영업중,,0,,2025-03-26 10:01:37,,1988-01-15,,서울특별시 종로구 경운동 **,CDFG1251001988000014,3000000,,"서울특별시 종로구 삼일대로 ***, ***호 (경운동)",03147,01,영업/정상,,,,02-735-4257,,
,도서출판 삼양,,200049.034239508,453787.245649898,출판인쇄업,출판사,2026-05-01 22:43:39,I,13,영업중,,0,0,2003-02-07 09:13:27,,1988-01-22,110-530,서울특별시 종로구 혜화동 **-*,CDFG1251001988000016,3000000,,서울특별시 종로구 창경궁로**길 *  (혜화동),,01,영업/정상,,,,,0,0
,파랑새어린이출판사,,196110.374956133,452675.790217614,출판인쇄업,출판사,2026-05-01 22:43:39,I,31,등록취소,,0,0,2003-02-07 09:13:27,,1988-01-22,110-814,서울특별시 종로구 무악동 **-*,CDFG1251001988000017,3000000,,서울특별시 종로구 통일로**길 **  (무악동),,04,취소/말소/만료/정지/중지,,,,,0,0
,명상,,198601.067420245,452389.59508273,출판인쇄업,출판사,2026-05-01 22:43:39,I,13,영업중,,0,,2003-02-07 09:13:27,,1988-01-22,110-300,서울특별시 종로구 관훈동 ***-** 성지빌딩***호,CDFG1251001988000018,3000000,,"서울특별시 종로구 인사동길 **  (관훈동,성지빌딩***호)",,01,영업/정상,,,,,,
,미술공론사,,198754.634182719,452404.979894277,출판인쇄업,출판사,2026-05-01 22:43:39,I,13,영업중,,0,,2003-02-07 09:13:27,,1988-01-25,110-310,서울특별시 종로구 경운동 **-* 건국빌딩***호,CDFG1251001988000020,3000000,,"서울특별시 종로구 인사동*길 **  (경운동,건국빌딩***호)",,01,영업/정상,,,,,,
,현대교육출판,,197331.05502294,453256.667445308,출판인쇄업,출판사,2026-05-01 22:43:39,I,13,영업중,,0,,2003-02-07 09:13:27,,1988-02-10,110-035,서울특별시 종로구 옥인동 **-**,CDFG1251001988000026,3000000,,서울특별시 종로구 자하문로 **  (옥인동),,01,영업/정상,,,,,,
,도서출판 글터출판사,,197036.744954243,452422.601424505,출판인쇄업,출판사,2026-05-01 22:43:39,I,31,등록취소,,0,0,2003-02-07 09:13:27,,1988-02-12,110-054,서울특별시 종로구 사직동 ***,CDFG1251001988000030,3000000,,서울특별시 종로구 사직로 **  (사직동),,04,취소/말소/만료/정지/중지,,,,37022640,0,0
,도서출판 시온,2004-09-30,195537.269534163,442122.202180318,출판인쇄업,출판사,2026-05-01 22:31:59,I,03,폐업,,,,2004-09-30 17:33:39,,2003-10-10,151-836,서울특별시 관악구 봉천동 ***-* 관악캠퍼스타워 ***호,CDFG1251002003000057,3200000,,"서울특별시 관악구 남부순환로 ****,  ***호 (봉천동,관악캠퍼스타워)",,03,폐업,,,,,,
,정인개발,2008-01-29,,,출판인쇄업,출판사,2026-05-01 22:31:59,I,03,폐업,,,,2008-01-29 17:42:56,,2003-10-10,151-015,서울특별시 관악구 신림동,CDFG1251002003000058,3200000,,,,03,폐업,,,,,,
,도서출판 예청,2005-03-18,196283.859976314,441576.10146855,출판인쇄업,출판사,2026-05-01 22:31:59,I,03,폐업,,,,2005-03-21 15:24:09,,2003-10-15,151-818,서울특별시 관악구 봉천동 ****-**,CDFG1251002003000059,3200000,,서울특별시 관악구 낙성대로 **  (봉천동),,03,폐업,,,,,,
,도서출판 하늘양식,2012-03-26,195497.783268289,441887.694251561,출판인쇄업,출판사,2026-05-01 22:31:59,I,03,폐업,,,,2012-03-26 13:42:05,,2003-10-15,151-846,서울특별시 관악구 봉천동 ****-* 다산오피스텔 B*호,CDFG1251002003000060,3200000,,"서울특별시 관악구 쑥고개로 ***,  B*호 (봉천동,다산오피스텔)",,03,폐업,,,,,,
,픽쳐튠 출판사,2019-02-08,192807.698788586,441338.889823299,출판인쇄업,출판사,2026-05-01 22:31:59,I,03,폐업,,,,2019-02-08 15:53:21,,2003-11-04,151-879,서울특별시 관악구 신림동 ***-**,CDFG1251002003000062,3200000,,서울특별시 관악구 법원단지길 ** (신림동),,03,폐업,,,,,,
,도서출판 한셈,2007-06-28,194375.297374224,440176.635022518,출판인쇄업,출판사,2026-05-01 22:31:59,I,03,폐업,,,,2007-06-28 13:54:22,,2003-11-14,151-860,서울특별시 관악구 신림동 ***-*** 현대상가 ***호,CDFG1251002003000063,3200000,,"서울특별시 관악구 대학**길 **,  ***호 (신림동,현대상가)",,03,폐업,,,,,,
,김윤조행정법교실,2016-03-23,194289.280781099,440925.014818541,출판인쇄업,출판사,2026-05-01 22:31:59,I,03,폐업,,,,2016-03-23 16:02:42,,2003-11-21,151-895,서울특별시 관악구 신림동 ****-* *층,CDFG1251002003000065,3200000,,"서울특별시 관악구 호암로**길 ** (신림동,*층)",,03,폐업,,,,,,
,도서출판 Easy Law,2007-11-19,194434.224578561,441089.305674616,출판인쇄업,출판사,2026-05-01 22:31:59,I,03,폐업,,,,2008-02-28 09:57:21,,2003-11-21,151-856,서울특별시 관악구 신림동 ***-** 정인빌딩 지하동 ***호,CDFG1251002003000066,3200000,,"서울특별시 관악구 신림로**길 **, 지하동 ***호 (신림동,정인빌딩)",,03,폐업,,,,,,
,(주)아이가그리는세상,2008-07-28,191530.450376231,442338.484747874,출판인쇄업,출판사,2026-05-01 22:31:59,I,03,폐업,,,,2008-07-28 09:47:21,,2003-04-25,151-903,서울특별시 관악구 신림동 ****-*,CDFG1251002003000073,3200000,,서울특별시 관악구 조원로 **  (신림동),,03,폐업,,,,,,
,EM커뮤니티,2017-05-22,194778.712017728,440774.114375198,출판인쇄업,출판사,2026-05-01 22:31:59,I,03,폐업,,,,2017-06-05 11:26:46,,2004-01-07,151-858,서울특별시 관악구 신림동 ****-* 서초그린아파트 ***동 ***호,CDFG1251002004000003,3200000,,"서울특별시 관악구 신림로*길 **, ***동 ***호 (신림동, 서초그린아파트)",,03,폐업,,,,,,
,도서출판 이투패스,2006-03-21,194533.300434803,441160.930819499,출판인쇄업,출판사,2026-05-01 22:31:59,I,03,폐업,,,,2006-03-21 11:28:07,,2004-01-07,151-856,서울특별시 관악구 신림동 ***-**,CDFG1251002004000004,3200000,,서울특별시 관악구 서림길 **  (신림동),,03,폐업,,,,,,
,(주)태학관법정연구회,2004-12-22,194132.649925284,440815.621380574,출판인쇄업,출판사,2026-05-01 22:31:59,I,03,폐업,,,,2004-12-22 11:18:05,,2004-01-15,151-895,서울특별시 관악구 신림동 ****-*,CDFG1251002004000006,3200000,,서울특별시 관악구 호암로**길 **  (신림동),,03,폐업,,,,,,
,도서출판 B&A,2006-02-17,193614.524378831,443414.789840799,출판인쇄업,출판사,2026-05-01 22:31:59,I,03,폐업,,,,2006-02-17 11:45:47,,2004-01-27,151-831,서울특별시 관악구 봉천동 ****,CDFG1251002004000008,3200000,,서울특별시 관악구 보라매로*길 **-*  (봉천동),,03,폐업,,,,,,
,(주)엔비드 DI 미디어,2011-06-21,195522.061324917,441981.459329723,출판인쇄업,출판사,2026-05-01 22:31:59,I,03,폐업,,,,2011-06-21 09:44:04,,2004-02-05,151-836,서울특별시 관악구 봉천동 ***-* 광운빌딩 *층,CDFG1251002004000012,3200000,,"서울특별시 관악구 남부순환로***길 **  (봉천동,광운빌딩 *층)",,03,폐업,,,,,,
,(주)고시플러스,2004-05-10,193762.386926605,442106.82495042,출판인쇄업,출판사,2026-05-01 22:31:59,I,03,폐업,,,,2004-05-10 09:48:54,,2004-02-10,151-930,서울특별시 관악구 신림동 ****-**,CDFG1251002004000014,3200000,,서울특별시 관악구 신림로 ***  (신림동),,03,폐업,,,,,,
,도서출판 navi,2005-06-28,195253.161222175,441939.056842455,출판인쇄업,출판사,2026-05-01 22:31:59,I,03,폐업,,,,2005-06-28 17:49:12,,2004-02-19,151-841,서울특별시 관악구 봉천동 ***-*,CDFG1251002004000017,3200000,,서울특별시 관악구 청룡*길 **  (봉천동),,03,폐업,,,,,,
,생각의 징검다리,2012-02-13,195522.061324917,441981.459329723,출판인쇄업,출판사,2026-05-01 22:31:59,I,03,폐업,,,,2012-02-13 16:00:51,,2004-02-20,151-836,서울특별시 관악구 봉천동 ***-* 광운빌딩 *층,CDFG1251002004000018,3200000,,"서울특별시 관악구 남부순환로***길 **  (봉천동,광운빌딩 *층)",,03,폐업,,,,,,
,주식회사 장례종합정보,2011-03-24,193583.55649352,442888.304004151,출판인쇄업,출판사,2026-05-01 22:31:59,I,03,폐업,,,,2011-03-24 15:18:33,,2004-02-26,151-891,서울특별시 관악구 신림동 ****-*,CDFG1251002004000019,3200000,,서울특별시 관악구 신림로 ***  (신림동),,03,폐업,,,,,,
,도서출판 다사랑서원,2015-11-18,193807.725776213,442228.79700025,출판인쇄업,출판사,2026-05-01 22:31:59,I,03,폐업,,,,2015-11-18 14:47:29,,2004-03-05,151-853,서울특별시 관악구 신림동 **-**,CDFG1251002004000022,3200000,,서울특별시 관악구 신림로**길 ** (신림동),,03,폐업,,,,,,
,세발달린 까마귀,2006-04-03,193040.333492884,440825.246869482,출판인쇄업,출판사,2026-05-01 22:31:59,I,03,폐업,,,,2006-04-03 10:05:16,,2004-03-08,151-015,서울특별시 관악구 신림동 ***-**,CDFG1251002004000023,3200000,,서울특별시 관악구 난곡로**나길 **  (신림동),,03,폐업,,,,,,
,도서출판 WINGS,2013-12-26,194087.494738216,442152.375690499,출판인쇄업,출판사,2026-05-01 22:31:59,I,03,폐업,,,,2013-12-26 10:18:03,,2004-03-10,151-852,서울특별시 관악구 신림동 **-***,CDFG1251002004000025,3200000,,서울특별시 관악구 남부순환로***길 ** (신림동),,03,폐업,,,,,,
,모델팩토리,2017-06-13,192807.698788586,441338.889823299,출판인쇄업,출판사,2026-05-01 22:31:59,I,03,폐업,,,,2017-06-13 16:44:11,,2004-03-11,151-879,서울특별시 관악구 신림동 ***-**,CDFG1251002004000026,3200000,,서울특별시 관악구 법원단지길 ** (신림동),,03,폐업,,,,,,
,도서출판 크리라,2017-09-21,196154.516987341,442580.277985863,출판인쇄업,출판사,2026-05-01 22:31:59,I,03,폐업,,,,2017-09-21 17:57:58,,2004-03-23,151-809,서울특별시 관악구 봉천동 **-**,CDFG1251002004000027,3200000,,서울특별시 관악구 관악로**길 ** (봉천동),,03,폐업,,,,,,
,전국대학생생물학심포지엄,2017-02-14,196139.864969792,439023.167125842,출판인쇄업,출판사,2026-05-01 22:32:44,I,03,폐업,,,,2017-02-14 13:54:25,,2016-03-24,,서울특별시 관악구 신림동 산 **-*,CDFG1251002016000014,3200000,,"서울특별시 관악구 관악로 *, ***동 ***호 (신림동, 서울대학교 자연과학대학 생명과학부)",08826,03,폐업,,,,,,
,낮인사,2019-01-22,196513.828655545,442289.034060188,출판인쇄업,출판사,2026-05-01 22:32:44,I,03,폐업,,,,2019-01-22 10:18:49,,2016-04-07,,서울특별시 관악구 봉천동 **** 관악파크푸르지오아파트 ***동 ***호,CDFG1251002016000017,3200000,,"서울특별시 관악구 행운**길 **, ***동 ***호 (봉천동, 관악파크푸르지오아파트)",08735,03,폐업,,,,,,
,함께사는세상,2016-05-03,194741.979689113,442942.674206616,출판인쇄업,출판사,2026-05-01 22:32:44,I,03,폐업,,,,2016-05-03 13:38:44,,2016-04-21,,서울특별시 관악구 봉천동 ***-*** *층,CDFG1251002016000023,3200000,,"서울특별시 관악구 국회단지길 **, *층 (봉천동, 봉천동사회선교회관)",08713,03,폐업,,,,,,
,홀리 씨드(Holy seed),2025-01-08,194386.133620309,442492.51105354,출판인쇄업,출판사,2026-05-01 22:32:45,I,03,폐업,,,,2025-01-08 17:12:23,,2016-04-26,,서울특별시 관악구 봉천동 ***-** 조은빌딩 지하*호의 *,CDFG1251002016000027,3200000,,"서울특별시 관악구 남부순환로 ****, 조은빌딩 지하*호의 * (봉천동)",08756,03,폐업,,,,02-885-3337,,
연립주택,해커북,2018-12-26,195999.574887132,443044.700996218,출판인쇄업,출판사,2026-05-01 22:32:45,I,03,폐업,,57.52,1,2018-12-26 15:32:40,,2010-10-28,,서울특별시 관악구 봉천동 **** 성현동아아파트 ***동 ****호,CDFG1251002016000029,3200000,,"서울특별시 관악구 관악로 ***, ***동 ****호 (봉천동, 성현동아아파트)",08726,03,폐업,,,,070-7640-5132,,1
,함께사는세상,2017-12-21,194741.979689113,442942.674206616,출판인쇄업,출판사,2026-05-01 22:32:45,I,03,폐업,,,,2017-12-22 14:04:41,,2016-05-03,,서울특별시 관악구 봉천동 ***-*** *층,CDFG1251002016000030,3200000,,"서울특별시 관악구 국회단지길 **, *층 (봉천동, 봉천동사회선교회관)",08713,03,폐업,,,,02-876-2842,,
,C world media,2021-09-27,194458.480977833,441790.554974952,출판인쇄업,출판사,2026-05-01 22:32:45,I,03,폐업,,,,2021-09-27 16:29:29,,2006-10-11,,서울특별시 관악구 신림동 **-*** *층,CDFG1251002016000031,3200000,,"서울특별시 관악구 쑥고개로*길 **, *층 (신림동)",08783,03,폐업,,,,,,
,평화서각,2021-01-21,194375.297374224,440176.635022518,출판인쇄업,출판사,2026-05-01 22:32:46,I,03,폐업,,30.2,1,2021-01-21 11:10:18,,2016-04-11,,서울특별시 관악구 신림동 ***-*** 현대아파트 ***동 ****호,CDFG1251002016000036,3200000,,"서울특별시 관악구 대학**길 **, ***동 ****호 (신림동, 현대아파트)",08824,03,폐업,,,,02-597-5428,,
,따뜻한 그림책,2020-05-11,196407.896656888,441383.625340447,출판인쇄업,출판사,2026-05-01 22:32:47,I,03,폐업,,,,2020-05-11 20:44:04,,2016-06-01,,서울특별시 관악구 봉천동 ***-* ***호,CDFG1251002016000038,3200000,,"서울특별시 관악구 낙성대로*길 **, ***호 (봉천동, 강남오피스텔)",08792,03,폐업,,,,,,
,(주)씨티아이한국경영학원,2019-10-08,191498.97826816,442014.71883156,출판인쇄업,출판사,2026-05-01 22:32:47,I,03,폐업,,157.02,,2019-10-08 17:36:30,,2016-07-11,,서울특별시 관악구 신림동 ****-* *층,CDFG1251002016000043,3200000,,"서울특별시 관악구 남부순환로 ****, *층 (신림동)",08765,03,폐업,,,,02-885-8034,,
,본좌출판사,2022-06-22,193621.770070037,441530.23043603,출판인쇄업,출판사,2026-05-01 22:32:47,I,03,폐업,,,,2022-06-22 13:23:48,,2016-07-18,,서울특별시 관악구 신림동 ***-*** ***호,CDFG1251002016000045,3200000,,"서울특별시 관악구 문성로**다길 **, ***호 (신림동)",08843,03,폐업,,,,02-852-1259,,
,도서출판 아가토스,2022-01-12,198045.226579748,441532.901633561,출판인쇄업,출판사,2026-05-01 22:32:49,I,03,폐업,,20,,2022-01-12 18:01:10,,2016-09-06,,서울특별시 관악구 남현동 ****-** ***호,CDFG1251002016000059,3200000,,"서울특별시 관악구 남현*길 **, ***호 (남현동, 동남빌딩)",08806,03,폐업,,,,,,
,도서출판 크로버,2019-05-28,194206.420958539,441747.833239625,출판인쇄업,출판사,2026-05-01 22:32:49,I,03,폐업,,,,2019-05-28 13:48:41,,2016-10-20,,서울특별시 관악구 신림동 **-*** ***호,CDFG1251002016000070,3200000,,"서울특별시 관악구 신림로**가길 **, ***호 (신림동, 명하이츠빌라)",08783,03,폐업,,,,,,
,어바웃달콤,2017-03-31,193430.431019306,442488.31525785,출판인쇄업,출판사,2026-05-01 22:32:49,I,03,폐업,,,,2017-03-31 16:12:12,,2016-10-26,,서울특별시 관악구 신림동 ****-***,CDFG1251002016000072,3200000,,"서울특별시 관악구 남부순환로 ****-*, ***호 (신림동, 리버파크)",08759,03,폐업,,,,,,
,도서출판 라이터즈,2019-12-20,196013.849104723,442290.396205876,출판인쇄업,출판사,2026-05-01 22:32:50,I,03,폐업,,,,2019-12-20 17:07:43,,2016-11-11,,서울특별시 관악구 봉천동 **-** *층,CDFG1251002016000077,3200000,,"서울특별시 관악구 행운*길 **-**, *층 (봉천동)",08737,03,폐업,,,,02-887-9381,,
,도서출판 감성,2018-11-13,194098.322803417,442377.906658568,출판인쇄업,출판사,2026-05-01 22:32:50,I,03,폐업,,,,2018-11-13 17:23:50,,2016-11-21,,서울특별시 관악구 신림동 **-** ***호,CDFG1251002016000082,3200000,,"서울특별시 관악구 남부순환로***길 **, ***호 (신림동)",08779,03,폐업,,,,,,
,지음 출판사,2018-06-29,196621.433029988,440647.483891212,출판인쇄업,출판사,2026-05-01 22:32:50,I,03,폐업,,,,2018-06-29 16:59:19,,2016-12-06,,서울특별시 관악구 봉천동 **** ***동 ***호,CDFG1251002016000084,3200000,,"서울특별시 관악구 낙성대로**길 **, ***동 ***호 (봉천동, 인헌아파트)",08800,03,폐업,,,,02-875-2711,,
,에이의 취향,2024-09-30,198068.853541258,441141.323830432,출판인쇄업,출판사,2026-05-01 22:32:50,I,03,폐업,,,,2024-09-30 09:31:53,,2016-01-14,,서울특별시 관악구 남현동 ***-*** 삼성월드빌 ***호,CDFG1251002016000087,3200000,,"서울특별시 관악구 승방*가길 **, ***호 (남현동, 삼성월드빌)",08808,03,폐업,,,,,,
근린생활시설,소나무,2019-01-04,196103.06865225,441709.510011352,출판인쇄업,출판사,2026-05-01 22:32:50,I,03,폐업,,30,,2019-01-04 16:10:32,,2017-01-03,,서울특별시 관악구 봉천동 ****-** ***호,CDFG1251002017000001,3200000,,"서울특별시 관악구 남부순환로***길 **, ***호 (봉천동, 예지)",08789,03,폐업,,,,,,
,루카스 크래프트 퍼블리케이션(Lukas crafts publications),2018-12-06,196257.833652996,443341.379446435,출판인쇄업,출판사,2026-05-01 22:32:50,I,03,폐업,,,,2018-12-06 14:34:43,,2017-01-31,,,CDFG1251002017000006,3200000,,"서울특별시 관악구 관악로 ***, ***동 ****호 (봉천동, 현대아파트)",08730,03,폐업,,,,,,
,카피플러스 서울대점,2018-02-23,194258.054278629,441021.526721673,출판인쇄업,출판사,2026-05-01 22:32:50,I,03,폐업,,,,2018-02-23 15:17:26,,2017-02-01,,,CDFG1251002017000008,3200000,,"서울특별시 관악구 신림로 ***, *층 (신림동)",08839,03,폐업,,,,02-878-0610,,
,다님GIS,2023-07-12,194888.120564973,442634.186238805,출판인쇄업,출판사,2026-05-01 22:32:50,I,03,폐업,,,,2023-07-12 16:32:14,,2017-02-09,,서울특별시 관악구 봉천동 ***-** 명성트윈빌B동 *층,CDFG1251002017000010,3200000,,"서울특별시 관악구 은천로 **-**, 명성트윈빌 B동 *층 (봉천동)",08750,03,폐업,,,,,,
,기획출판남광출판사,,201850.462764525,452407.508781009,출판인쇄업,출판사,2026-05-01 22:43:39,I,13,영업중,,0,,2003-02-07 09:13:27,,1988-02-12,110-825,서울특별시 종로구 숭인동 ***-** 계명빌딩***호,CDFG1251001988000031,3000000,,"서울특별시 종로구 종로**길 **  (숭인동,계명빌딩***호)",,01,영업/정상,,,,,,
,문학과비평사,,196458.8866169,455525.428333927,출판인쇄업,출판사,2026-05-01 22:43:39,I,13,영업중,,0,,2003-02-07 09:13:27,,1988-02-22,110-831,서울특별시 종로구 신영동 ***-*,CDFG1251001988000035,3000000,,서울특별시 종로구 세검정로*길 *  (신영동),,01,영업/정상,,,,,,
,(주)대청정보시스템,,200086.11951133,452598.365472787,출판인쇄업,출판사,2026-05-01 22:43:39,I,13,영업중,,0,0,2003-02-07 09:13:27,,1988-02-23,110-460,서울특별시 종로구 연건동 ***-** 청호빌딩 *층,CDFG1251001988000039,3000000,,"서울특별시 종로구 대학로 **  (연건동,청호빌딩 *층)",,01,영업/정상,,,,36729000,0,0
,쿰란출판사,,200183.251729405,452714.737638122,출판인쇄업,출판사,2026-05-01 22:43:39,I,13,영업중,,,,2005-05-24 11:24:31,,1988-02-24,110-500,서울특별시 종로구 이화동 ***-*,CDFG1251001988000040,3000000,,서울특별시 종로구 이화장길 *  (이화동),,01,영업/정상,,,,02-745-1007,,
,학문출판사,,,,출판인쇄업,출판사,2026-05-01 22:43:39,I,13,영업중,,0,,2013-09-02 11:26:13,,1988-03-15,110-130,서울특별시 종로구 청진동 ***-* 삼공빌딩***호,CDFG1251001988000049,3000000,,,,01,영업/정상,,,,,,
,대한교육평가원,,199670.979884558,452221.775006084,출판인쇄업,출판사,2026-05-01 22:43:39,I,31,등록취소,,0,0,2003-02-07 09:13:27,,1988-03-24,110-410,서울특별시 종로구 인의동 ***-* 별관 ***호,CDFG1251001988000052,3000000,,"서울특별시 종로구 창경궁로 ***  (인의동,별관 ***호)",,04,취소/말소/만료/정지/중지,,,,,0,0
,도서출판 고려월드,,198659.240121655,451949.497711626,출판인쇄업,출판사,2026-05-01 22:43:39,I,31,등록취소,,0,0,2003-02-07 09:13:27,,1988-04-11,110-111,서울특별시 종로구 관철동 **-*,CDFG1251001988000055,3000000,,,,04,취소/말소/만료/정지/중지,,,,,0,0
,(주)대흥기획,,200003.902251234,452556.060739615,출판인쇄업,출판사,2026-05-01 22:43:39,I,31,등록취소,,0,0,2003-02-07 09:13:27,,1988-04-12,110-470,서울특별시 종로구 연지동 *-** 은석빌딩동관,CDFG1251001988000056,3000000,,"서울특별시 종로구 율곡로 ***  (연지동,은석빌딩동관)",,04,취소/말소/만료/정지/중지,,,,36716114,0,0
,장호기획,,198754.634182719,452404.979894277,출판인쇄업,출판사,2026-05-01 22:43:39,I,13,영업중,,0,,2003-02-07 09:13:27,,1988-04-14,110-310,서울특별시 종로구 경운동 **-* 건국빌딩***호,CDFG1251001988000057,3000000,,"서울특별시 종로구 인사동*길 **  (경운동,건국빌딩***호)",,01,영업/정상,,,,,,
,지혜,,199227.530733537,452353.103642099,출판인쇄업,출판사,2026-05-01 22:43:39,I,13,영업중,,0,,2003-02-07 09:13:27,,1988-04-15,110-390,서울특별시 종로구 봉익동 *-*,CDFG1251001988000059,3000000,,서울특별시 종로구 율곡로**길 **-*  (봉익동),,01,영업/정상,,,,,,
,HK출판사,2008-07-01,194741.127223228,440874.539144629,출판인쇄업,출판사,2026-05-01 22:31:59,I,03,폐업,,,,2008-07-01 18:07:10,,2004-04-06,151-858,서울특별시 관악구 신림동 ***-** ***호,CDFG1251002004000031,3200000,,"서울특별시 관악구 신림로*나길 *,  ***호 (신림동)",,03,폐업,,,,,,
,도서출판 文衡社,2018-11-02,194025.232008365,440957.820196328,출판인쇄업,출판사,2026-05-01 22:31:59,I,03,폐업,,,,2018-11-02 15:09:50,,2004-04-08,,서울특별시 관악구 신림동 ****-* *층,CDFG1251002004000033,3200000,,"서울특별시 관악구 호암로 ***, *층 (신림동, 동천장여관)",08846,03,폐업,,,,02-887-2352,,
,(주)유앤아이네트웍스,2004-11-02,191774.779640563,442267.301800712,출판인쇄업,출판사,2026-05-01 22:31:59,I,03,폐업,,,,2004-11-02 16:49:50,,2004-04-24,151-877,서울특별시 관악구 신림동 ***-** 관악벤처센터 ***호,CDFG1251002004000035,3200000,,"서울특별시 관악구 조원로**길 **,  ***호 (신림동,관악벤처센터)",,03,폐업,,,,,,
,이코북,2009-07-23,195582.812990343,441900.29274736,출판인쇄업,출판사,2026-05-01 22:31:59,I,03,폐업,,,,2009-07-24 13:42:14,,2004-05-10,151-058,서울특별시 관악구 봉천동 ***-* 세종오피스텔***호,CDFG1251002004000036,3200000,,"서울특별시 관악구 관악로**길 **  (봉천동,세종오피스텔***호)",,03,폐업,,,,02-335-6936,,
,도서출판 관악,2024-03-25,194394.556510943,440877.087548044,출판인쇄업,출판사,2026-05-01 22:31:59,I,03,폐업,,,,2024-03-25 15:11:17,,2004-05-17,,서울특별시 관악구 신림동 ****-** *층,CDFG1251002004000039,3200000,,"서울특별시 관악구 신림로**길 *, *층 (신림동)",08813,03,폐업,,,,02-871-2118,,
,만파,2006-06-20,195786.882781581,441439.652745275,출판인쇄업,출판사,2026-05-01 22:31:59,I,03,폐업,,,,2006-06-20 15:00:51,,2004-05-24,151-835,서울특별시 관악구 봉천동 ****-* 한도빌딩 *층,CDFG1251002004000040,3200000,,"서울특별시 관악구 관악로 ***-*  (봉천동,한도빌딩 *층)",,03,폐업,,,,,,
,한국경관생태연구소,2006-08-02,195617.041811821,441953.461666191,출판인쇄업,출판사,2026-05-01 22:31:59,I,03,폐업,,,,2006-08-02 17:43:44,,2004-05-25,151-836,서울특별시 관악구 봉천동 ***-** 관악맥스텔 ***호,CDFG1251002004000041,3200000,,"서울특별시 관악구 관악로**길 **-**,  ***호 (봉천동,관악맥스텔)",,03,폐업,,,,,,
,도서출판 E&F,2006-08-25,,,출판인쇄업,출판사,2026-05-01 22:31:59,I,03,폐업,,,,2006-08-25 15:07:39,,2004-05-28,151-813,서울특별시 관악구 봉천동 ***-***,CDFG1251002004000042,3200000,,,,03,폐업,,,,,,
,도서출판 하나님의 나라,2010-06-24,193741.530221245,443258.316351478,출판인쇄업,출판사,2026-05-01 22:31:59,I,03,폐업,,,,2010-06-24 09:47:52,,2004-07-27,151-821,서울특별시 관악구 봉천동 ***-**,CDFG1251002004000045,3200000,,서울특별시 관악구 당곡*가길 **  (봉천동),,03,폐업,,,,,,
,도서출판 공,2007-07-03,194712.79375744,442339.828452241,출판인쇄업,출판사,2026-05-01 22:31:59,I,03,폐업,,,,2007-07-03 13:08:56,,2004-08-13,151-843,서울특별시 관악구 봉천동 ***-** *층,CDFG1251002004000047,3200000,,"서울특별시 관악구 남부순환로 ****-**  (봉천동,*층)",,03,폐업,,,,,,
,Public & PSAT,2005-08-31,194289.280781099,440925.014818541,출판인쇄업,출판사,2026-05-01 22:31:59,I,03,폐업,,,,2005-08-31 17:08:53,,2004-08-17,151-895,서울특별시 관악구 신림동 ****-* *층,CDFG1251002004000048,3200000,,"서울특별시 관악구 호암로**길 **  (신림동,*층)",,03,폐업,,,,,,
,도서출판 에이치엘에스,2012-09-26,194135.772735482,440917.845099207,출판인쇄업,출판사,2026-05-01 22:31:59,I,03,폐업,,,,2012-09-26 11:13:12,,2004-08-31,151-895,서울특별시 관악구 신림동 ****,CDFG1251002004000052,3200000,,서울특별시 관악구 신림로**길 ** (신림동),,03,폐업,,,,,,
,도서출판 L.A.M.P,2011-03-27,194302.63547306,440898.261146777,출판인쇄업,출판사,2026-05-01 22:31:59,I,03,폐업,,,,2011-03-27 10:49:46,,2004-09-16,151-895,서울특별시 관악구 신림동 ****-* B*호,CDFG1251002004000055,3200000,,"서울특별시 관악구 호암로**길 **,  B*호 (신림동)",,03,폐업,,,,,,
,OK Police,2005-08-31,194289.280781099,440925.014818541,출판인쇄업,출판사,2026-05-01 22:31:59,I,03,폐업,,,,2005-08-31 15:56:39,,2004-10-08,151-895,서울특별시 관악구 신림동 ****-*,CDFG1251002004000056,3200000,,서울특별시 관악구 호암로**길 **  (신림동),,03,폐업,,,,,,
,금자탑,2010-09-08,195519.715669149,442732.956116344,출판인쇄업,출판사,2026-05-01 22:31:59,I,03,폐업,,,,2010-09-08 10:51:33,,2004-10-19,151-823,서울특별시 관악구 봉천동 ***-*** ***호,CDFG1251002004000057,3200000,,"서울특별시 관악구 은천로 ***,  ***호 (봉천동)",,03,폐업,,,,,,
,(주)한우리 텔레컴,2007-04-26,191721.301457214,442317.798418028,출판인쇄업,출판사,2026-05-01 22:31:59,I,03,폐업,,,,2007-04-26 13:14:53,,2004-11-19,151-877,서울특별시 관악구 신림동 ***-** 대하빌딩 *층,CDFG1251002004000063,3200000,,"서울특별시 관악구 조원중앙로 **  (신림동,대하빌딩 *층)",,03,폐업,,,,,,
,소금나무,2005-09-08,195588.796492288,442098.372819317,출판인쇄업,출판사,2026-05-01 22:32:00,I,03,폐업,,,,2005-09-08 11:45:55,,2004-12-20,151-836,서울특별시 관악구 봉천동 ***-** **층 **호,CDFG1251002004000067,3200000,,"서울특별시 관악구 남부순환로 ****  (봉천동,**층 **호)",,03,폐업,,,,,,
,서해기획,2016-12-31,196139.864969792,439023.167125842,출판인쇄업,출판사,2026-05-01 22:32:00,I,03,폐업,,,,2017-01-23 13:39:14,,2004-07-15,151-015,서울특별시 관악구 신림동 산 **-* 서울대학교 ***동,CDFG1251002004000068,3200000,,"서울특별시 관악구 관악로 *, ***동 (신림동,서울대학교)",,03,폐업,,,,,,
,도서출판 누멘,2019-09-19,195951.191278299,441861.052891591,출판인쇄업,출판사,2026-05-01 22:32:01,I,03,폐업,,,,2019-09-19 17:18:23,,2005-01-24,151-848,서울특별시 관악구 봉천동 ****-** (정다운*길**) *층,CDFG1251002005000010,3200000,,"서울특별시 관악구 남부순환로***길 ** (봉천동,(정다운*길**) *층)",,03,폐업,,,,02-6404-2053,,
,도서출판 은현,2016-08-24,192771.999354843,440364.327669714,출판인쇄업,출판사,2026-05-01 22:32:01,I,03,폐업,,,,2016-08-24 14:36:06,,2005-01-26,151-886,서울특별시 관악구 신림동 ***-* 은현교회,CDFG1251002005000011,3200000,,"서울특별시 관악구 난곡로**길 * (신림동,은현교회)",,03,폐업,,,,,,
,도서출판 조산아,2006-02-24,192437.570727728,442237.51455687,출판인쇄업,출판사,2026-05-01 22:32:01,I,03,폐업,,,,2006-02-24 11:51:05,,2005-01-29,151-875,서울특별시 관악구 신림동 ***-** *층 ***호,CDFG1251002005000012,3200000,,"서울특별시 관악구 남부순환로 ****,  ***호 (신림동,*층)",,03,폐업,,,,,,
,씨 사이트 학원,2010-03-11,196251.489561544,441920.186830931,출판인쇄업,출판사,2026-05-01 22:32:01,I,03,폐업,,,,2010-03-11 14:22:56,,2005-02-04,151-849,서울특별시 관악구 봉천동 ****-**,CDFG1251002005000014,3200000,,,,03,폐업,,,,,,
,물근원,2011-05-19,192935.110899924,442349.261104841,출판인쇄업,출판사,2026-05-01 22:32:01,I,03,폐업,,,,2011-05-19 15:35:01,,2005-02-05,151-015,서울특별시 관악구 신림동 ***-* 반석빌딩 *층,CDFG1251002005000015,3200000,,"서울특별시 관악구 남부순환로 ****  (신림동,반석빌딩 *층)",,03,폐업,,,,,,
,프네오,2022-01-07,194771.431412632,442849.267392851,출판인쇄업,출판사,2026-05-01 22:32:51,I,03,폐업,,,,2022-01-07 14:13:30,,2011-08-04,,,CDFG1251002017000012,3200000,,"서울특별시 관악구 국회단지*길 **, ***호 (봉천동)",08716,03,폐업,,,,,,
단독주택,주니북스(Juny Books),2017-03-24,194769.223727322,441266.675127219,출판인쇄업,출판사,2026-05-01 22:32:51,I,03,폐업,,215.04,,2017-03-24 16:24:03,,2015-12-04,,,CDFG1251002017000021,3200000,준주거지역,"서울특별시 관악구 복은*길 **, ***호 (신림동, 백산원룸)",08840,03,폐업,주택가주변,,,,,
,렉토피아,2019-07-02,195999.663232701,442420.839863745,출판인쇄업,출판사,2026-05-01 22:32:51,I,03,폐업,,,,2019-07-02 18:51:43,,2015-12-14,,서울특별시 관악구 봉천동 **-* 호삼빌딩 *층,CDFG1251002017000024,3200000,,"서울특별시 관악구 관악로**길 **, *층 (봉천동, 호삼빌딩)",08737,03,폐업,,,,02-882-5255,,
,밸류플랫폼,2022-01-06,196728.763224258,441720.779855758,출판인쇄업,출판사,2026-05-01 22:32:51,I,03,폐업,,,,2022-01-06 17:45:59,,2017-04-26,,서울특별시 관악구 봉천동 ****-** 더게이트 ***호,CDFG1251002017000030,3200000,,"서울특별시 관악구 남부순환로 ****-*, ***호 (봉천동, 더게이트)",08801,03,폐업,,,,,,
기타,Winners교육연구소,2018-01-24,197084.362176673,441187.620358795,출판인쇄업,출판사,2026-05-01 22:32:51,I,03,폐업,,36.2,8,2018-01-24 13:29:13,,2014-09-16,,서울특별시 관악구 봉천동 ****-** B**호,CDFG1251002017000031,3200000,일반상업지역,"서울특별시 관악구 인헌*길 **, B**호 (봉천동)",08795,03,폐업,,,,,10,2
,배움 미디어,2019-06-27,193721.863991816,440545.946420334,출판인쇄업,출판사,2026-05-01 22:32:51,I,03,폐업,,,,2019-06-27 15:59:56,,2017-05-12,,서울특별시 관악구 신림동 ***-* ***호,CDFG1251002017000035,3200000,,"서울특별시 관악구 광신길 ***, ***호 (신림동)",08846,03,폐업,,,,,,
,(주)씨지브이알,2017-05-18,195588.796492288,442098.372819317,출판인쇄업,출판사,2026-05-01 22:32:52,I,03,폐업,,,,2017-06-05 11:28:06,,2014-04-23,,서울특별시 관악구 봉천동 ***-**,CDFG1251002017000037,3200000,,"서울특별시 관악구 남부순환로 ****, **층 *호 (봉천동, 관악센츄리타워)",08787,03,폐업,,,,,,
,100시간 영어 연구소,2018-09-28,194570.409024131,440301.567112855,출판인쇄업,출판사,2026-05-01 22:32:52,I,03,폐업,,,,2018-09-28 17:13:44,,2017-07-17,,서울특별시 관악구 신림동 ***-*** 용상문고시원 ***호,CDFG1251002017000043,3200000,,"서울특별시 관악구 신림로**길 ***-* (신림동, 용상문고시원)",08818,03,폐업,,,,,,
,GK Media,2020-01-17,196891.350682418,440790.37052377,출판인쇄업,출판사,2026-05-01 22:32:52,I,03,폐업,,,,2020-01-17 17:14:32,,2017-08-28,,서울특별시 관악구 봉천동 ***-*** ***동 ***호,CDFG1251002017000049,3200000,,"서울특별시 관악구 인헌**길 **, ***동 ***호 (봉천동, 새진아파트)",08800,03,폐업,,,,02-887-1580,,
,디오션,2023-04-03,196795.280614836,440867.010043448,출판인쇄업,출판사,2026-05-01 22:32:52,I,03,폐업,,,,2023-04-03 11:16:31,,2017-11-09,,서울특별시 관악구 봉천동 ****-* 은천아파트 ***동 ***호,CDFG1251002017000064,3200000,,"서울특별시 관악구 인헌**길 **-*, ***동 ***호 (봉천동, 은천아파트)",08797,03,폐업,,,,,,
,딥컬쳐,2023-01-12,194458.49670882,441712.987497817,출판인쇄업,출판사,2026-05-01 22:32:53,I,03,폐업,,,,2023-01-12 16:10:33,,2018-02-26,,서울특별시 관악구 신림동 **-*** 엘리젠트오피스텔 ***호,CDFG1251002018000007,3200000,,"서울특별시 관악구 쑥고개로 *, 엘리젠트오피스텔 ***호 (신림동)",08783,03,폐업,,,,,,
,국제기구 세계녹색기후기구 고시계 출판기관,2025-03-12,195703.166818623,442189.875013819,출판인쇄업,출판사,2026-05-01 22:32:53,I,03,폐업,,79.93,15,2025-03-12 17:08:41,,2018-03-22,,서울특별시 관악구 봉천동 ***-* 코업레지던스 B***호,CDFG1251002018000017,3200000,일반상업지역,"서울특별시 관악구 봉천로 ***, 코업레지던스 B***호 (봉천동)",08758,03,폐업,,,,02-817-2400,19,4
,서울대학교 대학행정교육원,2019-11-25,196139.864969792,439023.167125842,출판인쇄업,출판사,2026-05-01 22:32:53,I,03,폐업,,,,2019-11-25 17:56:19,,2018-04-10,,서울특별시 관악구 신림동 산 **-* 서울대학교 **동 ***호,CDFG1251002018000019,3200000,,"서울특별시 관악구 관악로 *, 서울대학교 **동 ***호 (신림동)",08826,03,폐업,,,,02-880-5713,,
,지혜의 태양,2023-01-17,193773.070404044,442270.419248856,출판인쇄업,출판사,2026-05-01 22:32:53,I,03,폐업,,,,2023-01-17 17:44:31,,2018-04-20,,서울특별시 관악구 신림동 **-* 청암두산위브센티움 ****호,CDFG1251002018000023,3200000,,"서울특별시 관악구 신림로 ***, ****호 (신림동, 청암두산위브센티움)",08777,03,폐업,,,,02-883-2667,,
,인더스튜디오(In the studio),2019-08-01,194639.951200402,442456.416297573,출판인쇄업,출판사,2026-05-01 22:32:53,I,03,폐업,,,,2019-08-01 17:05:29,,2018-05-21,,서울특별시 관악구 봉천동 ***-** ***호,CDFG1251002018000030,3200000,,"서울특별시 관악구 봉천로 ***, ***호 (봉천동)",08750,03,폐업,,,,,,
,글러리,2023-08-18,193714.138573488,441695.782820016,출판인쇄업,출판사,2026-05-01 22:32:53,I,03,폐업,,,,2023-08-18 16:52:53,,2018-05-23,,서울특별시 관악구 신림동 ***-*** 동산빌라 A동 ***호,CDFG1251002018000031,3200000,,"서울특별시 관악구 문성로**길 **-*, A동 ***호 (신림동, 동산빌라)",08843,03,폐업,,,,,,
,코믹팜,2021-01-19,192401.191844466,439800.773163369,출판인쇄업,출판사,2026-05-01 22:32:53,I,03,폐업,,,,2021-01-19 16:05:04,,2018-05-28,,서울특별시 관악구 신림동 ***-*** ***호,CDFG1251002018000032,3200000,,"서울특별시 관악구 난향*길 **, ***호 (신림동)",08859,03,폐업,,,,,,
,쏠티웍스,2022-12-23,194613.552109266,442291.802164704,출판인쇄업,출판사,2026-05-01 22:32:54,I,03,폐업,,,,2022-12-23 14:57:53,,2018-06-20,,서울특별시 관악구 봉천동 ***-** 이너스빌딩 *층,CDFG1251002018000037,3200000,,"서울특별시 관악구 남부순환로 ****, 이너스빌딩 *층 (봉천동)",08782,03,폐업,,,,,,
,기록의 형태,2022-04-04,194594.052465258,441268.206916967,출판인쇄업,출판사,2026-05-01 22:32:54,I,03,폐업,,,,2022-04-04 10:16:53,,2018-06-25,,서울특별시 관악구 신림동 ***-* 관악하우스 ***호,CDFG1251002018000039,3200000,,"서울특별시 관악구 서림*길 **, 관악하우스 ***호 (신림동)",08840,03,폐업,,,,,,
,문우사랑,2025-03-25,192427.198450417,441944.759298528,출판인쇄업,출판사,2026-05-01 22:32:54,I,03,폐업,,,,2025-03-25 09:26:51,,2018-07-24,,서울특별시 관악구 신림동 ****-* ***호,CDFG1251002018000044,3200000,,"서울특별시 관악구 난곡로 ***, ***호 (신림동)",08772,03,폐업,,,,,,
,(주)스포츠창업연구원,2020-08-10,196139.864969792,439023.167125842,출판인쇄업,출판사,2026-05-01 22:32:54,I,03,폐업,,,,2020-08-10 13:14:18,,2018-08-02,,서울특별시 관악구 신림동 산 **-* 서울대학교 연구공원 본관 지하*층 ***동,CDFG1251002018000045,3200000,,"서울특별시 관악구 관악로 *, 서울대학교 연구공원 본관 ***동 지하*층 (신림동)",08826,03,폐업,,,,02-6081-5236,,
,6th Gate,2022-02-08,192861.319424062,441249.083465708,출판인쇄업,출판사,2026-05-01 22:32:54,I,03,폐업,,,,2022-02-08 18:19:21,,2018-08-21,,서울특별시 관악구 신림동 ***-**,CDFG1251002018000047,3200000,,서울특별시 관악구 난우*길 ** (신림동),08852,03,폐업,,,,,,
,한국국어개발원,,,,출판인쇄업,출판사,2026-05-01 22:43:39,I,13,영업중,,0,,2003-02-07 09:13:27,,1988-04-23,110-707,서울특별시 종로구 낙원동 *** 낙원빌딩***호,CDFG1251001988000063,3000000,,,,01,영업/정상,,,,,,
,나라원,,201105.174903672,452365.500501882,출판인쇄업,출판사,2026-05-01 22:43:39,I,13,영업중,,,,2003-07-09 15:40:15,,1988-04-23,110-840,서울특별시 종로구 창신동 ***-**,CDFG1251001988000064,3000000,,서울특별시 종로구 종로**길 **  (창신동),,01,영업/정상,,,,,,
,도서출판 노나메기,,199957.706347431,453262.436412022,출판인쇄업,출판사,2026-05-01 22:43:39,I,13,영업중,,0,0,2007-01-29 15:00:40,,1988-04-23,110-524,서울특별시 종로구 명륜*가 ***-*,CDFG1251001988000065,3000000,,서울특별시 종로구 대학로*길 **  (명륜*가),,01,영업/정상,,,,,0,0
,도서출판(주)오양시스템출판부,,198548.664190566,452679.314071935,출판인쇄업,출판사,2026-05-01 22:43:39,I,31,등록취소,,0,0,2003-02-07 09:13:27,,1988-04-30,110-240,서울특별시 종로구 안국동 ***-*,CDFG1251001988000066,3000000,,서울특별시 종로구 율곡로 **  (안국동),,04,취소/말소/만료/정지/중지,,,,,0,0
,신영사,,198754.634182719,452404.979894277,출판인쇄업,출판사,2026-05-01 22:43:40,I,31,등록취소,,0,0,2003-02-07 09:13:27,,1988-04-30,110-310,서울특별시 종로구 경운동 **-*,CDFG1251001988000067,3000000,,서울특별시 종로구 인사동*길 **  (경운동),,04,취소/말소/만료/정지/중지,,,,,0,0
,맥박,,199175.124489766,452352.57860396,출판인쇄업,출판사,2026-05-01 22:43:40,I,13,영업중,,0,,2003-02-07 09:13:27,,1988-04-30,110-370,서울특별시 종로구 묘동 ***,CDFG1251001988000068,3000000,,서울특별시 종로구 돈화문로 **  (묘동),,01,영업/정상,,,,,,
,태양사,,198439.357750981,452934.990965887,출판인쇄업,출판사,2026-05-01 22:43:40,I,13,영업중,,0,,2003-02-07 09:13:27,,1988-05-10,110-240,서울특별시 종로구 안국동 **-*,CDFG1251001988000070,3000000,,서울특별시 종로구 윤보선길 **  (안국동),,01,영업/정상,,,,,,
,대관문화사,,,,출판인쇄업,출판사,2026-05-01 22:43:40,I,31,등록취소,,0,,2003-02-07 09:13:27,,1988-05-10,110-121,서울특별시 종로구 종로*가 * 서울빌딩***호,CDFG1251001988000071,3000000,,,,04,취소/말소/만료/정지/중지,,,,,,
,현사연,,200480.177581939,452225.923030749,출판인쇄업,출판사,2026-05-01 22:43:40,I,31,등록취소,,0,,2003-02-07 09:13:27,,1988-05-10,110-126,서울특별시 종로구 종로*가 ***-*,CDFG1251001988000072,3000000,,서울특별시 종로구 종로**길 **  (종로*가),,04,취소/말소/만료/정지/중지,,,,,,
,헌정연구원,,,,출판인쇄업,출판사,2026-05-01 22:43:40,I,13,영업중,,0,,2003-02-07 09:13:27,,1988-05-11,110-090,서울특별시 종로구 교북동 **-*,CDFG1251001988000073,3000000,,서울특별시 종로구 통일로 ***  (교북동),,01,영업/정상,,,,,,
,해와달,,200137.118682246,453249.562595164,출판인쇄업,출판사,2026-05-01 22:43:40,I,13,영업중,,,,2004-02-02 12:59:16,,1988-05-13,110-809,서울특별시 종로구 동숭동 *-*** 샘터빌딩 *층,CDFG1251001988000074,3000000,,"서울특별시 종로구 대학로 ***  (동숭동,샘터빌딩 *층)",,01,영업/정상,,,,02-3672-1057,,
,노사신문사 출판부,,198582.724629151,452944.075366508,출판인쇄업,출판사,2026-05-01 22:43:40,I,13,영업중,,0,0,2003-02-07 09:13:27,,1988-05-21,110-250,서울특별시 종로구 재동 **-*,CDFG1251001988000076,3000000,,서울특별시 종로구 북촌로 **-*  (재동),,01,영업/정상,,,,,0,0
,도서출판 새교실,2011-02-16,193771.488339201,442979.28237883,출판인쇄업,출판사,2026-05-01 22:32:02,I,03,폐업,,,,2011-02-18 13:13:52,,2005-02-16,151-829,서울특별시 관악구 봉천동 ***-** 지하,CDFG1251002005000017,3200000,,"서울특별시 관악구 봉천로**길 *  (봉천동,지하)",,03,폐업,,,,,,
,대한예수교 장로회 명문교회 출판부,2015-02-06,192739.925961381,442596.779193636,출판인쇄업,출판사,2026-05-01 22:32:02,I,03,폐업,,,,2015-02-06 17:15:48,,2005-02-21,151-893,서울특별시 관악구 신림동 ***-*,CDFG1251002005000018,3200000,,서울특별시 관악구 조원로 *** (신림동),,03,폐업,,,,,,
,메디앙스,2009-07-27,194263.450488913,440654.993228525,출판인쇄업,출판사,2026-05-01 22:32:02,I,03,폐업,,,,2009-07-27 19:10:56,,2005-03-02,,서울특별시 관악구 신림동 ***-**,CDFG1251002005000020,3200000,,서울특별시 관악구 호암로**길 **-**  (신림동),,03,폐업,,,,,,
,도서출판 하루,2006-08-04,195150.708792275,442087.78782145,출판인쇄업,출판사,2026-05-01 22:32:02,I,03,폐업,,,,2006-08-04 13:31:38,,2005-03-16,151-841,서울특별시 관악구 봉천동 ***-* ***호,CDFG1251002005000024,3200000,,"서울특별시 관악구 청룡길 **,  ***호 (봉천동)",,03,폐업,,,,,,
,도서출판 코리아 엠마오,2008-06-20,194899.891834822,442135.938022991,출판인쇄업,출판사,2026-05-01 22:32:02,I,03,폐업,,,,2008-06-23 10:44:29,,2005-04-01,151-844,서울특별시 관악구 봉천동 ***-* ***호,CDFG1251002005000028,3200000,,"서울특별시 관악구 장군봉*길 **,  ***호 (봉천동)",,03,폐업,,,,,,
,도서출판 하영,2007-05-02,195345.644904343,441864.925270416,출판인쇄업,출판사,2026-05-01 22:32:02,I,03,폐업,,,,2007-05-02 13:17:53,,2005-04-12,151-847,서울특별시 관악구 봉천동 ****-* *층,CDFG1251002005000030,3200000,,"서울특별시 관악구 쑥고개로 ***  (봉천동,*층)",,03,폐업,,,,,,
,(주)브레인리딩,2011-12-27,196756.479758836,441599.241793679,출판인쇄업,출판사,2026-05-01 22:32:02,I,03,폐업,,,,2011-12-27 11:24:01,,2005-04-26,151-832,서울특별시 관악구 봉천동 ****-* 성은빌딩 *층,CDFG1251002005000032,3200000,,"서울특별시 관악구 남부순환로 ****  (봉천동,성은빌딩 *층)",,03,폐업,,,,,,
,신정문화사,2006-01-19,195442.373965497,442321.903930176,출판인쇄업,출판사,2026-05-01 22:32:02,I,03,폐업,,,,2006-01-19 15:36:23,,2005-05-03,151-837,서울특별시 관악구 봉천동 ***-**,CDFG1251002005000033,3200000,,서울특별시 관악구 봉천로**길 *  (봉천동),,03,폐업,,,,26153103,,
근린생활시설,도서출판 인간과 교육,2019-08-01,194003.239768516,441317.924402351,출판인쇄업,출판사,2026-05-01 22:32:02,I,03,폐업,,,8,2019-08-01 17:06:42,,2005-05-16,151-865,서울특별시 관악구 신림동 ***-** ***호(양산길*-*),CDFG1251002005000034,3200000,일반주거지역,"서울특별시 관악구 양산길 *-* (신림동,***호(양산길*-*))",,03,폐업,기타,,,02-873-5572,9,1
,주식회사 태학관법정연구회,2007-07-03,194132.649925284,440815.621380574,출판인쇄업,출판사,2026-05-01 22:32:02,I,03,폐업,,,,2007-07-03 11:02:38,,2005-05-16,151-895,서울특별시 관악구 신림동 ****-*,CDFG1251002005000035,3200000,,서울특별시 관악구 호암로**길 **  (신림동),,03,폐업,,,,02-885-3114,,
,가이아 미술,2006-04-19,196279.203141294,441816.605177911,출판인쇄업,출판사,2026-05-01 22:32:02,I,03,폐업,,,,2006-04-19 14:19:39,,2005-05-25,151-848,서울특별시 관악구 봉천동 ****-* ***호,CDFG1251002005000036,3200000,,"서울특별시 관악구 봉천로 ***-*,  ***호 (봉천동)",,03,폐업,,,,,,
,도서출판 일도,2005-10-31,195491.509408334,442218.825059184,출판인쇄업,출판사,2026-05-01 22:32:02,I,03,폐업,,,,2005-10-31 16:42:22,,2005-06-02,151-822,서울특별시 관악구 봉천동 ***-** 한도빌딩 *층,CDFG1251002005000041,3200000,,"서울특별시 관악구 봉천로 ***  (봉천동,한도빌딩 *층)",,03,폐업,,,,,,
,KGKD,2005-11-14,194368.932639898,442857.895135932,출판인쇄업,출판사,2026-05-01 22:32:03,I,03,폐업,,,,2005-11-14 14:19:00,,2005-06-08,151-050,서울특별시 관악구 봉천동 ***-***,CDFG1251002005000043,3200000,,서울특별시 관악구 봉천로**다길 **-**  (봉천동),,03,폐업,,,,,,
,도서출판 대훈,2009-12-14,193610.797201552,442281.285348422,출판인쇄업,출판사,2026-05-01 22:32:03,I,03,폐업,,,,2009-12-14 10:18:45,,2005-06-14,151-930,서울특별시 관악구 신림동 ****-** 삼모빌딩 ****호,CDFG1251002005000044,3200000,,"서울특별시 관악구 신림로**길 **,  ****호 (신림동,삼모빌딩)",,03,폐업,,,,,,
,HGH출판사,2008-07-01,194741.127223228,440874.539144629,출판인쇄업,출판사,2026-05-01 22:32:03,I,03,폐업,,,,2008-07-01 18:09:11,,2005-06-20,151-858,서울특별시 관악구 신림동 ***-** ***호,CDFG1251002005000045,3200000,,"서울특별시 관악구 신림로*나길 *,  ***호 (신림동)",,03,폐업,,,,,,
,세먼엠앤비,2006-01-24,198284.078546351,441368.909286824,출판인쇄업,출판사,2026-05-01 22:32:03,I,03,폐업,,,,2006-01-24 16:41:16,,2005-06-20,151-800,서울특별시 관악구 남현동 ****-** 르메이에르 강남타운 *차 ****호,CDFG1251002005000046,3200000,,"서울특별시 관악구 과천대로 ***,  ****호 (남현동,르메이에르 강남타운 *차)",,03,폐업,,,,,,
,안전문화사,2009-09-01,194885.371326332,442115.108019431,출판인쇄업,출판사,2026-05-01 22:32:03,I,03,폐업,,,,2009-09-01 13:08:21,,2005-07-06,151-844,서울특별시 관악구 봉천동 ***-**,CDFG1251002005000048,3200000,,서울특별시 관악구 청룡*길 **  (봉천동),,03,폐업,,,,,,
,철학의 향기,2014-08-22,193877.869677616,441649.258821913,출판인쇄업,출판사,2026-05-01 22:32:03,I,03,폐업,,,,2014-08-22 09:11:03,,2005-09-07,151-867,서울특별시 관악구 신림동 ***-*** 신림파크빌라 나동 ***호,CDFG1251002005000059,3200000,주거지역,"서울특별시 관악구 서원*길 **, 나동 ***호 (신림동,신림파크빌라)",,03,폐업,,,,,,
,삼일부동산마케팅연구소,2008-10-31,194388.623587568,442386.786962966,출판인쇄업,출판사,2026-05-01 22:32:04,I,03,폐업,,,,2008-10-31 15:36:35,,2005-09-26,151-852,서울특별시 관악구 신림동 **-*** 성우프라자 ***호,CDFG1251002005000063,3200000,,"서울특별시 관악구 남부순환로***길 *,  ***호 (신림동,성우프라자)",,03,폐업,,,,,,
,도서출판 폴리,2017-12-29,195725.66189475,441425.972745816,출판인쇄업,출판사,2026-05-01 22:32:04,I,03,폐업,,,,2017-12-29 21:09:53,,2005-10-17,151-839,서울특별시 관악구 봉천동 ****-** *층,CDFG1251002005000066,3200000,,"서울특별시 관악구 관악로 *** (봉천동,*층)",,03,폐업,,,,,,
다가구용 주택(공동주택적용),팬컴,2010-08-27,196478.492631065,441710.486386262,출판인쇄업,출판사,2026-05-01 22:32:04,I,03,폐업,,,5,2010-08-27 16:19:38,,2005-10-26,151-818,서울특별시 관악구 봉천동 ****-** *층,CDFG1251002005000068,3200000,준주거지역,"서울특별시 관악구 봉천로 ***  (봉천동,*층)",,03,폐업,,,,,5,1
,벧엘서원,2012-06-08,196319.78176882,442723.185084824,출판인쇄업,출판사,2026-05-01 22:32:04,I,03,폐업,,,,2012-06-08 13:35:46,,2005-11-03,151-808,서울특별시 관악구 봉천동 **-**,CDFG1251002005000070,3200000,,서울특별시 관악구 청림*길 ** (봉천동),,03,폐업,,,,032-326-3096,,
,제57회 전국대학생생물학심포지엄,2021-05-26,194835.63417227,441041.228426756,출판인쇄업,출판사,2026-05-01 22:32:54,I,03,폐업,,,,2021-05-26 16:48:16,,2018-09-04,,서울특별시 관악구 신림동 ***-*** ***호,CDFG1251002018000051,3200000,,"서울특별시 관악구 서림**가길 **, ***호 (신림동)",08840,03,폐업,,,,,,
,에델하우스,2020-03-20,196257.833652996,443341.379446435,출판인쇄업,출판사,2026-05-01 22:32:54,I,03,폐업,,,,2020-03-20 09:43:06,,2018-09-07,,서울특별시 관악구 봉천동 **** 현대아파트 ***동 ***호,CDFG1251002018000052,3200000,,"서울특별시 관악구 관악로 ***, ***동 ***호 (봉천동, 현대아파트)",08730,03,폐업,,,,,,
,리산(Leesan),2021-04-14,196411.95777976,442250.173431957,출판인쇄업,출판사,2026-05-01 22:32:54,I,03,폐업,,,,2021-04-14 17:20:28,,2017-08-24,,서울특별시 관악구 봉천동 ***-***,CDFG1251002018000057,3200000,,"서울특별시 관악구 행운*길 **-*, B**호 (봉천동)",08740,03,폐업,,,,,,
,고시메카,2018-10-30,195641.237643108,442465.017473188,출판인쇄업,출판사,2026-05-01 22:32:54,I,03,폐업,,,,2018-10-30 17:18:43,,2018-10-08,,서울특별시 관악구 봉천동 ****-* 우성파크빌라 ***호,CDFG1251002018000060,3200000,,"서울특별시 관악구 중앙*길 **, ***호 (봉천동, 우성파크빌라)",08746,03,폐업,,,,,,
,송림문학,2019-01-28,195967.178721811,441809.80159778,출판인쇄업,출판사,2026-05-01 22:32:54,I,03,폐업,,,,2019-01-28 17:59:34,,2018-10-08,,서울특별시 관악구 봉천동 ****-* 지층 *호,CDFG1251002018000061,3200000,,"서울특별시 관악구 남부순환로***길 **-*, 지층 *호 (봉천동)",08788,03,폐업,,,,,,
,도서출판 문형사,2024-12-12,194141.495617232,440853.267448982,출판인쇄업,출판사,2026-05-01 22:32:54,I,03,폐업,,,,2024-12-12 14:09:12,,2018-11-07,,서울특별시 관악구 신림동 ****-* *층,CDFG1251002018000066,3200000,,"서울특별시 관악구 호암로**길 **, *층 (신림동)",08812,03,폐업,,,,,,
,머슬리포트,2021-01-25,196060.34988037,442240.427304303,출판인쇄업,출판사,2026-05-01 22:32:54,I,03,폐업,,,,2021-01-25 15:50:50,,2018-11-16,,서울특별시 관악구 봉천동 **-** ***호,CDFG1251002018000068,3200000,,"서울특별시 관악구 행운*길 **, ***호 (봉천동)",08736,03,폐업,,,,,,
,디페랑,2019-12-12,195306.342469139,441860.358081122,출판인쇄업,출판사,2026-05-01 22:32:55,I,03,폐업,,22.24,,2019-12-13 17:21:58,,2019-01-10,,서울특별시 관악구 봉천동 ****-* 생모리츠타운 오피스텔 ***호,CDFG1251002019000003,3200000,,"서울특별시 관악구 쑥고개로 ***, 오피스텔 ***호 (봉천동, 생모리츠타운)",08832,03,폐업,,,,,,
,오르카북스,2020-12-23,195321.516244637,442117.303918456,출판인쇄업,출판사,2026-05-01 22:32:55,I,03,폐업,,17.75,,2020-12-23 15:24:19,,2019-05-15,,서울특별시 관악구 봉천동 ***-* 엘디타운 ****호,CDFG1251002019000036,3200000,,"서울특별시 관악구 청룡*길 **, 엘디타운 ****호 (봉천동)",08786,03,폐업,,,,,,
,아람누리 출판사,2019-12-31,194344.123215243,442625.581130233,출판인쇄업,출판사,2026-05-01 22:32:55,I,03,폐업,,198,,2019-12-31 13:35:25,,2017-07-28,,서울특별시 관악구 봉천동 ***-** *층,CDFG1251002019000037,3200000,,"서울특별시 관악구 봉천로 ***, *층 (봉천동)",08749,03,폐업,,,,,,
,세컨드 라이프,2022-05-02,193310.364165431,442052.971793742,출판인쇄업,출판사,2026-05-01 22:32:55,I,03,폐업,,,,2022-05-02 09:50:06,,2019-05-22,,서울특별시 관악구 신림동 ****-** 바울 ***호,CDFG1251002019000038,3200000,,"서울특별시 관악구 남부순환로***나길 **, 바울 ***호 (신림동)",08774,03,폐업,,,,,,
,닥터케이번역,2021-01-15,194594.513779504,442197.279132421,출판인쇄업,출판사,2026-05-01 22:32:56,I,03,폐업,,20,,2021-01-15 17:55:17,,2019-06-20,,서울특별시 관악구 봉천동 ****-** 라보엠 ***호,CDFG1251002019000043,3200000,,"서울특별시 관악구 장군봉*길 *, 라보엠 ***호 (봉천동)",08782,03,폐업,,,,,,
,렉토피아교육센터,2019-12-16,195999.663232701,442420.839863745,출판인쇄업,출판사,2026-05-01 22:32:56,I,03,폐업,,,,2019-12-16 17:27:27,,2019-07-02,,서울특별시 관악구 봉천동 **-* 호삼빌딩 *층,CDFG1251002019000047,3200000,,"서울특별시 관악구 관악로**길 **, 호삼빌딩 *층 (봉천동)",08737,03,폐업,,,,02-596-5255,,
,엔에프북스,2021-07-05,195537.269534163,442122.202180318,출판인쇄업,출판사,2026-05-01 22:32:56,I,03,폐업,,,,2021-07-05 10:21:20,,2019-07-08,,서울특별시 관악구 봉천동 ***-* 관악캠퍼스타워 ****호,CDFG1251002019000049,3200000,,"서울특별시 관악구 남부순환로 ****, ****호 (봉천동, 관악캠퍼스타워)",08786,03,폐업,,,,02-882-0633,,
,빅토리북스,2025-05-22,195045.515107949,443011.455007816,출판인쇄업,출판사,2026-05-01 22:32:56,I,03,폐업,,,,2025-05-22 18:01:51,,2019-08-14,,서울특별시 관악구 봉천동 **** 벽산블루밍아파트 ***동 ***호,CDFG1251002019000057,3200000,,"서울특별시 관악구 은천로 **, ***동 ***호 (봉천동, 벽산블루밍아파트)",08715,03,폐업,,,,,,
,국제어학연구소,2023-02-15,197654.967787495,441436.934333947,출판인쇄업,출판사,2026-05-01 22:32:56,I,03,폐업,,,,2023-02-15 13:28:44,,2019-08-20,,서울특별시 관악구 남현동 ****-** *층,CDFG1251002019000060,3200000,,"서울특별시 관악구 남현*길 **-*, *층 (남현동)",08804,03,폐업,,,,02-704-0900,,
,문화와 기술,2020-12-09,195552.716970459,441870.424912863,출판인쇄업,출판사,2026-05-01 22:32:56,I,03,폐업,,,,2020-12-09 17:55:42,,2019-08-22,,서울특별시 관악구 봉천동 ****-* PRAVIDA *** ***호,CDFG1251002019000063,3200000,,"서울특별시 관악구 쑥고개로 ***, PRAVIDA *** ***호 (봉천동)",08787,03,폐업,,,,,,
,고려인터내셔널,2021-04-19,197684.897448139,441101.370585769,출판인쇄업,출판사,2026-05-01 22:32:56,I,03,폐업,,,,2021-04-19 13:41:04,,2019-10-01,,서울특별시 관악구 남현동 ****-* 남현동한일유엔아이*차아파트 ***동 ***호,CDFG1251002019000069,3200000,,"서울특별시 관악구 남현길 ***, ***동 ***호 (남현동, 남현동한일유엔아이*차아파트)",08803,03,폐업,,,,,,
,감비,2024-06-03,194916.781859835,441772.088860527,출판인쇄업,출판사,2026-05-01 22:32:56,I,03,폐업,,,,2024-06-03 15:56:02,,2019-10-01,,서울특별시 관악구 봉천동 **** e편한세상 서울대입구 *단지 ***동 ****호,CDFG1251002019000070,3200000,,"서울특별시 관악구 청룡**길 **, ***동 ****호 (봉천동, e편한세상 서울대입구 *단지)",08830,03,폐업,,,,02-851-8770,,
,올어바웃,2019-12-16,196621.433029988,440647.483891212,출판인쇄업,출판사,2026-05-01 22:32:56,I,03,폐업,,,,2019-12-16 17:15:13,,2019-10-14,,서울특별시 관악구 봉천동 **** 인헌아파트 ***동 ***호,CDFG1251002019000075,3200000,,"서울특별시 관악구 낙성대로**길 **, ***동 ***호 (봉천동, 인헌아파트)",08800,03,폐업,,,,,,
,아람누리 출판사,2023-03-22,196930.204591941,441380.213827262,출판인쇄업,출판사,2026-05-01 22:32:57,I,03,폐업,,,,2023-03-22 10:25:52,,2020-01-17,,서울특별시 관악구 봉천동 ****-*,CDFG1251002020000007,3200000,,서울특별시 관악구 인헌*길 ** (봉천동),08793,03,폐업,,,,,,
,풀다 병원경영연구소,2021-12-03,193072.816901314,440781.733843749,출판인쇄업,출판사,2026-05-01 22:32:57,I,03,폐업,,,,2021-12-06 10:26:48,,2020-02-13,,서울특별시 관악구 신림동 ***-*** *층,CDFG1251002020000015,3200000,,"서울특별시 관악구 난곡로**다길 **, *층 (신림동)",08856,03,폐업,,,,,,
,신한국교육문화사,,200256.998646577,452296.948558634,출판인쇄업,출판사,2026-05-01 22:43:40,I,13,영업중,,0,,2003-02-07 09:13:27,,1988-05-26,110-480,서울특별시 종로구 효제동 ***-*,CDFG1251001988000078,3000000,,서울특별시 종로구 종로**길 **  (효제동),,01,영업/정상,,,,,,
,도서출판 탁사,,197487.622049589,452071.534763593,출판인쇄업,출판사,2026-05-01 22:43:40,I,31,등록취소,,0,0,2003-02-07 09:13:27,,1988-05-30,110-061,서울특별시 종로구 신문로*가 **-** 한글회관***호,CDFG1251001988000079,3000000,,"서울특별시 종로구 새문안로*길 *  (신문로*가,한글회관***호)",,04,취소/말소/만료/정지/중지,,,,22850883,0,0
,한국교연사,,197680.780080175,452016.543891352,출판인쇄업,출판사,2026-05-01 22:43:40,I,13,영업중,,0,,2003-02-07 09:13:27,,1988-06-04,110-061,서울특별시 종로구 신문로*가 ** 대학교육연합회***,CDFG1251001988000081,3000000,,,,01,영업/정상,,,,,,
,시방문화원,,,,출판인쇄업,출판사,2026-05-01 22:43:40,I,13,영업중,,0,,2003-02-07 09:13:27,,1988-06-04,110-100,서울특별시 종로구 교남동 **-*,CDFG1251001988000082,3000000,,서울특별시 종로구 통일로 ***  (교남동),,01,영업/정상,,,,,,
,형상사,,201858.924974779,452292.24548263,출판인쇄업,출판사,2026-05-01 22:43:40,I,13,영업중,,0,,2003-02-07 09:13:27,,1988-06-04,110-825,서울특별시 종로구 숭인동 ***-* 광성빌딩***호,CDFG1251001988000085,3000000,,"서울특별시 종로구 난계로**길 **  (숭인동,광성빌딩***호)",,01,영업/정상,,,,,,
,경영문화원,,198549.377397696,451960.972726138,출판인쇄업,출판사,2026-05-01 22:43:40,I,13,영업중,,0,,2013-12-10 16:34:28,,1988-06-14,110-122,서울특별시 종로구 종로*가 ***-* 삼목빌딩*층,CDFG1251001988000086,3000000,,"서울특별시 종로구 종로 **-*, *층 (종로*가, 삼목빌딩)",,01,영업/정상,,,,,,
,한민족문화사,,197439.931658915,452828.178395202,출판인쇄업,출판사,2026-05-01 22:43:40,I,13,영업중,,0,,2003-02-07 09:13:27,,1988-06-25,110-045,서울특별시 종로구 체부동 **-* 빌딩*층,CDFG1251001988000088,3000000,,"서울특별시 종로구 자하문로 **  (체부동,빌딩*층)",,01,영업/정상,,,,,,
,상경사,,198819.574269631,451942.979071945,출판인쇄업,출판사,2026-05-01 22:43:40,I,31,등록취소,,0,,2003-02-07 09:13:27,,1988-06-25,110-111,서울특별시 종로구 관철동 *-*,CDFG1251001988000089,3000000,,서울특별시 종로구 삼일대로 ***-*  (관철동),,04,취소/말소/만료/정지/중지,,,,,,
,화성사,,201380.675448699,452274.984670591,출판인쇄업,출판사,2026-05-01 22:43:40,I,13,영업중,,0,,2003-02-07 09:13:27,,1988-06-25,110-826,서울특별시 종로구 숭인동 ***-* 대화빌딩***호,CDFG1251001988000090,3000000,,"서울특별시 종로구 종로**길 *  (숭인동,대화빌딩***호)",,01,영업/정상,,,,,,
,용문출판사,,,,출판인쇄업,출판사,2026-05-01 22:43:40,I,13,영업중,,0,,2003-02-07 09:13:27,,1988-06-30,110-121,서울특별시 종로구 종로*가 ** 서울빌딩****호,CDFG1251001988000093,3000000,,,,01,영업/정상,,,,,,
,(주)아트스페이스코리아,,197190.006530926,452977.797821543,출판인쇄업,출판사,2026-05-01 22:43:40,I,13,영업중,,,,2003-12-24 10:28:14,,1988-07-02,110-806,서울특별시 종로구 누하동 ***,CDFG1251001988000094,3000000,,서울특별시 종로구 필운대로 **  (누하동),,01,영업/정상,,,,02-734-7183,,
,동방연서회,,198784.332000708,452406.933381347,출판인쇄업,출판사,2026-05-01 22:43:40,I,13,영업중,,0,,2003-02-07 09:13:27,,1988-07-04,110-310,서울특별시 종로구 경운동 **-**,CDFG1251001988000097,3000000,,서울특별시 종로구 삼일대로 ***  (경운동),,01,영업/정상,,,,,,
,도서출판바리데기,,199574.651915884,452611.045367146,출판인쇄업,출판사,2026-05-01 22:43:55,I,13,영업중,,0,,2003-02-07 09:13:27,,1992-11-05,110-450,서울특별시 종로구 원남동 *** 월금빌딩***호,CDFG1251001992000122,3000000,,"서울특별시 종로구 동순라길 ***  (원남동,월금빌딩***호)",,01,영업/정상,,,,,,
,조국번영출판사,,197353.863104086,453189.841876303,출판인쇄업,출판사,2026-05-01 22:43:55,I,31,등록취소,,0,0,2003-02-07 09:13:27,,1992-11-07,110-043,서울특별시 종로구 통인동 *-* 효자상가*층 **지상 ***,CDFG1251001992000124,3000000,,"서울특별시 종로구 자하문로 **  (통인동,효자상가*층 **지상 ***)",,04,취소/말소/만료/정지/중지,,,,,0,0
,산업안전보건연구소,,198705.005369583,452028.684109561,출판인쇄업,출판사,2026-05-01 22:43:56,I,13,영업중,,0,0,2003-02-07 09:13:27,,1992-11-16,110-290,서울특별시 종로구 인사동 **-* 동양빌딩*층,CDFG1251001992000128,3000000,,"서울특별시 종로구 삼일대로 ***-**  (인사동,동양빌딩*층)",,01,영업/정상,,,,,0,0
,한국에너지법연구소,,,,출판인쇄업,출판사,2026-05-01 22:43:56,I,31,등록취소,,0,0,2003-02-07 09:13:27,,1992-11-16,110-121,서울특별시 종로구 종로*가 *-* 교보빌딩**층**호,CDFG1251001992000129,3000000,,,,04,취소/말소/만료/정지/중지,,,,,0,0
,국선도,,198620.030233937,452547.262117822,출판인쇄업,출판사,2026-05-01 22:43:56,I,13,영업중,,0,,2019-05-20 14:49:15,,1992-11-16,,서울특별시 종로구 관훈동 **-**,CDFG1251001992000131,3000000,,서울특별시 종로구 인사동**길 ** (관훈동),03146,01,영업/정상,,,,02-764-2361,,
,혜림출판사,,198960.202521084,452071.580317103,출판인쇄업,출판사,2026-05-01 22:43:47,I,13,영업중,,0,,2003-02-07 09:13:27,,1990-11-29,110-122,서울특별시 종로구 종로*가 **-*,CDFG1251001990000073,3000000,,서울특별시 종로구 종로**길 **  (종로*가),,01,영업/정상,,,,,,
,성보,,200008.831492823,452291.335627477,출판인쇄업,출판사,2026-05-01 22:43:56,I,13,영업중,,0,,2003-02-07 09:13:27,,1992-11-19,110-470,서울특별시 종로구 연지동 ***-**,CDFG1251001992000133,3000000,,서울특별시 종로구 김상옥로 **  (연지동),,01,영업/정상,,,,,,
,중앙교육연구사,,198852.959716775,452253.942584507,출판인쇄업,출판사,2026-05-01 22:43:47,I,13,영업중,,0,,2003-02-07 09:13:27,,1990-12-15,110-707,서울특별시 종로구 낙원동 ***-* 낙원빌딩***호,CDFG1251001990000076,3000000,,"서울특별시 종로구 삼일대로 ***  (낙원동,낙원빌딩***호)",,01,영업/정상,,,,,,
,(주)효리원,,198691.799418788,452546.547645387,출판인쇄업,출판사,2026-05-01 22:43:47,I,13,영업중,,0,0,2024-01-24 16:38:03,,1990-12-20,,서울특별시 종로구 경운동 ** ***호,CDFG1251001990000077,3000000,,"서울특별시 종로구 삼일대로 ***, ***호 (경운동)",03147,01,영업/정상,,,,02-3675-5222,0,0
,하한출판사,,197319.553362216,453621.456083183,출판인쇄업,출판사,2026-05-01 22:43:47,I,13,영업중,,0,0,2003-02-07 09:13:27,,1990-12-24,110-030,서울특별시 종로구 청운동 ***-** 지층,CDFG1251001990000079,3000000,,"서울특별시 종로구 자하문로 ***-*  (청운동,지층)",,01,영업/정상,,,,,0,0
,(주)와이제이물산,,199914.775758708,452094.38368523,출판인쇄업,출판사,2026-05-01 22:43:47,I,13,영업중,,0,,2003-02-07 09:13:27,,1991-01-10,110-853,서울특별시 종로구 종로*가 *-* 한일빌딩***호,CDFG1251001991000003,3000000,,"서울특별시 종로구 종로 ***  (종로*가,한일빌딩***호)",,01,영업/정상,,,,,,
,장원출판사,,199676.583187765,452452.294226499,출판인쇄업,출판사,2026-05-01 22:43:47,I,13,영업중,,0,0,2003-02-07 09:13:27,,1990-11-16,110-450,서울특별시 종로구 원남동 ***-* 원남빌딩***호,CDFG1251001990000071,3000000,,"서울특별시 종로구 동순라길 **-**  (원남동,원남빌딩***호)",,01,영업/정상,,,,,0,0
,한국인력개발,,198127.421580952,452175.453719092,출판인쇄업,출판사,2026-05-01 22:43:47,I,13,영업중,,0,,2003-02-07 09:13:27,,1991-01-22,110-130,서울특별시 종로구 청진동 ***-* 삼송빌딩***호,CDFG1251001991000005,3000000,,"서울특별시 종로구 종로*길 **  (청진동,삼송빌딩***호)",,01,영업/정상,,,,,,
,화동출판사,,196812.24262726,451785.296574342,출판인쇄업,출판사,2026-05-01 22:43:47,I,13,영업중,,0,,2003-02-07 09:13:27,,1991-02-01,110-100,서울특별시 종로구 교남동 **-* 협신빌딩***호,CDFG1251001991000011,3000000,,"서울특별시 종로구 통일로 ***-*  (교남동,협신빌딩***호)",,01,영업/정상,,,,,,
,하나누리,,198647.455779779,452352.508311786,출판인쇄업,출판사,2026-05-01 22:43:47,I,13,영업중,,0,,2003-02-07 09:13:27,,1991-02-11,110-300,서울특별시 종로구 관훈동 ***-*,CDFG1251001991000012,3000000,,서울특별시 종로구 인사동길 **  (관훈동),,01,영업/정상,,,,,,
,현대미학사,,,,출판인쇄업,출판사,2026-05-01 22:43:47,I,13,영업중,,0,,2003-02-07 09:13:27,,1991-03-12,,서울특별시 종로구  *-* 삼선동*가***,CDFG1251001991000022,3000000,,,,01,영업/정상,,,,,,
,도서출판 보문서원,,200011.442668261,453788.327331795,출판인쇄업,출판사,2026-05-01 22:43:47,I,13,영업중,,,,2013-12-10 17:15:05,,1991-03-20,110-530,서울특별시 종로구 혜화동 **-*,CDFG1251001991000026,3000000,,서울특별시 종로구 혜화로*길 * (혜화동),,01,영업/정상,,,,,,
,불교시대사,2026-03-09,198624.006469032,452310.752960617,출판인쇄업,출판사,2026-05-01 22:43:47,I,15,전출,,0,0,2026-03-09 14:31:44,,1991-03-20,110-718,서울특별시 종로구 관훈동 ***-** 백상빌딩 ****호,CDFG1251001991000027,3000000,,"서울특별시 종로구 인사동*길 **, **층 *호 (관훈동, 백상빌딩)",,05,제외/삭제/전출,,,,02-730-2500,0,0
,형민,,199770.527033228,454174.754880513,출판인쇄업,출판사,2026-05-01 22:43:47,I,13,영업중,,0,,2003-02-07 09:13:27,,1991-03-28,110-521,서울특별시 종로구 명륜*가 *-* 지하*층,CDFG1251001991000030,3000000,,"서울특별시 종로구 성균관로 **  (명륜*가,지하*층)",,01,영업/정상,,,,,,
,공간문학사,,201364.016891795,452297.758597168,출판인쇄업,출판사,2026-05-01 22:43:47,I,13,영업중,,0,,2003-02-07 09:13:27,,1991-04-03,110-826,서울특별시 종로구 숭인동 ***-* 욱영빌딩***호,CDFG1251001991000033,3000000,,"서울특별시 종로구 종로 ***  (숭인동,욱영빌딩***호)",,01,영업/정상,,,,,,
,연필화,,198781.691802157,452210.241271704,출판인쇄업,출판사,2026-05-01 22:43:47,I,13,영업중,,0,,2013-12-10 17:17:39,,1991-04-13,110-290,서울특별시 종로구 인사동 **-* 인사빌딩 ***호,CDFG1251001991000034,3000000,,서울특별시 종로구 인사동길 ** (인사동),,01,영업/정상,,,,02-0000-0000,,
,정훈사,,198713.721333434,452278.103938912,출판인쇄업,출판사,2026-05-01 22:43:47,I,13,영업중,,0,,2003-02-07 09:13:27,,1991-04-19,110-290,서울특별시 종로구 인사동 ***-* 동일빌딩***호,CDFG1251001991000035,3000000,,"서울특별시 종로구 인사동길 **  (인사동,동일빌딩***호)",,01,영업/정상,,,,,,
,(주)에스케이산업,,198967.485585703,451963.629526849,출판인쇄업,출판사,2026-05-01 22:43:47,I,13,영업중,,0,,2003-02-07 09:13:27,,1991-04-20,110-122,서울특별시 종로구 종로*가 **-*,CDFG1251001991000037,3000000,,서울특별시 종로구 종로 ***  (종로*가),,01,영업/정상,,,,,,
,도서출판 다민,,200727.757257701,452288.005756481,출판인쇄업,출판사,2026-05-01 22:43:47,I,13,영업중,,0,,2003-02-07 09:13:27,,1991-05-02,110-843,서울특별시 종로구 창신동 ***-**,CDFG1251001991000043,3000000,,,,01,영업/정상,,,,36752125,,
,도서출판 한국시사,,198913.496136105,452416.170780139,출판인쇄업,출판사,2026-05-01 22:43:47,I,13,영업중,,0,,2003-02-07 09:13:27,,1991-05-06,110-320,서울특별시 종로구 낙원동 **-* 종로오피스텔 *층 ***호,CDFG1251001991000044,3000000,,"서울특별시 종로구 삼일대로**길 **  (낙원동,종로오피스텔 *층 ***호)",,01,영업/정상,,,,,,
,(주)기업문화연구원,,199250.627130284,452229.106961102,출판인쇄업,출판사,2026-05-01 22:43:47,I,31,등록취소,,0,0,2003-02-07 09:13:27,,1991-05-08,110-390,서울특별시 종로구 봉익동 **-* 보석빌딩 *층,CDFG1251001991000045,3000000,,"서울특별시 종로구 돈화문로*나길 **  (봉익동,보석빌딩 *층)",,04,취소/말소/만료/정지/중지,,,,,0,0
,열림마당,,,,출판인쇄업,출판사,2026-05-01 22:43:47,I,13,영업중,,0,0,2003-02-07 09:13:27,,1991-05-12,110-121,서울특별시 종로구 종로*가 **-* ***호,CDFG1251001991000047,3000000,,,,01,영업/정상,,,,,0,0
,도서출판국도,,201677.938265361,452378.976148543,출판인쇄업,출판사,2026-05-01 22:43:47,I,31,등록취소,,0,0,2003-02-07 09:13:27,,1991-05-29,110-825,서울특별시 종로구 숭인동 ***-** 금호빌딩 ***호,CDFG1251001991000051,3000000,,"서울특별시 종로구 난계로**길 **  (숭인동,금호빌딩 ***호)",,04,취소/말소/만료/정지/중지,,,,,0,0
,열린불교,,198166.802447753,452232.545588872,출판인쇄업,출판사,2026-05-01 22:43:48,I,13,영업중,,0,,2003-02-07 09:13:27,,1991-06-15,110-130,서울특별시 종로구 청진동 ***-*,CDFG1251001991000055,3000000,,,,01,영업/정상,,,,,,
,에디터,,197637.6027446,452274.751389446,출판인쇄업,출판사,2026-05-01 22:43:48,I,31,등록취소,,0,0,2003-02-07 09:13:27,,1991-06-18,110-070,서울특별시 종로구 내수동 *-* 대성빌딩 ***,CDFG1251001991000057,3000000,,"서울특별시 종로구 새문안로*가길 *  (내수동,대성빌딩 ***)",,04,취소/말소/만료/정지/중지,,,,,0,0
,도서출판 이소,,199221.509430179,451851.540972503,출판인쇄업,출판사,2026-05-01 22:43:48,I,31,등록취소,,0,0,2003-02-07 09:13:27,,1991-06-29,110-420,서울특별시 종로구 관수동 **-* 영일빌딩 ***,CDFG1251001991000062,3000000,,"서울특별시 종로구 돈화문로 *-*  (관수동,영일빌딩 ***)",,04,취소/말소/만료/정지/중지,,,,,0,0
,(주)한국베아제,,200200.915826621,452595.605444386,출판인쇄업,출판사,2026-05-01 22:43:48,I,13,영업중,,0,,2003-02-07 09:13:27,,1991-07-06,110-500,서울특별시 종로구 이화동 *** 신한빌딩***호,CDFG1251001991000063,3000000,,"서울특별시 종로구 율곡로**길 *  (이화동,신한빌딩***호)",,01,영업/정상,,,,,,
,(재)서울기독교청년회유지재단,,198630.79627088,452035.412646906,출판인쇄업,출판사,2026-05-01 22:43:48,I,13,영업중,,,,2017-08-14 11:49:20,,1991-07-10,110-122,서울특별시 종로구 종로*가 *-* ***호,CDFG1251001991000064,3000000,,"서울특별시 종로구 종로 ** (종로*가,***호)",,01,영업/정상,,,,02-733-1187,,
,수기획,,,,출판인쇄업,출판사,2026-05-01 22:43:48,I,13,영업중,,0,,2003-02-07 09:13:27,,1991-07-15,110-111,서울특별시 종로구 관철동 **-*,CDFG1251001991000065,3000000,,,,01,영업/정상,,,,,,
,문학예술,,198803.258579457,452356.426758946,출판인쇄업,출판사,2026-05-01 22:43:48,I,13,영업중,,0,,2003-02-07 09:13:27,,1991-07-15,110-320,서울특별시 종로구 낙원동 ***-* 건국*호빌딩***-*,CDFG1251001991000066,3000000,,"서울특별시 종로구 삼일대로 ***  (낙원동,건국*호빌딩***-*)",,01,영업/정상,,,,,,
,(주)북아뜨리에,,198467.712974372,452623.282097869,출판인쇄업,출판사,2026-05-01 22:43:48,I,31,등록취소,,0,,2003-02-07 09:13:27,,1991-07-16,110-240,서울특별시 종로구 안국동 ***-**,CDFG1251001991000067,3000000,,서울특별시 종로구 율곡로 **  (안국동),,04,취소/말소/만료/정지/중지,,,,,,
,주식회사 월간에세이,,198624.006469032,452310.752960617,출판인쇄업,출판사,2026-05-01 22:43:48,I,13,영업중,,0,0,2011-07-04 14:22:09,,1991-07-27,110-718,서울특별시 종로구 관훈동 ***-** 백상빌딩*층*호,CDFG1251001991000071,3000000,,"서울특별시 종로구 인사동*길 **  (관훈동,백상빌딩*층*호)",,01,영업/정상,,,,02-730-3205,0,0
,중앙교육입시연구원,,,,출판인쇄업,출판사,2026-05-01 22:43:48,I,31,등록취소,,0,0,2003-02-07 09:13:27,,1991-08-19,110-091,서울특별시 종로구 행촌동 **-*,CDFG1251001991000077,3000000,,서울특별시 종로구 송월길 ***-*  (행촌동),,04,취소/말소/만료/정지/중지,,,,,0,0
,문장연구사,,,,출판인쇄업,출판사,2026-05-01 22:43:48,I,31,등록취소,,0,0,2003-02-07 09:13:27,,1991-08-23,110-130,서울특별시 종로구 청진동 ***-*,CDFG1251001991000081,3000000,,,,04,취소/말소/만료/정지/중지,,,,22977190,0,0
,새로운 제안,,198457.208292267,452339.530424899,출판인쇄업,출판사,2026-05-01 22:43:48,I,31,등록취소,,0,0,2003-02-07 09:13:27,,1991-10-04,110-170,서울특별시 종로구 견지동 **-* 서흥빌딩 *층동,CDFG1251001991000086,3000000,,"서울특별시 종로구 우정국로 **, *층동 (견지동,서흥빌딩)",,04,취소/말소/만료/정지/중지,,,,22389740,0,0
,도서출판 무수막,,200185.76924588,452476.203071522,출판인쇄업,출판사,2026-05-01 22:43:48,I,13,영업중,,0,,2003-02-07 09:13:27,,1991-10-05,110-850,서울특별시 종로구 효제동 ** 정화빌딩*층,CDFG1251001991000088,3000000,,"서울특별시 종로구 대학로 **-**  (효제동,정화빌딩*층)",,01,영업/정상,,,,,,
,문화지평,,201881.713401038,452351.369151912,출판인쇄업,출판사,2026-05-01 22:43:49,I,13,영업중,,0,,2003-02-07 09:13:27,,1991-10-25,110-829,서울특별시 종로구 숭인동 ****-* 숭신빌딩***호,CDFG1251001991000091,3000000,,"서울특별시 종로구 종로**길 **  (숭인동,숭신빌딩***호)",,01,영업/정상,,,,,,
,성문예술사,,198723.164474045,452314.993170674,출판인쇄업,출판사,2026-05-01 22:43:50,I,13,영업중,,0,,2003-02-07 09:13:27,,1991-11-19,110-290,서울특별시 종로구 인사동 **-*,CDFG1251001991000096,3000000,,서울특별시 종로구 인사동*길 *  (인사동),,01,영업/정상,,,,,,
,미술신문사,,198784.332000708,452406.933381347,출판인쇄업,출판사,2026-05-01 22:43:51,I,13,영업중,,0,,2003-02-07 09:13:27,,1991-11-20,110-310,서울특별시 종로구 경운동 **-** 건국*호빌딩***호,CDFG1251001991000098,3000000,,"서울특별시 종로구 삼일대로 ***  (경운동,건국*호빌딩***호)",,01,영업/정상,,,,,,
,도서출판원,,198744.504305079,452324.145951504,출판인쇄업,출판사,2026-05-01 22:43:51,I,31,등록취소,,0,,2003-02-07 09:13:27,,1991-12-06,110-290,서울특별시 종로구 인사동 **,CDFG1251001991000103,3000000,,서울특별시 종로구 인사동*길 *  (인사동),,04,취소/말소/만료/정지/중지,,,,,,
,노벨어학연구사,,201410.851444264,452429.447993584,출판인쇄업,출판사,2026-05-01 22:43:51,I,13,영업중,,0,,2003-02-07 09:13:27,,1991-12-13,110-824,서울특별시 종로구 숭인동 **-** 희정빌딩*층,CDFG1251001991000104,3000000,,"서울특별시 종로구 종로**길 **  (숭인동,희정빌딩*층)",,01,영업/정상,,,,,,
,녹색평론사,,199090.41076982,452725.878400645,출판인쇄업,출판사,2026-05-01 22:43:51,I,13,영업중,,,,2020-07-08 16:07:00,,1991-09-17,110-360,서울특별시 종로구 와룡동 ***-* 동원빌딩 ***호,CDFG1251001991000106,3000000,,"서울특별시 종로구 돈화문로 **, ***호 (와룡동, 동원빌딩)",,01,영업/정상,,,,02-738-0663,,
,책나라,,199142.197911318,452040.442392765,출판인쇄업,출판사,2026-05-01 22:43:52,I,31,등록취소,,0,,2003-02-07 09:13:27,,1992-01-07,110-123,서울특별시 종로구 종로*가 ** 연호빌딩***호,CDFG1251001992000002,3000000,,"서울특별시 종로구 종로 ***-*  (종로*가,연호빌딩***호)",,04,취소/말소/만료/정지/중지,,,,,,
,도서출판 감로,,198347.274105116,452536.876742889,출판인쇄업,출판사,2026-05-01 22:43:52,I,13,영업중,,0,,2018-03-28 14:53:44,,1992-01-20,,서울특별시 종로구 수송동 **-*,CDFG1251001992000005,3000000,,서울특별시 종로구 율곡로*길 * (수송동),03144,01,영업/정상,,,,02-723-4306,,
,(재)한국통신문화재단,,197836.22031212,451932.36673738,출판인쇄업,출판사,2026-05-01 22:43:47,I,31,등록취소,,0,0,2003-02-07 09:13:27,,1990-11-28,110-822,서울특별시 종로구 세종로 ***-*,CDFG1251001990000072,3000000,,서울특별시 종로구 세종대로 ***  (세종로),,04,취소/말소/만료/정지/중지,,,,,0,0
,한얼문화사,,,,출판인쇄업,출판사,2026-05-01 22:43:52,I,13,영업중,,0,,2003-02-07 09:13:27,,1992-01-20,110-827,서울특별시 종로구 숭인동 ***-* *층,CDFG1251001992000007,3000000,,,,01,영업/정상,,,,,,
,도서출판 (주)학수정,,199932.22272299,453488.472209976,출판인쇄업,출판사,2026-05-01 22:43:52,I,31,등록취소,,0,,2003-02-07 09:13:27,,1992-01-22,110-522,서울특별시 종로구 명륜*가 **-*,CDFG1251001992000009,3000000,,서울특별시 종로구 창경궁로 ***  (명륜*가),,04,취소/말소/만료/정지/중지,,,,,,
,영가문화사,,198913.496136105,452416.170780139,출판인쇄업,출판사,2026-05-01 22:43:52,I,13,영업중,,0,0,2003-02-07 09:13:27,,1992-02-12,110-320,서울특별시 종로구 낙원동 **-* 종로오피스텔 ***호,CDFG1251001992000012,3000000,,"서울특별시 종로구 삼일대로**길 **  (낙원동,종로오피스텔 ***호)",,01,영업/정상,,,,36730650,0,0
,(주)인피니트그룹,,198467.712974372,452623.282097869,출판인쇄업,출판사,2026-05-01 22:43:52,I,13,영업중,,0,,2003-02-07 09:13:27,,1992-02-20,110-734,서울특별시 종로구 안국동 ***-** 안국빌딩**호,CDFG1251001992000016,3000000,,"서울특별시 종로구 율곡로 **  (안국동,안국빌딩**호)",,01,영업/정상,,,,,,
,관훈미술기획,,198748.523634969,452197.557781487,출판인쇄업,출판사,2026-05-01 22:43:52,I,13,영업중,,,,2004-06-22 15:26:48,,1992-03-02,110-290,서울특별시 종로구 인사동 ***,CDFG1251001992000019,3000000,,서울특별시 종로구 인사동길 **  (인사동),,01,영업/정상,,,,02-737-3283,,
,광명출판사,,201364.016891795,452297.758597168,출판인쇄업,출판사,2026-05-01 22:43:52,I,13,영업중,,0,,2003-02-07 09:13:27,,1992-03-05,110-826,서울특별시 종로구 숭인동 ***-* 욱영빌딩***호,CDFG1251001992000020,3000000,,"서울특별시 종로구 종로 ***  (숭인동,욱영빌딩***호)",,01,영업/정상,,,,,,
,성심필방,,,,출판인쇄업,출판사,2026-05-01 22:43:52,I,13,영업중,,0,,2003-02-07 09:13:27,,1992-03-09,110-160,서울특별시 종로구 공평동 **-*,CDFG1251001992000021,3000000,,서울특별시 종로구 우정국로 **-*  (공평동),,01,영업/정상,,,,,,
,학예출판사,,198852.959716775,452253.942584507,출판인쇄업,출판사,2026-05-01 22:43:52,I,31,등록취소,,0,0,2003-02-07 09:13:27,,1992-03-09,110-707,서울특별시 종로구 낙원동 ***-* 낙원빌딩***호,CDFG1251001992000023,3000000,,"서울특별시 종로구 삼일대로 ***  (낙원동,낙원빌딩***호)",,04,취소/말소/만료/정지/중지,,,,,0,0
,중앙맵핑사,,198342.219430772,452565.758843258,출판인쇄업,출판사,2026-05-01 22:43:52,I,13,영업중,,0,,2003-02-07 09:13:27,,1992-03-18,110-140,서울특별시 종로구 수송동 **-*,CDFG1251001992000025,3000000,,서울특별시 종로구 율곡로 **  (수송동),,01,영업/정상,,,,,,
,(사)율곡사상연구원,,199605.49511328,452588.063130721,출판인쇄업,출판사,2026-05-01 22:43:52,I,13,영업중,,0,,2011-12-01 13:22:37,,1992-03-25,110-450,서울특별시 종로구 원남동 ***-* 창곡빌딩***호,CDFG1251001992000028,3000000,,"서울특별시 종로구 창경궁로**길 **-*  (원남동,창곡빌딩***호)",,01,영업/정상,,,,,,
,미래원,,198783.662701312,452122.430070163,출판인쇄업,출판사,2026-05-01 22:43:52,I,13,영업중,,0,,2003-02-07 09:13:27,,1992-03-31,110-290,서울특별시 종로구 인사동 ***-* 파고다빌딩***호,CDFG1251001992000030,3000000,,"서울특별시 종로구 인사동길 *  (인사동,파고다빌딩***호)",,01,영업/정상,,,,,,
,유니버스,,198950.620821479,452163.69208989,출판인쇄업,출판사,2026-05-01 22:43:53,I,13,영업중,,,,2004-11-25 09:53:30,,1992-04-07,110-320,서울특별시 종로구 낙원동 *** 나스빌***호,CDFG1251001992000034,3000000,,"서울특별시 종로구 수표로 ***  (낙원동,나스빌***호)",,01,영업/정상,,,,02-3672-5042,,
,두지출판사,,,,출판인쇄업,출판사,2026-05-01 22:43:53,I,13,영업중,,0,0,2003-02-07 09:13:27,,1992-04-16,110-061,서울특별시 종로구 신문로*가 ***-*,CDFG1251001992000036,3000000,,,,01,영업/정상,,,,,0,0
,정인,,198979.758847796,451921.59918378,출판인쇄업,출판사,2026-05-01 22:43:53,I,13,영업중,,0,,2003-02-07 09:13:27,,1992-04-16,110-420,서울특별시 종로구 관수동 *-* ***호,CDFG1251001992000037,3000000,,"서울특별시 종로구 수표로 **-*  (관수동,***호)",,01,영업/정상,,,,,,
,도서출판데이타리서치,,199893.873582888,453955.349593049,출판인쇄업,출판사,2026-05-01 22:43:53,I,31,등록취소,,0,0,2003-02-07 09:13:27,,1992-04-24,110-521,서울특별시 종로구 명륜*가 **-*,CDFG1251001992000039,3000000,,서울특별시 종로구 혜화로*길 *  (명륜*가),,04,취소/말소/만료/정지/중지,,,,34861444,0,0
,대영문화기획,,,,출판인쇄업,출판사,2026-05-01 22:43:53,I,13,영업중,,0,,2003-02-07 09:13:27,,1992-05-01,110-070,서울특별시 종로구 내수동 ***-*,CDFG1251001992000042,3000000,,,,01,영업/정상,,,,,,
,이회문화사,,200172.235099267,452489.272398617,출판인쇄업,출판사,2026-05-01 22:43:53,I,31,등록취소,,0,0,2003-02-07 09:13:27,,1992-05-02,110-850,서울특별시 종로구 효제동 **-*,CDFG1251001992000043,3000000,,서울특별시 종로구 대학로 **-*  (효제동),,04,취소/말소/만료/정지/중지,,,,,0,0
,(주)동방에스앤씨,,198624.006469032,452310.752960617,출판인쇄업,출판사,2026-05-01 22:43:53,I,13,영업중,,,,2020-08-13 15:40:58,,1992-05-14,110-718,서울특별시 종로구 관훈동 ***-** 백상빌딩 **층,CDFG1251001992000047,3000000,,"서울특별시 종로구 인사동*길 ** (관훈동,백상빌딩 **층)",,01,영업/정상,,,,,,
,정우북스,,198324.653631679,452252.812389497,출판인쇄업,출판사,2026-05-01 22:43:53,I,13,영업중,,,,2020-03-19 08:44:30,,1992-05-16,,서울특별시 종로구 수송동 **,CDFG1251001992000048,3000000,,"서울특별시 종로구 삼봉로 **, ****호 (수송동, 두산위브파빌리온)",03150,01,영업/정상,,,,,,
,도서출판 보성문화사,,,,출판인쇄업,출판사,2026-05-01 22:43:53,I,31,등록취소,,0,0,2003-02-07 09:13:27,,1992-05-18,110-061,서울특별시 종로구 신문로*가 **-* 비제바노빌딩 ***,CDFG1251001992000050,3000000,,,,04,취소/말소/만료/정지/중지,,,,,0,0
,민족문화출판사,,,,출판인쇄업,출판사,2026-05-01 22:43:53,I,13,영업중,,0,,2003-02-07 09:13:27,,1992-05-26,110-051,서울특별시 종로구 도렴동 ***-* 삼육빌딩***호,CDFG1251001992000051,3000000,,,,01,영업/정상,,,,,,
,(주)개인미래정보,,198713.721333434,452278.103938912,출판인쇄업,출판사,2026-05-01 22:43:53,I,13,영업중,,0,,2003-02-07 09:13:27,,1992-05-26,110-290,서울특별시 종로구 인사동 *** 동일빌딩***호,CDFG1251001992000052,3000000,,"서울특별시 종로구 인사동길 **  (인사동,동일빌딩***호)",,01,영업/정상,,,,,,
,전인출판사,,198296.878758885,453881.315042773,출판인쇄업,출판사,2026-05-01 22:43:53,I,13,영업중,,0,,2003-02-07 09:13:27,,1992-05-26,110-230,서울특별시 종로구 삼청동 ***-*,CDFG1251001992000053,3000000,,서울특별시 종로구 삼청로 ***-*  (삼청동),,01,영업/정상,,,,,,
,공간예술사,,197245.494046903,452668.607698393,출판인쇄업,출판사,2026-05-01 22:43:53,I,13,영업중,,0,,2019-07-01 10:31:38,,1992-05-26,,서울특별시 종로구 필운동 ***,CDFG1251001992000056,3000000,,"서울특별시 종로구 사직로 **, ***호 (필운동)",03041,01,영업/정상,,,,02-737-1020,,
,도서출판 인아,,199848.60195584,452591.308282827,출판인쇄업,출판사,2026-05-01 22:43:53,I,13,영업중,,0,,2009-08-06 14:56:46,,1992-06-01,,서울특별시 종로구 원남동 **-* ***호,CDFG1251001992000057,3000000,,"서울특별시 종로구 창경궁로**길 **,  ***호 (원남동)",,01,영업/정상,,,,02-737-9690,,
,규장각,,,,출판인쇄업,출판사,2026-05-01 22:43:53,I,13,영업중,,0,,2003-02-07 09:13:27,,1992-06-02,110-170,서울특별시 종로구 견지동 ***-**,CDFG1251001992000059,3000000,,,,01,영업/정상,,,,,,
,도서출판 학전,,200259.762502776,453309.399383479,출판인쇄업,출판사,2026-05-01 22:43:53,I,13,영업중,,,,2007-02-01 17:11:22,,1992-06-08,110-809,서울특별시 종로구 동숭동 *-** 삼광빌딩*층,CDFG1251001992000064,3000000,,"서울특별시 종로구 대학로**길 **  (동숭동,삼광빌딩*층)",,01,영업/정상,,,,,,
,내외성서,,,,출판인쇄업,출판사,2026-05-01 22:43:54,I,13,영업중,,0,,2003-02-07 09:13:27,,1992-06-18,110-827,서울특별시 종로구 숭인동 ***-*,CDFG1251001992000068,3000000,,,,01,영업/정상,,,,,,
,손길,,198990.328219681,451812.244811783,출판인쇄업,출판사,2026-05-01 22:43:54,I,13,영업중,,0,,2003-02-07 09:13:27,,1992-06-24,110-420,서울특별시 종로구 관수동 ***-*,CDFG1251001992000069,3000000,,서울특별시 종로구 수표로 **  (관수동),,01,영업/정상,,,,,,
,(주)한국전화번호부,,198204.837322667,452293.432531176,출판인쇄업,출판사,2026-05-01 22:43:54,I,31,등록취소,,0,,2003-02-07 09:13:27,,1992-07-11,110-140,서울특별시 종로구 수송동 **-*,CDFG1251001992000077,3000000,,서울특별시 종로구 종로*길 **  (수송동),,04,취소/말소/만료/정지/중지,,,,32742303,,
,호반출판사,,200811.318235927,451999.888435992,출판인쇄업,출판사,2026-05-01 22:43:54,I,13,영업중,,0,,2003-02-07 09:13:27,,1992-07-21,110-842,서울특별시 종로구 창신동 ***-** 동녕빌딩***호,CDFG1251001992000080,3000000,,"서울특별시 종로구 율곡로 ***  (창신동,동녕빌딩***호)",,01,영업/정상,,,,,,
,고려출판사,2026-04-07,201210.315447801,452155.069108999,출판인쇄업,출판사,2026-05-01 22:43:54,I,03,폐업,,0,0,2026-04-07 13:16:01,,1992-07-22,110-841,서울특별시 종로구 창신동 ***-**,CDFG1251001992000081,3000000,,서울특별시 종로구 종로**길 **-**  (창신동),,03,폐업,,,,,0,0
,삼공출판사,,198403.062908229,452180.670203793,출판인쇄업,출판사,2026-05-01 22:43:54,I,13,영업중,,0,,2003-02-07 09:13:27,,1992-08-13,110-160,서울특별시 종로구 공평동 ***,CDFG1251001992000085,3000000,,서울특별시 종로구 삼봉로 ***  (공평동),,01,영업/정상,,,,,,
,이솝,,199024.157836526,452271.413337643,출판인쇄업,출판사,2026-05-01 22:43:54,I,13,영업중,,0,,2003-02-07 09:13:27,,1992-08-24,110-320,서울특별시 종로구 낙원동 ***-*,CDFG1251001992000087,3000000,,서울특별시 종로구 돈화문로**길 **  (낙원동),,01,영업/정상,,,,,,
,(주)엔.엠 기획,,197704.136693111,456670.79610764,출판인쇄업,출판사,2026-05-01 22:43:54,I,13,영업중,,0,,2003-02-07 09:13:27,,1992-08-31,110-848,서울특별시 종로구 평창동 ***-*,CDFG1251001992000091,3000000,,서울특별시 종로구 평창**길 **  (평창동),,01,영업/정상,,,,,,
,도서출판 자유사,,197398.449116783,452068.544653453,출판인쇄업,출판사,2026-05-01 22:43:54,I,31,등록취소,,0,0,2003-02-07 09:13:27,,1992-09-04,110-062,서울특별시 종로구 신문로*가 *-*** 어문연구원건물*층,CDFG1251001992000092,3000000,,"서울특별시 종로구 경희궁*길 *  (신문로*가,어문연구원건물*층)",,04,취소/말소/만료/정지/중지,,,,,0,0
,한국사회경영씨스템,,200903.906497855,452234.557015515,출판인쇄업,출판사,2026-05-01 22:43:54,I,13,영업중,,0,,2003-02-07 09:13:27,,1992-09-05,110-855,서울특별시 종로구 창신동 ***-* 동대문맨숀***호,CDFG1251001992000093,3000000,,"서울특별시 종로구 창신길 **  (창신동,동대문맨숀***호)",,01,영업/정상,,,,,,
,작은평화,,200412.906034237,452649.524285999,출판인쇄업,출판사,2026-05-01 22:43:55,I,31,등록취소,,0,,2003-02-07 09:13:27,,1992-09-29,110-500,서울특별시 종로구 이화동 **-*,CDFG1251001992000100,3000000,,서울특별시 종로구 율곡로**길 *-**  (이화동),,04,취소/말소/만료/정지/중지,,,,,,
,(주)동화엔담,,198594.308614563,452255.899868234,출판인쇄업,출판사,2026-05-01 22:43:55,I,13,영업중,,0,,2003-02-07 09:13:27,,1992-10-07,110-300,서울특별시 종로구 관훈동 ***-* 홍익빌딩*층,CDFG1251001992000102,3000000,,"서울특별시 종로구 인사동*길 **  (관훈동,홍익빌딩*층)",,01,영업/정상,,,,,,
,시사중국어사,,,,출판인쇄업,출판사,2026-05-01 22:43:55,I,13,영업중,,0,,2003-02-07 09:13:27,,1992-10-10,110-121,서울특별시 종로구 종로*가 **-* 서울빌딩***호,CDFG1251001992000105,3000000,,,,01,영업/정상,,,,,,
,세도,,199093.10515902,452268.928324832,출판인쇄업,출판사,2026-05-01 22:43:55,I,13,영업중,,0,,2003-02-07 09:13:27,,1992-10-23,110-807,서울특별시 종로구 돈의동 **-* 삼도빌딩***호,CDFG1251001992000113,3000000,,"서울특별시 종로구 돈화문로**길 **  (돈의동,삼도빌딩***호)",,01,영업/정상,,,,,,
,연세학원교육자료연구,,201722.068673348,452311.527490922,출판인쇄업,출판사,2026-05-01 22:43:55,I,13,영업중,,0,,2003-02-07 09:13:27,,1992-10-27,110-826,서울특별시 종로구 숭인동 ***-** 강남빌딩***호,CDFG1251001992000116,3000000,,"서울특별시 종로구 종로**가길 **  (숭인동,강남빌딩***호)",,01,영업/정상,,,,,,
,사회교육연구회,,197572.926819836,452660.324628853,출판인쇄업,출판사,2026-05-01 22:43:55,I,13,영업중,,0,,2003-02-07 09:13:27,,1992-10-27,110-052,서울특별시 종로구 적선동 **-* 건물***호,CDFG1251001992000117,3000000,,"서울특별시 종로구 사직로 ***-*  (적선동,건물***호)",,01,영업/정상,,,,,,
,도서출판 유한,,201192.534300327,452436.247037246,출판인쇄업,출판사,2026-05-01 22:43:56,I,13,영업중,,0,0,2005-04-06 13:10:40,,1992-11-25,110-757,서울특별시 종로구 창신동 *** 두산아파트 ***동 ***호,CDFG1251001992000135,3000000,,"서울특별시 종로구 지봉로*길 *, ***동 ***호 (창신동,두산아파트)",,01,영업/정상,,,,02-766-1686,0,0
,한글문화연구회출판부,,,,출판인쇄업,출판사,2026-05-01 22:43:56,I,13,영업중,,,,2005-03-28 11:28:10,,1992-12-10,110-805,서울특별시 종로구 누하동 **-*,CDFG1251001992000138,3000000,,,,01,영업/정상,,,,02-722-1824,,
,도서출판매일문화출판사,,197607.398336321,452120.026024435,출판인쇄업,출판사,2026-05-01 22:43:56,I,31,등록취소,,0,0,2003-02-07 09:13:27,,1992-12-15,110-071,서울특별시 종로구 당주동 ***-*,CDFG1251001992000139,3000000,,서울특별시 종로구 세종대로**길 **  (당주동),,04,취소/말소/만료/정지/중지,,,,,0,0
,도서출판 성문당,,201853.268380126,452392.927257206,출판인쇄업,출판사,2026-05-01 22:43:56,I,31,등록취소,,0,0,2003-02-07 09:13:27,,1993-01-29,110-825,서울특별시 종로구 숭인동 ***-** 삼일빌딩 ***호,CDFG1251001993000008,3000000,,"서울특별시 종로구 종로**가길 *  (숭인동,삼일빌딩 ***호)",,04,취소/말소/만료/정지/중지,,,,,0,0
,물결출판사,,198781.691802157,452210.241271704,출판인쇄업,출판사,2026-05-01 22:43:57,I,13,영업중,,0,,2003-02-07 09:13:27,,1993-02-15,110-290,서울특별시 종로구 인사동 **-* 인사빌딩***호,CDFG1251001993000013,3000000,,,,01,영업/정상,,,,,,
,도서출판한가람,,201684.94301241,452360.671366747,출판인쇄업,출판사,2026-05-01 22:43:56,I,13,영업중,,0,,2003-02-07 09:13:27,,1992-12-16,110-826,서울특별시 종로구 숭인동 ***-** 동흥빌딩***호,CDFG1251001992000140,3000000,,"서울특별시 종로구 난계로**길 **  (숭인동,동흥빌딩***호)",,01,영업/정상,,,,,,
,도서출판 성균관대학교 법학연구원,,199554.074424085,453721.462706742,출판인쇄업,출판사,2026-05-01 22:43:56,I,13,영업중,,,,2017-05-15 10:52:18,,1992-12-22,110-745,서울특별시 종로구 명륜*가 **,CDFG1251001992000144,3000000,,서울특별시 종로구 성균관로 **-* (명륜*가),,01,영업/정상,,,,02-760-1288,,
,도서출판 시유시,,197567.93800572,452276.454633376,출판인쇄업,출판사,2026-05-01 22:43:56,I,31,등록취소,,0,0,2003-02-07 09:13:27,,1992-12-24,110-719,서울특별시 종로구 내수동 ***-* 대우빌딩***,CDFG1251001992000147,3000000,,"서울특별시 종로구 새문안로*길 **  (내수동,대우빌딩***)",,04,취소/말소/만료/정지/중지,,,,,0,0
,차세대출판사,,197468.041276125,455046.003604695,출판인쇄업,출판사,2026-05-01 22:43:56,I,13,영업중,,,,2008-09-08 18:23:22,,1992-07-13,110-816,서울특별시 종로구 부암동 **,CDFG1251001992000148,3000000,,서울특별시 종로구 백석동*길 **  (부암동),,01,영업/정상,,,,,,
,한국시험정보원,,198771.579346137,452119.53627838,출판인쇄업,출판사,2026-05-01 22:43:56,I,13,영업중,,0,,2003-02-07 09:13:27,,1993-01-18,110-290,서울특별시 종로구 인사동 ***-* 해봉빌딩***호,CDFG1251001993000005,3000000,,"서울특별시 종로구 인사동*길 *  (인사동,해봉빌딩***호)",,01,영업/정상,,,,,,
,가인사,,198390.620857476,452529.543697949,출판인쇄업,출판사,2026-05-01 22:43:57,I,13,영업중,,0,,2003-02-07 09:13:27,,1993-02-17,110-170,서울특별시 종로구 견지동 **-* 정문문화사*층,CDFG1251001993000014,3000000,,"서울특별시 종로구 우정국로 **  (견지동,정문문화사*층)",,01,영업/정상,,,,,,
,사건과 사람들,2014-12-22,157096.230636516,459582.682252231,출판인쇄업,출판사,2026-05-01 22:42:28,I,03,폐업,,,,2015-08-26 10:46:20,,2010-05-14,,인천광역시 강화군 길상면 초지리 ***-*,CDFG1251002010000001,3570000,,인천광역시 강화군 길상면 길상로 **-*,23049,03,폐업,,,,,,
근린생활시설,한·영·중·일 동시 실용교육연구원,2015-07-28,143890.171189791,464862.006629218,출판인쇄업,출판사,2026-05-01 22:42:28,I,03,폐업,,93.75,,2015-07-28 18:51:16,,2011-04-25,417-911,인천광역시 강화군 삼산면 석포리 ***-*,CDFG1251002011000003,3570000,,인천광역시 강화군 삼산면 삼산남로 ***,,03,폐업,,,,,1,
단독주택,도서출판 나숨,2015-07-24,155433.950416909,465716.292463246,출판인쇄업,출판사,2026-05-01 22:42:28,I,03,폐업,,109.8,1,2015-11-26 14:40:02,,2011-09-05,417-831,인천광역시 강화군 불은면 고능리 ***-*,CDFG1251002011000005,3570000,관리지역,인천광역시 강화군 불은면 고능로***번길 **,,03,폐업,기타,,,032-934-0320,,
,늘품기획,2014-10-29,154032.646157673,471973.218853026,출판인쇄업,출판사,2026-05-01 22:42:28,I,03,폐업,,,,2014-11-03 13:06:53,,2011-11-03,417-803,인천광역시 강화군 강화읍 관청리 ***-*,CDFG1251002011000007,3570000,,인천광역시 강화군 강화읍 강화대로 ***,,03,폐업,,,,032-933-9878,,
단독주택,도서출판 미디어집,2022-05-11,157184.072783248,464414.071871268,출판인쇄업,출판사,2026-05-01 22:42:28,I,03,폐업,,165.55,1,2022-05-12 20:57:58,,2014-06-11,,인천광역시 강화군 불은면 오두리 **-*,CDFG1251002014000004,3570000,관리지역,인천광역시 강화군 불은면 해안동로***번길 **,23047,03,폐업,주택가주변,,,,1,
단독주택,우연 출판사,2020-08-04,149663.200798881,470119.453755969,출판인쇄업,출판사,2026-05-01 22:42:28,I,03,폐업,,106.76,2,2020-08-05 17:34:51,,2014-12-03,417-891,인천광역시 강화군 내가면 고천리 **-*,CDFG1251002014000006,3570000,관리지역,인천광역시 강화군 내가면 고비고개로 ***,,03,폐업,기타,,,032-932-9191,2,
단독주택,기적의 시대,2022-01-03,155060.914252453,465386.393721602,출판인쇄업,출판사,2026-05-01 22:42:29,I,03,폐업,,,1,2022-01-04 13:56:02,,2017-11-06,,인천광역시 강화군 불은면 고능리 ****-*,CDFG1251002017000010,3570000,,인천광역시 강화군 불은면 고능로***번길 **-*,23046,03,폐업,,,,,1,
근린생활시설,EU컴,2018-04-30,154785.710225607,471966.934511356,출판인쇄업,출판사,2026-05-01 22:42:29,I,03,폐업,,,,2018-04-30 11:00:07,,2018-04-04,,인천광역시 강화군 강화읍 관청리 ***-*,CDFG1251002018000001,3570000,,"인천광역시 강화군 강화읍 동문안길 **, *층 ***호",23031,03,폐업,,,,,,
,도서사랑 육경인,2022-04-13,144118.43942982,468274.397999312,출판인쇄업,출판사,2026-05-01 22:42:29,I,03,폐업,,,,2022-04-14 21:23:35,,2021-03-07,,인천광역시 강화군 내가면 황청리 ***-**,CDFG1251002021000003,3570000,,"인천광역시 강화군 내가면 황청포구로***번길 ***-**, *층",23017,03,폐업,,,,,,
,맨투맨 아카데미,2023-12-11,154445.143376973,468010.422419257,출판인쇄업,출판사,2026-05-01 22:42:29,I,03,폐업,,75.9,2,2023-12-13 10:40:57,,2022-12-28,,인천광역시 강화군 선원면 금월리 ***-*,CDFG1251002022000007,3570000,,인천광역시 강화군 선원면 대문고개로 **-*,23043,03,폐업,,,,,,
,도서출판 한국학간행,,196813.34306674,454759.893105951,출판인쇄업,출판사,2026-05-01 22:43:57,I,31,등록취소,,0,0,2003-02-07 09:13:27,,1993-02-22,110-817,서울특별시 종로구 부암동 ***-**,CDFG1251001993000017,3000000,,서울특별시 종로구 자하문로**길 **-*  (부암동),,04,취소/말소/만료/정지/중지,,,,,0,0
,장미출판사,,200182.235978058,453412.12856903,출판인쇄업,출판사,2026-05-01 22:43:57,I,13,영업중,,0,,2003-02-07 09:13:27,,1993-02-24,110-809,서울특별시 종로구 동숭동 *-** 동숭빌딩***호,CDFG1251001993000018,3000000,,"서울특별시 종로구 대학로*가길 **  (동숭동,동숭빌딩***호)",,01,영업/정상,,,,,,
,(주)우리교육,,196201.520221524,452536.659254719,출판인쇄업,출판사,2026-05-01 22:43:57,I,31,등록취소,,0,,2003-02-07 09:13:27,,1993-02-25,110-080,서울특별시 종로구 무악동 *-**,CDFG1251001993000019,3000000,,,,04,취소/말소/만료/정지/중지,,,,31426770,,
,민글,,,,출판인쇄업,출판사,2026-05-01 22:43:57,I,13,영업중,,0,,2003-02-07 09:13:27,,1993-02-26,110-300,서울특별시 종로구 관훈동 ***-*,CDFG1251001993000020,3000000,,,,01,영업/정상,,,,,,
,국제사랑의성경보내기선교본부,,200072.378101828,452291.689518232,출판인쇄업,출판사,2026-05-01 22:43:57,I,13,영업중,,0,,2003-02-07 09:13:27,,1993-03-04,110-736,"서울특별시 종로구 연지동 ***-** 기독교회관***,***호",CDFG1251001993000023,3000000,,"서울특별시 종로구 대학로 **  (연지동,기독교회관***,***호)",,01,영업/정상,,,,,,
,책나무출판사,,198390.620857476,452529.543697949,출판인쇄업,출판사,2026-05-01 22:43:57,I,13,영업중,,0,,2003-02-07 09:13:27,,1993-03-10,110-170,서울특별시 종로구 견지동 **-* 정문빌딩*층,CDFG1251001993000026,3000000,,"서울특별시 종로구 우정국로 **  (견지동,정문빌딩*층)",,01,영업/정상,,,,,,
,불교춘추사,,198119.023796404,452150.721723753,출판인쇄업,출판사,2026-05-01 22:43:57,I,13,영업중,,0,,2003-02-07 09:13:27,,1993-03-13,110-130,서울특별시 종로구 청진동 ***-* 원일빌딩***호,CDFG1251001993000028,3000000,,"서울특별시 종로구 종로*길 **  (청진동,원일빌딩***호)",,01,영업/정상,,,,,,
,(주)정은문화사,,197572.926819836,452660.324628853,출판인쇄업,출판사,2026-05-01 22:43:58,I,13,영업중,,0,0,2003-02-07 09:13:27,,1993-03-20,110-052,서울특별시 종로구 적선동 **-* 대경빌딩***호,CDFG1251001993000029,3000000,,"서울특별시 종로구 사직로 ***-*  (적선동,대경빌딩***호)",,01,영업/정상,,,,,0,0
,도서출판 인포북,,200260.2187645,453354.404815954,출판인쇄업,출판사,2026-05-01 22:43:58,I,13,영업중,,,,2003-12-29 15:43:02,,1993-03-20,110-809,서울특별시 종로구 동숭동 *-** 정보빌딩 *층,CDFG1251001993000030,3000000,,"서울특별시 종로구 대학로**길 **  (동숭동,정보빌딩 *층)",,01,영업/정상,,,,02-762-1522,,
,한솔미디어,,197650.653736722,452368.519288991,출판인쇄업,출판사,2026-05-01 22:43:58,I,13,영업중,,0,,2003-02-07 09:13:27,,1993-04-03,110-051,서울특별시 종로구 도렴동 **-* 지하*층**호,CDFG1251001993000035,3000000,,"서울특별시 종로구 새문안로*길 **  (도렴동,지하*층**호)",,01,영업/정상,,,,,,
,안암미디어,,198643.38711318,452713.533496002,출판인쇄업,출판사,2026-05-01 22:43:58,I,31,등록취소,,0,0,2003-02-07 09:13:27,,1993-04-06,110-240,서울특별시 종로구 안국동 ***-* 동신 ***,CDFG1251001993000037,3000000,,"서울특별시 종로구 율곡로 **  (안국동,동신 ***)",,04,취소/말소/만료/정지/중지,,,,,0,0
,명교문화,,201689.336113716,452537.703412775,출판인쇄업,출판사,2026-05-01 22:43:58,I,13,영업중,,0,,2003-02-07 09:13:27,,1993-04-23,110-824,서울특별시 종로구 숭인동 ***-** 인송빌딩*층,CDFG1251001993000041,3000000,,"서울특별시 종로구 종로**길 **  (숭인동,인송빌딩*층)",,01,영업/정상,,,,,,
,일진기획,,201694.056858134,452332.17198032,출판인쇄업,출판사,2026-05-01 22:43:58,I,13,영업중,,0,,2003-02-07 09:13:27,,1993-04-30,110-826,서울특별시 종로구 숭인동 ***-** 영화빌딩***호,CDFG1251001993000046,3000000,,"서울특별시 종로구 종로**가길 **  (숭인동,영화빌딩***호)",,01,영업/정상,,,,,,
,한국기독교말씀사,,200072.378101828,452291.689518232,출판인쇄업,출판사,2026-05-01 22:43:58,I,31,등록취소,,0,,2003-02-07 09:13:27,,1993-05-07,110-470,서울특별시 종로구 연지동 ***-**,CDFG1251001993000049,3000000,,서울특별시 종로구 대학로 **  (연지동),,04,취소/말소/만료/정지/중지,,,,,,
,동숭동,,198324.653631679,452252.812389497,출판인쇄업,출판사,2026-05-01 22:43:59,I,13,영업중,,0,,2007-04-05 09:34:33,,1993-05-14,110-858,서울특별시 종로구 수송동 ** 두산위브파빌리온 ****호,CDFG1251001993000050,3000000,,"서울특별시 종로구 삼봉로 **,  ****호 (수송동,두산위브파빌리온)",,01,영업/정상,,,,,,
,불이성,,198954.421125249,453162.136218098,출판인쇄업,출판사,2026-05-01 22:43:59,I,13,영업중,,0,,2003-02-07 09:13:27,,1993-05-21,110-280,서울특별시 종로구 원서동 ***-*,CDFG1251001993000053,3000000,,서울특별시 종로구 창덕궁길 **  (원서동),,01,영업/정상,,,,,,
,"도서출판민, 진, 운",,201660.844071164,452165.814434389,출판인쇄업,출판사,2026-05-01 22:43:59,I,31,등록취소,,0,0,2003-02-07 09:13:27,,1993-05-29,110-826,서울특별시 종로구 숭인동 ***-**,CDFG1251001993000054,3000000,,서울특별시 종로구 청계천로 ***  (숭인동),,04,취소/말소/만료/정지/중지,,,,,0,0
,백두문화,,,,출판인쇄업,출판사,2026-05-01 22:43:59,I,13,영업중,,0,,2003-02-07 09:13:27,,1993-05-29,110-160,서울특별시 종로구 공평동 **-*,CDFG1251001993000055,3000000,,,,01,영업/정상,,,,,,
,도서출판글도량,,198366.012297721,453343.738369835,출판인쇄업,출판사,2026-05-01 22:43:59,I,13,영업중,,0,0,2023-03-30 18:05:40,,1993-06-05,,서울특별시 종로구 삼청동 **-**,CDFG1251001993000059,3000000,,"서울특별시 종로구 북촌로*나길 **, ***호 (삼청동)",03052,01,영업/정상,,,,,0,0
,세기음악사,,198592.776219545,452025.177029394,출판인쇄업,출판사,2026-05-01 22:43:59,I,13,영업중,,0,,2003-02-07 09:13:27,,1993-06-08,110-122,서울특별시 종로구 종로*가 *-* 장안빌딩***호,CDFG1251001993000061,3000000,,"서울특별시 종로구 종로 **  (종로*가,장안빌딩***호)",,01,영업/정상,,,,,,
,도서출판다윗,2020-07-24,189877.178943503,442093.648596802,출판인쇄업,출판사,2026-05-01 22:43:32,I,03,폐업,,,,2020-07-27 12:01:45,,2003-02-04,,서울특별시 금천구 가산동 **-*,CDFG1251002014000015,6510000,,"서울특별시 금천구 디지털로*길 ** (가산동, 대륭포스트타워 *차)",08512,03,폐업,,,,,,
,흰돌,,201841.81800586,452880.464030749,출판인쇄업,출판사,2026-05-01 22:43:59,I,13,영업중,,0,,2003-02-07 09:13:27,,1993-06-11,110-827,서울특별시 종로구 숭인동 ***-* 은혜빌딩*층,CDFG1251001993000063,3000000,,"서울특별시 종로구 숭인동길 **  (숭인동,은혜빌딩*층)",,01,영업/정상,,,,,,
,홍문사,,198754.634182719,452404.979894277,출판인쇄업,출판사,2026-05-01 22:44:00,I,31,등록취소,,0,0,2003-02-07 09:13:27,,1993-06-24,110-310,서울특별시 종로구 경운동 **-* 건국빌딩***호,CDFG1251001993000070,3000000,,"서울특별시 종로구 인사동*길 **  (경운동,건국빌딩***호)",,04,취소/말소/만료/정지/중지,,,,,0,0
,이레,,198064.917796696,452560.808363642,출판인쇄업,출판사,2026-05-01 22:44:00,I,13,영업중,,0,,2003-02-07 09:13:27,,1993-07-06,110-150,서울특별시 종로구 중학동 *** 경제통신빌딩***호,CDFG1251001993000071,3000000,,"서울특별시 종로구 종로*길 **  (중학동,경제통신빌딩***호)",,01,영업/정상,,,,,,
,보원,,201185.30485583,452517.45748458,출판인쇄업,출판사,2026-05-01 22:44:00,I,13,영업중,,0,,2003-02-07 09:13:27,,1993-07-16,110-838,서울특별시 종로구 창신동 **-*,CDFG1251001993000076,3000000,,서울특별시 종로구 창신*마길 *  (창신동),,01,영업/정상,,,,,,
,세계원,,198913.496136105,452416.170780139,출판인쇄업,출판사,2026-05-01 22:44:00,I,13,영업중,,0,,2003-02-07 09:13:27,,1993-07-22,110-320,서울특별시 종로구 낙원동 **-* 빌딩***호,CDFG1251001993000080,3000000,,"서울특별시 종로구 삼일대로**길 **  (낙원동,빌딩***호)",,01,영업/정상,,,,,,
,(주)한국스테노,,201703.941485075,452479.988390252,출판인쇄업,출판사,2026-05-01 22:44:00,I,13,영업중,,0,,2003-02-07 09:13:27,,1993-07-26,110-824,서울특별시 종로구 숭인동 ***-**,CDFG1251001993000083,3000000,,서울특별시 종로구 종로 ***  (숭인동),,01,영업/정상,,,,,,
,도서출판 동인,,199954.044722095,453701.572334399,출판인쇄업,출판사,2026-05-01 22:44:00,I,13,영업중,,0,,2006-08-21 10:08:03,,1993-07-27,110-522,서울특별시 종로구 명륜*가 *** 아남주상복합아파트 ***호,CDFG1251001993000086,3000000,,"서울특별시 종로구 혜화로*길 *  (명륜*가,아남주상복합아파트 ***호)",,01,영업/정상,,,,,,
,대유학당,,201456.74668255,452276.316506353,출판인쇄업,출판사,2026-05-01 22:44:01,I,31,등록취소,,0,0,2003-02-07 09:13:27,,1993-08-02,110-826,서울특별시 종로구 숭인동 ***-* 화성빌딩 *층,CDFG1251001993000087,3000000,,"서울특별시 종로구 종로**가길 **  (숭인동,화성빌딩 *층)",,04,취소/말소/만료/정지/중지,,,,,0,0
,송문도서원,,201909.772206626,452439.673215542,출판인쇄업,출판사,2026-05-01 22:44:01,I,13,영업중,,0,,2003-02-07 09:13:27,,1993-08-09,110-829,서울특별시 종로구 숭인동 ****-* 삼성빌딩***호,CDFG1251001993000089,3000000,,"서울특별시 종로구 난계로**가길 *  (숭인동,삼성빌딩***호)",,01,영업/정상,,,,,,
,도서출판삼재문화사,,200250.174930574,452129.643249935,출판인쇄업,출판사,2026-05-01 22:44:03,I,13,영업중,,0,,2003-02-07 09:13:27,,1993-08-13,110-835,서울특별시 종로구 종로*가 **,CDFG1251001993000092,3000000,,서울특별시 종로구 대학로*길 **  (종로*가),,01,영업/정상,,,,,,
,도서출판 일,,198588.08215777,453426.507984423,출판인쇄업,출판사,2026-05-01 22:44:03,I,13,영업중,,0,0,2003-02-07 09:13:27,,1993-08-16,110-260,서울특별시 종로구 가회동 *-* 작은빌딩 ***호,CDFG1251001993000093,3000000,,"서울특별시 종로구 북촌로 **  (가회동,작은빌딩 ***호)",,01,영업/정상,,,,,0,0
,서울 아이.티.비,,201380.152505008,452291.856970378,출판인쇄업,출판사,2026-05-01 22:44:03,I,13,영업중,,0,,2003-02-07 09:13:27,,1993-08-16,110-826,서울특별시 종로구 숭인동 ***-* 영창빌딩***호,CDFG1251001993000094,3000000,,"서울특별시 종로구 종로 ***  (숭인동,영창빌딩***호)",,01,영업/정상,,,,,,
,도서출판 기자원,,,,출판인쇄업,출판사,2026-05-01 22:44:03,I,31,등록취소,,0,0,2003-02-07 09:13:27,,1993-08-16,110-130,서울특별시 종로구 청진동 ***-* 세진빌딩 ***호,CDFG1251001993000095,3000000,,,,04,취소/말소/만료/정지/중지,,,,,0,0
,행복을주는사람들,,201793.018625036,452340.233988628,출판인쇄업,출판사,2026-05-01 22:44:04,I,13,영업중,,0,,2003-02-07 09:13:27,,1993-08-19,110-825,서울특별시 종로구 숭인동 ***-**,CDFG1251001993000096,3000000,,서울특별시 종로구 난계로**길 **-*  (숭인동),,01,영업/정상,,,,,,
,도서출판 큰수레,,198733.022905225,453361.913507895,출판인쇄업,출판사,2026-05-01 22:44:04,I,13,영업중,,0,0,2003-02-07 09:13:27,,1993-08-19,110-800,서울특별시 종로구 계동 **-**,CDFG1251001993000097,3000000,,서울특별시 종로구 계동길 ***-*  (계동),,01,영업/정상,,,,,0,0
,성음사,,,,출판인쇄업,출판사,2026-05-01 22:44:16,I,13,영업중,,0,0,2003-02-07 09:13:27,,1994-03-14,110-350,서울특별시 종로구 운니동 ***-* 덕성여대별관*층,CDFG1251001994000047,3000000,,,,01,영업/정상,,,,,0,0
,투데이즈터치,,198630.79627088,452035.412646906,출판인쇄업,출판사,2026-05-01 22:44:04,I,13,영업중,,0,,2003-02-07 09:13:27,,1993-09-04,110-122,서울특별시 종로구 종로*가 *-*,CDFG1251001993000102,3000000,,서울특별시 종로구 종로 **  (종로*가),,01,영업/정상,,,,,,
,없어지지않는이야기,,196473.332658343,455808.978640669,출판인쇄업,출판사,2026-05-01 22:44:04,I,13,영업중,,0,,2003-02-07 09:13:27,,1993-09-08,110-831,서울특별시 종로구 신영동 ***-* 한성빌딩***호,CDFG1251001993000104,3000000,,"서울특별시 종로구 진흥로 ***  (신영동,한성빌딩***호)",,01,영업/정상,,,,,,
,지해원,,201781.066324584,452512.805363874,출판인쇄업,출판사,2026-05-01 22:44:04,I,13,영업중,,0,,2003-02-07 09:13:27,,1993-09-10,110-824,서울특별시 종로구 숭인동 ***-* 용호빌딩***호,CDFG1251001993000106,3000000,,"서울특별시 종로구 종로 ***-*  (숭인동,용호빌딩***호)",,01,영업/정상,,,,,,
,조형,,198741.197749003,452227.175252529,출판인쇄업,출판사,2026-05-01 22:44:04,I,13,영업중,,0,,2003-02-07 09:13:27,,1993-09-16,110-290,서울특별시 종로구 인사동 ***-*,CDFG1251001993000107,3000000,,서울특별시 종로구 인사동길 **  (인사동),,01,영업/정상,,,,,,
,도서출판 천운,,196243.796881016,456087.178940076,출판인쇄업,출판사,2026-05-01 22:44:05,I,31,등록취소,,0,0,2003-02-07 09:13:27,,1993-09-23,110-803,서울특별시 종로구 구기동 **-**,CDFG1251001993000108,3000000,,서울특별시 종로구 진흥로 ***  (구기동),,04,취소/말소/만료/정지/중지,,,,,0,0
,도서출판 고도,,197487.622049589,452071.534763593,출판인쇄업,출판사,2026-05-01 22:44:05,I,13,영업중,,0,0,2003-02-07 09:13:27,,1993-10-15,110-061,서울특별시 종로구 신문로*가 **-** ***호,CDFG1251001993000114,3000000,,"서울특별시 종로구 새문안로*길 *  (신문로*가,***호)",,01,영업/정상,,,,,0,0
,(주)문학동네,,199780.673637192,454142.698971784,출판인쇄업,출판사,2026-05-01 22:44:05,I,31,등록취소,,0,0,2003-02-07 09:13:27,,1993-10-22,110-521,서울특별시 종로구 명륜*가 **-*,CDFG1251001993000117,3000000,,서울특별시 종로구 성균관로 **  (명륜*가),,04,취소/말소/만료/정지/중지,,,,,0,0
,사)국민문화연구소,,199892.919737018,452682.898462606,출판인쇄업,출판사,2026-05-01 22:44:05,I,13,영업중,,,,2015-03-17 09:22:47,,1993-10-23,110-460,서울특별시 종로구 연건동 ***,CDFG1251001993000118,3000000,,서울특별시 종로구 율곡로**가길 **-* (연건동),,01,영업/정상,,,,,,
,불교춘추사,,198994.113864545,452721.733676362,출판인쇄업,출판사,2026-05-01 22:44:05,I,13,영업중,,,,2004-04-14 17:30:05,,1993-10-23,110-350,서울특별시 종로구 운니동 ** 미래빌딩 *층,CDFG1251001993000119,3000000,,"서울특별시 종로구 율곡로*길 **  (운니동,미래빌딩 *층)",,01,영업/정상,,,,02-747-8076,,
,동양철학컴퓨터엔지니,,201596.915665402,452455.603946205,출판인쇄업,출판사,2026-05-01 22:44:05,I,13,영업중,,0,,2003-02-07 09:13:27,,1993-10-25,110-824,서울특별시 종로구 숭인동 **-** 연남빌딩***호,CDFG1251001993000120,3000000,,"서울특별시 종로구 종로**가길 *  (숭인동,연남빌딩***호)",,01,영업/정상,,,,,,
,문화선교주찬양,,197460.71566221,452124.30251945,출판인쇄업,출판사,2026-05-01 22:44:05,I,13,영업중,,0,,2003-02-07 09:13:27,,1993-10-29,110-062,서울특별시 종로구 신문로*가 *-***,CDFG1251001993000123,3000000,,서울특별시 종로구 경희궁길 **  (신문로*가),,01,영업/정상,,,,,,
,도서출판희중당,,196554.899209998,455159.209918255,출판인쇄업,출판사,2026-05-01 22:44:06,I,13,영업중,,0,0,2003-02-07 09:13:27,,1993-11-01,110-816,서울특별시 종로구 부암동 ***-* 한국금박빌딩***호,CDFG1251001993000124,3000000,,"서울특별시 종로구 자하문로 ***  (부암동,한국금박빌딩***호)",,01,영업/정상,,,,,0,0
,장자서당,,,,출판인쇄업,출판사,2026-05-01 22:44:06,I,13,영업중,,0,,2003-02-07 09:13:27,,1993-11-03,110-170,서울특별시 종로구 견지동 ***-** 신안빌딩***호,CDFG1251001993000125,3000000,,,,01,영업/정상,,,,,,
,도서출판 창공사,,,,출판인쇄업,출판사,2026-05-01 22:44:06,I,31,등록취소,,0,0,2003-02-07 09:13:27,,1993-11-03,110-101,서울특별시 종로구 송월동 **-* 건물*층,CDFG1251001993000126,3000000,,,,04,취소/말소/만료/정지/중지,,,,,0,0
,사철나무,,,,출판인쇄업,출판사,2026-05-01 22:44:06,I,13,영업중,,0,,2003-02-07 09:13:27,,1993-11-15,110-121,서울특별시 종로구 종로*가 **-*,CDFG1251001993000131,3000000,,,,01,영업/정상,,,,,,
,솝리(1인 무점포),,198419.977039927,453529.777501616,출판인쇄업,출판사,2026-05-01 22:44:06,I,13,영업중,,0,,2016-03-21 17:13:39,,1993-11-25,,서울특별시 종로구 삼청동 **-*** B**호,CDFG1251001993000136,3000000,,"서울특별시 종로구 북촌로**길 **-*, B**호 (삼청동, 진산빌라)",03052,01,영업/정상,,,,,,
,시평사,,,,출판인쇄업,출판사,2026-05-01 22:44:06,I,13,영업중,,0,,2003-02-07 09:13:27,,1993-11-26,,서울특별시 종로구  *-* 서교동 ***-*,CDFG1251001993000137,3000000,,,,01,영업/정상,,,,,,
,도서출판 양산박,,198616.698530133,452701.064857588,출판인쇄업,출판사,2026-05-01 22:44:06,I,31,등록취소,,0,0,2003-02-07 09:13:27,,1993-12-03,110-240,서울특별시 종로구 안국동 ***-*,CDFG1251001993000140,3000000,,서울특별시 종로구 율곡로 **  (안국동),,04,취소/말소/만료/정지/중지,,,,34538870,0,0
,예림북스,,201162.421933916,452167.429045399,출판인쇄업,출판사,2026-05-01 22:44:07,I,13,영업중,,0,0,2015-01-05 13:12:54,,1993-12-22,110-541,서울특별시 종로구 창신동 ***-*,CDFG1251001993000146,3000000,,서울특별시 종로구 종로**길 ** (창신동),,01,영업/정상,,,,02-764-6677,0,0
,도서출판 마을,,199484.314839247,453604.131753403,출판인쇄업,출판사,2026-05-01 22:44:12,I,13,영업중,,,,2016-12-15 16:39:42,,1993-05-15,,서울특별시 종로구 명륜*가 **-**,CDFG1251001993000151,3000000,,서울특별시 종로구 성균관로*길 **-** (명륜*가),03073,01,영업/정상,,,,02-765-5663,,
,교회학교 아동부전국연합회,,200008.831492823,452291.335627477,출판인쇄업,출판사,2026-05-01 22:44:12,I,13,영업중,,0,,2009-04-28 11:20:47,,1994-01-04,,서울특별시 종로구 연지동 ***-** 한국기독교연합회관****호,CDFG1251001994000001,3000000,,"서울특별시 종로구 김상옥로 **  (연지동,한국기독교연합회관****호)",,01,영업/정상,,,,,,
,고시마을,,201767.682997978,452317.718446224,출판인쇄업,출판사,2026-05-01 22:44:12,I,13,영업중,,0,,2003-02-07 09:13:27,,1994-01-10,110-825,서울특별시 종로구 숭인동 ***-** 서울빌딩***호,CDFG1251001994000006,3000000,,"서울특별시 종로구 난계로**길 **-*  (숭인동,서울빌딩***호)",,01,영업/정상,,,,,,
,마음,,198899.070878065,452341.623744443,출판인쇄업,출판사,2026-05-01 22:44:13,I,13,영업중,,0,,2003-02-07 09:13:27,,1994-01-13,110-320,서울특별시 종로구 낙원동 **-** 세종빌딩***호,CDFG1251001994000008,3000000,,"서울특별시 종로구 삼일대로**길 *  (낙원동,세종빌딩***호)",,01,영업/정상,,,,,,
,홍익교육개발사,,198875.869671265,451796.743700691,출판인쇄업,출판사,2026-05-01 22:44:13,I,13,영업중,,0,,2003-02-07 09:13:27,,1994-01-14,110-111,서울특별시 종로구 관철동 *-**,CDFG1251001994000009,3000000,,서울특별시 종로구 청계천로 **  (관철동),,01,영업/정상,,,,,,
,총회출판국,,,,출판인쇄업,출판사,2026-05-01 22:44:14,I,13,영업중,,0,,2003-02-07 09:13:27,,1994-01-26,110-102,서울특별시 종로구 평동 ***-*,CDFG1251001994000017,3000000,,서울특별시 종로구 통일로 ***  (평동),,01,영업/정상,,,,,,
,책그리고나 Book & I,,199984.033653033,453695.726399703,출판인쇄업,출판사,2026-05-01 22:44:14,I,13,영업중,,0,,2003-02-07 09:13:27,,1994-01-27,110-530,서울특별시 종로구 혜화동 ***-*,CDFG1251001994000019,3000000,,서울특별시 종로구 창경궁로 ***-*  (혜화동),,01,영업/정상,,,,,,
,(주)라사라교육개발원,,,,출판인쇄업,출판사,2026-05-01 22:44:14,I,13,영업중,,0,,2003-02-07 09:13:27,,1994-01-27,110-825,서울특별시 종로구 숭인동 ***-** 연금빌딩 *층,CDFG1251001994000020,3000000,,,,01,영업/정상,,,,,,
,(주)한솔미래,,199917.22023781,452390.167805309,출판인쇄업,출판사,2026-05-01 22:44:14,I,13,영업중,,,,2010-09-24 14:42:21,,1994-01-27,110-470,서울특별시 종로구 연지동 ***-* 대호빌딩 B동 *층호,CDFG1251001994000022,3000000,,"서울특별시 종로구 김상옥로 **, B동 *층호 (연지동,대호빌딩)",,01,영업/정상,,,,02-741-5777,,
,한기획,,,,출판인쇄업,출판사,2026-05-01 22:44:15,I,13,영업중,,0,,2003-02-07 09:13:27,,1994-02-02,110-121,서울특별시 종로구 종로*가 **-* 표준빌딩***호,CDFG1251001994000024,3000000,,,,01,영업/정상,,,,,,
,국가자격취득연구원,,198852.959716775,452253.942584507,출판인쇄업,출판사,2026-05-01 22:44:15,I,13,영업중,,0,,2003-02-07 09:13:27,,1994-02-16,110-707,서울특별시 종로구 낙원동 ***-* 낙원빌딩***호,CDFG1251001994000030,3000000,,"서울특별시 종로구 삼일대로 ***  (낙원동,낙원빌딩***호)",,01,영업/정상,,,,,,
,출판기획그림,,198301.707230582,453805.253388222,출판인쇄업,출판사,2026-05-01 22:44:15,I,13,영업중,,0,0,2003-02-07 09:13:27,,1994-02-16,110-230,서울특별시 종로구 삼청동 ***-*,CDFG1251001994000031,3000000,,,,01,영업/정상,,,,,0,0
,도서출판 숨,,,,출판인쇄업,출판사,2026-05-01 22:44:15,I,31,등록취소,,0,0,2003-02-07 09:13:27,,1994-02-16,110-160,서울특별시 종로구 공평동 **-* 고대교우회관,CDFG1251001994000032,3000000,,,,04,취소/말소/만료/정지/중지,,,,,0,0
,양지문화사,,,,출판인쇄업,출판사,2026-05-01 22:44:15,I,13,영업중,,0,,2003-02-07 09:13:27,,1994-02-18,110-370,서울특별시 종로구 묘동 **-*,CDFG1251001994000034,3000000,,,,01,영업/정상,,,,,,
,선육출판사,,196092.743907822,456198.595931715,출판인쇄업,출판사,2026-05-01 22:44:15,I,13,영업중,,0,,2010-05-28 11:15:55,,1994-02-22,110-803,서울특별시 종로구 구기동 ***-* 요진빌딩***호,CDFG1251001994000036,3000000,,"서울특별시 종로구 진흥로 ***  (구기동,요진빌딩***호)",,01,영업/정상,,,,,,
,하나글방,,197662.503910553,452189.09236786,출판인쇄업,출판사,2026-05-01 22:44:15,I,13,영업중,,0,,2003-02-07 09:13:27,,1994-03-07,110-071,서울특별시 종로구 당주동 *-*,CDFG1251001994000040,3000000,,서울특별시 종로구 새문안로*길 **  (당주동),,01,영업/정상,,,,,,
,서경문화사,,200402.714424717,452896.503009122,출판인쇄업,출판사,2026-05-01 22:44:15,I,13,영업중,,,,2018-09-10 13:59:34,,1994-03-08,,서울특별시 종로구 동숭동 ***-**,CDFG1251001994000041,3000000,,"서울특별시 종로구 이화장길 **-**, ***호 (동숭동)",03088,01,영업/정상,,,,02-743-8203,,
,아시아타임즈,,,,출판인쇄업,출판사,2026-05-01 22:44:16,I,13,영업중,,0,,2003-02-07 09:13:27,,1994-03-11,110-051,서울특별시 종로구 도렴동 ***-* 삼육빌딩***호,CDFG1251001994000043,3000000,,,,01,영업/정상,,,,,,
,시로문화사,,197700.034013631,452022.503467072,출판인쇄업,출판사,2026-05-01 22:44:16,I,13,영업중,,0,,2003-02-07 09:13:27,,1994-03-11,110-796,서울특별시 종로구 신문로*가 ** 고려빌딩***호,CDFG1251001994000045,3000000,,"서울특별시 종로구 새문안로 **  (신문로*가,고려빌딩***호)",,01,영업/정상,,,,,,
,세계언론연구원출판사,,,,출판인쇄업,출판사,2026-05-01 22:44:17,I,31,등록취소,,0,0,2003-02-07 09:13:27,,1994-04-13,110-061,서울특별시 종로구 신문로*가 *-*,CDFG1251001994000068,3000000,,,,04,취소/말소/만료/정지/중지,,,,,0,0
,도서출판나라지도,,198993.740420535,452697.981100444,출판인쇄업,출판사,2026-05-01 22:44:17,I,31,등록취소,,0,,2003-02-07 09:13:27,,1994-04-19,110-350,서울특별시 종로구 운니동 ** 민경빌딩***호,CDFG1251001994000070,3000000,,"서울특별시 종로구 율곡로*길 **  (운니동,민경빌딩***호)",,04,취소/말소/만료/정지/중지,,,,34452297,,
,도서출판 선,,198276.429901345,452324.901026642,출판인쇄업,출판사,2026-05-01 22:44:17,I,13,영업중,,0,0,2014-09-26 10:24:28,,1994-04-22,110-140,서울특별시 종로구 수송동 **-** 원당빌딩***호,CDFG1251001994000072,3000000,,"서울특별시 종로구 율곡로*길 ** (수송동,원당빌딩***호)",,01,영업/정상,,,,,0,0
,호산나음악사,,,,출판인쇄업,출판사,2026-05-01 22:44:17,I,13,영업중,,0,,2003-02-07 09:13:27,,1994-04-22,110-062,서울특별시 종로구 신문로*가 **-*,CDFG1251001994000073,3000000,,,,01,영업/정상,,,,,,
,정연사,,197637.15454628,452692.303520592,출판인쇄업,출판사,2026-05-01 22:44:17,I,13,영업중,,0,,2003-02-07 09:13:27,,1994-04-26,110-040,서울특별시 종로구 통의동 **-** 영연빌딩***호,CDFG1251001994000077,3000000,,"서울특별시 종로구 효자로 *  (통의동,영연빌딩***호)",,01,영업/정상,,,,,,
