영업장주변구분명,건물소유구분명,사업장명,업태구분명,폐업일자,좌표X,좌표Y,데이터갱신시점,데이터갱신구분,상세영업상태코드,상세영업상태명,시설총규모,공장사무직직원수,공장생산직직원수,공장판매직직원수,여성종사자수,등급구분명,보증액,본사직원수,홈페이지,최종수정시점,인허가일자,소재지면적,소재지우편번호,지번주소,다중이용업소여부,남성종사자수,관리번호,월세액,개방자치단체코드,도로명주소,도로명우편번호,영업상태구분코드,영업상태명,위생업태명,소재지전화번호,전통업소지정번호,전통업소주된음식,급수시설구분명
,,탐앤탐스,커피숍,2017-06-14,199683.180586525,442273.014590615,2026-05-01 22:45:11,I,02,폐업,145.4,,,,,,,,,2017-12-05 17:13:00,2010-11-23,145.40,137-842,서울특별시 서초구 방배동 908-6 1층,N,,3210000-104-2010-00255,,3210000,"서울특별시 서초구 방배로 92, 1층 (방배동)",06665,03,폐업,커피숍,,,,
,,아띠오레,커피숍,2011-10-17,189685.715834343,442026.454121483,2026-05-01 22:35:40,I,02,폐업,4.95,,,,,,,,,2011-09-29 18:05:33,2011-09-29,4.95,153-801,서울특별시 금천구 가산동 60-15 리더스타워제하1층 비102호,N,,3170000-104-2011-00076,,3170000,,,03,폐업,커피숍,,,,
,,마이빈,기타 휴게음식점,2023-02-12,203392.793460583,440676.379919661,2026-05-01 22:46:12,I,02,폐업,0,,,,,,,,,2023-02-13 04:15:09,2023-01-31,.00,137-787,서울특별시 서초구 양재동 232 AT센터,N,,3210000-104-2023-00026,,3210000,"서울특별시 서초구 강남대로 27, AT센터 1층 (양재동)",06774,03,폐업,기타 휴게음식점,,,,
,,쇼네 주식회사,커피숍,2023-12-29,201730.78273369,443305.502426124,2026-05-01 22:46:08,I,02,폐업,402.89,,,,,,,,,2023-12-29 09:09:53,2022-01-04,402.89,137-926,서울특별시 서초구 서초동 1641-10 서초금융연수원 내 1층,N,,3210000-104-2022-00003,,3210000,"서울특별시 서초구 사임당로23길 27, 서초금융연수원 내 1층 (서초동)",06635,03,폐업,커피숍,,,,
기타,,카페네스카페시흥까르푸점,커피숍,2004-12-01,191152.432649234,438865.160717275,2026-05-01 22:35:24,I,02,폐업,23.3,,,,2,기타,,,,2004-09-10 00:00:00,2001-09-12,23.30,153-864,서울특별시 금천구 시흥동 992-47,N,1,3170000-104-2001-06863,,3170000,,,03,폐업,커피숍,02-807-3398,,,상수도전용
기타,,전통찻집,다방,1998-08-06,201656.798959314,445238.06775504,2026-05-01 22:43:56,I,02,폐업,20.13,,,,,기타,,,,2001-09-29 00:00:00,1997-10-23,20.13,137-808,서울특별시 서초구 반포동 710-11,N,,3210000-104-1997-00801,,3210000,,,03,폐업,다방,02-548-7770,,,상수도전용
주택가주변,,더쇼,다방,1994-12-16,198706.548354377,443478.095964833,2026-05-01 22:43:45,I,02,폐업,89.05,,,,2,자율,,,,2001-09-29 00:00:00,1994-03-04,89.05,137-829,서울특별시 서초구 방배동 778-11,N,1,3210000-104-1994-01314,,3210000,,,03,폐업,다방,02-0534-0829,,,상수도전용
,,이마트24 반포주공점,편의점,2021-07-19,199059.644180682,444396.094036908,2026-05-01 22:46:03,I,02,폐업,6.6,,,,,,,,,2021-07-19 16:03:03,2020-01-10,6.60,137-811,서울특별시 서초구 반포동 978 L동 15호,N,,3210000-104-2020-00014,,3210000,"서울특별시 서초구 신반포로 50, L동 15호 (반포동)",,03,폐업,편의점,,,,
,,스타벅스 서초우성사거리점,커피숍,,202513.119414067,443478.806945055,2026-05-01 22:45:51,I,01,영업,263.26,,,,,,,,,2023-02-20 14:03:05,2017-11-24,263.26,137-858,서울특별시 서초구 서초동 1329-7 1층,N,,3210000-104-2017-00481,,3210000,"서울특별시 서초구 강남대로 343, 1층 (서초동)",06626,01,영업/정상,커피숍,02-3486-3536,,,
주택가주변,,에취.비.투유,과자점,1999-02-12,198496.072701912,442778.000786883,2026-05-01 22:43:57,I,02,폐업,43.92,,,,0,기타,,,,2001-09-29 00:00:00,1997-10-22,43.92,137-852,서울특별시 서초구 방배동 1427-0,N,0,3210000-104-1997-01697,,3210000,,,03,폐업,과자점,02-3477-2883,,,상수도전용
,,바다맛이갸기_꼬막미가,기타 휴게음식점,2023-02-09,200250.447804795,444683.220506107,2026-05-01 22:46:12,I,02,폐업,0,,,,,,,,,2023-02-10 04:15:09,2023-02-01,,137-713,서울특별시 서초구 반포동 19-3 신세계백화점 강남점 B1층,N,,3210000-104-2023-00031,,3210000,"서울특별시 서초구 신반포로 176, 신세계백화점 강남점 B1층 (반포동)",06546,03,폐업,기타 휴게음식점,,,,
,,모노커피,커피숍,2013-09-27,200115.143202807,444741.437478089,2026-05-01 22:45:09,I,02,폐업,15.78,,,,,,,,,2010-04-30 15:38:37,2010-04-08,15.78,137-713,서울특별시 서초구 반포동 19-1 지하층 (위너스쇼핑타운54호),N,,3210000-104-2010-00061,,3210000,,,03,폐업,커피숍,,,,
,,나우커피 독산점,커피숍,2020-12-02,190938.908460621,440702.35714639,2026-05-01 22:36:24,I,02,폐업,33,,,,,,,,,2020-12-02 16:18:32,2020-12-01,33.00,153-821,서울특별시 금천구 독산동 1012-15,N,,3170000-104-2020-00128,,3170000,"서울특별시 금천구 시흥대로 392, 지상1층 (독산동)",08579,03,폐업,커피숍,,,,
주택가주변,,고려,다방,1998-04-08,201560.766355679,445760.964894458,2026-05-01 22:43:39,I,02,폐업,117.5,,,,2,자율,,,,2001-09-29 00:00:00,1992-06-08,117.50,137-903,서울특별시 서초구 잠원동 26-11,N,1,3210000-104-1992-01163,,3210000,,,03,폐업,다방,02-0547-4848,,,상수도전용
,,Cafe Musto(카페 무스토),커피숍,2024-05-28,199337.629172625,442018.956063847,2026-05-01 22:46:07,I,02,폐업,267.14,,,,,,,,,2024-05-28 13:51:10,2021-08-13,267.14,137-847,서울특별시 서초구 방배동 978-34 엠젠플러스빌딩 2층,N,,3210000-104-2021-00240,,3210000,"서울특별시 서초구 효령로 83, 엠젠플러스빌딩 2층 (방배동)",06688,03,폐업,커피숍,02-3412-8777,,,
,,Clatage(클래티지),커피숍,2019-05-13,201230.693449214,445992.459343379,2026-05-01 22:45:27,I,02,폐업,6.5,,,,,,,,,2019-05-13 10:37:32,2014-11-03,6.50,137-906,서울특별시 서초구 잠원동 50-5 신사쇼핑센타 115호,N,,3210000-104-2014-00221,,3210000,"서울특별시 서초구 나루터로 37, 115호 (잠원동, 신사쇼핑센타)",06515,03,폐업,커피숍,,,,
,,성지식품,일반조리판매,2013-11-01,200554.74395758,444811.364826199,2026-05-01 22:44:51,I,02,폐업,6.6,,,,,,,,,2013-03-19 16:28:55,2007-08-02,6.60,137-713,서울특별시 서초구 반포동 19-4 신세계백화점 지하1층,N,,3210000-104-2007-00088,,3210000,"서울특별시 서초구 신반포로 194, 지하1층 (반포동, 신세계백화점 )",06545,03,폐업,일반조리판매,031-296-1994,,,상수도전용
,,모닝런치,일반조리판매,2011-04-18,199379.14888993,442679.118751741,2026-05-01 22:45:09,I,02,폐업,23,,,,,,,,,2010-05-27 15:44:43,2010-05-27,23.00,137-844,서울특별시 서초구 방배동 935-27,N,,3210000-104-2010-00109,,3210000,,,03,폐업,일반조리판매,,,,
,,할리스커피신세계강남점,커피숍,2007-09-07,200250.447804795,444683.220506107,2026-05-01 22:44:35,I,02,폐업,35.64,,,,0,,,,,2004-12-23 00:00:00,2004-03-04,35.64,137-713,서울특별시 서초구 반포동 19-3 센트럴시티 4층,N,0,3210000-104-2004-00014,,3210000,,,03,폐업,커피숍,02-418-1211,,,상수도전용
,,이경,백화점,2025-07-07,200250.447804795,444683.220506107,2026-05-01 22:45:05,I,02,폐업,35.06,,,,,,,,,2025-07-07 11:29:43,2009-08-11,35.06,137-713,서울특별시 서초구 반포동 19-3 신세계백화점 지하1층,N,,3210000-104-2009-00169,,3210000,"서울특별시 서초구 신반포로 176 (반포동,신세계백화점 지하1층)",06546,03,폐업,백화점,031-897-8151,,,
유흥업소밀집지역,,칼디,다방,2002-03-23,202273.129089526,444106.32473027,2026-05-01 22:43:38,I,02,폐업,127.53,,,,2,갑,,,,2001-09-29 00:00:00,1992-07-15,127.53,137-856,서울특별시 서초구 서초동 1318-0,N,1,3210000-104-1992-00965,,3210000,,,03,폐업,다방,02-0538-7402,,,상수도전용
,,컵(CUP) 커피,커피숍,2022-01-19,190253.881048701,441272.991676505,2026-05-01 22:36:15,I,02,폐업,18,,,,,,,,,2022-01-19 16:29:55,2019-01-25,18.00,153-801,서울특별시 금천구 가산동 237-32,N,,3170000-104-2019-00020,,3170000,"서울특별시 금천구 가산로5길 69, 1층 (가산동)",,03,폐업,커피숍,,,,
,,마쿤키친카페,푸드트럭,2016-05-30,199512.055421857,445283.167984819,2026-05-01 22:45:40,I,02,폐업,10,,,,,,,,,2016-05-13 13:19:26,2016-05-04,10.00,137-040,서울특별시 서초구 반포동 115-5 반포한강공원,N,,3210000-104-2016-00182,,3210000,"서울특별시 서초구 신반포로11길 40 (반포동, 반포한강공원)",06500,03,폐업,푸드트럭,,,,
,,이디야 가산벽산,커피숍,2025-12-30,189829.504142672,441618.071646624,2026-05-01 22:35:39,I,02,폐업,64.28,,,,,,,,,2025-12-30 15:54:15,2011-03-10,64.28,153-801,서울특별시 금천구 가산동 60-73 벽산디지털밸리V 104-1호,N,,3170000-104-2011-00018,,3170000,"서울특별시 금천구 벚꽃로 244, 104-1호 (가산동, 벽산디지털밸리V)",08513,03,폐업,커피숍,02-2082-5388,,,
,,(주)이마트에브리데이 양재점,기타 휴게음식점,2021-12-13,203630.238293919,440753.038269237,2026-05-01 22:46:05,I,02,폐업,6.6,,,,,,,,,2021-12-13 14:08:30,2020-11-27,6.60,137-897,서울특별시 서초구 양재동 331 1층,N,,3210000-104-2020-00318,,3210000,"서울특별시 서초구 동산로2길 16, 1층 (양재동)",06787,03,폐업,기타 휴게음식점,02-2058-1016,,,
기타,,타임,다방,1996-09-25,190933.601554233,441662.481512797,2026-05-01 22:35:01,I,02,폐업,94.53,,,,3,지도,,,,2003-01-10 00:00:00,1982-12-30,94.53,153-806,서울특별시 금천구 독산동 143-12,N,0,3170000-104-1982-00191,,3170000,,,03,폐업,다방,02-854-9239,,,상수도전용
,,방배과일카페,커피숍,,198845.657797775,443825.9650708,2026-05-01 22:46:22,I,01,영업,19.76,,,,,,,,,2025-08-01 16:10:10,2025-08-01,19.76,137-828,서울특별시 서초구 방배동 758-2 121호,N,,3210000-104-2025-00288,,3210000,"서울특별시 서초구 방배로 269, 121호 (방배동)",06553,01,영업/정상,커피숍,,,,
,,대물린연천생만두(강남점),일반조리판매,2006-12-06,200250.447804795,444683.220506107,2026-05-01 22:44:49,I,02,폐업,4.5,,,,0,,,,,2006-11-21 00:00:00,2006-11-21,4.50,137-713,서울특별시 서초구 반포동 19-3 신세계강남점 식품행사매장,N,0,3210000-104-2006-00148,,3210000,,,03,폐업,일반조리판매,,,,상수도전용
,,초콜릿아트,커피숍,2011-05-13,201487.07963892,443430.584105297,2026-05-01 22:45:11,I,02,폐업,100,,,,,,,,,2010-10-22 09:45:09,2010-10-22,100.00,137-881,서울특별시 서초구 서초동 1667-6 1층,N,,3210000-104-2010-00216,,3210000,,,03,폐업,커피숍,02-499-5190,,,
,,헤이듀(HEY DEW) 가산점,기타 휴게음식점,,189662.959175776,442139.514492212,2026-05-01 22:35:38,I,01,영업,91.28,,,,,,,,,2023-04-19 14:14:49,2010-12-01,91.28,153-801,서울특별시 금천구 가산동 50-3 지하113호,N,,3170000-104-2010-00089,,3170000,"서울특별시 금천구 벚꽃로 298 (가산동,지하113호)",08510,01,영업/정상,기타 휴게음식점,02-2083-8855,,,
아파트지역,,카페릴리,커피숍,2026-04-29,196322.341758146,431717.374416799,2026-05-01 03:03:03,U,02,폐업,17.68,,,,,,,,,2026-04-30 11:25:47,2014-01-22,17.68,431-829,경기도 안양시 동안구 평촌동 899 향촌아파트 상가동 1층 103호,N,,3850000-104-2014-00008,,3830000,"경기도 안양시 동안구 평촌대로180번길 32, 1층 103호 (평촌동, 향촌아파트 상가동)",14071,03,폐업,커피숍,070-7763-9670,,,상수도전용
,,씨유 우면한라점,편의점,,202134.413684784,441007.517004413,2026-05-01 22:46:03,I,01,영업,3.3,,,,,,,,,2020-04-22 16:17:23,2020-04-22,3.30,137-900,서울특별시 서초구 우면동 66 1층,N,,3210000-104-2020-00114,,3210000,"서울특별시 서초구 바우뫼로7길 18, 디케이빌딩 1층 (우면동)",06762,01,영업/정상,편의점,,,,
,,피자스쿨 남부터미널역점,패스트푸드,2021-12-10,201353.74049169,442618.447987766,2026-05-01 22:45:01,I,02,폐업,41.47,,,,,,,,,2021-12-14 16:27:51,2009-04-27,41.47,137-877,"서울특별시 서초구 서초동 1603-1 블루핀타워, 1층 103호",N,,3210000-104-2009-00076,,3210000,"서울특별시 서초구 서초중앙로 42, 1층 103호 (서초동, 블루핀타워)",06643,03,폐업,패스트푸드,,,,
,,스윗비,일반조리판매,2022-04-28,200250.447804795,444683.220506107,2026-05-01 22:45:26,I,02,폐업,6.61,,,,,,,,,2022-04-29 09:22:41,2014-07-03,6.61,137-713,서울특별시 서초구 반포동 19-3 신세계백화점 강남점 지하1층,N,,3210000-104-2014-00126,,3210000,"서울특별시 서초구 신반포로 176, 지하1층 (반포동, 신세계백화점 강남점)",06546,03,폐업,일반조리판매,,,,
,,텐퍼센트커피,커피숍,2025-03-19,189920.528610917,440521.85524888,2026-05-01 22:36:31,I,02,폐업,39.16,,,,,,,,,2025-03-19 17:12:25,2023-03-02,39.16,153-803,서울특별시 금천구 가산동 691 대륭테크노타운 20차,N,,3170000-104-2023-00025,,3170000,"서울특별시 금천구 가산디지털1로 5, 대륭테크노타운 20차 106호 (가산동)",08594,03,폐업,커피숍,,,,
기타,,블랑,다방,1995-04-17,201820.319391429,445297.995131437,2026-05-01 22:43:45,I,02,폐업,76.96,,,,0,자율,,,,2001-09-29 00:00:00,1994-06-03,76.96,137-808,서울특별시 서초구 반포동 707-5,N,0,3210000-104-1994-01142,,3210000,,,03,폐업,다방,02-547-9866,,,상수도전용
,,이마트24 금천느티나무점,편의점,,191646.990306914,439365.351328562,2026-05-01 22:36:30,I,01,영업,3.3,,,,,,,,,2023-02-07 13:27:15,2023-02-07,3.30,153-855,서울특별시 금천구 시흥동 814-35,N,,3170000-104-2023-00012,,3170000,"서울특별시 금천구 독산로28길 11, 1층 (시흥동)",08570,01,영업/정상,편의점,,,,
,,죠스떡볶이,기타 휴게음식점,2013-06-26,198349.158592224,441806.510983821,2026-05-01 22:44:56,I,02,폐업,62,,,,,,,,,2011-12-06 15:13:43,2008-06-04,62.00,137-818,서울특별시 서초구 방배동 443-5,N,,3210000-104-2008-00075,,3210000,서울특별시 서초구 동작대로 22 (방배동),06692,03,폐업,기타 휴게음식점,,,,상수도전용
,,느티나무 식당,기타 휴게음식점,2021-01-12,204418.836684211,439958.443578701,2026-05-01 22:45:59,I,02,폐업,92.32,,,,,,,,,2021-01-12 13:39:46,2018-12-28,92.32,137-170,서울특별시 서초구 염곡동 180-2 내곡느티나무쉼터 2층,N,,3210000-104-2018-00436,,3210000,"서울특별시 서초구 염곡말길 9, 내곡느티나무쉼터 2층 (염곡동)",06793,03,폐업,기타 휴게음식점,,,,
,,(주)이코바이오,일반조리판매,2004-07-13,200250.447804795,444683.220506107,2026-05-01 22:44:34,I,02,폐업,3.3,,,,0,,,,,2003-12-09 00:00:00,2003-12-09,3.30,137-713,서울특별시 서초구 반포동 19-3 신세계백화점 B1 식품매장내,N,0,3210000-104-2003-00172,,3210000,,,03,폐업,일반조리판매,02-3479-1202,,,상수도전용
,,CU금천여름점,편의점,,191190.392936618,438665.032488311,2026-05-01 22:36:03,I,01,영업,3.3,,,,1,,,,,2021-07-01 10:47:48,2017-03-10,3.30,153-864,서울특별시 금천구 시흥동 990-53 지상1층,N,1,3170000-104-2017-00017,,3170000,"서울특별시 금천구 시흥대로47길 18, 지상1층 (시흥동)",08635,01,영업/정상,편의점,,,,
,,터앗,백화점,2025-10-23,200250.447804795,444683.220506107,2026-05-01 22:46:25,I,02,폐업,0,,,,,,,,,2025-10-24 04:15:09,2025-10-16,,137-713,서울특별시 서초구 반포동 19-3 신세계백화점 강남점 지하1층 스위트파크,N,,3210000-104-2025-00390,,3210000,"서울특별시 서초구 신반포로 176, 신세계백화점 강남점 지하1층 스위트파크 (반포동)",06546,03,폐업,백화점,,,,
,,(주)씨유가산플라츠,편의점,,189452.382474246,442205.867457803,2026-05-01 22:36:08,I,01,영업,3.3,,,,,,,,,2023-08-31 17:07:59,2018-01-30,3.30,153-792,서울특별시 금천구 가산동 459-11 제이플라츠 지상1층 104호,N,,3170000-104-2018-00017,,3170000,"서울특별시 금천구 가산디지털1로 186, 제이플라츠 지상1층 104호 (가산동)",08502,01,영업/정상,편의점,,,,
,,카페드아마폴라,커피숍,2009-08-05,199138.873568862,443230.089855848,2026-05-01 22:44:58,I,02,폐업,84.71,,,,,,,,,2009-01-07 13:48:35,2009-01-07,84.71,137-832,서울특별시 서초구 방배동 812-25,N,,3210000-104-2009-00004,,3210000,,,03,폐업,커피숍,,,,
,,유노커피(YOUKNOW COFFEE),커피숍,2009-05-07,200767.798313896,443500.16856871,2026-05-01 22:44:50,I,02,폐업,112.37,,,,0,,,,,2007-05-15 00:00:00,2007-05-15,112.37,137-884,서울특별시 서초구 서초동 1706-10 푸른솔빌딩 1층,N,0,3210000-104-2007-00054,,3210000,,,03,폐업,커피숍,,,,상수도전용
기타,,LG25가리봉점,편의점,2002-03-21,190244.555277324,441805.626081548,2026-05-01 22:35:13,I,02,폐업,4.45,,,,0,을,,,,2002-07-10 00:00:00,1994-06-02,4.45,153-801,서울특별시 금천구 가산동 140-9,N,0,3170000-104-1994-00004,,3170000,,,03,폐업,편의점,02-0839-8076,,,상수도전용
,,동원당,백화점,2009-10-30,200576.608647619,445241.8984183,2026-05-01 22:45:06,I,02,폐업,3.3,,,,,,,,,2009-09-23 12:03:59,2009-09-23,3.30,137-908,서울특별시 서초구 잠원동 70-2 뉴코아백화점 지하1층,N,,3210000-104-2009-00222,,3210000,,,03,폐업,백화점,,,,
,,렘바스,기타 휴게음식점,2020-07-31,200250.447804795,444683.220506107,2026-05-01 22:46:04,I,02,폐업,16.5,,,,,,,,,2020-08-01 04:15:08,2020-07-01,16.50,137-713,서울특별시 서초구 반포동 19-3 신세계백화점 지하1층,N,,3210000-104-2020-00182,,3210000,"서울특별시 서초구 신반포로 176, 신세계백화점 지하1층 (반포동)",06546,03,폐업,기타 휴게음식점,,,,
,,에그스탑 가산디지털점,커피숍,2021-01-04,189378.332493727,442066.99866487,2026-05-01 22:36:10,I,02,폐업,52.33,,,,,,,,,2021-01-04 15:52:50,2018-08-09,52.33,153-803,서울특별시 금천구 가산동 371-41 가산 에스케이 브이원 센터 105호,N,,3170000-104-2018-00102,,3170000,"서울특별시 금천구 가산디지털1로 171, 가산 에스케이 브이원 센터 1층 105호 (가산동)",08503,03,폐업,커피숍,,,,
,,커피베이 방배카페거리점,커피숍,2023-11-02,198653.00393214,443704.995689763,2026-05-01 22:46:06,I,02,폐업,49.5,,,,,,,,,2023-11-02 11:15:55,2021-01-27,49.50,137-828,서울특별시 서초구 방배동 761-7 1층,N,,3210000-104-2021-00023,,3210000,"서울특별시 서초구 방배중앙로 185, 1층 (방배동)",06554,03,폐업,커피숍,,,,
주택가주변,,쎄,다방,1994-08-09,201134.006865671,443375.607290479,2026-05-01 22:43:38,I,02,폐업,52.25,,,,94,자율,,,,2001-09-29 00:00:00,1992-10-31,52.25,137-875,서울특별시 서초구 서초동 1574-13,N,1,3210000-104-1992-01005,,3210000,,,03,폐업,다방,02-0522-2856,,,상수도전용
,,꽃다방미스김 교대점,기타 휴게음식점,2019-08-28,201463.500724841,443630.141786275,2026-05-01 22:45:39,I,02,폐업,15,,,,,,,,,2019-08-28 14:16:52,2016-04-20,15.00,137-070,서울특별시 서초구 서초동 1748-4 지하1층 223-08호 2호선교대역,N,,3210000-104-2016-00151,,3210000,"서울특별시 서초구 서초대로 지하 294, 지하1층 223-08호 (서초동, 2호선교대역)",06634,03,폐업,기타 휴게음식점,,,,
,,지에스25 한강반포 1호점,편의점,2022-11-16,200081.011802296,445654.355815342,2026-05-01 22:46:00,I,02,폐업,10,,,,,,,,,2022-11-16 14:37:47,2019-04-23,10.00,137-030,서울특별시 서초구 잠원동 122-1 1층,N,,3210000-104-2019-00115,,3210000,,,03,폐업,편의점,,,,
,,3 POP(팝),일반조리판매,,203311.510959821,442373.928309843,2026-05-01 22:45:36,I,01,영업,13.2,,,,,,,,,2015-11-17 12:44:17,2015-11-17,13.20,137-887,서울특별시 서초구 양재동 8-71 301호,N,,3210000-104-2015-00302,,3210000,"서울특별시 서초구 남부순환로356길 33, 301호 (양재동)",06742,01,영업/정상,일반조리판매,,,,
,,테이스틸러,일반조리판매,2018-02-28,200250.447804795,444683.220506107,2026-05-01 22:45:51,I,02,폐업,2.6,,,,,,,,,2018-02-28 17:50:42,2017-12-21,2.60,137-960,서울특별시 서초구 반포동 19-3 센트럴시티빌딩 지하1층,N,,3210000-104-2017-00519,,3210000,"서울특별시 서초구 신반포로 176, 센트럴시티빌딩 지하1층 (반포동)",06546,03,폐업,일반조리판매,,,,
,,커피빈코리아강남대로점,커피숍,2023-06-15,202422.661282039,443716.344781328,2026-05-01 22:44:38,I,02,폐업,148.5,,,,0,,,,,2023-06-15 14:10:39,2004-09-30,148.50,137-858,서울특별시 서초구 서초동 1328-3 (지상1층),N,0,3210000-104-2004-00108,,3210000,"서울특별시 서초구 강남대로 369 (서초동,(지상1층))",06621,03,폐업,커피숍,02-588-5778,,,상수도전용
,,미니스톱 이수본점,편의점,2016-06-23,198432.354182494,442643.16392201,2026-05-01 22:45:23,I,02,폐업,3.58,,,,,,,,,2015-02-25 15:47:32,2013-06-27,3.58,137-974,서울특별시 서초구 방배동 3001-2 101-2호,N,,3210000-104-2013-00098,,3210000,"서울특별시 서초구 서초대로 3-4, 101-2호 (방배동)",06568,03,폐업,편의점,,,,
아파트지역,,한양다방,다방,2009-06-05,191875.04821112,438743.141398693,2026-05-01 22:35:04,I,02,폐업,64.48,,,,3,지도,,,,2008-01-11 11:49:58,1986-01-17,64.48,153-859,서울특별시 금천구 시흥동 911-3 지하1층 (금천로 125),N,0,3170000-104-1986-00202,,3170000,,,03,폐업,다방,02-805-1331,,,상수도전용
,,포티올리,커피숍,2003-09-22,200450.508908696,444960.956930808,2026-05-01 22:44:30,I,02,폐업,75.9,,,,0,,,,,2003-07-08 00:00:00,2003-06-03,75.90,137-908,"서울특별시 서초구 잠원동 69-9 1층 9,10,11,12,13호",N,0,3210000-104-2003-00091,,3210000,,,03,폐업,커피숍,02-572-7993,,,상수도전용
,,(주)커피빈코리아 교보타워옆점,커피숍,2011-09-16,202146.76502979,444467.714432066,2026-05-01 22:44:48,I,02,폐업,243.82,,,,0,,,,,2006-09-11 00:00:00,2006-09-11,243.82,137-855,"서울특별시 서초구 서초동 1304-2 2,3층",N,0,3210000-104-2006-00105,,3210000,,,03,폐업,커피숍,02-548-0552,,,
,,해리스카페,커피숍,,204361.663541489,441046.473725168,2026-05-01 22:46:16,I,01,영업,16.5,,,,,,,,,2024-04-23 12:57:28,2024-03-15,16.50,137-899,서울특별시 서초구 양재동 401-6 103호,N,,3210000-104-2024-00110,,3210000,"서울특별시 서초구 논현로1길 20, 우주빌딩 103호 (양재동)",06791,01,영업/정상,커피숍,,,,
기타,,이글,일반조리판매,1995-07-20,,,2026-05-01 22:43:47,I,02,폐업,24.57,,,,0,기타,,,,2001-09-29 00:00:00,1995-01-11,24.57,137-882,서울특별시 서초구 서초동 1688-7,N,0,3210000-104-1995-00712,,3210000,,,03,폐업,일반조리판매,02-0536-1836,,,상수도전용
,,CU 우면사랑점,편의점,2021-05-31,202095.438446167,439730.929547293,2026-05-01 22:45:58,I,02,폐업,10,,,,,,,,,2021-05-31 14:14:15,2018-10-31,10.00,137-140,서울특별시 서초구 우면동 787 101호,N,,3210000-104-2018-00363,,3210000,"서울특별시 서초구 양재대로2길 8, 서초리슈빌S글로벌 1층 101호 (우면동)",06768,03,폐업,편의점,,,,
,,폴 바셋 강남삼성타운점,기타 휴게음식점,2015-10-19,202349.122501179,443736.168681565,2026-05-01 22:45:34,I,02,폐업,276.38,,,,,,,,,2015-10-05 16:24:25,2015-10-05,276.38,137-858,서울특별시 서초구 서초동 1327-1 1층 홍우제2빌딩,N,,3210000-104-2015-00236,,3210000,"서울특별시 서초구 서초대로78길 22, 1층 (서초동, 홍우제2빌딩)",06621,03,폐업,기타 휴게음식점,02-2056-3035,,,
,,바나프레소 가산안양천점,커피숍,,189035.650969052,441817.164621805,2026-05-01 22:36:36,I,01,영업,46.45,,,,,,,,,2025-08-11 13:37:07,2024-04-15,46.45,153-803,서울특별시 금천구 가산동 547-78,N,,3170000-104-2024-00033,,3170000,"서울특별시 금천구 가산디지털2로 127-143, 더센티아 1층 101호 (가산동)",08505,01,영업/정상,커피숍,,,,
,,(주)한울에프앤에스 대법원북카페,커피숍,,200403.913823457,443343.497359744,2026-05-01 22:46:13,I,01,영업,45.43,,,,,,,,,2024-02-22 14:32:22,2023-06-28,45.43,137-750,서울특별시 서초구 서초동 967 대법원 서관 2층,N,,3210000-104-2023-00204,,3210000,"서울특별시 서초구 서초대로 219, 대법원 서관 2층 (서초동)",06590,01,영업/정상,커피숍,,,,
,,카페 루앤비,커피숍,2021-11-23,189538.020935968,441982.427934953,2026-05-01 22:35:48,I,02,폐업,36.65,,,,,,,,,2021-11-23 12:42:49,2014-03-11,36.65,153-803,서울특별시 금천구 가산동 371-28,N,,3170000-104-2014-00006,,3170000,"서울특별시 금천구 가산디지털1로 168, A동 지상1층 122호 (가산동, 우림라이온스밸리)",08507,03,폐업,커피숍,,,,상수도전용
,,헤르비폴즈,커피숍,2024-10-28,198651.587549172,442050.831458382,2026-05-01 22:46:08,I,02,폐업,40.64,,,,,,,,,2024-10-28 10:01:00,2022-01-03,40.64,137-819,서울특별시 서초구 방배동 460-22 1층,N,,3210000-104-2022-00001,,3210000,"서울특별시 서초구 청두곶길 44, 1층 (방배동)",06678,03,폐업,커피숍,,,,
아파트지역,,궁전병과사,과자점,1997-01-31,201107.634736928,443999.067092566,2026-05-01 22:43:34,I,02,폐업,11.25,,,,1,갑,,,,2001-09-29 00:00:00,1989-12-01,11.25,137-882,서울특별시 서초구 서초동 1685-3,N,0,3210000-104-1989-01850,,3210000,,,03,폐업,과자점,02-0535-0002,,,상수도전용
,,Healthy rabbit (헬시래빗),커피숍,2020-08-10,199677.237635178,442162.401654678,2026-05-01 22:45:44,I,02,폐업,13.61,,,,,,,,,2020-08-10 13:58:12,2016-11-21,13.61,137-842,서울특별시 서초구 방배동 909-9 1층,N,,3210000-104-2016-00452,,3210000,"서울특별시 서초구 방배로 81, 1층 (방배동)",06686,03,폐업,커피숍,,,,
,,미니스톱금천가산점,편의점,2024-02-27,190360.095228614,441704.231986139,2026-05-01 22:35:25,I,02,폐업,1.02,,,,1,,,,,2024-02-27 10:56:03,2003-03-29,1.02,153-801,서울특별시 금천구 가산동 145-27 지상1층,N,0,3170000-104-2003-00007,,3170000,"서울특별시 금천구 가산로 134, 지상1층 (가산동)",08528,03,폐업,편의점,02-859-9039,,,상수도전용
,,훼미리마트 신림푸르지오,편의점,2012-11-21,191941.449524903,442055.183452739,2026-05-01 22:35:39,I,02,폐업,0.61,,,,,,,,,2011-05-25 11:43:49,2011-05-20,.61,153-820,서울특별시 금천구 독산동 901-9 지상1층 107호,N,,3170000-104-2011-00042,,3170000,,,03,폐업,편의점,,,,상수도전용
,,직화&뚝배기,일반조리판매,2010-11-09,203059.646700644,439960.533113874,2026-05-01 22:44:44,I,02,폐업,56.8,,,,0,,,,,2010-10-29 12:24:59,2006-01-05,56.80,137-917,서울특별시 서초구 양재동 217 오토갤러리 지하1층 금관 B111호,N,0,3210000-104-2006-00001,,3210000,,,03,폐업,일반조리판매,,,,상수도전용
,,세븐일레븐 서초이오빌점,편의점,,201070.374374053,442706.851934959,2026-05-01 22:44:33,I,01,영업,6.6,,,,0,,,,,2023-07-05 18:04:41,2003-09-18,6.60,137-876,서울특별시 서초구 서초동 1593-7 1층,N,0,3210000-104-2003-00128,,3210000,"서울특별시 서초구 효령로53길 45 (서초동,1층)",06652,01,영업/정상,편의점,02-2635-8904,,,상수도전용
기타,,화이트볼,다방,2000-11-14,198353.821141141,441680.775837941,2026-05-01 22:43:53,I,02,폐업,78,,,,0,기타,,,,2001-09-29 00:00:00,1996-02-03,78.00,137-818,서울특별시 서초구 방배동 444-7,N,0,3210000-104-1996-00866,,3210000,,,03,폐업,다방,02-597-6077,,,상수도전용
,,메가엠지씨커피 양재말죽거리점,커피숍,,203311.510959821,442373.928309843,2026-05-01 22:46:16,I,01,영업,42.07,,,,,,,,,2024-03-05 10:24:44,2024-03-05,42.07,137-887,서울특별시 서초구 양재동 8-71 1층 101호,N,,3210000-104-2024-00085,,3210000,"서울특별시 서초구 남부순환로356길 33, 1층 101호 (양재동)",06742,01,영업/정상,커피숍,,,,
,,양양카페제이(J),커피숍,,341605.381108082,509819.601518856,2026-05-01 03:03:03,U,01,영업,47.25,,,,,,,,,2026-04-30 13:32:55,2024-04-17,47.25,,강원특별자치도 양양군 양양읍 성내리 113-13,N,,4351000-104-2024-00011,,4351000,강원특별자치도 양양군 양양읍 한고개길 21,25060,01,영업/정상,커피숍,,,,상수도전용
,,화이어 큐브스테이크,기타 휴게음식점,2017-12-31,203392.793460583,440676.379919661,2026-05-01 22:45:50,I,02,폐업,10,,,,,,,,,2018-01-03 11:52:55,2017-06-07,10.00,137-130,서울특별시 서초구 양재동 232 양재aT센터 1층,N,,3210000-104-2017-00255,,3210000,"서울특별시 서초구 강남대로 27, 양재aT센터 1층 (양재동)",06774,03,폐업,기타 휴게음식점,,,,
기타,,쓰리프리아이스크림,패스트푸드,1999-12-23,198959.592107775,444419.355874127,2026-05-01 22:43:46,I,02,폐업,31.58,,,,0,기타,,,,2001-09-29 00:00:00,1995-04-20,31.58,137-812,서울특별시 서초구 반포동 1189-0 k동동 13호,N,0,3210000-104-1995-00436,,3210000,,,03,폐업,패스트푸드,02-536-4593,,,상수도전용
,,cafe人(카페인),커피숍,2020-10-30,188968.189711073,442119.780901928,2026-05-01 22:35:38,I,02,폐업,42.78,,,,,,,,,2020-10-30 12:34:26,2011-01-06,42.78,153-803,서울특별시 금천구 가산동 493-6 대륭테크노터운6차 B106호,N,,3170000-104-2011-00002,,3170000,"서울특별시 금천구 서부샛길 648, B106호 (가산동, 대륭테크노터운6차)",08504,03,폐업,커피숍,02-851-5067,,,
,,마이빈,기타 휴게음식점,2024-07-21,203392.793460583,440676.379919661,2026-05-01 22:46:17,I,02,폐업,0,,,,,,,,,2024-07-22 04:15:09,2024-07-10,,137-787,서울특별시 서초구 양재동 232 AT센터 1층 제1전시장,N,,3210000-104-2024-00257,,3210000,"서울특별시 서초구 강남대로 27, AT센터 1층 제1전시장 (양재동)",06774,03,폐업,기타 휴게음식점,,,,
,,생생돈가스,기타 휴게음식점,2019-12-20,201612.748824471,443077.280484615,2026-05-01 22:45:55,I,02,폐업,46.2,,,,,,,,,2019-12-20 14:37:59,2018-06-05,46.20,137-880,서울특별시 서초구 서초동 1649-16 1층103호,N,,3210000-104-2018-00204,,3210000,"서울특별시 서초구 사임당로 85, 1층 103호 (서초동)",06637,03,폐업,기타 휴게음식점,,,,
,,커피니 포이사거리점,커피숍,2017-02-13,203862.1,441554.935,2026-05-01 22:45:37,I,02,폐업,37.6,,,,,,,,,2016-09-23 15:51:57,2016-01-25,37.60,137-895,서울특별시 서초구 양재동 276 102호,Y,,3210000-104-2016-00020,,3210000,"서울특별시 서초구 마방로10길 33, 1층 102호 (양재동)",06775,03,폐업,커피숍,,,,
,,GS25 방배브라운,편의점,,199434.170146945,442749.863044118,2026-05-01 22:45:50,I,01,영업,3.3,,,,,,,,,2017-06-29 15:38:26,2017-06-29,3.30,137-841,서울특별시 서초구 방배동 898-6 1층,N,,3210000-104-2017-00295,,3210000,"서울특별시 서초구 방배로 146, 1층 (방배동)",06664,01,영업/정상,편의점,,,,
,,훼미리마트 반포대교,커피숍,2012-03-08,199988.339466379,445001.037013007,2026-05-01 22:45:15,I,02,폐업,3.3,,,,,,,,,2011-04-21 11:14:33,2011-04-21,3.30,137-909,서울특별시 서초구 잠원동 76 시티21오피스텔상가1층 104,N,,3210000-104-2011-00083,,3210000,,,03,폐업,커피숍,02-599-0680,,,
,,하하,기타 휴게음식점,2017-12-31,203392.793460583,440676.379919661,2026-05-01 22:45:50,I,02,폐업,10,,,,,,,,,2018-01-03 12:12:47,2017-06-05,10.00,137-787,"서울특별시 서초구 양재동 232 1층, 양재AT센터 제1전시관",N,,3210000-104-2017-00252,,3210000,"서울특별시 서초구 강남대로 27, 1층 (양재동, 양재AT센터 제1전시관)",06774,03,폐업,기타 휴게음식점,,,,
주택가주변,,백송다방,다방,1999-07-30,201738.177532977,444653.121903547,2026-05-01 22:43:22,I,02,폐업,63.84,,,,2,지도,,,,2001-09-29 00:00:00,1984-08-17,63.84,137-810,서울특별시 서초구 반포동 742-22,N,0,3210000-104-1984-00954,,3210000,,,03,폐업,다방,,,,상수도전용
,,카페하트,커피숍,2021-10-13,206059.856619754,439252.151463844,2026-05-01 22:45:58,I,02,폐업,27.45,,,,,,,,,2021-10-13 12:07:39,2018-10-11,27.45,137-180,서울특별시 서초구 내곡동 375 서울시립어린이병원,N,,3210000-104-2018-00332,,3210000,"서울특별시 서초구 헌릉로 260, 서울시립어린이병원 지하1층 (내곡동)",06801,03,폐업,커피숍,,,,
,,GS25 서초샘마을점,기타 휴게음식점,,206222.68463863,439514.19119965,2026-05-01 22:46:08,I,01,영업,3.3,,,,,,,,,2022-01-11 14:29:53,2022-01-11,3.30,137-180,서울특별시 서초구 내곡동 1-175 1층,N,,3210000-104-2022-00015,,3210000,"서울특별시 서초구 샘마을길 3-2, 1층 (내곡동)",06794,01,영업/정상,기타 휴게음식점,,,,
,,세븐일레븐 금천스카이점,편의점,,191106.016949341,438602.864288662,2026-05-01 22:36:15,I,01,영업,9.9,,,,,,,,,2022-12-05 16:26:28,2019-02-13,9.90,153-864,서울특별시 금천구 시흥동 989-9 스카이아파트,N,,3170000-104-2019-00029,,3170000,"서울특별시 금천구 시흥대로47길 35, 1층 102호,103호 (시흥동, 스카이아파트)",08636,01,영업/정상,편의점,,,,
아파트지역,,로망스베이커리,과자점,1997-04-04,201507.653121522,444237.738909172,2026-05-01 22:43:36,I,02,폐업,25.5,,,,1,지도,,,,2002-08-07 00:00:00,1990-07-09,25.50,137-882,서울특별시 서초구 서초동 1684-0,N,1,3210000-104-1990-02124,,3210000,,,03,폐업,과자점,02-537-2403,,,상수도전용
,,카페 나루터로,커피숍,,201480.042736254,446060.441253163,2026-05-01 22:46:08,I,01,영업,31.16,,,,,,,,,2021-10-13 12:00:40,2021-10-13,31.16,137-902,서울특별시 서초구 잠원동 10-20 1층,N,,3210000-104-2021-00290,,3210000,"서울특별시 서초구 나루터로15길 27, 1층 (잠원동)",06525,01,영업/정상,커피숍,,,,
,,커피 프랑스,커피숍,2025-12-03,201591.166841786,446100.917105583,2026-05-01 22:46:20,I,02,폐업,152,,,,,,,,,2025-12-03 15:20:22,2025-03-05,152.00,137-902,서울특별시 서초구 잠원동 12-25 1층,N,,3210000-104-2025-00090,,3210000,"서울특별시 서초구 강남대로 621, 1층 (잠원동)",06524,03,폐업,커피숍,,,,
,,쁘아롱,커피숍,2020-06-25,191301.680931935,438484.863131835,2026-05-01 22:36:13,I,02,폐업,23.12,,,,,,,,,2020-06-25 13:24:22,2018-11-16,23.12,153-864,서울특별시 금천구 시흥동 986 106호,N,,3170000-104-2018-00147,,3170000,"서울특별시 금천구 시흥대로 163, 1층 106호 (시흥동)",08638,03,폐업,커피숍,,,,
,,마담버터플라이,전통찻집,,201330.159593265,442674.674921413,2026-05-01 22:45:09,I,01,영업,60.2,,,,,,,,,2021-02-03 11:16:24,2010-05-28,60.20,137-878,서울특별시 서초구 서초동 1621-3,N,,3210000-104-2010-00112,,3210000,서울특별시 서초구 서초중앙로 48 (서초동),06643,01,영업/정상,전통찻집,02-587-2604,,,
,,Cafe 문달,커피숍,2018-05-18,199372.391318025,442515.97947022,2026-05-01 22:45:26,I,02,폐업,17.68,,,,,,,,,2018-05-18 14:26:59,2014-06-16,17.68,137-843,서울특별시 서초구 방배동 927-35 1층,N,,3210000-104-2014-00107,,3210000,"서울특별시 서초구 방배로19길 25, 1층 (방배동)",06682,03,폐업,커피숍,,,,
주택가주변,,훼미리마트(방배3점),편의점,2013-02-15,198726.064605663,443529.497430663,2026-05-01 22:43:44,I,02,폐업,17.84,,,,0,기타,,,,2013-02-07 12:39:16,1993-08-23,17.84,137-829,서울특별시 서초구 방배동 777-1,N,0,3210000-104-1993-02180,,3210000,,,03,폐업,편의점,02-0595-1465,,,상수도전용
,,에이피 스탁 카페(AP stock cafe),커피숍,2022-11-15,203744.473032779,442062.264307244,2026-05-01 22:46:07,I,02,폐업,102.1,,,,,,,,,2022-11-15 10:50:55,2021-05-28,102.10,137-890,서울특별시 서초구 양재동 84-14 1층,N,,3210000-104-2021-00149,,3210000,"서울특별시 서초구 논현로 123, 1층 (양재동)",06746,03,폐업,커피숍,,,,
,,빠스인터내셔날,일반조리판매,2002-08-28,190704.904312713,440940.384414334,2026-05-01 22:35:25,I,02,폐업,0,,,,,,,,,2002-07-05 00:00:00,2002-07-05,,153-813,서울특별시 금천구 독산동 295-10 롯데마트금천점,N,,3170000-104-2002-00353,,3170000,,,03,폐업,일반조리판매,02-2109-7582,,,
,,맛짱분식,일반조리판매,2009-05-18,191810.5787167,438587.085168972,2026-05-01 22:35:32,I,02,폐업,25.04,,,,0,,,,,2008-02-19 12:52:38,2007-03-19,25.04,153-859,서울특별시 금천구 시흥동 918-13 지상1층 (별장길 30),N,0,3170000-104-2007-00023,,3170000,,,03,폐업,일반조리판매,02-804-8047,,,상수도전용
,,팥수다,커피숍,2018-05-03,200633.69919775,442275.350430568,2026-05-01 22:45:24,I,02,폐업,27.31,,,,,,,,,2018-05-23 09:27:51,2013-07-24,27.31,137-868,서울특별시 서초구 서초동 1480-4 지하1층,N,,3210000-104-2013-00121,,3210000,"서울특별시 서초구 반포대로9길 65, 지하1층 (서초동)",,03,폐업,커피숍,,,,
,,카페리빈 홈플러스 금천점,커피숍,,190809.507840375,440728.382273075,2026-05-01 22:36:18,I,01,영업,62.8,,,,,,,,,2025-02-10 11:18:14,2019-09-06,62.80,153-813,"서울특별시 금천구 독산동 291-7 홈플러스 금천점 지상4층 X7,YE호",N,,3170000-104-2019-00137,,3170000,"서울특별시 금천구 시흥대로 391, 홈플러스 금천점 지상4층 X7,YE호 (독산동)",08584,01,영업/정상,커피숍,,,,
,,블루샥(가산DK점),커피숍,,189262.863257737,442093.310518456,2026-05-01 22:36:36,I,01,영업,68.75,,,,,,,,,2024-04-04 14:58:17,2024-04-04,68.75,153-803,서울특별시 금천구 가산동 459-14,N,,3170000-104-2024-00030,,3170000,"서울특별시 금천구 가산디지털2로 144, 1층 103호 (가산동)",08503,01,영업/정상,커피숍,,,,
기타,,크레이프라이언 가산점,기타 휴게음식점,2020-08-18,190119.463375612,441716.684586176,2026-05-01 22:36:19,I,02,폐업,14.2,,,,1,기타,,,,2020-08-18 13:50:17,2020-01-02,14.20,153-801,서울특별시 금천구 가산동 60-8 현대시티아울렛 가산점 지상6층,N,1,3170000-104-2020-00001,,3170000,"서울특별시 금천구 디지털로10길 9, 현대시티아울렛 가산점 지상6층 (가산동)",08514,03,폐업,기타 휴게음식점,,,,
,,레인이어 에스프레소,다방,2006-10-30,201330.348733922,442549.663585693,2026-05-01 22:44:23,I,02,폐업,39.6,,,,0,,,,,2002-12-28 00:00:00,2001-10-27,39.60,137-953,서울특별시 서초구 서초동 1602-10,N,0,3210000-104-2001-16121,,3210000,,,03,폐업,다방,,,,
,,(주)제이와이에스유통,기타 휴게음식점,2022-08-24,200250.447804795,444683.220506107,2026-05-01 22:46:10,I,02,폐업,0,,,,,,,,,2022-08-25 04:15:10,2022-08-01,.00,137-713,서울특별시 서초구 반포동 19-3 지하1,N,,3210000-104-2022-00247,,3210000,"서울특별시 서초구 신반포로 176, 센트럴시티 지하1층 (반포동)",06546,03,폐업,기타 휴게음식점,031-268-5468,,,
,,(주)이지웨이코리아,패스트푸드,2021-12-01,200250.447804795,444683.220506107,2026-05-01 22:45:34,I,02,폐업,3,,,,,,,,,2021-12-06 14:27:08,2015-10-05,3.00,137-713,서울특별시 서초구 반포동 19-3 신세계백화점 강남점 지하1층,N,,3210000-104-2015-00235,,3210000,"서울특별시 서초구 신반포로 176 (반포동, 신세계백화점 강남점 지하1층 )",06546,03,폐업,패스트푸드,,,,
,,티버드까페 강남점,커피숍,2021-06-07,202459.370530969,443476.657703851,2026-05-01 22:45:50,I,02,폐업,19,,,,,,,,,2021-06-07 09:15:02,2017-07-07,19.00,137-858,"서울특별시 서초구 서초동 1330-14 1층, 송림빌딩 102호",N,,3210000-104-2017-00312,,3210000,"서울특별시 서초구 서초대로78길 48, 1층 102호 (서초동, 송림빌딩)",06626,03,폐업,커피숍,,,,
,,투썸플레이스 방배CJ건설사옥점,커피숍,2023-12-05,199971.14619007,441431.482365654,2026-05-01 22:45:28,I,02,폐업,46.44,,,,,,,,,2023-12-05 11:28:48,2014-12-15,46.44,137-851,서울특별시 서초구 방배동 1026-25 방배CJ빌딩,N,,3210000-104-2014-00267,,3210000,"서울특별시 서초구 남부순환로 2271, 지하1층 (방배동, 방배CJ빌딩)",06703,03,폐업,커피숍,,,,
기타,,미즈피자,일반조리판매,1999-04-30,200576.608647619,445241.8984183,2026-05-01 22:43:42,I,02,폐업,3.7,,,,2,기타,,,,2001-09-29 00:00:00,1993-09-18,3.70,137-908,서울특별시 서초구 잠원동 70-2,N,1,3210000-104-1993-00755,,3210000,,,03,폐업,일반조리판매,02-0595-8941,,,상수도전용
,,오야츠오,패스트푸드,2013-07-22,200250.447804795,444683.220506107,2026-05-01 22:45:21,I,02,폐업,6.5,,,,,,,,,2013-03-18 11:46:46,2013-03-18,6.50,137-713,서울특별시 서초구 반포동 19-3 신세계백화점 강남점 지하1층,N,,3210000-104-2013-00035,,3210000,"서울특별시 서초구 신반포로 176, 지하1층 (반포동, 신세계백화점 강남점)",06546,03,폐업,패스트푸드,,,,
,,제프리,일반조리판매,,198915.331370458,443400.535370535,2026-05-01 22:46:03,I,01,영업,13.55,,,,,,,,,2020-06-17 09:09:55,2020-02-06,13.55,137-830,서울특별시 서초구 방배동 794-12 지하1층,N,,3210000-104-2020-00036,,3210000,"서울특별시 서초구 방배로35길 14, 지하1층 (방배동)",06561,01,영업/정상,일반조리판매,02-6014-0445,,,
,,바론 카페,커피숍,2022-11-21,203136.004274842,442346.534275435,2026-05-01 22:46:03,I,02,폐업,8.08,,,,,,,,,2022-11-21 15:19:53,2020-02-26,8.08,137-888,서울특별시 서초구 양재동 13-9 1층,N,,3210000-104-2020-00054,,3210000,"서울특별시 서초구 남부순환로350길 36, 1층 (양재동)",06736,03,폐업,커피숍,,,,
,,드링크업,푸드트럭,,190133.090867042,440488.211247025,2026-05-01 22:36:09,I,01,영업,10,,,,,,,,,2022-03-22 14:39:08,2018-04-06,10.00,153-023,서울특별시 금천구 가산동 717 독산역2번출구 앞 광장,N,,3170000-104-2018-00043,,3170000,"서울특별시 금천구 벚꽃로 115, 독산역2번출구 앞 광장 (가산동)",08601,01,영업/정상,푸드트럭,,,,
,,초록그린 델리,기타 휴게음식점,,201930.014907812,443904.461723691,2026-05-01 22:46:17,I,01,영업,30.22,,,,,,,,,2024-06-17 10:46:03,2024-06-17,30.22,137-856,서울특별시 서초구 서초동 1315 진흥상가 1층 110호,N,,3210000-104-2024-00227,,3210000,"서울특별시 서초구 서초대로 389, 진흥상가 1층 110호 (서초동)",06617,01,영업/정상,기타 휴게음식점,,,,
,,(주)예광인터내셔널,일반조리판매,2006-07-18,200250.447804795,444683.220506107,2026-05-01 22:44:46,I,02,폐업,16.5,,,,0,,,,,2006-07-18 00:00:00,2006-07-04,16.50,137-713,서울특별시 서초구 반포동 19-3 신세계강남점 지하1층,N,0,3210000-104-2006-00072,,3210000,,,03,폐업,일반조리판매,,,,상수도전용
,,Another Nania,커피숍,2011-03-23,200745.427756827,443096.063210617,2026-05-01 22:45:07,I,02,폐업,100.8,,,,,,,,,2009-12-21 15:09:40,2009-12-21,100.80,137-872,서울특별시 서초구 서초동 1543-3,N,,3210000-104-2009-00290,,3210000,,,03,폐업,커피숍,02-594-5104,,,
,,에이치투에프앤비,일반조리판매,2025-08-01,200576.608647619,445241.8984183,2026-05-01 22:46:21,I,02,폐업,0,,,,,,,,,2025-08-02 04:15:09,2025-07-03,,137-908,서울특별시 서초구 잠원동 70-2 지하1층,N,,3210000-104-2025-00248,,3210000,"서울특별시 서초구 잠원로 51, 지하1층 (잠원동)",06511,03,폐업,일반조리판매,,,,
,,달콤커피 양재근린공원점,커피숍,2022-05-30,203925.98,441138.42,2026-05-01 22:45:43,I,02,폐업,49.14,,,,,,,,,2022-05-30 16:34:51,2016-10-18,49.14,137-896,"서울특별시 서초구 양재동 291-24 플라워하우스 101호,102호",Y,,3210000-104-2016-00406,,3210000,"서울특별시 서초구 동산로13길 12, 1층 101호,102호 (양재동, 플라워하우스)",06781,03,폐업,커피숍,02-575-1324,,,
,,씨유 금천반수공원점,편의점,2026-04-16,191317.655683866,441321.651722796,2026-05-01 22:36:36,I,02,폐업,3.3,,,,,,,,,2026-04-16 11:48:52,2024-04-25,3.30,153-825,서울특별시 금천구 독산동 978-20,N,,3170000-104-2024-00036,,3170000,"서울특별시 금천구 독산로93길 12, 1층 일부호 (독산동)",08542,03,폐업,편의점,,,,
,,쉼,패스트푸드,2015-12-10,202100.548018749,444515.155344243,2026-05-01 22:44:46,I,02,폐업,32.43,,,,0,,,,,2014-03-20 10:44:14,2006-05-02,32.43,137-855,서울특별시 서초구 서초동 1303-35 지하1층B102호,N,0,3210000-104-2006-00050,,3210000,"서울특별시 서초구 강남대로 455, 지하1층 B102호 (서초동)",06611,03,폐업,패스트푸드,,,,상수도전용
주택가주변,,좋은친구들서초현대,편의점,1999-12-01,200858.026812403,443222.461087817,2026-05-01 22:43:55,I,02,폐업,5.45,,,,0,기타,,,,2001-09-29 00:00:00,1997-03-22,5.45,137-873,서울특별시 서초구 서초동 1556-9,N,0,3210000-104-1997-00467,,3210000,,,03,폐업,편의점,02-893-5436,,,상수도전용
,,(주)경성미가,백화점,2017-12-29,200250.447804795,444683.220506107,2026-05-01 22:45:10,I,02,폐업,3,,,,,,,,,2017-12-29 14:55:31,2010-08-30,3.00,137-713,서울특별시 서초구 반포동 19-3 신세계백화점 지하1층,N,,3210000-104-2010-00176,,3210000,"서울특별시 서초구 신반포로 176 (반포동,신세계백화점 지하1층)",06546,03,폐업,백화점,02-3479-1665,,,
,,오렌지슬랩(왤차이),패스트푸드,2019-11-15,203392.793460583,440676.379919661,2026-05-01 22:46:00,I,02,폐업,4.5,,,,,,,,,2019-11-15 11:15:56,2019-02-08,4.50,137-787,서울특별시 서초구 양재동 232 AT센터 1층,N,,3210000-104-2019-00046,,3210000,"서울특별시 서초구 강남대로 27, AT센터 1층 (양재동)",06774,03,폐업,패스트푸드,,,,
,,티푸드,기타 휴게음식점,2017-05-16,198389.022273532,441358.650490197,2026-05-01 22:45:34,I,02,폐업,15.96,,,,,,,,,2017-05-16 12:37:09,2015-10-12,15.96,137-853,서울특별시 서초구 방배동 2525 우성상가 1층 7호,Y,,3210000-104-2015-00243,,3210000,"서울특별시 서초구 과천대로 946, 1층 7호 (방배동, 우성상가 )",06760,03,폐업,기타 휴게음식점,,,,
,,CU 서초골드로즈점,편의점,,202429.934281815,443439.264963001,2026-05-01 22:46:00,I,01,영업,73,,,,,,,,,2019-04-30 11:03:04,2019-04-30,73.00,137-858,서울특별시 서초구 서초동 1330-6 강남역 롯데골드로즈 1층 103호,N,,3210000-104-2019-00124,,3210000,"서울특별시 서초구 서초대로74길 51, 강남역 롯데골드로즈 1층 103호 (서초동)",06626,01,영업/정상,편의점,,,,
,,투썸 가산하이앤드점,커피숍,2023-09-25,190089.848501108,441320.86732122,2026-05-01 22:36:18,I,02,폐업,262.2,,,,,,,,,2023-09-25 14:24:33,2019-10-07,262.20,153-801,"서울특별시 금천구 가산동 219-6 에이스 하이엔드타워 클래식 지식산업센터 지상1층 122,123,128호",N,,3170000-104-2019-00148,,3170000,"서울특별시 금천구 벚꽃로24길 26, 에이스 하이엔드타워 클래식 지식산업센터 지상1층 122,123,128호 (가산동)",08517,03,폐업,커피숍,,,,
기타,,곰,다방,2002-02-08,191430.914599109,437792.713058127,2026-05-01 22:35:03,I,02,폐업,92.4,,,,4,지도,,,,2002-01-11 00:00:00,1985-08-09,92.40,153-861,서울특별시 금천구 시흥동 954-1,N,1,3170000-104-1985-00240,,3170000,,,03,폐업,다방,02-0802-5753,,,상수도전용
,,이디야커피 광탄점,커피숍,2026-04-30,186426.272419406,475594.644283329,2026-05-01 03:03:03,U,02,폐업,82,,,,,,,,,2026-04-30 13:16:37,2020-04-28,82.00,413-852,경기도 파주시 광탄면 신산리 369-6,N,,4060000-104-2020-00083,,4060000,"경기도 파주시 광탄면 혜음로 1138, 1층 일부",10948,03,폐업,커피숍,,,,상수도전용
,,벨라빈스 커피,커피숍,2012-10-11,201849.865701888,445237.646594155,2026-05-01 22:45:18,I,02,폐업,109.84,,,,,,,,,2012-01-30 13:21:17,2012-01-30,109.84,137-809,서울특별시 서초구 반포동 722-3 1층,N,,3210000-104-2012-00015,,3210000,"서울특별시 서초구 강남대로 531, 1층 (반포동)",06536,03,폐업,커피숍,,,,
,,싱글오리진,커피숍,,201879.265466415,440383.505965875,2026-05-01 22:46:11,I,01,영업,40.41,,,,,,,,,2022-08-25 12:40:19,2022-08-25,40.41,137-901,서울특별시 서초구 우면동 687 우면삼성프라자-2 1층 102호,N,,3210000-104-2022-00277,,3210000,"서울특별시 서초구 성촌1길 12, 우면삼성프라자-2 1층 102호 (우면동)",06765,01,영업/정상,커피숍,,,,
,,요거프레소 가산1호점,커피숍,2018-12-17,189417.678263584,441342.660096623,2026-05-01 22:35:59,I,02,폐업,39.13,,,,,,,,,2018-12-17 14:57:46,2016-10-21,39.13,153-802,서울특별시 금천구 가산동 345-33,N,,3170000-104-2016-00114,,3170000,"서울특별시 금천구 가산디지털2로 67, 102-1호 (가산동, 에이스하이엔드타워7)",08588,03,폐업,커피숍,,,,
,,우지커피 가산어반워크점,커피숍,2026-03-20,189161.545672175,441988.711766202,2026-05-01 22:36:40,I,02,폐업,46.62,,,,,,,,,2026-03-20 10:04:22,2025-12-04,46.62,153-803,서울특별시 금천구 가산동 451-1 가산 어반워크I,N,,3170000-104-2025-00105,,3170000,"서울특별시 금천구 가산디지털2로 135, 가산 어반워크I 1층 104호 (가산동)",08504,03,폐업,커피숍,,,,
,,토마토푸드,일반조리판매,2010-10-22,191773.733974232,441867.685548773,2026-05-01 22:35:34,I,02,폐업,25.8,,,,,,,,,2008-09-29 09:25:35,2008-09-12,25.80,153-820,서울특별시 금천구 독산동 903-32 지상1층(개나리길27),N,,3170000-104-2008-00035,,3170000,,,03,폐업,일반조리판매,02-851-1121,,,상수도전용
,,하우스까페,커피숍,,206718.158151117,439158.925369698,2026-05-01 22:45:41,I,01,영업,33,,,,,,,,,2016-05-31 16:20:49,2016-05-31,33.00,137-180,서울특별시 서초구 내곡동 1-392 1층,N,,3210000-104-2016-00223,,3210000,"서울특별시 서초구 신흥안길 40-27, 1층 (내곡동)",06801,01,영업/정상,커피숍,,,,
,,채은,커피숍,2018-04-09,199830.637904087,443942.585153551,2026-05-01 22:45:50,I,02,폐업,3.3,,,,,,,,,2018-04-09 12:35:03,2017-06-02,3.30,137-805,서울특별시 서초구 반포동 90-3 1층 103호,N,,3210000-104-2017-00251,,3210000,"서울특별시 서초구 서래로6길 10, 1층 (반포동)",06577,03,폐업,커피숍,,,,
,,모모스테이크,일반조리판매,2015-11-27,189943.234285288,441784.247518723,2026-05-01 22:35:50,I,02,폐업,25.44,,,,,,,,,2015-07-16 10:45:28,2014-09-19,25.44,153-801,서울특별시 금천구 가산동 60-22 마리오아울렛 1관 지상 5층,N,,3170000-104-2014-00086,,3170000,"서울특별시 금천구 디지털로 185, 지상5층 (가산동, 마리오아울렛 1관)",08511,03,폐업,일반조리판매,02-2109-7000,,,
기타,,코니아일랜드,과자점,2004-12-29,200576.608647619,445241.8984183,2026-05-01 22:43:28,I,02,폐업,11.06,,,,2,지도,,,,2003-07-03 00:00:00,1986-04-07,11.06,137-908,서울특별시 서초구 잠원동 70-2 지하1층,N,0,3210000-104-1986-01810,,3210000,,,03,폐업,과자점,02-0537-0735,,,상수도전용
아파트지역,,바이더웨이반포점,편의점,1993-12-24,199059.644180682,444396.094036908,2026-05-01 22:43:42,I,02,폐업,17.87,,,,1,자율,,,,2001-09-29 00:00:00,1993-07-14,17.87,137-811,"서울특별시 서초구 반포동 978-0 반포상가 L동동 3,4호",N,1,3210000-104-1993-00590,,3210000,,,03,폐업,편의점,02-536-2927,,,상수도전용
,,빈스앤와플,커피숍,2015-04-30,202523.427385959,443426.91462957,2026-05-01 22:45:08,I,02,폐업,72.6,,,,,,,,,2013-09-26 10:46:54,2010-02-02,72.60,137-858,서울특별시 서초구 서초동 1329-9 (1층),N,,3210000-104-2010-00016,,3210000,"서울특별시 서초구 사임당로 181 (서초동,(1층))",06626,03,폐업,커피숍,,,,
,,델리카 스타(Delica star),백화점,,200250.447804795,444683.220506107,2026-05-01 22:46:22,I,01,영업,18.5,,,,,,,,,2025-08-21 13:47:23,2025-08-13,18.50,137-713,서울특별시 서초구 반포동 19-3 신세계백화점 강남점 지하1층 식품관,N,,3210000-104-2025-00309,,3210000,"서울특별시 서초구 신반포로 176, 신세계백화점 강남점 지하1층 식품관 (반포동)",06546,01,영업/정상,백화점,,,,
,,스타벅스 금천시흥점,커피숍,,191368.522097415,438529.363086443,2026-05-01 22:36:03,I,01,영업,194.7,,,,1,,,,,2023-02-09 11:28:47,2017-03-08,194.70,153-858,서울특별시 금천구 시흥동 904-22 지상1층,N,1,3170000-104-2017-00016,,3170000,"서울특별시 금천구 시흥대로 164, 지상1층 (시흥동)",08631,01,영업/정상,커피숍,02-805-3360,,,
주택가주변,,동아커피숍,다방,,198857.988211871,443026.910980186,2026-05-01 22:43:31,I,01,영업,65.28,,,,3,자율,,,,2004-12-20 00:00:00,1988-11-19,65.28,137-834,서울특별시 서초구 방배동 831-1,N,0,3210000-104-1988-01275,,3210000,서울특별시 서초구 방배중앙로 114 (방배동),06563,01,영업/정상,다방,02-0533-9119,,,상수도전용
,,조르막(Jormak),커피숍,,200107.387385028,444012.897307673,2026-05-01 22:46:07,I,01,영업,62.74,,,,,,,,,2022-10-28 14:56:50,2021-04-05,62.74,137-807,서울특별시 서초구 반포동 549-12 1층,N,,3210000-104-2021-00099,,3210000,"서울특별시 서초구 반포대로39길 42, 1층 (반포동)",06578,01,영업/정상,커피숍,,,,
,,킹콩이,커피숍,2023-11-07,198448.680593311,443312.729013243,2026-05-01 22:45:28,I,02,폐업,19.8,,,,,,,,,2023-11-07 17:37:24,2014-10-29,19.80,137-829,서울특별시 서초구 방배동 783-24 1층,N,,3210000-104-2014-00279,,3210000,"서울특별시 서초구 동작대로 172, 1층 (방배동)",06559,03,폐업,커피숍,,,,
,,사랑해 북갤러리,기타 휴게음식점,2024-01-25,203098.921732243,441401.470981009,2026-05-01 22:45:35,I,02,폐업,97,,,,,,,,,2024-01-25 15:27:02,2015-10-20,97.00,137-891,"서울특별시 서초구 양재동 115-6 푸르니빌딩 1층, 2층",Y,,3210000-104-2015-00254,,3210000,"서울특별시 서초구 양재천로7길 16, 1층,2층 (양재동, 푸르니빌딩 )",06754,03,폐업,기타 휴게음식점,,,,
,,맛깔참죽,일반조리판매,2013-09-02,201322.30487951,442566.64109412,2026-05-01 22:44:49,I,02,폐업,92.4,,,,0,,,,,2009-01-22 09:43:10,2007-01-03,92.40,137-953,서울특별시 서초구 서초동 1602-8 1층,N,0,3210000-104-2007-00001,,3210000,,,03,폐업,일반조리판매,02-521-6238,,,상수도전용
,,씨유잠원성한점,편의점,2019-06-12,201751.135625743,445484.585761133,2026-05-01 22:45:36,I,02,폐업,6.6,,,,,,,,,2019-06-12 13:17:42,2015-11-27,6.60,137-905,서울특별시 서초구 잠원동 37-7 1층 성한빌딩,Y,,3210000-104-2015-00319,,3210000,"서울특별시 서초구 강남대로 557, 1층 (잠원동, 성한빌딩)",06531,03,폐업,편의점,,,,
,,감동푸드,기타 휴게음식점,2025-04-26,200250.447804795,444683.220506107,2026-05-01 22:46:20,I,02,폐업,0,,,,,,,,,2025-04-27 04:15:09,2025-03-28,,137-713,서울특별시 서초구 반포동 19-3 신세계백화점 강남점 지하1층 식품관,N,,3210000-104-2025-00118,,3210000,"서울특별시 서초구 신반포로 176, 신세계백화점 강남점 지하1층 식품관 (반포동)",06546,03,폐업,기타 휴게음식점,,,,
,,참좋은분식,일반조리판매,,201827.431323406,444775.517708756,2026-05-01 22:45:03,I,01,영업,1.9,,,,,,,,,2020-06-17 14:49:11,2009-07-08,1.90,137-810,서울특별시 서초구 반포동 740-2,N,,3210000-104-2009-00140,,3210000,서울특별시 서초구 사평대로53길 19 (반포동),06542,01,영업/정상,일반조리판매,02-3442-6088,,,
,,(주)리빈코리아,커피숍,2003-05-14,200250.447804795,444683.220506107,2026-05-01 22:44:30,I,02,폐업,6,,,,0,,,,,2003-05-01 00:00:00,2003-05-01,6.00,137-713,서울특별시 서초구 반포동 19-3 신세계백화점 지하1층,N,0,3210000-104-2003-00067,,3210000,,,03,폐업,커피숍,02-2234-7622,,,상수도전용
주택가주변,,길머리커피숍,다방,1999-06-17,191414.503461955,438824.706392196,2026-05-01 22:35:18,I,02,폐업,56.7,,,,0,우수,,,,1999-06-21 00:00:00,1998-07-18,56.70,153-858,서울특별시 금천구 시흥동 901-24,N,0,3170000-104-1998-00035,,3170000,,,03,폐업,다방,02-803-7035,,,상수도전용
,,서초스파 구내식당,일반조리판매,2009-01-13,200931.030899497,444209.998155051,2026-05-01 22:44:55,I,02,폐업,62.7,,,,,,,,,2008-04-15 15:04:19,2008-03-05,62.70,137-802,서울특별시 서초구 반포동 50-12 지하3층,N,,3210000-104-2008-00033,,3210000,,,03,폐업,일반조리판매,02-532-4345,,,상수도전용
,,투썸플레이스 사당역 로데오점,커피숍,,198443.027160659,441675.38554831,2026-05-01 22:46:04,I,01,영업,237.22,,,,,,,,,2024-04-25 15:50:47,2020-09-01,237.22,137-818,서울특별시 서초구 방배동 450-25 1층,N,,3210000-104-2020-00237,,3210000,"서울특별시 서초구 방배천로2길 5, 1층 (방배동)",06693,01,영업/정상,커피숍,,,,
기타,,신라,다방,2003-01-20,191394.984180723,441759.756774485,2026-05-01 22:35:04,I,02,폐업,207.32,,,,4,지도,,,,2002-01-11 00:00:00,1987-09-26,207.32,153-823,서울특별시 금천구 독산동 962-48,N,0,3170000-104-1987-00122,,3170000,,,03,폐업,다방,02-0805-0646,,,상수도전용
,,Cafe The Tree,커피숍,,202117.592232177,444488.18998182,2026-05-01 22:45:08,I,01,영업,7.64,,,,,,,,,2025-01-02 14:36:09,2010-03-31,7.64,137-855,서울특별시 서초구 서초동 1303-37 외1필지 서초더블유타워 501호내,N,,3210000-104-2010-00053,,3210000,"서울특별시 서초구 서초대로77길 54 (서초동,외1필지 서초더블유타워 501호내)",06611,01,영업/정상,커피숍,,,,
아파트지역,,박윤열베이커리,과자점,1999-09-16,201512.86372353,444152.061244194,2026-05-01 22:44:06,I,02,폐업,36.77,,,,2,지도,,,,1999-09-16 00:00:00,1998-12-20,36.77,137-882,서울특별시 서초구 서초동 1683-2 극동상가8호,N,0,3210000-104-1998-01881,,3210000,,,03,폐업,과자점,02-591-8022,,,상수도전용
,,코어커피스탠드(coeur coffee stand),커피숍,,201361.269397446,443450.666112467,2026-05-01 22:46:11,I,01,영업,30,,,,,,,,,2022-11-29 10:38:39,2022-11-29,30.00,137-881,서울특별시 서초구 서초동 1669-1 흰돌빌딩,N,,3210000-104-2022-00372,,3210000,"서울특별시 서초구 서초중앙로22길 40, 1층 102호 (서초동)",06633,01,영업/정상,커피숍,,,,
,,이코바이오,일반조리판매,2003-11-12,200250.447804795,444683.220506107,2026-05-01 22:44:33,I,02,폐업,6.6,,,,0,,,,,2003-09-16 00:00:00,2003-09-16,6.60,137-713,서울특별시 서초구 반포동 19-3 신세계백화점 지하1층,N,0,3210000-104-2003-00127,,3210000,,,03,폐업,일반조리판매,02-6300-2525,,,상수도전용
,,리은푸드,기타 휴게음식점,2023-10-18,200250.447804795,444683.220506107,2026-05-01 22:46:14,I,02,폐업,0,,,,,,,,,2023-10-19 04:15:09,2023-10-10,,137-713,서울특별시 서초구 반포동 19-3,N,,3210000-104-2023-00327,,3210000,"서울특별시 서초구 신반포로 176, 지하1층 (반포동)",06546,03,폐업,기타 휴게음식점,,,,
,,씨유(CU) 독산호산나,편의점,2021-04-29,191683.57332144,441778.351919205,2026-05-01 22:36:15,I,02,폐업,3.3,,,,,,,,,2021-04-29 11:03:17,2019-03-05,3.30,153-818,서울특별시 금천구 독산동 881-44,N,,3170000-104-2019-00038,,3170000,"서울특별시 금천구 남부순환로126길 48, 지상1층 (독산동)",08547,03,폐업,편의점,02-865-0813,,,
,,주바른,기타 휴게음식점,2023-12-31,200250.447804795,444683.220506107,2026-05-01 22:46:15,I,02,폐업,0,,,,,,,,,2024-01-01 04:15:09,2023-11-30,,137-713,서울특별시 서초구 반포동 19-3 신세계백화점 지하1층 식품행사장,N,,3210000-104-2023-00401,,3210000,"서울특별시 서초구 신반포로 176, 신세계백화점 지하1층 식품행사장 (반포동)",06546,03,폐업,기타 휴게음식점,,,,
,,이모네밥집,기타 휴게음식점,2022-03-07,192000.10231401,438820.474769777,2026-05-01 22:36:29,I,02,폐업,24.26,,,,,,,,,2022-03-07 11:06:20,2022-03-02,24.26,153-841,서울특별시 금천구 시흥동 828-21 1층,N,,3170000-104-2022-00025,,3170000,"서울특별시 금천구 금하로25길 31, 1층 (시흥동)",08574,03,폐업,기타 휴게음식점,,,,
,,데일리소유,커피숍,2024-05-27,198709.241495028,442811.258361399,2026-05-01 22:46:13,I,02,폐업,22.27,,,,,,,,,2024-05-27 14:24:45,2023-07-17,22.27,137-838,서울특별시 서초구 방배동 862-1 뉴씨엘 지하1층 B01호,N,,3210000-104-2023-00230,,3210000,"서울특별시 서초구 방배중앙로15길 39, 뉴씨엘 지하1층 B01호 (방배동)",06570,03,폐업,커피숍,,,,
기타,,우성다방,다방,2003-06-03,202607.848078314,442954.228950473,2026-05-01 22:43:25,I,02,폐업,85.8,,,,3,을,,,,2001-09-29 00:00:00,1985-03-16,85.80,137-861,서울특별시 서초구 서초동 1340-0,N,0,3210000-104-1985-01151,,3210000,,,03,폐업,다방,02-0553-9981,,,상수도전용
,,씨유 효령로점,기타 휴게음식점,,200596.660695277,442303.05098647,2026-05-01 22:45:59,I,01,영업,3.3,,,,,,,,,2020-06-09 16:22:36,2018-12-21,3.30,137-869,서울특별시 서초구 서초동 1486-18 대광빌딩 1층,N,,3210000-104-2018-00419,,3210000,"서울특별시 서초구 남부순환로315길 100, 대광빌딩 1층 (서초동)",06709,01,영업/정상,기타 휴게음식점,02-598-1727,,,
,,꿀복이찹쌀꽈배기,일반조리판매,,191941.449524903,442055.183452739,2026-05-01 22:36:34,I,01,영업,22.68,,,,,,,,,2023-09-11 11:45:32,2023-09-11,22.68,153-820,서울특별시 금천구 독산동 901-9,N,,3170000-104-2023-00123,,3170000,"서울특별시 금천구 남부순환로 1432, 지상1층 106호 (독산동)",08548,01,영업/정상,일반조리판매,,,,
,,감동푸드,일반조리판매,2024-08-30,200250.447804795,444683.220506107,2026-05-01 22:46:17,I,02,폐업,0,,,,,,,,,2024-08-31 04:15:09,2024-07-23,,137-713,서울특별시 서초구 반포동 19-3 신세계백화점 강남점 지하1층,N,,3210000-104-2024-00274,,3210000,"서울특별시 서초구 신반포로 176, 신세계백화점 강남점 지하1층 (반포동)",06546,03,폐업,일반조리판매,,,,
주택가주변,,그랑,다방,2000-09-21,198360.229504349,442119.661236712,2026-05-01 22:43:25,I,02,폐업,72,,,,4,자율,,,,2000-09-21 00:00:00,1985-11-15,72.00,137-818,서울특별시 서초구 방배동 440-5,N,0,3210000-104-1985-01165,,3210000,,,03,폐업,다방,02-0585-3235,,,상수도전용
기타,,지화자,일반조리판매,2010-08-11,200250.447804795,444683.220506107,2026-05-01 22:44:17,I,02,폐업,12.39,,,,0,기타,,,,2002-03-30 00:00:00,2000-10-04,12.39,137-713,서울특별시 서초구 반포동 19-3 신세계백화점 지하1층,N,0,3210000-104-2000-14944,,3210000,,,03,폐업,일반조리판매,02-547-3886,,,
,,할매손충무김밥 홈플러스금천점,일반조리판매,,190809.507840375,440728.382273075,2026-05-01 22:36:08,I,01,영업,17.8,,,,,,,,,2022-08-30 09:18:11,2018-03-07,17.80,153-813,"서울특별시 금천구 독산동 291-7 삼성홈플러스 X5,YG호",N,,3170000-104-2018-00030,,3170000,"서울특별시 금천구 시흥대로 391, 삼성홈플러스 1층 X5, YG호 (독산동)",08584,01,영업/정상,일반조리판매,,,,
,,(주)행복생활에프앤비,기타 휴게음식점,2025-03-10,200576.608647619,445241.8984183,2026-05-01 22:46:20,I,02,폐업,0,,,,,,,,,2025-03-11 04:15:09,2025-02-12,,137-711,서울특별시 서초구 잠원동 70-2 뉴코아백화점,N,,3210000-104-2025-00049,,3210000,"서울특별시 서초구 잠원로 51, 강남킴스클럽 지하1층 식품관 (잠원동)",06511,03,폐업,기타 휴게음식점,,,,
주택가주변,,형제다방,다방,2001-07-19,201899.912376006,445099.036388609,2026-05-01 22:43:43,I,02,폐업,96.99,,,,1,자율,,,,2001-07-19 00:00:00,1993-07-12,96.99,137-809,서울특별시 서초구 반포동 723-13 (지하1층),N,0,3210000-104-1993-01682,,3210000,,,03,폐업,다방,02-535-9453,,,상수도전용
,,소네트,커피숍,2018-01-22,189538.020935968,441982.427934953,2026-05-01 22:35:27,I,02,폐업,68.98,,,,0,,,,,2018-01-22 10:16:32,2005-02-18,68.98,153-786,서울특별시 금천구 가산동 371-28 우림라이온스밸리(가산디지털 1길 71) B동 B131호,N,0,3170000-104-2005-00004,,3170000,"서울특별시 금천구 가산디지털1로 168, B동 B131호 (가산동,우림라이온스밸리(가산디지털 1길 71))",08507,03,폐업,커피숍,02-2026-0299,,,상수도전용
,,GS25 방배타운점,편의점,,198513.33078735,442267.326128184,2026-05-01 22:45:39,I,01,영업,6,,,,,,,,,2016-05-03 18:02:29,2016-05-03,6.00,137-817,서울특별시 서초구 방배동 437-15 1층,N,,3210000-104-2016-00178,,3210000,"서울특별시 서초구 방배천로2안길 125, 1층 (방배동)",06677,01,영업/정상,편의점,,,,
,,자이브,일반조리판매,2009-11-25,203891.041008756,441636.969240722,2026-05-01 22:44:36,I,02,폐업,26.77,,,,0,,,,,2008-06-27 11:08:47,2004-05-20,26.77,137-130,"서울특별시 서초구 양재동 275-2 윈드스톤호피스텔 143호,144호,145호",N,0,3210000-104-2004-00043,,3210000,,,03,폐업,일반조리판매,,,,상수도전용
,,스탠다드 브루잉(STANDARD BREWING),커피숍,,189369.53962474,441629.361414684,2026-05-01 22:36:09,I,01,영업,13.33,,,,,,,,,2018-04-13 15:16:03,2018-04-13,13.33,153-768,서울특별시 금천구 가산동 550-1 외 3필지(IT캐슬) 108호,N,,3170000-104-2018-00048,,3170000,"서울특별시 금천구 가산디지털2로 98, IT캐슬 지상1층 108호 (가산동)",08506,01,영업/정상,커피숍,,,,
아파트지역,,크라운베이커리반포점,과자점,2002-09-27,200494.100005508,444977.656349547,2026-05-01 22:44:06,I,02,폐업,31.3,,,,0,기타,,,,1999-07-20 00:00:00,1999-07-20,31.30,137-908,서울특별시 서초구 잠원동 69-13 반포상가6동1.2호,N,0,3210000-104-1999-00016,,3210000,,,03,폐업,과자점,02-3476-5998,,,상수도전용
,,온리,커피숍,2014-07-31,199012.471433694,443634.893159712,2026-05-01 22:45:18,I,02,폐업,58.1,,,,,,,,,2012-11-30 10:14:26,2012-03-02,58.10,137-829,서울특별시 서초구 방배동 773-5 1층,N,,3210000-104-2012-00028,,3210000,"서울특별시 서초구 방배로42길 20, 1층 (방배동)",06584,03,폐업,커피숍,,,,
,,행복생활에프앤비,기타 휴게음식점,2025-06-17,200576.608647619,445241.8984183,2026-05-01 22:46:21,I,02,폐업,0,,,,,,,,,2025-06-18 04:15:09,2025-05-20,,137-908,서울특별시 서초구 잠원동 70-2 킴스클럽 강남점 지하1층 식품관,N,,3210000-104-2025-00180,,3210000,"서울특별시 서초구 잠원로 51, 킴스클럽 강남점 지하1층 식품관 (잠원동)",06511,03,폐업,기타 휴게음식점,,,,
,,투썸플레이스 강남고속터미널,일반조리판매,2019-11-20,200554.74395758,444811.364826199,2026-05-01 22:44:57,I,02,폐업,65.34,,,,,,,,,2019-11-20 17:57:00,2008-09-29,65.34,137-713,서울특별시 서초구 반포동 19-4 터미널 본관1층 13호,N,,3210000-104-2008-00133,,3210000,"서울특별시 서초구 신반포로 194, 본관1층 13호 (반포동, 터미널)",06545,03,폐업,일반조리판매,,,,
,,메가엠지씨커피 함지박사거리점,커피숍,,199100.858117466,443429.869828771,2026-05-01 22:46:07,I,01,영업,40,,,,,,,,,2022-03-23 13:09:20,2021-07-15,40.00,137-830,서울특별시 서초구 방배동 796-28 1층,N,,3210000-104-2021-00199,,3210000,"서울특별시 서초구 동광로 75, 1층 (방배동)",06584,01,영업/정상,커피숍,,,,
,,감동푸드,기타 휴게음식점,2022-11-10,200250.447804795,444683.220506107,2026-05-01 22:46:11,I,02,폐업,0,,,,,,,,,2022-11-11 04:15:09,2022-10-20,,137-713,서울특별시 서초구 반포동 19-3 신세계백화점 강남점 지하1층,N,,3210000-104-2022-00327,,3210000,"서울특별시 서초구 신반포로 176, 신세계백화점 강남점 지하1층 (반포동)",06546,03,폐업,기타 휴게음식점,,,,
,,이디야(시흥대로점),커피숍,2022-04-12,191000.581021467,441543.623608127,2026-05-01 22:35:46,I,02,폐업,83.16,,,,,,,,,2022-04-12 11:14:57,2013-03-26,83.16,153-823,서울특별시 금천구 독산동 967-10,N,,3170000-104-2013-00023,,3170000,"서울특별시 금천구 시흥대로 476, 지상1층 (독산동)",08540,03,폐업,커피숍,02-854-1515,,,상수도전용
,,비첸향,일반조리판매,2013-10-22,200250.447804795,444683.220506107,2026-05-01 22:45:20,I,02,폐업,16.53,,,,,,,,,2013-10-22 15:10:14,2012-08-13,16.53,137-713,서울특별시 서초구 반포동 19-3 신세계백화점내 지하1층,N,,3210000-104-2012-00123,,3210000,"서울특별시 서초구 신반포로 176, 지하1층 (반포동, 신세계백화점내 )",06546,03,폐업,일반조리판매,,,,
,,하루(HARU),커피숍,2013-08-13,199427.503435366,442905.92980186,2026-05-01 22:45:17,I,02,폐업,35,,,,,,,,,2011-12-19 16:32:33,2011-12-19,35.00,137-840,서울특별시 서초구 방배동 876-19 1층,N,,3210000-104-2011-00244,,3210000,서울특별시 서초구 서초대로25길 8 (방배동),06588,03,폐업,커피숍,02-435-8307,,,
,,그린게이트,기타 휴게음식점,2024-03-31,200250.447804795,444683.220506107,2026-05-01 22:46:16,I,02,폐업,0,,,,,,,,,2024-04-01 04:15:09,2024-03-08,,137-713,서울특별시 서초구 반포동 19-3 신세계백화점 강남점 지하1층 식품관,N,,3210000-104-2024-00094,,3210000,"서울특별시 서초구 신반포로 176, 신세계백화점 강남점 지하1층 식품관 (반포동)",06546,03,폐업,기타 휴게음식점,,,,
기타,,카페팁,커피숍,,189722.178532426,441920.972770099,2026-05-01 22:36:21,I,01,영업,16.2,,,,,,,,,2020-02-15 10:59:29,2020-01-08,16.20,153-769,서울특별시 금천구 가산동 60-19 SJ테크노빌,N,1,3170000-104-2020-00004,,3170000,"서울특별시 금천구 벚꽃로 278, SJ테크노빌 3층 (가산동)",08511,01,영업/정상,커피숍,02-452-4488,,,상수도전용
,,들어花카페공방,커피숍,2019-05-08,201674.929612996,445583.642653456,2026-05-01 22:45:52,I,02,폐업,3.3,,,,,,,,,2019-05-08 17:40:23,2018-05-02,3.30,137-905,서울특별시 서초구 잠원동 36-10 4층 402호,N,,3210000-104-2018-00154,,3210000,"서울특별시 서초구 강남대로93길 9, 4층 402호 (잠원동)",06530,03,폐업,커피숍,02-544-0275,,,
,,앤믹스,커피숍,2018-10-01,200227.508044149,442597.291202407,2026-05-01 22:45:47,I,02,폐업,35,,,,,,,,,2018-10-01 14:46:42,2017-04-12,35.00,137-870,서울특별시 서초구 서초동 1496-21 1층,N,,3210000-104-2017-00160,,3210000,"서울특별시 서초구 명달로17길 14-2, 1층 (서초동)",06660,03,폐업,커피숍,,,,
주택가주변,,설,다방,1992-12-09,201296.562175745,443438.316020028,2026-05-01 22:43:31,I,02,폐업,60.46,,,,2,지도,,,,2001-09-29 00:00:00,1988-11-03,60.46,137-881,서울특별시 서초구 서초동 1659-6,N,1,3210000-104-1988-01344,,3210000,,,03,폐업,다방,02-0584-4859,,,상수도전용
,,한빛건강사우나,일반조리판매,2013-10-04,201670.705515449,443670.718064454,2026-05-01 22:44:59,I,02,폐업,9.9,,,,,,,,,2009-02-27 15:18:06,2009-02-27,9.90,137-881,서울특별시 서초구 서초동 1678-2 동아빌라트2타운 지201호 한빛건강사우나내,N,,3210000-104-2009-00030,,3210000,,,03,폐업,일반조리판매,02-522-1514,,,
기타,,라임오렌지나무,다방,2001-01-05,201283.37416034,443436.285728872,2026-05-01 22:43:47,I,02,폐업,72,,,,0,기타,,,,2001-09-29 00:00:00,1995-12-22,72.00,137-881,서울특별시 서초구 서초동 1659-1,N,0,3210000-104-1995-00859,,3210000,,,03,폐업,다방,02-525-5503,,,상수도전용
,,포지타노(positano),푸드트럭,,199512.055421857,445283.167984819,2026-05-01 22:45:48,I,01,영업,10,,,,,,,,,2017-05-04 13:49:18,2017-05-04,10.00,137-040,서울특별시 서초구 반포동 115-5,N,,3210000-104-2017-00201,,3210000,"서울특별시 서초구 신반포로11길 40 (반포동, 달빛공원)",06500,01,영업/정상,푸드트럭,,,,
,,모소리,커피숍,,199572.688541487,442646.035226528,2026-05-01 22:46:19,I,01,영업,91.69,,,,,,,,,2024-11-11 11:46:12,2024-11-11,91.69,137-841,서울특별시 서초구 방배동 901-19 지하1층,Y,,3210000-104-2024-00394,,3210000,"서울특별시 서초구 방배로20길 17, 지하1층 (방배동)",06664,01,영업/정상,커피숍,,,,
,,주전부리 휴게소,기타 휴게음식점,,203811.14583381,440070.874222824,2026-05-01 22:46:00,I,01,영업,22.63,,,,,,,,,2019-05-28 10:15:51,2019-05-28,22.63,137-916,서울특별시 서초구 양재동 230 농협하나로클럽 1층,N,,3210000-104-2019-00160,,3210000,"서울특별시 서초구 청계산로 10, 농협하나로클럽 1층 (양재동)",06797,01,영업/정상,기타 휴게음식점,,,,
아파트지역,,초밥,일반조리판매,1997-01-31,201107.634736928,443999.067092566,2026-05-01 22:43:33,I,02,폐업,16.28,,,,1,지도,,,,2001-09-29 00:00:00,1989-12-01,16.28,137-882,서울특별시 서초구 서초동 1685-3 삼풍백화점,N,1,3210000-104-1989-00745,,3210000,,,03,폐업,일반조리판매,02-0535-0002,,,상수도전용
,,닥터스커피(강남),커피숍,2011-02-09,202256.618815736,444148.332524677,2026-05-01 22:45:06,I,02,폐업,14.85,,,,,,,,,2009-09-22 09:39:30,2009-09-22,14.85,137-855,서울특별시 서초구 서초동 1306-8 대동빌딩 11층,N,,3210000-104-2009-00219,,3210000,,,03,폐업,커피숍,,,,
,,메가엠지씨커피 교대법원점,커피숍,,201204.439011416,443702.102962748,2026-05-01 22:46:15,I,01,영업,89.3,,,,,,,,,2023-11-15 12:15:33,2023-11-15,89.30,137-883,서울특별시 서초구 서초동 1695-1 1층,N,,3210000-104-2023-00384,,3210000,"서울특별시 서초구 서초중앙로26길 10, 1층 (서초동)",06604,01,영업/정상,커피숍,,,,
,,캠프커피,커피숍,2016-12-16,189855.309927286,441540.894601732,2026-05-01 22:35:42,I,02,폐업,66,,,,,,,,,2016-07-11 11:53:11,2012-01-20,66.00,153-801,서울특별시 금천구 가산동 60-25 에이스하이엔드타워6  지상1층 110호,N,,3170000-104-2012-00010,,3170000,"서울특별시 금천구 벚꽃로 234, 110호 (가산동, 에이스하이엔드타워6  지상1층)",08513,03,폐업,커피숍,02-6292-0043,,,
,,허니보울,일반조리판매,2015-03-27,189943.234285288,441784.247518723,2026-05-01 22:35:47,I,02,폐업,79.29,,,,,,,,,2013-11-18 10:08:14,2013-09-06,79.29,153-717,서울특별시 금천구 가산동 60-22 마리오아울렛 501호,N,,3170000-104-2013-00058,,3170000,"서울특별시 금천구 디지털로 185, 지상5층 501호 (가산동, 마리오아울렛)",08511,03,폐업,일반조리판매,,,,
,,카페 달달하다,커피숍,2023-10-26,198500.982762628,441917.369091368,2026-05-01 22:46:05,I,02,폐업,11,,,,,,,,,2023-10-26 09:06:02,2020-12-29,11.00,137-818,서울특별시 서초구 방배동 454-18 1층,N,,3210000-104-2020-00346,,3210000,"서울특별시 서초구 방배천로2안길 55, 1층 (방배동)",06691,03,폐업,커피숍,,,,
,,GS25 S9사평역점,편의점,2021-04-14,201151.700535262,444687.766838226,2026-05-01 22:46:02,I,02,폐업,3.3,,,,,,,,,2021-04-14 15:43:03,2019-08-13,3.30,137-040,서울특별시 서초구 반포동 128-7 사평역,N,,3210000-104-2019-00243,,3210000,"서울특별시 서초구 사평대로 지하 285, 사평역 (반포동)",06544,03,폐업,편의점,,,,
,,가배두림 아리랑,커피숍,2014-12-17,200642.013992918,441879.687320882,2026-05-01 22:45:01,I,02,폐업,18.84,,,,,,,,,2010-10-27 09:57:18,2009-05-19,18.84,137-868,서울특별시 서초구 서초동 1467-80 1층,N,,3210000-104-2009-00088,,3210000,"서울특별시 서초구 남부순환로 2351 (서초동,1층)",06713,03,폐업,커피숍,02-585-5626,,,
,,키타구니,백화점,2019-01-28,200250.447804795,444683.220506107,2026-05-01 22:45:16,I,02,폐업,69.1,,,,,,,,,2019-01-28 13:45:42,2011-08-01,69.10,137-713,서울특별시 서초구 반포동 19-3 신세계백화점 강남점 지하1층,N,,3210000-104-2011-00153,,3210000,"서울특별시 서초구 신반포로 176, 지하1층 (반포동, 신세계백화점 강남점)",06546,03,폐업,백화점,02-3479-1666,,,
,,(주)모스버거코리아 방배점,패스트푸드,2019-05-29,199683.180586525,442273.014590615,2026-05-01 22:45:50,I,02,폐업,158.27,,,,,,,,,2019-05-29 16:39:04,2017-06-01,158.27,137-842,서울특별시 서초구 방배동 908-6 1층,N,,3210000-104-2017-00250,,3210000,"서울특별시 서초구 방배로 92, 1층 (방배동)",06665,03,폐업,패스트푸드,070-4286-5835,,,
,,(주)행복생활에프앤비,일반조리판매,2024-12-08,200576.608647619,445241.8984183,2026-05-01 22:46:19,I,02,폐업,0,,,,,,,,,2024-12-09 04:15:10,2024-11-19,.00,137-908,서울특별시 서초구 잠원동 70-2 킴스클럽 강남점 지하1층 식품관,N,,3210000-104-2024-00406,,3210000,"서울특별시 서초구 잠원로 51, 킴스클럽 강남점 지하1층 식품관 (잠원동)",06511,03,폐업,일반조리판매,,,,
,,아이센스PC방,일반조리판매,2018-09-17,190941.875019121,440840.345127303,2026-05-01 22:35:55,I,02,폐업,10,,,,,,,,,2018-09-17 16:29:32,2016-03-28,10.00,153-811,서울특별시 금천구 독산동 286-8 지하1층,N,,3170000-104-2016-00027,,3170000,"서울특별시 금천구 시흥대로 406, 지하1층 (독산동)",08576,03,폐업,일반조리판매,,,,
,,이마트24 가산모비우스점,편의점,,189031.670933573,442239.943267799,2026-05-01 22:36:34,I,01,영업,3.3,,,,,,,,,2025-02-19 14:46:53,2023-07-21,3.30,153-803,서울특별시 금천구 가산동 459-21,N,,3170000-104-2023-00101,,3170000,"서울특별시 금천구 가산디지털2로 169-23, 109-11호 (가산동)",08504,01,영업/정상,편의점,,,,
기타,,네오,다방,1998-07-21,191662.474038514,438894.543691936,2026-05-01 22:35:17,I,02,폐업,68.8,,,,,을,,,,2002-01-11 00:00:00,1996-05-11,68.80,153-841,서울특별시 금천구 시흥동 837-51,N,,3170000-104-1996-00063,,3170000,,,03,폐업,다방,02-894-8689,,,상수도전용
,,도제 밥부리또,일반조리판매,2020-03-04,200250.447804795,444683.220506107,2026-05-01 22:46:03,I,02,폐업,3.3,,,,,,,,,2020-03-04 17:06:57,2020-02-27,3.30,137-713,서울특별시 서초구 반포동 19-3 지하1층,N,,3210000-104-2020-00060,,3210000,"서울특별시 서초구 신반포로 176, 신세계백화점 강남점 지하1층 (반포동)",06546,03,폐업,일반조리판매,,,,
,,(주)지유에프엘,백화점,2025-01-14,200250.447804795,444683.220506107,2026-05-01 22:46:19,I,02,폐업,0,,,,,,,,,2025-01-15 04:15:10,2024-12-26,,137-713,서울특별시 서초구 반포동 19-3 신세계백화점 강남점 지하1층,N,,3210000-104-2024-00445,,3210000,"서울특별시 서초구 신반포로 176, 신세계백화점 강남점 지하1층 (반포동)",06546,03,폐업,백화점,,,,
,,씨유 가산디지털점,편의점,2015-11-04,190191.104497812,441876.616243071,2026-05-01 22:35:40,I,02,폐업,3.3,,,,,,,,,2014-12-11 14:44:17,2011-07-20,3.30,153-801,서울특별시 금천구 가산동 140-2 지상1층,N,,3170000-104-2011-00059,,3170000,"서울특별시 금천구 가산로 157 (가산동, 지상1층)",08515,03,폐업,편의점,02-863-3665,,,
,,감동푸드,기타 휴게음식점,2022-09-22,200250.447804795,444683.220506107,2026-05-01 22:46:11,I,02,폐업,0,,,,,,,,,2022-09-23 04:15:08,2022-09-08,.00,137-713,서울특별시 서초구 반포동 19-3 센트럴시티 지하1,N,,3210000-104-2022-00286,,3210000,"서울특별시 서초구 신반포로 176, 신세계백화점 강남점 지하1층 (반포동)",06546,03,폐업,기타 휴게음식점,,,,
,,블루필드(cafe Blue field),커피숍,2020-04-28,189662.959175776,442139.514492212,2026-05-01 22:36:16,I,02,폐업,25.81,,,,,,,,,2020-04-28 15:07:02,2019-04-03,25.81,153-801,서울특별시 금천구 가산동 50-3 대륭포스트타워6차,N,,3170000-104-2019-00059,,3170000,"서울특별시 금천구 벚꽃로 298, 대륭포스트타워6차 1층 116-1호 (가산동)",08510,03,폐업,커피숍,,,,
,,더레스트,커피숍,,205089.825984097,439455.025586146,2026-05-01 22:46:09,I,01,영업,236,,,,,,,,,2022-03-21 10:25:11,2022-03-21,236.00,137-170,서울특별시 서초구 염곡동 216-1 민예빌딩 5층,Y,,3210000-104-2022-00076,,3210000,"서울특별시 서초구 헌릉로 164, 민예빌딩 5층 (염곡동)",06798,01,영업/정상,커피숍,,,,
,,와펀,커피숍,2012-12-04,200367.588604211,444873.437818732,2026-05-01 22:45:19,I,02,폐업,24,,,,,,,,,2012-07-16 15:48:01,2012-07-16,24.00,137-040,서울특별시 서초구 반포동 128-4 강남터미널지하쇼핑몰 T-10호,N,,3210000-104-2012-00109,,3210000,"서울특별시 서초구 신반포로 지하 200, T-10호 (반포동, 강남터미널지하쇼핑몰)",,03,폐업,커피숍,02-549-0849,,,
주택가주변,,코지,다방,1994-02-14,200925.261945761,442562.177975877,2026-05-01 22:43:39,I,02,폐업,64.6,,,,1,자율,,,,2001-09-29 00:00:00,1992-12-21,64.60,137-875,서울특별시 서초구 서초동 1583-7,N,1,3210000-104-1992-01110,,3210000,,,03,폐업,다방,02-0586-6069,,,상수도전용
,,오복,일반조리판매,2009-05-27,191679.98779756,441940.467781244,2026-05-01 22:35:35,I,02,폐업,0,,,,,,,,,2009-04-28 12:11:46,2009-04-22,,153-820,서울특별시 금천구 독산동 898-5 지상1층,N,,3170000-104-2009-00022,,3170000,,,03,폐업,일반조리판매,,,,
유흥업소밀집지역,,은다방,다방,1994-09-12,202093.933002944,444424.372337709,2026-05-01 22:43:14,I,02,폐업,141.76,,,,2,자율,,,,2001-09-29 00:00:00,1980-04-22,141.76,137-856,서울특별시 서초구 서초동 1309-10,N,0,3210000-104-1980-01330,,3210000,,,03,폐업,다방,02-0567-3680,,,상수도전용
기타,,코니아일랜드,일반조리판매,2000-07-12,191298.60704052,438436.109390506,2026-05-01 22:35:15,I,02,폐업,7.93,,,,0,기타,,,,2000-07-12 00:00:00,1995-09-22,7.93,153-864,서울특별시 금천구 시흥동 986-4,N,0,3170000-104-1995-00047,,3170000,,,03,폐업,일반조리판매,,,,상수도전용
,,버거스캔들 서초점,일반조리판매,,201853.889908967,444549.812390159,2026-05-01 22:45:37,I,01,영업,37.43,,,,,,,,,2022-05-04 16:20:10,2016-01-11,37.43,137-855,서울특별시 서초구 서초동 1302-1 지하1층6-2호,N,,3210000-104-2016-00004,,3210000,"서울특별시 서초구 서운로 226, 지하1층 6-2호 (서초동)",06609,01,영업/정상,일반조리판매,,,,
,,에브리띵,백화점,2021-12-22,200250.447804795,444683.220506107,2026-05-01 22:46:08,I,02,폐업,3.3,,,,,,,,,2021-12-23 04:15:08,2021-12-14,3.30,137-713,서울특별시 서초구 반포동 19-3 신세계백화점 지하1층,N,,3210000-104-2021-00344,,3210000,"서울특별시 서초구 신반포로 176, 신세계백화점 지하1층 (반포동)",06546,03,폐업,백화점,,,,
,,스타벅스 금천금나래,커피숍,,190816.439494368,439621.756203798,2026-05-01 22:36:40,I,01,영업,246.89,,,,,,,,,2025-09-10 15:45:55,2025-09-10,246.89,153-839,서울특별시 금천구 시흥동 113,N,,3170000-104-2025-00087,,3170000,"서울특별시 금천구 시흥대로79길 23, 1층 (시흥동)",08609,01,영업/정상,커피숍,,,,
기타,,원앙다방,다방,1995-11-29,191407.391626514,438992.613134128,2026-05-01 22:35:14,I,02,폐업,73.81,,,,0,자율,,,,2002-01-11 00:00:00,1994-03-30,73.81,153-858,서울특별시 금천구 시흥동 887-23,N,0,3170000-104-1994-00186,,3170000,,,03,폐업,다방,02-894-6304,,,상수도전용
기타,,메델리노,편의점,2000-05-06,198622.459419616,442586.300528954,2026-05-01 22:43:45,I,02,폐업,9.6,,,,0,기타,,,,2000-05-06 00:00:00,1994-01-22,9.60,137-845,서울특별시 서초구 방배동 951-3,N,0,3210000-104-1994-13965,,3210000,,,03,폐업,편의점,02-584-3202,,,상수도전용
,,88닭강정,푸드트럭,,200081.011802296,445654.355815342,2026-05-01 22:45:52,I,01,영업,10,,,,,,,,,2018-08-03 14:04:12,2018-03-29,10.00,137-030,서울특별시 서초구 잠원동 122-1 달빛공원,N,,3210000-104-2018-00109,,3210000,,,01,영업/정상,푸드트럭,,,,
,,씨유강선14단지점,기타 휴게음식점,2026-04-30,178870.612713521,462871.766097782,2026-05-01 03:03:03,U,02,폐업,3.3,,,,,,,,,2026-04-30 09:03:51,2020-09-02,3.30,411-848,경기도 고양시 일산서구 주엽동 101 강선마을 분산상가 101(일부),N,,4100100-104-2020-00135,,3940000,"경기도 고양시 일산서구 강선로 33, 101(일부)호 (주엽동, 강선마을14단지아파트)",10385,03,폐업,기타 휴게음식점,,,,
,,투데이1977,커피숍,2024-04-29,202369.159275137,443601.224582709,2026-05-01 22:46:12,I,02,폐업,6.6,,,,,,,,,2024-04-29 15:23:42,2023-03-20,6.60,137-858,서울특별시 서초구 서초동 1327-33 비트빌,N,,3210000-104-2023-00073,,3210000,"서울특별시 서초구 서초대로74길 33, 1층 (서초동, 비트빌)",06621,03,폐업,커피숍,,,,
,,세븐일레븐 반포나래점,편의점,,200855.893668748,444279.00644506,2026-05-01 22:45:37,I,01,영업,6.6,,,,,,,,,2024-01-24 14:36:27,2016-01-18,6.60,137-802,서울특별시 서초구 반포동 49-11,Y,,3210000-104-2016-00012,,3210000,"서울특별시 서초구 서초중앙로31길 14-13, 1층 (반포동)",06593,01,영업/정상,편의점,02-593-1812,,,
,,CUPN CROWN(컵앤 크라운),커피숍,2025-09-02,205064.270784444,438046.941961006,2026-05-01 22:46:06,I,02,폐업,16,,,,,,,,,2025-09-02 11:37:00,2021-01-26,16.00,137-150,서울특별시 서초구 원지동 384-10 2층,N,,3210000-104-2021-00022,,3210000,"서울특별시 서초구 청계산로 237, 2층 (원지동)",06802,03,폐업,커피숍,,,,
,,에이그레이트카페반포점,커피숍,2019-05-16,200554.74395758,444811.364826199,2026-05-01 22:45:23,I,02,폐업,54.55,,,,,,,,,2019-05-17 10:44:42,2013-05-28,54.55,137-713,서울특별시 서초구 반포동 19-4 서울고속버스터미날 부속상가동 1층9호,N,,3210000-104-2013-00086,,3210000,"서울특별시 서초구 신반포로 194, 1층 9호 (반포동, 서울고속버스터미날 부속상가동 )",06545,03,폐업,커피숍,,,,
,,카페 봉지커피,다방,2014-11-26,189982.344533404,441928.69040241,2026-05-01 22:35:46,I,02,폐업,37.07,,,,,,,,,2014-09-30 11:04:34,2013-03-20,37.07,153-709,서울특별시 금천구 가산동 60-5 갑을그레이트밸리 102-1호,N,,3170000-104-2013-00019,,3170000,"서울특별시 금천구 디지털로9길 32, 102-1호 (가산동, 갑을그레이트밸리)",08512,03,폐업,다방,02-6096-5297,,,
주택가주변,,청호,다방,2024-04-25,198449.316312448,442813.105573281,2026-05-01 22:43:11,I,02,폐업,83.52,,,,3,자율,,,,2024-04-25 15:42:59,1978-06-02,83.52,137-852,서울특별시 서초구 방배동 1459-0,N,0,3210000-104-1978-01276,,3210000,서울특별시 서초구 서초대로1길 14 (방배동),06567,03,폐업,다방,02-0593-1905,,,상수도전용
,,메카(Mecca),커피숍,2023-05-23,201976.232144226,444743.083692947,2026-05-01 22:45:23,I,02,폐업,19.34,,,,,,,,,2023-05-23 14:55:30,2013-06-28,19.34,137-810,서울특별시 서초구 반포동 747 1층 103호 102호,N,,3210000-104-2013-00101,,3210000,"서울특별시 서초구 사평대로57길 13, 1층 (반포동)",06541,03,폐업,커피숍,,,,
아파트지역,,샤르르,과자점,1998-01-20,198791.788015494,444392.672548989,2026-05-01 22:43:47,I,02,폐업,12.88,,,,0,자율,,,,2001-09-29 00:00:00,1995-02-22,12.88,137-811,서울특별시 서초구 반포동 1141-0 지1동,N,0,3210000-104-1995-01782,,3210000,,,03,폐업,과자점,02-599-4392,,,상수도전용
,,주식회사 지오에프앤씨,일반조리판매,2023-12-10,200250.447804795,444683.220506107,2026-05-01 22:46:15,I,02,폐업,0,,,,,,,,,2023-12-11 04:15:09,2023-11-27,,137-713,서울특별시 서초구 반포동 19-3 신세계백화점 강남점 지하1층,N,,3210000-104-2023-00396,,3210000,"서울특별시 서초구 신반포로 176, 신세계백화점 강남점 지하1층 (반포동)",06546,03,폐업,일반조리판매,,,,
,,가나커피,커피숍,2026-04-30,236775.751349934,470369.007207888,2026-05-01 03:03:03,U,02,폐업,103.5,,,,,,,,,2026-04-30 09:20:19,2019-04-19,103.50,477-813,경기도 가평군 청평면 청평리 79-95,N,,4160000-104-2019-00028,,4160000,"경기도 가평군 청평면 강변로 45-26, 1층",12453,03,폐업,커피숍,,,,상수도전용
,,떡볶이먹고가,푸드트럭,,199512.055421857,445283.167984819,2026-05-01 22:46:11,I,01,영업,9,,,,,,,,,2024-02-26 16:52:28,2022-08-23,9.00,137-040,서울특별시 서초구 반포동 115-5 한강공원 반포 안내센터,N,,3210000-104-2022-00270,,3210000,"서울특별시 서초구 신반포로11길 40, 반포한강공원 달빛광장 (반포동)",06500,01,영업/정상,푸드트럭,,,,
,,로티보이코리아방배점,패스트푸드,2012-11-22,199563.715754841,442383.113143394,2026-05-01 22:44:58,I,02,폐업,29.7,,,,,,,,,2008-10-30 14:20:21,2008-10-30,29.70,137-843,서울특별시 서초구 방배동 924-11 1층,N,,3210000-104-2008-00159,,3210000,,,03,폐업,패스트푸드,,,,
,,타임 7.9,푸드트럭,2016-12-19,199512.055421857,445283.167984819,2026-05-01 22:45:43,I,02,폐업,3.6,,,,,,,,,2016-10-21 14:37:24,2016-10-21,3.60,137-040,서울특별시 서초구 반포동 115-5 달빛광장 일대,N,,3210000-104-2016-00410,,3210000,"서울특별시 서초구 신반포로11길 40 (반포동, 달빛광장 일대)",06500,03,폐업,푸드트럭,,,,
,,미니스톱반포1호점,편의점,2019-01-18,200081.011802296,445654.355815342,2026-05-01 22:45:09,I,02,폐업,4.7,,,,,,,,,2019-01-18 13:47:36,2010-05-06,4.70,137-030,서울특별시 서초구 잠원동 122-1 1층,N,,3210000-104-2010-00086,,3210000,,,03,폐업,편의점,,,,
,,에셀 커피엔토스트,커피숍,2011-01-03,189736.88808904,442262.746663668,2026-05-01 22:35:36,I,02,폐업,10.25,,,,,,,,,2009-08-19 14:02:53,2009-08-06,10.25,153-801,서울특별시 금천구 가산동 83-8 지상1층,N,,3170000-104-2009-00053,,3170000,,,03,폐업,커피숍,,,,상수도전용
주택가주변,,알레,다방,1996-02-12,204027.294483808,441130.87781463,2026-05-01 22:43:42,I,02,폐업,74.75,,,,1,자율,,,,2001-09-29 00:00:00,1993-06-03,74.75,137-896,서울특별시 서초구 양재동 291-16,N,0,3210000-104-1993-01059,,3210000,,,03,폐업,다방,02-571-2345,,,상수도전용
,,디피오리,백화점,2022-08-25,200250.447804795,444683.220506107,2026-05-01 22:46:10,I,02,폐업,0,,,,,,,,,2022-08-26 04:15:10,2022-08-16,,137-960,서울특별시 서초구 반포동 19-3 센트럴시티,N,,3210000-104-2022-00258,,3210000,"서울특별시 서초구 신반포로 176, 신세계백화점 지하1층 식품관 (반포동)",06546,03,폐업,백화점,,,,
,,세븐일레븐 양재삼호점,편의점,2017-12-31,203942.265086728,441597.886652516,2026-05-01 22:44:53,I,02,폐업,3,,,,,,,,,2018-02-02 14:39:13,2007-09-13,3.00,137-895,서울특별시 서초구 양재동 276-7 1층 103호,N,,3210000-104-2007-00131,,3210000,"서울특별시 서초구 논현로17길 4, 1층 103호 (양재동)",06775,03,폐업,편의점,,,,상수도전용
,,투떰즈업,기타 휴게음식점,2024-03-24,200250.447804795,444683.220506107,2026-05-01 22:46:16,I,02,폐업,9.9,,,,,,,,,2024-03-25 04:15:09,2024-03-18,9.90,137-713,서울특별시 서초구 반포동 19-3 신세계백화점 강남점 지하1층 식품관,N,,3210000-104-2024-00112,,3210000,"서울특별시 서초구 신반포로 176, 신세계백화점 강남점 지하1층 식품관 (반포동)",06546,03,폐업,기타 휴게음식점,,,,
,,씨유 강남아크로텔점,편의점,2020-11-19,202478.1048837,443306.064904505,2026-05-01 22:45:51,I,02,폐업,3.3,,,,,,,,,2020-11-19 16:45:43,2017-11-06,3.30,137-860,서울특별시 서초구 서초동 1337-2 아크로텔 1층 105호106호,N,,3210000-104-2017-00460,,3210000,"서울특별시 서초구 효령로77길 34, 1층 105호, 106호 (서초동, 아크로텔 강남역)",06627,03,폐업,편의점,,,,
,,치크케이크(Cheek cake),기타 휴게음식점,,199448.224278491,442237.803916187,2026-05-01 22:46:12,I,01,영업,24,,,,,,,,,2023-04-21 15:44:11,2023-04-21,24.00,137-843,서울특별시 서초구 방배동 914-16 1층 103호,N,,3210000-104-2023-00110,,3210000,"서울특별시 서초구 효령로27길 35, 1층 103호 (방배동)",06685,01,영업/정상,기타 휴게음식점,,,,
,,스마일꽈배기,기타 휴게음식점,2020-06-11,198417.330210677,442812.280009518,2026-05-01 22:45:55,I,02,폐업,17.04,,,,,,,,,2020-06-11 13:00:10,2018-06-11,17.04,137-852,서울특별시 서초구 방배동 1647 1층,N,,3210000-104-2018-00208,,3210000,"서울특별시 서초구 동광로12가길 34, 1층 (방배동)",06567,03,폐업,기타 휴게음식점,,,,
,,총각네 서초3호점,일반조리판매,,200724.572700127,442410.750140602,2026-05-01 22:46:02,I,01,영업,3.24,,,,,,,,,2022-11-22 09:32:50,2019-08-06,3.24,137-871,서울특별시 서초구 서초동 1532-7 서울빌딩 1층 107호,N,,3210000-104-2019-00235,,3210000,"서울특별시 서초구 효령로 229, 서울빌딩 1층 107호 (서초동)",06671,01,영업/정상,일반조리판매,,,,
,,에스에프씨플러스,푸드트럭,,203619.383336002,441548.909495644,2026-05-01 22:46:20,I,01,영업,9,,,,,,,,,2025-04-01 11:05:00,2025-04-01,9.00,137-894,서울특별시 서초구 양재동 261-22 영동1교 다리아래,N,,3210000-104-2025-00122,,3210000,"서울특별시 서초구 양재천동자전거길 447, 영동1교 다리아래 (양재동)",06777,01,영업/정상,푸드트럭,,,,
,,엔제리너스,커피숍,2013-01-15,201691.478710499,443746.116522774,2026-05-01 22:45:03,I,02,폐업,122.79,,,,,,,,,2009-07-14 16:58:42,2009-07-14,122.79,137-882,서울특별시 서초구 서초동 1688-5,N,,3210000-104-2009-00147,,3210000,,,03,폐업,커피숍,,,,
,,라 몽타뉴,커피숍,2017-03-31,201739.615142577,442367.300995158,2026-05-01 22:45:42,I,02,폐업,130,,,,,,,,,2018-08-07 11:19:43,2016-08-09,130.00,137-864,서울특별시 서초구 서초동 1429-2,Y,,3210000-104-2016-00315,,3210000,"서울특별시 서초구 남부순환로333길 20, 1층 (서초동, 산지빌딩)",06725,03,폐업,커피숍,,,,
,,서울만남의광장휴게소 효원당,기타 휴게음식점,,203660.974632401,439769.465908071,2026-05-01 22:46:08,I,01,영업,22.43,,,,,,,,,2025-04-30 16:00:56,2022-01-07,22.43,137-150,서울특별시 서초구 원지동 10-16 1층,N,,3210000-104-2022-00011,,3210000,서울특별시 서초구 양재대로12길 73-71 (원지동),06803,01,영업/정상,기타 휴게음식점,02-578-3372,,,
,,퀸즈베리도넛하우스 방배점,기타 휴게음식점,,199209.10451285,442433.486946944,2026-05-01 22:46:22,I,01,영업,112,,,,,,,,,2025-07-23 15:36:31,2025-07-23,112.00,137-844,서울특별시 서초구 방배동 930-3 2층,N,,3210000-104-2025-00267,,3210000,"서울특별시 서초구 방배로19길 63, 2층 (방배동)",06681,01,영업/정상,기타 휴게음식점,,,,
,,다시스 7호점,커피숍,2016-05-20,190958.526928076,440295.703701484,2026-05-01 22:35:53,I,02,폐업,23,,,,,,,,,2015-08-17 16:55:57,2015-07-29,23.00,153-830,서울특별시 금천구 독산동 1033-73,N,,3170000-104-2015-00063,,3170000,"서울특별시 금천구 시흥대로104길 13, 지상1층 (독산동)",08616,03,폐업,커피숍,070-4278-5488,,,
,,(주)동양식품,일반조리판매,2021-12-01,203811.14583381,440070.874222824,2026-05-01 22:45:11,I,02,폐업,5.04,,,,,,,,,2021-12-06 14:11:04,2010-10-04,5.04,137-893,서울특별시 서초구 양재동 230 (주)농협유통 하나로마트 1층,N,,3210000-104-2010-00203,,3210000,"서울특별시 서초구 청계산로 10 (양재동,(주)농협유통 하나로마트 1층)",06797,03,폐업,일반조리판매,,,,
,,메가엠지씨커피 금천박미삼거리점,커피숍,,191341.238749155,438365.613175801,2026-05-01 22:36:35,I,01,영업,87.94,,,,,,,,,2025-12-26 11:47:21,2024-02-28,87.94,153-863,서울특별시 금천구 시흥동 985-8 신라상가,N,,3170000-104-2024-00016,,3170000,"서울특별시 금천구 시흥대로 149, 신라상가 1층 102,103호 (시흥동)",08638,01,영업/정상,커피숍,,,,
,,맥스웰하우스,커피숍,2024-07-17,201310.167766645,442438.500304691,2026-05-01 22:44:43,I,02,폐업,30,,,,0,,,,,2024-07-23 15:18:40,2005-09-23,30.00,137-867,서울특별시 서초구 서초동 1446-1 (1층),N,0,3210000-104-2005-00185,,3210000,"서울특별시 서초구 효령로 292 (서초동, (1층))",06718,03,폐업,커피숍,,,,상수도전용
,,주식회사 코드원,일반조리판매,,203811.14583381,440070.874222824,2026-05-01 22:45:51,I,01,영업,13.17,,,,,,,,,2017-09-12 13:43:16,2017-09-12,13.17,137-893,서울특별시 서초구 양재동 230 양재유통,N,,3210000-104-2017-00401,,3210000,"서울특별시 서초구 청계산로 10, 1층 (양재동, 양재유통)",06797,01,영업/정상,일반조리판매,,,,
,,가치차림,일반조리판매,,199337.629172625,442018.956063847,2026-05-01 22:46:22,I,01,영업,151.41,,,,,,,,,2025-08-12 09:58:56,2025-08-12,151.41,137-847,서울특별시 서초구 방배동 978-34 1층,N,,3210000-104-2025-00302,,3210000,"서울특별시 서초구 효령로 83, 1층 (방배동)",06688,01,영업/정상,일반조리판매,,,,
,,만복미가,일반조리판매,2009-06-10,204305.796944666,439222.113781817,2026-05-01 22:44:54,I,02,폐업,75.52,,,,,,,,,2009-03-25 14:47:25,2007-11-22,75.52,137-150,서울특별시 서초구 원지동 245 2층,N,,3210000-104-2007-00163,,3210000,,,03,폐업,일반조리판매,02-574-6531,,,상수도전용
기타,,다인커피숍,다방,2010-02-12,191512.709430281,440050.890713983,2026-05-01 22:35:13,I,02,폐업,70.52,,,,0,을,,,,2008-01-11 11:28:19,1993-04-01,70.52,153-853,서울특별시 금천구 시흥동 789-6 지하1층 (복지관길 8),N,0,3170000-104-1993-00248,,3170000,,,03,폐업,다방,02-0896-0860,,,상수도전용
,,라시쓰커피(lasis),커피숍,,189504.258704224,441390.738560411,2026-05-01 22:36:08,I,01,영업,129.77,,,,,,,,,2025-12-12 13:40:52,2018-02-07,129.77,153-802,서울특별시 금천구 가산동 345-29 대륭테크노타운19차 104호,N,,3170000-104-2018-00022,,3170000,"서울특별시 금천구 가산디지털2로 70, 대륭테크노타운19차 1층 104호 (가산동)",08589,01,영업/정상,커피숍,,,,
기타,,수정다방,다방,1999-10-18,199070.782850292,443299.634490097,2026-05-01 22:44:08,I,02,폐업,86.8,,,,0,기타,,,,2001-09-29 00:00:00,1999-10-18,86.80,137-832,서울특별시 서초구 방배동 812-1,N,0,3210000-104-1999-01477,,3210000,,,03,폐업,다방,,,,상수도전용
,,치폴라,커피숍,,198752.276313786,443274.907472661,2026-05-01 22:45:42,I,01,영업,26.44,,,,,,,,,2024-01-19 17:06:56,2016-08-08,26.44,137-830,서울특별시 서초구 방배동 790-13 1층(좌측),N,,3210000-104-2016-00314,,3210000,"서울특별시 서초구 방배중앙로 141-1, 1층 (방배동)",06560,01,영업/정상,커피숍,,,,
,,폰까페(cafe),커피숍,2015-07-27,201564.576270806,442562.90124864,2026-05-01 22:45:26,I,02,폐업,6,,,,,,,,,2014-07-17 14:30:57,2014-07-17,6.00,137-865,서울특별시 서초구 서초동 1443-1 서광빌딩 1층,N,,3210000-104-2014-00141,,3210000,"서울특별시 서초구 효령로 314, 1층 (서초동, 서광빌딩)",06721,03,폐업,커피숍,,,,
,,(주)자바씨티코리아,커피숍,2004-10-22,200250.447804795,444683.220506107,2026-05-01 22:44:32,I,02,폐업,48.84,,,,0,,,,,2003-08-11 00:00:00,2003-08-11,48.84,137-713,서울특별시 서초구 반포동 19-3 센트럴시티 지하1층(강남영풍문고내),N,0,3210000-104-2003-00108,,3210000,,,03,폐업,커피숍,02-2042-5282,,,상수도전용
기타,,씨티,다방,1996-11-15,198798.611235915,444320.555818579,2026-05-01 22:43:38,I,02,폐업,54,,,,2,을,,,,2001-09-29 00:00:00,1992-10-06,54.00,137-811,서울특별시 서초구 반포동 1053-0 H동동 11호,N,0,3210000-104-1992-00992,,3210000,,,03,폐업,다방,02-596-2590,,,상수도전용
,,Kie's coffee(키즈커피),커피숍,2017-08-02,200644.394363411,442969.648229986,2026-05-01 22:45:27,I,02,폐업,195.15,,,,,,,,,2017-08-02 11:38:21,2014-08-29,195.15,137-871,서울특별시 서초구 서초동 1509-3 지하1층,N,,3210000-104-2014-00175,,3210000,"서울특별시 서초구 반포대로23길 13, 지하1층 (서초동)",06657,03,폐업,커피숍,,,,
기타,,태양,다방,2002-02-08,191226.287379467,437914.06299827,2026-05-01 22:35:05,I,02,폐업,82.8,,,,2,자율,,,,2005-08-22 00:00:00,1987-12-21,82.80,153-755,서울특별시 금천구 시흥동 984-0 시흥유통상가 BB-40  호,N,0,3170000-104-1987-00220,,3170000,,,03,폐업,다방,02-0808-6533,,,상수도전용
,,캥거루,일반조리판매,2020-06-12,191238.243605327,441137.110489765,2026-05-01 22:35:49,I,02,폐업,33,,,,,,,,,2020-06-12 15:42:36,2014-05-09,33.00,153-807,서울특별시 금천구 독산동 165-6,N,,3170000-104-2014-00040,,3170000,"서울특별시 금천구 독산로85길 21, 지하1층 (독산동)",08546,03,폐업,일반조리판매,,,,
,,빨간닭강정 금천직영점,커피숍,2026-01-26,191334.975381517,439133.203931073,2026-05-01 22:36:34,I,02,폐업,28,,,,,,,,,2026-01-26 11:54:13,2023-08-17,28.00,153-857,서울특별시 금천구 시흥동 879-97,N,,3170000-104-2023-00113,,3170000,"서울특별시 금천구 금하로 645, 지상1층 일부호 (시흥동)",08626,03,폐업,커피숍,,,,
주택가주변,,준커피숖,다방,2004-04-08,198958.344883389,443268.632166021,2026-05-01 22:43:23,I,02,폐업,72.8,,,,3,자율,,,,2003-11-12 00:00:00,1984-07-25,72.80,137-832,서울특별시 서초구 방배동 814-28,N,0,3210000-104-1984-01263,,3210000,,,03,폐업,다방,02-536-8582,,,상수도전용
,,커피 ＆ 스토리(Coffee＆Story),커피숍,2017-01-03,189943.546219232,441990.817436962,2026-05-01 22:35:45,I,02,폐업,66.36,,,,,,,,,2013-03-08 16:21:34,2012-10-08,66.36,153-801,서울특별시 금천구 가산동 60-44 이앤씨드림타워7차 109호,N,,3170000-104-2012-00083,,3170000,"서울특별시 금천구 디지털로9길 46, 109호 (가산동, 이앤씨드림타워7차)",08512,03,폐업,커피숍,,,,상수도전용
,,GO SANDWICH(고샌드위치),커피숍,2016-04-12,199523.719344838,442279.253292191,2026-05-01 22:45:23,I,02,폐업,40.05,,,,,,,,,2014-09-05 17:31:15,2013-05-22,40.05,137-842,서울특별시 서초구 방배동 911-1 1층,N,,3210000-104-2013-00081,,3210000,"서울특별시 서초구 방배로13길 19, 1층 (방배동)",06686,03,폐업,커피숍,,,,
기타,,진로다방,다방,1993-09-20,201437.477919897,442585.481211577,2026-05-01 22:43:31,I,02,폐업,65,,,,3,지도,,,,2001-09-29 00:00:00,1988-03-16,65.00,137-877,서울특별시 서초구 서초동 1603-66,N,0,3210000-104-1988-01365,,3210000,,,03,폐업,다방,02-0583-4880,,,상수도전용
,,벤티프레소 가산에이원타워점,커피숍,2026-02-11,189208.487613747,442298.784420302,2026-05-01 22:36:27,I,02,폐업,100.8,,,,,,,,,2026-02-11 13:43:44,2021-08-17,100.80,153-803,서울특별시 금천구 가산동 459-7 1층 C101호,N,,3170000-104-2021-00096,,3170000,"서울특별시 금천구 가산디지털1로 205-27, 1층 C101호 (가산동)",08503,03,폐업,커피숍,,,,
,,커피올로지,커피숍,,200148.908812958,444359.607819267,2026-05-01 22:45:50,I,01,영업,26.23,,,,,,,,,2020-06-17 16:07:37,2017-07-03,26.23,137-804,서울특별시 서초구 반포동 63-1 팔래스호텔 지하1층,N,,3210000-104-2017-00300,,3210000,"서울특별시 서초구 사평대로 160, 지하1층 (반포동, 팔래스호텔)",,01,영업/정상,커피숍,02-595-1003,,,
,,꽃물,다방,2020-04-24,200250.447804795,444683.220506107,2026-05-01 22:45:52,I,02,폐업,3.3,,,,,,,,,2020-04-24 11:06:05,2018-03-14,3.30,137-960,서울특별시 서초구 반포동 19-3 센트럴시티빌딩,N,,3210000-104-2018-00079,,3210000,"서울특별시 서초구 신반포로 176, 센트럴시티빌딩 B1층 (반포동)",06546,03,폐업,다방,,,,
,,(주)에벤에셀,기타 휴게음식점,2025-10-25,200576.608647619,445241.8984183,2026-05-01 22:46:25,I,02,폐업,0,,,,,,,,,2025-10-26 04:15:10,2025-09-26,,137-908,서울특별시 서초구 잠원동 70-2 킴스클럽 강남점 지하1층 식품관,N,,3210000-104-2025-00375,,3210000,"서울특별시 서초구 잠원로 51, 킴스클럽 강남점 지하1층 식품관 (잠원동)",06511,03,폐업,기타 휴게음식점,,,,
,,(주)우진유통,기타 휴게음식점,2021-10-28,200250.447804795,444683.220506107,2026-05-01 22:46:08,I,02,폐업,0,,,,,,,,,2021-10-29 04:15:08,2021-10-18,.00,137-713,서울특별시 서초구 반포동 19-3 지하1층,N,,3210000-104-2021-00297,,3210000,"서울특별시 서초구 신반포로 176, 지하1층 (반포동)",06546,03,폐업,기타 휴게음식점,,,,
,,서울키친(어랑사랑),백화점,2024-03-11,200250.447804795,444683.220506107,2026-05-01 22:46:16,I,02,폐업,0,,,,,,,,,2024-03-12 04:15:09,2024-03-05,.00,137-713,서울특별시 서초구 반포동 19-3 신세계백화점 강남점 지하1층,N,,3210000-104-2024-00086,,3210000,"서울특별시 서초구 신반포로 176, 신세계백화점 강남점 지하1층 (반포동)",06546,03,폐업,백화점,,,,
,,(주)우진유통,백화점,2025-01-07,200250.447804795,444683.220506107,2026-05-01 22:46:19,I,02,폐업,0,,,,,,,,,2025-01-08 04:15:09,2024-12-30,,137-713,서울특별시 서초구 반포동 19-3 신세계백화점 강남점 지하1층,N,,3210000-104-2024-00449,,3210000,"서울특별시 서초구 신반포로 176, 신세계백화점 강남점 지하1층 (반포동)",06546,03,폐업,백화점,,,,
,,비알코리아(주) 배스킨라빈스 양재역점,패스트푸드,2014-04-30,202962.207813123,442366.929774694,2026-05-01 22:44:55,I,02,폐업,37.65,,,,,,,,,2008-05-09 15:24:37,2008-05-09,37.65,137-889,서울특별시 서초구 양재동 23 환승주차장 108호,N,,3210000-104-2008-00058,,3210000,"서울특별시 서초구 강남대로 221 (양재동,환승주차장 108호)",06749,03,폐업,패스트푸드,,,,
기타,,로베쟈빵현대반포점,과자점,2000-03-14,198791.788015494,444392.672548989,2026-05-01 22:43:55,I,02,폐업,50.77,,,,0,기타,,,,2000-03-14 00:00:00,1996-03-06,50.77,137-811,서울특별시 서초구 반포동 1141-0,N,0,3210000-104-1996-01774,,3210000,,,03,폐업,과자점,02-562-2200,,,상수도전용
기타,,다락방,다방,1997-03-25,201766.11139144,445445.185697219,2026-05-01 22:43:53,I,02,폐업,37.44,,,,,기타,,,,2001-09-29 00:00:00,1996-09-18,37.44,137-905,서울특별시 서초구 잠원동 37-12,N,,3210000-104-1996-00850,,3210000,,,03,폐업,다방,02-540-6087,,,상수도전용
,,서울버터샌드,커피숍,2022-07-12,190838.324818618,439761.362000391,2026-05-01 22:36:27,I,02,폐업,24.79,,,,,,,,,2022-07-12 16:44:51,2021-07-13,24.79,153-010,서울특별시 금천구 독산동 1155 금천롯데캐슬골드파크3차 310동 201호,N,,3170000-104-2021-00078,,3170000,"서울특별시 금천구 시흥대로 291, 310동 2층 201호 (독산동, 금천롯데캐슬골드파크3차)",08608,03,폐업,커피숍,,,,
유흥업소밀집지역,,세븐일레븐(반포5호점),편의점,1998-07-09,201668.490076906,445323.646857666,2026-05-01 22:43:59,I,02,폐업,6.25,,,,,기타,,,,2001-09-29 00:00:00,1998-03-17,6.25,137-808,서울특별시 서초구 반포동 705-4,N,,3210000-104-1998-00472,,3210000,,,03,폐업,편의점,02-543-7627,,,상수도전용
,,호아빈,일반조리판매,2010-01-27,198791.788015494,444392.672548989,2026-05-01 22:44:52,I,02,폐업,46.34,,,,,,,,,2007-09-03 14:43:55,2007-09-03,46.34,137-811,"서울특별시 서초구 반포동 1141 5-042,5-051,5-052,5-061일부",N,,3210000-104-2007-00121,,3210000,,,03,폐업,일반조리판매,02-3479-9800,,,상수도전용
,,COA(코아),커피숍,2015-12-09,201795.664147708,445192.745914548,2026-05-01 22:45:32,I,02,폐업,24.82,,,,,,,,,2015-05-26 14:54:22,2015-05-26,24.82,137-809,서울특별시 서초구 반포동 721-14 지하1층 상가,N,,3210000-104-2015-00110,,3210000,"서울특별시 서초구 사평대로57길 115, 지하1층 (반포동, 상가)",06536,03,폐업,커피숍,,,,
,,블랙펄,다방,2004-11-10,202190.589704998,444075.262420324,2026-05-01 22:44:26,I,02,폐업,98,,,,0,,,,,2004-11-10 00:00:00,2002-04-24,98.00,137-856,서울특별시 서초구 서초동 1317-1 신흥빌딩 1층,N,0,3210000-104-2002-00046,,3210000,,,03,폐업,다방,,,,
,,테이크아웃 스토리,커피숍,2015-01-05,189538.020935968,441982.427934953,2026-05-01 22:35:34,I,02,폐업,60.69,,,,,,,,,2014-08-07 14:06:42,2008-08-28,60.69,153-776,서울특별시 금천구 가산동 371-28 우림라이온스밸리 A215호,N,,3170000-104-2008-00034,,3170000,"서울특별시 금천구 가산디지털1로 168, A215호 (가산동, 우림라이온스밸리)",08507,03,폐업,커피숍,,,,상수도전용
,,혁이네 닭꼬치,패스트푸드,2026-01-07,199361.751208294,445320.890017296,2026-05-01 22:45:47,I,02,폐업,6.25,,,,,,,,,2026-01-07 13:16:56,2017-04-07,6.25,137-040,"서울특별시 서초구 반포동 115-1 반포한강도선장 내 2층, B-2호",N,,3210000-104-2017-00147,,3210000,,,03,폐업,패스트푸드,,,,
,,리은푸드,일반조리판매,2022-12-14,200250.447804795,444683.220506107,2026-05-01 22:46:11,I,02,폐업,0,,,,,,,,,2022-12-15 04:15:09,2022-12-06,,137-713,서울특별시 서초구 반포동 19-3 신세계백화점 강남점 지하1층 식품행사장,N,,3210000-104-2022-00382,,3210000,"서울특별시 서초구 신반포로 176, 신세계백화점 강남점 지하1층 식품행사장 (반포동)",06546,03,폐업,일반조리판매,,,,
,,알프스샬레,커피숍,2018-05-03,204842.165426979,437956.129765365,2026-05-01 22:44:33,I,02,폐업,4.6,,,,0,,,,,2018-05-31 11:07:33,2003-09-05,4.60,137-150,서울특별시 서초구 원지동 419-15 1층 (B동),N,0,3210000-104-2003-00121,,3210000,"서울특별시 서초구 원터2길 13 (원지동,1층 (B동))",06806,03,폐업,커피숍,02-576-6315,,,상수도전용
,,스타벅스 서래마을성당점,커피숍,2015-06-30,199362.167537412,443521.378180475,2026-05-01 22:44:56,I,02,폐업,162.4,,,,,,,,,2008-06-27 16:56:44,2008-06-27,162.40,137-830,서울특별시 서초구 방배동 797-24 (2층),N,,3210000-104-2008-00086,,3210000,"서울특별시 서초구 동광로 101 (방배동,(2층))",06584,03,폐업,커피숍,,,,
,,스페로스페라,백화점,2011-08-18,200250.447804795,444683.220506107,2026-05-01 22:45:14,I,02,폐업,9.9,,,,,,,,,2011-04-04 12:14:52,2011-04-04,9.90,137-713,서울특별시 서초구 반포동 19-3 신세계백화점 지하1층,N,,3210000-104-2011-00061,,3210000,,,03,폐업,백화점,02-3479-1038,,,
,,건강이네,푸드트럭,,203035.132756933,442466.38759196,2026-05-01 22:45:45,I,01,영업,10,,,,,,,,,2020-01-23 12:54:09,2016-12-29,10.00,137-887,서울특별시 서초구 양재동 12-9 앞 양재역 5번 출구 뒤,N,,3210000-104-2016-00486,,3210000,,,01,영업/정상,푸드트럭,,,,
,,로마로사,백화점,2022-04-19,200250.447804795,444683.220506107,2026-05-01 22:46:09,I,02,폐업,6.6,,,,,,,,,2022-04-19 09:53:28,2022-03-21,6.60,137-713,서울특별시 서초구 반포동 19-3 신세계백화점 식품관 지하1층,N,,3210000-104-2022-00080,,3210000,"서울특별시 서초구 신반포로 176, 신세계백화점 식품관 지하1층 (반포동)",06546,03,폐업,백화점,,,,
,,카페 b&d,커피숍,2025-08-25,189378.332493727,442066.99866487,2026-05-01 22:36:15,I,02,폐업,48.81,,,,,,,,,2025-08-25 17:25:16,2019-03-26,48.81,153-803,서울특별시 금천구 가산동 371-41 가산 에스케이 브이원 센터,N,,3170000-104-2019-00053,,3170000,"서울특별시 금천구 가산디지털1로 171, 가산 에스케이 브이원 센터 1층 124일부(124-2)호 (가산동)",08503,03,폐업,커피숍,,,,
,,(주)플러스원솔루션,커피숍,2017-08-04,204729.891186669,439205.430021381,2026-05-01 22:45:42,I,02,폐업,176.64,,,,,,,,,2017-11-30 11:55:18,2016-08-11,176.64,137-160,서울특별시 서초구 신원동 450-1 1층,Y,,3210000-104-2016-00325,,3210000,"서울특별시 서초구 본마을2길 9-6, 1층 (신원동)",06798,03,폐업,커피숍,,,,
,,카야토스트,백화점,2017-06-02,200250.447804795,444683.220506107,2026-05-01 22:45:49,I,02,폐업,3,,,,,,,,,2017-06-02 17:30:37,2017-05-04,3.00,137-713,서울특별시 서초구 반포동 19-3,N,,3210000-104-2017-00205,,3210000,"서울특별시 서초구 신반포로 176, 지하1층 (반포동)",06546,03,폐업,백화점,,,,
기타,,(주)이코바이오,과자점,2001-11-28,200250.447804795,444683.220506107,2026-05-01 22:44:22,I,02,폐업,23.1,,,,,기타,,,,2001-08-30 00:00:00,2001-08-18,23.10,137-713,서울특별시 서초구 반포동 19-3 신세계백화점 지하,N,,3210000-104-2001-16006,,3210000,,,03,폐업,과자점,02-3479-1561,,,
,,세븐일레븐 시흥IC점,편의점,2025-06-30,190933.601554233,441662.481512797,2026-05-01 22:35:49,I,02,폐업,6.33,,,,,,,,,2025-06-30 10:42:15,2014-06-30,6.33,153-806,서울특별시 금천구 독산동 143-12,N,,3170000-104-2014-00061,,3170000,"서울특별시 금천구 시흥대로 487, 지상1층 (독산동)",08530,03,폐업,편의점,,,,상수도전용
,,교동반점 인계점,기타 휴게음식점,,202704.128359142,418001.640918528,2026-05-01 03:03:03,U,01,영업,94.88,,,,,,,,,2026-04-30 16:37:45,2023-10-31,94.88,442-834,경기도 수원시 팔달구 인계동 1043-9 신흥빌딩,N,,3770000-104-2023-00162,,3740000,"경기도 수원시 팔달구 효원로265번길 41, 신흥빌딩 5층 (인계동)",16490,01,영업/정상,기타 휴게음식점,,,,상수도전용
,,빨라쬬,커피숍,2010-08-30,199860.882596568,441816.217909668,2026-05-01 22:44:52,I,02,폐업,26.44,,,,,,,,,2007-08-17 10:12:06,2007-08-17,26.44,137-851,서울특별시 서초구 방배동 1031-1 지상1층,N,,3210000-104-2007-00100,,3210000,,,03,폐업,커피숍,,,,상수도전용
,,소브스,기타 휴게음식점,2022-01-12,200250.447804795,444683.220506107,2026-05-01 22:46:08,I,02,폐업,0,,,,,,,,,2022-01-13 04:15:09,2022-01-05,.00,137-713,서울특별시 서초구 반포동 19-3 지하1층,N,,3210000-104-2022-00004,,3210000,"서울특별시 서초구 신반포로 176, 신세계백화점 지하1층 (반포동)",06546,03,폐업,기타 휴게음식점,,,,
,,지에스25 서초삼풍점,편의점,2020-09-18,201235.615803746,443756.35264556,2026-05-01 22:45:50,I,02,폐업,4,,,,,,,,,2020-09-18 14:21:17,2017-06-05,4.00,137-883,서울특별시 서초구 서초동 1697-14 1층,N,,3210000-104-2017-00254,,3210000,"서울특별시 서초구 서초대로53길 20-4, 1층 (서초동)",06604,03,폐업,편의점,,,,
,,주식회사 신이안루,기타 휴게음식점,2024-10-31,200250.447804795,444683.220506107,2026-05-01 22:46:19,I,02,폐업,0,,,,,,,,,2024-11-01 04:15:09,2024-10-17,,137-713,서울특별시 서초구 반포동 19-3 신세계백화점 강남점 지하1층 식품관,N,,3210000-104-2024-00376,,3210000,"서울특별시 서초구 신반포로 176, 신세계백화점 강남점 지하1층 식품관 (반포동)",06546,03,폐업,기타 휴게음식점,,,,
기타,,레인커피숍,다방,2000-11-25,200115.143202807,444741.437478089,2026-05-01 22:44:05,I,02,폐업,130.46,,,,0,기타,,,,2000-11-25 00:00:00,1998-01-30,130.46,137-713,서울특별시 서초구 반포동 19-1,N,0,3210000-104-1998-00810,,3210000,,,03,폐업,다방,02-3477-5595,,,상수도전용
,,대만락 카스테라,백화점,2017-06-01,200250.447804795,444683.220506107,2026-05-01 22:45:46,I,02,폐업,14,,,,,,,,,2017-06-01 13:32:20,2017-03-14,14.00,137-713,서울특별시 서초구 반포동 19-3 신세계백화점 식품관 지하1층,Y,,3210000-104-2017-00086,,3210000,"서울특별시 서초구 신반포로 176, 지하1층 (반포동, 신세계백화점 식품관 )",06546,03,폐업,백화점,,,,
,,세븐일레븐 양재빌리지점 B,편의점,,203796.1,440928.77,2026-05-01 22:45:41,I,01,영업,6.6,,,,,,,,,2020-06-01 10:35:43,2016-05-20,6.60,137-898,서울특별시 서초구 양재동 371 1층 희빌딩,N,,3210000-104-2016-00207,,3210000,"서울특별시 서초구 동산로6길 11, 1층 (양재동, 희빌딩)",06785,01,영업/정상,편의점,02-577-5874,,,
,,영커피 강남해커스점,커피숍,,202115.410729601,444034.039603754,2026-05-01 22:46:14,I,01,영업,30.33,,,,,,,,,2023-09-18 13:15:01,2023-09-18,30.33,137-856,서울특별시 서초구 서초동 1316-17 벨라채오피스텔,N,,3210000-104-2023-00297,,3210000,"서울특별시 서초구 강남대로61길 19, 벨라채오피스텔 104호 (서초동)",06616,01,영업/정상,커피숍,,,,
,,콜디베어 디저트,기타 휴게음식점,,201812.412993581,440355.976588077,2026-05-01 22:46:16,I,01,영업,33.5,,,,,,,,,2024-03-21 14:34:08,2024-03-21,33.50,137-901,서울특별시 서초구 우면동 686 삼성프라자-1 105호,N,,3210000-104-2024-00116,,3210000,"서울특별시 서초구 성촌1길 26, 삼성프라자-1 105호 (우면동)",06765,01,영업/정상,기타 휴게음식점,,,,
,,마음클릭심리카페,기타 휴게음식점,2025-11-10,190718.377249788,439322.42742435,2026-05-01 22:36:01,I,02,폐업,31.99,,,,,,,,,2025-11-10 14:31:29,2017-01-10,31.99,153-030,서울특별시 금천구 시흥동 1031 엠메디컬타워 1006호,N,1,3170000-104-2017-00003,,3170000,"서울특별시 금천구 시흥대로73길 67, 엠메디컬타워 1006호 (시흥동)",08613,03,폐업,기타 휴게음식점,,,,
,,스위트럭 서래마을점,커피숍,2018-05-03,199765.418439525,443991.600639519,2026-05-01 22:45:25,I,02,폐업,27,,,,,,,,,2018-05-16 09:53:22,2014-03-10,27.00,137-806,서울특별시 서초구 반포동 95-7 1층,N,,3210000-104-2014-00032,,3210000,"서울특별시 서초구 서래로 33, 1층 (반포동)",06576,03,폐업,커피숍,,,,
,,그랑부아(GRAND BOIS),일반조리판매,2017-06-29,199973.546463578,441889.356448177,2026-05-01 22:44:55,I,02,폐업,26,,,,,,,,,2017-06-29 11:05:47,2008-04-30,26.00,137-851,서울특별시 서초구 방배동 1020-10 1층105호,N,,3210000-104-2008-00051,,3210000,"서울특별시 서초구 방배로6길 18 (방배동,1층105호)",06705,03,폐업,일반조리판매,02-581-9621,,,상수도전용
,,주식회사에벤에셀,기타 휴게음식점,2022-11-30,200250.447804795,444683.220506107,2026-05-01 22:46:11,I,02,폐업,0,,,,,,,,,2022-12-01 04:15:08,2022-11-07,,137-713,서울특별시 서초구 반포동 19-3 신세계백화점 강남점 지하1층,N,,3210000-104-2022-00347,,3210000,"서울특별시 서초구 신반포로 176, 신세계백화점 강남점 지하1층 (반포동)",06546,03,폐업,기타 휴게음식점,031-338-7710,,,
,,한국경제발전협동조합 E,일반조리판매,2017-08-27,201015.009715991,446493.163455058,2026-05-01 22:45:50,I,02,폐업,25,,,,,,,,,2022-11-18 17:31:51,2017-08-02,25.00,137-030,서울특별시 서초구 잠원동 121-8 잠원수영장 내,N,,3210000-104-2017-00350,,3210000,"서울특별시 서초구 잠원로 221-124 (잠원동, 잠원수영장 내)",06513,03,폐업,일반조리판매,,,,
,,미당,기타 휴게음식점,2022-08-10,200250.447804795,444683.220506107,2026-05-01 22:46:10,I,02,폐업,0,,,,,,,,,2022-08-11 04:15:09,2022-07-14,.00,137-713,서울특별시 서초구 반포동 19-3 신세계백화점 강남점 지하1층,N,,3210000-104-2022-00227,,3210000,"서울특별시 서초구 신반포로 176, 신세계백화점 강남점 지하1층 (반포동)",06546,03,폐업,기타 휴게음식점,,,,
,,녹색광선,커피숍,2025-01-08,201199.064908798,442819.494552414,2026-05-01 22:46:03,I,02,폐업,37.67,,,,,,,,,2025-01-08 15:01:57,2020-01-29,37.67,137-876,서울특별시 서초구 서초동 1598-8 1층 101호,N,,3210000-104-2020-00030,,3210000,"서울특별시 서초구 서초중앙로 63-6, 1층 101호 (서초동)",06651,03,폐업,커피숍,,,,
,,마포만두 교대점,일반조리판매,2024-04-05,201145.842611759,443281.259707334,2026-05-01 22:45:29,I,02,폐업,85.06,,,,,,,,,2024-04-05 12:56:48,2015-02-17,85.06,137-875,서울특별시 서초구 서초동 1575-4 1층,N,,3210000-104-2015-00034,,3210000,"서울특별시 서초구 서초중앙로 111, 1층 (서초동)",,03,폐업,일반조리판매,,,,
,,라온 커피 앤 브래드,커피숍,2021-03-31,,,2026-05-01 22:45:34,I,02,폐업,89,,,,,,,,,2021-03-31 14:57:55,2015-08-31,89.00,137-180,서울특별시 서초구 내곡동 196-26 1층,Y,,3210000-104-2015-00199,,3210000,"서울특별시 서초구 안골1길 2, 1층 (내곡동)",,03,폐업,커피숍,02-640-4014,,,
,,위고에빅토르,백화점,2017-05-15,200250.447804795,444683.220506107,2026-05-01 22:45:48,I,02,폐업,10,,,,,,,,,2017-05-15 16:27:35,2017-05-02,10.00,137-713,서울특별시 서초구 반포동 19-3 신세계백화점 강남점 지하1층,N,,3210000-104-2017-00199,,3210000,"서울특별시 서초구 신반포로 176, 지하1층 (반포동, 신세계백화점 강남점)",06546,03,폐업,백화점,,,,
,,찰리브라운카페 강남점,커피숍,2019-11-13,202368.39194544,443692.660615983,2026-05-01 22:45:34,I,02,폐업,140.8,,,,,,,,,2019-11-13 09:10:27,2015-09-16,140.80,137-858,"서울특별시 서초구 서초동 1327-23 지하1층, 1층",N,,3210000-104-2015-00224,,3210000,"서울특별시 서초구 강남대로55길 9-7, 지하1층, 1층 (서초동)",06621,03,폐업,커피숍,02-2652-0106,,,
,,커피사피엔스 독산 더스카이밸리2차,커피숍,2024-09-19,190099.41176063,440416.170972838,2026-05-01 22:36:28,I,02,폐업,57.2,,,,,,,,,2024-09-19 11:46:52,2022-01-03,57.20,153-803,서울특별시 금천구 가산동 714 하우스디 더 스카이밸리 가산2차 109호,N,,3170000-104-2022-00001,,3170000,"서울특별시 금천구 범안로 1142, 하우스디 더 스카이밸리 가산2차 1층 109호 (가산동)",08595,03,폐업,커피숍,,,,
,,행복생활에프앤비,일반조리판매,2024-10-08,200576.608647619,445241.8984183,2026-05-01 22:46:18,I,02,폐업,0,,,,,,,,,2024-10-09 04:15:09,2024-09-13,,137-908,서울특별시 서초구 잠원동 70-2 강남킴스클럽 지하1층 식품관,N,,3210000-104-2024-00335,,3210000,"서울특별시 서초구 잠원로 51, 강남킴스클럽 지하1층 식품관 (잠원동)",06511,03,폐업,일반조리판매,,,,
주택가주변,,마이시클,다방,1996-02-10,199837.566688605,441982.919148591,2026-05-01 22:43:47,I,02,폐업,30.22,,,,1,자율,,,,2002-08-07 00:00:00,1995-09-21,30.22,137-849,서울특별시 서초구 방배동 983-11,N,0,3210000-104-1995-00888,,3210000,,,03,폐업,다방,02-583-7021,,,상수도전용
,,(주)겐조에프앤디,일반조리판매,2015-02-27,190809.507840375,440728.382273075,2026-05-01 22:35:48,I,02,폐업,28,,,,,,,,,2014-06-20 11:10:21,2014-04-29,28.00,153-813,서울특별시 금천구 독산동 291-7,N,,3170000-104-2014-00032,,3170000,"서울특별시 금천구 시흥대로 391, 지상2층 (독산동)",08584,03,폐업,일반조리판매,,,,상수도전용
기타,,태양다방,다방,1998-04-20,192190.362233439,438640.886621757,2026-05-01 22:35:07,I,02,폐업,71.89,,,,2,지도,,,,2005-08-22 00:00:00,1990-03-13,71.89,153-844,서울특별시 금천구 시흥동 270-2,N,0,3170000-104-1990-00236,,3170000,,,03,폐업,다방,02-891-0042,,,상수도전용
,,아리노마마,일반조리판매,2019-04-25,200367.588604211,444873.437818732,2026-05-01 22:45:20,I,02,폐업,18.51,,,,,,,,,2019-04-25 14:35:53,2012-11-08,18.51,137-040,서울특별시 서초구 반포동 128-4 강남터미널지하쇼핑몰 G-033호,N,,3210000-104-2012-00168,,3210000,"서울특별시 서초구 신반포로 지하 200, G-033호 (반포동, 강남터미널지하쇼핑몰)",,03,폐업,일반조리판매,,,,
,,배떡 교대점,일반조리판매,2026-02-25,201556.869782922,443553.723615274,2026-05-01 22:46:07,I,02,폐업,48.18,,,,,,,,,2026-02-25 09:23:46,2021-06-07,48.18,137-880,서울특별시 서초구 서초동 1639-3 1층 103호,N,,3210000-104-2021-00160,,3210000,"서울특별시 서초구 서초중앙로22길 83, 1층 103호 (서초동)",06632,03,폐업,일반조리판매,,,,
,,블랙앤트리,커피숍,2019-07-30,189978.050925581,440363.954453659,2026-05-01 22:35:57,I,02,폐업,100.8,,,,3,,,,,2019-07-30 14:57:12,2016-09-28,100.80,153-803,서울특별시 금천구 가산동 685 디지털엠파이어 지상1 106호,N,,3170000-104-2016-00103,,3170000,"서울특별시 금천구 범안로 1130, 지상1층 106호 (가산동, 디지털엠파이어)",08595,03,폐업,커피숍,,,,
,,JD카페,커피숍,2018-11-02,201353.74049169,442618.447987766,2026-05-01 22:45:56,I,02,폐업,81.57,,,,,,,,,2018-11-02 12:12:55,2018-07-05,81.57,137-877,서울특별시 서초구 서초동 1603-1 3층 301호,N,,3210000-104-2018-00239,,3210000,"서울특별시 서초구 서초중앙로 42, 블루핀타워 3층 301호 (서초동)",06643,03,폐업,커피숍,070-4943-0061,,,
,,이삭토스트 강남점,패스트푸드,,202326.145704288,443714.177835024,2026-05-01 22:45:10,I,01,영업,38.61,,,,,,,,,2020-06-19 11:33:25,2010-07-05,38.61,137-923,서울특별시 서초구 서초동 1327 서초타운트라팰리스 1층 106호,N,,3210000-104-2010-00128,,3210000,"서울특별시 서초구 서초대로74길 23 (서초동,서초타운트라팰리스 1층 106호)",06621,01,영업/정상,패스트푸드,02-535-6407,,,
주택가주변,,아는집,일반조리판매,,203355.31475425,442198.611524714,2026-05-01 22:43:51,I,01,영업,50,,,,,자율,,,,2007-04-20 00:00:00,1996-07-05,50.00,137-888,서울특별시 서초구 양재동 17-1,N,,3210000-104-1996-00636,,3210000,서울특별시 서초구 강남대로30길 28 (양재동),06745,01,영업/정상,일반조리판매,02-573-1239,,,상수도전용
,,씨유 잠원성한점,편의점,,201751.135625743,445484.585761133,2026-05-01 22:46:01,I,01,영업,3.3,,,,,,,,,2019-06-14 16:02:33,2019-06-14,3.30,137-905,서울특별시 서초구 잠원동 37-7 성한빌딩 1층,N,,3210000-104-2019-00177,,3210000,"서울특별시 서초구 강남대로 557, 성한빌딩 1층 (잠원동)",06531,01,영업/정상,편의점,,,,
기타,,정원,다방,2000-01-05,191031.252607802,441192.101335396,2026-05-01 22:35:12,I,02,폐업,87.59,,,,0,자율,,,,2002-01-11 00:00:00,1993-04-23,87.59,153-825,서울특별시 금천구 독산동 988-13,N,0,3170000-104-1993-00176,,3170000,,,03,폐업,다방,,,,상수도전용
,,티 팔레트,기타 휴게음식점,2024-10-30,200851.780669746,443031.322398618,2026-05-01 22:46:03,I,02,폐업,14,,,,,,,,,2024-10-30 11:30:09,2020-04-07,14.00,137-872,서울특별시 서초구 서초동 1548-13 1층 102호,N,,3210000-104-2020-00100,,3210000,"서울특별시 서초구 반포대로22길 29, 1층 102호 (서초동)",06648,03,폐업,기타 휴게음식점,,,,
,,우메마루,일반조리판매,,191341.238749155,438365.613175801,2026-05-01 22:35:47,I,01,영업,43.97,,,,,,,,,2018-12-11 17:12:48,2013-10-22,43.97,153-863,서울특별시 금천구 시흥동 985-8 105호,N,,3170000-104-2013-00077,,3170000,"서울특별시 금천구 시흥대로 149, 1층 105호 (시흥동)",08638,01,영업/정상,일반조리판매,,,,상수도전용
아파트지역,,그레이프스넥,과자점,1997-01-31,,,2026-05-01 22:43:35,I,02,폐업,3.97,,,,1,자율,,,,2001-09-29 00:00:00,1989-12-01,3.97,137-070,서울특별시 서초구 서초동 192-4 삼풍백화점,N,0,3210000-104-1989-01945,,3210000,,,03,폐업,과자점,02-0535-0002,,,상수도전용
,,TB CAFE (티비카페),커피숍,2020-12-24,198823.771465695,440597.320818749,2026-05-01 22:45:39,I,02,폐업,33,,,,,,,,,2020-12-24 10:32:39,2016-04-06,33.00,137-853,서울특별시 서초구 방배동 2812 지하1층,N,,3210000-104-2016-00132,,3210000,"서울특별시 서초구 과천대로 848, 지하1층 (방배동)",06761,03,폐업,커피숍,,,,
,,카페 두다트(Cafe DuDart) 서초역점,커피숍,2015-07-21,200667.104434599,443263.221961308,2026-05-01 22:45:24,I,02,폐업,28.28,,,,,,,,,2015-07-21 12:49:12,2013-11-18,28.28,137-872,서울특별시 서초구 서초동 1542-1 동일하이빌 110호,N,,3210000-104-2013-00194,,3210000,"서울특별시 서초구 서초대로 240, 1층 110호 (서초동, 동일하이빌)",06647,03,폐업,커피숍,,,,
,,씨유 시흥유통점,편의점,2022-04-22,191339.521436397,437653.308606196,2026-05-01 22:35:40,I,02,폐업,0.5,,,,,,,,,2022-04-22 13:27:16,2011-09-16,.50,153-863,서울특별시 금천구 시흥동 983-8 지상1층,N,,3170000-104-2011-00071,,3170000,"서울특별시 금천구 시흥대로 77 (시흥동, 지상1층)",08640,03,폐업,편의점,,,,상수도전용
,,(주)디저트힐,커피숍,2023-12-29,189419.091886816,441207.655086501,2026-05-01 22:36:12,I,02,폐업,56.55,,,,,,,,,2023-12-29 13:53:57,2018-10-19,56.55,153-706,서울특별시 금천구 가산동 345-90 한라시그마밸리 203-2호,N,,3170000-104-2018-00135,,3170000,"서울특별시 금천구 가산디지털2로 53, 한라시그마밸리 2층 203-2호 (가산동)",08588,03,폐업,커피숍,,,,
,,요거프레소 서초 참누리점,커피숍,2018-11-29,201297.365530065,439368.439124903,2026-05-01 22:45:28,I,02,폐업,38.33,,,,,,,,,2018-11-29 14:15:24,2015-02-10,38.33,137-140,서울특별시 서초구 우면동 766 서초프라자 101호,N,,3210000-104-2015-00029,,3210000,"서울특별시 서초구 양재대로2길 116-6, 101호 (우면동, 서초프라자)",06767,03,폐업,커피숍,,,,
,,촌장가,일반조리판매,2015-11-10,203059.646700644,439960.533113874,2026-05-01 22:45:10,I,02,폐업,59.9,,,,,,,,,2010-08-26 12:10:48,2010-08-26,59.90,137-917,서울특별시 서초구 양재동 217 서울오토갤러리 은관(나동)비102,N,,3210000-104-2010-00171,,3210000,"서울특별시 서초구 양재대로11길 36 (양재동,서울오토갤러리 은관(나동)비102)",06772,03,폐업,일반조리판매,,,,
,,카페네,커피숍,,190963.073598906,440007.045428735,2026-05-01 22:36:04,I,01,영업,14.9,,,,1,,,,,2017-05-15 11:21:39,2017-05-15,14.90,153-832,서울특별시 금천구 독산동 1058-46 지상1층,N,,3170000-104-2017-00038,,3170000,"서울특별시 금천구 시흥대로94길 11, 지상1층 (독산동)",08619,01,영업/정상,커피숍,,,,
,,오거리분식,일반조리판매,,191652.123273448,439473.232058427,2026-05-01 22:35:41,I,01,영업,15.04,,,,,,,,,2013-04-02 10:45:26,2011-11-04,15.04,153-855,서울특별시 금천구 시흥동 815,N,,3170000-104-2011-00096,,3170000,"서울특별시 금천구 독산로32길 16 (시흥동, 지상1층)",08570,01,영업/정상,일반조리판매,,,,
,,어스,커피숍,2025-05-13,201070.990440494,443660.314911679,2026-05-01 22:45:42,I,02,폐업,20.2,,,,,,,,,2025-05-13 11:14:08,2016-08-12,20.20,137-885,서울특별시 서초구 서초동 1714-5 106호,Y,,3210000-104-2016-00327,,3210000,"서울특별시 서초구 서초중앙로 151, 1층 106호 (서초동, 정암빌딩 )",06596,03,폐업,커피숍,02-593-8522,,,
,,달(DALL),커피숍,2024-01-08,198480.253161373,443538.672446096,2026-05-01 22:46:03,I,02,폐업,20,,,,,,,,,2024-01-08 14:20:01,2019-04-30,20.00,137-829,서울특별시 서초구 방배동 765-30 제1호중 1층 102호,N,,3210000-104-2019-00382,,3210000,"서울특별시 서초구 방배중앙로25길 42, 제1호중 1층 102호 (방배동)",06555,03,폐업,커피숍,,,,
,,FBI 텍사스 스모크 바비큐,기타 휴게음식점,2024-06-10,203392.793460583,440676.379919661,2026-05-01 22:45:59,I,02,폐업,3,,,,,,,,,2024-06-10 16:00:08,2019-01-25,3.00,137-787,서울특별시 서초구 양재동 232 AT센터 1층,N,,3210000-104-2019-00036,,3210000,"서울특별시 서초구 강남대로 27, AT센터 1층 (양재동)",06774,03,폐업,기타 휴게음식점,,,,
,,챱챱케이크,일반조리판매,,201213.653404672,443265.664377177,2026-05-01 22:46:07,I,01,영업,37.16,,,,,,,,,2022-03-14 14:48:48,2021-08-04,37.16,137-881,서울특별시 서초구 서초동 1656-4 1층104호,N,,3210000-104-2021-00229,,3210000,"서울특별시 서초구 서초중앙로 110, 1층 104호 (서초동, 서초동롯데캐슬메디치)",06634,01,영업/정상,일반조리판매,,,,
,,삼보다방,다방,2016-12-05,191549.452179412,439708.282614605,2026-05-01 22:35:26,I,02,폐업,53.66,,,,0,,,,,2014-12-23 12:53:49,2004-09-17,53.66,153-030,"서울특별시 금천구 시흥동 803-3 ,11 지하1층 (독산동길 233)",N,0,3170000-104-2004-00020,,3170000,"서울특별시 금천구 독산로 136 (시흥동,,11 지하1층 (독산동길 233))",08568,03,폐업,다방,02-806-6057,,,상수도전용
주택가주변,,장미다방,다방,2004-08-23,198443.027160659,441675.38554831,2026-05-01 22:43:29,I,02,폐업,82.34,,,,3,자율,,,,2003-08-22 00:00:00,1987-07-23,82.34,137-818,서울특별시 서초구 방배동 450-25,N,0,3210000-104-1987-01178,,3210000,,,03,폐업,다방,02-587-3335,,,상수도전용
기타,,키슨스(주),패스트푸드,2002-12-13,190704.904312713,440940.384414334,2026-05-01 22:35:24,I,02,폐업,43.58,,,,3,기타,,,,2002-04-26 00:00:00,2001-09-08,43.58,153-813,서울특별시 금천구 독산동 295-10 마그넷금천점 1층,N,1,3170000-104-2001-06854,,3170000,,,03,폐업,패스트푸드,02-838-7691,,,상수도전용
,,나뚜루삼보점,편의점,2011-11-28,189759.713050655,441814.115920983,2026-05-01 22:35:30,I,02,폐업,13.2,,,,0,,,,,2010-04-14 10:28:23,2006-03-29,13.20,153-801,서울특별시 금천구 가산동 60-20 A동 지상1층 (벗꽃시리길 111),N,0,3170000-104-2006-00006,,3170000,,,03,폐업,편의점,21097268,,,상수도전용
주택가주변,,현풍다방,다방,1994-10-10,202564.893880672,442591.613473178,2026-05-01 22:43:34,I,02,폐업,71.1,,,,3,갑,,,,2001-09-29 00:00:00,1989-01-30,71.10,137-863,서울특별시 서초구 서초동 1364-3,N,0,3210000-104-1989-01159,,3210000,,,03,폐업,다방,02-0566-2522,,,상수도전용
,,웰어스,커피숍,,198743.866850026,441538.707106809,2026-05-01 22:45:25,I,01,영업,16,,,,,,,,,2014-03-28 14:15:05,2014-03-28,16.00,137-820,서울특별시 서초구 방배동 479-5 신관 1층,N,,3210000-104-2014-00048,,3210000,"서울특별시 서초구 남부순환로 2137, 신관 1층 (방배동)",06699,01,영업/정상,커피숍,,,,
,,아이엠임(I'm Im),일반조리판매,2008-03-01,202580.644821513,443264.557852558,2026-05-01 22:44:51,I,02,폐업,30.24,,,,,,,,,2007-08-06 15:06:02,2007-08-06,30.24,137-860,서울특별시 서초구 서초동 1337-22 지하120호,N,,3210000-104-2007-00089,,3210000,,,03,폐업,일반조리판매,,,,상수도전용
,,공차(금천현대지식센터점),커피숍,2017-04-04,190694.880295092,440764.426277932,2026-05-01 22:35:48,I,02,폐업,101.38,,,,,,,,,2017-04-04 15:20:03,2014-04-10,101.38,153-813,서울특별시 금천구 독산동 291-1,N,,3170000-104-2014-00019,,3170000,"서울특별시 금천구 두산로 70, 지하1층 T-L131호 (독산동, 현대지식산업센터)",08584,03,폐업,커피숍,02-2169-2060,,,
,,공차 남부터미널역점,커피숍,2021-04-30,201430.900026124,442500.630366001,2026-05-01 22:45:24,I,02,폐업,39.27,,,,,,,,,2021-04-30 13:25:18,2013-08-19,39.27,137-918,서울특별시 서초구 서초동 1445-4 래미안 서초유니빌 106호,N,,3210000-104-2013-00139,,3210000,"서울특별시 서초구 서초중앙로 26, 106호 (서초동, 래미안 서초유니빌)",06720,03,폐업,커피숍,,,,
,,청년장사꾼,백화점,2014-08-27,200250.447804795,444683.220506107,2026-05-01 22:45:26,I,02,폐업,6,,,,,,,,,2014-06-19 14:08:21,2014-06-19,6.00,137-713,서울특별시 서초구 반포동 19-3 신세계백화점 강남점 지하1층,N,,3210000-104-2014-00115,,3210000,"서울특별시 서초구 신반포로 176, 지하1층 (반포동, 신세계백화점 강남점 )",06546,03,폐업,백화점,,,,
,,젠틀레이디 컵케이크,일반조리판매,2014-10-13,200250.447804795,444683.220506107,2026-05-01 22:45:25,I,02,폐업,6.61,,,,,,,,,2013-12-24 17:43:25,2013-12-24,6.61,137-713,서울특별시 서초구 반포동 19-3 신세계백화점 강남점 지하1층,N,,3210000-104-2013-00215,,3210000,"서울특별시 서초구 신반포로 176, 지하1층 (반포동, 신세계백화점 강남점)",06546,03,폐업,일반조리판매,,,,
,,GS25 서초중앙점,편의점,2016-12-13,201038.268003936,442863.486446246,2026-05-01 22:45:07,I,02,폐업,2,,,,,,,,,2016-12-02 09:44:51,2009-11-10,2.00,137-875,서울특별시 서초구 서초동 1580-6,N,,3210000-104-2009-00252,,3210000,서울특별시 서초구 사임당로 21 (서초동),06649,03,폐업,편의점,02-3473-4807,,,
,,컴포즈커피 양재이마트점,기타 휴게음식점,,203204.755637424,440136.781183797,2026-05-01 22:46:16,I,01,영업,27.81,,,,,,,,,2026-03-11 15:58:40,2024-01-04,27.81,137-924,서울특별시 서초구 양재동 215 하이브랜드 지하1층 리빙관 지102호,N,,3210000-104-2024-00008,,3210000,"서울특별시 서초구 매헌로 16, 하이브랜드 지하1층 리빙관 지102호 (양재동)",06771,01,영업/정상,기타 휴게음식점,,,,
,,GS25 강남센타점,편의점,2006-12-28,202058.674687128,444618.16731522,2026-05-01 22:44:34,I,02,폐업,3.3,,,,0,,,,,2005-04-13 00:00:00,2003-10-23,3.30,137-855,서울특별시 서초구 서초동 1303-22 교보강남타워B2,N,0,3210000-104-2003-00149,,3210000,,,03,폐업,편의점,02-530-9825,,,상수도전용
,,라 파티쉐리 킴 방배역점,커피숍,,199500.20450797,442267.196033088,2026-05-01 22:46:21,I,01,영업,86.12,,,,,,,,,2025-05-27 17:24:16,2025-05-27,86.12,137-842,"서울특별시 서초구 방배동 913-19 1,2층",N,,3210000-104-2025-00192,,3210000,"서울특별시 서초구 효령로29길 23, 1,2층 (방배동)",06685,01,영업/정상,커피숍,,,,
,,김밥전문공간 얌얌,일반조리판매,,191562.879619659,438964.877954075,2026-05-01 22:35:48,I,01,영업,13.46,,,,,,,,,2019-06-20 11:45:40,2014-01-21,13.46,153-856,서울특별시 금천구 시흥동 838-35,N,,3170000-104-2014-00002,,3170000,"서울특별시 금천구 금하로 675, 지상1층 (시흥동)",08627,01,영업/정상,일반조리판매,,,,상수도전용
아파트지역,,케익하우스인과자점,과자점,1996-10-29,200753.638703338,445706.12537466,2026-05-01 22:43:41,I,02,폐업,32,,,,1,을,,,,2001-09-29 00:00:00,1992-09-28,32.00,137-907,서울특별시 서초구 잠원동 63-34,N,0,3210000-104-1992-01895,,3210000,,,03,폐업,과자점,02-0596-2999,,,상수도전용
,,함께하는 문화,커피숍,2018-12-26,204418.836684211,439958.443578701,2026-05-01 22:45:45,I,02,폐업,98.7,,,,,,,,,2018-12-26 17:52:36,2017-02-02,98.70,137-170,서울특별시 서초구 염곡동 180-2 느티나무쉼터 2층,Y,,3210000-104-2017-00039,,3210000,"서울특별시 서초구 염곡말길 9, 느티나무쉼터 2층 (염곡동)",06793,03,폐업,커피숍,,,,
,,컴포즈커피 방배점,커피숍,,199634.731176163,442131.13316749,2026-05-01 22:45:49,I,01,영업,52.35,,,,,,,,,2025-02-12 14:22:01,2017-05-25,52.35,137-842,서울특별시 서초구 방배동 912-7 1층,N,,3210000-104-2017-00235,,3210000,"서울특별시 서초구 효령로 115, 1층 (방배동)",06686,01,영업/정상,커피숍,,,,
,,일카페,커피숍,2021-10-26,199499.857648355,442476.700750793,2026-05-01 22:45:59,I,02,폐업,81.5,,,,,,,,,2021-10-26 13:46:44,2018-10-17,81.50,137-843,서울특별시 서초구 방배동 925-12,N,,3210000-104-2018-00406,,3210000,"서울특별시 서초구 효령로31길 78-4, 2층 (방배동)",06682,03,폐업,커피숍,,,,
,,허니 비.(Honey B.)반포본동점,커피숍,2015-11-19,199059.644180682,444396.094036908,2026-05-01 22:44:54,I,02,폐업,26.44,,,,,,,,,2014-04-14 13:00:15,2007-11-30,26.44,137-811,서울특별시 서초구 반포동 978 외5필지 엘동 제1의5호 일부,N,,3210000-104-2007-00168,,3210000,"서울특별시 서초구 신반포로 50, 엘동 (반포동, 제1의5호 일부)",,03,폐업,커피숍,,,,상수도전용
,,스탠다드 브루잉2,커피숍,2025-08-06,189350.592434703,442143.206055455,2026-05-01 22:36:37,I,02,폐업,33.54,,,,,,,,,2025-08-06 16:23:32,2024-09-23,33.54,153-803,서울특별시 금천구 가산동 371-106 가산 더블유센터,N,,3170000-104-2024-00106,,3170000,"서울특별시 금천구 가산디지털1로 181, 가산 더블유센터 1층 109호 (가산동)",08503,03,폐업,커피숍,,,,
,,(주)상수현,기타 휴게음식점,2024-08-20,200250.447804795,444683.220506107,2026-05-01 22:46:07,I,02,폐업,3.3,,,,,,,,,2024-08-20 15:10:45,2021-06-02,3.30,137-713,서울특별시 서초구 반포동 19-3 신세계백화점 강남점 지하1층,N,,3210000-104-2021-00157,,3210000,"서울특별시 서초구 신반포로 176, 신세계백화점 강남점 지하1층 (반포동)",06546,03,폐업,기타 휴게음식점,070-5228-4750,,,
,,반포식당,일반조리판매,,200258.046490891,445103.708668959,2026-05-01 22:44:41,I,01,영업,85.16,,,,0,,,,,2008-04-04 17:02:02,2005-06-29,85.16,137-909,서울특별시 서초구 잠원동 72-3 지하1층,N,0,3210000-104-2005-00131,,3210000,"서울특별시 서초구 잠원로3길 40 (잠원동,지하1층)",06510,01,영업/정상,일반조리판매,02-537-5863,,,상수도전용
,,IN-N-OUT(인앤아웃 한라시그마점),일반조리판매,2017-12-06,189419.091886816,441207.655086501,2026-05-01 22:35:52,I,02,폐업,14.24,,,,,,,,,2017-12-06 15:02:56,2015-04-06,14.24,153-706,서울특별시 금천구 가산동 345-90 한라시그마밸리 108호,N,,3170000-104-2015-00026,,3170000,"서울특별시 금천구 가산디지털2로 53, 지상1층 108호 (가산동, 한라시그마밸리)",08588,03,폐업,일반조리판매,,,,상수도전용
,,소프트퀸(soft Queen)w-mall점,커피숍,2017-09-07,189997.455663258,441687.841171831,2026-05-01 22:35:53,I,02,폐업,53.31,,,,,,,,,2017-09-07 13:06:24,2015-05-11,53.31,153-801,서울특별시 금천구 가산동 60-27,N,,3170000-104-2015-00035,,3170000,"서울특별시 금천구 디지털로 188, 지상7층 (가산동, W-MALL )",08513,03,폐업,커피숍,,,,상수도전용
,,미미고 신사역점,기타 휴게음식점,2024-05-16,201591.166841786,446100.917105583,2026-05-01 22:45:59,I,02,폐업,148.7,,,,,,,,,2024-05-16 12:11:47,2018-12-18,148.70,137-902,서울특별시 서초구 잠원동 12-25 잠원동 K-TOWER 1층,N,,3210000-104-2018-00411,,3210000,"서울특별시 서초구 강남대로 621, 잠원동 K-TOWER 1층 (잠원동)",06524,03,폐업,기타 휴게음식점,,,,
유흥업소밀집지역,,엘지25서초6점,편의점,2004-02-09,,,2026-05-01 22:43:48,I,02,폐업,7.2,,,,1,자율,,,,2001-09-29 00:00:00,1996-06-18,7.20,137-860,서울특별시 서초구 서초동 1337-23,N,2,3210000-104-1996-00486,,3210000,,,03,폐업,편의점,02-586-8658,,,상수도전용
,,영아분식,일반조리판매,2017-03-13,190403.313043306,441249.310246879,2026-05-01 22:35:34,I,02,폐업,35.94,,,,,,,,,2010-04-14 14:16:42,2008-10-16,35.94,153-801,서울특별시 금천구 가산동 235-4 지상1층,N,,3170000-104-2008-00041,,3170000,"서울특별시 금천구 두산로9길 65 (가산동,지상1층)",08521,03,폐업,일반조리판매,02-868-8801,,,상수도전용
아파트지역,,자혜원,다방,1995-11-23,198791.788015494,444392.672548989,2026-05-01 22:43:43,I,02,폐업,8.05,,,,0,자율,,,,2001-09-29 00:00:00,1993-12-27,8.05,137-811,서울특별시 서초구 반포동 1141-0,N,0,3210000-104-1993-01383,,3210000,,,03,폐업,다방,02-0453-6199,,,상수도전용
,,SG스터디룸,기타 휴게음식점,2021-10-26,202390.971976799,443689.487997814,2026-05-01 22:45:59,I,02,폐업,5,,,,,,,,,2021-10-26 13:30:15,2019-01-24,5.00,137-858,서울특별시 서초구 서초동 1327-7 4층,N,,3210000-104-2019-00033,,3210000,"서울특별시 서초구 서초대로78길 26, 4층 (서초동)",06621,03,폐업,기타 휴게음식점,02-578-0262,,,
아파트지역,,진로베스토아반포점,편의점,1996-05-14,200982.169900218,444468.719796887,2026-05-01 22:43:47,I,02,폐업,64.61,,,,0,기타,,,,2001-09-29 00:00:00,1995-11-14,64.61,137-040,서울특별시 서초구 반포동 32-1 1층호,N,0,3210000-104-1995-00495,,3210000,,,03,폐업,편의점,,,,상수도전용
,,행복생활에프앤비,기타 휴게음식점,2023-02-02,200250.447804795,444683.220506107,2026-05-01 22:46:11,I,02,폐업,0,,,,,,,,,2023-02-03 04:15:09,2023-01-17,,137-713,서울특별시 서초구 반포동 19-3 신세계백화점 강남점 지하1층,N,,3210000-104-2023-00010,,3210000,"서울특별시 서초구 신반포로 176, 신세계백화점 강남점 지하1층 (반포동)",06546,03,폐업,기타 휴게음식점,,,,
,,더치앤빈 남부터미널점,커피숍,2021-10-01,201627.440092095,442435.346687409,2026-05-01 22:44:57,I,02,폐업,20,,,,,,,,,2021-10-01 14:59:22,2008-09-30,20.00,137-866,서울특별시 서초구 서초동 1444-21 1층 3호,N,,3210000-104-2008-00134,,3210000,"서울특별시 서초구 서초중앙로2길 35, 1층 3호 (서초동)",06721,03,폐업,커피숍,,,,
,,오규당 신세계강남점,백화점,2024-08-21,200250.447804795,444683.220506107,2026-05-01 22:46:17,I,02,폐업,15,,,,,,,,,2024-08-21 11:54:18,2024-05-20,15.00,137-713,서울특별시 서초구 반포동 19-3 신세계백화점 강남점 지하1층,N,,3210000-104-2024-00190,,3210000,"서울특별시 서초구 신반포로 176, 신세계백화점 강남점 지하1층 (반포동)",06546,03,폐업,백화점,,,,
,,바다맛이야기_대게잘하는집,기타 휴게음식점,2023-02-22,200250.447804795,444683.220506107,2026-05-01 22:46:12,I,02,폐업,0,,,,,,,,,2023-02-23 04:15:09,2023-02-10,.00,137-960,서울특별시 서초구 반포동 19-3 센트럴시티,N,,3210000-104-2023-00042,,3210000,"서울특별시 서초구 신반포로 176, 신세계백화점 강남점 지하1층 (반포동)",06546,03,폐업,기타 휴게음식점,,,,
주택가주변,,코디스,다방,1995-12-06,201490.384227076,445389.006482449,2026-05-01 22:43:43,I,02,폐업,69.72,,,,2,자율,,,,2001-09-29 00:00:00,1993-07-08,69.72,137-906,서울특별시 서초구 잠원동 45-13,N,1,3210000-104-1993-01679,,3210000,,,03,폐업,다방,02-0000-0000,,,상수도전용
아파트지역,,돌샘,다방,1999-05-20,199009.074259321,444599.84513668,2026-05-01 22:43:32,I,02,폐업,102.13,,,,4,지도,,,,2001-09-29 00:00:00,1988-08-01,102.13,137-040,서울특별시 서초구 반포동 811-0,N,0,3210000-104-1988-01605,,3210000,,,03,폐업,다방,02-0591-5045,,,상수도전용
,,GS25금천타운,편의점,,188974.800556597,442207.640866217,2026-05-01 22:36:04,I,01,영업,3,,,,,,,,,2017-05-01 10:08:51,2017-04-10,3.00,153-803,서울특별시 금천구 가산동 494-4 서울디지털드림타운 지상1층 113호,N,1,3170000-104-2017-00027,,3170000,"서울특별시 금천구 가산디지털2로 169-31, 113호 (가산동, 서울디지털드림타운 지상1층)",08504,01,영업/정상,편의점,,,,
,,주바른,일반조리판매,2023-11-30,200250.447804795,444683.220506107,2026-05-01 22:46:15,I,02,폐업,0,,,,,,,,,2023-12-01 04:15:09,2023-10-25,,137-960,서울특별시 서초구 반포동 19-3 센트럴시티,N,,3210000-104-2023-00355,,3210000,"서울특별시 서초구 신반포로 176, 신세계백화점 강남점 지하1층 (반포동)",06546,03,폐업,일반조리판매,,,,
,,라시따 SKY,기타 휴게음식점,,203204.755637424,440136.781183797,2026-05-01 22:46:08,I,01,영업,39.29,,,,,,,,,2024-08-23 13:39:48,2021-10-06,39.29,137-924,서울특별시 서초구 양재동 215 하이브랜드 6113호,N,,3210000-104-2021-00283,,3210000,"서울특별시 서초구 매헌로 16, 하이브랜드 패션관  6층 6113호 (양재동)",06771,01,영업/정상,기타 휴게음식점,,,,
,,TAKEN COFFEE(테이큰커피 반포점),커피숍,,201765.042541746,444619.143016388,2026-05-01 22:46:15,I,01,영업,27.37,,,,,,,,,2025-02-25 14:57:54,2023-11-29,27.37,137-810,서울특별시 서초구 반포동 745-6,N,,3210000-104-2023-00400,,3210000,"서울특별시 서초구 주흥길 3, 110호 (반포동)",06543,01,영업/정상,커피숍,,,,
,,(주)에이치에스네트웍스,기타 휴게음식점,,200250.447804795,444683.220506107,2026-05-01 22:46:10,I,01,영업,12,,,,,,,,,2022-05-27 16:54:16,2022-05-27,12.00,137-713,서울특별시 서초구 반포동 19-3 지하1층 신세계백화점 강남점,N,,3210000-104-2022-00163,,3210000,"서울특별시 서초구 신반포로 176, 신세계백화점 강남점 지하1층 (반포동)",06546,01,영업/정상,기타 휴게음식점,,,,
,,누뗀_NUTTEN,커피숍,,204469.3314161,439066.843531586,2026-05-01 22:46:13,I,01,영업,99,,,,,,,,,2025-02-25 11:16:26,2023-06-19,99.00,137-160,"서울특별시 서초구 신원동 489-7 1,2층",N,,3210000-104-2023-00187,,3210000,"서울특별시 서초구 청계산로 119, 1,2층 (신원동)",06799,01,영업/정상,커피숍,,,,
,,토담,일반조리판매,2009-06-19,191710.271228366,441735.555425561,2026-05-01 22:35:35,I,02,폐업,0,,,,,,,,,2009-05-13 14:07:29,2009-05-13,,153-818,서울특별시 금천구 독산동 882-14 지상1층,N,,3170000-104-2009-00032,,3170000,,,03,폐업,일반조리판매,,,,
,,커피앤조이(COFFEE & JOY),다방,2018-08-16,189943.529964101,440455.075991442,2026-05-01 22:35:42,I,02,폐업,71,,,,,,,,,2018-08-16 15:10:15,2012-01-19,71.00,153-803,서울특별시 금천구 가산동 691-3 더루벤스밸리 지상15층 1508호,N,,3170000-104-2012-00009,,3170000,"서울특별시 금천구 가산디지털1로 1, 1508호 (가산동, 더루벤스밸리 지상15층)",08594,03,폐업,다방,,,,
,,코레일유통(주),철도역구내,2018-12-17,190133.090867042,440488.211247025,2026-05-01 22:35:31,I,02,폐업,13.02,,,,0,,,,,2018-12-17 14:16:09,2006-05-16,13.02,153-023,서울특별시 금천구 가산동 717-0 독산역사내,N,0,3170000-104-2006-00014,,3170000,"서울특별시 금천구 벚꽃로 115 (가산동,독산역사내)",08601,03,폐업,철도역구내,,,,상수도전용
,,토바기김밥 양재점,일반조리판매,2023-04-04,203337.199364771,442163.249910405,2026-05-01 22:46:08,I,02,폐업,46.56,,,,,,,,,2023-04-04 14:16:23,2021-09-08,46.56,137-888,서울특별시 서초구 양재동 15-17 1층 101호,N,,3210000-104-2021-00265,,3210000,"서울특별시 서초구 남부순환로356길 74, 1층 101호 (양재동)",06744,03,폐업,일반조리판매,,,,
,,세븐일레븐(방배으뜸점),편의점,,199626.199878331,442376.394258865,2026-05-01 22:45:07,I,01,영업,6.6,,,,,,,,,2009-10-16 17:24:17,2009-10-16,6.60,137-842,서울특별시 서초구 방배동 907-9 108호,N,,3210000-104-2009-00239,,3210000,"서울특별시 서초구 방배로 104 (방배동,108호)",06665,01,영업/정상,편의점,,,,
,,포트 오브 모카 독산점,기타 휴게음식점,2018-10-23,191266.829678405,440579.570359602,2026-05-01 22:35:36,I,02,폐업,22.05,,,,,,,,,2018-10-23 16:59:34,2010-02-22,22.05,153-821,서울특별시 금천구 독산동 1022-8 지상1층,N,,3170000-104-2010-00010,,3170000,"서울특별시 금천구 독산로 230-1 (독산동,지상1층)",08558,03,폐업,기타 휴게음식점,02-869-7779,,,상수도전용
,,얼음소반(SNOW FLAKE),푸드트럭,2023-07-04,200081.011802296,445654.355815342,2026-05-01 22:45:52,I,02,폐업,10,,,,,,,,,2023-07-04 15:04:55,2018-03-28,10.00,137-030,서울특별시 서초구 잠원동 122-1 달빛공원,N,,3210000-104-2018-00097,,3210000,,,03,폐업,푸드트럭,,,,
아파트지역,,미세스필르쿠키,과자점,1997-06-16,200576.608647619,445241.8984183,2026-05-01 22:43:58,I,02,폐업,8.66,,,,1,자율,,,,2001-09-29 00:00:00,1997-03-12,8.66,137-908,서울특별시 서초구 잠원동 70-2,N,,3210000-104-1997-01718,,3210000,,,03,폐업,과자점,02-511-5732,,,상수도전용
,,버블스토리 서래마을점,커피숍,2014-12-30,199682.067216257,444048.777717732,2026-05-01 22:45:08,I,02,폐업,69.4,,,,,,,,,2010-01-28 12:39:07,2010-01-28,69.40,137-806,서울특별시 서초구 반포동 105-1,N,,3210000-104-2010-00013,,3210000,서울특별시 서초구 서래로7길 19 (반포동),06576,03,폐업,커피숍,,,,상수도전용
,,파이포유 시흥점,일반조리판매,2018-10-01,191747.816778024,438849.65465075,2026-05-01 22:35:54,I,02,폐업,40.38,,,,,,,,,2018-10-01 14:16:15,2015-11-06,40.38,153-841,서울특별시 금천구 시흥동 836-9 지상1층,N,,3170000-104-2015-00097,,3170000,"서울특별시 금천구 금하로 697, 지상1층 (시흥동)",08573,03,폐업,일반조리판매,,,,
,,라포레(Lafore^t),커피숍,2008-12-11,200654.835733177,443538.415163049,2026-05-01 22:44:54,I,02,폐업,60,,,,,,,,,2008-02-21 16:58:33,2007-12-28,60.00,137-884,서울특별시 서초구 서초동 1707-1 정명빌딩 1층,N,,3210000-104-2007-00177,,3210000,,,03,폐업,커피숍,02-3476-1858,,,상수도전용
,,샌드프레소 뱅뱅사거리점,다방,2013-07-01,202732.181651444,442917.873697268,2026-05-01 22:44:25,I,02,폐업,30.6,,,,0,,,,,2005-06-14 00:00:00,2002-04-23,30.60,137-862,서울특별시 서초구 서초동 1357-33 (1층),N,0,3210000-104-2002-00043,,3210000,,,03,폐업,다방,,,,
,,해천,일반조리판매,2006-08-25,200250.447804795,444683.220506107,2026-05-01 22:44:46,I,02,폐업,6.6,,,,0,,,,,2006-05-19 00:00:00,2006-05-19,6.60,137-713,서울특별시 서초구 반포동 19-3 신세계백화점 지하1층,N,0,3210000-104-2006-00059,,3210000,,,03,폐업,일반조리판매,02-3479-1202,,,상수도전용
,,PBS 프레스버터샌드,기타 휴게음식점,2021-07-02,200250.447804795,444683.220506107,2026-05-01 22:46:07,I,02,폐업,16.5,,,,,,,,,2021-07-02 13:16:36,2021-04-30,16.50,137-713,서울특별시 서초구 반포동 19-3 B1층 신세계 강남점,N,,3210000-104-2021-00124,,3210000,"서울특별시 서초구 신반포로 176, 신세계 강남점 B1층 (반포동)",06546,03,폐업,기타 휴게음식점,02-540-6677,,,
,,(주)쿠킹프리,기타 휴게음식점,2021-01-05,203811.14583381,440070.874222824,2026-05-01 22:46:05,I,02,폐업,0,,,,,,,,,2021-01-06 04:15:09,2020-12-09,.00,137-893,서울특별시 서초구 양재동 230 1층,N,,3210000-104-2020-00328,,3210000,"서울특별시 서초구 청계산로 10, 1층 (양재동)",06797,03,폐업,기타 휴게음식점,031-429-7327,,,
,,(주)에이치에스푸드테크,일반조리판매,2004-05-24,191152.432649234,438865.160717275,2026-05-01 22:35:26,I,02,폐업,0,,,,,,,,,2004-05-07 00:00:00,2004-04-24,,153-864,서울특별시 금천구 시흥동 992-47 한국까르푸 1층,N,,3170000-104-2004-00013,,3170000,,,03,폐업,일반조리판매,,,,
,,(주)제이와이에스유통,기타 휴게음식점,2023-03-01,200250.447804795,444683.220506107,2026-05-01 22:46:12,I,02,폐업,0,,,,,,,,,2023-03-02 04:15:09,2023-02-01,.00,137-960,서울특별시 서초구 반포동 19-3 센트럴시티,N,,3210000-104-2023-00033,,3210000,"서울특별시 서초구 신반포로 176, 신세계백화점 강남점 지하1층 행사일부호 (반포동)",06546,03,폐업,기타 휴게음식점,,,,
,,GS25 서초교대역점,편의점,2025-01-08,201199.948183239,443564.14634983,2026-05-01 22:46:02,I,02,폐업,3.3,,,,,,,,,2025-01-08 11:58:47,2019-10-31,3.30,137-882,서울특별시 서초구 서초동 1692-1 동익성봉빌딩 103호,N,,3210000-104-2019-00308,,3210000,"서울특별시 서초구 서초대로 301, 동익성봉빌딩 1층 103호 (서초동)",06606,03,폐업,편의점,,,,
,,카페 베즐리,기타 휴게음식점,2026-03-18,203811.14583381,440070.874222824,2026-05-01 22:46:17,I,02,폐업,19.97,,,,,,,,,2026-03-18 14:07:27,2024-05-29,19.97,137-916,서울특별시 서초구 양재동 230 농협하나로클럽 2층,N,,3210000-104-2024-00208,,3210000,"서울특별시 서초구 청계산로 10, 농협하나로클럽 2층 (양재동)",06797,03,폐업,기타 휴게음식점,02-3464-4020,,,
,,커피코트,기타 휴게음식점,2019-02-07,189662.959175776,442139.514492212,2026-05-01 22:35:59,I,02,폐업,47.56,,,,1,,,,,2019-02-08 17:30:01,2016-09-29,47.56,153-801,서울특별시 금천구 가산동 50-3 대륭포스트타워6차 지상1층 115일부호,N,1,3170000-104-2016-00107,,3170000,"서울특별시 금천구 벚꽃로 298, 지상1층 115일부호 (가산동, 대륭포스트타워6차)",08510,03,폐업,기타 휴게음식점,,,,
,,안흥식품,일반조리판매,,201386.338220173,443689.075119969,2026-05-01 22:45:07,I,01,영업,3.3,,,,,,,,,2010-01-11 15:27:43,2010-01-11,3.30,137-882,서울특별시 서초구 서초동 1685-8 센트럴프라자 지하1층 롯데슈퍼내,N,,3210000-104-2010-00005,,3210000,"서울특별시 서초구 서초중앙로24길 27 (서초동,센트럴프라자 지하1층 롯데슈퍼내)",06601,01,영업/정상,일반조리판매,,,,
기타,,센스,다방,1998-10-16,201720.730493238,445320.855271111,2026-05-01 22:43:52,I,02,폐업,147.8,,,,,기타,,,,2001-09-29 00:00:00,1996-10-22,147.80,137-808,서울특별시 서초구 반포동 708-0,N,,3210000-104-1996-00812,,3210000,,,03,폐업,다방,02-542-6529,,,상수도전용
,,스시갤러리,일반조리판매,2005-03-22,,,2026-05-01 22:44:25,I,02,폐업,23.1,,,,0,,,,,2003-06-12 00:00:00,2002-03-27,23.10,137-907,서울특별시 서초구 잠원동 57 잠원상가 지하동 5호,N,0,3210000-104-2002-00030,,3210000,,,03,폐업,일반조리판매,02-595-5377,,,
,,수퍼자이언트피자,패스트푸드,2011-09-22,202161.886768738,443298.26937,2026-05-01 22:45:14,I,02,폐업,14.4,,,,,,,,,2011-03-21 16:49:04,2011-03-02,14.40,137-859,"서울특별시 서초구 서초동 1332-4 폭스타운 103호,202호 롯데슈퍼내",N,,3210000-104-2011-00033,,3210000,,,03,폐업,패스트푸드,,,,
,,토다 베이글 본점,커피숍,2025-10-01,201932.078577268,440593.038326336,2026-05-01 22:45:39,I,02,폐업,154.27,,,,,,,,,2025-10-01 14:27:51,2016-04-22,154.27,137-901,"서울특별시 서초구 우면동 176-5 1층,2층",N,,3210000-104-2016-00155,,3210000,"서울특별시 서초구 성촌6길 39, 1층,2층 (우면동)",06765,03,폐업,커피숍,,,,
기타,,커피커피,다방,1995-12-12,191468.424537185,439941.125926922,2026-05-01 22:35:14,I,02,폐업,25.2,,,,0,자율,,,,2002-01-11 00:00:00,1994-06-07,25.20,153-857,서울특별시 금천구 시흥동 863-51,N,0,3170000-104-1994-00207,,3170000,,,03,폐업,다방,02-891-4614,,,상수도전용
,,달리는커피 양재우면점,커피숍,,201286.184985316,439441.292545164,2026-05-01 22:46:17,I,01,영업,51.89,,,,,,,,,2024-07-04 12:20:23,2024-07-04,51.89,137-140,서울특별시 서초구 우면동 757 서초타워 102호,N,,3210000-104-2024-00252,,3210000,"서울특별시 서초구 중앙로 582, 서초타워 102호 (우면동)",06767,01,영업/정상,커피숍,02-573-9192,,,
,,콩뿌리콩나물국밥,기타 휴게음식점,2016-06-07,205062.232093186,438068.094636291,2026-05-01 22:45:39,I,02,폐업,80,,,,,,,,,2016-04-28 10:34:54,2016-04-28,80.00,137-160,서울특별시 서초구 신원동 193-8 2층,N,,3210000-104-2016-00165,,3210000,"서울특별시 서초구 청계산로 235, 2층 (신원동)",06802,03,폐업,기타 휴게음식점,,,,
,,케이에프씨 서초우성,패스트푸드,2016-06-13,202436.750016392,443392.379148794,2026-05-01 22:45:18,I,02,폐업,120.5,,,,,,,,,2016-03-11 13:29:25,2012-01-13,120.50,137-858,서울특별시 서초구 서초동 1330-8 EWR빌딩 1층,N,,3210000-104-2012-00012,,3210000,"서울특별시 서초구 사임당로 171, 1층 (서초동, EWR빌딩)",06626,03,폐업,패스트푸드,60208367,,,
,,까레포머(carre former),커피숍,2022-12-16,190694.880295092,440764.426277932,2026-05-01 22:36:29,I,02,폐업,92.88,,,,,,,,,2022-12-16 10:30:18,2022-05-26,92.88,153-813,"서울특별시 금천구 독산동 291-1 현대지식산업센터 T-121-1,2호",N,,3170000-104-2022-00057,,3170000,"서울특별시 금천구 두산로 70, 현대지식산업센터 1층 T-121-1, 2호 (독산동)",08584,03,폐업,커피숍,,,,
,,빠리바게트남부터미널점,과자점,2003-12-11,201236.091736571,442527.409858756,2026-05-01 22:44:34,I,02,폐업,56.1,,,,0,,,,,2003-12-11 00:00:00,2000-08-30,56.10,137-953,서울특별시 서초구 서초동 1602-1,N,0,3210000-104-2003-00173,,3210000,,,03,폐업,과자점,02-588-0089,,,
기타,,윙제과,과자점,1995-11-07,200367.985010323,445207.663497148,2026-05-01 22:43:41,I,02,폐업,7.48,,,,1,을,,,,2001-09-29 00:00:00,1992-11-07,7.48,137-908,서울특별시 서초구 잠원동 70-5,N,0,3210000-104-1992-01970,,3210000,,,03,폐업,과자점,02-573-8674,,,상수도전용
,,드 포스트레,기타 휴게음식점,2023-05-14,203392.793460583,440676.379919661,2026-05-01 22:46:12,I,02,폐업,0,,,,,,,,,2023-05-15 04:15:08,2023-05-02,,137-787,서울특별시 서초구 양재동 232 서울AT센터 1층 전시장,N,,3210000-104-2023-00125,,3210000,"서울특별시 서초구 강남대로 27, 서울AT센터 1층 전시장 (양재동)",06774,03,폐업,기타 휴게음식점,,,,
,,아라찬,일반조리판매,2013-07-04,203811.14583381,440070.874222824,2026-05-01 22:45:19,I,02,폐업,14.85,,,,,,,,,2012-07-10 16:26:37,2012-07-10,14.85,137-893,서울특별시 서초구 양재동 230 하나로마트 1층,N,,3210000-104-2012-00102,,3210000,"서울특별시 서초구 청계산로 10, 1층 (양재동, 하나로마트)",06797,03,폐업,일반조리판매,,,,
,,(주)이마트 양재점 구이코너,일반조리판매,,203204.755637424,440136.781183797,2026-05-01 22:44:40,I,01,영업,91.1,,,,0,,,,,2024-04-15 15:03:10,2005-02-23,91.10,137-893,서울특별시 서초구 양재동 215-0 지하1층,N,0,3210000-104-2005-00043,,3210000,"서울특별시 서초구 매헌로 16, 지하1층 (양재동)",06771,01,영업/정상,일반조리판매,21551234,,,
,,샘케이크,일반조리판매,2025-05-11,200250.447804795,444683.220506107,2026-05-01 22:46:20,I,02,폐업,0,,,,,,,,,2025-05-12 04:15:10,2025-04-29,,137-713,서울특별시 서초구 반포동 19-3 신세계백화점 b1 스위트파크,N,,3210000-104-2025-00153,,3210000,"서울특별시 서초구 신반포로 176, 신세계백화점 b1 스위트파크 (반포동)",06546,03,폐업,일반조리판매,,,,
,,소담김밥,일반조리판매,2025-12-31,191148.965865391,439220.26822065,2026-05-01 22:35:42,I,02,폐업,33,,,,,,,,,2025-12-31 15:02:13,2012-02-09,33.00,153-857,서울특별시 금천구 시흥동 882-54 지상1층,N,,3170000-104-2012-00013,,3170000,"서울특별시 금천구 시흥대로 238 (시흥동, 지상1층)",08626,03,폐업,일반조리판매,070-8704-0092,,,
,,코시스,커피숍,,201754.188695364,442382.777821408,2026-05-01 22:46:08,I,01,영업,150,,,,,,,,,2021-11-18 14:36:37,2021-11-18,150.00,137-864,서울특별시 서초구 서초동 1429-3 1층,N,,3210000-104-2021-00325,,3210000,"서울특별시 서초구 남부순환로333길 22, 1층 (서초동)",06725,01,영업/정상,커피숍,,,,
,,원턴(one turn),기타 휴게음식점,2017-07-14,201610.333781713,445884.699304493,2026-05-01 22:45:33,I,02,폐업,170.91,,,,,,,,,2017-07-18 10:27:30,2015-07-27,170.91,137-903,서울특별시 서초구 잠원동 21-1 3층,N,,3210000-104-2015-00174,,3210000,"서울특별시 서초구 강남대로99길 9, 3층 (잠원동)",06526,03,폐업,기타 휴게음식점,,,,
기타,,성원물산,일반조리판매,2004-12-30,200538.827495706,445335.667245506,2026-05-01 22:44:08,I,02,폐업,3.45,,,,0,기타,,,,1999-09-06 00:00:00,1999-05-06,3.45,137-908,서울특별시 서초구 잠원동 70-1,N,0,3210000-104-1999-00284,,3210000,,,03,폐업,일반조리판매,02-3444-8726,,,상수도전용
,,카페잇 시흥사거리점,커피숍,2022-09-27,191146.273220621,439004.302171679,2026-05-01 22:36:07,I,02,폐업,139.08,,,,,,,,,2022-09-27 13:11:11,2017-12-15,139.08,153-864,서울특별시 금천구 시흥동 993-2 서울시흥동우체국 지상1층,N,,3170000-104-2017-00110,,3170000,"서울특별시 금천구 시흥대로 217, 서울시흥동우체국 지상1층 (시흥동)",08632,03,폐업,커피숍,,,,
기타,,(주)지화자(지미재),일반조리판매,2004-03-12,200250.447804795,444683.220506107,2026-05-01 22:44:21,I,02,폐업,23.1,,,,0,기타,,,,2002-04-01 00:00:00,2001-05-29,23.10,137-713,서울특별시 서초구 반포동 19-3 신세계백화점 지하1층,N,0,3210000-104-2001-15792,,3210000,,,03,폐업,일반조리판매,02-3216-4960,,,
,,(주)커피빈코리아 예술의전당앞점,커피숍,2021-01-21,201095.422155531,442118.009943533,2026-05-01 22:45:37,I,02,폐업,220.53,,,,,,,,,2021-01-21 16:24:06,2016-01-29,220.53,137-927,"서울특별시 서초구 서초동 1451-81 2층,3층",Y,,3210000-104-2016-00032,,3210000,"서울특별시 서초구 반포대로 4, 2층,3층 (서초동)",06719,03,폐업,커피숍,02-588-5778,,,
,,GS25 트윈테크,편의점,2022-05-09,189575.815287955,441503.181731081,2026-05-01 22:35:25,I,02,폐업,6.98,,,,0,,,,,2022-05-09 10:59:08,2003-10-14,6.98,153-802,서울특별시 금천구 가산동 345-9 SK트윈테크 A-103호 (디지털단지로 325),N,0,3170000-104-2003-00017,,3170000,"서울특별시 금천구 가산디지털1로 119 (가산동,SK트윈테크 A-103호 (디지털단지로 325))",08589,03,폐업,편의점,,,,상수도전용
,,대성식품,일반조리판매,2013-06-28,203811.14583381,440070.874222824,2026-05-01 22:45:06,I,02,폐업,9.9,,,,,,,,,2009-09-16 13:06:42,2009-09-16,9.90,137-916,서울특별시 서초구 양재동 230 농협하나로클럽내,N,,3210000-104-2009-00216,,3210000,,,03,폐업,일반조리판매,,,,
,,CU독산마차길점,편의점,2021-10-06,190507.697469161,440877.633009703,2026-05-01 22:36:07,I,02,폐업,3.3,,,,,,,,,2021-10-06 16:07:02,2017-11-07,3.30,153-813,서울특별시 금천구 독산동 330-1 지상1층,N,,3170000-104-2017-00097,,3170000,"서울특별시 금천구 두산로 50, 지상1층 (독산동)",08583,03,폐업,편의점,,,,
,,천우토탈 주식회사,일반조리판매,2021-11-05,203811.14583381,440070.874222824,2026-05-01 22:45:24,I,02,폐업,80,,,,,,,,,2021-11-05 10:13:58,2013-09-04,80.00,137-893,서울특별시 서초구 양재동 230 농협유통 양재점 1층,N,,3210000-104-2013-00147,,3210000,"서울특별시 서초구 청계산로 10 (양재동, 농협유통 양재점 1층)",06797,03,폐업,일반조리판매,,,,
유흥업소밀집지역,,샹떼,다방,1994-12-19,202214.708075013,444131.25735072,2026-05-01 22:43:37,I,02,폐업,53.6,,,,1,기타,,,,2001-09-29 00:00:00,1991-06-10,53.60,137-856,서울특별시 서초구 서초동 1307-23,N,1,3210000-104-1991-01273,,3210000,,,03,폐업,다방,02-0000-0000,,,상수도전용
,,매드티파티(Mad Tea Party),기타 휴게음식점,,190409.090468777,440273.851704106,2026-05-01 22:36:27,I,01,영업,40.07,,,,,,,,,2025-07-09 11:28:18,2021-08-10,40.07,153-829,서울특별시 금천구 독산동 1005-1,N,,3170000-104-2021-00092,,3170000,"서울특별시 금천구 범안로12길 44, 독산보세쥬르 지하층 109호 (독산동)",08606,01,영업/정상,기타 휴게음식점,,,,
,,요거프레소 이수역점,커피숍,2018-05-31,198364.994691704,442272.859620849,2026-05-01 22:45:48,I,02,폐업,33,,,,,,,,,2018-05-31 14:39:44,2017-04-19,33.00,137-817,서울특별시 서초구 방배동 439-1 1층,N,,3210000-104-2017-00177,,3210000,"서울특별시 서초구 동작대로 68, 1층 (방배동)",06677,03,폐업,커피숍,,,,
,,비알코리아(주)배스킨라빈스남부터미널점,패스트푸드,2017-04-04,201310.167766645,442438.500304691,2026-05-01 22:44:56,I,02,폐업,19.55,,,,,,,,,2017-04-04 16:15:52,2008-07-24,19.55,137-867,서울특별시 서초구 서초동 1446-1 (1층),N,,3210000-104-2008-00100,,3210000,"서울특별시 서초구 효령로 292 (서초동,(1층))",06718,03,폐업,패스트푸드,,,,
주택가주변,,전원,일반조리판매,1999-04-28,203634.987027233,441349.003296072,2026-05-01 22:44:00,I,02,폐업,98.07,,,,0,기타,,,,1999-04-28 00:00:00,1998-09-02,98.07,137-894,서울특별시 서초구 양재동 258-4,N,0,3210000-104-1998-00608,,3210000,,,03,폐업,일반조리판매,,,,상수도전용
,,질할브로스,일반조리판매,2016-03-14,200250.447804795,444683.220506107,2026-05-01 22:45:36,I,02,폐업,7,,,,,,,,,2015-11-17 11:21:30,2015-11-17,7.00,137-713,서울특별시 서초구 반포동 19-3 지하1층 신세계백화점강남점,Y,,3210000-104-2015-00300,,3210000,"서울특별시 서초구 신반포로 176, 지하1층 (반포동, 신세계백화점강남점)",06546,03,폐업,일반조리판매,,,,
,,떡기꼬치,일반조리판매,2011-07-26,189920.540900476,439526.232037905,2026-05-01 22:35:37,I,02,폐업,19.35,,,,,,,,,2010-05-18 08:01:15,2010-04-29,19.35,153-833,서울특별시 금천구 독산동 1088-1 주공아파트 1317동 104호,N,,3170000-104-2010-00026,,3170000,,,03,폐업,일반조리판매,02-899-5257,,,상수도전용
,,빙동댕 방배점,기타 휴게음식점,,199565.887853213,442935.42763521,2026-05-01 22:46:17,I,01,영업,23.7,,,,,,,,,2025-07-23 11:15:15,2024-06-05,23.70,137-840,서울특별시 서초구 방배동 880-14 1층 103호,N,,3210000-104-2024-00214,,3210000,"서울특별시 서초구 서초대로 125, 1층 103호 (방배동)",06588,01,영업/정상,기타 휴게음식점,,,,
,,하림닭집,일반조리판매,2017-06-08,191936.282312791,440019.759536709,2026-05-01 22:35:39,I,02,폐업,15.87,,,,,,,,,2017-06-08 16:32:13,2011-06-01,15.87,153-854,서울특별시 금천구 시흥동 795 반도상가 B동지상1층 101-6호,N,,3170000-104-2011-00047,,3170000,"서울특별시 금천구 독산로50길 98, 101-6호 (시흥동,반도상가 B동지상1층)",08565,03,폐업,일반조리판매,02-808-0157,,,
,,M카페,커피숍,2022-07-28,200744.45974992,443244.98810799,2026-05-01 22:45:51,I,02,폐업,15,,,,,,,,,2022-07-28 15:57:51,2017-08-22,15.00,137-873,서울특별시 서초구 서초동 1552-13 지하1층,N,,3210000-104-2017-00376,,3210000,"서울특별시 서초구 반포대로30길 12-6, 지하1층 (서초동)",06647,03,폐업,커피숍,,,,
,,kuksudong(국수동),일반조리판매,2016-07-18,189982.344533404,441928.69040241,2026-05-01 22:35:52,I,02,폐업,53.3,,,,,,,,,2015-05-14 09:23:10,2015-04-17,53.30,153-801,서울특별시 금천구 가산동 60-5,N,,3170000-104-2015-00028,,3170000,"서울특별시 금천구 디지털로9길 32, 219호 (가산동, 갑을그레이트밸리)",08512,03,폐업,일반조리판매,,,,상수도전용
,,세이치즈토스트,패스트푸드,2019-02-25,200250.447804795,444683.220506107,2026-05-01 22:45:58,I,02,폐업,4,,,,,,,,,2019-02-25 12:05:53,2018-11-07,4.00,137-713,서울특별시 서초구 반포동 19-3 신세계백화점 지하1층,N,,3210000-104-2018-00368,,3210000,"서울특별시 서초구 신반포로 176, 신세계백화점 지하1층 (반포동)",06546,03,폐업,패스트푸드,,,,
,,해피하우스,일반조리판매,2008-06-19,190261.800634209,440629.728830675,2026-05-01 22:35:33,I,02,폐업,11.31,,,,,,,,,2008-01-14 11:10:24,2007-10-12,11.31,153-829,서울특별시 금천구 독산동 1002 진도아파트상가 106호 지상1층 (두산초등1길 5),N,,3170000-104-2007-00046,,3170000,,,03,폐업,일반조리판매,,,,상수도전용
,,겔러리커피숍,다방,2002-10-22,191328.948471682,438845.717500944,2026-05-01 22:35:25,I,02,폐업,0,,,,,,,,,2002-06-03 00:00:00,2002-06-03,,153-858,서울특별시 금천구 시흥동 891-4,N,,3170000-104-2002-00349,,3170000,,,03,폐업,다방,02-892-5631,,,
,,카페늘봄13호 수학박물관점,커피숍,2023-04-24,199000.532537585,442751.249899496,2026-05-01 22:45:58,I,02,폐업,44.69,,,,,,,,,2023-04-24 11:23:27,2018-11-23,44.69,137-838,서울특별시 서초구 방배동 869-8 1층,N,,3210000-104-2018-00386,,3210000,"서울특별시 서초구 방배중앙로 82, 1층 (방배동)",06571,03,폐업,커피숍,,,,
,,캔디애플 (Candy apple) 성수점,기타 휴게음식점,2025-03-14,200250.447804795,444683.220506107,2026-05-01 22:46:20,I,02,폐업,0,,,,,,,,,2025-03-15 04:15:09,2025-02-24,,137-713,서울특별시 서초구 반포동 19-3 신세계백화점 강남점 지하1층 스위트파크,N,,3210000-104-2025-00072,,3210000,"서울특별시 서초구 신반포로 176, 신세계백화점 강남점 지하1층 스위트파크 (반포동)",06546,03,폐업,기타 휴게음식점,,,,
기타,,몽테크리스토베이커리,과자점,2004-02-04,201501.672660443,442505.573142545,2026-05-01 22:43:58,I,02,폐업,35.65,,,,0,기타,,,,2002-04-23 00:00:00,1997-04-02,35.65,137-866,서울특별시 서초구 서초동 1445-3 국제전자쎈타 지하1층,N,0,3210000-104-1997-01723,,3210000,,,03,폐업,과자점,02-3465-0606,,,상수도전용
,,(주)라온스포츠,커피숍,,201386.338220173,443689.075119969,2026-05-01 22:45:58,I,01,영업,22.15,,,,,,,,,2018-10-25 17:49:10,2018-10-25,22.15,137-882,서울특별시 서초구 서초동 1685-8 G5센트럴프라자,N,,3210000-104-2018-00356,,3210000,"서울특별시 서초구 서초중앙로24길 27, G5센트럴프라자 지하1층 B114-2호 (서초동)",06601,01,영업/정상,커피숍,,,,
,,마이빈,기타 휴게음식점,2016-04-12,203392.793460583,440676.379919661,2026-05-01 22:45:39,I,02,폐업,18,,,,,,,,,2016-04-05 16:28:47,2016-04-05,18.00,137-787,서울특별시 서초구 양재동 232 AT센터 제1전시장,Y,,3210000-104-2016-00129,,3210000,"서울특별시 서초구 강남대로 27, 1층 제1전시장호 (양재동, AT센터)",06774,03,폐업,기타 휴게음식점,,,,
,,99루스터,일반조리판매,2014-10-27,200250.447804795,444683.220506107,2026-05-01 22:45:27,I,02,폐업,6,,,,,,,,,2014-07-29 14:05:47,2014-07-29,6.00,137-713,서울특별시 서초구 반포동 19-3 신세계백화점 강남점 지하1층,N,,3210000-104-2014-00160,,3210000,"서울특별시 서초구 신반포로 176, 지하1층 (반포동, 신세계백화점 강남점)",06546,03,폐업,일반조리판매,,,,
,,이디야서초법원점,커피숍,2006-08-14,200948.540877488,443542.682324618,2026-05-01 22:44:27,I,02,폐업,23.1,,,,0,,,,,2002-09-24 00:00:00,2002-09-23,23.10,137-885,서울특별시 서초구 서초동 1712-2 (동용빌딩 105호),N,0,3210000-104-2002-00111,,3210000,,,03,폐업,커피숍,02-3477-4563,,,상수도전용
,,커피크루,기타 휴게음식점,2024-07-06,203392.793460583,440676.379919661,2026-05-01 22:46:17,I,02,폐업,40,,,,,,,,,2024-07-07 04:15:09,2024-06-19,40.00,137-787,서울특별시 서초구 양재동 232 AT센터 1층 제1전시홀,N,,3210000-104-2024-00232,,3210000,"서울특별시 서초구 강남대로 27, AT센터 1층 제1전시홀 (양재동)",06774,03,폐업,기타 휴게음식점,,,,
,,쓰리팝 피씨방(3POP PC CAFE),기타 휴게음식점,,201693.233470175,445310.978149977,2026-05-01 22:46:01,I,01,영업,15,,,,,,,,,2022-06-20 13:48:06,2019-06-18,15.00,137-808,서울특별시 서초구 반포동 705-6 지1층,N,,3210000-104-2019-00178,,3210000,"서울특별시 서초구 사평대로55길 139, 지하1층 (반포동)",06534,01,영업/정상,기타 휴게음식점,,,,
,,피쉬컴퍼니(Fish Co),일반조리판매,2005-06-08,200250.447804795,444683.220506107,2026-05-01 22:44:41,I,02,폐업,3,,,,0,,,,,2005-06-03 00:00:00,2005-06-03,3.00,137-713,서울특별시 서초구 반포동 19-3 신세계백화점강남 지하1층 행사매장내,N,0,3210000-104-2005-00107,,3210000,,,03,폐업,일반조리판매,02-3479-1681,,,상수도전용
주택가주변,,가산문화센타,일반조리판매,2001-10-04,189643.939733223,441557.987046829,2026-05-01 22:35:23,I,02,폐업,29.83,,,,0,기타,,,,2001-10-29 00:00:00,1999-11-08,29.83,153-802,서울특별시 금천구 가산동 345-58,N,0,3170000-104-1999-06110,,3170000,,,03,폐업,일반조리판매,02-869-4426,,,상수도전용
,,Oriu,커피숍,,199652.961703591,442913.017172802,2026-05-01 22:46:14,I,01,영업,60,,,,,,,,,2024-04-25 16:32:29,2023-07-28,60.00,137-841,서울특별시 서초구 방배동 894-18,N,,3210000-104-2023-00243,,3210000,"서울특별시 서초구 서초대로 134, 102호 (방배동)",06661,01,영업/정상,커피숍,,,,
,,온센투고 신세계백화점 강남점,일반조리판매,2021-07-22,200250.447804795,444683.220506107,2026-05-01 22:46:06,I,02,폐업,7,,,,,,,,,2021-07-22 14:33:41,2021-01-11,7.00,137-713,서울특별시 서초구 반포동 19-3 신세계백화점 식품관,N,,3210000-104-2021-00007,,3210000,"서울특별시 서초구 신반포로 176, 신세계백화점 식품관 지하1층 (반포동)",06546,03,폐업,일반조리판매,,,,
,,버거킹남부터미널점,패스트푸드,2019-04-01,201310.167766645,442438.500304691,2026-05-01 22:44:56,I,02,폐업,38,,,,,,,,,2019-04-01 11:37:55,2008-07-30,38.00,137-867,서울특별시 서초구 서초동 1446-1 남부터미널 1층,N,,3210000-104-2008-00105,,3210000,"서울특별시 서초구 효령로 292, 1층 (서초동, 남부터미널)",06718,03,폐업,패스트푸드,,,,
,,필리스테이크,백화점,2018-05-11,200250.447804795,444683.220506107,2026-05-01 22:45:52,I,02,폐업,6.5,,,,,,,,,2018-05-11 17:43:44,2018-05-03,6.50,137-713,서울특별시 서초구 반포동 19-3 지하1층,N,,3210000-104-2018-00156,,3210000,"서울특별시 서초구 신반포로 176, 신세계백화점 강남점 지하1층 (반포동)",06546,03,폐업,백화점,,,,
아파트지역,,브랑제리과자점,과자점,2002-12-10,199863.640575162,444524.211587165,2026-05-01 22:43:35,I,02,폐업,17.82,,,,2,지도,,,,2002-05-20 00:00:00,1989-11-07,17.82,137-040,서울특별시 서초구 반포동 18-1,N,0,3210000-104-1989-01916,,3210000,,,03,폐업,과자점,02-0599-0516,,,상수도전용
기타,,폴카,다방,1997-11-10,,,2026-05-01 22:35:17,I,02,폐업,64.52,,,,,을,,,,2002-01-11 00:00:00,1996-11-16,64.52,153-801,서울특별시 금천구 가산동 143-13,N,,3170000-104-1996-00066,,3170000,,,03,폐업,다방,02-862-3340,,,상수도전용
,,세븐PC방,일반조리판매,2026-01-27,198955.315851593,443312.491583085,2026-05-01 22:46:12,I,02,폐업,13.2,,,,,,,,,2026-01-27 15:44:02,2023-03-03,13.20,137-832,서울특별시 서초구 방배동 814-8 방배오피스텔 지하1층,N,,3210000-104-2023-00061,,3210000,"서울특별시 서초구 동광로 56-1, 방배오피스텔 지하1층 (방배동)",06562,03,폐업,일반조리판매,,,,
,,(주)에스피씨 삼립 더피자 금천점,일반조리판매,2019-07-26,190809.507840375,440728.382273075,2026-05-01 22:35:53,I,02,폐업,17.97,,,,,,,,,2019-07-26 14:54:19,2015-06-11,17.97,153-813,서울특별시 금천구 독산동 291-7,N,,3170000-104-2015-00043,,3170000,"서울특별시 금천구 시흥대로 391, 지상2층 (독산동)",08584,03,폐업,일반조리판매,,,,
,,신사장,커피숍,2023-06-01,201213.64069933,442739.647017252,2026-05-01 22:45:52,I,02,폐업,36.78,,,,,,,,,2023-06-01 14:55:14,2018-03-07,36.78,137-876,서울특별시 서초구 서초동 1599-2 엘지서초에클라트 1층103호,N,,3210000-104-2018-00066,,3210000,"서울특별시 서초구 반포대로14길 71, 엘지서초에클라트 1층 103호 (서초동)",06651,03,폐업,커피숍,,,,
주택가주변,,돌다방,다방,2009-02-23,191389.928460084,441119.621928154,2026-05-01 22:35:19,I,02,폐업,65.94,,,,2,을,,,,2009-02-03 14:00:01,1999-10-11,65.94,153-808,서울특별시 금천구 독산동 179-12 지하1층,N,0,3170000-104-1999-00080,,3170000,,,03,폐업,다방,02-856-5444,,,상수도전용
,,프라넬,커피숍,2016-12-12,201930.241265281,442810.280586163,2026-05-01 22:45:26,I,02,폐업,72.04,,,,,,,,,2014-07-03 16:46:57,2014-07-03,72.04,137-877,서울특별시 서초구 서초동 1617-33 2층,N,,3210000-104-2014-00127,,3210000,"서울특별시 서초구 서초중앙로8길 129, 2층 (서초동)",06642,03,폐업,커피숍,,,,
,,평양느릅냉면,일반조리판매,2017-07-19,199361.751208294,445320.890017296,2026-05-01 22:45:47,I,02,폐업,6.25,,,,,,,,,2017-07-19 15:02:04,2017-04-07,6.25,137-040,"서울특별시 서초구 반포동 115-1 반포한강도선장 내 2층, B-9호",N,,3210000-104-2017-00143,,3210000,,,03,폐업,일반조리판매,,,,
주택가주변,,좌동,일반조리판매,2000-10-16,190966.836442379,439850.118176824,2026-05-01 22:35:15,I,02,폐업,27.16,,,,0,을,,,,2000-10-16 00:00:00,1995-08-18,27.16,153-867,서울특별시 금천구 독산동 1066-0,N,0,3170000-104-1995-00046,,3170000,,,03,폐업,일반조리판매,,,,상수도전용
,,서초지역자활센터,일반조리판매,,204211.807348544,441212.057449755,2026-05-01 22:46:07,I,01,영업,46.93,,,,,,,,,2023-10-25 10:28:49,2021-08-18,46.93,137-899,서울특별시 서초구 양재동 392-13 대성히트빌라,N,,3210000-104-2021-00247,,3210000,"서울특별시 서초구 논현로7길 10, 1층 102호 (양재동, 대성히트빌라)",06783,01,영업/정상,일반조리판매,02-579-0790,,,
,,지에스25(GS25) 양재타운점,편의점,,203446.675140157,442412.045813754,2026-05-01 22:45:35,I,01,영업,46.8,,,,,,,,,2015-11-02 13:59:37,2015-11-02,46.80,137-887,서울특별시 서초구 양재동 8-31 1층,Y,,3210000-104-2015-00274,,3210000,"서울특별시 서초구 바우뫼로41길 77, 1층 (양재동)",06742,01,영업/정상,편의점,,,,
,,청풍,일반조리판매,2016-02-24,191700.558260579,441632.287038153,2026-05-01 22:35:35,I,02,폐업,22.2,,,,,,,,,2016-02-24 17:53:33,2009-05-25,22.20,153-819,서울특별시 금천구 독산동 889-25 지상1층,N,,3170000-104-2009-00040,,3170000,"서울특별시 금천구 문성로 29-1 (독산동,지상1층)",08550,03,폐업,일반조리판매,,,,상수도전용
,,반쥴,패스트푸드,2004-12-20,199059.644180682,444396.094036908,2026-05-01 22:44:25,I,02,폐업,26.4,,,,0,,,,,2002-05-18 00:00:00,2002-01-24,26.40,137-811,서울특별시 서초구 반포동 978 반포상가 L동 7호,N,0,3210000-104-2002-00011,,3210000,,,03,폐업,패스트푸드,02-595-3577,,,
기타,,원두커피점코코,다방,1998-07-08,201440.055329793,445925.713327332,2026-05-01 22:43:45,I,02,폐업,41.18,,,,0,자율,,,,2001-09-29 00:00:00,1994-06-13,41.18,137-902,서울특별시 서초구 잠원동 15-7,N,0,3210000-104-1994-01146,,3210000,,,03,폐업,다방,02-518-5376,,,상수도전용
,,카페썸 cafe ssum,커피숍,,201759.739987499,444734.010708906,2026-05-01 22:46:25,I,01,영업,33,,,,,,,,,2025-11-11 09:40:39,2025-11-11,33.00,137-810,서울특별시 서초구 반포동 732-29 1층,N,,3210000-104-2025-00420,,3210000,"서울특별시 서초구 강남대로83길 64-2, 1층 (반포동)",06540,01,영업/정상,커피숍,,,,
,,폼,기타 휴게음식점,2018-07-23,204276.538325934,441189.65995502,2026-05-01 22:45:50,I,02,폐업,47,,,,,,,,,2018-07-23 16:17:59,2017-05-30,47.00,137-899,서울특별시 서초구 양재동 393-2 1층,N,,3210000-104-2017-00245,,3210000,"서울특별시 서초구 논현로 21, 1층 (양재동)",06783,03,폐업,기타 휴게음식점,02-578-8292,,,
,,공차 예술의전당점,커피숍,,201278.647889967,442099.753091778,2026-05-01 22:46:22,I,01,영업,46.9,,,,,,,,,2025-07-17 17:01:04,2025-07-17,46.90,137-718,서울특별시 서초구 서초동 700 예술의전당 비타민스테이션 1층,N,,3210000-104-2025-00263,,3210000,"서울특별시 서초구 남부순환로 2406, 예술의전당 비타민스테이션 1층 (서초동)",06757,01,영업/정상,커피숍,02-779-7758,,,
유흥업소밀집지역,,파인트리(Pine Tree),커피숍,2008-09-04,201934.640552092,444601.523435517,2026-05-01 22:43:38,I,02,폐업,23.1,,,,0,기타,,,,2008-03-27 17:12:06,1992-09-23,23.10,137-855,서울특별시 서초구 서초동 1302-52 1층 101호 일부,N,0,3210000-104-1992-00972,,3210000,,,03,폐업,커피숍,02-0562-3968,,,상수도전용
기타,,브레드타운,과자점,2002-09-25,201577.980895352,445780.812035783,2026-05-01 22:43:55,I,02,폐업,96.38,,,,,기타,,,,2001-09-29 00:00:00,1996-06-12,96.38,137-903,서울특별시 서초구 잠원동 26-10,N,,3210000-104-1996-01766,,3210000,,,03,폐업,과자점,,,,상수도전용
,,리틀제이콥스,일반조리판매,2005-04-11,202389.26,443804.065,2026-05-01 22:44:23,I,02,폐업,15.01,,,,0,,,,,2002-04-20 00:00:00,2001-10-09,15.01,137-857,서울특별시 서초구 서초동 1319-13 서초현대타워 1층동 102호,N,0,3210000-104-2001-16111,,3210000,,,03,폐업,일반조리판매,02-582-0206,,,
,,스테프핫도그,패스트푸드,2003-10-21,202188.819669176,444329.635047436,2026-05-01 22:44:26,I,02,폐업,40.66,,,,0,,,,,2002-05-28 00:00:00,2002-05-28,40.66,137-855,서울특별시 서초구 서초동 1305-5 (1층),N,0,3210000-104-2002-00069,,3210000,,,03,폐업,패스트푸드,,,,
,,연리지,일반조리판매,2012-06-27,190704.904312713,440940.384414334,2026-05-01 22:35:38,I,02,폐업,123.12,,,,3,,,,,2011-06-08 15:41:51,2010-12-06,123.12,153-813,서울특별시 금천구 독산동 295-10 롯데마트금천점 지상1층,N,1,3170000-104-2010-00090,,3170000,,,03,폐업,일반조리판매,,,,상수도전용
주택가주변,,가도빵집,과자점,2002-06-21,199994.361677384,441849.52489484,2026-05-01 22:43:44,I,02,폐업,32.64,,,,0,기타,,,,2001-09-29 00:00:00,1993-10-26,32.64,137-851,서울특별시 서초구 방배동 1020-11,N,0,3210000-104-1993-02096,,3210000,,,03,폐업,과자점,02-0000-0000,,,상수도전용
,,(주)에벤에셀,기타 휴게음식점,2025-08-02,200576.608647619,445241.8984183,2026-05-01 22:46:21,I,02,폐업,0,,,,,,,,,2025-08-03 04:15:09,2025-07-09,,137-908,서울특별시 서초구 잠원동 70-2 킴스클럽 강남점 지하1층 식품관,N,,3210000-104-2025-00254,,3210000,"서울특별시 서초구 잠원로 51, 킴스클럽 강남점 지하1층 식품관 (잠원동)",06511,03,폐업,기타 휴게음식점,,,,
주택가주변,,서광,다방,1999-03-19,200763.865727671,443262.991931146,2026-05-01 22:43:36,I,02,폐업,124.05,,,,3,자율,,,,2001-09-29 00:00:00,1990-10-08,124.05,137-873,서울특별시 서초구 서초동 1552-15,N,0,3210000-104-1990-01057,,3210000,,,03,폐업,다방,02-0584-2445,,,상수도전용
아파트지역,,리베다방,다방,1993-09-03,199712.554603321,442221.530907951,2026-05-01 22:43:39,I,02,폐업,70.81,,,,0,자율,,,,2001-09-29 00:00:00,1992-07-06,70.81,137-842,서울특별시 서초구 방배동 908-9,N,0,3210000-104-1992-01141,,3210000,,,03,폐업,다방,02-0000-0000,,,상수도전용
,,카페 어썸,커피숍,,189522.336721798,441654.010373182,2026-05-01 22:36:34,I,01,영업,16.63,,,,,,,,,2023-10-06 15:04:07,2023-10-06,16.63,153-803,서울특별시 금천구 가산동 371-17 BYC HIGHCITY,N,,3170000-104-2023-00132,,3170000,"서울특별시 금천구 가산디지털1로 131, BYC HIGHCITY 지하1층 B115(일부)호 (가산동)",08506,01,영업/정상,커피숍,,,,
기타,,피자리그,패스트푸드,2004-11-22,198944.405655693,444365.92786508,2026-05-01 22:43:48,I,02,폐업,47.58,,,,0,기타,,,,2004-07-14 00:00:00,1996-07-09,47.58,137-811,서울특별시 서초구 반포동 1050-0 상가J동22호,N,0,3210000-104-1996-00417,,3210000,,,03,폐업,패스트푸드,02-594-9664,,,상수도전용
,,탐앤탐스커피(서래점),커피숍,2020-11-12,199754.706094495,443832.091321796,2026-05-01 22:44:55,I,02,폐업,252.52,,,,,,,,,2020-11-12 10:57:07,2008-02-19,252.52,137-806,서울특별시 서초구 반포동 97-2 럭스빌딩 1층,N,,3210000-104-2008-00026,,3210000,"서울특별시 서초구 서래로 17, 1층 (반포동, 럭스빌딩 )",06581,03,폐업,커피숍,02-537-7792,,,상수도전용
주택가주변,,바이올렛,과자점,1993-08-12,201552.327191161,445863.130122844,2026-05-01 22:43:41,I,02,폐업,104,,,,2,기타,,,,2001-09-29 00:00:00,1992-06-03,104.00,137-903,서울특별시 서초구 잠원동 22-13,N,2,3210000-104-1992-01994,,3210000,,,03,폐업,과자점,02-0516-3468,,,상수도전용
기타,,나해,다방,1998-03-20,198927.744463937,443343.635611175,2026-05-01 22:43:56,I,02,폐업,29.24,,,,,기타,,,,2001-09-29 00:00:00,1997-11-10,29.24,137-830,서울특별시 서초구 방배동 793-4,N,,3210000-104-1997-00803,,3210000,,,03,폐업,다방,02-532-8382,,,상수도전용
,,니나노 분식,푸드트럭,,198388.761628414,441766.727998053,2026-05-01 22:45:45,I,01,영업,10,,,,,,,,,2019-01-07 11:05:44,2017-01-10,10.00,137-822,서울특별시 서초구 방배동 493-3 하천,N,,3210000-104-2017-00013,,3210000,,,01,영업/정상,푸드트럭,,,,
기타,,훌라밍고,다방,1996-06-07,201369.445938815,442584.63649791,2026-05-01 22:43:43,I,02,폐업,23.8,,,,0,기타,,,,2001-09-29 00:00:00,1993-10-26,23.80,137-877,서울특별시 서초구 서초동 1603-20,N,0,3210000-104-1993-01468,,3210000,,,03,폐업,다방,02-586-2273,,,상수도전용
,,COFFEE KING 커피킹,커피숍,,190852.935683048,441392.833472976,2026-05-01 22:36:39,I,01,영업,71.44,,,,,,,,,2025-06-26 17:01:28,2025-06-26,71.44,153-806,서울특별시 금천구 독산동 147-13 탐진빌,N,,3170000-104-2025-00054,,3170000,"서울특별시 금천구 시흥대로147길 14, 102호 (독산동, 탐진빌)",08533,01,영업/정상,커피숍,,,,
유흥업소밀집지역,,엘지25(오림포스점),편의점,1999-12-23,201640.965794663,445894.878452956,2026-05-01 22:43:41,I,02,폐업,6.75,,,,0,기타,,,,2001-09-29 00:00:00,1993-09-01,6.75,137-903,서울특별시 서초구 잠원동 21-2,N,0,3210000-104-1993-00545,,3210000,,,03,폐업,편의점,02-0548-0565,,,상수도전용
,,리은푸드,일반조리판매,2023-08-16,200250.447804795,444683.220506107,2026-05-01 22:46:14,I,02,폐업,0,,,,,,,,,2023-08-17 04:15:08,2023-08-07,,137-960,서울특별시 서초구 반포동 19-3 센트럴시티,N,,3210000-104-2023-00255,,3210000,"서울특별시 서초구 신반포로 176, 신세계백화점 강남점 지하1층 (반포동)",06546,03,폐업,일반조리판매,,,,
,,미당,기타 휴게음식점,2022-10-13,200250.447804795,444683.220506107,2026-05-01 22:46:11,I,02,폐업,0,,,,,,,,,2022-10-14 04:15:09,2022-09-19,,137-713,서울특별시 서초구 반포동 19-3 신세계백화점 강남점 지하1층,N,,3210000-104-2022-00295,,3210000,"서울특별시 서초구 신반포로 176, 신세계백화점 강남점 지하1층 (반포동)",06546,03,폐업,기타 휴게음식점,,,,
,,(주)에벤에셀,일반조리판매,2025-07-05,200576.608647619,445241.8984183,2026-05-01 22:46:21,I,02,폐업,0,,,,,,,,,2025-07-06 04:15:09,2025-06-04,,137-908,서울특별시 서초구 잠원동 70-2 킴스클럽 강남점 지하1층 식품관,N,,3210000-104-2025-00205,,3210000,"서울특별시 서초구 잠원로 51, 킴스클럽 강남점 지하1층 식품관 (잠원동)",06511,03,폐업,일반조리판매,,,,
,,카페컴온,커피숍,2012-07-05,200250.447804795,444683.220506107,2026-05-01 22:44:57,I,02,폐업,56.1,,,,,,,,,2009-05-22 11:53:54,2008-10-21,56.10,137-713,서울특별시 서초구 반포동 19-3 센트럴시티 영풍문고 내 (지하2층),N,,3210000-104-2008-00147,,3210000,,,03,폐업,커피숍,02-6412-6362,,,
,,장은옥의 Get it Flower(겟 잇 플라워),커피숍,2016-12-31,203393.38,441076.315,2026-05-01 22:45:27,I,02,폐업,139.2,,,,,,,,,2014-10-02 12:20:58,2014-10-02,139.20,137-896,서울특별시 서초구 양재동 315 1층,N,,3210000-104-2014-00203,,3210000,"서울특별시 서초구 강남대로 82, 1층 (양재동)",06779,03,폐업,커피숍,,,,
,,더 벨리 361,기타 휴게음식점,,207128.55594528,439305.208525796,2026-05-01 22:46:19,I,01,영업,47.22,,,,,,,,,2024-10-04 09:41:10,2024-10-04,47.22,137-180,서울특별시 서초구 내곡동 1-361 2층,N,,3210000-104-2024-00357,,3210000,"서울특별시 서초구 신흥말길 57, 2층 (내곡동)",06796,01,영업/정상,기타 휴게음식점,,,,
,,피자스쿨,일반조리판매,,191400.600073436,441801.751902012,2026-05-01 22:35:36,I,01,영업,34.65,,,,,,,,,2011-06-07 10:17:52,2009-10-13,34.65,153-823,서울특별시 금천구 독산동 959-12 지상1층,N,,3170000-104-2009-00069,,3170000,"서울특별시 금천구 독산로 353 (독산동,지상1층)",08537,01,영업/정상,일반조리판매,02-830-1929,,,상수도전용
,,송원지이(테이스틸러),기타 휴게음식점,2023-07-05,200250.447804795,444683.220506107,2026-05-01 22:46:13,I,02,폐업,0,,,,,,,,,2023-07-06 04:15:09,2023-06-26,,137-713,서울특별시 서초구 반포동 19-3 신세계백화점 강남점 지하1층,N,,3210000-104-2023-00199,,3210000,"서울특별시 서초구 신반포로 176, 신세계백화점 강남점 지하1층 (반포동)",06546,03,폐업,기타 휴게음식점,,,,
,,위베이프 전자담배,기타 휴게음식점,2025-08-01,201161.631049169,443172.620416902,2026-05-01 22:46:20,I,02,폐업,90,,,,,,,,,2025-08-01 16:03:35,2025-04-03,90.00,137-875,서울특별시 서초구 서초동 1576-5 1층,N,,3210000-104-2025-00124,,3210000,"서울특별시 서초구 서초중앙로 101, 1층 (서초동)",06650,03,폐업,기타 휴게음식점,,,,
,,(주)제이와이에스유통,기타 휴게음식점,2023-08-16,200250.447804795,444683.220506107,2026-05-01 22:46:14,I,02,폐업,0,,,,,,,,,2023-08-17 04:15:08,2023-08-04,,137-960,서울특별시 서초구 반포동 19-3 센트럴시티,N,,3210000-104-2023-00254,,3210000,"서울특별시 서초구 신반포로 176, 지하1층 (반포동)",06546,03,폐업,기타 휴게음식점,031-268-5468,,,
주택가주변,,트윈영상하우스,일반조리판매,1995-06-20,203844.595229279,441333.098321583,2026-05-01 22:43:44,I,02,폐업,122.55,,,,0,자율,,,,2001-09-29 00:00:00,1994-12-20,122.55,137-896,서울특별시 서초구 양재동 306-0,N,0,3210000-104-1994-00708,,3210000,,,03,폐업,일반조리판매,02-574-6696,,,상수도전용
,,하루 젤라또,아이스크림,2019-01-09,201780.479915182,445312.955080516,2026-05-01 22:45:53,I,02,폐업,19.8,,,,,,,,,2019-01-09 09:16:43,2018-05-18,19.80,137-808,서울특별시 서초구 반포동 707 101호,N,,3210000-104-2018-00179,,3210000,"서울특별시 서초구 강남대로 545-9, 1층 101호 (반포동)",06535,03,폐업,아이스크림,070-3262-7970,,,
,,(주)지유에프엘,백화점,2024-04-30,200250.447804795,444683.220506107,2026-05-01 22:46:16,I,02,폐업,0,,,,,,,,,2024-05-01 04:15:09,2024-04-11,,137-713,서울특별시 서초구 반포동 19-3 신세계백화점 강남점 지하1층,N,,3210000-104-2024-00147,,3210000,"서울특별시 서초구 신반포로 176, 신세계백화점 강남점 지하1층 (반포동)",06546,03,폐업,백화점,,,,
,,그린푸드,일반조리판매,2018-05-03,203811.14583381,440070.874222824,2026-05-01 22:44:41,I,02,폐업,9.99,,,,0,,,,,2018-05-08 15:41:22,2005-06-10,9.99,137-893,서울특별시 서초구 양재동 230 1층,N,0,3210000-104-2005-00112,,3210000,"서울특별시 서초구 청계산로 10 (양재동,1층)",06797,03,폐업,일반조리판매,,,,상수도전용
,,로켓커피,커피숍,2019-12-31,202710.537401632,442503.420867542,2026-05-01 22:45:27,I,02,폐업,25,,,,,,,,,2020-01-03 11:19:57,2014-11-25,25.00,137-863,서울특별시 서초구 서초동 1365-10 지하1층 B03호,N,,3210000-104-2014-00243,,3210000,"서울특별시 서초구 남부순환로 2567, 지하1층 B03호 (서초동)",06734,03,폐업,커피숍,,,,
주택가주변,,이어도,다방,1999-01-07,202037.793623981,444724.806885599,2026-05-01 22:43:37,I,02,폐업,76.3,,,,0,기타,,,,2001-09-29 00:00:00,1991-12-11,76.30,137-810,서울특별시 서초구 반포동 748-12,N,0,3210000-104-1991-01415,,3210000,,,03,폐업,다방,02-517-2992,,,상수도전용
주택가주변,,베스킨라빈스,과자점,2004-05-03,199805.00422629,444076.812895193,2026-05-01 22:43:45,I,02,폐업,36.61,,,,0,자율,,,,2001-09-29 00:00:00,1994-06-30,36.61,137-806,서울특별시 서초구 반포동 92-13,N,0,3210000-104-1994-01875,,3210000,,,03,폐업,과자점,02-0591-1031,,,상수도전용
,,미니스톱 가산엠파이어점,편의점,2023-10-17,189978.050925581,440363.954453659,2026-05-01 22:35:37,I,02,폐업,3.26,,,,,,,,,2023-10-17 17:11:21,2010-05-31,3.26,153-803,서울특별시 금천구 가산동 685-0 디지털 엠파이어 107호,N,,3170000-104-2010-00033,,3170000,"서울특별시 금천구 범안로 1130 (가산동,디지털 엠파이어 107호)",08595,03,폐업,편의점,02-2624-2455,,,
,,마리안의 부엌,일반조리판매,2022-06-14,199840.258551303,444097.077186064,2026-05-01 22:45:52,I,02,폐업,131.09,,,,,,,,,2022-06-14 13:15:00,2018-04-16,131.09,137-806,서울특별시 서초구 반포동 92-5 3층전체,Y,,3210000-104-2018-00139,,3210000,"서울특별시 서초구 사평대로26길 24, 3층 (반포동)",06577,03,폐업,일반조리판매,,,,
,,뮤제크로플,기타 휴게음식점,2021-02-28,200576.608647619,445241.8984183,2026-05-01 22:46:06,I,02,폐업,12,,,,,,,,,2021-03-01 04:15:09,2021-01-27,12.00,137-711,서울특별시 서초구 잠원동 70-2 뉴코아백화점,N,,3210000-104-2021-00025,,3210000,"서울특별시 서초구 잠원로 51, 뉴코아백화점 (잠원동)",06511,03,폐업,기타 휴게음식점,032-505-0398,,,
,,미미분식,일반조리판매,2008-06-17,201622.78556764,442944.192564189,2026-05-01 22:44:44,I,02,폐업,23.31,,,,0,,,,,2005-12-07 00:00:00,2005-12-07,23.31,137-879,서울특별시 서초구 서초동 1628-38 1층,N,0,3210000-104-2005-00218,,3210000,,,03,폐업,일반조리판매,02-598-5563,,,상수도전용
,,이상한 나라의 앨리스,기타 휴게음식점,2016-06-19,203392.793460583,440676.379919661,2026-05-01 22:45:41,I,02,폐업,10,,,,,,,,,2024-04-02 10:21:56,2016-06-17,10.00,137-787,서울특별시 서초구 양재동 232 AT센터 3층 제2전시장,Y,,3210000-104-2016-00250,,3210000,"서울특별시 서초구 강남대로 27, 3층 제2전시장호 (양재동, AT센터)",06774,03,폐업,기타 휴게음식점,,,,
,,향기나는 굴뚝,커피숍,,198939.814890712,440469.922020524,2026-05-01 22:46:03,I,01,영업,46.2,,,,,,,,,2020-02-06 14:10:02,2020-02-06,46.20,137-853,서울특별시 서초구 방배동 2732-41 B103호,N,,3210000-104-2020-00037,,3210000,"서울특별시 서초구 전원말안1길 3-3, 지층  B103호 (방배동)",06761,01,영업/정상,커피숍,,,,
기타,,샘다방,다방,2000-06-23,201484.146085025,446124.180094986,2026-05-01 22:43:37,I,02,폐업,70.26,,,,0,기타,,,,2001-09-29 00:00:00,1991-07-04,70.26,137-902,서울특별시 서초구 잠원동 9-6,N,0,3210000-104-1991-01508,,3210000,,,03,폐업,다방,02-0515-2800,,,상수도전용
,,(주)신세계이마트 양재점,일반조리판매,2010-03-30,203204.755637424,440136.781183797,2026-05-01 22:44:40,I,02,폐업,1.87,,,,0,,,,,2006-03-27 00:00:00,2005-02-23,1.87,137-893,서울특별시 서초구 양재동 215 지하1층,N,0,3210000-104-2005-00036,,3210000,,,03,폐업,일반조리판매,,,,
,,레드컵스,일반조리판매,2025-12-16,192421.424581433,438710.506879292,2026-05-01 22:35:45,I,02,폐업,25.38,,,,,,,,,2025-12-16 17:42:27,2012-06-29,25.38,153-844,서울특별시 금천구 시흥동 268-48 지상1층,N,,3170000-104-2012-00060,,3170000,"서울특별시 금천구 탑골로4길 69 (시흥동, 지상1층)",08656,03,폐업,일반조리판매,,,,상수도전용
,,멕시칸치킨,일반조리판매,2017-12-22,199361.751208294,445320.890017296,2026-05-01 22:45:47,I,02,폐업,12.5,,,,,,,,,2017-12-22 17:14:04,2017-04-12,12.50,137-040,"서울특별시 서초구 반포동 115-1 반포한강공원도선장내 2층 A-5,A-10",N,,3210000-104-2017-00161,,3210000,,,03,폐업,일반조리판매,,,,
,,그릭온더그릴,일반조리판매,2015-01-05,200250.447804795,444683.220506107,2026-05-01 22:45:27,I,02,폐업,16,,,,,,,,,2014-08-05 11:07:52,2014-08-01,16.00,137-713,서울특별시 서초구 반포동 19-3 신세계백화점 강남점 지하1층,N,,3210000-104-2014-00162,,3210000,"서울특별시 서초구 신반포로 176, 지하1층 (반포동, 신세계백화점 강남점)",06546,03,폐업,일반조리판매,,,,
,,씨유 금천히어로점,편의점,,191384.237468168,439834.222821067,2026-05-01 22:36:24,I,01,영업,3.3,,,,,,,,,2020-11-25 15:56:29,2020-11-25,3.30,153-857,서울특별시 금천구 시흥동 862-14,N,,3170000-104-2020-00124,,3170000,서울특별시 금천구 독산로43가길 14 (시흥동),08621,01,영업/정상,편의점,,,,
,,바다맛이야기_꼬막미가,기타 휴게음식점,2022-10-19,200250.447804795,444683.220506107,2026-05-01 22:46:11,I,02,폐업,0,,,,,,,,,2022-10-20 04:15:09,2022-10-11,,137-713,서울특별시 서초구 반포동 19-3 신세계백화점 지하1층,N,,3210000-104-2022-00318,,3210000,"서울특별시 서초구 신반포로 176, 신세계백화점 지하1층 (반포동)",06546,03,폐업,기타 휴게음식점,,,,
,,아모제,일반조리판매,2007-07-19,200250.447804795,444683.220506107,2026-05-01 22:44:49,I,02,폐업,19.8,,,,0,,,,,2007-04-11 00:00:00,2007-04-11,19.80,137-713,서울특별시 서초구 반포동 19-3 신세계백화점 지하1층,N,0,3210000-104-2007-00029,,3210000,,,03,폐업,일반조리판매,02-2185-7760,,,상수도전용
,,카페보나파르트(논현점),커피숍,2018-06-05,203392.793460583,440676.379919661,2026-05-01 22:45:52,I,02,폐업,10,,,,,,,,,2018-06-05 10:36:08,2018-04-20,10.00,137-787,서울특별시 서초구 양재동 232 AT센터 제1전시장,N,,3210000-104-2018-00145,,3210000,"서울특별시 서초구 강남대로 27, AT센터 제1전시장 (양재동)",06774,03,폐업,커피숍,02-540-8522,,,
,,스위트푸드,일반조리판매,2013-03-21,189997.455663258,441687.841171831,2026-05-01 22:35:32,I,02,폐업,7.7,,,,0,,,,,2012-04-03 11:08:07,2007-02-06,7.70,153-801,서울특별시 금천구 가산동 60-27 지하1층 (디지털단지로 285),N,0,3170000-104-2007-00013,,3170000,,,03,폐업,일반조리판매,,,,상수도전용
,,친구들,일반조리판매,2002-11-26,203285.344535704,442373.723731667,2026-05-01 22:44:27,I,02,폐업,49.87,,,,0,,,,,2002-07-23 00:00:00,2002-07-23,49.87,137-887,서울특별시 서초구 양재동 10-1 (2층),N,0,3210000-104-2002-00093,,3210000,,,03,폐업,일반조리판매,02-573-5687,,,
,,피자카우보이,패스트푸드,2007-09-21,191572.898604465,438892.621407862,2026-05-01 22:35:31,I,02,폐업,30.15,,,,0,,,,,2007-02-06 00:00:00,2006-09-12,30.15,153-858,서울특별시 금천구 시흥동 895-4 (지상1층),N,0,3170000-104-2006-00032,,3170000,,,03,폐업,패스트푸드,02-892-5255,,,상수도전용
,,미당,기타 휴게음식점,2023-07-15,200250.447804795,444683.220506107,2026-05-01 22:46:12,I,02,폐업,0,,,,,,,,,2023-07-16 04:15:09,2023-06-07,.00,137-960,서울특별시 서초구 반포동 19-3 센트럴시티,N,,3210000-104-2023-00171,,3210000,"서울특별시 서초구 신반포로 176, 신세계백화점 강남점 지하1층 (반포동)",06546,03,폐업,기타 휴게음식점,,,,
,,GS25독산반수점,편의점,2021-07-30,191372.117436323,441413.396592601,2026-05-01 22:36:05,I,02,폐업,3,,,,,,,,,2021-07-30 11:57:36,2017-06-20,3.00,153-825,서울특별시 금천구 독산동 978-36 지상1층,N,1,3170000-104-2017-00050,,3170000,"서울특별시 금천구 독산로 313-0, 지상1층 (독산동)",08542,03,폐업,편의점,,,,
,,리은푸드,일반조리판매,2025-05-01,200250.447804795,444683.220506107,2026-05-01 22:46:20,I,02,폐업,0,,,,,,,,,2025-05-02 04:15:09,2025-04-17,,137-713,서울특별시 서초구 반포동 19-3 신세계백화점 강남점 지하1층,N,,3210000-104-2025-00143,,3210000,"서울특별시 서초구 신반포로 176, 신세계백화점 강남점 지하1층 (반포동)",06546,03,폐업,일반조리판매,,,,
,,아이러브버거,커피숍,2013-10-23,199645.102308863,442965.340534854,2026-05-01 22:44:53,I,02,폐업,25,,,,,,,,,2013-10-17 16:14:48,2007-10-02,25.00,137-840,서울특별시 서초구 방배동 880-10 1층 일부,N,,3210000-104-2007-00137,,3210000,,,03,폐업,커피숍,02-582-0041,,,상수도전용
,,보니엔젤,커피숍,2019-02-21,201521.358946828,445770.160324602,2026-05-01 22:45:05,I,02,폐업,50,,,,,,,,,2019-02-21 11:45:05,2009-08-03,50.00,137-903,서울특별시 서초구 잠원동 26-2,N,,3210000-104-2009-00162,,3210000,서울특별시 서초구 나루터로12길 27 (잠원동),06526,03,폐업,커피숍,,,,
,,언니가 숨겨놓은 과자상자,커피숍,2024-09-20,198571.721961095,442024.72271575,2026-05-01 22:46:01,I,02,폐업,15,,,,,,,,,2024-09-20 09:01:51,2019-07-04,15.00,137-819,서울특별시 서초구 방배동 464-12 1층,N,,3210000-104-2019-00203,,3210000,"서울특별시 서초구 방배천로8길 36, 1층 (방배동)",06691,03,폐업,커피숍,,,,
,,페이머스 하와이 쉬림프,기타 휴게음식점,2017-07-04,190119.463375612,441716.684586176,2026-05-01 22:36:04,I,02,폐업,62.7,,,,,,,,,2017-07-04 11:31:07,2017-05-25,62.70,153-801,서울특별시 금천구 가산동 60-8 현대시티아울렛 지상6층,N,1,3170000-104-2017-00041,,3170000,"서울특별시 금천구 디지털로10길 9, 지상6층 (가산동, 현대시티아울렛)",08514,03,폐업,기타 휴게음식점,02-564-9811,,,
,,O.J.E(오제이),커피숍,2019-02-26,198798.611235915,444320.555818579,2026-05-01 22:45:46,I,02,폐업,49.39,,,,,,,,,2019-02-26 10:28:41,2017-03-13,49.39,137-811,서울특별시 서초구 반포동 1053 H동 1층 17호,Y,,3210000-104-2017-00083,,3210000,"서울특별시 서초구 신반포로 22, 1층 17호 (반포동, H동 )",,03,폐업,커피숍,,,,
,,냥이네,커피숍,2010-11-04,199012.155192767,440442.343040201,2026-05-01 22:45:11,I,02,폐업,37.9,,,,,,,,,2010-11-01 12:58:04,2010-11-01,37.90,137-853,서울특별시 서초구 방배동 2762-22,N,,3210000-104-2010-00230,,3210000,,,03,폐업,커피숍,02-583-2077,,,
,,주식회사 지오에프앤씨,일반조리판매,2024-08-22,200250.447804795,444683.220506107,2026-05-01 22:46:18,I,02,폐업,0,,,,,,,,,2024-08-23 04:15:09,2024-08-09,,137-713,서울특별시 서초구 반포동 19-3 신세계백화점 강남점 지하1층,N,,3210000-104-2024-00287,,3210000,"서울특별시 서초구 신반포로 176, 신세계백화점 강남점 지하1층 (반포동)",06546,03,폐업,일반조리판매,,,,
,,Don Don(돈돈),일반조리판매,2016-01-28,201995.833244144,444186.479514716,2026-05-01 22:45:34,I,02,폐업,17.71,,,,,,,,,2015-08-28 12:14:38,2015-08-28,17.71,137-856,서울특별시 서초구 서초동 1310-5 주구센터 1층 101호내 107호,N,,3210000-104-2015-00195,,3210000,"서울특별시 서초구 서운로 184, 1층 101호내 107호 (서초동, 주구센터)",,03,폐업,일반조리판매,,,,
주택가주변,,샨아이스크림,일반조리판매,1996-04-01,,,2026-05-01 22:35:15,I,02,폐업,21.38,,,,0,을,,,,2002-01-11 00:00:00,1995-08-02,21.38,153-844,서울특별시 금천구 시흥동 264-5,N,0,3170000-104-1995-00045,,3170000,,,03,폐업,일반조리판매,02-805-0926,,,상수도전용
,,나라우동,일반조리판매,2019-01-28,200250.447804795,444683.220506107,2026-05-01 22:45:14,I,02,폐업,27.7,,,,,,,,,2019-01-28 12:06:27,2011-03-09,27.70,137-713,서울특별시 서초구 반포동 19-3 신세계백화점 지하1층,N,,3210000-104-2011-00039,,3210000,"서울특별시 서초구 신반포로 176, 지하1층 (반포동, 신세계백화점 )",06546,03,폐업,일반조리판매,,,,
,,포프리 에그베리,일반조리판매,2020-11-19,200250.447804795,444683.220506107,2026-05-01 22:46:05,I,02,폐업,6,,,,,,,,,2020-11-20 04:15:08,2020-11-12,6.00,137-713,서울특별시 서초구 반포동 19-3 신세계백화점 강남점 지하1층,N,,3210000-104-2020-00302,,3210000,"서울특별시 서초구 신반포로 176, 신세계백화점 강남점 지하1층 (반포동)",06546,03,폐업,일반조리판매,,,,
,,앤디캔디,푸드트럭,2016-05-23,199423.101065865,444258.555255416,2026-05-01 22:45:41,I,02,폐업,10,,,,,,,,,2016-05-20 15:25:18,2016-05-20,10.00,137-800,서울특별시 서초구 반포동 15-2 반포종합운동장,Y,,3210000-104-2016-00206,,3210000,"서울특별시 서초구 신반포로16길 30 (반포동, 반포종합운동장)",06549,03,폐업,푸드트럭,,,,
기타,,뮤랭커피숍,다방,1997-09-23,,,2026-05-01 22:43:45,I,02,폐업,43.17,,,,2,자율,,,,2001-09-29 00:00:00,1994-04-29,43.17,137-893,서울특별시 서초구 양재동 227-0,N,0,3210000-104-1994-01224,,3210000,,,03,폐업,다방,02-529-7995,,,상수도전용
아파트지역,,파리바게뜨,과자점,2003-08-04,198845.657797775,443825.9650708,2026-05-01 22:43:58,I,02,폐업,46.11,,,,,기타,,,,2002-04-23 00:00:00,1997-01-09,46.11,137-828,서울특별시 서초구 방배동 758-2 삼호상가 107호,N,,3210000-104-1997-01711,,3210000,,,03,폐업,과자점,02-534-2600,,,상수도전용
유흥업소밀집지역,,커피숍포즈,다방,2001-09-05,202255.131792909,444026.067585724,2026-05-01 22:43:43,I,02,폐업,95.2,,,,0,기타,,,,2001-09-29 00:00:00,1993-07-23,95.20,137-856,서울특별시 서초구 서초동 1317-13,N,0,3210000-104-1993-01668,,3210000,,,03,폐업,다방,02-0568-4111,,,상수도전용
,,노블PC방,기타 휴게음식점,2019-09-16,201137.492525894,442986.511240829,2026-05-01 22:45:43,I,02,폐업,9.9,,,,,,,,,2019-09-16 13:39:53,2016-10-12,9.90,137-874,서울특별시 서초구 서초동 1565-8 지하1층 1호,Y,,3210000-104-2016-00395,,3210000,"서울특별시 서초구 서초대로50길 94, 지하1층 1호 (서초동)",06650,03,폐업,기타 휴게음식점,,,,
,,커들리하우스,일반조리판매,2023-10-11,200250.447804795,444683.220506107,2026-05-01 22:46:14,I,02,폐업,0,,,,,,,,,2023-10-12 04:15:08,2023-10-04,,137-713,서울특별시 서초구 반포동 19-3 신세계백화점 강남점 지하1층,N,,3210000-104-2023-00322,,3210000,"서울특별시 서초구 신반포로 176, 신세계백화점 강남점 지하1층 (반포동)",06546,03,폐업,일반조리판매,,,,
기타,,수정커피숍,다방,2003-01-03,190358.999713846,440943.192272348,2026-05-01 22:35:03,I,02,폐업,93.15,,,,3,지도,,,,2005-08-22 00:00:00,1985-07-08,93.15,153-813,서울특별시 금천구 독산동 302-16,N,0,3170000-104-1985-00062,,3170000,,,03,폐업,다방,02-856-2131,,,상수도전용
주택가주변,,꽃다방,다방,1996-10-08,,,2026-05-01 22:43:20,I,02,폐업,65.76,,,,3,자율,,,,2001-09-29 00:00:00,1983-11-30,65.76,137-824,서울특별시 서초구 방배동 260-0,N,0,3210000-104-1983-01169,,3210000,,,03,폐업,다방,02-583-4304,,,상수도전용
유흥업소밀집지역,,쑥꿀레,일반조리판매,1997-12-09,198702.564835484,443672.060220404,2026-05-01 22:43:56,I,02,폐업,26.24,,,,,자율,,,,2001-09-29 00:00:00,1997-01-09,26.24,137-829,서울특별시 서초구 방배동 769-1,N,,3210000-104-1997-00653,,3210000,,,03,폐업,일반조리판매,02-522-4167,,,상수도전용
,,피자헛 시흥2호점,패스트푸드,2020-04-01,191594.6614089,438942.619642611,2026-05-01 22:35:34,I,02,폐업,92.4,,,,,,,,,2020-04-01 14:50:55,2008-11-19,92.40,153-856,서울특별시 금천구 시흥동 838-33 지상2층,N,,3170000-104-2008-00049,,3170000,"서울특별시 금천구 금하로 679 (시흥동,지상2층)",08627,03,폐업,패스트푸드,02-808-5551,,,
아파트지역,,(주)두산케이에프씨뉴코아매장,패스트푸드,2002-04-17,200367.985010323,445207.663497148,2026-05-01 22:43:24,I,02,폐업,107.58,,,,0,자율,,,,2001-06-14 00:00:00,1985-05-22,107.58,137-908,서울특별시 서초구 잠원동 70-5 뉴코아본관 지하1층,N,0,3210000-104-1985-00448,,3210000,,,03,폐업,패스트푸드,,,,상수도전용
,,호두 미나미호리에,기타 휴게음식점,,200250.447804795,444683.220506107,2026-05-01 22:46:19,I,01,영업,13.5,,,,,,,,,2024-10-04 11:52:35,2024-10-04,13.50,137-713,서울특별시 서초구 반포동 19-3 신세계백화점 강남점 지하1층 스위트파크,N,,3210000-104-2024-00359,,3210000,"서울특별시 서초구 신반포로 176, 신세계백화점 강남점 지하1층 스위트파크 (반포동)",06546,01,영업/정상,기타 휴게음식점,,,,
,,지에스 더 프레시(GS The Fresh),기타 휴게음식점,2022-12-01,200958.810528572,445792.191399183,2026-05-01 22:46:10,I,02,폐업,25.9,,,,,,,,,2022-12-01 11:52:02,2022-06-02,25.90,137-907,서울특별시 서초구 잠원동 57-20 지하1층,N,,3210000-104-2022-00173,,3210000,"서울특별시 서초구 잠원로8길 25, 지하1층 (잠원동)",06518,03,폐업,기타 휴게음식점,,,,
기타,,미도방,일반조리판매,1999-01-23,,,2026-05-01 22:44:04,I,02,폐업,8.63,,,,0,기타,,,,2001-09-29 00:00:00,1998-04-17,8.63,137-070,서울특별시 서초구 서초동 590-689,N,0,3210000-104-1998-00635,,3210000,,,03,폐업,일반조리판매,02-384-6331,,,상수도전용
,,세븐일레븐(양재7호점),편의점,2024-11-06,203494.186062492,441297.995384346,2026-05-01 22:44:28,I,02,폐업,6.6,,,,0,,,,,2024-11-06 10:46:08,2003-01-15,6.60,137-894,서울특별시 서초구 양재동 249-4 1층,N,0,3210000-104-2003-00016,,3210000,"서울특별시 서초구 마방로 12, 1층 (양재동)",06778,03,폐업,편의점,02-578-6398,,,상수도전용
,,글로리아진스커피,다방,2005-02-03,198791.788015494,444392.672548989,2026-05-01 22:44:24,I,02,폐업,9.9,,,,0,,,,,2005-02-03 00:00:00,2001-02-12,9.90,137-811,서울특별시 서초구 반포동 1141-0 현대백화점 지하1층,N,0,3210000-104-2001-16177,,3210000,,,03,폐업,다방,02-3476-5420,,,상수도전용
,,삼우월드,기타 휴게음식점,2006-08-16,200576.608647619,445241.8984183,2026-05-01 22:44:46,I,02,폐업,3.3,,,,0,,,,,2006-07-26 00:00:00,2006-07-26,3.30,137-908,서울특별시 서초구 잠원동 70-2 뉴코아아울렛 신관4층,N,0,3210000-104-2006-00082,,3210000,,,03,폐업,기타 휴게음식점,,,,
,,메가엠지씨커피 교대태성점,커피숍,,201385.065882606,443483.610890094,2026-05-01 22:46:19,I,01,영업,43,,,,,,,,,2024-11-27 11:14:39,2024-11-27,43.00,137-881,서울특별시 서초구 서초동 1670-9 1층 1호,N,,3210000-104-2024-00415,,3210000,"서울특별시 서초구 서초중앙로22길 45, 1층 1호 (서초동)",06633,01,영업/정상,커피숍,,,,
,,도제식빵,기타 휴게음식점,2021-04-08,200250.447804795,444683.220506107,2026-05-01 22:46:07,I,02,폐업,0,,,,,,,,,2021-04-09 04:15:08,2021-03-30,.00,137-713,서울특별시 서초구 반포동 19-3 신세계백화점 강남점 지하1층,N,,3210000-104-2021-00090,,3210000,"서울특별시 서초구 신반포로 176, 신세계백화점 강남점 지하1층 (반포동)",06546,03,폐업,기타 휴게음식점,070-7843-0268,,,
,,우리축산,기타 휴게음식점,2018-05-09,191392.248318757,439230.817917966,2026-05-01 22:35:39,I,02,폐업,36.86,,,,,,,,,2018-05-09 15:32:21,2011-05-31,36.86,153-857,서울특별시 금천구 시흥동 878-19 지상1층,N,,3170000-104-2011-00046,,3170000,"서울특별시 금천구 금하로11길 27 (시흥동,지상1층)",08625,03,폐업,기타 휴게음식점,,,,상수도전용
,,샌드앤푸드,커피숍,2006-01-20,,,2026-05-01 22:35:25,I,02,폐업,51.48,,,,0,,,,,2003-10-09 00:00:00,2003-10-09,51.48,153-844,서울특별시 금천구 시흥동 266-0 벽산아파트 중심상가동 207호,N,0,3170000-104-2003-00016,,3170000,,,03,폐업,커피숍,,,,상수도전용
,,세븐일레븐 시흥은행나무점,편의점,,191401.279229826,438819.460937417,2026-05-01 22:36:18,I,01,영업,6.6,,,,,,,,,2022-12-05 16:26:11,2019-09-11,6.60,153-858,서울특별시 금천구 시흥동 901-14 지상1층,N,,3170000-104-2019-00139,,3170000,"서울특별시 금천구 시흥대로50길 26, 지상1층 (시흥동)",08630,01,영업/정상,편의점,,,,
,,영광수퍼,일반조리판매,2011-08-31,204142.151524554,441246.626837706,2026-05-01 22:45:09,I,02,폐업,16.5,,,,,,,,,2010-05-24 17:39:06,2010-05-24,16.50,137-895,서울특별시 서초구 양재동 289-1 (1층 101호내),N,,3210000-104-2010-00103,,3210000,,,03,폐업,일반조리판매,02-571-1246,,,
,,명동할머니국수 홈플러스 금천점,일반조리판매,2017-09-01,190809.507840375,440728.382273075,2026-05-01 22:35:40,I,02,폐업,41.62,,,,,,,,,2017-09-01 14:13:01,2011-08-26,41.62,153-813,서울특별시 금천구 독산동 291-7 홈플러스 금천점1층,N,,3170000-104-2011-00068,,3170000,"서울특별시 금천구 시흥대로 391 (독산동,홈플러스 금천점1층)",08584,03,폐업,일반조리판매,,,,상수도전용
,,가마솥진국,일반조리판매,2021-10-28,200250.447804795,444683.220506107,2026-05-01 22:46:08,I,02,폐업,0,,,,,,,,,2021-10-29 04:15:08,2021-10-07,.00,137-713,서울특별시 서초구 반포동 19-3 신세계백화점 강남점 지하1층,N,,3210000-104-2021-00288,,3210000,"서울특별시 서초구 신반포로 176, 신세계백화점 강남점 지하1층 (반포동)",06546,03,폐업,일반조리판매,,,,
,,부비당,기타 휴게음식점,2022-08-31,200250.447804795,444683.220506107,2026-05-01 22:46:10,I,02,폐업,0,,,,,,,,,2022-09-01 04:15:09,2022-08-01,.00,137-960,서울특별시 서초구 반포동 19-3 센트럴시티,N,,3210000-104-2022-00246,,3210000,"서울특별시 서초구 신반포로 176, 센트럴시티 지하1층 (반포동)",06546,03,폐업,기타 휴게음식점,,,,
,,벨리스(VELISS),백화점,2025-06-22,200250.447804795,444683.220506107,2026-05-01 22:46:21,I,02,폐업,0,,,,,,,,,2025-06-23 04:15:10,2025-06-19,,137-713,서울특별시 서초구 반포동 19-3 지하1층,N,,3210000-104-2025-00224,,3210000,"서울특별시 서초구 신반포로 176, 지하1층 (반포동)",06546,03,폐업,백화점,,,,
,,미노커피,커피숍,,199895.673100053,441974.377129427,2026-05-01 22:45:14,I,01,영업,20.9,,,,,,,,,2020-06-15 21:41:09,2011-03-11,20.90,137-851,서울특별시 서초구 방배동 1021-1 1층,N,,3210000-104-2011-00044,,3210000,"서울특별시 서초구 방배로8길 14, 1층 (방배동)",06705,01,영업/정상,커피숍,02-534-3851,,,
,,미당,기타 휴게음식점,2022-12-22,200250.447804795,444683.220506107,2026-05-01 22:46:11,I,02,폐업,0,,,,,,,,,2022-12-23 04:15:09,2022-12-02,.00,137-960,서울특별시 서초구 반포동 19-3 센트럴시티,N,,3210000-104-2022-00377,,3210000,"서울특별시 서초구 신반포로 176, 신세계백화점 강남점 지하1층 (반포동)",06546,03,폐업,기타 휴게음식점,,,,
,,파파도나스,패스트푸드,,200250.447804795,444683.220506107,2026-05-01 22:46:00,I,01,영업,16.53,,,,,,,,,2019-03-27 14:45:14,2019-03-27,16.53,137-960,서울특별시 서초구 반포동 19-3 센트럴시티빌딩,N,,3210000-104-2019-00085,,3210000,"서울특별시 서초구 신반포로 176, 센트럴시티빌딩 1층 135호 (반포동)",06546,01,영업/정상,패스트푸드,,,,
,,워너커피(WANNA COFFEE),커피숍,2020-07-31,201359.656945174,445493.94510139,2026-05-01 22:45:41,I,02,폐업,19.8,,,,,,,,,2020-07-31 11:18:56,2016-06-08,19.80,137-906,서울특별시 서초구 잠원동 48-1 선진빌딩 1층 4호,N,,3210000-104-2016-00235,,3210000,"서울특별시 서초구 강남대로95길 87, 1층 4호 (잠원동)",06529,03,폐업,커피숍,02-6487-2285,,,
,,드블랙홍콩,커피숍,2017-08-16,200250.447804795,444683.220506107,2026-05-01 22:45:39,I,02,폐업,6.6,,,,,,,,,2017-08-16 12:57:53,2016-04-27,6.60,137-713,서울특별시 서초구 반포동 19-3 신세계백화점강남점 지하1층,Y,,3210000-104-2016-00163,,3210000,"서울특별시 서초구 신반포로 176, 지하1층 (반포동, 신세계백화점강남점)",06546,03,폐업,커피숍,,,,
,,트로피칼마리아(행사),일반조리판매,2004-10-27,200250.447804795,444683.220506107,2026-05-01 22:44:37,I,02,폐업,6.6,,,,0,,,,,2004-07-13 00:00:00,2004-07-13,6.60,137-713,서울특별시 서초구 반포동 19-3 신세계백화점 지하1층 행사매장,N,0,3210000-104-2004-00071,,3210000,,,03,폐업,일반조리판매,02-3479-1234,,,상수도전용
,,화계상점,일반조리판매,2020-05-28,200250.447804795,444683.220506107,2026-05-01 22:46:04,I,02,폐업,10,,,,,,,,,2020-05-29 04:15:08,2020-05-14,10.00,137-713,서울특별시 서초구 반포동 19-3 신세계백화점 강남점,N,,3210000-104-2020-00135,,3210000,"서울특별시 서초구 신반포로 176, 신세계백화점 강남점 지하1층 (반포동)",06546,03,폐업,일반조리판매,,,,
,,센트커피,커피숍,2022-05-02,198515.215203976,442805.181343219,2026-05-01 22:46:09,I,02,폐업,40,,,,,,,,,2022-05-02 11:43:00,2022-04-01,40.00,137-852,서울특별시 서초구 방배동 1463 1층 101호,N,,3210000-104-2022-00095,,3210000,"서울특별시 서초구 동광로12가길 16, 1층 101호 (방배동)",06567,03,폐업,커피숍,,,,
,,디502(D502),기타 휴게음식점,,190154.126701561,441060.911338644,2026-05-01 22:36:30,I,01,영업,21.6,,,,,,,,,2023-01-16 11:51:29,2023-01-16,21.60,153-814,서울특별시 금천구 독산동 335-13 대웅정밀,N,,3170000-104-2023-00005,,3170000,"서울특별시 금천구 두산로3길 24, 대웅정밀 (독산동)",08526,01,영업/정상,기타 휴게음식점,,,,
,,카페한스킨,커피숍,2012-12-03,199281.215998341,443502.876101195,2026-05-01 22:45:19,I,02,폐업,75,,,,,,,,,2012-07-04 17:13:28,2012-07-04,75.00,137-830,"서울특별시 서초구 방배동 797-12 지상1층, 지하1층",N,,3210000-104-2012-00093,,3210000,"서울특별시 서초구 동광로 95, 지상1, 지하1층 (방배동)",06584,03,폐업,커피숍,,,,
,,드림닥터 카페테리아,기타 휴게음식점,2016-12-15,203392.793460583,440676.379919661,2026-05-01 22:45:45,I,02,폐업,24,,,,,,,,,2016-12-15 15:52:58,2016-12-08,24.00,137-787,서울특별시 서초구 양재동 232 AT센터  3층 제2전시장,N,,3210000-104-2016-00474,,3210000,"서울특별시 서초구 강남대로 27, 3층 제2전시장호 (양재동, AT센터 )",06774,03,폐업,기타 휴게음식점,,,,
,,"마마쿡키친(센치커피(cm, coffee))",커피숍,2024-07-15,190578.336566024,441696.516668361,2026-05-01 22:36:29,I,02,폐업,33,,,,,,,,,2024-07-15 16:15:25,2022-06-15,33.00,153-801,서울특별시 금천구 가산동 151-1 1층,N,,3170000-104-2022-00064,,3170000,"서울특별시 금천구 남부순환로112길 31, 1층 (가산동)",08529,03,폐업,커피숍,,,,
,,모이또피자,일반조리판매,2010-10-12,190704.904312713,440940.384414334,2026-05-01 22:35:34,I,02,폐업,35.28,,,,,,,,,2010-04-14 14:12:07,2008-09-29,35.28,153-813,서울특별시 금천구 독산동 295-10 롯데마트금천점 지상1층(두산길18),N,,3170000-104-2008-00039,,3170000,,,03,폐업,일반조리판매,,,,상수도전용
,,컴포즈커피 반포원베일리점(COMPOSE COFFEE),커피숍,2025-09-25,,,2026-05-01 22:46:15,I,02,폐업,35.2,,,,,,,,,2025-09-25 15:45:04,2023-10-27,35.20,137-040,서울특별시 서초구 반포동 0 원베일리 스퀘어,N,,3210000-104-2023-00360,,3210000,"서울특별시 서초구 반포대로 291, 원베일리 스퀘어 지하1층 B138호, B141호 일부 (반포동)",06506,03,폐업,커피숍,,,,
,,주바른,일반조리판매,2023-08-09,200250.447804795,444683.220506107,2026-05-01 22:46:14,I,02,폐업,0,,,,,,,,,2023-08-10 04:15:09,2023-07-31,,137-713,서울특별시 서초구 반포동 19-3 신세계백화점 강남점 지하1층,N,,3210000-104-2023-00244,,3210000,"서울특별시 서초구 신반포로 176, 신세계백화점 강남점 지하1층 (반포동)",06546,03,폐업,일반조리판매,,,,
,,세븐일레븐(서초21호점),편의점,,201408.460943446,443277.75131013,2026-05-01 22:44:28,I,01,영업,6.6,,,,0,,,,,2024-01-24 14:54:10,2003-01-15,6.60,137-881,서울특별시 서초구 서초동 1665-9 1층,N,0,3210000-104-2003-00015,,3210000,"서울특별시 서초구 서초중앙로18길 43, 1층 (서초동)",06634,01,영업/정상,편의점,02-3486-2782,,,상수도전용
,,코운코운,백화점,,200250.447804795,444683.220506107,2026-05-01 22:46:16,I,01,영업,8.5,,,,,,,,,2024-02-08 16:23:24,2024-02-08,8.50,137-713,서울특별시 서초구 반포동 19-3 신세계백화점 강남점 지하1층,N,,3210000-104-2024-00047,,3210000,"서울특별시 서초구 신반포로 176, 신세계백화점 강남점 지하1층 (반포동)",06546,01,영업/정상,백화점,,,,
,,오타루,일반조리판매,2015-05-18,200250.447804795,444683.220506107,2026-05-01 22:44:40,I,02,폐업,24.85,,,,0,,,,,2014-04-16 13:40:55,2005-02-25,24.85,137-713,서울특별시 서초구 반포동 19-3 신세계백화점 지하 1층,N,0,3210000-104-2005-00056,,3210000,"서울특별시 서초구 신반포로 176, 지하 1층 (반포동, 신세계백화점)",06546,03,폐업,일반조리판매,,,,
,,언더이그램 고로케,백화점,2015-09-07,200250.447804795,444683.220506107,2026-05-01 22:45:34,I,02,폐업,7.5,,,,,,,,,2015-08-28 12:51:58,2015-08-28,7.50,137-713,서울특별시 서초구 반포동 19-3 지하1층,N,,3210000-104-2015-00196,,3210000,"서울특별시 서초구 신반포로 176, 지하1층 (반포동)",06546,03,폐업,백화점,031-604-0453,,,
,,미르스타푸드,백화점,,200250.447804795,444683.220506107,2026-05-01 22:46:20,I,01,영업,15.5,,,,,,,,,2025-02-20 16:30:56,2025-02-20,15.50,137-713,서울특별시 서초구 반포동 19-3 신세계백화점 강남점 지하1층 식품관 미트델리코너,N,,3210000-104-2025-00062,,3210000,"서울특별시 서초구 신반포로 176, 신세계백화점 강남점 지하1층 식품관 미트델리코너 (반포동)",06546,01,영업/정상,백화점,,,,
,,키친랜드,일반조리판매,,202245.377899369,442987.986999742,2026-05-01 22:46:10,I,01,영업,19.8,,,,,,,,,2025-08-27 10:21:50,2022-06-24,19.80,137-859,서울특별시 서초구 서초동 1335 서초그랑자이상가 지하1층 B113호,N,,3210000-104-2022-00203,,3210000,"서울특별시 서초구 효령로 403, 서초그랑자이상가 지하1층 B113호 (서초동)",06630,01,영업/정상,일반조리판매,,,,
,,아마스빈 가산디지털단지점,일반조리판매,,189538.020935968,441982.427934953,2026-05-01 22:35:39,I,01,영업,39.7,,,,,,,,,2025-08-20 10:59:09,2011-03-16,39.70,153-786,서울특별시 금천구 가산동 371-28 우림라이온스밸리 C-104B,N,,3170000-104-2011-00021,,3170000,"서울특별시 금천구 가산디지털1로 168 (가산동,우림라이온스밸리 C-104B)",08507,01,영업/정상,일반조리판매,,,,
,,카페홀릭,커피숍,2010-04-30,189722.178532426,441920.972770099,2026-05-01 22:35:36,I,02,폐업,50.84,,,,,,,,,2009-11-23 09:46:20,2009-11-02,50.84,153-769,서울특별시 금천구 가산동 60-19 SJ테크노빌 B129호,N,,3170000-104-2009-00072,,3170000,,,03,폐업,커피숍,02-3397-3384,,,상수도전용
,,바이츠커피 서초점,커피숍,2025-02-10,200676.258231849,443037.541148211,2026-05-01 22:46:06,I,02,폐업,349.22,,,,,,,,,2025-02-10 11:18:23,2021-01-05,349.22,137-872,서울특별시 서초구 서초동 1540-7 다안빌딩 1~2층,Y,,3210000-104-2021-00002,,3210000,"서울특별시 서초구 반포대로 105, 다안빌딩 1~2층 (서초동)",06656,03,폐업,커피숍,,,,
주택가주변,,랑쁠리원두커피점,다방,,203582.804762449,441957.118489644,2026-05-01 22:43:42,I,01,영업,46.84,,,,1,자율,,,,2001-09-29 00:00:00,1993-07-01,46.84,137-890,서울특별시 서초구 양재동 82-8,N,0,3210000-104-1993-01042,,3210000,서울특별시 서초구 바우뫼로 200 (양재동),06747,01,영업/정상,다방,02-0579-8193,,,상수도전용
기타,,비너스,다방,1992-11-10,198723.668750242,443552.067631055,2026-05-01 22:43:39,I,02,폐업,88,,,,2,기타,,,,2001-09-29 00:00:00,1992-01-15,88.00,137-829,서울특별시 서초구 방배동 769-24,N,1,3210000-104-1992-01175,,3210000,,,03,폐업,다방,02-0594-6243,,,상수도전용
,,샌드랑,기타 휴게음식점,2023-03-19,203392.793460583,440676.379919661,2026-05-01 22:46:12,I,02,폐업,10,,,,,,,,,2023-03-20 04:15:09,2023-03-08,10.00,137-787,서울특별시 서초구 양재동 232 AT센터 1층,N,,3210000-104-2023-00063,,3210000,"서울특별시 서초구 강남대로 27, AT센터 1층 (양재동)",06774,03,폐업,기타 휴게음식점,,,,
,,윤영실레시피,백화점,2023-01-11,200250.447804795,444683.220506107,2026-05-01 22:46:11,I,02,폐업,6,,,,,,,,,2023-01-11 17:03:28,2023-01-05,6.00,137-960,서울특별시 서초구 반포동 19-3 센트럴시티,N,,3210000-104-2023-00004,,3210000,"서울특별시 서초구 신반포로 176, 신세계백화점 강남점 지하1층 (반포동)",06546,03,폐업,백화점,,,,
,,퍼프더매직드래곤(Puff the Magic Dragon),커피숍,2008-03-28,203151.601114652,441462.041168114,2026-05-01 22:44:49,I,02,폐업,65.28,,,,0,,,,,2007-02-07 00:00:00,2007-02-07,65.28,137-891,서울특별시 서초구 양재동 120-11 1층,N,0,3210000-104-2007-00011,,3210000,,,03,폐업,커피숍,02-538-3599,,,상수도전용
,,스타 휴게실,일반조리판매,2006-11-28,202580.644821513,443264.557852558,2026-05-01 22:44:45,I,02,폐업,30.24,,,,0,,,,,2006-11-28 00:00:00,2006-03-23,30.24,137-860,서울특별시 서초구 서초동 1337-22 비-120,N,0,3210000-104-2006-00033,,3210000,,,03,폐업,일반조리판매,,,,
,,창화당,백화점,2008-08-19,200250.447804795,444683.220506107,2026-05-01 22:44:57,I,02,폐업,4.95,,,,,,,,,2008-08-08 17:38:41,2008-08-08,4.95,137-713,서울특별시 서초구 반포동 19-3 신세계강남점 지하1층내,N,,3210000-104-2008-00115,,3210000,,,03,폐업,백화점,,,,
주택가주변,,로망스베이커리,과자점,2000-11-02,200667.397732958,442745.373058982,2026-05-01 22:43:36,I,02,폐업,44.1,,,,1,지도,,,,2001-09-29 00:00:00,1990-03-08,44.10,137-871,서울특별시 서초구 서초동 1523-7,N,1,3210000-104-1990-01925,,3210000,,,03,폐업,과자점,02-0582-6201,,,상수도전용
주택가주변,,영다방,다방,2006-12-13,203720.065,441266.785,2026-05-01 22:43:31,I,02,폐업,100.62,,,,2,우수,,,,2004-05-03 00:00:00,1988-03-11,100.62,137-894,서울특별시 서초구 양재동 255-6,N,1,3210000-104-1988-01481,,3210000,,,03,폐업,다방,02-0577-3354,,,상수도전용
,,전통찻집,전통찻집,2010-12-21,204995.272423887,437864.710924867,2026-05-01 22:44:49,I,02,폐업,49.55,,,,0,,,,,2006-12-15 00:00:00,2006-12-15,49.55,137-150,서울특별시 서초구 원지동 397 2층,N,0,3210000-104-2006-00157,,3210000,,,03,폐업,전통찻집,,,,상수도전용
,,책사랑,일반조리판매,2011-05-31,201849.865701888,445237.646594155,2026-05-01 22:45:10,I,02,폐업,6.6,,,,,,,,,2010-08-06 14:46:16,2010-08-06,6.60,137-809,서울특별시 서초구 반포동 722-3 외1필지 삼영빌딩,N,,3210000-104-2010-00161,,3210000,,,03,폐업,일반조리판매,02-546-1749,,,
,,타바론코리아주식회사,전통찻집,2013-04-09,200250.447804795,444683.220506107,2026-05-01 22:45:14,I,02,폐업,13.22,,,,,,,,,2011-02-23 16:49:02,2011-02-23,13.22,137-713,서울특별시 서초구 반포동 19-3 신세계백화점 지하1층,N,,3210000-104-2011-00026,,3210000,,,03,폐업,전통찻집,02-518-0819,,,
,,떼르조나 TERZONA,커피숍,,200540.616874163,442308.717567848,2026-05-01 22:46:19,I,01,영업,180.2,,,,,,,,,2025-07-18 14:13:14,2024-12-17,180.20,137-869,서울특별시 서초구 서초동 1487-6 1층,N,,3210000-104-2024-00437,,3210000,"서울특별시 서초구 효령로 208, 1층 (서초동)",06708,01,영업/정상,커피숍,,,,
,,치보디빤제로띠,패스트푸드,,200250.447804795,444683.220506107,2026-05-01 22:45:35,I,01,영업,7,,,,,,,,,2015-11-12 15:10:52,2015-11-12,7.00,137-713,서울특별시 서초구 반포동 19-3 지하1층 신세계백화점 강남점,Y,,3210000-104-2015-00290,,3210000,"서울특별시 서초구 신반포로 176, 지하1층 (반포동, 신세계백화점 강남점)",06546,01,영업/정상,패스트푸드,,,,
,,그린라면,일반조리판매,2006-12-22,203809.587067835,441408.950460892,2026-05-01 22:44:48,I,02,폐업,24.83,,,,0,,,,,2006-10-02 00:00:00,2006-10-02,24.83,137-895,서울특별시 서초구 양재동 271 1층,N,0,3210000-104-2006-00115,,3210000,,,03,폐업,일반조리판매,02-571-2206,,,상수도전용
,,GS25 방배제일점,편의점,,199427.02505238,442540.946286849,2026-05-01 22:45:15,I,01,영업,3,,,,,,,,,2014-01-03 14:14:12,2011-05-12,3.00,137-843,서울특별시 서초구 방배동 926-5 (1층),N,,3210000-104-2011-00099,,3210000,서울특별시 서초구 방배로19길 13 (방배동),06682,01,영업/정상,편의점,02-521-4933,,,
,,빚은방배역점,패스트푸드,2022-12-19,199563.715754841,442383.113143394,2026-05-01 22:44:59,I,02,폐업,29.7,,,,,,,,,2022-12-19 10:36:45,2009-02-11,29.70,137-843,서울특별시 서초구 방배동 924-11 110호,N,,3210000-104-2009-00020,,3210000,"서울특별시 서초구 방배로 107, 110호 (방배동)",06683,03,폐업,패스트푸드,02-588-0199,,,
,,밸런티,기타 휴게음식점,2022-05-08,200250.447804795,444683.220506107,2026-05-01 22:46:09,I,02,폐업,0,,,,,,,,,2022-05-09 04:15:09,2022-04-27,.00,137-713,서울특별시 서초구 반포동 19-3 지하1층,N,,3210000-104-2022-00129,,3210000,"서울특별시 서초구 신반포로 176, 지하1층 (반포동)",06546,03,폐업,기타 휴게음식점,,,,
,,(주)뽀로로파크 롯데마트맥스 금천점,키즈카페,,190704.904312713,440940.384414334,2026-05-01 22:36:26,I,01,영업,96.33,,,,,,,,,2024-07-15 15:08:27,2021-06-09,96.33,153-813,서울특별시 금천구 독산동 295-10 롯데VIC마켓금천점,N,,3170000-104-2021-00063,,3170000,"서울특별시 금천구 두산로 71, 롯데VIC마켓금천점 지상3층 (독산동)",08524,01,영업/정상,키즈카페,02-855-4173,,,
,,파운데이 서초점,커피숍,,202282.438855114,442821.66007849,2026-05-01 22:46:11,I,01,영업,163.68,,,,,,,,,2025-06-05 11:14:26,2022-11-25,163.68,137-861,서울특별시 서초구 서초동 1343-5 1층,N,,3210000-104-2022-00366,,3210000,"서울특별시 서초구 서운로11길 34, 1층 (서초동)",06727,01,영업/정상,커피숍,,,,
,,라이스존,과자점,2004-09-10,199788.337062625,441943.697667396,2026-05-01 22:44:32,I,02,폐업,28.5,,,,0,,,,,2003-11-25 00:00:00,2003-08-25,28.50,137-848,서울특별시 서초구 방배동 982-2 (1층),N,0,3210000-104-2003-00116,,3210000,,,03,폐업,과자점,02-3486-3380,,,상수도전용
주택가주변,,은다실,다방,1997-10-08,191823.026849977,438834.378061101,2026-05-01 22:34:54,I,02,폐업,83.18,,,,0,지도,,,,2005-08-22 00:00:00,1973-10-11,83.18,153-841,서울특별시 금천구 시흥동 831-6,N,0,3170000-104-1973-00198,,3170000,,,03,폐업,다방,02-802-5119,,,상수도전용
,,(주)케이앤티씨푸드(행사),일반조리판매,2004-06-25,200250.447804795,444683.220506107,2026-05-01 22:44:36,I,02,폐업,13.2,,,,0,,,,,2004-06-17 00:00:00,2004-06-17,13.20,137-713,서울특별시 서초구 반포동 19-3 신세계백화점강남점 지하1층 행사매장내,N,0,3210000-104-2004-00057,,3210000,,,03,폐업,일반조리판매,,,,상수도전용
,,GS25 이수고가점,편의점,,198485.718658225,443871.188105515,2026-05-01 22:45:36,I,01,영업,9,,,,,,,,,2016-12-20 14:15:49,2015-11-18,9.00,137-828,서울특별시 서초구 방배동 753-5 외 1필지 1층,Y,,3210000-104-2015-00305,,3210000,"서울특별시 서초구 동작대로 230, 1층 (방배동)",06551,01,영업/정상,편의점,,,,
,,미당,기타 휴게음식점,2022-06-12,200250.447804795,444683.220506107,2026-05-01 22:46:10,I,02,폐업,0,,,,,,,,,2022-06-13 04:15:09,2022-05-24,.00,137-713,서울특별시 서초구 반포동 19-3 신세계백화점 강남점 지하1층,N,,3210000-104-2022-00158,,3210000,"서울특별시 서초구 신반포로 176, 신세계백화점 강남점 지하1층 (반포동)",06546,03,폐업,기타 휴게음식점,,,,
,,서울호떡,기타 휴게음식점,2022-11-10,200250.447804795,444683.220506107,2026-05-01 22:46:11,I,02,폐업,0,,,,,,,,,2022-11-11 04:15:09,2022-11-01,.00,137-960,서울특별시 서초구 반포동 19-3 센트럴시티,N,,3210000-104-2022-00343,,3210000,"서울특별시 서초구 신반포로 176, 신세계백화점 강남점 지하1층 (반포동)",06546,03,폐업,기타 휴게음식점,,,,
기타,,금천스넥,일반조리판매,2001-11-22,191298.60704052,438436.109390506,2026-05-01 22:35:15,I,02,폐업,28.08,,,,0,을,,,,2002-01-11 00:00:00,1995-09-26,28.08,153-864,서울특별시 금천구 시흥동 986-4,N,0,3170000-104-1995-00049,,3170000,,,03,폐업,일반조리판매,02-891-5792,,,상수도전용
,,스노우빈,커피숍,,199063.022379487,443178.144113876,2026-05-01 22:46:20,I,01,영업,29.56,,,,,,,,,2025-03-13 17:19:31,2025-03-13,29.56,137-832,서울특별시 서초구 방배동 815-35 방배엘리제 B동 1층 105호,N,,3210000-104-2025-00098,,3210000,"서울특별시 서초구 동광로18길 25, B동 1층 105호 (방배동, 방배엘리제)",06562,01,영업/정상,커피숍,,,,
,,파케파케,커피숍,2024-01-22,201716.884035376,444722.613220659,2026-05-01 22:46:10,I,02,폐업,13.2,,,,,,,,,2024-01-22 13:52:24,2022-07-15,13.20,137-810,서울특별시 서초구 반포동 732-20,N,,3210000-104-2022-00228,,3210000,"서울특별시 서초구 주흥길 16, 지층 103호 (반포동)",06540,03,폐업,커피숍,,,,
,,파파존스 플래티넘,패스트푸드,2019-02-27,202152.435828986,443826.911881224,2026-05-01 22:45:45,I,02,폐업,19.8,,,,,,,,,2019-02-27 15:25:46,2016-12-15,19.80,137-857,서울특별시 서초구 서초동 1321-11 지하1층 101호 내 4호,Y,,3210000-104-2016-00482,,3210000,"서울특별시 서초구 서초대로 398, 지하1층 101호 내 4호 (서초동)",06619,03,폐업,패스트푸드,,,,
,,이지웨이 홈플러스 금천점,기타 휴게음식점,2017-06-30,190809.507840375,440728.382273075,2026-05-01 22:35:48,I,02,폐업,18.55,,,,,,,,,2017-06-30 15:29:22,2014-03-20,18.55,153-813,서울특별시 금천구 독산동 291-7 홈플러스 금천점 지상2층,N,,3170000-104-2014-00010,,3170000,"서울특별시 금천구 시흥대로 391, 지상2층 (독산동, 홈플러스금천점 xEy10호 )",08584,03,폐업,기타 휴게음식점,070-8666-0055,,,상수도전용
,,할리스 가산대륭 22차점,커피숍,,189590.415184668,441837.131445595,2026-05-01 22:36:31,I,01,영업,170.66,,,,,,,,,2023-03-06 14:49:38,2023-03-06,170.66,153-803,서울특별시 금천구 가산동 371-63,N,,3170000-104-2023-00029,,3170000,"서울특별시 금천구 가산디지털1로 146, 109,110,111호 (가산동)",08507,01,영업/정상,커피숍,,,,
,,탐앤탐스 반포스타점,커피숍,2018-11-12,200919.342277511,444457.838191581,2026-05-01 22:45:24,I,02,폐업,227.69,,,,,,,,,2018-11-12 16:55:35,2013-08-05,227.69,137-803,서울특별시 서초구 반포동 52-1 1층,N,,3210000-104-2013-00131,,3210000,"서울특별시 서초구 고무래로 26, 1층 (반포동)",06593,03,폐업,커피숍,,,,
,,티아레타히티,커피숍,2004-08-04,201879.526101734,442791.998369695,2026-05-01 22:44:36,I,02,폐업,167,,,,0,,,,,2004-04-16 00:00:00,2004-04-16,167.00,137-877,서울특별시 서초구 서초동 1617-55 (지상1층),N,0,3210000-104-2004-00029,,3210000,,,03,폐업,커피숍,02-587-1617,,,상수도전용
,,브라더또띠아,기타 휴게음식점,2024-05-09,203392.793460583,440676.379919661,2026-05-01 22:45:59,I,02,폐업,3.3,,,,,,,,,2024-05-09 17:04:01,2018-12-26,3.30,137-787,서울특별시 서초구 양재동 232 AT센터 1층,N,,3210000-104-2018-00423,,3210000,"서울특별시 서초구 강남대로 27, AT센터 1층 (양재동)",06774,03,폐업,기타 휴게음식점,,,,
주택가주변,,오경,일반조리판매,1997-05-20,198791.788015494,444392.672548989,2026-05-01 22:43:42,I,02,폐업,9,,,,0,기타,,,,2001-09-29 00:00:00,1993-09-15,9.00,137-811,서울특별시 서초구 반포동 1141-0,N,0,3210000-104-1993-00754,,3210000,,,03,폐업,일반조리판매,02-536-0931,,,상수도전용
,,조샌드위치(Joe's Sandwich),커피숍,2006-01-18,203520.421387974,441777.123981334,2026-05-01 22:44:34,I,02,폐업,92.61,,,,0,,,,,2004-03-26 00:00:00,2003-11-14,92.61,137-890,서울특별시 서초구 양재동 92-1 민우빌딩 1층,N,0,3210000-104-2003-00165,,3210000,,,03,폐업,커피숍,,,,상수도전용
,,예인 F＆B,기타 휴게음식점,2008-04-25,190809.507840375,440728.382273075,2026-05-01 22:35:33,I,02,폐업,25.69,,,,,,,,,2007-10-15 10:34:31,2007-08-20,25.69,153-813,서울특별시 금천구 독산동 291-7 삼성홈플러스 1층 (시흥대로 296),N,,3170000-104-2007-00042,,3170000,,,03,폐업,기타 휴게음식점,02-2635-4767,,,
,,ENCOBA(엔코바),커피숍,,189522.336721798,441654.010373182,2026-05-01 22:35:44,I,01,영업,104.03,,,,,,,,,2020-01-29 09:55:35,2012-05-14,104.03,153-803,"서울특별시 금천구 가산동 371-17 BYC HIGHCITY 127,128호",N,,3170000-104-2012-00040,,3170000,"서울특별시 금천구 가산디지털1로 131, BYC HIGHCITY 127,128호 (가산동)",08506,01,영업/정상,커피숍,070-7425-0520,,,
기타,,길,다방,1998-05-23,203830.723321642,441321.62991586,2026-05-01 22:43:30,I,02,폐업,112.6,,,,2,지도,,,,2001-09-29 00:00:00,1988-11-04,112.60,137-896,서울특별시 서초구 양재동 306-13,N,0,3210000-104-1988-00984,,3210000,,,03,폐업,다방,02-0572-1999,,,상수도전용
,,메가엠지씨커피 서울교대사거리점,커피숍,,201247.715304571,442893.421443575,2026-05-01 22:46:14,I,01,영업,52.8,,,,,,,,,2023-09-22 11:00:27,2023-09-22,52.80,137-878,서울특별시 서초구 서초동 1624-1 영빌딩,N,,3210000-104-2023-00305,,3210000,"서울특별시 서초구 서초중앙로 72, 영빌딩 1층 101호 (서초동)",06640,01,영업/정상,커피숍,,,,
,,모이또피자,일반조리판매,2021-12-01,200250.447804795,444683.220506107,2026-05-01 22:44:55,I,02,폐업,8,,,,,,,,,2021-12-06 14:29:25,2008-03-14,8.00,137-713,서울특별시 서초구 반포동 19-3 신세계백화점 강남점 행사,N,,3210000-104-2008-00035,,3210000,"서울특별시 서초구 신반포로 176 (반포동,신세계백화점 강남점 행사)",06546,03,폐업,일반조리판매,02-3479-1205,,,상수도전용
,,떼루와 우면2호점,커피숍,2017-10-30,201290.205018488,439400.974144411,2026-05-01 22:45:38,I,02,폐업,24.89,,,,,,,,,2017-10-30 14:44:58,2016-02-18,24.89,137-140,서울특별시 서초구 우면동 755 1층 106호,N,,3210000-104-2016-00054,,3210000,"서울특별시 서초구 양재대로2길 100-48, 1층 106호 (우면동, 서초디벨리움 오피스텔)",06767,03,폐업,커피숍,,,,
,,더수프(The Soup),일반조리판매,2026-04-24,202459.257859185,443620.263219246,2026-05-01 22:44:52,I,02,폐업,67.08,,,,,,,,,2026-04-24 10:24:51,2007-08-20,67.08,137-858,서울특별시 서초구 서초동 1328-11 대우도씨에빛 Ⅱ1층109호,N,,3210000-104-2007-00101,,3210000,"서울특별시 서초구 강남대로 359 (서초동,대우도씨에빛 Ⅱ1층109호)",06621,03,폐업,일반조리판매,02-0598-2442,,,상수도전용
,,보떼가 젤라또,커피숍,2019-04-08,201537.311162037,443546.420359242,2026-05-01 22:45:26,I,02,폐업,42.9,,,,,,,,,2019-04-08 14:12:05,2014-07-25,42.90,137-881,서울특별시 서초구 서초동 1676-6 1층,N,,3210000-104-2014-00157,,3210000,"서울특별시 서초구 서초중앙로22길 77, 1층 (서초동)",,03,폐업,커피숍,,,,
주택가주변,,63하이퍼마켓,과자점,1997-09-09,203342.695983882,442297.080663687,2026-05-01 22:43:45,I,02,폐업,64.72,,,,2,자율,,,,2001-09-29 00:00:00,1994-04-19,64.72,137-887,서울특별시 서초구 양재동 9-0,N,4,3210000-104-1994-01948,,3210000,,,03,폐업,과자점,02-529-0063,,,상수도전용
,,호떡명가,일반조리판매,2011-04-29,190809.507840375,440728.382273075,2026-05-01 22:35:37,I,02,폐업,8.4,,,,,,,,,2010-09-10 10:20:41,2010-08-12,8.40,153-813,서울특별시 금천구 독산동 291-7 홈플러스 금천점 지상1층,N,,3170000-104-2010-00052,,3170000,,,03,폐업,일반조리판매,02-890-8114,,,상수도전용
,,현대슈퍼,편의점,2008-03-26,198559.162065371,442790.053598246,2026-05-01 22:44:46,I,02,폐업,3.3,,,,0,,,,,2006-09-06 00:00:00,2006-07-06,3.30,137-852,서울특별시 서초구 방배동 1424 1층,N,0,3210000-104-2006-00075,,3210000,,,03,폐업,편의점,02-593-1690,,,상수도전용
,,해피플레이스,커피숍,2017-09-25,189943.546219232,441990.817436962,2026-05-01 22:36:00,I,02,폐업,67.3,,,,,,,,,2017-09-25 15:08:03,2017-01-04,67.30,153-801,서울특별시 금천구 가산동 60-44 이앤씨드림타워7차 지상1층 109호,N,1,3170000-104-2017-00001,,3170000,"서울특별시 금천구 디지털로9길 46, 지상1층 109호 (가산동, 이앤씨드림타워7차)",08512,03,폐업,커피숍,,,,상수도전용
,,옥분식,일반조리판매,2010-08-19,191582.382999227,438369.284661472,2026-05-01 22:35:35,I,02,폐업,9,,,,,,,,,2009-07-15 11:09:18,2009-05-12,9.00,153-846,서울특별시 금천구 시흥동 438-226 지상1층,N,,3170000-104-2009-00031,,3170000,,,03,폐업,일반조리판매,02-808-5712,,,상수도전용
기타,,튜브웨이,일반조리판매,2011-05-30,201126.224187419,443413.434839401,2026-05-01 22:44:21,I,02,폐업,9.57,,,,,기타,,,,2001-04-24 00:00:00,2001-04-24,9.57,137-874,서울특별시 서초구 서초동 1573-11 지하철교대역 구판장내,N,,3210000-104-2001-15714,,3210000,,,03,폐업,일반조리판매,02-587-8198,,,
,,황가네호떡,일반조리판매,,200250.447804795,444683.220506107,2026-05-01 22:44:29,I,01,영업,6.6,,,,0,,,,,2003-03-27 00:00:00,2003-03-25,6.60,137-713,서울특별시 서초구 반포동 19-3 신세계백화점 지하1층 식품코너,N,0,3210000-104-2003-00049,,3210000,"서울특별시 서초구 신반포로 176 (반포동,신세계백화점 지하1층 식품코너)",06546,01,영업/정상,일반조리판매,031-921-0990,,,상수도전용
,,쥬씨(강남교보타워점),기타 휴게음식점,2019-12-27,202086.133719824,444484.604437589,2026-05-01 22:45:34,I,02,폐업,26.4,,,,,,,,,2019-12-27 11:46:43,2015-09-23,26.40,137-855,서울특별시 서초구 서초동 1303-36 트라이랜드빌딩 1층102호,N,,3210000-104-2015-00229,,3210000,"서울특별시 서초구 서초대로77길 58, 1층 102호 (서초동, 트라이랜드빌딩)",06611,03,폐업,기타 휴게음식점,,,,
,,FARM,푸드트럭,2022-05-03,199512.055421857,445283.167984819,2026-05-01 22:46:00,I,02,폐업,10,,,,,,,,,2022-05-03 14:32:06,2019-06-11,10.00,137-040,서울특별시 서초구 반포동 115-5 반포한강공원,N,,3210000-104-2019-00167,,3210000,"서울특별시 서초구 신반포로11길 40, 반포한강공원 (반포동)",06500,03,폐업,푸드트럭,,,,
주택가주변,,도르피자,패스트푸드,2004-04-21,191901.802729439,438728.805383163,2026-05-01 22:35:16,I,02,폐업,25.31,,,,0,을,,,,2005-08-24 00:00:00,1995-04-29,25.31,153-859,서울특별시 금천구 시흥동 912-0,N,0,3170000-104-1995-00442,,3170000,,,03,폐업,패스트푸드,02-802-6940,,,상수도전용
주택가주변,,삼복분식,일반조리판매,1996-12-23,201073.858585438,443268.549158104,2026-05-01 22:43:52,I,02,폐업,58.83,,,,,기타,,,,2001-09-29 00:00:00,1996-05-16,58.83,137-874,서울특별시 서초구 서초동 1570-14,N,,3210000-104-1996-00674,,3210000,,,03,폐업,일반조리판매,02-521-1796,,,상수도전용
,,르데스크 서초,커피숍,2023-05-22,199532.688382158,442597.282175761,2026-05-01 22:46:08,I,02,폐업,69.97,,,,,,,,,2023-05-22 16:21:43,2022-03-08,69.97,137-842,서울특별시 서초구 방배동 902-2 1층,N,,3210000-104-2022-00063,,3210000,"서울특별시 서초구 방배로20길 8-6, 1층 (방배동)",06664,03,폐업,커피숍,,,,
기타,,오렌지다방,다방,2004-12-01,191226.287379467,437914.06299827,2026-05-01 22:35:06,I,02,폐업,57.45,,,,2,을,,,,2004-09-21 00:00:00,1988-08-25,57.45,153-863,서울특별시 금천구 시흥동 984-0 시흥산업용재유통센타 지원상가 BB-3,N,0,3170000-104-1988-00217,,3170000,,,03,폐업,다방,02-806-4433,,,상수도전용
,,언제나 꽃 강남점,커피숍,,202504.273369185,443502.040030798,2026-05-01 22:46:12,I,01,영업,72,,,,,,,,,2023-04-20 12:17:43,2023-04-20,72.00,137-858,서울특별시 서초구 서초동 1329-6 삼양빌딩 1층 2호,N,,3210000-104-2023-00108,,3210000,"서울특별시 서초구 강남대로 345, 1층 2호 (서초동)",06626,01,영업/정상,커피숍,,,,
,,나뚜루 빅마켓금천점,기타 휴게음식점,2015-01-23,190704.904312713,440940.384414334,2026-05-01 22:35:45,I,02,폐업,43,,,,,,,,,2014-12-22 16:02:22,2012-03-12,43.00,153-813,서울특별시 금천구 독산동 295-10 롯데마트빅마켓금천점 3층,N,,3170000-104-2012-00056,,3170000,"서울특별시 금천구 두산로 71 (독산동, 롯데마트빅마켓금천점 3층)",08524,03,폐업,기타 휴게음식점,,,,
주택가주변,,아리랑,다방,2015-12-04,191443.112212043,437901.086256157,2026-05-01 22:35:06,I,02,폐업,51.51,,,,3,자율,,,,2014-12-23 13:52:02,1988-04-29,51.51,153-861,서울특별시 금천구 시흥동 940-4,N,0,3170000-104-1988-00305,,3170000,서울특별시 금천구 시흥대로 102 (시흥동),08651,03,폐업,다방,02-808-8392,,,상수도전용
,,빽다방 가산그레이트점,커피숍,,189982.344533404,441928.69040241,2026-05-01 22:36:29,I,01,영업,30.5,,,,,,,,,2022-04-15 11:20:30,2022-04-15,30.50,153-709,서울특별시 금천구 가산동 60-5 갑을그레이트밸리 105호,N,,3170000-104-2022-00039,,3170000,"서울특별시 금천구 디지털로9길 32, 갑을그레이트밸리 1층 105호 (가산동)",08512,01,영업/정상,커피숍,,,,
,,송현,기타 휴게음식점,2024-11-29,200996.974700931,444526.688404154,2026-05-01 22:46:18,I,02,폐업,15,,,,,,,,,2024-11-29 09:11:27,2024-09-02,15.00,137-801,서울특별시 서초구 반포동 30-25 1층 101호 GS슈퍼 서초점 내,N,,3210000-104-2024-00317,,3210000,"서울특별시 서초구 서초중앙로 238, 1층 101호 GS슈퍼 서초점 내 (반포동)",06597,03,폐업,기타 휴게음식점,,,,
기타,,진영식품코너,일반조리판매,2004-12-30,200576.608647619,445241.8984183,2026-05-01 22:44:21,I,02,폐업,5.4,,,,,기타,,,,2004-07-28 00:00:00,2001-05-19,5.40,137-908,서울특별시 서초구 잠원동 70-2 뉴코아(킴스) 지하1층식품매장,N,,3210000-104-2001-15770,,3210000,,,03,폐업,일반조리판매,02-530-5000,,,
,,왕코미네탕후루,일반조리판매,2025-07-18,192292.160319869,438640.669575446,2026-05-01 22:36:34,I,02,폐업,36.28,,,,,,,,,2025-07-17 20:09:23,2023-08-21,36.28,153-844,서울특별시 금천구 시흥동 269-3,N,,3170000-104-2023-00114,,3170000,"서울특별시 금천구 금하로 756, 지상1층 일부호 (시흥동)",08645,03,폐업,일반조리판매,,,,
,,가람 해물칼국수,커피숍,2019-07-15,204088.276761362,441082.497823716,2026-05-01 22:45:25,I,02,폐업,58.5,,,,,,,,,2019-07-15 13:28:15,2014-01-02,58.50,137-899,서울특별시 서초구 양재동 391-2 1층 102호 102호,N,,3210000-104-2014-00001,,3210000,"서울특별시 서초구 동산로16길 10, 1층 (양재동)",06784,03,폐업,커피숍,,,,
,,오도레,커피숍,,201038.268003936,442863.486446246,2026-05-01 22:44:27,I,01,영업,37.95,,,,0,,,,,2020-06-04 18:34:17,2002-09-11,37.95,137-875,서울특별시 서초구 서초동 1580-6 (1층),N,0,3210000-104-2002-00109,,3210000,"서울특별시 서초구 사임당로 21 (서초동,(1층))",06649,01,영업/정상,커피숍,02-3474-1566,,,상수도전용
,,브라운 브릭스,커피숍,,202245.377899369,442987.986999742,2026-05-01 22:46:12,I,01,영업,9.5,,,,,,,,,2023-01-18 15:30:24,2023-01-18,9.50,137-859,서울특별시 서초구 서초동 1335 지하1층 B114호,N,,3210000-104-2023-00015,,3210000,"서울특별시 서초구 효령로 403, 서초그랑자이상가 B114호 (서초동)",06630,01,영업/정상,커피숍,,,,
기타,,커피프러스,다방,2000-04-15,201512.509249379,443670.576933767,2026-05-01 22:43:39,I,02,폐업,41.38,,,,3,자율,,,,2000-04-15 00:00:00,1992-06-11,41.38,137-882,서울특별시 서초구 서초동 1689-2,N,0,3210000-104-1992-01022,,3210000,,,03,폐업,다방,02-0000-0000,,,상수도전용
기타,,샤카블랑쉬,다방,1999-02-12,201501.672660443,442505.573142545,2026-05-01 22:43:56,I,02,폐업,49.22,,,,0,기타,,,,2001-09-29 00:00:00,1997-05-27,49.22,137-866,서울특별시 서초구 서초동 1445-3,N,0,3210000-104-1997-00793,,3210000,,,03,폐업,다방,02-536-9388,,,상수도전용
기타,,지하철다방,다방,1993-11-23,203042.247967423,442417.35250929,2026-05-01 22:43:34,I,02,폐업,121.64,,,,4,지도,,,,2001-09-29 00:00:00,1989-05-17,121.64,137-887,서울특별시 서초구 양재동 12-11,N,0,3210000-104-1989-01527,,3210000,,,03,폐업,다방,02-0572-8765,,,상수도전용
,,달리는 커피,커피숍,2019-10-18,191010.532540298,441628.615338719,2026-05-01 22:36:02,I,02,폐업,28.96,,,,1,,,,,2019-10-18 17:43:57,2017-01-20,28.96,153-823,서울특별시 금천구 독산동 967 지상1층,N,1,3170000-104-2017-00006,,3170000,"서울특별시 금천구 시흥대로 484, 지상1층 (독산동)",08540,03,폐업,커피숍,,,,
유흥업소밀집지역,,영정휴게실,일반조리판매,1995-05-10,202536.876907026,443239.168512915,2026-05-01 22:43:44,I,02,폐업,117.5,,,,2,자율,,,,2001-09-29 00:00:00,1994-11-04,117.50,137-860,서울특별시 서초구 서초동 1337-8,N,1,3210000-104-1994-00721,,3210000,,,03,폐업,일반조리판매,02-0556-1994,,,상수도전용
기타,,홈플러스스토어즈(주),일반조리판매,2026-02-04,191152.432649234,438865.160717275,2026-05-01 22:35:24,I,02,폐업,45.3,,,,3,기타,,,,2026-02-04 11:00:36,2001-09-11,45.30,153-864,서울특별시 금천구 시흥동 992-47,N,3,3170000-104-2001-06868,,3170000,"서울특별시 금천구 시흥대로 201, 지하1층 (시흥동)",08632,03,폐업,일반조리판매,02-6957-8311,,,상수도전용
,,예스플러스독산점,기타 휴게음식점,2014-06-13,190629.409327883,441116.684830208,2026-05-01 22:35:35,I,02,폐업,3.2,,,,,,,,,2011-06-08 15:11:38,2009-03-05,3.20,153-813,서울특별시 금천구 독산동 299-1 지상1층,N,,3170000-104-2009-00011,,3170000,"서울특별시 금천구 가산로3길 13 (독산동,지상1층)",08524,03,폐업,기타 휴게음식점,02-830-2274,,,상수도전용
,,옹골찬,일반조리판매,2013-05-07,200250.447804795,444683.220506107,2026-05-01 22:45:18,I,02,폐업,10,,,,,,,,,2013-05-07 11:51:38,2012-02-21,10.00,137-713,서울특별시 서초구 반포동 19-3 신세계백화점 B1,N,,3210000-104-2012-00024,,3210000,"서울특별시 서초구 신반포로 176, B1층 (반포동, 신세계백화점 )",06546,03,폐업,일반조리판매,,,,
,,누투,커피숍,2023-11-13,201623.588737046,443216.255086775,2026-05-01 22:46:00,I,02,폐업,45,,,,,,,,,2023-11-13 15:57:38,2019-04-26,45.00,137-880,서울특별시 서초구 서초동 1643-13 1층 2호,N,,3210000-104-2019-00121,,3210000,"서울특별시 서초구 사임당로19길 28-3, 1층 2호 (서초동)",06638,03,폐업,커피숍,02-586-0215,,,
,,빚은,전통찻집,2012-11-20,201145.842611759,443281.259707334,2026-05-01 22:45:21,I,02,폐업,85.06,,,,,,,,,2012-11-20 11:05:02,2012-11-20,85.06,137-875,서울특별시 서초구 서초동 1575-4 1층 102호,N,,3210000-104-2012-00172,,3210000,"서울특별시 서초구 서초중앙로 111, 1층 102호 (서초동)",,03,폐업,전통찻집,,,,
,,씨유 독산원룸점,편의점,,190015.593930105,441086.048531797,2026-05-01 22:36:08,I,01,영업,15,,,,,,,,,2018-03-12 15:49:40,2018-03-12,15.00,153-814,서울특별시 금천구 독산동 336-17,N,,3170000-104-2018-00033,,3170000,"서울특별시 금천구 가산로3길 137, 지상1층 (독산동)",08526,01,영업/정상,편의점,,,,
주택가주변,,타임,다방,1998-06-03,,,2026-05-01 22:43:53,I,02,폐업,48.84,,,,,기타,,,,2001-09-29 00:00:00,1996-08-20,48.84,137-130,서울특별시 서초구 양재동 산 20-34,N,,3210000-104-1996-00845,,3210000,,,03,폐업,다방,02-574-9118,,,상수도전용
,,르미엘커피,커피숍,2021-06-18,201136.275948302,443359.021941644,2026-05-01 22:45:19,I,02,폐업,221.06,,,,,,,,,2021-06-18 15:18:14,2012-07-06,221.06,137-875,"서울특별시 서초구 서초동 1574-14 1층,2층",N,,3210000-104-2012-00097,,3210000,"서울특별시 서초구 서초중앙로 119, 지상1,2층 (서초동)",06644,03,폐업,커피숍,,,,
,,씨유 가산에이스타워점,편의점,,189417.708595762,442309.174987731,2026-05-01 22:36:30,I,01,영업,3.3,,,,,,,,,2023-02-07 14:24:50,2023-02-07,3.30,153-803,서울특별시 금천구 가산동 470-5 에이스테크노타워10차,N,,3170000-104-2023-00013,,3170000,"서울특별시 금천구 가산디지털1로 196, 에이스테크노타워10차 1층 102-1,2호 (가산동)",08502,01,영업/정상,편의점,,,,
,,석관동떡볶이,백화점,2020-11-19,200250.447804795,444683.220506107,2026-05-01 22:46:03,I,02,폐업,6,,,,,,,,,2020-11-19 17:23:57,2020-02-26,6.00,137-713,서울특별시 서초구 반포동 19-3 신세계백화점 식품관,N,,3210000-104-2020-00057,,3210000,"서울특별시 서초구 신반포로 176, 신세계백화점 식품관 지하1층 (반포동)",06546,03,폐업,백화점,,,,
,,Coffee flying(커피플라잉),커피숍,2014-11-05,198955.315851593,443312.491583085,2026-05-01 22:44:58,I,02,폐업,12,,,,,,,,,2013-07-01 17:02:19,2009-02-03,12.00,137-832,서울특별시 서초구 방배동 814-8 101-1호,N,,3210000-104-2009-00015,,3210000,"서울특별시 서초구 동광로 56-1, 101-1호 (방배동)",06562,03,폐업,커피숍,,,,
,,BMM cafe,커피숍,2012-03-08,202099.252780012,443921.619035316,2026-05-01 22:45:08,I,02,폐업,9.24,,,,,,,,,2010-04-01 09:15:02,2010-04-01,9.24,137-745,서울특별시 서초구 서초동 1316-5 부띠크모나코  지하1층 나-1호일부,N,,3210000-104-2010-00054,,3210000,,,03,폐업,커피숍,,,,
,,카페아모제(행사),일반조리판매,2004-07-09,200250.447804795,444683.220506107,2026-05-01 22:44:37,I,02,폐업,6.6,,,,0,,,,,2004-07-02 00:00:00,2004-07-02,6.60,137-713,서울특별시 서초구 반포동 19-3 신세계백화점 지하1층 행사매장,N,0,3210000-104-2004-00064,,3210000,,,03,폐업,일반조리판매,02-3479-1568,,,상수도전용
,,cafe '끌림',커피숍,2011-03-07,203547.363484363,442217.441312753,2026-05-01 22:45:11,I,02,폐업,41,,,,,,,,,2010-11-09 09:27:52,2010-11-09,41.00,137-886,서울특별시 서초구 양재동 6-34 101호,N,,3210000-104-2010-00238,,3210000,,,03,폐업,커피숍,,,,
,,PASTEAK(파스테이크),푸드트럭,2018-10-26,201278.647889967,442099.753091778,2026-05-01 22:45:52,I,02,폐업,9,,,,,,,,,2018-10-26 17:19:38,2018-05-15,9.00,137-718,서울특별시 서초구 서초동 700 예술의전당,N,,3210000-104-2018-00171,,3210000,"서울특별시 서초구 남부순환로 2406, 예술의전당 (서초동)",06757,03,폐업,푸드트럭,,,,
,,GS25 잠원로얄점,편의점,,200753.638703338,445706.12537466,2026-05-01 22:45:50,I,01,영업,10,,,,,,,,,2020-06-22 21:58:24,2017-08-02,10.00,137-907,서울특별시 서초구 잠원동 63-34 로얄상가 1층 101호,N,,3210000-104-2017-00352,,3210000,"서울특별시 서초구 신반포로33길 62, 1층 101호 (잠원동, 로얄상가 )",06519,01,영업/정상,편의점,02-532-4147,,,
,,카페 센티모르(교대점),커피숍,2012-04-10,201202.803884712,443245.263236691,2026-05-01 22:45:14,I,02,폐업,265.26,,,,,,,,,2011-04-29 17:20:40,2011-03-24,265.26,137-881,"서울특별시 서초구 서초동 1656-6 지하1층, 1층, 2층",N,,3210000-104-2011-00054,,3210000,,,03,폐업,커피숍,070-8715-3832,,,
,,대표식당,일반조리판매,2011-02-08,201665.85755977,442745.359594317,2026-05-01 22:44:49,I,02,폐업,126,,,,0,,,,,2008-11-27 11:29:12,2007-02-23,126.00,137-877,서울특별시 서초구 서초동 1604-6 지하1층,N,0,3210000-104-2007-00018,,3210000,,,03,폐업,일반조리판매,02-588-3501,,,상수도전용
기타,,훼이모스아모스,과자점,1996-03-13,201107.634736928,443999.067092566,2026-05-01 22:43:48,I,02,폐업,5.4,,,,0,기타,,,,2001-09-29 00:00:00,1995-05-22,5.40,137-882,서울특별시 서초구 서초동 1685-3 삼풍백화점 지하동,N,0,3210000-104-1995-01786,,3210000,,,03,폐업,과자점,02-3471-5390,,,상수도전용
,,퍼블릭가산 삼청당,일반조리판매,,189930.50790426,441616.460710064,2026-05-01 22:36:37,I,01,영업,43.51,,,,,,,,,2024-09-05 13:05:49,2024-09-05,43.51,153-801,서울특별시 금천구 가산동 60-26,N,,3170000-104-2024-00096,,3170000,"서울특별시 금천구 디지털로 178, 지하1층 M-B130호 (가산동)",08513,01,영업/정상,일반조리판매,,,,
주택가주변,,빛나는맵시,다방,1993-10-30,203156.977003371,441653.109966912,2026-05-01 22:43:42,I,02,폐업,37.8,,,,1,자율,,,,2001-09-29 00:00:00,1993-05-27,37.80,137-889,서울특별시 서초구 양재동 70-0,N,0,3210000-104-1993-01053,,3210000,,,03,폐업,다방,02-0599-0702,,,상수도전용
,,주식회사 신이안루,기타 휴게음식점,2022-05-18,200250.447804795,444683.220506107,2026-05-01 22:46:10,I,02,폐업,0,,,,,,,,,2022-05-19 04:15:09,2022-05-02,.00,137-713,서울특별시 서초구 반포동 19-3 신세계백화점 지하1층,N,,3210000-104-2022-00135,,3210000,"서울특별시 서초구 신반포로 176, 신세계백화점 지하1층 (반포동)",06546,03,폐업,기타 휴게음식점,,,,
,,뮤제크로플,백화점,2021-10-12,200576.608647619,445241.8984183,2026-05-01 22:46:06,I,02,폐업,3.3,,,,,,,,,2021-10-12 16:25:49,2021-02-24,3.30,137-908,서울특별시 서초구 잠원동 70-2 뉴코아백화점 1관 B1층,N,,3210000-104-2021-00056,,3210000,"서울특별시 서초구 잠원로 51, 뉴코아백화점 1관 B1층 (잠원동)",06511,03,폐업,백화점,,,,
,,바다맛이야기,기타 휴게음식점,2022-07-27,200250.447804795,444683.220506107,2026-05-01 22:46:10,I,02,폐업,0,,,,,,,,,2022-07-28 04:15:09,2022-07-18,.00,137-713,서울특별시 서초구 반포동 19-3 지하1층,N,,3210000-104-2022-00230,,3210000,"서울특별시 서초구 신반포로 176, 지하1층 (반포동)",06546,03,폐업,기타 휴게음식점,,,,
기타,,다마트스넥,일반조리판매,1998-12-26,,,2026-05-01 22:43:56,I,02,폐업,29.51,,,,0,기타,,,,2001-09-29 00:00:00,1997-12-30,29.51,137-907,서울특별시 서초구 잠원동 57-0 대림상가1층,N,0,3210000-104-1997-00622,,3210000,,,03,폐업,일반조리판매,,,,상수도전용
,,원세컨드 양재본점,커피숍,2017-09-08,203255.966611428,441678.217977862,2026-05-01 22:45:27,I,02,폐업,66,,,,,,,,,2017-09-08 12:30:32,2014-09-17,66.00,137-891,서울특별시 서초구 양재동 108-6 1층,N,,3210000-104-2014-00187,,3210000,"서울특별시 서초구 바우뫼로 158, 1층 (양재동)",06753,03,폐업,커피숍,,,,
,,가배 팩토리,다방,,191074.032251871,439185.62129387,2026-05-01 22:35:47,I,01,영업,19.89,,,,,,,,,2013-08-12 15:30:26,2013-07-18,19.89,153-864,서울특별시 금천구 시흥동 999-45 지상1층,N,,3170000-104-2013-00050,,3170000,"서울특별시 금천구 금하로 617-2 (시흥동, 지상1층)",08614,01,영업/정상,다방,,,,상수도전용
,,베이크 더 샵(BAKE the SHOP),백화점,,200250.447804795,444683.220506107,2026-05-01 22:46:16,I,01,영업,21.15,,,,,,,,,2024-02-08 16:35:00,2024-02-08,21.15,137-960,서울특별시 서초구 반포동 19-3 센트럴시티,N,,3210000-104-2024-00049,,3210000,"서울특별시 서초구 신반포로 176, 신세계백화점 강남점 지하1층 (반포동)",06546,01,영업/정상,백화점,02-540-6677,,,
기타,,선일다방,다방,2016-02-01,192222.412142273,438679.749567605,2026-05-01 22:35:03,I,02,폐업,81.11,,,,3,지도,,,,2016-02-01 10:40:58,1984-09-15,81.11,153-844,서울특별시 금천구 시흥동 262-1,N,1,3170000-104-1984-00321,,3170000,서울특별시 금천구 금하로 747-1 (시흥동),08656,03,폐업,다방,02-0805-9667,,,상수도전용
,,주식회사지오에프앤씨,기타 휴게음식점,2022-09-22,200250.447804795,444683.220506107,2026-05-01 22:46:11,I,02,폐업,0,,,,,,,,,2022-09-23 04:15:08,2022-09-05,,137-960,서울특별시 서초구 반포동 19-3 센트럴시티,N,,3210000-104-2022-00282,,3210000,"서울특별시 서초구 신반포로 176, 신세계백화점 강남점 지하1층 (반포동)",06546,03,폐업,기타 휴게음식점,02-2281-6340,,,
,,매머드익스프레스가산IT프리미어타워점,커피숍,,189778.774504778,441302.111937219,2026-05-01 22:36:29,I,01,영업,31.6,,,,,,,,,2022-04-11 15:21:16,2022-04-11,31.60,153-802,서울특별시 금천구 가산동 345-50 IT프리미어타워 102-2호,N,,3170000-104-2022-00035,,3170000,"서울특별시 금천구 가산디지털1로 88, IT프리미어타워 102-2호 (가산동)",08590,01,영업/정상,커피숍,,,,
,,고요한집,커피숍,,190799.832998673,439885.941303087,2026-05-01 22:36:35,I,01,영업,35.76,,,,,,,,,2023-10-27 14:19:12,2023-01-19,35.76,153-010,서울특별시 금천구 독산동 1156 금천롯데캐슬골드파크4차,N,,3170000-104-2023-00146,,3170000,"서울특별시 금천구 시흥대로 315, 금천롯데캐슬골드파크4차 지상2층 219호 (독산동)",08608,01,영업/정상,커피숍,,,,
주택가주변,,LG25,편의점,1999-05-24,199660.461689314,442143.148000497,2026-05-01 22:43:41,I,02,폐업,6.16,,,,0,자율,,,,2001-09-29 00:00:00,1993-11-05,6.16,137-842,서울특별시 서초구 방배동 909-8,N,0,3210000-104-1993-00531,,3210000,,,03,폐업,편의점,,,,상수도전용
,,커피하우스 여행가방,커피숍,2014-01-21,205037.055172419,438176.47969333,2026-05-01 22:45:15,I,02,폐업,68.93,,,,,,,,,2013-11-07 15:17:47,2011-07-06,68.93,137-160,서울특별시 서초구 신원동 197-7 2층,N,,3210000-104-2011-00136,,3210000,"서울특별시 서초구 청룡마을길 3, 2층 (신원동)",06802,03,폐업,커피숍,070-4194-1331,,,
,,카페 후,커피숍,2012-05-24,200953.239716326,442613.337649681,2026-05-01 22:45:18,I,02,폐업,132.44,,,,,,,,,2012-01-05 16:10:50,2012-01-05,132.44,137-875,서울특별시 서초구 서초동 1583-10 101-24,N,,3210000-104-2012-00006,,3210000,"서울특별시 서초구 반포대로 58, 101-24호 (서초동)",06652,03,폐업,커피숍,,,,
,,(주)오뎅도락,일반조리판매,,200250.447804795,444683.220506107,2026-05-01 22:45:11,I,01,영업,3.3,,,,,,,,,2010-11-23 10:27:18,2010-11-23,3.30,137-713,서울특별시 서초구 반포동 19-3 신세계백화점 B1,N,,3210000-104-2010-00252,,3210000,"서울특별시 서초구 신반포로 176 (반포동,신세계백화점 B1)",06546,01,영업/정상,일반조리판매,02-522-9619,,,
,,호두앤미,일반조리판매,2023-10-31,200576.608647619,445241.8984183,2026-05-01 22:46:14,I,02,폐업,0,,,,,,,,,2023-11-01 04:15:08,2023-10-05,,137-711,서울특별시 서초구 잠원동 70-2 뉴코아백화점,N,,3210000-104-2023-00323,,3210000,"서울특별시 서초구 잠원로 51, 뉴코아아울렛강남점 식품관 B1층 (잠원동)",06511,03,폐업,일반조리판매,,,,
,,세븐몽키스,커피숍,2016-04-25,203339.953124137,442146.191380453,2026-05-01 22:45:21,I,02,폐업,80.69,,,,,,,,,2016-01-07 14:39:02,2012-12-28,80.69,137-888,서울특별시 서초구 양재동 15-15 1층,N,,3210000-104-2012-00193,,3210000,"서울특별시 서초구 남부순환로356길 78, 1층 (양재동)",06744,03,폐업,커피숍,,,,
,,온더보더,일반조리판매,2024-01-21,200250.447804795,444683.220506107,2026-05-01 22:46:16,I,02,폐업,10,,,,,,,,,2024-01-22 04:15:08,2024-01-09,10.00,137-960,서울특별시 서초구 반포동 19-3 센트럴시티,N,,3210000-104-2024-00012,,3210000,"서울특별시 서초구 신반포로 176, 신세계백화점 강남점 지하1층 (반포동)",06546,03,폐업,일반조리판매,,,,
주택가주변,,주화,다방,1994-05-03,202123.769148202,444374.640776733,2026-05-01 22:43:12,I,02,폐업,153.72,,,,3,지도,,,,2001-09-29 00:00:00,1979-01-08,153.72,137-856,서울특별시 서초구 서초동 1308-4,N,0,3210000-104-1979-01664,,3210000,,,03,폐업,다방,02-0568-5802,,,상수도전용
,,커피온리(내방역점),커피숍,2019-11-28,199329.041024938,442965.479861536,2026-05-01 22:45:37,I,02,폐업,28.49,,,,,,,,,2019-11-28 14:43:56,2016-01-25,28.49,137-840,서울특별시 서초구 방배동 875-1 104호,N,,3210000-104-2016-00021,,3210000,"서울특별시 서초구 방배로 170, 104호 (방배동)",06588,03,폐업,커피숍,,,,
,,빠스&핫바,패스트푸드,2007-09-18,200250.447804795,444683.220506107,2026-05-01 22:44:50,I,02,폐업,4.1,,,,0,,,,,2007-06-07 00:00:00,2007-06-07,4.10,137-713,서울특별시 서초구 반포동 19-3 신세계백화점 B1,N,0,3210000-104-2007-00058,,3210000,,,03,폐업,패스트푸드,,,,상수도전용
,,산책독서실,커피숍,2018-12-21,192368.43764933,438690.814038292,2026-05-01 22:35:55,I,02,폐업,38.54,,,,,,,,,2018-12-21 14:20:59,2015-12-22,38.54,153-030,서울특별시 금천구 시흥동 1013-7 벽산아파트상가 205호 일부,N,,3170000-104-2015-00112,,3170000,"서울특별시 금천구 금하로 763, 지상2층 205일부호 (시흥동, 벽산아파트상가)",08656,03,폐업,커피숍,02-3462-3969,,,
,,할리스커피(HOLLYS COFFEE) 센트럴시티점,커피숍,2017-12-12,200250.447804795,444683.220506107,2026-05-01 22:45:17,I,02,폐업,198.35,,,,,,,,,2017-12-12 17:05:22,2011-11-28,198.35,137-713,서울특별시 서초구 반포동 19-3 센트럴시티 1층 118호,N,,3210000-104-2011-00229,,3210000,"서울특별시 서초구 신반포로 176, 1층 118호 (반포동, 센트럴시티)",06546,03,폐업,커피숍,02-535-9984,,,
,,카페이로,커피숍,,199360.582881543,442777.806241993,2026-05-01 22:46:12,I,01,영업,19.8,,,,,,,,,2023-06-05 10:32:34,2023-06-05,19.80,137-844,서울특별시 서초구 방배동 936-12 1층 101호,N,,3210000-104-2023-00168,,3210000,"서울특별시 서초구 방배로 151, 1층 101호 (방배동)",06672,01,영업/정상,커피숍,,,,
,,네일 더 예쁘다(Coffee & Nail),커피숍,2023-05-10,201696.185458804,444710.443935114,2026-05-01 22:46:10,I,02,폐업,10,,,,,,,,,2023-05-10 10:22:19,2022-08-04,10.00,137-810,서울특별시 서초구 반포동 743-16,N,,3210000-104-2022-00251,,3210000,"서울특별시 서초구 주흥길 17, 1층 103호 (반포동)",06539,03,폐업,커피숍,,,,
,,(주) 디딤,일반조리판매,2021-02-24,200250.447804795,444683.220506107,2026-05-01 22:45:58,I,02,폐업,3,,,,,,,,,2021-02-24 13:09:38,2018-09-19,3.00,137-713,서울특별시 서초구 반포동 19-3,N,,3210000-104-2018-00312,,3210000,"서울특별시 서초구 신반포로 176, 신세계백화점 지하1층 (반포동)",06546,03,폐업,일반조리판매,,,,
,,이마트24 가산SKV1점,편의점,,189378.332493727,442066.99866487,2026-05-01 22:36:11,I,01,영업,3.3,,,,,,,,,2020-07-24 16:18:41,2018-08-28,3.30,153-803,서울특별시 금천구 가산동 371-41 가산 에스케이 브이원 센터 126호,N,,3170000-104-2018-00114,,3170000,"서울특별시 금천구 가산디지털1로 171, 가산 에스케이 브이원 센터 1층 126호 (가산동)",08503,01,영업/정상,편의점,,,,
아파트지역,,실로암제과,과자점,1991-01-22,199993.138726887,441792.894584264,2026-05-01 22:43:30,I,02,폐업,27.72,,,,1,지도,,,,2001-09-29 00:00:00,1987-09-28,27.72,137-851,서울특별시 서초구 방배동 1020-5,N,2,3210000-104-1987-02146,,3210000,,,03,폐업,과자점,02-0584-0702,,,상수도전용
,,오즈(Oz),커피숍,2024-03-11,199540.058557374,444026.800198634,2026-05-01 22:46:04,I,02,폐업,16.9,,,,,,,,,2024-03-11 14:29:18,2020-06-18,16.90,137-806,서울특별시 서초구 반포동 107-45 부림빌딩 2층,N,,3210000-104-2020-00169,,3210000,"서울특별시 서초구 사평대로18길 10, 부림빌딩 2층 (반포동)",06575,03,폐업,커피숍,,,,
,,뉴핑크 화장품&카페,커피숍,,191304.128809359,440731.041445794,2026-05-01 22:36:30,I,01,영업,16.5,,,,,,,,,2023-03-23 16:45:04,2023-02-02,16.50,153-821,서울특별시 금천구 독산동 1020,N,,3170000-104-2023-00008,,3170000,"서울특별시 금천구 독산로 246, 1층 일부호 (독산동)",08558,01,영업/정상,커피숍,,,,
,,무인CAFE 소풍가는 날,커피숍,2024-04-16,198363.705516537,442198.239121398,2026-05-01 22:46:06,I,02,폐업,8.53,,,,,,,,,2024-04-16 17:32:29,2021-02-08,8.53,137-817,서울특별시 서초구 방배동 439-5 용진빌딩 1층,N,,3210000-104-2021-00038,,3210000,"서울특별시 서초구 동작대로 62, 용진빌딩 1층 (방배동)",06677,03,폐업,커피숍,,,,
주택가주변,,카프리,일반조리판매,1996-12-06,201921.284455759,444890.412353832,2026-05-01 22:43:52,I,02,폐업,57.37,,,,0,기타,,,,2001-09-29 00:00:00,1996-03-18,57.37,137-810,서울특별시 서초구 반포동 738-9,N,0,3210000-104-1996-00666,,3210000,,,03,폐업,일반조리판매,02-573-5996,,,상수도전용
,,(주)다유씨프렌즈,패스트푸드,2007-12-11,203811.14583381,440070.874222824,2026-05-01 22:44:52,I,02,폐업,6.6,,,,,,,,,2007-09-04 11:24:08,2007-09-04,6.60,137-893,서울특별시 서초구 양재동 230 양재하나로1층 행사매장,N,,3210000-104-2007-00126,,3210000,,,03,폐업,패스트푸드,02-3448-8877,,,상수도전용
,,서오릉피자 금천구청점,기타 휴게음식점,,190838.324818618,439761.362000391,2026-05-01 22:36:40,I,01,영업,49.74,,,,,,,,,2025-08-25 14:28:26,2025-08-25,49.74,153-010,서울특별시 금천구 독산동 1155 금천롯데캐슬골드파크3차,N,,3170000-104-2025-00084,,3170000,"서울특별시 금천구 시흥대로 291, 310동 비18호 (독산동, 금천롯데캐슬골드파크3차)",08608,01,영업/정상,기타 휴게음식점,,,,
유흥업소밀집지역,,대진다방,다방,2004-03-15,198680.722558086,442497.464938088,2026-05-01 22:43:23,I,02,폐업,82.84,,,,3,지도,,,,2001-09-29 00:00:00,1984-07-23,82.84,137-845,서울특별시 서초구 방배동 954-31,N,0,3210000-104-1984-01357,,3210000,,,03,폐업,다방,02-584-1037,,,상수도전용
유흥업소밀집지역,,모니카원두커피전문점,다방,1997-11-28,202103.696247363,443834.981395661,2026-05-01 22:43:53,I,02,폐업,69.1,,,,2,자율,,,,2001-09-29 00:00:00,1996-04-27,69.10,137-857,서울특별시 서초구 서초동 1321-0,N,,3210000-104-1996-00853,,3210000,,,03,폐업,다방,02-522-7668,,,상수도전용
,,랑데뷰포인트,기타 휴게음식점,2025-07-24,203468.302767636,441730.015536481,2026-05-01 22:46:21,I,02,폐업,55.36,,,,,,,,,2025-07-24 10:53:25,2025-07-08,55.36,137-890,서울특별시 서초구 양재동 94 대산빌딩 1층,N,,3210000-104-2025-00251,,3210000,"서울특별시 서초구 논현로27길 97, 대산빌딩 1층 (양재동)",06748,03,폐업,기타 휴게음식점,,,,
,,제주스,커피숍,2020-07-15,203204.755637424,440136.781183797,2026-05-01 22:46:04,I,02,폐업,0,,,,,,,,,2020-07-16 04:15:08,2020-07-06,,137-893,서울특별시 서초구 양재동 215 이마트 양재점 지하1층,N,,3210000-104-2020-00186,,3210000,"서울특별시 서초구 매헌로 16, 이마트 양재점 지하1층 (양재동)",06771,03,폐업,커피숍,,,,
기타,,파리바게트,과자점,2004-12-30,200576.608647619,445241.8984183,2026-05-01 22:43:54,I,02,폐업,28,,,,,기타,,,,2001-09-29 00:00:00,1996-06-27,28.00,137-711,서울특별시 서초구 잠원동 70-2 뉴코아 지하동 1층호,N,,3210000-104-1996-01747,,3210000,,,03,폐업,과자점,,,,상수도전용
,,코스트코 코리아,일반조리판매,2020-12-15,203123.870437513,439984.847528537,2026-05-01 22:45:07,I,02,폐업,33.03,,,,,,,,,2020-12-15 14:48:27,2009-11-16,33.03,137-893,서울특별시 서초구 양재동 217-6 코스트코 양재점 지하1층,N,,3210000-104-2009-00256,,3210000,"서울특별시 서초구 양재대로 159, 지하1층 (양재동, 코스트코 양재점)",06772,03,폐업,일반조리판매,02-572-5959,,,
기타,,샛별다방,다방,2015-02-24,191623.918087992,438766.981064195,2026-05-01 22:34:56,I,02,폐업,114.08,,,,5,지도,,,,2008-01-11 11:47:45,1978-11-11,114.08,153-859,서울특별시 금천구 시흥동 908-24 지하1층 (독산동길 327),N,1,3170000-104-1978-00200,,3170000,"서울특별시 금천구 독산로 42 (시흥동,지하1층 (독산동길 327))",08642,03,폐업,다방,02-803-2439,,,상수도전용
,,에맥 앤 볼리오스,아이스크림,2017-09-07,200250.447804795,444683.220506107,2026-05-01 22:45:51,I,02,폐업,9,,,,,,,,,2017-09-07 09:57:23,2017-08-14,9.00,137-713,서울특별시 서초구 반포동 19-3 신세계백화점 강남점 지하1층,N,,3210000-104-2017-00364,,3210000,"서울특별시 서초구 신반포로 176, 지하1층 (반포동, 신세계백화점 강남점 )",06546,03,폐업,아이스크림,,,,
,,에스프레소인뉴욕,커피숍,2010-08-03,189722.178532426,441920.972770099,2026-05-01 22:35:29,I,02,폐업,126.89,,,,0,,,,,2010-04-14 10:19:05,2005-09-14,126.89,153-769,"서울특별시 금천구 가산동 60-19 SJ테크노빌305,306호 지상3층 (벗꽃십리길 99)",N,0,3170000-104-2005-00038,,3170000,,,03,폐업,커피숍,33973344,,,상수도전용
,,스타벅스 양재하나로마트,기타 휴게음식점,,203811.14583381,440070.874222824,2026-05-01 22:46:25,I,01,영업,92.9,,,,,,,,,2025-12-26 09:53:09,2025-11-14,92.90,137-916,서울특별시 서초구 양재동 230 농협하나로클럽 1층,N,,3210000-104-2025-00427,,3210000,"서울특별시 서초구 청계산로 10, 농협하나로클럽 1층 (양재동)",06797,01,영업/정상,기타 휴게음식점,02-3015-1180,,,
,,홍짜장,패스트푸드,2011-10-04,198650.438044274,443718.876374419,2026-05-01 22:45:03,I,02,폐업,28,,,,,,,,,2009-06-26 10:42:51,2009-06-26,28.00,137-828,서울특별시 서초구 방배동 761-6 (1층),N,,3210000-104-2009-00133,,3210000,,,03,폐업,패스트푸드,02-592-2666,,,
,,도리깨침,기타 휴게음식점,2022-01-05,200250.447804795,444683.220506107,2026-05-01 22:46:08,I,02,폐업,0,,,,,,,,,2022-01-06 04:15:09,2021-12-20,.00,137-713,서울특별시 서초구 반포동 19-3 지하1층 신세계백화점 강남점,N,,3210000-104-2021-00348,,3210000,"서울특별시 서초구 신반포로 176, 신세계백화점 강남점 지하1층 (반포동)",06546,03,폐업,기타 휴게음식점,,,,
,,엘리펀트파크(더엘리펀트),커피숍,,202388.3425631,440716.985855904,2026-05-01 22:46:02,I,01,영업,112.4,,,,,,,,,2019-10-25 11:11:07,2019-10-25,112.40,137-900,서울특별시 서초구 우면동 13 1층,N,,3210000-104-2019-00300,,3210000,"서울특별시 서초구 바우뫼로6길 56, 1층 (우면동)",06763,01,영업/정상,커피숍,,,,
주택가주변,,아름다운땅,다방,2000-07-14,200843.856994283,442130.649294193,2026-05-01 22:43:57,I,02,폐업,104,,,,2,자율,,,,2001-09-29 00:00:00,1997-04-01,104.00,137-868,서울특별시 서초구 서초동 1472-18,N,1,3210000-104-1997-00827,,3210000,,,03,폐업,다방,02-3472-7171,,,상수도전용
,,경훈분식,일반조리판매,2008-03-03,191240.928844711,440227.264346559,2026-05-01 22:35:33,I,02,폐업,24.65,,,,,,,,,2007-07-16 11:08:30,2007-07-04,24.65,153-832,서울특별시 금천구 독산동 1048-42 지상1층 (금당길 67-1),N,,3170000-104-2007-00038,,3170000,,,03,폐업,일반조리판매,,,,상수도전용
,,나루,일반조리판매,2015-06-26,200576.608647619,445241.8984183,2026-05-01 22:44:49,I,02,폐업,7.26,,,,0,,,,,2006-10-31 00:00:00,2006-10-31,7.26,137-908,서울특별시 서초구 잠원동 70-2 (주)뉴코아 B1,N,0,3210000-104-2006-00135,,3210000,,,03,폐업,일반조리판매,02-335-0531,,,상수도전용
주택가주변,,터미널다방,다방,1993-04-03,201483.609635369,442597.838330435,2026-05-01 22:43:31,I,02,폐업,28.8,,,,1,지도,,,,2001-09-29 00:00:00,1988-01-19,28.80,137-877,서울특별시 서초구 서초동 1603-68,N,0,3210000-104-1988-01352,,3210000,,,03,폐업,다방,02-0586-0952,,,상수도전용
,,배스킨라빈스 시흥홈플러스점,아이스크림,2025-12-04,191152.432649234,438865.160717275,2026-05-01 22:36:11,I,02,폐업,29.8,,,,,,,,,2025-12-04 13:53:07,2018-09-14,29.80,153-864,서울특별시 금천구 시흥동 992-47 삼성홈플러스,N,,3170000-104-2018-00124,,3170000,"서울특별시 금천구 시흥대로 201, 삼성홈플러스 지하1층 (시흥동)",08632,03,폐업,아이스크림,,,,
,,홈플러스(주)조리제안,일반조리판매,2026-02-04,191152.432649234,438865.160717275,2026-05-01 22:35:34,I,02,폐업,20,,,,,,,,,2026-02-04 10:55:45,2008-12-30,20.00,153-864,서울특별시 금천구 시흥동 992-47,N,,3170000-104-2008-00054,,3170000,"서울특별시 금천구 시흥대로 201, 지하1층 (시흥동)",08632,03,폐업,일반조리판매,,,,
,,코코진,커피숍,2009-12-29,200250.447804795,444683.220506107,2026-05-01 22:45:07,I,02,폐업,6.6,,,,,,,,,2009-11-24 15:11:02,2009-11-24,6.60,137-713,서울특별시 서초구 반포동 19-3 신세계백화점 지하1층,N,,3210000-104-2009-00261,,3210000,,,03,폐업,커피숍,,,,
,,올 떡 금천점,일반조리판매,,190809.507840375,440728.382273075,2026-05-01 22:35:26,I,01,영업,39.6,,,,0,,,,,2019-04-26 14:50:52,2003-12-23,39.60,153-813,서울특별시 금천구 독산동 291-7 홈플러스금천점  지상1층,N,0,3170000-104-2003-00033,,3170000,"서울특별시 금천구 시흥대로 391 (독산동,홈플러스금천점  지상1층)",08584,01,영업/정상,일반조리판매,,,,상수도전용
,,에그스탑 강남점,패스트푸드,2021-01-06,202141.101012615,443966.419414952,2026-05-01 22:46:01,I,02,폐업,63,,,,,,,,,2021-01-06 14:44:12,2019-06-19,63.00,137-856,서울특별시 서초구 서초동 1316-19 가락빌딩 1층3호,N,,3210000-104-2019-00180,,3210000,"서울특별시 서초구 서초대로 405, 가락빌딩 1층 3호 (서초동)",06616,03,폐업,패스트푸드,02-6242-8229,,,
주택가주변,,청자당남부지점,과자점,1990-04-18,201461.469611461,442591.434219772,2026-05-01 22:43:35,I,02,폐업,32.76,,,,1,갑,,,,2001-09-29 00:00:00,1989-08-10,32.76,137-877,서울특별시 서초구 서초동 1603-67,N,0,3210000-104-1989-02078,,3210000,,,03,폐업,과자점,02-0587-8877,,,상수도전용
,,(주)프랭크서울에스피시,백화점,2020-09-17,200250.447804795,444683.220506107,2026-05-01 22:45:46,I,02,폐업,13.5,,,,,,,,,2020-09-17 15:43:19,2017-02-28,13.50,137-713,"서울특별시 서초구 반포동 19-3 신세계백화점 강남점 식품층 Dele 코너, 지하1층",Y,,3210000-104-2017-00064,,3210000,"서울특별시 서초구 신반포로 176, 지하1층 (반포동, 신세계백화점 강남점 식품층 Dele 코너)",06546,03,폐업,백화점,,,,
,,카페크리스마스(caffe christmas),커피숍,2025-03-04,201877.808579165,445008.574848075,2026-05-01 22:45:21,I,02,폐업,33,,,,,,,,,2025-03-04 14:47:43,2012-11-26,33.00,137-810,서울특별시 서초구 반포동 735-12 1층 101호,N,,3210000-104-2012-00196,,3210000,"서울특별시 서초구 강남대로85길 15, 1층 101호 (반포동, 녹우빌딩)",06536,03,폐업,커피숍,,,,
,,근로청소년복지관 까페드림(cafe-dream),커피숍,2017-12-20,189643.939733223,441557.987046829,2026-05-01 22:35:38,I,02,폐업,73.16,,,,,,,,,2017-12-20 18:09:13,2010-09-30,73.16,153-802,서울특별시 금천구 가산동 345-58 지상1층,N,,3170000-104-2010-00067,,3170000,"서울특별시 금천구 가산디지털1로 118 (가산동,지상1층)",,03,폐업,커피숍,02-898-4943,,,상수도전용
,,U스터디카페,커피숍,2019-01-17,199125.323314988,444563.098586926,2026-05-01 22:45:46,I,02,폐업,187.6,,,,,,,,,2019-01-17 09:56:04,2017-03-09,187.60,137-811,서울특별시 서초구 반포동 938 엠동 지하1층 18호,Y,,3210000-104-2017-00078,,3210000,"서울특별시 서초구 신반포로 49, 지하1층 18호 (반포동, 엠동)",,03,폐업,커피숍,,,,
,,그래머시 키친,푸드트럭,2019-04-15,199512.055421857,445283.167984819,2026-05-01 22:45:42,I,02,폐업,6,,,,,,,,,2019-04-15 11:20:53,2016-08-12,6.00,137-040,서울특별시 서초구 반포동 115-5 달빛광장 앞,N,,3210000-104-2016-00328,,3210000,"서울특별시 서초구 신반포로11길 40 (반포동, 달빛광장 앞 )",06500,03,폐업,푸드트럭,,,,
,,요거트그릭요,일반조리판매,2021-07-30,201854.293303877,444850.323149093,2026-05-01 22:46:04,I,02,폐업,7,,,,,,,,,2021-07-30 16:14:37,2020-04-23,7.00,137-810,서울특별시 서초구 반포동 734-34 1층,N,,3210000-104-2020-00116,,3210000,"서울특별시 서초구 강남대로83길 34, 1층 (반포동)",06540,03,폐업,일반조리판매,,,,
,,CAFE 내자리,커피숍,2022-06-23,202014.206600227,444556.487126756,2026-05-01 22:45:27,I,02,폐업,28.05,,,,,,,,,2022-06-23 15:43:23,2014-09-19,28.05,137-855,서울특별시 서초구 서초동 1303-10 서초한일유앤아이주상복합 210호,N,,3210000-104-2014-00190,,3210000,"서울특별시 서초구 사평대로56길 7, 210호 (서초동, 서초한일유앤아이주상복합)",06611,03,폐업,커피숍,,,,
,,고향면식점,기타 휴게음식점,,191139.171902236,441284.947753482,2026-05-01 22:36:39,I,01,영업,31.35,,,,,,,,,2025-06-26 10:40:18,2025-06-26,31.35,153-825,서울특별시 금천구 독산동 984-9,N,,3170000-104-2025-00052,,3170000,"서울특별시 금천구 시흥대로144길 21, 1층 7호 (독산동)",08544,01,영업/정상,기타 휴게음식점,,,,
기타,,바이데웨이가리봉점,편의점,1996-10-02,190360.095228614,441704.231986139,2026-05-01 22:35:13,I,02,폐업,8.01,,,,0,을,,,,2002-01-11 00:00:00,1994-11-23,8.01,153-801,서울특별시 금천구 가산동 145-27,N,0,3170000-104-1994-00025,,3170000,,,03,폐업,편의점,,,,상수도전용
,,상아김밥 반포점,일반조리판매,,200831.970738185,444290.115272995,2026-05-01 22:46:19,I,01,영업,56.19,,,,,,,,,2024-10-16 10:50:35,2024-10-16,56.19,137-802,서울특별시 서초구 반포동 49-1 1층 102호,N,,3210000-104-2024-00374,,3210000,"서울특별시 서초구 서초중앙로33길 15, 1층 (반포동)",06593,01,영업/정상,일반조리판매,,,,
,,우면동다방,커피숍,2025-09-05,201812.412993581,440355.976588077,2026-05-01 22:45:37,I,02,폐업,13.91,,,,,,,,,2025-09-05 17:02:11,2016-01-28,13.91,137-901,서울특별시 서초구 우면동 686 삼성프라자-1 1층103,N,,3210000-104-2016-00030,,3210000,"서울특별시 서초구 성촌1길 26, 1층 103호 (우면동, 삼성프라자-1)",06765,03,폐업,커피숍,,,,
,,다람쥐곳간,커피숍,,201310.167766645,442438.500304691,2026-05-01 22:45:59,I,01,영업,8.7,,,,,,,,,2024-01-24 10:38:14,2018-12-07,8.70,137-867,서울특별시 서초구 서초동 1446-1 서울남부터미널 121-1호,N,,3210000-104-2018-00404,,3210000,"서울특별시 서초구 효령로 292, 서울남부터미널 121-1호 (서초동)",06718,01,영업/정상,커피숍,,,,
,,디자인수다,커피숍,,201395.649950049,442716.201861289,2026-05-01 22:45:45,I,01,영업,9.9,,,,,,,,,2025-04-09 16:20:07,2016-05-27,9.90,137-878,서울특별시 서초구 서초동 1621-11 B2층,N,,3210000-104-2016-00490,,3210000,"서울특별시 서초구 서초중앙로8길 18, B2층 (서초동)",06643,01,영업/정상,커피숍,02-2606-4737,,,상수도전용
,,쉐프조,기타 휴게음식점,2025-09-26,200250.447804795,444683.220506107,2026-05-01 22:46:22,I,02,폐업,0,,,,,,,,,2025-09-27 04:15:09,2025-08-27,,137-713,서울특별시 서초구 반포동 19-3 스위트파크,N,,3210000-104-2025-00331,,3210000,"서울특별시 서초구 신반포로 176, 스위트파크 (반포동)",06546,03,폐업,기타 휴게음식점,,,,
,,더앨리 신세계백화점 강남점,기타 휴게음식점,2021-04-22,200250.447804795,444683.220506107,2026-05-01 22:46:00,I,02,폐업,37,,,,,,,,,2021-04-22 11:49:16,2019-03-21,37.00,137-713,서울특별시 서초구 반포동 19-3 신세계백화점 식품관 지하1층,N,,3210000-104-2019-00080,,3210000,"서울특별시 서초구 신반포로 176, 신세계백화점 식품관 지하1층 (반포동)",06546,03,폐업,기타 휴게음식점,,,,
,,주식회사 디피오리,일반조리판매,2025-02-01,200250.447804795,444683.220506107,2026-05-01 22:46:19,I,02,폐업,0,,,,,,,,,2025-02-02 04:15:10,2024-12-31,,137-713,서울특별시 서초구 반포동 19-3 신세계백화점 지하1층 식품관,N,,3210000-104-2024-00452,,3210000,"서울특별시 서초구 신반포로 176, 신세계백화점 지하1층 식품관 (반포동)",06546,03,폐업,일반조리판매,,,,
,,나폴레옹과자점,백화점,2024-12-25,200250.447804795,444683.220506107,2026-05-01 22:46:19,I,02,폐업,0,,,,,,,,,2024-12-26 04:15:09,2024-12-05,,137-713,서울특별시 서초구 반포동 19-3 신세계백화점 강남점 지하1층 일부호,N,,3210000-104-2024-00427,,3210000,"서울특별시 서초구 신반포로 176, 신세계백화점 강남점 지하1층 일부호 (반포동)",06546,03,폐업,백화점,,,,
,,딤섬,일반조리판매,2005-01-12,203811.14583381,440070.874222824,2026-05-01 22:44:38,I,02,폐업,9.9,,,,0,,,,,2004-12-10 00:00:00,2004-12-09,9.90,137-893,서울특별시 서초구 양재동 230-0 (주)농협유통 지상1층,N,0,3210000-104-2004-00140,,3210000,,,03,폐업,일반조리판매,,,,상수도전용
,,미당,일반조리판매,2024-05-29,200250.447804795,444683.220506107,2026-05-01 22:46:17,I,02,폐업,0,,,,,,,,,2024-05-30 04:15:09,2024-05-16,,137-960,서울특별시 서초구 반포동 19-3 센트럴시티,N,,3210000-104-2024-00184,,3210000,"서울특별시 서초구 신반포로 176, 신세계백화점 강남점 지하1층 (반포동)",06546,03,폐업,일반조리판매,,,,
,,Grab & Go(그랩앤고),푸드트럭,2016-10-04,199512.055421857,445283.167984819,2026-05-01 22:45:43,I,02,폐업,10,,,,,,,,,2016-09-20 16:33:13,2016-09-20,10.00,137-040,서울특별시 서초구 반포동 115-5 달빛광장외 1개소,N,,3210000-104-2016-00365,,3210000,"서울특별시 서초구 신반포로11길 40 (반포동, 달빛광장외 1개소)",06500,03,폐업,푸드트럭,,,,
,,샌디스,커피숍,2014-01-23,199448.513021585,444800.550772527,2026-05-01 22:45:21,I,02,폐업,20.7,,,,,,,,,2013-01-18 16:04:42,2013-01-18,20.70,137-800,서울특별시 서초구 반포동 2-8 신반포상가 139-2호,N,,3210000-104-2013-00005,,3210000,"서울특별시 서초구 신반포로15길 29, 139-2호 (반포동, 신반포상가)",06503,03,폐업,커피숍,,,,
,,크리스피크림 고속터미널 지하쇼핑센터점,기타 휴게음식점,,200367.588604211,444873.437818732,2026-05-01 22:45:31,I,01,영업,23.11,,,,,,,,,2020-07-03 12:46:54,2015-04-08,23.11,137-040,서울특별시 서초구 반포동 128-4 강남터미널 지하도상가 G-002호,N,,3210000-104-2015-00068,,3210000,"서울특별시 서초구 신반포로 지하 200, G-002호 (반포동, 강남터미널 지하도상가)",,01,영업/정상,기타 휴게음식점,,,,
,,그릭샌드 가산본점,기타 휴게음식점,2025-06-30,189685.715834343,442026.454121483,2026-05-01 22:36:36,I,02,폐업,4.95,,,,,,,,,2025-06-30 17:55:10,2024-05-27,4.95,153-801,서울특별시 금천구 가산동 60-15 삼성리더스타워,N,,3170000-104-2024-00049,,3170000,"서울특별시 금천구 벚꽃로 286, 삼성리더스타워 지하1층 F13,F14 일부호 (가산동)",08511,03,폐업,기타 휴게음식점,,,,
,,닥터안스 크레페,기타 휴게음식점,2005-05-23,201493.614232555,442372.299422909,2026-05-01 22:44:40,I,02,폐업,8,,,,0,,,,,2005-02-25 00:00:00,2005-02-25,8.00,137-866,"서울특별시 서초구 서초동 1445-14 오키즈B1069,B1070",N,0,3210000-104-2005-00055,,3210000,,,03,폐업,기타 휴게음식점,,,,
,,송사부 수제쌀 고로케 남부터미널점,기타 휴게음식점,,201310.167766645,442438.500304691,2026-05-01 22:45:51,I,01,영업,18.18,,,,,,,,,2018-02-12 13:38:20,2018-02-12,18.18,137-867,서울특별시 서초구 서초동 1446-1 서울남부터미널 1층,N,,3210000-104-2018-00039,,3210000,"서울특별시 서초구 효령로 292, 서울남부터미널 1층 (서초동)",06718,01,영업/정상,기타 휴게음식점,,,,
,,히어리브(Here live),일반조리판매,2025-06-22,200250.447804795,444683.220506107,2026-05-01 22:46:21,I,02,폐업,0,,,,,,,,,2025-06-23 04:15:10,2025-06-09,,137-960,서울특별시 서초구 반포동 19-3 센트럴시티,N,,3210000-104-2025-00210,,3210000,"서울특별시 서초구 신반포로 176, 신세계백화점 지하1층 (반포동)",06546,03,폐업,일반조리판매,,,,
유흥업소밀집지역,,미즈커피숍,다방,1996-06-07,201564.117322243,445667.343639002,2026-05-01 22:43:42,I,02,폐업,31.7,,,,1,지도,,,,2001-09-29 00:00:00,1993-05-19,31.70,137-904,서울특별시 서초구 잠원동 29-18,N,2,3210000-104-1993-01301,,3210000,,,03,폐업,다방,02-516-2841,,,상수도전용
기타,,복다방,다방,2001-09-27,191663.700517985,438852.169488811,2026-05-01 22:35:01,I,02,폐업,66.93,,,,3,을,,,,2001-10-29 00:00:00,1983-12-24,66.93,153-859,서울특별시 금천구 시흥동 908-7,N,1,3170000-104-1983-00199,,3170000,,,03,폐업,다방,02-803-5048,,,상수도전용
주택가주변,,훼미리마트양재1호점,편의점,1996-02-22,203266.332997452,442515.863669236,2026-05-01 22:43:41,I,02,폐업,24,,,,2,자율,,,,2001-09-29 00:00:00,1993-10-22,24.00,137-886,서울특별시 서초구 양재동 1-0,N,3,3210000-104-1993-00529,,3210000,,,03,폐업,편의점,02-575-4578,,,상수도전용
기타,,커피타임,다방,1995-11-17,203815.668827003,441633.343952614,2026-05-01 22:43:45,I,02,폐업,50.74,,,,0,자율,,,,2001-09-29 00:00:00,1994-06-27,50.74,137-130,서울특별시 서초구 양재동 275-4,N,1,3210000-104-1994-01093,,3210000,,,03,폐업,다방,02-579-3003,,,상수도전용
,,커피앳더코너,커피숍,,203685.782705019,442031.630203177,2026-05-01 22:46:04,I,01,영업,60,,,,,,,,,2020-08-18 14:41:45,2020-08-18,60.00,137-890,서울특별시 서초구 양재동 86 청화빌딩 1층,N,,3210000-104-2020-00229,,3210000,"서울특별시 서초구 논현로27길 21, 청화빌딩 1층 (양재동)",06746,01,영업/정상,커피숍,,,,
,,나뚜루아이스크림서초오키즈점,기타 휴게음식점,2008-01-25,201493.614232555,442372.299422909,2026-05-01 22:44:40,I,02,폐업,38.95,,,,0,,,,,2005-03-11 00:00:00,2005-03-11,38.95,137-866,서울특별시 서초구 서초동 1445-14 지하1층 203호,N,0,3210000-104-2005-00061,,3210000,,,03,폐업,기타 휴게음식점,,,,상수도전용
기타,,피자리아미라,패스트푸드,1999-07-28,200576.608647619,445241.8984183,2026-05-01 22:43:27,I,02,폐업,9.4,,,,1,지도,,,,2001-09-29 00:00:00,1986-02-16,9.40,137-908,서울특별시 서초구 잠원동 70-2,N,2,3210000-104-1986-00460,,3210000,,,03,폐업,패스트푸드,,,,상수도전용
,,컴포즈커피 가산스카이밸리점,커피숍,,189603.222916543,441801.135064157,2026-05-01 22:36:16,I,01,영업,55.7,,,,,,,,,2022-11-30 17:17:31,2019-05-24,55.70,153-803,서울특별시 금천구 가산동 371-57 가산 더스카이밸리 1차,N,,3170000-104-2019-00084,,3170000,"서울특별시 금천구 가산디지털1로 142, 가산 더스카이밸리 1차 1층 106호 (가산동)",08507,01,영업/정상,커피숍,,,,
,,스타벅스 가산케이에스점,커피숍,,189767.416750179,442063.859932184,2026-05-01 22:36:35,I,01,영업,260.12,,,,,,,,,2023-10-26 14:32:38,2023-10-26,260.12,153-801,서울특별시 금천구 가산동 60-14,N,,3170000-104-2023-00144,,3170000,"서울특별시 금천구 벚꽃로36길 30, 1층 110,111,112,113호 (가산동)",08511,01,영업/정상,커피숍,02-2025-2310,,,
유흥업소밀집지역,,그린커피숍,다방,2000-12-06,199856.554832195,441949.067621111,2026-05-01 22:43:31,I,02,폐업,61.56,,,,2,지도,,,,2000-12-06 00:00:00,1988-08-16,61.56,137-851,서울특별시 서초구 방배동 1022-1,N,0,3210000-104-1988-01298,,3210000,,,03,폐업,다방,02-0587-3959,,,상수도전용
,,뉴욕도너츠,패스트푸드,2014-09-24,190858.649482406,440808.541334678,2026-05-01 22:35:46,I,02,폐업,51.91,,,,,,,,,2013-07-25 13:39:23,2013-06-20,51.91,153-813,서울특별시 금천구 독산동 291-5 시티렉스 106호,N,,3170000-104-2013-00042,,3170000,"서울특별시 금천구 시흥대로 399, 106호 (독산동, 시티렉스)",08584,03,폐업,패스트푸드,,,,상수도전용
기타,,엄마손김밥,일반조리판매,2008-08-07,201310.167766645,442438.500304691,2026-05-01 22:44:22,I,02,폐업,19.8,,,,,기타,,,,2008-07-10 08:45:35,2001-07-05,19.80,137-867,서울특별시 서초구 서초동 1446-1 1층,N,,3210000-104-2001-15896,,3210000,,,03,폐업,일반조리판매,02-521-0089,,,
아파트지역,,신선사라다,일반조리판매,1994-03-26,200576.608647619,445241.8984183,2026-05-01 22:43:42,I,02,폐업,6.8,,,,1,자율,,,,2001-09-29 00:00:00,1993-07-24,6.80,137-908,서울특별시 서초구 잠원동 70-2,N,0,3210000-104-1993-00783,,3210000,,,03,폐업,일반조리판매,02-0530-5034,,,상수도전용
,,늘봄카페 서초여성가족플라자 서초센터점,커피숍,,201892.237153417,444495.585622281,2026-05-01 22:46:03,I,01,영업,9,,,,,,,,,2024-01-10 11:35:05,2020-01-03,9.00,137-855,서울특별시 서초구 서초동 1302-6 서초4동열린문화센터(서초4동주민센터),N,,3210000-104-2020-00003,,3210000,"서울특별시 서초구 서운로26길 3, 서초4동열린문화센터(서초4동주민센터) 4층 (서초동)",06609,01,영업/정상,커피숍,,,,
주택가주변,,삼진,다방,2012-07-25,200676.258231849,443037.541148211,2026-05-01 22:43:35,I,02,폐업,102.92,,,,,지도,,,,2001-05-16 00:00:00,1989-08-12,102.92,137-872,서울특별시 서초구 서초동 1540-7,N,,3210000-104-1989-15761,,3210000,,,03,폐업,다방,02-583-1331,,,상수도전용
,,지에스(GS)25 서초베스트,편의점,,204021.6,441316.29,2026-05-01 22:46:07,I,01,영업,6,,,,,,,,,2021-05-11 09:26:34,2021-05-11,6.00,137-896,서울특별시 서초구 양재동 300 1층 일부,N,,3210000-104-2021-00132,,3210000,"서울특별시 서초구 동산로19길 35-1, 1층 (양재동)",06781,01,영업/정상,편의점,,,,
기타,,커피라인,다방,1998-10-01,,,2026-05-01 22:43:47,I,02,폐업,86.25,,,,0,기타,,,,2001-09-29 00:00:00,1995-05-06,86.25,137-863,서울특별시 서초구 서초동 1366-6,N,0,3210000-104-1995-00908,,3210000,,,03,폐업,다방,02-508-8663,,,상수도전용
주택가주변,,킴스베이커리,과자점,1997-12-01,,,2026-05-01 22:43:44,I,02,폐업,53.95,,,,0,자율,,,,2001-09-29 00:00:00,1993-10-27,53.95,137-887,서울특별시 서초구 양재동 11-23,N,0,3210000-104-1993-02071,,3210000,,,03,폐업,과자점,02-572-7936,,,상수도전용
기타,,연미,다방,2012-07-26,191390.785127877,437280.574150819,2026-05-01 22:35:05,I,02,폐업,123.1,,,,5,을,,,,2012-08-06 15:31:09,1987-08-08,123.10,153-756,서울특별시 금천구 시흥동 966-0 시흥철재상가 지하1층 (시흥대로 643) 1동동 3호호,N,1,3170000-104-1987-00243,,3170000,,,03,폐업,다방,02-0808-9724,,,상수도전용
,,씨유 서초서래마을점,편의점,2025-06-30,199836.00777967,444059.386774059,2026-05-01 22:46:16,I,02,폐업,3,,,,,,,,,2025-06-30 15:27:08,2024-01-10,3.00,137-806,서울특별시 서초구 반포동 92-10 포도빌딩,N,,3210000-104-2024-00017,,3210000,"서울특별시 서초구 서래로8길 7, 포도빌딩 1층 (반포동)",06577,03,폐업,편의점,,,,
,,한신카페테리아,기타 휴게음식점,,200628.43767533,445580.594039349,2026-05-01 22:44:56,I,01,영업,86.84,,,,,,,,,2020-08-14 14:58:22,2008-05-27,86.84,137-907,서울특별시 서초구 잠원동 65-32 3층 306호 일부,N,,3210000-104-2008-00068,,3210000,"서울특별시 서초구 잠원로 94, 3층 (잠원동)",06520,01,영업/정상,기타 휴게음식점,070-7730-0442,,,
기타,,이데아,다방,1999-06-18,202478.1048837,443306.064904505,2026-05-01 22:43:47,I,02,폐업,16.9,,,,1,자율,,,,1999-06-18 00:00:00,1995-03-24,16.90,137-860,서울특별시 서초구 서초동 1337-2,N,0,3210000-104-1995-00902,,3210000,,,03,폐업,다방,,,,상수도전용
기타,,쉴참명가(하린식품),일반조리판매,2007-11-01,200250.447804795,444683.220506107,2026-05-01 22:44:21,I,02,폐업,13.2,,,,0,기타,,,,2001-08-30 00:00:00,2001-02-27,13.20,137-713,서울특별시 서초구 반포동 19-3,N,0,3210000-104-2001-15583,,3210000,,,03,폐업,일반조리판매,02-448-2703,,,
기타,,동양마트(주)잠원점,편의점,2012-02-09,200863.149718262,445458.817735441,2026-05-01 22:44:15,I,02,폐업,3.4,,,,0,기타,,,,1999-11-20 00:00:00,1999-11-20,3.40,137-907,서울특별시 서초구 잠원동 60-6,N,0,3210000-104-1999-14468,,3210000,,,03,폐업,편의점,02-591-6396,,,상수도전용
주택가주변,,바이더웨이,편의점,2014-11-03,202395.564943657,443676.870505081,2026-05-01 22:44:15,I,02,폐업,3.24,,,,0,기타,,,,2013-07-09 13:35:54,1999-11-23,3.24,137-858,서울특별시 서초구 서초동 1327-8,N,0,3210000-104-1999-14474,,3210000,서울특별시 서초구 서초대로78길 28 (서초동),06621,03,폐업,편의점,02-523-4613,,,상수도전용
주택가주변,,코오롱마트(주)서초5점,편의점,2000-02-23,200751.53248987,443158.272251772,2026-05-01 22:44:07,I,02,폐업,5.18,,,,0,기타,,,,2000-02-23 00:00:00,1999-06-30,5.18,137-873,서울특별시 서초구 서초동 1552-7,N,0,3210000-104-1999-00092,,3210000,,,03,폐업,편의점,02-3700-6514,,,상수도전용
기타,,프렌드레스토랑,다방,2018-01-29,201846.586838152,442752.888685325,2026-05-01 22:43:35,I,02,폐업,113.77,,,,0,기타,,,,2018-01-29 14:49:06,1990-08-02,113.77,137-877,서울특별시 서초구 서초동 1605-3,N,0,3210000-104-1990-00971,,3210000,서울특별시 서초구 효령로 345 (서초동),06643,03,폐업,다방,02-521-7111,,,상수도전용
,,어노어 오브 다라자(ANOR OF DARAJA),커피숍,,198492.797210723,442199.268340209,2026-05-01 22:46:18,I,01,영업,21.21,,,,,,,,,2024-08-20 17:07:49,2024-08-20,21.21,137-819,서울특별시 서초구 방배동 456-1 1층 103호,N,,3210000-104-2024-00300,,3210000,"서울특별시 서초구 방배천로16길 18, 1층 103호 (방배동)",06677,01,영업/정상,커피숍,,,,
,,시아리 seaari,백화점,,200250.447804795,444683.220506107,2026-05-01 22:46:22,I,01,영업,16.5,,,,,,,,,2025-08-04 11:18:09,2025-08-04,19.40,137-713,서울특별시 서초구 반포동 19-3 신세계백화점 강남점 지하1층,N,,3210000-104-2025-00290,,3210000,"서울특별시 서초구 신반포로 176, 신세계백화점 강남점 지하1층 (반포동)",06546,01,영업/정상,백화점,,,,
,,그린커피숍,커피숍,2003-03-26,199856.554832195,441949.067621111,2026-05-01 22:44:28,I,02,폐업,0,,,,,,,,,2002-12-16 00:00:00,2001-01-17,,137-851,서울특별시 서초구 방배동 1022-1,N,,3210000-104-2002-00141,,3210000,,,03,폐업,커피숍,02-587-0008,,,
아파트지역,,딕시랜드,과자점,1997-06-16,,,2026-05-01 22:43:38,I,02,폐업,22.77,,,,2,지도,,,,2001-09-29 00:00:00,1991-03-27,22.77,137-040,서울특별시 서초구 반포동 261-4,N,0,3210000-104-1991-01818,,3210000,,,03,폐업,과자점,02-533-0505,,,상수도전용
,,리은푸드,일반조리판매,2023-11-02,200250.447804795,444683.220506107,2026-05-01 22:46:15,I,02,폐업,0,,,,,,,,,2023-11-03 04:15:08,2023-10-23,,137-960,서울특별시 서초구 반포동 19-3 센트럴시티,N,,3210000-104-2023-00348,,3210000,"서울특별시 서초구 신반포로 176, 신세계백화점 강남점 지하1층 (반포동)",06546,03,폐업,일반조리판매,,,,
,,cafe Elroi(카페 엘로이),커피숍,2022-07-22,191134.522542654,440769.182320887,2026-05-01 22:36:25,I,02,폐업,27,,,,,,,,,2022-07-22 16:57:37,2021-02-19,27.00,153-821,서울특별시 금천구 독산동 1018-12 2층 201호,N,,3170000-104-2021-00012,,3170000,"서울특별시 금천구 독산로75길 31, 2층 201호 (독산동)",08578,03,폐업,커피숍,,,,
,,아이캔커피 독산점,커피숍,2023-07-18,190567.418315661,439569.401459017,2026-05-01 22:36:27,I,02,폐업,41.15,,,,,,,,,2023-07-18 13:11:54,2021-07-07,41.15,153-010,서울특별시 금천구 독산동 1150 금천 롯데캐슬 골드파크 2차 116호,N,,3170000-104-2021-00075,,3170000,"서울특별시 금천구 벚꽃로 30, 205동 1층 116호 (독산동, 금천 롯데캐슬 골드파크 2차)",08608,03,폐업,커피숍,,,,
,,금천(KC109)당구장,일반조리판매,,191282.622973847,438995.377866021,2026-05-01 22:36:31,I,01,영업,40,,,,,,,,,2023-04-18 13:36:40,2023-04-17,40.00,153-858,서울특별시 금천구 시흥동 888-6,Y,,3170000-104-2023-00050,,3170000,"서울특별시 금천구 시흥대로52길 38, 지하1층 (시흥동)",08628,01,영업/정상,일반조리판매,,,,
,,르꼬르돈블루,일반조리판매,2013-09-06,200250.447804795,444683.220506107,2026-05-01 22:44:37,I,02,폐업,11.55,,,,0,,,,,2006-05-23 00:00:00,2004-09-16,11.55,137-713,서울특별시 서초구 반포동 19-3 신세계백화점 지하1층 식품매장,N,0,3210000-104-2004-00099,,3210000,,,03,폐업,일반조리판매,031-907-9240,,,상수도전용
,,리즈(Liz),커피숍,2016-06-30,203000.923049831,440151.798837107,2026-05-01 22:44:37,I,02,폐업,13.2,,,,0,,,,,2016-07-11 18:22:57,2004-07-30,13.20,137-893,서울특별시 서초구 양재동 219-1 (지상1층),N,0,3210000-104-2004-00078,,3210000,"서울특별시 서초구 매헌로3길 2 (양재동,(지상1층))",06772,03,폐업,커피숍,02-575-6885,,,상수도전용
,,임실치즈롤,백화점,2016-04-26,200250.447804795,444683.220506107,2026-05-01 22:45:31,I,02,폐업,5,,,,,,,,,2015-04-30 10:32:44,2015-04-30,5.00,137-713,서울특별시 서초구 반포동 19-3 B1,N,,3210000-104-2015-00092,,3210000,"서울특별시 서초구 신반포로 176, B1층 (반포동)",06546,03,폐업,백화점,,,,
,,씽크 어바웃 커피,커피숍,2017-05-30,203392.793460583,440676.379919661,2026-05-01 22:45:49,I,02,폐업,6.6,,,,,,,,,2017-05-30 10:04:20,2017-05-25,6.60,137-787,서울특별시 서초구 양재동 232 AT센터 제2전시장,N,,3210000-104-2017-00236,,3210000,"서울특별시 서초구 강남대로 27, 3층 (양재동, AT센터 제2전시장 )",06774,03,폐업,커피숍,,,,
,,세븐일레븐(교대점),편의점,2013-10-10,201808.286683795,443101.599671009,2026-05-01 22:44:28,I,02,폐업,6.6,,,,0,,,,,2010-06-24 10:11:09,2003-01-17,6.60,137-879,서울특별시 서초구 서초동 1631-1 1층,N,0,3210000-104-2003-00017,,3210000,,,03,폐업,편의점,02-521-7617,,,상수도전용
,,빌,커피숍,2005-03-28,201347.665918617,442312.725051308,2026-05-01 22:44:35,I,02,폐업,13.2,,,,0,,,,,2004-02-12 00:00:00,2004-02-12,13.20,137-867,서울특별시 서초구 서초동 1446-11 스포츠크럽 지하1층,N,0,3210000-104-2004-00008,,3210000,,,03,폐업,커피숍,02-2611-5367,,,상수도전용
,,에그몬 강남뉴코아점,일반조리판매,2021-03-23,200576.608647619,445241.8984183,2026-05-01 22:46:04,I,02,폐업,3.3,,,,,,,,,2021-03-23 12:27:01,2020-08-06,3.30,137-908,서울특별시 서초구 잠원동 70-2 뉴코아백화점 지하1층,N,,3210000-104-2020-00218,,3210000,"서울특별시 서초구 잠원로 51, 뉴코아백화점 지하1층 (잠원동)",06511,03,폐업,일반조리판매,,,,
,,세븐일레븐 문성로점,편의점,2016-01-04,191880.638256107,441656.167146869,2026-05-01 22:35:45,I,02,폐업,6.6,,,,,,,,,2012-08-23 15:22:23,2012-08-23,6.60,153-820,서울특별시 금천구 독산동 894-15,N,,3170000-104-2012-00067,,3170000,서울특별시 금천구 문성로 49 (독산동),08549,03,폐업,편의점,,,,
,,말리부,커피숍,2013-03-20,201279.501895302,442904.854377968,2026-05-01 22:45:06,I,02,폐업,30,,,,,,,,,2012-12-11 11:10:54,2009-09-30,30.00,137-878,서울특별시 서초구 서초동 1624-3,N,,3210000-104-2009-00230,,3210000,서울특별시 서초구 사임당로8길 4 (서초동),06640,03,폐업,커피숍,,,,
